phys_ts,ap_pub_wall_ts,n_channels,resample_ms,z_eval_ms,bg_update_ms,dds_transport_ms,fsm_eval_ms,node_latency_ms,from_state,ap_state,rpn_result,counter,trigger_channels
1641772800.0,1786269728.210579,1,1.9826,0.0766,0.0433,2.132,0.0558,0.458,NOMINAL,NOMINAL,STALE,0,
1641773700.0,1786269728.3337684,1,1.8392,0.0798,,1.672,0.0493,0.363,NOMINAL,NOMINAL,STALE,0,
1641774600.0,1786269728.4584358,1,1.9072,0.0835,,1.439,0.0334,0.244,NOMINAL,NOMINAL,STALE,0,
1641775500.0,1786269728.5847096,1,2.3437,0.1092,,1.712,0.0543,0.406,NOMINAL,NOMINAL,STALE,0,
1641776400.0,1786269728.7093937,1,1.8408,0.1211,,2.212,0.0605,0.479,NOMINAL,NOMINAL,STALE,0,
1641777300.0,1786269728.8345425,1,2.429,0.1691,,1.717,0.0624,0.519,NOMINAL,NOMINAL,STALE,0,
1641778200.0,1786269728.9584954,1,1.8815,0.1032,,1.468,0.0453,0.345,NOMINAL,NOMINAL,STALE,0,
1641779100.0,1786269729.0842593,1,1.9609,0.081,,1.796,0.0491,0.387,NOMINAL,NOMINAL,STALE,0,
1641780000.0,1786269729.2102494,1,2.3967,0.1189,,1.748,0.0625,0.45,NOMINAL,NOMINAL,STALE,0,
1641780900.0,1786269729.3329096,1,1.8044,0.106,,1.049,0.0436,0.331,NOMINAL,NOMINAL,STALE,0,
1641781800.0,1786269729.460213,1,2.4553,0.1191,,1.978,0.0624,0.497,NOMINAL,NOMINAL,STALE,0,
1641782700.0,1786269729.5839484,1,2.7808,0.0789,,1.061,0.0398,0.296,NOMINAL,NOMINAL,STALE,0,
1641783600.0,1786269729.7092621,1,1.9171,0.0838,,1.385,0.0511,0.359,NOMINAL,NOMINAL,STALE,0,
1641784500.0,1786269729.833428,1,1.7716,0.0717,,1.354,0.0636,0.377,NOMINAL,NOMINAL,STALE,0,
1641785400.0,1786269729.9605155,1,2.4526,0.1143,,1.883,0.0548,0.412,NOMINAL,NOMINAL,STALE,0,
1641786300.0,1786269730.084136,1,1.8603,0.076,,1.763,0.048,0.375,NOMINAL,NOMINAL,STALE,0,
1641787200.0,1786269730.208227,1,1.3731,0.1003,,1.157,0.0438,0.375,NOMINAL,NOMINAL,STALE,0,
1641788100.0,1786269730.3344362,1,2.6221,0.1039,,1.237,0.0508,0.357,NOMINAL,NOMINAL,STALE,0,
1641789000.0,1786269730.46026,1,2.4119,0.1184,,1.66,0.0625,0.515,NOMINAL,NOMINAL,STALE,0,
1641789900.0,1786269730.5833127,1,1.8394,0.0756,,1.17,0.031,0.239,NOMINAL,NOMINAL,STALE,0,
1641790800.0,1786269730.7092934,1,2.0118,0.0796,,1.492,0.048,0.359,NOMINAL,NOMINAL,STALE,0,
1641791700.0,1786269730.8348894,1,2.4406,0.1203,,1.588,0.0586,0.501,NOMINAL,NOMINAL,STALE,0,
1641792600.0,1786269730.9582858,1,1.8434,0.1012,,1.114,0.0456,0.327,NOMINAL,NOMINAL,STALE,0,
1641793500.0,1786269731.0836823,1,2.1748,0.087,,1.399,0.048,0.345,NOMINAL,NOMINAL,STALE,0,
1641794400.0,1786269731.2101667,1,2.4626,0.1199,,1.741,0.0633,0.467,NOMINAL,NOMINAL,STALE,0,
1641795300.0,1786269731.334322,1,2.3734,0.0913,,1.305,0.0467,0.358,NOMINAL,NOMINAL,STALE,0,
1641796200.0,1786269731.4588792,1,1.9144,0.12,,1.68,0.062,0.46,NOMINAL,NOMINAL,STALE,0,
1641797100.0,1786269731.5829365,1,1.5019,0.1018,,1.162,0.0454,0.349,NOMINAL,NOMINAL,STALE,0,
1641798000.0,1786269731.7092044,1,2.1336,0.0832,,1.426,0.0468,0.365,NOMINAL,NOMINAL,STALE,0,
1641798900.0,1786269731.8341272,1,2.038,0.1213,,1.794,0.0645,0.465,NOMINAL,NOMINAL,STALE,0,
1641799800.0,1786269731.9599044,1,2.4758,0.1268,,1.661,0.0934,0.444,NOMINAL,NOMINAL,STALE,0,
1641800700.0,1786269732.083996,1,2.1402,0.0976,,1.748,0.0526,0.422,NOMINAL,NOMINAL,STALE,0,
1641801600.0,1786269732.2088776,1,1.8731,0.0808,,1.724,0.0322,0.247,NOMINAL,NOMINAL,STALE,0,
1641802500.0,1786269732.3327918,1,1.4339,0.1026,,1.156,0.0435,0.345,NOMINAL,NOMINAL,STALE,0,
1641803400.0,1786269732.4591494,1,1.8475,0.121,,2.047,0.0642,0.456,NOMINAL,NOMINAL,STALE,0,
1641804300.0,1786269732.585183,1,2.4127,0.1133,,2.059,0.0683,0.456,NOMINAL,NOMINAL,STALE,0,
1641805200.0,1786269732.7092745,1,2.1179,0.0815,,1.638,0.0504,0.35,NOMINAL,NOMINAL,STALE,0,
1641806100.0,1786269732.8336325,1,1.8026,0.1103,,1.694,0.0606,0.449,NOMINAL,NOMINAL,STALE,0,
1641807000.0,1786269732.9578402,1,1.7867,0.1105,,1.147,0.0447,0.337,NOMINAL,NOMINAL,STALE,0,
1641807900.0,1786269733.0839257,1,2.005,0.0813,,1.376,0.0457,0.355,NOMINAL,NOMINAL,STALE,0,
1641808800.0,1786269733.2085433,1,1.8254,0.0788,,1.417,0.0487,0.363,NOMINAL,NOMINAL,STALE,0,
1641809700.0,1786269733.333081,1,1.5024,0.0752,,1.193,0.0452,0.347,NOMINAL,NOMINAL,STALE,0,
1641810600.0,1786269733.4587965,1,1.8533,0.103,,1.714,0.0628,0.462,NOMINAL,NOMINAL,STALE,0,
1641811500.0,1786269733.5853415,1,2.4348,0.1211,,1.696,0.063,0.516,NOMINAL,NOMINAL,STALE,0,
1641812400.0,1786269733.7091758,1,2.3734,0.0861,,1.37,0.0494,0.36,NOMINAL,NOMINAL,STALE,0,
1641813300.0,1786269733.835189,1,2.4749,0.1197,,1.63,0.0618,0.454,NOMINAL,NOMINAL,STALE,0,
1641814200.0,1786269733.9578872,1,1.6155,0.1123,,1.194,0.046,0.341,NOMINAL,NOMINAL,STALE,0,
1641815100.0,1786269734.0837927,1,1.9563,0.1288,,1.594,0.0503,0.38,NOMINAL,NOMINAL,STALE,0,
1641816000.0,1786269734.2088926,1,1.9265,0.0812,,1.492,0.0492,0.358,NOMINAL,NOMINAL,STALE,0,
1641816900.0,1786269734.3326933,1,1.6428,0.0613,,1.003,0.0454,0.385,NOMINAL,NOMINAL,STALE,0,
1641817800.0,1786269734.4590955,1,2.1259,0.1251,,1.68,0.0629,0.466,NOMINAL,NOMINAL,STALE,0,
1641818700.0,1786269734.5846972,1,2.5218,0.1068,,1.925,0.0534,0.404,NOMINAL,NOMINAL,STALE,0,
1641819600.0,1786269734.7098925,1,2.4652,0.0973,,1.56,0.0496,0.359,NOMINAL,NOMINAL,STALE,0,
1641820500.0,1786269734.8352883,1,2.4751,0.1221,,1.729,0.0603,0.452,NOMINAL,NOMINAL,STALE,0,
1641821400.0,1786269734.9605415,1,2.4906,0.1175,,1.703,0.0528,0.756,NOMINAL,NOMINAL,STALE,0,
1641822300.0,1786269735.0833046,1,1.9037,0.1018,,1.138,0.042,0.371,NOMINAL,NOMINAL,STALE,0,
1641823200.0,1786269735.2087562,1,1.8484,0.0755,,1.702,0.0534,0.36,NOMINAL,NOMINAL,STALE,0,
1641824100.0,1786269735.3345428,1,2.4777,0.1208,,1.319,0.0518,0.372,NOMINAL,NOMINAL,STALE,0,
1641825000.0,1786269735.4582183,1,1.8489,0.1032,,1.206,0.0633,0.439,NOMINAL,NOMINAL,STALE,0,
1641825900.0,1786269735.5828607,1,1.5276,0.0601,,1.133,0.0459,0.341,NOMINAL,NOMINAL,STALE,0,
1641826800.0,1786269735.7096996,1,2.4455,0.0946,,1.397,0.0482,0.364,NOMINAL,NOMINAL,STALE,0,
1641827700.0,1786269735.8334372,1,1.7993,0.0768,,1.376,0.0465,0.346,NOMINAL,NOMINAL,STALE,0,
1641828600.0,1786269735.9577644,1,1.4386,0.1435,,1.184,0.0444,0.339,NOMINAL,NOMINAL,STALE,0,
1641829500.0,1786269736.0829532,1,1.8747,0.1015,,1.189,0.0447,0.337,NOMINAL,NOMINAL,STALE,0,
1641830400.0,1786269736.208488,1,1.7879,0.0782,,1.17,0.0402,0.299,NOMINAL,NOMINAL,STALE,0,
1641831300.0,1786269736.3351212,1,2.4825,0.1198,,1.889,0.0541,0.384,NOMINAL,NOMINAL,STALE,0,
1641832200.0,1786269736.4582431,1,1.9113,0.1025,,1.158,0.06,0.44,NOMINAL,NOMINAL,STALE,0,
1641833100.0,1786269736.5851357,1,2.4549,0.1155,,1.995,0.0644,0.504,NOMINAL,NOMINAL,STALE,0,
1641834000.0,1786269736.7099009,1,2.4553,0.1013,,1.584,0.0504,0.367,NOMINAL,NOMINAL,STALE,0,
1641834900.0,1786269736.833869,1,1.8383,0.0794,,1.42,0.0476,0.356,NOMINAL,NOMINAL,STALE,0,
1641835800.0,1786269736.957981,1,1.9204,0.08,,0.996,0.0313,0.235,NOMINAL,NOMINAL,STALE,0,
1641836700.0,1786269737.0830147,1,1.6075,0.1037,,1.23,0.0452,0.347,NOMINAL,NOMINAL,STALE,0,
1641837600.0,1786269737.2094028,1,2.3431,0.1233,,1.719,0.063,0.467,NOMINAL,NOMINAL,STALE,0,
1641838500.0,1786269737.3351831,1,2.5212,0.1251,,1.885,0.0526,0.407,NOMINAL,NOMINAL,STALE,0,
1641839400.0,1786269737.45833,1,1.8828,0.1058,,1.136,0.0439,0.333,NOMINAL,NOMINAL,STALE,0,
1641840300.0,1786269737.583369,1,1.8217,0.0613,,1.132,0.0415,0.328,NOMINAL,NOMINAL,STALE,0,
1641841200.0,1786269737.7080956,1,1.5307,0.1013,,1.118,0.0446,0.382,NOMINAL,NOMINAL,STALE,0,
1641842100.0,1786269737.833862,1,2.1833,0.0808,,1.362,0.0487,0.357,NOMINAL,NOMINAL,STALE,0,
1641843000.0,1786269737.9583075,1,1.8817,0.0764,,1.078,0.0318,0.233,NOMINAL,NOMINAL,STALE,0,
1641843900.0,1786269738.084275,1,2.3429,0.0898,,1.347,0.0496,0.386,NOMINAL,NOMINAL,STALE,0,
1641844800.0,1786269738.2087011,1,1.9008,0.0809,,1.403,0.0319,0.235,NOMINAL,NOMINAL,STALE,0,
1641845700.0,1786269738.3328357,1,1.6936,0.1019,,1.18,0.0459,0.349,NOMINAL,NOMINAL,STALE,0,
1641846600.0,1786269738.458818,1,2.0778,0.0863,,1.314,0.046,0.343,NOMINAL,NOMINAL,STALE,0,
1641847500.0,1786269738.5828888,1,1.8526,0.0801,,0.975,0.0315,0.235,NOMINAL,NOMINAL,STALE,0,
1641848400.0,1786269738.70793,1,1.8107,0.1027,,1.034,0.0437,0.321,NOMINAL,NOMINAL,STALE,0,
1641849300.0,1786269738.833054,1,1.7882,0.1033,,1.204,0.0455,0.332,NOMINAL,NOMINAL,STALE,0,
1641850200.0,1786269738.9583924,1,1.887,0.077,,1.429,0.0311,0.241,NOMINAL,NOMINAL,STALE,0,
1641851100.0,1786269739.0827703,1,1.4701,0.1024,,1.116,0.044,0.336,NOMINAL,NOMINAL,STALE,0,
1641852000.0,1786269739.2094362,1,2.0158,0.1201,,2.093,0.0612,0.471,NOMINAL,NOMINAL,STALE,0,
1641852900.0,1786269739.3329031,1,1.5318,0.1043,,1.176,0.0445,0.338,NOMINAL,NOMINAL,STALE,0,
1641853800.0,1786269739.4588268,1,1.8802,0.1024,,1.747,0.0632,0.461,NOMINAL,NOMINAL,STALE,0,
1641854700.0,1786269739.5850856,1,2.3069,0.1054,,1.967,0.0605,0.438,NOMINAL,NOMINAL,STALE,0,
1641855600.0,1786269739.7081993,1,1.4186,0.1022,,1.197,0.0433,0.383,NOMINAL,NOMINAL,STALE,0,
1641856500.0,1786269739.8328671,1,1.7468,0.1015,,1.191,0.0433,0.331,NOMINAL,NOMINAL,STALE,0,
1641857400.0,1786269739.9599886,1,2.4813,0.1219,,1.696,0.0636,0.465,NOMINAL,NOMINAL,STALE,0,
1641858300.0,1786269740.0846674,1,2.3919,0.0946,,1.534,0.0507,0.354,NOMINAL,NOMINAL,STALE,0,
1641859200.0,1786269740.2101667,1,1.7623,0.2113,0.7663,0.869,0.0346,0.246,NOMINAL,NOMINAL,NORMAL,0,
1641860100.0,1786269740.333149,1,1.5053,0.2495,,1.207,0.049,0.392,NOMINAL,NOMINAL,NORMAL,0,
1641861000.0,1786269740.4589646,1,1.874,0.2526,,1.658,0.0666,0.48,NOMINAL,NOMINAL,NORMAL,0,
1641861900.0,1786269740.583283,1,1.8898,0.1978,,1.055,0.0349,0.242,NOMINAL,NOMINAL,NORMAL,0,
1641862800.0,1786269740.7084618,1,1.4521,0.2526,,1.23,0.0473,0.387,NOMINAL,NOMINAL,TRIGGERED,1,omni_p6
1641863700.0,1786269740.835029,1,1.8168,0.2504,,1.253,0.0668,2.063,NOMINAL,PRE_ALERT,TRIGGERED,2,omni_p6
1641864600.0,1786269740.9632614,1,2.4726,0.3018,,1.749,0.0931,3.579,PRE_ALERT,NOMINAL,NORMAL,0,
1641865500.0,1786269741.0837393,1,1.9026,0.2483,,1.223,0.0503,0.39,NOMINAL,NOMINAL,NORMAL,0,
1641866400.0,1786269741.2091265,1,1.7692,0.2869,,1.848,0.0675,0.465,NOMINAL,NOMINAL,NORMAL,0,
1641867300.0,1786269741.3334825,1,1.8111,0.1923,,1.32,0.0533,0.332,NOMINAL,NOMINAL,NORMAL,0,
1641868200.0,1786269741.4576056,1,1.447,0.1593,,0.912,0.0324,0.236,NOMINAL,NOMINAL,TRIGGERED,1,omni_p6
1641869100.0,1786269741.5858748,1,1.8575,0.2852,,1.662,0.0995,2.43,NOMINAL,PRE_ALERT,TRIGGERED,2,omni_p6
1641870000.0,1786269741.711658,1,2.3909,0.2871,,2.207,0.0893,1.543,PRE_ALERT,NOMINAL,NORMAL,0,
1641870900.0,1786269741.8336377,1,1.8828,0.1905,,1.179,0.0453,0.303,NOMINAL,NOMINAL,NORMAL,0,
1641871800.0,1786269741.9598927,1,2.3784,0.2871,,1.673,0.0671,0.464,NOMINAL,NOMINAL,NORMAL,0,
1641872700.0,1786269742.084902,1,2.463,0.2634,,1.521,0.0548,0.365,NOMINAL,NOMINAL,NORMAL,0,
1641873600.0,1786269742.2086387,1,1.7585,0.1959,,1.445,0.051,0.35,NOMINAL,NOMINAL,NORMAL,0,
1641874500.0,1786269742.333306,1,1.8177,0.1944,,1.2,0.0521,0.347,NOMINAL,NOMINAL,NORMAL,0,
1641875400.0,1786269742.459518,1,2.316,0.2223,,1.422,0.0494,0.351,NOMINAL,NOMINAL,TRIGGERED,1,omni_p6
1641876300.0,1786269742.5849957,1,2.378,0.2866,,1.717,0.0674,0.451,NOMINAL,NOMINAL,NORMAL,0,
1641877200.0,1786269742.7106986,1,2.3366,0.2888,,1.657,0.0793,1.201,NOMINAL,NOMINAL,NORMAL,0,
1641878100.0,1786269742.8337872,1,1.9297,0.1972,,1.311,0.0504,0.333,NOMINAL,NOMINAL,NORMAL,0,
1641879000.0,1786269742.9581475,1,1.8306,0.1918,,0.909,0.0332,0.495,NOMINAL,NOMINAL,NORMAL,0,
1641879900.0,1786269743.0834286,1,1.8152,0.2447,,1.411,0.0491,0.351,NOMINAL,NOMINAL,NORMAL,0,
1641880800.0,1786269743.2088802,1,1.7547,0.1949,,1.678,0.0531,0.347,NOMINAL,NOMINAL,NORMAL,0,
1641881700.0,1786269743.3333268,1,1.7732,0.1957,,1.273,0.0487,0.331,NOMINAL,NOMINAL,NORMAL,0,
1641882600.0,1786269743.4583304,1,1.8305,0.2434,,1.222,0.0467,0.388,NOMINAL,NOMINAL,NORMAL,0,
1641883500.0,1786269743.5836756,1,1.8495,0.2063,,1.3,0.0531,0.354,NOMINAL,NOMINAL,NORMAL,0,
1641884400.0,1786269743.710962,1,2.4538,0.3099,,1.709,0.6882,1.147,NOMINAL,NOMINAL,NORMAL,0,
1641885300.0,1786269743.8336992,1,2.0587,0.2408,,1.13,0.0434,0.287,NOMINAL,NOMINAL,NORMAL,0,
1641886200.0,1786269743.9582064,1,1.8958,0.209,,1.027,0.0342,0.242,NOMINAL,NOMINAL,NORMAL,0,
1641887100.0,1786269744.0832114,1,1.8677,0.2515,,1.167,0.0478,0.342,NOMINAL,NOMINAL,NORMAL,0,
1641888000.0,1786269744.2086515,1,1.801,0.2505,,1.326,0.075,0.595,NOMINAL,NOMINAL,TRIGGERED,1,omni_p6
1641888900.0,1786269744.3328433,1,1.6902,0.1552,,0.974,0.0454,0.338,NOMINAL,NOMINAL,NORMAL,0,
1641889800.0,1786269744.459764,1,2.4545,0.2264,,1.51,0.0553,0.397,NOMINAL,NOMINAL,NORMAL,0,
1641890700.0,1786269744.585126,1,2.8927,0.2219,,1.667,0.0553,0.386,NOMINAL,NOMINAL,TRIGGERED,1,omni_p6
1641891600.0,1786269744.7100346,1,1.7079,0.2503,,1.155,0.1147,2.041,NOMINAL,PRE_ALERT,TRIGGERED,2,omni_p6
1641892500.0,1786269744.83425,1,1.6063,0.1544,,0.958,0.0525,1.676,PRE_ALERT,NOMINAL,NORMAL,0,
1641893400.0,1786269744.9595194,1,2.467,0.2979,,1.637,0.0669,0.459,NOMINAL,NOMINAL,NORMAL,0,
1641894300.0,1786269745.0834486,1,1.8212,0.2477,,1.415,0.0476,0.332,NOMINAL,NOMINAL,NORMAL,0,
1641895200.0,1786269745.2086554,1,1.7544,0.2442,,1.533,0.0681,0.451,NOMINAL,NOMINAL,NORMAL,0,
1641896100.0,1786269745.3328848,1,1.759,0.1476,,0.916,0.0464,0.334,NOMINAL,NOMINAL,NORMAL,0,
1641897000.0,1786269745.4605653,1,3.0707,0.2571,,1.503,0.0491,0.536,NOMINAL,NOMINAL,TRIGGERED,1,omni_p6
1641897900.0,1786269745.5833225,1,1.825,0.24,,1.196,0.048,0.341,NOMINAL,NOMINAL,NORMAL,0,
1641898800.0,1786269745.71094,1,2.4168,0.6649,,1.932,0.069,0.494,NOMINAL,NOMINAL,NORMAL,0,
1641899700.0,1786269745.8346229,1,2.1786,0.2134,,1.732,0.0524,0.343,NOMINAL,NOMINAL,NORMAL,0,
1641900600.0,1786269745.9584165,1,1.7675,0.1949,,1.387,0.0335,0.293,NOMINAL,NOMINAL,NORMAL,0,
1641901500.0,1786269746.0831587,1,1.6968,0.2421,,1.465,0.0471,0.341,NOMINAL,NOMINAL,NORMAL,0,
1641902400.0,1786269746.2089813,1,1.8564,0.2972,,1.84,0.0544,0.358,NOMINAL,NOMINAL,TRIGGERED,1,omni_p6
1641903300.0,1786269746.3347125,1,1.748,0.1989,,1.426,0.079,1.561,NOMINAL,PRE_ALERT,TRIGGERED,2,omni_p6
1641904200.0,1786269746.4601538,1,1.8598,0.2429,,1.412,0.0699,1.964,PRE_ALERT,NOMINAL,NORMAL,0,
1641905100.0,1786269746.583589,1,1.8016,0.2391,,1.451,0.0659,0.451,NOMINAL,NOMINAL,NORMAL,0,
1641906000.0,1786269746.7099886,1,2.3548,0.2891,,1.713,0.0647,0.463,NOMINAL,NOMINAL,NORMAL,0,
1641906900.0,1786269746.8332732,1,1.788,0.2467,,1.177,0.063,0.438,NOMINAL,NOMINAL,NORMAL,0,
1641907800.0,1786269746.9586244,1,1.8976,0.2087,,1.39,0.0518,0.357,NOMINAL,NOMINAL,NORMAL,0,
1641908700.0,1786269747.0832026,1,1.6058,0.2521,,1.456,0.0458,0.349,NOMINAL,NOMINAL,TRIGGERED,1,omni_p6
1641909600.0,1786269747.2104044,1,1.7976,0.2504,,1.509,0.0719,2.194,NOMINAL,PRE_ALERT,TRIGGERED,2,omni_p6
1641910500.0,1786269747.3360765,1,2.2252,0.3601,,1.52,0.1047,2.318,PRE_ALERT,NOMINAL,NORMAL,0,
1641911400.0,1786269747.459788,1,2.505,0.2978,,1.491,0.0541,0.366,NOMINAL,NOMINAL,NORMAL,0,
1641912300.0,1786269747.5838804,1,1.9048,0.2115,,1.436,0.0534,0.356,NOMINAL,NOMINAL,NORMAL,0,
1641913200.0,1786269747.7077987,1,1.5103,0.154,,1.066,0.0465,0.348,NOMINAL,NOMINAL,NORMAL,0,
1641914100.0,1786269747.834701,1,2.2813,0.2188,,1.425,0.0556,0.388,NOMINAL,NOMINAL,NORMAL,0,
1641915000.0,1786269747.9591115,1,1.932,0.3039,,1.735,0.0655,0.468,NOMINAL,NOMINAL,TRIGGERED,1,omni_p6
1641915900.0,1786269748.0832949,1,1.5705,0.2505,,1.439,0.0491,0.353,NOMINAL,NOMINAL,NORMAL,0,
1641916800.0,1786269748.209078,1,1.9062,0.215,,1.453,0.0546,0.362,NOMINAL,NOMINAL,NORMAL,0,
1641917700.0,1786269748.332964,1,1.6438,0.2457,,1.189,0.048,0.349,NOMINAL,NOMINAL,NORMAL,0,
1641918600.0,1786269748.4590042,1,1.8542,0.2776,,1.744,0.068,0.48,NOMINAL,NOMINAL,NORMAL,0,
1641919500.0,1786269748.58381,1,1.861,0.2934,,1.583,0.055,0.364,NOMINAL,NOMINAL,NORMAL,0,
1641920400.0,1786269748.7098088,1,2.4037,0.2764,,1.476,0.0538,0.35,NOMINAL,NOMINAL,NORMAL,0,
1641921300.0,1786269748.8320358,1,1.2399,0.1453,,1.039,0.0481,0.34,NOMINAL,NOMINAL,NORMAL,0,
1641922200.0,1786269748.9589388,1,1.805,0.1977,,1.386,0.0516,0.384,NOMINAL,NOMINAL,NORMAL,0,
1641923100.0,1786269749.0831585,1,1.7961,0.2479,,1.181,0.0473,0.335,NOMINAL,NOMINAL,NORMAL,0,
1641924000.0,1786269749.208688,1,1.7589,0.1885,,1.642,0.053,0.353,NOMINAL,NOMINAL,NORMAL,0,
1641924900.0,1786269749.3330917,1,1.7424,0.2417,,1.281,0.0468,0.333,NOMINAL,NOMINAL,NORMAL,0,
1641925800.0,1786269749.457675,1,1.2693,0.1477,,1.571,0.0471,0.332,NOMINAL,NOMINAL,NORMAL,0,
1641926700.0,1786269749.5856903,1,3.3167,0.4233,,1.689,0.0536,0.393,NOMINAL,NOMINAL,NORMAL,0,
1641927600.0,1786269749.7090263,1,1.8369,0.2167,,1.523,0.0537,0.35,NOMINAL,NOMINAL,NORMAL,0,
1641928500.0,1786269749.8342638,1,2.314,0.3353,,1.594,0.053,0.362,NOMINAL,NOMINAL,NORMAL,0,
1641929400.0,1786269749.9580426,1,1.4985,0.1492,,1.303,0.0485,0.337,NOMINAL,NOMINAL,NORMAL,0,
1641930300.0,1786269750.0832717,1,1.83,0.2502,,1.192,0.0485,0.337,NOMINAL,NOMINAL,NORMAL,0,
1641931200.0,1786269750.2085326,1,1.7518,0.1935,,1.387,0.0535,0.357,NOMINAL,NOMINAL,NORMAL,0,
1641932100.0,1786269750.3333783,1,1.7509,0.1919,,1.252,0.0572,0.401,NOMINAL,NOMINAL,NORMAL,0,
1641933000.0,1786269750.4587808,1,1.8326,0.2403,,1.627,0.0664,0.449,NOMINAL,NOMINAL,NORMAL,0,
1641933900.0,1786269750.5830226,1,1.3427,0.1541,,1.384,0.0496,0.352,NOMINAL,NOMINAL,NORMAL,0,
1641934800.0,1786269750.7082222,1,1.9349,0.2474,,1.121,0.0497,0.409,NOMINAL,NOMINAL,NORMAL,0,
1641935700.0,1786269750.8339133,1,1.7813,0.2892,,1.773,0.0629,0.457,NOMINAL,NOMINAL,TRIGGERED,1,omni_p6
1641936600.0,1786269750.9586346,1,1.801,0.2058,,1.382,0.0519,0.346,NOMINAL,NOMINAL,NORMAL,0,
1641937500.0,1786269751.083298,1,1.8282,0.2511,,1.144,0.0463,0.336,NOMINAL,NOMINAL,NORMAL,0,
1641938400.0,1786269751.2090724,1,1.754,0.2437,,2.011,0.0552,0.364,NOMINAL,NOMINAL,NORMAL,0,
1641939300.0,1786269751.3333511,1,1.5498,0.2444,,1.356,0.0491,0.343,NOMINAL,NOMINAL,NORMAL,0,
1641940200.0,1786269751.4598053,1,2.5391,0.2065,,1.678,0.0511,0.346,NOMINAL,NOMINAL,NORMAL,0,
1641941100.0,1786269751.5834503,1,1.8079,0.2378,,1.399,0.0493,0.333,NOMINAL,NOMINAL,NORMAL,0,
1641942000.0,1786269751.7101648,1,2.3941,0.2936,,1.749,0.0657,0.476,NOMINAL,NOMINAL,TRIGGERED,1,omni_p6
1641942900.0,1786269751.8341267,1,1.8608,0.2378,,1.406,0.0519,0.345,NOMINAL,NOMINAL,NORMAL,0,
1641943800.0,1786269751.958097,1,1.8316,0.1992,,0.91,0.0338,0.282,NOMINAL,NOMINAL,NORMAL,0,
1641944700.0,1786269752.0836108,1,1.8332,0.2505,,1.458,0.0471,0.34,NOMINAL,NOMINAL,NORMAL,0,
1641945600.0,1786269752.2099636,1,1.7521,0.2675,0.9041,1.769,0.0691,0.479,NOMINAL,NOMINAL,NORMAL,0,
1641946500.0,1786269752.3341575,1,1.9669,0.3725,,1.634,0.0656,0.463,NOMINAL,NOMINAL,NORMAL,0,
1641947400.0,1786269752.4594586,1,2.3267,0.2207,,1.386,0.067,0.381,NOMINAL,NOMINAL,TRIGGERED,1,omni_p6
1641948300.0,1786269752.5846968,1,1.8511,0.2036,,1.298,0.0815,1.5,NOMINAL,PRE_ALERT,TRIGGERED,2,omni_p6
1641949200.0,1786269752.7099564,1,1.8161,0.2065,,1.516,0.0836,1.443,PRE_ALERT,NOMINAL,NORMAL,0,
1641950100.0,1786269752.8338695,1,1.7557,0.2576,,1.773,0.0656,0.451,NOMINAL,NOMINAL,NORMAL,0,
1641951000.0,1786269752.95896,1,2.1744,0.2145,,1.414,0.0537,0.352,NOMINAL,NOMINAL,NORMAL,0,
1641951900.0,1786269753.0830956,1,1.879,0.1562,,0.965,0.0341,0.238,NOMINAL,NOMINAL,NORMAL,0,
1641952800.0,1786269753.2072513,1,1.3113,0.1554,,1.074,0.0484,0.347,NOMINAL,NOMINAL,NORMAL,0,
1641953700.0,1786269753.3331897,1,1.504,0.2345,,1.209,0.0456,0.345,NOMINAL,NOMINAL,TRIGGERED,1,omni_p6
1641954600.0,1786269753.460104,1,2.0058,0.2156,,0.928,0.053,2.054,NOMINAL,PRE_ALERT,TRIGGERED,2,omni_p6
1641955500.0,1786269753.5849707,1,1.9043,0.2058,,1.667,0.0801,1.372,PRE_ALERT,NOMINAL,NORMAL,0,
1641956400.0,1786269753.7078903,1,1.6734,0.2435,,1.112,0.0464,0.339,NOMINAL,NOMINAL,NORMAL,0,
1641957300.0,1786269753.834131,1,1.9778,0.2104,,1.379,0.0524,0.348,NOMINAL,NOMINAL,NORMAL,0,
1641958200.0,1786269753.9585137,1,1.804,0.2407,,1.321,0.0694,0.536,NOMINAL,NOMINAL,NORMAL,0,
1641959100.0,1786269754.0835547,1,1.8183,0.2162,,1.372,0.0514,0.351,NOMINAL,NOMINAL,NORMAL,0,
1641960000.0,1786269754.2080932,1,1.7391,0.2442,,1.124,0.0453,0.331,NOMINAL,NOMINAL,TRIGGERED,1,omni_p6
1641960900.0,1786269754.3329515,1,1.7565,0.2409,,1.076,0.0473,0.327,NOMINAL,NOMINAL,NORMAL,0,
1641961800.0,1786269754.4592156,1,2.3595,0.2272,,1.287,0.0516,0.337,NOMINAL,NOMINAL,NORMAL,0,
1641962700.0,1786269754.5843651,1,2.2151,0.239,,1.583,0.0771,0.405,NOMINAL,NOMINAL,NORMAL,0,
1641963600.0,1786269754.7076802,1,1.2285,0.1495,,1.083,0.05,0.348,NOMINAL,NOMINAL,NORMAL,0,
1641964500.0,1786269754.8339393,1,1.7952,0.2478,,1.758,0.0689,0.457,NOMINAL,NOMINAL,NORMAL,0,
1641965400.0,1786269754.9587543,1,1.7823,0.2398,,1.585,0.0661,0.53,NOMINAL,NOMINAL,NORMAL,0,
1641966300.0,1786269755.0853417,1,2.7784,0.3122,,1.568,0.0557,0.376,NOMINAL,NOMINAL,NORMAL,0,
1641967200.0,1786269755.2070956,1,1.2125,0.1535,,1.06,0.0484,0.343,NOMINAL,NOMINAL,NORMAL,0,
1641968100.0,1786269755.3332858,1,1.7567,0.2392,,1.345,0.049,0.342,NOMINAL,NOMINAL,NORMAL,0,
1641969000.0,1786269755.458043,1,1.5316,0.2544,,1.19,0.0502,0.344,NOMINAL,NOMINAL,NORMAL,0,
1641969900.0,1786269755.5839462,1,2.2536,0.2384,,1.484,0.0529,0.35,NOMINAL,NOMINAL,NORMAL,0,
1641970800.0,1786269755.7089646,1,1.8781,0.2096,,1.48,0.0783,0.338,NOMINAL,NOMINAL,NORMAL,0,
1641971700.0,1786269755.8333426,1,1.357,0.2438,,1.445,0.0471,0.339,NOMINAL,NOMINAL,NORMAL,0,
1641972600.0,1786269755.9592936,1,2.1763,0.214,,1.391,0.0536,0.352,NOMINAL,NOMINAL,NORMAL,0,
1641973500.0,1786269756.0855548,1,2.4822,0.3102,,2.149,0.063,0.412,NOMINAL,NOMINAL,NORMAL,0,
1641974400.0,1786269756.2089698,1,1.7968,0.1938,,1.326,0.0538,0.356,NOMINAL,NOMINAL,NORMAL,0,
1641975300.0,1786269756.333513,1,1.7808,0.1992,,1.343,0.0508,0.351,NOMINAL,NOMINAL,NORMAL,0,
1641976200.0,1786269756.458141,1,1.7883,0.2467,,1.14,0.045,0.333,NOMINAL,NOMINAL,TRIGGERED,1,omni_p6
1641977100.0,1786269756.5846105,1,2.7077,0.2364,,1.401,0.0548,0.361,NOMINAL,NOMINAL,NORMAL,0,
1641978000.0,1786269756.7079594,1,1.3851,0.4427,,1.043,0.0468,0.33,NOMINAL,NOMINAL,NORMAL,0,
1641978900.0,1786269756.833271,1,1.7795,0.2456,,1.214,0.0482,0.337,NOMINAL,NOMINAL,NORMAL,0,
1641979800.0,1786269756.9583516,1,1.811,0.1973,,1.272,0.033,0.235,NOMINAL,NOMINAL,NORMAL,0,
1641980700.0,1786269757.0837467,1,1.813,0.2403,,1.584,0.0789,0.494,NOMINAL,NOMINAL,NORMAL,0,
1641981600.0,1786269757.207318,1,1.2245,0.151,,1.268,0.0458,0.344,NOMINAL,NOMINAL,TRIGGERED,1,omni_p6
1641982500.0,1786269757.3346176,1,1.7553,0.2431,,1.055,0.0698,1.964,NOMINAL,PRE_ALERT,TRIGGERED,2,omni_p6
1641983400.0,1786269757.4603443,1,1.9582,0.2527,,1.166,0.0748,1.942,PRE_ALERT,NOMINAL,NORMAL,0,
1641984300.0,1786269757.5826797,1,1.5557,0.2439,,1.131,0.0482,0.343,NOMINAL,NOMINAL,NORMAL,0,
1641985200.0,1786269757.7089589,1,1.7965,0.1978,,1.409,0.0547,0.38,NOMINAL,NOMINAL,NORMAL,0,
1641986100.0,1786269757.8333805,1,1.6084,0.2471,,1.229,0.0479,0.34,NOMINAL,NOMINAL,NORMAL,0,
1641987000.0,1786269757.959344,1,2.314,0.1976,,1.356,0.0508,0.344,NOMINAL,NOMINAL,NORMAL,0,
1641987900.0,1786269758.083346,1,1.9162,0.2474,,1.43,0.0466,0.344,NOMINAL,NOMINAL,TRIGGERED,1,omni_p6
1641988800.0,1786269758.2101488,1,1.4071,0.2514,,1.239,0.0731,1.954,NOMINAL,PRE_ALERT,TRIGGERED,2,omni_p6
1641989700.0,1786269758.3358374,1,1.7559,0.2474,,1.974,0.0988,2.233,PRE_ALERT,NOMINAL,NORMAL,0,
1641990600.0,1786269758.4590921,1,1.9026,0.2094,,1.715,0.0529,0.351,NOMINAL,NOMINAL,NORMAL,0,
1641991500.0,1786269758.5835621,1,1.8029,0.1968,,1.502,0.0328,0.231,NOMINAL,NOMINAL,NORMAL,0,
1641992400.0,1786269758.7088625,1,1.7538,0.247,,1.728,0.0676,0.471,NOMINAL,NOMINAL,NORMAL,0,
1641993300.0,1786269758.8333068,1,1.5563,0.2411,,1.197,0.0488,0.337,NOMINAL,NOMINAL,NORMAL,0,
1641994200.0,1786269758.9581368,1,1.9167,0.249,,1.196,0.0474,0.342,NOMINAL,NOMINAL,TRIGGERED,1,omni_p6
1641995100.0,1786269759.085157,1,1.8351,0.2516,,1.233,0.0737,2.096,NOMINAL,PRE_ALERT,TRIGGERED,2,omni_p6
1641996000.0,1786269759.2103171,1,1.7551,0.255,,1.662,0.1013,1.933,PRE_ALERT,NOMINAL,NORMAL,0,
1641996900.0,1786269759.3337553,1,1.8052,0.2946,,1.549,0.0648,0.449,NOMINAL,NOMINAL,NORMAL,0,
1641997800.0,1786269759.4599378,1,2.6091,0.2172,,1.675,0.0516,0.344,NOMINAL,NOMINAL,NORMAL,0,
1641998700.0,1786269759.5853515,1,2.4222,0.5804,,1.663,0.0524,0.394,NOMINAL,NOMINAL,NORMAL,0,
1641999600.0,1786269759.7077124,1,1.2984,0.1552,,1.23,0.0487,0.352,NOMINAL,NOMINAL,NORMAL,0,
1642000500.0,1786269759.8332927,1,1.7886,0.247,,1.212,0.0489,0.346,NOMINAL,NOMINAL,TRIGGERED,1,omni_p6
1642001400.0,1786269759.9583335,1,1.8076,0.2411,,1.189,0.0674,0.452,NOMINAL,NOMINAL,NORMAL,0,
1642002300.0,1786269760.0837562,1,1.8502,0.2155,,1.397,0.0536,0.352,NOMINAL,NOMINAL,NORMAL,0,
1642003200.0,1786269760.2088976,1,1.7531,0.2461,,1.764,0.0677,0.457,NOMINAL,NOMINAL,NORMAL,0,
1642004100.0,1786269760.3331013,1,1.7489,0.2416,,1.158,0.0479,0.334,NOMINAL,NOMINAL,NORMAL,0,
1642005000.0,1786269760.4596117,1,2.8209,0.2262,,1.501,0.05,0.344,NOMINAL,NOMINAL,NORMAL,0,
1642005900.0,1786269760.5845945,1,2.4414,0.2805,,1.718,0.0538,0.384,NOMINAL,NOMINAL,NORMAL,0,
1642006800.0,1786269760.7078125,1,1.2847,0.1499,,1.302,0.0501,0.351,NOMINAL,NOMINAL,NORMAL,0,
1642007700.0,1786269760.8333812,1,1.8266,0.2448,,1.232,0.0482,0.342,NOMINAL,NOMINAL,NORMAL,0,
1642008600.0,1786269760.9597104,1,2.5676,0.2093,,1.384,0.0507,0.354,NOMINAL,NOMINAL,NORMAL,0,
1642009500.0,1786269761.0845823,1,2.3267,0.3005,,1.83,0.0582,0.412,NOMINAL,NOMINAL,NORMAL,0,
1642010400.0,1786269761.2082186,1,1.7013,0.2478,,1.149,0.047,0.369,NOMINAL,NOMINAL,NORMAL,0,
1642011300.0,1786269761.333426,1,1.7487,0.2374,,1.373,0.0661,0.476,NOMINAL,NOMINAL,NORMAL,0,
1642012200.0,1786269761.458368,1,1.8985,0.2083,,1.116,0.0335,0.235,NOMINAL,NOMINAL,NORMAL,0,
1642013100.0,1786269761.5834816,1,1.8095,0.1988,,1.336,0.0563,0.361,NOMINAL,NOMINAL,NORMAL,0,
1642014000.0,1786269761.7073011,1,1.2213,0.1492,,1.253,0.048,0.344,NOMINAL,NOMINAL,NORMAL,0,
1642014900.0,1786269761.8337095,1,1.7932,0.2012,,1.409,0.0647,0.368,NOMINAL,NOMINAL,NORMAL,0,
1642015800.0,1786269761.9582057,1,1.7952,0.2427,,1.16,0.0488,0.346,NOMINAL,NOMINAL,NORMAL,0,
1642016700.0,1786269762.0836587,1,1.8362,0.2113,,1.503,0.0325,0.236,NOMINAL,NOMINAL,NORMAL,0,
1642017600.0,1786269762.208172,1,1.8372,0.2049,,0.88,0.0399,0.326,NOMINAL,NOMINAL,NORMAL,0,
1642018500.0,1786269762.3328805,1,1.7156,0.1473,,1.058,0.0331,0.237,NOMINAL,NOMINAL,NORMAL,0,
1642019400.0,1786269762.4586127,1,1.8985,0.2032,,1.388,0.0334,0.282,NOMINAL,NOMINAL,NORMAL,0,
1642020300.0,1786269762.5833523,1,1.8027,0.237,,1.198,0.0666,0.506,NOMINAL,NOMINAL,NORMAL,0,
1642021200.0,1786269762.7090712,1,1.9562,0.3031,,1.638,0.0629,0.453,NOMINAL,NOMINAL,TRIGGERED,1,omni_p6
1642022100.0,1786269762.8331087,1,1.8347,0.1481,,0.917,0.0471,0.326,NOMINAL,NOMINAL,NORMAL,0,
1642023000.0,1786269762.9596615,1,2.505,0.2907,,1.767,0.0526,0.35,NOMINAL,NOMINAL,NORMAL,0,
1642023900.0,1786269763.0838816,1,1.8338,0.2394,,1.649,0.0722,0.495,NOMINAL,NOMINAL,NORMAL,0,
1642024800.0,1786269763.209106,1,1.7659,0.2895,,1.823,0.0657,0.455,NOMINAL,NOMINAL,NORMAL,0,
1642025700.0,1786269763.3330681,1,1.8443,0.1537,,0.875,0.0332,0.233,NOMINAL,NOMINAL,NORMAL,0,
1642026600.0,1786269763.459084,1,1.9129,0.2305,,1.5,0.0492,0.35,NOMINAL,NOMINAL,TRIGGERED,1,omni_p6
1642027500.0,1786269763.5855534,1,1.9435,0.3815,,1.723,0.1025,1.788,NOMINAL,PRE_ALERT,TRIGGERED,2,omni_p6
1642028400.0,1786269763.7107613,1,1.8409,0.2016,,1.538,0.0875,1.647,PRE_ALERT,NOMINAL,NORMAL,0,
1642029300.0,1786269763.83332,1,1.9019,0.1531,,0.942,0.0334,0.244,NOMINAL,NOMINAL,NORMAL,0,
1642030200.0,1786269763.958529,1,1.8257,0.249,,1.2,0.049,0.348,NOMINAL,NOMINAL,NORMAL,0,
1642031100.0,1786269764.0850914,1,2.3384,0.2949,,2.239,0.067,0.482,NOMINAL,NOMINAL,NORMAL,0,
1642032000.0,1786269764.211759,1,2.3839,0.2754,1.1246,2.058,0.0671,0.448,NOMINAL,NOMINAL,NORMAL,0,
1642032900.0,1786269764.333301,1,1.8151,0.2068,,1.088,0.0324,0.243,NOMINAL,NOMINAL,TRIGGERED,1,omni_p6
1642033800.0,1786269764.4614632,1,2.3697,0.3206,,2.191,0.1037,1.811,NOMINAL,PRE_ALERT,TRIGGERED,2,omni_p6
1642034700.0,1786269764.5861208,1,2.1068,0.2411,,1.647,0.0918,1.579,PRE_ALERT,NOMINAL,NORMAL,0,
1642035600.0,1786269764.7088587,1,1.8191,0.1935,,1.472,0.0522,0.354,NOMINAL,NOMINAL,NORMAL,0,
1642036500.0,1786269764.8336768,1,1.951,0.2672,,1.174,0.0341,0.243,NOMINAL,NOMINAL,NORMAL,0,
1642037400.0,1786269764.959567,1,2.4879,0.2988,,1.66,0.0562,0.37,NOMINAL,NOMINAL,NORMAL,0,
1642038300.0,1786269765.0833707,1,1.6571,0.2518,,1.246,0.0515,0.367,NOMINAL,NOMINAL,NORMAL,0,
1642039200.0,1786269765.2086504,1,1.4992,0.49,,1.238,0.0471,0.35,NOMINAL,NOMINAL,TRIGGERED,1,omni_p6
1642040100.0,1786269765.333208,1,1.7828,0.1995,,1.059,0.0341,0.236,NOMINAL,NOMINAL,NORMAL,0,
1642041000.0,1786269765.4589355,1,1.8645,0.2112,,1.507,0.0578,0.383,NOMINAL,NOMINAL,NORMAL,0,
1642041900.0,1786269765.582929,1,1.5596,0.2029,,1.212,0.059,0.418,NOMINAL,NOMINAL,NORMAL,0,
1642042800.0,1786269765.709484,1,2.2347,0.211,,1.337,0.0521,0.357,NOMINAL,NOMINAL,NORMAL,0,
1642043700.0,1786269765.835578,1,2.5385,0.3093,,1.578,0.0559,0.356,NOMINAL,NOMINAL,NORMAL,0,
1642044600.0,1786269765.9589305,1,1.885,0.1952,,1.432,0.0522,0.355,NOMINAL,NOMINAL,NORMAL,0,
1642045500.0,1786269766.0828176,1,1.3002,0.1518,,1.255,0.0469,0.346,NOMINAL,NOMINAL,TRIGGERED,1,omni_p6
1642046400.0,1786269766.2093964,1,2.5298,0.2077,,1.457,0.0494,0.355,NOMINAL,NOMINAL,NORMAL,0,
1642047300.0,1786269766.3345656,1,2.2724,0.3285,,1.796,0.0593,0.415,NOMINAL,NOMINAL,NORMAL,0,
1642048200.0,1786269766.4590616,1,1.9524,0.2566,,1.601,0.0696,0.476,NOMINAL,NOMINAL,NORMAL,0,
1642049100.0,1786269766.5834064,1,1.5365,0.2551,,1.23,0.0483,0.343,NOMINAL,NOMINAL,NORMAL,0,
1642050000.0,1786269766.7082477,1,1.8618,0.2502,,1.19,0.0484,0.387,NOMINAL,NOMINAL,NORMAL,0,
1642050900.0,1786269766.834422,1,2.0109,0.3134,,1.904,0.063,0.43,NOMINAL,NOMINAL,NORMAL,0,
1642051800.0,1786269766.9587035,1,1.9214,0.21,,1.358,0.0517,0.357,NOMINAL,NOMINAL,NORMAL,0,
1642052700.0,1786269767.0828106,1,1.3711,0.1581,,1.082,0.0502,0.356,NOMINAL,NOMINAL,NORMAL,0,
1642053600.0,1786269767.2083888,1,1.8537,0.2529,,1.184,0.0924,0.401,NOMINAL,NOMINAL,NORMAL,0,
1642054500.0,1786269767.3343809,1,2.3613,0.3908,,1.687,0.0532,0.351,NOMINAL,NOMINAL,NORMAL,0,
1642055400.0,1786269767.458615,1,1.889,0.2069,,1.4,0.0556,0.386,NOMINAL,NOMINAL,NORMAL,0,
1642056300.0,1786269767.5832853,1,1.5244,0.2251,,1.404,0.048,0.337,NOMINAL,NOMINAL,NORMAL,0,
1642057200.0,1786269767.7089746,1,1.8274,0.2063,,1.655,0.0535,0.355,NOMINAL,NOMINAL,NORMAL,0,
1642058100.0,1786269767.8323965,1,1.2641,0.2406,,1.186,0.0507,0.399,NOMINAL,NOMINAL,NORMAL,0,
1642059000.0,1786269767.9581444,1,1.6819,0.2484,,1.2,0.05,0.353,NOMINAL,NOMINAL,NORMAL,0,
1642059900.0,1786269768.0833776,1,1.5866,0.1584,,1.364,0.0493,0.349,NOMINAL,NOMINAL,NORMAL,0,
1642060800.0,1786269768.2093303,1,1.9261,0.2114,,1.512,0.0529,0.351,NOMINAL,NOMINAL,NORMAL,0,
1642061700.0,1786269768.3354173,1,2.5266,0.3084,,2.029,0.0504,0.366,NOMINAL,NOMINAL,TRIGGERED,1,omni_p6
1642062600.0,1786269768.4586806,1,1.9213,0.2561,,1.461,0.0478,0.349,NOMINAL,NOMINAL,NORMAL,0,
1642063500.0,1786269768.583987,1,1.8761,0.2449,,1.738,0.0656,0.469,NOMINAL,NOMINAL,NORMAL,0,
1642064400.0,1786269768.7084227,1,1.8122,0.2513,,1.145,0.0982,0.49,NOMINAL,NOMINAL,NORMAL,0,
1642065300.0,1786269768.835226,1,2.4735,0.2097,,1.808,0.0539,0.376,NOMINAL,NOMINAL,NORMAL,0,
1642066200.0,1786269768.9581995,1,1.8298,0.1492,,0.997,0.0478,0.341,NOMINAL,NOMINAL,NORMAL,0,
1642067100.0,1786269769.084616,1,1.9301,0.2144,,1.586,0.0511,0.374,NOMINAL,NOMINAL,TRIGGERED,1,omni_p6
1642068000.0,1786269769.2118468,1,2.4565,0.3022,,1.907,0.102,2.293,NOMINAL,PRE_ALERT,TRIGGERED,2,omni_p6
1642068900.0,1786269769.3358524,1,2.4928,0.3109,,1.675,0.0872,1.52,PRE_ALERT,NOMINAL,NORMAL,0,
1642069800.0,1786269769.4594443,1,1.9404,0.2158,,1.47,0.0554,0.355,NOMINAL,NOMINAL,NORMAL,0,
1642070700.0,1786269769.5850403,1,2.243,0.2524,,1.807,0.0645,0.456,NOMINAL,NOMINAL,NORMAL,0,
1642071600.0,1786269769.7096298,1,2.3212,0.2069,,1.412,0.0525,0.367,NOMINAL,NOMINAL,NORMAL,0,
1642072500.0,1786269769.8336687,1,1.8404,0.2028,,1.345,0.061,0.36,NOMINAL,NOMINAL,NORMAL,0,
1642073400.0,1786269769.9582229,1,1.8205,0.1527,,0.932,0.0471,0.364,NOMINAL,NOMINAL,TRIGGERED,1,omni_p6
1642074300.0,1786269770.0844245,1,2.0665,0.2076,,1.533,0.0548,0.385,NOMINAL,NOMINAL,NORMAL,0,
1642075200.0,1786269770.209667,1,2.4005,0.2903,,1.784,0.0642,0.448,NOMINAL,NOMINAL,NORMAL,0,
1642076100.0,1786269770.3344254,1,2.4214,0.2869,,1.198,0.0488,0.359,NOMINAL,NOMINAL,NORMAL,0,
1642077000.0,1786269770.459009,1,2.1866,0.3205,,1.428,0.0546,0.371,NOMINAL,NOMINAL,NORMAL,0,
1642077900.0,1786269770.5851638,1,2.3758,0.2873,,1.743,0.0828,0.503,NOMINAL,NOMINAL,NORMAL,0,
1642078800.0,1786269770.7099102,1,2.3792,0.2386,,1.521,0.0513,0.373,NOMINAL,NOMINAL,TRIGGERED,1,omni_p6
1642079700.0,1786269770.8353295,1,2.1008,0.2485,,1.416,0.0806,1.541,NOMINAL,PRE_ALERT,TRIGGERED,2,omni_p6
1642080600.0,1786269770.9615746,1,2.3755,0.2907,,1.75,0.105,2.014,PRE_ALERT,NOMINAL,NORMAL,0,
1642081500.0,1786269771.0845125,1,2.2556,0.2039,,1.504,0.0571,0.386,NOMINAL,NOMINAL,NORMAL,0,
1642082400.0,1786269771.2088923,1,2.1785,0.2314,,1.448,0.0548,0.36,NOMINAL,NOMINAL,NORMAL,0,
1642083300.0,1786269771.334612,1,2.4104,0.2981,,1.387,0.059,0.4,NOMINAL,NOMINAL,NORMAL,0,
1642084200.0,1786269771.4584973,1,1.829,0.2467,,1.242,0.0652,0.451,NOMINAL,NOMINAL,NORMAL,0,
1642085100.0,1786269771.5849879,1,2.2305,0.2497,,1.747,0.0603,0.503,NOMINAL,NOMINAL,TRIGGERED,1,omni_p6
1642086000.0,1786269771.7112236,1,2.4785,0.3735,,1.366,0.0854,1.629,NOMINAL,PRE_ALERT,TRIGGERED,2,omni_p6
1642086900.0,1786269771.8352225,1,2.2951,0.2614,,1.535,0.084,1.481,PRE_ALERT,NOMINAL,NORMAL,0,
1642087800.0,1786269771.9600503,1,2.471,0.3129,,1.647,0.0655,0.461,NOMINAL,NOMINAL,NORMAL,0,
1642088700.0,1786269772.085028,1,2.445,0.247,,1.54,0.0572,0.377,NOMINAL,NOMINAL,NORMAL,0,
1642089600.0,1786269772.2087872,1,1.8902,0.2135,,1.438,0.0361,0.265,NOMINAL,NOMINAL,NORMAL,0,
1642090500.0,1786269772.3325903,1,1.4652,0.2418,,1.025,0.0493,0.348,NOMINAL,NOMINAL,NORMAL,0,
1642091400.0,1786269772.4588687,1,1.8719,0.2078,,1.334,0.0521,0.378,NOMINAL,NOMINAL,NORMAL,0,
1642092300.0,1786269772.5829244,1,1.7818,0.1952,,0.951,0.0333,0.243,NOMINAL,NOMINAL,NORMAL,0,
1642093200.0,1786269772.7101161,1,2.3286,0.2925,,1.861,0.0526,0.365,NOMINAL,NOMINAL,NORMAL,0,
1642094100.0,1786269772.8344328,1,2.1843,0.3021,,1.813,0.0669,0.456,NOMINAL,NOMINAL,NORMAL,0,
1642095000.0,1786269772.9577348,1,1.4716,0.1521,,1.047,0.0497,0.35,NOMINAL,NOMINAL,NORMAL,0,
1642095900.0,1786269773.083267,1,1.8065,0.2375,,1.194,0.0484,0.35,NOMINAL,NOMINAL,NORMAL,0,
1642096800.0,1786269773.2113733,1,2.4481,0.3566,,2.617,0.0681,0.476,NOMINAL,NOMINAL,NORMAL,0,
1642097700.0,1786269773.334622,1,2.4261,0.287,,1.224,0.0623,0.423,NOMINAL,NOMINAL,NORMAL,0,
1642098600.0,1786269773.4591055,1,2.0227,0.2118,,1.314,0.0488,0.338,NOMINAL,NOMINAL,NORMAL,0,
1642099500.0,1786269773.5857422,1,2.4773,0.2912,,1.972,0.0736,0.62,NOMINAL,NOMINAL,NORMAL,0,
1642100400.0,1786269773.7097583,1,2.3514,0.2893,,1.514,0.0485,0.327,NOMINAL,NOMINAL,NORMAL,0,
1642101300.0,1786269773.833616,1,1.8552,0.2206,,1.149,0.0593,0.323,NOMINAL,NOMINAL,NORMAL,0,
1642102200.0,1786269773.9583066,1,1.825,0.1999,,1.122,0.0462,0.307,NOMINAL,NOMINAL,NORMAL,0,
1642103100.0,1786269774.083244,1,1.8131,0.2367,,1.203,0.0491,0.335,NOMINAL,NOMINAL,NORMAL,0,
1642104000.0,1786269774.208938,1,1.7908,0.3032,,1.604,0.0674,0.459,NOMINAL,NOMINAL,NORMAL,0,
1642104900.0,1786269774.3331695,1,1.792,0.1944,,0.962,0.0476,0.323,NOMINAL,NOMINAL,NORMAL,0,
1642105800.0,1786269774.4592304,1,2.0652,0.2101,,1.367,0.0506,0.366,NOMINAL,NOMINAL,TRIGGERED,1,omni_p6
1642106700.0,1786269774.5836086,1,1.9003,0.2129,,1.132,0.0355,0.25,NOMINAL,NOMINAL,NORMAL,0,
1642107600.0,1786269774.7079444,1,1.7764,0.2452,,1.078,0.0479,0.343,NOMINAL,NOMINAL,NORMAL,0,
1642108500.0,1786269774.8346794,1,1.8653,0.2618,,1.321,0.051,1.073,NOMINAL,NOMINAL,NORMAL,0,
1642109400.0,1786269774.9583766,1,1.8382,0.1966,,1.091,0.0486,0.321,NOMINAL,NOMINAL,NORMAL,0,
1642110300.0,1786269775.0847232,1,2.4413,0.2338,,1.457,0.0523,0.36,NOMINAL,NOMINAL,NORMAL,0,
1642111200.0,1786269775.2086115,1,1.8506,0.2105,,1.219,0.0488,0.333,NOMINAL,NOMINAL,NORMAL,0,
1642112100.0,1786269775.3325,1,1.3069,0.1981,,0.967,0.0461,0.341,NOMINAL,NOMINAL,TRIGGERED,1,omni_p6
1642113000.0,1786269775.4602897,1,2.1723,0.2078,,1.222,0.0793,1.58,NOMINAL,PRE_ALERT,TRIGGERED,2,omni_p6
1642113900.0,1786269775.5861187,1,2.2322,0.2566,,1.577,0.0917,1.847,PRE_ALERT,NOMINAL,NORMAL,0,
1642114800.0,1786269775.710459,1,2.4342,0.3425,,1.851,0.0559,0.38,NOMINAL,NOMINAL,NORMAL,0,
1642115700.0,1786269775.834253,1,1.8271,0.3021,,1.926,0.0698,0.477,NOMINAL,NOMINAL,NORMAL,0,
1642116600.0,1786269775.9596283,1,1.9911,0.2137,,1.902,0.0565,0.388,NOMINAL,NOMINAL,NORMAL,0,
1642117500.0,1786269776.085272,1,2.4431,0.262,,1.557,0.0549,0.372,NOMINAL,NOMINAL,NORMAL,0,
1642118400.0,1786269776.2099335,1,1.9031,0.191,0.7497,1.495,0.0498,0.355,NOMINAL,NOMINAL,TRIGGERED,1,omni_p6
1642119300.0,1786269776.333418,1,1.5608,0.2408,,1.179,0.0489,0.342,NOMINAL,NOMINAL,NORMAL,0,
1642120200.0,1786269776.458213,1,1.8839,0.2462,,1.198,0.0488,0.34,NOMINAL,NOMINAL,NORMAL,0,
1642121100.0,1786269776.585756,1,2.4212,0.3004,,2.225,0.0685,0.465,NOMINAL,NOMINAL,NORMAL,0,
1642122000.0,1786269776.7080166,1,1.7244,0.1518,,0.951,0.0468,0.333,NOMINAL,NOMINAL,NORMAL,0,
1642122900.0,1786269776.8343263,1,1.8831,0.2081,,1.44,0.0537,0.366,NOMINAL,NOMINAL,NORMAL,0,
1642123800.0,1786269776.9603097,1,2.4445,0.2968,,1.721,0.0628,0.513,NOMINAL,NOMINAL,TRIGGERED,1,omni_p6
1642124700.0,1786269777.0852911,1,1.5544,0.153,,1.642,0.0723,2.042,NOMINAL,PRE_ALERT,TRIGGERED,2,omni_p6
1642125600.0,1786269777.2100952,1,1.7754,0.2492,,1.241,0.0737,2.028,PRE_ALERT,NOMINAL,NORMAL,0,
1642126500.0,1786269777.3332963,1,1.4944,0.148,,1.443,0.0469,0.339,NOMINAL,NOMINAL,NORMAL,0,
1642127400.0,1786269777.4598658,1,2.576,0.2083,,1.456,0.0539,0.38,NOMINAL,NOMINAL,NORMAL,0,
1642128300.0,1786269777.5836728,1,1.8463,0.1983,,1.4,0.0524,0.364,NOMINAL,NOMINAL,NORMAL,0,
1642129200.0,1786269777.707982,1,1.7103,0.2442,,1.055,0.0465,0.328,NOMINAL,NOMINAL,NORMAL,0,
1642130100.0,1786269777.8337333,1,1.7501,0.2483,,1.603,0.065,0.466,NOMINAL,NOMINAL,TRIGGERED,1,omni_p6
1642131000.0,1786269777.9595737,1,1.8061,0.201,,1.321,0.0799,1.454,NOMINAL,PRE_ALERT,TRIGGERED,2,omni_p6
1642131900.0,1786269778.08485,1,1.8623,0.2028,,1.345,0.0776,1.565,PRE_ALERT,NOMINAL,NORMAL,0,
1642132800.0,1786269778.2083704,1,1.784,0.2413,,1.182,0.1,0.408,NOMINAL,NOMINAL,NORMAL,0,
1642133700.0,1786269778.3349907,1,2.463,0.3025,,1.559,0.0541,0.371,NOMINAL,NOMINAL,NORMAL,0,
1642134600.0,1786269778.459546,1,2.4479,0.2933,,1.776,0.0537,0.363,NOMINAL,NOMINAL,NORMAL,0,
1642135500.0,1786269778.5829296,1,1.7804,0.1502,,0.91,0.0446,0.33,NOMINAL,NOMINAL,NORMAL,0,
1642136400.0,1786269778.7082388,1,1.8194,0.2542,,1.171,0.0453,0.385,NOMINAL,NOMINAL,NORMAL,0,
1642137300.0,1786269778.8328176,1,1.611,0.2318,,1.184,0.0465,0.337,NOMINAL,NOMINAL,NORMAL,0,
1642138200.0,1786269778.9584997,1,1.7855,0.2406,,1.4,0.0642,0.464,NOMINAL,NOMINAL,NORMAL,0,
1642139100.0,1786269779.0844235,1,2.4145,0.2039,,1.338,0.0524,0.396,NOMINAL,NOMINAL,NORMAL,0,
1642140000.0,1786269779.2088413,1,1.8652,0.2069,,1.421,0.0542,0.387,NOMINAL,NOMINAL,NORMAL,0,
1642140900.0,1786269779.3330483,1,1.6992,0.2537,,1.194,0.0474,0.35,NOMINAL,NOMINAL,NORMAL,0,
1642141800.0,1786269779.4590034,1,1.9895,0.21,,1.406,0.0504,0.37,NOMINAL,NOMINAL,NORMAL,0,
1642142700.0,1786269779.5847218,1,2.4488,0.226,,1.624,0.0912,0.433,NOMINAL,NOMINAL,NORMAL,0,
1642143600.0,1786269779.7080483,1,1.6481,0.1524,,1.184,0.036,0.254,NOMINAL,NOMINAL,NORMAL,0,
1642144500.0,1786269779.8347027,1,2.3328,0.3268,,1.714,0.0645,0.467,NOMINAL,NOMINAL,NORMAL,0,
1642145400.0,1786269779.959791,1,2.3655,0.2822,,1.739,0.0657,0.466,NOMINAL,NOMINAL,NORMAL,0,
1642146300.0,1786269780.0831454,1,1.8384,0.2,,1.135,0.0343,0.249,NOMINAL,NOMINAL,TRIGGERED,1,omni_p6
1642147200.0,1786269780.2093997,1,2.2688,0.225,,1.657,0.0675,0.463,NOMINAL,NOMINAL,NORMAL,0,
1642148100.0,1786269780.332785,1,1.7897,0.2023,,0.884,0.043,0.293,NOMINAL,NOMINAL,NORMAL,0,
1642149000.0,1786269780.4591646,1,2.1738,0.257,,1.531,0.0598,0.417,NOMINAL,NOMINAL,NORMAL,0,
1642149900.0,1786269780.5838766,1,1.7715,0.1958,,1.52,0.0524,0.366,NOMINAL,NOMINAL,NORMAL,0,
1642150800.0,1786269780.7080812,1,1.3554,0.2272,,1.122,0.0473,0.336,NOMINAL,NOMINAL,NORMAL,0,
1642151700.0,1786269780.8346572,1,2.2485,0.2869,,1.52,0.055,0.374,NOMINAL,NOMINAL,NORMAL,0,
1642152600.0,1786269780.958747,1,1.8596,0.2106,,1.4,0.0519,0.363,NOMINAL,NOMINAL,TRIGGERED,1,omni_p6
1642153500.0,1786269781.0834699,1,1.8926,0.2094,,1.348,0.0362,0.252,NOMINAL,NOMINAL,NORMAL,0,
1642154400.0,1786269781.2084455,1,2.1928,0.21,,1.1,0.0426,0.368,NOMINAL,NOMINAL,NORMAL,0,
1642155300.0,1786269781.3350806,1,2.2668,0.2662,,1.78,0.0638,0.472,NOMINAL,NOMINAL,NORMAL,0,
1642156200.0,1786269781.4579904,1,1.4182,0.2124,,1.096,0.0441,0.31,NOMINAL,NOMINAL,NORMAL,0,
1642157100.0,1786269781.5843606,1,1.8456,0.2154,,1.475,0.0857,0.42,NOMINAL,NOMINAL,NORMAL,0,
1642158000.0,1786269781.7079163,1,1.469,0.2046,,1.071,0.0418,0.305,NOMINAL,NOMINAL,TRIGGERED,1,omni_p6
1642158900.0,1786269781.8353956,1,1.6909,0.2803,,1.753,0.0984,2.086,NOMINAL,PRE_ALERT,TRIGGERED,2,omni_p6
1642159800.0,1786269781.9599864,1,1.516,0.3036,,1.665,0.0959,1.978,PRE_ALERT,NOMINAL,NORMAL,0,
1642160700.0,1786269782.0849853,1,2.4231,0.2849,,1.711,0.0623,0.431,NOMINAL,NOMINAL,NORMAL,0,
1642161600.0,1786269782.2084365,1,1.9333,0.2988,,1.114,0.0435,0.382,NOMINAL,NOMINAL,NORMAL,0,
1642162500.0,1786269782.3333883,1,1.8812,0.2145,,1.026,0.0371,0.258,NOMINAL,NOMINAL,NORMAL,0,
1642163400.0,1786269782.4582455,1,1.6275,0.2235,,1.112,0.0442,0.322,NOMINAL,NOMINAL,NORMAL,0,
1642164300.0,1786269782.5842953,1,1.9674,0.2183,,1.45,0.0517,0.422,NOMINAL,NOMINAL,TRIGGERED,1,omni_p6
1642165200.0,1786269782.7099051,1,1.885,0.2305,,1.527,0.054,1.306,NOMINAL,PRE_ALERT,TRIGGERED,2,omni_p6
1642166100.0,1786269782.8342175,1,1.3663,0.1998,,1.147,0.0683,1.641,PRE_ALERT,NOMINAL,NORMAL,0,
1642167000.0,1786269782.9585896,1,1.597,0.3125,,1.737,0.0686,0.469,NOMINAL,NOMINAL,NORMAL,0,
1642167900.0,1786269783.083122,1,1.5417,0.2397,,1.174,0.0474,0.338,NOMINAL,NOMINAL,NORMAL,0,
1642168800.0,1786269783.2096179,1,2.1584,0.2234,,1.571,0.0556,0.404,NOMINAL,NOMINAL,NORMAL,0,
1642169700.0,1786269783.3331723,1,1.7893,0.2071,,1.302,0.0356,0.26,NOMINAL,NOMINAL,NORMAL,0,
1642170600.0,1786269783.4580238,1,1.7599,0.2544,,1.171,0.0439,0.334,NOMINAL,NOMINAL,TRIGGERED,1,omni_p6
1642171500.0,1786269783.5840955,1,2.2805,0.2477,,1.544,0.0551,0.38,NOMINAL,NOMINAL,NORMAL,0,
1642172400.0,1786269783.7082465,1,1.7173,0.1865,,1.397,0.0472,0.387,NOMINAL,NOMINAL,NORMAL,0,
1642173300.0,1786269783.8348303,1,2.4601,0.2459,,1.579,0.0528,0.372,NOMINAL,NOMINAL,NORMAL,0,
1642174200.0,1786269783.9591427,1,1.8241,0.2742,,1.827,0.0712,0.487,NOMINAL,NOMINAL,NORMAL,0,
1642175100.0,1786269784.0853462,1,2.517,0.3067,,1.813,0.0695,0.489,NOMINAL,NOMINAL,NORMAL,0,
1642176000.0,1786269784.2084076,1,1.8048,0.2556,,1.237,0.0507,0.396,NOMINAL,NOMINAL,NORMAL,0,
1642176900.0,1786269784.3336153,1,1.8352,0.2156,,1.569,0.0364,0.264,NOMINAL,NOMINAL,TRIGGERED,1,omni_p6
1642177800.0,1786269784.4605176,1,2.5479,0.2907,,1.784,0.0645,0.51,NOMINAL,NOMINAL,NORMAL,0,
1642178700.0,1786269784.5842357,1,1.9235,0.3094,,1.754,0.0614,0.491,NOMINAL,NOMINAL,NORMAL,0,
1642179600.0,1786269784.7098923,1,2.2479,0.3135,,1.952,0.0674,0.565,NOMINAL,NOMINAL,NORMAL,0,
1642180500.0,1786269784.8355331,1,2.4452,0.2906,,1.723,0.0553,0.406,NOMINAL,NOMINAL,NORMAL,0,
1642181400.0,1786269784.9590895,1,2.2937,0.2181,,1.54,0.0547,0.367,NOMINAL,NOMINAL,NORMAL,0,
1642182300.0,1786269785.0848954,1,2.3863,0.3016,,1.822,0.0665,0.484,NOMINAL,NOMINAL,NORMAL,0,
1642183200.0,1786269785.2081044,1,1.7734,0.2431,,1.25,0.0486,0.357,NOMINAL,NOMINAL,NORMAL,0,
1642184100.0,1786269785.3335733,1,1.819,0.1974,,1.323,0.0541,0.368,NOMINAL,NOMINAL,NORMAL,0,
1642185000.0,1786269785.458146,1,1.7955,0.1478,,1.187,0.0481,0.358,NOMINAL,NOMINAL,NORMAL,0,
1642185900.0,1786269785.5839877,1,2.0926,0.2181,,1.476,0.0548,0.385,NOMINAL,NOMINAL,NORMAL,0,
1642186800.0,1786269785.7106245,1,2.4966,0.3521,,1.806,0.0669,0.508,NOMINAL,NOMINAL,NORMAL,0,
1642187700.0,1786269785.834603,1,2.1435,0.3055,,2.174,0.0689,0.434,NOMINAL,NOMINAL,NORMAL,0,
1642188600.0,1786269785.9583235,1,1.7642,0.2023,,1.386,0.0536,0.369,NOMINAL,NOMINAL,NORMAL,0,
1642189500.0,1786269786.0830026,1,1.7135,0.1586,,1.316,0.0501,0.361,NOMINAL,NOMINAL,NORMAL,0,
1642190400.0,1786269786.2096233,1,2.3317,0.2194,,1.538,0.0523,0.397,NOMINAL,NOMINAL,NORMAL,0,
1642191300.0,1786269786.3336506,1,1.7394,0.2044,,1.702,0.0484,0.371,NOMINAL,NOMINAL,TRIGGERED,1,omni_p6
1642192200.0,1786269786.4582217,1,1.8256,0.196,,1.193,0.0479,0.352,NOMINAL,NOMINAL,NORMAL,0,
1642193100.0,1786269786.582738,1,1.5977,0.2465,,1.212,0.0502,0.354,NOMINAL,NOMINAL,NORMAL,0,
1642194000.0,1786269786.708475,1,1.8607,0.2092,,1.238,0.0357,0.26,NOMINAL,NOMINAL,NORMAL,0,
1642194900.0,1786269786.8351378,1,2.2247,0.3369,,2.301,0.0626,0.41,NOMINAL,NOMINAL,NORMAL,0,
1642195800.0,1786269786.9582584,1,1.6989,0.1967,,1.393,0.0534,0.373,NOMINAL,NOMINAL,NORMAL,0,
1642196700.0,1786269787.0829694,1,1.7613,0.2411,,1.167,0.051,0.381,NOMINAL,NOMINAL,NORMAL,0,
1642197600.0,1786269787.208268,1,1.7672,0.2451,,1.235,0.0492,0.399,NOMINAL,NOMINAL,TRIGGERED,1,omni_p6
1642198500.0,1786269787.3330595,1,1.9163,0.1955,,1.277,0.0531,0.367,NOMINAL,NOMINAL,NORMAL,0,
1642199400.0,1786269787.4577112,1,1.5375,0.1841,,1.434,0.034,0.293,NOMINAL,NOMINAL,NORMAL,0,
1642200300.0,1786269787.5824702,1,1.5499,0.2394,,1.202,0.0483,0.35,NOMINAL,NOMINAL,NORMAL,0,
1642201200.0,1786269787.7084653,1,1.6414,0.2675,,1.731,0.1061,0.531,NOMINAL,NOMINAL,NORMAL,0,
1642202100.0,1786269787.8342838,1,2.1297,0.283,,1.731,0.0684,0.501,NOMINAL,NOMINAL,NORMAL,0,
1642203000.0,1786269787.9583585,1,1.7714,0.1981,,1.368,0.0517,0.384,NOMINAL,NOMINAL,TRIGGERED,1,omni_p6
1642203900.0,1786269788.084558,1,1.8071,0.2147,,0.979,0.0574,2.053,NOMINAL,PRE_ALERT,TRIGGERED,2,omni_p6
1642204800.0,1786269788.2141237,1,1.762,0.2437,1.7624,2.756,0.1923,2.543,PRE_ALERT,NOMINAL,NORMAL,0,
1642205700.0,1786269788.3340118,1,1.9001,0.2127,,1.78,0.0506,0.371,NOMINAL,NOMINAL,NORMAL,0,
1642206600.0,1786269788.4579206,1,1.6595,0.2344,,1.327,0.0339,0.249,NOMINAL,NOMINAL,NORMAL,0,
1642207500.0,1786269788.584283,1,2.2471,0.2058,,1.488,0.0547,0.4,NOMINAL,NOMINAL,NORMAL,0,
1642208400.0,1786269788.7096417,1,2.2813,0.2845,,1.667,0.0666,0.467,NOMINAL,NOMINAL,NORMAL,0,
1642209300.0,1786269788.8328187,1,1.5797,0.2473,,1.23,0.0479,0.354,NOMINAL,NOMINAL,TRIGGERED,1,omni_p6
1642210200.0,1786269788.9604316,1,1.8974,0.2004,,1.725,0.086,1.741,NOMINAL,PRE_ALERT,TRIGGERED,2,omni_p6
1642211100.0,1786269789.0873625,1,2.4529,0.3143,,1.973,0.1079,2.383,PRE_ALERT,NOMINAL,NORMAL,0,
1642212000.0,1786269789.2101738,1,2.4147,0.2962,,1.681,0.0703,0.433,NOMINAL,NOMINAL,NORMAL,0,
1642212900.0,1786269789.3335907,1,1.8487,0.1976,,1.424,0.0632,0.391,NOMINAL,NOMINAL,NORMAL,0,
1642213800.0,1786269789.4574952,1,1.4772,0.1497,,1.139,0.0503,0.357,NOMINAL,NOMINAL,NORMAL,0,
1642214700.0,1786269789.5842354,1,1.999,0.2117,,1.718,0.0581,0.446,NOMINAL,NOMINAL,NORMAL,0,
1642215600.0,1786269789.7101293,1,2.3789,0.3005,,1.719,0.0655,0.496,NOMINAL,NOMINAL,TRIGGERED,1,omni_p6
1642216500.0,1786269789.835015,1,2.4288,0.2917,,1.741,0.0691,0.475,NOMINAL,NOMINAL,NORMAL,0,
1642217400.0,1786269789.9589005,1,1.9074,0.2043,,1.426,0.0537,0.372,NOMINAL,NOMINAL,NORMAL,0,
1642218300.0,1786269790.0847666,1,2.4078,0.2811,,1.667,0.0682,0.465,NOMINAL,NOMINAL,NORMAL,0,
1642219200.0,1786269790.2099383,1,2.3723,0.2906,,1.69,0.0564,0.4,NOMINAL,NOMINAL,NORMAL,0,
1642220100.0,1786269790.3340824,1,2.0434,0.2994,,1.67,0.067,0.479,NOMINAL,NOMINAL,NORMAL,0,
1642221000.0,1786269790.4582245,1,1.6535,0.1533,,1.13,0.0526,0.355,NOMINAL,NOMINAL,NORMAL,0,
1642221900.0,1786269790.584695,1,2.3889,0.2368,,1.572,0.0506,0.386,NOMINAL,NOMINAL,NORMAL,0,
1642222800.0,1786269790.710342,1,2.4167,0.2975,,1.806,0.0694,0.476,NOMINAL,NOMINAL,NORMAL,0,
1642223700.0,1786269790.833251,1,1.4559,0.251,,1.226,0.048,0.349,NOMINAL,NOMINAL,NORMAL,0,
1642224600.0,1786269790.9600635,1,2.5398,0.213,,1.524,0.0547,0.382,NOMINAL,NOMINAL,NORMAL,0,
1642225500.0,1786269791.0854223,1,2.5175,0.3017,,1.871,0.0676,0.488,NOMINAL,NOMINAL,NORMAL,0,
1642226400.0,1786269791.2105505,1,2.3853,0.2947,,2.024,0.0577,0.415,NOMINAL,NOMINAL,NORMAL,0,
1642227300.0,1786269791.3350112,1,2.7184,0.2974,,1.596,0.0703,0.482,NOMINAL,NOMINAL,NORMAL,0,
1642228200.0,1786269791.4580626,1,1.7538,0.151,,0.997,0.0472,0.347,NOMINAL,NOMINAL,NORMAL,0,
1642229100.0,1786269791.5853605,1,2.7895,0.3835,,1.667,0.0547,0.392,NOMINAL,NOMINAL,NORMAL,0,
1642230000.0,1786269791.7087255,1,1.7824,0.1969,,1.469,0.0502,0.354,NOMINAL,NOMINAL,NORMAL,0,
1642230900.0,1786269791.8350024,1,2.4692,0.2867,,1.737,0.0678,0.495,NOMINAL,NOMINAL,NORMAL,0,
1642231800.0,1786269791.9590049,1,1.8656,0.5548,,1.665,0.0504,0.388,NOMINAL,NOMINAL,TRIGGERED,1,omni_p6
1642232700.0,1786269792.0850902,1,2.603,0.2897,,1.654,0.0668,0.46,NOMINAL,NOMINAL,NORMAL,0,
1642233600.0,1786269792.207879,1,1.7333,0.2431,,1.158,0.0476,0.344,NOMINAL,NOMINAL,NORMAL,0,
1642234500.0,1786269792.3346498,1,2.6381,0.2965,,1.473,0.0685,0.491,NOMINAL,NOMINAL,NORMAL,0,
1642235400.0,1786269792.4580271,1,1.9832,0.1468,,0.877,0.0479,0.341,NOMINAL,NOMINAL,NORMAL,0,
1642236300.0,1786269792.5849483,1,2.4128,0.42,,1.662,0.0526,0.384,NOMINAL,NOMINAL,NORMAL,0,
1642237200.0,1786269792.707907,1,1.5004,0.1797,,1.223,0.053,0.358,NOMINAL,NOMINAL,TRIGGERED,1,omni_p6
1642238100.0,1786269792.836244,1,2.0122,0.2676,,1.708,0.104,2.454,NOMINAL,PRE_ALERT,TRIGGERED,2,omni_p6
1642239000.0,1786269792.960062,1,1.5582,0.456,,1.276,0.113,2.343,PRE_ALERT,NOMINAL,NORMAL,0,
1642239900.0,1786269793.083145,1,1.7718,0.1909,,1.273,0.0514,0.361,NOMINAL,NOMINAL,NORMAL,0,
1642240800.0,1786269793.2077339,1,1.629,0.2414,,1.17,0.049,0.358,NOMINAL,NOMINAL,NORMAL,0,
1642241700.0,1786269793.333488,1,2.1503,0.1777,,1.18,0.0524,0.359,NOMINAL,NOMINAL,NORMAL,0,
1642242600.0,1786269793.458185,1,1.8173,0.1952,,1.205,0.0475,0.341,NOMINAL,NOMINAL,NORMAL,0,
1642243500.0,1786269793.5847578,1,2.4419,0.2955,,1.75,0.0539,0.411,NOMINAL,NOMINAL,TRIGGERED,1,omni_p6
1642244400.0,1786269793.7099712,1,1.8079,0.2032,,1.425,0.0823,1.539,NOMINAL,PRE_ALERT,TRIGGERED,2,omni_p6
1642245300.0,1786269793.8343422,1,1.5325,0.1465,,1.14,0.073,1.964,PRE_ALERT,NOMINAL,NORMAL,0,
1642246200.0,1786269793.9594061,1,2.45,0.3717,,1.471,0.0502,0.368,NOMINAL,NOMINAL,NORMAL,0,
1642247100.0,1786269794.0843406,1,2.1819,0.2779,,1.648,0.0645,0.527,NOMINAL,NOMINAL,NORMAL,0,
1642248000.0,1786269794.2097208,1,2.291,0.2839,,1.729,0.0676,0.463,NOMINAL,NOMINAL,NORMAL,0,
1642248900.0,1786269794.3339133,1,2.4965,0.2009,,1.198,0.0513,0.347,NOMINAL,NOMINAL,NORMAL,0,
1642249800.0,1786269794.4574933,1,1.5553,0.1817,,1.212,0.0317,0.233,NOMINAL,NOMINAL,TRIGGERED,1,omni_p6
1642250700.0,1786269794.582657,1,1.5876,0.1885,,1.075,0.0421,0.299,NOMINAL,NOMINAL,NORMAL,0,
1642251600.0,1786269794.7101903,1,2.4463,0.2946,,1.887,0.0697,0.483,NOMINAL,NOMINAL,NORMAL,0,
1642252500.0,1786269794.8347785,1,2.3428,0.3095,,1.753,0.068,0.474,NOMINAL,NOMINAL,NORMAL,0,
1642253400.0,1786269794.9582105,1,1.6855,0.2934,,1.453,0.0487,0.355,NOMINAL,NOMINAL,NORMAL,0,
1642254300.0,1786269795.0831897,1,1.728,0.1954,,1.392,0.0537,0.37,NOMINAL,NOMINAL,NORMAL,0,
1642255200.0,1786269795.2098393,1,2.2574,0.3713,,1.781,0.0643,0.476,NOMINAL,NOMINAL,TRIGGERED,1,omni_p6
1642256100.0,1786269795.3355215,1,2.5183,0.4488,,1.256,0.0807,1.517,NOMINAL,PRE_ALERT,TRIGGERED,2,omni_p6
1642257000.0,1786269795.4618347,1,2.6267,0.2835,,1.675,0.1044,2.328,PRE_ALERT,NOMINAL,NORMAL,0,
1642257900.0,1786269795.5827806,1,1.7659,0.2346,,1.162,0.049,0.353,NOMINAL,NOMINAL,NORMAL,0,
1642258800.0,1786269795.7095172,1,1.9827,0.2066,,1.391,0.0535,0.378,NOMINAL,NOMINAL,NORMAL,0,
1642259700.0,1786269795.8346696,1,2.2589,0.2997,,1.642,0.0665,0.458,NOMINAL,NOMINAL,NORMAL,0,
1642260600.0,1786269795.959682,1,2.3251,0.4187,,1.68,0.0533,0.371,NOMINAL,NOMINAL,NORMAL,0,
1642261500.0,1786269796.082711,1,1.4673,0.1753,,1.316,0.0485,0.359,NOMINAL,NOMINAL,TRIGGERED,1,omni_p6
1642262400.0,1786269796.207611,1,1.4534,0.2349,,1.187,0.0485,0.356,NOMINAL,NOMINAL,NORMAL,0,
1642263300.0,1786269796.3330786,1,1.5137,0.4487,,1.407,0.0482,0.39,NOMINAL,NOMINAL,NORMAL,0,
1642264200.0,1786269796.457907,1,1.5015,0.1752,,1.675,0.0504,0.371,NOMINAL,NOMINAL,NORMAL,0,
1642265100.0,1786269796.5840507,1,2.1166,0.2655,,1.626,0.0656,0.468,NOMINAL,NOMINAL,NORMAL,0,
1642266000.0,1786269796.7098753,1,2.8152,0.3422,,1.777,0.0678,0.483,NOMINAL,NOMINAL,NORMAL,0,
1642266900.0,1786269796.832846,1,1.6777,0.2667,,1.016,0.0349,0.452,NOMINAL,NOMINAL,NORMAL,0,
1642267800.0,1786269796.959345,1,2.2747,0.2793,,1.695,0.0536,0.401,NOMINAL,NOMINAL,NORMAL,0,
1642268700.0,1786269797.0846622,1,2.3919,0.2897,,1.705,0.0666,0.481,NOMINAL,NOMINAL,NORMAL,0,
1642269600.0,1786269797.2078254,1,1.476,0.1675,,1.214,0.0487,0.362,NOMINAL,NOMINAL,NORMAL,0,
1642270500.0,1786269797.3342388,1,2.3922,0.2289,,1.311,0.0532,0.365,NOMINAL,NOMINAL,NORMAL,0,
1642271400.0,1786269797.458364,1,1.7963,0.1894,,1.59,0.0528,0.362,NOMINAL,NOMINAL,NORMAL,0,
1642272300.0,1786269797.5850973,1,2.3859,0.2843,,2.06,0.0619,0.488,NOMINAL,NOMINAL,NORMAL,0,
1642273200.0,1786269797.7094958,1,2.3904,0.3081,,1.796,0.0701,0.475,NOMINAL,NOMINAL,NORMAL,0,
1642274100.0,1786269797.833029,1,1.8919,0.2203,,1.091,0.0345,0.248,NOMINAL,NOMINAL,NORMAL,0,
1642275000.0,1786269797.9597237,1,2.5673,0.2783,,1.649,0.0597,0.421,NOMINAL,NOMINAL,NORMAL,0,
1642275900.0,1786269798.0840423,1,2.1685,0.3038,,1.606,0.0661,0.461,NOMINAL,NOMINAL,NORMAL,0,
1642276800.0,1786269798.208438,1,1.6568,0.1551,,1.228,0.0485,0.411,NOMINAL,NOMINAL,NORMAL,0,
1642277700.0,1786269798.3339086,1,2.0338,0.2517,,1.237,0.0522,0.355,NOMINAL,NOMINAL,NORMAL,0,
1642278600.0,1786269798.4579914,1,1.8373,0.2009,,1.056,0.0353,0.243,NOMINAL,NOMINAL,NORMAL,0,
1642279500.0,1786269798.585057,1,2.4909,0.3093,,1.728,0.0554,0.416,NOMINAL,NOMINAL,NORMAL,0,
1642280400.0,1786269798.709218,1,2.1842,0.2072,,1.404,0.0547,0.363,NOMINAL,NOMINAL,NORMAL,0,
1642281300.0,1786269798.835168,1,2.4813,0.2932,,1.672,0.0691,0.474,NOMINAL,NOMINAL,NORMAL,0,
1642282200.0,1786269798.9583158,1,1.7072,0.3129,,1.295,0.0468,0.336,NOMINAL,NOMINAL,TRIGGERED,1,omni_p6
1642283100.0,1786269799.084355,1,1.819,0.188,,1.16,0.0761,1.478,NOMINAL,PRE_ALERT,TRIGGERED,2,omni_p6
1642284000.0,1786269799.209249,1,1.4308,0.2348,,1.063,0.067,1.97,PRE_ALERT,NOMINAL,NORMAL,0,
1642284900.0,1786269799.3337991,1,1.9634,0.2406,,1.574,0.0624,0.444,NOMINAL,NOMINAL,NORMAL,0,
1642285800.0,1786269799.4579513,1,1.8063,0.1918,,1.089,0.0677,0.286,NOMINAL,NOMINAL,NORMAL,0,
1642286700.0,1786269799.5824063,1,1.5052,0.1928,,1.009,0.0413,0.286,NOMINAL,NOMINAL,NORMAL,0,
1642287600.0,1786269799.7094126,1,2.2422,0.2068,,1.435,0.0529,0.354,NOMINAL,NOMINAL,NORMAL,0,
1642288500.0,1786269799.834969,1,2.477,0.2999,,1.65,0.0607,0.44,NOMINAL,NOMINAL,TRIGGERED,1,omni_p6
1642289400.0,1786269799.959785,1,1.7916,0.2464,,1.255,0.0696,1.925,NOMINAL,PRE_ALERT,TRIGGERED,2,omni_p6
1642290300.0,1786269800.0847857,1,2.169,0.1913,,1.247,0.0797,1.441,PRE_ALERT,NOMINAL,NORMAL,0,
1642291200.0,1786269800.2089968,1,1.3855,0.3049,0.9948,1.135,0.0516,0.402,NOMINAL,NOMINAL,NORMAL,0,
1642292100.0,1786269800.3338025,1,1.9425,0.2397,,1.45,0.0636,0.524,NOMINAL,NOMINAL,NORMAL,0,
1642293000.0,1786269800.458122,1,1.7533,0.2047,,1.382,0.0316,0.23,NOMINAL,NOMINAL,NORMAL,0,
1642293900.0,1786269800.5850081,1,2.4286,0.2938,,1.568,0.0603,0.766,NOMINAL,NOMINAL,TRIGGERED,1,omni_p6
1642294800.0,1786269800.710054,1,2.0465,0.2362,,1.575,0.0821,1.476,NOMINAL,PRE_ALERT,TRIGGERED,2,omni_p6
1642295700.0,1786269800.8358448,1,2.3055,0.2895,,1.328,0.0791,1.976,PRE_ALERT,NOMINAL,NORMAL,0,
1642296600.0,1786269800.9579792,1,1.6879,0.3057,,1.251,0.0437,0.314,NOMINAL,NOMINAL,NORMAL,0,
1642297500.0,1786269801.0824864,1,1.7082,0.1897,,0.988,0.0321,0.248,NOMINAL,NOMINAL,NORMAL,0,
1642298400.0,1786269801.2090678,1,2.2852,0.282,,1.377,0.0608,0.413,NOMINAL,NOMINAL,NORMAL,0,
1642299300.0,1786269801.3338158,1,2.2707,0.232,,1.06,0.0452,0.503,NOMINAL,NOMINAL,NORMAL,0,
1642300200.0,1786269801.4590385,1,2.3012,0.2964,,1.241,0.0581,0.403,NOMINAL,NOMINAL,TRIGGERED,1,omni_p6
1642301100.0,1786269801.5839357,1,1.5749,0.241,,0.957,0.0662,2.037,NOMINAL,PRE_ALERT,TRIGGERED,2,omni_p6
1642302000.0,1786269801.7093897,1,1.9212,0.1868,,0.973,0.0686,1.625,PRE_ALERT,NOMINAL,NORMAL,0,
1642302900.0,1786269801.8342366,1,2.361,0.3004,,1.308,0.0583,0.404,NOMINAL,NOMINAL,NORMAL,0,
1642303800.0,1786269801.9578204,1,1.6876,0.3091,,0.971,0.0442,0.507,NOMINAL,NOMINAL,NORMAL,0,
1642304700.0,1786269802.082694,1,1.7403,0.1905,,1.068,0.043,0.302,NOMINAL,NOMINAL,NORMAL,0,
1642305600.0,1786269802.2073104,1,1.5696,0.1484,,0.867,0.0432,0.313,NOMINAL,NOMINAL,NORMAL,0,
1642306500.0,1786269802.3339374,1,2.2994,0.2771,,1.21,0.05,0.425,NOMINAL,NOMINAL,NORMAL,0,
1642307400.0,1786269802.4593728,1,2.4195,0.295,,1.359,0.0582,0.419,NOMINAL,NOMINAL,TRIGGERED,1,omni_p6
1642308300.0,1786269802.582762,1,1.3276,0.2395,,1.365,0.0466,0.328,NOMINAL,NOMINAL,NORMAL,0,
1642309200.0,1786269802.7087433,1,1.9965,0.2008,,1.498,0.0475,0.316,NOMINAL,NOMINAL,NORMAL,0,
1642310100.0,1786269802.834608,1,2.4248,0.3041,,1.496,0.0601,0.429,NOMINAL,NOMINAL,NORMAL,0,
1642311000.0,1786269802.9582362,1,1.7168,0.2941,,1.015,0.0455,0.811,NOMINAL,NOMINAL,NORMAL,0,
1642311900.0,1786269803.0834284,1,1.8142,0.2003,,1.402,0.0473,0.318,NOMINAL,NOMINAL,NORMAL,0,
1642312800.0,1786269803.2074564,1,1.7709,0.1465,,0.722,0.0452,0.312,NOMINAL,NOMINAL,NORMAL,0,
1642313700.0,1786269803.332751,1,1.7434,0.2429,,1.0,0.0445,0.318,NOMINAL,NOMINAL,NORMAL,0,
1642314600.0,1786269803.457911,1,1.7382,0.2,,1.148,0.0508,0.336,NOMINAL,NOMINAL,NORMAL,0,
1642315500.0,1786269803.5849504,1,2.4415,0.304,,1.865,0.0665,0.45,NOMINAL,NOMINAL,NORMAL,0,
1642316400.0,1786269803.7087805,1,2.0889,0.1977,,1.356,0.0498,0.363,NOMINAL,NOMINAL,NORMAL,0,
1642317300.0,1786269803.834575,1,2.3774,0.3011,,1.42,0.0639,0.425,NOMINAL,NOMINAL,NORMAL,0,
1642318200.0,1786269803.9577131,1,1.7242,0.2845,,1.007,0.0466,0.321,NOMINAL,NOMINAL,NORMAL,0,
1642319100.0,1786269804.0832183,1,1.8478,0.2016,,1.187,0.0475,0.323,NOMINAL,NOMINAL,NORMAL,0,
1642320000.0,1786269804.2094293,1,2.3521,0.2894,,1.47,0.0626,0.436,NOMINAL,NOMINAL,NORMAL,0,
1642320900.0,1786269804.3328762,1,1.7641,0.2729,,1.054,0.0449,0.321,NOMINAL,NOMINAL,NORMAL,0,
1642321800.0,1786269804.4583616,1,1.7546,0.2005,,1.56,0.0479,0.319,NOMINAL,NOMINAL,NORMAL,0,
1642322700.0,1786269804.5829601,1,1.8574,0.161,,0.859,0.0359,0.46,NOMINAL,NOMINAL,TRIGGERED,1,omni_p6
1642323600.0,1786269804.7088943,1,2.1267,0.2021,,1.3,0.0475,0.374,NOMINAL,NOMINAL,NORMAL,0,
1642324500.0,1786269804.8344955,1,2.3906,0.2988,,1.444,0.061,0.422,NOMINAL,NOMINAL,NORMAL,0,
1642325400.0,1786269804.95788,1,1.755,0.3054,,1.111,0.0465,0.329,NOMINAL,NOMINAL,NORMAL,0,
1642326300.0,1786269805.0837822,1,1.8711,0.2975,,1.679,0.0655,0.446,NOMINAL,NOMINAL,NORMAL,0,
1642327200.0,1786269805.2077086,1,1.8249,0.1494,,0.853,0.0455,0.326,NOMINAL,NOMINAL,NORMAL,0,
1642328100.0,1786269805.3338919,1,2.3805,0.2367,,0.98,0.048,0.397,NOMINAL,NOMINAL,NORMAL,0,
1642329000.0,1786269805.4583182,1,2.1253,0.2681,,1.162,0.0504,0.358,NOMINAL,NOMINAL,TRIGGERED,1,omni_p6
1642329900.0,1786269805.5819857,1,1.3581,0.1566,,0.896,0.0399,0.281,NOMINAL,NOMINAL,NORMAL,0,
1642330800.0,1786269805.7091255,1,1.761,0.24,,1.526,0.0684,0.888,NOMINAL,NOMINAL,NORMAL,0,
1642331700.0,1786269805.832032,1,1.453,0.1616,,0.915,0.0373,0.253,NOMINAL,NOMINAL,NORMAL,0,
1642332600.0,1786269805.9596457,1,2.3774,0.2856,,1.549,0.0678,0.447,NOMINAL,NOMINAL,NORMAL,0,
1642333500.0,1786269806.0837948,1,1.7434,0.2773,,1.921,0.0625,0.435,NOMINAL,NOMINAL,NORMAL,0,
1642334400.0,1786269806.2073836,1,1.7169,0.191,,0.82,0.0316,0.215,NOMINAL,NOMINAL,TRIGGERED,1,omni_p6
1642335300.0,1786269806.3344696,1,1.7119,0.2446,,0.929,0.0656,2.124,NOMINAL,PRE_ALERT,TRIGGERED,2,omni_p6
1642336200.0,1786269806.458069,1,1.4972,0.1659,,0.904,0.0538,1.189,PRE_ALERT,NOMINAL,NORMAL,0,
1642337100.0,1786269806.584399,1,2.373,0.283,,1.385,0.0596,0.507,NOMINAL,NOMINAL,NORMAL,0,
1642338000.0,1786269806.7080445,1,1.718,0.2408,,1.161,0.0644,0.43,NOMINAL,NOMINAL,NORMAL,0,
1642338900.0,1786269806.834438,1,2.3288,0.3878,,1.507,0.0676,0.442,NOMINAL,NOMINAL,NORMAL,0,
1642339800.0,1786269806.9581847,1,1.5324,0.3603,,1.408,0.0467,0.344,NOMINAL,NOMINAL,NORMAL,0,
1642340700.0,1786269807.0842128,1,1.8232,0.3087,,2.012,0.064,0.512,NOMINAL,NOMINAL,TRIGGERED,1,omni_p6
1642341600.0,1786269807.2099383,1,1.8063,0.1999,,1.178,0.0533,2.002,NOMINAL,PRE_ALERT,TRIGGERED,2,omni_p6
1642342500.0,1786269807.3345604,1,1.7108,0.234,,1.129,0.0728,1.97,PRE_ALERT,NOMINAL,NORMAL,0,
1642343400.0,1786269807.4584744,1,1.8103,0.1933,,1.33,0.0509,0.352,NOMINAL,NOMINAL,NORMAL,0,
1642344300.0,1786269807.5846708,1,2.37,0.2924,,1.618,0.068,0.467,NOMINAL,NOMINAL,NORMAL,0,
1642345200.0,1786269807.7091649,1,2.3025,0.2395,,1.261,0.0546,0.368,NOMINAL,NOMINAL,NORMAL,0,
1642346100.0,1786269807.8334584,1,2.029,0.1949,,1.399,0.0512,0.355,NOMINAL,NOMINAL,NORMAL,0,
1642347000.0,1786269807.957707,1,1.3808,0.2882,,1.181,0.0476,0.344,NOMINAL,NOMINAL,TRIGGERED,1,omni_p6
1642347900.0,1786269808.0833898,1,1.746,0.2409,,1.378,0.0703,0.558,NOMINAL,NOMINAL,NORMAL,0,
1642348800.0,1786269808.2099476,1,2.3895,0.3017,,1.879,0.0693,0.486,NOMINAL,NOMINAL,NORMAL,0,
1642349700.0,1786269808.3334649,1,1.8153,0.2045,,1.341,0.0541,0.379,NOMINAL,NOMINAL,NORMAL,0,
1642350600.0,1786269808.458272,1,1.8949,0.2479,,1.198,0.0487,0.356,NOMINAL,NOMINAL,NORMAL,0,
1642351500.0,1786269808.5852783,1,2.4131,0.3013,,2.11,0.0687,0.489,NOMINAL,NOMINAL,NORMAL,0,
1642352400.0,1786269808.7079422,1,1.5133,0.1469,,1.34,0.0485,0.355,NOMINAL,NOMINAL,NORMAL,0,
1642353300.0,1786269808.8335216,1,1.7451,0.2405,,1.525,0.0488,0.357,NOMINAL,NOMINAL,NORMAL,0,
1642354200.0,1786269808.9580035,1,1.825,0.1453,,0.959,0.0476,0.344,NOMINAL,NOMINAL,NORMAL,0,
1642355100.0,1786269809.0830553,1,1.7591,0.2321,,1.161,0.0496,0.356,NOMINAL,NOMINAL,NORMAL,0,
1642356000.0,1786269809.2083402,1,1.7316,0.2414,,1.284,0.0673,0.529,NOMINAL,NOMINAL,NORMAL,0,
1642356900.0,1786269809.332944,1,1.3374,0.2316,,1.398,0.0493,0.352,NOMINAL,NOMINAL,NORMAL,0,
1642357800.0,1786269809.4584928,1,1.7016,0.2438,,1.589,0.0484,0.35,NOMINAL,NOMINAL,NORMAL,0,
1642358700.0,1786269809.5838897,1,1.8778,0.2033,,1.503,0.0723,0.339,NOMINAL,NOMINAL,NORMAL,0,
1642359600.0,1786269809.70839,1,1.6572,0.1525,,1.237,0.0894,0.408,NOMINAL,NOMINAL,NORMAL,0,
1642360500.0,1786269809.8338635,1,2.3203,0.2369,,1.199,0.049,0.35,NOMINAL,NOMINAL,NORMAL,0,
1642361400.0,1786269809.9596047,1,2.4443,0.3235,,1.605,0.065,0.514,NOMINAL,NOMINAL,NORMAL,0,
1642362300.0,1786269810.083153,1,1.8035,0.2383,,1.168,0.0498,0.353,NOMINAL,NOMINAL,NORMAL,0,
1642363200.0,1786269810.209142,1,1.9568,0.2021,,1.394,0.0515,0.368,NOMINAL,NOMINAL,NORMAL,0,
1642364100.0,1786269810.3333077,1,1.7995,0.2005,,1.24,0.0508,0.363,NOMINAL,NOMINAL,NORMAL,0,
1642365000.0,1786269810.4587302,1,1.7414,0.433,,1.707,0.052,0.357,NOMINAL,NOMINAL,NORMAL,0,
1642365900.0,1786269810.5837388,1,1.8806,0.1954,,1.306,0.052,0.361,NOMINAL,NOMINAL,NORMAL,0,
1642366800.0,1786269810.7103794,1,2.3781,0.297,,1.693,0.0684,0.49,NOMINAL,NOMINAL,NORMAL,0,
1642367700.0,1786269810.8349087,1,2.7211,0.2153,,1.358,0.0493,0.353,NOMINAL,NOMINAL,TRIGGERED,1,omni_p6
1642368600.0,1786269810.9596627,1,2.4515,0.2927,,1.674,0.0649,0.458,NOMINAL,NOMINAL,NORMAL,0,
1642369500.0,1786269811.0831943,1,1.839,0.2426,,1.163,0.0502,0.351,NOMINAL,NOMINAL,NORMAL,0,
1642370400.0,1786269811.209632,1,2.3949,0.2039,,1.434,0.0537,0.383,NOMINAL,NOMINAL,NORMAL,0,
1642371300.0,1786269811.3347082,1,2.4232,0.3004,,1.387,0.0679,0.46,NOMINAL,NOMINAL,NORMAL,0,
1642372200.0,1786269811.4576402,1,1.5666,0.2303,,1.217,0.0498,0.356,NOMINAL,NOMINAL,NORMAL,0,
1642373100.0,1786269811.5837567,1,1.842,0.2106,,1.646,0.0514,0.376,NOMINAL,NOMINAL,TRIGGERED,1,omni_p6
1642374000.0,1786269811.7121916,1,2.4098,0.3025,,2.159,0.533,2.194,NOMINAL,PRE_ALERT,TRIGGERED,2,omni_p6
1642374900.0,1786269811.8351557,1,2.0445,0.2334,,1.426,0.0828,1.509,PRE_ALERT,NOMINAL,NORMAL,0,
1642375800.0,1786269811.9582045,1,1.6085,0.1947,,1.362,0.053,0.359,NOMINAL,NOMINAL,NORMAL,0,
1642376700.0,1786269812.083109,1,1.8585,0.1492,,0.977,0.0493,0.346,NOMINAL,NOMINAL,NORMAL,0,
1642377600.0,1786269812.2095113,1,1.5702,0.2252,1.0512,1.831,0.068,0.485,NOMINAL,NOMINAL,NORMAL,0,
1642378500.0,1786269812.3323176,1,1.6719,0.2076,,0.824,0.0611,0.311,NOMINAL,NOMINAL,NORMAL,0,
1642379400.0,1786269812.4591064,1,2.2018,0.2907,,1.556,0.0537,0.416,NOMINAL,NOMINAL,TRIGGERED,1,omni_p6
1642380300.0,1786269812.5863287,1,2.314,0.3103,,1.675,0.1496,2.463,NOMINAL,PRE_ALERT,TRIGGERED,2,omni_p6
1642381200.0,1786269812.7110858,1,2.1288,0.283,,1.762,0.1053,2.271,PRE_ALERT,NOMINAL,NORMAL,0,
1642382100.0,1786269812.8330185,1,1.6683,0.2405,,1.257,0.0662,0.482,NOMINAL,NOMINAL,NORMAL,0,
1642383000.0,1786269812.9580715,1,1.686,0.2381,,1.419,0.0357,0.297,NOMINAL,NOMINAL,NORMAL,0,
1642383900.0,1786269813.0826454,1,1.6503,0.1882,,1.209,0.0374,0.275,NOMINAL,NOMINAL,NORMAL,0,
1642384800.0,1786269813.2077396,1,1.7023,0.2356,,1.16,0.0508,0.354,NOMINAL,NOMINAL,NORMAL,0,
1642385700.0,1786269813.33334,1,1.6811,0.2899,,1.57,0.0652,0.475,NOMINAL,NOMINAL,TRIGGERED,1,omni_p6
1642386600.0,1786269813.4604874,1,2.2151,0.3013,,1.666,0.0844,1.676,NOMINAL,PRE_ALERT,TRIGGERED,2,omni_p6
1642387500.0,1786269813.5858743,1,2.218,0.2911,,1.664,0.1083,2.328,PRE_ALERT,NOMINAL,NORMAL,0,
1642388400.0,1786269813.7072096,1,1.3192,0.1507,,1.081,0.0493,0.35,NOMINAL,NOMINAL,NORMAL,0,
1642389300.0,1786269813.8326957,1,1.6257,0.2344,,1.162,0.0466,0.344,NOMINAL,NOMINAL,NORMAL,0,
1642390200.0,1786269813.9592953,1,2.2473,0.2853,,1.593,0.0661,0.468,NOMINAL,NOMINAL,NORMAL,0,
1642391100.0,1786269814.082517,1,1.5147,0.24,,1.175,0.0495,0.351,NOMINAL,NOMINAL,NORMAL,0,
1642392000.0,1786269814.2079337,1,1.8546,0.2457,,1.148,0.0456,0.351,NOMINAL,NOMINAL,TRIGGERED,1,omni_p6
1642392900.0,1786269814.3342252,1,2.2776,0.2942,,1.677,0.0651,0.479,NOMINAL,NOMINAL,NORMAL,0,
1642393800.0,1786269814.457171,1,1.2333,0.1469,,1.151,0.0486,0.36,NOMINAL,NOMINAL,NORMAL,0,
1642394700.0,1786269814.583574,1,1.8069,0.2121,,1.55,0.0577,0.429,NOMINAL,NOMINAL,NORMAL,0,
1642395600.0,1786269814.709837,1,2.2653,0.2923,,1.832,0.0716,0.51,NOMINAL,NOMINAL,NORMAL,0,
1642396500.0,1786269814.832839,1,1.6633,0.2409,,1.258,0.0495,0.36,NOMINAL,NOMINAL,NORMAL,0,
1642397400.0,1786269814.9580734,1,1.6384,0.2194,,1.38,0.0532,0.37,NOMINAL,NOMINAL,NORMAL,0,
1642398300.0,1786269815.0827138,1,1.5651,0.1833,,1.367,0.0535,0.346,NOMINAL,NOMINAL,NORMAL,0,
1642399200.0,1786269815.2079966,1,1.8348,0.2351,,1.174,0.0494,0.358,NOMINAL,NOMINAL,NORMAL,0,
1642400100.0,1786269815.3327813,1,1.5753,0.2439,,1.171,0.0508,0.354,NOMINAL,NOMINAL,NORMAL,0,
1642401000.0,1786269815.4601347,1,2.7437,0.3051,,1.565,0.0588,0.395,NOMINAL,NOMINAL,NORMAL,0,
1642401900.0,1786269815.5841906,1,2.6791,0.2173,,1.384,0.054,0.396,NOMINAL,NOMINAL,NORMAL,0,
1642402800.0,1786269815.7084703,1,1.6381,0.1618,,1.226,0.0503,0.412,NOMINAL,NOMINAL,NORMAL,0,
1642403700.0,1786269815.8333943,1,1.7624,0.2526,,1.452,0.0504,0.356,NOMINAL,NOMINAL,NORMAL,0,
1642404600.0,1786269815.9591694,1,1.848,0.3079,,1.714,0.0653,0.469,NOMINAL,NOMINAL,NORMAL,0,
1642405500.0,1786269816.0853374,1,2.4642,0.3052,,2.057,0.0695,0.485,NOMINAL,NOMINAL,NORMAL,0,
1642406400.0,1786269816.2088459,1,1.7788,0.7275,,1.24,0.0513,0.362,NOMINAL,NOMINAL,NORMAL,0,
1642407300.0,1786269816.333646,1,1.969,0.238,,1.233,0.0505,0.354,NOMINAL,NOMINAL,NORMAL,0,
1642408200.0,1786269816.4581528,1,1.7737,0.2752,,1.152,0.0474,0.346,NOMINAL,NOMINAL,TRIGGERED,1,omni_p6
1642409100.0,1786269816.5849903,1,2.1662,0.2461,,1.795,0.0578,0.384,NOMINAL,NOMINAL,NORMAL,0,
1642410000.0,1786269816.7083988,1,1.7999,0.204,,1.23,0.0542,0.393,NOMINAL,NOMINAL,NORMAL,0,
1642410900.0,1786269816.832999,1,1.3958,0.2433,,1.249,0.0507,0.36,NOMINAL,NOMINAL,NORMAL,0,
1642411800.0,1786269816.9593644,1,1.8263,0.2989,,2.096,0.0702,0.48,NOMINAL,NOMINAL,NORMAL,0,
1642412700.0,1786269817.085496,1,2.5342,0.3056,,2.051,0.0686,0.48,NOMINAL,NOMINAL,NORMAL,0,
1642413600.0,1786269817.208974,1,1.7847,0.2589,,1.863,0.0481,0.357,NOMINAL,NOMINAL,TRIGGERED,1,omni_p6
1642414500.0,1786269817.3344543,1,1.8318,0.2078,,1.468,0.0534,1.215,NOMINAL,PRE_ALERT,TRIGGERED,2,omni_p6
1642415400.0,1786269817.4611773,1,2.5268,0.3072,,1.629,0.0861,1.593,PRE_ALERT,NOMINAL,NORMAL,0,
1642416300.0,1786269817.584289,1,2.3848,0.3136,,1.57,0.0519,0.403,NOMINAL,NOMINAL,NORMAL,0,
1642417200.0,1786269817.7084465,1,1.7724,0.2035,,1.355,0.0523,0.419,NOMINAL,NOMINAL,NORMAL,0,
1642418100.0,1786269817.8330867,1,1.694,0.1559,,1.193,0.0465,0.349,NOMINAL,NOMINAL,NORMAL,0,
1642419000.0,1786269817.9596202,1,1.7946,0.2952,,2.039,0.066,0.493,NOMINAL,NOMINAL,NORMAL,0,
1642419900.0,1786269818.0852346,1,2.429,0.3046,,2.033,0.0612,0.47,NOMINAL,NOMINAL,TRIGGERED,1,omni_p6
1642420800.0,1786269818.2098854,1,1.5546,0.1641,,1.226,0.0547,1.923,NOMINAL,PRE_ALERT,TRIGGERED,2,omni_p6
1642421700.0,1786269818.3352768,1,1.8061,0.2558,,1.677,0.0739,1.965,PRE_ALERT,NOMINAL,NORMAL,0,
1642422600.0,1786269818.4592497,1,1.8214,0.2951,,2.037,0.0678,0.474,NOMINAL,NOMINAL,NORMAL,0,
1642423500.0,1786269818.5839746,1,1.9817,0.2086,,1.43,0.0582,0.385,NOMINAL,NOMINAL,NORMAL,0,
1642424400.0,1786269818.70849,1,1.7541,0.1777,,1.157,0.0481,0.386,NOMINAL,NOMINAL,NORMAL,0,
1642425300.0,1786269818.8332012,1,1.6878,0.2373,,1.411,0.0481,0.351,NOMINAL,NOMINAL,NORMAL,0,
1642426200.0,1786269818.9597018,1,2.3514,0.3034,,2.03,0.0549,0.42,NOMINAL,NOMINAL,TRIGGERED,1,omni_p6
1642427100.0,1786269819.0851727,1,2.3477,0.2855,,2.075,0.067,0.461,NOMINAL,NOMINAL,NORMAL,0,
1642428000.0,1786269819.2085736,1,1.72,0.1949,,1.418,0.0514,0.374,NOMINAL,NOMINAL,NORMAL,0,
1642428900.0,1786269819.3332558,1,1.7381,0.4268,,1.141,0.048,0.349,NOMINAL,NOMINAL,NORMAL,0,
1642429800.0,1786269819.4580152,1,1.7742,0.1964,,1.014,0.0347,0.25,NOMINAL,NOMINAL,NORMAL,0,
1642430700.0,1786269819.5828748,1,1.5038,0.194,,1.266,0.0628,0.446,NOMINAL,NOMINAL,NORMAL,0,
1642431600.0,1786269819.7090654,1,2.2052,0.2111,,1.391,0.0501,0.368,NOMINAL,NOMINAL,TRIGGERED,1,omni_p6
1642432500.0,1786269819.8343859,1,1.5813,0.2318,,1.181,0.0717,1.952,NOMINAL,PRE_ALERT,TRIGGERED,2,omni_p6
1642433400.0,1786269819.9587467,1,1.2383,0.1536,,1.098,0.074,1.969,PRE_ALERT,NOMINAL,NORMAL,0,
1642434300.0,1786269820.0831392,1,1.6781,0.2029,,1.305,0.0534,0.367,NOMINAL,NOMINAL,NORMAL,0,
1642435200.0,1786269820.2079985,1,1.638,0.2384,,1.312,0.0493,0.348,NOMINAL,NOMINAL,NORMAL,0,
1642436100.0,1786269820.3336747,1,1.9139,0.195,,1.652,0.0541,0.369,NOMINAL,NOMINAL,NORMAL,0,
1642437000.0,1786269820.458661,1,1.7093,0.2979,,1.659,0.0658,0.471,NOMINAL,NOMINAL,NORMAL,0,
1642437900.0,1786269820.5825222,1,1.4967,0.2363,,1.183,0.0487,0.347,NOMINAL,NOMINAL,NORMAL,0,
1642438800.0,1786269820.7084439,1,1.7871,0.2007,,1.218,0.0346,0.258,NOMINAL,NOMINAL,NORMAL,0,
1642439700.0,1786269820.8328578,1,1.6817,0.3164,,1.263,0.05,0.357,NOMINAL,NOMINAL,NORMAL,0,
1642440600.0,1786269820.9584136,1,1.757,0.1856,,1.394,0.0515,0.386,NOMINAL,NOMINAL,NORMAL,0,
1642441500.0,1786269821.0825057,1,1.7223,0.1953,,0.864,0.0404,0.307,NOMINAL,NOMINAL,NORMAL,0,
1642442400.0,1786269821.2080765,1,1.69,0.1493,,1.196,0.0495,0.352,NOMINAL,NOMINAL,NORMAL,0,
1642443300.0,1786269821.332057,1,1.173,0.15,,1.239,0.0511,0.367,NOMINAL,NOMINAL,NORMAL,0,
1642444200.0,1786269821.4583523,1,1.6919,0.2431,,1.4,0.0695,0.476,NOMINAL,NOMINAL,NORMAL,0,
1642445100.0,1786269821.5838587,1,2.156,0.2024,,1.415,0.0533,0.387,NOMINAL,NOMINAL,NORMAL,0,
1642446000.0,1786269821.7083764,1,1.9866,0.222,,1.376,0.0876,0.408,NOMINAL,NOMINAL,NORMAL,0,
1642446900.0,1786269821.8343847,1,2.2027,0.3361,,1.633,0.0657,0.481,NOMINAL,NOMINAL,NORMAL,0,
1642447800.0,1786269821.956729,1,1.118,0.1411,,1.117,0.034,0.274,NOMINAL,NOMINAL,NORMAL,0,
1642448700.0,1786269822.0835507,1,1.678,0.1966,,1.684,0.0546,0.382,NOMINAL,NOMINAL,NORMAL,0,
1642449600.0,1786269822.209665,1,2.2405,0.2922,,1.852,0.053,0.366,NOMINAL,NOMINAL,NORMAL,0,
1642450500.0,1786269822.333271,1,1.7232,0.2389,,1.439,0.0496,0.354,NOMINAL,NOMINAL,NORMAL,0,
1642451400.0,1786269822.4580522,1,1.7575,0.1968,,1.209,0.0349,0.251,NOMINAL,NOMINAL,NORMAL,0,
1642452300.0,1786269822.583996,1,2.228,0.2124,,1.4,0.0491,0.371,NOMINAL,NOMINAL,TRIGGERED,1,omni_p6
1642453200.0,1786269822.7099285,1,2.1337,0.2008,,1.318,0.08,1.569,NOMINAL,PRE_ALERT,TRIGGERED,2,omni_p6
1642454100.0,1786269822.8342206,1,1.6942,0.1885,,1.382,0.0822,1.401,PRE_ALERT,NOMINAL,NORMAL,0,
1642455000.0,1786269822.9585505,1,1.6715,0.2969,,1.699,0.0663,0.468,NOMINAL,NOMINAL,NORMAL,0,
1642455900.0,1786269823.085087,1,2.3611,0.2892,,2.0,0.0675,0.478,NOMINAL,NOMINAL,NORMAL,0,
1642456800.0,1786269823.2078965,1,1.2325,0.2365,,1.439,0.0482,0.35,NOMINAL,NOMINAL,NORMAL,0,
1642457700.0,1786269823.3335898,1,1.7306,0.1944,,1.578,0.0509,0.371,NOMINAL,NOMINAL,NORMAL,0,
1642458600.0,1786269823.457713,1,1.4788,0.1876,,1.106,0.0464,0.354,NOMINAL,NOMINAL,TRIGGERED,1,omni_p6
1642459500.0,1786269823.5847406,1,1.6434,0.2363,,1.347,0.0726,2.147,NOMINAL,PRE_ALERT,TRIGGERED,2,omni_p6
1642460400.0,1786269823.7100034,1,2.0281,0.2687,,1.444,0.0845,1.512,PRE_ALERT,NOMINAL,NORMAL,0,
1642461300.0,1786269823.8340416,1,1.9719,0.2669,,1.649,0.067,0.464,NOMINAL,NOMINAL,NORMAL,0,
1642462200.0,1786269823.9574966,1,1.3156,0.2638,,1.178,0.048,0.348,NOMINAL,NOMINAL,NORMAL,0,
1642463100.0,1786269824.082869,1,1.7294,0.2383,,1.13,0.0488,0.345,NOMINAL,NOMINAL,NORMAL,0,
1642464000.0,1786269824.2104383,1,2.2305,0.2574,1.1637,1.463,0.0516,0.394,NOMINAL,NOMINAL,NORMAL,0,
1642464900.0,1786269824.3337219,1,1.7756,0.2021,,1.688,0.0487,0.371,NOMINAL,NOMINAL,TRIGGERED,1,omni_p6
1642465800.0,1786269824.4592342,1,1.756,0.197,,1.303,0.0802,1.385,NOMINAL,PRE_ALERT,TRIGGERED,2,omni_p6
1642466700.0,1786269824.5856824,1,2.2738,0.2492,,1.757,0.0923,1.869,PRE_ALERT,NOMINAL,NORMAL,0,
1642467600.0,1786269824.7102897,1,2.3361,0.2261,,2.116,0.0542,0.381,NOMINAL,NOMINAL,NORMAL,0,
1642468500.0,1786269824.8331974,1,1.3299,0.2362,,1.444,0.0484,0.36,NOMINAL,NOMINAL,NORMAL,0,
1642469400.0,1786269824.9580944,1,1.4694,0.2948,,1.415,0.0485,0.35,NOMINAL,NOMINAL,NORMAL,0,
1642470300.0,1786269825.0852535,1,2.4135,0.2958,,2.042,0.0616,0.461,NOMINAL,NOMINAL,TRIGGERED,1,omni_p6
1642471200.0,1786269825.2112002,1,2.328,0.2957,,1.903,0.0853,1.583,NOMINAL,PRE_ALERT,TRIGGERED,2,omni_p6
1642472100.0,1786269825.3347657,1,1.7318,0.2412,,1.203,0.0731,2.023,PRE_ALERT,NOMINAL,NORMAL,0,
1642473000.0,1786269825.4591649,1,2.1396,0.2878,,1.654,0.0659,0.467,NOMINAL,NOMINAL,NORMAL,0,
1642473900.0,1786269825.5848448,1,2.7449,0.3186,,1.59,0.0544,0.376,NOMINAL,NOMINAL,NORMAL,0,
1642474800.0,1786269825.7089531,1,1.9045,0.2423,,1.414,0.0538,0.372,NOMINAL,NOMINAL,NORMAL,0,
1642475700.0,1786269825.8329122,1,1.3287,0.2457,,1.221,0.049,0.349,NOMINAL,NOMINAL,NORMAL,0,
1642476600.0,1786269825.959279,1,2.4949,0.2263,,1.411,0.0514,0.393,NOMINAL,NOMINAL,TRIGGERED,1,omni_p6
1642477500.0,1786269826.0847805,1,1.922,0.197,,1.659,0.0542,1.429,NOMINAL,PRE_ALERT,TRIGGERED,2,omni_p6
1642478400.0,1786269826.2093427,1,1.6253,0.2412,,1.183,0.0722,2.003,PRE_ALERT,NOMINAL,NORMAL,0,
1642479300.0,1786269826.3346572,1,2.7239,0.3222,,1.516,0.0671,0.484,NOMINAL,NOMINAL,NORMAL,0,
1642480200.0,1786269826.4600399,1,2.4246,0.288,,2.036,0.0687,0.476,NOMINAL,NOMINAL,NORMAL,0,
1642481100.0,1786269826.5828664,1,1.6801,0.2309,,1.218,0.051,0.352,NOMINAL,NOMINAL,NORMAL,0,
1642482000.0,1786269826.7091026,1,2.1311,0.2385,,1.386,0.0493,0.369,NOMINAL,NOMINAL,NORMAL,0,
1642482900.0,1786269826.8326144,1,1.4444,0.1465,,1.199,0.0496,0.359,NOMINAL,NOMINAL,NORMAL,0,
1642483800.0,1786269826.9587715,1,1.6827,0.4421,,1.665,0.0665,0.474,NOMINAL,NOMINAL,NORMAL,0,
1642484700.0,1786269827.0838678,1,1.9022,0.1922,,1.648,0.0496,0.362,NOMINAL,NOMINAL,NORMAL,0,
1642485600.0,1786269827.208254,1,1.791,0.2438,,1.407,0.0495,0.403,NOMINAL,NOMINAL,NORMAL,0,
1642486500.0,1786269827.3342683,1,2.364,0.3306,,1.53,0.0681,0.461,NOMINAL,NOMINAL,NORMAL,0,
1642487400.0,1786269827.4590778,1,1.9234,0.1974,,1.402,0.0498,0.37,NOMINAL,NOMINAL,NORMAL,0,
1642488300.0,1786269827.5833435,1,1.82,0.2399,,1.37,0.0483,0.348,NOMINAL,NOMINAL,NORMAL,0,
1642489200.0,1786269827.7090442,1,1.9694,0.2429,,1.533,0.0475,0.346,NOMINAL,NOMINAL,NORMAL,0,
1642490100.0,1786269827.8350296,1,2.6553,0.2875,,1.63,0.0639,0.46,NOMINAL,NOMINAL,NORMAL,0,
1642491000.0,1786269827.9580963,1,1.7365,0.2013,,1.254,0.0338,0.244,NOMINAL,NOMINAL,NORMAL,0,
1642491900.0,1786269828.0830073,1,1.7001,0.2396,,1.176,0.0494,0.353,NOMINAL,NOMINAL,NORMAL,0,
1642492800.0,1786269828.2103713,1,2.3983,0.3035,,1.879,0.068,0.453,NOMINAL,NOMINAL,TRIGGERED,1,omni_p6
1642493700.0,1786269828.334245,1,2.2642,0.2428,,1.74,0.0709,0.464,NOMINAL,NOMINAL,NORMAL,0,
1642494600.0,1786269828.4604564,1,2.6054,0.3159,,1.746,0.1297,0.545,NOMINAL,NOMINAL,NORMAL,0,
1642495500.0,1786269828.5833156,1,1.8171,0.2426,,1.437,0.0486,0.352,NOMINAL,NOMINAL,NORMAL,0,
1642496400.0,1786269828.709821,1,1.8341,0.2035,,1.941,0.0546,0.376,NOMINAL,NOMINAL,TRIGGERED,1,omni_p6
1642497300.0,1786269828.8331926,1,1.754,0.1506,,1.233,0.0498,0.348,NOMINAL,NOMINAL,NORMAL,0,
1642498200.0,1786269828.9606311,1,2.7775,0.2066,,2.091,0.0533,0.375,NOMINAL,NOMINAL,NORMAL,0,
1642499100.0,1786269829.0850294,1,2.4589,0.291,,1.985,0.0645,0.473,NOMINAL,NOMINAL,TRIGGERED,1,omni_p6
1642500000.0,1786269829.2082736,1,1.4118,0.2417,,1.442,0.0491,0.402,NOMINAL,NOMINAL,NORMAL,0,
1642500900.0,1786269829.3351717,1,2.6407,0.2007,,1.985,0.0544,0.372,NOMINAL,NOMINAL,NORMAL,0,
1642501800.0,1786269829.4585066,1,1.8366,0.1934,,1.422,0.0348,0.245,NOMINAL,NOMINAL,NORMAL,0,
1642502700.0,1786269829.584834,1,2.2528,0.2533,,1.733,0.0642,0.444,NOMINAL,NOMINAL,NORMAL,0,
1642503600.0,1786269829.7088995,1,1.955,0.2439,,1.258,0.0492,0.354,NOMINAL,NOMINAL,NORMAL,0,
1642504500.0,1786269829.832852,1,1.8005,0.1766,,0.939,0.0331,0.287,NOMINAL,NOMINAL,TRIGGERED,1,omni_p6
1642505400.0,1786269829.9611528,1,2.3424,0.431,,1.817,0.0855,1.621,NOMINAL,PRE_ALERT,TRIGGERED,2,omni_p6
1642506300.0,1786269830.0858762,1,2.1772,0.2826,,1.619,0.1236,2.336,PRE_ALERT,NOMINAL,NORMAL,0,
1642507200.0,1786269830.2095518,1,2.2623,0.2905,,1.631,0.0637,0.474,NOMINAL,NOMINAL,NORMAL,0,
1642508100.0,1786269830.3337114,1,2.1275,0.1942,,1.267,0.0487,0.354,NOMINAL,NOMINAL,NORMAL,0,
1642509000.0,1786269830.4584677,1,1.7763,0.1906,,1.376,0.053,0.382,NOMINAL,NOMINAL,NORMAL,0,
1642509900.0,1786269830.5851493,1,2.4636,0.2913,,1.91,0.0672,0.436,NOMINAL,NOMINAL,NORMAL,0,
1642510800.0,1786269830.7100728,1,2.3942,0.3017,,1.955,0.0644,0.481,NOMINAL,NOMINAL,TRIGGERED,1,omni_p6
1642511700.0,1786269830.8349774,1,1.7383,0.1925,,1.333,0.079,1.988,NOMINAL,PRE_ALERT,TRIGGERED,2,omni_p6
1642512600.0,1786269830.9612987,1,2.3887,0.2911,,1.855,0.0812,1.56,PRE_ALERT,NOMINAL,NORMAL,0,
1642513500.0,1786269831.085404,1,2.711,0.2947,,1.938,0.0672,0.453,NOMINAL,NOMINAL,NORMAL,0,
1642514400.0,1786269831.2078454,1,1.382,0.2286,,1.152,0.0484,0.352,NOMINAL,NOMINAL,NORMAL,0,
1642515300.0,1786269831.3345065,1,2.7065,0.2064,,1.233,0.0519,0.359,NOMINAL,NOMINAL,NORMAL,0,
1642516200.0,1786269831.458366,1,1.799,0.1909,,1.222,0.0512,0.354,NOMINAL,NOMINAL,NORMAL,0,
1642517100.0,1786269831.5858564,1,2.3285,0.3013,,2.363,0.0522,0.407,NOMINAL,NOMINAL,TRIGGERED,1,omni_p6
1642518000.0,1786269831.710363,1,2.2403,0.2054,,1.243,0.0818,1.546,NOMINAL,PRE_ALERT,TRIGGERED,2,omni_p6
1642518900.0,1786269831.834971,1,1.7462,0.1893,,1.349,0.053,1.999,PRE_ALERT,NOMINAL,NORMAL,0,
1642519800.0,1786269831.9596,1,2.3793,0.3758,,1.491,0.0601,0.391,NOMINAL,NOMINAL,NORMAL,0,
1642520700.0,1786269832.0845158,1,2.1901,0.2913,,1.953,0.0686,0.53,NOMINAL,NOMINAL,NORMAL,0,
1642521600.0,1786269832.2077105,1,1.5663,0.1508,,0.991,0.0453,0.342,NOMINAL,NOMINAL,NORMAL,0,
1642522500.0,1786269832.3343005,1,2.2523,0.2715,,1.582,0.0518,0.358,NOMINAL,NOMINAL,NORMAL,0,
1642523400.0,1786269832.4593043,1,2.4039,0.2879,,1.549,0.0655,0.445,NOMINAL,NOMINAL,NORMAL,0,
1642524300.0,1786269832.5828557,1,1.3526,0.2374,,1.182,0.0498,0.353,NOMINAL,NOMINAL,NORMAL,0,
1642525200.0,1786269832.7089126,1,1.9706,0.2005,,1.4,0.0538,0.378,NOMINAL,NOMINAL,NORMAL,0,
1642526100.0,1786269832.8347166,1,2.3119,0.2841,,1.605,0.0653,0.465,NOMINAL,NOMINAL,NORMAL,0,
1642527000.0,1786269832.9579463,1,1.7128,0.2381,,1.138,0.0489,0.354,NOMINAL,NOMINAL,NORMAL,0,
1642527900.0,1786269833.0838084,1,1.7739,0.1985,,1.675,0.0543,0.373,NOMINAL,NOMINAL,NORMAL,0,
1642528800.0,1786269833.2100475,1,2.2935,0.2885,,1.966,0.0663,0.461,NOMINAL,NOMINAL,NORMAL,0,
1642529700.0,1786269833.3331964,1,1.7136,0.2372,,1.374,0.0491,0.354,NOMINAL,NOMINAL,NORMAL,0,
1642530600.0,1786269833.4583273,1,1.5973,0.1464,,1.272,0.0472,0.348,NOMINAL,NOMINAL,NORMAL,0,
1642531500.0,1786269833.583198,1,1.3814,0.2375,,1.444,0.0489,0.351,NOMINAL,NOMINAL,NORMAL,0,
1642532400.0,1786269833.7098098,1,2.5768,0.1949,,1.72,0.0525,0.37,NOMINAL,NOMINAL,NORMAL,0,
1642533300.0,1786269833.834978,1,2.2611,0.2864,,1.945,0.0651,0.459,NOMINAL,NOMINAL,NORMAL,0,
1642534200.0,1786269833.9581518,1,1.6887,0.2867,,1.392,0.0484,0.346,NOMINAL,NOMINAL,NORMAL,0,
1642535100.0,1786269834.084546,1,2.2677,0.1935,,1.696,0.0496,0.365,NOMINAL,NOMINAL,NORMAL,0,
1642536000.0,1786269834.2101364,1,2.2914,0.2842,,2.046,0.0639,0.462,NOMINAL,NOMINAL,NORMAL,0,
1642536900.0,1786269834.3330343,1,1.7324,0.239,,1.163,0.0508,0.357,NOMINAL,NOMINAL,NORMAL,0,
1642537800.0,1786269834.4590592,1,2.3369,0.2262,,1.46,0.0508,0.358,NOMINAL,NOMINAL,TRIGGERED,1,omni_p6
1642538700.0,1786269834.5851169,1,2.2285,0.2526,,2.003,0.0631,0.459,NOMINAL,NOMINAL,NORMAL,0,
1642539600.0,1786269834.708416,1,1.7335,0.2431,,1.24,0.0694,0.555,NOMINAL,NOMINAL,NORMAL,0,
1642540500.0,1786269834.8337777,1,1.7926,0.1989,,1.46,0.0352,0.247,NOMINAL,NOMINAL,NORMAL,0,
1642541400.0,1786269834.9581442,1,1.7208,0.3068,,1.384,0.0476,0.348,NOMINAL,NOMINAL,NORMAL,0,
1642542300.0,1786269835.084737,1,2.6635,0.227,,1.398,0.0553,0.383,NOMINAL,NOMINAL,NORMAL,0,
1642543200.0,1786269835.2083566,1,1.8072,0.1854,,1.113,0.0815,0.395,NOMINAL,NOMINAL,NORMAL,0,
1642544100.0,1786269835.3348975,1,2.4564,0.3285,,1.638,0.0508,0.36,NOMINAL,NOMINAL,TRIGGERED,1,omni_p6
1642545000.0,1786269835.4598799,1,2.7235,0.3147,,1.675,0.0657,0.464,NOMINAL,NOMINAL,NORMAL,0,
1642545900.0,1786269835.5854466,1,2.5064,0.2966,,1.84,0.0686,0.477,NOMINAL,NOMINAL,NORMAL,0,
1642546800.0,1786269835.7097328,1,2.2268,0.2065,,1.78,0.0542,0.386,NOMINAL,NOMINAL,NORMAL,0,
1642547700.0,1786269835.833507,1,1.6142,0.3406,,1.757,0.0683,0.473,NOMINAL,NOMINAL,NORMAL,0,
1642548600.0,1786269835.9571161,1,1.1539,0.2293,,1.205,0.0488,0.353,NOMINAL,NOMINAL,NORMAL,0,
1642549500.0,1786269836.0835187,1,1.872,0.1925,,1.441,0.0527,0.377,NOMINAL,NOMINAL,TRIGGERED,1,omni_p6
1642550400.0,1786269836.212741,1,2.1926,0.2777,1.1634,1.666,0.1082,2.541,NOMINAL,PRE_ALERT,TRIGGERED,2,omni_p6
1642551300.0,1786269836.3343186,1,1.5996,0.2371,,1.368,0.0738,1.933,PRE_ALERT,NOMINAL,NORMAL,0,
1642552200.0,1786269836.4584076,1,1.6816,0.1864,,1.638,0.0489,0.357,NOMINAL,NOMINAL,NORMAL,0,
1642553100.0,1786269836.5828316,1,1.6273,0.1479,,1.207,0.0477,0.347,NOMINAL,NOMINAL,NORMAL,0,
1642554000.0,1786269836.7091215,1,2.1919,0.2308,,1.559,0.0535,0.383,NOMINAL,NOMINAL,NORMAL,0,
1642554900.0,1786269836.8329322,1,1.6294,0.1834,,1.387,0.0512,0.354,NOMINAL,NOMINAL,NORMAL,0,
1642555800.0,1786269836.9589975,1,2.0152,0.2671,,1.655,0.0621,0.465,NOMINAL,NOMINAL,TRIGGERED,1,omni_p6
1642556700.0,1786269837.085658,1,1.7549,0.241,,1.702,0.1058,2.4,NOMINAL,PRE_ALERT,TRIGGERED,2,omni_p6
1642557600.0,1786269837.2096584,1,1.7436,0.1939,,1.224,0.0543,1.887,PRE_ALERT,NOMINAL,NORMAL,0,
1642558500.0,1786269837.3350446,1,2.2439,0.3545,,2.382,0.0611,0.403,NOMINAL,NOMINAL,NORMAL,0,
1642559400.0,1786269837.459043,1,1.8852,0.2848,,1.955,0.0665,0.47,NOMINAL,NOMINAL,NORMAL,0,
1642560300.0,1786269837.5847778,1,2.44,0.2863,,1.712,0.0659,0.464,NOMINAL,NOMINAL,NORMAL,0,
1642561200.0,1786269837.7082498,1,1.72,0.2438,,1.388,0.0508,0.4,NOMINAL,NOMINAL,NORMAL,0,
1642562100.0,1786269837.8334894,1,1.6551,0.2414,,1.691,0.0641,0.552,NOMINAL,NOMINAL,TRIGGERED,1,omni_p6
1642563000.0,1786269837.9595366,1,1.3267,0.3337,,1.19,0.0733,1.972,NOMINAL,PRE_ALERT,TRIGGERED,2,omni_p6
1642563900.0,1786269838.0855675,1,2.2332,0.2158,,1.412,0.09,1.586,PRE_ALERT,NOMINAL,NORMAL,0,
1642564800.0,1786269838.2092166,1,1.9055,0.2158,,1.556,0.0524,0.379,NOMINAL,NOMINAL,NORMAL,0,
1642565700.0,1786269838.3350525,1,2.8151,0.2331,,1.532,0.0514,0.366,NOMINAL,NOMINAL,NORMAL,0,
1642566600.0,1786269838.4593952,1,2.4266,0.2866,,1.671,0.0691,0.478,NOMINAL,NOMINAL,NORMAL,0,
1642567500.0,1786269838.5852814,1,2.4084,0.2972,,2.087,0.0719,0.482,NOMINAL,NOMINAL,NORMAL,0,
1642568400.0,1786269838.7096267,1,2.1082,0.3057,,1.946,0.0568,0.378,NOMINAL,NOMINAL,NORMAL,0,
1642569300.0,1786269838.835633,1,2.4078,0.3004,,2.343,0.0665,0.465,NOMINAL,NOMINAL,NORMAL,0,
1642570200.0,1786269838.957733,1,1.6296,0.2982,,1.153,0.047,0.343,NOMINAL,NOMINAL,NORMAL,0,
1642571100.0,1786269839.0840156,1,1.8523,0.2105,,1.402,0.0545,0.377,NOMINAL,NOMINAL,NORMAL,0,
1642572000.0,1786269839.2082357,1,1.7408,0.1569,,1.263,0.0506,0.407,NOMINAL,NOMINAL,NORMAL,0,
1642572900.0,1786269839.335349,1,2.9993,0.2233,,1.592,0.0568,0.387,NOMINAL,NOMINAL,NORMAL,0,
1642573800.0,1786269839.4585843,1,2.0414,0.2004,,1.325,0.0497,0.355,NOMINAL,NOMINAL,NORMAL,0,
1642574700.0,1786269839.5842624,1,1.9741,0.232,,1.556,0.0552,0.442,NOMINAL,NOMINAL,NORMAL,0,
1642575600.0,1786269839.709458,1,2.1903,0.256,,1.781,0.0676,0.492,NOMINAL,NOMINAL,NORMAL,0,
1642576500.0,1786269839.8335917,1,1.8298,0.1993,,1.431,0.0541,0.341,NOMINAL,NOMINAL,NORMAL,0,
1642577400.0,1786269839.959784,1,2.2979,0.2925,,1.718,0.0664,0.482,NOMINAL,NOMINAL,NORMAL,0,
1642578300.0,1786269840.0855107,1,2.5752,0.2274,,1.807,0.0555,0.372,NOMINAL,NOMINAL,TRIGGERED,1,omni_p6
1642579200.0,1786269840.2087243,1,1.7808,0.2012,,1.712,0.035,0.244,NOMINAL,NOMINAL,NORMAL,0,
1642580100.0,1786269840.3326411,1,1.2898,0.2384,,1.13,0.048,0.349,NOMINAL,NOMINAL,NORMAL,0,
1642581000.0,1786269840.4589586,1,1.6876,0.3641,,1.695,0.0636,0.446,NOMINAL,NOMINAL,NORMAL,0,
1642581900.0,1786269840.5829465,1,1.726,0.1924,,1.05,0.0351,0.251,NOMINAL,NOMINAL,NORMAL,0,
1642582800.0,1786269840.7081707,1,1.3889,0.2262,,1.154,0.047,0.373,NOMINAL,NOMINAL,NORMAL,0,
1642583700.0,1786269840.8333714,1,2.1263,0.2305,,1.145,0.0466,0.332,NOMINAL,NOMINAL,NORMAL,0,
1642584600.0,1786269840.9597805,1,2.3444,0.3119,,1.756,0.054,0.415,NOMINAL,NOMINAL,TRIGGERED,1,omni_p6
1642585500.0,1786269841.084278,1,2.3001,0.2171,,1.356,0.0526,0.4,NOMINAL,NOMINAL,NORMAL,0,
1642586400.0,1786269841.208034,1,1.6233,0.205,,1.427,0.0507,0.364,NOMINAL,NOMINAL,NORMAL,0,
1642587300.0,1786269841.3341424,1,2.1094,0.2907,,1.676,0.065,0.466,NOMINAL,NOMINAL,NORMAL,0,
1642588200.0,1786269841.458306,1,1.947,0.1933,,1.326,0.0525,0.372,NOMINAL,NOMINAL,NORMAL,0,
1642589100.0,1786269841.584539,1,2.3898,0.2844,,1.757,0.068,0.539,NOMINAL,NOMINAL,NORMAL,0,
1642590000.0,1786269841.7074006,1,1.4687,0.1518,,1.039,0.0469,0.351,NOMINAL,NOMINAL,TRIGGERED,1,omni_p6
1642590900.0,1786269841.8346698,1,1.9348,0.2828,,1.508,0.0834,1.616,NOMINAL,PRE_ALERT,TRIGGERED,2,omni_p6
1642591800.0,1786269841.9591131,1,1.572,0.2128,,0.894,0.0773,2.19,PRE_ALERT,NOMINAL,NORMAL,0,
1642592700.0,1786269842.0827205,1,1.6656,0.239,,1.131,0.0504,0.358,NOMINAL,NOMINAL,NORMAL,0,
1642593600.0,1786269842.2093449,1,2.1895,0.2848,,1.694,0.0672,0.484,NOMINAL,NOMINAL,NORMAL,0,
1642594500.0,1786269842.333178,1,1.6994,0.195,,1.49,0.05,0.349,NOMINAL,NOMINAL,NORMAL,0,
1642595400.0,1786269842.458134,1,1.7215,0.2497,,1.316,0.0483,0.351,NOMINAL,NOMINAL,NORMAL,0,
1642596300.0,1786269842.5832443,1,1.8168,0.2105,,1.324,0.0624,0.307,NOMINAL,NOMINAL,TRIGGERED,1,omni_p6
1642597200.0,1786269842.7112443,1,2.2822,0.3057,,1.999,0.11,1.765,NOMINAL,PRE_ALERT,TRIGGERED,2,omni_p6
1642598100.0,1786269842.834753,1,1.8401,0.2043,,1.415,0.082,1.526,PRE_ALERT,NOMINAL,NORMAL,0,
1642599000.0,1786269842.957833,1,1.6833,0.2065,,0.873,0.0546,0.55,NOMINAL,NOMINAL,NORMAL,0,
1642599900.0,1786269843.0829682,1,1.7641,0.2451,,1.138,0.0479,0.347,NOMINAL,NOMINAL,NORMAL,0,
1642600800.0,1786269843.208339,1,2.0195,0.2047,,1.379,0.0487,0.406,NOMINAL,NOMINAL,NORMAL,0,
1642601700.0,1786269843.3326743,1,1.6115,0.1879,,1.237,0.0514,0.367,NOMINAL,NOMINAL,NORMAL,0,
1642602600.0,1786269843.4575856,1,1.6483,0.2405,,1.168,0.0468,0.353,NOMINAL,NOMINAL,TRIGGERED,1,omni_p6
1642603500.0,1786269843.58441,1,2.1849,0.2899,,2.034,0.068,0.537,NOMINAL,NOMINAL,NORMAL,0,
1642604400.0,1786269843.70931,1,2.2092,0.2897,,1.615,0.0664,0.479,NOMINAL,NOMINAL,NORMAL,0,
1642605300.0,1786269843.8333268,1,1.8118,0.188,,1.426,0.0539,0.375,NOMINAL,NOMINAL,NORMAL,0,
1642606200.0,1786269843.9591584,1,2.2392,0.2894,,1.729,0.0663,0.485,NOMINAL,NOMINAL,NORMAL,0,
1642607100.0,1786269844.0852215,1,2.3663,0.2912,,2.352,0.0516,0.371,NOMINAL,NOMINAL,NORMAL,0,
1642608000.0,1786269844.2082603,1,2.1197,0.2019,,1.076,0.0428,0.346,NOMINAL,NOMINAL,NORMAL,0,
1642608900.0,1786269844.3326645,1,1.7181,0.2022,,0.972,0.0425,0.317,NOMINAL,NOMINAL,TRIGGERED,1,omni_p6
1642609800.0,1786269844.4582958,1,1.7016,0.2422,,1.861,0.0465,0.333,NOMINAL,NOMINAL,NORMAL,0,
1642610700.0,1786269844.585821,1,2.6196,0.3188,,2.083,0.0615,0.457,NOMINAL,NOMINAL,NORMAL,0,
1642611600.0,1786269844.7093391,1,2.2132,0.2853,,1.543,0.0569,0.402,NOMINAL,NOMINAL,NORMAL,0,
1642612500.0,1786269844.8336403,1,1.7758,0.2451,,1.693,0.0611,0.43,NOMINAL,NOMINAL,NORMAL,0,
1642613400.0,1786269844.9576228,1,1.7391,0.1994,,0.978,0.0321,0.224,NOMINAL,NOMINAL,NORMAL,0,
1642614300.0,1786269845.0851207,1,2.3768,0.2925,,1.545,0.2633,1.097,NOMINAL,NOMINAL,NORMAL,0,
1642615200.0,1786269845.2084312,1,2.3541,0.2121,,1.098,0.0484,0.364,NOMINAL,NOMINAL,NORMAL,0,
1642616100.0,1786269845.3328607,1,1.8009,0.2028,,0.957,0.0495,0.329,NOMINAL,NOMINAL,NORMAL,0,
1642617000.0,1786269845.4576197,1,1.6404,0.2231,,1.159,0.0436,0.394,NOMINAL,NOMINAL,NORMAL,0,
1642617900.0,1786269845.5833254,1,1.8255,0.2395,,1.279,0.0597,0.465,NOMINAL,NOMINAL,NORMAL,0,
1642618800.0,1786269845.7086394,1,1.7038,0.2524,,1.543,0.0514,0.37,NOMINAL,NOMINAL,NORMAL,0,
1642619700.0,1786269845.833904,1,2.1794,0.264,,1.267,0.0665,0.456,NOMINAL,NOMINAL,NORMAL,0,
1642620600.0,1786269845.958174,1,1.4542,0.1807,,1.665,0.0525,0.367,NOMINAL,NOMINAL,NORMAL,0,
1642621500.0,1786269846.0831778,1,1.6957,0.1839,,1.636,0.0363,0.256,NOMINAL,NOMINAL,NORMAL,0,
1642622400.0,1786269846.208248,1,1.8851,0.2093,,1.089,0.066,0.511,NOMINAL,NOMINAL,NORMAL,0,
1642623300.0,1786269846.3319814,1,1.4188,0.1683,,0.944,0.0366,0.259,NOMINAL,NOMINAL,TRIGGERED,1,omni_p6
1642624200.0,1786269846.4568055,1,1.0763,0.2011,,1.089,0.0453,0.334,NOMINAL,NOMINAL,NORMAL,0,
1642625100.0,1786269846.5832043,1,1.6523,0.188,,1.38,0.0548,0.369,NOMINAL,NOMINAL,NORMAL,0,
1642626000.0,1786269846.7072508,1,1.2677,0.2091,,1.103,0.051,0.355,NOMINAL,NOMINAL,NORMAL,0,
1642626900.0,1786269846.8338633,1,1.9815,0.3825,,1.671,0.0587,0.39,NOMINAL,NOMINAL,NORMAL,0,
1642627800.0,1786269846.9584432,1,1.6963,0.3307,,1.647,0.0693,0.481,NOMINAL,NOMINAL,NORMAL,0,
1642628700.0,1786269847.0826643,1,1.6368,0.2428,,1.176,0.048,0.357,NOMINAL,NOMINAL,TRIGGERED,1,omni_p6
1642629600.0,1786269847.210685,1,2.3412,0.2435,,1.219,0.1025,2.335,NOMINAL,PRE_ALERT,TRIGGERED,2,omni_p6
1642630500.0,1786269847.335754,1,2.0388,0.2699,,1.52,0.1017,2.279,PRE_ALERT,NOMINAL,NORMAL,0,
1642631400.0,1786269847.4572957,1,1.1518,0.225,,1.168,0.0498,0.361,NOMINAL,NOMINAL,NORMAL,0,
1642632300.0,1786269847.5830286,1,1.4678,0.1779,,1.316,0.0549,0.367,NOMINAL,NOMINAL,NORMAL,0,
1642633200.0,1786269847.709361,1,2.1973,0.2806,,1.66,0.0654,0.466,NOMINAL,NOMINAL,NORMAL,0,
1642634100.0,1786269847.8334537,1,1.5611,0.4357,,1.505,0.0689,0.465,NOMINAL,NOMINAL,NORMAL,0,
1642635000.0,1786269847.9581134,1,1.5466,0.1819,,1.381,0.0539,0.369,NOMINAL,NOMINAL,TRIGGERED,1,omni_p6
1642635900.0,1786269848.084344,1,1.8777,0.1932,,1.15,0.0551,1.673,NOMINAL,PRE_ALERT,TRIGGERED,2,omni_p6
1642636800.0,1786269848.211888,1,2.0378,0.353,0.8426,1.591,0.0836,1.567,PRE_ALERT,NOMINAL,NORMAL,0,
1642637700.0,1786269848.3334706,1,1.9493,0.192,,1.375,0.0351,0.253,NOMINAL,NOMINAL,NORMAL,0,
1642638600.0,1786269848.4586601,1,1.9032,0.245,,1.168,0.0669,0.476,NOMINAL,NOMINAL,NORMAL,0,
1642639500.0,1786269848.5838196,1,1.9594,0.2136,,1.354,0.0511,0.369,NOMINAL,NOMINAL,NORMAL,0,
1642640400.0,1786269848.7098053,1,2.3015,0.2977,,1.415,0.0496,0.345,NOMINAL,NOMINAL,NORMAL,0,
1642641300.0,1786269848.8330586,1,1.5513,0.1567,,1.021,0.0325,0.24,NOMINAL,NOMINAL,TRIGGERED,1,omni_p6
1642642200.0,1786269848.9596853,1,1.3141,0.2493,,1.146,0.0714,1.995,NOMINAL,PRE_ALERT,TRIGGERED,2,omni_p6
1642643100.0,1786269849.0847702,1,1.8005,0.2383,,1.251,0.1041,1.84,PRE_ALERT,NOMINAL,NORMAL,0,
1642644000.0,1786269849.2083962,1,1.7978,0.1989,,1.231,0.0328,0.314,NOMINAL,NOMINAL,NORMAL,0,
1642644900.0,1786269849.332647,1,1.4618,0.2463,,1.076,0.0461,0.332,NOMINAL,NOMINAL,NORMAL,0,
1642645800.0,1786269849.4579918,1,1.7502,0.243,,1.045,0.0473,0.327,NOMINAL,NOMINAL,NORMAL,0,
1642646700.0,1786269849.582681,1,1.5755,0.2082,,1.044,0.0396,0.291,NOMINAL,NOMINAL,TRIGGERED,1,omni_p6
1642647600.0,1786269849.7096412,1,1.3984,0.2476,,1.106,0.0727,1.988,NOMINAL,PRE_ALERT,TRIGGERED,2,omni_p6
1642648500.0,1786269849.8339674,1,1.2168,0.1532,,1.328,0.108,1.982,PRE_ALERT,NOMINAL,NORMAL,0,
1642649400.0,1786269849.9582074,1,1.8138,0.2404,,1.16,0.0487,0.345,NOMINAL,NOMINAL,NORMAL,0,
1642650300.0,1786269850.0830204,1,1.5418,0.2478,,1.134,0.0479,0.337,NOMINAL,NOMINAL,NORMAL,0,
1642651200.0,1786269850.2090394,1,1.7998,0.2058,,1.7,0.0535,0.353,NOMINAL,NOMINAL,NORMAL,0,
1642652100.0,1786269850.3320885,1,1.2155,0.1495,,0.96,0.0477,0.341,NOMINAL,NOMINAL,NORMAL,0,
1642653000.0,1786269850.458157,1,1.6292,0.3202,,1.415,0.0479,0.342,NOMINAL,NOMINAL,NORMAL,0,
1642653900.0,1786269850.5848875,1,2.4588,0.2918,,1.616,0.0649,0.472,NOMINAL,NOMINAL,NORMAL,0,
1642654800.0,1786269850.709604,1,2.1158,0.3104,,2.0,0.0532,0.383,NOMINAL,NOMINAL,NORMAL,0,
1642655700.0,1786269850.8340619,1,1.837,0.2075,,1.692,0.0497,0.351,NOMINAL,NOMINAL,NORMAL,0,
1642656600.0,1786269850.9580014,1,1.5675,0.1541,,1.085,0.0499,0.349,NOMINAL,NOMINAL,NORMAL,0,
1642657500.0,1786269851.084542,1,2.484,0.2414,,1.472,0.0532,0.364,NOMINAL,NOMINAL,NORMAL,0,
1642658400.0,1786269851.209359,1,2.2987,0.2161,,1.39,0.052,0.362,NOMINAL,NOMINAL,NORMAL,0,
1642659300.0,1786269851.3334696,1,1.8376,0.2071,,1.256,0.053,0.386,NOMINAL,NOMINAL,NORMAL,0,
1642660200.0,1786269851.4579928,1,1.6477,0.3426,,1.147,0.0498,0.384,NOMINAL,NOMINAL,NORMAL,0,
1642661100.0,1786269851.5855048,1,2.0185,0.2392,,1.42,0.0577,0.375,NOMINAL,NOMINAL,NORMAL,0,
1642662000.0,1786269851.7108004,1,2.479,0.2846,,1.474,0.0539,0.356,NOMINAL,NOMINAL,NORMAL,0,
1642662900.0,1786269851.8345356,1,1.7949,0.2026,,1.363,0.0528,0.363,NOMINAL,NOMINAL,NORMAL,0,
1642663800.0,1786269851.9588926,1,1.766,0.248,,1.123,0.0451,0.339,NOMINAL,NOMINAL,TRIGGERED,1,omni_p6
1642664700.0,1786269852.0859067,1,1.8115,0.2562,,1.14,0.0727,2.037,NOMINAL,PRE_ALERT,TRIGGERED,2,omni_p6
1642665600.0,1786269852.211457,1,1.7651,0.2855,,1.635,0.1081,2.174,PRE_ALERT,NOMINAL,NORMAL,0,
1642666500.0,1786269852.3343737,1,1.8376,0.1997,,1.144,0.0524,0.355,NOMINAL,NOMINAL,NORMAL,0,
1642667400.0,1786269852.4586709,1,1.5212,0.2478,,1.135,0.0452,0.331,NOMINAL,NOMINAL,TRIGGERED,1,omni_p6
1642668300.0,1786269852.5845413,1,1.8201,0.2453,,1.3,0.0662,0.506,NOMINAL,NOMINAL,NORMAL,0,
1642669200.0,1786269852.7090776,1,1.7561,0.2493,,1.144,0.0477,0.342,NOMINAL,NOMINAL,TRIGGERED,1,omni_p6
1642670100.0,1786269852.8356674,1,1.8083,0.2005,,1.343,0.082,1.507,NOMINAL,PRE_ALERT,TRIGGERED,2,omni_p6
1642671000.0,1786269852.9592667,1,1.8179,0.1961,,1.229,0.0332,0.254,PRE_ALERT,PRE_ALERT,TRIGGERED,3,omni_p6
1642671900.0,1786269853.0861187,1,1.7899,0.2564,,1.137,0.074,2.223,PRE_ALERT,NOMINAL,NORMAL,0,
1642672800.0,1786269853.2098267,1,1.8844,0.5528,,1.4,0.0534,0.355,NOMINAL,NOMINAL,NORMAL,0,
1642673700.0,1786269853.3343997,1,1.8557,0.2041,,1.173,0.0534,0.381,NOMINAL,NOMINAL,TRIGGERED,1,omni_p6
1642674600.0,1786269853.4586456,1,1.2978,0.1501,,1.206,0.0486,0.334,NOMINAL,NOMINAL,NORMAL,0,
1642675500.0,1786269853.5852273,1,2.425,0.2079,,1.678,0.0494,0.361,NOMINAL,NOMINAL,TRIGGERED,1,omni_p6
1642676400.0,1786269853.7108533,1,1.7624,0.2535,,1.261,0.0715,1.901,NOMINAL,PRE_ALERT,TRIGGERED,2,omni_p6
1642677300.0,1786269853.8353584,1,2.1966,0.3015,,1.897,0.0524,0.357,PRE_ALERT,PRE_ALERT,TRIGGERED,3,omni_p6
1642678200.0,1786269853.9613247,1,1.9391,0.2049,,1.631,0.0854,1.611,PRE_ALERT,NOMINAL,NORMAL,0,
1642679100.0,1786269854.083871,1,1.624,0.1601,,0.895,0.0361,0.252,NOMINAL,NOMINAL,NORMAL,0,
1642680000.0,1786269854.2091234,1,1.7794,0.2498,,1.167,0.0449,0.344,NOMINAL,NOMINAL,TRIGGERED,1,omni_p6
1642680900.0,1786269854.3358026,1,1.8027,0.2053,,1.513,0.0779,1.554,NOMINAL,PRE_ALERT,TRIGGERED,2,omni_p6
1642681800.0,1786269854.4594188,1,1.8271,0.2005,,1.416,0.0325,0.226,PRE_ALERT,PRE_ALERT,TRIGGERED,3,omni_p6
1642682700.0,1786269854.585683,1,1.862,0.1611,,1.112,0.0576,1.579,PRE_ALERT,ALERT,TRIGGERED,4,omni_p6
1642683600.0,1786269854.710856,1,1.5243,0.1543,,1.422,0.0627,1.89,ALERT,NOMINAL,NORMAL,0,
1642684500.0,1786269854.8346841,1,1.8529,0.1957,,1.323,0.0553,0.393,NOMINAL,NOMINAL,NORMAL,0,
1642685400.0,1786269854.959475,1,1.8978,0.2033,,1.227,0.0516,0.335,NOMINAL,NOMINAL,NORMAL,0,
1642686300.0,1786269855.0843418,1,1.5201,0.2563,,1.227,0.0468,0.406,NOMINAL,NOMINAL,TRIGGERED,1,omni_p6
1642687200.0,1786269855.2096415,1,1.6668,0.1562,,0.888,0.0532,1.171,NOMINAL,PRE_ALERT,TRIGGERED,2,omni_p6
1642688100.0,1786269855.3336887,1,1.3205,0.3018,,1.009,0.0467,0.343,PRE_ALERT,PRE_ALERT,TRIGGERED,3,omni_p6
1642689000.0,1786269855.4613712,1,2.245,0.2183,,1.343,0.0808,1.511,PRE_ALERT,ALERT,TRIGGERED,4,omni_p6
1642689900.0,1786269855.5861812,1,2.272,0.2171,,1.382,0.0734,1.42,ALERT,NOMINAL,NORMAL,0,
1642690800.0,1786269855.7082407,1,1.283,0.1611,,1.015,0.0494,0.396,NOMINAL,NOMINAL,NORMAL,0,
1642691700.0,1786269855.8352776,1,2.0564,0.3079,,1.961,0.0565,0.39,NOMINAL,NOMINAL,TRIGGERED,1,omni_p6
1642692600.0,1786269855.9597852,1,1.9786,0.2097,,1.311,0.0566,0.357,NOMINAL,NOMINAL,NORMAL,0,
1642693500.0,1786269856.0846748,1,2.0271,0.2244,,1.293,0.0356,0.24,NOMINAL,NOMINAL,TRIGGERED,1,omni_p6
1642694400.0,1786269856.2080398,1,1.2169,0.1551,,1.033,0.0474,0.409,NOMINAL,NOMINAL,NORMAL,0,
1642695300.0,1786269856.3338475,1,1.6659,0.2469,,1.037,0.0462,0.338,NOMINAL,NOMINAL,TRIGGERED,1,omni_p6
1642696200.0,1786269856.4584675,1,1.2877,0.1553,,1.076,0.0323,0.239,NOMINAL,NOMINAL,NORMAL,0,
1642697100.0,1786269856.5851998,1,2.219,0.2127,,1.678,0.0487,0.358,NOMINAL,NOMINAL,NORMAL,0,
1642698000.0,1786269856.7089107,1,1.4782,0.1528,,1.289,0.0447,0.346,NOMINAL,NOMINAL,TRIGGERED,1,omni_p6
1642698900.0,1786269856.8345795,1,1.8905,0.2935,,1.449,0.0485,0.343,NOMINAL,NOMINAL,NORMAL,0,
1642699800.0,1786269856.9606657,1,2.4372,0.3007,,1.653,0.063,0.443,NOMINAL,NOMINAL,NORMAL,0,
1642700700.0,1786269857.0838408,1,1.7705,0.1593,,0.926,0.0339,0.232,NOMINAL,NOMINAL,NORMAL,0,
1642701600.0,1786269857.2094986,1,1.7685,0.1977,,1.402,0.05,0.341,NOMINAL,NOMINAL,NORMAL,0,
1642702500.0,1786269857.3340325,1,1.822,0.1501,,1.047,0.0469,0.333,NOMINAL,NOMINAL,NORMAL,0,
1642703400.0,1786269857.4593449,1,1.838,0.2503,,1.372,0.0445,0.327,NOMINAL,NOMINAL,NORMAL,0,
1642704300.0,1786269857.5842295,1,1.705,0.1966,,1.264,0.0505,0.367,NOMINAL,NOMINAL,TRIGGERED,1,omni_p6
1642705200.0,1786269857.7097452,1,1.7615,0.1969,,1.73,0.0466,0.328,NOMINAL,NOMINAL,NORMAL,0,
1642706100.0,1786269857.8340528,1,1.7005,0.2439,,1.129,0.0448,0.331,NOMINAL,NOMINAL,NORMAL,0,
1642707000.0,1786269857.960842,1,2.4003,0.2956,,1.72,0.0612,0.453,NOMINAL,NOMINAL,NORMAL,0,
1642707900.0,1786269858.0848753,1,2.2665,0.1767,,1.268,0.0461,0.353,NOMINAL,NOMINAL,NORMAL,0,
1642708800.0,1786269858.209542,1,1.8535,0.2049,,1.252,0.0337,0.243,NOMINAL,NOMINAL,NORMAL,0,
1642709700.0,1786269858.3347166,1,1.8872,0.2287,,1.341,0.0482,0.357,NOMINAL,NOMINAL,NORMAL,0,
1642710600.0,1786269858.4589388,1,1.3702,0.2395,,1.141,0.0458,0.335,NOMINAL,NOMINAL,NORMAL,0,
1642711500.0,1786269858.5840986,1,1.7301,0.2476,,1.131,0.0564,0.387,NOMINAL,NOMINAL,NORMAL,0,
1642712400.0,1786269858.7097707,1,2.1726,0.2461,,1.417,0.0481,0.345,NOMINAL,NOMINAL,NORMAL,0,
1642713300.0,1786269858.8336954,1,1.5225,0.2862,,1.131,0.0442,0.327,NOMINAL,NOMINAL,NORMAL,0,
1642714200.0,1786269858.9596837,1,1.8069,0.2013,,1.371,0.0458,0.355,NOMINAL,NOMINAL,TRIGGERED,1,omni_p6
1642715100.0,1786269859.0850735,1,2.1109,0.2944,,1.626,0.0644,0.441,NOMINAL,NOMINAL,NORMAL,0,
1642716000.0,1786269859.2090456,1,1.6889,0.2349,,1.19,0.0463,0.33,NOMINAL,NOMINAL,NORMAL,0,
1642716900.0,1786269859.3329034,1,1.1575,0.1506,,1.0,0.0464,0.365,NOMINAL,NOMINAL,NORMAL,0,
1642717800.0,1786269859.4586244,1,1.4291,0.1488,,1.031,0.0614,0.351,NOMINAL,NOMINAL,NORMAL,0,
1642718700.0,1786269859.5844898,1,1.595,0.1554,,1.447,0.0413,0.302,NOMINAL,NOMINAL,NORMAL,0,
1642719600.0,1786269859.71053,1,2.3605,0.2171,,1.397,0.05,0.345,NOMINAL,NOMINAL,NORMAL,0,
1642720500.0,1786269859.8332233,1,1.1629,0.2308,,1.104,0.0419,0.325,NOMINAL,NOMINAL,TRIGGERED,1,omni_p6
1642721400.0,1786269859.9595816,1,1.9411,0.1953,,1.296,0.0484,0.379,NOMINAL,NOMINAL,NORMAL,0,
1642722300.0,1786269860.0838664,1,1.6964,0.2384,,1.092,0.0435,0.316,NOMINAL,NOMINAL,NORMAL,0,
1642723200.0,1786269860.209977,1,1.7995,0.1414,0.8154,0.949,0.0456,0.334,NOMINAL,NOMINAL,NORMAL,0,
1642724100.0,1786269860.3346574,1,1.8442,0.2261,,1.302,0.0454,0.333,NOMINAL,NOMINAL,NORMAL,0,
1642725000.0,1786269860.4588478,1,1.5943,0.1496,,1.006,0.0466,0.33,NOMINAL,NOMINAL,NORMAL,0,
1642725900.0,1786269860.5834973,1,1.6641,0.1423,,0.816,0.031,0.232,NOMINAL,NOMINAL,TRIGGERED,1,omni_p6
1642726800.0,1786269860.7099543,1,1.2144,0.2454,,1.2,0.1139,1.958,NOMINAL,PRE_ALERT,TRIGGERED,2,omni_p6
1642727700.0,1786269860.837452,1,2.3171,0.2809,,1.591,0.0999,2.125,PRE_ALERT,NOMINAL,NORMAL,0,
1642728600.0,1786269860.9599655,1,2.0603,0.1941,,1.349,0.0486,0.345,NOMINAL,NOMINAL,NORMAL,0,
1642729500.0,1786269861.084381,1,1.7216,0.1926,,1.147,0.0338,0.24,NOMINAL,NOMINAL,NORMAL,0,
1642730400.0,1786269861.2089732,1,1.7055,0.2398,,1.216,0.0455,0.333,NOMINAL,NOMINAL,NORMAL,0,
1642731300.0,1786269861.3348346,1,1.9461,0.2996,,1.491,0.0779,0.492,NOMINAL,NOMINAL,NORMAL,0,
1642732200.0,1786269861.4590278,1,1.5802,0.1862,,1.26,0.0455,0.324,NOMINAL,NOMINAL,TRIGGERED,1,omni_p6
1642733100.0,1786269861.585831,1,1.6616,0.2427,,1.104,0.069,2.029,NOMINAL,PRE_ALERT,TRIGGERED,2,omni_p6
1642734000.0,1786269861.7105846,1,1.5919,0.1506,,1.178,0.0699,1.896,PRE_ALERT,NOMINAL,NORMAL,0,
1642734900.0,1786269861.8348598,1,1.7456,0.2892,,1.512,0.0623,0.429,NOMINAL,NOMINAL,NORMAL,0,
1642735800.0,1786269861.9600813,1,1.9714,0.2002,,1.23,0.0454,0.319,NOMINAL,NOMINAL,NORMAL,0,
1642736700.0,1786269862.0841727,1,1.7507,0.1973,,1.22,0.0669,0.32,NOMINAL,NOMINAL,NORMAL,0,
1642737600.0,1786269862.2105668,1,2.2092,0.2895,,1.683,0.0662,0.794,NOMINAL,NOMINAL,NORMAL,0,
1642738500.0,1786269862.334472,1,1.8372,0.2105,,1.22,0.0654,0.376,NOMINAL,NOMINAL,TRIGGERED,1,omni_p6
1642739400.0,1786269862.4587786,1,1.6868,0.2419,,1.074,0.0442,0.332,NOMINAL,NOMINAL,NORMAL,0,
1642740300.0,1786269862.5839229,1,1.6155,0.19,,1.263,0.0491,0.345,NOMINAL,NOMINAL,NORMAL,0,
1642741200.0,1786269862.7078395,1,1.1448,0.1499,,1.073,0.0449,0.348,NOMINAL,NOMINAL,NORMAL,0,
1642742100.0,1786269862.8341582,1,1.6491,0.1471,,1.206,0.0473,0.366,NOMINAL,NOMINAL,NORMAL,0,
1642743000.0,1786269862.9585423,1,1.5734,0.2303,,1.135,0.0457,0.345,NOMINAL,NOMINAL,NORMAL,0,
1642743900.0,1786269863.084684,1,2.1611,0.2754,,1.549,0.0534,0.379,NOMINAL,NOMINAL,NORMAL,0,
1642744800.0,1786269863.208522,1,1.5433,0.1413,,1.089,0.048,0.348,NOMINAL,NOMINAL,NORMAL,0,
1642745700.0,1786269863.3341105,1,1.7306,0.1819,,1.281,0.0533,0.371,NOMINAL,NOMINAL,NORMAL,0,
1642746600.0,1786269863.4586043,1,1.6222,0.2304,,1.114,0.0457,0.34,NOMINAL,NOMINAL,NORMAL,0,
1642747500.0,1786269863.5849965,1,2.143,0.2762,,1.861,0.0542,0.384,NOMINAL,NOMINAL,NORMAL,0,
1642748400.0,1786269863.7091553,1,1.6367,0.2321,,1.46,0.0643,0.444,NOMINAL,NOMINAL,NORMAL,0,
1642749300.0,1786269863.8331141,1,1.3315,0.1294,,1.149,0.0459,0.34,NOMINAL,NOMINAL,NORMAL,0,
1642750200.0,1786269863.958444,1,1.4856,0.2224,,1.146,0.0459,0.346,NOMINAL,NOMINAL,NORMAL,0,
1642751100.0,1786269864.0850601,1,2.0295,0.2932,,2.003,0.0581,0.397,NOMINAL,NOMINAL,NORMAL,0,
1642752000.0,1786269864.2084515,1,1.6266,0.1854,,0.876,0.0336,0.277,NOMINAL,NOMINAL,NORMAL,0,
1642752900.0,1786269864.333906,1,1.6056,0.2773,,1.257,0.0615,0.458,NOMINAL,NOMINAL,NORMAL,0,
1642753800.0,1786269864.4591408,1,1.8481,0.1914,,1.279,0.0468,0.334,NOMINAL,NOMINAL,NORMAL,0,
1642754700.0,1786269864.5838265,1,1.4951,0.1861,,1.417,0.0325,0.252,NOMINAL,NOMINAL,TRIGGERED,1,omni_p6
1642755600.0,1786269864.709655,1,1.9318,0.2351,,1.769,0.0516,0.364,NOMINAL,NOMINAL,NORMAL,0,
1642756500.0,1786269864.8337226,1,1.6213,0.1779,,1.178,0.0487,0.346,NOMINAL,NOMINAL,NORMAL,0,
1642757400.0,1786269864.9587014,1,1.6584,0.2334,,1.145,0.0481,0.368,NOMINAL,NOMINAL,NORMAL,0,
1642758300.0,1786269865.0848494,1,1.9862,0.283,,1.879,0.0557,0.401,NOMINAL,NOMINAL,NORMAL,0,
1642759200.0,1786269865.2089694,1,1.6195,0.1939,,1.395,0.0531,0.364,NOMINAL,NOMINAL,NORMAL,0,
1642760100.0,1786269865.3332348,1,1.1505,0.2383,,1.143,0.0454,0.347,NOMINAL,NOMINAL,TRIGGERED,1,omni_p6
1642761000.0,1786269865.4608507,1,2.1155,0.1966,,1.371,0.0832,1.656,NOMINAL,PRE_ALERT,TRIGGERED,2,omni_p6
1642761900.0,1786269865.5868359,1,2.0925,0.2803,,2.245,0.0986,1.591,PRE_ALERT,NOMINAL,NORMAL,0,
1642762800.0,1786269865.7097135,1,1.8151,0.2026,,1.522,0.0507,0.371,NOMINAL,NOMINAL,NORMAL,0,
1642763700.0,1786269865.8335812,1,1.6304,0.1894,,0.952,0.0334,0.48,NOMINAL,NOMINAL,NORMAL,0,
1642764600.0,1786269865.9584534,1,1.5392,0.226,,1.11,0.0443,0.336,NOMINAL,NOMINAL,NORMAL,0,
1642765500.0,1786269866.0840905,1,1.9133,0.2155,,1.403,0.0494,0.348,NOMINAL,NOMINAL,NORMAL,0,
1642766400.0,1786269866.2085512,1,1.4702,0.2233,,1.145,0.0554,0.473,NOMINAL,NOMINAL,TRIGGERED,1,omni_p6
1642767300.0,1786269866.3358505,1,2.0793,0.1919,,1.386,0.0822,1.63,NOMINAL,PRE_ALERT,TRIGGERED,2,omni_p6
1642768200.0,1786269866.4600873,1,1.5747,0.1875,,1.65,0.0825,1.412,PRE_ALERT,NOMINAL,NORMAL,0,
1642769100.0,1786269866.5831053,1,1.2377,0.232,,1.153,0.0458,0.342,NOMINAL,NOMINAL,NORMAL,0,
1642770000.0,1786269866.7093034,1,1.7433,0.1856,,1.414,0.0508,0.394,NOMINAL,NOMINAL,NORMAL,0,
1642770900.0,1786269866.8339267,1,1.5595,0.223,,1.402,0.0424,0.317,NOMINAL,NOMINAL,NORMAL,0,
1642771800.0,1786269866.9588614,1,1.7135,0.1941,,1.156,0.0471,0.339,NOMINAL,NOMINAL,NORMAL,0,
1642772700.0,1786269867.0852187,1,1.963,0.2868,,2.107,0.0546,0.383,NOMINAL,NOMINAL,TRIGGERED,1,omni_p6
1642773600.0,1786269867.2099662,1,1.3279,0.1491,,1.093,0.1141,2.009,NOMINAL,PRE_ALERT,TRIGGERED,2,omni_p6
1642774500.0,1786269867.3346753,1,1.6283,0.1877,,1.048,0.0537,1.212,PRE_ALERT,NOMINAL,NORMAL,0,
1642775400.0,1786269867.4593203,1,1.8618,0.2541,,1.412,0.0508,0.349,NOMINAL,NOMINAL,NORMAL,0,
1642776300.0,1786269867.5830462,1,1.1619,0.2234,,1.124,0.0443,0.335,NOMINAL,NOMINAL,NORMAL,0,
1642777200.0,1786269867.7093663,1,1.6815,0.253,,1.591,0.0642,0.46,NOMINAL,NOMINAL,NORMAL,0,
1642778100.0,1786269867.834612,1,1.8835,0.1982,,1.584,0.0506,0.346,NOMINAL,NOMINAL,NORMAL,0,
1642779000.0,1786269867.9586244,1,1.5959,0.1833,,1.288,0.0314,0.241,NOMINAL,NOMINAL,TRIGGERED,1,omni_p6
1642779900.0,1786269868.0850306,1,1.904,0.2921,,2.068,0.0632,0.447,NOMINAL,NOMINAL,NORMAL,0,
1642780800.0,1786269868.2091596,1,1.6817,0.1813,,1.411,0.0302,0.287,NOMINAL,NOMINAL,NORMAL,0,
1642781700.0,1786269868.3351853,1,2.0759,0.2573,,2.089,0.051,0.363,NOMINAL,NOMINAL,NORMAL,0,
1642782600.0,1786269868.4599192,1,1.9533,0.2789,,1.651,0.0608,0.437,NOMINAL,NOMINAL,NORMAL,0,
1642783500.0,1786269868.5853,1,2.2511,0.2764,,1.539,0.057,0.412,NOMINAL,NOMINAL,NORMAL,0,
1642784400.0,1786269868.7094452,1,1.9554,0.1812,,1.217,0.0456,0.324,NOMINAL,NOMINAL,NORMAL,0,
1642785300.0,1786269868.8337216,1,1.6857,0.1811,,1.118,0.0293,0.214,NOMINAL,NOMINAL,NORMAL,0,
1642786200.0,1786269868.9611785,1,2.2911,0.2755,,1.593,0.299,1.143,NOMINAL,NOMINAL,NORMAL,0,
1642787100.0,1786269869.084183,1,1.9905,0.2199,,1.173,0.0467,0.348,NOMINAL,NOMINAL,NORMAL,0,
1642788000.0,1786269869.2089238,1,1.6977,0.1805,,1.187,0.0479,0.318,NOMINAL,NOMINAL,NORMAL,0,
1642788900.0,1786269869.3337584,1,1.2329,0.2311,,1.392,0.0445,0.404,NOMINAL,NOMINAL,NORMAL,0,
1642789800.0,1786269869.4588847,1,1.7304,0.1863,,1.139,0.0478,0.317,NOMINAL,NOMINAL,NORMAL,0,
1642790700.0,1786269869.5845118,1,1.7519,0.1874,,1.352,0.0342,0.24,NOMINAL,NOMINAL,NORMAL,0,
1642791600.0,1786269869.708801,1,1.6663,0.1451,,0.964,0.0314,0.233,NOMINAL,NOMINAL,NORMAL,0,
1642792500.0,1786269869.8357012,1,2.3091,0.2802,,1.649,0.0659,0.458,NOMINAL,NOMINAL,NORMAL,0,
1642793400.0,1786269869.9589045,1,1.7241,0.2354,,1.162,0.0452,0.343,NOMINAL,NOMINAL,NORMAL,0,
1642794300.0,1786269870.084703,1,1.8615,0.259,,1.561,0.0523,0.348,NOMINAL,NOMINAL,NORMAL,0,
1642795200.0,1786269870.2093763,1,1.7183,0.1866,,1.378,0.0481,0.349,NOMINAL,NOMINAL,NORMAL,0,
1642796100.0,1786269870.3337579,1,1.3632,0.2834,,1.063,0.046,0.344,NOMINAL,NOMINAL,NORMAL,0,
1642797000.0,1786269870.459752,1,1.7286,0.2545,,1.715,0.0673,0.459,NOMINAL,NOMINAL,NORMAL,0,
1642797900.0,1786269870.5835702,1,1.2387,0.2267,,1.102,0.0441,0.335,NOMINAL,NOMINAL,NORMAL,0,
1642798800.0,1786269870.709272,1,1.6945,0.2325,,1.299,0.0643,0.461,NOMINAL,NOMINAL,NORMAL,0,
1642799700.0,1786269870.834346,1,1.7416,0.1964,,1.327,0.0296,0.281,NOMINAL,NOMINAL,TRIGGERED,1,omni_p6
1642800600.0,1786269870.958694,1,1.6572,0.2409,,1.113,0.0449,0.329,NOMINAL,NOMINAL,NORMAL,0,
1642801500.0,1786269871.0848446,1,1.7461,0.2789,,1.731,0.0623,0.462,NOMINAL,NOMINAL,NORMAL,0,
1642802400.0,1786269871.2106895,1,2.2803,0.2912,,1.618,0.0638,0.457,NOMINAL,NOMINAL,NORMAL,0,
1642803300.0,1786269871.335459,1,2.3465,0.2918,,1.446,0.0509,0.37,NOMINAL,NOMINAL,NORMAL,0,
1642804200.0,1786269871.4595397,1,1.805,0.1832,,1.345,0.0498,0.345,NOMINAL,NOMINAL,NORMAL,0,
1642805100.0,1786269871.5858614,1,2.2978,0.2876,,1.706,0.0629,0.458,NOMINAL,NOMINAL,TRIGGERED,1,omni_p6
1642806000.0,1786269871.709753,1,1.21,0.1504,,1.032,0.0703,2.111,NOMINAL,PRE_ALERT,TRIGGERED,2,omni_p6
1642806900.0,1786269871.8353024,1,1.812,0.1981,,1.232,0.0758,1.326,PRE_ALERT,NOMINAL,NORMAL,0,
1642807800.0,1786269871.9588954,1,1.7719,0.1547,,0.956,0.0432,0.33,NOMINAL,NOMINAL,NORMAL,0,
1642808700.0,1786269872.0846598,1,1.7684,0.2651,,1.63,0.0636,0.448,NOMINAL,NOMINAL,NORMAL,0,
1642809600.0,1786269872.210201,1,1.7647,0.184,0.8432,1.295,0.0529,0.369,NOMINAL,NOMINAL,NORMAL,0,
1642810500.0,1786269872.3339934,1,1.7575,0.2426,,1.076,0.0445,0.334,NOMINAL,NOMINAL,NORMAL,0,
1642811400.0,1786269872.4592974,1,1.8228,0.2443,,1.171,0.063,0.458,NOMINAL,NOMINAL,TRIGGERED,1,omni_p6
1642812300.0,1786269872.5856025,1,1.7663,0.193,,1.332,0.0828,1.585,NOMINAL,PRE_ALERT,TRIGGERED,2,omni_p6
1642813200.0,1786269872.7106225,1,1.7917,0.1941,,1.354,0.0758,1.457,PRE_ALERT,NOMINAL,NORMAL,0,
1642814100.0,1786269872.8344848,1,1.7215,0.2405,,1.491,0.0637,0.453,NOMINAL,NOMINAL,NORMAL,0,
1642815000.0,1786269872.9608152,1,2.3833,0.2833,,1.586,0.0676,0.454,NOMINAL,NOMINAL,NORMAL,0,
1642815900.0,1786269873.0848823,1,2.0487,0.198,,1.311,0.0491,0.347,NOMINAL,NOMINAL,NORMAL,0,
1642816800.0,1786269873.2092686,1,1.8545,0.2095,,1.071,0.0327,0.236,NOMINAL,NOMINAL,NORMAL,0,
1642817700.0,1786269873.3362596,1,2.4483,0.3113,,1.962,0.0508,0.416,NOMINAL,NOMINAL,TRIGGERED,1,omni_p6
1642818600.0,1786269873.4598823,1,1.983,0.2032,,1.359,0.0498,0.352,NOMINAL,NOMINAL,NORMAL,0,
1642819500.0,1786269873.5844288,1,1.7954,0.2029,,1.328,0.0499,0.403,NOMINAL,NOMINAL,NORMAL,0,
1642820400.0,1786269873.7087336,1,1.3754,0.2355,,1.126,0.0477,0.349,NOMINAL,NOMINAL,NORMAL,0,
1642821300.0,1786269873.8341825,1,1.7092,0.2354,,1.243,0.0634,0.456,NOMINAL,NOMINAL,NORMAL,0,
1642822200.0,1786269873.9608223,1,2.4039,0.2943,,1.606,0.0617,0.461,NOMINAL,NOMINAL,NORMAL,0,
1642823100.0,1786269874.0850942,1,2.1862,0.2016,,1.325,0.0522,0.351,NOMINAL,NOMINAL,NORMAL,0,
1642824000.0,1786269874.2106495,1,2.3095,0.2959,,1.541,0.0641,0.447,NOMINAL,NOMINAL,TRIGGERED,1,omni_p6
1642824900.0,1786269874.333709,1,1.6874,0.3118,,1.066,0.0437,0.331,NOMINAL,NOMINAL,NORMAL,0,
1642825800.0,1786269874.4595134,1,1.8758,0.1936,,1.233,0.0474,0.336,NOMINAL,NOMINAL,NORMAL,0,
1642826700.0,1786269874.5848682,1,1.6946,0.1632,,1.375,0.041,0.642,NOMINAL,NOMINAL,NORMAL,0,
1642827600.0,1786269874.7090976,1,1.342,0.2339,,1.236,0.0483,0.373,NOMINAL,NOMINAL,NORMAL,0,
1642828500.0,1786269874.8345857,1,2.1921,0.2021,,1.35,0.0475,0.347,NOMINAL,NOMINAL,NORMAL,0,
1642829400.0,1786269874.9592125,1,1.8725,0.2055,,1.013,0.0353,0.254,NOMINAL,NOMINAL,NORMAL,0,
1642830300.0,1786269875.08512,1,2.2032,0.2067,,1.361,0.0487,0.354,NOMINAL,NOMINAL,NORMAL,0,
1642831200.0,1786269875.210046,1,2.1155,0.2876,,1.646,0.0643,0.449,NOMINAL,NOMINAL,NORMAL,0,
1642832100.0,1786269875.3337111,1,1.6141,0.3246,,1.078,0.043,0.331,NOMINAL,NOMINAL,NORMAL,0,
1642833000.0,1786269875.4598722,1,1.8117,0.1906,,1.321,0.0496,0.344,NOMINAL,NOMINAL,NORMAL,0,
1642833900.0,1786269875.5848305,1,1.8113,0.2018,,1.386,0.0501,0.377,NOMINAL,NOMINAL,NORMAL,0,
1642834800.0,1786269875.708933,1,1.3422,0.2346,,1.264,0.0454,0.343,NOMINAL,NOMINAL,NORMAL,0,
1642835700.0,1786269875.8347073,1,1.8343,0.2741,,1.612,0.0632,0.461,NOMINAL,NOMINAL,NORMAL,0,
1642836600.0,1786269875.9589536,1,1.4413,0.2395,,1.172,0.0455,0.351,NOMINAL,NOMINAL,NORMAL,0,
1642837500.0,1786269876.0851521,1,2.2162,0.2022,,1.332,0.0505,0.35,NOMINAL,NOMINAL,NORMAL,0,
1642838400.0,1786269876.209414,1,1.7958,0.195,,1.325,0.0477,0.346,NOMINAL,NOMINAL,NORMAL,0,
1642839300.0,1786269876.3334801,1,1.4145,0.2436,,0.984,0.0413,0.319,NOMINAL,NOMINAL,TRIGGERED,1,omni_p6
1642840200.0,1786269876.4605937,1,1.7643,0.2731,,1.448,0.0804,1.589,NOMINAL,PRE_ALERT,TRIGGERED,2,omni_p6
1642841100.0,1786269876.5879219,1,2.4081,0.2918,,1.689,0.102,2.28,PRE_ALERT,NOMINAL,NORMAL,0,
1642842000.0,1786269876.7107584,1,2.4713,0.3032,,1.418,0.0513,0.378,NOMINAL,NOMINAL,NORMAL,0,
1642842900.0,1786269876.8344731,1,1.7633,0.19,,1.34,0.0485,0.343,NOMINAL,NOMINAL,NORMAL,0,
1642843800.0,1786269876.95934,1,1.7486,0.1901,,1.36,0.0644,0.317,NOMINAL,NOMINAL,NORMAL,0,
1642844700.0,1786269877.0839214,1,1.6796,0.2348,,1.083,0.0459,0.339,NOMINAL,NOMINAL,NORMAL,0,
1642845600.0,1786269877.2093813,1,1.7164,0.1917,,1.37,0.0485,0.355,NOMINAL,NOMINAL,TRIGGERED,1,omni_p6
1642846500.0,1786269877.3342602,1,1.8065,0.2006,,1.236,0.0319,0.298,NOMINAL,NOMINAL,NORMAL,0,
1642847400.0,1786269877.4590247,1,1.8207,0.2355,,1.103,0.0464,0.329,NOMINAL,NOMINAL,NORMAL,0,
1642848300.0,1786269877.5860536,1,2.352,0.2843,,1.688,0.0652,0.468,NOMINAL,NOMINAL,NORMAL,0,
1642849200.0,1786269877.7115574,1,2.4861,0.2933,,2.259,0.0667,0.429,NOMINAL,NOMINAL,NORMAL,0,
1642850100.0,1786269877.8343847,1,1.7967,0.1924,,1.141,0.0431,0.317,NOMINAL,NOMINAL,NORMAL,0,
1642851000.0,1786269877.9585464,1,1.6592,0.1424,,0.761,0.0394,0.293,NOMINAL,NOMINAL,NORMAL,0,
1642851900.0,1786269878.0852127,1,2.2868,0.2445,,1.344,0.039,0.279,NOMINAL,NOMINAL,TRIGGERED,1,omni_p6
1642852800.0,1786269878.2097893,1,1.7552,0.1939,,1.637,0.0306,0.261,NOMINAL,NOMINAL,NORMAL,0,
1642853700.0,1786269878.3354743,1,2.3571,0.2284,,1.536,0.0477,0.336,NOMINAL,NOMINAL,NORMAL,0,
1642854600.0,1786269878.4603002,1,2.3535,0.278,,1.66,0.0463,0.355,NOMINAL,NOMINAL,NORMAL,0,
1642855500.0,1786269878.583788,1,1.2962,0.2297,,1.13,0.0441,0.335,NOMINAL,NOMINAL,NORMAL,0,
1642856400.0,1786269878.7080698,1,1.4423,0.1423,,0.625,0.0235,0.173,NOMINAL,NOMINAL,NORMAL,0,
1642857300.0,1786269878.834343,1,2.1093,0.1972,,1.205,0.0403,0.31,NOMINAL,NOMINAL,TRIGGERED,1,omni_p6
1642858200.0,1786269878.9619606,1,2.4043,0.2816,,1.467,0.0769,1.675,NOMINAL,PRE_ALERT,TRIGGERED,2,omni_p6
1642859100.0,1786269879.0857656,1,1.7175,0.1805,,0.947,0.0471,2.126,PRE_ALERT,NOMINAL,NORMAL,0,
1642860000.0,1786269879.208845,1,1.6853,0.2293,,1.059,0.0446,0.324,NOMINAL,NOMINAL,NORMAL,0,
1642860900.0,1786269879.3340976,1,1.7155,0.2416,,1.207,0.0446,0.322,NOMINAL,NOMINAL,NORMAL,0,
1642861800.0,1786269879.4591851,1,1.8508,0.1884,,0.997,0.0385,0.289,NOMINAL,NOMINAL,NORMAL,0,
1642862700.0,1786269879.5838556,1,1.2435,0.1609,,1.175,0.0464,0.342,NOMINAL,NOMINAL,NORMAL,0,
1642863600.0,1786269879.7092035,1,1.7373,0.2447,,1.213,0.0478,0.348,NOMINAL,NOMINAL,TRIGGERED,1,omni_p6
1642864500.0,1786269879.836024,1,1.8067,0.2402,,1.169,0.0932,2.222,NOMINAL,PRE_ALERT,TRIGGERED,2,omni_p6
1642865400.0,1786269879.9613502,1,2.3815,0.2846,,1.273,0.1258,1.425,PRE_ALERT,NOMINAL,NORMAL,0,
1642866300.0,1786269880.083077,1,1.1715,0.1439,,0.916,0.0388,0.285,NOMINAL,NOMINAL,NORMAL,0,
1642867200.0,1786269880.2087557,1,1.6769,0.2307,,0.937,0.0446,0.334,NOMINAL,NOMINAL,NORMAL,0,
1642868100.0,1786269880.3338332,1,1.6702,0.2375,,0.978,0.041,0.299,NOMINAL,NOMINAL,NORMAL,0,
1642869000.0,1786269880.4590728,1,1.9263,0.1921,,0.906,0.0372,0.269,NOMINAL,NOMINAL,NORMAL,0,
1642869900.0,1786269880.5838177,1,1.4322,0.1444,,1.073,0.0457,0.342,NOMINAL,NOMINAL,NORMAL,0,
1642870800.0,1786269880.7083032,1,1.2318,0.1496,,0.866,0.0684,0.282,NOMINAL,NOMINAL,NORMAL,0,
1642871700.0,1786269880.834709,1,2.1766,0.1994,,1.396,0.051,0.355,NOMINAL,NOMINAL,NORMAL,0,
1642872600.0,1786269880.9590647,1,1.7818,0.1909,,0.987,0.0395,0.306,NOMINAL,NOMINAL,NORMAL,0,
1642873500.0,1786269881.084032,1,1.7583,0.1856,,0.903,0.0316,0.237,NOMINAL,NOMINAL,NORMAL,0,
1642874400.0,1786269881.2088325,1,1.7223,0.1854,,0.922,0.0294,0.216,NOMINAL,NOMINAL,NORMAL,0,
1642875300.0,1786269881.3338695,1,1.7111,0.242,,1.021,0.0414,0.311,NOMINAL,NOMINAL,NORMAL,0,
1642876200.0,1786269881.4594274,1,2.2183,0.248,,1.095,0.0434,0.29,NOMINAL,NOMINAL,NORMAL,0,
1642877100.0,1786269881.5837433,1,1.4656,0.1427,,1.023,0.0458,0.33,NOMINAL,NOMINAL,NORMAL,0,
1642878000.0,1786269881.709009,1,1.735,0.2371,,1.243,0.0461,0.339,NOMINAL,NOMINAL,NORMAL,0,
1642878900.0,1786269881.8344834,1,1.7458,0.2382,,1.405,0.0627,0.46,NOMINAL,NOMINAL,NORMAL,0,
1642879800.0,1786269881.961126,1,2.4733,0.2961,,1.76,0.066,0.477,NOMINAL,NOMINAL,NORMAL,0,
1642880700.0,1786269882.0845082,1,1.9042,0.1834,,1.385,0.0485,0.405,NOMINAL,NOMINAL,NORMAL,0,
1642881600.0,1786269882.208968,1,1.6204,0.1796,,1.374,0.0483,0.35,NOMINAL,NOMINAL,NORMAL,0,
1642882500.0,1786269882.3332984,1,1.4917,0.2186,,1.04,0.0451,0.335,NOMINAL,NOMINAL,NORMAL,0,
1642883400.0,1786269882.458563,1,1.6203,0.2233,,1.088,0.0473,0.34,NOMINAL,NOMINAL,NORMAL,0,
1642884300.0,1786269882.5842476,1,1.7313,0.2337,,1.386,0.0613,0.516,NOMINAL,NOMINAL,TRIGGERED,1,omni_p6
1642885200.0,1786269882.7084038,1,1.1942,0.2249,,1.098,0.1103,0.424,NOMINAL,NOMINAL,NORMAL,0,
1642886100.0,1786269882.8339443,1,1.7392,0.235,,1.153,0.0459,0.343,NOMINAL,NOMINAL,NORMAL,0,
1642887000.0,1786269882.958422,1,1.3942,0.1631,,1.317,0.0512,0.357,NOMINAL,NOMINAL,NORMAL,0,
1642887900.0,1786269883.084576,1,2.0288,0.183,,1.389,0.0508,0.362,NOMINAL,NOMINAL,NORMAL,0,
1642888800.0,1786269883.2093525,1,1.6799,0.1849,,1.509,0.054,0.368,NOMINAL,NOMINAL,NORMAL,0,
1642889700.0,1786269883.3330376,1,1.3561,0.2198,,1.084,0.0453,0.336,NOMINAL,NOMINAL,NORMAL,0,
1642890600.0,1786269883.4577951,1,1.0918,0.2715,,1.088,0.043,0.333,NOMINAL,NOMINAL,TRIGGERED,1,omni_p6
1642891500.0,1786269883.5839489,1,1.6218,0.2253,,1.298,0.0663,0.49,NOMINAL,NOMINAL,NORMAL,0,
1642892400.0,1786269883.708222,1,1.3327,0.1414,,1.09,0.0489,0.405,NOMINAL,NOMINAL,NORMAL,0,
1642893300.0,1786269883.8341038,1,1.6112,0.2327,,1.398,0.0526,0.37,NOMINAL,NOMINAL,NORMAL,0,
1642894200.0,1786269883.9585776,1,1.6199,0.2252,,1.111,0.0449,0.344,NOMINAL,NOMINAL,NORMAL,0,
1642895100.0,1786269884.0837002,1,1.627,0.2273,,1.136,0.0467,0.339,NOMINAL,NOMINAL,NORMAL,0,
1642896000.0,1786269884.2096403,1,1.6239,0.1757,0.7971,1.393,0.0323,0.246,NOMINAL,NOMINAL,NORMAL,0,
1642896900.0,1786269884.3336763,1,1.4176,0.2365,,1.374,0.0645,0.452,NOMINAL,NOMINAL,TRIGGERED,1,omni_p6
1642897800.0,1786269884.4590843,1,1.8039,0.2358,,1.384,0.0499,0.361,NOMINAL,NOMINAL,NORMAL,0,
1642898700.0,1786269884.585036,1,1.8208,0.2148,,1.915,0.0663,0.495,NOMINAL,NOMINAL,NORMAL,0,
1642899600.0,1786269884.7101693,1,2.1788,0.2895,,1.709,0.0498,0.374,NOMINAL,NOMINAL,NORMAL,0,
1642900500.0,1786269884.8342042,1,1.7024,0.2423,,1.279,0.0643,0.475,NOMINAL,NOMINAL,NORMAL,0,
1642901400.0,1786269884.9587991,1,1.6887,0.1949,,1.282,0.0365,0.254,NOMINAL,NOMINAL,NORMAL,0,
1642902300.0,1786269885.0847328,1,2.0929,0.2192,,1.463,0.0507,0.373,NOMINAL,NOMINAL,TRIGGERED,1,omni_p6
1642903200.0,1786269885.2106118,1,1.9311,0.1943,,1.361,0.0815,1.564,NOMINAL,PRE_ALERT,TRIGGERED,2,omni_p6
1642904100.0,1786269885.3345926,1,1.5441,0.1779,,1.191,0.0778,1.427,PRE_ALERT,NOMINAL,NORMAL,0,
1642905000.0,1786269885.4580219,1,1.1442,0.2291,,1.128,0.0449,0.336,NOMINAL,NOMINAL,NORMAL,0,
1642905900.0,1786269885.5835288,1,1.5771,0.186,,1.119,0.0323,0.24,NOMINAL,NOMINAL,NORMAL,0,
1642906800.0,1786269885.7090957,1,1.7156,0.2357,,1.197,0.048,0.353,NOMINAL,NOMINAL,NORMAL,0,
1642907700.0,1786269885.8332794,1,1.2986,0.233,,1.19,0.0464,0.341,NOMINAL,NOMINAL,NORMAL,0,
1642908600.0,1786269885.9587307,1,1.4807,0.1663,,1.35,0.0474,0.365,NOMINAL,NOMINAL,TRIGGERED,1,omni_p6
1642909500.0,1786269886.08544,1,1.6475,0.2346,,1.128,0.0713,2.053,NOMINAL,PRE_ALERT,TRIGGERED,2,omni_p6
1642910400.0,1786269886.2102623,1,1.6115,0.2242,,1.189,0.0724,1.9,PRE_ALERT,NOMINAL,NORMAL,0,
1642911300.0,1786269886.333647,1,1.5495,0.168,,1.235,0.0485,0.362,NOMINAL,NOMINAL,NORMAL,0,
1642912200.0,1786269886.4579895,1,1.1362,0.1374,,1.102,0.0468,0.345,NOMINAL,NOMINAL,NORMAL,0,
1642913100.0,1786269886.5833511,1,1.4984,0.2206,,1.091,0.0439,0.333,NOMINAL,NOMINAL,NORMAL,0,
1642914000.0,1786269886.709138,1,1.4611,0.2416,,1.695,0.065,0.489,NOMINAL,NOMINAL,NORMAL,0,
1642914900.0,1786269886.8342652,1,1.6476,0.1817,,1.409,0.0501,0.369,NOMINAL,NOMINAL,NORMAL,0,
1642915800.0,1786269886.9587452,1,1.5919,0.1805,,1.343,0.0497,0.351,NOMINAL,NOMINAL,NORMAL,0,
1642916700.0,1786269887.083687,1,1.6238,0.2315,,1.129,0.0452,0.337,NOMINAL,NOMINAL,NORMAL,0,
1642917600.0,1786269887.209208,1,1.9111,0.2099,,1.408,0.0492,0.355,NOMINAL,NOMINAL,NORMAL,0,
1642918500.0,1786269887.3331711,1,1.1797,0.2242,,1.074,0.0451,0.332,NOMINAL,NOMINAL,NORMAL,0,
1642919400.0,1786269887.4579942,1,1.3804,0.1642,,1.003,0.0332,0.243,NOMINAL,NOMINAL,NORMAL,0,
1642920300.0,1786269887.5836782,1,1.6809,0.2257,,1.127,0.0448,0.335,NOMINAL,NOMINAL,NORMAL,0,
1642921200.0,1786269887.7083871,1,1.45,0.2287,,1.143,0.1008,0.405,NOMINAL,NOMINAL,NORMAL,0,
1642922100.0,1786269887.8346295,1,1.6648,0.3224,,1.739,0.0696,0.443,NOMINAL,NOMINAL,NORMAL,0,
1642923000.0,1786269887.9589477,1,1.6066,0.1799,,1.376,0.0518,0.36,NOMINAL,NOMINAL,NORMAL,0,
1642923900.0,1786269888.0838897,1,1.6757,0.224,,1.383,0.0454,0.339,NOMINAL,NOMINAL,NORMAL,0,
1642924800.0,1786269888.20939,1,1.7209,0.1981,,1.466,0.0476,0.379,NOMINAL,NOMINAL,TRIGGERED,1,omni_p6
1642925700.0,1786269888.3333564,1,1.526,0.2551,,1.115,0.0446,0.343,NOMINAL,NOMINAL,NORMAL,0,
1642926600.0,1786269888.4582167,1,1.3405,0.2285,,1.115,0.0461,0.346,NOMINAL,NOMINAL,NORMAL,0,
1642927500.0,1786269888.5836487,1,1.6684,0.2316,,1.113,0.0457,0.352,NOMINAL,NOMINAL,NORMAL,0,
1642928400.0,1786269888.70837,1,1.5233,0.1708,,1.124,0.0321,0.275,NOMINAL,NOMINAL,NORMAL,0,
1642929300.0,1786269888.8339593,1,1.6635,0.3164,,1.186,0.0463,0.34,NOMINAL,NOMINAL,NORMAL,0,
1642930200.0,1786269888.9587297,1,1.6475,0.2267,,1.154,0.0453,0.361,NOMINAL,NOMINAL,NORMAL,0,
1642931100.0,1786269889.0846136,1,2.042,0.1971,,1.389,0.048,0.351,NOMINAL,NOMINAL,TRIGGERED,1,omni_p6
1642932000.0,1786269889.209416,1,1.9814,0.2547,,1.462,0.0494,0.356,NOMINAL,NOMINAL,NORMAL,0,
1642932900.0,1786269889.3341708,1,1.6534,0.2049,,1.565,0.0474,0.345,NOMINAL,NOMINAL,NORMAL,0,
1642933800.0,1786269889.4587288,1,1.4705,0.1692,,1.272,0.0505,0.35,NOMINAL,NOMINAL,NORMAL,0,
1642934700.0,1786269889.5843937,1,1.594,0.1753,,1.535,0.0819,0.425,NOMINAL,NOMINAL,NORMAL,0,
1642935600.0,1786269889.7097685,1,1.8354,0.2815,,1.668,0.0555,0.378,NOMINAL,NOMINAL,NORMAL,0,
1642936500.0,1786269889.8329127,1,1.1635,0.1429,,1.128,0.0439,0.34,NOMINAL,NOMINAL,TRIGGERED,1,omni_p6
1642937400.0,1786269889.9609447,1,1.8091,0.1931,,1.415,0.0844,1.713,NOMINAL,PRE_ALERT,TRIGGERED,2,omni_p6
1642938300.0,1786269890.0851028,1,1.6449,0.1379,,0.937,0.0702,1.993,PRE_ALERT,NOMINAL,NORMAL,0,
1642939200.0,1786269890.2083545,1,1.3052,0.1535,,1.06,0.0466,0.41,NOMINAL,NOMINAL,NORMAL,0,
1642940100.0,1786269890.333826,1,1.6214,0.2173,,1.191,0.0502,0.363,NOMINAL,NOMINAL,NORMAL,0,
1642941000.0,1786269890.4587448,1,1.6636,0.2299,,1.111,0.0483,0.369,NOMINAL,NOMINAL,NORMAL,0,
1642941900.0,1786269890.5833464,1,1.4918,0.2311,,1.122,0.0476,0.341,NOMINAL,NOMINAL,NORMAL,0,
1642942800.0,1786269890.7086174,1,1.2956,0.2362,,1.268,0.0451,0.345,NOMINAL,NOMINAL,TRIGGERED,1,omni_p6
1642943700.0,1786269890.8359365,1,1.7904,0.1878,,1.432,0.0798,1.547,NOMINAL,PRE_ALERT,TRIGGERED,2,omni_p6
1642944600.0,1786269890.960935,1,1.8838,0.1841,,1.422,0.0847,1.64,PRE_ALERT,NOMINAL,NORMAL,0,
1642945500.0,1786269891.083841,1,1.6705,0.2318,,1.142,0.0456,0.334,NOMINAL,NOMINAL,NORMAL,0,
1642946400.0,1786269891.2097552,1,2.0454,0.2761,,1.591,0.0489,0.351,NOMINAL,NOMINAL,NORMAL,0,
1642947300.0,1786269891.3340735,1,1.6788,0.2811,,1.321,0.0437,0.339,NOMINAL,NOMINAL,NORMAL,0,
1642948200.0,1786269891.4582982,1,1.2837,0.1397,,1.013,0.0461,0.34,NOMINAL,NOMINAL,NORMAL,0,
1642949100.0,1786269891.5846553,1,2.0725,0.5391,,1.184,0.044,0.337,NOMINAL,NOMINAL,TRIGGERED,1,omni_p6
1642950000.0,1786269891.7103083,1,2.1871,0.3808,,1.53,0.0539,0.405,NOMINAL,NOMINAL,NORMAL,0,
1642950900.0,1786269891.834142,1,1.7822,0.1819,,1.32,0.0507,0.348,NOMINAL,NOMINAL,NORMAL,0,
1642951800.0,1786269891.9592326,1,1.5265,0.227,,1.156,0.0457,0.34,NOMINAL,NOMINAL,NORMAL,0,
1642952700.0,1786269892.084166,1,1.6766,0.389,,1.16,0.0461,0.332,NOMINAL,NOMINAL,NORMAL,0,
1642953600.0,1786269892.2095785,1,1.7288,0.5483,,1.428,0.0514,0.36,NOMINAL,NOMINAL,NORMAL,0,
1642954500.0,1786269892.334559,1,1.7432,0.2834,,1.363,0.0608,0.445,NOMINAL,NOMINAL,NORMAL,0,
1642955400.0,1786269892.4589057,1,1.7052,0.2255,,1.079,0.0448,0.336,NOMINAL,NOMINAL,NORMAL,0,
1642956300.0,1786269892.5837166,1,1.3835,0.1627,,1.373,0.0516,0.349,NOMINAL,NOMINAL,NORMAL,0,
1642957200.0,1786269892.7087305,1,1.454,0.1613,,1.323,0.0473,0.352,NOMINAL,NOMINAL,NORMAL,0,
1642958100.0,1786269892.8345716,1,1.8319,0.2449,,1.334,0.0645,0.461,NOMINAL,NOMINAL,NORMAL,0,
1642959000.0,1786269892.959258,1,1.7964,0.2363,,1.187,0.0657,0.458,NOMINAL,NOMINAL,NORMAL,0,
1642959900.0,1786269893.084023,1,1.7334,0.2392,,1.146,0.0446,0.338,NOMINAL,NOMINAL,NORMAL,0,
1642960800.0,1786269893.2093925,1,1.7782,0.1984,,1.373,0.0504,0.357,NOMINAL,NOMINAL,NORMAL,0,
1642961700.0,1786269893.3345149,1,1.7385,0.2758,,1.513,0.0632,0.451,NOMINAL,NOMINAL,NORMAL,0,
1642962600.0,1786269893.4588535,1,1.7134,0.2334,,1.118,0.0443,0.333,NOMINAL,NOMINAL,NORMAL,0,
1642963500.0,1786269893.584174,1,1.6362,0.1869,,1.304,0.0517,0.396,NOMINAL,NOMINAL,NORMAL,0,
1642964400.0,1786269893.7094681,1,1.6796,0.1881,,1.423,0.0526,0.376,NOMINAL,NOMINAL,NORMAL,0,
1642965300.0,1786269893.8340688,1,1.6562,0.2373,,1.163,0.0623,0.446,NOMINAL,NOMINAL,NORMAL,0,
1642966200.0,1786269893.9586878,1,1.6435,0.1429,,0.914,0.0334,0.243,NOMINAL,NOMINAL,NORMAL,0,
1642967100.0,1786269894.0845013,1,1.824,0.2055,,1.425,0.0336,0.293,NOMINAL,NOMINAL,NORMAL,0,
1642968000.0,1786269894.208462,1,1.4181,0.2389,,1.12,0.0456,0.402,NOMINAL,NOMINAL,NORMAL,0,
1642968900.0,1786269894.332837,1,1.1478,0.1435,,0.787,0.0324,0.236,NOMINAL,NOMINAL,NORMAL,0,
1642969800.0,1786269894.4598541,1,2.2079,0.2061,,1.333,0.0457,0.353,NOMINAL,NOMINAL,TRIGGERED,1,omni_p6
1642970700.0,1786269894.585434,1,1.672,0.2297,,1.682,0.0604,1.433,NOMINAL,NOMINAL,NORMAL,0,
1642971600.0,1786269894.7083344,1,1.2067,0.1443,,1.294,0.0497,0.397,NOMINAL,NOMINAL,NORMAL,0,
1642972500.0,1786269894.8349411,1,1.7949,0.241,,1.595,0.0641,0.46,NOMINAL,NOMINAL,NORMAL,0,
1642973400.0,1786269894.9600637,1,2.0402,0.1981,,1.516,0.0552,0.373,NOMINAL,NOMINAL,NORMAL,0,
1642974300.0,1786269895.0853348,1,2.2103,0.2797,,1.699,0.0528,0.365,NOMINAL,NOMINAL,NORMAL,0,
1642975200.0,1786269895.208816,1,1.5637,0.1774,,1.39,0.0508,0.365,NOMINAL,NOMINAL,NORMAL,0,
1642976100.0,1786269895.3335917,1,1.5922,0.2303,,1.094,0.0433,0.335,NOMINAL,NOMINAL,TRIGGERED,1,omni_p6
1642977000.0,1786269895.4595227,1,2.115,0.2071,,1.367,0.0505,0.353,NOMINAL,NOMINAL,NORMAL,0,
1642977900.0,1786269895.5840125,1,1.5389,0.1793,,1.626,0.052,0.351,NOMINAL,NOMINAL,NORMAL,0,
1642978800.0,1786269895.708008,1,1.1771,0.1447,,1.106,0.047,0.376,NOMINAL,NOMINAL,NORMAL,0,
1642979700.0,1786269895.8339624,1,1.6662,0.2398,,1.208,0.0474,0.342,NOMINAL,NOMINAL,NORMAL,0,
1642980600.0,1786269895.9587653,1,1.6801,0.1839,,1.028,0.034,0.242,NOMINAL,NOMINAL,NORMAL,0,
1642981500.0,1786269896.084608,1,1.7,0.2383,,1.709,0.0512,0.38,NOMINAL,NOMINAL,TRIGGERED,1,omni_p6
1642982400.0,1786269896.2107325,1,1.1697,0.2203,0.8353,1.18,0.0734,2.015,NOMINAL,PRE_ALERT,TRIGGERED,2,omni_p6
1642983300.0,1786269896.3348248,1,1.5433,0.1475,,0.777,0.0537,1.74,PRE_ALERT,NOMINAL,NORMAL,0,
1642984200.0,1786269896.4588206,1,1.7006,0.1839,,1.155,0.0368,0.283,NOMINAL,NOMINAL,NORMAL,0,
1642985100.0,1786269896.5839574,1,1.6279,0.1789,,1.278,0.0473,0.333,NOMINAL,NOMINAL,NORMAL,0,
1642986000.0,1786269896.7092772,1,1.9676,0.2217,,1.438,0.0494,0.361,NOMINAL,NOMINAL,NORMAL,0,
1642986900.0,1786269896.8342824,1,1.6198,0.271,,1.565,0.0657,0.465,NOMINAL,NOMINAL,NORMAL,0,
1642987800.0,1786269896.958632,1,1.6617,0.2328,,1.166,0.0467,0.345,NOMINAL,NOMINAL,TRIGGERED,1,omni_p6
1642988700.0,1786269897.086382,1,2.2011,0.2784,,1.797,0.0851,1.587,NOMINAL,PRE_ALERT,TRIGGERED,2,omni_p6
1642989600.0,1786269897.2107174,1,1.5847,0.2251,,1.37,0.1081,2.238,PRE_ALERT,NOMINAL,NORMAL,0,
1642990500.0,1786269897.332983,1,1.5256,0.1848,,0.813,0.0327,0.24,NOMINAL,NOMINAL,NORMAL,0,
1642991400.0,1786269897.458567,1,1.6225,0.2226,,1.123,0.0464,0.339,NOMINAL,NOMINAL,NORMAL,0,
1642992300.0,1786269897.583238,1,1.3379,0.1591,,1.252,0.0518,0.348,NOMINAL,NOMINAL,NORMAL,0,
1642993200.0,1786269897.7082963,1,1.2968,0.1592,,1.182,0.0519,0.406,NOMINAL,NOMINAL,NORMAL,0,
1642994100.0,1786269897.8333066,1,1.5008,0.1367,,0.983,0.0451,0.334,NOMINAL,NOMINAL,TRIGGERED,1,omni_p6
1642995000.0,1786269897.9588852,1,1.6977,0.2288,,1.166,0.0475,0.344,NOMINAL,NOMINAL,NORMAL,0,
1642995900.0,1786269898.083987,1,1.6865,0.1833,,1.169,0.0355,0.25,NOMINAL,NOMINAL,NORMAL,0,
1642996800.0,1786269898.210868,1,2.2332,0.2806,,1.797,0.0645,0.485,NOMINAL,NOMINAL,NORMAL,0,
1642997700.0,1786269898.3344798,1,1.9762,0.1869,,1.147,0.0487,0.333,NOMINAL,NOMINAL,NORMAL,0,
1642998600.0,1786269898.4590087,1,1.6732,0.1825,,1.225,0.0494,0.334,NOMINAL,NOMINAL,NORMAL,0,
1642999500.0,1786269898.5834363,1,1.6039,0.1834,,0.861,0.0323,0.235,NOMINAL,NOMINAL,NORMAL,0,
1643000400.0,1786269898.7095606,1,2.1522,0.2203,,1.369,0.0672,0.371,NOMINAL,NOMINAL,NORMAL,0,
1643001300.0,1786269898.8354194,1,2.2624,0.2814,,1.576,0.0612,0.443,NOMINAL,NOMINAL,NORMAL,0,
1643002200.0,1786269898.9602115,1,2.3139,0.2177,,1.366,0.0499,0.407,NOMINAL,NOMINAL,NORMAL,0,
1643003100.0,1786269899.0844378,1,1.7321,0.1795,,1.315,0.0508,0.396,NOMINAL,NOMINAL,NORMAL,0,
1643004000.0,1786269899.2086787,1,1.2553,0.2301,,1.191,0.0459,0.337,NOMINAL,NOMINAL,NORMAL,0,
1643004900.0,1786269899.3341932,1,1.6537,0.4619,,1.174,0.0647,0.452,NOMINAL,NOMINAL,NORMAL,0,
1643005800.0,1786269899.4588006,1,1.7093,0.2314,,1.077,0.0444,0.33,NOMINAL,NOMINAL,NORMAL,0,
1643006700.0,1786269899.586499,1,2.0473,0.2582,,3.202,0.0589,0.461,NOMINAL,NOMINAL,NORMAL,0,
1643007600.0,1786269899.7099607,1,1.8129,0.2197,,1.441,0.0499,0.345,NOMINAL,NOMINAL,NORMAL,0,
1643008500.0,1786269899.83375,1,1.7577,0.1428,,0.843,0.0438,0.317,NOMINAL,NOMINAL,NORMAL,0,
1643009400.0,1786269899.9591477,1,1.7133,0.2279,,1.289,0.0454,0.408,NOMINAL,NOMINAL,NORMAL,0,
1643010300.0,1786269900.0858264,1,2.0948,0.294,,1.733,0.0612,0.439,NOMINAL,NOMINAL,TRIGGERED,1,omni_p6
1643011200.0,1786269900.209034,1,1.2693,0.2292,,1.448,0.0446,0.326,NOMINAL,NOMINAL,NORMAL,0,
1643012100.0,1786269900.3343565,1,1.6382,0.3871,,1.514,0.0443,0.326,NOMINAL,NOMINAL,NORMAL,0,
1643013000.0,1786269900.4603636,1,2.2007,0.2702,,1.881,0.0617,0.48,NOMINAL,NOMINAL,NORMAL,0,
1643013900.0,1786269900.5854056,1,2.2258,0.275,,1.519,0.0594,0.424,NOMINAL,NOMINAL,NORMAL,0,
1643014800.0,1786269900.7103565,1,2.197,0.1927,,1.351,0.0463,0.345,NOMINAL,NOMINAL,NORMAL,0,
1643015700.0,1786269900.8352323,1,2.3308,0.2856,,1.662,0.0571,0.433,NOMINAL,NOMINAL,TRIGGERED,1,omni_p6
1643016600.0,1786269900.9608378,1,1.8159,0.2305,,1.11,0.0691,2.174,NOMINAL,PRE_ALERT,TRIGGERED,2,omni_p6
1643017500.0,1786269901.0858839,1,1.7465,0.1807,,1.315,0.0798,1.441,PRE_ALERT,NOMINAL,NORMAL,0,
1643018400.0,1786269901.2089086,1,1.3704,0.2065,,1.198,0.0446,0.327,NOMINAL,NOMINAL,NORMAL,0,
1643019300.0,1786269901.3338811,1,1.4413,0.2762,,1.344,0.0442,0.317,NOMINAL,NOMINAL,NORMAL,0,
1643020200.0,1786269901.4594717,1,1.9845,0.1797,,1.179,0.0478,0.325,NOMINAL,NOMINAL,NORMAL,0,
1643021100.0,1786269901.5855134,1,2.2531,0.2776,,1.52,0.0628,0.419,NOMINAL,NOMINAL,NORMAL,0,
1643022000.0,1786269901.7100086,1,2.3917,0.2237,,1.237,0.0446,0.326,NOMINAL,NOMINAL,TRIGGERED,1,omni_p6
1643022900.0,1786269901.8352885,1,1.6973,0.1824,,1.177,0.0502,1.64,NOMINAL,PRE_ALERT,TRIGGERED,2,omni_p6
1643023800.0,1786269901.9619164,1,2.3336,0.2787,,1.847,0.0797,1.438,PRE_ALERT,NOMINAL,NORMAL,0,
1643024700.0,1786269902.0843701,1,1.8279,0.2758,,1.335,0.0534,0.367,NOMINAL,NOMINAL,NORMAL,0,
1643025600.0,1786269902.20951,1,1.7288,0.1847,,1.61,0.0303,0.227,NOMINAL,NOMINAL,NORMAL,0,
1643026500.0,1786269902.3346689,1,1.3353,0.2393,,1.896,0.0463,0.332,NOMINAL,NOMINAL,NORMAL,0,
1643027400.0,1786269902.459534,1,1.785,0.2851,,1.522,0.0581,0.427,NOMINAL,NOMINAL,TRIGGERED,1,omni_p6
1643028300.0,1786269902.5878332,1,2.3219,0.2914,,1.644,0.1011,2.258,NOMINAL,PRE_ALERT,TRIGGERED,2,omni_p6
1643029200.0,1786269902.7114952,1,1.938,0.1853,,1.581,0.0787,1.858,PRE_ALERT,NOMINAL,NORMAL,0,
1643030100.0,1786269902.8350115,1,1.7959,0.2925,,1.915,0.0613,0.427,NOMINAL,NOMINAL,NORMAL,0,
1643031000.0,1786269902.9592586,1,1.7585,0.1773,,1.485,0.0311,0.221,NOMINAL,NOMINAL,NORMAL,0,
1643031900.0,1786269903.0844312,1,1.7221,0.2288,,1.179,0.0469,0.604,NOMINAL,NOMINAL,NORMAL,0,
1643032800.0,1786269903.2096727,1,1.723,0.1879,,1.718,0.0308,0.228,NOMINAL,NOMINAL,NORMAL,0,
1643033700.0,1786269903.333407,1,1.3144,0.2051,,0.957,0.0421,0.491,NOMINAL,NOMINAL,TRIGGERED,1,omni_p6
1643034600.0,1786269903.4611623,1,1.6714,0.2293,,1.659,0.0926,2.27,NOMINAL,PRE_ALERT,TRIGGERED,2,omni_p6
1643035500.0,1786269903.587268,1,2.2275,0.2724,,1.453,0.0874,2.465,PRE_ALERT,NOMINAL,NORMAL,0,
1643036400.0,1786269903.7089422,1,1.6737,0.2282,,1.161,0.0613,0.439,NOMINAL,NOMINAL,NORMAL,0,
1643037300.0,1786269903.8353128,1,2.2389,0.2779,,1.582,0.0647,0.45,NOMINAL,NOMINAL,NORMAL,0,
1643038200.0,1786269903.9603941,1,2.2149,0.2704,,1.581,0.0931,0.484,NOMINAL,NOMINAL,NORMAL,0,
1643039100.0,1786269904.0846503,1,1.662,0.2758,,1.707,0.0644,0.46,NOMINAL,NOMINAL,NORMAL,0,
1643040000.0,1786269904.2093482,1,1.6765,0.1888,,1.434,0.047,0.355,NOMINAL,NOMINAL,TRIGGERED,1,omni_p6
1643040900.0,1786269904.3333921,1,1.3164,0.142,,1.086,0.0451,0.337,NOMINAL,NOMINAL,NORMAL,0,
1643041800.0,1786269904.458839,1,1.6893,0.231,,1.113,0.0455,0.338,NOMINAL,NOMINAL,NORMAL,0,
1643042700.0,1786269904.5835302,1,1.2044,0.1578,,1.011,0.0388,0.3,NOMINAL,NOMINAL,NORMAL,0,
1643043600.0,1786269904.7094986,1,1.6978,0.2355,,1.437,0.0643,0.494,NOMINAL,NOMINAL,NORMAL,0,
1643044500.0,1786269904.83566,1,2.2777,0.2764,,2.009,0.0646,0.46,NOMINAL,NOMINAL,NORMAL,0,
1643045400.0,1786269904.9609218,1,2.2616,0.2724,,2.047,0.0557,0.418,NOMINAL,NOMINAL,NORMAL,0,
1643046300.0,1786269905.0845902,1,1.6683,0.2706,,1.614,0.0621,0.522,NOMINAL,NOMINAL,NORMAL,0,
1643047200.0,1786269905.2104015,1,2.2471,0.2803,,1.719,0.0851,0.488,NOMINAL,NOMINAL,NORMAL,0,
1643048100.0,1786269905.3354466,1,2.2707,0.2751,,1.683,0.0507,0.369,NOMINAL,NOMINAL,NORMAL,0,
1643049000.0,1786269905.4588668,1,1.7171,0.233,,1.13,0.0468,0.341,NOMINAL,NOMINAL,NORMAL,0,
1643049900.0,1786269905.5833757,1,1.4422,0.1413,,0.982,0.0462,0.337,NOMINAL,NOMINAL,NORMAL,0,
1643050800.0,1786269905.7104864,1,2.2283,0.2,,1.469,0.0528,0.396,NOMINAL,NOMINAL,NORMAL,0,
1643051700.0,1786269905.8343606,1,2.0732,0.1887,,1.332,0.0461,0.343,NOMINAL,NOMINAL,NORMAL,0,
1643052600.0,1786269905.9591916,1,1.7845,0.1444,,1.219,0.0452,0.337,NOMINAL,NOMINAL,NORMAL,0,
1643053500.0,1786269906.0841835,1,1.7048,0.3222,,1.143,0.0455,0.387,NOMINAL,NOMINAL,NORMAL,0,
1643054400.0,1786269906.2102928,1,2.263,0.2773,,1.659,0.0604,0.455,NOMINAL,NOMINAL,NORMAL,0,
1643055300.0,1786269906.333794,1,1.6882,0.2554,,0.988,0.0437,0.33,NOMINAL,NOMINAL,NORMAL,0,
1643056200.0,1786269906.4597166,1,1.8777,0.2368,,1.604,0.0619,0.446,NOMINAL,NOMINAL,NORMAL,0,
1643057100.0,1786269906.5836797,1,1.6706,0.1397,,0.844,0.0458,0.33,NOMINAL,NOMINAL,NORMAL,0,
1643058000.0,1786269906.7086089,1,1.7055,0.139,,0.821,0.033,0.241,NOMINAL,NOMINAL,NORMAL,0,
1643058900.0,1786269906.8342671,1,1.6724,0.236,,1.39,0.0651,0.441,NOMINAL,NOMINAL,NORMAL,0,
1643059800.0,1786269906.9607906,1,2.3258,0.2836,,1.659,0.0782,0.464,NOMINAL,NOMINAL,NORMAL,0,
1643060700.0,1786269907.0848694,1,2.0497,0.1959,,1.306,0.0486,0.348,NOMINAL,NOMINAL,TRIGGERED,1,omni_p6
1643061600.0,1786269907.2090197,1,1.7069,0.1831,,1.216,0.0319,0.239,NOMINAL,NOMINAL,NORMAL,0,
1643062500.0,1786269907.3337703,1,1.6813,0.2789,,1.061,0.0451,0.332,NOMINAL,NOMINAL,NORMAL,0,
1643063400.0,1786269907.4583266,1,1.5105,0.2167,,1.105,0.0464,0.339,NOMINAL,NOMINAL,NORMAL,0,
1643064300.0,1786269907.5830991,1,1.4022,0.1629,,1.196,0.0321,0.242,NOMINAL,NOMINAL,NORMAL,0,
1643065200.0,1786269907.7085342,1,1.5273,0.2229,,1.168,0.0459,0.343,NOMINAL,NOMINAL,NORMAL,0,
1643066100.0,1786269907.833904,1,1.6035,0.2203,,1.351,0.0517,0.353,NOMINAL,NOMINAL,NORMAL,0,
1643067000.0,1786269907.958291,1,1.225,0.2235,,1.146,0.0444,0.335,NOMINAL,NOMINAL,TRIGGERED,1,omni_p6
1643067900.0,1786269908.0857747,1,1.9338,0.1869,,1.492,0.0897,1.59,NOMINAL,PRE_ALERT,TRIGGERED,2,omni_p6
1643068800.0,1786269908.2111003,1,1.6721,0.204,0.7641,1.438,0.0542,1.471,PRE_ALERT,NOMINAL,NORMAL,0,
1643069700.0,1786269908.3348823,1,2.2855,0.2173,,1.332,0.0505,0.347,NOMINAL,NOMINAL,NORMAL,0,
1643070600.0,1786269908.4589097,1,1.6442,0.1776,,1.374,0.051,0.358,NOMINAL,NOMINAL,NORMAL,0,
1643071500.0,1786269908.5855768,1,2.1313,0.2767,,2.025,0.0643,0.462,NOMINAL,NOMINAL,NORMAL,0,
1643072400.0,1786269908.7089508,1,1.5957,0.2283,,1.387,0.063,0.469,NOMINAL,NOMINAL,TRIGGERED,1,omni_p6
1643073300.0,1786269908.8353698,1,1.7504,0.2021,,1.384,0.0844,1.487,NOMINAL,PRE_ALERT,TRIGGERED,2,omni_p6
1643074200.0,1786269908.9623036,1,2.3259,0.2771,,2.28,0.0831,1.567,PRE_ALERT,NOMINAL,NORMAL,0,
1643075100.0,1786269909.0847576,1,1.8141,0.286,,1.445,0.0502,0.342,NOMINAL,NOMINAL,NORMAL,0,
1643076000.0,1786269909.208665,1,1.6296,0.1839,,0.983,0.0333,0.461,NOMINAL,NOMINAL,NORMAL,0,
1643076900.0,1786269909.3354578,1,2.223,0.2805,,1.872,0.0558,0.386,NOMINAL,NOMINAL,NORMAL,0,
1643077800.0,1786269909.4604287,1,2.6706,0.2706,,1.678,0.1116,0.512,NOMINAL,NOMINAL,NORMAL,0,
1643078700.0,1786269909.5833588,1,1.4485,0.1643,,1.188,0.0366,0.256,NOMINAL,NOMINAL,TRIGGERED,1,omni_p6
1643079600.0,1786269909.710981,1,1.4958,0.2392,,1.432,0.0717,2.053,NOMINAL,PRE_ALERT,TRIGGERED,2,omni_p6
1643080500.0,1786269909.835427,1,1.7183,0.1887,,1.399,0.0783,1.505,PRE_ALERT,NOMINAL,NORMAL,0,
1643081400.0,1786269909.9607563,1,2.2407,0.277,,1.704,0.4141,0.841,NOMINAL,NOMINAL,NORMAL,0,
1643082300.0,1786269910.0837648,1,1.6234,0.2296,,1.182,0.0457,0.352,NOMINAL,NOMINAL,NORMAL,0,
1643083200.0,1786269910.2090218,1,1.6431,0.1815,,1.499,0.0505,0.368,NOMINAL,NOMINAL,NORMAL,0,
1643084100.0,1786269910.333858,1,1.6035,0.2042,,1.344,0.0498,0.372,NOMINAL,NOMINAL,NORMAL,0,
1643085000.0,1786269910.4589536,1,1.82,0.2338,,1.178,0.0473,0.346,NOMINAL,NOMINAL,NORMAL,0,
1643085900.0,1786269910.5843265,1,1.7123,0.2303,,1.565,0.0638,0.524,NOMINAL,NOMINAL,NORMAL,0,
1643086800.0,1786269910.7090063,1,1.7176,0.2372,,1.224,0.0471,0.346,NOMINAL,NOMINAL,NORMAL,0,
1643087700.0,1786269910.8339708,1,1.824,0.2419,,1.171,0.0467,0.345,NOMINAL,NOMINAL,NORMAL,0,
1643088600.0,1786269910.959174,1,1.6898,0.1886,,1.436,0.0489,0.374,NOMINAL,NOMINAL,NORMAL,0,
1643089500.0,1786269911.0834136,1,1.5775,0.1772,,1.104,0.0346,0.257,NOMINAL,NOMINAL,NORMAL,0,
1643090400.0,1786269911.2092178,1,1.8103,0.1875,,1.358,0.05,0.37,NOMINAL,NOMINAL,NORMAL,0,
1643091300.0,1786269911.3336222,1,1.5719,0.186,,1.262,0.0504,0.363,NOMINAL,NOMINAL,NORMAL,0,
1643092200.0,1786269911.4589946,1,1.628,0.2302,,1.376,0.0657,0.472,NOMINAL,NOMINAL,NORMAL,0,
1643093100.0,1786269911.5852885,1,2.1712,0.2842,,1.717,0.0596,0.46,NOMINAL,NOMINAL,NORMAL,0,
1643094000.0,1786269911.7082224,1,1.3901,0.1443,,0.983,0.0423,0.38,NOMINAL,NOMINAL,NORMAL,0,
1643094900.0,1786269911.8334773,1,1.5939,0.2573,,1.004,0.0402,0.302,NOMINAL,NOMINAL,NORMAL,0,
1643095800.0,1786269911.9583232,1,1.6904,0.1419,,0.864,0.0468,0.342,NOMINAL,NOMINAL,NORMAL,0,
1643096700.0,1786269912.0835998,1,1.5901,0.2117,,1.107,0.0429,0.33,NOMINAL,NOMINAL,NORMAL,0,
1643097600.0,1786269912.2090023,1,1.6258,0.1885,,1.419,0.0494,0.363,NOMINAL,NOMINAL,NORMAL,0,
1643098500.0,1786269912.3335917,1,1.5892,0.2339,,1.103,0.0471,0.349,NOMINAL,NOMINAL,TRIGGERED,1,omni_p6
1643099400.0,1786269912.4585216,1,1.5909,0.2151,,1.151,0.0435,0.333,NOMINAL,NOMINAL,NORMAL,0,
1643100300.0,1786269912.5848584,1,2.0848,0.2731,,1.716,0.0639,0.479,NOMINAL,NOMINAL,NORMAL,0,
1643101200.0,1786269912.7104602,1,2.1961,0.335,,1.518,0.062,0.662,NOMINAL,NOMINAL,TRIGGERED,1,omni_p6
1643102100.0,1786269912.8342574,1,1.6985,0.1922,,1.418,0.0513,0.366,NOMINAL,NOMINAL,NORMAL,0,
1643103000.0,1786269912.9582691,1,1.5653,0.1811,,1.026,0.0347,0.255,NOMINAL,NOMINAL,NORMAL,0,
1643103900.0,1786269913.0838337,1,1.685,0.2358,,1.118,0.046,0.349,NOMINAL,NOMINAL,NORMAL,0,
1643104800.0,1786269913.2093937,1,1.9102,0.1946,,1.471,0.0514,0.381,NOMINAL,NOMINAL,NORMAL,0,
1643105700.0,1786269913.3340895,1,1.5957,0.1888,,1.564,0.0555,0.361,NOMINAL,NOMINAL,NORMAL,0,
1643106600.0,1786269913.458748,1,1.6534,0.2367,,1.201,0.045,0.345,NOMINAL,NOMINAL,TRIGGERED,1,omni_p6
1643107500.0,1786269913.5870287,1,2.1084,0.2766,,1.719,0.1066,2.324,NOMINAL,PRE_ALERT,TRIGGERED,2,omni_p6
1643108400.0,1786269913.7113464,1,2.1333,0.27,,1.61,0.0981,1.758,PRE_ALERT,NOMINAL,NORMAL,0,
1643109300.0,1786269913.8345656,1,1.7976,0.3139,,1.667,0.0614,0.459,NOMINAL,NOMINAL,NORMAL,0,
1643110200.0,1786269913.9583728,1,1.5959,0.1792,,1.134,0.0329,0.245,NOMINAL,NOMINAL,NORMAL,0,
1643111100.0,1786269914.0839753,1,1.6651,0.2273,,1.318,0.062,0.455,NOMINAL,NOMINAL,NORMAL,0,
1643112000.0,1786269914.209505,1,1.7457,0.2378,,1.471,0.0667,0.463,NOMINAL,NOMINAL,NORMAL,0,
1643112900.0,1786269914.3334527,1,1.41,0.184,,0.926,0.0415,0.319,NOMINAL,NOMINAL,TRIGGERED,1,omni_p6
1643113800.0,1786269914.4597147,1,1.4462,0.2011,,1.125,0.063,1.714,NOMINAL,PRE_ALERT,TRIGGERED,2,omni_p6
1643114700.0,1786269914.586056,1,1.8356,0.2161,,1.527,0.0851,1.511,PRE_ALERT,NOMINAL,NORMAL,0,
1643115600.0,1786269914.7090905,1,1.3825,0.4408,,1.193,0.0452,0.332,NOMINAL,NOMINAL,NORMAL,0,
1643116500.0,1786269914.8345423,1,1.6564,0.7354,,1.397,0.0439,0.326,NOMINAL,NOMINAL,NORMAL,0,
1643117400.0,1786269914.9605036,1,2.1875,0.2662,,1.953,0.0624,0.501,NOMINAL,NOMINAL,NORMAL,0,
1643118300.0,1786269915.0847535,1,1.6354,0.2199,,1.914,0.061,0.458,NOMINAL,NOMINAL,NORMAL,0,
1643119200.0,1786269915.2113676,1,2.68,0.2935,,2.305,0.0602,0.467,NOMINAL,NOMINAL,TRIGGERED,1,omni_p6
1643120100.0,1786269915.3374932,1,2.2696,0.3,,1.81,0.096,2.201,NOMINAL,PRE_ALERT,TRIGGERED,2,omni_p6
1643121000.0,1786269915.4617364,1,2.2472,0.2295,,1.715,0.0889,1.546,PRE_ALERT,NOMINAL,NORMAL,0,
1643121900.0,1786269915.58439,1,1.7384,0.1993,,1.38,0.0557,0.389,NOMINAL,NOMINAL,NORMAL,0,
1643122800.0,1786269915.7090833,1,1.5295,0.2445,,1.271,0.0468,0.349,NOMINAL,NOMINAL,NORMAL,0,
1643123700.0,1786269915.834676,1,1.6293,0.2665,,1.859,0.0632,0.447,NOMINAL,NOMINAL,NORMAL,0,
1643124600.0,1786269915.9594991,1,1.6989,0.2619,,1.638,0.0597,0.452,NOMINAL,NOMINAL,NORMAL,0,
1643125500.0,1786269916.083975,1,1.739,0.2435,,1.182,0.0434,0.336,NOMINAL,NOMINAL,TRIGGERED,1,omni_p6
1643126400.0,1786269916.2109187,1,2.0895,0.2406,,2.176,0.0503,0.376,NOMINAL,NOMINAL,NORMAL,0,
1643127300.0,1786269916.3362153,1,2.4159,0.2906,,2.069,0.0598,0.482,NOMINAL,NOMINAL,NORMAL,0,
1643128200.0,1786269916.4604132,1,2.1447,0.2564,,1.746,0.0514,0.393,NOMINAL,NOMINAL,NORMAL,0,
1643129100.0,1786269916.5854282,1,1.7586,0.1951,,2.126,0.0495,0.337,NOMINAL,NOMINAL,NORMAL,0,
1643130000.0,1786269916.7087996,1,1.3217,0.2366,,1.244,0.0456,0.347,NOMINAL,NOMINAL,NORMAL,0,
1643130900.0,1786269916.8340583,1,1.5944,0.2198,,1.637,0.0445,0.332,NOMINAL,NOMINAL,NORMAL,0,
1643131800.0,1786269916.9597113,1,1.5836,0.2631,,1.975,0.0589,0.437,NOMINAL,NOMINAL,NORMAL,0,
1643132700.0,1786269917.084048,1,1.7973,0.1482,,1.027,0.0442,0.327,NOMINAL,NOMINAL,NORMAL,0,
1643133600.0,1786269917.210157,1,2.2981,0.2353,,1.764,0.0514,0.384,NOMINAL,NOMINAL,NORMAL,0,
1643134500.0,1786269917.3339276,1,1.7,0.1976,,1.199,0.0312,0.236,NOMINAL,NOMINAL,NORMAL,0,
1643135400.0,1786269917.4586606,1,1.7381,0.1955,,0.84,0.0326,0.266,NOMINAL,NOMINAL,NORMAL,0,
1643136300.0,1786269917.585036,1,1.7926,0.1966,,1.389,0.0489,0.368,NOMINAL,NOMINAL,NORMAL,0,
1643137200.0,1786269917.7088668,1,1.3344,0.2155,,1.26,0.0433,0.33,NOMINAL,NOMINAL,NORMAL,0,
1643138100.0,1786269917.8339412,1,1.2917,0.2191,,1.414,0.0453,0.322,NOMINAL,NOMINAL,NORMAL,0,
1643139000.0,1786269917.9598963,1,2.044,0.2759,,1.629,0.064,0.446,NOMINAL,NOMINAL,NORMAL,0,
1643139900.0,1786269918.0856035,1,2.2615,0.2734,,1.637,0.06,0.428,NOMINAL,NOMINAL,NORMAL,0,
1643140800.0,1786269918.2107484,1,2.0185,0.2086,,1.836,0.0525,0.383,NOMINAL,NOMINAL,NORMAL,0,
1643141700.0,1786269918.3354068,1,2.3693,0.2065,,1.499,0.0512,0.354,NOMINAL,NOMINAL,NORMAL,0,
1643142600.0,1786269918.4591959,1,1.769,0.2402,,1.195,0.0483,0.349,NOMINAL,NOMINAL,NORMAL,0,
1643143500.0,1786269918.5847769,1,1.7875,0.205,,1.495,0.0512,0.376,NOMINAL,NOMINAL,NORMAL,0,
1643144400.0,1786269918.7098684,1,1.7269,0.2395,,1.808,0.0685,0.477,NOMINAL,NOMINAL,NORMAL,0,
1643145300.0,1786269918.8358371,1,2.8902,0.2136,,1.423,0.0521,0.356,NOMINAL,NOMINAL,NORMAL,0,
1643146200.0,1786269918.9591806,1,1.8497,0.2473,,1.403,0.044,0.34,NOMINAL,NOMINAL,TRIGGERED,1,omni_p6
1643147100.0,1786269919.0851824,1,2.0763,0.2851,,1.709,0.066,0.483,NOMINAL,NOMINAL,NORMAL,0,
1643148000.0,1786269919.2095923,1,1.7568,0.1509,,1.477,0.0476,0.345,NOMINAL,NOMINAL,NORMAL,0,
1643148900.0,1786269919.3343868,1,1.7628,0.1974,,1.429,0.0339,0.247,NOMINAL,NOMINAL,NORMAL,0,
1643149800.0,1786269919.4589093,1,1.6277,0.222,,1.338,0.0445,0.342,NOMINAL,NOMINAL,NORMAL,0,
1643150700.0,1786269919.585222,1,1.9055,0.1849,,1.528,0.0586,0.388,NOMINAL,NOMINAL,NORMAL,0,
1643151600.0,1786269919.7085896,1,1.4319,0.1358,,1.027,0.0442,0.346,NOMINAL,NOMINAL,TRIGGERED,1,omni_p6
1643152500.0,1786269919.8357565,1,1.5213,0.2886,,1.435,0.0701,2.018,NOMINAL,PRE_ALERT,TRIGGERED,2,omni_p6
1643153400.0,1786269919.9605684,1,1.8812,0.1792,,1.293,0.0814,1.536,PRE_ALERT,NOMINAL,NORMAL,0,
1643154300.0,1786269920.0838013,1,1.2694,0.2261,,1.207,0.0453,0.346,NOMINAL,NOMINAL,NORMAL,0,
1643155200.0,1786269920.2110023,1,1.8021,0.2459,1.4891,1.524,0.0535,0.387,NOMINAL,NOMINAL,NORMAL,0,
1643156100.0,1786269920.3343456,1,1.9352,0.2337,,1.246,0.0647,0.45,NOMINAL,NOMINAL,NORMAL,0,
1643157000.0,1786269920.458729,1,1.5899,0.2235,,1.281,0.0456,0.34,NOMINAL,NOMINAL,NORMAL,0,
1643157900.0,1786269920.5849745,1,1.7799,0.1855,,1.401,0.0495,0.385,NOMINAL,NOMINAL,TRIGGERED,1,omni_p6
1643158800.0,1786269920.710461,1,1.6907,0.1403,,1.031,0.073,1.958,NOMINAL,PRE_ALERT,TRIGGERED,2,omni_p6
1643159700.0,1786269920.8351498,1,1.5064,0.2223,,1.174,0.0725,1.96,PRE_ALERT,NOMINAL,NORMAL,0,
1643160600.0,1786269920.959169,1,1.795,0.1729,,1.411,0.0476,0.358,NOMINAL,NOMINAL,NORMAL,0,
1643161500.0,1786269921.0832248,1,1.3022,0.139,,1.075,0.0473,0.341,NOMINAL,NOMINAL,NORMAL,0,
1643162400.0,1786269921.2096207,1,2.0293,0.2163,,1.529,0.0557,0.389,NOMINAL,NOMINAL,NORMAL,0,
1643163300.0,1786269921.3337874,1,1.7864,0.3076,,1.052,0.0449,0.329,NOMINAL,NOMINAL,NORMAL,0,
1643164200.0,1786269921.4602194,1,2.2115,0.2779,,1.57,0.0572,0.495,NOMINAL,NOMINAL,TRIGGERED,1,omni_p6
1643165100.0,1786269921.5857713,1,1.8647,0.1718,,1.405,0.089,1.72,NOMINAL,PRE_ALERT,TRIGGERED,2,omni_p6
1643166000.0,1786269921.7100577,1,1.6517,0.183,,0.834,0.0526,1.775,PRE_ALERT,NOMINAL,NORMAL,0,
1643166900.0,1786269921.83457,1,1.8514,0.2791,,1.581,0.0625,0.408,NOMINAL,NOMINAL,NORMAL,0,
1643167800.0,1786269921.9603639,1,2.2258,0.2688,,1.503,0.099,0.411,NOMINAL,NOMINAL,NORMAL,0,
1643168700.0,1786269922.0841017,1,1.622,0.1847,,1.303,0.0471,0.345,NOMINAL,NOMINAL,NORMAL,0,
1643169600.0,1786269922.2082186,1,1.4234,0.1341,,1.025,0.046,0.392,NOMINAL,NOMINAL,NORMAL,0,
1643170500.0,1786269922.3338432,1,1.7834,0.2465,,1.074,0.0419,0.346,NOMINAL,NOMINAL,TRIGGERED,1,omni_p6
1643171400.0,1786269922.4605002,1,2.4654,0.2725,,1.525,0.0637,0.531,NOMINAL,NOMINAL,NORMAL,0,
1643172300.0,1786269922.583698,1,1.9594,0.1826,,0.926,0.0327,0.248,NOMINAL,NOMINAL,NORMAL,0,
1643173200.0,1786269922.7100728,1,2.0889,0.2596,,1.694,0.0658,0.469,NOMINAL,NOMINAL,NORMAL,0,
1643174100.0,1786269922.8352575,1,2.3147,0.2764,,1.534,0.0533,0.362,NOMINAL,NOMINAL,NORMAL,0,
1643175000.0,1786269922.9592414,1,1.6019,0.2189,,1.339,0.0659,0.464,NOMINAL,NOMINAL,NORMAL,0,
1643175900.0,1786269923.0852768,1,2.221,0.2773,,1.729,0.0615,0.444,NOMINAL,NOMINAL,NORMAL,0,
1643176800.0,1786269923.2100852,1,2.1087,0.33,,1.493,0.0467,0.362,NOMINAL,NOMINAL,NORMAL,0,
1643177700.0,1786269923.3336277,1,1.6757,0.1812,,1.226,0.0454,0.343,NOMINAL,NOMINAL,NORMAL,0,
1643178600.0,1786269923.458011,1,1.3619,0.1559,,1.065,0.0342,0.241,NOMINAL,NOMINAL,NORMAL,0,
1643179500.0,1786269923.585496,1,2.1123,0.2252,,1.377,0.7053,1.31,NOMINAL,NOMINAL,NORMAL,0,
1643180400.0,1786269923.7101278,1,2.3047,0.2703,,1.746,0.0663,0.46,NOMINAL,NOMINAL,NORMAL,0,
1643181300.0,1786269923.8332887,1,1.4741,0.2194,,1.173,0.047,0.353,NOMINAL,NOMINAL,NORMAL,0,
1643182200.0,1786269923.959391,1,1.6595,0.2296,,1.211,0.0681,0.481,NOMINAL,NOMINAL,NORMAL,0,
1643183100.0,1786269924.083531,1,1.6323,0.1374,,0.858,0.0448,0.339,NOMINAL,NOMINAL,NORMAL,0,
1643184000.0,1786269924.2088134,1,1.6377,0.2268,,1.205,0.0467,0.346,NOMINAL,NOMINAL,NORMAL,0,
1643184900.0,1786269924.334938,1,2.2009,0.2759,,1.488,0.0644,0.464,NOMINAL,NOMINAL,NORMAL,0,
1643185800.0,1786269924.458464,1,1.6112,0.1785,,1.07,0.0343,0.246,NOMINAL,NOMINAL,NORMAL,0,
1643186700.0,1786269924.582689,1,1.1599,0.1528,,1.077,0.039,0.278,NOMINAL,NOMINAL,TRIGGERED,1,omni_p6
1643187600.0,1786269924.7112055,1,2.4297,0.2856,,1.669,0.0635,0.473,NOMINAL,NOMINAL,NORMAL,0,
1643188500.0,1786269924.8335576,1,1.5967,0.2326,,1.256,0.0451,0.341,NOMINAL,NOMINAL,NORMAL,0,
1643189400.0,1786269924.9594944,1,1.8301,0.1799,,1.419,0.0489,0.363,NOMINAL,NOMINAL,NORMAL,0,
1643190300.0,1786269925.0856833,1,2.1228,0.2661,,2.03,0.062,0.462,NOMINAL,NOMINAL,NORMAL,0,
1643191200.0,1786269925.20875,1,1.5318,0.1735,,1.41,0.0528,0.374,NOMINAL,NOMINAL,NORMAL,0,
1643192100.0,1786269925.3337626,1,1.6314,0.1838,,1.305,0.0475,0.358,NOMINAL,NOMINAL,TRIGGERED,1,omni_p6
1643193000.0,1786269925.4595287,1,1.2666,0.1318,,0.991,0.073,1.997,NOMINAL,PRE_ALERT,TRIGGERED,2,omni_p6
1643193900.0,1786269925.585226,1,1.4961,0.2223,,1.103,0.0732,2.189,PRE_ALERT,NOMINAL,NORMAL,0,
1643194800.0,1786269925.7094915,1,1.7927,0.2025,,1.331,0.0337,0.248,NOMINAL,NOMINAL,NORMAL,0,
1643195700.0,1786269925.8334484,1,1.2993,0.2341,,1.397,0.0448,0.338,NOMINAL,NOMINAL,NORMAL,0,
1643196600.0,1786269925.959889,1,1.688,0.2713,,2.076,0.0662,0.491,NOMINAL,NOMINAL,NORMAL,0,
1643197500.0,1786269926.085615,1,2.258,0.2799,,1.703,0.0642,0.453,NOMINAL,NOMINAL,NORMAL,0,
1643198400.0,1786269926.2103238,1,2.2326,0.2965,,1.484,0.05,0.357,NOMINAL,NOMINAL,TRIGGERED,1,omni_p6
1643199300.0,1786269926.335733,1,1.6849,0.2371,,1.063,0.0705,2.198,NOMINAL,PRE_ALERT,TRIGGERED,2,omni_p6
1643200200.0,1786269926.4623473,1,2.3299,0.2861,,1.525,0.0978,2.296,PRE_ALERT,NOMINAL,NORMAL,0,
1643201100.0,1786269926.584997,1,2.1342,0.1899,,1.348,0.0513,0.346,NOMINAL,NOMINAL,NORMAL,0,
1643202000.0,1786269926.710046,1,2.1288,0.2283,,1.382,0.0507,0.352,NOMINAL,NOMINAL,NORMAL,0,
1643202900.0,1786269926.8358777,1,2.2659,0.2811,,1.968,0.0643,0.441,NOMINAL,NOMINAL,NORMAL,0,
1643203800.0,1786269926.95895,1,1.7094,0.234,,1.184,0.0587,0.449,NOMINAL,NOMINAL,TRIGGERED,1,omni_p6
1643204700.0,1786269927.0852094,1,1.6754,0.1829,,1.108,0.0511,1.696,NOMINAL,PRE_ALERT,TRIGGERED,2,omni_p6
1643205600.0,1786269927.2104187,1,1.6637,0.2283,,1.19,0.0705,1.908,PRE_ALERT,NOMINAL,NORMAL,0,
1643206500.0,1786269927.3345351,1,1.7578,0.2882,,1.519,0.0632,0.461,NOMINAL,NOMINAL,NORMAL,0,
1643207400.0,1786269927.4585214,1,1.5771,0.2188,,1.071,0.046,0.336,NOMINAL,NOMINAL,NORMAL,0,
1643208300.0,1786269927.5848114,1,2.1436,0.208,,1.354,0.0491,0.356,NOMINAL,NOMINAL,NORMAL,0,
1643209200.0,1786269927.7082922,1,1.4704,0.2201,,0.992,0.0475,0.398,NOMINAL,NOMINAL,NORMAL,0,
1643210100.0,1786269927.8343673,1,1.6,0.2855,,1.691,0.0659,0.465,NOMINAL,NOMINAL,TRIGGERED,1,omni_p6
1643211000.0,1786269927.9607306,1,1.9248,0.182,,1.403,0.0933,1.694,NOMINAL,PRE_ALERT,TRIGGERED,2,omni_p6
1643211900.0,1786269928.0849378,1,1.6118,0.1787,,1.329,0.0519,1.338,PRE_ALERT,NOMINAL,NORMAL,0,
1643212800.0,1786269928.2084975,1,1.402,0.1422,,1.152,0.0445,0.341,NOMINAL,NOMINAL,NORMAL,0,
1643213700.0,1786269928.3342154,1,1.5973,0.3171,,1.528,0.0661,0.482,NOMINAL,NOMINAL,NORMAL,0,
1643214600.0,1786269928.458432,1,1.3927,0.161,,1.274,0.0492,0.359,NOMINAL,NOMINAL,NORMAL,0,
1643215500.0,1786269928.583336,1,1.5139,0.2138,,1.063,0.0457,0.334,NOMINAL,NOMINAL,NORMAL,0,
1643216400.0,1786269928.7083213,1,1.4314,0.2122,,1.123,0.046,0.396,NOMINAL,NOMINAL,NORMAL,0,
1643217300.0,1786269928.8342865,1,1.5931,0.2908,,1.607,0.0635,0.465,NOMINAL,NOMINAL,NORMAL,0,
1643218200.0,1786269928.9593327,1,1.9357,0.1815,,1.406,0.0532,0.375,NOMINAL,NOMINAL,NORMAL,0,
1643219100.0,1786269929.0838425,1,1.5529,0.1778,,1.335,0.0521,0.353,NOMINAL,NOMINAL,NORMAL,0,
1643220000.0,1786269929.2084544,1,1.597,0.2304,,1.129,0.046,0.403,NOMINAL,NOMINAL,NORMAL,0,
1643220900.0,1786269929.3340921,1,1.6815,0.1849,,1.292,0.0512,0.368,NOMINAL,NOMINAL,NORMAL,0,
1643221800.0,1786269929.459082,1,1.6641,0.2721,,1.394,0.0499,0.359,NOMINAL,NOMINAL,NORMAL,0,
1643222700.0,1786269929.5855596,1,2.0321,0.2447,,1.694,0.0697,0.518,NOMINAL,NOMINAL,NORMAL,0,
1643223600.0,1786269929.7104506,1,2.0723,0.2017,,2.012,0.0518,0.369,NOMINAL,NOMINAL,NORMAL,0,
1643224500.0,1786269929.8353183,1,2.2139,0.2774,,1.806,0.0679,0.477,NOMINAL,NOMINAL,NORMAL,0,
1643225400.0,1786269929.9588103,1,1.624,0.2287,,1.18,0.0619,0.458,NOMINAL,NOMINAL,NORMAL,0,
1643226300.0,1786269930.0840092,1,1.8057,0.2283,,1.181,0.0473,0.34,NOMINAL,NOMINAL,NORMAL,0,
1643227200.0,1786269930.208161,1,1.3062,0.2273,,1.152,0.0451,0.378,NOMINAL,NOMINAL,NORMAL,0,
1643228100.0,1786269930.3344574,1,2.1645,0.1764,,1.285,0.0508,0.372,NOMINAL,NOMINAL,NORMAL,0,
1643229000.0,1786269930.4587326,1,1.4413,0.157,,1.243,0.048,0.357,NOMINAL,NOMINAL,NORMAL,0,
1643229900.0,1786269930.5838625,1,1.5736,0.2169,,1.518,0.0449,0.337,NOMINAL,NOMINAL,NORMAL,0,
1643230800.0,1786269930.7093503,1,1.6712,0.3655,,1.149,0.0465,0.344,NOMINAL,NOMINAL,TRIGGERED,1,omni_p6
1643231700.0,1786269930.8359997,1,1.6553,0.3321,,1.255,0.1061,2.336,NOMINAL,PRE_ALERT,TRIGGERED,2,omni_p6
1643232600.0,1786269930.961646,1,2.4172,0.2514,,1.385,0.0817,1.618,PRE_ALERT,NOMINAL,NORMAL,0,
1643233500.0,1786269931.083883,1,1.8867,0.2363,,1.149,0.0458,0.33,NOMINAL,NOMINAL,NORMAL,0,
1643234400.0,1786269931.21072,1,2.2522,0.2834,,1.639,0.0652,0.451,NOMINAL,NOMINAL,NORMAL,0,
1643235300.0,1786269931.334969,1,2.2066,0.2694,,1.575,0.0651,0.456,NOMINAL,NOMINAL,NORMAL,0,
1643236200.0,1786269931.460598,1,2.3711,0.2783,,1.575,0.063,0.495,NOMINAL,NOMINAL,NORMAL,0,
1643237100.0,1786269931.5856967,1,2.5307,0.286,,1.567,0.0509,0.348,NOMINAL,NOMINAL,TRIGGERED,1,omni_p6
1643238000.0,1786269931.7109044,1,1.8052,0.2143,,1.482,0.0846,1.527,NOMINAL,PRE_ALERT,TRIGGERED,2,omni_p6
1643238900.0,1786269931.8356996,1,1.8362,0.1458,,0.99,0.0715,1.917,PRE_ALERT,NOMINAL,NORMAL,0,
1643239800.0,1786269931.9588149,1,1.6941,0.2339,,1.175,0.0461,0.347,NOMINAL,NOMINAL,NORMAL,0,
1643240700.0,1786269932.0842597,1,1.6903,0.2755,,1.521,0.052,0.418,NOMINAL,NOMINAL,NORMAL,0,
1643241600.0,1786269932.2098565,1,1.6496,0.1709,0.7815,1.393,0.0493,0.339,NOMINAL,NOMINAL,NORMAL,0,
