08-23-2026 04:04:02 RAM 2221/7620MB (lfb 3x4MB) SWAP 0/12002MB (cached 0MB) CPU [6%@729,2%@729,3%@729,2%@729,0%@729,4%@729] GR3D_FREQ 0% cpu@44.468C soc2@43.781C soc0@42.468C gpu@44C tj@44.468C soc1@42.343C VDD_IN 3360mW/3360mW VDD_CPU_GPU_CV 599mW/599mW VDD_SOC 1078mW/1078mW
08-23-2026 04:04:03 RAM 2220/7620MB (lfb 3x4MB) SWAP 0/12002MB (cached 0MB) CPU [5%@1113,2%@1113,5%@1113,6%@1113,1%@1036,3%@1036] GR3D_FREQ 0% cpu@44.656C soc2@43.875C soc0@42.375C gpu@43.75C tj@44.656C soc1@42.531C VDD_IN 3320mW/3340mW VDD_CPU_GPU_CV 559mW/579mW VDD_SOC 1040mW/1059mW
08-23-2026 04:04:04 RAM 2219/7620MB (lfb 3x4MB) SWAP 0/12002MB (cached 0MB) CPU [6%@729,2%@729,1%@729,1%@729,2%@729,0%@729] GR3D_FREQ 0% cpu@44.5C soc2@43.843C soc0@42.343C gpu@43.937C tj@44.5C soc1@42.281C VDD_IN 3240mW/3306mW VDD_CPU_GPU_CV 519mW/559mW VDD_SOC 1040mW/1052mW
08-23-2026 04:04:05 RAM 2219/7620MB (lfb 3x4MB) SWAP 0/12002MB (cached 0MB) CPU [7%@729,3%@729,1%@729,1%@729,2%@729,1%@729] GR3D_FREQ 0% cpu@44.562C soc2@43.75C soc0@42.312C gpu@43.968C tj@44.562C soc1@42.375C VDD_IN 3200mW/3280mW VDD_CPU_GPU_CV 519mW/549mW VDD_SOC 1040mW/1049mW
08-23-2026 04:04:06 RAM 2219/7620MB (lfb 3x4MB) SWAP 0/12002MB (cached 0MB) CPU [6%@729,1%@729,0%@729,0%@729,0%@729,1%@729] GR3D_FREQ 0% cpu@44.375C soc2@43.75C soc0@42.25C gpu@43.75C tj@44.375C soc1@42.25C VDD_IN 3200mW/3264mW VDD_CPU_GPU_CV 519mW/543mW VDD_SOC 1040mW/1047mW
08-23-2026 04:04:07 RAM 2219/7620MB (lfb 3x4MB) SWAP 0/12002MB (cached 0MB) CPU [4%@729,0%@729,1%@729,1%@729,1%@729,0%@729] GR3D_FREQ 0% cpu@44.375C soc2@43.812C soc0@42.437C gpu@43.718C tj@44.375C soc1@42.281C VDD_IN 3200mW/3253mW VDD_CPU_GPU_CV 519mW/539mW VDD_SOC 1040mW/1046mW
08-23-2026 04:04:08 RAM 2219/7620MB (lfb 3x4MB) SWAP 0/12002MB (cached 0MB) CPU [5%@729,3%@729,0%@729,0%@729,0%@729,0%@729] GR3D_FREQ 0% cpu@44.562C soc2@43.812C soc0@42.281C gpu@44C tj@44.562C soc1@42.312C VDD_IN 3200mW/3245mW VDD_CPU_GPU_CV 519mW/536mW VDD_SOC 1040mW/1045mW
08-23-2026 04:04:09 RAM 2219/7620MB (lfb 3x4MB) SWAP 0/12002MB (cached 0MB) CPU [7%@729,1%@729,0%@729,2%@729,1%@729,2%@729] GR3D_FREQ 0% cpu@44.718C soc2@43.687C soc0@42.25C gpu@44.062C tj@44.718C soc1@42.437C VDD_IN 3240mW/3245mW VDD_CPU_GPU_CV 519mW/534mW VDD_SOC 1040mW/1044mW
08-23-2026 04:04:10 RAM 2220/7620MB (lfb 3x4MB) SWAP 0/12002MB (cached 0MB) CPU [6%@729,4%@729,0%@729,0%@729,1%@729,0%@729] GR3D_FREQ 0% cpu@44.375C soc2@43.75C soc0@42.406C gpu@43.781C tj@44.375C soc1@42.25C VDD_IN 3200mW/3240mW VDD_CPU_GPU_CV 519mW/532mW VDD_SOC 1040mW/1044mW
08-23-2026 04:04:11 RAM 2217/7620MB (lfb 3x4MB) SWAP 0/12002MB (cached 0MB) CPU [6%@729,1%@729,4%@729,0%@729,0%@729,0%@729] GR3D_FREQ 0% cpu@44.437C soc2@43.843C soc0@42.281C gpu@44.062C tj@44.437C soc1@42.312C VDD_IN 3200mW/3236mW VDD_CPU_GPU_CV 519mW/531mW VDD_SOC 1040mW/1043mW
08-23-2026 04:04:12 RAM 2217/7620MB (lfb 3x4MB) SWAP 0/12002MB (cached 0MB) CPU [4%@729,1%@729,0%@729,0%@729,0%@729,0%@729] GR3D_FREQ 0% cpu@44.656C soc2@43.812C soc0@42.343C gpu@44.031C tj@44.656C soc1@42.343C VDD_IN 3200mW/3232mW VDD_CPU_GPU_CV 519mW/529mW VDD_SOC 1040mW/1043mW
08-23-2026 04:04:13 RAM 2217/7620MB (lfb 3x4MB) SWAP 0/12002MB (cached 0MB) CPU [5%@729,1%@729,0%@729,1%@729,2%@729,1%@729] GR3D_FREQ 0% cpu@44.375C soc2@43.75C soc0@42.343C gpu@43.781C tj@44.375C soc1@42.281C VDD_IN 3240mW/3233mW VDD_CPU_GPU_CV 519mW/529mW VDD_SOC 1040mW/1043mW
08-23-2026 04:04:14 RAM 2218/7620MB (lfb 3x4MB) SWAP 0/12002MB (cached 0MB) CPU [5%@729,1%@729,0%@729,1%@729,0%@729,1%@729] GR3D_FREQ 0% cpu@44.406C soc2@43.75C soc0@42.437C gpu@43.843C tj@44.406C soc1@42.375C VDD_IN 3200mW/3230mW VDD_CPU_GPU_CV 519mW/528mW VDD_SOC 1040mW/1042mW
08-23-2026 04:04:15 RAM 2219/7620MB (lfb 3x4MB) SWAP 0/12002MB (cached 0MB) CPU [5%@729,1%@729,1%@729,1%@729,0%@729,2%@729] GR3D_FREQ 0% cpu@44.593C soc2@43.781C soc0@42.25C gpu@44.031C tj@44.593C soc1@42.375C VDD_IN 3200mW/3228mW VDD_CPU_GPU_CV 519mW/527mW VDD_SOC 1040mW/1042mW
08-23-2026 04:04:16 RAM 2220/7620MB (lfb 3x4MB) SWAP 0/12002MB (cached 0MB) CPU [4%@729,2%@729,0%@729,1%@729,0%@729,0%@729] GR3D_FREQ 0% cpu@44.281C soc2@43.687C soc0@42.281C gpu@44.093C tj@44.281C soc1@42.218C VDD_IN 3200mW/3226mW VDD_CPU_GPU_CV 519mW/527mW VDD_SOC 1040mW/1042mW
08-23-2026 04:04:17 RAM 2214/7620MB (lfb 3x4MB) SWAP 0/12002MB (cached 0MB) CPU [4%@729,1%@729,1%@729,1%@729,1%@729,0%@729] GR3D_FREQ 0% cpu@44.437C soc2@43.843C soc0@42.437C gpu@43.718C tj@44.437C soc1@42.281C VDD_IN 3200mW/3225mW VDD_CPU_GPU_CV 519mW/526mW VDD_SOC 1040mW/1042mW
08-23-2026 04:04:18 RAM 2214/7620MB (lfb 3x4MB) SWAP 0/12002MB (cached 0MB) CPU [5%@729,1%@729,0%@729,1%@729,0%@729,1%@729] GR3D_FREQ 0% cpu@44.437C soc2@43.906C soc0@42.343C gpu@43.718C tj@44.437C soc1@42.25C VDD_IN 3200mW/3223mW VDD_CPU_GPU_CV 519mW/526mW VDD_SOC 1040mW/1042mW
08-23-2026 04:04:19 RAM 2215/7620MB (lfb 3x4MB) SWAP 0/12002MB (cached 0MB) CPU [4%@729,2%@729,1%@729,0%@729,1%@729,2%@729] GR3D_FREQ 0% cpu@44.625C soc2@43.687C soc0@42.312C gpu@44.125C tj@44.625C soc1@42.343C VDD_IN 3200mW/3222mW VDD_CPU_GPU_CV 519mW/525mW VDD_SOC 1040mW/1042mW
08-23-2026 04:04:20 RAM 2214/7620MB (lfb 3x4MB) SWAP 0/12002MB (cached 0MB) CPU [4%@729,1%@729,1%@729,0%@729,0%@729,1%@729] GR3D_FREQ 0% cpu@44.343C soc2@43.75C soc0@42.281C gpu@43.656C tj@44.343C soc1@42.25C VDD_IN 3200mW/3221mW VDD_CPU_GPU_CV 519mW/525mW VDD_SOC 1040mW/1042mW
08-23-2026 04:04:21 RAM 2215/7620MB (lfb 3x4MB) SWAP 0/12002MB (cached 0MB) CPU [5%@729,1%@729,2%@729,0%@729,1%@729,0%@729] GR3D_FREQ 0% cpu@44.375C soc2@43.75C soc0@42.25C gpu@43.718C tj@44.375C soc1@42.281C VDD_IN 3240mW/3222mW VDD_CPU_GPU_CV 519mW/525mW VDD_SOC 1040mW/1041mW
08-23-2026 04:04:22 RAM 2215/7620MB (lfb 3x4MB) SWAP 0/12002MB (cached 0MB) CPU [3%@729,0%@729,0%@729,1%@729,0%@729,0%@729] GR3D_FREQ 0% cpu@44.437C soc2@43.687C soc0@42.25C gpu@43.843C tj@44.437C soc1@42.281C VDD_IN 3200mW/3220mW VDD_CPU_GPU_CV 519mW/524mW VDD_SOC 1040mW/1041mW
08-23-2026 04:04:23 RAM 2216/7620MB (lfb 3x4MB) SWAP 0/12002MB (cached 0MB) CPU [4%@729,1%@729,0%@729,0%@729,0%@729,1%@729] GR3D_FREQ 0% cpu@44.281C soc2@43.593C soc0@42.312C gpu@43.812C tj@44.281C soc1@42.218C VDD_IN 3200mW/3220mW VDD_CPU_GPU_CV 519mW/524mW VDD_SOC 1040mW/1041mW
08-23-2026 04:04:24 RAM 2216/7620MB (lfb 3x4MB) SWAP 0/12002MB (cached 0MB) CPU [3%@729,1%@729,0%@729,1%@729,0%@729,0%@729] GR3D_FREQ 0% cpu@44.281C soc2@43.843C soc0@42.375C gpu@43.625C tj@44.281C soc1@42.281C VDD_IN 3240mW/3220mW VDD_CPU_GPU_CV 519mW/524mW VDD_SOC 1040mW/1041mW
08-23-2026 04:04:25 RAM 2217/7620MB (lfb 3x4MB) SWAP 0/12002MB (cached 0MB) CPU [5%@729,1%@729,1%@729,1%@729,0%@729,1%@729] GR3D_FREQ 0% cpu@44.437C soc2@43.812C soc0@42.187C gpu@43.625C tj@44.437C soc1@42.406C VDD_IN 3200mW/3220mW VDD_CPU_GPU_CV 519mW/524mW VDD_SOC 1040mW/1041mW
08-23-2026 04:04:26 RAM 2218/7620MB (lfb 3x4MB) SWAP 0/12002MB (cached 0MB) CPU [5%@729,1%@729,0%@729,0%@729,0%@729,0%@729] GR3D_FREQ 0% cpu@44.687C soc2@43.718C soc0@42.218C gpu@43.781C tj@44.687C soc1@42.437C VDD_IN 3200mW/3219mW VDD_CPU_GPU_CV 519mW/523mW VDD_SOC 1040mW/1041mW
08-23-2026 04:04:27 RAM 2219/7620MB (lfb 3x4MB) SWAP 0/12002MB (cached 0MB) CPU [3%@729,0%@729,0%@729,1%@729,0%@729,0%@729] GR3D_FREQ 0% cpu@44.437C soc2@43.687C soc0@42.312C gpu@43.75C tj@44.437C soc1@42.218C VDD_IN 3200mW/3218mW VDD_CPU_GPU_CV 519mW/523mW VDD_SOC 1040mW/1041mW
08-23-2026 04:04:28 RAM 2220/7620MB (lfb 3x4MB) SWAP 0/12002MB (cached 0MB) CPU [4%@729,0%@729,0%@729,0%@729,2%@729,1%@729] GR3D_FREQ 0% cpu@44.468C soc2@43.75C soc0@42.437C gpu@43.937C tj@44.468C soc1@42.187C VDD_IN 3200mW/3217mW VDD_CPU_GPU_CV 519mW/523mW VDD_SOC 1040mW/1041mW
08-23-2026 04:04:29 RAM 2214/7620MB (lfb 3x4MB) SWAP 0/12002MB (cached 0MB) CPU [5%@729,1%@729,1%@729,1%@729,0%@729,0%@729] GR3D_FREQ 0% cpu@44.375C soc2@43.75C soc0@42.25C gpu@43.531C tj@44.531C soc1@42.281C VDD_IN 3240mW/3218mW VDD_CPU_GPU_CV 519mW/523mW VDD_SOC 1040mW/1041mW
08-23-2026 04:04:30 RAM 2215/7620MB (lfb 3x4MB) SWAP 0/12002MB (cached 0MB) CPU [3%@729,1%@729,0%@729,0%@729,0%@729,1%@729] GR3D_FREQ 0% cpu@44.406C soc2@43.656C soc0@42.25C gpu@43.718C tj@44.343C soc1@42.406C VDD_IN 3200mW/3217mW VDD_CPU_GPU_CV 519mW/523mW VDD_SOC 1040mW/1041mW
08-23-2026 04:04:31 RAM 2222/7620MB (lfb 3x4MB) SWAP 0/12002MB (cached 0MB) CPU [4%@729,1%@729,2%@729,1%@729,2%@1510,25%@1510] GR3D_FREQ 0% cpu@44.843C soc2@43.812C soc0@42.312C gpu@43.875C tj@44.843C soc1@42.312C VDD_IN 3833mW/3238mW VDD_CPU_GPU_CV 837mW/533mW VDD_SOC 1196mW/1046mW
08-23-2026 04:04:32 RAM 2235/7620MB (lfb 4x4MB) SWAP 0/12002MB (cached 0MB) CPU [22%@729,35%@729,11%@729,10%@729,15%@729,19%@729] GR3D_FREQ 0% cpu@44.406C soc2@43.812C soc0@42.343C gpu@43.937C tj@44.406C soc1@42.343C VDD_IN 3873mW/3258mW VDD_CPU_GPU_CV 797mW/542mW VDD_SOC 1118mW/1048mW
08-23-2026 04:04:33 RAM 2258/7620MB (lfb 4x4MB) SWAP 0/12002MB (cached 0MB) CPU [14%@1510,48%@1510,8%@1510,10%@1510,9%@729,9%@729] GR3D_FREQ 0% cpu@44.812C soc2@43.843C soc0@42.187C gpu@43.718C tj@44.812C soc1@42.343C VDD_IN 4465mW/3296mW VDD_CPU_GPU_CV 1154mW/561mW VDD_SOC 1196mW/1053mW
08-23-2026 04:04:34 RAM 2263/7620MB (lfb 4x4MB) SWAP 0/12002MB (cached 0MB) CPU [10%@729,10%@729,3%@729,2%@729,2%@729,3%@729] GR3D_FREQ 0% cpu@44.593C soc2@43.781C soc0@42.25C gpu@43.687C tj@44.593C soc1@42.343C VDD_IN 3640mW/3307mW VDD_CPU_GPU_CV 599mW/562mW VDD_SOC 1078mW/1054mW
08-23-2026 04:04:35 RAM 2266/7620MB (lfb 4x4MB) SWAP 0/12002MB (cached 0MB) CPU [4%@1036,2%@1036,3%@1036,7%@1036,2%@729,1%@729] GR3D_FREQ 0% cpu@44.468C soc2@43.812C soc0@42.437C gpu@43.843C tj@44.468C soc1@42.375C VDD_IN 3640mW/3316mW VDD_CPU_GPU_CV 599mW/563mW VDD_SOC 1040mW/1053mW
08-23-2026 04:04:36 RAM 2283/7620MB (lfb 4x4MB) SWAP 0/12002MB (cached 0MB) CPU [7%@729,1%@729,2%@729,39%@729,2%@729,2%@729] GR3D_FREQ 0% cpu@44.75C soc2@43.75C soc0@42.312C gpu@43.781C tj@44.75C soc1@42.406C VDD_IN 3793mW/3330mW VDD_CPU_GPU_CV 677mW/566mW VDD_SOC 1118mW/1055mW
08-23-2026 04:04:37 RAM 2288/7620MB (lfb 4x4MB) SWAP 0/12002MB (cached 0MB) CPU [10%@729,1%@729,4%@729,2%@729,5%@729,4%@729] GR3D_FREQ 0% cpu@44.375C soc2@43.781C soc0@42.343C gpu@43.937C tj@44.375C soc1@42.312C VDD_IN 3680mW/3340mW VDD_CPU_GPU_CV 599mW/567mW VDD_SOC 1078mW/1056mW
08-23-2026 04:04:38 RAM 2334/7620MB (lfb 5x4MB) SWAP 0/12002MB (cached 0MB) CPU [11%@1344,7%@1344,7%@1344,89%@1344,8%@729,9%@729] GR3D_FREQ 0% cpu@44.875C soc2@43.937C soc0@42.468C gpu@43.968C tj@44.875C soc1@42.406C VDD_IN 4968mW/3384mW VDD_CPU_GPU_CV 1267mW/586mW VDD_SOC 1388mW/1065mW
08-23-2026 04:04:39 RAM 2349/7620MB (lfb 5x4MB) SWAP 0/12002MB (cached 0MB) CPU [8%@729,4%@729,3%@729,16%@729,4%@729,3%@729] GR3D_FREQ 0% cpu@44.656C soc2@43.875C soc0@42.343C gpu@43.781C tj@44.656C soc1@42.406C VDD_IN 3793mW/3394mW VDD_CPU_GPU_CV 637mW/587mW VDD_SOC 1118mW/1066mW
08-23-2026 04:04:40 RAM 2352/7620MB (lfb 4x4MB) SWAP 0/12002MB (cached 0MB) CPU [6%@729,3%@729,2%@729,3%@729,4%@729,3%@729] GR3D_FREQ 0% cpu@44.406C soc2@43.687C soc0@42.375C gpu@43.781C tj@44.406C soc1@42.312C VDD_IN 3600mW/3400mW VDD_CPU_GPU_CV 559mW/587mW VDD_SOC 1040mW/1065mW
08-23-2026 04:04:41 RAM 2351/7620MB (lfb 5x4MB) SWAP 0/12002MB (cached 0MB) CPU [5%@729,1%@729,0%@729,0%@729,2%@729,1%@729] GR3D_FREQ 0% cpu@44.375C soc2@43.812C soc0@42.281C gpu@43.937C tj@44.375C soc1@42.281C VDD_IN 3560mW/3404mW VDD_CPU_GPU_CV 559mW/586mW VDD_SOC 1040mW/1065mW
08-23-2026 04:04:42 RAM 2354/7620MB (lfb 5x4MB) SWAP 0/12002MB (cached 0MB) CPU [9%@729,1%@729,6%@729,2%@729,6%@729,5%@729] GR3D_FREQ 0% cpu@44.562C soc2@43.812C soc0@42.281C gpu@43.718C tj@44.562C soc1@42.437C VDD_IN 3640mW/3409mW VDD_CPU_GPU_CV 599mW/586mW VDD_SOC 1080mW/1065mW
08-23-2026 04:04:43 RAM 2356/7620MB (lfb 4x4MB) SWAP 0/12002MB (cached 0MB) CPU [8%@729,1%@729,3%@729,2%@729,3%@729,4%@729] GR3D_FREQ 0% cpu@44.718C soc2@43.75C soc0@42.312C gpu@43.937C tj@44.437C soc1@42.25C VDD_IN 3600mW/3414mW VDD_CPU_GPU_CV 559mW/586mW VDD_SOC 1040mW/1064mW
08-23-2026 04:04:44 RAM 2356/7620MB (lfb 5x4MB) SWAP 0/12002MB (cached 0MB) CPU [16%@729,1%@729,1%@729,1%@729,2%@729,2%@729] GR3D_FREQ 0% cpu@44.562C soc2@43.781C soc0@42.25C gpu@43.968C tj@44.562C soc1@42.25C VDD_IN 3560mW/3417mW VDD_CPU_GPU_CV 559mW/585mW VDD_SOC 1040mW/1064mW
08-23-2026 04:04:45 RAM 2358/7620MB (lfb 5x4MB) SWAP 0/12002MB (cached 0MB) CPU [18%@729,2%@729,1%@729,2%@729,2%@729,1%@729] GR3D_FREQ 0% cpu@44.625C soc2@43.687C soc0@42.25C gpu@43.968C tj@44.5C soc1@42.281C VDD_IN 3680mW/3423mW VDD_CPU_GPU_CV 599mW/585mW VDD_SOC 1078mW/1064mW
08-23-2026 04:04:46 RAM 2358/7620MB (lfb 5x4MB) SWAP 0/12002MB (cached 0MB) CPU [7%@729,2%@729,0%@729,1%@729,2%@729,1%@729] GR3D_FREQ 0% cpu@44.468C soc2@43.875C soc0@42.406C gpu@43.781C tj@44.468C soc1@42.281C VDD_IN 3600mW/3427mW VDD_CPU_GPU_CV 559mW/585mW VDD_SOC 1080mW/1065mW
08-23-2026 04:04:47 RAM 2363/7620MB (lfb 4x4MB) SWAP 0/12002MB (cached 0MB) CPU [5%@729,0%@729,2%@729,0%@729,4%@729,2%@729] GR3D_FREQ 0% cpu@44.656C soc2@43.812C soc0@42.281C gpu@43.906C tj@44.656C soc1@42.468C VDD_IN 3560mW/3430mW VDD_CPU_GPU_CV 559mW/584mW VDD_SOC 1040mW/1064mW
08-23-2026 04:04:48 RAM 2363/7620MB (lfb 4x4MB) SWAP 0/12002MB (cached 0MB) CPU [6%@729,1%@729,1%@729,3%@729,3%@729,1%@729] GR3D_FREQ 0% cpu@44.375C soc2@43.781C soc0@42.375C gpu@43.937C tj@44.375C soc1@42.312C VDD_IN 3560mW/3433mW VDD_CPU_GPU_CV 559mW/584mW VDD_SOC 1040mW/1063mW
08-23-2026 04:04:49 RAM 2374/7620MB (lfb 4x4MB) SWAP 0/12002MB (cached 0MB) CPU [9%@729,2%@729,1%@729,5%@729,6%@729,3%@729] GR3D_FREQ 0% cpu@44.5C soc2@43.875C soc0@42.25C gpu@43.718C tj@44.5C soc1@42.406C VDD_IN 3600mW/3436mW VDD_CPU_GPU_CV 559mW/583mW VDD_SOC 1040mW/1063mW
08-23-2026 04:04:50 RAM 2385/7620MB (lfb 5x4MB) SWAP 0/12002MB (cached 0MB) CPU [6%@729,4%@729,2%@729,1%@729,1%@729,4%@729] GR3D_FREQ 0% cpu@44.656C soc2@43.812C soc0@42.312C gpu@43.937C tj@44.656C soc1@42.281C VDD_IN 3600mW/3440mW VDD_CPU_GPU_CV 559mW/582mW VDD_SOC 1040mW/1062mW
08-23-2026 04:04:51 RAM 2402/7620MB (lfb 5x4MB) SWAP 0/12002MB (cached 0MB) CPU [6%@729,4%@729,5%@729,4%@729,2%@729,1%@729] GR3D_FREQ 0% cpu@44.5C soc2@43.781C soc0@42.343C gpu@43.687C tj@44.5C soc1@42.312C VDD_IN 3560mW/3442mW VDD_CPU_GPU_CV 559mW/582mW VDD_SOC 1040mW/1062mW
08-23-2026 04:04:52 RAM 2416/7620MB (lfb 5x4MB) SWAP 0/12002MB (cached 0MB) CPU [6%@729,4%@729,4%@729,6%@729,4%@729,4%@729] GR3D_FREQ 0% cpu@44.718C soc2@43.75C soc0@42.343C gpu@43.937C tj@44.718C soc1@42.437C VDD_IN 3600mW/3445mW VDD_CPU_GPU_CV 559mW/582mW VDD_SOC 1040mW/1062mW
08-23-2026 04:04:53 RAM 2435/7620MB (lfb 5x4MB) SWAP 0/12002MB (cached 0MB) CPU [6%@729,4%@729,2%@729,3%@729,5%@729,3%@729] GR3D_FREQ 0% cpu@44.468C soc2@43.718C soc0@42.375C gpu@43.75C tj@44.468C soc1@42.281C VDD_IN 3600mW/3448mW VDD_CPU_GPU_CV 559mW/581mW VDD_SOC 1040mW/1061mW
08-23-2026 04:04:54 RAM 2768/7620MB (lfb 4x4MB) SWAP 0/12002MB (cached 0MB) CPU [10%@729,6%@729,7%@729,36%@729,9%@729,9%@729] GR3D_FREQ 0% cpu@44.531C soc2@43.843C soc0@42.281C gpu@43.781C tj@44.531C soc1@42.343C VDD_IN 4226mW/3463mW VDD_CPU_GPU_CV 796mW/585mW VDD_SOC 1196mW/1064mW
08-23-2026 04:04:55 RAM 2773/7620MB (lfb 4x4MB) SWAP 0/12002MB (cached 0MB) CPU [11%@729,4%@729,9%@729,11%@729,9%@729,11%@729] GR3D_FREQ 0% cpu@44.656C soc2@43.843C soc0@42.343C gpu@43.968C tj@44.656C soc1@42.531C VDD_IN 3720mW/3467mW VDD_CPU_GPU_CV 638mW/586mW VDD_SOC 1078mW/1064mW
08-23-2026 04:04:56 RAM 2775/7620MB (lfb 5x4MB) SWAP 0/12002MB (cached 0MB) CPU [6%@729,3%@729,7%@729,6%@729,13%@729,4%@729] GR3D_FREQ 0% cpu@44.375C soc2@43.906C soc0@42.437C gpu@43.812C tj@44.468C soc1@42.25C VDD_IN 3640mW/3471mW VDD_CPU_GPU_CV 599mW/586mW VDD_SOC 1040mW/1064mW
08-23-2026 04:04:57 RAM 2775/7620MB (lfb 5x4MB) SWAP 0/12002MB (cached 0MB) CPU [6%@729,6%@729,4%@729,6%@729,12%@729,4%@729] GR3D_FREQ 0% cpu@44.656C soc2@43.906C soc0@42.375C gpu@43.937C tj@44.656C soc1@42.437C VDD_IN 3600mW/3473mW VDD_CPU_GPU_CV 559mW/586mW VDD_SOC 1040mW/1063mW
08-23-2026 04:04:58 RAM 2784/7620MB (lfb 5x4MB) SWAP 0/12002MB (cached 0MB) CPU [12%@729,14%@729,5%@729,2%@729,11%@729,8%@729] GR3D_FREQ 0% cpu@44.5C soc2@43.812C soc0@42.437C gpu@43.75C tj@44.5C soc1@42.281C VDD_IN 3680mW/3477mW VDD_CPU_GPU_CV 638mW/587mW VDD_SOC 1080mW/1063mW
08-23-2026 04:04:59 RAM 2788/7620MB (lfb 4x4MB) SWAP 0/12002MB (cached 0MB) CPU [11%@806,14%@806,6%@806,2%@806,4%@729,12%@729] GR3D_FREQ 0% cpu@44.5C soc2@43.875C soc0@42.437C gpu@44C tj@44.5C soc1@42.437C VDD_IN 3640mW/3479mW VDD_CPU_GPU_CV 599mW/587mW VDD_SOC 1080mW/1064mW
08-23-2026 04:05:00 RAM 2804/7620MB (lfb 5x4MB) SWAP 0/12002MB (cached 0MB) CPU [16%@729,22%@729,11%@729,6%@729,8%@729,17%@729] GR3D_FREQ 0% cpu@44.593C soc2@43.781C soc0@42.375C gpu@43.812C tj@44.593C soc1@42.562C VDD_IN 3800mW/3485mW VDD_CPU_GPU_CV 678mW/588mW VDD_SOC 1078mW/1064mW
08-23-2026 04:05:01 RAM 2813/7620MB (lfb 5x4MB) SWAP 0/12002MB (cached 0MB) CPU [10%@729,25%@729,7%@729,7%@729,6%@729,14%@729] GR3D_FREQ 0% cpu@44.843C soc2@43.937C soc0@42.437C gpu@43.812C tj@44.531C soc1@42.312C VDD_IN 3760mW/3489mW VDD_CPU_GPU_CV 678mW/590mW VDD_SOC 1080mW/1064mW
08-23-2026 04:05:02 RAM 2818/7620MB (lfb 5x4MB) SWAP 0/12002MB (cached 0MB) CPU [16%@729,14%@729,7%@729,6%@729,7%@729,13%@729] GR3D_FREQ 0% cpu@44.531C soc2@44C soc0@42.406C gpu@44.062C tj@44.593C soc1@42.406C VDD_IN 3640mW/3492mW VDD_CPU_GPU_CV 599mW/590mW VDD_SOC 1080mW/1064mW
08-23-2026 04:05:03 RAM 2820/7620MB (lfb 5x4MB) SWAP 0/12002MB (cached 0MB) CPU [9%@729,2%@729,3%@729,6%@729,6%@729,12%@729] GR3D_FREQ 0% cpu@44.406C soc2@43.843C soc0@42.375C gpu@43.843C tj@44.406C soc1@42.437C VDD_IN 3640mW/3494mW VDD_CPU_GPU_CV 599mW/590mW VDD_SOC 1040mW/1064mW
08-23-2026 04:05:04 RAM 2822/7620MB (lfb 5x4MB) SWAP 0/12002MB (cached 0MB) CPU [13%@729,6%@729,3%@729,6%@729,9%@729,10%@729] GR3D_FREQ 0% cpu@44.531C soc2@43.937C soc0@42.437C gpu@44.031C tj@44.531C soc1@42.437C VDD_IN 3600mW/3496mW VDD_CPU_GPU_CV 599mW/590mW VDD_SOC 1040mW/1064mW
08-23-2026 04:05:05 RAM 2824/7620MB (lfb 5x4MB) SWAP 0/12002MB (cached 0MB) CPU [10%@729,4%@729,9%@729,9%@729,8%@729,20%@729] GR3D_FREQ 0% cpu@44.593C soc2@43.875C soc0@42.343C gpu@43.843C tj@44.593C soc1@42.437C VDD_IN 3680mW/3499mW VDD_CPU_GPU_CV 599mW/591mW VDD_SOC 1040mW/1063mW
08-23-2026 04:05:06 RAM 2837/7620MB (lfb 4x4MB) SWAP 0/12002MB (cached 0MB) CPU [14%@729,8%@729,7%@729,9%@729,6%@729,14%@729] GR3D_FREQ 0% cpu@44.843C soc2@43.875C soc0@42.468C gpu@43.968C tj@44.531C soc1@42.343C VDD_IN 3680mW/3502mW VDD_CPU_GPU_CV 599mW/591mW VDD_SOC 1040mW/1063mW
08-23-2026 04:05:07 RAM 2843/7620MB (lfb 5x4MB) SWAP 0/12002MB (cached 0MB) CPU [14%@729,10%@729,5%@729,5%@729,4%@729,13%@729] GR3D_FREQ 0% cpu@44.656C soc2@43.937C soc0@42.312C gpu@43.875C tj@44.656C soc1@42.468C VDD_IN 3640mW/3504mW VDD_CPU_GPU_CV 599mW/591mW VDD_SOC 1040mW/1063mW
08-23-2026 04:05:08 RAM 2851/7620MB (lfb 4x4MB) SWAP 0/12002MB (cached 0MB) CPU [10%@729,15%@729,15%@729,6%@729,6%@729,13%@729] GR3D_FREQ 0% cpu@44.906C soc2@43.937C soc0@42.437C gpu@44.187C tj@44.906C soc1@42.312C VDD_IN 3680mW/3506mW VDD_CPU_GPU_CV 638mW/591mW VDD_SOC 1080mW/1063mW
08-23-2026 04:05:09 RAM 2862/7620MB (lfb 4x4MB) SWAP 0/12002MB (cached 0MB) CPU [13%@729,23%@729,15%@729,8%@729,20%@729,18%@729] GR3D_FREQ 0% cpu@44.656C soc2@43.968C soc0@42.593C gpu@44.093C tj@44.656C soc1@42.437C VDD_IN 3720mW/3509mW VDD_CPU_GPU_CV 678mW/593mW VDD_SOC 1080mW/1063mW
08-23-2026 04:05:10 RAM 2873/7620MB (lfb 3x4MB) SWAP 0/12002MB (cached 0MB) CPU [18%@729,54%@729,13%@729,9%@729,11%@729,17%@729] GR3D_FREQ 0% cpu@44.687C soc2@43.906C soc0@42.468C gpu@43.937C tj@44.656C soc1@42.656C VDD_IN 3880mW/3515mW VDD_CPU_GPU_CV 758mW/595mW VDD_SOC 1078mW/1063mW
08-23-2026 04:05:11 RAM 2882/7620MB (lfb 4x4MB) SWAP 0/12002MB (cached 0MB) CPU [13%@729,53%@729,11%@729,10%@729,13%@729,12%@729] GR3D_FREQ 0% cpu@44.843C soc2@43.968C soc0@42.437C gpu@44.281C tj@44.687C soc1@42.5C VDD_IN 3800mW/3519mW VDD_CPU_GPU_CV 718mW/597mW VDD_SOC 1078mW/1063mW
08-23-2026 04:05:12 RAM 2896/7620MB (lfb 4x4MB) SWAP 0/12002MB (cached 0MB) CPU [18%@1190,61%@1190,9%@1190,10%@1190,10%@729,7%@729] GR3D_FREQ 0% cpu@44.968C soc2@44.062C soc0@42.468C gpu@43.937C tj@44.968C soc1@42.625C VDD_IN 4425mW/3532mW VDD_CPU_GPU_CV 1035mW/603mW VDD_SOC 1313mW/1067mW
08-23-2026 04:05:13 RAM 2917/7620MB (lfb 4x4MB) SWAP 0/12002MB (cached 0MB) CPU [9%@729,54%@729,13%@729,7%@729,5%@729,7%@729] GR3D_FREQ 0% cpu@45.062C soc2@44.062C soc0@42.562C gpu@44.312C tj@45.062C soc1@42.437C VDD_IN 4073mW/3539mW VDD_CPU_GPU_CV 837mW/606mW VDD_SOC 1196mW/1069mW
08-23-2026 04:05:14 RAM 2917/7620MB (lfb 4x4MB) SWAP 0/12002MB (cached 0MB) CPU [9%@729,4%@729,11%@729,5%@729,5%@729,9%@729] GR3D_FREQ 0% cpu@44.562C soc2@44C soc0@42.593C gpu@44C tj@44.843C soc1@42.593C VDD_IN 3680mW/3541mW VDD_CPU_GPU_CV 599mW/606mW VDD_SOC 1080mW/1069mW
08-23-2026 04:05:15 RAM 2918/7620MB (lfb 4x4MB) SWAP 0/12002MB (cached 0MB) CPU [12%@729,5%@729,20%@729,8%@729,15%@729,10%@729] GR3D_FREQ 0% cpu@45.125C soc2@43.937C soc0@42.562C gpu@44.281C tj@45.125C soc1@42.718C VDD_IN 3720mW/3543mW VDD_CPU_GPU_CV 678mW/607mW VDD_SOC 1078mW/1069mW
08-23-2026 04:05:16 RAM 2917/7620MB (lfb 4x4MB) SWAP 0/12002MB (cached 0MB) CPU [10%@729,5%@729,9%@729,8%@729,13%@729,10%@729] GR3D_FREQ 0% cpu@44.625C soc2@44.031C soc0@42.625C gpu@43.937C tj@44.625C soc1@42.437C VDD_IN 3400mW/3541mW VDD_CPU_GPU_CV 599mW/607mW VDD_SOC 1080mW/1069mW
08-23-2026 04:05:17 RAM 2918/7620MB (lfb 4x4MB) SWAP 0/12002MB (cached 0MB) CPU [10%@729,3%@729,5%@729,4%@729,11%@729,5%@729] GR3D_FREQ 0% cpu@44.781C soc2@44.062C soc0@42.468C gpu@44.25C tj@44.781C soc1@42.656C VDD_IN 3320mW/3539mW VDD_CPU_GPU_CV 599mW/607mW VDD_SOC 1040mW/1069mW
08-23-2026 04:05:18 RAM 2918/7620MB (lfb 4x4MB) SWAP 0/12002MB (cached 0MB) CPU [15%@729,6%@729,7%@729,5%@729,12%@729,5%@729] GR3D_FREQ 0% cpu@44.875C soc2@44.062C soc0@42.562C gpu@44C tj@44.875C soc1@42.531C VDD_IN 3360mW/3536mW VDD_CPU_GPU_CV 599mW/607mW VDD_SOC 1040mW/1068mW
08-23-2026 04:05:19 RAM 2918/7620MB (lfb 4x4MB) SWAP 0/12002MB (cached 0MB) CPU [13%@729,10%@729,5%@729,6%@729,10%@729,7%@729] GR3D_FREQ 0% cpu@44.718C soc2@43.968C soc0@42.687C gpu@44.218C tj@44.718C soc1@42.562C VDD_IN 3360mW/3534mW VDD_CPU_GPU_CV 599mW/607mW VDD_SOC 1040mW/1068mW
08-23-2026 04:05:20 RAM 2919/7620MB (lfb 4x4MB) SWAP 0/12002MB (cached 0MB) CPU [14%@729,12%@729,7%@729,11%@729,8%@729,9%@729] GR3D_FREQ 0% cpu@44.937C soc2@44.031C soc0@42.5C gpu@43.937C tj@44.937C soc1@42.625C VDD_IN 3360mW/3532mW VDD_CPU_GPU_CV 599mW/607mW VDD_SOC 1040mW/1068mW
08-23-2026 04:05:21 RAM 2919/7620MB (lfb 4x4MB) SWAP 0/12002MB (cached 0MB) CPU [11%@729,11%@729,6%@729,6%@729,6%@729,8%@729] GR3D_FREQ 0% cpu@44.593C soc2@44.062C soc0@42.593C gpu@43.968C tj@44.593C soc1@42.531C VDD_IN 3360mW/3530mW VDD_CPU_GPU_CV 599mW/606mW VDD_SOC 1040mW/1067mW
08-23-2026 04:05:22 RAM 2919/7620MB (lfb 4x4MB) SWAP 0/12002MB (cached 0MB) CPU [10%@729,10%@729,6%@729,4%@729,4%@729,4%@729] GR3D_FREQ 0% cpu@44.687C soc2@44.156C soc0@42.5C gpu@44.187C tj@44.687C soc1@42.687C VDD_IN 3320mW/3527mW VDD_CPU_GPU_CV 599mW/606mW VDD_SOC 1040mW/1067mW
08-23-2026 04:05:23 RAM 2919/7620MB (lfb 4x4MB) SWAP 0/12002MB (cached 0MB) CPU [10%@729,9%@729,7%@729,3%@729,5%@729,10%@729] GR3D_FREQ 0% cpu@44.906C soc2@44C soc0@42.5C gpu@44.031C tj@44.906C soc1@42.531C VDD_IN 3320mW/3524mW VDD_CPU_GPU_CV 599mW/606mW VDD_SOC 1040mW/1067mW
08-23-2026 04:05:24 RAM 2918/7620MB (lfb 4x4MB) SWAP 0/12002MB (cached 0MB) CPU [12%@729,11%@729,8%@729,5%@729,4%@729,8%@729] GR3D_FREQ 0% cpu@44.687C soc2@44.062C soc0@42.656C gpu@44.25C tj@44.781C soc1@42.468C VDD_IN 3320mW/3522mW VDD_CPU_GPU_CV 599mW/606mW VDD_SOC 1040mW/1066mW
08-23-2026 04:05:25 RAM 2919/7620MB (lfb 4x4MB) SWAP 0/12002MB (cached 0MB) CPU [10%@729,11%@729,11%@729,12%@729,11%@729,10%@729] GR3D_FREQ 0% cpu@44.906C soc2@44C soc0@42.531C gpu@44.062C tj@44.906C soc1@42.625C VDD_IN 3360mW/3520mW VDD_CPU_GPU_CV 599mW/606mW VDD_SOC 1040mW/1066mW
08-23-2026 04:05:26 RAM 2919/7620MB (lfb 4x4MB) SWAP 0/12002MB (cached 0MB) CPU [12%@729,10%@729,8%@729,10%@729,9%@729,8%@729] GR3D_FREQ 0% cpu@44.781C soc2@44.031C soc0@42.562C gpu@43.937C tj@44.781C soc1@42.5C VDD_IN 3360mW/3518mW VDD_CPU_GPU_CV 599mW/606mW VDD_SOC 1040mW/1066mW
08-23-2026 04:05:28 RAM 2920/7620MB (lfb 3x4MB) SWAP 0/12002MB (cached 0MB) CPU [12%@729,10%@729,4%@729,7%@729,6%@729,6%@729] GR3D_FREQ 0% cpu@44.656C soc2@44.062C soc0@42.437C gpu@44.343C tj@44.656C soc1@42.656C VDD_IN 3320mW/3516mW VDD_CPU_GPU_CV 599mW/606mW VDD_SOC 1040mW/1065mW
08-23-2026 04:05:29 RAM 2921/7620MB (lfb 3x4MB) SWAP 0/12002MB (cached 0MB) CPU [11%@729,9%@729,1%@729,8%@729,4%@729,6%@729] GR3D_FREQ 0% cpu@44.812C soc2@44C soc0@42.531C gpu@44.031C tj@44.812C soc1@42.781C VDD_IN 3320mW/3514mW VDD_CPU_GPU_CV 559mW/605mW VDD_SOC 1040mW/1065mW
08-23-2026 04:05:30 RAM 2921/7620MB (lfb 3x4MB) SWAP 0/12002MB (cached 0MB) CPU [14%@729,3%@729,7%@729,7%@729,5%@729,8%@729] GR3D_FREQ 0% cpu@44.687C soc2@44.031C soc0@42.687C gpu@44.281C tj@44.687C soc1@42.562C VDD_IN 3320mW/3511mW VDD_CPU_GPU_CV 599mW/605mW VDD_SOC 1040mW/1065mW
08-23-2026 04:05:31 RAM 2922/7620MB (lfb 3x4MB) SWAP 0/12002MB (cached 0MB) CPU [17%@729,5%@729,9%@729,13%@729,7%@729,11%@729] GR3D_FREQ 0% cpu@44.906C soc2@44C soc0@42.531C gpu@44.031C tj@44.906C soc1@42.718C VDD_IN 3400mW/3510mW VDD_CPU_GPU_CV 599mW/605mW VDD_SOC 1080mW/1065mW
08-23-2026 04:05:32 RAM 2921/7620MB (lfb 3x4MB) SWAP 0/12002MB (cached 0MB) CPU [15%@729,5%@729,8%@729,7%@729,4%@729,7%@729] GR3D_FREQ 0% cpu@44.656C soc2@44.093C soc0@42.656C gpu@44.312C tj@44.656C soc1@42.625C VDD_IN 3360mW/3508mW VDD_CPU_GPU_CV 599mW/605mW VDD_SOC 1080mW/1065mW
08-23-2026 04:05:33 RAM 2921/7620MB (lfb 3x4MB) SWAP 0/12002MB (cached 0MB) CPU [15%@729,6%@729,2%@729,6%@729,7%@729,6%@729] GR3D_FREQ 0% cpu@44.937C soc2@44.125C soc0@42.5C gpu@44.031C tj@44.937C soc1@42.75C VDD_IN 3320mW/3506mW VDD_CPU_GPU_CV 599mW/605mW VDD_SOC 1040mW/1065mW
08-23-2026 04:05:34 RAM 2921/7620MB (lfb 3x4MB) SWAP 0/12002MB (cached 0MB) CPU [14%@729,8%@729,5%@729,4%@729,6%@729,8%@729] GR3D_FREQ 0% cpu@44.718C soc2@44.062C soc0@42.656C gpu@44.281C tj@44.718C soc1@42.5C VDD_IN 3320mW/3504mW VDD_CPU_GPU_CV 599mW/605mW VDD_SOC 1040mW/1065mW
08-23-2026 04:05:35 RAM 2921/7620MB (lfb 3x4MB) SWAP 0/12002MB (cached 0MB) CPU [17%@729,5%@729,4%@729,5%@729,4%@729,2%@729] GR3D_FREQ 0% cpu@44.687C soc2@44.062C soc0@42.625C gpu@44C tj@44.687C soc1@42.687C VDD_IN 3320mW/3502mW VDD_CPU_GPU_CV 599mW/605mW VDD_SOC 1040mW/1064mW
08-23-2026 04:05:36 RAM 2922/7620MB (lfb 3x4MB) SWAP 0/12002MB (cached 0MB) CPU [17%@729,7%@729,9%@729,7%@729,9%@729,7%@729] GR3D_FREQ 0% cpu@44.812C soc2@44.062C soc0@42.593C gpu@44.343C tj@44.812C soc1@42.781C VDD_IN 3360mW/3501mW VDD_CPU_GPU_CV 599mW/605mW VDD_SOC 1040mW/1064mW
08-23-2026 04:05:37 RAM 2922/7620MB (lfb 3x4MB) SWAP 0/12002MB (cached 0MB) CPU [9%@729,10%@729,9%@729,5%@729,4%@729,9%@729] GR3D_FREQ 0% cpu@44.687C soc2@44.062C soc0@42.625C gpu@44.093C tj@44.687C soc1@42.562C VDD_IN 3320mW/3499mW VDD_CPU_GPU_CV 599mW/605mW VDD_SOC 1040mW/1064mW
08-23-2026 04:05:38 RAM 2922/7620MB (lfb 3x4MB) SWAP 0/12002MB (cached 0MB) CPU [11%@729,11%@729,7%@729,4%@729,6%@729,3%@729] GR3D_FREQ 0% cpu@44.906C soc2@44.125C soc0@42.5C gpu@44.281C tj@44.906C soc1@42.687C VDD_IN 3320mW/3497mW VDD_CPU_GPU_CV 599mW/605mW VDD_SOC 1040mW/1063mW
08-23-2026 04:05:39 RAM 2922/7620MB (lfb 3x4MB) SWAP 0/12002MB (cached 0MB) CPU [10%@729,11%@729,4%@729,5%@729,3%@729,7%@729] GR3D_FREQ 0% cpu@44.687C soc2@44.093C soc0@42.625C gpu@44.406C tj@44.687C soc1@42.593C VDD_IN 3360mW/3496mW VDD_CPU_GPU_CV 599mW/605mW VDD_SOC 1080mW/1064mW
08-23-2026 04:05:40 RAM 2922/7620MB (lfb 3x4MB) SWAP 0/12002MB (cached 0MB) CPU [10%@729,9%@729,4%@729,3%@729,6%@729,7%@729] GR3D_FREQ 0% cpu@44.687C soc2@44.062C soc0@42.687C gpu@43.968C tj@44.687C soc1@42.687C VDD_IN 3320mW/3494mW VDD_CPU_GPU_CV 559mW/604mW VDD_SOC 1040mW/1063mW
08-23-2026 04:05:41 RAM 2922/7620MB (lfb 3x4MB) SWAP 0/12002MB (cached 0MB) CPU [11%@729,9%@729,9%@729,8%@729,9%@729,15%@729] GR3D_FREQ 0% cpu@44.781C soc2@44.031C soc0@42.593C gpu@44.343C tj@44.781C soc1@42.687C VDD_IN 3360mW/3493mW VDD_CPU_GPU_CV 599mW/604mW VDD_SOC 1040mW/1063mW
08-23-2026 04:05:42 RAM 2922/7620MB (lfb 3x4MB) SWAP 0/12002MB (cached 0MB) CPU [9%@729,11%@729,9%@729,8%@729,4%@729,9%@729] GR3D_FREQ 0% cpu@45.093C soc2@44C soc0@42.656C gpu@44.062C tj@44.687C soc1@42.625C VDD_IN 3360mW/3491mW VDD_CPU_GPU_CV 599mW/604mW VDD_SOC 1040mW/1063mW
08-23-2026 04:05:43 RAM 2922/7620MB (lfb 3x4MB) SWAP 0/12002MB (cached 0MB) CPU [9%@729,9%@729,6%@729,4%@729,4%@729,7%@729] GR3D_FREQ 0% cpu@44.812C soc2@44.125C soc0@42.468C gpu@44.343C tj@44.812C soc1@42.718C VDD_IN 3320mW/3489mW VDD_CPU_GPU_CV 599mW/604mW VDD_SOC 1040mW/1063mW
08-23-2026 04:05:44 RAM 2922/7620MB (lfb 3x4MB) SWAP 0/12002MB (cached 0MB) CPU [10%@729,10%@729,8%@729,5%@729,4%@729,8%@729] GR3D_FREQ 0% cpu@44.625C soc2@43.937C soc0@42.562C gpu@44.093C tj@44.625C soc1@42.531C VDD_IN 3320mW/3488mW VDD_CPU_GPU_CV 599mW/604mW VDD_SOC 1040mW/1062mW
08-23-2026 04:05:45 RAM 2922/7620MB (lfb 3x4MB) SWAP 0/12002MB (cached 0MB) CPU [9%@729,10%@729,5%@729,7%@729,6%@729,7%@729] GR3D_FREQ 0% cpu@44.718C soc2@44.093C soc0@42.5C gpu@44.312C tj@44.718C soc1@42.625C VDD_IN 3360mW/3487mW VDD_CPU_GPU_CV 599mW/604mW VDD_SOC 1040mW/1062mW
08-23-2026 04:05:46 RAM 2923/7620MB (lfb 3x4MB) SWAP 0/12002MB (cached 0MB) CPU [11%@729,10%@729,6%@729,9%@729,7%@729,5%@729] GR3D_FREQ 0% cpu@44.781C soc2@44.062C soc0@42.625C gpu@44C tj@44.781C soc1@42.843C VDD_IN 3360mW/3485mW VDD_CPU_GPU_CV 599mW/604mW VDD_SOC 1040mW/1062mW
08-23-2026 04:05:47 RAM 2921/7620MB (lfb 3x4MB) SWAP 0/12002MB (cached 0MB) CPU [11%@729,9%@729,6%@729,8%@729,6%@729,8%@729] GR3D_FREQ 0% cpu@44.75C soc2@44.093C soc0@42.687C gpu@44.343C tj@44.75C soc1@42.593C VDD_IN 3360mW/3484mW VDD_CPU_GPU_CV 599mW/604mW VDD_SOC 1040mW/1062mW
08-23-2026 04:05:48 RAM 2921/7620MB (lfb 3x4MB) SWAP 0/12002MB (cached 0MB) CPU [8%@729,9%@729,7%@729,4%@729,7%@729,5%@729] GR3D_FREQ 0% cpu@44.812C soc2@44.093C soc0@42.562C gpu@44.375C tj@44.812C soc1@42.718C VDD_IN 3320mW/3483mW VDD_CPU_GPU_CV 599mW/604mW VDD_SOC 1040mW/1062mW
08-23-2026 04:05:49 RAM 2922/7620MB (lfb 3x4MB) SWAP 0/12002MB (cached 0MB) CPU [9%@729,11%@729,5%@729,6%@729,7%@729,4%@729] GR3D_FREQ 0% cpu@45.125C soc2@44.031C soc0@42.562C gpu@44.062C tj@45.125C soc1@42.562C VDD_IN 3320mW/3481mW VDD_CPU_GPU_CV 599mW/604mW VDD_SOC 1040mW/1061mW
08-23-2026 04:05:50 RAM 2922/7620MB (lfb 3x4MB) SWAP 0/12002MB (cached 0MB) CPU [7%@729,9%@729,8%@729,3%@729,6%@729,6%@729] GR3D_FREQ 0% cpu@44.781C soc2@44.125C soc0@42.718C gpu@44.406C tj@44.781C soc1@42.625C VDD_IN 3320mW/3480mW VDD_CPU_GPU_CV 559mW/603mW VDD_SOC 1040mW/1061mW
08-23-2026 04:05:51 RAM 2923/7620MB (lfb 3x4MB) SWAP 0/12002MB (cached 0MB) CPU [9%@729,10%@729,5%@729,12%@729,6%@729,8%@729] GR3D_FREQ 0% cpu@44.781C soc2@44.062C soc0@42.593C gpu@44.062C tj@44.781C soc1@42.812C VDD_IN 3360mW/3478mW VDD_CPU_GPU_CV 599mW/603mW VDD_SOC 1040mW/1061mW
08-23-2026 04:05:52 RAM 2923/7620MB (lfb 3x4MB) SWAP 0/12002MB (cached 0MB) CPU [8%@729,9%@729,6%@729,8%@729,8%@729,7%@729] GR3D_FREQ 0% cpu@44.937C soc2@44.031C soc0@42.656C gpu@44.375C tj@44.906C soc1@42.625C VDD_IN 3320mW/3477mW VDD_CPU_GPU_CV 599mW/603mW VDD_SOC 1040mW/1061mW
08-23-2026 04:05:53 RAM 2923/7620MB (lfb 3x4MB) SWAP 0/12002MB (cached 0MB) CPU [7%@729,9%@729,5%@729,3%@729,6%@729,6%@729] GR3D_FREQ 0% cpu@44.812C soc2@44.187C soc0@42.687C gpu@44.375C tj@44.812C soc1@42.718C VDD_IN 3320mW/3476mW VDD_CPU_GPU_CV 559mW/603mW VDD_SOC 1040mW/1061mW
08-23-2026 04:05:54 RAM 2923/7620MB (lfb 3x4MB) SWAP 0/12002MB (cached 0MB) CPU [10%@729,8%@729,4%@729,6%@729,5%@729,6%@729] GR3D_FREQ 0% cpu@44.937C soc2@44.125C soc0@42.656C gpu@44.125C tj@44.937C soc1@42.843C VDD_IN 3360mW/3475mW VDD_CPU_GPU_CV 599mW/603mW VDD_SOC 1040mW/1060mW
08-23-2026 04:05:55 RAM 2924/7620MB (lfb 3x4MB) SWAP 0/12002MB (cached 0MB) CPU [12%@1344,11%@1344,3%@1344,11%@1344,6%@806,10%@806] GR3D_FREQ 0% cpu@44.718C soc2@44.093C soc0@42.625C gpu@44.406C tj@44.718C soc1@42.656C VDD_IN 3400mW/3474mW VDD_CPU_GPU_CV 599mW/603mW VDD_SOC 1040mW/1060mW
08-23-2026 04:05:56 RAM 2924/7620MB (lfb 3x4MB) SWAP 0/12002MB (cached 0MB) CPU [11%@729,11%@729,9%@729,5%@729,9%@729,7%@729] GR3D_FREQ 0% cpu@44.75C soc2@44.156C soc0@42.562C gpu@44.375C tj@44.75C soc1@42.687C VDD_IN 3320mW/3473mW VDD_CPU_GPU_CV 599mW/603mW VDD_SOC 1040mW/1060mW
08-23-2026 04:05:57 RAM 2925/7620MB (lfb 3x4MB) SWAP 0/12002MB (cached 0MB) CPU [10%@729,11%@729,7%@729,6%@729,7%@729,6%@729] GR3D_FREQ 0% cpu@44.937C soc2@44.093C soc0@42.593C gpu@44.125C tj@44.937C soc1@42.718C VDD_IN 3320mW/3471mW VDD_CPU_GPU_CV 599mW/603mW VDD_SOC 1040mW/1060mW
08-23-2026 04:05:58 RAM 2924/7620MB (lfb 3x4MB) SWAP 0/12002MB (cached 0MB) CPU [9%@729,10%@729,7%@729,7%@729,5%@729,5%@729] GR3D_FREQ 0% cpu@44.75C soc2@44.093C soc0@42.718C gpu@44.406C tj@44.75C soc1@42.625C VDD_IN 3320mW/3470mW VDD_CPU_GPU_CV 599mW/603mW VDD_SOC 1040mW/1060mW
08-23-2026 04:05:59 RAM 2924/7620MB (lfb 3x4MB) SWAP 0/12002MB (cached 0MB) CPU [10%@729,9%@729,5%@729,4%@729,7%@729,3%@729] GR3D_FREQ 0% cpu@44.718C soc2@44.125C soc0@42.625C gpu@44.125C tj@44.718C soc1@42.718C VDD_IN 3320mW/3469mW VDD_CPU_GPU_CV 599mW/603mW VDD_SOC 1040mW/1060mW
08-23-2026 04:06:00 RAM 2924/7620MB (lfb 3x4MB) SWAP 0/12002MB (cached 0MB) CPU [10%@1036,7%@1036,10%@1036,6%@1036,10%@960,9%@960] GR3D_FREQ 0% cpu@45C soc2@44.125C soc0@42.687C gpu@44.468C tj@44.937C soc1@42.593C VDD_IN 3440mW/3468mW VDD_CPU_GPU_CV 638mW/603mW VDD_SOC 1080mW/1060mW
08-23-2026 04:06:01 RAM 2924/7620MB (lfb 3x4MB) SWAP 0/12002MB (cached 0MB) CPU [7%@729,5%@729,8%@729,7%@729,4%@729,9%@729] GR3D_FREQ 0% cpu@44.843C soc2@44.156C soc0@42.687C gpu@44.125C tj@44.843C soc1@42.687C VDD_IN 3360mW/3467mW VDD_CPU_GPU_CV 599mW/603mW VDD_SOC 1040mW/1060mW
08-23-2026 04:06:02 RAM 2924/7620MB (lfb 3x4MB) SWAP 0/12002MB (cached 0MB) CPU [10%@729,8%@729,12%@729,8%@729,4%@729,5%@729] GR3D_FREQ 0% cpu@44.937C soc2@44.156C soc0@42.656C gpu@44.437C tj@44.937C soc1@42.812C VDD_IN 3360mW/3467mW VDD_CPU_GPU_CV 599mW/603mW VDD_SOC 1040mW/1059mW
08-23-2026 04:06:03 RAM 2924/7620MB (lfb 3x4MB) SWAP 0/12002MB (cached 0MB) CPU [8%@729,6%@729,11%@729,6%@729,6%@729,5%@729] GR3D_FREQ 0% cpu@44.718C soc2@44.093C soc0@42.718C gpu@44.156C tj@44.75C soc1@42.687C VDD_IN 3320mW/3465mW VDD_CPU_GPU_CV 599mW/603mW VDD_SOC 1040mW/1059mW
08-23-2026 04:06:04 RAM 2923/7620MB (lfb 3x4MB) SWAP 0/12002MB (cached 0MB) CPU [6%@729,6%@729,11%@729,7%@729,4%@729,5%@729] GR3D_FREQ 0% cpu@44.968C soc2@44.187C soc0@42.593C gpu@44.125C tj@44.968C soc1@42.781C VDD_IN 3320mW/3464mW VDD_CPU_GPU_CV 559mW/602mW VDD_SOC 1040mW/1059mW
08-23-2026 04:06:05 RAM 2924/7620MB (lfb 3x4MB) SWAP 0/12002MB (cached 0MB) CPU [10%@806,7%@806,12%@806,11%@806,5%@729,7%@729] GR3D_FREQ 0% cpu@44.781C soc2@44.093C soc0@42.718C gpu@44.468C tj@44.781C soc1@42.562C VDD_IN 3520mW/3465mW VDD_CPU_GPU_CV 678mW/603mW VDD_SOC 1080mW/1059mW
08-23-2026 04:06:06 RAM 2925/7620MB (lfb 3x4MB) SWAP 0/12002MB (cached 0MB) CPU [8%@1036,7%@729,7%@729,5%@729,9%@729,10%@729] GR3D_FREQ 0% cpu@44.812C soc2@44.156C soc0@42.687C gpu@44.093C tj@44.812C soc1@42.687C VDD_IN 3400mW/3464mW VDD_CPU_GPU_CV 599mW/603mW VDD_SOC 1040mW/1059mW
08-23-2026 04:06:07 RAM 2924/7620MB (lfb 4x4MB) SWAP 0/12002MB (cached 0MB) CPU [13%@729,7%@729,13%@729,6%@729,4%@729,4%@729] GR3D_FREQ 0% cpu@44.937C soc2@44.125C soc0@42.656C gpu@44.531C tj@44.937C soc1@42.843C VDD_IN 3360mW/3463mW VDD_CPU_GPU_CV 599mW/603mW VDD_SOC 1040mW/1059mW
08-23-2026 04:06:08 RAM 2923/7620MB (lfb 4x4MB) SWAP 0/12002MB (cached 0MB) CPU [10%@729,7%@729,11%@729,2%@729,5%@729,5%@729] GR3D_FREQ 0% cpu@45.062C soc2@44.187C soc0@42.75C gpu@44.125C tj@44.937C soc1@42.656C VDD_IN 3320mW/3462mW VDD_CPU_GPU_CV 599mW/603mW VDD_SOC 1040mW/1059mW
08-23-2026 04:06:09 RAM 2923/7620MB (lfb 4x4MB) SWAP 0/12002MB (cached 0MB) CPU [10%@729,5%@729,13%@729,9%@729,5%@729,3%@729] GR3D_FREQ 0% cpu@44.906C soc2@44.187C soc0@42.625C gpu@44.5C tj@44.906C soc1@42.75C VDD_IN 3320mW/3461mW VDD_CPU_GPU_CV 599mW/603mW VDD_SOC 1040mW/1059mW
08-23-2026 04:06:10 RAM 2923/7620MB (lfb 4x4MB) SWAP 0/12002MB (cached 0MB) CPU [11%@729,7%@729,12%@729,4%@729,8%@729,11%@729] GR3D_FREQ 0% cpu@44.781C soc2@44.125C soc0@42.656C gpu@44.218C tj@44.781C soc1@42.906C VDD_IN 3480mW/3461mW VDD_CPU_GPU_CV 638mW/603mW VDD_SOC 1080mW/1059mW
08-23-2026 04:06:11 RAM 2924/7620MB (lfb 4x4MB) SWAP 0/12002MB (cached 0MB) CPU [11%@729,7%@729,12%@729,4%@729,4%@729,12%@729] GR3D_FREQ 0% cpu@44.75C soc2@44.187C soc0@42.781C gpu@44.125C tj@44.75C soc1@42.718C VDD_IN 3400mW/3461mW VDD_CPU_GPU_CV 599mW/603mW VDD_SOC 1080mW/1059mW
08-23-2026 04:06:12 RAM 2924/7620MB (lfb 4x4MB) SWAP 0/12002MB (cached 0MB) CPU [13%@729,8%@729,12%@729,4%@729,7%@729,3%@729] GR3D_FREQ 0% cpu@44.875C soc2@44.125C soc0@42.625C gpu@44.468C tj@44.875C soc1@42.75C VDD_IN 3320mW/3460mW VDD_CPU_GPU_CV 599mW/603mW VDD_SOC 1040mW/1059mW
08-23-2026 04:06:13 RAM 2923/7620MB (lfb 4x4MB) SWAP 0/12002MB (cached 0MB) CPU [12%@729,7%@729,10%@729,4%@729,3%@729,6%@729] GR3D_FREQ 0% cpu@45.031C soc2@44.218C soc0@42.781C gpu@44.187C tj@44.656C soc1@42.656C VDD_IN 3320mW/3459mW VDD_CPU_GPU_CV 559mW/603mW VDD_SOC 1040mW/1059mW
08-23-2026 04:06:14 RAM 2924/7620MB (lfb 4x4MB) SWAP 0/12002MB (cached 0MB) CPU [13%@729,8%@729,9%@729,7%@729,4%@729,3%@729] GR3D_FREQ 0% cpu@44.687C soc2@44.125C soc0@42.687C gpu@44.531C tj@44.875C soc1@42.75C VDD_IN 3320mW/3457mW VDD_CPU_GPU_CV 599mW/603mW VDD_SOC 1040mW/1058mW
08-23-2026 04:06:15 RAM 2924/7620MB (lfb 4x4MB) SWAP 0/12002MB (cached 0MB) CPU [10%@729,8%@729,11%@729,11%@729,7%@729,7%@729] GR3D_FREQ 0% cpu@45.156C soc2@44.125C soc0@42.625C gpu@44.156C tj@45.156C soc1@42.656C VDD_IN 3480mW/3458mW VDD_CPU_GPU_CV 638mW/603mW VDD_SOC 1080mW/1059mW
08-23-2026 04:06:16 RAM 2924/7620MB (lfb 5x4MB) SWAP 0/12002MB (cached 0MB) CPU [13%@729,7%@729,8%@729,12%@729,6%@729,5%@729] GR3D_FREQ 0% cpu@44.75C soc2@44.187C soc0@42.781C gpu@44.468C tj@44.75C soc1@42.75C VDD_IN 3400mW/3457mW VDD_CPU_GPU_CV 638mW/603mW VDD_SOC 1080mW/1059mW
08-23-2026 04:06:17 RAM 2924/7620MB (lfb 5x4MB) SWAP 0/12002MB (cached 0MB) CPU [10%@729,6%@729,10%@729,5%@729,7%@729,4%@729] GR3D_FREQ 0% cpu@44.906C soc2@44.062C soc0@42.593C gpu@44.218C tj@44.906C soc1@42.843C VDD_IN 3360mW/3456mW VDD_CPU_GPU_CV 599mW/603mW VDD_SOC 1040mW/1059mW
08-23-2026 04:06:18 RAM 2924/7620MB (lfb 5x4MB) SWAP 0/12002MB (cached 0MB) CPU [10%@729,6%@729,10%@729,3%@729,4%@729,6%@729] GR3D_FREQ 0% cpu@44.937C soc2@44.312C soc0@42.75C gpu@44.218C tj@44.937C soc1@42.781C VDD_IN 3360mW/3456mW VDD_CPU_GPU_CV 599mW/603mW VDD_SOC 1040mW/1058mW
08-23-2026 04:06:19 RAM 2923/7620MB (lfb 5x4MB) SWAP 0/12002MB (cached 0MB) CPU [9%@729,5%@729,12%@729,5%@729,3%@729,4%@729] GR3D_FREQ 0% cpu@45.031C soc2@44.125C soc0@42.812C gpu@44.625C tj@45.031C soc1@42.75C VDD_IN 3320mW/3455mW VDD_CPU_GPU_CV 599mW/603mW VDD_SOC 1040mW/1058mW
08-23-2026 04:06:20 RAM 2923/7620MB (lfb 5x4MB) SWAP 0/12002MB (cached 0MB) CPU [10%@729,7%@729,13%@729,9%@729,10%@729,8%@729] GR3D_FREQ 0% cpu@45.031C soc2@44.156C soc0@42.687C gpu@44.218C tj@45.031C soc1@42.781C VDD_IN 3480mW/3455mW VDD_CPU_GPU_CV 638mW/603mW VDD_SOC 1080mW/1058mW
08-23-2026 04:06:21 RAM 2923/7620MB (lfb 5x4MB) SWAP 0/12002MB (cached 0MB) CPU [9%@729,3%@729,13%@729,9%@729,7%@729,11%@729] GR3D_FREQ 0% cpu@44.75C soc2@44.156C soc0@42.75C gpu@44.562C tj@44.75C soc1@42.656C VDD_IN 3400mW/3455mW VDD_CPU_GPU_CV 599mW/603mW VDD_SOC 1080mW/1059mW
08-23-2026 04:06:22 RAM 2924/7620MB (lfb 5x4MB) SWAP 0/12002MB (cached 0MB) CPU [7%@729,4%@729,7%@729,8%@729,5%@729,3%@729] GR3D_FREQ 0% cpu@44.812C soc2@44.218C soc0@42.593C gpu@44.281C tj@44.812C soc1@42.875C VDD_IN 3320mW/3454mW VDD_CPU_GPU_CV 559mW/603mW VDD_SOC 1040mW/1059mW
08-23-2026 04:06:23 RAM 2924/7620MB (lfb 5x4MB) SWAP 0/12002MB (cached 0MB) CPU [8%@729,3%@729,6%@729,10%@729,6%@729,4%@729] GR3D_FREQ 0% cpu@44.937C soc2@44.125C soc0@42.687C gpu@44.562C tj@44.906C soc1@42.656C VDD_IN 3320mW/3453mW VDD_CPU_GPU_CV 559mW/603mW VDD_SOC 1040mW/1058mW
08-23-2026 04:06:24 RAM 2923/7620MB (lfb 5x4MB) SWAP 0/12002MB (cached 0MB) CPU [9%@729,4%@729,4%@729,5%@729,14%@729,6%@729] GR3D_FREQ 0% cpu@44.812C soc2@44.187C soc0@42.781C gpu@44.218C tj@44.812C soc1@42.781C VDD_IN 3320mW/3452mW VDD_CPU_GPU_CV 599mW/603mW VDD_SOC 1040mW/1058mW
08-23-2026 04:06:25 RAM 2924/7620MB (lfb 5x4MB) SWAP 0/12002MB (cached 0MB) CPU [10%@729,6%@729,14%@729,6%@729,13%@729,10%@729] GR3D_FREQ 0% cpu@45.031C soc2@44.093C soc0@42.625C gpu@44.156C tj@45.031C soc1@42.875C VDD_IN 3440mW/3452mW VDD_CPU_GPU_CV 638mW/603mW VDD_SOC 1080mW/1058mW
08-23-2026 04:06:26 RAM 2925/7620MB (lfb 5x4MB) SWAP 0/12002MB (cached 0MB) CPU [7%@729,4%@729,8%@729,7%@729,13%@729,10%@729] GR3D_FREQ 0% cpu@44.875C soc2@44.125C soc0@42.718C gpu@44C tj@44.75C soc1@42.687C VDD_IN 3360mW/3451mW VDD_CPU_GPU_CV 599mW/603mW VDD_SOC 1040mW/1058mW
08-23-2026 04:06:27 RAM 2925/7620MB (lfb 5x4MB) SWAP 0/12002MB (cached 0MB) CPU [8%@729,4%@729,5%@729,6%@729,12%@729,7%@729] GR3D_FREQ 0% cpu@44.843C soc2@44.125C soc0@42.593C gpu@44.187C tj@44.843C soc1@42.75C VDD_IN 3320mW/3450mW VDD_CPU_GPU_CV 599mW/603mW VDD_SOC 1040mW/1058mW
08-23-2026 04:06:28 RAM 2925/7620MB (lfb 5x4MB) SWAP 0/12002MB (cached 0MB) CPU [8%@729,5%@729,2%@729,7%@729,9%@729,5%@729] GR3D_FREQ 0% cpu@44.937C soc2@44.218C soc0@42.656C gpu@44.062C tj@44.875C soc1@42.906C VDD_IN 3320mW/3449mW VDD_CPU_GPU_CV 559mW/603mW VDD_SOC 1040mW/1058mW
08-23-2026 04:06:29 RAM 2925/7620MB (lfb 5x4MB) SWAP 0/12002MB (cached 0MB) CPU [11%@729,2%@729,3%@729,5%@729,10%@729,7%@729] GR3D_FREQ 0% cpu@44.843C soc2@44.218C soc0@42.812C gpu@44.25C tj@44.843C soc1@42.75C VDD_IN 3320mW/3448mW VDD_CPU_GPU_CV 599mW/603mW VDD_SOC 1040mW/1058mW
08-23-2026 04:06:30 RAM 2925/7620MB (lfb 5x4MB) SWAP 0/12002MB (cached 0MB) CPU [14%@729,5%@729,12%@729,7%@729,11%@729,12%@729] GR3D_FREQ 0% cpu@45C soc2@44.125C soc0@42.781C gpu@44.031C tj@45C soc1@42.906C VDD_IN 3480mW/3448mW VDD_CPU_GPU_CV 638mW/603mW VDD_SOC 1080mW/1058mW
08-23-2026 04:06:31 RAM 2924/7620MB (lfb 5x4MB) SWAP 0/12002MB (cached 0MB) CPU [12%@729,9%@729,12%@729,7%@729,9%@729,6%@729] GR3D_FREQ 0% cpu@44.875C soc2@44.156C soc0@42.75C gpu@44.25C tj@44.75C soc1@42.812C VDD_IN 3440mW/3448mW VDD_CPU_GPU_CV 638mW/603mW VDD_SOC 1080mW/1058mW
08-23-2026 04:06:32 RAM 2924/7620MB (lfb 5x4MB) SWAP 0/12002MB (cached 0MB) CPU [10%@729,7%@729,12%@729,3%@729,5%@729,6%@729] GR3D_FREQ 0% cpu@44.843C soc2@44.187C soc0@42.625C gpu@44.093C tj@44.843C soc1@42.812C VDD_IN 3360mW/3448mW VDD_CPU_GPU_CV 599mW/603mW VDD_SOC 1040mW/1058mW
08-23-2026 04:06:33 RAM 2924/7620MB (lfb 5x4MB) SWAP 0/12002MB (cached 0MB) CPU [12%@729,3%@729,9%@729,7%@729,7%@729,6%@729] GR3D_FREQ 0% cpu@44.875C soc2@44.156C soc0@42.593C gpu@44.062C tj@44.875C soc1@42.656C VDD_IN 3320mW/3447mW VDD_CPU_GPU_CV 599mW/603mW VDD_SOC 1040mW/1058mW
08-23-2026 04:06:34 RAM 2924/7620MB (lfb 5x4MB) SWAP 0/12002MB (cached 0MB) CPU [10%@729,5%@729,5%@729,9%@729,2%@729,5%@729] GR3D_FREQ 0% cpu@44.843C soc2@44.156C soc0@42.812C gpu@44.25C tj@44.843C soc1@42.656C VDD_IN 3320mW/3446mW VDD_CPU_GPU_CV 559mW/603mW VDD_SOC 1040mW/1058mW
08-23-2026 04:06:35 RAM 2923/7620MB (lfb 5x4MB) SWAP 0/12002MB (cached 0MB) CPU [12%@729,7%@729,9%@729,17%@729,4%@729,9%@729] GR3D_FREQ 0% cpu@44.968C soc2@44.125C soc0@42.718C gpu@44.031C tj@44.968C soc1@42.812C VDD_IN 3440mW/3446mW VDD_CPU_GPU_CV 638mW/603mW VDD_SOC 1080mW/1058mW
08-23-2026 04:06:36 RAM 2924/7620MB (lfb 5x4MB) SWAP 0/12002MB (cached 0MB) CPU [13%@729,5%@729,7%@729,12%@729,7%@729,7%@729] GR3D_FREQ 0% cpu@44.781C soc2@44.125C soc0@42.718C gpu@44.218C tj@44.781C soc1@42.687C VDD_IN 3400mW/3446mW VDD_CPU_GPU_CV 599mW/603mW VDD_SOC 1040mW/1058mW
08-23-2026 04:06:37 RAM 2924/7620MB (lfb 5x4MB) SWAP 0/12002MB (cached 0MB) CPU [8%@729,3%@729,6%@729,10%@729,5%@729,7%@729] GR3D_FREQ 0% cpu@44.781C soc2@44.218C soc0@42.687C gpu@44.062C tj@44.906C soc1@42.781C VDD_IN 3360mW/3445mW VDD_CPU_GPU_CV 599mW/603mW VDD_SOC 1040mW/1058mW
08-23-2026 04:06:38 RAM 2924/7620MB (lfb 5x4MB) SWAP 0/12002MB (cached 0MB) CPU [9%@729,2%@729,7%@729,9%@729,4%@729,5%@729] GR3D_FREQ 0% cpu@44.843C soc2@44.125C soc0@42.656C gpu@44.156C tj@44.843C soc1@42.718C VDD_IN 3320mW/3444mW VDD_CPU_GPU_CV 599mW/603mW VDD_SOC 1040mW/1058mW
08-23-2026 04:06:39 RAM 2925/7620MB (lfb 5x4MB) SWAP 0/12002MB (cached 0MB) CPU [7%@729,5%@729,7%@729,11%@729,3%@729,5%@729] GR3D_FREQ 0% cpu@44.781C soc2@44.156C soc0@42.75C gpu@44.031C tj@44.781C soc1@42.718C VDD_IN 3320mW/3444mW VDD_CPU_GPU_CV 599mW/603mW VDD_SOC 1040mW/1057mW
08-23-2026 04:06:40 RAM 2925/7620MB (lfb 5x4MB) SWAP 0/12002MB (cached 0MB) CPU [9%@729,6%@729,10%@729,12%@729,7%@729,10%@729] GR3D_FREQ 0% cpu@44.906C soc2@44.125C soc0@42.687C gpu@44C tj@44.906C soc1@42.718C VDD_IN 3400mW/3443mW VDD_CPU_GPU_CV 599mW/603mW VDD_SOC 1080mW/1058mW
08-23-2026 04:06:41 RAM 2924/7620MB (lfb 5x4MB) SWAP 0/12002MB (cached 0MB) CPU [9%@729,3%@729,14%@729,6%@729,7%@729,7%@729] GR3D_FREQ 0% cpu@45.093C soc2@44.031C soc0@42.687C gpu@44.187C tj@45.093C soc1@42.656C VDD_IN 3360mW/3443mW VDD_CPU_GPU_CV 599mW/603mW VDD_SOC 1040mW/1057mW
08-23-2026 04:06:42 RAM 2924/7620MB (lfb 5x4MB) SWAP 0/12002MB (cached 0MB) CPU [11%@729,3%@729,12%@729,6%@729,4%@729,4%@729] GR3D_FREQ 0% cpu@44.75C soc2@44.093C soc0@42.687C gpu@44.062C tj@44.875C soc1@42.656C VDD_IN 3320mW/3442mW VDD_CPU_GPU_CV 599mW/603mW VDD_SOC 1040mW/1057mW
08-23-2026 04:06:43 RAM 2924/7620MB (lfb 5x4MB) SWAP 0/12002MB (cached 0MB) CPU [5%@729,5%@729,11%@729,6%@729,7%@729,4%@729] GR3D_FREQ 0% cpu@44.781C soc2@44.093C soc0@42.625C gpu@44.218C tj@44.781C soc1@42.843C VDD_IN 3320mW/3441mW VDD_CPU_GPU_CV 559mW/602mW VDD_SOC 1040mW/1057mW
08-23-2026 04:06:44 RAM 2924/7620MB (lfb 5x4MB) SWAP 0/12002MB (cached 0MB) CPU [7%@729,3%@729,12%@729,9%@729,6%@729,4%@729] GR3D_FREQ 0% cpu@44.812C soc2@44.25C soc0@42.687C gpu@43.968C tj@44.812C soc1@42.687C VDD_IN 3320mW/3441mW VDD_CPU_GPU_CV 599mW/602mW VDD_SOC 1040mW/1057mW
08-23-2026 04:06:45 RAM 2925/7620MB (lfb 5x4MB) SWAP 0/12002MB (cached 0MB) CPU [16%@729,13%@729,5%@729,6%@729,10%@729,8%@729] GR3D_FREQ 0% cpu@44.906C soc2@44.156C soc0@42.687C gpu@44.218C tj@44.906C soc1@42.687C VDD_IN 3440mW/3441mW VDD_CPU_GPU_CV 638mW/603mW VDD_SOC 1080mW/1057mW
08-23-2026 04:06:46 RAM 2923/7620MB (lfb 5x4MB) SWAP 0/12002MB (cached 0MB) CPU [15%@729,11%@729,7%@729,6%@729,6%@729,2%@729] GR3D_FREQ 0% cpu@45.031C soc2@44.031C soc0@42.656C gpu@44.062C tj@45C soc1@42.687C VDD_IN 3400mW/3440mW VDD_CPU_GPU_CV 599mW/603mW VDD_SOC 1080mW/1057mW
08-23-2026 04:06:47 RAM 2923/7620MB (lfb 5x4MB) SWAP 0/12002MB (cached 0MB) CPU [14%@729,7%@729,4%@729,2%@729,4%@729,5%@729] GR3D_FREQ 0% cpu@44.937C soc2@44.156C soc0@42.531C gpu@44.218C tj@44.937C soc1@42.781C VDD_IN 3320mW/3440mW VDD_CPU_GPU_CV 599mW/603mW VDD_SOC 1040mW/1057mW
08-23-2026 04:06:48 RAM 2923/7620MB (lfb 5x4MB) SWAP 0/12002MB (cached 0MB) CPU [15%@729,6%@729,8%@729,4%@729,5%@729,4%@729] GR3D_FREQ 0% cpu@45.093C soc2@44.062C soc0@42.593C gpu@43.968C tj@45.093C soc1@42.812C VDD_IN 3320mW/3439mW VDD_CPU_GPU_CV 599mW/603mW VDD_SOC 1040mW/1057mW
08-23-2026 04:06:49 RAM 2924/7620MB (lfb 5x4MB) SWAP 0/12002MB (cached 0MB) CPU [13%@729,5%@729,5%@729,4%@729,5%@729,7%@729] GR3D_FREQ 0% cpu@44.687C soc2@44.125C soc0@42.781C gpu@44.062C tj@44.687C soc1@42.75C VDD_IN 3320mW/3438mW VDD_CPU_GPU_CV 599mW/602mW VDD_SOC 1040mW/1057mW
08-23-2026 04:06:50 RAM 2924/7620MB (lfb 5x4MB) SWAP 0/12002MB (cached 0MB) CPU [16%@729,4%@729,9%@729,9%@729,8%@729,7%@729] GR3D_FREQ 0% cpu@44.781C soc2@44.156C soc0@42.531C gpu@44.218C tj@44.781C soc1@42.75C VDD_IN 3400mW/3438mW VDD_CPU_GPU_CV 599mW/602mW VDD_SOC 1080mW/1057mW
08-23-2026 04:06:51 RAM 2924/7620MB (lfb 5x4MB) SWAP 0/12002MB (cached 0MB) CPU [8%@729,10%@729,9%@729,5%@729,6%@729,8%@729] GR3D_FREQ 0% cpu@45C soc2@44.125C soc0@42.687C gpu@44.093C tj@44.875C soc1@42.625C VDD_IN 3360mW/3437mW VDD_CPU_GPU_CV 599mW/602mW VDD_SOC 1040mW/1057mW
08-23-2026 04:06:52 RAM 2923/7620MB (lfb 5x4MB) SWAP 0/12002MB (cached 0MB) CPU [10%@729,7%@729,5%@729,6%@729,5%@729,4%@729] GR3D_FREQ 0% cpu@44.781C soc2@44.187C soc0@42.718C gpu@44.25C tj@44.781C soc1@42.75C VDD_IN 3320mW/3437mW VDD_CPU_GPU_CV 599mW/602mW VDD_SOC 1040mW/1057mW
08-23-2026 04:06:53 RAM 2924/7620MB (lfb 5x4MB) SWAP 0/12002MB (cached 0MB) CPU [9%@729,11%@729,4%@729,5%@729,6%@729,5%@729] GR3D_FREQ 0% cpu@45.062C soc2@44.125C soc0@42.593C gpu@44.062C tj@45.062C soc1@42.812C VDD_IN 3320mW/3436mW VDD_CPU_GPU_CV 559mW/602mW VDD_SOC 1040mW/1057mW
08-23-2026 04:06:54 RAM 2923/7620MB (lfb 5x4MB) SWAP 0/12002MB (cached 0MB) CPU [7%@729,9%@729,4%@729,7%@729,9%@729,6%@729] GR3D_FREQ 0% cpu@44.718C soc2@44.156C soc0@42.812C gpu@44.156C tj@44.718C soc1@42.687C VDD_IN 3360mW/3436mW VDD_CPU_GPU_CV 599mW/602mW VDD_SOC 1040mW/1057mW
08-23-2026 04:06:55 RAM 2923/7620MB (lfb 5x4MB) SWAP 0/12002MB (cached 0MB) CPU [12%@729,12%@729,9%@729,7%@729,6%@729,8%@729] GR3D_FREQ 0% cpu@44.781C soc2@44.25C soc0@42.625C gpu@44.031C tj@44.781C soc1@42.75C VDD_IN 3400mW/3435mW VDD_CPU_GPU_CV 599mW/602mW VDD_SOC 1080mW/1057mW
08-23-2026 04:06:56 RAM 2924/7620MB (lfb 5x4MB) SWAP 0/12002MB (cached 0MB) CPU [10%@729,7%@729,6%@729,6%@729,7%@729,15%@729] GR3D_FREQ 0% cpu@44.875C soc2@44.125C soc0@42.687C gpu@44.031C tj@44.812C soc1@42.656C VDD_IN 3360mW/3435mW VDD_CPU_GPU_CV 599mW/602mW VDD_SOC 1040mW/1057mW
08-23-2026 04:06:57 RAM 2923/7620MB (lfb 5x4MB) SWAP 0/12002MB (cached 0MB) CPU [10%@729,5%@729,5%@729,14%@729,4%@729,8%@729] GR3D_FREQ 0% cpu@44.843C soc2@44.218C soc0@42.718C gpu@44.218C tj@44.843C soc1@42.687C VDD_IN 3320mW/3434mW VDD_CPU_GPU_CV 599mW/602mW VDD_SOC 1040mW/1057mW
08-23-2026 04:06:58 RAM 2923/7620MB (lfb 5x4MB) SWAP 0/12002MB (cached 0MB) CPU [5%@729,2%@729,1%@729,6%@729,2%@729,2%@729] GR3D_FREQ 0% cpu@44.906C soc2@44.125C soc0@42.562C gpu@44C tj@44.906C soc1@42.843C VDD_IN 3240mW/3433mW VDD_CPU_GPU_CV 559mW/602mW VDD_SOC 1040mW/1057mW
08-23-2026 04:06:59 RAM 2923/7620MB (lfb 5x4MB) SWAP 0/12002MB (cached 0MB) CPU [4%@729,2%@729,1%@729,2%@729,1%@729,0%@729] GR3D_FREQ 0% cpu@44.75C soc2@44.125C soc0@42.718C gpu@44.218C tj@44.75C soc1@42.687C VDD_IN 3240mW/3432mW VDD_CPU_GPU_CV 519mW/601mW VDD_SOC 1040mW/1057mW
08-23-2026 04:07:00 RAM 2924/7620MB (lfb 5x4MB) SWAP 0/12002MB (cached 0MB) CPU [7%@729,1%@729,5%@729,3%@729,2%@729,7%@729] GR3D_FREQ 0% cpu@44.781C soc2@44.125C soc0@42.718C gpu@44.312C tj@44.781C soc1@42.656C VDD_IN 3320mW/3431mW VDD_CPU_GPU_CV 559mW/601mW VDD_SOC 1040mW/1056mW
08-23-2026 04:07:01 RAM 2924/7620MB (lfb 5x4MB) SWAP 0/12002MB (cached 0MB) CPU [7%@729,2%@729,2%@729,2%@729,6%@729,2%@729] GR3D_FREQ 0% cpu@44.906C soc2@44.218C soc0@42.625C gpu@43.937C tj@44.906C soc1@42.875C VDD_IN 3280mW/3431mW VDD_CPU_GPU_CV 559mW/601mW VDD_SOC 1040mW/1056mW
08-23-2026 04:07:02 RAM 2924/7620MB (lfb 5x4MB) SWAP 0/12002MB (cached 0MB) CPU [5%@729,2%@729,1%@729,1%@729,0%@729,1%@729] GR3D_FREQ 0% cpu@44.625C soc2@44.062C soc0@42.687C gpu@44.187C tj@44.625C soc1@42.656C VDD_IN 3240mW/3430mW VDD_CPU_GPU_CV 519mW/600mW VDD_SOC 1040mW/1056mW
08-23-2026 04:07:03 RAM 2922/7620MB (lfb 5x4MB) SWAP 0/12002MB (cached 0MB) CPU [6%@729,0%@729,0%@729,2%@729,1%@729,1%@729] GR3D_FREQ 0% cpu@44.75C soc2@44.218C soc0@42.562C gpu@44.062C tj@44.843C soc1@42.687C VDD_IN 3240mW/3429mW VDD_CPU_GPU_CV 519mW/600mW VDD_SOC 1040mW/1056mW
08-23-2026 04:07:04 RAM 2923/7620MB (lfb 5x4MB) SWAP 0/12002MB (cached 0MB) CPU [7%@729,1%@729,0%@729,0%@729,1%@729,1%@729] GR3D_FREQ 0% cpu@44.718C soc2@44.093C soc0@42.625C gpu@44.062C tj@44.718C soc1@42.906C VDD_IN 3240mW/3427mW VDD_CPU_GPU_CV 519mW/600mW VDD_SOC 1040mW/1056mW
08-23-2026 04:07:05 RAM 2920/7620MB (lfb 5x4MB) SWAP 0/12002MB (cached 0MB) CPU [4%@729,1%@729,1%@729,0%@729,1%@729,1%@729] GR3D_FREQ 0% cpu@44.906C soc2@44.125C soc0@42.718C gpu@44.218C tj@44.781C soc1@42.656C VDD_IN 3240mW/3426mW VDD_CPU_GPU_CV 519mW/599mW VDD_SOC 1040mW/1056mW
08-23-2026 04:07:06 RAM 2921/7620MB (lfb 5x4MB) SWAP 0/12002MB (cached 0MB) CPU [7%@729,1%@729,0%@729,2%@729,1%@729,1%@729] GR3D_FREQ 0% cpu@44.812C soc2@44.187C soc0@42.593C gpu@44.031C tj@44.812C soc1@42.687C VDD_IN 3240mW/3425mW VDD_CPU_GPU_CV 519mW/599mW VDD_SOC 1040mW/1056mW
08-23-2026 04:07:07 RAM 2922/7620MB (lfb 5x4MB) SWAP 0/12002MB (cached 0MB) CPU [6%@729,2%@729,1%@729,0%@729,0%@729,1%@729] GR3D_FREQ 0% cpu@45.093C soc2@44.187C soc0@42.687C gpu@44C tj@45.093C soc1@42.625C VDD_IN 3240mW/3424mW VDD_CPU_GPU_CV 519mW/598mW VDD_SOC 1040mW/1056mW
08-23-2026 04:07:08 RAM 2923/7620MB (lfb 5x4MB) SWAP 0/12002MB (cached 0MB) CPU [4%@729,1%@729,0%@729,0%@729,0%@729,2%@729] GR3D_FREQ 0% cpu@44.75C soc2@44.125C soc0@42.781C gpu@44.343C tj@44.75C soc1@42.687C VDD_IN 3200mW/3423mW VDD_CPU_GPU_CV 519mW/598mW VDD_SOC 1040mW/1056mW
08-23-2026 04:07:09 RAM 2924/7620MB (lfb 5x4MB) SWAP 0/12002MB (cached 0MB) CPU [6%@729,1%@729,0%@729,1%@729,1%@729,1%@729] GR3D_FREQ 0% cpu@44.687C soc2@44.187C soc0@42.531C gpu@43.968C tj@44.687C soc1@42.781C VDD_IN 3240mW/3422mW VDD_CPU_GPU_CV 519mW/597mW VDD_SOC 1040mW/1056mW
08-23-2026 04:07:10 RAM 2918/7620MB (lfb 5x4MB) SWAP 0/12002MB (cached 0MB) CPU [5%@729,0%@729,1%@729,1%@729,2%@729,5%@729] GR3D_FREQ 0% cpu@44.937C soc2@44.093C soc0@42.718C gpu@44.343C tj@44.937C soc1@42.656C VDD_IN 3240mW/3421mW VDD_CPU_GPU_CV 519mW/597mW VDD_SOC 1040mW/1056mW
08-23-2026 04:07:11 RAM 2919/7620MB (lfb 5x4MB) SWAP 0/12002MB (cached 0MB) CPU [6%@729,1%@729,0%@729,0%@729,1%@729,1%@729] GR3D_FREQ 0% cpu@44.656C soc2@44.156C soc0@42.75C gpu@44.281C tj@44.843C soc1@42.656C VDD_IN 3240mW/3420mW VDD_CPU_GPU_CV 519mW/597mW VDD_SOC 1040mW/1055mW
08-23-2026 04:07:12 RAM 2920/7620MB (lfb 5x4MB) SWAP 0/12002MB (cached 0MB) CPU [6%@729,1%@729,1%@729,1%@729,2%@729,2%@729] GR3D_FREQ 0% cpu@45C soc2@44.125C soc0@42.593C gpu@44.062C tj@45C soc1@42.843C VDD_IN 3240mW/3419mW VDD_CPU_GPU_CV 519mW/596mW VDD_SOC 1040mW/1055mW
08-23-2026 04:07:13 RAM 2920/7620MB (lfb 5x4MB) SWAP 0/12002MB (cached 0MB) CPU [5%@729,2%@729,1%@729,2%@729,0%@729,1%@729] GR3D_FREQ 0% cpu@44.75C soc2@44.093C soc0@42.656C gpu@44.281C tj@44.75C soc1@42.656C VDD_IN 3240mW/3418mW VDD_CPU_GPU_CV 519mW/596mW VDD_SOC 1040mW/1055mW
08-23-2026 04:07:14 RAM 2921/7620MB (lfb 5x4MB) SWAP 0/12002MB (cached 0MB) CPU [6%@729,2%@729,3%@729,2%@729,2%@729,7%@729] GR3D_FREQ 0% cpu@44.937C soc2@44.187C soc0@42.718C gpu@44.031C tj@44.937C soc1@42.718C VDD_IN 3280mW/3418mW VDD_CPU_GPU_CV 559mW/596mW VDD_SOC 1040mW/1055mW
08-23-2026 04:07:15 RAM 2922/7620MB (lfb 5x4MB) SWAP 0/12002MB (cached 0MB) CPU [6%@729,0%@729,1%@729,3%@729,4%@729,3%@729] GR3D_FREQ 0% cpu@44.843C soc2@44.062C soc0@42.656C gpu@44.062C tj@44.843C soc1@42.843C VDD_IN 3280mW/3417mW VDD_CPU_GPU_CV 559mW/595mW VDD_SOC 1040mW/1055mW
08-23-2026 04:07:16 RAM 2922/7620MB (lfb 5x4MB) SWAP 0/12002MB (cached 0MB) CPU [5%@729,2%@729,1%@729,1%@729,0%@729,3%@729] GR3D_FREQ 0% cpu@44.687C soc2@44.125C soc0@42.687C gpu@44.312C tj@44.687C soc1@42.656C VDD_IN 3240mW/3416mW VDD_CPU_GPU_CV 519mW/595mW VDD_SOC 1040mW/1055mW
08-23-2026 04:07:17 RAM 2923/7620MB (lfb 5x4MB) SWAP 0/12002MB (cached 0MB) CPU [4%@729,2%@729,0%@729,0%@729,1%@729,1%@729] GR3D_FREQ 0% cpu@44.812C soc2@44.125C soc0@42.593C gpu@44.031C tj@44.812C soc1@42.625C VDD_IN 3240mW/3415mW VDD_CPU_GPU_CV 519mW/595mW VDD_SOC 1040mW/1055mW
08-23-2026 04:07:18 RAM 2923/7620MB (lfb 5x4MB) SWAP 0/12002MB (cached 0MB) CPU [6%@729,1%@729,3%@729,4%@729,2%@729,1%@729] GR3D_FREQ 0% cpu@44.718C soc2@44.125C soc0@42.562C gpu@44.281C tj@44.718C soc1@42.812C VDD_IN 3280mW/3414mW VDD_CPU_GPU_CV 559mW/594mW VDD_SOC 1040mW/1055mW
08-23-2026 04:07:19 RAM 2923/7620MB (lfb 5x4MB) SWAP 0/12002MB (cached 0MB) CPU [6%@729,4%@729,5%@729,3%@729,3%@729,4%@729] GR3D_FREQ 0% cpu@44.75C soc2@44.125C soc0@42.718C gpu@43.968C tj@44.75C soc1@42.687C VDD_IN 3240mW/3414mW VDD_CPU_GPU_CV 559mW/594mW VDD_SOC 1040mW/1055mW
08-23-2026 04:07:20 RAM 2924/7620MB (lfb 5x4MB) SWAP 0/12002MB (cached 0MB) CPU [4%@729,2%@729,0%@729,1%@729,1%@729,1%@729] GR3D_FREQ 0% cpu@44.875C soc2@44.156C soc0@42.562C gpu@44C tj@44.875C soc1@42.812C VDD_IN 3240mW/3413mW VDD_CPU_GPU_CV 519mW/594mW VDD_SOC 1040mW/1055mW
08-23-2026 04:07:21 RAM 2924/7620MB (lfb 5x4MB) SWAP 0/12002MB (cached 0MB) CPU [4%@729,2%@729,1%@729,1%@729,0%@729,1%@729] GR3D_FREQ 0% cpu@45.093C soc2@44.125C soc0@42.687C gpu@44.343C tj@45.093C soc1@42.625C VDD_IN 3240mW/3412mW VDD_CPU_GPU_CV 519mW/593mW VDD_SOC 1040mW/1055mW
08-23-2026 04:07:22 RAM 2924/7620MB (lfb 5x4MB) SWAP 0/12002MB (cached 0MB) CPU [4%@729,1%@729,2%@729,1%@729,0%@729,2%@729] GR3D_FREQ 0% cpu@44.687C soc2@44.25C soc0@42.687C gpu@44.093C tj@44.687C soc1@42.75C VDD_IN 3240mW/3411mW VDD_CPU_GPU_CV 519mW/593mW VDD_SOC 1040mW/1055mW
08-23-2026 04:07:23 RAM 2924/7620MB (lfb 5x4MB) SWAP 0/12002MB (cached 0MB) CPU [5%@729,2%@729,1%@729,1%@729,0%@729,0%@729] GR3D_FREQ 0% cpu@44.718C soc2@44.093C soc0@42.593C gpu@44.375C tj@44.718C soc1@42.843C VDD_IN 3280mW/3410mW VDD_CPU_GPU_CV 519mW/593mW VDD_SOC 1040mW/1055mW
08-23-2026 04:07:24 RAM 2924/7620MB (lfb 5x4MB) SWAP 0/12002MB (cached 0MB) CPU [5%@729,2%@729,0%@729,2%@729,1%@729,3%@729] GR3D_FREQ 0% cpu@45C soc2@44.125C soc0@42.625C gpu@44.343C tj@44.906C soc1@42.625C VDD_IN 3240mW/3409mW VDD_CPU_GPU_CV 519mW/592mW VDD_SOC 1040mW/1054mW
08-23-2026 04:07:25 RAM 2924/7620MB (lfb 5x4MB) SWAP 0/12002MB (cached 0MB) CPU [5%@729,4%@729,1%@729,1%@729,2%@729,1%@729] GR3D_FREQ 0% cpu@44.812C soc2@44.125C soc0@42.718C gpu@44.156C tj@44.812C soc1@42.687C VDD_IN 3240mW/3409mW VDD_CPU_GPU_CV 519mW/592mW VDD_SOC 1040mW/1054mW
08-23-2026 04:07:26 RAM 2924/7620MB (lfb 5x4MB) SWAP 0/12002MB (cached 0MB) CPU [4%@729,2%@729,1%@729,1%@729,0%@729,1%@729] GR3D_FREQ 0% cpu@44.937C soc2@44.093C soc0@42.656C gpu@44.375C tj@44.937C soc1@42.781C VDD_IN 3240mW/3408mW VDD_CPU_GPU_CV 519mW/592mW VDD_SOC 1040mW/1054mW
08-23-2026 04:07:27 RAM 2923/7620MB (lfb 5x4MB) SWAP 0/12002MB (cached 0MB) CPU [4%@729,1%@729,2%@729,1%@729,1%@729,2%@729] GR3D_FREQ 0% cpu@44.656C soc2@44.156C soc0@42.718C gpu@44.062C tj@44.656C soc1@42.5C VDD_IN 3240mW/3407mW VDD_CPU_GPU_CV 519mW/591mW VDD_SOC 1040mW/1054mW
08-23-2026 04:07:28 RAM 2924/7620MB (lfb 5x4MB) SWAP 0/12002MB (cached 0MB) CPU [5%@729,2%@729,2%@729,4%@729,1%@729,1%@729] GR3D_FREQ 0% cpu@44.75C soc2@44.125C soc0@42.531C gpu@44.031C tj@44.75C soc1@42.812C VDD_IN 3240mW/3406mW VDD_CPU_GPU_CV 519mW/591mW VDD_SOC 1040mW/1054mW
08-23-2026 04:07:30 RAM 2925/7620MB (lfb 5x4MB) SWAP 0/12002MB (cached 0MB) CPU [7%@729,2%@729,6%@729,2%@729,1%@729,4%@729] GR3D_FREQ 0% cpu@45C soc2@44.062C soc0@42.593C gpu@44.406C tj@45C soc1@42.906C VDD_IN 3280mW/3406mW VDD_CPU_GPU_CV 559mW/591mW VDD_SOC 1040mW/1054mW
08-23-2026 04:07:31 RAM 2923/7620MB (lfb 5x4MB) SWAP 0/12002MB (cached 0MB) CPU [7%@729,1%@729,3%@729,3%@729,2%@729,3%@729] GR3D_FREQ 0% cpu@44.781C soc2@44.187C soc0@42.687C gpu@44.093C tj@44.781C soc1@42.718C VDD_IN 3240mW/3405mW VDD_CPU_GPU_CV 559mW/591mW VDD_SOC 1040mW/1054mW
08-23-2026 04:07:32 RAM 2924/7620MB (lfb 5x4MB) SWAP 0/12002MB (cached 0MB) CPU [5%@729,3%@729,2%@729,3%@729,1%@729,1%@729] GR3D_FREQ 0% cpu@44.718C soc2@44.156C soc0@42.562C gpu@44.406C tj@44.718C soc1@42.812C VDD_IN 3240mW/3404mW VDD_CPU_GPU_CV 519mW/590mW VDD_SOC 1040mW/1054mW
08-23-2026 04:07:33 RAM 2923/7620MB (lfb 5x4MB) SWAP 0/12002MB (cached 0MB) CPU [4%@729,2%@729,1%@729,1%@729,1%@729,3%@729] GR3D_FREQ 0% cpu@44.718C soc2@44.156C soc0@42.625C gpu@44.375C tj@44.718C soc1@42.718C VDD_IN 3240mW/3403mW VDD_CPU_GPU_CV 519mW/590mW VDD_SOC 1040mW/1054mW
08-23-2026 04:07:34 RAM 2927/7620MB (lfb 5x4MB) SWAP 0/12002MB (cached 0MB) CPU [5%@729,3%@729,0%@729,1%@729,1%@729,0%@729] GR3D_FREQ 0% cpu@44.812C soc2@44.187C soc0@42.718C gpu@44.156C tj@44.812C soc1@42.75C VDD_IN 3240mW/3402mW VDD_CPU_GPU_CV 519mW/590mW VDD_SOC 1040mW/1054mW
08-23-2026 04:07:35 RAM 2927/7620MB (lfb 5x4MB) SWAP 0/12002MB (cached 0MB) CPU [5%@729,1%@729,0%@729,0%@729,0%@729,0%@729] GR3D_FREQ 0% cpu@44.937C soc2@44.093C soc0@42.625C gpu@44.406C tj@44.937C soc1@42.812C VDD_IN 3240mW/3402mW VDD_CPU_GPU_CV 519mW/589mW VDD_SOC 1040mW/1054mW
08-23-2026 04:07:36 RAM 2927/7620MB (lfb 5x4MB) SWAP 0/12002MB (cached 0MB) CPU [6%@729,3%@729,1%@729,2%@729,2%@729,1%@729] GR3D_FREQ 0% cpu@44.687C soc2@44.156C soc0@42.718C gpu@44.093C tj@44.687C soc1@42.656C VDD_IN 3240mW/3401mW VDD_CPU_GPU_CV 519mW/589mW VDD_SOC 1040mW/1054mW
08-23-2026 04:07:37 RAM 2927/7620MB (lfb 5x4MB) SWAP 0/12002MB (cached 0MB) CPU [6%@729,2%@729,0%@729,1%@729,1%@729,2%@729] GR3D_FREQ 0% cpu@44.781C soc2@44.093C soc0@42.718C gpu@44.031C tj@44.781C soc1@42.781C VDD_IN 3240mW/3400mW VDD_CPU_GPU_CV 519mW/589mW VDD_SOC 1040mW/1054mW
08-23-2026 04:07:38 RAM 2927/7620MB (lfb 5x4MB) SWAP 0/12002MB (cached 0MB) CPU [6%@729,1%@729,1%@729,0%@729,0%@729,2%@729] GR3D_FREQ 0% cpu@44.843C soc2@44.062C soc0@42.625C gpu@44.437C tj@44.843C soc1@42.687C VDD_IN 3240mW/3399mW VDD_CPU_GPU_CV 519mW/588mW VDD_SOC 1040mW/1054mW
08-23-2026 04:07:39 RAM 2927/7620MB (lfb 5x4MB) SWAP 0/12002MB (cached 0MB) CPU [6%@729,2%@729,0%@729,0%@729,1%@729,1%@729] GR3D_FREQ 0% cpu@45.156C soc2@44.218C soc0@42.718C gpu@44.093C tj@45.156C soc1@42.687C VDD_IN 3240mW/3399mW VDD_CPU_GPU_CV 519mW/588mW VDD_SOC 1040mW/1053mW
08-23-2026 04:07:40 RAM 2927/7620MB (lfb 5x4MB) SWAP 0/12002MB (cached 0MB) CPU [6%@729,2%@729,0%@729,0%@729,1%@729,1%@729] GR3D_FREQ 0% cpu@44.718C soc2@44.187C soc0@42.718C gpu@44.093C tj@44.812C soc1@42.718C VDD_IN 3240mW/3398mW VDD_CPU_GPU_CV 519mW/588mW VDD_SOC 1040mW/1053mW
08-23-2026 04:07:41 RAM 2927/7620MB (lfb 5x4MB) SWAP 0/12002MB (cached 0MB) CPU [4%@729,1%@729,1%@729,1%@729,2%@729,1%@729] GR3D_FREQ 0% cpu@45.125C soc2@44.125C soc0@42.593C gpu@44.468C tj@45.125C soc1@42.906C VDD_IN 3240mW/3397mW VDD_CPU_GPU_CV 519mW/587mW VDD_SOC 1040mW/1053mW
08-23-2026 04:07:42 RAM 2927/7620MB (lfb 5x4MB) SWAP 0/12002MB (cached 0MB) CPU [6%@729,3%@729,1%@729,0%@729,2%@729,1%@729] GR3D_FREQ 0% cpu@44.843C soc2@44.156C soc0@42.75C gpu@44.156C tj@44.843C soc1@42.718C VDD_IN 3240mW/3396mW VDD_CPU_GPU_CV 519mW/587mW VDD_SOC 1040mW/1053mW
08-23-2026 04:07:43 RAM 2927/7620MB (lfb 5x4MB) SWAP 0/12002MB (cached 0MB) CPU [4%@729,2%@729,1%@729,1%@729,1%@729,0%@729] GR3D_FREQ 0% cpu@44.843C soc2@44.218C soc0@42.593C gpu@44.437C tj@44.843C soc1@42.75C VDD_IN 3240mW/3396mW VDD_CPU_GPU_CV 519mW/587mW VDD_SOC 1040mW/1053mW
08-23-2026 04:07:44 RAM 2928/7620MB (lfb 5x4MB) SWAP 0/12002MB (cached 0MB) CPU [5%@729,0%@729,2%@729,3%@729,1%@729,2%@729] GR3D_FREQ 0% cpu@45.062C soc2@44.156C soc0@42.656C gpu@44.531C tj@45.062C soc1@42.843C VDD_IN 3240mW/3395mW VDD_CPU_GPU_CV 519mW/586mW VDD_SOC 1040mW/1053mW
08-23-2026 04:07:45 RAM 2930/7620MB (lfb 5x4MB) SWAP 0/12002MB (cached 0MB) CPU [5%@729,2%@729,3%@729,2%@729,3%@729,6%@729] GR3D_FREQ 0% cpu@44.718C soc2@44.218C soc0@42.718C gpu@44.031C tj@44.718C soc1@42.687C VDD_IN 3240mW/3394mW VDD_CPU_GPU_CV 559mW/586mW VDD_SOC 1040mW/1053mW
08-23-2026 04:07:46 RAM 2927/7620MB (lfb 5x4MB) SWAP 0/12002MB (cached 0MB) CPU [5%@729,0%@729,3%@729,5%@729,3%@729,4%@729] GR3D_FREQ 0% cpu@44.75C soc2@44.156C soc0@42.656C gpu@44.406C tj@44.75C soc1@42.812C VDD_IN 3240mW/3394mW VDD_CPU_GPU_CV 519mW/586mW VDD_SOC 1040mW/1053mW
08-23-2026 04:07:47 RAM 2927/7620MB (lfb 5x4MB) SWAP 0/12002MB (cached 0MB) CPU [5%@729,2%@729,0%@729,1%@729,0%@729,1%@729] GR3D_FREQ 0% cpu@44.968C soc2@44.156C soc0@42.656C gpu@44.218C tj@44.843C soc1@42.906C VDD_IN 3240mW/3393mW VDD_CPU_GPU_CV 519mW/586mW VDD_SOC 1040mW/1053mW
08-23-2026 04:07:48 RAM 2927/7620MB (lfb 5x4MB) SWAP 0/12002MB (cached 0MB) CPU [6%@729,2%@729,2%@729,2%@729,2%@729,1%@729] GR3D_FREQ 0% cpu@44.812C soc2@44.156C soc0@42.75C gpu@44.218C tj@44.812C soc1@42.718C VDD_IN 3240mW/3392mW VDD_CPU_GPU_CV 559mW/585mW VDD_SOC 1040mW/1053mW
08-23-2026 04:07:49 RAM 2927/7620MB (lfb 5x4MB) SWAP 0/12002MB (cached 0MB) CPU [4%@729,1%@729,1%@729,0%@729,3%@729,0%@729] GR3D_FREQ 0% cpu@44.906C soc2@44.25C soc0@42.593C gpu@44.437C tj@44.906C soc1@42.781C VDD_IN 3240mW/3392mW VDD_CPU_GPU_CV 519mW/585mW VDD_SOC 1040mW/1053mW
08-23-2026 04:07:50 RAM 2927/7620MB (lfb 5x4MB) SWAP 0/12002MB (cached 0MB) CPU [4%@729,1%@729,0%@729,1%@729,3%@729,1%@729] GR3D_FREQ 0% cpu@44.812C soc2@44.156C soc0@42.656C gpu@44.187C tj@44.812C soc1@42.656C VDD_IN 3240mW/3391mW VDD_CPU_GPU_CV 519mW/585mW VDD_SOC 1040mW/1053mW
08-23-2026 04:07:51 RAM 2925/7620MB (lfb 5x4MB) SWAP 0/12002MB (cached 0MB) CPU [4%@729,1%@729,1%@729,2%@729,2%@729,1%@729] GR3D_FREQ 0% cpu@44.718C soc2@44.187C soc0@42.75C gpu@44.125C tj@44.718C soc1@42.812C VDD_IN 3240mW/3390mW VDD_CPU_GPU_CV 519mW/585mW VDD_SOC 1040mW/1053mW
08-23-2026 04:07:52 RAM 2926/7620MB (lfb 5x4MB) SWAP 0/12002MB (cached 0MB) CPU [4%@729,1%@729,1%@729,0%@729,1%@729,0%@729] GR3D_FREQ 0% cpu@44.937C soc2@44.25C soc0@42.625C gpu@44.562C tj@44.937C soc1@42.781C VDD_IN 3240mW/3390mW VDD_CPU_GPU_CV 519mW/584mW VDD_SOC 1040mW/1053mW
08-23-2026 04:07:53 RAM 2926/7620MB (lfb 5x4MB) SWAP 0/12002MB (cached 0MB) CPU [5%@729,1%@729,1%@729,1%@729,3%@729,1%@729] GR3D_FREQ 0% cpu@45.125C soc2@44.218C soc0@42.687C gpu@44.187C tj@45.125C soc1@42.656C VDD_IN 3240mW/3389mW VDD_CPU_GPU_CV 519mW/584mW VDD_SOC 1040mW/1053mW
08-23-2026 04:07:54 RAM 2927/7620MB (lfb 5x4MB) SWAP 0/12002MB (cached 0MB) CPU [5%@729,1%@729,0%@729,0%@729,3%@729,1%@729] GR3D_FREQ 0% cpu@44.75C soc2@44.156C soc0@42.75C gpu@44.125C tj@44.75C soc1@42.593C VDD_IN 3240mW/3388mW VDD_CPU_GPU_CV 519mW/584mW VDD_SOC 1040mW/1053mW
08-23-2026 04:07:55 RAM 2924/7620MB (lfb 5x4MB) SWAP 0/12002MB (cached 0MB) CPU [4%@729,0%@729,1%@729,0%@729,4%@729,0%@729] GR3D_FREQ 0% cpu@44.843C soc2@44.156C soc0@42.718C gpu@44.531C tj@44.843C soc1@42.875C VDD_IN 3240mW/3388mW VDD_CPU_GPU_CV 519mW/583mW VDD_SOC 1040mW/1053mW
08-23-2026 04:07:56 RAM 2924/7620MB (lfb 5x4MB) SWAP 0/12002MB (cached 0MB) CPU [5%@729,1%@729,1%@729,3%@729,1%@729,2%@729] GR3D_FREQ 0% cpu@44.906C soc2@44.125C soc0@42.656C gpu@44.281C tj@44.906C soc1@42.687C VDD_IN 3240mW/3387mW VDD_CPU_GPU_CV 519mW/583mW VDD_SOC 1040mW/1052mW
08-23-2026 04:07:57 RAM 2924/7620MB (lfb 5x4MB) SWAP 0/12002MB (cached 0MB) CPU [3%@729,1%@729,1%@729,2%@729,1%@729,1%@729] GR3D_FREQ 0% cpu@44.718C soc2@44.156C soc0@42.781C gpu@44.187C tj@44.718C soc1@42.625C VDD_IN 3240mW/3386mW VDD_CPU_GPU_CV 519mW/583mW VDD_SOC 1040mW/1052mW
08-23-2026 04:07:58 RAM 2925/7620MB (lfb 5x4MB) SWAP 0/12002MB (cached 0MB) CPU [7%@729,2%@729,2%@729,7%@729,4%@729,2%@729] GR3D_FREQ 0% cpu@45.031C soc2@44.156C soc0@42.656C gpu@44C tj@45.031C soc1@42.75C VDD_IN 3280mW/3386mW VDD_CPU_GPU_CV 559mW/583mW VDD_SOC 1040mW/1052mW
08-23-2026 04:07:59 RAM 2925/7620MB (lfb 5x4MB) SWAP 0/12002MB (cached 0MB) CPU [5%@1036,3%@1036,3%@1036,5%@1036,4%@1190,4%@1190] GR3D_FREQ 0% cpu@45.031C soc2@44.125C soc0@42.656C gpu@44.187C tj@45.031C soc1@42.718C VDD_IN 3440mW/3386mW VDD_CPU_GPU_CV 638mW/583mW VDD_SOC 1080mW/1052mW
08-23-2026 04:08:00 RAM 2926/7620MB (lfb 5x4MB) SWAP 0/12002MB (cached 0MB) CPU [5%@1036,1%@1036,1%@1036,1%@1036,2%@729,2%@729] GR3D_FREQ 0% cpu@44.812C soc2@44.156C soc0@42.75C gpu@44.187C tj@44.843C soc1@42.718C VDD_IN 3280mW/3386mW VDD_CPU_GPU_CV 559mW/583mW VDD_SOC 1040mW/1052mW
08-23-2026 04:08:01 RAM 2926/7620MB (lfb 5x4MB) SWAP 0/12002MB (cached 0MB) CPU [6%@729,2%@729,2%@729,1%@729,3%@729,2%@729] GR3D_FREQ 0% cpu@44.968C soc2@44.093C soc0@42.656C gpu@44C tj@44.968C soc1@42.781C VDD_IN 3240mW/3385mW VDD_CPU_GPU_CV 559mW/583mW VDD_SOC 1040mW/1052mW
08-23-2026 04:08:02 RAM 2927/7620MB (lfb 5x4MB) SWAP 0/12002MB (cached 0MB) CPU [5%@729,1%@729,1%@729,1%@729,1%@729,1%@729] GR3D_FREQ 0% cpu@44.687C soc2@44.093C soc0@42.656C gpu@44.281C tj@44.687C soc1@42.593C VDD_IN 3240mW/3384mW VDD_CPU_GPU_CV 519mW/583mW VDD_SOC 1040mW/1052mW
08-23-2026 04:08:03 RAM 2927/7620MB (lfb 5x4MB) SWAP 0/12002MB (cached 0MB) CPU [5%@729,1%@729,1%@729,0%@729,1%@729,3%@729] GR3D_FREQ 0% cpu@44.718C soc2@44.093C soc0@42.75C gpu@44.156C tj@44.718C soc1@42.687C VDD_IN 3240mW/3384mW VDD_CPU_GPU_CV 559mW/582mW VDD_SOC 1040mW/1052mW
08-23-2026 04:08:04 RAM 2926/7620MB (lfb 5x4MB) SWAP 0/12002MB (cached 0MB) CPU [5%@729,1%@729,6%@729,2%@729,3%@729,3%@729] GR3D_FREQ 0% cpu@44.906C soc2@44.125C soc0@42.593C gpu@44C tj@44.906C soc1@42.781C VDD_IN 3360mW/3384mW VDD_CPU_GPU_CV 599mW/583mW VDD_SOC 1040mW/1052mW
08-23-2026 04:08:05 RAM 2927/7620MB (lfb 5x4MB) SWAP 0/12002MB (cached 0MB) CPU [7%@1036,1%@1036,1%@1036,1%@1036,3%@1036,3%@1036] GR3D_FREQ 0% cpu@45.125C soc2@44.062C soc0@42.656C gpu@44.25C tj@45.125C soc1@42.687C VDD_IN 3280mW/3383mW VDD_CPU_GPU_CV 559mW/582mW VDD_SOC 1040mW/1052mW
08-23-2026 04:08:06 RAM 2926/7620MB (lfb 5x4MB) SWAP 0/12002MB (cached 0MB) CPU [6%@729,2%@729,2%@729,1%@729,1%@729,5%@729] GR3D_FREQ 0% cpu@44.687C soc2@44.156C soc0@42.718C gpu@44.25C tj@44.687C soc1@42.75C VDD_IN 3280mW/3383mW VDD_CPU_GPU_CV 559mW/582mW VDD_SOC 1040mW/1052mW
08-23-2026 04:08:07 RAM 2926/7620MB (lfb 5x4MB) SWAP 0/12002MB (cached 0MB) CPU [4%@729,1%@729,0%@729,1%@729,2%@729,1%@729] GR3D_FREQ 0% cpu@44.781C soc2@44.062C soc0@42.593C gpu@43.968C tj@44.781C soc1@42.781C VDD_IN 3240mW/3382mW VDD_CPU_GPU_CV 519mW/582mW VDD_SOC 1040mW/1052mW
08-23-2026 04:08:08 RAM 2927/7620MB (lfb 5x4MB) SWAP 0/12002MB (cached 0MB) CPU [6%@729,2%@729,1%@729,1%@729,0%@729,1%@729] GR3D_FREQ 0% cpu@45C soc2@44.062C soc0@42.593C gpu@44.093C tj@45C soc1@42.656C VDD_IN 3240mW/3382mW VDD_CPU_GPU_CV 519mW/582mW VDD_SOC 1040mW/1052mW
08-23-2026 04:08:09 RAM 2924/7620MB (lfb 5x4MB) SWAP 0/12002MB (cached 0MB) CPU [4%@729,2%@729,2%@729,1%@729,0%@729,3%@729] GR3D_FREQ 0% cpu@44.656C soc2@44.093C soc0@42.75C gpu@44.25C tj@44.843C soc1@42.656C VDD_IN 3240mW/3381mW VDD_CPU_GPU_CV 559mW/582mW VDD_SOC 1040mW/1052mW
08-23-2026 04:08:10 RAM 2924/7620MB (lfb 5x4MB) SWAP 0/12002MB (cached 0MB) CPU [6%@729,1%@729,0%@729,0%@729,2%@729,2%@729] GR3D_FREQ 0% cpu@44.968C soc2@44.187C soc0@42.625C gpu@43.937C tj@44.968C soc1@42.812C VDD_IN 3240mW/3381mW VDD_CPU_GPU_CV 519mW/581mW VDD_SOC 1040mW/1052mW
08-23-2026 04:08:11 RAM 2925/7620MB (lfb 5x4MB) SWAP 0/12002MB (cached 0MB) CPU [5%@729,2%@729,2%@729,1%@729,2%@729,5%@729] GR3D_FREQ 0% cpu@44.781C soc2@44.093C soc0@42.625C gpu@44.031C tj@44.718C soc1@42.625C VDD_IN 3280mW/3380mW VDD_CPU_GPU_CV 559mW/581mW VDD_SOC 1040mW/1052mW
08-23-2026 04:08:12 RAM 2925/7620MB (lfb 5x4MB) SWAP 0/12002MB (cached 0MB) CPU [5%@729,2%@729,1%@729,1%@729,3%@729,1%@729] GR3D_FREQ 0% cpu@44.75C soc2@44.125C soc0@42.687C gpu@44.218C tj@44.75C soc1@42.656C VDD_IN 3240mW/3380mW VDD_CPU_GPU_CV 519mW/581mW VDD_SOC 1040mW/1052mW
08-23-2026 04:08:13 RAM 2925/7620MB (lfb 5x4MB) SWAP 0/12002MB (cached 0MB) CPU [6%@729,1%@729,0%@729,3%@729,1%@729,2%@729] GR3D_FREQ 0% cpu@44.875C soc2@44.093C soc0@42.593C gpu@44.062C tj@44.875C soc1@42.781C VDD_IN 3240mW/3379mW VDD_CPU_GPU_CV 559mW/581mW VDD_SOC 1040mW/1052mW
08-23-2026 04:08:14 RAM 2926/7620MB (lfb 5x4MB) SWAP 0/12002MB (cached 0MB) CPU [7%@729,3%@729,2%@729,2%@729,6%@729,4%@729] GR3D_FREQ 0% cpu@44.781C soc2@44.125C soc0@42.593C gpu@44.218C tj@44.781C soc1@42.562C VDD_IN 3360mW/3379mW VDD_CPU_GPU_CV 599mW/581mW VDD_SOC 1040mW/1052mW
08-23-2026 04:08:15 RAM 2926/7620MB (lfb 5x4MB) SWAP 0/12002MB (cached 0MB) CPU [6%@729,2%@729,4%@729,2%@729,5%@729,6%@729] GR3D_FREQ 0% cpu@44.718C soc2@44.093C soc0@42.593C gpu@44.187C tj@44.718C soc1@42.625C VDD_IN 3320mW/3379mW VDD_CPU_GPU_CV 559mW/581mW VDD_SOC 1040mW/1052mW
08-23-2026 04:08:16 RAM 2927/7620MB (lfb 5x4MB) SWAP 0/12002MB (cached 0MB) CPU [7%@729,2%@729,2%@729,1%@729,1%@729,0%@729] GR3D_FREQ 0% cpu@44.812C soc2@44.031C soc0@42.593C gpu@44C tj@44.812C soc1@42.843C VDD_IN 3280mW/3378mW VDD_CPU_GPU_CV 519mW/581mW VDD_SOC 1040mW/1052mW
08-23-2026 04:08:17 RAM 2927/7620MB (lfb 5x4MB) SWAP 0/12002MB (cached 0MB) CPU [6%@729,2%@729,2%@729,0%@729,0%@729,0%@729] GR3D_FREQ 0% cpu@44.687C soc2@44.093C soc0@42.625C gpu@44C tj@44.687C soc1@42.687C VDD_IN 3240mW/3378mW VDD_CPU_GPU_CV 519mW/580mW VDD_SOC 1040mW/1052mW
08-23-2026 04:08:18 RAM 2928/7620MB (lfb 5x4MB) SWAP 0/12002MB (cached 0MB) CPU [7%@729,1%@729,1%@729,1%@729,1%@729,1%@729] GR3D_FREQ 0% cpu@44.781C soc2@44.093C soc0@42.593C gpu@44.156C tj@44.718C soc1@42.843C VDD_IN 3240mW/3377mW VDD_CPU_GPU_CV 519mW/580mW VDD_SOC 1040mW/1052mW
08-23-2026 04:08:19 RAM 2929/7620MB (lfb 5x4MB) SWAP 0/12002MB (cached 0MB) CPU [6%@729,3%@729,2%@729,2%@729,6%@729,4%@729] GR3D_FREQ 0% cpu@44.687C soc2@44.156C soc0@42.687C gpu@44.218C tj@44.687C soc1@42.781C VDD_IN 3320mW/3377mW VDD_CPU_GPU_CV 559mW/580mW VDD_SOC 1040mW/1051mW
08-23-2026 04:08:20 RAM 2929/7620MB (lfb 5x4MB) SWAP 0/12002MB (cached 0MB) CPU [7%@729,2%@729,3%@729,3%@729,1%@729,1%@729] GR3D_FREQ 0% cpu@44.937C soc2@44.093C soc0@42.593C gpu@44.031C tj@44.937C soc1@42.75C VDD_IN 3280mW/3377mW VDD_CPU_GPU_CV 559mW/580mW VDD_SOC 1040mW/1051mW
08-23-2026 04:08:21 RAM 2929/7620MB (lfb 5x4MB) SWAP 0/12002MB (cached 0MB) CPU [5%@729,3%@729,3%@729,2%@729,1%@729,4%@729] GR3D_FREQ 0% cpu@44.687C soc2@44.093C soc0@42.656C gpu@44.187C tj@44.687C soc1@42.625C VDD_IN 3240mW/3376mW VDD_CPU_GPU_CV 519mW/580mW VDD_SOC 1040mW/1051mW
08-23-2026 04:08:22 RAM 2929/7620MB (lfb 5x4MB) SWAP 0/12002MB (cached 0MB) CPU [5%@729,2%@729,2%@729,1%@729,1%@729,2%@729] GR3D_FREQ 0% cpu@44.687C soc2@44.125C soc0@42.781C gpu@44.093C tj@44.687C soc1@42.656C VDD_IN 3240mW/3376mW VDD_CPU_GPU_CV 519mW/580mW VDD_SOC 1040mW/1051mW
08-23-2026 04:08:23 RAM 2929/7620MB (lfb 5x4MB) SWAP 0/12002MB (cached 0MB) CPU [10%@729,4%@729,2%@729,1%@729,1%@729,1%@729] GR3D_FREQ 0% cpu@44.75C soc2@44.093C soc0@42.625C gpu@44.031C tj@44.75C soc1@42.687C VDD_IN 3240mW/3375mW VDD_CPU_GPU_CV 519mW/579mW VDD_SOC 1040mW/1051mW
08-23-2026 04:08:24 RAM 2929/7620MB (lfb 5x4MB) SWAP 0/12002MB (cached 0MB) CPU [7%@729,1%@729,2%@729,1%@729,1%@729,1%@729] GR3D_FREQ 0% cpu@44.968C soc2@44.125C soc0@42.656C gpu@44.187C tj@44.968C soc1@42.687C VDD_IN 3240mW/3375mW VDD_CPU_GPU_CV 519mW/579mW VDD_SOC 1040mW/1051mW
08-23-2026 04:08:25 RAM 2929/7620MB (lfb 5x4MB) SWAP 0/12002MB (cached 0MB) CPU [7%@729,1%@729,1%@729,0%@729,0%@729,1%@729] GR3D_FREQ 0% cpu@44.718C soc2@44.062C soc0@42.656C gpu@44.062C tj@44.75C soc1@42.781C VDD_IN 3240mW/3374mW VDD_CPU_GPU_CV 519mW/579mW VDD_SOC 1040mW/1051mW
08-23-2026 04:08:26 RAM 2930/7620MB (lfb 5x4MB) SWAP 0/12002MB (cached 0MB) CPU [6%@729,2%@729,1%@729,1%@729,0%@729,1%@729] GR3D_FREQ 0% cpu@45.031C soc2@44.062C soc0@42.593C gpu@44.062C tj@45.031C soc1@42.781C VDD_IN 3240mW/3374mW VDD_CPU_GPU_CV 519mW/579mW VDD_SOC 1040mW/1051mW
08-23-2026 04:08:27 RAM 2929/7620MB (lfb 5x4MB) SWAP 0/12002MB (cached 0MB) CPU [6%@729,1%@729,1%@729,2%@729,0%@729,2%@729] GR3D_FREQ 0% cpu@44.781C soc2@44.125C soc0@42.625C gpu@44.218C tj@44.625C soc1@42.656C VDD_IN 3240mW/3373mW VDD_CPU_GPU_CV 519mW/578mW VDD_SOC 1040mW/1051mW
08-23-2026 04:08:28 RAM 2929/7620MB (lfb 5x4MB) SWAP 0/12002MB (cached 0MB) CPU [7%@729,2%@729,1%@729,2%@729,3%@729,3%@729] GR3D_FREQ 0% cpu@44.812C soc2@44.156C soc0@42.687C gpu@44.093C tj@44.812C soc1@42.718C VDD_IN 3240mW/3373mW VDD_CPU_GPU_CV 519mW/578mW VDD_SOC 1040mW/1051mW
08-23-2026 04:08:29 RAM 2929/7620MB (lfb 5x4MB) SWAP 0/12002MB (cached 0MB) CPU [6%@729,2%@729,3%@729,2%@729,4%@729,5%@729] GR3D_FREQ 0% cpu@44.875C soc2@44.093C soc0@42.687C gpu@44.25C tj@44.875C soc1@42.843C VDD_IN 3320mW/3372mW VDD_CPU_GPU_CV 559mW/578mW VDD_SOC 1040mW/1051mW
08-23-2026 04:08:30 RAM 2927/7620MB (lfb 5x4MB) SWAP 0/12002MB (cached 0MB) CPU [6%@729,1%@729,2%@729,1%@729,4%@729,3%@729] GR3D_FREQ 0% cpu@44.718C soc2@44.125C soc0@42.687C gpu@44.218C tj@44.718C soc1@42.656C VDD_IN 3280mW/3372mW VDD_CPU_GPU_CV 559mW/578mW VDD_SOC 1040mW/1051mW
08-23-2026 04:08:31 RAM 2928/7620MB (lfb 5x4MB) SWAP 0/12002MB (cached 0MB) CPU [5%@729,2%@729,1%@729,1%@729,2%@729,2%@729] GR3D_FREQ 0% cpu@44.718C soc2@44.218C soc0@42.593C gpu@43.968C tj@44.718C soc1@42.656C VDD_IN 3280mW/3372mW VDD_CPU_GPU_CV 519mW/578mW VDD_SOC 1040mW/1051mW
08-23-2026 04:08:32 RAM 2928/7620MB (lfb 5x4MB) SWAP 0/12002MB (cached 0MB) CPU [8%@729,1%@729,1%@729,1%@729,1%@729,1%@729] GR3D_FREQ 0% cpu@44.875C soc2@44.031C soc0@42.625C gpu@44.312C tj@44.875C soc1@42.906C VDD_IN 3240mW/3371mW VDD_CPU_GPU_CV 519mW/578mW VDD_SOC 1040mW/1051mW
08-23-2026 04:08:33 RAM 2928/7620MB (lfb 5x4MB) SWAP 0/12002MB (cached 0MB) CPU [5%@729,1%@729,1%@729,2%@729,3%@729,1%@729] GR3D_FREQ 0% cpu@44.687C soc2@44.062C soc0@42.718C gpu@44C tj@44.781C soc1@42.625C VDD_IN 3240mW/3371mW VDD_CPU_GPU_CV 519mW/577mW VDD_SOC 1040mW/1051mW
08-23-2026 04:08:34 RAM 2928/7620MB (lfb 5x4MB) SWAP 0/12002MB (cached 0MB) CPU [7%@729,1%@729,0%@729,0%@729,4%@729,1%@729] GR3D_FREQ 0% cpu@44.875C soc2@44.125C soc0@42.625C gpu@44C tj@44.875C soc1@42.75C VDD_IN 3240mW/3370mW VDD_CPU_GPU_CV 519mW/577mW VDD_SOC 1040mW/1051mW
08-23-2026 04:08:35 RAM 2928/7620MB (lfb 5x4MB) SWAP 0/12002MB (cached 0MB) CPU [7%@729,3%@729,0%@729,1%@729,1%@729,1%@729] GR3D_FREQ 0% cpu@44.718C soc2@44.156C soc0@42.656C gpu@44.281C tj@44.718C soc1@42.625C VDD_IN 3240mW/3370mW VDD_CPU_GPU_CV 519mW/577mW VDD_SOC 1040mW/1051mW
08-23-2026 04:08:36 RAM 2928/7620MB (lfb 5x4MB) SWAP 0/12002MB (cached 0MB) CPU [7%@729,2%@729,0%@729,0%@729,3%@729,1%@729] GR3D_FREQ 0% cpu@44.687C soc2@44.187C soc0@42.75C gpu@44.031C tj@44.687C soc1@42.625C VDD_IN 3240mW/3369mW VDD_CPU_GPU_CV 519mW/577mW VDD_SOC 1040mW/1051mW
08-23-2026 04:08:37 RAM 2928/7620MB (lfb 5x4MB) SWAP 0/12002MB (cached 0MB) CPU [5%@729,1%@729,0%@729,0%@729,1%@729,1%@729] GR3D_FREQ 0% cpu@44.781C soc2@44.156C soc0@42.593C gpu@43.968C tj@44.781C soc1@42.687C VDD_IN 3240mW/3369mW VDD_CPU_GPU_CV 519mW/577mW VDD_SOC 1040mW/1051mW
08-23-2026 04:08:38 RAM 2928/7620MB (lfb 5x4MB) SWAP 0/12002MB (cached 0MB) CPU [5%@729,3%@729,2%@729,2%@729,1%@729,1%@729] GR3D_FREQ 0% cpu@45.031C soc2@44.093C soc0@42.687C gpu@44.312C tj@45.031C soc1@42.593C VDD_IN 3240mW/3368mW VDD_CPU_GPU_CV 519mW/576mW VDD_SOC 1040mW/1051mW
08-23-2026 04:08:39 RAM 2928/7620MB (lfb 5x4MB) SWAP 0/12002MB (cached 0MB) CPU [7%@729,2%@729,1%@729,1%@729,2%@729,1%@729] GR3D_FREQ 0% cpu@44.687C soc2@44.093C soc0@42.718C gpu@44.031C tj@44.687C soc1@42.656C VDD_IN 3240mW/3368mW VDD_CPU_GPU_CV 519mW/576mW VDD_SOC 1040mW/1051mW
08-23-2026 04:08:40 RAM 2928/7620MB (lfb 5x4MB) SWAP 0/12002MB (cached 0MB) CPU [5%@729,1%@729,1%@729,1%@729,1%@729,0%@729] GR3D_FREQ 0% cpu@44.843C soc2@44.125C soc0@42.593C gpu@44.093C tj@44.843C soc1@42.781C VDD_IN 3240mW/3367mW VDD_CPU_GPU_CV 519mW/576mW VDD_SOC 1040mW/1051mW
08-23-2026 04:08:41 RAM 2928/7620MB (lfb 5x4MB) SWAP 0/12002MB (cached 0MB) CPU [7%@729,4%@729,2%@729,3%@729,1%@729,1%@729] GR3D_FREQ 0% cpu@44.906C soc2@44.156C soc0@42.625C gpu@44.25C tj@44.906C soc1@42.656C VDD_IN 3240mW/3367mW VDD_CPU_GPU_CV 519mW/576mW VDD_SOC 1040mW/1051mW
08-23-2026 04:08:42 RAM 2928/7620MB (lfb 5x4MB) SWAP 0/12002MB (cached 0MB) CPU [6%@806,2%@806,3%@806,1%@806,2%@729,2%@729] GR3D_FREQ 0% cpu@44.718C soc2@44.187C soc0@42.718C gpu@44.125C tj@44.718C soc1@42.75C VDD_IN 3240mW/3366mW VDD_CPU_GPU_CV 519mW/576mW VDD_SOC 1040mW/1050mW
08-23-2026 04:08:43 RAM 2926/7620MB (lfb 5x4MB) SWAP 0/12002MB (cached 0MB) CPU [6%@729,2%@729,2%@729,5%@729,3%@729,1%@729] GR3D_FREQ 0% cpu@44.937C soc2@44.187C soc0@42.656C gpu@44.406C tj@44.937C soc1@42.875C VDD_IN 3240mW/3366mW VDD_CPU_GPU_CV 519mW/575mW VDD_SOC 1040mW/1050mW
08-23-2026 04:08:44 RAM 2927/7620MB (lfb 5x4MB) SWAP 0/12002MB (cached 0MB) CPU [8%@729,3%@729,6%@729,1%@729,1%@729,7%@729] GR3D_FREQ 0% cpu@44.75C soc2@44.031C soc0@42.656C gpu@44.343C tj@44.687C soc1@42.656C VDD_IN 3320mW/3366mW VDD_CPU_GPU_CV 559mW/575mW VDD_SOC 1040mW/1050mW
08-23-2026 04:08:45 RAM 2927/7620MB (lfb 5x4MB) SWAP 0/12002MB (cached 0MB) CPU [9%@729,2%@729,4%@729,3%@729,2%@729,3%@729] GR3D_FREQ 0% cpu@44.781C soc2@44.156C soc0@42.781C gpu@44.031C tj@44.781C soc1@42.75C VDD_IN 3280mW/3365mW VDD_CPU_GPU_CV 559mW/575mW VDD_SOC 1040mW/1050mW
08-23-2026 04:08:46 RAM 2927/7620MB (lfb 5x4MB) SWAP 0/12002MB (cached 0MB) CPU [8%@729,3%@729,1%@729,1%@729,0%@729,1%@729] GR3D_FREQ 0% cpu@44.812C soc2@44.093C soc0@42.687C gpu@44.312C tj@44.812C soc1@42.781C VDD_IN 3280mW/3365mW VDD_CPU_GPU_CV 519mW/575mW VDD_SOC 1040mW/1050mW
08-23-2026 04:08:47 RAM 2927/7620MB (lfb 5x4MB) SWAP 0/12002MB (cached 0MB) CPU [3%@729,4%@729,1%@729,1%@729,1%@729,2%@729] GR3D_FREQ 0% cpu@44.687C soc2@44.093C soc0@42.625C gpu@44C tj@44.687C soc1@42.625C VDD_IN 3240mW/3365mW VDD_CPU_GPU_CV 519mW/575mW VDD_SOC 1040mW/1050mW
08-23-2026 04:08:48 RAM 2927/7620MB (lfb 5x4MB) SWAP 0/12002MB (cached 0MB) CPU [7%@729,3%@729,1%@729,2%@729,1%@729,1%@729] GR3D_FREQ 0% cpu@44.687C soc2@44.187C soc0@42.531C gpu@44.031C tj@44.687C soc1@42.718C VDD_IN 3240mW/3364mW VDD_CPU_GPU_CV 519mW/575mW VDD_SOC 1040mW/1050mW
08-23-2026 04:08:49 RAM 2927/7620MB (lfb 5x4MB) SWAP 0/12002MB (cached 0MB) CPU [7%@729,2%@729,1%@729,0%@729,1%@729,1%@729] GR3D_FREQ 0% cpu@44.875C soc2@44.125C soc0@42.562C gpu@44.343C tj@44.875C soc1@42.812C VDD_IN 3240mW/3364mW VDD_CPU_GPU_CV 519mW/574mW VDD_SOC 1040mW/1050mW
08-23-2026 04:08:50 RAM 2927/7620MB (lfb 5x4MB) SWAP 0/12002MB (cached 0MB) CPU [8%@729,1%@729,0%@729,1%@729,0%@729,2%@729] GR3D_FREQ 0% cpu@45C soc2@44.062C soc0@42.75C gpu@44.062C tj@44.718C soc1@42.687C VDD_IN 3240mW/3363mW VDD_CPU_GPU_CV 519mW/574mW VDD_SOC 1040mW/1050mW
08-23-2026 04:08:51 RAM 2926/7620MB (lfb 5x4MB) SWAP 0/12002MB (cached 0MB) CPU [8%@729,0%@729,2%@729,0%@729,2%@729,2%@729] GR3D_FREQ 0% cpu@44.843C soc2@44.093C soc0@42.625C gpu@44.093C tj@44.843C soc1@42.781C VDD_IN 3240mW/3363mW VDD_CPU_GPU_CV 519mW/574mW VDD_SOC 1040mW/1050mW
08-23-2026 04:08:52 RAM 2927/7620MB (lfb 5x4MB) SWAP 0/12002MB (cached 0MB) CPU [6%@729,3%@729,0%@729,1%@729,0%@729,2%@729] GR3D_FREQ 0% cpu@44.625C soc2@44.031C soc0@42.625C gpu@44.312C tj@44.625C soc1@42.812C VDD_IN 3240mW/3363mW VDD_CPU_GPU_CV 519mW/574mW VDD_SOC 1040mW/1050mW
08-23-2026 04:08:53 RAM 2925/7620MB (lfb 5x4MB) SWAP 0/12002MB (cached 0MB) CPU [7%@729,1%@729,2%@729,1%@729,1%@729,0%@729] GR3D_FREQ 0% cpu@44.687C soc2@44.093C soc0@42.687C gpu@44.125C tj@44.687C soc1@42.593C VDD_IN 3240mW/3362mW VDD_CPU_GPU_CV 519mW/574mW VDD_SOC 1040mW/1050mW
08-23-2026 04:08:54 RAM 2925/7620MB (lfb 5x4MB) SWAP 0/12002MB (cached 0MB) CPU [7%@729,0%@729,1%@729,1%@729,1%@729,1%@729] GR3D_FREQ 0% cpu@44.781C soc2@44.187C soc0@42.468C gpu@44.031C tj@44.781C soc1@42.718C VDD_IN 3240mW/3362mW VDD_CPU_GPU_CV 519mW/573mW VDD_SOC 1040mW/1050mW
08-23-2026 04:08:55 RAM 2926/7620MB (lfb 5x4MB) SWAP 0/12002MB (cached 0MB) CPU [4%@729,3%@729,1%@729,3%@729,1%@729,1%@729] GR3D_FREQ 0% cpu@45.031C soc2@44.093C soc0@42.625C gpu@44.312C tj@45.031C soc1@42.875C VDD_IN 3240mW/3361mW VDD_CPU_GPU_CV 519mW/573mW VDD_SOC 1040mW/1050mW
08-23-2026 04:08:56 RAM 2927/7620MB (lfb 5x4MB) SWAP 0/12002MB (cached 0MB) CPU [5%@729,1%@729,3%@729,2%@729,2%@729,1%@729] GR3D_FREQ 0% cpu@44.687C soc2@44.156C soc0@42.656C gpu@44C tj@44.687C soc1@42.562C VDD_IN 3240mW/3361mW VDD_CPU_GPU_CV 519mW/573mW VDD_SOC 1040mW/1050mW
08-23-2026 04:08:57 RAM 2927/7620MB (lfb 5x4MB) SWAP 0/12002MB (cached 0MB) CPU [3%@729,3%@729,1%@729,1%@729,0%@729,1%@729] GR3D_FREQ 0% cpu@44.781C soc2@44.187C soc0@42.656C gpu@44.343C tj@44.781C soc1@42.812C VDD_IN 3240mW/3360mW VDD_CPU_GPU_CV 519mW/573mW VDD_SOC 1040mW/1050mW
08-23-2026 04:08:58 RAM 2927/7620MB (lfb 5x4MB) SWAP 0/12002MB (cached 0MB) CPU [6%@729,2%@729,1%@729,4%@729,1%@729,1%@729] GR3D_FREQ 0% cpu@44.812C soc2@44.031C soc0@42.625C gpu@44.375C tj@44.75C soc1@42.625C VDD_IN 3240mW/3360mW VDD_CPU_GPU_CV 519mW/573mW VDD_SOC 1040mW/1050mW
08-23-2026 04:08:59 RAM 2928/7620MB (lfb 5x4MB) SWAP 0/12002MB (cached 0MB) CPU [5%@729,1%@729,3%@729,3%@729,7%@729,5%@729] GR3D_FREQ 0% cpu@44.812C soc2@44.093C soc0@42.718C gpu@44.093C tj@44.812C soc1@42.718C VDD_IN 3280mW/3360mW VDD_CPU_GPU_CV 559mW/573mW VDD_SOC 1040mW/1050mW
08-23-2026 04:09:00 RAM 2929/7620MB (lfb 5x4MB) SWAP 0/12002MB (cached 0MB) CPU [7%@729,1%@729,3%@729,2%@729,3%@729,3%@729] GR3D_FREQ 0% cpu@44.937C soc2@44C soc0@42.562C gpu@44.375C tj@44.937C soc1@42.781C VDD_IN 3280mW/3360mW VDD_CPU_GPU_CV 559mW/573mW VDD_SOC 1040mW/1050mW
08-23-2026 04:09:01 RAM 2925/7620MB (lfb 5x4MB) SWAP 0/12002MB (cached 0MB) CPU [5%@729,3%@729,1%@729,0%@729,1%@729,1%@729] GR3D_FREQ 0% cpu@44.687C soc2@44.062C soc0@42.656C gpu@44.031C tj@44.687C soc1@42.625C VDD_IN 3280mW/3359mW VDD_CPU_GPU_CV 519mW/572mW VDD_SOC 1040mW/1050mW
08-23-2026 04:09:02 RAM 2926/7620MB (lfb 5x4MB) SWAP 0/12002MB (cached 0MB) CPU [7%@729,3%@729,1%@729,1%@729,1%@729,0%@729] GR3D_FREQ 0% cpu@44.687C soc2@44.156C soc0@42.687C gpu@44C tj@44.687C soc1@42.718C VDD_IN 3240mW/3359mW VDD_CPU_GPU_CV 519mW/572mW VDD_SOC 1040mW/1050mW
08-23-2026 04:09:03 RAM 2926/7620MB (lfb 5x4MB) SWAP 0/12002MB (cached 0MB) CPU [6%@729,2%@729,0%@729,1%@729,2%@729,2%@729] GR3D_FREQ 0% cpu@44.812C soc2@44.062C soc0@42.593C gpu@44.406C tj@44.812C soc1@42.781C VDD_IN 3240mW/3358mW VDD_CPU_GPU_CV 519mW/572mW VDD_SOC 1040mW/1050mW
08-23-2026 04:09:04 RAM 2926/7620MB (lfb 5x4MB) SWAP 0/12002MB (cached 0MB) CPU [4%@729,2%@729,0%@729,1%@729,1%@729,0%@729] GR3D_FREQ 0% cpu@45.031C soc2@44.156C soc0@42.687C gpu@44C tj@45.031C soc1@42.593C VDD_IN 3240mW/3358mW VDD_CPU_GPU_CV 519mW/572mW VDD_SOC 1040mW/1050mW
08-23-2026 04:09:05 RAM 2927/7620MB (lfb 5x4MB) SWAP 0/12002MB (cached 0MB) CPU [4%@729,3%@729,0%@729,0%@729,2%@729,1%@729] GR3D_FREQ 0% cpu@44.687C soc2@44.156C soc0@42.593C gpu@44.312C tj@44.687C soc1@42.656C VDD_IN 3240mW/3358mW VDD_CPU_GPU_CV 519mW/572mW VDD_SOC 1040mW/1050mW
08-23-2026 04:09:06 RAM 2927/7620MB (lfb 5x4MB) SWAP 0/12002MB (cached 0MB) CPU [5%@729,3%@729,1%@729,0%@729,1%@729,2%@729] GR3D_FREQ 0% cpu@44.625C soc2@44.062C soc0@42.562C gpu@44.437C tj@44.625C soc1@42.75C VDD_IN 3280mW/3357mW VDD_CPU_GPU_CV 519mW/572mW VDD_SOC 1040mW/1050mW
08-23-2026 04:09:07 RAM 2928/7620MB (lfb 5x4MB) SWAP 0/12002MB (cached 0MB) CPU [4%@729,0%@729,0%@729,0%@729,1%@729,0%@729] GR3D_FREQ 0% cpu@44.812C soc2@44.156C soc0@42.562C gpu@43.968C tj@44.812C soc1@42.781C VDD_IN 3240mW/3357mW VDD_CPU_GPU_CV 519mW/571mW VDD_SOC 1040mW/1050mW
08-23-2026 04:09:08 RAM 2922/7620MB (lfb 5x4MB) SWAP 0/12002MB (cached 0MB) CPU [6%@729,2%@729,1%@729,0%@729,1%@729,2%@729] GR3D_FREQ 0% cpu@44.718C soc2@44.031C soc0@42.656C gpu@44C tj@44.718C soc1@42.531C VDD_IN 3240mW/3357mW VDD_CPU_GPU_CV 519mW/571mW VDD_SOC 1040mW/1050mW
08-23-2026 04:09:09 RAM 2922/7620MB (lfb 5x4MB) SWAP 0/12002MB (cached 0MB) CPU [7%@729,1%@729,1%@729,1%@729,1%@729,1%@729] GR3D_FREQ 0% cpu@44.593C soc2@43.968C soc0@42.656C gpu@44.312C tj@44.593C soc1@42.593C VDD_IN 3240mW/3356mW VDD_CPU_GPU_CV 519mW/571mW VDD_SOC 1040mW/1050mW
08-23-2026 04:09:10 RAM 2923/7620MB (lfb 5x4MB) SWAP 0/12002MB (cached 0MB) CPU [5%@729,0%@729,1%@729,0%@729,2%@729,5%@729] GR3D_FREQ 0% cpu@44.812C soc2@44C soc0@42.468C gpu@44C tj@44.812C soc1@42.75C VDD_IN 3240mW/3356mW VDD_CPU_GPU_CV 559mW/571mW VDD_SOC 1040mW/1049mW
08-23-2026 04:09:11 RAM 2923/7620MB (lfb 5x4MB) SWAP 0/12002MB (cached 0MB) CPU [6%@729,0%@729,1%@729,1%@729,2%@729,1%@729] GR3D_FREQ 0% cpu@45C soc2@43.968C soc0@42.593C gpu@44.375C tj@45C soc1@42.5C VDD_IN 3280mW/3356mW VDD_CPU_GPU_CV 519mW/571mW VDD_SOC 1040mW/1049mW
08-23-2026 04:09:12 RAM 2923/7620MB (lfb 5x4MB) SWAP 0/12002MB (cached 0MB) CPU [5%@729,1%@729,1%@729,0%@729,1%@729,1%@729] GR3D_FREQ 0% cpu@44.687C soc2@44.125C soc0@42.718C gpu@44.375C tj@44.687C soc1@42.625C VDD_IN 3240mW/3355mW VDD_CPU_GPU_CV 559mW/571mW VDD_SOC 1040mW/1049mW
08-23-2026 04:09:13 RAM 2923/7620MB (lfb 5x4MB) SWAP 0/12002MB (cached 0MB) CPU [5%@729,1%@729,0%@729,2%@729,1%@729,2%@729] GR3D_FREQ 0% cpu@44.781C soc2@43.968C soc0@42.656C gpu@44.031C tj@44.781C soc1@42.75C VDD_IN 3240mW/3355mW VDD_CPU_GPU_CV 519mW/571mW VDD_SOC 1040mW/1049mW
08-23-2026 04:09:14 RAM 2925/7620MB (lfb 5x4MB) SWAP 0/12002MB (cached 0MB) CPU [6%@729,2%@729,3%@729,1%@729,3%@729,6%@729] GR3D_FREQ 0% cpu@44.875C soc2@44.062C soc0@42.593C gpu@44.343C tj@44.843C soc1@42.562C VDD_IN 3280mW/3355mW VDD_CPU_GPU_CV 559mW/571mW VDD_SOC 1040mW/1049mW
08-23-2026 04:09:15 RAM 2927/7620MB (lfb 5x4MB) SWAP 0/12002MB (cached 0MB) CPU [5%@729,0%@729,1%@729,3%@729,3%@729,4%@729] GR3D_FREQ 0% cpu@44.687C soc2@44.031C soc0@42.437C gpu@44.343C tj@44.687C soc1@42.625C VDD_IN 3280mW/3354mW VDD_CPU_GPU_CV 559mW/571mW VDD_SOC 1040mW/1049mW
08-23-2026 04:09:16 RAM 2927/7620MB (lfb 5x4MB) SWAP 0/12002MB (cached 0MB) CPU [5%@729,1%@729,1%@729,1%@729,1%@729,0%@729] GR3D_FREQ 0% cpu@44.937C soc2@44.062C soc0@42.531C gpu@43.937C tj@44.937C soc1@42.75C VDD_IN 3240mW/3354mW VDD_CPU_GPU_CV 519mW/570mW VDD_SOC 1040mW/1049mW
08-23-2026 04:09:17 RAM 2927/7620MB (lfb 5x4MB) SWAP 0/12002MB (cached 0MB) CPU [4%@729,1%@729,1%@729,0%@729,1%@729,1%@729] GR3D_FREQ 0% cpu@44.562C soc2@44C soc0@42.625C gpu@44.312C tj@44.562C soc1@42.531C VDD_IN 3240mW/3354mW VDD_CPU_GPU_CV 519mW/570mW VDD_SOC 1040mW/1049mW
08-23-2026 04:09:18 RAM 2928/7620MB (lfb 5x4MB) SWAP 0/12002MB (cached 0MB) CPU [5%@729,3%@729,0%@729,2%@729,0%@729,2%@729] GR3D_FREQ 0% cpu@44.656C soc2@44.031C soc0@42.468C gpu@44C tj@44.656C soc1@42.625C VDD_IN 3240mW/3353mW VDD_CPU_GPU_CV 519mW/570mW VDD_SOC 1040mW/1049mW
08-23-2026 04:09:19 RAM 2929/7620MB (lfb 5x4MB) SWAP 0/12002MB (cached 0MB) CPU [7%@729,0%@729,0%@729,1%@729,1%@729,1%@729] GR3D_FREQ 0% cpu@44.875C soc2@43.968C soc0@42.5C gpu@44.125C tj@44.875C soc1@42.718C VDD_IN 3240mW/3353mW VDD_CPU_GPU_CV 519mW/570mW VDD_SOC 1040mW/1049mW
08-23-2026 04:09:20 RAM 2929/7620MB (lfb 5x4MB) SWAP 0/12002MB (cached 0MB) CPU [6%@729,0%@729,1%@729,2%@729,1%@729,1%@729] GR3D_FREQ 0% cpu@44.531C soc2@44.031C soc0@42.625C gpu@44.406C tj@44.531C soc1@42.5C VDD_IN 3240mW/3353mW VDD_CPU_GPU_CV 519mW/570mW VDD_SOC 1040mW/1049mW
08-23-2026 04:09:21 RAM 2929/7620MB (lfb 5x4MB) SWAP 0/12002MB (cached 0MB) CPU [6%@729,0%@729,0%@729,1%@729,1%@729,0%@729] GR3D_FREQ 0% cpu@44.687C soc2@44C soc0@42.5C gpu@44.031C tj@44.687C soc1@42.562C VDD_IN 3240mW/3352mW VDD_CPU_GPU_CV 519mW/570mW VDD_SOC 1040mW/1049mW
08-23-2026 04:09:22 RAM 2930/7620MB (lfb 5x4MB) SWAP 0/12002MB (cached 0MB) CPU [7%@729,1%@729,2%@729,1%@729,1%@729,1%@729] GR3D_FREQ 0% cpu@44.718C soc2@43.968C soc0@42.531C gpu@44.093C tj@44.593C soc1@42.718C VDD_IN 3240mW/3352mW VDD_CPU_GPU_CV 519mW/569mW VDD_SOC 1040mW/1049mW
08-23-2026 04:09:23 RAM 2930/7620MB (lfb 5x4MB) SWAP 0/12002MB (cached 0MB) CPU [6%@729,2%@729,2%@729,2%@729,1%@729,0%@729] GR3D_FREQ 0% cpu@44.656C soc2@43.968C soc0@42.562C gpu@44.406C tj@44.656C soc1@42.531C VDD_IN 3280mW/3352mW VDD_CPU_GPU_CV 559mW/569mW VDD_SOC 1040mW/1049mW
08-23-2026 04:09:24 RAM 2930/7620MB (lfb 5x4MB) SWAP 0/12002MB (cached 0MB) CPU [4%@729,2%@729,0%@729,1%@729,0%@729,2%@729] GR3D_FREQ 0% cpu@44.781C soc2@44.093C soc0@42.468C gpu@44.031C tj@44.781C soc1@42.625C VDD_IN 3240mW/3351mW VDD_CPU_GPU_CV 519mW/569mW VDD_SOC 1040mW/1049mW
08-23-2026 04:09:25 RAM 2930/7620MB (lfb 5x4MB) SWAP 0/12002MB (cached 0MB) CPU [5%@729,0%@729,0%@729,0%@729,1%@729,2%@729] GR3D_FREQ 0% cpu@44.531C soc2@44.031C soc0@42.531C gpu@44.437C tj@44.531C soc1@42.718C VDD_IN 3240mW/3351mW VDD_CPU_GPU_CV 519mW/569mW VDD_SOC 1040mW/1049mW
08-23-2026 04:09:26 RAM 2929/7620MB (lfb 5x4MB) SWAP 0/12002MB (cached 0MB) CPU [5%@729,2%@729,0%@729,1%@729,1%@729,1%@729] GR3D_FREQ 0% cpu@44.562C soc2@44C soc0@42.562C gpu@43.937C tj@44.562C soc1@42.625C VDD_IN 3240mW/3351mW VDD_CPU_GPU_CV 519mW/569mW VDD_SOC 1040mW/1049mW
08-23-2026 04:09:27 RAM 2930/7620MB (lfb 5x4MB) SWAP 0/12002MB (cached 0MB) CPU [6%@729,1%@729,2%@729,0%@729,1%@729,0%@729] GR3D_FREQ 0% cpu@44.656C soc2@44.062C soc0@42.437C gpu@44C tj@44.656C soc1@42.625C VDD_IN 3240mW/3350mW VDD_CPU_GPU_CV 519mW/569mW VDD_SOC 1040mW/1049mW
08-23-2026 04:09:28 RAM 2930/7620MB (lfb 5x4MB) SWAP 0/12002MB (cached 0MB) CPU [7%@729,0%@729,2%@729,3%@729,1%@729,2%@729] GR3D_FREQ 0% cpu@44.906C soc2@43.906C soc0@42.5C gpu@43.906C tj@44.906C soc1@42.468C VDD_IN 3240mW/3350mW VDD_CPU_GPU_CV 519mW/569mW VDD_SOC 1040mW/1049mW
08-23-2026 04:09:29 RAM 2931/7620MB (lfb 5x4MB) SWAP 0/12002MB (cached 0MB) CPU [8%@729,1%@729,7%@729,3%@729,3%@729,2%@729] GR3D_FREQ 0% cpu@44.562C soc2@43.937C soc0@42.625C gpu@43.937C tj@44.562C soc1@42.562C VDD_IN 3280mW/3350mW VDD_CPU_GPU_CV 559mW/569mW VDD_SOC 1040mW/1049mW
08-23-2026 04:09:30 RAM 2928/7620MB (lfb 5x4MB) SWAP 0/12002MB (cached 0MB) CPU [6%@729,1%@729,3%@729,3%@729,3%@729,3%@729] GR3D_FREQ 0% cpu@45.062C soc2@43.968C soc0@42.531C gpu@44C tj@45.062C soc1@42.687C VDD_IN 3240mW/3349mW VDD_CPU_GPU_CV 519mW/568mW VDD_SOC 1040mW/1049mW
08-23-2026 04:09:31 RAM 2929/7620MB (lfb 5x4MB) SWAP 0/12002MB (cached 0MB) CPU [6%@729,3%@729,0%@729,0%@729,0%@729,1%@729] GR3D_FREQ 0% cpu@44.656C soc2@44.031C soc0@42.562C gpu@43.937C tj@44.656C soc1@42.468C VDD_IN 3240mW/3349mW VDD_CPU_GPU_CV 519mW/568mW VDD_SOC 1040mW/1049mW
08-23-2026 04:09:32 RAM 2929/7620MB (lfb 5x4MB) SWAP 0/12002MB (cached 0MB) CPU [6%@729,0%@729,2%@729,1%@729,0%@729,2%@729] GR3D_FREQ 0% cpu@44.687C soc2@44.093C soc0@42.468C gpu@44.093C tj@44.687C soc1@42.562C VDD_IN 3240mW/3349mW VDD_CPU_GPU_CV 519mW/568mW VDD_SOC 1040mW/1049mW
08-23-2026 04:09:33 RAM 2929/7620MB (lfb 5x4MB) SWAP 0/12002MB (cached 0MB) CPU [5%@729,1%@729,1%@729,0%@729,1%@729,1%@729] GR3D_FREQ 0% cpu@44.812C soc2@43.937C soc0@42.562C gpu@43.906C tj@44.812C soc1@42.687C VDD_IN 3240mW/3348mW VDD_CPU_GPU_CV 519mW/568mW VDD_SOC 1040mW/1049mW
08-23-2026 04:09:35 RAM 2929/7620MB (lfb 5x4MB) SWAP 0/12002MB (cached 0MB) CPU [8%@729,0%@729,4%@729,2%@729,2%@729,3%@729] GR3D_FREQ 0% cpu@44.687C soc2@44.031C soc0@42.562C gpu@43.937C tj@44.687C soc1@42.562C VDD_IN 3240mW/3348mW VDD_CPU_GPU_CV 559mW/568mW VDD_SOC 1040mW/1049mW
08-23-2026 04:09:36 RAM 2929/7620MB (lfb 5x4MB) SWAP 0/12002MB (cached 0MB) CPU [5%@729,3%@729,3%@729,2%@729,1%@729,3%@729] GR3D_FREQ 0% cpu@44.687C soc2@44.031C soc0@42.5C gpu@44.125C tj@44.687C soc1@42.625C VDD_IN 3240mW/3348mW VDD_CPU_GPU_CV 559mW/568mW VDD_SOC 1040mW/1049mW
08-23-2026 04:09:37 RAM 2929/7620MB (lfb 5x4MB) SWAP 0/12002MB (cached 0MB) CPU [7%@729,2%@729,0%@729,1%@729,0%@729,0%@729] GR3D_FREQ 0% cpu@44.781C soc2@43.968C soc0@42.5C gpu@43.937C tj@44.656C soc1@42.75C VDD_IN 3240mW/3347mW VDD_CPU_GPU_CV 519mW/568mW VDD_SOC 1040mW/1049mW
08-23-2026 04:09:38 RAM 2929/7620MB (lfb 5x4MB) SWAP 0/12002MB (cached 0MB) CPU [6%@729,2%@729,2%@729,0%@729,1%@729,2%@729] GR3D_FREQ 0% cpu@44.687C soc2@44.062C soc0@42.593C gpu@44.031C tj@44.687C soc1@42.625C VDD_IN 3240mW/3347mW VDD_CPU_GPU_CV 519mW/568mW VDD_SOC 1040mW/1049mW
08-23-2026 04:09:39 RAM 2928/7620MB (lfb 5x4MB) SWAP 0/12002MB (cached 0MB) CPU [6%@729,1%@729,0%@729,0%@729,0%@729,0%@729] GR3D_FREQ 0% cpu@44.812C soc2@43.937C soc0@42.468C gpu@44.031C tj@44.812C soc1@42.656C VDD_IN 3240mW/3347mW VDD_CPU_GPU_CV 519mW/567mW VDD_SOC 1040mW/1049mW
08-23-2026 04:09:40 RAM 2929/7620MB (lfb 5x4MB) SWAP 0/12002MB (cached 0MB) CPU [7%@729,0%@729,1%@729,0%@729,1%@729,1%@729] GR3D_FREQ 0% cpu@44.531C soc2@44.062C soc0@42.593C gpu@43.812C tj@44.531C soc1@42.593C VDD_IN 3240mW/3346mW VDD_CPU_GPU_CV 519mW/567mW VDD_SOC 1040mW/1049mW
08-23-2026 04:09:41 RAM 2930/7620MB (lfb 5x4MB) SWAP 0/12002MB (cached 0MB) CPU [4%@729,1%@729,1%@729,0%@729,1%@729,1%@729] GR3D_FREQ 0% cpu@44.687C soc2@44.031C soc0@42.718C gpu@44.062C tj@44.687C soc1@42.625C VDD_IN 3240mW/3346mW VDD_CPU_GPU_CV 519mW/567mW VDD_SOC 1040mW/1049mW
08-23-2026 04:09:42 RAM 2930/7620MB (lfb 5x4MB) SWAP 0/12002MB (cached 0MB) CPU [6%@729,1%@729,1%@729,0%@729,2%@729,0%@729] GR3D_FREQ 0% cpu@44.687C soc2@43.937C soc0@42.5C gpu@44.093C tj@44.687C soc1@42.625C VDD_IN 3240mW/3346mW VDD_CPU_GPU_CV 519mW/567mW VDD_SOC 1040mW/1049mW
08-23-2026 04:09:43 RAM 2929/7620MB (lfb 5x4MB) SWAP 0/12002MB (cached 0MB) CPU [6%@729,2%@729,3%@729,2%@729,2%@729,2%@729] GR3D_FREQ 0% cpu@44.968C soc2@44.031C soc0@42.562C gpu@43.937C tj@44.968C soc1@42.562C VDD_IN 3240mW/3345mW VDD_CPU_GPU_CV 519mW/567mW VDD_SOC 1040mW/1049mW
08-23-2026 04:09:44 RAM 2930/7620MB (lfb 5x4MB) SWAP 0/12002MB (cached 0MB) CPU [7%@729,2%@729,3%@729,2%@729,1%@729,0%@729] GR3D_FREQ 0% cpu@44.687C soc2@44C soc0@42.593C gpu@43.968C tj@44.687C soc1@42.593C VDD_IN 3240mW/3345mW VDD_CPU_GPU_CV 519mW/567mW VDD_SOC 1040mW/1049mW
08-23-2026 04:09:45 RAM 2929/7620MB (lfb 5x4MB) SWAP 0/12002MB (cached 0MB) CPU [6%@729,2%@729,3%@729,2%@729,6%@729,5%@729] GR3D_FREQ 0% cpu@44.625C soc2@43.937C soc0@42.468C gpu@43.937C tj@44.593C soc1@42.718C VDD_IN 3240mW/3345mW VDD_CPU_GPU_CV 559mW/567mW VDD_SOC 1040mW/1048mW
08-23-2026 04:09:46 RAM 2929/7620MB (lfb 5x4MB) SWAP 0/12002MB (cached 0MB) CPU [8%@729,3%@729,3%@729,2%@729,1%@729,3%@729] GR3D_FREQ 0% cpu@44.781C soc2@43.937C soc0@42.562C gpu@43.937C tj@44.781C soc1@42.531C VDD_IN 3240mW/3345mW VDD_CPU_GPU_CV 519mW/567mW VDD_SOC 1040mW/1048mW
08-23-2026 04:09:47 RAM 2929/7620MB (lfb 5x4MB) SWAP 0/12002MB (cached 0MB) CPU [6%@729,2%@729,2%@729,0%@729,0%@729,1%@729] GR3D_FREQ 0% cpu@44.656C soc2@44.062C soc0@42.531C gpu@44C tj@44.656C soc1@42.531C VDD_IN 3240mW/3344mW VDD_CPU_GPU_CV 519mW/566mW VDD_SOC 1040mW/1048mW
08-23-2026 04:09:48 RAM 2929/7620MB (lfb 5x4MB) SWAP 0/12002MB (cached 0MB) CPU [6%@729,2%@729,0%@729,1%@729,0%@729,2%@729] GR3D_FREQ 0% cpu@44.843C soc2@43.937C soc0@42.562C gpu@43.937C tj@44.843C soc1@42.437C VDD_IN 3240mW/3344mW VDD_CPU_GPU_CV 519mW/566mW VDD_SOC 1040mW/1048mW
08-23-2026 04:09:49 RAM 2929/7620MB (lfb 5x4MB) SWAP 0/12002MB (cached 0MB) CPU [6%@729,1%@729,1%@729,0%@729,2%@729,1%@729] GR3D_FREQ 0% cpu@44.562C soc2@44C soc0@42.593C gpu@44C tj@44.562C soc1@42.468C VDD_IN 3240mW/3344mW VDD_CPU_GPU_CV 519mW/566mW VDD_SOC 1040mW/1048mW
08-23-2026 04:09:50 RAM 2929/7620MB (lfb 5x4MB) SWAP 0/12002MB (cached 0MB) CPU [5%@729,1%@729,0%@729,1%@729,1%@729,1%@729] GR3D_FREQ 0% cpu@44.593C soc2@44C soc0@42.468C gpu@44.125C tj@44.593C soc1@42.531C VDD_IN 3240mW/3343mW VDD_CPU_GPU_CV 519mW/566mW VDD_SOC 1040mW/1048mW
08-23-2026 04:09:51 RAM 2929/7620MB (lfb 5x4MB) SWAP 0/12002MB (cached 0MB) CPU [6%@729,0%@729,0%@729,2%@729,1%@729,1%@729] GR3D_FREQ 0% cpu@44.75C soc2@43.968C soc0@42.468C gpu@43.906C tj@44.75C soc1@42.437C VDD_IN 3240mW/3343mW VDD_CPU_GPU_CV 519mW/566mW VDD_SOC 1040mW/1048mW
08-23-2026 04:09:52 RAM 2928/7620MB (lfb 5x4MB) SWAP 0/12002MB (cached 0MB) CPU [6%@729,2%@729,1%@729,0%@729,1%@729,0%@729] GR3D_FREQ 0% cpu@44.468C soc2@44C soc0@42.562C gpu@44.031C tj@44.468C soc1@42.5C VDD_IN 3240mW/3343mW VDD_CPU_GPU_CV 519mW/566mW VDD_SOC 1040mW/1048mW
08-23-2026 04:09:53 RAM 2928/7620MB (lfb 5x4MB) SWAP 0/12002MB (cached 0MB) CPU [5%@729,1%@729,2%@729,2%@729,1%@729,2%@729] GR3D_FREQ 0% cpu@44.625C soc2@44.031C soc0@42.437C gpu@44.093C tj@44.75C soc1@42.625C VDD_IN 3240mW/3342mW VDD_CPU_GPU_CV 519mW/566mW VDD_SOC 1040mW/1048mW
08-23-2026 04:09:54 RAM 2929/7620MB (lfb 5x4MB) SWAP 0/12002MB (cached 0MB) CPU [6%@729,3%@729,0%@729,0%@729,0%@729,1%@729] GR3D_FREQ 0% cpu@44.562C soc2@44C soc0@42.531C gpu@43.875C tj@44.562C soc1@42.468C VDD_IN 3240mW/3342mW VDD_CPU_GPU_CV 519mW/565mW VDD_SOC 1040mW/1048mW
08-23-2026 04:09:55 RAM 2929/7620MB (lfb 5x4MB) SWAP 0/12002MB (cached 0MB) CPU [5%@729,1%@729,2%@729,0%@729,1%@729,1%@729] GR3D_FREQ 0% cpu@44.687C soc2@43.937C soc0@42.625C gpu@44.062C tj@44.687C soc1@42.468C VDD_IN 3240mW/3342mW VDD_CPU_GPU_CV 519mW/565mW VDD_SOC 1040mW/1048mW
08-23-2026 04:09:56 RAM 2928/7620MB (lfb 5x4MB) SWAP 0/12002MB (cached 0MB) CPU [6%@729,3%@729,0%@729,1%@729,0%@729,0%@729] GR3D_FREQ 0% cpu@44.718C soc2@44.031C soc0@42.468C gpu@43.937C tj@44.718C soc1@42.718C VDD_IN 3240mW/3342mW VDD_CPU_GPU_CV 519mW/565mW VDD_SOC 1040mW/1048mW
08-23-2026 04:09:57 RAM 2928/7620MB (lfb 5x4MB) SWAP 0/12002MB (cached 0MB) CPU [8%@729,1%@729,1%@729,0%@729,1%@729,2%@729] GR3D_FREQ 0% cpu@44.437C soc2@43.937C soc0@42.531C gpu@43.875C tj@44.437C soc1@42.468C VDD_IN 3240mW/3341mW VDD_CPU_GPU_CV 519mW/565mW VDD_SOC 1040mW/1048mW
08-23-2026 04:09:58 RAM 2929/7620MB (lfb 5x4MB) SWAP 0/12002MB (cached 0MB) CPU [5%@729,2%@729,4%@729,4%@729,3%@729,5%@729] GR3D_FREQ 0% cpu@44.656C soc2@44.093C soc0@42.625C gpu@44.062C tj@44.656C soc1@42.437C VDD_IN 3280mW/3341mW VDD_CPU_GPU_CV 559mW/565mW VDD_SOC 1040mW/1048mW
08-23-2026 04:09:59 RAM 2929/7620MB (lfb 5x4MB) SWAP 0/12002MB (cached 0MB) CPU [5%@1190,1%@1190,4%@1190,2%@1190,1%@806,1%@806] GR3D_FREQ 0% cpu@44.687C soc2@43.968C soc0@42.562C gpu@43.906C tj@44.687C soc1@42.531C VDD_IN 3280mW/3341mW VDD_CPU_GPU_CV 559mW/565mW VDD_SOC 1040mW/1048mW
08-23-2026 04:10:00 RAM 2929/7620MB (lfb 5x4MB) SWAP 0/12002MB (cached 0MB) CPU [6%@729,4%@729,3%@729,2%@729,2%@729,4%@729] GR3D_FREQ 0% cpu@44.875C soc2@43.937C soc0@42.437C gpu@43.906C tj@44.875C soc1@42.718C VDD_IN 3240mW/3341mW VDD_CPU_GPU_CV 519mW/565mW VDD_SOC 1040mW/1048mW
08-23-2026 04:10:01 RAM 2930/7620MB (lfb 5x4MB) SWAP 0/12002MB (cached 0MB) CPU [5%@729,3%@729,3%@729,4%@729,2%@729,3%@729] GR3D_FREQ 0% cpu@44.562C soc2@43.937C soc0@42.625C gpu@44.156C tj@44.562C soc1@42.5C VDD_IN 3240mW/3340mW VDD_CPU_GPU_CV 519mW/565mW VDD_SOC 1040mW/1048mW
08-23-2026 04:10:02 RAM 2931/7620MB (lfb 5x4MB) SWAP 0/12002MB (cached 0MB) CPU [6%@729,1%@729,0%@729,1%@729,1%@729,1%@729] GR3D_FREQ 0% cpu@44.625C soc2@43.906C soc0@42.437C gpu@43.906C tj@44.843C soc1@42.593C VDD_IN 3240mW/3340mW VDD_CPU_GPU_CV 519mW/565mW VDD_SOC 1040mW/1048mW
08-23-2026 04:10:03 RAM 2931/7620MB (lfb 5x4MB) SWAP 0/12002MB (cached 0MB) CPU [6%@729,1%@729,1%@729,2%@729,1%@729,4%@729] GR3D_FREQ 0% cpu@44.625C soc2@43.937C soc0@42.5C gpu@43.937C tj@44.625C soc1@42.437C VDD_IN 3280mW/3340mW VDD_CPU_GPU_CV 519mW/564mW VDD_SOC 1040mW/1048mW
08-23-2026 04:10:04 RAM 2930/7620MB (lfb 5x4MB) SWAP 0/12002MB (cached 0MB) CPU [7%@960,0%@960,3%@960,3%@960,3%@960,6%@960] GR3D_FREQ 0% cpu@44.687C soc2@44.093C soc0@42.593C gpu@44.062C tj@44.687C soc1@42.5C VDD_IN 3360mW/3340mW VDD_CPU_GPU_CV 599mW/565mW VDD_SOC 1040mW/1048mW
08-23-2026 04:10:05 RAM 2931/7620MB (lfb 5x4MB) SWAP 0/12002MB (cached 0MB) CPU [10%@729,5%@729,1%@729,1%@729,1%@729,2%@729] GR3D_FREQ 0% cpu@44.75C soc2@43.906C soc0@42.437C gpu@43.937C tj@44.75C soc1@42.562C VDD_IN 3240mW/3340mW VDD_CPU_GPU_CV 519mW/564mW VDD_SOC 1040mW/1048mW
08-23-2026 04:10:06 RAM 2931/7620MB (lfb 5x4MB) SWAP 0/12002MB (cached 0MB) CPU [6%@729,2%@729,2%@729,3%@729,3%@729,3%@729] GR3D_FREQ 0% cpu@44.625C soc2@43.937C soc0@42.5C gpu@44.156C tj@44.625C soc1@42.437C VDD_IN 3240mW/3339mW VDD_CPU_GPU_CV 519mW/564mW VDD_SOC 1040mW/1048mW
08-23-2026 04:10:07 RAM 2930/7620MB (lfb 5x4MB) SWAP 0/12002MB (cached 0MB) CPU [6%@729,5%@729,0%@729,1%@729,0%@729,0%@729] GR3D_FREQ 0% cpu@44.625C soc2@44.062C soc0@42.5C gpu@44.218C tj@44.625C soc1@42.531C VDD_IN 3240mW/3339mW VDD_CPU_GPU_CV 519mW/564mW VDD_SOC 1040mW/1048mW
08-23-2026 04:10:08 RAM 2930/7620MB (lfb 5x4MB) SWAP 0/12002MB (cached 0MB) CPU [6%@729,3%@729,2%@729,2%@729,0%@729,3%@729] GR3D_FREQ 0% cpu@44.75C soc2@43.937C soc0@42.468C gpu@43.906C tj@44.75C soc1@42.625C VDD_IN 3240mW/3339mW VDD_CPU_GPU_CV 519mW/564mW VDD_SOC 1040mW/1048mW
08-23-2026 04:10:09 RAM 2931/7620MB (lfb 5x4MB) SWAP 0/12002MB (cached 0MB) CPU [5%@729,2%@729,2%@729,2%@729,4%@729,1%@729] GR3D_FREQ 0% cpu@44.531C soc2@43.937C soc0@42.562C gpu@44.156C tj@44.531C soc1@42.437C VDD_IN 3240mW/3339mW VDD_CPU_GPU_CV 519mW/564mW VDD_SOC 1040mW/1048mW
08-23-2026 04:10:10 RAM 2932/7620MB (lfb 5x4MB) SWAP 0/12002MB (cached 0MB) CPU [5%@729,1%@729,2%@729,0%@729,1%@729,1%@729] GR3D_FREQ 0% cpu@44.562C soc2@44C soc0@42.406C gpu@44.093C tj@44.562C soc1@42.468C VDD_IN 3240mW/3338mW VDD_CPU_GPU_CV 519mW/564mW VDD_SOC 1040mW/1048mW
08-23-2026 04:10:11 RAM 2932/7620MB (lfb 5x4MB) SWAP 0/12002MB (cached 0MB) CPU [6%@729,1%@729,2%@729,0%@729,4%@729,6%@729] GR3D_FREQ 0% cpu@44.656C soc2@43.937C soc0@42.468C gpu@43.906C tj@44.5C soc1@42.562C VDD_IN 3240mW/3338mW VDD_CPU_GPU_CV 519mW/564mW VDD_SOC 1040mW/1048mW
08-23-2026 04:10:12 RAM 2930/7620MB (lfb 5x4MB) SWAP 0/12002MB (cached 0MB) CPU [6%@729,5%@729,1%@729,0%@729,1%@729,2%@729] GR3D_FREQ 0% cpu@44.781C soc2@43.937C soc0@42.562C gpu@44.093C tj@44.781C soc1@42.437C VDD_IN 3240mW/3338mW VDD_CPU_GPU_CV 519mW/564mW VDD_SOC 1040mW/1048mW
08-23-2026 04:10:13 RAM 2931/7620MB (lfb 5x4MB) SWAP 0/12002MB (cached 0MB) CPU [9%@729,1%@729,3%@729,5%@729,2%@729,3%@729] GR3D_FREQ 0% cpu@44.687C soc2@43.937C soc0@42.437C gpu@44.156C tj@44.687C soc1@42.562C VDD_IN 3280mW/3338mW VDD_CPU_GPU_CV 559mW/564mW VDD_SOC 1040mW/1048mW
08-23-2026 04:10:14 RAM 2931/7620MB (lfb 5x4MB) SWAP 0/12002MB (cached 0MB) CPU [6%@729,2%@729,3%@729,1%@729,3%@729,4%@729] GR3D_FREQ 0% cpu@44.906C soc2@43.968C soc0@42.5C gpu@43.968C tj@44.906C soc1@42.656C VDD_IN 3400mW/3338mW VDD_CPU_GPU_CV 599mW/564mW VDD_SOC 1080mW/1048mW
08-23-2026 04:10:15 RAM 2927/7620MB (lfb 5x4MB) SWAP 0/12002MB (cached 0MB) CPU [7%@729,2%@729,2%@729,1%@729,4%@729,7%@729] GR3D_FREQ 0% cpu@44.593C soc2@43.937C soc0@42.593C gpu@44.093C tj@44.593C soc1@42.468C VDD_IN 3320mW/3338mW VDD_CPU_GPU_CV 599mW/564mW VDD_SOC 1040mW/1048mW
08-23-2026 04:10:16 RAM 2928/7620MB (lfb 5x4MB) SWAP 0/12002MB (cached 0MB) CPU [5%@729,4%@729,2%@729,0%@729,0%@729,1%@729] GR3D_FREQ 0% cpu@44.625C soc2@43.968C soc0@42.375C gpu@44.062C tj@44.625C soc1@42.437C VDD_IN 3240mW/3337mW VDD_CPU_GPU_CV 519mW/564mW VDD_SOC 1040mW/1048mW
08-23-2026 04:10:17 RAM 2929/7620MB (lfb 5x4MB) SWAP 0/12002MB (cached 0MB) CPU [6%@729,2%@729,1%@729,2%@729,0%@729,0%@729] GR3D_FREQ 0% cpu@44.812C soc2@43.906C soc0@42.375C gpu@43.906C tj@44.812C soc1@42.625C VDD_IN 3240mW/3337mW VDD_CPU_GPU_CV 519mW/564mW VDD_SOC 1040mW/1048mW
08-23-2026 04:10:18 RAM 2929/7620MB (lfb 5x4MB) SWAP 0/12002MB (cached 0MB) CPU [8%@729,2%@729,2%@729,4%@729,1%@729,2%@729] GR3D_FREQ 0% cpu@44.5C soc2@43.937C soc0@42.562C gpu@43.937C tj@44.5C soc1@42.437C VDD_IN 3280mW/3337mW VDD_CPU_GPU_CV 559mW/563mW VDD_SOC 1040mW/1048mW
08-23-2026 04:10:19 RAM 2930/7620MB (lfb 5x4MB) SWAP 0/12002MB (cached 0MB) CPU [6%@729,1%@729,2%@729,2%@729,2%@729,0%@729] GR3D_FREQ 0% cpu@44.562C soc2@43.937C soc0@42.5C gpu@44.187C tj@44.562C soc1@42.468C VDD_IN 3240mW/3337mW VDD_CPU_GPU_CV 519mW/563mW VDD_SOC 1040mW/1048mW
08-23-2026 04:10:20 RAM 2931/7620MB (lfb 5x4MB) SWAP 0/12002MB (cached 0MB) CPU [6%@729,3%@729,1%@729,0%@729,2%@729,1%@729] GR3D_FREQ 0% cpu@44.656C soc2@43.937C soc0@42.468C gpu@43.937C tj@44.656C soc1@42.625C VDD_IN 3240mW/3337mW VDD_CPU_GPU_CV 519mW/563mW VDD_SOC 1040mW/1048mW
08-23-2026 04:10:21 RAM 2925/7620MB (lfb 5x4MB) SWAP 0/12002MB (cached 0MB) CPU [6%@729,2%@729,3%@729,2%@729,4%@729,1%@729] GR3D_FREQ 0% cpu@44.468C soc2@43.968C soc0@42.437C gpu@43.906C tj@44.468C soc1@42.375C VDD_IN 3240mW/3336mW VDD_CPU_GPU_CV 559mW/563mW VDD_SOC 1040mW/1048mW
08-23-2026 04:10:22 RAM 2926/7620MB (lfb 5x4MB) SWAP 0/12002MB (cached 0MB) CPU [5%@729,1%@729,1%@729,1%@729,1%@729,1%@729] GR3D_FREQ 0% cpu@44.5C soc2@43.906C soc0@42.593C gpu@44.218C tj@44.5C soc1@42.468C VDD_IN 3240mW/3336mW VDD_CPU_GPU_CV 519mW/563mW VDD_SOC 1040mW/1048mW
08-23-2026 04:10:23 RAM 2926/7620MB (lfb 5x4MB) SWAP 0/12002MB (cached 0MB) CPU [5%@729,2%@729,2%@729,1%@729,1%@729,3%@729] GR3D_FREQ 0% cpu@44.656C soc2@43.906C soc0@42.437C gpu@43.968C tj@44.5C soc1@42.562C VDD_IN 3240mW/3336mW VDD_CPU_GPU_CV 519mW/563mW VDD_SOC 1040mW/1048mW
08-23-2026 04:10:24 RAM 2928/7620MB (lfb 5x4MB) SWAP 0/12002MB (cached 0MB) CPU [4%@729,4%@729,4%@729,3%@729,1%@729,1%@729] GR3D_FREQ 0% cpu@44.687C soc2@43.906C soc0@42.437C gpu@43.937C tj@44.687C soc1@42.468C VDD_IN 3240mW/3336mW VDD_CPU_GPU_CV 519mW/563mW VDD_SOC 1040mW/1048mW
08-23-2026 04:10:25 RAM 2928/7620MB (lfb 5x4MB) SWAP 0/12002MB (cached 0MB) CPU [5%@729,2%@729,1%@729,4%@729,1%@729,2%@729] GR3D_FREQ 0% cpu@44.625C soc2@44C soc0@42.437C gpu@44.218C tj@44.625C soc1@42.5C VDD_IN 3240mW/3335mW VDD_CPU_GPU_CV 519mW/563mW VDD_SOC 1040mW/1048mW
08-23-2026 04:10:26 RAM 2928/7620MB (lfb 5x4MB) SWAP 0/12002MB (cached 0MB) CPU [5%@729,1%@729,1%@729,0%@729,1%@729,0%@729] GR3D_FREQ 0% cpu@44.812C soc2@43.906C soc0@42.437C gpu@43.906C tj@44.812C soc1@42.562C VDD_IN 3200mW/3335mW VDD_CPU_GPU_CV 519mW/563mW VDD_SOC 1040mW/1048mW
08-23-2026 04:10:27 RAM 2929/7620MB (lfb 5x4MB) SWAP 0/12002MB (cached 0MB) CPU [5%@729,1%@729,1%@729,3%@729,2%@729,2%@729] GR3D_FREQ 0% cpu@44.562C soc2@43.937C soc0@42.5C gpu@43.937C tj@44.531C soc1@42.437C VDD_IN 3240mW/3335mW VDD_CPU_GPU_CV 519mW/563mW VDD_SOC 1040mW/1048mW
08-23-2026 04:10:28 RAM 2930/7620MB (lfb 5x4MB) SWAP 0/12002MB (cached 0MB) CPU [5%@729,2%@729,1%@729,1%@729,3%@729,3%@729] GR3D_FREQ 0% cpu@44.593C soc2@43.968C soc0@42.437C gpu@44.25C tj@44.593C soc1@42.437C VDD_IN 3240mW/3334mW VDD_CPU_GPU_CV 559mW/563mW VDD_SOC 1040mW/1048mW
08-23-2026 04:10:29 RAM 2930/7620MB (lfb 5x4MB) SWAP 0/12002MB (cached 0MB) CPU [7%@729,1%@729,3%@729,5%@729,3%@729,3%@729] GR3D_FREQ 0% cpu@44.687C soc2@43.906C soc0@42.437C gpu@43.937C tj@44.687C soc1@42.656C VDD_IN 3360mW/3334mW VDD_CPU_GPU_CV 599mW/563mW VDD_SOC 1080mW/1048mW
08-23-2026 04:10:30 RAM 2932/7620MB (lfb 4x4MB) SWAP 0/12002MB (cached 0MB) CPU [8%@729,2%@729,6%@729,3%@729,3%@729,2%@729] GR3D_FREQ 0% cpu@44.468C soc2@43.937C soc0@42.468C gpu@43.937C tj@44.468C soc1@42.437C VDD_IN 3280mW/3334mW VDD_CPU_GPU_CV 559mW/563mW VDD_SOC 1040mW/1048mW
08-23-2026 04:10:31 RAM 2931/7620MB (lfb 4x4MB) SWAP 0/12002MB (cached 0MB) CPU [5%@729,1%@729,0%@729,1%@729,1%@729,1%@729] GR3D_FREQ 0% cpu@44.531C soc2@43.968C soc0@42.375C gpu@44.25C tj@44.531C soc1@42.531C VDD_IN 3240mW/3334mW VDD_CPU_GPU_CV 519mW/562mW VDD_SOC 1040mW/1048mW
08-23-2026 04:10:32 RAM 2932/7620MB (lfb 4x4MB) SWAP 0/12002MB (cached 0MB) CPU [9%@729,0%@729,1%@729,0%@729,2%@729,0%@729] GR3D_FREQ 0% cpu@44.593C soc2@43.906C soc0@42.437C gpu@43.937C tj@44.562C soc1@42.593C VDD_IN 3240mW/3334mW VDD_CPU_GPU_CV 519mW/562mW VDD_SOC 1040mW/1048mW
08-23-2026 04:10:33 RAM 2932/7620MB (lfb 4x4MB) SWAP 0/12002MB (cached 0MB) CPU [7%@729,3%@729,3%@729,3%@729,1%@729,2%@729] GR3D_FREQ 0% cpu@44.5C soc2@43.937C soc0@42.5C gpu@44.25C tj@44.5C soc1@42.375C VDD_IN 3240mW/3334mW VDD_CPU_GPU_CV 519mW/562mW VDD_SOC 1040mW/1048mW
08-23-2026 04:10:34 RAM 2930/7620MB (lfb 4x4MB) SWAP 0/12002MB (cached 0MB) CPU [5%@729,2%@729,0%@729,1%@729,2%@729,0%@729] GR3D_FREQ 0% cpu@44.718C soc2@43.937C soc0@42.437C gpu@43.812C tj@44.718C soc1@42.437C VDD_IN 3240mW/3333mW VDD_CPU_GPU_CV 519mW/562mW VDD_SOC 1040mW/1048mW
08-23-2026 04:10:35 RAM 2930/7620MB (lfb 4x4MB) SWAP 0/12002MB (cached 0MB) CPU [5%@729,0%@729,2%@729,1%@729,0%@729,1%@729] GR3D_FREQ 0% cpu@44.437C soc2@43.875C soc0@42.5C gpu@43.906C tj@44.437C soc1@42.562C VDD_IN 3240mW/3333mW VDD_CPU_GPU_CV 519mW/562mW VDD_SOC 1040mW/1048mW
08-23-2026 04:10:36 RAM 2931/7620MB (lfb 4x4MB) SWAP 0/12002MB (cached 0MB) CPU [5%@729,1%@729,1%@729,1%@729,0%@729,1%@729] GR3D_FREQ 0% cpu@44.531C soc2@43.937C soc0@42.5C gpu@43.875C tj@44.531C soc1@42.437C VDD_IN 3240mW/3333mW VDD_CPU_GPU_CV 519mW/562mW VDD_SOC 1040mW/1048mW
08-23-2026 04:10:37 RAM 2932/7620MB (lfb 4x4MB) SWAP 0/12002MB (cached 0MB) CPU [5%@729,1%@729,2%@729,0%@729,1%@729,0%@729] GR3D_FREQ 0% cpu@44.625C soc2@44C soc0@42.375C gpu@43.843C tj@44.625C soc1@42.531C VDD_IN 3240mW/3333mW VDD_CPU_GPU_CV 519mW/562mW VDD_SOC 1040mW/1047mW
08-23-2026 04:10:38 RAM 2931/7620MB (lfb 4x4MB) SWAP 0/12002MB (cached 0MB) CPU [5%@729,0%@729,1%@729,0%@729,1%@729,1%@729] GR3D_FREQ 0% cpu@44.718C soc2@43.843C soc0@42.406C gpu@43.906C tj@44.718C soc1@42.437C VDD_IN 3240mW/3332mW VDD_CPU_GPU_CV 519mW/562mW VDD_SOC 1040mW/1047mW
08-23-2026 04:10:39 RAM 2931/7620MB (lfb 4x4MB) SWAP 0/12002MB (cached 0MB) CPU [5%@729,1%@729,1%@729,1%@729,1%@729,1%@729] GR3D_FREQ 0% cpu@44.562C soc2@43.937C soc0@42.5C gpu@43.75C tj@44.562C soc1@42.437C VDD_IN 3240mW/3332mW VDD_CPU_GPU_CV 519mW/562mW VDD_SOC 1040mW/1047mW
08-23-2026 04:10:40 RAM 2932/7620MB (lfb 4x4MB) SWAP 0/12002MB (cached 0MB) CPU [4%@729,1%@729,1%@729,1%@729,1%@729,0%@729] GR3D_FREQ 0% cpu@44.562C soc2@44.031C soc0@42.343C gpu@43.812C tj@44.562C soc1@42.468C VDD_IN 3240mW/3332mW VDD_CPU_GPU_CV 519mW/561mW VDD_SOC 1040mW/1047mW
08-23-2026 04:10:41 RAM 2932/7620MB (lfb 4x4MB) SWAP 0/12002MB (cached 0MB) CPU [6%@729,1%@729,0%@729,0%@729,0%@729,2%@729] GR3D_FREQ 0% cpu@44.687C soc2@43.875C soc0@42.406C gpu@43.968C tj@44.5C soc1@42.312C VDD_IN 3240mW/3332mW VDD_CPU_GPU_CV 519mW/561mW VDD_SOC 1040mW/1047mW
08-23-2026 04:10:42 RAM 2931/7620MB (lfb 4x4MB) SWAP 0/12002MB (cached 0MB) CPU [5%@729,2%@729,1%@729,1%@729,1%@729,0%@729] GR3D_FREQ 0% cpu@44.625C soc2@43.937C soc0@42.531C gpu@43.812C tj@44.625C soc1@42.375C VDD_IN 3240mW/3331mW VDD_CPU_GPU_CV 519mW/561mW VDD_SOC 1040mW/1047mW
08-23-2026 04:10:43 RAM 2932/7620MB (lfb 4x4MB) SWAP 0/12002MB (cached 0MB) CPU [7%@729,1%@729,3%@729,2%@729,1%@729,2%@729] GR3D_FREQ 0% cpu@44.656C soc2@43.843C soc0@42.437C gpu@43.781C tj@44.656C soc1@42.5C VDD_IN 3280mW/3331mW VDD_CPU_GPU_CV 559mW/561mW VDD_SOC 1040mW/1047mW
08-23-2026 04:10:44 RAM 2932/7620MB (lfb 4x4MB) SWAP 0/12002MB (cached 0MB) CPU [6%@729,1%@729,7%@729,3%@729,4%@729,7%@729] GR3D_FREQ 0% cpu@44.531C soc2@43.906C soc0@42.406C gpu@43.968C tj@44.531C soc1@42.343C VDD_IN 3320mW/3331mW VDD_CPU_GPU_CV 559mW/561mW VDD_SOC 1040mW/1047mW
08-23-2026 04:10:45 RAM 2934/7620MB (lfb 4x4MB) SWAP 0/12002MB (cached 0MB) CPU [6%@729,0%@729,3%@729,2%@729,2%@729,5%@729] GR3D_FREQ 0% cpu@44.468C soc2@43.875C soc0@42.5C gpu@43.781C tj@44.468C soc1@42.406C VDD_IN 3280mW/3331mW VDD_CPU_GPU_CV 559mW/561mW VDD_SOC 1040mW/1047mW
08-23-2026 04:10:46 RAM 2933/7620MB (lfb 4x4MB) SWAP 0/12002MB (cached 0MB) CPU [5%@729,0%@729,1%@729,2%@729,1%@729,1%@729] GR3D_FREQ 0% cpu@44.687C soc2@43.875C soc0@42.437C gpu@43.968C tj@44.687C soc1@42.5C VDD_IN 3240mW/3331mW VDD_CPU_GPU_CV 519mW/561mW VDD_SOC 1040mW/1047mW
08-23-2026 04:10:47 RAM 2933/7620MB (lfb 4x4MB) SWAP 0/12002MB (cached 0MB) CPU [5%@729,1%@729,1%@729,1%@729,1%@729,1%@729] GR3D_FREQ 0% cpu@44.343C soc2@43.812C soc0@42.468C gpu@43.906C tj@44.343C soc1@42.375C VDD_IN 3240mW/3331mW VDD_CPU_GPU_CV 519mW/561mW VDD_SOC 1040mW/1047mW
08-23-2026 04:10:48 RAM 2932/7620MB (lfb 5x4MB) SWAP 0/12002MB (cached 0MB) CPU [5%@729,3%@729,2%@729,1%@729,0%@729,2%@729] GR3D_FREQ 0% cpu@44.5C soc2@43.937C soc0@42.375C gpu@43.75C tj@44.5C soc1@42.5C VDD_IN 3280mW/3331mW VDD_CPU_GPU_CV 559mW/561mW VDD_SOC 1040mW/1047mW
08-23-2026 04:10:49 RAM 2933/7620MB (lfb 5x4MB) SWAP 0/12002MB (cached 0MB) CPU [5%@729,0%@729,2%@729,0%@729,1%@729,1%@729] GR3D_FREQ 0% cpu@44.593C soc2@43.875C soc0@42.531C gpu@44.031C tj@44.593C soc1@42.437C VDD_IN 3240mW/3330mW VDD_CPU_GPU_CV 519mW/561mW VDD_SOC 1040mW/1047mW
08-23-2026 04:10:50 RAM 2933/7620MB (lfb 5x4MB) SWAP 0/12002MB (cached 0MB) CPU [4%@729,0%@729,0%@729,0%@729,0%@729,2%@729] GR3D_FREQ 0% cpu@44.781C soc2@43.781C soc0@42.343C gpu@43.781C tj@44.781C soc1@42.531C VDD_IN 3240mW/3330mW VDD_CPU_GPU_CV 519mW/561mW VDD_SOC 1040mW/1047mW
08-23-2026 04:10:51 RAM 2930/7620MB (lfb 5x4MB) SWAP 0/12002MB (cached 0MB) CPU [6%@729,2%@729,2%@729,1%@729,1%@729,1%@729] GR3D_FREQ 0% cpu@44.437C soc2@43.843C soc0@42.406C gpu@43.843C tj@44.437C soc1@42.343C VDD_IN 3240mW/3330mW VDD_CPU_GPU_CV 519mW/561mW VDD_SOC 1040mW/1047mW
08-23-2026 04:10:52 RAM 2931/7620MB (lfb 5x4MB) SWAP 0/12002MB (cached 0MB) CPU [5%@729,0%@729,2%@729,1%@729,0%@729,1%@729] GR3D_FREQ 0% cpu@44.5C soc2@43.906C soc0@42.531C gpu@43.937C tj@44.5C soc1@42.375C VDD_IN 3240mW/3330mW VDD_CPU_GPU_CV 519mW/561mW VDD_SOC 1040mW/1047mW
08-23-2026 04:10:53 RAM 2931/7620MB (lfb 5x4MB) SWAP 0/12002MB (cached 0MB) CPU [5%@729,1%@729,2%@729,0%@729,1%@729,1%@729] GR3D_FREQ 0% cpu@44.625C soc2@43.937C soc0@42.406C gpu@43.843C tj@44.625C soc1@42.437C VDD_IN 3240mW/3329mW VDD_CPU_GPU_CV 519mW/561mW VDD_SOC 1040mW/1047mW
08-23-2026 04:10:54 RAM 2932/7620MB (lfb 5x4MB) SWAP 0/12002MB (cached 0MB) CPU [6%@729,1%@729,2%@729,2%@729,1%@729,1%@729] GR3D_FREQ 0% cpu@44.437C soc2@43.937C soc0@42.468C gpu@43.906C tj@44.437C soc1@42.343C VDD_IN 3240mW/3329mW VDD_CPU_GPU_CV 519mW/560mW VDD_SOC 1040mW/1047mW
08-23-2026 04:10:55 RAM 2932/7620MB (lfb 5x4MB) SWAP 0/12002MB (cached 0MB) CPU [4%@729,1%@729,0%@729,0%@729,0%@729,2%@729] GR3D_FREQ 0% cpu@44.5C soc2@43.875C soc0@42.343C gpu@43.937C tj@44.5C soc1@42.437C VDD_IN 3240mW/3329mW VDD_CPU_GPU_CV 519mW/560mW VDD_SOC 1040mW/1047mW
08-23-2026 04:10:56 RAM 2933/7620MB (lfb 5x4MB) SWAP 0/12002MB (cached 0MB) CPU [5%@729,1%@729,2%@729,1%@729,1%@729,1%@729] GR3D_FREQ 0% cpu@44.531C soc2@43.875C soc0@42.406C gpu@43.781C tj@44.531C soc1@42.437C VDD_IN 3240mW/3329mW VDD_CPU_GPU_CV 519mW/560mW VDD_SOC 1040mW/1047mW
08-23-2026 04:10:57 RAM 2934/7620MB (lfb 5x4MB) SWAP 0/12002MB (cached 0MB) CPU [5%@729,0%@729,1%@729,1%@729,1%@729,1%@729] GR3D_FREQ 0% cpu@44.75C soc2@43.906C soc0@42.5C gpu@43.75C tj@44.5C soc1@42.375C VDD_IN 3240mW/3329mW VDD_CPU_GPU_CV 519mW/560mW VDD_SOC 1040mW/1047mW
08-23-2026 04:10:58 RAM 2932/7620MB (lfb 5x4MB) SWAP 0/12002MB (cached 0MB) CPU [6%@729,2%@729,1%@729,3%@729,1%@729,2%@729] GR3D_FREQ 0% cpu@44.625C soc2@43.843C soc0@42.406C gpu@43.937C tj@44.625C soc1@42.5C VDD_IN 3240mW/3328mW VDD_CPU_GPU_CV 519mW/560mW VDD_SOC 1040mW/1047mW
08-23-2026 04:10:59 RAM 2932/7620MB (lfb 5x4MB) SWAP 0/12002MB (cached 0MB) CPU [6%@729,2%@729,5%@729,4%@729,3%@729,5%@729] GR3D_FREQ 0% cpu@44.843C soc2@43.937C soc0@42.437C gpu@43.75C tj@44.843C soc1@42.593C VDD_IN 3280mW/3328mW VDD_CPU_GPU_CV 559mW/560mW VDD_SOC 1040mW/1047mW
08-23-2026 04:11:00 RAM 2932/7620MB (lfb 5x4MB) SWAP 0/12002MB (cached 0MB) CPU [6%@729,3%@729,4%@729,2%@729,2%@729,3%@729] GR3D_FREQ 0% cpu@44.437C soc2@43.937C soc0@42.468C gpu@43.937C tj@44.437C soc1@42.406C VDD_IN 3280mW/3328mW VDD_CPU_GPU_CV 559mW/560mW VDD_SOC 1040mW/1047mW
08-23-2026 04:11:01 RAM 2929/7620MB (lfb 5x4MB) SWAP 0/12002MB (cached 0MB) CPU [6%@729,0%@729,0%@729,1%@729,0%@729,1%@729] GR3D_FREQ 0% cpu@44.593C soc2@43.875C soc0@42.375C gpu@44C tj@44.593C soc1@42.437C VDD_IN 3240mW/3328mW VDD_CPU_GPU_CV 519mW/560mW VDD_SOC 1040mW/1047mW
08-23-2026 04:11:02 RAM 2930/7620MB (lfb 5x4MB) SWAP 0/12002MB (cached 0MB) CPU [5%@729,0%@729,1%@729,0%@729,0%@729,1%@729] GR3D_FREQ 0% cpu@44.656C soc2@43.812C soc0@42.437C gpu@43.812C tj@44.656C soc1@42.625C VDD_IN 3240mW/3328mW VDD_CPU_GPU_CV 519mW/560mW VDD_SOC 1040mW/1047mW
08-23-2026 04:11:03 RAM 2931/7620MB (lfb 5x4MB) SWAP 0/12002MB (cached 0MB) CPU [5%@729,1%@729,1%@729,3%@729,1%@729,1%@729] GR3D_FREQ 0% cpu@44.437C soc2@43.906C soc0@42.437C gpu@43.968C tj@44.437C soc1@42.375C VDD_IN 3240mW/3328mW VDD_CPU_GPU_CV 519mW/560mW VDD_SOC 1040mW/1047mW
08-23-2026 04:11:04 RAM 2932/7620MB (lfb 5x4MB) SWAP 0/12002MB (cached 0MB) CPU [6%@729,1%@729,1%@729,0%@729,1%@729,0%@729] GR3D_FREQ 0% cpu@44.562C soc2@43.843C soc0@42.375C gpu@43.812C tj@44.562C soc1@42.437C VDD_IN 3240mW/3327mW VDD_CPU_GPU_CV 519mW/560mW VDD_SOC 1040mW/1047mW
08-23-2026 04:11:05 RAM 2933/7620MB (lfb 5x4MB) SWAP 0/12002MB (cached 0MB) CPU [7%@729,0%@729,1%@729,0%@729,1%@729,2%@729] GR3D_FREQ 0% cpu@44.468C soc2@43.843C soc0@42.437C gpu@43.812C tj@44.468C soc1@42.625C VDD_IN 3240mW/3327mW VDD_CPU_GPU_CV 519mW/560mW VDD_SOC 1040mW/1047mW
08-23-2026 04:11:06 RAM 2933/7620MB (lfb 5x4MB) SWAP 0/12002MB (cached 0MB) CPU [6%@729,1%@729,1%@729,1%@729,0%@729,1%@729] GR3D_FREQ 0% cpu@44.625C soc2@43.875C soc0@42.468C gpu@44C tj@44.625C soc1@42.437C VDD_IN 3240mW/3327mW VDD_CPU_GPU_CV 519mW/559mW VDD_SOC 1040mW/1047mW
08-23-2026 04:11:07 RAM 2927/7620MB (lfb 5x4MB) SWAP 0/12002MB (cached 0MB) CPU [5%@729,2%@729,1%@729,0%@729,0%@729,0%@729] GR3D_FREQ 0% cpu@44.718C soc2@43.937C soc0@42.343C gpu@43.75C tj@44.718C soc1@42.468C VDD_IN 3240mW/3327mW VDD_CPU_GPU_CV 519mW/559mW VDD_SOC 1040mW/1047mW
08-23-2026 04:11:08 RAM 2927/7620MB (lfb 5x4MB) SWAP 0/12002MB (cached 0MB) CPU [5%@729,0%@729,1%@729,1%@729,0%@729,1%@729] GR3D_FREQ 0% cpu@44.531C soc2@43.875C soc0@42.437C gpu@43.781C tj@44.531C soc1@42.375C VDD_IN 3240mW/3327mW VDD_CPU_GPU_CV 519mW/559mW VDD_SOC 1040mW/1047mW
08-23-2026 04:11:09 RAM 2928/7620MB (lfb 5x4MB) SWAP 0/12002MB (cached 0MB) CPU [6%@729,1%@729,1%@729,0%@729,2%@729,2%@729] GR3D_FREQ 0% cpu@44.5C soc2@43.937C soc0@42.5C gpu@43.968C tj@44.5C soc1@42.437C VDD_IN 3240mW/3326mW VDD_CPU_GPU_CV 519mW/559mW VDD_SOC 1040mW/1047mW
08-23-2026 04:11:10 RAM 2929/7620MB (lfb 5x4MB) SWAP 0/12002MB (cached 0MB) CPU [6%@729,2%@729,4%@729,4%@729,0%@729,1%@729] GR3D_FREQ 0% cpu@44.562C soc2@44C soc0@42.406C gpu@43.843C tj@44.562C soc1@42.531C VDD_IN 3240mW/3326mW VDD_CPU_GPU_CV 559mW/559mW VDD_SOC 1040mW/1047mW
08-23-2026 04:11:11 RAM 2930/7620MB (lfb 5x4MB) SWAP 0/12002MB (cached 0MB) CPU [6%@729,1%@729,2%@729,1%@729,0%@729,1%@729] GR3D_FREQ 0% cpu@44.875C soc2@43.937C soc0@42.406C gpu@43.812C tj@44.875C soc1@42.437C VDD_IN 3240mW/3326mW VDD_CPU_GPU_CV 519mW/559mW VDD_SOC 1040mW/1047mW
08-23-2026 04:11:12 RAM 2931/7620MB (lfb 5x4MB) SWAP 0/12002MB (cached 0MB) CPU [4%@729,1%@729,1%@729,0%@729,1%@729,1%@729] GR3D_FREQ 0% cpu@44.468C soc2@43.937C soc0@42.531C gpu@43.968C tj@44.468C soc1@42.437C VDD_IN 3240mW/3326mW VDD_CPU_GPU_CV 519mW/559mW VDD_SOC 1040mW/1047mW
08-23-2026 04:11:13 RAM 2932/7620MB (lfb 5x4MB) SWAP 0/12002MB (cached 0MB) CPU [8%@729,0%@729,1%@729,4%@729,0%@729,1%@729] GR3D_FREQ 0% cpu@44.625C soc2@43.875C soc0@42.437C gpu@43.812C tj@44.625C soc1@42.5C VDD_IN 3240mW/3325mW VDD_CPU_GPU_CV 519mW/559mW VDD_SOC 1040mW/1047mW
08-23-2026 04:11:14 RAM 2932/7620MB (lfb 5x4MB) SWAP 0/12002MB (cached 0MB) CPU [6%@729,2%@729,4%@729,6%@729,2%@729,3%@729] GR3D_FREQ 0% cpu@44.562C soc2@43.906C soc0@42.437C gpu@44.031C tj@44.562C soc1@42.375C VDD_IN 3280mW/3325mW VDD_CPU_GPU_CV 559mW/559mW VDD_SOC 1040mW/1047mW
08-23-2026 04:11:15 RAM 2934/7620MB (lfb 5x4MB) SWAP 0/12002MB (cached 0MB) CPU [7%@729,2%@729,3%@729,4%@729,2%@729,2%@729] GR3D_FREQ 0% cpu@44.593C soc2@43.937C soc0@42.531C gpu@44.062C tj@44.593C soc1@42.406C VDD_IN 3240mW/3325mW VDD_CPU_GPU_CV 559mW/559mW VDD_SOC 1040mW/1047mW
08-23-2026 04:11:16 RAM 2935/7620MB (lfb 5x4MB) SWAP 0/12002MB (cached 0MB) CPU [7%@729,0%@729,0%@729,1%@729,0%@729,1%@729] GR3D_FREQ 0% cpu@44.718C soc2@43.875C soc0@42.406C gpu@43.812C tj@44.718C soc1@42.531C VDD_IN 3240mW/3325mW VDD_CPU_GPU_CV 519mW/559mW VDD_SOC 1040mW/1047mW
08-23-2026 04:11:17 RAM 2934/7620MB (lfb 5x4MB) SWAP 0/12002MB (cached 0MB) CPU [6%@729,1%@729,1%@729,0%@729,0%@729,0%@729] GR3D_FREQ 0% cpu@44.406C soc2@43.781C soc0@42.468C gpu@43.968C tj@44.406C soc1@42.406C VDD_IN 3240mW/3325mW VDD_CPU_GPU_CV 519mW/559mW VDD_SOC 1040mW/1047mW
08-23-2026 04:11:18 RAM 2934/7620MB (lfb 5x4MB) SWAP 0/12002MB (cached 0MB) CPU [5%@729,0%@729,0%@729,2%@729,1%@729,2%@729] GR3D_FREQ 0% cpu@44.5C soc2@43.875C soc0@42.312C gpu@44C tj@44.5C soc1@42.437C VDD_IN 3240mW/3325mW VDD_CPU_GPU_CV 519mW/559mW VDD_SOC 1040mW/1047mW
08-23-2026 04:11:19 RAM 2934/7620MB (lfb 4x4MB) SWAP 0/12002MB (cached 0MB) CPU [7%@729,2%@729,3%@729,2%@729,6%@729,2%@729] GR3D_FREQ 0% cpu@44.656C soc2@43.875C soc0@42.406C gpu@43.843C tj@44.656C soc1@42.562C VDD_IN 3280mW/3324mW VDD_CPU_GPU_CV 559mW/559mW VDD_SOC 1040mW/1047mW
08-23-2026 04:11:20 RAM 2934/7620MB (lfb 4x4MB) SWAP 0/12002MB (cached 0MB) CPU [3%@729,2%@729,3%@729,3%@729,4%@729,2%@729] GR3D_FREQ 0% cpu@44.406C soc2@43.875C soc0@42.468C gpu@44.031C tj@44.406C soc1@42.437C VDD_IN 3280mW/3324mW VDD_CPU_GPU_CV 559mW/559mW VDD_SOC 1040mW/1047mW
08-23-2026 04:11:21 RAM 2933/7620MB (lfb 4x4MB) SWAP 0/12002MB (cached 0MB) CPU [7%@729,0%@729,2%@729,0%@729,1%@729,1%@729] GR3D_FREQ 0% cpu@44.687C soc2@43.937C soc0@42.343C gpu@43.781C tj@44.687C soc1@42.406C VDD_IN 3240mW/3324mW VDD_CPU_GPU_CV 519mW/558mW VDD_SOC 1040mW/1047mW
08-23-2026 04:11:22 RAM 2934/7620MB (lfb 4x4MB) SWAP 0/12002MB (cached 0MB) CPU [6%@1036,0%@1036,0%@1036,0%@1036,1%@729,1%@729] GR3D_FREQ 0% cpu@44.468C soc2@43.843C soc0@42.375C gpu@43.843C tj@44.468C soc1@42.312C VDD_IN 3240mW/3324mW VDD_CPU_GPU_CV 519mW/558mW VDD_SOC 1040mW/1047mW
08-23-2026 04:11:23 RAM 2934/7620MB (lfb 4x4MB) SWAP 0/12002MB (cached 0MB) CPU [5%@729,0%@729,1%@729,1%@729,1%@729,0%@729] GR3D_FREQ 0% cpu@44.468C soc2@43.843C soc0@42.437C gpu@44.062C tj@44.468C soc1@42.406C VDD_IN 3240mW/3324mW VDD_CPU_GPU_CV 519mW/558mW VDD_SOC 1040mW/1047mW
08-23-2026 04:11:24 RAM 2933/7620MB (lfb 4x4MB) SWAP 0/12002MB (cached 0MB) CPU [7%@729,1%@729,1%@729,1%@729,1%@729,2%@729] GR3D_FREQ 0% cpu@44.562C soc2@43.843C soc0@42.343C gpu@43.781C tj@44.562C soc1@42.375C VDD_IN 3240mW/3324mW VDD_CPU_GPU_CV 519mW/558mW VDD_SOC 1040mW/1047mW
08-23-2026 04:11:25 RAM 2934/7620MB (lfb 4x4MB) SWAP 0/12002MB (cached 0MB) CPU [4%@729,2%@729,1%@729,0%@729,0%@729,1%@729] GR3D_FREQ 0% cpu@44.281C soc2@43.781C soc0@42.375C gpu@44.062C tj@44.281C soc1@42.312C VDD_IN 3240mW/3323mW VDD_CPU_GPU_CV 519mW/558mW VDD_SOC 1040mW/1047mW
08-23-2026 04:11:26 RAM 2933/7620MB (lfb 4x4MB) SWAP 0/12002MB (cached 0MB) CPU [7%@729,0%@729,0%@729,0%@729,0%@729,1%@729] GR3D_FREQ 0% cpu@44.25C soc2@43.906C soc0@42.406C gpu@43.968C tj@44.25C soc1@42.281C VDD_IN 3240mW/3323mW VDD_CPU_GPU_CV 519mW/558mW VDD_SOC 1040mW/1047mW
08-23-2026 04:11:27 RAM 2934/7620MB (lfb 4x4MB) SWAP 0/12002MB (cached 0MB) CPU [4%@729,1%@729,1%@729,1%@729,1%@729,1%@729] GR3D_FREQ 0% cpu@44.5C soc2@43.812C soc0@42.312C gpu@43.812C tj@44.5C soc1@42.437C VDD_IN 3240mW/3323mW VDD_CPU_GPU_CV 519mW/558mW VDD_SOC 1040mW/1047mW
08-23-2026 04:11:28 RAM 2931/7620MB (lfb 4x4MB) SWAP 0/12002MB (cached 0MB) CPU [9%@729,2%@729,1%@729,2%@729,2%@729,1%@729] GR3D_FREQ 0% cpu@44.625C soc2@43.812C soc0@42.406C gpu@44.062C tj@44.625C soc1@42.406C VDD_IN 3240mW/3323mW VDD_CPU_GPU_CV 519mW/558mW VDD_SOC 1040mW/1047mW
08-23-2026 04:11:29 RAM 2931/7620MB (lfb 4x4MB) SWAP 0/12002MB (cached 0MB) CPU [5%@729,2%@729,3%@729,3%@729,4%@729,6%@729] GR3D_FREQ 0% cpu@44.468C soc2@43.812C soc0@42.375C gpu@44.031C tj@44.5C soc1@42.406C VDD_IN 3280mW/3323mW VDD_CPU_GPU_CV 559mW/558mW VDD_SOC 1040mW/1047mW
08-23-2026 04:11:30 RAM 2932/7620MB (lfb 4x4MB) SWAP 0/12002MB (cached 0MB) CPU [8%@729,2%@729,3%@729,3%@729,3%@729,3%@729] GR3D_FREQ 0% cpu@44.718C soc2@43.718C soc0@42.312C gpu@43.843C tj@44.718C soc1@42.5C VDD_IN 3240mW/3323mW VDD_CPU_GPU_CV 559mW/558mW VDD_SOC 1040mW/1047mW
08-23-2026 04:11:31 RAM 2932/7620MB (lfb 4x4MB) SWAP 0/12002MB (cached 0MB) CPU [3%@729,2%@729,0%@729,0%@729,1%@729,1%@729] GR3D_FREQ 0% cpu@44.437C soc2@43.718C soc0@42.343C gpu@44.062C tj@44.437C soc1@42.281C VDD_IN 3240mW/3322mW VDD_CPU_GPU_CV 519mW/558mW VDD_SOC 1040mW/1047mW
08-23-2026 04:11:32 RAM 2933/7620MB (lfb 4x4MB) SWAP 0/12002MB (cached 0MB) CPU [7%@729,1%@729,1%@729,1%@729,1%@729,1%@729] GR3D_FREQ 0% cpu@44.468C soc2@43.875C soc0@42.312C gpu@43.718C tj@44.468C soc1@42.312C VDD_IN 3240mW/3322mW VDD_CPU_GPU_CV 519mW/558mW VDD_SOC 1040mW/1047mW
08-23-2026 04:11:33 RAM 2933/7620MB (lfb 4x4MB) SWAP 0/12002MB (cached 0MB) CPU [6%@729,2%@729,1%@729,1%@729,1%@729,0%@729] GR3D_FREQ 0% cpu@44.593C soc2@43.781C soc0@42.312C gpu@43.812C tj@44.593C soc1@42.5C VDD_IN 3240mW/3322mW VDD_CPU_GPU_CV 519mW/558mW VDD_SOC 1040mW/1046mW
08-23-2026 04:11:34 RAM 2933/7620MB (lfb 4x4MB) SWAP 0/12002MB (cached 0MB) CPU [7%@729,0%@729,2%@729,0%@729,1%@729,3%@729] GR3D_FREQ 0% cpu@44.343C soc2@43.781C soc0@42.375C gpu@43.968C tj@44.343C soc1@42.281C VDD_IN 3240mW/3322mW VDD_CPU_GPU_CV 519mW/557mW VDD_SOC 1040mW/1046mW
08-23-2026 04:11:35 RAM 2933/7620MB (lfb 4x4MB) SWAP 0/12002MB (cached 0MB) CPU [6%@729,1%@729,1%@729,0%@729,1%@729,0%@729] GR3D_FREQ 0% cpu@44.375C soc2@43.812C soc0@42.281C gpu@43.781C tj@44.375C soc1@42.437C VDD_IN 3240mW/3322mW VDD_CPU_GPU_CV 519mW/557mW VDD_SOC 1040mW/1046mW
08-23-2026 04:11:36 RAM 2932/7620MB (lfb 4x4MB) SWAP 0/12002MB (cached 0MB) CPU [6%@729,1%@729,0%@729,0%@729,1%@729,0%@729] GR3D_FREQ 0% cpu@44.468C soc2@43.75C soc0@42.25C gpu@44.062C tj@44.406C soc1@42.437C VDD_IN 3240mW/3321mW VDD_CPU_GPU_CV 519mW/557mW VDD_SOC 1040mW/1046mW
08-23-2026 04:11:37 RAM 2932/7620MB (lfb 4x4MB) SWAP 0/12002MB (cached 0MB) CPU [4%@729,2%@729,2%@729,0%@729,1%@729,1%@729] GR3D_FREQ 0% cpu@44.406C soc2@43.75C soc0@42.25C gpu@44C tj@44.406C soc1@42.312C VDD_IN 3240mW/3321mW VDD_CPU_GPU_CV 519mW/557mW VDD_SOC 1040mW/1046mW
08-23-2026 04:11:38 RAM 2933/7620MB (lfb 4x4MB) SWAP 0/12002MB (cached 0MB) CPU [7%@729,0%@729,3%@729,0%@729,0%@729,0%@729] GR3D_FREQ 0% cpu@44.593C soc2@43.75C soc0@42.281C gpu@43.718C tj@44.593C soc1@42.406C VDD_IN 3240mW/3321mW VDD_CPU_GPU_CV 519mW/557mW VDD_SOC 1040mW/1046mW
08-23-2026 04:11:39 RAM 2933/7620MB (lfb 4x4MB) SWAP 0/12002MB (cached 0MB) CPU [7%@729,2%@729,1%@729,0%@729,2%@729,2%@729] GR3D_FREQ 0% cpu@44.343C soc2@43.75C soc0@42.281C gpu@43.968C tj@44.343C soc1@42.25C VDD_IN 3240mW/3321mW VDD_CPU_GPU_CV 519mW/557mW VDD_SOC 1040mW/1046mW
08-23-2026 04:11:40 RAM 2932/7620MB (lfb 4x4MB) SWAP 0/12002MB (cached 0MB) CPU [5%@729,0%@729,1%@729,0%@729,1%@729,0%@729] GR3D_FREQ 0% cpu@44.5C soc2@43.812C soc0@42.343C gpu@43.75C tj@44.5C soc1@42.281C VDD_IN 3240mW/3321mW VDD_CPU_GPU_CV 519mW/557mW VDD_SOC 1040mW/1046mW
08-23-2026 04:11:42 RAM 2933/7620MB (lfb 4x4MB) SWAP 0/12002MB (cached 0MB) CPU [6%@729,1%@729,1%@729,1%@729,1%@729,2%@729] GR3D_FREQ 0% cpu@44.437C soc2@43.718C soc0@42.25C gpu@43.781C tj@44.437C soc1@42.437C VDD_IN 3240mW/3321mW VDD_CPU_GPU_CV 519mW/557mW VDD_SOC 1040mW/1046mW
08-23-2026 04:11:43 RAM 2933/7620MB (lfb 4x4MB) SWAP 0/12002MB (cached 0MB) CPU [4%@729,1%@729,1%@729,1%@729,1%@729,3%@729] GR3D_FREQ 0% cpu@44.687C soc2@43.75C soc0@42.343C gpu@44.093C tj@44.687C soc1@42.218C VDD_IN 3240mW/3320mW VDD_CPU_GPU_CV 519mW/557mW VDD_SOC 1040mW/1046mW
08-23-2026 04:11:44 RAM 2934/7620MB (lfb 4x4MB) SWAP 0/12002MB (cached 0MB) CPU [6%@729,1%@729,2%@729,1%@729,2%@729,3%@729] GR3D_FREQ 0% cpu@44.343C soc2@43.843C soc0@42.25C gpu@43.843C tj@44.5C soc1@42.343C VDD_IN 3240mW/3320mW VDD_CPU_GPU_CV 519mW/557mW VDD_SOC 1040mW/1046mW
08-23-2026 04:11:45 RAM 2931/7620MB (lfb 4x4MB) SWAP 0/12002MB (cached 0MB) CPU [6%@729,2%@729,3%@729,2%@729,2%@729,5%@729] GR3D_FREQ 0% cpu@44.312C soc2@43.718C soc0@42.25C gpu@44.093C tj@44.312C soc1@42.531C VDD_IN 3280mW/3320mW VDD_CPU_GPU_CV 559mW/557mW VDD_SOC 1040mW/1046mW
08-23-2026 04:11:46 RAM 2931/7620MB (lfb 4x4MB) SWAP 0/12002MB (cached 0MB) CPU [6%@729,2%@729,4%@729,2%@729,3%@729,4%@729] GR3D_FREQ 0% cpu@44.437C soc2@43.718C soc0@42.343C gpu@44.031C tj@44.437C soc1@42.281C VDD_IN 3240mW/3320mW VDD_CPU_GPU_CV 559mW/557mW VDD_SOC 1040mW/1046mW
08-23-2026 04:11:47 RAM 2932/7620MB (lfb 4x4MB) SWAP 0/12002MB (cached 0MB) CPU [5%@729,1%@729,1%@729,0%@729,1%@729,3%@729] GR3D_FREQ 0% cpu@44.5C soc2@43.843C soc0@42.187C gpu@43.843C tj@44.5C soc1@42.437C VDD_IN 3240mW/3320mW VDD_CPU_GPU_CV 519mW/557mW VDD_SOC 1040mW/1046mW
08-23-2026 04:11:48 RAM 2932/7620MB (lfb 4x4MB) SWAP 0/12002MB (cached 0MB) CPU [5%@729,1%@729,2%@729,1%@729,1%@729,2%@729] GR3D_FREQ 0% cpu@44.593C soc2@43.656C soc0@42.218C gpu@44.062C tj@44.593C soc1@42.437C VDD_IN 3240mW/3320mW VDD_CPU_GPU_CV 519mW/557mW VDD_SOC 1040mW/1046mW
08-23-2026 04:11:49 RAM 2933/7620MB (lfb 4x4MB) SWAP 0/12002MB (cached 0MB) CPU [4%@729,1%@729,1%@729,0%@729,0%@729,1%@729] GR3D_FREQ 0% cpu@44.375C soc2@43.718C soc0@42.343C gpu@43.75C tj@44.375C soc1@42.312C VDD_IN 3240mW/3319mW VDD_CPU_GPU_CV 519mW/556mW VDD_SOC 1040mW/1046mW
08-23-2026 04:11:50 RAM 2933/7620MB (lfb 4x4MB) SWAP 0/12002MB (cached 0MB) CPU [9%@729,2%@729,6%@729,1%@729,7%@729,7%@729] GR3D_FREQ 0% cpu@44.312C soc2@43.843C soc0@42.25C gpu@43.843C tj@44.312C soc1@42.312C VDD_IN 3320mW/3319mW VDD_CPU_GPU_CV 559mW/556mW VDD_SOC 1040mW/1046mW
08-23-2026 04:11:51 RAM 2933/7620MB (lfb 4x4MB) SWAP 0/12002MB (cached 0MB) CPU [5%@729,2%@729,6%@729,3%@729,2%@729,2%@729] GR3D_FREQ 0% cpu@44.468C soc2@43.75C soc0@42.312C gpu@44.031C tj@44.437C soc1@42.281C VDD_IN 3240mW/3319mW VDD_CPU_GPU_CV 559mW/556mW VDD_SOC 1040mW/1046mW
08-23-2026 04:11:52 RAM 2934/7620MB (lfb 4x4MB) SWAP 0/12002MB (cached 0MB) CPU [5%@729,0%@729,3%@729,1%@729,1%@729,1%@729] GR3D_FREQ 0% cpu@44.437C soc2@43.75C soc0@42.375C gpu@43.75C tj@44.437C soc1@42.281C VDD_IN 3240mW/3319mW VDD_CPU_GPU_CV 519mW/556mW VDD_SOC 1040mW/1046mW
08-23-2026 04:11:53 RAM 2933/7620MB (lfb 4x4MB) SWAP 0/12002MB (cached 0MB) CPU [5%@729,0%@729,1%@729,1%@729,0%@729,2%@729] GR3D_FREQ 0% cpu@44.656C soc2@43.718C soc0@42.218C gpu@44.187C tj@44.656C soc1@42.375C VDD_IN 3240mW/3319mW VDD_CPU_GPU_CV 519mW/556mW VDD_SOC 1040mW/1046mW
08-23-2026 04:11:54 RAM 2933/7620MB (lfb 4x4MB) SWAP 0/12002MB (cached 0MB) CPU [6%@729,1%@729,1%@729,0%@729,0%@729,2%@729] GR3D_FREQ 0% cpu@44.406C soc2@43.656C soc0@42.25C gpu@43.625C tj@44.406C soc1@42.281C VDD_IN 3240mW/3319mW VDD_CPU_GPU_CV 519mW/556mW VDD_SOC 1040mW/1046mW
08-23-2026 04:11:55 RAM 2934/7620MB (lfb 4x4MB) SWAP 0/12002MB (cached 0MB) CPU [4%@729,2%@729,1%@729,1%@729,1%@729,3%@729] GR3D_FREQ 0% cpu@44.468C soc2@43.75C soc0@42.437C gpu@43.75C tj@44.468C soc1@42.312C VDD_IN 3240mW/3319mW VDD_CPU_GPU_CV 519mW/556mW VDD_SOC 1040mW/1046mW
08-23-2026 04:11:56 RAM 2934/7620MB (lfb 4x4MB) SWAP 0/12002MB (cached 0MB) CPU [5%@729,0%@729,1%@729,0%@729,0%@729,0%@729] GR3D_FREQ 0% cpu@44.406C soc2@43.718C soc0@42.218C gpu@43.593C tj@44.406C soc1@42.437C VDD_IN 3240mW/3318mW VDD_CPU_GPU_CV 519mW/556mW VDD_SOC 1040mW/1046mW
08-23-2026 04:11:57 RAM 2933/7620MB (lfb 4x4MB) SWAP 0/12002MB (cached 0MB) CPU [5%@729,1%@729,1%@729,1%@729,0%@729,3%@729] GR3D_FREQ 0% cpu@44.281C soc2@43.687C soc0@42.25C gpu@43.656C tj@44.281C soc1@42.187C VDD_IN 3240mW/3318mW VDD_CPU_GPU_CV 519mW/556mW VDD_SOC 1040mW/1046mW
08-23-2026 04:11:58 RAM 2934/7620MB (lfb 4x4MB) SWAP 0/12002MB (cached 0MB) CPU [5%@729,0%@729,1%@729,2%@729,0%@729,2%@729] GR3D_FREQ 0% cpu@44.25C soc2@43.781C soc0@42.406C gpu@43.75C tj@44.25C soc1@42.312C VDD_IN 3240mW/3318mW VDD_CPU_GPU_CV 559mW/556mW VDD_SOC 1040mW/1046mW
08-23-2026 04:11:59 RAM 2933/7620MB (lfb 4x4MB) SWAP 0/12002MB (cached 0MB) CPU [5%@729,1%@729,2%@729,1%@729,0%@729,3%@729] GR3D_FREQ 0% cpu@44.406C soc2@43.718C soc0@42.312C gpu@43.656C tj@44.312C soc1@42.437C VDD_IN 3240mW/3318mW VDD_CPU_GPU_CV 519mW/556mW VDD_SOC 1040mW/1046mW
08-23-2026 04:12:00 RAM 2934/7620MB (lfb 4x4MB) SWAP 0/12002MB (cached 0MB) CPU [6%@729,2%@729,5%@729,9%@729,3%@729,3%@729] GR3D_FREQ 0% cpu@44.531C soc2@43.75C soc0@42.312C gpu@43.812C tj@44.531C soc1@42.281C VDD_IN 3280mW/3318mW VDD_CPU_GPU_CV 559mW/556mW VDD_SOC 1040mW/1046mW
08-23-2026 04:12:01 RAM 2933/7620MB (lfb 4x4MB) SWAP 0/12002MB (cached 0MB) CPU [5%@729,2%@729,2%@729,3%@729,3%@729,3%@729] GR3D_FREQ 0% cpu@44.468C soc2@43.781C soc0@42.187C gpu@43.843C tj@44.468C soc1@42.25C VDD_IN 3240mW/3318mW VDD_CPU_GPU_CV 519mW/556mW VDD_SOC 1040mW/1046mW
08-23-2026 04:12:02 RAM 2933/7620MB (lfb 4x4MB) SWAP 0/12002MB (cached 0MB) CPU [6%@729,1%@729,1%@729,0%@729,0%@729,0%@729] GR3D_FREQ 0% cpu@44.656C soc2@43.718C soc0@42.218C gpu@43.625C tj@44.656C soc1@42.437C VDD_IN 3240mW/3318mW VDD_CPU_GPU_CV 519mW/556mW VDD_SOC 1040mW/1046mW
08-23-2026 04:12:03 RAM 2934/7620MB (lfb 4x4MB) SWAP 0/12002MB (cached 0MB) CPU [4%@729,0%@729,2%@729,2%@729,1%@729,1%@729] GR3D_FREQ 0% cpu@44.218C soc2@43.656C soc0@42.406C gpu@43.75C tj@44.218C soc1@42.187C VDD_IN 3240mW/3317mW VDD_CPU_GPU_CV 519mW/556mW VDD_SOC 1040mW/1046mW
08-23-2026 04:12:04 RAM 2933/7620MB (lfb 4x4MB) SWAP 0/12002MB (cached 0MB) CPU [5%@729,1%@729,1%@729,1%@729,0%@729,1%@729] GR3D_FREQ 0% cpu@44.406C soc2@43.781C soc0@42.218C gpu@43.875C tj@44.406C soc1@42.281C VDD_IN 3240mW/3317mW VDD_CPU_GPU_CV 519mW/556mW VDD_SOC 1040mW/1046mW
08-23-2026 04:12:05 RAM 2933/7620MB (lfb 4x4MB) SWAP 0/12002MB (cached 0MB) CPU [4%@729,2%@729,1%@729,1%@729,2%@729,1%@729] GR3D_FREQ 0% cpu@44.531C soc2@43.687C soc0@42.281C gpu@43.687C tj@44.531C soc1@42.343C VDD_IN 3240mW/3317mW VDD_CPU_GPU_CV 519mW/556mW VDD_SOC 1040mW/1046mW
08-23-2026 04:12:06 RAM 2934/7620MB (lfb 4x4MB) SWAP 0/12002MB (cached 0MB) CPU [5%@729,0%@729,1%@729,3%@729,0%@729,0%@729] GR3D_FREQ 0% cpu@44.281C soc2@43.718C soc0@42.312C gpu@43.812C tj@44.281C soc1@42.218C VDD_IN 3240mW/3317mW VDD_CPU_GPU_CV 519mW/555mW VDD_SOC 1040mW/1046mW
08-23-2026 04:12:07 RAM 2934/7620MB (lfb 4x4MB) SWAP 0/12002MB (cached 0MB) CPU [5%@729,0%@729,2%@729,0%@729,1%@729,1%@729] GR3D_FREQ 0% cpu@44.406C soc2@43.812C soc0@42.218C gpu@43.781C tj@44.406C soc1@42.281C VDD_IN 3240mW/3317mW VDD_CPU_GPU_CV 519mW/555mW VDD_SOC 1040mW/1046mW
08-23-2026 04:12:08 RAM 2933/7620MB (lfb 4x4MB) SWAP 0/12002MB (cached 0MB) CPU [5%@729,0%@729,1%@729,2%@729,1%@729,1%@729] GR3D_FREQ 0% cpu@44.375C soc2@43.656C soc0@42.218C gpu@43.593C tj@44.343C soc1@42.375C VDD_IN 3240mW/3317mW VDD_CPU_GPU_CV 519mW/555mW VDD_SOC 1040mW/1046mW
08-23-2026 04:12:09 RAM 2933/7620MB (lfb 4x4MB) SWAP 0/12002MB (cached 0MB) CPU [4%@729,1%@729,1%@729,1%@729,0%@729,1%@729] GR3D_FREQ 0% cpu@44.343C soc2@43.75C soc0@42.343C gpu@43.812C tj@44.343C soc1@42.156C VDD_IN 3240mW/3316mW VDD_CPU_GPU_CV 519mW/555mW VDD_SOC 1040mW/1046mW
08-23-2026 04:12:10 RAM 2933/7620MB (lfb 4x4MB) SWAP 0/12002MB (cached 0MB) CPU [6%@729,0%@729,1%@729,1%@729,2%@729,2%@729] GR3D_FREQ 0% cpu@44.437C soc2@43.781C soc0@42.125C gpu@43.593C tj@44.437C soc1@42.375C VDD_IN 3240mW/3316mW VDD_CPU_GPU_CV 519mW/555mW VDD_SOC 1040mW/1046mW
08-23-2026 04:12:11 RAM 2933/7620MB (lfb 4x4MB) SWAP 0/12002MB (cached 0MB) CPU [5%@729,2%@729,2%@729,2%@729,0%@729,4%@729] GR3D_FREQ 0% cpu@44.218C soc2@43.687C soc0@42.281C gpu@43.656C tj@44.218C soc1@42.437C VDD_IN 3240mW/3316mW VDD_CPU_GPU_CV 519mW/555mW VDD_SOC 1040mW/1046mW
08-23-2026 04:12:12 RAM 2933/7620MB (lfb 4x4MB) SWAP 0/12002MB (cached 0MB) CPU [6%@729,0%@729,0%@729,2%@729,0%@729,0%@729] GR3D_FREQ 0% cpu@44.312C soc2@43.687C soc0@42.343C gpu@43.75C tj@44.312C soc1@42.281C VDD_IN 3240mW/3316mW VDD_CPU_GPU_CV 519mW/555mW VDD_SOC 1040mW/1046mW
08-23-2026 04:12:13 RAM 2933/7620MB (lfb 4x4MB) SWAP 0/12002MB (cached 0MB) CPU [4%@729,1%@729,1%@729,3%@729,1%@729,4%@729] GR3D_FREQ 0% cpu@44.343C soc2@43.781C soc0@42.25C gpu@43.656C tj@44.343C soc1@42.281C VDD_IN 3280mW/3316mW VDD_CPU_GPU_CV 559mW/555mW VDD_SOC 1040mW/1046mW
08-23-2026 04:12:14 RAM 2934/7620MB (lfb 4x4MB) SWAP 0/12002MB (cached 0MB) CPU [5%@1036,2%@1036,3%@1036,0%@1036,6%@1497,4%@1497] GR3D_FREQ 0% cpu@44.687C soc2@43.687C soc0@42.281C gpu@43.625C tj@44.687C soc1@42.156C VDD_IN 3400mW/3316mW VDD_CPU_GPU_CV 599mW/555mW VDD_SOC 1080mW/1046mW
08-23-2026 04:12:15 RAM 2934/7620MB (lfb 4x4MB) SWAP 0/12002MB (cached 0MB) CPU [5%@1036,2%@1036,4%@1036,1%@1036,1%@729,2%@729] GR3D_FREQ 0% cpu@44.375C soc2@43.718C soc0@42.218C gpu@43.906C tj@44.375C soc1@42.25C VDD_IN 3280mW/3316mW VDD_CPU_GPU_CV 559mW/555mW VDD_SOC 1040mW/1046mW
08-23-2026 04:12:16 RAM 2934/7620MB (lfb 4x4MB) SWAP 0/12002MB (cached 0MB) CPU [8%@729,1%@729,2%@729,1%@729,2%@729,4%@729] GR3D_FREQ 0% cpu@44.406C soc2@43.812C soc0@42.156C gpu@43.843C tj@44.406C soc1@42.218C VDD_IN 3280mW/3316mW VDD_CPU_GPU_CV 559mW/555mW VDD_SOC 1040mW/1046mW
08-23-2026 04:12:17 RAM 2935/7620MB (lfb 4x4MB) SWAP 0/12002MB (cached 0MB) CPU [5%@729,0%@729,1%@729,1%@729,0%@729,2%@729] GR3D_FREQ 0% cpu@44.562C soc2@43.718C soc0@42.218C gpu@43.656C tj@44.562C soc1@42.406C VDD_IN 3240mW/3316mW VDD_CPU_GPU_CV 519mW/555mW VDD_SOC 1040mW/1046mW
08-23-2026 04:12:18 RAM 2933/7620MB (lfb 4x4MB) SWAP 0/12002MB (cached 0MB) CPU [6%@729,0%@729,1%@729,2%@729,3%@729,2%@729] GR3D_FREQ 0% cpu@44.218C soc2@43.75C soc0@42.25C gpu@43.875C tj@44.218C soc1@42.25C VDD_IN 3240mW/3316mW VDD_CPU_GPU_CV 519mW/555mW VDD_SOC 1040mW/1046mW
08-23-2026 04:12:19 RAM 2933/7620MB (lfb 4x4MB) SWAP 0/12002MB (cached 0MB) CPU [5%@729,1%@729,1%@729,3%@729,0%@729,1%@729] GR3D_FREQ 0% cpu@44.343C soc2@43.781C soc0@42.156C gpu@43.843C tj@44.531C soc1@42.25C VDD_IN 3240mW/3315mW VDD_CPU_GPU_CV 519mW/555mW VDD_SOC 1040mW/1046mW
08-23-2026 04:12:20 RAM 2934/7620MB (lfb 4x4MB) SWAP 0/12002MB (cached 0MB) CPU [5%@729,2%@729,1%@729,2%@729,1%@729,1%@729] GR3D_FREQ 0% cpu@44.343C soc2@43.75C soc0@42.125C gpu@43.625C tj@44.343C soc1@42.25C VDD_IN 3240mW/3315mW VDD_CPU_GPU_CV 519mW/555mW VDD_SOC 1040mW/1046mW
08-23-2026 04:12:21 RAM 2935/7620MB (lfb 4x4MB) SWAP 0/12002MB (cached 0MB) CPU [7%@729,1%@729,0%@729,2%@729,0%@729,1%@729] GR3D_FREQ 0% cpu@44.312C soc2@43.656C soc0@42.312C gpu@43.875C tj@44.312C soc1@42.25C VDD_IN 3240mW/3315mW VDD_CPU_GPU_CV 519mW/555mW VDD_SOC 1040mW/1046mW
08-23-2026 04:12:22 RAM 2934/7620MB (lfb 4x4MB) SWAP 0/12002MB (cached 0MB) CPU [5%@729,1%@729,1%@729,1%@729,0%@729,1%@729] GR3D_FREQ 0% cpu@44.562C soc2@43.781C soc0@42.218C gpu@43.875C tj@44.562C soc1@42.312C VDD_IN 3240mW/3315mW VDD_CPU_GPU_CV 519mW/555mW VDD_SOC 1040mW/1046mW
08-23-2026 04:12:23 RAM 2934/7620MB (lfb 4x4MB) SWAP 0/12002MB (cached 0MB) CPU [5%@729,2%@729,1%@729,0%@729,0%@729,1%@729] GR3D_FREQ 0% cpu@44.25C soc2@43.656C soc0@42.25C gpu@43.656C tj@44.25C soc1@42.156C VDD_IN 3240mW/3315mW VDD_CPU_GPU_CV 519mW/555mW VDD_SOC 1040mW/1046mW
08-23-2026 04:12:24 RAM 2934/7620MB (lfb 4x4MB) SWAP 0/12002MB (cached 0MB) CPU [6%@729,2%@729,1%@729,1%@729,1%@729,0%@729] GR3D_FREQ 0% cpu@44.312C soc2@43.687C soc0@42.281C gpu@43.906C tj@44.312C soc1@42.25C VDD_IN 3240mW/3315mW VDD_CPU_GPU_CV 519mW/555mW VDD_SOC 1040mW/1046mW
08-23-2026 04:12:25 RAM 2935/7620MB (lfb 4x4MB) SWAP 0/12002MB (cached 0MB) CPU [5%@729,2%@729,2%@729,0%@729,1%@729,2%@729] GR3D_FREQ 0% cpu@44.343C soc2@43.843C soc0@42.156C gpu@43.781C tj@44.343C soc1@42.312C VDD_IN 3240mW/3314mW VDD_CPU_GPU_CV 519mW/554mW VDD_SOC 1040mW/1046mW
08-23-2026 04:12:26 RAM 2935/7620MB (lfb 4x4MB) SWAP 0/12002MB (cached 0MB) CPU [5%@729,1%@729,3%@729,0%@729,0%@729,1%@729] GR3D_FREQ 0% cpu@44.562C soc2@43.625C soc0@42.218C gpu@43.625C tj@44.562C soc1@42.187C VDD_IN 3240mW/3314mW VDD_CPU_GPU_CV 519mW/554mW VDD_SOC 1040mW/1046mW
08-23-2026 04:12:27 RAM 2935/7620MB (lfb 4x4MB) SWAP 0/12002MB (cached 0MB) CPU [5%@729,2%@729,2%@729,1%@729,0%@729,0%@729] GR3D_FREQ 0% cpu@44.25C soc2@43.812C soc0@42.281C gpu@43.906C tj@44.25C soc1@42.218C VDD_IN 3240mW/3314mW VDD_CPU_GPU_CV 519mW/554mW VDD_SOC 1040mW/1046mW
08-23-2026 04:12:28 RAM 2935/7620MB (lfb 4x4MB) SWAP 0/12002MB (cached 0MB) CPU [7%@729,4%@729,4%@729,1%@729,2%@729,0%@729] GR3D_FREQ 0% cpu@44.281C soc2@43.781C soc0@42.093C gpu@43.812C tj@44.281C soc1@42.281C VDD_IN 3280mW/3314mW VDD_CPU_GPU_CV 559mW/554mW VDD_SOC 1040mW/1046mW
08-23-2026 04:12:29 RAM 2936/7620MB (lfb 4x4MB) SWAP 0/12002MB (cached 0MB) CPU [7%@729,2%@729,3%@729,5%@729,2%@729,5%@729] GR3D_FREQ 0% cpu@44.468C soc2@43.687C soc0@42.187C gpu@43.656C tj@44.406C soc1@42.156C VDD_IN 3360mW/3314mW VDD_CPU_GPU_CV 599mW/554mW VDD_SOC 1080mW/1046mW
08-23-2026 04:12:30 RAM 2936/7620MB (lfb 4x4MB) SWAP 0/12002MB (cached 0MB) CPU [5%@729,1%@729,3%@729,1%@729,2%@729,2%@729] GR3D_FREQ 0% cpu@44.218C soc2@43.656C soc0@42.343C gpu@43.875C tj@44.218C soc1@42.156C VDD_IN 3320mW/3314mW VDD_CPU_GPU_CV 559mW/554mW VDD_SOC 1040mW/1046mW
08-23-2026 04:12:31 RAM 2936/7620MB (lfb 4x4MB) SWAP 0/12002MB (cached 0MB) CPU [5%@729,1%@729,0%@729,0%@729,0%@729,1%@729] GR3D_FREQ 0% cpu@44.562C soc2@43.5C soc0@42.156C gpu@43.656C tj@44.562C soc1@42.25C VDD_IN 3240mW/3314mW VDD_CPU_GPU_CV 519mW/554mW VDD_SOC 1040mW/1046mW
08-23-2026 04:12:32 RAM 2936/7620MB (lfb 4x4MB) SWAP 0/12002MB (cached 0MB) CPU [4%@729,2%@729,0%@729,1%@729,2%@729,2%@729] GR3D_FREQ 0% cpu@44.312C soc2@43.656C soc0@42.156C gpu@43.625C tj@44.312C soc1@42.125C VDD_IN 3240mW/3314mW VDD_CPU_GPU_CV 519mW/554mW VDD_SOC 1040mW/1046mW
08-23-2026 04:12:33 RAM 2936/7620MB (lfb 4x4MB) SWAP 0/12002MB (cached 0MB) CPU [6%@729,2%@729,1%@729,0%@729,1%@729,2%@729] GR3D_FREQ 0% cpu@44.218C soc2@43.75C soc0@42.375C gpu@43.906C tj@44.218C soc1@42.156C VDD_IN 3240mW/3314mW VDD_CPU_GPU_CV 519mW/554mW VDD_SOC 1040mW/1046mW
08-23-2026 04:12:34 RAM 2937/7620MB (lfb 4x4MB) SWAP 0/12002MB (cached 0MB) CPU [5%@729,2%@729,1%@729,7%@729,3%@729,4%@729] GR3D_FREQ 0% cpu@44.5C soc2@43.625C soc0@42.187C gpu@43.718C tj@44.5C soc1@42.312C VDD_IN 3320mW/3314mW VDD_CPU_GPU_CV 559mW/554mW VDD_SOC 1040mW/1046mW
08-23-2026 04:12:35 RAM 2936/7620MB (lfb 4x4MB) SWAP 0/12002MB (cached 0MB) CPU [6%@729,2%@729,4%@729,0%@729,3%@729,4%@729] GR3D_FREQ 0% cpu@44.156C soc2@43.687C soc0@42.125C gpu@43.75C tj@44.156C soc1@42.156C VDD_IN 3280mW/3314mW VDD_CPU_GPU_CV 559mW/554mW VDD_SOC 1040mW/1046mW
08-23-2026 04:12:36 RAM 2936/7620MB (lfb 4x4MB) SWAP 0/12002MB (cached 0MB) CPU [5%@729,2%@729,0%@729,0%@729,0%@729,1%@729] GR3D_FREQ 0% cpu@44.25C soc2@43.656C soc0@42.093C gpu@43.843C tj@44.25C soc1@42.156C VDD_IN 3240mW/3314mW VDD_CPU_GPU_CV 519mW/554mW VDD_SOC 1040mW/1046mW
08-23-2026 04:12:37 RAM 2936/7620MB (lfb 4x4MB) SWAP 0/12002MB (cached 0MB) CPU [5%@729,1%@729,1%@729,0%@729,1%@729,4%@729] GR3D_FREQ 0% cpu@44.375C soc2@43.656C soc0@42.156C gpu@43.625C tj@44.375C soc1@42.312C VDD_IN 3200mW/3313mW VDD_CPU_GPU_CV 519mW/554mW VDD_SOC 1040mW/1046mW
08-23-2026 04:12:38 RAM 2936/7620MB (lfb 4x4MB) SWAP 0/12002MB (cached 0MB) CPU [4%@729,1%@729,1%@729,1%@729,1%@729,2%@729] GR3D_FREQ 0% cpu@44.531C soc2@43.656C soc0@42.187C gpu@43.531C tj@44.531C soc1@42.187C VDD_IN 3240mW/3313mW VDD_CPU_GPU_CV 519mW/554mW VDD_SOC 1040mW/1046mW
08-23-2026 04:12:39 RAM 2936/7620MB (lfb 4x4MB) SWAP 0/12002MB (cached 0MB) CPU [5%@729,1%@729,4%@729,0%@729,1%@729,1%@729] GR3D_FREQ 0% cpu@44.25C soc2@43.75C soc0@42.218C gpu@43.937C tj@44.375C soc1@42.187C VDD_IN 3240mW/3313mW VDD_CPU_GPU_CV 519mW/554mW VDD_SOC 1040mW/1046mW
08-23-2026 04:12:40 RAM 2936/7620MB (lfb 4x4MB) SWAP 0/12002MB (cached 0MB) CPU [5%@729,1%@729,1%@729,0%@729,0%@729,1%@729] GR3D_FREQ 0% cpu@44.593C soc2@43.625C soc0@42.125C gpu@43.687C tj@44.593C soc1@42.375C VDD_IN 3240mW/3313mW VDD_CPU_GPU_CV 519mW/554mW VDD_SOC 1040mW/1046mW
08-23-2026 04:12:41 RAM 2936/7620MB (lfb 4x4MB) SWAP 0/12002MB (cached 0MB) CPU [6%@729,2%@729,1%@729,0%@729,1%@729,2%@729] GR3D_FREQ 0% cpu@44.281C soc2@43.687C soc0@42.218C gpu@43.625C tj@44.281C soc1@42.125C VDD_IN 3240mW/3313mW VDD_CPU_GPU_CV 519mW/554mW VDD_SOC 1040mW/1046mW
08-23-2026 04:12:42 RAM 2936/7620MB (lfb 4x4MB) SWAP 0/12002MB (cached 0MB) CPU [4%@729,1%@729,1%@729,1%@729,1%@729,0%@729] GR3D_FREQ 0% cpu@44.343C soc2@43.656C soc0@42.281C gpu@43.875C tj@44.343C soc1@42.125C VDD_IN 3240mW/3313mW VDD_CPU_GPU_CV 519mW/554mW VDD_SOC 1040mW/1046mW
08-23-2026 04:12:43 RAM 2936/7620MB (lfb 4x4MB) SWAP 0/12002MB (cached 0MB) CPU [5%@729,4%@729,1%@729,2%@729,2%@729,2%@729] GR3D_FREQ 0% cpu@44.5C soc2@43.562C soc0@42.093C gpu@43.968C tj@44.5C soc1@42.25C VDD_IN 3240mW/3312mW VDD_CPU_GPU_CV 559mW/554mW VDD_SOC 1040mW/1046mW
08-23-2026 04:12:44 RAM 2936/7620MB (lfb 4x4MB) SWAP 0/12002MB (cached 0MB) CPU [7%@729,2%@729,3%@729,6%@729,3%@729,3%@729] GR3D_FREQ 0% cpu@44.25C soc2@43.656C soc0@42.187C gpu@43.562C tj@44.25C soc1@42.093C VDD_IN 3320mW/3313mW VDD_CPU_GPU_CV 559mW/554mW VDD_SOC 1040mW/1046mW
08-23-2026 04:12:45 RAM 2935/7620MB (lfb 4x4MB) SWAP 0/12002MB (cached 0MB) CPU [6%@729,2%@729,3%@729,2%@729,1%@729,2%@729] GR3D_FREQ 0% cpu@44.187C soc2@43.625C soc0@42.187C gpu@43.937C tj@44.187C soc1@42.25C VDD_IN 3280mW/3312mW VDD_CPU_GPU_CV 559mW/554mW VDD_SOC 1040mW/1046mW
08-23-2026 04:12:46 RAM 2934/7620MB (lfb 4x4MB) SWAP 0/12002MB (cached 0MB) CPU [5%@729,3%@729,0%@729,1%@729,1%@729,2%@729] GR3D_FREQ 0% cpu@44.343C soc2@43.625C soc0@42.156C gpu@43.531C tj@44.343C soc1@42.343C VDD_IN 3240mW/3312mW VDD_CPU_GPU_CV 519mW/554mW VDD_SOC 1040mW/1046mW
08-23-2026 04:12:47 RAM 2934/7620MB (lfb 4x4MB) SWAP 0/12002MB (cached 0MB) CPU [6%@729,0%@729,1%@729,0%@729,0%@729,1%@729] GR3D_FREQ 0% cpu@44.218C soc2@43.656C soc0@42.156C gpu@43.625C tj@44.218C soc1@42.125C VDD_IN 3240mW/3312mW VDD_CPU_GPU_CV 519mW/554mW VDD_SOC 1040mW/1046mW
08-23-2026 04:12:48 RAM 2934/7620MB (lfb 4x4MB) SWAP 0/12002MB (cached 0MB) CPU [5%@729,1%@729,1%@729,0%@729,0%@729,1%@729] GR3D_FREQ 0% cpu@44.187C soc2@43.687C soc0@42.125C gpu@43.937C tj@44.406C soc1@42.187C VDD_IN 3240mW/3312mW VDD_CPU_GPU_CV 519mW/554mW VDD_SOC 1040mW/1046mW
08-23-2026 04:12:49 RAM 2935/7620MB (lfb 4x4MB) SWAP 0/12002MB (cached 0MB) CPU [7%@729,2%@729,1%@729,1%@729,0%@729,2%@729] GR3D_FREQ 0% cpu@44.187C soc2@43.562C soc0@42.187C gpu@43.625C tj@44.187C soc1@42.156C VDD_IN 3240mW/3312mW VDD_CPU_GPU_CV 519mW/554mW VDD_SOC 1040mW/1046mW
08-23-2026 04:12:50 RAM 2933/7620MB (lfb 4x4MB) SWAP 0/12002MB (cached 0MB) CPU [5%@729,3%@729,3%@729,0%@729,2%@729,1%@729] GR3D_FREQ 0% cpu@44.25C soc2@43.687C soc0@42.218C gpu@43.937C tj@44.25C soc1@42.093C VDD_IN 3240mW/3312mW VDD_CPU_GPU_CV 519mW/553mW VDD_SOC 1040mW/1046mW
08-23-2026 04:12:51 RAM 2933/7620MB (lfb 4x4MB) SWAP 0/12002MB (cached 0MB) CPU [6%@729,1%@729,0%@729,0%@729,1%@729,1%@729] GR3D_FREQ 0% cpu@44.343C soc2@43.687C soc0@42.093C gpu@43.968C tj@44.343C soc1@42.218C VDD_IN 3280mW/3312mW VDD_CPU_GPU_CV 519mW/553mW VDD_SOC 1040mW/1046mW
08-23-2026 04:12:52 RAM 2934/7620MB (lfb 4x4MB) SWAP 0/12002MB (cached 0MB) CPU [6%@729,2%@729,0%@729,0%@729,1%@729,1%@729] GR3D_FREQ 0% cpu@44.625C soc2@43.625C soc0@42.125C gpu@43.656C tj@44.625C soc1@42.062C VDD_IN 3240mW/3312mW VDD_CPU_GPU_CV 519mW/553mW VDD_SOC 1040mW/1046mW
08-23-2026 04:12:53 RAM 2935/7620MB (lfb 4x4MB) SWAP 0/12002MB (cached 0MB) CPU [6%@729,0%@729,1%@729,1%@729,1%@729,1%@729] GR3D_FREQ 0% cpu@44.187C soc2@43.656C soc0@42.156C gpu@44C tj@44.187C soc1@42.125C VDD_IN 3240mW/3311mW VDD_CPU_GPU_CV 519mW/553mW VDD_SOC 1040mW/1046mW
08-23-2026 04:12:54 RAM 2935/7620MB (lfb 4x4MB) SWAP 0/12002MB (cached 0MB) CPU [5%@729,3%@729,1%@729,1%@729,1%@729,2%@729] GR3D_FREQ 0% cpu@44.312C soc2@43.656C soc0@42.093C gpu@43.5C tj@44.312C soc1@42.125C VDD_IN 3240mW/3311mW VDD_CPU_GPU_CV 519mW/553mW VDD_SOC 1040mW/1046mW
08-23-2026 04:12:55 RAM 2935/7620MB (lfb 4x4MB) SWAP 0/12002MB (cached 0MB) CPU [6%@729,3%@729,1%@729,1%@729,0%@729,2%@729] GR3D_FREQ 0% cpu@44.531C soc2@43.656C soc0@42.093C gpu@43.656C tj@44.531C soc1@42.062C VDD_IN 3280mW/3311mW VDD_CPU_GPU_CV 519mW/553mW VDD_SOC 1040mW/1046mW
08-23-2026 04:12:56 RAM 2935/7620MB (lfb 4x4MB) SWAP 0/12002MB (cached 0MB) CPU [5%@729,1%@729,0%@729,0%@729,1%@729,1%@729] GR3D_FREQ 0% cpu@44.125C soc2@43.656C soc0@42.125C gpu@43.468C tj@44.125C soc1@42.125C VDD_IN 3240mW/3311mW VDD_CPU_GPU_CV 519mW/553mW VDD_SOC 1040mW/1046mW
08-23-2026 04:12:57 RAM 2935/7620MB (lfb 4x4MB) SWAP 0/12002MB (cached 0MB) CPU [5%@729,3%@729,1%@729,1%@729,1%@729,1%@729] GR3D_FREQ 0% cpu@44.218C soc2@43.593C soc0@42.093C gpu@43.468C tj@44.468C soc1@42.156C VDD_IN 3240mW/3311mW VDD_CPU_GPU_CV 519mW/553mW VDD_SOC 1040mW/1046mW
08-23-2026 04:12:58 RAM 2934/7620MB (lfb 4x4MB) SWAP 0/12002MB (cached 0MB) CPU [6%@729,2%@729,1%@729,2%@729,1%@729,3%@729] GR3D_FREQ 0% cpu@44.187C soc2@43.625C soc0@42.062C gpu@43.593C tj@44.187C soc1@42.093C VDD_IN 3240mW/3311mW VDD_CPU_GPU_CV 559mW/553mW VDD_SOC 1040mW/1046mW
08-23-2026 04:12:59 RAM 2935/7620MB (lfb 4x4MB) SWAP 0/12002MB (cached 0MB) CPU [10%@729,1%@729,4%@729,3%@729,4%@729,4%@729] GR3D_FREQ 0% cpu@44.218C soc2@43.593C soc0@42.187C gpu@43.5C tj@44.218C soc1@42.093C VDD_IN 3280mW/3311mW VDD_CPU_GPU_CV 559mW/553mW VDD_SOC 1040mW/1046mW
08-23-2026 04:13:00 RAM 2935/7620MB (lfb 4x4MB) SWAP 0/12002MB (cached 0MB) CPU [5%@729,1%@729,2%@729,2%@729,2%@729,4%@729] GR3D_FREQ 0% cpu@44.375C soc2@43.656C soc0@42.062C gpu@43.656C tj@44.375C soc1@42.156C VDD_IN 3280mW/3311mW VDD_CPU_GPU_CV 559mW/553mW VDD_SOC 1040mW/1046mW
08-23-2026 04:13:01 RAM 2934/7620MB (lfb 4x4MB) SWAP 0/12002MB (cached 0MB) CPU [7%@729,1%@729,1%@729,1%@729,0%@729,0%@729] GR3D_FREQ 0% cpu@44.156C soc2@43.562C soc0@42.125C gpu@43.468C tj@44.156C soc1@42.093C VDD_IN 3240mW/3311mW VDD_CPU_GPU_CV 519mW/553mW VDD_SOC 1040mW/1046mW
08-23-2026 04:13:02 RAM 2935/7620MB (lfb 4x4MB) SWAP 0/12002MB (cached 0MB) CPU [5%@729,2%@729,1%@729,0%@729,0%@729,3%@729] GR3D_FREQ 0% cpu@44.187C soc2@43.593C soc0@42C gpu@43.5C tj@44.187C soc1@42.125C VDD_IN 3240mW/3310mW VDD_CPU_GPU_CV 519mW/553mW VDD_SOC 1040mW/1045mW
08-23-2026 04:13:03 RAM 2934/7620MB (lfb 4x4MB) SWAP 0/12002MB (cached 0MB) CPU [5%@729,2%@729,1%@729,1%@729,1%@729,4%@729] GR3D_FREQ 0% cpu@44.218C soc2@43.593C soc0@42.125C gpu@43.562C tj@44.218C soc1@42.187C VDD_IN 3240mW/3310mW VDD_CPU_GPU_CV 519mW/553mW VDD_SOC 1040mW/1045mW
08-23-2026 04:13:04 RAM 2934/7620MB (lfb 4x4MB) SWAP 0/12002MB (cached 0MB) CPU [6%@729,1%@729,4%@729,5%@729,2%@729,4%@729] GR3D_FREQ 0% cpu@44.25C soc2@43.593C soc0@42.125C gpu@43.437C tj@44.25C soc1@42.031C VDD_IN 3280mW/3310mW VDD_CPU_GPU_CV 559mW/553mW VDD_SOC 1040mW/1045mW
08-23-2026 04:13:05 RAM 2934/7620MB (lfb 4x4MB) SWAP 0/12002MB (cached 0MB) CPU [6%@729,1%@729,4%@729,2%@729,2%@729,4%@729] GR3D_FREQ 0% cpu@44.281C soc2@43.593C soc0@42C gpu@43.531C tj@44.281C soc1@42.125C VDD_IN 3280mW/3310mW VDD_CPU_GPU_CV 559mW/553mW VDD_SOC 1040mW/1045mW
08-23-2026 04:13:06 RAM 2935/7620MB (lfb 4x4MB) SWAP 0/12002MB (cached 0MB) CPU [6%@729,2%@729,2%@729,0%@729,1%@729,1%@729] GR3D_FREQ 0% cpu@44.062C soc2@43.468C soc0@41.968C gpu@43.562C tj@44.062C soc1@42.156C VDD_IN 3240mW/3310mW VDD_CPU_GPU_CV 519mW/553mW VDD_SOC 1040mW/1045mW
08-23-2026 04:13:07 RAM 2934/7620MB (lfb 4x4MB) SWAP 0/12002MB (cached 0MB) CPU [5%@729,2%@729,3%@729,0%@729,0%@729,1%@729] GR3D_FREQ 0% cpu@44.093C soc2@43.593C soc0@42.093C gpu@43.468C tj@44.093C soc1@42.093C VDD_IN 3240mW/3310mW VDD_CPU_GPU_CV 519mW/553mW VDD_SOC 1040mW/1045mW
08-23-2026 04:13:08 RAM 2935/7620MB (lfb 4x4MB) SWAP 0/12002MB (cached 0MB) CPU [4%@729,2%@729,2%@729,1%@729,0%@729,2%@729] GR3D_FREQ 0% cpu@44.187C soc2@43.531C soc0@42.093C gpu@43.625C tj@44.187C soc1@42.093C VDD_IN 3240mW/3310mW VDD_CPU_GPU_CV 519mW/553mW VDD_SOC 1040mW/1045mW
08-23-2026 04:13:09 RAM 2934/7620MB (lfb 4x4MB) SWAP 0/12002MB (cached 0MB) CPU [7%@729,1%@729,2%@729,0%@729,0%@729,2%@729] GR3D_FREQ 0% cpu@44.375C soc2@43.5C soc0@41.968C gpu@43.343C tj@44.375C soc1@41.937C VDD_IN 3240mW/3310mW VDD_CPU_GPU_CV 519mW/553mW VDD_SOC 1040mW/1045mW
08-23-2026 04:13:10 RAM 2935/7620MB (lfb 4x4MB) SWAP 0/12002MB (cached 0MB) CPU [5%@729,2%@729,1%@729,2%@729,5%@729,2%@729] GR3D_FREQ 0% cpu@44.031C soc2@43.468C soc0@42.125C gpu@43.437C tj@44.031C soc1@42C VDD_IN 3280mW/3310mW VDD_CPU_GPU_CV 559mW/553mW VDD_SOC 1040mW/1045mW
08-23-2026 04:13:11 RAM 2935/7620MB (lfb 4x4MB) SWAP 0/12002MB (cached 0MB) CPU [5%@729,1%@729,1%@729,0%@729,0%@729,1%@729] GR3D_FREQ 0% cpu@44.093C soc2@43.562C soc0@41.906C gpu@43.562C tj@44.437C soc1@42.062C VDD_IN 3240mW/3309mW VDD_CPU_GPU_CV 519mW/553mW VDD_SOC 1040mW/1045mW
08-23-2026 04:13:12 RAM 2934/7620MB (lfb 4x4MB) SWAP 0/12002MB (cached 0MB) CPU [5%@729,2%@729,3%@729,1%@729,1%@729,2%@729] GR3D_FREQ 0% cpu@44.062C soc2@43.5C soc0@42.062C gpu@43.343C tj@44.062C soc1@41.968C VDD_IN 3240mW/3309mW VDD_CPU_GPU_CV 519mW/552mW VDD_SOC 1040mW/1045mW
08-23-2026 04:13:13 RAM 2934/7620MB (lfb 4x4MB) SWAP 0/12002MB (cached 0MB) CPU [7%@729,1%@729,1%@729,2%@729,2%@729,2%@729] GR3D_FREQ 0% cpu@44.125C soc2@43.468C soc0@42.031C gpu@43.343C tj@44.125C soc1@42C VDD_IN 3240mW/3309mW VDD_CPU_GPU_CV 519mW/552mW VDD_SOC 1040mW/1045mW
08-23-2026 04:13:14 RAM 2934/7620MB (lfb 4x4MB) SWAP 0/12002MB (cached 0MB) CPU [5%@729,3%@729,4%@729,5%@729,2%@729,3%@729] GR3D_FREQ 0% cpu@44.25C soc2@43.375C soc0@41.968C gpu@43.531C tj@44.25C soc1@42C VDD_IN 3280mW/3309mW VDD_CPU_GPU_CV 559mW/552mW VDD_SOC 1040mW/1045mW
08-23-2026 04:13:15 RAM 2935/7620MB (lfb 4x4MB) SWAP 0/12002MB (cached 0MB) CPU [5%@729,3%@729,3%@729,1%@729,3%@729,5%@729] GR3D_FREQ 0% cpu@43.937C soc2@43.406C soc0@41.968C gpu@43.375C tj@43.937C soc1@41.937C VDD_IN 3280mW/3309mW VDD_CPU_GPU_CV 559mW/552mW VDD_SOC 1040mW/1045mW
08-23-2026 04:13:16 RAM 2935/7620MB (lfb 4x4MB) SWAP 0/12002MB (cached 0MB) CPU [7%@729,2%@729,4%@729,0%@729,0%@729,1%@729] GR3D_FREQ 0% cpu@44.031C soc2@43.312C soc0@42C gpu@43.562C tj@44.031C soc1@41.937C VDD_IN 3240mW/3309mW VDD_CPU_GPU_CV 519mW/552mW VDD_SOC 1040mW/1045mW
08-23-2026 04:13:17 RAM 2935/7620MB (lfb 4x4MB) SWAP 0/12002MB (cached 0MB) CPU [4%@729,1%@729,2%@729,1%@729,1%@729,1%@729] GR3D_FREQ 0% cpu@44.156C soc2@43.375C soc0@41.875C gpu@43.468C tj@44.156C soc1@42.031C VDD_IN 3240mW/3309mW VDD_CPU_GPU_CV 519mW/552mW VDD_SOC 1040mW/1045mW
08-23-2026 04:13:18 RAM 2934/7620MB (lfb 4x4MB) SWAP 0/12002MB (cached 0MB) CPU [6%@729,5%@729,1%@729,2%@729,2%@729,2%@729] GR3D_FREQ 0% cpu@43.937C soc2@43.406C soc0@42C gpu@43.343C tj@43.937C soc1@41.968C VDD_IN 3240mW/3309mW VDD_CPU_GPU_CV 519mW/552mW VDD_SOC 1040mW/1045mW
08-23-2026 04:13:19 RAM 2935/7620MB (lfb 4x4MB) SWAP 0/12002MB (cached 0MB) CPU [6%@729,3%@729,3%@729,7%@729,2%@729,4%@729] GR3D_FREQ 0% cpu@44C soc2@43.468C soc0@41.906C gpu@43.5C tj@44.156C soc1@41.937C VDD_IN 3280mW/3309mW VDD_CPU_GPU_CV 559mW/552mW VDD_SOC 1040mW/1045mW
08-23-2026 04:13:20 RAM 2935/7620MB (lfb 4x4MB) SWAP 0/12002MB (cached 0MB) CPU [10%@729,2%@729,2%@729,2%@729,2%@729,3%@729] GR3D_FREQ 0% cpu@43.968C soc2@43.375C soc0@41.875C gpu@43.562C tj@43.968C soc1@41.937C VDD_IN 3280mW/3309mW VDD_CPU_GPU_CV 559mW/552mW VDD_SOC 1040mW/1045mW
08-23-2026 04:13:21 RAM 2935/7620MB (lfb 4x4MB) SWAP 0/12002MB (cached 0MB) CPU [6%@729,1%@729,2%@729,1%@729,2%@729,1%@729] GR3D_FREQ 0% cpu@44.031C soc2@43.437C soc0@42.031C gpu@43.312C tj@44.031C soc1@41.937C VDD_IN 3240mW/3309mW VDD_CPU_GPU_CV 519mW/552mW VDD_SOC 1040mW/1045mW
08-23-2026 04:13:22 RAM 2935/7620MB (lfb 4x4MB) SWAP 0/12002MB (cached 0MB) CPU [6%@729,3%@729,0%@729,0%@729,3%@729,2%@729] GR3D_FREQ 0% cpu@44.125C soc2@43.531C soc0@41.875C gpu@43.468C tj@44.125C soc1@42C VDD_IN 3240mW/3308mW VDD_CPU_GPU_CV 519mW/552mW VDD_SOC 1040mW/1045mW
08-23-2026 04:13:23 RAM 2935/7620MB (lfb 4x4MB) SWAP 0/12002MB (cached 0MB) CPU [5%@729,1%@729,2%@729,2%@729,1%@729,1%@729] GR3D_FREQ 0% cpu@44.312C soc2@43.406C soc0@41.968C gpu@43.312C tj@44.312C soc1@41.937C VDD_IN 3240mW/3308mW VDD_CPU_GPU_CV 519mW/552mW VDD_SOC 1040mW/1045mW
08-23-2026 04:13:24 RAM 2935/7620MB (lfb 4x4MB) SWAP 0/12002MB (cached 0MB) CPU [7%@729,5%@729,3%@729,2%@729,3%@729,7%@729] GR3D_FREQ 0% cpu@44.031C soc2@43.406C soc0@42.031C gpu@43.312C tj@44.031C soc1@41.968C VDD_IN 3280mW/3308mW VDD_CPU_GPU_CV 559mW/552mW VDD_SOC 1040mW/1045mW
08-23-2026 04:13:25 RAM 2936/7620MB (lfb 4x4MB) SWAP 0/12002MB (cached 0MB) CPU [7%@729,2%@729,1%@729,2%@729,2%@729,5%@729] GR3D_FREQ 0% cpu@44.062C soc2@43.437C soc0@41.937C gpu@43.593C tj@44.062C soc1@41.968C VDD_IN 3280mW/3308mW VDD_CPU_GPU_CV 559mW/552mW VDD_SOC 1040mW/1045mW
08-23-2026 04:13:26 RAM 2936/7620MB (lfb 4x4MB) SWAP 0/12002MB (cached 0MB) CPU [5%@729,1%@729,1%@729,0%@729,0%@729,3%@729] GR3D_FREQ 0% cpu@44.25C soc2@43.468C soc0@42.062C gpu@43.406C tj@44.25C soc1@42C VDD_IN 3240mW/3308mW VDD_CPU_GPU_CV 519mW/552mW VDD_SOC 1040mW/1045mW
08-23-2026 04:13:27 RAM 2935/7620MB (lfb 4x4MB) SWAP 0/12002MB (cached 0MB) CPU [7%@729,1%@729,0%@729,0%@729,3%@729,3%@729] GR3D_FREQ 0% cpu@44.187C soc2@43.5C soc0@42.125C gpu@43.5C tj@44.187C soc1@42.031C VDD_IN 3240mW/3308mW VDD_CPU_GPU_CV 519mW/552mW VDD_SOC 1040mW/1045mW
08-23-2026 04:13:28 RAM 2935/7620MB (lfb 4x4MB) SWAP 0/12002MB (cached 0MB) CPU [8%@729,5%@729,5%@729,2%@729,1%@729,3%@729] GR3D_FREQ 0% cpu@44.312C soc2@43.468C soc0@41.937C gpu@43.593C tj@44.312C soc1@42.031C VDD_IN 3240mW/3308mW VDD_CPU_GPU_CV 519mW/552mW VDD_SOC 1040mW/1045mW
08-23-2026 04:13:29 RAM 2935/7620MB (lfb 4x4MB) SWAP 0/12002MB (cached 0MB) CPU [8%@729,3%@729,2%@729,2%@729,3%@729,5%@729] GR3D_FREQ 0% cpu@44.125C soc2@43.437C soc0@41.937C gpu@43.375C tj@44.125C soc1@42.031C VDD_IN 3280mW/3308mW VDD_CPU_GPU_CV 559mW/552mW VDD_SOC 1040mW/1045mW
08-23-2026 04:13:30 RAM 2935/7620MB (lfb 4x4MB) SWAP 0/12002MB (cached 0MB) CPU [9%@729,3%@729,3%@729,3%@729,4%@729,6%@729] GR3D_FREQ 0% cpu@44.093C soc2@43.5C soc0@41.968C gpu@43.625C tj@44.093C soc1@42C VDD_IN 3280mW/3308mW VDD_CPU_GPU_CV 559mW/552mW VDD_SOC 1040mW/1045mW
08-23-2026 04:13:31 RAM 2935/7620MB (lfb 4x4MB) SWAP 0/12002MB (cached 0MB) CPU [9%@729,2%@729,1%@729,1%@729,0%@729,1%@729] GR3D_FREQ 0% cpu@44.187C soc2@43.437C soc0@41.968C gpu@43.343C tj@44.187C soc1@42.031C VDD_IN 3240mW/3308mW VDD_CPU_GPU_CV 519mW/552mW VDD_SOC 1040mW/1045mW
08-23-2026 04:13:32 RAM 2935/7620MB (lfb 4x4MB) SWAP 0/12002MB (cached 0MB) CPU [8%@729,0%@729,0%@729,1%@729,0%@729,1%@729] GR3D_FREQ 0% cpu@44.093C soc2@43.468C soc0@41.968C gpu@43.437C tj@44.093C soc1@41.968C VDD_IN 3240mW/3307mW VDD_CPU_GPU_CV 519mW/552mW VDD_SOC 1040mW/1045mW
08-23-2026 04:13:33 RAM 2935/7620MB (lfb 4x4MB) SWAP 0/12002MB (cached 0MB) CPU [7%@729,2%@729,1%@729,2%@729,2%@729,2%@729] GR3D_FREQ 0% cpu@44.156C soc2@43.468C soc0@41.968C gpu@43.656C tj@44.156C soc1@42C VDD_IN 3240mW/3307mW VDD_CPU_GPU_CV 519mW/552mW VDD_SOC 1040mW/1045mW
08-23-2026 04:13:34 RAM 2935/7620MB (lfb 4x4MB) SWAP 0/12002MB (cached 0MB) CPU [8%@729,3%@729,1%@729,2%@729,0%@729,0%@729] GR3D_FREQ 0% cpu@44.218C soc2@43.375C soc0@41.906C gpu@43.468C tj@44.093C soc1@42.125C VDD_IN 3240mW/3307mW VDD_CPU_GPU_CV 519mW/552mW VDD_SOC 1040mW/1045mW
08-23-2026 04:13:35 RAM 2935/7620MB (lfb 4x4MB) SWAP 0/12002MB (cached 0MB) CPU [6%@729,2%@729,0%@729,1%@729,2%@729,3%@729] GR3D_FREQ 0% cpu@44.093C soc2@43.468C soc0@42C gpu@43.437C tj@44.093C soc1@41.968C VDD_IN 3240mW/3307mW VDD_CPU_GPU_CV 519mW/552mW VDD_SOC 1040mW/1045mW
08-23-2026 04:13:36 RAM 2935/7620MB (lfb 4x4MB) SWAP 0/12002MB (cached 0MB) CPU [6%@729,3%@729,1%@729,2%@729,1%@729,1%@729] GR3D_FREQ 0% cpu@44.218C soc2@43.468C soc0@41.968C gpu@43.687C tj@44.218C soc1@42C VDD_IN 3240mW/3307mW VDD_CPU_GPU_CV 519mW/552mW VDD_SOC 1040mW/1045mW
08-23-2026 04:13:37 RAM 2935/7620MB (lfb 4x4MB) SWAP 0/12002MB (cached 0MB) CPU [5%@729,0%@729,0%@729,2%@729,0%@729,1%@729] GR3D_FREQ 0% cpu@44.375C soc2@43.468C soc0@41.906C gpu@43.437C tj@44.375C soc1@42.187C VDD_IN 3240mW/3307mW VDD_CPU_GPU_CV 519mW/552mW VDD_SOC 1040mW/1045mW
08-23-2026 04:13:38 RAM 2935/7620MB (lfb 4x4MB) SWAP 0/12002MB (cached 0MB) CPU [7%@729,4%@729,1%@729,2%@729,2%@729,3%@729] GR3D_FREQ 0% cpu@44.156C soc2@43.406C soc0@42.062C gpu@43.437C tj@44.156C soc1@41.968C VDD_IN 3240mW/3307mW VDD_CPU_GPU_CV 519mW/551mW VDD_SOC 1040mW/1045mW
08-23-2026 04:13:39 RAM 2935/7620MB (lfb 4x4MB) SWAP 0/12002MB (cached 0MB) CPU [8%@729,2%@729,1%@729,1%@729,0%@729,1%@729] GR3D_FREQ 0% cpu@44.187C soc2@43.5C soc0@41.968C gpu@43.75C tj@44.187C soc1@42.031C VDD_IN 3240mW/3307mW VDD_CPU_GPU_CV 519mW/551mW VDD_SOC 1040mW/1045mW
08-23-2026 04:13:40 RAM 2935/7620MB (lfb 4x4MB) SWAP 0/12002MB (cached 0MB) CPU [6%@729,4%@729,1%@729,0%@729,1%@729,2%@729] GR3D_FREQ 0% cpu@44.312C soc2@43.468C soc0@41.968C gpu@43.718C tj@44.312C soc1@42.031C VDD_IN 3240mW/3307mW VDD_CPU_GPU_CV 519mW/551mW VDD_SOC 1040mW/1045mW
08-23-2026 04:13:41 RAM 2935/7620MB (lfb 4x4MB) SWAP 0/12002MB (cached 0MB) CPU [6%@729,3%@729,1%@729,1%@729,0%@729,2%@729] GR3D_FREQ 0% cpu@44.062C soc2@43.5C soc0@42.062C gpu@43.468C tj@44.062C soc1@41.968C VDD_IN 3240mW/3306mW VDD_CPU_GPU_CV 519mW/551mW VDD_SOC 1040mW/1045mW
08-23-2026 04:13:42 RAM 2935/7620MB (lfb 4x4MB) SWAP 0/12002MB (cached 0MB) CPU [9%@729,2%@729,1%@729,2%@729,1%@729,4%@729] GR3D_FREQ 0% cpu@44.156C soc2@43.531C soc0@41.968C gpu@43.75C tj@44.156C soc1@42.062C VDD_IN 3240mW/3306mW VDD_CPU_GPU_CV 519mW/551mW VDD_SOC 1040mW/1045mW
08-23-2026 04:13:43 RAM 2935/7620MB (lfb 4x4MB) SWAP 0/12002MB (cached 0MB) CPU [7%@729,5%@729,1%@729,3%@729,2%@729,1%@729] GR3D_FREQ 0% cpu@44.187C soc2@43.437C soc0@41.968C gpu@43.656C tj@44.187C soc1@41.968C VDD_IN 3240mW/3306mW VDD_CPU_GPU_CV 519mW/551mW VDD_SOC 1040mW/1045mW
08-23-2026 04:13:44 RAM 2932/7620MB (lfb 4x4MB) SWAP 0/12002MB (cached 0MB) CPU [12%@729,10%@729,17%@729,14%@729,4%@729,13%@729] GR3D_FREQ 0% cpu@44.062C soc2@43.5C soc0@42.093C gpu@43.437C tj@44.062C soc1@42C VDD_IN 3680mW/3307mW VDD_CPU_GPU_CV 638mW/551mW VDD_SOC 1080mW/1045mW
08-23-2026 04:13:45 RAM 2929/7620MB (lfb 5x4MB) SWAP 0/12002MB (cached 0MB) CPU [13%@729,8%@729,2%@729,3%@729,3%@729,2%@729] GR3D_FREQ 0% cpu@44.25C soc2@43.593C soc0@41.906C gpu@43.718C tj@44.25C soc1@42.062C VDD_IN 3600mW/3307mW VDD_CPU_GPU_CV 559mW/551mW VDD_SOC 1040mW/1045mW
08-23-2026 04:13:46 RAM 2929/7620MB (lfb 4x4MB) SWAP 0/12002MB (cached 0MB) CPU [10%@729,3%@729,0%@729,0%@729,1%@729,2%@729] GR3D_FREQ 0% cpu@43.968C soc2@43.468C soc0@41.906C gpu@43.593C tj@43.968C soc1@42.062C VDD_IN 3560mW/3308mW VDD_CPU_GPU_CV 519mW/551mW VDD_SOC 1040mW/1045mW
08-23-2026 04:13:48 RAM 2928/7620MB (lfb 4x4MB) SWAP 0/12002MB (cached 0MB) CPU [11%@729,4%@729,1%@729,1%@729,3%@729,2%@729] GR3D_FREQ 0% cpu@44.156C soc2@43.468C soc0@42.062C gpu@43.406C tj@44.156C soc1@41.968C VDD_IN 3560mW/3308mW VDD_CPU_GPU_CV 559mW/551mW VDD_SOC 1040mW/1045mW
08-23-2026 04:13:49 RAM 2946/7620MB (lfb 4x4MB) SWAP 0/12002MB (cached 0MB) CPU [9%@1510,47%@1510,2%@1510,1%@1510,0%@729,3%@729] GR3D_FREQ 0% cpu@44.406C soc2@43.531C soc0@41.968C gpu@43.5C tj@44.406C soc1@42C VDD_IN 4153mW/3310mW VDD_CPU_GPU_CV 837mW/552mW VDD_SOC 1277mW/1046mW
08-23-2026 04:13:50 RAM 2940/7620MB (lfb 4x4MB) SWAP 0/12002MB (cached 0MB) CPU [8%@1497,55%@1497,8%@1497,19%@1497,15%@1267,21%@1267] GR3D_FREQ 0% cpu@44.562C soc2@43.531C soc0@42.031C gpu@43.562C tj@44.562C soc1@42.187C VDD_IN 4585mW/3312mW VDD_CPU_GPU_CV 1154mW/553mW VDD_SOC 1275mW/1046mW
08-23-2026 04:13:51 RAM 2973/7620MB (lfb 4x4MB) SWAP 0/12002MB (cached 0MB) CPU [24%@883,16%@883,29%@883,33%@883,26%@1190,36%@1190] GR3D_FREQ 0% cpu@44.437C soc2@43.593C soc0@41.968C gpu@43.718C tj@44.437C soc1@42.062C VDD_IN 4353mW/3314mW VDD_CPU_GPU_CV 996mW/554mW VDD_SOC 1156mW/1046mW
08-23-2026 04:13:52 RAM 2984/7620MB (lfb 5x4MB) SWAP 0/12002MB (cached 0MB) CPU [9%@1036,6%@1036,23%@1036,27%@1036,16%@1036,29%@1036] GR3D_FREQ 0% cpu@44.406C soc2@43.593C soc0@42.062C gpu@43.75C tj@44.406C soc1@42.093C VDD_IN 4073mW/3315mW VDD_CPU_GPU_CV 917mW/554mW VDD_SOC 1118mW/1046mW
08-23-2026 04:13:53 RAM 2965/7620MB (lfb 5x4MB) SWAP 0/12002MB (cached 0MB) CPU [12%@1036,12%@1036,47%@1036,27%@1036,27%@729,32%@729] GR3D_FREQ 0% cpu@44.312C soc2@43.812C soc0@42C gpu@43.812C tj@44.562C soc1@42.125C VDD_IN 4113mW/3316mW VDD_CPU_GPU_CV 956mW/555mW VDD_SOC 1158mW/1046mW
08-23-2026 04:13:54 RAM 2974/7620MB (lfb 5x4MB) SWAP 0/12002MB (cached 0MB) CPU [21%@1510,7%@1510,34%@1510,8%@1510,4%@729,5%@729] GR3D_FREQ 0% cpu@44.75C soc2@43.656C soc0@42.125C gpu@43.593C tj@44.75C soc1@42.281C VDD_IN 4186mW/3318mW VDD_CPU_GPU_CV 955mW/556mW VDD_SOC 1236mW/1047mW
08-23-2026 04:13:55 RAM 2936/7620MB (lfb 4x4MB) SWAP 0/12002MB (cached 0MB) CPU [6%@729,4%@729,62%@729,1%@729,1%@729,4%@729] GR3D_FREQ 0% cpu@44.468C soc2@43.656C soc0@42.125C gpu@43.593C tj@44.468C soc1@42.187C VDD_IN 3920mW/3319mW VDD_CPU_GPU_CV 757mW/556mW VDD_SOC 1158mW/1047mW
08-23-2026 04:13:56 RAM 2951/7620MB (lfb 4x4MB) SWAP 0/12002MB (cached 0MB) CPU [6%@729,1%@729,23%@729,15%@729,2%@729,5%@729] GR3D_FREQ 0% cpu@44.343C soc2@43.687C soc0@42.031C gpu@43.812C tj@44.343C soc1@42.187C VDD_IN 3793mW/3320mW VDD_CPU_GPU_CV 678mW/556mW VDD_SOC 1118mW/1047mW
08-23-2026 04:13:57 RAM 2951/7620MB (lfb 3x4MB) SWAP 0/12002MB (cached 0MB) CPU [6%@729,3%@729,2%@729,5%@729,1%@729,2%@729] GR3D_FREQ 0% cpu@44.468C soc2@43.562C soc0@42.062C gpu@43.5C tj@44.468C soc1@42.218C VDD_IN 3600mW/3320mW VDD_CPU_GPU_CV 559mW/556mW VDD_SOC 1040mW/1047mW
08-23-2026 04:13:58 RAM 2951/7620MB (lfb 4x4MB) SWAP 0/12002MB (cached 0MB) CPU [6%@729,1%@729,3%@729,2%@729,2%@729,1%@729] GR3D_FREQ 0% cpu@44.218C soc2@43.625C soc0@42.187C gpu@43.812C tj@44.218C soc1@42.125C VDD_IN 3560mW/3320mW VDD_CPU_GPU_CV 559mW/556mW VDD_SOC 1040mW/1047mW
08-23-2026 04:13:59 RAM 2957/7620MB (lfb 3x4MB) SWAP 0/12002MB (cached 0MB) CPU [5%@729,2%@729,6%@729,10%@729,3%@729,1%@729] GR3D_FREQ 0% cpu@44.25C soc2@43.718C soc0@42.062C gpu@43.906C tj@44.25C soc1@42.125C VDD_IN 3560mW/3321mW VDD_CPU_GPU_CV 559mW/556mW VDD_SOC 1040mW/1047mW
08-23-2026 04:14:00 RAM 2957/7620MB (lfb 3x4MB) SWAP 0/12002MB (cached 0MB) CPU [7%@729,2%@729,14%@729,8%@729,3%@729,4%@729] GR3D_FREQ 0% cpu@44.468C soc2@43.593C soc0@42.187C gpu@43.562C tj@44.468C soc1@42.25C VDD_IN 3600mW/3321mW VDD_CPU_GPU_CV 559mW/556mW VDD_SOC 1040mW/1047mW
08-23-2026 04:14:01 RAM 2956/7620MB (lfb 3x4MB) SWAP 0/12002MB (cached 0MB) CPU [23%@729,7%@729,3%@729,0%@729,2%@729,2%@729] GR3D_FREQ 0% cpu@44.187C soc2@43.656C soc0@42.281C gpu@43.875C tj@44.281C soc1@42.156C VDD_IN 3640mW/3322mW VDD_CPU_GPU_CV 599mW/556mW VDD_SOC 1040mW/1047mW
08-23-2026 04:14:02 RAM 2965/7620MB (lfb 3x4MB) SWAP 0/12002MB (cached 0MB) CPU [35%@729,5%@729,0%@729,1%@729,1%@729,1%@729] GR3D_FREQ 0% cpu@44.187C soc2@43.593C soc0@42.156C gpu@43.718C tj@44.187C soc1@42.093C VDD_IN 3680mW/3322mW VDD_CPU_GPU_CV 599mW/556mW VDD_SOC 1080mW/1047mW
08-23-2026 04:14:03 RAM 2970/7620MB (lfb 3x4MB) SWAP 0/12002MB (cached 0MB) CPU [35%@729,3%@729,1%@729,1%@729,2%@729,1%@729] GR3D_FREQ 0% cpu@44.281C soc2@43.625C soc0@42.25C gpu@44.031C tj@44.281C soc1@42.156C VDD_IN 3720mW/3323mW VDD_CPU_GPU_CV 638mW/556mW VDD_SOC 1080mW/1047mW
08-23-2026 04:14:04 RAM 2983/7620MB (lfb 3x4MB) SWAP 0/12002MB (cached 0MB) CPU [30%@729,8%@729,1%@729,0%@729,0%@729,1%@729] GR3D_FREQ 0% cpu@44.468C soc2@43.656C soc0@42.218C gpu@43.531C tj@44.468C soc1@42.218C VDD_IN 3680mW/3324mW VDD_CPU_GPU_CV 599mW/556mW VDD_SOC 1080mW/1047mW
08-23-2026 04:14:05 RAM 2984/7620MB (lfb 3x4MB) SWAP 0/12002MB (cached 0MB) CPU [25%@729,2%@729,1%@729,1%@729,1%@729,1%@729] GR3D_FREQ 0% cpu@44.593C soc2@43.687C soc0@42.218C gpu@43.718C tj@44.593C soc1@42.125C VDD_IN 3640mW/3324mW VDD_CPU_GPU_CV 599mW/557mW VDD_SOC 1040mW/1047mW
08-23-2026 04:14:06 RAM 2988/7620MB (lfb 4x4MB) SWAP 0/12002MB (cached 0MB) CPU [26%@729,4%@729,4%@729,1%@729,1%@729,1%@729] GR3D_FREQ 0% cpu@44.187C soc2@43.687C soc0@42.156C gpu@43.562C tj@44.406C soc1@42.156C VDD_IN 3640mW/3325mW VDD_CPU_GPU_CV 599mW/557mW VDD_SOC 1040mW/1047mW
08-23-2026 04:14:07 RAM 2988/7620MB (lfb 4x4MB) SWAP 0/12002MB (cached 0MB) CPU [14%@729,2%@729,1%@729,1%@729,1%@729,1%@729] GR3D_FREQ 0% cpu@44.218C soc2@43.593C soc0@42.156C gpu@43.687C tj@44.218C soc1@42.406C VDD_IN 3560mW/3325mW VDD_CPU_GPU_CV 559mW/557mW VDD_SOC 1040mW/1047mW
08-23-2026 04:14:08 RAM 2993/7620MB (lfb 4x4MB) SWAP 0/12002MB (cached 0MB) CPU [14%@729,2%@729,1%@729,5%@729,2%@729,2%@729] GR3D_FREQ 0% cpu@44.218C soc2@43.656C soc0@42.218C gpu@43.468C tj@44.218C soc1@42.125C VDD_IN 3560mW/3326mW VDD_CPU_GPU_CV 559mW/557mW VDD_SOC 1040mW/1047mW
08-23-2026 04:14:09 RAM 2993/7620MB (lfb 3x4MB) SWAP 0/12002MB (cached 0MB) CPU [14%@729,4%@729,0%@729,1%@729,1%@729,0%@729] GR3D_FREQ 0% cpu@44.437C soc2@43.75C soc0@42.093C gpu@43.531C tj@44.437C soc1@42.187C VDD_IN 3600mW/3326mW VDD_CPU_GPU_CV 559mW/557mW VDD_SOC 1040mW/1047mW
08-23-2026 04:14:10 RAM 3003/7620MB (lfb 3x4MB) SWAP 0/12002MB (cached 0MB) CPU [14%@729,32%@729,2%@729,1%@729,1%@729,0%@729] GR3D_FREQ 0% cpu@44.562C soc2@43.625C soc0@42.093C gpu@43.625C tj@44.562C soc1@42.062C VDD_IN 3873mW/3327mW VDD_CPU_GPU_CV 717mW/557mW VDD_SOC 1118mW/1047mW
08-23-2026 04:14:11 RAM 3008/7620MB (lfb 4x4MB) SWAP 0/12002MB (cached 0MB) CPU [15%@1036,26%@1036,2%@1036,4%@1036,1%@729,2%@729] GR3D_FREQ 0% cpu@44.218C soc2@43.625C soc0@42.218C gpu@43.5C tj@44.218C soc1@42.187C VDD_IN 3760mW/3328mW VDD_CPU_GPU_CV 638mW/557mW VDD_SOC 1080mW/1047mW
08-23-2026 04:14:12 RAM 3016/7620MB (lfb 4x4MB) SWAP 0/12002MB (cached 0MB) CPU [8%@729,27%@729,2%@729,4%@729,13%@729,1%@729] GR3D_FREQ 0% cpu@44.656C soc2@43.625C soc0@42.093C gpu@43.75C tj@44.656C soc1@42.281C VDD_IN 3720mW/3328mW VDD_CPU_GPU_CV 638mW/557mW VDD_SOC 1080mW/1047mW
08-23-2026 04:14:13 RAM 3017/7620MB (lfb 3x4MB) SWAP 0/12002MB (cached 0MB) CPU [8%@729,2%@729,1%@729,4%@729,18%@729,21%@729] GR3D_FREQ 0% cpu@44.406C soc2@43.625C soc0@42.156C gpu@43.562C tj@44.281C soc1@42.125C VDD_IN 3680mW/3329mW VDD_CPU_GPU_CV 599mW/557mW VDD_SOC 1040mW/1047mW
08-23-2026 04:14:14 RAM 3017/7620MB (lfb 3x4MB) SWAP 0/12002MB (cached 0MB) CPU [8%@729,0%@729,8%@729,0%@729,10%@729,33%@729] GR3D_FREQ 0% cpu@44.343C soc2@43.75C soc0@42.125C gpu@43.75C tj@44.343C soc1@42.25C VDD_IN 3800mW/3330mW VDD_CPU_GPU_CV 678mW/557mW VDD_SOC 1078mW/1047mW
08-23-2026 04:14:15 RAM 3018/7620MB (lfb 4x4MB) SWAP 0/12002MB (cached 0MB) CPU [7%@729,1%@729,2%@729,1%@729,8%@729,20%@729] GR3D_FREQ 0% cpu@44.656C soc2@43.75C soc0@42.218C gpu@43.718C tj@44.656C soc1@42.125C VDD_IN 3720mW/3330mW VDD_CPU_GPU_CV 599mW/558mW VDD_SOC 1040mW/1047mW
08-23-2026 04:14:16 RAM 3018/7620MB (lfb 4x4MB) SWAP 0/12002MB (cached 0MB) CPU [5%@729,1%@729,2%@729,2%@729,15%@729,12%@729] GR3D_FREQ 0% cpu@44.25C soc2@43.687C soc0@42.156C gpu@43.531C tj@44.25C soc1@42.156C VDD_IN 3680mW/3331mW VDD_CPU_GPU_CV 599mW/558mW VDD_SOC 1080mW/1047mW
08-23-2026 04:14:17 RAM 3023/7620MB (lfb 3x4MB) SWAP 0/12002MB (cached 0MB) CPU [7%@729,3%@729,1%@729,1%@729,2%@729,23%@729] GR3D_FREQ 0% cpu@44.656C soc2@43.687C soc0@42.218C gpu@43.781C tj@44.656C soc1@42.312C VDD_IN 3640mW/3331mW VDD_CPU_GPU_CV 559mW/558mW VDD_SOC 1040mW/1047mW
08-23-2026 04:14:18 RAM 3023/7620MB (lfb 4x4MB) SWAP 0/12002MB (cached 0MB) CPU [7%@729,1%@729,2%@729,1%@729,15%@729,10%@729] GR3D_FREQ 0% cpu@44.312C soc2@43.687C soc0@42.281C gpu@43.656C tj@44.312C soc1@42.125C VDD_IN 3640mW/3332mW VDD_CPU_GPU_CV 559mW/558mW VDD_SOC 1040mW/1047mW
08-23-2026 04:14:19 RAM 3022/7620MB (lfb 4x4MB) SWAP 0/12002MB (cached 0MB) CPU [8%@729,2%@729,3%@729,6%@729,23%@729,12%@729] GR3D_FREQ 0% cpu@44.312C soc2@43.781C soc0@42.187C gpu@43.812C tj@44.312C soc1@42.25C VDD_IN 3720mW/3332mW VDD_CPU_GPU_CV 638mW/558mW VDD_SOC 1080mW/1047mW
08-23-2026 04:14:20 RAM 3028/7620MB (lfb 3x4MB) SWAP 0/12002MB (cached 0MB) CPU [7%@729,1%@729,1%@729,1%@729,9%@729,36%@729] GR3D_FREQ 0% cpu@44.562C soc2@43.75C soc0@42.281C gpu@43.625C tj@44.562C soc1@42.375C VDD_IN 3913mW/3333mW VDD_CPU_GPU_CV 717mW/558mW VDD_SOC 1118mW/1047mW
08-23-2026 04:14:21 RAM 3030/7620MB (lfb 5x4MB) SWAP 0/12002MB (cached 0MB) CPU [6%@729,0%@729,2%@729,2%@729,13%@729,3%@729] GR3D_FREQ 0% cpu@44.312C soc2@43.812C soc0@42.312C gpu@43.687C tj@44.312C soc1@42.25C VDD_IN 3720mW/3334mW VDD_CPU_GPU_CV 599mW/558mW VDD_SOC 1078mW/1048mW
08-23-2026 04:14:22 RAM 3030/7620MB (lfb 5x4MB) SWAP 0/12002MB (cached 0MB) CPU [7%@729,1%@729,1%@729,0%@729,0%@729,0%@729] GR3D_FREQ 0% cpu@44.375C soc2@43.812C soc0@42.25C gpu@43.875C tj@44.562C soc1@42.25C VDD_IN 3560mW/3334mW VDD_CPU_GPU_CV 559mW/558mW VDD_SOC 1040mW/1048mW
08-23-2026 04:14:23 RAM 3030/7620MB (lfb 5x4MB) SWAP 0/12002MB (cached 0MB) CPU [7%@729,3%@729,1%@729,0%@729,1%@729,2%@729] GR3D_FREQ 0% cpu@44.406C soc2@43.718C soc0@42.281C gpu@43.718C tj@44.406C soc1@42.218C VDD_IN 3600mW/3335mW VDD_CPU_GPU_CV 519mW/558mW VDD_SOC 1040mW/1048mW
08-23-2026 04:14:24 RAM 3030/7620MB (lfb 5x4MB) SWAP 0/12002MB (cached 0MB) CPU [5%@729,0%@729,1%@729,1%@729,1%@729,1%@729] GR3D_FREQ 0% cpu@44.437C soc2@43.75C soc0@42.25C gpu@43.781C tj@44.437C soc1@42.218C VDD_IN 3560mW/3335mW VDD_CPU_GPU_CV 519mW/558mW VDD_SOC 1040mW/1048mW
08-23-2026 04:14:25 RAM 3031/7620MB (lfb 5x4MB) SWAP 0/12002MB (cached 0MB) CPU [6%@729,2%@729,1%@729,3%@729,3%@729,4%@729] GR3D_FREQ 0% cpu@44.531C soc2@43.812C soc0@42.281C gpu@43.843C tj@44.531C soc1@42.25C VDD_IN 3600mW/3336mW VDD_CPU_GPU_CV 559mW/558mW VDD_SOC 1040mW/1047mW
08-23-2026 04:14:26 RAM 3031/7620MB (lfb 5x4MB) SWAP 0/12002MB (cached 0MB) CPU [5%@729,2%@729,1%@729,1%@729,2%@729,4%@729] GR3D_FREQ 0% cpu@44.312C soc2@43.75C soc0@42.25C gpu@43.75C tj@44.312C soc1@42.218C VDD_IN 3600mW/3336mW VDD_CPU_GPU_CV 519mW/558mW VDD_SOC 1040mW/1047mW
08-23-2026 04:14:30 RAM 3037/7620MB (lfb 8x4MB) SWAP 0/12002MB (cached 0MB) CPU [32%@1510,1%@1510,2%@1510,1%@1510,3%@729,3%@729] GR3D_FREQ 0% cpu@44.906C soc2@43.875C soc0@42.312C gpu@44.031C tj@44.906C soc1@42.468C VDD_IN 4585mW/3338mW VDD_CPU_GPU_CV 1035mW/559mW VDD_SOC 1395mW/1048mW
08-23-2026 04:14:31 RAM 3040/7620MB (lfb 8x4MB) SWAP 0/12002MB (cached 0MB) CPU [100%@1510,1%@1510,1%@1510,1%@1510,0%@729,1%@729] GR3D_FREQ 0% cpu@44.843C soc2@43.968C soc0@42.406C gpu@44.093C tj@44.843C soc1@42.5C VDD_IN 4665mW/3340mW VDD_CPU_GPU_CV 1035mW/559mW VDD_SOC 1435mW/1049mW
08-23-2026 04:14:32 RAM 3057/7620MB (lfb 6x4MB) SWAP 0/12002MB (cached 0MB) CPU [98%@1510,1%@1510,1%@1510,0%@1510,0%@729,1%@729] GR3D_FREQ 0% cpu@45.187C soc2@44C soc0@42.468C gpu@44.093C tj@45.187C soc1@42.312C VDD_IN 4697mW/3342mW VDD_CPU_GPU_CV 1073mW/560mW VDD_SOC 1433mW/1049mW
08-23-2026 04:14:33 RAM 3060/7620MB (lfb 6x4MB) SWAP 0/12002MB (cached 0MB) CPU [54%@1510,14%@1510,10%@1510,8%@1510,16%@729,3%@729] GR3D_FREQ 0% cpu@44.843C soc2@44.062C soc0@42.5C gpu@44.25C tj@44.843C soc1@42.406C VDD_IN 4505mW/3344mW VDD_CPU_GPU_CV 1074mW/561mW VDD_SOC 1315mW/1050mW
08-23-2026 04:14:34 RAM 3064/7620MB (lfb 6x4MB) SWAP 0/12002MB (cached 0MB) CPU [11%@729,8%@729,32%@729,21%@729,6%@1267,32%@1267] GR3D_FREQ 0% cpu@44.843C soc2@44.093C soc0@42.343C gpu@43.937C tj@44.843C soc1@42.437C VDD_IN 4385mW/3346mW VDD_CPU_GPU_CV 1114mW/562mW VDD_SOC 1236mW/1050mW
08-23-2026 04:14:35 RAM 3071/7620MB (lfb 6x4MB) SWAP 0/12002MB (cached 0MB) CPU [11%@1420,0%@1420,79%@1420,15%@1420,1%@729,3%@729] GR3D_FREQ 0% cpu@45.281C soc2@43.937C soc0@42.531C gpu@43.937C tj@45.281C soc1@42.625C VDD_IN 4385mW/3348mW VDD_CPU_GPU_CV 1114mW/563mW VDD_SOC 1236mW/1050mW
08-23-2026 04:14:36 RAM 3071/7620MB (lfb 6x4MB) SWAP 0/12002MB (cached 0MB) CPU [4%@729,4%@729,60%@729,0%@729,8%@1420,31%@1420] GR3D_FREQ 0% cpu@45.031C soc2@43.968C soc0@42.437C gpu@43.968C tj@45.031C soc1@42.468C VDD_IN 4385mW/3349mW VDD_CPU_GPU_CV 1114mW/564mW VDD_SOC 1236mW/1051mW
08-23-2026 04:14:37 RAM 3070/7620MB (lfb 6x4MB) SWAP 0/12002MB (cached 0MB) CPU [11%@1267,6%@1267,61%@1267,8%@1267,7%@729,16%@729] GR3D_FREQ 0% cpu@45.031C soc2@43.937C soc0@42.625C gpu@44.281C tj@45.031C soc1@42.5C VDD_IN 4346mW/3351mW VDD_CPU_GPU_CV 1114mW/565mW VDD_SOC 1236mW/1051mW
08-23-2026 04:14:38 RAM 3072/7620MB (lfb 7x4MB) SWAP 0/12002MB (cached 0MB) CPU [13%@1344,6%@1344,45%@1344,8%@1344,1%@729,39%@729] GR3D_FREQ 0% cpu@45.312C soc2@44.031C soc0@42.562C gpu@44.281C tj@45.312C soc1@42.5C VDD_IN 4306mW/3352mW VDD_CPU_GPU_CV 1114mW/565mW VDD_SOC 1236mW/1051mW
08-23-2026 04:14:39 RAM 3072/7620MB (lfb 7x4MB) SWAP 0/12002MB (cached 0MB) CPU [11%@1497,1%@1497,73%@1497,10%@1497,8%@729,7%@729] GR3D_FREQ 0% cpu@45.281C soc2@44.031C soc0@42.5C gpu@44.343C tj@45.281C soc1@42.625C VDD_IN 4346mW/3354mW VDD_CPU_GPU_CV 1114mW/566mW VDD_SOC 1236mW/1051mW
08-23-2026 04:14:40 RAM 3072/7620MB (lfb 7x4MB) SWAP 0/12002MB (cached 0MB) CPU [11%@1420,17%@1420,32%@1420,14%@1420,1%@729,34%@729] GR3D_FREQ 0% cpu@45.218C soc2@44.031C soc0@42.5C gpu@44.062C tj@45.218C soc1@42.562C VDD_IN 4193mW/3355mW VDD_CPU_GPU_CV 1036mW/567mW VDD_SOC 1198mW/1052mW
08-23-2026 04:14:41 RAM 3070/7620MB (lfb 7x4MB) SWAP 0/12002MB (cached 0MB) CPU [20%@729,6%@729,58%@729,7%@729,3%@1036,17%@1036] GR3D_FREQ 0% cpu@44.843C soc2@44.156C soc0@42.656C gpu@44.062C tj@45.031C soc1@42.5C VDD_IN 4346mW/3357mW VDD_CPU_GPU_CV 1114mW/568mW VDD_SOC 1236mW/1052mW
08-23-2026 04:14:42 RAM 3072/7620MB (lfb 7x4MB) SWAP 0/12002MB (cached 0MB) CPU [6%@729,8%@729,51%@729,15%@729,12%@1036,18%@1036] GR3D_FREQ 0% cpu@45.156C soc2@44.156C soc0@42.5C gpu@44.468C tj@45.156C soc1@42.687C VDD_IN 4346mW/3358mW VDD_CPU_GPU_CV 1114mW/569mW VDD_SOC 1236mW/1052mW
08-23-2026 04:14:43 RAM 3072/7620MB (lfb 7x4MB) SWAP 0/12002MB (cached 0MB) CPU [10%@1113,7%@1113,10%@1113,7%@1113,24%@729,57%@729] GR3D_FREQ 0% cpu@45.312C soc2@44.125C soc0@42.656C gpu@44.437C tj@45.093C soc1@42.625C VDD_IN 4385mW/3360mW VDD_CPU_GPU_CV 1154mW/570mW VDD_SOC 1236mW/1053mW
08-23-2026 04:14:44 RAM 2958/7620MB (lfb 19x4MB) SWAP 0/12002MB (cached 0MB) CPU [22%@1510,18%@1510,46%@1510,13%@1510,10%@729,18%@729] GR3D_FREQ 0% cpu@45.093C soc2@44.187C soc0@42.687C gpu@44.156C tj@45.093C soc1@42.718C VDD_IN 4306mW/3361mW VDD_CPU_GPU_CV 1074mW/570mW VDD_SOC 1236mW/1053mW
08-23-2026 04:14:45 RAM 2999/7620MB (lfb 19x4MB) SWAP 0/12002MB (cached 0MB) CPU [100%@1510,2%@1510,0%@1510,1%@1510,0%@729,1%@729] GR3D_FREQ 0% cpu@45.093C soc2@44.312C soc0@42.562C gpu@44.218C tj@45.093C soc1@42.656C VDD_IN 4737mW/3364mW VDD_CPU_GPU_CV 1230mW/572mW VDD_SOC 1430mW/1053mW
08-23-2026 04:14:46 RAM 3024/7620MB (lfb 12x4MB) SWAP 0/12002MB (cached 0MB) CPU [100%@1510,1%@1510,0%@1510,0%@1510,0%@729,1%@729] GR3D_FREQ 0% cpu@45.25C soc2@44.25C soc0@42.593C gpu@44.218C tj@45.25C soc1@42.718C VDD_IN 4729mW/3366mW VDD_CPU_GPU_CV 1230mW/573mW VDD_SOC 1430mW/1054mW
08-23-2026 04:14:47 RAM 2957/7620MB (lfb 14x4MB) SWAP 0/12002MB (cached 0MB) CPU [45%@1510,3%@1510,46%@1510,8%@1510,4%@729,4%@729] GR3D_FREQ 0% cpu@45.5C soc2@44.25C soc0@42.593C gpu@44.218C tj@45.5C soc1@42.906C VDD_IN 4625mW/3368mW VDD_CPU_GPU_CV 1114mW/573mW VDD_SOC 1395mW/1055mW
08-23-2026 04:14:48 RAM 2945/7620MB (lfb 14x4MB) SWAP 0/12002MB (cached 0MB) CPU [6%@729,0%@729,76%@729,5%@729,8%@729,9%@729] GR3D_FREQ 0% cpu@44.812C soc2@44.218C soc0@42.656C gpu@44.562C tj@44.812C soc1@42.593C VDD_IN 4193mW/3369mW VDD_CPU_GPU_CV 877mW/574mW VDD_SOC 1238mW/1055mW
08-23-2026 04:14:49 RAM 2945/7620MB (lfb 14x4MB) SWAP 0/12002MB (cached 0MB) CPU [4%@729,4%@729,2%@729,4%@729,3%@729,5%@729] GR3D_FREQ 0% cpu@44.875C soc2@44.187C soc0@42.593C gpu@44.125C tj@44.875C soc1@42.656C VDD_IN 3440mW/3369mW VDD_CPU_GPU_CV 638mW/574mW VDD_SOC 1080mW/1055mW
08-23-2026 04:14:50 RAM 2947/7620MB (lfb 14x4MB) SWAP 0/12002MB (cached 0MB) CPU [5%@729,2%@729,5%@729,1%@729,2%@729,2%@729] GR3D_FREQ 0% cpu@44.937C soc2@44.125C soc0@42.656C gpu@44.125C tj@44.937C soc1@42.531C VDD_IN 3280mW/3369mW VDD_CPU_GPU_CV 559mW/574mW VDD_SOC 1040mW/1055mW
08-23-2026 04:14:51 RAM 2947/7620MB (lfb 14x4MB) SWAP 0/12002MB (cached 0MB) CPU [6%@729,1%@729,1%@729,2%@729,3%@729,1%@729] GR3D_FREQ 0% cpu@44.656C soc2@44.093C soc0@42.687C gpu@44C tj@44.812C soc1@42.562C VDD_IN 3240mW/3369mW VDD_CPU_GPU_CV 519mW/574mW VDD_SOC 1040mW/1055mW
08-23-2026 04:14:52 RAM 2947/7620MB (lfb 14x4MB) SWAP 0/12002MB (cached 0MB) CPU [5%@729,1%@729,1%@729,2%@729,2%@729,1%@729] GR3D_FREQ 0% cpu@44.843C soc2@44.031C soc0@42.562C gpu@44.125C tj@44.843C soc1@42.687C VDD_IN 3240mW/3369mW VDD_CPU_GPU_CV 519mW/574mW VDD_SOC 1040mW/1055mW
08-23-2026 04:14:53 RAM 2947/7620MB (lfb 14x4MB) SWAP 0/12002MB (cached 0MB) CPU [5%@729,1%@729,1%@729,1%@729,1%@729,0%@729] GR3D_FREQ 0% cpu@44.656C soc2@44.093C soc0@42.531C gpu@44.093C tj@44.656C soc1@42.5C VDD_IN 3240mW/3368mW VDD_CPU_GPU_CV 519mW/574mW VDD_SOC 1040mW/1055mW
08-23-2026 04:14:54 RAM 2949/7620MB (lfb 14x4MB) SWAP 0/12002MB (cached 0MB) CPU [4%@729,1%@729,3%@729,1%@729,2%@729,0%@729] GR3D_FREQ 0% cpu@44.687C soc2@44C soc0@42.625C gpu@43.937C tj@44.687C soc1@42.531C VDD_IN 3280mW/3368mW VDD_CPU_GPU_CV 559mW/574mW VDD_SOC 1040mW/1055mW
08-23-2026 04:14:55 RAM 2949/7620MB (lfb 14x4MB) SWAP 0/12002MB (cached 0MB) CPU [6%@729,1%@729,0%@729,2%@729,2%@729,0%@729] GR3D_FREQ 0% cpu@44.75C soc2@44C soc0@42.562C gpu@44.093C tj@44.75C soc1@42.593C VDD_IN 3240mW/3368mW VDD_CPU_GPU_CV 519mW/574mW VDD_SOC 1040mW/1055mW
08-23-2026 04:14:56 RAM 2948/7620MB (lfb 14x4MB) SWAP 0/12002MB (cached 0MB) CPU [4%@729,0%@729,1%@729,1%@729,1%@729,0%@729] GR3D_FREQ 0% cpu@44.5C soc2@43.968C soc0@42.5C gpu@44.031C tj@44.5C soc1@42.437C VDD_IN 3240mW/3368mW VDD_CPU_GPU_CV 519mW/573mW VDD_SOC 1040mW/1055mW
08-23-2026 04:14:57 RAM 2949/7620MB (lfb 14x4MB) SWAP 0/12002MB (cached 0MB) CPU [5%@729,2%@729,1%@729,4%@729,1%@729,1%@729] GR3D_FREQ 0% cpu@44.625C soc2@44C soc0@42.468C gpu@43.906C tj@44.625C soc1@42.531C VDD_IN 3240mW/3368mW VDD_CPU_GPU_CV 519mW/573mW VDD_SOC 1040mW/1055mW
08-23-2026 04:14:58 RAM 2949/7620MB (lfb 14x4MB) SWAP 0/12002MB (cached 0MB) CPU [7%@729,1%@729,1%@729,3%@729,3%@729,1%@729] GR3D_FREQ 0% cpu@44.687C soc2@44C soc0@42.437C gpu@44.031C tj@44.687C soc1@42.531C VDD_IN 3280mW/3368mW VDD_CPU_GPU_CV 559mW/573mW VDD_SOC 1040mW/1055mW
08-23-2026 04:14:59 RAM 2948/7620MB (lfb 14x4MB) SWAP 0/12002MB (cached 0MB) CPU [6%@729,1%@729,4%@729,3%@729,6%@729,4%@729] GR3D_FREQ 0% cpu@44.812C soc2@43.937C soc0@42.562C gpu@43.906C tj@44.812C soc1@42.375C VDD_IN 3320mW/3367mW VDD_CPU_GPU_CV 599mW/573mW VDD_SOC 1040mW/1055mW
08-23-2026 04:15:00 RAM 2949/7620MB (lfb 14x4MB) SWAP 0/12002MB (cached 0MB) CPU [6%@729,1%@729,4%@729,2%@729,3%@729,4%@729] GR3D_FREQ 0% cpu@44.593C soc2@43.968C soc0@42.5C gpu@43.843C tj@44.718C soc1@42.5C VDD_IN 3280mW/3367mW VDD_CPU_GPU_CV 559mW/573mW VDD_SOC 1040mW/1055mW
08-23-2026 04:15:01 RAM 2948/7620MB (lfb 14x4MB) SWAP 0/12002MB (cached 0MB) CPU [7%@729,3%@729,1%@729,2%@729,0%@729,2%@729] GR3D_FREQ 0% cpu@44.906C soc2@43.875C soc0@42.437C gpu@43.937C tj@44.906C soc1@42.656C VDD_IN 3280mW/3367mW VDD_CPU_GPU_CV 519mW/573mW VDD_SOC 1040mW/1055mW
08-23-2026 04:15:02 RAM 2948/7620MB (lfb 14x4MB) SWAP 0/12002MB (cached 0MB) CPU [7%@729,1%@729,2%@729,0%@729,0%@729,2%@729] GR3D_FREQ 0% cpu@44.593C soc2@43.937C soc0@42.468C gpu@43.843C tj@44.5C soc1@42.468C VDD_IN 3240mW/3367mW VDD_CPU_GPU_CV 519mW/573mW VDD_SOC 1040mW/1055mW
08-23-2026 04:15:03 RAM 2948/7620MB (lfb 14x4MB) SWAP 0/12002MB (cached 0MB) CPU [8%@729,1%@729,0%@729,1%@729,3%@729,2%@729] GR3D_FREQ 0% cpu@44.562C soc2@43.937C soc0@42.406C gpu@44C tj@44.562C soc1@42.406C VDD_IN 3240mW/3367mW VDD_CPU_GPU_CV 559mW/573mW VDD_SOC 1040mW/1055mW
08-23-2026 04:15:04 RAM 2949/7620MB (lfb 14x4MB) SWAP 0/12002MB (cached 0MB) CPU [8%@729,0%@729,3%@729,6%@729,2%@729,4%@729] GR3D_FREQ 0% cpu@44.718C soc2@43.875C soc0@42.437C gpu@43.937C tj@44.718C soc1@42.562C VDD_IN 3360mW/3367mW VDD_CPU_GPU_CV 599mW/573mW VDD_SOC 1040mW/1055mW
08-23-2026 04:15:05 RAM 2949/7620MB (lfb 14x4MB) SWAP 0/12002MB (cached 0MB) CPU [6%@729,1%@729,3%@729,4%@729,3%@729,3%@729] GR3D_FREQ 0% cpu@44.437C soc2@43.968C soc0@42.468C gpu@43.812C tj@44.437C soc1@42.468C VDD_IN 3280mW/3367mW VDD_CPU_GPU_CV 559mW/573mW VDD_SOC 1040mW/1055mW
08-23-2026 04:15:06 RAM 2948/7620MB (lfb 14x4MB) SWAP 0/12002MB (cached 0MB) CPU [6%@729,1%@729,0%@729,1%@729,0%@729,2%@729] GR3D_FREQ 0% cpu@44.5C soc2@44C soc0@42.343C gpu@43.968C tj@44.781C soc1@42.468C VDD_IN 3240mW/3366mW VDD_CPU_GPU_CV 519mW/573mW VDD_SOC 1040mW/1055mW
08-23-2026 04:15:07 RAM 2949/7620MB (lfb 14x4MB) SWAP 0/12002MB (cached 0MB) CPU [7%@729,2%@729,1%@729,1%@729,0%@729,2%@729] GR3D_FREQ 0% cpu@44.562C soc2@43.906C soc0@42.406C gpu@43.875C tj@44.562C soc1@42.375C VDD_IN 3240mW/3366mW VDD_CPU_GPU_CV 519mW/573mW VDD_SOC 1040mW/1054mW
08-23-2026 04:15:08 RAM 2949/7620MB (lfb 14x4MB) SWAP 0/12002MB (cached 0MB) CPU [7%@729,1%@729,1%@729,1%@729,1%@729,2%@729] GR3D_FREQ 0% cpu@44.531C soc2@43.937C soc0@42.437C gpu@44C tj@44.531C soc1@42.406C VDD_IN 3240mW/3366mW VDD_CPU_GPU_CV 519mW/573mW VDD_SOC 1040mW/1054mW
08-23-2026 04:15:09 RAM 2948/7620MB (lfb 14x4MB) SWAP 0/12002MB (cached 0MB) CPU [6%@729,2%@729,6%@729,6%@729,7%@729,5%@729] GR3D_FREQ 0% cpu@44.718C soc2@43.906C soc0@42.406C gpu@43.875C tj@44.718C soc1@42.593C VDD_IN 3400mW/3366mW VDD_CPU_GPU_CV 599mW/573mW VDD_SOC 1080mW/1054mW
08-23-2026 04:15:10 RAM 2948/7620MB (lfb 14x4MB) SWAP 0/12002MB (cached 0MB) CPU [7%@729,4%@729,4%@729,5%@729,6%@729,5%@729] GR3D_FREQ 0% cpu@44.531C soc2@43.937C soc0@42.593C gpu@44.031C tj@44.531C soc1@42.5C VDD_IN 3320mW/3366mW VDD_CPU_GPU_CV 599mW/573mW VDD_SOC 1040mW/1054mW
08-23-2026 04:15:11 RAM 2948/7620MB (lfb 14x4MB) SWAP 0/12002MB (cached 0MB) CPU [7%@729,3%@729,2%@729,5%@729,2%@729,4%@729] GR3D_FREQ 0% cpu@44.593C soc2@43.937C soc0@42.468C gpu@44.031C tj@44.718C soc1@42.468C VDD_IN 3280mW/3366mW VDD_CPU_GPU_CV 559mW/573mW VDD_SOC 1040mW/1054mW
08-23-2026 04:15:12 RAM 2948/7620MB (lfb 14x4MB) SWAP 0/12002MB (cached 0MB) CPU [7%@729,1%@729,2%@729,1%@729,0%@729,0%@729] GR3D_FREQ 0% cpu@44.562C soc2@43.906C soc0@42.437C gpu@43.843C tj@44.562C soc1@42.437C VDD_IN 3240mW/3366mW VDD_CPU_GPU_CV 519mW/573mW VDD_SOC 1040mW/1054mW
08-23-2026 04:15:13 RAM 2948/7620MB (lfb 14x4MB) SWAP 0/12002MB (cached 0MB) CPU [6%@729,2%@729,1%@729,2%@729,3%@729,5%@729] GR3D_FREQ 0% cpu@44.562C soc2@43.875C soc0@42.437C gpu@44C tj@44.562C soc1@42.437C VDD_IN 3240mW/3366mW VDD_CPU_GPU_CV 519mW/573mW VDD_SOC 1040mW/1054mW
08-23-2026 04:15:14 RAM 2949/7620MB (lfb 14x4MB) SWAP 0/12002MB (cached 0MB) CPU [8%@729,4%@729,3%@729,2%@729,5%@729,1%@729] GR3D_FREQ 0% cpu@44.718C soc2@44C soc0@42.437C gpu@43.906C tj@44.718C soc1@42.5C VDD_IN 3360mW/3366mW VDD_CPU_GPU_CV 599mW/573mW VDD_SOC 1080mW/1054mW
08-23-2026 04:15:15 RAM 2948/7620MB (lfb 14x4MB) SWAP 0/12002MB (cached 0MB) CPU [10%@729,4%@729,2%@729,2%@729,4%@729,3%@729] GR3D_FREQ 0% cpu@44.906C soc2@43.937C soc0@42.437C gpu@43.812C tj@44.906C soc1@42.406C VDD_IN 3320mW/3365mW VDD_CPU_GPU_CV 559mW/573mW VDD_SOC 1040mW/1054mW
08-23-2026 04:15:16 RAM 2948/7620MB (lfb 14x4MB) SWAP 0/12002MB (cached 0MB) CPU [8%@729,0%@729,2%@729,0%@729,0%@729,0%@729] GR3D_FREQ 0% cpu@44.625C soc2@44C soc0@42.593C gpu@44C tj@44.625C soc1@42.437C VDD_IN 3280mW/3365mW VDD_CPU_GPU_CV 519mW/573mW VDD_SOC 1040mW/1054mW
08-23-2026 04:15:17 RAM 2947/7620MB (lfb 14x4MB) SWAP 0/12002MB (cached 0MB) CPU [13%@729,2%@729,2%@729,3%@729,2%@729,3%@729] GR3D_FREQ 0% cpu@44.656C soc2@43.906C soc0@42.375C gpu@43.781C tj@44.656C soc1@42.593C VDD_IN 3280mW/3365mW VDD_CPU_GPU_CV 559mW/573mW VDD_SOC 1040mW/1054mW
08-23-2026 04:15:18 RAM 2947/7620MB (lfb 14x4MB) SWAP 0/12002MB (cached 0MB) CPU [10%@729,2%@729,2%@729,2%@729,1%@729,1%@729] GR3D_FREQ 0% cpu@44.718C soc2@43.906C soc0@42.437C gpu@44.031C tj@44.718C soc1@42.468C VDD_IN 3240mW/3365mW VDD_CPU_GPU_CV 519mW/573mW VDD_SOC 1040mW/1054mW
08-23-2026 04:15:19 RAM 2948/7620MB (lfb 14x4MB) SWAP 0/12002MB (cached 0MB) CPU [9%@729,1%@729,0%@729,3%@729,2%@729,2%@729] GR3D_FREQ 0% cpu@44.687C soc2@43.937C soc0@42.375C gpu@44.062C tj@44.687C soc1@42.437C VDD_IN 3240mW/3365mW VDD_CPU_GPU_CV 519mW/573mW VDD_SOC 1040mW/1054mW
08-23-2026 04:15:20 RAM 2948/7620MB (lfb 14x4MB) SWAP 0/12002MB (cached 0MB) CPU [8%@729,1%@729,1%@729,1%@729,0%@729,1%@729] GR3D_FREQ 0% cpu@44.843C soc2@43.906C soc0@42.375C gpu@43.812C tj@44.843C soc1@42.593C VDD_IN 3240mW/3365mW VDD_CPU_GPU_CV 519mW/573mW VDD_SOC 1040mW/1054mW
08-23-2026 04:15:21 RAM 2948/7620MB (lfb 14x4MB) SWAP 0/12002MB (cached 0MB) CPU [10%@729,6%@729,0%@729,2%@729,1%@729,1%@729] GR3D_FREQ 0% cpu@44.531C soc2@43.843C soc0@42.468C gpu@44.031C tj@44.531C soc1@42.406C VDD_IN 3280mW/3364mW VDD_CPU_GPU_CV 559mW/573mW VDD_SOC 1040mW/1054mW
08-23-2026 04:15:22 RAM 2948/7620MB (lfb 14x4MB) SWAP 0/12002MB (cached 0MB) CPU [11%@729,3%@729,1%@729,1%@729,2%@729,2%@729] GR3D_FREQ 0% cpu@44.625C soc2@43.906C soc0@42.343C gpu@44C tj@44.625C soc1@42.406C VDD_IN 3560mW/3365mW VDD_CPU_GPU_CV 559mW/572mW VDD_SOC 1040mW/1054mW
08-23-2026 04:15:26 RAM 2949/7620MB (lfb 12x4MB) SWAP 0/12002MB (cached 0MB) CPU [11%@729,3%@729,1%@729,2%@729,1%@729,2%@729] GR3D_FREQ 0% cpu@44.687C soc2@43.937C soc0@42.406C gpu@44.031C tj@44.687C soc1@42.531C VDD_IN 3560mW/3365mW VDD_CPU_GPU_CV 519mW/572mW VDD_SOC 1040mW/1054mW
08-23-2026 04:15:27 RAM 2948/7620MB (lfb 12x4MB) SWAP 0/12002MB (cached 0MB) CPU [11%@729,3%@729,3%@729,2%@729,3%@729,1%@729] GR3D_FREQ 0% cpu@44.843C soc2@43.937C soc0@42.437C gpu@43.843C tj@44.5C soc1@42.343C VDD_IN 3560mW/3365mW VDD_CPU_GPU_CV 519mW/572mW VDD_SOC 1040mW/1054mW
08-23-2026 04:15:28 RAM 2949/7620MB (lfb 12x4MB) SWAP 0/12002MB (cached 0MB) CPU [10%@729,2%@729,1%@729,2%@729,4%@729,2%@729] GR3D_FREQ 0% cpu@44.718C soc2@44C soc0@42.437C gpu@43.812C tj@44.718C soc1@42.531C VDD_IN 3600mW/3366mW VDD_CPU_GPU_CV 559mW/572mW VDD_SOC 1040mW/1054mW
08-23-2026 04:15:29 RAM 2949/7620MB (lfb 12x4MB) SWAP 0/12002MB (cached 0MB) CPU [8%@729,1%@729,6%@729,3%@729,2%@729,4%@729] GR3D_FREQ 0% cpu@44.531C soc2@43.875C soc0@42.5C gpu@43.812C tj@44.531C soc1@42.406C VDD_IN 3320mW/3366mW VDD_CPU_GPU_CV 559mW/572mW VDD_SOC 1040mW/1054mW
08-23-2026 04:15:30 RAM 2948/7620MB (lfb 12x4MB) SWAP 0/12002MB (cached 0MB) CPU [11%@729,2%@729,3%@729,4%@729,3%@729,2%@729] GR3D_FREQ 0% cpu@44.5C soc2@43.968C soc0@42.531C gpu@44C tj@44.5C soc1@42.406C VDD_IN 3280mW/3366mW VDD_CPU_GPU_CV 559mW/572mW VDD_SOC 1040mW/1054mW
08-23-2026 04:15:31 RAM 2949/7620MB (lfb 12x4MB) SWAP 0/12002MB (cached 0MB) CPU [10%@729,4%@729,4%@729,4%@729,2%@729,4%@729] GR3D_FREQ 0% cpu@44.687C soc2@43.875C soc0@42.375C gpu@43.937C tj@44.687C soc1@42.531C VDD_IN 3240mW/3365mW VDD_CPU_GPU_CV 559mW/572mW VDD_SOC 1040mW/1054mW
08-23-2026 04:15:32 RAM 2949/7620MB (lfb 12x4MB) SWAP 0/12002MB (cached 0MB) CPU [8%@729,3%@729,1%@729,3%@729,0%@729,1%@729] GR3D_FREQ 0% cpu@44.531C soc2@43.875C soc0@42.5C gpu@43.843C tj@44.531C soc1@42.437C VDD_IN 3240mW/3365mW VDD_CPU_GPU_CV 519mW/572mW VDD_SOC 1040mW/1054mW
08-23-2026 04:15:33 RAM 2948/7620MB (lfb 12x4MB) SWAP 0/12002MB (cached 0MB) CPU [11%@729,2%@729,1%@729,2%@729,1%@729,2%@729] GR3D_FREQ 0% cpu@44.468C soc2@43.937C soc0@42.375C gpu@43.968C tj@44.718C soc1@42.468C VDD_IN 3240mW/3365mW VDD_CPU_GPU_CV 519mW/572mW VDD_SOC 1040mW/1054mW
08-23-2026 04:15:34 RAM 2949/7620MB (lfb 12x4MB) SWAP 0/12002MB (cached 0MB) CPU [8%@729,2%@729,0%@729,0%@729,1%@729,1%@729] GR3D_FREQ 0% cpu@44.5C soc2@43.937C soc0@42.375C gpu@43.75C tj@44.5C soc1@42.343C VDD_IN 3240mW/3365mW VDD_CPU_GPU_CV 519mW/572mW VDD_SOC 1040mW/1054mW
08-23-2026 04:15:35 RAM 2949/7620MB (lfb 11x4MB) SWAP 0/12002MB (cached 0MB) CPU [14%@729,8%@729,1%@729,1%@729,0%@729,0%@729] GR3D_FREQ 0% cpu@44.531C soc2@43.937C soc0@42.5C gpu@44C tj@44.531C soc1@42.437C VDD_IN 3240mW/3365mW VDD_CPU_GPU_CV 519mW/572mW VDD_SOC 1040mW/1054mW
08-23-2026 04:15:36 RAM 2949/7620MB (lfb 11x4MB) SWAP 0/12002MB (cached 0MB) CPU [10%@729,7%@729,2%@729,1%@729,1%@729,1%@729] GR3D_FREQ 0% cpu@44.656C soc2@43.937C soc0@42.343C gpu@44C tj@44.656C soc1@42.531C VDD_IN 3240mW/3364mW VDD_CPU_GPU_CV 559mW/572mW VDD_SOC 1040mW/1054mW
08-23-2026 04:15:37 RAM 2948/7620MB (lfb 11x4MB) SWAP 0/12002MB (cached 0MB) CPU [10%@729,11%@729,1%@729,1%@729,1%@729,1%@729] GR3D_FREQ 0% cpu@44.75C soc2@43.937C soc0@42.343C gpu@43.812C tj@44.75C soc1@42.375C VDD_IN 3240mW/3364mW VDD_CPU_GPU_CV 519mW/572mW VDD_SOC 1040mW/1054mW
08-23-2026 04:15:38 RAM 2949/7620MB (lfb 11x4MB) SWAP 0/12002MB (cached 0MB) CPU [8%@729,3%@729,1%@729,1%@729,1%@729,2%@729] GR3D_FREQ 0% cpu@44.437C soc2@43.875C soc0@42.531C gpu@43.968C tj@44.437C soc1@42.406C VDD_IN 3280mW/3364mW VDD_CPU_GPU_CV 559mW/572mW VDD_SOC 1040mW/1054mW
08-23-2026 04:15:39 RAM 2949/7620MB (lfb 11x4MB) SWAP 0/12002MB (cached 0MB) CPU [9%@729,2%@729,1%@729,3%@729,2%@729,1%@729] GR3D_FREQ 0% cpu@44.531C soc2@43.781C soc0@42.375C gpu@43.968C tj@44.531C soc1@42.531C VDD_IN 3240mW/3364mW VDD_CPU_GPU_CV 519mW/572mW VDD_SOC 1040mW/1054mW
08-23-2026 04:15:40 RAM 2948/7620MB (lfb 11x4MB) SWAP 0/12002MB (cached 0MB) CPU [5%@729,1%@729,1%@729,1%@729,1%@729,1%@729] GR3D_FREQ 0% cpu@44.687C soc2@43.906C soc0@42.437C gpu@43.843C tj@44.687C soc1@42.343C VDD_IN 3240mW/3364mW VDD_CPU_GPU_CV 519mW/572mW VDD_SOC 1040mW/1054mW
08-23-2026 04:15:41 RAM 2948/7620MB (lfb 11x4MB) SWAP 0/12002MB (cached 0MB) CPU [9%@729,3%@729,0%@729,0%@729,0%@729,0%@729] GR3D_FREQ 0% cpu@44.468C soc2@43.968C soc0@42.5C gpu@44C tj@44.625C soc1@42.375C VDD_IN 3240mW/3364mW VDD_CPU_GPU_CV 519mW/572mW VDD_SOC 1040mW/1054mW
08-23-2026 04:15:42 RAM 2949/7620MB (lfb 11x4MB) SWAP 0/12002MB (cached 0MB) CPU [8%@729,6%@729,1%@729,2%@729,1%@729,2%@729] GR3D_FREQ 0% cpu@44.687C soc2@43.906C soc0@42.375C gpu@44C tj@44.687C soc1@42.468C VDD_IN 3240mW/3363mW VDD_CPU_GPU_CV 519mW/572mW VDD_SOC 1040mW/1054mW
08-23-2026 04:15:43 RAM 2948/7620MB (lfb 11x4MB) SWAP 0/12002MB (cached 0MB) CPU [11%@729,1%@729,2%@729,2%@729,1%@729,3%@729] GR3D_FREQ 0% cpu@44.468C soc2@43.875C soc0@42.437C gpu@43.781C tj@44.437C soc1@42.437C VDD_IN 3240mW/3363mW VDD_CPU_GPU_CV 519mW/571mW VDD_SOC 1040mW/1054mW
08-23-2026 04:15:44 RAM 2949/7620MB (lfb 11x4MB) SWAP 0/12002MB (cached 0MB) CPU [10%@729,1%@729,2%@729,6%@729,3%@729,2%@729] GR3D_FREQ 0% cpu@44.5C soc2@43.937C soc0@42.437C gpu@44C tj@44.5C soc1@42.406C VDD_IN 3280mW/3363mW VDD_CPU_GPU_CV 559mW/571mW VDD_SOC 1040mW/1054mW
08-23-2026 04:15:45 RAM 2948/7620MB (lfb 9x4MB) SWAP 0/12002MB (cached 0MB) CPU [8%@729,1%@729,2%@729,4%@729,2%@729,3%@729] GR3D_FREQ 0% cpu@44.781C soc2@43.906C soc0@42.406C gpu@43.843C tj@44.781C soc1@42.656C VDD_IN 3280mW/3363mW VDD_CPU_GPU_CV 559mW/571mW VDD_SOC 1040mW/1054mW
08-23-2026 04:15:46 RAM 2947/7620MB (lfb 9x4MB) SWAP 0/12002MB (cached 0MB) CPU [8%@729,0%@729,0%@729,1%@729,0%@729,2%@729] GR3D_FREQ 0% cpu@44.406C soc2@43.875C soc0@42.437C gpu@43.875C tj@44.406C soc1@42.437C VDD_IN 3240mW/3363mW VDD_CPU_GPU_CV 519mW/571mW VDD_SOC 1040mW/1054mW
08-23-2026 04:15:47 RAM 2948/7620MB (lfb 9x4MB) SWAP 0/12002MB (cached 0MB) CPU [7%@729,2%@729,0%@729,2%@729,2%@729,1%@729] GR3D_FREQ 0% cpu@44.5C soc2@43.906C soc0@42.375C gpu@44.062C tj@44.5C soc1@42.437C VDD_IN 3240mW/3363mW VDD_CPU_GPU_CV 519mW/571mW VDD_SOC 1040mW/1054mW
08-23-2026 04:15:48 RAM 2948/7620MB (lfb 9x4MB) SWAP 0/12002MB (cached 0MB) CPU [7%@729,2%@729,1%@729,1%@729,1%@729,1%@729] GR3D_FREQ 0% cpu@44.656C soc2@43.937C soc0@42.406C gpu@43.843C tj@44.531C soc1@42.625C VDD_IN 3240mW/3362mW VDD_CPU_GPU_CV 519mW/571mW VDD_SOC 1040mW/1054mW
08-23-2026 04:15:49 RAM 2947/7620MB (lfb 9x4MB) SWAP 0/12002MB (cached 0MB) CPU [7%@729,0%@729,0%@729,1%@729,0%@729,1%@729] GR3D_FREQ 0% cpu@44.562C soc2@43.906C soc0@42.531C gpu@44.031C tj@44.562C soc1@42.437C VDD_IN 3240mW/3362mW VDD_CPU_GPU_CV 519mW/571mW VDD_SOC 1040mW/1054mW
08-23-2026 04:15:50 RAM 2947/7620MB (lfb 9x4MB) SWAP 0/12002MB (cached 0MB) CPU [7%@729,2%@729,0%@729,2%@729,0%@729,2%@729] GR3D_FREQ 0% cpu@44.687C soc2@43.937C soc0@42.343C gpu@44.031C tj@44.687C soc1@42.5C VDD_IN 3240mW/3362mW VDD_CPU_GPU_CV 519mW/571mW VDD_SOC 1040mW/1054mW
08-23-2026 04:15:51 RAM 2948/7620MB (lfb 9x4MB) SWAP 0/12002MB (cached 0MB) CPU [8%@729,0%@729,1%@729,1%@729,1%@729,1%@729] GR3D_FREQ 0% cpu@44.531C soc2@43.906C soc0@42.375C gpu@43.875C tj@44.531C soc1@42.656C VDD_IN 3240mW/3362mW VDD_CPU_GPU_CV 519mW/571mW VDD_SOC 1040mW/1054mW
08-23-2026 04:15:52 RAM 2948/7620MB (lfb 9x4MB) SWAP 0/12002MB (cached 0MB) CPU [6%@729,2%@729,0%@729,2%@729,2%@729,1%@729] GR3D_FREQ 0% cpu@44.437C soc2@43.937C soc0@42.531C gpu@44C tj@44.437C soc1@42.437C VDD_IN 3240mW/3362mW VDD_CPU_GPU_CV 519mW/571mW VDD_SOC 1040mW/1054mW
08-23-2026 04:15:53 RAM 2948/7620MB (lfb 9x4MB) SWAP 0/12002MB (cached 0MB) CPU [8%@729,3%@729,2%@729,1%@729,1%@729,2%@729] GR3D_FREQ 0% cpu@44.562C soc2@44C soc0@42.343C gpu@43.843C tj@44.562C soc1@42.562C VDD_IN 3240mW/3362mW VDD_CPU_GPU_CV 519mW/571mW VDD_SOC 1040mW/1054mW
08-23-2026 04:15:54 RAM 2948/7620MB (lfb 9x4MB) SWAP 0/12002MB (cached 0MB) CPU [6%@729,1%@729,0%@729,1%@729,2%@729,1%@729] GR3D_FREQ 0% cpu@44.75C soc2@44C soc0@42.437C gpu@43.875C tj@44.75C soc1@42.437C VDD_IN 3240mW/3361mW VDD_CPU_GPU_CV 519mW/571mW VDD_SOC 1040mW/1054mW
08-23-2026 04:15:55 RAM 2948/7620MB (lfb 8x4MB) SWAP 0/12002MB (cached 0MB) CPU [8%@729,1%@729,0%@729,0%@729,0%@729,1%@729] GR3D_FREQ 0% cpu@44.406C soc2@43.906C soc0@42.531C gpu@44.093C tj@44.406C soc1@42.375C VDD_IN 3240mW/3361mW VDD_CPU_GPU_CV 519mW/571mW VDD_SOC 1040mW/1054mW
08-23-2026 04:15:56 RAM 2947/7620MB (lfb 8x4MB) SWAP 0/12002MB (cached 0MB) CPU [7%@729,3%@729,0%@729,1%@729,1%@729,1%@729] GR3D_FREQ 0% cpu@44.593C soc2@43.937C soc0@42.406C gpu@43.843C tj@44.843C soc1@42.437C VDD_IN 3240mW/3361mW VDD_CPU_GPU_CV 519mW/571mW VDD_SOC 1040mW/1054mW
08-23-2026 04:15:57 RAM 2947/7620MB (lfb 8x4MB) SWAP 0/12002MB (cached 0MB) CPU [9%@729,2%@729,1%@729,2%@729,1%@729,2%@729] GR3D_FREQ 0% cpu@44.593C soc2@43.937C soc0@42.437C gpu@43.875C tj@44.593C soc1@42.406C VDD_IN 3280mW/3361mW VDD_CPU_GPU_CV 519mW/570mW VDD_SOC 1040mW/1054mW
08-23-2026 04:15:59 RAM 2947/7620MB (lfb 8x4MB) SWAP 0/12002MB (cached 0MB) CPU [7%@729,4%@729,2%@729,3%@729,2%@729,2%@729] GR3D_FREQ 0% cpu@44.593C soc2@43.937C soc0@42.468C gpu@44.031C tj@44.593C soc1@42.468C VDD_IN 3240mW/3361mW VDD_CPU_GPU_CV 519mW/570mW VDD_SOC 1040mW/1054mW
08-23-2026 04:16:00 RAM 2948/7620MB (lfb 8x4MB) SWAP 0/12002MB (cached 0MB) CPU [9%@729,1%@729,3%@729,4%@729,5%@729,4%@729] GR3D_FREQ 0% cpu@44.812C soc2@43.937C soc0@42.375C gpu@43.906C tj@44.812C soc1@42.625C VDD_IN 3240mW/3361mW VDD_CPU_GPU_CV 559mW/570mW VDD_SOC 1040mW/1054mW
08-23-2026 04:16:01 RAM 2948/7620MB (lfb 8x4MB) SWAP 0/12002MB (cached 0MB) CPU [9%@729,4%@729,2%@729,2%@729,3%@729,3%@729] GR3D_FREQ 0% cpu@44.593C soc2@43.937C soc0@42.437C gpu@44.093C tj@44.593C soc1@42.437C VDD_IN 3240mW/3360mW VDD_CPU_GPU_CV 559mW/570mW VDD_SOC 1040mW/1054mW
08-23-2026 04:16:02 RAM 2948/7620MB (lfb 8x4MB) SWAP 0/12002MB (cached 0MB) CPU [9%@729,1%@729,1%@729,1%@729,1%@729,1%@729] GR3D_FREQ 0% cpu@44.687C soc2@44.031C soc0@42.375C gpu@44.156C tj@44.687C soc1@42.437C VDD_IN 3240mW/3360mW VDD_CPU_GPU_CV 519mW/570mW VDD_SOC 1040mW/1054mW
08-23-2026 04:16:03 RAM 2949/7620MB (lfb 8x4MB) SWAP 0/12002MB (cached 0MB) CPU [7%@729,2%@729,1%@729,1%@729,1%@729,3%@729] GR3D_FREQ 0% cpu@44.687C soc2@43.875C soc0@42.437C gpu@43.906C tj@44.687C soc1@42.718C VDD_IN 3240mW/3360mW VDD_CPU_GPU_CV 559mW/570mW VDD_SOC 1040mW/1053mW
08-23-2026 04:16:04 RAM 2948/7620MB (lfb 8x4MB) SWAP 0/12002MB (cached 0MB) CPU [8%@729,2%@729,1%@729,1%@729,1%@729,1%@729] GR3D_FREQ 0% cpu@44.593C soc2@43.937C soc0@42.375C gpu@43.906C tj@44.593C soc1@42.406C VDD_IN 3240mW/3360mW VDD_CPU_GPU_CV 519mW/570mW VDD_SOC 1040mW/1053mW
08-23-2026 04:16:05 RAM 2948/7620MB (lfb 8x4MB) SWAP 0/12002MB (cached 0MB) CPU [7%@729,4%@729,1%@729,2%@729,0%@729,1%@729] GR3D_FREQ 0% cpu@44.687C soc2@43.937C soc0@42.406C gpu@43.906C tj@44.687C soc1@42.562C VDD_IN 3240mW/3360mW VDD_CPU_GPU_CV 519mW/570mW VDD_SOC 1040mW/1053mW
08-23-2026 04:16:06 RAM 2950/7620MB (lfb 8x4MB) SWAP 0/12002MB (cached 0MB) CPU [10%@729,3%@729,0%@729,1%@729,0%@729,2%@729] GR3D_FREQ 0% cpu@44.5C soc2@43.937C soc0@42.437C gpu@44.125C tj@44.437C soc1@42.437C VDD_IN 3240mW/3360mW VDD_CPU_GPU_CV 519mW/570mW VDD_SOC 1040mW/1053mW
08-23-2026 04:16:07 RAM 2950/7620MB (lfb 8x4MB) SWAP 0/12002MB (cached 0MB) CPU [7%@729,2%@729,0%@729,1%@729,0%@729,1%@729] GR3D_FREQ 0% cpu@44.593C soc2@44.062C soc0@42.406C gpu@43.968C tj@44.593C soc1@42.468C VDD_IN 3240mW/3359mW VDD_CPU_GPU_CV 519mW/570mW VDD_SOC 1040mW/1053mW
08-23-2026 04:16:08 RAM 2950/7620MB (lfb 8x4MB) SWAP 0/12002MB (cached 0MB) CPU [8%@729,0%@729,2%@729,1%@729,0%@729,1%@729] GR3D_FREQ 0% cpu@44.656C soc2@43.937C soc0@42.375C gpu@44.156C tj@44.593C soc1@42.562C VDD_IN 3240mW/3359mW VDD_CPU_GPU_CV 519mW/570mW VDD_SOC 1040mW/1053mW
08-23-2026 04:16:09 RAM 2950/7620MB (lfb 8x4MB) SWAP 0/12002MB (cached 0MB) CPU [10%@729,4%@729,1%@729,1%@729,1%@729,2%@729] GR3D_FREQ 0% cpu@44.656C soc2@43.937C soc0@42.5C gpu@43.875C tj@44.656C soc1@42.375C VDD_IN 3240mW/3359mW VDD_CPU_GPU_CV 519mW/570mW VDD_SOC 1040mW/1053mW
08-23-2026 04:16:10 RAM 2950/7620MB (lfb 8x4MB) SWAP 0/12002MB (cached 0MB) CPU [6%@729,1%@729,1%@729,3%@729,0%@729,2%@729] GR3D_FREQ 0% cpu@44.687C soc2@43.906C soc0@42.406C gpu@43.937C tj@44.687C soc1@42.468C VDD_IN 3240mW/3359mW VDD_CPU_GPU_CV 519mW/570mW VDD_SOC 1040mW/1053mW
08-23-2026 04:16:11 RAM 2950/7620MB (lfb 8x4MB) SWAP 0/12002MB (cached 0MB) CPU [8%@729,2%@729,6%@729,1%@729,0%@729,2%@729] GR3D_FREQ 0% cpu@44.437C soc2@43.937C soc0@42.437C gpu@44.218C tj@44.437C soc1@42.375C VDD_IN 3240mW/3359mW VDD_CPU_GPU_CV 519mW/570mW VDD_SOC 1040mW/1053mW
08-23-2026 04:16:12 RAM 2950/7620MB (lfb 8x4MB) SWAP 0/12002MB (cached 0MB) CPU [8%@729,1%@729,0%@729,1%@729,1%@729,0%@729] GR3D_FREQ 0% cpu@44.593C soc2@43.937C soc0@42.562C gpu@43.843C tj@44.593C soc1@42.5C VDD_IN 3240mW/3359mW VDD_CPU_GPU_CV 519mW/570mW VDD_SOC 1040mW/1053mW
08-23-2026 04:16:13 RAM 2950/7620MB (lfb 8x4MB) SWAP 0/12002MB (cached 0MB) CPU [7%@729,1%@729,2%@729,1%@729,0%@729,1%@729] GR3D_FREQ 0% cpu@44.625C soc2@43.906C soc0@42.437C gpu@44.187C tj@44.625C soc1@42.562C VDD_IN 3240mW/3358mW VDD_CPU_GPU_CV 519mW/570mW VDD_SOC 1040mW/1053mW
08-23-2026 04:16:14 RAM 2950/7620MB (lfb 8x4MB) SWAP 0/12002MB (cached 0MB) CPU [8%@729,2%@729,1%@729,2%@729,2%@729,5%@729] GR3D_FREQ 0% cpu@44.843C soc2@43.937C soc0@42.437C gpu@44.156C tj@44.843C soc1@42.406C VDD_IN 3240mW/3358mW VDD_CPU_GPU_CV 519mW/570mW VDD_SOC 1040mW/1053mW
08-23-2026 04:16:15 RAM 2950/7620MB (lfb 8x4MB) SWAP 0/12002MB (cached 0MB) CPU [6%@729,1%@729,7%@729,2%@729,3%@729,2%@729] GR3D_FREQ 0% cpu@44.468C soc2@43.937C soc0@42.406C gpu@43.937C tj@44.625C soc1@42.406C VDD_IN 3280mW/3358mW VDD_CPU_GPU_CV 559mW/569mW VDD_SOC 1040mW/1053mW
08-23-2026 04:16:16 RAM 2949/7620MB (lfb 8x4MB) SWAP 0/12002MB (cached 0MB) CPU [9%@729,2%@729,4%@729,3%@729,2%@729,2%@729] GR3D_FREQ 0% cpu@44.812C soc2@43.937C soc0@42.437C gpu@44.062C tj@44.812C soc1@42.562C VDD_IN 3240mW/3358mW VDD_CPU_GPU_CV 519mW/569mW VDD_SOC 1040mW/1053mW
08-23-2026 04:16:17 RAM 2949/7620MB (lfb 8x4MB) SWAP 0/12002MB (cached 0MB) CPU [6%@729,3%@729,2%@729,3%@729,0%@729,1%@729] GR3D_FREQ 0% cpu@44.5C soc2@43.937C soc0@42.437C gpu@43.906C tj@44.5C soc1@42.437C VDD_IN 3240mW/3358mW VDD_CPU_GPU_CV 519mW/569mW VDD_SOC 1040mW/1053mW
08-23-2026 04:16:18 RAM 2949/7620MB (lfb 8x4MB) SWAP 0/12002MB (cached 0MB) CPU [7%@729,1%@729,1%@729,0%@729,2%@729,2%@729] GR3D_FREQ 0% cpu@44.531C soc2@43.968C soc0@42.406C gpu@43.937C tj@44.531C soc1@42.437C VDD_IN 3240mW/3358mW VDD_CPU_GPU_CV 559mW/569mW VDD_SOC 1040mW/1053mW
08-23-2026 04:16:19 RAM 2950/7620MB (lfb 8x4MB) SWAP 0/12002MB (cached 0MB) CPU [5%@729,0%@729,2%@729,3%@729,0%@729,1%@729] GR3D_FREQ 0% cpu@44.718C soc2@43.875C soc0@42.437C gpu@44.218C tj@44.718C soc1@42.625C VDD_IN 3240mW/3357mW VDD_CPU_GPU_CV 519mW/569mW VDD_SOC 1040mW/1053mW
08-23-2026 04:16:20 RAM 2949/7620MB (lfb 8x4MB) SWAP 0/12002MB (cached 0MB) CPU [8%@729,0%@729,0%@729,0%@729,0%@729,1%@729] GR3D_FREQ 0% cpu@44.5C soc2@43.937C soc0@42.468C gpu@43.906C tj@44.5C soc1@42.437C VDD_IN 3240mW/3357mW VDD_CPU_GPU_CV 519mW/569mW VDD_SOC 1040mW/1053mW
08-23-2026 04:16:21 RAM 2948/7620MB (lfb 8x4MB) SWAP 0/12002MB (cached 0MB) CPU [7%@729,1%@729,2%@729,2%@729,0%@729,1%@729] GR3D_FREQ 0% cpu@44.531C soc2@43.968C soc0@42.468C gpu@44.156C tj@44.531C soc1@42.437C VDD_IN 3240mW/3357mW VDD_CPU_GPU_CV 519mW/569mW VDD_SOC 1040mW/1053mW
08-23-2026 04:16:22 RAM 2948/7620MB (lfb 8x4MB) SWAP 0/12002MB (cached 0MB) CPU [6%@729,1%@729,1%@729,1%@729,0%@729,1%@729] GR3D_FREQ 0% cpu@44.5C soc2@43.937C soc0@42.468C gpu@44.187C tj@44.5C soc1@42.687C VDD_IN 3240mW/3357mW VDD_CPU_GPU_CV 519mW/569mW VDD_SOC 1040mW/1053mW
08-23-2026 04:16:23 RAM 2949/7620MB (lfb 8x4MB) SWAP 0/12002MB (cached 0MB) CPU [6%@729,3%@729,2%@729,2%@729,1%@729,2%@729] GR3D_FREQ 0% cpu@44.531C soc2@43.937C soc0@42.531C gpu@43.937C tj@44.531C soc1@42.437C VDD_IN 3240mW/3357mW VDD_CPU_GPU_CV 519mW/569mW VDD_SOC 1040mW/1053mW
08-23-2026 04:16:24 RAM 2949/7620MB (lfb 8x4MB) SWAP 0/12002MB (cached 0MB) CPU [7%@729,1%@729,1%@729,0%@729,0%@729,2%@729] GR3D_FREQ 0% cpu@44.687C soc2@44C soc0@42.343C gpu@44.218C tj@44.687C soc1@42.531C VDD_IN 3240mW/3357mW VDD_CPU_GPU_CV 519mW/569mW VDD_SOC 1040mW/1053mW
08-23-2026 04:16:25 RAM 2949/7620MB (lfb 8x4MB) SWAP 0/12002MB (cached 0MB) CPU [6%@729,0%@729,1%@729,1%@729,1%@729,2%@729] GR3D_FREQ 0% cpu@44.468C soc2@43.937C soc0@42.437C gpu@44.218C tj@44.468C soc1@42.375C VDD_IN 3240mW/3356mW VDD_CPU_GPU_CV 519mW/569mW VDD_SOC 1040mW/1053mW
08-23-2026 04:16:26 RAM 2949/7620MB (lfb 8x4MB) SWAP 0/12002MB (cached 0MB) CPU [8%@729,2%@729,0%@729,0%@729,0%@729,0%@729] GR3D_FREQ 0% cpu@44.593C soc2@43.968C soc0@42.468C gpu@43.906C tj@44.593C soc1@42.562C VDD_IN 3240mW/3356mW VDD_CPU_GPU_CV 519mW/569mW VDD_SOC 1040mW/1053mW
08-23-2026 04:16:27 RAM 2949/7620MB (lfb 8x4MB) SWAP 0/12002MB (cached 0MB) CPU [6%@729,0%@729,1%@729,2%@729,0%@729,4%@729] GR3D_FREQ 0% cpu@44.687C soc2@43.968C soc0@42.375C gpu@44.218C tj@44.687C soc1@42.531C VDD_IN 3240mW/3356mW VDD_CPU_GPU_CV 519mW/569mW VDD_SOC 1040mW/1053mW
08-23-2026 04:16:28 RAM 2948/7620MB (lfb 8x4MB) SWAP 0/12002MB (cached 0MB) CPU [8%@729,2%@729,2%@729,1%@729,2%@729,2%@729] GR3D_FREQ 0% cpu@44.875C soc2@43.937C soc0@42.437C gpu@43.937C tj@44.875C soc1@42.406C VDD_IN 3280mW/3356mW VDD_CPU_GPU_CV 559mW/569mW VDD_SOC 1040mW/1053mW
08-23-2026 04:16:29 RAM 2948/7620MB (lfb 8x4MB) SWAP 0/12002MB (cached 0MB) CPU [6%@1113,0%@1113,4%@1113,5%@1113,2%@729,3%@729] GR3D_FREQ 0% cpu@44.781C soc2@44C soc0@42.437C gpu@44.187C tj@44.781C soc1@42.531C VDD_IN 3400mW/3356mW VDD_CPU_GPU_CV 599mW/569mW VDD_SOC 1080mW/1053mW
08-23-2026 04:16:30 RAM 2947/7620MB (lfb 8x4MB) SWAP 0/12002MB (cached 0MB) CPU [7%@1036,2%@1036,2%@1036,1%@1036,1%@729,3%@729] GR3D_FREQ 0% cpu@44.531C soc2@43.906C soc0@42.437C gpu@43.937C tj@44.531C soc1@42.406C VDD_IN 3280mW/3356mW VDD_CPU_GPU_CV 559mW/569mW VDD_SOC 1040mW/1053mW
08-23-2026 04:16:31 RAM 2948/7620MB (lfb 8x4MB) SWAP 0/12002MB (cached 0MB) CPU [9%@729,1%@729,2%@729,3%@729,1%@729,2%@729] GR3D_FREQ 0% cpu@44.531C soc2@43.968C soc0@42.5C gpu@44.187C tj@44.531C soc1@42.437C VDD_IN 3280mW/3356mW VDD_CPU_GPU_CV 559mW/569mW VDD_SOC 1040mW/1053mW
08-23-2026 04:16:32 RAM 2948/7620MB (lfb 8x4MB) SWAP 0/12002MB (cached 0MB) CPU [5%@729,1%@729,0%@729,1%@729,0%@729,1%@729] GR3D_FREQ 0% cpu@44.625C soc2@43.875C soc0@42.437C gpu@44.187C tj@44.625C soc1@42.562C VDD_IN 3240mW/3356mW VDD_CPU_GPU_CV 519mW/569mW VDD_SOC 1040mW/1053mW
08-23-2026 04:16:33 RAM 2948/7620MB (lfb 8x4MB) SWAP 0/12002MB (cached 0MB) CPU [6%@729,1%@729,1%@729,0%@729,1%@729,1%@729] GR3D_FREQ 0% cpu@44.75C soc2@43.968C soc0@42.468C gpu@43.937C tj@44.687C soc1@42.437C VDD_IN 3280mW/3356mW VDD_CPU_GPU_CV 559mW/569mW VDD_SOC 1040mW/1053mW
08-23-2026 04:16:34 RAM 2948/7620MB (lfb 8x4MB) SWAP 0/12002MB (cached 0MB) CPU [7%@729,3%@729,1%@729,2%@729,1%@729,3%@729] GR3D_FREQ 0% cpu@44.656C soc2@43.968C soc0@42.406C gpu@44.312C tj@44.656C soc1@42.437C VDD_IN 3240mW/3356mW VDD_CPU_GPU_CV 519mW/569mW VDD_SOC 1040mW/1053mW
08-23-2026 04:16:35 RAM 2948/7620MB (lfb 8x4MB) SWAP 0/12002MB (cached 0MB) CPU [5%@729,0%@729,0%@729,0%@729,1%@729,0%@729] GR3D_FREQ 0% cpu@44.812C soc2@43.812C soc0@42.375C gpu@43.937C tj@44.812C soc1@42.531C VDD_IN 3240mW/3355mW VDD_CPU_GPU_CV 519mW/568mW VDD_SOC 1040mW/1053mW
08-23-2026 04:16:36 RAM 2948/7620MB (lfb 8x4MB) SWAP 0/12002MB (cached 0MB) CPU [6%@729,2%@729,1%@729,3%@729,0%@729,3%@729] GR3D_FREQ 0% cpu@44.5C soc2@43.906C soc0@42.437C gpu@43.937C tj@44.5C soc1@42.312C VDD_IN 3240mW/3355mW VDD_CPU_GPU_CV 519mW/568mW VDD_SOC 1040mW/1053mW
08-23-2026 04:16:37 RAM 2948/7620MB (lfb 8x4MB) SWAP 0/12002MB (cached 0MB) CPU [6%@729,1%@729,0%@729,1%@729,0%@729,1%@729] GR3D_FREQ 0% cpu@44.593C soc2@44.031C soc0@42.437C gpu@44.312C tj@44.593C soc1@42.437C VDD_IN 3240mW/3355mW VDD_CPU_GPU_CV 519mW/568mW VDD_SOC 1040mW/1053mW
08-23-2026 04:16:38 RAM 2948/7620MB (lfb 8x4MB) SWAP 0/12002MB (cached 0MB) CPU [6%@729,2%@729,1%@729,2%@729,1%@729,2%@729] GR3D_FREQ 0% cpu@44.718C soc2@43.906C soc0@42.375C gpu@43.875C tj@44.718C soc1@42.593C VDD_IN 3280mW/3355mW VDD_CPU_GPU_CV 559mW/568mW VDD_SOC 1040mW/1053mW
08-23-2026 04:16:39 RAM 2948/7620MB (lfb 8x4MB) SWAP 0/12002MB (cached 0MB) CPU [7%@729,0%@729,1%@729,1%@729,0%@729,2%@729] GR3D_FREQ 0% cpu@44.5C soc2@43.937C soc0@42.5C gpu@43.937C tj@44.437C soc1@42.437C VDD_IN 3240mW/3355mW VDD_CPU_GPU_CV 519mW/568mW VDD_SOC 1040mW/1053mW
08-23-2026 04:16:40 RAM 2948/7620MB (lfb 8x4MB) SWAP 0/12002MB (cached 0MB) CPU [7%@729,2%@729,1%@729,1%@729,1%@729,1%@729] GR3D_FREQ 0% cpu@44.531C soc2@44.062C soc0@42.343C gpu@43.843C tj@44.531C soc1@42.468C VDD_IN 3240mW/3355mW VDD_CPU_GPU_CV 519mW/568mW VDD_SOC 1040mW/1053mW
08-23-2026 04:16:41 RAM 2948/7620MB (lfb 8x4MB) SWAP 0/12002MB (cached 0MB) CPU [5%@729,1%@729,0%@729,1%@729,0%@729,1%@729] GR3D_FREQ 0% cpu@44.656C soc2@43.937C soc0@42.375C gpu@43.937C tj@44.656C soc1@42.687C VDD_IN 3240mW/3354mW VDD_CPU_GPU_CV 519mW/568mW VDD_SOC 1040mW/1053mW
08-23-2026 04:16:42 RAM 2948/7620MB (lfb 8x4MB) SWAP 0/12002MB (cached 0MB) CPU [7%@729,1%@729,1%@729,2%@729,0%@729,2%@729] GR3D_FREQ 0% cpu@44.5C soc2@44C soc0@42.531C gpu@43.937C tj@44.687C soc1@42.343C VDD_IN 3240mW/3354mW VDD_CPU_GPU_CV 519mW/568mW VDD_SOC 1040mW/1053mW
08-23-2026 04:16:43 RAM 2948/7620MB (lfb 8x4MB) SWAP 0/12002MB (cached 0MB) CPU [5%@729,0%@729,3%@729,2%@729,2%@729,2%@729] GR3D_FREQ 0% cpu@44.718C soc2@43.937C soc0@42.437C gpu@43.781C tj@44.718C soc1@42.5C VDD_IN 3280mW/3354mW VDD_CPU_GPU_CV 559mW/568mW VDD_SOC 1040mW/1053mW
08-23-2026 04:16:44 RAM 2949/7620MB (lfb 8x4MB) SWAP 0/12002MB (cached 0MB) CPU [8%@729,1%@729,4%@729,3%@729,2%@729,7%@729] GR3D_FREQ 0% cpu@44.562C soc2@43.843C soc0@42.468C gpu@43.906C tj@44.562C soc1@42.656C VDD_IN 3360mW/3354mW VDD_CPU_GPU_CV 599mW/568mW VDD_SOC 1040mW/1053mW
08-23-2026 04:16:45 RAM 2949/7620MB (lfb 8x4MB) SWAP 0/12002MB (cached 0MB) CPU [9%@729,4%@729,3%@729,3%@729,3%@729,3%@729] GR3D_FREQ 0% cpu@44.625C soc2@43.937C soc0@42.468C gpu@43.843C tj@44.625C soc1@42.468C VDD_IN 3320mW/3354mW VDD_CPU_GPU_CV 559mW/568mW VDD_SOC 1040mW/1053mW
08-23-2026 04:16:46 RAM 2949/7620MB (lfb 8x4MB) SWAP 0/12002MB (cached 0MB) CPU [6%@729,3%@729,1%@729,1%@729,0%@729,1%@729] GR3D_FREQ 0% cpu@44.562C soc2@43.968C soc0@42.406C gpu@43.906C tj@44.562C soc1@42.656C VDD_IN 3280mW/3354mW VDD_CPU_GPU_CV 519mW/568mW VDD_SOC 1040mW/1053mW
08-23-2026 04:16:47 RAM 2949/7620MB (lfb 8x4MB) SWAP 0/12002MB (cached 0MB) CPU [7%@729,0%@729,0%@729,0%@729,0%@729,3%@729] GR3D_FREQ 0% cpu@44.875C soc2@43.937C soc0@42.437C gpu@43.937C tj@44.875C soc1@42.468C VDD_IN 3240mW/3354mW VDD_CPU_GPU_CV 519mW/568mW VDD_SOC 1040mW/1053mW
08-23-2026 04:16:48 RAM 2949/7620MB (lfb 8x4MB) SWAP 0/12002MB (cached 0MB) CPU [8%@729,2%@729,3%@729,2%@729,2%@729,0%@729] GR3D_FREQ 0% cpu@44.5C soc2@43.875C soc0@42.531C gpu@43.812C tj@44.5C soc1@42.375C VDD_IN 3280mW/3354mW VDD_CPU_GPU_CV 559mW/568mW VDD_SOC 1040mW/1053mW
08-23-2026 04:16:49 RAM 2949/7620MB (lfb 8x4MB) SWAP 0/12002MB (cached 0MB) CPU [6%@729,1%@729,0%@729,1%@729,0%@729,2%@729] GR3D_FREQ 0% cpu@44.656C soc2@44C soc0@42.375C gpu@43.843C tj@44.656C soc1@42.531C VDD_IN 3240mW/3354mW VDD_CPU_GPU_CV 519mW/568mW VDD_SOC 1040mW/1053mW
08-23-2026 04:16:50 RAM 2949/7620MB (lfb 8x4MB) SWAP 0/12002MB (cached 0MB) CPU [6%@729,3%@729,1%@729,1%@729,1%@729,0%@729] GR3D_FREQ 0% cpu@44.812C soc2@43.937C soc0@42.437C gpu@44.062C tj@44.812C soc1@42.437C VDD_IN 3240mW/3354mW VDD_CPU_GPU_CV 519mW/568mW VDD_SOC 1040mW/1053mW
08-23-2026 04:16:51 RAM 2949/7620MB (lfb 8x4MB) SWAP 0/12002MB (cached 0MB) CPU [7%@729,1%@729,0%@729,0%@729,1%@729,2%@729] GR3D_FREQ 0% cpu@44.625C soc2@43.968C soc0@42.5C gpu@43.781C tj@44.625C soc1@42.468C VDD_IN 3240mW/3353mW VDD_CPU_GPU_CV 519mW/568mW VDD_SOC 1040mW/1053mW
08-23-2026 04:16:52 RAM 2949/7620MB (lfb 8x4MB) SWAP 0/12002MB (cached 0MB) CPU [8%@729,1%@729,0%@729,1%@729,1%@729,1%@729] GR3D_FREQ 0% cpu@44.843C soc2@43.968C soc0@42.375C gpu@43.812C tj@44.843C soc1@42.656C VDD_IN 3240mW/3353mW VDD_CPU_GPU_CV 519mW/568mW VDD_SOC 1040mW/1053mW
08-23-2026 04:16:53 RAM 2948/7620MB (lfb 8x4MB) SWAP 0/12002MB (cached 0MB) CPU [5%@729,0%@729,2%@729,1%@729,1%@729,1%@729] GR3D_FREQ 0% cpu@44.5C soc2@43.937C soc0@42.437C gpu@44.031C tj@44.468C soc1@42.406C VDD_IN 3240mW/3353mW VDD_CPU_GPU_CV 519mW/568mW VDD_SOC 1040mW/1053mW
08-23-2026 04:16:54 RAM 2948/7620MB (lfb 8x4MB) SWAP 0/12002MB (cached 0MB) CPU [7%@729,1%@729,0%@729,1%@729,0%@729,3%@729] GR3D_FREQ 0% cpu@44.593C soc2@43.937C soc0@42.625C gpu@43.75C tj@44.593C soc1@42.5C VDD_IN 3240mW/3353mW VDD_CPU_GPU_CV 519mW/568mW VDD_SOC 1040mW/1053mW
08-23-2026 04:16:55 RAM 2948/7620MB (lfb 8x4MB) SWAP 0/12002MB (cached 0MB) CPU [6%@729,2%@729,1%@729,1%@729,1%@729,1%@729] GR3D_FREQ 0% cpu@44.718C soc2@43.937C soc0@42.468C gpu@43.812C tj@44.718C soc1@42.562C VDD_IN 3240mW/3353mW VDD_CPU_GPU_CV 519mW/567mW VDD_SOC 1040mW/1053mW
08-23-2026 04:16:56 RAM 2948/7620MB (lfb 8x4MB) SWAP 0/12002MB (cached 0MB) CPU [6%@729,1%@729,1%@729,0%@729,2%@729,1%@729] GR3D_FREQ 0% cpu@44.531C soc2@43.906C soc0@42.5C gpu@44.031C tj@44.531C soc1@42.437C VDD_IN 3240mW/3353mW VDD_CPU_GPU_CV 519mW/567mW VDD_SOC 1040mW/1053mW
08-23-2026 04:16:57 RAM 2948/7620MB (lfb 8x4MB) SWAP 0/12002MB (cached 0MB) CPU [6%@729,2%@729,0%@729,2%@729,0%@729,0%@729] GR3D_FREQ 0% cpu@44.593C soc2@43.937C soc0@42.593C gpu@43.843C tj@44.593C soc1@42.5C VDD_IN 3240mW/3352mW VDD_CPU_GPU_CV 519mW/567mW VDD_SOC 1040mW/1053mW
08-23-2026 04:16:58 RAM 2948/7620MB (lfb 8x4MB) SWAP 0/12002MB (cached 0MB) CPU [7%@729,3%@729,2%@729,1%@729,5%@729,3%@729] GR3D_FREQ 0% cpu@44.625C soc2@43.968C soc0@42.375C gpu@43.906C tj@44.625C soc1@42.531C VDD_IN 3240mW/3352mW VDD_CPU_GPU_CV 559mW/567mW VDD_SOC 1040mW/1053mW
08-23-2026 04:16:59 RAM 2949/7620MB (lfb 8x4MB) SWAP 0/12002MB (cached 0MB) CPU [8%@729,2%@729,3%@729,3%@729,2%@729,5%@729] GR3D_FREQ 0% cpu@44.843C soc2@43.906C soc0@42.5C gpu@44.062C tj@44.843C soc1@42.406C VDD_IN 3320mW/3352mW VDD_CPU_GPU_CV 559mW/567mW VDD_SOC 1040mW/1053mW
08-23-2026 04:17:00 RAM 2949/7620MB (lfb 8x4MB) SWAP 0/12002MB (cached 0MB) CPU [8%@729,2%@729,4%@729,2%@729,1%@729,2%@729] GR3D_FREQ 0% cpu@44.625C soc2@43.937C soc0@42.531C gpu@43.812C tj@44.687C soc1@42.5C VDD_IN 3280mW/3352mW VDD_CPU_GPU_CV 559mW/567mW VDD_SOC 1040mW/1053mW
08-23-2026 04:17:01 RAM 2949/7620MB (lfb 8x4MB) SWAP 0/12002MB (cached 0MB) CPU [6%@729,2%@729,1%@729,1%@729,1%@729,1%@729] GR3D_FREQ 0% cpu@44.937C soc2@43.937C soc0@42.468C gpu@43.968C tj@44.937C soc1@42.656C VDD_IN 3240mW/3352mW VDD_CPU_GPU_CV 519mW/567mW VDD_SOC 1040mW/1052mW
08-23-2026 04:17:02 RAM 2949/7620MB (lfb 8x4MB) SWAP 0/12002MB (cached 0MB) CPU [7%@729,2%@729,2%@729,1%@729,1%@729,1%@729] GR3D_FREQ 0% cpu@44.625C soc2@43.937C soc0@42.531C gpu@44C tj@44.625C soc1@42.468C VDD_IN 3240mW/3352mW VDD_CPU_GPU_CV 519mW/567mW VDD_SOC 1040mW/1052mW
08-23-2026 04:17:03 RAM 2949/7620MB (lfb 8x4MB) SWAP 0/12002MB (cached 0MB) CPU [6%@729,0%@729,0%@729,1%@729,1%@729,2%@729] GR3D_FREQ 0% cpu@44.687C soc2@43.937C soc0@42.375C gpu@43.875C tj@44.687C soc1@42.5C VDD_IN 3240mW/3352mW VDD_CPU_GPU_CV 519mW/567mW VDD_SOC 1040mW/1052mW
08-23-2026 04:17:04 RAM 2949/7620MB (lfb 8x4MB) SWAP 0/12002MB (cached 0MB) CPU [8%@729,3%@729,1%@729,1%@729,1%@729,1%@729] GR3D_FREQ 0% cpu@44.781C soc2@43.875C soc0@42.468C gpu@43.968C tj@44.781C soc1@42.625C VDD_IN 3240mW/3352mW VDD_CPU_GPU_CV 519mW/567mW VDD_SOC 1040mW/1052mW
08-23-2026 04:17:05 RAM 2949/7620MB (lfb 8x4MB) SWAP 0/12002MB (cached 0MB) CPU [7%@729,2%@729,0%@729,1%@729,1%@729,1%@729] GR3D_FREQ 0% cpu@44.562C soc2@43.937C soc0@42.5C gpu@43.875C tj@44.562C soc1@42.437C VDD_IN 3240mW/3351mW VDD_CPU_GPU_CV 519mW/567mW VDD_SOC 1040mW/1052mW
08-23-2026 04:17:06 RAM 2949/7620MB (lfb 8x4MB) SWAP 0/12002MB (cached 0MB) CPU [7%@729,0%@729,1%@729,0%@729,1%@729,1%@729] GR3D_FREQ 0% cpu@44.531C soc2@43.937C soc0@42.406C gpu@44C tj@44.531C soc1@42.531C VDD_IN 3240mW/3351mW VDD_CPU_GPU_CV 519mW/567mW VDD_SOC 1040mW/1052mW
08-23-2026 04:17:07 RAM 2949/7620MB (lfb 8x4MB) SWAP 0/12002MB (cached 0MB) CPU [6%@729,1%@729,1%@729,1%@729,0%@729,1%@729] GR3D_FREQ 0% cpu@44.562C soc2@43.937C soc0@42.437C gpu@44.062C tj@44.562C soc1@42.687C VDD_IN 3240mW/3351mW VDD_CPU_GPU_CV 519mW/567mW VDD_SOC 1040mW/1052mW
08-23-2026 04:17:08 RAM 2949/7620MB (lfb 8x4MB) SWAP 0/12002MB (cached 0MB) CPU [8%@729,1%@729,1%@729,1%@729,2%@729,1%@729] GR3D_FREQ 0% cpu@44.562C soc2@43.968C soc0@42.562C gpu@43.843C tj@44.562C soc1@42.437C VDD_IN 3240mW/3351mW VDD_CPU_GPU_CV 519mW/567mW VDD_SOC 1040mW/1052mW
08-23-2026 04:17:09 RAM 2949/7620MB (lfb 8x4MB) SWAP 0/12002MB (cached 0MB) CPU [9%@729,0%@729,2%@729,1%@729,2%@729,1%@729] GR3D_FREQ 0% cpu@44.781C soc2@44.031C soc0@42.5C gpu@44.062C tj@44.781C soc1@42.593C VDD_IN 3240mW/3351mW VDD_CPU_GPU_CV 519mW/567mW VDD_SOC 1040mW/1052mW
08-23-2026 04:17:10 RAM 2949/7620MB (lfb 8x4MB) SWAP 0/12002MB (cached 0MB) CPU [7%@729,2%@729,0%@729,1%@729,0%@729,5%@729] GR3D_FREQ 0% cpu@44.625C soc2@43.937C soc0@42.5C gpu@44.062C tj@44.625C soc1@42.437C VDD_IN 3240mW/3351mW VDD_CPU_GPU_CV 559mW/567mW VDD_SOC 1040mW/1052mW
08-23-2026 04:17:11 RAM 2949/7620MB (lfb 8x4MB) SWAP 0/12002MB (cached 0MB) CPU [6%@729,1%@729,1%@729,0%@729,2%@729,1%@729] GR3D_FREQ 0% cpu@44.656C soc2@43.937C soc0@42.562C gpu@43.875C tj@44.656C soc1@42.468C VDD_IN 3240mW/3351mW VDD_CPU_GPU_CV 519mW/567mW VDD_SOC 1040mW/1052mW
08-23-2026 04:17:12 RAM 2949/7620MB (lfb 8x4MB) SWAP 0/12002MB (cached 0MB) CPU [7%@729,0%@729,1%@729,1%@729,0%@729,2%@729] GR3D_FREQ 0% cpu@44.718C soc2@44C soc0@42.468C gpu@44.093C tj@44.718C soc1@42.593C VDD_IN 3240mW/3350mW VDD_CPU_GPU_CV 519mW/567mW VDD_SOC 1040mW/1052mW
08-23-2026 04:17:13 RAM 2949/7620MB (lfb 8x4MB) SWAP 0/12002MB (cached 0MB) CPU [10%@729,2%@729,1%@729,1%@729,2%@729,1%@729] GR3D_FREQ 0% cpu@44.875C soc2@44C soc0@42.5C gpu@44.062C tj@44.875C soc1@42.437C VDD_IN 3240mW/3350mW VDD_CPU_GPU_CV 559mW/567mW VDD_SOC 1040mW/1052mW
08-23-2026 04:17:14 RAM 2950/7620MB (lfb 8x4MB) SWAP 0/12002MB (cached 0MB) CPU [10%@729,3%@729,3%@729,2%@729,2%@729,7%@729] GR3D_FREQ 0% cpu@44.468C soc2@44C soc0@42.437C gpu@43.937C tj@44.468C soc1@42.562C VDD_IN 3280mW/3350mW VDD_CPU_GPU_CV 559mW/567mW VDD_SOC 1040mW/1052mW
08-23-2026 04:17:15 RAM 2950/7620MB (lfb 8x4MB) SWAP 0/12002MB (cached 0MB) CPU [9%@729,1%@729,3%@729,2%@729,2%@729,2%@729] GR3D_FREQ 0% cpu@44.531C soc2@43.875C soc0@42.5C gpu@44.156C tj@44.531C soc1@42.687C VDD_IN 3280mW/3350mW VDD_CPU_GPU_CV 559mW/567mW VDD_SOC 1040mW/1052mW
08-23-2026 04:17:16 RAM 2949/7620MB (lfb 8x4MB) SWAP 0/12002MB (cached 0MB) CPU [11%@1510,21%@1510,1%@1510,0%@1510,1%@729,2%@729] GR3D_FREQ 0% cpu@44.875C soc2@43.968C soc0@42.562C gpu@43.937C tj@44.875C soc1@42.468C VDD_IN 3634mW/3350mW VDD_CPU_GPU_CV 677mW/567mW VDD_SOC 1118mW/1052mW
08-23-2026 04:17:17 RAM 2909/7620MB (lfb 7x4MB) SWAP 0/12002MB (cached 0MB) CPU [6%@729,4%@729,0%@729,1%@729,0%@729,1%@729] GR3D_FREQ 0% cpu@44.687C soc2@44.031C soc0@42.687C gpu@43.937C tj@44.687C soc1@42.531C VDD_IN 3280mW/3350mW VDD_CPU_GPU_CV 519mW/567mW VDD_SOC 1040mW/1052mW
08-23-2026 04:17:18 RAM 2909/7620MB (lfb 7x4MB) SWAP 0/12002MB (cached 0MB) CPU [7%@729,1%@729,1%@729,1%@729,1%@729,1%@729] GR3D_FREQ 0% cpu@44.843C soc2@43.968C soc0@42.5C gpu@44.062C tj@44.843C soc1@42.625C VDD_IN 3240mW/3350mW VDD_CPU_GPU_CV 519mW/567mW VDD_SOC 1040mW/1052mW
08-23-2026 04:17:19 RAM 2251/7620MB (lfb 26x4MB) SWAP 0/12002MB (cached 0MB) CPU [9%@729,2%@729,6%@729,7%@729,5%@729,3%@729] GR3D_FREQ 0% cpu@44.656C soc2@43.937C soc0@42.5C gpu@44.218C tj@44.656C soc1@42.468C VDD_IN 3400mW/3350mW VDD_CPU_GPU_CV 599mW/567mW VDD_SOC 1080mW/1052mW
08-23-2026 04:17:20 RAM 2252/7620MB (lfb 26x4MB) SWAP 0/12002MB (cached 0MB) CPU [8%@729,1%@729,1%@729,1%@729,2%@729,3%@729] GR3D_FREQ 0% cpu@44.625C soc2@44.031C soc0@42.437C gpu@43.968C tj@44.625C soc1@42.5C VDD_IN 3240mW/3350mW VDD_CPU_GPU_CV 559mW/567mW VDD_SOC 1040mW/1052mW
08-23-2026 04:17:21 RAM 2253/7620MB (lfb 26x4MB) SWAP 0/12002MB (cached 0MB) CPU [8%@729,1%@729,0%@729,0%@729,0%@729,1%@729] GR3D_FREQ 0% cpu@44.718C soc2@43.937C soc0@42.531C gpu@44.156C tj@44.718C soc1@42.687C VDD_IN 3240mW/3350mW VDD_CPU_GPU_CV 519mW/567mW VDD_SOC 1040mW/1052mW
08-23-2026 04:17:22 RAM 2253/7620MB (lfb 26x4MB) SWAP 0/12002MB (cached 0MB) CPU [7%@729,1%@729,1%@729,0%@729,1%@729,1%@729] GR3D_FREQ 0% cpu@44.531C soc2@44C soc0@42.437C gpu@44.187C tj@44.531C soc1@42.468C VDD_IN 3240mW/3350mW VDD_CPU_GPU_CV 519mW/567mW VDD_SOC 1040mW/1052mW
