phys_ts,ap_pub_wall_ts,n_channels,resample_ms,z_eval_ms,bg_update_ms,dds_transport_ms,fsm_eval_ms,node_latency_ms,from_state,ap_state,rpn_result,counter,trigger_channels
1705017600.0,1786288337.6694226,3,2.3392,0.11,0.0617,1.09,0.044,0.378,NOMINAL,NOMINAL,STALE,0,
1705018500.0,1786288337.7929854,3,2.0938,0.113,,0.605,0.0371,0.294,NOMINAL,NOMINAL,STALE,0,
1705019400.0,1786288337.9178061,3,2.0063,0.1076,,0.613,0.0306,0.268,NOMINAL,NOMINAL,STALE,0,
1705020300.0,1786288338.0430207,3,2.0894,0.1082,,0.685,0.0331,0.299,NOMINAL,NOMINAL,STALE,0,
1705021200.0,1786288338.1679442,3,1.9921,0.1078,,0.661,0.034,0.302,NOMINAL,NOMINAL,STALE,0,
1705022100.0,1786288338.2934694,3,2.1996,0.1101,,0.746,0.0366,0.325,NOMINAL,NOMINAL,STALE,0,
1705023000.0,1786288338.4190712,3,2.412,0.1183,,0.952,0.0412,0.357,NOMINAL,NOMINAL,STALE,0,
1705023900.0,1786288338.543488,3,2.3004,0.1138,,0.743,0.0368,0.28,NOMINAL,NOMINAL,STALE,0,
1705024800.0,1786288338.6683407,3,2.1951,0.1108,,0.731,0.0606,0.322,NOMINAL,NOMINAL,STALE,0,
1705025700.0,1786288338.792973,3,2.1149,0.1098,,0.556,0.0321,0.281,NOMINAL,NOMINAL,STALE,0,
1705026600.0,1786288338.9189062,3,2.4021,0.1152,,0.809,0.0405,0.314,NOMINAL,NOMINAL,STALE,0,
1705027500.0,1786288339.0430028,3,2.1111,0.1084,,0.678,0.0351,0.268,NOMINAL,NOMINAL,STALE,0,
1705028400.0,1786288339.1679049,3,2.0507,0.1082,,0.641,0.0309,0.256,NOMINAL,NOMINAL,STALE,0,
1705029300.0,1786288339.293188,3,2.1219,0.146,,0.682,0.0339,0.269,NOMINAL,NOMINAL,STALE,0,
1705030200.0,1786288339.4181833,3,2.1462,0.1092,,0.686,0.0331,0.263,NOMINAL,NOMINAL,STALE,0,
1705031100.0,1786288339.5430994,3,2.0951,0.109,,0.669,0.0333,0.259,NOMINAL,NOMINAL,STALE,0,
1705032000.0,1786288339.6680195,3,2.0811,0.1103,,0.682,0.0322,0.259,NOMINAL,NOMINAL,STALE,0,
1705032900.0,1786288339.7927532,3,1.9892,0.1074,,0.569,0.0306,0.254,NOMINAL,NOMINAL,STALE,0,
1705033800.0,1786288339.9177885,3,1.962,0.107,,0.625,0.0289,0.249,NOMINAL,NOMINAL,STALE,0,
1705034700.0,1786288340.0427752,3,1.9618,0.108,,0.666,0.0298,0.251,NOMINAL,NOMINAL,STALE,0,
1705035600.0,1786288340.1679037,3,2.0392,0.1085,,0.605,0.0297,0.249,NOMINAL,NOMINAL,STALE,0,
1705036500.0,1786288340.293225,3,2.1054,0.1399,,0.718,0.0332,0.262,NOMINAL,NOMINAL,STALE,0,
1705037400.0,1786288340.4185064,3,2.2605,0.1149,,0.753,0.0353,0.298,NOMINAL,NOMINAL,STALE,0,
1705038300.0,1786288340.543134,3,2.1236,0.1113,,0.679,0.0356,0.267,NOMINAL,NOMINAL,STALE,0,
1705039200.0,1786288340.6680622,3,2.0917,0.1104,,0.69,0.0354,0.263,NOMINAL,NOMINAL,STALE,0,
1705040100.0,1786288340.7929096,3,2.0506,0.1112,,0.616,0.0322,0.258,NOMINAL,NOMINAL,STALE,0,
1705041000.0,1786288340.9178286,3,2.013,0.1059,,0.639,0.0297,0.239,NOMINAL,NOMINAL,STALE,0,
1705041900.0,1786288341.04294,3,2.0548,0.1085,,0.672,0.0333,0.276,NOMINAL,NOMINAL,STALE,0,
1705042800.0,1786288341.1678407,3,1.9832,0.1084,,0.667,0.03,0.25,NOMINAL,NOMINAL,STALE,0,
1705043700.0,1786288341.2931163,3,1.98,0.1085,,0.937,0.0311,0.257,NOMINAL,NOMINAL,STALE,0,
1705044600.0,1786288341.4184492,3,2.2912,0.1115,,0.731,0.0344,0.27,NOMINAL,NOMINAL,STALE,0,
1705045500.0,1786288341.543086,3,2.0936,0.1079,,0.693,0.0333,0.263,NOMINAL,NOMINAL,STALE,0,
1705046400.0,1786288341.6680222,3,2.0596,0.1095,,0.676,0.0314,0.263,NOMINAL,NOMINAL,STALE,0,
1705047300.0,1786288341.7928367,3,2.0345,0.109,,0.609,0.0331,0.258,NOMINAL,NOMINAL,STALE,0,
1705048200.0,1786288341.9178166,3,2.0201,0.1077,,0.638,0.0301,0.248,NOMINAL,NOMINAL,STALE,0,
1705049100.0,1786288342.0429513,3,2.0706,0.1079,,0.665,0.0335,0.253,NOMINAL,NOMINAL,STALE,0,
1705050000.0,1786288342.1678836,3,2.0135,0.1072,,0.649,0.0313,0.248,NOMINAL,NOMINAL,STALE,0,
1705050900.0,1786288342.292977,3,2.0077,0.1093,,0.66,0.0317,0.284,NOMINAL,NOMINAL,STALE,0,
1705051800.0,1786288342.4205425,3,2.4495,0.1177,,2.331,0.0393,0.325,NOMINAL,NOMINAL,STALE,0,
1705052700.0,1786288342.543928,3,2.3897,0.1122,,0.87,0.0405,0.315,NOMINAL,NOMINAL,STALE,0,
1705053600.0,1786288342.6683867,3,2.2348,0.1101,,0.752,0.0376,0.309,NOMINAL,NOMINAL,STALE,0,
1705054500.0,1786288342.7929447,3,2.0418,0.1127,,0.622,0.0354,0.279,NOMINAL,NOMINAL,STALE,0,
1705055400.0,1786288342.9178267,3,1.9901,0.1094,,0.627,0.0304,0.254,NOMINAL,NOMINAL,STALE,0,
1705056300.0,1786288343.042843,3,2.0092,0.1072,,0.666,0.0329,0.256,NOMINAL,NOMINAL,STALE,0,
1705057200.0,1786288343.16795,3,2.0406,0.1072,,0.641,0.0334,0.262,NOMINAL,NOMINAL,STALE,0,
1705058100.0,1786288343.292846,3,1.9636,0.1072,,0.667,0.0309,0.252,NOMINAL,NOMINAL,STALE,0,
1705059000.0,1786288343.4193404,3,2.3946,0.1163,,1.117,0.0419,0.434,NOMINAL,NOMINAL,STALE,0,
1705059900.0,1786288343.543583,3,2.3004,0.1135,,0.788,0.0404,0.296,NOMINAL,NOMINAL,STALE,0,
1705060800.0,1786288343.6682208,3,2.156,0.1122,,0.732,0.0358,0.303,NOMINAL,NOMINAL,STALE,0,
1705061700.0,1786288343.792921,3,2.0197,0.1097,,0.642,0.0344,0.279,NOMINAL,NOMINAL,STALE,0,
1705062600.0,1786288343.9179308,3,2.0049,0.1077,,0.658,0.0326,0.289,NOMINAL,NOMINAL,STALE,0,
1705063500.0,1786288344.0429115,3,2.024,0.111,,0.687,0.0338,0.259,NOMINAL,NOMINAL,STALE,0,
1705064400.0,1786288344.167826,3,1.9502,0.1088,,0.663,0.0316,0.251,NOMINAL,NOMINAL,STALE,0,
1705065300.0,1786288344.293019,3,2.0336,0.1094,,0.713,0.0302,0.255,NOMINAL,NOMINAL,STALE,0,
1705066200.0,1786288344.4182234,3,2.1498,0.111,,0.734,0.0354,0.272,NOMINAL,NOMINAL,STALE,0,
1705067100.0,1786288344.543266,3,2.176,0.1118,,0.717,0.0357,0.268,NOMINAL,NOMINAL,STALE,0,
1705068000.0,1786288344.668061,3,2.0844,0.1118,,0.683,0.0314,0.26,NOMINAL,NOMINAL,STALE,0,
1705068900.0,1786288344.7928169,3,1.9893,0.111,,0.611,0.0318,0.256,NOMINAL,NOMINAL,STALE,0,
1705069800.0,1786288344.9179943,3,2.0676,0.1089,,0.656,0.0309,0.254,NOMINAL,NOMINAL,STALE,0,
1705070700.0,1786288345.0430279,3,2.1148,0.1095,,0.681,0.0311,0.256,NOMINAL,NOMINAL,STALE,0,
1705071600.0,1786288345.1679018,3,2.0263,0.1086,,0.638,0.03,0.244,NOMINAL,NOMINAL,STALE,0,
1705072500.0,1786288345.2928793,3,2.009,0.1073,,0.647,0.029,0.243,NOMINAL,NOMINAL,STALE,0,
1705073400.0,1786288345.4184978,3,2.2451,0.1127,,0.787,0.0352,0.279,NOMINAL,NOMINAL,STALE,0,
1705074300.0,1786288345.54331,3,2.1962,0.1132,,0.712,0.0336,0.269,NOMINAL,NOMINAL,STALE,0,
1705075200.0,1786288345.6680894,3,2.0935,0.1111,,0.676,0.0319,0.28,NOMINAL,NOMINAL,STALE,0,
1705076100.0,1786288345.7930396,3,2.0834,0.1089,,0.699,0.0319,0.249,NOMINAL,NOMINAL,STALE,0,
1705077000.0,1786288345.9178107,3,1.988,0.1055,,0.668,0.0301,0.23,NOMINAL,NOMINAL,STALE,0,
1705077900.0,1786288346.0427656,3,1.9879,0.1076,,0.621,0.0307,0.239,NOMINAL,NOMINAL,STALE,0,
1705078800.0,1786288346.1678865,3,2.0474,0.109,,0.6,0.0317,0.247,NOMINAL,NOMINAL,STALE,0,
1705079700.0,1786288346.29281,3,1.9587,0.1065,,0.585,0.0296,0.333,NOMINAL,NOMINAL,STALE,0,
1705080600.0,1786288346.418677,3,2.2163,0.1121,,0.716,0.0374,0.642,NOMINAL,NOMINAL,STALE,0,
1705081500.0,1786288346.5432675,3,2.2265,0.1111,,0.645,0.0341,0.298,NOMINAL,NOMINAL,STALE,0,
1705082400.0,1786288346.6682274,3,2.1741,0.11,,0.644,0.0349,0.358,NOMINAL,NOMINAL,STALE,0,
1705083300.0,1786288346.7931228,3,2.1546,0.1422,,0.584,0.0347,0.321,NOMINAL,NOMINAL,STALE,0,
1705084200.0,1786288346.9179058,3,2.1326,0.1071,,0.553,0.0326,0.242,NOMINAL,NOMINAL,STALE,0,
1705085100.0,1786288347.0428925,3,2.1123,0.1092,,0.573,0.0315,0.234,NOMINAL,NOMINAL,STALE,0,
1705086000.0,1786288347.1679158,3,2.0772,0.108,,0.61,0.0323,0.274,NOMINAL,NOMINAL,STALE,0,
1705086900.0,1786288347.2927349,3,1.9811,0.106,,0.572,0.0312,0.241,NOMINAL,NOMINAL,STALE,0,
1705087800.0,1786288347.4190853,3,2.4249,0.1145,,0.93,0.0398,0.328,NOMINAL,NOMINAL,STALE,0,
1705088700.0,1786288347.5436165,3,2.3271,0.1108,,0.779,0.0362,0.286,NOMINAL,NOMINAL,STALE,0,
1705089600.0,1786288347.6682923,3,2.2265,0.1101,,0.664,0.0364,0.305,NOMINAL,NOMINAL,STALE,0,
1705090500.0,1786288347.793014,3,2.1293,0.1443,,0.573,0.0334,0.258,NOMINAL,NOMINAL,STALE,0,
1705091400.0,1786288347.9179587,3,2.1185,0.1082,,0.608,0.0318,0.24,NOMINAL,NOMINAL,STALE,0,
1705092300.0,1786288348.0430408,3,2.1759,0.1096,,0.614,0.0351,0.243,NOMINAL,NOMINAL,STALE,0,
1705093200.0,1786288348.1681342,3,2.1467,0.1106,,0.629,0.0348,0.306,NOMINAL,NOMINAL,STALE,0,
1705094100.0,1786288348.2930453,3,2.1355,0.1342,,0.599,0.034,0.249,NOMINAL,NOMINAL,STALE,0,
1705095000.0,1786288348.4192154,3,2.5044,0.1147,,0.89,0.0678,0.478,NOMINAL,NOMINAL,STALE,0,
1705095900.0,1786288348.5435846,3,2.3547,0.1106,,0.751,0.0387,0.286,NOMINAL,NOMINAL,STALE,0,
1705096800.0,1786288348.66825,3,2.2215,0.1139,,0.654,0.0356,0.288,NOMINAL,NOMINAL,STALE,0,
1705097700.0,1786288348.7931087,3,2.1994,0.1405,,0.592,0.034,0.265,NOMINAL,NOMINAL,STALE,0,
1705098600.0,1786288348.9178843,3,2.1089,0.107,,0.551,0.03,0.243,NOMINAL,NOMINAL,STALE,0,
1705099500.0,1786288349.0430236,3,2.1654,0.1109,,0.612,0.032,0.243,NOMINAL,NOMINAL,STALE,0,
1705100400.0,1786288349.168049,3,2.1424,0.1106,,0.611,0.033,0.26,NOMINAL,NOMINAL,STALE,0,
1705101300.0,1786288349.2929482,3,2.0842,0.1107,,0.576,0.0322,0.239,NOMINAL,NOMINAL,STALE,0,
1705102200.0,1786288349.418026,3,2.1254,0.1072,,0.621,0.0326,0.253,NOMINAL,NOMINAL,STALE,0,
1705103100.0,1786288349.5434382,3,2.2752,0.1123,,0.74,0.0352,0.282,NOMINAL,NOMINAL,STALE,0,
1705104000.0,1786288349.670676,3,2.2185,0.3021,1.1363,0.604,0.0372,0.267,NOMINAL,NOMINAL,NORMAL,0,
1705104900.0,1786288349.7935188,3,2.2539,0.2896,,0.648,0.0373,0.309,NOMINAL,NOMINAL,TRIGGERED,1,omni_p6|pro_tel0_p5|pro_tel90_p5
1705105800.0,1786288349.9180973,3,2.0807,0.2724,,0.598,0.0336,0.267,NOMINAL,NOMINAL,NORMAL,0,
1705106700.0,1786288350.0429676,3,2.0468,0.2649,,0.579,0.0343,0.258,NOMINAL,NOMINAL,NORMAL,0,
1705107600.0,1786288350.1680493,3,2.034,0.2659,,0.617,0.0355,0.264,NOMINAL,NOMINAL,NORMAL,0,
1705108500.0,1786288350.292994,3,2.018,0.2902,,0.57,0.0332,0.259,NOMINAL,NOMINAL,NORMAL,0,
1705109400.0,1786288350.4183898,3,2.1515,0.2794,,0.712,0.0379,0.311,NOMINAL,NOMINAL,NORMAL,0,
1705110300.0,1786288350.543581,3,2.261,0.2864,,0.714,0.0365,0.307,NOMINAL,NOMINAL,TRIGGERED,1,omni_p6|pro_tel0_p5|pro_tel90_p5
1705111200.0,1786288350.669407,3,2.2122,0.2885,,0.682,0.0648,1.256,NOMINAL,PRE_ALERT,TRIGGERED,2,omni_p6|pro_tel0_p5|pro_tel90_p5
1705112100.0,1786288350.794282,3,2.0801,0.3036,,0.561,0.0447,1.472,PRE_ALERT,NOMINAL,NORMAL,0,
1705113000.0,1786288350.9181807,3,2.0908,0.2716,,0.609,0.0346,0.338,NOMINAL,NOMINAL,NORMAL,0,
1705113900.0,1786288351.0430498,3,2.0962,0.2701,,0.58,0.0338,0.251,NOMINAL,NOMINAL,NORMAL,0,
1705114800.0,1786288351.168137,3,2.1089,0.2732,,0.606,0.0354,0.265,NOMINAL,NOMINAL,NORMAL,0,
1705115700.0,1786288351.2930343,3,2.0314,0.3085,,0.573,0.0333,0.251,NOMINAL,NOMINAL,NORMAL,0,
1705116600.0,1786288351.418256,3,2.2165,0.275,,0.6,0.0326,0.288,NOMINAL,NOMINAL,TRIGGERED,1,omni_p6|pro_tel0_p5|pro_tel90_p5
1705117500.0,1786288351.5445886,3,2.2606,0.2895,,0.737,0.0536,1.267,NOMINAL,PRE_ALERT,TRIGGERED,2,omni_p6|pro_tel0_p5|pro_tel90_p5
1705118400.0,1786288351.6696289,3,2.3297,0.2877,,0.764,0.0564,1.196,PRE_ALERT,NOMINAL,NORMAL,0,
1705119300.0,1786288351.7936356,3,2.3251,0.2808,,0.612,0.0373,0.352,NOMINAL,NOMINAL,NORMAL,0,
1705120200.0,1786288351.9182503,3,2.1674,0.2785,,0.574,0.0352,0.292,NOMINAL,NOMINAL,NORMAL,0,
1705121100.0,1786288352.0432322,3,2.1735,0.2739,,0.609,0.0372,0.268,NOMINAL,NOMINAL,NORMAL,0,
1705122000.0,1786288352.1683743,3,2.2013,0.2744,,0.66,0.0376,0.3,NOMINAL,NOMINAL,NORMAL,0,
1705122900.0,1786288352.293399,3,2.1889,0.2786,,0.642,0.0366,0.276,NOMINAL,NOMINAL,NORMAL,0,
1705123800.0,1786288352.419317,3,2.4253,0.2949,,0.962,0.0412,0.336,NOMINAL,NOMINAL,NORMAL,0,
1705124700.0,1786288352.543776,3,2.353,0.2833,,0.76,0.0402,0.294,NOMINAL,NOMINAL,NORMAL,0,
1705125600.0,1786288352.668556,3,2.2472,0.2806,,0.754,0.0425,0.298,NOMINAL,NOMINAL,NORMAL,0,
1705126500.0,1786288352.7933917,3,2.2116,0.2849,,0.624,0.036,0.279,NOMINAL,NOMINAL,NORMAL,0,
1705127400.0,1786288352.918415,3,2.2588,0.2842,,0.629,0.0348,0.29,NOMINAL,NOMINAL,NORMAL,0,
1705128300.0,1786288353.0431566,3,2.1631,0.2753,,0.586,0.0337,0.252,NOMINAL,NOMINAL,NORMAL,0,
1705129200.0,1786288353.1681957,3,2.1289,0.279,,0.615,0.033,0.273,NOMINAL,NOMINAL,NORMAL,0,
1705130100.0,1786288353.2931848,3,2.1136,0.3074,,0.595,0.0339,0.255,NOMINAL,NOMINAL,NORMAL,0,
1705131000.0,1786288353.4190974,3,2.3757,0.2905,,0.899,0.041,0.315,NOMINAL,NOMINAL,NORMAL,0,
1705131900.0,1786288353.5436442,3,2.3079,0.2826,,0.719,0.0386,0.286,NOMINAL,NOMINAL,NORMAL,0,
1705132800.0,1786288353.668549,3,2.2585,0.294,,0.728,0.0368,0.314,NOMINAL,NOMINAL,TRIGGERED,1,omni_p6|pro_tel90_p5
1705133700.0,1786288353.7942824,3,2.2316,0.284,,0.597,0.0528,1.205,NOMINAL,PRE_ALERT,TRIGGERED,2,pro_tel90_p5
1705134600.0,1786288353.9192402,3,2.2361,0.2755,,0.645,0.0532,1.144,PRE_ALERT,NOMINAL,NORMAL,0,
1705135500.0,1786288354.043194,3,2.183,0.2782,,0.598,0.035,0.261,NOMINAL,NOMINAL,NORMAL,0,
1705136400.0,1786288354.1682246,3,2.1487,0.2761,,0.628,0.0361,0.289,NOMINAL,NOMINAL,NORMAL,0,
1705137300.0,1786288354.2932093,3,2.1039,0.3156,,0.591,0.0336,0.3,NOMINAL,NOMINAL,NORMAL,0,
1705138200.0,1786288354.4180524,3,2.0938,0.2705,,0.579,0.0331,0.245,NOMINAL,NOMINAL,NORMAL,0,
1705139100.0,1786288354.543299,3,2.1543,0.2824,,0.652,0.0347,0.262,NOMINAL,NOMINAL,TRIGGERED,1,omni_p6|pro_tel0_p5|pro_tel90_p5
1705140000.0,1786288354.6686218,3,2.2215,0.2811,,0.755,0.0387,0.401,NOMINAL,NOMINAL,NORMAL,0,
1705140900.0,1786288354.7933311,3,2.167,0.3111,,0.565,0.0369,0.369,NOMINAL,NOMINAL,NORMAL,0,
1705141800.0,1786288354.9181495,3,2.1362,0.2746,,0.585,0.0362,0.264,NOMINAL,NOMINAL,NORMAL,0,
1705142700.0,1786288355.043064,3,2.0948,0.272,,0.578,0.0332,0.287,NOMINAL,NOMINAL,NORMAL,0,
1705143600.0,1786288355.1681373,3,2.0995,0.2685,,0.601,0.0349,0.304,NOMINAL,NOMINAL,NORMAL,0,
1705144500.0,1786288355.2932482,3,2.1016,0.3165,,0.61,0.0343,0.297,NOMINAL,NOMINAL,TRIGGERED,1,omni_p6|pro_tel0_p5|pro_tel90_p5
1705145400.0,1786288355.4193885,3,2.2203,0.2808,,0.684,0.0612,1.223,NOMINAL,PRE_ALERT,TRIGGERED,2,omni_p6|pro_tel0_p5|pro_tel90_p5
1705146300.0,1786288355.5444374,3,2.2643,0.2793,,0.719,0.053,1.196,PRE_ALERT,NOMINAL,NORMAL,0,
1705147200.0,1786288355.6689134,3,2.3297,0.2872,,0.874,0.0406,0.3,NOMINAL,NOMINAL,NORMAL,0,
1705148100.0,1786288355.7933939,3,2.24,0.2822,,0.603,0.0355,0.272,NOMINAL,NOMINAL,NORMAL,0,
1705149000.0,1786288355.9180977,3,2.1304,0.271,,0.57,0.0331,0.249,NOMINAL,NOMINAL,NORMAL,0,
1705149900.0,1786288356.0430958,3,2.1269,0.2714,,0.587,0.0342,0.256,NOMINAL,NOMINAL,NORMAL,0,
1705150800.0,1786288356.168154,3,2.1097,0.2776,,0.633,0.0323,0.289,NOMINAL,NOMINAL,TRIGGERED,1,omni_p6|pro_tel0_p5|pro_tel90_p5
1705151700.0,1786288356.294224,3,2.1013,0.3277,,0.649,0.0472,1.23,NOMINAL,PRE_ALERT,TRIGGERED,2,omni_p6|pro_tel0_p5|pro_tel90_p5
1705152600.0,1786288356.4189992,3,2.1189,0.2745,,0.604,0.0466,1.122,PRE_ALERT,NOMINAL,NORMAL,0,
1705153500.0,1786288356.5433629,3,2.1147,0.2776,,0.695,0.0349,0.268,NOMINAL,NOMINAL,NORMAL,0,
1705154400.0,1786288356.6684072,3,2.1878,0.2811,,0.687,0.0367,0.308,NOMINAL,NOMINAL,NORMAL,0,
1705155300.0,1786288356.7931833,3,2.1431,0.3156,,0.588,0.0343,0.26,NOMINAL,NOMINAL,NORMAL,0,
1705156200.0,1786288356.918004,3,2.0992,0.2736,,0.548,0.0265,0.217,NOMINAL,NOMINAL,NORMAL,0,
1705157100.0,1786288357.0428886,3,1.9954,0.2727,,0.587,0.0294,0.235,NOMINAL,NOMINAL,TRIGGERED,1,omni_p6|pro_tel0_p5|pro_tel90_p5
1705158000.0,1786288357.16803,3,2.0512,0.2662,,0.633,0.0322,0.247,NOMINAL,NOMINAL,NORMAL,0,
1705158900.0,1786288357.293017,3,1.9628,0.2642,,0.711,0.0305,0.239,NOMINAL,NOMINAL,NORMAL,0,
1705159800.0,1786288357.4193006,3,2.4235,0.2876,,0.959,0.0529,0.34,NOMINAL,NOMINAL,NORMAL,0,
1705160700.0,1786288357.5435245,3,2.2022,0.2848,,0.74,0.0386,0.287,NOMINAL,NOMINAL,NORMAL,0,
1705161600.0,1786288357.6684237,3,2.2084,0.2798,,0.709,0.0359,0.28,NOMINAL,NOMINAL,NORMAL,0,
1705162500.0,1786288357.7933588,3,2.2225,0.2838,,0.592,0.0371,0.274,NOMINAL,NOMINAL,NORMAL,0,
1705163400.0,1786288357.918055,3,2.1214,0.2702,,0.564,0.03,0.233,NOMINAL,NOMINAL,NORMAL,0,
1705164300.0,1786288358.0430899,3,2.1139,0.2731,,0.572,0.0325,0.236,NOMINAL,NOMINAL,NORMAL,0,
1705165200.0,1786288358.16826,3,2.1488,0.2736,,0.64,0.035,0.287,NOMINAL,NOMINAL,NORMAL,0,
1705166100.0,1786288358.2931466,3,2.0892,0.313,,0.564,0.034,0.241,NOMINAL,NOMINAL,NORMAL,0,
1705167000.0,1786288358.4190915,3,2.3988,0.2885,,0.884,0.0418,0.323,NOMINAL,NOMINAL,NORMAL,0,
1705167900.0,1786288358.5433848,3,2.1747,0.2763,,0.665,0.035,0.286,NOMINAL,NOMINAL,NORMAL,0,
1705168800.0,1786288358.6682825,3,2.1501,0.2822,,0.637,0.0328,0.296,NOMINAL,NOMINAL,NORMAL,0,
1705169700.0,1786288358.79324,3,2.1723,0.3178,,0.583,0.0336,0.259,NOMINAL,NOMINAL,NORMAL,0,
1705170600.0,1786288358.9181051,3,2.1348,0.2743,,0.594,0.0342,0.245,NOMINAL,NOMINAL,NORMAL,0,
1705171500.0,1786288359.0429144,3,1.9966,0.2677,,0.555,0.0312,0.274,NOMINAL,NOMINAL,NORMAL,0,
1705172400.0,1786288359.1680818,3,2.0622,0.2727,,0.606,0.0324,0.274,NOMINAL,NOMINAL,NORMAL,0,
1705173300.0,1786288359.2928667,3,1.9442,0.2658,,0.608,0.0315,0.246,NOMINAL,NOMINAL,NORMAL,0,
1705174200.0,1786288359.4179952,3,2.0358,0.2685,,0.575,0.0293,0.24,NOMINAL,NOMINAL,NORMAL,0,
1705175100.0,1786288359.5430639,3,2.025,0.2692,,0.608,0.0311,0.274,NOMINAL,NOMINAL,NORMAL,0,
1705176000.0,1786288359.6680272,3,2.0347,0.2685,,0.606,0.0321,0.246,NOMINAL,NOMINAL,NORMAL,0,
1705176900.0,1786288359.793283,3,2.1716,0.3155,,0.614,0.0346,0.274,NOMINAL,NOMINAL,NORMAL,0,
1705177800.0,1786288359.918082,3,2.109,0.2736,,0.57,0.0311,0.267,NOMINAL,NOMINAL,TRIGGERED,1,omni_p6
1705178700.0,1786288360.0430722,3,2.0953,0.2723,,0.581,0.0321,0.244,NOMINAL,NOMINAL,NORMAL,0,
1705179600.0,1786288360.1680105,3,2.0504,0.2687,,0.588,0.0302,0.249,NOMINAL,NOMINAL,NORMAL,0,
1705180500.0,1786288360.2930386,3,2.0248,0.3199,,0.577,0.0308,0.24,NOMINAL,NOMINAL,NORMAL,0,
1705181400.0,1786288360.4182842,3,2.1165,0.2719,,0.633,0.0326,0.286,NOMINAL,NOMINAL,NORMAL,0,
1705182300.0,1786288360.5431795,3,2.0881,0.2753,,0.614,0.0349,0.262,NOMINAL,NOMINAL,NORMAL,0,
1705183200.0,1786288360.6682074,3,2.0738,0.2713,,0.675,0.0331,0.27,NOMINAL,NOMINAL,TRIGGERED,1,pro_tel90_p5
1705184100.0,1786288360.794842,3,2.1907,0.2949,,0.617,0.0516,1.753,NOMINAL,PRE_ALERT,TRIGGERED,2,omni_p6|pro_tel0_p5|pro_tel90_p5
1705185000.0,1786288360.9192133,3,2.233,0.287,,0.635,0.0504,1.099,PRE_ALERT,NOMINAL,NORMAL,0,
1705185900.0,1786288361.043138,3,2.1312,0.2789,,0.595,0.0326,0.241,NOMINAL,NOMINAL,NORMAL,0,
1705186800.0,1786288361.168162,3,2.0856,0.2727,,0.624,0.0324,0.276,NOMINAL,NOMINAL,NORMAL,0,
1705187700.0,1786288361.2931347,3,2.0524,0.3146,,0.606,0.0329,0.246,NOMINAL,NOMINAL,NORMAL,0,
1705188600.0,1786288361.4181023,3,2.0811,0.2699,,0.589,0.0318,0.248,NOMINAL,NOMINAL,NORMAL,0,
1705189500.0,1786288361.5432465,3,2.1161,0.2789,,0.621,0.0323,0.259,NOMINAL,NOMINAL,TRIGGERED,1,omni_p6|pro_tel0_p5|pro_tel90_p5
1705190400.0,1786288361.670666,3,2.1007,0.2727,1.2185,0.703,0.0542,1.247,NOMINAL,PRE_ALERT,TRIGGERED,2,omni_p6|pro_tel0_p5|pro_tel90_p5
1705191300.0,1786288361.7943301,3,2.2785,0.2846,,0.593,0.0546,1.151,PRE_ALERT,NOMINAL,NORMAL,0,
1705192200.0,1786288361.918381,3,2.2564,0.2834,,0.603,0.0344,0.251,NOMINAL,NOMINAL,NORMAL,0,
1705193100.0,1786288362.042922,3,2.0333,0.2696,,0.549,0.0332,0.237,NOMINAL,NOMINAL,NORMAL,0,
1705194000.0,1786288362.1681778,3,2.11,0.2751,,0.605,0.034,0.27,NOMINAL,NOMINAL,NORMAL,0,
1705194900.0,1786288362.2930999,3,2.0594,0.3099,,0.583,0.0324,0.247,NOMINAL,NOMINAL,NORMAL,0,
1705195800.0,1786288362.4192636,3,2.4021,0.3004,,0.94,0.0416,0.329,NOMINAL,NOMINAL,TRIGGERED,1,omni_p6|pro_tel0_p5|pro_tel90_p5
1705196700.0,1786288362.5446932,3,2.3219,0.2884,,0.705,0.0675,1.289,NOMINAL,PRE_ALERT,TRIGGERED,2,omni_p6|pro_tel0_p5|pro_tel90_p5
1705197600.0,1786288362.6694057,3,2.2424,0.287,,0.711,0.0519,1.153,PRE_ALERT,NOMINAL,NORMAL,0,
1705198500.0,1786288362.7932122,3,2.1561,0.3182,,0.574,0.0335,0.256,NOMINAL,NOMINAL,NORMAL,0,
1705199400.0,1786288362.9184206,3,2.2211,0.2815,,0.658,0.0344,0.265,NOMINAL,NOMINAL,NORMAL,0,
1705200300.0,1786288363.043111,3,2.1515,0.2815,,0.546,0.0336,0.25,NOMINAL,NOMINAL,NORMAL,0,
1705201200.0,1786288363.168218,3,2.1262,0.2789,,0.627,0.0352,0.288,NOMINAL,NOMINAL,NORMAL,0,
1705202100.0,1786288363.293336,3,2.1313,0.3209,,0.627,0.0336,0.265,NOMINAL,NOMINAL,TRIGGERED,1,omni_p6|pro_tel0_p5|pro_tel90_p5
1705203000.0,1786288363.4190276,3,2.3572,0.2909,,0.881,0.0407,0.321,NOMINAL,NOMINAL,NORMAL,0,
1705203900.0,1786288363.543366,3,2.163,0.2789,,0.661,0.0374,0.285,NOMINAL,NOMINAL,NORMAL,0,
1705204800.0,1786288363.668243,3,2.1291,0.2746,,0.616,0.0339,0.287,NOMINAL,NOMINAL,NORMAL,0,
1705205700.0,1786288363.79322,3,2.1473,0.3534,,0.556,0.036,0.268,NOMINAL,NOMINAL,NORMAL,0,
1705206600.0,1786288363.9183502,3,2.2062,0.2783,,0.635,0.0352,0.265,NOMINAL,NOMINAL,NORMAL,0,
1705207500.0,1786288364.043136,3,2.1319,0.275,,0.582,0.0338,0.251,NOMINAL,NOMINAL,NORMAL,0,
1705208400.0,1786288364.1681807,3,2.0801,0.273,,0.625,0.0336,0.281,NOMINAL,NOMINAL,NORMAL,0,
1705209300.0,1786288364.2931266,3,2.0528,0.3185,,0.596,0.0329,0.241,NOMINAL,NOMINAL,NORMAL,0,
1705210200.0,1786288364.4181309,3,2.0996,0.2725,,0.594,0.0329,0.244,NOMINAL,NOMINAL,NORMAL,0,
1705211100.0,1786288364.543285,3,2.1345,0.2761,,0.642,0.0348,0.267,NOMINAL,NOMINAL,NORMAL,0,
1705212000.0,1786288364.6682367,3,2.104,0.2768,,0.637,0.0353,0.289,NOMINAL,NOMINAL,NORMAL,0,
1705212900.0,1786288364.7931457,3,2.1012,0.3228,,0.588,0.0348,0.255,NOMINAL,NOMINAL,NORMAL,0,
1705213800.0,1786288364.9183493,3,2.1677,0.2806,,0.646,0.0357,0.267,NOMINAL,NOMINAL,NORMAL,0,
1705214700.0,1786288365.0430558,3,2.101,0.269,,0.577,0.0332,0.241,NOMINAL,NOMINAL,NORMAL,0,
1705215600.0,1786288365.1682205,3,2.0855,0.2694,,0.651,0.0352,0.282,NOMINAL,NOMINAL,NORMAL,0,
1705216500.0,1786288365.2930837,3,2.0478,0.3201,,0.576,0.0328,0.243,NOMINAL,NOMINAL,NORMAL,0,
1705217400.0,1786288365.4184325,3,2.2016,0.2785,,0.659,0.0362,0.267,NOMINAL,NOMINAL,NORMAL,0,
1705218300.0,1786288365.543283,3,2.1368,0.2798,,0.634,0.0344,0.26,NOMINAL,NOMINAL,TRIGGERED,1,omni_p6|pro_tel90_p5
1705219200.0,1786288365.6681337,3,2.0755,0.2708,,0.61,0.0328,0.266,NOMINAL,NOMINAL,NORMAL,0,
1705220100.0,1786288365.7930427,3,2.0599,0.3192,,0.551,0.0341,0.247,NOMINAL,NOMINAL,NORMAL,0,
1705221000.0,1786288365.91852,3,2.2095,0.2859,,0.701,0.0356,0.288,NOMINAL,NOMINAL,NORMAL,0,
1705221900.0,1786288366.04317,3,2.1377,0.2821,,0.6,0.0344,0.246,NOMINAL,NOMINAL,NORMAL,0,
1705222800.0,1786288366.1682093,3,2.1081,0.2767,,0.628,0.0343,0.283,NOMINAL,NOMINAL,NORMAL,0,
1705223700.0,1786288366.293132,3,2.061,0.3173,,0.587,0.032,0.251,NOMINAL,NOMINAL,TRIGGERED,1,omni_p6|pro_tel0_p5|pro_tel90_p5
1705224600.0,1786288366.4190333,3,2.0755,0.2753,,0.608,0.0476,1.162,NOMINAL,PRE_ALERT,TRIGGERED,2,omni_p6|pro_tel0_p5|pro_tel90_p5
1705225500.0,1786288366.5443776,3,2.2295,0.2842,,0.658,0.0519,1.173,PRE_ALERT,NOMINAL,NORMAL,0,
1705226400.0,1786288366.6682947,3,2.1323,0.278,,0.638,0.0327,0.296,NOMINAL,NOMINAL,NORMAL,0,
1705227300.0,1786288366.7932355,3,2.1447,0.3483,,0.592,0.0345,0.261,NOMINAL,NOMINAL,NORMAL,0,
1705228200.0,1786288366.9182823,3,2.1567,0.2743,,0.63,0.0355,0.263,NOMINAL,NOMINAL,NORMAL,0,
1705229100.0,1786288367.043121,3,2.1414,0.2748,,0.583,0.0321,0.244,NOMINAL,NOMINAL,NORMAL,0,
1705230000.0,1786288367.1681933,3,2.1023,0.2813,,0.613,0.0321,0.284,NOMINAL,NOMINAL,TRIGGERED,1,omni_p6|pro_tel0_p5|pro_tel90_p5
1705230900.0,1786288367.2942152,3,2.1152,0.3176,,0.607,0.0487,1.2,NOMINAL,PRE_ALERT,TRIGGERED,2,omni_p6|pro_tel0_p5|pro_tel90_p5
1705231800.0,1786288367.4201822,3,2.424,0.2978,,0.915,0.0598,1.266,PRE_ALERT,NOMINAL,NORMAL,0,
1705232700.0,1786288367.5437307,3,2.3475,0.2864,,0.711,0.0376,0.286,NOMINAL,NOMINAL,NORMAL,0,
1705233600.0,1786288367.6684787,3,2.1942,0.2854,,0.71,0.0382,0.28,NOMINAL,NOMINAL,NORMAL,0,
1705234500.0,1786288367.793251,3,2.1825,0.3266,,0.546,0.0376,0.266,NOMINAL,NOMINAL,NORMAL,0,
1705235400.0,1786288367.918253,3,2.1407,0.2842,,0.61,0.0345,0.286,NOMINAL,NOMINAL,NORMAL,0,
1705236300.0,1786288368.0433228,3,2.2054,0.2928,,0.614,0.0343,0.301,NOMINAL,NOMINAL,TRIGGERED,1,omni_p6|pro_tel0_p5|pro_tel90_p5
1705237200.0,1786288368.169592,3,2.1487,0.2837,,0.576,0.0508,1.68,NOMINAL,PRE_ALERT,TRIGGERED,2,omni_p6
1705238100.0,1786288368.294565,3,2.2756,0.2871,,0.714,0.0573,1.19,PRE_ALERT,NOMINAL,NORMAL,0,
1705239000.0,1786288368.4192128,3,2.4208,0.2981,,0.923,0.0401,0.327,NOMINAL,NOMINAL,NORMAL,0,
1705239900.0,1786288368.5437272,3,2.3703,0.2934,,0.719,0.0378,0.285,NOMINAL,NOMINAL,NORMAL,0,
1705240800.0,1786288368.6684372,3,2.214,0.2817,,0.677,0.0362,0.3,NOMINAL,NOMINAL,NORMAL,0,
1705241700.0,1786288368.793283,3,2.1735,0.3231,,0.574,0.0331,0.27,NOMINAL,NOMINAL,TRIGGERED,1,omni_p6
1705242600.0,1786288368.9192233,3,2.1714,0.2856,,0.612,0.0485,1.204,NOMINAL,PRE_ALERT,TRIGGERED,2,omni_p6|pro_tel0_p5|pro_tel90_p5
1705243500.0,1786288369.0446408,3,2.3468,0.2869,,0.722,0.0546,1.218,PRE_ALERT,NOMINAL,NORMAL,0,
1705244400.0,1786288369.1684473,3,2.2475,0.2836,,0.686,0.036,0.273,NOMINAL,NOMINAL,NORMAL,0,
1705245300.0,1786288369.2934291,3,2.2517,0.2837,,0.616,0.0348,0.267,NOMINAL,NOMINAL,NORMAL,0,
1705246200.0,1786288369.4183655,3,2.2236,0.2787,,0.593,0.0354,0.339,NOMINAL,NOMINAL,NORMAL,0,
1705247100.0,1786288369.5433764,3,2.227,0.2821,,0.648,0.0367,0.267,NOMINAL,NOMINAL,NORMAL,0,
1705248000.0,1786288369.668362,3,2.1873,0.2869,,0.657,0.0372,0.308,NOMINAL,NOMINAL,TRIGGERED,1,omni_p6
1705248900.0,1786288369.7932806,3,2.1803,0.3444,,0.565,0.0377,0.266,NOMINAL,NOMINAL,NORMAL,0,
1705249800.0,1786288369.9181724,3,2.1329,0.2771,,0.608,0.0339,0.266,NOMINAL,NOMINAL,NORMAL,0,
1705250700.0,1786288370.043327,3,2.2105,0.2798,,0.651,0.0337,0.271,NOMINAL,NOMINAL,NORMAL,0,
1705251600.0,1786288370.1683147,3,2.1986,0.2825,,0.611,0.0596,0.305,NOMINAL,NOMINAL,NORMAL,0,
1705252500.0,1786288370.2932472,3,2.1408,0.3136,,0.603,0.0332,0.26,NOMINAL,NOMINAL,NORMAL,0,
1705253400.0,1786288370.4186382,3,2.2702,0.2863,,0.693,0.0355,0.361,NOMINAL,NOMINAL,NORMAL,0,
1705254300.0,1786288370.54329,3,2.2033,0.2797,,0.608,0.0352,0.261,NOMINAL,NOMINAL,NORMAL,0,
1705255200.0,1786288370.6682866,3,2.1401,0.2778,,0.665,0.0338,0.297,NOMINAL,NOMINAL,NORMAL,0,
1705256100.0,1786288370.7932703,3,2.1764,0.308,,0.575,0.0349,0.272,NOMINAL,NOMINAL,NORMAL,0,
1705257000.0,1786288370.918335,3,2.3228,0.2807,,0.577,0.0317,0.255,NOMINAL,NOMINAL,NORMAL,0,
1705257900.0,1786288371.0432649,3,2.1644,0.2812,,0.657,0.0337,0.262,NOMINAL,NOMINAL,NORMAL,0,
1705258800.0,1786288371.1683786,3,2.155,0.2808,,0.688,0.0341,0.319,NOMINAL,NOMINAL,NORMAL,0,
1705259700.0,1786288371.293204,3,2.1035,0.3113,,0.613,0.034,0.267,NOMINAL,NOMINAL,NORMAL,0,
1705260600.0,1786288371.4181356,3,2.1229,0.2745,,0.599,0.032,0.263,NOMINAL,NOMINAL,NORMAL,0,
1705261500.0,1786288371.5432677,3,2.1771,0.2816,,0.618,0.0356,0.278,NOMINAL,NOMINAL,NORMAL,0,
1705262400.0,1786288371.6681807,3,2.0966,0.272,,0.651,0.0342,0.29,NOMINAL,NOMINAL,NORMAL,0,
1705263300.0,1786288371.7931132,3,2.0932,0.3168,,0.566,0.0326,0.265,NOMINAL,NOMINAL,TRIGGERED,1,omni_p6
1705264200.0,1786288371.9184775,3,2.211,0.2795,,0.728,0.038,0.281,NOMINAL,NOMINAL,NORMAL,0,
1705265100.0,1786288372.0433059,3,2.1698,0.281,,0.643,0.0353,0.305,NOMINAL,NOMINAL,NORMAL,0,
1705266000.0,1786288372.1682012,3,2.1169,0.2845,,0.611,0.036,0.289,NOMINAL,NOMINAL,NORMAL,0,
1705266900.0,1786288372.2932067,3,2.1188,0.3074,,0.599,0.0344,0.26,NOMINAL,NOMINAL,NORMAL,0,
1705267800.0,1786288372.4191995,3,2.3916,0.2931,,0.906,0.0404,0.319,NOMINAL,NOMINAL,NORMAL,0,
1705268700.0,1786288372.5436504,3,2.3164,0.2984,,0.695,0.037,0.303,NOMINAL,NOMINAL,TRIGGERED,1,omni_p6|pro_tel0_p5|pro_tel90_p5
1705269600.0,1786288372.6692357,3,2.1571,0.2842,,0.639,0.0781,1.227,NOMINAL,PRE_ALERT,TRIGGERED,2,omni_p6
1705270500.0,1786288372.79448,3,2.3103,0.2963,,0.613,0.0542,1.184,PRE_ALERT,NOMINAL,NORMAL,0,
1705271400.0,1786288372.9182267,3,2.2138,0.2819,,0.592,0.0359,0.256,NOMINAL,NOMINAL,NORMAL,0,
1705272300.0,1786288373.043051,3,2.0632,0.2791,,0.601,0.0353,0.276,NOMINAL,NOMINAL,NORMAL,0,
1705273200.0,1786288373.1682866,3,2.1848,0.2766,,0.603,0.0357,0.319,NOMINAL,NOMINAL,NORMAL,0,
1705274100.0,1786288373.2930467,3,2.0177,0.3027,,0.563,0.0345,0.299,NOMINAL,NOMINAL,NORMAL,0,
1705275000.0,1786288373.4191236,3,2.3821,0.297,,0.885,0.0396,0.352,NOMINAL,NOMINAL,TRIGGERED,1,omni_p6|pro_tel0_p5|pro_tel90_p5
1705275900.0,1786288373.5443122,3,2.268,0.2933,,0.593,0.0491,1.203,NOMINAL,PRE_ALERT,TRIGGERED,2,omni_p6|pro_tel0_p5|pro_tel90_p5
1705276800.0,1786288373.6708786,3,2.281,0.2774,1.3266,0.617,0.054,1.208,PRE_ALERT,NOMINAL,NORMAL,0,
1705277700.0,1786288373.7933855,3,2.2753,0.2835,,0.562,0.036,0.272,NOMINAL,NOMINAL,NORMAL,0,
1705278600.0,1786288373.9182131,3,2.2302,0.2792,,0.56,0.0302,0.231,NOMINAL,NOMINAL,NORMAL,0,
1705279500.0,1786288374.0429413,3,2.042,0.2695,,0.571,0.0328,0.245,NOMINAL,NOMINAL,NORMAL,0,
1705280400.0,1786288374.169287,3,2.3229,0.2933,,1.235,0.0412,0.338,NOMINAL,NOMINAL,TRIGGERED,1,omni_p6
1705281300.0,1786288374.2943256,3,2.2411,0.2895,,0.63,0.0502,1.18,NOMINAL,PRE_ALERT,TRIGGERED,2,omni_p6|pro_tel0_p5|pro_tel90_p5
1705282200.0,1786288374.4193304,3,2.2736,0.2838,,0.657,0.0534,1.139,PRE_ALERT,NOMINAL,NORMAL,0,
1705283100.0,1786288374.5430295,3,2.0267,0.2678,,0.605,0.0321,0.256,NOMINAL,NOMINAL,NORMAL,0,
1705284000.0,1786288374.668155,3,2.0669,0.2751,,0.618,0.0304,0.274,NOMINAL,NOMINAL,NORMAL,0,
1705284900.0,1786288374.793379,3,2.178,0.2887,,0.637,0.0354,0.272,NOMINAL,NOMINAL,NORMAL,0,
1705285800.0,1786288374.9181745,3,2.1407,0.2742,,0.59,0.0329,0.25,NOMINAL,NOMINAL,NORMAL,0,
1705286700.0,1786288375.0430965,3,2.1019,0.279,,0.577,0.0314,0.248,NOMINAL,NOMINAL,TRIGGERED,1,omni_p6|pro_tel0_p5|pro_tel90_p5
1705287600.0,1786288375.1692321,3,2.1022,0.2837,,0.684,0.0822,1.219,NOMINAL,PRE_ALERT,TRIGGERED,2,omni_p6|pro_tel0_p5|pro_tel90_p5
1705288500.0,1786288375.2943826,3,2.2219,0.2846,,0.685,0.0511,1.148,PRE_ALERT,NOMINAL,NORMAL,0,
1705289400.0,1786288375.4185424,3,2.2796,0.286,,0.701,0.0366,0.27,NOMINAL,NOMINAL,NORMAL,0,
1705290300.0,1786288375.5431716,3,2.1234,0.2768,,0.607,0.034,0.256,NOMINAL,NOMINAL,NORMAL,0,
1705291200.0,1786288375.6681244,3,2.0644,0.2762,,0.619,0.0332,0.27,NOMINAL,NOMINAL,NORMAL,0,
1705292100.0,1786288375.7931826,3,2.1112,0.327,,0.601,0.0345,0.261,NOMINAL,NOMINAL,NORMAL,0,
1705293000.0,1786288375.9181752,3,2.1365,0.2736,,0.606,0.0316,0.251,NOMINAL,NOMINAL,NORMAL,0,
1705293900.0,1786288376.0430672,3,2.1103,0.2747,,0.571,0.0309,0.242,NOMINAL,NOMINAL,NORMAL,0,
1705294800.0,1786288376.1684651,3,2.183,0.282,,0.724,0.0364,0.275,NOMINAL,NOMINAL,NORMAL,0,
1705295700.0,1786288376.2933278,3,2.1241,0.3599,,0.631,0.0338,0.258,NOMINAL,NOMINAL,NORMAL,0,
1705296600.0,1786288376.4182725,3,2.1574,0.2771,,0.635,0.0346,0.261,NOMINAL,NOMINAL,NORMAL,0,
1705297500.0,1786288376.5431123,3,2.0964,0.275,,0.592,0.0312,0.246,NOMINAL,NOMINAL,NORMAL,0,
1705298400.0,1786288376.6682184,3,2.069,0.2726,,0.645,0.0332,0.302,NOMINAL,NOMINAL,NORMAL,0,
1705299300.0,1786288376.7932236,3,2.1221,0.3064,,0.62,0.0352,0.257,NOMINAL,NOMINAL,NORMAL,0,
1705300200.0,1786288376.9183545,3,2.1882,0.2774,,0.661,0.0352,0.261,NOMINAL,NOMINAL,NORMAL,0,
1705301100.0,1786288377.0431397,3,2.1211,0.2721,,0.601,0.0344,0.256,NOMINAL,NOMINAL,NORMAL,0,
1705302000.0,1786288377.1683462,3,2.1183,0.2753,,0.677,0.0338,0.296,NOMINAL,NOMINAL,NORMAL,0,
1705302900.0,1786288377.2933033,3,2.1175,0.3171,,0.652,0.0356,0.26,NOMINAL,NOMINAL,NORMAL,0,
1705303800.0,1786288377.4191473,3,2.4155,0.2962,,0.888,0.0417,0.316,NOMINAL,NOMINAL,NORMAL,0,
1705304700.0,1786288377.543635,3,2.3053,0.2866,,0.715,0.0395,0.282,NOMINAL,NOMINAL,NORMAL,0,
1705305600.0,1786288377.6683958,3,2.1789,0.288,,0.656,0.0366,0.298,NOMINAL,NOMINAL,NORMAL,0,
1705306500.0,1786288377.7933555,3,2.1845,0.2893,,0.61,0.0372,0.265,NOMINAL,NOMINAL,NORMAL,0,
1705307400.0,1786288377.9182243,3,2.158,0.283,,0.59,0.0334,0.255,NOMINAL,NOMINAL,NORMAL,0,
1705308300.0,1786288378.0431297,3,2.1216,0.2754,,0.589,0.0313,0.242,NOMINAL,NOMINAL,NORMAL,0,
1705309200.0,1786288378.1683471,3,2.1171,0.2854,,0.658,0.0351,0.297,NOMINAL,NOMINAL,TRIGGERED,1,omni_p6|pro_tel0_p5|pro_tel90_p5
1705310100.0,1786288378.2941864,3,2.1282,0.3113,,0.618,0.0496,1.169,NOMINAL,PRE_ALERT,TRIGGERED,2,pro_tel90_p5
1705311000.0,1786288378.4200103,3,2.4328,0.2971,,0.869,0.0582,1.205,PRE_ALERT,NOMINAL,NORMAL,0,
1705311900.0,1786288378.5436368,3,2.2827,0.2915,,0.73,0.0399,0.287,NOMINAL,NOMINAL,NORMAL,0,
1705312800.0,1786288378.6684723,3,2.2136,0.2903,,0.702,0.0366,0.275,NOMINAL,NOMINAL,NORMAL,0,
1705313700.0,1786288378.793347,3,2.1856,0.2779,,0.62,0.0355,0.273,NOMINAL,NOMINAL,NORMAL,0,
1705314600.0,1786288378.9182365,3,2.1476,0.2818,,0.602,0.0334,0.253,NOMINAL,NOMINAL,NORMAL,0,
1705315500.0,1786288379.0431075,3,2.1001,0.2871,,0.576,0.0314,0.25,NOMINAL,NOMINAL,TRIGGERED,1,omni_p6|pro_tel0_p5|pro_tel90_p5
1705316400.0,1786288379.1682312,3,2.1148,0.279,,0.632,0.0354,0.281,NOMINAL,NOMINAL,NORMAL,0,
1705317300.0,1786288379.2935672,3,2.2021,0.2845,,0.713,0.0372,0.279,NOMINAL,NOMINAL,NORMAL,0,
1705318200.0,1786288379.4183195,3,2.21,0.2812,,0.624,0.0352,0.261,NOMINAL,NOMINAL,NORMAL,0,
1705319100.0,1786288379.5431526,3,2.1037,0.277,,0.614,0.034,0.255,NOMINAL,NOMINAL,NORMAL,0,
1705320000.0,1786288379.668169,3,2.0693,0.2759,,0.636,0.0334,0.266,NOMINAL,NOMINAL,NORMAL,0,
1705320900.0,1786288379.7936013,3,2.2292,0.2932,,0.682,0.0352,0.276,NOMINAL,NOMINAL,TRIGGERED,1,omni_p6|pro_tel0_p5|pro_tel90_p5
1705321800.0,1786288379.91928,3,2.1907,0.2868,,0.644,0.0534,1.184,NOMINAL,PRE_ALERT,TRIGGERED,2,omni_p6|pro_tel0_p5|pro_tel90_p5
1705322700.0,1786288380.044821,3,2.3307,0.2925,,0.819,0.0592,1.21,PRE_ALERT,NOMINAL,NORMAL,0,
1705323600.0,1786288380.168457,3,2.1961,0.2856,,0.707,0.038,0.276,NOMINAL,NOMINAL,NORMAL,0,
1705324500.0,1786288380.2935836,3,2.1863,0.2927,,0.726,0.0371,0.293,NOMINAL,NOMINAL,NORMAL,0,
1705325400.0,1786288380.4184375,3,2.1875,0.281,,0.699,0.0379,0.279,NOMINAL,NOMINAL,NORMAL,0,
1705326300.0,1786288380.5431404,3,2.0632,0.2702,,0.624,0.035,0.265,NOMINAL,NOMINAL,NORMAL,0,
1705327200.0,1786288380.6683204,3,2.0686,0.2814,,0.696,0.0567,0.3,NOMINAL,NOMINAL,TRIGGERED,1,omni_p6|pro_tel0_p5|pro_tel90_p5
1705328100.0,1786288380.7940764,3,2.0688,0.3244,,0.597,0.0493,1.153,NOMINAL,PRE_ALERT,TRIGGERED,2,omni_p6|pro_tel0_p5|pro_tel90_p5
1705329000.0,1786288380.9191842,3,2.1479,0.2809,,0.649,0.0515,1.131,PRE_ALERT,NOMINAL,NORMAL,0,
1705329900.0,1786288381.0432231,3,2.0852,0.2854,,0.646,0.0355,0.268,NOMINAL,NOMINAL,NORMAL,0,
1705330800.0,1786288381.1680443,3,2.0177,0.2706,,0.598,0.034,0.253,NOMINAL,NOMINAL,NORMAL,0,
1705331700.0,1786288381.2935362,3,2.1087,0.282,,0.768,0.0384,0.293,NOMINAL,NOMINAL,NORMAL,0,
1705332600.0,1786288381.4181376,3,2.0676,0.2726,,0.618,0.0348,0.264,NOMINAL,NOMINAL,NORMAL,0,
1705333500.0,1786288381.5432107,3,2.0966,0.275,,0.637,0.0341,0.263,NOMINAL,NOMINAL,TRIGGERED,1,omni_p6|pro_tel90_p5
1705334400.0,1786288381.6681838,3,2.0058,0.2712,,0.685,0.0342,0.293,NOMINAL,NOMINAL,NORMAL,0,
1705335300.0,1786288381.7931485,3,2.0296,0.3207,,0.64,0.0369,0.268,NOMINAL,NOMINAL,NORMAL,0,
1705336200.0,1786288381.9180844,3,2.0418,0.2704,,0.611,0.0354,0.249,NOMINAL,NOMINAL,NORMAL,0,
1705337100.0,1786288382.0431066,3,2.0633,0.2702,,0.628,0.0358,0.248,NOMINAL,NOMINAL,NORMAL,0,
1705338000.0,1786288382.1680622,3,2.0095,0.2681,,0.624,0.0345,0.263,NOMINAL,NOMINAL,NORMAL,0,
1705338900.0,1786288382.293374,3,2.0623,0.3057,,0.722,0.0348,0.269,NOMINAL,NOMINAL,NORMAL,0,
1705339800.0,1786288382.419058,3,2.3217,0.2925,,0.905,0.0399,0.306,NOMINAL,NOMINAL,NORMAL,0,
1705340700.0,1786288382.5435293,3,2.2151,0.2757,,0.733,0.0395,0.3,NOMINAL,NOMINAL,NORMAL,0,
1705341600.0,1786288382.6683946,3,2.1029,0.2813,,0.684,0.0378,0.321,NOMINAL,NOMINAL,NORMAL,0,
1705342500.0,1786288382.7932413,3,2.0924,0.3124,,0.618,0.0357,0.278,NOMINAL,NOMINAL,NORMAL,0,
1705343400.0,1786288382.9181807,3,2.0848,0.2721,,0.622,0.0333,0.274,NOMINAL,NOMINAL,NORMAL,0,
1705344300.0,1786288383.043285,3,2.1229,0.2766,,0.686,0.0373,0.273,NOMINAL,NOMINAL,NORMAL,0,
1705345200.0,1786288383.1680074,3,1.9843,0.2702,,0.604,0.0335,0.252,NOMINAL,NOMINAL,NORMAL,0,
1705346100.0,1786288383.2933714,3,2.0819,0.322,,0.691,0.0362,0.274,NOMINAL,NOMINAL,NORMAL,0,
1705347000.0,1786288383.4190474,3,2.3003,0.2971,,0.895,0.0426,0.314,NOMINAL,NOMINAL,NORMAL,0,
1705347900.0,1786288383.5434573,3,2.2029,0.2808,,0.689,0.0372,0.289,NOMINAL,NOMINAL,NORMAL,0,
1705348800.0,1786288383.668223,3,2.06,0.2738,,0.637,0.0334,0.283,NOMINAL,NOMINAL,NORMAL,0,
1705349700.0,1786288383.7931092,3,2.0544,0.3094,,0.585,0.0311,0.248,NOMINAL,NOMINAL,NORMAL,0,
1705350600.0,1786288383.918105,3,2.0651,0.2733,,0.603,0.0321,0.25,NOMINAL,NOMINAL,NORMAL,0,
1705351500.0,1786288384.0430605,3,2.0395,0.2686,,0.601,0.0339,0.252,NOMINAL,NOMINAL,NORMAL,0,
1705352400.0,1786288384.1679487,3,1.9801,0.268,,0.58,0.0316,0.246,NOMINAL,NOMINAL,NORMAL,0,
1705353300.0,1786288384.2930758,3,1.9819,0.3022,,0.609,0.0333,0.248,NOMINAL,NOMINAL,NORMAL,0,
1705354200.0,1786288384.418285,3,2.0942,0.2746,,0.675,0.0348,0.255,NOMINAL,NOMINAL,TRIGGERED,1,omni_p6|pro_tel0_p5|pro_tel90_p5
1705355100.0,1786288384.5430965,3,2.0639,0.2687,,0.595,0.0352,0.27,NOMINAL,NOMINAL,NORMAL,0,
1705356000.0,1786288384.6682231,3,2.0379,0.2753,,0.651,0.0372,0.3,NOMINAL,NOMINAL,NORMAL,0,
1705356900.0,1786288384.7931721,3,2.0452,0.3159,,0.664,0.0346,0.263,NOMINAL,NOMINAL,NORMAL,0,
1705357800.0,1786288384.918112,3,2.0733,0.2707,,0.592,0.0349,0.252,NOMINAL,NOMINAL,NORMAL,0,
1705358700.0,1786288385.0431905,3,2.0999,0.2709,,0.634,0.0372,0.262,NOMINAL,NOMINAL,NORMAL,0,
1705359600.0,1786288385.1680334,3,2.0215,0.2697,,0.605,0.0337,0.252,NOMINAL,NOMINAL,TRIGGERED,1,omni_p6
1705360500.0,1786288385.2941182,3,2.0304,0.327,,0.636,0.0507,1.187,NOMINAL,PRE_ALERT,TRIGGERED,2,omni_p6|pro_tel0_p5|pro_tel90_p5
1705361400.0,1786288385.4197319,3,2.2962,0.2853,,0.819,0.0576,1.18,PRE_ALERT,NOMINAL,NORMAL,0,
1705362300.0,1786288385.543296,3,2.1471,0.2793,,0.659,0.0361,0.266,NOMINAL,NOMINAL,NORMAL,0,
1705363200.0,1786288385.669799,3,2.0624,0.2722,1.3713,0.663,0.0382,0.264,NOMINAL,NOMINAL,NORMAL,0,
1705364100.0,1786288385.793254,3,2.1421,0.3049,,0.611,0.0364,0.259,NOMINAL,NOMINAL,NORMAL,0,
1705365000.0,1786288385.9184723,3,2.1942,0.2794,,0.7,0.038,0.273,NOMINAL,NOMINAL,NORMAL,0,
1705365900.0,1786288386.043232,3,2.1364,0.28,,0.636,0.0353,0.257,NOMINAL,NOMINAL,TRIGGERED,1,omni_p6|pro_tel0_p5|pro_tel90_p5
1705366800.0,1786288386.1690288,3,2.0538,0.2789,,0.609,0.0511,1.207,NOMINAL,PRE_ALERT,TRIGGERED,2,omni_p6|pro_tel0_p5|pro_tel90_p5
1705367700.0,1786288386.2942133,3,2.1064,0.3087,,0.681,0.0509,1.128,PRE_ALERT,NOMINAL,NORMAL,0,
1705368600.0,1786288386.4184692,3,2.1993,0.2854,,0.683,0.0355,0.273,NOMINAL,NOMINAL,NORMAL,0,
1705369500.0,1786288386.5431552,3,2.1037,0.2792,,0.604,0.0365,0.255,NOMINAL,NOMINAL,NORMAL,0,
1705370400.0,1786288386.6680684,3,2.034,0.2705,,0.619,0.0327,0.251,NOMINAL,NOMINAL,NORMAL,0,
1705371300.0,1786288386.7930803,3,2.0353,0.3233,,0.581,0.0332,0.252,NOMINAL,NOMINAL,NORMAL,0,
1705372200.0,1786288386.918184,3,2.0881,0.2779,,0.638,0.0321,0.253,NOMINAL,NOMINAL,TRIGGERED,1,omni_p6|pro_tel0_p5|pro_tel90_p5
1705373100.0,1786288387.0440564,3,2.091,0.2753,,0.606,0.0511,1.199,NOMINAL,PRE_ALERT,TRIGGERED,2,omni_p6|pro_tel0_p5|pro_tel90_p5
1705374000.0,1786288387.1690288,3,2.0639,0.2704,,0.622,0.0511,1.175,PRE_ALERT,NOMINAL,NORMAL,0,
1705374900.0,1786288387.2932456,3,2.0697,0.3158,,0.637,0.0352,0.259,NOMINAL,NOMINAL,NORMAL,0,
1705375800.0,1786288387.419143,3,2.322,0.2907,,0.935,0.0414,0.316,NOMINAL,NOMINAL,NORMAL,0,
1705376700.0,1786288387.5436494,3,2.2451,0.2858,,0.758,0.0387,0.295,NOMINAL,NOMINAL,NORMAL,0,
1705377600.0,1786288387.6683915,3,2.1329,0.2773,,0.666,0.0365,0.309,NOMINAL,NOMINAL,NORMAL,0,
1705378500.0,1786288387.7931886,3,2.1143,0.326,,0.555,0.0335,0.27,NOMINAL,NOMINAL,TRIGGERED,1,omni_p6
1705379400.0,1786288387.9182239,3,2.1194,0.2763,,0.614,0.0347,0.256,NOMINAL,NOMINAL,NORMAL,0,
1705380300.0,1786288388.0430994,3,2.0765,0.2702,,0.602,0.0333,0.255,NOMINAL,NOMINAL,NORMAL,0,
1705381200.0,1786288388.1680298,3,2.0334,0.2697,,0.587,0.0341,0.255,NOMINAL,NOMINAL,NORMAL,0,
1705382100.0,1786288388.2931497,3,2.0146,0.3246,,0.618,0.0341,0.251,NOMINAL,NOMINAL,NORMAL,0,
1705383000.0,1786288388.4191158,3,2.3321,0.2932,,0.916,0.0422,0.32,NOMINAL,NOMINAL,NORMAL,0,
1705383900.0,1786288388.543507,3,2.2274,0.2868,,0.703,0.0364,0.275,NOMINAL,NOMINAL,NORMAL,0,
1705384800.0,1786288388.6682594,3,2.0876,0.2741,,0.66,0.0342,0.288,NOMINAL,NOMINAL,NORMAL,0,
1705385700.0,1786288388.7932992,3,2.1332,0.3106,,0.625,0.0358,0.262,NOMINAL,NOMINAL,NORMAL,0,
1705386600.0,1786288388.9184797,3,2.1932,0.2865,,0.696,0.0358,0.271,NOMINAL,NOMINAL,NORMAL,0,
1705387500.0,1786288389.0432584,3,2.1502,0.2758,,0.64,0.0349,0.259,NOMINAL,NOMINAL,NORMAL,0,
1705388400.0,1786288389.1680844,3,2.0532,0.2668,,0.601,0.033,0.25,NOMINAL,NOMINAL,NORMAL,0,
1705389300.0,1786288389.293113,3,2.0072,0.3151,,0.602,0.0326,0.253,NOMINAL,NOMINAL,NORMAL,0,
1705390200.0,1786288389.4180253,3,2.0291,0.2651,,0.574,0.0456,0.264,NOMINAL,NOMINAL,NORMAL,0,
1705391100.0,1786288389.5434191,3,2.2534,0.2758,,0.657,0.0362,0.266,NOMINAL,NOMINAL,NORMAL,0,
1705392000.0,1786288389.668151,3,2.0474,0.2728,,0.632,0.0346,0.277,NOMINAL,NOMINAL,NORMAL,0,
1705392900.0,1786288389.7931285,3,2.0697,0.306,,0.579,0.0344,0.259,NOMINAL,NOMINAL,NORMAL,0,
1705393800.0,1786288389.9181485,3,2.0806,0.2741,,0.598,0.0456,0.266,NOMINAL,NOMINAL,NORMAL,0,
1705394700.0,1786288390.043053,3,2.0231,0.2741,,0.597,0.0327,0.256,NOMINAL,NOMINAL,TRIGGERED,1,omni_p6|pro_tel0_p5|pro_tel90_p5
1705395600.0,1786288390.1690648,3,2.2651,0.2885,,0.934,0.0439,0.331,NOMINAL,NOMINAL,NORMAL,0,
1705396500.0,1786288390.2935376,3,2.1812,0.2806,,0.716,0.037,0.283,NOMINAL,NOMINAL,NORMAL,0,
1705397400.0,1786288390.4184287,3,2.2065,0.2866,,0.671,0.0352,0.276,NOMINAL,NOMINAL,TRIGGERED,1,omni_p6|pro_tel0_p5|pro_tel90_p5
1705398300.0,1786288390.5434332,3,2.1659,0.2814,,0.691,0.0367,0.281,NOMINAL,NOMINAL,NORMAL,0,
1705399200.0,1786288390.6682718,3,2.093,0.2767,,0.639,0.0329,0.295,NOMINAL,NOMINAL,NORMAL,0,
1705400100.0,1786288390.7931664,3,2.0766,0.3185,,0.573,0.0315,0.295,NOMINAL,NOMINAL,TRIGGERED,1,omni_p6|pro_tel0_p5|pro_tel90_p5
1705401000.0,1786288390.9192512,3,2.1405,0.2829,,0.63,0.0537,1.207,NOMINAL,PRE_ALERT,TRIGGERED,2,omni_p6|pro_tel0_p5|pro_tel90_p5
1705401900.0,1786288391.0441518,3,2.1629,0.2788,,0.631,0.0499,1.133,PRE_ALERT,NOMINAL,NORMAL,0,
1705402800.0,1786288391.1680923,3,2.0632,0.2754,,0.584,0.0329,0.246,NOMINAL,NOMINAL,NORMAL,0,
1705403700.0,1786288391.2931702,3,2.0452,0.3053,,0.609,0.0319,0.253,NOMINAL,NOMINAL,NORMAL,0,
1705404600.0,1786288391.418113,3,2.0801,0.2693,,0.596,0.0322,0.238,NOMINAL,NOMINAL,NORMAL,0,
1705405500.0,1786288391.5433524,3,2.1252,0.2733,,0.684,0.0369,0.271,NOMINAL,NOMINAL,NORMAL,0,
1705406400.0,1786288391.6681464,3,2.0416,0.2761,,0.633,0.0318,0.278,NOMINAL,NOMINAL,TRIGGERED,1,omni_p6|pro_tel0_p5|pro_tel90_p5
1705407300.0,1786288391.794034,3,2.066,0.3084,,0.579,0.0493,1.168,NOMINAL,PRE_ALERT,TRIGGERED,2,omni_p6|pro_tel0_p5|pro_tel90_p5
1705408200.0,1786288391.9192302,3,2.1782,0.2774,,0.643,0.0517,1.137,PRE_ALERT,NOMINAL,NORMAL,0,
1705409100.0,1786288392.0432725,3,2.1394,0.281,,0.645,0.0345,0.262,NOMINAL,NOMINAL,NORMAL,0,
1705410000.0,1786288392.168015,3,2.031,0.2686,,0.586,0.0328,0.248,NOMINAL,NOMINAL,NORMAL,0,
1705410900.0,1786288392.293112,3,2.0156,0.3242,,0.597,0.0321,0.246,NOMINAL,NOMINAL,NORMAL,0,
1705411800.0,1786288392.4190528,3,2.3219,0.2839,,0.901,0.0409,0.31,NOMINAL,NOMINAL,NORMAL,0,
1705412700.0,1786288392.5437174,3,2.2667,0.2876,,0.753,0.0377,0.308,NOMINAL,NOMINAL,TRIGGERED,1,omni_p6|pro_tel0_p5|pro_tel90_p5
1705413600.0,1786288392.6683772,3,2.1583,0.2769,,0.667,0.0378,0.296,NOMINAL,NOMINAL,NORMAL,0,
1705414500.0,1786288392.79323,3,2.1127,0.3036,,0.617,0.0349,0.265,NOMINAL,NOMINAL,NORMAL,0,
1705415400.0,1786288392.91828,3,2.1156,0.2733,,0.645,0.0339,0.264,NOMINAL,NOMINAL,NORMAL,0,
1705416300.0,1786288393.043165,3,2.1205,0.2706,,0.596,0.0354,0.256,NOMINAL,NOMINAL,NORMAL,0,
1705417200.0,1786288393.1679838,3,2.0202,0.2629,,0.561,0.0316,0.239,NOMINAL,NOMINAL,NORMAL,0,
1705418100.0,1786288393.2931764,3,2.0224,0.3237,,0.618,0.0322,0.262,NOMINAL,NOMINAL,TRIGGERED,1,omni_p6
1705419000.0,1786288393.4199765,3,2.328,0.2876,,0.875,0.0617,1.287,NOMINAL,PRE_ALERT,TRIGGERED,2,omni_p6|pro_tel0_p5|pro_tel90_p5
1705419900.0,1786288393.5446544,3,2.29,0.2808,,0.763,0.0543,1.215,PRE_ALERT,NOMINAL,NORMAL,0,
1705420800.0,1786288393.668441,3,2.176,0.2796,,0.7,0.0393,0.272,NOMINAL,NOMINAL,NORMAL,0,
1705421700.0,1786288393.7933042,3,2.1673,0.3025,,0.605,0.0366,0.277,NOMINAL,NOMINAL,NORMAL,0,
1705422600.0,1786288393.9182458,3,2.1303,0.275,,0.605,0.0352,0.274,NOMINAL,NOMINAL,NORMAL,0,
1705423500.0,1786288394.0431223,3,2.0918,0.2694,,0.605,0.0344,0.254,NOMINAL,NOMINAL,NORMAL,0,
1705424400.0,1786288394.168022,3,2.0177,0.272,,0.608,0.034,0.249,NOMINAL,NOMINAL,NORMAL,0,
1705425300.0,1786288394.2931209,3,2.0098,0.3174,,0.589,0.0336,0.255,NOMINAL,NOMINAL,NORMAL,0,
1705426200.0,1786288394.418067,3,2.0641,0.2634,,0.571,0.034,0.248,NOMINAL,NOMINAL,NORMAL,0,
1705427100.0,1786288394.543214,3,2.0274,0.2731,,0.728,0.0332,0.258,NOMINAL,NOMINAL,NORMAL,0,
1705428000.0,1786288394.668197,3,2.0053,0.2675,,0.623,0.0338,0.351,NOMINAL,NOMINAL,NORMAL,0,
1705428900.0,1786288394.7933233,3,2.1489,0.3165,,0.606,0.035,0.319,NOMINAL,NOMINAL,NORMAL,0,
1705429800.0,1786288394.918442,3,2.3016,0.2797,,0.623,0.0379,0.298,NOMINAL,NOMINAL,NORMAL,0,
1705430700.0,1786288395.0435162,3,2.2904,0.2764,,0.678,0.0362,0.323,NOMINAL,NOMINAL,NORMAL,0,
1705431600.0,1786288395.1683047,3,2.1782,0.2756,,0.639,0.0344,0.335,NOMINAL,NOMINAL,NORMAL,0,
1705432500.0,1786288395.2933228,3,2.1462,0.3046,,0.622,0.0344,0.321,NOMINAL,NOMINAL,NORMAL,0,
1705433400.0,1786288395.418622,3,2.3149,0.2747,,0.719,0.038,0.294,NOMINAL,NOMINAL,NORMAL,0,
1705434300.0,1786288395.5432675,3,2.1722,0.2771,,0.615,0.0359,0.274,NOMINAL,NOMINAL,NORMAL,0,
1705435200.0,1786288395.6684237,3,2.2048,0.2759,,0.686,0.0376,0.291,NOMINAL,NOMINAL,NORMAL,0,
1705436100.0,1786288395.7933724,3,2.2226,0.2753,,0.594,0.0359,0.328,NOMINAL,NOMINAL,NORMAL,0,
1705437000.0,1786288395.9183717,3,2.2178,0.277,,0.629,0.0357,0.314,NOMINAL,NOMINAL,NORMAL,0,
1705437900.0,1786288396.0431714,3,2.1082,0.2739,,0.611,0.0375,0.301,NOMINAL,NOMINAL,NORMAL,0,
1705438800.0,1786288396.1681614,3,2.1315,0.2688,,0.599,0.0359,0.281,NOMINAL,NOMINAL,TRIGGERED,1,omni_p6
1705439700.0,1786288396.2942164,3,2.0506,0.3085,,0.604,0.0508,1.389,NOMINAL,PRE_ALERT,TRIGGERED,2,omni_p6|pro_tel90_p5
1705440600.0,1786288396.4195693,3,2.3595,0.2755,,0.696,0.0536,1.19,PRE_ALERT,NOMINAL,NORMAL,0,
1705441500.0,1786288396.543489,3,2.2172,0.2773,,0.653,0.0382,0.351,NOMINAL,NOMINAL,NORMAL,0,
1705442400.0,1786288396.6686335,3,2.2706,0.283,,0.733,0.0393,0.336,NOMINAL,NOMINAL,NORMAL,0,
1705443300.0,1786288396.7934496,3,2.2534,0.2822,,0.591,0.0395,0.342,NOMINAL,NOMINAL,NORMAL,0,
1705444200.0,1786288396.9183953,3,2.2248,0.2753,,0.616,0.0385,0.333,NOMINAL,NOMINAL,NORMAL,0,
1705445100.0,1786288397.0432963,3,2.1789,0.2838,,0.615,0.037,0.306,NOMINAL,NOMINAL,TRIGGERED,1,omni_p6|pro_tel0_p5|pro_tel90_p5
1705446000.0,1786288397.1692107,3,2.1418,0.2765,,0.654,0.0734,1.22,NOMINAL,PRE_ALERT,TRIGGERED,2,omni_p6|pro_tel0_p5|pro_tel90_p5
1705446900.0,1786288397.2945116,3,2.2974,0.2809,,0.655,0.0557,1.23,PRE_ALERT,NOMINAL,NORMAL,0,
1705447800.0,1786288397.4192412,3,2.3839,0.2923,,0.932,0.0404,0.334,NOMINAL,NOMINAL,NORMAL,0,
1705448700.0,1786288397.5437763,3,2.3684,0.2939,,0.74,0.0415,0.296,NOMINAL,NOMINAL,NORMAL,0,
1705449600.0,1786288397.6701667,3,2.2032,0.2737,1.4833,0.684,0.0402,0.341,NOMINAL,NOMINAL,NORMAL,0,
1705450500.0,1786288397.7935913,3,2.3425,0.2793,,0.614,0.0385,0.335,NOMINAL,NOMINAL,NORMAL,0,
1705451400.0,1786288397.9186552,3,2.337,0.2833,,0.706,0.0375,0.336,NOMINAL,NOMINAL,TRIGGERED,1,omni_p6|pro_tel0_p5|pro_tel90_p5
1705452300.0,1786288398.0445144,3,2.2859,0.2872,,0.698,0.0548,1.277,NOMINAL,PRE_ALERT,TRIGGERED,2,omni_p6|pro_tel0_p5|pro_tel90_p5
1705453200.0,1786288398.169472,3,2.2951,0.2825,,0.704,0.0565,1.186,PRE_ALERT,NOMINAL,NORMAL,0,
1705454100.0,1786288398.2933686,3,2.1991,0.2835,,0.624,0.0363,0.273,NOMINAL,NOMINAL,NORMAL,0,
1705455000.0,1786288398.4192405,3,2.466,0.2874,,0.913,0.0407,0.32,NOMINAL,NOMINAL,NORMAL,0,
1705455900.0,1786288398.5435936,3,2.2873,0.2848,,0.698,0.0411,0.308,NOMINAL,NOMINAL,NORMAL,0,
1705456800.0,1786288398.6683307,3,2.1588,0.2758,,0.652,0.0644,0.318,NOMINAL,NOMINAL,TRIGGERED,1,omni_p6
1705457700.0,1786288398.7942886,3,2.2094,0.281,,0.615,0.0547,1.229,NOMINAL,PRE_ALERT,TRIGGERED,2,omni_p6|pro_tel0_p5|pro_tel90_p5
1705458600.0,1786288398.9195611,3,2.3531,0.2829,,0.721,0.0571,1.183,PRE_ALERT,NOMINAL,NORMAL,0,
1705459500.0,1786288399.0433533,3,2.2358,0.2758,,0.627,0.0382,0.271,NOMINAL,NOMINAL,NORMAL,0,
1705460400.0,1786288399.1680386,3,2.1147,0.2685,,0.571,0.0352,0.249,NOMINAL,NOMINAL,NORMAL,0,
1705461300.0,1786288399.2932513,3,2.135,0.3214,,0.62,0.0342,0.259,NOMINAL,NOMINAL,NORMAL,0,
1705462200.0,1786288399.4183958,3,2.2314,0.2758,,0.659,0.0362,0.271,NOMINAL,NOMINAL,NORMAL,0,
1705463100.0,1786288399.5432518,3,2.1771,0.2775,,0.612,0.0332,0.268,NOMINAL,NOMINAL,TRIGGERED,1,omni_p6
1705464000.0,1786288399.6693738,3,2.2091,0.2852,,0.716,0.0534,1.217,NOMINAL,PRE_ALERT,TRIGGERED,2,omni_p6|pro_tel0_p5|pro_tel90_p5
1705464900.0,1786288399.7944677,3,2.3661,0.2832,,0.587,0.0555,1.19,PRE_ALERT,NOMINAL,NORMAL,0,
1705465800.0,1786288399.9184117,3,2.2567,0.2817,,0.641,0.0352,0.276,NOMINAL,NOMINAL,NORMAL,0,
1705466700.0,1786288400.0432465,3,2.1852,0.2747,,0.632,0.0364,0.275,NOMINAL,NOMINAL,NORMAL,0,
1705467600.0,1786288400.1683357,3,2.2076,0.2749,,0.64,0.0649,0.308,NOMINAL,NOMINAL,NORMAL,0,
1705468500.0,1786288400.293224,3,2.1369,0.3201,,0.587,0.0351,0.268,NOMINAL,NOMINAL,NORMAL,0,
1705469400.0,1786288400.41882,3,2.3952,0.2829,,0.755,0.0396,0.298,NOMINAL,NOMINAL,NORMAL,0,
1705470300.0,1786288400.5433242,3,2.19,0.2768,,0.641,0.0374,0.277,NOMINAL,NOMINAL,NORMAL,0,
1705471200.0,1786288400.6681426,3,2.1031,0.2703,,0.61,0.035,0.282,NOMINAL,NOMINAL,NORMAL,0,
1705472100.0,1786288400.7935665,3,2.3145,0.2766,,0.629,0.0383,0.287,NOMINAL,NOMINAL,NORMAL,0,
1705473000.0,1786288400.9183288,3,2.2273,0.2778,,0.607,0.0354,0.286,NOMINAL,NOMINAL,NORMAL,0,
1705473900.0,1786288401.0434854,3,2.2521,0.2781,,0.666,0.0387,0.34,NOMINAL,NOMINAL,NORMAL,0,
1705474800.0,1786288401.1682174,3,2.1336,0.2731,,0.625,0.036,0.303,NOMINAL,NOMINAL,NORMAL,0,
1705475700.0,1786288401.293227,3,2.1345,0.3042,,0.611,0.035,0.27,NOMINAL,NOMINAL,NORMAL,0,
1705476600.0,1786288401.418278,3,2.1986,0.2725,,0.621,0.0358,0.266,NOMINAL,NOMINAL,NORMAL,0,
1705477500.0,1786288401.5433106,3,2.1968,0.2771,,0.626,0.0373,0.273,NOMINAL,NOMINAL,NORMAL,0,
1705478400.0,1786288401.6681597,3,2.1222,0.2699,,0.587,0.0336,0.277,NOMINAL,NOMINAL,NORMAL,0,
1705479300.0,1786288401.7935858,3,2.315,0.2819,,0.646,0.0385,0.291,NOMINAL,NOMINAL,TRIGGERED,1,omni_p6|pro_tel0_p5|pro_tel90_p5
1705480200.0,1786288401.919329,3,2.2443,0.2804,,0.629,0.052,1.232,NOMINAL,PRE_ALERT,TRIGGERED,2,omni_p6|pro_tel90_p5
1705481100.0,1786288402.0446527,3,2.3892,0.2852,,0.728,0.055,1.212,PRE_ALERT,NOMINAL,NORMAL,0,
1705482000.0,1786288402.1685412,3,2.2825,0.2968,,0.689,0.038,0.278,NOMINAL,NOMINAL,NORMAL,0,
1705482900.0,1786288402.2931833,3,2.1338,0.3086,,0.587,0.0356,0.265,NOMINAL,NOMINAL,NORMAL,0,
1705483800.0,1786288402.4193482,3,2.4786,0.2911,,0.928,0.0431,0.334,NOMINAL,NOMINAL,NORMAL,0,
1705484700.0,1786288402.543557,3,2.2875,0.2815,,0.699,0.0383,0.281,NOMINAL,NOMINAL,NORMAL,0,
1705485600.0,1786288402.6683195,3,2.1387,0.2819,,0.653,0.0621,0.309,NOMINAL,NOMINAL,TRIGGERED,1,omni_p6|pro_tel0_p5|pro_tel90_p5
1705486500.0,1786288402.7944753,3,2.2535,0.2788,,0.666,0.056,1.238,NOMINAL,PRE_ALERT,TRIGGERED,2,pro_tel90_p5
1705487400.0,1786288402.9195487,3,2.3635,0.2823,,0.691,0.0554,1.188,PRE_ALERT,NOMINAL,NORMAL,0,
1705488300.0,1786288403.0433626,3,2.237,0.2793,,0.648,0.0372,0.273,NOMINAL,NOMINAL,NORMAL,0,
1705489200.0,1786288403.168244,3,2.133,0.2722,,0.638,0.0365,0.302,NOMINAL,NOMINAL,NORMAL,0,
1705490100.0,1786288403.2932034,3,2.1122,0.3063,,0.631,0.0344,0.271,NOMINAL,NOMINAL,NORMAL,0,
1705491000.0,1786288403.419067,3,2.3099,0.2888,,0.898,0.0387,0.314,NOMINAL,NOMINAL,TRIGGERED,1,omni_p6
1705491900.0,1786288403.5445707,3,2.3016,0.2891,,0.698,0.0525,1.257,NOMINAL,PRE_ALERT,TRIGGERED,2,omni_p6|pro_tel0_p5|pro_tel90_p5
1705492800.0,1786288403.66921,3,2.1574,0.2738,,0.649,0.0761,1.186,PRE_ALERT,NOMINAL,NORMAL,0,
1705493700.0,1786288403.7935193,3,2.2351,0.276,,0.667,0.0377,0.287,NOMINAL,NOMINAL,NORMAL,0,
1705494600.0,1786288403.918485,3,2.3009,0.2743,,0.665,0.035,0.266,NOMINAL,NOMINAL,NORMAL,0,
1705495500.0,1786288404.043221,3,2.1649,0.2738,,0.621,0.0352,0.267,NOMINAL,NOMINAL,NORMAL,0,
1705496400.0,1786288404.168379,3,2.2082,0.2745,,0.64,0.0375,0.329,NOMINAL,NOMINAL,NORMAL,0,
1705497300.0,1786288404.2932081,3,2.1114,0.3247,,0.628,0.0331,0.257,NOMINAL,NOMINAL,TRIGGERED,1,omni_p6|pro_tel0_p5|pro_tel90_p5
1705498200.0,1786288404.419236,3,2.1899,0.2725,,0.632,0.0499,1.202,NOMINAL,PRE_ALERT,TRIGGERED,2,omni_p6|pro_tel0_p5|pro_tel90_p5
1705499100.0,1786288404.5444224,3,2.2798,0.2828,,0.662,0.0532,1.207,PRE_ALERT,NOMINAL,NORMAL,0,
1705500000.0,1786288404.6682246,3,2.1675,0.2761,,0.607,0.036,0.288,NOMINAL,NOMINAL,NORMAL,0,
1705500900.0,1786288404.793508,3,2.2698,0.2873,,0.652,0.0381,0.281,NOMINAL,NOMINAL,NORMAL,0,
1705501800.0,1786288404.9183517,3,2.2129,0.2821,,0.658,0.0365,0.271,NOMINAL,NOMINAL,NORMAL,0,
1705502700.0,1786288405.0432472,3,2.1854,0.2752,,0.642,0.0351,0.264,NOMINAL,NOMINAL,NORMAL,0,
1705503600.0,1786288405.1681879,3,2.1241,0.2781,,0.612,0.0324,0.287,NOMINAL,NOMINAL,TRIGGERED,1,omni_p6|pro_tel0_p5|pro_tel90_p5
1705504500.0,1786288405.2940874,3,2.1064,0.3067,,0.611,0.0492,1.18,NOMINAL,PRE_ALERT,TRIGGERED,2,omni_p6
1705505400.0,1786288405.4197898,3,2.4189,0.2808,,0.771,0.0585,1.186,PRE_ALERT,NOMINAL,NORMAL,0,
1705506300.0,1786288405.5433795,3,2.236,0.2772,,0.651,0.0359,0.269,NOMINAL,NOMINAL,NORMAL,0,
1705507200.0,1786288405.668309,3,2.1835,0.275,,0.618,0.0575,0.294,NOMINAL,NOMINAL,NORMAL,0,
1705508100.0,1786288405.79333,3,2.2218,0.2766,,0.575,0.0374,0.277,NOMINAL,NOMINAL,NORMAL,0,
1705509000.0,1786288405.918444,3,2.2517,0.2744,,0.69,0.0366,0.274,NOMINAL,NOMINAL,NORMAL,0,
1705509900.0,1786288406.0432596,3,2.1894,0.2757,,0.629,0.035,0.267,NOMINAL,NOMINAL,NORMAL,0,
1705510800.0,1786288406.168186,3,2.138,0.2723,,0.598,0.0353,0.284,NOMINAL,NOMINAL,NORMAL,0,
1705511700.0,1786288406.2931914,3,2.1242,0.3136,,0.614,0.0355,0.249,NOMINAL,NOMINAL,NORMAL,0,
1705512600.0,1786288406.4183223,3,2.2035,0.2751,,0.646,0.0343,0.254,NOMINAL,NOMINAL,NORMAL,0,
1705513500.0,1786288406.5432081,3,2.1613,0.2727,,0.616,0.0344,0.253,NOMINAL,NOMINAL,NORMAL,0,
1705514400.0,1786288406.6680999,3,2.1108,0.2674,,0.584,0.0347,0.251,NOMINAL,NOMINAL,NORMAL,0,
1705515300.0,1786288406.7932937,3,2.1985,0.2752,,0.599,0.0349,0.264,NOMINAL,NOMINAL,NORMAL,0,
1705516200.0,1786288406.9184942,3,2.2905,0.2811,,0.695,0.0353,0.269,NOMINAL,NOMINAL,NORMAL,0,
1705517100.0,1786288407.0432165,3,2.1931,0.274,,0.612,0.0363,0.258,NOMINAL,NOMINAL,NORMAL,0,
1705518000.0,1786288407.1683042,3,2.1667,0.2745,,0.633,0.0605,0.294,NOMINAL,NOMINAL,NORMAL,0,
1705518900.0,1786288407.293153,3,2.1097,0.2967,,0.6,0.0339,0.255,NOMINAL,NOMINAL,NORMAL,0,
1705519800.0,1786288407.419409,3,2.53,0.2922,,0.949,0.0425,0.326,NOMINAL,NOMINAL,NORMAL,0,
1705520700.0,1786288407.5435889,3,2.3208,0.2834,,0.686,0.039,0.288,NOMINAL,NOMINAL,NORMAL,0,
1705521600.0,1786288407.668063,3,2.0834,0.272,,0.564,0.0284,0.24,NOMINAL,NOMINAL,NORMAL,0,
1705522500.0,1786288407.793243,3,2.1789,0.3066,,0.569,0.0354,0.272,NOMINAL,NOMINAL,NORMAL,0,
1705523400.0,1786288407.9184783,3,2.2566,0.2787,,0.683,0.0377,0.283,NOMINAL,NOMINAL,NORMAL,0,
1705524300.0,1786288408.043331,3,2.2361,0.2798,,0.631,0.0345,0.265,NOMINAL,NOMINAL,TRIGGERED,1,omni_p6
1705525200.0,1786288408.1681411,3,2.1347,0.2744,,0.557,0.031,0.261,NOMINAL,NOMINAL,NORMAL,0,
1705526100.0,1786288408.293025,3,1.9906,0.2929,,0.605,0.0355,0.249,NOMINAL,NOMINAL,NORMAL,0,
1705527000.0,1786288408.4190574,3,2.3237,0.2822,,0.885,0.042,0.322,NOMINAL,NOMINAL,NORMAL,0,
1705527900.0,1786288408.5434818,3,2.2315,0.2841,,0.662,0.0374,0.276,NOMINAL,NOMINAL,NORMAL,0,
1705528800.0,1786288408.6684508,3,2.2839,0.2791,,0.656,0.0365,0.268,NOMINAL,NOMINAL,NORMAL,0,
1705529700.0,1786288408.7932785,3,2.1867,0.3127,,0.589,0.035,0.272,NOMINAL,NOMINAL,NORMAL,0,
1705530600.0,1786288408.918428,3,2.2416,0.283,,0.686,0.0363,0.28,NOMINAL,NOMINAL,TRIGGERED,1,omni_p6|pro_tel0_p5|pro_tel90_p5
1705531500.0,1786288409.04349,3,2.4031,0.276,,0.638,0.0367,0.276,NOMINAL,NOMINAL,NORMAL,0,
1705532400.0,1786288409.168231,3,2.1382,0.2716,,0.62,0.0357,0.291,NOMINAL,NOMINAL,NORMAL,0,
1705533300.0,1786288409.2931395,3,2.0945,0.3224,,0.59,0.0331,0.252,NOMINAL,NOMINAL,NORMAL,0,
1705534200.0,1786288409.4182746,3,2.1778,0.2663,,0.623,0.0366,0.259,NOMINAL,NOMINAL,NORMAL,0,
1705535100.0,1786288409.543175,3,2.1454,0.2708,,0.594,0.035,0.252,NOMINAL,NOMINAL,NORMAL,0,
1705536000.0,1786288409.66995,3,2.1029,0.2726,1.5529,0.598,0.0342,0.312,NOMINAL,NOMINAL,TRIGGERED,1,omni_p6
1705536900.0,1786288409.7944136,3,2.2654,0.2806,,0.633,0.056,1.218,NOMINAL,PRE_ALERT,TRIGGERED,2,omni_p6|pro_tel0_p5|pro_tel90_p5
1705537800.0,1786288409.919753,3,2.3895,0.2909,,0.752,0.0561,1.211,PRE_ALERT,NOMINAL,NORMAL,0,
1705538700.0,1786288410.0434253,3,2.2618,0.2775,,0.63,0.0374,0.307,NOMINAL,NOMINAL,NORMAL,0,
1705539600.0,1786288410.1684153,3,2.2428,0.2797,,0.68,0.0379,0.281,NOMINAL,NOMINAL,NORMAL,0,
1705540500.0,1786288410.2932434,3,2.1255,0.3061,,0.609,0.0347,0.299,NOMINAL,NOMINAL,NORMAL,0,
1705541400.0,1786288410.4186795,3,2.3048,0.2773,,0.718,0.0376,0.321,NOMINAL,NOMINAL,NORMAL,0,
1705542300.0,1786288410.5432496,3,2.1712,0.2794,,0.609,0.0341,0.276,NOMINAL,NOMINAL,TRIGGERED,1,omni_p6|pro_tel0_p5|pro_tel90_p5
1705543200.0,1786288410.6691706,3,2.1524,0.2763,,0.607,0.0493,1.229,NOMINAL,PRE_ALERT,TRIGGERED,2,omni_p6|pro_tel0_p5|pro_tel90_p5
1705544100.0,1786288410.794507,3,2.3086,0.2764,,0.646,0.0532,1.235,PRE_ALERT,NOMINAL,NORMAL,0,
1705545000.0,1786288410.9183123,3,2.2333,0.2702,,0.617,0.0361,0.277,NOMINAL,NOMINAL,NORMAL,0,
1705545900.0,1786288411.0436687,3,2.3638,0.287,,0.724,0.0397,0.284,NOMINAL,NOMINAL,NORMAL,0,
1705546800.0,1786288411.168285,3,2.1666,0.279,,0.628,0.0354,0.302,NOMINAL,NOMINAL,NORMAL,0,
1705547700.0,1786288411.29323,3,2.1251,0.3075,,0.626,0.0349,0.256,NOMINAL,NOMINAL,NORMAL,0,
1705548600.0,1786288411.4182892,3,2.1637,0.2754,,0.656,0.0346,0.263,NOMINAL,NOMINAL,TRIGGERED,1,omni_p6|pro_tel0_p5|pro_tel90_p5
1705549500.0,1786288411.5441873,3,2.1673,0.2739,,0.621,0.0491,1.216,NOMINAL,PRE_ALERT,TRIGGERED,2,omni_p6
1705550400.0,1786288411.6696517,3,2.3421,0.2847,,0.745,0.0551,1.184,PRE_ALERT,NOMINAL,NORMAL,0,
1705551300.0,1786288411.7934132,3,2.2346,0.2799,,0.621,0.0377,0.284,NOMINAL,NOMINAL,NORMAL,0,
1705552200.0,1786288411.9182858,3,2.1842,0.2756,,0.611,0.036,0.311,NOMINAL,NOMINAL,NORMAL,0,
1705553100.0,1786288412.043652,3,2.2807,0.2829,,0.755,0.0398,0.3,NOMINAL,NOMINAL,NORMAL,0,
1705554000.0,1786288412.1683493,3,2.1541,0.2772,,0.633,0.0357,0.312,NOMINAL,NOMINAL,NORMAL,0,
1705554900.0,1786288412.2931998,3,2.0791,0.3165,,0.626,0.0326,0.257,NOMINAL,NOMINAL,NORMAL,0,
1705555800.0,1786288412.419334,3,2.5221,0.291,,0.904,0.0425,0.321,NOMINAL,NOMINAL,NORMAL,0,
1705556700.0,1786288412.5433934,3,2.2011,0.2746,,0.68,0.0377,0.272,NOMINAL,NOMINAL,NORMAL,0,
1705557600.0,1786288412.6679647,3,1.9501,0.2648,,0.592,0.0352,0.268,NOMINAL,NOMINAL,NORMAL,0,
1705558500.0,1786288412.7931328,3,2.0223,0.3042,,0.604,0.0339,0.274,NOMINAL,NOMINAL,NORMAL,0,
1705559400.0,1786288412.918145,3,2.0858,0.2684,,0.597,0.034,0.261,NOMINAL,NOMINAL,NORMAL,0,
1705560300.0,1786288413.0434206,3,2.1696,0.281,,0.707,0.0365,0.276,NOMINAL,NOMINAL,NORMAL,0,
1705561200.0,1786288413.168247,3,2.0756,0.2753,,0.631,0.0355,0.295,NOMINAL,NOMINAL,NORMAL,0,
1705562100.0,1786288413.293142,3,2.0341,0.3183,,0.593,0.0326,0.264,NOMINAL,NOMINAL,NORMAL,0,
1705563000.0,1786288413.4192452,3,2.4699,0.2835,,0.894,0.0409,0.339,NOMINAL,NOMINAL,NORMAL,0,
1705563900.0,1786288413.5434647,3,2.2031,0.2837,,0.68,0.0388,0.292,NOMINAL,NOMINAL,NORMAL,0,
1705564800.0,1786288413.6682572,3,2.0712,0.2731,,0.638,0.0329,0.295,NOMINAL,NOMINAL,TRIGGERED,1,omni_p6|pro_tel90_p5
1705565700.0,1786288413.7932165,3,2.0895,0.3098,,0.627,0.0365,0.278,NOMINAL,NOMINAL,NORMAL,0,
1705566600.0,1786288413.9181008,3,2.0512,0.2675,,0.601,0.0321,0.25,NOMINAL,NOMINAL,NORMAL,0,
1705567500.0,1786288414.0434654,3,2.2217,0.2705,,0.705,0.0374,0.274,NOMINAL,NOMINAL,NORMAL,0,
1705568400.0,1786288414.168101,3,2.0433,0.2666,,0.604,0.0346,0.257,NOMINAL,NOMINAL,NORMAL,0,
1705569300.0,1786288414.2930477,3,2.0022,0.3146,,0.588,0.0333,0.241,NOMINAL,NOMINAL,NORMAL,0,
1705570200.0,1786288414.4181798,3,2.1157,0.2684,,0.603,0.0328,0.25,NOMINAL,NOMINAL,NORMAL,0,
1705571100.0,1786288414.5431347,3,2.1278,0.2746,,0.584,0.0309,0.241,NOMINAL,NOMINAL,TRIGGERED,1,omni_p6|pro_tel0_p5|pro_tel90_p5
1705572000.0,1786288414.6680439,3,2.0754,0.2664,,0.571,0.0331,0.259,NOMINAL,NOMINAL,NORMAL,0,
1705572900.0,1786288414.7934096,3,2.2577,0.2743,,0.606,0.036,0.272,NOMINAL,NOMINAL,NORMAL,0,
1705573800.0,1786288414.918158,3,2.1349,0.2698,,0.583,0.0334,0.269,NOMINAL,NOMINAL,NORMAL,0,
1705574700.0,1786288415.0434735,3,2.1838,0.2746,,0.747,0.0379,0.287,NOMINAL,NOMINAL,NORMAL,0,
1705575600.0,1786288415.1683304,3,2.1677,0.2762,,0.658,0.0656,0.302,NOMINAL,NOMINAL,NORMAL,0,
1705576500.0,1786288415.293205,3,2.0938,0.318,,0.604,0.0335,0.278,NOMINAL,NOMINAL,TRIGGERED,1,omni_p6|pro_tel0_p5|pro_tel90_p5
1705577400.0,1786288415.4195335,3,2.2599,0.2907,,0.721,0.0553,1.246,NOMINAL,PRE_ALERT,TRIGGERED,2,omni_p6|pro_tel0_p5|pro_tel90_p5
1705578300.0,1786288415.5444171,3,2.2835,0.2808,,0.683,0.0532,1.204,PRE_ALERT,NOMINAL,NORMAL,0,
1705579200.0,1786288415.6682775,3,2.1282,0.2748,,0.643,0.0346,0.298,NOMINAL,NOMINAL,NORMAL,0,
1705580100.0,1786288415.7932763,3,2.1843,0.3052,,0.593,0.0349,0.261,NOMINAL,NOMINAL,NORMAL,0,
1705581000.0,1786288415.9182014,3,2.1558,0.2926,,0.568,0.0341,0.275,NOMINAL,NOMINAL,NORMAL,0,
1705581900.0,1786288416.0432248,3,2.1631,0.2713,,0.625,0.0353,0.263,NOMINAL,NOMINAL,NORMAL,0,
1705582800.0,1786288416.1686897,3,2.2898,0.2875,,0.795,0.0375,0.294,NOMINAL,NOMINAL,TRIGGERED,1,omni_p6|pro_tel0_p5|pro_tel90_p5
1705583700.0,1786288416.294215,3,2.1423,0.3144,,0.647,0.0522,1.182,NOMINAL,PRE_ALERT,TRIGGERED,2,omni_p6|pro_tel0_p5|pro_tel90_p5
1705584600.0,1786288416.4193597,3,2.2659,0.2774,,0.657,0.0551,1.174,PRE_ALERT,NOMINAL,NORMAL,0,
1705585500.0,1786288416.5432622,3,2.1608,0.2764,,0.624,0.0378,0.265,NOMINAL,NOMINAL,NORMAL,0,
1705586400.0,1786288416.6680737,3,2.0796,0.2662,,0.585,0.0349,0.253,NOMINAL,NOMINAL,NORMAL,0,
1705587300.0,1786288416.7932792,3,2.1725,0.3122,,0.603,0.0356,0.266,NOMINAL,NOMINAL,NORMAL,0,
1705588200.0,1786288416.9182281,3,2.1369,0.2677,,0.659,0.0361,0.268,NOMINAL,NOMINAL,NORMAL,0,
1705589100.0,1786288417.0432224,3,2.1727,0.2791,,0.619,0.0339,0.258,NOMINAL,NOMINAL,TRIGGERED,1,omni_p6|pro_tel0_p5|pro_tel90_p5
1705590000.0,1786288417.1683779,3,2.1201,0.2702,,0.707,0.0373,0.314,NOMINAL,NOMINAL,NORMAL,0,
1705590900.0,1786288417.293233,3,2.0445,0.3203,,0.621,0.0349,0.259,NOMINAL,NOMINAL,NORMAL,0,
1705591800.0,1786288417.4192417,3,2.4749,0.2906,,0.895,0.0427,0.324,NOMINAL,NOMINAL,NORMAL,0,
1705592700.0,1786288417.543746,3,2.3357,0.2874,,0.752,0.039,0.31,NOMINAL,NOMINAL,NORMAL,0,
1705593600.0,1786288417.6682398,3,2.1096,0.2769,,0.647,0.0349,0.295,NOMINAL,NOMINAL,NORMAL,0,
1705594500.0,1786288417.7933798,3,2.2136,0.2829,,0.615,0.0381,0.281,NOMINAL,NOMINAL,NORMAL,0,
1705595400.0,1786288417.9182014,3,2.1596,0.2711,,0.6,0.0359,0.261,NOMINAL,NOMINAL,NORMAL,0,
1705596300.0,1786288418.043246,3,2.1477,0.2726,,0.635,0.0348,0.27,NOMINAL,NOMINAL,NORMAL,0,
1705597200.0,1786288418.1686237,3,2.2704,0.2797,,0.781,0.0372,0.288,NOMINAL,NOMINAL,NORMAL,0,
1705598100.0,1786288418.2932818,3,2.1329,0.3092,,0.641,0.0373,0.28,NOMINAL,NOMINAL,NORMAL,0,
1705599000.0,1786288418.4191945,3,2.4771,0.2854,,0.887,0.0413,0.325,NOMINAL,NOMINAL,NORMAL,0,
1705599900.0,1786288418.5435228,3,2.2616,0.2822,,0.693,0.0382,0.282,NOMINAL,NOMINAL,NORMAL,0,
1705600800.0,1786288418.6681633,3,2.0975,0.2688,,0.612,0.0345,0.285,NOMINAL,NOMINAL,NORMAL,0,
1705601700.0,1786288418.7931545,3,2.1202,0.2977,,0.585,0.0361,0.266,NOMINAL,NOMINAL,NORMAL,0,
1705602600.0,1786288418.9182007,3,2.1332,0.2732,,0.606,0.0337,0.254,NOMINAL,NOMINAL,NORMAL,0,
1705603500.0,1786288419.043147,3,2.1131,0.2687,,0.606,0.0346,0.26,NOMINAL,NOMINAL,NORMAL,0,
1705604400.0,1786288419.1686635,3,2.2584,0.2796,,0.799,0.038,0.297,NOMINAL,NOMINAL,NORMAL,0,
1705605300.0,1786288419.293248,3,2.1291,0.31,,0.64,0.0355,0.263,NOMINAL,NOMINAL,NORMAL,0,
1705606200.0,1786288419.418139,3,2.1077,0.2677,,0.599,0.0359,0.258,NOMINAL,NOMINAL,NORMAL,0,
1705607100.0,1786288419.5432189,3,2.1173,0.2725,,0.622,0.034,0.266,NOMINAL,NOMINAL,NORMAL,0,
1705608000.0,1786288419.667929,3,1.9556,0.2698,,0.58,0.0335,0.246,NOMINAL,NOMINAL,NORMAL,0,
1705608900.0,1786288419.793054,3,2.0595,0.3124,,0.558,0.0334,0.262,NOMINAL,NOMINAL,NORMAL,0,
1705609800.0,1786288419.9185367,3,2.4582,0.2721,,0.61,0.034,0.262,NOMINAL,NOMINAL,TRIGGERED,1,omni_p6
1705610700.0,1786288420.0432045,3,2.1311,0.2744,,0.607,0.0344,0.27,NOMINAL,NOMINAL,NORMAL,0,
1705611600.0,1786288420.1684232,3,2.1251,0.2721,,0.743,0.0372,0.283,NOMINAL,NOMINAL,NORMAL,0,
1705612500.0,1786288420.2931643,3,2.0582,0.3091,,0.623,0.0346,0.269,NOMINAL,NOMINAL,NORMAL,0,
1705613400.0,1786288420.4183173,3,2.137,0.2762,,0.685,0.038,0.271,NOMINAL,NOMINAL,NORMAL,0,
1705614300.0,1786288420.5432699,3,2.1615,0.275,,0.638,0.0348,0.266,NOMINAL,NOMINAL,NORMAL,0,
1705615200.0,1786288420.6680872,3,2.0823,0.2723,,0.598,0.0336,0.26,NOMINAL,NOMINAL,TRIGGERED,1,omni_p6|pro_tel90_p5
1705616100.0,1786288420.7946036,3,2.1927,0.2884,,0.584,0.0523,1.56,NOMINAL,PRE_ALERT,TRIGGERED,2,omni_p6|pro_tel0_p5|pro_tel90_p5
1705617000.0,1786288420.9192388,3,2.1856,0.2774,,0.661,0.0515,1.129,PRE_ALERT,NOMINAL,NORMAL,0,
1705617900.0,1786288421.0436563,3,2.3304,0.2802,,0.735,0.0377,0.279,NOMINAL,NOMINAL,NORMAL,0,
1705618800.0,1786288421.1682673,3,2.1501,0.2766,,0.638,0.0344,0.305,NOMINAL,NOMINAL,NORMAL,0,
1705619700.0,1786288421.2934601,3,2.2111,0.2796,,0.68,0.0364,0.279,NOMINAL,NOMINAL,NORMAL,0,
1705620600.0,1786288421.418356,3,2.196,0.2751,,0.666,0.0355,0.273,NOMINAL,NOMINAL,NORMAL,0,
1705621500.0,1786288421.543281,3,2.1539,0.2793,,0.635,0.0341,0.269,NOMINAL,NOMINAL,TRIGGERED,1,omni_p6|pro_tel0_p5|pro_tel90_p5
1705622400.0,1786288421.6710944,3,2.0869,0.2812,1.6041,0.64,0.0526,1.386,NOMINAL,PRE_ALERT,TRIGGERED,2,omni_p6|pro_tel0_p5|pro_tel90_p5
1705623300.0,1786288421.7943003,3,2.3172,0.2732,,0.597,0.0533,1.122,PRE_ALERT,NOMINAL,NORMAL,0,
1705624200.0,1786288421.9184623,3,2.2617,0.2745,,0.657,0.0359,0.269,NOMINAL,NOMINAL,NORMAL,0,
1705625100.0,1786288422.0432878,3,2.1744,0.2738,,0.634,0.0357,0.27,NOMINAL,NOMINAL,NORMAL,0,
1705626000.0,1786288422.1683297,3,2.1452,0.2767,,0.664,0.0652,0.305,NOMINAL,NOMINAL,NORMAL,0,
1705626900.0,1786288422.2934625,3,2.1915,0.2782,,0.699,0.039,0.284,NOMINAL,NOMINAL,NORMAL,0,
1705627800.0,1786288422.4191947,3,2.4542,0.2942,,0.893,0.039,0.315,NOMINAL,NOMINAL,TRIGGERED,1,omni_p6|pro_tel0_p5|pro_tel90_p5
1705628700.0,1786288422.5446422,3,2.2879,0.2836,,0.766,0.0553,1.262,NOMINAL,PRE_ALERT,TRIGGERED,2,omni_p6
1705629600.0,1786288422.669322,3,2.1692,0.2811,,0.746,0.0534,1.155,PRE_ALERT,NOMINAL,NORMAL,0,
1705630500.0,1786288422.7932038,3,2.13,0.3009,,0.587,0.0343,0.267,NOMINAL,NOMINAL,NORMAL,0,
1705631400.0,1786288422.9183202,3,2.1695,0.2747,,0.667,0.0352,0.264,NOMINAL,NOMINAL,NORMAL,0,
1705632300.0,1786288423.0432432,3,2.1647,0.2744,,0.611,0.0346,0.261,NOMINAL,NOMINAL,NORMAL,0,
1705633200.0,1786288423.1681027,3,2.1006,0.2742,,0.597,0.0322,0.258,NOMINAL,NOMINAL,TRIGGERED,1,omni_p6
1705634100.0,1786288423.2948601,3,2.2526,0.2885,,0.718,0.0555,1.555,NOMINAL,PRE_ALERT,TRIGGERED,2,omni_p6|pro_tel0_p5|pro_tel90_p5
1705635000.0,1786288423.4200203,3,2.4523,0.2826,,0.883,0.0594,1.208,PRE_ALERT,NOMINAL,NORMAL,0,
1705635900.0,1786288423.543715,3,2.3273,0.2823,,0.732,0.0392,0.308,NOMINAL,NOMINAL,NORMAL,0,
1705636800.0,1786288423.6683788,3,2.1604,0.2791,,0.677,0.0375,0.317,NOMINAL,NOMINAL,NORMAL,0,
1705637700.0,1786288423.7931938,3,2.1407,0.3126,,0.572,0.0358,0.267,NOMINAL,NOMINAL,NORMAL,0,
1705638600.0,1786288423.9183097,3,2.1775,0.2721,,0.637,0.0351,0.267,NOMINAL,NOMINAL,NORMAL,0,
1705639500.0,1786288424.0432549,3,2.1672,0.2707,,0.63,0.0346,0.263,NOMINAL,NOMINAL,NORMAL,0,
1705640400.0,1786288424.168087,3,2.0466,0.271,,0.625,0.0357,0.259,NOMINAL,NOMINAL,NORMAL,0,
1705641300.0,1786288424.2933042,3,2.0811,0.3171,,0.667,0.037,0.273,NOMINAL,NOMINAL,NORMAL,0,
1705642200.0,1786288424.418148,3,2.1029,0.2689,,0.604,0.0363,0.259,NOMINAL,NOMINAL,NORMAL,0,
1705643100.0,1786288424.543214,3,2.0899,0.273,,0.631,0.0345,0.268,NOMINAL,NOMINAL,NORMAL,0,
1705644000.0,1786288424.6681788,3,2.1281,0.2702,,0.594,0.0344,0.288,NOMINAL,NOMINAL,NORMAL,0,
1705644900.0,1786288424.793049,3,2.019,0.3142,,0.567,0.0327,0.252,NOMINAL,NOMINAL,NORMAL,0,
1705645800.0,1786288424.9180918,3,2.0516,0.2709,,0.593,0.0319,0.249,NOMINAL,NOMINAL,NORMAL,0,
1705646700.0,1786288425.043045,3,2.0357,0.2653,,0.58,0.0343,0.255,NOMINAL,NOMINAL,NORMAL,0,
1705647600.0,1786288425.1683373,3,2.1203,0.2726,,0.672,0.0706,0.314,NOMINAL,NOMINAL,NORMAL,0,
1705648500.0,1786288425.2933898,3,2.1321,0.3092,,0.702,0.0358,0.272,NOMINAL,NOMINAL,NORMAL,0,
1705649400.0,1786288425.418341,3,2.1644,0.2724,,0.666,0.0382,0.273,NOMINAL,NOMINAL,NORMAL,0,
1705650300.0,1786288425.5432622,3,2.1185,0.2709,,0.634,0.0343,0.261,NOMINAL,NOMINAL,TRIGGERED,1,omni_p6|pro_tel90_p5
1705651200.0,1786288425.6680365,3,2.024,0.2675,,0.587,0.0349,0.249,NOMINAL,NOMINAL,NORMAL,0,
1705652100.0,1786288425.7929893,3,2.0168,0.2901,,0.553,0.0345,0.253,NOMINAL,NOMINAL,NORMAL,0,
1705653000.0,1786288425.918171,3,2.0654,0.2686,,0.629,0.0324,0.263,NOMINAL,NOMINAL,NORMAL,0,
1705653900.0,1786288426.043131,3,2.0719,0.27,,0.598,0.0336,0.253,NOMINAL,NOMINAL,NORMAL,0,
1705654800.0,1786288426.1680207,3,2.0354,0.2676,,0.583,0.035,0.252,NOMINAL,NOMINAL,NORMAL,0,
1705655700.0,1786288426.2933557,3,2.1307,0.3115,,0.677,0.0365,0.271,NOMINAL,NOMINAL,TRIGGERED,1,omni_p6|pro_tel0_p5|pro_tel90_p5
1705656600.0,1786288426.4190369,3,2.0769,0.2734,,0.595,0.0509,1.194,NOMINAL,PRE_ALERT,TRIGGERED,2,omni_p6|pro_tel90_p5
1705657500.0,1786288426.5442843,3,2.1801,0.2739,,0.661,0.0539,1.17,PRE_ALERT,NOMINAL,NORMAL,0,
1705658400.0,1786288426.6680803,3,2.0503,0.2646,,0.583,0.0343,0.26,NOMINAL,NOMINAL,NORMAL,0,
1705659300.0,1786288426.7931547,3,2.1033,0.3019,,0.572,0.0361,0.268,NOMINAL,NOMINAL,NORMAL,0,
1705660200.0,1786288426.9181745,3,2.1058,0.2657,,0.611,0.0334,0.256,NOMINAL,NOMINAL,NORMAL,0,
1705661100.0,1786288427.0432827,3,2.1032,0.27,,0.628,0.0355,0.348,NOMINAL,NOMINAL,NORMAL,0,
1705662000.0,1786288427.168214,3,2.0782,0.2765,,0.619,0.034,0.299,NOMINAL,NOMINAL,TRIGGERED,1,omni_p6|pro_tel0_p5|pro_tel90_p5
1705662900.0,1786288427.2940314,3,2.0508,0.3106,,0.6,0.0507,1.166,NOMINAL,PRE_ALERT,TRIGGERED,2,omni_p6
1705663800.0,1786288427.4201875,3,2.4998,0.2907,,0.906,0.0605,1.248,PRE_ALERT,NOMINAL,NORMAL,0,
1705664700.0,1786288427.5435398,3,2.1806,0.2786,,0.738,0.0397,0.293,NOMINAL,NOMINAL,NORMAL,0,
1705665600.0,1786288427.6682038,3,2.0594,0.2737,,0.628,0.0342,0.31,NOMINAL,NOMINAL,NORMAL,0,
1705666500.0,1786288427.7930884,3,2.0631,0.3036,,0.571,0.0358,0.255,NOMINAL,NOMINAL,NORMAL,0,
1705667400.0,1786288427.9181886,3,2.0739,0.276,,0.618,0.0332,0.259,NOMINAL,NOMINAL,TRIGGERED,1,omni_p6|pro_tel0_p5|pro_tel90_p5
1705668300.0,1786288428.0440986,3,2.0848,0.2699,,0.619,0.0531,1.181,NOMINAL,PRE_ALERT,TRIGGERED,2,omni_p6|pro_tel0_p5|pro_tel90_p5
1705669200.0,1786288428.1691642,3,2.1192,0.2769,,0.633,0.0802,1.163,PRE_ALERT,NOMINAL,NORMAL,0,
1705670100.0,1786288428.2932923,3,2.1074,0.3086,,0.64,0.0351,0.285,NOMINAL,NOMINAL,NORMAL,0,
1705671000.0,1786288428.419032,3,2.3227,0.2875,,0.891,0.0404,0.317,NOMINAL,NOMINAL,NORMAL,0,
1705671900.0,1786288428.5435052,3,2.2152,0.279,,0.692,0.0345,0.277,NOMINAL,NOMINAL,NORMAL,0,
1705672800.0,1786288428.6682322,3,2.0818,0.2734,,0.615,0.0315,0.313,NOMINAL,NOMINAL,NORMAL,0,
1705673700.0,1786288428.793084,3,2.0429,0.325,,0.572,0.0314,0.252,NOMINAL,NOMINAL,TRIGGERED,1,omni_p6|pro_tel0_p5|pro_tel90_p5
1705674600.0,1786288428.91916,3,2.0879,0.2736,,0.639,0.0511,1.179,NOMINAL,PRE_ALERT,TRIGGERED,2,omni_p6|pro_tel0_p5|pro_tel90_p5
1705675500.0,1786288429.0442324,3,2.1724,0.2756,,0.641,0.0535,1.158,PRE_ALERT,NOMINAL,NORMAL,0,
1705676400.0,1786288429.1682186,3,2.0928,0.2711,,0.602,0.0338,0.284,NOMINAL,NOMINAL,NORMAL,0,
1705677300.0,1786288429.2931345,3,2.0572,0.3043,,0.586,0.0452,0.263,NOMINAL,NOMINAL,NORMAL,0,
1705678200.0,1786288429.4183228,3,2.1404,0.2713,,0.663,0.036,0.261,NOMINAL,NOMINAL,NORMAL,0,
1705679100.0,1786288429.543212,3,2.1043,0.2682,,0.615,0.0336,0.263,NOMINAL,NOMINAL,NORMAL,0,
1705680000.0,1786288429.6680157,3,2.0252,0.2693,,0.575,0.0304,0.238,NOMINAL,NOMINAL,TRIGGERED,1,omni_p6
1705680900.0,1786288429.7930343,3,2.0683,0.3122,,0.522,0.0332,0.246,NOMINAL,NOMINAL,NORMAL,0,
1705681800.0,1786288429.9181702,3,2.0747,0.2634,,0.601,0.0333,0.256,NOMINAL,NOMINAL,NORMAL,0,
1705682700.0,1786288430.0431862,3,2.0941,0.267,,0.617,0.0334,0.263,NOMINAL,NOMINAL,NORMAL,0,
1705683600.0,1786288430.168063,3,2.033,0.2659,,0.581,0.0323,0.25,NOMINAL,NOMINAL,NORMAL,0,
1705684500.0,1786288430.293077,3,2.0191,0.3076,,0.587,0.0326,0.242,NOMINAL,NOMINAL,NORMAL,0,
1705685400.0,1786288430.4185944,3,2.2129,0.2753,,0.75,0.038,0.299,NOMINAL,NOMINAL,NORMAL,0,
1705686300.0,1786288430.5433066,3,2.139,0.2723,,0.639,0.0363,0.264,NOMINAL,NOMINAL,NORMAL,0,
1705687200.0,1786288430.6680646,3,2.0456,0.264,,0.583,0.0325,0.243,NOMINAL,NOMINAL,NORMAL,0,
1705688100.0,1786288430.793017,3,2.0288,0.3008,,0.551,0.0324,0.242,NOMINAL,NOMINAL,NORMAL,0,
1705689000.0,1786288430.9182835,3,2.1314,0.2711,,0.628,0.0348,0.257,NOMINAL,NOMINAL,NORMAL,0,
1705689900.0,1786288431.043208,3,2.081,0.271,,0.625,0.0355,0.266,NOMINAL,NOMINAL,NORMAL,0,
1705690800.0,1786288431.168183,3,2.0501,0.2693,,0.615,0.0333,0.316,NOMINAL,NOMINAL,NORMAL,0,
1705691700.0,1786288431.2931597,3,2.0535,0.3005,,0.591,0.0345,0.261,NOMINAL,NOMINAL,NORMAL,0,
1705692600.0,1786288431.4182944,3,2.1395,0.2704,,0.643,0.035,0.264,NOMINAL,NOMINAL,NORMAL,0,
1705693500.0,1786288431.5431883,3,2.0808,0.2655,,0.615,0.0348,0.259,NOMINAL,NOMINAL,NORMAL,0,
1705694400.0,1786288431.667937,3,2.0019,0.2678,,0.559,0.0302,0.242,NOMINAL,NOMINAL,TRIGGERED,1,omni_p6
1705695300.0,1786288431.7930086,3,2.0044,0.3036,,0.55,0.0326,0.27,NOMINAL,NOMINAL,NORMAL,0,
1705696200.0,1786288431.9181418,3,2.0647,0.2662,,0.613,0.0322,0.253,NOMINAL,NOMINAL,NORMAL,0,
1705697100.0,1786288432.0431662,3,2.1059,0.2708,,0.612,0.0336,0.255,NOMINAL,NOMINAL,NORMAL,0,
1705698000.0,1786288432.1681037,3,2.0265,0.2634,,0.623,0.0315,0.252,NOMINAL,NOMINAL,NORMAL,0,
1705698900.0,1786288432.293077,3,2.0234,0.2958,,0.594,0.032,0.255,NOMINAL,NOMINAL,NORMAL,0,
1705699800.0,1786288432.4191005,3,2.3556,0.2869,,0.893,0.0425,0.326,NOMINAL,NOMINAL,NORMAL,0,
1705700700.0,1786288432.5437777,3,2.2769,0.2883,,0.78,0.0388,0.296,NOMINAL,NOMINAL,TRIGGERED,1,omni_p6|pro_tel0_p5|pro_tel90_p5
1705701600.0,1786288432.6682558,3,2.1045,0.2719,,0.616,0.0346,0.297,NOMINAL,NOMINAL,NORMAL,0,
1705702500.0,1786288432.793171,3,2.0919,0.3015,,0.591,0.0346,0.261,NOMINAL,NOMINAL,NORMAL,0,
1705703400.0,1786288432.919212,3,2.3629,0.2803,,0.918,0.0432,0.339,NOMINAL,NOMINAL,NORMAL,0,
1705704300.0,1786288433.0436158,3,2.3372,0.2807,,0.7,0.0397,0.303,NOMINAL,NOMINAL,NORMAL,0,
1705705200.0,1786288433.1682808,3,2.052,0.2801,,0.65,0.0361,0.314,NOMINAL,NOMINAL,NORMAL,0,
1705706100.0,1786288433.293086,3,1.9945,0.303,,0.61,0.0362,0.261,NOMINAL,NOMINAL,NORMAL,0,
1705707000.0,1786288433.4190161,3,2.3462,0.2897,,0.875,0.0399,0.334,NOMINAL,NOMINAL,TRIGGERED,1,omni_p6|pro_tel0_p5|pro_tel90_p5
1705707900.0,1786288433.5436664,3,2.2539,0.2825,,0.76,0.0395,0.298,NOMINAL,NOMINAL,NORMAL,0,
1705708800.0,1786288433.670125,3,2.1622,0.2781,1.5803,0.661,0.0368,0.282,NOMINAL,NOMINAL,NORMAL,0,
1705709700.0,1786288433.7930934,3,2.0642,0.3187,,0.565,0.0363,0.262,NOMINAL,NOMINAL,NORMAL,0,
1705710600.0,1786288433.9180439,3,1.9876,0.2581,,0.62,0.0341,0.263,NOMINAL,NOMINAL,NORMAL,0,
1705711500.0,1786288434.0430927,3,2.0521,0.2614,,0.626,0.0333,0.263,NOMINAL,NOMINAL,NORMAL,0,
1705712400.0,1786288434.1682205,3,2.0193,0.2756,,0.677,0.0347,0.31,NOMINAL,NOMINAL,TRIGGERED,1,omni_p6|pro_tel0_p5|pro_tel90_p5
1705713300.0,1786288434.294015,3,2.0085,0.3095,,0.61,0.0485,1.201,NOMINAL,PRE_ALERT,TRIGGERED,2,omni_p6|pro_tel0_p5|pro_tel90_p5
1705714200.0,1786288434.4190626,3,2.1217,0.2672,,0.617,0.0483,1.125,PRE_ALERT,NOMINAL,NORMAL,0,
1705715100.0,1786288434.5434353,3,2.1587,0.2734,,0.701,0.0359,0.275,NOMINAL,NOMINAL,NORMAL,0,
1705716000.0,1786288434.6680453,3,2.0203,0.2633,,0.6,0.0324,0.25,NOMINAL,NOMINAL,NORMAL,0,
1705716900.0,1786288434.7929552,3,1.9814,0.2635,,0.601,0.0308,0.249,NOMINAL,NOMINAL,NORMAL,0,
1705717800.0,1786288434.9181945,3,2.0653,0.2681,,0.642,0.0336,0.26,NOMINAL,NOMINAL,NORMAL,0,
1705718700.0,1786288435.043085,3,2.0561,0.2744,,0.607,0.0316,0.251,NOMINAL,NOMINAL,TRIGGERED,1,omni_p6|pro_tel0_p5|pro_tel90_p5
1705719600.0,1786288435.1689823,3,1.9613,0.2684,,0.615,0.0496,1.206,NOMINAL,PRE_ALERT,TRIGGERED,2,omni_p6|pro_tel0_p5|pro_tel90_p5
1705720500.0,1786288435.294212,3,2.1352,0.3065,,0.65,0.0488,1.141,PRE_ALERT,NOMINAL,NORMAL,0,
1705721400.0,1786288435.4183116,3,2.1715,0.2694,,0.644,0.0347,0.268,NOMINAL,NOMINAL,NORMAL,0,
1705722300.0,1786288435.5433671,3,2.1396,0.2717,,0.684,0.0361,0.276,NOMINAL,NOMINAL,NORMAL,0,
1705723200.0,1786288435.6683805,3,2.1856,0.276,,0.643,0.0354,0.309,NOMINAL,NOMINAL,NORMAL,0,
1705724100.0,1786288435.7929616,3,1.9988,0.2899,,0.544,0.0345,0.251,NOMINAL,NOMINAL,NORMAL,0,
1705725000.0,1786288435.9181857,3,2.0946,0.2698,,0.62,0.0316,0.266,NOMINAL,NOMINAL,TRIGGERED,1,omni_p6
1705725900.0,1786288436.0431736,3,2.1158,0.2803,,0.623,0.0323,0.267,NOMINAL,NOMINAL,NORMAL,0,
1705726800.0,1786288436.1683245,3,2.1315,0.2718,,0.651,0.0674,0.298,NOMINAL,NOMINAL,NORMAL,0,
1705727700.0,1786288436.293211,3,2.1247,0.3109,,0.608,0.0323,0.251,NOMINAL,NOMINAL,NORMAL,0,
1705728600.0,1786288436.4181514,3,2.1339,0.2677,,0.594,0.0329,0.245,NOMINAL,NOMINAL,NORMAL,0,
1705729500.0,1786288436.543681,3,2.3097,0.2795,,0.727,0.0383,0.321,NOMINAL,NOMINAL,NORMAL,0,
1705730400.0,1786288436.668204,3,2.1068,0.2697,,0.604,0.0343,0.32,NOMINAL,NOMINAL,NORMAL,0,
1705731300.0,1786288436.7932146,3,2.1502,0.3017,,0.58,0.0368,0.264,NOMINAL,NOMINAL,NORMAL,0,
1705732200.0,1786288436.9181726,3,2.0963,0.2715,,0.624,0.0375,0.271,NOMINAL,NOMINAL,NORMAL,0,
1705733100.0,1786288437.0430925,3,2.1195,0.2726,,0.588,0.0347,0.257,NOMINAL,NOMINAL,NORMAL,0,
1705734000.0,1786288437.168223,3,2.099,0.2698,,0.621,0.0353,0.294,NOMINAL,NOMINAL,NORMAL,0,
1705734900.0,1786288437.293135,3,2.0846,0.3183,,0.595,0.0312,0.25,NOMINAL,NOMINAL,TRIGGERED,1,omni_p6
1705735800.0,1786288437.4192717,3,2.4783,0.2918,,0.92,0.0427,0.319,NOMINAL,NOMINAL,NORMAL,0,
1705736700.0,1786288437.5436873,3,2.2964,0.281,,0.74,0.0388,0.31,NOMINAL,NOMINAL,NORMAL,0,
1705737600.0,1786288437.668532,3,2.2171,0.281,,0.746,0.039,0.291,NOMINAL,NOMINAL,NORMAL,0,
1705738500.0,1786288437.7931924,3,2.1117,0.3137,,0.587,0.0368,0.275,NOMINAL,NOMINAL,NORMAL,0,
1705739400.0,1786288437.9182715,3,2.1473,0.2748,,0.63,0.0338,0.274,NOMINAL,NOMINAL,NORMAL,0,
1705740300.0,1786288438.0432622,3,2.1832,0.2766,,0.626,0.0344,0.266,NOMINAL,NOMINAL,NORMAL,0,
1705741200.0,1786288438.168166,3,2.0559,0.2767,,0.621,0.0336,0.289,NOMINAL,NOMINAL,TRIGGERED,1,omni_p6|pro_tel0_p5|pro_tel90_p5
1705742100.0,1786288438.2931952,3,2.1025,0.3194,,0.607,0.0329,0.258,NOMINAL,NOMINAL,NORMAL,0,
1705743000.0,1786288438.419219,3,2.5391,0.2854,,0.885,0.0409,0.314,NOMINAL,NOMINAL,NORMAL,0,
1705743900.0,1786288438.5434315,3,2.2183,0.2814,,0.663,0.0378,0.29,NOMINAL,NOMINAL,NORMAL,0,
1705744800.0,1786288438.6685789,3,2.2219,0.2789,,0.747,0.0373,0.287,NOMINAL,NOMINAL,NORMAL,0,
1705745700.0,1786288438.7932234,3,2.1383,0.3229,,0.577,0.0369,0.279,NOMINAL,NOMINAL,NORMAL,0,
1705746600.0,1786288438.9182622,3,2.1502,0.2785,,0.612,0.0346,0.274,NOMINAL,NOMINAL,TRIGGERED,1,omni_p6|pro_tel0_p5|pro_tel90_p5
1705747500.0,1786288439.0440998,3,2.1501,0.2745,,0.6,0.0506,1.194,NOMINAL,PRE_ALERT,TRIGGERED,2,omni_p6|pro_tel0_p5|pro_tel90_p5
1705748400.0,1786288439.169469,3,2.2697,0.2803,,0.709,0.0537,1.162,PRE_ALERT,NOMINAL,NORMAL,0,
1705749300.0,1786288439.293322,3,2.1567,0.3092,,0.636,0.0358,0.264,NOMINAL,NOMINAL,NORMAL,0,
1705750200.0,1786288439.4182491,3,2.1432,0.2726,,0.614,0.0343,0.257,NOMINAL,NOMINAL,NORMAL,0,
1705751100.0,1786288439.5430691,3,2.0824,0.2667,,0.574,0.0332,0.238,NOMINAL,NOMINAL,NORMAL,0,
1705752000.0,1786288439.6683645,3,2.1657,0.2748,,0.662,0.0369,0.305,NOMINAL,NOMINAL,NORMAL,0,
1705752900.0,1786288439.793302,3,2.1737,0.3082,,0.612,0.0343,0.27,NOMINAL,NOMINAL,TRIGGERED,1,omni_p6|pro_tel0_p5|pro_tel90_p5
1705753800.0,1786288439.9192023,3,2.1623,0.2761,,0.621,0.0516,1.185,NOMINAL,PRE_ALERT,TRIGGERED,2,omni_p6|pro_tel0_p5|pro_tel90_p5
1705754700.0,1786288440.0448458,3,2.4125,0.2836,,0.808,0.0576,1.232,PRE_ALERT,NOMINAL,NORMAL,0,
1705755600.0,1786288440.1684198,3,2.0978,0.2768,,0.716,0.0364,0.287,NOMINAL,NOMINAL,NORMAL,0,
1705756500.0,1786288440.2932792,3,2.0978,0.3197,,0.641,0.0329,0.267,NOMINAL,NOMINAL,NORMAL,0,
1705757400.0,1786288440.4182575,3,2.1276,0.2709,,0.642,0.0348,0.264,NOMINAL,NOMINAL,NORMAL,0,
1705758300.0,1786288440.543063,3,2.0256,0.2709,,0.583,0.0433,0.269,NOMINAL,NOMINAL,NORMAL,0,
1705759200.0,1786288440.668237,3,2.0416,0.2761,,0.656,0.0327,0.287,NOMINAL,NOMINAL,TRIGGERED,1,omni_p6|pro_tel0_p5|pro_tel90_p5
1705760100.0,1786288440.794021,3,2.0504,0.3119,,0.595,0.0485,1.147,NOMINAL,PRE_ALERT,TRIGGERED,2,omni_p6|pro_tel90_p5
1705761000.0,1786288440.919112,3,2.1256,0.2691,,0.628,0.0493,1.124,PRE_ALERT,NOMINAL,NORMAL,0,
1705761900.0,1786288441.043193,3,2.1148,0.2715,,0.625,0.0345,0.253,NOMINAL,NOMINAL,NORMAL,0,
1705762800.0,1786288441.1681762,3,2.0409,0.2677,,0.618,0.0333,0.286,NOMINAL,NOMINAL,NORMAL,0,
1705763700.0,1786288441.293241,3,2.068,0.3102,,0.623,0.0341,0.266,NOMINAL,NOMINAL,NORMAL,0,
1705764600.0,1786288441.4179983,3,2.044,0.2615,,0.551,0.0314,0.24,NOMINAL,NOMINAL,NORMAL,0,
1705765500.0,1786288441.543197,3,2.0769,0.2745,,0.621,0.0319,0.261,NOMINAL,NOMINAL,TRIGGERED,1,omni_p6|pro_tel0_p5|pro_tel90_p5
1705766400.0,1786288441.6681004,3,2.0535,0.2644,,0.628,0.0339,0.26,NOMINAL,NOMINAL,NORMAL,0,
1705767300.0,1786288441.7931962,3,2.0873,0.3118,,0.625,0.0344,0.262,NOMINAL,NOMINAL,NORMAL,0,
1705768200.0,1786288441.9180312,3,2.0548,0.2645,,0.558,0.0329,0.247,NOMINAL,NOMINAL,NORMAL,0,
1705769100.0,1786288442.043076,3,2.0656,0.2651,,0.597,0.0316,0.248,NOMINAL,NOMINAL,NORMAL,0,
1705770000.0,1786288442.1681862,3,2.0586,0.2646,,0.61,0.0337,0.284,NOMINAL,NOMINAL,NORMAL,0,
1705770900.0,1786288442.293217,3,2.0617,0.3111,,0.614,0.0353,0.269,NOMINAL,NOMINAL,NORMAL,0,
1705771800.0,1786288442.4191084,3,2.3505,0.2894,,0.901,0.0403,0.318,NOMINAL,NOMINAL,NORMAL,0,
1705772700.0,1786288442.5435104,3,2.2244,0.2789,,0.685,0.0389,0.293,NOMINAL,NOMINAL,NORMAL,0,
1705773600.0,1786288442.6680958,3,2.0534,0.2697,,0.597,0.0332,0.246,NOMINAL,NOMINAL,NORMAL,0,
1705774500.0,1786288442.79351,3,2.2021,0.2808,,0.673,0.0365,0.288,NOMINAL,NOMINAL,NORMAL,0,
1705775400.0,1786288442.9181728,3,2.1256,0.2719,,0.591,0.0335,0.252,NOMINAL,NOMINAL,NORMAL,0,
1705776300.0,1786288443.043138,3,2.1058,0.2666,,0.598,0.0323,0.245,NOMINAL,NOMINAL,NORMAL,0,
1705777200.0,1786288443.16816,3,2.0319,0.2688,,0.613,0.0337,0.273,NOMINAL,NOMINAL,NORMAL,0,
1705778100.0,1786288443.2931645,3,2.0365,0.3105,,0.615,0.0331,0.253,NOMINAL,NOMINAL,NORMAL,0,
1705779000.0,1786288443.418971,3,2.3258,0.2803,,0.875,0.0401,0.307,NOMINAL,NOMINAL,NORMAL,0,
1705779900.0,1786288443.5434039,3,2.1723,0.2753,,0.677,0.0358,0.272,NOMINAL,NOMINAL,NORMAL,0,
1705780800.0,1786288443.6680515,3,2.0427,0.2685,,0.578,0.032,0.239,NOMINAL,NOMINAL,NORMAL,0,
1705781700.0,1786288443.793369,3,2.1394,0.2941,,0.683,0.0361,0.29,NOMINAL,NOMINAL,NORMAL,0,
1705782600.0,1786288443.9182234,3,2.1293,0.2692,,0.605,0.0345,0.264,NOMINAL,NOMINAL,NORMAL,0,
1705783500.0,1786288444.0431688,3,2.1077,0.2701,,0.604,0.0339,0.252,NOMINAL,NOMINAL,NORMAL,0,
1705784400.0,1786288444.168211,3,2.0512,0.2697,,0.629,0.0332,0.279,NOMINAL,NOMINAL,NORMAL,0,
1705785300.0,1786288444.2931523,3,2.0499,0.3025,,0.607,0.0356,0.259,NOMINAL,NOMINAL,NORMAL,0,
1705786200.0,1786288444.4181652,3,2.0952,0.2701,,0.609,0.0312,0.256,NOMINAL,NOMINAL,TRIGGERED,1,omni_p6|pro_tel0_p5|pro_tel90_p5
1705787100.0,1786288444.542998,3,2.0452,0.2674,,0.553,0.0318,0.238,NOMINAL,NOMINAL,NORMAL,0,
1705788000.0,1786288444.6679685,3,1.9914,0.2605,,0.578,0.0331,0.246,NOMINAL,NOMINAL,NORMAL,0,
1705788900.0,1786288444.7934244,3,2.1796,0.2794,,0.638,0.0353,0.274,NOMINAL,NOMINAL,NORMAL,0,
1705789800.0,1786288444.9183333,3,2.1456,0.2717,,0.657,0.0353,0.266,NOMINAL,NOMINAL,NORMAL,0,
1705790700.0,1786288445.0431945,3,2.0968,0.2686,,0.632,0.034,0.261,NOMINAL,NOMINAL,NORMAL,0,
1705791600.0,1786288445.168211,3,2.0545,0.2767,,0.633,0.0331,0.286,NOMINAL,NOMINAL,TRIGGERED,1,omni_p6|pro_tel0_p5|pro_tel90_p5
1705792500.0,1786288445.2941432,3,2.0765,0.3091,,0.616,0.0522,1.19,NOMINAL,PRE_ALERT,TRIGGERED,2,omni_p6|pro_tel0_p5|pro_tel90_p5
1705793400.0,1786288445.419505,3,2.2668,0.2764,,0.704,0.0556,1.182,PRE_ALERT,NOMINAL,NORMAL,0,
1705794300.0,1786288445.5432208,3,2.1384,0.271,,0.61,0.0356,0.258,NOMINAL,NOMINAL,NORMAL,0,
1705795200.0,1786288445.6698687,3,2.0469,0.2667,1.5655,0.597,0.034,0.248,NOMINAL,NOMINAL,NORMAL,0,
1705796100.0,1786288445.7933812,3,2.1761,0.2871,,0.636,0.0388,0.265,NOMINAL,NOMINAL,NORMAL,0,
1705797000.0,1786288445.9183118,3,2.1741,0.2714,,0.612,0.0359,0.268,NOMINAL,NOMINAL,NORMAL,0,
1705797900.0,1786288446.0431478,3,2.0989,0.2714,,0.605,0.0328,0.256,NOMINAL,NOMINAL,TRIGGERED,1,omni_p6|pro_tel0_p5|pro_tel90_p5
1705798800.0,1786288446.1694996,3,2.169,0.2793,,0.77,0.0557,1.221,NOMINAL,PRE_ALERT,TRIGGERED,2,omni_p6|pro_tel0_p5|pro_tel90_p5
1705799700.0,1786288446.2943718,3,2.1792,0.2851,,0.705,0.0545,1.153,PRE_ALERT,NOMINAL,NORMAL,0,
1705800600.0,1786288446.4183543,3,2.1974,0.274,,0.659,0.0361,0.267,NOMINAL,NOMINAL,NORMAL,0,
1705801500.0,1786288446.543039,3,2.0917,0.2708,,0.538,0.0308,0.228,NOMINAL,NOMINAL,NORMAL,0,
1705802400.0,1786288446.6678622,3,1.9938,0.2641,,0.507,0.0259,0.208,NOMINAL,NOMINAL,NORMAL,0,
1705803300.0,1786288446.7933102,3,2.1023,0.3855,,0.61,0.0355,0.264,NOMINAL,NOMINAL,NORMAL,0,
1705804200.0,1786288446.9182298,3,2.117,0.2725,,0.616,0.0317,0.261,NOMINAL,NOMINAL,TRIGGERED,1,omni_p6|pro_tel0_p5|pro_tel90_p5
1705805100.0,1786288447.0431314,3,2.0744,0.2691,,0.613,0.032,0.251,NOMINAL,NOMINAL,NORMAL,0,
1705806000.0,1786288447.1680546,3,2.0258,0.2644,,0.589,0.0322,0.245,NOMINAL,NOMINAL,NORMAL,0,
1705806900.0,1786288447.293386,3,2.1278,0.3076,,0.668,0.0378,0.286,NOMINAL,NOMINAL,NORMAL,0,
1705807800.0,1786288447.4190946,3,2.3439,0.2825,,0.903,0.0413,0.317,NOMINAL,NOMINAL,NORMAL,0,
1705808700.0,1786288447.543585,3,2.2539,0.2771,,0.728,0.0372,0.285,NOMINAL,NOMINAL,NORMAL,0,
1705809600.0,1786288447.6681535,3,2.0848,0.2702,,0.615,0.0346,0.27,NOMINAL,NOMINAL,NORMAL,0,
1705810500.0,1786288447.7939434,3,2.4409,0.2904,,0.745,0.04,0.307,NOMINAL,NOMINAL,TRIGGERED,1,omni_p6
1705811400.0,1786288447.918386,3,2.1497,0.2727,,0.671,0.0392,0.282,NOMINAL,NOMINAL,NORMAL,0,
1705812300.0,1786288448.0432994,3,2.1201,0.2735,,0.655,0.0357,0.272,NOMINAL,NOMINAL,NORMAL,0,
1705813200.0,1786288448.168247,3,2.0983,0.2732,,0.638,0.0379,0.295,NOMINAL,NOMINAL,NORMAL,0,
1705814100.0,1786288448.2932973,3,2.1003,0.3136,,0.642,0.0365,0.27,NOMINAL,NOMINAL,NORMAL,0,
1705815000.0,1786288448.419009,3,2.3202,0.2807,,0.877,0.0404,0.322,NOMINAL,NOMINAL,NORMAL,0,
1705815900.0,1786288448.5435624,3,2.2523,0.2838,,0.712,0.0384,0.283,NOMINAL,NOMINAL,NORMAL,0,
1705816800.0,1786288448.6681445,3,2.0664,0.2694,,0.614,0.0321,0.267,NOMINAL,NOMINAL,NORMAL,0,
1705817700.0,1786288448.793111,3,2.0489,0.3267,,0.576,0.0312,0.253,NOMINAL,NOMINAL,NORMAL,0,
1705818600.0,1786288448.9185083,3,2.1925,0.2753,,0.726,0.0357,0.281,NOMINAL,NOMINAL,NORMAL,0,
1705819500.0,1786288449.0433056,3,2.1567,0.2748,,0.648,0.0342,0.263,NOMINAL,NOMINAL,NORMAL,0,
1705820400.0,1786288449.1681867,3,2.0471,0.2682,,0.63,0.0345,0.28,NOMINAL,NOMINAL,NORMAL,0,
1705821300.0,1786288449.2931383,3,2.0389,0.3,,0.618,0.0329,0.257,NOMINAL,NOMINAL,NORMAL,0,
1705822200.0,1786288449.418072,3,2.0618,0.2691,,0.598,0.0333,0.248,NOMINAL,NOMINAL,NORMAL,0,
1705823100.0,1786288449.5430093,3,2.0425,0.2649,,0.57,0.0326,0.246,NOMINAL,NOMINAL,NORMAL,0,
1705824000.0,1786288449.6679158,3,1.9751,0.2618,,0.558,0.0332,0.251,NOMINAL,NOMINAL,NORMAL,0,
1705824900.0,1786288449.7929487,3,1.9995,0.2654,,0.551,0.0336,0.248,NOMINAL,NOMINAL,NORMAL,0,
1705825800.0,1786288449.9185321,3,2.1896,0.2783,,0.732,0.0349,0.305,NOMINAL,NOMINAL,TRIGGERED,1,omni_p6
1705826700.0,1786288450.0441847,3,2.109,0.2753,,0.65,0.0528,1.199,NOMINAL,PRE_ALERT,TRIGGERED,2,omni_p6|pro_tel90_p5
1705827600.0,1786288450.169877,3,2.2984,0.2806,,0.894,0.0575,1.184,PRE_ALERT,NOMINAL,NORMAL,0,
1705828500.0,1786288450.2935948,3,2.227,0.2842,,0.718,0.0386,0.282,NOMINAL,NOMINAL,NORMAL,0,
1705829400.0,1786288450.4185946,3,2.2393,0.2786,,0.738,0.0379,0.284,NOMINAL,NOMINAL,NORMAL,0,
1705830300.0,1786288450.5432422,3,2.1353,0.2693,,0.623,0.0364,0.26,NOMINAL,NOMINAL,NORMAL,0,
1705831200.0,1786288450.6679952,3,2.02,0.2598,,0.573,0.0333,0.245,NOMINAL,NOMINAL,NORMAL,0,
1705832100.0,1786288450.7930462,3,2.0503,0.3008,,0.553,0.0315,0.255,NOMINAL,NOMINAL,TRIGGERED,1,omni_p6|pro_tel0_p5|pro_tel90_p5
1705833000.0,1786288450.9194539,3,2.2012,0.2767,,0.764,0.0543,1.186,NOMINAL,PRE_ALERT,TRIGGERED,2,omni_p6
1705833900.0,1786288451.0442796,3,2.1952,0.2732,,0.671,0.051,1.152,PRE_ALERT,NOMINAL,NORMAL,0,
1705834800.0,1786288451.1682405,3,2.1118,0.272,,0.624,0.0329,0.286,NOMINAL,NOMINAL,NORMAL,0,
1705835700.0,1786288451.2932715,3,2.0949,0.3117,,0.625,0.0341,0.291,NOMINAL,NOMINAL,NORMAL,0,
1705836600.0,1786288451.4181685,3,2.1147,0.271,,0.602,0.0335,0.251,NOMINAL,NOMINAL,NORMAL,0,
1705837500.0,1786288451.542512,3,1.6535,0.0826,,0.612,0.0291,0.245,NOMINAL,NOMINAL,STALE,0,
1705838400.0,1786288451.6673121,3,1.5631,0.0747,,0.559,0.0273,0.234,NOMINAL,NOMINAL,STALE,0,
1705839300.0,1786288451.7923145,3,1.5779,0.0768,,0.533,0.0287,0.259,NOMINAL,NOMINAL,STALE,0,
1705840200.0,1786288451.9177673,3,1.72,0.0821,,0.708,0.0312,0.266,NOMINAL,NOMINAL,STALE,0,
1705841100.0,1786288452.0425587,3,1.6664,0.0777,,0.623,0.031,0.258,NOMINAL,NOMINAL,STALE,0,
1705842000.0,1786288452.1674652,3,1.5979,0.079,,0.604,0.0283,0.243,NOMINAL,NOMINAL,STALE,0,
1705842900.0,1786288452.293496,3,2.2091,0.282,,0.668,0.036,0.336,NOMINAL,NOMINAL,NORMAL,0,
1705843800.0,1786288452.4191148,3,2.3718,0.2927,,0.89,0.0402,0.315,NOMINAL,NOMINAL,TRIGGERED,1,omni_p6|pro_tel0_p5|pro_tel90_p5
1705844700.0,1786288452.5446203,3,2.3552,0.284,,0.712,0.0532,1.234,NOMINAL,PRE_ALERT,TRIGGERED,2,omni_p6|pro_tel0_p5|pro_tel90_p5
1705845600.0,1786288452.66923,3,2.1892,0.2747,,0.665,0.0517,1.162,PRE_ALERT,NOMINAL,NORMAL,0,
1705846500.0,1786288452.7931573,3,2.0923,0.308,,0.585,0.0365,0.268,NOMINAL,NOMINAL,NORMAL,0,
1705847400.0,1786288452.9184353,3,2.1347,0.2786,,0.718,0.0393,0.29,NOMINAL,NOMINAL,NORMAL,0,
1705848300.0,1786288453.0432334,3,2.0974,0.275,,0.637,0.0382,0.269,NOMINAL,NOMINAL,NORMAL,0,
1705849200.0,1786288453.1680996,3,2.0286,0.2697,,0.614,0.0355,0.258,NOMINAL,NOMINAL,NORMAL,0,
1705850100.0,1786288453.2931361,3,2.0283,0.3293,,0.602,0.0326,0.253,NOMINAL,NOMINAL,TRIGGERED,1,omni_p6|pro_tel0_p5|pro_tel90_p5
1705851000.0,1786288453.4199736,3,2.3381,0.2889,,0.889,0.0597,1.251,NOMINAL,PRE_ALERT,TRIGGERED,2,omni_p6|pro_tel0_p5|pro_tel90_p5
1705851900.0,1786288453.5444045,3,2.2357,0.2764,,0.696,0.0522,1.148,PRE_ALERT,NOMINAL,NORMAL,0,
1705852800.0,1786288453.6681745,3,2.1016,0.2708,,0.604,0.0348,0.276,NOMINAL,NOMINAL,NORMAL,0,
1705853700.0,1786288453.793088,3,2.0636,0.3107,,0.567,0.0349,0.252,NOMINAL,NOMINAL,NORMAL,0,
1705854600.0,1786288453.918375,3,2.1764,0.2727,,0.654,0.0357,0.265,NOMINAL,NOMINAL,NORMAL,0,
1705855500.0,1786288454.0434573,3,2.1896,0.2801,,0.702,0.0364,0.276,NOMINAL,NOMINAL,NORMAL,0,
1705856400.0,1786288454.168315,3,2.1105,0.2744,,0.646,0.0643,0.304,NOMINAL,NOMINAL,NORMAL,0,
1705857300.0,1786288454.2932978,3,2.0702,0.3091,,0.64,0.037,0.321,NOMINAL,NOMINAL,NORMAL,0,
1705858200.0,1786288454.4181876,3,2.1008,0.2678,,0.622,0.035,0.267,NOMINAL,NOMINAL,NORMAL,0,
1705859100.0,1786288454.543046,3,2.039,0.2667,,0.595,0.035,0.256,NOMINAL,NOMINAL,NORMAL,0,
1705860000.0,1786288454.6679468,3,1.9794,0.2604,,0.578,0.0319,0.247,NOMINAL,NOMINAL,NORMAL,0,
1705860900.0,1786288454.7929697,3,2.0002,0.2862,,0.55,0.0344,0.253,NOMINAL,NOMINAL,NORMAL,0,
1705861800.0,1786288454.9181366,3,2.0694,0.2702,,0.596,0.0333,0.252,NOMINAL,NOMINAL,NORMAL,0,
1705862700.0,1786288455.0435023,3,2.2201,0.275,,0.711,0.0377,0.283,NOMINAL,NOMINAL,NORMAL,0,
1705863600.0,1786288455.1682794,3,2.0898,0.2713,,0.646,0.0353,0.299,NOMINAL,NOMINAL,NORMAL,0,
1705864500.0,1786288455.293209,3,2.0572,0.3185,,0.628,0.0368,0.266,NOMINAL,NOMINAL,NORMAL,0,
1705865400.0,1786288455.4183493,3,2.1569,0.2747,,0.675,0.0339,0.274,NOMINAL,NOMINAL,NORMAL,0,
1705866300.0,1786288455.5431247,3,2.0819,0.2696,,0.597,0.034,0.254,NOMINAL,NOMINAL,NORMAL,0,
1705867200.0,1786288455.6679637,3,2.0065,0.2665,,0.557,0.0312,0.241,NOMINAL,NOMINAL,NORMAL,0,
1705868100.0,1786288455.792906,3,1.993,0.2647,,0.53,0.0323,0.242,NOMINAL,NOMINAL,NORMAL,0,
1705869000.0,1786288455.9180908,3,2.0603,0.2622,,0.59,0.032,0.248,NOMINAL,NOMINAL,NORMAL,0,
1705869900.0,1786288456.043451,3,2.1895,0.2747,,0.711,0.0363,0.277,NOMINAL,NOMINAL,NORMAL,0,
1705870800.0,1786288456.168279,3,2.1026,0.275,,0.642,0.0336,0.29,NOMINAL,NOMINAL,TRIGGERED,1,omni_p6|pro_tel90_p5
1705871700.0,1786288456.29332,3,2.1087,0.3049,,0.653,0.0377,0.27,NOMINAL,NOMINAL,NORMAL,0,
1705872600.0,1786288456.4183214,3,2.1568,0.2738,,0.649,0.0356,0.264,NOMINAL,NOMINAL,NORMAL,0,
1705873500.0,1786288456.5431492,3,2.0922,0.2677,,0.609,0.0357,0.255,NOMINAL,NOMINAL,NORMAL,0,
1705874400.0,1786288456.6679556,3,2.0013,0.2624,,0.572,0.0331,0.243,NOMINAL,NOMINAL,NORMAL,0,
1705875300.0,1786288456.7931314,3,2.0494,0.3145,,0.598,0.0342,0.286,NOMINAL,NOMINAL,NORMAL,0,
1705876200.0,1786288456.9181063,3,2.0559,0.2695,,0.6,0.0345,0.253,NOMINAL,NOMINAL,NORMAL,0,
1705877100.0,1786288457.0434248,3,2.1545,0.2776,,0.717,0.0344,0.278,NOMINAL,NOMINAL,TRIGGERED,1,omni_p6|pro_tel0_p5|pro_tel90_p5
1705878000.0,1786288457.1691592,3,2.0987,0.2706,,0.626,0.052,1.223,NOMINAL,PRE_ALERT,TRIGGERED,2,omni_p6
1705878900.0,1786288457.294286,3,2.1561,0.2774,,0.662,0.0549,1.158,PRE_ALERT,NOMINAL,NORMAL,0,
1705879800.0,1786288457.4191432,3,2.3998,0.287,,0.89,0.0425,0.319,NOMINAL,NOMINAL,NORMAL,0,
1705880700.0,1786288457.5434926,3,2.2218,0.2749,,0.685,0.0372,0.282,NOMINAL,NOMINAL,NORMAL,0,
1705881600.0,1786288457.669912,3,2.0569,0.263,1.5795,0.62,0.0369,0.263,NOMINAL,NOMINAL,NORMAL,0,
1705882500.0,1786288457.7931588,3,2.0987,0.3177,,0.564,0.0362,0.258,NOMINAL,NOMINAL,TRIGGERED,1,omni_p6
1705883400.0,1786288457.9191356,3,2.1123,0.2792,,0.615,0.0506,1.165,NOMINAL,PRE_ALERT,TRIGGERED,2,omni_p6|pro_tel0_p5|pro_tel90_p5
1705884300.0,1786288458.044545,3,2.2709,0.2755,,0.751,0.056,1.199,PRE_ALERT,NOMINAL,NORMAL,0,
1705885200.0,1786288458.168473,3,2.183,0.2757,,0.71,0.037,0.279,NOMINAL,NOMINAL,NORMAL,0,
1705886100.0,1786288458.2932718,3,2.0994,0.307,,0.635,0.0363,0.277,NOMINAL,NOMINAL,NORMAL,0,
1705887000.0,1786288458.419021,3,2.3432,0.285,,0.866,0.0417,0.319,NOMINAL,NOMINAL,NORMAL,0,
1705887900.0,1786288458.5434234,3,2.2101,0.2782,,0.667,0.0349,0.277,NOMINAL,NOMINAL,NORMAL,0,
1705888800.0,1786288458.6680493,3,2.0297,0.2726,,0.589,0.03,0.255,NOMINAL,NOMINAL,TRIGGERED,1,omni_p6|pro_tel0_p5|pro_tel90_p5
1705889700.0,1786288458.7938557,3,1.9985,0.3038,,0.537,0.0488,1.156,NOMINAL,PRE_ALERT,TRIGGERED,2,omni_p6|pro_tel0_p5|pro_tel90_p5
1705890600.0,1786288458.9192247,3,2.1829,0.2693,,0.659,0.0514,1.125,PRE_ALERT,NOMINAL,NORMAL,0,
1705891500.0,1786288459.0431972,3,2.0995,0.2743,,0.623,0.0323,0.253,NOMINAL,NOMINAL,NORMAL,0,
1705892400.0,1786288459.1684058,3,2.1483,0.2744,,0.711,0.0366,0.306,NOMINAL,NOMINAL,NORMAL,0,
1705893300.0,1786288459.293348,3,2.1154,0.3104,,0.656,0.0363,0.28,NOMINAL,NOMINAL,NORMAL,0,
1705894200.0,1786288459.4182916,3,2.1431,0.2682,,0.646,0.0359,0.275,NOMINAL,NOMINAL,NORMAL,0,
1705895100.0,1786288459.5431063,3,2.0726,0.2753,,0.605,0.0313,0.259,NOMINAL,NOMINAL,TRIGGERED,1,omni_p6|pro_tel90_p5
1705896000.0,1786288459.6688604,3,1.9926,0.2615,,0.562,0.0486,1.191,NOMINAL,PRE_ALERT,TRIGGERED,2,omni_p6
1705896900.0,1786288459.7940567,3,2.1115,0.3195,,0.587,0.0523,1.127,PRE_ALERT,NOMINAL,NORMAL,0,
1705897800.0,1786288459.918284,3,2.1587,0.2684,,0.635,0.0368,0.266,NOMINAL,NOMINAL,NORMAL,0,
1705898700.0,1786288460.043148,3,2.0798,0.2678,,0.629,0.0354,0.263,NOMINAL,NOMINAL,NORMAL,0,
1705899600.0,1786288460.1684046,3,2.1438,0.2751,,0.7,0.0373,0.298,NOMINAL,NOMINAL,NORMAL,0,
1705900500.0,1786288460.2933092,3,2.1052,0.3131,,0.615,0.035,0.309,NOMINAL,NOMINAL,NORMAL,0,
1705901400.0,1786288460.4184756,3,2.2085,0.2734,,0.714,0.0375,0.276,NOMINAL,NOMINAL,NORMAL,0,
1705902300.0,1786288460.5430946,3,2.0731,0.2685,,0.573,0.035,0.269,NOMINAL,NOMINAL,NORMAL,0,
1705903200.0,1786288460.6678889,3,1.9814,0.2596,,0.537,0.0316,0.238,NOMINAL,NOMINAL,NORMAL,0,
1705904100.0,1786288460.7939775,3,2.0398,0.2654,,0.573,0.0334,0.254,NOMINAL,NOMINAL,NORMAL,0,
1705905000.0,1786288460.918547,3,2.0587,0.2663,,0.581,0.0333,0.251,NOMINAL,NOMINAL,NORMAL,0,
1705905900.0,1786288461.043616,3,2.0476,0.2625,,0.613,0.0346,0.26,NOMINAL,NOMINAL,NORMAL,0,
1705906800.0,1786288461.1689715,3,2.1691,0.2817,,0.726,0.0359,0.278,NOMINAL,NOMINAL,TRIGGERED,1,pro_tel0_p5
1705907700.0,1786288461.2938604,3,2.1603,0.2734,,0.66,0.0376,0.281,NOMINAL,NOMINAL,NORMAL,0,
1705908600.0,1786288461.4187133,3,2.1301,0.2712,,0.613,0.035,0.262,NOMINAL,NOMINAL,NORMAL,0,
1705909500.0,1786288461.5436392,3,2.0758,0.2732,,0.58,0.0335,0.263,NOMINAL,NOMINAL,TRIGGERED,1,pro_tel0_p5|pro_tel90_p5
1705910400.0,1786288461.6685364,3,2.0355,0.2689,,0.595,0.0346,0.256,NOMINAL,NOMINAL,NORMAL,0,
1705911300.0,1786288461.7936664,3,2.111,0.2742,,0.578,0.0351,0.278,NOMINAL,NOMINAL,TRIGGERED,1,omni_p6|pro_tel0_p5|pro_tel90_p5
1705912200.0,1786288461.9196632,3,2.1119,0.2689,,0.632,0.0505,1.219,NOMINAL,PRE_ALERT,TRIGGERED,2,pro_tel0_p5|pro_tel90_p5
1705913100.0,1786288462.0438604,3,2.1714,0.2814,,0.645,0.0378,0.27,PRE_ALERT,PRE_ALERT,TRIGGERED,3,pro_tel0_p5|pro_tel90_p5
1705914000.0,1786288462.1700613,3,2.2438,0.2793,,0.77,0.062,1.225,PRE_ALERT,NOMINAL,NORMAL,0,
1705914900.0,1786288462.2939184,3,2.2068,0.2736,,0.706,0.0377,0.274,NOMINAL,NOMINAL,NORMAL,0,
1705915800.0,1786288462.419851,3,2.5016,0.299,,0.923,0.0398,0.339,NOMINAL,NOMINAL,TRIGGERED,1,pro_tel0_p5|pro_tel90_p5
1705916700.0,1786288462.5447192,3,2.436,0.2917,,0.924,0.0431,0.315,NOMINAL,NOMINAL,NORMAL,0,
1705917600.0,1786288462.6688342,3,2.1717,0.2746,,0.663,0.0366,0.28,NOMINAL,NOMINAL,TRIGGERED,1,omni_p6|pro_tel0_p5|pro_tel90_p5
1705918500.0,1786288462.794437,3,2.1263,0.2761,,0.503,0.0494,1.167,NOMINAL,PRE_ALERT,TRIGGERED,2,pro_tel0_p5|pro_tel90_p5
1705919400.0,1786288462.919065,3,2.3431,0.2823,,0.67,0.0346,0.272,PRE_ALERT,PRE_ALERT,TRIGGERED,3,pro_tel0_p5|pro_tel90_p5
1705920300.0,1786288463.044772,3,2.1607,0.2784,,0.649,0.0541,1.209,PRE_ALERT,NOMINAL,NORMAL,0,
1705921200.0,1786288463.1692398,3,2.3466,0.3298,,0.697,0.0351,0.34,NOMINAL,NOMINAL,TRIGGERED,1,pro_tel0_p5|pro_tel90_p5
1705922100.0,1786288463.2948818,3,2.2692,0.284,,0.669,0.0517,1.211,NOMINAL,PRE_ALERT,TRIGGERED,2,pro_tel0_p5|pro_tel90_p5
1705923000.0,1786288463.419599,3,2.3327,0.2901,,0.894,0.0422,0.322,PRE_ALERT,PRE_ALERT,TRIGGERED,3,omni_p6|pro_tel0_p5|pro_tel90_p5
1705923900.0,1786288463.5450346,3,2.2486,0.2842,,0.712,0.0531,1.229,PRE_ALERT,ALERT,TRIGGERED,4,omni_p6|pro_tel0_p5|pro_tel90_p5
1705924800.0,1786288463.669,3,2.2228,0.2802,,0.717,0.0402,0.281,ALERT,ALERT,TRIGGERED,5,pro_tel0_p5|pro_tel90_p5
1705925700.0,1786288463.794032,3,2.3827,0.2871,,0.565,0.0382,0.329,ALERT,ALERT,TRIGGERED,6,pro_tel0_p5|pro_tel90_p5
1705926600.0,1786288463.919819,3,2.2523,0.2779,,0.654,0.0496,1.186,ALERT,NOMINAL,NORMAL,0,
1705927500.0,1786288464.0437987,3,2.1875,0.2807,,0.588,0.0362,0.319,NOMINAL,NOMINAL,TRIGGERED,1,pro_tel0_p5|pro_tel90_p5
1705928400.0,1786288464.1697326,3,2.1967,0.2782,,0.63,0.0511,1.208,NOMINAL,PRE_ALERT,TRIGGERED,2,pro_tel0_p5|pro_tel90_p5
1705929300.0,1786288464.294471,3,2.451,0.2931,,0.759,0.0392,0.331,PRE_ALERT,PRE_ALERT,TRIGGERED,3,omni_p6|pro_tel0_p5|pro_tel90_p5
1705930200.0,1786288464.4200282,3,2.3563,0.2783,,0.686,0.0561,1.216,PRE_ALERT,ALERT,TRIGGERED,4,omni_p6|pro_tel0_p5|pro_tel90_p5
1705931100.0,1786288464.5439694,3,2.1514,0.279,,0.66,0.0389,0.344,ALERT,ALERT,TRIGGERED,5,pro_tel0_p5|pro_tel90_p5
1705932000.0,1786288464.6702433,3,2.1255,0.2707,,1.217,0.055,1.195,ALERT,NOMINAL,NORMAL,0,
1705932900.0,1786288464.7937014,3,2.1581,0.2733,,0.544,0.0366,0.318,NOMINAL,NOMINAL,NORMAL,0,
1705933800.0,1786288464.9187787,3,2.1498,0.2722,,0.576,0.0357,0.36,NOMINAL,NOMINAL,TRIGGERED,1,pro_tel0_p5|pro_tel90_p5
1705934700.0,1786288465.044593,3,2.0732,0.2711,,0.575,0.0512,1.267,NOMINAL,PRE_ALERT,TRIGGERED,2,pro_tel0_p5|pro_tel90_p5
1705935600.0,1786288465.16892,3,2.1826,0.2799,,0.677,0.0369,0.289,PRE_ALERT,PRE_ALERT,TRIGGERED,3,omni_p6|pro_tel0_p5|pro_tel90_p5
1705936500.0,1786288465.2952986,3,2.2791,0.2871,,0.872,0.0873,1.253,PRE_ALERT,ALERT,TRIGGERED,4,pro_tel0_p5|pro_tel90_p5
1705937400.0,1786288465.4192805,3,2.3245,0.2854,,0.766,0.0406,0.299,ALERT,ALERT,TRIGGERED,5,pro_tel0_p5|pro_tel90_p5
1705938300.0,1786288465.5448697,3,2.1702,0.2761,,0.67,0.0609,1.242,ALERT,NOMINAL,NORMAL,0,
1705939200.0,1786288465.668644,3,2.0702,0.266,,0.605,0.0315,0.32,NOMINAL,NOMINAL,TRIGGERED,1,pro_tel0_p5|pro_tel90_p5
1705940100.0,1786288465.7943966,3,2.0581,0.267,,0.581,0.0463,1.154,NOMINAL,PRE_ALERT,TRIGGERED,2,pro_tel0_p5|pro_tel90_p5
1705941000.0,1786288465.9197133,3,2.1814,0.2687,,0.66,0.052,1.157,PRE_ALERT,NOMINAL,NORMAL,0,
1705941900.0,1786288466.0436077,3,2.0885,0.2653,,0.589,0.0334,0.273,NOMINAL,NOMINAL,NORMAL,0,
1705942800.0,1786288466.168732,3,2.0965,0.2778,,0.651,0.0348,0.295,NOMINAL,NOMINAL,TRIGGERED,1,pro_tel0_p5|pro_tel90_p5
1705943700.0,1786288466.2949643,3,2.1951,0.2759,,0.798,0.0508,1.219,NOMINAL,PRE_ALERT,TRIGGERED,2,pro_tel0_p5|pro_tel90_p5
1705944600.0,1786288466.419877,3,2.2655,0.2774,,0.69,0.0491,1.14,PRE_ALERT,NOMINAL,NORMAL,0,
1705945500.0,1786288466.5437045,3,2.1247,0.2772,,0.599,0.0321,0.252,NOMINAL,NOMINAL,TRIGGERED,1,pro_tel0_p5|pro_tel90_p5
1705946400.0,1786288466.6693754,3,2.0419,0.2621,,0.575,0.048,1.141,NOMINAL,PRE_ALERT,TRIGGERED,2,pro_tel0_p5|pro_tel90_p5
1705947300.0,1786288466.7945788,3,2.1657,0.2708,,0.576,0.0498,1.159,PRE_ALERT,NOMINAL,NORMAL,0,
1705948200.0,1786288466.9187713,3,2.1435,0.2758,,0.626,0.0354,0.309,NOMINAL,NOMINAL,NORMAL,0,
1705949100.0,1786288467.043592,3,2.0636,0.271,,0.558,0.0326,0.294,NOMINAL,NOMINAL,TRIGGERED,1,pro_tel0_p5|pro_tel90_p5
1705950000.0,1786288467.1695402,3,2.0754,0.271,,0.595,0.049,1.224,NOMINAL,PRE_ALERT,TRIGGERED,2,pro_tel0_p5|pro_tel90_p5
1705950900.0,1786288467.2950976,3,2.2778,0.278,,0.734,0.0546,1.265,PRE_ALERT,NOMINAL,NORMAL,0,
1705951800.0,1786288467.419817,3,2.4502,0.2897,,0.934,0.0385,0.314,NOMINAL,NOMINAL,TRIGGERED,1,pro_tel0_p5|pro_tel90_p5
1705952700.0,1786288467.5447824,3,2.0775,0.2727,,0.698,0.0558,1.236,NOMINAL,PRE_ALERT,TRIGGERED,2,pro_tel0_p5|pro_tel90_p5
1705953600.0,1786288467.669677,3,2.1648,0.2772,,0.665,0.049,1.114,PRE_ALERT,NOMINAL,NORMAL,0,
1705954500.0,1786288467.7936327,3,2.1279,0.2713,,0.556,0.0293,0.326,NOMINAL,NOMINAL,TRIGGERED,1,pro_tel0_p5|pro_tel90_p5
1705955400.0,1786288467.919229,3,1.962,0.2617,,0.567,0.0457,1.138,NOMINAL,PRE_ALERT,TRIGGERED,2,pro_tel0_p5|pro_tel90_p5
1705956300.0,1786288468.0438452,3,2.1747,0.2735,,0.658,0.034,0.269,PRE_ALERT,PRE_ALERT,TRIGGERED,3,omni_p6
1705957200.0,1786288468.1698816,3,2.1992,0.2727,,0.726,0.0552,1.191,PRE_ALERT,NOMINAL,NORMAL,0,
1705958100.0,1786288468.294176,3,2.2667,0.2809,,0.767,0.0359,0.319,NOMINAL,NOMINAL,TRIGGERED,1,pro_tel0_p5|pro_tel90_p5
1705959000.0,1786288468.419491,3,2.3386,0.2831,,0.9,0.0396,0.299,NOMINAL,NOMINAL,NORMAL,0,
1705959900.0,1786288468.5439458,3,2.2043,0.2751,,0.674,0.0372,0.272,NOMINAL,NOMINAL,NORMAL,0,
1705960800.0,1786288468.6685922,3,2.0732,0.2702,,0.604,0.0331,0.257,NOMINAL,NOMINAL,TRIGGERED,1,pro_tel0_p5|pro_tel90_p5
1705961700.0,1786288468.7944365,3,2.077,0.2676,,0.555,0.0514,1.176,NOMINAL,PRE_ALERT,TRIGGERED,2,pro_tel0_p5|pro_tel90_p5
1705962600.0,1786288468.918804,3,2.1469,0.2765,,0.621,0.0354,0.338,PRE_ALERT,PRE_ALERT,TRIGGERED,3,omni_p6|pro_tel0_p5|pro_tel90_p5
1705963500.0,1786288469.0450163,3,2.2048,0.2801,,0.721,0.0598,1.261,PRE_ALERT,ALERT,TRIGGERED,4,pro_tel0_p5|pro_tel90_p5
1705964400.0,1786288469.1689713,3,2.1952,0.2782,,0.716,0.0383,0.274,ALERT,ALERT,TRIGGERED,5,pro_tel0_p5|pro_tel90_p5
1705965300.0,1786288469.295114,3,2.242,0.2809,,0.73,0.0564,1.402,ALERT,NOMINAL,NORMAL,0,
1705966200.0,1786288469.4191203,3,2.2715,0.2734,,0.713,0.0363,0.336,NOMINAL,NOMINAL,NORMAL,0,
1705967100.0,1786288469.5437398,3,2.128,0.2728,,0.59,0.0335,0.298,NOMINAL,NOMINAL,TRIGGERED,1,pro_tel0_p5|pro_tel90_p5
1705968000.0,1786288469.6713977,3,2.0386,0.2722,1.6043,0.571,0.0473,1.334,NOMINAL,PRE_ALERT,TRIGGERED,2,omni_p6|pro_tel0_p5|pro_tel90_p5
1705968900.0,1786288469.7938435,3,2.2353,0.2766,,0.604,0.0345,0.273,PRE_ALERT,PRE_ALERT,TRIGGERED,3,omni_p6|pro_tel0_p5|pro_tel90_p5
1705969800.0,1786288469.9197776,3,2.2069,0.2791,,0.657,0.0524,1.188,PRE_ALERT,ALERT,TRIGGERED,4,pro_tel0_p5|pro_tel90_p5
1705970700.0,1786288470.0438833,3,2.2011,0.279,,0.664,0.0353,0.264,ALERT,ALERT,TRIGGERED,5,pro_tel0_p5|pro_tel90_p5
1705971600.0,1786288470.1699054,3,2.2059,0.2746,,0.728,0.0566,1.192,ALERT,NOMINAL,NORMAL,0,
1705972500.0,1786288470.2938871,3,2.1972,0.2753,,0.673,0.0351,0.265,NOMINAL,NOMINAL,TRIGGERED,1,pro_tel0_p5|pro_tel90_p5
1705973400.0,1786288470.420226,3,2.2979,0.2828,,0.833,0.0552,1.239,NOMINAL,PRE_ALERT,TRIGGERED,2,pro_tel0_p5|pro_tel90_p5
1705974300.0,1786288470.5440593,3,2.2348,0.2808,,0.686,0.035,0.311,PRE_ALERT,PRE_ALERT,TRIGGERED,3,omni_p6|pro_tel0_p5|pro_tel90_p5
1705975200.0,1786288470.6698968,3,2.2048,0.2834,,0.703,0.0535,1.219,PRE_ALERT,ALERT,TRIGGERED,4,omni_p6|pro_tel0_p5|pro_tel90_p5
1705976100.0,1786288470.7947445,3,2.3782,0.2895,,0.88,0.0401,0.467,ALERT,ALERT,TRIGGERED,5,pro_tel0_p5|pro_tel90_p5
1705977000.0,1786288470.9196372,3,2.3768,0.2859,,0.917,0.0391,0.318,ALERT,ALERT,TRIGGERED,6,pro_tel0_p5|pro_tel90_p5
1705977900.0,1786288471.045907,3,2.308,0.2849,,0.969,0.0596,1.525,ALERT,NOMINAL,NORMAL,0,
1705978800.0,1786288471.1692047,3,2.2566,0.3136,,0.747,0.0378,0.292,NOMINAL,NOMINAL,TRIGGERED,1,pro_tel0_p5|pro_tel90_p5
1705979700.0,1786288471.2949572,3,2.2231,0.2828,,0.718,0.0508,1.248,NOMINAL,PRE_ALERT,TRIGGERED,2,pro_tel0_p5|pro_tel90_p5
1705980600.0,1786288471.4195137,3,2.3247,0.3,,0.868,0.0375,0.332,PRE_ALERT,PRE_ALERT,TRIGGERED,3,omni_p6|pro_tel0_p5|pro_tel90_p5
1705981500.0,1786288471.5449219,3,2.1904,0.2761,,0.703,0.0559,1.233,PRE_ALERT,NOMINAL,NORMAL,0,
1705982400.0,1786288471.6687703,3,2.1329,0.2763,,0.66,0.0357,0.269,NOMINAL,NOMINAL,TRIGGERED,1,pro_tel0_p5|pro_tel90_p5
1705983300.0,1786288471.7936096,3,2.1393,0.2723,,0.564,0.0341,0.257,NOMINAL,NOMINAL,NORMAL,0,
1705984200.0,1786288471.918539,3,2.0726,0.2653,,0.578,0.0339,0.249,NOMINAL,NOMINAL,NORMAL,0,
1705985100.0,1786288472.0442245,3,2.2208,0.2836,,0.798,0.0378,0.329,NOMINAL,NOMINAL,TRIGGERED,1,pro_tel0_p5|pro_tel90_p5
1705986000.0,1786288472.1698456,3,2.188,0.2762,,0.717,0.053,1.199,NOMINAL,PRE_ALERT,TRIGGERED,2,pro_tel0_p5|pro_tel90_p5
1705986900.0,1786288472.2948523,3,2.2226,0.2751,,0.692,0.0528,1.183,PRE_ALERT,NOMINAL,NORMAL,0,
1705987800.0,1786288472.4196393,3,2.3603,0.2977,,0.909,0.0385,0.322,NOMINAL,NOMINAL,TRIGGERED,1,pro_tel0_p5|pro_tel90_p5
1705988700.0,1786288472.5449133,3,2.1638,0.2792,,0.665,0.0536,1.284,NOMINAL,PRE_ALERT,TRIGGERED,2,pro_tel0_p5|pro_tel90_p5
1705989600.0,1786288472.6697083,3,2.1723,0.2756,,0.67,0.0485,1.146,PRE_ALERT,NOMINAL,NORMAL,0,
1705990500.0,1786288472.7936172,3,2.1298,0.2679,,0.569,0.033,0.266,NOMINAL,NOMINAL,NORMAL,0,
1705991400.0,1786288472.9186034,3,2.1044,0.2743,,0.603,0.0301,0.253,NOMINAL,NOMINAL,TRIGGERED,1,pro_tel0_p5|pro_tel90_p5
1705992300.0,1786288473.0435417,3,2.0638,0.2679,,0.607,0.03,0.248,NOMINAL,NOMINAL,NORMAL,0,
1705993200.0,1786288473.1685662,3,2.0318,0.2701,,0.649,0.0334,0.252,NOMINAL,NOMINAL,NORMAL,0,
1705994100.0,1786288473.293642,3,2.0777,0.2722,,0.643,0.0325,0.261,NOMINAL,NOMINAL,TRIGGERED,1,pro_tel0_p5|pro_tel90_p5
1705995000.0,1786288473.42057,3,2.316,0.2863,,0.934,0.0573,1.286,NOMINAL,PRE_ALERT,TRIGGERED,2,pro_tel0_p5|pro_tel90_p5
1705995900.0,1786288473.545109,3,2.241,0.2769,,0.748,0.0573,1.222,PRE_ALERT,NOMINAL,NORMAL,0,
1705996800.0,1786288473.6687498,3,2.1333,0.2783,,0.65,0.0315,0.25,NOMINAL,NOMINAL,TRIGGERED,1,omni_p6|pro_tel90_p5
1705997700.0,1786288473.7944531,3,2.0952,0.2738,,0.56,0.0465,1.159,NOMINAL,PRE_ALERT,TRIGGERED,2,pro_tel0_p5|pro_tel90_p5
1705998600.0,1786288473.9202466,3,2.2734,0.2842,,0.839,0.0529,1.212,PRE_ALERT,NOMINAL,NORMAL,0,
1705999500.0,1786288474.0438123,3,2.1505,0.2749,,0.667,0.0332,0.256,NOMINAL,NOMINAL,TRIGGERED,1,omni_p6|pro_tel0_p5|pro_tel90_p5
1706000400.0,1786288474.1693976,3,1.9682,0.2625,,0.639,0.0558,1.19,NOMINAL,PRE_ALERT,TRIGGERED,2,pro_tel0_p5|pro_tel90_p5
1706001300.0,1786288474.2940059,3,2.1954,0.2791,,0.755,0.0376,0.3,PRE_ALERT,PRE_ALERT,TRIGGERED,3,pro_tel0_p5|pro_tel90_p5
1706002200.0,1786288474.4209142,3,2.3772,0.3088,,0.728,0.0543,1.239,PRE_ALERT,ALERT,TRIGGERED,4,omni_p6|pro_tel0_p5|pro_tel90_p5
1706003100.0,1786288474.5437677,3,2.1067,0.276,,0.613,0.0327,0.289,ALERT,ALERT,TRIGGERED,5,omni_p6|pro_tel0_p5|pro_tel90_p5
1706004000.0,1786288474.6687162,3,2.0939,0.2763,,0.637,0.0313,0.262,ALERT,ALERT,TRIGGERED,6,pro_tel0_p5|pro_tel90_p5
1706004900.0,1786288474.7945426,3,2.1409,0.274,,0.54,0.0469,1.175,ALERT,NOMINAL,NORMAL,0,
1706005800.0,1786288474.9185357,3,2.057,0.2728,,0.576,0.0293,0.248,NOMINAL,NOMINAL,NORMAL,0,
1706006700.0,1786288475.0437,3,2.014,0.2766,,0.738,0.0319,0.26,NOMINAL,NOMINAL,TRIGGERED,1,pro_tel0_p5|pro_tel90_p5
1706007600.0,1786288475.1686413,3,2.0277,0.2672,,0.657,0.0316,0.26,NOMINAL,NOMINAL,NORMAL,0,
1706008500.0,1786288475.2936215,3,2.0137,0.2694,,0.649,0.0318,0.265,NOMINAL,NOMINAL,TRIGGERED,1,omni_p6|pro_tel0_p5|pro_tel90_p5
1706009400.0,1786288475.4198053,3,2.1444,0.2798,,0.682,0.0507,1.221,NOMINAL,PRE_ALERT,TRIGGERED,2,omni_p6|pro_tel0_p5|pro_tel90_p5
1706010300.0,1786288475.5440433,3,2.2179,0.2801,,0.666,0.0338,0.275,PRE_ALERT,PRE_ALERT,TRIGGERED,3,pro_tel0_p5|pro_tel90_p5
1706011200.0,1786288475.66951,3,2.0359,0.2671,,0.614,0.0512,1.165,PRE_ALERT,NOMINAL,NORMAL,0,
1706012100.0,1786288475.7935479,3,2.096,0.2713,,0.513,0.03,0.255,NOMINAL,NOMINAL,NORMAL,0,
1706013000.0,1786288475.91838,3,1.966,0.2656,,0.565,0.0284,0.246,NOMINAL,NOMINAL,TRIGGERED,1,pro_tel0_p5|pro_tel90_p5
1706013900.0,1786288476.0433037,3,1.9213,0.2568,,0.588,0.0292,0.239,NOMINAL,NOMINAL,NORMAL,0,
1706014800.0,1786288476.1685925,3,1.9705,0.2686,,0.666,0.0292,0.252,NOMINAL,NOMINAL,TRIGGERED,1,omni_p6|pro_tel0_p5|pro_tel90_p5
1706015700.0,1786288476.2949574,3,2.0488,0.2707,,0.635,0.0465,1.566,NOMINAL,PRE_ALERT,TRIGGERED,2,pro_tel0_p5|pro_tel90_p5
1706016600.0,1786288476.4190402,3,2.2362,0.2801,,0.687,0.0344,0.272,PRE_ALERT,PRE_ALERT,TRIGGERED,3,pro_tel0_p5|pro_tel90_p5
1706017500.0,1786288476.5453413,3,2.2752,0.2854,,0.783,0.0559,1.258,PRE_ALERT,NOMINAL,NORMAL,0,
1706018400.0,1786288476.668708,3,2.0764,0.2725,,0.678,0.0307,0.251,NOMINAL,NOMINAL,TRIGGERED,1,pro_tel0_p5|pro_tel90_p5
1706019300.0,1786288476.794281,3,1.9743,0.2656,,0.507,0.0409,1.137,NOMINAL,PRE_ALERT,TRIGGERED,2,pro_tel0_p5|pro_tel90_p5
1706020200.0,1786288476.9185956,3,2.0804,0.2722,,0.582,0.0308,0.255,PRE_ALERT,PRE_ALERT,TRIGGERED,3,omni_p6|pro_tel90_p5
1706021100.0,1786288477.0446138,3,2.0843,0.2755,,0.632,0.0469,1.2,PRE_ALERT,ALERT,TRIGGERED,4,omni_p6|pro_tel0_p5|pro_tel90_p5
1706022000.0,1786288477.1689253,3,2.1332,0.2783,,0.727,0.0339,0.276,ALERT,ALERT,TRIGGERED,5,pro_tel0_p5|pro_tel90_p5
1706022900.0,1786288477.2939525,3,2.1806,0.2783,,0.701,0.0354,0.273,ALERT,ALERT,TRIGGERED,6,pro_tel0_p5|pro_tel90_p5
1706023800.0,1786288477.4203606,3,2.3377,0.2844,,0.738,0.057,1.252,ALERT,NOMINAL,NORMAL,0,
1706024700.0,1786288477.5441687,3,2.2296,0.2812,,0.705,0.036,0.301,NOMINAL,NOMINAL,TRIGGERED,1,pro_tel0_p5|pro_tel90_p5
1706025600.0,1786288477.669515,3,2.0591,0.2698,,0.592,0.0453,1.163,NOMINAL,PRE_ALERT,TRIGGERED,2,pro_tel0_p5|pro_tel90_p5
1706026500.0,1786288477.7944741,3,2.1298,0.2711,,0.514,0.0462,1.114,PRE_ALERT,NOMINAL,NORMAL,0,
1706027400.0,1786288477.918533,3,2.0662,0.2638,,0.573,0.0294,0.248,NOMINAL,NOMINAL,NORMAL,0,
1706028300.0,1786288478.043512,3,1.9967,0.2662,,0.611,0.0288,0.247,NOMINAL,NOMINAL,TRIGGERED,1,pro_tel0_p5|pro_tel90_p5
1706029200.0,1786288478.168682,3,2.0042,0.2672,,0.72,0.0303,0.253,NOMINAL,NOMINAL,NORMAL,0,
1706030100.0,1786288478.2936616,3,2.055,0.2659,,0.64,0.0312,0.252,NOMINAL,NOMINAL,NORMAL,0,
1706031000.0,1786288478.419675,3,2.2902,0.2885,,0.785,0.0387,0.617,NOMINAL,NOMINAL,TRIGGERED,1,pro_tel0_p5|pro_tel90_p5
1706031900.0,1786288478.5440502,3,2.2182,0.2791,,0.689,0.0353,0.28,NOMINAL,NOMINAL,NORMAL,0,
1706032800.0,1786288478.6685913,3,2.047,0.271,,0.593,0.0302,0.249,NOMINAL,NOMINAL,NORMAL,0,
1706033700.0,1786288478.7934253,3,2.0168,0.2744,,0.501,0.0284,0.246,NOMINAL,NOMINAL,TRIGGERED,1,pro_tel0_p5|pro_tel90_p5
1706034600.0,1786288478.9196713,3,2.0009,0.2666,,0.55,0.047,1.483,NOMINAL,PRE_ALERT,TRIGGERED,2,pro_tel0_p5|pro_tel90_p5
1706035500.0,1786288479.0445702,3,2.0985,0.2708,,0.618,0.0478,1.144,PRE_ALERT,NOMINAL,NORMAL,0,
1706036400.0,1786288479.1687574,3,2.0623,0.2698,,0.691,0.033,0.258,NOMINAL,NOMINAL,NORMAL,0,
1706037300.0,1786288479.293795,3,2.0984,0.2789,,0.668,0.0335,0.275,NOMINAL,NOMINAL,TRIGGERED,1,pro_tel0_p5|pro_tel90_p5
1706038200.0,1786288479.4185393,3,2.0507,0.2654,,0.576,0.0287,0.246,NOMINAL,NOMINAL,NORMAL,0,
1706039100.0,1786288479.5437546,3,2.0775,0.2688,,0.665,0.0331,0.26,NOMINAL,NOMINAL,NORMAL,0,
1706040000.0,1786288479.6684628,3,2.0022,0.2636,,0.569,0.0276,0.251,NOMINAL,NOMINAL,TRIGGERED,1,pro_tel0_p5|pro_tel90_p5
1706040900.0,1786288479.7945516,3,1.9515,0.2654,,0.513,0.0436,1.443,NOMINAL,PRE_ALERT,TRIGGERED,2,omni_p6|pro_tel0_p5|pro_tel90_p5
1706041800.0,1786288479.9186022,3,2.0887,0.2727,,0.582,0.0297,0.248,PRE_ALERT,PRE_ALERT,TRIGGERED,3,omni_p6
1706042700.0,1786288480.044679,3,2.0905,0.276,,0.656,0.0519,1.208,PRE_ALERT,ALERT,TRIGGERED,4,pro_tel90_p5
1706043600.0,1786288480.16882,3,2.1026,0.277,,0.696,0.0331,0.264,ALERT,ALERT,TRIGGERED,5,pro_tel0_p5|pro_tel90_p5
1706044500.0,1786288480.2947066,3,2.1416,0.2718,,0.66,0.0511,1.158,ALERT,NOMINAL,NORMAL,0,
1706045400.0,1786288480.4188032,3,2.1535,0.272,,0.652,0.0333,0.26,NOMINAL,NOMINAL,NORMAL,0,
1706046300.0,1786288480.5436385,3,2.0175,0.2708,,0.639,0.0307,0.253,NOMINAL,NOMINAL,TRIGGERED,1,pro_tel0_p5|pro_tel90_p5
1706047200.0,1786288480.669537,3,2.0562,0.2723,,0.59,0.0466,1.187,NOMINAL,PRE_ALERT,TRIGGERED,2,omni_p6|pro_tel0_p5|pro_tel90_p5
1706048100.0,1786288480.7937016,3,2.1885,0.2733,,0.525,0.0312,0.248,PRE_ALERT,PRE_ALERT,TRIGGERED,3,omni_p6
1706049000.0,1786288480.9196725,3,2.1451,0.2772,,0.622,0.0502,1.177,PRE_ALERT,ALERT,TRIGGERED,4,pro_tel0_p5|pro_tel90_p5
1706049900.0,1786288481.0447154,3,2.1331,0.2731,,0.657,0.0483,1.166,ALERT,NOMINAL,NORMAL,0,
1706050800.0,1786288481.1690688,3,2.1656,0.2802,,0.781,0.0381,0.284,NOMINAL,NOMINAL,NORMAL,0,
1706051700.0,1786288481.2938416,3,2.1291,0.2753,,0.687,0.0335,0.262,NOMINAL,NOMINAL,NORMAL,0,
1706052600.0,1786288481.418723,3,2.1022,0.2763,,0.64,0.0303,0.257,NOMINAL,NOMINAL,TRIGGERED,1,pro_tel0_p5|pro_tel90_p5
1706053500.0,1786288481.5449119,3,2.0284,0.2771,,0.628,0.0497,1.499,NOMINAL,PRE_ALERT,TRIGGERED,2,omni_p6|pro_tel0_p5|pro_tel90_p5
1706054400.0,1786288481.6706316,3,2.1914,0.2729,1.6023,0.611,0.0307,0.259,PRE_ALERT,PRE_ALERT,TRIGGERED,3,omni_p6|pro_tel90_p5
1706055300.0,1786288481.7946417,3,2.1842,0.2801,,0.549,0.0483,1.162,PRE_ALERT,ALERT,TRIGGERED,4,pro_tel0_p5|pro_tel90_p5
1706056200.0,1786288481.9199355,3,2.2142,0.2763,,0.634,0.0519,1.318,ALERT,NOMINAL,NORMAL,0,
1706057100.0,1786288482.043723,3,2.1127,0.2724,,0.638,0.0354,0.258,NOMINAL,NOMINAL,NORMAL,0,
1706058000.0,1786288482.1687396,3,2.0667,0.2692,,0.674,0.0332,0.262,NOMINAL,NOMINAL,NORMAL,0,
1706058900.0,1786288482.2939844,3,2.0836,0.2729,,0.761,0.0562,0.402,NOMINAL,NOMINAL,TRIGGERED,1,omni_p6|pro_tel90_p5
1706059800.0,1786288482.4203794,3,2.3667,0.2931,,0.73,0.0555,1.258,NOMINAL,PRE_ALERT,TRIGGERED,2,omni_p6|pro_tel0_p5|pro_tel90_p5
1706060700.0,1786288482.5450702,3,2.224,0.281,,0.739,0.0555,1.181,PRE_ALERT,NOMINAL,NORMAL,0,
1706061600.0,1786288482.6688366,3,2.1481,0.2785,,0.658,0.0335,0.263,NOMINAL,NOMINAL,NORMAL,0,
1706062500.0,1786288482.793572,3,2.0826,0.2738,,0.55,0.0302,0.247,NOMINAL,NOMINAL,NORMAL,0,
1706063400.0,1786288482.9185326,3,2.0326,0.2651,,0.607,0.0292,0.236,NOMINAL,NOMINAL,NORMAL,0,
1706064300.0,1786288483.043484,3,1.989,0.2679,,0.599,0.0302,0.243,NOMINAL,NOMINAL,TRIGGERED,1,pro_tel0_p5|pro_tel90_p5
1706065200.0,1786288483.169903,3,1.981,0.2673,,0.681,0.0487,1.542,NOMINAL,PRE_ALERT,TRIGGERED,2,omni_p6|pro_tel0_p5|pro_tel90_p5
1706066100.0,1786288483.2939444,3,2.1787,0.2814,,0.683,0.0627,0.291,PRE_ALERT,PRE_ALERT,TRIGGERED,3,omni_p6|pro_tel0_p5|pro_tel90_p5
1706067000.0,1786288483.4205194,3,2.3512,0.284,,0.888,0.0607,1.263,PRE_ALERT,NOMINAL,NORMAL,0,
1706067900.0,1786288483.5440416,3,2.1887,0.2766,,0.716,0.0345,0.288,NOMINAL,NOMINAL,NORMAL,0,
1706068800.0,1786288483.6688387,3,2.1197,0.2712,,0.711,0.0343,0.262,NOMINAL,NOMINAL,NORMAL,0,
1706069700.0,1786288483.793538,3,2.0931,0.2697,,0.526,0.0286,0.245,NOMINAL,NOMINAL,NORMAL,0,
1706070600.0,1786288483.9184659,3,2.0212,0.2618,,0.567,0.0267,0.234,NOMINAL,NOMINAL,NORMAL,0,
1706071500.0,1786288484.0434575,3,1.9964,0.2625,,0.608,0.0296,0.238,NOMINAL,NOMINAL,NORMAL,0,
1706072400.0,1786288484.1686487,3,2.0002,0.2642,,0.688,0.0309,0.253,NOMINAL,NOMINAL,NORMAL,0,
1706073300.0,1786288484.2937143,3,2.0117,0.2628,,0.777,0.0305,0.246,NOMINAL,NOMINAL,NORMAL,0,
1706074200.0,1786288484.418839,3,2.1323,0.2714,,0.712,0.0324,0.261,NOMINAL,NOMINAL,NORMAL,0,
1706075100.0,1786288484.5436556,3,2.0472,0.2682,,0.629,0.0317,0.253,NOMINAL,NOMINAL,NORMAL,0,
1706076000.0,1786288484.6687725,3,2.0956,0.2635,,0.696,0.034,0.273,NOMINAL,NOMINAL,NORMAL,0,
1706076900.0,1786288484.7936559,3,2.1331,0.2665,,0.582,0.0355,0.272,NOMINAL,NOMINAL,NORMAL,0,
1706077800.0,1786288484.9186382,3,2.1027,0.2704,,0.613,0.034,0.255,NOMINAL,NOMINAL,NORMAL,0,
1706078700.0,1786288485.043555,3,2.0347,0.2619,,0.59,0.0298,0.27,NOMINAL,NOMINAL,NORMAL,0,
1706079600.0,1786288485.1685631,3,2.016,0.2631,,0.63,0.0316,0.283,NOMINAL,NOMINAL,NORMAL,0,
1706080500.0,1786288485.293663,3,2.053,0.2683,,0.716,0.0316,0.254,NOMINAL,NOMINAL,NORMAL,0,
1706081400.0,1786288485.4189143,3,2.1965,0.2735,,0.717,0.0343,0.27,NOMINAL,NOMINAL,TRIGGERED,1,omni_p6
1706082300.0,1786288485.5446827,3,2.0746,0.2712,,0.656,0.0526,1.225,NOMINAL,PRE_ALERT,TRIGGERED,2,pro_tel90_p5
1706083200.0,1786288485.6697054,3,2.1362,0.2706,,0.71,0.0515,1.16,PRE_ALERT,NOMINAL,NORMAL,0,
1706084100.0,1786288485.7938035,3,2.1995,0.2792,,0.592,0.0359,0.279,NOMINAL,NOMINAL,NORMAL,0,
1706085000.0,1786288485.9186077,3,2.0978,0.2648,,0.604,0.0321,0.253,NOMINAL,NOMINAL,NORMAL,0,
1706085900.0,1786288486.0435083,3,2.0183,0.2664,,0.593,0.0306,0.245,NOMINAL,NOMINAL,TRIGGERED,1,pro_tel0_p5
1706086800.0,1786288486.1685975,3,2.0376,0.2668,,0.649,0.0337,0.254,NOMINAL,NOMINAL,NORMAL,0,
1706087700.0,1786288486.2937162,3,2.0571,0.268,,0.764,0.0335,0.253,NOMINAL,NOMINAL,TRIGGERED,1,omni_p6|pro_tel0_p5|pro_tel90_p5
1706088600.0,1786288486.4196446,3,2.1148,0.2733,,0.644,0.0506,1.188,NOMINAL,PRE_ALERT,TRIGGERED,2,pro_tel90_p5
1706089500.0,1786288486.5448737,3,2.1842,0.2719,,0.717,0.053,1.175,PRE_ALERT,NOMINAL,NORMAL,0,
1706090400.0,1786288486.6686873,3,2.1161,0.269,,0.618,0.032,0.255,NOMINAL,NOMINAL,NORMAL,0,
1706091300.0,1786288486.7942455,3,2.2233,0.2806,,0.629,0.0369,0.631,NOMINAL,NOMINAL,NORMAL,0,
1706092200.0,1786288486.9187229,3,2.173,0.2671,,0.602,0.034,0.268,NOMINAL,NOMINAL,NORMAL,0,
1706093100.0,1786288487.0436058,3,2.0761,0.2686,,0.574,0.0308,0.295,NOMINAL,NOMINAL,TRIGGERED,1,omni_p6
1706094000.0,1786288487.1695738,3,2.0841,0.2701,,0.642,0.0488,1.178,NOMINAL,PRE_ALERT,TRIGGERED,2,omni_p6|pro_tel0_p5|pro_tel90_p5
1706094900.0,1786288487.2947805,3,2.1673,0.2754,,0.681,0.0502,1.183,PRE_ALERT,NOMINAL,NORMAL,0,
1706095800.0,1786288487.4196186,3,2.3549,0.2829,,0.926,0.0401,0.311,NOMINAL,NOMINAL,NORMAL,0,
1706096700.0,1786288487.5439782,3,2.1703,0.2749,,0.727,0.0358,0.277,NOMINAL,NOMINAL,NORMAL,0,
1706097600.0,1786288487.6683125,3,1.9151,0.2553,,0.555,0.0321,0.271,NOMINAL,NOMINAL,NORMAL,0,
1706098500.0,1786288487.7939372,3,2.2372,0.2738,,0.646,0.0363,0.26,NOMINAL,NOMINAL,NORMAL,0,
1706099400.0,1786288487.918618,3,2.1348,0.2717,,0.572,0.0321,0.248,NOMINAL,NOMINAL,TRIGGERED,1,omni_p6|pro_tel0_p5|pro_tel90_p5
1706100300.0,1786288488.0445297,3,2.063,0.2653,,0.593,0.0484,1.194,NOMINAL,PRE_ALERT,TRIGGERED,2,omni_p6|pro_tel0_p5|pro_tel90_p5
1706101200.0,1786288488.169872,3,2.18,0.2725,,0.763,0.0524,1.131,PRE_ALERT,NOMINAL,NORMAL,0,
1706102100.0,1786288488.293793,3,2.1318,0.2662,,0.673,0.0334,0.268,NOMINAL,NOMINAL,NORMAL,0,
1706103000.0,1786288488.4195633,3,2.3598,0.2842,,0.905,0.0385,0.303,NOMINAL,NOMINAL,NORMAL,0,
1706103900.0,1786288488.5437493,3,2.0439,0.271,,0.694,0.0376,0.283,NOMINAL,NOMINAL,NORMAL,0,
1706104800.0,1786288488.6685615,3,2.0326,0.2668,,0.607,0.0331,0.266,NOMINAL,NOMINAL,NORMAL,0,
1706105700.0,1786288488.7937772,3,2.1451,0.2694,,0.635,0.0333,0.266,NOMINAL,NOMINAL,TRIGGERED,1,omni_p6|pro_tel0_p5|pro_tel90_p5
1706106600.0,1786288488.91946,3,2.0829,0.2778,,0.57,0.0499,1.148,NOMINAL,PRE_ALERT,TRIGGERED,2,omni_p6|pro_tel0_p5|pro_tel90_p5
1706107500.0,1786288489.044645,3,2.1118,0.2761,,0.64,0.052,1.182,PRE_ALERT,NOMINAL,NORMAL,0,
1706108400.0,1786288489.1686456,3,2.0538,0.2681,,0.661,0.0308,0.244,NOMINAL,NOMINAL,NORMAL,0,
1706109300.0,1786288489.2936873,3,2.0767,0.2668,,0.662,0.0309,0.251,NOMINAL,NOMINAL,NORMAL,0,
1706110200.0,1786288489.4186788,3,2.0921,0.2648,,0.664,0.0312,0.247,NOMINAL,NOMINAL,NORMAL,0,
1706111100.0,1786288489.543606,3,2.0484,0.2647,,0.641,0.0306,0.244,NOMINAL,NOMINAL,NORMAL,0,
1706112000.0,1786288489.668452,3,1.9863,0.2653,,0.595,0.03,0.242,NOMINAL,NOMINAL,TRIGGERED,1,omni_p6
1706112900.0,1786288489.7937794,3,2.1764,0.282,,0.594,0.0352,0.267,NOMINAL,NOMINAL,NORMAL,0,
1706113800.0,1786288489.9185545,3,2.0929,0.267,,0.562,0.0343,0.263,NOMINAL,NOMINAL,NORMAL,0,
1706114700.0,1786288490.043535,3,2.0558,0.271,,0.566,0.0341,0.261,NOMINAL,NOMINAL,NORMAL,0,
1706115600.0,1786288490.1687155,3,2.073,0.2701,,0.675,0.036,0.264,NOMINAL,NOMINAL,NORMAL,0,
1706116500.0,1786288490.2937143,3,2.097,0.2683,,0.658,0.0323,0.257,NOMINAL,NOMINAL,NORMAL,0,
1706117400.0,1786288490.418991,3,2.1993,0.2741,,0.751,0.0351,0.279,NOMINAL,NOMINAL,NORMAL,0,
1706118300.0,1786288490.5437417,3,2.0683,0.2695,,0.672,0.033,0.289,NOMINAL,NOMINAL,NORMAL,0,
1706119200.0,1786288490.6685138,3,1.9824,0.26,,0.625,0.031,0.277,NOMINAL,NOMINAL,NORMAL,0,
1706120100.0,1786288490.7936234,3,2.0976,0.2693,,0.581,0.0336,0.259,NOMINAL,NOMINAL,NORMAL,0,
1706121000.0,1786288490.9187553,3,2.1584,0.2695,,0.628,0.0358,0.265,NOMINAL,NOMINAL,NORMAL,0,
1706121900.0,1786288491.043471,3,2.0378,0.26,,0.566,0.0307,0.253,NOMINAL,NOMINAL,NORMAL,0,
1706122800.0,1786288491.1685195,3,1.9886,0.2647,,0.627,0.0319,0.246,NOMINAL,NOMINAL,NORMAL,0,
1706123700.0,1786288491.2937577,3,2.0904,0.2707,,0.671,0.0337,0.261,NOMINAL,NOMINAL,NORMAL,0,
1706124600.0,1786288491.4186275,3,2.0629,0.2682,,0.633,0.0335,0.258,NOMINAL,NOMINAL,NORMAL,0,
1706125500.0,1786288491.5436091,3,2.0376,0.2651,,0.62,0.032,0.257,NOMINAL,NOMINAL,NORMAL,0,
1706126400.0,1786288491.6684678,3,2.0026,0.2645,,0.588,0.03,0.244,NOMINAL,NOMINAL,TRIGGERED,1,omni_p6
1706127300.0,1786288491.793394,3,1.9742,0.2632,,0.544,0.031,0.243,NOMINAL,NOMINAL,NORMAL,0,
1706128200.0,1786288491.9188313,3,2.1514,0.271,,0.681,0.0332,0.271,NOMINAL,NOMINAL,NORMAL,0,
1706129100.0,1786288492.0435886,3,2.0571,0.2664,,0.601,0.0335,0.261,NOMINAL,NOMINAL,NORMAL,0,
1706130000.0,1786288492.1685536,3,2.0107,0.2679,,0.639,0.0329,0.254,NOMINAL,NOMINAL,NORMAL,0,
1706130900.0,1786288492.293639,3,2.0547,0.2673,,0.637,0.032,0.263,NOMINAL,NOMINAL,NORMAL,0,
1706131800.0,1786288492.4196272,3,2.3654,0.2862,,0.917,0.0412,0.309,NOMINAL,NOMINAL,NORMAL,0,
1706132700.0,1786288492.5440922,3,2.1864,0.2841,,0.766,0.0369,0.285,NOMINAL,NOMINAL,TRIGGERED,1,omni_p6|pro_tel0_p5|pro_tel90_p5
1706133600.0,1786288492.668737,3,2.1069,0.2718,,0.656,0.0338,0.264,NOMINAL,NOMINAL,NORMAL,0,
1706134500.0,1786288492.7936175,3,2.0882,0.278,,0.598,0.032,0.269,NOMINAL,NOMINAL,NORMAL,0,
1706135400.0,1786288492.9188106,3,2.1642,0.2759,,0.645,0.0323,0.266,NOMINAL,NOMINAL,NORMAL,0,
1706136300.0,1786288493.0435343,3,2.0431,0.2706,,0.569,0.0325,0.253,NOMINAL,NOMINAL,NORMAL,0,
1706137200.0,1786288493.1685398,3,2.0218,0.2701,,0.606,0.0324,0.246,NOMINAL,NOMINAL,NORMAL,0,
1706138100.0,1786288493.2937355,3,2.0759,0.2744,,0.676,0.0324,0.264,NOMINAL,NOMINAL,TRIGGERED,1,omni_p6
1706139000.0,1786288493.4209204,3,2.3485,0.2898,,0.892,0.446,1.676,NOMINAL,PRE_ALERT,TRIGGERED,2,omni_p6|pro_tel0_p5|pro_tel90_p5
1706139900.0,1786288493.5448685,3,2.1995,0.2827,,0.699,0.0536,1.124,PRE_ALERT,NOMINAL,NORMAL,0,
1706140800.0,1786288493.6709445,3,2.1693,0.2661,1.6071,0.644,0.0368,0.588,NOMINAL,NOMINAL,NORMAL,0,
1706141700.0,1786288493.7936513,3,2.1623,0.2698,,0.545,0.0329,0.264,NOMINAL,NOMINAL,NORMAL,0,
1706142600.0,1786288493.919358,3,2.6704,0.2762,,0.652,0.0364,0.318,NOMINAL,NOMINAL,NORMAL,0,
1706143500.0,1786288494.0436144,3,2.0739,0.2687,,0.602,0.033,0.257,NOMINAL,NOMINAL,NORMAL,0,
1706144400.0,1786288494.1686103,3,2.0301,0.2741,,0.64,0.0329,0.252,NOMINAL,NOMINAL,TRIGGERED,1,omni_p6|pro_tel0_p5|pro_tel90_p5
1706145300.0,1786288494.2946124,3,2.0892,0.2716,,0.644,0.0513,1.16,NOMINAL,PRE_ALERT,TRIGGERED,2,omni_p6|pro_tel0_p5|pro_tel90_p5
1706146200.0,1786288494.4197178,3,2.1608,0.2745,,0.699,0.0515,1.103,PRE_ALERT,NOMINAL,NORMAL,0,
1706147100.0,1786288494.5437162,3,2.1051,0.2705,,0.639,0.0341,0.25,NOMINAL,NOMINAL,NORMAL,0,
1706148000.0,1786288494.668518,3,2.0206,0.2637,,0.613,0.0312,0.239,NOMINAL,NOMINAL,NORMAL,0,
1706148900.0,1786288494.793481,3,2.0425,0.268,,0.563,0.0327,0.244,NOMINAL,NOMINAL,NORMAL,0,
1706149800.0,1786288494.918737,3,2.1203,0.2645,,0.662,0.034,0.262,NOMINAL,NOMINAL,NORMAL,0,
1706150700.0,1786288495.0435586,3,2.0384,0.267,,0.601,0.0316,0.249,NOMINAL,NOMINAL,TRIGGERED,1,omni_p6|pro_tel0_p5|pro_tel90_p5
1706151600.0,1786288495.1693926,3,1.9817,0.2639,,0.635,0.049,1.135,NOMINAL,PRE_ALERT,TRIGGERED,2,omni_p6|pro_tel90_p5
1706152500.0,1786288495.2948165,3,2.1856,0.2708,,0.71,0.0514,1.133,PRE_ALERT,NOMINAL,NORMAL,0,
1706153400.0,1786288495.4189553,3,2.1933,0.2717,,0.726,0.0348,0.263,NOMINAL,NOMINAL,NORMAL,0,
1706154300.0,1786288495.5437248,3,2.0666,0.2697,,0.667,0.034,0.26,NOMINAL,NOMINAL,NORMAL,0,
1706155200.0,1786288495.6685915,3,2.0443,0.264,,0.638,0.0318,0.252,NOMINAL,NOMINAL,NORMAL,0,
1706156100.0,1786288495.7934864,3,2.0761,0.2667,,0.526,0.0328,0.25,NOMINAL,NOMINAL,NORMAL,0,
1706157000.0,1786288495.918664,3,2.0683,0.2669,,0.695,0.033,0.266,NOMINAL,NOMINAL,TRIGGERED,1,omni_p6
1706157900.0,1786288496.043645,3,2.0613,0.2655,,0.633,0.0338,0.261,NOMINAL,NOMINAL,NORMAL,0,
1706158800.0,1786288496.1686327,3,2.0439,0.2654,,0.651,0.0307,0.258,NOMINAL,NOMINAL,NORMAL,0,
1706159700.0,1786288496.2937198,3,2.0514,0.2638,,0.679,0.0327,0.267,NOMINAL,NOMINAL,NORMAL,0,
1706160600.0,1786288496.4187112,3,2.0898,0.2649,,0.653,0.032,0.255,NOMINAL,NOMINAL,NORMAL,0,
1706161500.0,1786288496.54367,3,2.0439,0.2624,,0.646,0.0307,0.257,NOMINAL,NOMINAL,NORMAL,0,
1706162400.0,1786288496.668613,3,2.0409,0.2646,,0.651,0.0305,0.253,NOMINAL,NOMINAL,NORMAL,0,
1706163300.0,1786288496.7934937,3,2.0478,0.2654,,0.565,0.03,0.248,NOMINAL,NOMINAL,NORMAL,0,
1706164200.0,1786288496.918536,3,2.0582,0.262,,0.581,0.0432,0.263,NOMINAL,NOMINAL,NORMAL,0,
1706165100.0,1786288497.0436757,3,2.0774,0.2656,,0.651,0.0335,0.258,NOMINAL,NOMINAL,NORMAL,0,
1706166000.0,1786288497.1685343,3,1.9882,0.2611,,0.638,0.0328,0.251,NOMINAL,NOMINAL,NORMAL,0,
1706166900.0,1786288497.2936406,3,2.0384,0.2662,,0.636,0.0322,0.258,NOMINAL,NOMINAL,TRIGGERED,1,pro_tel90_p5
1706167800.0,1786288497.4196038,3,2.3572,0.2866,,0.908,0.0387,0.308,NOMINAL,NOMINAL,NORMAL,0,
1706168700.0,1786288497.5440505,3,2.1991,0.2747,,0.726,0.0381,0.289,NOMINAL,NOMINAL,NORMAL,0,
1706169600.0,1786288497.6687665,3,2.1155,0.2711,,0.66,0.0349,0.271,NOMINAL,NOMINAL,NORMAL,0,
1706170500.0,1786288497.7935536,3,2.0914,0.2688,,0.557,0.0321,0.26,NOMINAL,NOMINAL,NORMAL,0,
1706171400.0,1786288497.9184606,3,2.0339,0.264,,0.557,0.031,0.242,NOMINAL,NOMINAL,NORMAL,0,
1706172300.0,1786288498.0437438,3,2.0981,0.2732,,0.648,0.0341,0.271,NOMINAL,NOMINAL,NORMAL,0,
1706173200.0,1786288498.1686354,3,2.0413,0.2719,,0.641,0.0314,0.255,NOMINAL,NOMINAL,TRIGGERED,1,omni_p6|pro_tel0_p5|pro_tel90_p5
1706174100.0,1786288498.293736,3,2.0973,0.2659,,0.648,0.0342,0.26,NOMINAL,NOMINAL,NORMAL,0,
1706175000.0,1786288498.4194713,3,2.2984,0.2825,,0.896,0.0384,0.303,NOMINAL,NOMINAL,NORMAL,0,
1706175900.0,1786288498.5440295,3,2.1816,0.2776,,0.732,0.0369,0.309,NOMINAL,NOMINAL,NORMAL,0,
1706176800.0,1786288498.668664,3,2.0683,0.2726,,0.648,0.032,0.255,NOMINAL,NOMINAL,NORMAL,0,
1706177700.0,1786288498.7935889,3,2.0995,0.2752,,0.574,0.0315,0.253,NOMINAL,NOMINAL,NORMAL,0,
1706178600.0,1786288498.9185417,3,2.0518,0.2733,,0.577,0.0304,0.254,NOMINAL,NOMINAL,TRIGGERED,1,omni_p6|pro_tel0_p5|pro_tel90_p5
1706179500.0,1786288499.044636,3,2.0835,0.2741,,0.654,0.0514,1.2,NOMINAL,PRE_ALERT,TRIGGERED,2,omni_p6|pro_tel0_p5|pro_tel90_p5
1706180400.0,1786288499.1696558,3,2.1313,0.2722,,0.672,0.0521,1.119,PRE_ALERT,NOMINAL,NORMAL,0,
1706181300.0,1786288499.2938354,3,2.1441,0.2691,,0.673,0.0334,0.265,NOMINAL,NOMINAL,NORMAL,0,
1706182200.0,1786288499.4187646,3,2.1171,0.274,,0.637,0.032,0.283,NOMINAL,NOMINAL,NORMAL,0,
1706183100.0,1786288499.5436392,3,2.0632,0.2645,,0.62,0.0322,0.247,NOMINAL,NOMINAL,NORMAL,0,
1706184000.0,1786288499.6686914,3,2.0662,0.2663,,0.664,0.0335,0.262,NOMINAL,NOMINAL,NORMAL,0,
1706184900.0,1786288499.7935734,3,2.0986,0.2798,,0.561,0.0314,0.256,NOMINAL,NOMINAL,TRIGGERED,1,omni_p6|pro_tel0_p5|pro_tel90_p5
1706185800.0,1786288499.9193769,3,2.0362,0.2674,,0.582,0.0473,1.131,NOMINAL,PRE_ALERT,TRIGGERED,2,omni_p6|pro_tel0_p5|pro_tel90_p5
1706186700.0,1786288500.0452082,3,2.2364,0.2812,,0.832,0.0804,1.206,PRE_ALERT,NOMINAL,NORMAL,0,
1706187600.0,1786288500.1688948,3,2.1569,0.2743,,0.697,0.0339,0.267,NOMINAL,NOMINAL,NORMAL,0,
1706188500.0,1786288500.293765,3,2.1164,0.2682,,0.651,0.0323,0.262,NOMINAL,NOMINAL,NORMAL,0,
1706189400.0,1786288500.4188414,3,2.148,0.2701,,0.7,0.0342,0.266,NOMINAL,NOMINAL,NORMAL,0,
1706190300.0,1786288500.5436761,3,2.0471,0.2669,,0.658,0.0311,0.257,NOMINAL,NOMINAL,NORMAL,0,
1706191200.0,1786288500.6685872,3,2.0029,0.2687,,0.657,0.0307,0.251,NOMINAL,NOMINAL,TRIGGERED,1,omni_p6|pro_tel0_p5|pro_tel90_p5
1706192100.0,1786288500.7934449,3,1.9885,0.2677,,0.574,0.0306,0.245,NOMINAL,NOMINAL,NORMAL,0,
1706193000.0,1786288500.91841,3,1.9954,0.2576,,0.586,0.0309,0.24,NOMINAL,NOMINAL,NORMAL,0,
1706193900.0,1786288501.0436606,3,2.0603,0.2721,,0.645,0.0341,0.258,NOMINAL,NOMINAL,NORMAL,0,
1706194800.0,1786288501.1686206,3,2.0081,0.2665,,0.685,0.0319,0.256,NOMINAL,NOMINAL,NORMAL,0,
1706195700.0,1786288501.2936795,3,2.0777,0.2676,,0.645,0.0296,0.248,NOMINAL,NOMINAL,NORMAL,0,
1706196600.0,1786288501.41862,3,2.0605,0.269,,0.633,0.0279,0.251,NOMINAL,NOMINAL,TRIGGERED,1,omni_p6
1706197500.0,1786288501.5445845,3,2.0269,0.2708,,0.646,0.0483,1.192,NOMINAL,PRE_ALERT,TRIGGERED,2,omni_p6|pro_tel90_p5
1706198400.0,1786288501.6696856,3,2.1292,0.2702,,0.688,0.0512,1.126,PRE_ALERT,NOMINAL,NORMAL,0,
1706199300.0,1786288501.79363,3,2.1332,0.2723,,0.562,0.0329,0.259,NOMINAL,NOMINAL,NORMAL,0,
1706200200.0,1786288501.9185176,3,2.0527,0.2671,,0.577,0.03,0.236,NOMINAL,NOMINAL,NORMAL,0,
1706201100.0,1786288502.0434248,3,2.0084,0.2631,,0.576,0.0307,0.232,NOMINAL,NOMINAL,NORMAL,0,
1706202000.0,1786288502.1689465,3,2.1593,0.2763,,0.739,0.0371,0.267,NOMINAL,NOMINAL,NORMAL,0,
1706202900.0,1786288502.2937508,3,2.1039,0.2681,,0.665,0.0329,0.252,NOMINAL,NOMINAL,NORMAL,0,
1706203800.0,1786288502.4195929,3,2.3543,0.2849,,0.906,0.0383,0.312,NOMINAL,NOMINAL,NORMAL,0,
1706204700.0,1786288502.544047,3,2.2156,0.2793,,0.699,0.0357,0.298,NOMINAL,NOMINAL,NORMAL,0,
1706205600.0,1786288502.6688795,3,2.1419,0.2721,,0.674,0.0346,0.316,NOMINAL,NOMINAL,NORMAL,0,
1706206500.0,1786288502.7936509,3,2.1584,0.2688,,0.574,0.0327,0.252,NOMINAL,NOMINAL,NORMAL,0,
1706207400.0,1786288502.9185178,3,2.0462,0.2632,,0.593,0.0306,0.242,NOMINAL,NOMINAL,NORMAL,0,
1706208300.0,1786288503.043425,3,2.001,0.2602,,0.587,0.0287,0.232,NOMINAL,NOMINAL,NORMAL,0,
1706209200.0,1786288503.1687465,3,2.0648,0.2686,,0.69,0.0325,0.253,NOMINAL,NOMINAL,NORMAL,0,
1706210100.0,1786288503.293731,3,2.1032,0.265,,0.673,0.0318,0.257,NOMINAL,NOMINAL,NORMAL,0,
1706211000.0,1786288503.4195247,3,2.3205,0.2823,,0.918,0.0382,0.304,NOMINAL,NOMINAL,NORMAL,0,
1706211900.0,1786288503.544052,3,2.2083,0.2793,,0.715,0.0359,0.268,NOMINAL,NOMINAL,NORMAL,0,
1706212800.0,1786288503.6688251,3,2.1166,0.2756,,0.692,0.0333,0.258,NOMINAL,NOMINAL,NORMAL,0,
1706213700.0,1786288503.793505,3,2.0441,0.2648,,0.575,0.0321,0.253,NOMINAL,NOMINAL,NORMAL,0,
1706214600.0,1786288503.9184659,3,1.9972,0.2592,,0.624,0.0294,0.235,NOMINAL,NOMINAL,NORMAL,0,
1706215500.0,1786288504.0442095,3,2.2217,0.2765,,0.798,0.0387,0.307,NOMINAL,NOMINAL,NORMAL,0,
1706216400.0,1786288504.1689198,3,2.1302,0.2683,,0.754,0.0355,0.27,NOMINAL,NOMINAL,NORMAL,0,
1706217300.0,1786288504.2938366,3,2.1052,0.2701,,0.743,0.0325,0.26,NOMINAL,NOMINAL,TRIGGERED,1,omni_p6
1706218200.0,1786288504.4195008,3,2.0375,0.2712,,0.643,0.0487,1.144,NOMINAL,PRE_ALERT,TRIGGERED,2,omni_p6|pro_tel0_p5
1706219100.0,1786288504.5447738,3,2.1557,0.2726,,0.685,0.0474,1.143,PRE_ALERT,NOMINAL,NORMAL,0,
1706220000.0,1786288504.6687012,3,2.0698,0.2672,,0.67,0.0319,0.25,NOMINAL,NOMINAL,NORMAL,0,
1706220900.0,1786288504.7934487,3,2.015,0.2651,,0.545,0.032,0.253,NOMINAL,NOMINAL,NORMAL,0,
1706221800.0,1786288504.918467,3,2.0182,0.2623,,0.596,0.0287,0.233,NOMINAL,NOMINAL,NORMAL,0,
1706222700.0,1786288505.0434284,3,2.0043,0.2606,,0.588,0.0281,0.226,NOMINAL,NOMINAL,NORMAL,0,
1706223600.0,1786288505.1688519,3,2.0987,0.2785,,0.731,0.0324,0.263,NOMINAL,NOMINAL,TRIGGERED,1,omni_p6|pro_tel0_p5|pro_tel90_p5
1706224500.0,1786288505.2946677,3,2.1003,0.2711,,0.668,0.0506,1.17,NOMINAL,PRE_ALERT,TRIGGERED,2,omni_p6|pro_tel0_p5|pro_tel90_p5
1706225400.0,1786288505.420042,3,2.2552,0.2836,,0.791,0.054,1.144,PRE_ALERT,NOMINAL,NORMAL,0,
1706226300.0,1786288505.5440645,3,2.1976,0.2768,,0.731,0.0369,0.278,NOMINAL,NOMINAL,NORMAL,0,
1706227200.0,1786288505.670661,3,2.1259,0.2666,1.6167,0.69,0.036,0.286,NOMINAL,NOMINAL,NORMAL,0,
1706228100.0,1786288505.7936738,3,2.1606,0.2686,,0.574,0.0349,0.253,NOMINAL,NOMINAL,NORMAL,0,
1706229000.0,1786288505.9185877,3,2.0988,0.2628,,0.582,0.031,0.257,NOMINAL,NOMINAL,NORMAL,0,
1706229900.0,1786288506.0434363,3,2.0296,0.268,,0.573,0.0287,0.227,NOMINAL,NOMINAL,TRIGGERED,1,omni_p6|pro_tel0_p5|pro_tel90_p5
1706230800.0,1786288506.169703,3,2.0764,0.275,,0.731,0.0496,1.147,NOMINAL,PRE_ALERT,TRIGGERED,2,omni_p6|pro_tel90_p5
1706231700.0,1786288506.294722,3,2.1622,0.2751,,0.697,0.0509,1.096,PRE_ALERT,NOMINAL,NORMAL,0,
1706232600.0,1786288506.4187927,3,2.141,0.2684,,0.662,0.034,0.264,NOMINAL,NOMINAL,NORMAL,0,
1706233500.0,1786288506.5437758,3,2.0633,0.2686,,0.656,0.0324,0.285,NOMINAL,NOMINAL,NORMAL,0,
1706234400.0,1786288506.6686795,3,2.0197,0.263,,0.678,0.0311,0.272,NOMINAL,NOMINAL,NORMAL,0,
1706235300.0,1786288506.7935135,3,2.0524,0.2712,,0.582,0.0293,0.249,NOMINAL,NOMINAL,TRIGGERED,1,omni_p6|pro_tel0_p5|pro_tel90_p5
1706236200.0,1786288506.9193377,3,2.0032,0.2657,,0.595,0.0447,1.105,NOMINAL,PRE_ALERT,TRIGGERED,2,omni_p6|pro_tel0_p5|pro_tel90_p5
1706237100.0,1786288507.0444617,3,2.0618,0.2658,,0.619,0.048,1.104,PRE_ALERT,NOMINAL,NORMAL,0,
1706238000.0,1786288507.1689403,3,2.1648,0.2708,,0.718,0.0332,0.259,NOMINAL,NOMINAL,NORMAL,0,
1706238900.0,1786288507.2940254,3,2.2051,0.2751,,0.734,0.0367,0.269,NOMINAL,NOMINAL,NORMAL,0,
1706239800.0,1786288507.4196813,3,2.3345,0.288,,0.963,0.0406,0.35,NOMINAL,NOMINAL,NORMAL,0,
1706240700.0,1786288507.5441527,3,2.2076,0.282,,0.759,0.0363,0.316,NOMINAL,NOMINAL,NORMAL,0,
1706241600.0,1786288507.6688156,3,2.0845,0.2687,,0.705,0.0343,0.287,NOMINAL,NOMINAL,NORMAL,0,
1706242500.0,1786288507.7935233,3,2.0762,0.2686,,0.531,0.0308,0.286,NOMINAL,NOMINAL,TRIGGERED,1,omni_p6
1706243400.0,1786288507.9185486,3,2.0525,0.2656,,0.597,0.0316,0.248,NOMINAL,NOMINAL,NORMAL,0,
1706244300.0,1786288508.043392,3,1.9876,0.2597,,0.571,0.0301,0.233,NOMINAL,NOMINAL,NORMAL,0,
1706245200.0,1786288508.1685252,3,1.9874,0.2632,,0.621,0.0312,0.245,NOMINAL,NOMINAL,NORMAL,0,
1706246100.0,1786288508.2939053,3,2.1503,0.2758,,0.705,0.0339,0.258,NOMINAL,NOMINAL,NORMAL,0,
1706247000.0,1786288508.4196043,3,2.4237,0.2844,,0.921,0.0402,0.301,NOMINAL,NOMINAL,NORMAL,0,
1706247900.0,1786288508.5440538,3,2.1935,0.2764,,0.736,0.0348,0.278,NOMINAL,NOMINAL,NORMAL,0,
1706248800.0,1786288508.668898,3,2.1307,0.2784,,0.716,0.0331,0.265,NOMINAL,NOMINAL,NORMAL,0,
1706249700.0,1786288508.7936308,3,2.0847,0.2676,,0.591,0.0326,0.302,NOMINAL,NOMINAL,NORMAL,0,
1706250600.0,1786288508.9185278,3,2.0265,0.2616,,0.602,0.0302,0.265,NOMINAL,NOMINAL,NORMAL,0,
1706251500.0,1786288509.0433798,3,1.9772,0.2625,,0.574,0.0292,0.231,NOMINAL,NOMINAL,NORMAL,0,
1706252400.0,1786288509.1684856,3,1.9414,0.2623,,0.639,0.0309,0.248,NOMINAL,NOMINAL,NORMAL,0,
1706253300.0,1786288509.2940385,3,2.1884,0.2724,,0.751,0.0339,0.297,NOMINAL,NOMINAL,NORMAL,0,
1706254200.0,1786288509.4187257,3,2.1202,0.2676,,0.654,0.0348,0.256,NOMINAL,NOMINAL,NORMAL,0,
1706255100.0,1786288509.5437407,3,2.0385,0.2699,,0.686,0.0332,0.258,NOMINAL,NOMINAL,NORMAL,0,
1706256000.0,1786288509.668673,3,2.0322,0.2658,,0.675,0.0328,0.266,NOMINAL,NOMINAL,NORMAL,0,
1706256900.0,1786288509.7934685,3,1.9926,0.2608,,0.586,0.0296,0.25,NOMINAL,NOMINAL,NORMAL,0,
1706257800.0,1786288509.9184756,3,1.9953,0.2675,,0.589,0.0288,0.267,NOMINAL,NOMINAL,TRIGGERED,1,omni_p6|pro_tel0_p5|pro_tel90_p5
1706258700.0,1786288510.0443063,3,1.9791,0.2625,,0.586,0.0469,1.154,NOMINAL,PRE_ALERT,TRIGGERED,2,pro_tel90_p5
1706259600.0,1786288510.1703422,3,2.281,0.3156,,0.868,0.0573,1.171,PRE_ALERT,NOMINAL,NORMAL,0,
1706260500.0,1786288510.2941625,3,2.269,0.2837,,0.759,0.0389,0.291,NOMINAL,NOMINAL,NORMAL,0,
1706261400.0,1786288510.4190073,3,2.2062,0.2732,,0.745,0.034,0.276,NOMINAL,NOMINAL,NORMAL,0,
1706262300.0,1786288510.5438673,3,2.1088,0.2744,,0.705,0.034,0.268,NOMINAL,NOMINAL,NORMAL,0,
1706263200.0,1786288510.6686423,3,2.0234,0.2641,,0.678,0.0336,0.259,NOMINAL,NOMINAL,NORMAL,0,
1706264100.0,1786288510.793431,3,1.9971,0.2726,,0.546,0.0306,0.259,NOMINAL,NOMINAL,TRIGGERED,1,omni_p6|pro_tel0_p5|pro_tel90_p5
1706265000.0,1786288510.9184623,3,2.0122,0.2639,,0.592,0.03,0.239,NOMINAL,NOMINAL,NORMAL,0,
1706265900.0,1786288511.043372,3,1.9698,0.2567,,0.586,0.0282,0.233,NOMINAL,NOMINAL,NORMAL,0,
1706266800.0,1786288511.1686049,3,1.992,0.2677,,0.665,0.0307,0.249,NOMINAL,NOMINAL,NORMAL,0,
1706267700.0,1786288511.2938612,3,2.1448,0.2682,,0.713,0.0349,0.275,NOMINAL,NOMINAL,NORMAL,0,
1706268600.0,1786288511.418808,3,2.1344,0.2684,,0.675,0.0339,0.274,NOMINAL,NOMINAL,NORMAL,0,
1706269500.0,1786288511.54381,3,2.087,0.2744,,0.683,0.0336,0.274,NOMINAL,NOMINAL,TRIGGERED,1,omni_p6|pro_tel0_p5|pro_tel90_p5
1706270400.0,1786288511.669646,3,2.072,0.2748,,0.69,0.0522,1.146,NOMINAL,PRE_ALERT,TRIGGERED,2,omni_p6|pro_tel0_p5|pro_tel90_p5
1706271300.0,1786288511.7945018,3,2.1414,0.2772,,0.582,0.0487,1.098,PRE_ALERT,NOMINAL,NORMAL,0,
1706272200.0,1786288511.9185693,3,2.0714,0.267,,0.603,0.0301,0.24,NOMINAL,NOMINAL,NORMAL,0,
1706273100.0,1786288512.0434058,3,1.9923,0.2597,,0.563,0.0281,0.235,NOMINAL,NOMINAL,NORMAL,0,
1706274000.0,1786288512.1685035,3,1.967,0.258,,0.651,0.0304,0.241,NOMINAL,NOMINAL,NORMAL,0,
1706274900.0,1786288512.2935305,3,2.0091,0.26,,0.606,0.0291,0.274,NOMINAL,NOMINAL,NORMAL,0,
1706275800.0,1786288512.419689,3,2.3587,0.2923,,0.983,0.0378,0.311,NOMINAL,NOMINAL,TRIGGERED,1,omni_p6|pro_tel0_p5|pro_tel90_p5
1706276700.0,1786288512.5450509,3,2.2055,0.2775,,0.744,0.053,1.226,NOMINAL,PRE_ALERT,TRIGGERED,2,omni_p6|pro_tel0_p5|pro_tel90_p5
1706277600.0,1786288512.6697662,3,2.1559,0.2727,,0.722,0.0472,1.11,PRE_ALERT,NOMINAL,NORMAL,0,
1706278500.0,1786288512.7936096,3,2.0972,0.272,,0.612,0.0317,0.25,NOMINAL,NOMINAL,NORMAL,0,
1706279400.0,1786288512.91854,3,2.0537,0.2676,,0.607,0.0305,0.241,NOMINAL,NOMINAL,NORMAL,0,
1706280300.0,1786288513.0436282,3,2.0562,0.2652,,0.649,0.0302,0.242,NOMINAL,NOMINAL,NORMAL,0,
1706281200.0,1786288513.16848,3,1.9783,0.2626,,0.622,0.0291,0.236,NOMINAL,NOMINAL,NORMAL,0,
1706282100.0,1786288513.2935586,3,2.0231,0.2682,,0.612,0.0289,0.246,NOMINAL,NOMINAL,TRIGGERED,1,omni_p6|pro_tel0_p5|pro_tel90_p5
1706283000.0,1786288513.4195604,3,2.3233,0.2828,,0.914,0.04,0.31,NOMINAL,NOMINAL,NORMAL,0,
1706283900.0,1786288513.5440946,3,2.2044,0.2795,,0.746,0.0373,0.282,NOMINAL,NOMINAL,NORMAL,0,
1706284800.0,1786288513.6687775,3,2.1002,0.2675,,0.689,0.0337,0.26,NOMINAL,NOMINAL,NORMAL,0,
1706285700.0,1786288513.793584,3,2.0995,0.2707,,0.575,0.0333,0.261,NOMINAL,NOMINAL,NORMAL,0,
1706286600.0,1786288513.9185212,3,2.0219,0.267,,0.623,0.0295,0.236,NOMINAL,NOMINAL,NORMAL,0,
1706287500.0,1786288514.0434055,3,1.9794,0.2584,,0.591,0.0288,0.234,NOMINAL,NOMINAL,NORMAL,0,
1706288400.0,1786288514.1683993,3,1.9315,0.2583,,0.611,0.028,0.227,NOMINAL,NOMINAL,NORMAL,0,
1706289300.0,1786288514.2935128,3,1.9894,0.2575,,0.621,0.0284,0.239,NOMINAL,NOMINAL,NORMAL,0,
1706290200.0,1786288514.4190693,3,2.2035,0.2761,,0.768,0.0332,0.274,NOMINAL,NOMINAL,NORMAL,0,
1706291100.0,1786288514.5437999,3,2.1136,0.2679,,0.686,0.0344,0.261,NOMINAL,NOMINAL,NORMAL,0,
1706292000.0,1786288514.668774,3,2.0819,0.268,,0.671,0.0341,0.308,NOMINAL,NOMINAL,NORMAL,0,
1706292900.0,1786288514.7935576,3,2.0971,0.2657,,0.565,0.0323,0.253,NOMINAL,NOMINAL,NORMAL,0,
1706293800.0,1786288514.9184897,3,2.0528,0.262,,0.577,0.0313,0.244,NOMINAL,NOMINAL,NORMAL,0,
1706294700.0,1786288515.0434759,3,2.0154,0.2659,,0.571,0.0328,0.244,NOMINAL,NOMINAL,NORMAL,0,
1706295600.0,1786288515.1684012,3,1.9706,0.2568,,0.586,0.0288,0.237,NOMINAL,NOMINAL,NORMAL,0,
1706296500.0,1786288515.2935076,3,2.0142,0.2596,,0.599,0.0314,0.255,NOMINAL,NOMINAL,NORMAL,0,
1706297400.0,1786288515.419306,3,2.2564,0.2794,,0.858,0.0372,0.311,NOMINAL,NOMINAL,NORMAL,0,
1706298300.0,1786288515.5439239,3,2.1462,0.2739,,0.696,0.0359,0.272,NOMINAL,NOMINAL,NORMAL,0,
1706299200.0,1786288515.66866,3,2.0675,0.2654,,0.651,0.0325,0.252,NOMINAL,NOMINAL,NORMAL,0,
1706300100.0,1786288515.7934592,3,2.0504,0.2682,,0.539,0.0289,0.24,NOMINAL,NOMINAL,NORMAL,0,
1706301000.0,1786288515.9184246,3,2.025,0.2595,,0.566,0.0298,0.236,NOMINAL,NOMINAL,NORMAL,0,
1706301900.0,1786288516.0434053,3,1.9895,0.2604,,0.575,0.0298,0.235,NOMINAL,NOMINAL,NORMAL,0,
1706302800.0,1786288516.1684084,3,1.9616,0.2626,,0.6,0.0282,0.233,NOMINAL,NOMINAL,TRIGGERED,1,omni_p6|pro_tel90_p5
1706303700.0,1786288516.2934535,3,1.9428,0.26,,0.602,0.0309,0.235,NOMINAL,NOMINAL,NORMAL,0,
1706304600.0,1786288516.4191093,3,2.2518,0.2819,,0.757,0.0485,0.323,NOMINAL,NOMINAL,NORMAL,0,
1706305500.0,1786288516.5437965,3,2.081,0.2702,,0.691,0.034,0.263,NOMINAL,NOMINAL,NORMAL,0,
1706306400.0,1786288516.6686738,3,2.0475,0.2693,,0.663,0.0335,0.277,NOMINAL,NOMINAL,NORMAL,0,
1706307300.0,1786288516.7935355,3,2.0753,0.2645,,0.561,0.0327,0.245,NOMINAL,NOMINAL,NORMAL,0,
1706308200.0,1786288516.918471,3,2.0227,0.2589,,0.594,0.0311,0.24,NOMINAL,NOMINAL,NORMAL,0,
1706309100.0,1786288517.0434568,3,2.0097,0.2673,,0.588,0.0292,0.235,NOMINAL,NOMINAL,TRIGGERED,1,omni_p6|pro_tel0_p5|pro_tel90_p5
1706310000.0,1786288517.1684113,3,1.972,0.262,,0.597,0.0325,0.235,NOMINAL,NOMINAL,NORMAL,0,
1706310900.0,1786288517.293586,3,2.0338,0.2636,,0.636,0.0323,0.241,NOMINAL,NOMINAL,NORMAL,0,
1706311800.0,1786288517.4196317,3,2.3373,0.2803,,0.933,0.0416,0.315,NOMINAL,NOMINAL,NORMAL,0,
1706312700.0,1786288517.5442896,3,2.2444,0.2839,,0.806,0.0373,0.318,NOMINAL,NOMINAL,NORMAL,0,
1706313600.0,1786288517.670657,3,2.0981,0.2725,1.5635,0.711,0.0389,0.299,NOMINAL,NOMINAL,NORMAL,0,
1706314500.0,1786288517.7938628,3,2.2234,0.2795,,0.635,0.0368,0.273,NOMINAL,NOMINAL,TRIGGERED,1,omni_p6|pro_tel0_p5|pro_tel90_p5
1706315400.0,1786288517.9195302,3,2.1232,0.2701,,0.582,0.0509,1.148,NOMINAL,PRE_ALERT,TRIGGERED,2,omni_p6|pro_tel0_p5|pro_tel90_p5
1706316300.0,1786288518.0446193,3,2.1366,0.2664,,0.623,0.0498,1.15,PRE_ALERT,NOMINAL,NORMAL,0,
1706317200.0,1786288518.1686969,3,2.1035,0.2706,,0.636,0.034,0.254,NOMINAL,NOMINAL,NORMAL,0,
1706318100.0,1786288518.2936497,3,2.1041,0.2714,,0.605,0.0324,0.25,NOMINAL,NOMINAL,NORMAL,0,
1706319000.0,1786288518.419531,3,2.3299,0.2798,,0.89,0.0402,0.321,NOMINAL,NOMINAL,NORMAL,0,
1706319900.0,1786288518.5442722,3,2.2709,0.2798,,0.777,0.0369,0.329,NOMINAL,NOMINAL,NORMAL,0,
1706320800.0,1786288518.6688,3,2.1199,0.2745,,0.668,0.035,0.273,NOMINAL,NOMINAL,TRIGGERED,1,omni_p6|pro_tel0_p5|pro_tel90_p5
1706321700.0,1786288518.7944984,3,2.1128,0.2739,,0.578,0.0498,1.141,NOMINAL,PRE_ALERT,TRIGGERED,2,omni_p6|pro_tel0_p5|pro_tel90_p5
1706322600.0,1786288518.919654,3,2.1587,0.2721,,0.66,0.0503,1.112,PRE_ALERT,NOMINAL,NORMAL,0,
1706323500.0,1786288519.0435913,3,2.0685,0.2669,,0.597,0.0305,0.247,NOMINAL,NOMINAL,NORMAL,0,
1706324400.0,1786288519.1684587,3,2.0037,0.2625,,0.596,0.0289,0.236,NOMINAL,NOMINAL,NORMAL,0,
1706325300.0,1786288519.29357,3,2.0509,0.2671,,0.609,0.0309,0.244,NOMINAL,NOMINAL,NORMAL,0,
1706326200.0,1786288519.4187458,3,2.1097,0.2669,,0.663,0.0306,0.254,NOMINAL,NOMINAL,NORMAL,0,
1706327100.0,1786288519.5439432,3,2.1289,0.2787,,0.745,0.0336,0.274,NOMINAL,NOMINAL,TRIGGERED,1,omni_p6|pro_tel0_p5|pro_tel90_p5
1706328000.0,1786288519.668671,3,2.057,0.2628,,0.672,0.0333,0.263,NOMINAL,NOMINAL,NORMAL,0,
1706328900.0,1786288519.793627,3,2.1082,0.2703,,0.582,0.0321,0.255,NOMINAL,NOMINAL,NORMAL,0,
1706329800.0,1786288519.9184968,3,2.064,0.2611,,0.572,0.0321,0.245,NOMINAL,NOMINAL,NORMAL,0,
1706330700.0,1786288520.0433943,3,2.0021,0.2623,,0.552,0.0312,0.236,NOMINAL,NOMINAL,NORMAL,0,
1706331600.0,1786288520.1684692,3,2.0192,0.2618,,0.591,0.0313,0.237,NOMINAL,NOMINAL,NORMAL,0,
1706332500.0,1786288520.2935977,3,2.0603,0.2615,,0.607,0.0304,0.265,NOMINAL,NOMINAL,NORMAL,0,
1706333400.0,1786288520.4192038,3,2.3069,0.2803,,0.78,0.0383,0.294,NOMINAL,NOMINAL,NORMAL,0,
1706334300.0,1786288520.543969,3,2.1488,0.2732,,0.73,0.0373,0.281,NOMINAL,NOMINAL,NORMAL,0,
1706335200.0,1786288520.6687388,3,2.0733,0.2689,,0.691,0.0331,0.26,NOMINAL,NOMINAL,NORMAL,0,
1706336100.0,1786288520.793697,3,2.1377,0.2726,,0.598,0.0359,0.262,NOMINAL,NOMINAL,NORMAL,0,
1706337000.0,1786288520.9186094,3,2.0975,0.2687,,0.603,0.0337,0.248,NOMINAL,NOMINAL,NORMAL,0,
1706337900.0,1786288521.0434732,3,2.0266,0.261,,0.562,0.0326,0.247,NOMINAL,NOMINAL,NORMAL,0,
1706338800.0,1786288521.1683915,3,1.9575,0.2573,,0.587,0.0324,0.234,NOMINAL,NOMINAL,NORMAL,0,
1706339700.0,1786288521.293536,3,2.0244,0.2614,,0.609,0.0314,0.24,NOMINAL,NOMINAL,NORMAL,0,
1706340600.0,1786288521.418762,3,2.1094,0.2647,,0.674,0.0357,0.257,NOMINAL,NOMINAL,NORMAL,0,
1706341500.0,1786288521.5439878,3,2.1411,0.2743,,0.737,0.037,0.28,NOMINAL,NOMINAL,NORMAL,0,
1706342400.0,1786288521.6686769,3,2.0653,0.2678,,0.664,0.0324,0.257,NOMINAL,NOMINAL,NORMAL,0,
1706343300.0,1786288521.7935054,3,2.0457,0.2739,,0.567,0.0328,0.25,NOMINAL,NOMINAL,TRIGGERED,1,omni_p6|pro_tel0_p5|pro_tel90_p5
1706344200.0,1786288521.918501,3,2.0416,0.2583,,0.589,0.0293,0.247,NOMINAL,NOMINAL,NORMAL,0,
1706345100.0,1786288522.0434144,3,1.9788,0.2558,,0.568,0.0294,0.239,NOMINAL,NOMINAL,NORMAL,0,
1706346000.0,1786288522.168412,3,1.9661,0.2564,,0.6,0.029,0.239,NOMINAL,NOMINAL,NORMAL,0,
1706346900.0,1786288522.2934682,3,1.9654,0.2579,,0.593,0.0307,0.241,NOMINAL,NOMINAL,NORMAL,0,
1706347800.0,1786288522.4195745,3,2.3713,0.2898,,0.847,0.0395,0.329,NOMINAL,NOMINAL,NORMAL,0,
1706348700.0,1786288522.5441957,3,2.3074,0.2861,,0.715,0.0383,0.323,NOMINAL,NOMINAL,TRIGGERED,1,omni_p6
1706349600.0,1786288522.6697066,3,2.1306,0.2754,,0.638,0.0512,1.19,NOMINAL,PRE_ALERT,TRIGGERED,2,omni_p6|pro_tel0_p5|pro_tel90_p5
1706350500.0,1786288522.7946715,3,2.193,0.2771,,0.556,0.0513,1.182,PRE_ALERT,NOMINAL,NORMAL,0,
1706351400.0,1786288522.918498,3,2.1025,0.269,,0.51,0.0295,0.226,NOMINAL,NOMINAL,NORMAL,0,
1706352300.0,1786288523.0433402,3,2.0082,0.2682,,0.481,0.025,0.203,NOMINAL,NOMINAL,NORMAL,0,
1706353200.0,1786288523.1690662,3,1.9711,0.2593,,1.271,0.0255,0.214,NOMINAL,NOMINAL,NORMAL,0,
1706354100.0,1786288523.2934968,3,2.0206,0.2684,,0.566,0.0278,0.234,NOMINAL,NOMINAL,NORMAL,0,
1706355000.0,1786288523.4194744,3,2.389,0.2876,,0.767,0.0386,0.302,NOMINAL,NOMINAL,TRIGGERED,1,omni_p6|pro_tel0_p5|pro_tel90_p5
1706355900.0,1786288523.5449991,3,2.2265,0.2792,,0.661,0.0515,1.235,NOMINAL,PRE_ALERT,TRIGGERED,2,omni_p6|pro_tel0_p5|pro_tel90_p5
1706356800.0,1786288523.6699343,3,2.2175,0.2791,,0.733,0.0554,1.178,PRE_ALERT,NOMINAL,NORMAL,0,
1706357700.0,1786288523.7937403,3,2.205,0.2743,,0.51,0.0325,0.272,NOMINAL,NOMINAL,NORMAL,0,
1706358600.0,1786288523.9184637,3,2.1102,0.2658,,0.488,0.0259,0.211,NOMINAL,NOMINAL,NORMAL,0,
1706359500.0,1786288524.0433319,3,2.0115,0.2635,,0.481,0.0241,0.199,NOMINAL,NOMINAL,NORMAL,0,
1706360400.0,1786288524.1682746,3,1.9557,0.2582,,0.48,0.0451,0.223,NOMINAL,NOMINAL,NORMAL,0,
1706361300.0,1786288524.2934473,3,1.9527,0.2674,,0.578,0.0288,0.24,NOMINAL,NOMINAL,TRIGGERED,1,omni_p6|pro_tel0_p5|pro_tel90_p5
1706362200.0,1786288524.4194238,3,2.0129,0.2617,,0.608,0.0505,1.159,NOMINAL,PRE_ALERT,TRIGGERED,2,omni_p6|pro_tel0_p5|pro_tel90_p5
1706363100.0,1786288524.5447853,3,2.1304,0.2744,,0.676,0.0549,1.207,PRE_ALERT,NOMINAL,NORMAL,0,
1706364000.0,1786288524.6688406,3,2.1608,0.271,,0.662,0.035,0.27,NOMINAL,NOMINAL,NORMAL,0,
1706364900.0,1786288524.79356,3,2.1044,0.2741,,0.517,0.0313,0.254,NOMINAL,NOMINAL,NORMAL,0,
1706365800.0,1786288524.918355,3,2.0553,0.2679,,0.484,0.023,0.209,NOMINAL,NOMINAL,NORMAL,0,
1706366700.0,1786288525.043248,3,1.9751,0.2634,,0.472,0.0223,0.199,NOMINAL,NOMINAL,NORMAL,0,
1706367600.0,1786288525.1681907,3,1.9037,0.2655,,0.474,0.0232,0.214,NOMINAL,NOMINAL,TRIGGERED,1,omni_p6|pro_tel0_p5|pro_tel90_p5
1706368500.0,1786288525.2933934,3,1.9418,0.2582,,0.563,0.0288,0.226,NOMINAL,NOMINAL,NORMAL,0,
1706369400.0,1786288525.4199178,3,2.1771,0.2751,,1.708,0.0337,0.265,NOMINAL,NOMINAL,NORMAL,0,
1706370300.0,1786288525.5439224,3,2.0677,0.2741,,0.79,0.0349,0.306,NOMINAL,NOMINAL,NORMAL,0,
1706371200.0,1786288525.6687853,3,2.1484,0.2692,,0.633,0.0325,0.26,NOMINAL,NOMINAL,NORMAL,0,
1706372100.0,1786288525.7935011,3,2.1109,0.2673,,0.488,0.0254,0.214,NOMINAL,NOMINAL,NORMAL,0,
1706373000.0,1786288525.918299,3,2.0492,0.2679,,0.429,0.0212,0.18,NOMINAL,NOMINAL,NORMAL,0,
1706373900.0,1786288526.043234,3,2.0145,0.2617,,0.435,0.0214,0.181,NOMINAL,NOMINAL,NORMAL,0,
1706374800.0,1786288526.1682801,3,1.9972,0.26,,0.441,0.0226,0.222,NOMINAL,NOMINAL,NORMAL,0,
1706375700.0,1786288526.293265,3,1.9067,0.2603,,0.514,0.0255,0.216,NOMINAL,NOMINAL,NORMAL,0,
1706376600.0,1786288526.4186206,3,2.052,0.2698,,0.632,0.0283,0.276,NOMINAL,NOMINAL,NORMAL,0,
1706377500.0,1786288526.5437558,3,2.0632,0.2673,,0.644,0.0316,0.295,NOMINAL,NOMINAL,NORMAL,0,
1706378400.0,1786288526.6688926,3,2.1689,0.2778,,0.667,0.0346,0.268,NOMINAL,NOMINAL,NORMAL,0,
1706379300.0,1786288526.7936351,3,2.1495,0.2667,,0.525,0.0301,0.243,NOMINAL,NOMINAL,NORMAL,0,
1706380200.0,1786288526.9184117,3,2.1004,0.2674,,0.463,0.0241,0.198,NOMINAL,NOMINAL,NORMAL,0,
1706381100.0,1786288527.0433683,3,2.0461,0.2655,,0.527,0.0212,0.177,NOMINAL,NOMINAL,NORMAL,0,
1706382000.0,1786288527.1681936,3,1.9741,0.2603,,0.427,0.021,0.19,NOMINAL,NOMINAL,NORMAL,0,
1706382900.0,1786288527.2934296,3,1.9882,0.2678,,0.553,0.0267,0.226,NOMINAL,NOMINAL,NORMAL,0,
1706383800.0,1786288527.419302,3,2.3226,0.291,,0.69,0.0358,0.265,NOMINAL,NOMINAL,NORMAL,0,
1706384700.0,1786288527.544085,3,2.2203,0.2782,,0.679,0.0341,0.305,NOMINAL,NOMINAL,NORMAL,0,
1706385600.0,1786288527.668967,3,2.2044,0.2816,,0.687,0.0317,0.259,NOMINAL,NOMINAL,NORMAL,0,
1706386500.0,1786288527.7936254,3,2.1549,0.2756,,0.53,0.0283,0.239,NOMINAL,NOMINAL,NORMAL,0,
1706387400.0,1786288527.918434,3,2.0957,0.2667,,0.483,0.0251,0.216,NOMINAL,NOMINAL,NORMAL,0,
1706388300.0,1786288528.0433571,3,2.0344,0.2814,,0.49,0.025,0.205,NOMINAL,NOMINAL,TRIGGERED,1,omni_p6
1706389200.0,1786288528.1681814,3,1.9065,0.2623,,0.484,0.0238,0.216,NOMINAL,NOMINAL,NORMAL,0,
1706390100.0,1786288528.2934558,3,2.0081,0.2589,,0.566,0.0268,0.229,NOMINAL,NOMINAL,NORMAL,0,
1706391000.0,1786288528.419227,3,2.3208,0.2826,,0.666,0.0339,0.268,NOMINAL,NOMINAL,NORMAL,0,
1706391900.0,1786288528.5439398,3,2.2362,0.2762,,0.623,0.0318,0.25,NOMINAL,NOMINAL,NORMAL,0,
1706392800.0,1786288528.668851,3,2.1229,0.2645,,0.619,0.0309,0.368,NOMINAL,NOMINAL,NORMAL,0,
1706393700.0,1786288528.7938018,3,2.2315,0.2813,,0.534,0.0295,0.251,NOMINAL,NOMINAL,TRIGGERED,1,omni_p6|pro_tel0_p5|pro_tel90_p5
1706394600.0,1786288528.9193153,3,2.0825,0.2672,,0.458,0.0414,1.12,NOMINAL,PRE_ALERT,TRIGGERED,2,omni_p6|pro_tel0_p5|pro_tel90_p5
1706395500.0,1786288529.044385,3,2.1166,0.2714,,0.512,0.0396,1.044,PRE_ALERT,NOMINAL,NORMAL,0,
1706396400.0,1786288529.1685078,3,2.0551,0.2615,,0.561,0.027,0.226,NOMINAL,NOMINAL,NORMAL,0,
1706397300.0,1786288529.293501,3,2.0566,0.2629,,0.545,0.0269,0.228,NOMINAL,NOMINAL,NORMAL,0,
1706398200.0,1786288529.4185255,3,2.049,0.2626,,0.593,0.0284,0.239,NOMINAL,NOMINAL,NORMAL,0,
1706399100.0,1786288529.5436075,3,2.0638,0.2704,,0.57,0.0291,0.24,NOMINAL,NOMINAL,NORMAL,0,
1706400000.0,1786288529.6703646,3,2.0327,0.2652,1.5997,0.604,0.0292,0.245,NOMINAL,NOMINAL,TRIGGERED,1,omni_p6|pro_tel0_p5|pro_tel90_p5
1706400900.0,1786288529.7948136,3,2.2624,0.2781,,0.58,0.047,1.145,NOMINAL,PRE_ALERT,TRIGGERED,2,omni_p6|pro_tel0_p5|pro_tel90_p5
1706401800.0,1786288529.9195387,3,2.1954,0.2746,,0.553,0.044,1.052,PRE_ALERT,NOMINAL,NORMAL,0,
1706402700.0,1786288530.0434597,3,2.0708,0.2654,,0.499,0.0265,0.217,NOMINAL,NOMINAL,NORMAL,0,
1706403600.0,1786288530.1684263,3,2.0213,0.265,,0.529,0.0271,0.218,NOMINAL,NOMINAL,NORMAL,0,
1706404500.0,1786288530.2936053,3,2.0792,0.2652,,0.604,0.0321,0.241,NOMINAL,NOMINAL,NORMAL,0,
1706405400.0,1786288530.4187677,3,2.1182,0.2791,,0.657,0.0327,0.261,NOMINAL,NOMINAL,NORMAL,0,
1706406300.0,1786288530.5437171,3,2.0776,0.2771,,0.612,0.0299,0.256,NOMINAL,NOMINAL,TRIGGERED,1,omni_p6|pro_tel0_p5|pro_tel90_p5
1706407200.0,1786288530.6686358,3,2.0164,0.2655,,0.648,0.0307,0.254,NOMINAL,NOMINAL,NORMAL,0,
1706408100.0,1786288530.7937992,3,2.1893,0.2747,,0.572,0.0315,0.264,NOMINAL,NOMINAL,NORMAL,0,
1706409000.0,1786288530.9184933,3,2.0683,0.2652,,0.537,0.028,0.232,NOMINAL,NOMINAL,NORMAL,0,
1706409900.0,1786288531.0433912,3,2.0043,0.2627,,0.519,0.026,0.225,NOMINAL,NOMINAL,NORMAL,0,
1706410800.0,1786288531.1683848,3,1.9388,0.2618,,0.573,0.0285,0.234,NOMINAL,NOMINAL,NORMAL,0,
1706411700.0,1786288531.2935169,3,2.0217,0.264,,0.565,0.0301,0.238,NOMINAL,NOMINAL,TRIGGERED,1,omni_p6
1706412600.0,1786288531.419461,3,2.0366,0.2655,,0.589,0.047,1.181,NOMINAL,PRE_ALERT,TRIGGERED,2,omni_p6|pro_tel0_p5|pro_tel90_p5
1706413500.0,1786288531.5448973,3,2.2135,0.2811,,0.664,0.0476,1.138,PRE_ALERT,NOMINAL,NORMAL,0,
1706414400.0,1786288531.6688073,3,2.1121,0.279,,0.664,0.0341,0.262,NOMINAL,NOMINAL,NORMAL,0,
1706415300.0,1786288531.7937794,3,2.1831,0.2764,,0.569,0.0329,0.266,NOMINAL,NOMINAL,NORMAL,0,
1706416200.0,1786288531.9184995,3,2.0845,0.2699,,0.518,0.0298,0.239,NOMINAL,NOMINAL,NORMAL,0,
1706417100.0,1786288532.043414,3,2.0521,0.2626,,0.518,0.0284,0.232,NOMINAL,NOMINAL,NORMAL,0,
1706418000.0,1786288532.1684244,3,1.9882,0.2607,,0.556,0.0294,0.237,NOMINAL,NOMINAL,NORMAL,0,
1706418900.0,1786288532.2934926,3,2.0008,0.2601,,0.579,0.0303,0.246,NOMINAL,NOMINAL,NORMAL,0,
1706419800.0,1786288532.4193647,3,2.3453,0.2933,,0.67,0.0357,0.328,NOMINAL,NOMINAL,NORMAL,0,
1706420700.0,1786288532.5441604,3,2.2232,0.2795,,0.716,0.038,0.307,NOMINAL,NOMINAL,NORMAL,0,
1706421600.0,1786288532.6688845,3,2.1288,0.2779,,0.689,0.0329,0.261,NOMINAL,NOMINAL,NORMAL,0,
1706422500.0,1786288532.7939656,3,2.2492,0.2822,,0.631,0.0348,0.274,NOMINAL,NOMINAL,NORMAL,0,
1706423400.0,1786288532.918491,3,2.0914,0.2652,,0.504,0.0265,0.219,NOMINAL,NOMINAL,NORMAL,0,
1706424300.0,1786288533.043352,3,2.0345,0.2677,,0.481,0.0248,0.209,NOMINAL,NOMINAL,NORMAL,0,
1706425200.0,1786288533.1682866,3,1.9566,0.2559,,0.489,0.0237,0.228,NOMINAL,NOMINAL,NORMAL,0,
1706426100.0,1786288533.2934306,3,1.9583,0.2597,,0.57,0.028,0.236,NOMINAL,NOMINAL,NORMAL,0,
1706427000.0,1786288533.4190612,3,2.2963,0.2836,,0.585,0.0292,0.237,NOMINAL,NOMINAL,NORMAL,0,
1706427900.0,1786288533.544083,3,2.2309,0.2783,,0.705,0.0336,0.271,NOMINAL,NOMINAL,TRIGGERED,1,omni_p6
1706428800.0,1786288533.6697216,3,2.124,0.2745,,0.668,0.0501,1.172,NOMINAL,PRE_ALERT,TRIGGERED,2,omni_p6|pro_tel90_p5
1706429700.0,1786288533.7946024,3,2.1962,0.2716,,0.579,0.0447,1.092,PRE_ALERT,NOMINAL,NORMAL,0,
1706430600.0,1786288533.9186895,3,2.1853,0.2774,,0.558,0.03,0.24,NOMINAL,NOMINAL,NORMAL,0,
1706431500.0,1786288534.0434856,3,2.0828,0.269,,0.523,0.0294,0.226,NOMINAL,NOMINAL,NORMAL,0,
1706432400.0,1786288534.1684456,3,1.9749,0.2591,,0.593,0.0284,0.233,NOMINAL,NOMINAL,NORMAL,0,
1706433300.0,1786288534.2933204,3,1.8839,0.2582,,0.585,0.0279,0.233,NOMINAL,NOMINAL,NORMAL,0,
1706434200.0,1786288534.418459,3,2.0038,0.2696,,0.577,0.0267,0.237,NOMINAL,NOMINAL,TRIGGERED,1,omni_p6|pro_tel0_p5|pro_tel90_p5
1706435100.0,1786288534.544613,3,2.0208,0.2678,,0.659,0.0493,1.187,NOMINAL,PRE_ALERT,TRIGGERED,2,omni_p6|pro_tel90_p5
1706436000.0,1786288534.6696362,3,2.1083,0.2719,,0.679,0.0494,1.102,PRE_ALERT,NOMINAL,NORMAL,0,
1706436900.0,1786288534.7936451,3,2.1301,0.2679,,0.574,0.0324,0.257,NOMINAL,NOMINAL,NORMAL,0,
1706437800.0,1786288534.9186106,3,2.1162,0.2696,,0.565,0.0301,0.241,NOMINAL,NOMINAL,NORMAL,0,
1706438700.0,1786288535.0433881,3,2.0518,0.2655,,0.52,0.0278,0.222,NOMINAL,NOMINAL,NORMAL,0,
1706439600.0,1786288535.168377,3,1.9606,0.2579,,0.556,0.0276,0.234,NOMINAL,NOMINAL,NORMAL,0,
1706440500.0,1786288535.2936,3,2.0161,0.2678,,0.685,0.0277,0.245,NOMINAL,NOMINAL,TRIGGERED,1,omni_p6|pro_tel0_p5|pro_tel90_p5
1706441400.0,1786288535.418685,3,2.1201,0.2722,,0.609,0.0312,0.254,NOMINAL,NOMINAL,NORMAL,0,
1706442300.0,1786288535.5438132,3,2.0856,0.2702,,0.687,0.0368,0.266,NOMINAL,NOMINAL,NORMAL,0,
1706443200.0,1786288535.6686196,3,1.9981,0.2657,,0.676,0.0328,0.251,NOMINAL,NOMINAL,NORMAL,0,
1706444100.0,1786288535.7936044,3,2.0868,0.2692,,0.58,0.0323,0.253,NOMINAL,NOMINAL,NORMAL,0,
1706445000.0,1786288535.918518,3,2.0824,0.2645,,0.544,0.0296,0.235,NOMINAL,NOMINAL,NORMAL,0,
1706445900.0,1786288536.0433779,3,2.037,0.2663,,0.522,0.0272,0.227,NOMINAL,NOMINAL,TRIGGERED,1,omni_p6|pro_tel0_p5|pro_tel90_p5
1706446800.0,1786288536.1692343,3,1.9386,0.2599,,0.53,0.0436,1.159,NOMINAL,PRE_ALERT,TRIGGERED,2,omni_p6|pro_tel0_p5|pro_tel90_p5
1706447700.0,1786288536.2945735,3,2.161,0.272,,0.604,0.0471,1.079,PRE_ALERT,NOMINAL,NORMAL,0,
1706448600.0,1786288536.418593,3,2.0576,0.2632,,0.613,0.0325,0.246,NOMINAL,NOMINAL,NORMAL,0,
1706449500.0,1786288536.5437312,3,2.0619,0.268,,0.668,0.031,0.255,NOMINAL,NOMINAL,NORMAL,0,
1706450400.0,1786288536.668603,3,2.0279,0.2642,,0.649,0.0311,0.245,NOMINAL,NOMINAL,NORMAL,0,
1706451300.0,1786288536.7934525,3,2.0339,0.2655,,0.545,0.0291,0.241,NOMINAL,NOMINAL,NORMAL,0,
1706452200.0,1786288536.918575,3,2.0954,0.2693,,0.564,0.0287,0.245,NOMINAL,NOMINAL,TRIGGERED,1,omni_p6|pro_tel0_p5|pro_tel90_p5
1706453100.0,1786288537.0443664,3,2.0519,0.2648,,0.534,0.0436,1.177,NOMINAL,PRE_ALERT,TRIGGERED,2,omni_p6|pro_tel0_p5|pro_tel90_p5
1706454000.0,1786288537.1694584,3,2.1177,0.2685,,0.579,0.0451,1.047,PRE_ALERT,NOMINAL,NORMAL,0,
1706454900.0,1786288537.2934866,3,2.0519,0.2654,,0.542,0.0298,0.239,NOMINAL,NOMINAL,NORMAL,0,
1706455800.0,1786288537.4193776,3,2.3561,0.2806,,0.719,0.0371,0.297,NOMINAL,NOMINAL,NORMAL,0,
1706456700.0,1786288537.544282,3,2.349,0.2818,,0.728,0.0364,0.315,NOMINAL,NOMINAL,NORMAL,0,
1706457600.0,1786288537.6688216,3,2.1043,0.2702,,0.685,0.0344,0.275,NOMINAL,NOMINAL,NORMAL,0,
1706458500.0,1786288537.7936924,3,2.1401,0.272,,0.578,0.0305,0.256,NOMINAL,NOMINAL,TRIGGERED,1,omni_p6
1706459400.0,1786288537.9185572,3,2.1296,0.2677,,0.508,0.0292,0.229,NOMINAL,NOMINAL,NORMAL,0,
1706460300.0,1786288538.043369,3,2.0726,0.2612,,0.479,0.0254,0.209,NOMINAL,NOMINAL,NORMAL,0,
1706461200.0,1786288538.1684291,3,2.0256,0.2686,,0.536,0.0271,0.222,NOMINAL,NOMINAL,NORMAL,0,
1706462100.0,1786288538.2933698,3,1.9702,0.2612,,0.531,0.0264,0.229,NOMINAL,NOMINAL,NORMAL,0,
1706463000.0,1786288538.4193912,3,2.3145,0.2858,,0.786,0.0403,0.309,NOMINAL,NOMINAL,NORMAL,0,
1706463900.0,1786288538.5440962,3,2.2325,0.2765,,0.716,0.0369,0.282,NOMINAL,NOMINAL,NORMAL,0,
1706464800.0,1786288538.6687675,3,2.1054,0.2666,,0.675,0.0337,0.255,NOMINAL,NOMINAL,NORMAL,0,
1706465700.0,1786288538.793588,3,2.0765,0.2698,,0.578,0.032,0.254,NOMINAL,NOMINAL,NORMAL,0,
1706466600.0,1786288538.9185362,3,2.1039,0.2701,,0.526,0.0284,0.232,NOMINAL,NOMINAL,NORMAL,0,
1706467500.0,1786288539.043498,3,2.0864,0.2667,,0.51,0.0268,0.219,NOMINAL,NOMINAL,NORMAL,0,
1706468400.0,1786288539.1683502,3,1.9883,0.2655,,0.513,0.0254,0.216,NOMINAL,NOMINAL,NORMAL,0,
1706469300.0,1786288539.293272,3,1.9417,0.2579,,0.489,0.0247,0.208,NOMINAL,NOMINAL,NORMAL,0,
1706470200.0,1786288539.4184802,3,2.0006,0.2678,,0.6,0.0281,0.232,NOMINAL,NOMINAL,NORMAL,0,
1706471100.0,1786288539.5442257,3,2.2152,0.2763,,0.8,0.036,0.32,NOMINAL,NOMINAL,NORMAL,0,
1706472000.0,1786288539.6687887,3,2.1189,0.2675,,0.668,0.0321,0.258,NOMINAL,NOMINAL,NORMAL,0,
1706472900.0,1786288539.7935529,3,2.0901,0.2718,,0.544,0.0287,0.244,NOMINAL,NOMINAL,TRIGGERED,1,omni_p6
1706473800.0,1786288539.9186938,3,2.1695,0.27,,0.578,0.0304,0.242,NOMINAL,NOMINAL,NORMAL,0,
1706474700.0,1786288540.043604,3,2.0803,0.2684,,0.55,0.03,0.24,NOMINAL,NOMINAL,NORMAL,0,
1706475600.0,1786288540.1684544,3,2.011,0.2625,,0.555,0.0264,0.228,NOMINAL,NOMINAL,NORMAL,0,
1706476500.0,1786288540.293361,3,1.9535,0.2599,,0.529,0.0259,0.223,NOMINAL,NOMINAL,NORMAL,0,
1706477400.0,1786288540.4185162,3,1.9919,0.2664,,0.623,0.0308,0.254,NOMINAL,NOMINAL,NORMAL,0,
1706478300.0,1786288540.5438244,3,2.1208,0.2683,,0.673,0.0339,0.26,NOMINAL,NOMINAL,NORMAL,0,
1706479200.0,1786288540.6686063,3,2.0082,0.265,,0.655,0.0306,0.251,NOMINAL,NOMINAL,TRIGGERED,1,omni_p6|pro_tel0_p5|pro_tel90_p5
1706480100.0,1786288540.7935584,3,2.0706,0.2637,,0.56,0.0303,0.253,NOMINAL,NOMINAL,NORMAL,0,
1706481000.0,1786288540.918416,3,2.0181,0.258,,0.542,0.0294,0.242,NOMINAL,NOMINAL,NORMAL,0,
1706481900.0,1786288541.0436068,3,2.0686,0.2665,,0.59,0.0313,0.25,NOMINAL,NOMINAL,NORMAL,0,
1706482800.0,1786288541.168541,3,2.028,0.2686,,0.592,0.0308,0.245,NOMINAL,NOMINAL,NORMAL,0,
1706483700.0,1786288541.2933903,3,1.9699,0.2575,,0.542,0.0288,0.23,NOMINAL,NOMINAL,NORMAL,0,
1706484600.0,1786288541.4185443,3,2.0255,0.2609,,0.604,0.0303,0.248,NOMINAL,NOMINAL,NORMAL,0,
1706485500.0,1786288541.5440066,3,2.2262,0.2765,,0.743,0.035,0.301,NOMINAL,NOMINAL,TRIGGERED,1,omni_p6|pro_tel0_p5|pro_tel90_p5
1706486400.0,1786288541.6706924,3,1.9185,0.2599,1.6451,0.961,0.0369,0.32,NOMINAL,NOMINAL,NORMAL,0,
