08-09-2026 23:28:52 RAM 3039/7620MB (lfb 26x4MB) SWAP 2/12002MB (cached 0MB) CPU [1%@1510,1%@1510,0%@1510,0%@1510,0%@1510,0%@1510] GR3D_FREQ 0% cpu@46.906C soc2@46.343C soc0@44.562C gpu@46.406C tj@46.906C soc1@44.562C VDD_IN 4113mW/4113mW VDD_CPU_GPU_CV 996mW/996mW VDD_SOC 1397mW/1397mW
08-09-2026 23:28:53 RAM 3039/7620MB (lfb 26x4MB) SWAP 2/12002MB (cached 0MB) CPU [1%@1510,0%@1510,0%@1510,0%@1510,0%@1510,0%@1510] GR3D_FREQ 0% cpu@46.968C soc2@46.375C soc0@44.625C gpu@46.375C tj@46.968C soc1@44.687C VDD_IN 4073mW/4093mW VDD_CPU_GPU_CV 956mW/976mW VDD_SOC 1397mW/1397mW
08-09-2026 23:28:54 RAM 3039/7620MB (lfb 26x4MB) SWAP 2/12002MB (cached 0MB) CPU [0%@1510,2%@1510,0%@1510,0%@1510,0%@1510,0%@1510] GR3D_FREQ 0% cpu@46.968C soc2@46.343C soc0@44.562C gpu@46.375C tj@46.968C soc1@44.656C VDD_IN 4073mW/4086mW VDD_CPU_GPU_CV 956mW/969mW VDD_SOC 1397mW/1397mW
08-09-2026 23:28:55 RAM 3038/7620MB (lfb 26x4MB) SWAP 2/12002MB (cached 0MB) CPU [1%@1510,1%@1510,0%@1510,2%@1510,2%@1510,0%@1510] GR3D_FREQ 0% cpu@47.031C soc2@46.375C soc0@44.687C gpu@46.375C tj@47.031C soc1@44.718C VDD_IN 4153mW/4103mW VDD_CPU_GPU_CV 996mW/976mW VDD_SOC 1397mW/1397mW
08-09-2026 23:28:56 RAM 3038/7620MB (lfb 26x4MB) SWAP 2/12002MB (cached 0MB) CPU [1%@1510,0%@1510,0%@1510,0%@1510,1%@1510,0%@1510] GR3D_FREQ 0% cpu@47.218C soc2@46.187C soc0@44.718C gpu@46.375C tj@47.218C soc1@44.562C VDD_IN 4153mW/4113mW VDD_CPU_GPU_CV 996mW/980mW VDD_SOC 1397mW/1397mW
08-09-2026 23:28:57 RAM 3038/7620MB (lfb 26x4MB) SWAP 2/12002MB (cached 0MB) CPU [1%@1510,0%@1510,0%@1510,0%@1510,0%@1510,0%@1510] GR3D_FREQ 0% cpu@47.031C soc2@46.312C soc0@44.781C gpu@46.531C tj@47.031C soc1@44.5C VDD_IN 4073mW/4106mW VDD_CPU_GPU_CV 956mW/976mW VDD_SOC 1397mW/1397mW
08-09-2026 23:28:58 RAM 3038/7620MB (lfb 26x4MB) SWAP 2/12002MB (cached 0MB) CPU [1%@1510,0%@1510,0%@1510,0%@1510,0%@1510,0%@1510] GR3D_FREQ 0% cpu@47.406C soc2@46.343C soc0@44.593C gpu@46.468C tj@47.406C soc1@44.593C VDD_IN 4073mW/4101mW VDD_CPU_GPU_CV 956mW/973mW VDD_SOC 1397mW/1397mW
08-09-2026 23:28:59 RAM 3038/7620MB (lfb 26x4MB) SWAP 2/12002MB (cached 0MB) CPU [1%@1510,1%@1510,0%@1510,0%@1510,0%@1510,0%@1510] GR3D_FREQ 0% cpu@46.843C soc2@46.406C soc0@44.593C gpu@46.531C tj@46.843C soc1@44.656C VDD_IN 4073mW/4098mW VDD_CPU_GPU_CV 956mW/971mW VDD_SOC 1397mW/1397mW
08-09-2026 23:29:00 RAM 3038/7620MB (lfb 26x4MB) SWAP 2/12002MB (cached 0MB) CPU [1%@1510,1%@1510,0%@1510,0%@1510,0%@1510,0%@1510] GR3D_FREQ 0% cpu@47.031C soc2@46.312C soc0@44.625C gpu@46.562C tj@47.031C soc1@44.687C VDD_IN 4073mW/4095mW VDD_CPU_GPU_CV 956mW/969mW VDD_SOC 1397mW/1397mW
08-09-2026 23:29:01 RAM 3038/7620MB (lfb 26x4MB) SWAP 2/12002MB (cached 0MB) CPU [1%@1510,1%@1510,0%@1510,0%@1510,0%@1510,0%@1510] GR3D_FREQ 0% cpu@46.937C soc2@46.343C soc0@44.718C gpu@46.468C tj@46.937C soc1@44.718C VDD_IN 4113mW/4097mW VDD_CPU_GPU_CV 956mW/968mW VDD_SOC 1397mW/1397mW
08-09-2026 23:29:02 RAM 3038/7620MB (lfb 26x4MB) SWAP 2/12002MB (cached 0MB) CPU [1%@1510,0%@1510,0%@1510,0%@1510,1%@1510,0%@1510] GR3D_FREQ 0% cpu@47C soc2@46.281C soc0@44.75C gpu@46.562C tj@47C soc1@44.5C VDD_IN 4073mW/4094mW VDD_CPU_GPU_CV 956mW/966mW VDD_SOC 1397mW/1397mW
08-09-2026 23:29:03 RAM 3038/7620MB (lfb 26x4MB) SWAP 2/12002MB (cached 0MB) CPU [1%@1510,2%@1510,0%@1510,0%@1510,0%@1510,0%@1510] GR3D_FREQ 0% cpu@47.312C soc2@46.312C soc0@44.781C gpu@46.562C tj@47.312C soc1@44.562C VDD_IN 4073mW/4093mW VDD_CPU_GPU_CV 956mW/966mW VDD_SOC 1397mW/1397mW
08-09-2026 23:29:04 RAM 3038/7620MB (lfb 26x4MB) SWAP 2/12002MB (cached 0MB) CPU [0%@1510,1%@1510,0%@1510,0%@1510,1%@1510,0%@1510] GR3D_FREQ 0% cpu@47.093C soc2@46.312C soc0@44.531C gpu@46.718C tj@47.093C soc1@44.593C VDD_IN 4073mW/4091mW VDD_CPU_GPU_CV 956mW/965mW VDD_SOC 1397mW/1397mW
08-09-2026 23:29:05 RAM 3038/7620MB (lfb 26x4MB) SWAP 2/12002MB (cached 0MB) CPU [1%@1510,0%@1510,0%@1510,0%@1510,0%@1510,0%@1510] GR3D_FREQ 0% cpu@46.937C soc2@46.343C soc0@44.593C gpu@46.593C tj@46.937C soc1@44.656C VDD_IN 4073mW/4090mW VDD_CPU_GPU_CV 956mW/964mW VDD_SOC 1397mW/1397mW
08-09-2026 23:29:06 RAM 3038/7620MB (lfb 26x4MB) SWAP 2/12002MB (cached 0MB) CPU [1%@1510,1%@1510,0%@1510,0%@1510,0%@1510,0%@1510] GR3D_FREQ 0% cpu@46.968C soc2@46.375C soc0@44.656C gpu@46.562C tj@46.968C soc1@44.656C VDD_IN 4073mW/4089mW VDD_CPU_GPU_CV 956mW/964mW VDD_SOC 1397mW/1397mW
08-09-2026 23:29:07 RAM 3038/7620MB (lfb 26x4MB) SWAP 2/12002MB (cached 0MB) CPU [1%@1510,0%@1510,0%@1510,0%@1510,0%@1510,0%@1510] GR3D_FREQ 0% cpu@47C soc2@46.312C soc0@44.625C gpu@46.593C tj@47C soc1@44.687C VDD_IN 4073mW/4088mW VDD_CPU_GPU_CV 956mW/963mW VDD_SOC 1397mW/1397mW
08-09-2026 23:29:08 RAM 3038/7620MB (lfb 26x4MB) SWAP 2/12002MB (cached 0MB) CPU [0%@1510,1%@1510,0%@1510,0%@1510,1%@1510,0%@1510] GR3D_FREQ 0% cpu@46.906C soc2@46.375C soc0@44.656C gpu@46.718C tj@46.906C soc1@44.562C VDD_IN 4073mW/4087mW VDD_CPU_GPU_CV 956mW/963mW VDD_SOC 1397mW/1397mW
08-09-2026 23:29:09 RAM 3038/7620MB (lfb 26x4MB) SWAP 2/12002MB (cached 0MB) CPU [0%@1510,2%@1510,0%@1510,0%@1510,0%@1510,0%@1510] GR3D_FREQ 0% cpu@47.093C soc2@46.312C soc0@44.781C gpu@46.718C tj@47.093C soc1@44.531C VDD_IN 4073mW/4086mW VDD_CPU_GPU_CV 956mW/962mW VDD_SOC 1397mW/1397mW
08-09-2026 23:29:10 RAM 3038/7620MB (lfb 26x4MB) SWAP 2/12002MB (cached 0MB) CPU [3%@1510,2%@1510,0%@1510,0%@1510,1%@1510,0%@1510] GR3D_FREQ 0% cpu@46.937C soc2@46.312C soc0@44.531C gpu@46.687C tj@46.937C soc1@44.468C VDD_IN 4113mW/4087mW VDD_CPU_GPU_CV 996mW/964mW VDD_SOC 1397mW/1397mW
08-09-2026 23:29:11 RAM 3038/7620MB (lfb 26x4MB) SWAP 2/12002MB (cached 0MB) CPU [2%@1510,1%@1510,0%@1510,0%@1510,0%@1510,0%@1510] GR3D_FREQ 0% cpu@47.187C soc2@46.343C soc0@44.531C gpu@46.218C tj@47.187C soc1@44.531C VDD_IN 4113mW/4089mW VDD_CPU_GPU_CV 956mW/964mW VDD_SOC 1397mW/1397mW
08-09-2026 23:29:12 RAM 3038/7620MB (lfb 26x4MB) SWAP 2/12002MB (cached 0MB) CPU [1%@1510,2%@1510,0%@1510,0%@1510,0%@1510,0%@1510] GR3D_FREQ 0% cpu@46.875C soc2@46.343C soc0@44.593C gpu@46.125C tj@46.875C soc1@44.656C VDD_IN 4073mW/4088mW VDD_CPU_GPU_CV 956mW/963mW VDD_SOC 1397mW/1397mW
08-09-2026 23:29:13 RAM 3038/7620MB (lfb 26x4MB) SWAP 2/12002MB (cached 0MB) CPU [0%@1510,1%@1510,0%@1510,0%@1510,0%@1510,0%@1510] GR3D_FREQ 0% cpu@46.937C soc2@46.375C soc0@44.625C gpu@46.25C tj@46.937C soc1@44.687C VDD_IN 4073mW/4087mW VDD_CPU_GPU_CV 956mW/963mW VDD_SOC 1397mW/1397mW
08-09-2026 23:29:14 RAM 3038/7620MB (lfb 26x4MB) SWAP 2/12002MB (cached 0MB) CPU [0%@1510,0%@1510,0%@1510,0%@1510,1%@1510,0%@1510] GR3D_FREQ 0% cpu@47.125C soc2@46.375C soc0@44.593C gpu@46.25C tj@47.125C soc1@44.718C VDD_IN 4073mW/4086mW VDD_CPU_GPU_CV 956mW/962mW VDD_SOC 1397mW/1397mW
08-09-2026 23:29:15 RAM 3038/7620MB (lfb 26x4MB) SWAP 2/12002MB (cached 0MB) CPU [0%@1510,1%@1510,0%@1510,0%@1510,0%@1510,1%@1510] GR3D_FREQ 0% cpu@47C soc2@46.25C soc0@44.718C gpu@46.093C tj@47C soc1@44.437C VDD_IN 4073mW/4086mW VDD_CPU_GPU_CV 956mW/962mW VDD_SOC 1397mW/1397mW
08-09-2026 23:29:16 RAM 3038/7620MB (lfb 26x4MB) SWAP 2/12002MB (cached 0MB) CPU [1%@1510,0%@1510,0%@1510,0%@1510,0%@1510,0%@1510] GR3D_FREQ 0% cpu@47.125C soc2@46.343C soc0@44.718C gpu@46.218C tj@47.125C soc1@44.5C VDD_IN 4113mW/4087mW VDD_CPU_GPU_CV 956mW/962mW VDD_SOC 1397mW/1397mW
08-09-2026 23:29:17 RAM 3038/7620MB (lfb 26x4MB) SWAP 2/12002MB (cached 0MB) CPU [1%@1510,0%@1510,0%@1510,0%@1510,0%@1510,0%@1510] GR3D_FREQ 0% cpu@47.031C soc2@46.281C soc0@44.656C gpu@46.125C tj@47.031C soc1@44.468C VDD_IN 4113mW/4088mW VDD_CPU_GPU_CV 956mW/962mW VDD_SOC 1397mW/1397mW
08-09-2026 23:29:18 RAM 3038/7620MB (lfb 26x4MB) SWAP 2/12002MB (cached 0MB) CPU [0%@1510,1%@1510,0%@1510,0%@1510,0%@1510,0%@1510] GR3D_FREQ 0% cpu@46.843C soc2@46.375C soc0@44.656C gpu@46.281C tj@46.843C soc1@44.562C VDD_IN 4073mW/4087mW VDD_CPU_GPU_CV 956mW/961mW VDD_SOC 1397mW/1397mW
08-09-2026 23:29:19 RAM 3038/7620MB (lfb 26x4MB) SWAP 2/12002MB (cached 0MB) CPU [1%@1510,1%@1510,0%@1510,0%@1510,0%@1510,0%@1510] GR3D_FREQ 0% cpu@46.875C soc2@46.343C soc0@44.625C gpu@46.25C tj@46.875C soc1@44.562C VDD_IN 4073mW/4087mW VDD_CPU_GPU_CV 956mW/961mW VDD_SOC 1397mW/1397mW
08-09-2026 23:29:20 RAM 3038/7620MB (lfb 26x4MB) SWAP 2/12002MB (cached 0MB) CPU [0%@1510,1%@1510,0%@1510,0%@1510,0%@1510,0%@1510] GR3D_FREQ 0% cpu@46.937C soc2@46.25C soc0@44.656C gpu@46.218C tj@46.937C soc1@44.687C VDD_IN 4073mW/4086mW VDD_CPU_GPU_CV 956mW/961mW VDD_SOC 1397mW/1397mW
08-09-2026 23:29:21 RAM 3043/7620MB (lfb 26x4MB) SWAP 2/12002MB (cached 0MB) CPU [1%@1510,0%@1510,0%@1510,0%@1510,1%@1510,17%@1510] GR3D_FREQ 0% cpu@47.25C soc2@46.375C soc0@44.656C gpu@46.312C tj@47.25C soc1@44.468C VDD_IN 4346mW/4095mW VDD_CPU_GPU_CV 1154mW/967mW VDD_SOC 1395mW/1396mW
08-09-2026 23:29:22 RAM 3052/7620MB (lfb 26x4MB) SWAP 2/12002MB (cached 0MB) CPU [1%@1510,1%@1510,3%@1510,1%@1510,2%@1510,25%@1510] GR3D_FREQ 0% cpu@47.093C soc2@46.25C soc0@44.718C gpu@46.187C tj@47.093C soc1@44.531C VDD_IN 4266mW/4100mW VDD_CPU_GPU_CV 1074mW/971mW VDD_SOC 1395mW/1396mW
08-09-2026 23:29:23 RAM 3061/7620MB (lfb 26x4MB) SWAP 2/12002MB (cached 0MB) CPU [7%@1510,7%@1510,6%@1510,7%@1510,16%@1510,8%@1510] GR3D_FREQ 0% cpu@47.406C soc2@46.187C soc0@44.593C gpu@46.281C tj@47.406C soc1@44.562C VDD_IN 4697mW/4119mW VDD_CPU_GPU_CV 1470mW/986mW VDD_SOC 1393mW/1396mW
08-09-2026 23:29:24 RAM 3308/7620MB (lfb 16x4MB) SWAP 2/12002MB (cached 0MB) CPU [3%@1510,1%@1510,5%@1510,2%@1510,95%@1510,6%@1510] GR3D_FREQ 0% cpu@47.625C soc2@46.375C soc0@44.562C gpu@46.375C tj@47.531C soc1@44.593C VDD_IN 5158mW/4151mW VDD_CPU_GPU_CV 1621mW/1006mW VDD_SOC 1465mW/1398mW
08-09-2026 23:29:25 RAM 3464/7620MB (lfb 2x4MB) SWAP 2/12002MB (cached 0MB) CPU [3%@1510,2%@1510,0%@1510,0%@1510,22%@1510,1%@1510] GR3D_FREQ 0% cpu@46.937C soc2@46.375C soc0@44.562C gpu@46.593C tj@47.031C soc1@44.687C VDD_IN 4306mW/4155mW VDD_CPU_GPU_CV 1114mW/1009mW VDD_SOC 1395mW/1398mW
08-09-2026 23:29:26 RAM 3464/7620MB (lfb 2x4MB) SWAP 2/12002MB (cached 0MB) CPU [2%@1510,2%@1510,1%@1510,1%@1510,3%@1510,1%@1510] GR3D_FREQ 0% cpu@46.968C soc2@46.375C soc0@44.718C gpu@46.718C tj@46.968C soc1@44.781C VDD_IN 4193mW/4156mW VDD_CPU_GPU_CV 1036mW/1010mW VDD_SOC 1397mW/1398mW
08-09-2026 23:29:27 RAM 3465/7620MB (lfb 2x4MB) SWAP 2/12002MB (cached 0MB) CPU [3%@1510,4%@1510,2%@1510,2%@1510,2%@1510,2%@1510] GR3D_FREQ 0% cpu@47.062C soc2@46.375C soc0@44.718C gpu@46.593C tj@47.062C soc1@44.468C VDD_IN 4233mW/4158mW VDD_CPU_GPU_CV 1036mW/1010mW VDD_SOC 1397mW/1398mW
08-09-2026 23:29:28 RAM 3465/7620MB (lfb 2x4MB) SWAP 2/12002MB (cached 0MB) CPU [1%@1510,1%@1510,1%@1510,3%@1510,1%@1510,1%@1510] GR3D_FREQ 0% cpu@47.343C soc2@46.375C soc0@44.781C gpu@46.593C tj@47.343C soc1@44.531C VDD_IN 4193mW/4159mW VDD_CPU_GPU_CV 1036mW/1011mW VDD_SOC 1397mW/1398mW
08-09-2026 23:29:29 RAM 3465/7620MB (lfb 2x4MB) SWAP 2/12002MB (cached 0MB) CPU [1%@1510,1%@1510,2%@1510,2%@1510,2%@1510,1%@1510] GR3D_FREQ 0% cpu@47.125C soc2@46.312C soc0@44.531C gpu@46.718C tj@47.125C soc1@44.625C VDD_IN 4153mW/4159mW VDD_CPU_GPU_CV 996mW/1011mW VDD_SOC 1397mW/1398mW
08-09-2026 23:29:30 RAM 3465/7620MB (lfb 2x4MB) SWAP 2/12002MB (cached 0MB) CPU [2%@1510,1%@1510,2%@1510,0%@1510,2%@1510,2%@1510] GR3D_FREQ 0% cpu@47.031C soc2@46.375C soc0@44.625C gpu@46.718C tj@46.875C soc1@44.5C VDD_IN 4153mW/4159mW VDD_CPU_GPU_CV 996mW/1010mW VDD_SOC 1397mW/1398mW
08-09-2026 23:29:31 RAM 3466/7620MB (lfb 2x4MB) SWAP 2/12002MB (cached 0MB) CPU [1%@1510,1%@1510,0%@1510,2%@1510,3%@1510,1%@1510] GR3D_FREQ 0% cpu@46.937C soc2@46.375C soc0@44.656C gpu@46.781C tj@46.937C soc1@44.656C VDD_IN 4153mW/4159mW VDD_CPU_GPU_CV 996mW/1010mW VDD_SOC 1397mW/1398mW
08-09-2026 23:29:32 RAM 3466/7620MB (lfb 2x4MB) SWAP 2/12002MB (cached 0MB) CPU [2%@1510,3%@1510,3%@1510,2%@1510,3%@1510,2%@1510] GR3D_FREQ 0% cpu@47.093C soc2@46.375C soc0@44.656C gpu@46.281C tj@47.093C soc1@44.625C VDD_IN 4233mW/4161mW VDD_CPU_GPU_CV 1036mW/1010mW VDD_SOC 1397mW/1398mW
08-09-2026 23:29:33 RAM 3467/7620MB (lfb 2x4MB) SWAP 2/12002MB (cached 0MB) CPU [1%@1510,2%@1510,1%@1510,3%@1510,1%@1510,3%@1510] GR3D_FREQ 0% cpu@46.937C soc2@46.187C soc0@44.625C gpu@46.218C tj@46.937C soc1@44.531C VDD_IN 4193mW/4161mW VDD_CPU_GPU_CV 1036mW/1011mW VDD_SOC 1397mW/1398mW
08-09-2026 23:29:34 RAM 3467/7620MB (lfb 2x4MB) SWAP 2/12002MB (cached 0MB) CPU [1%@1510,0%@1510,0%@1510,3%@1510,1%@1510,1%@1510] GR3D_FREQ 0% cpu@47.125C soc2@46.25C soc0@44.781C gpu@46.218C tj@47.125C soc1@44.5C VDD_IN 4153mW/4161mW VDD_CPU_GPU_CV 996mW/1011mW VDD_SOC 1397mW/1398mW
08-09-2026 23:29:35 RAM 3467/7620MB (lfb 2x4MB) SWAP 2/12002MB (cached 0MB) CPU [1%@1510,1%@1510,2%@1510,3%@1510,3%@1510,1%@1510] GR3D_FREQ 0% cpu@46.875C soc2@46.281C soc0@44.625C gpu@46.281C tj@46.875C soc1@44.5C VDD_IN 4153mW/4161mW VDD_CPU_GPU_CV 996mW/1010mW VDD_SOC 1397mW/1398mW
08-09-2026 23:29:36 RAM 3467/7620MB (lfb 2x4MB) SWAP 2/12002MB (cached 0MB) CPU [1%@1510,0%@1510,1%@1510,2%@1510,1%@1510,1%@1510] GR3D_FREQ 0% cpu@47.156C soc2@46.312C soc0@44.562C gpu@46.187C tj@46.906C soc1@44.531C VDD_IN 4193mW/4162mW VDD_CPU_GPU_CV 996mW/1010mW VDD_SOC 1397mW/1398mW
08-09-2026 23:29:37 RAM 3468/7620MB (lfb 2x4MB) SWAP 2/12002MB (cached 0MB) CPU [1%@1510,7%@1510,4%@1510,5%@1510,3%@1510,2%@1510] GR3D_FREQ 0% cpu@46.968C soc2@46.281C soc0@44.593C gpu@46.343C tj@46.968C soc1@44.656C VDD_IN 4273mW/4164mW VDD_CPU_GPU_CV 1076mW/1011mW VDD_SOC 1397mW/1398mW
08-09-2026 23:29:38 RAM 3468/7620MB (lfb 2x4MB) SWAP 2/12002MB (cached 0MB) CPU [4%@1510,1%@1510,2%@1510,4%@1510,2%@1510,2%@1510] GR3D_FREQ 0% cpu@46.906C soc2@46.375C soc0@44.718C gpu@46.312C tj@46.906C soc1@44.718C VDD_IN 4193mW/4165mW VDD_CPU_GPU_CV 1036mW/1012mW VDD_SOC 1397mW/1398mW
08-09-2026 23:29:39 RAM 3468/7620MB (lfb 2x4MB) SWAP 2/12002MB (cached 0MB) CPU [0%@1510,1%@1510,1%@1510,2%@1510,1%@1510,1%@1510] GR3D_FREQ 0% cpu@46.968C soc2@46.375C soc0@44.687C gpu@46.218C tj@46.968C soc1@44.75C VDD_IN 4153mW/4164mW VDD_CPU_GPU_CV 996mW/1012mW VDD_SOC 1397mW/1398mW
08-09-2026 23:29:40 RAM 3468/7620MB (lfb 2x4MB) SWAP 2/12002MB (cached 0MB) CPU [0%@1510,1%@1510,1%@1510,3%@1510,2%@1510,0%@1510] GR3D_FREQ 0% cpu@47C soc2@46.218C soc0@44.687C gpu@46.343C tj@47C soc1@44.593C VDD_IN 4153mW/4164mW VDD_CPU_GPU_CV 996mW/1011mW VDD_SOC 1397mW/1398mW
08-09-2026 23:29:41 RAM 3468/7620MB (lfb 2x4MB) SWAP 2/12002MB (cached 0MB) CPU [1%@1510,1%@1510,0%@1510,4%@1510,2%@1510,2%@1510] GR3D_FREQ 0% cpu@47.156C soc2@46.312C soc0@44.5C gpu@46.25C tj@47.156C soc1@44.531C VDD_IN 4153mW/4164mW VDD_CPU_GPU_CV 996mW/1011mW VDD_SOC 1397mW/1398mW
08-09-2026 23:29:42 RAM 3468/7620MB (lfb 2x4MB) SWAP 2/12002MB (cached 0MB) CPU [0%@1510,1%@1510,4%@1510,3%@1510,4%@1510,2%@1510] GR3D_FREQ 0% cpu@46.781C soc2@46.343C soc0@44.562C gpu@46.125C tj@46.781C soc1@44.468C VDD_IN 4193mW/4164mW VDD_CPU_GPU_CV 1036mW/1011mW VDD_SOC 1397mW/1398mW
08-09-2026 23:29:43 RAM 3469/7620MB (lfb 2x4MB) SWAP 2/12002MB (cached 0MB) CPU [1%@1510,0%@1510,2%@1510,4%@1510,2%@1510,2%@1510] GR3D_FREQ 0% cpu@46.812C soc2@46.281C soc0@44.468C gpu@46.187C tj@46.812C soc1@44.531C VDD_IN 4193mW/4165mW VDD_CPU_GPU_CV 1036mW/1012mW VDD_SOC 1397mW/1398mW
08-09-2026 23:29:44 RAM 3469/7620MB (lfb 2x4MB) SWAP 2/12002MB (cached 0MB) CPU [1%@1510,0%@1510,1%@1510,5%@1510,1%@1510,2%@1510] GR3D_FREQ 0% cpu@46.875C soc2@46.406C soc0@44.656C gpu@46.187C tj@46.875C soc1@44.625C VDD_IN 4153mW/4165mW VDD_CPU_GPU_CV 996mW/1012mW VDD_SOC 1397mW/1398mW
08-09-2026 23:29:45 RAM 3469/7620MB (lfb 2x4MB) SWAP 2/12002MB (cached 0MB) CPU [1%@1510,0%@1510,1%@1510,3%@1510,1%@1510,2%@1510] GR3D_FREQ 0% cpu@46.875C soc2@46.312C soc0@44.593C gpu@46.25C tj@46.875C soc1@44.437C VDD_IN 4153mW/4165mW VDD_CPU_GPU_CV 996mW/1011mW VDD_SOC 1397mW/1398mW
08-09-2026 23:29:46 RAM 3469/7620MB (lfb 2x4MB) SWAP 2/12002MB (cached 0MB) CPU [0%@1510,0%@1510,1%@1510,3%@1510,2%@1510,1%@1510] GR3D_FREQ 0% cpu@47.093C soc2@46.218C soc0@44.5C gpu@46.187C tj@47.093C soc1@44.406C VDD_IN 4193mW/4165mW VDD_CPU_GPU_CV 996mW/1011mW VDD_SOC 1397mW/1398mW
08-09-2026 23:29:47 RAM 3469/7620MB (lfb 2x4MB) SWAP 2/12002MB (cached 0MB) CPU [1%@1510,1%@1510,2%@1510,4%@1510,4%@1510,2%@1510] GR3D_FREQ 0% cpu@46.875C soc2@46.218C soc0@44.468C gpu@46.281C tj@46.75C soc1@44.406C VDD_IN 4193mW/4166mW VDD_CPU_GPU_CV 1036mW/1011mW VDD_SOC 1397mW/1398mW
08-09-2026 23:29:48 RAM 3470/7620MB (lfb 2x4MB) SWAP 2/12002MB (cached 0MB) CPU [0%@1510,1%@1510,2%@1510,4%@1510,1%@1510,5%@1510] GR3D_FREQ 0% cpu@46.75C soc2@46.281C soc0@44.5C gpu@46.218C tj@46.75C soc1@44.562C VDD_IN 4193mW/4166mW VDD_CPU_GPU_CV 1036mW/1012mW VDD_SOC 1397mW/1398mW
08-09-2026 23:29:49 RAM 3469/7620MB (lfb 2x4MB) SWAP 2/12002MB (cached 0MB) CPU [1%@1510,0%@1510,1%@1510,3%@1510,1%@1510,1%@1510] GR3D_FREQ 0% cpu@46.875C soc2@46.187C soc0@44.468C gpu@46.187C tj@46.875C soc1@44.468C VDD_IN 4153mW/4166mW VDD_CPU_GPU_CV 996mW/1012mW VDD_SOC 1397mW/1398mW
08-09-2026 23:29:50 RAM 3469/7620MB (lfb 2x4MB) SWAP 2/12002MB (cached 0MB) CPU [1%@1510,0%@1510,2%@1510,3%@1510,3%@1510,2%@1510] GR3D_FREQ 0% cpu@46.781C soc2@46.187C soc0@44.531C gpu@46.187C tj@46.781C soc1@44.531C VDD_IN 4153mW/4166mW VDD_CPU_GPU_CV 996mW/1011mW VDD_SOC 1397mW/1397mW
08-09-2026 23:29:51 RAM 3469/7620MB (lfb 2x4MB) SWAP 2/12002MB (cached 0MB) CPU [0%@1510,1%@1510,4%@1510,3%@1510,1%@1510,2%@1510] GR3D_FREQ 0% cpu@47C soc2@46.25C soc0@44.531C gpu@46.187C tj@47C soc1@44.375C VDD_IN 4153mW/4165mW VDD_CPU_GPU_CV 996mW/1011mW VDD_SOC 1397mW/1397mW
08-09-2026 23:29:52 RAM 3469/7620MB (lfb 2x4MB) SWAP 2/12002MB (cached 0MB) CPU [1%@1510,1%@1510,3%@1510,4%@1510,1%@1510,2%@1510] GR3D_FREQ 0% cpu@46.937C soc2@46.156C soc0@44.531C gpu@46.218C tj@46.937C soc1@44.406C VDD_IN 4193mW/4166mW VDD_CPU_GPU_CV 1036mW/1011mW VDD_SOC 1397mW/1397mW
08-09-2026 23:29:53 RAM 3469/7620MB (lfb 2x4MB) SWAP 2/12002MB (cached 0MB) CPU [2%@1510,0%@1510,1%@1510,3%@1510,3%@1510,2%@1510] GR3D_FREQ 0% cpu@47.093C soc2@46.093C soc0@44.406C gpu@46.156C tj@47.093C soc1@44.343C VDD_IN 4153mW/4166mW VDD_CPU_GPU_CV 1036mW/1012mW VDD_SOC 1397mW/1397mW
08-09-2026 23:29:54 RAM 3469/7620MB (lfb 2x4MB) SWAP 2/12002MB (cached 0MB) CPU [0%@1510,1%@1510,3%@1510,3%@1510,1%@1510,3%@1510] GR3D_FREQ 0% cpu@46.875C soc2@46.156C soc0@44.437C gpu@46.218C tj@46.656C soc1@44.437C VDD_IN 4153mW/4165mW VDD_CPU_GPU_CV 996mW/1012mW VDD_SOC 1397mW/1397mW
08-09-2026 23:29:55 RAM 3469/7620MB (lfb 2x4MB) SWAP 2/12002MB (cached 0MB) CPU [0%@1510,0%@1510,1%@1510,3%@1510,1%@1510,0%@1510] GR3D_FREQ 0% cpu@46.718C soc2@46.093C soc0@44.531C gpu@46.25C tj@46.718C soc1@44.437C VDD_IN 4153mW/4165mW VDD_CPU_GPU_CV 996mW/1011mW VDD_SOC 1397mW/1397mW
08-09-2026 23:29:56 RAM 3469/7620MB (lfb 2x4MB) SWAP 2/12002MB (cached 0MB) CPU [2%@1510,0%@1510,2%@1510,3%@1510,5%@1510,0%@1510] GR3D_FREQ 0% cpu@46.75C soc2@46.156C soc0@44.5C gpu@46.25C tj@46.75C soc1@44.531C VDD_IN 4153mW/4165mW VDD_CPU_GPU_CV 996mW/1011mW VDD_SOC 1397mW/1397mW
08-09-2026 23:29:57 RAM 3469/7620MB (lfb 2x4MB) SWAP 2/12002MB (cached 0MB) CPU [1%@1510,1%@1510,1%@1510,4%@1510,3%@1510,4%@1510] GR3D_FREQ 0% cpu@46.906C soc2@46.218C soc0@44.5C gpu@46.25C tj@46.906C soc1@44.375C VDD_IN 4193mW/4165mW VDD_CPU_GPU_CV 1036mW/1011mW VDD_SOC 1397mW/1397mW
08-09-2026 23:29:58 RAM 3469/7620MB (lfb 2x4MB) SWAP 2/12002MB (cached 0MB) CPU [1%@1510,0%@1510,2%@1510,4%@1510,2%@1510,2%@1510] GR3D_FREQ 0% cpu@47.093C soc2@46.093C soc0@44.562C gpu@46.281C tj@47.093C soc1@44.375C VDD_IN 4153mW/4165mW VDD_CPU_GPU_CV 1036mW/1012mW VDD_SOC 1397mW/1397mW
08-09-2026 23:29:59 RAM 3469/7620MB (lfb 2x4MB) SWAP 2/12002MB (cached 0MB) CPU [1%@1510,1%@1510,2%@1510,3%@1510,1%@1510,0%@1510] GR3D_FREQ 0% cpu@46.875C soc2@46.156C soc0@44.625C gpu@46.281C tj@46.875C soc1@44.375C VDD_IN 4153mW/4165mW VDD_CPU_GPU_CV 996mW/1012mW VDD_SOC 1397mW/1397mW
08-09-2026 23:30:00 RAM 3469/7620MB (lfb 2x4MB) SWAP 2/12002MB (cached 0MB) CPU [0%@1510,1%@1510,1%@1510,4%@1510,1%@1510,1%@1510] GR3D_FREQ 0% cpu@46.781C soc2@46.125C soc0@44.406C gpu@46.312C tj@46.781C soc1@44.375C VDD_IN 4153mW/4165mW VDD_CPU_GPU_CV 996mW/1011mW VDD_SOC 1397mW/1397mW
08-09-2026 23:30:01 RAM 3469/7620MB (lfb 2x4MB) SWAP 2/12002MB (cached 0MB) CPU [2%@1510,1%@1510,1%@1510,4%@1510,2%@1510,1%@1510] GR3D_FREQ 0% cpu@46.687C soc2@46.187C soc0@44.437C gpu@46.375C tj@46.687C soc1@44.437C VDD_IN 4153mW/4165mW VDD_CPU_GPU_CV 1036mW/1012mW VDD_SOC 1397mW/1397mW
08-09-2026 23:30:02 RAM 3469/7620MB (lfb 2x4MB) SWAP 2/12002MB (cached 0MB) CPU [4%@1510,1%@1510,2%@1510,4%@1510,2%@1510,1%@1510] GR3D_FREQ 0% cpu@46.687C soc2@46.156C soc0@44.593C gpu@46.343C tj@46.781C soc1@44.437C VDD_IN 4193mW/4165mW VDD_CPU_GPU_CV 1036mW/1012mW VDD_SOC 1397mW/1397mW
08-09-2026 23:30:03 RAM 3469/7620MB (lfb 2x4MB) SWAP 2/12002MB (cached 0MB) CPU [1%@1510,0%@1510,1%@1510,4%@1510,1%@1510,2%@1510] GR3D_FREQ 0% cpu@46.687C soc2@46.093C soc0@44.5C gpu@46.375C tj@46.687C soc1@44.312C VDD_IN 4153mW/4165mW VDD_CPU_GPU_CV 1036mW/1012mW VDD_SOC 1397mW/1397mW
08-09-2026 23:30:04 RAM 3469/7620MB (lfb 2x4MB) SWAP 2/12002MB (cached 0MB) CPU [1%@1510,0%@1510,2%@1510,2%@1510,2%@1510,1%@1510] GR3D_FREQ 0% cpu@47C soc2@46.125C soc0@44.5C gpu@46.375C tj@47C soc1@44.406C VDD_IN 4153mW/4165mW VDD_CPU_GPU_CV 996mW/1012mW VDD_SOC 1397mW/1397mW
08-09-2026 23:30:05 RAM 3469/7620MB (lfb 2x4MB) SWAP 2/12002MB (cached 0MB) CPU [2%@1510,1%@1510,1%@1510,2%@1510,2%@1510,1%@1510] GR3D_FREQ 0% cpu@46.781C soc2@46.125C soc0@44.5C gpu@46.406C tj@46.781C soc1@44.375C VDD_IN 4153mW/4165mW VDD_CPU_GPU_CV 996mW/1012mW VDD_SOC 1397mW/1397mW
08-09-2026 23:30:06 RAM 3469/7620MB (lfb 2x4MB) SWAP 2/12002MB (cached 0MB) CPU [2%@1510,1%@1510,2%@1510,3%@1510,2%@1510,2%@1510] GR3D_FREQ 0% cpu@47.093C soc2@46.187C soc0@44.437C gpu@46.125C tj@47.093C soc1@44.468C VDD_IN 4193mW/4165mW VDD_CPU_GPU_CV 996mW/1012mW VDD_SOC 1397mW/1397mW
08-09-2026 23:30:07 RAM 3469/7620MB (lfb 2x4MB) SWAP 2/12002MB (cached 0MB) CPU [2%@1510,1%@1510,4%@1510,4%@1510,2%@1510,2%@1510] GR3D_FREQ 0% cpu@46.781C soc2@46.062C soc0@44.406C gpu@46.062C tj@46.781C soc1@44.437C VDD_IN 4193mW/4165mW VDD_CPU_GPU_CV 1036mW/1012mW VDD_SOC 1397mW/1397mW
08-09-2026 23:30:08 RAM 3468/7620MB (lfb 2x4MB) SWAP 2/12002MB (cached 0MB) CPU [2%@1510,2%@1510,1%@1510,3%@1510,2%@1510,1%@1510] GR3D_FREQ 0% cpu@46.812C soc2@46.156C soc0@44.593C gpu@46.062C tj@46.812C soc1@44.437C VDD_IN 4193mW/4166mW VDD_CPU_GPU_CV 1036mW/1012mW VDD_SOC 1397mW/1397mW
08-09-2026 23:30:09 RAM 3468/7620MB (lfb 2x4MB) SWAP 2/12002MB (cached 0MB) CPU [3%@1510,2%@1510,1%@1510,3%@1510,1%@1510,0%@1510] GR3D_FREQ 0% cpu@46.968C soc2@46.25C soc0@44.562C gpu@46.125C tj@46.968C soc1@44.625C VDD_IN 4153mW/4165mW VDD_CPU_GPU_CV 996mW/1012mW VDD_SOC 1397mW/1397mW
08-09-2026 23:30:10 RAM 3468/7620MB (lfb 2x4MB) SWAP 2/12002MB (cached 0MB) CPU [2%@1510,1%@1510,1%@1510,2%@1510,3%@1510,1%@1510] GR3D_FREQ 0% cpu@46.875C soc2@46.156C soc0@44.562C gpu@46.156C tj@46.875C soc1@44.375C VDD_IN 4153mW/4165mW VDD_CPU_GPU_CV 1036mW/1012mW VDD_SOC 1397mW/1397mW
08-09-2026 23:30:11 RAM 3468/7620MB (lfb 2x4MB) SWAP 2/12002MB (cached 0MB) CPU [2%@1510,2%@1510,2%@1510,4%@1510,2%@1510,1%@1510] GR3D_FREQ 0% cpu@47.125C soc2@46.125C soc0@44.437C gpu@46.125C tj@47.125C soc1@44.375C VDD_IN 4153mW/4165mW VDD_CPU_GPU_CV 996mW/1012mW VDD_SOC 1397mW/1397mW
08-09-2026 23:30:12 RAM 3469/7620MB (lfb 2x4MB) SWAP 2/12002MB (cached 0MB) CPU [1%@1510,4%@1510,1%@1510,3%@1510,2%@1510,2%@1510] GR3D_FREQ 0% cpu@46.812C soc2@46.218C soc0@44.406C gpu@46.218C tj@46.812C soc1@44.437C VDD_IN 4193mW/4165mW VDD_CPU_GPU_CV 1036mW/1012mW VDD_SOC 1397mW/1397mW
08-09-2026 23:30:13 RAM 3471/7620MB (lfb 2x4MB) SWAP 2/12002MB (cached 0MB) CPU [2%@1510,1%@1510,1%@1510,4%@1510,2%@1510,3%@1510] GR3D_FREQ 0% cpu@46.812C soc2@46.218C soc0@44.531C gpu@46.125C tj@46.812C soc1@44.468C VDD_IN 4193mW/4166mW VDD_CPU_GPU_CV 1036mW/1013mW VDD_SOC 1397mW/1397mW
08-09-2026 23:30:14 RAM 3471/7620MB (lfb 2x4MB) SWAP 2/12002MB (cached 0MB) CPU [2%@1510,1%@1510,1%@1510,3%@1510,2%@1510,0%@1510] GR3D_FREQ 0% cpu@46.718C soc2@46.25C soc0@44.468C gpu@46.125C tj@46.718C soc1@44.5C VDD_IN 4153mW/4166mW VDD_CPU_GPU_CV 996mW/1013mW VDD_SOC 1397mW/1397mW
08-09-2026 23:30:15 RAM 3471/7620MB (lfb 2x4MB) SWAP 2/12002MB (cached 0MB) CPU [1%@1510,1%@1510,0%@1510,3%@1510,3%@1510,0%@1510] GR3D_FREQ 0% cpu@46.812C soc2@46.281C soc0@44.531C gpu@46.281C tj@46.812C soc1@44.375C VDD_IN 4153mW/4165mW VDD_CPU_GPU_CV 996mW/1012mW VDD_SOC 1397mW/1397mW
08-09-2026 23:30:16 RAM 3471/7620MB (lfb 2x4MB) SWAP 2/12002MB (cached 0MB) CPU [2%@1510,1%@1510,0%@1510,2%@1510,2%@1510,1%@1510] GR3D_FREQ 0% cpu@47.031C soc2@46.125C soc0@44.5C gpu@46.281C tj@47.031C soc1@44.343C VDD_IN 4153mW/4165mW VDD_CPU_GPU_CV 996mW/1012mW VDD_SOC 1397mW/1397mW
08-09-2026 23:30:17 RAM 3471/7620MB (lfb 2x4MB) SWAP 2/12002MB (cached 0MB) CPU [2%@1510,1%@1510,3%@1510,3%@1510,3%@1510,3%@1510] GR3D_FREQ 0% cpu@46.843C soc2@46.187C soc0@44.375C gpu@46.312C tj@46.843C soc1@44.375C VDD_IN 4193mW/4166mW VDD_CPU_GPU_CV 1036mW/1012mW VDD_SOC 1397mW/1397mW
08-09-2026 23:30:18 RAM 3471/7620MB (lfb 2x4MB) SWAP 2/12002MB (cached 0MB) CPU [3%@1510,3%@1510,1%@1510,4%@1510,3%@1510,3%@1510] GR3D_FREQ 0% cpu@47.187C soc2@46.093C soc0@44.468C gpu@46.312C tj@47.187C soc1@44.375C VDD_IN 4193mW/4166mW VDD_CPU_GPU_CV 1036mW/1013mW VDD_SOC 1397mW/1397mW
08-09-2026 23:30:19 RAM 3471/7620MB (lfb 2x4MB) SWAP 2/12002MB (cached 0MB) CPU [2%@1510,2%@1510,1%@1510,2%@1510,3%@1510,0%@1510] GR3D_FREQ 0% cpu@46.812C soc2@46.187C soc0@44.437C gpu@46.312C tj@46.812C soc1@44.531C VDD_IN 4153mW/4166mW VDD_CPU_GPU_CV 996mW/1012mW VDD_SOC 1397mW/1397mW
08-09-2026 23:30:20 RAM 3471/7620MB (lfb 2x4MB) SWAP 2/12002MB (cached 0MB) CPU [2%@1510,1%@1510,0%@1510,3%@1510,2%@1510,0%@1510] GR3D_FREQ 0% cpu@46.812C soc2@46.187C soc0@44.5C gpu@46.312C tj@46.812C soc1@44.593C VDD_IN 4153mW/4166mW VDD_CPU_GPU_CV 996mW/1012mW VDD_SOC 1397mW/1397mW
08-09-2026 23:30:21 RAM 3471/7620MB (lfb 2x4MB) SWAP 2/12002MB (cached 0MB) CPU [0%@1510,1%@1510,2%@1510,3%@1510,2%@1510,0%@1510] GR3D_FREQ 0% cpu@47C soc2@46.031C soc0@44.5C gpu@46.031C tj@47C soc1@44.406C VDD_IN 4153mW/4165mW VDD_CPU_GPU_CV 996mW/1012mW VDD_SOC 1397mW/1397mW
08-09-2026 23:30:22 RAM 3471/7620MB (lfb 2x4MB) SWAP 2/12002MB (cached 0MB) CPU [2%@1510,1%@1510,3%@1510,4%@1510,2%@1510,2%@1510] GR3D_FREQ 0% cpu@46.875C soc2@46.156C soc0@44.562C gpu@46.031C tj@46.875C soc1@44.375C VDD_IN 4193mW/4166mW VDD_CPU_GPU_CV 1036mW/1012mW VDD_SOC 1397mW/1397mW
08-09-2026 23:30:23 RAM 3470/7620MB (lfb 2x4MB) SWAP 2/12002MB (cached 0MB) CPU [2%@1510,1%@1510,1%@1510,4%@1510,2%@1510,2%@1510] GR3D_FREQ 0% cpu@47.093C soc2@46.187C soc0@44.406C gpu@46.125C tj@47.093C soc1@44.375C VDD_IN 4153mW/4166mW VDD_CPU_GPU_CV 1036mW/1013mW VDD_SOC 1397mW/1397mW
08-09-2026 23:30:24 RAM 3470/7620MB (lfb 2x4MB) SWAP 2/12002MB (cached 0MB) CPU [2%@1510,1%@1510,0%@1510,2%@1510,1%@1510,1%@1510] GR3D_FREQ 0% cpu@46.687C soc2@46.156C soc0@44.406C gpu@46.062C tj@46.687C soc1@44.375C VDD_IN 4153mW/4165mW VDD_CPU_GPU_CV 996mW/1012mW VDD_SOC 1397mW/1397mW
08-09-2026 23:30:25 RAM 3470/7620MB (lfb 2x4MB) SWAP 2/12002MB (cached 0MB) CPU [3%@1510,0%@1510,1%@1510,3%@1510,1%@1510,1%@1510] GR3D_FREQ 0% cpu@46.843C soc2@46.156C soc0@44.468C gpu@46.093C tj@46.843C soc1@44.5C VDD_IN 4153mW/4165mW VDD_CPU_GPU_CV 996mW/1012mW VDD_SOC 1397mW/1397mW
08-09-2026 23:30:26 RAM 3470/7620MB (lfb 2x4MB) SWAP 2/12002MB (cached 0MB) CPU [1%@1510,1%@1510,1%@1510,3%@1510,0%@1510,1%@1510] GR3D_FREQ 0% cpu@46.75C soc2@46.156C soc0@44.468C gpu@46.187C tj@46.75C soc1@44.531C VDD_IN 4153mW/4165mW VDD_CPU_GPU_CV 996mW/1012mW VDD_SOC 1397mW/1397mW
08-09-2026 23:30:27 RAM 3470/7620MB (lfb 2x4MB) SWAP 2/12002MB (cached 0MB) CPU [3%@1510,2%@1510,3%@1510,5%@1510,4%@1510,0%@1510] GR3D_FREQ 0% cpu@46.875C soc2@46.25C soc0@44.531C gpu@46.187C tj@46.875C soc1@44.312C VDD_IN 4153mW/4165mW VDD_CPU_GPU_CV 1036mW/1012mW VDD_SOC 1397mW/1397mW
08-09-2026 23:30:28 RAM 3470/7620MB (lfb 2x4MB) SWAP 2/12002MB (cached 0MB) CPU [0%@1510,1%@1510,1%@1510,4%@1510,3%@1510,0%@1510] GR3D_FREQ 0% cpu@47.093C soc2@46C soc0@44.593C gpu@46.156C tj@47.093C soc1@44.343C VDD_IN 4153mW/4165mW VDD_CPU_GPU_CV 1036mW/1013mW VDD_SOC 1397mW/1397mW
08-09-2026 23:30:29 RAM 3470/7620MB (lfb 2x4MB) SWAP 2/12002MB (cached 0MB) CPU [2%@1510,0%@1510,1%@1510,3%@1510,3%@1510,1%@1510] GR3D_FREQ 0% cpu@46.937C soc2@46.187C soc0@44.5C gpu@46.125C tj@46.937C soc1@44.375C VDD_IN 4153mW/4165mW VDD_CPU_GPU_CV 996mW/1012mW VDD_SOC 1397mW/1397mW
08-09-2026 23:30:30 RAM 3470/7620MB (lfb 2x4MB) SWAP 2/12002MB (cached 0MB) CPU [1%@1510,1%@1510,1%@1510,3%@1510,1%@1510,1%@1510] GR3D_FREQ 0% cpu@46.75C soc2@46.125C soc0@44.437C gpu@46.218C tj@46.656C soc1@44.406C VDD_IN 4153mW/4165mW VDD_CPU_GPU_CV 996mW/1012mW VDD_SOC 1397mW/1397mW
08-09-2026 23:30:31 RAM 3470/7620MB (lfb 2x4MB) SWAP 2/12002MB (cached 0MB) CPU [1%@1510,1%@1510,2%@1510,1%@1510,1%@1510,3%@1510] GR3D_FREQ 0% cpu@46.75C soc2@46.187C soc0@44.437C gpu@46.156C tj@46.75C soc1@44.5C VDD_IN 4153mW/4165mW VDD_CPU_GPU_CV 996mW/1012mW VDD_SOC 1397mW/1397mW
08-09-2026 23:30:32 RAM 3470/7620MB (lfb 2x4MB) SWAP 2/12002MB (cached 0MB) CPU [1%@1510,3%@1510,2%@1510,5%@1510,3%@1510,3%@1510] GR3D_FREQ 0% cpu@46.781C soc2@46.125C soc0@44.531C gpu@46.25C tj@46.812C soc1@44.5C VDD_IN 4193mW/4165mW VDD_CPU_GPU_CV 1036mW/1012mW VDD_SOC 1397mW/1397mW
08-09-2026 23:30:33 RAM 3470/7620MB (lfb 2x4MB) SWAP 2/12002MB (cached 0MB) CPU [2%@1510,1%@1510,2%@1510,1%@1510,1%@1510,2%@1510] GR3D_FREQ 0% cpu@46.781C soc2@46.156C soc0@44.593C gpu@46.156C tj@46.781C soc1@44.375C VDD_IN 4153mW/4165mW VDD_CPU_GPU_CV 1036mW/1012mW VDD_SOC 1397mW/1397mW
08-09-2026 23:30:34 RAM 3470/7620MB (lfb 2x4MB) SWAP 2/12002MB (cached 0MB) CPU [0%@1510,1%@1510,1%@1510,3%@1510,1%@1510,3%@1510] GR3D_FREQ 0% cpu@46.843C soc2@46.187C soc0@44.593C gpu@46.25C tj@46.843C soc1@44.343C VDD_IN 4153mW/4165mW VDD_CPU_GPU_CV 1036mW/1013mW VDD_SOC 1397mW/1397mW
08-09-2026 23:30:35 RAM 3470/7620MB (lfb 2x4MB) SWAP 2/12002MB (cached 0MB) CPU [2%@1510,1%@1510,1%@1510,0%@1510,1%@1510,2%@1510] GR3D_FREQ 0% cpu@46.781C soc2@46.062C soc0@44.406C gpu@46.187C tj@46.781C soc1@44.406C VDD_IN 4153mW/4165mW VDD_CPU_GPU_CV 996mW/1013mW VDD_SOC 1397mW/1397mW
08-09-2026 23:30:36 RAM 3470/7620MB (lfb 2x4MB) SWAP 2/12002MB (cached 0MB) CPU [0%@1510,2%@1510,1%@1510,0%@1510,1%@1510,3%@1510] GR3D_FREQ 0% cpu@46.781C soc2@46.218C soc0@44.531C gpu@46.281C tj@46.781C soc1@44.437C VDD_IN 4193mW/4165mW VDD_CPU_GPU_CV 1036mW/1013mW VDD_SOC 1397mW/1397mW
08-09-2026 23:30:37 RAM 3471/7620MB (lfb 2x4MB) SWAP 2/12002MB (cached 0MB) CPU [1%@1510,1%@1510,4%@1510,4%@1510,0%@1510,4%@1510] GR3D_FREQ 0% cpu@46.656C soc2@46.25C soc0@44.437C gpu@46.218C tj@46.656C soc1@44.468C VDD_IN 4193mW/4165mW VDD_CPU_GPU_CV 1036mW/1013mW VDD_SOC 1397mW/1397mW
08-09-2026 23:30:38 RAM 3471/7620MB (lfb 2x4MB) SWAP 2/12002MB (cached 0MB) CPU [2%@1510,1%@1510,1%@1510,2%@1510,2%@1510,3%@1510] GR3D_FREQ 0% cpu@46.781C soc2@46.031C soc0@44.5C gpu@46.25C tj@46.781C soc1@44.562C VDD_IN 4153mW/4165mW VDD_CPU_GPU_CV 1036mW/1013mW VDD_SOC 1397mW/1397mW
08-09-2026 23:30:39 RAM 3471/7620MB (lfb 2x4MB) SWAP 2/12002MB (cached 0MB) CPU [1%@1510,1%@1510,1%@1510,2%@1510,1%@1510,2%@1510] GR3D_FREQ 0% cpu@46.906C soc2@46.031C soc0@44.531C gpu@46.281C tj@46.906C soc1@44.375C VDD_IN 4153mW/4165mW VDD_CPU_GPU_CV 996mW/1013mW VDD_SOC 1397mW/1397mW
08-09-2026 23:30:40 RAM 3471/7620MB (lfb 2x4MB) SWAP 2/12002MB (cached 0MB) CPU [1%@1510,1%@1510,2%@1510,1%@1510,1%@1510,4%@1510] GR3D_FREQ 0% cpu@46.718C soc2@46.062C soc0@44.531C gpu@46.281C tj@46.718C soc1@44.281C VDD_IN 4153mW/4165mW VDD_CPU_GPU_CV 996mW/1013mW VDD_SOC 1397mW/1397mW
08-09-2026 23:30:41 RAM 3471/7620MB (lfb 2x4MB) SWAP 2/12002MB (cached 0MB) CPU [1%@1510,1%@1510,0%@1510,0%@1510,3%@1510,2%@1510] GR3D_FREQ 0% cpu@47C soc2@46.031C soc0@44.406C gpu@46.343C tj@47C soc1@44.437C VDD_IN 4153mW/4165mW VDD_CPU_GPU_CV 996mW/1013mW VDD_SOC 1397mW/1397mW
08-09-2026 23:30:42 RAM 3471/7620MB (lfb 2x4MB) SWAP 2/12002MB (cached 0MB) CPU [2%@1510,2%@1510,4%@1510,5%@1510,2%@1510,3%@1510] GR3D_FREQ 0% cpu@46.718C soc2@46.125C soc0@44.375C gpu@46.281C tj@46.718C soc1@44.468C VDD_IN 4153mW/4164mW VDD_CPU_GPU_CV 1036mW/1013mW VDD_SOC 1397mW/1397mW
08-09-2026 23:30:43 RAM 3471/7620MB (lfb 2x4MB) SWAP 2/12002MB (cached 0MB) CPU [3%@1510,2%@1510,0%@1510,0%@1510,2%@1510,3%@1510] GR3D_FREQ 0% cpu@46.781C soc2@46.25C soc0@44.406C gpu@46.375C tj@46.781C soc1@44.437C VDD_IN 4153mW/4164mW VDD_CPU_GPU_CV 1036mW/1013mW VDD_SOC 1397mW/1397mW
08-09-2026 23:30:44 RAM 3471/7620MB (lfb 2x4MB) SWAP 2/12002MB (cached 0MB) CPU [1%@1510,1%@1510,0%@1510,1%@1510,1%@1510,2%@1510] GR3D_FREQ 0% cpu@46.906C soc2@46.187C soc0@44.593C gpu@46.375C tj@46.906C soc1@44.531C VDD_IN 4153mW/4164mW VDD_CPU_GPU_CV 996mW/1013mW VDD_SOC 1397mW/1397mW
08-09-2026 23:30:45 RAM 3471/7620MB (lfb 2x4MB) SWAP 2/12002MB (cached 0MB) CPU [2%@1510,1%@1510,1%@1510,1%@1510,1%@1510,4%@1510] GR3D_FREQ 0% cpu@46.875C soc2@46.031C soc0@44.531C gpu@46.156C tj@46.875C soc1@44.375C VDD_IN 4153mW/4164mW VDD_CPU_GPU_CV 996mW/1013mW VDD_SOC 1397mW/1397mW
08-09-2026 23:30:46 RAM 3471/7620MB (lfb 2x4MB) SWAP 2/12002MB (cached 0MB) CPU [2%@1510,0%@1510,1%@1510,2%@1510,2%@1510,2%@1510] GR3D_FREQ 0% cpu@46.968C soc2@46.093C soc0@44.562C gpu@46.093C tj@46.968C soc1@44.375C VDD_IN 4153mW/4164mW VDD_CPU_GPU_CV 996mW/1013mW VDD_SOC 1397mW/1397mW
08-09-2026 23:30:47 RAM 3471/7620MB (lfb 2x4MB) SWAP 2/12002MB (cached 0MB) CPU [2%@1510,1%@1510,3%@1510,2%@1510,3%@1510,5%@1510] GR3D_FREQ 0% cpu@46.656C soc2@46.093C soc0@44.343C gpu@46.062C tj@46.656C soc1@44.375C VDD_IN 4153mW/4164mW VDD_CPU_GPU_CV 1036mW/1013mW VDD_SOC 1397mW/1397mW
08-09-2026 23:30:48 RAM 3472/7620MB (lfb 2x4MB) SWAP 2/12002MB (cached 0MB) CPU [2%@1510,1%@1510,1%@1510,1%@1510,1%@1510,4%@1510] GR3D_FREQ 0% cpu@46.75C soc2@46.093C soc0@44.375C gpu@46.062C tj@46.75C soc1@44.343C VDD_IN 4153mW/4164mW VDD_CPU_GPU_CV 1036mW/1013mW VDD_SOC 1397mW/1397mW
08-09-2026 23:30:49 RAM 3472/7620MB (lfb 2x4MB) SWAP 2/12002MB (cached 0MB) CPU [2%@1510,1%@1510,1%@1510,1%@1510,0%@1510,4%@1510] GR3D_FREQ 0% cpu@46.75C soc2@46.25C soc0@44.468C gpu@46.156C tj@46.75C soc1@44.437C VDD_IN 4153mW/4164mW VDD_CPU_GPU_CV 996mW/1013mW VDD_SOC 1397mW/1397mW
08-09-2026 23:30:50 RAM 3472/7620MB (lfb 2x4MB) SWAP 2/12002MB (cached 0MB) CPU [2%@1510,2%@1510,1%@1510,0%@1510,1%@1510,4%@1510] GR3D_FREQ 0% cpu@46.75C soc2@46.125C soc0@44.406C gpu@46C tj@46.75C soc1@44.562C VDD_IN 4113mW/4163mW VDD_CPU_GPU_CV 996mW/1013mW VDD_SOC 1397mW/1397mW
08-09-2026 23:30:51 RAM 3472/7620MB (lfb 2x4MB) SWAP 2/12002MB (cached 0MB) CPU [3%@1510,0%@1510,0%@1510,1%@1510,0%@1510,3%@1510] GR3D_FREQ 0% cpu@46.906C soc2@46.093C soc0@44.5C gpu@46.156C tj@46.906C soc1@44.25C VDD_IN 4153mW/4163mW VDD_CPU_GPU_CV 996mW/1013mW VDD_SOC 1397mW/1397mW
08-09-2026 23:30:52 RAM 3472/7620MB (lfb 2x4MB) SWAP 2/12002MB (cached 0MB) CPU [1%@1510,1%@1510,2%@1510,6%@1510,1%@1510,2%@1510] GR3D_FREQ 0% cpu@46.781C soc2@46.031C soc0@44.5C gpu@46.125C tj@46.75C soc1@44.375C VDD_IN 4153mW/4163mW VDD_CPU_GPU_CV 1036mW/1013mW VDD_SOC 1397mW/1397mW
08-09-2026 23:30:53 RAM 3472/7620MB (lfb 2x4MB) SWAP 2/12002MB (cached 0MB) CPU [2%@1510,1%@1510,2%@1510,4%@1510,2%@1510,1%@1510] GR3D_FREQ 0% cpu@47.093C soc2@46.062C soc0@44.375C gpu@46.156C tj@47.093C soc1@44.312C VDD_IN 4153mW/4163mW VDD_CPU_GPU_CV 1036mW/1013mW VDD_SOC 1397mW/1397mW
08-09-2026 23:30:54 RAM 3472/7620MB (lfb 2x4MB) SWAP 2/12002MB (cached 0MB) CPU [1%@1510,0%@1510,1%@1510,2%@1510,2%@1510,1%@1510] GR3D_FREQ 0% cpu@46.656C soc2@46.125C soc0@44.437C gpu@46.187C tj@46.656C soc1@44.406C VDD_IN 4153mW/4163mW VDD_CPU_GPU_CV 996mW/1013mW VDD_SOC 1397mW/1397mW
08-09-2026 23:30:55 RAM 3472/7620MB (lfb 2x4MB) SWAP 2/12002MB (cached 0MB) CPU [1%@1510,1%@1510,1%@1510,3%@1510,2%@1510,2%@1510] GR3D_FREQ 0% cpu@46.781C soc2@46.062C soc0@44.437C gpu@46C tj@46.781C soc1@44.468C VDD_IN 4153mW/4163mW VDD_CPU_GPU_CV 996mW/1013mW VDD_SOC 1397mW/1397mW
08-09-2026 23:30:56 RAM 3472/7620MB (lfb 2x4MB) SWAP 2/12002MB (cached 0MB) CPU [2%@1510,2%@1510,0%@1510,3%@1510,0%@1510,0%@1510] GR3D_FREQ 0% cpu@46.75C soc2@46.093C soc0@44.468C gpu@46.093C tj@46.937C soc1@44.218C VDD_IN 4153mW/4163mW VDD_CPU_GPU_CV 996mW/1013mW VDD_SOC 1397mW/1397mW
08-09-2026 23:30:57 RAM 3472/7620MB (lfb 2x4MB) SWAP 2/12002MB (cached 0MB) CPU [2%@1510,1%@1510,2%@1510,5%@1510,1%@1510,2%@1510] GR3D_FREQ 0% cpu@46.812C soc2@46.031C soc0@44.5C gpu@46.156C tj@46.812C soc1@44.343C VDD_IN 4153mW/4163mW VDD_CPU_GPU_CV 1036mW/1013mW VDD_SOC 1397mW/1397mW
08-09-2026 23:30:58 RAM 3473/7620MB (lfb 2x4MB) SWAP 2/12002MB (cached 0MB) CPU [2%@1510,2%@1510,1%@1510,3%@1510,1%@1510,3%@1510] GR3D_FREQ 0% cpu@47.031C soc2@46.062C soc0@44.562C gpu@46.156C tj@47.031C soc1@44.343C VDD_IN 4153mW/4163mW VDD_CPU_GPU_CV 1036mW/1013mW VDD_SOC 1397mW/1397mW
08-09-2026 23:30:59 RAM 3473/7620MB (lfb 2x4MB) SWAP 2/12002MB (cached 0MB) CPU [2%@1510,1%@1510,0%@1510,3%@1510,1%@1510,2%@1510] GR3D_FREQ 0% cpu@46.875C soc2@46.093C soc0@44.375C gpu@46.281C tj@46.875C soc1@44.375C VDD_IN 4153mW/4163mW VDD_CPU_GPU_CV 996mW/1013mW VDD_SOC 1397mW/1397mW
08-09-2026 23:31:00 RAM 3473/7620MB (lfb 2x4MB) SWAP 2/12002MB (cached 0MB) CPU [1%@1510,2%@1510,3%@1510,3%@1510,1%@1510,0%@1510] GR3D_FREQ 0% cpu@46.781C soc2@46C soc0@44.375C gpu@46.187C tj@46.781C soc1@44.343C VDD_IN 4153mW/4162mW VDD_CPU_GPU_CV 1036mW/1013mW VDD_SOC 1397mW/1397mW
08-09-2026 23:31:01 RAM 3473/7620MB (lfb 2x4MB) SWAP 2/12002MB (cached 0MB) CPU [1%@1510,1%@1510,0%@1510,3%@1510,1%@1510,1%@1510] GR3D_FREQ 0% cpu@46.843C soc2@46.062C soc0@44.531C gpu@46C tj@46.843C soc1@44.281C VDD_IN 4153mW/4162mW VDD_CPU_GPU_CV 996mW/1013mW VDD_SOC 1397mW/1397mW
08-09-2026 23:31:02 RAM 3473/7620MB (lfb 2x4MB) SWAP 2/12002MB (cached 0MB) CPU [1%@1510,1%@1510,2%@1510,4%@1510,4%@1510,2%@1510] GR3D_FREQ 0% cpu@46.781C soc2@46.031C soc0@44.312C gpu@46.218C tj@46.781C soc1@44.375C VDD_IN 4153mW/4162mW VDD_CPU_GPU_CV 1036mW/1013mW VDD_SOC 1397mW/1397mW
08-09-2026 23:31:03 RAM 3473/7620MB (lfb 2x4MB) SWAP 2/12002MB (cached 0MB) CPU [1%@1510,2%@1510,2%@1510,3%@1510,2%@1510,1%@1510] GR3D_FREQ 0% cpu@46.656C soc2@46.156C soc0@44.406C gpu@46.281C tj@46.656C soc1@44.406C VDD_IN 4153mW/4162mW VDD_CPU_GPU_CV 996mW/1013mW VDD_SOC 1397mW/1397mW
08-09-2026 23:31:04 RAM 3473/7620MB (lfb 2x4MB) SWAP 2/12002MB (cached 0MB) CPU [0%@1510,1%@1510,2%@1510,3%@1510,0%@1510,0%@1510] GR3D_FREQ 0% cpu@46.843C soc2@46.062C soc0@44.468C gpu@46C tj@46.843C soc1@44.5C VDD_IN 4153mW/4162mW VDD_CPU_GPU_CV 996mW/1013mW VDD_SOC 1397mW/1397mW
08-09-2026 23:31:05 RAM 3473/7620MB (lfb 2x4MB) SWAP 2/12002MB (cached 0MB) CPU [1%@1510,1%@1510,1%@1510,3%@1510,1%@1510,1%@1510] GR3D_FREQ 0% cpu@46.656C soc2@46.031C soc0@44.5C gpu@45.906C tj@46.656C soc1@44.25C VDD_IN 4153mW/4162mW VDD_CPU_GPU_CV 996mW/1013mW VDD_SOC 1397mW/1397mW
08-09-2026 23:31:06 RAM 3473/7620MB (lfb 2x4MB) SWAP 2/12002MB (cached 0MB) CPU [1%@1510,1%@1510,0%@1510,3%@1510,0%@1510,1%@1510] GR3D_FREQ 0% cpu@46.875C soc2@46.062C soc0@44.375C gpu@46.031C tj@46.875C soc1@44.343C VDD_IN 4153mW/4162mW VDD_CPU_GPU_CV 996mW/1012mW VDD_SOC 1397mW/1397mW
08-09-2026 23:31:07 RAM 3472/7620MB (lfb 2x4MB) SWAP 2/12002MB (cached 0MB) CPU [1%@1510,1%@1510,2%@1510,6%@1510,2%@1510,0%@1510] GR3D_FREQ 0% cpu@46.718C soc2@46.093C soc0@44.375C gpu@46.25C tj@46.718C soc1@44.406C VDD_IN 4153mW/4162mW VDD_CPU_GPU_CV 1036mW/1013mW VDD_SOC 1397mW/1397mW
08-09-2026 23:31:08 RAM 3472/7620MB (lfb 2x4MB) SWAP 2/12002MB (cached 0MB) CPU [1%@1510,1%@1510,2%@1510,3%@1510,2%@1510,1%@1510] GR3D_FREQ 0% cpu@46.968C soc2@46.062C soc0@44.468C gpu@46.312C tj@46.968C soc1@44.312C VDD_IN 4153mW/4162mW VDD_CPU_GPU_CV 996mW/1013mW VDD_SOC 1397mW/1397mW
08-09-2026 23:31:09 RAM 3472/7620MB (lfb 2x4MB) SWAP 2/12002MB (cached 0MB) CPU [1%@1510,2%@1510,1%@1510,2%@1510,1%@1510,2%@1510] GR3D_FREQ 0% cpu@46.687C soc2@45.937C soc0@44.375C gpu@46C tj@46.687C soc1@44.218C VDD_IN 4153mW/4162mW VDD_CPU_GPU_CV 996mW/1012mW VDD_SOC 1397mW/1397mW
08-09-2026 23:31:10 RAM 3472/7620MB (lfb 2x4MB) SWAP 2/12002MB (cached 0MB) CPU [3%@1510,1%@1510,1%@1510,3%@1510,0%@1510,2%@1510] GR3D_FREQ 0% cpu@46.718C soc2@46.031C soc0@44.375C gpu@46.031C tj@46.718C soc1@44.343C VDD_IN 4153mW/4162mW VDD_CPU_GPU_CV 996mW/1012mW VDD_SOC 1397mW/1397mW
08-09-2026 23:31:11 RAM 3472/7620MB (lfb 2x4MB) SWAP 2/12002MB (cached 0MB) CPU [2%@1510,1%@1510,1%@1510,3%@1510,0%@1510,2%@1510] GR3D_FREQ 0% cpu@46.843C soc2@46.125C soc0@44.375C gpu@46.25C tj@46.843C soc1@44.5C VDD_IN 4153mW/4162mW VDD_CPU_GPU_CV 996mW/1012mW VDD_SOC 1397mW/1397mW
08-09-2026 23:31:12 RAM 3471/7620MB (lfb 2x4MB) SWAP 2/12002MB (cached 0MB) CPU [1%@1510,2%@1510,2%@1510,4%@1510,3%@1510,2%@1510] GR3D_FREQ 0% cpu@46.656C soc2@45.968C soc0@44.5C gpu@46.25C tj@46.656C soc1@44.25C VDD_IN 4153mW/4162mW VDD_CPU_GPU_CV 1036mW/1012mW VDD_SOC 1397mW/1397mW
08-09-2026 23:31:13 RAM 3471/7620MB (lfb 2x4MB) SWAP 2/12002MB (cached 0MB) CPU [2%@1510,2%@1510,0%@1510,2%@1510,3%@1510,2%@1510] GR3D_FREQ 0% cpu@46.875C soc2@46C soc0@44.312C gpu@46.062C tj@46.875C soc1@44.312C VDD_IN 4153mW/4162mW VDD_CPU_GPU_CV 1036mW/1012mW VDD_SOC 1397mW/1397mW
08-09-2026 23:31:14 RAM 3471/7620MB (lfb 2x4MB) SWAP 2/12002MB (cached 0MB) CPU [1%@1510,0%@1510,0%@1510,3%@1510,1%@1510,1%@1510] GR3D_FREQ 0% cpu@46.625C soc2@46.062C soc0@44.375C gpu@45.968C tj@46.75C soc1@44.468C VDD_IN 4153mW/4162mW VDD_CPU_GPU_CV 996mW/1012mW VDD_SOC 1397mW/1397mW
08-09-2026 23:31:15 RAM 3471/7620MB (lfb 2x4MB) SWAP 2/12002MB (cached 0MB) CPU [1%@1510,1%@1510,2%@1510,2%@1510,1%@1510,1%@1510] GR3D_FREQ 0% cpu@46.718C soc2@46.062C soc0@44.375C gpu@46.281C tj@46.968C soc1@44.218C VDD_IN 4153mW/4161mW VDD_CPU_GPU_CV 996mW/1012mW VDD_SOC 1397mW/1397mW
08-09-2026 23:31:16 RAM 3471/7620MB (lfb 2x4MB) SWAP 2/12002MB (cached 0MB) CPU [1%@1510,1%@1510,0%@1510,2%@1510,1%@1510,2%@1510] GR3D_FREQ 0% cpu@46.812C soc2@46.062C soc0@44.343C gpu@46.343C tj@46.75C soc1@44.312C VDD_IN 4153mW/4161mW VDD_CPU_GPU_CV 996mW/1012mW VDD_SOC 1397mW/1397mW
08-09-2026 23:31:17 RAM 3471/7620MB (lfb 2x4MB) SWAP 2/12002MB (cached 0MB) CPU [3%@1510,1%@1510,1%@1510,3%@1510,4%@1510,5%@1510] GR3D_FREQ 0% cpu@46.625C soc2@46.062C soc0@44.375C gpu@46.062C tj@46.718C soc1@44.375C VDD_IN 4153mW/4161mW VDD_CPU_GPU_CV 1036mW/1012mW VDD_SOC 1397mW/1397mW
08-09-2026 23:31:18 RAM 3471/7620MB (lfb 2x4MB) SWAP 2/12002MB (cached 0MB) CPU [2%@1510,2%@1510,3%@1510,2%@1510,1%@1510,2%@1510] GR3D_FREQ 0% cpu@46.625C soc2@46.093C soc0@44.343C gpu@46.156C tj@46.625C soc1@44.281C VDD_IN 4153mW/4161mW VDD_CPU_GPU_CV 996mW/1012mW VDD_SOC 1397mW/1397mW
08-09-2026 23:31:19 RAM 3471/7620MB (lfb 2x4MB) SWAP 2/12002MB (cached 0MB) CPU [1%@1510,1%@1510,0%@1510,2%@1510,2%@1510,0%@1510] GR3D_FREQ 0% cpu@46.781C soc2@45.968C soc0@44.5C gpu@46.375C tj@46.781C soc1@44.281C VDD_IN 4153mW/4161mW VDD_CPU_GPU_CV 996mW/1012mW VDD_SOC 1397mW/1397mW
08-09-2026 23:31:20 RAM 3471/7620MB (lfb 2x4MB) SWAP 2/12002MB (cached 0MB) CPU [1%@1510,0%@1510,0%@1510,3%@1510,0%@1510,2%@1510] GR3D_FREQ 0% cpu@46.968C soc2@46.031C soc0@44.375C gpu@46.375C tj@46.968C soc1@44.375C VDD_IN 4153mW/4161mW VDD_CPU_GPU_CV 996mW/1012mW VDD_SOC 1397mW/1397mW
08-09-2026 23:31:21 RAM 3471/7620MB (lfb 2x4MB) SWAP 2/12002MB (cached 0MB) CPU [0%@1510,0%@1510,1%@1510,4%@1510,1%@1510,2%@1510] GR3D_FREQ 0% cpu@46.625C soc2@46.093C soc0@44.375C gpu@46.437C tj@46.625C soc1@44.437C VDD_IN 4153mW/4161mW VDD_CPU_GPU_CV 996mW/1012mW VDD_SOC 1397mW/1397mW
08-09-2026 23:31:22 RAM 3471/7620MB (lfb 2x4MB) SWAP 2/12002MB (cached 0MB) CPU [2%@1510,1%@1510,2%@1510,3%@1510,2%@1510,4%@1510] GR3D_FREQ 0% cpu@46.718C soc2@46.156C soc0@44.375C gpu@46.125C tj@46.718C soc1@44.281C VDD_IN 4153mW/4161mW VDD_CPU_GPU_CV 1036mW/1012mW VDD_SOC 1397mW/1397mW
08-09-2026 23:31:23 RAM 3471/7620MB (lfb 2x4MB) SWAP 2/12002MB (cached 0MB) CPU [2%@1510,2%@1510,1%@1510,3%@1510,1%@1510,2%@1510] GR3D_FREQ 0% cpu@46.843C soc2@45.968C soc0@44.593C gpu@46.093C tj@46.843C soc1@44.218C VDD_IN 4153mW/4161mW VDD_CPU_GPU_CV 996mW/1012mW VDD_SOC 1397mW/1397mW
08-09-2026 23:31:24 RAM 3471/7620MB (lfb 2x4MB) SWAP 2/12002MB (cached 0MB) CPU [1%@1510,0%@1510,3%@1510,5%@1510,1%@1510,1%@1510] GR3D_FREQ 0% cpu@46.656C soc2@46.031C soc0@44.343C gpu@46.125C tj@46.656C soc1@44.375C VDD_IN 4153mW/4161mW VDD_CPU_GPU_CV 996mW/1012mW VDD_SOC 1397mW/1397mW
08-09-2026 23:31:25 RAM 3471/7620MB (lfb 2x4MB) SWAP 2/12002MB (cached 0MB) CPU [3%@1510,1%@1510,2%@1510,2%@1510,1%@1510,2%@1510] GR3D_FREQ 0% cpu@46.656C soc2@45.968C soc0@44.375C gpu@45.875C tj@46.656C soc1@44.375C VDD_IN 4153mW/4161mW VDD_CPU_GPU_CV 996mW/1012mW VDD_SOC 1397mW/1397mW
08-09-2026 23:31:26 RAM 3471/7620MB (lfb 2x4MB) SWAP 2/12002MB (cached 0MB) CPU [1%@1510,0%@1510,2%@1510,2%@1510,0%@1510,2%@1510] GR3D_FREQ 0% cpu@46.718C soc2@46.093C soc0@44.468C gpu@45.843C tj@46.718C soc1@44.218C VDD_IN 4153mW/4161mW VDD_CPU_GPU_CV 996mW/1012mW VDD_SOC 1397mW/1397mW
08-09-2026 23:31:27 RAM 3472/7620MB (lfb 2x4MB) SWAP 2/12002MB (cached 0MB) CPU [1%@1510,1%@1510,1%@1510,4%@1510,2%@1510,4%@1510] GR3D_FREQ 0% cpu@47.062C soc2@46C soc0@44.437C gpu@45.937C tj@47.062C soc1@44.312C VDD_IN 4153mW/4161mW VDD_CPU_GPU_CV 996mW/1011mW VDD_SOC 1397mW/1397mW
08-09-2026 23:31:28 RAM 3473/7620MB (lfb 2x4MB) SWAP 2/12002MB (cached 0MB) CPU [4%@1510,2%@1510,5%@1510,51%@1510,4%@1510,5%@1510] GR3D_FREQ 0% cpu@46.906C soc2@46.093C soc0@44.312C gpu@46.031C tj@46.906C soc1@44.375C VDD_IN 4689mW/4164mW VDD_CPU_GPU_CV 1349mW/1014mW VDD_SOC 1430mW/1397mW
08-09-2026 23:31:29 RAM 3473/7620MB (lfb 2x4MB) SWAP 2/12002MB (cached 0MB) CPU [1%@1510,2%@1510,0%@1510,0%@1510,0%@1510,1%@1510] GR3D_FREQ 0% cpu@46.593C soc2@46.031C soc0@44.375C gpu@46.156C tj@46.593C soc1@44.406C VDD_IN 4153mW/4164mW VDD_CPU_GPU_CV 1036mW/1014mW VDD_SOC 1397mW/1397mW
08-09-2026 23:31:31 RAM 3473/7620MB (lfb 2x4MB) SWAP 2/12002MB (cached 0MB) CPU [1%@1510,1%@1510,0%@1510,0%@1510,1%@1510,2%@1510] GR3D_FREQ 0% cpu@46.625C soc2@46.187C soc0@44.437C gpu@46.125C tj@46.625C soc1@44.468C VDD_IN 4113mW/4164mW VDD_CPU_GPU_CV 996mW/1014mW VDD_SOC 1397mW/1397mW
08-09-2026 23:31:32 RAM 3473/7620MB (lfb 2x4MB) SWAP 2/12002MB (cached 0MB) CPU [1%@1510,0%@1510,0%@1510,0%@1510,0%@1510,3%@1510] GR3D_FREQ 0% cpu@46.75C soc2@46.031C soc0@44.437C gpu@46.156C tj@46.75C soc1@44.281C VDD_IN 4113mW/4163mW VDD_CPU_GPU_CV 996mW/1014mW VDD_SOC 1397mW/1397mW
08-09-2026 23:31:33 RAM 3473/7620MB (lfb 2x4MB) SWAP 2/12002MB (cached 0MB) CPU [2%@1510,0%@1510,1%@1510,2%@1510,3%@1510,3%@1510] GR3D_FREQ 0% cpu@47C soc2@46.031C soc0@44.281C gpu@46C tj@47C soc1@44.218C VDD_IN 4113mW/4163mW VDD_CPU_GPU_CV 996mW/1013mW VDD_SOC 1397mW/1397mW
08-09-2026 23:31:34 RAM 3473/7620MB (lfb 2x4MB) SWAP 2/12002MB (cached 0MB) CPU [3%@1510,0%@1510,1%@1510,1%@1510,2%@1510,1%@1510] GR3D_FREQ 0% cpu@46.687C soc2@46.031C soc0@44.375C gpu@45.937C tj@46.687C soc1@44.343C VDD_IN 4113mW/4163mW VDD_CPU_GPU_CV 996mW/1013mW VDD_SOC 1397mW/1397mW
08-09-2026 23:31:35 RAM 3473/7620MB (lfb 2x4MB) SWAP 2/12002MB (cached 0MB) CPU [1%@1510,0%@1510,0%@1510,1%@1510,1%@1510,2%@1510] GR3D_FREQ 0% cpu@46.75C soc2@46.031C soc0@44.437C gpu@46C tj@46.75C soc1@44.375C VDD_IN 4113mW/4162mW VDD_CPU_GPU_CV 996mW/1013mW VDD_SOC 1397mW/1397mW
08-09-2026 23:31:36 RAM 3473/7620MB (lfb 2x4MB) SWAP 2/12002MB (cached 0MB) CPU [0%@1510,0%@1510,0%@1510,0%@1510,0%@1510,2%@1510] GR3D_FREQ 0% cpu@46.937C soc2@46.062C soc0@44.375C gpu@46C tj@46.937C soc1@44.25C VDD_IN 4113mW/4162mW VDD_CPU_GPU_CV 996mW/1013mW VDD_SOC 1397mW/1397mW
08-09-2026 23:31:37 RAM 3473/7620MB (lfb 2x4MB) SWAP 2/12002MB (cached 0MB) CPU [1%@1510,0%@1510,0%@1510,0%@1510,1%@1510,2%@1510] GR3D_FREQ 0% cpu@46.843C soc2@46C soc0@44.468C gpu@46.156C tj@46.843C soc1@44.343C VDD_IN 4113mW/4162mW VDD_CPU_GPU_CV 996mW/1013mW VDD_SOC 1397mW/1397mW
08-09-2026 23:31:38 RAM 3473/7620MB (lfb 2x4MB) SWAP 2/12002MB (cached 0MB) CPU [1%@1510,1%@1510,3%@1510,1%@1510,1%@1510,2%@1510] GR3D_FREQ 0% cpu@47C soc2@46C soc0@44.375C gpu@46.281C tj@47C soc1@44.343C VDD_IN 4113mW/4162mW VDD_CPU_GPU_CV 996mW/1013mW VDD_SOC 1397mW/1397mW
08-09-2026 23:31:39 RAM 3473/7620MB (lfb 2x4MB) SWAP 2/12002MB (cached 0MB) CPU [2%@1510,0%@1510,1%@1510,1%@1510,1%@1510,2%@1510] GR3D_FREQ 0% cpu@46.718C soc2@46C soc0@44.375C gpu@46.156C tj@46.718C soc1@44.375C VDD_IN 4113mW/4161mW VDD_CPU_GPU_CV 996mW/1013mW VDD_SOC 1397mW/1397mW
08-09-2026 23:31:40 RAM 3473/7620MB (lfb 2x4MB) SWAP 2/12002MB (cached 0MB) CPU [1%@1510,0%@1510,0%@1510,0%@1510,0%@1510,1%@1510] GR3D_FREQ 0% cpu@46.781C soc2@46.093C soc0@44.437C gpu@46.218C tj@46.781C soc1@44.437C VDD_IN 4113mW/4161mW VDD_CPU_GPU_CV 996mW/1013mW VDD_SOC 1397mW/1397mW
08-09-2026 23:31:41 RAM 3473/7620MB (lfb 2x4MB) SWAP 2/12002MB (cached 0MB) CPU [0%@1510,0%@1510,1%@1510,0%@1510,2%@1510,1%@1510] GR3D_FREQ 0% cpu@46.875C soc2@45.968C soc0@44.437C gpu@46.281C tj@46.875C soc1@44.281C VDD_IN 4113mW/4161mW VDD_CPU_GPU_CV 996mW/1013mW VDD_SOC 1397mW/1397mW
08-09-2026 23:31:42 RAM 3473/7620MB (lfb 2x4MB) SWAP 2/12002MB (cached 0MB) CPU [1%@1510,1%@1510,0%@1510,1%@1510,0%@1510,1%@1510] GR3D_FREQ 0% cpu@46.812C soc2@45.968C soc0@44.5C gpu@45.937C tj@46.687C soc1@44.312C VDD_IN 4113mW/4160mW VDD_CPU_GPU_CV 996mW/1012mW VDD_SOC 1397mW/1397mW
08-09-2026 23:31:43 RAM 3473/7620MB (lfb 2x4MB) SWAP 2/12002MB (cached 0MB) CPU [1%@1510,1%@1510,3%@1510,1%@1510,1%@1510,4%@1510] GR3D_FREQ 0% cpu@47C soc2@46.062C soc0@44.406C gpu@46.031C tj@47C soc1@44.343C VDD_IN 4113mW/4160mW VDD_CPU_GPU_CV 996mW/1012mW VDD_SOC 1397mW/1397mW
08-09-2026 23:31:44 RAM 3472/7620MB (lfb 2x4MB) SWAP 2/12002MB (cached 0MB) CPU [1%@1510,0%@1510,1%@1510,1%@1510,0%@1510,2%@1510] GR3D_FREQ 0% cpu@46.593C soc2@46.062C soc0@44.343C gpu@46.031C tj@46.593C soc1@44.375C VDD_IN 4113mW/4160mW VDD_CPU_GPU_CV 996mW/1012mW VDD_SOC 1397mW/1397mW
08-09-2026 23:31:45 RAM 3472/7620MB (lfb 2x4MB) SWAP 2/12002MB (cached 0MB) CPU [2%@1510,1%@1510,3%@1510,1%@1510,1%@1510,1%@1510] GR3D_FREQ 0% cpu@46.656C soc2@46.062C soc0@44.375C gpu@46.093C tj@46.656C soc1@44.468C VDD_IN 4113mW/4160mW VDD_CPU_GPU_CV 996mW/1012mW VDD_SOC 1397mW/1397mW
08-09-2026 23:31:46 RAM 3472/7620MB (lfb 2x4MB) SWAP 2/12002MB (cached 0MB) CPU [0%@1510,1%@1510,1%@1510,3%@1510,0%@1510,1%@1510] GR3D_FREQ 0% cpu@46.625C soc2@46.125C soc0@44.375C gpu@45.968C tj@46.906C soc1@44.281C VDD_IN 4113mW/4159mW VDD_CPU_GPU_CV 996mW/1012mW VDD_SOC 1397mW/1397mW
08-09-2026 23:31:47 RAM 3472/7620MB (lfb 2x4MB) SWAP 2/12002MB (cached 0MB) CPU [1%@1510,0%@1510,1%@1510,0%@1510,1%@1510,1%@1510] GR3D_FREQ 0% cpu@46.718C soc2@46.062C soc0@44.531C gpu@46.093C tj@46.718C soc1@44.25C VDD_IN 4113mW/4159mW VDD_CPU_GPU_CV 996mW/1012mW VDD_SOC 1397mW/1397mW
08-09-2026 23:31:48 RAM 3473/7620MB (lfb 2x4MB) SWAP 2/12002MB (cached 0MB) CPU [1%@1510,1%@1510,2%@1510,3%@1510,1%@1510,2%@1510] GR3D_FREQ 0% cpu@46.968C soc2@46C soc0@44.437C gpu@46.031C tj@46.968C soc1@44.312C VDD_IN 4113mW/4159mW VDD_CPU_GPU_CV 996mW/1012mW VDD_SOC 1397mW/1397mW
08-09-2026 23:31:49 RAM 3473/7620MB (lfb 2x4MB) SWAP 2/12002MB (cached 0MB) CPU [1%@1510,3%@1510,1%@1510,2%@1510,2%@1510,3%@1510] GR3D_FREQ 0% cpu@46.812C soc2@46C soc0@44.375C gpu@46.125C tj@46.625C soc1@44.343C VDD_IN 4113mW/4159mW VDD_CPU_GPU_CV 996mW/1012mW VDD_SOC 1397mW/1397mW
08-09-2026 23:31:50 RAM 3473/7620MB (lfb 2x4MB) SWAP 2/12002MB (cached 0MB) CPU [0%@1510,0%@1510,0%@1510,1%@1510,1%@1510,1%@1510] GR3D_FREQ 0% cpu@46.656C soc2@46.093C soc0@44.375C gpu@46.187C tj@46.656C soc1@44.375C VDD_IN 4113mW/4158mW VDD_CPU_GPU_CV 996mW/1012mW VDD_SOC 1397mW/1397mW
08-09-2026 23:31:51 RAM 3473/7620MB (lfb 2x4MB) SWAP 2/12002MB (cached 0MB) CPU [1%@1510,1%@1510,0%@1510,1%@1510,0%@1510,1%@1510] GR3D_FREQ 0% cpu@46.687C soc2@46.125C soc0@44.343C gpu@46.031C tj@46.687C soc1@44.375C VDD_IN 4193mW/4158mW VDD_CPU_GPU_CV 996mW/1012mW VDD_SOC 1397mW/1397mW
08-09-2026 23:31:52 RAM 3473/7620MB (lfb 2x4MB) SWAP 2/12002MB (cached 0MB) CPU [0%@1510,0%@1510,0%@1510,1%@1510,1%@1510,2%@1510] GR3D_FREQ 0% cpu@46.75C soc2@46.093C soc0@44.468C gpu@46.156C tj@46.75C soc1@44.531C VDD_IN 4113mW/4158mW VDD_CPU_GPU_CV 996mW/1012mW VDD_SOC 1397mW/1397mW
08-09-2026 23:31:53 RAM 3473/7620MB (lfb 2x4MB) SWAP 2/12002MB (cached 0MB) CPU [1%@1510,2%@1510,1%@1510,3%@1510,0%@1510,2%@1510] GR3D_FREQ 0% cpu@46.937C soc2@46.062C soc0@44.531C gpu@46.093C tj@46.937C soc1@44.281C VDD_IN 4113mW/4158mW VDD_CPU_GPU_CV 996mW/1011mW VDD_SOC 1397mW/1397mW
08-09-2026 23:31:54 RAM 3473/7620MB (lfb 2x4MB) SWAP 2/12002MB (cached 0MB) CPU [0%@1510,0%@1510,0%@1510,1%@1510,3%@1510,1%@1510] GR3D_FREQ 0% cpu@46.812C soc2@46.062C soc0@44.343C gpu@46.125C tj@46.812C soc1@44.218C VDD_IN 4113mW/4158mW VDD_CPU_GPU_CV 996mW/1011mW VDD_SOC 1397mW/1397mW
08-09-2026 23:31:55 RAM 3473/7620MB (lfb 2x4MB) SWAP 2/12002MB (cached 0MB) CPU [1%@1510,0%@1510,0%@1510,1%@1510,2%@1510,1%@1510] GR3D_FREQ 0% cpu@46.656C soc2@46.062C soc0@44.406C gpu@46.156C tj@46.625C soc1@44.375C VDD_IN 4113mW/4157mW VDD_CPU_GPU_CV 996mW/1011mW VDD_SOC 1397mW/1397mW
08-09-2026 23:31:56 RAM 3473/7620MB (lfb 2x4MB) SWAP 2/12002MB (cached 0MB) CPU [0%@1510,1%@1510,1%@1510,0%@1510,1%@1510,1%@1510] GR3D_FREQ 0% cpu@46.718C soc2@46.125C soc0@44.375C gpu@46.218C tj@46.718C soc1@44.375C VDD_IN 4153mW/4157mW VDD_CPU_GPU_CV 996mW/1011mW VDD_SOC 1397mW/1397mW
08-09-2026 23:31:57 RAM 3473/7620MB (lfb 2x4MB) SWAP 2/12002MB (cached 0MB) CPU [0%@1510,1%@1510,0%@1510,2%@1510,1%@1510,1%@1510] GR3D_FREQ 0% cpu@46.781C soc2@46.031C soc0@44.375C gpu@46.25C tj@46.781C soc1@44.468C VDD_IN 4153mW/4157mW VDD_CPU_GPU_CV 996mW/1011mW VDD_SOC 1397mW/1397mW
08-09-2026 23:31:58 RAM 3474/7620MB (lfb 2x4MB) SWAP 2/12002MB (cached 0MB) CPU [1%@1510,1%@1510,1%@1510,3%@1510,1%@1510,2%@1510] GR3D_FREQ 0% cpu@46.718C soc2@46.156C soc0@44.468C gpu@46.156C tj@46.718C soc1@44.468C VDD_IN 4113mW/4157mW VDD_CPU_GPU_CV 996mW/1011mW VDD_SOC 1397mW/1397mW
08-09-2026 23:31:59 RAM 3475/7620MB (lfb 2x4MB) SWAP 2/12002MB (cached 0MB) CPU [3%@1510,0%@1510,1%@1510,0%@1510,1%@1510,1%@1510] GR3D_FREQ 0% cpu@46.843C soc2@46.062C soc0@44.468C gpu@46.25C tj@46.843C soc1@44.375C VDD_IN 4113mW/4157mW VDD_CPU_GPU_CV 996mW/1011mW VDD_SOC 1397mW/1397mW
08-09-2026 23:32:00 RAM 3475/7620MB (lfb 2x4MB) SWAP 2/12002MB (cached 0MB) CPU [0%@1510,0%@1510,1%@1510,0%@1510,1%@1510,2%@1510] GR3D_FREQ 0% cpu@46.625C soc2@46.031C soc0@44.343C gpu@46.312C tj@46.625C soc1@44.312C VDD_IN 4113mW/4157mW VDD_CPU_GPU_CV 996mW/1011mW VDD_SOC 1397mW/1397mW
08-09-2026 23:32:01 RAM 3475/7620MB (lfb 2x4MB) SWAP 2/12002MB (cached 0MB) CPU [1%@1510,0%@1510,1%@1510,0%@1510,0%@1510,1%@1510] GR3D_FREQ 0% cpu@46.937C soc2@46.093C soc0@44.312C gpu@46.375C tj@46.906C soc1@44.375C VDD_IN 4113mW/4156mW VDD_CPU_GPU_CV 996mW/1011mW VDD_SOC 1397mW/1397mW
08-09-2026 23:32:02 RAM 3475/7620MB (lfb 2x4MB) SWAP 2/12002MB (cached 0MB) CPU [2%@1510,0%@1510,1%@1510,1%@1510,3%@1510,2%@1510] GR3D_FREQ 0% cpu@46.656C soc2@46.031C soc0@44.375C gpu@46.343C tj@46.656C soc1@44.468C VDD_IN 4193mW/4157mW VDD_CPU_GPU_CV 1036mW/1011mW VDD_SOC 1397mW/1397mW
08-09-2026 23:32:03 RAM 3475/7620MB (lfb 2x4MB) SWAP 2/12002MB (cached 0MB) CPU [1%@1510,0%@1510,1%@1510,1%@1510,0%@1510,1%@1510] GR3D_FREQ 0% cpu@46.656C soc2@46.156C soc0@44.468C gpu@46.375C tj@46.656C soc1@44.437C VDD_IN 4113mW/4156mW VDD_CPU_GPU_CV 996mW/1011mW VDD_SOC 1397mW/1397mW
08-09-2026 23:32:04 RAM 3475/7620MB (lfb 2x4MB) SWAP 2/12002MB (cached 0MB) CPU [1%@1510,0%@1510,1%@1510,1%@1510,1%@1510,2%@1510] GR3D_FREQ 0% cpu@46.843C soc2@46.093C soc0@44.437C gpu@46.375C tj@46.843C soc1@44.312C VDD_IN 4113mW/4156mW VDD_CPU_GPU_CV 996mW/1011mW VDD_SOC 1397mW/1397mW
08-09-2026 23:32:05 RAM 3475/7620MB (lfb 2x4MB) SWAP 2/12002MB (cached 0MB) CPU [0%@1510,1%@1510,0%@1510,1%@1510,0%@1510,2%@1510] GR3D_FREQ 0% cpu@46.718C soc2@46.062C soc0@44.5C gpu@46.062C tj@46.718C soc1@44.343C VDD_IN 4113mW/4156mW VDD_CPU_GPU_CV 996mW/1011mW VDD_SOC 1397mW/1397mW
08-09-2026 23:32:06 RAM 3475/7620MB (lfb 2x4MB) SWAP 2/12002MB (cached 0MB) CPU [2%@1510,0%@1510,0%@1510,1%@1510,1%@1510,1%@1510] GR3D_FREQ 0% cpu@46.906C soc2@46.031C soc0@44.312C gpu@46.062C tj@46.906C soc1@44.281C VDD_IN 4113mW/4156mW VDD_CPU_GPU_CV 996mW/1011mW VDD_SOC 1397mW/1397mW
08-09-2026 23:32:07 RAM 3476/7620MB (lfb 2x4MB) SWAP 2/12002MB (cached 0MB) CPU [0%@1510,3%@1510,4%@1510,3%@1510,0%@1510,2%@1510] GR3D_FREQ 0% cpu@46.875C soc2@46.093C soc0@44.343C gpu@46.093C tj@46.875C soc1@44.375C VDD_IN 4233mW/4156mW VDD_CPU_GPU_CV 1036mW/1011mW VDD_SOC 1397mW/1397mW
08-09-2026 23:32:08 RAM 3476/7620MB (lfb 2x4MB) SWAP 2/12002MB (cached 0MB) CPU [1%@1510,0%@1510,0%@1510,1%@1510,0%@1510,2%@1510] GR3D_FREQ 0% cpu@46.656C soc2@46.093C soc0@44.375C gpu@46.156C tj@46.656C soc1@44.406C VDD_IN 4153mW/4156mW VDD_CPU_GPU_CV 1036mW/1011mW VDD_SOC 1397mW/1397mW
08-09-2026 23:32:09 RAM 3476/7620MB (lfb 2x4MB) SWAP 2/12002MB (cached 0MB) CPU [2%@1510,0%@1510,1%@1510,1%@1510,1%@1510,2%@1510] GR3D_FREQ 0% cpu@46.75C soc2@46.093C soc0@44.375C gpu@46.187C tj@46.75C soc1@44.5C VDD_IN 4113mW/4156mW VDD_CPU_GPU_CV 996mW/1011mW VDD_SOC 1397mW/1397mW
08-09-2026 23:32:10 RAM 3476/7620MB (lfb 2x4MB) SWAP 2/12002MB (cached 0MB) CPU [3%@1510,1%@1510,0%@1510,0%@1510,1%@1510,1%@1510] GR3D_FREQ 0% cpu@46.781C soc2@46.031C soc0@44.406C gpu@46.093C tj@46.781C soc1@44.218C VDD_IN 4153mW/4156mW VDD_CPU_GPU_CV 996mW/1011mW VDD_SOC 1397mW/1397mW
08-09-2026 23:32:11 RAM 3476/7620MB (lfb 2x4MB) SWAP 2/12002MB (cached 0MB) CPU [0%@1510,0%@1510,0%@1510,1%@1510,1%@1510,1%@1510] GR3D_FREQ 0% cpu@46.906C soc2@46.031C soc0@44.5C gpu@46.156C tj@46.906C soc1@44.312C VDD_IN 4113mW/4156mW VDD_CPU_GPU_CV 996mW/1011mW VDD_SOC 1397mW/1397mW
08-09-2026 23:32:12 RAM 3477/7620MB (lfb 2x4MB) SWAP 2/12002MB (cached 0MB) CPU [0%@1510,2%@1510,1%@1510,4%@1510,1%@1510,2%@1510] GR3D_FREQ 0% cpu@46.75C soc2@46C soc0@44.312C gpu@46.093C tj@46.718C soc1@44.25C VDD_IN 4432mW/4157mW VDD_CPU_GPU_CV 1036mW/1011mW VDD_SOC 1397mW/1397mW
08-09-2026 23:32:13 RAM 3477/7620MB (lfb 2x4MB) SWAP 2/12002MB (cached 0MB) CPU [2%@1510,0%@1510,1%@1510,2%@1510,2%@1510,1%@1510] GR3D_FREQ 0% cpu@47C soc2@46.062C soc0@44.343C gpu@46.093C tj@47C soc1@44.375C VDD_IN 4233mW/4157mW VDD_CPU_GPU_CV 1036mW/1011mW VDD_SOC 1397mW/1397mW
08-09-2026 23:32:14 RAM 3477/7620MB (lfb 2x4MB) SWAP 2/12002MB (cached 0MB) CPU [1%@1510,1%@1510,0%@1510,1%@1510,1%@1510,1%@1510] GR3D_FREQ 0% cpu@46.625C soc2@46.093C soc0@44.375C gpu@46.187C tj@46.625C soc1@44.375C VDD_IN 4113mW/4157mW VDD_CPU_GPU_CV 996mW/1011mW VDD_SOC 1397mW/1397mW
08-09-2026 23:32:15 RAM 3477/7620MB (lfb 2x4MB) SWAP 2/12002MB (cached 0MB) CPU [1%@1510,0%@1510,0%@1510,1%@1510,1%@1510,1%@1510] GR3D_FREQ 0% cpu@46.625C soc2@46.062C soc0@44.406C gpu@46.156C tj@46.625C soc1@44.5C VDD_IN 4113mW/4157mW VDD_CPU_GPU_CV 996mW/1011mW VDD_SOC 1397mW/1397mW
08-09-2026 23:32:16 RAM 3477/7620MB (lfb 2x4MB) SWAP 2/12002MB (cached 0MB) CPU [0%@1510,1%@1510,1%@1510,1%@1510,1%@1510,0%@1510] GR3D_FREQ 0% cpu@46.875C soc2@46.125C soc0@44.406C gpu@46.125C tj@46.875C soc1@44.343C VDD_IN 4113mW/4157mW VDD_CPU_GPU_CV 996mW/1011mW VDD_SOC 1397mW/1397mW
08-09-2026 23:32:17 RAM 3477/7620MB (lfb 2x4MB) SWAP 2/12002MB (cached 0MB) CPU [1%@1510,0%@1510,3%@1510,2%@1510,1%@1510,1%@1510] GR3D_FREQ 0% cpu@46.687C soc2@46.031C soc0@44.437C gpu@46.125C tj@46.687C soc1@44.218C VDD_IN 4432mW/4158mW VDD_CPU_GPU_CV 1036mW/1011mW VDD_SOC 1397mW/1397mW
08-09-2026 23:32:18 RAM 3477/7620MB (lfb 2x4MB) SWAP 2/12002MB (cached 0MB) CPU [1%@1510,0%@1510,1%@1510,2%@1510,1%@1510,0%@1510] GR3D_FREQ 0% cpu@46.687C soc2@46.031C soc0@44.437C gpu@45.937C tj@46.687C soc1@44.375C VDD_IN 4193mW/4158mW VDD_CPU_GPU_CV 996mW/1011mW VDD_SOC 1397mW/1397mW
08-09-2026 23:32:19 RAM 3477/7620MB (lfb 2x4MB) SWAP 2/12002MB (cached 0MB) CPU [0%@1510,0%@1510,0%@1510,2%@1510,1%@1510,1%@1510] GR3D_FREQ 0% cpu@46.718C soc2@46.062C soc0@44.406C gpu@46.156C tj@46.718C soc1@44.375C VDD_IN 4113mW/4158mW VDD_CPU_GPU_CV 996mW/1011mW VDD_SOC 1397mW/1397mW
08-09-2026 23:32:21 RAM 3477/7620MB (lfb 2x4MB) SWAP 2/12002MB (cached 0MB) CPU [0%@1510,0%@1510,0%@1510,3%@1510,1%@1510,0%@1510] GR3D_FREQ 0% cpu@46.906C soc2@46.062C soc0@44.531C gpu@46.093C tj@46.906C soc1@44.343C VDD_IN 4113mW/4158mW VDD_CPU_GPU_CV 996mW/1011mW VDD_SOC 1397mW/1397mW
08-09-2026 23:32:22 RAM 3477/7620MB (lfb 2x4MB) SWAP 2/12002MB (cached 0MB) CPU [0%@1510,1%@1510,1%@1510,1%@1510,1%@1510,1%@1510] GR3D_FREQ 0% cpu@46.718C soc2@46.062C soc0@44.375C gpu@46.218C tj@46.718C soc1@44.312C VDD_IN 4113mW/4158mW VDD_CPU_GPU_CV 996mW/1010mW VDD_SOC 1397mW/1397mW
08-09-2026 23:32:23 RAM 3477/7620MB (lfb 2x4MB) SWAP 2/12002MB (cached 0MB) CPU [1%@1510,0%@1510,3%@1510,2%@1510,2%@1510,3%@1510] GR3D_FREQ 0% cpu@46.656C soc2@46.093C soc0@44.468C gpu@46.125C tj@46.656C soc1@44.343C VDD_IN 4113mW/4157mW VDD_CPU_GPU_CV 996mW/1010mW VDD_SOC 1397mW/1397mW
08-09-2026 23:32:24 RAM 3476/7620MB (lfb 2x4MB) SWAP 2/12002MB (cached 0MB) CPU [0%@1510,0%@1510,0%@1510,2%@1510,2%@1510,1%@1510] GR3D_FREQ 0% cpu@46.75C soc2@46.031C soc0@44.468C gpu@46.156C tj@46.75C soc1@44.437C VDD_IN 4113mW/4157mW VDD_CPU_GPU_CV 996mW/1010mW VDD_SOC 1397mW/1397mW
08-09-2026 23:32:25 RAM 3476/7620MB (lfb 2x4MB) SWAP 2/12002MB (cached 0MB) CPU [1%@1510,0%@1510,0%@1510,1%@1510,0%@1510,2%@1510] GR3D_FREQ 0% cpu@46.687C soc2@46.031C soc0@44.562C gpu@46C tj@46.625C soc1@44.312C VDD_IN 4113mW/4157mW VDD_CPU_GPU_CV 996mW/1010mW VDD_SOC 1397mW/1397mW
08-09-2026 23:32:26 RAM 3476/7620MB (lfb 2x4MB) SWAP 2/12002MB (cached 0MB) CPU [1%@1510,0%@1510,0%@1510,1%@1510,1%@1510,1%@1510] GR3D_FREQ 0% cpu@46.843C soc2@46.093C soc0@44.375C gpu@46.031C tj@46.843C soc1@44.375C VDD_IN 4113mW/4157mW VDD_CPU_GPU_CV 996mW/1010mW VDD_SOC 1397mW/1397mW
08-09-2026 23:32:27 RAM 3476/7620MB (lfb 2x4MB) SWAP 2/12002MB (cached 0MB) CPU [0%@1510,0%@1510,0%@1510,0%@1510,1%@1510,1%@1510] GR3D_FREQ 0% cpu@46.75C soc2@46.031C soc0@44.406C gpu@46.156C tj@46.75C soc1@44.531C VDD_IN 4113mW/4157mW VDD_CPU_GPU_CV 996mW/1010mW VDD_SOC 1397mW/1397mW
08-09-2026 23:32:28 RAM 3476/7620MB (lfb 2x4MB) SWAP 2/12002MB (cached 0MB) CPU [0%@1510,1%@1510,2%@1510,2%@1510,3%@1510,3%@1510] GR3D_FREQ 0% cpu@46.937C soc2@46.031C soc0@44.468C gpu@46.031C tj@46.937C soc1@44.343C VDD_IN 4113mW/4156mW VDD_CPU_GPU_CV 996mW/1010mW VDD_SOC 1397mW/1397mW
08-09-2026 23:32:29 RAM 3476/7620MB (lfb 2x4MB) SWAP 2/12002MB (cached 0MB) CPU [0%@1510,0%@1510,1%@1510,2%@1510,1%@1510,1%@1510] GR3D_FREQ 0% cpu@46.656C soc2@46.062C soc0@44.375C gpu@46C tj@46.656C soc1@44.375C VDD_IN 4113mW/4156mW VDD_CPU_GPU_CV 996mW/1010mW VDD_SOC 1397mW/1397mW
08-09-2026 23:32:30 RAM 3476/7620MB (lfb 2x4MB) SWAP 2/12002MB (cached 0MB) CPU [0%@1510,0%@1510,3%@1510,1%@1510,1%@1510,1%@1510] GR3D_FREQ 0% cpu@46.718C soc2@46.093C soc0@44.375C gpu@45.968C tj@46.718C soc1@44.437C VDD_IN 4113mW/4156mW VDD_CPU_GPU_CV 996mW/1010mW VDD_SOC 1397mW/1397mW
08-09-2026 23:32:31 RAM 3476/7620MB (lfb 2x4MB) SWAP 2/12002MB (cached 0MB) CPU [1%@1510,0%@1510,1%@1510,1%@1510,1%@1510,0%@1510] GR3D_FREQ 0% cpu@46.687C soc2@46.093C soc0@44.437C gpu@46.031C tj@46.843C soc1@44.531C VDD_IN 4113mW/4156mW VDD_CPU_GPU_CV 996mW/1010mW VDD_SOC 1397mW/1397mW
08-09-2026 23:32:32 RAM 3476/7620MB (lfb 2x4MB) SWAP 2/12002MB (cached 0MB) CPU [0%@1510,0%@1510,0%@1510,1%@1510,2%@1510,1%@1510] GR3D_FREQ 0% cpu@46.781C soc2@46.156C soc0@44.437C gpu@45.937C tj@46.781C soc1@44.312C VDD_IN 4113mW/4156mW VDD_CPU_GPU_CV 996mW/1010mW VDD_SOC 1397mW/1397mW
08-09-2026 23:32:33 RAM 3476/7620MB (lfb 2x4MB) SWAP 2/12002MB (cached 0MB) CPU [0%@1510,1%@1510,1%@1510,3%@1510,1%@1510,4%@1510] GR3D_FREQ 0% cpu@46.937C soc2@46.125C soc0@44.468C gpu@45.968C tj@46.937C soc1@44.343C VDD_IN 4113mW/4155mW VDD_CPU_GPU_CV 996mW/1010mW VDD_SOC 1397mW/1397mW
08-09-2026 23:32:34 RAM 3475/7620MB (lfb 2x4MB) SWAP 2/12002MB (cached 0MB) CPU [0%@1510,0%@1510,1%@1510,1%@1510,2%@1510,1%@1510] GR3D_FREQ 0% cpu@46.656C soc2@46.062C soc0@44.312C gpu@46.031C tj@46.656C soc1@44.312C VDD_IN 4113mW/4155mW VDD_CPU_GPU_CV 996mW/1010mW VDD_SOC 1397mW/1397mW
08-09-2026 23:32:35 RAM 3475/7620MB (lfb 2x4MB) SWAP 2/12002MB (cached 0MB) CPU [1%@1510,1%@1510,1%@1510,1%@1510,0%@1510,1%@1510] GR3D_FREQ 0% cpu@47.093C soc2@46C soc0@44.375C gpu@46.031C tj@47.093C soc1@44.343C VDD_IN 4113mW/4155mW VDD_CPU_GPU_CV 996mW/1010mW VDD_SOC 1397mW/1397mW
08-09-2026 23:32:36 RAM 3475/7620MB (lfb 2x4MB) SWAP 2/12002MB (cached 0MB) CPU [0%@1510,0%@1510,1%@1510,1%@1510,2%@1510,0%@1510] GR3D_FREQ 0% cpu@46.625C soc2@46.062C soc0@44.375C gpu@45.968C tj@46.625C soc1@44.375C VDD_IN 4113mW/4155mW VDD_CPU_GPU_CV 996mW/1010mW VDD_SOC 1397mW/1397mW
08-09-2026 23:32:37 RAM 3475/7620MB (lfb 2x4MB) SWAP 2/12002MB (cached 0MB) CPU [1%@1510,0%@1510,1%@1510,1%@1510,1%@1510,1%@1510] GR3D_FREQ 0% cpu@46.687C soc2@46.093C soc0@44.437C gpu@45.968C tj@46.687C soc1@44.375C VDD_IN 4113mW/4155mW VDD_CPU_GPU_CV 996mW/1009mW VDD_SOC 1397mW/1397mW
08-09-2026 23:32:38 RAM 3475/7620MB (lfb 2x4MB) SWAP 2/12002MB (cached 0MB) CPU [0%@1510,0%@1510,2%@1510,4%@1510,2%@1510,2%@1510] GR3D_FREQ 0% cpu@46.687C soc2@46.093C soc0@44.437C gpu@46.093C tj@46.687C soc1@44.25C VDD_IN 4113mW/4154mW VDD_CPU_GPU_CV 996mW/1009mW VDD_SOC 1397mW/1397mW
08-09-2026 23:32:39 RAM 3475/7620MB (lfb 2x4MB) SWAP 2/12002MB (cached 0MB) CPU [1%@1510,0%@1510,1%@1510,1%@1510,2%@1510,3%@1510] GR3D_FREQ 0% cpu@46.843C soc2@45.968C soc0@44.437C gpu@46.156C tj@46.843C soc1@44.281C VDD_IN 4113mW/4154mW VDD_CPU_GPU_CV 996mW/1009mW VDD_SOC 1397mW/1397mW
08-09-2026 23:32:40 RAM 3475/7620MB (lfb 2x4MB) SWAP 2/12002MB (cached 0MB) CPU [1%@1510,0%@1510,0%@1510,1%@1510,1%@1510,0%@1510] GR3D_FREQ 0% cpu@47C soc2@46.031C soc0@44.437C gpu@46.093C tj@47C soc1@44.375C VDD_IN 4113mW/4154mW VDD_CPU_GPU_CV 996mW/1009mW VDD_SOC 1397mW/1397mW
08-09-2026 23:32:41 RAM 3475/7620MB (lfb 2x4MB) SWAP 2/12002MB (cached 0MB) CPU [1%@1510,1%@1510,0%@1510,1%@1510,1%@1510,3%@1510] GR3D_FREQ 0% cpu@46.843C soc2@45.968C soc0@44.343C gpu@46.093C tj@46.843C soc1@44.343C VDD_IN 4113mW/4154mW VDD_CPU_GPU_CV 996mW/1009mW VDD_SOC 1397mW/1397mW
08-09-2026 23:32:42 RAM 3475/7620MB (lfb 2x4MB) SWAP 2/12002MB (cached 0MB) CPU [0%@1510,0%@1510,0%@1510,1%@1510,0%@1510,2%@1510] GR3D_FREQ 0% cpu@46.625C soc2@46.062C soc0@44.375C gpu@46.125C tj@46.625C soc1@44.312C VDD_IN 4113mW/4154mW VDD_CPU_GPU_CV 996mW/1009mW VDD_SOC 1397mW/1397mW
08-09-2026 23:32:43 RAM 3475/7620MB (lfb 2x4MB) SWAP 2/12002MB (cached 0MB) CPU [1%@1510,0%@1510,2%@1510,2%@1510,2%@1510,3%@1510] GR3D_FREQ 0% cpu@46.718C soc2@46.062C soc0@44.343C gpu@46.125C tj@46.718C soc1@44.375C VDD_IN 4113mW/4153mW VDD_CPU_GPU_CV 996mW/1009mW VDD_SOC 1397mW/1397mW
08-09-2026 23:32:44 RAM 3475/7620MB (lfb 2x4MB) SWAP 2/12002MB (cached 0MB) CPU [0%@1510,0%@1510,0%@1510,2%@1510,1%@1510,1%@1510] GR3D_FREQ 0% cpu@46.781C soc2@46.062C soc0@44.375C gpu@46.187C tj@46.781C soc1@44.468C VDD_IN 4113mW/4153mW VDD_CPU_GPU_CV 996mW/1009mW VDD_SOC 1397mW/1397mW
08-09-2026 23:32:45 RAM 3475/7620MB (lfb 2x4MB) SWAP 2/12002MB (cached 0MB) CPU [1%@1510,1%@1510,1%@1510,0%@1510,1%@1510,1%@1510] GR3D_FREQ 0% cpu@46.656C soc2@46.093C soc0@44.437C gpu@46.125C tj@46.656C soc1@44.312C VDD_IN 4113mW/4153mW VDD_CPU_GPU_CV 996mW/1009mW VDD_SOC 1397mW/1397mW
08-09-2026 23:32:46 RAM 3475/7620MB (lfb 2x4MB) SWAP 2/12002MB (cached 0MB) CPU [1%@1510,0%@1510,0%@1510,1%@1510,1%@1510,1%@1510] GR3D_FREQ 0% cpu@46.875C soc2@46.031C soc0@44.437C gpu@46.031C tj@46.875C soc1@44.343C VDD_IN 4113mW/4153mW VDD_CPU_GPU_CV 996mW/1009mW VDD_SOC 1397mW/1397mW
08-09-2026 23:32:47 RAM 3475/7620MB (lfb 2x4MB) SWAP 2/12002MB (cached 0MB) CPU [2%@1510,0%@1510,1%@1510,2%@1510,2%@1510,1%@1510] GR3D_FREQ 0% cpu@46.687C soc2@46.093C soc0@44.375C gpu@46.125C tj@46.687C soc1@44.281C VDD_IN 4153mW/4153mW VDD_CPU_GPU_CV 996mW/1009mW VDD_SOC 1397mW/1397mW
08-09-2026 23:32:48 RAM 3475/7620MB (lfb 2x4MB) SWAP 2/12002MB (cached 0MB) CPU [1%@1510,0%@1510,0%@1510,4%@1510,2%@1510,3%@1510] GR3D_FREQ 0% cpu@46.687C soc2@46.093C soc0@44.343C gpu@46.218C tj@46.687C soc1@44.343C VDD_IN 4113mW/4153mW VDD_CPU_GPU_CV 996mW/1009mW VDD_SOC 1397mW/1397mW
08-09-2026 23:32:49 RAM 3474/7620MB (lfb 2x4MB) SWAP 2/12002MB (cached 0MB) CPU [0%@1510,1%@1510,1%@1510,2%@1510,2%@1510,0%@1510] GR3D_FREQ 0% cpu@46.625C soc2@46.062C soc0@44.375C gpu@45.906C tj@46.625C soc1@44.406C VDD_IN 4113mW/4153mW VDD_CPU_GPU_CV 996mW/1009mW VDD_SOC 1397mW/1397mW
08-09-2026 23:32:50 RAM 3474/7620MB (lfb 2x4MB) SWAP 2/12002MB (cached 0MB) CPU [1%@1510,0%@1510,2%@1510,1%@1510,0%@1510,0%@1510] GR3D_FREQ 0% cpu@46.687C soc2@46.125C soc0@44.406C gpu@45.968C tj@46.687C soc1@44.531C VDD_IN 4113mW/4152mW VDD_CPU_GPU_CV 996mW/1009mW VDD_SOC 1397mW/1397mW
08-09-2026 23:32:51 RAM 3474/7620MB (lfb 2x4MB) SWAP 2/12002MB (cached 0MB) CPU [1%@1510,1%@1510,0%@1510,1%@1510,0%@1510,1%@1510] GR3D_FREQ 0% cpu@46.937C soc2@46.093C soc0@44.468C gpu@46C tj@46.937C soc1@44.218C VDD_IN 4113mW/4152mW VDD_CPU_GPU_CV 996mW/1009mW VDD_SOC 1397mW/1397mW
08-09-2026 23:32:52 RAM 3475/7620MB (lfb 2x4MB) SWAP 2/12002MB (cached 0MB) CPU [0%@1510,1%@1510,1%@1510,4%@1510,2%@1510,2%@1510] GR3D_FREQ 0% cpu@46.656C soc2@45.968C soc0@44.25C gpu@45.968C tj@46.656C soc1@44.218C VDD_IN 4193mW/4152mW VDD_CPU_GPU_CV 1036mW/1009mW VDD_SOC 1397mW/1397mW
08-09-2026 23:32:53 RAM 3475/7620MB (lfb 2x4MB) SWAP 2/12002MB (cached 0MB) CPU [1%@1510,0%@1510,0%@1510,1%@1510,2%@1510,2%@1510] GR3D_FREQ 0% cpu@46.968C soc2@46.062C soc0@44.375C gpu@45.937C tj@46.906C soc1@44.375C VDD_IN 4113mW/4152mW VDD_CPU_GPU_CV 996mW/1009mW VDD_SOC 1397mW/1397mW
08-09-2026 23:32:54 RAM 3475/7620MB (lfb 2x4MB) SWAP 2/12002MB (cached 0MB) CPU [1%@1510,0%@1510,0%@1510,2%@1510,1%@1510,2%@1510] GR3D_FREQ 0% cpu@46.625C soc2@46C soc0@44.437C gpu@46C tj@46.625C soc1@44.406C VDD_IN 4153mW/4152mW VDD_CPU_GPU_CV 996mW/1009mW VDD_SOC 1397mW/1397mW
08-09-2026 23:32:55 RAM 3475/7620MB (lfb 2x4MB) SWAP 2/12002MB (cached 0MB) CPU [1%@1510,0%@1510,0%@1510,1%@1510,1%@1510,2%@1510] GR3D_FREQ 0% cpu@46.718C soc2@46.093C soc0@44.375C gpu@46C tj@46.718C soc1@44.375C VDD_IN 4113mW/4152mW VDD_CPU_GPU_CV 996mW/1009mW VDD_SOC 1397mW/1397mW
08-09-2026 23:32:56 RAM 3475/7620MB (lfb 2x4MB) SWAP 2/12002MB (cached 0MB) CPU [1%@1510,1%@1510,0%@1510,1%@1510,1%@1510,0%@1510] GR3D_FREQ 0% cpu@46.812C soc2@45.968C soc0@44.437C gpu@46.031C tj@46.812C soc1@44.343C VDD_IN 4113mW/4152mW VDD_CPU_GPU_CV 996mW/1009mW VDD_SOC 1397mW/1397mW
08-09-2026 23:32:57 RAM 3476/7620MB (lfb 2x4MB) SWAP 2/12002MB (cached 0MB) CPU [1%@1510,1%@1510,1%@1510,1%@1510,3%@1510,4%@1510] GR3D_FREQ 0% cpu@46.75C soc2@45.937C soc0@44.406C gpu@46.093C tj@46.75C soc1@44.343C VDD_IN 4193mW/4152mW VDD_CPU_GPU_CV 1036mW/1009mW VDD_SOC 1397mW/1397mW
08-09-2026 23:32:58 RAM 3475/7620MB (lfb 2x4MB) SWAP 2/12002MB (cached 0MB) CPU [2%@1510,0%@1510,0%@1510,2%@1510,2%@1510,1%@1510] GR3D_FREQ 0% cpu@47.062C soc2@46C soc0@44.312C gpu@46.218C tj@47.062C soc1@44.375C VDD_IN 4153mW/4152mW VDD_CPU_GPU_CV 996mW/1009mW VDD_SOC 1397mW/1397mW
08-09-2026 23:32:59 RAM 3474/7620MB (lfb 2x4MB) SWAP 2/12002MB (cached 0MB) CPU [1%@1510,1%@1510,1%@1510,1%@1510,1%@1510,1%@1510] GR3D_FREQ 0% cpu@46.531C soc2@46.062C soc0@44.406C gpu@46.343C tj@46.531C soc1@44.343C VDD_IN 4153mW/4152mW VDD_CPU_GPU_CV 996mW/1009mW VDD_SOC 1397mW/1397mW
08-09-2026 23:33:00 RAM 3474/7620MB (lfb 2x4MB) SWAP 2/12002MB (cached 0MB) CPU [1%@1510,0%@1510,1%@1510,1%@1510,0%@1510,1%@1510] GR3D_FREQ 0% cpu@46.625C soc2@46.187C soc0@44.375C gpu@46.375C tj@46.625C soc1@44.375C VDD_IN 4113mW/4152mW VDD_CPU_GPU_CV 996mW/1008mW VDD_SOC 1397mW/1397mW
08-09-2026 23:33:01 RAM 3474/7620MB (lfb 2x4MB) SWAP 2/12002MB (cached 0MB) CPU [1%@1510,1%@1510,1%@1510,1%@1510,1%@1510,0%@1510] GR3D_FREQ 0% cpu@46.812C soc2@46.031C soc0@44.437C gpu@46.312C tj@46.812C soc1@44.406C VDD_IN 4113mW/4152mW VDD_CPU_GPU_CV 996mW/1008mW VDD_SOC 1397mW/1397mW
08-09-2026 23:33:02 RAM 3475/7620MB (lfb 2x4MB) SWAP 2/12002MB (cached 0MB) CPU [1%@1510,1%@1510,2%@1510,4%@1510,4%@1510,2%@1510] GR3D_FREQ 0% cpu@46.718C soc2@46.062C soc0@44.437C gpu@46.343C tj@46.718C soc1@44.281C VDD_IN 4193mW/4152mW VDD_CPU_GPU_CV 1036mW/1009mW VDD_SOC 1397mW/1397mW
08-09-2026 23:33:03 RAM 3474/7620MB (lfb 2x4MB) SWAP 2/12002MB (cached 0MB) CPU [1%@1510,0%@1510,1%@1510,2%@1510,0%@1510,1%@1510] GR3D_FREQ 0% cpu@46.906C soc2@46C soc0@44.406C gpu@46.406C tj@46.906C soc1@44.218C VDD_IN 4153mW/4152mW VDD_CPU_GPU_CV 996mW/1008mW VDD_SOC 1397mW/1397mW
08-09-2026 23:33:04 RAM 3473/7620MB (lfb 2x4MB) SWAP 2/12002MB (cached 0MB) CPU [1%@1510,0%@1510,1%@1510,1%@1510,1%@1510,0%@1510] GR3D_FREQ 0% cpu@46.562C soc2@46.062C soc0@44.375C gpu@46.375C tj@46.562C soc1@44.343C VDD_IN 4153mW/4152mW VDD_CPU_GPU_CV 996mW/1008mW VDD_SOC 1397mW/1397mW
08-09-2026 23:33:05 RAM 3473/7620MB (lfb 2x4MB) SWAP 2/12002MB (cached 0MB) CPU [1%@1510,0%@1510,0%@1510,3%@1510,1%@1510,1%@1510] GR3D_FREQ 0% cpu@46.593C soc2@46.031C soc0@44.343C gpu@46.031C tj@46.593C soc1@44.375C VDD_IN 4113mW/4152mW VDD_CPU_GPU_CV 996mW/1008mW VDD_SOC 1397mW/1397mW
08-09-2026 23:33:06 RAM 3473/7620MB (lfb 2x4MB) SWAP 2/12002MB (cached 0MB) CPU [1%@1510,1%@1510,1%@1510,1%@1510,1%@1510,0%@1510] GR3D_FREQ 0% cpu@46.781C soc2@46.062C soc0@44.437C gpu@46.031C tj@46.781C soc1@44.187C VDD_IN 4113mW/4152mW VDD_CPU_GPU_CV 996mW/1008mW VDD_SOC 1397mW/1397mW
08-09-2026 23:33:07 RAM 3474/7620MB (lfb 2x4MB) SWAP 2/12002MB (cached 0MB) CPU [0%@1510,1%@1510,0%@1510,1%@1510,3%@1510,2%@1510] GR3D_FREQ 0% cpu@46.625C soc2@45.968C soc0@44.343C gpu@46.125C tj@46.625C soc1@44.187C VDD_IN 4193mW/4152mW VDD_CPU_GPU_CV 1036mW/1008mW VDD_SOC 1397mW/1397mW
08-09-2026 23:33:08 RAM 3473/7620MB (lfb 2x4MB) SWAP 2/12002MB (cached 0MB) CPU [0%@1510,0%@1510,1%@1510,4%@1510,1%@1510,1%@1510] GR3D_FREQ 0% cpu@46.687C soc2@46.031C soc0@44.343C gpu@46.062C tj@46.687C soc1@44.375C VDD_IN 4233mW/4152mW VDD_CPU_GPU_CV 1036mW/1009mW VDD_SOC 1397mW/1397mW
08-09-2026 23:33:09 RAM 3473/7620MB (lfb 2x4MB) SWAP 2/12002MB (cached 0MB) CPU [1%@1510,0%@1510,2%@1510,0%@1510,1%@1510,0%@1510] GR3D_FREQ 0% cpu@46.718C soc2@46C soc0@44.437C gpu@46.125C tj@46.718C soc1@44.187C VDD_IN 4113mW/4152mW VDD_CPU_GPU_CV 996mW/1008mW VDD_SOC 1397mW/1397mW
08-09-2026 23:33:10 RAM 3473/7620MB (lfb 2x4MB) SWAP 2/12002MB (cached 0MB) CPU [3%@1510,1%@1510,0%@1510,1%@1510,1%@1510,1%@1510] GR3D_FREQ 0% cpu@46.687C soc2@46C soc0@44.375C gpu@45.937C tj@46.687C soc1@44.375C VDD_IN 4153mW/4152mW VDD_CPU_GPU_CV 996mW/1008mW VDD_SOC 1397mW/1397mW
08-09-2026 23:33:11 RAM 3473/7620MB (lfb 2x4MB) SWAP 2/12002MB (cached 0MB) CPU [1%@1510,0%@1510,1%@1510,2%@1510,0%@1510,0%@1510] GR3D_FREQ 0% cpu@46.781C soc2@46.031C soc0@44.375C gpu@46.062C tj@46.781C soc1@44.406C VDD_IN 4113mW/4152mW VDD_CPU_GPU_CV 996mW/1008mW VDD_SOC 1397mW/1397mW
08-09-2026 23:33:12 RAM 3472/7620MB (lfb 2x4MB) SWAP 2/12002MB (cached 0MB) CPU [0%@1510,1%@1510,2%@1510,4%@1510,1%@1510,2%@1510] GR3D_FREQ 0% cpu@46.968C soc2@45.968C soc0@44.5C gpu@46.062C tj@46.968C soc1@44.281C VDD_IN 4193mW/4152mW VDD_CPU_GPU_CV 1036mW/1008mW VDD_SOC 1397mW/1397mW
08-09-2026 23:33:13 RAM 3472/7620MB (lfb 2x4MB) SWAP 2/12002MB (cached 0MB) CPU [2%@1510,1%@1510,0%@1510,1%@1510,1%@1510,0%@1510] GR3D_FREQ 0% cpu@46.843C soc2@46.031C soc0@44.468C gpu@46.093C tj@46.843C soc1@44.343C VDD_IN 4153mW/4152mW VDD_CPU_GPU_CV 996mW/1008mW VDD_SOC 1397mW/1397mW
08-09-2026 23:33:14 RAM 3472/7620MB (lfb 2x4MB) SWAP 2/12002MB (cached 0MB) CPU [0%@1510,0%@1510,1%@1510,1%@1510,0%@1510,1%@1510] GR3D_FREQ 0% cpu@46.625C soc2@46.031C soc0@44.375C gpu@46.125C tj@46.625C soc1@44.375C VDD_IN 4113mW/4152mW VDD_CPU_GPU_CV 996mW/1008mW VDD_SOC 1397mW/1397mW
08-09-2026 23:33:15 RAM 3472/7620MB (lfb 2x4MB) SWAP 2/12002MB (cached 0MB) CPU [1%@1510,1%@1510,1%@1510,0%@1510,1%@1510,0%@1510] GR3D_FREQ 0% cpu@46.718C soc2@46.062C soc0@44.375C gpu@46.156C tj@46.718C soc1@44.375C VDD_IN 4113mW/4152mW VDD_CPU_GPU_CV 996mW/1008mW VDD_SOC 1397mW/1397mW
08-09-2026 23:33:16 RAM 3472/7620MB (lfb 2x4MB) SWAP 2/12002MB (cached 0MB) CPU [0%@1510,0%@1510,1%@1510,1%@1510,0%@1510,1%@1510] GR3D_FREQ 0% cpu@46.656C soc2@46.093C soc0@44.437C gpu@46.156C tj@46.656C soc1@44.437C VDD_IN 4113mW/4152mW VDD_CPU_GPU_CV 996mW/1008mW VDD_SOC 1397mW/1397mW
08-09-2026 23:33:17 RAM 3473/7620MB (lfb 2x4MB) SWAP 2/12002MB (cached 0MB) CPU [0%@1510,0%@1510,4%@1510,3%@1510,0%@1510,1%@1510] GR3D_FREQ 0% cpu@46.656C soc2@46.093C soc0@44.343C gpu@46.125C tj@46.656C soc1@44.281C VDD_IN 4193mW/4152mW VDD_CPU_GPU_CV 1036mW/1008mW VDD_SOC 1397mW/1397mW
08-09-2026 23:33:18 RAM 3473/7620MB (lfb 2x4MB) SWAP 2/12002MB (cached 0MB) CPU [0%@1510,1%@1510,1%@1510,2%@1510,2%@1510,1%@1510] GR3D_FREQ 0% cpu@46.843C soc2@46C soc0@44.468C gpu@46.187C tj@46.843C soc1@44.218C VDD_IN 4153mW/4152mW VDD_CPU_GPU_CV 996mW/1008mW VDD_SOC 1397mW/1397mW
08-09-2026 23:33:19 RAM 3472/7620MB (lfb 2x4MB) SWAP 2/12002MB (cached 0MB) CPU [1%@1510,3%@1510,2%@1510,2%@1510,1%@1510,9%@1510] GR3D_FREQ 0% cpu@46.625C soc2@45.968C soc0@44.375C gpu@46.25C tj@46.625C soc1@44.312C VDD_IN 4113mW/4152mW VDD_CPU_GPU_CV 996mW/1008mW VDD_SOC 1397mW/1397mW
08-09-2026 23:33:20 RAM 3471/7620MB (lfb 2x4MB) SWAP 2/12002MB (cached 0MB) CPU [0%@1510,1%@1510,1%@1510,0%@1510,0%@1510,0%@1510] GR3D_FREQ 0% cpu@46.875C soc2@46C soc0@44.343C gpu@46.218C tj@46.875C soc1@44.25C VDD_IN 4113mW/4151mW VDD_CPU_GPU_CV 996mW/1008mW VDD_SOC 1397mW/1397mW
08-09-2026 23:33:21 RAM 3471/7620MB (lfb 2x4MB) SWAP 2/12002MB (cached 0MB) CPU [1%@1510,1%@1510,1%@1510,1%@1510,0%@1510,2%@1510] GR3D_FREQ 0% cpu@46.625C soc2@46.031C soc0@44.437C gpu@46.25C tj@46.625C soc1@44.343C VDD_IN 4113mW/4151mW VDD_CPU_GPU_CV 996mW/1008mW VDD_SOC 1397mW/1397mW
08-09-2026 23:33:22 RAM 3472/7620MB (lfb 2x4MB) SWAP 2/12002MB (cached 0MB) CPU [1%@1510,1%@1510,3%@1510,2%@1510,1%@1510,1%@1510] GR3D_FREQ 0% cpu@46.656C soc2@46.062C soc0@44.343C gpu@46.281C tj@46.656C soc1@44.343C VDD_IN 4193mW/4151mW VDD_CPU_GPU_CV 1036mW/1008mW VDD_SOC 1397mW/1397mW
08-09-2026 23:33:23 RAM 3472/7620MB (lfb 2x4MB) SWAP 2/12002MB (cached 0MB) CPU [1%@1510,0%@1510,1%@1510,2%@1510,0%@1510,2%@1510] GR3D_FREQ 0% cpu@46.687C soc2@46.062C soc0@44.343C gpu@46.281C tj@46.781C soc1@44.406C VDD_IN 4153mW/4151mW VDD_CPU_GPU_CV 996mW/1008mW VDD_SOC 1397mW/1397mW
08-09-2026 23:33:24 RAM 3472/7620MB (lfb 2x4MB) SWAP 2/12002MB (cached 0MB) CPU [0%@1510,1%@1510,1%@1510,0%@1510,0%@1510,0%@1510] GR3D_FREQ 0% cpu@46.718C soc2@45.968C soc0@44.375C gpu@46.343C tj@46.718C soc1@44.281C VDD_IN 4113mW/4151mW VDD_CPU_GPU_CV 996mW/1008mW VDD_SOC 1397mW/1397mW
08-09-2026 23:33:25 RAM 3472/7620MB (lfb 2x4MB) SWAP 2/12002MB (cached 0MB) CPU [1%@1510,1%@1510,0%@1510,2%@1510,1%@1510,1%@1510] GR3D_FREQ 0% cpu@46.968C soc2@45.968C soc0@44.437C gpu@46.281C tj@46.968C soc1@44.281C VDD_IN 4113mW/4151mW VDD_CPU_GPU_CV 996mW/1008mW VDD_SOC 1397mW/1397mW
08-09-2026 23:33:26 RAM 3472/7620MB (lfb 2x4MB) SWAP 2/12002MB (cached 0MB) CPU [1%@1510,1%@1510,0%@1510,1%@1510,1%@1510,0%@1510] GR3D_FREQ 0% cpu@46.625C soc2@45.937C soc0@44.312C gpu@46.312C tj@46.625C soc1@44.281C VDD_IN 4113mW/4151mW VDD_CPU_GPU_CV 996mW/1008mW VDD_SOC 1397mW/1397mW
08-09-2026 23:33:27 RAM 3473/7620MB (lfb 2x4MB) SWAP 2/12002MB (cached 0MB) CPU [0%@1510,1%@1510,2%@1510,3%@1510,3%@1510,1%@1510] GR3D_FREQ 0% cpu@46.531C soc2@45.968C soc0@44.437C gpu@46.343C tj@46.531C soc1@44.375C VDD_IN 4153mW/4151mW VDD_CPU_GPU_CV 1036mW/1008mW VDD_SOC 1397mW/1397mW
08-09-2026 23:33:28 RAM 3473/7620MB (lfb 2x4MB) SWAP 2/12002MB (cached 0MB) CPU [1%@1510,1%@1510,0%@1510,1%@1510,1%@1510,2%@1510] GR3D_FREQ 0% cpu@46.687C soc2@46.093C soc0@44.343C gpu@46.375C tj@46.687C soc1@44.437C VDD_IN 4153mW/4151mW VDD_CPU_GPU_CV 996mW/1008mW VDD_SOC 1397mW/1397mW
08-09-2026 23:33:29 RAM 3473/7620MB (lfb 2x4MB) SWAP 2/12002MB (cached 0MB) CPU [1%@1510,0%@1510,2%@1510,1%@1510,0%@1510,1%@1510] GR3D_FREQ 0% cpu@46.687C soc2@46.031C soc0@44.375C gpu@46.375C tj@46.687C soc1@44.343C VDD_IN 4113mW/4151mW VDD_CPU_GPU_CV 996mW/1008mW VDD_SOC 1397mW/1397mW
08-09-2026 23:33:30 RAM 3473/7620MB (lfb 2x4MB) SWAP 2/12002MB (cached 0MB) CPU [1%@1510,1%@1510,1%@1510,3%@1510,0%@1510,1%@1510] GR3D_FREQ 0% cpu@46.625C soc2@46.093C soc0@44.375C gpu@46.437C tj@46.625C soc1@44.25C VDD_IN 4113mW/4151mW VDD_CPU_GPU_CV 996mW/1008mW VDD_SOC 1397mW/1397mW
08-09-2026 23:33:31 RAM 3473/7620MB (lfb 2x4MB) SWAP 2/12002MB (cached 0MB) CPU [1%@1510,0%@1510,0%@1510,1%@1510,0%@1510,0%@1510] GR3D_FREQ 0% cpu@46.75C soc2@46.062C soc0@44.437C gpu@45.875C tj@46.75C soc1@44.312C VDD_IN 4113mW/4151mW VDD_CPU_GPU_CV 996mW/1008mW VDD_SOC 1397mW/1397mW
08-09-2026 23:33:32 RAM 3473/7620MB (lfb 2x4MB) SWAP 2/12002MB (cached 0MB) CPU [0%@1510,1%@1510,1%@1510,4%@1510,2%@1510,2%@1510] GR3D_FREQ 0% cpu@47.093C soc2@46C soc0@44.406C gpu@45.937C tj@47.093C soc1@44.281C VDD_IN 4153mW/4151mW VDD_CPU_GPU_CV 1036mW/1008mW VDD_SOC 1397mW/1397mW
08-09-2026 23:33:33 RAM 3473/7620MB (lfb 2x4MB) SWAP 2/12002MB (cached 0MB) CPU [0%@1510,1%@1510,1%@1510,1%@1510,1%@1510,1%@1510] GR3D_FREQ 0% cpu@46.812C soc2@46.031C soc0@44.343C gpu@45.937C tj@46.812C soc1@44.25C VDD_IN 4153mW/4151mW VDD_CPU_GPU_CV 996mW/1008mW VDD_SOC 1397mW/1397mW
08-09-2026 23:33:34 RAM 3473/7620MB (lfb 2x4MB) SWAP 2/12002MB (cached 0MB) CPU [2%@1510,1%@1510,1%@1510,1%@1510,0%@1510,1%@1510] GR3D_FREQ 0% cpu@46.625C soc2@45.968C soc0@44.375C gpu@45.937C tj@46.625C soc1@44.375C VDD_IN 4113mW/4150mW VDD_CPU_GPU_CV 996mW/1008mW VDD_SOC 1397mW/1397mW
08-09-2026 23:33:35 RAM 3473/7620MB (lfb 2x4MB) SWAP 2/12002MB (cached 0MB) CPU [1%@1510,1%@1510,1%@1510,1%@1510,0%@1510,1%@1510] GR3D_FREQ 0% cpu@46.625C soc2@46C soc0@44.406C gpu@46C tj@46.625C soc1@44.375C VDD_IN 4113mW/4150mW VDD_CPU_GPU_CV 996mW/1008mW VDD_SOC 1397mW/1397mW
08-09-2026 23:33:36 RAM 3473/7620MB (lfb 2x4MB) SWAP 2/12002MB (cached 0MB) CPU [1%@1510,1%@1510,1%@1510,1%@1510,0%@1510,2%@1510] GR3D_FREQ 0% cpu@46.75C soc2@46.031C soc0@44.375C gpu@45.875C tj@46.75C soc1@44.406C VDD_IN 4113mW/4150mW VDD_CPU_GPU_CV 996mW/1008mW VDD_SOC 1397mW/1397mW
08-09-2026 23:33:37 RAM 3474/7620MB (lfb 2x4MB) SWAP 2/12002MB (cached 0MB) CPU [2%@1510,1%@1510,4%@1510,1%@1510,1%@1510,1%@1510] GR3D_FREQ 0% cpu@46.75C soc2@46.062C soc0@44.406C gpu@45.937C tj@46.75C soc1@44.281C VDD_IN 4153mW/4150mW VDD_CPU_GPU_CV 996mW/1008mW VDD_SOC 1397mW/1397mW
08-09-2026 23:33:38 RAM 3474/7620MB (lfb 2x4MB) SWAP 2/12002MB (cached 0MB) CPU [1%@1510,0%@1510,2%@1510,2%@1510,2%@1510,2%@1510] GR3D_FREQ 0% cpu@46.781C soc2@46C soc0@44.468C gpu@46.031C tj@46.781C soc1@44.343C VDD_IN 4153mW/4150mW VDD_CPU_GPU_CV 996mW/1008mW VDD_SOC 1397mW/1397mW
08-09-2026 23:33:39 RAM 3474/7620MB (lfb 2x4MB) SWAP 2/12002MB (cached 0MB) CPU [1%@1510,1%@1510,0%@1510,1%@1510,1%@1510,1%@1510] GR3D_FREQ 0% cpu@46.687C soc2@45.968C soc0@44.281C gpu@45.968C tj@46.687C soc1@44.25C VDD_IN 4113mW/4150mW VDD_CPU_GPU_CV 996mW/1008mW VDD_SOC 1397mW/1397mW
08-09-2026 23:33:40 RAM 3474/7620MB (lfb 2x4MB) SWAP 2/12002MB (cached 0MB) CPU [0%@1510,0%@1510,0%@1510,2%@1510,0%@1510,0%@1510] GR3D_FREQ 0% cpu@46.656C soc2@46.062C soc0@44.375C gpu@46C tj@46.656C soc1@44.343C VDD_IN 4113mW/4150mW VDD_CPU_GPU_CV 996mW/1008mW VDD_SOC 1397mW/1397mW
08-09-2026 23:33:41 RAM 3474/7620MB (lfb 2x4MB) SWAP 2/12002MB (cached 0MB) CPU [2%@1510,0%@1510,0%@1510,1%@1510,0%@1510,1%@1510] GR3D_FREQ 0% cpu@46.593C soc2@46.125C soc0@44.343C gpu@46.031C tj@46.593C soc1@44.343C VDD_IN 4113mW/4150mW VDD_CPU_GPU_CV 996mW/1008mW VDD_SOC 1397mW/1397mW
08-09-2026 23:33:42 RAM 3474/7620MB (lfb 2x4MB) SWAP 2/12002MB (cached 0MB) CPU [0%@1510,1%@1510,1%@1510,2%@1510,2%@1510,3%@1510] GR3D_FREQ 0% cpu@46.656C soc2@46.062C soc0@44.375C gpu@45.937C tj@46.656C soc1@44.375C VDD_IN 4153mW/4150mW VDD_CPU_GPU_CV 996mW/1008mW VDD_SOC 1397mW/1397mW
08-09-2026 23:33:43 RAM 3473/7620MB (lfb 2x4MB) SWAP 2/12002MB (cached 0MB) CPU [1%@1510,1%@1510,0%@1510,1%@1510,2%@1510,0%@1510] GR3D_FREQ 0% cpu@46.781C soc2@46.062C soc0@44.437C gpu@46.031C tj@46.781C soc1@44.437C VDD_IN 4153mW/4150mW VDD_CPU_GPU_CV 996mW/1008mW VDD_SOC 1397mW/1397mW
08-09-2026 23:33:44 RAM 3473/7620MB (lfb 2x4MB) SWAP 2/12002MB (cached 0MB) CPU [1%@1510,0%@1510,0%@1510,1%@1510,0%@1510,1%@1510] GR3D_FREQ 0% cpu@46.656C soc2@46C soc0@44.437C gpu@46C tj@46.656C soc1@44.218C VDD_IN 4113mW/4150mW VDD_CPU_GPU_CV 996mW/1008mW VDD_SOC 1397mW/1397mW
08-09-2026 23:33:45 RAM 3473/7620MB (lfb 2x4MB) SWAP 2/12002MB (cached 0MB) CPU [0%@1510,1%@1510,1%@1510,1%@1510,1%@1510,1%@1510] GR3D_FREQ 0% cpu@46.906C soc2@45.968C soc0@44.218C gpu@46.031C tj@46.906C soc1@44.312C VDD_IN 4113mW/4150mW VDD_CPU_GPU_CV 996mW/1008mW VDD_SOC 1397mW/1397mW
08-09-2026 23:33:46 RAM 3473/7620MB (lfb 2x4MB) SWAP 2/12002MB (cached 0MB) CPU [1%@1510,0%@1510,1%@1510,1%@1510,1%@1510,0%@1510] GR3D_FREQ 0% cpu@46.625C soc2@45.937C soc0@44.25C gpu@46.031C tj@46.625C soc1@44.281C VDD_IN 4113mW/4149mW VDD_CPU_GPU_CV 996mW/1008mW VDD_SOC 1397mW/1397mW
08-09-2026 23:33:47 RAM 3473/7620MB (lfb 2x4MB) SWAP 2/12002MB (cached 0MB) CPU [1%@1510,1%@1510,1%@1510,4%@1510,1%@1510,3%@1510] GR3D_FREQ 0% cpu@46.625C soc2@46.125C soc0@44.343C gpu@46.093C tj@46.625C soc1@44.343C VDD_IN 4153mW/4149mW VDD_CPU_GPU_CV 996mW/1007mW VDD_SOC 1397mW/1397mW
08-09-2026 23:33:48 RAM 3473/7620MB (lfb 2x4MB) SWAP 2/12002MB (cached 0MB) CPU [0%@1510,1%@1510,1%@1510,1%@1510,1%@1510,1%@1510] GR3D_FREQ 0% cpu@46.625C soc2@46.031C soc0@44.375C gpu@46.093C tj@46.625C soc1@44.375C VDD_IN 4113mW/4149mW VDD_CPU_GPU_CV 996mW/1007mW VDD_SOC 1397mW/1397mW
08-09-2026 23:33:49 RAM 3473/7620MB (lfb 2x4MB) SWAP 2/12002MB (cached 0MB) CPU [1%@1510,0%@1510,1%@1510,1%@1510,1%@1510,0%@1510] GR3D_FREQ 0% cpu@46.687C soc2@46C soc0@44.406C gpu@46.062C tj@46.687C soc1@44.437C VDD_IN 4113mW/4149mW VDD_CPU_GPU_CV 996mW/1007mW VDD_SOC 1397mW/1397mW
08-09-2026 23:33:50 RAM 3473/7620MB (lfb 2x4MB) SWAP 2/12002MB (cached 0MB) CPU [2%@1510,1%@1510,0%@1510,1%@1510,2%@1510,0%@1510] GR3D_FREQ 0% cpu@46.968C soc2@45.906C soc0@44.375C gpu@46.031C tj@46.968C soc1@44.25C VDD_IN 4113mW/4149mW VDD_CPU_GPU_CV 996mW/1007mW VDD_SOC 1397mW/1397mW
08-09-2026 23:33:51 RAM 3473/7620MB (lfb 2x4MB) SWAP 2/12002MB (cached 0MB) CPU [0%@1510,0%@1510,1%@1510,1%@1510,1%@1510,1%@1510] GR3D_FREQ 0% cpu@46.75C soc2@46.062C soc0@44.437C gpu@46.125C tj@46.75C soc1@44.218C VDD_IN 4113mW/4149mW VDD_CPU_GPU_CV 996mW/1007mW VDD_SOC 1397mW/1397mW
08-09-2026 23:33:52 RAM 3473/7620MB (lfb 2x4MB) SWAP 2/12002MB (cached 0MB) CPU [1%@1510,1%@1510,2%@1510,4%@1510,2%@1510,3%@1510] GR3D_FREQ 0% cpu@46.531C soc2@46.031C soc0@44.281C gpu@46.125C tj@46.531C soc1@44.312C VDD_IN 4153mW/4149mW VDD_CPU_GPU_CV 996mW/1007mW VDD_SOC 1397mW/1397mW
08-09-2026 23:33:53 RAM 3473/7620MB (lfb 2x4MB) SWAP 2/12002MB (cached 0MB) CPU [1%@1510,0%@1510,0%@1510,1%@1510,1%@1510,1%@1510] GR3D_FREQ 0% cpu@46.625C soc2@46C soc0@44.343C gpu@46.187C tj@46.625C soc1@44.312C VDD_IN 4113mW/4149mW VDD_CPU_GPU_CV 996mW/1007mW VDD_SOC 1397mW/1397mW
08-09-2026 23:33:54 RAM 3473/7620MB (lfb 2x4MB) SWAP 2/12002MB (cached 0MB) CPU [1%@1510,0%@1510,0%@1510,1%@1510,0%@1510,0%@1510] GR3D_FREQ 0% cpu@46.656C soc2@46C soc0@44.343C gpu@46.093C tj@46.656C soc1@44.312C VDD_IN 4113mW/4149mW VDD_CPU_GPU_CV 996mW/1007mW VDD_SOC 1397mW/1397mW
08-09-2026 23:33:55 RAM 3473/7620MB (lfb 2x4MB) SWAP 2/12002MB (cached 0MB) CPU [1%@1510,0%@1510,2%@1510,1%@1510,1%@1510,3%@1510] GR3D_FREQ 0% cpu@46.625C soc2@46.031C soc0@44.406C gpu@46.125C tj@46.625C soc1@44.25C VDD_IN 4113mW/4149mW VDD_CPU_GPU_CV 996mW/1007mW VDD_SOC 1397mW/1397mW
08-09-2026 23:33:56 RAM 3473/7620MB (lfb 2x4MB) SWAP 2/12002MB (cached 0MB) CPU [1%@1510,1%@1510,0%@1510,1%@1510,0%@1510,1%@1510] GR3D_FREQ 0% cpu@46.781C soc2@45.906C soc0@44.5C gpu@46.156C tj@46.781C soc1@44.281C VDD_IN 4113mW/4148mW VDD_CPU_GPU_CV 996mW/1007mW VDD_SOC 1397mW/1397mW
08-09-2026 23:33:57 RAM 3474/7620MB (lfb 2x4MB) SWAP 2/12002MB (cached 0MB) CPU [1%@1510,1%@1510,2%@1510,3%@1510,1%@1510,1%@1510] GR3D_FREQ 0% cpu@47C soc2@45.906C soc0@44.312C gpu@46.062C tj@47C soc1@44.218C VDD_IN 4153mW/4148mW VDD_CPU_GPU_CV 996mW/1007mW VDD_SOC 1397mW/1397mW
08-09-2026 23:33:58 RAM 3474/7620MB (lfb 2x4MB) SWAP 2/12002MB (cached 0MB) CPU [1%@1510,0%@1510,1%@1510,2%@1510,0%@1510,2%@1510] GR3D_FREQ 0% cpu@46.562C soc2@45.937C soc0@44.375C gpu@46.093C tj@46.562C soc1@44.343C VDD_IN 4153mW/4149mW VDD_CPU_GPU_CV 996mW/1007mW VDD_SOC 1397mW/1397mW
08-09-2026 23:33:59 RAM 3474/7620MB (lfb 2x4MB) SWAP 2/12002MB (cached 0MB) CPU [1%@1510,3%@1510,0%@1510,0%@1510,1%@1510,0%@1510] GR3D_FREQ 0% cpu@46.531C soc2@45.937C soc0@44.25C gpu@45.906C tj@46.531C soc1@44.281C VDD_IN 4113mW/4148mW VDD_CPU_GPU_CV 996mW/1007mW VDD_SOC 1397mW/1397mW
08-09-2026 23:34:00 RAM 3474/7620MB (lfb 2x4MB) SWAP 2/12002MB (cached 0MB) CPU [1%@1510,1%@1510,1%@1510,2%@1510,0%@1510,1%@1510] GR3D_FREQ 0% cpu@46.781C soc2@46C soc0@44.375C gpu@45.937C tj@46.781C soc1@44.187C VDD_IN 4113mW/4148mW VDD_CPU_GPU_CV 996mW/1007mW VDD_SOC 1397mW/1397mW
08-09-2026 23:34:01 RAM 3474/7620MB (lfb 2x4MB) SWAP 2/12002MB (cached 0MB) CPU [1%@1510,1%@1510,0%@1510,2%@1510,0%@1510,0%@1510] GR3D_FREQ 0% cpu@46.562C soc2@45.968C soc0@44.281C gpu@45.937C tj@46.562C soc1@44.375C VDD_IN 4113mW/4148mW VDD_CPU_GPU_CV 996mW/1007mW VDD_SOC 1397mW/1397mW
08-09-2026 23:34:02 RAM 3475/7620MB (lfb 2x4MB) SWAP 2/12002MB (cached 0MB) CPU [3%@1510,1%@1510,1%@1510,4%@1510,0%@1510,2%@1510] GR3D_FREQ 0% cpu@46.625C soc2@45.968C soc0@44.375C gpu@45.937C tj@46.625C soc1@44.375C VDD_IN 4153mW/4148mW VDD_CPU_GPU_CV 996mW/1007mW VDD_SOC 1397mW/1397mW
08-09-2026 23:34:03 RAM 3474/7620MB (lfb 2x4MB) SWAP 2/12002MB (cached 0MB) CPU [0%@1510,0%@1510,1%@1510,2%@1510,1%@1510,1%@1510] GR3D_FREQ 0% cpu@46.656C soc2@46.062C soc0@44.437C gpu@45.937C tj@46.656C soc1@44.187C VDD_IN 4153mW/4148mW VDD_CPU_GPU_CV 996mW/1007mW VDD_SOC 1397mW/1397mW
08-09-2026 23:34:04 RAM 3474/7620MB (lfb 2x4MB) SWAP 2/12002MB (cached 0MB) CPU [0%@1510,0%@1510,0%@1510,0%@1510,0%@1510,0%@1510] GR3D_FREQ 0% cpu@46.968C soc2@45.968C soc0@44.375C gpu@45.875C tj@46.968C soc1@44.25C VDD_IN 4113mW/4148mW VDD_CPU_GPU_CV 996mW/1007mW VDD_SOC 1397mW/1397mW
08-09-2026 23:34:05 RAM 3474/7620MB (lfb 2x4MB) SWAP 2/12002MB (cached 0MB) CPU [1%@1510,1%@1510,1%@1510,1%@1510,1%@1510,1%@1510] GR3D_FREQ 0% cpu@46.75C soc2@45.906C soc0@44.312C gpu@45.937C tj@46.75C soc1@44.187C VDD_IN 4113mW/4148mW VDD_CPU_GPU_CV 996mW/1007mW VDD_SOC 1397mW/1397mW
08-09-2026 23:34:06 RAM 3474/7620MB (lfb 2x4MB) SWAP 2/12002MB (cached 0MB) CPU [1%@1510,1%@1510,1%@1510,0%@1510,1%@1510,0%@1510] GR3D_FREQ 0% cpu@46.593C soc2@45.906C soc0@44.218C gpu@45.937C tj@46.593C soc1@44.125C VDD_IN 4113mW/4148mW VDD_CPU_GPU_CV 996mW/1007mW VDD_SOC 1397mW/1397mW
08-09-2026 23:34:07 RAM 3474/7620MB (lfb 2x4MB) SWAP 2/12002MB (cached 0MB) CPU [1%@1510,0%@1510,1%@1510,2%@1510,1%@1510,4%@1510] GR3D_FREQ 0% cpu@46.625C soc2@45.875C soc0@44.281C gpu@45.906C tj@46.625C soc1@44.218C VDD_IN 4153mW/4148mW VDD_CPU_GPU_CV 996mW/1007mW VDD_SOC 1397mW/1397mW
08-09-2026 23:34:08 RAM 3473/7620MB (lfb 2x4MB) SWAP 2/12002MB (cached 0MB) CPU [1%@1510,1%@1510,1%@1510,1%@1510,0%@1510,1%@1510] GR3D_FREQ 0% cpu@46.718C soc2@45.937C soc0@44.343C gpu@45.937C tj@46.718C soc1@44.375C VDD_IN 4153mW/4148mW VDD_CPU_GPU_CV 996mW/1007mW VDD_SOC 1397mW/1397mW
08-09-2026 23:34:09 RAM 3473/7620MB (lfb 2x4MB) SWAP 2/12002MB (cached 0MB) CPU [0%@1510,1%@1510,2%@1510,0%@1510,0%@1510,2%@1510] GR3D_FREQ 0% cpu@46.593C soc2@45.906C soc0@44.406C gpu@45.906C tj@46.593C soc1@44.187C VDD_IN 4113mW/4148mW VDD_CPU_GPU_CV 996mW/1007mW VDD_SOC 1397mW/1397mW
08-09-2026 23:34:10 RAM 3473/7620MB (lfb 2x4MB) SWAP 2/12002MB (cached 0MB) CPU [1%@1510,2%@1510,1%@1510,1%@1510,0%@1510,1%@1510] GR3D_FREQ 0% cpu@46.812C soc2@45.906C soc0@44.375C gpu@46.25C tj@46.812C soc1@44.25C VDD_IN 4113mW/4148mW VDD_CPU_GPU_CV 996mW/1007mW VDD_SOC 1397mW/1397mW
08-09-2026 23:34:11 RAM 3473/7620MB (lfb 2x4MB) SWAP 2/12002MB (cached 0MB) CPU [0%@1510,1%@1510,1%@1510,0%@1510,1%@1510,0%@1510] GR3D_FREQ 0% cpu@46.531C soc2@45.937C soc0@44.25C gpu@46.218C tj@46.531C soc1@44.187C VDD_IN 4113mW/4148mW VDD_CPU_GPU_CV 996mW/1007mW VDD_SOC 1397mW/1397mW
08-09-2026 23:34:12 RAM 3474/7620MB (lfb 2x4MB) SWAP 2/12002MB (cached 0MB) CPU [2%@1510,1%@1510,2%@1510,1%@1510,4%@1510,1%@1510] GR3D_FREQ 0% cpu@46.625C soc2@45.968C soc0@44.343C gpu@46.25C tj@46.625C soc1@44.375C VDD_IN 4153mW/4148mW VDD_CPU_GPU_CV 996mW/1007mW VDD_SOC 1397mW/1397mW
08-09-2026 23:34:13 RAM 3473/7620MB (lfb 2x4MB) SWAP 2/12002MB (cached 0MB) CPU [1%@1510,1%@1510,0%@1510,2%@1510,2%@1510,1%@1510] GR3D_FREQ 0% cpu@46.625C soc2@46C soc0@44.281C gpu@46.218C tj@46.625C soc1@44.218C VDD_IN 4113mW/4147mW VDD_CPU_GPU_CV 996mW/1007mW VDD_SOC 1397mW/1397mW
08-09-2026 23:34:14 RAM 3473/7620MB (lfb 2x4MB) SWAP 2/12002MB (cached 0MB) CPU [1%@1510,0%@1510,1%@1510,1%@1510,0%@1510,2%@1510] GR3D_FREQ 0% cpu@46.968C soc2@45.875C soc0@44.343C gpu@46.375C tj@46.968C soc1@44.156C VDD_IN 4113mW/4147mW VDD_CPU_GPU_CV 996mW/1006mW VDD_SOC 1397mW/1397mW
08-09-2026 23:34:15 RAM 3473/7620MB (lfb 2x4MB) SWAP 2/12002MB (cached 0MB) CPU [2%@1510,1%@1510,1%@1510,1%@1510,0%@1510,0%@1510] GR3D_FREQ 0% cpu@46.718C soc2@45.875C soc0@44.312C gpu@46.375C tj@46.718C soc1@44.156C VDD_IN 4113mW/4147mW VDD_CPU_GPU_CV 996mW/1006mW VDD_SOC 1397mW/1397mW
08-09-2026 23:34:16 RAM 3473/7620MB (lfb 2x4MB) SWAP 2/12002MB (cached 0MB) CPU [0%@1510,1%@1510,0%@1510,1%@1510,0%@1510,0%@1510] GR3D_FREQ 0% cpu@46.593C soc2@45.968C soc0@44.218C gpu@46.343C tj@46.593C soc1@44.156C VDD_IN 4113mW/4147mW VDD_CPU_GPU_CV 996mW/1006mW VDD_SOC 1397mW/1397mW
08-09-2026 23:34:17 RAM 3474/7620MB (lfb 2x4MB) SWAP 2/12002MB (cached 0MB) CPU [2%@1510,1%@1510,1%@1510,2%@1510,4%@1510,0%@1510] GR3D_FREQ 0% cpu@46.593C soc2@46.031C soc0@44.281C gpu@46.375C tj@46.593C soc1@44.25C VDD_IN 4153mW/4147mW VDD_CPU_GPU_CV 996mW/1006mW VDD_SOC 1397mW/1397mW
08-09-2026 23:34:18 RAM 3474/7620MB (lfb 2x4MB) SWAP 2/12002MB (cached 0MB) CPU [1%@1510,0%@1510,2%@1510,1%@1510,2%@1510,1%@1510] GR3D_FREQ 0% cpu@46.531C soc2@46C soc0@44.281C gpu@45.906C tj@46.531C soc1@44.343C VDD_IN 4153mW/4147mW VDD_CPU_GPU_CV 996mW/1006mW VDD_SOC 1397mW/1397mW
08-09-2026 23:34:19 RAM 3474/7620MB (lfb 2x4MB) SWAP 2/12002MB (cached 0MB) CPU [0%@1510,0%@1510,1%@1510,2%@1510,0%@1510,1%@1510] GR3D_FREQ 0% cpu@46.562C soc2@45.937C soc0@44.343C gpu@45.875C tj@46.562C soc1@44.406C VDD_IN 4113mW/4147mW VDD_CPU_GPU_CV 996mW/1006mW VDD_SOC 1397mW/1397mW
08-09-2026 23:34:20 RAM 3474/7620MB (lfb 2x4MB) SWAP 2/12002MB (cached 0MB) CPU [1%@1510,1%@1510,0%@1510,1%@1510,1%@1510,1%@1510] GR3D_FREQ 0% cpu@46.781C soc2@45.875C soc0@44.375C gpu@45.843C tj@46.781C soc1@44.218C VDD_IN 4113mW/4147mW VDD_CPU_GPU_CV 996mW/1006mW VDD_SOC 1397mW/1397mW
08-09-2026 23:34:21 RAM 3474/7620MB (lfb 2x4MB) SWAP 2/12002MB (cached 0MB) CPU [0%@1510,1%@1510,1%@1510,2%@1510,0%@1510,0%@1510] GR3D_FREQ 0% cpu@46.593C soc2@45.968C soc0@44.312C gpu@45.875C tj@46.593C soc1@44.156C VDD_IN 4113mW/4147mW VDD_CPU_GPU_CV 996mW/1006mW VDD_SOC 1397mW/1397mW
08-09-2026 23:34:22 RAM 3474/7620MB (lfb 2x4MB) SWAP 2/12002MB (cached 0MB) CPU [1%@1510,1%@1510,2%@1510,2%@1510,3%@1510,1%@1510] GR3D_FREQ 0% cpu@46.843C soc2@45.937C soc0@44.312C gpu@45.906C tj@46.843C soc1@44.312C VDD_IN 4153mW/4147mW VDD_CPU_GPU_CV 996mW/1006mW VDD_SOC 1397mW/1397mW
08-09-2026 23:34:23 RAM 3474/7620MB (lfb 2x4MB) SWAP 2/12002MB (cached 0MB) CPU [1%@1510,0%@1510,2%@1510,2%@1510,1%@1510,1%@1510] GR3D_FREQ 0% cpu@46.562C soc2@45.937C soc0@44.25C gpu@45.937C tj@46.562C soc1@44.218C VDD_IN 4113mW/4147mW VDD_CPU_GPU_CV 996mW/1006mW VDD_SOC 1397mW/1397mW
08-09-2026 23:34:24 RAM 3474/7620MB (lfb 2x4MB) SWAP 2/12002MB (cached 0MB) CPU [0%@1510,0%@1510,1%@1510,1%@1510,0%@1510,1%@1510] GR3D_FREQ 0% cpu@46.625C soc2@46.062C soc0@44.312C gpu@45.937C tj@46.625C soc1@44.343C VDD_IN 4113mW/4147mW VDD_CPU_GPU_CV 996mW/1006mW VDD_SOC 1397mW/1397mW
08-09-2026 23:34:25 RAM 3474/7620MB (lfb 2x4MB) SWAP 2/12002MB (cached 0MB) CPU [0%@1510,1%@1510,0%@1510,2%@1510,1%@1510,0%@1510] GR3D_FREQ 0% cpu@46.781C soc2@46C soc0@44.281C gpu@46.093C tj@46.781C soc1@44.406C VDD_IN 4113mW/4147mW VDD_CPU_GPU_CV 996mW/1006mW VDD_SOC 1397mW/1397mW
08-09-2026 23:34:26 RAM 3474/7620MB (lfb 2x4MB) SWAP 2/12002MB (cached 0MB) CPU [1%@1510,1%@1510,0%@1510,3%@1510,0%@1510,0%@1510] GR3D_FREQ 0% cpu@46.656C soc2@45.875C soc0@44.375C gpu@46.156C tj@46.656C soc1@44.25C VDD_IN 4113mW/4146mW VDD_CPU_GPU_CV 996mW/1006mW VDD_SOC 1397mW/1397mW
08-09-2026 23:34:27 RAM 3475/7620MB (lfb 2x4MB) SWAP 2/12002MB (cached 0MB) CPU [0%@1510,1%@1510,2%@1510,1%@1510,1%@1510,5%@1510] GR3D_FREQ 0% cpu@46.906C soc2@45.906C soc0@44.25C gpu@46.125C tj@46.906C soc1@44.281C VDD_IN 4193mW/4147mW VDD_CPU_GPU_CV 996mW/1006mW VDD_SOC 1397mW/1397mW
08-09-2026 23:34:28 RAM 3475/7620MB (lfb 2x4MB) SWAP 2/12002MB (cached 0MB) CPU [0%@1510,0%@1510,0%@1510,2%@1510,1%@1510,1%@1510] GR3D_FREQ 0% cpu@46.593C soc2@46.031C soc0@44.218C gpu@46.156C tj@46.593C soc1@44.281C VDD_IN 4113mW/4146mW VDD_CPU_GPU_CV 996mW/1006mW VDD_SOC 1397mW/1397mW
08-09-2026 23:34:29 RAM 3475/7620MB (lfb 2x4MB) SWAP 2/12002MB (cached 0MB) CPU [0%@1510,0%@1510,1%@1510,1%@1510,1%@1510,0%@1510] GR3D_FREQ 0% cpu@47C soc2@45.968C soc0@44.281C gpu@46.218C tj@46.625C soc1@44.281C VDD_IN 4113mW/4146mW VDD_CPU_GPU_CV 996mW/1006mW VDD_SOC 1397mW/1397mW
08-09-2026 23:34:30 RAM 3475/7620MB (lfb 2x4MB) SWAP 2/12002MB (cached 0MB) CPU [2%@1510,1%@1510,0%@1510,1%@1510,1%@1510,1%@1510] GR3D_FREQ 0% cpu@46.593C soc2@46C soc0@44.343C gpu@46.125C tj@46.593C soc1@44.343C VDD_IN 4113mW/4146mW VDD_CPU_GPU_CV 996mW/1006mW VDD_SOC 1397mW/1397mW
08-09-2026 23:34:31 RAM 3475/7620MB (lfb 2x4MB) SWAP 2/12002MB (cached 0MB) CPU [0%@1510,0%@1510,1%@1510,1%@1510,1%@1510,0%@1510] GR3D_FREQ 0% cpu@46.687C soc2@46.031C soc0@44.343C gpu@46.25C tj@46.687C soc1@44.437C VDD_IN 4113mW/4146mW VDD_CPU_GPU_CV 996mW/1006mW VDD_SOC 1397mW/1397mW
08-09-2026 23:34:32 RAM 3475/7620MB (lfb 2x4MB) SWAP 2/12002MB (cached 0MB) CPU [1%@1510,1%@1510,1%@1510,2%@1510,4%@1510,1%@1510] GR3D_FREQ 0% cpu@46.812C soc2@45.875C soc0@44.375C gpu@46.218C tj@46.843C soc1@44.218C VDD_IN 4153mW/4146mW VDD_CPU_GPU_CV 996mW/1006mW VDD_SOC 1397mW/1397mW
08-09-2026 23:34:33 RAM 3475/7620MB (lfb 2x4MB) SWAP 2/12002MB (cached 0MB) CPU [0%@1510,0%@1510,2%@1510,1%@1510,1%@1510,1%@1510] GR3D_FREQ 0% cpu@46.687C soc2@45.937C soc0@44.468C gpu@46.218C tj@46.687C soc1@44.281C VDD_IN 4113mW/4146mW VDD_CPU_GPU_CV 996mW/1006mW VDD_SOC 1397mW/1397mW
08-09-2026 23:34:34 RAM 3475/7620MB (lfb 2x4MB) SWAP 2/12002MB (cached 0MB) CPU [1%@1510,0%@1510,0%@1510,2%@1510,1%@1510,0%@1510] GR3D_FREQ 0% cpu@47C soc2@45.968C soc0@44.281C gpu@46.375C tj@47C soc1@44.281C VDD_IN 4113mW/4146mW VDD_CPU_GPU_CV 996mW/1006mW VDD_SOC 1397mW/1397mW
08-09-2026 23:34:35 RAM 3475/7620MB (lfb 2x4MB) SWAP 2/12002MB (cached 0MB) CPU [0%@1510,1%@1510,0%@1510,1%@1510,1%@1510,0%@1510] GR3D_FREQ 0% cpu@46.625C soc2@45.968C soc0@44.312C gpu@46.312C tj@46.625C soc1@44.281C VDD_IN 4113mW/4146mW VDD_CPU_GPU_CV 996mW/1006mW VDD_SOC 1397mW/1397mW
08-09-2026 23:34:36 RAM 3475/7620MB (lfb 2x4MB) SWAP 2/12002MB (cached 0MB) CPU [1%@1510,1%@1510,1%@1510,1%@1510,1%@1510,0%@1510] GR3D_FREQ 0% cpu@46.656C soc2@45.937C soc0@44.375C gpu@46.375C tj@46.656C soc1@44.375C VDD_IN 4113mW/4146mW VDD_CPU_GPU_CV 996mW/1006mW VDD_SOC 1397mW/1397mW
08-09-2026 23:34:37 RAM 3475/7620MB (lfb 2x4MB) SWAP 2/12002MB (cached 0MB) CPU [1%@1510,2%@1510,1%@1510,2%@1510,3%@1510,2%@1510] GR3D_FREQ 0% cpu@46.625C soc2@46.062C soc0@44.406C gpu@46.375C tj@46.625C soc1@44.187C VDD_IN 4153mW/4146mW VDD_CPU_GPU_CV 996mW/1006mW VDD_SOC 1397mW/1397mW
08-09-2026 23:34:38 RAM 3475/7620MB (lfb 2x4MB) SWAP 2/12002MB (cached 0MB) CPU [1%@1510,1%@1510,2%@1510,2%@1510,2%@1510,1%@1510] GR3D_FREQ 0% cpu@46.75C soc2@45.937C soc0@44.375C gpu@46.437C tj@46.75C soc1@44.187C VDD_IN 4113mW/4146mW VDD_CPU_GPU_CV 996mW/1006mW VDD_SOC 1397mW/1397mW
08-09-2026 23:34:39 RAM 3475/7620MB (lfb 2x4MB) SWAP 2/12002MB (cached 0MB) CPU [1%@1510,1%@1510,0%@1510,2%@1510,1%@1510,0%@1510] GR3D_FREQ 0% cpu@47.031C soc2@45.937C soc0@44.375C gpu@45.875C tj@47.031C soc1@44.218C VDD_IN 4113mW/4146mW VDD_CPU_GPU_CV 996mW/1006mW VDD_SOC 1397mW/1397mW
08-09-2026 23:34:40 RAM 3478/7620MB (lfb 1x4MB) SWAP 2/12002MB (cached 0MB) CPU [0%@1510,0%@1510,0%@1510,1%@1510,1%@1510,1%@1510] GR3D_FREQ 0% cpu@46.812C soc2@45.968C soc0@44.25C gpu@45.875C tj@46.812C soc1@44.218C VDD_IN 4113mW/4146mW VDD_CPU_GPU_CV 996mW/1006mW VDD_SOC 1397mW/1397mW
08-09-2026 23:34:41 RAM 3478/7620MB (lfb 1x4MB) SWAP 2/12002MB (cached 0MB) CPU [0%@1510,0%@1510,1%@1510,2%@1510,0%@1510,2%@1510] GR3D_FREQ 0% cpu@46.593C soc2@45.968C soc0@44.312C gpu@45.906C tj@46.593C soc1@44.25C VDD_IN 4073mW/4145mW VDD_CPU_GPU_CV 996mW/1006mW VDD_SOC 1397mW/1397mW
08-09-2026 23:34:42 RAM 3479/7620MB (lfb 1x4MB) SWAP 2/12002MB (cached 0MB) CPU [1%@1510,2%@1510,1%@1510,2%@1510,3%@1510,2%@1510] GR3D_FREQ 0% cpu@46.625C soc2@46C soc0@44.343C gpu@45.906C tj@46.625C soc1@44.406C VDD_IN 4113mW/4145mW VDD_CPU_GPU_CV 996mW/1006mW VDD_SOC 1397mW/1397mW
08-09-2026 23:34:43 RAM 3480/7620MB (lfb 1x4MB) SWAP 2/12002MB (cached 0MB) CPU [1%@1510,0%@1510,1%@1510,2%@1510,1%@1510,1%@1510] GR3D_FREQ 0% cpu@46.625C soc2@46C soc0@44.375C gpu@45.875C tj@46.625C soc1@44.187C VDD_IN 4113mW/4145mW VDD_CPU_GPU_CV 996mW/1006mW VDD_SOC 1397mW/1397mW
08-09-2026 23:34:44 RAM 3479/7620MB (lfb 1x4MB) SWAP 2/12002MB (cached 0MB) CPU [0%@1510,1%@1510,0%@1510,3%@1510,0%@1510,0%@1510] GR3D_FREQ 0% cpu@47C soc2@45.937C soc0@44.406C gpu@45.843C tj@47C soc1@44.25C VDD_IN 4113mW/4145mW VDD_CPU_GPU_CV 996mW/1006mW VDD_SOC 1397mW/1397mW
08-09-2026 23:34:45 RAM 3479/7620MB (lfb 1x4MB) SWAP 2/12002MB (cached 0MB) CPU [1%@1510,0%@1510,0%@1510,1%@1510,0%@1510,1%@1510] GR3D_FREQ 0% cpu@46.781C soc2@46C soc0@44.281C gpu@46.156C tj@46.781C soc1@44.281C VDD_IN 4113mW/4145mW VDD_CPU_GPU_CV 996mW/1006mW VDD_SOC 1397mW/1397mW
08-09-2026 23:34:46 RAM 3479/7620MB (lfb 1x4MB) SWAP 2/12002MB (cached 0MB) CPU [0%@1510,1%@1510,0%@1510,1%@1510,1%@1510,2%@1510] GR3D_FREQ 0% cpu@46.593C soc2@46.031C soc0@44.218C gpu@46.218C tj@46.562C soc1@44.312C VDD_IN 4113mW/4145mW VDD_CPU_GPU_CV 996mW/1005mW VDD_SOC 1397mW/1397mW
08-09-2026 23:34:47 RAM 3480/7620MB (lfb 1x4MB) SWAP 2/12002MB (cached 0MB) CPU [4%@1510,1%@1510,3%@1510,2%@1510,2%@1510,1%@1510] GR3D_FREQ 0% cpu@46.625C soc2@46.031C soc0@44.218C gpu@46.125C tj@46.625C soc1@44.375C VDD_IN 4113mW/4145mW VDD_CPU_GPU_CV 996mW/1005mW VDD_SOC 1397mW/1397mW
08-09-2026 23:34:48 RAM 3479/7620MB (lfb 1x4MB) SWAP 2/12002MB (cached 0MB) CPU [0%@1510,0%@1510,2%@1510,2%@1510,1%@1510,3%@1510] GR3D_FREQ 0% cpu@46.656C soc2@46.125C soc0@44.343C gpu@46.187C tj@46.656C soc1@44.375C VDD_IN 4113mW/4145mW VDD_CPU_GPU_CV 996mW/1005mW VDD_SOC 1397mW/1397mW
08-09-2026 23:34:49 RAM 3479/7620MB (lfb 1x4MB) SWAP 2/12002MB (cached 0MB) CPU [0%@1510,1%@1510,0%@1510,1%@1510,0%@1510,1%@1510] GR3D_FREQ 0% cpu@46.687C soc2@46.062C soc0@44.375C gpu@46.187C tj@46.687C soc1@44.437C VDD_IN 4113mW/4145mW VDD_CPU_GPU_CV 996mW/1005mW VDD_SOC 1397mW/1397mW
08-09-2026 23:34:50 RAM 3479/7620MB (lfb 1x4MB) SWAP 2/12002MB (cached 0MB) CPU [0%@1510,0%@1510,1%@1510,1%@1510,1%@1510,0%@1510] GR3D_FREQ 0% cpu@46.718C soc2@45.937C soc0@44.406C gpu@46.156C tj@46.718C soc1@44.218C VDD_IN 4113mW/4144mW VDD_CPU_GPU_CV 996mW/1005mW VDD_SOC 1397mW/1397mW
08-09-2026 23:34:51 RAM 3479/7620MB (lfb 1x4MB) SWAP 2/12002MB (cached 0MB) CPU [1%@1510,0%@1510,0%@1510,2%@1510,0%@1510,1%@1510] GR3D_FREQ 0% cpu@46.593C soc2@46C soc0@44.25C gpu@46.187C tj@46.593C soc1@44.25C VDD_IN 4113mW/4144mW VDD_CPU_GPU_CV 996mW/1005mW VDD_SOC 1397mW/1397mW
08-09-2026 23:34:52 RAM 3480/7620MB (lfb 1x4MB) SWAP 2/12002MB (cached 0MB) CPU [1%@1510,0%@1510,2%@1510,2%@1510,2%@1510,4%@1510] GR3D_FREQ 0% cpu@46.843C soc2@45.906C soc0@44.281C gpu@46.125C tj@46.843C soc1@44.281C VDD_IN 4113mW/4144mW VDD_CPU_GPU_CV 996mW/1005mW VDD_SOC 1397mW/1397mW
08-09-2026 23:34:53 RAM 3479/7620MB (lfb 1x4MB) SWAP 2/12002MB (cached 0MB) CPU [1%@1510,1%@1510,0%@1510,2%@1510,1%@1510,1%@1510] GR3D_FREQ 0% cpu@46.593C soc2@46C soc0@44.312C gpu@46.281C tj@46.593C soc1@44.312C VDD_IN 4113mW/4144mW VDD_CPU_GPU_CV 996mW/1005mW VDD_SOC 1397mW/1397mW
08-09-2026 23:34:54 RAM 3479/7620MB (lfb 1x4MB) SWAP 2/12002MB (cached 0MB) CPU [0%@1510,0%@1510,0%@1510,1%@1510,0%@1510,1%@1510] GR3D_FREQ 0% cpu@46.687C soc2@46.031C soc0@44.343C gpu@46.187C tj@46.687C soc1@44.375C VDD_IN 4113mW/4144mW VDD_CPU_GPU_CV 996mW/1005mW VDD_SOC 1397mW/1397mW
08-09-2026 23:34:55 RAM 3479/7620MB (lfb 1x4MB) SWAP 2/12002MB (cached 0MB) CPU [1%@1510,1%@1510,0%@1510,1%@1510,1%@1510,1%@1510] GR3D_FREQ 0% cpu@46.843C soc2@45.875C soc0@44.312C gpu@46.312C tj@46.843C soc1@44.156C VDD_IN 4113mW/4144mW VDD_CPU_GPU_CV 996mW/1005mW VDD_SOC 1397mW/1397mW
08-09-2026 23:34:56 RAM 3479/7620MB (lfb 1x4MB) SWAP 2/12002MB (cached 0MB) CPU [1%@1510,0%@1510,0%@1510,1%@1510,1%@1510,0%@1510] GR3D_FREQ 0% cpu@46.5C soc2@46.093C soc0@44.343C gpu@46.281C tj@46.5C soc1@44.281C VDD_IN 4073mW/4144mW VDD_CPU_GPU_CV 996mW/1005mW VDD_SOC 1397mW/1397mW
08-09-2026 23:34:57 RAM 3479/7620MB (lfb 1x4MB) SWAP 2/12002MB (cached 0MB) CPU [1%@1510,0%@1510,2%@1510,2%@1510,4%@1510,1%@1510] GR3D_FREQ 0% cpu@46.843C soc2@45.937C soc0@44.218C gpu@46.343C tj@46.843C soc1@44.218C VDD_IN 4113mW/4144mW VDD_CPU_GPU_CV 996mW/1005mW VDD_SOC 1397mW/1397mW
08-09-2026 23:34:58 RAM 3479/7620MB (lfb 1x4MB) SWAP 2/12002MB (cached 0MB) CPU [1%@1510,2%@1510,0%@1510,4%@1510,1%@1510,1%@1510] GR3D_FREQ 0% cpu@46.562C soc2@45.937C soc0@44.25C gpu@46.343C tj@46.562C soc1@44.343C VDD_IN 4113mW/4144mW VDD_CPU_GPU_CV 996mW/1005mW VDD_SOC 1397mW/1397mW
08-09-2026 23:34:59 RAM 3479/7620MB (lfb 1x4MB) SWAP 2/12002MB (cached 0MB) CPU [1%@1510,0%@1510,1%@1510,0%@1510,1%@1510,1%@1510] GR3D_FREQ 0% cpu@46.625C soc2@46C soc0@44.312C gpu@45.875C tj@46.625C soc1@44.312C VDD_IN 4113mW/4144mW VDD_CPU_GPU_CV 996mW/1005mW VDD_SOC 1397mW/1397mW
08-09-2026 23:35:00 RAM 3479/7620MB (lfb 1x4MB) SWAP 2/12002MB (cached 0MB) CPU [1%@1510,0%@1510,0%@1510,1%@1510,0%@1510,1%@1510] GR3D_FREQ 0% cpu@46.687C soc2@45.968C soc0@44.312C gpu@45.906C tj@46.687C soc1@44.437C VDD_IN 4073mW/4143mW VDD_CPU_GPU_CV 996mW/1005mW VDD_SOC 1397mW/1397mW
08-09-2026 23:35:01 RAM 3480/7620MB (lfb 1x4MB) SWAP 2/12002MB (cached 0MB) CPU [1%@1510,1%@1510,0%@1510,0%@1510,0%@1510,1%@1510] GR3D_FREQ 0% cpu@46.687C soc2@45.875C soc0@44.468C gpu@45.937C tj@46.687C soc1@44.156C VDD_IN 4113mW/4143mW VDD_CPU_GPU_CV 996mW/1005mW VDD_SOC 1397mW/1397mW
08-09-2026 23:35:02 RAM 3480/7620MB (lfb 1x4MB) SWAP 2/12002MB (cached 0MB) CPU [1%@1510,1%@1510,2%@1510,0%@1510,1%@1510,4%@1510] GR3D_FREQ 0% cpu@46.812C soc2@46C soc0@44.406C gpu@46.031C tj@46.812C soc1@44.218C VDD_IN 4113mW/4143mW VDD_CPU_GPU_CV 996mW/1005mW VDD_SOC 1397mW/1397mW
08-09-2026 23:35:03 RAM 3479/7620MB (lfb 1x4MB) SWAP 2/12002MB (cached 0MB) CPU [2%@1510,1%@1510,1%@1510,0%@1510,0%@1510,2%@1510] GR3D_FREQ 0% cpu@46.562C soc2@45.875C soc0@44.312C gpu@46.125C tj@46.562C soc1@44.218C VDD_IN 4113mW/4143mW VDD_CPU_GPU_CV 996mW/1005mW VDD_SOC 1397mW/1397mW
08-09-2026 23:35:04 RAM 3479/7620MB (lfb 1x4MB) SWAP 2/12002MB (cached 0MB) CPU [2%@1510,1%@1510,1%@1510,1%@1510,1%@1510,1%@1510] GR3D_FREQ 0% cpu@46.625C soc2@45.968C soc0@44.312C gpu@46.093C tj@46.625C soc1@44.25C VDD_IN 4113mW/4143mW VDD_CPU_GPU_CV 996mW/1005mW VDD_SOC 1397mW/1397mW
08-09-2026 23:35:05 RAM 3479/7620MB (lfb 1x4MB) SWAP 2/12002MB (cached 0MB) CPU [0%@1510,0%@1510,0%@1510,0%@1510,1%@1510,1%@1510] GR3D_FREQ 0% cpu@46.562C soc2@46.031C soc0@44.25C gpu@46.125C tj@46.562C soc1@44.281C VDD_IN 4113mW/4143mW VDD_CPU_GPU_CV 996mW/1005mW VDD_SOC 1397mW/1397mW
08-09-2026 23:35:06 RAM 3479/7620MB (lfb 1x4MB) SWAP 2/12002MB (cached 0MB) CPU [0%@1510,1%@1510,1%@1510,0%@1510,2%@1510,1%@1510] GR3D_FREQ 0% cpu@46.656C soc2@46.062C soc0@44.343C gpu@46.125C tj@46.656C soc1@44.218C VDD_IN 4073mW/4143mW VDD_CPU_GPU_CV 996mW/1005mW VDD_SOC 1397mW/1397mW
08-09-2026 23:35:07 RAM 3479/7620MB (lfb 1x4MB) SWAP 2/12002MB (cached 0MB) CPU [1%@1510,3%@1510,0%@1510,1%@1510,2%@1510,5%@1510] GR3D_FREQ 0% cpu@46.875C soc2@46.062C soc0@44.406C gpu@46.187C tj@46.875C soc1@44.343C VDD_IN 4113mW/4143mW VDD_CPU_GPU_CV 996mW/1005mW VDD_SOC 1397mW/1397mW
08-09-2026 23:35:08 RAM 3478/7620MB (lfb 1x4MB) SWAP 2/12002MB (cached 0MB) CPU [2%@1510,1%@1510,0%@1510,2%@1510,1%@1510,1%@1510] GR3D_FREQ 0% cpu@46.687C soc2@45.906C soc0@44.25C gpu@46.25C tj@46.687C soc1@44.25C VDD_IN 4113mW/4143mW VDD_CPU_GPU_CV 996mW/1005mW VDD_SOC 1397mW/1397mW
08-09-2026 23:35:09 RAM 3478/7620MB (lfb 1x4MB) SWAP 2/12002MB (cached 0MB) CPU [0%@1510,2%@1510,0%@1510,0%@1510,1%@1510,1%@1510] GR3D_FREQ 0% cpu@47.031C soc2@46C soc0@44.312C gpu@46.156C tj@47.031C soc1@44.218C VDD_IN 4073mW/4142mW VDD_CPU_GPU_CV 996mW/1005mW VDD_SOC 1397mW/1397mW
08-09-2026 23:35:10 RAM 3478/7620MB (lfb 1x4MB) SWAP 2/12002MB (cached 0MB) CPU [1%@1510,3%@1510,0%@1510,1%@1510,0%@1510,2%@1510] GR3D_FREQ 0% cpu@46.625C soc2@46C soc0@44.25C gpu@46.156C tj@46.625C soc1@44.375C VDD_IN 4113mW/4142mW VDD_CPU_GPU_CV 996mW/1005mW VDD_SOC 1397mW/1397mW
08-09-2026 23:35:11 RAM 3478/7620MB (lfb 1x4MB) SWAP 2/12002MB (cached 0MB) CPU [2%@1510,2%@1510,0%@1510,1%@1510,0%@1510,0%@1510] GR3D_FREQ 0% cpu@46.625C soc2@46C soc0@44.375C gpu@46.218C tj@46.625C soc1@44.468C VDD_IN 4073mW/4142mW VDD_CPU_GPU_CV 956mW/1005mW VDD_SOC 1397mW/1397mW
08-09-2026 23:35:12 RAM 3479/7620MB (lfb 1x4MB) SWAP 2/12002MB (cached 0MB) CPU [1%@1510,1%@1510,3%@1510,1%@1510,1%@1510,1%@1510] GR3D_FREQ 0% cpu@46.781C soc2@46.093C soc0@44.437C gpu@46.187C tj@46.781C soc1@44.156C VDD_IN 4113mW/4142mW VDD_CPU_GPU_CV 996mW/1005mW VDD_SOC 1397mW/1397mW
08-09-2026 23:35:13 RAM 3478/7620MB (lfb 1x4MB) SWAP 2/12002MB (cached 0MB) CPU [1%@1510,1%@1510,0%@1510,2%@1510,1%@1510,0%@1510] GR3D_FREQ 0% cpu@46.656C soc2@45.968C soc0@44.531C gpu@46.218C tj@46.656C soc1@44.281C VDD_IN 4113mW/4142mW VDD_CPU_GPU_CV 996mW/1005mW VDD_SOC 1397mW/1397mW
08-09-2026 23:35:14 RAM 3478/7620MB (lfb 1x4MB) SWAP 2/12002MB (cached 0MB) CPU [1%@1510,1%@1510,0%@1510,1%@1510,1%@1510,2%@1510] GR3D_FREQ 0% cpu@46.906C soc2@45.937C soc0@44.312C gpu@46.218C tj@46.906C soc1@44.312C VDD_IN 4113mW/4142mW VDD_CPU_GPU_CV 996mW/1005mW VDD_SOC 1397mW/1397mW
08-09-2026 23:35:15 RAM 3478/7620MB (lfb 1x4MB) SWAP 2/12002MB (cached 0MB) CPU [1%@1510,0%@1510,2%@1510,1%@1510,0%@1510,0%@1510] GR3D_FREQ 0% cpu@46.625C soc2@46C soc0@44.25C gpu@46.312C tj@46.625C soc1@44.312C VDD_IN 4113mW/4142mW VDD_CPU_GPU_CV 956mW/1005mW VDD_SOC 1397mW/1397mW
08-09-2026 23:35:16 RAM 3478/7620MB (lfb 1x4MB) SWAP 2/12002MB (cached 0MB) CPU [1%@1510,2%@1510,0%@1510,1%@1510,1%@1510,1%@1510] GR3D_FREQ 0% cpu@46.656C soc2@46.031C soc0@44.375C gpu@46.281C tj@46.656C soc1@44.375C VDD_IN 4073mW/4142mW VDD_CPU_GPU_CV 956mW/1004mW VDD_SOC 1397mW/1397mW
08-09-2026 23:35:17 RAM 3478/7620MB (lfb 1x4MB) SWAP 2/12002MB (cached 0MB) CPU [1%@1510,2%@1510,1%@1510,2%@1510,1%@1510,3%@1510] GR3D_FREQ 0% cpu@46.625C soc2@46.031C soc0@44.375C gpu@46.343C tj@46.625C soc1@44.375C VDD_IN 4113mW/4142mW VDD_CPU_GPU_CV 996mW/1004mW VDD_SOC 1397mW/1397mW
08-09-2026 23:35:18 RAM 3478/7620MB (lfb 1x4MB) SWAP 2/12002MB (cached 0MB) CPU [1%@1510,0%@1510,1%@1510,1%@1510,1%@1510,0%@1510] GR3D_FREQ 0% cpu@46.75C soc2@45.937C soc0@44.375C gpu@46.406C tj@46.75C soc1@44.156C VDD_IN 4113mW/4142mW VDD_CPU_GPU_CV 996mW/1004mW VDD_SOC 1397mW/1397mW
08-09-2026 23:35:19 RAM 3479/7620MB (lfb 1x4MB) SWAP 2/12002MB (cached 0MB) CPU [1%@1510,0%@1510,1%@1510,1%@1510,0%@1510,0%@1510] GR3D_FREQ 0% cpu@47C soc2@45.968C soc0@44.468C gpu@46.343C tj@47C soc1@44.218C VDD_IN 4113mW/4141mW VDD_CPU_GPU_CV 996mW/1004mW VDD_SOC 1397mW/1397mW
08-09-2026 23:35:20 RAM 3478/7620MB (lfb 1x4MB) SWAP 2/12002MB (cached 0MB) CPU [1%@1510,1%@1510,0%@1510,1%@1510,0%@1510,0%@1510] GR3D_FREQ 0% cpu@46.75C soc2@45.906C soc0@44.343C gpu@45.937C tj@46.75C soc1@44.187C VDD_IN 4073mW/4141mW VDD_CPU_GPU_CV 996mW/1004mW VDD_SOC 1397mW/1397mW
08-09-2026 23:35:21 RAM 3478/7620MB (lfb 1x4MB) SWAP 2/12002MB (cached 0MB) CPU [0%@1510,1%@1510,2%@1510,1%@1510,0%@1510,1%@1510] GR3D_FREQ 0% cpu@46.531C soc2@45.906C soc0@44.312C gpu@45.843C tj@46.531C soc1@44.312C VDD_IN 4073mW/4141mW VDD_CPU_GPU_CV 956mW/1004mW VDD_SOC 1397mW/1397mW
08-09-2026 23:35:23 RAM 3479/7620MB (lfb 1x4MB) SWAP 2/12002MB (cached 0MB) CPU [1%@1510,3%@1510,1%@1510,1%@1510,4%@1510,1%@1510] GR3D_FREQ 0% cpu@46.625C soc2@45.968C soc0@44.312C gpu@45.906C tj@46.625C soc1@44.281C VDD_IN 4153mW/4141mW VDD_CPU_GPU_CV 996mW/1004mW VDD_SOC 1397mW/1397mW
08-09-2026 23:35:24 RAM 3478/7620MB (lfb 1x4MB) SWAP 2/12002MB (cached 0MB) CPU [1%@1510,1%@1510,0%@1510,1%@1510,1%@1510,1%@1510] GR3D_FREQ 0% cpu@46.625C soc2@45.968C soc0@44.375C gpu@45.937C tj@46.625C soc1@44.343C VDD_IN 4113mW/4141mW VDD_CPU_GPU_CV 996mW/1004mW VDD_SOC 1397mW/1397mW
08-09-2026 23:35:25 RAM 3477/7620MB (lfb 1x4MB) SWAP 2/12002MB (cached 0MB) CPU [1%@1510,1%@1510,0%@1510,1%@1510,0%@1510,0%@1510] GR3D_FREQ 0% cpu@46.656C soc2@45.968C soc0@44.343C gpu@46.125C tj@46.656C soc1@44.25C VDD_IN 4113mW/4141mW VDD_CPU_GPU_CV 996mW/1004mW VDD_SOC 1397mW/1397mW
08-09-2026 23:35:26 RAM 3478/7620MB (lfb 1x4MB) SWAP 2/12002MB (cached 0MB) CPU [1%@1510,0%@1510,1%@1510,1%@1510,0%@1510,1%@1510] GR3D_FREQ 0% cpu@46.812C soc2@45.875C soc0@44.406C gpu@46.125C tj@46.812C soc1@44.156C VDD_IN 4113mW/4141mW VDD_CPU_GPU_CV 996mW/1004mW VDD_SOC 1397mW/1397mW
08-09-2026 23:35:27 RAM 3478/7620MB (lfb 1x4MB) SWAP 2/12002MB (cached 0MB) CPU [1%@1510,1%@1510,0%@1510,1%@1510,0%@1510,0%@1510] GR3D_FREQ 0% cpu@46.562C soc2@45.875C soc0@44.281C gpu@46C tj@46.562C soc1@44.156C VDD_IN 4113mW/4141mW VDD_CPU_GPU_CV 996mW/1004mW VDD_SOC 1397mW/1397mW
08-09-2026 23:35:28 RAM 3478/7620MB (lfb 1x4MB) SWAP 2/12002MB (cached 0MB) CPU [3%@1510,2%@1510,2%@1510,1%@1510,4%@1510,1%@1510] GR3D_FREQ 0% cpu@46.812C soc2@46C soc0@44.312C gpu@46.031C tj@46.812C soc1@44.281C VDD_IN 4113mW/4141mW VDD_CPU_GPU_CV 996mW/1004mW VDD_SOC 1397mW/1397mW
08-09-2026 23:35:29 RAM 3477/7620MB (lfb 1x4MB) SWAP 2/12002MB (cached 0MB) CPU [1%@1510,1%@1510,1%@1510,1%@1510,0%@1510,1%@1510] GR3D_FREQ 0% cpu@46.562C soc2@45.906C soc0@44.281C gpu@46.125C tj@46.562C soc1@44.343C VDD_IN 4113mW/4141mW VDD_CPU_GPU_CV 996mW/1004mW VDD_SOC 1397mW/1397mW
08-09-2026 23:35:30 RAM 3477/7620MB (lfb 1x4MB) SWAP 2/12002MB (cached 0MB) CPU [1%@1510,1%@1510,0%@1510,1%@1510,1%@1510,0%@1510] GR3D_FREQ 0% cpu@46.625C soc2@45.968C soc0@44.312C gpu@46.187C tj@46.625C soc1@44.375C VDD_IN 4113mW/4141mW VDD_CPU_GPU_CV 996mW/1004mW VDD_SOC 1397mW/1397mW
08-09-2026 23:35:31 RAM 3477/7620MB (lfb 1x4MB) SWAP 2/12002MB (cached 0MB) CPU [1%@1510,1%@1510,0%@1510,2%@1510,0%@1510,0%@1510] GR3D_FREQ 0% cpu@46.781C soc2@45.937C soc0@44.468C gpu@46.156C tj@46.781C soc1@44.125C VDD_IN 4113mW/4141mW VDD_CPU_GPU_CV 996mW/1004mW VDD_SOC 1397mW/1397mW
08-09-2026 23:35:32 RAM 3477/7620MB (lfb 1x4MB) SWAP 2/12002MB (cached 0MB) CPU [2%@1510,1%@1510,1%@1510,1%@1510,0%@1510,0%@1510] GR3D_FREQ 0% cpu@46.656C soc2@45.968C soc0@44.375C gpu@46.187C tj@46.656C soc1@44.25C VDD_IN 4113mW/4140mW VDD_CPU_GPU_CV 996mW/1004mW VDD_SOC 1397mW/1397mW
08-09-2026 23:35:33 RAM 3477/7620MB (lfb 1x4MB) SWAP 2/12002MB (cached 0MB) CPU [1%@1510,0%@1510,1%@1510,3%@1510,1%@1510,1%@1510] GR3D_FREQ 0% cpu@46.781C soc2@45.906C soc0@44.25C gpu@46.187C tj@46.781C soc1@44.281C VDD_IN 4113mW/4140mW VDD_CPU_GPU_CV 996mW/1004mW VDD_SOC 1397mW/1397mW
08-09-2026 23:35:34 RAM 3476/7620MB (lfb 1x4MB) SWAP 2/12002MB (cached 0MB) CPU [2%@1510,1%@1510,2%@1510,2%@1510,1%@1510,1%@1510] GR3D_FREQ 0% cpu@46.656C soc2@45.906C soc0@44.343C gpu@46.187C tj@46.656C soc1@44.312C VDD_IN 4113mW/4140mW VDD_CPU_GPU_CV 996mW/1004mW VDD_SOC 1397mW/1397mW
08-09-2026 23:35:35 RAM 3476/7620MB (lfb 1x4MB) SWAP 2/12002MB (cached 0MB) CPU [0%@1510,2%@1510,1%@1510,0%@1510,0%@1510,1%@1510] GR3D_FREQ 0% cpu@46.656C soc2@45.968C soc0@44.312C gpu@46.218C tj@46.656C soc1@44.375C VDD_IN 4113mW/4140mW VDD_CPU_GPU_CV 996mW/1004mW VDD_SOC 1397mW/1397mW
08-09-2026 23:35:36 RAM 3476/7620MB (lfb 1x4MB) SWAP 2/12002MB (cached 0MB) CPU [1%@1510,1%@1510,0%@1510,1%@1510,0%@1510,0%@1510] GR3D_FREQ 0% cpu@46.625C soc2@46C soc0@44.343C gpu@46.25C tj@46.625C soc1@44.375C VDD_IN 4113mW/4140mW VDD_CPU_GPU_CV 996mW/1004mW VDD_SOC 1397mW/1397mW
08-09-2026 23:35:37 RAM 3476/7620MB (lfb 1x4MB) SWAP 2/12002MB (cached 0MB) CPU [0%@1510,2%@1510,1%@1510,0%@1510,1%@1510,0%@1510] GR3D_FREQ 0% cpu@46.625C soc2@45.937C soc0@44.468C gpu@46.312C tj@46.625C soc1@44.156C VDD_IN 4113mW/4140mW VDD_CPU_GPU_CV 996mW/1004mW VDD_SOC 1397mW/1397mW
08-09-2026 23:35:38 RAM 3476/7620MB (lfb 1x4MB) SWAP 2/12002MB (cached 0MB) CPU [1%@1510,1%@1510,4%@1510,1%@1510,1%@1510,1%@1510] GR3D_FREQ 0% cpu@46.781C soc2@45.906C soc0@44.343C gpu@46.25C tj@46.781C soc1@44.156C VDD_IN 4113mW/4140mW VDD_CPU_GPU_CV 996mW/1004mW VDD_SOC 1397mW/1397mW
08-09-2026 23:35:39 RAM 3476/7620MB (lfb 1x4MB) SWAP 2/12002MB (cached 0MB) CPU [0%@1510,1%@1510,1%@1510,1%@1510,2%@1510,1%@1510] GR3D_FREQ 0% cpu@46.625C soc2@45.937C soc0@44.281C gpu@46.375C tj@46.625C soc1@44.218C VDD_IN 4113mW/4140mW VDD_CPU_GPU_CV 996mW/1004mW VDD_SOC 1397mW/1397mW
08-09-2026 23:35:40 RAM 3476/7620MB (lfb 1x4MB) SWAP 2/12002MB (cached 0MB) CPU [1%@1510,0%@1510,0%@1510,1%@1510,1%@1510,0%@1510] GR3D_FREQ 0% cpu@46.625C soc2@46C soc0@44.25C gpu@46.343C tj@46.625C soc1@44.281C VDD_IN 4113mW/4140mW VDD_CPU_GPU_CV 996mW/1004mW VDD_SOC 1397mW/1397mW
08-09-2026 23:35:41 RAM 3476/7620MB (lfb 1x4MB) SWAP 2/12002MB (cached 0MB) CPU [2%@1510,1%@1510,1%@1510,0%@1510,0%@1510,0%@1510] GR3D_FREQ 0% cpu@46.468C soc2@45.968C soc0@44.25C gpu@45.906C tj@46.468C soc1@44.312C VDD_IN 4113mW/4140mW VDD_CPU_GPU_CV 996mW/1004mW VDD_SOC 1397mW/1397mW
08-09-2026 23:35:42 RAM 3476/7620MB (lfb 1x4MB) SWAP 2/12002MB (cached 0MB) CPU [2%@1510,1%@1510,1%@1510,1%@1510,0%@1510,0%@1510] GR3D_FREQ 0% cpu@46.625C soc2@45.968C soc0@44.343C gpu@46.031C tj@46.625C soc1@44.218C VDD_IN 4113mW/4140mW VDD_CPU_GPU_CV 996mW/1004mW VDD_SOC 1397mW/1397mW
08-09-2026 23:35:43 RAM 3476/7620MB (lfb 1x4MB) SWAP 2/12002MB (cached 0MB) CPU [1%@1510,1%@1510,1%@1510,1%@1510,4%@1510,2%@1510] GR3D_FREQ 0% cpu@46.781C soc2@45.937C soc0@44.375C gpu@46C tj@46.781C soc1@44.281C VDD_IN 4113mW/4140mW VDD_CPU_GPU_CV 996mW/1004mW VDD_SOC 1397mW/1397mW
08-09-2026 23:35:44 RAM 3476/7620MB (lfb 1x4MB) SWAP 2/12002MB (cached 0MB) CPU [1%@1510,0%@1510,1%@1510,3%@1510,2%@1510,1%@1510] GR3D_FREQ 0% cpu@46.718C soc2@45.968C soc0@44.406C gpu@45.906C tj@46.718C soc1@44.187C VDD_IN 4113mW/4140mW VDD_CPU_GPU_CV 996mW/1004mW VDD_SOC 1397mW/1397mW
08-09-2026 23:35:45 RAM 3476/7620MB (lfb 1x4MB) SWAP 2/12002MB (cached 0MB) CPU [1%@1510,2%@1510,1%@1510,1%@1510,1%@1510,1%@1510] GR3D_FREQ 0% cpu@46.812C soc2@45.968C soc0@44.218C gpu@46.031C tj@46.812C soc1@44.375C VDD_IN 4113mW/4140mW VDD_CPU_GPU_CV 996mW/1004mW VDD_SOC 1397mW/1397mW
08-09-2026 23:35:46 RAM 3476/7620MB (lfb 1x4MB) SWAP 2/12002MB (cached 0MB) CPU [1%@1510,0%@1510,1%@1510,0%@1510,2%@1510,0%@1510] GR3D_FREQ 0% cpu@46.562C soc2@45.906C soc0@44.281C gpu@46C tj@46.562C soc1@44.343C VDD_IN 4113mW/4140mW VDD_CPU_GPU_CV 996mW/1004mW VDD_SOC 1397mW/1397mW
08-09-2026 23:35:47 RAM 3476/7620MB (lfb 1x4MB) SWAP 2/12002MB (cached 0MB) CPU [2%@1510,1%@1510,1%@1510,1%@1510,0%@1510,0%@1510] GR3D_FREQ 0% cpu@46.593C soc2@46.031C soc0@44.312C gpu@46.062C tj@46.593C soc1@44.312C VDD_IN 4113mW/4139mW VDD_CPU_GPU_CV 996mW/1004mW VDD_SOC 1397mW/1397mW
08-09-2026 23:35:48 RAM 3475/7620MB (lfb 1x4MB) SWAP 2/12002MB (cached 0MB) CPU [1%@1510,1%@1510,1%@1510,1%@1510,4%@1510,2%@1510] GR3D_FREQ 0% cpu@46.718C soc2@45.906C soc0@44.375C gpu@46.031C tj@46.781C soc1@44.187C VDD_IN 4113mW/4139mW VDD_CPU_GPU_CV 996mW/1004mW VDD_SOC 1397mW/1397mW
08-09-2026 23:35:49 RAM 3475/7620MB (lfb 1x4MB) SWAP 2/12002MB (cached 0MB) CPU [1%@1510,2%@1510,0%@1510,1%@1510,2%@1510,1%@1510] GR3D_FREQ 0% cpu@46.687C soc2@45.906C soc0@44.406C gpu@46.062C tj@46.656C soc1@44.281C VDD_IN 4113mW/4139mW VDD_CPU_GPU_CV 996mW/1004mW VDD_SOC 1397mW/1397mW
08-09-2026 23:35:50 RAM 3475/7620MB (lfb 1x4MB) SWAP 2/12002MB (cached 0MB) CPU [1%@1510,2%@1510,0%@1510,1%@1510,1%@1510,0%@1510] GR3D_FREQ 0% cpu@46.843C soc2@45.968C soc0@44.218C gpu@46.062C tj@46.843C soc1@44.156C VDD_IN 4113mW/4139mW VDD_CPU_GPU_CV 996mW/1004mW VDD_SOC 1397mW/1397mW
08-09-2026 23:35:51 RAM 3475/7620MB (lfb 1x4MB) SWAP 2/12002MB (cached 0MB) CPU [1%@1510,1%@1510,1%@1510,1%@1510,0%@1510,0%@1510] GR3D_FREQ 0% cpu@46.531C soc2@45.937C soc0@44.25C gpu@46.093C tj@46.531C soc1@44.281C VDD_IN 4113mW/4139mW VDD_CPU_GPU_CV 996mW/1004mW VDD_SOC 1397mW/1397mW
08-09-2026 23:35:52 RAM 3475/7620MB (lfb 1x4MB) SWAP 2/12002MB (cached 0MB) CPU [2%@1510,1%@1510,0%@1510,1%@1510,1%@1510,0%@1510] GR3D_FREQ 0% cpu@46.625C soc2@45.906C soc0@44.156C gpu@46.156C tj@46.625C soc1@44.343C VDD_IN 4113mW/4139mW VDD_CPU_GPU_CV 996mW/1004mW VDD_SOC 1397mW/1397mW
08-09-2026 23:35:53 RAM 3475/7620MB (lfb 1x4MB) SWAP 2/12002MB (cached 0MB) CPU [0%@1510,0%@1510,1%@1510,1%@1510,2%@1510,3%@1510] GR3D_FREQ 0% cpu@46.75C soc2@46C soc0@44.375C gpu@45.937C tj@46.75C soc1@44.187C VDD_IN 4113mW/4139mW VDD_CPU_GPU_CV 996mW/1004mW VDD_SOC 1397mW/1397mW
08-09-2026 23:35:54 RAM 3476/7620MB (lfb 1x4MB) SWAP 2/12002MB (cached 0MB) CPU [1%@1510,0%@1510,0%@1510,1%@1510,1%@1510,1%@1510] GR3D_FREQ 0% cpu@46.625C soc2@45.968C soc0@44.375C gpu@45.875C tj@46.625C soc1@44.125C VDD_IN 4153mW/4139mW VDD_CPU_GPU_CV 996mW/1004mW VDD_SOC 1397mW/1397mW
08-09-2026 23:35:55 RAM 3475/7620MB (lfb 1x4MB) SWAP 2/12002MB (cached 0MB) CPU [1%@1510,1%@1510,0%@1510,1%@1510,1%@1510,0%@1510] GR3D_FREQ 0% cpu@46.875C soc2@45.906C soc0@44.187C gpu@45.875C tj@46.875C soc1@44.281C VDD_IN 4113mW/4139mW VDD_CPU_GPU_CV 996mW/1003mW VDD_SOC 1397mW/1397mW
08-09-2026 23:35:56 RAM 3475/7620MB (lfb 1x4MB) SWAP 2/12002MB (cached 0MB) CPU [3%@1510,1%@1510,1%@1510,0%@1510,0%@1510,0%@1510] GR3D_FREQ 0% cpu@46.562C soc2@45.875C soc0@44.156C gpu@45.875C tj@46.562C soc1@44.281C VDD_IN 4113mW/4139mW VDD_CPU_GPU_CV 996mW/1003mW VDD_SOC 1397mW/1397mW
08-09-2026 23:35:57 RAM 3476/7620MB (lfb 1x4MB) SWAP 2/12002MB (cached 0MB) CPU [0%@1510,1%@1510,1%@1510,1%@1510,3%@1510,0%@1510] GR3D_FREQ 0% cpu@46.718C soc2@45.937C soc0@44.25C gpu@45.906C tj@46.718C soc1@44.343C VDD_IN 4153mW/4139mW VDD_CPU_GPU_CV 996mW/1003mW VDD_SOC 1397mW/1397mW
08-09-2026 23:35:58 RAM 3476/7620MB (lfb 1x4MB) SWAP 2/12002MB (cached 0MB) CPU [1%@1510,0%@1510,0%@1510,1%@1510,1%@1510,1%@1510] GR3D_FREQ 0% cpu@46.593C soc2@46C soc0@44.312C gpu@45.968C tj@46.593C soc1@44.312C VDD_IN 4113mW/4139mW VDD_CPU_GPU_CV 996mW/1003mW VDD_SOC 1397mW/1397mW
08-09-2026 23:35:59 RAM 3476/7620MB (lfb 1x4MB) SWAP 2/12002MB (cached 0MB) CPU [0%@1510,1%@1510,1%@1510,1%@1510,0%@1510,1%@1510] GR3D_FREQ 0% cpu@46.656C soc2@45.875C soc0@44.218C gpu@46.187C tj@46.656C soc1@44.25C VDD_IN 4153mW/4139mW VDD_CPU_GPU_CV 996mW/1003mW VDD_SOC 1397mW/1397mW
08-09-2026 23:36:00 RAM 3476/7620MB (lfb 1x4MB) SWAP 2/12002MB (cached 0MB) CPU [2%@1510,2%@1510,1%@1510,1%@1510,1%@1510,0%@1510] GR3D_FREQ 0% cpu@46.593C soc2@45.968C soc0@44.343C gpu@46.156C tj@46.593C soc1@44.218C VDD_IN 4113mW/4139mW VDD_CPU_GPU_CV 996mW/1003mW VDD_SOC 1397mW/1397mW
08-09-2026 23:36:01 RAM 3476/7620MB (lfb 1x4MB) SWAP 2/12002MB (cached 0MB) CPU [1%@1510,0%@1510,1%@1510,1%@1510,0%@1510,0%@1510] GR3D_FREQ 0% cpu@46.5C soc2@45.968C soc0@44.375C gpu@46.312C tj@46.5C soc1@44.281C VDD_IN 4113mW/4139mW VDD_CPU_GPU_CV 996mW/1003mW VDD_SOC 1397mW/1397mW
08-09-2026 23:36:02 RAM 3476/7620MB (lfb 1x4MB) SWAP 2/12002MB (cached 0MB) CPU [1%@1510,1%@1510,1%@1510,1%@1510,4%@1510,1%@1510] GR3D_FREQ 0% cpu@46.687C soc2@45.968C soc0@44.25C gpu@46.312C tj@46.687C soc1@44.375C VDD_IN 4193mW/4139mW VDD_CPU_GPU_CV 1036mW/1003mW VDD_SOC 1397mW/1397mW
08-09-2026 23:36:03 RAM 3476/7620MB (lfb 1x4MB) SWAP 2/12002MB (cached 0MB) CPU [0%@1510,1%@1510,1%@1510,2%@1510,1%@1510,2%@1510] GR3D_FREQ 0% cpu@46.875C soc2@45.906C soc0@44.406C gpu@46.375C tj@46.875C soc1@44.187C VDD_IN 4153mW/4139mW VDD_CPU_GPU_CV 996mW/1003mW VDD_SOC 1397mW/1397mW
08-09-2026 23:36:04 RAM 3476/7620MB (lfb 1x4MB) SWAP 2/12002MB (cached 0MB) CPU [2%@1510,1%@1510,1%@1510,0%@1510,1%@1510,0%@1510] GR3D_FREQ 0% cpu@46.656C soc2@45.875C soc0@44.343C gpu@45.906C tj@46.593C soc1@44.125C VDD_IN 4153mW/4139mW VDD_CPU_GPU_CV 996mW/1003mW VDD_SOC 1397mW/1397mW
08-09-2026 23:36:05 RAM 3476/7620MB (lfb 1x4MB) SWAP 2/12002MB (cached 0MB) CPU [1%@1510,0%@1510,1%@1510,1%@1510,0%@1510,1%@1510] GR3D_FREQ 0% cpu@46.812C soc2@45.968C soc0@44.187C gpu@46.031C tj@46.812C soc1@44.25C VDD_IN 4113mW/4139mW VDD_CPU_GPU_CV 996mW/1003mW VDD_SOC 1397mW/1397mW
08-09-2026 23:36:06 RAM 3476/7620MB (lfb 1x4MB) SWAP 2/12002MB (cached 0MB) CPU [1%@1510,0%@1510,0%@1510,1%@1510,1%@1510,0%@1510] GR3D_FREQ 0% cpu@46.531C soc2@45.968C soc0@44.25C gpu@46C tj@46.531C soc1@44.25C VDD_IN 4113mW/4139mW VDD_CPU_GPU_CV 996mW/1003mW VDD_SOC 1397mW/1397mW
08-09-2026 23:36:07 RAM 3476/7620MB (lfb 1x4MB) SWAP 2/12002MB (cached 0MB) CPU [1%@1510,1%@1510,2%@1510,1%@1510,2%@1510,3%@1510] GR3D_FREQ 0% cpu@46.593C soc2@46C soc0@44.25C gpu@46.031C tj@46.593C soc1@44.343C VDD_IN 4193mW/4139mW VDD_CPU_GPU_CV 1036mW/1003mW VDD_SOC 1397mW/1397mW
08-09-2026 23:36:08 RAM 3476/7620MB (lfb 1x4MB) SWAP 2/12002MB (cached 0MB) CPU [1%@1510,1%@1510,0%@1510,1%@1510,1%@1510,1%@1510] GR3D_FREQ 0% cpu@46.625C soc2@46.062C soc0@44.312C gpu@46.062C tj@46.625C soc1@44.375C VDD_IN 4153mW/4139mW VDD_CPU_GPU_CV 996mW/1003mW VDD_SOC 1397mW/1397mW
08-09-2026 23:36:09 RAM 3476/7620MB (lfb 1x4MB) SWAP 2/12002MB (cached 0MB) CPU [2%@1510,2%@1510,0%@1510,1%@1510,1%@1510,0%@1510] GR3D_FREQ 0% cpu@46.656C soc2@45.937C soc0@44.375C gpu@46.125C tj@46.656C soc1@44.187C VDD_IN 4113mW/4139mW VDD_CPU_GPU_CV 996mW/1003mW VDD_SOC 1397mW/1397mW
08-09-2026 23:36:10 RAM 3476/7620MB (lfb 1x4MB) SWAP 2/12002MB (cached 0MB) CPU [3%@1510,1%@1510,1%@1510,0%@1510,0%@1510,1%@1510] GR3D_FREQ 0% cpu@46.937C soc2@45.843C soc0@44.375C gpu@46.062C tj@46.937C soc1@44.25C VDD_IN 4113mW/4139mW VDD_CPU_GPU_CV 996mW/1003mW VDD_SOC 1397mW/1397mW
08-09-2026 23:36:11 RAM 3476/7620MB (lfb 1x4MB) SWAP 2/12002MB (cached 0MB) CPU [2%@1510,2%@1510,0%@1510,1%@1510,0%@1510,0%@1510] GR3D_FREQ 0% cpu@46.718C soc2@45.937C soc0@44.281C gpu@46.125C tj@46.531C soc1@44.25C VDD_IN 4113mW/4139mW VDD_CPU_GPU_CV 996mW/1003mW VDD_SOC 1397mW/1397mW
08-09-2026 23:36:12 RAM 3475/7620MB (lfb 1x4MB) SWAP 2/12002MB (cached 0MB) CPU [1%@1510,1%@1510,1%@1510,1%@1510,4%@1510,1%@1510] GR3D_FREQ 0% cpu@46.625C soc2@45.968C soc0@44.312C gpu@46.093C tj@46.625C soc1@44.281C VDD_IN 4153mW/4139mW VDD_CPU_GPU_CV 1036mW/1003mW VDD_SOC 1397mW/1397mW
08-09-2026 23:36:13 RAM 3475/7620MB (lfb 1x4MB) SWAP 2/12002MB (cached 0MB) CPU [2%@1510,1%@1510,1%@1510,1%@1510,1%@1510,1%@1510] GR3D_FREQ 0% cpu@46.625C soc2@45.968C soc0@44.281C gpu@46.125C tj@46.625C soc1@44.312C VDD_IN 4153mW/4139mW VDD_CPU_GPU_CV 996mW/1003mW VDD_SOC 1397mW/1397mW
08-09-2026 23:36:14 RAM 3475/7620MB (lfb 1x4MB) SWAP 2/12002MB (cached 0MB) CPU [3%@1510,1%@1510,1%@1510,1%@1510,0%@1510,0%@1510] GR3D_FREQ 0% cpu@46.625C soc2@46C soc0@44.375C gpu@46.156C tj@46.625C soc1@44.406C VDD_IN 4113mW/4139mW VDD_CPU_GPU_CV 996mW/1003mW VDD_SOC 1397mW/1397mW
08-09-2026 23:36:15 RAM 3475/7620MB (lfb 1x4MB) SWAP 2/12002MB (cached 0MB) CPU [1%@1510,0%@1510,0%@1510,0%@1510,1%@1510,0%@1510] GR3D_FREQ 0% cpu@46.843C soc2@45.937C soc0@44.375C gpu@46.25C tj@46.843C soc1@44.156C VDD_IN 4113mW/4139mW VDD_CPU_GPU_CV 996mW/1003mW VDD_SOC 1397mW/1397mW
08-09-2026 23:36:16 RAM 3475/7620MB (lfb 1x4MB) SWAP 2/12002MB (cached 0MB) CPU [1%@1510,2%@1510,1%@1510,1%@1510,0%@1510,0%@1510] GR3D_FREQ 0% cpu@46.687C soc2@45.875C soc0@44.375C gpu@46.218C tj@46.687C soc1@44.218C VDD_IN 4113mW/4139mW VDD_CPU_GPU_CV 996mW/1003mW VDD_SOC 1397mW/1397mW
08-09-2026 23:36:17 RAM 3475/7620MB (lfb 1x4MB) SWAP 2/12002MB (cached 0MB) CPU [0%@1510,1%@1510,1%@1510,1%@1510,4%@1510,2%@1510] GR3D_FREQ 0% cpu@46.562C soc2@45.906C soc0@44.187C gpu@46.187C tj@46.562C soc1@44.25C VDD_IN 4153mW/4139mW VDD_CPU_GPU_CV 1036mW/1003mW VDD_SOC 1397mW/1397mW
08-09-2026 23:36:18 RAM 3474/7620MB (lfb 1x4MB) SWAP 2/12002MB (cached 0MB) CPU [2%@1510,1%@1510,1%@1510,1%@1510,2%@1510,2%@1510] GR3D_FREQ 0% cpu@46.625C soc2@45.906C soc0@44.281C gpu@46.187C tj@46.625C soc1@44.281C VDD_IN 4153mW/4139mW VDD_CPU_GPU_CV 996mW/1003mW VDD_SOC 1397mW/1397mW
08-09-2026 23:36:19 RAM 3474/7620MB (lfb 1x4MB) SWAP 2/12002MB (cached 0MB) CPU [0%@1510,1%@1510,0%@1510,1%@1510,1%@1510,1%@1510] GR3D_FREQ 0% cpu@46.593C soc2@45.968C soc0@44.281C gpu@46.25C tj@46.593C soc1@44.343C VDD_IN 4113mW/4139mW VDD_CPU_GPU_CV 996mW/1003mW VDD_SOC 1397mW/1397mW
08-09-2026 23:36:20 RAM 3474/7620MB (lfb 1x4MB) SWAP 2/12002MB (cached 0MB) CPU [0%@1510,1%@1510,1%@1510,0%@1510,1%@1510,1%@1510] GR3D_FREQ 0% cpu@46.531C soc2@46C soc0@44.312C gpu@46.25C tj@46.531C soc1@44.375C VDD_IN 4073mW/4139mW VDD_CPU_GPU_CV 996mW/1003mW VDD_SOC 1397mW/1397mW
08-09-2026 23:36:21 RAM 3474/7620MB (lfb 1x4MB) SWAP 2/12002MB (cached 0MB) CPU [1%@1510,1%@1510,0%@1510,2%@1510,0%@1510,1%@1510] GR3D_FREQ 0% cpu@46.687C soc2@45.937C soc0@44.343C gpu@46.281C tj@46.687C soc1@44.187C VDD_IN 4113mW/4139mW VDD_CPU_GPU_CV 996mW/1003mW VDD_SOC 1397mW/1397mW
08-09-2026 23:36:22 RAM 3474/7620MB (lfb 1x4MB) SWAP 2/12002MB (cached 0MB) CPU [1%@1510,1%@1510,2%@1510,5%@1510,1%@1510,2%@1510] GR3D_FREQ 0% cpu@47C soc2@45.875C soc0@44.375C gpu@46.312C tj@47C soc1@44.218C VDD_IN 4153mW/4139mW VDD_CPU_GPU_CV 1036mW/1003mW VDD_SOC 1397mW/1397mW
08-09-2026 23:36:23 RAM 3475/7620MB (lfb 1x4MB) SWAP 2/12002MB (cached 0MB) CPU [0%@1510,1%@1510,1%@1510,1%@1510,2%@1510,1%@1510] GR3D_FREQ 0% cpu@46.781C soc2@45.906C soc0@44.25C gpu@46.343C tj@46.781C soc1@44.25C VDD_IN 4153mW/4139mW VDD_CPU_GPU_CV 996mW/1003mW VDD_SOC 1397mW/1397mW
08-09-2026 23:36:24 RAM 3475/7620MB (lfb 1x4MB) SWAP 2/12002MB (cached 0MB) CPU [1%@1510,1%@1510,1%@1510,1%@1510,0%@1510,1%@1510] GR3D_FREQ 0% cpu@46.562C soc2@46C soc0@44.312C gpu@46.312C tj@46.562C soc1@44.25C VDD_IN 4113mW/4139mW VDD_CPU_GPU_CV 996mW/1003mW VDD_SOC 1397mW/1397mW
08-09-2026 23:36:25 RAM 3475/7620MB (lfb 1x4MB) SWAP 2/12002MB (cached 0MB) CPU [1%@1510,2%@1510,0%@1510,0%@1510,1%@1510,0%@1510] GR3D_FREQ 0% cpu@46.625C soc2@45.968C soc0@44.343C gpu@45.906C tj@46.625C soc1@44.281C VDD_IN 4113mW/4139mW VDD_CPU_GPU_CV 996mW/1003mW VDD_SOC 1397mW/1397mW
08-09-2026 23:36:26 RAM 3475/7620MB (lfb 1x4MB) SWAP 2/12002MB (cached 0MB) CPU [1%@1510,1%@1510,0%@1510,2%@1510,1%@1510,0%@1510] GR3D_FREQ 0% cpu@46.593C soc2@46.031C soc0@44.312C gpu@45.812C tj@46.656C soc1@44.312C VDD_IN 4113mW/4138mW VDD_CPU_GPU_CV 996mW/1003mW VDD_SOC 1397mW/1397mW
08-09-2026 23:36:27 RAM 3475/7620MB (lfb 1x4MB) SWAP 2/12002MB (cached 0MB) CPU [1%@1510,1%@1510,1%@1510,4%@1510,1%@1510,2%@1510] GR3D_FREQ 0% cpu@46.656C soc2@45.875C soc0@44.375C gpu@45.875C tj@46.937C soc1@44.187C VDD_IN 4153mW/4139mW VDD_CPU_GPU_CV 1036mW/1003mW VDD_SOC 1397mW/1397mW
08-09-2026 23:36:28 RAM 3475/7620MB (lfb 1x4MB) SWAP 2/12002MB (cached 0MB) CPU [1%@1510,0%@1510,0%@1510,1%@1510,2%@1510,1%@1510] GR3D_FREQ 0% cpu@46.781C soc2@45.875C soc0@44.437C gpu@45.843C tj@46.781C soc1@44.187C VDD_IN 4153mW/4139mW VDD_CPU_GPU_CV 996mW/1003mW VDD_SOC 1397mW/1397mW
08-09-2026 23:36:29 RAM 3475/7620MB (lfb 1x4MB) SWAP 2/12002MB (cached 0MB) CPU [1%@1510,1%@1510,0%@1510,1%@1510,1%@1510,0%@1510] GR3D_FREQ 0% cpu@46.593C soc2@46C soc0@44.218C gpu@45.843C tj@46.593C soc1@44.218C VDD_IN 4113mW/4138mW VDD_CPU_GPU_CV 996mW/1003mW VDD_SOC 1397mW/1397mW
08-09-2026 23:36:30 RAM 3475/7620MB (lfb 1x4MB) SWAP 2/12002MB (cached 0MB) CPU [2%@1510,1%@1510,1%@1510,0%@1510,0%@1510,1%@1510] GR3D_FREQ 0% cpu@46.562C soc2@45.906C soc0@44.25C gpu@45.875C tj@46.562C soc1@44.187C VDD_IN 4113mW/4138mW VDD_CPU_GPU_CV 996mW/1003mW VDD_SOC 1397mW/1397mW
08-09-2026 23:36:31 RAM 3475/7620MB (lfb 1x4MB) SWAP 2/12002MB (cached 0MB) CPU [1%@1510,1%@1510,1%@1510,1%@1510,1%@1510,0%@1510] GR3D_FREQ 0% cpu@46.593C soc2@46.031C soc0@44.218C gpu@46.031C tj@46.593C soc1@44.25C VDD_IN 4113mW/4138mW VDD_CPU_GPU_CV 996mW/1003mW VDD_SOC 1397mW/1397mW
08-09-2026 23:36:32 RAM 3475/7620MB (lfb 1x4MB) SWAP 2/12002MB (cached 0MB) CPU [2%@1510,1%@1510,1%@1510,4%@1510,2%@1510,2%@1510] GR3D_FREQ 0% cpu@46.593C soc2@45.968C soc0@44.25C gpu@46C tj@46.593C soc1@44.156C VDD_IN 4153mW/4138mW VDD_CPU_GPU_CV 1036mW/1003mW VDD_SOC 1397mW/1397mW
08-09-2026 23:36:33 RAM 3474/7620MB (lfb 1x4MB) SWAP 2/12002MB (cached 0MB) CPU [1%@1510,1%@1510,2%@1510,1%@1510,1%@1510,0%@1510] GR3D_FREQ 0% cpu@46.687C soc2@45.906C soc0@44.312C gpu@46.062C tj@46.687C soc1@44.218C VDD_IN 4113mW/4138mW VDD_CPU_GPU_CV 996mW/1003mW VDD_SOC 1397mW/1397mW
08-09-2026 23:36:34 RAM 3474/7620MB (lfb 1x4MB) SWAP 2/12002MB (cached 0MB) CPU [1%@1510,1%@1510,0%@1510,1%@1510,1%@1510,1%@1510] GR3D_FREQ 0% cpu@46.5C soc2@45.875C soc0@44.312C gpu@46.093C tj@46.5C soc1@44.187C VDD_IN 4113mW/4138mW VDD_CPU_GPU_CV 996mW/1003mW VDD_SOC 1397mW/1397mW
08-09-2026 23:36:35 RAM 3474/7620MB (lfb 1x4MB) SWAP 2/12002MB (cached 0MB) CPU [2%@1510,2%@1510,1%@1510,0%@1510,0%@1510,0%@1510] GR3D_FREQ 0% cpu@46.812C soc2@45.875C soc0@44.156C gpu@46.156C tj@46.812C soc1@44.125C VDD_IN 4153mW/4138mW VDD_CPU_GPU_CV 996mW/1003mW VDD_SOC 1397mW/1397mW
08-09-2026 23:36:36 RAM 3474/7620MB (lfb 1x4MB) SWAP 2/12002MB (cached 0MB) CPU [1%@1510,1%@1510,0%@1510,1%@1510,0%@1510,0%@1510] GR3D_FREQ 0% cpu@46.562C soc2@45.937C soc0@44.25C gpu@46.125C tj@46.562C soc1@44.25C VDD_IN 4113mW/4138mW VDD_CPU_GPU_CV 996mW/1003mW VDD_SOC 1397mW/1397mW
08-09-2026 23:36:37 RAM 3474/7620MB (lfb 1x4MB) SWAP 2/12002MB (cached 0MB) CPU [1%@1510,1%@1510,1%@1510,2%@1510,2%@1510,2%@1510] GR3D_FREQ 0% cpu@46.531C soc2@45.875C soc0@44.218C gpu@46.187C tj@46.531C soc1@44.343C VDD_IN 4153mW/4138mW VDD_CPU_GPU_CV 996mW/1003mW VDD_SOC 1397mW/1397mW
08-09-2026 23:36:38 RAM 3474/7620MB (lfb 1x4MB) SWAP 2/12002MB (cached 0MB) CPU [1%@1510,1%@1510,3%@1510,1%@1510,3%@1510,1%@1510] GR3D_FREQ 0% cpu@46.75C soc2@46C soc0@44.25C gpu@46.125C tj@46.75C soc1@44.375C VDD_IN 4153mW/4138mW VDD_CPU_GPU_CV 996mW/1003mW VDD_SOC 1397mW/1397mW
08-09-2026 23:36:39 RAM 3474/7620MB (lfb 1x4MB) SWAP 2/12002MB (cached 0MB) CPU [1%@1510,1%@1510,0%@1510,1%@1510,1%@1510,1%@1510] GR3D_FREQ 0% cpu@46.625C soc2@45.843C soc0@44.375C gpu@46.218C tj@46.625C soc1@44.187C VDD_IN 4153mW/4138mW VDD_CPU_GPU_CV 996mW/1003mW VDD_SOC 1397mW/1397mW
08-09-2026 23:36:40 RAM 3474/7620MB (lfb 1x4MB) SWAP 2/12002MB (cached 0MB) CPU [1%@1510,0%@1510,0%@1510,1%@1510,1%@1510,0%@1510] GR3D_FREQ 0% cpu@46.75C soc2@45.906C soc0@44.218C gpu@46.125C tj@46.75C soc1@44.25C VDD_IN 4113mW/4138mW VDD_CPU_GPU_CV 996mW/1003mW VDD_SOC 1397mW/1397mW
08-09-2026 23:36:41 RAM 3474/7620MB (lfb 1x4MB) SWAP 2/12002MB (cached 0MB) CPU [1%@1510,1%@1510,1%@1510,1%@1510,0%@1510,0%@1510] GR3D_FREQ 0% cpu@46.531C soc2@45.906C soc0@44.281C gpu@46.218C tj@46.531C soc1@44.25C VDD_IN 4113mW/4138mW VDD_CPU_GPU_CV 996mW/1003mW VDD_SOC 1397mW/1397mW
08-09-2026 23:36:42 RAM 3474/7620MB (lfb 1x4MB) SWAP 2/12002MB (cached 0MB) CPU [0%@1510,1%@1510,1%@1510,1%@1510,1%@1510,3%@1510] GR3D_FREQ 0% cpu@46.406C soc2@45.937C soc0@44.218C gpu@46.281C tj@46.593C soc1@44.281C VDD_IN 4153mW/4138mW VDD_CPU_GPU_CV 996mW/1003mW VDD_SOC 1397mW/1397mW
08-09-2026 23:36:43 RAM 3474/7620MB (lfb 1x4MB) SWAP 2/12002MB (cached 0MB) CPU [0%@1510,2%@1510,2%@1510,1%@1510,1%@1510,0%@1510] GR3D_FREQ 0% cpu@46.562C soc2@45.937C soc0@44.25C gpu@46.25C tj@46.562C soc1@44.343C VDD_IN 4153mW/4138mW VDD_CPU_GPU_CV 996mW/1003mW VDD_SOC 1397mW/1397mW
08-09-2026 23:36:44 RAM 3474/7620MB (lfb 1x4MB) SWAP 2/12002MB (cached 0MB) CPU [1%@1510,0%@1510,3%@1510,1%@1510,1%@1510,0%@1510] GR3D_FREQ 0% cpu@46.562C soc2@45.968C soc0@44.281C gpu@46.375C tj@46.562C soc1@44.375C VDD_IN 4113mW/4138mW VDD_CPU_GPU_CV 996mW/1003mW VDD_SOC 1397mW/1397mW
08-09-2026 23:36:45 RAM 3474/7620MB (lfb 1x4MB) SWAP 2/12002MB (cached 0MB) CPU [1%@1510,1%@1510,1%@1510,1%@1510,1%@1510,1%@1510] GR3D_FREQ 0% cpu@46.843C soc2@45.875C soc0@44.375C gpu@46.312C tj@46.843C soc1@44.218C VDD_IN 4113mW/4138mW VDD_CPU_GPU_CV 996mW/1003mW VDD_SOC 1397mW/1397mW
08-09-2026 23:36:46 RAM 3474/7620MB (lfb 1x4MB) SWAP 2/12002MB (cached 0MB) CPU [1%@1510,1%@1510,1%@1510,0%@1510,1%@1510,1%@1510] GR3D_FREQ 0% cpu@46.656C soc2@45.875C soc0@44.375C gpu@45.843C tj@46.656C soc1@44.156C VDD_IN 4113mW/4138mW VDD_CPU_GPU_CV 996mW/1003mW VDD_SOC 1397mW/1397mW
08-09-2026 23:36:47 RAM 3474/7620MB (lfb 1x4MB) SWAP 2/12002MB (cached 0MB) CPU [0%@1510,1%@1510,2%@1510,1%@1510,2%@1510,7%@1510] GR3D_FREQ 0% cpu@46.937C soc2@45.937C soc0@44.187C gpu@45.875C tj@46.937C soc1@44.156C VDD_IN 4153mW/4138mW VDD_CPU_GPU_CV 1036mW/1003mW VDD_SOC 1397mW/1397mW
08-09-2026 23:36:48 RAM 3474/7620MB (lfb 1x4MB) SWAP 2/12002MB (cached 0MB) CPU [0%@1510,0%@1510,0%@1510,2%@1510,2%@1510,1%@1510] GR3D_FREQ 0% cpu@46.5C soc2@45.906C soc0@44.25C gpu@46.031C tj@46.5C soc1@44.343C VDD_IN 4153mW/4138mW VDD_CPU_GPU_CV 996mW/1003mW VDD_SOC 1397mW/1397mW
08-09-2026 23:36:49 RAM 3474/7620MB (lfb 1x4MB) SWAP 2/12002MB (cached 0MB) CPU [1%@1510,0%@1510,0%@1510,1%@1510,1%@1510,1%@1510] GR3D_FREQ 0% cpu@46.625C soc2@46C soc0@44.218C gpu@45.968C tj@46.625C soc1@44.375C VDD_IN 4113mW/4138mW VDD_CPU_GPU_CV 996mW/1003mW VDD_SOC 1397mW/1397mW
08-09-2026 23:36:50 RAM 3474/7620MB (lfb 1x4MB) SWAP 2/12002MB (cached 0MB) CPU [0%@1510,1%@1510,1%@1510,0%@1510,0%@1510,1%@1510] GR3D_FREQ 0% cpu@46.75C soc2@45.843C soc0@44.281C gpu@46.093C tj@46.75C soc1@44.187C VDD_IN 4113mW/4138mW VDD_CPU_GPU_CV 996mW/1003mW VDD_SOC 1397mW/1397mW
08-09-2026 23:36:51 RAM 3474/7620MB (lfb 1x4MB) SWAP 2/12002MB (cached 0MB) CPU [0%@1510,1%@1510,0%@1510,2%@1510,1%@1510,2%@1510] GR3D_FREQ 0% cpu@46.625C soc2@45.906C soc0@44.406C gpu@46C tj@46.625C soc1@44.187C VDD_IN 4113mW/4138mW VDD_CPU_GPU_CV 996mW/1003mW VDD_SOC 1397mW/1397mW
08-09-2026 23:36:52 RAM 3474/7620MB (lfb 1x4MB) SWAP 2/12002MB (cached 0MB) CPU [1%@1510,0%@1510,2%@1510,2%@1510,4%@1510,1%@1510] GR3D_FREQ 0% cpu@47C soc2@45.875C soc0@44.156C gpu@46.031C tj@47C soc1@44.218C VDD_IN 4153mW/4138mW VDD_CPU_GPU_CV 996mW/1003mW VDD_SOC 1397mW/1397mW
08-09-2026 23:36:53 RAM 3474/7620MB (lfb 1x4MB) SWAP 2/12002MB (cached 0MB) CPU [0%@1510,0%@1510,0%@1510,0%@1510,0%@1510,0%@1510] GR3D_FREQ 0% cpu@46.468C soc2@45.937C soc0@44.156C gpu@46.031C tj@46.468C soc1@44.25C VDD_IN 4113mW/4138mW VDD_CPU_GPU_CV 996mW/1003mW VDD_SOC 1397mW/1397mW
08-09-2026 23:36:54 RAM 3474/7620MB (lfb 1x4MB) SWAP 2/12002MB (cached 0MB) CPU [1%@1510,1%@1510,0%@1510,0%@1510,0%@1510,0%@1510] GR3D_FREQ 0% cpu@46.625C soc2@46C soc0@44.187C gpu@46.031C tj@46.625C soc1@44.312C VDD_IN 4073mW/4138mW VDD_CPU_GPU_CV 956mW/1003mW VDD_SOC 1397mW/1397mW
08-09-2026 23:36:55 RAM 3474/7620MB (lfb 1x4MB) SWAP 2/12002MB (cached 0MB) CPU [1%@1510,2%@1510,0%@1510,1%@1510,0%@1510,0%@1510] GR3D_FREQ 0% cpu@46.5C soc2@45.937C soc0@44.25C gpu@46.125C tj@46.5C soc1@44.312C VDD_IN 4113mW/4138mW VDD_CPU_GPU_CV 956mW/1003mW VDD_SOC 1397mW/1397mW
08-09-2026 23:36:56 RAM 3474/7620MB (lfb 1x4MB) SWAP 2/12002MB (cached 0MB) CPU [1%@1510,0%@1510,0%@1510,0%@1510,1%@1510,0%@1510] GR3D_FREQ 0% cpu@46.687C soc2@45.812C soc0@44.343C gpu@46.062C tj@46.687C soc1@44.156C VDD_IN 4113mW/4138mW VDD_CPU_GPU_CV 996mW/1003mW VDD_SOC 1397mW/1397mW
08-09-2026 23:36:57 RAM 3474/7620MB (lfb 1x4MB) SWAP 2/12002MB (cached 0MB) CPU [0%@1510,0%@1510,0%@1510,1%@1510,2%@1510,1%@1510] GR3D_FREQ 0% cpu@46.812C soc2@45.875C soc0@44.312C gpu@46.093C tj@46.812C soc1@44.093C VDD_IN 4113mW/4138mW VDD_CPU_GPU_CV 996mW/1003mW VDD_SOC 1397mW/1397mW
08-09-2026 23:36:58 RAM 3474/7620MB (lfb 1x4MB) SWAP 2/12002MB (cached 0MB) CPU [0%@1510,0%@1510,0%@1510,1%@1510,0%@1510,0%@1510] GR3D_FREQ 0% cpu@46.593C soc2@45.875C soc0@44.125C gpu@46.062C tj@46.593C soc1@44.125C VDD_IN 4113mW/4138mW VDD_CPU_GPU_CV 996mW/1003mW VDD_SOC 1397mW/1397mW
08-09-2026 23:36:59 RAM 3047/7620MB (lfb 24x4MB) SWAP 2/12002MB (cached 0MB) CPU [2%@1510,1%@1510,2%@1510,0%@1510,2%@1510,0%@1510] GR3D_FREQ 0% cpu@46.375C soc2@45.875C soc0@44.218C gpu@46.156C tj@46.375C soc1@44.187C VDD_IN 4113mW/4138mW VDD_CPU_GPU_CV 996mW/1003mW VDD_SOC 1397mW/1397mW
08-09-2026 23:37:00 RAM 3047/7620MB (lfb 24x4MB) SWAP 2/12002MB (cached 0MB) CPU [1%@1510,0%@1510,0%@1510,0%@1510,0%@1510,0%@1510] GR3D_FREQ 0% cpu@46.562C soc2@45.937C soc0@44.218C gpu@46.062C tj@46.562C soc1@44.281C VDD_IN 4073mW/4137mW VDD_CPU_GPU_CV 956mW/1003mW VDD_SOC 1397mW/1397mW
08-09-2026 23:37:01 RAM 3047/7620MB (lfb 24x4MB) SWAP 2/12002MB (cached 0MB) CPU [1%@1510,1%@1510,0%@1510,0%@1510,0%@1510,0%@1510] GR3D_FREQ 0% cpu@46.593C soc2@45.875C soc0@44.218C gpu@46.218C tj@46.593C soc1@44.156C VDD_IN 4073mW/4137mW VDD_CPU_GPU_CV 956mW/1003mW VDD_SOC 1397mW/1397mW
08-09-2026 23:37:02 RAM 3047/7620MB (lfb 24x4MB) SWAP 2/12002MB (cached 0MB) CPU [0%@1510,0%@1510,1%@1510,4%@1510,1%@1510,0%@1510] GR3D_FREQ 0% cpu@46.75C soc2@45.875C soc0@44.281C gpu@46.25C tj@46.75C soc1@44.156C VDD_IN 4113mW/4137mW VDD_CPU_GPU_CV 996mW/1003mW VDD_SOC 1397mW/1397mW
