timestamp,window_d,k,wp_eval_ms,dds_transport_ms,fsm_infer_ms,node_latency_ms,ap_state,rpn_result,fail_count,trigger_channels,gpu_%,cpu_%,power_mW,ram_MB
1781435958.2199497,7,10,2.6123,89.266,0.1909,3.587,NOMINAL,STALE,0,,0,16.0,5387,3074
1781435958.2285297,7,10,1.6737,10.775,0.0327,0.424,NOMINAL,NORMAL,0,,0,16.0,5387,3074
1781435958.3439565,7,10,2.5239,1.204,0.0369,0.44,NOMINAL,NORMAL,0,,0,16.0,5387,3074
1781435958.4689784,7,10,2.5243,1.205,0.0372,0.492,NOMINAL,NORMAL,0,,0,16.0,5387,3074
1781435958.59392,7,10,2.4632,1.251,0.0352,0.502,NOMINAL,NORMAL,0,,0,16.0,5387,3074
1781435958.718988,7,10,2.4152,1.233,0.0385,0.605,NOMINAL,NORMAL,0,,37,9.0,4888,3081
1781435958.8442419,7,10,2.3788,1.647,0.0327,0.518,NOMINAL,NORMAL,0,,37,9.0,4888,3081
1781435958.9673085,7,10,1.4269,1.137,0.0367,0.405,NOMINAL,NORMAL,0,,37,9.0,4888,3081
1781435959.0939822,7,10,2.5095,1.316,0.0374,0.467,NOMINAL,NORMAL,0,,37,9.0,4888,3081
1781435959.2181003,7,10,1.5005,1.36,0.0316,0.517,NOMINAL,NORMAL,0,,37,9.0,4888,3081
1781435959.3444867,7,10,2.4848,1.565,0.0361,0.516,NOMINAL,NORMAL,0,,37,9.0,4888,3081
1781435959.4699144,7,10,2.5832,1.5,0.0313,0.479,NOMINAL,NORMAL,0,,37,9.0,4888,3081
1781435959.592459,7,10,1.5779,0.818,0.0249,0.33,NOMINAL,NORMAL,0,,37,9.0,4888,3081
1781435959.7198348,7,10,2.5558,1.567,0.0454,0.639,NOMINAL,NORMAL,0,,42,11.8,4809,3081
1781435959.8426516,7,10,1.747,0.819,0.0239,0.369,NOMINAL,NORMAL,0,,42,11.8,4809,3081
1781435959.9691129,7,10,2.5325,1.421,0.038,0.426,NOMINAL,NORMAL,0,,42,11.8,4809,3081
1781435960.0950787,7,10,2.6665,1.647,0.0484,0.664,NOMINAL,NORMAL,0,,42,11.8,4809,3081
1781435960.2181878,7,10,2.5625,0.91,0.024,0.361,NOMINAL,NORMAL,0,,42,11.8,4809,3081
1781435960.3440099,7,10,2.4452,1.503,0.0377,0.408,NOMINAL,NORMAL,0,,42,11.8,4809,3081
1781435960.469725,7,10,2.5606,1.403,0.0336,0.497,NOMINAL,NORMAL,0,,42,11.8,4809,3081
1781435960.5923743,7,10,1.4253,1.052,0.0356,0.383,NOMINAL,NORMAL,0,,42,11.8,4809,3081
1781435960.7189271,7,10,2.4849,1.145,0.0626,0.558,NOMINAL,NORMAL,0,,39,11.5,4769,3081
1781435960.8434324,7,10,1.5758,1.385,0.0322,0.415,NOMINAL,NORMAL,0,,39,11.5,4769,3081
1781435960.9673617,7,10,1.4019,1.161,0.0368,0.397,NOMINAL,NORMAL,0,,39,11.5,4769,3081
1781435961.0943775,7,10,2.5438,1.494,0.0436,0.63,NOMINAL,NORMAL,0,,39,11.5,4769,3081
1781435961.2175958,7,10,1.7866,0.763,0.023,0.332,NOMINAL,NORMAL,0,,39,11.5,4769,3081
1781435961.3424616,7,10,1.4666,1.133,0.0338,0.364,NOMINAL,NORMAL,0,,39,11.5,4769,3081
1781435961.4680142,7,10,2.0605,0.938,0.026,0.323,NOMINAL,NORMAL,0,,39,11.5,4769,3081
1781435961.5939186,7,10,2.5831,1.082,0.0363,0.536,NOMINAL,NORMAL,0,,39,11.5,4769,3081
1781435961.7188642,7,10,2.4766,1.092,0.0362,0.548,NOMINAL,NORMAL,0,,41,12.0,4809,3081
1781435961.8418193,7,10,1.3266,0.98,0.035,0.383,NOMINAL,NORMAL,0,,41,12.0,4809,3081
1781435961.9688206,7,10,2.5833,1.068,0.0343,0.491,NOMINAL,NORMAL,0,,41,12.0,4809,3081
1781435962.0935533,7,10,2.6087,1.01,0.0215,0.288,NOMINAL,NORMAL,0,,41,12.0,4809,3081
1781435962.2188933,7,10,2.5967,1.07,0.0368,0.514,NOMINAL,NORMAL,0,,41,12.0,4809,3081
1781435962.3434901,7,10,2.4709,1.078,0.034,0.381,NOMINAL,NORMAL,0,,41,12.0,4809,3081
1781435962.4676178,7,10,1.4253,1.063,0.0366,0.407,NOMINAL,NORMAL,0,,41,12.0,4809,3081
1781435962.5935743,7,10,2.5884,0.988,0.0373,0.486,NOMINAL,NORMAL,0,,41,12.0,4809,3081
1781435962.7188613,7,10,2.4906,1.123,0.0611,0.488,NOMINAL,NORMAL,0,,99,12.0,4848,3081
1781435962.8430777,7,10,2.148,0.841,0.0237,0.344,NOMINAL,NORMAL,0,,99,12.0,4848,3081
1781435962.9692674,7,10,2.8282,1.226,0.036,0.503,NOMINAL,NORMAL,0,,99,12.0,4848,3081
1781435963.0931132,7,10,2.3007,0.858,0.0241,0.305,NOMINAL,NORMAL,0,,99,12.0,4848,3081
1781435963.2174292,7,10,1.6756,1.004,0.0351,0.442,NOMINAL,NORMAL,0,,99,12.0,4848,3081
1781435963.3436759,7,10,2.5646,1.166,0.0354,0.386,NOMINAL,NORMAL,0,,99,12.0,4848,3081
1781435963.4743626,7,10,1.5321,0.981,0.0337,7.546,NOMINAL,NORMAL,0,,99,12.0,4848,3081
1781435963.5936725,7,10,2.5736,1.095,0.0334,0.375,NOMINAL,NORMAL,0,,99,12.0,4848,3081
1781435963.7188914,7,10,2.8136,1.125,0.021,0.263,NOMINAL,NORMAL,0,,99,12.7,4880,3082
1781435963.84358,7,10,2.4778,1.055,0.035,0.389,NOMINAL,NORMAL,0,,99,12.7,4880,3082
1781435963.968074,7,10,2.1474,1.134,0.0388,0.404,NOMINAL,NORMAL,0,,99,12.7,4880,3082
1781435964.0923111,7,10,1.5167,0.892,0.0244,0.276,NOMINAL,NORMAL,0,,99,12.7,4880,3082
1781435964.2195826,7,10,3.2483,1.062,0.0366,0.544,NOMINAL,NORMAL,0,,99,12.7,4880,3082
1781435964.3441691,7,10,2.648,1.432,0.0368,0.392,NOMINAL,NORMAL,0,,99,12.7,4880,3082
1781435964.4682376,7,10,2.3547,1.011,0.0242,0.276,NOMINAL,NORMAL,0,,99,12.7,4880,3082
1781435964.5942016,7,10,2.725,1.395,0.0385,0.391,NOMINAL,NORMAL,0,,99,12.7,4880,3082
1781435964.7184203,7,10,2.365,1.007,0.0236,0.353,NOMINAL,NORMAL,0,,99,12.2,4888,3082
1781435964.8420584,7,10,1.3621,1.062,0.0354,0.39,NOMINAL,NORMAL,0,,99,12.2,4888,3082
1781435964.9691458,7,10,2.9486,1.091,0.0344,0.397,NOMINAL,NORMAL,0,,99,12.2,4888,3082
1781435965.0924609,7,10,1.6972,1.037,0.0341,0.393,NOMINAL,NORMAL,0,,99,12.2,4888,3082
1781435965.219379,7,10,2.6959,1.42,0.0357,0.404,NOMINAL,NORMAL,0,,99,12.2,4888,3082
1781435965.3440924,7,10,2.6709,1.474,0.0282,0.315,NOMINAL,NORMAL,0,,99,12.2,4888,3082
1781435965.4678888,7,10,1.7673,1.141,0.0231,0.329,NOMINAL,NORMAL,0,,99,12.2,4888,3082
1781435965.593782,7,10,2.6503,1.058,0.0364,0.392,NOMINAL,NORMAL,0,,99,12.2,4888,3082
1781435965.7177408,7,10,1.6191,1.002,0.0228,0.284,NOMINAL,NORMAL,0,,99,13.0,4848,3083
1781435965.8437765,7,10,2.6266,1.117,0.0347,0.403,NOMINAL,NORMAL,0,,99,13.0,4848,3083
1781435965.9689717,7,10,2.7252,1.102,0.0364,0.402,NOMINAL,NORMAL,0,,99,13.0,4848,3083
1781435966.0925415,7,10,1.7366,1.068,0.0356,0.427,NOMINAL,NORMAL,0,,99,13.0,4848,3083
1781435966.219417,7,10,2.6697,1.421,0.0351,0.487,NOMINAL,NORMAL,0,,99,13.0,4848,3083
1781435966.3439257,7,10,2.4478,1.329,0.0336,0.385,NOMINAL,NORMAL,0,,99,13.0,4848,3083
1781435966.4692354,7,10,2.7202,1.344,0.0353,0.43,NOMINAL,NORMAL,0,,99,13.0,4848,3083
1781435966.5937374,7,10,2.5147,1.052,0.0336,0.464,NOMINAL,NORMAL,0,,99,13.0,4848,3083
1781435966.7173584,7,10,1.5391,0.973,0.0341,0.404,NOMINAL,NORMAL,0,,99,13.0,4888,3083
1781435966.8438914,7,10,2.5877,1.132,0.0356,0.395,NOMINAL,NORMAL,0,,99,13.0,4888,3083
1781435966.967371,7,10,1.5358,1.047,0.0361,0.405,NOMINAL,NORMAL,0,,99,13.0,4888,3083
1781435967.0928338,7,10,1.93,1.006,0.0232,0.303,NOMINAL,NORMAL,0,,99,13.0,4888,3083
1781435967.2192156,7,10,2.7717,1.178,0.0365,0.402,NOMINAL,NORMAL,0,,99,13.0,4888,3083
1781435967.3431952,7,10,1.9503,0.882,0.0233,0.359,NOMINAL,NORMAL,0,,99,13.0,4888,3083
1781435967.4672806,7,10,1.4722,0.91,0.0316,0.342,NOMINAL,NORMAL,0,,99,13.0,4888,3083
1781435967.5930429,7,10,2.2027,0.82,0.0243,0.278,NOMINAL,NORMAL,0,,99,13.0,4888,3083
1781435967.7183447,7,10,2.7546,0.942,0.0237,0.268,NOMINAL,NORMAL,0,,70,13.8,5158,3084
1781435967.8435159,7,10,2.2268,1.082,0.0378,0.406,NOMINAL,NORMAL,0,,70,13.8,5158,3084
1781435967.9686947,7,10,2.8362,0.886,0.0239,0.273,NOMINAL,NORMAL,0,,70,13.8,5158,3084
1781435968.092354,7,10,1.5941,0.88,0.0343,0.399,NOMINAL,NORMAL,0,,70,13.8,5158,3084
1781435968.2194436,7,10,2.8856,1.22,0.0363,0.399,NOMINAL,NORMAL,0,,70,13.8,5158,3084
1781435968.3437383,7,10,2.5014,1.106,0.0364,0.432,NOMINAL,NORMAL,0,,70,13.8,5158,3084
1781435968.4691713,7,10,2.7813,1.074,0.0358,0.391,NOMINAL,NORMAL,0,,70,13.8,5158,3084
1781435968.5935755,7,10,2.6501,1.028,0.0346,0.387,NOMINAL,NORMAL,0,,70,13.8,5158,3084
1781435968.7178357,7,10,2.1218,0.795,0.0243,0.266,NOMINAL,NORMAL,0,,83,12.8,4960,3086
1781435968.8443518,7,10,3.0847,1.173,0.036,0.388,NOMINAL,NORMAL,0,,83,12.8,4960,3086
1781435968.9679768,7,10,2.294,0.777,0.0234,0.277,NOMINAL,NORMAL,0,,83,12.8,4960,3086
1781435969.0938213,7,10,2.782,1.013,0.0356,0.379,NOMINAL,NORMAL,0,,83,12.8,4960,3086
1781435969.218963,7,10,2.6712,1.066,0.0371,0.406,NOMINAL,NORMAL,0,,83,12.8,4960,3086
1781435969.342173,7,10,1.5487,0.86,0.035,0.384,NOMINAL,NORMAL,0,,83,12.8,4960,3086
1781435969.4692428,7,10,2.8777,1.049,0.0335,0.393,NOMINAL,NORMAL,0,,83,12.8,4960,3086
1781435969.5938318,7,10,2.8113,0.864,0.0229,0.263,NOMINAL,NORMAL,0,,83,12.8,4960,3086
1781435969.7187352,7,10,2.7207,1.24,0.0347,0.432,NOMINAL,NORMAL,0,,0,12.0,4888,3087
1781435969.8437397,7,10,2.7042,1.092,0.0337,0.385,NOMINAL,NORMAL,0,,0,12.0,4888,3087
1781435969.9676728,7,10,1.5882,1.111,0.035,0.401,NOMINAL,NORMAL,0,,0,12.0,4888,3087
1781435970.093884,7,10,2.7943,1.006,0.0336,0.371,NOMINAL,NORMAL,0,,0,12.0,4888,3087
1781435970.2192335,7,10,2.9576,1.113,0.0348,0.386,NOMINAL,NORMAL,0,,0,12.0,4888,3087
1781435970.34304,7,10,2.2866,0.751,0.0222,0.265,NOMINAL,NORMAL,0,,0,12.0,4888,3087
1781435970.468915,7,10,2.8135,0.971,0.0337,0.37,NOMINAL,NORMAL,0,,0,12.0,4888,3087
1781435970.5930293,7,10,2.3867,0.712,0.0226,0.264,NOMINAL,NORMAL,0,,0,12.0,4888,3087
1781435970.7180173,7,10,2.6161,0.753,0.0233,0.261,NOMINAL,NORMAL,0,,0,12.0,4888,3087
1781435970.844311,7,10,2.9597,1.112,0.0359,0.395,NOMINAL,NORMAL,0,,0,12.8,4880,3087
1781435970.967234,7,10,1.5575,0.949,0.036,0.397,NOMINAL,NORMAL,0,,0,12.8,4880,3087
1781435971.093942,7,10,2.91,0.978,0.0339,0.374,NOMINAL,NORMAL,0,,0,12.8,4880,3087
1781435971.2189848,7,10,2.7823,1.11,0.0226,0.271,NOMINAL,NORMAL,0,,0,12.8,4880,3087
1781435971.3439415,7,10,2.6447,1.061,0.0348,0.428,NOMINAL,NORMAL,0,,0,12.8,4880,3087
1781435971.469155,7,10,2.9864,0.997,0.0354,0.38,NOMINAL,NORMAL,0,,0,12.8,4880,3087
1781435971.5926008,7,10,1.8962,0.773,0.0225,0.262,NOMINAL,NORMAL,0,,0,12.8,4880,3087
1781435971.7190711,7,10,2.6807,1.07,0.0367,0.49,NOMINAL,NORMAL,0,,0,12.8,4880,3087
1781435971.8441277,7,10,2.8329,1.062,0.0346,0.398,NOMINAL,NORMAL,0,,12,12.5,4880,3088
1781435971.9683962,7,10,2.644,0.785,0.0227,0.275,NOMINAL,NORMAL,0,,12,12.5,4880,3088
1781435972.1006904,7,10,9.7028,0.973,0.0328,0.381,NOMINAL,NORMAL,0,,12,12.5,4880,3088
1781435972.2183964,7,10,2.6376,0.778,0.0224,0.269,NOMINAL,NORMAL,0,,12,12.5,4880,3088
1781435972.3439648,7,10,2.6795,1.098,0.0348,0.397,NOMINAL,NORMAL,0,,12,12.5,4880,3088
1781435972.4763212,7,10,2.8276,8.396,0.0345,0.395,NOMINAL,NORMAL,0,,12,12.5,4880,3088
1781435972.5919158,7,10,1.5986,0.691,0.0233,0.264,NOMINAL,NORMAL,0,,12,12.5,4880,3088
1781435972.718869,7,10,2.7815,0.988,0.0356,0.426,NOMINAL,NORMAL,0,,12,12.5,4880,3088
1781435972.8441668,7,10,2.7627,1.073,0.0347,0.471,NOMINAL,NORMAL,0,,0,11.3,4888,3088
1781435972.9679208,7,10,2.008,0.858,0.0381,0.41,NOMINAL,NORMAL,0,,0,11.3,4888,3088
1781435973.0939934,7,10,2.8399,1.067,0.0368,0.393,NOMINAL,NORMAL,0,,0,11.3,4888,3088
1781435973.2177463,7,10,1.9672,0.743,0.0233,0.335,NOMINAL,NORMAL,0,,0,11.3,4888,3088
1781435973.3425388,7,10,1.5186,1.015,0.0375,0.443,NOMINAL,NORMAL,0,,0,11.3,4888,3088
1781435973.469156,7,10,2.7208,1.056,0.034,0.806,NOMINAL,NORMAL,0,,0,11.3,4888,3088
1781435973.5934532,7,10,2.7103,0.762,0.0232,0.27,NOMINAL,NORMAL,0,,0,11.3,4888,3088
1781435973.7199166,7,10,3.3892,1.105,0.0322,0.648,NOMINAL,NORMAL,0,,0,11.3,4888,3088
1781435973.8437514,7,10,2.8382,0.836,0.0235,0.331,NOMINAL,NORMAL,0,,6,14.2,4880,3088
1781435973.9675732,7,10,1.4887,1.259,0.0363,0.407,NOMINAL,NORMAL,0,,6,14.2,4880,3088
1781435974.093921,7,10,2.7532,1.271,0.0352,0.39,NOMINAL,NORMAL,0,,6,14.2,4880,3088
1781435974.2178547,7,10,1.6463,1.265,0.0369,0.413,NOMINAL,NORMAL,0,,6,14.2,4880,3088
1781435974.344218,7,10,2.8119,1.138,0.038,0.409,NOMINAL,NORMAL,0,,6,14.2,4880,3088
1781435974.4688852,7,10,2.7615,1.084,0.0354,0.398,NOMINAL,NORMAL,0,,6,14.2,4880,3088
1781435974.5926728,7,10,1.9879,0.761,0.023,0.262,NOMINAL,NORMAL,0,,6,14.2,4880,3088
1781435974.718972,7,10,2.748,1.024,0.0358,0.42,NOMINAL,NORMAL,0,,6,14.2,4880,3088
1781435974.8430393,7,10,2.1003,0.855,0.0228,0.278,NOMINAL,NORMAL,0,,0,12.2,4888,3088
1781435974.9692636,7,10,2.8714,1.185,0.0372,0.458,NOMINAL,NORMAL,0,,0,12.2,4888,3088
1781435975.0938888,7,10,2.759,1.04,0.0374,0.398,NOMINAL,NORMAL,0,,0,12.2,4888,3088
1781435975.218042,7,10,2.5574,0.96,0.023,0.27,NOMINAL,NORMAL,0,,0,12.2,4888,3088
1781435975.3515565,7,10,2.7335,1.058,0.0359,7.908,NOMINAL,NORMAL,0,,0,12.2,4888,3088
1781435975.4687226,7,10,2.8598,0.813,0.0213,0.264,NOMINAL,NORMAL,0,,0,12.2,4888,3088
1781435975.592656,7,10,1.7022,0.99,0.0355,0.382,NOMINAL,NORMAL,0,,0,12.2,4888,3088
1781435975.718854,7,10,2.7066,0.985,0.0357,0.415,NOMINAL,NORMAL,0,,0,12.2,4888,3088
1781435975.8425837,7,10,1.5598,0.925,0.0352,0.425,NOMINAL,NORMAL,0,,0,12.8,4888,3088
1781435975.967108,7,10,1.5358,0.899,0.0348,0.378,NOMINAL,NORMAL,0,,0,12.8,4888,3088
1781435976.0942245,7,10,2.8629,1.251,0.0347,0.386,NOMINAL,NORMAL,0,,0,12.8,4888,3088
1781435976.2178106,7,10,2.1779,0.664,0.0225,0.253,NOMINAL,NORMAL,0,,0,12.8,4888,3088
1781435976.3439147,7,10,2.73,1.083,0.0356,0.389,NOMINAL,NORMAL,0,,0,12.8,4888,3088
1781435976.4681957,7,10,2.3575,0.792,0.0228,0.275,NOMINAL,NORMAL,0,,0,12.8,4888,3088
1781435976.5939925,7,10,2.8521,1.017,0.0359,0.423,NOMINAL,NORMAL,0,,0,12.8,4888,3088
1781435976.7189033,7,10,2.8817,1.036,0.0364,0.427,NOMINAL,NORMAL,0,,0,12.8,4888,3088
1781435976.8422801,7,10,1.5245,0.977,0.0367,0.403,NOMINAL,NORMAL,0,,0,12.3,4888,3088
1781435976.969057,7,10,2.8869,1.075,0.0358,0.401,NOMINAL,NORMAL,0,,0,12.3,4888,3088
1781435977.0937555,7,10,2.8218,0.974,0.0258,0.438,NOMINAL,NORMAL,0,,0,12.3,4888,3088
1781435977.2188437,7,10,2.7903,1.049,0.0364,0.432,NOMINAL,NORMAL,0,,0,12.3,4888,3088
1781435977.343967,7,10,2.7293,1.126,0.035,0.403,NOMINAL,NORMAL,0,,0,12.3,4888,3088
1781435977.4674792,7,10,1.6307,0.824,0.0226,0.281,NOMINAL,NORMAL,0,,0,12.3,4888,3088
1781435977.5938892,7,10,2.8415,1.0,0.035,0.388,NOMINAL,NORMAL,0,,0,12.3,4888,3088
1781435977.7188816,7,10,2.7926,1.006,0.0706,0.512,NOMINAL,NORMAL,0,,0,12.3,4888,3088
1781435977.8427398,7,10,1.7305,1.06,0.0278,0.443,NOMINAL,NORMAL,0,,0,11.3,4848,3088
1781435977.9689565,7,10,2.7903,1.182,0.0401,0.462,NOMINAL,NORMAL,0,,0,11.3,4848,3088
1781435978.0936596,7,10,2.736,1.124,0.0256,0.307,NOMINAL,NORMAL,0,,0,11.3,4848,3088
1781435978.2176793,7,10,1.5738,0.959,0.0327,0.363,NOMINAL,NORMAL,0,,0,11.3,4848,3088
1781435978.3440433,7,10,2.6983,1.386,0.0306,0.37,NOMINAL,NORMAL,0,,0,11.3,4848,3088
1781435978.469326,7,10,2.6122,1.072,0.0358,0.402,NOMINAL,NORMAL,0,,0,11.3,4848,3088
1781435978.5921211,7,10,1.6531,0.877,0.0252,0.292,NOMINAL,NORMAL,0,,0,11.3,4848,3088
1781435978.7192423,7,10,2.7511,1.252,0.0243,0.269,NOMINAL,NORMAL,0,,0,11.3,4848,3088
1781435978.8427548,7,10,1.732,1.104,0.0247,0.338,NOMINAL,NORMAL,0,,24,8.8,4928,3088
1781435978.9685488,7,10,2.496,1.071,0.0361,0.392,NOMINAL,NORMAL,0,,24,8.8,4928,3088
1781435979.0935197,7,10,2.6323,0.989,0.0364,0.387,NOMINAL,NORMAL,0,,24,8.8,4928,3088
1781435979.2188609,7,10,2.7378,0.997,0.0386,0.419,NOMINAL,NORMAL,0,,24,8.8,4928,3088
1781435979.3440256,7,10,2.81,1.067,0.0371,0.391,NOMINAL,NORMAL,0,,24,8.8,4928,3088
1781435979.4686756,7,10,2.6891,1.12,0.0356,0.398,NOMINAL,NORMAL,0,,24,8.8,4928,3088
1781435979.593988,7,10,2.8823,1.054,0.0414,0.392,NOMINAL,NORMAL,0,,24,8.8,4928,3088
1781435979.7183454,7,10,2.8196,0.762,0.0235,0.268,NOMINAL,NORMAL,0,,24,8.8,4928,3088
1781435979.8441098,7,10,2.836,1.086,0.0353,0.391,NOMINAL,NORMAL,0,,99,13.7,4888,3088
1781435979.969075,7,10,2.9219,1.098,0.0358,0.393,NOMINAL,NORMAL,0,,99,13.7,4888,3088
1781435980.0923667,7,10,1.6111,0.925,0.0364,0.384,NOMINAL,NORMAL,0,,99,13.7,4888,3088
1781435980.2192369,7,10,2.9599,1.142,0.0361,0.395,NOMINAL,NORMAL,0,,99,13.7,4888,3088
1781435980.3442407,7,10,2.7982,1.463,0.0352,0.4,NOMINAL,NORMAL,0,,99,13.7,4888,3088
1781435980.4676645,7,10,2.0125,0.81,0.0237,0.278,NOMINAL,NORMAL,0,,99,13.7,4888,3088
1781435980.5941155,7,10,2.9461,1.037,0.0357,0.389,NOMINAL,NORMAL,0,,99,13.7,4888,3088
1781435980.7177947,7,10,2.0395,0.784,0.0238,0.27,NOMINAL,NORMAL,0,,99,13.7,4888,3088
1781435980.8441403,7,10,2.8605,1.111,0.0361,0.4,NOMINAL,NORMAL,0,,99,13.7,4880,3088
1781435980.9690938,7,10,2.9395,1.055,0.0358,0.387,NOMINAL,NORMAL,0,,99,13.7,4880,3088
1781435981.0925796,7,10,1.8111,1.053,0.0378,0.4,NOMINAL,NORMAL,0,,99,13.7,4880,3088
1781435981.2189984,7,10,2.8313,1.081,0.038,0.394,NOMINAL,NORMAL,0,,99,13.7,4880,3088
1781435981.3438594,7,10,2.8763,0.945,0.0229,0.275,NOMINAL,NORMAL,0,,99,13.7,4880,3088
1781435981.467233,7,10,1.5988,0.823,0.0234,0.271,NOMINAL,NORMAL,0,,99,13.7,4880,3088
1781435981.5942578,7,10,2.9495,1.171,0.0358,0.384,NOMINAL,NORMAL,0,,99,13.7,4880,3088
1781435981.7178824,7,10,1.6133,1.255,0.0357,0.404,NOMINAL,NORMAL,0,,99,13.7,4880,3088
1781435981.8441722,7,10,2.9053,1.109,0.0367,0.398,NOMINAL,NORMAL,0,,99,13.3,4888,3088
1781435981.9690332,7,10,2.9081,1.059,0.0354,0.404,NOMINAL,NORMAL,0,,99,13.3,4888,3088
1781435982.0928175,7,10,2.2322,0.746,0.0231,0.255,NOMINAL,NORMAL,0,,99,13.3,4888,3088
1781435982.219059,7,10,2.8613,1.075,0.0364,0.387,NOMINAL,NORMAL,0,,99,13.3,4888,3088
1781435982.343108,7,10,2.3613,0.796,0.0249,0.262,NOMINAL,NORMAL,0,,99,13.3,4888,3088
1781435982.469341,7,10,2.9287,1.326,0.0373,0.394,NOMINAL,NORMAL,0,,99,13.3,4888,3088
1781435982.5942993,7,10,2.967,1.144,0.0365,0.423,NOMINAL,NORMAL,0,,99,13.3,4888,3088
1781435982.7175198,7,10,1.6178,1.227,0.0374,0.507,NOMINAL,NORMAL,0,,99,13.3,4888,3088
1781435982.844404,7,10,2.9033,1.346,0.0361,0.402,NOMINAL,NORMAL,0,,99,13.7,4920,3088
1781435982.9689305,7,10,3.0021,0.928,0.0247,0.277,NOMINAL,NORMAL,0,,99,13.7,4920,3088
1781435983.0925395,7,10,1.6498,0.927,0.0344,0.383,NOMINAL,NORMAL,0,,99,13.7,4920,3088
1781435983.2192295,7,10,2.8761,1.18,0.0374,0.401,NOMINAL,NORMAL,0,,99,13.7,4920,3088
1781435983.342833,7,10,1.6953,0.989,0.0406,0.444,NOMINAL,NORMAL,0,,99,13.7,4920,3088
1781435983.469013,7,10,2.9599,1.004,0.0339,0.371,NOMINAL,NORMAL,0,,99,13.7,4920,3088
1781435983.594235,7,10,3.0173,1.083,0.0361,0.384,NOMINAL,NORMAL,0,,99,13.7,4920,3088
1781435983.718083,7,10,2.2601,0.716,0.0218,0.257,NOMINAL,NORMAL,0,,99,13.7,4920,3088
1781435983.8442893,7,10,2.9941,1.071,0.0342,0.392,NOMINAL,NORMAL,0,,99,12.5,4888,3088
1781435983.9685793,7,10,2.7519,0.825,0.025,0.278,NOMINAL,NORMAL,0,,99,12.5,4888,3088
1781435984.093979,7,10,3.0423,1.0,0.0372,0.394,NOMINAL,NORMAL,0,,99,12.5,4888,3088
1781435984.2192202,7,10,2.9782,1.305,0.0345,0.386,NOMINAL,NORMAL,0,,99,12.5,4888,3088
1781435984.3425698,7,10,1.5827,1.262,0.0368,0.47,NOMINAL,NORMAL,0,,99,12.5,4888,3088
1781435984.4689362,7,10,2.9564,1.049,0.0352,0.381,NOMINAL,NORMAL,0,,99,12.5,4888,3088
1781435984.5941737,7,10,3.1649,0.994,0.0252,0.272,NOMINAL,NORMAL,0,,99,12.5,4888,3088
1781435984.7192225,7,10,2.967,1.067,0.0359,0.39,NOMINAL,NORMAL,0,,99,12.5,4888,3088
1781435984.8441896,7,10,2.9724,1.068,0.0378,0.393,NOMINAL,NORMAL,0,,99,12.2,4920,3089
1781435984.9678695,7,10,2.1345,0.77,0.0239,0.272,NOMINAL,NORMAL,0,,99,12.2,4920,3089
1781435985.0939467,7,10,3.0002,1.0,0.0356,0.389,NOMINAL,NORMAL,0,,99,12.2,4920,3089
1781435985.21892,7,10,2.9838,1.0,0.0348,0.393,NOMINAL,NORMAL,0,,99,12.2,4920,3089
1781435985.3424425,7,10,1.5828,1.249,0.0352,0.394,NOMINAL,NORMAL,0,,99,12.2,4920,3089
1781435985.4691036,7,10,3.1133,1.049,0.0339,0.391,NOMINAL,NORMAL,0,,99,12.2,4920,3089
1781435985.5976856,7,10,6.3342,1.122,0.023,0.271,NOMINAL,NORMAL,0,,99,12.2,4920,3089
1781435985.7176783,7,10,1.7075,0.942,0.0354,0.386,NOMINAL,NORMAL,0,,99,12.2,4920,3089
1781435985.84428,7,10,3.063,0.996,0.0373,0.38,NOMINAL,NORMAL,0,,82,13.2,4928,3089
1781435985.9676273,7,10,1.6881,1.062,0.0376,0.376,NOMINAL,NORMAL,0,,82,13.2,4928,3089
1781435986.0942283,7,10,3.0164,1.123,0.0348,0.376,NOMINAL,NORMAL,0,,82,13.2,4928,3089
1781435986.2193582,7,10,3.0768,1.11,0.0286,0.297,NOMINAL,NORMAL,0,,82,13.2,4928,3089
1781435986.344213,7,10,3.0249,1.03,0.0364,0.378,NOMINAL,NORMAL,0,,82,13.2,4928,3089
1781435986.4693072,7,10,3.0822,1.047,0.0375,0.393,NOMINAL,NORMAL,0,,82,13.2,4928,3089
1781435986.5929089,7,10,2.2348,0.724,0.0228,0.25,NOMINAL,NORMAL,0,,82,13.2,4928,3089
1781435986.719363,7,10,3.0146,1.102,0.0383,0.378,NOMINAL,NORMAL,0,,82,13.2,4928,3089
1781435986.8429751,7,10,1.6589,1.26,0.0395,0.395,NOMINAL,NORMAL,0,,99,12.8,4888,3089
1781435986.9675097,7,10,1.69,1.007,0.0351,0.367,NOMINAL,NORMAL,0,,99,12.8,4888,3089
1781435987.094194,7,10,3.0492,1.007,0.0385,0.379,NOMINAL,NORMAL,0,,99,12.8,4888,3089
1781435987.2189255,7,10,3.0951,0.758,0.0246,0.257,NOMINAL,NORMAL,0,,99,12.8,4888,3089
1781435987.3445108,7,10,3.1486,1.007,0.0372,0.373,NOMINAL,NORMAL,0,,99,12.8,4888,3089
1781435987.469436,7,10,3.1362,1.064,0.0379,0.386,NOMINAL,NORMAL,0,,99,12.8,4888,3089
1781435987.5929685,7,10,1.7271,1.127,0.0359,0.393,NOMINAL,NORMAL,0,,99,12.8,4888,3089
1781435987.7196002,7,10,3.0141,1.355,0.0373,0.405,NOMINAL,NORMAL,0,,99,12.8,4888,3089
1781435987.8444173,7,10,3.1138,1.066,0.0365,0.378,NOMINAL,NORMAL,0,,99,12.3,4888,3089
1781435987.9680932,7,10,2.388,0.725,0.0238,0.251,NOMINAL,NORMAL,0,,99,12.3,4888,3089
1781435988.0942314,7,10,3.0913,0.993,0.0359,0.359,NOMINAL,NORMAL,0,,99,12.3,4888,3089
1781435988.2183812,7,10,2.3568,0.906,0.022,0.259,NOMINAL,NORMAL,0,,99,12.3,4888,3089
1781435988.342601,7,10,1.689,1.069,0.0353,0.386,NOMINAL,NORMAL,0,,99,12.3,4888,3089
1781435988.469654,7,10,3.1419,1.317,0.035,0.37,NOMINAL,NORMAL,0,,99,12.3,4888,3089
1781435988.593385,7,10,2.8647,0.834,0.0247,0.262,NOMINAL,NORMAL,0,,99,12.3,4888,3089
1781435988.7192812,7,10,3.0228,1.065,0.038,0.395,NOMINAL,NORMAL,0,,99,12.3,4888,3089
1781435988.844014,7,10,3.0793,0.873,0.024,0.253,NOMINAL,NORMAL,0,,47,12.2,4888,3089
1781435988.969457,7,10,3.0974,1.052,0.035,0.379,NOMINAL,NORMAL,0,,47,12.2,4888,3089
1781435989.094733,7,10,3.2288,1.279,0.0364,0.419,NOMINAL,NORMAL,0,,47,12.2,4888,3089
1781435989.2182539,7,10,1.6808,1.231,0.0367,0.395,NOMINAL,NORMAL,0,,47,12.2,4888,3089
1781435989.3444679,7,10,3.1217,1.081,0.0363,0.38,NOMINAL,NORMAL,0,,47,12.2,4888,3089
1781435989.4696023,7,10,3.1567,1.271,0.0366,0.376,NOMINAL,NORMAL,0,,47,12.2,4888,3089
1781435989.5933127,7,10,2.6585,0.735,0.0243,0.25,NOMINAL,NORMAL,0,,47,12.2,4888,3089
1781435989.7193477,7,10,3.0792,1.052,0.0372,0.377,NOMINAL,NORMAL,0,,47,12.2,4888,3089
1781435989.843165,7,10,2.6265,0.767,0.0239,0.256,NOMINAL,NORMAL,0,,47,12.2,4888,3089
1781435989.9695647,7,10,3.1648,1.26,0.0351,0.373,NOMINAL,NORMAL,0,,5,13.0,4928,3089
1781435990.0944648,7,10,3.1821,1.227,0.0372,0.363,NOMINAL,NORMAL,0,,5,13.0,4928,3089
1781435990.2173,7,10,1.71,0.875,0.0355,0.371,NOMINAL,NORMAL,0,,5,13.0,4928,3089
1781435990.3442013,7,10,3.0715,0.99,0.0354,0.368,NOMINAL,NORMAL,0,,5,13.0,4928,3089
1781435990.4689534,7,10,3.0656,0.912,0.0267,0.264,NOMINAL,NORMAL,0,,5,13.0,4928,3089
1781435990.5928028,7,10,1.8849,0.887,0.0348,0.373,NOMINAL,NORMAL,0,,5,13.0,4928,3089
1781435990.7193058,7,10,3.027,1.025,0.0368,0.377,NOMINAL,NORMAL,0,,5,13.0,4928,3089
1781435990.8426414,7,10,1.8336,0.711,0.0234,0.298,NOMINAL,NORMAL,0,,5,13.0,4928,3089
1781435990.9693105,7,10,3.1362,1.006,0.037,0.366,NOMINAL,NORMAL,0,,0,12.3,4888,3089
1781435991.0943527,7,10,3.1746,1.006,0.035,0.376,NOMINAL,NORMAL,0,,0,12.3,4888,3089
1781435991.2181547,7,10,2.7614,0.715,0.0231,0.252,NOMINAL,NORMAL,0,,0,12.3,4888,3089
1781435991.3446581,7,10,3.1817,1.262,0.037,0.374,NOMINAL,NORMAL,0,,0,12.3,4888,3089
1781435991.468783,7,10,2.8136,0.939,0.0238,0.254,NOMINAL,NORMAL,0,,0,12.3,4888,3089
1781435991.5939395,7,10,3.1499,0.781,0.0242,0.265,NOMINAL,NORMAL,0,,0,12.3,4888,3089
1781435991.7195704,7,10,3.2323,1.09,0.0369,0.386,NOMINAL,NORMAL,0,,0,12.3,4888,3089
1781435991.8429754,7,10,1.9087,1.072,0.0367,0.383,NOMINAL,NORMAL,0,,0,12.3,4888,3089
1781435991.9697275,7,10,3.1831,1.045,0.0356,0.391,NOMINAL,NORMAL,0,,0,13.0,4888,3089
1781435992.0942476,7,10,3.1898,0.992,0.0273,0.29,NOMINAL,NORMAL,0,,0,13.0,4888,3089
1781435992.2183967,7,10,1.9772,1.027,0.0352,0.358,NOMINAL,NORMAL,0,,0,13.0,4888,3089
1781435992.3449144,7,10,3.1335,1.348,0.0461,0.494,NOMINAL,NORMAL,0,,0,13.0,4888,3089
1781435992.4689045,7,10,2.1712,1.33,0.0296,0.334,NOMINAL,NORMAL,0,,0,13.0,4888,3089
1781435992.5937605,7,10,2.3082,1.265,0.0353,0.373,NOMINAL,NORMAL,0,,0,13.0,4888,3089
1781435992.7181354,7,10,1.9605,0.989,0.0243,0.274,NOMINAL,NORMAL,0,,0,13.0,4888,3089
1781435992.8432696,7,10,1.953,1.069,0.033,0.353,NOMINAL,NORMAL,0,,0,13.0,4888,3089
1781435992.9695833,7,10,3.1557,1.252,0.0466,0.471,NOMINAL,NORMAL,0,,0,7.8,4769,3092
1781435993.094154,7,10,3.0304,0.864,0.0304,0.309,NOMINAL,NORMAL,0,,0,7.8,4769,3092
1781435993.2174678,7,10,1.8793,0.721,0.0343,0.342,NOMINAL,NORMAL,0,,0,7.8,4769,3092
1781435993.3449395,7,10,3.3628,1.207,0.042,0.437,NOMINAL,NORMAL,0,,0,7.8,4769,3092
1781435993.4682648,7,10,2.209,0.929,0.0275,0.304,NOMINAL,NORMAL,0,,0,7.8,4769,3092
1781435993.5937288,7,10,2.9675,0.979,0.0355,0.361,NOMINAL,NORMAL,0,,0,7.8,4769,3092
1781435993.7210996,7,10,3.5083,1.425,0.0371,0.432,NOMINAL,NORMAL,0,,0,7.8,4769,3092
1781435993.8437338,7,10,2.0515,1.148,0.0242,0.273,NOMINAL,NORMAL,0,,0,7.8,4769,3092
1781435993.9702218,7,10,3.2421,1.397,0.0434,0.476,NOMINAL,NORMAL,0,,0,7.0,4769,3095
1781435994.0942745,7,10,2.2027,1.24,0.0337,0.377,NOMINAL,NORMAL,0,,0,7.0,4769,3095
1781435994.2190447,7,10,2.8788,1.094,0.0357,0.379,NOMINAL,NORMAL,0,,0,7.0,4769,3095
1781435994.3453667,7,10,3.388,1.107,0.0458,0.43,NOMINAL,NORMAL,0,,0,7.0,4769,3095
1781435994.468773,7,10,2.1008,1.184,0.0333,0.363,NOMINAL,NORMAL,0,,0,7.0,4769,3095
1781435994.5942852,7,10,3.1455,0.883,0.0355,0.357,NOMINAL,NORMAL,0,,0,7.0,4769,3095
1781435994.7193642,7,10,3.1691,0.854,0.0285,0.38,NOMINAL,NORMAL,0,,0,7.0,4769,3095
1781435994.8426435,7,10,1.8789,0.788,0.0208,0.273,NOMINAL,NORMAL,0,,0,7.0,4769,3095
1781435994.970062,7,10,3.3676,1.249,0.0431,0.451,NOMINAL,NORMAL,0,,0,5.0,4650,3096
1781435995.094247,7,10,2.6347,0.987,0.0288,0.343,NOMINAL,NORMAL,0,,0,5.0,4650,3096
1781435995.2182019,7,10,2.2812,0.838,0.0242,0.268,NOMINAL,NORMAL,0,,0,5.0,4650,3096
1781435995.3434868,7,10,1.9956,0.955,0.024,0.254,NOMINAL,NORMAL,0,,0,5.0,4650,3096
1781435995.4681768,7,10,2.2659,0.741,0.0236,0.255,NOMINAL,NORMAL,0,,0,5.0,4650,3096
1781435995.5939956,7,10,2.431,1.251,0.0396,0.43,NOMINAL,NORMAL,0,,0,5.0,4650,3096
1781435995.7183125,7,10,2.388,0.934,0.0255,0.281,NOMINAL,NORMAL,0,,0,5.0,4650,3096
1781435995.8443408,7,10,3.2418,1.124,0.0359,0.406,NOMINAL,NORMAL,0,,0,5.0,4650,3096
1781435995.969641,7,10,3.2113,1.143,0.0373,0.396,NOMINAL,NORMAL,0,,0,14.8,4888,3098
1781435996.093428,7,10,2.5371,1.088,0.0284,0.3,NOMINAL,NORMAL,0,,0,14.8,4888,3098
1781435996.2184498,7,10,2.7647,0.87,0.026,0.271,NOMINAL,NORMAL,0,,0,14.8,4888,3098
1781435996.3443475,7,10,3.2497,0.871,0.0253,0.265,NOMINAL,NORMAL,0,,0,14.8,4888,3098
1781435996.4680068,7,10,1.8338,1.032,0.035,0.38,NOMINAL,NORMAL,0,,0,14.8,4888,3098
1781435996.5946205,7,10,3.2719,1.079,0.0377,0.428,NOMINAL,NORMAL,0,,0,14.8,4888,3098
1781435996.7181563,7,10,1.8413,1.005,0.0369,0.399,NOMINAL,NORMAL,0,,0,14.8,4888,3098
1781435996.8441477,7,10,3.2179,0.801,0.0245,0.267,NOMINAL,NORMAL,0,,0,14.8,4888,3098
1781435996.9698045,7,10,3.3448,1.111,0.0387,0.4,NOMINAL,NORMAL,0,,32,16.8,4999,3098
1781435997.093445,7,10,2.4376,1.1,0.0382,0.391,NOMINAL,NORMAL,0,,32,16.8,4999,3098
1781435997.21974,7,10,3.2393,1.155,0.038,0.402,NOMINAL,NORMAL,0,,32,16.8,4999,3098
1781435997.343501,7,10,2.4816,0.943,0.0255,0.291,NOMINAL,NORMAL,0,,32,16.8,4999,3098
1781435997.4697669,7,10,3.4044,1.131,0.0365,0.399,NOMINAL,NORMAL,0,,32,16.8,4999,3098
1781435997.5929804,7,10,1.9252,0.88,0.0364,0.362,NOMINAL,NORMAL,0,,32,16.8,4999,3098
1781435997.719382,7,10,3.2071,1.004,0.0252,0.278,NOMINAL,NORMAL,0,,32,16.8,4999,3098
1781435997.8445559,7,10,3.2269,1.07,0.0372,0.389,NOMINAL,NORMAL,0,,32,16.8,4999,3098
1781435997.9680386,7,10,1.7621,1.085,0.0357,0.389,NOMINAL,NORMAL,0,,24,17.5,5039,3098
1781435998.094733,7,10,3.2457,1.051,0.0384,0.447,NOMINAL,NORMAL,0,,24,17.5,5039,3098
1781435998.2196474,7,10,3.1819,1.013,0.0353,0.374,NOMINAL,NORMAL,0,,24,17.5,5039,3098
1781435998.343141,7,10,1.8973,0.867,0.0322,0.363,NOMINAL,NORMAL,0,,24,17.5,5039,3098
1781435998.4695933,7,10,3.2666,0.966,0.0342,0.365,NOMINAL,NORMAL,0,,24,17.5,5039,3098
1781435998.5947556,7,10,3.2533,1.024,0.0373,0.436,NOMINAL,NORMAL,0,,24,17.5,5039,3098
1781435998.7182465,7,10,2.9237,0.679,0.0238,0.253,NOMINAL,NORMAL,0,,24,17.5,5039,3098
1781435998.8443713,7,10,3.2565,0.968,0.0353,0.372,NOMINAL,NORMAL,0,,24,17.5,5039,3098
1781435998.9687426,7,10,2.9705,0.722,0.0236,0.251,NOMINAL,NORMAL,0,,23,12.3,4888,3099
1781435999.0947177,7,10,3.3313,0.968,0.034,0.419,NOMINAL,NORMAL,0,,23,12.3,4888,3099
1781435999.2196927,7,10,3.1866,0.992,0.0362,0.368,NOMINAL,NORMAL,0,,23,12.3,4888,3099
1781435999.342668,7,10,1.7677,0.927,0.035,0.408,NOMINAL,NORMAL,0,,23,12.3,4888,3099
1781435999.469652,7,10,3.2805,0.98,0.035,0.36,NOMINAL,NORMAL,0,,23,12.3,4888,3099
1781435999.59374,7,10,2.8113,1.009,0.0252,0.283,NOMINAL,NORMAL,0,,23,12.3,4888,3099
1781435999.718354,7,10,1.8876,1.143,0.0386,0.414,NOMINAL,NORMAL,0,,23,12.3,4888,3099
1781435999.8447835,7,10,3.3095,1.109,0.0363,0.398,NOMINAL,NORMAL,0,,23,12.3,4888,3099
1781435999.9684875,7,10,2.2031,0.963,0.0379,0.409,NOMINAL,NORMAL,0,,78,15.2,5079,3099
1781436000.0937822,7,10,2.6341,1.152,0.0358,0.401,NOMINAL,NORMAL,0,,78,15.2,5079,3099
1781436000.2196321,7,10,3.2647,1.077,0.0371,0.4,NOMINAL,NORMAL,0,,78,15.2,5079,3099
1781436000.3440073,7,10,2.521,1.347,0.0356,0.388,NOMINAL,NORMAL,0,,78,15.2,5079,3099
1781436000.4699254,7,10,3.3919,1.282,0.036,0.376,NOMINAL,NORMAL,0,,78,15.2,5079,3099
1781436000.594282,7,10,3.2131,1.031,0.0241,0.268,NOMINAL,NORMAL,0,,78,15.2,5079,3099
1781436000.7198262,7,10,3.2801,1.347,0.0375,0.397,NOMINAL,NORMAL,0,,78,15.2,5079,3099
1781436000.8445084,7,10,3.2641,1.026,0.0349,0.377,NOMINAL,NORMAL,0,,78,15.2,5079,3099
1781436000.9682832,7,10,1.994,1.168,0.0372,0.397,NOMINAL,NORMAL,0,,99,13.5,4928,3099
1781436001.094351,7,10,3.2708,1.18,0.0354,0.367,NOMINAL,NORMAL,0,,99,13.5,4928,3099
1781436001.2194657,7,10,3.2141,1.025,0.0366,0.388,NOMINAL,NORMAL,0,,99,13.5,4928,3099
1781436001.343098,7,10,2.3048,0.775,0.0228,0.254,NOMINAL,NORMAL,0,,99,13.5,4928,3099
1781436001.4692874,7,10,3.3297,1.018,0.0333,0.36,NOMINAL,NORMAL,0,,99,13.5,4928,3099
1781436001.5934443,7,10,2.4914,0.964,0.0229,0.279,NOMINAL,NORMAL,0,,99,13.5,4928,3099
1781436001.7190762,7,10,3.166,1.105,0.037,0.381,NOMINAL,NORMAL,0,,99,13.5,4928,3099
1781436001.8446019,7,10,3.4167,1.01,0.0331,0.365,NOMINAL,NORMAL,0,,99,13.5,4928,3099
1781436001.9680758,7,10,2.0707,1.099,0.0367,0.373,NOMINAL,NORMAL,0,,99,14.0,4880,3099
1781436002.0945818,7,10,3.3612,1.009,0.0352,0.442,NOMINAL,NORMAL,0,,99,14.0,4880,3099
1781436002.2192082,7,10,3.2919,0.791,0.022,0.25,NOMINAL,NORMAL,0,,99,14.0,4880,3099
1781436002.3444524,7,10,3.3469,0.998,0.0353,0.368,NOMINAL,NORMAL,0,,99,14.0,4880,3099
1781436002.4694595,7,10,3.3093,1.013,0.0362,0.372,NOMINAL,NORMAL,0,,99,14.0,4880,3099
1781436002.592468,7,10,1.9562,0.605,0.0212,0.215,NOMINAL,NORMAL,0,,99,14.0,4880,3099
1781436002.7195807,7,10,3.239,0.948,0.0365,0.36,NOMINAL,NORMAL,0,,99,14.0,4880,3099
1781436002.844431,7,10,3.3856,0.879,0.0314,0.324,NOMINAL,NORMAL,0,,99,14.0,4880,3099
1781436002.9684675,7,10,2.57,0.801,0.024,0.257,NOMINAL,NORMAL,0,,99,12.7,4928,3100
1781436003.0946126,7,10,3.3439,1.029,0.0366,0.428,NOMINAL,NORMAL,0,,99,12.7,4928,3100
1781436003.2183237,7,10,2.6944,0.664,0.024,0.243,NOMINAL,NORMAL,0,,99,12.7,4928,3100
1781436003.344449,7,10,3.3709,0.896,0.0317,0.334,NOMINAL,NORMAL,0,,99,12.7,4928,3100
1781436003.4693425,7,10,3.3495,0.905,0.0315,0.328,NOMINAL,NORMAL,0,,99,12.7,4928,3100
1781436003.5930786,7,10,2.3369,0.975,0.0346,0.366,NOMINAL,NORMAL,0,,99,12.7,4928,3100
1781436003.7193775,7,10,3.2729,1.036,0.0372,0.375,NOMINAL,NORMAL,0,,99,12.7,4928,3100
1781436003.8443618,7,10,3.4612,0.825,0.0238,0.254,NOMINAL,NORMAL,0,,99,12.7,4928,3100
1781436003.9680347,7,10,1.936,0.943,0.0369,0.408,NOMINAL,NORMAL,0,,99,12.8,4920,3100
1781436004.094922,7,10,3.4216,1.159,0.0387,0.477,NOMINAL,NORMAL,0,,99,12.8,4920,3100
1781436004.2182193,7,10,1.9744,0.973,0.0389,0.381,NOMINAL,NORMAL,0,,99,12.8,4920,3100
1781436004.3447874,7,10,3.3902,1.092,0.0356,0.383,NOMINAL,NORMAL,0,,99,12.8,4920,3100
1781436004.4697025,7,10,3.3887,1.054,0.0371,0.384,NOMINAL,NORMAL,0,,99,12.8,4920,3100
1781436004.5933242,7,10,2.4666,1.039,0.0363,0.374,NOMINAL,NORMAL,0,,99,12.8,4920,3100
1781436004.7196517,7,10,3.3208,1.072,0.038,0.393,NOMINAL,NORMAL,0,,99,12.8,4920,3100
1781436004.843779,7,10,2.9437,0.745,0.0245,0.257,NOMINAL,NORMAL,0,,99,12.8,4920,3100
1781436004.9696667,7,10,3.4459,1.032,0.0355,0.372,NOMINAL,NORMAL,0,,99,14.5,4920,3100
1781436005.0946574,7,10,3.3758,1.03,0.0375,0.434,NOMINAL,NORMAL,0,,99,14.5,4920,3100
1781436005.217752,7,10,1.8822,0.949,0.0365,0.383,NOMINAL,NORMAL,0,,99,14.5,4920,3100
1781436005.3447177,7,10,3.4172,1.031,0.037,0.373,NOMINAL,NORMAL,0,,99,14.5,4920,3100
1781436005.4695559,7,10,3.5015,0.951,0.0259,0.264,NOMINAL,NORMAL,0,,99,14.5,4920,3100
1781436005.5946164,7,10,3.4364,1.034,0.0375,0.428,NOMINAL,NORMAL,0,,99,14.5,4920,3100
1781436005.7196455,7,10,3.3863,1.048,0.0367,0.388,NOMINAL,NORMAL,0,,99,14.5,4920,3100
1781436005.8432407,7,10,2.1625,0.885,0.0357,0.377,NOMINAL,NORMAL,0,,99,14.5,4920,3100
1781436005.9696522,7,10,3.4083,1.032,0.0362,0.369,NOMINAL,NORMAL,0,,42,12.8,4920,3101
1781436006.0946667,7,10,3.3876,1.03,0.0367,0.434,NOMINAL,NORMAL,0,,42,12.8,4920,3101
1781436006.218847,7,10,3.0876,0.732,0.024,0.251,NOMINAL,NORMAL,0,,42,12.8,4920,3101
1781436006.3446224,7,10,3.4229,0.979,0.0349,0.373,NOMINAL,NORMAL,0,,42,12.8,4920,3101
1781436006.4689565,7,10,3.226,0.721,0.0233,0.253,NOMINAL,NORMAL,0,,42,12.8,4920,3101
1781436006.5925977,7,10,1.8749,0.886,0.0369,0.373,NOMINAL,NORMAL,0,,42,12.8,4920,3101
1781436006.7190642,7,10,2.8527,1.104,0.0368,0.398,NOMINAL,NORMAL,0,,42,12.8,4920,3101
1781436006.842857,7,10,1.8498,0.898,0.0365,0.44,NOMINAL,NORMAL,0,,42,12.8,4920,3101
1781436006.9697165,7,10,3.4679,1.016,0.0366,0.411,NOMINAL,NORMAL,0,,45,12.3,4880,3101
1781436007.0945728,7,10,3.3922,1.003,0.0377,0.4,NOMINAL,NORMAL,0,,45,12.3,4880,3101
1781436007.2180965,7,10,2.3111,0.766,0.0243,0.262,NOMINAL,NORMAL,0,,45,12.3,4880,3101
1781436007.344791,7,10,3.4733,1.044,0.0364,0.372,NOMINAL,NORMAL,0,,45,12.3,4880,3101
1781436007.468321,7,10,2.4965,0.761,0.0246,0.26,NOMINAL,NORMAL,0,,45,12.3,4880,3101
1781436007.5949862,7,10,3.4761,1.341,0.0375,0.39,NOMINAL,NORMAL,0,,45,12.3,4880,3101
1781436007.719938,7,10,3.3844,1.329,0.0378,0.389,NOMINAL,NORMAL,0,,45,12.3,4880,3101
1781436007.8427427,7,10,1.8922,0.956,0.0358,0.432,NOMINAL,NORMAL,0,,45,12.3,4880,3101
1781436007.9699495,7,10,3.4802,1.286,0.0347,0.382,NOMINAL,NORMAL,0,,47,13.0,4888,3101
1781436008.0944455,7,10,3.4217,0.998,0.023,0.271,NOMINAL,NORMAL,0,,47,13.0,4888,3101
1781436008.219816,7,10,3.4252,1.138,0.0374,0.389,NOMINAL,NORMAL,0,,47,13.0,4888,3101
1781436008.3446097,7,10,3.3838,0.985,0.0334,0.351,NOMINAL,NORMAL,0,,47,13.0,4888,3101
1781436008.4681463,7,10,1.9371,1.056,0.0344,0.367,NOMINAL,NORMAL,0,,47,13.0,4888,3101
1781436008.594685,7,10,3.4624,1.06,0.0365,0.417,NOMINAL,NORMAL,0,,47,13.0,4888,3101
1781436008.719764,7,10,3.5395,1.037,0.0362,0.371,NOMINAL,NORMAL,0,,47,13.0,4888,3101
1781436008.8433034,7,10,2.4881,0.76,0.0244,0.258,NOMINAL,NORMAL,0,,47,13.0,4888,3101
1781436008.9697444,7,10,3.5339,1.017,0.0358,0.362,NOMINAL,NORMAL,0,,7,12.5,4880,3101
1781436009.0934181,7,10,2.71,0.74,0.0253,0.254,NOMINAL,NORMAL,0,,7,12.5,4880,3101
1781436009.217672,7,10,1.9184,0.918,0.0365,0.38,NOMINAL,NORMAL,0,,7,12.5,4880,3101
1781436009.3447437,7,10,3.4652,1.007,0.0341,0.363,NOMINAL,NORMAL,0,,7,12.5,4880,3101
1781436009.4678164,7,10,1.9019,1.031,0.037,0.382,NOMINAL,NORMAL,0,,7,12.5,4880,3101
1781436009.594706,7,10,3.4179,1.049,0.0343,0.45,NOMINAL,NORMAL,0,,7,12.5,4880,3101
1781436009.7193925,7,10,3.4204,0.865,0.0254,0.259,NOMINAL,NORMAL,0,,7,12.5,4880,3101
1781436009.8451414,7,10,3.6482,1.046,0.0381,0.388,NOMINAL,NORMAL,0,,7,12.5,4880,3101
1781436009.9684546,7,10,2.4925,0.764,0.0382,0.364,NOMINAL,NORMAL,0,,7,12.5,4880,3101
1781436010.0930705,7,10,1.9887,0.934,0.0366,0.375,NOMINAL,NORMAL,0,,7,13.0,4888,3101
1781436010.219785,7,10,3.3937,1.101,0.0373,0.389,NOMINAL,NORMAL,0,,7,13.0,4888,3101
1781436010.3447886,7,10,3.5106,1.025,0.0361,0.373,NOMINAL,NORMAL,0,,7,13.0,4888,3101
1781436010.4685814,7,10,2.8635,0.738,0.0237,0.259,NOMINAL,NORMAL,0,,7,13.0,4888,3101
1781436010.5948215,7,10,3.5456,1.039,0.0381,0.419,NOMINAL,NORMAL,0,,7,13.0,4888,3101
1781436010.719697,7,10,3.4121,1.059,0.0377,0.377,NOMINAL,NORMAL,0,,7,13.0,4888,3101
1781436010.8450763,7,10,3.5223,1.037,0.0554,0.404,NOMINAL,NORMAL,0,,7,13.0,4888,3101
1781436010.970193,7,10,3.6224,1.323,0.038,0.386,NOMINAL,NORMAL,0,,7,13.0,4888,3101
1781436011.0944352,7,10,3.5032,0.85,0.024,0.252,NOMINAL,NORMAL,0,,7,12.5,4880,3101
1781436011.219937,7,10,3.474,1.148,0.0374,0.412,NOMINAL,NORMAL,0,,7,12.5,4880,3101
1781436011.3445444,7,10,3.488,0.91,0.0224,0.255,NOMINAL,NORMAL,0,,7,12.5,4880,3101
1781436011.467872,7,10,2.1039,0.727,0.0223,0.255,NOMINAL,NORMAL,0,,7,12.5,4880,3101
1781436011.5947666,7,10,3.5497,1.022,0.0709,0.427,NOMINAL,NORMAL,0,,7,12.5,4880,3101
1781436011.7180114,7,10,2.1347,0.765,0.0268,0.269,NOMINAL,NORMAL,0,,7,12.5,4880,3101
1781436011.8425338,7,10,2.0072,0.763,0.0243,0.283,NOMINAL,NORMAL,0,,7,12.5,4880,3101
1781436011.9697657,7,10,3.5794,0.998,0.0364,0.371,NOMINAL,NORMAL,0,,7,12.5,4880,3101
1781436012.094,7,10,2.9039,1.028,0.0364,0.375,NOMINAL,NORMAL,0,,0,13.5,4928,3102
1781436012.2197654,7,10,3.4741,1.097,0.0371,0.389,NOMINAL,NORMAL,0,,0,13.5,4928,3102
1781436012.343901,7,10,3.0629,0.745,0.0244,0.251,NOMINAL,NORMAL,0,,0,13.5,4928,3102
1781436012.4700894,7,10,3.5041,1.068,0.0361,0.386,NOMINAL,NORMAL,0,,0,13.5,4928,3102
1781436012.5946898,7,10,3.5139,1.019,0.0348,0.413,NOMINAL,NORMAL,0,,0,13.5,4928,3102
1781436012.717681,7,10,1.9227,0.884,0.035,0.373,NOMINAL,NORMAL,0,,0,13.5,4928,3102
1781436012.844827,7,10,3.5536,1.037,0.0357,0.395,NOMINAL,NORMAL,0,,0,13.5,4928,3102
1781436012.9695766,7,10,3.524,1.009,0.0258,0.291,NOMINAL,NORMAL,0,,0,13.5,4928,3102
1781436013.0930893,7,10,2.3961,0.746,0.024,0.254,NOMINAL,NORMAL,0,,0,12.7,4888,3102
1781436013.2198832,7,10,3.4153,1.271,0.0363,0.376,NOMINAL,NORMAL,0,,0,12.7,4888,3102
1781436013.3433528,7,10,2.2582,0.795,0.0244,0.252,NOMINAL,NORMAL,0,,0,12.7,4888,3102
1781436013.4698532,7,10,3.5996,1.043,0.0366,0.383,NOMINAL,NORMAL,0,,0,12.7,4888,3102
1781436013.5947475,7,10,3.5285,1.013,0.0371,0.423,NOMINAL,NORMAL,0,,0,12.7,4888,3102
1781436013.7191944,7,10,3.2018,0.979,0.0237,0.271,NOMINAL,NORMAL,0,,0,12.7,4888,3102
1781436013.8447857,7,10,3.5123,1.04,0.0377,0.387,NOMINAL,NORMAL,0,,0,12.7,4888,3102
1781436013.9692984,7,10,3.2612,0.741,0.0237,0.25,NOMINAL,NORMAL,0,,0,12.7,4888,3102
1781436014.0931208,7,10,1.9789,1.174,0.0356,0.379,NOMINAL,NORMAL,0,,0,13.0,4888,3102
1781436014.2202282,7,10,3.5798,1.313,0.0359,0.386,NOMINAL,NORMAL,0,,0,13.0,4888,3102
1781436014.3433254,7,10,1.9323,1.256,0.0384,0.389,NOMINAL,NORMAL,0,,0,13.0,4888,3102
1781436014.4698107,7,10,3.5853,1.047,0.0361,0.384,NOMINAL,NORMAL,0,,0,13.0,4888,3102
1781436014.5947294,7,10,3.5504,1.016,0.0369,0.412,NOMINAL,NORMAL,0,,0,13.0,4888,3102
1781436014.7181911,7,10,2.4883,0.737,0.023,0.253,NOMINAL,NORMAL,0,,0,13.0,4888,3102
1781436014.8449159,7,10,3.5784,1.057,0.0354,0.38,NOMINAL,NORMAL,0,,0,13.0,4888,3102
1781436014.9683812,7,10,2.6424,0.748,0.0229,0.249,NOMINAL,NORMAL,0,,0,13.0,4888,3102
1781436015.0947962,7,10,3.562,1.037,0.0395,0.421,NOMINAL,NORMAL,0,,0,13.0,4888,3102
1781436015.2200582,7,10,3.5243,1.326,0.0363,0.376,NOMINAL,NORMAL,0,,0,13.0,4888,3102
1781436015.3428142,7,10,2.0205,0.91,0.0357,0.418,NOMINAL,NORMAL,0,,0,13.0,4888,3102
1781436015.4697661,7,10,3.5663,1.028,0.0365,0.379,NOMINAL,NORMAL,0,,0,13.0,4888,3102
1781436015.5943387,7,10,3.5805,0.763,0.0242,0.252,NOMINAL,NORMAL,0,,0,13.0,4888,3102
1781436015.719729,7,10,3.5405,1.034,0.0357,0.373,NOMINAL,NORMAL,0,,0,13.0,4888,3102
1781436015.844787,7,10,3.5378,1.02,0.0363,0.371,NOMINAL,NORMAL,0,,0,13.0,4888,3102
1781436015.9681208,7,10,2.0012,0.944,0.0373,0.381,NOMINAL,NORMAL,0,,0,13.0,4888,3102
1781436016.0947998,7,10,3.6157,1.006,0.0692,0.422,NOMINAL,NORMAL,0,,25,13.0,4888,3102
1781436016.2197564,7,10,3.5206,1.045,0.0373,0.379,NOMINAL,NORMAL,0,,25,13.0,4888,3102
1781436016.343543,7,10,2.625,0.812,0.0248,0.259,NOMINAL,NORMAL,0,,25,13.0,4888,3102
1781436016.469897,7,10,3.6962,1.031,0.0355,0.383,NOMINAL,NORMAL,0,,25,13.0,4888,3102
1781436016.5935404,7,10,2.5548,0.831,0.0374,0.399,NOMINAL,NORMAL,0,,25,13.0,4888,3102
1781436016.7178009,7,10,1.9756,0.983,0.0378,0.384,NOMINAL,NORMAL,0,,25,13.0,4888,3102
1781436016.8451371,7,10,3.5932,1.314,0.0372,0.383,NOMINAL,NORMAL,0,,25,13.0,4888,3102
1781436016.9677012,7,10,1.944,0.975,0.0354,0.375,NOMINAL,NORMAL,0,,25,13.0,4888,3102
1781436017.0948305,7,10,3.6132,1.021,0.0348,0.413,NOMINAL,NORMAL,0,,24,13.0,4888,3102
1781436017.2195795,7,10,3.5506,0.887,0.0234,0.255,NOMINAL,NORMAL,0,,24,13.0,4888,3102
1781436017.3432689,7,10,2.0236,1.001,0.037,0.389,NOMINAL,NORMAL,0,,24,13.0,4888,3102
1781436017.4698503,7,10,3.6475,1.033,0.0363,0.373,NOMINAL,NORMAL,0,,24,13.0,4888,3102
1781436017.593243,7,10,2.2622,0.911,0.037,0.375,NOMINAL,NORMAL,0,,24,13.0,4888,3102
1781436017.7197568,7,10,3.5451,1.039,0.0363,0.379,NOMINAL,NORMAL,0,,24,13.0,4888,3102
1781436017.844913,7,10,3.5787,1.04,0.0372,0.378,NOMINAL,NORMAL,0,,24,13.0,4888,3102
1781436017.9677243,7,10,1.9236,1.059,0.0359,0.37,NOMINAL,NORMAL,0,,24,13.0,4888,3102
1781436018.0949464,7,10,3.6778,1.073,0.0365,0.376,NOMINAL,NORMAL,0,,28,12.8,4888,3102
1781436018.2179902,7,10,2.0319,0.879,0.0365,0.378,NOMINAL,NORMAL,0,,28,12.8,4888,3102
1781436018.3447855,7,10,3.604,1.004,0.0364,0.362,NOMINAL,NORMAL,0,,28,12.8,4888,3102
1781436018.4699605,7,10,3.6442,1.05,0.0372,0.383,NOMINAL,NORMAL,0,,28,12.8,4888,3102
1781436018.5929282,7,10,1.9667,0.91,0.0369,0.373,NOMINAL,NORMAL,0,,28,12.8,4888,3102
1781436018.720072,7,10,3.5756,1.003,0.0356,0.371,NOMINAL,NORMAL,0,,28,12.8,4888,3102
1781436018.844706,7,10,3.6204,0.993,0.0244,0.259,NOMINAL,NORMAL,0,,28,12.8,4888,3102
1781436018.9682565,7,10,2.2348,0.858,0.0353,0.387,NOMINAL,NORMAL,0,,28,12.8,4888,3102
1781436019.0948246,7,10,3.6033,1.018,0.036,0.406,NOMINAL,NORMAL,0,,99,13.2,4848,3102
1781436019.2184386,7,10,2.4119,0.847,0.0363,0.366,NOMINAL,NORMAL,0,,99,13.2,4848,3102
1781436019.3426838,7,10,1.957,0.89,0.0362,0.407,NOMINAL,NORMAL,0,,99,13.2,4848,3102
1781436019.4699073,7,10,3.6579,1.02,0.0371,0.374,NOMINAL,NORMAL,0,,99,13.2,4848,3102
1781436019.5938144,7,10,2.7154,1.277,0.036,0.407,NOMINAL,NORMAL,0,,99,13.2,4848,3102
1781436019.7181208,7,10,2.0384,0.928,0.0368,0.384,NOMINAL,NORMAL,0,,99,13.2,4848,3102
1781436019.844374,7,10,3.3197,0.973,0.0242,0.263,NOMINAL,NORMAL,0,,99,13.2,4848,3102
1781436019.970086,7,10,3.6592,1.259,0.0356,0.376,NOMINAL,NORMAL,0,,99,13.2,4848,3102
1781436020.0947995,7,10,3.6404,0.985,0.0382,0.411,NOMINAL,NORMAL,0,,99,12.8,4880,3102
1781436020.2180307,7,10,2.0531,0.926,0.0368,0.385,NOMINAL,NORMAL,0,,99,12.8,4880,3102
1781436020.3448915,7,10,3.611,1.035,0.0358,0.376,NOMINAL,NORMAL,0,,99,12.8,4880,3102
1781436020.4700031,7,10,3.6529,1.244,0.0271,0.272,NOMINAL,NORMAL,0,,99,12.8,4880,3102
1781436020.5931292,7,10,2.4658,0.733,0.0222,0.248,NOMINAL,NORMAL,0,,99,12.8,4880,3102
1781436020.7199132,7,10,3.6123,1.077,0.0365,0.384,NOMINAL,NORMAL,0,,99,12.8,4880,3102
1781436020.8433409,7,10,2.5234,0.77,0.022,0.254,NOMINAL,NORMAL,0,,99,12.8,4880,3102
1781436020.9700851,7,10,3.6647,1.273,0.036,0.384,NOMINAL,NORMAL,0,,99,12.8,4880,3102
1781436021.0951638,7,10,3.6692,1.336,0.0364,0.376,NOMINAL,NORMAL,0,,95,13.0,4888,3102
1781436021.2181022,7,10,2.0902,1.262,0.0359,0.384,NOMINAL,NORMAL,0,,95,13.0,4888,3102
1781436021.3451185,7,10,3.672,1.283,0.0373,0.372,NOMINAL,NORMAL,0,,95,13.0,4888,3102
1781436021.4694285,7,10,3.5104,0.788,0.0244,0.261,NOMINAL,NORMAL,0,,95,13.0,4888,3102
1781436021.5929825,7,10,2.03,0.912,0.0346,0.371,NOMINAL,NORMAL,0,,95,13.0,4888,3102
1781436021.7200642,7,10,3.6489,1.085,0.038,0.39,NOMINAL,NORMAL,0,,95,13.0,4888,3102
1781436021.8433511,7,10,1.998,1.212,0.0364,0.387,NOMINAL,NORMAL,0,,95,13.0,4888,3102
1781436021.9701881,7,10,3.764,1.241,0.0367,0.382,NOMINAL,NORMAL,0,,95,13.0,4888,3102
1781436022.0950837,7,10,3.8451,1.113,0.0348,0.349,NOMINAL,NORMAL,0,,99,13.0,4888,3102
1781436022.2184002,7,10,2.7048,0.73,0.0238,0.251,NOMINAL,NORMAL,0,,99,13.0,4888,3102
1781436022.3450675,7,10,3.6074,1.244,0.0345,0.369,NOMINAL,NORMAL,0,,99,13.0,4888,3102
1781436022.4686155,7,10,2.8591,0.732,0.023,0.248,NOMINAL,NORMAL,0,,99,13.0,4888,3102
1781436022.594958,7,10,3.6929,1.027,0.0346,0.37,NOMINAL,NORMAL,0,,99,13.0,4888,3102
1781436022.7194114,7,10,3.6199,0.786,0.0239,0.246,NOMINAL,NORMAL,0,,99,13.0,4888,3102
1781436022.8427098,7,10,1.9915,0.875,0.0351,0.412,NOMINAL,NORMAL,0,,99,13.0,4888,3102
1781436022.9698892,7,10,3.7454,0.978,0.0547,0.392,NOMINAL,NORMAL,0,,99,13.0,4888,3102
1781436023.094575,7,10,3.8098,0.77,0.0232,0.278,NOMINAL,NORMAL,0,,99,13.7,4880,3102
1781436023.2199306,7,10,3.5736,1.098,0.0349,0.38,NOMINAL,NORMAL,0,,99,13.7,4880,3102
1781436023.3452294,7,10,3.7209,1.304,0.0366,0.381,NOMINAL,NORMAL,0,,99,13.7,4880,3102
1781436023.4681957,7,10,2.1644,0.894,0.0332,0.374,NOMINAL,NORMAL,0,,99,13.7,4880,3102
1781436023.5949223,7,10,3.7185,1.078,0.0355,0.381,NOMINAL,NORMAL,0,,99,13.7,4880,3102
1781436023.7198362,7,10,3.6555,1.05,0.0353,0.38,NOMINAL,NORMAL,0,,99,13.7,4880,3102
1781436023.8436923,7,10,2.9073,0.761,0.0226,0.253,NOMINAL,NORMAL,0,,99,13.7,4880,3102
1781436023.9698324,7,10,3.6913,1.02,0.0351,0.371,NOMINAL,NORMAL,0,,99,13.7,4880,3102
1781436024.0941339,7,10,3.1488,0.971,0.0245,0.255,NOMINAL,NORMAL,0,,99,13.3,4920,3102
1781436024.2177122,7,10,2.0404,0.889,0.0343,0.372,NOMINAL,NORMAL,0,,99,13.3,4920,3102
1781436024.3451827,7,10,3.7031,1.29,0.0373,0.376,NOMINAL,NORMAL,0,,99,13.3,4920,3102
1781436024.4679601,7,10,2.0232,1.028,0.0344,0.383,NOMINAL,NORMAL,0,,99,13.3,4920,3102
1781436024.5951643,7,10,3.6752,1.086,0.0343,0.426,NOMINAL,NORMAL,0,,99,13.3,4920,3102
1781436024.7196283,7,10,3.6432,0.852,0.0238,0.252,NOMINAL,NORMAL,0,,99,13.3,4920,3102
1781436024.8454475,7,10,3.7831,1.254,0.0368,0.37,NOMINAL,NORMAL,0,,99,13.3,4920,3102
1781436024.9701161,7,10,3.7051,1.284,0.0366,0.381,NOMINAL,NORMAL,0,,99,13.3,4920,3102
1781436025.095156,7,10,3.8923,1.095,0.0376,0.388,NOMINAL,NORMAL,0,,99,13.8,4888,3102
1781436025.2203403,7,10,3.6866,1.237,0.0347,0.377,NOMINAL,NORMAL,0,,99,13.8,4888,3102
1781436025.3451202,7,10,3.6918,1.016,0.0372,0.374,NOMINAL,NORMAL,0,,99,13.8,4888,3102
1781436025.4679327,7,10,1.9857,1.175,0.0352,0.368,NOMINAL,NORMAL,0,,99,13.8,4888,3102
1781436025.5949836,7,10,3.7835,1.058,0.0375,0.386,NOMINAL,NORMAL,0,,99,13.8,4888,3102
1781436025.7191463,7,10,3.2784,0.907,0.0225,0.244,NOMINAL,NORMAL,0,,99,13.8,4888,3102
1781436025.8449101,7,10,3.7888,0.984,0.0362,0.371,NOMINAL,NORMAL,0,,99,13.8,4888,3102
1781436025.9697952,7,10,3.7416,0.966,0.0359,0.366,NOMINAL,NORMAL,0,,99,13.8,4888,3102
1781436026.0928504,7,10,2.1829,0.813,0.0338,0.354,NOMINAL,NORMAL,0,,78,12.0,4880,3103
1781436026.2179995,7,10,2.2955,0.716,0.0222,0.25,NOMINAL,NORMAL,0,,78,12.0,4880,3103
1781436026.3447933,7,10,3.7687,0.942,0.0248,0.268,NOMINAL,NORMAL,0,,78,12.0,4880,3103
1781436026.46883,7,10,2.537,1.173,0.0354,0.372,NOMINAL,NORMAL,0,,78,12.0,4880,3103
1781436026.5950327,7,10,3.7833,1.088,0.0355,0.381,NOMINAL,NORMAL,0,,78,12.0,4880,3103
1781436026.7184322,7,10,2.5303,0.749,0.0353,0.348,NOMINAL,NORMAL,0,,78,12.0,4880,3103
1781436026.8431273,7,10,2.0497,1.225,0.0369,0.369,NOMINAL,NORMAL,0,,78,12.0,4880,3103
1781436026.9699168,7,10,3.789,1.015,0.0369,0.369,NOMINAL,NORMAL,0,,78,12.0,4880,3103
1781436027.0935233,7,10,2.8029,0.988,0.035,0.369,NOMINAL,NORMAL,0,,70,13.2,4928,3103
1781436027.2197478,7,10,3.7052,0.991,0.0364,0.364,NOMINAL,NORMAL,0,,70,13.2,4928,3103
1781436027.3445718,7,10,3.5821,0.931,0.0224,0.25,NOMINAL,NORMAL,0,,70,13.2,4928,3103
1781436027.4682064,7,10,2.1471,1.018,0.0362,0.37,NOMINAL,NORMAL,0,,70,13.2,4928,3103
1781436027.595085,7,10,3.8697,1.075,0.0348,0.378,NOMINAL,NORMAL,0,,70,13.2,4928,3103
1781436027.7186425,7,10,2.291,1.015,0.0353,0.419,NOMINAL,NORMAL,0,,70,13.2,4928,3103
1781436027.8449595,7,10,3.7807,0.987,0.033,0.373,NOMINAL,NORMAL,0,,70,13.2,4928,3103
1781436027.970016,7,10,3.5185,1.238,0.0267,0.282,NOMINAL,NORMAL,0,,70,13.2,4928,3103
1781436028.0934608,7,10,2.5752,0.71,0.0217,0.255,NOMINAL,NORMAL,0,,99,12.8,4888,3103
1781436028.2199278,7,10,3.7088,0.98,0.0359,0.365,NOMINAL,NORMAL,0,,99,12.8,4888,3103
1781436028.343948,7,10,2.74,0.948,0.0241,0.263,NOMINAL,NORMAL,0,,99,12.8,4888,3103
1781436028.4700508,7,10,3.8712,0.99,0.0357,0.373,NOMINAL,NORMAL,0,,99,12.8,4888,3103
1781436028.5949538,7,10,3.7717,1.048,0.0351,0.368,NOMINAL,NORMAL,0,,99,12.8,4888,3103
1781436028.7179058,7,10,2.1168,1.037,0.0351,0.389,NOMINAL,NORMAL,0,,99,12.8,4888,3103
1781436028.8451698,7,10,3.8836,1.054,0.038,0.386,NOMINAL,NORMAL,0,,99,12.8,4888,3103
1781436028.969536,7,10,3.7267,0.774,0.0245,0.265,NOMINAL,NORMAL,0,,99,12.8,4888,3103
1781436029.0938168,7,10,2.677,1.252,0.033,0.379,NOMINAL,NORMAL,0,,0,16.5,5118,3103
1781436029.2179313,7,10,2.221,0.846,0.0235,0.267,NOMINAL,NORMAL,0,,0,16.5,5118,3103
1781436029.3429778,7,10,2.1197,0.998,0.0232,0.284,NOMINAL,NORMAL,0,,0,16.5,5118,3103
1781436029.4706004,7,10,4.0295,1.352,0.0358,0.425,NOMINAL,NORMAL,0,,0,16.5,5118,3103
1781436029.5949376,7,10,3.799,1.176,0.0366,0.384,NOMINAL,NORMAL,0,,0,16.5,5118,3103
1781436029.7190764,7,10,2.8933,1.033,0.0348,0.455,NOMINAL,NORMAL,0,,0,16.5,5118,3103
1781436029.8449135,7,10,3.7904,1.04,0.0372,0.384,NOMINAL,NORMAL,0,,0,16.5,5118,3103
1781436029.9690182,7,10,3.0504,0.959,0.0233,0.259,NOMINAL,NORMAL,0,,0,16.5,5118,3103
1781436030.093593,7,10,2.8232,0.742,0.0234,0.318,NOMINAL,NORMAL,0,,0,16.5,5118,3103
1781436030.2200367,7,10,3.8757,1.012,0.0388,0.391,NOMINAL,NORMAL,0,,0,16.8,4960,3103
1781436030.343001,7,10,2.0393,0.921,0.0359,0.37,NOMINAL,NORMAL,0,,0,16.8,4960,3103
1781436030.470087,7,10,3.8875,0.998,0.0358,0.378,NOMINAL,NORMAL,0,,0,16.8,4960,3103
1781436030.5945058,7,10,3.8444,0.669,0.0226,0.243,NOMINAL,NORMAL,0,,0,16.8,4960,3103
1781436030.7198713,7,10,3.7645,1.037,0.0343,0.373,NOMINAL,NORMAL,0,,0,16.8,4960,3103
1781436030.8452475,7,10,3.8227,1.245,0.0339,0.373,NOMINAL,NORMAL,0,,0,16.8,4960,3103
1781436030.968339,7,10,2.3658,0.896,0.0365,0.376,NOMINAL,NORMAL,0,,0,16.8,4960,3103
1781436031.0950277,7,10,3.8199,1.054,0.0381,0.386,NOMINAL,NORMAL,0,,0,16.8,4960,3103
1781436031.2203176,7,10,3.87,1.003,0.036,0.383,NOMINAL,NORMAL,0,,0,13.2,4920,3103
1781436031.342907,7,10,2.0618,1.029,0.036,0.384,NOMINAL,NORMAL,0,,0,13.2,4920,3103
1781436031.4702976,7,10,3.8751,1.252,0.0354,0.375,NOMINAL,NORMAL,0,,0,13.2,4920,3103
1781436031.5937865,7,10,3.2769,0.601,0.0199,0.216,NOMINAL,NORMAL,0,,0,13.2,4920,3103
1781436031.7179322,7,10,2.1162,0.956,0.0369,0.386,NOMINAL,NORMAL,0,,0,13.2,4920,3103
1781436031.8449104,7,10,3.6814,1.024,0.0368,0.379,NOMINAL,NORMAL,0,,0,13.2,4920,3103
1781436031.9682674,7,10,2.0929,1.229,0.0354,0.377,NOMINAL,NORMAL,0,,0,13.2,4920,3103
1781436032.095002,7,10,3.8802,1.042,0.037,0.387,NOMINAL,NORMAL,0,,0,13.2,4920,3103
1781436032.2194977,7,10,3.3345,0.803,0.025,0.335,NOMINAL,NORMAL,0,,0,13.8,4880,3103
1781436032.345224,7,10,3.9863,1.044,0.0371,0.386,NOMINAL,NORMAL,0,,0,13.8,4880,3103
1781436032.4701157,7,10,3.783,1.003,0.0358,0.38,NOMINAL,NORMAL,0,,0,13.8,4880,3103
1781436032.5936904,7,10,2.4753,0.895,0.0355,0.378,NOMINAL,NORMAL,0,,0,13.8,4880,3103
1781436032.7195475,7,10,3.7405,1.015,0.0357,0.377,NOMINAL,NORMAL,0,,0,13.8,4880,3103
1781436032.845475,7,10,3.9438,1.041,0.0368,0.377,NOMINAL,NORMAL,0,,0,13.8,4880,3103
1781436032.9678762,7,10,2.0869,0.995,0.036,0.376,NOMINAL,NORMAL,0,,0,13.8,4880,3103
1781436033.0951822,7,10,3.908,1.07,0.0357,0.383,NOMINAL,NORMAL,0,,0,13.8,4880,3103
1781436033.2192826,7,10,3.4556,0.763,0.0239,0.262,NOMINAL,NORMAL,0,,0,13.7,4888,3103
1781436033.3454604,7,10,3.9112,1.08,0.036,0.39,NOMINAL,NORMAL,0,,0,13.7,4888,3103
1781436033.4703412,7,10,4.0264,1.073,0.0353,0.384,NOMINAL,NORMAL,0,,0,13.7,4888,3103
1781436033.593076,7,10,2.1308,0.946,0.0352,0.389,NOMINAL,NORMAL,0,,0,13.7,4888,3103
1781436033.7202668,7,10,3.9399,1.049,0.0357,0.399,NOMINAL,NORMAL,0,,0,13.7,4888,3103
1781436033.8452933,7,10,3.9011,1.213,0.0236,0.273,NOMINAL,NORMAL,0,,0,13.7,4888,3103
1781436033.9688666,7,10,2.555,0.94,0.0352,0.393,NOMINAL,NORMAL,0,,0,13.7,4888,3103
1781436034.0952842,7,10,3.9105,1.153,0.0367,0.386,NOMINAL,NORMAL,0,,0,13.7,4888,3103
1781436034.2186372,7,10,2.7816,0.778,0.0243,0.302,NOMINAL,NORMAL,0,,0,13.2,4888,3103
1781436034.3431242,7,10,2.0688,1.018,0.0357,0.384,NOMINAL,NORMAL,0,,0,13.2,4888,3103
1781436034.4703906,7,10,3.9,1.038,0.0363,0.38,NOMINAL,NORMAL,0,,0,13.2,4888,3103
1781436034.5935025,7,10,2.9216,0.901,0.023,0.261,NOMINAL,NORMAL,0,,0,13.2,4888,3103
1781436034.720035,7,10,3.9217,0.999,0.0344,0.378,NOMINAL,NORMAL,0,,0,13.2,4888,3103
1781436034.8449194,7,10,3.7903,0.804,0.0225,0.268,NOMINAL,NORMAL,0,,0,13.2,4888,3103
1781436034.970356,7,10,3.966,1.062,0.0368,0.389,NOMINAL,NORMAL,0,,0,13.2,4888,3103
1781436035.09504,7,10,3.8943,1.061,0.0355,0.373,NOMINAL,NORMAL,0,,0,13.2,4888,3103
1781436035.2183743,7,10,2.2368,0.949,0.0363,0.383,NOMINAL,NORMAL,0,,10,12.5,4888,3103
1781436035.3451638,7,10,3.8951,1.066,0.0366,0.378,NOMINAL,NORMAL,0,,10,12.5,4888,3103
1781436035.4700887,7,10,3.9228,1.06,0.0354,0.357,NOMINAL,NORMAL,0,,10,12.5,4888,3103
1781436035.5937188,7,10,3.1551,0.734,0.0239,0.252,NOMINAL,NORMAL,0,,10,12.5,4888,3103
1781436035.7203677,7,10,3.8902,1.268,0.0373,0.382,NOMINAL,NORMAL,0,,10,12.5,4888,3103
1781436035.8439317,7,10,3.0947,0.774,0.025,0.264,NOMINAL,NORMAL,0,,10,12.5,4888,3103
1781436035.9700181,7,10,3.9284,0.975,0.0369,0.363,NOMINAL,NORMAL,0,,10,12.5,4888,3103
1781436036.0950482,7,10,3.9244,1.034,0.0353,0.369,NOMINAL,NORMAL,0,,10,12.5,4888,3103
1781436036.2180188,7,10,2.2103,1.112,0.0357,0.361,NOMINAL,NORMAL,0,,20,13.0,4888,3103
1781436036.345104,7,10,3.8958,1.023,0.0358,0.375,NOMINAL,NORMAL,0,,20,13.0,4888,3103
1781436036.4698312,7,10,4.0507,0.776,0.0244,0.259,NOMINAL,NORMAL,0,,20,13.0,4888,3103
1781436036.5951524,7,10,4.0453,1.062,0.0368,0.382,NOMINAL,NORMAL,0,,20,13.0,4888,3103
1781436036.7202177,7,10,3.9804,1.046,0.0362,0.374,NOMINAL,NORMAL,0,,20,13.0,4888,3103
1781436036.843436,7,10,2.3649,0.931,0.0363,0.381,NOMINAL,NORMAL,0,,20,13.0,4888,3103
1781436036.9701188,7,10,3.9993,1.031,0.0361,0.374,NOMINAL,NORMAL,0,,20,13.0,4888,3103
1781436037.0953531,7,10,3.9539,1.307,0.0372,0.386,NOMINAL,NORMAL,0,,20,13.0,4888,3103
1781436037.218682,7,10,3.352,0.729,0.0462,0.28,NOMINAL,NORMAL,0,,28,13.5,4888,3104
1781436037.3452873,7,10,4.0795,1.03,0.0371,0.374,NOMINAL,NORMAL,0,,28,13.5,4888,3104
1781436037.4689853,7,10,3.3623,0.702,0.0234,0.245,NOMINAL,NORMAL,0,,28,13.5,4888,3104
1781436037.5949595,7,10,3.9557,0.977,0.036,0.367,NOMINAL,NORMAL,0,,28,13.5,4888,3104
1781436037.720179,7,10,4.0692,0.982,0.0341,0.373,NOMINAL,NORMAL,0,,28,13.5,4888,3104
1781436037.8432994,7,10,2.1319,1.227,0.0355,0.378,NOMINAL,NORMAL,0,,28,13.5,4888,3104
1781436037.9702404,7,10,4.1091,1.019,0.0367,0.378,NOMINAL,NORMAL,0,,28,13.5,4888,3104
1781436038.0948112,7,10,3.9241,0.949,0.0231,0.253,NOMINAL,NORMAL,0,,28,13.5,4888,3104
1781436038.2202554,7,10,4.0833,1.051,0.0351,0.378,NOMINAL,NORMAL,0,,33,12.3,4888,3104
1781436038.3451786,7,10,3.9935,1.025,0.0353,0.376,NOMINAL,NORMAL,0,,33,12.3,4888,3104
1781436038.4686472,7,10,2.6485,0.916,0.0352,0.374,NOMINAL,NORMAL,0,,33,12.3,4888,3104
1781436038.5951488,7,10,4.0309,1.061,0.0351,0.375,NOMINAL,NORMAL,0,,33,12.3,4888,3104
1781436038.7200296,7,10,3.9493,0.963,0.0345,0.364,NOMINAL,NORMAL,0,,33,12.3,4888,3104
1781436038.8443687,7,10,3.4725,0.82,0.0243,0.27,NOMINAL,NORMAL,0,,33,12.3,4888,3104
1781436038.9702873,7,10,4.05,1.071,0.0377,0.381,NOMINAL,NORMAL,0,,33,12.3,4888,3104
1781436039.0945792,7,10,3.627,0.962,0.0239,0.282,NOMINAL,NORMAL,0,,33,12.3,4888,3104
1781436039.2186358,7,10,2.6811,0.915,0.035,0.388,NOMINAL,NORMAL,0,,99,13.3,4888,3104
1781436039.3451645,7,10,3.953,1.035,0.0363,0.38,NOMINAL,NORMAL,0,,99,13.3,4888,3104
1781436039.4701653,7,10,4.073,0.952,0.0226,0.254,NOMINAL,NORMAL,0,,99,13.3,4888,3104
1781436039.5951755,7,10,4.0607,1.046,0.0335,0.373,NOMINAL,NORMAL,0,,99,13.3,4888,3104
1781436039.7198749,7,10,3.9335,0.932,0.0225,0.26,NOMINAL,NORMAL,0,,99,13.3,4888,3104
1781436039.8435063,7,10,2.7818,0.719,0.0234,0.252,NOMINAL,NORMAL,0,,99,13.3,4888,3104
1781436039.9708204,7,10,4.0483,1.482,0.0377,0.434,NOMINAL,NORMAL,0,,99,13.3,4888,3104
1781436040.0935414,7,10,2.8534,0.744,0.0247,0.256,NOMINAL,NORMAL,0,,99,13.3,4888,3104
1781436040.2203557,7,10,3.9634,1.233,0.0343,0.384,NOMINAL,NORMAL,0,,99,13.2,5189,3104
1781436040.3449986,7,10,3.9612,0.929,0.032,0.333,NOMINAL,NORMAL,0,,99,13.2,5189,3104
1781436040.467946,7,10,2.1391,1.009,0.0345,0.376,NOMINAL,NORMAL,0,,99,13.2,5189,3104
1781436040.5952818,7,10,4.1702,1.044,0.035,0.376,NOMINAL,NORMAL,0,,99,13.2,5189,3104
1781436040.7195537,7,10,3.7809,0.749,0.0225,0.255,NOMINAL,NORMAL,0,,99,13.2,5189,3104
1781436040.8455331,7,10,3.9596,1.283,0.0361,0.382,NOMINAL,NORMAL,0,,99,13.2,5189,3104
1781436040.9704235,7,10,4.2151,1.053,0.0357,0.381,NOMINAL,NORMAL,0,,99,13.2,5189,3104
1781436041.0932174,7,10,2.2242,0.897,0.0359,0.378,NOMINAL,NORMAL,0,,99,13.2,5189,3104
1781436041.2201102,7,10,3.9787,0.978,0.0337,0.377,NOMINAL,NORMAL,0,,99,12.5,4920,3104
1781436041.3454158,7,10,4.0927,1.223,0.0264,0.277,NOMINAL,NORMAL,0,,99,12.5,4920,3104
1781436041.4689217,7,10,3.0316,0.952,0.0234,0.256,NOMINAL,NORMAL,0,,99,12.5,4920,3104
1781436041.5949337,7,10,3.8935,1.044,0.0362,0.383,NOMINAL,NORMAL,0,,99,12.5,4920,3104
1781436041.7190146,7,10,2.993,0.831,0.0372,0.385,NOMINAL,NORMAL,0,,99,12.5,4920,3104
1781436041.8429587,7,10,2.1563,0.987,0.0367,0.382,NOMINAL,NORMAL,0,,99,12.5,4920,3104
1781436041.9702563,7,10,4.0152,1.06,0.0378,0.376,NOMINAL,NORMAL,0,,99,12.5,4920,3104
1781436042.093655,7,10,3.0863,0.931,0.023,0.256,NOMINAL,NORMAL,0,,99,12.5,4920,3104
1781436042.220152,7,10,3.9827,0.996,0.0346,0.379,NOMINAL,NORMAL,0,,99,13.0,4920,3104
1781436042.3448136,7,10,4.0464,0.752,0.0231,0.254,NOMINAL,NORMAL,0,,99,13.0,4920,3104
1781436042.468907,7,10,2.6106,1.036,0.0374,0.385,NOMINAL,NORMAL,0,,99,13.0,4920,3104
1781436042.595068,7,10,4.0423,0.955,0.0358,0.368,NOMINAL,NORMAL,0,,99,13.0,4920,3104
1781436042.7182686,7,10,2.338,0.849,0.0342,0.366,NOMINAL,NORMAL,0,,99,13.0,4920,3104
1781436042.845163,7,10,4.0326,0.986,0.0355,0.376,NOMINAL,NORMAL,0,,99,13.0,4920,3104
1781436042.9703693,7,10,4.1323,1.057,0.0381,0.37,NOMINAL,NORMAL,0,,99,13.0,4920,3104
1781436043.0941486,7,10,3.2263,0.83,0.0358,0.378,NOMINAL,NORMAL,0,,99,13.0,4920,3104
1781436043.220262,7,10,4.0348,1.028,0.0366,0.376,NOMINAL,NORMAL,0,,99,13.3,4920,3104
1781436043.3440678,7,10,3.2774,0.772,0.0241,0.259,NOMINAL,NORMAL,0,,99,13.3,4920,3104
1781436043.470207,7,10,4.0493,1.017,0.0352,0.384,NOMINAL,NORMAL,0,,99,13.3,4920,3104
1781436043.5951478,7,10,3.994,1.063,0.0364,0.376,NOMINAL,NORMAL,0,,99,13.3,4920,3104
1781436043.7179794,7,10,2.2375,0.918,0.0359,0.378,NOMINAL,NORMAL,0,,99,13.3,4920,3104
1781436043.8521574,7,10,4.0289,1.161,0.0509,7.146,PRE_ALERT,TRIGGERED,1,PD3A-OU|PD1A-OUT|PD2A-OU,99,13.3,4920,3104
1781436043.9711697,7,10,4.0204,0.79,0.0228,1.365,NOMINAL,NORMAL,0,,99,13.3,4920,3104
1781436044.0950701,7,10,4.0294,1.069,0.0349,0.385,NOMINAL,NORMAL,0,,99,13.3,4920,3104
1781436044.2202997,7,10,4.0758,1.03,0.0364,0.378,NOMINAL,NORMAL,0,,99,13.8,4920,3105
1781436044.3435397,7,10,2.4244,0.933,0.0358,0.379,NOMINAL,NORMAL,0,,99,13.8,4920,3105
1781436044.4681976,7,10,2.3411,1.034,0.0365,0.39,NOMINAL,NORMAL,0,,99,13.8,4920,3105
1781436044.5950677,7,10,4.0211,1.07,0.0344,0.384,NOMINAL,NORMAL,0,,99,13.8,4920,3105
1781436044.718687,7,10,3.356,0.728,0.0251,0.277,NOMINAL,NORMAL,0,,99,13.8,4920,3105
1781436044.8457305,7,10,4.1218,1.326,0.0365,0.387,NOMINAL,NORMAL,0,,99,13.8,4920,3105
1781436044.9691772,7,10,3.3908,0.768,0.0249,0.268,NOMINAL,NORMAL,0,,99,13.8,4920,3105
1781436045.0955458,7,10,4.0361,1.331,0.0359,0.394,NOMINAL,NORMAL,0,,99,13.8,4920,3105
1781436045.2202652,7,10,4.012,1.043,0.0361,0.383,NOMINAL,NORMAL,0,,99,12.7,4880,3105
1781436045.3430233,7,10,2.1485,0.915,0.0368,0.395,NOMINAL,NORMAL,0,,99,12.7,4880,3105
1781436045.4697356,7,10,3.9531,0.77,0.0238,0.284,NOMINAL,NORMAL,0,,99,12.7,4880,3105
1781436045.5951989,7,10,4.0015,0.868,0.0243,0.266,NOMINAL,NORMAL,0,,99,12.7,4880,3105
1781436045.720513,7,10,4.0424,1.023,0.0368,0.383,NOMINAL,NORMAL,0,,99,12.7,4880,3105
1781436045.845593,7,10,4.1065,1.025,0.035,0.382,NOMINAL,NORMAL,0,,99,12.7,4880,3105
1781436045.9685924,7,10,2.6435,0.838,0.0349,0.377,NOMINAL,NORMAL,0,,99,12.7,4880,3105
1781436046.0953927,7,10,4.057,1.107,0.0373,0.391,NOMINAL,NORMAL,0,,99,12.7,4880,3105
1781436046.2203002,7,10,4.0713,1.02,0.0357,0.378,NOMINAL,NORMAL,0,,88,12.3,4928,3105
1781436046.343139,7,10,2.1668,1.14,0.0361,0.382,NOMINAL,NORMAL,0,,88,12.3,4928,3105
1781436046.4702008,7,10,4.0369,1.006,0.0352,0.373,NOMINAL,NORMAL,0,,88,12.3,4928,3105
1781436046.5943983,7,10,3.6901,0.734,0.0229,0.245,NOMINAL,NORMAL,0,,88,12.3,4928,3105
1781436046.7205038,7,10,4.0648,1.106,0.0358,0.394,NOMINAL,NORMAL,0,,88,12.3,4928,3105
1781436046.8452923,7,10,4.0574,1.044,0.0354,0.377,NOMINAL,NORMAL,0,,88,12.3,4928,3105
1781436046.9684963,7,10,2.4117,1.024,0.0348,0.38,NOMINAL,NORMAL,0,,88,12.3,4928,3105
1781436047.0952995,7,10,4.0769,1.101,0.0362,0.387,NOMINAL,NORMAL,0,,88,12.3,4928,3105
1781436047.2202542,7,10,4.0681,1.077,0.0228,0.259,NOMINAL,NORMAL,0,,0,13.0,4888,3105
1781436047.3438964,7,10,2.7273,0.918,0.0358,0.388,NOMINAL,NORMAL,0,,0,13.0,4888,3105
1781436047.4700544,7,10,4.01,1.009,0.0354,0.383,NOMINAL,NORMAL,0,,0,13.0,4888,3105
1781436047.5936184,7,10,2.8855,0.743,0.0229,0.253,NOMINAL,NORMAL,0,,0,13.0,4888,3105
1781436047.7202425,7,10,4.0965,0.988,0.0343,0.369,NOMINAL,NORMAL,0,,0,13.0,4888,3105
1781436047.8453093,7,10,4.0639,1.008,0.035,0.373,NOMINAL,NORMAL,0,,0,13.0,4888,3105
1781436047.968181,7,10,2.1864,1.043,0.1843,0.554,NOMINAL,NORMAL,0,,0,13.0,4888,3105
1781436048.0951712,7,10,3.9556,1.049,0.0351,0.379,NOMINAL,NORMAL,0,,0,13.0,4888,3105
1781436048.2186644,7,10,2.4831,0.984,0.0358,0.407,NOMINAL,NORMAL,0,,31,13.7,4880,3105
1781436048.345352,7,10,4.0811,1.028,0.0348,0.376,NOMINAL,NORMAL,0,,31,13.7,4880,3105
1781436048.4703412,7,10,4.1516,1.001,0.0342,0.374,NOMINAL,NORMAL,0,,31,13.7,4880,3105
1781436048.5932903,7,10,2.2764,0.908,0.0369,0.374,NOMINAL,NORMAL,0,,31,13.7,4880,3105
1781436048.7203507,7,10,4.082,1.034,0.0348,0.371,NOMINAL,NORMAL,0,,31,13.7,4880,3105
1781436048.8453789,7,10,4.0129,1.044,0.0276,0.443,NOMINAL,NORMAL,0,,31,13.7,4880,3105
1781436048.968629,7,10,2.9986,0.722,0.0237,0.259,NOMINAL,NORMAL,0,,31,13.7,4880,3105
1781436049.0954778,7,10,4.12,1.129,0.0358,0.392,NOMINAL,NORMAL,0,,31,13.7,4880,3105
1781436049.219045,7,10,3.0528,0.792,0.0343,0.377,NOMINAL,NORMAL,0,,31,13.7,4880,3105
1781436049.3453326,7,10,4.0431,1.054,0.0364,0.372,NOMINAL,NORMAL,0,,0,13.2,4880,3105
1781436049.4702625,7,10,4.053,1.037,0.0363,0.373,NOMINAL,NORMAL,0,,0,13.2,4880,3105
1781436049.5939448,7,10,3.1865,1.072,0.0237,0.251,NOMINAL,NORMAL,0,,0,13.2,4880,3105
1781436049.7203257,7,10,4.0336,1.064,0.036,0.369,NOMINAL,NORMAL,0,,0,13.2,4880,3105
1781436049.844831,7,10,3.974,0.787,0.0232,0.253,NOMINAL,NORMAL,0,,0,13.2,4880,3105
1781436049.9683104,7,10,2.2856,0.902,0.036,0.375,NOMINAL,NORMAL,0,,0,13.2,4880,3105
1781436050.0952141,7,10,4.0567,1.014,0.0362,0.368,NOMINAL,NORMAL,0,,0,13.2,4880,3105
1781436050.2184026,7,10,2.3376,0.899,0.0367,0.376,NOMINAL,NORMAL,0,,0,13.2,4880,3105
1781436050.3454065,7,10,4.0487,1.07,0.0359,0.381,NOMINAL,NORMAL,0,,0,12.3,4888,3106
1781436050.4702568,7,10,4.0376,1.004,0.0345,0.383,NOMINAL,NORMAL,0,,0,12.3,4888,3106
1781436050.5936759,7,10,3.0217,0.961,0.0334,0.36,NOMINAL,NORMAL,0,,0,12.3,4888,3106
1781436050.7202299,7,10,4.0416,0.989,0.0338,0.378,NOMINAL,NORMAL,0,,0,12.3,4888,3106
1781436050.8442152,7,10,3.2303,0.732,0.0222,0.25,NOMINAL,NORMAL,0,,0,12.3,4888,3106
1781436050.970354,7,10,4.073,1.049,0.0356,0.389,NOMINAL,NORMAL,0,,0,12.3,4888,3106
1781436051.095532,7,10,4.0247,1.058,0.0362,0.387,NOMINAL,NORMAL,0,,0,12.3,4888,3106
1781436051.2180448,7,10,2.1655,0.932,0.0371,0.378,NOMINAL,NORMAL,0,,0,12.3,4888,3106
1781436051.3453252,7,10,4.0546,1.027,0.0352,0.365,NOMINAL,NORMAL,0,,0,13.3,4928,3106
1781436051.4699504,7,10,4.075,0.808,0.024,0.251,NOMINAL,NORMAL,0,,0,13.3,4928,3106
1781436051.5951457,7,10,4.0695,1.023,0.0359,0.371,NOMINAL,NORMAL,0,,0,13.3,4928,3106
1781436051.7204106,7,10,4.0776,1.052,0.0349,0.374,NOMINAL,NORMAL,0,,0,13.3,4928,3106
1781436051.843649,7,10,2.5252,0.937,0.0343,0.375,NOMINAL,NORMAL,0,,0,13.3,4928,3106
1781436051.970211,7,10,4.065,0.995,0.0359,0.378,NOMINAL,NORMAL,0,,0,13.3,4928,3106
1781436052.0938463,7,10,3.149,0.721,0.0225,0.246,NOMINAL,NORMAL,0,,0,13.3,4928,3106
1781436052.218858,7,10,3.4937,0.752,0.024,0.259,NOMINAL,NORMAL,0,,0,13.3,4928,3106
1781436052.3453245,7,10,4.1184,1.024,0.0353,0.373,NOMINAL,NORMAL,0,,0,12.5,4888,3106
1781436052.4691699,7,10,3.5157,0.689,0.0229,0.247,NOMINAL,NORMAL,0,,0,12.5,4888,3106
1781436052.592832,7,10,2.2109,0.808,0.0345,0.365,NOMINAL,NORMAL,0,,0,12.5,4888,3106
1781436052.7202125,7,10,3.9957,1.009,0.0354,0.374,NOMINAL,NORMAL,0,,0,12.5,4888,3106
1781436052.8431578,7,10,2.1542,0.992,0.0358,0.369,NOMINAL,NORMAL,0,,0,12.5,4888,3106
1781436052.970288,7,10,4.0765,1.003,0.0361,0.374,NOMINAL,NORMAL,0,,0,12.5,4888,3106
1781436053.0949419,7,10,4.0132,1.091,0.0243,0.262,NOMINAL,NORMAL,0,,0,12.5,4888,3106
1781436053.218707,7,10,2.6189,0.872,0.0369,0.422,NOMINAL,NORMAL,0,,0,12.5,4888,3106
1781436053.3453794,7,10,4.0694,1.041,0.0367,0.379,NOMINAL,NORMAL,0,,0,12.2,4888,3106
1781436053.4685373,7,10,2.8003,0.718,0.0238,0.255,NOMINAL,NORMAL,0,,0,12.2,4888,3106
1781436053.5952163,7,10,4.0708,1.024,0.0359,0.367,NOMINAL,NORMAL,0,,0,12.2,4888,3106
1781436053.7202828,7,10,4.0738,1.005,0.0357,0.373,NOMINAL,NORMAL,0,,0,12.2,4888,3106
1781436053.8431344,7,10,2.1651,1.096,0.0361,0.411,NOMINAL,NORMAL,0,,0,12.2,4888,3106
1781436053.9703112,7,10,4.0569,1.031,0.0359,0.368,NOMINAL,NORMAL,0,,0,12.2,4888,3106
1781436054.0945435,7,10,3.7881,0.751,0.0237,0.275,NOMINAL,NORMAL,0,,0,12.2,4888,3106
1781436054.2203221,7,10,4.0552,1.055,0.0362,0.384,NOMINAL,NORMAL,0,,0,12.2,4888,3106
1781436054.3456092,7,10,4.0366,1.056,0.0348,0.379,NOMINAL,NORMAL,0,,0,13.8,4888,3106
1781436054.4691072,7,10,2.7085,1.032,0.0339,0.374,NOMINAL,NORMAL,0,,0,13.8,4888,3106
1781436054.5954707,7,10,4.0202,1.042,0.0348,0.374,NOMINAL,NORMAL,0,,0,13.8,4888,3106
1781436054.7204046,7,10,3.9549,1.091,0.0249,0.271,NOMINAL,NORMAL,0,,0,13.8,4888,3106
1781436054.8439765,7,10,2.7619,0.834,0.0351,0.374,NOMINAL,NORMAL,0,,0,13.8,4888,3106
1781436054.9702697,7,10,4.0448,1.003,0.0345,0.372,NOMINAL,NORMAL,0,,0,13.8,4888,3106
1781436055.0939918,7,10,3.0512,0.82,0.0356,0.388,NOMINAL,NORMAL,0,,0,13.8,4888,3106
1781436055.218171,7,10,2.2027,1.201,0.0365,0.398,NOMINAL,NORMAL,0,,0,13.8,4888,3106
1781436055.345597,7,10,4.0527,1.313,0.0357,0.381,NOMINAL,NORMAL,0,,0,13.7,4888,3106
1781436055.4683745,7,10,2.1831,1.247,0.0368,0.542,NOMINAL,NORMAL,0,,0,13.7,4888,3106
1781436055.5951858,7,10,4.0131,1.061,0.0355,0.382,NOMINAL,NORMAL,0,,0,13.7,4888,3106
1781436055.7199593,7,10,3.8913,0.988,0.0242,0.262,NOMINAL,NORMAL,0,,0,13.7,4888,3106
1781436055.8473003,7,10,4.045,1.154,0.04,2.324,PRE_ALERT,TRIGGERED,1,PD3A-OU|PD3A-OUT|PD1A-OUT|PD2A-OU,0,13.7,4888,3106
1781436055.9719853,7,10,4.1445,1.026,0.0364,2.04,NOMINAL,NORMAL,0,,0,13.7,4888,3106
1781436056.093309,7,10,2.3467,0.895,0.0356,0.381,NOMINAL,NORMAL,0,,0,13.7,4888,3106
1781436056.2203164,7,10,4.083,1.009,0.0352,0.384,NOMINAL,NORMAL,0,,0,13.7,4888,3106
1781436056.3457305,7,10,4.2917,1.205,0.0265,0.312,NOMINAL,NORMAL,0,,61,13.2,4880,3107
1781436056.4688406,7,10,3.0703,0.746,0.0239,0.263,NOMINAL,NORMAL,0,,61,13.2,4880,3107
1781436056.5952938,7,10,4.1303,1.045,0.034,0.383,NOMINAL,NORMAL,0,,61,13.2,4880,3107
1781436056.719011,7,10,3.0857,0.852,0.0236,0.267,NOMINAL,NORMAL,0,,61,13.2,4880,3107
1781436056.8453972,7,10,4.1385,1.02,0.0343,0.387,NOMINAL,NORMAL,0,,61,13.2,4880,3107
1781436056.9703655,7,10,4.1016,1.024,0.0355,0.385,NOMINAL,NORMAL,0,,61,13.2,4880,3107
1781436057.0941103,7,10,3.2518,1.107,0.0256,0.274,NOMINAL,NORMAL,0,,61,13.2,4880,3107
1781436057.220345,7,10,4.1453,0.996,0.0364,0.386,NOMINAL,NORMAL,0,,61,13.2,4880,3107
1781436057.3449745,7,10,4.0744,0.788,0.0227,0.256,NOMINAL,NORMAL,0,,54,13.3,4888,3107
1781436057.468391,7,10,2.4151,0.863,0.0354,0.372,NOMINAL,NORMAL,0,,54,13.3,4888,3107
1781436057.5952458,7,10,4.0527,1.073,0.0336,0.38,NOMINAL,NORMAL,0,,54,13.3,4888,3107
1781436057.7187986,7,10,2.4917,1.138,0.0348,0.409,NOMINAL,NORMAL,0,,54,13.3,4888,3107
1781436057.8429055,7,10,2.1931,0.917,0.0347,0.383,NOMINAL,NORMAL,0,,54,13.3,4888,3107
1781436057.9705396,7,10,4.1219,1.243,0.0356,0.418,NOMINAL,NORMAL,0,,54,13.3,4888,3107
1781436058.093938,7,10,3.1554,0.999,0.0348,0.378,NOMINAL,NORMAL,0,,54,13.3,4888,3107
1781436058.2206492,7,10,4.0454,1.31,0.0374,0.387,NOMINAL,NORMAL,0,,54,13.3,4888,3107
1781436058.3443067,7,10,3.398,0.78,0.0236,0.26,NOMINAL,NORMAL,0,,99,12.8,4888,3107
1781436058.470588,7,10,4.1409,1.243,0.0349,0.404,NOMINAL,NORMAL,0,,99,12.8,4888,3107
1781436058.595305,7,10,4.1063,1.039,0.0354,0.376,NOMINAL,NORMAL,0,,99,12.8,4888,3107
1781436058.7180634,7,10,2.1769,0.911,0.0357,0.378,NOMINAL,NORMAL,0,,99,12.8,4888,3107
1781436058.8453598,7,10,4.1119,1.012,0.0361,0.38,NOMINAL,NORMAL,0,,99,12.8,4888,3107
1781436058.970058,7,10,4.1197,0.84,0.0246,0.262,NOMINAL,NORMAL,0,,99,12.8,4888,3107
1781436059.0935876,7,10,2.6217,0.911,0.035,0.374,NOMINAL,NORMAL,0,,99,12.8,4888,3107
1781436059.2203717,7,10,4.083,1.04,0.0359,0.386,NOMINAL,NORMAL,0,,99,12.8,4888,3107
1781436059.3438754,7,10,2.6327,0.958,0.0386,0.395,NOMINAL,NORMAL,0,,99,12.7,4888,3107
1781436059.4703083,7,10,4.0737,1.052,0.0353,0.386,NOMINAL,NORMAL,0,,99,12.7,4888,3107
1781436059.595211,7,10,4.0201,1.047,0.0343,0.379,NOMINAL,NORMAL,0,,99,12.7,4888,3107
1781436059.7190297,7,10,3.6196,0.767,0.0224,0.258,NOMINAL,NORMAL,0,,99,12.7,4888,3107
1781436059.845188,7,10,4.0287,0.979,0.0344,0.372,NOMINAL,NORMAL,0,,99,12.7,4888,3107
1781436059.9694314,7,10,3.6579,0.757,0.0234,0.258,NOMINAL,NORMAL,0,,99,12.7,4888,3107
1781436060.093208,7,10,2.2324,0.952,0.0345,0.38,NOMINAL,NORMAL,0,,99,12.7,4888,3107
1781436060.2207227,7,10,4.16,1.302,0.0353,0.389,NOMINAL,NORMAL,0,,99,12.7,4888,3107
1781436060.343605,7,10,2.2188,1.206,0.0351,0.407,NOMINAL,NORMAL,0,,99,13.5,4920,3107
1781436060.4704747,7,10,4.1785,1.052,0.0371,0.388,NOMINAL,NORMAL,0,,99,13.5,4920,3107
1781436060.5953014,7,10,4.1087,1.129,0.0231,0.282,NOMINAL,NORMAL,0,,99,13.5,4920,3107
1781436060.7191222,7,10,2.7285,1.17,0.0354,0.395,NOMINAL,NORMAL,0,,99,13.5,4920,3107
1781436060.8454006,7,10,4.1217,1.025,0.0339,0.387,NOMINAL,NORMAL,0,,99,13.5,4920,3107
1781436060.9686818,7,10,2.8948,0.747,0.0225,0.261,NOMINAL,NORMAL,0,,99,13.5,4920,3107
1781436061.0955229,7,10,4.0548,1.304,0.0357,0.397,NOMINAL,NORMAL,0,,99,13.5,4920,3107
1781436061.2202964,7,10,4.0604,1.008,0.036,0.379,NOMINAL,NORMAL,0,,99,13.5,4920,3107
1781436061.3431332,7,10,2.1774,0.971,0.035,0.536,NOMINAL,NORMAL,0,,99,12.2,4880,3107
1781436061.4703038,7,10,4.0786,1.03,0.0358,0.382,NOMINAL,NORMAL,0,,99,12.2,4880,3107
1781436061.5947075,7,10,3.7091,0.716,0.0245,0.276,NOMINAL,NORMAL,0,,99,12.2,4880,3107
1781436061.7199821,7,10,3.6877,1.076,0.0372,0.392,NOMINAL,NORMAL,0,,99,12.2,4880,3107
1781436061.8452778,7,10,4.1027,1.015,0.0346,0.372,NOMINAL,NORMAL,0,,99,12.2,4880,3107
1781436061.9681025,7,10,2.2413,0.819,0.0343,0.361,NOMINAL,NORMAL,0,,99,12.2,4880,3107
1781436062.0952106,7,10,4.0487,1.078,0.0373,0.383,NOMINAL,NORMAL,0,,99,12.2,4880,3107
1781436062.220284,7,10,4.0355,1.005,0.0351,0.468,NOMINAL,NORMAL,0,,99,12.2,4880,3107
1781436062.3437574,7,10,2.9999,0.772,0.0241,0.263,NOMINAL,NORMAL,0,,99,14.0,4920,3107
1781436062.4702804,7,10,4.0764,1.006,0.0349,0.38,NOMINAL,NORMAL,0,,99,14.0,4920,3107
1781436062.5938184,7,10,3.1743,0.706,0.0224,0.252,NOMINAL,NORMAL,0,,99,14.0,4920,3107
1781436062.7195966,7,10,2.1786,0.875,0.0369,2.191,PRE_ALERT,TRIGGERED,1,PD2A-OU,99,14.0,4920,3107
1781436062.845127,7,10,4.0581,0.933,0.0377,0.379,PRE_ALERT,TRIGGERED,2,PD2A-OU,99,14.0,4920,3107
1781436062.9697924,7,10,2.1681,1.004,0.036,2.244,NOMINAL,NORMAL,0,,99,14.0,4920,3107
1781436063.0969336,7,10,4.0761,1.034,0.0382,2.052,PRE_ALERT,TRIGGERED,1,PD2A-OU,99,14.0,4920,3107
1781436063.2207549,7,10,3.985,0.705,0.0247,1.265,NOMINAL,NORMAL,0,,99,14.0,4920,3107
1781436063.3455083,7,10,4.0591,1.247,0.0362,0.376,NOMINAL,NORMAL,0,,99,13.2,4880,3107
1781436063.4720824,7,10,4.1263,0.996,0.0375,2.104,PRE_ALERT,TRIGGERED,1,PD2A-OU,99,13.2,4880,3107
1781436063.5933228,7,10,2.2251,0.864,0.0366,0.381,PRE_ALERT,TRIGGERED,2,PD2A-OU,99,13.2,4880,3107
1781436063.722132,7,10,3.9957,1.029,0.0356,2.012,NOMINAL,NORMAL,0,,99,13.2,4880,3107
1781436063.8453124,7,10,4.1275,0.964,0.0351,0.372,NOMINAL,NORMAL,0,,99,13.2,4880,3107
1781436063.970004,7,10,2.3109,1.03,0.0386,2.175,PRE_ALERT,TRIGGERED,1,PD2A-OU,99,13.2,4880,3107
1781436064.0954995,7,10,4.1297,1.122,0.0388,0.397,PRE_ALERT,TRIGGERED,2,PD2A-OU,99,13.2,4880,3107
1781436064.2204814,7,10,3.2879,1.022,0.0272,1.332,ALERT,TRIGGERED,3,PD2A-OU,99,13.2,4880,3107
1781436064.3453686,7,10,4.1136,1.04,0.0376,0.379,ALERT,TRIGGERED,3,PD2A-OU,62,14.3,4960,3107
1781436064.4704437,7,10,4.1315,1.063,0.0388,0.392,ALERT,TRIGGERED,3,PD2A-OU,62,14.3,4960,3107
1781436064.5931637,7,10,2.1885,0.9,0.0376,0.384,ALERT,TRIGGERED,3,PD2A-OU,62,14.3,4960,3107
1781436064.7203977,7,10,4.0956,1.059,0.0385,0.398,ALERT,TRIGGERED,3,PD2A-OU,62,14.3,4960,3107
1781436064.8450394,7,10,4.1473,0.797,0.0244,0.258,ALERT,TRIGGERED,3,PD2A-OU,62,14.3,4960,3107
1781436064.968471,7,10,2.4969,0.888,0.037,0.377,ALERT,TRIGGERED,3,PD2A-OU,62,14.3,4960,3107
1781436065.0954254,7,10,4.0875,1.129,0.0377,0.408,ALERT,TRIGGERED,3,PD2A-OU,62,14.3,4960,3107
1781436065.21892,7,10,2.4683,0.971,0.0468,0.553,ALERT,TRIGGERED,3,PD2A-OU,62,14.3,4960,3107
1781436065.3445754,7,10,3.4712,1.049,0.036,0.361,ALERT,TRIGGERED,3,PD2A-OU,99,14.8,4999,3107
1781436065.4689457,7,10,2.4626,1.124,0.0386,0.401,ALERT,TRIGGERED,3,PD2A-OU,99,14.8,4999,3107
1781436065.5944092,7,10,3.1624,1.391,0.0393,0.405,ALERT,TRIGGERED,3,PD2A-OU,99,14.8,4999,3107
1781436065.720527,7,10,4.0402,1.13,0.0408,0.427,ALERT,TRIGGERED,3,PD2A-OU,99,14.8,4999,3107
1781436065.8439705,7,10,2.4562,1.216,0.041,0.412,ALERT,TRIGGERED,3,PD2A-OU,99,14.8,4999,3107
1781436065.9703288,7,10,3.7317,1.158,0.043,0.445,ALERT,TRIGGERED,3,PD2A-OU,99,14.8,4999,3107
1781436066.095373,7,10,4.0616,1.121,0.0393,0.408,ALERT,TRIGGERED,3,PD2A-OU,99,14.8,4999,3107
1781436066.2186677,7,10,2.2661,1.126,0.0398,0.447,ALERT,TRIGGERED,3,PD2A-OU,99,14.8,4999,3107
1781436066.344124,7,10,3.3446,0.886,0.0267,0.278,ALERT,TRIGGERED,3,PD2A-OU,88,18.2,5118,3107
1781436066.4696312,7,10,3.0834,1.398,0.0435,0.41,ALERT,TRIGGERED,3,PD2A-OU,88,18.2,5118,3107
1781436066.5940685,7,10,2.8083,1.047,0.0416,0.428,ALERT,TRIGGERED,3,PD2A-OU,88,18.2,5118,3107
1781436066.719761,7,10,3.3986,1.186,0.0387,0.393,ALERT,TRIGGERED,3,PD2A-OU,88,18.2,5118,3107
1781436066.8439188,7,10,3.2971,0.811,0.0278,0.282,ALERT,TRIGGERED,3,PD2A-OU,88,18.2,5118,3107
1781436066.9682572,7,10,2.2547,1.084,0.0393,0.389,ALERT,TRIGGERED,3,PD2A-OU,88,18.2,5118,3107
1781436067.0956078,7,10,4.0396,1.357,0.04,0.412,ALERT,TRIGGERED,3,PD2A-OU,88,18.2,5118,3107
1781436067.2193763,7,10,3.8218,0.84,0.0282,0.279,ALERT,TRIGGERED,3,PD2A-OU,88,18.2,5118,3107
1781436067.3439457,7,10,3.0045,0.912,0.0411,0.402,ALERT,TRIGGERED,3,PD2A-OU,88,18.2,5118,3107
1781436067.4697766,7,10,3.8706,0.81,0.0267,0.28,ALERT,TRIGGERED,3,PD2A-OU,99,16.5,5039,3107
1781436067.5936458,7,10,2.3816,1.065,0.0398,0.394,ALERT,TRIGGERED,3,PD2A-OU,99,16.5,5039,3107
1781436067.720345,7,10,4.0685,1.057,0.0386,0.399,ALERT,TRIGGERED,3,PD2A-OU,99,16.5,5039,3107
1781436067.8438659,7,10,2.6223,0.987,0.0377,0.4,ALERT,TRIGGERED,3,PD2A-OU,99,16.5,5039,3107
1781436067.9687219,7,10,2.5559,0.991,0.0402,0.394,ALERT,TRIGGERED,3,PD2A-OU,99,16.5,5039,3107
1781436068.0952253,7,10,4.0431,1.113,0.0309,0.303,ALERT,TRIGGERED,3,PD2A-OU,99,16.5,5039,3107
1781436068.2189126,7,10,3.031,0.775,0.038,0.384,ALERT,TRIGGERED,3,PD2A-OU,99,16.5,5039,3107
1781436068.3437536,7,10,2.8616,0.837,0.0402,0.412,ALERT,TRIGGERED,3,PD2A-OU,99,16.5,5039,3107
1781436068.4691358,7,10,3.0761,1.06,0.0253,0.276,ALERT,TRIGGERED,3,PD2A-OU,99,13.2,5039,3108
1781436068.595331,7,10,3.9716,1.154,0.0398,0.407,ALERT,TRIGGERED,3,PD2A-OU,99,13.2,5039,3108
1781436068.7203221,7,10,4.03,1.065,0.0396,0.407,ALERT,TRIGGERED,3,PD2A-OU,99,13.2,5039,3108
1781436068.8438916,7,10,2.9988,0.924,0.0289,0.295,ALERT,TRIGGERED,3,PD2A-OU,99,13.2,5039,3108
1781436068.9688487,7,10,2.2505,1.359,0.0406,0.415,ALERT,TRIGGERED,3,PD2A-OU,99,13.2,5039,3108
1781436069.0952187,7,10,4.1337,1.024,0.0277,0.289,ALERT,TRIGGERED,3,PD2A-OU,99,13.2,5039,3108
1781436069.218722,7,10,2.2323,1.069,0.0387,0.435,ALERT,TRIGGERED,3,PD2A-OU,99,13.2,5039,3108
1781436069.3439126,7,10,2.7558,1.049,0.0266,0.282,ALERT,TRIGGERED,3,PD2A-OU,99,13.2,5039,3108
1781436069.4686081,7,10,2.4043,0.999,0.0413,0.403,ALERT,TRIGGERED,3,PD2A-OU,99,14.8,4999,3108
1781436069.595546,7,10,4.097,1.154,0.0401,0.452,ALERT,TRIGGERED,3,PD2A-OU,99,14.8,4999,3108
1781436069.7206154,7,10,4.02,1.371,0.0398,0.379,ALERT,TRIGGERED,3,PD2A-OU,99,14.8,4999,3108
1781436069.8440943,7,10,2.9265,1.035,0.0286,0.312,ALERT,TRIGGERED,3,PD2A-OU,99,14.8,4999,3108
1781436069.969117,7,10,2.4728,1.322,0.0413,0.416,ALERT,TRIGGERED,3,PD2A-OU,99,14.8,4999,3108
1781436070.0941138,7,10,3.3396,0.801,0.0267,0.272,ALERT,TRIGGERED,3,PD2A-OU,99,14.8,4999,3108
1781436070.219238,7,10,3.2416,1.13,0.0403,0.404,ALERT,TRIGGERED,3,PD2A-OU,99,14.8,4999,3108
1781436070.3438709,7,10,3.2271,0.822,0.0268,0.342,ALERT,TRIGGERED,3,PD2A-OU,99,14.8,4999,3108
1781436070.468278,7,10,2.307,1.059,0.0388,0.393,ALERT,TRIGGERED,3,PD2A-OU,99,16.2,5039,3108
1781436070.595356,7,10,4.0563,1.123,0.0417,0.403,ALERT,TRIGGERED,3,PD2A-OU,99,16.2,5039,3108
1781436070.719875,7,10,3.9821,0.808,0.0257,0.282,ALERT,TRIGGERED,3,PD2A-OU,99,16.2,5039,3108
1781436070.8438926,7,10,2.7554,1.014,0.0289,0.295,ALERT,TRIGGERED,3,PD2A-OU,99,16.2,5039,3108
1781436070.9703393,7,10,4.011,1.072,0.0379,0.389,ALERT,TRIGGERED,3,PD2A-OU,99,16.2,5039,3108
1781436071.0934806,7,10,2.4436,0.922,0.0385,0.394,ALERT,TRIGGERED,3,PD2A-OU,99,16.2,5039,3108
1781436071.2203195,7,10,3.984,1.07,0.0386,0.395,ALERT,TRIGGERED,3,PD2A-OU,99,16.2,5039,3108
1781436071.343833,7,10,2.4064,1.135,0.041,0.428,ALERT,TRIGGERED,3,PD2A-OU,99,16.2,5039,3108
1781436071.4701574,7,10,3.8957,1.084,0.0392,0.394,ALERT,TRIGGERED,3,PD2A-OU,18,13.8,4999,3108
1781436071.5952573,7,10,4.0198,1.094,0.0404,0.4,ALERT,TRIGGERED,3,PD2A-OU,18,13.8,4999,3108
1781436071.7192283,7,10,3.3535,0.829,0.0262,0.285,ALERT,TRIGGERED,3,PD2A-OU,18,13.8,4999,3108
1781436071.8450453,7,10,3.1124,0.821,0.0229,1.535,NOMINAL,NORMAL,0,,18,13.8,4999,3108
1781436071.970343,7,10,4.0662,1.069,0.0354,0.39,NOMINAL,NORMAL,0,,18,13.8,4999,3108
1781436072.0941741,7,10,2.8468,1.279,0.0351,0.359,NOMINAL,NORMAL,0,,18,13.8,4999,3108
1781436072.2203567,7,10,3.9826,1.24,0.0365,0.378,NOMINAL,NORMAL,0,,18,13.8,4999,3108
1781436072.345152,7,10,4.0156,1.109,0.0231,0.246,NOMINAL,NORMAL,0,,18,13.8,4999,3108
1781436072.4686518,7,10,2.7545,0.894,0.0377,0.372,NOMINAL,NORMAL,0,,0,13.0,4809,3108
1781436072.5951946,7,10,4.0334,1.042,0.0366,0.372,NOMINAL,NORMAL,0,,0,13.0,4809,3108
1781436072.7184942,7,10,2.7594,0.737,0.0222,0.252,NOMINAL,NORMAL,0,,0,13.0,4809,3108
1781436072.844692,7,10,2.135,1.188,0.0404,2.014,PRE_ALERT,TRIGGERED,1,PD2A-OU,0,13.0,4809,3108
1781436072.9697664,7,10,3.6471,1.017,0.0375,0.389,PRE_ALERT,TRIGGERED,2,PD2A-OU,0,13.0,4809,3108
1781436073.0946765,7,10,2.3823,0.994,0.034,1.611,ALERT,TRIGGERED,3,PD2A-OU,0,13.0,4809,3108
1781436073.2197886,7,10,3.6079,1.064,0.0388,0.385,ALERT,TRIGGERED,3,PD2A-OU,0,13.0,4809,3108
1781436073.3446312,7,10,3.7899,0.942,0.0241,0.258,ALERT,TRIGGERED,3,PD2A-OU,0,13.0,4809,3108
1781436073.4701438,7,10,3.9237,0.995,0.0363,0.379,ALERT,TRIGGERED,3,PD2A-OU,0,12.0,4809,3108
1781436073.5967233,7,10,4.047,1.02,0.034,1.968,NOMINAL,NORMAL,0,,0,12.0,4809,3108
1781436073.7182066,7,10,2.1257,0.924,0.0361,0.379,NOMINAL,NORMAL,0,,0,12.0,4809,3108
1781436073.8451722,7,10,4.0125,1.025,0.0337,0.374,NOMINAL,NORMAL,0,,0,12.0,4809,3108
1781436073.9702477,7,10,4.0463,1.211,0.0236,0.254,NOMINAL,NORMAL,0,,0,12.0,4809,3108
1781436074.0941803,7,10,3.1742,1.038,0.0289,0.336,NOMINAL,NORMAL,0,,0,12.0,4809,3108
1781436074.220157,7,10,3.975,1.009,0.0363,0.377,NOMINAL,NORMAL,0,,0,12.0,4809,3108
1781436074.3438165,7,10,2.6911,1.015,0.0365,0.38,NOMINAL,NORMAL,0,,0,12.0,4809,3108
1781436074.4702253,7,10,4.0689,1.014,0.0346,0.383,NOMINAL,NORMAL,0,,0,12.2,4809,3108
1781436074.5953856,7,10,4.0016,1.317,0.0352,0.368,NOMINAL,NORMAL,0,,0,12.2,4809,3108
1781436074.7178342,7,10,2.1613,0.941,0.0363,0.389,NOMINAL,NORMAL,0,,0,12.2,4809,3108
1781436074.8452263,7,10,4.065,1.014,0.0354,0.374,NOMINAL,NORMAL,0,,0,12.2,4809,3108
1781436074.9697187,7,10,4.037,0.722,0.0221,0.25,NOMINAL,NORMAL,0,,0,12.2,4809,3108
1781436075.093534,7,10,2.2106,1.168,0.037,0.382,NOMINAL,NORMAL,0,,0,12.2,4809,3108
1781436075.2202485,7,10,4.0729,1.028,0.0344,0.379,NOMINAL,NORMAL,0,,0,12.2,4809,3108
1781436075.3432817,7,10,2.2932,0.901,0.0327,0.355,NOMINAL,NORMAL,0,,0,12.2,4809,3108
1781436075.470178,7,10,4.0171,1.048,0.0373,0.372,NOMINAL,NORMAL,0,,66,12.0,4809,3108
1781436075.5951474,7,10,4.0209,1.065,0.0346,0.371,NOMINAL,NORMAL,0,,66,12.0,4809,3108
1781436075.7203407,7,10,4.3555,1.1,0.0356,0.395,NOMINAL,NORMAL,0,,66,12.0,4809,3108
1781436075.8452432,7,10,4.0383,1.054,0.0381,0.382,NOMINAL,NORMAL,0,,66,12.0,4809,3108
1781436075.969239,7,10,3.2651,0.967,0.0236,0.299,NOMINAL,NORMAL,0,,66,12.0,4809,3108
1781436076.0951936,7,10,3.9855,1.094,0.0359,0.39,NOMINAL,NORMAL,0,,66,12.0,4809,3108
1781436076.2201824,7,10,3.9342,1.093,0.0372,0.382,NOMINAL,NORMAL,0,,66,12.0,4809,3108
1781436076.343187,7,10,2.1521,1.238,0.036,0.381,NOMINAL,NORMAL,0,,66,12.0,4809,3108
1781436076.4705355,7,10,4.0454,1.295,0.0355,0.42,NOMINAL,NORMAL,0,,86,13.3,4888,3108
1781436076.5951223,7,10,4.2167,0.945,0.0242,0.294,NOMINAL,NORMAL,0,,86,13.3,4888,3108
1781436076.7188914,7,10,3.1097,0.92,0.0305,0.335,NOMINAL,NORMAL,0,,86,13.3,4888,3108
1781436076.8452902,7,10,4.0508,1.052,0.0365,0.382,NOMINAL,NORMAL,0,,86,13.3,4888,3108
1781436076.9684615,7,10,2.5465,0.844,0.0366,0.371,NOMINAL,NORMAL,0,,86,13.3,4888,3108
1781436077.0938768,7,10,3.0796,1.025,0.0356,0.388,NOMINAL,NORMAL,0,,86,13.3,4888,3108
1781436077.2202296,7,10,4.0032,1.038,0.0343,0.386,NOMINAL,NORMAL,0,,86,13.3,4888,3108
1781436077.3432178,7,10,2.1742,1.232,0.037,0.38,NOMINAL,NORMAL,0,,86,13.3,4888,3108
1781436077.4702523,7,10,4.0417,1.026,0.0353,0.375,NOMINAL,NORMAL,0,,92,12.5,4848,3108
1781436077.5940735,7,10,3.4345,0.709,0.0222,0.246,NOMINAL,NORMAL,0,,92,12.5,4848,3108
1781436077.717868,7,10,2.1765,0.897,0.038,0.388,NOMINAL,NORMAL,0,,92,12.5,4848,3108
1781436077.8452647,7,10,4.05,1.027,0.0356,0.381,NOMINAL,NORMAL,0,,92,12.5,4848,3108
1781436077.968125,7,10,2.195,1.015,0.0342,0.382,NOMINAL,NORMAL,0,,92,12.5,4848,3108
1781436078.0951898,7,10,4.0288,1.058,0.0371,0.37,NOMINAL,NORMAL,0,,92,12.5,4848,3108
1781436078.2200198,7,10,4.0636,0.811,0.0233,0.252,NOMINAL,NORMAL,0,,92,12.5,4848,3108
1781436078.3451502,7,10,3.9688,1.015,0.0351,0.376,NOMINAL,NORMAL,0,,92,12.5,4848,3108
1781436078.469999,7,10,3.8743,1.037,0.0368,0.376,NOMINAL,NORMAL,0,,88,13.3,4848,3108
1781436078.5936782,7,10,2.6528,0.911,0.0361,0.377,NOMINAL,NORMAL,0,,88,13.3,4848,3108
1781436078.7200391,7,10,3.9258,1.336,0.0368,0.378,NOMINAL,NORMAL,0,,88,13.3,4848,3108
1781436078.8472128,7,10,4.0268,1.304,0.042,2.06,PRE_ALERT,TRIGGERED,1,PD2A-OU,88,13.3,4848,3108
1781436078.968051,7,10,2.181,1.044,0.04,0.39,PRE_ALERT,TRIGGERED,2,PD2A-OU,88,13.3,4848,3108
1781436079.0969143,7,10,4.0789,1.077,0.0399,2.072,ALERT,TRIGGERED,3,PD2A-OU,88,13.3,4848,3108
1781436079.2194324,7,10,3.55,0.849,0.0277,0.269,ALERT,TRIGGERED,3,PD2A-OU,88,13.3,4848,3108
1781436079.346948,7,10,4.0493,1.06,0.0377,2.042,NOMINAL,NORMAL,0,,88,13.3,4848,3108
1781436079.4705749,7,10,4.0315,1.048,0.0364,0.413,NOMINAL,NORMAL,0,,99,13.2,4888,3109
1781436079.5930233,7,10,2.2348,0.879,0.0353,0.355,NOMINAL,NORMAL,0,,99,13.2,4888,3109
1781436079.7202601,7,10,4.1093,0.996,0.0378,0.374,NOMINAL,NORMAL,0,,99,13.2,4888,3109
1781436079.8451247,7,10,4.0031,0.998,0.0239,0.261,NOMINAL,NORMAL,0,,99,13.2,4888,3109
1781436079.9688692,7,10,2.5987,0.909,0.0357,0.376,NOMINAL,NORMAL,0,,99,13.2,4888,3109
1781436080.0952258,7,10,4.1004,1.059,0.0359,0.377,NOMINAL,NORMAL,0,,99,13.2,4888,3109
1781436080.2185652,7,10,2.8249,0.751,0.023,0.273,NOMINAL,NORMAL,0,,99,13.2,4888,3109
1781436080.3434854,7,10,3.0007,0.834,0.0245,0.271,NOMINAL,NORMAL,0,,99,13.2,4888,3109
1781436080.4702973,7,10,4.0718,1.041,0.0363,0.382,NOMINAL,NORMAL,0,,99,13.7,4920,3109
1781436080.593529,7,10,3.0504,0.859,0.0246,0.253,NOMINAL,NORMAL,0,,99,13.7,4920,3109
1781436080.7199929,7,10,3.9128,0.988,0.0347,0.376,NOMINAL,NORMAL,0,,99,13.7,4920,3109
1781436080.8445516,7,10,3.694,0.78,0.0247,0.261,NOMINAL,NORMAL,0,,99,13.7,4920,3109
1781436080.9685628,7,10,2.4686,1.029,0.0359,0.37,NOMINAL,NORMAL,0,,99,13.7,4920,3109
1781436081.0952008,7,10,4.0402,1.035,0.0382,0.384,NOMINAL,NORMAL,0,,99,13.7,4920,3109
1781436081.2181747,7,10,2.1757,0.89,0.0366,0.381,NOMINAL,NORMAL,0,,99,13.7,4920,3109
1781436081.3452768,7,10,4.0059,1.033,0.0377,0.379,NOMINAL,NORMAL,0,,99,13.7,4920,3109
1781436081.4703758,7,10,4.1212,1.149,0.0276,0.287,NOMINAL,NORMAL,0,,99,13.7,4880,3109
1781436081.5936742,7,10,3.0117,0.748,0.0251,0.264,NOMINAL,NORMAL,0,,99,13.7,4880,3109
1781436081.7191641,7,10,3.1732,0.992,0.0339,0.36,NOMINAL,NORMAL,0,,99,13.7,4880,3109
1781436081.843937,7,10,3.178,0.749,0.0241,0.26,NOMINAL,NORMAL,0,,99,13.7,4880,3109
1781436081.9703894,7,10,4.1362,1.055,0.0366,0.391,NOMINAL,NORMAL,0,,99,13.7,4880,3109
1781436082.095176,7,10,3.9944,1.087,0.037,0.394,NOMINAL,NORMAL,0,,99,13.7,4880,3109
1781436082.2198858,7,10,3.9963,0.805,0.0254,0.278,NOMINAL,NORMAL,0,,99,13.7,4880,3109
1781436082.3452108,7,10,4.028,1.034,0.0363,0.383,NOMINAL,NORMAL,0,,99,13.7,4880,3109
1781436082.4698899,7,10,4.128,0.766,0.0236,0.263,NOMINAL,NORMAL,0,,99,12.7,4920,3109
1781436082.5951912,7,10,4.1385,1.031,0.0348,0.38,NOMINAL,NORMAL,0,,99,12.7,4920,3109
1781436082.7200453,7,10,3.9239,1.011,0.0362,0.382,NOMINAL,NORMAL,0,,99,12.7,4920,3109
1781436082.843458,7,10,2.4182,0.913,0.0361,0.388,NOMINAL,NORMAL,0,,99,12.7,4920,3109
1781436082.970355,7,10,4.0273,1.158,0.0369,0.403,NOMINAL,NORMAL,0,,99,12.7,4920,3109
1781436083.0950868,7,10,4.0094,1.029,0.0352,0.379,NOMINAL,NORMAL,0,,99,12.7,4920,3109
1781436083.2187483,7,10,3.4,0.752,0.0247,0.286,NOMINAL,NORMAL,0,,99,12.7,4920,3109
1781436083.3447504,7,10,3.9633,0.82,0.0245,0.262,NOMINAL,NORMAL,0,,99,12.7,4920,3109
1781436083.469097,7,10,3.4065,0.76,0.0234,0.252,NOMINAL,NORMAL,0,,73,12.5,4920,3109
1781436083.5941627,7,10,3.0684,1.308,0.0375,0.393,NOMINAL,NORMAL,0,,73,12.5,4920,3109
1781436083.720112,7,10,3.9386,1.043,0.036,0.389,NOMINAL,NORMAL,0,,73,12.5,4920,3109
1781436083.8431668,7,10,2.1344,1.152,0.0364,0.387,NOMINAL,NORMAL,0,,73,12.5,4920,3109
1781436083.9702036,7,10,4.0098,1.04,0.0386,0.387,NOMINAL,NORMAL,0,,73,12.5,4920,3109
1781436084.0949574,7,10,4.0803,0.929,0.0253,0.261,NOMINAL,NORMAL,0,,73,12.5,4920,3109
1781436084.2206733,7,10,4.2954,1.246,0.0363,0.389,NOMINAL,NORMAL,0,,73,12.5,4920,3109
1781436084.3452,7,10,4.0621,0.971,0.0364,0.375,NOMINAL,NORMAL,0,,73,12.5,4920,3109
1781436084.4693468,7,10,3.4018,0.871,0.0358,0.349,NOMINAL,NORMAL,0,,99,12.5,4920,3109
1781436084.5936444,7,10,3.0126,0.918,0.033,0.341,NOMINAL,NORMAL,0,,99,12.5,4920,3109
1781436084.7200096,7,10,3.9491,0.922,0.0333,0.35,NOMINAL,NORMAL,0,,99,12.5,4920,3109
1781436084.8431823,7,10,2.1555,1.222,0.0361,0.386,NOMINAL,NORMAL,0,,99,12.5,4920,3109
1781436084.9702988,7,10,4.0381,1.06,0.0367,0.389,NOMINAL,NORMAL,0,,99,12.5,4920,3109
1781436085.094353,7,10,3.6837,0.727,0.0246,0.261,NOMINAL,NORMAL,0,,99,12.5,4920,3109
1781436085.218114,7,10,2.1649,0.931,0.0359,0.379,NOMINAL,NORMAL,0,,99,12.5,4920,3109
1781436085.3452506,7,10,4.0141,1.042,0.039,0.383,NOMINAL,NORMAL,0,,99,12.5,4920,3109
1781436085.4686239,7,10,2.4992,1.03,0.0357,0.384,NOMINAL,NORMAL,0,,78,14.3,4920,3109
1781436085.5951226,7,10,4.0121,1.047,0.0366,0.401,NOMINAL,NORMAL,0,,78,14.3,4920,3109
1781436085.7199836,7,10,4.016,0.924,0.0256,0.266,NOMINAL,NORMAL,0,,78,14.3,4920,3109
1781436085.8437338,7,10,2.7248,0.926,0.0362,0.382,NOMINAL,NORMAL,0,,78,14.3,4920,3109
1781436085.9706147,7,10,4.0487,1.191,0.0387,0.565,NOMINAL,NORMAL,0,,78,14.3,4920,3109
1781436086.0937955,7,10,2.9063,0.821,0.0349,0.402,NOMINAL,NORMAL,0,,78,14.3,4920,3109
1781436086.2204823,7,10,4.0403,1.271,0.0344,0.368,NOMINAL,NORMAL,0,,78,14.3,4920,3109
1781436086.3451264,7,10,3.982,1.024,0.0367,0.369,NOMINAL,NORMAL,0,,78,14.3,4920,3109
1781436086.4694703,7,10,3.7079,0.785,0.0227,0.252,NOMINAL,NORMAL,0,,5,12.8,4888,3109
1781436086.5950584,7,10,3.9534,1.038,0.0348,0.367,NOMINAL,NORMAL,0,,5,12.8,4888,3109
1781436086.7191632,7,10,3.1533,0.934,0.0305,0.314,NOMINAL,NORMAL,0,,5,12.8,4888,3109
1781436086.8457365,7,10,3.9615,1.503,0.0353,0.381,NOMINAL,NORMAL,0,,5,12.8,4888,3109
1781436086.9703617,7,10,4.0007,1.208,0.035,0.396,NOMINAL,NORMAL,0,,5,12.8,4888,3109
1781436087.093306,7,10,2.2218,0.943,0.0375,0.378,NOMINAL,NORMAL,0,,5,12.8,4888,3109
1781436087.2201664,7,10,3.73,1.328,0.0348,0.378,NOMINAL,NORMAL,0,,5,12.8,4888,3109
1781436087.3450198,7,10,3.9739,1.049,0.0351,0.323,NOMINAL,NORMAL,0,,5,12.8,4888,3109
1781436087.4686987,7,10,2.7024,0.964,0.0352,0.38,NOMINAL,NORMAL,0,,5,12.8,4888,3109
1781436087.5936468,7,10,2.4604,1.153,0.0274,0.551,NOMINAL,NORMAL,0,,6,12.3,4888,3109
1781436087.719403,7,10,3.0594,1.156,0.0361,0.386,NOMINAL,NORMAL,0,,6,12.3,4888,3109
1781436087.844611,7,10,3.3944,1.309,0.0376,0.392,NOMINAL,NORMAL,0,,6,12.3,4888,3109
1781436087.9705637,7,10,4.0461,1.275,0.0362,0.416,NOMINAL,NORMAL,0,,6,12.3,4888,3109
1781436088.0947487,7,10,3.9586,0.81,0.0253,0.293,NOMINAL,NORMAL,0,,6,12.3,4888,3109
1781436088.220296,7,10,4.0081,1.081,0.0362,0.388,NOMINAL,NORMAL,0,,6,12.3,4888,3109
1781436088.3448408,7,10,4.0205,0.793,0.0244,0.258,NOMINAL,NORMAL,0,,6,12.3,4888,3109
1781436088.4685326,7,10,2.1741,1.174,0.0356,0.374,NOMINAL,NORMAL,0,,6,12.3,4888,3109
1781436088.5950649,7,10,3.9954,1.043,0.036,0.373,NOMINAL,NORMAL,0,,0,13.0,4960,3108
1781436088.718322,7,10,2.3759,0.913,0.0353,0.373,NOMINAL,NORMAL,0,,0,13.0,4960,3108
1781436088.845264,7,10,4.0619,1.047,0.0352,0.373,NOMINAL,NORMAL,0,,0,13.0,4960,3108
1781436088.9704404,7,10,4.0422,1.314,0.0372,0.355,NOMINAL,NORMAL,0,,0,13.0,4960,3108
1781436089.094147,7,10,3.2258,1.004,0.024,0.285,NOMINAL,NORMAL,0,,0,13.0,4960,3108
1781436089.2203908,7,10,4.0006,1.251,0.035,0.374,NOMINAL,NORMAL,0,,0,13.0,4960,3108
1781436089.3440132,7,10,3.2904,0.763,0.0242,0.254,NOMINAL,NORMAL,0,,0,13.0,4960,3108
1781436089.4679294,7,10,2.1646,0.996,0.0358,0.375,NOMINAL,NORMAL,0,,0,13.0,4960,3108
1781436089.5953152,7,10,3.9827,1.296,0.0344,0.369,NOMINAL,NORMAL,0,,7,14.0,4920,3108
1781436089.718005,7,10,2.1711,1.133,0.0357,0.375,NOMINAL,NORMAL,0,,7,14.0,4920,3108
1781436089.8453825,7,10,3.9847,1.277,0.035,0.368,NOMINAL,NORMAL,0,,7,14.0,4920,3108
1781436089.9699044,7,10,3.9779,0.795,0.0226,0.253,NOMINAL,NORMAL,0,,7,14.0,4920,3108
1781436090.09532,7,10,4.1471,1.105,0.0363,0.38,NOMINAL,NORMAL,0,,7,14.0,4920,3108
1781436090.2200356,7,10,3.9583,0.951,0.0357,0.368,NOMINAL,NORMAL,0,,7,14.0,4920,3108
1781436090.3439405,7,10,2.499,1.37,0.0348,0.369,NOMINAL,NORMAL,0,,7,14.0,4920,3108
1781436090.4679344,7,10,2.1739,1.002,0.0363,0.37,NOMINAL,NORMAL,0,,7,14.0,4920,3108
1781436090.5940304,7,10,3.225,1.046,0.0348,0.377,NOMINAL,NORMAL,0,,0,13.2,4888,3108
1781436090.7188556,7,10,3.5239,0.744,0.0233,0.256,NOMINAL,NORMAL,0,,0,13.2,4888,3108
1781436090.8452086,7,10,4.0705,0.996,0.0349,0.38,NOMINAL,NORMAL,0,,0,13.2,4888,3108
1781436090.9692338,7,10,3.5305,0.753,0.0227,0.255,NOMINAL,NORMAL,0,,0,13.2,4888,3108
1781436091.0953748,7,10,4.0617,1.086,0.0367,0.382,NOMINAL,NORMAL,0,,0,13.2,4888,3108
1781436091.2202306,7,10,3.9996,1.047,0.0349,0.365,NOMINAL,NORMAL,0,,0,13.2,4888,3108
1781436091.3430743,7,10,2.1309,0.983,0.0361,0.377,NOMINAL,NORMAL,0,,0,13.2,4888,3108
1781436091.4702163,7,10,4.0197,1.048,0.0342,0.414,NOMINAL,NORMAL,0,,0,13.2,4888,3108
1781436091.5950065,7,10,3.9378,1.157,0.0228,0.253,NOMINAL,NORMAL,0,,0,12.5,4888,3108
1781436091.7187164,7,10,2.6818,1.053,0.0301,0.382,NOMINAL,NORMAL,0,,0,12.5,4888,3108
1781436091.8452225,7,10,3.9602,1.081,0.0362,0.383,NOMINAL,NORMAL,0,,0,12.5,4888,3108
1781436091.9688337,7,10,2.7908,0.966,0.0361,0.385,NOMINAL,NORMAL,0,,0,12.5,4888,3108
1781436092.0952082,7,10,3.976,1.121,0.0348,0.409,NOMINAL,NORMAL,0,,0,12.5,4888,3108
1781436092.2201843,7,10,3.9796,1.045,0.0361,0.389,NOMINAL,NORMAL,0,,0,12.5,4888,3108
1781436092.3428462,7,10,2.1323,0.932,0.0367,0.421,NOMINAL,NORMAL,0,,0,12.5,4888,3108
1781436092.4702742,7,10,4.0105,1.1,0.0342,0.389,NOMINAL,NORMAL,0,,0,12.5,4888,3108
1781436092.5944912,7,10,3.833,0.737,0.024,0.251,NOMINAL,NORMAL,0,,0,14.0,4928,3108
1781436092.720264,7,10,4.0219,1.011,0.038,0.378,NOMINAL,NORMAL,0,,0,14.0,4928,3108
1781436092.845173,7,10,4.0399,1.0,0.0358,0.365,NOMINAL,NORMAL,0,,0,14.0,4928,3108
1781436092.9700828,7,10,4.0228,0.932,0.026,0.271,NOMINAL,NORMAL,0,,0,14.0,4928,3108
1781436093.0951104,7,10,4.0588,1.015,0.0362,0.379,NOMINAL,NORMAL,0,,0,14.0,4928,3108
1781436093.2200985,7,10,4.0777,0.944,0.0269,0.29,NOMINAL,NORMAL,0,,0,14.0,4928,3108
1781436093.3435671,7,10,2.9111,0.697,0.0222,0.25,NOMINAL,NORMAL,0,,0,14.0,4928,3108
1781436093.4701412,7,10,4.0016,1.045,0.037,0.381,NOMINAL,NORMAL,0,,0,14.0,4928,3108
1781436093.5937858,7,10,3.0888,0.763,0.0226,0.261,NOMINAL,NORMAL,0,,0,12.8,4920,3108
1781436093.7201324,7,10,3.9794,1.025,0.0354,0.37,NOMINAL,NORMAL,0,,0,12.8,4920,3108
1781436093.8451831,7,10,4.034,0.997,0.037,0.368,NOMINAL,NORMAL,0,,0,12.8,4920,3108
1781436093.967827,7,10,2.1335,0.983,0.0351,0.372,NOMINAL,NORMAL,0,,0,12.8,4920,3108
1781436094.0951405,7,10,4.0495,1.041,0.0352,0.372,NOMINAL,NORMAL,0,,0,12.8,4920,3108
1781436094.2198505,7,10,3.966,0.805,0.0247,0.27,NOMINAL,NORMAL,0,,0,12.8,4920,3108
1781436094.3454003,7,10,3.9993,1.049,0.0345,0.384,NOMINAL,NORMAL,0,,0,12.8,4920,3108
1781436094.4701629,7,10,3.9886,1.039,0.0355,0.383,NOMINAL,NORMAL,0,,0,12.8,4920,3108
1781436094.593221,7,10,2.2118,0.886,0.0347,0.361,NOMINAL,NORMAL,0,,0,13.2,4920,3108
1781436094.7200587,7,10,3.9721,0.983,0.0352,0.374,NOMINAL,NORMAL,0,,0,13.2,4920,3108
1781436094.8452606,7,10,4.0511,1.037,0.0357,0.346,NOMINAL,NORMAL,0,,0,13.2,4920,3108
1781436094.9688137,7,10,3.1511,0.758,0.0248,0.253,NOMINAL,NORMAL,0,,0,13.2,4920,3108
1781436095.0954025,7,10,3.9822,1.312,0.0358,0.383,NOMINAL,NORMAL,0,,0,13.2,4920,3108
1781436095.2191076,7,10,3.2031,0.823,0.0247,0.345,NOMINAL,NORMAL,0,,0,13.2,4920,3108
1781436095.34522,7,10,4.0555,1.018,0.0352,0.378,NOMINAL,NORMAL,0,,0,13.2,4920,3108
1781436095.4701812,7,10,4.0119,1.053,0.0358,0.378,NOMINAL,NORMAL,0,,0,13.2,4920,3108
1781436095.5937262,7,10,3.0501,1.004,0.0274,0.292,NOMINAL,NORMAL,0,,90,12.7,4880,3108
1781436095.7200258,7,10,3.9492,0.999,0.0365,0.377,NOMINAL,NORMAL,0,,90,12.7,4880,3108
1781436095.8448029,7,10,4.0848,0.749,0.0246,0.25,NOMINAL,NORMAL,0,,90,12.7,4880,3108
1781436095.9682877,7,10,2.3535,0.883,0.0355,0.369,NOMINAL,NORMAL,0,,90,12.7,4880,3108
1781436096.095148,7,10,4.0012,1.061,0.0373,0.378,NOMINAL,NORMAL,0,,90,12.7,4880,3108
1781436096.2188425,7,10,2.4526,1.189,0.0375,0.437,NOMINAL,NORMAL,0,,90,12.7,4880,3108
1781436096.3451717,7,10,3.9493,1.039,0.0349,0.376,NOMINAL,NORMAL,0,,90,12.7,4880,3108
1781436096.4701996,7,10,4.0588,1.021,0.0374,0.382,NOMINAL,NORMAL,0,,90,12.7,4880,3108
1781436096.5935402,7,10,2.9763,0.809,0.0248,0.272,NOMINAL,NORMAL,0,,90,13.2,4888,3108
1781436096.720022,7,10,3.9282,0.99,0.0358,0.374,NOMINAL,NORMAL,0,,90,13.2,4888,3108
1781436096.8442028,7,10,3.3718,0.764,0.0239,0.341,NOMINAL,NORMAL,0,,90,13.2,4888,3108
1781436096.9701865,7,10,4.0108,1.037,0.0343,0.376,NOMINAL,NORMAL,0,,90,13.2,4888,3108
1781436097.0951567,7,10,4.0224,1.058,0.035,0.371,NOMINAL,NORMAL,0,,90,13.2,4888,3108
1781436097.2181406,7,10,2.1349,0.972,0.0371,0.383,NOMINAL,NORMAL,0,,90,13.2,4888,3108
1781436097.345188,7,10,4.0906,0.94,0.0293,0.332,NOMINAL,NORMAL,0,,90,13.2,4888,3108
1781436097.4700503,7,10,3.9901,1.066,0.0229,0.255,NOMINAL,NORMAL,0,,90,13.2,4888,3108
1781436097.5952706,7,10,4.1622,1.062,0.0352,0.361,NOMINAL,NORMAL,0,,99,13.0,4920,3108
1781436097.7200851,7,10,3.9472,1.022,0.0342,0.368,NOMINAL,NORMAL,0,,99,13.0,4920,3108
1781436097.843762,7,10,2.6511,0.998,0.0348,0.382,NOMINAL,NORMAL,0,,99,13.0,4920,3108
1781436097.9701378,7,10,4.0177,1.029,0.0355,0.376,NOMINAL,NORMAL,0,,99,13.0,4920,3108
1781436098.095151,7,10,4.0341,1.067,0.0339,0.36,NOMINAL,NORMAL,0,,99,13.0,4920,3108
1781436098.219,7,10,3.6215,0.784,0.024,0.258,NOMINAL,NORMAL,0,,99,13.0,4920,3108
1781436098.3451273,7,10,3.9832,1.047,0.0363,0.373,NOMINAL,NORMAL,0,,99,13.0,4920,3108
1781436098.469349,7,10,3.6261,0.782,0.0221,0.256,NOMINAL,NORMAL,0,,99,13.0,4920,3108
1781436098.593079,7,10,2.1528,0.924,0.0353,0.376,NOMINAL,NORMAL,0,,99,12.7,4920,3108
1781436098.7200713,7,10,3.9344,1.009,0.0348,0.379,NOMINAL,NORMAL,0,,99,12.7,4920,3108
1781436098.8432627,7,10,2.0968,1.147,0.0341,0.378,NOMINAL,NORMAL,0,,99,12.7,4920,3108
1781436098.9700863,7,10,3.9689,1.017,0.0347,0.361,NOMINAL,NORMAL,0,,99,12.7,4920,3108
1781436099.0950198,7,10,4.0268,1.021,0.0263,0.276,NOMINAL,NORMAL,0,,99,12.7,4920,3108
1781436099.2187936,7,10,2.7621,0.896,0.0882,0.429,NOMINAL,NORMAL,0,,99,12.7,4920,3108
1781436099.34525,7,10,4.0921,1.002,0.036,0.377,NOMINAL,NORMAL,0,,99,12.7,4920,3108
1781436099.4684598,7,10,2.7471,0.718,0.0235,0.285,NOMINAL,NORMAL,0,,99,12.7,4920,3108
1781436099.5942988,7,10,3.2266,1.007,0.0341,0.406,NOMINAL,NORMAL,0,,99,13.2,4880,3108
1781436099.7202978,7,10,3.9184,0.946,0.0339,0.363,NOMINAL,NORMAL,0,,99,13.2,4880,3108
1781436099.8427246,7,10,2.1123,0.806,0.0312,0.377,NOMINAL,NORMAL,0,,99,13.2,4880,3108
1781436099.9700992,7,10,4.002,0.981,0.0321,0.353,NOMINAL,NORMAL,0,,99,13.2,4880,3108
1781436100.0943103,7,10,3.705,0.687,0.0221,0.24,NOMINAL,NORMAL,0,,99,13.2,4880,3108
1781436100.2202046,7,10,3.9961,1.042,0.033,0.362,NOMINAL,NORMAL,0,,99,13.2,4880,3108
1781436100.3451931,7,10,3.9553,1.021,0.0341,0.367,NOMINAL,NORMAL,0,,99,13.2,4880,3108
1781436100.4686115,7,10,2.4946,1.022,0.0342,0.369,NOMINAL,NORMAL,0,,99,13.2,4880,3108
1781436100.5951843,7,10,3.9712,1.076,0.0343,0.376,NOMINAL,NORMAL,0,,99,12.8,4920,3108
1781436100.7200913,7,10,3.9599,1.009,0.0267,0.31,NOMINAL,NORMAL,0,,99,12.8,4920,3108
1781436100.8435602,7,10,2.7928,0.764,0.023,0.259,NOMINAL,NORMAL,0,,99,12.8,4920,3108
1781436100.9700987,7,10,3.9568,1.028,0.0364,0.383,NOMINAL,NORMAL,0,,99,12.8,4920,3108
1781436101.0938444,7,10,2.9701,0.938,0.0232,0.253,NOMINAL,NORMAL,0,,99,12.8,4920,3108
1781436101.2178493,7,10,2.183,0.931,0.034,0.374,NOMINAL,NORMAL,0,,99,12.8,4920,3108
1781436101.3453321,7,10,4.0392,1.055,0.0352,0.38,NOMINAL,NORMAL,0,,99,12.8,4920,3108
1781436101.4679751,7,10,2.1172,1.051,0.0332,0.37,NOMINAL,NORMAL,0,,99,12.8,4920,3108
1781436101.5953467,7,10,4.0821,1.117,0.0341,0.385,NOMINAL,NORMAL,0,,99,13.5,4920,3108
1781436101.7195811,7,10,3.8253,0.77,0.0224,0.254,NOMINAL,NORMAL,0,,99,13.5,4920,3108
1781436101.845415,7,10,3.9588,1.043,0.0334,0.381,NOMINAL,NORMAL,0,,99,13.5,4920,3108
1781436101.970407,7,10,3.9759,1.048,0.0342,0.376,NOMINAL,NORMAL,0,,99,13.5,4920,3108
1781436102.093726,7,10,2.2255,1.171,0.0341,0.378,NOMINAL,NORMAL,0,,99,13.5,4920,3108
1781436102.2203815,7,10,3.949,1.234,0.0349,0.369,NOMINAL,NORMAL,0,,99,13.5,4920,3108
1781436102.3452673,7,10,4.0119,1.035,0.0337,0.38,NOMINAL,NORMAL,0,,99,13.5,4920,3108
1781436102.4687765,7,10,3.0858,0.749,0.0241,0.259,NOMINAL,NORMAL,0,,99,13.5,4920,3108
1781436102.5951393,7,10,3.9688,1.081,0.0333,0.351,NOMINAL,NORMAL,0,,97,12.8,4880,3109
1781436102.7191255,7,10,3.1618,0.991,0.0222,0.254,NOMINAL,NORMAL,0,,97,12.8,4880,3109
1781436102.8454669,7,10,3.9951,1.302,0.0341,0.39,NOMINAL,NORMAL,0,,97,12.8,4880,3109
1781436102.9705482,7,10,4.0522,1.299,0.0339,0.425,NOMINAL,NORMAL,0,,97,12.8,4880,3109
1781436103.0941339,7,10,2.9781,1.467,0.026,0.282,NOMINAL,NORMAL,0,,97,12.8,4880,3109
1781436103.2203047,7,10,4.0333,1.079,0.0375,0.393,NOMINAL,NORMAL,0,,97,12.8,4880,3109
1781436103.3451214,7,10,4.0125,1.039,0.0234,0.263,NOMINAL,NORMAL,0,,97,12.8,4880,3109
1781436103.4686892,7,10,2.3776,1.226,0.0357,0.383,NOMINAL,NORMAL,0,,97,12.8,4880,3109
1781436103.5954418,7,10,4.0207,1.318,0.0325,0.375,NOMINAL,NORMAL,0,,99,13.3,4880,3109
1781436103.718701,7,10,2.4556,1.108,0.0341,0.414,NOMINAL,NORMAL,0,,99,13.3,4880,3109
1781436103.8451219,7,10,3.9772,1.079,0.0328,0.381,NOMINAL,NORMAL,0,,99,13.3,4880,3109
1781436103.9703817,7,10,3.9858,1.256,0.0356,0.375,NOMINAL,NORMAL,0,,99,13.3,4880,3109
1781436104.0944045,7,10,3.036,1.604,0.035,0.39,NOMINAL,NORMAL,0,,99,13.3,4880,3109
1781436104.2201157,7,10,3.954,1.023,0.0342,0.375,NOMINAL,NORMAL,0,,99,13.3,4880,3109
1781436104.3443305,7,10,3.344,0.776,0.0236,0.259,NOMINAL,NORMAL,0,,99,13.3,4880,3109
1781436104.4702048,7,10,3.9997,1.062,0.035,0.387,NOMINAL,NORMAL,0,,99,13.3,4880,3109
1781436104.5951424,7,10,3.9813,1.077,0.0357,0.38,NOMINAL,NORMAL,0,,75,13.0,4920,3109
1781436104.7179518,7,10,2.1435,0.932,0.0344,0.38,NOMINAL,NORMAL,0,,75,13.0,4920,3109
1781436104.8451946,7,10,4.0533,1.012,0.0339,0.367,NOMINAL,NORMAL,0,,75,13.0,4920,3109
1781436104.9698577,7,10,3.9201,0.968,0.0229,0.266,NOMINAL,NORMAL,0,,75,13.0,4920,3109
1781436105.0934746,7,10,2.5702,0.996,0.0229,0.259,NOMINAL,NORMAL,0,,75,13.0,4920,3109
1781436105.2202952,7,10,3.9648,1.13,0.0358,0.383,NOMINAL,NORMAL,0,,75,13.0,4920,3109
1781436105.3433685,7,10,2.6286,0.75,0.0236,0.255,NOMINAL,NORMAL,0,,75,13.0,4920,3109
1781436105.4704723,7,10,4.0965,1.176,0.0358,0.383,NOMINAL,NORMAL,0,,75,13.0,4920,3109
1781436105.595381,7,10,3.9973,1.324,0.034,0.373,NOMINAL,NORMAL,0,,7,13.2,4888,3109
1781436105.719134,7,10,3.5878,0.972,0.0231,0.257,NOMINAL,NORMAL,0,,7,13.2,4888,3109
1781436105.845325,7,10,4.0106,1.229,0.0348,0.378,NOMINAL,NORMAL,0,,7,13.2,4888,3109
1781436105.96964,7,10,3.7152,0.98,0.0227,0.261,NOMINAL,NORMAL,0,,7,13.2,4888,3109
1781436106.0932474,7,10,2.1981,1.15,0.034,0.381,NOMINAL,NORMAL,0,,7,13.2,4888,3109
1781436106.2202282,7,10,3.9763,1.047,0.0362,0.382,NOMINAL,NORMAL,0,,7,13.2,4888,3109
1781436106.343171,7,10,2.1875,0.955,0.0361,0.38,NOMINAL,NORMAL,0,,7,13.2,4888,3109
1781436106.4703155,7,10,4.083,1.084,0.0349,0.389,NOMINAL,NORMAL,0,,7,13.2,4888,3109
1781436106.5945497,7,10,3.7622,1.034,0.0364,0.411,NOMINAL,NORMAL,0,,8,12.8,4888,3109
1781436106.7185235,7,10,2.6118,0.72,0.0228,0.274,NOMINAL,NORMAL,0,,8,12.8,4888,3109
1781436106.8453372,7,10,4.048,1.035,0.0351,0.393,NOMINAL,NORMAL,0,,8,12.8,4888,3109
1781436106.9686596,7,10,2.915,0.78,0.0229,0.265,NOMINAL,NORMAL,0,,8,12.8,4888,3109
1781436107.0951025,7,10,3.9767,1.045,0.036,0.386,NOMINAL,NORMAL,0,,8,12.8,4888,3109
1781436107.2203903,7,10,3.9451,1.25,0.0362,0.388,NOMINAL,NORMAL,0,,8,12.8,4888,3109
1781436107.3431056,7,10,2.123,0.981,0.0372,0.385,NOMINAL,NORMAL,0,,8,12.8,4888,3109
1781436107.4704041,7,10,4.0474,1.108,0.0361,0.4,NOMINAL,NORMAL,0,,8,12.8,4888,3109
1781436107.5941205,7,10,3.4072,0.796,0.0278,0.266,NOMINAL,NORMAL,0,,8,12.8,4888,3109
1781436107.7201037,7,10,3.9416,1.069,0.0364,0.392,NOMINAL,NORMAL,0,,7,13.3,4888,3109
1781436107.8452308,7,10,3.9676,1.295,0.0348,0.382,NOMINAL,NORMAL,0,,7,13.3,4888,3109
1781436107.9682498,7,10,2.25,0.984,0.0335,0.359,NOMINAL,NORMAL,0,,7,13.3,4888,3109
1781436108.095149,7,10,3.9912,1.098,0.0362,0.376,NOMINAL,NORMAL,0,,7,13.3,4888,3109
1781436108.2201402,7,10,3.9673,1.035,0.0353,0.388,NOMINAL,NORMAL,0,,7,13.3,4888,3109
1781436108.3437676,7,10,3.0071,0.767,0.0229,0.251,NOMINAL,NORMAL,0,,7,13.3,4888,3109
1781436108.470213,7,10,4.0555,1.06,0.0358,0.382,NOMINAL,NORMAL,0,,7,13.3,4888,3109
1781436108.5941575,7,10,3.1929,1.005,0.0236,0.325,NOMINAL,NORMAL,0,,7,13.3,4888,3109
1781436108.7181106,7,10,2.1841,1.217,0.0334,0.38,NOMINAL,NORMAL,0,,7,12.5,4928,3109
1781436108.8449504,7,10,3.8931,0.98,0.0332,0.35,NOMINAL,NORMAL,0,,7,12.5,4928,3109
1781436108.96812,7,10,2.1394,1.286,0.0343,0.379,NOMINAL,NORMAL,0,,7,12.5,4928,3109
1781436109.0953882,7,10,4.0142,1.312,0.0352,0.383,NOMINAL,NORMAL,0,,7,12.5,4928,3109
1781436109.219824,7,10,3.9834,0.802,0.023,0.261,NOMINAL,NORMAL,0,,7,12.5,4928,3109
1781436109.3452017,7,10,4.0485,1.031,0.0345,0.379,NOMINAL,NORMAL,0,,7,12.5,4928,3109
1781436109.4704196,7,10,3.9912,1.281,0.034,0.387,NOMINAL,NORMAL,0,,7,12.5,4928,3109
1781436109.5934198,7,10,2.408,0.943,0.035,0.381,NOMINAL,NORMAL,0,,7,12.5,4928,3109
1781436109.7204468,7,10,4.0216,1.302,0.0342,0.387,NOMINAL,NORMAL,0,,0,13.5,4928,3109
1781436109.8451533,7,10,3.9692,1.05,0.036,0.387,NOMINAL,NORMAL,0,,0,13.5,4928,3109
1781436109.968318,7,10,2.4794,1.049,0.0355,0.385,NOMINAL,NORMAL,0,,0,13.5,4928,3109
1781436110.095143,7,10,4.0064,1.067,0.0351,0.379,NOMINAL,NORMAL,0,,0,13.5,4928,3109
1781436110.2198932,7,10,3.3292,1.482,0.0349,0.391,NOMINAL,NORMAL,0,,0,13.5,4928,3109
1781436110.345163,7,10,4.0001,1.015,0.0376,0.383,NOMINAL,NORMAL,0,,0,13.5,4928,3109
1781436110.4703422,7,10,4.0972,1.054,0.0358,0.386,NOMINAL,NORMAL,0,,0,13.5,4928,3109
1781436110.593036,7,10,2.2099,0.961,0.0359,0.385,NOMINAL,NORMAL,0,,0,13.5,4928,3109
1781436110.720139,7,10,3.7429,0.995,0.0325,0.63,NOMINAL,NORMAL,0,,0,13.0,4888,3109
1781436110.8446178,7,10,3.5449,1.007,0.0366,0.366,NOMINAL,NORMAL,0,,0,13.0,4888,3109
1781436110.9685028,7,10,2.5093,0.918,0.0335,0.368,NOMINAL,NORMAL,0,,0,13.0,4888,3109
1781436111.092904,7,10,2.1841,0.91,0.0378,0.377,NOMINAL,NORMAL,0,,0,13.0,4888,3109
1781436111.2189343,7,10,2.5942,1.188,0.0368,0.405,NOMINAL,NORMAL,0,,0,13.0,4888,3109
1781436111.3452263,7,10,4.0204,1.021,0.036,0.374,NOMINAL,NORMAL,0,,0,13.0,4888,3109
1781436111.470553,7,10,4.0929,1.303,0.0357,0.423,NOMINAL,NORMAL,0,,0,13.0,4888,3109
1781436111.5939934,7,10,3.1373,1.067,0.0367,0.391,NOMINAL,NORMAL,0,,0,13.0,4888,3109
1781436111.720131,7,10,3.9692,1.044,0.0332,0.376,NOMINAL,NORMAL,0,,0,13.0,4888,3109
1781436111.8443553,7,10,3.5677,0.751,0.0243,0.257,NOMINAL,NORMAL,0,,0,13.0,4888,3109
1781436111.9682417,7,10,2.2846,1.012,0.0351,0.376,NOMINAL,NORMAL,0,,0,13.0,4888,3109
1781436112.0951731,7,10,4.0298,1.074,0.0363,0.388,NOMINAL,NORMAL,0,,0,13.0,4888,3109
1781436112.218703,7,10,2.7327,1.043,0.0515,0.312,NOMINAL,NORMAL,0,,0,13.0,4888,3109
1781436112.345527,7,10,4.0524,1.281,0.0356,0.387,NOMINAL,NORMAL,0,,0,13.0,4888,3109
1781436112.469968,7,10,3.9547,1.007,0.0238,0.26,NOMINAL,NORMAL,0,,0,13.0,4888,3109
1781436112.5935917,7,10,2.7401,0.851,0.0337,0.373,NOMINAL,NORMAL,0,,0,13.0,4888,3109
1781436112.7205422,7,10,4.0757,1.299,0.036,0.389,NOMINAL,NORMAL,0,,0,13.2,4888,3109
1781436112.8435946,7,10,2.8086,0.763,0.026,0.27,NOMINAL,NORMAL,0,,0,13.2,4888,3109
1781436112.9702377,7,10,4.0092,1.064,0.0358,0.38,NOMINAL,NORMAL,0,,0,13.2,4888,3109
1781436113.0951128,7,10,3.9788,1.033,0.0342,0.405,NOMINAL,NORMAL,0,,0,13.2,4888,3109
1781436113.217753,7,10,2.1465,0.897,0.0358,0.376,NOMINAL,NORMAL,0,,0,13.2,4888,3109
1781436113.345636,7,10,4.0001,1.253,0.0375,0.384,NOMINAL,NORMAL,0,,0,13.2,4888,3109
1781436113.4696834,7,10,3.664,0.802,0.0243,0.262,NOMINAL,NORMAL,0,,0,13.2,4888,3109
1781436113.594074,7,10,2.6077,1.275,0.0364,0.401,NOMINAL,NORMAL,0,,0,13.2,4888,3109
1781436113.720465,7,10,3.9812,1.053,0.0348,0.386,NOMINAL,NORMAL,0,,0,12.7,4888,3109
1781436113.8435614,7,10,2.1166,1.17,0.0349,0.378,NOMINAL,NORMAL,0,,0,12.7,4888,3109
1781436113.9705892,7,10,3.9717,1.269,0.0346,0.4,NOMINAL,NORMAL,0,,0,12.7,4888,3109
1781436114.095333,7,10,4.0063,1.295,0.0295,0.29,NOMINAL,NORMAL,0,,0,12.7,4888,3109
1781436114.2188387,7,10,2.8827,0.961,0.0351,0.36,NOMINAL,NORMAL,0,,0,12.7,4888,3109
1781436114.345709,7,10,4.033,1.263,0.034,0.38,NOMINAL,NORMAL,0,,0,12.7,4888,3109
1781436114.4691381,7,10,2.8618,0.939,0.034,0.353,NOMINAL,NORMAL,0,,0,12.7,4888,3109
1781436114.594354,7,10,3.213,1.196,0.0348,0.38,NOMINAL,NORMAL,0,,0,12.7,4888,3109
1781436114.7204008,7,10,3.9742,1.252,0.0333,0.368,NOMINAL,NORMAL,0,,0,12.5,4888,3109
1781436114.8432136,7,10,2.146,1.205,0.0341,0.47,NOMINAL,NORMAL,0,,0,12.5,4888,3109
1781436114.9700217,7,10,3.9508,1.027,0.0341,0.366,NOMINAL,NORMAL,0,,0,12.5,4888,3109
1781436115.0948114,7,10,3.9689,0.954,0.0236,0.253,NOMINAL,NORMAL,0,,0,12.5,4888,3109
1781436115.219524,7,10,3.5693,1.006,0.0249,0.34,NOMINAL,NORMAL,0,,0,12.5,4888,3109
1781436115.3451307,7,10,3.9759,0.999,0.0339,0.369,NOMINAL,NORMAL,0,,0,12.5,4888,3109
1781436115.468252,7,10,2.3363,0.838,0.0329,0.366,NOMINAL,NORMAL,0,,0,12.5,4888,3109
1781436115.5949907,7,10,3.9313,0.998,0.0363,0.368,NOMINAL,NORMAL,0,,0,12.5,4888,3109
1781436115.7204232,7,10,4.0073,1.271,0.0345,0.358,NOMINAL,NORMAL,0,,84,12.5,4888,3109
1781436115.8431773,7,10,2.1674,1.237,0.0362,0.371,NOMINAL,NORMAL,0,,84,12.5,4888,3109
1781436115.9701822,7,10,4.0283,1.044,0.0359,0.374,NOMINAL,NORMAL,0,,84,12.5,4888,3109
1781436116.0940714,7,10,3.2286,0.916,0.0226,0.27,NOMINAL,NORMAL,0,,84,12.5,4888,3109
1781436116.2177231,7,10,2.1628,0.879,0.0331,0.376,NOMINAL,NORMAL,0,,84,12.5,4888,3109
1781436116.3453975,7,10,4.0201,1.251,0.0353,0.374,NOMINAL,NORMAL,0,,84,12.5,4888,3109
1781436116.4679794,7,10,2.0844,1.215,0.0332,0.375,NOMINAL,NORMAL,0,,84,12.5,4888,3109
1781436116.5950463,7,10,3.9976,1.069,0.0345,0.373,NOMINAL,NORMAL,0,,84,12.5,4888,3109
1781436116.719884,7,10,4.0317,0.799,0.0234,0.253,NOMINAL,NORMAL,0,,87,12.8,4880,3109
1781436116.8454125,7,10,3.9964,1.269,0.0351,0.382,NOMINAL,NORMAL,0,,87,12.8,4880,3109
1781436116.970383,7,10,4.0426,1.262,0.0349,0.373,NOMINAL,NORMAL,0,,87,12.8,4880,3109
1781436117.0936618,7,10,2.5654,0.949,0.0387,0.389,NOMINAL,NORMAL,0,,87,12.8,4880,3109
1781436117.220045,7,10,3.9717,0.959,0.035,0.368,NOMINAL,NORMAL,0,,87,12.8,4880,3109
1781436117.3451657,7,10,3.959,1.214,0.0339,0.363,NOMINAL,NORMAL,0,,87,12.8,4880,3109
1781436117.4680514,7,10,2.1306,1.218,0.0356,0.374,NOMINAL,NORMAL,0,,87,12.8,4880,3109
1781436117.5948713,7,10,3.9793,0.974,0.0346,0.41,NOMINAL,NORMAL,0,,87,12.8,4880,3109
1781436117.7191198,7,10,3.4419,0.743,0.0233,0.253,NOMINAL,NORMAL,0,,83,13.0,4888,3109
1781436117.845303,7,10,3.9943,1.23,0.0355,0.374,NOMINAL,NORMAL,0,,83,13.0,4888,3109
1781436117.9698775,7,10,3.9694,0.954,0.0343,0.367,NOMINAL,NORMAL,0,,83,13.0,4888,3109
1781436118.0927281,7,10,2.1372,0.822,0.0347,0.363,NOMINAL,NORMAL,0,,83,13.0,4888,3109
1781436118.2202113,7,10,3.9015,1.225,0.0344,0.375,NOMINAL,NORMAL,0,,83,13.0,4888,3109
1781436118.3449895,7,10,3.993,0.873,0.026,0.259,NOMINAL,NORMAL,0,,83,13.0,4888,3109
1781436118.4684057,7,10,2.6226,0.878,0.0231,0.257,NOMINAL,NORMAL,0,,83,13.0,4888,3109
1781436118.595034,7,10,4.0218,0.973,0.0356,0.376,NOMINAL,NORMAL,0,,83,13.0,4888,3109
1781436118.718577,7,10,2.7101,0.763,0.0334,0.399,NOMINAL,NORMAL,0,,99,12.5,4888,3109
1781436118.845125,7,10,4.024,1.256,0.0356,0.386,NOMINAL,NORMAL,0,,99,12.5,4888,3109
1781436118.9706018,7,10,4.018,1.217,0.0368,0.406,NOMINAL,NORMAL,0,,99,12.5,4888,3109
1781436119.093533,7,10,2.9561,1.012,0.022,0.247,NOMINAL,NORMAL,0,,99,12.5,4888,3109
1781436119.2201314,7,10,3.931,1.23,0.0334,0.361,NOMINAL,NORMAL,0,,99,12.5,4888,3109
1781436119.3444529,7,10,3.7543,0.869,0.0227,0.243,NOMINAL,NORMAL,0,,99,12.5,4888,3109
1781436119.4683638,7,10,2.2234,1.112,0.0353,0.381,NOMINAL,NORMAL,0,,99,12.5,4888,3109
1781436119.5952818,7,10,4.012,1.252,0.0348,0.362,NOMINAL,NORMAL,0,,99,12.5,4888,3109
1781436119.7182298,7,10,2.1641,1.129,0.0355,0.377,NOMINAL,NORMAL,0,,99,13.0,4888,3109
1781436119.8455367,7,10,3.9965,1.319,0.0359,0.384,NOMINAL,NORMAL,0,,99,13.0,4888,3109
1781436119.9699817,7,10,4.0131,0.966,0.0362,0.312,NOMINAL,NORMAL,0,,99,13.0,4888,3109
1781436120.0935636,7,10,2.8174,0.783,0.0234,0.256,NOMINAL,NORMAL,0,,99,13.0,4888,3109
1781436120.2200933,7,10,3.9609,1.001,0.0345,0.379,NOMINAL,NORMAL,0,,99,13.0,4888,3109
1781436120.3447783,7,10,4.0533,0.745,0.0225,0.247,NOMINAL,NORMAL,0,,99,13.0,4888,3109
1781436120.4678,7,10,2.1427,0.965,0.0353,0.364,NOMINAL,NORMAL,0,,99,13.0,4888,3109
1781436120.595005,7,10,4.0949,0.901,0.0313,0.34,NOMINAL,NORMAL,0,,99,13.0,4888,3109
1781436120.717862,7,10,2.1811,0.929,0.0351,0.381,NOMINAL,NORMAL,0,,99,12.7,4888,3110
1781436120.8451724,7,10,3.993,1.019,0.0366,0.375,NOMINAL,NORMAL,0,,99,12.7,4888,3110
1781436120.9696896,7,10,3.7677,0.732,0.0239,0.252,NOMINAL,NORMAL,0,,99,12.7,4888,3110
1781436121.093251,7,10,2.2045,0.874,0.0354,0.364,NOMINAL,NORMAL,0,,99,12.7,4888,3110
1781436121.220094,7,10,3.9701,1.006,0.0343,0.37,NOMINAL,NORMAL,0,,99,12.7,4888,3110
1781436121.3432493,7,10,2.2791,0.917,0.0357,0.369,NOMINAL,NORMAL,0,,99,12.7,4888,3110
1781436121.4704206,7,10,4.1224,1.23,0.0357,0.37,NOMINAL,NORMAL,0,,99,12.7,4888,3110
1781436121.595316,7,10,4.0269,1.241,0.0346,0.345,NOMINAL,NORMAL,0,,99,12.7,4888,3110
1781436121.7187529,7,10,3.0189,0.698,0.0241,0.339,NOMINAL,NORMAL,0,,92,12.5,4880,3110
1781436121.8433197,7,10,2.1974,1.015,0.0364,0.383,NOMINAL,NORMAL,0,,92,12.5,4880,3110
1781436121.968923,7,10,3.2406,0.736,0.0236,0.258,NOMINAL,NORMAL,0,,92,12.5,4880,3110
1781436122.0950878,7,10,4.0342,1.001,0.0357,0.371,NOMINAL,NORMAL,0,,92,12.5,4880,3110
1781436122.2203734,7,10,3.9859,1.245,0.0351,0.377,NOMINAL,NORMAL,0,,92,12.5,4880,3110
1781436122.3430476,7,10,2.1424,1.161,0.0363,0.381,NOMINAL,NORMAL,0,,92,12.5,4880,3110
1781436122.46844,7,10,2.7135,0.751,0.0235,0.258,NOMINAL,NORMAL,0,,92,12.5,4880,3110
1781436122.5947788,7,10,3.9266,0.682,0.021,0.229,NOMINAL,NORMAL,0,,92,12.5,4880,3110
1781436122.7185786,7,10,2.3166,1.133,0.0354,0.413,NOMINAL,NORMAL,0,,99,13.2,4920,3110
1781436122.8452594,7,10,4.015,1.031,0.0363,0.379,NOMINAL,NORMAL,0,,99,13.2,4920,3110
1781436122.9686384,7,10,2.4867,1.137,0.0353,0.367,NOMINAL,NORMAL,0,,99,13.2,4920,3110
1781436123.0953567,7,10,4.0146,1.303,0.0352,0.374,NOMINAL,NORMAL,0,,99,13.2,4920,3110
1781436123.220393,7,10,4.0433,1.252,0.0357,0.381,NOMINAL,NORMAL,0,,99,13.2,4920,3110
1781436123.3439147,7,10,3.2587,0.712,0.0221,0.237,NOMINAL,NORMAL,0,,99,13.2,4920,3110
1781436123.4700987,7,10,3.9969,0.991,0.036,0.372,NOMINAL,NORMAL,0,,99,13.2,4920,3110
1781436123.5942662,7,10,3.432,0.911,0.0233,0.295,NOMINAL,NORMAL,0,,99,13.2,4920,3110
1781436123.7181387,7,10,2.1887,1.169,0.0344,0.38,NOMINAL,NORMAL,0,,69,12.0,4888,3110
1781436123.8452566,7,10,4.0211,1.034,0.035,0.38,NOMINAL,NORMAL,0,,69,12.0,4888,3110
1781436123.9688518,7,10,2.4512,1.257,0.0348,0.378,NOMINAL,NORMAL,0,,69,12.0,4888,3110
1781436124.0953364,7,10,3.9774,1.31,0.0354,0.376,NOMINAL,NORMAL,0,,69,12.0,4888,3110
1781436124.2186913,7,10,2.6436,1.175,0.0325,0.381,NOMINAL,NORMAL,0,,69,12.0,4888,3110
1781436124.3454936,7,10,4.083,1.265,0.0347,0.372,NOMINAL,NORMAL,0,,69,12.0,4888,3110
1781436124.4704494,7,10,4.0306,1.288,0.0352,0.378,NOMINAL,NORMAL,0,,69,12.0,4888,3110
1781436124.593949,7,10,2.7472,1.139,0.0362,0.376,NOMINAL,NORMAL,0,,69,12.0,4888,3110
1781436124.720111,7,10,4.0063,0.974,0.0332,0.362,NOMINAL,NORMAL,0,,0,13.8,4920,3110
1781436124.8436806,7,10,2.429,1.086,0.0376,0.404,NOMINAL,NORMAL,0,,0,13.8,4920,3110
1781436124.9682317,7,10,2.2603,1.08,0.0362,0.394,NOMINAL,NORMAL,0,,0,13.8,4920,3110
1781436125.0952682,7,10,4.0548,1.066,0.0347,0.376,NOMINAL,NORMAL,0,,0,13.8,4920,3110
1781436125.2193487,7,10,3.5584,0.76,0.0249,0.259,NOMINAL,NORMAL,0,,0,13.8,4920,3110
1781436125.3451927,7,10,4.0294,1.008,0.0377,0.377,NOMINAL,NORMAL,0,,0,13.8,4920,3110
1781436125.4702563,7,10,4.0472,1.033,0.0358,0.373,NOMINAL,NORMAL,0,,0,13.8,4920,3110
1781436125.5931454,7,10,2.2447,0.914,0.0364,0.387,NOMINAL,NORMAL,0,,0,13.8,4920,3110
1781436125.7198193,7,10,3.932,1.143,0.0367,0.377,NOMINAL,NORMAL,0,,0,13.0,4880,3110
1781436125.845123,7,10,4.0432,0.977,0.0271,0.289,NOMINAL,NORMAL,0,,0,13.0,4880,3110
1781436125.9684978,7,10,2.761,0.772,0.0243,0.259,NOMINAL,NORMAL,0,,0,13.0,4880,3110
1781436126.0954819,7,10,3.9748,1.113,0.0373,0.385,NOMINAL,NORMAL,0,,0,13.0,4880,3110
1781436126.2185562,7,10,2.7977,0.731,0.023,0.283,NOMINAL,NORMAL,0,,0,13.0,4880,3110
1781436126.3433144,7,10,2.1484,1.167,0.0354,0.376,NOMINAL,NORMAL,0,,0,13.0,4880,3110
1781436126.470423,7,10,3.9804,1.034,0.0354,0.376,NOMINAL,NORMAL,0,,0,13.0,4880,3110
1781436126.5935335,7,10,3.03,0.899,0.0241,0.259,NOMINAL,NORMAL,0,,0,13.0,4880,3110
1781436126.7186964,7,10,3.1837,0.813,0.0256,0.291,NOMINAL,NORMAL,0,,0,13.0,4880,3110
1781436126.844666,7,10,3.8577,0.772,0.0241,0.261,NOMINAL,NORMAL,0,,7,12.2,4920,3110
1781436126.9703531,7,10,4.074,1.057,0.0351,0.379,NOMINAL,NORMAL,0,,7,12.2,4920,3110
1781436127.0951807,7,10,4.0366,1.035,0.0364,0.382,NOMINAL,NORMAL,0,,7,12.2,4920,3110
1781436127.2182674,7,10,2.2202,0.921,0.0347,0.374,NOMINAL,NORMAL,0,,7,12.2,4920,3110
1781436127.3452237,7,10,4.043,0.998,0.0357,0.374,NOMINAL,NORMAL,0,,7,12.2,4920,3110
1781436127.4702172,7,10,4.0577,1.036,0.0346,0.337,NOMINAL,NORMAL,0,,7,12.2,4920,3110
1781436127.593729,7,10,3.0131,0.984,0.0345,0.398,NOMINAL,NORMAL,0,,7,12.2,4920,3110
1781436127.7200732,7,10,3.9646,0.993,0.0354,0.368,NOMINAL,NORMAL,0,,7,12.2,4920,3110
1781436127.8445306,7,10,3.8276,0.809,0.0243,0.281,NOMINAL,NORMAL,0,,0,14.3,4880,3110
1781436127.970312,7,10,4.0569,1.047,0.0373,0.385,NOMINAL,NORMAL,0,,0,14.3,4880,3110
1781436128.0950897,7,10,3.9808,1.046,0.0352,0.372,NOMINAL,NORMAL,0,,0,14.3,4880,3110
1781436128.2178266,7,10,2.1921,0.916,0.0364,0.38,NOMINAL,NORMAL,0,,0,14.3,4880,3110
1781436128.3450415,7,10,4.0411,0.87,0.0329,0.346,NOMINAL,NORMAL,0,,0,14.3,4880,3110
1781436128.469727,7,10,3.9636,0.768,0.0236,0.258,NOMINAL,NORMAL,0,,0,14.3,4880,3110
1781436128.5943902,7,10,3.6759,0.976,0.0357,0.373,NOMINAL,NORMAL,0,,0,14.3,4880,3110
1781436128.7201958,7,10,4.0699,0.973,0.0332,0.378,NOMINAL,NORMAL,0,,0,14.3,4880,3110
1781436128.8434556,7,10,2.3336,0.953,0.0346,0.377,NOMINAL,NORMAL,0,,0,13.2,4880,3111
1781436128.9680083,7,10,2.1924,1.04,0.0345,0.374,NOMINAL,NORMAL,0,,0,13.2,4880,3111
1781436129.0951393,7,10,3.9931,1.053,0.0362,0.381,NOMINAL,NORMAL,0,,0,13.2,4880,3111
1781436129.2185934,7,10,3.2432,0.699,0.0244,0.292,NOMINAL,NORMAL,0,,0,13.2,4880,3111
1781436129.345217,7,10,4.0382,0.995,0.0355,0.386,NOMINAL,NORMAL,0,,0,13.2,4880,3111
1781436129.468995,7,10,3.2639,0.75,0.0242,0.26,NOMINAL,NORMAL,0,,0,13.2,4880,3111
1781436129.5951076,7,10,4.0213,1.025,0.0346,0.364,NOMINAL,NORMAL,0,,0,13.2,4880,3111
1781436129.7201853,7,10,3.9737,1.002,0.0356,0.383,NOMINAL,NORMAL,0,,0,13.2,4880,3111
1781436129.8431103,7,10,2.1708,1.055,0.0353,0.388,NOMINAL,NORMAL,0,,0,12.5,4888,3111
1781436129.970332,7,10,3.9678,1.074,0.0365,0.387,NOMINAL,NORMAL,0,,0,12.5,4888,3111
1781436130.0949502,7,10,4.0653,0.856,0.0235,0.274,NOMINAL,NORMAL,0,,0,12.5,4888,3111
1781436130.2196994,7,10,3.8773,1.044,0.0346,0.381,NOMINAL,NORMAL,0,,0,12.5,4888,3111
1781436130.3450568,7,10,4.0155,0.895,0.0307,0.344,NOMINAL,NORMAL,0,,0,12.5,4888,3111
1781436130.4686382,7,10,2.5732,0.939,0.0351,0.388,NOMINAL,NORMAL,0,,0,12.5,4888,3111
1781436130.594996,7,10,4.0393,0.931,0.0329,0.349,NOMINAL,NORMAL,0,,0,12.5,4888,3111
1781436130.7200818,7,10,3.9792,0.986,0.0338,0.379,NOMINAL,NORMAL,0,,0,12.5,4888,3111
1781436130.8435676,7,10,2.7103,1.033,0.0331,0.374,NOMINAL,NORMAL,0,,0,13.2,4880,3111
1781436130.9701676,7,10,4.0288,1.029,0.0359,0.383,NOMINAL,NORMAL,0,,0,13.2,4880,3111
1781436131.0942366,7,10,3.5171,0.75,0.0243,0.274,NOMINAL,NORMAL,0,,0,13.2,4880,3111
1781436131.2198124,7,10,3.8999,0.982,0.0341,0.364,NOMINAL,NORMAL,0,,0,13.2,4880,3111
1781436131.3452375,7,10,4.0466,0.998,0.036,0.373,NOMINAL,NORMAL,0,,0,13.2,4880,3111
1781436131.4689791,7,10,2.8931,1.058,0.0351,0.387,NOMINAL,NORMAL,0,,0,13.2,4880,3111
1781436131.5938296,7,10,3.1055,0.986,0.0357,0.369,NOMINAL,NORMAL,0,,0,13.2,4880,3111
1781436131.7199066,7,10,3.9605,0.934,0.0247,0.279,NOMINAL,NORMAL,0,,0,13.2,4880,3111
1781436131.8437402,7,10,2.6435,0.977,0.0348,0.383,NOMINAL,NORMAL,0,,0,13.5,4880,3111
1781436131.970107,7,10,3.9785,0.995,0.0349,0.374,NOMINAL,NORMAL,0,,0,13.5,4880,3111
1781436132.0935454,7,10,2.8199,0.753,0.025,0.258,NOMINAL,NORMAL,0,,0,13.5,4880,3111
1781436132.219641,7,10,3.8808,0.987,0.035,0.375,NOMINAL,NORMAL,0,,0,13.5,4880,3111
1781436132.3430715,7,10,2.1726,0.937,0.0357,0.374,NOMINAL,NORMAL,0,,0,13.5,4880,3111
1781436132.4680543,7,10,2.1969,1.023,0.0357,0.382,NOMINAL,NORMAL,0,,0,13.5,4880,3111
1781436132.5952067,7,10,4.0482,1.058,0.0365,0.38,NOMINAL,NORMAL,0,,0,13.5,4880,3111
1781436132.7192168,7,10,3.7993,0.762,0.0243,0.264,NOMINAL,NORMAL,0,,0,13.5,4880,3111
1781436132.8451505,7,10,4.0001,1.04,0.0361,0.378,NOMINAL,NORMAL,0,,0,13.2,4920,3111
1781436132.9701889,7,10,4.0495,1.003,0.0333,0.367,NOMINAL,NORMAL,0,,0,13.2,4920,3111
1781436133.0932534,7,10,2.2746,0.929,0.0358,0.377,NOMINAL,NORMAL,0,,0,13.2,4920,3111
1781436133.2200823,7,10,3.958,0.987,0.0349,0.376,NOMINAL,NORMAL,0,,0,13.2,4920,3111
1781436133.3451517,7,10,4.0096,1.025,0.0251,0.291,NOMINAL,NORMAL,0,,0,13.2,4920,3111
1781436133.4684722,7,10,2.5844,1.043,0.035,0.378,NOMINAL,NORMAL,0,,0,13.2,4920,3111
1781436133.595172,7,10,4.06,1.041,0.0349,0.362,NOMINAL,NORMAL,0,,0,13.2,4920,3111
1781436133.7186868,7,10,2.9727,0.72,0.0242,0.311,NOMINAL,NORMAL,0,,0,13.2,4920,3111
1781436133.8437283,7,10,2.8622,1.046,0.0343,0.366,NOMINAL,NORMAL,0,,5,12.3,4880,3111
1781436133.970258,7,10,4.1204,1.009,0.035,0.375,NOMINAL,NORMAL,0,,5,12.3,4880,3111
1781436134.0938182,7,10,3.2594,0.916,0.0243,0.263,NOMINAL,NORMAL,0,,5,12.3,4880,3111
1781436134.2201498,7,10,4.0602,0.986,0.0333,0.368,NOMINAL,NORMAL,0,,5,12.3,4880,3111
1781436134.3446548,7,10,3.9166,0.737,0.0253,0.253,NOMINAL,NORMAL,0,,5,12.3,4880,3111
1781436134.4683294,7,10,2.3054,0.937,0.0332,0.383,NOMINAL,NORMAL,0,,5,12.3,4880,3111
1781436134.595139,7,10,4.016,1.07,0.0352,0.376,NOMINAL,NORMAL,0,,5,12.3,4880,3111
1781436134.718527,7,10,2.2801,1.144,0.0367,0.411,NOMINAL,NORMAL,0,,5,12.3,4880,3111
1781436134.8452327,7,10,4.0276,1.019,0.0328,0.383,NOMINAL,NORMAL,0,,94,13.2,4880,3111
1781436134.9701557,7,10,4.0793,0.992,0.0352,0.371,NOMINAL,NORMAL,0,,94,13.2,4880,3111
1781436135.0939412,7,10,3.1105,1.059,0.0353,0.375,NOMINAL,NORMAL,0,,94,13.2,4880,3111
1781436135.2202103,7,10,4.0667,0.995,0.0357,0.374,NOMINAL,NORMAL,0,,94,13.2,4880,3111
1781436135.3439248,7,10,3.2249,0.717,0.0238,0.252,NOMINAL,NORMAL,0,,94,13.2,4880,3111
1781436135.4703236,7,10,4.1687,1.014,0.0359,0.369,NOMINAL,NORMAL,0,,94,13.2,4880,3111
1781436135.595135,7,10,4.0353,1.04,0.0355,0.38,NOMINAL,NORMAL,0,,94,13.2,4880,3111
1781436135.7179148,7,10,2.1936,0.912,0.0363,0.369,NOMINAL,NORMAL,0,,94,13.2,4880,3111
1781436135.8452628,7,10,4.0183,1.044,0.0367,0.383,NOMINAL,NORMAL,0,,99,12.8,4920,3111
1781436135.969858,7,10,4.0929,0.76,0.023,0.257,NOMINAL,NORMAL,0,,99,12.8,4920,3111
1781436136.0942361,7,10,3.4678,1.003,0.0356,0.391,NOMINAL,NORMAL,0,,99,12.8,4920,3111
1781436136.2202044,7,10,4.0282,1.022,0.0376,0.385,NOMINAL,NORMAL,0,,99,12.8,4920,3111
1781436136.3435106,7,10,2.4328,0.936,0.0354,0.378,NOMINAL,NORMAL,0,,99,12.8,4920,3111
1781436136.4678912,7,10,2.1647,0.978,0.0342,0.369,NOMINAL,NORMAL,0,,99,12.8,4920,3111
1781436136.5951173,7,10,4.023,1.029,0.0352,0.369,NOMINAL,NORMAL,0,,99,12.8,4920,3111
1781436136.7186577,7,10,3.3917,0.708,0.0402,0.267,NOMINAL,NORMAL,0,,99,12.8,4920,3111
1781436136.8449724,7,10,4.0591,0.924,0.0233,0.262,NOMINAL,NORMAL,0,,99,13.2,4920,3111
1781436136.969105,7,10,3.4309,0.732,0.0232,0.252,NOMINAL,NORMAL,0,,99,13.2,4920,3111
1781436137.095169,7,10,4.0515,1.054,0.0362,0.372,NOMINAL,NORMAL,0,,99,13.2,4920,3111
1781436137.2202044,7,10,4.0345,1.038,0.0349,0.372,NOMINAL,NORMAL,0,,99,13.2,4920,3111
1781436137.3429995,7,10,2.1436,0.944,0.0359,0.372,NOMINAL,NORMAL,0,,99,13.2,4920,3111
1781436137.4701371,7,10,3.99,1.023,0.0337,0.372,NOMINAL,NORMAL,0,,99,13.2,4920,3111
1781436137.5948668,7,10,3.9531,0.951,0.0239,0.267,NOMINAL,NORMAL,0,,99,13.2,4920,3111
1781436137.7195027,7,10,3.7696,1.019,0.0343,0.366,NOMINAL,NORMAL,0,,99,13.2,4920,3111
1781436137.8453846,7,10,4.0172,1.002,0.0338,0.368,NOMINAL,NORMAL,0,,99,12.7,4880,3111
1781436137.968361,7,10,2.6743,0.724,0.0226,0.251,NOMINAL,NORMAL,0,,99,12.7,4880,3111
1781436138.0951703,7,10,3.9907,1.065,0.0355,0.378,NOMINAL,NORMAL,0,,99,12.7,4880,3111
1781436138.2202468,7,10,4.0107,1.012,0.0357,0.38,NOMINAL,NORMAL,0,,99,12.7,4880,3111
1781436138.3429077,7,10,2.1185,1.107,0.0358,0.444,NOMINAL,NORMAL,0,,99,12.7,4880,3111
1781436138.4701424,7,10,4.0075,1.01,0.0352,0.366,NOMINAL,NORMAL,0,,99,12.7,4880,3111
1781436138.5945349,7,10,3.7085,0.923,0.0228,0.285,NOMINAL,NORMAL,0,,99,12.7,4880,3111
1781436138.7198596,7,10,3.9439,1.043,0.0356,0.37,NOMINAL,NORMAL,0,,99,12.7,4880,3111
1781436138.845276,7,10,4.0651,1.016,0.0338,0.367,NOMINAL,NORMAL,0,,99,13.3,4920,3111
1781436138.9684403,7,10,2.4005,1.004,0.0345,0.363,NOMINAL,NORMAL,0,,99,13.3,4920,3111
1781436139.093765,7,10,3.0491,1.001,0.0349,0.374,NOMINAL,NORMAL,0,,99,13.3,4920,3111
1781436139.2201328,7,10,4.0087,1.01,0.0271,0.285,NOMINAL,NORMAL,0,,99,13.3,4920,3111
1781436139.343483,7,10,2.7195,0.798,0.0239,0.258,NOMINAL,NORMAL,0,,99,13.3,4920,3111
1781436139.4702294,7,10,4.0603,1.017,0.0356,0.38,NOMINAL,NORMAL,0,,99,13.3,4920,3111
1781436139.5935307,7,10,2.9307,0.714,0.0242,0.25,NOMINAL,NORMAL,0,,99,13.3,4920,3111
1781436139.720072,7,10,4.0147,0.958,0.0341,0.362,NOMINAL,NORMAL,0,,99,13.3,4920,3111
1781436139.8451815,7,10,3.9994,1.021,0.0335,0.362,NOMINAL,NORMAL,0,,99,13.0,4880,3111
1781436139.9678571,7,10,2.1487,0.968,0.0349,0.372,NOMINAL,NORMAL,0,,99,13.0,4880,3111
1781436140.0951211,7,10,4.0299,1.049,0.034,0.367,NOMINAL,NORMAL,0,,99,13.0,4880,3111
1781436140.2195358,7,10,3.8146,0.796,0.0244,0.264,NOMINAL,NORMAL,0,,99,13.0,4880,3111
1781436140.3450494,7,10,3.9481,1.006,0.0358,0.369,NOMINAL,NORMAL,0,,99,13.0,4880,3111
1781436140.4696689,7,10,3.6802,0.747,0.0234,0.288,NOMINAL,NORMAL,0,,99,13.0,4880,3111
1781436140.5931358,7,10,2.2668,0.848,0.0322,0.369,NOMINAL,NORMAL,0,,99,13.0,4880,3111
1781436140.7201998,7,10,4.0348,1.01,0.0347,0.37,NOMINAL,NORMAL,0,,99,13.0,4880,3111
1781436140.8451765,7,10,3.94,0.975,0.0327,0.479,NOMINAL,NORMAL,0,,99,12.8,4920,3110
1781436140.9679446,7,10,2.1496,0.961,0.0345,0.365,NOMINAL,NORMAL,0,,99,12.8,4920,3110
1781436141.0952215,7,10,4.0778,1.026,0.0348,0.37,NOMINAL,NORMAL,0,,99,12.8,4920,3110
1781436141.2187936,7,10,3.1468,0.689,0.0248,0.251,NOMINAL,NORMAL,0,,99,12.8,4920,3110
1781436141.345041,7,10,3.9391,0.982,0.0334,0.365,NOMINAL,NORMAL,0,,99,12.8,4920,3110
1781436141.4700437,7,10,3.9477,0.977,0.0339,0.368,NOMINAL,NORMAL,0,,99,12.8,4920,3110
1781436141.5937693,7,10,2.9589,1.117,0.0392,0.309,NOMINAL,NORMAL,0,,99,12.8,4920,3110
1781436141.7196312,7,10,3.844,1.007,0.035,0.372,NOMINAL,NORMAL,0,,99,12.8,4920,3110
1781436141.8448393,7,10,3.9691,0.791,0.0241,0.258,NOMINAL,NORMAL,0,,84,12.5,4920,3110
1781436141.9682665,7,10,2.337,0.838,0.0352,0.368,NOMINAL,NORMAL,0,,84,12.5,4920,3110
1781436142.0950918,7,10,4.0033,0.998,0.0348,0.36,NOMINAL,NORMAL,0,,84,12.5,4920,3110
1781436142.2183318,7,10,2.3862,0.886,0.0341,0.364,NOMINAL,NORMAL,0,,84,12.5,4920,3110
1781436142.345109,7,10,4.0567,0.977,0.0359,0.367,NOMINAL,NORMAL,0,,84,12.5,4920,3110
1781436142.4701493,7,10,4.0585,0.955,0.0335,0.368,NOMINAL,NORMAL,0,,84,12.5,4920,3110
1781436142.59376,7,10,3.0505,0.974,0.0352,0.363,NOMINAL,NORMAL,0,,84,12.5,4920,3110
1781436142.7202022,7,10,4.0313,1.024,0.0335,0.371,NOMINAL,NORMAL,0,,84,12.5,4920,3110
1781436142.8439906,7,10,3.2889,0.698,0.0211,0.248,NOMINAL,NORMAL,0,,99,13.2,4880,3110
1781436142.970068,7,10,3.988,0.968,0.0341,0.358,NOMINAL,NORMAL,0,,99,13.2,4880,3110
1781436143.095018,7,10,4.0184,0.971,0.032,0.351,NOMINAL,NORMAL,0,,99,13.2,4880,3110
1781436143.2177622,7,10,2.1582,0.837,0.0349,0.361,NOMINAL,NORMAL,0,,99,13.2,4880,3110
1781436143.3451924,7,10,4.0376,1.004,0.0355,0.37,NOMINAL,NORMAL,0,,99,13.2,4880,3110
1781436143.4697063,7,10,3.9686,0.782,0.0231,0.243,NOMINAL,NORMAL,0,,99,13.2,4880,3110
1781436143.5938866,7,10,3.1989,0.952,0.0329,0.36,NOMINAL,NORMAL,0,,99,13.2,4880,3110
1781436143.719998,7,10,3.9518,0.918,0.0364,0.353,NOMINAL,NORMAL,0,,99,13.2,4880,3110
1781436143.8434641,7,10,2.5192,0.839,0.0336,0.35,NOMINAL,NORMAL,0,,65,13.8,4880,3110
1781436143.9700592,7,10,3.9756,0.989,0.0356,0.357,NOMINAL,NORMAL,0,,65,13.8,4880,3110
1781436144.0938756,7,10,3.0558,1.036,0.0377,0.376,NOMINAL,NORMAL,0,,65,13.8,4880,3110
1781436144.2188022,7,10,3.5355,0.694,0.0232,0.244,NOMINAL,NORMAL,0,,65,13.8,4880,3110
1781436144.345089,7,10,3.9949,1.0,0.0362,0.366,NOMINAL,NORMAL,0,,65,13.8,4880,3110
1781436144.4693305,7,10,3.4266,0.705,0.0232,0.247,NOMINAL,NORMAL,0,,65,13.8,4880,3110
1781436144.593059,7,10,2.1391,0.849,0.0352,0.363,NOMINAL,NORMAL,0,,65,13.8,4880,3110
1781436144.7200794,7,10,4.0355,0.885,0.0314,0.33,NOMINAL,NORMAL,0,,65,13.8,4880,3110
1781436144.843081,7,10,2.1491,0.945,0.034,0.378,NOMINAL,NORMAL,0,,0,12.5,4880,3110
1781436144.9701545,7,10,4.0545,0.986,0.0344,0.366,NOMINAL,NORMAL,0,,0,12.5,4880,3110
1781436145.0951633,7,10,3.9853,1.192,0.0237,0.26,NOMINAL,NORMAL,0,,0,12.5,4880,3110
1781436145.2195885,7,10,3.8063,1.037,0.0347,0.384,NOMINAL,NORMAL,0,,0,12.5,4880,3110
1781436145.3453386,7,10,3.9757,1.085,0.0373,0.392,NOMINAL,NORMAL,0,,0,12.5,4880,3110
1781436145.46848,7,10,2.7848,0.731,0.0238,0.254,NOMINAL,NORMAL,0,,0,12.5,4880,3110
1781436145.5950546,7,10,3.9951,0.991,0.035,0.359,NOMINAL,NORMAL,0,,0,12.5,4880,3110
1781436145.7203016,7,10,3.9805,1.214,0.0351,0.359,NOMINAL,NORMAL,0,,0,12.5,4880,3110
1781436145.8441138,7,10,3.7442,0.712,0.0226,0.246,NOMINAL,NORMAL,0,,0,12.8,4880,3110
1781436145.9705431,7,10,4.0677,1.265,0.0347,0.409,NOMINAL,NORMAL,0,,0,12.8,4880,3110
1781436146.094693,7,10,3.7496,0.95,0.0454,0.29,NOMINAL,NORMAL,0,,0,12.8,4880,3110
1781436146.2197936,7,10,4.0294,1.015,0.0331,0.371,NOMINAL,NORMAL,0,,0,12.8,4880,3110
1781436146.3451903,7,10,4.0141,0.972,0.0338,0.368,NOMINAL,NORMAL,0,,0,12.8,4880,3110
1781436146.4686818,7,10,2.4679,1.076,0.0369,0.384,NOMINAL,NORMAL,0,,0,12.8,4880,3110
1781436146.59431,7,10,3.2402,1.073,0.0375,0.388,NOMINAL,NORMAL,0,,0,12.8,4880,3110
1781436146.719952,7,10,3.808,0.998,0.0345,0.364,NOMINAL,NORMAL,0,,0,12.8,4880,3110
1781436146.8439076,7,10,3.0301,0.811,0.0351,0.368,NOMINAL,NORMAL,0,,0,12.8,4880,3110
1781436146.9700243,7,10,3.9519,0.995,0.0335,0.362,NOMINAL,NORMAL,0,,0,13.3,4880,3110
1781436147.0940342,7,10,3.16,0.948,0.0239,0.286,NOMINAL,NORMAL,0,,0,13.3,4880,3110
1781436147.2177997,7,10,2.1705,0.895,0.0347,0.361,NOMINAL,NORMAL,0,,0,13.3,4880,3110
1781436147.3451138,7,10,4.0102,0.966,0.0359,0.361,NOMINAL,NORMAL,0,,0,13.3,4880,3110
1781436147.4679723,7,10,2.1866,1.0,0.036,0.378,NOMINAL,NORMAL,0,,0,13.3,4880,3110
1781436147.595099,7,10,3.9827,1.029,0.0371,0.376,NOMINAL,NORMAL,0,,0,13.3,4880,3110
1781436147.7197943,7,10,4.0596,0.714,0.0244,0.25,NOMINAL,NORMAL,0,,0,13.3,4880,3110
1781436147.845504,7,10,3.9885,1.245,0.0355,0.389,NOMINAL,NORMAL,0,,0,13.3,4880,3110
1781436147.9701788,7,10,4.0899,0.989,0.0362,0.368,NOMINAL,NORMAL,0,,0,13.5,4880,3110
1781436148.0933247,7,10,2.4465,0.862,0.0349,0.358,NOMINAL,NORMAL,0,,0,13.5,4880,3110
1781436148.2199805,7,10,3.9199,0.963,0.0343,0.375,NOMINAL,NORMAL,0,,0,13.5,4880,3110
1781436148.3451164,7,10,4.0304,0.973,0.0372,0.379,NOMINAL,NORMAL,0,,0,13.5,4880,3110
1781436148.46809,7,10,2.1955,1.033,0.0345,0.378,NOMINAL,NORMAL,0,,0,13.5,4880,3110
1781436148.595149,7,10,4.0251,1.037,0.0371,0.366,NOMINAL,NORMAL,0,,0,13.5,4880,3110
1781436148.7190833,7,10,3.3424,0.776,0.0228,0.255,NOMINAL,NORMAL,0,,0,13.5,4880,3110
1781436148.8452642,7,10,3.9344,1.215,0.0355,0.361,NOMINAL,NORMAL,0,,0,13.5,4880,3110
1781436148.9701738,7,10,4.0565,1.0,0.0362,0.378,NOMINAL,NORMAL,0,,0,12.8,4880,3110
1781436149.093728,7,10,3.0013,0.981,0.0338,0.327,NOMINAL,NORMAL,0,,0,12.8,4880,3110
1781436149.219906,7,10,3.8571,1.003,0.0347,0.363,NOMINAL,NORMAL,0,,0,12.8,4880,3110
1781436149.3447795,7,10,3.9467,0.801,0.0243,0.249,NOMINAL,NORMAL,0,,0,12.8,4880,3110
1781436149.4683852,7,10,2.3808,0.915,0.0345,0.374,NOMINAL,NORMAL,0,,0,12.8,4880,3110
1781436149.594782,7,10,4.0371,0.755,0.0231,0.31,NOMINAL,NORMAL,0,,0,12.8,4880,3110
1781436149.718368,7,10,2.4328,0.89,0.0351,0.374,NOMINAL,NORMAL,0,,0,12.8,4880,3110
1781436149.8451965,7,10,3.9582,1.239,0.0357,0.382,NOMINAL,NORMAL,0,,0,12.8,4880,3110
1781436149.9703817,7,10,3.9824,1.266,0.035,0.376,NOMINAL,NORMAL,0,,0,13.3,4880,3110
1781436150.0937405,7,10,3.0412,0.965,0.0355,0.355,NOMINAL,NORMAL,0,,0,13.3,4880,3110
1781436150.220192,7,10,4.0185,0.989,0.0352,0.371,NOMINAL,NORMAL,0,,0,13.3,4880,3110
1781436150.3441298,7,10,3.4445,0.71,0.0229,0.253,NOMINAL,NORMAL,0,,0,13.3,4880,3110
1781436150.468161,7,10,2.188,1.038,0.0361,0.401,NOMINAL,NORMAL,0,,0,13.3,4880,3110
1781436150.5951328,7,10,4.0249,1.021,0.0352,0.369,NOMINAL,NORMAL,0,,0,13.3,4880,3110
1781436150.7181494,7,10,2.1535,1.121,0.0328,0.38,NOMINAL,NORMAL,0,,0,13.3,4880,3110
1781436150.8428273,7,10,2.1307,0.885,0.0369,0.428,NOMINAL,NORMAL,0,,0,13.3,4880,3110
1781436150.9699388,7,10,4.0176,0.906,0.022,0.254,NOMINAL,NORMAL,0,,0,12.7,4920,3110
1781436151.0946362,7,10,3.754,1.023,0.0345,0.447,NOMINAL,NORMAL,0,,0,12.7,4920,3110
1781436151.22027,7,10,3.9393,1.238,0.0358,0.373,NOMINAL,NORMAL,0,,0,12.7,4920,3110
1781436151.3436365,7,10,2.7037,0.849,0.0348,0.365,NOMINAL,NORMAL,0,,0,12.7,4920,3110
1781436151.4701133,7,10,3.9862,1.009,0.0363,0.373,NOMINAL,NORMAL,0,,0,12.7,4920,3110
1781436151.595263,7,10,4.0972,1.055,0.0357,0.388,NOMINAL,NORMAL,0,,0,12.7,4920,3110
1781436151.718944,7,10,3.6218,0.72,0.0226,0.254,NOMINAL,NORMAL,0,,0,12.7,4920,3110
1781436151.8450682,7,10,3.9875,0.995,0.0345,0.373,NOMINAL,NORMAL,0,,0,12.7,4920,3110
1781436151.9693553,7,10,3.6457,0.724,0.0229,0.255,NOMINAL,NORMAL,0,,1,13.0,4888,3110
1781436152.0929844,7,10,2.1824,0.864,0.0332,0.365,NOMINAL,NORMAL,0,,1,13.0,4888,3110
1781436152.220093,7,10,4.0176,0.958,0.0343,0.364,NOMINAL,NORMAL,0,,1,13.0,4888,3110
1781436152.3430614,7,10,2.1813,0.877,0.0346,0.366,NOMINAL,NORMAL,0,,1,13.0,4888,3110
1781436152.4679186,7,10,2.1631,0.974,0.0338,0.365,NOMINAL,NORMAL,0,,1,13.0,4888,3110
1781436152.595202,7,10,4.0277,1.128,0.0268,0.295,NOMINAL,NORMAL,0,,1,13.0,4888,3110
1781436152.7195828,7,10,3.8572,0.988,0.0352,0.376,NOMINAL,NORMAL,0,,1,13.0,4888,3110
1781436152.8451848,7,10,4.0856,0.963,0.0346,0.365,NOMINAL,NORMAL,0,,1,13.0,4888,3110
1781436152.9686835,7,10,2.9626,0.736,0.0232,0.255,NOMINAL,NORMAL,0,,23,13.3,4880,3110
1781436153.0950851,7,10,3.9773,1.024,0.0359,0.374,NOMINAL,NORMAL,0,,23,13.3,4880,3110
1781436153.219648,7,10,3.8518,1.01,0.0353,0.376,NOMINAL,NORMAL,0,,23,13.3,4880,3110
1781436153.3427498,7,10,2.1425,0.856,0.0633,0.404,NOMINAL,NORMAL,0,,23,13.3,4880,3110
1781436153.4702141,7,10,4.1127,0.985,0.0353,0.376,NOMINAL,NORMAL,0,,23,13.3,4880,3110
1781436153.5945997,7,10,3.9106,0.723,0.0243,0.274,NOMINAL,NORMAL,0,,23,13.3,4880,3110
1781436153.7198818,7,10,3.9176,0.987,0.0351,0.373,NOMINAL,NORMAL,0,,23,13.3,4880,3110
1781436153.8452191,7,10,4.0491,1.005,0.0371,0.374,NOMINAL,NORMAL,0,,23,13.3,4880,3110
1781436153.9682055,7,10,2.2469,0.849,0.0342,0.371,NOMINAL,NORMAL,0,,33,12.5,4880,3110
1781436154.0952716,7,10,3.9744,0.991,0.0331,0.356,NOMINAL,NORMAL,0,,33,12.5,4880,3110
1781436154.2200303,7,10,3.9618,0.967,0.0343,0.366,NOMINAL,NORMAL,0,,33,12.5,4880,3110
1781436154.3436682,7,10,3.0928,0.707,0.0227,0.244,NOMINAL,NORMAL,0,,33,12.5,4880,3110
1781436154.4701707,7,10,4.0475,1.0,0.0352,0.369,NOMINAL,NORMAL,0,,33,12.5,4880,3110
1781436154.5938559,7,10,3.1542,0.753,0.0241,0.253,NOMINAL,NORMAL,0,,33,12.5,4880,3110
1781436154.717768,7,10,2.2162,0.843,0.0357,0.374,NOMINAL,NORMAL,0,,33,12.5,4880,3110
1781436154.8451698,7,10,4.0974,0.943,0.0357,0.362,NOMINAL,NORMAL,0,,33,12.5,4880,3110
1781436154.9679456,7,10,2.1779,0.989,0.0349,0.367,NOMINAL,NORMAL,0,,99,12.5,4888,3110
1781436155.0951242,7,10,4.017,1.027,0.0346,0.375,NOMINAL,NORMAL,0,,99,12.5,4888,3110
1781436155.2197342,7,10,4.0401,0.733,0.0231,0.254,NOMINAL,NORMAL,0,,99,12.5,4888,3110
1781436155.3451102,7,10,4.048,0.998,0.0365,0.376,NOMINAL,NORMAL,0,,99,12.5,4888,3110
1781436155.47009,7,10,4.0133,0.99,0.0335,0.35,NOMINAL,NORMAL,0,,99,12.5,4888,3110
1781436155.5934625,7,10,2.4258,0.935,0.0376,0.388,NOMINAL,NORMAL,0,,99,12.5,4888,3110
1781436155.7204306,7,10,3.979,1.048,0.036,0.386,NOMINAL,NORMAL,0,,99,12.5,4888,3110
1781436155.8452232,7,10,4.0232,1.021,0.0355,0.377,NOMINAL,NORMAL,0,,99,12.5,4888,3110
1781436155.9682484,7,10,2.5317,0.944,0.0308,0.343,NOMINAL,NORMAL,0,,99,14.0,4880,3110
1781436156.0950131,7,10,3.9961,0.955,0.0332,0.346,NOMINAL,NORMAL,0,,99,14.0,4880,3110
1781436156.2193923,7,10,3.6,0.806,0.0246,0.283,NOMINAL,NORMAL,0,,99,14.0,4880,3110
1781436156.3451052,7,10,3.9987,0.993,0.0339,0.368,NOMINAL,NORMAL,0,,99,14.0,4880,3110
1781436156.470149,7,10,4.0477,0.985,0.0358,0.368,NOMINAL,NORMAL,0,,99,14.0,4880,3110
1781436156.5928853,7,10,2.1626,0.88,0.0349,0.378,NOMINAL,NORMAL,0,,99,14.0,4880,3110
1781436156.7201831,7,10,4.0014,1.024,0.0339,0.384,NOMINAL,NORMAL,0,,99,14.0,4880,3110
1781436156.8449504,7,10,3.9672,0.898,0.0243,0.265,NOMINAL,NORMAL,0,,99,14.0,4880,3110
1781436156.9685175,7,10,2.5152,0.893,0.0338,0.374,NOMINAL,NORMAL,0,,99,13.5,4920,3110
1781436157.0953119,7,10,3.9502,1.005,0.0349,0.378,NOMINAL,NORMAL,0,,99,13.5,4920,3110
1781436157.2182858,7,10,2.5711,0.714,0.0229,0.295,NOMINAL,NORMAL,0,,99,13.5,4920,3110
1781436157.3428657,7,10,2.1469,0.89,0.0362,0.417,NOMINAL,NORMAL,0,,99,13.5,4920,3110
1781436157.4702501,7,10,4.0562,1.021,0.0365,0.39,NOMINAL,NORMAL,0,,99,13.5,4920,3110
1781436157.593806,7,10,3.5164,0.725,0.0238,0.254,NOMINAL,NORMAL,0,,99,13.5,4920,3110
1781436157.7201602,7,10,3.9558,1.029,0.0348,0.381,NOMINAL,NORMAL,0,,99,13.5,4920,3110
1781436157.8442538,7,10,3.5374,0.723,0.0233,0.254,NOMINAL,NORMAL,0,,99,13.5,4920,3110
1781436157.9701757,7,10,4.0295,1.022,0.034,0.374,NOMINAL,NORMAL,0,,99,12.7,4880,3110
1781436158.0952337,7,10,4.0098,1.096,0.0345,0.38,NOMINAL,NORMAL,0,,99,12.7,4880,3110
1781436158.2180128,7,10,2.1491,0.901,0.0342,0.376,NOMINAL,NORMAL,0,,99,12.7,4880,3110
1781436158.3451726,7,10,4.0598,0.99,0.0363,0.38,NOMINAL,NORMAL,0,,99,12.7,4880,3110
1781436158.4700985,7,10,3.9741,1.073,0.0257,0.281,NOMINAL,NORMAL,0,,99,12.7,4880,3110
1781436158.593859,7,10,3.0666,1.021,0.0353,0.373,NOMINAL,NORMAL,0,,99,12.7,4880,3110
1781436158.7202573,7,10,4.0205,1.026,0.0369,0.383,NOMINAL,NORMAL,0,,99,12.7,4880,3110
1781436158.8435323,7,10,2.7919,0.73,0.0233,0.251,NOMINAL,NORMAL,0,,99,12.7,4880,3110
1781436158.9701507,7,10,4.0002,1.004,0.0338,0.37,NOMINAL,NORMAL,0,,99,13.0,4920,3110
1781436159.0950615,7,10,3.9607,1.034,0.0359,0.37,NOMINAL,NORMAL,0,,99,13.0,4920,3110
1781436159.2176986,7,10,2.1761,0.844,0.0347,0.361,NOMINAL,NORMAL,0,,99,13.0,4920,3110
1781436159.3451505,7,10,4.0004,1.02,0.0367,0.376,NOMINAL,NORMAL,0,,99,13.0,4920,3110
1781436159.4694998,7,10,3.7836,0.733,0.0248,0.257,NOMINAL,NORMAL,0,,99,13.0,4920,3110
1781436159.5930388,7,10,2.2236,0.88,0.0355,0.367,NOMINAL,NORMAL,0,,99,13.0,4920,3110
1781436159.7202237,7,10,3.992,1.024,0.0359,0.378,NOMINAL,NORMAL,0,,99,13.0,4920,3110
1781436159.8434215,7,10,2.1287,0.964,0.036,0.383,NOMINAL,NORMAL,0,,99,13.0,4920,3110
1781436159.9681087,7,10,2.2238,1.038,0.0344,0.366,NOMINAL,NORMAL,0,,99,13.0,4920,3110
1781436160.095405,7,10,3.9864,1.15,0.0253,0.273,NOMINAL,NORMAL,0,,99,13.0,4920,3110
1781436160.219584,7,10,3.8244,1.016,0.0351,0.378,NOMINAL,NORMAL,0,,99,13.0,4920,3110
1781436160.3451214,7,10,4.0223,0.974,0.0336,0.368,NOMINAL,NORMAL,0,,99,13.0,4920,3110
1781436160.4687436,7,10,3.0158,0.76,0.0226,0.255,NOMINAL,NORMAL,0,,99,13.0,4920,3110
1781436160.595096,7,10,4.0121,1.003,0.0363,0.366,NOMINAL,NORMAL,0,,99,13.0,4920,3110
1781436160.7201657,7,10,3.9726,1.027,0.0352,0.371,NOMINAL,NORMAL,0,,99,13.0,4920,3110
1781436160.843021,7,10,2.1159,0.924,0.0356,0.376,NOMINAL,NORMAL,0,,99,13.0,4920,3110
1781436160.9703832,7,10,4.0611,1.071,0.0358,0.382,NOMINAL,NORMAL,0,,99,13.0,4920,3110
1781436161.094754,7,10,3.9435,0.776,0.0246,0.305,NOMINAL,NORMAL,0,,99,13.0,4920,3110
1781436161.2195802,7,10,3.8259,1.02,0.0348,0.363,NOMINAL,NORMAL,0,,99,13.0,4920,3110
1781436161.3451624,7,10,4.0027,0.996,0.035,0.362,NOMINAL,NORMAL,0,,99,13.0,4920,3110
1781436161.468301,7,10,2.3644,0.881,0.0333,0.369,NOMINAL,NORMAL,0,,99,13.0,4920,3110
1781436161.5951154,7,10,4.0153,1.044,0.0357,0.375,NOMINAL,NORMAL,0,,99,13.0,4920,3110
1781436161.7201664,7,10,3.9916,1.025,0.0357,0.391,NOMINAL,NORMAL,0,,99,13.0,4920,3110
1781436161.8438482,7,10,3.1825,0.756,0.024,0.253,NOMINAL,NORMAL,0,,99,13.0,4920,3110
1781436161.9701943,7,10,4.0556,0.988,0.0345,0.363,NOMINAL,NORMAL,0,,96,12.8,4920,3111
1781436162.0939388,7,10,3.259,0.724,0.0243,0.251,NOMINAL,NORMAL,0,,96,12.8,4920,3111
1781436162.2177444,7,10,2.1731,0.864,0.0341,0.368,NOMINAL,NORMAL,0,,96,12.8,4920,3111
1781436162.345133,7,10,3.9768,0.984,0.0352,0.367,NOMINAL,NORMAL,0,,96,12.8,4920,3111
1781436162.468099,7,10,2.1972,0.998,0.036,0.379,NOMINAL,NORMAL,0,,96,12.8,4920,3111
1781436162.5937843,7,10,3.065,0.975,0.0352,0.361,NOMINAL,NORMAL,0,,96,12.8,4920,3111
1781436162.7198129,7,10,3.9713,0.823,0.023,0.248,NOMINAL,NORMAL,0,,96,12.8,4920,3111
1781436162.8434997,7,10,2.4232,0.922,0.0362,0.381,NOMINAL,NORMAL,0,,96,12.8,4920,3111
1781436162.9702015,7,10,4.0063,1.011,0.035,0.381,NOMINAL,NORMAL,0,,37,13.7,4920,3111
1781436163.093642,7,10,2.4425,0.886,0.0348,0.365,NOMINAL,NORMAL,0,,37,13.7,4920,3111
1781436163.2200844,7,10,3.9223,1.001,0.0352,0.391,NOMINAL,NORMAL,0,,37,13.7,4920,3111
1781436163.3453593,7,10,4.0181,0.974,0.0354,0.375,NOMINAL,NORMAL,0,,37,13.7,4920,3111
1781436163.4681065,7,10,2.1474,1.147,0.0345,0.383,NOMINAL,NORMAL,0,,37,13.7,4920,3111
1781436163.595128,7,10,4.0309,1.009,0.0361,0.366,NOMINAL,NORMAL,0,,37,13.7,4920,3111
1781436163.7191467,7,10,3.4479,0.731,0.0224,0.249,NOMINAL,NORMAL,0,,37,13.7,4920,3111
1781436163.8450658,7,10,4.0129,0.997,0.0343,0.367,NOMINAL,NORMAL,0,,37,13.7,4920,3111
1781436163.9679933,7,10,2.2071,0.99,0.0342,0.371,NOMINAL,NORMAL,0,,38,12.8,4880,3111
1781436164.0930321,7,10,2.2014,0.912,0.0349,0.379,NOMINAL,NORMAL,0,,38,12.8,4880,3111
1781436164.2202249,7,10,4.0305,1.042,0.0354,0.375,NOMINAL,NORMAL,0,,38,12.8,4880,3111
1781436164.3449833,7,10,4.0256,0.905,0.0232,0.253,NOMINAL,NORMAL,0,,38,12.8,4880,3111
1781436164.468582,7,10,2.6685,0.869,0.0341,0.359,NOMINAL,NORMAL,0,,38,12.8,4880,3111
1781436164.5951793,7,10,4.0766,1.018,0.0343,0.365,NOMINAL,NORMAL,0,,38,12.8,4880,3111
1781436164.7184222,7,10,2.6844,0.75,0.0233,0.261,NOMINAL,NORMAL,0,,38,12.8,4880,3111
1781436164.8429556,7,10,2.1592,0.955,0.0362,0.37,NOMINAL,NORMAL,0,,38,12.8,4880,3111
1781436164.9686344,7,10,2.5951,0.998,0.0364,0.348,NOMINAL,NORMAL,0,,38,12.8,4880,3111
1781436165.093502,7,10,3.0885,0.804,0.0228,0.248,NOMINAL,NORMAL,0,,0,12.8,4880,3111
1781436165.2195854,7,10,3.8728,0.989,0.0333,0.363,NOMINAL,NORMAL,0,,0,12.8,4880,3111
1781436165.3444035,7,10,3.7201,0.709,0.0236,0.25,NOMINAL,NORMAL,0,,0,12.8,4880,3111
1781436165.4701946,7,10,4.0616,0.995,0.035,0.374,NOMINAL,NORMAL,0,,0,12.8,4880,3111
1781436165.5950243,7,10,3.9825,0.993,0.0348,0.376,NOMINAL,NORMAL,0,,0,12.8,4880,3111
1781436165.718091,7,10,2.1708,0.898,0.0339,0.378,NOMINAL,NORMAL,0,,0,12.8,4880,3111
1781436165.8446758,7,10,3.8988,0.793,0.0242,0.263,NOMINAL,NORMAL,0,,0,12.8,4880,3111
1781436165.970008,7,10,4.0224,0.988,0.0275,0.304,NOMINAL,NORMAL,0,,0,12.8,4880,3111
1781436166.0937703,7,10,3.0555,0.988,0.0349,0.361,NOMINAL,NORMAL,0,,0,12.5,4920,3111
1781436166.2200727,7,10,3.9222,1.004,0.0348,0.368,NOMINAL,NORMAL,0,,0,12.5,4920,3111
1781436166.3436096,7,10,2.9709,0.696,0.0226,0.248,NOMINAL,NORMAL,0,,0,12.5,4920,3111
1781436166.470207,7,10,4.0172,1.023,0.0345,0.37,NOMINAL,NORMAL,0,,0,12.5,4920,3111
1781436166.5951588,7,10,4.0245,1.029,0.0362,0.366,NOMINAL,NORMAL,0,,0,12.5,4920,3111
1781436166.7177653,7,10,2.1782,0.853,0.0364,0.385,NOMINAL,NORMAL,0,,0,12.5,4920,3111
1781436166.8453555,7,10,4.0646,1.069,0.0372,0.384,NOMINAL,NORMAL,0,,0,12.5,4920,3111
1781436166.9695902,7,10,3.8654,0.724,0.0252,0.251,NOMINAL,NORMAL,0,,0,12.5,4920,3111
1781436167.0931442,7,10,2.2595,0.888,0.0329,0.368,NOMINAL,NORMAL,0,,7,14.0,4880,3111
1781436167.2201023,7,10,4.002,0.972,0.0357,0.369,NOMINAL,NORMAL,0,,7,14.0,4880,3111
1781436167.3433886,7,10,2.1912,0.901,0.0345,0.38,NOMINAL,NORMAL,0,,7,14.0,4880,3111
1781436167.467902,7,10,2.1664,0.969,0.0347,0.367,NOMINAL,NORMAL,0,,7,14.0,4880,3111
1781436167.5951126,7,10,4.021,1.053,0.0349,0.376,NOMINAL,NORMAL,0,,7,14.0,4880,3111
1781436167.7195425,7,10,3.7967,1.014,0.0363,0.371,NOMINAL,NORMAL,0,,7,14.0,4880,3111
1781436167.8453093,7,10,4.0087,0.988,0.0367,0.368,NOMINAL,NORMAL,0,,7,14.0,4880,3111
1781436167.9689212,7,10,3.1802,0.742,0.024,0.251,NOMINAL,NORMAL,0,,7,14.0,4880,3111
1781436168.0951912,7,10,4.0027,1.062,0.0356,0.372,NOMINAL,NORMAL,0,,0,13.2,4920,3111
1781436168.2201433,7,10,4.0748,0.94,0.0359,0.371,NOMINAL,NORMAL,0,,0,13.2,4920,3111
1781436168.34386,7,10,3.0731,0.999,0.0266,0.276,NOMINAL,NORMAL,0,,0,13.2,4920,3111
1781436168.470204,7,10,4.0391,1.021,0.038,0.408,NOMINAL,NORMAL,0,,0,13.2,4920,3111
1781436168.5950084,7,10,4.0329,1.011,0.0257,0.268,NOMINAL,NORMAL,0,,0,13.2,4920,3111
1781436168.7196414,7,10,3.8638,1.038,0.0379,0.374,NOMINAL,NORMAL,0,,0,13.2,4920,3111
1781436168.8451145,7,10,4.073,0.95,0.025,0.272,NOMINAL,NORMAL,0,,0,13.2,4920,3111
1781436168.9685223,7,10,2.4613,0.964,0.0348,0.386,NOMINAL,NORMAL,0,,0,13.2,4920,3111
1781436169.095238,7,10,4.0234,1.103,0.0366,0.39,NOMINAL,NORMAL,0,,0,12.7,4920,3111
1781436169.220151,7,10,3.985,1.013,0.0352,0.375,NOMINAL,NORMAL,0,,0,12.7,4920,3111
1781436169.3428795,7,10,2.163,0.923,0.0371,0.421,NOMINAL,NORMAL,0,,0,12.7,4920,3111
1781436169.4701977,7,10,4.0162,1.019,0.0358,0.375,NOMINAL,NORMAL,0,,0,12.7,4920,3111
1781436169.59401,7,10,3.4378,0.722,0.0239,0.254,NOMINAL,NORMAL,0,,0,12.7,4920,3111
1781436169.7177498,7,10,2.1532,0.868,0.0337,0.37,NOMINAL,NORMAL,0,,0,12.7,4920,3111
1781436169.8451505,7,10,3.9775,0.99,0.035,0.37,NOMINAL,NORMAL,0,,0,12.7,4920,3111
1781436169.9682562,7,10,2.3327,1.01,0.0353,0.367,NOMINAL,NORMAL,0,,0,12.7,4920,3111
1781436170.0954306,7,10,4.0561,1.321,0.0346,0.376,NOMINAL,NORMAL,0,,0,13.8,4880,3111
1781436170.2198224,7,10,3.9081,0.949,0.0239,0.259,NOMINAL,NORMAL,0,,0,13.8,4880,3111
1781436170.3449497,7,10,4.0057,1.003,0.0354,0.379,NOMINAL,NORMAL,0,,0,13.8,4880,3111
1781436170.4702027,7,10,3.9983,1.207,0.0346,0.37,NOMINAL,NORMAL,0,,0,13.8,4880,3111
1781436170.593688,7,10,2.7353,1.05,0.0335,0.37,NOMINAL,NORMAL,0,,0,13.8,4880,3111
1781436170.720275,7,10,3.9495,1.217,0.0354,0.386,NOMINAL,NORMAL,0,,0,13.8,4880,3111
1781436170.8450243,7,10,3.8866,1.203,0.0349,0.373,NOMINAL,NORMAL,0,,0,13.8,4880,3111
1781436170.9678843,7,10,2.1197,1.167,0.0358,0.37,NOMINAL,NORMAL,0,,0,13.8,4880,3111
1781436171.0949836,7,10,3.9635,1.038,0.0364,0.379,NOMINAL,NORMAL,0,,0,13.0,4880,3111
1781436171.2194855,7,10,3.4457,0.875,0.0224,0.246,NOMINAL,NORMAL,0,,0,13.0,4880,3111
1781436171.345235,7,10,3.999,0.982,0.0351,0.357,NOMINAL,NORMAL,0,,0,13.0,4880,3111
1781436171.4701707,7,10,3.9381,1.174,0.035,0.368,NOMINAL,NORMAL,0,,0,13.0,4880,3111
1781436171.5931349,7,10,2.1752,1.107,0.0353,0.367,NOMINAL,NORMAL,0,,0,13.0,4880,3111
1781436171.7200887,7,10,3.9299,1.185,0.0333,0.368,NOMINAL,NORMAL,0,,0,13.0,4880,3111
1781436171.844018,7,10,3.3054,0.746,0.024,0.255,NOMINAL,NORMAL,0,,0,13.0,4880,3111
1781436171.9688158,7,10,2.7316,1.094,0.0346,0.38,NOMINAL,NORMAL,0,,0,13.0,4880,3111
1781436172.0952919,7,10,3.9844,1.244,0.0362,0.377,NOMINAL,NORMAL,0,,45,12.2,4928,3111
1781436172.2187202,7,10,2.8181,0.881,0.022,0.348,NOMINAL,NORMAL,0,,45,12.2,4928,3111
1781436172.3427956,7,10,2.1426,0.882,0.0372,0.414,NOMINAL,NORMAL,0,,45,12.2,4928,3111
1781436172.4702566,7,10,4.0672,1.019,0.0375,0.383,NOMINAL,NORMAL,0,,45,12.2,4928,3111
1781436172.5935366,7,10,3.0876,0.836,0.0235,0.245,NOMINAL,NORMAL,0,,45,12.2,4928,3111
1781436172.7193446,7,10,3.7445,1.0,0.0353,0.371,NOMINAL,NORMAL,0,,45,12.2,4928,3111
1781436172.84443,7,10,3.8554,0.672,0.0243,0.246,NOMINAL,NORMAL,0,,45,12.2,4928,3111
1781436172.9701688,7,10,4.0601,0.993,0.038,0.375,NOMINAL,NORMAL,0,,45,12.2,4928,3111
1781436173.0954988,7,10,4.0676,1.286,0.0343,0.382,NOMINAL,NORMAL,0,,39,13.0,4888,3111
1781436173.2181845,7,10,2.1835,0.887,0.0365,0.376,NOMINAL,NORMAL,0,,39,13.0,4888,3111
1781436173.3451903,7,10,3.9895,1.036,0.0374,0.383,NOMINAL,NORMAL,0,,39,13.0,4888,3111
1781436173.4703293,7,10,4.0024,1.282,0.0261,0.31,NOMINAL,NORMAL,0,,39,13.0,4888,3111
1781436173.5936172,7,10,2.9178,1.029,0.0356,0.378,NOMINAL,NORMAL,0,,39,13.0,4888,3111
1781436173.7181122,7,10,2.205,1.194,0.0372,0.391,NOMINAL,NORMAL,0,,39,13.0,4888,3111
1781436173.8439703,7,10,3.0822,0.947,0.0238,0.254,NOMINAL,NORMAL,0,,39,13.0,4888,3111
1781436173.9703286,7,10,4.0148,1.287,0.0366,0.371,NOMINAL,NORMAL,0,,39,13.0,4888,3111
1781436174.0952516,7,10,3.9924,1.1,0.0362,0.376,NOMINAL,NORMAL,0,,55,13.3,4888,3111
1781436174.2177856,7,10,2.1848,0.875,0.0367,0.371,NOMINAL,NORMAL,0,,55,13.3,4888,3111
1781436174.3454194,7,10,4.0216,1.015,0.0357,0.367,NOMINAL,NORMAL,0,,55,13.3,4888,3111
1781436174.4698613,7,10,3.9607,0.939,0.023,0.246,NOMINAL,NORMAL,0,,55,13.3,4888,3111
1781436174.594979,7,10,3.7662,1.256,0.0363,0.367,NOMINAL,NORMAL,0,,55,13.3,4888,3111
1781436174.7205071,7,10,3.9193,1.212,0.0353,0.361,NOMINAL,NORMAL,0,,55,13.3,4888,3111
1781436174.843586,7,10,2.3294,1.105,0.0372,0.422,NOMINAL,NORMAL,0,,55,13.3,4888,3111
1781436174.967968,7,10,2.1347,1.04,0.0357,0.384,NOMINAL,NORMAL,0,,55,13.3,4888,3111
1781436175.0953708,7,10,3.98,1.308,0.0352,0.383,NOMINAL,NORMAL,0,,99,12.2,4888,3111
1781436175.2187338,7,10,3.2192,0.712,0.0242,0.281,NOMINAL,NORMAL,0,,99,12.2,4888,3111
1781436175.3455763,7,10,4.0107,1.236,0.0358,0.375,NOMINAL,NORMAL,0,,99,12.2,4888,3111
1781436175.4691353,7,10,3.1767,0.741,0.0229,0.255,NOMINAL,NORMAL,0,,99,12.2,4888,3111
1781436175.5953655,7,10,3.9799,1.049,0.0356,0.375,NOMINAL,NORMAL,0,,99,12.2,4888,3111
1781436175.7205937,7,10,3.9621,1.22,0.0335,0.373,NOMINAL,NORMAL,0,,99,12.2,4888,3111
1781436175.843296,7,10,2.1449,1.147,0.0342,0.37,NOMINAL,NORMAL,0,,99,12.2,4888,3111
1781436175.9700522,7,10,4.0355,0.984,0.037,0.373,NOMINAL,NORMAL,0,,99,12.2,4888,3111
1781436176.0940843,7,10,3.189,1.052,0.0361,0.392,NOMINAL,NORMAL,0,,99,12.2,4848,3111
1781436176.2200289,7,10,3.9293,1.027,0.0373,0.382,NOMINAL,NORMAL,0,,99,12.2,4848,3111
1781436176.345131,7,10,3.9926,0.98,0.0356,0.37,NOMINAL,NORMAL,0,,99,12.2,4848,3111
1781436176.4688816,7,10,2.4481,1.111,0.0344,0.371,NOMINAL,NORMAL,0,,99,12.2,4848,3111
1781436176.5951126,7,10,3.9877,1.044,0.0357,0.372,NOMINAL,NORMAL,0,,99,12.2,4848,3111
1781436176.720416,7,10,3.9782,0.98,0.0357,0.371,NOMINAL,NORMAL,0,,99,12.2,4848,3111
1781436176.8431203,7,10,2.1398,1.176,0.0357,0.382,NOMINAL,NORMAL,0,,99,12.2,4848,3111
1781436176.97006,7,10,3.9634,0.998,0.0362,0.375,NOMINAL,NORMAL,0,,99,12.2,4848,3111
1781436177.0942326,7,10,3.5257,0.741,0.0229,0.252,NOMINAL,NORMAL,0,,99,13.0,4880,3111
1781436177.2188008,7,10,2.1599,1.394,0.0373,0.419,NOMINAL,NORMAL,0,,99,13.0,4880,3111
1781436177.3454518,7,10,4.0194,1.007,0.0358,0.372,NOMINAL,NORMAL,0,,99,13.0,4880,3111
1781436177.4683244,7,10,2.3198,1.004,0.0354,0.386,NOMINAL,NORMAL,0,,99,13.0,4880,3111
1781436177.5936952,7,10,2.9965,0.974,0.0352,0.369,NOMINAL,NORMAL,0,,99,13.0,4880,3111
1781436177.7203696,7,10,3.9528,1.13,0.0215,0.274,NOMINAL,NORMAL,0,,99,13.0,4880,3111
1781436177.843696,7,10,2.5721,0.898,0.0337,0.366,NOMINAL,NORMAL,0,,99,13.0,4880,3111
1781436177.9706163,7,10,4.052,1.216,0.0327,0.394,NOMINAL,NORMAL,0,,99,13.0,4880,3111
1781436178.0935326,7,10,2.6994,0.701,0.0226,0.242,NOMINAL,NORMAL,0,,99,13.3,4880,3111
1781436178.2204366,7,10,4.0019,1.024,0.0365,0.384,NOMINAL,NORMAL,0,,99,13.3,4880,3111
1781436178.3452523,7,10,3.9616,0.967,0.0321,0.355,NOMINAL,NORMAL,0,,99,13.3,4880,3111
1781436178.4683082,7,10,2.31,1.001,0.0356,0.371,NOMINAL,NORMAL,0,,99,13.3,4880,3111
1781436178.5951827,7,10,3.9222,1.007,0.0379,0.373,NOMINAL,NORMAL,0,,99,13.3,4880,3111
1781436178.7195354,7,10,3.5773,0.712,0.0243,0.253,NOMINAL,NORMAL,0,,99,13.3,4880,3111
1781436178.8450851,7,10,4.0235,1.0,0.0357,0.368,NOMINAL,NORMAL,0,,99,13.3,4880,3111
1781436178.9701653,7,10,4.0539,0.987,0.0357,0.365,NOMINAL,NORMAL,0,,99,13.3,4880,3111
1781436179.0932283,7,10,2.273,0.914,0.035,0.376,NOMINAL,NORMAL,0,,99,13.3,4920,3111
1781436179.2196782,7,10,3.8182,1.062,0.0362,0.378,NOMINAL,NORMAL,0,,99,13.3,4920,3111
1781436179.3453076,7,10,4.0253,0.98,0.0268,0.285,NOMINAL,NORMAL,0,,99,13.3,4920,3111
1781436179.4683251,7,10,2.5,1.018,0.0353,0.379,NOMINAL,NORMAL,0,,99,13.3,4920,3111
1781436179.5951924,7,10,4.0189,1.067,0.0367,0.381,NOMINAL,NORMAL,0,,99,13.3,4920,3111
1781436179.7192552,7,10,2.9865,1.096,0.037,0.388,NOMINAL,NORMAL,0,,99,13.3,4920,3111
1781436179.8435378,7,10,2.4431,1.286,0.0362,0.382,NOMINAL,NORMAL,0,,99,13.3,4920,3111
1781436179.9704401,7,10,4.0772,1.287,0.0348,0.37,NOMINAL,NORMAL,0,,99,13.3,4920,3111
1781436180.0939882,7,10,3.2034,1.068,0.0265,0.266,NOMINAL,NORMAL,0,,99,12.2,4920,3111
1781436180.2199678,7,10,3.8671,1.3,0.0337,0.379,NOMINAL,NORMAL,0,,99,12.2,4920,3111
1781436180.344694,7,10,3.8811,0.761,0.0239,0.248,NOMINAL,NORMAL,0,,99,12.2,4920,3111
1781436180.4684522,7,10,2.2593,1.127,0.0346,0.378,NOMINAL,NORMAL,0,,99,12.2,4920,3111
1781436180.5951169,7,10,4.0104,1.023,0.0351,0.376,NOMINAL,NORMAL,0,,99,12.2,4920,3111
1781436180.718251,7,10,2.3162,0.877,0.0364,0.373,NOMINAL,NORMAL,0,,99,12.2,4920,3111
1781436180.8451185,7,10,4.0401,0.904,0.0319,0.402,NOMINAL,NORMAL,0,,99,12.2,4920,3111
1781436180.970263,7,10,4.1422,1.004,0.0344,0.377,NOMINAL,NORMAL,0,,99,12.2,4920,3111
1781436181.0938008,7,10,3.0568,1.015,0.0348,0.376,NOMINAL,NORMAL,0,,52,12.3,4880,3111
1781436181.2202015,7,10,4.0304,1.019,0.0357,0.374,NOMINAL,NORMAL,0,,52,12.3,4880,3111
1781436181.3439941,7,10,3.0823,0.747,0.0231,0.253,NOMINAL,NORMAL,0,,52,12.3,4880,3111
1781436181.4683702,7,10,2.3008,1.045,0.0341,0.375,NOMINAL,NORMAL,0,,52,12.3,4880,3111
1781436181.5952442,7,10,3.9843,1.249,0.0351,0.362,NOMINAL,NORMAL,0,,52,12.3,4880,3111
1781436181.7176354,7,10,2.1703,0.809,0.0325,0.36,NOMINAL,NORMAL,0,,52,12.3,4880,3111
1781436181.8451793,7,10,3.9601,1.014,0.0346,0.377,NOMINAL,NORMAL,0,,52,12.3,4880,3111
1781436181.969846,7,10,4.1297,0.743,0.0228,0.251,NOMINAL,NORMAL,0,,52,12.3,4880,3111
1781436182.0942822,7,10,3.513,1.045,0.0359,0.373,NOMINAL,NORMAL,0,,42,12.3,4920,3111
1781436182.220418,7,10,4.0443,1.05,0.0368,0.383,NOMINAL,NORMAL,0,,42,12.3,4920,3111
1781436182.3435578,7,10,2.4973,0.948,0.0376,0.378,NOMINAL,NORMAL,0,,42,12.3,4920,3111
1781436182.4680867,7,10,2.242,1.036,0.0356,0.377,NOMINAL,NORMAL,0,,42,12.3,4920,3111
1781436182.595239,7,10,4.1049,1.04,0.0353,0.373,NOMINAL,NORMAL,0,,42,12.3,4920,3111
1781436182.7188673,7,10,3.4181,0.787,0.0249,0.266,NOMINAL,NORMAL,0,,42,12.3,4920,3111
1781436182.8452442,7,10,4.0782,1.003,0.0338,0.372,NOMINAL,NORMAL,0,,42,12.3,4920,3111
1781436182.9691403,7,10,3.4443,0.729,0.0246,0.254,NOMINAL,NORMAL,0,,42,12.3,4920,3111
1781436183.0928984,7,10,2.1939,0.897,0.0355,0.371,NOMINAL,NORMAL,0,,10,12.5,4920,3111
1781436183.2200944,7,10,3.9957,0.942,0.0352,0.372,NOMINAL,NORMAL,0,,10,12.5,4920,3111
1781436183.3434315,7,10,2.1673,1.227,0.0361,0.424,NOMINAL,NORMAL,0,,10,12.5,4920,3111
1781436183.4705086,7,10,4.012,1.022,0.0367,0.382,NOMINAL,NORMAL,0,,10,12.5,4920,3111
1781436183.595189,7,10,4.0618,1.127,0.024,0.264,NOMINAL,NORMAL,0,,10,12.5,4920,3111
1781436183.7196546,7,10,3.8958,1.029,0.0347,0.37,NOMINAL,NORMAL,0,,10,12.5,4920,3111
1781436183.844901,7,10,3.6968,1.011,0.0355,0.372,NOMINAL,NORMAL,0,,10,12.5,4920,3111
1781436183.969834,7,10,3.735,0.992,0.0353,0.377,NOMINAL,NORMAL,0,,10,12.5,4920,3111
1781436184.093695,7,10,3.1522,0.769,0.024,0.331,NOMINAL,NORMAL,0,,10,12.5,4920,3111
1781436184.2197533,7,10,3.8051,0.907,0.0306,0.327,NOMINAL,NORMAL,0,,65,13.8,4880,3111
1781436184.342978,7,10,2.1537,0.992,0.0355,0.384,NOMINAL,NORMAL,0,,65,13.8,4880,3111
1781436184.4686394,7,10,2.3862,1.065,0.0368,0.396,NOMINAL,NORMAL,0,,65,13.8,4880,3111
1781436184.5943108,7,10,3.7396,0.677,0.0226,0.246,NOMINAL,NORMAL,0,,65,13.8,4880,3111
1781436184.7200174,7,10,4.0098,0.976,0.0349,0.357,NOMINAL,NORMAL,0,,65,13.8,4880,3111
1781436184.8454719,7,10,4.1029,0.982,0.0352,0.367,NOMINAL,NORMAL,0,,65,13.8,4880,3111
1781436184.9688058,7,10,2.54,1.016,0.038,0.381,NOMINAL,NORMAL,0,,65,13.8,4880,3111
1781436185.093969,7,10,3.1407,1.04,0.035,0.39,NOMINAL,NORMAL,0,,65,13.8,4880,3111
1781436185.219973,7,10,3.9622,0.993,0.026,0.3,NOMINAL,NORMAL,0,,23,13.7,4920,3111
1781436185.3439965,7,10,2.7698,1.171,0.0371,0.379,NOMINAL,NORMAL,0,,23,13.7,4920,3111
1781436185.4706404,7,10,3.9366,1.24,0.0349,0.415,NOMINAL,NORMAL,0,,23,13.7,4920,3111
1781436185.5937316,7,10,2.9601,0.927,0.0228,0.25,NOMINAL,NORMAL,0,,23,13.7,4920,3111
1781436185.7204685,7,10,3.9848,1.297,0.0369,0.402,NOMINAL,NORMAL,0,,23,13.7,4920,3111
1781436185.8451886,7,10,4.0033,1.002,0.035,0.369,NOMINAL,NORMAL,0,,23,13.7,4920,3111
1781436185.9694695,7,10,3.7806,0.749,0.0228,0.249,NOMINAL,NORMAL,0,,23,13.7,4920,3111
1781436186.0951066,7,10,4.0151,1.02,0.0349,0.369,NOMINAL,NORMAL,0,,23,13.7,4920,3111
1781436186.219508,7,10,3.7689,0.69,0.0238,0.25,NOMINAL,NORMAL,0,,0,13.0,4880,3111
1781436186.3433657,7,10,2.2185,1.001,0.0356,0.388,NOMINAL,NORMAL,0,,0,13.0,4880,3111
1781436186.4702373,7,10,4.0611,1.027,0.0363,0.377,NOMINAL,NORMAL,0,,0,13.0,4880,3111
1781436186.593174,7,10,2.2693,0.898,0.0356,0.373,NOMINAL,NORMAL,0,,0,13.0,4880,3111
1781436186.7200294,7,10,3.9802,0.956,0.036,0.378,NOMINAL,NORMAL,0,,0,13.0,4880,3111
1781436186.845283,7,10,4.1217,1.007,0.0354,0.345,NOMINAL,NORMAL,0,,0,13.0,4880,3111
1781436186.9678633,7,10,2.1608,0.964,0.0328,0.363,NOMINAL,NORMAL,0,,0,13.0,4880,3111
1781436187.0949485,7,10,4.0136,0.932,0.0336,0.338,NOMINAL,NORMAL,0,,0,13.0,4880,3111
1781436187.218632,7,10,3.0813,0.631,0.0192,0.241,NOMINAL,NORMAL,0,,0,13.3,4880,3111
1781436187.343058,7,10,2.1531,1.097,0.0352,0.392,NOMINAL,NORMAL,0,,0,13.3,4880,3111
1781436187.4700043,7,10,4.1318,0.826,0.0238,0.27,NOMINAL,NORMAL,0,,0,13.3,4880,3111
1781436187.5936744,7,10,3.0328,1.001,0.027,0.287,NOMINAL,NORMAL,0,,0,13.3,4880,3111
1781436187.7196333,7,10,3.8272,1.045,0.0361,0.385,NOMINAL,NORMAL,0,,0,13.3,4880,3111
1781436187.844737,7,10,3.9709,0.719,0.0237,0.253,NOMINAL,NORMAL,0,,0,13.3,4880,3111
1781436187.9682667,7,10,2.352,0.887,0.0369,0.374,NOMINAL,NORMAL,0,,0,13.3,4880,3111
1781436188.0950344,7,10,4.0587,0.926,0.0322,0.33,NOMINAL,NORMAL,0,,0,13.3,4880,3111
1781436188.2183917,7,10,2.3947,0.884,0.0341,0.358,NOMINAL,NORMAL,0,,0,12.8,4880,3111
1781436188.3456776,7,10,4.0139,1.041,0.0367,0.822,NOMINAL,NORMAL,0,,0,12.8,4880,3111
1781436188.4703698,7,10,4.205,1.006,0.0348,0.379,NOMINAL,NORMAL,0,,0,12.8,4880,3111
1781436188.593781,7,10,3.0822,0.973,0.0351,0.374,NOMINAL,NORMAL,0,,0,12.8,4880,3111
1781436188.7203364,7,10,4.0483,1.031,0.0353,0.385,NOMINAL,NORMAL,0,,0,12.8,4880,3111
1781436188.8439705,7,10,3.3732,0.642,0.0201,0.222,NOMINAL,NORMAL,0,,0,12.8,4880,3111
1781436188.9701822,7,10,4.0344,1.03,0.0352,0.375,NOMINAL,NORMAL,0,,0,12.8,4880,3111
1781436189.0952039,7,10,4.0535,1.049,0.0352,0.372,NOMINAL,NORMAL,0,,0,12.8,4880,3111
1781436189.2179067,7,10,2.2167,0.876,0.0367,0.373,NOMINAL,NORMAL,0,,0,13.5,4880,3111
1781436189.345477,7,10,4.0115,1.023,0.037,0.38,NOMINAL,NORMAL,0,,0,13.5,4880,3111
1781436189.4700003,7,10,4.0654,0.854,0.0248,0.257,NOMINAL,NORMAL,0,,0,13.5,4880,3111
1781436189.593858,7,10,3.1492,0.999,0.0364,0.372,NOMINAL,NORMAL,0,,0,13.5,4880,3111
1781436189.7201056,7,10,3.993,0.988,0.0359,0.376,NOMINAL,NORMAL,0,,0,13.5,4880,3111
1781436189.843349,7,10,2.6043,0.744,0.0232,0.255,NOMINAL,NORMAL,0,,0,13.5,4880,3111
1781436189.9697163,7,10,3.6215,1.109,0.0369,0.388,NOMINAL,NORMAL,0,,0,13.5,4880,3111
1781436190.0954995,7,10,4.0617,1.291,0.0363,0.378,NOMINAL,NORMAL,0,,0,13.5,4880,3111
1781436190.218891,7,10,3.5207,0.775,0.0258,0.26,NOMINAL,NORMAL,0,,0,14.7,4920,3111
1781436190.3454583,7,10,4.0533,1.253,0.0335,0.37,NOMINAL,NORMAL,0,,0,14.7,4920,3111
1781436190.4692843,7,10,3.5174,0.754,0.024,0.255,NOMINAL,NORMAL,0,,0,14.7,4920,3111
1781436190.5931487,7,10,2.1813,1.129,0.036,0.364,NOMINAL,NORMAL,0,,0,14.7,4920,3111
1781436190.7202187,7,10,4.0657,1.014,0.0363,0.377,NOMINAL,NORMAL,0,,0,14.7,4920,3111
1781436190.8430767,7,10,2.1685,0.925,0.036,0.371,NOMINAL,NORMAL,0,,0,14.7,4920,3111
1781436190.9705348,7,10,4.0927,1.265,0.0363,0.409,NOMINAL,NORMAL,0,,0,14.7,4920,3111
1781436191.0947747,7,10,3.7829,0.982,0.0245,0.309,NOMINAL,NORMAL,0,,0,14.7,4920,3111
1781436191.2197237,7,10,3.8921,1.05,0.0364,0.383,NOMINAL,NORMAL,0,,0,14.0,4920,3111
1781436191.345268,7,10,4.0764,1.019,0.0364,0.374,NOMINAL,NORMAL,0,,0,14.0,4920,3111
1781436191.4691029,7,10,2.8036,1.154,0.0348,0.375,NOMINAL,NORMAL,0,,0,14.0,4920,3111
1781436191.5952187,7,10,4.0558,1.069,0.0348,0.374,NOMINAL,NORMAL,0,,0,14.0,4920,3111
1781436191.7202203,7,10,3.9929,1.014,0.0381,0.387,NOMINAL,NORMAL,0,,0,14.0,4920,3111
1781436191.8431952,7,10,2.1631,1.205,0.0364,0.369,NOMINAL,NORMAL,0,,0,14.0,4920,3111
1781436191.9702034,7,10,4.0761,1.023,0.0365,0.367,NOMINAL,NORMAL,0,,0,14.0,4920,3111
1781436192.0944722,7,10,3.7979,0.736,0.0246,0.251,NOMINAL,NORMAL,0,,0,14.0,4920,3111
1781436192.2200892,7,10,4.0567,0.989,0.0347,0.366,NOMINAL,NORMAL,0,,95,13.2,4880,3111
1781436192.3453045,7,10,4.08,1.026,0.0357,0.376,NOMINAL,NORMAL,0,,95,13.2,4880,3111
1781436192.4684682,7,10,2.3228,0.969,0.0365,0.428,NOMINAL,NORMAL,0,,95,13.2,4880,3111
1781436192.5951617,7,10,4.064,1.032,0.0335,0.378,NOMINAL,NORMAL,0,,95,13.2,4880,3111
1781436192.720132,7,10,3.9722,0.978,0.0347,0.453,NOMINAL,NORMAL,0,,95,13.2,4880,3111
1781436192.8437848,7,10,2.937,0.944,0.0252,0.255,NOMINAL,NORMAL,0,,95,13.2,4880,3111
1781436192.9704347,7,10,3.9969,1.285,0.0351,0.377,NOMINAL,NORMAL,0,,95,13.2,4880,3111
1781436193.094012,7,10,3.1056,0.962,0.0223,0.269,NOMINAL,NORMAL,0,,95,13.2,4880,3111
1781436193.2179775,7,10,2.186,1.096,0.0364,0.375,NOMINAL,NORMAL,0,,89,14.2,4880,3111
1781436193.3455496,7,10,4.0325,1.331,0.0349,0.37,NOMINAL,NORMAL,0,,89,14.2,4880,3111
1781436193.468962,7,10,3.1409,1.087,0.0236,0.271,NOMINAL,NORMAL,0,,89,14.2,4880,3111
1781436193.595449,7,10,4.0492,1.291,0.0373,0.384,NOMINAL,NORMAL,0,,89,14.2,4880,3111
1781436193.7198386,7,10,3.9172,0.934,0.0227,0.259,NOMINAL,NORMAL,0,,89,14.2,4880,3111
1781436193.8454535,7,10,4.0917,1.264,0.0361,0.371,NOMINAL,NORMAL,0,,89,14.2,4880,3111
1781436193.9703655,7,10,4.003,1.244,0.0353,0.37,NOMINAL,NORMAL,0,,89,14.2,4880,3111
1781436194.0952368,7,10,4.0224,1.027,0.0359,0.529,NOMINAL,NORMAL,0,,89,14.2,4880,3111
1781436194.2201073,7,10,3.7179,1.214,0.0358,0.381,NOMINAL,NORMAL,0,,79,13.2,4880,3111
1781436194.3455563,7,10,4.0029,1.252,0.0363,0.47,NOMINAL,NORMAL,0,,79,13.2,4880,3111
1781436194.4683785,7,10,2.3757,1.226,0.0355,0.371,NOMINAL,NORMAL,0,,79,13.2,4880,3111
1781436194.595472,7,10,4.0304,1.32,0.0369,0.39,NOMINAL,NORMAL,0,,79,13.2,4880,3111
1781436194.7190368,7,10,3.2114,0.774,0.0249,0.263,NOMINAL,NORMAL,0,,79,13.2,4880,3111
1781436194.8455043,7,10,4.093,1.0,0.0359,0.377,NOMINAL,NORMAL,0,,79,13.2,4880,3111
1781436194.970075,7,10,3.9977,1.0,0.035,0.364,NOMINAL,NORMAL,0,,79,13.2,4880,3111
1781436195.0943274,7,10,3.2801,1.136,0.0238,0.256,NOMINAL,NORMAL,0,,79,13.2,4880,3111
1781436195.220115,7,10,3.9926,0.983,0.0352,0.365,NOMINAL,NORMAL,0,,99,14.3,4880,3111
1781436195.3450398,7,10,3.9939,0.774,0.0233,0.254,NOMINAL,NORMAL,0,,99,14.3,4880,3111
1781436195.4683864,7,10,2.417,0.857,0.0364,0.372,NOMINAL,NORMAL,0,,99,14.3,4880,3111
1781436195.595426,7,10,4.0001,1.302,0.0353,0.379,NOMINAL,NORMAL,0,,99,14.3,4880,3111
1781436195.7189198,7,10,2.4003,1.157,0.0359,0.382,NOMINAL,NORMAL,0,,99,14.3,4880,3111
1781436195.8429303,7,10,2.1665,0.946,0.0364,0.381,NOMINAL,NORMAL,0,,99,14.3,4880,3111
1781436195.9704633,7,10,4.016,1.031,0.0352,0.378,NOMINAL,NORMAL,0,,99,14.3,4880,3111
1781436196.0941799,7,10,3.2069,0.994,0.0361,0.366,NOMINAL,NORMAL,0,,99,14.3,4880,3111
1781436196.2204452,7,10,4.0093,1.235,0.0349,0.389,NOMINAL,NORMAL,0,,99,12.7,4880,3111
1781436196.3441796,7,10,3.4643,0.72,0.0236,0.249,NOMINAL,NORMAL,0,,99,12.7,4880,3111
1781436196.4704554,7,10,4.1031,1.24,0.0343,0.367,NOMINAL,NORMAL,0,,99,12.7,4880,3111
1781436196.5953436,7,10,4.0313,1.112,0.0369,0.377,NOMINAL,NORMAL,0,,99,12.7,4880,3111
1781436196.7179012,7,10,2.1767,0.867,0.0343,0.366,NOMINAL,NORMAL,0,,99,12.7,4880,3111
1781436196.8453286,7,10,4.1107,1.027,0.0347,0.371,NOMINAL,NORMAL,0,,99,12.7,4880,3111
1781436196.9699357,7,10,4.026,0.909,0.0236,0.253,NOMINAL,NORMAL,0,,99,12.7,4880,3111
1781436197.0937707,7,10,3.0555,0.969,0.035,0.362,NOMINAL,NORMAL,0,,99,12.7,4880,3111
1781436197.2204216,7,10,4.0489,1.223,0.0353,0.366,NOMINAL,NORMAL,0,,99,12.8,4888,3111
1781436197.343706,7,10,2.7166,0.98,0.0231,0.296,NOMINAL,NORMAL,0,,99,12.8,4888,3111
1781436197.4701645,7,10,4.0282,1.041,0.0343,0.37,NOMINAL,NORMAL,0,,99,12.8,4888,3111
1781436197.5951607,7,10,4.013,1.032,0.0354,0.367,NOMINAL,NORMAL,0,,99,12.8,4888,3111
1781436197.7192364,7,10,3.6542,0.952,0.023,0.264,NOMINAL,NORMAL,0,,99,12.8,4888,3111
1781436197.8453033,7,10,4.0214,1.234,0.0351,0.363,NOMINAL,NORMAL,0,,99,12.8,4888,3111
1781436197.9692721,7,10,3.6946,0.672,0.0214,0.239,NOMINAL,NORMAL,0,,99,12.8,4888,3111
1781436198.0931609,7,10,2.1928,1.103,0.0345,0.371,NOMINAL,NORMAL,0,,99,12.8,4888,3111
1781436198.2200134,7,10,3.9974,0.906,0.0341,0.359,NOMINAL,NORMAL,0,,99,12.7,4920,3111
1781436198.3448834,7,10,4.0022,0.918,0.0252,0.269,NOMINAL,NORMAL,0,,99,12.7,4920,3111
1781436198.4677608,7,10,2.1448,0.932,0.0342,0.352,NOMINAL,NORMAL,0,,99,12.7,4920,3111
1781436198.5951455,7,10,4.0019,1.152,0.0272,0.3,NOMINAL,NORMAL,0,,99,12.7,4920,3111
1781436198.719629,7,10,3.7373,1.202,0.035,0.402,NOMINAL,NORMAL,0,,99,12.7,4920,3111
1781436198.8453012,7,10,4.0033,0.955,0.0339,0.368,NOMINAL,NORMAL,0,,99,12.7,4920,3111
1781436198.9692323,7,10,2.8271,1.055,0.0348,0.385,NOMINAL,NORMAL,0,,99,12.7,4920,3111
1781436199.0950408,7,10,3.9718,1.009,0.0352,0.373,NOMINAL,NORMAL,0,,99,12.7,4920,3111
1781436199.2200382,7,10,3.9471,0.963,0.0355,0.372,NOMINAL,NORMAL,0,,99,12.3,4920,3112
1781436199.3431332,7,10,2.1194,0.909,0.0367,0.526,NOMINAL,NORMAL,0,,99,12.3,4920,3112
1781436199.4699986,7,10,3.9305,0.961,0.0344,0.374,NOMINAL,NORMAL,0,,99,12.3,4920,3112
1781436199.5945563,7,10,3.902,0.728,0.0239,0.276,NOMINAL,NORMAL,0,,99,12.3,4920,3112
1781436199.7198682,7,10,3.9376,1.067,0.0357,0.376,NOMINAL,NORMAL,0,,99,12.3,4920,3112
1781436199.8450983,7,10,3.9771,0.977,0.0339,0.375,NOMINAL,NORMAL,0,,99,12.3,4920,3112
1781436199.9681885,7,10,2.2551,0.861,0.0358,0.374,NOMINAL,NORMAL,0,,99,12.3,4920,3112
1781436200.0943842,7,10,3.4743,0.907,0.0343,0.37,NOMINAL,NORMAL,0,,99,12.3,4920,3112
1781436200.2201085,7,10,3.9455,1.032,0.0324,0.358,NOMINAL,NORMAL,0,,99,13.2,4920,3112
1781436200.3437514,7,10,3.0958,0.749,0.0245,0.254,NOMINAL,NORMAL,0,,99,13.2,4920,3112
1781436200.4700985,7,10,3.9985,1.009,0.0349,0.366,NOMINAL,NORMAL,0,,99,13.2,4920,3112
1781436200.5937324,7,10,3.1251,0.705,0.0237,0.244,NOMINAL,NORMAL,0,,99,13.2,4920,3112
1781436200.7194326,7,10,3.4978,1.104,0.0352,0.403,NOMINAL,NORMAL,0,,99,13.2,4920,3112
1781436200.8453798,7,10,3.9722,1.026,0.0341,0.375,NOMINAL,NORMAL,0,,99,13.2,4920,3112
1781436200.9679186,7,10,2.143,0.997,0.0345,0.373,NOMINAL,NORMAL,0,,99,13.2,4920,3112
1781436201.0951743,7,10,4.0001,1.065,0.036,0.373,NOMINAL,NORMAL,0,,99,13.2,4920,3112
1781436201.2197602,7,10,4.0126,0.719,0.0228,0.256,NOMINAL,NORMAL,0,,69,12.5,4920,3112
1781436201.3433142,7,10,2.2843,0.936,0.0343,0.37,NOMINAL,NORMAL,0,,69,12.5,4920,3112
1781436201.4701328,7,10,4.0093,0.99,0.0353,0.375,NOMINAL,NORMAL,0,,69,12.5,4920,3112
1781436201.593342,7,10,2.4724,0.85,0.0337,0.358,NOMINAL,NORMAL,0,,69,12.5,4920,3112
1781436201.720129,7,10,3.9473,1.021,0.0345,0.386,NOMINAL,NORMAL,0,,69,12.5,4920,3112
1781436201.8449674,7,10,3.8015,0.997,0.0346,0.375,NOMINAL,NORMAL,0,,69,12.5,4920,3112
1781436201.9684598,7,10,2.3531,1.034,0.0354,0.383,NOMINAL,NORMAL,0,,69,12.5,4920,3112
1781436202.0952349,7,10,3.9738,1.045,0.0338,0.486,NOMINAL,NORMAL,0,,69,12.5,4920,3112
1781436202.2187943,7,10,3.4285,0.742,0.0235,0.251,NOMINAL,NORMAL,0,,67,13.7,4880,3112
1781436202.3453093,7,10,3.9788,0.99,0.0334,0.37,NOMINAL,NORMAL,0,,67,13.7,4880,3112
1781436202.4701698,7,10,4.0254,1.0,0.0353,0.382,NOMINAL,NORMAL,0,,67,13.7,4880,3112
1781436202.5929306,7,10,2.1685,0.89,0.0348,0.373,NOMINAL,NORMAL,0,,67,13.7,4880,3112
1781436202.7202394,7,10,4.0133,1.04,0.0347,0.375,NOMINAL,NORMAL,0,,67,13.7,4880,3112
1781436202.8451257,7,10,4.0643,0.808,0.0222,0.252,NOMINAL,NORMAL,0,,67,13.7,4880,3112
1781436202.9684713,7,10,2.4877,0.899,0.036,0.37,NOMINAL,NORMAL,0,,67,13.7,4880,3112
1781436203.0950496,7,10,3.9624,1.008,0.0331,0.368,NOMINAL,NORMAL,0,,67,13.7,4880,3112
1781436203.219343,7,10,3.5705,1.015,0.035,0.358,NOMINAL,NORMAL,0,,28,12.5,4880,3112
1781436203.3427505,7,10,2.0946,0.872,0.0669,0.407,NOMINAL,NORMAL,0,,28,12.5,4880,3112
1781436203.4700692,7,10,3.9809,0.973,0.0334,0.361,NOMINAL,NORMAL,0,,28,12.5,4880,3112
1781436203.5937185,7,10,3.0162,0.983,0.0337,0.367,NOMINAL,NORMAL,0,,28,12.5,4880,3112
1781436203.7190185,7,10,3.1149,0.836,0.025,0.29,NOMINAL,NORMAL,0,,28,12.5,4880,3112
1781436203.8443325,7,10,3.6076,0.726,0.0226,0.252,NOMINAL,NORMAL,0,,28,12.5,4880,3112
1781436203.9700162,7,10,3.9688,0.993,0.0346,0.361,NOMINAL,NORMAL,0,,28,12.5,4880,3112
1781436204.095171,7,10,4.0431,1.018,0.0376,0.369,NOMINAL,NORMAL,0,,28,12.5,4880,3112
1781436204.2179763,7,10,2.1513,0.813,0.034,0.364,NOMINAL,NORMAL,0,,28,12.5,4880,3112
1781436204.3451052,7,10,4.0427,0.993,0.0339,0.367,NOMINAL,NORMAL,0,,7,13.8,4920,3112
1781436204.4700847,7,10,4.0738,1.044,0.0223,0.249,NOMINAL,NORMAL,0,,7,13.8,4920,3112
1781436204.5937214,7,10,3.0508,0.957,0.0328,0.35,NOMINAL,NORMAL,0,,7,13.8,4920,3112
1781436204.7200727,7,10,3.97,0.973,0.034,0.361,NOMINAL,NORMAL,0,,7,13.8,4920,3112
1781436204.8436427,7,10,2.8417,0.754,0.0234,0.259,NOMINAL,NORMAL,0,,7,13.8,4920,3112
1781436204.9701674,7,10,3.9959,1.047,0.0344,0.377,NOMINAL,NORMAL,0,,7,13.8,4920,3112
1781436205.09518,7,10,4.0463,1.036,0.0348,0.371,NOMINAL,NORMAL,0,,7,13.8,4920,3112
1781436205.2175355,7,10,2.1201,0.862,0.0365,0.377,NOMINAL,NORMAL,0,,7,13.8,4920,3112
1781436205.3451195,7,10,3.9686,1.033,0.0361,0.375,NOMINAL,NORMAL,0,,2,13.3,4880,3112
1781436205.4694524,7,10,3.8144,0.718,0.0232,0.247,NOMINAL,NORMAL,0,,2,13.3,4880,3112
1781436205.5930798,7,10,2.2309,0.882,0.034,0.363,NOMINAL,NORMAL,0,,2,13.3,4880,3112
1781436205.720116,7,10,3.9874,0.992,0.0332,0.362,NOMINAL,NORMAL,0,,2,13.3,4880,3112
1781436205.8432312,7,10,2.1556,0.959,0.0353,0.379,NOMINAL,NORMAL,0,,2,13.3,4880,3112
1781436205.9679096,7,10,2.1455,1.006,0.0354,0.373,NOMINAL,NORMAL,0,,2,13.3,4880,3112
1781436206.0951767,7,10,3.9909,1.01,0.0359,0.476,NOMINAL,NORMAL,0,,2,13.3,4880,3112
1781436206.2195237,7,10,3.7982,0.993,0.0348,0.373,NOMINAL,NORMAL,0,,2,13.3,4880,3112
1781436206.345079,7,10,3.98,0.997,0.0349,0.367,NOMINAL,NORMAL,0,,0,13.2,4880,3112
1781436206.468694,7,10,3.0686,0.706,0.0229,0.249,NOMINAL,NORMAL,0,,0,13.2,4880,3112
1781436206.5937011,7,10,2.9878,0.98,0.0336,0.361,NOMINAL,NORMAL,0,,0,13.2,4880,3112
1781436206.7198522,7,10,3.9383,0.886,0.0227,0.269,NOMINAL,NORMAL,0,,0,13.2,4880,3112
1781436206.8429668,7,10,2.1489,0.977,0.0345,0.388,NOMINAL,NORMAL,0,,0,13.2,4880,3112
1781436206.9702349,7,10,4.0478,1.038,0.0377,0.393,NOMINAL,NORMAL,0,,0,13.2,4880,3112
1781436207.094594,7,10,3.9456,0.714,0.0231,0.277,NOMINAL,NORMAL,0,,0,13.2,4880,3112
1781436207.219802,7,10,3.9031,1.036,0.0359,0.37,NOMINAL,NORMAL,0,,0,13.2,4880,3112
1781436207.3450992,7,10,3.9423,1.024,0.035,0.377,NOMINAL,NORMAL,0,,0,13.7,4920,3112
1781436207.4686,7,10,2.3967,1.102,0.0353,0.377,NOMINAL,NORMAL,0,,0,13.7,4920,3112
1781436207.5948453,7,10,3.7901,1.0,0.0344,0.402,NOMINAL,NORMAL,0,,0,13.7,4920,3112
1781436207.7200487,7,10,3.9408,1.013,0.0336,0.377,NOMINAL,NORMAL,0,,0,13.7,4920,3112
1781436207.8440452,7,10,3.2387,0.959,0.0242,0.312,NOMINAL,NORMAL,0,,0,13.7,4920,3112
1781436207.9701655,7,10,4.0445,1.034,0.0348,0.378,NOMINAL,NORMAL,0,,0,13.7,4920,3112
1781436208.093976,7,10,3.0553,0.73,0.0228,0.252,NOMINAL,NORMAL,0,,0,13.7,4920,3112
1781436208.2177887,7,10,2.1726,0.89,0.0354,0.37,NOMINAL,NORMAL,0,,0,13.7,4920,3112
1781436208.3450892,7,10,3.9609,1.006,0.0328,0.376,NOMINAL,NORMAL,0,,0,13.3,4888,3112
1781436208.467828,7,10,2.1034,0.95,0.0329,0.363,NOMINAL,NORMAL,0,,0,13.3,4888,3112
1781436208.5935616,7,10,2.9137,0.935,0.0341,0.37,NOMINAL,NORMAL,0,,0,13.3,4888,3112
1781436208.7198038,7,10,3.9697,0.835,0.0221,0.253,NOMINAL,NORMAL,0,,0,13.3,4888,3112
1781436208.8451023,7,10,3.9515,1.043,0.034,0.384,NOMINAL,NORMAL,0,,0,13.3,4888,3112
1781436208.970125,7,10,3.9972,1.014,0.0361,0.374,NOMINAL,NORMAL,0,,0,13.3,4888,3112
1781436209.09347,7,10,2.596,0.86,0.0327,0.364,NOMINAL,NORMAL,0,,0,13.3,4888,3112
1781436209.220194,7,10,4.0383,0.98,0.0352,0.371,NOMINAL,NORMAL,0,,0,13.3,4888,3112
1781436209.3454206,7,10,4.0064,1.236,0.0332,0.374,NOMINAL,NORMAL,0,,0,13.2,4888,3112
1781436209.4679961,7,10,2.1358,1.106,0.0325,0.361,NOMINAL,NORMAL,0,,0,13.2,4888,3112
1781436209.595256,7,10,3.965,0.985,0.0333,0.352,NOMINAL,NORMAL,0,,0,13.2,4888,3112
1781436209.7192497,7,10,3.5023,0.733,0.022,0.258,NOMINAL,NORMAL,0,,0,13.2,4888,3112
1781436209.8450062,7,10,4.0437,0.949,0.0331,0.363,NOMINAL,NORMAL,0,,0,13.2,4888,3112
1781436209.9701939,7,10,4.0566,1.002,0.0339,0.357,NOMINAL,NORMAL,0,,0,13.2,4888,3112
1781436210.0929625,7,10,2.1861,0.894,0.0344,0.377,NOMINAL,NORMAL,0,,0,13.2,4888,3112
1781436210.2200744,7,10,3.9634,0.94,0.0351,0.372,NOMINAL,NORMAL,0,,0,13.2,4888,3112
1781436210.345102,7,10,3.9928,1.024,0.0244,0.273,NOMINAL,NORMAL,0,,16,12.5,4888,3112
1781436210.468663,7,10,2.6604,0.916,0.0358,0.379,NOMINAL,NORMAL,0,,16,12.5,4888,3112
1781436210.5950627,7,10,3.9674,1.021,0.0343,0.374,NOMINAL,NORMAL,0,,16,12.5,4888,3112
1781436210.7189612,7,10,2.7027,1.165,0.0351,0.375,NOMINAL,NORMAL,0,,16,12.5,4888,3112
1781436210.8428087,7,10,2.1251,0.905,0.0368,0.406,NOMINAL,NORMAL,0,,16,12.5,4888,3112
1781436210.9703557,7,10,4.0895,1.057,0.0372,0.39,NOMINAL,NORMAL,0,,16,12.5,4888,3112
1781436211.093562,7,10,3.0809,0.842,0.0232,0.262,NOMINAL,NORMAL,0,,16,12.5,4888,3112
1781436211.2194772,7,10,3.7534,1.012,0.0347,0.372,NOMINAL,NORMAL,0,,16,12.5,4888,3112
1781436211.3444364,7,10,3.7239,0.748,0.0234,0.257,NOMINAL,NORMAL,0,,30,13.7,4920,3112
1781436211.4703035,7,10,3.9834,1.211,0.0324,0.377,NOMINAL,NORMAL,0,,30,13.7,4920,3112
1781436211.59513,7,10,3.998,1.044,0.0359,0.383,NOMINAL,NORMAL,0,,30,13.7,4920,3112
1781436211.718057,7,10,2.1483,0.902,0.0341,0.381,NOMINAL,NORMAL,0,,30,13.7,4920,3112
1781436211.8456728,7,10,4.1291,1.315,0.0348,0.381,NOMINAL,NORMAL,0,,30,13.7,4920,3112
1781436211.9702113,7,10,4.0202,1.158,0.0264,0.299,NOMINAL,NORMAL,0,,30,13.7,4920,3112
1781436212.0938544,7,10,3.0826,1.017,0.0355,0.383,NOMINAL,NORMAL,0,,30,13.7,4920,3112
1781436212.2202084,7,10,4.0273,1.003,0.0354,0.373,NOMINAL,NORMAL,0,,30,13.7,4920,3112
1781436212.3437192,7,10,3.0107,0.744,0.0245,0.257,NOMINAL,NORMAL,0,,49,13.5,4880,3112
1781436212.4703596,7,10,4.0453,1.075,0.0338,0.388,NOMINAL,NORMAL,0,,49,13.5,4880,3112
1781436212.5950744,7,10,3.9813,1.011,0.0347,0.375,NOMINAL,NORMAL,0,,49,13.5,4880,3112
1781436212.7177722,7,10,2.1688,0.903,0.0361,0.374,NOMINAL,NORMAL,0,,49,13.5,4880,3112
1781436212.8451226,7,10,4.0292,0.974,0.0333,0.365,NOMINAL,NORMAL,0,,49,13.5,4880,3112
1781436212.969658,7,10,3.9305,0.772,0.022,0.258,NOMINAL,NORMAL,0,,49,13.5,4880,3112
1781436213.0931666,7,10,2.241,0.88,0.0353,0.366,NOMINAL,NORMAL,0,,49,13.5,4880,3112
1781436213.2200553,7,10,4.0056,0.931,0.0341,0.359,NOMINAL,NORMAL,0,,49,13.5,4880,3112
1781436213.3433664,7,10,2.228,0.994,0.0323,0.373,NOMINAL,NORMAL,0,,99,13.0,4880,3113
1781436213.4701262,7,10,4.0618,0.972,0.034,0.364,NOMINAL,NORMAL,0,,99,13.0,4880,3113
1781436213.5951319,7,10,4.0784,0.996,0.0325,0.358,NOMINAL,NORMAL,0,,99,13.0,4880,3113
1781436213.7195745,7,10,3.8382,1.018,0.033,0.376,NOMINAL,NORMAL,0,,99,13.0,4880,3113
1781436213.8450115,7,10,3.9992,0.953,0.0329,0.362,NOMINAL,NORMAL,0,,99,13.0,4880,3113
1781436213.9690652,7,10,3.2289,0.805,0.0254,0.263,NOMINAL,NORMAL,0,,99,13.0,4880,3113
1781436214.0952013,7,10,4.0586,1.06,0.0334,0.377,NOMINAL,NORMAL,0,,99,13.0,4880,3113
1781436214.2201457,7,10,3.9717,0.993,0.0363,0.38,NOMINAL,NORMAL,0,,99,13.0,4880,3113
1781436214.3429835,7,10,2.1513,0.998,0.0335,0.38,NOMINAL,NORMAL,0,,99,13.2,4920,3113
1781436214.4699247,7,10,3.9751,0.996,0.0352,0.372,NOMINAL,NORMAL,0,,99,13.2,4920,3113
1781436214.5948107,7,10,3.9716,0.886,0.0223,0.259,NOMINAL,NORMAL,0,,99,13.2,4920,3113
1781436214.7197587,7,10,3.849,1.062,0.0341,0.38,NOMINAL,NORMAL,0,,99,13.2,4920,3113
1781436214.8450954,7,10,4.0077,0.985,0.0344,0.375,NOMINAL,NORMAL,0,,99,13.2,4920,3113
1781436214.9685283,7,10,2.4857,0.971,0.0362,0.407,NOMINAL,NORMAL,0,,99,13.2,4920,3113
1781436215.095322,7,10,4.0783,1.112,0.0349,0.383,NOMINAL,NORMAL,0,,99,13.2,4920,3113
1781436215.2201214,7,10,3.9237,1.035,0.0366,0.38,NOMINAL,NORMAL,0,,99,13.2,4920,3113
1781436215.3428242,7,10,2.0758,1.065,0.034,0.42,NOMINAL,NORMAL,0,,99,13.2,4880,3113
1781436215.4700863,7,10,3.966,1.004,0.0331,0.365,NOMINAL,NORMAL,0,,99,13.2,4880,3113
1781436215.594041,7,10,3.3988,0.721,0.0215,0.248,NOMINAL,NORMAL,0,,99,13.2,4880,3113
1781436215.7178502,7,10,2.152,0.892,0.0348,0.38,NOMINAL,NORMAL,0,,99,13.2,4880,3113
1781436215.8451402,7,10,3.9968,1.004,0.0361,0.375,NOMINAL,NORMAL,0,,99,13.2,4880,3113
1781436215.9679909,7,10,2.1538,0.984,0.0344,0.375,NOMINAL,NORMAL,0,,99,13.2,4880,3113
1781436216.0938795,7,10,3.0031,1.059,0.0355,0.384,NOMINAL,NORMAL,0,,99,13.2,4880,3113
1781436216.2199607,7,10,3.9651,0.95,0.0237,0.258,NOMINAL,NORMAL,0,,99,13.2,4880,3113
1781436216.3433661,7,10,2.2307,1.017,0.0353,0.385,NOMINAL,NORMAL,0,,99,13.2,4880,3113
1781436216.4704,7,10,3.9892,1.015,0.0385,0.387,NOMINAL,NORMAL,0,,99,13.2,4880,3113
1781436216.5937319,7,10,2.5339,0.905,0.0344,0.372,NOMINAL,NORMAL,0,,99,13.2,4880,3113
1781436216.7201452,7,10,3.9507,1.005,0.0354,0.387,NOMINAL,NORMAL,0,,99,13.2,4880,3113
1781436216.8452375,7,10,4.0129,1.03,0.0362,0.377,NOMINAL,NORMAL,0,,99,13.2,4880,3113
1781436216.9680443,7,10,2.1042,1.189,0.0351,0.383,NOMINAL,NORMAL,0,,99,13.2,4880,3113
1781436217.095217,7,10,4.0161,1.062,0.0346,0.382,NOMINAL,NORMAL,0,,99,13.2,4880,3113
1781436217.219266,7,10,3.5163,0.748,0.0227,0.261,NOMINAL,NORMAL,0,,99,13.2,4880,3113
1781436217.3451629,7,10,4.0454,1.035,0.0338,0.375,NOMINAL,NORMAL,0,,99,13.0,4920,3113
1781436217.4700706,7,10,3.9732,0.995,0.0318,0.364,NOMINAL,NORMAL,0,,99,13.0,4920,3113
1781436217.5932107,7,10,2.1489,0.917,0.0337,0.379,NOMINAL,NORMAL,0,,99,13.0,4920,3113
1781436217.7200737,7,10,3.9272,1.014,0.0338,0.377,NOMINAL,NORMAL,0,,99,13.0,4920,3113
1781436217.8451467,7,10,3.9704,1.13,0.0252,0.284,NOMINAL,NORMAL,0,,99,13.0,4920,3113
1781436217.9684038,7,10,2.6355,1.022,0.0348,0.373,NOMINAL,NORMAL,0,,99,13.0,4920,3113
1781436218.0952141,7,10,3.9901,1.086,0.0355,0.387,NOMINAL,NORMAL,0,,99,13.0,4920,3113
1781436218.2187526,7,10,2.8117,0.762,0.0621,0.404,NOMINAL,NORMAL,0,,99,13.0,4920,3113
1781436218.3447156,7,10,3.8541,1.023,0.034,0.379,NOMINAL,NORMAL,0,,99,12.7,4920,3113
1781436218.4700463,7,10,3.977,0.962,0.0321,0.369,NOMINAL,NORMAL,0,,99,12.7,4920,3113
1781436218.5935705,7,10,3.061,0.877,0.0229,0.254,NOMINAL,NORMAL,0,,99,12.7,4920,3113
1781436218.719632,7,10,3.8658,1.029,0.0353,0.373,NOMINAL,NORMAL,0,,99,12.7,4920,3113
1781436218.8447802,7,10,3.8318,0.956,0.022,0.252,NOMINAL,NORMAL,0,,99,12.7,4920,3113
1781436218.9700923,7,10,4.0147,1.007,0.034,0.367,NOMINAL,NORMAL,0,,99,12.7,4920,3113
1781436219.0952687,7,10,4.0648,1.08,0.0365,0.383,NOMINAL,NORMAL,0,,99,12.7,4920,3113
1781436219.218062,7,10,2.1546,0.84,0.0344,0.363,NOMINAL,NORMAL,0,,99,12.7,4920,3113
1781436219.344581,7,10,3.4197,1.038,0.0232,0.387,NOMINAL,NORMAL,0,,99,13.0,4920,3113
1781436219.4702992,7,10,4.0157,1.042,0.0335,0.463,NOMINAL,NORMAL,0,,99,13.0,4920,3113
1781436219.59342,7,10,2.8019,1.004,0.0333,0.371,NOMINAL,NORMAL,0,,99,13.0,4920,3113
1781436219.720098,7,10,3.9577,1.032,0.0343,0.374,NOMINAL,NORMAL,0,,99,13.0,4920,3113
1781436219.8437803,7,10,3.0844,0.735,0.0221,0.25,NOMINAL,NORMAL,0,,99,13.0,4920,3113
1781436219.9701684,7,10,4.0321,1.03,0.0351,0.376,NOMINAL,NORMAL,0,,99,13.0,4920,3113
1781436220.095251,7,10,4.0495,1.104,0.0365,0.389,NOMINAL,NORMAL,0,,99,13.0,4920,3113
1781436220.2177517,7,10,2.1201,0.917,0.0349,0.372,NOMINAL,NORMAL,0,,99,13.0,4920,3113
1781436220.3451948,7,10,4.0336,1.025,0.0354,0.371,NOMINAL,NORMAL,0,,34,13.7,4920,3112
1781436220.469649,7,10,3.9593,0.742,0.0236,0.249,NOMINAL,NORMAL,0,,34,13.7,4920,3112
1781436220.5945399,7,10,3.6823,1.053,0.0352,0.407,NOMINAL,NORMAL,0,,34,13.7,4920,3112
1781436220.7201524,7,10,4.0149,0.989,0.0359,0.373,NOMINAL,NORMAL,0,,34,13.7,4920,3112
1781436220.8433416,7,10,2.3406,0.89,0.0355,0.369,NOMINAL,NORMAL,0,,34,13.7,4920,3112
1781436220.96786,7,10,2.1343,0.968,0.0343,0.369,NOMINAL,NORMAL,0,,34,13.7,4920,3112
1781436221.0950832,7,10,3.9988,1.01,0.0339,0.357,NOMINAL,NORMAL,0,,34,13.7,4920,3112
1781436221.2187672,7,10,3.2545,0.8,0.0243,0.299,NOMINAL,NORMAL,0,,34,13.7,4920,3112
1781436221.3451967,7,10,4.0061,1.01,0.034,0.378,NOMINAL,NORMAL,0,,18,12.7,4920,3112
1781436221.468993,7,10,3.2904,0.743,0.0218,0.256,NOMINAL,NORMAL,0,,18,12.7,4920,3112
1781436221.5951962,7,10,4.0509,1.049,0.0348,0.376,NOMINAL,NORMAL,0,,18,12.7,4920,3112
1781436221.7202234,7,10,4.0343,1.003,0.035,0.383,NOMINAL,NORMAL,0,,18,12.7,4920,3112
1781436221.843058,7,10,2.1615,0.964,0.0332,0.371,NOMINAL,NORMAL,0,,18,12.7,4920,3112
1781436221.9701698,7,10,4.0635,1.013,0.0344,0.368,NOMINAL,NORMAL,0,,18,12.7,4920,3112
1781436222.0948184,7,10,3.9926,0.856,0.0261,0.27,NOMINAL,NORMAL,0,,18,12.7,4920,3112
1781436222.2196743,7,10,3.8462,1.047,0.0349,0.376,NOMINAL,NORMAL,0,,18,12.7,4920,3112
1781436222.3430932,7,10,2.1466,0.926,0.0358,0.371,NOMINAL,NORMAL,0,,24,12.8,4880,3113
1781436222.4695225,7,10,3.8097,0.743,0.0218,0.255,NOMINAL,NORMAL,0,,24,12.8,4880,3113
1781436222.5951223,7,10,4.0259,1.019,0.0349,0.369,NOMINAL,NORMAL,0,,24,12.8,4880,3113
1781436222.7201061,7,10,3.9871,0.981,0.034,0.37,NOMINAL,NORMAL,0,,24,12.8,4880,3113
1781436222.8438883,7,10,3.5641,0.706,0.0236,0.256,NOMINAL,NORMAL,0,,24,12.8,4880,3113
1781436222.9702,7,10,4.0165,1.031,0.0336,0.372,NOMINAL,NORMAL,0,,24,12.8,4880,3113
1781436223.0941427,7,10,3.5061,0.719,0.0246,0.256,NOMINAL,NORMAL,0,,24,12.8,4880,3113
1781436223.2200665,7,10,3.9763,1.043,0.036,0.388,NOMINAL,NORMAL,0,,24,12.8,4880,3113
1781436223.3437853,7,10,3.0832,0.748,0.0234,0.255,NOMINAL,NORMAL,0,,24,12.8,4880,3113
1781436223.4683335,7,10,2.3349,1.003,0.0341,0.378,NOMINAL,NORMAL,0,,24,13.7,4920,3113
1781436223.5938914,7,10,3.0848,1.03,0.0349,0.375,NOMINAL,NORMAL,0,,24,13.7,4920,3113
1781436223.7200303,7,10,3.9584,1.104,0.0288,0.275,NOMINAL,NORMAL,0,,24,13.7,4920,3113
1781436223.843317,7,10,2.6605,0.762,0.0237,0.248,NOMINAL,NORMAL,0,,24,13.7,4920,3113
1781436223.970039,7,10,3.9911,1.003,0.0361,0.373,NOMINAL,NORMAL,0,,24,13.7,4920,3113
1781436224.093463,7,10,2.7845,0.749,0.0223,0.254,NOMINAL,NORMAL,0,,24,13.7,4920,3113
1781436224.2202702,7,10,3.9618,1.062,0.0362,0.391,NOMINAL,NORMAL,0,,24,13.7,4920,3113
1781436224.345133,7,10,3.9679,1.019,0.0351,0.375,NOMINAL,NORMAL,0,,24,13.7,4920,3113
1781436224.4681442,7,10,2.1587,1.029,0.0362,0.54,NOMINAL,NORMAL,0,,0,12.2,4880,3113
1781436224.5950866,7,10,3.9923,1.038,0.0343,0.385,NOMINAL,NORMAL,0,,0,12.2,4880,3113
1781436224.7194192,7,10,3.7099,0.762,0.0217,0.258,NOMINAL,NORMAL,0,,0,12.2,4880,3113
1781436224.8452713,7,10,4.1063,1.053,0.0344,0.388,NOMINAL,NORMAL,0,,0,12.2,4880,3113
1781436224.9701471,7,10,4.0354,1.028,0.0332,0.383,NOMINAL,NORMAL,0,,0,12.2,4880,3113
1781436225.0934153,7,10,2.2097,1.158,0.0356,0.381,NOMINAL,NORMAL,0,,0,12.2,4880,3113
1781436225.2201695,7,10,3.9485,1.008,0.0329,0.366,NOMINAL,NORMAL,0,,0,12.2,4880,3113
1781436225.3450525,7,10,3.9663,1.002,0.0359,0.344,NOMINAL,NORMAL,0,,0,12.2,4880,3113
1781436225.4685326,7,10,2.8528,0.732,0.0238,0.252,NOMINAL,NORMAL,0,,0,12.7,4880,3113
1781436225.5951397,7,10,4.0086,1.033,0.036,0.367,NOMINAL,NORMAL,0,,0,12.7,4880,3113
1781436225.718754,7,10,2.9152,0.736,0.0257,0.341,NOMINAL,NORMAL,0,,0,12.7,4880,3113
1781436225.8453002,7,10,3.9816,0.973,0.0356,0.368,NOMINAL,NORMAL,0,,0,12.7,4880,3113
1781436225.9702003,7,10,4.0213,1.02,0.0354,0.374,NOMINAL,NORMAL,0,,0,12.7,4880,3113
1781436226.093721,7,10,3.0757,0.937,0.027,0.294,NOMINAL,NORMAL,0,,0,12.7,4880,3113
1781436226.2196355,7,10,3.8384,1.013,0.0357,0.375,NOMINAL,NORMAL,0,,0,12.7,4880,3113
1781436226.344697,7,10,3.9349,0.777,0.0232,0.249,NOMINAL,NORMAL,0,,0,12.7,4880,3113
1781436226.4680178,7,10,2.2461,0.738,0.0317,0.333,NOMINAL,NORMAL,0,,0,13.2,4880,3113
1781436226.5951624,7,10,3.9987,1.061,0.0346,0.377,NOMINAL,NORMAL,0,,0,13.2,4880,3113
1781436226.7181525,7,10,2.3255,0.793,0.0316,0.337,NOMINAL,NORMAL,0,,0,13.2,4880,3113
1781436226.845192,7,10,3.9931,1.017,0.033,0.366,NOMINAL,NORMAL,0,,0,13.2,4880,3113
1781436226.9704316,7,10,4.0219,1.009,0.0362,0.373,NOMINAL,NORMAL,0,,0,13.2,4880,3113
1781436227.0934062,7,10,2.7996,0.976,0.034,0.376,NOMINAL,NORMAL,0,,0,13.2,4880,3113
1781436227.2202618,7,10,4.0058,1.02,0.0361,0.373,NOMINAL,NORMAL,0,,0,13.2,4880,3113
1781436227.344029,7,10,3.269,0.762,0.0227,0.264,NOMINAL,NORMAL,0,,0,13.2,4880,3113
1781436227.4699478,7,10,3.826,0.978,0.0348,0.377,NOMINAL,NORMAL,0,,0,13.0,4920,3113
1781436227.594891,7,10,3.9783,0.874,0.0278,0.314,NOMINAL,NORMAL,0,,0,13.0,4920,3113
1781436227.7178383,7,10,2.1981,0.893,0.036,0.378,NOMINAL,NORMAL,0,,0,13.0,4920,3113
1781436227.8451464,7,10,4.0339,1.014,0.0355,0.375,NOMINAL,NORMAL,0,,0,13.0,4920,3113
1781436227.9698188,7,10,4.0581,0.781,0.0235,0.253,NOMINAL,NORMAL,0,,0,13.0,4920,3113
1781436228.0942073,7,10,3.4678,0.995,0.036,0.364,NOMINAL,NORMAL,0,,0,13.0,4920,3113
1781436228.2200277,7,10,3.923,0.968,0.038,0.379,NOMINAL,NORMAL,0,,0,13.0,4920,3113
1781436228.3435316,7,10,2.4576,0.952,0.0359,0.374,NOMINAL,NORMAL,0,,0,13.0,4920,3113
1781436228.4683914,7,10,2.3202,1.023,0.035,0.373,NOMINAL,NORMAL,0,,0,13.3,4888,3113
1781436228.5953076,7,10,3.9295,1.014,0.0338,0.368,NOMINAL,NORMAL,0,,0,13.3,4888,3113
1781436228.718739,7,10,3.3906,0.726,0.0234,0.268,NOMINAL,NORMAL,0,,0,13.3,4888,3113
1781436228.8453617,7,10,4.0769,0.979,0.0352,0.374,NOMINAL,NORMAL,0,,0,13.3,4888,3113
1781436228.968142,7,10,2.1673,1.162,0.0367,0.38,NOMINAL,NORMAL,0,,0,13.3,4888,3113
1781436229.0930684,7,10,2.1618,0.891,0.0354,0.379,NOMINAL,NORMAL,0,,0,13.3,4888,3113
1781436229.2201316,7,10,3.9784,0.988,0.0369,0.375,NOMINAL,NORMAL,0,,0,13.3,4888,3113
1781436229.3431408,7,10,2.1514,0.958,0.0363,0.378,NOMINAL,NORMAL,0,,0,13.3,4888,3113
1781436229.470208,7,10,4.0449,1.017,0.0342,0.374,NOMINAL,NORMAL,0,,0,12.8,4888,3113
1781436229.5949383,7,10,4.0165,0.913,0.0224,0.258,NOMINAL,NORMAL,0,,0,12.8,4888,3113
1781436229.7199936,7,10,3.9742,1.051,0.034,0.39,NOMINAL,NORMAL,0,,0,12.8,4888,3113
1781436229.8451586,7,10,3.9867,1.014,0.0335,0.373,NOMINAL,NORMAL,0,,0,12.8,4888,3113
1781436229.9701033,7,10,4.0218,1.004,0.035,0.388,NOMINAL,NORMAL,0,,0,12.8,4888,3113
1781436230.0950994,7,10,4.014,1.014,0.0339,0.371,NOMINAL,NORMAL,0,,0,12.8,4888,3113
1781436230.2201622,7,10,3.976,0.995,0.0351,0.383,NOMINAL,NORMAL,0,,0,12.8,4888,3113
1781436230.342962,7,10,2.1377,1.005,0.0377,0.397,NOMINAL,NORMAL,0,,0,12.8,4888,3113
1781436230.470217,7,10,4.0129,1.034,0.0371,0.37,NOMINAL,NORMAL,0,,63,13.3,4920,3113
1781436230.5942888,7,10,3.636,0.734,0.0245,0.251,NOMINAL,NORMAL,0,,63,13.3,4920,3113
1781436230.7198336,7,10,3.9769,1.029,0.0361,0.377,NOMINAL,NORMAL,0,,63,13.3,4920,3113
1781436230.8451195,7,10,3.9793,1.0,0.037,0.37,NOMINAL,NORMAL,0,,63,13.3,4920,3113
1781436230.9683142,7,10,2.2982,0.995,0.0343,0.364,NOMINAL,NORMAL,0,,63,13.3,4920,3113
1781436231.0939646,7,10,3.1213,1.049,0.0371,0.375,NOMINAL,NORMAL,0,,63,13.3,4920,3113
1781436231.2201679,7,10,4.0046,1.105,0.0261,0.279,NOMINAL,NORMAL,0,,63,13.3,4920,3113
1781436231.3433843,7,10,2.8426,0.743,0.0225,0.249,NOMINAL,NORMAL,0,,63,13.3,4920,3113
1781436231.4703264,7,10,4.0741,1.048,0.0362,0.384,NOMINAL,NORMAL,0,,67,13.3,4920,3113
1781436231.5936182,7,10,2.9672,0.718,0.0235,0.26,NOMINAL,NORMAL,0,,67,13.3,4920,3113
1781436231.720106,7,10,3.9536,1.001,0.036,0.394,NOMINAL,NORMAL,0,,67,13.3,4920,3113
1781436231.8451889,7,10,3.9798,1.046,0.0376,0.384,NOMINAL,NORMAL,0,,67,13.3,4920,3113
1781436231.9686744,7,10,3.2779,0.787,0.0235,0.262,NOMINAL,NORMAL,0,,67,13.3,4920,3113
1781436232.095248,7,10,3.9025,0.988,0.0328,0.357,NOMINAL,NORMAL,0,,67,13.3,4920,3113
1781436232.2196984,7,10,3.6867,0.739,0.0256,0.255,NOMINAL,NORMAL,0,,67,13.3,4920,3113
1781436232.3450506,7,10,3.9747,1.001,0.0354,0.376,NOMINAL,NORMAL,0,,67,13.3,4920,3113
1781436232.470207,7,10,3.9445,1.061,0.0359,0.388,NOMINAL,NORMAL,0,,60,14.2,4888,3113
1781436232.5931644,7,10,2.3551,0.886,0.035,0.378,NOMINAL,NORMAL,0,,60,14.2,4888,3113
1781436232.720076,7,10,3.9627,1.005,0.034,0.367,NOMINAL,NORMAL,0,,60,14.2,4888,3113
1781436232.8450823,7,10,3.9805,0.996,0.0358,0.374,NOMINAL,NORMAL,0,,60,14.2,4888,3113
1781436232.9687064,7,10,3.0254,0.74,0.0234,0.254,NOMINAL,NORMAL,0,,60,14.2,4888,3113
1781436233.0951138,7,10,4.0004,1.04,0.0354,0.376,NOMINAL,NORMAL,0,,60,14.2,4888,3113
1781436233.218897,7,10,3.1033,0.78,0.0239,0.253,NOMINAL,NORMAL,0,,60,14.2,4888,3113
1781436233.3451097,7,10,4.0196,1.004,0.0369,0.377,NOMINAL,NORMAL,0,,60,14.2,4888,3113
1781436233.4702013,7,10,3.9562,1.041,0.0359,0.38,NOMINAL,NORMAL,0,,75,13.2,4920,3113
1781436233.594101,7,10,3.1877,1.055,0.0215,0.256,NOMINAL,NORMAL,0,,75,13.2,4920,3113
1781436233.7195203,7,10,3.7679,1.024,0.0358,0.373,NOMINAL,NORMAL,0,,75,13.2,4920,3113
1781436233.844777,7,10,3.9791,0.772,0.0222,0.254,NOMINAL,NORMAL,0,,75,13.2,4920,3113
1781436233.9682553,7,10,2.3411,0.899,0.0339,0.373,NOMINAL,NORMAL,0,,75,13.2,4920,3113
1781436234.095347,7,10,3.9494,1.019,0.0339,0.362,NOMINAL,NORMAL,0,,75,13.2,4920,3113
1781436234.2183244,7,10,2.3172,0.881,0.0343,0.37,NOMINAL,NORMAL,0,,75,13.2,4920,3113
1781436234.345027,7,10,4.0079,1.022,0.034,0.388,NOMINAL,NORMAL,0,,75,13.2,4920,3113
1781436234.468311,7,10,2.3695,1.059,0.035,0.384,NOMINAL,NORMAL,0,,99,12.8,4920,3113
1781436234.5933986,7,10,2.7925,1.001,0.0351,0.376,NOMINAL,NORMAL,0,,99,12.8,4920,3113
1781436234.7200766,7,10,3.9232,1.021,0.0347,0.37,NOMINAL,NORMAL,0,,99,12.8,4920,3113
1781436234.8440764,7,10,3.3876,0.735,0.0223,0.251,NOMINAL,NORMAL,0,,99,12.8,4920,3113
1781436234.9691157,7,10,3.2381,0.824,0.0238,0.337,NOMINAL,NORMAL,0,,99,12.8,4920,3113
1781436235.0951605,7,10,3.9587,1.041,0.0357,0.383,NOMINAL,NORMAL,0,,99,12.8,4920,3113
1781436235.2178547,7,10,2.1778,0.863,0.0354,0.373,NOMINAL,NORMAL,0,,99,12.8,4920,3113
1781436235.3451693,7,10,4.0074,1.009,0.0353,0.373,NOMINAL,NORMAL,0,,99,12.8,4920,3113
1781436235.4699836,7,10,4.015,0.896,0.0222,0.257,NOMINAL,NORMAL,0,,99,13.0,4888,3113
1781436235.594033,7,10,3.1943,1.028,0.0357,0.373,NOMINAL,NORMAL,0,,99,13.0,4888,3113
1781436235.7200754,7,10,3.9938,1.005,0.0346,0.365,NOMINAL,NORMAL,0,,99,13.0,4888,3113
1781436235.8434875,7,10,2.518,0.724,0.0225,0.249,NOMINAL,NORMAL,0,,99,13.0,4888,3113
1781436235.9684055,7,10,2.3619,1.014,0.0341,0.366,NOMINAL,NORMAL,0,,99,13.0,4888,3113
1781436236.0953135,7,10,3.9525,1.022,0.0348,0.366,NOMINAL,NORMAL,0,,99,13.0,4888,3113
1781436236.2189322,7,10,3.5049,0.794,0.022,0.256,NOMINAL,NORMAL,0,,99,13.0,4888,3113
1781436236.3450172,7,10,3.9948,1.002,0.0362,0.371,NOMINAL,NORMAL,0,,99,13.0,4888,3113
1781436236.4692903,7,10,3.5946,0.725,0.0239,0.25,NOMINAL,NORMAL,0,,99,13.0,4880,3113
1781436236.5930507,7,10,2.2412,0.917,0.0356,0.367,NOMINAL,NORMAL,0,,99,13.0,4880,3113
1781436236.7201812,7,10,4.0409,0.999,0.0345,0.371,NOMINAL,NORMAL,0,,99,13.0,4880,3113
1781436236.8434007,7,10,2.1787,0.993,0.0342,0.369,NOMINAL,NORMAL,0,,99,13.0,4880,3113
1781436236.9701514,7,10,4.0368,1.014,0.0353,0.382,NOMINAL,NORMAL,0,,99,13.0,4880,3113
1781436237.095139,7,10,4.0833,1.066,0.0249,0.274,NOMINAL,NORMAL,0,,99,13.0,4880,3113
1781436237.220028,7,10,3.9578,1.026,0.036,0.374,NOMINAL,NORMAL,0,,99,13.0,4880,3113
1781436237.347128,7,10,4.0913,1.05,0.0412,2.194,PRE_ALERT,TRIGGERED,1,PD3A-OUT|PD1A-OUT,99,13.0,4880,3113
1781436237.468685,7,10,2.8951,0.778,0.0255,0.262,PRE_ALERT,TRIGGERED,2,PD3A-OUT|PD1A-OUT|PD2A-OU,99,14.0,4920,3113
1781436237.5971284,7,10,4.0515,1.338,0.0381,2.007,ALERT,TRIGGERED,3,PD3A-OUT|PD1A-OUT,99,14.0,4920,3113
1781436237.7201836,7,10,4.0347,1.011,0.0335,0.384,ALERT,TRIGGERED,3,PD3A-OUT|PD1A-OUT,99,14.0,4920,3113
1781436237.842801,7,10,2.1658,0.868,0.037,0.422,ALERT,TRIGGERED,3,PD3A-OUT|PD1A-OUT,99,14.0,4920,3113
1781436237.9701438,7,10,4.1015,1.03,0.0285,0.292,ALERT,TRIGGERED,3,PD3A-OUT|PD1A-OUT,99,14.0,4920,3113
1781436238.0946136,7,10,3.6304,0.754,0.0237,0.288,ALERT,TRIGGERED,3,PD3A-OU|PD3A-OUT|PD1A-OUT|PD2A-OU,99,14.0,4920,3113
1781436238.219748,7,10,3.9197,1.028,0.034,0.426,ALERT,TRIGGERED,3,PD3A-OU|PD3A-OUT|PD1A-OUT,99,14.0,4920,3113
1781436238.3451362,7,10,3.9911,0.994,0.0344,0.376,ALERT,TRIGGERED,3,PD3A-OUT|PD1A-OUT|PD2A-OU,99,14.0,4920,3113
1781436238.4689677,7,10,2.5604,1.108,0.0345,0.381,ALERT,TRIGGERED,3,PD3A-OUT|PD1A-OUT,99,12.3,4880,3113
1781436238.593647,7,10,3.1524,0.796,0.0237,0.265,ALERT,TRIGGERED,3,PD3A-OUT|PD1A-OUT,99,12.3,4880,3113
1781436238.7202775,7,10,4.0436,1.017,0.027,0.445,ALERT,TRIGGERED,3,PD3A-OUT|PD1A-OUT,99,12.3,4880,3113
1781436238.8436224,7,10,2.9901,0.722,0.0232,0.257,ALERT,TRIGGERED,3,PD3A-OUT|PD1A-OUT,99,12.3,4880,3113
1781436238.969597,7,10,3.8879,0.735,0.0243,0.262,ALERT,TRIGGERED,3,PD3A-OU|PD3A-OUT|PD1A-OUT|PD2A-OU,99,12.3,4880,3113
1781436239.093654,7,10,3.0204,0.723,0.0221,0.254,ALERT,TRIGGERED,3,PD3A-OU|PD3A-OUT|PD1A-OUT,99,12.3,4880,3113
1781436239.2178485,7,10,2.1908,0.897,0.0332,0.377,ALERT,TRIGGERED,3,PD3A-OU|PD3A-OUT|PD1A-OUT,99,12.3,4880,3113
1781436239.3452249,7,10,4.058,1.0,0.0358,0.377,ALERT,TRIGGERED,3,PD3A-OU|PD3A-OUT|PD1A-OUT,99,12.3,4880,3113
1781436239.4679847,7,10,2.1962,1.004,0.0334,0.369,ALERT,TRIGGERED,3,PD3A-OU|PD3A-OUT|PD1A-OUT,99,13.3,4920,3113
1781436239.5952046,7,10,4.0072,1.059,0.0354,0.402,ALERT,TRIGGERED,3,PD3A-OU|PD3A-OUT|PD1A-OUT,99,13.3,4920,3113
1781436239.7196007,7,10,3.8847,0.762,0.0225,0.255,ALERT,TRIGGERED,3,PD3A-OU|PD3A-OUT,99,13.3,4920,3113
1781436239.8434274,7,10,2.1615,0.97,0.0339,0.38,ALERT,TRIGGERED,3,PD3A-OU,99,13.3,4920,3113
1781436239.9702656,7,10,4.0768,1.069,0.0341,0.379,ALERT,TRIGGERED,3,PD3A-OU,99,13.3,4920,3113
1781436240.0952933,7,10,2.3388,0.957,0.036,2.222,NOMINAL,NORMAL,0,,99,13.3,4920,3113
1781436240.2202227,7,10,3.9999,1.009,0.0364,0.374,NOMINAL,NORMAL,0,,99,13.3,4920,3113
1781436240.3451614,7,10,3.9971,0.992,0.0352,0.373,NOMINAL,NORMAL,0,,99,13.3,4920,3113
1781436240.468015,7,10,2.1794,1.015,0.0362,0.379,NOMINAL,NORMAL,0,,7,13.2,4920,3113
1781436240.5952268,7,10,4.071,1.051,0.0376,0.384,NOMINAL,NORMAL,0,,7,13.2,4920,3113
1781436240.7189019,7,10,3.2015,0.745,0.0253,0.257,NOMINAL,NORMAL,0,,7,13.2,4920,3113
1781436240.8450994,7,10,4.0055,0.977,0.0383,0.368,NOMINAL,NORMAL,0,,7,13.2,4920,3113
1781436240.9701772,7,10,4.0168,1.012,0.0363,0.376,NOMINAL,NORMAL,0,,7,13.2,4920,3113
1781436241.094021,7,10,3.1443,1.004,0.0264,0.451,NOMINAL,NORMAL,0,,7,13.2,4920,3113
1781436241.2200763,7,10,3.9735,1.003,0.036,0.369,NOMINAL,NORMAL,0,,7,13.2,4920,3113
1781436241.344849,7,10,3.9948,0.851,0.0239,0.247,NOMINAL,NORMAL,0,,7,13.2,4920,3113
1781436241.4692552,7,10,3.3941,1.034,0.034,0.377,NOMINAL,NORMAL,0,,7,12.3,4880,3113
1781436241.5956845,7,10,4.3408,1.163,0.0375,0.403,NOMINAL,NORMAL,0,,7,12.3,4880,3113
1781436241.7187564,7,10,2.4758,1.077,0.0666,0.413,NOMINAL,NORMAL,0,,7,12.3,4880,3113
1781436241.843193,7,10,2.1645,1.209,0.0352,0.39,NOMINAL,NORMAL,0,,7,12.3,4880,3113
1781436241.9701822,7,10,4.0323,1.029,0.0356,0.376,NOMINAL,NORMAL,0,,7,12.3,4880,3113
1781436242.0937974,7,10,3.0723,1.007,0.0342,0.371,NOMINAL,NORMAL,0,,7,12.3,4880,3113
1781436242.2202628,7,10,4.0091,1.039,0.0334,0.376,NOMINAL,NORMAL,0,,7,12.3,4880,3113
1781436242.3442476,7,10,3.4965,0.759,0.0226,0.258,NOMINAL,NORMAL,0,,7,12.3,4880,3113
1781436242.4687865,7,10,2.9589,1.045,0.0211,0.257,NOMINAL,NORMAL,0,,7,12.3,4880,3113
1781436242.5950842,7,10,4.0087,1.016,0.034,0.374,NOMINAL,NORMAL,0,,8,14.5,4880,3113
1781436242.718075,7,10,2.169,0.946,0.0354,0.392,NOMINAL,NORMAL,0,,8,14.5,4880,3113
1781436242.8452468,7,10,4.0353,1.025,0.0348,0.384,NOMINAL,NORMAL,0,,8,14.5,4880,3113
1781436242.9700925,7,10,4.1082,0.985,0.0229,0.259,NOMINAL,NORMAL,0,,8,14.5,4880,3113
1781436243.0938802,7,10,3.0934,1.024,0.035,0.379,NOMINAL,NORMAL,0,,8,14.5,4880,3113
1781436243.2201638,7,10,4.0364,0.952,0.0341,0.371,NOMINAL,NORMAL,0,,8,14.5,4880,3113
1781436243.3435104,7,10,2.7339,0.748,0.022,0.262,NOMINAL,NORMAL,0,,8,14.5,4880,3113
1781436243.47022,7,10,3.9995,1.05,0.038,0.39,NOMINAL,NORMAL,0,,8,14.5,4880,3113
1781436243.5951712,7,10,4.0182,1.072,0.0342,0.377,NOMINAL,NORMAL,0,,4,14.0,4920,3113
1781436243.7190657,7,10,3.6428,0.802,0.0241,0.268,NOMINAL,NORMAL,0,,4,14.0,4920,3113
1781436243.8451962,7,10,4.0071,1.016,0.0339,0.372,NOMINAL,NORMAL,0,,4,14.0,4920,3113
1781436243.9693737,7,10,3.7104,0.749,0.0231,0.256,NOMINAL,NORMAL,0,,4,14.0,4920,3113
1781436244.093429,7,10,2.2238,1.203,0.0389,0.401,NOMINAL,NORMAL,0,,4,14.0,4920,3113
1781436244.2205446,7,10,3.9797,1.297,0.0365,0.378,NOMINAL,NORMAL,0,,4,14.0,4920,3113
1781436244.3434255,7,10,2.1805,1.22,0.0352,0.382,NOMINAL,NORMAL,0,,4,14.0,4920,3113
1781436244.4679742,7,10,2.144,1.032,0.0341,0.384,NOMINAL,NORMAL,0,,4,14.0,4920,3113
1781436244.5952723,7,10,4.1017,1.174,0.0243,0.272,NOMINAL,NORMAL,0,,0,14.2,4920,3113
1781436244.7202542,7,10,3.9664,1.326,0.0351,0.383,NOMINAL,NORMAL,0,,0,14.2,4920,3113
1781436244.8451743,7,10,4.0362,0.997,0.0328,0.364,NOMINAL,NORMAL,0,,0,14.2,4920,3113
1781436244.9687035,7,10,2.9796,0.761,0.0232,0.261,NOMINAL,NORMAL,0,,0,14.2,4920,3113
1781436245.0951388,7,10,3.996,1.05,0.034,0.377,NOMINAL,NORMAL,0,,0,14.2,4920,3113
1781436245.2199976,7,10,3.8599,1.369,0.0342,0.374,NOMINAL,NORMAL,0,,0,14.2,4920,3113
1781436245.3428278,7,10,2.1384,0.908,0.036,0.418,NOMINAL,NORMAL,0,,0,14.2,4920,3113
1781436245.470131,7,10,4.0568,0.973,0.0341,0.37,NOMINAL,NORMAL,0,,0,14.2,4920,3113
1781436245.594592,7,10,3.8981,0.749,0.0206,0.266,NOMINAL,NORMAL,0,,0,13.3,4880,3113
1781436245.7197301,7,10,3.8326,1.095,0.0374,0.398,NOMINAL,NORMAL,0,,0,13.3,4880,3113
1781436245.84515,7,10,3.9853,1.002,0.0352,0.372,NOMINAL,NORMAL,0,,0,13.3,4880,3113
1781436245.9682026,7,10,2.3132,0.863,0.0346,0.365,NOMINAL,NORMAL,0,,0,13.3,4880,3113
1781436246.0951476,7,10,4.0008,1.043,0.0341,0.369,NOMINAL,NORMAL,0,,0,13.3,4880,3113
1781436246.2200284,7,10,3.976,0.924,0.033,0.367,NOMINAL,NORMAL,0,,0,13.3,4880,3113
1781436246.3436856,7,10,3.0854,0.721,0.0221,0.251,NOMINAL,NORMAL,0,,0,13.3,4880,3113
1781436246.470107,7,10,4.0117,0.983,0.0359,0.363,NOMINAL,NORMAL,0,,0,13.3,4880,3113
1781436246.5938716,7,10,3.2112,0.738,0.0221,0.249,NOMINAL,NORMAL,0,,0,12.7,4880,3113
1781436246.7191749,7,10,3.2633,1.148,0.0354,0.408,NOMINAL,NORMAL,0,,0,12.7,4880,3113
1781436246.844952,7,10,3.7635,1.073,0.0358,0.386,NOMINAL,NORMAL,0,,0,12.7,4880,3113
1781436246.9679213,7,10,2.147,1.003,0.0348,0.375,NOMINAL,NORMAL,0,,0,12.7,4880,3113
1781436247.0938056,7,10,3.0717,0.972,0.0355,0.374,NOMINAL,NORMAL,0,,0,12.7,4880,3113
1781436247.2197573,7,10,3.9457,0.777,0.0226,0.252,NOMINAL,NORMAL,0,,0,12.7,4880,3113
1781436247.3450081,7,10,3.9731,0.985,0.0346,0.368,NOMINAL,NORMAL,0,,0,12.7,4880,3113
1781436247.4701493,7,10,4.037,0.989,0.035,0.369,NOMINAL,NORMAL,0,,0,12.7,4880,3113
1781436247.5933616,7,10,2.4147,0.892,0.0331,0.366,NOMINAL,NORMAL,0,,0,13.2,4848,3113
1781436247.7200692,7,10,3.955,0.996,0.0328,0.361,NOMINAL,NORMAL,0,,0,13.2,4848,3113
1781436247.8452804,7,10,4.048,1.051,0.0355,0.382,NOMINAL,NORMAL,0,,0,13.2,4848,3113
1781436247.9679334,7,10,2.1716,1.015,0.036,0.379,NOMINAL,NORMAL,0,,0,13.2,4848,3113
1781436248.0951822,7,10,3.9971,1.073,0.0333,0.377,NOMINAL,NORMAL,0,,0,13.2,4848,3113
1781436248.2188957,7,10,3.4822,0.797,0.0245,0.262,NOMINAL,NORMAL,0,,0,13.2,4848,3113
1781436248.3451736,7,10,4.0373,1.042,0.0354,0.38,NOMINAL,NORMAL,0,,0,13.2,4848,3113
1781436248.4701998,7,10,4.0545,1.035,0.0342,0.382,NOMINAL,NORMAL,0,,0,13.2,4848,3113
1781436248.592911,7,10,2.1937,0.922,0.0331,0.372,NOMINAL,NORMAL,0,,0,12.7,4880,3113
1781436248.7205074,7,10,4.0275,1.302,0.0352,0.376,NOMINAL,NORMAL,0,,0,12.7,4880,3113
1781436248.8449748,7,10,3.9729,0.912,0.0231,0.26,NOMINAL,NORMAL,0,,0,12.7,4880,3113
1781436248.9685209,7,10,2.5108,0.896,0.035,0.386,NOMINAL,NORMAL,0,,0,12.7,4880,3113
1781436249.0952506,7,10,4.0617,1.07,0.0357,0.372,NOMINAL,NORMAL,0,,0,12.7,4880,3113
1781436249.2186048,7,10,2.6304,0.825,0.0344,0.394,NOMINAL,NORMAL,0,,0,12.7,4880,3113
1781436249.3427978,7,10,2.1705,0.87,0.037,0.407,NOMINAL,NORMAL,0,,0,12.7,4880,3113
1781436249.4701653,7,10,4.0709,0.969,0.0351,0.374,NOMINAL,NORMAL,0,,0,12.7,4880,3113
1781436249.5937812,7,10,3.0363,1.003,0.0335,0.376,NOMINAL,NORMAL,0,,0,13.8,4880,3113
1781436249.7201474,7,10,3.9802,1.047,0.0361,0.391,NOMINAL,NORMAL,0,,0,13.8,4880,3113
1781436249.8443902,7,10,3.6078,0.763,0.0233,0.262,NOMINAL,NORMAL,0,,0,13.8,4880,3113
1781436249.9704068,7,10,4.0299,1.132,0.0362,0.399,NOMINAL,NORMAL,0,,0,13.8,4880,3113
1781436250.0932448,7,10,2.2334,0.932,0.0325,0.364,NOMINAL,NORMAL,0,,0,13.8,4880,3113
1781436250.2180867,7,10,2.1543,0.932,0.0371,0.375,NOMINAL,NORMAL,0,,0,13.8,4880,3113
1781436250.3450055,7,10,3.9264,0.972,0.0324,0.352,NOMINAL,NORMAL,0,,0,13.8,4880,3113
1781436250.470192,7,10,4.073,1.098,0.0257,0.27,NOMINAL,NORMAL,0,,0,13.8,4880,3113
1781436250.5939105,7,10,3.1353,1.027,0.0339,0.366,NOMINAL,NORMAL,0,,81,13.8,4880,3113
1781436250.7203329,7,10,3.9596,1.268,0.0345,0.369,NOMINAL,NORMAL,0,,81,13.8,4880,3113
1781436250.8440666,7,10,2.8623,1.101,0.0337,0.359,NOMINAL,NORMAL,0,,81,13.8,4880,3113
1781436250.9701412,7,10,4.0288,1.024,0.0364,0.374,NOMINAL,NORMAL,0,,81,13.8,4880,3113
1781436251.0956151,7,10,3.9988,1.265,0.0348,0.38,NOMINAL,NORMAL,0,,81,13.8,4880,3113
1781436251.2195084,7,10,3.6511,0.893,0.0245,0.259,NOMINAL,NORMAL,0,,81,13.8,4880,3113
1781436251.3453236,7,10,4.0003,1.277,0.0363,0.371,NOMINAL,NORMAL,0,,81,13.8,4880,3113
1781436251.4696403,7,10,3.6703,0.758,0.0228,0.253,NOMINAL,NORMAL,0,,81,13.8,4880,3113
1781436251.5930552,7,10,2.184,0.928,0.0345,0.374,NOMINAL,NORMAL,0,,82,13.2,4888,3113
1781436251.720394,7,10,4.0367,1.249,0.0345,0.383,NOMINAL,NORMAL,0,,82,13.2,4888,3113
1781436251.8434832,7,10,2.1798,1.05,0.0528,0.4,NOMINAL,NORMAL,0,,82,13.2,4888,3113
1781436251.9702299,7,10,4.0525,1.066,0.0346,0.38,NOMINAL,NORMAL,0,,82,13.2,4888,3113
1781436252.0951977,7,10,4.0458,1.081,0.0354,0.345,NOMINAL,NORMAL,0,,82,13.2,4888,3113
1781436252.2185602,7,10,3.201,0.735,0.0223,0.277,NOMINAL,NORMAL,0,,82,13.2,4888,3113
1781436252.345033,7,10,4.0122,0.951,0.0333,0.347,NOMINAL,NORMAL,0,,82,13.2,4888,3113
1781436252.4691725,7,10,3.226,0.978,0.0232,0.259,NOMINAL,NORMAL,0,,82,13.2,4888,3113
1781436252.5953748,7,10,4.0137,1.26,0.033,0.374,NOMINAL,NORMAL,0,,99,13.2,4920,3113
1781436252.7203972,7,10,4.0474,1.229,0.0349,0.363,NOMINAL,NORMAL,0,,99,13.2,4920,3113
1781436252.8428464,7,10,2.1345,0.915,0.035,0.421,NOMINAL,NORMAL,0,,99,13.2,4920,3113
1781436252.9704382,7,10,4.1668,1.083,0.0349,0.387,NOMINAL,NORMAL,0,,99,13.2,4920,3113
1781436253.0953221,7,10,4.1497,1.022,0.0244,0.45,NOMINAL,NORMAL,0,,99,13.2,4920,3113
1781436253.22049,7,10,4.1642,1.243,0.0353,0.37,NOMINAL,NORMAL,0,,99,13.2,4920,3113
1781436253.3453696,7,10,4.0054,1.248,0.0346,0.362,NOMINAL,NORMAL,0,,99,13.2,4920,3113
1781436253.4686644,7,10,2.4879,1.13,0.034,0.367,NOMINAL,NORMAL,0,,99,13.2,4920,3113
1781436253.5951571,7,10,4.0536,1.02,0.0353,0.363,NOMINAL,NORMAL,0,,99,12.8,4880,3113
1781436253.7200675,7,10,3.9585,1.009,0.0335,0.364,NOMINAL,NORMAL,0,,99,12.8,4880,3113
1781436253.8439572,7,10,3.4493,0.749,0.0233,0.258,NOMINAL,NORMAL,0,,99,12.8,4880,3113
1781436253.9702425,7,10,4.0821,1.05,0.0377,0.375,NOMINAL,NORMAL,0,,99,12.8,4880,3113
1781436254.0944095,7,10,3.4873,0.959,0.0226,0.297,NOMINAL,NORMAL,0,,99,12.8,4880,3113
1781436254.2187238,7,10,3.0779,0.912,0.0257,0.313,NOMINAL,NORMAL,0,,99,12.8,4880,3113
1781436254.3451645,7,10,4.0454,1.02,0.0365,0.4,NOMINAL,NORMAL,0,,99,12.8,4880,3113
1781436254.468045,7,10,2.1455,1.014,0.0326,0.368,NOMINAL,NORMAL,0,,99,12.8,4880,3113
1781436254.595045,7,10,3.9745,1.065,0.0333,0.377,NOMINAL,NORMAL,0,,99,13.3,4880,3113
1781436254.7198484,7,10,3.9336,0.956,0.0219,0.254,NOMINAL,NORMAL,0,,99,13.3,4880,3113
1781436254.845299,7,10,4.1842,1.04,0.0329,0.378,NOMINAL,NORMAL,0,,99,13.3,4880,3113
1781436254.9702215,7,10,4.0259,1.051,0.0348,0.382,NOMINAL,NORMAL,0,,99,13.3,4880,3113
1781436255.0938396,7,10,2.6325,1.185,0.0356,0.38,NOMINAL,NORMAL,0,,99,13.3,4880,3113
1781436255.2201474,7,10,3.948,1.008,0.0349,0.43,NOMINAL,NORMAL,0,,99,13.3,4880,3113
1781436255.3453019,7,10,3.9794,1.247,0.0338,0.363,NOMINAL,NORMAL,0,,99,13.3,4880,3113
1781436255.467929,7,10,2.1533,1.031,0.0361,0.379,NOMINAL,NORMAL,0,,99,13.3,4880,3113
1781436255.595382,7,10,3.9636,1.329,0.0344,0.378,NOMINAL,NORMAL,0,,99,13.0,4920,3113
1781436255.7195387,7,10,3.6303,0.988,0.0213,0.256,NOMINAL,NORMAL,0,,99,13.0,4920,3113
1781436255.8454316,7,10,3.9802,1.261,0.0335,0.373,NOMINAL,NORMAL,0,,99,13.0,4920,3113
1781436255.9701736,7,10,4.0119,1.049,0.0333,0.378,NOMINAL,NORMAL,0,,99,13.0,4920,3113
1781436256.0930886,7,10,2.1631,0.93,0.0346,0.379,NOMINAL,NORMAL,0,,99,13.0,4920,3113
1781436256.2203712,7,10,3.9809,1.277,0.0348,0.383,NOMINAL,NORMAL,0,,99,13.0,4920,3113
1781436256.345104,7,10,4.0476,1.004,0.026,0.282,NOMINAL,NORMAL,0,,99,13.0,4920,3113
1781436256.4688087,7,10,2.8404,0.936,0.0322,0.379,NOMINAL,NORMAL,0,,99,13.0,4920,3113
1781436256.5953887,7,10,4.036,1.301,0.0337,0.374,NOMINAL,NORMAL,0,,99,12.8,4920,3113
1781436256.7190852,7,10,2.8619,1.191,0.0337,0.377,NOMINAL,NORMAL,0,,99,12.8,4920,3113
1781436256.8428295,7,10,2.1483,0.886,0.0325,0.394,NOMINAL,NORMAL,0,,99,12.8,4920,3113
1781436256.9702635,7,10,4.0687,1.045,0.0351,0.376,NOMINAL,NORMAL,0,,99,12.8,4920,3113
1781436257.0936294,7,10,3.0348,0.969,0.0224,0.277,NOMINAL,NORMAL,0,,99,12.8,4920,3113
1781436257.2195368,7,10,3.7813,0.811,0.0231,0.289,NOMINAL,NORMAL,0,,99,12.8,4920,3113
1781436257.3444054,7,10,3.8315,0.664,0.0211,0.231,NOMINAL,NORMAL,0,,99,12.8,4920,3113
1781436257.470244,7,10,3.9737,1.033,0.0323,0.37,NOMINAL,NORMAL,0,,99,12.8,4920,3113
1781436257.5950704,7,10,3.9677,1.057,0.0325,0.358,NOMINAL,NORMAL,0,,99,12.8,4880,3113
1781436257.718273,7,10,2.176,0.944,0.0363,0.386,NOMINAL,NORMAL,0,,99,12.8,4880,3113
1781436257.8436468,7,10,2.5545,1.002,0.0347,0.379,NOMINAL,NORMAL,0,,99,12.8,4880,3113
1781436257.9701438,7,10,4.0801,1.04,0.0263,0.3,NOMINAL,NORMAL,0,,99,12.8,4880,3113
1781436258.0937579,7,10,3.0404,0.801,0.0243,0.261,NOMINAL,NORMAL,0,,99,12.8,4880,3113
1781436258.2201462,7,10,4.0117,0.956,0.0346,0.37,NOMINAL,NORMAL,0,,99,12.8,4880,3113
1781436258.343815,7,10,3.1363,0.746,0.0218,0.249,NOMINAL,NORMAL,0,,99,12.8,4880,3113
1781436258.4680154,7,10,2.1574,1.065,0.0346,0.372,NOMINAL,NORMAL,0,,99,12.8,4880,3113
1781436258.5951953,7,10,4.0649,1.05,0.0345,0.373,NOMINAL,NORMAL,0,,82,13.0,4920,3114
1781436258.7185357,7,10,2.8899,0.976,0.0253,0.307,NOMINAL,NORMAL,0,,82,13.0,4920,3114
1781436258.8455732,7,10,4.047,1.311,0.0354,0.385,NOMINAL,NORMAL,0,,82,13.0,4920,3114
1781436258.9700344,7,10,4.0868,1.0,0.0236,0.257,NOMINAL,NORMAL,0,,82,13.0,4920,3114
1781436259.093961,7,10,2.2186,1.456,0.0355,0.432,NOMINAL,NORMAL,0,,82,13.0,4920,3114
1781436259.2201684,7,10,4.0008,1.021,0.0348,0.366,NOMINAL,NORMAL,0,,82,13.0,4920,3114
1781436259.343355,7,10,2.3232,0.969,0.0348,0.371,NOMINAL,NORMAL,0,,82,13.0,4920,3114
1781436259.4704168,7,10,4.0151,1.311,0.0351,0.384,NOMINAL,NORMAL,0,,82,13.0,4920,3114
1781436259.595167,7,10,4.0226,1.081,0.0343,0.373,NOMINAL,NORMAL,0,,99,13.5,4920,3114
1781436259.7189634,7,10,3.3849,0.999,0.0225,0.258,NOMINAL,NORMAL,0,,99,13.5,4920,3114
1781436259.845211,7,10,4.0549,1.074,0.0353,0.366,NOMINAL,NORMAL,0,,99,13.5,4920,3114
1781436259.9690032,7,10,3.3434,0.755,0.0234,0.25,NOMINAL,NORMAL,0,,99,13.5,4920,3114
1781436260.0951188,7,10,3.9417,1.062,0.0354,0.37,NOMINAL,NORMAL,0,,99,13.5,4920,3114
1781436260.2201567,7,10,3.9927,1.047,0.0332,0.335,NOMINAL,NORMAL,0,,99,13.5,4920,3114
1781436260.342878,7,10,2.1401,0.916,0.0356,0.418,NOMINAL,NORMAL,0,,99,13.5,4920,3114
1781436260.470163,7,10,3.9665,1.079,0.036,0.389,NOMINAL,NORMAL,0,,99,13.5,4920,3114
1781436260.5949202,7,10,4.0497,0.83,0.0225,0.252,NOMINAL,NORMAL,0,,15,12.3,4920,3114
1781436260.720133,7,10,4.1473,0.963,0.0344,0.368,NOMINAL,NORMAL,0,,15,12.3,4920,3114
1781436260.8454638,7,10,3.9651,1.31,0.0349,0.376,NOMINAL,NORMAL,0,,15,12.3,4920,3114
1781436260.9687197,7,10,2.6843,1.146,0.0328,0.367,NOMINAL,NORMAL,0,,15,12.3,4920,3114
1781436261.0938096,7,10,3.0337,1.03,0.0353,0.379,NOMINAL,NORMAL,0,,15,12.3,4920,3114
1781436261.2202127,7,10,3.94,1.19,0.0343,0.362,NOMINAL,NORMAL,0,,15,12.3,4920,3114
1781436261.3438647,7,10,3.5679,0.704,0.0221,0.236,NOMINAL,NORMAL,0,,15,12.3,4920,3114
1781436261.470265,7,10,4.0011,1.059,0.0358,0.376,NOMINAL,NORMAL,0,,15,12.3,4920,3114
1781436261.5938318,7,10,3.4444,0.783,0.0237,0.252,NOMINAL,NORMAL,0,,15,12.3,4920,3114
1781436261.7183313,7,10,2.4386,0.986,0.0364,0.371,NOMINAL,NORMAL,0,,70,13.0,4920,3114
1781436261.8439214,7,10,2.954,0.955,0.0352,0.382,NOMINAL,NORMAL,0,,70,13.0,4920,3114
1781436261.9683409,7,10,2.3442,1.006,0.0355,0.361,NOMINAL,NORMAL,0,,70,13.0,4920,3114
1781436262.0951726,7,10,4.0452,1.076,0.0359,0.372,NOMINAL,NORMAL,0,,70,13.0,4920,3114
1781436262.2198324,7,10,3.972,0.867,0.023,0.252,NOMINAL,NORMAL,0,,70,13.0,4920,3114
1781436262.3437967,7,10,2.7016,1.099,0.035,0.351,NOMINAL,NORMAL,0,,70,13.0,4920,3114
1781436262.4701152,7,10,4.0898,0.925,0.03,0.318,NOMINAL,NORMAL,0,,70,13.0,4920,3114
1781436262.5933335,7,10,2.7892,0.675,0.0236,0.244,NOMINAL,NORMAL,0,,70,13.0,4920,3114
1781436262.7196302,7,10,3.8531,1.016,0.0338,0.362,NOMINAL,NORMAL,0,,0,13.8,4920,3114
1781436262.8451645,7,10,4.065,0.983,0.0335,0.363,NOMINAL,NORMAL,0,,0,13.8,4920,3114
1781436262.9676735,7,10,2.1346,0.905,0.0365,0.363,NOMINAL,NORMAL,0,,0,13.8,4920,3114
1781436263.0951357,7,10,3.9916,1.042,0.0368,0.441,NOMINAL,NORMAL,0,,0,13.8,4920,3114
1781436263.2194033,7,10,3.7242,0.743,0.0232,0.255,NOMINAL,NORMAL,0,,0,13.8,4920,3114
1781436263.3452709,7,10,3.968,1.056,0.0367,0.393,NOMINAL,NORMAL,0,,0,13.8,4920,3114
1781436263.4702756,7,10,3.9766,1.181,0.0361,0.408,NOMINAL,NORMAL,0,,0,13.8,4920,3114
1781436263.5933092,7,10,2.1644,1.118,0.0346,0.403,NOMINAL,NORMAL,0,,0,13.8,4920,3114
1781436263.7199936,7,10,3.8627,1.006,0.0348,0.406,NOMINAL,NORMAL,0,,0,13.0,4888,3114
1781436263.8450472,7,10,4.0218,0.942,0.0251,0.305,NOMINAL,NORMAL,0,,0,13.0,4888,3114
1781436263.9684615,7,10,2.9388,0.653,0.0202,0.252,NOMINAL,NORMAL,0,,0,13.0,4888,3114
1781436264.095198,7,10,4.0182,1.162,0.0314,0.356,NOMINAL,NORMAL,0,,0,13.0,4888,3114
1781436264.2187777,7,10,3.0297,0.709,0.0252,0.371,NOMINAL,NORMAL,0,,0,13.0,4888,3114
1781436264.3428025,7,10,2.1583,0.845,0.0357,0.424,NOMINAL,NORMAL,0,,0,13.0,4888,3114
1781436264.4700654,7,10,4.0672,0.899,0.0322,0.356,NOMINAL,NORMAL,0,,0,13.0,4888,3114
1781436264.593425,7,10,3.0031,0.831,0.0221,0.271,NOMINAL,NORMAL,0,,0,13.0,4888,3114
1781436264.7200563,7,10,4.0486,0.966,0.0319,0.385,NOMINAL,NORMAL,0,,0,13.7,4880,3114
1781436264.844606,7,10,3.9754,0.645,0.0218,0.252,NOMINAL,NORMAL,0,,0,13.7,4880,3114
1781436264.9701993,7,10,4.0203,0.934,0.0321,0.368,NOMINAL,NORMAL,0,,0,13.7,4880,3114
1781436265.0949337,7,10,4.0283,0.891,0.0304,0.34,NOMINAL,NORMAL,0,,0,13.7,4880,3114
1781436265.218275,7,10,2.2973,0.896,0.036,0.397,NOMINAL,NORMAL,0,,0,13.7,4880,3114
1781436265.3449523,7,10,4.0224,0.828,0.0292,0.334,NOMINAL,NORMAL,0,,0,13.7,4880,3114
1781436265.4699802,7,10,4.0753,0.846,0.031,0.341,NOMINAL,NORMAL,0,,0,13.7,4880,3114
1781436265.5935748,7,10,3.174,0.607,0.0177,0.235,NOMINAL,NORMAL,0,,0,13.7,4880,3114
1781436265.7201734,7,10,3.9621,1.008,0.0336,0.392,NOMINAL,NORMAL,0,,0,13.5,4880,3114
1781436265.8438387,7,10,3.2011,0.658,0.0205,0.255,NOMINAL,NORMAL,0,,0,13.5,4880,3114
1781436265.9699662,7,10,3.9551,0.91,0.0335,0.37,NOMINAL,NORMAL,0,,0,13.5,4880,3114
1781436266.0950196,7,10,4.0377,0.944,0.0319,0.38,NOMINAL,NORMAL,0,,0,13.5,4880,3114
1781436266.2178087,7,10,2.191,0.885,0.0333,0.375,NOMINAL,NORMAL,0,,0,13.5,4880,3114
1781436266.3450015,7,10,3.9929,0.933,0.0327,0.378,NOMINAL,NORMAL,0,,0,13.5,4880,3114
1781436266.4697032,7,10,4.0967,0.668,0.0206,0.256,NOMINAL,NORMAL,0,,0,13.5,4880,3114
1781436266.5950353,7,10,4.1657,0.926,0.0323,0.363,NOMINAL,NORMAL,0,,0,13.5,4880,3114
1781436266.7200005,7,10,3.9781,0.931,0.0328,0.376,NOMINAL,NORMAL,0,,0,13.0,4888,3114
1781436266.8434486,7,10,2.4384,1.004,0.0335,0.408,NOMINAL,NORMAL,0,,0,13.0,4888,3114
1781436266.9700258,7,10,4.0048,0.954,0.0341,0.381,NOMINAL,NORMAL,0,,0,13.0,4888,3114
1781436267.0950065,7,10,3.9977,0.986,0.0362,0.39,NOMINAL,NORMAL,0,,0,13.0,4888,3114
1781436267.2188978,7,10,3.4752,0.801,0.0241,0.284,NOMINAL,NORMAL,0,,0,13.0,4888,3114
1781436267.3451262,7,10,4.0626,0.937,0.0331,0.378,NOMINAL,NORMAL,0,,0,13.0,4888,3114
1781436267.4691088,7,10,3.469,0.671,0.0228,0.261,NOMINAL,NORMAL,0,,0,13.0,4888,3114
1781436267.5950885,7,10,4.0617,0.966,0.0332,0.386,NOMINAL,NORMAL,0,,0,13.0,4888,3114
1781436267.7204168,7,10,4.0065,1.248,0.0333,0.394,NOMINAL,NORMAL,0,,0,14.2,4920,3114
1781436267.843241,7,10,2.1358,1.157,0.0331,0.379,NOMINAL,NORMAL,0,,0,14.2,4920,3114
1781436267.9702985,7,10,4.041,1.183,0.033,0.376,NOMINAL,NORMAL,0,,0,14.2,4920,3114
1781436268.0949533,7,10,4.0094,1.034,0.0202,0.26,NOMINAL,NORMAL,0,,0,14.2,4920,3114
1781436268.2205808,7,10,4.2572,1.26,0.0341,0.395,NOMINAL,NORMAL,0,,0,14.2,4920,3114
1781436268.3451397,7,10,3.991,1.038,0.0334,0.388,NOMINAL,NORMAL,0,,0,14.2,4920,3114
1781436268.4686236,7,10,2.7578,0.912,0.0339,0.388,NOMINAL,NORMAL,0,,0,14.2,4920,3114
1781436268.5950718,7,10,4.0139,1.074,0.0345,0.388,NOMINAL,NORMAL,0,,0,14.2,4920,3114
1781436268.720102,7,10,3.9851,1.046,0.0338,0.39,NOMINAL,NORMAL,0,,0,12.5,4888,3114
1781436268.8427632,7,10,2.123,0.91,0.0642,0.424,NOMINAL,NORMAL,0,,0,12.5,4888,3114
1781436268.9703727,7,10,4.016,1.292,0.0349,0.394,NOMINAL,NORMAL,0,,0,12.5,4888,3114
1781436269.0942836,7,10,3.7502,0.706,0.0228,0.267,NOMINAL,NORMAL,0,,0,12.5,4888,3114
1781436269.2200634,7,10,3.8959,1.021,0.0346,0.393,NOMINAL,NORMAL,0,,0,12.5,4888,3114
1781436269.3458722,7,10,4.0388,1.622,0.0358,0.411,NOMINAL,NORMAL,0,,0,12.5,4888,3114
1781436269.4687667,7,10,2.2659,1.438,0.0341,0.385,NOMINAL,NORMAL,0,,0,12.5,4888,3114
1781436269.5951743,7,10,3.967,1.24,0.0328,0.384,NOMINAL,NORMAL,0,,0,12.5,4888,3114
1781436269.7200768,7,10,3.9441,1.16,0.022,0.269,NOMINAL,NORMAL,0,,0,13.3,4880,3114
1781436269.8440516,7,10,2.7571,1.222,0.0323,0.375,NOMINAL,NORMAL,0,,0,13.3,4880,3114
1781436269.9702342,7,10,4.0089,1.174,0.0318,0.373,NOMINAL,NORMAL,0,,0,13.3,4880,3114
1781436270.0939388,7,10,2.9357,1.029,0.034,0.378,NOMINAL,NORMAL,0,,0,13.3,4880,3114
1781436270.2199974,7,10,3.9713,0.911,0.0332,0.374,NOMINAL,NORMAL,0,,0,13.3,4880,3114
1781436270.3455274,7,10,4.0339,1.316,0.0337,0.392,NOMINAL,NORMAL,0,,0,13.3,4880,3114
1781436270.4678018,7,10,2.1418,0.923,0.0331,0.378,NOMINAL,NORMAL,0,,0,13.3,4880,3114
1781436270.5950785,7,10,4.0714,0.972,0.0331,0.386,NOMINAL,NORMAL,0,,0,13.3,4880,3114
1781436270.7198474,7,10,3.9033,0.996,0.022,0.276,NOMINAL,NORMAL,0,,88,13.2,4880,3114
1781436270.8452847,7,10,4.0013,1.089,0.0293,0.345,NOMINAL,NORMAL,0,,88,13.2,4880,3114
1781436270.9701283,7,10,4.0832,0.964,0.0333,0.385,NOMINAL,NORMAL,0,,88,13.2,4880,3114
1781436271.0949569,7,10,3.9498,0.979,0.0242,0.287,NOMINAL,NORMAL,0,,88,13.2,4880,3114
1781436271.2205672,7,10,4.0076,1.485,0.0328,0.374,NOMINAL,NORMAL,0,,88,13.2,4880,3114
1781436271.3454406,7,10,4.0522,1.272,0.0276,0.308,NOMINAL,NORMAL,0,,88,13.2,4880,3114
1781436271.468551,7,10,2.5857,1.207,0.0323,0.379,NOMINAL,NORMAL,0,,88,13.2,4880,3114
1781436271.5952933,7,10,4.0181,1.239,0.036,0.393,NOMINAL,NORMAL,0,,88,13.2,4880,3114
1781436271.720113,7,10,4.0072,1.311,0.0331,0.396,NOMINAL,NORMAL,0,,99,13.3,4880,3114
1781436271.8431177,7,10,2.1959,1.154,0.0315,0.38,NOMINAL,NORMAL,0,,99,13.3,4880,3114
1781436271.9702597,7,10,3.9839,1.202,0.0343,0.379,NOMINAL,NORMAL,0,,99,13.3,4880,3114
1781436272.09373,7,10,3.0057,1.123,0.0228,0.292,NOMINAL,NORMAL,0,,99,13.3,4880,3114
1781436272.2201884,7,10,3.9819,1.156,0.0315,0.378,NOMINAL,NORMAL,0,,99,13.3,4880,3114
1781436272.3448656,7,10,4.049,0.781,0.0213,0.269,NOMINAL,NORMAL,0,,99,13.3,4880,3114
1781436272.4682808,7,10,2.3502,0.929,0.0337,0.391,NOMINAL,NORMAL,0,,99,13.3,4880,3114
1781436272.594951,7,10,3.9562,1.027,0.0328,0.386,NOMINAL,NORMAL,0,,99,13.3,4880,3114
1781436272.7182887,7,10,2.4074,0.89,0.034,0.396,NOMINAL,NORMAL,0,,96,13.2,4880,3114
1781436272.8448708,7,10,3.855,0.995,0.0219,0.39,NOMINAL,NORMAL,0,,96,13.2,4880,3114
1781436272.9700553,7,10,3.9547,1.028,0.0339,0.405,NOMINAL,NORMAL,0,,96,13.2,4880,3114
1781436273.093935,7,10,3.2296,1.004,0.0344,0.395,NOMINAL,NORMAL,0,,96,13.2,4880,3114
1781436273.2199147,7,10,3.9682,0.915,0.0318,0.357,NOMINAL,NORMAL,0,,96,13.2,4880,3114
1781436273.3443298,7,10,3.2942,0.759,0.0222,0.551,NOMINAL,NORMAL,0,,96,13.2,4880,3114
1781436273.4678826,7,10,2.1317,0.998,0.0327,0.37,NOMINAL,NORMAL,0,,96,13.2,4880,3114
1781436273.5950818,7,10,4.0183,1.047,0.0349,0.387,NOMINAL,NORMAL,0,,96,13.2,4880,3114
1781436273.7178001,7,10,2.1645,0.885,0.035,0.44,NOMINAL,NORMAL,0,,99,12.8,4880,3114
1781436273.8450143,7,10,3.9778,0.968,0.0324,0.371,NOMINAL,NORMAL,0,,99,12.8,4880,3114
1781436273.969802,7,10,4.0728,0.764,0.0184,0.243,NOMINAL,NORMAL,0,,99,12.8,4880,3114
1781436274.093664,7,10,3.0965,1.01,0.0365,0.39,NOMINAL,NORMAL,0,,99,12.8,4880,3114
1781436274.2200947,7,10,4.0111,1.003,0.0366,0.395,NOMINAL,NORMAL,0,,99,12.8,4880,3114
1781436274.3435376,7,10,2.416,0.985,0.0358,0.394,NOMINAL,NORMAL,0,,99,12.8,4880,3114
1781436274.4679966,7,10,2.1321,1.071,0.0339,0.402,NOMINAL,NORMAL,0,,99,12.8,4880,3114
1781436274.5950844,7,10,4.0593,0.981,0.0336,0.361,NOMINAL,NORMAL,0,,99,12.8,4880,3114
1781436274.7193067,7,10,3.2726,0.814,0.023,0.499,NOMINAL,NORMAL,0,,99,12.5,4880,3114
1781436274.8454456,7,10,4.0815,1.029,0.0347,0.393,NOMINAL,NORMAL,0,,99,12.5,4880,3114
1781436274.9695435,7,10,3.3693,0.78,0.0249,0.504,NOMINAL,NORMAL,0,,99,12.5,4880,3114
1781436275.0930262,7,10,2.1353,0.897,0.0871,0.454,NOMINAL,NORMAL,0,,99,12.5,4880,3114
1781436275.2203586,7,10,3.952,1.011,0.0328,0.391,NOMINAL,NORMAL,0,,99,12.5,4880,3114
1781436275.3429997,7,10,2.1312,0.975,0.0338,0.394,NOMINAL,NORMAL,0,,99,12.5,4880,3114
1781436275.4702826,7,10,4.0213,1.053,0.0349,0.402,NOMINAL,NORMAL,0,,99,12.5,4880,3114
1781436275.594956,7,10,3.9751,1.054,0.0241,0.265,NOMINAL,NORMAL,0,,99,12.5,4880,3114
1781436275.7195609,7,10,3.8097,1.042,0.0343,0.393,NOMINAL,NORMAL,0,,99,12.8,4920,3114
1781436275.845123,7,10,3.9963,0.953,0.032,0.371,NOMINAL,NORMAL,0,,99,12.8,4920,3114
1781436275.9690218,7,10,2.7607,1.115,0.038,0.413,NOMINAL,NORMAL,0,,99,12.8,4920,3114
1781436276.093687,7,10,2.8811,1.057,0.0369,0.4,NOMINAL,NORMAL,0,,99,12.8,4920,3114
1781436276.2201333,7,10,3.9431,0.863,0.033,0.361,NOMINAL,NORMAL,0,,99,12.8,4920,3114
1781436276.3430097,7,10,2.208,1.021,0.03,0.355,NOMINAL,NORMAL,0,,99,12.8,4920,3114
1781436276.4703624,7,10,4.0534,1.064,0.0354,0.4,NOMINAL,NORMAL,0,,99,12.8,4920,3114
1781436276.5942707,7,10,3.6916,0.681,0.0202,0.248,NOMINAL,NORMAL,0,,99,12.8,4920,3114
1781436276.7197225,7,10,3.9576,0.988,0.0304,0.365,NOMINAL,NORMAL,0,,90,13.5,4920,3114
1781436276.8445194,7,10,3.5325,0.899,0.0287,0.318,NOMINAL,NORMAL,0,,90,13.5,4920,3114
1781436276.9683633,7,10,2.363,0.967,0.0557,0.391,NOMINAL,NORMAL,0,,90,13.5,4920,3114
1781436277.0951355,7,10,4.0312,1.027,0.0357,0.379,NOMINAL,NORMAL,0,,90,13.5,4920,3114
1781436277.219975,7,10,3.935,0.997,0.0316,0.323,NOMINAL,NORMAL,0,,90,13.5,4920,3114
1781436277.3434718,7,10,2.8309,0.766,0.025,0.256,NOMINAL,NORMAL,0,,90,13.5,4920,3114
1781436277.470276,7,10,4.0855,1.046,0.0356,0.385,NOMINAL,NORMAL,0,,90,13.5,4920,3114
1781436277.59352,7,10,2.9065,0.719,0.0239,0.25,NOMINAL,NORMAL,0,,90,13.5,4920,3114
1781436277.7195644,7,10,3.8179,1.045,0.0357,0.369,NOMINAL,NORMAL,0,,97,13.2,4960,3114
1781436277.8450432,7,10,4.0029,0.97,0.0338,0.367,NOMINAL,NORMAL,0,,97,13.2,4960,3114
1781436277.9678698,7,10,2.1456,1.019,0.0355,0.377,NOMINAL,NORMAL,0,,97,13.2,4960,3114
1781436278.095139,7,10,4.0168,1.052,0.0371,0.407,NOMINAL,NORMAL,0,,97,13.2,4960,3114
1781436278.2194865,7,10,3.8235,0.719,0.0234,0.256,NOMINAL,NORMAL,0,,97,13.2,4960,3114
1781436278.3451679,7,10,4.0373,1.014,0.0366,0.383,NOMINAL,NORMAL,0,,97,13.2,4960,3114
1781436278.470246,7,10,4.0756,1.016,0.0355,0.384,NOMINAL,NORMAL,0,,97,13.2,4960,3114
1781436278.593184,7,10,2.2543,0.884,0.0361,0.382,NOMINAL,NORMAL,0,,97,13.2,4960,3114
1781436278.7201676,7,10,4.0508,0.997,0.0342,0.379,NOMINAL,NORMAL,0,,52,13.2,4920,3114
1781436278.8453922,7,10,4.1517,0.987,0.0351,0.472,NOMINAL,NORMAL,0,,52,13.2,4920,3114
1781436278.9678314,7,10,2.1593,0.994,0.035,0.363,NOMINAL,NORMAL,0,,52,13.2,4920,3114
1781436279.095106,7,10,4.0694,1.02,0.0373,0.376,NOMINAL,NORMAL,0,,52,13.2,4920,3114
1781436279.218815,7,10,3.1829,0.702,0.0227,0.247,NOMINAL,NORMAL,0,,52,13.2,4920,3114
1781436279.3451047,7,10,4.0089,0.974,0.0362,0.371,NOMINAL,NORMAL,0,,52,13.2,4920,3114
1781436279.4678702,7,10,2.1232,0.979,0.0369,0.378,NOMINAL,NORMAL,0,,52,13.2,4920,3114
1781436279.5938733,7,10,3.044,1.131,0.0279,0.298,NOMINAL,NORMAL,0,,52,13.2,4920,3114
1781436279.7201083,7,10,4.0284,0.973,0.0374,0.369,NOMINAL,NORMAL,0,,7,12.7,4880,3114
1781436279.8447187,7,10,4.0274,0.729,0.0246,0.253,NOMINAL,NORMAL,0,,7,12.7,4880,3114
1781436279.9682467,7,10,2.3586,0.865,0.0366,0.371,NOMINAL,NORMAL,0,,7,12.7,4880,3114
1781436280.0951235,7,10,4.0411,1.041,0.0354,0.377,NOMINAL,NORMAL,0,,7,12.7,4880,3114
1781436280.218254,7,10,2.4415,0.836,0.0362,0.361,NOMINAL,NORMAL,0,,7,12.7,4880,3114
1781436280.3452256,7,10,4.1102,0.974,0.0345,0.372,NOMINAL,NORMAL,0,,7,12.7,4880,3114
1781436280.470089,7,10,4.0437,0.964,0.0357,0.367,NOMINAL,NORMAL,0,,7,12.7,4880,3114
1781436280.5937023,7,10,3.008,0.979,0.0377,0.374,NOMINAL,NORMAL,0,,7,12.7,4880,3114
1781436280.7194648,7,10,3.6163,1.063,0.0347,0.383,NOMINAL,NORMAL,0,,65,13.7,4920,3114
1781436280.8441303,7,10,3.3826,0.753,0.0236,0.262,NOMINAL,NORMAL,0,,65,13.7,4920,3114
1781436280.9701395,7,10,4.0239,1.017,0.0372,0.381,NOMINAL,NORMAL,0,,65,13.7,4920,3114
1781436281.0951822,7,10,4.1027,1.024,0.0357,0.378,NOMINAL,NORMAL,0,,65,13.7,4920,3114
1781436281.2179003,7,10,2.2172,0.854,0.0361,0.383,NOMINAL,NORMAL,0,,65,13.7,4920,3114
1781436281.3452718,7,10,4.0545,1.019,0.0375,0.382,NOMINAL,NORMAL,0,,65,13.7,4920,3114
1781436281.4699295,7,10,4.0952,0.837,0.0221,0.255,NOMINAL,NORMAL,0,,65,13.7,4920,3114
1781436281.593882,7,10,3.1986,0.956,0.0312,0.329,NOMINAL,NORMAL,0,,65,13.7,4920,3114
1781436281.719232,7,10,3.5633,0.713,0.0253,0.251,NOMINAL,NORMAL,0,,65,13.7,4920,3114
1781436281.84358,7,10,2.6168,0.865,0.0349,0.36,NOMINAL,NORMAL,0,,8,13.5,4880,3114
1781436281.9679484,7,10,2.1946,1.008,0.034,0.367,NOMINAL,NORMAL,0,,8,13.5,4880,3114
1781436282.095176,7,10,4.1997,0.926,0.0309,0.335,NOMINAL,NORMAL,0,,8,13.5,4880,3114
1781436282.2192414,7,10,3.3555,0.743,0.0236,0.249,NOMINAL,NORMAL,0,,8,13.5,4880,3114
1781436282.3450644,7,10,4.0622,0.962,0.034,0.364,NOMINAL,NORMAL,0,,8,13.5,4880,3114
1781436282.4679892,7,10,2.1257,0.963,0.0359,0.503,NOMINAL,NORMAL,0,,8,13.5,4880,3114
1781436282.592938,7,10,2.2305,0.854,0.0344,0.371,NOMINAL,NORMAL,0,,8,13.5,4880,3114
1781436282.720045,7,10,4.0214,0.942,0.0344,0.371,NOMINAL,NORMAL,0,,8,13.5,4880,3114
1781436282.842987,7,10,2.1627,0.9,0.0336,0.361,NOMINAL,NORMAL,0,,7,13.3,4920,3114
1781436282.970021,7,10,4.0256,0.942,0.0347,0.351,NOMINAL,NORMAL,0,,7,13.3,4920,3114
1781436283.0951037,7,10,4.0222,1.095,0.0246,0.28,NOMINAL,NORMAL,0,,7,13.3,4920,3114
1781436283.219523,7,10,3.8547,0.978,0.0344,0.359,NOMINAL,NORMAL,0,,7,13.3,4920,3114
1781436283.3452504,7,10,4.0636,0.993,0.0348,0.38,NOMINAL,NORMAL,0,,7,13.3,4920,3114
1781436283.4685476,7,10,2.8871,0.7,0.0229,0.253,NOMINAL,NORMAL,0,,7,13.3,4920,3114
1781436283.5950494,7,10,3.9124,1.037,0.0356,0.377,NOMINAL,NORMAL,0,,7,13.3,4920,3114
1781436283.7201736,7,10,4.0226,0.975,0.0342,0.369,NOMINAL,NORMAL,0,,7,13.3,4920,3114
1781436283.8431404,7,10,2.1286,0.873,0.1903,0.547,NOMINAL,NORMAL,0,,0,13.2,4880,3114
1781436283.97004,7,10,3.9791,0.949,0.0352,0.366,NOMINAL,NORMAL,0,,0,13.2,4880,3114
1781436284.0945714,7,10,3.7414,0.674,0.0227,0.263,NOMINAL,NORMAL,0,,0,13.2,4880,3114
1781436284.2198057,7,10,4.0762,0.987,0.0346,0.363,NOMINAL,NORMAL,0,,0,13.2,4880,3114
1781436284.3453236,7,10,4.1362,0.985,0.0361,0.368,NOMINAL,NORMAL,0,,0,13.2,4880,3114
1781436284.4681711,7,10,2.2668,0.843,0.034,0.362,NOMINAL,NORMAL,0,,0,13.2,4880,3114
1781436284.5952332,7,10,4.1251,1.024,0.0348,0.367,NOMINAL,NORMAL,0,,0,13.2,4880,3114
1781436284.7205048,7,10,3.9762,1.487,0.0244,0.276,NOMINAL,NORMAL,0,,0,13.2,4880,3114
1781436284.8435738,7,10,2.9538,0.706,0.0217,0.24,NOMINAL,NORMAL,0,,0,12.3,4920,3114
1781436284.9699965,7,10,4.0418,0.898,0.0306,0.339,NOMINAL,NORMAL,0,,0,12.3,4920,3114
1781436285.0939543,7,10,3.0794,0.906,0.0233,0.29,NOMINAL,NORMAL,0,,0,12.3,4920,3114
1781436285.2177331,7,10,2.196,0.838,0.0334,0.365,NOMINAL,NORMAL,0,,0,12.3,4920,3114
1781436285.3454623,7,10,4.0577,1.255,0.0348,0.373,NOMINAL,NORMAL,0,,0,12.3,4920,3114
1781436285.4691858,7,10,3.6572,0.853,0.0224,0.26,NOMINAL,NORMAL,0,,0,12.3,4920,3114
1781436285.5952888,7,10,3.9639,0.999,0.0348,0.363,NOMINAL,NORMAL,0,,0,12.3,4920,3114
1781436285.719939,7,10,3.9472,0.957,0.0214,0.261,NOMINAL,NORMAL,0,,0,12.3,4920,3114
1781436285.845345,7,10,4.0344,0.986,0.0342,0.366,NOMINAL,NORMAL,0,,0,13.5,4888,3114
1781436285.970045,7,10,3.9644,0.976,0.0358,0.361,NOMINAL,NORMAL,0,,0,13.5,4888,3114
1781436286.0937192,7,10,2.273,1.105,0.0361,0.389,NOMINAL,NORMAL,0,,0,13.5,4888,3114
1781436286.2205167,7,10,4.0718,1.246,0.0355,0.381,NOMINAL,NORMAL,0,,0,13.5,4888,3114
1781436286.3455558,7,10,4.027,1.024,0.0349,0.487,NOMINAL,NORMAL,0,,0,13.5,4888,3114
1781436286.4679306,7,10,2.1509,0.999,0.0339,0.364,NOMINAL,NORMAL,0,,0,13.5,4888,3114
1781436286.5948935,7,10,3.9748,0.997,0.037,0.37,NOMINAL,NORMAL,0,,0,13.5,4888,3114
1781436286.7190247,7,10,3.2216,0.772,0.022,0.258,NOMINAL,NORMAL,0,,0,13.5,4888,3114
1781436286.845126,7,10,4.0172,0.993,0.0344,0.372,NOMINAL,NORMAL,0,,0,13.3,4920,3114
1781436286.9702315,7,10,4.0822,1.032,0.0356,0.376,NOMINAL,NORMAL,0,,0,13.3,4920,3114
1781436287.0939777,7,10,3.0804,0.997,0.1784,0.479,NOMINAL,NORMAL,0,,0,13.3,4920,3114
1781436287.2196453,7,10,3.85,1.031,0.0328,0.368,NOMINAL,NORMAL,0,,0,13.3,4920,3114
1781436287.344954,7,10,4.1172,0.804,0.024,0.258,NOMINAL,NORMAL,0,,0,13.3,4920,3114
1781436287.468395,7,10,2.4637,0.902,0.0341,0.369,NOMINAL,NORMAL,0,,0,13.3,4920,3114
1781436287.59513,7,10,4.0494,0.996,0.0354,0.361,NOMINAL,NORMAL,0,,0,13.3,4920,3114
1781436287.7185411,7,10,2.5375,0.884,0.0351,0.399,NOMINAL,NORMAL,0,,0,13.3,4920,3114
1781436287.8427982,7,10,2.1463,0.872,0.0348,0.395,NOMINAL,NORMAL,0,,0,13.5,4880,3114
1781436287.9699826,7,10,4.0097,0.947,0.0326,0.35,NOMINAL,NORMAL,0,,0,13.5,4880,3114
1781436288.0940282,7,10,3.0724,1.22,0.0348,0.355,NOMINAL,NORMAL,0,,0,13.5,4880,3114
1781436288.2200782,7,10,3.9963,0.957,0.0339,0.37,NOMINAL,NORMAL,0,,0,13.5,4880,3114
1781436288.3442628,7,10,3.5881,0.727,0.0231,0.255,NOMINAL,NORMAL,0,,0,13.5,4880,3114
1781436288.469593,7,10,3.9044,0.763,0.0233,0.264,NOMINAL,NORMAL,0,,0,13.5,4880,3114
1781436288.5950825,7,10,4.0152,1.004,0.034,0.364,NOMINAL,NORMAL,0,,0,13.5,4880,3114
1781436288.7179701,7,10,2.1696,0.896,0.0353,0.374,NOMINAL,NORMAL,0,,0,13.5,4880,3114
1781436288.8449721,7,10,4.0235,0.941,0.0348,0.391,NOMINAL,NORMAL,0,,1,13.3,4880,3114
1781436288.9698367,7,10,3.972,0.984,0.023,0.247,NOMINAL,NORMAL,0,,1,13.3,4880,3114
1781436289.0940232,7,10,3.1817,0.942,0.0343,0.362,NOMINAL,NORMAL,0,,1,13.3,4880,3114
1781436289.220065,7,10,3.9952,1.0,0.0362,0.376,NOMINAL,NORMAL,0,,1,13.3,4880,3114
1781436289.3435383,7,10,2.6514,0.709,0.022,0.249,NOMINAL,NORMAL,0,,1,13.3,4880,3114
1781436289.4705832,7,10,3.9718,1.247,0.0355,0.412,NOMINAL,NORMAL,0,,1,13.3,4880,3114
1781436289.5952356,7,10,3.9643,1.226,0.0366,0.365,NOMINAL,NORMAL,0,,1,13.3,4880,3114
1781436289.7192986,7,10,3.6636,0.961,0.0241,0.281,NOMINAL,NORMAL,0,,1,13.3,4880,3114
1781436289.8448756,7,10,3.7166,1.003,0.0347,0.395,NOMINAL,NORMAL,0,,14,12.3,4880,3114
1781436289.9693902,7,10,3.7059,0.715,0.023,0.249,NOMINAL,NORMAL,0,,14,12.3,4880,3114
1781436290.093081,7,10,2.2772,0.866,0.0344,0.364,NOMINAL,NORMAL,0,,14,12.3,4880,3114
1781436290.2201974,7,10,3.9996,1.034,0.0353,0.371,NOMINAL,NORMAL,0,,14,12.3,4880,3114
1781436290.343263,7,10,2.1929,0.984,0.0362,0.389,NOMINAL,NORMAL,0,,14,12.3,4880,3114
1781436290.4678643,7,10,2.1387,0.988,0.0368,0.37,NOMINAL,NORMAL,0,,14,12.3,4880,3114
1781436290.5952215,7,10,3.9741,1.267,0.0227,0.262,NOMINAL,NORMAL,0,,14,12.3,4880,3114
1781436290.7195895,7,10,3.8174,1.042,0.0363,0.392,NOMINAL,NORMAL,0,,14,12.3,4880,3114
1781436290.8453264,7,10,4.0675,1.053,0.0361,0.38,NOMINAL,NORMAL,0,,99,13.2,4880,3114
1781436290.968694,7,10,3.0043,0.751,0.0226,0.251,NOMINAL,NORMAL,0,,99,13.2,4880,3114
1781436291.0954404,7,10,4.0051,1.3,0.0362,0.382,NOMINAL,NORMAL,0,,99,13.2,4880,3114
1781436291.219988,7,10,3.9487,0.956,0.0345,0.374,NOMINAL,NORMAL,0,,99,13.2,4880,3114
1781436291.3429797,7,10,2.1538,1.133,0.0346,0.364,NOMINAL,NORMAL,0,,99,13.2,4880,3114
1781436291.4700096,7,10,4.0421,0.972,0.0348,0.372,NOMINAL,NORMAL,0,,99,13.2,4880,3114
1781436291.5943055,7,10,3.8999,0.603,0.0189,0.22,NOMINAL,NORMAL,0,,99,13.2,4880,3114
1781436291.719864,7,10,3.8358,1.263,0.0349,0.374,NOMINAL,NORMAL,0,,99,13.2,4880,3114
1781436291.8452272,7,10,4.0873,1.012,0.0336,0.373,NOMINAL,NORMAL,0,,99,13.3,4920,3114
1781436291.968311,7,10,2.3361,0.916,0.0349,0.376,NOMINAL,NORMAL,0,,99,13.3,4920,3114
1781436292.0937977,7,10,3.0146,1.008,0.036,0.375,NOMINAL,NORMAL,0,,99,13.3,4920,3114
1781436292.2199264,7,10,4.015,0.865,0.0336,0.34,NOMINAL,NORMAL,0,,99,13.3,4920,3114
1781436292.3439348,7,10,3.1063,0.913,0.0221,0.25,NOMINAL,NORMAL,0,,99,13.3,4920,3114
1781436292.4701202,7,10,4.0172,0.984,0.0343,0.366,NOMINAL,NORMAL,0,,99,13.3,4920,3114
1781436292.5936842,7,10,3.1923,0.631,0.0218,0.232,NOMINAL,NORMAL,0,,99,13.3,4920,3114
1781436292.7175584,7,10,2.1463,0.844,0.0348,0.372,NOMINAL,NORMAL,0,,99,13.3,4920,3114
1781436292.8453076,7,10,4.0593,1.038,0.0355,0.377,NOMINAL,NORMAL,0,,99,13.5,4960,3114
1781436292.9695878,7,10,3.8101,0.774,0.0229,0.256,NOMINAL,NORMAL,0,,99,13.5,4960,3114
1781436293.09378,7,10,3.0405,1.002,0.0348,0.368,NOMINAL,NORMAL,0,,99,13.5,4960,3114
1781436293.219711,7,10,3.968,0.757,0.0229,0.255,NOMINAL,NORMAL,0,,99,13.5,4960,3114
1781436293.3451142,7,10,4.0168,1.036,0.0349,0.379,NOMINAL,NORMAL,0,,99,13.5,4960,3114
1781436293.4701178,7,10,4.0225,0.988,0.0341,0.37,NOMINAL,NORMAL,0,,99,13.5,4960,3114
1781436293.5934017,7,10,2.4476,0.918,0.0344,0.371,NOMINAL,NORMAL,0,,99,13.5,4960,3114
1781436293.7204337,7,10,3.982,1.025,0.0362,0.384,NOMINAL,NORMAL,0,,99,13.5,4960,3114
1781436293.8452678,7,10,4.0248,1.031,0.0358,0.378,NOMINAL,NORMAL,0,,99,13.0,4920,3114
1781436293.9680035,7,10,2.1827,1.033,0.0368,0.377,NOMINAL,NORMAL,0,,99,13.0,4920,3114
1781436294.095264,7,10,4.0264,1.111,0.0372,0.382,NOMINAL,NORMAL,0,,99,13.0,4920,3114
1781436294.219145,7,10,3.3477,0.76,0.0238,0.252,NOMINAL,NORMAL,0,,99,13.0,4920,3114
1781436294.345082,7,10,4.0501,0.985,0.0365,0.368,NOMINAL,NORMAL,0,,99,13.0,4920,3114
1781436294.4701793,7,10,4.0804,0.982,0.0385,0.377,NOMINAL,NORMAL,0,,99,13.0,4920,3114
1781436294.5929296,7,10,2.2564,0.865,0.0363,0.363,NOMINAL,NORMAL,0,,99,13.0,4920,3114
1781436294.7200267,7,10,3.9916,0.959,0.0344,0.362,NOMINAL,NORMAL,0,,99,13.0,4920,3114
1781436294.8449597,7,10,4.0433,0.859,0.0233,0.26,NOMINAL,NORMAL,0,,99,13.8,4880,3114
1781436294.96851,7,10,2.6073,0.859,0.0341,0.365,NOMINAL,NORMAL,0,,99,13.8,4880,3114
1781436295.0951293,7,10,4.0088,1.019,0.0348,0.37,NOMINAL,NORMAL,0,,99,13.8,4880,3114
1781436295.2183342,7,10,2.6462,0.726,0.0269,0.254,NOMINAL,NORMAL,0,,99,13.8,4880,3114
1781436295.3427768,7,10,2.1641,0.846,0.0666,0.404,NOMINAL,NORMAL,0,,99,13.8,4880,3114
1781436295.4700737,7,10,4.0299,0.955,0.0337,0.364,NOMINAL,NORMAL,0,,99,13.8,4880,3114
1781436295.5937214,7,10,3.0441,0.943,0.0358,0.363,NOMINAL,NORMAL,0,,99,13.8,4880,3114
1781436295.719693,7,10,3.8515,1.055,0.0365,0.369,NOMINAL,NORMAL,0,,99,13.8,4880,3114
1781436295.8443859,7,10,3.6342,0.741,0.0229,0.254,NOMINAL,NORMAL,0,,99,12.5,4920,3114
1781436295.970224,7,10,4.0335,1.018,0.0367,0.395,NOMINAL,NORMAL,0,,99,12.5,4920,3114
1781436296.0950623,7,10,3.9882,0.969,0.0357,0.367,NOMINAL,NORMAL,0,,99,12.5,4920,3114
1781436296.218088,7,10,2.163,0.882,0.0354,0.378,NOMINAL,NORMAL,0,,99,12.5,4920,3114
1781436296.3451924,7,10,4.005,1.014,0.0372,0.376,NOMINAL,NORMAL,0,,99,12.5,4920,3114
1781436296.4700565,7,10,3.9777,1.084,0.0266,0.285,NOMINAL,NORMAL,0,,99,12.5,4920,3114
1781436296.593752,7,10,3.0122,1.011,0.0356,0.375,NOMINAL,NORMAL,0,,99,12.5,4920,3114
1781436296.720189,7,10,4.0592,0.978,0.0359,0.374,NOMINAL,NORMAL,0,,99,12.5,4920,3114
1781436296.84348,7,10,2.9057,0.722,0.0226,0.247,NOMINAL,NORMAL,0,,99,13.5,4880,3114
1781436296.970371,7,10,4.0955,1.066,0.0368,0.382,NOMINAL,NORMAL,0,,99,13.5,4880,3114
1781436297.095211,7,10,4.0075,1.104,0.0377,0.385,NOMINAL,NORMAL,0,,99,13.5,4880,3114
1781436297.2182343,7,10,2.2141,1.138,0.0346,0.37,NOMINAL,NORMAL,0,,99,13.5,4880,3114
1781436297.345221,7,10,4.0984,0.997,0.0338,0.357,NOMINAL,NORMAL,0,,99,13.5,4880,3114
1781436297.469478,7,10,3.8344,0.73,0.0236,0.256,NOMINAL,NORMAL,0,,99,13.5,4880,3114
1781436297.5930743,7,10,2.2312,0.87,0.0345,0.366,NOMINAL,NORMAL,0,,99,13.5,4880,3114
1781436297.720031,7,10,3.9501,0.99,0.0334,0.363,NOMINAL,NORMAL,0,,99,13.5,4880,3114
1781436297.843145,7,10,2.2264,0.935,0.035,0.394,NOMINAL,NORMAL,0,,99,13.7,4920,3114
1781436297.967997,7,10,2.1923,1.018,0.0354,0.38,NOMINAL,NORMAL,0,,99,13.7,4920,3114
1781436298.095008,7,10,4.0,1.044,0.034,0.369,NOMINAL,NORMAL,0,,99,13.7,4920,3114
1781436298.2196672,7,10,3.8808,1.021,0.0335,0.364,NOMINAL,NORMAL,0,,99,13.7,4920,3114
1781436298.3453891,7,10,4.0486,1.222,0.0344,0.363,NOMINAL,NORMAL,0,,99,13.7,4920,3114
1781436298.468757,7,10,3.1369,0.709,0.0215,0.248,NOMINAL,NORMAL,0,,99,13.7,4920,3114
1781436298.5949469,7,10,4.0159,0.939,0.0301,0.334,NOMINAL,NORMAL,0,,99,13.7,4920,3114
1781436298.7202125,7,10,4.048,1.033,0.0358,0.375,NOMINAL,NORMAL,0,,99,13.7,4920,3114
1781436298.8430157,7,10,2.1692,0.985,0.0357,0.379,NOMINAL,NORMAL,0,,41,12.7,4920,3114
1781436298.970282,7,10,4.0492,1.06,0.0358,0.38,NOMINAL,NORMAL,0,,41,12.7,4920,3114
1781436299.0947645,7,10,4.0556,0.776,0.0223,0.253,NOMINAL,NORMAL,0,,41,12.7,4920,3114
1781436299.2182086,7,10,2.2295,0.887,0.034,0.369,NOMINAL,NORMAL,0,,41,12.7,4920,3114
1781436299.345263,7,10,4.0814,1.019,0.0367,0.376,NOMINAL,NORMAL,0,,41,12.7,4920,3114
1781436299.4683146,7,10,2.3831,0.874,0.0355,0.367,NOMINAL,NORMAL,0,,41,12.7,4920,3114
1781436299.5949907,7,10,3.9835,0.979,0.033,0.336,NOMINAL,NORMAL,0,,41,12.7,4920,3114
1781436299.7201412,7,10,4.0463,0.966,0.0332,0.365,NOMINAL,NORMAL,0,,41,12.7,4920,3114
1781436299.8427892,7,10,2.1842,0.817,0.0329,0.396,NOMINAL,NORMAL,0,,31,13.8,4880,3114
1781436299.9694724,7,10,3.5271,1.065,0.0354,0.372,NOMINAL,NORMAL,0,,31,13.8,4880,3114
1781436300.0940065,7,10,3.2574,0.756,0.025,0.253,NOMINAL,NORMAL,0,,31,13.8,4880,3114
1781436300.2179103,7,10,2.2125,0.912,0.0348,0.372,NOMINAL,NORMAL,0,,31,13.8,4880,3114
1781436300.345491,7,10,4.0528,1.263,0.0361,0.375,NOMINAL,NORMAL,0,,31,13.8,4880,3114
1781436300.4681032,7,10,2.2262,1.003,0.0351,0.367,NOMINAL,NORMAL,0,,31,13.8,4880,3114
1781436300.593882,7,10,3.0888,1.018,0.0366,0.378,NOMINAL,NORMAL,0,,31,13.8,4880,3114
1781436300.7199385,7,10,4.0526,0.85,0.0229,0.248,NOMINAL,NORMAL,0,,31,13.8,4880,3114
1781436300.8436303,7,10,2.8719,0.733,0.0348,0.354,NOMINAL,NORMAL,0,,31,13.8,4880,3114
1781436300.9701452,7,10,4.0209,1.017,0.0338,0.371,NOMINAL,NORMAL,0,,9,13.0,4920,3114
1781436301.0936124,7,10,2.5969,0.917,0.0343,0.4,NOMINAL,NORMAL,0,,9,13.0,4920,3114
1781436301.2197235,7,10,3.6391,1.01,0.0354,0.375,NOMINAL,NORMAL,0,,9,13.0,4920,3114
1781436301.3451538,7,10,4.0287,1.001,0.0344,0.366,NOMINAL,NORMAL,0,,9,13.0,4920,3114
1781436301.4678924,7,10,2.1793,0.975,0.0344,0.367,NOMINAL,NORMAL,0,,9,13.0,4920,3114
1781436301.595157,7,10,4.0647,1.004,0.0357,0.359,NOMINAL,NORMAL,0,,9,13.0,4920,3114
1781436301.7188168,7,10,3.0046,0.803,0.0247,0.378,NOMINAL,NORMAL,0,,9,13.0,4920,3114
1781436301.845099,7,10,4.0302,1.005,0.0358,0.368,NOMINAL,NORMAL,0,,9,13.0,4920,3114
1781436301.970235,7,10,4.0501,1.045,0.0356,0.384,NOMINAL,NORMAL,0,,0,14.0,4880,3114
1781436302.093094,7,10,2.2286,0.926,0.0367,0.382,NOMINAL,NORMAL,0,,0,14.0,4880,3114
1781436302.2194936,7,10,3.752,0.984,0.0315,0.349,NOMINAL,NORMAL,0,,0,14.0,4880,3114
1781436302.3450296,7,10,3.9864,0.955,0.0275,0.284,NOMINAL,NORMAL,0,,0,14.0,4880,3114
1781436302.4683518,7,10,2.6918,0.735,0.0225,0.253,NOMINAL,NORMAL,0,,0,14.0,4880,3114
1781436302.595151,7,10,4.0211,1.048,0.0328,0.373,NOMINAL,NORMAL,0,,0,14.0,4880,3114
1781436302.718362,7,10,2.7448,0.702,0.022,0.253,NOMINAL,NORMAL,0,,0,14.0,4880,3114
1781436302.8428128,7,10,2.164,0.87,0.0902,0.44,NOMINAL,NORMAL,0,,0,14.0,4880,3114
1781436302.9701974,7,10,4.0282,1.038,0.0353,0.382,NOMINAL,NORMAL,0,,0,13.3,4880,3114
1781436303.093676,7,10,3.1867,0.813,0.024,0.251,NOMINAL,NORMAL,0,,0,13.3,4880,3114
1781436303.2201378,7,10,3.9857,1.004,0.0337,0.366,NOMINAL,NORMAL,0,,0,13.3,4880,3114
1781436303.3449326,7,10,3.7319,0.966,0.022,0.465,NOMINAL,NORMAL,0,,0,13.3,4880,3114
1781436303.4701147,7,10,4.0232,1.0,0.0353,0.362,NOMINAL,NORMAL,0,,0,13.3,4880,3114
1781436303.595243,7,10,4.0363,1.056,0.0354,0.382,NOMINAL,NORMAL,0,,0,13.3,4880,3114
1781436303.7180693,7,10,2.1787,0.86,0.034,0.365,NOMINAL,NORMAL,0,,0,13.3,4880,3114
1781436303.8450575,7,10,3.9977,0.971,0.0347,0.373,NOMINAL,NORMAL,0,,0,13.3,4880,3114
1781436303.9702442,7,10,4.1011,1.112,0.0258,0.281,NOMINAL,NORMAL,0,,0,13.7,4880,3114
1781436304.0941484,7,10,3.233,1.076,0.0358,0.386,NOMINAL,NORMAL,0,,0,13.7,4880,3114
1781436304.2203307,7,10,4.0928,1.046,0.0379,0.385,NOMINAL,NORMAL,0,,0,13.7,4880,3114
1781436304.3437688,7,10,3.0239,0.751,0.0244,0.253,NOMINAL,NORMAL,0,,0,13.7,4880,3114
1781436304.4701295,7,10,4.0211,0.994,0.0333,0.362,NOMINAL,NORMAL,0,,0,13.7,4880,3114
1781436304.595076,7,10,4.0048,0.999,0.0334,0.362,NOMINAL,NORMAL,0,,0,13.7,4880,3114
1781436304.717861,7,10,2.151,0.895,0.0343,0.37,NOMINAL,NORMAL,0,,0,13.7,4880,3114
1781436304.8451252,7,10,4.0085,1.017,0.0335,0.372,NOMINAL,NORMAL,0,,0,13.7,4880,3114
1781436304.9695895,7,10,3.9352,0.747,0.022,0.251,NOMINAL,NORMAL,0,,0,14.0,4920,3113
1781436305.0932178,7,10,2.2332,0.897,0.0354,0.376,NOMINAL,NORMAL,0,,0,14.0,4920,3113
1781436305.220223,7,10,4.0691,0.991,0.0347,0.377,NOMINAL,NORMAL,0,,0,14.0,4920,3113
1781436305.3434284,7,10,2.3539,0.954,0.0365,0.381,NOMINAL,NORMAL,0,,0,14.0,4920,3113
1781436305.467912,7,10,2.153,0.995,0.0333,0.365,NOMINAL,NORMAL,0,,0,14.0,4920,3113
1781436305.5950835,7,10,3.9759,1.019,0.0332,0.369,NOMINAL,NORMAL,0,,0,14.0,4920,3113
1781436305.718394,7,10,3.1385,0.707,0.0232,0.251,NOMINAL,NORMAL,0,,0,14.0,4920,3113
1781436305.844983,7,10,3.9158,1.003,0.0353,0.375,NOMINAL,NORMAL,0,,0,14.0,4920,3113
1781436305.968369,7,10,2.3755,0.906,0.0348,0.376,NOMINAL,NORMAL,0,,0,12.8,4888,3113
1781436306.0951693,7,10,4.0214,1.034,0.0354,0.375,NOMINAL,NORMAL,0,,0,12.8,4888,3113
1781436306.2204597,7,10,4.0769,1.21,0.0347,0.364,NOMINAL,NORMAL,0,,0,12.8,4888,3113
1781436306.3428657,7,10,2.1574,0.866,0.0357,0.399,NOMINAL,NORMAL,0,,0,12.8,4888,3113
1781436306.4700162,7,10,3.9867,0.954,0.0338,0.361,NOMINAL,NORMAL,0,,0,12.8,4888,3113
1781436306.5947506,7,10,3.9914,0.809,0.023,0.273,NOMINAL,NORMAL,0,,0,12.8,4888,3113
1781436306.7195601,7,10,3.8581,0.992,0.0325,0.358,NOMINAL,NORMAL,0,,0,12.8,4888,3113
1781436306.8450496,7,10,4.0608,0.938,0.0308,0.329,NOMINAL,NORMAL,0,,0,12.8,4888,3113
1781436306.9687662,7,10,2.5005,1.153,0.0348,0.376,NOMINAL,NORMAL,0,,0,13.7,4880,3114
1781436307.095176,7,10,4.0501,1.019,0.0337,0.364,NOMINAL,NORMAL,0,,0,13.7,4880,3114
1781436307.2202427,7,10,4.0436,1.0,0.034,0.378,NOMINAL,NORMAL,0,,0,13.7,4880,3114
1781436307.3429737,7,10,2.1375,1.023,0.0349,0.372,NOMINAL,NORMAL,0,,0,13.7,4880,3114
1781436307.4703429,7,10,3.987,0.98,0.0331,0.369,NOMINAL,NORMAL,0,,0,13.7,4880,3114
1781436307.594031,7,10,3.4436,0.676,0.0226,0.247,NOMINAL,NORMAL,0,,0,13.7,4880,3114
1781436307.7187672,7,10,2.9912,0.95,0.0371,0.39,NOMINAL,NORMAL,0,,0,13.7,4880,3114
1781436307.8450756,7,10,4.0013,0.963,0.0317,0.355,NOMINAL,NORMAL,0,,0,13.7,4880,3114
1781436307.9681923,7,10,2.2475,1.003,0.0362,0.372,NOMINAL,NORMAL,0,,61,13.0,4880,3114
1781436308.0937948,7,10,3.0788,0.983,0.0341,0.366,NOMINAL,NORMAL,0,,61,13.0,4880,3114
1781436308.2199528,7,10,3.9705,0.93,0.0231,0.253,NOMINAL,NORMAL,0,,61,13.0,4880,3114
1781436308.3431816,7,10,2.1945,0.888,0.035,0.369,NOMINAL,NORMAL,0,,61,13.0,4880,3114
1781436308.4701977,7,10,4.1319,0.968,0.0351,0.365,NOMINAL,NORMAL,0,,61,13.0,4880,3114
1781436308.593556,7,10,2.7488,0.785,0.0333,0.355,NOMINAL,NORMAL,0,,61,13.0,4880,3114
1781436308.7204306,7,10,4.0579,1.248,0.034,0.371,NOMINAL,NORMAL,0,,61,13.0,4880,3114
1781436308.8451068,7,10,3.9998,0.975,0.0332,0.372,NOMINAL,NORMAL,0,,61,13.0,4880,3114
1781436308.968198,7,10,2.2227,1.177,0.0336,0.374,NOMINAL,NORMAL,0,,58,12.5,4880,3113
1781436309.0950875,7,10,3.9818,1.007,0.0359,0.382,NOMINAL,NORMAL,0,,58,12.5,4880,3113
1781436309.2193642,7,10,3.5919,0.722,0.0229,0.25,NOMINAL,NORMAL,0,,58,12.5,4880,3113
1781436309.345147,7,10,4.0309,0.996,0.0346,0.368,NOMINAL,NORMAL,0,,58,12.5,4880,3113
1781436309.4701529,7,10,4.0749,0.965,0.0353,0.367,NOMINAL,NORMAL,0,,58,12.5,4880,3113
1781436309.5931044,7,10,2.2725,0.876,0.033,0.366,NOMINAL,NORMAL,0,,58,12.5,4880,3113
1781436309.720131,7,10,4.0207,0.979,0.035,0.38,NOMINAL,NORMAL,0,,58,12.5,4880,3113
1781436309.8452213,7,10,4.0307,1.193,0.0247,0.264,NOMINAL,NORMAL,0,,58,12.5,4880,3113
1781436309.968908,7,10,2.858,1.12,0.0358,0.392,NOMINAL,NORMAL,0,,98,13.3,4880,3113
1781436310.0952792,7,10,4.1003,1.061,0.0377,0.384,NOMINAL,NORMAL,0,,98,13.3,4880,3113
1781436310.2189076,7,10,2.8718,0.824,0.0362,0.378,NOMINAL,NORMAL,0,,98,13.3,4880,3113
1781436310.342911,7,10,2.1881,0.944,0.0373,0.384,NOMINAL,NORMAL,0,,98,13.3,4880,3113
1781436310.4700782,7,10,4.0303,0.957,0.034,0.371,NOMINAL,NORMAL,0,,98,13.3,4880,3113
1781436310.593594,7,10,3.0808,0.883,0.0241,0.247,NOMINAL,NORMAL,0,,98,13.3,4880,3113
1781436310.7195969,7,10,3.8594,1.015,0.0352,0.367,NOMINAL,NORMAL,0,,98,13.3,4880,3113
1781436310.8444529,7,10,3.8408,0.721,0.0246,0.252,NOMINAL,NORMAL,0,,98,13.3,4880,3113
1781436310.9703982,7,10,4.0242,1.274,0.0358,0.378,NOMINAL,NORMAL,0,,99,13.2,4920,3113
1781436311.0953233,7,10,3.9954,1.269,0.0357,0.367,NOMINAL,NORMAL,0,,99,13.2,4920,3113
1781436311.2184668,7,10,2.2215,1.134,0.0356,0.382,NOMINAL,NORMAL,0,,99,13.2,4920,3113
1781436311.3437304,7,10,2.6719,1.046,0.0247,0.27,NOMINAL,NORMAL,0,,99,13.2,4920,3113
1781436311.4703805,7,10,4.0411,1.288,0.031,0.317,NOMINAL,NORMAL,0,,99,13.2,4920,3113
1781436311.5941463,7,10,3.1061,1.279,0.0358,0.373,NOMINAL,NORMAL,0,,99,13.2,4920,3113
1781436311.7204523,7,10,4.0213,1.271,0.0377,0.382,NOMINAL,NORMAL,0,,99,13.2,4920,3113
1781436311.8440278,7,10,3.085,0.951,0.0238,0.252,NOMINAL,NORMAL,0,,99,13.2,4920,3113
1781436311.9684362,7,10,2.2091,1.352,0.0367,0.382,NOMINAL,NORMAL,0,,99,13.8,4880,3114
1781436312.0954916,7,10,4.0239,1.288,0.0339,0.38,NOMINAL,NORMAL,0,,99,13.8,4880,3114
1781436312.2180285,7,10,2.1937,0.897,0.0348,0.364,NOMINAL,NORMAL,0,,99,13.8,4880,3114
1781436312.3455117,7,10,4.0356,1.3,0.0347,0.381,NOMINAL,NORMAL,0,,99,13.8,4880,3114
1781436312.4697583,7,10,3.9973,0.788,0.0241,0.249,NOMINAL,NORMAL,0,,99,13.8,4880,3114
1781436312.5944693,7,10,3.6409,1.024,0.036,0.381,NOMINAL,NORMAL,0,,99,13.8,4880,3114
1781436312.7199087,7,10,3.8839,0.995,0.0348,0.375,NOMINAL,NORMAL,0,,99,13.8,4880,3114
1781436312.8433907,7,10,2.381,0.93,0.0348,0.378,NOMINAL,NORMAL,0,,99,13.8,4880,3114
1781436312.96819,7,10,2.1467,1.26,0.0348,0.381,NOMINAL,NORMAL,0,,99,14.0,4920,3114
1781436313.0951269,7,10,3.9975,1.048,0.0366,0.366,NOMINAL,NORMAL,0,,99,14.0,4920,3114
1781436313.2189918,7,10,3.1722,0.803,0.0259,0.261,NOMINAL,NORMAL,0,,99,14.0,4920,3114
1781436313.345202,7,10,4.0009,1.046,0.0356,0.382,NOMINAL,NORMAL,0,,99,14.0,4920,3114
1781436313.469168,7,10,3.1899,0.744,0.0229,0.255,NOMINAL,NORMAL,0,,99,14.0,4920,3114
1781436313.5951633,7,10,4.0148,1.027,0.0355,0.366,NOMINAL,NORMAL,0,,99,14.0,4920,3114
1781436313.7200649,7,10,3.9479,0.967,0.0351,0.372,NOMINAL,NORMAL,0,,99,14.0,4920,3114
1781436313.8429313,7,10,2.138,0.921,0.036,0.376,NOMINAL,NORMAL,0,,99,14.0,4920,3114
1781436313.9704568,7,10,4.0379,1.263,0.0347,0.373,NOMINAL,NORMAL,0,,99,12.7,4920,3114
1781436314.0948975,7,10,4.0656,0.854,0.0227,0.247,NOMINAL,NORMAL,0,,99,12.7,4920,3114
1781436314.2195837,7,10,3.8141,1.039,0.0347,0.374,NOMINAL,NORMAL,0,,99,12.7,4920,3114
1781436314.3441267,7,10,3.2198,0.802,0.0244,0.26,NOMINAL,NORMAL,0,,99,12.7,4920,3114
1781436314.4686565,7,10,2.6343,0.912,0.0347,0.373,NOMINAL,NORMAL,0,,99,12.7,4920,3114
1781436314.5954401,7,10,3.9963,1.319,0.0343,0.378,NOMINAL,NORMAL,0,,99,12.7,4920,3114
1781436314.7201278,7,10,3.9625,1.007,0.0343,0.372,NOMINAL,NORMAL,0,,99,12.7,4920,3114
1781436314.8429773,7,10,2.1683,1.086,0.0368,0.38,NOMINAL,NORMAL,0,,99,12.7,4920,3114
1781436314.9702785,7,10,4.0876,1.047,0.0338,0.378,NOMINAL,NORMAL,0,,99,13.2,4920,3114
1781436315.0941617,7,10,3.4901,0.723,0.0232,0.247,NOMINAL,NORMAL,0,,99,13.2,4920,3114
1781436315.2199655,7,10,4.0357,0.972,0.0351,0.373,NOMINAL,NORMAL,0,,99,13.2,4920,3114
1781436315.3453352,7,10,4.0736,1.046,0.0348,0.368,NOMINAL,NORMAL,0,,99,13.2,4920,3114
1781436315.4683418,7,10,2.3588,0.98,0.034,0.359,NOMINAL,NORMAL,0,,99,13.2,4920,3114
1781436315.5937421,7,10,3.0216,0.975,0.0338,0.36,NOMINAL,NORMAL,0,,99,13.2,4920,3114
1781436315.7199929,7,10,3.9849,1.046,0.0245,0.268,NOMINAL,NORMAL,0,,99,13.2,4920,3114
1781436315.8433912,7,10,2.6846,0.749,0.0215,0.248,NOMINAL,NORMAL,0,,99,13.2,4920,3114
1781436315.9701233,7,10,4.0362,0.981,0.0329,0.363,NOMINAL,NORMAL,0,,99,13.0,4920,3114
1781436316.0933645,7,10,2.7916,0.691,0.0229,0.246,NOMINAL,NORMAL,0,,99,13.0,4920,3114
1781436316.2196488,7,10,3.8679,1.007,0.0341,0.364,NOMINAL,NORMAL,0,,99,13.0,4920,3114
1781436316.3466213,7,10,4.0458,1.004,0.0329,1.804,NOMINAL,NORMAL,0,,99,13.0,4920,3114
1781436316.4680436,7,10,2.1569,1.068,0.0379,0.415,NOMINAL,NORMAL,0,,99,13.0,4920,3114
1781436316.5954058,7,10,4.039,1.31,0.0349,0.405,NOMINAL,NORMAL,0,,99,13.0,4920,3114
1781436316.719629,7,10,3.7776,0.983,0.0258,0.282,NOMINAL,NORMAL,0,,99,13.0,4920,3114
1781436316.845572,7,10,4.0079,1.279,0.0358,0.413,NOMINAL,NORMAL,0,,99,13.0,4920,3114
1781436316.9702306,7,10,4.0037,1.054,0.037,0.4,NOMINAL,NORMAL,0,,44,12.5,4880,3114
1781436317.093398,7,10,2.2142,1.141,0.0365,0.4,NOMINAL,NORMAL,0,,44,12.5,4880,3114
1781436317.2201002,7,10,3.9343,1.03,0.0372,0.408,NOMINAL,NORMAL,0,,44,12.5,4880,3114
1781436317.3440564,7,10,3.0325,0.853,0.035,0.41,NOMINAL,NORMAL,0,,44,12.5,4880,3114
1781436317.468529,7,10,2.4885,1.146,0.0375,0.421,NOMINAL,NORMAL,0,,44,12.5,4880,3114
1781436317.5952299,7,10,4.0751,1.092,0.0366,0.406,NOMINAL,NORMAL,0,,44,12.5,4880,3114
1781436317.7188208,7,10,3.0396,0.735,0.0376,0.397,NOMINAL,NORMAL,0,,44,12.5,4880,3114
1781436317.8454118,7,10,4.1288,1.056,0.0364,0.409,NOMINAL,NORMAL,0,,44,12.5,4880,3114
1781436317.9703307,7,10,4.1051,1.051,0.035,0.397,NOMINAL,NORMAL,0,,59,12.7,4920,3114
1781436318.094995,7,10,3.5638,0.796,0.0246,0.288,NOMINAL,NORMAL,0,,59,12.7,4920,3114
1781436318.5969474,7,10,3.9703,1.633,0.0477,0.551,NOMINAL,NORMAL,0,,59,12.7,4920,3114
1781436319.0946755,7,10,2.4039,1.183,0.0236,0.308,NOMINAL,NORMAL,0,,0,5.3,4505,3114
1781436319.597926,7,10,4.3259,1.79,0.0403,0.454,NOMINAL,NORMAL,0,,0,5.3,4505,3114
1781436320.095313,7,10,2.6823,1.327,0.0368,0.406,NOMINAL,NORMAL,0,,0,4.2,4385,3114
1781436320.597693,7,10,4.391,1.537,0.0354,0.399,NOMINAL,NORMAL,0,,0,4.2,4385,3114
1781436321.0945418,7,10,2.1434,1.153,0.0351,0.427,NOMINAL,NORMAL,0,,26,4.2,4425,3114
1781436321.597051,7,10,3.8849,1.41,0.0332,0.398,NOMINAL,NORMAL,0,,26,4.2,4425,3114
1781436322.0964367,7,10,4.0024,1.232,0.0351,0.395,NOMINAL,NORMAL,0,,0,3.8,4385,3114
1781436322.5963242,7,10,3.1942,1.402,0.0354,0.388,NOMINAL,NORMAL,0,,0,3.8,4385,3114
1781436323.0953035,7,10,2.697,1.293,0.0335,0.397,NOMINAL,NORMAL,0,,0,3.7,4385,3114
1781436323.5957665,7,10,2.5773,1.44,0.0323,0.389,NOMINAL,NORMAL,0,,0,3.7,4385,3114
1781436324.0970325,7,10,4.0769,1.673,0.0453,0.499,NOMINAL,NORMAL,0,,0,3.7,4498,3114
1781436324.595172,7,10,2.4795,1.21,0.0301,0.382,NOMINAL,NORMAL,0,,0,3.7,4498,3114
1781436325.0969677,7,10,4.0164,1.695,0.0424,0.499,NOMINAL,NORMAL,0,,0,4.5,4385,3114
1781436325.5952673,7,10,2.4621,1.487,0.0311,0.387,NOMINAL,NORMAL,0,,0,4.5,4385,3114
1781436326.0980034,7,10,4.2758,1.676,0.0429,0.514,NOMINAL,NORMAL,0,,0,3.5,4385,3114
1781436326.5951653,7,10,2.6114,1.21,0.0228,0.275,NOMINAL,NORMAL,0,,0,3.5,4385,3114
1781436327.098284,7,10,4.3678,2.103,0.0398,0.461,NOMINAL,NORMAL,0,,0,4.2,4385,3114
1781436327.5953546,7,10,2.4575,1.205,0.0329,0.387,NOMINAL,NORMAL,0,,0,4.2,4385,3114
1781436328.097613,7,10,4.282,1.662,0.0345,0.401,NOMINAL,NORMAL,0,,0,5.2,4385,3114
1781436328.5945628,7,10,2.1918,1.114,0.0348,0.455,NOMINAL,NORMAL,0,,0,5.2,4385,3114
1781436329.0977952,7,10,4.1871,1.83,0.0337,0.429,NOMINAL,NORMAL,0,,0,3.7,4385,3114
1781436329.5959911,7,10,3.9924,1.257,0.0348,0.41,NOMINAL,NORMAL,0,,0,3.7,4385,3114
1781436330.0965564,7,10,3.3919,1.492,0.0347,0.409,NOMINAL,NORMAL,0,,0,3.7,4385,3114
1781436330.5969484,7,10,4.2011,1.5,0.0446,0.511,NOMINAL,NORMAL,0,,0,3.7,4385,3114
1781436331.0958536,7,10,2.723,1.543,0.035,0.43,NOMINAL,NORMAL,0,,0,4.2,4346,3114
1781436331.5950131,7,10,2.7415,1.11,0.0358,0.42,NOMINAL,NORMAL,0,,0,4.2,4346,3114
1781436332.0961127,7,10,3.7587,1.379,0.0349,0.423,NOMINAL,NORMAL,0,,0,4.3,4385,3114
1781436332.5973265,7,10,4.0573,1.951,0.0464,0.552,NOMINAL,NORMAL,0,,0,4.3,4385,3114
1781436333.095085,7,10,2.4575,1.353,0.0372,0.408,NOMINAL,NORMAL,0,,0,3.8,4385,3114
1781436333.597305,7,10,4.2271,1.805,0.0467,0.523,NOMINAL,NORMAL,0,,0,3.8,4385,3114
1781436334.0953107,7,10,2.6087,1.491,0.0236,0.344,NOMINAL,NORMAL,0,,0,4.0,4385,3114
1781436334.5974205,7,10,4.2843,1.476,0.0503,0.544,NOMINAL,NORMAL,0,,0,4.0,4385,3114
1781436335.0942092,7,10,2.2851,0.974,0.0377,0.411,NOMINAL,NORMAL,0,,0,4.0,4385,3114
1781436335.5975132,7,10,4.36,1.466,0.0377,0.425,NOMINAL,NORMAL,0,,0,4.0,4385,3114
1781436336.094816,7,10,2.3377,1.198,0.0693,0.459,NOMINAL,NORMAL,0,,0,4.0,4385,3114
1781436336.5950348,7,10,2.4444,1.343,0.0376,0.423,NOMINAL,NORMAL,0,,0,4.0,4385,3114
1781436337.0959115,7,10,3.8508,1.105,0.0363,0.403,NOMINAL,NORMAL,0,,0,4.5,4385,3115
1781436337.5967314,7,10,3.5805,1.521,0.0372,0.421,NOMINAL,NORMAL,0,,0,4.5,4385,3115
1781436338.09785,7,10,4.3519,1.843,0.0477,0.543,NOMINAL,NORMAL,0,,0,3.8,4385,3115
1781436338.5960858,7,10,2.7735,1.602,0.0313,0.413,NOMINAL,NORMAL,0,,0,3.8,4385,3115
1781436339.0962923,7,10,4.0231,1.1,0.0381,0.426,NOMINAL,NORMAL,0,,0,4.3,4385,3114
1781436339.5951047,7,10,2.4397,1.26,0.0339,0.41,NOMINAL,NORMAL,0,,0,4.3,4385,3114
1781436340.0968173,7,10,4.0292,1.498,0.0473,0.525,NOMINAL,NORMAL,0,,0,3.7,4346,3115
1781436340.5955484,7,10,2.4192,1.561,0.0376,0.437,NOMINAL,NORMAL,0,,0,3.7,4346,3115
1781436341.0969682,7,10,4.0288,1.402,0.0515,0.561,NOMINAL,NORMAL,0,,0,3.7,4346,3115
1781436341.5949693,7,10,2.4514,1.26,0.0349,0.417,NOMINAL,NORMAL,0,,0,4.2,4385,3115
1781436342.0986512,7,10,3.9489,1.661,0.0419,2.237,PRE_ALERT,TRIGGERED,1,PD3A-OU|PD3A-OUT|PD1A-OUT|PD2A-OU,0,4.2,4385,3115
1781436342.5966053,7,10,4.0826,1.317,0.0365,0.433,PRE_ALERT,TRIGGERED,2,PD3A-OU|PD3A-OUT|PD1A-OUT|PD2A-OU,0,4.3,4385,3115
1781436343.0991309,7,10,4.4016,1.599,0.0344,1.809,ALERT,TRIGGERED,3,PD3A-OU|PD3A-OUT|PD1A-OUT|PD2A-OU,0,4.3,4385,3115
1781436343.59519,7,10,2.305,1.526,0.0347,0.43,ALERT,TRIGGERED,3,PD3A-OU|PD3A-OUT|PD1A-OUT|PD2A-OU,0,4.3,4385,3115
1781436344.0972354,7,10,4.0571,1.148,0.0332,0.402,ALERT,TRIGGERED,3,PD3A-OU|PD3A-OUT|PD1A-OUT|PD2A-OU,0,4.3,4385,3115
1781436344.595402,7,10,2.4477,1.159,0.0338,0.404,ALERT,TRIGGERED,3,PD3A-OU|PD3A-OUT|PD1A-OUT|PD2A-OU,0,4.2,4346,3115
1781436345.0971515,7,10,3.3222,1.736,0.0324,0.41,ALERT,TRIGGERED,3,PD3A-OU|PD3A-OUT|PD1A-OUT|PD2A-OU,0,4.2,4346,3115
1781436345.596554,7,10,4.0701,1.283,0.0343,0.414,ALERT,TRIGGERED,3,PD3A-OU|PD3A-OUT|PD1A-OUT|PD2A-OU,0,4.0,4385,3115
1781436346.096097,7,10,2.7669,1.619,0.0307,0.383,ALERT,TRIGGERED,3,PD3A-OU|PD3A-OUT|PD1A-OUT|PD2A-OU,0,4.0,4385,3115
1781436346.5976846,7,10,4.0255,2.054,0.0406,0.548,ALERT,TRIGGERED,3,PD3A-OU|PD3A-OUT|PD1A-OUT|PD2A-OU,0,3.8,4385,3115
1781436347.095698,7,10,2.5462,1.423,0.0352,0.434,ALERT,TRIGGERED,3,PD3A-OU|PD3A-OUT|PD1A-OUT|PD2A-OU,0,3.8,4385,3115
1781436347.5970745,7,10,4.0575,1.681,0.0443,0.528,ALERT,TRIGGERED,3,PD3A-OU|PD3A-OUT|PD1A-OUT|PD2A-OU,0,3.7,4385,3115
1781436348.095381,7,10,2.5499,1.295,0.0308,0.406,ALERT,TRIGGERED,3,PD3A-OU|PD3A-OUT|PD1A-OUT|PD2A-OU,0,3.7,4385,3115
1781436348.5973613,7,10,4.1419,1.633,0.0426,0.531,ALERT,TRIGGERED,3,PD3A-OU|PD3A-OUT|PD1A-OUT|PD2A-OU,35,4.2,4425,3115
1781436349.0953248,7,10,2.4305,1.341,0.0287,0.388,ALERT,TRIGGERED,3,PD3A-OU|PD3A-OUT|PD1A-OUT|PD2A-OU,35,4.2,4425,3115
1781436349.597819,7,10,4.3132,1.653,0.0427,0.523,ALERT,TRIGGERED,3,PD3A-OU|PD3A-OUT|PD1A-OUT|PD2A-OU,25,4.0,4385,3115
1781436350.094827,7,10,2.4651,0.937,0.0348,0.45,ALERT,TRIGGERED,3,PD3A-OU|PD3A-OUT|PD1A-OUT|PD2A-OU,25,4.0,4385,3115
1781436350.5978866,7,10,4.4337,1.622,0.0331,0.433,ALERT,TRIGGERED,3,PD3A-OU|PD3A-OUT|PD1A-OUT|PD2A-OU,99,4.3,4425,3115
1781436351.0948608,7,10,2.4044,1.111,0.0341,0.448,ALERT,TRIGGERED,3,PD3A-OU|PD3A-OUT|PD1A-OUT|PD2A-OU,99,4.3,4425,3115
1781436351.5973513,7,10,4.2923,1.359,0.0311,0.382,ALERT,TRIGGERED,3,PD3A-OU|PD3A-OUT|PD1A-OUT|PD2A-OU,99,4.3,4425,3115
1781436352.0958562,7,10,3.2193,1.251,0.0335,0.415,ALERT,TRIGGERED,3,PD3A-OU|PD3A-OUT|PD1A-OUT|PD2A-OU,99,4.3,4425,3115
1781436352.5969644,7,10,3.4677,1.419,0.0316,0.399,ALERT,TRIGGERED,3,PD3A-OU|PD3A-OUT|PD1A-OUT|PD2A-OU,99,4.2,4425,3115
1781436353.0966334,7,10,4.0303,1.221,0.0331,0.415,ALERT,TRIGGERED,3,PD3A-OU|PD3A-OUT|PD1A-OUT|PD2A-OU,99,4.2,4425,3115
1781436353.5960681,7,10,2.8479,1.42,0.0332,0.411,ALERT,TRIGGERED,3,PD3A-OU|PD3A-OUT|PD1A-OUT|PD2A-OU,99,3.8,4425,3115
1781436354.0965273,7,10,4.0225,1.157,0.0333,0.4,ALERT,TRIGGERED,3,PD3A-OU|PD3A-OUT|PD1A-OUT|PD2A-OU,99,3.8,4425,3115
1781436354.5955663,7,10,2.4813,1.386,0.0298,0.394,ALERT,TRIGGERED,3,PD3A-OU|PD3A-OUT|PD1A-OUT|PD2A-OU,99,4.0,4425,3115
1781436355.0971334,7,10,4.0896,1.698,0.0485,0.524,ALERT,TRIGGERED,3,PD3A-OU|PD3A-OUT|PD1A-OUT|PD2A-OU,99,4.0,4425,3115
1781436355.5955281,7,10,2.4657,1.373,0.0288,0.385,ALERT,TRIGGERED,3,PD3A-OU|PD3A-OUT|PD1A-OUT|PD2A-OU,99,4.3,4425,3115
1781436356.0964162,7,10,4.0479,1.222,0.034,0.407,ALERT,TRIGGERED,3,PD3A-OU|PD3A-OUT|PD1A-OUT|PD2A-OU,99,4.3,4425,3115
1781436356.5954332,7,10,2.5453,1.463,0.0315,0.413,ALERT,TRIGGERED,3,PD3A-OU|PD3A-OUT|PD1A-OUT|PD2A-OU,99,4.3,4465,3115
1781436357.0960746,7,10,3.6219,1.261,0.0335,0.409,ALERT,TRIGGERED,3,PD3A-OU|PD3A-OUT|PD1A-OUT|PD2A-OU,99,4.3,4465,3115
1781436357.5951135,7,10,2.5107,1.04,0.024,0.291,ALERT,TRIGGERED,3,PD3A-OU|PD3A-OUT|PD1A-OUT|PD2A-OU,99,3.8,4465,3115
1781436358.0977592,7,10,4.2974,1.639,0.0376,0.444,ALERT,TRIGGERED,3,PD3A-OU|PD3A-OUT|PD1A-OUT|PD2A-OU,99,3.8,4465,3115
1781436358.5959752,7,10,3.076,1.14,0.0363,0.424,ALERT,TRIGGERED,3,PD3A-OU|PD3A-OUT|PD1A-OUT|PD2A-OU,99,4.7,4505,3115
1781436359.0975797,7,10,4.2042,1.24,0.0302,0.404,ALERT,TRIGGERED,3,PD3A-OU|PD3A-OUT|PD1A-OUT|PD2A-OU,99,4.7,4505,3115
1781436359.5961728,7,10,3.5659,1.317,0.0335,0.417,ALERT,TRIGGERED,3,PD3A-OU|PD3A-OUT|PD1A-OUT|PD2A-OU,99,4.0,4505,3115
1781436360.0968554,7,10,3.7076,1.372,0.0309,0.388,ALERT,TRIGGERED,3,PD3A-OU|PD3A-OUT|PD1A-OUT|PD2A-OU,99,4.0,4505,3115
1781436360.5966148,7,10,3.99,1.273,0.0325,0.416,ALERT,TRIGGERED,3,PD3A-OU|PD3A-OUT|PD1A-OUT|PD2A-OU,93,3.8,4505,3115
1781436361.0959857,7,10,2.8519,1.074,0.0302,0.376,ALERT,TRIGGERED,3,PD3A-OU|PD3A-OUT|PD1A-OUT|PD2A-OU,93,3.8,4505,3115
1781436361.5965476,7,10,4.0586,1.309,0.0334,0.407,ALERT,TRIGGERED,3,PD3A-OU|PD3A-OUT|PD1A-OUT|PD2A-OU,7,3.7,4505,3115
1781436362.0958655,7,10,2.5033,1.367,0.0336,0.39,ALERT,TRIGGERED,3,PD3A-OU|PD3A-OUT|PD1A-OUT|PD2A-OU,7,3.7,4505,3115
1781436362.5969753,7,10,4.0944,1.502,0.0447,0.536,ALERT,TRIGGERED,3,PD3A-OU|PD3A-OUT|PD1A-OUT|PD2A-OU,7,3.7,4505,3115
1781436363.095209,7,10,2.4699,1.063,0.0298,0.377,ALERT,TRIGGERED,3,PD3A-OU|PD3A-OUT|PD1A-OUT|PD2A-OU,7,3.7,4505,3115
1781436363.5974307,7,10,4.0976,1.723,0.0449,0.518,ALERT,TRIGGERED,3,PD3A-OU|PD3A-OUT|PD1A-OUT|PD2A-OU,4,3.8,4465,3115
1781436364.0954988,7,10,2.4541,1.329,0.0292,0.386,ALERT,TRIGGERED,3,PD3A-OU|PD3A-OUT|PD1A-OUT|PD2A-OU,4,3.8,4465,3115
1781436364.597198,7,10,4.0337,1.792,0.0445,0.534,ALERT,TRIGGERED,3,PD3A-OU|PD3A-OUT|PD1A-OUT|PD2A-OU,0,3.8,4505,3116
1781436365.0947738,7,10,2.4859,1.099,0.0216,0.302,ALERT,TRIGGERED,3,PD3A-OU|PD3A-OUT|PD1A-OUT|PD2A-OU,0,3.8,4505,3116
1781436365.5980203,7,10,4.4216,1.704,0.0357,0.449,ALERT,TRIGGERED,3,PD3A-OU|PD3A-OUT|PD1A-OUT|PD2A-OU,0,4.2,4505,3116
1781436366.0955718,7,10,2.784,1.219,0.0354,0.4,ALERT,TRIGGERED,3,PD3A-OU|PD3A-OUT|PD1A-OUT|PD2A-OU,0,4.2,4505,3116
1781436366.5976672,7,10,4.4033,1.44,0.0313,0.399,ALERT,TRIGGERED,3,PD3A-OU|PD3A-OUT|PD1A-OUT|PD2A-OU,6,4.2,4505,3116
1781436367.0949852,7,10,2.4702,1.206,0.024,0.289,ALERT,TRIGGERED,3,PD3A-OU|PD3A-OUT|PD1A-OUT|PD2A-OU,6,4.2,4505,3116
1781436367.597211,7,10,3.9155,1.481,0.033,0.409,ALERT,TRIGGERED,3,PD3A-OU|PD3A-OUT|PD1A-OUT|PD2A-OU,0,4.2,4505,3116
1781436368.096387,7,10,3.9928,1.214,0.0336,0.408,ALERT,TRIGGERED,3,PD3A-OU|PD3A-OUT|PD1A-OUT|PD2A-OU,0,4.2,4505,3116
1781436368.5961368,7,10,3.1003,1.191,0.0323,0.42,ALERT,TRIGGERED,3,PD3A-OU|PD3A-OUT|PD1A-OUT|PD2A-OU,0,4.2,4505,3116
1781436369.0966098,7,10,4.0018,1.225,0.0344,0.42,ALERT,TRIGGERED,3,PD3A-OU|PD3A-OUT|PD1A-OUT|PD2A-OU,0,4.2,4505,3116
1781436369.5957742,7,10,2.5462,1.234,0.033,0.403,ALERT,TRIGGERED,3,PD3A-OU|PD3A-OUT|PD1A-OUT|PD2A-OU,0,4.0,4505,3116
1781436370.0970867,7,10,4.0315,1.432,0.0464,0.529,ALERT,TRIGGERED,3,PD3A-OU|PD3A-OUT|PD1A-OUT|PD2A-OU,0,4.0,4505,3116
1781436370.595022,7,10,2.503,1.05,0.0296,0.366,ALERT,TRIGGERED,3,PD3A-OU|PD3A-OUT|PD1A-OUT|PD2A-OU,0,4.7,4505,3116
1781436371.0964148,7,10,4.0126,1.029,0.0338,0.405,ALERT,TRIGGERED,3,PD3A-OU|PD3A-OUT|PD1A-OUT|PD2A-OU,0,4.7,4505,3116
1781436371.595163,7,10,2.503,1.385,0.0256,0.361,ALERT,TRIGGERED,3,PD3A-OU|PD3A-OUT|PD1A-OUT|PD2A-OU,0,3.8,4465,3116
1781436372.0966768,7,10,4.0638,1.295,0.0439,0.506,ALERT,TRIGGERED,3,PD3A-OU|PD3A-OUT|PD1A-OUT|PD2A-OU,0,3.8,4465,3116
1781436372.594519,7,10,2.4607,0.858,0.0202,0.266,ALERT,TRIGGERED,3,PD3A-OU|PD3A-OUT|PD1A-OUT|PD2A-OU,0,4.3,4505,3116
1781436373.0981278,7,10,4.3307,1.379,0.2804,0.726,ALERT,TRIGGERED,3,PD3A-OU|PD3A-OUT|PD1A-OUT|PD2A-OU,0,4.3,4505,3116
1781436373.594817,7,10,2.4462,0.701,0.0236,0.513,ALERT,TRIGGERED,3,PD3A-OU|PD3A-OUT|PD1A-OUT|PD2A-OU,0,4.0,4465,3116
1781436374.0974016,7,10,4.3361,1.051,0.0263,0.344,ALERT,TRIGGERED,3,PD3A-OU|PD3A-OUT|PD1A-OUT|PD2A-OU,0,4.0,4465,3116
1781436374.594458,7,10,2.1834,0.974,0.0319,0.372,ALERT,TRIGGERED,3,PD3A-OU|PD3A-OUT|PD1A-OUT|PD2A-OU,0,3.7,4465,3116
1781436375.0972528,7,10,3.8513,1.34,0.0308,0.401,ALERT,TRIGGERED,3,PD3A-OU|PD3A-OUT|PD1A-OUT|PD2A-OU,0,3.7,4465,3116
1781436375.5957792,7,10,4.0001,1.0,0.0345,0.379,ALERT,TRIGGERED,3,PD3A-OU|PD3A-OUT|PD1A-OUT|PD2A-OU,0,4.2,4465,3116
1781436376.0961547,7,10,3.1134,1.017,0.0277,0.35,ALERT,TRIGGERED,3,PD3A-OU|PD3A-OUT|PD1A-OUT|PD2A-OU,0,4.2,4465,3116
1781436376.596357,7,10,3.9824,0.953,0.0297,0.385,ALERT,TRIGGERED,3,PD3A-OU|PD3A-OUT|PD1A-OUT|PD2A-OU,0,4.0,4425,3116
1781436377.095854,7,10,2.5213,1.202,0.0318,0.419,ALERT,TRIGGERED,3,PD3A-OU|PD3A-OUT|PD2A-OU,0,4.0,4425,3116
1781436377.5969388,7,10,4.075,1.479,0.0449,0.55,ALERT,TRIGGERED,3,PD3A-OU|PD3A-OUT|PD2A-OU,0,4.2,4465,3116
1781436378.0950596,7,10,2.4241,1.148,0.0346,0.408,ALERT,TRIGGERED,3,PD3A-OU|PD2A-OU,0,4.2,4465,3116
1781436378.5969737,7,10,4.0249,1.377,0.0453,0.516,ALERT,TRIGGERED,3,PD3A-OU|PD3A-OUT,0,4.5,4425,3116
1781436379.0966706,7,10,2.4703,1.29,0.0354,1.737,NOMINAL,NORMAL,0,,0,4.5,4425,3116
1781436379.5998535,7,10,4.2684,1.465,0.0493,3.001,PRE_ALERT,TRIGGERED,1,PD2A-OU,0,4.2,4465,3115
1781436380.0969596,7,10,2.4375,1.409,0.0251,2.155,NOMINAL,NORMAL,0,,0,4.2,4465,3115
1781436380.5983996,7,10,4.4568,1.745,0.0475,0.849,NOMINAL,NORMAL,0,,0,4.2,4425,3115
1781436381.0966513,7,10,2.4354,1.211,0.0399,2.112,PRE_ALERT,TRIGGERED,1,PD2A-OU,0,4.2,4425,3115
1781436381.5988314,7,10,4.2968,1.2,0.0357,1.661,NOMINAL,NORMAL,0,,0,3.8,4425,3115
1781436382.095092,7,10,2.1665,1.228,0.0372,0.419,NOMINAL,NORMAL,0,,0,3.8,4425,3115
1781436382.5973253,7,10,4.0643,1.459,0.0347,0.416,NOMINAL,NORMAL,0,,0,4.3,4425,3115
1781436383.0981624,7,10,3.9432,1.305,0.0383,2.089,PRE_ALERT,TRIGGERED,1,PD2A-OU,0,4.3,4425,3115
1781436383.5963964,7,10,3.3881,1.236,0.0366,0.408,PRE_ALERT,TRIGGERED,2,PD2A-OU,0,3.7,4425,3115
1781436384.0985723,7,10,3.9921,1.014,0.0364,2.535,ALERT,TRIGGERED,3,PD1A-OUT,0,3.7,4425,3115
1781436384.5956502,7,10,2.5279,1.081,0.0319,0.379,ALERT,TRIGGERED,3,PD3A-OU|PD1A-OUT,0,4.8,4465,3115
1781436385.096506,7,10,3.9841,1.078,0.0361,0.41,ALERT,TRIGGERED,3,PD1A-OUT,0,4.8,4465,3115
1781436385.5965207,7,10,2.4879,1.148,0.0308,1.712,NOMINAL,NORMAL,0,,0,3.2,4425,3115
1781436386.0962949,7,10,4.0452,1.038,0.0368,0.413,NOMINAL,NORMAL,0,,0,3.2,4425,3115
1781436386.5957036,7,10,3.1885,1.049,0.0352,0.408,NOMINAL,NORMAL,0,,0,3.8,4425,3115
1781436387.0965066,7,10,4.0089,1.04,0.0367,0.406,NOMINAL,NORMAL,0,,0,3.8,4425,3115
1781436387.594802,7,10,2.4435,1.087,0.0218,0.269,NOMINAL,NORMAL,0,,0,4.5,4425,3115
1781436388.097847,7,10,4.2905,1.426,0.043,0.487,NOMINAL,NORMAL,0,,0,4.5,4425,3115
1781436388.5949843,7,10,2.4454,0.925,0.0356,0.401,NOMINAL,NORMAL,0,,31,4.2,4425,3115
1781436389.0977397,7,10,4.4039,1.514,0.0337,0.386,NOMINAL,NORMAL,0,,31,4.2,4425,3115
1781436389.5947042,7,10,2.4005,0.901,0.0367,0.42,NOMINAL,NORMAL,0,,0,4.0,4425,3115
1781436390.0971382,7,10,4.1952,1.202,0.034,0.377,NOMINAL,NORMAL,0,,0,4.0,4425,3115
1781436390.5961304,7,10,3.881,1.007,0.0346,0.369,NOMINAL,NORMAL,0,,0,3.8,4425,3115
1781436391.0966372,7,10,3.509,1.372,0.0354,0.398,NOMINAL,NORMAL,0,,0,3.8,4425,3115
1781436391.5967948,7,10,4.0375,1.289,0.0335,0.379,NOMINAL,NORMAL,0,,9,4.2,4425,3115
1781436392.0960588,7,10,2.6358,1.295,0.0326,0.383,NOMINAL,NORMAL,0,,9,4.2,4425,3115
1781436392.5983646,7,10,4.3967,1.924,0.0473,0.523,NOMINAL,NORMAL,0,,0,3.8,4385,3115
1781436393.0955713,7,10,2.4925,1.221,0.0324,0.369,NOMINAL,NORMAL,0,,0,3.8,4385,3115
1781436393.5974116,7,10,4.003,1.798,0.0489,0.488,NOMINAL,NORMAL,0,,0,4.2,4425,3115
1781436394.0953739,7,10,2.4566,1.239,0.0357,0.372,NOMINAL,NORMAL,0,,0,4.2,4425,3115
1781436394.5973198,7,10,4.2052,1.512,0.0465,0.493,NOMINAL,NORMAL,0,,0,4.3,4425,3115
1781436395.0953112,7,10,2.4382,1.243,0.0341,0.392,NOMINAL,NORMAL,0,,0,4.3,4425,3115
1781436395.5977418,7,10,4.4372,1.521,0.0485,0.497,NOMINAL,NORMAL,0,,0,3.8,4385,3115
1781436396.0946345,7,10,2.4692,0.802,0.037,0.416,NOMINAL,NORMAL,0,,0,3.8,4385,3115
1781436396.5979116,7,10,4.3576,1.376,0.0396,0.392,NOMINAL,NORMAL,0,,0,4.7,4385,3115
1781436397.0961933,7,10,3.1194,1.368,0.0358,0.381,NOMINAL,NORMAL,0,,0,4.7,4385,3115
1781436397.5973306,7,10,4.2684,1.264,0.0327,0.38,NOMINAL,NORMAL,0,,0,4.0,4425,3116
1781436398.0963986,7,10,3.7762,1.319,0.0372,0.387,NOMINAL,NORMAL,0,,0,4.0,4425,3116
1781436398.5955846,7,10,2.4692,1.602,0.0365,0.402,NOMINAL,NORMAL,0,,0,3.5,4385,3116
1781436399.0963125,7,10,3.9714,1.305,0.0359,0.374,NOMINAL,NORMAL,0,,0,3.5,4385,3116
1781436399.5958195,7,10,2.7919,1.228,0.0368,0.369,NOMINAL,NORMAL,0,,0,4.0,4385,3116
1781436400.0968459,7,10,3.9985,1.53,0.0504,0.508,NOMINAL,NORMAL,0,,0,4.0,4385,3116
1781436400.595771,7,10,2.5052,1.546,0.0351,0.391,NOMINAL,NORMAL,0,,0,4.3,4425,3116
1781436401.0971823,7,10,3.9942,1.888,0.0482,0.515,NOMINAL,NORMAL,0,,0,4.3,4425,3116
1781436401.5955164,7,10,2.4923,1.534,0.0372,0.395,NOMINAL,NORMAL,0,,0,3.2,4385,3116
1781436402.0962756,7,10,4.0187,1.08,0.0375,0.38,NOMINAL,NORMAL,0,,0,3.2,4385,3116
1781436402.5954702,7,10,2.649,1.511,0.0248,0.304,NOMINAL,NORMAL,0,,0,4.2,4577,3113
1781436403.0962398,7,10,3.6509,1.32,0.0359,0.387,NOMINAL,NORMAL,0,,0,4.2,4577,3113
1781436403.5949876,7,10,2.5762,1.064,0.0352,0.387,NOMINAL,NORMAL,0,,0,5.2,4505,3113
1781436404.0976343,7,10,4.3403,1.511,0.0384,0.417,NOMINAL,NORMAL,0,,0,5.2,4505,3113
1781436404.5955195,7,10,2.773,1.337,0.0347,0.377,NOMINAL,NORMAL,0,,0,4.3,4385,3113
1781436405.097681,7,10,4.3008,1.543,0.0345,0.373,NOMINAL,NORMAL,0,,0,4.3,4385,3113
1781436405.5958006,7,10,3.5146,1.082,0.0364,0.378,NOMINAL,NORMAL,0,,0,3.7,4385,3113
1781436406.0967453,7,10,3.891,1.181,0.0367,0.371,NOMINAL,NORMAL,0,,0,3.7,4385,3113
1781436406.596075,7,10,4.0201,1.076,0.0352,0.386,NOMINAL,NORMAL,0,,0,3.8,4385,3113
1781436407.0961783,7,10,3.1261,1.265,0.0328,0.396,NOMINAL,NORMAL,0,,0,3.8,4385,3113
1781436407.5965493,7,10,4.0197,1.326,0.036,0.384,NOMINAL,NORMAL,0,,0,4.0,4385,3113
1781436408.0957162,7,10,2.4971,1.483,0.0348,0.37,NOMINAL,NORMAL,0,,0,4.0,4385,3113
1781436408.5971673,7,10,4.0176,1.819,0.0469,0.495,NOMINAL,NORMAL,0,,0,4.3,4385,3113
1781436409.0954683,7,10,2.4565,1.533,0.0375,0.389,NOMINAL,NORMAL,0,,0,4.3,4385,3113
1781436409.596512,7,10,4.0054,1.344,0.0357,0.389,NOMINAL,NORMAL,0,,0,4.5,4385,3113
1781436410.095347,7,10,2.5664,1.557,0.0497,0.329,NOMINAL,NORMAL,0,,0,4.5,4385,3113
1781436410.597547,7,10,4.2822,1.865,0.0453,0.504,NOMINAL,NORMAL,0,,0,3.2,4385,3113
1781436411.0949368,7,10,2.6061,1.04,0.0259,0.337,NOMINAL,NORMAL,0,,0,3.2,4385,3113
1781436411.5977862,7,10,4.3999,1.525,0.0386,0.429,NOMINAL,NORMAL,0,,0,4.7,4385,3113
1781436412.0950882,7,10,2.4661,1.104,0.036,0.377,NOMINAL,NORMAL,0,,0,4.7,4385,3113
1781436412.5975244,7,10,4.3444,1.404,0.0362,0.386,NOMINAL,NORMAL,0,,0,3.8,4385,3113
1781436413.0943782,7,10,2.1615,0.941,0.036,0.386,NOMINAL,NORMAL,0,,0,3.8,4385,3113
1781436413.59689,7,10,4.0495,1.171,0.0369,0.371,NOMINAL,NORMAL,0,,0,4.2,4385,3113
1781436414.095976,7,10,3.9694,1.07,0.0361,0.38,NOMINAL,NORMAL,0,,0,4.2,4385,3113
1781436414.5964797,7,10,3.256,1.493,0.0348,0.39,NOMINAL,NORMAL,0,,0,3.8,4346,3113
1781436415.096656,7,10,3.9575,1.398,0.0468,0.515,NOMINAL,NORMAL,0,,0,3.8,4346,3113
1781436415.5958333,7,10,2.6336,1.513,0.0348,0.391,NOMINAL,NORMAL,0,,0,4.0,4385,3113
1781436416.0956151,7,10,3.1089,1.106,0.0356,0.391,NOMINAL,NORMAL,0,,0,4.0,4385,3113
1781436416.595148,7,10,2.4305,1.185,0.0369,0.375,NOMINAL,NORMAL,0,,0,4.3,4346,3113
1781436417.0971792,7,10,4.0022,1.839,0.0473,0.505,NOMINAL,NORMAL,0,,0,4.3,4346,3113
1781436417.5950468,7,10,2.4898,1.278,0.0353,0.369,NOMINAL,NORMAL,0,,0,5.0,4346,3114
1781436418.0971165,7,10,4.2721,1.506,0.0502,0.504,NOMINAL,NORMAL,0,,0,5.0,4346,3114
1781436418.5971322,7,10,4.2002,1.668,0.0466,0.507,NOMINAL,NORMAL,0,,0,3.7,4346,3114
1781436419.0973384,7,10,4.277,1.499,0.0477,0.509,NOMINAL,NORMAL,0,,0,3.7,4346,3114
1781436419.5944257,7,10,2.4352,0.796,0.0251,0.261,NOMINAL,NORMAL,0,,0,4.3,4346,3114
1781436420.0977333,7,10,4.3368,1.559,0.0369,0.395,NOMINAL,NORMAL,0,,0,4.3,4346,3114
1781436420.5947204,7,10,2.1969,1.155,0.0368,0.43,NOMINAL,NORMAL,0,,0,4.3,4346,3114
1781436421.0970871,7,10,4.1204,1.239,0.0351,0.386,NOMINAL,NORMAL,0,,0,4.5,4346,3114
1781436421.5956411,7,10,3.4669,1.066,0.0354,0.386,NOMINAL,NORMAL,0,,0,4.5,4346,3114
1781436422.096447,7,10,3.4028,1.273,0.0357,0.402,NOMINAL,NORMAL,0,,0,3.8,4385,3114
1781436422.5964923,7,10,3.982,1.199,0.0481,0.503,NOMINAL,NORMAL,0,,0,3.8,4385,3114
1781436423.095715,7,10,2.7131,1.241,0.0357,0.379,NOMINAL,NORMAL,0,,0,4.2,4346,3114
1781436423.596696,7,10,3.9944,1.448,0.0475,0.491,NOMINAL,NORMAL,0,,0,4.2,4346,3114
1781436424.0956001,7,10,2.5113,1.32,0.0383,0.405,NOMINAL,NORMAL,0,,0,4.7,4385,3114
1781436424.5967941,7,10,3.9753,1.519,0.0489,0.516,NOMINAL,NORMAL,0,,0,4.7,4385,3114
1781436425.0952873,7,10,2.4834,1.386,0.0349,0.398,NOMINAL,NORMAL,0,,0,3.8,4346,3114
1781436425.5961025,7,10,3.9603,1.041,0.0365,0.385,NOMINAL,NORMAL,0,,0,3.8,4346,3114
1781436426.0948608,7,10,2.6236,0.992,0.0267,0.277,NOMINAL,NORMAL,0,,0,4.5,4346,3114
1781436426.5978725,7,10,4.3242,1.763,0.0458,0.484,NOMINAL,NORMAL,0,,0,4.5,4346,3114
1781436427.095302,7,10,2.471,1.333,0.0368,0.395,NOMINAL,NORMAL,0,,0,4.2,4385,3114
1781436427.59741,7,10,4.29,1.406,0.0415,0.402,NOMINAL,NORMAL,0,,0,4.2,4385,3114
1781436428.0946016,7,10,2.2524,0.975,0.0364,0.417,NOMINAL,NORMAL,0,,0,4.7,4385,3114
1781436428.5972505,7,10,4.285,1.217,0.0407,0.439,NOMINAL,NORMAL,0,,0,4.7,4385,3114
1781436429.0961833,7,10,3.8924,1.341,0.0361,0.397,NOMINAL,NORMAL,0,,62,4.7,4385,3114
1781436429.5966794,7,10,3.5498,1.448,0.0368,0.39,NOMINAL,NORMAL,0,,62,4.7,4385,3114
1781436430.0965555,7,10,3.986,1.179,0.0492,0.521,NOMINAL,NORMAL,0,,65,4.2,4425,3114
1781436430.595708,7,10,2.8166,1.219,0.0324,0.385,NOMINAL,NORMAL,0,,65,4.2,4425,3114
1781436431.0963988,7,10,3.9751,1.114,0.0474,0.505,NOMINAL,NORMAL,0,,99,4.7,4425,3114
1781436431.5955932,7,10,2.4654,1.493,0.0377,0.391,NOMINAL,NORMAL,0,,99,4.7,4425,3114
1781436432.097312,7,10,4.0217,1.891,0.048,0.519,NOMINAL,NORMAL,0,,99,3.8,4385,3114
1781436432.5952644,7,10,2.4405,1.473,0.0351,0.391,NOMINAL,NORMAL,0,,99,3.8,4385,3114
1781436433.0963173,7,10,3.9718,1.081,0.0455,0.484,NOMINAL,NORMAL,0,,99,4.3,4425,3114
1781436433.5949755,7,10,2.6013,1.177,0.025,0.268,NOMINAL,NORMAL,0,,99,4.3,4425,3114
1781436434.0968878,7,10,3.9944,1.537,0.0521,0.505,NOMINAL,NORMAL,0,,99,4.2,4425,3114
1781436434.5948007,7,10,2.5235,0.924,0.0384,0.421,NOMINAL,NORMAL,0,,99,4.2,4425,3114
1781436435.0978289,7,10,4.3433,1.698,0.0351,0.397,NOMINAL,NORMAL,0,,99,3.7,4425,3114
1781436435.5955527,7,10,3.0498,1.094,0.0356,0.379,NOMINAL,NORMAL,0,,99,3.7,4425,3114
1781436436.0973501,7,10,4.3714,1.179,0.0384,0.522,NOMINAL,NORMAL,0,,99,4.2,4425,3114
1781436436.5959015,7,10,3.7168,1.15,0.036,0.386,NOMINAL,NORMAL,0,,99,4.2,4425,3114
1781436437.0969574,7,10,3.6529,1.511,0.0372,0.406,NOMINAL,NORMAL,0,,99,4.2,4465,3114
1781436437.596566,7,10,3.9785,1.323,0.0464,0.503,NOMINAL,NORMAL,0,,99,4.2,4465,3114
1781436438.0960975,7,10,2.8839,1.488,0.0377,0.387,NOMINAL,NORMAL,0,,99,4.0,4505,3114
1781436438.5948844,7,10,2.4707,1.174,0.0233,0.265,NOMINAL,NORMAL,0,,99,4.0,4505,3114
1781436439.0954103,7,10,2.485,1.219,0.0334,0.381,NOMINAL,NORMAL,0,,98,4.2,4505,3114
1781436439.5971138,7,10,4.0016,1.813,0.0461,0.5,NOMINAL,NORMAL,0,,98,4.2,4505,3114
1781436440.094743,7,10,2.4279,0.97,0.0358,0.429,NOMINAL,NORMAL,0,,48,4.0,4505,3114
1781436440.5965767,7,10,3.9789,1.36,0.0472,0.492,NOMINAL,NORMAL,0,,48,4.0,4505,3114
1781436441.0952883,7,10,2.6156,1.439,0.0241,0.271,NOMINAL,NORMAL,0,,18,3.7,4505,3114
1781436441.5978684,7,10,4.3195,1.786,0.0487,0.553,NOMINAL,NORMAL,0,,18,3.7,4505,3114
1781436442.0950036,7,10,2.5371,1.149,0.0261,0.327,NOMINAL,NORMAL,0,,15,4.0,4465,3114
1781436442.5975974,7,10,4.3115,1.465,0.0379,0.409,NOMINAL,NORMAL,0,,15,4.0,4465,3114
1781436443.0969565,7,10,4.016,1.477,0.0494,0.496,NOMINAL,NORMAL,0,,0,4.5,4465,3114
1781436443.5974529,7,10,4.4476,1.212,0.0376,0.439,NOMINAL,NORMAL,0,,0,4.5,4465,3114
1781436444.0958152,7,10,3.6835,1.033,0.036,0.378,NOMINAL,NORMAL,0,,14,4.0,4505,3114
1781436444.5965998,7,10,3.6783,1.165,0.0349,0.373,NOMINAL,NORMAL,0,,14,4.0,4505,3114
1781436445.0960307,7,10,3.9906,1.023,0.0363,0.379,NOMINAL,NORMAL,0,,0,3.8,4505,3114
1781436445.5959656,7,10,3.0364,1.187,0.0362,0.394,NOMINAL,NORMAL,0,,0,3.8,4505,3114
1781436446.0968075,7,10,3.9971,1.44,0.0698,0.538,NOMINAL,NORMAL,0,,0,3.7,4505,3114
1781436446.595408,7,10,2.4589,1.182,0.0349,0.376,NOMINAL,NORMAL,0,,0,3.7,4505,3114
1781436447.0968196,7,10,4.0327,1.458,0.0478,0.493,NOMINAL,NORMAL,0,,0,4.3,4505,3114
1781436447.59506,7,10,2.4628,1.133,0.0367,0.383,NOMINAL,NORMAL,0,,0,4.3,4505,3114
1781436448.0961258,7,10,3.9343,1.012,0.0364,0.403,NOMINAL,NORMAL,0,,0,3.8,4505,3115
1781436448.5951316,7,10,2.6118,1.173,0.0344,0.37,NOMINAL,NORMAL,0,,0,3.8,4505,3115
1781436449.0978258,7,10,4.4905,1.464,0.0473,0.497,NOMINAL,NORMAL,0,,0,4.2,4465,3115
1781436449.5943727,7,10,2.3891,0.804,0.024,0.259,NOMINAL,NORMAL,0,,0,4.2,4465,3115
1781436450.0975907,7,10,4.2437,1.425,0.0393,0.564,NOMINAL,NORMAL,0,,0,4.0,4465,3115
1781436450.5951917,7,10,2.7552,1.068,0.0361,0.385,NOMINAL,NORMAL,0,,0,4.0,4465,3115
1781436451.097339,7,10,4.3195,1.232,0.0364,0.387,NOMINAL,NORMAL,0,,0,4.7,4465,3115
1781436451.5957596,7,10,3.4676,1.068,0.0365,0.385,NOMINAL,NORMAL,0,,0,4.7,4465,3115
1781436452.0967443,7,10,3.7567,1.193,0.0362,0.393,NOMINAL,NORMAL,0,,0,4.0,4465,3115
1781436452.5960157,7,10,3.9833,1.043,0.037,0.387,NOMINAL,NORMAL,0,,0,4.0,4465,3115
1781436453.0959606,7,10,3.0452,1.175,0.0356,0.372,NOMINAL,NORMAL,0,,0,4.0,4505,3115
1781436453.5963264,7,10,4.0436,1.03,0.0433,0.447,NOMINAL,NORMAL,0,,0,4.0,4505,3115
1781436454.0953474,7,10,2.5197,1.178,0.035,0.382,NOMINAL,NORMAL,0,,0,3.8,4465,3115
1781436454.596996,7,10,4.1251,1.503,0.0462,0.518,NOMINAL,NORMAL,0,,0,3.8,4465,3115
1781436455.0952337,7,10,2.4989,1.29,0.032,0.39,NOMINAL,NORMAL,0,,0,3.8,4505,3115
1781436455.5968025,7,10,4.0313,1.427,0.047,0.506,NOMINAL,NORMAL,0,,0,3.8,4505,3115
1781436456.0953429,7,10,2.5077,1.188,0.0356,0.355,NOMINAL,NORMAL,0,,0,4.0,4465,3115
1781436456.5967903,7,10,4.024,1.424,0.0497,0.499,NOMINAL,NORMAL,0,,0,4.0,4465,3115
1781436457.0947495,7,10,2.4925,0.848,0.0255,0.321,NOMINAL,NORMAL,0,,0,3.7,4425,3115
1781436457.5976834,7,10,4.4009,1.433,0.0456,0.461,NOMINAL,NORMAL,0,,0,3.7,4425,3115
1781436458.0955164,7,10,2.7794,1.08,0.0353,0.376,NOMINAL,NORMAL,0,,0,4.0,4465,3115
1781436458.5974088,7,10,4.3136,1.26,0.0366,0.392,NOMINAL,NORMAL,0,,0,4.0,4465,3115
1781436459.095169,7,10,2.4329,1.075,0.0359,0.388,NOMINAL,NORMAL,0,,0,3.8,4425,3115
1781436459.5967562,7,10,3.9025,1.112,0.0328,0.371,NOMINAL,NORMAL,0,,0,3.8,4425,3115
1781436460.0960815,7,10,4.1082,1.076,0.0356,0.386,NOMINAL,NORMAL,0,,0,3.8,4465,3115
1781436460.5961125,7,10,3.213,1.172,0.0343,0.374,NOMINAL,NORMAL,0,,0,3.8,4465,3115
1781436461.0965674,7,10,3.952,1.088,0.0468,0.495,NOMINAL,NORMAL,0,,0,4.2,4425,3115
1781436461.5954726,7,10,2.5595,1.159,0.0329,0.37,NOMINAL,NORMAL,0,,0,4.2,4425,3115
1781436462.0968642,7,10,3.993,1.5,0.0472,0.504,NOMINAL,NORMAL,0,,0,3.7,4425,3115
1781436462.595092,7,10,2.4693,1.127,0.034,0.375,NOMINAL,NORMAL,0,,0,3.7,4425,3115
1781436463.096839,7,10,3.9639,1.509,0.0488,0.512,NOMINAL,NORMAL,0,,0,4.0,4425,3115
1781436463.5961776,7,10,2.4858,1.191,0.0338,1.575,PRE_ALERT,TRIGGERED,1,PD3A-OUT,0,4.0,4425,3115
1781436464.0990062,7,10,4.2426,1.429,0.046,2.484,NOMINAL,NORMAL,0,,0,4.0,4425,3115
1781436464.5947013,7,10,2.4556,1.025,0.0263,0.295,NOMINAL,NORMAL,0,,0,4.0,4425,3115
1781436465.0990698,7,10,4.3434,1.446,0.0513,1.858,PRE_ALERT,TRIGGERED,1,PD1A-OUT,0,3.8,4465,3115
1781436465.5962906,7,10,2.4545,0.878,0.0356,2.041,NOMINAL,NORMAL,0,,0,3.8,4465,3115
1781436466.098859,7,10,4.4404,1.31,0.0382,1.671,PRE_ALERT,TRIGGERED,1,PD3A-OUT,0,4.0,4425,3115
1781436466.5944715,7,10,2.2,0.916,0.037,0.394,PRE_ALERT,TRIGGERED,2,PD3A-OU|PD3A-OUT,0,4.0,4425,3115
1781436467.0982926,7,10,4.0072,1.235,0.035,1.609,NOMINAL,NORMAL,0,,0,4.2,4425,3115
1781436467.5976927,7,10,4.0371,1.035,0.0367,2.145,PRE_ALERT,TRIGGERED,1,PD3A-OUT,0,4.2,4425,3115
1781436468.096312,7,10,3.0654,1.147,0.0375,0.377,PRE_ALERT,TRIGGERED,2,PD3A-OUT|PD1A-OUT,0,4.2,4425,3115
1781436468.5987096,7,10,3.9472,1.198,0.0503,2.482,ALERT,TRIGGERED,3,PD1A-OUT,0,4.2,4425,3115
1781436469.095876,7,10,2.5048,1.203,0.0309,0.384,ALERT,TRIGGERED,3,PD3A-OU|PD3A-OUT|PD1A-OUT,0,3.7,4425,3115
1781436469.5970488,7,10,3.9383,1.463,0.0487,0.514,ALERT,TRIGGERED,3,PD3A-OU|PD3A-OUT|PD1A-OUT,0,3.7,4425,3115
1781436470.0953352,7,10,2.4431,1.22,0.0372,0.388,ALERT,TRIGGERED,3,PD3A-OU|PD3A-OUT|PD1A-OUT,0,4.0,4425,3115
1781436470.5962627,7,10,3.9639,1.019,0.0484,0.482,ALERT,TRIGGERED,3,PD3A-OU|PD3A-OUT,0,4.0,4425,3115
1781436471.0953457,7,10,2.4796,1.187,0.035,0.374,ALERT,TRIGGERED,3,PD3A-OUT,0,4.2,4385,3115
1781436471.5970855,7,10,4.046,1.703,0.0459,0.507,ALERT,TRIGGERED,3,PD3A-OU|PD3A-OUT|PD1A-OUT,0,4.2,4385,3115
1781436472.094927,7,10,2.4856,1.141,0.0245,0.269,ALERT,TRIGGERED,3,PD3A-OU|PD3A-OUT|PD1A-OUT,0,3.8,4425,3115
1781436472.5977302,7,10,4.3681,1.451,0.0484,0.518,ALERT,TRIGGERED,3,PD3A-OU|PD3A-OUT|PD1A-OUT,0,3.8,4425,3115
1781436473.094748,7,10,2.4383,0.929,0.0355,0.426,ALERT,TRIGGERED,3,PD3A-OU|PD3A-OUT|PD1A-OUT,0,4.3,4425,3115
1781436473.597604,7,10,4.2491,1.312,0.0358,0.388,ALERT,TRIGGERED,3,PD3A-OU|PD3A-OUT|PD1A-OUT|PD2A-OU,0,4.3,4425,3115
1781436474.0945904,7,10,2.268,0.918,0.0352,0.419,ALERT,TRIGGERED,3,PD3A-OU|PD3A-OUT|PD1A-OUT|PD2A-OU,0,4.2,4425,3115
1781436474.5970814,7,10,3.993,1.111,0.0331,0.362,ALERT,TRIGGERED,3,PD3A-OU|PD3A-OUT|PD1A-OUT|PD2A-OU,0,4.2,4425,3115
1781436475.0962594,7,10,3.8635,1.318,0.0345,0.395,ALERT,TRIGGERED,3,PD3A-OUT|PD1A-OUT|PD2A-OU,0,3.7,4385,3115
1781436475.596495,7,10,3.3016,1.161,0.0336,0.375,ALERT,TRIGGERED,3,PD3A-OUT|PD1A-OUT|PD2A-OU,0,3.7,4385,3115
1781436476.0964484,7,10,4.1223,1.105,0.0431,0.494,ALERT,TRIGGERED,3,PD3A-OUT|PD1A-OUT|PD2A-OU,0,4.0,4346,3115
1781436476.595523,7,10,2.6796,1.165,0.0332,0.391,ALERT,TRIGGERED,3,PD3A-OUT|PD1A-OUT|PD2A-OU,0,4.0,4346,3115
1781436477.0963686,7,10,4.0512,1.043,0.0417,0.463,ALERT,TRIGGERED,3,PD3A-OUT|PD1A-OUT,0,4.2,4385,3115
1781436477.5954049,7,10,2.49,1.23,0.034,0.381,ALERT,TRIGGERED,3,PD3A-OUT|PD1A-OUT,0,4.2,4385,3115
1781436478.0968716,7,10,4.0282,1.502,0.0474,0.523,ALERT,TRIGGERED,3,PD3A-OUT|PD1A-OUT,0,4.3,4385,3115
1781436478.5951355,7,10,2.4603,1.255,0.0359,0.399,ALERT,TRIGGERED,3,PD3A-OUT|PD1A-OUT,0,4.3,4385,3115
1781436479.0964155,7,10,4.0778,1.074,0.0443,0.5,ALERT,TRIGGERED,3,PD3A-OUT|PD1A-OUT,0,4.0,4385,3115
1781436479.594971,7,10,2.4272,1.06,0.0239,0.265,ALERT,TRIGGERED,3,PD3A-OUT|PD1A-OUT,0,4.0,4385,3115
1781436480.0973856,7,10,4.3051,1.573,0.0488,0.519,ALERT,TRIGGERED,3,PD3A-OUT|PD1A-OUT,0,3.7,4385,3115
1781436480.5950625,7,10,2.4824,1.184,0.0356,0.397,ALERT,TRIGGERED,3,PD3A-OU|PD3A-OUT|PD1A-OUT,0,3.7,4385,3115
1781436481.0977547,7,10,4.2695,1.703,0.0353,0.396,ALERT,TRIGGERED,3,PD3A-OU|PD3A-OUT|PD1A-OUT,27,4.8,4385,3115
1781436481.5949266,7,10,2.3279,1.222,0.0361,0.405,ALERT,TRIGGERED,3,PD3A-OU|PD3A-OUT|PD1A-OUT,27,4.8,4385,3115
1781436482.097574,7,10,4.1882,1.582,0.0321,0.374,ALERT,TRIGGERED,3,PD3A-OU|PD3A-OUT|PD1A-OUT,0,4.0,4385,3115
1781436482.5964034,7,10,3.7521,1.308,0.0347,0.392,ALERT,TRIGGERED,3,PD3A-OU|PD1A-OUT,0,4.0,4385,3115
1781436483.0965376,7,10,3.324,1.153,0.0357,0.372,ALERT,TRIGGERED,3,PD3A-OU|PD1A-OUT,0,4.2,4425,3115
1781436483.596237,7,10,3.9168,1.071,0.036,0.438,ALERT,TRIGGERED,3,PD3A-OU,0,4.2,4425,3115
1781436484.0958931,7,10,2.7919,1.301,0.0339,0.386,ALERT,TRIGGERED,3,PD1A-OUT,37,3.7,4385,3115
1781436484.5981266,7,10,4.3059,1.519,0.0489,0.508,ALERT,TRIGGERED,3,PD3A-OUT,37,3.7,4385,3115
1781436485.0968542,7,10,2.4669,1.193,0.0355,1.684,NOMINAL,NORMAL,0,,0,4.5,4346,3116
1781436485.5974846,7,10,4.0031,1.854,0.0468,0.526,NOMINAL,NORMAL,0,,0,4.5,4346,3116
1781436486.0954168,7,10,2.4728,1.493,0.0351,0.386,NOMINAL,NORMAL,0,,0,4.3,4346,3116
1781436486.597163,7,10,3.9982,1.8,0.0508,0.525,NOMINAL,NORMAL,0,,0,4.3,4346,3116
1781436487.0954192,7,10,2.4524,1.34,0.0245,0.279,NOMINAL,NORMAL,0,,0,3.5,4346,3116
1781436487.5955262,7,10,3.0175,1.084,0.0353,0.39,NOMINAL,NORMAL,0,,0,3.5,4346,3116
1781436488.094816,7,10,2.4628,1.034,0.0401,0.412,NOMINAL,NORMAL,0,,0,4.0,4385,3116
1781436488.5978498,7,10,4.2298,1.786,0.0387,0.426,NOMINAL,NORMAL,0,,0,4.0,4385,3116
1781436489.0959618,7,10,3.0148,1.283,0.0353,0.389,NOMINAL,NORMAL,0,,0,4.2,4346,3116
1781436489.5976913,7,10,4.1073,1.479,0.0349,0.384,NOMINAL,NORMAL,0,,0,4.2,4346,3116
1781436490.0963678,7,10,3.7537,1.354,0.0362,0.397,NOMINAL,NORMAL,0,,0,4.0,4425,3116
1781436490.5947294,7,10,2.4924,0.942,0.0243,0.302,NOMINAL,NORMAL,0,,0,4.0,4425,3116
1781436491.0960336,7,10,3.9349,1.026,0.0372,0.386,NOMINAL,NORMAL,0,,0,3.5,4346,3116
1781436491.5960448,7,10,2.7395,1.225,0.0338,0.375,NOMINAL,NORMAL,0,,0,3.5,4346,3116
1781436492.0969174,7,10,4.03,1.512,0.0459,0.526,NOMINAL,NORMAL,0,,0,3.8,4385,3116
1781436492.5955586,7,10,2.4724,1.155,0.0341,0.384,NOMINAL,NORMAL,0,,0,3.8,4385,3116
1781436493.09629,7,10,3.981,1.038,0.0444,0.476,NOMINAL,NORMAL,0,,0,3.5,4385,3116
1781436493.594656,7,10,2.4533,0.904,0.0247,0.307,NOMINAL,NORMAL,0,,0,3.5,4385,3116
1781436494.0966828,7,10,3.9082,1.448,0.0474,0.514,NOMINAL,NORMAL,0,,0,3.8,4346,3116
1781436494.5952544,7,10,2.4413,1.235,0.0238,0.28,NOMINAL,NORMAL,0,,0,3.8,4346,3116
1781436495.0966775,7,10,3.9429,1.408,0.0476,0.486,NOMINAL,NORMAL,0,,0,3.5,4346,3116
1781436495.594581,7,10,2.4359,0.836,0.0239,0.313,NOMINAL,NORMAL,0,,0,3.5,4346,3116
1781436496.09759,7,10,4.2363,1.484,0.0381,0.439,NOMINAL,NORMAL,0,,0,4.0,4346,3116
1781436496.5969203,7,10,4.0395,1.502,0.0493,0.52,NOMINAL,NORMAL,0,,0,4.0,4346,3116
1781436497.0973923,7,10,4.3633,1.232,0.0379,0.39,NOMINAL,NORMAL,0,,0,4.2,4346,3116
1781436497.5962853,7,10,3.3996,1.432,0.0355,0.417,NOMINAL,NORMAL,0,,0,4.2,4346,3116
1781436498.0949237,7,10,2.4221,1.187,0.0359,0.358,NOMINAL,NORMAL,0,,0,4.0,4385,3116
1781436498.5960667,7,10,4.019,1.052,0.0378,0.388,NOMINAL,NORMAL,0,,0,4.0,4385,3116
1781436499.0952318,7,10,2.5769,1.281,0.0354,0.404,NOMINAL,NORMAL,0,,0,4.0,4385,3116
1781436499.5966456,7,10,3.9559,1.4,0.0478,0.51,NOMINAL,NORMAL,0,,0,3.8,4385,3116
1781436500.0954757,7,10,2.4822,1.19,0.0364,0.391,NOMINAL,NORMAL,0,,0,3.8,4385,3116
1781436500.5967355,7,10,3.9298,1.476,0.0468,0.501,NOMINAL,NORMAL,0,,0,4.0,4385,3116
1781436501.0954635,7,10,2.4455,1.462,0.038,0.407,NOMINAL,NORMAL,0,,0,4.0,4385,3116
1781436501.5966902,7,10,3.9573,1.4,0.0491,0.49,NOMINAL,NORMAL,0,,0,4.2,4346,3116
1781436502.0953698,7,10,2.6523,1.282,0.0345,0.363,NOMINAL,NORMAL,0,,0,4.2,4346,3116
1781436502.5971465,7,10,4.3586,1.438,0.0474,0.474,NOMINAL,NORMAL,0,,0,4.3,4385,3116
1781436503.0949824,7,10,2.5919,1.1,0.0238,0.332,NOMINAL,NORMAL,0,,0,4.3,4385,3116
1781436503.5976448,7,10,4.2844,1.451,0.0459,0.471,NOMINAL,NORMAL,0,,0,4.0,4346,3116
1781436504.095332,7,10,2.5695,1.321,0.036,0.379,NOMINAL,NORMAL,0,,0,4.0,4346,3116
1781436504.5975046,7,10,4.3262,1.395,0.0389,0.387,NOMINAL,NORMAL,0,,0,4.0,4346,3116
1781436505.0950441,7,10,2.4227,1.32,0.0248,0.285,NOMINAL,NORMAL,0,,0,4.0,4346,3116
1781436505.5971296,7,10,4.0172,1.416,0.034,0.376,NOMINAL,NORMAL,0,,0,4.2,4425,3116
1781436506.0958714,7,10,3.9392,1.079,0.0356,0.383,NOMINAL,NORMAL,0,,0,4.2,4425,3116
1781436506.5962524,7,10,3.3237,1.17,0.0376,0.381,NOMINAL,NORMAL,0,,0,4.0,4346,3116
1781436507.0966637,7,10,3.9243,1.388,0.0501,0.514,NOMINAL,NORMAL,0,,0,4.0,4346,3116
1781436507.5957909,7,10,2.615,1.425,0.0331,0.393,NOMINAL,NORMAL,0,,45,4.2,4385,3116
1781436508.0968056,7,10,3.9184,1.532,0.0483,0.512,NOMINAL,NORMAL,0,,45,4.2,4385,3116
1781436508.5951464,7,10,2.4371,1.185,0.0304,0.364,NOMINAL,NORMAL,0,,35,4.3,4385,3116
1781436509.0965457,7,10,3.9211,1.34,0.0462,0.514,NOMINAL,NORMAL,0,,35,4.3,4385,3116
1781436509.5950336,7,10,2.4074,1.306,0.0353,0.38,NOMINAL,NORMAL,0,,99,3.8,4385,3116
1781436510.0969436,7,10,3.9584,1.747,0.0463,0.487,NOMINAL,NORMAL,0,,99,3.8,4385,3116
1781436510.5947104,7,10,2.5889,0.92,0.0268,0.294,NOMINAL,NORMAL,0,,99,4.3,4385,3116
1781436511.0980036,7,10,4.308,1.816,0.0476,0.462,NOMINAL,NORMAL,0,,99,4.3,4385,3116
1781436511.5949886,7,10,2.4139,1.214,0.0359,0.391,NOMINAL,NORMAL,0,,99,4.3,4385,3116
1781436512.097638,7,10,4.2823,1.538,0.0365,0.389,NOMINAL,NORMAL,0,,99,4.3,4385,3116
1781436512.5946994,7,10,2.1852,1.175,0.0362,0.445,NOMINAL,NORMAL,0,,99,4.5,4425,3117
1781436513.0971315,7,10,4.1246,1.234,0.0341,0.37,NOMINAL,NORMAL,0,,99,4.5,4425,3117
1781436513.595784,7,10,3.9049,1.047,0.0356,0.374,NOMINAL,NORMAL,0,,99,4.5,4425,3117
1781436514.0963895,7,10,3.4371,1.225,0.0368,0.377,NOMINAL,NORMAL,0,,99,4.5,4425,3117
1781436514.5964317,7,10,3.9905,1.18,0.0435,0.481,NOMINAL,NORMAL,0,,99,4.0,4425,3117
1781436515.0956538,7,10,2.6898,1.221,0.036,0.377,NOMINAL,NORMAL,0,,99,4.0,4425,3117
1781436515.5966313,7,10,3.8939,1.445,0.0485,0.491,NOMINAL,NORMAL,0,,99,4.3,4465,3117
1781436516.0953465,7,10,2.4571,1.231,0.0328,0.373,NOMINAL,NORMAL,0,,99,4.3,4465,3117
1781436516.5960422,7,10,3.8544,1.009,0.0352,0.413,NOMINAL,NORMAL,0,,99,4.2,4465,3117
1781436517.095254,7,10,2.4529,1.388,0.0354,0.392,NOMINAL,NORMAL,0,,99,4.2,4465,3117
1781436517.5967183,7,10,4.0676,1.391,0.0473,0.494,NOMINAL,NORMAL,0,,99,4.5,4505,3117
1781436518.0949163,7,10,2.5941,1.113,0.0243,0.269,NOMINAL,NORMAL,0,,99,4.5,4505,3117
1781436518.5974517,7,10,4.2159,1.417,0.0469,0.504,NOMINAL,NORMAL,0,,8,3.3,4465,3117
1781436519.0947788,7,10,2.4173,0.912,0.088,0.437,NOMINAL,NORMAL,0,,8,3.3,4465,3117
1781436519.597435,7,10,4.2517,1.395,0.04,0.389,NOMINAL,NORMAL,0,,78,4.5,4505,3117
1781436520.0945365,7,10,2.244,0.931,0.0356,0.435,NOMINAL,NORMAL,0,,78,4.5,4505,3117
1781436520.5973814,7,10,4.2211,1.408,0.0344,0.37,NOMINAL,NORMAL,0,,0,4.3,4505,3117
1781436521.0957737,7,10,3.7454,1.076,0.0362,0.376,NOMINAL,NORMAL,0,,0,4.3,4505,3117
1781436521.5968087,7,10,3.6209,1.457,0.0331,0.389,NOMINAL,NORMAL,0,,0,3.3,4465,3117
1781436522.0968082,7,10,3.9606,1.463,0.0461,0.533,NOMINAL,NORMAL,0,,0,3.3,4465,3117
1781436522.5958118,7,10,2.9051,1.172,0.0331,0.378,NOMINAL,NORMAL,0,,6,4.2,4505,3117
1781436523.0969799,7,10,4.0211,1.575,0.0453,0.522,NOMINAL,NORMAL,0,,6,4.2,4505,3117
1781436523.5953667,7,10,2.4944,1.211,0.0366,0.387,NOMINAL,NORMAL,0,,0,4.3,4505,3117
1781436524.0968187,7,10,3.9827,1.495,0.0492,0.528,NOMINAL,NORMAL,0,,0,4.3,4505,3117
1781436524.5949266,7,10,2.3896,1.166,0.0339,0.391,NOMINAL,NORMAL,0,,0,4.0,4465,3117
1781436525.0966268,7,10,3.9363,1.42,0.0479,0.496,NOMINAL,NORMAL,0,,0,4.0,4465,3117
1781436525.5949087,7,10,2.5808,1.092,0.0236,0.259,NOMINAL,NORMAL,0,,0,4.5,4505,3117
1781436526.0975852,7,10,4.2485,1.489,0.0491,0.491,NOMINAL,NORMAL,0,,0,4.5,4505,3117
1781436526.5946355,7,10,2.5036,0.815,0.0375,0.421,NOMINAL,NORMAL,0,,0,4.0,4505,3117
1781436527.0977485,7,10,4.2265,1.743,0.0368,0.394,NOMINAL,NORMAL,0,,0,4.0,4505,3117
1781436527.5947092,7,10,2.3546,0.919,0.0359,0.431,NOMINAL,NORMAL,0,,24,3.8,4505,3117
1781436528.0975611,7,10,4.3678,1.46,0.0353,0.407,NOMINAL,NORMAL,0,,24,3.8,4505,3117
1781436528.5959134,7,10,3.7399,1.091,0.0364,0.393,NOMINAL,NORMAL,0,,0,3.8,4465,3117
1781436529.0965674,7,10,3.6882,1.197,0.0348,0.377,NOMINAL,NORMAL,0,,0,3.8,4465,3117
1781436529.596537,7,10,3.9456,1.292,0.0444,0.486,NOMINAL,NORMAL,0,,0,3.7,4425,3117
1781436530.0956686,7,10,2.843,1.184,0.0349,0.374,NOMINAL,NORMAL,0,,0,3.7,4425,3117
1781436530.5965476,7,10,3.9207,1.344,0.0484,0.506,NOMINAL,NORMAL,0,,37,4.3,4465,3117
1781436531.0954564,7,10,2.4586,1.464,0.035,0.377,NOMINAL,NORMAL,0,,37,4.3,4465,3117
1781436531.5968359,7,10,3.9759,1.52,0.0468,0.491,NOMINAL,NORMAL,0,,0,3.8,4465,3117
1781436532.0951703,7,10,2.4448,1.263,0.0385,0.404,NOMINAL,NORMAL,0,,0,3.8,4465,3117
1781436532.5971003,7,10,3.9976,1.764,0.046,0.499,NOMINAL,NORMAL,0,,0,4.3,4465,3117
1781436533.0951953,7,10,2.584,1.409,0.0241,0.266,NOMINAL,NORMAL,0,,0,4.3,4465,3117
1781436533.5976844,7,10,4.2599,1.826,0.0468,0.519,NOMINAL,NORMAL,0,,0,4.3,4465,3117
1781436534.0950809,7,10,2.6717,1.097,0.037,0.383,NOMINAL,NORMAL,0,,0,4.3,4465,3117
1781436534.5978768,7,10,4.2968,1.734,0.0393,0.4,NOMINAL,NORMAL,0,,0,4.0,4425,3117
1781436535.0941617,7,10,2.152,0.901,0.036,0.384,NOMINAL,NORMAL,0,,0,4.0,4425,3117
1781436535.5978112,7,10,4.4974,1.509,0.034,0.386,NOMINAL,NORMAL,0,,0,4.3,4425,3117
1781436536.0959485,7,10,3.4766,1.316,0.036,0.394,NOMINAL,NORMAL,0,,0,4.3,4425,3117
1781436536.5969982,7,10,3.75,1.489,0.0368,0.399,NOMINAL,NORMAL,0,,0,3.7,4465,3117
1781436537.096302,7,10,3.8919,1.334,0.0367,0.399,NOMINAL,NORMAL,0,,0,3.7,4465,3117
1781436537.596026,7,10,3.0227,1.212,0.0355,0.402,NOMINAL,NORMAL,0,,0,4.0,4425,3117
1781436538.0976493,7,10,4.2474,1.5,0.0477,0.52,NOMINAL,NORMAL,0,,0,4.0,4425,3117
1781436538.595745,7,10,2.4506,1.502,0.0353,0.388,NOMINAL,NORMAL,0,,0,4.2,4425,3117
1781436539.0968072,7,10,4.0002,1.462,0.0492,0.495,NOMINAL,NORMAL,0,,0,4.2,4425,3117
1781436539.5952802,7,10,2.4774,1.394,0.0349,0.386,NOMINAL,NORMAL,0,,0,4.3,4425,3117
1781436540.0963361,7,10,3.989,1.057,0.0451,0.485,NOMINAL,NORMAL,0,,0,4.3,4425,3117
1781436540.59505,7,10,2.458,1.225,0.0351,0.398,NOMINAL,NORMAL,0,,0,4.3,4465,3117
1781436541.0971956,7,10,4.3031,1.487,0.0491,0.497,NOMINAL,NORMAL,0,,0,4.3,4465,3117
1781436541.5946996,7,10,2.4285,0.798,0.055,0.298,NOMINAL,NORMAL,0,,0,4.3,4425,3117
1781436542.0977788,7,10,4.3242,1.513,0.0398,0.437,NOMINAL,NORMAL,0,,0,4.3,4425,3117
1781436542.5949888,7,10,2.4933,1.095,0.0366,0.403,NOMINAL,NORMAL,0,,0,4.7,4465,3117
1781436543.0975664,7,10,4.2254,1.255,0.0346,0.377,NOMINAL,NORMAL,0,,0,4.7,4465,3117
1781436543.595799,7,10,3.4788,1.064,0.0362,0.38,NOMINAL,NORMAL,0,,0,4.3,4385,3117
1781436544.0969708,7,10,3.6386,1.248,0.0392,0.444,NOMINAL,NORMAL,0,,0,4.3,4385,3117
1781436544.5962756,7,10,3.9621,1.06,0.0544,0.406,NOMINAL,NORMAL,0,,0,5.0,4505,3118
1781436545.0961492,7,10,2.8825,1.199,0.0333,0.383,NOMINAL,NORMAL,0,,0,5.0,4505,3118
1781436545.5965085,7,10,3.9486,1.139,0.0487,0.53,NOMINAL,NORMAL,0,,0,4.2,4425,3118
1781436546.0954669,7,10,2.5611,1.195,0.0327,0.38,NOMINAL,NORMAL,0,,0,4.2,4425,3118
1781436546.5966415,7,10,4.0001,1.091,0.0605,0.529,NOMINAL,NORMAL,0,,0,4.3,4425,3122
1781436547.0948803,7,10,2.4715,0.899,0.0248,0.285,NOMINAL,NORMAL,0,,0,4.3,4425,3122
1781436547.5964944,7,10,3.9639,1.055,0.0348,0.446,NOMINAL,NORMAL,0,,0,4.3,4385,3122
1781436548.0953534,7,10,2.4421,1.271,0.0355,0.399,NOMINAL,NORMAL,0,,0,4.3,4385,3122
1781436548.5974422,7,10,4.2576,1.485,0.0472,0.508,NOMINAL,NORMAL,0,,0,4.3,4425,3122
1781436549.0948834,7,10,2.4926,0.831,0.0253,0.288,NOMINAL,NORMAL,0,,0,4.3,4425,3122
1781436549.5979135,7,10,4.298,1.443,0.0385,0.418,NOMINAL,NORMAL,0,,0,3.8,4385,3122
1781436550.0954397,7,10,2.5266,1.171,0.0365,0.4,NOMINAL,NORMAL,0,,0,3.8,4385,3122
1781436550.597804,7,10,4.209,1.506,0.0365,0.397,NOMINAL,NORMAL,0,,0,4.8,4425,3122
1781436551.0952861,7,10,2.4678,1.147,0.0351,0.389,NOMINAL,NORMAL,0,,0,4.8,4425,3122
1781436551.5971403,7,10,3.9015,1.457,0.0351,0.395,NOMINAL,NORMAL,0,,0,4.8,4425,3122
1781436552.096073,7,10,3.9997,1.093,0.0364,0.39,NOMINAL,NORMAL,0,,0,4.8,4425,3122
1781436552.5960872,7,10,3.1216,1.184,0.034,0.358,NOMINAL,NORMAL,0,,0,3.7,4385,3122
1781436553.09686,7,10,3.949,1.346,0.0444,0.494,NOMINAL,NORMAL,0,,0,3.7,4385,3122
1781436553.5955799,7,10,2.4514,1.166,0.0303,0.354,NOMINAL,NORMAL,0,,0,3.5,4385,3122
1781436554.096961,7,10,4.0676,1.522,0.0463,0.52,NOMINAL,NORMAL,0,,0,3.5,4385,3122
1781436554.5955508,7,10,2.4316,1.319,0.0346,0.4,NOMINAL,NORMAL,0,,0,4.5,4385,3122
1781436555.097089,7,10,4.042,1.454,0.0479,0.503,NOMINAL,NORMAL,0,,0,4.5,4385,3122
1781436555.5950458,7,10,2.4661,1.182,0.0343,0.37,NOMINAL,NORMAL,0,,0,3.8,4385,3122
1781436556.095885,7,10,3.307,1.13,0.0357,0.383,NOMINAL,NORMAL,0,,0,3.8,4385,3122
1781436556.5948548,7,10,2.4083,0.932,0.0232,0.268,NOMINAL,NORMAL,0,,0,4.2,4385,3122
1781436557.0978332,7,10,4.3337,1.521,0.0496,0.495,NOMINAL,NORMAL,0,,0,4.2,4385,3122
1781436557.5950334,7,10,2.3925,1.073,0.036,0.381,NOMINAL,NORMAL,0,,0,4.3,4425,3122
1781436558.0974748,7,10,4.2562,1.393,0.0379,0.395,NOMINAL,NORMAL,0,,0,4.3,4425,3122
1781436558.594573,7,10,2.2882,0.912,0.0368,0.411,NOMINAL,NORMAL,0,,0,3.7,4385,3122
1781436559.0970483,7,10,3.9632,1.265,0.0371,0.394,NOMINAL,NORMAL,0,,0,3.7,4385,3122
1781436559.5960495,7,10,3.9361,1.029,0.0365,0.382,NOMINAL,NORMAL,0,,0,4.5,4425,3122
1781436560.0963233,7,10,3.3067,1.241,0.0369,0.382,NOMINAL,NORMAL,0,,0,4.5,4425,3122
1781436560.5967479,7,10,3.9329,1.268,0.0452,0.498,NOMINAL,NORMAL,0,,0,3.7,4425,3122
1781436561.0957596,7,10,2.6439,1.272,0.0354,0.447,NOMINAL,NORMAL,0,,0,3.7,4425,3122
1781436561.5969138,7,10,4.0499,1.478,0.0461,0.534,NOMINAL,NORMAL,0,,0,4.7,4385,3122
1781436562.0953891,7,10,2.5001,1.21,0.034,0.371,NOMINAL,NORMAL,0,,0,4.7,4385,3122
1781436562.597168,7,10,3.9628,1.566,0.0491,0.513,NOMINAL,NORMAL,0,,0,4.7,4385,3122
1781436563.09507,7,10,2.459,1.23,0.0344,0.383,NOMINAL,NORMAL,0,,0,4.7,4385,3122
1781436563.5973969,7,10,4.2492,1.518,0.0487,0.505,NOMINAL,NORMAL,0,,0,4.0,4385,3122
1781436564.0948734,7,10,2.4652,1.135,0.0244,0.265,NOMINAL,NORMAL,0,,0,4.0,4385,3122
1781436564.597755,7,10,4.3586,1.487,0.0441,0.493,NOMINAL,NORMAL,0,,0,4.0,4346,3122
1781436565.0947473,7,10,2.4397,0.901,0.0364,0.441,NOMINAL,NORMAL,0,,0,4.0,4346,3122
1781436565.597502,7,10,4.237,1.387,0.0359,0.383,NOMINAL,NORMAL,0,,0,4.2,4385,3122
1781436566.095819,7,10,3.1632,1.143,0.0383,0.396,NOMINAL,NORMAL,0,,0,4.2,4385,3122
1781436566.5971153,7,10,4.0253,1.242,0.0337,0.381,NOMINAL,NORMAL,0,,0,4.5,4385,3122
1781436567.0960355,7,10,3.8928,1.083,0.0378,0.39,NOMINAL,NORMAL,0,,0,4.5,4385,3122
1781436567.5963392,7,10,3.3359,1.171,0.034,0.362,NOMINAL,NORMAL,0,,0,4.0,4385,3123
1781436568.0964713,7,10,3.953,1.038,0.0436,0.473,NOMINAL,NORMAL,0,,0,4.0,4385,3123
1781436568.5956419,7,10,2.7055,1.181,0.0343,0.368,NOMINAL,NORMAL,0,,0,3.7,4346,3123
1781436569.0969734,7,10,3.9494,1.44,0.0484,0.498,NOMINAL,NORMAL,0,,0,3.7,4346,3123
1781436569.5953922,7,10,2.4785,1.225,0.0371,0.383,NOMINAL,NORMAL,0,,0,4.3,4385,3123
1781436570.0964625,7,10,3.948,1.01,0.0432,0.467,NOMINAL,NORMAL,0,,0,4.3,4385,3123
1781436570.5950983,7,10,2.4539,1.213,0.0332,0.377,NOMINAL,NORMAL,0,,0,3.8,4346,3123
1781436571.0967083,7,10,3.9728,1.443,0.0477,0.494,NOMINAL,NORMAL,0,,0,3.8,4346,3123
1781436571.5949297,7,10,2.4422,1.185,0.0227,0.263,NOMINAL,NORMAL,0,,0,4.0,4346,3123
1781436572.097722,7,10,4.4212,1.46,0.046,0.498,NOMINAL,NORMAL,0,,0,4.0,4346,3123
1781436572.594781,7,10,2.4817,0.877,0.0761,0.423,NOMINAL,NORMAL,0,,0,3.7,4385,3123
1781436573.0979543,7,10,4.2547,1.488,0.0358,0.4,NOMINAL,NORMAL,0,,0,3.7,4385,3123
1781436573.595557,7,10,3.0838,1.074,0.0364,0.374,NOMINAL,NORMAL,0,,25,4.3,4346,3123
1781436574.097236,7,10,4.1129,1.158,0.0353,0.369,NOMINAL,NORMAL,0,,25,4.3,4346,3123
1781436574.595875,7,10,3.7134,1.072,0.0363,0.37,NOMINAL,NORMAL,0,,0,4.2,4385,3123
1781436575.0965533,7,10,3.5994,1.217,0.0343,0.374,NOMINAL,NORMAL,0,,0,4.2,4385,3123
1781436575.5972013,7,10,4.0847,1.506,0.0496,0.502,NOMINAL,NORMAL,0,,0,3.5,4385,3123
1781436576.0956824,7,10,2.7635,1.203,0.0353,0.37,NOMINAL,NORMAL,0,,0,3.5,4385,3123
1781436576.5966277,7,10,4.0001,1.254,0.0453,0.481,NOMINAL,NORMAL,0,,28,4.8,4385,3122
1781436577.0954323,7,10,2.4925,1.27,0.0321,0.374,NOMINAL,NORMAL,0,,28,4.8,4385,3122
1781436577.596683,7,10,3.9924,1.377,0.0461,0.494,NOMINAL,NORMAL,0,,0,5.0,4346,3122
1781436578.0954032,7,10,2.4496,1.27,0.0359,0.385,NOMINAL,NORMAL,0,,0,5.0,4346,3122
1781436578.596572,7,10,4.031,1.302,0.035,0.389,NOMINAL,NORMAL,0,,0,5.0,4346,3122
1781436579.095168,7,10,2.4712,1.172,0.0225,0.261,NOMINAL,NORMAL,0,,0,3.5,4346,3122
1781436579.5976603,7,10,4.2395,1.478,0.0469,0.498,NOMINAL,NORMAL,0,,0,3.5,4346,3122
1781436580.0944307,7,10,2.4529,0.77,0.0235,0.284,NOMINAL,NORMAL,0,,0,4.2,4385,3122
1781436580.5976694,7,10,4.3056,1.522,0.0376,0.424,NOMINAL,NORMAL,0,,0,4.2,4385,3122
1781436581.0951893,7,10,2.7063,1.127,0.035,0.39,NOMINAL,NORMAL,0,,0,4.2,4385,3122
1781436581.5973675,7,10,4.2861,1.279,0.0344,0.402,NOMINAL,NORMAL,0,,0,4.2,4385,3122
1781436582.096047,7,10,3.7847,1.096,0.035,0.384,NOMINAL,NORMAL,0,,0,4.5,4346,3122
1781436582.5966632,7,10,3.6558,1.24,0.0323,0.381,NOMINAL,NORMAL,0,,0,4.5,4346,3122
1781436583.0960355,7,10,3.9175,1.067,0.0348,0.379,NOMINAL,NORMAL,0,,0,3.8,4385,3122
1781436583.596021,7,10,2.8273,1.206,0.0337,0.383,NOMINAL,NORMAL,0,,0,3.8,4385,3122
1781436584.096427,7,10,3.9976,1.097,0.0441,0.499,NOMINAL,NORMAL,0,,1,3.8,4346,3122
1781436584.5954237,7,10,2.4717,1.221,0.0315,0.396,NOMINAL,NORMAL,0,,1,3.8,4346,3122
1781436585.096505,7,10,3.9399,1.048,0.0444,0.469,NOMINAL,NORMAL,0,,0,4.2,4385,3122
1781436585.595152,7,10,2.4321,1.253,0.0326,0.366,NOMINAL,NORMAL,0,,0,4.2,4385,3122
1781436586.0989811,7,10,3.9303,1.426,0.0506,2.514,PRE_ALERT,TRIGGERED,1,PD3A-OU|PD3A-OUT|PD1A-OUT|PD2A-OU,80,4.0,4385,3122
1781436586.595189,7,10,2.4447,1.276,0.0354,0.373,PRE_ALERT,TRIGGERED,2,PD3A-OU|PD3A-OUT|PD1A-OUT|PD2A-OU,80,4.0,4385,3122
1781436587.0988595,7,10,4.0409,1.473,0.0488,2.431,ALERT,TRIGGERED,3,PD3A-OU|PD3A-OUT|PD1A-OUT|PD2A-OU,63,5.0,4425,3123
1781436587.594775,7,10,2.4252,0.769,0.0226,0.279,ALERT,TRIGGERED,3,PD3A-OU|PD3A-OUT|PD1A-OUT|PD2A-OU,63,5.0,4425,3123
1781436588.0979955,7,10,4.2995,1.555,0.0308,0.371,ALERT,TRIGGERED,3,PD3A-OU|PD3A-OUT|PD1A-OUT|PD2A-OU,55,4.7,4385,3123
1781436588.5956357,7,10,3.129,1.067,0.0351,0.389,ALERT,TRIGGERED,3,PD3A-OU|PD3A-OUT|PD1A-OUT|PD2A-OU,55,4.7,4385,3123
1781436589.097512,7,10,4.2042,1.253,0.0335,0.387,ALERT,TRIGGERED,3,PD3A-OU|PD3A-OUT|PD1A-OUT|PD2A-OU,99,4.5,4425,3123
1781436589.595922,7,10,3.4638,1.062,0.036,0.387,ALERT,TRIGGERED,3,PD3A-OU|PD3A-OUT|PD1A-OUT|PD2A-OU,99,4.5,4425,3123
1781436590.0967114,7,10,3.8224,1.182,0.0361,0.389,ALERT,TRIGGERED,3,PD3A-OU|PD3A-OUT|PD1A-OUT|PD2A-OU,99,4.0,4385,3123
1781436590.5959203,7,10,3.9153,1.071,0.0369,0.387,ALERT,TRIGGERED,3,PD3A-OU|PD3A-OUT|PD1A-OUT|PD2A-OU,99,4.0,4385,3123
1781436591.0959885,7,10,3.0781,1.214,0.0335,0.379,ALERT,TRIGGERED,3,PD3A-OU|PD3A-OUT|PD1A-OUT|PD2A-OU,99,4.3,4425,3123
1781436591.5950248,7,10,2.4041,1.191,0.0367,0.38,ALERT,TRIGGERED,3,PD3A-OU|PD3A-OUT|PD1A-OUT|PD2A-OU,99,4.3,4425,3123
1781436592.0955052,7,10,2.5193,1.241,0.0355,0.394,ALERT,TRIGGERED,3,PD3A-OU|PD3A-OUT|PD1A-OUT|PD2A-OU,99,4.0,4425,3123
1781436592.5967114,7,10,3.9553,1.428,0.0462,0.516,ALERT,TRIGGERED,3,PD3A-OU|PD3A-OUT|PD1A-OUT|PD2A-OU,99,4.0,4425,3123
1781436593.0954704,7,10,2.4188,1.338,0.0361,0.403,ALERT,TRIGGERED,3,PD3A-OU|PD3A-OUT|PD1A-OUT|PD2A-OU,99,4.2,4425,3123
1781436593.596404,7,10,3.9247,1.048,0.045,0.47,ALERT,TRIGGERED,3,PD3A-OU|PD3A-OUT|PD1A-OUT|PD2A-OU,99,4.2,4425,3123
1781436594.095011,7,10,2.4317,1.191,0.0324,0.425,ALERT,TRIGGERED,3,PD3A-OU|PD3A-OUT|PD1A-OUT|PD2A-OU,99,4.8,4465,3123
1781436594.5970201,7,10,4.2001,1.433,0.0481,0.511,ALERT,TRIGGERED,3,PD3A-OU|PD3A-OUT|PD1A-OUT|PD2A-OU,99,4.8,4465,3123
1781436595.0947642,7,10,2.4132,0.823,0.0243,0.29,ALERT,TRIGGERED,3,PD3A-OU|PD3A-OUT|PD1A-OUT,99,4.0,4425,3123
1781436595.5979218,7,10,4.2412,1.434,0.0395,0.583,ALERT,TRIGGERED,3,PD3A-OU|PD3A-OUT|PD1A-OUT,99,4.0,4425,3123
1781436596.0947576,7,10,2.4015,1.02,0.0352,0.437,ALERT,TRIGGERED,3,PD3A-OU|PD3A-OUT|PD1A-OUT,97,4.3,4505,3123
1781436596.5972576,7,10,4.2667,1.308,0.0322,0.388,ALERT,TRIGGERED,3,PD3A-OU|PD3A-OUT|PD1A-OUT,97,4.3,4505,3123
1781436597.0953143,7,10,2.4977,1.314,0.0363,0.4,ALERT,TRIGGERED,3,PD3A-OU|PD3A-OUT|PD1A-OUT,99,3.8,4465,3123
1781436597.5949976,7,10,2.4455,1.192,0.0245,0.276,ALERT,TRIGGERED,3,PD3A-OU|PD3A-OUT|PD1A-OUT,99,3.8,4465,3123
1781436598.0961668,7,10,3.8352,1.07,0.0346,0.384,ALERT,TRIGGERED,3,PD3A-OU|PD3A-OUT|PD1A-OUT,27,4.2,4465,3123
1781436598.5973651,7,10,3.1364,1.173,0.0372,1.652,NOMINAL,NORMAL,0,,27,4.2,4465,3123
1781436599.0964892,7,10,3.9621,1.195,0.0476,0.512,NOMINAL,NORMAL,0,,32,3.8,4465,3123
1781436599.5956967,7,10,2.4909,1.193,0.0363,0.381,NOMINAL,NORMAL,0,,32,3.8,4465,3123
1781436600.0970573,7,10,4.0798,1.564,0.0462,0.517,NOMINAL,NORMAL,0,,0,4.0,4505,3123
1781436600.595039,7,10,2.4218,0.949,0.0378,0.386,NOMINAL,NORMAL,0,,0,4.0,4505,3123
1781436601.096322,7,10,3.9253,1.078,0.0459,0.486,NOMINAL,NORMAL,0,,9,4.3,4505,3123
1781436601.5950305,7,10,2.4522,1.222,0.0341,0.385,NOMINAL,NORMAL,0,,9,4.3,4505,3123
1781436602.0959585,7,10,3.1308,1.578,0.0456,0.525,NOMINAL,NORMAL,0,,0,4.3,4465,3123
1781436602.594771,7,10,2.4384,1.038,0.0254,0.295,NOMINAL,NORMAL,0,,0,4.3,4465,3123
1781436603.097995,7,10,4.3982,1.526,0.0476,0.641,NOMINAL,NORMAL,0,,0,4.3,4505,3124
1781436603.594655,7,10,2.4544,0.883,0.0366,0.422,NOMINAL,NORMAL,0,,0,4.3,4505,3124
1781436604.0977182,7,10,4.3288,1.373,0.035,0.403,NOMINAL,NORMAL,0,,0,4.2,4465,3124
1781436604.594662,7,10,2.1372,0.923,0.0363,0.422,NOMINAL,NORMAL,0,,0,4.2,4465,3124
1781436605.096511,7,10,3.9738,1.338,0.0337,0.386,NOMINAL,NORMAL,0,,0,4.2,4465,3124
1781436605.5961106,7,10,3.9028,1.073,0.0372,0.39,NOMINAL,NORMAL,0,,0,4.2,4465,3124
1781436606.0963278,7,10,3.2891,1.199,0.0372,0.416,NOMINAL,NORMAL,0,,0,4.2,4505,3124
1781436606.5967295,7,10,3.9273,1.259,0.0478,0.482,NOMINAL,NORMAL,0,,0,4.2,4505,3124
1781436607.0954928,7,10,2.5641,1.264,0.0346,0.383,NOMINAL,NORMAL,0,,0,3.8,4465,3124
1781436607.5968215,7,10,3.9964,1.486,0.0482,0.497,NOMINAL,NORMAL,0,,0,3.8,4465,3124
1781436608.095127,7,10,2.4157,1.225,0.0339,0.377,NOMINAL,NORMAL,0,,0,4.5,4465,3124
1781436608.5962698,7,10,3.9471,1.076,0.0426,0.474,NOMINAL,NORMAL,0,,0,4.5,4465,3124
1781436609.0950463,7,10,2.4299,1.226,0.0337,0.384,NOMINAL,NORMAL,0,,0,3.8,4465,3124
1781436609.596698,7,10,3.9653,1.418,0.0476,0.483,NOMINAL,NORMAL,0,,0,3.8,4465,3124
1781436610.094923,7,10,2.4503,1.106,0.0242,0.27,NOMINAL,NORMAL,0,,0,4.3,4465,3124
1781436610.5975888,7,10,4.2881,1.494,0.0492,0.506,NOMINAL,NORMAL,0,,0,4.3,4465,3124
1781436611.0949726,7,10,2.4338,0.927,0.0355,0.381,NOMINAL,NORMAL,0,,0,4.3,4465,3125
1781436611.5977316,7,10,4.346,1.506,0.0349,0.455,NOMINAL,NORMAL,0,,0,4.3,4465,3125
1781436612.0946374,7,10,2.3258,0.913,0.0334,0.38,NOMINAL,NORMAL,0,,0,4.2,4425,3125
1781436612.5970106,7,10,4.0818,1.183,0.0371,0.384,NOMINAL,NORMAL,0,,0,4.2,4425,3125
1781436613.0979166,7,10,4.2141,1.472,0.0503,0.509,NOMINAL,NORMAL,0,,0,4.3,4465,3125
1781436613.596498,7,10,3.242,1.17,0.0368,0.383,NOMINAL,NORMAL,0,,0,4.3,4465,3125
1781436614.096656,7,10,3.9462,1.127,0.0491,0.51,NOMINAL,NORMAL,0,,0,4.0,4425,3125
1781436614.5959623,7,10,2.6089,1.253,0.037,0.383,NOMINAL,NORMAL,0,,0,4.0,4425,3125
1781436615.0968268,7,10,3.9873,1.483,0.0464,0.508,NOMINAL,NORMAL,0,,0,3.7,4425,3125
1781436615.5952272,7,10,2.4619,1.151,0.0372,0.383,NOMINAL,NORMAL,0,,0,3.7,4425,3125
1781436616.096949,7,10,3.93,1.459,0.0476,0.498,NOMINAL,NORMAL,0,,0,4.0,4425,3125
1781436616.5951214,7,10,2.4094,1.258,0.0378,0.403,NOMINAL,NORMAL,0,,0,4.0,4425,3125
1781436617.0960245,7,10,3.1889,1.427,0.0419,0.461,NOMINAL,NORMAL,0,,1,4.0,4425,3125
1781436617.5948474,7,10,2.4118,1.191,0.0234,0.261,NOMINAL,NORMAL,0,,1,4.0,4425,3125
1781436618.0974746,7,10,4.281,1.442,0.0465,0.489,NOMINAL,NORMAL,0,,0,3.8,4425,3125
1781436618.5947936,7,10,2.3834,0.808,0.0398,0.419,NOMINAL,NORMAL,0,,0,3.8,4425,3125
1781436619.0973406,7,10,3.9516,1.306,0.0347,0.373,NOMINAL,NORMAL,0,,0,4.2,4425,3125
1781436619.594719,7,10,2.3845,0.938,0.0365,0.418,NOMINAL,NORMAL,0,,0,4.2,4425,3125
1781436620.0973685,7,10,4.1073,1.185,0.031,0.372,NOMINAL,NORMAL,0,,27,3.3,4425,3125
1781436620.5961916,7,10,3.7594,1.059,0.0348,0.382,NOMINAL,NORMAL,0,,27,3.3,4425,3125
1781436621.0965195,7,10,3.4689,1.203,0.0357,0.379,NOMINAL,NORMAL,0,,0,4.2,4425,3125
1781436621.5960972,7,10,3.9907,1.02,0.0353,0.379,NOMINAL,NORMAL,0,,0,4.2,4425,3125
1781436622.0961125,7,10,2.6964,1.319,0.0339,0.399,NOMINAL,NORMAL,0,,0,3.8,4425,3125
1781436622.5968528,7,10,3.9523,1.529,0.0501,0.513,NOMINAL,NORMAL,0,,0,3.8,4425,3125
1781436623.0959885,7,10,2.4814,1.26,0.0349,0.533,NOMINAL,NORMAL,0,,29,3.8,4425,3125
1781436623.5969145,7,10,3.9959,1.533,0.0474,0.509,NOMINAL,NORMAL,0,,29,3.8,4425,3125
1781436624.095178,7,10,2.4702,1.286,0.0348,0.39,NOMINAL,NORMAL,0,,0,4.5,4385,3125
1781436624.5967195,7,10,4.0084,1.364,0.046,0.5,NOMINAL,NORMAL,0,,0,4.5,4385,3125
1781436625.0948708,7,10,2.4159,1.146,0.0339,0.365,NOMINAL,NORMAL,0,,0,4.3,4425,3125
1781436625.5974772,7,10,4.2633,1.584,0.0512,0.537,NOMINAL,NORMAL,0,,0,4.3,4425,3125
1781436626.09486,7,10,2.3977,0.82,0.0352,0.428,NOMINAL,NORMAL,0,,0,4.2,4425,3125
1781436626.5951283,7,10,2.466,1.237,0.0367,0.387,NOMINAL,NORMAL,0,,0,4.2,4425,3125
1781436627.0953243,7,10,2.8044,1.103,0.0359,0.392,NOMINAL,NORMAL,0,,0,4.0,4385,3125
1781436627.5971723,7,10,4.1974,1.189,0.0357,0.356,NOMINAL,NORMAL,0,,0,4.0,4385,3125
1781436628.0963988,7,10,3.7078,1.287,0.0343,0.391,NOMINAL,NORMAL,0,,0,4.0,4385,3125
1781436628.5965905,7,10,3.6061,1.204,0.0324,0.383,NOMINAL,NORMAL,0,,0,4.0,4385,3125
1781436629.0966346,7,10,3.9172,1.288,0.0344,0.459,NOMINAL,NORMAL,0,,0,4.0,4385,3125
1781436629.5961397,7,10,2.8197,1.218,0.0344,0.389,NOMINAL,NORMAL,0,,0,4.0,4385,3125
1781436630.0948584,7,10,2.4256,0.984,0.0362,0.424,NOMINAL,NORMAL,0,,0,3.8,4385,3125
1781436630.5953877,7,10,2.4359,1.056,0.0331,0.349,NOMINAL,NORMAL,0,,0,3.8,4385,3125
1781436631.096,7,10,3.2516,1.307,0.0343,0.384,NOMINAL,NORMAL,0,,0,4.2,4425,3125
1781436631.5951235,7,10,2.3975,1.264,0.0326,0.386,NOMINAL,NORMAL,0,,0,4.2,4425,3125
1781436632.0970788,7,10,3.9364,1.782,0.0468,0.503,NOMINAL,NORMAL,0,,0,4.0,4425,3125
1781436632.5951726,7,10,2.3903,1.18,0.037,0.379,NOMINAL,NORMAL,0,,0,4.0,4425,3125
1781436633.0949516,7,10,2.4173,0.846,0.0361,0.391,NOMINAL,NORMAL,0,,0,4.5,4385,3125
1781436633.594659,7,10,2.4285,0.742,0.0396,0.28,NOMINAL,NORMAL,0,,0,4.5,4385,3125
1781436634.095667,7,10,2.4096,1.477,0.0395,0.442,NOMINAL,NORMAL,0,,0,4.3,4425,3125
1781436634.59548,7,10,2.6191,1.264,0.035,0.378,NOMINAL,NORMAL,0,,0,4.3,4425,3125
1781436635.0977705,7,10,4.2176,1.711,0.0345,0.434,NOMINAL,NORMAL,0,,0,4.3,4425,3125
1781436635.5958948,7,10,3.3298,1.279,0.0344,0.378,NOMINAL,NORMAL,0,,0,4.3,4425,3125
1781436636.0968127,7,10,3.7502,1.204,0.0335,0.395,NOMINAL,NORMAL,0,,0,3.8,4385,3125
1781436636.5961092,7,10,3.9706,1.218,0.0354,0.366,NOMINAL,NORMAL,0,,0,3.8,4385,3125
1781436637.0962856,7,10,2.9809,1.5,0.0333,0.387,NOMINAL,NORMAL,0,,0,3.3,4425,3125
1781436637.5964458,7,10,3.9052,1.047,0.0437,0.462,NOMINAL,NORMAL,0,,0,3.3,4425,3125
1781436638.0956926,7,10,2.4355,1.21,0.0338,0.368,NOMINAL,NORMAL,0,,0,4.3,4385,3125
1781436638.5967383,7,10,3.976,1.428,0.0466,0.494,NOMINAL,NORMAL,0,,0,4.3,4385,3125
1781436639.095351,7,10,2.4311,1.208,0.0351,0.529,NOMINAL,NORMAL,0,,0,4.3,4385,3125
1781436639.5968032,7,10,3.9424,1.327,0.047,0.459,NOMINAL,NORMAL,0,,0,4.3,4385,3125
1781436640.0954356,7,10,2.4741,1.528,0.0343,0.398,NOMINAL,NORMAL,0,,0,4.2,4385,3125
1781436640.5972216,7,10,4.1895,1.384,0.047,0.479,NOMINAL,NORMAL,0,,0,4.2,4385,3125
1781436641.0946205,7,10,2.393,0.932,0.0259,0.282,NOMINAL,NORMAL,0,,0,3.7,4385,3125
1781436641.5977664,7,10,4.3076,1.434,0.0486,0.689,NOMINAL,NORMAL,0,,0,3.7,4385,3125
1781436642.0954604,7,10,2.8769,1.1,0.0361,0.387,NOMINAL,NORMAL,0,,0,4.2,4385,3125
1781436642.597625,7,10,4.2286,1.548,0.0375,0.398,NOMINAL,NORMAL,0,,0,4.2,4385,3125
1781436643.0960753,7,10,3.2241,1.366,0.037,0.398,NOMINAL,NORMAL,0,,0,4.0,4385,3125
1781436643.5972307,7,10,3.7191,1.439,0.0363,0.415,NOMINAL,NORMAL,0,,0,4.0,4385,3125
1781436644.0959182,7,10,3.882,1.123,0.0367,0.391,NOMINAL,NORMAL,0,,0,4.0,4385,3125
1781436644.5962973,7,10,3.0328,1.194,0.0317,0.378,NOMINAL,NORMAL,0,,0,4.0,4385,3125
1781436645.0977392,7,10,4.2256,1.521,0.0442,0.512,NOMINAL,NORMAL,0,,0,3.7,4346,3125
1781436645.5958514,7,10,2.4862,1.383,0.0354,0.384,NOMINAL,NORMAL,0,,0,3.7,4346,3125
1781436646.0969586,7,10,4.0657,1.525,0.0455,0.5,NOMINAL,NORMAL,0,,0,4.3,4385,3125
1781436646.595612,7,10,2.377,1.438,0.0358,0.382,NOMINAL,NORMAL,0,,0,4.3,4385,3125
1781436647.096982,7,10,3.9424,1.408,0.0468,0.566,NOMINAL,NORMAL,0,,0,4.0,4346,3126
1781436647.5954266,7,10,2.4099,1.256,0.0335,0.388,NOMINAL,NORMAL,0,,0,4.0,4346,3126
1781436648.096717,7,10,4.0781,1.367,0.0464,0.486,NOMINAL,NORMAL,0,,0,3.8,4385,3126
1781436648.5964875,7,10,3.9258,1.045,0.0469,0.476,NOMINAL,NORMAL,0,,0,3.8,4385,3126
1781436649.0978332,7,10,4.1913,1.735,0.0459,0.478,NOMINAL,NORMAL,0,,0,4.2,4346,3126
1781436649.5949569,7,10,2.4398,1.232,0.0364,0.396,NOMINAL,NORMAL,0,,0,4.2,4346,3126
1781436650.0976398,7,10,4.2154,1.616,0.0355,0.436,NOMINAL,NORMAL,0,,0,4.3,4385,3126
1781436650.5958126,7,10,3.1784,1.27,0.0377,0.389,NOMINAL,NORMAL,0,,0,4.3,4385,3126
1781436651.0950212,7,10,2.432,1.218,0.0327,0.41,NOMINAL,NORMAL,0,,0,4.0,4353,3126
1781436651.596226,7,10,3.8963,1.222,0.0354,0.379,NOMINAL,NORMAL,0,,0,4.0,4353,3126
1781436652.0962794,7,10,3.1168,1.162,0.0356,0.365,NOMINAL,NORMAL,0,,0,3.5,4346,3126
1781436652.5966427,7,10,3.9111,1.398,0.0469,0.487,NOMINAL,NORMAL,0,,0,3.5,4346,3126
1781436653.0961516,7,10,2.5469,1.461,0.0363,0.424,NOMINAL,NORMAL,0,,0,4.2,4385,3126
1781436653.597201,7,10,3.9757,1.858,0.0451,0.518,NOMINAL,NORMAL,0,,0,4.2,4385,3126
1781436654.0953944,7,10,2.4472,1.155,0.0322,0.382,NOMINAL,NORMAL,0,,0,3.7,4346,3126
1781436654.596396,7,10,3.9129,1.03,0.0455,0.458,NOMINAL,NORMAL,0,,0,3.7,4346,3126
1781436655.095219,7,10,2.3853,1.188,0.0344,0.371,NOMINAL,NORMAL,0,,0,4.7,4385,3126
1781436655.597132,7,10,4.0624,1.765,0.0452,0.492,NOMINAL,NORMAL,0,,0,4.7,4385,3126
1781436656.0944414,7,10,2.3958,0.867,0.0229,0.266,NOMINAL,NORMAL,0,,0,3.8,4346,3126
1781436656.5974665,7,10,4.236,1.494,0.0496,0.506,NOMINAL,NORMAL,0,,0,3.8,4346,3126
1781436657.0945077,7,10,2.4566,0.911,0.0243,0.253,NOMINAL,NORMAL,0,,0,4.3,4346,3126
1781436657.5973737,7,10,4.2121,1.371,0.0374,0.382,NOMINAL,NORMAL,0,,0,4.3,4346,3126
1781436658.0957093,7,10,3.0399,1.068,0.0359,0.375,NOMINAL,NORMAL,0,,0,4.3,4346,3126
1781436658.5970416,7,10,3.9424,1.626,0.0332,0.411,NOMINAL,NORMAL,0,,0,4.0,4346,3126
1781436659.0962727,7,10,3.8145,1.274,0.0352,0.383,NOMINAL,NORMAL,0,,0,4.0,4346,3126
1781436659.59668,7,10,3.4228,1.508,0.0339,0.386,NOMINAL,NORMAL,0,,0,3.7,4385,3126
1781436660.0966141,7,10,3.9195,1.375,0.0466,0.488,NOMINAL,NORMAL,0,,0,3.7,4385,3126
1781436660.5959845,7,10,2.6747,1.471,0.0364,0.393,NOMINAL,NORMAL,0,,0,4.5,4385,3126
1781436661.096436,7,10,3.9241,1.059,0.0462,0.467,NOMINAL,NORMAL,0,,0,4.5,4385,3126
1781436661.5959084,7,10,2.4229,1.519,0.0386,0.426,NOMINAL,NORMAL,0,,0,4.0,4346,3126
1781436662.0969899,7,10,3.9034,1.783,0.0485,0.504,NOMINAL,NORMAL,0,,0,4.0,4346,3126
1781436662.595153,7,10,2.4697,1.261,0.0366,0.388,NOMINAL,NORMAL,0,,0,4.2,4346,3125
1781436663.0970745,7,10,4.0666,1.455,0.0502,0.488,NOMINAL,NORMAL,0,,0,4.2,4346,3125
1781436663.595288,7,10,2.4257,1.33,0.0234,0.274,NOMINAL,NORMAL,0,,0,4.3,4346,3126
1781436664.0983942,7,10,4.2476,1.933,0.0502,0.552,NOMINAL,NORMAL,0,,0,4.3,4346,3126
1781436664.5953326,7,10,2.4419,1.222,0.0369,0.401,NOMINAL,NORMAL,0,,0,5.2,4385,3126
1781436665.0966284,7,10,3.8714,1.458,0.0465,0.528,NOMINAL,NORMAL,0,,0,5.2,4385,3126
1781436665.595006,7,10,2.3525,1.264,0.0366,0.387,NOMINAL,NORMAL,0,,19,4.0,4425,3126
1781436666.0973394,7,10,4.1827,1.459,0.0341,0.375,NOMINAL,NORMAL,0,,19,4.0,4425,3126
1781436666.5962865,7,10,3.7324,1.438,0.0355,0.395,NOMINAL,NORMAL,0,,7,4.0,4385,3126
1781436667.0968673,7,10,3.426,1.456,0.0341,0.382,NOMINAL,NORMAL,0,,7,4.0,4385,3126
1781436667.5961533,7,10,3.9761,1.093,0.0358,0.39,NOMINAL,NORMAL,0,,99,4.0,4385,3126
1781436668.0961595,7,10,2.8488,1.57,0.0354,0.408,NOMINAL,NORMAL,0,,99,4.0,4385,3126
1781436668.5965679,7,10,3.9272,1.339,0.0468,0.507,NOMINAL,NORMAL,0,,91,3.8,4385,3126
1781436669.095867,7,10,2.4474,1.458,0.0352,0.397,NOMINAL,NORMAL,0,,91,3.8,4385,3126
1781436669.5971332,7,10,3.9575,1.779,0.0485,0.5,NOMINAL,NORMAL,0,,99,3.5,4385,3126
1781436670.0955904,7,10,2.4226,1.314,0.0361,0.393,NOMINAL,NORMAL,0,,99,3.5,4385,3126
1781436670.5966697,7,10,3.9397,1.351,0.0467,0.497,NOMINAL,NORMAL,0,,99,4.5,4425,3126
1781436671.095372,7,10,2.4314,1.34,0.0249,0.267,NOMINAL,NORMAL,0,,99,4.5,4425,3126
1781436671.5977082,7,10,4.233,1.51,0.0456,0.485,NOMINAL,NORMAL,0,,99,3.8,4425,3126
1781436672.0950992,7,10,2.4122,1.106,0.035,0.379,NOMINAL,NORMAL,0,,99,3.8,4425,3126
1781436672.5978475,7,10,4.3214,1.684,0.0381,0.388,NOMINAL,NORMAL,0,,99,4.7,4425,3126
1781436673.095887,7,10,2.8882,1.311,0.0342,0.391,NOMINAL,NORMAL,0,,99,4.7,4425,3126
1781436673.5972576,7,10,4.2262,1.234,0.0337,0.371,NOMINAL,NORMAL,0,,99,3.8,4425,3126
1781436674.0962102,7,10,3.7081,1.065,0.0381,0.385,NOMINAL,NORMAL,0,,99,3.8,4425,3126
1781436674.5966895,7,10,3.6979,1.215,0.0323,0.373,NOMINAL,NORMAL,0,,99,4.2,4465,3126
1781436675.0962436,7,10,3.9434,1.255,0.0373,0.384,NOMINAL,NORMAL,0,,99,4.2,4465,3126
1781436675.596055,7,10,2.8272,1.473,0.0367,0.377,NOMINAL,NORMAL,0,,99,3.8,4465,3126
1781436676.0965798,7,10,3.9753,1.332,0.046,0.507,NOMINAL,NORMAL,0,,99,3.8,4465,3126
1781436676.595603,7,10,2.436,1.477,0.038,0.374,NOMINAL,NORMAL,0,,99,3.7,4465,3126
1781436677.0973656,7,10,3.8901,1.854,0.0488,0.504,NOMINAL,NORMAL,0,,99,3.7,4465,3126
1781436677.5952537,7,10,2.4005,1.292,0.0368,0.387,NOMINAL,NORMAL,0,,99,4.3,4505,3126
1781436678.0963783,7,10,3.8497,1.047,0.0477,0.449,NOMINAL,NORMAL,0,,99,4.3,4505,3126
1781436678.5952344,7,10,2.3831,1.492,0.0564,0.337,NOMINAL,NORMAL,0,,78,4.0,4505,3126
1781436679.097616,7,10,4.163,1.548,0.0489,0.505,NOMINAL,NORMAL,0,,78,4.0,4505,3126
1781436679.5948899,7,10,2.3665,1.142,0.0355,0.364,NOMINAL,NORMAL,0,,88,4.2,4465,3126
1781436680.0983472,7,10,4.2178,1.806,0.0393,0.427,NOMINAL,NORMAL,0,,88,4.2,4465,3126
1781436680.5951805,7,10,2.5793,1.139,0.0365,0.385,NOMINAL,NORMAL,0,,0,4.2,4505,3126
1781436681.09755,7,10,4.2108,1.228,0.0342,0.359,NOMINAL,NORMAL,0,,0,4.2,4505,3126
1781436681.5957153,7,10,3.3763,1.044,0.0345,0.369,NOMINAL,NORMAL,0,,12,4.2,4505,3126
1781436682.096823,7,10,3.7854,1.261,0.0373,0.383,NOMINAL,NORMAL,0,,12,4.2,4505,3126
1781436682.5959468,7,10,3.9276,1.098,0.0359,0.384,NOMINAL,NORMAL,0,,0,3.8,4505,3126
1781436683.0960855,7,10,3.0095,1.3,0.0346,0.383,NOMINAL,NORMAL,0,,0,3.8,4505,3126
1781436683.5963705,7,10,4.0002,1.069,0.0447,0.49,NOMINAL,NORMAL,0,,0,3.7,4505,3126
1781436684.0956283,7,10,2.4485,1.184,0.0357,0.367,NOMINAL,NORMAL,0,,0,3.7,4505,3126
1781436684.5970156,7,10,3.9709,1.468,0.0469,0.482,NOMINAL,NORMAL,0,,0,4.3,4505,3126
1781436685.09555,7,10,2.402,1.32,0.0376,0.393,NOMINAL,NORMAL,0,,0,4.3,4505,3126
1781436685.5964262,7,10,3.8793,1.076,0.044,0.455,NOMINAL,NORMAL,0,,0,4.0,4465,3126
1781436686.0951326,7,10,2.3992,1.313,0.0362,0.392,NOMINAL,NORMAL,0,,0,4.0,4465,3126
1781436686.597288,7,10,4.3092,1.552,0.0506,0.504,NOMINAL,NORMAL,0,,0,4.0,4505,3126
1781436687.0947778,7,10,2.4455,1.056,0.0245,0.299,NOMINAL,NORMAL,0,,0,4.0,4505,3126
1781436687.5979352,7,10,4.2363,1.483,0.0364,0.408,NOMINAL,NORMAL,0,,0,4.0,4465,3126
1781436688.0951579,7,10,2.4557,1.182,0.0364,0.393,NOMINAL,NORMAL,0,,0,4.0,4465,3126
1781436688.5977218,7,10,4.2492,1.327,0.0365,0.392,NOMINAL,NORMAL,0,,0,4.3,4465,3126
1781436689.094947,7,10,2.3141,1.169,0.0361,0.408,NOMINAL,NORMAL,0,,0,4.3,4465,3126
1781436689.5947635,7,10,2.4657,0.896,0.0797,0.427,NOMINAL,NORMAL,0,,0,4.0,4465,3126
1781436690.0957386,7,10,3.8795,1.055,0.0359,0.371,NOMINAL,NORMAL,0,,0,4.0,4465,3126
1781436690.5963256,7,10,3.0357,1.191,0.0383,0.365,NOMINAL,NORMAL,0,,0,3.7,4465,3126
1781436691.096902,7,10,3.9243,1.406,0.0496,0.498,NOMINAL,NORMAL,0,,0,3.7,4465,3126
1781436691.595909,7,10,2.5107,1.303,0.0333,0.372,NOMINAL,NORMAL,0,,0,4.0,4465,3126
1781436692.095487,7,10,2.9789,1.116,0.0349,0.39,NOMINAL,NORMAL,0,,0,4.0,4465,3126
1781436692.5968106,7,10,4.1688,1.371,0.0347,0.384,NOMINAL,NORMAL,0,,0,4.0,4425,3126
1781436693.0968497,7,10,3.9242,1.549,0.0478,0.498,NOMINAL,NORMAL,0,,0,4.0,4425,3126
1781436693.595111,7,10,2.4555,1.221,0.0381,0.367,NOMINAL,NORMAL,0,,0,4.3,4465,3126
1781436694.0972407,7,10,4.1997,1.492,0.0455,0.495,NOMINAL,NORMAL,0,,0,4.3,4465,3126
1781436694.5950131,7,10,2.434,1.001,0.0253,0.263,NOMINAL,NORMAL,0,,0,4.0,4465,3126
1781436695.097679,7,10,4.2425,1.542,0.0492,0.502,NOMINAL,NORMAL,0,,0,4.0,4465,3126
1781436695.5969794,7,10,4.0399,1.58,0.0464,0.497,NOMINAL,NORMAL,0,,0,4.2,4465,3126
1781436696.0976129,7,10,4.3049,1.534,0.0357,0.366,NOMINAL,NORMAL,0,,0,4.2,4465,3126
1781436696.5955956,7,10,3.0521,1.111,0.0354,0.367,NOMINAL,NORMAL,0,,0,4.5,4465,3126
1781436697.0974107,7,10,3.7979,1.503,0.036,0.398,NOMINAL,NORMAL,0,,0,4.5,4465,3126
1781436697.5959532,7,10,3.8898,1.131,0.0351,0.39,NOMINAL,NORMAL,0,,0,4.2,4465,3126
1781436698.0968165,7,10,3.1119,1.502,0.0357,0.416,NOMINAL,NORMAL,0,,0,4.2,4465,3126
1781436698.596591,7,10,3.9997,1.224,0.049,0.49,NOMINAL,NORMAL,0,,0,3.7,4425,3126
1781436699.0957594,7,10,2.5407,1.198,0.0375,0.364,NOMINAL,NORMAL,0,,0,3.7,4425,3126
1781436699.5973003,7,10,3.9218,1.773,0.0424,0.485,NOMINAL,NORMAL,0,,0,4.0,4465,3126
1781436700.0957482,7,10,2.4242,1.473,0.0339,0.394,NOMINAL,NORMAL,0,,0,4.0,4465,3126
1781436700.5968943,7,10,3.9379,1.394,0.0458,0.514,NOMINAL,NORMAL,0,,0,4.3,4425,3126
1781436701.0956905,7,10,2.4316,1.528,0.0349,0.415,NOMINAL,NORMAL,0,,0,4.3,4425,3126
1781436701.5971966,7,10,3.9988,1.578,0.047,0.519,NOMINAL,NORMAL,0,,0,4.2,4425,3126
1781436702.0949137,7,10,2.4264,1.012,0.0237,0.253,NOMINAL,NORMAL,0,,0,4.2,4425,3126
1781436702.5977185,7,10,4.2245,1.54,0.0478,0.501,NOMINAL,NORMAL,0,,0,4.7,4425,3126
1781436703.0947418,7,10,2.4511,0.869,0.0357,0.414,NOMINAL,NORMAL,0,,0,4.7,4425,3126
1781436703.5976858,7,10,4.2697,1.517,0.0363,0.401,NOMINAL,NORMAL,0,,0,3.7,4425,3126
1781436704.094534,7,10,2.3087,0.906,0.0353,0.395,NOMINAL,NORMAL,0,,0,3.7,4425,3126
1781436704.5971565,7,10,4.1337,1.201,0.0365,0.369,NOMINAL,NORMAL,0,,0,4.0,4425,3125
1781436705.095938,7,10,3.8291,0.953,0.0348,0.361,NOMINAL,NORMAL,0,,0,4.0,4425,3125
1781436705.5963664,7,10,3.4083,1.143,0.0349,0.358,NOMINAL,NORMAL,0,,0,3.8,4425,3125
1781436706.0961218,7,10,3.9675,1.02,0.0342,0.41,NOMINAL,NORMAL,0,,0,3.8,4425,3125
1781436706.5959291,7,10,2.6061,1.201,0.0356,0.373,NOMINAL,NORMAL,0,,0,4.0,4425,3125
1781436707.0967963,7,10,3.9557,1.493,0.0478,0.497,NOMINAL,NORMAL,0,,0,4.0,4425,3125
1781436707.5953894,7,10,2.4394,1.23,0.034,0.376,NOMINAL,NORMAL,0,,0,4.0,4425,3125
1781436708.0967433,7,10,3.9673,1.458,0.0484,0.486,NOMINAL,NORMAL,0,,0,4.0,4425,3125
1781436708.595204,7,10,2.4646,1.294,0.0344,0.376,NOMINAL,NORMAL,0,,0,3.7,4425,3125
1781436709.0968282,7,10,4.0397,1.476,0.045,0.494,NOMINAL,NORMAL,0,,0,3.7,4425,3125
1781436709.5949566,7,10,2.4341,1.25,0.0235,0.26,NOMINAL,NORMAL,0,,0,4.2,4385,3125
1781436710.0970223,7,10,3.9434,1.478,0.0457,0.507,NOMINAL,NORMAL,0,,0,4.2,4385,3125
1781436710.5973322,7,10,4.2743,1.494,0.0463,0.498,NOMINAL,NORMAL,0,,0,3.7,4425,3125
1781436711.097617,7,10,4.247,1.577,0.0348,0.401,NOMINAL,NORMAL,0,,0,3.7,4425,3125
1781436711.5952845,7,10,2.8897,1.046,0.0348,0.379,NOMINAL,NORMAL,0,,0,4.3,4425,3125
1781436712.096639,7,10,4.0113,1.392,0.0361,0.388,NOMINAL,NORMAL,0,,0,4.3,4425,3125
1781436712.5959222,7,10,3.6819,1.103,0.0357,0.38,NOMINAL,NORMAL,0,,0,3.8,4385,3125
1781436713.0966222,7,10,3.5539,1.236,0.0357,0.381,NOMINAL,NORMAL,0,,0,3.8,4385,3125
1781436713.5961545,7,10,3.9573,1.054,0.0363,0.388,NOMINAL,NORMAL,0,,0,3.8,4425,3125
1781436714.095961,7,10,2.7263,1.188,0.0363,0.366,NOMINAL,NORMAL,0,,0,3.8,4425,3125
1781436714.5959828,7,10,3.8828,1.0,0.0357,0.367,NOMINAL,NORMAL,0,,0,4.0,4385,3125
1781436715.0954149,7,10,2.4926,1.242,0.0366,0.409,NOMINAL,NORMAL,0,,0,4.0,4385,3125
1781436715.5960572,7,10,3.8718,1.078,0.0362,0.389,NOMINAL,NORMAL,0,,15,4.0,4385,3125
1781436716.095346,7,10,2.4503,1.371,0.0371,0.418,NOMINAL,NORMAL,0,,15,4.0,4385,3125
1781436716.5956695,7,10,3.8211,1.035,0.0355,0.377,NOMINAL,NORMAL,0,,0,3.8,4385,3125
1781436717.0951126,7,10,2.4335,1.156,0.0242,0.302,NOMINAL,NORMAL,0,,0,3.8,4385,3125
1781436717.597616,7,10,4.3219,1.555,0.0485,0.524,NOMINAL,NORMAL,0,,0,4.0,4385,3125
1781436718.0945585,7,10,2.4535,0.791,0.0249,0.312,NOMINAL,NORMAL,0,,0,4.0,4385,3125
1781436718.597687,7,10,4.2858,1.589,0.0381,0.418,NOMINAL,NORMAL,0,,0,4.3,4385,3125
1781436719.094836,7,10,2.3914,0.953,0.0388,0.44,NOMINAL,NORMAL,0,,0,4.3,4385,3125
1781436719.5972672,7,10,4.2349,1.242,0.0328,0.368,NOMINAL,NORMAL,0,,0,4.7,4385,3125
1781436720.0959103,7,10,3.5092,1.096,0.036,0.386,NOMINAL,NORMAL,0,,0,4.7,4385,3125
1781436720.5966926,7,10,3.7015,1.2,0.0346,0.382,NOMINAL,NORMAL,0,,0,4.7,4385,3125
1781436721.0947502,7,10,2.4441,1.036,0.0251,0.285,NOMINAL,NORMAL,0,,0,4.7,4385,3125
1781436721.5958774,7,10,2.9573,1.195,0.0338,0.37,NOMINAL,NORMAL,0,,0,4.5,4425,3125
1781436722.0957937,7,10,3.8929,1.073,0.0371,0.379,NOMINAL,NORMAL,0,,0,4.5,4425,3125
1781436722.5953646,7,10,2.4602,1.199,0.0355,0.361,NOMINAL,NORMAL,0,,0,3.7,4346,3125
1781436723.096963,7,10,3.9382,1.463,0.0479,0.5,NOMINAL,NORMAL,0,,0,3.7,4346,3125
1781436723.5954194,7,10,2.4126,1.242,0.0348,0.373,NOMINAL,NORMAL,0,,0,4.2,4385,3125
1781436724.0965474,7,10,4.006,1.168,0.0473,0.51,NOMINAL,NORMAL,0,,0,4.2,4385,3125
1781436724.595066,7,10,2.3981,1.245,0.0367,0.39,NOMINAL,NORMAL,0,,0,4.5,4385,3125
1781436725.0978,7,10,4.3606,1.489,0.0515,0.508,NOMINAL,NORMAL,0,,0,4.5,4385,3125
1781436725.596648,7,10,3.8699,1.445,0.0471,0.482,NOMINAL,NORMAL,0,,0,3.7,4346,3125
1781436726.096142,7,10,3.9285,1.023,0.0359,0.375,NOMINAL,NORMAL,0,,0,3.7,4346,3125
1781436726.5949764,7,10,2.536,1.065,0.0365,0.384,NOMINAL,NORMAL,0,,0,3.8,4346,3125
1781436727.0977218,7,10,4.3085,1.555,0.0411,0.401,NOMINAL,NORMAL,0,,0,3.8,4346,3125
1781436727.594364,7,10,2.1291,0.942,0.0341,0.379,NOMINAL,NORMAL,0,,0,4.3,4346,3125
1781436728.096865,7,10,3.842,1.228,0.0332,0.39,NOMINAL,NORMAL,0,,0,4.3,4346,3125
1781436728.596399,7,10,3.9096,1.17,0.0463,0.48,NOMINAL,NORMAL,0,,0,4.0,4346,3125
1781436729.0960162,7,10,3.09,1.188,0.0339,0.368,NOMINAL,NORMAL,0,,0,4.0,4346,3125
1781436729.595723,7,10,3.8592,1.031,0.0354,0.374,NOMINAL,NORMAL,0,,0,4.3,4346,3125
1781436730.095808,7,10,3.168,1.139,0.0381,0.406,NOMINAL,NORMAL,0,,0,4.3,4346,3125
1781436730.5968244,7,10,4.0359,1.449,0.0471,0.495,NOMINAL,NORMAL,0,,0,4.5,4385,3125
1781436731.0953982,7,10,2.4466,1.217,0.0337,0.53,NOMINAL,NORMAL,0,,0,4.5,4385,3125
1781436731.5966268,7,10,3.9348,1.398,0.045,0.481,NOMINAL,NORMAL,0,,0,4.0,4346,3125
1781436732.0952804,7,10,2.4182,1.226,0.0357,0.369,NOMINAL,NORMAL,0,,0,4.0,4346,3125
1781436732.596765,7,10,3.977,1.451,0.0433,0.48,NOMINAL,NORMAL,0,,0,4.5,4353,3125
1781436733.0944955,7,10,2.4217,0.828,0.024,0.269,NOMINAL,NORMAL,0,,0,4.5,4353,3125
1781436733.5978496,7,10,4.2453,1.509,0.046,0.639,NOMINAL,NORMAL,0,,0,4.0,4346,3125
1781436734.0961308,7,10,4.0312,1.058,0.0358,0.377,NOMINAL,NORMAL,0,,0,4.0,4346,3125
1781436734.5951607,7,10,2.4229,1.19,0.035,0.368,NOMINAL,NORMAL,0,,0,4.0,4353,3125
1781436735.094811,7,10,2.3836,1.067,0.0366,0.417,NOMINAL,NORMAL,0,,0,4.0,4353,3125
1781436735.5951624,7,10,2.4399,1.285,0.0334,0.398,NOMINAL,NORMAL,0,,0,4.0,4385,3125
1781436736.0958405,7,10,3.4927,1.106,0.0362,0.393,NOMINAL,NORMAL,0,,0,4.0,4385,3125
1781436736.595237,7,10,2.4301,1.263,0.0235,0.276,NOMINAL,NORMAL,0,,0,4.2,4385,3125
1781436737.0958118,7,10,3.9138,1.074,0.034,0.391,NOMINAL,NORMAL,0,,0,4.2,4385,3125
1781436737.595426,7,10,2.4366,1.271,0.0354,0.397,NOMINAL,NORMAL,0,,0,4.2,4385,3125
1781436738.0967667,7,10,3.9534,1.493,0.0501,0.508,NOMINAL,NORMAL,0,,0,4.5,4346,3125
1781436738.5953488,7,10,2.4813,1.179,0.037,0.489,NOMINAL,NORMAL,0,,0,4.5,4346,3125
1781436739.09626,7,10,3.7514,1.292,0.0347,0.385,NOMINAL,NORMAL,0,,0,4.0,4385,3125
1781436739.59507,7,10,2.4375,1.236,0.0334,0.389,NOMINAL,NORMAL,0,,0,4.0,4385,3125
1781436740.097763,7,10,4.3828,1.482,0.0469,0.498,NOMINAL,NORMAL,0,,0,3.8,4346,3125
1781436740.5948408,7,10,2.453,1.159,0.0244,0.276,NOMINAL,NORMAL,0,,0,3.8,4346,3125
1781436741.0980535,7,10,4.2818,1.473,0.0504,0.626,NOMINAL,NORMAL,0,,0,4.7,4385,3125
1781436741.5947213,7,10,2.4323,0.941,0.0376,0.416,NOMINAL,NORMAL,0,,0,4.7,4385,3125
1781436742.0978014,7,10,4.1795,1.513,0.0358,0.437,NOMINAL,NORMAL,0,,0,3.8,4385,3125
1781436742.5946558,7,10,2.2706,0.988,0.038,0.436,NOMINAL,NORMAL,0,,0,3.8,4385,3125
1781436743.0952773,7,10,2.42,1.328,0.0373,0.553,NOMINAL,NORMAL,0,,0,4.5,4385,3125
1781436743.5958624,7,10,3.7571,1.104,0.0379,0.377,NOMINAL,NORMAL,0,,0,4.5,4385,3125
1781436744.0966432,7,10,3.3264,1.515,0.0361,0.409,NOMINAL,NORMAL,0,,0,4.3,4385,3125
1781436744.596784,7,10,3.953,1.294,0.0471,0.495,NOMINAL,NORMAL,0,,0,4.3,4385,3125
1781436745.0958242,7,10,2.5303,1.232,0.0345,0.393,NOMINAL,NORMAL,0,,0,4.3,4385,3125
1781436745.597376,7,10,3.9439,1.86,0.0493,0.522,NOMINAL,NORMAL,0,,0,4.3,4385,3125
1781436746.0947158,7,10,2.4704,0.818,0.0242,0.38,NOMINAL,NORMAL,0,,57,4.0,4385,3125
1781436746.5968854,7,10,4.0506,1.504,0.0485,0.52,NOMINAL,NORMAL,0,,57,4.0,4385,3125
1781436747.0950735,7,10,2.4698,1.218,0.036,0.38,NOMINAL,NORMAL,0,,46,4.5,4385,3125
1781436747.5967689,7,10,3.9259,1.508,0.049,0.507,NOMINAL,NORMAL,0,,46,4.5,4385,3125
1781436748.096874,7,10,3.9914,1.535,0.0477,0.514,NOMINAL,NORMAL,0,,99,4.5,4385,3125
1781436748.5976338,7,10,4.229,1.556,0.0491,0.532,NOMINAL,NORMAL,0,,99,4.5,4385,3125
1781436749.0948994,7,10,2.4489,1.007,0.0369,0.432,NOMINAL,NORMAL,0,,99,4.3,4385,3124
1781436749.597729,7,10,4.2315,1.746,0.0358,0.396,NOMINAL,NORMAL,0,,99,4.3,4385,3124
1781436750.0948117,7,10,2.3176,1.111,0.036,0.415,NOMINAL,NORMAL,0,,99,4.0,4425,3124
1781436750.5971494,7,10,4.1437,1.252,0.0395,0.39,NOMINAL,NORMAL,0,,99,4.0,4425,3124
1781436751.095171,7,10,2.4146,1.2,0.0235,0.269,NOMINAL,NORMAL,0,,99,4.3,4425,3124
1781436751.5964882,7,10,3.3976,1.27,0.0357,0.393,NOMINAL,NORMAL,0,,99,4.3,4425,3124
1781436752.0962427,7,10,3.7551,1.325,0.0367,0.397,NOMINAL,NORMAL,0,,99,4.3,4425,3124
1781436752.5958257,7,10,2.7583,1.276,0.0362,0.397,NOMINAL,NORMAL,0,,99,4.3,4425,3124
1781436753.0959518,7,10,3.8333,1.035,0.0355,0.381,NOMINAL,NORMAL,0,,99,3.8,4465,3124
1781436753.5952966,7,10,2.4231,1.229,0.0327,0.397,NOMINAL,NORMAL,0,,99,3.8,4465,3124
1781436754.0967674,7,10,3.9015,1.514,0.0456,0.523,NOMINAL,NORMAL,0,,82,3.8,4505,3124
1781436754.5950556,7,10,2.3992,1.301,0.0315,0.369,NOMINAL,NORMAL,0,,82,3.8,4505,3124
1781436755.0956948,7,10,3.8338,1.071,0.036,0.379,NOMINAL,NORMAL,0,,99,4.0,4465,3124
1781436755.5947819,7,10,2.4015,1.132,0.0306,0.345,NOMINAL,NORMAL,0,,99,4.0,4465,3124
1781436756.0973113,7,10,4.2426,1.46,0.0456,0.492,NOMINAL,NORMAL,0,,99,3.8,4465,3124
1781436756.594495,7,10,2.439,0.775,0.025,0.312,NOMINAL,NORMAL,0,,99,3.8,4465,3124
1781436757.0979462,7,10,4.2333,1.557,0.0364,0.394,NOMINAL,NORMAL,0,,64,4.7,4465,3124
1781436757.5948563,7,10,2.4658,0.993,0.0364,0.423,NOMINAL,NORMAL,0,,64,4.7,4465,3124
1781436758.0974185,7,10,4.0745,1.246,0.0341,0.376,NOMINAL,NORMAL,0,,96,4.8,4505,3124
1781436758.5956535,7,10,3.5092,1.034,0.0347,0.375,NOMINAL,NORMAL,0,,96,4.8,4505,3124
1781436759.09664,7,10,3.403,1.178,0.0343,0.373,NOMINAL,NORMAL,0,,11,3.3,4465,3124
1781436759.5960178,7,10,3.8948,1.016,0.0351,0.375,NOMINAL,NORMAL,0,,11,3.3,4465,3124
1781436760.0958319,7,10,2.8424,1.236,0.0355,0.388,NOMINAL,NORMAL,0,,14,3.8,4505,3124
1781436760.595745,7,10,3.8862,1.051,0.0347,0.378,NOMINAL,NORMAL,0,,14,3.8,4505,3124
1781436761.0955458,7,10,2.4585,1.163,0.0351,0.366,NOMINAL,NORMAL,0,,0,3.7,4505,3124
1781436761.596725,7,10,3.9646,1.42,0.0437,0.489,NOMINAL,NORMAL,0,,0,3.7,4505,3124
1781436762.0954225,7,10,2.4207,1.275,0.0355,0.377,NOMINAL,NORMAL,0,,16,3.7,4465,3124
1781436762.59571,7,10,3.7899,1.063,0.0375,0.395,NOMINAL,NORMAL,0,,16,3.7,4465,3124
1781436763.0952463,7,10,2.4499,1.235,0.0231,0.302,NOMINAL,NORMAL,0,,0,3.5,4465,3124
1781436763.597227,7,10,4.2906,1.436,0.0461,0.494,NOMINAL,NORMAL,0,,0,3.5,4465,3124
1781436764.0949495,7,10,2.4389,0.825,0.0346,0.373,NOMINAL,NORMAL,0,,0,4.7,4465,3124
1781436764.597637,7,10,4.2514,1.556,0.0402,0.415,NOMINAL,NORMAL,0,,0,4.7,4465,3124
1781436765.0949476,7,10,2.356,0.973,0.0354,0.379,NOMINAL,NORMAL,0,,7,4.7,4505,3124
1781436765.597203,7,10,4.3075,1.155,0.036,0.362,NOMINAL,NORMAL,0,,7,4.7,4505,3124
1781436766.0961547,7,10,3.6816,1.053,0.0341,0.383,NOMINAL,NORMAL,0,,0,3.5,4465,3124
1781436766.5966558,7,10,3.771,1.166,0.0339,0.375,NOMINAL,NORMAL,0,,0,3.5,4465,3124
1781436767.0960062,7,10,3.9451,1.066,0.0364,0.386,NOMINAL,NORMAL,0,,0,4.0,4465,3124
1781436767.5959284,7,10,2.933,1.201,0.0368,0.382,NOMINAL,NORMAL,0,,0,4.0,4465,3124
1781436768.0957916,7,10,3.8809,1.083,0.0369,0.381,NOMINAL,NORMAL,0,,0,4.7,4505,3124
1781436768.5953765,7,10,2.501,1.179,0.0345,0.365,NOMINAL,NORMAL,0,,0,4.7,4505,3124
1781436769.0971203,7,10,3.9423,1.569,0.0466,0.507,NOMINAL,NORMAL,0,,0,4.0,4505,3124
1781436769.595268,7,10,2.4034,1.328,0.0376,0.402,NOMINAL,NORMAL,0,,0,4.0,4505,3124
1781436770.0968053,7,10,3.962,1.506,0.0502,0.509,NOMINAL,NORMAL,0,,0,4.5,4465,3124
1781436770.594989,7,10,2.4251,1.201,0.0363,0.38,NOMINAL,NORMAL,0,,0,4.5,4465,3124
1781436771.095801,7,10,3.3174,1.098,0.0369,0.387,NOMINAL,NORMAL,0,,0,3.5,4465,3124
1781436771.594763,7,10,2.4258,0.766,0.0237,0.293,NOMINAL,NORMAL,0,,0,3.5,4465,3124
1781436772.0978036,7,10,4.2455,1.505,0.0405,0.587,NOMINAL,NORMAL,0,,0,4.2,4465,3124
1781436772.5948477,7,10,2.4143,0.967,0.0383,0.426,NOMINAL,NORMAL,0,,0,4.2,4465,3124
1781436773.097451,7,10,4.3361,1.274,0.0353,0.389,NOMINAL,NORMAL,0,,0,4.2,4465,3124
1781436773.5957148,7,10,3.2657,1.083,0.0355,0.383,NOMINAL,NORMAL,0,,0,4.2,4465,3124
1781436774.09685,7,10,3.8447,1.213,0.0341,0.371,NOMINAL,NORMAL,0,,0,3.8,4465,3124
1781436774.595812,7,10,3.9377,1.063,0.0369,0.379,NOMINAL,NORMAL,0,,0,3.8,4465,3124
1781436775.096275,7,10,2.9528,1.219,0.0373,0.417,NOMINAL,NORMAL,0,,0,4.0,4425,3124
1781436775.5966926,7,10,4.013,1.297,0.0482,0.517,NOMINAL,NORMAL,0,,0,4.0,4425,3124
1781436776.0956597,7,10,2.4775,1.189,0.0346,0.376,NOMINAL,NORMAL,0,,0,4.2,4465,3124
1781436776.5971332,7,10,3.9978,1.536,0.0465,0.498,NOMINAL,NORMAL,0,,0,4.2,4465,3124
1781436777.095389,7,10,2.4576,1.235,0.0329,0.488,NOMINAL,NORMAL,0,,0,3.3,4465,3124
1781436777.5970862,7,10,3.9472,1.524,0.0478,0.5,NOMINAL,NORMAL,0,,0,3.3,4465,3124
1781436778.0950646,7,10,2.4277,1.234,0.0361,0.375,NOMINAL,NORMAL,0,,0,4.7,4425,3124
1781436778.5959032,7,10,3.8234,1.087,0.0346,0.378,NOMINAL,NORMAL,0,,0,4.7,4425,3124
1781436779.0948124,7,10,2.4212,0.86,0.0238,0.264,NOMINAL,NORMAL,0,,0,3.8,4465,3124
1781436779.596035,7,10,3.9017,1.045,0.0345,0.378,NOMINAL,NORMAL,0,,0,3.8,4465,3124
1781436780.094964,7,10,2.4542,1.078,0.0359,0.382,NOMINAL,NORMAL,0,,0,4.3,4425,3124
1781436780.5976067,7,10,4.2187,1.214,0.0362,0.37,NOMINAL,NORMAL,0,,0,4.3,4425,3124
1781436781.0956492,7,10,3.1534,1.055,0.0338,0.369,NOMINAL,NORMAL,0,,0,4.0,4425,3124
1781436781.597003,7,10,4.0207,1.206,0.0362,0.374,NOMINAL,NORMAL,0,,0,4.0,4425,3124
1781436782.096101,7,10,3.9202,1.041,0.0329,0.377,NOMINAL,NORMAL,0,,0,3.8,4425,3124
1781436782.5962594,7,10,3.2168,1.209,0.0354,0.38,NOMINAL,NORMAL,0,,0,3.8,4425,3124
1781436783.0965254,7,10,3.9703,1.242,0.0468,0.484,NOMINAL,NORMAL,0,,0,4.0,4465,3124
1781436783.595575,7,10,2.5957,1.205,0.0331,0.367,NOMINAL,NORMAL,0,,0,4.0,4465,3124
1781436784.0970926,7,10,3.9379,1.584,0.0482,0.505,NOMINAL,NORMAL,0,,0,4.2,4425,3124
1781436784.5953467,7,10,2.4606,1.256,0.0372,0.387,NOMINAL,NORMAL,0,,0,4.2,4425,3124
1781436785.0967674,7,10,3.9581,1.487,0.0458,0.504,NOMINAL,NORMAL,0,,0,4.3,4425,3124
1781436785.595407,7,10,2.4354,1.281,0.0363,0.398,NOMINAL,NORMAL,0,,0,4.3,4425,3124
1781436786.0969708,7,10,3.9459,1.469,0.0455,0.483,NOMINAL,NORMAL,0,,0,3.8,4425,3124
1781436786.5949125,7,10,2.4173,0.955,0.0237,0.269,NOMINAL,NORMAL,0,,0,3.8,4425,3124
1781436787.097728,7,10,4.3259,1.495,0.0488,0.512,NOMINAL,NORMAL,0,,0,4.2,4385,3124
1781436787.5950272,7,10,2.4674,1.073,0.0378,0.402,NOMINAL,NORMAL,0,,0,4.2,4385,3124
1781436788.0976157,7,10,4.2161,1.319,0.0366,0.396,NOMINAL,NORMAL,0,,0,4.3,4385,3124
1781436788.5946233,7,10,2.2075,0.949,0.0379,0.432,NOMINAL,NORMAL,0,,0,4.3,4385,3124
1781436789.0971463,7,10,3.93,1.162,0.0367,0.374,NOMINAL,NORMAL,0,,0,3.7,4385,3124
1781436789.595847,7,10,3.8242,1.06,0.0358,0.381,NOMINAL,NORMAL,0,,0,3.7,4385,3124
1781436790.0966122,7,10,3.1713,1.263,0.0353,0.401,NOMINAL,NORMAL,0,,0,4.3,4425,3124
1781436790.5968766,7,10,4.0042,1.464,0.0494,0.511,NOMINAL,NORMAL,0,,0,4.3,4425,3124
1781436791.0957456,7,10,2.5613,1.176,0.036,0.375,NOMINAL,NORMAL,0,,0,4.7,4425,3124
1781436791.59548,7,10,2.8994,1.115,0.036,0.383,NOMINAL,NORMAL,0,,0,4.7,4425,3124
1781436792.0953252,7,10,2.4654,1.207,0.0352,0.377,NOMINAL,NORMAL,0,,0,4.2,4385,3124
1781436792.5961285,7,10,3.9721,1.047,0.0367,0.378,NOMINAL,NORMAL,0,,0,4.2,4385,3124
1781436793.095266,7,10,2.4114,1.204,0.0324,0.363,NOMINAL,NORMAL,0,,0,4.3,4425,3124
1781436793.5977433,7,10,4.3152,1.481,0.0487,0.506,NOMINAL,NORMAL,0,,0,4.3,4425,3124
1781436794.0949032,7,10,2.4146,1.061,0.0231,0.262,NOMINAL,NORMAL,0,,0,4.0,4385,3124
1781436794.5975316,7,10,4.3649,1.44,0.0484,0.496,NOMINAL,NORMAL,0,,0,4.0,4385,3124
1781436795.0946224,7,10,2.4353,0.826,0.035,0.424,NOMINAL,NORMAL,0,,0,4.3,4425,3124
1781436795.5974915,7,10,4.284,1.376,0.0376,0.388,NOMINAL,NORMAL,0,,0,4.3,4425,3124
1781436796.0954185,7,10,2.9997,1.066,0.0358,0.373,NOMINAL,NORMAL,0,,0,3.8,4385,3124
1781436796.5949984,7,10,2.4613,1.204,0.0331,0.389,NOMINAL,NORMAL,0,,0,3.8,4385,3124
1781436797.096168,7,10,3.863,1.079,0.0345,0.379,NOMINAL,NORMAL,0,,0,4.7,4385,3124
1781436797.5966682,7,10,3.2953,1.219,0.0341,0.398,NOMINAL,NORMAL,0,,0,4.7,4385,3124
1781436798.09625,7,10,3.9681,1.012,0.0465,0.457,NOMINAL,NORMAL,0,,0,4.5,4385,3124
1781436798.595623,7,10,2.7097,1.144,0.0341,0.358,NOMINAL,NORMAL,0,,0,4.5,4385,3124
1781436799.096698,7,10,3.9145,1.45,0.044,0.48,NOMINAL,NORMAL,0,,14,3.5,4385,3124
1781436799.5949078,7,10,2.4201,1.227,0.0227,0.259,NOMINAL,NORMAL,0,,14,3.5,4385,3124
1781436800.0973623,7,10,3.9983,1.781,0.0453,0.502,NOMINAL,NORMAL,0,,0,4.7,4346,3124
1781436800.595108,7,10,2.4577,1.25,0.0343,0.38,NOMINAL,NORMAL,0,,0,4.7,4346,3124
1781436801.0967999,7,10,3.9704,1.495,0.0499,0.496,NOMINAL,NORMAL,0,,0,4.3,4385,3124
1781436801.5949395,7,10,2.4196,1.172,0.0331,0.376,NOMINAL,NORMAL,0,,0,4.3,4385,3124
1781436802.0978024,7,10,4.2785,1.482,0.0459,0.501,NOMINAL,NORMAL,0,,34,3.8,4385,3124
1781436802.595961,7,10,3.651,1.11,0.0363,0.381,NOMINAL,NORMAL,0,,34,3.8,4385,3124
1781436803.097564,7,10,4.2599,1.452,0.0388,0.431,NOMINAL,NORMAL,0,,0,4.7,4346,3124
1781436803.5956726,7,10,3.0373,1.04,0.0355,0.37,NOMINAL,NORMAL,0,,0,4.7,4346,3124
1781436804.0973945,7,10,4.1153,1.2,0.0359,0.367,NOMINAL,NORMAL,0,,0,4.0,4385,3124
1781436804.5959938,7,10,3.7379,0.98,0.0341,0.365,NOMINAL,NORMAL,0,,0,4.0,4385,3124
1781436805.0965683,7,10,3.587,1.166,0.0332,0.367,NOMINAL,NORMAL,0,,0,3.8,4385,3124
1781436805.5960972,7,10,3.918,0.974,0.0355,0.366,NOMINAL,NORMAL,0,,0,3.8,4385,3124
1781436806.0958147,7,10,2.722,1.142,0.0328,0.374,NOMINAL,NORMAL,0,,0,3.5,4385,3124
1781436806.596747,7,10,3.9808,1.434,0.0479,0.493,NOMINAL,NORMAL,0,,0,3.5,4385,3124
1781436807.0956023,7,10,2.4525,1.184,0.0316,0.364,NOMINAL,NORMAL,0,,0,4.0,4385,3124
1781436807.5968137,7,10,4.0188,1.457,0.047,0.489,NOMINAL,NORMAL,0,,0,4.0,4385,3124
1781436808.0951686,7,10,2.4302,1.233,0.0341,0.385,NOMINAL,NORMAL,0,,36,3.8,4385,3124
1781436808.5966585,7,10,4.0074,1.387,0.0421,0.476,NOMINAL,NORMAL,0,,36,3.8,4385,3124
1781436809.095349,7,10,2.4533,1.242,0.0239,0.264,NOMINAL,NORMAL,0,,0,4.0,4425,3123
1781436809.597254,7,10,4.3581,1.442,0.0485,0.515,NOMINAL,NORMAL,0,,0,4.0,4425,3123
1781436810.0944488,7,10,2.4497,0.743,0.0241,0.254,NOMINAL,NORMAL,0,,0,4.5,4385,3123
1781436810.5977013,7,10,4.2463,1.354,0.0405,0.387,NOMINAL,NORMAL,0,,0,4.5,4385,3123
1781436811.0956395,7,10,2.8598,1.064,0.0354,0.372,NOMINAL,NORMAL,0,,11,4.2,4385,3123
1781436811.5973809,7,10,4.1872,1.215,0.0314,0.374,NOMINAL,NORMAL,0,,11,4.2,4385,3123
1781436812.0958447,7,10,3.4845,1.083,0.0351,0.38,NOMINAL,NORMAL,0,,0,3.8,4353,3123
1781436812.5964222,7,10,3.9704,1.23,0.0348,0.401,NOMINAL,NORMAL,0,,0,3.8,4353,3123
1781436813.0961058,7,10,3.9892,1.05,0.0364,0.381,NOMINAL,NORMAL,0,,0,4.5,4385,3123
1781436813.595868,7,10,3.0024,1.13,0.033,0.369,NOMINAL,NORMAL,0,,0,4.5,4385,3123
1781436814.0969388,7,10,4.0806,1.485,0.0449,0.492,NOMINAL,NORMAL,0,,10,3.8,4385,3123
1781436814.5953007,7,10,2.5449,1.186,0.0329,0.367,NOMINAL,NORMAL,0,,10,3.8,4385,3123
1781436815.0967724,7,10,3.9552,1.479,0.0433,0.501,NOMINAL,NORMAL,0,,0,4.2,4385,3123
1781436815.5950575,7,10,2.4144,1.211,0.0332,0.376,NOMINAL,NORMAL,0,,0,4.2,4385,3123
1781436816.096825,7,10,4.0476,1.458,0.0452,0.491,NOMINAL,NORMAL,0,,0,4.2,4346,3123
1781436816.5952346,7,10,2.4219,1.203,0.035,0.377,NOMINAL,NORMAL,0,,0,4.2,4346,3123
1781436817.0963855,7,10,3.8883,1.274,0.0341,0.396,NOMINAL,NORMAL,0,,0,4.2,4346,3123
1781436817.5945044,7,10,2.4584,0.846,0.0236,0.262,NOMINAL,NORMAL,0,,0,4.2,4385,3123
1781436818.0977626,7,10,4.2632,1.45,0.0402,0.432,NOMINAL,NORMAL,0,,0,4.2,4385,3123
1781436818.594899,7,10,2.3955,0.918,0.0365,0.434,NOMINAL,NORMAL,0,,0,4.5,4346,3123
1781436819.097256,7,10,4.227,1.271,0.0345,0.391,NOMINAL,NORMAL,0,,0,4.5,4346,3123
1781436819.5960302,7,10,3.4506,1.029,0.0378,0.375,NOMINAL,NORMAL,0,,0,4.0,4385,3123
1781436820.0971112,7,10,3.8508,1.493,0.0361,0.394,NOMINAL,NORMAL,0,,0,4.0,4385,3123
1781436820.5958543,7,10,3.9275,1.08,0.0349,0.382,NOMINAL,NORMAL,0,,0,4.2,4385,3123
1781436821.096188,7,10,3.0946,1.219,0.0365,0.521,NOMINAL,NORMAL,0,,0,4.2,4385,3123
1781436821.5957847,7,10,3.8758,1.075,0.035,0.385,NOMINAL,NORMAL,0,,0,3.7,4392,3123
1781436822.0956063,7,10,2.546,1.235,0.0351,0.391,NOMINAL,NORMAL,0,,0,3.7,4392,3123
1781436822.5967777,7,10,3.9704,1.482,0.0487,0.497,NOMINAL,NORMAL,0,,0,4.5,4385,3123
1781436823.0956433,7,10,2.495,1.536,0.0357,0.394,NOMINAL,NORMAL,0,,0,4.5,4385,3123
1781436823.5967963,7,10,4.016,1.463,0.0507,0.509,NOMINAL,NORMAL,0,,0,4.7,4385,3123
1781436824.0949857,7,10,2.4563,1.185,0.0346,0.384,NOMINAL,NORMAL,0,,0,4.7,4385,3123
1781436824.597423,7,10,4.3019,1.448,0.0466,0.499,NOMINAL,NORMAL,0,,38,3.8,4346,3123
1781436825.0948384,7,10,2.4437,0.94,0.0242,0.258,NOMINAL,NORMAL,0,,38,3.8,4346,3123
1781436825.597942,7,10,4.3414,1.408,0.0469,0.436,NOMINAL,NORMAL,0,,25,4.0,4385,3123
1781436826.0948021,7,10,2.4747,0.988,0.0813,0.431,NOMINAL,NORMAL,0,,25,4.0,4385,3123
1781436826.5980134,7,10,4.2994,1.562,0.034,0.428,NOMINAL,NORMAL,0,,99,4.3,4385,3123
1781436827.0947587,7,10,2.4359,1.088,0.025,0.294,NOMINAL,NORMAL,0,,99,4.3,4385,3123
1781436827.5968742,7,10,3.9302,1.177,0.0342,0.377,NOMINAL,NORMAL,0,,99,4.2,4425,3123
1781436828.0963917,7,10,4.0015,1.281,0.0374,0.39,NOMINAL,NORMAL,0,,99,4.2,4425,3123
1781436828.5962846,7,10,3.1066,1.155,0.0333,0.371,NOMINAL,NORMAL,0,,99,4.3,4385,3123
1781436829.0963025,7,10,3.9591,1.286,0.0354,0.392,NOMINAL,NORMAL,0,,99,4.3,4385,3123
1781436829.5954962,7,10,2.618,1.204,0.0346,0.375,NOMINAL,NORMAL,0,,99,4.2,4425,3123
1781436830.0966465,7,10,3.9527,1.428,0.0474,0.504,NOMINAL,NORMAL,0,,99,4.2,4425,3123
1781436830.5951667,7,10,2.4612,1.203,0.0353,0.39,NOMINAL,NORMAL,0,,99,3.8,4425,3124
1781436831.0967255,7,10,3.9779,1.476,0.0491,0.491,NOMINAL,NORMAL,0,,99,3.8,4425,3124
1781436831.595072,7,10,2.4524,1.226,0.0337,0.382,NOMINAL,NORMAL,0,,99,4.5,4465,3124
1781436832.0969248,7,10,4.0997,1.503,0.0468,0.51,NOMINAL,NORMAL,0,,99,4.5,4465,3124
1781436832.594756,7,10,2.4823,1.02,0.0239,0.298,NOMINAL,NORMAL,0,,99,3.8,4425,3124
1781436833.0978563,7,10,4.2336,1.483,0.0477,0.499,NOMINAL,NORMAL,0,,99,3.8,4425,3124
1781436833.5947466,7,10,2.4243,0.918,0.0366,0.45,NOMINAL,NORMAL,0,,99,4.2,4465,3124
1781436834.0981033,7,10,4.3592,1.571,0.0348,0.391,NOMINAL,NORMAL,0,,99,4.2,4465,3124
1781436834.5951128,7,10,2.1881,1.261,0.036,0.395,NOMINAL,NORMAL,0,,99,4.5,4465,3124
1781436835.0972383,7,10,4.0009,1.222,0.0357,0.375,NOMINAL,NORMAL,0,,99,4.5,4465,3124
1781436835.5963495,7,10,3.9341,1.267,0.0383,0.381,NOMINAL,NORMAL,0,,99,4.0,4465,3124
1781436836.096418,7,10,3.2707,1.177,0.0345,0.369,NOMINAL,NORMAL,0,,99,4.0,4465,3124
1781436836.596558,7,10,3.9885,1.164,0.0503,0.51,NOMINAL,NORMAL,0,,38,3.5,4505,3124
1781436837.096086,7,10,2.5978,1.473,0.0357,0.397,NOMINAL,NORMAL,0,,38,3.5,4505,3124
1781436837.5960684,7,10,3.8754,1.328,0.0362,0.381,NOMINAL,NORMAL,0,,7,4.3,4505,3124
1781436838.0953953,7,10,2.4727,1.279,0.034,0.383,NOMINAL,NORMAL,0,,7,4.3,4505,3124
1781436838.5969083,7,10,4.0329,1.515,0.0474,0.497,NOMINAL,NORMAL,0,,7,4.2,4505,3124
1781436839.0952897,7,10,2.4172,1.22,0.0375,0.39,NOMINAL,NORMAL,0,,7,4.2,4505,3124
1781436839.5970788,7,10,4.0436,1.467,0.0461,0.504,NOMINAL,NORMAL,0,,0,4.3,4505,3124
1781436840.0949345,7,10,2.452,1.191,0.0245,0.269,NOMINAL,NORMAL,0,,0,4.3,4505,3124
1781436840.597633,7,10,4.3991,1.499,0.0488,0.498,NOMINAL,NORMAL,0,,0,4.3,4505,3124
1781436841.0948336,7,10,2.4914,0.896,0.0387,0.438,NOMINAL,NORMAL,0,,0,4.3,4505,3124
1781436841.5974524,7,10,4.3262,1.403,0.0371,0.401,NOMINAL,NORMAL,0,,0,4.5,4505,3124
1781436842.094699,7,10,2.3912,0.956,0.0359,0.441,NOMINAL,NORMAL,0,,0,4.5,4505,3124
1781436842.597201,7,10,4.178,1.247,0.0369,0.383,NOMINAL,NORMAL,0,,0,3.7,4465,3124
1781436843.0957255,7,10,3.3295,1.066,0.0367,0.374,NOMINAL,NORMAL,0,,0,3.7,4465,3124
1781436843.5963302,7,10,3.5189,1.155,0.0335,0.364,NOMINAL,NORMAL,0,,0,3.8,4505,3124
1781436844.0961068,7,10,4.0263,1.123,0.0366,0.398,NOMINAL,NORMAL,0,,0,3.8,4505,3124
1781436844.5956476,7,10,2.735,1.206,0.0336,0.368,NOMINAL,NORMAL,0,,0,3.8,4505,3124
1781436845.0959115,7,10,3.6148,1.108,0.0353,0.387,NOMINAL,NORMAL,0,,0,3.8,4505,3124
1781436845.595557,7,10,2.4328,1.241,0.0329,0.381,NOMINAL,NORMAL,0,,0,4.0,4465,3124
1781436846.0968568,7,10,4.0239,1.503,0.0483,0.501,NOMINAL,NORMAL,0,,0,4.0,4465,3124
1781436846.5950682,7,10,2.4655,1.215,0.0372,0.379,NOMINAL,NORMAL,0,,0,4.2,4505,3124
1781436847.0969288,7,10,4.0644,1.525,0.0504,0.504,NOMINAL,NORMAL,0,,0,4.2,4505,3124
1781436847.594949,7,10,2.4813,1.252,0.024,0.256,NOMINAL,NORMAL,0,,0,4.0,4505,3124
1781436848.0976946,7,10,4.2667,1.475,0.0478,0.496,NOMINAL,NORMAL,0,,0,4.0,4505,3124
1781436848.5948968,7,10,2.4533,0.813,0.0359,0.431,NOMINAL,NORMAL,0,,29,4.7,4465,3124
1781436849.0978878,7,10,4.3528,1.428,0.0373,0.395,NOMINAL,NORMAL,0,,29,4.7,4465,3124
1781436849.5953302,7,10,2.9225,1.033,0.0364,0.388,NOMINAL,NORMAL,0,,0,4.0,4465,3124
1781436850.0953834,7,10,2.4831,1.328,0.0363,0.439,NOMINAL,NORMAL,0,,0,4.0,4465,3124
1781436850.596389,7,10,3.8162,1.275,0.0361,0.385,NOMINAL,NORMAL,0,,0,4.8,4465,3123
1781436851.096976,7,10,3.6551,1.542,0.0364,0.409,NOMINAL,NORMAL,0,,0,4.8,4465,3123
1781436851.5963845,7,10,3.9575,1.312,0.0368,0.441,NOMINAL,NORMAL,0,,34,3.5,4465,3123
1781436852.096201,7,10,2.8962,1.514,0.0356,0.403,NOMINAL,NORMAL,0,,34,3.5,4465,3123
1781436852.59676,7,10,4.0332,1.423,0.0523,0.503,NOMINAL,NORMAL,0,,0,3.8,4465,3124
1781436853.0948713,7,10,2.4993,0.842,0.0368,0.365,NOMINAL,NORMAL,0,,0,3.8,4465,3124
1781436853.5970497,7,10,4.0231,1.47,0.048,0.51,NOMINAL,NORMAL,0,,0,4.5,4425,3124
1781436854.0953057,7,10,2.4623,1.369,0.0383,0.403,NOMINAL,NORMAL,0,,0,4.5,4425,3124
1781436854.5971382,7,10,4.0848,1.487,0.0469,0.503,NOMINAL,NORMAL,0,,0,4.0,4465,3124
1781436855.0950885,7,10,2.479,1.235,0.036,0.384,NOMINAL,NORMAL,0,,0,4.0,4465,3124
1781436855.5973074,7,10,4.3402,1.449,0.0478,0.502,NOMINAL,NORMAL,0,,0,3.7,4425,3124
1781436856.0945373,7,10,2.4911,0.766,0.0246,0.283,NOMINAL,NORMAL,0,,0,3.7,4425,3124
1781436856.5977798,7,10,4.3075,1.601,0.039,0.423,NOMINAL,NORMAL,0,,0,4.5,4425,3124
1781436857.0952432,7,10,2.8042,1.081,0.036,0.386,NOMINAL,NORMAL,0,,0,4.5,4425,3124
1781436857.5973706,7,10,4.3461,1.23,0.038,0.405,NOMINAL,NORMAL,0,,30,4.3,4465,3124
1781436858.0958085,7,10,3.4962,1.068,0.0345,0.386,NOMINAL,NORMAL,0,,30,4.3,4465,3124
1781436858.5966067,7,10,3.7729,1.145,0.0347,0.366,NOMINAL,NORMAL,0,,0,4.3,4425,3124
1781436859.0959842,7,10,3.9529,1.059,0.0376,0.386,NOMINAL,NORMAL,0,,0,4.3,4425,3124
1781436859.5959764,7,10,3.0461,1.186,0.0349,0.392,NOMINAL,NORMAL,0,,0,3.7,4465,3124
1781436860.096539,7,10,4.0207,1.261,0.0449,0.506,NOMINAL,NORMAL,0,,0,3.7,4465,3124
1781436860.595374,7,10,2.5379,1.158,0.0324,0.366,NOMINAL,NORMAL,0,,10,3.8,4465,3124
1781436861.0966978,7,10,4.0006,1.433,0.0462,0.498,NOMINAL,NORMAL,0,,10,3.8,4465,3124
1781436861.5953212,7,10,2.5046,1.297,0.0346,0.397,NOMINAL,NORMAL,0,,0,3.5,4465,3124
1781436862.0966585,7,10,4.0064,1.372,0.046,0.49,NOMINAL,NORMAL,0,,0,3.5,4465,3124
1781436862.5951726,7,10,2.5094,1.242,0.0346,0.386,NOMINAL,NORMAL,0,,0,4.0,4425,3124
1781436863.0968213,7,10,4.029,1.477,0.0459,0.51,NOMINAL,NORMAL,0,,0,4.0,4425,3124
1781436863.594577,7,10,2.4772,0.89,0.0241,0.28,NOMINAL,NORMAL,0,,0,4.3,4465,3124
1781436864.0973172,7,10,4.2834,1.439,0.0466,0.494,NOMINAL,NORMAL,0,,0,4.3,4465,3124
1781436864.5949879,7,10,2.5596,1.049,0.0347,0.383,NOMINAL,NORMAL,0,,0,3.7,4425,3124
1781436865.096839,7,10,4.1774,1.482,0.0358,0.384,NOMINAL,NORMAL,0,,0,3.7,4425,3124
1781436865.5942326,7,10,2.1552,0.833,0.0357,0.375,NOMINAL,NORMAL,0,,0,3.7,4425,3124
1781436866.0966659,7,10,3.8827,1.129,0.0346,0.38,NOMINAL,NORMAL,0,,0,3.7,4425,3124
1781436866.5959501,7,10,4.0152,1.029,0.0349,0.372,NOMINAL,NORMAL,0,,0,3.8,4425,3124
1781436867.09601,7,10,3.1306,1.193,0.0344,0.376,NOMINAL,NORMAL,0,,0,3.8,4425,3124
1781436867.5964074,7,10,4.0294,1.065,0.0473,0.495,NOMINAL,NORMAL,0,,0,4.0,4425,3124
1781436868.0953295,7,10,2.5359,1.143,0.0342,0.369,NOMINAL,NORMAL,0,,0,4.0,4425,3124
1781436868.5967622,7,10,3.9908,1.478,0.046,0.498,NOMINAL,NORMAL,0,,0,4.0,4385,3124
1781436869.0952716,7,10,2.4737,1.214,0.038,0.512,NOMINAL,NORMAL,0,,0,4.0,4385,3124
1781436869.5969892,7,10,4.0362,1.645,0.0489,0.505,NOMINAL,NORMAL,0,,0,4.3,4425,3124
1781436870.0952067,7,10,2.4218,1.147,0.0361,0.387,NOMINAL,NORMAL,0,,0,4.3,4425,3124
1781436870.5960004,7,10,4.057,1.05,0.0365,0.375,NOMINAL,NORMAL,0,,0,4.0,4425,3124
1781436871.0945418,7,10,2.4217,0.967,0.0236,0.274,NOMINAL,NORMAL,0,,0,4.0,4425,3124
1781436871.5977898,7,10,4.2715,1.507,0.0475,0.616,NOMINAL,NORMAL,0,,0,4.0,4385,3124
1781436872.0945544,7,10,2.4067,0.882,0.0366,0.405,NOMINAL,NORMAL,0,,0,4.0,4385,3124
1781436872.5974147,7,10,4.3065,1.307,0.0336,0.39,NOMINAL,NORMAL,0,,0,3.8,4425,3124
1781436873.0943198,7,10,2.1866,0.863,0.0348,0.373,NOMINAL,NORMAL,0,,0,3.8,4425,3124
1781436873.5969136,7,10,3.99,1.168,0.035,0.379,NOMINAL,NORMAL,0,,0,3.8,4425,3124
1781436874.095762,7,10,3.9433,1.02,0.0345,0.372,NOMINAL,NORMAL,0,,0,3.8,4425,3124
1781436874.5962794,7,10,3.2924,1.196,0.0351,0.383,NOMINAL,NORMAL,0,,0,4.2,4385,3124
1781436875.0966024,7,10,4.0659,1.2,0.0484,0.51,NOMINAL,NORMAL,0,,0,4.2,4385,3124
1781436875.5955114,7,10,2.6013,1.131,0.0364,0.377,NOMINAL,NORMAL,0,,0,4.2,4385,3124
1781436876.0966496,7,10,3.969,1.377,0.0452,0.482,NOMINAL,NORMAL,0,,0,4.2,4385,3124
1781436876.5953808,7,10,2.4533,1.18,0.0298,0.49,NOMINAL,NORMAL,0,,0,3.7,4385,3124
1781436877.0967157,7,10,4.0265,1.376,0.0447,0.484,NOMINAL,NORMAL,0,,0,3.7,4385,3124
1781436877.5954063,7,10,2.488,1.221,0.0346,0.383,NOMINAL,NORMAL,0,,0,3.8,4385,3124
1781436878.0969713,7,10,3.9778,1.452,0.047,0.503,NOMINAL,NORMAL,0,,0,3.8,4385,3124
1781436878.5949757,7,10,2.4641,0.993,0.0237,0.268,NOMINAL,NORMAL,0,,0,4.7,4385,3124
1781436879.0976048,7,10,4.4016,1.392,0.0438,0.494,NOMINAL,NORMAL,0,,0,4.7,4385,3124
1781436879.5948071,7,10,2.4446,0.942,0.0365,0.424,NOMINAL,NORMAL,0,,0,4.0,4385,3124
1781436880.0974395,7,10,4.3841,1.351,0.0318,0.391,NOMINAL,NORMAL,0,,0,4.0,4385,3124
1781436880.5946364,7,10,2.2664,0.969,0.0351,0.426,NOMINAL,NORMAL,0,,0,4.5,4385,3124
1781436881.0970545,7,10,4.129,1.223,0.0336,0.385,NOMINAL,NORMAL,0,,0,4.5,4385,3124
1781436881.595875,7,10,3.6363,1.149,0.0356,0.407,NOMINAL,NORMAL,0,,0,3.7,4346,3124
1781436882.0962913,7,10,3.4086,1.157,0.0345,0.371,NOMINAL,NORMAL,0,,0,3.7,4346,3124
1781436882.5964713,7,10,4.0772,1.081,0.0458,0.496,NOMINAL,NORMAL,0,,0,4.0,4346,3125
1781436883.09563,7,10,2.7084,1.206,0.0346,0.38,NOMINAL,NORMAL,0,,0,4.0,4346,3125
1781436883.596295,7,10,3.9825,1.054,0.0455,0.479,NOMINAL,NORMAL,0,,0,3.7,4346,3125
1781436884.0954301,7,10,2.4772,1.292,0.0346,0.401,NOMINAL,NORMAL,0,,0,3.7,4346,3125
1781436884.5968428,7,10,4.0646,1.473,0.047,0.492,NOMINAL,NORMAL,0,,0,4.2,4385,3125
1781436885.0950563,7,10,2.4367,1.243,0.0346,0.389,NOMINAL,NORMAL,0,,0,4.2,4385,3125
1781436885.5968835,7,10,4.0863,1.431,0.0452,0.497,NOMINAL,NORMAL,0,,0,3.7,4346,3125
1781436886.0948906,7,10,2.491,1.203,0.0248,0.264,NOMINAL,NORMAL,0,,0,3.7,4346,3125
1781436886.5977721,7,10,4.2952,1.443,0.0493,0.497,NOMINAL,NORMAL,0,,0,4.2,4346,3125
1781436887.0947082,7,10,2.4754,0.844,0.0364,0.44,NOMINAL,NORMAL,0,,0,4.2,4346,3125
1781436887.597567,7,10,4.2915,1.419,0.0367,0.398,NOMINAL,NORMAL,0,,0,4.5,4346,3125
1781436888.0947156,7,10,2.3854,0.916,0.0378,0.453,NOMINAL,NORMAL,0,,0,4.5,4346,3125
1781436888.5959702,7,10,3.7951,1.02,0.0365,0.384,NOMINAL,NORMAL,0,,0,4.0,4346,3125
1781436889.0957942,7,10,3.5802,1.089,0.0353,0.381,NOMINAL,NORMAL,0,,0,4.0,4346,3125
1781436889.596577,7,10,3.3464,1.169,0.0368,0.388,NOMINAL,NORMAL,0,,0,4.7,4346,3125
1781436890.0960903,7,10,3.9691,1.049,0.0366,0.383,NOMINAL,NORMAL,0,,0,4.7,4346,3125
1781436890.5958707,7,10,2.6732,1.168,0.0344,0.352,NOMINAL,NORMAL,0,,0,3.8,4346,3125
1781436891.0954714,7,10,3.0937,1.014,0.0361,0.383,NOMINAL,NORMAL,0,,0,3.8,4346,3125
1781436891.5943627,7,10,2.2559,0.864,0.0359,0.371,NOMINAL,NORMAL,0,,0,4.0,4385,3125
1781436892.0966315,7,10,3.9755,1.391,0.0481,0.484,NOMINAL,NORMAL,0,,0,4.0,4385,3125
1781436892.595243,7,10,2.4582,1.198,0.0327,0.385,NOMINAL,NORMAL,0,,0,4.7,4346,3125
1781436893.0968056,7,10,4.094,1.438,0.0492,0.489,NOMINAL,NORMAL,0,,0,4.7,4346,3125
1781436893.5949442,7,10,2.4329,1.121,0.0226,0.284,NOMINAL,NORMAL,0,,0,3.8,4346,3125
1781436894.0972354,7,10,4.342,1.418,0.0467,0.485,NOMINAL,NORMAL,0,,0,3.8,4346,3125
1781436894.5965574,7,10,3.9844,1.067,0.0484,0.483,NOMINAL,NORMAL,0,,23,3.7,4346,3125
1781436895.0976064,7,10,4.3605,1.529,0.0413,0.402,NOMINAL,NORMAL,0,,23,3.7,4346,3125
1781436895.594672,7,10,2.5179,0.865,0.0341,0.398,NOMINAL,NORMAL,0,,0,4.2,4306,3125
1781436896.0965652,7,10,4.0334,1.213,0.05,0.512,NOMINAL,NORMAL,0,,0,4.2,4306,3125
1781436896.594363,7,10,2.2003,1.018,0.0374,0.385,NOMINAL,NORMAL,0,,0,4.2,4306,3125
1781436897.0966585,7,10,3.6631,1.197,0.0368,0.372,NOMINAL,NORMAL,0,,0,4.8,4385,3124
1781436897.5971828,7,10,4.3316,1.489,0.0501,0.489,NOMINAL,NORMAL,0,,0,4.8,4385,3124
1781436898.0958946,7,10,2.9265,1.248,0.0359,0.385,NOMINAL,NORMAL,0,,29,4.2,4346,3125
1781436898.5962436,7,10,3.9809,1.045,0.0455,0.473,NOMINAL,NORMAL,0,,29,4.2,4346,3125
1781436899.0955408,7,10,2.5261,1.284,0.0373,0.421,NOMINAL,NORMAL,0,,0,3.7,4346,3125
1781436899.5969684,7,10,3.9595,1.454,0.0485,0.506,NOMINAL,NORMAL,0,,0,3.7,4346,3125
1781436900.0953383,7,10,2.478,1.327,0.0358,0.414,NOMINAL,NORMAL,0,,0,4.0,4346,3125
1781436900.596999,7,10,4.1449,1.485,0.0485,0.508,NOMINAL,NORMAL,0,,0,4.0,4346,3125
1781436901.0950575,7,10,2.4567,1.253,0.0342,0.385,NOMINAL,NORMAL,0,,25,4.5,4385,3125
1781436901.5961735,7,10,3.7334,1.037,0.0383,0.381,NOMINAL,NORMAL,0,,25,4.5,4385,3125
1781436902.0946157,7,10,2.4613,0.809,0.0256,0.344,NOMINAL,NORMAL,0,,0,3.7,4385,3125
1781436902.597908,7,10,4.288,1.479,0.0417,0.413,NOMINAL,NORMAL,0,,0,3.7,4385,3125
1781436903.0952094,7,10,2.7411,1.105,0.0379,0.394,NOMINAL,NORMAL,0,,0,4.2,4346,3125
1781436903.5976086,7,10,4.2241,1.214,0.0351,0.375,NOMINAL,NORMAL,0,,0,4.2,4346,3125
1781436904.096129,7,10,3.519,1.379,0.038,0.394,NOMINAL,NORMAL,0,,3,4.5,4385,3125
1781436904.596717,7,10,3.7484,1.241,0.0339,0.388,NOMINAL,NORMAL,0,,3,4.5,4385,3125
1781436905.0962114,7,10,4.0129,1.338,0.0373,0.395,NOMINAL,NORMAL,0,,1,4.0,4385,3125
1781436905.5960386,7,10,3.0677,1.26,0.0343,0.386,NOMINAL,NORMAL,0,,1,4.0,4385,3125
1781436906.096762,7,10,3.9969,1.458,0.0468,0.507,NOMINAL,NORMAL,0,,96,4.3,4385,3125
1781436906.5953784,7,10,2.5556,1.175,0.037,0.373,NOMINAL,NORMAL,0,,96,4.3,4385,3125
1781436907.0971992,7,10,4.0493,1.852,0.0497,0.525,NOMINAL,NORMAL,0,,79,4.0,4385,3125
1781436907.595394,7,10,2.4982,1.394,0.0345,0.402,NOMINAL,NORMAL,0,,79,4.0,4385,3125
1781436908.0941432,7,10,2.2161,1.21,0.0382,0.393,NOMINAL,NORMAL,0,,99,4.3,4385,3125
1781436908.5950818,7,10,2.4844,1.246,0.0376,0.391,NOMINAL,NORMAL,0,,99,4.3,4385,3125
1781436909.096726,7,10,3.9956,1.439,0.0478,0.495,NOMINAL,NORMAL,0,,99,4.8,4425,3125
1781436909.5944397,7,10,2.4327,0.868,0.025,0.257,NOMINAL,NORMAL,0,,99,4.8,4425,3125
1781436910.0978582,7,10,4.458,1.524,0.0417,0.449,NOMINAL,NORMAL,0,,99,3.7,4425,3125
1781436910.594843,7,10,2.4569,1.045,0.0383,0.431,NOMINAL,NORMAL,0,,99,3.7,4425,3125
1781436911.097388,7,10,4.4258,1.252,0.0373,0.381,NOMINAL,NORMAL,0,,99,5.2,4425,3125
1781436911.595669,7,10,3.3003,1.09,0.0374,0.378,NOMINAL,NORMAL,0,,99,5.2,4425,3125
1781436912.096998,7,10,3.8721,1.418,0.0351,0.396,NOMINAL,NORMAL,0,,99,4.5,4465,3125
1781436912.5958922,7,10,4.0251,1.088,0.0361,0.375,NOMINAL,NORMAL,0,,99,4.5,4465,3125
1781436913.0963168,7,10,3.141,1.509,0.034,0.398,NOMINAL,NORMAL,0,,99,3.7,4425,3125
1781436913.594124,7,10,2.2234,1.181,0.0383,0.389,NOMINAL,NORMAL,0,,99,3.7,4425,3125
1781436914.0957294,7,10,2.5594,1.531,0.035,0.397,NOMINAL,NORMAL,0,,99,4.0,4465,3125
1781436914.5968523,7,10,4.048,1.518,0.0495,0.512,NOMINAL,NORMAL,0,,99,4.0,4465,3125
1781436915.095477,7,10,2.4591,1.508,0.0373,0.409,NOMINAL,NORMAL,0,,77,4.0,4505,3125
1781436915.5968254,7,10,4.0854,1.46,0.0468,0.505,NOMINAL,NORMAL,0,,77,4.0,4505,3125
1781436916.0952952,7,10,2.4696,1.51,0.0357,0.411,NOMINAL,NORMAL,0,,99,4.2,4465,3125
1781436916.5970988,7,10,4.0123,1.797,0.0512,0.508,NOMINAL,NORMAL,0,,99,4.2,4465,3125
1781436917.0948186,7,10,2.4368,1.255,0.0248,0.283,NOMINAL,NORMAL,0,,54,4.0,4465,3125
1781436917.5979683,7,10,4.333,1.816,0.0481,0.477,NOMINAL,NORMAL,0,,54,4.0,4465,3125
1781436918.0952349,7,10,2.4725,1.471,0.0384,0.392,NOMINAL,NORMAL,0,,50,4.0,4465,3125
1781436918.597455,7,10,4.3958,1.325,0.0379,0.391,NOMINAL,NORMAL,0,,50,4.0,4465,3125
1781436919.0951164,7,10,2.2648,1.579,0.0364,0.403,NOMINAL,NORMAL,0,,5,4.7,4505,3125
1781436919.597465,7,10,4.0665,1.647,0.0349,0.421,NOMINAL,NORMAL,0,,5,4.7,4505,3125
1781436920.09461,7,10,2.1822,1.546,0.0356,0.484,NOMINAL,NORMAL,0,,7,4.5,4465,3125
1781436920.5966575,7,10,3.2451,1.608,0.0363,0.427,NOMINAL,NORMAL,0,,7,4.5,4465,3125
1781436921.0973485,7,10,4.0093,2.029,0.0476,0.53,NOMINAL,NORMAL,0,,0,4.2,4505,3125
1781436921.5965319,7,10,2.6282,2.029,0.036,0.449,NOMINAL,NORMAL,0,,0,4.2,4505,3125
1781436922.097492,7,10,4.0596,2.116,0.0477,0.5,NOMINAL,NORMAL,0,,0,4.3,4505,3125
1781436922.5960064,7,10,2.4947,1.86,0.036,0.418,NOMINAL,NORMAL,0,,0,4.3,4505,3125
1781436923.096986,7,10,4.0721,1.552,0.048,0.504,NOMINAL,NORMAL,0,,0,3.8,4505,3125
1781436923.5950556,7,10,2.4452,1.244,0.0376,0.386,NOMINAL,NORMAL,0,,0,3.8,4505,3125
1781436924.0970407,7,10,4.2194,1.467,0.0473,0.512,NOMINAL,NORMAL,0,,0,4.8,4505,3125
1781436924.5949056,7,10,2.44,1.334,0.0249,0.268,NOMINAL,NORMAL,0,,0,4.8,4505,3125
1781436925.0979178,7,10,4.3057,1.816,0.0504,0.537,NOMINAL,NORMAL,0,,0,4.2,4505,3125
1781436925.5946252,7,10,2.4764,0.889,0.0371,0.418,NOMINAL,NORMAL,0,,0,4.2,4505,3125
1781436926.09662,7,10,3.5429,1.403,0.0447,0.453,NOMINAL,NORMAL,0,,0,4.2,4465,3125
1781436926.5955207,7,10,2.4476,1.683,0.0357,0.417,NOMINAL,NORMAL,0,,0,4.2,4465,3125
1781436927.0972438,7,10,4.1839,1.281,0.0337,0.39,NOMINAL,NORMAL,0,,0,4.0,4465,3125
1781436927.5961082,7,10,3.7833,1.332,0.0357,0.381,NOMINAL,NORMAL,0,,0,4.0,4465,3125
1781436928.09678,7,10,3.4328,1.58,0.0343,0.403,NOMINAL,NORMAL,0,,0,4.0,4465,3125
1781436928.5962932,7,10,4.0441,1.027,0.0447,0.465,NOMINAL,NORMAL,0,,0,4.0,4465,3125
1781436929.0965683,7,10,2.7288,1.987,0.0343,0.428,NOMINAL,NORMAL,0,,0,4.7,4505,3124
1781436929.5973458,7,10,4.0588,1.94,0.046,0.513,NOMINAL,NORMAL,0,,0,4.7,4505,3124
1781436930.095759,7,10,2.497,1.568,0.034,0.409,NOMINAL,NORMAL,0,,0,4.2,4465,3124
1781436930.5967944,7,10,4.0802,1.41,0.0459,0.494,NOMINAL,NORMAL,0,,0,4.2,4465,3124
1781436931.0954833,7,10,2.4614,1.56,0.0481,0.431,NOMINAL,NORMAL,0,,0,4.3,4465,3124
1781436931.5971563,7,10,4.0306,1.812,0.0488,0.526,NOMINAL,NORMAL,0,,0,4.3,4465,3124
1781436932.0948822,7,10,2.4363,1.197,0.0232,0.26,NOMINAL,NORMAL,0,,0,3.8,4425,3124
1781436932.5975864,7,10,4.3721,1.523,0.0481,0.513,NOMINAL,NORMAL,0,,0,3.8,4425,3124
1781436933.0967765,7,10,4.1031,1.359,0.048,0.535,NOMINAL,NORMAL,0,,0,4.2,4425,3124
1781436933.5977879,7,10,4.4077,1.612,0.0378,0.379,NOMINAL,NORMAL,0,,0,4.2,4425,3124
1781436934.0947285,7,10,2.3519,0.945,0.039,0.437,NOMINAL,NORMAL,0,,0,4.7,4465,3124
1781436934.5971375,7,10,4.2306,1.208,0.0329,0.365,NOMINAL,NORMAL,0,,0,4.7,4465,3124
1781436935.0960276,7,10,3.8287,1.064,0.0358,0.382,NOMINAL,NORMAL,0,,0,3.8,4425,3124
1781436935.5967762,7,10,3.5532,1.452,0.0361,0.409,NOMINAL,NORMAL,0,,0,3.8,4425,3124
1781436936.0967896,7,10,4.0295,1.415,0.0498,0.525,NOMINAL,NORMAL,0,,0,3.3,4425,3124
1781436936.595659,7,10,2.8179,1.153,0.0348,0.377,NOMINAL,NORMAL,0,,0,3.3,4425,3124
1781436937.0972917,7,10,4.0232,1.882,0.0519,0.511,NOMINAL,NORMAL,0,,0,4.0,4465,3124
1781436937.5957446,7,10,2.5158,1.507,0.0364,0.393,NOMINAL,NORMAL,0,,0,4.0,4465,3124
1781436938.0968964,7,10,4.0349,1.497,0.049,0.498,NOMINAL,NORMAL,0,,0,3.8,4425,3125
1781436938.5951266,7,10,2.4514,1.207,0.0343,0.37,NOMINAL,NORMAL,0,,0,3.8,4425,3125
1781436939.0982478,7,10,4.3646,1.868,0.0491,0.522,NOMINAL,NORMAL,0,,0,4.2,4425,3125
1781436939.5950842,7,10,2.4537,1.45,0.0237,0.281,NOMINAL,NORMAL,0,,0,4.2,4425,3125
1781436940.0978713,7,10,4.2933,1.86,0.0457,0.511,NOMINAL,NORMAL,0,,0,4.5,4425,3125
1781436940.5947793,7,10,2.4668,0.993,0.0795,0.434,NOMINAL,NORMAL,0,,0,4.5,4425,3125
1781436941.0964966,7,10,3.9949,1.313,0.0464,0.47,NOMINAL,NORMAL,0,,0,4.5,4385,3125
1781436941.5954068,7,10,2.9314,1.096,0.0357,0.38,NOMINAL,NORMAL,0,,0,4.5,4385,3125
1781436942.0977373,7,10,4.2828,1.614,0.0369,0.389,NOMINAL,NORMAL,0,,0,3.7,4425,3125
1781436942.596355,7,10,3.6058,1.584,0.0361,0.386,NOMINAL,NORMAL,0,,0,3.7,4425,3125
1781436943.0970273,7,10,3.633,1.576,0.039,0.393,NOMINAL,NORMAL,0,,0,4.2,4425,3125
1781436943.5966213,7,10,4.009,1.525,0.0417,0.454,NOMINAL,NORMAL,0,,0,4.2,4425,3125
1781436944.0959442,7,10,2.9321,1.254,0.0358,0.382,NOMINAL,NORMAL,0,,24,4.2,4425,3125
1781436944.5971646,7,10,4.0105,1.823,0.0491,0.506,NOMINAL,NORMAL,0,,24,4.2,4425,3125
1781436945.0948522,7,10,2.4443,0.979,0.0364,0.441,NOMINAL,NORMAL,0,,0,3.5,4385,3125
1781436945.5971148,7,10,4.077,1.768,0.048,0.482,NOMINAL,NORMAL,0,,0,3.5,4385,3125
1781436946.0950625,7,10,2.4408,1.227,0.034,0.366,NOMINAL,NORMAL,0,,0,4.3,4425,3125
1781436946.5968442,7,10,4.0136,1.496,0.0506,0.499,NOMINAL,NORMAL,0,,0,4.3,4425,3125
1781436947.0951886,7,10,2.4184,1.515,0.0539,0.328,NOMINAL,NORMAL,0,,37,4.0,4465,3125
1781436947.597423,7,10,4.4461,1.532,0.0466,0.497,NOMINAL,NORMAL,0,,37,4.0,4465,3125
1781436948.095282,7,10,3.0758,1.359,0.0377,0.391,NOMINAL,NORMAL,0,,0,4.5,4425,3125
1781436948.598014,7,10,4.4203,1.785,0.0388,0.411,NOMINAL,NORMAL,0,,0,4.5,4425,3125
1781436949.0956893,7,10,2.6178,1.653,0.0363,0.441,NOMINAL,NORMAL,0,,0,4.2,4425,3125
1781436949.5977678,7,10,4.3663,1.613,0.0352,0.406,NOMINAL,NORMAL,0,,0,4.2,4425,3125
1781436950.095821,7,10,3.5014,1.112,0.0364,0.375,NOMINAL,NORMAL,0,,0,4.2,4425,3125
1781436950.5971065,7,10,3.7655,1.542,0.038,0.409,NOMINAL,NORMAL,0,,0,4.2,4425,3125
1781436951.0960052,7,10,3.5146,1.148,0.0354,0.389,NOMINAL,NORMAL,0,,0,3.5,4385,3125
1781436951.5963476,7,10,3.0577,1.563,0.0344,0.384,NOMINAL,NORMAL,0,,0,3.5,4385,3125
1781436952.0970297,7,10,4.0067,1.736,0.0486,0.513,NOMINAL,NORMAL,0,,0,3.8,4385,3125
1781436952.5959032,7,10,2.5437,1.59,0.0371,0.41,NOMINAL,NORMAL,0,,0,3.8,4385,3125
1781436953.0968685,7,10,4.0116,1.563,0.0507,0.515,NOMINAL,NORMAL,0,,0,4.3,4425,3125
1781436953.5952725,7,10,2.4692,1.287,0.0359,0.404,NOMINAL,NORMAL,0,,0,4.3,4425,3125
1781436954.0970688,7,10,4.1525,1.581,0.0487,0.516,NOMINAL,NORMAL,0,,0,4.0,4425,3125
1781436954.5954776,7,10,2.4408,1.719,0.0252,0.332,NOMINAL,NORMAL,0,,0,4.0,4425,3125
1781436955.0971222,7,10,3.9977,1.85,0.0477,0.513,NOMINAL,NORMAL,0,,0,4.3,4385,3125
1781436955.5967073,7,10,3.8731,1.628,0.0363,0.411,NOMINAL,NORMAL,0,,0,4.3,4385,3125
1781436956.0980747,7,10,4.3457,1.889,0.0408,0.426,NOMINAL,NORMAL,0,,3,3.8,4425,3125
1781436956.5949316,7,10,2.4396,1.131,0.037,0.404,NOMINAL,NORMAL,0,,3,3.8,4425,3125
1781436957.0976746,7,10,4.3662,1.623,0.0399,0.387,NOMINAL,NORMAL,0,,0,4.0,4385,3125
1781436957.5948353,7,10,2.1679,1.255,0.0391,0.445,NOMINAL,NORMAL,0,,0,4.0,4385,3125
1781436958.0973508,7,10,3.9373,1.592,0.0362,0.441,NOMINAL,NORMAL,0,,0,4.3,4385,3125
1781436958.5965605,7,10,4.0454,1.709,0.037,0.396,NOMINAL,NORMAL,0,,0,4.3,4385,3125
1781436959.0964944,7,10,3.1569,1.562,0.0342,0.395,NOMINAL,NORMAL,0,,0,4.0,4385,3125
1781436959.5941029,7,10,2.2022,1.107,0.0354,0.385,NOMINAL,NORMAL,0,,0,4.0,4385,3125
1781436960.0954354,7,10,2.6223,1.434,0.0364,0.361,NOMINAL,NORMAL,0,,0,4.2,4385,3125
1781436960.5974252,7,10,4.0984,1.811,0.0452,0.695,NOMINAL,NORMAL,0,,0,4.2,4385,3125
1781436961.0955787,7,10,2.4823,1.553,0.0331,0.397,NOMINAL,NORMAL,0,,0,4.2,4385,3125
1781436961.5942893,7,10,2.2231,1.267,0.0375,0.393,NOMINAL,NORMAL,0,,0,4.2,4385,3125
1781436962.0957203,7,10,2.45,1.949,0.0233,0.325,NOMINAL,NORMAL,0,,0,4.2,4385,3125
1781436962.5970492,7,10,4.0402,1.595,0.0483,0.509,NOMINAL,NORMAL,0,,0,4.2,4385,3125
1781436963.0948985,7,10,2.4417,1.251,0.0241,0.261,NOMINAL,NORMAL,0,,0,4.2,4385,3125
1781436963.5981116,7,10,4.3953,1.848,0.0379,0.439,NOMINAL,NORMAL,0,,0,4.2,4385,3125
1781436964.0947978,7,10,2.4461,1.031,0.0779,0.439,NOMINAL,NORMAL,0,,0,4.0,4385,3125
1781436964.5979793,7,10,4.3807,1.74,0.0377,0.419,NOMINAL,NORMAL,0,,0,4.0,4385,3125
1781436965.096009,7,10,3.2684,1.357,0.0365,0.392,NOMINAL,NORMAL,0,,0,4.7,4385,3125
1781436965.5972383,7,10,4.0242,1.322,0.0357,0.395,NOMINAL,NORMAL,0,,0,4.7,4385,3125
1781436966.0961375,7,10,3.995,1.335,0.0356,0.379,NOMINAL,NORMAL,0,,0,4.3,4385,3125
1781436966.5964015,7,10,3.318,1.284,0.0357,0.404,NOMINAL,NORMAL,0,,0,4.3,4385,3125
1781436967.0965776,7,10,4.0133,1.232,0.0499,0.522,NOMINAL,NORMAL,0,,0,4.3,4346,3125
1781436967.5957103,7,10,2.6255,1.257,0.0314,0.396,NOMINAL,NORMAL,0,,0,4.3,4346,3125
1781436968.0969236,7,10,3.9805,1.557,0.0466,0.505,NOMINAL,NORMAL,0,,0,4.0,4346,3125
1781436968.5957103,7,10,2.4937,1.48,0.1562,0.551,NOMINAL,NORMAL,0,,0,4.0,4346,3125
1781436969.0971832,7,10,4.0585,1.781,0.0458,0.488,NOMINAL,NORMAL,0,,0,4.0,4346,3125
1781436969.595344,7,10,2.4624,1.465,0.0365,0.388,NOMINAL,NORMAL,0,,0,4.0,4346,3125
1781436970.0973442,7,10,4.0045,1.908,0.0494,0.523,NOMINAL,NORMAL,0,,0,4.7,4385,3125
1781436970.5950572,7,10,2.4596,1.299,0.0258,0.275,NOMINAL,NORMAL,0,,0,4.7,4385,3125
1781436971.0982203,7,10,4.3296,1.844,0.0479,0.653,NOMINAL,NORMAL,0,,0,4.3,4346,3125
1781436971.5950792,7,10,2.4928,1.213,0.0366,0.399,NOMINAL,NORMAL,0,,0,4.3,4346,3125
1781436972.097721,7,10,4.2949,1.649,0.033,0.377,NOMINAL,NORMAL,0,,0,3.8,4346,3125
1781436972.5948596,7,10,2.2879,1.161,0.0356,0.422,NOMINAL,NORMAL,0,,0,3.8,4346,3125
1781436973.0974886,7,10,4.17,1.529,0.0376,0.402,NOMINAL,NORMAL,0,,0,4.2,4346,3125
1781436973.5963838,7,10,3.8849,1.292,0.0361,0.391,NOMINAL,NORMAL,0,,0,4.2,4346,3125
1781436974.0964556,7,10,3.3773,1.233,0.0378,0.394,NOMINAL,NORMAL,0,,0,3.7,4346,3125
1781436974.5971386,7,10,3.9777,1.554,0.0456,0.506,NOMINAL,NORMAL,0,,0,3.7,4346,3125
1781436975.0955734,7,10,2.6375,1.196,0.0321,0.36,NOMINAL,NORMAL,0,,0,4.2,4346,3125
1781436975.5972009,7,10,3.9944,1.814,0.0479,0.523,NOMINAL,NORMAL,0,,0,4.2,4346,3125
1781436976.0958946,7,10,3.1261,1.134,0.036,0.562,NOMINAL,NORMAL,0,,0,4.3,4346,3124
1781436976.5969677,7,10,4.0029,1.415,0.0474,0.52,NOMINAL,NORMAL,0,,0,4.3,4346,3124
1781436977.0952268,7,10,2.4569,1.301,0.0346,0.389,NOMINAL,NORMAL,0,,0,4.3,4346,3124
1781436977.5974152,7,10,4.0913,1.941,0.0465,0.525,NOMINAL,NORMAL,0,,0,3.8,4346,3124
1781436978.0949285,7,10,2.4477,1.218,0.0233,0.262,NOMINAL,NORMAL,0,,0,3.8,4346,3124
1781436978.5978794,7,10,4.3292,1.814,0.0476,0.505,NOMINAL,NORMAL,0,,0,4.0,4346,3124
1781436979.0951312,7,10,2.4414,1.281,0.036,0.399,NOMINAL,NORMAL,0,,0,4.0,4346,3124
1781436979.5981104,7,10,4.3089,1.693,0.0368,0.411,NOMINAL,NORMAL,0,,0,4.0,4346,3125
1781436980.0956006,7,10,3.0524,1.123,0.0362,0.399,NOMINAL,NORMAL,0,,0,4.0,4346,3125
1781436980.5976021,7,10,4.2239,1.549,0.0357,0.405,NOMINAL,NORMAL,0,,0,4.3,4346,3125
1781436981.095916,7,10,3.6241,1.124,0.0365,0.386,NOMINAL,NORMAL,0,,0,4.3,4346,3125
1781436981.596774,7,10,3.5055,1.488,0.0355,0.391,NOMINAL,NORMAL,0,,0,3.8,4346,3125
1781436982.0963469,7,10,3.9566,1.106,0.0471,0.469,NOMINAL,NORMAL,0,,0,3.8,4346,3125
1781436982.5963738,7,10,2.7055,1.528,0.0348,0.406,NOMINAL,NORMAL,0,,0,4.0,4385,3125
1781436983.0964665,7,10,4.007,1.127,0.0473,0.514,NOMINAL,NORMAL,0,,0,4.0,4385,3125
1781436983.5971928,7,10,4.0486,1.817,0.0468,0.506,NOMINAL,NORMAL,0,,0,4.0,4385,3125
1781436984.0971859,7,10,4.038,1.796,0.046,0.488,NOMINAL,NORMAL,0,,0,4.0,4385,3125
1781436984.595177,7,10,2.4287,1.261,0.0347,0.377,NOMINAL,NORMAL,0,,0,4.2,4385,3125
1781436985.0969887,7,10,4.0618,1.563,0.0499,0.504,NOMINAL,NORMAL,0,,0,4.2,4385,3125
1781436985.5951564,7,10,2.4457,1.492,0.023,0.283,NOMINAL,NORMAL,0,,72,4.3,4385,3125
1781436986.097908,7,10,4.4143,1.854,0.0461,0.514,NOMINAL,NORMAL,0,,72,4.3,4385,3125
1781436986.5961773,7,10,4.0256,1.09,0.0351,0.379,NOMINAL,NORMAL,0,,56,4.5,4385,3125
1781436987.0977764,7,10,4.3484,1.53,0.0415,0.423,NOMINAL,NORMAL,0,,56,4.5,4385,3125
1781436987.5952768,7,10,2.3482,1.226,0.0376,0.381,NOMINAL,NORMAL,0,,99,3.8,4385,3125
1781436988.0975783,7,10,4.2756,1.384,0.0358,0.414,NOMINAL,NORMAL,0,,99,3.8,4385,3125
1781436988.5963469,7,10,3.7301,1.28,0.0343,0.385,NOMINAL,NORMAL,0,,99,4.8,4425,3125
1781436989.096665,7,10,3.6181,1.253,0.0354,0.387,NOMINAL,NORMAL,0,,99,4.8,4425,3125
1781436989.5966198,7,10,4.1033,1.329,0.0354,0.44,NOMINAL,NORMAL,0,,99,4.0,4425,3126
1781436990.095838,7,10,2.9076,1.215,0.0334,0.367,NOMINAL,NORMAL,0,,99,4.0,4425,3126
1781436990.5973382,7,10,3.9793,1.784,0.0461,0.491,NOMINAL,NORMAL,0,,99,4.2,4465,3126
1781436991.0957377,7,10,2.5073,1.529,0.0356,0.395,NOMINAL,NORMAL,0,,99,4.2,4465,3126
1781436991.597397,7,10,3.9701,1.829,0.0496,0.507,NOMINAL,NORMAL,0,,99,4.3,4465,3126
1781436992.0955455,7,10,2.4596,1.575,0.0363,0.405,NOMINAL,NORMAL,0,,99,4.3,4465,3126
1781436992.5982614,7,10,4.353,1.884,0.0497,0.521,NOMINAL,NORMAL,0,,99,4.2,4425,3126
1781436993.0952418,7,10,2.451,1.506,0.0551,0.323,NOMINAL,NORMAL,0,,99,4.2,4425,3126
1781436993.5972538,7,10,4.0509,1.831,0.0487,0.505,NOMINAL,NORMAL,0,,99,4.7,4465,3126
1781436994.0945513,7,10,2.4301,0.891,0.0244,0.299,NOMINAL,NORMAL,0,,99,4.7,4465,3126
1781436994.5980613,7,10,4.3365,1.844,0.0366,0.415,NOMINAL,NORMAL,0,,99,3.8,4465,3125
1781436995.0953963,7,10,2.6525,1.35,0.0351,0.39,NOMINAL,NORMAL,0,,99,3.8,4465,3125
1781436995.5955727,7,10,2.4976,1.558,0.0361,0.409,NOMINAL,NORMAL,0,,99,4.5,4505,3125
1781436996.0959542,7,10,3.3871,1.283,0.0377,0.391,NOMINAL,NORMAL,0,,99,4.5,4505,3125
1781436996.5971067,7,10,3.7575,1.538,0.035,0.388,NOMINAL,NORMAL,0,,99,3.7,4465,3125
1781436997.0960329,7,10,4.0361,1.073,0.0363,0.376,NOMINAL,NORMAL,0,,99,3.7,4465,3125
1781436997.5966427,7,10,2.884,1.554,0.035,0.419,NOMINAL,NORMAL,0,,51,4.2,4465,3125
1781436998.0971794,7,10,3.9653,1.822,0.0442,0.517,NOMINAL,NORMAL,0,,51,4.2,4465,3125
1781436998.594889,7,10,2.3894,1.012,0.0365,0.454,NOMINAL,NORMAL,0,,7,3.7,4505,3125
1781436999.0948014,7,10,2.4512,1.138,0.0245,0.267,NOMINAL,NORMAL,0,,7,3.7,4505,3125
1781436999.5955932,7,10,2.4945,1.523,0.034,0.414,NOMINAL,NORMAL,0,,45,5.3,4505,3125
1781437000.0967867,7,10,3.9903,1.464,0.0487,0.494,NOMINAL,NORMAL,0,,45,5.3,4505,3125
1781437000.5956306,7,10,2.4626,1.555,0.0487,0.324,NOMINAL,NORMAL,0,,0,3.7,4465,3125
1781437001.0971603,7,10,4.3122,1.487,0.0472,0.501,NOMINAL,NORMAL,0,,0,3.7,4465,3125
1781437001.5961673,7,10,3.339,1.357,0.0363,0.392,NOMINAL,NORMAL,0,,0,4.0,4465,3125
1781437002.0979226,7,10,4.346,1.747,0.0377,0.421,NOMINAL,NORMAL,0,,0,4.0,4465,3125
1781437002.595488,7,10,2.6161,1.094,0.0369,0.391,NOMINAL,NORMAL,0,,0,4.5,4505,3125
1781437003.0979655,7,10,4.4054,1.743,0.0372,0.402,NOMINAL,NORMAL,0,,0,4.5,4505,3125
1781437003.5960946,7,10,3.2824,1.385,0.0356,0.391,NOMINAL,NORMAL,0,,0,4.2,4465,3125
1781437004.096737,7,10,3.9516,1.577,0.0394,0.397,NOMINAL,NORMAL,0,,0,4.2,4465,3125
1781437004.5962071,7,10,3.9237,1.382,0.0359,0.394,NOMINAL,NORMAL,0,,0,3.7,4505,3125
1781437005.0965345,7,10,3.0799,1.611,0.038,0.391,NOMINAL,NORMAL,0,,0,3.7,4505,3125
1781437005.5960975,7,10,3.9216,1.346,0.0373,0.38,NOMINAL,NORMAL,0,,0,4.8,4505,3125
1781437006.0958564,7,10,2.6168,1.491,0.0391,0.402,NOMINAL,NORMAL,0,,0,4.8,4505,3125
1781437006.5970306,7,10,4.1047,1.562,0.047,0.512,NOMINAL,NORMAL,0,,0,4.0,4465,3125
1781437007.0952296,7,10,2.4838,1.225,0.0348,0.386,NOMINAL,NORMAL,0,,0,4.0,4465,3125
1781437007.5970964,7,10,4.1127,1.559,0.047,0.518,NOMINAL,NORMAL,0,,0,4.3,4505,3125
1781437008.0949614,7,10,2.4703,1.182,0.0346,0.359,NOMINAL,NORMAL,0,,0,4.3,4505,3125
1781437008.5971723,7,10,4.3387,1.464,0.0467,0.495,NOMINAL,NORMAL,0,,0,4.3,4505,3125
1781437009.0949018,7,10,2.4852,1.214,0.0243,0.271,NOMINAL,NORMAL,0,,0,4.3,4505,3125
1781437009.5977998,7,10,4.3701,1.596,0.047,0.536,NOMINAL,NORMAL,0,,0,4.3,4465,3125
1781437010.09485,7,10,2.4645,1.006,0.0371,0.436,NOMINAL,NORMAL,0,,0,4.3,4465,3125
1781437010.5976045,7,10,4.3169,1.59,0.0355,0.38,NOMINAL,NORMAL,0,,0,4.2,4465,3125
1781437011.0947976,7,10,2.4437,0.972,0.082,0.421,NOMINAL,NORMAL,0,,0,4.2,4465,3125
1781437011.5966535,7,10,4.1086,1.337,0.0357,0.373,NOMINAL,NORMAL,0,,0,3.8,4465,3125
1781437012.0959425,7,10,3.9065,1.123,0.037,0.382,NOMINAL,NORMAL,0,,0,3.8,4465,3125
1781437012.5966804,7,10,3.3636,1.515,0.037,0.4,NOMINAL,NORMAL,0,,0,4.0,4465,3125
1781437013.0969362,7,10,4.0296,1.532,0.047,0.525,NOMINAL,NORMAL,0,,0,4.0,4465,3125
1781437013.5955212,7,10,2.6912,1.186,0.0355,0.371,NOMINAL,NORMAL,0,,0,4.2,4465,3126
1781437014.0950248,7,10,2.4573,1.312,0.0237,0.27,NOMINAL,NORMAL,0,,0,4.2,4465,3126
1781437014.5952053,7,10,2.4722,1.203,0.0347,0.36,NOMINAL,NORMAL,0,,0,3.7,4465,3126
1781437015.096929,7,10,4.0642,1.535,0.0484,0.503,NOMINAL,NORMAL,0,,0,3.7,4465,3126
1781437015.5952275,7,10,2.4323,1.498,0.0322,0.377,NOMINAL,NORMAL,0,,0,3.7,4425,3126
1781437016.0969121,7,10,4.0164,1.529,0.0488,0.507,NOMINAL,NORMAL,0,,0,3.7,4425,3126
1781437016.594754,7,10,2.4437,1.093,0.0229,0.278,NOMINAL,NORMAL,0,,0,3.8,4425,3126
1781437017.097516,7,10,4.3413,1.439,0.0482,0.491,NOMINAL,NORMAL,0,,0,3.8,4425,3126
1781437017.5946963,7,10,2.4554,0.875,0.0356,0.428,NOMINAL,NORMAL,0,,0,4.3,4425,3126
1781437018.0977254,7,10,4.3796,1.526,0.0363,0.416,NOMINAL,NORMAL,0,,0,4.3,4425,3126
1781437018.5952017,7,10,2.8108,1.093,0.0342,0.377,NOMINAL,NORMAL,0,,0,3.7,4425,3126
1781437019.0974295,7,10,4.1374,1.496,0.0361,0.401,NOMINAL,NORMAL,0,,0,3.7,4425,3126
1781437019.5957673,7,10,3.8114,1.048,0.0363,0.37,NOMINAL,NORMAL,0,,0,4.2,4425,3125
1781437020.0964487,7,10,3.458,1.195,0.0353,0.383,NOMINAL,NORMAL,0,,0,4.2,4425,3125
1781437020.5962355,7,10,3.9765,0.998,0.0461,0.467,NOMINAL,NORMAL,0,,0,4.0,4465,3125
1781437021.095662,7,10,2.7499,1.185,0.0345,0.396,NOMINAL,NORMAL,0,,0,4.0,4465,3125
1781437021.593854,7,10,2.2029,0.906,0.0345,0.377,NOMINAL,NORMAL,0,,0,3.5,4385,3125
1781437022.095549,7,10,2.4498,1.522,0.0351,0.404,NOMINAL,NORMAL,0,,0,3.5,4385,3125
1781437022.596793,7,10,4.0236,1.469,0.0481,0.489,NOMINAL,NORMAL,0,,0,3.8,4385,3125
1781437023.0951107,7,10,2.4479,1.299,0.0352,0.373,NOMINAL,NORMAL,0,,0,3.8,4385,3125
1781437023.5968246,7,10,4.1691,1.39,0.046,0.478,NOMINAL,NORMAL,0,,0,4.5,4425,3125
1781437024.095211,7,10,2.4531,1.511,0.0247,0.328,NOMINAL,NORMAL,0,,0,4.5,4425,3125
1781437024.5975208,7,10,4.3862,1.452,0.0473,0.493,NOMINAL,NORMAL,0,,0,4.0,4425,3125
1781437025.0947022,7,10,2.442,0.845,0.0375,0.42,NOMINAL,NORMAL,0,,0,4.0,4425,3125
1781437025.5978901,7,10,4.3248,1.81,0.0367,0.399,NOMINAL,NORMAL,0,,0,4.2,4385,3125
1781437026.0957243,7,10,3.0558,1.279,0.0367,0.396,NOMINAL,NORMAL,0,,0,4.2,4385,3125
1781437026.5971715,7,10,4.2682,1.214,0.0384,0.37,NOMINAL,NORMAL,0,,0,4.7,4425,3125
1781437027.096115,7,10,3.6795,1.343,0.0374,0.397,NOMINAL,NORMAL,0,,0,4.7,4425,3125
1781437027.5968695,7,10,3.6146,1.453,0.0359,0.405,NOMINAL,NORMAL,0,,0,3.5,4385,3125
1781437028.0961256,7,10,4.0192,1.051,0.0359,0.397,NOMINAL,NORMAL,0,,0,3.5,4385,3125
1781437028.595909,7,10,2.8564,1.41,0.035,0.37,NOMINAL,NORMAL,0,,0,3.8,4385,3125
1781437029.0938685,7,10,2.1755,0.931,0.0367,0.378,NOMINAL,NORMAL,0,,0,3.8,4385,3125
1781437029.595415,7,10,2.483,1.382,0.0321,0.348,NOMINAL,NORMAL,0,,0,4.2,4385,3125
1781437030.0970724,7,10,4.0517,1.606,0.0483,0.525,NOMINAL,NORMAL,0,,0,4.2,4385,3125
1781437030.5952427,7,10,2.4237,1.507,0.0388,0.383,NOMINAL,NORMAL,0,,0,3.7,4385,3125
1781437031.097633,7,10,4.2904,1.514,0.0498,0.507,NOMINAL,NORMAL,0,,0,3.7,4385,3125
1781437031.595074,7,10,2.4297,1.515,0.0236,0.287,NOMINAL,NORMAL,0,,0,4.8,4425,3125
1781437032.0971127,7,10,4.3233,1.432,0.0513,0.493,NOMINAL,NORMAL,0,,0,4.8,4425,3125
1781437032.594864,7,10,2.4724,1.008,0.0387,0.427,NOMINAL,NORMAL,0,,0,4.3,4425,3125
1781437033.097545,7,10,4.3585,1.474,0.041,0.421,NOMINAL,NORMAL,0,,0,4.3,4425,3125
1781437033.5950294,7,10,2.5727,1.113,0.0362,0.393,NOMINAL,NORMAL,0,,0,4.2,4385,3125
1781437034.0972126,7,10,4.3109,1.223,0.0339,0.382,NOMINAL,NORMAL,0,,0,4.2,4385,3125
1781437034.5959058,7,10,3.5224,1.275,0.0372,0.382,NOMINAL,NORMAL,0,,0,4.2,4385,3125
1781437035.096507,7,10,3.8165,1.144,0.037,0.377,NOMINAL,NORMAL,0,,0,4.2,4385,3125
1781437035.5962527,7,10,4.0353,1.262,0.0347,0.382,NOMINAL,NORMAL,0,,0,4.5,4425,3125
1781437036.0959349,7,10,3.0295,1.411,0.033,0.367,NOMINAL,NORMAL,0,,0,4.5,4425,3125
1781437036.5939102,7,10,2.2183,0.955,0.0361,0.384,NOMINAL,NORMAL,0,,0,3.7,4385,3125
1781437037.0954914,7,10,2.4691,1.47,0.0338,0.382,NOMINAL,NORMAL,0,,0,3.7,4385,3125
1781437037.5972314,7,10,4.063,1.818,0.0497,0.505,NOMINAL,NORMAL,0,,0,3.8,4385,3125
1781437038.0953262,7,10,2.4474,1.461,0.0354,0.391,NOMINAL,NORMAL,0,,0,3.8,4385,3125
1781437038.596927,7,10,4.1033,1.497,0.0473,0.498,NOMINAL,NORMAL,0,,0,3.5,4385,3125
1781437039.0951798,7,10,2.4384,1.467,0.0368,0.381,NOMINAL,NORMAL,0,,0,3.5,4385,3125
1781437039.5971754,7,10,4.071,1.792,0.0458,0.499,NOMINAL,NORMAL,0,,27,4.0,4385,3125
1781437040.0944233,7,10,2.4036,0.902,0.0244,0.258,NOMINAL,NORMAL,0,,27,4.0,4385,3125
1781437040.597808,7,10,4.3064,1.75,0.0377,0.419,NOMINAL,NORMAL,0,,0,3.7,4346,3125
1781437041.0952084,7,10,2.5899,1.307,0.0374,0.382,NOMINAL,NORMAL,0,,0,3.7,4346,3125
1781437041.5973763,7,10,4.3773,1.246,0.0352,0.374,NOMINAL,NORMAL,0,,0,4.7,4385,3125
1781437042.0959573,7,10,3.4089,1.311,0.035,0.38,NOMINAL,NORMAL,0,,0,4.7,4385,3125
1781437042.5971704,7,10,3.8047,1.555,0.0341,0.401,NOMINAL,NORMAL,0,,10,3.8,4385,3125
1781437043.0959368,7,10,3.9952,1.137,0.0356,0.388,NOMINAL,NORMAL,0,,10,3.8,4385,3125
1781437043.5960267,7,10,3.101,1.232,0.0381,0.381,NOMINAL,NORMAL,0,,0,4.0,4385,3125
1781437044.0941174,7,10,2.2019,1.171,0.0364,0.383,NOMINAL,NORMAL,0,,0,4.0,4385,3125
1781437044.595761,7,10,2.5124,1.534,0.0363,0.384,NOMINAL,NORMAL,0,,0,4.0,4385,3125
1781437045.0970905,7,10,4.0417,1.767,0.0485,0.498,NOMINAL,NORMAL,0,,0,4.0,4385,3125
1781437045.5954115,7,10,2.4598,1.519,0.0347,0.395,NOMINAL,NORMAL,0,,0,3.8,4385,3125
1781437046.0968513,7,10,4.104,1.48,0.0444,0.505,NOMINAL,NORMAL,0,,0,3.8,4385,3125
1781437046.594933,7,10,2.4571,1.197,0.0348,0.374,NOMINAL,NORMAL,0,,0,4.2,4385,3125
1781437047.0966702,7,10,3.9856,1.43,0.0453,0.488,NOMINAL,NORMAL,0,,0,4.2,4385,3125
1781437047.5949223,7,10,2.476,1.218,0.0241,0.266,NOMINAL,NORMAL,0,,0,3.7,4385,3125
1781437048.0976546,7,10,4.3413,1.488,0.0443,0.483,NOMINAL,NORMAL,0,,0,3.7,4385,3125
1781437048.5948155,7,10,2.4563,1.021,0.0369,0.432,NOMINAL,NORMAL,0,,0,4.0,4385,3126
1781437049.0949464,7,10,2.4208,1.215,0.0328,0.385,NOMINAL,NORMAL,0,,0,4.0,4385,3126
1781437049.5947502,7,10,2.1868,1.226,0.0356,0.43,NOMINAL,NORMAL,0,,0,4.0,4346,3126
1781437050.0970752,7,10,3.9919,1.437,0.0341,0.383,NOMINAL,NORMAL,0,,0,4.0,4346,3126
1781437050.5961199,7,10,3.7431,1.353,0.0364,0.381,NOMINAL,NORMAL,0,,0,4.2,4346,3126
1781437051.09631,7,10,3.2078,1.468,0.0335,0.388,NOMINAL,NORMAL,0,,0,4.2,4346,3126
1781437051.595902,7,10,3.9153,1.166,0.0364,0.388,NOMINAL,NORMAL,0,,0,4.2,4346,3126
1781437052.0952601,7,10,2.8769,1.105,0.0356,0.387,NOMINAL,NORMAL,0,,0,4.2,4346,3126
1781437052.5975654,7,10,4.3173,1.463,0.0473,0.485,NOMINAL,NORMAL,0,,0,4.7,4385,3126
1781437053.095672,7,10,2.4734,1.6,0.0356,0.402,NOMINAL,NORMAL,0,,0,4.7,4385,3126
1781437053.5963721,7,10,4.0302,1.075,0.0457,0.477,NOMINAL,NORMAL,0,,0,4.0,4346,3126
1781437054.095393,7,10,2.4368,1.571,0.0358,0.408,NOMINAL,NORMAL,0,,0,4.0,4346,3126
1781437054.5969553,7,10,4.0769,1.553,0.0471,0.507,NOMINAL,NORMAL,0,,0,3.8,4346,3126
1781437055.09469,7,10,2.4931,0.828,0.0242,0.373,NOMINAL,NORMAL,0,,0,3.8,4346,3126
1781437055.5951893,7,10,2.8402,1.209,0.0366,0.38,NOMINAL,NORMAL,0,,0,3.8,4346,3126
1781437056.094764,7,10,2.4369,0.947,0.0364,0.433,NOMINAL,NORMAL,0,,0,4.2,4353,3126
1781437056.5975754,7,10,4.4301,1.394,0.0373,0.436,NOMINAL,NORMAL,0,,0,4.2,4353,3126
1781437057.0949054,7,10,2.2823,1.208,0.0364,0.45,NOMINAL,NORMAL,0,,0,4.2,4346,3126
1781437057.5972815,7,10,4.0551,1.514,0.0362,0.392,NOMINAL,NORMAL,0,,0,4.2,4346,3126
1781437058.0961754,7,10,3.9091,1.382,0.0362,0.399,NOMINAL,NORMAL,0,,0,3.8,4385,3126
1781437058.596431,7,10,3.4214,1.444,0.035,0.389,NOMINAL,NORMAL,0,,0,3.8,4385,3126
1781437059.0969381,7,10,4.0363,1.548,0.0494,0.511,NOMINAL,NORMAL,0,,0,3.5,4353,3126
1781437059.5957658,7,10,2.6739,1.454,0.0323,0.38,NOMINAL,NORMAL,0,,0,3.5,4353,3126
1781437060.0973117,7,10,4.0752,1.838,0.0483,0.522,NOMINAL,NORMAL,0,,0,4.2,4346,3126
1781437060.5958004,7,10,2.4382,1.815,0.0357,0.409,NOMINAL,NORMAL,0,,0,4.2,4346,3126
1781437061.0972621,7,10,4.0818,1.867,0.0436,0.508,NOMINAL,NORMAL,0,,0,4.2,4385,3126
1781437061.5951629,7,10,2.4032,1.489,0.0358,0.397,NOMINAL,NORMAL,0,,0,4.2,4385,3126
1781437062.0947564,7,10,2.5605,1.326,0.0361,0.432,NOMINAL,NORMAL,0,,0,3.8,4385,3126
1781437062.59501,7,10,2.45,1.327,0.026,0.276,NOMINAL,NORMAL,0,,0,3.8,4385,3126
1781437063.098338,7,10,4.4302,2.122,0.0488,0.475,NOMINAL,NORMAL,0,,47,4.2,4385,3126
1781437063.594864,7,10,2.4641,1.132,0.0397,0.436,NOMINAL,NORMAL,0,,47,4.2,4385,3126
1781437064.0977912,7,10,4.3001,1.707,0.0356,0.414,NOMINAL,NORMAL,0,,40,4.7,4385,3125
1781437064.594801,7,10,2.3389,1.174,0.081,0.443,NOMINAL,NORMAL,0,,40,4.7,4385,3125
1781437065.097858,7,10,4.186,1.894,0.0332,0.402,NOMINAL,NORMAL,0,,26,3.8,4385,3126
1781437065.5960853,7,10,3.7677,1.342,0.036,0.392,NOMINAL,NORMAL,0,,26,3.8,4385,3126
1781437066.0972183,7,10,3.4489,1.96,0.0344,0.411,NOMINAL,NORMAL,0,,99,4.5,4385,3126
1781437066.5972097,7,10,4.0076,1.612,0.0451,0.879,NOMINAL,NORMAL,0,,99,4.5,4385,3126
1781437067.096287,7,10,2.7566,1.785,0.0341,0.403,NOMINAL,NORMAL,0,,93,4.2,4425,3126
1781437067.5971723,7,10,3.979,1.846,0.0471,0.527,NOMINAL,NORMAL,0,,93,4.2,4425,3126
1781437068.0961535,7,10,2.4772,1.982,0.0344,0.413,NOMINAL,NORMAL,0,,99,4.0,4385,3126
1781437068.5972066,7,10,4.0942,1.786,0.0506,0.516,NOMINAL,NORMAL,0,,99,4.0,4385,3126
1781437069.095592,7,10,2.4503,1.618,0.0363,0.426,NOMINAL,NORMAL,0,,99,4.3,4425,3127
1781437069.595835,7,10,3.8822,1.135,0.037,0.403,NOMINAL,NORMAL,0,,99,4.3,4425,3127
1781437070.0952206,7,10,2.4309,1.497,0.0252,0.279,NOMINAL,NORMAL,0,,99,3.8,4425,3127
1781437070.5980716,7,10,4.3567,2.12,0.049,0.523,NOMINAL,NORMAL,0,,99,3.8,4425,3127
1781437071.0950277,7,10,2.4652,1.14,0.0372,0.394,NOMINAL,NORMAL,0,,99,4.0,4425,3127
1781437071.5978286,7,10,4.3702,1.693,0.0336,0.39,NOMINAL,NORMAL,0,,99,4.0,4425,3127
1781437072.095089,7,10,2.3846,1.311,0.0386,0.401,NOMINAL,NORMAL,0,,99,4.5,4425,3127
1781437072.5976462,7,10,4.279,1.579,0.0347,0.406,NOMINAL,NORMAL,0,,99,4.5,4425,3127
1781437073.0963182,7,10,3.7018,1.335,0.0345,0.39,NOMINAL,NORMAL,0,,99,4.0,4465,3127
1781437073.596776,7,10,3.6245,1.467,0.0327,0.404,NOMINAL,NORMAL,0,,99,4.0,4465,3127
1781437074.096742,7,10,3.969,1.559,0.0495,0.508,NOMINAL,NORMAL,0,,99,3.7,4465,3127
1781437074.5960643,7,10,2.7928,1.517,0.0346,0.403,NOMINAL,NORMAL,0,,99,3.7,4465,3127
1781437075.096292,7,10,3.9074,1.578,0.0353,0.389,NOMINAL,NORMAL,0,,44,4.3,4465,3127
1781437075.595848,7,10,2.487,1.597,0.0354,0.417,NOMINAL,NORMAL,0,,44,4.3,4465,3127
1781437076.0942502,7,10,2.2299,1.233,0.0373,0.393,NOMINAL,NORMAL,0,,51,3.7,4465,3126
1781437076.5955067,7,10,2.4531,1.552,0.034,0.402,NOMINAL,NORMAL,0,,51,3.7,4465,3126
1781437077.097227,7,10,4.0004,1.847,0.049,0.543,NOMINAL,NORMAL,0,,0,3.5,4465,3126
1781437077.595572,7,10,2.4588,1.767,0.0247,0.292,NOMINAL,NORMAL,0,,0,3.5,4465,3126
1781437078.098217,7,10,4.3816,2.178,0.0478,0.537,NOMINAL,NORMAL,0,,15,4.8,4465,3126
1781437078.5946276,7,10,2.4768,0.819,0.0238,0.384,NOMINAL,NORMAL,0,,15,4.8,4465,3126
1781437079.098232,7,10,4.4255,2.012,0.0355,0.43,NOMINAL,NORMAL,0,,0,4.2,4505,3126
1781437079.5955539,7,10,2.8513,1.353,0.0364,0.393,NOMINAL,NORMAL,0,,0,4.2,4505,3126
1781437080.0974822,7,10,4.3407,1.312,0.0382,0.402,NOMINAL,NORMAL,0,,2,4.5,4465,3126
1781437080.596125,7,10,3.5388,1.313,0.0389,0.396,NOMINAL,NORMAL,0,,2,4.5,4465,3126
1781437081.0970101,7,10,3.6565,1.546,0.0348,0.43,NOMINAL,NORMAL,0,,0,4.5,4505,3126
1781437081.596616,7,10,4.0249,1.562,0.0371,0.431,NOMINAL,NORMAL,0,,0,4.5,4505,3126
1781437082.0961342,7,10,2.9243,1.522,0.0326,0.393,NOMINAL,NORMAL,0,,0,3.5,4465,3126
1781437082.594263,7,10,2.2253,1.248,0.0373,0.4,NOMINAL,NORMAL,0,,0,3.5,4465,3126
1781437083.0957816,7,10,2.4809,1.472,0.0382,0.551,NOMINAL,NORMAL,0,,26,4.0,4505,3126
1781437083.5968952,7,10,4.1111,1.487,0.0485,0.502,NOMINAL,NORMAL,0,,26,4.0,4505,3126
1781437084.0954118,7,10,2.4376,1.579,0.0381,0.418,NOMINAL,NORMAL,0,,0,3.8,4465,3126
1781437084.596838,7,10,3.9744,1.561,0.0484,0.514,NOMINAL,NORMAL,0,,0,3.8,4465,3126
1781437085.0953948,7,10,2.4358,1.795,0.0264,0.284,NOMINAL,NORMAL,0,,0,3.7,4465,3126
1781437085.5979156,7,10,4.3655,2.138,0.05,0.548,NOMINAL,NORMAL,0,,0,3.7,4465,3126
1781437086.095132,7,10,2.4647,1.387,0.0332,0.357,NOMINAL,NORMAL,0,,36,4.2,4505,3126
1781437086.597972,7,10,4.3828,1.796,0.0395,0.426,NOMINAL,NORMAL,0,,36,4.2,4505,3126
1781437087.095519,7,10,2.4773,1.66,0.0356,0.457,NOMINAL,NORMAL,0,,0,4.2,4425,3126
1781437087.5975575,7,10,4.3512,1.373,0.0387,0.417,NOMINAL,NORMAL,0,,0,4.2,4425,3126
1781437088.0958524,7,10,3.3306,1.325,0.0355,0.383,NOMINAL,NORMAL,0,,0,3.8,4465,3126
1781437088.5970488,7,10,3.9127,1.505,0.0393,0.393,NOMINAL,NORMAL,0,,0,3.8,4465,3126
1781437089.0979228,7,10,4.277,1.858,0.0483,0.498,NOMINAL,NORMAL,0,,9,3.8,4465,3126
1781437089.59629,7,10,3.0715,1.518,0.0364,0.41,NOMINAL,NORMAL,0,,9,3.8,4465,3126
1781437090.0975757,7,10,4.0484,2.138,0.052,0.569,NOMINAL,NORMAL,0,,0,4.2,4465,3126
1781437090.5955267,7,10,2.5547,1.254,0.036,0.392,NOMINAL,NORMAL,0,,0,4.2,4465,3126
1781437091.0969238,7,10,4.0094,1.505,0.0468,0.664,NOMINAL,NORMAL,0,,0,4.7,4465,3126
1781437091.5957782,7,10,2.4854,1.771,0.0364,0.418,NOMINAL,NORMAL,0,,0,4.7,4465,3126
1781437092.0975118,7,10,3.9985,2.202,0.0491,0.549,NOMINAL,NORMAL,0,,0,4.5,4465,3126
1781437092.5950685,7,10,2.4626,1.244,0.0354,0.394,NOMINAL,NORMAL,0,,0,4.5,4465,3126
1781437093.0978436,7,10,4.2395,2.243,0.0472,0.545,NOMINAL,NORMAL,0,,0,3.7,4465,3126
1781437093.5944748,7,10,2.2009,1.026,0.0269,0.302,NOMINAL,NORMAL,0,,0,3.7,4465,3126
1781437094.0978289,7,10,4.3115,1.802,0.0525,0.458,NOMINAL,NORMAL,0,,0,3.7,4425,3126
1781437094.595113,7,10,2.4728,1.172,0.038,0.47,NOMINAL,NORMAL,0,,0,3.7,4425,3126
1781437095.097034,7,10,4.3728,1.405,0.0357,0.394,NOMINAL,NORMAL,0,,0,4.3,4425,3126
1781437095.5946543,7,10,2.1773,1.178,0.0362,0.434,NOMINAL,NORMAL,0,,0,4.3,4425,3126
1781437096.0976548,7,10,3.9297,1.954,0.0377,0.415,NOMINAL,NORMAL,0,,0,3.8,4425,3126
1781437096.596147,7,10,3.9053,1.402,0.0368,0.398,NOMINAL,NORMAL,0,,0,3.8,4425,3126
1781437097.0964084,7,10,3.1594,1.465,0.0338,0.429,NOMINAL,NORMAL,0,,0,4.3,4425,3126
1781437097.5970342,7,10,4.028,1.664,0.0484,0.545,NOMINAL,NORMAL,0,,0,4.3,4425,3126
1781437098.095495,7,10,2.5419,1.205,0.0363,0.386,NOMINAL,NORMAL,0,,0,3.8,4465,3126
1781437098.5970476,7,10,3.9993,1.734,0.0473,0.508,NOMINAL,NORMAL,0,,0,3.8,4465,3126
1781437099.095632,7,10,2.4903,1.58,0.036,0.403,NOMINAL,NORMAL,0,,0,4.0,4425,3126
1781437099.5969903,7,10,4.1445,1.529,0.046,0.51,NOMINAL,NORMAL,0,,0,4.0,4425,3126
1781437100.0955284,7,10,2.4227,1.776,0.0367,0.393,NOMINAL,NORMAL,0,,0,4.0,4425,3126
1781437100.597146,7,10,4.0462,1.818,0.0489,0.507,NOMINAL,NORMAL,0,,0,4.0,4425,3126
1781437101.0952823,7,10,2.4277,1.577,0.0236,0.3,NOMINAL,NORMAL,0,,0,4.0,4385,3126
1781437101.5977378,7,10,4.3892,1.483,0.0463,0.506,NOMINAL,NORMAL,0,,0,4.0,4385,3126
1781437102.0948818,7,10,2.4775,1.011,0.0363,0.449,NOMINAL,NORMAL,0,,0,4.3,4425,3126
1781437102.5949645,7,10,2.4529,1.221,0.0257,0.282,NOMINAL,NORMAL,0,,0,4.3,4425,3126
1781437103.0955944,7,10,3.1074,1.119,0.0357,0.394,NOMINAL,NORMAL,0,,0,4.2,4425,3126
1781437103.5969853,7,10,4.1077,1.223,0.0366,0.39,NOMINAL,NORMAL,0,,0,4.2,4425,3126
1781437104.0950577,7,10,2.4659,1.273,0.0386,0.385,NOMINAL,NORMAL,0,,0,3.8,4425,3127
1781437104.5961564,7,10,3.3823,1.128,0.0396,0.381,NOMINAL,NORMAL,0,,0,3.8,4425,3127
1781437105.096802,7,10,4.0128,1.487,0.0479,0.525,NOMINAL,NORMAL,0,,0,3.7,4385,3126
1781437105.595662,7,10,2.7616,1.432,0.037,0.394,NOMINAL,NORMAL,0,,0,3.7,4385,3126
1781437106.0968387,7,10,4.0533,1.518,0.0491,0.509,NOMINAL,NORMAL,0,,0,4.3,4425,3126
1781437106.595133,7,10,2.4381,1.232,0.0369,0.391,NOMINAL,NORMAL,0,,0,4.3,4425,3126
1781437107.0960507,7,10,3.8933,1.351,0.0375,0.4,NOMINAL,NORMAL,0,,0,4.7,4425,3126
1781437107.5950606,7,10,2.4943,1.189,0.0359,0.391,NOMINAL,NORMAL,0,,0,4.7,4425,3126
1781437108.0973659,7,10,4.0947,1.959,0.048,0.534,NOMINAL,NORMAL,0,,0,4.3,4385,3126
1781437108.596062,7,10,2.9945,1.445,0.0333,0.396,NOMINAL,NORMAL,0,,0,4.3,4385,3126
1781437109.097876,7,10,4.3211,1.809,0.0478,0.523,NOMINAL,NORMAL,0,,0,4.5,4385,3126
1781437109.5948124,7,10,2.4552,1.041,0.0416,0.436,NOMINAL,NORMAL,0,,0,4.5,4385,3126
1781437110.0980105,7,10,4.3553,1.882,0.034,0.391,NOMINAL,NORMAL,0,,0,3.8,4385,3125
1781437110.5947163,7,10,2.3175,1.083,0.0364,0.415,NOMINAL,NORMAL,0,,0,3.8,4385,3125
1781437111.0974994,7,10,4.1526,1.537,0.0373,0.42,NOMINAL,NORMAL,0,,0,4.3,4385,3125
1781437111.5937858,7,10,2.1925,0.918,0.0357,0.379,NOMINAL,NORMAL,0,,0,4.3,4385,3125
1781437112.0967915,7,10,3.5264,1.535,0.0342,0.406,NOMINAL,NORMAL,0,,0,4.2,4385,3125
1781437112.596595,7,10,4.0241,1.295,0.0456,0.512,NOMINAL,NORMAL,0,,0,4.2,4385,3125
1781437113.0951812,7,10,2.6772,1.108,0.0355,0.389,NOMINAL,NORMAL,0,,0,4.0,4425,3125
1781437113.5967035,7,10,4.0601,1.402,0.0477,0.492,NOMINAL,NORMAL,0,,0,4.0,4425,3125
1781437114.095469,7,10,2.4894,1.321,0.0335,0.392,NOMINAL,NORMAL,0,,0,4.0,4425,3125
1781437114.597026,7,10,4.0015,1.775,0.0475,0.502,NOMINAL,NORMAL,0,,0,4.0,4425,3125
1781437115.0952866,7,10,2.4179,1.449,0.0369,0.398,NOMINAL,NORMAL,0,,0,4.5,4385,3125
1781437115.5956552,7,10,3.8219,1.081,0.0335,0.376,NOMINAL,NORMAL,0,,0,4.5,4385,3125
1781437116.095033,7,10,2.4887,1.204,0.0249,0.277,NOMINAL,NORMAL,0,,0,3.7,4425,3125
1781437116.597839,7,10,4.4585,1.782,0.0494,0.514,NOMINAL,NORMAL,0,,0,3.7,4425,3125
1781437117.09464,7,10,2.4527,0.845,0.037,0.447,NOMINAL,NORMAL,0,,0,3.8,4385,3125
1781437117.595193,7,10,2.4271,1.287,0.0367,0.403,NOMINAL,NORMAL,0,,0,3.8,4385,3125
1781437118.095498,7,10,2.8666,1.302,0.0353,0.396,NOMINAL,NORMAL,0,,0,3.8,4425,3125
1781437118.5974932,7,10,4.2497,1.538,0.0328,0.39,NOMINAL,NORMAL,0,,0,3.8,4425,3125
1781437119.0944405,7,10,2.1672,1.18,0.0361,0.385,NOMINAL,NORMAL,0,,0,3.7,4385,3125
1781437119.5965679,7,10,3.6413,1.214,0.034,0.379,NOMINAL,NORMAL,0,,0,3.7,4385,3125
1781437120.0961635,7,10,3.8744,1.361,0.0354,0.377,NOMINAL,NORMAL,0,,0,4.0,4346,3126
1781437120.5961518,7,10,2.8997,1.565,0.0348,0.39,NOMINAL,NORMAL,0,,0,4.0,4346,3126
1781437121.0969062,7,10,4.0314,1.577,0.0457,0.494,NOMINAL,NORMAL,0,,0,4.2,4385,3126
1781437121.5957081,7,10,2.4676,1.568,0.0337,0.405,NOMINAL,NORMAL,0,,0,4.2,4385,3126
1781437122.0968,7,10,3.9958,1.616,0.0356,0.403,NOMINAL,NORMAL,0,,0,3.8,4346,3126
1781437122.5956213,7,10,2.4667,1.657,0.035,0.406,NOMINAL,NORMAL,0,,0,3.8,4346,3126
1781437123.0963292,7,10,3.9495,1.488,0.0356,0.385,NOMINAL,NORMAL,0,,0,4.0,4385,3126
1781437123.5954046,7,10,2.4458,1.612,0.0349,0.395,NOMINAL,NORMAL,0,,0,4.0,4385,3126
1781437124.0960157,7,10,3.8722,1.339,0.0363,0.385,NOMINAL,NORMAL,0,,0,4.7,4385,3126
1781437124.5948133,7,10,2.435,1.044,0.0386,0.431,NOMINAL,NORMAL,0,,0,4.7,4385,3126
1781437125.0980253,7,10,4.3721,1.878,0.0361,0.41,NOMINAL,NORMAL,0,,0,3.7,4346,3126
1781437125.5953174,7,10,2.8202,1.13,0.0362,0.384,NOMINAL,NORMAL,0,,0,3.7,4346,3126
1781437126.0964484,7,10,3.9689,1.464,0.0365,0.39,NOMINAL,NORMAL,0,,0,3.7,4385,3126
1781437126.5960042,7,10,3.5122,1.346,0.0366,0.391,NOMINAL,NORMAL,0,,0,3.7,4385,3126
1781437127.0969942,7,10,3.734,1.511,0.0349,0.385,NOMINAL,NORMAL,0,,0,4.2,4346,3126
1781437127.5964563,7,10,4.0985,1.414,0.0354,0.39,NOMINAL,NORMAL,0,,0,4.2,4346,3126
1781437128.0962727,7,10,2.9657,1.533,0.0334,0.384,NOMINAL,NORMAL,0,,0,3.8,4385,3126
1781437128.5972848,7,10,4.0931,1.829,0.047,0.519,NOMINAL,NORMAL,0,,0,3.8,4385,3126
1781437129.095411,7,10,2.4796,1.237,0.0311,0.367,NOMINAL,NORMAL,0,,0,3.7,4385,3126
1781437129.5968173,7,10,4.0261,1.516,0.0454,0.495,NOMINAL,NORMAL,0,,0,3.7,4385,3126
1781437130.0954297,7,10,2.4681,1.588,0.033,0.406,NOMINAL,NORMAL,0,,0,4.0,4346,3126
1781437130.5967755,7,10,4.0553,1.449,0.0457,0.489,NOMINAL,NORMAL,0,,0,4.0,4346,3126
1781437131.0947802,7,10,2.4574,1.11,0.0345,0.388,NOMINAL,NORMAL,0,,0,4.5,4346,3126
1781437131.5971708,7,10,4.3316,1.49,0.0491,0.5,NOMINAL,NORMAL,0,,0,4.5,4346,3126
1781437132.0945601,7,10,2.4603,0.888,0.0239,0.292,NOMINAL,NORMAL,0,,30,4.3,4346,3126
1781437132.597947,7,10,4.3852,1.69,0.0397,0.443,NOMINAL,NORMAL,0,,30,4.3,4346,3126
1781437133.0969105,7,10,4.0916,1.496,0.0456,0.495,NOMINAL,NORMAL,0,,0,4.3,4346,3126
1781437133.5974708,7,10,4.386,1.287,0.0364,0.401,NOMINAL,NORMAL,0,,0,4.3,4346,3126
1781437134.0953035,7,10,2.9374,1.067,0.0347,0.37,NOMINAL,NORMAL,0,,0,3.8,4346,3126
1781437134.5968497,7,10,3.8853,1.223,0.0418,0.392,NOMINAL,NORMAL,0,,0,3.8,4346,3126
1781437135.096028,7,10,4.0512,1.091,0.0356,0.385,NOMINAL,NORMAL,0,,0,3.8,4346,3126
1781437135.5960612,7,10,3.0848,1.263,0.0362,0.399,NOMINAL,NORMAL,0,,26,4.2,4346,3126
1781437136.0938945,7,10,2.1801,0.968,0.0363,0.386,NOMINAL,NORMAL,0,,26,4.2,4346,3126
1781437136.595532,7,10,2.5133,1.289,0.0344,0.388,NOMINAL,NORMAL,0,,0,4.0,4346,3126
1781437137.0968046,7,10,4.0159,1.478,0.0478,0.49,NOMINAL,NORMAL,0,,0,4.0,4346,3126
1781437137.5953677,7,10,2.4665,1.262,0.0361,0.505,NOMINAL,NORMAL,0,,0,3.8,4346,3126
1781437138.0969794,7,10,4.0814,1.561,0.0456,0.503,NOMINAL,NORMAL,0,,0,3.8,4346,3126
1781437138.5951684,7,10,2.4126,1.509,0.0301,0.371,NOMINAL,NORMAL,0,,0,4.2,4385,3126
1781437139.0975037,7,10,4.2915,1.837,0.0429,0.527,NOMINAL,NORMAL,0,,0,4.2,4385,3126
1781437139.5948553,7,10,2.4438,1.206,0.024,0.275,NOMINAL,NORMAL,0,,0,3.8,4385,3126
1781437140.0982032,7,10,4.3525,1.978,0.0388,0.438,NOMINAL,NORMAL,0,,0,3.8,4385,3126
1781437140.5951164,7,10,2.4587,1.322,0.0349,0.384,NOMINAL,NORMAL,0,,0,4.0,4385,3126
1781437141.0978699,7,10,4.3825,1.641,0.0336,0.409,NOMINAL,NORMAL,0,,0,4.0,4385,3126
1781437141.5953429,7,10,2.4683,1.502,0.0356,0.395,NOMINAL,NORMAL,0,,0,4.7,4425,3126
1781437142.0971756,7,10,4.0005,1.476,0.0341,0.396,NOMINAL,NORMAL,0,,0,4.7,4425,3126
1781437142.5962245,7,10,3.9514,1.357,0.0354,0.39,NOMINAL,NORMAL,0,,0,3.7,4385,3126
1781437143.0964494,7,10,3.2441,1.455,0.0335,0.397,NOMINAL,NORMAL,0,,0,3.7,4385,3126
1781437143.5970895,7,10,4.1141,1.646,0.0457,0.504,NOMINAL,NORMAL,0,,64,4.2,4385,3127
1781437144.0950322,7,10,2.4412,1.246,0.0356,0.399,NOMINAL,NORMAL,0,,64,4.2,4385,3127
1781437144.5970984,7,10,4.0408,1.802,0.0457,0.494,NOMINAL,NORMAL,0,,99,4.5,4425,3126
1781437145.0956702,7,10,2.4879,1.637,0.0352,0.421,NOMINAL,NORMAL,0,,99,4.5,4425,3126
1781437145.5940583,7,10,2.2031,1.155,0.0345,0.377,NOMINAL,NORMAL,0,,99,4.3,4385,3126
1781437146.0953918,7,10,2.4978,1.533,0.0333,0.396,NOMINAL,NORMAL,0,,99,4.3,4385,3126
1781437146.5972497,7,10,4.1571,1.792,0.0475,0.514,NOMINAL,NORMAL,0,,99,4.7,4385,3126
1781437147.0961313,7,10,2.8552,1.513,0.0329,0.423,NOMINAL,NORMAL,0,,99,4.7,4385,3126
1781437147.5981052,7,10,4.3456,1.765,0.0462,0.673,NOMINAL,NORMAL,0,,99,3.5,4425,3126
1781437148.09514,7,10,2.4367,1.338,0.0379,0.411,NOMINAL,NORMAL,0,,99,3.5,4425,3126
1781437148.5976808,7,10,4.3264,1.606,0.0354,0.423,NOMINAL,NORMAL,0,,99,4.7,4425,3126
1781437149.0959413,7,10,3.1871,1.354,0.0393,0.391,NOMINAL,NORMAL,0,,99,4.7,4425,3126
1781437149.5973527,7,10,4.0907,1.471,0.0345,0.416,NOMINAL,NORMAL,0,,99,4.2,4425,3126
1781437150.0952647,7,10,2.5036,1.29,0.0367,0.412,NOMINAL,NORMAL,0,,99,4.2,4425,3126
1781437150.5964086,7,10,3.3561,1.446,0.0371,0.373,NOMINAL,NORMAL,0,,99,4.7,4465,3126
1781437151.0969326,7,10,4.0592,1.506,0.0487,0.524,NOMINAL,NORMAL,0,,99,4.7,4465,3126
1781437151.5955873,7,10,2.645,1.254,0.0333,0.401,NOMINAL,NORMAL,0,,99,4.2,4465,3127
1781437152.0939894,7,10,2.1889,1.044,0.0359,0.389,NOMINAL,NORMAL,0,,99,4.2,4465,3127
1781437152.5957735,7,10,2.4984,1.575,0.1417,0.508,NOMINAL,NORMAL,0,,99,4.5,4465,3127
1781437153.0973747,7,10,4.106,1.849,0.0472,0.555,NOMINAL,NORMAL,0,,99,4.5,4465,3127
1781437153.59517,7,10,2.4311,1.459,0.0325,0.367,NOMINAL,NORMAL,0,,99,4.2,4465,3127
1781437154.0974295,7,10,4.2066,1.855,0.046,0.508,NOMINAL,NORMAL,0,,99,4.2,4465,3127
1781437154.595009,7,10,2.4547,1.369,0.0229,0.271,NOMINAL,NORMAL,0,,90,4.2,4465,3127
1781437155.0979235,7,10,4.3964,1.827,0.0465,0.513,NOMINAL,NORMAL,0,,90,4.2,4465,3127
1781437155.5949125,7,10,2.4524,1.15,0.0364,0.388,NOMINAL,NORMAL,0,,45,4.2,4505,3127
1781437156.097743,7,10,4.2991,1.623,0.0375,0.409,NOMINAL,NORMAL,0,,45,4.2,4505,3127
1781437156.5954278,7,10,2.9773,1.113,0.0363,0.389,NOMINAL,NORMAL,0,,0,4.5,4505,3127
1781437157.0975168,7,10,4.1834,1.562,0.036,0.414,NOMINAL,NORMAL,0,,0,4.5,4505,3127
1781437157.595937,7,10,3.7851,1.136,0.037,0.389,NOMINAL,NORMAL,0,,8,4.2,4465,3127
1781437158.0965428,7,10,3.5218,1.256,0.0356,0.39,NOMINAL,NORMAL,0,,8,4.2,4465,3127
1781437158.5950663,7,10,3.2014,1.097,0.0351,0.366,NOMINAL,NORMAL,0,,0,3.8,4505,3127
1781437159.0956206,7,10,2.7585,1.224,0.0334,0.376,NOMINAL,NORMAL,0,,0,3.8,4505,3127
1781437159.5969362,7,10,4.0017,1.618,0.0442,0.498,NOMINAL,NORMAL,0,,0,4.5,4505,3127
1781437160.0953193,7,10,2.4684,1.25,0.0361,0.39,NOMINAL,NORMAL,0,,0,4.5,4505,3127
1781437160.5968778,7,10,4.0719,1.482,0.0485,0.501,NOMINAL,NORMAL,0,,0,3.7,4465,3127
1781437161.0951533,7,10,2.4609,1.337,0.0336,0.379,NOMINAL,NORMAL,0,,0,3.7,4465,3127
1781437161.5974667,7,10,4.1181,1.913,0.0453,0.53,NOMINAL,NORMAL,0,,0,3.8,4465,3126
1781437162.0951257,7,10,2.4421,1.487,0.0241,0.293,NOMINAL,NORMAL,0,,0,3.8,4465,3126
1781437162.5980163,7,10,4.4829,1.853,0.0481,0.513,NOMINAL,NORMAL,0,,0,4.2,4465,3126
1781437163.094966,7,10,2.4871,1.139,0.0364,0.392,NOMINAL,NORMAL,0,,0,4.2,4465,3126
1781437163.5980456,7,10,4.4064,1.745,0.0361,0.427,NOMINAL,NORMAL,0,,0,4.5,4505,3126
1781437164.0955977,7,10,2.9232,1.317,0.0355,0.375,NOMINAL,NORMAL,0,,0,4.5,4505,3126
1781437164.5973194,7,10,4.2839,1.267,0.0352,0.377,NOMINAL,NORMAL,0,,0,4.3,4465,3126
1781437165.0960033,7,10,3.6445,1.301,0.0359,0.376,NOMINAL,NORMAL,0,,0,4.3,4465,3126
1781437165.596821,7,10,3.5621,1.491,0.0346,0.393,NOMINAL,NORMAL,0,,0,3.7,4505,3126
1781437166.0962484,7,10,3.9804,1.286,0.037,0.389,NOMINAL,NORMAL,0,,0,3.7,4505,3126
1781437166.5962396,7,10,2.8981,1.533,0.0748,0.447,NOMINAL,NORMAL,0,,0,4.0,4505,3126
1781437167.0960157,7,10,3.8973,1.324,0.0367,0.39,NOMINAL,NORMAL,0,,0,4.0,4505,3126
1781437167.5954983,7,10,2.5022,1.268,0.0353,0.396,NOMINAL,NORMAL,0,,0,4.5,4465,3126
1781437168.0971322,7,10,4.0349,1.791,0.0477,0.505,NOMINAL,NORMAL,0,,0,4.5,4465,3126
1781437168.595407,7,10,2.4389,1.533,0.0346,0.385,NOMINAL,NORMAL,0,,0,3.7,4465,3126
1781437169.0971272,7,10,4.0168,1.805,0.0482,0.51,NOMINAL,NORMAL,0,,0,3.7,4465,3126
1781437169.595278,7,10,2.502,1.523,0.0256,0.272,NOMINAL,NORMAL,0,,0,4.2,4465,3126
1781437170.0964758,7,10,3.5117,1.684,0.0378,0.392,NOMINAL,NORMAL,0,,0,4.2,4465,3126
1781437170.5949893,7,10,2.4604,1.117,0.0368,0.392,NOMINAL,NORMAL,0,,0,4.0,4505,3126
1781437171.097953,7,10,4.3925,1.787,0.0396,0.404,NOMINAL,NORMAL,0,,0,4.0,4505,3126
1781437171.5956101,7,10,2.7594,1.391,0.0373,0.389,NOMINAL,NORMAL,0,,0,4.5,4465,3126
1781437172.097679,7,10,4.3122,1.574,0.0373,0.41,NOMINAL,NORMAL,0,,0,4.5,4465,3126
1781437172.5961912,7,10,3.5703,1.373,0.0371,0.393,NOMINAL,NORMAL,0,,0,3.8,4465,3126
1781437173.0967977,7,10,3.6853,1.246,0.0364,0.393,NOMINAL,NORMAL,0,,0,3.8,4465,3126
1781437173.5963569,7,10,4.0955,1.309,0.0366,0.386,NOMINAL,NORMAL,0,,0,4.0,4465,3126
1781437174.0962107,7,10,2.9487,1.533,0.0381,0.423,NOMINAL,NORMAL,0,,0,4.0,4465,3126
1781437174.59414,7,10,2.2027,1.199,0.0361,0.384,NOMINAL,NORMAL,0,,0,4.0,4425,3126
1781437175.0954356,7,10,2.5243,1.239,0.0356,0.385,NOMINAL,NORMAL,0,,0,4.0,4425,3126
1781437175.5972679,7,10,4.0922,1.854,0.0471,0.512,NOMINAL,NORMAL,0,,0,4.0,4425,3126
1781437176.095489,7,10,2.5255,1.505,0.0348,0.392,NOMINAL,NORMAL,0,,0,4.0,4425,3126
1781437176.598214,7,10,4.419,1.847,0.0465,0.511,NOMINAL,NORMAL,0,,0,4.2,4425,3126
1781437177.0949771,7,10,2.4649,1.231,0.035,0.371,NOMINAL,NORMAL,0,,0,4.2,4425,3126
1781437177.596947,7,10,4.0908,1.534,0.0492,0.504,NOMINAL,NORMAL,0,,0,4.0,4425,3127
1781437178.0948453,7,10,2.4431,1.078,0.0261,0.377,NOMINAL,NORMAL,0,,0,4.0,4425,3127
1781437178.5977333,7,10,4.3715,1.531,0.0381,0.438,NOMINAL,NORMAL,0,,0,3.8,4425,3127
1781437179.095212,7,10,2.4531,1.377,0.0374,0.391,NOMINAL,NORMAL,0,,0,3.8,4425,3127
1781437179.597461,7,10,4.2819,1.363,0.0376,0.407,NOMINAL,NORMAL,0,,0,5.2,4425,3127
1781437180.095912,7,10,3.2899,1.32,0.0362,0.381,NOMINAL,NORMAL,0,,0,5.2,4425,3127
1781437180.596998,7,10,3.9068,1.474,0.0348,0.392,NOMINAL,NORMAL,0,,0,3.8,4425,3127
1781437181.096117,7,10,4.0277,1.321,0.0341,0.379,NOMINAL,NORMAL,0,,0,3.8,4425,3127
1781437181.5963042,7,10,3.1022,1.532,0.0364,0.395,NOMINAL,NORMAL,0,,9,3.8,4425,3127
1781437182.0957525,7,10,3.8534,1.107,0.0375,0.396,NOMINAL,NORMAL,0,,9,3.8,4425,3127
1781437182.5955098,7,10,2.5378,1.259,0.0345,0.397,NOMINAL,NORMAL,0,,0,3.8,4425,3127
1781437183.0973108,7,10,4.1436,1.873,0.0464,0.523,NOMINAL,NORMAL,0,,0,3.8,4425,3127
1781437183.5950265,7,10,2.4497,1.191,0.0336,0.383,NOMINAL,NORMAL,0,,0,4.5,4465,3127
1781437184.0968742,7,10,4.1195,1.508,0.0479,0.504,NOMINAL,NORMAL,0,,0,4.5,4465,3127
1781437184.5948503,7,10,2.4426,1.147,0.033,0.404,NOMINAL,NORMAL,0,,0,3.5,4425,3127
1781437185.0973225,7,10,4.2702,1.761,0.0488,0.505,NOMINAL,NORMAL,0,,0,3.5,4425,3127
1781437185.5946782,7,10,2.4673,1.007,0.024,0.303,NOMINAL,NORMAL,0,,0,4.3,4425,3127
1781437186.0982995,7,10,4.4107,2.125,0.0409,0.44,NOMINAL,NORMAL,0,,0,4.3,4425,3127
1781437186.5949776,7,10,2.469,1.268,0.0363,0.401,NOMINAL,NORMAL,0,,0,4.3,4425,3127
1781437187.097762,7,10,4.406,1.596,0.035,0.421,NOMINAL,NORMAL,0,,0,4.3,4425,3127
1781437187.5946603,7,10,2.1791,1.172,0.0368,0.427,NOMINAL,NORMAL,0,,0,3.8,4425,3127
1781437188.0971217,7,10,3.9842,1.442,0.0358,0.408,NOMINAL,NORMAL,0,,0,3.8,4425,3127
1781437188.5961406,7,10,4.0174,1.026,0.0357,0.391,NOMINAL,NORMAL,0,,0,3.8,4385,3127
1781437189.0963793,7,10,3.2563,1.46,0.0336,0.393,NOMINAL,NORMAL,0,,0,3.8,4385,3127
1781437189.5966659,7,10,4.036,1.398,0.0459,0.494,NOMINAL,NORMAL,0,,0,3.8,4425,3127
1781437190.0957086,7,10,2.6021,1.47,0.0365,0.404,NOMINAL,NORMAL,0,,0,3.8,4425,3127
1781437190.5970662,7,10,4.0656,1.732,0.0472,0.502,NOMINAL,NORMAL,0,,0,3.8,4425,3127
1781437191.0954354,7,10,2.4602,1.469,0.0374,0.406,NOMINAL,NORMAL,0,,0,3.8,4425,3127
1781437191.5980487,7,10,4.439,1.745,0.0509,0.52,NOMINAL,NORMAL,0,,0,4.2,4385,3127
1781437192.0953217,7,10,2.461,1.507,0.0367,0.425,NOMINAL,NORMAL,0,,0,4.2,4385,3127
1781437192.597312,7,10,4.2551,1.758,0.05,0.52,NOMINAL,NORMAL,0,,0,4.3,4385,3127
1781437193.0949688,7,10,2.4775,1.319,0.0252,0.294,NOMINAL,NORMAL,0,,0,4.3,4385,3127
1781437193.5976646,7,10,4.2949,1.737,0.0455,0.5,NOMINAL,NORMAL,0,,0,4.3,4385,3127
1781437194.0949643,7,10,2.4838,1.187,0.0376,0.396,NOMINAL,NORMAL,0,,0,4.3,4385,3127
1781437194.597701,7,10,4.3135,1.614,0.0375,0.407,NOMINAL,NORMAL,0,,0,4.5,4385,3127
1781437195.0948935,7,10,2.3918,1.151,0.0366,0.437,NOMINAL,NORMAL,0,,0,4.5,4385,3127
1781437195.597221,7,10,4.1371,1.441,0.0375,0.374,NOMINAL,NORMAL,0,,0,3.8,4385,3127
1781437196.096181,7,10,3.9005,1.356,0.0359,0.388,NOMINAL,NORMAL,0,,0,3.8,4385,3127
1781437196.5963235,7,10,3.4533,1.189,0.033,0.388,NOMINAL,NORMAL,0,,0,4.2,4425,3127
1781437197.0968647,7,10,4.0761,1.458,0.0481,0.515,NOMINAL,NORMAL,0,,0,4.2,4425,3127
1781437197.5949414,7,10,2.4824,1.014,0.0353,0.466,NOMINAL,NORMAL,0,,0,3.8,4385,3127
1781437198.09738,7,10,4.0192,1.956,0.0474,0.543,NOMINAL,NORMAL,0,,0,3.8,4385,3127
1781437198.595612,7,10,2.5025,1.523,0.0329,0.392,NOMINAL,NORMAL,0,,0,4.2,4385,3128
1781437199.096179,7,10,4.0072,1.359,0.0363,0.387,NOMINAL,NORMAL,0,,0,4.2,4385,3128
1781437199.5952713,7,10,2.4621,1.504,0.0319,0.373,NOMINAL,NORMAL,0,,0,4.5,4385,3128
1781437200.0974345,7,10,4.1456,1.895,0.0463,0.511,NOMINAL,NORMAL,0,,0,4.5,4385,3128
1781437200.5943947,7,10,2.4185,0.787,0.0243,0.258,NOMINAL,NORMAL,0,,0,4.8,4385,3128
1781437201.0974984,7,10,4.4094,1.515,0.0483,0.505,NOMINAL,NORMAL,0,,0,4.8,4385,3128
1781437201.5949295,7,10,2.4563,1.169,0.0364,0.389,NOMINAL,NORMAL,0,,0,4.2,4385,3128
1781437202.0977972,7,10,4.3289,1.721,0.0391,0.391,NOMINAL,NORMAL,0,,0,4.2,4385,3128
1781437202.5962744,7,10,3.1212,1.719,0.0377,0.409,NOMINAL,NORMAL,0,,0,4.0,4385,3128
1781437203.0974543,7,10,4.1824,1.53,0.0355,0.387,NOMINAL,NORMAL,0,,0,4.0,4385,3128
1781437203.5961583,7,10,3.7277,1.383,0.0353,0.387,NOMINAL,NORMAL,0,,0,4.0,4353,3128
1781437204.0969896,7,10,3.5922,1.756,0.0342,0.388,NOMINAL,NORMAL,0,,0,4.0,4353,3128
1781437204.59652,7,10,3.9635,1.363,0.045,0.492,NOMINAL,NORMAL,0,,0,4.0,4385,3128
1781437205.096046,7,10,2.7831,1.574,0.0352,0.408,NOMINAL,NORMAL,0,,0,4.0,4385,3128
1781437205.597333,7,10,4.0776,1.905,0.0445,0.52,NOMINAL,NORMAL,0,,0,3.7,4346,3128
1781437206.0956812,7,10,3.0369,1.517,0.034,0.389,NOMINAL,NORMAL,0,,0,3.7,4346,3128
1781437206.5974836,7,10,4.1749,1.936,0.0503,0.529,NOMINAL,NORMAL,0,,0,4.2,4353,3128
1781437207.0956075,7,10,2.4219,1.806,0.0342,0.408,NOMINAL,NORMAL,0,,0,4.2,4353,3128
1781437207.5945816,7,10,2.198,1.511,0.0356,0.46,NOMINAL,NORMAL,0,,0,4.3,4346,3128
1781437208.0953927,7,10,2.52,1.666,0.0239,0.279,NOMINAL,NORMAL,0,,0,4.3,4346,3128
1781437208.59785,7,10,4.3937,1.876,0.049,0.556,NOMINAL,NORMAL,0,,0,4.0,4346,3128
1781437209.095255,7,10,2.4664,1.435,0.0365,0.402,NOMINAL,NORMAL,0,,0,4.0,4346,3128
1781437209.5982826,7,10,4.4202,2.064,0.0366,0.409,NOMINAL,NORMAL,0,,0,4.3,4353,3128
1781437210.0954146,7,10,2.4193,1.597,0.037,0.395,NOMINAL,NORMAL,0,,0,4.3,4353,3128
1781437210.5973656,7,10,4.3244,1.289,0.0353,0.375,NOMINAL,NORMAL,0,,0,3.8,4353,3128
1781437211.0963943,7,10,3.5861,1.633,0.0345,0.395,NOMINAL,NORMAL,0,,0,3.8,4353,3128
1781437211.5966403,7,10,3.643,1.245,0.0348,0.392,NOMINAL,NORMAL,0,,0,4.0,4353,3128
1781437212.0963244,7,10,4.0849,1.287,0.0343,0.378,NOMINAL,NORMAL,0,,0,4.0,4353,3128
1781437212.5958443,7,10,2.8819,1.217,0.0361,0.362,NOMINAL,NORMAL,0,,0,3.8,4346,3128
1781437213.094202,7,10,2.2015,1.226,0.0368,0.401,NOMINAL,NORMAL,0,,0,3.8,4346,3128
1781437213.5949955,7,10,2.4859,1.212,0.0362,0.394,NOMINAL,NORMAL,0,,0,4.2,4385,3128
1781437214.097696,7,10,4.0796,2.291,0.0476,0.525,NOMINAL,NORMAL,0,,0,4.2,4385,3128
1781437214.5960424,7,10,2.5434,1.997,0.0347,0.412,NOMINAL,NORMAL,0,,0,4.2,4385,3128
1781437215.0973015,7,10,4.1,1.843,0.0491,0.507,NOMINAL,NORMAL,0,,0,4.8,4385,3128
1781437215.5952795,7,10,2.4893,1.549,0.0238,0.29,NOMINAL,NORMAL,0,,0,4.8,4385,3128
1781437216.0972376,7,10,4.0377,1.909,0.0487,0.502,NOMINAL,NORMAL,0,,0,4.0,4385,3128
1781437216.5953689,7,10,2.5119,1.453,0.0371,0.412,NOMINAL,NORMAL,0,,0,4.0,4385,3128
1781437217.0980158,7,10,4.3773,1.823,0.0398,0.431,NOMINAL,NORMAL,0,,0,4.2,4346,3128
1781437217.5957448,7,10,2.8976,1.381,0.0368,0.397,NOMINAL,NORMAL,0,,0,4.2,4346,3128
1781437218.0977867,7,10,4.3627,1.589,0.0348,0.395,NOMINAL,NORMAL,0,,0,4.2,4346,3128
1781437218.5959637,7,10,3.3008,1.321,0.0373,0.387,NOMINAL,NORMAL,0,,0,4.2,4346,3128
1781437219.0973506,7,10,3.8383,1.792,0.0364,0.398,NOMINAL,NORMAL,0,,0,3.3,4353,3128
1781437219.5963857,7,10,4.1004,1.35,0.0358,0.393,NOMINAL,NORMAL,0,,0,3.3,4353,3128
1781437220.0966723,7,10,3.0025,1.981,0.0353,0.41,NOMINAL,NORMAL,0,,0,3.8,4385,3128
1781437220.5961344,7,10,3.9459,1.38,0.0351,0.387,NOMINAL,NORMAL,0,,0,3.8,4385,3128
1781437221.0957892,7,10,2.54,1.548,0.0352,0.39,NOMINAL,NORMAL,0,,0,4.3,4385,3128
1781437221.5969467,7,10,4.1088,1.513,0.0501,0.493,NOMINAL,NORMAL,0,,0,4.3,4385,3128
1781437222.09549,7,10,2.4817,1.557,0.035,0.391,NOMINAL,NORMAL,0,,0,4.2,4385,3129
1781437222.5971603,7,10,4.1138,1.634,0.0477,0.51,NOMINAL,NORMAL,0,,0,4.2,4385,3129
1781437223.0952249,7,10,2.5193,1.309,0.0346,0.41,NOMINAL,NORMAL,0,,40,4.0,4385,3129
1781437223.5974717,7,10,4.3554,1.788,0.05,0.498,NOMINAL,NORMAL,0,,40,4.0,4385,3129
1781437224.0949645,7,10,2.4759,1.144,0.0255,0.314,NOMINAL,NORMAL,0,,28,3.8,4385,3128
1781437224.5975566,7,10,4.3696,1.441,0.047,0.452,NOMINAL,NORMAL,0,,28,3.8,4385,3128
1781437225.0950234,7,10,2.5118,1.133,0.0365,0.383,NOMINAL,NORMAL,0,,99,3.8,4385,3128
1781437225.5977235,7,10,4.4018,1.603,0.0332,0.408,NOMINAL,NORMAL,0,,99,3.8,4385,3128
1781437226.0960124,7,10,3.3794,1.332,0.037,0.383,NOMINAL,NORMAL,0,,99,4.2,4385,3128
1781437226.5970778,7,10,3.8931,1.5,0.038,0.402,NOMINAL,NORMAL,0,,99,4.2,4385,3128
1781437227.0959203,7,10,4.0341,1.122,0.0353,0.386,NOMINAL,NORMAL,0,,99,4.5,4425,3128
1781437227.5959814,7,10,3.0833,1.197,0.0324,0.371,NOMINAL,NORMAL,0,,99,4.5,4425,3128
1781437228.0958738,7,10,3.707,1.33,0.037,0.43,NOMINAL,NORMAL,0,,99,4.0,4425,3128
1781437228.5954826,7,10,2.7935,1.467,0.0373,0.412,NOMINAL,NORMAL,0,,99,4.0,4425,3128
1781437229.0973394,7,10,4.089,1.876,0.0459,0.541,NOMINAL,NORMAL,0,,99,4.2,4465,3127
1781437229.5955362,7,10,2.4928,1.527,0.0345,0.403,NOMINAL,NORMAL,0,,99,4.2,4465,3127
1781437230.0972567,7,10,4.0714,1.816,0.0465,0.516,NOMINAL,NORMAL,0,,99,4.2,4465,3127
1781437230.5948443,7,10,2.4639,1.108,0.0351,0.384,NOMINAL,NORMAL,0,,99,4.2,4465,3127
1781437231.0976903,7,10,4.1993,2.156,0.0463,0.52,NOMINAL,NORMAL,0,,99,4.2,4425,3127
1781437231.5952933,7,10,2.4824,1.575,0.0254,0.335,NOMINAL,NORMAL,0,,99,4.2,4425,3127
1781437232.0980556,7,10,4.3843,1.845,0.0626,0.472,NOMINAL,NORMAL,0,,99,4.3,4425,3128
1781437232.5950766,7,10,2.4565,1.297,0.0363,0.393,NOMINAL,NORMAL,0,,99,4.3,4425,3128
1781437233.0977395,7,10,4.5017,1.363,0.0386,0.413,NOMINAL,NORMAL,0,,99,4.5,4465,3128
1781437233.5954742,7,10,3.1884,1.035,0.0361,0.373,NOMINAL,NORMAL,0,,99,4.5,4465,3128
1781437234.0978174,7,10,4.0168,2.018,0.0341,0.416,NOMINAL,NORMAL,0,,90,4.2,4505,3127
1781437234.5961506,7,10,3.9873,1.337,0.0382,0.404,NOMINAL,NORMAL,0,,90,4.2,4505,3127
1781437235.0965781,7,10,3.2376,1.564,0.0348,0.408,NOMINAL,NORMAL,0,,62,4.3,4505,3128
1781437235.5965953,7,10,4.0866,1.235,0.0479,0.51,NOMINAL,NORMAL,0,,62,4.3,4505,3128
1781437236.0956907,7,10,2.6312,1.29,0.0379,0.406,NOMINAL,NORMAL,0,,31,4.3,4505,3127
1781437236.5966842,7,10,4.1025,1.343,0.0468,0.487,NOMINAL,NORMAL,0,,31,4.3,4505,3127
1781437237.0956073,7,10,2.499,1.533,0.0372,0.406,NOMINAL,NORMAL,0,,23,4.0,4465,3127
1781437237.5976048,7,10,4.0793,2.166,0.0493,0.539,NOMINAL,NORMAL,0,,23,4.0,4465,3127
1781437238.0958729,7,10,2.4717,1.973,0.0348,0.426,NOMINAL,NORMAL,0,,0,4.2,4465,3128
1781437238.5969598,7,10,4.0977,1.54,0.0499,0.519,NOMINAL,NORMAL,0,,0,4.2,4465,3128
1781437239.0960276,7,10,3.8231,1.18,0.0367,0.385,NOMINAL,NORMAL,0,,0,4.2,4465,3128
1781437239.5974123,7,10,4.4058,1.381,0.0486,0.485,NOMINAL,NORMAL,0,,0,4.2,4465,3128
1781437240.094719,7,10,2.4805,0.885,0.0352,0.429,NOMINAL,NORMAL,0,,6,4.3,4465,3127
1781437240.5972667,7,10,4.2929,1.445,0.0362,0.386,NOMINAL,NORMAL,0,,6,4.3,4465,3127
1781437241.094525,7,10,2.3242,0.964,0.0364,0.415,NOMINAL,NORMAL,0,,0,3.5,4465,3127
1781437241.5968177,7,10,4.154,1.127,0.0379,0.375,NOMINAL,NORMAL,0,,0,3.5,4465,3127
1781437242.0959718,7,10,3.8039,1.133,0.0362,0.386,NOMINAL,NORMAL,0,,0,3.8,4465,3127
1781437242.5962362,7,10,3.4098,1.147,0.0341,0.374,NOMINAL,NORMAL,0,,0,3.8,4465,3127
1781437243.0965967,7,10,4.0305,1.348,0.0479,0.503,NOMINAL,NORMAL,0,,0,4.3,4505,3128
1781437243.595579,7,10,2.711,1.219,0.0346,0.376,NOMINAL,NORMAL,0,,0,4.3,4505,3128
1781437244.0970416,7,10,4.077,1.598,0.0493,0.518,NOMINAL,NORMAL,0,,0,4.3,4465,3128
1781437244.5951343,7,10,2.4698,1.168,0.0342,0.38,NOMINAL,NORMAL,0,,0,4.3,4465,3128
1781437245.097748,7,10,4.4165,1.477,0.0483,0.499,NOMINAL,NORMAL,0,,0,4.2,4465,3128
1781437245.595012,7,10,2.4932,1.149,0.0364,0.37,NOMINAL,NORMAL,0,,0,4.2,4465,3128
1781437246.0969682,7,10,4.1614,1.474,0.0476,0.504,NOMINAL,NORMAL,0,,0,4.7,4465,3128
1781437246.5948718,7,10,2.4985,1.19,0.0243,0.264,NOMINAL,NORMAL,0,,0,4.7,4465,3128
1781437247.0979629,7,10,4.3607,1.882,0.0507,0.546,NOMINAL,NORMAL,0,,0,3.8,4505,3128
1781437247.5948858,7,10,2.4904,0.944,0.0368,0.43,NOMINAL,NORMAL,0,,0,3.8,4505,3128
1781437248.0976481,7,10,4.4194,1.425,0.0385,0.423,NOMINAL,NORMAL,0,,0,4.7,4465,3128
1781437248.5956235,7,10,3.0637,1.249,0.0383,0.393,NOMINAL,NORMAL,0,,0,4.7,4465,3128
1781437249.0970898,7,10,4.2039,1.231,0.0335,0.372,NOMINAL,NORMAL,0,,0,4.5,4505,3128
1781437249.5961864,7,10,3.8007,1.367,0.0363,0.393,NOMINAL,NORMAL,0,,0,4.5,4505,3128
1781437250.0967746,7,10,3.5402,1.5,0.0363,0.41,NOMINAL,NORMAL,0,,0,3.5,4465,3128
1781437250.5964656,7,10,3.99,1.31,0.0373,0.457,NOMINAL,NORMAL,0,,0,3.5,4465,3128
1781437251.0947814,7,10,2.4889,1.022,0.0253,0.273,NOMINAL,NORMAL,0,,0,4.7,4465,3128
1781437251.596782,7,10,4.0699,1.416,0.05,0.51,NOMINAL,NORMAL,0,,0,4.7,4465,3128
1781437252.0954766,7,10,2.4756,1.455,0.0396,0.378,NOMINAL,NORMAL,0,,0,4.0,4465,3128
1781437252.5968533,7,10,3.6386,1.916,0.0471,0.541,NOMINAL,NORMAL,0,,0,4.0,4465,3128
1781437253.095413,7,10,2.4799,1.519,0.0361,0.419,NOMINAL,NORMAL,0,,0,4.2,4425,3128
1781437253.5948288,7,10,2.6819,1.314,0.0393,0.444,NOMINAL,NORMAL,0,,0,4.2,4425,3128
1781437254.095025,7,10,2.4144,1.158,0.0372,0.389,NOMINAL,NORMAL,0,,0,4.0,4425,3128
1781437254.5976567,7,10,4.3781,1.78,0.0486,0.528,NOMINAL,NORMAL,0,,0,4.0,4425,3128
1781437255.0948956,7,10,2.4893,1.053,0.0372,0.449,NOMINAL,NORMAL,0,,0,4.3,4425,3128
1781437255.59799,7,10,4.4422,1.771,0.0377,0.422,NOMINAL,NORMAL,0,,0,4.3,4425,3128
1781437256.094769,7,10,2.4812,0.947,0.0371,0.446,NOMINAL,NORMAL,0,,0,4.0,4425,3128
1781437256.5976908,7,10,4.3213,1.571,0.0361,0.429,NOMINAL,NORMAL,0,,0,4.0,4425,3128
1781437257.0963264,7,10,3.3497,1.329,0.0368,0.396,NOMINAL,NORMAL,0,,0,4.3,4465,3128
1781437257.5965571,7,10,3.6261,1.175,0.0375,0.364,NOMINAL,NORMAL,0,,0,4.3,4465,3128
1781437258.0965703,7,10,4.0067,1.272,0.0371,0.383,NOMINAL,NORMAL,0,,0,3.8,4425,3128
1781437258.59631,7,10,2.7322,1.53,0.038,0.387,NOMINAL,NORMAL,0,,0,3.8,4425,3128
1781437259.0971956,7,10,4.0144,1.659,0.048,0.499,NOMINAL,NORMAL,0,,0,3.7,4425,3128
1781437259.5955727,7,10,2.4823,1.173,0.0361,0.388,NOMINAL,NORMAL,0,,0,3.7,4425,3128
1781437260.0974233,7,10,4.0236,1.806,0.0475,0.509,NOMINAL,NORMAL,0,,0,4.0,4425,3128
1781437260.5953531,7,10,2.4549,1.448,0.0357,0.368,NOMINAL,NORMAL,0,,0,4.0,4425,3128
1781437261.096735,7,10,4.0466,1.39,0.046,0.5,NOMINAL,NORMAL,0,,0,4.3,4425,3127
1781437261.5952806,7,10,2.4897,1.544,0.0248,0.32,NOMINAL,NORMAL,0,,0,4.3,4425,3127
1781437262.097859,7,10,4.3262,1.796,0.0512,0.506,NOMINAL,NORMAL,0,,0,4.0,4385,3127
1781437262.5949516,7,10,2.5064,1.066,0.0338,0.372,NOMINAL,NORMAL,0,,0,4.0,4385,3127
1781437263.0978649,7,10,4.3601,1.733,0.0395,0.436,NOMINAL,NORMAL,0,,0,4.2,4385,3127
1781437263.5952952,7,10,2.6438,1.318,0.0354,0.372,NOMINAL,NORMAL,0,,0,4.2,4385,3127
1781437264.0975308,7,10,4.3,1.52,0.0331,0.372,NOMINAL,NORMAL,0,,0,4.3,4425,3127
1781437264.5958133,7,10,3.4447,1.125,0.0373,0.386,NOMINAL,NORMAL,0,,0,4.3,4425,3127
1781437265.0970316,7,10,3.7863,1.471,0.0394,0.421,NOMINAL,NORMAL,0,,0,4.0,4425,3127
1781437265.5960066,7,10,4.0514,1.086,0.0389,0.397,NOMINAL,NORMAL,0,,0,4.0,4425,3127
1781437266.095987,7,10,2.88,1.117,0.0342,0.369,NOMINAL,NORMAL,0,,0,3.5,4425,3127
1781437266.5963895,7,10,4.0079,0.991,0.0452,0.438,NOMINAL,NORMAL,0,,0,3.5,4425,3127
1781437267.0954366,7,10,2.4943,1.207,0.0337,0.382,NOMINAL,NORMAL,0,,0,4.5,4425,3127
1781437267.596495,7,10,3.6725,1.423,0.044,0.727,NOMINAL,NORMAL,0,,0,4.5,4425,3127
1781437268.0955696,7,10,2.4825,1.33,0.0334,0.393,NOMINAL,NORMAL,0,,0,4.2,4385,3128
1781437268.5968227,7,10,4.0371,1.452,0.0444,0.502,NOMINAL,NORMAL,0,,0,4.2,4385,3128
1781437269.095063,7,10,2.4829,1.192,0.0352,0.373,NOMINAL,NORMAL,0,,0,4.5,4385,3128
1781437269.5969927,7,10,4.0672,1.369,0.0477,0.48,NOMINAL,NORMAL,0,,0,4.5,4385,3128
1781437270.094969,7,10,2.4781,0.823,0.0242,0.312,NOMINAL,NORMAL,0,,0,4.5,4425,3128
1781437270.5980272,7,10,4.3277,1.567,0.0386,0.421,NOMINAL,NORMAL,0,,0,4.5,4425,3128
1781437271.0955644,7,10,2.7932,1.096,0.0368,0.387,NOMINAL,NORMAL,0,,0,4.3,4425,3127
1781437271.5972452,7,10,4.3229,1.22,0.0341,0.38,NOMINAL,NORMAL,0,,0,4.3,4425,3127
1781437272.0946193,7,10,2.1781,0.883,0.0361,0.404,NOMINAL,NORMAL,0,,0,3.7,4385,3127
1781437272.596532,7,10,3.7559,1.105,0.0334,0.368,NOMINAL,NORMAL,0,,0,3.7,4385,3127
1781437273.0958676,7,10,4.0197,1.071,0.0352,0.372,NOMINAL,NORMAL,0,,0,3.7,4425,3127
1781437273.595884,7,10,3.1449,1.142,0.0339,0.37,NOMINAL,NORMAL,0,,0,3.7,4425,3127
1781437274.0963273,7,10,4.0251,1.046,0.0415,0.45,NOMINAL,NORMAL,0,,13,3.8,4425,3127
1781437274.5954785,7,10,2.5801,1.153,0.0372,0.386,NOMINAL,NORMAL,0,,13,3.8,4425,3127
1781437275.0967016,7,10,4.0258,1.382,0.044,0.502,NOMINAL,NORMAL,0,,0,3.7,4385,3127
1781437275.5951185,7,10,2.4735,1.092,0.0331,0.455,NOMINAL,NORMAL,0,,0,3.7,4385,3127
1781437276.096843,7,10,4.0668,1.469,0.0462,0.496,NOMINAL,NORMAL,0,,0,4.2,4385,3128
1781437276.5952046,7,10,2.4803,1.147,0.0346,0.375,NOMINAL,NORMAL,0,,0,4.2,4385,3128
1781437277.097006,7,10,4.2187,1.451,0.0467,0.495,NOMINAL,NORMAL,0,,9,4.2,4385,3127
1781437277.5949233,7,10,2.5071,1.079,0.0257,0.269,NOMINAL,NORMAL,0,,9,4.2,4385,3127
1781437278.0975435,7,10,4.3791,1.385,0.046,0.482,NOMINAL,NORMAL,0,,0,4.2,4385,3127
1781437278.594633,7,10,2.4531,0.909,0.038,0.41,NOMINAL,NORMAL,0,,0,4.2,4385,3127
1781437279.097752,7,10,4.3089,1.305,0.0359,0.383,NOMINAL,NORMAL,0,,0,4.7,4385,3127
1781437279.5946574,7,10,2.168,0.91,0.037,0.416,NOMINAL,NORMAL,0,,0,4.7,4385,3127
1781437280.0969486,7,10,3.988,1.197,0.0348,0.39,NOMINAL,NORMAL,0,,0,4.2,4385,3127
1781437280.594456,7,10,2.5367,0.758,0.0249,0.255,NOMINAL,NORMAL,0,,0,4.2,4385,3127
1781437281.0961301,7,10,3.2551,1.162,0.0341,0.391,NOMINAL,NORMAL,0,,0,3.8,4385,3127
1781437281.5965292,7,10,4.0899,1.203,0.0491,0.494,NOMINAL,NORMAL,0,,0,3.8,4385,3127
1781437282.095856,7,10,2.5198,1.235,0.0345,0.373,NOMINAL,NORMAL,0,,0,4.2,4385,3127
1781437282.5952647,7,10,3.1862,1.006,0.0439,0.466,NOMINAL,NORMAL,0,,0,4.2,4385,3127
1781437283.0954313,7,10,2.5076,1.297,0.0355,0.39,NOMINAL,NORMAL,0,,0,4.3,4385,3128
1781437283.5968556,7,10,4.0353,1.471,0.0446,0.5,NOMINAL,NORMAL,0,,0,4.3,4385,3128
1781437284.0951455,7,10,2.4746,1.224,0.0378,0.368,NOMINAL,NORMAL,0,,0,3.7,4346,3128
1781437284.5971148,7,10,4.1321,1.412,0.0471,0.482,NOMINAL,NORMAL,0,,0,3.7,4346,3128
1781437285.0949426,7,10,2.5111,1.148,0.0255,0.264,NOMINAL,NORMAL,0,,0,4.7,4385,3128
1781437285.5982182,7,10,4.3955,1.764,0.0462,0.453,NOMINAL,NORMAL,0,,0,4.7,4385,3128
1781437286.095117,7,10,2.4834,1.237,0.0364,0.393,NOMINAL,NORMAL,0,,0,4.0,4385,3128
1781437286.5975885,7,10,4.43,1.378,0.0365,0.386,NOMINAL,NORMAL,0,,0,4.0,4385,3128
1781437287.0957375,7,10,3.1034,1.292,0.0369,0.401,NOMINAL,NORMAL,0,,0,4.2,4353,3128
1781437287.5964956,7,10,3.4631,1.357,0.0325,0.372,NOMINAL,NORMAL,0,,0,4.2,4353,3128
1781437288.096101,7,10,3.8615,1.133,0.0365,0.389,NOMINAL,NORMAL,0,,0,4.8,4385,3128
1781437288.596692,7,10,3.4176,1.519,0.0362,0.404,NOMINAL,NORMAL,0,,0,4.8,4385,3128
1781437289.0965486,7,10,4.0103,1.326,0.0436,0.472,NOMINAL,NORMAL,0,,0,3.8,4353,3128
1781437289.596227,7,10,4.1097,1.069,0.0377,0.389,NOMINAL,NORMAL,0,,0,3.8,4353,3128
1781437290.096476,7,10,4.0067,1.181,0.0478,0.48,NOMINAL,NORMAL,0,,0,3.7,4353,3127
1781437290.5958037,7,10,2.4827,1.438,0.0348,0.372,NOMINAL,NORMAL,0,,0,3.7,4353,3127
1781437291.0984178,7,10,4.4057,1.801,0.0479,0.505,NOMINAL,NORMAL,0,,0,4.2,4353,3127
1781437291.5953724,7,10,2.4624,1.188,0.0326,0.389,NOMINAL,NORMAL,0,,0,4.2,4353,3127
1781437292.0980687,7,10,4.3613,1.498,0.0488,0.504,NOMINAL,NORMAL,0,,0,4.0,4353,3127
1781437292.5958426,7,10,3.9268,0.979,0.0297,0.336,NOMINAL,NORMAL,0,,0,4.0,4353,3127
1781437293.0969477,7,10,4.2498,1.39,0.045,0.474,NOMINAL,NORMAL,0,,0,4.7,4353,3128
1781437293.5950708,7,10,2.5084,1.16,0.036,0.388,NOMINAL,NORMAL,0,,0,4.7,4353,3128
1781437294.0955937,7,10,2.4946,1.519,0.035,0.385,NOMINAL,NORMAL,0,,0,4.0,4353,3128
1781437294.5949595,7,10,2.4241,1.226,0.0358,0.388,NOMINAL,NORMAL,0,,0,4.0,4353,3128
1781437295.0956268,7,10,2.4943,1.537,0.0346,0.407,NOMINAL,NORMAL,0,,0,4.0,4353,3128
1781437295.5962758,7,10,3.8671,1.077,0.0374,0.393,NOMINAL,NORMAL,0,,0,4.3,4353,3128
1781437296.0968416,7,10,3.3705,1.426,0.0358,0.4,NOMINAL,NORMAL,0,,0,4.3,4353,3128
1781437296.5968711,7,10,4.0027,1.333,0.0458,0.5,NOMINAL,NORMAL,0,,0,3.8,4353,3128
1781437297.095933,7,10,2.7179,1.195,0.0376,0.39,NOMINAL,NORMAL,0,,0,3.8,4353,3128
1781437297.5968664,7,10,4.03,1.319,0.046,0.502,NOMINAL,NORMAL,0,,0,3.7,4346,3127
1781437298.0959136,7,10,2.4998,1.508,0.0371,0.401,NOMINAL,NORMAL,0,,0,3.7,4346,3127
1781437298.5970407,7,10,4.1418,1.533,0.0484,0.516,NOMINAL,NORMAL,0,,0,4.5,4385,3127
1781437299.0953684,7,10,2.497,1.446,0.0339,0.406,NOMINAL,NORMAL,0,,0,4.5,4385,3127
1781437299.5972583,7,10,4.0859,1.791,0.0466,0.501,NOMINAL,NORMAL,0,,0,3.8,4353,3127
1781437300.095093,7,10,2.4728,1.428,0.0259,0.263,NOMINAL,NORMAL,0,,0,3.8,4353,3127
1781437300.5975041,7,10,4.4045,1.503,0.0468,0.508,NOMINAL,NORMAL,0,,0,4.5,4385,3128
1781437301.0947404,7,10,2.5207,0.788,0.0361,0.414,NOMINAL,NORMAL,0,,0,4.5,4385,3128
1781437301.5978665,7,10,4.3032,1.64,0.0401,0.424,NOMINAL,NORMAL,0,,7,4.3,4385,3128
1781437302.0948606,7,10,2.3662,0.895,0.0376,0.413,NOMINAL,NORMAL,0,,7,4.3,4385,3128
1781437302.5974543,7,10,4.1499,1.178,0.0357,0.366,NOMINAL,NORMAL,0,,0,4.5,4385,3128
1781437303.0962644,7,10,3.8417,1.057,0.0346,0.373,NOMINAL,NORMAL,0,,0,4.5,4385,3128
1781437303.5967126,7,10,3.6431,1.207,0.033,0.404,NOMINAL,NORMAL,0,,69,4.5,4385,3128
1781437304.0964327,7,10,4.0083,1.041,0.0379,0.417,NOMINAL,NORMAL,0,,69,4.5,4385,3128
1781437304.5950654,7,10,2.5207,1.201,0.0244,0.262,NOMINAL,NORMAL,0,,53,4.3,4385,3128
1781437305.0967324,7,10,4.0609,1.39,0.0492,0.488,NOMINAL,NORMAL,0,,53,4.3,4385,3128
1781437305.5954542,7,10,2.5216,1.189,0.0352,0.377,NOMINAL,NORMAL,0,,56,3.3,4385,3128
1781437306.0965414,7,10,4.0264,1.032,0.0454,0.5,NOMINAL,NORMAL,0,,56,3.3,4385,3128
1781437306.5953534,7,10,2.4856,1.368,0.0334,0.397,NOMINAL,NORMAL,0,,99,4.5,4385,3127
1781437307.0971751,7,10,4.0489,1.533,0.0457,0.504,NOMINAL,NORMAL,0,,99,4.5,4385,3127
1781437307.595322,7,10,2.6014,1.28,0.025,0.313,NOMINAL,NORMAL,0,,99,4.2,4385,3127
1781437308.0972447,7,10,4.3647,1.475,0.046,0.489,NOMINAL,NORMAL,0,,99,4.2,4385,3127
1781437308.594608,7,10,2.4673,0.879,0.0237,0.28,NOMINAL,NORMAL,0,,99,4.2,4385,3127
1781437309.097718,7,10,4.3563,1.5,0.0402,0.42,NOMINAL,NORMAL,0,,99,4.2,4385,3127
1781437309.5952613,7,10,2.7135,1.131,0.0353,0.383,NOMINAL,NORMAL,0,,99,4.5,4385,3127
1781437310.0975225,7,10,4.331,1.301,0.0368,0.438,NOMINAL,NORMAL,0,,99,4.5,4385,3127
1781437310.5949593,7,10,2.4956,1.197,0.0499,0.318,NOMINAL,NORMAL,0,,99,4.3,4465,3127
1781437311.0966015,7,10,3.7932,1.122,0.0351,0.363,NOMINAL,NORMAL,0,,99,4.3,4465,3127
1781437311.5960672,7,10,4.0409,1.066,0.0359,0.379,NOMINAL,NORMAL,0,,99,3.8,4425,3127
1781437312.096304,7,10,3.0122,1.547,0.0364,0.392,NOMINAL,NORMAL,0,,99,3.8,4425,3127
1781437312.5939393,7,10,2.2109,0.959,0.0371,0.391,NOMINAL,NORMAL,0,,99,3.5,4465,3127
1781437313.0955906,7,10,2.5452,1.265,0.0372,0.4,NOMINAL,NORMAL,0,,99,3.5,4465,3127
1781437313.5956767,7,10,3.2466,1.07,0.0376,0.375,NOMINAL,NORMAL,0,,85,3.8,4505,3127
1781437314.0950828,7,10,2.4653,1.195,0.035,0.376,NOMINAL,NORMAL,0,,85,3.8,4505,3127
1781437314.595816,7,10,3.9865,1.045,0.0336,0.37,NOMINAL,NORMAL,0,,74,4.2,4465,3127
1781437315.095422,7,10,2.4973,1.538,0.0382,0.409,NOMINAL,NORMAL,0,,74,4.2,4465,3127
1781437315.5968773,7,10,4.0958,1.48,0.0498,0.503,NOMINAL,NORMAL,0,,6,3.8,4465,3127
1781437316.0947154,7,10,2.4921,0.906,0.0265,0.299,NOMINAL,NORMAL,0,,6,3.8,4465,3127
1781437316.5977101,7,10,4.3946,1.506,0.0495,0.464,NOMINAL,NORMAL,0,,55,4.2,4465,3127
1781437317.0949926,7,10,2.5082,1.101,0.039,0.388,NOMINAL,NORMAL,0,,55,4.2,4465,3127
1781437317.597394,7,10,4.398,1.227,0.0379,0.364,NOMINAL,NORMAL,0,,0,4.5,4465,3127
1781437318.09615,7,10,3.2999,1.372,0.0367,0.387,NOMINAL,NORMAL,0,,0,4.5,4465,3127
1781437318.5971546,7,10,3.9782,1.478,0.0355,0.387,NOMINAL,NORMAL,0,,0,4.5,4465,3127
1781437319.095943,7,10,3.9594,1.126,0.036,0.382,NOMINAL,NORMAL,0,,0,4.5,4465,3127
1781437319.5962825,7,10,3.1631,1.439,0.0354,0.402,NOMINAL,NORMAL,0,,0,3.8,4465,3127
1781437320.0942109,7,10,2.2332,1.204,0.0369,0.385,NOMINAL,NORMAL,0,,0,3.8,4465,3127
1781437320.5956883,7,10,2.5664,1.447,0.037,0.363,NOMINAL,NORMAL,0,,29,3.8,4505,3127
1781437321.0967803,7,10,4.0587,1.427,0.0506,0.505,NOMINAL,NORMAL,0,,29,3.8,4505,3127
1781437321.5953531,7,10,2.4528,1.451,0.0376,0.405,NOMINAL,NORMAL,0,,0,4.3,4465,3127
1781437322.0969973,7,10,4.0977,1.511,0.0512,0.515,NOMINAL,NORMAL,0,,0,4.3,4465,3127
1781437322.594937,7,10,2.4603,1.175,0.0388,0.373,NOMINAL,NORMAL,0,,0,4.0,4505,3127
1781437323.096923,7,10,4.1017,1.469,0.0483,0.494,NOMINAL,NORMAL,0,,0,4.0,4505,3127
1781437323.5946896,7,10,2.4829,0.939,0.0566,0.288,NOMINAL,NORMAL,0,,32,4.3,4505,3127
1781437324.0978258,7,10,4.4091,1.525,0.0496,0.488,NOMINAL,NORMAL,0,,32,4.3,4505,3127
1781437324.594776,7,10,2.47,0.963,0.0832,0.434,NOMINAL,NORMAL,0,,0,4.5,4465,3127
1781437325.0971549,7,10,4.3811,1.451,0.0359,0.409,NOMINAL,NORMAL,0,,0,4.5,4465,3127
1781437325.594416,7,10,2.2561,0.889,0.0367,0.392,NOMINAL,NORMAL,0,,0,4.0,4505,3127
1781437326.0968988,7,10,4.0154,1.165,0.0347,0.384,NOMINAL,NORMAL,0,,0,4.0,4505,3127
1781437326.5958514,7,10,3.9465,1.058,0.0377,0.378,NOMINAL,NORMAL,0,,0,4.2,4465,3127
1781437327.0961447,7,10,3.2321,1.184,0.0353,0.372,NOMINAL,NORMAL,0,,0,4.2,4465,3127
1781437327.5964434,7,10,4.0608,1.107,0.0479,0.492,NOMINAL,NORMAL,0,,0,3.5,4465,3127
1781437328.0958734,7,10,2.6144,1.434,0.0364,0.403,NOMINAL,NORMAL,0,,0,3.5,4465,3127
1781437328.5968244,7,10,4.0697,1.423,0.0637,0.524,NOMINAL,NORMAL,0,,0,4.5,4465,3127
1781437329.0952842,7,10,2.4805,1.226,0.0361,0.386,NOMINAL,NORMAL,0,,0,4.5,4465,3127
1781437329.5966914,7,10,3.9925,1.399,0.049,0.485,NOMINAL,NORMAL,0,,0,4.0,4465,3127
1781437330.0956137,7,10,2.4848,1.605,0.0385,0.412,NOMINAL,NORMAL,0,,0,4.0,4465,3127
1781437330.597095,7,10,4.199,1.541,0.0486,0.512,NOMINAL,NORMAL,0,,0,4.3,4505,3126
1781437331.094855,7,10,2.4965,1.153,0.0231,0.271,NOMINAL,NORMAL,0,,0,4.3,4505,3126
1781437331.5978868,7,10,4.3732,1.814,0.0494,0.498,NOMINAL,NORMAL,0,,0,4.0,4425,3126
1781437332.0946724,7,10,2.4926,0.858,0.0361,0.42,NOMINAL,NORMAL,0,,0,4.0,4425,3126
1781437332.597787,7,10,4.3749,1.608,0.0357,0.383,NOMINAL,NORMAL,0,,0,4.5,4465,3126
1781437333.0946212,7,10,2.3086,0.961,0.0369,0.431,NOMINAL,NORMAL,0,,0,4.5,4465,3126
1781437333.5972157,7,10,4.1048,1.282,0.0379,0.421,NOMINAL,NORMAL,0,,0,4.0,4465,3126
1781437334.0959713,7,10,3.7449,1.173,0.0353,0.385,NOMINAL,NORMAL,0,,0,4.0,4465,3126
1781437334.596713,7,10,3.4757,1.48,0.0353,0.397,NOMINAL,NORMAL,0,,0,4.2,4425,3126
1781437335.0964186,7,10,4.0402,1.053,0.0457,0.505,NOMINAL,NORMAL,0,,0,4.2,4425,3126
1781437335.5956779,7,10,2.7327,1.18,0.0356,0.361,NOMINAL,NORMAL,0,,0,4.0,4425,3126
1781437336.0967984,7,10,4.0287,1.428,0.0476,0.532,NOMINAL,NORMAL,0,,0,4.0,4425,3126
1781437336.5953496,7,10,2.515,1.216,0.0344,0.384,NOMINAL,NORMAL,0,,0,3.5,4465,3126
1781437337.0968676,7,10,4.105,1.412,0.046,0.504,NOMINAL,NORMAL,0,,0,3.5,4465,3126
1781437337.595339,7,10,2.4763,1.459,0.0348,0.383,NOMINAL,NORMAL,0,,0,4.2,4425,3126
1781437338.093882,7,10,2.2121,0.901,0.036,0.38,NOMINAL,NORMAL,0,,0,4.2,4425,3126
1781437338.5949364,7,10,2.4924,1.157,0.0252,0.271,NOMINAL,NORMAL,0,,0,4.3,4465,3126
1781437339.0975068,7,10,4.4152,1.473,0.0481,0.496,NOMINAL,NORMAL,0,,0,4.3,4465,3126
1781437339.594757,7,10,2.4746,0.851,0.0349,0.42,NOMINAL,NORMAL,0,,0,3.8,4425,3126
1781437340.097693,7,10,4.3627,1.547,0.0355,0.397,NOMINAL,NORMAL,0,,0,3.8,4425,3126
1781437340.5955899,7,10,3.1217,1.087,0.0368,0.395,NOMINAL,NORMAL,0,,0,4.2,4425,3126
1781437341.0970743,7,10,4.2466,1.179,0.0345,0.362,NOMINAL,NORMAL,0,,0,4.2,4425,3126
1781437341.595952,7,10,3.6462,1.109,0.037,0.387,NOMINAL,NORMAL,0,,0,3.8,4465,3126
1781437342.0964458,7,10,3.5847,1.174,0.0427,0.404,NOMINAL,NORMAL,0,,0,3.8,4465,3126
1781437342.5963857,7,10,4.0835,1.097,0.0354,0.436,NOMINAL,NORMAL,0,,0,3.7,4425,3126
1781437343.0946827,7,10,2.4741,0.82,0.0249,0.349,NOMINAL,NORMAL,0,,0,3.7,4425,3126
1781437343.596467,7,10,4.0275,1.094,0.0441,0.492,NOMINAL,NORMAL,0,,0,4.2,4425,3126
1781437344.0952725,7,10,2.5155,1.166,0.0365,0.359,NOMINAL,NORMAL,0,,0,4.2,4425,3126
1781437344.594181,7,10,2.2271,1.147,0.0351,0.388,NOMINAL,NORMAL,0,,0,4.3,4425,3126
1781437345.0954356,7,10,2.4523,1.605,0.0342,0.399,NOMINAL,NORMAL,0,,0,4.3,4425,3126
1781437345.5969472,7,10,4.0587,1.534,0.0489,0.502,NOMINAL,NORMAL,0,,0,3.5,4385,3126
1781437346.095888,7,10,3.3878,1.116,0.0353,0.386,NOMINAL,NORMAL,0,,0,3.5,4385,3126
1781437346.5976717,7,10,4.4167,1.84,0.0499,0.525,NOMINAL,NORMAL,0,,0,4.8,4425,3126
1781437347.0943842,7,10,2.4346,0.755,0.0252,0.259,NOMINAL,NORMAL,0,,0,4.8,4425,3126
1781437347.5978184,7,10,4.4024,1.613,0.0407,0.403,NOMINAL,NORMAL,0,,0,4.2,4385,3126
1781437348.0955694,7,10,2.8777,1.323,0.0365,0.387,NOMINAL,NORMAL,0,,0,4.2,4385,3126
1781437348.5974486,7,10,4.3488,1.286,0.0348,0.412,NOMINAL,NORMAL,0,,0,4.2,4425,3126
1781437349.0970054,7,10,4.1363,1.487,0.0463,0.496,NOMINAL,NORMAL,0,,0,4.2,4425,3126
1781437349.5966914,7,10,3.7517,1.193,0.0357,0.382,NOMINAL,NORMAL,0,,0,4.0,4385,3126
1781437350.096083,7,10,4.099,1.036,0.0372,0.379,NOMINAL,NORMAL,0,,0,4.0,4385,3126
1781437350.5958915,7,10,2.9349,1.215,0.0357,0.369,NOMINAL,NORMAL,0,,0,4.2,4385,3126
1781437351.096951,7,10,4.0248,1.595,0.0492,0.51,NOMINAL,NORMAL,0,,0,4.2,4385,3126
1781437351.5954041,7,10,2.5509,1.224,0.0373,0.372,NOMINAL,NORMAL,0,,0,3.8,4385,3126
1781437352.0962014,7,10,3.9416,1.388,0.0362,0.383,NOMINAL,NORMAL,0,,0,3.8,4385,3126
1781437352.5954711,7,10,2.4569,1.562,0.0359,0.404,NOMINAL,NORMAL,0,,0,4.2,4385,3126
1781437353.097349,7,10,4.1138,1.803,0.0446,0.557,NOMINAL,NORMAL,0,,0,4.2,4385,3126
1781437353.595019,7,10,2.4709,1.161,0.0335,0.372,NOMINAL,NORMAL,0,,0,4.5,4385,3127
1781437354.097174,7,10,4.3634,1.469,0.0476,0.495,NOMINAL,NORMAL,0,,0,4.5,4385,3127
1781437354.594589,7,10,2.4489,0.879,0.0243,0.279,NOMINAL,NORMAL,0,,0,3.8,4385,3127
1781437355.0980074,7,10,4.4322,1.642,0.0403,0.456,NOMINAL,NORMAL,0,,0,3.8,4385,3127
1781437355.595001,7,10,2.455,1.25,0.0361,0.385,NOMINAL,NORMAL,0,,0,4.2,4385,3127
1781437356.0974965,7,10,4.4203,1.256,0.0366,0.413,NOMINAL,NORMAL,0,,0,4.2,4385,3127
1781437356.5958498,7,10,3.4327,1.08,0.0365,0.388,NOMINAL,NORMAL,0,,0,4.2,4385,3127
1781437357.0968106,7,10,3.7617,1.22,0.0344,0.42,NOMINAL,NORMAL,0,,0,4.2,4385,3127
1781437357.5959804,7,10,4.0219,1.022,0.034,0.374,NOMINAL,NORMAL,0,,0,3.8,4425,3127
1781437358.0949879,7,10,2.4913,0.985,0.0244,0.277,NOMINAL,NORMAL,0,,0,3.8,4425,3127
1781437358.5966566,7,10,4.0237,1.326,0.047,0.496,NOMINAL,NORMAL,0,,0,4.2,4425,3127
1781437359.0954895,7,10,2.5711,1.195,0.0345,0.365,NOMINAL,NORMAL,0,,0,4.2,4425,3127
1781437359.596813,7,10,4.0736,1.414,0.0438,0.487,NOMINAL,NORMAL,0,,0,3.7,4425,3127
1781437360.0956063,7,10,2.4839,1.595,0.0362,0.417,NOMINAL,NORMAL,0,,0,3.7,4425,3127
1781437360.5967784,7,10,4.0324,1.429,0.0458,0.482,NOMINAL,NORMAL,0,,0,4.0,4385,3127
1781437361.0949414,7,10,2.4449,1.166,0.0348,0.372,NOMINAL,NORMAL,0,,0,4.0,4385,3127
1781437361.5970502,7,10,4.4062,1.363,0.0425,0.485,NOMINAL,NORMAL,0,,0,3.5,4385,3127
1781437362.094622,7,10,2.4775,0.872,0.0242,0.29,NOMINAL,NORMAL,0,,0,3.5,4385,3127
1781437362.597681,7,10,4.2903,1.426,0.0472,0.597,NOMINAL,NORMAL,0,,0,4.5,4385,3127
1781437363.094996,7,10,2.4757,1.108,0.0364,0.398,NOMINAL,NORMAL,0,,0,4.5,4385,3127
1781437363.597617,7,10,4.3176,1.522,0.0331,0.39,NOMINAL,NORMAL,0,,0,4.2,4385,3127
1781437364.0959337,7,10,3.3151,1.293,0.0362,0.376,NOMINAL,NORMAL,0,,0,4.2,4385,3127
1781437364.5969698,7,10,3.9578,1.374,0.0322,0.353,NOMINAL,NORMAL,0,,0,4.2,4385,3127
1781437365.0958576,7,10,3.9863,1.058,0.0371,0.38,NOMINAL,NORMAL,0,,0,4.2,4385,3127
1781437365.5959582,7,10,3.1701,1.14,0.0357,0.356,NOMINAL,NORMAL,0,,0,3.8,4425,3127
1781437366.096625,7,10,4.045,1.259,0.0464,0.495,NOMINAL,NORMAL,0,,0,3.8,4425,3127
1781437366.595424,7,10,2.5976,1.164,0.0332,0.365,NOMINAL,NORMAL,0,,0,4.0,4425,3127
1781437367.0938926,7,10,2.2126,0.93,0.0354,0.385,NOMINAL,NORMAL,0,,0,4.0,4425,3127
1781437367.5955796,7,10,2.4813,1.629,0.0339,0.403,NOMINAL,NORMAL,0,,0,4.5,4385,3127
1781437368.097246,7,10,4.0338,1.817,0.0462,0.545,NOMINAL,NORMAL,0,,0,4.5,4385,3127
1781437368.5950384,7,10,2.4657,1.199,0.0355,0.381,NOMINAL,NORMAL,0,,0,4.3,4385,3127
1781437369.0976424,7,10,4.2722,1.992,0.0501,0.536,NOMINAL,NORMAL,0,,0,4.3,4385,3127
1781437369.5947392,7,10,2.4706,1.068,0.0246,0.294,NOMINAL,NORMAL,0,,24,3.3,4385,3127
1781437370.0978534,7,10,4.4541,1.475,0.0481,0.627,NOMINAL,NORMAL,0,,24,3.3,4385,3127
1781437370.5948844,7,10,2.4598,1.106,0.0366,0.434,NOMINAL,NORMAL,0,,0,3.8,4385,3127
1781437371.0976129,7,10,4.4151,1.382,0.0374,0.408,NOMINAL,NORMAL,0,,0,3.8,4385,3127
1781437371.5956182,7,10,3.215,1.064,0.035,0.378,NOMINAL,NORMAL,0,,0,4.0,4385,3127
1781437372.0970411,7,10,4.077,1.241,0.033,0.379,NOMINAL,NORMAL,0,,0,4.0,4385,3127
1781437372.5971692,7,10,4.0753,1.775,0.046,0.528,NOMINAL,NORMAL,0,,0,3.5,4385,3127
1781437373.0962772,7,10,3.3745,1.202,0.0362,0.391,NOMINAL,NORMAL,0,,0,3.5,4385,3127
1781437373.596106,7,10,4.0395,1.086,0.0372,0.395,NOMINAL,NORMAL,0,,0,4.2,4385,3127
1781437374.0957541,7,10,2.6608,1.41,0.038,0.396,NOMINAL,NORMAL,0,,0,4.2,4385,3127
