phys_ts,ap_pub_wall_ts,n_channels,resample_ms,z_eval_ms,bg_update_ms,dds_transport_ms,fsm_eval_ms,node_latency_ms,from_state,ap_state,rpn_result,counter,trigger_channels
1647565200.0,1787429217.9727254,1,0.9816,0.0519,,0.824,0.0367,0.312,NOMINAL,NOMINAL,STALE,0,
1647566100.0,1787429218.0983832,1,1.2145,0.0596,,0.792,0.0313,0.317,NOMINAL,NOMINAL,STALE,0,
1647567000.0,1787429218.2228603,1,1.1637,0.0546,,0.734,0.0281,0.258,NOMINAL,NOMINAL,STALE,0,
1647567900.0,1787429218.3473847,1,0.9473,0.0515,,0.625,0.0227,0.23,NOMINAL,NOMINAL,STALE,0,
1647568800.0,1787429218.4721627,1,0.8905,0.0501,,0.554,0.0219,0.226,NOMINAL,NOMINAL,STALE,0,
1647569700.0,1787429218.597265,1,0.8945,0.0522,,0.616,0.0231,0.25,NOMINAL,NOMINAL,STALE,0,
1647570600.0,1787429218.722075,1,0.7725,0.0524,,0.615,0.0226,0.252,NOMINAL,NOMINAL,STALE,0,
1647571500.0,1787429218.8471227,1,0.8352,0.052,,0.606,0.0236,0.224,NOMINAL,NOMINAL,STALE,0,
1647572400.0,1787429218.9720573,1,0.7935,0.0499,,0.594,0.0228,0.224,NOMINAL,NOMINAL,STALE,0,
1647573300.0,1787429219.0988107,1,1.1982,0.1013,,1.337,0.0341,0.302,NOMINAL,NOMINAL,STALE,0,
1647574200.0,1787429219.2226403,1,1.1251,0.0533,,0.693,0.0269,0.255,NOMINAL,NOMINAL,STALE,0,
1647575100.0,1787429219.3473244,1,0.9052,0.0519,,0.659,0.0279,0.242,NOMINAL,NOMINAL,STALE,0,
1647576000.0,1787429219.472167,1,0.9189,0.0513,,0.547,0.0248,0.228,NOMINAL,NOMINAL,STALE,0,
1647576900.0,1787429219.5971875,1,0.8652,0.0518,,0.612,0.0238,0.273,NOMINAL,NOMINAL,STALE,0,
1647577800.0,1787429219.723472,1,1.2605,0.0591,,0.949,0.0332,0.299,NOMINAL,NOMINAL,STALE,0,
1647578700.0,1787429219.848724,1,1.2609,0.0636,,1.075,0.0335,0.312,NOMINAL,NOMINAL,STALE,0,
1647579600.0,1787429219.9734833,1,1.2308,0.0588,,0.969,0.0314,0.289,NOMINAL,NOMINAL,STALE,0,
1647580500.0,1787429220.0980988,1,1.2026,0.0565,,0.794,0.0325,0.278,NOMINAL,NOMINAL,STALE,0,
1647581400.0,1787429220.222663,1,1.0672,0.0552,,0.687,0.0266,0.268,NOMINAL,NOMINAL,STALE,0,
1647582300.0,1787429220.347369,1,0.9372,0.0516,,0.587,0.0232,0.233,NOMINAL,NOMINAL,STALE,0,
1647583200.0,1787429220.4721997,1,0.9298,0.0534,,0.501,0.0209,0.222,NOMINAL,NOMINAL,STALE,0,
1647584100.0,1787429220.597159,1,0.8793,0.0523,,0.542,0.0215,0.235,NOMINAL,NOMINAL,STALE,0,
1647585000.0,1787429220.722268,1,0.9253,0.0527,,0.561,0.0207,0.236,NOMINAL,NOMINAL,STALE,0,
1647585900.0,1787429220.847305,1,0.8981,0.0516,,0.567,0.0235,0.225,NOMINAL,NOMINAL,STALE,0,
1647586800.0,1787429220.9723365,1,0.9266,0.0517,,0.627,0.0221,0.21,NOMINAL,NOMINAL,STALE,0,
1647587700.0,1787429221.097762,1,1.1128,0.0539,,0.658,0.027,0.238,NOMINAL,NOMINAL,STALE,0,
1647588600.0,1787429221.2224953,1,1.036,0.0528,,0.619,0.0237,0.229,NOMINAL,NOMINAL,STALE,0,
1647589500.0,1787429221.3473094,1,0.904,0.0521,,0.605,0.0223,0.222,NOMINAL,NOMINAL,STALE,0,
1647590400.0,1787429221.4721167,1,0.8927,0.053,,0.505,0.0193,0.211,NOMINAL,NOMINAL,STALE,0,
1647591300.0,1787429221.5971344,1,0.8675,0.0513,,0.545,0.0207,0.234,NOMINAL,NOMINAL,STALE,0,
1647592200.0,1787429221.7222404,1,0.929,0.0511,,0.56,0.021,0.219,NOMINAL,NOMINAL,STALE,0,
1647593100.0,1787429221.8476207,1,0.9895,0.0533,,0.664,0.0252,0.271,NOMINAL,NOMINAL,STALE,0,
1647594000.0,1787429221.972298,1,0.9407,0.0509,,0.573,0.0214,0.222,NOMINAL,NOMINAL,STALE,0,
1647594900.0,1787429222.0976927,1,1.031,0.0534,,0.714,0.0257,0.251,NOMINAL,NOMINAL,STALE,0,
1647595800.0,1787429222.2224977,1,1.0194,0.0526,,0.648,0.023,0.226,NOMINAL,NOMINAL,STALE,0,
1647596700.0,1787429222.3473704,1,0.9404,0.054,,0.619,0.0221,0.223,NOMINAL,NOMINAL,STALE,0,
1647597600.0,1787429222.4721057,1,0.8796,0.0507,,0.522,0.0206,0.213,NOMINAL,NOMINAL,STALE,0,
1647598500.0,1787429222.5971282,1,0.847,0.0508,,0.578,0.0224,0.235,NOMINAL,NOMINAL,STALE,0,
1647599400.0,1787429222.7221973,1,0.8828,0.0515,,0.588,0.0222,0.22,NOMINAL,NOMINAL,STALE,0,
1647600300.0,1787429222.847314,1,0.8803,0.0504,,0.626,0.022,0.226,NOMINAL,NOMINAL,STALE,0,
1647601200.0,1787429222.9723973,1,0.9093,0.0519,,0.658,0.0235,0.232,NOMINAL,NOMINAL,STALE,0,
1647602100.0,1787429223.0984602,1,1.2098,0.0597,,0.836,0.0324,0.39,NOMINAL,NOMINAL,STALE,0,
1647603000.0,1787429223.2228465,1,1.1685,0.0555,,0.733,0.0294,0.26,NOMINAL,NOMINAL,STALE,0,
1647603900.0,1787429223.3475072,1,0.9631,0.0518,,0.634,0.0235,0.305,NOMINAL,NOMINAL,STALE,0,
1647604800.0,1787429223.4724605,1,1.0235,0.0529,,0.585,0.025,0.24,NOMINAL,NOMINAL,STALE,0,
1647605700.0,1787429223.5972826,1,0.924,0.053,,0.602,0.025,0.25,NOMINAL,NOMINAL,STALE,0,
1647606600.0,1787429223.7223155,1,0.9357,0.0504,,0.616,0.0238,0.223,NOMINAL,NOMINAL,STALE,0,
1647607500.0,1787429223.8473744,1,0.9096,0.0544,,0.601,0.0236,0.256,NOMINAL,NOMINAL,STALE,0,
1647608400.0,1787429223.9722695,1,0.887,0.0521,,0.592,0.0237,0.222,NOMINAL,NOMINAL,STALE,0,
1647609300.0,1787429224.098308,1,1.1992,0.0862,,0.864,0.0307,0.302,NOMINAL,NOMINAL,STALE,0,
1647610200.0,1787429224.222979,1,1.1863,0.0559,,0.762,0.0286,0.266,NOMINAL,NOMINAL,STALE,0,
1647611100.0,1787429224.3476522,1,1.0583,0.0532,,0.701,0.0276,0.255,NOMINAL,NOMINAL,STALE,0,
1647612000.0,1787429224.4722402,1,0.9402,0.0528,,0.549,0.0243,0.255,NOMINAL,NOMINAL,STALE,0,
1647612900.0,1787429224.597174,1,0.8563,0.0532,,0.615,0.024,0.245,NOMINAL,NOMINAL,STALE,0,
1647613800.0,1787429224.7222855,1,0.8935,0.0515,,0.653,0.0244,0.247,NOMINAL,NOMINAL,STALE,0,
1647614700.0,1787429224.8472703,1,0.8616,0.0527,,0.63,0.0234,0.226,NOMINAL,NOMINAL,STALE,0,
1647615600.0,1787429224.9721975,1,0.8475,0.0515,,0.612,0.0215,0.227,NOMINAL,NOMINAL,STALE,0,
1647616500.0,1787429225.097227,1,0.8479,0.0488,,0.608,0.0225,0.245,NOMINAL,NOMINAL,STALE,0,
1647617400.0,1787429225.222622,1,1.0021,0.0513,,0.732,0.0261,0.246,NOMINAL,NOMINAL,STALE,0,
1647618300.0,1787429225.3472185,1,0.8406,0.0501,,0.639,0.0239,0.233,NOMINAL,NOMINAL,STALE,0,
1647619200.0,1787429225.4720817,1,0.829,0.053,,0.56,0.0223,0.231,NOMINAL,NOMINAL,STALE,0,
1647620100.0,1787429225.5971725,1,0.8463,0.0502,,0.623,0.0231,0.258,NOMINAL,NOMINAL,STALE,0,
1647621000.0,1787429225.7220926,1,0.7763,0.0518,,0.621,0.0225,0.223,NOMINAL,NOMINAL,STALE,0,
1647621900.0,1787429225.8471873,1,0.7963,0.0516,,0.639,0.0242,0.23,NOMINAL,NOMINAL,STALE,0,
1647622800.0,1787429225.9720256,1,0.7656,0.0501,,0.622,0.021,0.222,NOMINAL,NOMINAL,STALE,0,
1647623700.0,1787429226.097646,1,0.9892,0.0542,,0.728,0.0285,0.258,NOMINAL,NOMINAL,STALE,0,
1647624600.0,1787429226.222629,1,1.0097,0.0527,,0.706,0.0272,0.272,NOMINAL,NOMINAL,STALE,0,
1647625500.0,1787429226.347341,1,0.9017,0.0512,,0.648,0.0264,0.242,NOMINAL,NOMINAL,STALE,0,
1647626400.0,1787429226.4722393,1,0.902,0.0528,,0.558,0.0227,0.236,NOMINAL,NOMINAL,STALE,0,
1647627300.0,1787429226.597298,1,0.8963,0.0506,,0.642,0.024,0.259,NOMINAL,NOMINAL,STALE,0,
1647628200.0,1787429226.7222404,1,0.8938,0.0506,,0.632,0.0229,0.229,NOMINAL,NOMINAL,STALE,0,
1647629100.0,1787429226.8477185,1,1.0003,0.0533,,0.707,0.0268,0.293,NOMINAL,NOMINAL,STALE,0,
1647630000.0,1787429226.972407,1,0.9491,0.0527,,0.648,0.026,0.248,NOMINAL,NOMINAL,STALE,0,
1647630900.0,1787429227.0974066,1,0.9036,0.0521,,0.673,0.0251,0.245,NOMINAL,NOMINAL,STALE,0,
1647631800.0,1787429227.2226062,1,0.9704,0.0525,,0.723,0.0274,0.277,NOMINAL,NOMINAL,STALE,0,
1647632700.0,1787429227.347352,1,0.9063,0.0515,,0.624,0.0249,0.239,NOMINAL,NOMINAL,STALE,0,
1647633600.0,1787429227.4721878,1,0.8858,0.0514,,0.54,0.0216,0.233,NOMINAL,NOMINAL,STALE,0,
1647634500.0,1787429227.597198,1,0.8585,0.0507,,0.603,0.023,0.256,NOMINAL,NOMINAL,STALE,0,
1647635400.0,1787429227.7223206,1,0.9233,0.0514,,0.632,0.0229,0.234,NOMINAL,NOMINAL,STALE,0,
1647636300.0,1787429227.8473797,1,0.9028,0.052,,0.65,0.0235,0.238,NOMINAL,NOMINAL,STALE,0,
1647637200.0,1787429227.9723797,1,0.9405,0.0535,,0.623,0.0232,0.238,NOMINAL,NOMINAL,STALE,0,
1647638100.0,1787429228.0983655,1,1.2058,0.0643,,0.841,0.0301,0.293,NOMINAL,NOMINAL,STALE,0,
1647639000.0,1787429228.222921,1,1.1677,0.0543,,0.733,0.0269,0.272,NOMINAL,NOMINAL,STALE,0,
1647639900.0,1787429228.347633,1,1.0687,0.0541,,0.628,0.0257,0.247,NOMINAL,NOMINAL,STALE,0,
1647640800.0,1787429228.4722517,1,0.9677,0.0528,,0.5,0.0196,0.211,NOMINAL,NOMINAL,STALE,0,
1647641700.0,1787429228.5972328,1,0.8953,0.0517,,0.611,0.0405,0.249,NOMINAL,NOMINAL,STALE,0,
1647642600.0,1787429228.722241,1,0.9173,0.0514,,0.603,0.0224,0.23,NOMINAL,NOMINAL,STALE,0,
1647643500.0,1787429228.8473814,1,0.9328,0.0534,,0.636,0.0234,0.255,NOMINAL,NOMINAL,STALE,0,
1647644400.0,1787429228.972214,1,0.8743,0.051,,0.595,0.0217,0.226,NOMINAL,NOMINAL,STALE,0,
1647645300.0,1787429229.098323,1,1.2055,0.1029,,0.868,0.032,0.299,NOMINAL,NOMINAL,STALE,0,
1647646200.0,1787429229.222587,1,1.076,0.054,,0.681,0.0268,0.252,NOMINAL,NOMINAL,STALE,0,
1647647100.0,1787429229.3477929,1,1.0651,0.0553,,0.729,0.0289,0.264,NOMINAL,NOMINAL,STALE,0,
1647648000.0,1787429229.4740057,1,0.9908,0.156,0.5447,0.563,0.0264,0.252,NOMINAL,NOMINAL,NORMAL,0,
1647648900.0,1787429229.5974832,1,1.0138,0.1389,,0.647,0.0267,0.241,NOMINAL,NOMINAL,NORMAL,0,
1647649800.0,1787429229.7224572,1,0.9653,0.1301,,0.64,0.0262,0.238,NOMINAL,NOMINAL,NORMAL,0,
1647650700.0,1787429229.8474414,1,0.9319,0.131,,0.621,0.0249,0.232,NOMINAL,NOMINAL,NORMAL,0,
1647651600.0,1787429229.9724069,1,0.9252,0.1262,,0.628,0.0242,0.232,NOMINAL,NOMINAL,NORMAL,0,
1647652500.0,1787429230.0973492,1,0.8895,0.1297,,0.646,0.0241,0.231,NOMINAL,NOMINAL,TRIGGERED,1,omni_p6
1647653400.0,1787429230.2221982,1,0.8339,0.1257,,0.61,0.0232,0.239,NOMINAL,NOMINAL,TRIGGERED,2,omni_p6
1647654300.0,1787429230.3476765,1,0.9781,0.1334,,0.706,0.0262,0.255,NOMINAL,NOMINAL,NORMAL,0,
1647655200.0,1787429230.4722037,1,0.8472,0.122,,0.587,0.023,0.228,NOMINAL,NOMINAL,NORMAL,0,
1647656100.0,1787429230.597945,1,1.1095,0.1394,,0.793,0.0294,0.27,NOMINAL,NOMINAL,NORMAL,0,
1647657000.0,1787429230.7223368,1,0.9221,0.1228,,0.608,0.025,0.233,NOMINAL,NOMINAL,NORMAL,0,
1647657900.0,1787429230.8474474,1,0.9272,0.1259,,0.62,0.0225,0.229,NOMINAL,NOMINAL,TRIGGERED,1,omni_p6
1647658800.0,1787429230.9723294,1,0.8996,0.1253,,0.591,0.0216,0.223,NOMINAL,NOMINAL,TRIGGERED,2,omni_p6
1647659700.0,1787429231.0980885,1,1.1528,0.1425,,0.723,0.0283,0.274,NOMINAL,NOMINAL,NORMAL,0,
1647660600.0,1787429231.2225983,1,1.041,0.1349,,0.644,0.0244,0.231,NOMINAL,NOMINAL,NORMAL,0,
1647661500.0,1787429231.3477066,1,1.01,0.131,,0.661,0.0255,0.283,NOMINAL,NOMINAL,NORMAL,0,
1647662400.0,1787429231.4723032,1,0.9417,0.1288,,0.532,0.018,0.211,NOMINAL,NOMINAL,NORMAL,0,
1647663300.0,1787429231.597183,1,0.8987,0.1254,,0.513,0.0181,0.22,NOMINAL,NOMINAL,NORMAL,0,
1647664200.0,1787429231.7222238,1,0.9175,0.1209,,0.521,0.0174,0.206,NOMINAL,NOMINAL,NORMAL,0,
1647665100.0,1787429231.847608,1,0.9659,0.13,,0.667,0.0256,0.246,NOMINAL,NOMINAL,NORMAL,0,
1647666000.0,1787429231.9724386,1,0.9442,0.1262,,0.625,0.0222,0.229,NOMINAL,NOMINAL,NORMAL,0,
1647666900.0,1787429232.0974355,1,0.9271,0.1279,,0.615,0.0215,0.237,NOMINAL,NOMINAL,NORMAL,0,
1647667800.0,1787429232.2223372,1,0.9341,0.1259,,0.592,0.0217,0.223,NOMINAL,NOMINAL,NORMAL,0,
1647668700.0,1787429232.3477464,1,1.0253,0.1323,,0.704,0.0272,0.251,NOMINAL,NOMINAL,NORMAL,0,
1647669600.0,1787429232.4725223,1,1.0039,0.1349,,0.606,0.0242,0.243,NOMINAL,NOMINAL,NORMAL,0,
1647670500.0,1787429232.5973294,1,0.9244,0.1281,,0.61,0.0229,0.233,NOMINAL,NOMINAL,NORMAL,0,
1647671400.0,1787429232.7222962,1,0.9166,0.1267,,0.587,0.0213,0.22,NOMINAL,NOMINAL,NORMAL,0,
1647672300.0,1787429232.847404,1,0.9074,0.1279,,0.604,0.0243,0.227,NOMINAL,NOMINAL,NORMAL,0,
1647673200.0,1787429232.9724505,1,0.9153,0.1273,,0.652,0.024,0.235,NOMINAL,NOMINAL,NORMAL,0,
1647674100.0,1787429233.098409,1,1.2005,0.1583,,0.742,0.0266,0.385,NOMINAL,NOMINAL,NORMAL,0,
1647675000.0,1787429233.2230527,1,1.1348,0.1411,,0.703,0.0277,0.494,NOMINAL,NOMINAL,TRIGGERED,1,omni_p6
1647675900.0,1787429233.3480647,1,1.0791,0.1378,,0.703,0.0266,0.482,NOMINAL,NOMINAL,NORMAL,0,
1647676800.0,1787429233.473185,1,1.04,0.133,,1.249,0.0255,0.26,NOMINAL,NOMINAL,NORMAL,0,
1647677700.0,1787429233.597498,1,0.9542,0.1276,,0.616,0.0251,0.34,NOMINAL,NOMINAL,NORMAL,0,
1647678600.0,1787429233.7225125,1,0.958,0.1259,,0.609,0.0245,0.349,NOMINAL,NOMINAL,NORMAL,0,
1647679500.0,1787429233.8472755,1,0.723,0.0406,,0.625,0.0199,0.341,NOMINAL,NOMINAL,STALE,0,
1647680400.0,1787429233.9722133,1,0.7185,0.0399,,0.612,0.0183,0.332,NOMINAL,NOMINAL,STALE,0,
1647681300.0,1787429234.0980136,1,0.9146,0.0438,,0.828,0.0272,0.411,NOMINAL,NOMINAL,STALE,0,
1647682200.0,1787429234.222191,1,0.7534,0.0392,,0.699,0.0216,0.235,NOMINAL,NOMINAL,STALE,0,
1647683100.0,1787429234.3470938,1,0.6757,0.0391,,0.628,0.0221,0.222,NOMINAL,NOMINAL,STALE,0,
1647684000.0,1787429234.4722164,1,0.8085,0.0417,,0.584,0.0224,0.234,NOMINAL,NOMINAL,STALE,0,
1647684900.0,1787429234.597174,1,0.7587,0.0401,,0.578,0.0206,0.264,NOMINAL,NOMINAL,STALE,0,
1647685800.0,1787429234.7220867,1,0.7754,0.0422,,0.558,0.0215,0.215,NOMINAL,NOMINAL,STALE,0,
1647686700.0,1787429234.8469656,1,0.6649,0.0399,,0.569,0.0197,0.206,NOMINAL,NOMINAL,STALE,0,
1647687600.0,1787429234.9719825,1,0.701,0.0406,,0.561,0.0195,0.206,NOMINAL,NOMINAL,STALE,0,
1647688500.0,1787429235.097036,1,0.7022,0.0412,,0.579,0.0199,0.207,NOMINAL,NOMINAL,STALE,0,
1647689400.0,1787429235.2220004,1,0.6971,0.0404,,0.571,0.019,0.203,NOMINAL,NOMINAL,STALE,0,
1647690300.0,1787429235.3470778,1,0.7012,0.0388,,0.59,0.0231,0.235,NOMINAL,NOMINAL,STALE,0,
1647691200.0,1787429235.4722795,1,0.8262,0.0414,,0.594,0.0244,0.236,NOMINAL,NOMINAL,STALE,0,
1647692100.0,1787429235.5971365,1,0.7553,0.0417,,0.574,0.0205,0.237,NOMINAL,NOMINAL,STALE,0,
1647693000.0,1787429235.7220075,1,0.7119,0.041,,0.556,0.0194,0.204,NOMINAL,NOMINAL,STALE,0,
1647693900.0,1787429235.8471239,1,0.7361,0.0403,,0.58,0.0214,0.214,NOMINAL,NOMINAL,STALE,0,
1647694800.0,1787429235.9720087,1,0.7225,0.041,,0.548,0.0211,0.211,NOMINAL,NOMINAL,STALE,0,
1647695700.0,1787429236.097273,1,0.7823,0.0411,,0.626,0.0235,0.256,NOMINAL,NOMINAL,STALE,0,
1647696600.0,1787429236.2220218,1,0.7209,0.0411,,0.548,0.02,0.217,NOMINAL,NOMINAL,STALE,0,
1647697500.0,1787429236.3470778,1,0.7028,0.0403,,0.571,0.0218,0.229,NOMINAL,NOMINAL,STALE,0,
1647698400.0,1787429236.4722085,1,0.7699,0.0399,,0.597,0.0225,0.245,NOMINAL,NOMINAL,STALE,0,
1647699300.0,1787429236.5970087,1,0.7226,0.0418,,0.561,0.0226,0.217,NOMINAL,NOMINAL,STALE,0,
1647700200.0,1787429236.72198,1,0.7066,0.0414,,0.555,0.0198,0.2,NOMINAL,NOMINAL,STALE,0,
1647701100.0,1787429236.847213,1,0.7693,0.0413,,0.599,0.0242,0.22,NOMINAL,NOMINAL,STALE,0,
1647702000.0,1787429236.9721003,1,0.7475,0.0405,,0.564,0.0316,0.227,NOMINAL,NOMINAL,STALE,0,
1647702900.0,1787429237.0970457,1,0.731,0.0408,,0.561,0.0186,0.205,NOMINAL,NOMINAL,STALE,0,
1647703800.0,1787429237.222046,1,0.6993,0.0415,,0.566,0.0198,0.23,NOMINAL,NOMINAL,STALE,0,
1647704700.0,1787429237.3470669,1,0.7167,0.0395,,0.564,0.0209,0.204,NOMINAL,NOMINAL,STALE,0,
1647705600.0,1787429237.4721649,1,0.7696,0.0403,,0.587,0.0229,0.221,NOMINAL,NOMINAL,STALE,0,
1647706500.0,1787429237.597041,1,0.7391,0.0396,,0.567,0.0219,0.211,NOMINAL,NOMINAL,STALE,0,
1647707400.0,1787429237.7219932,1,0.7194,0.0395,,0.538,0.0193,0.202,NOMINAL,NOMINAL,STALE,0,
1647708300.0,1787429237.84697,1,0.6997,0.0413,,0.537,0.0191,0.203,NOMINAL,NOMINAL,STALE,0,
1647709200.0,1787429237.9720066,1,0.7004,0.0383,,0.584,0.0199,0.213,NOMINAL,NOMINAL,STALE,0,
1647710100.0,1787429238.098037,1,0.9366,0.0467,,0.909,0.0279,0.275,NOMINAL,NOMINAL,STALE,0,
1647711000.0,1787429238.2223682,1,0.8827,0.0428,,0.622,0.0227,0.23,NOMINAL,NOMINAL,STALE,0,
1647711900.0,1787429238.3472002,1,0.7801,0.0408,,0.589,0.0207,0.221,NOMINAL,NOMINAL,STALE,0,
1647712800.0,1787429238.472371,1,0.8446,0.0415,,0.641,0.023,0.229,NOMINAL,NOMINAL,STALE,0,
1647713700.0,1787429238.5971625,1,0.7753,0.0392,,0.596,0.0227,0.235,NOMINAL,NOMINAL,STALE,0,
1647714600.0,1787429238.7221143,1,0.7808,0.0395,,0.558,0.0219,0.222,NOMINAL,NOMINAL,STALE,0,
1647715500.0,1787429238.8471327,1,0.7586,0.0392,,0.549,0.0211,0.233,NOMINAL,NOMINAL,STALE,0,
1647716400.0,1787429238.9720364,1,0.7319,0.0395,,0.551,0.0203,0.203,NOMINAL,NOMINAL,STALE,0,
1647717300.0,1787429239.097901,1,0.9156,0.0437,,0.852,0.0264,0.269,NOMINAL,NOMINAL,STALE,0,
1647718200.0,1787429239.2221253,1,0.7827,0.0392,,0.576,0.0191,0.203,NOMINAL,NOMINAL,STALE,0,
1647719100.0,1787429239.3472588,1,0.7902,0.0398,,0.604,0.0226,0.23,NOMINAL,NOMINAL,STALE,0,
1647720000.0,1787429239.4718466,1,0.6748,0.0406,,0.522,0.0202,0.204,NOMINAL,NOMINAL,STALE,0,
1647720900.0,1787429239.5972536,1,0.7774,0.0418,,0.622,0.0238,0.25,NOMINAL,NOMINAL,STALE,0,
1647721800.0,1787429239.7220497,1,0.7581,0.0396,,0.559,0.0214,0.205,NOMINAL,NOMINAL,STALE,0,
1647722700.0,1787429239.8470883,1,0.7179,0.0408,,0.581,0.0205,0.204,NOMINAL,NOMINAL,STALE,0,
1647723600.0,1787429239.9721065,1,0.7426,0.039,,0.588,0.0215,0.213,NOMINAL,NOMINAL,STALE,0,
1647724500.0,1787429240.0969958,1,0.7054,0.0397,,0.556,0.0212,0.201,NOMINAL,NOMINAL,STALE,0,
1647725400.0,1787429240.221984,1,0.6843,0.0402,,0.581,0.0191,0.201,NOMINAL,NOMINAL,STALE,0,
1647726300.0,1787429240.3470275,1,0.6956,0.0389,,0.564,0.0192,0.206,NOMINAL,NOMINAL,STALE,0,
1647727200.0,1787429240.4719818,1,0.7349,0.0398,,0.521,0.0207,0.212,NOMINAL,NOMINAL,STALE,0,
1647728100.0,1787429240.5971963,1,0.765,0.0403,,0.597,0.0225,0.266,NOMINAL,NOMINAL,STALE,0,
1647729000.0,1787429240.7223554,1,1.0272,0.0405,,0.556,0.0203,0.245,NOMINAL,NOMINAL,STALE,0,
1647729900.0,1787429240.8469827,1,0.7085,0.0431,,0.53,0.0196,0.197,NOMINAL,NOMINAL,STALE,0,
1647730800.0,1787429240.9719656,1,0.6953,0.0397,,0.542,0.0217,0.215,NOMINAL,NOMINAL,STALE,0,
1647731700.0,1787429241.0972936,1,0.8002,0.0419,,0.623,0.0236,0.255,NOMINAL,NOMINAL,STALE,0,
1647732600.0,1787429241.2220516,1,0.7644,0.0418,,0.547,0.0222,0.205,NOMINAL,NOMINAL,STALE,0,
1647733500.0,1787429241.347036,1,0.7222,0.0403,,0.545,0.0188,0.199,NOMINAL,NOMINAL,STALE,0,
1647734400.0,1787429241.4725661,1,0.7154,0.0405,0.5364,0.554,0.0197,0.21,NOMINAL,NOMINAL,STALE,0,
1647735300.0,1787429241.5973206,1,0.8128,0.0416,,0.668,0.0243,0.227,NOMINAL,NOMINAL,STALE,0,
1647736200.0,1787429241.7221963,1,0.8173,0.0422,,0.588,0.0228,0.213,NOMINAL,NOMINAL,STALE,0,
1647737100.0,1787429241.847062,1,0.7489,0.0416,,0.536,0.0215,0.209,NOMINAL,NOMINAL,STALE,0,
1647738000.0,1787429241.9723427,1,0.8188,0.0415,,0.637,0.0231,0.231,NOMINAL,NOMINAL,STALE,0,
1647738900.0,1787429242.0971377,1,0.7645,0.0408,,0.572,0.0213,0.223,NOMINAL,NOMINAL,STALE,0,
1647739800.0,1787429242.2220967,1,0.7693,0.0409,,0.559,0.0208,0.205,NOMINAL,NOMINAL,STALE,0,
1647740700.0,1787429242.347054,1,0.724,0.0403,,0.56,0.02,0.202,NOMINAL,NOMINAL,STALE,0,
1647741600.0,1787429242.471919,1,0.7056,0.0403,,0.523,0.0211,0.199,NOMINAL,NOMINAL,STALE,0,
1647742500.0,1787429242.5972111,1,0.7454,0.0388,,0.624,0.025,0.272,NOMINAL,NOMINAL,STALE,0,
1647743400.0,1787429242.722063,1,0.7566,0.0393,,0.557,0.0212,0.223,NOMINAL,NOMINAL,STALE,0,
1647744300.0,1787429242.8471239,1,0.7413,0.0403,,0.577,0.0214,0.207,NOMINAL,NOMINAL,STALE,0,
1647745200.0,1787429242.9720516,1,0.7129,0.0388,,0.569,0.0212,0.239,NOMINAL,NOMINAL,STALE,0,
1647746100.0,1787429243.0980437,1,0.9591,0.0441,,0.883,0.0274,0.292,NOMINAL,NOMINAL,STALE,0,
1647747000.0,1787429243.2225063,1,0.9034,0.0429,,0.688,0.0251,0.239,NOMINAL,NOMINAL,STALE,0,
1647747900.0,1787429243.3473167,1,0.8074,0.0432,,0.616,0.0218,0.229,NOMINAL,NOMINAL,STALE,0,
1647748800.0,1787429243.4720392,1,0.7637,0.0412,,0.531,0.0208,0.207,NOMINAL,NOMINAL,STALE,0,
1647749700.0,1787429243.59738,1,0.8135,0.044,,0.692,0.0238,0.253,NOMINAL,NOMINAL,STALE,0,
1647750600.0,1787429243.7220385,1,0.6958,0.0376,,0.572,0.0216,0.222,NOMINAL,NOMINAL,STALE,0,
1647751500.0,1787429243.847074,1,0.7113,0.0398,,0.59,0.0215,0.214,NOMINAL,NOMINAL,STALE,0,
1647752400.0,1787429243.972033,1,0.7191,0.0396,,0.574,0.0196,0.215,NOMINAL,NOMINAL,STALE,0,
1647753300.0,1787429244.0978441,1,0.9048,0.0437,,0.832,0.0282,0.277,NOMINAL,NOMINAL,STALE,0,
1647754200.0,1787429244.222175,1,0.7721,0.0419,,0.603,0.0233,0.223,NOMINAL,NOMINAL,STALE,0,
1647755100.0,1787429244.3470683,1,0.6805,0.0383,,0.599,0.0235,0.222,NOMINAL,NOMINAL,STALE,0,
1647756000.0,1787429244.4719782,1,0.7337,0.0396,,0.526,0.0202,0.213,NOMINAL,NOMINAL,STALE,0,
1647756900.0,1787429244.597213,1,0.7543,0.0408,,0.624,0.0224,0.266,NOMINAL,NOMINAL,STALE,0,
1647757800.0,1787429244.7220821,1,0.8259,0.0404,,0.524,0.0194,0.201,NOMINAL,NOMINAL,STALE,0,
1647758700.0,1787429244.8471131,1,0.7283,0.041,,0.535,0.0212,0.243,NOMINAL,NOMINAL,STALE,0,
1647759600.0,1787429244.9720356,1,0.7238,0.0396,,0.541,0.0202,0.207,NOMINAL,NOMINAL,STALE,0,
1647760500.0,1787429245.0971718,1,0.7281,0.0394,,0.601,0.0201,0.234,NOMINAL,NOMINAL,STALE,0,
1647761400.0,1787429245.2219229,1,0.6551,0.0402,,0.534,0.0194,0.201,NOMINAL,NOMINAL,STALE,0,
1647762300.0,1787429245.3469727,1,0.698,0.0402,,0.52,0.0199,0.195,NOMINAL,NOMINAL,STALE,0,
1647763200.0,1787429245.4718144,1,0.6833,0.0405,,0.484,0.0183,0.196,NOMINAL,NOMINAL,STALE,0,
1647764100.0,1787429245.5968802,1,0.6829,0.0393,,0.522,0.0178,0.192,NOMINAL,NOMINAL,STALE,0,
1647765000.0,1787429245.7221763,1,0.7688,0.0408,,0.616,0.0217,0.213,NOMINAL,NOMINAL,STALE,0,
1647765900.0,1787429245.847062,1,0.7116,0.0397,,0.568,0.0198,0.202,NOMINAL,NOMINAL,STALE,0,
1647766800.0,1787429245.9719768,1,0.6871,0.0397,,0.565,0.0187,0.202,NOMINAL,NOMINAL,STALE,0,
1647767700.0,1787429246.0971947,1,0.7377,0.0413,,0.613,0.0218,0.234,NOMINAL,NOMINAL,STALE,0,
1647768600.0,1787429246.2220263,1,0.7005,0.0414,,0.563,0.0217,0.201,NOMINAL,NOMINAL,STALE,0,
1647769500.0,1787429246.347112,1,0.7093,0.041,,0.579,0.0202,0.208,NOMINAL,NOMINAL,STALE,0,
1647770400.0,1787429246.4718795,1,0.6858,0.0403,,0.521,0.0181,0.2,NOMINAL,NOMINAL,STALE,0,
1647771300.0,1787429246.5969021,1,0.6797,0.0393,,0.533,0.0192,0.196,NOMINAL,NOMINAL,STALE,0,
1647772200.0,1787429246.7221637,1,0.7526,0.0399,,0.617,0.0211,0.209,NOMINAL,NOMINAL,STALE,0,
1647773100.0,1787429246.8470845,1,0.7168,0.0403,,0.571,0.0204,0.206,NOMINAL,NOMINAL,STALE,0,
1647774000.0,1787429246.9721951,1,0.7461,0.0405,,0.619,0.0212,0.211,NOMINAL,NOMINAL,STALE,0,
1647774900.0,1787429247.097173,1,0.7443,0.0406,,0.597,0.0222,0.241,NOMINAL,NOMINAL,STALE,0,
1647775800.0,1787429247.2220416,1,0.6963,0.0421,,0.571,0.0197,0.202,NOMINAL,NOMINAL,STALE,0,
1647776700.0,1787429247.3470457,1,0.6933,0.0405,,0.571,0.0195,0.204,NOMINAL,NOMINAL,STALE,0,
1647777600.0,1787429247.4719694,1,0.723,0.0396,,0.523,0.02,0.211,NOMINAL,NOMINAL,STALE,0,
1647778500.0,1787429247.5969841,1,0.7014,0.0389,,0.57,0.0199,0.198,NOMINAL,NOMINAL,STALE,0,
1647779400.0,1787429247.7221622,1,0.759,0.0395,,0.617,0.0215,0.213,NOMINAL,NOMINAL,STALE,0,
1647780300.0,1787429247.847071,1,0.7262,0.0405,,0.543,0.0211,0.203,NOMINAL,NOMINAL,STALE,0,
1647781200.0,1787429247.9720519,1,0.7172,0.0403,,0.561,0.0199,0.209,NOMINAL,NOMINAL,STALE,0,
1647782100.0,1787429248.098055,1,0.9347,0.0434,,0.907,0.0282,0.286,NOMINAL,NOMINAL,STALE,0,
1647783000.0,1787429248.2225165,1,0.8912,0.0419,,0.666,0.0218,0.25,NOMINAL,NOMINAL,STALE,0,
1647783900.0,1787429248.3473465,1,0.8119,0.0419,,0.642,0.0215,0.231,NOMINAL,NOMINAL,STALE,0,
1647784800.0,1787429248.4722557,1,0.8271,0.0424,,0.595,0.0222,0.229,NOMINAL,NOMINAL,STALE,0,
1647785700.0,1787429248.5972412,1,0.8001,0.0408,,0.587,0.0217,0.262,NOMINAL,NOMINAL,STALE,0,
1647786600.0,1787429248.7222788,1,0.8269,0.0399,,0.594,0.0204,0.249,NOMINAL,NOMINAL,STALE,0,
1647787500.0,1787429248.8471742,1,0.7594,0.0412,,0.579,0.0203,0.217,NOMINAL,NOMINAL,STALE,0,
1647788400.0,1787429248.9720714,1,0.7193,0.039,,0.563,0.0182,0.223,NOMINAL,NOMINAL,STALE,0,
1647789300.0,1787429249.0978544,1,0.8976,0.044,,0.837,0.0265,0.27,NOMINAL,NOMINAL,STALE,0,
1647790200.0,1787429249.2223427,1,0.8583,0.0442,,0.604,0.0197,0.217,NOMINAL,NOMINAL,STALE,0,
1647791100.0,1787429249.3472202,1,0.775,0.0409,,0.592,0.0201,0.22,NOMINAL,NOMINAL,STALE,0,
1647792000.0,1787429249.4719813,1,0.7419,0.0405,,0.531,0.019,0.199,NOMINAL,NOMINAL,STALE,0,
1647792900.0,1787429249.5969684,1,0.7078,0.0399,,0.544,0.0182,0.193,NOMINAL,NOMINAL,STALE,0,
1647793800.0,1787429249.722281,1,0.8116,0.0403,,0.637,0.0212,0.216,NOMINAL,NOMINAL,STALE,0,
1647794700.0,1787429249.847116,1,0.7345,0.0408,,0.571,0.02,0.207,NOMINAL,NOMINAL,STALE,0,
1647795600.0,1787429249.9720201,1,0.7096,0.0397,,0.564,0.0188,0.201,NOMINAL,NOMINAL,STALE,0,
1647796500.0,1787429250.0970263,1,0.7029,0.0406,,0.565,0.0201,0.201,NOMINAL,NOMINAL,STALE,0,
1647797400.0,1787429250.2220104,1,0.722,0.0403,,0.551,0.0192,0.194,NOMINAL,NOMINAL,STALE,0,
1647798300.0,1787429250.3469896,1,0.6807,0.039,,0.56,0.0184,0.199,NOMINAL,NOMINAL,STALE,0,
1647799200.0,1787429250.4720182,1,0.7353,0.0381,,0.549,0.0201,0.21,NOMINAL,NOMINAL,STALE,0,
1647800100.0,1787429250.5970247,1,0.7128,0.0384,,0.575,0.0196,0.208,NOMINAL,NOMINAL,STALE,0,
1647801000.0,1787429250.7219758,1,0.6855,0.0373,,0.559,0.0178,0.197,NOMINAL,NOMINAL,STALE,0,
1647801900.0,1787429250.8475146,1,0.8268,0.0424,,0.707,0.024,0.231,NOMINAL,NOMINAL,STALE,0,
1647802800.0,1787429250.9721847,1,0.7781,0.0398,,0.612,0.0223,0.22,NOMINAL,NOMINAL,STALE,0,
1647803700.0,1787429251.0973258,1,0.791,0.0409,,0.666,0.0235,0.233,NOMINAL,NOMINAL,STALE,0,
1647804600.0,1787429251.2221115,1,0.7536,0.0401,,0.58,0.0204,0.21,NOMINAL,NOMINAL,STALE,0,
1647805500.0,1787429251.3470209,1,0.7109,0.0386,,0.544,0.0197,0.202,NOMINAL,NOMINAL,STALE,0,
1647806400.0,1787429251.4720438,1,0.7222,0.0419,,0.571,0.0195,0.213,NOMINAL,NOMINAL,STALE,0,
1647807300.0,1787429251.596999,1,0.712,0.0388,,0.556,0.019,0.201,NOMINAL,NOMINAL,STALE,0,
1647808200.0,1787429251.7220228,1,0.7258,0.0404,,0.557,0.019,0.199,NOMINAL,NOMINAL,STALE,0,
1647809100.0,1787429251.8472314,1,0.7531,0.0413,,0.624,0.0219,0.218,NOMINAL,NOMINAL,STALE,0,
1647810000.0,1787429251.9722822,1,0.7834,0.0414,,0.639,0.022,0.218,NOMINAL,NOMINAL,STALE,0,
1647810900.0,1787429252.0971413,1,0.7379,0.0399,,0.589,0.0226,0.237,NOMINAL,NOMINAL,STALE,0,
1647811800.0,1787429252.2220616,1,0.7199,0.0388,,0.585,0.0201,0.206,NOMINAL,NOMINAL,STALE,0,
1647812700.0,1787429252.3470213,1,0.6813,0.0387,,0.562,0.0188,0.202,NOMINAL,NOMINAL,STALE,0,
1647813600.0,1787429252.4719439,1,0.6996,0.0392,,0.55,0.0197,0.208,NOMINAL,NOMINAL,STALE,0,
1647814500.0,1787429252.5970328,1,0.7234,0.0409,,0.568,0.0198,0.204,NOMINAL,NOMINAL,STALE,0,
1647815400.0,1787429252.7220078,1,0.6924,0.0407,,0.566,0.0186,0.199,NOMINAL,NOMINAL,STALE,0,
1647816300.0,1787429252.8476763,1,1.0467,0.1444,,0.647,0.0286,0.233,NOMINAL,NOMINAL,TRIGGERED,1,omni_p6
1647817200.0,1787429252.9722488,1,0.8751,0.1286,,0.572,0.0227,0.233,NOMINAL,NOMINAL,TRIGGERED,2,omni_p6
1647818100.0,1787429253.0980465,1,0.9482,0.046,,0.904,0.0261,0.275,NOMINAL,NOMINAL,STALE,2,
1647819000.0,1787429253.222052,1,0.7688,0.044,,0.563,0.0198,0.225,NOMINAL,NOMINAL,STALE,2,
1647819900.0,1787429253.3472192,1,0.7826,0.0437,,0.595,0.02,0.215,NOMINAL,NOMINAL,STALE,2,
1647820800.0,1787429253.4726639,1,0.7782,0.0442,0.5049,0.561,0.021,0.229,NOMINAL,NOMINAL,STALE,2,
1647821700.0,1787429253.596997,1,0.7479,0.0418,,0.552,0.0206,0.21,NOMINAL,NOMINAL,STALE,2,
1647822600.0,1787429253.7218518,1,0.649,0.0408,,0.54,0.0204,0.223,NOMINAL,NOMINAL,STALE,2,
1647823500.0,1787429253.8476427,1,0.8692,0.0455,,0.72,0.0238,0.257,NOMINAL,NOMINAL,STALE,2,
1647824400.0,1787429253.9721572,1,0.8016,0.0427,,0.569,0.0227,0.226,NOMINAL,NOMINAL,STALE,2,
1647825300.0,1787429254.0978048,1,0.8888,0.0473,,0.836,0.0262,0.268,NOMINAL,NOMINAL,STALE,2,
1647826200.0,1787429254.2220032,1,0.733,0.0397,,0.55,0.0225,0.225,NOMINAL,NOMINAL,STALE,2,
1647827100.0,1787429254.3467414,1,0.636,0.039,,0.485,0.0201,0.215,NOMINAL,NOMINAL,STALE,2,
1647828000.0,1787429254.47186,1,0.699,0.0414,,0.533,0.0194,0.199,NOMINAL,NOMINAL,STALE,2,
1647828900.0,1787429254.5967145,1,0.6322,0.0384,,0.504,0.018,0.203,NOMINAL,NOMINAL,STALE,2,
1647829800.0,1787429254.7216911,1,0.6173,0.0395,,0.508,0.0144,0.175,NOMINAL,NOMINAL,STALE,2,
1647830700.0,1787429254.847658,1,1.0483,0.1452,,0.626,0.0273,0.232,NOMINAL,NOMINAL,NORMAL,0,
1647831600.0,1787429254.972096,1,0.841,0.129,,0.541,0.0218,0.21,NOMINAL,NOMINAL,NORMAL,0,
1647832500.0,1787429255.0968528,1,0.681,0.0396,,0.526,0.019,0.196,NOMINAL,NOMINAL,STALE,0,
1647833400.0,1787429255.2216983,1,0.6208,0.0373,,0.513,0.0148,0.177,NOMINAL,NOMINAL,STALE,0,
1647834300.0,1787429255.3468397,1,0.6729,0.0401,,0.502,0.0132,0.17,NOMINAL,NOMINAL,STALE,0,
1647835200.0,1787429255.471826,1,0.6864,0.0391,,0.491,0.0184,0.201,NOMINAL,NOMINAL,STALE,0,
1647836100.0,1787429255.5967531,1,0.6231,0.0365,,0.521,0.0182,0.199,NOMINAL,NOMINAL,STALE,0,
1647837000.0,1787429255.7222252,1,0.9326,0.1379,,0.567,0.0215,0.208,NOMINAL,NOMINAL,NORMAL,0,
1647837900.0,1787429255.847236,1,0.8989,0.1353,,0.542,0.0214,0.208,NOMINAL,NOMINAL,NORMAL,0,
1647838800.0,1787429255.972497,1,0.9728,0.1322,,0.62,0.0265,0.229,NOMINAL,NOMINAL,NORMAL,0,
1647839700.0,1787429256.097576,1,0.9884,0.1358,,0.64,0.027,0.237,NOMINAL,NOMINAL,NORMAL,0,
1647840600.0,1787429256.2221675,1,0.8536,0.1221,,0.576,0.0228,0.214,NOMINAL,NOMINAL,NORMAL,0,
1647841500.0,1787429256.3471055,1,0.7929,0.1187,,0.55,0.0231,0.212,NOMINAL,NOMINAL,NORMAL,0,
1647842400.0,1787429256.4722767,1,0.9354,0.1308,,0.537,0.024,0.222,NOMINAL,NOMINAL,NORMAL,0,
1647843300.0,1787429256.5972967,1,0.9002,0.1251,,0.576,0.0259,0.245,NOMINAL,NOMINAL,NORMAL,0,
1647844200.0,1787429256.7222984,1,0.9121,0.1273,,0.602,0.0227,0.217,NOMINAL,NOMINAL,NORMAL,0,
1647845100.0,1787429256.8473692,1,0.8964,0.1296,,0.564,0.0251,0.218,NOMINAL,NOMINAL,NORMAL,0,
1647846000.0,1787429256.9728656,1,1.0811,0.1416,,0.704,0.0524,0.269,NOMINAL,NOMINAL,NORMAL,0,
1647846900.0,1787429257.0975358,1,0.9902,0.1329,,0.636,0.0262,0.233,NOMINAL,NOMINAL,NORMAL,0,
1647847800.0,1787429257.2222846,1,0.9558,0.1293,,0.536,0.0209,0.204,NOMINAL,NOMINAL,NORMAL,0,
1647848700.0,1787429257.3472583,1,0.876,0.1249,,0.551,0.022,0.208,NOMINAL,NOMINAL,NORMAL,0,
1647849600.0,1787429257.4721253,1,0.8817,0.1221,,0.515,0.0196,0.191,NOMINAL,NOMINAL,NORMAL,0,
1647850500.0,1787429257.597282,1,0.9056,0.1263,,0.542,0.0233,0.253,NOMINAL,NOMINAL,TRIGGERED,1,omni_p6
1647851400.0,1787429257.7222834,1,0.9295,0.1255,,0.542,0.0214,0.197,NOMINAL,NOMINAL,TRIGGERED,2,omni_p6
1647852300.0,1787429257.8478405,1,1.0482,0.1358,,0.698,0.0287,0.249,NOMINAL,NOMINAL,NORMAL,0,
1647853200.0,1787429257.9731774,1,1.105,0.1431,,0.849,0.0324,0.361,NOMINAL,NOMINAL,NORMAL,0,
1647854100.0,1787429258.0984,1,1.1889,0.1796,,0.875,0.0312,0.294,NOMINAL,NOMINAL,NORMAL,0,
1647855000.0,1787429258.2231982,1,1.2197,0.1523,,0.803,0.032,0.286,NOMINAL,NOMINAL,NORMAL,0,
1647855900.0,1787429258.3479738,1,1.1005,0.1439,,0.738,0.0298,0.28,NOMINAL,NOMINAL,NORMAL,0,
1647856800.0,1787429258.4729536,1,1.1381,0.1524,,0.696,0.0296,0.309,NOMINAL,NOMINAL,TRIGGERED,1,omni_p6
1647857700.0,1787429258.5977998,1,1.0945,0.142,,0.701,0.0285,0.256,NOMINAL,NOMINAL,TRIGGERED,2,omni_p6
1647858600.0,1787429258.722825,1,1.1304,0.1381,,0.674,0.0281,0.25,NOMINAL,NOMINAL,NORMAL,0,
1647859500.0,1787429258.8476543,1,1.0373,0.1393,,0.635,0.0266,0.236,NOMINAL,NOMINAL,NORMAL,0,
1647860400.0,1787429258.9726293,1,1.0377,0.1379,,0.619,0.0269,0.24,NOMINAL,NOMINAL,NORMAL,0,
1647861300.0,1787429259.0983708,1,1.2106,0.2051,,0.818,0.0323,0.326,NOMINAL,NOMINAL,NORMAL,0,
1647862200.0,1787429259.2229483,1,1.1555,0.1431,,0.706,0.0283,0.26,NOMINAL,NOMINAL,NORMAL,0,
1647863100.0,1787429259.3477,1,1.0669,0.1372,,0.636,0.0274,0.248,NOMINAL,NOMINAL,TRIGGERED,1,omni_p6
1647864000.0,1787429259.4727314,1,1.0678,0.1432,,0.638,0.0293,0.252,NOMINAL,NOMINAL,NORMAL,0,
1647864900.0,1787429259.5976093,1,1.0306,0.137,,0.642,0.0271,0.233,NOMINAL,NOMINAL,NORMAL,0,
1647865800.0,1787429259.7226257,1,1.0476,0.1339,,0.621,0.0256,0.233,NOMINAL,NOMINAL,NORMAL,0,
1647866700.0,1787429259.8476357,1,1.005,0.1346,,0.624,0.0276,0.242,NOMINAL,NOMINAL,NORMAL,0,
1647867600.0,1787429259.9726455,1,1.0348,0.135,,0.635,0.0271,0.237,NOMINAL,NOMINAL,NORMAL,0,
1647868500.0,1787429260.0981207,1,1.1212,0.1463,,0.808,0.03,0.34,NOMINAL,NOMINAL,TRIGGERED,1,omni_p6
1647869400.0,1787429260.2228556,1,1.1296,0.1422,,0.682,0.0316,0.253,NOMINAL,NOMINAL,TRIGGERED,2,omni_p6
1647870300.0,1787429260.3475544,1,1.0214,0.1326,,0.602,0.0276,0.236,NOMINAL,NOMINAL,NORMAL,0,
1647871200.0,1787429260.4726746,1,1.0265,0.1423,,0.666,0.0275,0.254,NOMINAL,NOMINAL,NORMAL,0,
1647872100.0,1787429260.597599,1,1.0405,0.133,,0.623,0.0275,0.238,NOMINAL,NOMINAL,NORMAL,0,
1647873000.0,1787429260.7224407,1,1.0171,0.129,,0.564,0.0254,0.228,NOMINAL,NOMINAL,NORMAL,0,
1647873900.0,1787429260.8473647,1,0.9322,0.1303,,0.552,0.0239,0.23,NOMINAL,NOMINAL,NORMAL,0,
1647874800.0,1787429260.9724805,1,0.9851,0.1319,,0.599,0.0265,0.233,NOMINAL,NOMINAL,TRIGGERED,1,omni_p6
1647875700.0,1787429261.097827,1,1.0622,0.1386,,0.729,0.03,0.258,NOMINAL,NOMINAL,TRIGGERED,2,omni_p6
1647876600.0,1787429261.2225826,1,1.0328,0.1339,,0.624,0.0264,0.236,NOMINAL,NOMINAL,NORMAL,0,
1647877500.0,1787429261.3473942,1,0.934,0.1286,,0.576,0.0241,0.214,NOMINAL,NOMINAL,NORMAL,0,
1647878400.0,1787429261.4724004,1,0.9391,0.1331,,0.612,0.0258,0.23,NOMINAL,NOMINAL,NORMAL,0,
1647879300.0,1787429261.5973613,1,0.9248,0.1312,,0.598,0.0249,0.216,NOMINAL,NOMINAL,NORMAL,0,
1647880200.0,1787429261.7223406,1,0.9255,0.1265,,0.579,0.0233,0.21,NOMINAL,NOMINAL,NORMAL,0,
1647881100.0,1787429261.8473694,1,0.894,0.1257,,0.577,0.0246,0.23,NOMINAL,NOMINAL,NORMAL,0,
1647882000.0,1787429261.972529,1,0.9711,0.1334,,0.653,0.0276,0.229,NOMINAL,NOMINAL,NORMAL,0,
1647882900.0,1787429262.0977137,1,1.0207,0.1371,,0.691,0.028,0.247,NOMINAL,NOMINAL,NORMAL,0,
1647883800.0,1787429262.2227104,1,1.0677,0.137,,0.671,0.0296,0.257,NOMINAL,NOMINAL,NORMAL,0,
1647884700.0,1787429262.3475301,1,0.9922,0.1322,,0.628,0.0257,0.226,NOMINAL,NOMINAL,NORMAL,0,
1647885600.0,1787429262.472691,1,1.0285,0.1369,,0.647,0.028,0.262,NOMINAL,NOMINAL,NORMAL,0,
1647886500.0,1787429262.597614,1,0.9933,0.1318,,0.648,0.0272,0.281,NOMINAL,NOMINAL,NORMAL,0,
1647887400.0,1787429262.7225997,1,1.0676,0.1357,,0.608,0.0268,0.23,NOMINAL,NOMINAL,NORMAL,0,
1647888300.0,1787429262.848001,1,1.1216,0.1443,,0.74,0.0305,0.257,NOMINAL,NOMINAL,NORMAL,0,
1647889200.0,1787429262.9728456,1,1.0836,0.1437,,0.722,0.0294,0.254,NOMINAL,NOMINAL,NORMAL,0,
1647890100.0,1787429263.0984895,1,1.229,0.1549,,0.89,0.0313,0.287,NOMINAL,NOMINAL,NORMAL,0,
1647891000.0,1787429263.2229612,1,1.1479,0.1448,,0.731,0.0281,0.257,NOMINAL,NOMINAL,NORMAL,0,
1647891900.0,1787429263.3478513,1,1.0925,0.1388,,0.684,0.0289,0.273,NOMINAL,NOMINAL,NORMAL,0,
1647892800.0,1787429263.4726067,1,1.0632,0.1395,,0.606,0.0273,0.237,NOMINAL,NOMINAL,NORMAL,0,
1647893700.0,1787429263.5976682,1,1.0603,0.1368,,0.665,0.0265,0.236,NOMINAL,NOMINAL,NORMAL,0,
1647894600.0,1787429263.722758,1,1.1105,0.1393,,0.661,0.0273,0.241,NOMINAL,NOMINAL,NORMAL,0,
1647895500.0,1787429263.8477755,1,1.1688,0.1383,,0.628,0.0278,0.23,NOMINAL,NOMINAL,TRIGGERED,1,omni_p6
1647896400.0,1787429263.9725742,1,0.9839,0.136,,0.626,0.0258,0.236,NOMINAL,NOMINAL,NORMAL,0,
1647897300.0,1787429264.0983984,1,1.1782,0.1886,,0.886,0.0322,0.305,NOMINAL,NOMINAL,NORMAL,0,
1647898200.0,1787429264.2229342,1,1.1224,0.1442,,0.72,0.029,0.26,NOMINAL,NOMINAL,NORMAL,0,
1647899100.0,1787429264.347733,1,1.047,0.1372,,0.658,0.0274,0.24,NOMINAL,NOMINAL,NORMAL,0,
1647900000.0,1787429264.472654,1,1.0499,0.1387,,0.641,0.0281,0.243,NOMINAL,NOMINAL,NORMAL,0,
1647900900.0,1787429264.5975819,1,1.0188,0.1347,,0.656,0.0265,0.237,NOMINAL,NOMINAL,NORMAL,0,
1647901800.0,1787429264.7225964,1,1.0226,0.1354,,0.616,0.0286,0.235,NOMINAL,NOMINAL,TRIGGERED,1,omni_p6
1647902700.0,1787429264.8476498,1,0.9875,0.133,,0.626,0.0274,0.286,NOMINAL,NOMINAL,NORMAL,0,
1647903600.0,1787429264.9725811,1,0.9632,0.1312,,0.657,0.0274,0.274,NOMINAL,NOMINAL,NORMAL,0,
1647904500.0,1787429265.0978265,1,1.0398,0.1404,,0.731,0.0294,0.258,NOMINAL,NOMINAL,NORMAL,0,
1647905400.0,1787429265.2225926,1,1.0057,0.1327,,0.655,0.0247,0.236,NOMINAL,NOMINAL,NORMAL,0,
1647906300.0,1787429265.3476202,1,0.9605,0.1291,,0.67,0.0255,0.248,NOMINAL,NOMINAL,NORMAL,0,
1647907200.0,1787429265.4731402,1,0.9847,0.1307,0.5329,0.618,0.0266,0.286,NOMINAL,NOMINAL,NORMAL,0,
1647908100.0,1787429265.597633,1,1.0177,0.1356,,0.675,0.0264,0.246,NOMINAL,NOMINAL,TRIGGERED,1,omni_p6
1647909000.0,1787429265.7226121,1,1.0132,0.1334,,0.653,0.0269,0.234,NOMINAL,NOMINAL,NORMAL,0,
1647909900.0,1787429265.8476071,1,0.994,0.135,,0.62,0.024,0.254,NOMINAL,NOMINAL,NORMAL,0,
1647910800.0,1787429265.9724844,1,0.9604,0.1316,,0.616,0.0244,0.227,NOMINAL,NOMINAL,NORMAL,0,
1647911700.0,1787429266.0976985,1,1.0116,0.1372,,0.693,0.0272,0.237,NOMINAL,NOMINAL,NORMAL,0,
1647912600.0,1787429266.2228496,1,1.101,0.1358,,0.722,0.0284,0.244,NOMINAL,NOMINAL,NORMAL,0,
1647913500.0,1787429266.3475437,1,0.9668,0.1334,,0.647,0.0254,0.228,NOMINAL,NOMINAL,TRIGGERED,1,omni_p6
1647914400.0,1787429266.4724867,1,0.9786,0.1333,,0.621,0.0263,0.237,NOMINAL,NOMINAL,TRIGGERED,2,omni_p6
1647915300.0,1787429266.597564,1,0.9759,0.1336,,0.691,0.0266,0.234,NOMINAL,NOMINAL,NORMAL,0,
1647916200.0,1787429266.7225556,1,0.9851,0.1315,,0.637,0.026,0.232,NOMINAL,NOMINAL,NORMAL,0,
1647917100.0,1787429266.8475924,1,0.9685,0.1323,,0.662,0.0262,0.223,NOMINAL,NOMINAL,NORMAL,0,
1647918000.0,1787429266.972872,1,1.025,0.1387,,0.741,0.027,0.274,NOMINAL,NOMINAL,NORMAL,0,
1647918900.0,1787429267.0977576,1,1.0311,0.1375,,0.717,0.027,0.25,NOMINAL,NOMINAL,NORMAL,0,
1647919800.0,1787429267.222764,1,1.0733,0.1399,,0.693,0.0278,0.249,NOMINAL,NOMINAL,TRIGGERED,1,omni_p6
1647920700.0,1787429267.347621,1,0.9859,0.1331,,0.64,0.0263,0.232,NOMINAL,NOMINAL,TRIGGERED,2,omni_p6
1647921600.0,1787429267.4725556,1,0.9937,0.1325,,0.622,0.0273,0.237,NOMINAL,NOMINAL,NORMAL,0,
1647922500.0,1787429267.5974576,1,0.949,0.131,,0.648,0.0269,0.225,NOMINAL,NOMINAL,NORMAL,0,
1647923400.0,1787429267.7226472,1,1.0254,0.1334,,0.676,0.0283,0.247,NOMINAL,NOMINAL,NORMAL,0,
1647924300.0,1787429267.8476124,1,0.9835,0.1364,,0.654,0.0276,0.253,NOMINAL,NOMINAL,NORMAL,0,
1647925200.0,1787429267.9726355,1,0.9996,0.1335,,0.672,0.0278,0.256,NOMINAL,NOMINAL,NORMAL,0,
1647926100.0,1787429268.0984366,1,1.2229,0.1941,,0.883,0.0316,0.304,NOMINAL,NOMINAL,NORMAL,0,
1647927000.0,1787429268.2231288,1,1.1878,0.1467,,0.782,0.0292,0.27,NOMINAL,NOMINAL,NORMAL,0,
1647927900.0,1787429268.347798,1,1.0714,0.1379,,0.682,0.0274,0.251,NOMINAL,NOMINAL,NORMAL,0,
1647928800.0,1787429268.472529,1,1.0465,0.1382,,0.557,0.0243,0.245,NOMINAL,NOMINAL,NORMAL,0,
1647929700.0,1787429268.597628,1,1.0209,0.1352,,0.668,0.027,0.241,NOMINAL,NOMINAL,NORMAL,0,
1647930600.0,1787429268.7226307,1,1.0483,0.1352,,0.635,0.0257,0.238,NOMINAL,NOMINAL,NORMAL,0,
1647931500.0,1787429268.8476946,1,1.0323,0.1395,,0.659,0.0275,0.247,NOMINAL,NOMINAL,NORMAL,0,
1647932400.0,1787429268.9725204,1,1.0,0.1364,,0.609,0.0259,0.235,NOMINAL,NOMINAL,NORMAL,0,
1647933300.0,1787429269.0983386,1,1.2041,0.1975,,0.834,0.0324,0.288,NOMINAL,NOMINAL,NORMAL,0,
1647934200.0,1787429269.22301,1,1.1356,0.1405,,0.761,0.0294,0.265,NOMINAL,NOMINAL,NORMAL,0,
1647935100.0,1787429269.3477187,1,1.0516,0.1345,,0.659,0.0268,0.249,NOMINAL,NOMINAL,NORMAL,0,
1647936000.0,1787429269.4726846,1,1.0236,0.135,,0.658,0.0289,0.261,NOMINAL,NOMINAL,TRIGGERED,1,omni_p6
1647936900.0,1787429269.5975678,1,0.9877,0.1333,,0.664,0.0266,0.258,NOMINAL,NOMINAL,NORMAL,0,
1647937800.0,1787429269.722501,1,0.9995,0.1331,,0.623,0.026,0.235,NOMINAL,NOMINAL,NORMAL,0,
1647938700.0,1787429269.8476424,1,1.0135,0.1404,,0.658,0.0272,0.245,NOMINAL,NOMINAL,TRIGGERED,1,omni_p6
1647939600.0,1787429269.9725087,1,0.9873,0.1329,,0.618,0.026,0.233,NOMINAL,NOMINAL,TRIGGERED,2,omni_p6
1647940500.0,1787429270.0975723,1,0.9776,0.1303,,0.657,0.0238,0.227,NOMINAL,NOMINAL,NORMAL,0,
1647941400.0,1787429270.2228742,1,1.104,0.1392,,0.731,0.0267,0.25,NOMINAL,NOMINAL,NORMAL,0,
1647942300.0,1787429270.3476343,1,0.9884,0.1345,,0.666,0.0266,0.235,NOMINAL,NOMINAL,TRIGGERED,1,omni_p6
1647943200.0,1787429270.4725065,1,0.9857,0.1337,,0.621,0.026,0.236,NOMINAL,NOMINAL,NORMAL,0,
1647944100.0,1787429270.597427,1,0.9617,0.1303,,0.619,0.0255,0.231,NOMINAL,NOMINAL,NORMAL,0,
1647945000.0,1787429270.7225559,1,0.9899,0.132,,0.633,0.025,0.236,NOMINAL,NOMINAL,NORMAL,0,
1647945900.0,1787429270.8476794,1,0.987,0.1345,,0.691,0.0271,0.248,NOMINAL,NOMINAL,NORMAL,0,
1647946800.0,1787429270.9725132,1,0.9649,0.1303,,0.649,0.0255,0.243,NOMINAL,NOMINAL,NORMAL,0,
1647947700.0,1787429271.0978878,1,1.0478,0.1417,,0.788,0.0283,0.259,NOMINAL,NOMINAL,TRIGGERED,1,omni_p6
1647948600.0,1787429271.2227468,1,1.0516,0.137,,0.715,0.0286,0.251,NOMINAL,NOMINAL,TRIGGERED,2,omni_p6
1647949500.0,1787429271.3476372,1,0.977,0.1312,,0.644,0.0252,0.233,NOMINAL,NOMINAL,NORMAL,0,
1647950400.0,1787429271.4724596,1,0.9915,0.1343,,0.604,0.0256,0.239,NOMINAL,NOMINAL,NORMAL,0,
1647951300.0,1787429271.5976174,1,1.0102,0.1318,,0.687,0.0291,0.253,NOMINAL,NOMINAL,NORMAL,0,
1647952200.0,1787429271.7226105,1,1.0228,0.1299,,0.646,0.028,0.245,NOMINAL,NOMINAL,NORMAL,0,
1647953100.0,1787429271.8475938,1,1.002,0.133,,0.628,0.0274,0.232,NOMINAL,NOMINAL,NORMAL,0,
1647954000.0,1787429271.9725227,1,0.9966,0.1327,,0.622,0.0267,0.238,NOMINAL,NOMINAL,TRIGGERED,1,omni_p6
1647954900.0,1787429272.0977774,1,1.0192,0.1368,,0.73,0.0271,0.249,NOMINAL,NOMINAL,TRIGGERED,2,omni_p6
1647955800.0,1787429272.222735,1,1.0619,0.1346,,0.688,0.026,0.242,NOMINAL,NOMINAL,NORMAL,0,
1647956700.0,1787429272.347745,1,1.0189,0.1333,,0.693,0.0267,0.27,NOMINAL,NOMINAL,NORMAL,0,
1647957600.0,1787429272.4727192,1,1.0364,0.1398,,0.687,0.0387,0.266,NOMINAL,NOMINAL,NORMAL,0,
1647958500.0,1787429272.5975537,1,0.984,0.1297,,0.674,0.0264,0.241,NOMINAL,NOMINAL,NORMAL,0,
1647959400.0,1787429272.7224967,1,0.9513,0.1239,,0.639,0.0284,0.26,NOMINAL,NOMINAL,NORMAL,0,
1647960300.0,1787429272.847643,1,0.9605,0.1363,,0.651,0.0246,0.28,NOMINAL,NOMINAL,TRIGGERED,1,omni_p6
1647961200.0,1787429272.972575,1,0.9488,0.1334,,0.648,0.0256,0.287,NOMINAL,NOMINAL,NORMAL,0,
1647962100.0,1787429273.0986104,1,1.207,0.1584,,1.005,0.0315,0.32,NOMINAL,NOMINAL,NORMAL,0,
1647963000.0,1787429273.2229834,1,1.1397,0.1434,,0.74,0.0281,0.268,NOMINAL,NOMINAL,NORMAL,0,
1647963900.0,1787429273.3480566,1,1.1443,0.1418,,0.761,0.0294,0.257,NOMINAL,NOMINAL,NORMAL,0,
1647964800.0,1787429273.472649,1,1.0655,0.1398,,0.629,0.0276,0.25,NOMINAL,NOMINAL,NORMAL,0,
1647965700.0,1787429273.5976005,1,1.0468,0.1356,,0.629,0.028,0.241,NOMINAL,NOMINAL,NORMAL,0,
1647966600.0,1787429273.7227242,1,1.0705,0.1366,,0.655,0.0263,0.243,NOMINAL,NOMINAL,NORMAL,0,
1647967500.0,1787429273.8476539,1,1.0061,0.1334,,0.648,0.027,0.232,NOMINAL,NOMINAL,NORMAL,0,
1647968400.0,1787429273.972569,1,0.9801,0.1327,,0.639,0.0256,0.239,NOMINAL,NOMINAL,NORMAL,0,
1647969300.0,1787429274.098079,1,1.1137,0.1444,,0.808,0.0329,0.283,NOMINAL,NOMINAL,NORMAL,0,
1647970200.0,1787429274.2229035,1,1.1284,0.1387,,0.705,0.0304,0.268,NOMINAL,NOMINAL,NORMAL,0,
1647971100.0,1787429274.347801,1,1.0556,0.1403,,0.682,0.0285,0.253,NOMINAL,NOMINAL,NORMAL,0,
1647972000.0,1787429274.4726472,1,1.0315,0.1361,,0.633,0.0264,0.249,NOMINAL,NOMINAL,NORMAL,0,
1647972900.0,1787429274.5976028,1,1.0119,0.1347,,0.675,0.0274,0.238,NOMINAL,NOMINAL,NORMAL,0,
1647973800.0,1787429274.7226055,1,1.0124,0.1332,,0.634,0.0272,0.236,NOMINAL,NOMINAL,NORMAL,0,
1647974700.0,1787429274.8475592,1,0.9736,0.1382,,0.612,0.0262,0.232,NOMINAL,NOMINAL,NORMAL,0,
1647975600.0,1787429274.9725125,1,0.9699,0.1348,,0.594,0.0265,0.226,NOMINAL,NOMINAL,NORMAL,0,
1647976500.0,1787429275.0976052,1,0.9795,0.1311,,0.665,0.0261,0.236,NOMINAL,NOMINAL,NORMAL,0,
1647977400.0,1787429275.2224946,1,0.9743,0.1319,,0.619,0.0239,0.224,NOMINAL,NOMINAL,NORMAL,0,
1647978300.0,1787429275.3477306,1,0.9977,0.1348,,0.683,0.0271,0.26,NOMINAL,NOMINAL,NORMAL,0,
1647979200.0,1787429275.4724674,1,0.9638,0.1338,,0.602,0.0237,0.227,NOMINAL,NOMINAL,NORMAL,0,
1647980100.0,1787429275.5975628,1,0.9934,0.1328,,0.658,0.0259,0.237,NOMINAL,NOMINAL,NORMAL,0,
1647981000.0,1787429275.7225583,1,1.0183,0.1373,,0.615,0.0251,0.228,NOMINAL,NOMINAL,TRIGGERED,1,omni_p6
1647981900.0,1787429275.8474092,1,0.888,0.1262,,0.633,0.0244,0.226,NOMINAL,NOMINAL,NORMAL,0,
1647982800.0,1787429275.9724808,1,0.9524,0.1294,,0.616,0.0252,0.223,NOMINAL,NOMINAL,NORMAL,0,
1647983700.0,1787429276.0977035,1,1.0178,0.1373,,0.668,0.0289,0.249,NOMINAL,NOMINAL,NORMAL,0,
1647984600.0,1787429276.2226124,1,1.013,0.136,,0.644,0.0257,0.235,NOMINAL,NOMINAL,NORMAL,0,
1647985500.0,1787429276.3476262,1,0.9823,0.13,,0.654,0.0278,0.239,NOMINAL,NOMINAL,NORMAL,0,
1647986400.0,1787429276.472433,1,0.9805,0.1351,,0.589,0.025,0.231,NOMINAL,NOMINAL,NORMAL,0,
1647987300.0,1787429276.597528,1,0.9863,0.1317,,0.65,0.0259,0.232,NOMINAL,NOMINAL,TRIGGERED,1,omni_p6
1647988200.0,1787429276.7225678,1,1.022,0.1343,,0.6,0.0256,0.225,NOMINAL,NOMINAL,NORMAL,0,
1647989100.0,1787429276.847608,1,0.9721,0.1316,,0.653,0.027,0.232,NOMINAL,NOMINAL,NORMAL,0,
1647990000.0,1787429276.9725585,1,0.9675,0.1297,,0.65,0.0263,0.239,NOMINAL,NOMINAL,NORMAL,0,
1647990900.0,1787429277.0978806,1,1.0595,0.1433,,0.761,0.0277,0.249,NOMINAL,NOMINAL,NORMAL,0,
1647991800.0,1787429277.2227182,1,1.0743,0.1362,,0.661,0.0264,0.239,NOMINAL,NOMINAL,NORMAL,0,
1647992700.0,1787429277.3475833,1,0.9749,0.1347,,0.632,0.0242,0.244,NOMINAL,NOMINAL,TRIGGERED,1,omni_p6
1647993600.0,1787429277.4732485,1,1.023,0.1341,0.5868,0.608,0.0267,0.294,NOMINAL,NOMINAL,TRIGGERED,2,omni_p6
1647994500.0,1787429277.5976133,1,1.035,0.1396,,0.638,0.0271,0.237,NOMINAL,NOMINAL,NORMAL,0,
1647995400.0,1787429277.722504,1,0.996,0.1335,,0.604,0.0251,0.225,NOMINAL,NOMINAL,NORMAL,0,
1647996300.0,1787429277.8477883,1,1.0478,0.1358,,0.681,0.0286,0.245,NOMINAL,NOMINAL,NORMAL,0,
1647997200.0,1787429277.9726183,1,0.9935,0.1369,,0.661,0.0272,0.242,NOMINAL,NOMINAL,NORMAL,0,
1647998100.0,1787429278.0984328,1,1.1724,0.1933,,0.908,0.0323,0.294,NOMINAL,NOMINAL,NORMAL,0,
1647999000.0,1787429278.2227347,1,1.0602,0.1383,,0.706,0.0266,0.244,NOMINAL,NOMINAL,TRIGGERED,1,omni_p6
1647999900.0,1787429278.3475392,1,0.932,0.1319,,0.665,0.0271,0.231,NOMINAL,NOMINAL,TRIGGERED,2,omni_p6
1648000800.0,1787429278.4727905,1,1.0666,0.138,,0.661,0.0286,0.275,NOMINAL,NOMINAL,NORMAL,0,
1648001700.0,1787429278.5976515,1,1.0408,0.1323,,0.664,0.0268,0.241,NOMINAL,NOMINAL,NORMAL,0,
1648002600.0,1787429278.7225738,1,1.0337,0.1322,,0.623,0.0286,0.231,NOMINAL,NOMINAL,NORMAL,0,
1648003500.0,1787429278.8476815,1,1.0404,0.1366,,0.655,0.0263,0.227,NOMINAL,NOMINAL,NORMAL,0,
1648004400.0,1787429278.9725335,1,0.9861,0.1343,,0.623,0.0258,0.236,NOMINAL,NOMINAL,NORMAL,0,
1648005300.0,1787429279.0984535,1,1.1907,0.2076,,0.874,0.0336,0.299,NOMINAL,NOMINAL,TRIGGERED,1,omni_p6
1648006200.0,1787429279.2228715,1,1.1385,0.1402,,0.709,0.0287,0.255,NOMINAL,NOMINAL,NORMAL,0,
1648007100.0,1787429279.3481593,1,1.1591,0.1466,,0.814,0.0296,0.263,NOMINAL,NOMINAL,NORMAL,0,
1648008000.0,1787429279.4727538,1,1.1112,0.1419,,0.668,0.0284,0.259,NOMINAL,NOMINAL,NORMAL,0,
1648008900.0,1787429279.598214,1,1.155,0.1469,,0.803,0.0314,0.422,NOMINAL,NOMINAL,NORMAL,0,
1648009800.0,1787429279.7225337,1,0.9641,0.1303,,0.672,0.028,0.246,NOMINAL,NOMINAL,NORMAL,0,
1648010700.0,1787429279.8476987,1,1.0006,0.132,,0.675,0.0282,0.247,NOMINAL,NOMINAL,NORMAL,0,
1648011600.0,1787429279.9726038,1,1.0042,0.1337,,0.645,0.0272,0.249,NOMINAL,NOMINAL,NORMAL,0,
1648012500.0,1787429280.097868,1,1.052,0.1448,,0.761,0.0282,0.261,NOMINAL,NOMINAL,NORMAL,0,
1648013400.0,1787429280.22276,1,1.0187,0.1336,,0.648,0.0252,0.386,NOMINAL,NOMINAL,NORMAL,0,
1648014300.0,1787429280.3478374,1,0.9727,0.1282,,0.739,0.0276,0.384,NOMINAL,NOMINAL,NORMAL,0,
1648015200.0,1787429280.4727132,1,1.0413,0.1376,,0.669,0.0287,0.255,NOMINAL,NOMINAL,NORMAL,0,
1648016100.0,1787429280.5976589,1,1.0206,0.1379,,0.655,0.0263,0.271,NOMINAL,NOMINAL,NORMAL,0,
1648017000.0,1787429280.7226534,1,1.0338,0.1351,,0.562,0.0253,0.367,NOMINAL,NOMINAL,NORMAL,0,
1648017900.0,1787429280.8475845,1,1.0055,0.1374,,0.525,0.0256,0.341,NOMINAL,NOMINAL,NORMAL,0,
1648018800.0,1787429280.97252,1,0.9937,0.135,,0.504,0.0239,0.331,NOMINAL,NOMINAL,NORMAL,0,
1648019700.0,1787429281.0976253,1,1.0286,0.1348,,0.55,0.025,0.346,NOMINAL,NOMINAL,NORMAL,0,
1648020600.0,1787429281.2226346,1,1.0982,0.1405,,0.555,0.0248,0.25,NOMINAL,NOMINAL,NORMAL,0,
1648021500.0,1787429281.3474662,1,1.0172,0.139,,0.526,0.0239,0.22,NOMINAL,NOMINAL,TRIGGERED,1,omni_p6
1648022400.0,1787429281.4727213,1,1.0851,0.1433,,0.643,0.0265,0.257,NOMINAL,NOMINAL,NORMAL,0,
1648023300.0,1787429281.5975819,1,1.0033,0.1399,,0.625,0.0262,0.275,NOMINAL,NOMINAL,NORMAL,0,
1648024200.0,1787429281.7224524,1,1.0231,0.1365,,0.523,0.0233,0.239,NOMINAL,NOMINAL,NORMAL,0,
1648025100.0,1787429281.847404,1,0.9711,0.1328,,0.52,0.0234,0.251,NOMINAL,NOMINAL,NORMAL,0,
1648026000.0,1787429281.9723577,1,0.9554,0.1372,,0.511,0.0231,0.237,NOMINAL,NOMINAL,NORMAL,0,
1648026900.0,1787429282.0974596,1,0.9776,0.1448,,0.575,0.0236,0.228,NOMINAL,NOMINAL,TRIGGERED,1,omni_p6
1648027800.0,1787429282.2225497,1,1.0641,0.1377,,0.548,0.0243,0.226,NOMINAL,NOMINAL,TRIGGERED,2,omni_p6
1648028700.0,1787429282.3474708,1,1.0175,0.1367,,0.53,0.0235,0.221,NOMINAL,NOMINAL,NORMAL,0,
1648029600.0,1787429282.4723191,1,0.9812,0.1322,,0.479,0.0222,0.21,NOMINAL,NOMINAL,NORMAL,0,
1648030500.0,1787429282.59791,1,1.0813,0.1412,,0.753,0.0553,0.295,NOMINAL,NOMINAL,NORMAL,0,
1648031400.0,1787429282.7225864,1,1.0343,0.1329,,0.528,0.1339,0.342,NOMINAL,NOMINAL,NORMAL,0,
1648032300.0,1787429282.8475537,1,0.9841,0.1308,,0.534,0.0227,0.337,NOMINAL,NOMINAL,NORMAL,0,
1648033200.0,1787429282.9724836,1,0.998,0.139,,0.545,0.0246,0.253,NOMINAL,NOMINAL,TRIGGERED,1,omni_p6
1648034100.0,1787429283.0983036,1,1.2155,0.189,,0.771,0.0315,0.28,NOMINAL,NOMINAL,TRIGGERED,2,omni_p6
1648035000.0,1787429283.2230597,1,1.1675,0.1459,,0.636,0.0283,0.401,NOMINAL,NOMINAL,NORMAL,0,
1648035900.0,1787429283.3475707,1,1.053,0.1348,,0.533,0.0253,0.252,NOMINAL,NOMINAL,NORMAL,0,
1648036800.0,1787429283.4725578,1,1.0638,0.1488,,0.514,0.0234,0.235,NOMINAL,NOMINAL,NORMAL,0,
1648037700.0,1787429283.5978298,1,1.085,0.1456,,0.704,0.0281,0.265,NOMINAL,NOMINAL,NORMAL,0,
1648038600.0,1787429283.7225878,1,1.0527,0.1408,,0.509,0.0233,0.331,NOMINAL,NOMINAL,TRIGGERED,1,omni_p6
1648039500.0,1787429283.8475778,1,1.0162,0.1392,,0.538,0.0247,0.322,NOMINAL,NOMINAL,TRIGGERED,2,omni_p6
1648040400.0,1787429283.9724784,1,1.006,0.1336,,0.492,0.023,0.322,NOMINAL,NOMINAL,NORMAL,0,
1648041300.0,1787429284.098233,1,1.1963,0.1815,,0.702,0.0305,0.334,NOMINAL,NOMINAL,NORMAL,0,
1648042200.0,1787429284.2230165,1,1.1464,0.1474,,0.628,0.0281,0.442,NOMINAL,NOMINAL,NORMAL,0,
1648043100.0,1787429284.3477776,1,1.0402,0.1394,,0.575,0.0279,0.429,NOMINAL,NOMINAL,NORMAL,0,
1648044000.0,1787429284.472499,1,1.0054,0.1349,,0.546,0.0259,0.289,NOMINAL,NOMINAL,NORMAL,0,
1648044900.0,1787429284.597857,1,1.0585,0.1425,,0.722,0.0288,0.315,NOMINAL,NOMINAL,TRIGGERED,1,omni_p6
1648045800.0,1787429284.7226665,1,1.1072,0.1452,,0.55,0.026,0.27,NOMINAL,NOMINAL,TRIGGERED,2,omni_p6
1648046700.0,1787429284.8476706,1,1.0698,0.1461,,0.565,0.0257,0.286,NOMINAL,NOMINAL,NORMAL,0,
1648047600.0,1787429284.9725502,1,1.0057,0.1371,,0.595,0.0253,0.275,NOMINAL,NOMINAL,NORMAL,0,
1648048500.0,1787429285.097601,1,1.0391,0.14,,0.578,0.0265,0.279,NOMINAL,NOMINAL,NORMAL,0,
1648049400.0,1787429285.2228105,1,1.0788,0.142,,0.685,0.0284,0.309,NOMINAL,NOMINAL,NORMAL,0,
1648050300.0,1787429285.347467,1,0.9961,0.1382,,0.517,0.02,0.245,NOMINAL,NOMINAL,NORMAL,0,
1648051200.0,1787429285.4723487,1,0.9853,0.1368,,0.473,0.0186,0.24,NOMINAL,NOMINAL,TRIGGERED,1,omni_p6
1648052100.0,1787429285.5978453,1,1.0756,0.1445,,0.711,0.0292,0.313,NOMINAL,NOMINAL,NORMAL,0,
1648053000.0,1787429285.7225037,1,1.0374,0.1384,,0.52,0.0214,0.253,NOMINAL,NOMINAL,NORMAL,0,
1648053900.0,1787429285.8478494,1,1.011,0.137,,0.562,0.0255,0.554,NOMINAL,NOMINAL,NORMAL,0,
1648054800.0,1787429285.9724402,1,0.994,0.1347,,0.53,0.025,0.263,NOMINAL,NOMINAL,NORMAL,0,
1648055700.0,1787429286.0977914,1,1.0622,0.1399,,0.635,0.0277,0.291,NOMINAL,NOMINAL,NORMAL,0,
1648056600.0,1787429286.2225757,1,1.0263,0.1355,,0.576,0.025,0.28,NOMINAL,NOMINAL,NORMAL,0,
1648057500.0,1787429286.347508,1,0.9917,0.1349,,0.538,0.0242,0.272,NOMINAL,NOMINAL,NORMAL,0,
1648058400.0,1787429286.4724452,1,0.9953,0.1359,,0.53,0.0235,0.262,NOMINAL,NOMINAL,NORMAL,0,
1648059300.0,1787429286.597735,1,1.0209,0.1381,,0.696,0.0308,0.309,NOMINAL,NOMINAL,NORMAL,0,
1648060200.0,1787429286.7223938,1,1.006,0.1334,,0.483,0.0212,0.241,NOMINAL,NOMINAL,NORMAL,0,
1648061100.0,1787429286.84773,1,1.0239,0.1383,,0.554,0.0278,0.398,NOMINAL,NOMINAL,NORMAL,0,
1648062000.0,1787429286.9725418,1,0.9939,0.1336,,0.508,0.0236,0.375,NOMINAL,NOMINAL,NORMAL,0,
1648062900.0,1787429287.0975034,1,0.9939,0.1346,,0.568,0.0258,0.27,NOMINAL,NOMINAL,NORMAL,0,
1648063800.0,1787429287.2226954,1,1.0872,0.1367,,0.579,0.0265,0.28,NOMINAL,NOMINAL,NORMAL,0,
1648064700.0,1787429287.347378,1,0.9921,0.1324,,0.476,0.0196,0.231,NOMINAL,NOMINAL,NORMAL,0,
1648065600.0,1787429287.4723723,1,0.9686,0.1334,,0.499,0.0219,0.254,NOMINAL,NOMINAL,NORMAL,0,
1648066500.0,1787429287.5976405,1,0.9863,0.134,,0.616,0.0255,0.378,NOMINAL,NOMINAL,NORMAL,0,
1648067400.0,1787429287.7230592,1,1.0782,0.1366,,0.914,0.0277,0.31,NOMINAL,NOMINAL,NORMAL,0,
1648068300.0,1787429287.8475173,1,1.0174,0.1366,,0.53,0.0236,0.26,NOMINAL,NOMINAL,NORMAL,0,
1648069200.0,1787429287.97251,1,1.0154,0.1337,,0.542,0.0245,0.27,NOMINAL,NOMINAL,NORMAL,0,
1648070100.0,1787429288.0985787,1,1.1985,0.1788,,0.826,0.0313,0.505,NOMINAL,NOMINAL,NORMAL,0,
1648071000.0,1787429288.22289,1,1.1557,0.147,,0.604,0.0261,0.313,NOMINAL,NOMINAL,NORMAL,0,
1648071900.0,1787429288.3476207,1,1.0575,0.1415,,0.547,0.0245,0.272,NOMINAL,NOMINAL,TRIGGERED,1,omni_p6
1648072800.0,1787429288.4725287,1,1.0377,0.1418,,0.515,0.022,0.262,NOMINAL,NOMINAL,NORMAL,0,
1648073700.0,1787429288.5977666,1,1.0224,0.1371,,0.751,0.0266,0.393,NOMINAL,NOMINAL,NORMAL,0,
1648074600.0,1787429288.722962,1,1.0629,0.1407,,0.701,0.0278,0.438,NOMINAL,NOMINAL,NORMAL,0,
1648075500.0,1787429288.847675,1,1.0005,0.138,,0.565,0.0258,0.397,NOMINAL,NOMINAL,NORMAL,0,
1648076400.0,1787429288.972533,1,1.0031,0.1406,,0.561,0.0254,0.286,NOMINAL,NOMINAL,NORMAL,0,
1648077300.0,1787429289.098399,1,1.1609,0.1827,,0.681,0.0289,0.586,NOMINAL,NOMINAL,NORMAL,0,
1648078200.0,1787429289.2228873,1,1.1392,0.145,,0.615,0.0287,0.313,NOMINAL,NOMINAL,TRIGGERED,1,omni_p6
1648079100.0,1787429289.347784,1,1.0936,0.1464,,0.596,0.0267,0.296,NOMINAL,NOMINAL,TRIGGERED,2,omni_p6
1648080000.0,1787429289.4736598,1,1.0888,0.1384,0.5922,0.581,0.0275,0.571,NOMINAL,NOMINAL,NORMAL,0,
1648080900.0,1787429289.598069,1,1.1164,0.1438,,0.654,0.0313,0.521,NOMINAL,NOMINAL,NORMAL,0,
1648081800.0,1787429289.7229726,1,1.1005,0.1409,,0.68,0.0292,0.406,NOMINAL,NOMINAL,NORMAL,0,
1648082700.0,1787429289.8477936,1,1.0689,0.145,,0.586,0.029,0.379,NOMINAL,NOMINAL,NORMAL,0,
1648083600.0,1787429289.972615,1,1.006,0.14,,0.557,0.0256,0.356,NOMINAL,NOMINAL,TRIGGERED,1,omni_p6
1648084500.0,1787429290.0978389,1,1.0486,0.1406,,0.742,0.0293,0.271,NOMINAL,NOMINAL,TRIGGERED,2,omni_p6
1648085400.0,1787429290.2227077,1,1.0711,0.1421,,0.676,0.0267,0.24,NOMINAL,NOMINAL,NORMAL,0,
1648086300.0,1787429290.3475196,1,0.9957,0.1306,,0.617,0.0277,0.231,NOMINAL,NOMINAL,NORMAL,0,
1648087200.0,1787429290.4725318,1,1.0195,0.142,,0.582,0.0274,0.235,NOMINAL,NOMINAL,NORMAL,0,
1648088100.0,1787429290.5980408,1,1.1563,0.1424,,0.79,0.0316,0.254,NOMINAL,NOMINAL,NORMAL,0,
1648089000.0,1787429290.7229013,1,1.1386,0.1447,,0.69,0.0283,0.264,NOMINAL,NOMINAL,NORMAL,0,
1648089900.0,1787429290.847665,1,1.0592,0.1433,,0.629,0.0289,0.235,NOMINAL,NOMINAL,TRIGGERED,1,omni_p6
1648090800.0,1787429290.9726117,1,1.0263,0.1402,,0.656,0.0279,0.235,NOMINAL,NOMINAL,TRIGGERED,2,omni_p6
1648091700.0,1787429291.0977447,1,1.0622,0.1419,,0.689,0.0288,0.249,NOMINAL,NOMINAL,NORMAL,0,
1648092600.0,1787429291.2228248,1,1.1197,0.1382,,0.69,0.0284,0.262,NOMINAL,NOMINAL,NORMAL,0,
1648093500.0,1787429291.3475924,1,1.0262,0.1338,,0.611,0.0282,0.235,NOMINAL,NOMINAL,NORMAL,0,
1648094400.0,1787429291.472506,1,1.0072,0.1347,,0.589,0.0271,0.231,NOMINAL,NOMINAL,NORMAL,0,
1648095300.0,1787429291.5975916,1,1.0087,0.1325,,0.665,0.0272,0.235,NOMINAL,NOMINAL,NORMAL,0,
1648096200.0,1787429291.7227283,1,1.0832,0.1366,,0.628,0.0283,0.262,NOMINAL,NOMINAL,NORMAL,0,
1648097100.0,1787429291.8476956,1,1.0542,0.136,,0.642,0.0275,0.246,NOMINAL,NOMINAL,NORMAL,0,
1648098000.0,1787429291.972673,1,1.065,0.1377,,0.629,0.0289,0.259,NOMINAL,NOMINAL,NORMAL,0,
1648098900.0,1787429292.0977376,1,1.1091,0.1463,,0.652,0.0291,0.25,NOMINAL,NOMINAL,NORMAL,0,
1648099800.0,1787429292.2227607,1,1.1041,0.1449,,0.664,0.0269,0.248,NOMINAL,NOMINAL,NORMAL,0,
1648100700.0,1787429292.3475835,1,1.0076,0.1368,,0.623,0.0284,0.239,NOMINAL,NOMINAL,NORMAL,0,
1648101600.0,1787429292.4725745,1,1.0445,0.1397,,0.607,0.0275,0.248,NOMINAL,NOMINAL,NORMAL,0,
1648102500.0,1787429292.5976927,1,1.0451,0.1427,,0.681,0.0278,0.245,NOMINAL,NOMINAL,NORMAL,0,
1648103400.0,1787429292.7225983,1,1.0538,0.1379,,0.621,0.0285,0.239,NOMINAL,NOMINAL,NORMAL,0,
1648104300.0,1787429292.847828,1,1.0714,0.1426,,0.689,0.0312,0.265,NOMINAL,NOMINAL,NORMAL,0,
1648105200.0,1787429292.9726694,1,1.0647,0.1376,,0.623,0.0277,0.274,NOMINAL,NOMINAL,NORMAL,0,
1648106100.0,1787429293.098513,1,1.2203,0.1565,,0.901,0.0305,0.302,NOMINAL,NOMINAL,NORMAL,0,
1648107000.0,1787429293.2231264,1,1.2223,0.1526,,0.766,0.0294,0.269,NOMINAL,NOMINAL,NORMAL,0,
1648107900.0,1787429293.3478653,1,1.1208,0.1408,,0.685,0.0305,0.259,NOMINAL,NOMINAL,NORMAL,0,
1648108800.0,1787429293.4727669,1,1.1081,0.145,,0.643,0.0297,0.258,NOMINAL,NOMINAL,NORMAL,0,
1648109700.0,1787429293.5977988,1,1.1005,0.1426,,0.69,0.0289,0.258,NOMINAL,NOMINAL,NORMAL,0,
1648110600.0,1787429293.7227125,1,1.0821,0.137,,0.639,0.0271,0.245,NOMINAL,NOMINAL,NORMAL,0,
1648111500.0,1787429293.847806,1,1.053,0.1392,,0.684,0.0291,0.264,NOMINAL,NOMINAL,NORMAL,0,
1648112400.0,1787429293.9726553,1,1.0322,0.1398,,0.624,0.0271,0.243,NOMINAL,NOMINAL,TRIGGERED,1,omni_p6
1648113300.0,1787429294.0982594,1,1.1546,0.1891,,0.837,0.032,0.276,NOMINAL,NOMINAL,NORMAL,0,
1648114200.0,1787429294.2229376,1,1.1403,0.1475,,0.71,0.0291,0.256,NOMINAL,NOMINAL,NORMAL,0,
1648115100.0,1787429294.3476927,1,1.0433,0.141,,0.641,0.0276,0.244,NOMINAL,NOMINAL,NORMAL,0,
1648116000.0,1787429294.472594,1,1.0297,0.1416,,0.612,0.0269,0.251,NOMINAL,NOMINAL,NORMAL,0,
1648116900.0,1787429294.5975237,1,1.0208,0.1376,,0.604,0.027,0.222,NOMINAL,NOMINAL,NORMAL,0,
1648117800.0,1787429294.722624,1,1.0352,0.1368,,0.615,0.027,0.231,NOMINAL,NOMINAL,TRIGGERED,1,omni_p6
1648118700.0,1787429294.8478353,1,1.0589,0.1406,,0.696,0.0293,0.272,NOMINAL,NOMINAL,TRIGGERED,2,omni_p6
1648119600.0,1787429294.972617,1,1.0254,0.1353,,0.624,0.0265,0.237,NOMINAL,NOMINAL,NORMAL,0,
1648120500.0,1787429295.0976312,1,1.0325,0.1365,,0.63,0.0267,0.237,NOMINAL,NOMINAL,NORMAL,0,
1648121400.0,1787429295.2225792,1,1.0212,0.1371,,0.593,0.026,0.242,NOMINAL,NOMINAL,NORMAL,0,
1648122300.0,1787429295.347485,1,0.9539,0.1331,,0.589,0.0258,0.227,NOMINAL,NOMINAL,NORMAL,0,
1648123200.0,1787429295.4724438,1,0.9844,0.1334,,0.564,0.0262,0.236,NOMINAL,NOMINAL,NORMAL,0,
1648124100.0,1787429295.5979114,1,1.0943,0.1442,,0.751,0.0288,0.26,NOMINAL,NOMINAL,TRIGGERED,1,omni_p6
1648125000.0,1787429295.7228017,1,1.0892,0.1413,,0.666,0.0267,0.257,NOMINAL,NOMINAL,TRIGGERED,2,omni_p6
1648125900.0,1787429295.8478596,1,1.0882,0.1435,,0.683,0.0304,0.258,NOMINAL,NOMINAL,NORMAL,0,
1648126800.0,1787429295.972633,1,1.0359,0.139,,0.619,0.0273,0.243,NOMINAL,NOMINAL,NORMAL,0,
1648127700.0,1787429296.097887,1,1.0851,0.1389,,0.738,0.0299,0.247,NOMINAL,NOMINAL,NORMAL,0,
1648128600.0,1787429296.222782,1,1.1121,0.1456,,0.638,0.0291,0.244,NOMINAL,NOMINAL,NORMAL,0,
1648129500.0,1787429296.3476045,1,1.0212,0.1396,,0.605,0.0259,0.237,NOMINAL,NOMINAL,NORMAL,0,
1648130400.0,1787429296.4725313,1,1.0224,0.1453,,0.585,0.0259,0.245,NOMINAL,NOMINAL,TRIGGERED,1,omni_p6
1648131300.0,1787429296.5974336,1,0.9815,0.1353,,0.575,0.0257,0.221,NOMINAL,NOMINAL,TRIGGERED,2,omni_p6
1648132200.0,1787429296.7225769,1,0.9892,0.1353,,0.621,0.0278,0.245,NOMINAL,NOMINAL,NORMAL,0,
1648133100.0,1787429296.8476307,1,0.9915,0.1357,,0.628,0.028,0.244,NOMINAL,NOMINAL,NORMAL,0,
1648134000.0,1787429296.972665,1,1.0089,0.1354,,0.643,0.0263,0.27,NOMINAL,NOMINAL,NORMAL,0,
1648134900.0,1787429297.0975587,1,0.9598,0.1337,,0.629,0.0253,0.252,NOMINAL,NOMINAL,NORMAL,0,
1648135800.0,1787429297.2228007,1,1.0608,0.1409,,0.682,0.0308,0.265,NOMINAL,NOMINAL,NORMAL,0,
1648136700.0,1787429297.3476565,1,1.0204,0.1374,,0.628,0.0281,0.259,NOMINAL,NOMINAL,TRIGGERED,1,omni_p6
1648137600.0,1787429297.4724903,1,0.9881,0.1372,,0.582,0.0282,0.234,NOMINAL,NOMINAL,NORMAL,0,
1648138500.0,1787429297.5974534,1,0.9722,0.1334,,0.6,0.028,0.229,NOMINAL,NOMINAL,NORMAL,0,
1648139400.0,1787429297.7226312,1,1.0184,0.1394,,0.633,0.0277,0.247,NOMINAL,NOMINAL,NORMAL,0,
1648140300.0,1787429297.847721,1,1.0004,0.1356,,0.684,0.0271,0.252,NOMINAL,NOMINAL,NORMAL,0,
1648141200.0,1787429297.9726567,1,1.0041,0.1348,,0.668,0.0279,0.276,NOMINAL,NOMINAL,NORMAL,0,
1648142100.0,1787429298.0984194,1,1.1952,0.1939,,0.88,0.0307,0.294,NOMINAL,NOMINAL,NORMAL,0,
1648143000.0,1787429298.2229407,1,1.1403,0.1456,,0.715,0.0311,0.273,NOMINAL,NOMINAL,NORMAL,0,
1648143900.0,1787429298.3477695,1,1.0818,0.1424,,0.665,0.0286,0.245,NOMINAL,NOMINAL,NORMAL,0,
1648144800.0,1787429298.4725351,1,1.0388,0.138,,0.576,0.0269,0.241,NOMINAL,NOMINAL,NORMAL,0,
1648145700.0,1787429298.5976284,1,1.0128,0.1391,,0.672,0.0284,0.24,NOMINAL,NOMINAL,NORMAL,0,
1648146600.0,1787429298.7225244,1,1.0297,0.1339,,0.59,0.0282,0.23,NOMINAL,NOMINAL,NORMAL,0,
1648147500.0,1787429298.8475726,1,1.0185,0.134,,0.61,0.0272,0.237,NOMINAL,NOMINAL,NORMAL,0,
1648148400.0,1787429298.9727318,1,1.0572,0.1406,,0.67,0.0295,0.253,NOMINAL,NOMINAL,NORMAL,0,
1648149300.0,1787429299.0982382,1,1.1544,0.1689,,0.842,0.0309,0.278,NOMINAL,NOMINAL,NORMAL,0,
1648150200.0,1787429299.223102,1,1.2992,0.1455,,0.712,0.028,0.26,NOMINAL,NOMINAL,NORMAL,0,
1648151100.0,1787429299.3477085,1,1.0562,0.1413,,0.646,0.0264,0.243,NOMINAL,NOMINAL,NORMAL,0,
1648152000.0,1787429299.4725368,1,1.0061,0.141,,0.607,0.0268,0.256,NOMINAL,NOMINAL,NORMAL,0,
1648152900.0,1787429299.5974915,1,1.0147,0.1348,,0.613,0.0261,0.235,NOMINAL,NOMINAL,NORMAL,0,
1648153800.0,1787429299.7225041,1,0.944,0.1295,,0.634,0.0267,0.246,NOMINAL,NOMINAL,NORMAL,0,
1648154700.0,1787429299.8475468,1,0.9817,0.1325,,0.63,0.0249,0.231,NOMINAL,NOMINAL,NORMAL,0,
1648155600.0,1787429299.9727554,1,1.0436,0.1369,,0.678,0.0283,0.257,NOMINAL,NOMINAL,NORMAL,0,
1648156500.0,1787429300.0976512,1,1.0025,0.1353,,0.665,0.0252,0.281,NOMINAL,NOMINAL,NORMAL,0,
1648157400.0,1787429300.2225506,1,1.0087,0.1362,,0.609,0.0253,0.228,NOMINAL,NOMINAL,TRIGGERED,1,omni_p6
1648158300.0,1787429300.3476355,1,1.0077,0.1406,,0.632,0.0278,0.24,NOMINAL,NOMINAL,NORMAL,0,
1648159200.0,1787429300.4723954,1,0.9827,0.1335,,0.55,0.0276,0.226,NOMINAL,NOMINAL,NORMAL,0,
1648160100.0,1787429300.5975025,1,0.9864,0.135,,0.619,0.0247,0.23,NOMINAL,NOMINAL,NORMAL,0,
1648161000.0,1787429300.722536,1,1.0073,0.1332,,0.597,0.0261,0.238,NOMINAL,NOMINAL,NORMAL,0,
1648161900.0,1787429300.8475468,1,0.9722,0.1343,,0.618,0.0248,0.228,NOMINAL,NOMINAL,NORMAL,0,
1648162800.0,1787429300.9726481,1,0.9966,0.1382,,0.669,0.0283,0.235,NOMINAL,NOMINAL,TRIGGERED,1,omni_p6
1648163700.0,1787429301.097831,1,1.0936,0.1454,,0.706,0.0318,0.252,NOMINAL,NOMINAL,TRIGGERED,2,omni_p6
1648164600.0,1787429301.2225926,1,1.0319,0.136,,0.617,0.0268,0.238,NOMINAL,NOMINAL,NORMAL,0,
1648165500.0,1787429301.3476098,1,1.013,0.1382,,0.628,0.0259,0.229,NOMINAL,NOMINAL,NORMAL,0,
1648166400.0,1787429301.4731002,1,1.0074,0.1302,0.595,0.539,0.0277,0.265,NOMINAL,NOMINAL,NORMAL,0,
1648167300.0,1787429301.5976272,1,1.0311,0.1368,,0.649,0.0277,0.238,NOMINAL,NOMINAL,NORMAL,0,
1648168200.0,1787429301.7225664,1,1.0175,0.1379,,0.61,0.0244,0.231,NOMINAL,NOMINAL,NORMAL,0,
1648169100.0,1787429301.8475797,1,0.9988,0.1393,,0.609,0.0268,0.232,NOMINAL,NOMINAL,TRIGGERED,1,omni_p6
1648170000.0,1787429301.9727042,1,1.0306,0.1367,,0.67,0.0279,0.248,NOMINAL,NOMINAL,TRIGGERED,2,omni_p6
1648170900.0,1787429302.0976415,1,1.0153,0.1336,,0.651,0.0289,0.25,NOMINAL,NOMINAL,NORMAL,0,
1648171800.0,1787429302.2228682,1,1.0923,0.1448,,0.716,0.0286,0.266,NOMINAL,NOMINAL,NORMAL,0,
1648172700.0,1787429302.3475924,1,1.023,0.1351,,0.613,0.0252,0.232,NOMINAL,NOMINAL,NORMAL,0,
1648173600.0,1787429302.4725697,1,1.0184,0.1388,,0.606,0.0282,0.246,NOMINAL,NOMINAL,NORMAL,0,
1648174500.0,1787429302.5975542,1,1.0192,0.1357,,0.621,0.0265,0.234,NOMINAL,NOMINAL,NORMAL,0,
1648175400.0,1787429302.7226555,1,1.06,0.1435,,0.617,0.0267,0.235,NOMINAL,NOMINAL,TRIGGERED,1,omni_p6
1648176300.0,1787429302.8475018,1,0.9809,0.1376,,0.59,0.0252,0.219,NOMINAL,NOMINAL,TRIGGERED,2,omni_p6
1648177200.0,1787429302.973452,1,1.1199,0.1587,,0.901,0.0587,0.478,NOMINAL,NOMINAL,NORMAL,0,
1648178100.0,1787429303.0983417,1,1.1838,0.1784,,0.848,0.0318,0.295,NOMINAL,NOMINAL,NORMAL,0,
1648179000.0,1787429303.2231886,1,1.2058,0.1532,,0.843,0.0311,0.28,NOMINAL,NOMINAL,NORMAL,0,
1648179900.0,1787429303.3478413,1,1.0929,0.1409,,0.681,0.0289,0.245,NOMINAL,NOMINAL,NORMAL,0,
1648180800.0,1787429303.4725356,1,1.0471,0.141,,0.593,0.0273,0.23,NOMINAL,NOMINAL,NORMAL,0,
1648181700.0,1787429303.5976064,1,1.0172,0.1416,,0.661,0.0279,0.245,NOMINAL,NOMINAL,TRIGGERED,1,omni_p6
1648182600.0,1787429303.7226462,1,1.0471,0.1364,,0.636,0.0268,0.241,NOMINAL,NOMINAL,NORMAL,0,
1648183500.0,1787429303.8476784,1,1.0158,0.134,,0.645,0.0275,0.244,NOMINAL,NOMINAL,NORMAL,0,
1648184400.0,1787429303.9724205,1,0.9096,0.1291,,0.612,0.0252,0.235,NOMINAL,NOMINAL,NORMAL,0,
1648185300.0,1787429304.098326,1,1.1555,0.1952,,0.86,0.0323,0.285,NOMINAL,NOMINAL,NORMAL,0,
1648186200.0,1787429304.2228625,1,1.1204,0.1389,,0.677,0.0255,0.252,NOMINAL,NOMINAL,NORMAL,0,
1648187100.0,1787429304.3476312,1,1.0158,0.1391,,0.626,0.0275,0.235,NOMINAL,NOMINAL,NORMAL,0,
1648188000.0,1787429304.4726894,1,1.0624,0.1381,,0.628,0.0259,0.238,NOMINAL,NOMINAL,NORMAL,0,
1648188900.0,1787429304.597589,1,1.0044,0.1344,,0.648,0.0264,0.238,NOMINAL,NOMINAL,NORMAL,0,
1648189800.0,1787429304.7227461,1,1.0652,0.143,,0.662,0.0273,0.248,NOMINAL,NOMINAL,NORMAL,0,
1648190700.0,1787429304.8476703,1,1.0378,0.139,,0.628,0.0268,0.261,NOMINAL,NOMINAL,NORMAL,0,
1648191600.0,1787429304.97254,1,1.0042,0.133,,0.598,0.0253,0.232,NOMINAL,NOMINAL,NORMAL,0,
1648192500.0,1787429305.0977695,1,1.0438,0.1379,,0.701,0.0292,0.251,NOMINAL,NOMINAL,NORMAL,0,
1648193400.0,1787429305.222637,1,1.0356,0.1342,,0.644,0.0275,0.239,NOMINAL,NOMINAL,NORMAL,0,
1648194300.0,1787429305.3475134,1,0.969,0.1295,,0.589,0.0255,0.258,NOMINAL,NOMINAL,NORMAL,0,
1648195200.0,1787429305.472554,1,1.023,0.1368,,0.589,0.026,0.236,NOMINAL,NOMINAL,NORMAL,0,
1648196100.0,1787429305.5976303,1,1.0221,0.137,,0.66,0.0277,0.244,NOMINAL,NOMINAL,NORMAL,0,
1648197000.0,1787429305.7227905,1,1.1134,0.142,,0.655,0.0265,0.246,NOMINAL,NOMINAL,NORMAL,0,
1648197900.0,1787429305.8479168,1,1.1408,0.1516,,0.68,0.0276,0.255,NOMINAL,NOMINAL,TRIGGERED,1,omni_p6
1648198800.0,1787429305.9726818,1,1.0698,0.142,,0.626,0.0271,0.249,NOMINAL,NOMINAL,NORMAL,0,
1648199700.0,1787429306.0981262,1,1.1639,0.1514,,0.763,0.0294,0.271,NOMINAL,NOMINAL,NORMAL,0,
1648200600.0,1787429306.2227125,1,1.0698,0.1446,,0.662,0.0277,0.253,NOMINAL,NOMINAL,NORMAL,0,
1648201500.0,1787429306.3476264,1,0.9995,0.139,,0.649,0.0298,0.246,NOMINAL,NOMINAL,NORMAL,0,
1648202400.0,1787429306.4723568,1,0.943,0.1371,,0.581,0.0229,0.226,NOMINAL,NOMINAL,NORMAL,0,
1648203300.0,1787429306.5973258,1,0.9215,0.1302,,0.581,0.0236,0.224,NOMINAL,NOMINAL,TRIGGERED,1,omni_p6
1648204200.0,1787429306.7225542,1,0.9675,0.1342,,0.634,0.027,0.245,NOMINAL,NOMINAL,TRIGGERED,2,omni_p6
1648205100.0,1787429306.8474424,1,0.9148,0.131,,0.611,0.0226,0.227,NOMINAL,NOMINAL,NORMAL,0,
1648206000.0,1787429306.9725568,1,0.9587,0.1364,,0.64,0.0249,0.236,NOMINAL,NOMINAL,NORMAL,0,
1648206900.0,1787429307.0977094,1,1.0091,0.1377,,0.689,0.0286,0.257,NOMINAL,NOMINAL,NORMAL,0,
1648207800.0,1787429307.222756,1,1.0542,0.1391,,0.678,0.0269,0.246,NOMINAL,NOMINAL,NORMAL,0,
1648208700.0,1787429307.3476255,1,0.9962,0.134,,0.648,0.0256,0.242,NOMINAL,NOMINAL,NORMAL,0,
1648209600.0,1787429307.47242,1,1.0028,0.1377,,0.541,0.0262,0.24,NOMINAL,NOMINAL,TRIGGERED,1,omni_p6
1648210500.0,1787429307.5974467,1,0.956,0.1325,,0.615,0.0241,0.228,NOMINAL,NOMINAL,TRIGGERED,2,omni_p6
1648211400.0,1787429307.7225049,1,0.9781,0.131,,0.599,0.0258,0.229,NOMINAL,NOMINAL,NORMAL,0,
1648212300.0,1787429307.847601,1,1.0031,0.1365,,0.609,0.0273,0.225,NOMINAL,NOMINAL,NORMAL,0,
1648213200.0,1787429307.972567,1,0.9682,0.1351,,0.607,0.0268,0.293,NOMINAL,NOMINAL,NORMAL,0,
1648214100.0,1787429308.0984795,1,1.218,0.1528,,0.885,0.032,0.3,NOMINAL,NOMINAL,NORMAL,0,
1648215000.0,1787429308.222992,1,1.1633,0.1528,,0.703,0.0284,0.265,NOMINAL,NOMINAL,TRIGGERED,1,omni_p6
1648215900.0,1787429308.3478024,1,1.0673,0.1442,,0.647,0.0279,0.27,NOMINAL,NOMINAL,TRIGGERED,2,omni_p6
1648216800.0,1787429308.4727685,1,1.0593,0.1426,,0.662,0.0295,0.252,NOMINAL,NOMINAL,NORMAL,0,
1648217700.0,1787429308.597576,1,1.0372,0.138,,0.616,0.0265,0.236,NOMINAL,NOMINAL,NORMAL,0,
1648218600.0,1787429308.7226706,1,1.0523,0.1373,,0.637,0.0262,0.245,NOMINAL,NOMINAL,NORMAL,0,
1648219500.0,1787429308.8475904,1,0.996,0.1321,,0.63,0.0252,0.226,NOMINAL,NOMINAL,NORMAL,0,
1648220400.0,1787429308.9724834,1,0.9639,0.1298,,0.602,0.0252,0.224,NOMINAL,NOMINAL,NORMAL,0,
1648221300.0,1787429309.0983453,1,1.1761,0.1852,,0.837,0.0304,0.32,NOMINAL,NOMINAL,TRIGGERED,1,omni_p6
1648222200.0,1787429309.223018,1,1.1507,0.1491,,0.746,0.0294,0.265,NOMINAL,NOMINAL,TRIGGERED,2,omni_p6
1648223100.0,1787429309.3480496,1,1.1159,0.1424,,0.768,0.0317,0.267,NOMINAL,NOMINAL,NORMAL,0,
1648224000.0,1787429309.4727342,1,1.1002,0.1415,,0.631,0.0269,0.246,NOMINAL,NOMINAL,NORMAL,0,
1648224900.0,1787429309.5975559,1,1.025,0.137,,0.621,0.0259,0.238,NOMINAL,NOMINAL,NORMAL,0,
1648225800.0,1787429309.7226596,1,1.0507,0.1348,,0.633,0.0263,0.235,NOMINAL,NOMINAL,NORMAL,0,
1648226700.0,1787429309.8476522,1,1.0195,0.136,,0.632,0.0258,0.24,NOMINAL,NOMINAL,NORMAL,0,
1648227600.0,1787429309.972544,1,0.9819,0.1354,,0.606,0.026,0.233,NOMINAL,NOMINAL,NORMAL,0,
1648228500.0,1787429310.097364,1,0.9427,0.1319,,0.572,0.0244,0.222,NOMINAL,NOMINAL,NORMAL,0,
1648229400.0,1787429310.222785,1,1.0873,0.1374,,0.665,0.0286,0.258,NOMINAL,NOMINAL,NORMAL,0,
1648230300.0,1787429310.347508,1,0.9844,0.1317,,0.584,0.028,0.235,NOMINAL,NOMINAL,NORMAL,0,
1648231200.0,1787429310.4724874,1,1.0072,0.1429,,0.574,0.0266,0.235,NOMINAL,NOMINAL,NORMAL,0,
1648232100.0,1787429310.5978703,1,1.076,0.145,,0.723,0.0301,0.304,NOMINAL,NOMINAL,NORMAL,0,
1648233000.0,1787429310.7227259,1,1.094,0.1398,,0.647,0.0285,0.244,NOMINAL,NOMINAL,NORMAL,0,
1648233900.0,1787429310.8476348,1,1.025,0.1432,,0.618,0.0297,0.238,NOMINAL,NOMINAL,NORMAL,0,
1648234800.0,1787429310.9725146,1,1.0072,0.14,,0.593,0.0276,0.239,NOMINAL,NOMINAL,NORMAL,0,
1648235700.0,1787429311.0979211,1,1.1068,0.1436,,0.758,0.0303,0.255,NOMINAL,NOMINAL,NORMAL,0,
1648236600.0,1787429311.2229137,1,1.1315,0.1475,,0.716,0.0302,0.259,NOMINAL,NOMINAL,NORMAL,0,
1648237500.0,1787429311.347687,1,1.0262,0.1397,,0.65,0.0286,0.249,NOMINAL,NOMINAL,NORMAL,0,
1648238400.0,1787429311.4724448,1,0.9612,0.135,,0.618,0.0262,0.243,NOMINAL,NOMINAL,NORMAL,0,
1648239300.0,1787429311.5975404,1,0.9863,0.1354,,0.643,0.0304,0.238,NOMINAL,NOMINAL,NORMAL,0,
1648240200.0,1787429311.7226322,1,1.0173,0.1364,,0.632,0.0278,0.242,NOMINAL,NOMINAL,NORMAL,0,
1648241100.0,1787429311.847593,1,1.0022,0.1341,,0.638,0.0303,0.243,NOMINAL,NOMINAL,NORMAL,0,
1648242000.0,1787429311.9724498,1,0.9699,0.1355,,0.59,0.0268,0.232,NOMINAL,NOMINAL,TRIGGERED,1,omni_p6
1648242900.0,1787429312.097571,1,1.0001,0.1392,,0.64,0.0275,0.244,NOMINAL,NOMINAL,TRIGGERED,2,omni_p6
1648243800.0,1787429312.2229574,1,1.1121,0.1432,,0.752,0.0301,0.266,NOMINAL,NOMINAL,NORMAL,0,
1648244700.0,1787429312.3476303,1,1.0224,0.1342,,0.621,0.0278,0.232,NOMINAL,NOMINAL,NORMAL,0,
1648245600.0,1787429312.4725993,1,1.0091,0.1352,,0.584,0.0265,0.325,NOMINAL,NOMINAL,NORMAL,0,
1648246500.0,1787429312.5975342,1,0.9972,0.1358,,0.621,0.0275,0.235,NOMINAL,NOMINAL,NORMAL,0,
1648247400.0,1787429312.722679,1,1.0454,0.1386,,0.632,0.0274,0.237,NOMINAL,NOMINAL,NORMAL,0,
1648248300.0,1787429312.8475266,1,0.9872,0.1339,,0.598,0.0267,0.237,NOMINAL,NOMINAL,TRIGGERED,1,omni_p6
1648249200.0,1787429312.972537,1,0.9916,0.1366,,0.598,0.0253,0.234,NOMINAL,NOMINAL,TRIGGERED,2,omni_p6
1648250100.0,1787429313.0984573,1,1.2084,0.1535,,0.876,0.032,0.29,NOMINAL,NOMINAL,NORMAL,0,
1648251000.0,1787429313.2231708,1,1.1981,0.1486,,0.777,0.0305,0.273,NOMINAL,NOMINAL,NORMAL,0,
1648251900.0,1787429313.3480213,1,1.1484,0.1445,,0.731,0.0293,0.256,NOMINAL,NOMINAL,NORMAL,0,
1648252800.0,1787429313.473369,1,1.1054,0.134,0.5775,0.624,0.029,0.267,NOMINAL,NOMINAL,NORMAL,0,
1648253700.0,1787429313.5977135,1,1.087,0.1401,,0.64,0.0277,0.246,NOMINAL,NOMINAL,NORMAL,0,
1648254600.0,1787429313.7227507,1,1.101,0.1427,,0.641,0.0271,0.245,NOMINAL,NOMINAL,TRIGGERED,1,omni_p6
1648255500.0,1787429313.8476505,1,1.048,0.138,,0.615,0.0275,0.237,NOMINAL,NOMINAL,NORMAL,0,
1648256400.0,1787429313.972577,1,1.0263,0.1377,,0.607,0.0265,0.238,NOMINAL,NOMINAL,NORMAL,0,
1648257300.0,1787429314.0983276,1,1.1642,0.1809,,0.858,0.031,0.298,NOMINAL,NOMINAL,NORMAL,0,
1648258200.0,1787429314.2228136,1,1.1271,0.1401,,0.677,0.0296,0.255,NOMINAL,NOMINAL,NORMAL,0,
1648259100.0,1787429314.3478894,1,1.09,0.1421,,0.714,0.031,0.261,NOMINAL,NOMINAL,NORMAL,0,
1648260000.0,1787429314.4725385,1,1.043,0.14,,0.577,0.0274,0.239,NOMINAL,NOMINAL,TRIGGERED,1,omni_p6
1648260900.0,1787429314.597613,1,1.0134,0.1397,,0.66,0.0279,0.251,NOMINAL,NOMINAL,TRIGGERED,2,omni_p6
1648261800.0,1787429314.7225952,1,1.0517,0.1374,,0.608,0.0281,0.241,NOMINAL,NOMINAL,NORMAL,0,
1648262700.0,1787429314.847664,1,1.0324,0.1364,,0.651,0.0279,0.258,NOMINAL,NOMINAL,NORMAL,0,
1648263600.0,1787429314.9725986,1,1.0159,0.1374,,0.628,0.0289,0.259,NOMINAL,NOMINAL,NORMAL,0,
1648264500.0,1787429315.097626,1,1.0229,0.1356,,0.654,0.0276,0.237,NOMINAL,NOMINAL,NORMAL,0,
1648265400.0,1787429315.2226572,1,1.0606,0.136,,0.644,0.0284,0.25,NOMINAL,NOMINAL,NORMAL,0,
1648266300.0,1787429315.3478258,1,1.0584,0.1418,,0.692,0.0284,0.268,NOMINAL,NOMINAL,TRIGGERED,1,omni_p6
1648267200.0,1787429315.4729853,1,1.1838,0.1558,,0.662,0.0293,0.269,NOMINAL,NOMINAL,TRIGGERED,2,omni_p6
1648268100.0,1787429315.5977464,1,1.0908,0.1462,,0.658,0.0282,0.254,NOMINAL,NOMINAL,NORMAL,0,
1648269000.0,1787429315.7226503,1,1.0433,0.1421,,0.649,0.0281,0.256,NOMINAL,NOMINAL,NORMAL,0,
1648269900.0,1787429315.8476422,1,1.0289,0.1355,,0.642,0.028,0.249,NOMINAL,NOMINAL,NORMAL,0,
1648270800.0,1787429315.9725661,1,1.023,0.1383,,0.624,0.0273,0.239,NOMINAL,NOMINAL,NORMAL,0,
1648271700.0,1787429316.097873,1,1.111,0.1421,,0.719,0.0288,0.253,NOMINAL,NOMINAL,NORMAL,0,
1648272600.0,1787429316.2225559,1,1.0443,0.1336,,0.607,0.0271,0.238,NOMINAL,NOMINAL,NORMAL,0,
1648273500.0,1787429316.3478227,1,1.0425,0.1378,,0.675,0.0271,0.314,NOMINAL,NOMINAL,NORMAL,0,
1648274400.0,1787429316.4725456,1,1.0346,0.1589,,0.587,0.0271,0.24,NOMINAL,NOMINAL,NORMAL,0,
1648275300.0,1787429316.5976305,1,1.0432,0.1386,,0.654,0.0287,0.242,NOMINAL,NOMINAL,NORMAL,0,
1648276200.0,1787429316.722571,1,1.0339,0.1354,,0.611,0.0273,0.232,NOMINAL,NOMINAL,NORMAL,0,
1648277100.0,1787429316.8475528,1,1.0048,0.1356,,0.607,0.0276,0.236,NOMINAL,NOMINAL,NORMAL,0,
1648278000.0,1787429316.972521,1,1.0073,0.1346,,0.612,0.0263,0.236,NOMINAL,NOMINAL,NORMAL,0,
1648278900.0,1787429317.0975568,1,1.0077,0.136,,0.646,0.0275,0.233,NOMINAL,NOMINAL,NORMAL,0,
1648279800.0,1787429317.2227285,1,1.0745,0.1415,,0.675,0.0282,0.243,NOMINAL,NOMINAL,NORMAL,0,
1648280700.0,1787429317.347778,1,1.0527,0.1426,,0.704,0.0278,0.245,NOMINAL,NOMINAL,NORMAL,0,
1648281600.0,1787429317.4725633,1,1.0277,0.1444,,0.593,0.0255,0.237,NOMINAL,NOMINAL,NORMAL,0,
1648282500.0,1787429317.5976079,1,1.0266,0.1403,,0.641,0.0261,0.239,NOMINAL,NOMINAL,TRIGGERED,1,omni_p6
1648283400.0,1787429317.722613,1,1.0638,0.1404,,0.616,0.0294,0.243,NOMINAL,NOMINAL,NORMAL,0,
1648284300.0,1787429317.8475392,1,1.0007,0.1357,,0.606,0.0265,0.232,NOMINAL,NOMINAL,NORMAL,0,
1648285200.0,1787429317.9728804,1,0.994,0.1357,,0.934,0.0287,0.272,NOMINAL,NOMINAL,NORMAL,0,
1648286100.0,1787429318.0983782,1,1.1956,0.1884,,0.866,0.0304,0.289,NOMINAL,NOMINAL,NORMAL,0,
1648287000.0,1787429318.223067,1,1.1806,0.1468,,0.741,0.0325,0.291,NOMINAL,NOMINAL,NORMAL,0,
1648287900.0,1787429318.3480926,1,1.1456,0.148,,0.762,0.0306,0.278,NOMINAL,NOMINAL,NORMAL,0,
1648288800.0,1787429318.4726295,1,1.0668,0.1438,,0.612,0.0275,0.243,NOMINAL,NOMINAL,TRIGGERED,1,omni_p6
1648289700.0,1787429318.597571,1,1.0158,0.1334,,0.624,0.0266,0.238,NOMINAL,NOMINAL,NORMAL,0,
1648290600.0,1787429318.7226174,1,1.0328,0.1358,,0.617,0.0264,0.237,NOMINAL,NOMINAL,NORMAL,0,
1648291500.0,1787429318.847632,1,1.0104,0.1383,,0.631,0.0251,0.242,NOMINAL,NOMINAL,NORMAL,0,
1648292400.0,1787429318.972435,1,0.8955,0.1303,,0.639,0.0284,0.241,NOMINAL,NOMINAL,NORMAL,0,
1648293300.0,1787429319.0982878,1,1.1682,0.184,,0.838,0.03,0.28,NOMINAL,NOMINAL,NORMAL,0,
1648294200.0,1787429319.2228994,1,1.1152,0.1465,,0.706,0.029,0.26,NOMINAL,NOMINAL,TRIGGERED,1,omni_p6
1648295100.0,1787429319.3478563,1,1.079,0.1462,,0.715,0.0286,0.255,NOMINAL,NOMINAL,TRIGGERED,2,omni_p6
1648296000.0,1787429319.4726374,1,1.0589,0.1411,,0.622,0.0286,0.257,NOMINAL,NOMINAL,NORMAL,0,
1648296900.0,1787429319.5976825,1,1.0556,0.1419,,0.664,0.0283,0.244,NOMINAL,NOMINAL,NORMAL,0,
1648297800.0,1787429319.7226765,1,1.0383,0.1388,,0.655,0.0276,0.246,NOMINAL,NOMINAL,NORMAL,0,
1648298700.0,1787429319.847665,1,1.0196,0.1391,,0.641,0.0292,0.255,NOMINAL,NOMINAL,NORMAL,0,
1648299600.0,1787429319.9725976,1,1.0034,0.1368,,0.61,0.0269,0.262,NOMINAL,NOMINAL,NORMAL,0,
1648300500.0,1787429320.097659,1,0.9954,0.1388,,0.654,0.0258,0.257,NOMINAL,NOMINAL,TRIGGERED,1,omni_p6
1648301400.0,1787429320.2225623,1,0.997,0.1397,,0.604,0.0238,0.246,NOMINAL,NOMINAL,TRIGGERED,2,omni_p6
1648302300.0,1787429320.3475144,1,0.9589,0.1331,,0.6,0.025,0.234,NOMINAL,NOMINAL,NORMAL,0,
1648303200.0,1787429320.4727652,1,1.1294,0.1417,,0.633,0.0283,0.252,NOMINAL,NOMINAL,NORMAL,0,
1648304100.0,1787429320.5976,1,1.0115,0.138,,0.63,0.0259,0.235,NOMINAL,NOMINAL,NORMAL,0,
1648305000.0,1787429320.7225552,1,0.9983,0.1312,,0.607,0.0251,0.241,NOMINAL,NOMINAL,NORMAL,0,
1648305900.0,1787429320.847709,1,1.0226,0.1353,,0.649,0.024,0.262,NOMINAL,NOMINAL,NORMAL,0,
1648306800.0,1787429320.972519,1,0.9601,0.1358,,0.607,0.0247,0.263,NOMINAL,NOMINAL,TRIGGERED,1,omni_p6
1648307700.0,1787429321.0977724,1,1.0388,0.1391,,0.69,0.0279,0.249,NOMINAL,NOMINAL,NORMAL,0,
1648308600.0,1787429321.2224424,1,0.9339,0.1261,,0.627,0.0249,0.241,NOMINAL,NOMINAL,NORMAL,0,
1648309500.0,1787429321.3475862,1,0.9608,0.1353,,0.641,0.0274,0.243,NOMINAL,NOMINAL,NORMAL,0,
1648310400.0,1787429321.4725046,1,0.9975,0.1367,,0.616,0.0254,0.239,NOMINAL,NOMINAL,NORMAL,0,
1648311300.0,1787429321.5976071,1,1.0088,0.1389,,0.667,0.0282,0.247,NOMINAL,NOMINAL,NORMAL,0,
1648312200.0,1787429321.722597,1,1.0162,0.1386,,0.61,0.0259,0.24,NOMINAL,NOMINAL,NORMAL,0,
1648313100.0,1787429321.8476648,1,0.997,0.1376,,0.651,0.028,0.247,NOMINAL,NOMINAL,NORMAL,0,
1648314000.0,1787429321.9725857,1,0.9775,0.136,,0.64,0.0262,0.242,NOMINAL,NOMINAL,NORMAL,0,
1648314900.0,1787429322.0975757,1,0.9818,0.133,,0.642,0.0261,0.238,NOMINAL,NOMINAL,NORMAL,0,
1648315800.0,1787429322.222686,1,1.0321,0.1372,,0.66,0.0268,0.24,NOMINAL,NOMINAL,NORMAL,0,
1648316700.0,1787429322.34756,1,0.97,0.1349,,0.618,0.0264,0.239,NOMINAL,NOMINAL,NORMAL,0,
1648317600.0,1787429322.4726126,1,1.0237,0.1397,,0.613,0.0277,0.253,NOMINAL,NOMINAL,NORMAL,0,
1648318500.0,1787429322.5975595,1,1.0064,0.1372,,0.632,0.027,0.232,NOMINAL,NOMINAL,NORMAL,0,
1648319400.0,1787429322.7226367,1,1.0333,0.1369,,0.629,0.0261,0.228,NOMINAL,NOMINAL,NORMAL,0,
1648320300.0,1787429322.8476453,1,1.0034,0.1363,,0.643,0.0257,0.238,NOMINAL,NOMINAL,NORMAL,0,
1648321200.0,1787429322.9729917,1,1.0708,0.141,,0.75,0.0306,0.35,NOMINAL,NOMINAL,NORMAL,0,
1648322100.0,1787429323.0983891,1,1.1992,0.1862,,0.87,0.031,0.287,NOMINAL,NOMINAL,NORMAL,0,
1648323000.0,1787429323.222968,1,1.1387,0.1469,,0.725,0.0292,0.257,NOMINAL,NOMINAL,NORMAL,0,
1648323900.0,1787429323.3476393,1,1.031,0.1378,,0.597,0.0252,0.229,NOMINAL,NOMINAL,NORMAL,0,
1648324800.0,1787429323.4726884,1,1.0652,0.1407,,0.643,0.0276,0.25,NOMINAL,NOMINAL,NORMAL,0,
1648325700.0,1787429323.5976205,1,1.029,0.139,,0.655,0.0288,0.243,NOMINAL,NOMINAL,NORMAL,0,
1648326600.0,1787429323.7225587,1,1.0034,0.1358,,0.611,0.0249,0.23,NOMINAL,NOMINAL,NORMAL,0,
1648327500.0,1787429323.8477387,1,1.0294,0.1383,,0.667,0.0261,0.238,NOMINAL,NOMINAL,TRIGGERED,1,omni_p6
1648328400.0,1787429323.9725258,1,0.9759,0.14,,0.604,0.0271,0.229,NOMINAL,NOMINAL,NORMAL,0,
1648329300.0,1787429324.0983284,1,1.1622,0.1815,,0.854,0.0305,0.319,NOMINAL,NOMINAL,NORMAL,0,
1648330200.0,1787429324.2229545,1,1.1242,0.1485,,0.753,0.0313,0.272,NOMINAL,NOMINAL,NORMAL,0,
1648331100.0,1787429324.3475213,1,1.0304,0.1361,,0.541,0.0255,0.229,NOMINAL,NOMINAL,NORMAL,0,
1648332000.0,1787429324.4727857,1,1.0422,0.1436,,0.707,0.0286,0.27,NOMINAL,NOMINAL,NORMAL,0,
1648332900.0,1787429324.597524,1,1.0029,0.1359,,0.601,0.0259,0.248,NOMINAL,NOMINAL,NORMAL,0,
1648333800.0,1787429324.722474,1,1.0434,0.1381,,0.522,0.0236,0.229,NOMINAL,NOMINAL,TRIGGERED,1,omni_p6
1648334700.0,1787429324.8476295,1,0.9961,0.1349,,0.593,0.027,0.343,NOMINAL,NOMINAL,NORMAL,0,
1648335600.0,1787429324.9724882,1,1.0029,0.137,,0.556,0.0272,0.236,NOMINAL,NOMINAL,NORMAL,0,
1648336500.0,1787429325.097534,1,1.0435,0.1355,,0.565,0.0265,0.236,NOMINAL,NOMINAL,NORMAL,0,
1648337400.0,1787429325.2225797,1,1.0185,0.1371,,0.607,0.0264,0.243,NOMINAL,NOMINAL,NORMAL,0,
1648338300.0,1787429325.3473406,1,0.9411,0.133,,0.518,0.0232,0.219,NOMINAL,NOMINAL,NORMAL,0,
1648339200.0,1787429325.4731011,1,0.974,0.1354,0.6228,0.517,0.0237,0.261,NOMINAL,NOMINAL,TRIGGERED,1,omni_p6
1648340100.0,1787429325.5978906,1,1.0546,0.1422,,0.694,0.0283,0.409,NOMINAL,NOMINAL,TRIGGERED,2,omni_p6
1648341000.0,1787429325.7226944,1,1.0733,0.1384,,0.549,0.0265,0.356,NOMINAL,NOMINAL,NORMAL,0,
1648341900.0,1787429325.8477151,1,1.0222,0.1382,,0.593,0.0269,0.356,NOMINAL,NOMINAL,NORMAL,0,
1648342800.0,1787429325.9725397,1,0.9995,0.1354,,0.521,0.0249,0.341,NOMINAL,NOMINAL,NORMAL,0,
1648343700.0,1787429326.0976892,1,1.0449,0.1378,,0.607,0.0354,0.293,NOMINAL,NOMINAL,NORMAL,0,
1648344600.0,1787429326.222555,1,1.0153,0.1352,,0.527,0.0259,0.34,NOMINAL,NOMINAL,NORMAL,0,
1648345500.0,1787429326.3473892,1,0.96,0.1365,,0.515,0.0241,0.245,NOMINAL,NOMINAL,TRIGGERED,1,omni_p6
1648346400.0,1787429326.4722843,1,0.9285,0.1364,,0.489,0.0231,0.239,NOMINAL,NOMINAL,TRIGGERED,2,omni_p6
1648347300.0,1787429326.597674,1,1.0105,0.1418,,0.702,0.0289,0.262,NOMINAL,NOMINAL,NORMAL,0,
1648348200.0,1787429326.7225204,1,1.0315,0.1346,,0.554,0.0243,0.257,NOMINAL,NOMINAL,NORMAL,0,
1648349100.0,1787429326.8478615,1,1.05,0.1441,,0.635,0.0268,0.401,NOMINAL,NOMINAL,NORMAL,0,
1648350000.0,1787429326.9725084,1,0.957,0.1305,,0.52,0.0235,0.385,NOMINAL,NOMINAL,NORMAL,0,
1648350900.0,1787429327.0975344,1,0.9406,0.1307,,0.556,0.0242,0.387,NOMINAL,NOMINAL,NORMAL,0,
1648351800.0,1787429327.2225473,1,1.0322,0.1362,,0.58,0.0261,0.238,NOMINAL,NOMINAL,TRIGGERED,1,omni_p6
1648352700.0,1787429327.3475316,1,1.0394,0.1451,,0.547,0.025,0.225,NOMINAL,NOMINAL,NORMAL,0,
1648353600.0,1787429327.472294,1,0.9695,0.1326,,0.479,0.0219,0.219,NOMINAL,NOMINAL,NORMAL,0,
1648354500.0,1787429327.5978408,1,1.0435,0.1438,,0.681,0.1536,0.394,NOMINAL,NOMINAL,NORMAL,0,
1648355400.0,1787429327.7226732,1,1.0453,0.1389,,0.596,0.1281,0.349,NOMINAL,NOMINAL,NORMAL,0,
1648356300.0,1787429327.8476548,1,1.0085,0.1364,,0.589,0.0265,0.345,NOMINAL,NOMINAL,NORMAL,0,
1648357200.0,1787429327.9725647,1,0.9738,0.1404,,0.549,0.0261,0.358,NOMINAL,NOMINAL,NORMAL,0,
1648358100.0,1787429328.0982084,1,1.1981,0.1796,,0.705,0.0293,0.272,NOMINAL,NOMINAL,NORMAL,0,
1648359000.0,1787429328.2228298,1,1.1731,0.1447,,0.584,0.0257,0.244,NOMINAL,NOMINAL,NORMAL,0,
1648359900.0,1787429328.347675,1,1.079,0.1416,,0.577,0.0261,0.24,NOMINAL,NOMINAL,NORMAL,0,
1648360800.0,1787429328.4728127,1,1.0618,0.1381,,0.538,0.0257,0.493,NOMINAL,NOMINAL,NORMAL,0,
1648361700.0,1787429328.5977168,1,1.0563,0.1382,,0.674,0.0311,0.257,NOMINAL,NOMINAL,NORMAL,0,
1648362600.0,1787429328.7226522,1,1.0853,0.1414,,0.526,0.0246,0.34,NOMINAL,NOMINAL,NORMAL,0,
1648363500.0,1787429328.8476877,1,1.0311,0.1364,,0.585,0.0257,0.343,NOMINAL,NOMINAL,NORMAL,0,
1648364400.0,1787429328.9725497,1,1.0218,0.1347,,0.513,0.0252,0.33,NOMINAL,NOMINAL,NORMAL,0,
1648365300.0,1787429329.0979822,1,1.1739,0.1826,,0.606,0.0255,0.242,NOMINAL,NOMINAL,NORMAL,0,
1648366200.0,1787429329.222755,1,1.1354,0.1487,,0.576,0.0253,0.237,NOMINAL,NOMINAL,NORMAL,0,
1648367100.0,1787429329.34759,1,1.0097,0.1376,,0.53,0.024,0.349,NOMINAL,NOMINAL,NORMAL,0,
1648368000.0,1787429329.4724154,1,1.0055,0.1358,,0.515,0.0239,0.225,NOMINAL,NOMINAL,TRIGGERED,1,omni_p6
1648368900.0,1787429329.5976899,1,1.0636,0.1377,,0.671,0.0284,0.251,NOMINAL,NOMINAL,NORMAL,0,
1648369800.0,1787429329.7228985,1,1.0767,0.1429,,0.634,0.0302,0.429,NOMINAL,NOMINAL,NORMAL,0,
1648370700.0,1787429329.8477924,1,1.0361,0.1423,,0.608,0.0279,0.401,NOMINAL,NOMINAL,NORMAL,0,
1648371600.0,1787429329.972594,1,1.003,0.1383,,0.527,0.0243,0.387,NOMINAL,NOMINAL,NORMAL,0,
1648372500.0,1787429330.097608,1,0.9752,0.1354,,0.58,0.0244,0.397,NOMINAL,NOMINAL,NORMAL,0,
1648373400.0,1787429330.2225115,1,1.0014,0.1368,,0.551,0.0233,0.287,NOMINAL,NOMINAL,TRIGGERED,1,omni_p6
1648374300.0,1787429330.3474295,1,0.9714,0.135,,0.516,0.0226,0.264,NOMINAL,NOMINAL,TRIGGERED,2,omni_p6
1648375200.0,1787429330.472346,1,0.9786,0.1373,,0.473,0.0195,0.246,NOMINAL,NOMINAL,NORMAL,0,
1648376100.0,1787429330.5973556,1,0.9648,0.1312,,0.512,0.0193,0.244,NOMINAL,NOMINAL,NORMAL,0,
1648377000.0,1787429330.7228823,1,1.0801,0.1443,,0.703,0.0286,0.316,NOMINAL,NOMINAL,NORMAL,0,
1648377900.0,1787429330.8477747,1,1.0202,0.1371,,0.618,0.0267,0.405,NOMINAL,NOMINAL,NORMAL,0,
1648378800.0,1787429330.972575,1,0.9875,0.138,,0.523,0.0241,0.389,NOMINAL,NOMINAL,NORMAL,0,
1648379700.0,1787429331.0976546,1,1.0633,0.1433,,0.562,0.0249,0.279,NOMINAL,NOMINAL,TRIGGERED,1,omni_p6
1648380600.0,1787429331.2225857,1,1.0456,0.1407,,0.555,0.0253,0.284,NOMINAL,NOMINAL,TRIGGERED,2,omni_p6
1648381500.0,1787429331.3474283,1,0.9633,0.1313,,0.547,0.0228,0.268,NOMINAL,NOMINAL,NORMAL,0,
1648382400.0,1787429331.4725945,1,0.9783,0.1365,,0.715,0.0249,0.246,NOMINAL,NOMINAL,NORMAL,0,
1648383300.0,1787429331.597589,1,0.9865,0.1334,,0.707,0.0271,0.245,NOMINAL,NOMINAL,NORMAL,0,
1648384200.0,1787429331.7229493,1,1.0903,0.144,,0.79,0.0315,0.272,NOMINAL,NOMINAL,NORMAL,0,
1648385100.0,1787429331.8477893,1,1.0679,0.1437,,0.683,0.029,0.26,NOMINAL,NOMINAL,NORMAL,0,
1648386000.0,1787429331.9725852,1,1.0187,0.1389,,0.62,0.0282,0.246,NOMINAL,NOMINAL,TRIGGERED,1,omni_p6
1648386900.0,1787429332.097585,1,1.0199,0.1357,,0.65,0.027,0.24,NOMINAL,NOMINAL,TRIGGERED,2,omni_p6
1648387800.0,1787429332.2225134,1,1.0153,0.1335,,0.585,0.026,0.247,NOMINAL,NOMINAL,NORMAL,0,
1648388700.0,1787429332.347721,1,1.0536,0.1379,,0.648,0.0288,0.254,NOMINAL,NOMINAL,NORMAL,0,
1648389600.0,1787429332.4725668,1,1.0283,0.1354,,0.591,0.0284,0.241,NOMINAL,NOMINAL,NORMAL,0,
1648390500.0,1787429332.5976222,1,1.0301,0.1403,,0.659,0.0272,0.243,NOMINAL,NOMINAL,NORMAL,0,
1648391400.0,1787429332.7228184,1,1.0879,0.138,,0.686,0.03,0.266,NOMINAL,NOMINAL,NORMAL,0,
1648392300.0,1787429332.847709,1,1.0512,0.1405,,0.64,0.028,0.244,NOMINAL,NOMINAL,TRIGGERED,1,omni_p6
1648393200.0,1787429332.9726949,1,1.0292,0.1451,,0.667,0.0285,0.242,NOMINAL,NOMINAL,NORMAL,0,
1648394100.0,1787429333.098408,1,1.2009,0.1751,,0.873,0.0312,0.285,NOMINAL,NOMINAL,NORMAL,0,
1648395000.0,1787429333.223106,1,1.184,0.155,,0.761,0.0307,0.275,NOMINAL,NOMINAL,NORMAL,0,
1648395900.0,1787429333.3477793,1,1.0834,0.1397,,0.673,0.0272,0.24,NOMINAL,NOMINAL,NORMAL,0,
1648396800.0,1787429333.4726233,1,1.0265,0.1372,,0.632,0.0257,0.262,NOMINAL,NOMINAL,NORMAL,0,
1648397700.0,1787429333.5975046,1,1.0022,0.1338,,0.608,0.0264,0.234,NOMINAL,NOMINAL,NORMAL,0,
1648398600.0,1787429333.7228608,1,1.0866,0.1467,,0.695,0.0289,0.273,NOMINAL,NOMINAL,NORMAL,0,
1648399500.0,1787429333.8479183,1,1.1015,0.1438,,0.732,0.0285,0.255,NOMINAL,NOMINAL,NORMAL,0,
1648400400.0,1787429333.9727552,1,1.0472,0.146,,0.687,0.0276,0.248,NOMINAL,NOMINAL,NORMAL,0,
1648401300.0,1787429334.0982938,1,1.1749,0.1919,,0.863,0.0302,0.274,NOMINAL,NOMINAL,NORMAL,0,
1648402200.0,1787429334.2228463,1,1.1233,0.1438,,0.665,0.0264,0.255,NOMINAL,NOMINAL,NORMAL,0,
1648403100.0,1787429334.3477042,1,1.0382,0.1382,,0.657,0.0276,0.255,NOMINAL,NOMINAL,NORMAL,0,
1648404000.0,1787429334.472495,1,0.9853,0.1353,,0.587,0.0269,0.267,NOMINAL,NOMINAL,NORMAL,0,
1648404900.0,1787429334.597905,1,1.041,0.1368,,0.796,0.0274,0.388,NOMINAL,NOMINAL,NORMAL,0,
1648405800.0,1787429334.7231019,1,1.0647,0.1355,,0.887,0.0309,0.384,NOMINAL,NOMINAL,NORMAL,0,
1648406700.0,1787429334.8480463,1,1.0439,0.1413,,0.829,0.0552,0.403,NOMINAL,NOMINAL,NORMAL,0,
1648407600.0,1787429334.9729896,1,1.0119,0.1343,,0.82,0.0553,0.424,NOMINAL,NOMINAL,NORMAL,0,
1648408500.0,1787429335.0977213,1,1.0277,0.1399,,0.689,0.0278,0.255,NOMINAL,NOMINAL,NORMAL,0,
1648409400.0,1787429335.2228632,1,1.0353,0.1339,,0.844,0.0257,0.249,NOMINAL,NOMINAL,NORMAL,0,
1648410300.0,1787429335.347587,1,0.969,0.1328,,0.606,0.0268,0.293,NOMINAL,NOMINAL,NORMAL,0,
1648411200.0,1787429335.4726245,1,1.0027,0.1426,,0.606,0.0261,0.31,NOMINAL,NOMINAL,NORMAL,0,
1648412100.0,1787429335.5974991,1,0.9688,0.1325,,0.599,0.0246,0.291,NOMINAL,NOMINAL,NORMAL,0,
1648413000.0,1787429335.7226326,1,0.9955,0.1332,,0.634,0.0273,0.303,NOMINAL,NOMINAL,TRIGGERED,1,omni_p6
1648413900.0,1787429335.8483813,1,1.0984,0.1415,,0.782,0.0323,0.607,NOMINAL,NOMINAL,NORMAL,0,
1648414800.0,1787429335.9725552,1,1.0222,0.135,,0.547,0.027,0.291,NOMINAL,NOMINAL,NORMAL,0,
1648415700.0,1787429336.0978477,1,1.0809,0.1431,,0.662,0.0283,0.306,NOMINAL,NOMINAL,NORMAL,0,
1648416600.0,1787429336.2225773,1,1.0405,0.1383,,0.565,0.0255,0.276,NOMINAL,NOMINAL,NORMAL,0,
1648417500.0,1787429336.3475187,1,0.9908,0.1346,,0.552,0.0269,0.279,NOMINAL,NOMINAL,NORMAL,0,
1648418400.0,1787429336.4724424,1,0.9708,0.1385,,0.522,0.0246,0.281,NOMINAL,NOMINAL,TRIGGERED,1,omni_p6
1648419300.0,1787429336.597681,1,1.0213,0.1388,,0.675,0.0264,0.295,NOMINAL,NOMINAL,TRIGGERED,2,omni_p6
1648420200.0,1787429336.7224588,1,1.012,0.1326,,0.517,0.0247,0.271,NOMINAL,NOMINAL,NORMAL,0,
1648421100.0,1787429336.8478267,1,1.0312,0.1406,,0.699,0.0285,0.312,NOMINAL,NOMINAL,NORMAL,0,
1648422000.0,1787429336.9725378,1,0.9988,0.1334,,0.556,0.0274,0.292,NOMINAL,NOMINAL,NORMAL,0,
1648422900.0,1787429337.097555,1,1.0109,0.1355,,0.565,0.0267,0.285,NOMINAL,NOMINAL,NORMAL,0,
1648423800.0,1787429337.2226467,1,1.0513,0.1372,,0.59,0.0279,0.29,NOMINAL,NOMINAL,NORMAL,0,
1648424700.0,1787429337.3476782,1,1.0569,0.1457,,0.58,0.0264,0.282,NOMINAL,NOMINAL,TRIGGERED,1,omni_p6
1648425600.0,1787429337.4732077,1,1.0256,0.1358,0.6403,0.523,0.0245,0.26,NOMINAL,NOMINAL,TRIGGERED,2,omni_p6
1648426500.0,1787429337.597507,1,1.03,0.1391,,0.566,0.0244,0.229,NOMINAL,NOMINAL,NORMAL,0,
1648427400.0,1787429337.7224174,1,1.0169,0.1309,,0.515,0.0236,0.219,NOMINAL,NOMINAL,NORMAL,0,
1648428300.0,1787429337.8478181,1,1.0576,0.1401,,0.68,0.0281,0.271,NOMINAL,NOMINAL,NORMAL,0,
1648429200.0,1787429337.97256,1,1.0404,0.1404,,0.558,0.0275,0.244,NOMINAL,NOMINAL,NORMAL,0,
1648430100.0,1787429338.0982242,1,1.1927,0.1781,,0.714,0.0287,0.287,NOMINAL,NOMINAL,NORMAL,0,
1648431000.0,1787429338.222793,1,1.2216,0.1535,,0.529,0.0224,0.21,NOMINAL,NOMINAL,TRIGGERED,1,omni_p6
1648431900.0,1787429338.3476996,1,1.1535,0.1495,,0.529,0.0229,0.22,NOMINAL,NOMINAL,NORMAL,0,
1648432800.0,1787429338.472415,1,1.0479,0.1422,,0.48,0.0208,0.195,NOMINAL,NOMINAL,NORMAL,0,
1648433700.0,1787429338.597327,1,0.9886,0.1364,,0.5,0.0193,0.199,NOMINAL,NOMINAL,NORMAL,0,
1648434600.0,1787429338.7224507,1,1.0471,0.1408,,0.506,0.0214,0.234,NOMINAL,NOMINAL,NORMAL,0,
1648435500.0,1787429338.848008,1,1.1461,0.148,,0.714,0.0296,0.323,NOMINAL,NOMINAL,NORMAL,0,
1648436400.0,1787429338.9725623,1,1.0158,0.1468,,0.563,0.0251,0.273,NOMINAL,NOMINAL,TRIGGERED,1,omni_p6
1648437300.0,1787429339.098093,1,1.2161,0.191,,0.599,0.0253,0.282,NOMINAL,NOMINAL,TRIGGERED,2,omni_p6
1648438200.0,1787429339.2229598,1,1.2063,0.1513,,0.605,0.0244,0.278,NOMINAL,NOMINAL,NORMAL,0,
1648439100.0,1787429339.3475764,1,1.0764,0.1451,,0.496,0.0208,0.248,NOMINAL,NOMINAL,NORMAL,0,
1648440000.0,1787429339.472522,1,1.0439,0.1435,,0.498,0.0227,0.259,NOMINAL,NOMINAL,NORMAL,0,
1648440900.0,1787429339.5973275,1,0.9635,0.1336,,0.498,0.02,0.238,NOMINAL,NOMINAL,NORMAL,0,
1648441800.0,1787429339.722337,1,0.9886,0.1345,,0.48,0.0178,0.229,NOMINAL,NOMINAL,NORMAL,0,
1648442700.0,1787429339.847827,1,1.045,0.1401,,0.699,0.0276,0.306,NOMINAL,NOMINAL,NORMAL,0,
1648443600.0,1787429339.9724817,1,1.006,0.136,,0.532,0.0243,0.262,NOMINAL,NOMINAL,NORMAL,0,
1648444500.0,1787429340.0975833,1,1.0048,0.135,,0.59,0.0266,0.284,NOMINAL,NOMINAL,NORMAL,0,
1648445400.0,1787429340.2224226,1,1.0151,0.1443,,0.496,0.0221,0.25,NOMINAL,NOMINAL,NORMAL,0,
1648446300.0,1787429340.347387,1,0.9836,0.1321,,0.49,0.0185,0.24,NOMINAL,NOMINAL,NORMAL,0,
1648447200.0,1787429340.4723806,1,1.0002,0.1337,,0.496,0.0184,0.235,NOMINAL,NOMINAL,NORMAL,0,
1648448100.0,1787429340.5975735,1,1.003,0.1386,,0.609,0.0244,0.283,NOMINAL,NOMINAL,NORMAL,0,
1648449000.0,1787429340.7226496,1,1.0118,0.1374,,0.635,0.0283,0.29,NOMINAL,NOMINAL,NORMAL,0,
1648449900.0,1787429340.84767,1,0.973,0.1368,,0.66,0.0289,0.31,NOMINAL,NOMINAL,NORMAL,0,
1648450800.0,1787429340.972838,1,1.0422,0.1429,,0.707,0.0291,0.312,NOMINAL,NOMINAL,NORMAL,0,
1648451700.0,1787429341.0975926,1,1.0279,0.1386,,0.56,0.0266,0.274,NOMINAL,NOMINAL,NORMAL,0,
1648452600.0,1787429341.222559,1,1.0363,0.1454,,0.547,0.024,0.275,NOMINAL,NOMINAL,NORMAL,0,
1648453500.0,1787429341.3474905,1,0.9782,0.1323,,0.49,0.0217,0.362,NOMINAL,NOMINAL,NORMAL,0,
1648454400.0,1787429341.4722962,1,0.9409,0.1339,,0.473,0.0215,0.251,NOMINAL,NOMINAL,NORMAL,0,
1648455300.0,1787429341.5973608,1,0.938,0.1307,,0.55,0.0201,0.242,NOMINAL,NOMINAL,NORMAL,0,
1648456200.0,1787429341.7225049,1,0.9945,0.1341,,0.488,0.0218,0.367,NOMINAL,NOMINAL,NORMAL,0,
1648457100.0,1787429341.8474216,1,0.9752,0.1327,,0.512,0.0236,0.255,NOMINAL,NOMINAL,NORMAL,0,
1648458000.0,1787429341.9728773,1,1.0746,0.1443,,0.693,0.0281,0.303,NOMINAL,NOMINAL,NORMAL,0,
1648458900.0,1787429342.0976238,1,0.9923,0.1375,,0.564,0.0254,0.395,NOMINAL,NOMINAL,TRIGGERED,1,omni_p6
1648459800.0,1787429342.2224007,1,0.9936,0.1313,,0.507,0.0213,0.251,NOMINAL,NOMINAL,NORMAL,0,
1648460700.0,1787429342.347509,1,1.0396,0.1414,,0.503,0.0222,0.239,NOMINAL,NOMINAL,NORMAL,0,
1648461600.0,1787429342.4724412,1,0.9623,0.1347,,0.472,0.0223,0.364,NOMINAL,NOMINAL,NORMAL,0,
1648462500.0,1787429342.5974686,1,0.9598,0.1327,,0.51,0.1277,0.369,NOMINAL,NOMINAL,NORMAL,0,
1648463400.0,1787429342.7233472,1,0.9439,0.1313,,0.463,0.0202,0.357,NOMINAL,NOMINAL,NORMAL,0,
1648464300.0,1787429342.8479476,1,0.9915,0.1369,,0.519,0.0244,0.26,NOMINAL,NOMINAL,NORMAL,0,
1648465200.0,1787429342.973373,1,1.0371,0.1469,,0.692,0.0292,0.354,NOMINAL,NOMINAL,TRIGGERED,1,omni_p6
1648466100.0,1787429343.098692,1,1.2025,0.1534,,0.608,0.0266,0.423,NOMINAL,NOMINAL,NORMAL,0,
1648467000.0,1787429343.2233255,1,1.1105,0.1431,,0.564,0.0265,0.4,NOMINAL,NOMINAL,NORMAL,0,
1648467900.0,1787429343.3481283,1,1.0298,0.1384,,0.525,0.0234,0.384,NOMINAL,NOMINAL,NORMAL,0,
1648468800.0,1787429343.4730186,1,1.0307,0.1431,,0.518,0.024,0.283,NOMINAL,NOMINAL,NORMAL,0,
1648469700.0,1787429343.5979497,1,0.9914,0.165,,0.499,0.0239,0.266,NOMINAL,NOMINAL,NORMAL,0,
1648470600.0,1787429343.7231169,1,1.0241,0.1384,,0.533,0.0245,0.393,NOMINAL,NOMINAL,TRIGGERED,1,omni_p6
1648471500.0,1787429343.8480318,1,1.0345,0.1445,,0.517,0.0262,0.27,NOMINAL,NOMINAL,TRIGGERED,2,omni_p6
1648472400.0,1787429343.9744182,1,1.0743,0.1478,,0.707,0.0455,1.315,NOMINAL,PRE_ALERT,TRIGGERED,3,omni_p6
1648473300.0,1787429344.100104,1,1.221,0.1569,,0.762,0.044,1.686,PRE_ALERT,NOMINAL,NORMAL,0,
1648474200.0,1787429344.2232094,1,1.1085,0.1451,,0.585,0.0226,0.257,NOMINAL,NOMINAL,NORMAL,0,
1648475100.0,1787429344.3479764,1,1.0198,0.1449,,0.527,0.0246,0.225,NOMINAL,NOMINAL,TRIGGERED,1,omni_p6
1648476000.0,1787429344.472852,1,0.9716,0.139,,0.503,0.0233,0.23,NOMINAL,NOMINAL,TRIGGERED,2,omni_p6
1648476900.0,1787429344.5990324,1,0.9751,0.1733,,0.546,0.1563,1.302,NOMINAL,PRE_ALERT,TRIGGERED,3,omni_p6
1648477800.0,1787429344.7242002,1,1.0552,0.1366,,0.649,0.0486,1.317,PRE_ALERT,ALERT,TRIGGERED,4,omni_p6
1648478700.0,1787429344.8483431,1,1.0561,0.1395,,0.659,0.0337,0.398,ALERT,ALERT,TRIGGERED,5,omni_p6
1648479600.0,1787429344.9745786,1,1.1043,0.1458,,0.772,0.0463,1.353,ALERT,NOMINAL,NORMAL,0,
1648480500.0,1787429345.0982137,1,1.0593,0.1438,,0.576,0.0275,0.3,NOMINAL,NOMINAL,NORMAL,0,
1648481400.0,1787429345.2231734,1,1.0362,0.1483,,0.566,0.026,0.36,NOMINAL,NOMINAL,TRIGGERED,1,omni_p6
1648482300.0,1787429345.348053,1,1.0198,0.1393,,0.504,0.0241,0.342,NOMINAL,NOMINAL,NORMAL,0,
1648483200.0,1787429345.4728284,1,0.9562,0.1349,,0.492,0.0242,0.242,NOMINAL,NOMINAL,TRIGGERED,1,omni_p6
1648484100.0,1787429345.5977683,1,0.9245,0.1304,,0.508,0.024,0.218,NOMINAL,NOMINAL,NORMAL,0,
1648485000.0,1787429345.7230968,1,1.0049,0.1374,,0.549,0.0253,0.363,NOMINAL,NOMINAL,TRIGGERED,1,omni_p6
1648485900.0,1787429345.8478591,1,0.9456,0.1297,,0.517,0.0273,0.251,NOMINAL,NOMINAL,NORMAL,0,
1648486800.0,1787429345.9731529,1,0.9925,0.1357,,0.698,0.027,0.289,NOMINAL,NOMINAL,NORMAL,0,
1648487700.0,1787429346.097967,1,1.0031,0.155,,0.535,0.0227,0.221,NOMINAL,NOMINAL,TRIGGERED,1,omni_p6
1648488600.0,1787429346.2227187,1,0.9869,0.1305,,0.438,0.0159,0.169,NOMINAL,NOMINAL,NORMAL,0,
1648489500.0,1787429346.3475463,1,0.9122,0.1273,,0.399,0.0138,0.152,NOMINAL,NOMINAL,NORMAL,0,
1648490400.0,1787429346.472571,1,0.9198,0.1294,,0.398,0.0132,0.155,NOMINAL,NOMINAL,TRIGGERED,1,omni_p6
1648491300.0,1787429346.59754,1,0.907,0.1237,,0.426,0.0133,0.157,NOMINAL,NOMINAL,NORMAL,0,
1648492200.0,1787429346.7225657,1,0.929,0.1231,,0.394,0.0127,0.15,NOMINAL,NOMINAL,NORMAL,0,
1648493100.0,1787429346.847594,1,0.9049,0.1246,,0.426,0.0158,0.162,NOMINAL,NOMINAL,NORMAL,0,
1648494000.0,1787429346.9726298,1,0.9262,0.1262,,0.426,0.0155,0.168,NOMINAL,NOMINAL,TRIGGERED,1,omni_p6
1648494900.0,1787429347.0981474,1,0.9697,0.1608,,0.675,0.0252,0.262,NOMINAL,NOMINAL,NORMAL,0,
1648495800.0,1787429347.2227423,1,0.9638,0.128,,0.465,0.0193,0.2,NOMINAL,NOMINAL,NORMAL,0,
1648496700.0,1787429347.3478298,1,0.9776,0.1334,,0.482,0.0178,0.197,NOMINAL,NOMINAL,TRIGGERED,1,omni_p6
1648497600.0,1787429347.4726608,1,0.9131,0.1268,,0.45,0.019,0.202,NOMINAL,NOMINAL,TRIGGERED,2,omni_p6
1648498500.0,1787429347.5975368,1,0.8901,0.1247,,0.426,0.0156,0.169,NOMINAL,NOMINAL,NORMAL,0,
1648499400.0,1787429347.7225778,1,0.9212,0.1227,,0.413,0.0132,0.162,NOMINAL,NOMINAL,NORMAL,0,
1648500300.0,1787429347.8476043,1,0.8898,0.1237,,0.441,0.0148,0.167,NOMINAL,NOMINAL,NORMAL,0,
1648501200.0,1787429347.9727473,1,0.9006,0.1239,,0.525,0.0184,0.204,NOMINAL,NOMINAL,NORMAL,0,
1648502100.0,1787429348.098818,1,1.2084,0.1515,,0.804,0.0268,0.278,NOMINAL,NOMINAL,NORMAL,0,
1648503000.0,1787429348.2231238,1,1.1122,0.1395,,0.532,0.0196,0.21,NOMINAL,NOMINAL,TRIGGERED,1,omni_p6
1648503900.0,1787429348.347958,1,1.017,0.1346,,0.531,0.0192,0.214,NOMINAL,NOMINAL,TRIGGERED,2,omni_p6
1648504800.0,1787429348.4727824,1,0.9518,0.1307,,0.484,0.0168,0.205,NOMINAL,NOMINAL,NORMAL,0,
1648505700.0,1787429348.5977192,1,0.928,0.1275,,0.503,0.0187,0.201,NOMINAL,NOMINAL,TRIGGERED,1,omni_p6
1648506600.0,1787429348.7227437,1,0.9557,0.1296,,0.471,0.017,0.2,NOMINAL,NOMINAL,NORMAL,0,
1648507500.0,1787429348.8477478,1,0.8986,0.1275,,0.523,0.018,0.217,NOMINAL,NOMINAL,NORMAL,0,
1648508400.0,1787429348.9726954,1,0.907,0.1272,,0.475,0.018,0.199,NOMINAL,NOMINAL,NORMAL,0,
1648509300.0,1787429349.0986688,1,1.1622,0.1444,,0.768,0.0283,0.277,NOMINAL,NOMINAL,NORMAL,0,
1648510200.0,1787429349.2230651,1,1.0836,0.1383,,0.55,0.0221,0.221,NOMINAL,NOMINAL,TRIGGERED,1,omni_p6
1648511100.0,1787429349.347915,1,0.9877,0.132,,0.533,0.0199,0.223,NOMINAL,NOMINAL,NORMAL,0,
1648512000.0,1787429349.4735,1,0.9733,0.1253,0.5899,0.503,0.0186,0.23,NOMINAL,NOMINAL,NORMAL,0,
1648512900.0,1787429349.5977886,1,0.971,0.1293,,0.489,0.0191,0.212,NOMINAL,NOMINAL,NORMAL,0,
1648513800.0,1787429349.7228146,1,0.9832,0.1304,,0.489,0.0189,0.211,NOMINAL,NOMINAL,NORMAL,0,
1648514700.0,1787429349.8477547,1,0.9218,0.1302,,0.493,0.0192,0.206,NOMINAL,NOMINAL,NORMAL,0,
1648515600.0,1787429349.9728405,1,0.9359,0.1287,,0.524,0.0208,0.221,NOMINAL,NOMINAL,TRIGGERED,1,omni_p6
1648516500.0,1787429350.0980725,1,0.9352,0.1735,,0.654,0.0236,0.243,NOMINAL,NOMINAL,TRIGGERED,2,omni_p6
1648517400.0,1787429350.2227616,1,0.9423,0.1242,,0.508,0.0212,0.218,NOMINAL,NOMINAL,NORMAL,0,
1648518300.0,1787429350.347687,1,0.8821,0.1219,,0.508,0.0189,0.212,NOMINAL,NOMINAL,NORMAL,0,
1648519200.0,1787429350.4725761,1,0.8562,0.1237,,0.46,0.0172,0.191,NOMINAL,NOMINAL,NORMAL,0,
1648520100.0,1787429350.5983818,1,1.0329,0.1393,,0.786,0.0282,0.274,NOMINAL,NOMINAL,NORMAL,0,
1648521000.0,1787429350.722857,1,1.0008,0.129,,0.503,0.0197,0.206,NOMINAL,NOMINAL,NORMAL,0,
1648521900.0,1787429350.847801,1,0.9334,0.1302,,0.518,0.0217,0.214,NOMINAL,NOMINAL,TRIGGERED,1,omni_p6
1648522800.0,1787429350.972746,1,0.917,0.1276,,0.508,0.0199,0.204,NOMINAL,NOMINAL,TRIGGERED,2,omni_p6
1648523700.0,1787429351.0983105,1,1.0004,0.1374,,0.701,0.0268,0.327,NOMINAL,NOMINAL,NORMAL,0,
1648524600.0,1787429351.2229054,1,0.9878,0.1284,,0.551,0.023,0.223,NOMINAL,NOMINAL,NORMAL,0,
1648525500.0,1787429351.3477113,1,0.9042,0.123,,0.498,0.0194,0.205,NOMINAL,NOMINAL,NORMAL,0,
1648526400.0,1787429351.4726048,1,0.8698,0.1232,,0.456,0.0192,0.196,NOMINAL,NOMINAL,NORMAL,0,
1648527300.0,1787429351.5976682,1,0.8415,0.1204,,0.575,0.0209,0.223,NOMINAL,NOMINAL,NORMAL,0,
1648528200.0,1787429351.7227988,1,0.9243,0.1254,,0.527,0.0207,0.215,NOMINAL,NOMINAL,NORMAL,0,
1648529100.0,1787429351.8477175,1,0.8603,0.1256,,0.536,0.0205,0.215,NOMINAL,NOMINAL,NORMAL,0,
1648530000.0,1787429351.9728703,1,0.8879,0.1263,,0.602,0.0234,0.226,NOMINAL,NOMINAL,NORMAL,0,
1648530900.0,1787429352.0977635,1,0.8689,0.1269,,0.555,0.0232,0.226,NOMINAL,NOMINAL,NORMAL,0,
1648531800.0,1787429352.2230082,1,0.9451,0.1301,,0.648,0.0244,0.234,NOMINAL,NOMINAL,NORMAL,0,
1648532700.0,1787429352.3479877,1,0.9445,0.1328,,0.623,0.0241,0.231,NOMINAL,NOMINAL,NORMAL,0,
1648533600.0,1787429352.4728186,1,0.9324,0.131,,0.515,0.0237,0.232,NOMINAL,NOMINAL,NORMAL,0,
1648534500.0,1787429352.5977173,1,0.8816,0.1282,,0.561,0.0229,0.215,NOMINAL,NOMINAL,NORMAL,0,
1648535400.0,1787429352.7227347,1,0.9013,0.1253,,0.516,0.0218,0.215,NOMINAL,NOMINAL,NORMAL,0,
1648536300.0,1787429352.847845,1,0.9063,0.1241,,0.558,0.0248,0.227,NOMINAL,NOMINAL,NORMAL,0,
1648537200.0,1787429352.9728942,1,0.9245,0.1261,,0.579,0.023,0.237,NOMINAL,NOMINAL,NORMAL,0,
1648538100.0,1787429353.0986304,1,1.1795,0.148,,0.721,0.0284,0.266,NOMINAL,NOMINAL,NORMAL,0,
1648539000.0,1787429353.2234607,1,1.1337,0.1427,,0.731,0.0272,0.267,NOMINAL,NOMINAL,NORMAL,0,
1648539900.0,1787429353.3480465,1,1.0204,0.1381,,0.589,0.0221,0.236,NOMINAL,NOMINAL,NORMAL,0,
1648540800.0,1787429353.4728107,1,0.9441,0.1318,,0.514,0.0227,0.221,NOMINAL,NOMINAL,TRIGGERED,1,omni_p6
1648541700.0,1787429353.5981824,1,1.0198,0.1599,,0.708,0.0257,0.257,NOMINAL,NOMINAL,TRIGGERED,2,omni_p6
1648542600.0,1787429353.7228882,1,0.9736,0.13,,0.546,0.0218,0.223,NOMINAL,NOMINAL,NORMAL,0,
1648543500.0,1787429353.8479588,1,0.9466,0.1306,,0.612,0.0237,0.234,NOMINAL,NOMINAL,NORMAL,0,
1648544400.0,1787429353.9730022,1,0.9475,0.1341,,0.631,0.0244,0.236,NOMINAL,NOMINAL,TRIGGERED,1,omni_p6
1648545300.0,1787429354.0986125,1,1.1599,0.1433,,0.753,0.0282,0.278,NOMINAL,NOMINAL,NORMAL,0,
1648546200.0,1787429354.2234335,1,1.1101,0.1434,,0.735,0.0271,0.26,NOMINAL,NOMINAL,NORMAL,0,
1648547100.0,1787429354.3479948,1,0.9689,0.1339,,0.599,0.026,0.236,NOMINAL,NOMINAL,NORMAL,0,
1648548000.0,1787429354.4727528,1,0.9114,0.1268,,0.516,0.0197,0.213,NOMINAL,NOMINAL,NORMAL,0,
1648548900.0,1787429354.5976908,1,0.8775,0.1251,,0.549,0.0209,0.212,NOMINAL,NOMINAL,NORMAL,0,
1648549800.0,1787429354.7227883,1,0.9066,0.1257,,0.549,0.0213,0.218,NOMINAL,NOMINAL,TRIGGERED,1,omni_p6
1648550700.0,1787429354.8479762,1,0.9206,0.1312,,0.64,0.0231,0.233,NOMINAL,NOMINAL,TRIGGERED,2,omni_p6
1648551600.0,1787429354.972832,1,0.911,0.1273,,0.569,0.0241,0.221,NOMINAL,NOMINAL,NORMAL,0,
1648552500.0,1787429355.0978072,1,0.9333,0.127,,0.506,0.0186,0.208,NOMINAL,NOMINAL,NORMAL,0,
1648553400.0,1787429355.2230017,1,0.9458,0.1294,,0.637,0.0231,0.24,NOMINAL,NOMINAL,NORMAL,0,
1648554300.0,1787429355.347696,1,0.8974,0.1215,,0.503,0.02,0.21,NOMINAL,NOMINAL,NORMAL,0,
1648555200.0,1787429355.472666,1,0.8906,0.1251,,0.483,0.0186,0.205,NOMINAL,NOMINAL,NORMAL,0,
1648556100.0,1787429355.5977457,1,0.8972,0.1286,,0.555,0.0197,0.212,NOMINAL,NOMINAL,TRIGGERED,1,omni_p6
1648557000.0,1787429355.7229161,1,1.0046,0.1323,,0.515,0.0192,0.207,NOMINAL,NOMINAL,TRIGGERED,2,omni_p6
1648557900.0,1787429355.8478334,1,0.9487,0.1293,,0.52,0.0213,0.21,NOMINAL,NOMINAL,NORMAL,0,
1648558800.0,1787429355.972875,1,0.9421,0.13,,0.556,0.0218,0.223,NOMINAL,NOMINAL,NORMAL,0,
1648559700.0,1787429356.0978818,1,0.9668,0.1581,,0.51,0.0216,0.211,NOMINAL,NOMINAL,NORMAL,0,
1648560600.0,1787429356.2231236,1,1.0088,0.1333,,0.644,0.0249,0.25,NOMINAL,NOMINAL,NORMAL,0,
1648561500.0,1787429356.3478093,1,0.9528,0.1266,,0.519,0.0225,0.214,NOMINAL,NOMINAL,NORMAL,0,
1648562400.0,1787429356.4726326,1,0.8801,0.1276,,0.474,0.0174,0.199,NOMINAL,NOMINAL,TRIGGERED,1,omni_p6
1648563300.0,1787429356.597572,1,0.8479,0.1219,,0.49,0.0183,0.199,NOMINAL,NOMINAL,NORMAL,0,
1648564200.0,1787429356.7226558,1,0.8915,0.1241,,0.485,0.0168,0.195,NOMINAL,NOMINAL,NORMAL,0,
1648565100.0,1787429356.8476703,1,0.875,0.1241,,0.495,0.0177,0.201,NOMINAL,NOMINAL,NORMAL,0,
1648566000.0,1787429356.9727347,1,0.8683,0.1229,,0.539,0.0202,0.212,NOMINAL,NOMINAL,NORMAL,0,
1648566900.0,1787429357.097653,1,0.8611,0.1245,,0.505,0.0186,0.197,NOMINAL,NOMINAL,NORMAL,0,
1648567800.0,1787429357.2226942,1,0.8968,0.1258,,0.507,0.0181,0.204,NOMINAL,NOMINAL,NORMAL,0,
1648568700.0,1787429357.3484187,1,1.0404,0.1403,,0.724,0.0386,0.316,NOMINAL,NOMINAL,TRIGGERED,1,omni_p6
1648569600.0,1787429357.4727414,1,0.9582,0.1311,,0.46,0.0181,0.189,NOMINAL,NOMINAL,NORMAL,0,
1648570500.0,1787429357.5976024,1,0.8945,0.1259,,0.468,0.0178,0.185,NOMINAL,NOMINAL,NORMAL,0,
1648571400.0,1787429357.7226107,1,0.9144,0.1258,,0.434,0.0171,0.176,NOMINAL,NOMINAL,NORMAL,0,
1648572300.0,1787429357.8477402,1,0.8893,0.1268,,0.517,0.0213,0.21,NOMINAL,NOMINAL,NORMAL,0,
1648573200.0,1787429357.9728594,1,0.8975,0.1259,,0.586,0.0241,0.233,NOMINAL,NOMINAL,NORMAL,0,
1648574100.0,1787429358.0983784,1,1.1867,0.1462,,0.534,0.0166,0.202,NOMINAL,NOMINAL,NORMAL,0,
1648575000.0,1787429358.2230368,1,1.1089,0.137,,0.491,0.0174,0.189,NOMINAL,NOMINAL,NORMAL,0,
1648575900.0,1787429358.348226,1,1.0373,0.1339,,0.677,0.0244,0.247,NOMINAL,NOMINAL,NORMAL,0,
1648576800.0,1787429358.472814,1,0.9919,0.1322,,0.466,0.0177,0.202,NOMINAL,NOMINAL,NORMAL,0,
1648577700.0,1787429358.5977733,1,0.9425,0.1308,,0.524,0.0203,0.208,NOMINAL,NOMINAL,NORMAL,0,
1648578600.0,1787429358.7227721,1,0.96,0.1262,,0.49,0.0175,0.188,NOMINAL,NOMINAL,NORMAL,0,
1648579500.0,1787429358.8478699,1,0.9314,0.1289,,0.55,0.0207,0.229,NOMINAL,NOMINAL,NORMAL,0,
1648580400.0,1787429358.9729056,1,0.952,0.1319,,0.555,0.0211,0.235,NOMINAL,NOMINAL,NORMAL,0,
1648581300.0,1787429359.0988822,1,1.1523,0.1432,,0.725,0.0279,0.589,NOMINAL,NOMINAL,NORMAL,0,
1648582200.0,1787429359.2231338,1,1.0676,0.1372,,0.617,0.0245,0.257,NOMINAL,NOMINAL,NORMAL,0,
1648583100.0,1787429359.3481226,1,0.9823,0.1322,,0.685,0.0248,0.244,NOMINAL,NOMINAL,NORMAL,0,
1648584000.0,1787429359.4727578,1,0.9278,0.1282,,0.513,0.023,0.225,NOMINAL,NOMINAL,NORMAL,0,
1648584900.0,1787429359.5976975,1,0.8608,0.1237,,0.583,0.0215,0.212,NOMINAL,NOMINAL,NORMAL,0,
1648585800.0,1787429359.7228272,1,0.9346,0.1273,,0.562,0.0216,0.214,NOMINAL,NOMINAL,NORMAL,0,
1648586700.0,1787429359.8478224,1,0.8808,0.1261,,0.587,0.0235,0.223,NOMINAL,NOMINAL,NORMAL,0,
1648587600.0,1787429359.9728708,1,0.8827,0.1273,,0.619,0.0227,0.242,NOMINAL,NOMINAL,NORMAL,0,
1648588500.0,1787429360.0977974,1,0.8641,0.1295,,0.599,0.0219,0.218,NOMINAL,NOMINAL,NORMAL,0,
1648589400.0,1787429360.2227793,1,0.8816,0.1271,,0.572,0.0202,0.235,NOMINAL,NOMINAL,TRIGGERED,1,omni_p6
1648590300.0,1787429360.3480017,1,0.9119,0.1305,,0.667,0.0247,0.24,NOMINAL,NOMINAL,NORMAL,0,
1648591200.0,1787429360.4726524,1,0.8781,0.1262,,0.494,0.0184,0.207,NOMINAL,NOMINAL,NORMAL,0,
1648592100.0,1787429360.5976312,1,0.8365,0.125,,0.555,0.0222,0.211,NOMINAL,NOMINAL,NORMAL,0,
1648593000.0,1787429360.7227623,1,0.9055,0.1226,,0.552,0.0224,0.221,NOMINAL,NOMINAL,NORMAL,0,
1648593900.0,1787429360.847766,1,0.8684,0.1244,,0.571,0.0209,0.217,NOMINAL,NOMINAL,NORMAL,0,
1648594800.0,1787429360.9728303,1,0.8722,0.1258,,0.617,0.023,0.221,NOMINAL,NOMINAL,TRIGGERED,1,omni_p6
1648595700.0,1787429361.0980954,1,0.9551,0.1664,,0.658,0.0254,0.253,NOMINAL,NOMINAL,TRIGGERED,2,omni_p6
1648596600.0,1787429361.2229002,1,0.9555,0.1311,,0.596,0.0238,0.223,NOMINAL,NOMINAL,NORMAL,0,
1648597500.0,1787429361.3479624,1,0.9051,0.1292,,0.659,0.0245,0.241,NOMINAL,NOMINAL,NORMAL,0,
1648598400.0,1787429361.4734154,1,0.9006,0.1246,0.5895,0.537,0.023,0.233,NOMINAL,NOMINAL,NORMAL,0,
1648599300.0,1787429361.5976493,1,0.8381,0.123,,0.577,0.0233,0.22,NOMINAL,NOMINAL,NORMAL,0,
1648600200.0,1787429361.7228224,1,0.9066,0.1244,,0.59,0.0234,0.223,NOMINAL,NOMINAL,NORMAL,0,
1648601100.0,1787429361.8478332,1,0.8703,0.1296,,0.601,0.0261,0.224,NOMINAL,NOMINAL,TRIGGERED,1,omni_p6
1648602000.0,1787429361.9729865,1,0.9247,0.1294,,0.648,0.026,0.234,NOMINAL,NOMINAL,TRIGGERED,2,omni_p6
1648602900.0,1787429362.0978463,1,0.9025,0.1284,,0.579,0.0233,0.23,NOMINAL,NOMINAL,NORMAL,0,
1648603800.0,1787429362.2227974,1,0.9045,0.1223,,0.563,0.0204,0.215,NOMINAL,NOMINAL,NORMAL,0,
1648604700.0,1787429362.3479965,1,0.9291,0.1309,,0.645,0.0239,0.237,NOMINAL,NOMINAL,NORMAL,0,
1648605600.0,1787429362.472843,1,0.9265,0.1294,,0.545,0.0254,0.239,NOMINAL,NOMINAL,NORMAL,0,
1648606500.0,1787429362.5976932,1,0.8931,0.1279,,0.531,0.0181,0.195,NOMINAL,NOMINAL,NORMAL,0,
1648607400.0,1787429362.722792,1,0.9039,0.1301,,0.563,0.0205,0.216,NOMINAL,NOMINAL,TRIGGERED,1,omni_p6
1648608300.0,1787429362.8477013,1,0.8718,0.1274,,0.519,0.0191,0.205,NOMINAL,NOMINAL,NORMAL,0,
1648609200.0,1787429362.9728842,1,0.8603,0.1248,,0.636,0.0222,0.269,NOMINAL,NOMINAL,NORMAL,0,
1648610100.0,1787429363.0988533,1,1.1941,0.147,,0.882,0.0318,0.288,NOMINAL,NOMINAL,NORMAL,0,
1648611000.0,1787429363.2233844,1,1.1244,0.137,,0.704,0.0269,0.253,NOMINAL,NOMINAL,NORMAL,0,
1648611900.0,1787429363.348015,1,0.9775,0.1309,,0.628,0.0254,0.231,NOMINAL,NOMINAL,NORMAL,0,
1648612800.0,1787429363.4729574,1,0.9746,0.1338,,0.604,0.0241,0.237,NOMINAL,NOMINAL,NORMAL,0,
1648613700.0,1787429363.5978534,1,0.9177,0.1272,,0.599,0.0251,0.228,NOMINAL,NOMINAL,TRIGGERED,1,omni_p6
1648614600.0,1787429363.7230036,1,0.9749,0.128,,0.613,0.0246,0.234,NOMINAL,NOMINAL,NORMAL,0,
1648615500.0,1787429363.8476846,1,0.8307,0.1228,,0.585,0.0228,0.218,NOMINAL,NOMINAL,NORMAL,0,
1648616400.0,1787429363.9726028,1,0.7895,0.117,,0.547,0.0233,0.219,NOMINAL,NOMINAL,NORMAL,0,
1648617300.0,1787429364.0986936,1,1.1568,0.146,,0.849,0.03,0.276,NOMINAL,NOMINAL,NORMAL,0,
1648618200.0,1787429364.2231598,1,1.0468,0.1381,,0.654,0.0269,0.259,NOMINAL,NOMINAL,NORMAL,0,
1648619100.0,1787429364.347881,1,0.9379,0.1283,,0.589,0.0378,0.237,NOMINAL,NOMINAL,NORMAL,0,
1648620000.0,1787429364.4729867,1,0.987,0.1346,,0.613,0.0251,0.233,NOMINAL,NOMINAL,NORMAL,0,
1648620900.0,1787429364.5977728,1,0.9234,0.1294,,0.565,0.0233,0.208,NOMINAL,NOMINAL,NORMAL,0,
1648621800.0,1787429364.7226362,1,0.8818,0.1259,,0.531,0.0212,0.206,NOMINAL,NOMINAL,NORMAL,0,
1648622700.0,1787429364.8476605,1,0.8813,0.1245,,0.519,0.0221,0.201,NOMINAL,NOMINAL,NORMAL,0,
1648623600.0,1787429364.972655,1,0.859,0.1269,,0.526,0.0221,0.2,NOMINAL,NOMINAL,NORMAL,0,
1648624500.0,1787429365.0979133,1,0.9238,0.1507,,0.575,0.0234,0.213,NOMINAL,NOMINAL,NORMAL,0,
1648625400.0,1787429365.222702,1,0.8952,0.125,,0.527,0.0219,0.202,NOMINAL,NOMINAL,NORMAL,0,
1648626300.0,1787429365.3476498,1,0.8473,0.1257,,0.521,0.0209,0.199,NOMINAL,NOMINAL,NORMAL,0,
1648627200.0,1787429365.472796,1,0.9239,0.1298,,0.55,0.024,0.218,NOMINAL,NOMINAL,NORMAL,0,
1648628100.0,1787429365.597641,1,0.8854,0.126,,0.53,0.0229,0.201,NOMINAL,NOMINAL,NORMAL,0,
1648629000.0,1787429365.7227523,1,0.9046,0.1269,,0.551,0.0223,0.21,NOMINAL,NOMINAL,TRIGGERED,1,omni_p6
1648629900.0,1787429365.8477323,1,0.8652,0.1269,,0.566,0.0218,0.21,NOMINAL,NOMINAL,TRIGGERED,2,omni_p6
1648630800.0,1787429365.972691,1,0.8382,0.1237,,0.544,0.021,0.237,NOMINAL,NOMINAL,NORMAL,0,
1648631700.0,1787429366.0981045,1,0.9581,0.1562,,0.659,0.0257,0.239,NOMINAL,NOMINAL,NORMAL,0,
1648632600.0,1787429366.2228012,1,0.9177,0.127,,0.57,0.0241,0.224,NOMINAL,NOMINAL,NORMAL,0,
1648633500.0,1787429366.3477035,1,0.8421,0.1269,,0.548,0.0229,0.212,NOMINAL,NOMINAL,NORMAL,0,
1648634400.0,1787429366.4728892,1,0.9383,0.1305,,0.58,0.0244,0.258,NOMINAL,NOMINAL,NORMAL,0,
1648635300.0,1787429366.597757,1,0.909,0.1292,,0.556,0.023,0.211,NOMINAL,NOMINAL,TRIGGERED,1,omni_p6
1648636200.0,1787429366.7228148,1,0.9223,0.1239,,0.567,0.0238,0.214,NOMINAL,NOMINAL,NORMAL,0,
1648637100.0,1787429366.8475728,1,0.7976,0.121,,0.54,0.022,0.204,NOMINAL,NOMINAL,NORMAL,0,
1648638000.0,1787429366.9726882,1,0.8457,0.1222,,0.549,0.0212,0.209,NOMINAL,NOMINAL,NORMAL,0,
1648638900.0,1787429367.0978346,1,0.8864,0.1287,,0.59,0.0217,0.215,NOMINAL,NOMINAL,NORMAL,0,
1648639800.0,1787429367.2226408,1,0.838,0.1207,,0.549,0.0205,0.202,NOMINAL,NOMINAL,NORMAL,0,
1648640700.0,1787429367.347993,1,0.9329,0.1318,,0.642,0.0254,0.224,NOMINAL,NOMINAL,TRIGGERED,1,omni_p6
1648641600.0,1787429367.4727392,1,0.8906,0.1299,,0.535,0.0221,0.229,NOMINAL,NOMINAL,TRIGGERED,2,omni_p6
1648642500.0,1787429367.5979083,1,0.9545,0.157,,0.57,0.0237,0.223,NOMINAL,NOMINAL,NORMAL,0,
1648643400.0,1787429367.7227566,1,0.9154,0.1277,,0.557,0.0217,0.202,NOMINAL,NOMINAL,NORMAL,0,
1648644300.0,1787429367.8478155,1,0.909,0.1276,,0.555,0.0225,0.217,NOMINAL,NOMINAL,NORMAL,0,
1648645200.0,1787429367.9727752,1,0.8815,0.125,,0.535,0.022,0.235,NOMINAL,NOMINAL,NORMAL,0,
1648646100.0,1787429368.098805,1,1.1706,0.1511,,0.855,0.0295,0.269,NOMINAL,NOMINAL,NORMAL,0,
1648647000.0,1787429368.2231498,1,1.0678,0.1417,,0.614,0.028,0.26,NOMINAL,NOMINAL,TRIGGERED,1,omni_p6
1648647900.0,1787429368.3480904,1,0.9899,0.1373,,0.622,0.0251,0.257,NOMINAL,NOMINAL,TRIGGERED,2,omni_p6
1648648800.0,1787429368.4726713,1,0.907,0.1287,,0.5,0.0204,0.211,NOMINAL,NOMINAL,NORMAL,0,
1648649700.0,1787429368.5979645,1,0.9481,0.1757,,0.602,0.025,0.243,NOMINAL,NOMINAL,NORMAL,0,
1648650600.0,1787429368.7228105,1,0.9303,0.1262,,0.561,0.0221,0.21,NOMINAL,NOMINAL,NORMAL,0,
1648651500.0,1787429368.8477504,1,0.8749,0.125,,0.565,0.021,0.231,NOMINAL,NOMINAL,NORMAL,0,
1648652400.0,1787429368.972738,1,0.8754,0.1245,,0.551,0.0193,0.207,NOMINAL,NOMINAL,NORMAL,0,
1648653300.0,1787429369.0986402,1,1.1354,0.1475,,0.82,0.0309,0.278,NOMINAL,NOMINAL,TRIGGERED,1,omni_p6
1648654200.0,1787429369.2231646,1,1.0567,0.1365,,0.668,0.0269,0.248,NOMINAL,NOMINAL,TRIGGERED,2,omni_p6
1648655100.0,1787429369.3479648,1,0.9549,0.1314,,0.614,0.0253,0.226,NOMINAL,NOMINAL,NORMAL,0,
1648656000.0,1787429369.472651,1,0.8847,0.1251,,0.525,0.0223,0.208,NOMINAL,NOMINAL,NORMAL,0,
1648656900.0,1787429369.5979238,1,0.9405,0.1311,,0.638,0.0248,0.234,NOMINAL,NOMINAL,NORMAL,0,
1648657800.0,1787429369.7228029,1,0.916,0.1266,,0.564,0.0233,0.223,NOMINAL,NOMINAL,NORMAL,0,
1648658700.0,1787429369.847769,1,0.8805,0.1266,,0.575,0.0244,0.217,NOMINAL,NOMINAL,NORMAL,0,
1648659600.0,1787429369.9727497,1,0.8649,0.1259,,0.562,0.0219,0.219,NOMINAL,NOMINAL,NORMAL,0,
1648660500.0,1787429370.0978987,1,0.8955,0.1265,,0.632,0.0246,0.227,NOMINAL,NOMINAL,NORMAL,0,
1648661400.0,1787429370.22281,1,0.904,0.123,,0.587,0.0231,0.218,NOMINAL,NOMINAL,NORMAL,0,
1648662300.0,1787429370.3476639,1,0.8337,0.1228,,0.558,0.0217,0.207,NOMINAL,NOMINAL,NORMAL,0,
1648663200.0,1787429370.4726338,1,0.8378,0.1256,,0.525,0.0219,0.213,NOMINAL,NOMINAL,NORMAL,0,
1648664100.0,1787429370.5978286,1,0.897,0.1297,,0.612,0.0233,0.215,NOMINAL,NOMINAL,NORMAL,0,
1648665000.0,1787429370.7227118,1,0.8927,0.1216,,0.546,0.0221,0.203,NOMINAL,NOMINAL,NORMAL,0,
1648665900.0,1787429370.8477094,1,0.8545,0.123,,0.537,0.0213,0.21,NOMINAL,NOMINAL,NORMAL,0,
1648666800.0,1787429370.972662,1,0.8367,0.1219,,0.531,0.0203,0.198,NOMINAL,NOMINAL,NORMAL,0,
1648667700.0,1787429371.0980442,1,0.924,0.1621,,0.651,0.0268,0.236,NOMINAL,NOMINAL,NORMAL,0,
1648668600.0,1787429371.2227159,1,0.9183,0.1222,,0.554,0.0191,0.185,NOMINAL,NOMINAL,NORMAL,0,
1648669500.0,1787429371.347562,1,0.8332,0.1193,,0.51,0.0164,0.177,NOMINAL,NOMINAL,NORMAL,0,
1648670400.0,1787429371.4725742,1,0.8565,0.1234,,0.499,0.0169,0.177,NOMINAL,NOMINAL,NORMAL,0,
1648671300.0,1787429371.5979125,1,0.9404,0.1305,,0.634,0.0252,0.224,NOMINAL,NOMINAL,NORMAL,0,
1648672200.0,1787429371.7228007,1,0.9236,0.1276,,0.565,0.0225,0.214,NOMINAL,NOMINAL,NORMAL,0,
1648673100.0,1787429371.8477318,1,0.8709,0.1256,,0.564,0.0228,0.209,NOMINAL,NOMINAL,NORMAL,0,
1648674000.0,1787429371.972582,1,0.8336,0.1248,,0.509,0.019,0.186,NOMINAL,NOMINAL,TRIGGERED,1,omni_p6
1648674900.0,1787429372.0977385,1,0.8534,0.1255,,0.592,0.0219,0.222,NOMINAL,NOMINAL,NORMAL,0,
1648675800.0,1787429372.2226772,1,0.8772,0.1241,,0.526,0.0201,0.203,NOMINAL,NOMINAL,NORMAL,0,
1648676700.0,1787429372.3476758,1,0.8204,0.1218,,0.566,0.0219,0.207,NOMINAL,NOMINAL,NORMAL,0,
1648677600.0,1787429372.4728117,1,0.9214,0.1343,,0.563,0.0234,0.221,NOMINAL,NOMINAL,NORMAL,0,
1648678500.0,1787429372.597976,1,0.9328,0.1312,,0.667,0.0275,0.258,NOMINAL,NOMINAL,NORMAL,0,
1648679400.0,1787429372.7228487,1,0.9475,0.1254,,0.578,0.0233,0.222,NOMINAL,NOMINAL,NORMAL,0,
1648680300.0,1787429372.847702,1,0.8564,0.1294,,0.571,0.0223,0.213,NOMINAL,NOMINAL,TRIGGERED,1,omni_p6
1648681200.0,1787429372.9727213,1,0.859,0.1217,,0.565,0.022,0.209,NOMINAL,NOMINAL,NORMAL,0,
1648682100.0,1787429373.0988343,1,1.185,0.1486,,0.872,0.0303,0.277,NOMINAL,NOMINAL,NORMAL,0,
1648683000.0,1787429373.2228675,1,0.9565,0.1313,,0.586,0.0222,0.213,NOMINAL,NOMINAL,NORMAL,0,
1648683900.0,1787429373.3478,1,0.9156,0.1311,,0.574,0.025,0.227,NOMINAL,NOMINAL,NORMAL,0,
1648684800.0,1787429373.4734693,1,0.8932,0.1269,0.5886,0.606,0.0253,0.242,NOMINAL,NOMINAL,NORMAL,0,
1648685700.0,1787429373.5976439,1,0.8562,0.1269,,0.558,0.0239,0.21,NOMINAL,NOMINAL,TRIGGERED,1,omni_p6
1648686600.0,1787429373.7230134,1,0.9864,0.1342,,0.625,0.0243,0.232,NOMINAL,NOMINAL,TRIGGERED,2,omni_p6
1648687500.0,1787429373.8477945,1,0.9146,0.1318,,0.553,0.0228,0.212,NOMINAL,NOMINAL,NORMAL,0,
1648688400.0,1787429373.9727135,1,0.876,0.1257,,0.539,0.0207,0.207,NOMINAL,NOMINAL,NORMAL,0,
1648689300.0,1787429374.0986865,1,1.1358,0.146,,0.828,0.0284,0.272,NOMINAL,NOMINAL,NORMAL,0,
1648690200.0,1787429374.2231016,1,1.0496,0.136,,0.622,0.0346,0.246,NOMINAL,NOMINAL,NORMAL,0,
1648691100.0,1787429374.3478796,1,0.9293,0.1289,,0.576,0.0347,0.231,NOMINAL,NOMINAL,NORMAL,0,
1648692000.0,1787429374.4726522,1,0.8873,0.1317,,0.496,0.0197,0.195,NOMINAL,NOMINAL,TRIGGERED,1,omni_p6
1648692900.0,1787429374.5978785,1,0.9191,0.1285,,0.612,0.0219,0.211,NOMINAL,NOMINAL,TRIGGERED,2,omni_p6
1648693800.0,1787429374.7234325,1,1.0854,0.142,,0.723,0.0268,0.249,NOMINAL,NOMINAL,NORMAL,0,
1648694700.0,1787429374.8480914,1,0.9915,0.1362,,0.626,0.0247,0.254,NOMINAL,NOMINAL,NORMAL,0,
1648695600.0,1787429374.9728057,1,0.903,0.1318,,0.56,0.0222,0.213,NOMINAL,NOMINAL,NORMAL,0,
1648696500.0,1787429375.0978892,1,0.8915,0.1288,,0.623,0.0238,0.222,NOMINAL,NOMINAL,NORMAL,0,
1648697400.0,1787429375.2227852,1,0.8964,0.1258,,0.578,0.0221,0.216,NOMINAL,NOMINAL,NORMAL,0,
1648698300.0,1787429375.347764,1,0.8454,0.1249,,0.583,0.0217,0.206,NOMINAL,NOMINAL,TRIGGERED,1,omni_p6
1648699200.0,1787429375.472634,1,0.8303,0.125,,0.546,0.0216,0.214,NOMINAL,NOMINAL,TRIGGERED,2,omni_p6
1648700100.0,1787429375.5978518,1,0.8815,0.1253,,0.614,0.0234,0.268,NOMINAL,NOMINAL,NORMAL,0,
1648701000.0,1787429375.722995,1,0.9592,0.1301,,0.623,0.0254,0.238,NOMINAL,NOMINAL,NORMAL,0,
1648701900.0,1787429375.847952,1,0.9439,0.1315,,0.604,0.0249,0.223,NOMINAL,NOMINAL,NORMAL,0,
1648702800.0,1787429375.972727,1,0.8567,0.1245,,0.562,0.0209,0.212,NOMINAL,NOMINAL,NORMAL,0,
1648703700.0,1787429376.0983033,1,0.9988,0.1351,,0.723,0.0288,0.275,NOMINAL,NOMINAL,NORMAL,0,
1648704600.0,1787429376.2228901,1,0.9446,0.1307,,0.589,0.0238,0.221,NOMINAL,NOMINAL,NORMAL,0,
1648705500.0,1787429376.3477795,1,0.8691,0.1238,,0.574,0.0228,0.219,NOMINAL,NOMINAL,NORMAL,0,
1648706400.0,1787429376.4726849,1,0.8534,0.1272,,0.542,0.0215,0.219,NOMINAL,NOMINAL,NORMAL,0,
1648707300.0,1787429376.5976808,1,0.8404,0.1237,,0.572,0.0216,0.206,NOMINAL,NOMINAL,NORMAL,0,
1648708200.0,1787429376.722903,1,0.9231,0.1277,,0.598,0.0231,0.226,NOMINAL,NOMINAL,NORMAL,0,
1648709100.0,1787429376.847806,1,0.8795,0.1261,,0.56,0.0228,0.216,NOMINAL,NOMINAL,NORMAL,0,
1648710000.0,1787429376.9728231,1,0.8885,0.1294,,0.569,0.0229,0.214,NOMINAL,NOMINAL,NORMAL,0,
1648710900.0,1787429377.097881,1,0.87,0.125,,0.634,0.023,0.228,NOMINAL,NOMINAL,NORMAL,0,
1648711800.0,1787429377.2229152,1,0.9162,0.126,,0.634,0.0228,0.245,NOMINAL,NOMINAL,NORMAL,0,
1648712700.0,1787429377.3477345,1,0.8547,0.1212,,0.574,0.0218,0.214,NOMINAL,NOMINAL,NORMAL,0,
1648713600.0,1787429377.4728599,1,0.9364,0.1288,,0.575,0.0262,0.231,NOMINAL,NOMINAL,NORMAL,0,
1648714500.0,1787429377.5977285,1,0.8676,0.1231,,0.587,0.0234,0.215,NOMINAL,NOMINAL,TRIGGERED,1,omni_p6
1648715400.0,1787429377.723017,1,0.9536,0.1289,,0.618,0.0254,0.261,NOMINAL,NOMINAL,NORMAL,0,
1648716300.0,1787429377.847859,1,0.9022,0.1277,,0.596,0.0246,0.226,NOMINAL,NOMINAL,NORMAL,0,
1648717200.0,1787429377.9728003,1,0.8753,0.1253,,0.577,0.0216,0.224,NOMINAL,NOMINAL,NORMAL,0,
1648718100.0,1787429378.098833,1,1.1693,0.1501,,0.865,0.0293,0.295,NOMINAL,NOMINAL,NORMAL,0,
1648719000.0,1787429378.2229466,1,0.951,0.1328,,0.631,0.0281,0.254,NOMINAL,NOMINAL,NORMAL,0,
1648719900.0,1787429378.347931,1,0.9547,0.1319,,0.607,0.0239,0.231,NOMINAL,NOMINAL,NORMAL,0,
1648720800.0,1787429378.4726465,1,0.8924,0.1293,,0.527,0.0222,0.214,NOMINAL,NOMINAL,TRIGGERED,1,omni_p6
1648721700.0,1787429378.5975125,1,0.7897,0.123,,0.535,0.0233,0.213,NOMINAL,NOMINAL,NORMAL,0,
1648722600.0,1787429378.7226574,1,0.8633,0.1306,,0.541,0.0214,0.218,NOMINAL,NOMINAL,NORMAL,0,
1648723500.0,1787429378.8477566,1,0.8586,0.1242,,0.6,0.0246,0.225,NOMINAL,NOMINAL,NORMAL,0,
1648724400.0,1787429378.9725502,1,0.7858,0.1193,,0.53,0.0229,0.209,NOMINAL,NOMINAL,NORMAL,0,
1648725300.0,1787429379.098725,1,1.1542,0.1401,,0.838,0.0322,0.294,NOMINAL,NOMINAL,NORMAL,0,
1648726200.0,1787429379.2228332,1,0.9416,0.1273,,0.591,0.0259,0.229,NOMINAL,NOMINAL,TRIGGERED,1,omni_p6
1648727100.0,1787429379.347733,1,0.9001,0.1258,,0.564,0.0236,0.213,NOMINAL,NOMINAL,TRIGGERED,2,omni_p6
1648728000.0,1787429379.4727848,1,0.9173,0.1283,,0.549,0.0245,0.22,NOMINAL,NOMINAL,NORMAL,0,
1648728900.0,1787429379.597508,1,0.7936,0.1185,,0.527,0.0227,0.21,NOMINAL,NOMINAL,NORMAL,0,
1648729800.0,1787429379.7226412,1,0.8924,0.1198,,0.531,0.0204,0.206,NOMINAL,NOMINAL,NORMAL,0,
1648730700.0,1787429379.8479075,1,0.9483,0.1275,,0.596,0.0258,0.223,NOMINAL,NOMINAL,NORMAL,0,
1648731600.0,1787429379.9727156,1,0.8937,0.1245,,0.527,0.0235,0.24,NOMINAL,NOMINAL,NORMAL,0,
1648732500.0,1787429380.0976725,1,0.8658,0.1257,,0.549,0.022,0.209,NOMINAL,NOMINAL,TRIGGERED,1,omni_p6
1648733400.0,1787429380.2224987,1,0.8053,0.1184,,0.512,0.0221,0.203,NOMINAL,NOMINAL,TRIGGERED,2,omni_p6
1648734300.0,1787429380.3474715,1,0.8084,0.1154,,0.493,0.0216,0.194,NOMINAL,NOMINAL,NORMAL,0,
1648735200.0,1787429380.4724407,1,0.8058,0.1199,,0.474,0.0211,0.191,NOMINAL,NOMINAL,NORMAL,0,
1648736100.0,1787429380.5973647,1,0.7522,0.1144,,0.484,0.0201,0.195,NOMINAL,NOMINAL,NORMAL,0,
1648737000.0,1787429380.722567,1,0.8448,0.1168,,0.52,0.0197,0.2,NOMINAL,NOMINAL,NORMAL,0,
1648737900.0,1787429380.8475955,1,0.834,0.1189,,0.54,0.0223,0.212,NOMINAL,NOMINAL,NORMAL,0,
1648738800.0,1787429380.9726887,1,0.8758,0.1219,,0.546,0.0203,0.205,NOMINAL,NOMINAL,TRIGGERED,1,omni_p6
1648739700.0,1787429381.0979555,1,0.9285,0.1596,,0.586,0.0238,0.22,NOMINAL,NOMINAL,NORMAL,0,
1648740600.0,1787429381.2226007,1,0.8348,0.1201,,0.561,0.0217,0.207,NOMINAL,NOMINAL,NORMAL,0,
1648741500.0,1787429381.3475308,1,0.8202,0.1221,,0.506,0.0193,0.186,NOMINAL,NOMINAL,NORMAL,0,
1648742400.0,1787429381.4724238,1,0.7943,0.1161,,0.468,0.0191,0.186,NOMINAL,NOMINAL,NORMAL,0,
1648743300.0,1787429381.5973504,1,0.7637,0.1154,,0.451,0.016,0.176,NOMINAL,NOMINAL,NORMAL,0,
1648744200.0,1787429381.7225072,1,0.8195,0.1198,,0.497,0.0182,0.187,NOMINAL,NOMINAL,NORMAL,0,
1648745100.0,1787429381.8478165,1,0.9276,0.1248,,0.582,0.0236,0.211,NOMINAL,NOMINAL,NORMAL,0,
1648746000.0,1787429381.9727242,1,0.8923,0.1239,,0.536,0.0216,0.207,NOMINAL,NOMINAL,NORMAL,0,
1648746900.0,1787429382.097822,1,0.9029,0.1245,,0.582,0.0219,0.213,NOMINAL,NOMINAL,NORMAL,0,
1648747800.0,1787429382.2224863,1,0.8167,0.115,,0.501,0.0199,0.194,NOMINAL,NOMINAL,NORMAL,0,
1648748700.0,1787429382.3474674,1,0.8076,0.1171,,0.49,0.0195,0.189,NOMINAL,NOMINAL,NORMAL,0,
1648749600.0,1787429382.4728115,1,0.9312,0.1271,,0.537,0.0228,0.22,NOMINAL,NOMINAL,NORMAL,0,
1648750500.0,1787429382.597698,1,0.8694,0.1211,,0.567,0.0218,0.198,NOMINAL,NOMINAL,NORMAL,0,
1648751400.0,1787429382.7227142,1,0.8781,0.1189,,0.551,0.0212,0.203,NOMINAL,NOMINAL,NORMAL,0,
1648752300.0,1787429382.8479297,1,0.915,0.1237,,0.605,0.026,0.231,NOMINAL,NOMINAL,NORMAL,0,
1648753200.0,1787429382.9728656,1,0.9277,0.1254,,0.562,0.025,0.21,NOMINAL,NOMINAL,NORMAL,0,
1648754100.0,1787429383.0987659,1,1.1542,0.1444,,0.852,0.0298,0.272,NOMINAL,NOMINAL,NORMAL,0,
1648755000.0,1787429383.2231703,1,1.0681,0.1363,,0.638,0.0268,0.242,NOMINAL,NOMINAL,NORMAL,0,
1648755900.0,1787429383.3479278,1,0.9584,0.1319,,0.596,0.0248,0.224,NOMINAL,NOMINAL,NORMAL,0,
1648756800.0,1787429383.4727275,1,0.8971,0.1264,,0.532,0.0229,0.21,NOMINAL,NOMINAL,NORMAL,0,
1648757700.0,1787429383.5977252,1,0.8816,0.1231,,0.567,0.0213,0.201,NOMINAL,NOMINAL,NORMAL,0,
1648758600.0,1787429383.722775,1,0.8944,0.1221,,0.553,0.0219,0.207,NOMINAL,NOMINAL,NORMAL,0,
1648759500.0,1787429383.8477638,1,0.873,0.1283,,0.567,0.0218,0.205,NOMINAL,NOMINAL,TRIGGERED,1,omni_p6
1648760400.0,1787429383.9728885,1,0.9077,0.125,,0.588,0.0235,0.223,NOMINAL,NOMINAL,NORMAL,0,
1648761300.0,1787429384.0987177,1,1.1613,0.1401,,0.84,0.0294,0.271,NOMINAL,NOMINAL,NORMAL,0,
1648762200.0,1787429384.2231526,1,1.0365,0.133,,0.644,0.036,0.251,NOMINAL,NOMINAL,NORMAL,0,
1648763100.0,1787429384.3478792,1,0.9156,0.1278,,0.584,0.0233,0.221,NOMINAL,NOMINAL,NORMAL,0,
1648764000.0,1787429384.4730315,1,0.9921,0.1343,,0.613,0.0257,0.235,NOMINAL,NOMINAL,NORMAL,0,
1648764900.0,1787429384.597895,1,0.9259,0.1324,,0.573,0.0239,0.218,NOMINAL,NOMINAL,TRIGGERED,1,omni_p6
1648765800.0,1787429384.7231495,1,1.0087,0.1349,,0.63,0.0259,0.259,NOMINAL,NOMINAL,TRIGGERED,2,omni_p6
1648766700.0,1787429384.8481338,1,1.0024,0.133,,0.651,0.0274,0.261,NOMINAL,NOMINAL,NORMAL,0,
1648767600.0,1787429384.97372,1,1.1773,0.1473,,0.844,0.0299,0.276,NOMINAL,NOMINAL,NORMAL,0,
1648768500.0,1787429385.0983238,1,1.0957,0.137,,0.705,0.0267,0.247,NOMINAL,NOMINAL,NORMAL,0,
1648769400.0,1787429385.2231188,1,1.0343,0.1317,,0.629,0.0258,0.237,NOMINAL,NOMINAL,NORMAL,0,
1648770300.0,1787429385.3480637,1,1.0016,0.1294,,0.619,0.0241,0.226,NOMINAL,NOMINAL,NORMAL,0,
1648771200.0,1787429385.4736373,1,0.9813,0.1293,0.6208,0.592,0.0277,0.238,NOMINAL,NOMINAL,TRIGGERED,1,omni_p6
1648772100.0,1787429385.5980427,1,0.9994,0.1591,,0.592,0.0267,0.237,NOMINAL,NOMINAL,TRIGGERED,2,omni_p6
1648773000.0,1787429385.7229664,1,1.0005,0.1285,,0.584,0.0255,0.221,NOMINAL,NOMINAL,NORMAL,0,
1648773900.0,1787429385.84807,1,0.9936,0.1297,,0.641,0.0264,0.232,NOMINAL,NOMINAL,NORMAL,0,
1648774800.0,1787429385.9734058,1,1.0757,0.1387,,0.748,0.0299,0.258,NOMINAL,NOMINAL,NORMAL,0,
1648775700.0,1787429386.09838,1,1.1096,0.1398,,0.722,0.0285,0.245,NOMINAL,NOMINAL,NORMAL,0,
1648776600.0,1787429386.2232285,1,1.0837,0.1345,,0.655,0.0274,0.239,NOMINAL,NOMINAL,NORMAL,0,
1648777500.0,1787429386.348266,1,1.0871,0.1472,,0.664,0.0299,0.248,NOMINAL,NOMINAL,TRIGGERED,1,omni_p6
1648778400.0,1787429386.472877,1,0.9533,0.1357,,0.565,0.0254,0.233,NOMINAL,NOMINAL,TRIGGERED,2,omni_p6
1648779300.0,1787429386.5978951,1,0.9424,0.1288,,0.586,0.0247,0.226,NOMINAL,NOMINAL,NORMAL,0,
1648780200.0,1787429386.7234888,1,1.12,0.1424,,0.777,0.0285,0.254,NOMINAL,NOMINAL,NORMAL,0,
1648781100.0,1787429386.8484695,1,1.1149,0.1435,,0.767,0.0285,0.258,NOMINAL,NOMINAL,NORMAL,0,
1648782000.0,1787429386.97335,1,1.0681,0.14,,0.699,0.0268,0.303,NOMINAL,NOMINAL,NORMAL,0,
1648782900.0,1787429387.0981178,1,1.0176,0.1706,,0.638,0.0281,0.245,NOMINAL,NOMINAL,NORMAL,0,
1648783800.0,1787429387.223147,1,1.0358,0.1366,,0.649,0.0266,0.246,NOMINAL,NOMINAL,TRIGGERED,1,omni_p6
1648784700.0,1787429387.3481069,1,0.9999,0.1389,,0.659,0.028,0.246,NOMINAL,NOMINAL,NORMAL,0,
1648785600.0,1787429387.4733148,1,1.0886,0.1413,,0.658,0.0269,0.285,NOMINAL,NOMINAL,NORMAL,0,
1648786500.0,1787429387.5981445,1,1.0144,0.1644,,0.665,0.026,0.245,NOMINAL,NOMINAL,NORMAL,0,
1648787400.0,1787429387.7229667,1,0.9923,0.1262,,0.597,0.0244,0.247,NOMINAL,NOMINAL,NORMAL,0,
1648788300.0,1787429387.8478634,1,0.9334,0.1282,,0.579,0.0223,0.221,NOMINAL,NOMINAL,NORMAL,0,
1648789200.0,1787429387.9729433,1,0.9417,0.1234,,0.609,0.0245,0.226,NOMINAL,NOMINAL,NORMAL,0,
1648790100.0,1787429388.0988078,1,1.2084,0.1486,,0.85,0.0318,0.275,NOMINAL,NOMINAL,NORMAL,0,
1648791000.0,1787429388.2233763,1,1.1124,0.1397,,0.73,0.028,0.25,NOMINAL,NOMINAL,NORMAL,0,
1648791900.0,1787429388.347995,1,0.9692,0.1344,,0.618,0.0245,0.235,NOMINAL,NOMINAL,NORMAL,0,
1648792800.0,1787429388.4727762,1,0.9389,0.1319,,0.524,0.0226,0.222,NOMINAL,NOMINAL,NORMAL,0,
1648793700.0,1787429388.597751,1,0.8919,0.1256,,0.563,0.0226,0.212,NOMINAL,NOMINAL,NORMAL,0,
1648794600.0,1787429388.7227588,1,0.9075,0.1247,,0.546,0.0218,0.208,NOMINAL,NOMINAL,NORMAL,0,
1648795500.0,1787429388.8477676,1,0.8818,0.1272,,0.538,0.0223,0.214,NOMINAL,NOMINAL,NORMAL,0,
1648796400.0,1787429388.9727116,1,0.8727,0.1246,,0.535,0.0218,0.198,NOMINAL,NOMINAL,NORMAL,0,
1648797300.0,1787429389.0988011,1,1.1447,0.1426,,0.855,0.0311,0.335,NOMINAL,NOMINAL,NORMAL,0,
1648798200.0,1787429389.2233129,1,1.0984,0.1351,,0.685,0.0271,0.261,NOMINAL,NOMINAL,NORMAL,0,
1648799100.0,1787429389.348368,1,1.0865,0.1365,,0.712,0.0275,0.255,NOMINAL,NOMINAL,NORMAL,0,
1648800000.0,1787429389.472846,1,0.9743,0.1331,,0.519,0.0236,0.225,NOMINAL,NOMINAL,TRIGGERED,1,omni_p6
1648800900.0,1787429389.597795,1,0.8988,0.1246,,0.563,0.0232,0.232,NOMINAL,NOMINAL,NORMAL,0,
1648801800.0,1787429389.7227907,1,0.9301,0.1235,,0.543,0.0225,0.211,NOMINAL,NOMINAL,NORMAL,0,
1648802700.0,1787429389.8477964,1,0.8977,0.1261,,0.559,0.0232,0.212,NOMINAL,NOMINAL,NORMAL,0,
1648803600.0,1787429389.9727476,1,0.8728,0.1219,,0.543,0.0219,0.227,NOMINAL,NOMINAL,NORMAL,0,
1648804500.0,1787429390.098026,1,0.9323,0.1592,,0.623,0.0256,0.247,NOMINAL,NOMINAL,NORMAL,0,
1648805400.0,1787429390.2228715,1,0.9286,0.1259,,0.603,0.0242,0.212,NOMINAL,NOMINAL,TRIGGERED,1,omni_p6
1648806300.0,1787429390.347788,1,0.9017,0.1249,,0.556,0.0245,0.208,NOMINAL,NOMINAL,TRIGGERED,2,omni_p6
1648807200.0,1787429390.4726524,1,0.8901,0.1246,,0.482,0.0243,0.214,NOMINAL,NOMINAL,NORMAL,0,
1648808100.0,1787429390.5977066,1,0.8687,0.1226,,0.564,0.0227,0.201,NOMINAL,NOMINAL,NORMAL,0,
1648809000.0,1787429390.7227418,1,0.8925,0.1236,,0.533,0.0218,0.214,NOMINAL,NOMINAL,NORMAL,0,
1648809900.0,1787429390.8477015,1,0.8743,0.1205,,0.535,0.0242,0.204,NOMINAL,NOMINAL,NORMAL,0,
1648810800.0,1787429390.9726572,1,0.8483,0.1196,,0.523,0.023,0.204,NOMINAL,NOMINAL,NORMAL,0,
1648811700.0,1787429391.098451,1,1.0621,0.1374,,0.746,0.0287,0.3,NOMINAL,NOMINAL,TRIGGERED,1,omni_p6
1648812600.0,1787429391.2230213,1,0.9968,0.1313,,0.61,0.0244,0.23,NOMINAL,NOMINAL,NORMAL,0,
1648813500.0,1787429391.3477957,1,0.9146,0.1241,,0.566,0.0214,0.209,NOMINAL,NOMINAL,NORMAL,0,
1648814400.0,1787429391.472798,1,0.9113,0.1282,,0.568,0.0223,0.207,NOMINAL,NOMINAL,NORMAL,0,
1648815300.0,1787429391.5978355,1,0.9138,0.1259,,0.588,0.0228,0.211,NOMINAL,NOMINAL,NORMAL,0,
1648816200.0,1787429391.7227798,1,0.9261,0.1244,,0.538,0.0215,0.204,NOMINAL,NOMINAL,NORMAL,0,
1648817100.0,1787429391.8477676,1,0.8919,0.125,,0.547,0.0233,0.208,NOMINAL,NOMINAL,TRIGGERED,1,omni_p6
1648818000.0,1787429391.9727356,1,0.8847,0.1227,,0.545,0.0243,0.21,NOMINAL,NOMINAL,TRIGGERED,2,omni_p6
1648818900.0,1787429392.0979612,1,0.9174,0.1516,,0.6,0.0253,0.23,NOMINAL,NOMINAL,NORMAL,0,
1648819800.0,1787429392.222933,1,0.9607,0.1263,,0.582,0.0238,0.236,NOMINAL,NOMINAL,NORMAL,0,
1648820700.0,1787429392.3477697,1,0.8973,0.1247,,0.547,0.0231,0.206,NOMINAL,NOMINAL,NORMAL,0,
1648821600.0,1787429392.4729142,1,0.9381,0.1299,,0.58,0.0264,0.233,NOMINAL,NOMINAL,NORMAL,0,
1648822500.0,1787429392.597774,1,0.8946,0.1264,,0.566,0.0236,0.211,NOMINAL,NOMINAL,NORMAL,0,
1648823400.0,1787429392.72284,1,0.9427,0.1273,,0.561,0.0222,0.21,NOMINAL,NOMINAL,TRIGGERED,1,omni_p6
1648824300.0,1787429392.8477383,1,0.871,0.1245,,0.57,0.0219,0.2,NOMINAL,NOMINAL,TRIGGERED,2,omni_p6
1648825200.0,1787429392.972692,1,0.8674,0.1208,,0.538,0.022,0.205,NOMINAL,NOMINAL,NORMAL,0,
1648826100.0,1787429393.0988925,1,1.1946,0.1472,,0.88,0.0321,0.289,NOMINAL,NOMINAL,NORMAL,0,
1648827000.0,1787429393.2233498,1,1.1077,0.1402,,0.706,0.0294,0.253,NOMINAL,NOMINAL,NORMAL,0,
1648827900.0,1787429393.348,1,0.9883,0.1305,,0.609,0.0255,0.223,NOMINAL,NOMINAL,NORMAL,0,
1648828800.0,1787429393.4728456,1,0.948,0.1304,,0.562,0.0253,0.223,NOMINAL,NOMINAL,NORMAL,0,
1648829700.0,1787429393.5978506,1,0.925,0.1253,,0.587,0.0236,0.215,NOMINAL,NOMINAL,NORMAL,0,
1648830600.0,1787429393.7228348,1,0.9308,0.1239,,0.556,0.0225,0.218,NOMINAL,NOMINAL,NORMAL,0,
1648831500.0,1787429393.847851,1,0.9148,0.1245,,0.573,0.0231,0.215,NOMINAL,NOMINAL,NORMAL,0,
1648832400.0,1787429393.9727137,1,0.8653,0.1224,,0.533,0.021,0.208,NOMINAL,NOMINAL,NORMAL,0,
1648833300.0,1787429394.098705,1,1.1629,0.1435,,0.842,0.0301,0.27,NOMINAL,NOMINAL,NORMAL,0,
1648834200.0,1787429394.2233546,1,1.1085,0.1347,,0.705,0.0272,0.254,NOMINAL,NOMINAL,NORMAL,0,
1648835100.0,1787429394.348042,1,1.0023,0.132,,0.589,0.0257,0.239,NOMINAL,NOMINAL,NORMAL,0,
1648836000.0,1787429394.4729116,1,0.9689,0.1305,,0.559,0.0261,0.228,NOMINAL,NOMINAL,NORMAL,0,
1648836900.0,1787429394.597827,1,0.9153,0.1212,,0.602,0.022,0.205,NOMINAL,NOMINAL,NORMAL,0,
1648837800.0,1787429394.7228472,1,0.9327,0.1242,,0.547,0.0219,0.219,NOMINAL,NOMINAL,NORMAL,0,
1648838700.0,1787429394.8478367,1,0.9029,0.1266,,0.571,0.0228,0.212,NOMINAL,NOMINAL,NORMAL,0,
1648839600.0,1787429394.9727945,1,0.8945,0.1242,,0.529,0.0225,0.226,NOMINAL,NOMINAL,NORMAL,0,
1648840500.0,1787429395.097776,1,0.8792,0.1226,,0.55,0.0225,0.224,NOMINAL,NOMINAL,NORMAL,0,
1648841400.0,1787429395.223046,1,0.9648,0.131,,0.618,0.0252,0.247,NOMINAL,NOMINAL,NORMAL,0,
1648842300.0,1787429395.3477864,1,0.8862,0.1248,,0.576,0.022,0.21,NOMINAL,NOMINAL,NORMAL,0,
1648843200.0,1787429395.4726534,1,0.8516,0.1238,,0.541,0.0211,0.214,NOMINAL,NOMINAL,NORMAL,0,
1648844100.0,1787429395.5976534,1,0.8381,0.1229,,0.56,0.0207,0.198,NOMINAL,NOMINAL,NORMAL,0,
1648845000.0,1787429395.7227678,1,0.8848,0.1231,,0.546,0.0211,0.221,NOMINAL,NOMINAL,NORMAL,0,
1648845900.0,1787429395.8477547,1,0.8653,0.1241,,0.557,0.0217,0.2,NOMINAL,NOMINAL,NORMAL,0,
1648846800.0,1787429395.9726858,1,0.8409,0.1206,,0.539,0.021,0.199,NOMINAL,NOMINAL,NORMAL,0,
1648847700.0,1787429396.0978951,1,0.8925,0.1283,,0.592,0.0217,0.208,NOMINAL,NOMINAL,NORMAL,0,
1648848600.0,1787429396.2230992,1,0.9743,0.1308,,0.666,0.0278,0.24,NOMINAL,NOMINAL,NORMAL,0,
1648849500.0,1787429396.3478186,1,0.8905,0.124,,0.566,0.024,0.22,NOMINAL,NOMINAL,NORMAL,0,
1648850400.0,1787429396.4727788,1,0.9064,0.128,,0.546,0.0236,0.231,NOMINAL,NOMINAL,TRIGGERED,1,omni_p6
1648851300.0,1787429396.597697,1,0.8598,0.1209,,0.557,0.0206,0.204,NOMINAL,NOMINAL,NORMAL,0,
1648852200.0,1787429396.7228146,1,0.8964,0.1237,,0.563,0.0224,0.215,NOMINAL,NOMINAL,NORMAL,0,
1648853100.0,1787429396.8477345,1,0.8653,0.1211,,0.547,0.0226,0.208,NOMINAL,NOMINAL,NORMAL,0,
1648854000.0,1787429396.9727554,1,0.8686,0.1246,,0.565,0.0208,0.205,NOMINAL,NOMINAL,NORMAL,0,
1648854900.0,1787429397.0977736,1,0.8528,0.1218,,0.574,0.023,0.22,NOMINAL,NOMINAL,NORMAL,0,
1648855800.0,1787429397.2230093,1,0.9577,0.1274,,0.623,0.0252,0.23,NOMINAL,NOMINAL,NORMAL,0,
1648856700.0,1787429397.3479145,1,0.9047,0.1288,,0.614,0.023,0.216,NOMINAL,NOMINAL,TRIGGERED,1,omni_p6
1648857600.0,1787429397.473703,1,0.9529,0.1254,0.6042,0.638,0.0269,0.257,NOMINAL,NOMINAL,NORMAL,0,
1648858500.0,1787429397.5981822,1,1.2509,0.129,,0.582,0.0244,0.219,NOMINAL,NOMINAL,NORMAL,0,
1648859400.0,1787429397.7228818,1,0.9456,0.1255,,0.585,0.024,0.21,NOMINAL,NOMINAL,NORMAL,0,
1648860300.0,1787429397.8478024,1,0.9104,0.126,,0.549,0.0225,0.207,NOMINAL,NOMINAL,NORMAL,0,
1648861200.0,1787429397.9727626,1,0.8795,0.124,,0.547,0.0207,0.206,NOMINAL,NOMINAL,NORMAL,0,
1648862100.0,1787429398.0987895,1,1.1724,0.1464,,0.843,0.03,0.278,NOMINAL,NOMINAL,TRIGGERED,1,omni_p6
1648863000.0,1787429398.2234428,1,1.0975,0.14,,0.734,0.0278,0.252,NOMINAL,NOMINAL,TRIGGERED,2,omni_p6
1648863900.0,1787429398.348037,1,1.0158,0.133,,0.61,0.0257,0.225,NOMINAL,NOMINAL,NORMAL,0,
1648864800.0,1787429398.4728537,1,0.9648,0.1301,,0.549,0.0251,0.219,NOMINAL,NOMINAL,NORMAL,0,
1648865700.0,1787429398.5978487,1,0.927,0.1269,,0.605,0.0228,0.209,NOMINAL,NOMINAL,NORMAL,0,
1648866600.0,1787429398.7227712,1,0.9366,0.1242,,0.533,0.0236,0.206,NOMINAL,NOMINAL,NORMAL,0,
1648867500.0,1787429398.847798,1,0.8885,0.1237,,0.58,0.0256,0.219,NOMINAL,NOMINAL,NORMAL,0,
1648868400.0,1787429398.9727204,1,0.8843,0.1228,,0.547,0.0223,0.201,NOMINAL,NOMINAL,TRIGGERED,1,omni_p6
1648869300.0,1787429399.0987146,1,1.1504,0.1398,,0.84,0.0298,0.279,NOMINAL,NOMINAL,TRIGGERED,2,omni_p6
1648870200.0,1787429399.2233636,1,1.1082,0.1384,,0.713,0.028,0.247,NOMINAL,NOMINAL,NORMAL,0,
1648871100.0,1787429399.3480327,1,1.0,0.1298,,0.623,0.0263,0.23,NOMINAL,NOMINAL,NORMAL,0,
1648872000.0,1787429399.4728072,1,0.9358,0.1277,,0.552,0.0226,0.214,NOMINAL,NOMINAL,NORMAL,0,
1648872900.0,1787429399.5978212,1,0.9142,0.1266,,0.584,0.0231,0.212,NOMINAL,NOMINAL,NORMAL,0,
1648873800.0,1787429399.723367,1,1.1059,0.138,,0.722,0.0281,0.248,NOMINAL,NOMINAL,NORMAL,0,
1648874700.0,1787429399.8480875,1,1.0082,0.1321,,0.625,0.0275,0.236,NOMINAL,NOMINAL,NORMAL,0,
1648875600.0,1787429399.972793,1,0.9214,0.1251,,0.54,0.0232,0.208,NOMINAL,NOMINAL,NORMAL,0,
1648876500.0,1787429400.0978787,1,0.914,0.1269,,0.612,0.0224,0.216,NOMINAL,NOMINAL,NORMAL,0,
1648877400.0,1787429400.2228007,1,0.9285,0.1239,,0.551,0.0229,0.207,NOMINAL,NOMINAL,NORMAL,0,
1648878300.0,1787429400.347945,1,0.9353,0.1266,,0.6,0.0251,0.225,NOMINAL,NOMINAL,NORMAL,0,
1648879200.0,1787429400.472782,1,0.9146,0.1254,,0.558,0.0227,0.209,NOMINAL,NOMINAL,NORMAL,0,
1648880100.0,1787429400.5977192,1,0.8913,0.1229,,0.541,0.0222,0.199,NOMINAL,NOMINAL,NORMAL,0,
1648881000.0,1787429400.722847,1,0.9315,0.1229,,0.57,0.0238,0.243,NOMINAL,NOMINAL,NORMAL,0,
1648881900.0,1787429400.847779,1,0.9021,0.1245,,0.555,0.0241,0.216,NOMINAL,NOMINAL,NORMAL,0,
1648882800.0,1787429400.972772,1,0.8986,0.1239,,0.556,0.0225,0.205,NOMINAL,NOMINAL,NORMAL,0,
1648883700.0,1787429401.0979636,1,0.9463,0.1606,,0.618,0.0237,0.218,NOMINAL,NOMINAL,NORMAL,0,
1648884600.0,1787429401.2228854,1,0.9514,0.1243,,0.594,0.0239,0.215,NOMINAL,NOMINAL,NORMAL,0,
1648885500.0,1787429401.3479161,1,0.9148,0.1239,,0.609,0.0232,0.223,NOMINAL,NOMINAL,NORMAL,0,
1648886400.0,1787429401.4726756,1,0.8803,0.1253,,0.524,0.0225,0.212,NOMINAL,NOMINAL,NORMAL,0,
1648887300.0,1787429401.5976734,1,0.8609,0.1184,,0.552,0.0216,0.202,NOMINAL,NOMINAL,NORMAL,0,
1648888200.0,1787429401.7227395,1,0.8973,0.1218,,0.552,0.022,0.205,NOMINAL,NOMINAL,NORMAL,0,
1648889100.0,1787429401.847829,1,0.9035,0.1229,,0.589,0.022,0.207,NOMINAL,NOMINAL,NORMAL,0,
1648890000.0,1787429401.9726856,1,0.8689,0.1202,,0.544,0.0212,0.199,NOMINAL,NOMINAL,NORMAL,0,
1648890900.0,1787429402.0976913,1,0.8549,0.1211,,0.556,0.0216,0.202,NOMINAL,NOMINAL,TRIGGERED,1,omni_p6
1648891800.0,1787429402.22277,1,0.8972,0.1231,,0.573,0.0216,0.203,NOMINAL,NOMINAL,NORMAL,0,
1648892700.0,1787429402.3479016,1,0.9158,0.125,,0.596,0.0242,0.216,NOMINAL,NOMINAL,NORMAL,0,
1648893600.0,1787429402.4729497,1,0.9783,0.1298,,0.586,0.0251,0.221,NOMINAL,NOMINAL,NORMAL,0,
1648894500.0,1787429402.597866,1,0.9353,0.1267,,0.596,0.0236,0.218,NOMINAL,NOMINAL,NORMAL,0,
1648895400.0,1787429402.7227843,1,0.9338,0.1233,,0.535,0.0253,0.213,NOMINAL,NOMINAL,NORMAL,0,
1648896300.0,1787429402.8477607,1,0.891,0.1258,,0.554,0.024,0.208,NOMINAL,NOMINAL,TRIGGERED,1,omni_p6
1648897200.0,1787429402.9727783,1,0.901,0.1251,,0.543,0.0229,0.211,NOMINAL,NOMINAL,TRIGGERED,2,omni_p6
1648898100.0,1787429403.098861,1,1.1894,0.1445,,0.88,0.0328,0.295,NOMINAL,NOMINAL,NORMAL,0,
1648899000.0,1787429403.223428,1,1.1386,0.1401,,0.7,0.0285,0.258,NOMINAL,NOMINAL,NORMAL,0,
1648899900.0,1787429403.3482819,1,1.0556,0.1367,,0.686,0.0287,0.26,NOMINAL,NOMINAL,NORMAL,0,
1648900800.0,1787429403.472988,1,1.0084,0.1318,,0.578,0.028,0.241,NOMINAL,NOMINAL,NORMAL,0,
1648901700.0,1787429403.5978882,1,0.9469,0.1253,,0.569,0.024,0.223,NOMINAL,NOMINAL,NORMAL,0,
1648902600.0,1787429403.7228272,1,0.9334,0.1253,,0.559,0.0239,0.214,NOMINAL,NOMINAL,TRIGGERED,1,omni_p6
1648903500.0,1787429403.8478167,1,0.9147,0.1262,,0.565,0.0229,0.212,NOMINAL,NOMINAL,TRIGGERED,2,omni_p6
1648904400.0,1787429403.9728117,1,0.8988,0.1225,,0.558,0.0221,0.218,NOMINAL,NOMINAL,NORMAL,0,
1648905300.0,1787429404.0986912,1,1.1618,0.1434,,0.815,0.0319,0.284,NOMINAL,NOMINAL,NORMAL,0,
1648906200.0,1787429404.2231972,1,1.0609,0.134,,0.655,0.0247,0.237,NOMINAL,NOMINAL,NORMAL,0,
1648907100.0,1787429404.3480847,1,0.9896,0.1312,,0.647,0.0247,0.23,NOMINAL,NOMINAL,NORMAL,0,
1648908000.0,1787429404.4727952,1,0.9327,0.1273,,0.543,0.0228,0.226,NOMINAL,NOMINAL,NORMAL,0,
1648908900.0,1787429404.5977864,1,0.8968,0.124,,0.58,0.0238,0.215,NOMINAL,NOMINAL,TRIGGERED,1,omni_p6
1648909800.0,1787429404.7227726,1,0.9195,0.1261,,0.545,0.0222,0.207,NOMINAL,NOMINAL,TRIGGERED,2,omni_p6
1648910700.0,1787429404.8487082,1,0.8805,0.1252,,0.559,0.044,1.166,NOMINAL,PRE_ALERT,TRIGGERED,3,omni_p6
1648911600.0,1787429404.9739106,1,0.9984,0.1312,,0.6,0.0399,1.13,PRE_ALERT,NOMINAL,NORMAL,0,
1648912500.0,1787429405.0978837,1,0.941,0.1497,,0.568,0.0225,0.219,NOMINAL,NOMINAL,NORMAL,0,
1648913400.0,1787429405.222977,1,0.9643,0.1284,,0.623,0.0231,0.22,NOMINAL,NOMINAL,TRIGGERED,1,omni_p6
1648914300.0,1787429405.3477695,1,0.8838,0.1203,,0.561,0.0215,0.217,NOMINAL,NOMINAL,NORMAL,0,
1648915200.0,1787429405.4728615,1,0.9245,0.1311,,0.588,0.0244,0.235,NOMINAL,NOMINAL,TRIGGERED,1,omni_p6
1648916100.0,1787429405.5977793,1,0.8806,0.1235,,0.598,0.021,0.208,NOMINAL,NOMINAL,TRIGGERED,2,omni_p6
1648917000.0,1787429405.7236826,1,0.9022,0.1245,,0.54,0.0377,1.134,NOMINAL,PRE_ALERT,TRIGGERED,3,omni_p6
1648917900.0,1787429405.8487794,1,0.9549,0.1261,,0.592,0.0416,1.088,PRE_ALERT,NOMINAL,NORMAL,0,
1648918800.0,1787429405.972858,1,0.9307,0.1237,,0.556,0.0218,0.222,NOMINAL,NOMINAL,NORMAL,0,
1648919700.0,1787429406.097989,1,0.9606,0.158,,0.606,0.0265,0.224,NOMINAL,NOMINAL,TRIGGERED,1,omni_p6
1648920600.0,1787429406.2228215,1,0.9288,0.1234,,0.56,0.0234,0.216,NOMINAL,NOMINAL,NORMAL,0,
1648921500.0,1787429406.3477569,1,0.885,0.1204,,0.553,0.0231,0.212,NOMINAL,NOMINAL,NORMAL,0,
1648922400.0,1787429406.472847,1,0.9352,0.1322,,0.559,0.0252,0.234,NOMINAL,NOMINAL,TRIGGERED,1,omni_p6
1648923300.0,1787429406.5977824,1,0.9055,0.126,,0.567,0.0242,0.213,NOMINAL,NOMINAL,NORMAL,0,
1648924200.0,1787429406.7227745,1,0.915,0.1262,,0.551,0.0226,0.204,NOMINAL,NOMINAL,NORMAL,0,
1648925100.0,1787429406.847912,1,0.9436,0.1256,,0.576,0.0242,0.22,NOMINAL,NOMINAL,NORMAL,0,
1648926000.0,1787429406.9727628,1,0.8962,0.123,,0.536,0.0222,0.209,NOMINAL,NOMINAL,NORMAL,0,
1648926900.0,1787429407.0977952,1,0.8805,0.125,,0.596,0.0226,0.225,NOMINAL,NOMINAL,NORMAL,0,
1648927800.0,1787429407.2227793,1,0.9057,0.1236,,0.566,0.0222,0.21,NOMINAL,NOMINAL,NORMAL,0,
1648928700.0,1787429407.3477225,1,0.8618,0.1231,,0.553,0.02,0.228,NOMINAL,NOMINAL,TRIGGERED,1,omni_p6
1648929600.0,1787429407.4729831,1,0.9368,0.1282,,0.621,0.0247,0.245,NOMINAL,NOMINAL,NORMAL,0,
1648930500.0,1787429407.598096,1,0.9908,0.1671,,0.637,0.0253,0.242,NOMINAL,NOMINAL,NORMAL,0,
1648931400.0,1787429407.7228737,1,0.9617,0.1265,,0.575,0.0252,0.222,NOMINAL,NOMINAL,NORMAL,0,
1648932300.0,1787429407.8478205,1,0.9048,0.1259,,0.576,0.0248,0.219,NOMINAL,NOMINAL,NORMAL,0,
1648933200.0,1787429407.9728308,1,0.8863,0.1245,,0.545,0.023,0.304,NOMINAL,NOMINAL,NORMAL,0,
1648934100.0,1787429408.0988293,1,1.1788,0.1447,,0.864,0.0309,0.296,NOMINAL,NOMINAL,NORMAL,0,
1648935000.0,1787429408.2232213,1,1.0921,0.1415,,0.653,0.0248,0.243,NOMINAL,NOMINAL,NORMAL,0,
1648935900.0,1787429408.3479493,1,0.9762,0.1334,,0.592,0.0264,0.221,NOMINAL,NOMINAL,TRIGGERED,1,omni_p6
1648936800.0,1787429408.4730406,1,0.9925,0.1319,,0.628,0.0277,0.242,NOMINAL,NOMINAL,NORMAL,0,
1648937700.0,1787429408.5978777,1,0.9532,0.1457,,0.562,0.0247,0.221,NOMINAL,NOMINAL,NORMAL,0,
1648938600.0,1787429408.722816,1,0.9518,0.1241,,0.544,0.0229,0.207,NOMINAL,NOMINAL,NORMAL,0,
1648939500.0,1787429408.8477445,1,0.8921,0.1219,,0.537,0.0228,0.21,NOMINAL,NOMINAL,NORMAL,0,
1648940400.0,1787429408.9727097,1,0.8705,0.1222,,0.534,0.0199,0.21,NOMINAL,NOMINAL,NORMAL,0,
1648941300.0,1787429409.098723,1,1.161,0.1524,,0.827,0.0305,0.266,NOMINAL,NOMINAL,TRIGGERED,1,omni_p6
1648942200.0,1787429409.2230752,1,1.0436,0.1397,,0.612,0.0243,0.237,NOMINAL,NOMINAL,TRIGGERED,2,omni_p6
1648943100.0,1787429409.3479064,1,0.9512,0.128,,0.585,0.0248,0.245,NOMINAL,NOMINAL,NORMAL,0,
1648944000.0,1787429409.4737744,1,0.9788,0.1264,0.6042,0.661,0.0276,0.288,NOMINAL,NOMINAL,NORMAL,0,
1648944900.0,1787429409.5979679,1,0.9839,0.1632,,0.592,0.0245,0.229,NOMINAL,NOMINAL,NORMAL,0,
1648945800.0,1787429409.7229302,1,0.9837,0.1264,,0.597,0.0255,0.223,NOMINAL,NOMINAL,NORMAL,0,
1648946700.0,1787429409.8478754,1,0.9457,0.128,,0.58,0.0258,0.225,NOMINAL,NOMINAL,NORMAL,0,
1648947600.0,1787429409.972871,1,0.938,0.1308,,0.581,0.024,0.22,NOMINAL,NOMINAL,TRIGGERED,1,omni_p6
1648948500.0,1787429410.0978224,1,0.915,0.1277,,0.592,0.0229,0.212,NOMINAL,NOMINAL,TRIGGERED,2,omni_p6
1648949400.0,1787429410.2227592,1,0.9028,0.1217,,0.569,0.0239,0.209,NOMINAL,NOMINAL,NORMAL,0,
1648950300.0,1787429410.3478389,1,0.8734,0.1238,,0.632,0.0229,0.214,NOMINAL,NOMINAL,NORMAL,0,
1648951200.0,1787429410.4726496,1,0.8539,0.122,,0.536,0.0229,0.215,NOMINAL,NOMINAL,NORMAL,0,
1648952100.0,1787429410.5985858,1,1.1504,0.1369,,0.817,0.0282,0.276,NOMINAL,NOMINAL,NORMAL,0,
1648953000.0,1787429410.7231052,1,1.044,0.1341,,0.645,0.0246,0.236,NOMINAL,NOMINAL,NORMAL,0,
1648953900.0,1787429410.847944,1,0.9539,0.1299,,0.622,0.0254,0.231,NOMINAL,NOMINAL,TRIGGERED,1,omni_p6
1648954800.0,1787429410.9727843,1,0.9019,0.1275,,0.579,0.023,0.22,NOMINAL,NOMINAL,NORMAL,0,
1648955700.0,1787429411.0980432,1,0.9626,0.1592,,0.657,0.0267,0.237,NOMINAL,NOMINAL,NORMAL,0,
1648956600.0,1787429411.2228665,1,0.958,0.1259,,0.59,0.0242,0.225,NOMINAL,NOMINAL,NORMAL,0,
1648957500.0,1787429411.348036,1,0.921,0.1257,,0.676,0.0251,0.273,NOMINAL,NOMINAL,NORMAL,0,
1648958400.0,1787429411.4727097,1,0.8806,0.1225,,0.563,0.0228,0.22,NOMINAL,NOMINAL,NORMAL,0,
1648959300.0,1787429411.597898,1,0.8954,0.1248,,0.664,0.0255,0.228,NOMINAL,NOMINAL,NORMAL,0,
1648960200.0,1787429411.7227838,1,0.9007,0.1174,,0.59,0.0233,0.218,NOMINAL,NOMINAL,NORMAL,0,
1648961100.0,1787429411.8477757,1,0.8658,0.1206,,0.605,0.0223,0.22,NOMINAL,NOMINAL,NORMAL,0,
1648962000.0,1787429411.9727929,1,0.8967,0.1214,,0.586,0.0241,0.218,NOMINAL,NOMINAL,NORMAL,0,
1648962900.0,1787429412.0977926,1,0.8811,0.1228,,0.598,0.0245,0.219,NOMINAL,NOMINAL,NORMAL,0,
1648963800.0,1787429412.2227721,1,0.8991,0.1209,,0.572,0.0234,0.218,NOMINAL,NOMINAL,NORMAL,0,
1648964700.0,1787429412.3477776,1,0.8673,0.1197,,0.596,0.0242,0.217,NOMINAL,NOMINAL,NORMAL,0,
1648965600.0,1787429412.4727504,1,0.8864,0.1228,,0.559,0.0228,0.221,NOMINAL,NOMINAL,NORMAL,0,
1648966500.0,1787429412.5982287,1,0.9866,0.1635,,0.732,0.0298,0.261,NOMINAL,NOMINAL,NORMAL,0,
1648967400.0,1787429412.72303,1,1.0032,0.1306,,0.636,0.0259,0.232,NOMINAL,NOMINAL,NORMAL,0,
1648968300.0,1787429412.8478863,1,0.9447,0.1278,,0.585,0.0245,0.225,NOMINAL,NOMINAL,NORMAL,0,
1648969200.0,1787429412.9728525,1,0.9337,0.1263,,0.584,0.0251,0.222,NOMINAL,NOMINAL,NORMAL,0,
1648970100.0,1787429413.0987241,1,1.1796,0.1434,,0.817,0.0305,0.291,NOMINAL,NOMINAL,NORMAL,0,
1648971000.0,1787429413.2232997,1,1.1015,0.137,,0.687,0.0279,0.262,NOMINAL,NOMINAL,NORMAL,0,
1648971900.0,1787429413.3480523,1,0.9918,0.1286,,0.625,0.0256,0.261,NOMINAL,NOMINAL,NORMAL,0,
1648972800.0,1787429413.4728196,1,0.9403,0.1266,,0.544,0.0237,0.228,NOMINAL,NOMINAL,NORMAL,0,
1648973700.0,1787429413.5979638,1,0.947,0.1518,,0.635,0.0231,0.227,NOMINAL,NOMINAL,NORMAL,0,
1648974600.0,1787429413.7228432,1,0.9488,0.1213,,0.573,0.023,0.219,NOMINAL,NOMINAL,NORMAL,0,
1648975500.0,1787429413.847824,1,0.9209,0.1232,,0.568,0.0235,0.221,NOMINAL,NOMINAL,NORMAL,0,
1648976400.0,1787429413.9727173,1,0.8776,0.1211,,0.544,0.022,0.211,NOMINAL,NOMINAL,TRIGGERED,1,omni_p6
1648977300.0,1787429414.0986304,1,1.1501,0.1418,,0.807,0.0297,0.282,NOMINAL,NOMINAL,NORMAL,0,
1648978200.0,1787429414.223215,1,1.085,0.1364,,0.672,0.0251,0.242,NOMINAL,NOMINAL,NORMAL,0,
1648979100.0,1787429414.3480484,1,0.9945,0.1301,,0.62,0.0253,0.234,NOMINAL,NOMINAL,NORMAL,0,
1648980000.0,1787429414.472814,1,0.933,0.1254,,0.556,0.0244,0.223,NOMINAL,NOMINAL,NORMAL,0,
1648980900.0,1787429414.597976,1,0.9525,0.1562,,0.622,0.0246,0.233,NOMINAL,NOMINAL,NORMAL,0,
1648981800.0,1787429414.7228856,1,0.9732,0.128,,0.577,0.0244,0.221,NOMINAL,NOMINAL,TRIGGERED,1,omni_p6
1648982700.0,1787429414.8478243,1,0.9256,0.127,,0.573,0.0231,0.223,NOMINAL,NOMINAL,TRIGGERED,2,omni_p6
1648983600.0,1787429414.972725,1,0.8724,0.1235,,0.569,0.0233,0.216,NOMINAL,NOMINAL,NORMAL,0,
1648984500.0,1787429415.0978348,1,0.8927,0.1253,,0.617,0.023,0.231,NOMINAL,NOMINAL,NORMAL,0,
1648985400.0,1787429415.222785,1,0.9168,0.1228,,0.566,0.0227,0.221,NOMINAL,NOMINAL,NORMAL,0,
1648986300.0,1787429415.3478909,1,0.9164,0.1228,,0.619,0.0236,0.236,NOMINAL,NOMINAL,NORMAL,0,
1648987200.0,1787429415.4728508,1,0.9367,0.1281,,0.573,0.0238,0.223,NOMINAL,NOMINAL,NORMAL,0,
1648988100.0,1787429415.597817,1,0.9048,0.1284,,0.591,0.0233,0.21,NOMINAL,NOMINAL,TRIGGERED,1,omni_p6
1648989000.0,1787429415.7230327,1,0.9597,0.1285,,0.645,0.0236,0.233,NOMINAL,NOMINAL,TRIGGERED,2,omni_p6
1648989900.0,1787429415.8479395,1,0.9634,0.1315,,0.598,0.0257,0.226,NOMINAL,NOMINAL,NORMAL,0,
1648990800.0,1787429415.9728234,1,0.929,0.1244,,0.561,0.0241,0.219,NOMINAL,NOMINAL,NORMAL,0,
1648991700.0,1787429416.0979843,1,0.9511,0.1566,,0.618,0.0269,0.229,NOMINAL,NOMINAL,NORMAL,0,
1648992600.0,1787429416.222837,1,0.9434,0.1216,,0.568,0.0244,0.223,NOMINAL,NOMINAL,NORMAL,0,
1648993500.0,1787429416.3478208,1,0.8961,0.1251,,0.584,0.0238,0.222,NOMINAL,NOMINAL,TRIGGERED,1,omni_p6
1648994400.0,1787429416.4727087,1,0.878,0.124,,0.54,0.0236,0.211,NOMINAL,NOMINAL,TRIGGERED,2,omni_p6
1648995300.0,1787429416.5977051,1,0.8574,0.1182,,0.568,0.0215,0.211,NOMINAL,NOMINAL,NORMAL,0,
1648996200.0,1787429416.7233055,1,1.0587,0.1343,,0.735,0.0284,0.257,NOMINAL,NOMINAL,NORMAL,0,
1648997100.0,1787429416.8479116,1,0.954,0.1254,,0.621,0.0256,0.229,NOMINAL,NOMINAL,NORMAL,0,
1648998000.0,1787429416.972764,1,0.8853,0.122,,0.573,0.0259,0.227,NOMINAL,NOMINAL,NORMAL,0,
1648998900.0,1787429417.0977502,1,0.8776,0.1221,,0.589,0.0226,0.218,NOMINAL,NOMINAL,NORMAL,0,
1648999800.0,1787429417.2228165,1,0.9047,0.1235,,0.618,0.0231,0.223,NOMINAL,NOMINAL,TRIGGERED,1,omni_p6
1649000700.0,1787429417.347782,1,0.8755,0.1252,,0.593,0.0225,0.215,NOMINAL,NOMINAL,TRIGGERED,2,omni_p6
1649001600.0,1787429417.4726877,1,0.8637,0.1209,,0.557,0.0217,0.212,NOMINAL,NOMINAL,NORMAL,0,
1649002500.0,1787429417.5979016,1,0.8993,0.1259,,0.662,0.0251,0.227,NOMINAL,NOMINAL,NORMAL,0,
1649003400.0,1787429417.7230196,1,0.9565,0.1281,,0.663,0.0257,0.231,NOMINAL,NOMINAL,NORMAL,0,
1649004300.0,1787429417.847912,1,0.9232,0.1245,,0.635,0.0253,0.223,NOMINAL,NOMINAL,NORMAL,0,
1649005200.0,1787429417.972765,1,0.8778,0.1201,,0.575,0.0225,0.21,NOMINAL,NOMINAL,NORMAL,0,
1649006100.0,1787429418.098793,1,1.1825,0.1464,,0.873,0.0311,0.281,NOMINAL,NOMINAL,NORMAL,0,
1649007000.0,1787429418.2232108,1,1.0696,0.1364,,0.687,0.0266,0.241,NOMINAL,NOMINAL,NORMAL,0,
1649007900.0,1787429418.3480465,1,0.9552,0.134,,0.661,0.025,0.228,NOMINAL,NOMINAL,NORMAL,0,
1649008800.0,1787429418.4729211,1,0.9487,0.1312,,0.607,0.0249,0.229,NOMINAL,NOMINAL,NORMAL,0,
1649009700.0,1787429418.5978534,1,0.9303,0.1267,,0.61,0.0219,0.212,NOMINAL,NOMINAL,NORMAL,0,
1649010600.0,1787429418.7230427,1,0.9634,0.1307,,0.653,0.0245,0.232,NOMINAL,NOMINAL,NORMAL,0,
1649011500.0,1787429418.847879,1,0.9344,0.1313,,0.587,0.0239,0.22,NOMINAL,NOMINAL,NORMAL,0,
1649012400.0,1787429418.972843,1,0.9129,0.1286,,0.571,0.0242,0.216,NOMINAL,NOMINAL,NORMAL,0,
1649013300.0,1787429419.098764,1,1.1785,0.1479,,0.851,0.03,0.278,NOMINAL,NOMINAL,NORMAL,0,
1649014200.0,1787429419.2231896,1,1.0496,0.1376,,0.679,0.027,0.246,NOMINAL,NOMINAL,NORMAL,0,
1649015100.0,1787429419.3479998,1,0.9455,0.1261,,0.64,0.0272,0.229,NOMINAL,NOMINAL,NORMAL,0,
1649016000.0,1787429419.4727426,1,0.8991,0.1261,,0.547,0.0242,0.214,NOMINAL,NOMINAL,NORMAL,0,
1649016900.0,1787429419.597745,1,0.8622,0.1211,,0.607,0.023,0.21,NOMINAL,NOMINAL,NORMAL,0,
1649017800.0,1787429419.7230387,1,0.9543,0.1291,,0.651,0.0269,0.24,NOMINAL,NOMINAL,NORMAL,0,
1649018700.0,1787429419.8478653,1,0.8971,0.1315,,0.598,0.0229,0.227,NOMINAL,NOMINAL,NORMAL,0,
1649019600.0,1787429419.9727516,1,0.8648,0.1212,,0.58,0.0221,0.205,NOMINAL,NOMINAL,NORMAL,0,
1649020500.0,1787429420.0978777,1,0.8609,0.1235,,0.661,0.0223,0.226,NOMINAL,NOMINAL,TRIGGERED,1,omni_p6
1649021400.0,1787429420.22277,1,0.9114,0.1209,,0.566,0.0208,0.204,NOMINAL,NOMINAL,NORMAL,0,
1649022300.0,1787429420.3478029,1,0.8742,0.1222,,0.584,0.0246,0.211,NOMINAL,NOMINAL,NORMAL,0,
1649023200.0,1787429420.472638,1,0.8551,0.1249,,0.533,0.0225,0.204,NOMINAL,NOMINAL,NORMAL,0,
1649024100.0,1787429420.5977502,1,0.8849,0.1216,,0.575,0.0227,0.211,NOMINAL,NOMINAL,NORMAL,0,
1649025000.0,1787429420.7227635,1,0.8923,0.1237,,0.585,0.0223,0.216,NOMINAL,NOMINAL,NORMAL,0,
1649025900.0,1787429420.8480237,1,0.9504,0.1306,,0.653,0.0262,0.254,NOMINAL,NOMINAL,NORMAL,0,
1649026800.0,1787429420.972798,1,0.9233,0.1266,,0.559,0.0229,0.217,NOMINAL,NOMINAL,TRIGGERED,1,omni_p6
1649027700.0,1787429421.0981147,1,0.9978,0.1741,,0.661,0.0249,0.229,NOMINAL,NOMINAL,TRIGGERED,2,omni_p6
1649028600.0,1787429421.2228444,1,0.9413,0.1245,,0.581,0.0237,0.221,NOMINAL,NOMINAL,NORMAL,0,
1649029500.0,1787429421.3478928,1,0.9194,0.1269,,0.607,0.0263,0.227,NOMINAL,NOMINAL,NORMAL,0,
1649030400.0,1787429421.4734726,1,0.9186,0.1242,0.5976,0.573,0.0243,0.229,NOMINAL,NOMINAL,NORMAL,0,
