phys_ts,ap_pub_wall_ts,n_channels,resample_ms,z_eval_ms,bg_update_ms,dds_transport_ms,fsm_eval_ms,node_latency_ms,from_state,ap_state,rpn_result,counter,trigger_channels
1705023000.0,1787428963.8849108,1,1.1776,0.0595,,0.922,0.0357,0.325,NOMINAL,NOMINAL,STALE,0,
1705023900.0,1787428964.0089777,1,0.8764,0.0529,,0.679,0.0265,0.278,NOMINAL,NOMINAL,STALE,0,
1705024800.0,1787428964.1343014,1,1.0156,0.0582,,0.726,0.0265,0.246,NOMINAL,NOMINAL,STALE,0,
1705025700.0,1787428964.2589312,1,0.8563,0.0523,,0.647,0.0259,0.262,NOMINAL,NOMINAL,STALE,0,
1705026600.0,1787428964.3839571,1,0.8651,0.052,,0.651,0.0242,0.227,NOMINAL,NOMINAL,STALE,0,
1705027500.0,1787428964.508681,1,0.7969,0.0518,,0.56,0.0232,0.216,NOMINAL,NOMINAL,STALE,0,
1705028400.0,1787428964.6340125,1,0.8843,0.0822,,0.617,0.0243,0.236,NOMINAL,NOMINAL,STALE,0,
1705029300.0,1787428964.7599387,1,1.2139,0.0618,,0.858,0.0323,0.284,NOMINAL,NOMINAL,STALE,0,
1705030200.0,1787428964.884144,1,0.9646,0.0537,,0.679,0.0263,0.247,NOMINAL,NOMINAL,STALE,0,
1705031100.0,1787428965.0092669,1,1.0473,0.0562,,0.61,0.0495,0.269,NOMINAL,NOMINAL,STALE,0,
1705032000.0,1787428965.4005938,1,1.3333,0.0643,,266.181,0.0307,0.306,NOMINAL,NOMINAL,STALE,0,
1705032900.0,1787428965.4043763,1,1.2311,0.0578,,0.466,0.0188,0.19,NOMINAL,NOMINAL,STALE,0,
1705033800.0,1787428965.5093129,1,1.0856,0.0571,,0.563,0.0253,0.374,NOMINAL,NOMINAL,STALE,0,
1705034700.0,1787428965.63482,1,1.218,0.0611,,0.862,0.0327,0.274,NOMINAL,NOMINAL,STALE,0,
1705035600.0,1787428965.7594926,1,1.1291,0.0585,,0.687,0.0302,0.278,NOMINAL,NOMINAL,STALE,0,
1705036500.0,1787428965.8841038,1,1.0198,0.0553,,0.59,0.0288,0.236,NOMINAL,NOMINAL,STALE,0,
1705037400.0,1787428966.0090334,1,0.986,0.0545,,0.586,0.025,0.229,NOMINAL,NOMINAL,STALE,0,
1705038300.0,1787428966.1343608,1,1.0917,0.0576,,0.66,0.0261,0.253,NOMINAL,NOMINAL,STALE,0,
1705039200.0,1787428966.2590275,1,1.032,0.0582,,0.526,0.0224,0.219,NOMINAL,NOMINAL,STALE,0,
1705040100.0,1787428966.3838873,1,0.9272,0.0575,,0.529,0.0217,0.215,NOMINAL,NOMINAL,STALE,0,
1705041000.0,1787428966.508776,1,0.908,0.055,,0.489,0.021,0.213,NOMINAL,NOMINAL,STALE,0,
1705041900.0,1787428966.6339262,1,0.9338,0.0633,,0.522,0.0215,0.212,NOMINAL,NOMINAL,STALE,0,
1705042800.0,1787428966.7593968,1,1.1183,0.0581,,0.597,0.0238,0.261,NOMINAL,NOMINAL,STALE,0,
1705043700.0,1787428966.8840578,1,1.0192,0.0564,,0.558,0.0215,0.226,NOMINAL,NOMINAL,STALE,0,
1705044600.0,1787428967.0089123,1,0.9545,0.0552,,0.508,0.0205,0.207,NOMINAL,NOMINAL,STALE,0,
1705045500.0,1787428967.1341548,1,1.0485,0.0572,,0.583,0.023,0.221,NOMINAL,NOMINAL,STALE,0,
1705046400.0,1787428967.259018,1,0.9943,0.057,,0.551,0.0228,0.22,NOMINAL,NOMINAL,STALE,0,
1705047300.0,1787428967.3838456,1,0.9293,0.0544,,0.521,0.0198,0.201,NOMINAL,NOMINAL,STALE,0,
1705048200.0,1787428967.5087976,1,0.9085,0.0565,,0.508,0.0202,0.21,NOMINAL,NOMINAL,STALE,0,
1705049100.0,1787428967.6340418,1,0.9877,0.0566,,0.544,0.0214,0.212,NOMINAL,NOMINAL,STALE,0,
1705050000.0,1787428967.7589927,1,0.9825,0.0552,,0.536,0.0203,0.23,NOMINAL,NOMINAL,STALE,0,
1705050900.0,1787428967.8838975,1,0.943,0.0545,,0.515,0.0199,0.206,NOMINAL,NOMINAL,STALE,0,
1705051800.0,1787428968.008895,1,0.9367,0.0547,,0.517,0.0201,0.209,NOMINAL,NOMINAL,STALE,0,
1705052700.0,1787428968.134193,1,1.0754,0.0577,,0.578,0.0213,0.22,NOMINAL,NOMINAL,STALE,0,
1705053600.0,1787428968.259067,1,0.9882,0.0542,,0.575,0.0215,0.216,NOMINAL,NOMINAL,STALE,0,
1705054500.0,1787428968.3838441,1,0.8833,0.0534,,0.6,0.0225,0.217,NOMINAL,NOMINAL,STALE,0,
1705055400.0,1787428968.5087583,1,0.8707,0.0532,,0.541,0.0214,0.216,NOMINAL,NOMINAL,STALE,0,
1705056300.0,1787428968.6338625,1,0.8774,0.0539,,0.612,0.0223,0.22,NOMINAL,NOMINAL,STALE,0,
1705057200.0,1787428968.7601662,1,1.2255,0.0597,,0.922,0.033,0.31,NOMINAL,NOMINAL,STALE,0,
1705058100.0,1787428968.8843317,1,1.0894,0.0565,,0.682,0.0269,0.25,NOMINAL,NOMINAL,STALE,0,
1705059000.0,1787428969.008973,1,0.9278,0.0537,,0.616,0.0214,0.225,NOMINAL,NOMINAL,STALE,0,
1705059900.0,1787428969.1340768,1,0.928,0.0542,,0.612,0.0248,0.258,NOMINAL,NOMINAL,STALE,0,
1705060800.0,1787428969.2592766,1,1.0092,0.056,,0.671,0.0248,0.237,NOMINAL,NOMINAL,STALE,0,
1705061700.0,1787428969.3840163,1,0.9291,0.054,,0.64,0.0223,0.23,NOMINAL,NOMINAL,STALE,0,
1705062600.0,1787428969.5089056,1,0.9213,0.0561,,0.581,0.0242,0.227,NOMINAL,NOMINAL,STALE,0,
1705063500.0,1787428969.6339324,1,0.8734,0.0778,,0.59,0.0226,0.223,NOMINAL,NOMINAL,STALE,0,
1705064400.0,1787428969.7599971,1,1.2168,0.0605,,0.844,0.0309,0.287,NOMINAL,NOMINAL,STALE,0,
1705065300.0,1787428969.8845513,1,1.1613,0.0576,,0.713,0.0281,0.278,NOMINAL,NOMINAL,STALE,0,
1705066200.0,1787428970.0091267,1,0.9703,0.0547,,0.625,0.0215,0.246,NOMINAL,NOMINAL,STALE,0,
1705067100.0,1787428970.1339965,1,0.8956,0.0576,,0.615,0.0218,0.22,NOMINAL,NOMINAL,STALE,0,
1705068000.0,1787428970.2592304,1,0.9966,0.0565,,0.657,0.0231,0.234,NOMINAL,NOMINAL,STALE,0,
1705068900.0,1787428970.384047,1,0.9317,0.0531,,0.631,0.0226,0.22,NOMINAL,NOMINAL,STALE,0,
1705069800.0,1787428970.508828,1,0.8968,0.0546,,0.558,0.0216,0.219,NOMINAL,NOMINAL,STALE,0,
1705070700.0,1787428970.6340067,1,0.8799,0.0793,,0.602,0.0229,0.247,NOMINAL,NOMINAL,STALE,0,
1705071600.0,1787428970.7600138,1,1.2085,0.0603,,0.87,0.0313,0.295,NOMINAL,NOMINAL,STALE,0,
1705072500.0,1787428970.884556,1,1.1446,0.0594,,0.711,0.0278,0.27,NOMINAL,NOMINAL,STALE,0,
1705073400.0,1787428971.0092566,1,1.0869,0.0544,,0.531,0.0241,0.309,NOMINAL,NOMINAL,STALE,0,
1705074300.0,1787428971.1339996,1,0.9751,0.055,,0.529,0.0196,0.205,NOMINAL,NOMINAL,STALE,0,
1705075200.0,1787428971.2591412,1,1.0337,0.0554,,0.547,0.0202,0.207,NOMINAL,NOMINAL,STALE,0,
1705076100.0,1787428971.3838694,1,0.9525,0.0546,,0.492,0.018,0.191,NOMINAL,NOMINAL,STALE,0,
1705077000.0,1787428971.5087519,1,0.9012,0.0525,,0.479,0.0187,0.193,NOMINAL,NOMINAL,STALE,0,
1705077900.0,1787428971.6337924,1,0.8966,0.0806,,0.476,0.0175,0.187,NOMINAL,NOMINAL,STALE,0,
1705078800.0,1787428971.7590013,1,0.9862,0.057,,0.515,0.0197,0.198,NOMINAL,NOMINAL,STALE,0,
1705079700.0,1787428971.8838115,1,0.9232,0.0533,,0.491,0.018,0.19,NOMINAL,NOMINAL,STALE,0,
1705080600.0,1787428972.008888,1,0.8988,0.0514,,0.549,0.0203,0.208,NOMINAL,NOMINAL,STALE,0,
1705081500.0,1787428972.1339874,1,0.9526,0.055,,0.525,0.0206,0.208,NOMINAL,NOMINAL,STALE,0,
1705082400.0,1787428972.2590692,1,1.0079,0.053,,0.527,0.0199,0.236,NOMINAL,NOMINAL,STALE,0,
1705083300.0,1787428972.3838713,1,0.956,0.052,,0.493,0.018,0.192,NOMINAL,NOMINAL,STALE,0,
1705084200.0,1787428972.508731,1,0.8893,0.052,,0.475,0.0175,0.192,NOMINAL,NOMINAL,STALE,0,
1705085100.0,1787428972.6338143,1,0.8973,0.0888,,0.479,0.0174,0.186,NOMINAL,NOMINAL,STALE,0,
1705086000.0,1787428972.7589643,1,0.9354,0.0539,,0.545,0.0214,0.211,NOMINAL,NOMINAL,STALE,0,
1705086900.0,1787428972.8837993,1,0.9002,0.0531,,0.507,0.0182,0.192,NOMINAL,NOMINAL,STALE,0,
1705087800.0,1787428973.0089262,1,0.9196,0.0529,,0.546,0.0198,0.214,NOMINAL,NOMINAL,STALE,0,
1705088700.0,1787428973.1338325,1,0.8947,0.0868,,0.501,0.019,0.199,NOMINAL,NOMINAL,STALE,0,
1705089600.0,1787428973.2591126,1,1.0104,0.0551,,0.555,0.0209,0.212,NOMINAL,NOMINAL,STALE,0,
1705090500.0,1787428973.3838313,1,0.9458,0.0537,,0.473,0.0195,0.186,NOMINAL,NOMINAL,STALE,0,
1705091400.0,1787428973.5087636,1,0.906,0.0549,,0.471,0.0188,0.202,NOMINAL,NOMINAL,STALE,0,
1705092300.0,1787428973.6338053,1,0.904,0.0879,,0.469,0.0186,0.185,NOMINAL,NOMINAL,STALE,0,
1705093200.0,1787428973.7596602,1,1.2257,0.061,,0.585,0.0211,0.216,NOMINAL,NOMINAL,STALE,0,
1705094100.0,1787428973.8841314,1,1.0962,0.0573,,0.502,0.0184,0.192,NOMINAL,NOMINAL,STALE,0,
1705095000.0,1787428974.0091522,1,1.0324,0.0543,,0.568,0.0227,0.242,NOMINAL,NOMINAL,STALE,0,
1705095900.0,1787428974.1339545,1,0.9672,0.0543,,0.507,0.0198,0.199,NOMINAL,NOMINAL,STALE,0,
1705096800.0,1787428974.2588985,1,0.9709,0.0556,,0.484,0.0207,0.197,NOMINAL,NOMINAL,STALE,0,
1705097700.0,1787428974.384066,1,1.0436,0.0563,,0.506,0.0177,0.192,NOMINAL,NOMINAL,STALE,0,
1705098600.0,1787428974.5089822,1,1.0153,0.0551,,0.491,0.0173,0.224,NOMINAL,NOMINAL,STALE,0,
1705099500.0,1787428974.6339185,1,0.9555,0.0552,,0.495,0.0176,0.191,NOMINAL,NOMINAL,STALE,0,
1705100400.0,1787428974.759686,1,1.2146,0.0603,,0.638,0.0224,0.231,NOMINAL,NOMINAL,STALE,0,
1705101300.0,1787428974.8841527,1,1.0854,0.0571,,0.545,0.0197,0.208,NOMINAL,NOMINAL,STALE,0,
1705102200.0,1787428975.0091338,1,0.9899,0.0538,,0.609,0.0207,0.239,NOMINAL,NOMINAL,STALE,0,
1705103100.0,1787428975.1339948,1,0.9436,0.0546,,0.555,0.0207,0.217,NOMINAL,NOMINAL,STALE,0,
1705104000.0,1787428975.2603679,1,0.8583,0.1542,0.5422,0.54,0.0239,0.22,NOMINAL,NOMINAL,NORMAL,0,
1705104900.0,1787428975.3842776,1,1.0752,0.1425,,0.58,0.023,0.225,NOMINAL,NOMINAL,TRIGGERED,1,omni_p6
1705105800.0,1787428975.509034,1,0.9921,0.137,,0.516,0.0232,0.251,NOMINAL,NOMINAL,NORMAL,0,
1705106700.0,1787428975.6339264,1,0.8976,0.1492,,0.524,0.0216,0.211,NOMINAL,NOMINAL,NORMAL,0,
1705107600.0,1787428975.7591012,1,0.9645,0.1304,,0.562,0.0224,0.223,NOMINAL,NOMINAL,NORMAL,0,
1705108500.0,1787428975.8841927,1,1.0113,0.1343,,0.577,0.0219,0.224,NOMINAL,NOMINAL,NORMAL,0,
1705109400.0,1787428976.0091825,1,0.9895,0.1321,,0.586,0.0231,0.244,NOMINAL,NOMINAL,NORMAL,0,
1705110300.0,1787428976.1339982,1,0.9478,0.129,,0.52,0.0194,0.208,NOMINAL,NOMINAL,TRIGGERED,1,omni_p6
1705111200.0,1787428976.2588608,1,0.9081,0.1285,,0.492,0.0196,0.2,NOMINAL,NOMINAL,TRIGGERED,2,omni_p6
1705112100.0,1787428976.3841424,1,1.0251,0.1333,,0.536,0.0231,0.211,NOMINAL,NOMINAL,NORMAL,0,
1705113000.0,1787428976.5087974,1,0.8752,0.1281,,0.5,0.0191,0.208,NOMINAL,NOMINAL,NORMAL,0,
1705113900.0,1787428976.6337547,1,0.8228,0.1235,,0.512,0.0187,0.203,NOMINAL,NOMINAL,NORMAL,0,
1705114800.0,1787428976.7593117,1,1.0528,0.1325,,0.602,0.0234,0.229,NOMINAL,NOMINAL,NORMAL,0,
1705115700.0,1787428976.884036,1,0.9523,0.127,,0.548,0.0215,0.218,NOMINAL,NOMINAL,NORMAL,0,
1705116600.0,1787428977.0092618,1,1.0132,0.1363,,0.607,0.0238,0.255,NOMINAL,NOMINAL,TRIGGERED,1,omni_p6
1705117500.0,1787428977.133932,1,0.8786,0.167,,0.545,0.0196,0.217,NOMINAL,NOMINAL,TRIGGERED,2,omni_p6
1705118400.0,1787428977.2588198,1,0.8564,0.1221,,0.523,0.0204,0.206,NOMINAL,NOMINAL,NORMAL,0,
1705119300.0,1787428977.384115,1,0.9867,0.1297,,0.56,0.0229,0.22,NOMINAL,NOMINAL,NORMAL,0,
1705120200.0,1787428977.5093427,1,1.1017,0.14,,0.561,0.0237,0.289,NOMINAL,NOMINAL,NORMAL,0,
1705121100.0,1787428977.634325,1,1.0575,0.1318,,0.634,0.0245,0.24,NOMINAL,NOMINAL,NORMAL,0,
1705122000.0,1787428977.7590585,1,0.9376,0.1257,,0.603,0.0246,0.232,NOMINAL,NOMINAL,NORMAL,0,
1705122900.0,1787428977.8842096,1,0.9715,0.1327,,0.639,0.0264,0.238,NOMINAL,NOMINAL,NORMAL,0,
1705123800.0,1787428978.0091746,1,0.9469,0.1296,,0.638,0.0236,0.257,NOMINAL,NOMINAL,NORMAL,0,
1705124700.0,1787428978.1340764,1,0.9301,0.1307,,0.591,0.0224,0.22,NOMINAL,NOMINAL,NORMAL,0,
1705125600.0,1787428978.2590928,1,0.9153,0.127,,0.613,0.0221,0.222,NOMINAL,NOMINAL,NORMAL,0,
1705126500.0,1787428978.3841314,1,0.9516,0.1301,,0.598,0.0232,0.229,NOMINAL,NOMINAL,NORMAL,0,
1705127400.0,1787428978.5089288,1,0.9398,0.1303,,0.505,0.0221,0.22,NOMINAL,NOMINAL,NORMAL,0,
1705128300.0,1787428978.634084,1,0.8835,0.1578,,0.636,0.0231,0.255,NOMINAL,NOMINAL,NORMAL,0,
1705129200.0,1787428978.7597485,1,1.2134,0.1469,,0.605,0.0246,0.231,NOMINAL,NOMINAL,NORMAL,0,
1705130100.0,1787428978.8842227,1,1.0809,0.1403,,0.512,0.0204,0.22,NOMINAL,NOMINAL,NORMAL,0,
1705131000.0,1787428979.0092967,1,1.0508,0.1355,,0.58,0.0229,0.254,NOMINAL,NOMINAL,NORMAL,0,
1705131900.0,1787428979.1340258,1,0.9661,0.1334,,0.503,0.0207,0.207,NOMINAL,NOMINAL,NORMAL,0,
1705132800.0,1787428979.2589152,1,0.9428,0.1299,,0.496,0.0193,0.2,NOMINAL,NOMINAL,TRIGGERED,1,omni_p6
1705133700.0,1787428979.3848612,1,1.2182,0.1483,,0.755,0.0277,0.269,NOMINAL,NOMINAL,NORMAL,0,
1705134600.0,1787428979.5091298,1,1.0622,0.1389,,0.504,0.0204,0.23,NOMINAL,NOMINAL,NORMAL,0,
1705135500.0,1787428979.634028,1,0.9805,0.1314,,0.505,0.0187,0.205,NOMINAL,NOMINAL,NORMAL,0,
1705136400.0,1787428979.7596595,1,1.1994,0.1461,,0.577,0.0204,0.226,NOMINAL,NOMINAL,NORMAL,0,
1705137300.0,1787428979.8841321,1,0.9856,0.1327,,0.557,0.0232,0.25,NOMINAL,NOMINAL,NORMAL,0,
1705138200.0,1787428980.0093157,1,1.0334,0.1365,,0.631,0.0257,0.259,NOMINAL,NOMINAL,NORMAL,0,
1705139100.0,1787428980.1341624,1,1.0172,0.1349,,0.576,0.0238,0.235,NOMINAL,NOMINAL,TRIGGERED,1,omni_p6
1705140000.0,1787428980.258857,1,0.8801,0.1199,,0.529,0.022,0.216,NOMINAL,NOMINAL,NORMAL,0,
1705140900.0,1787428980.3837347,1,0.8204,0.1203,,0.506,0.0203,0.204,NOMINAL,NOMINAL,NORMAL,0,
1705141800.0,1787428980.5090756,1,0.9755,0.1338,,0.545,0.0229,0.226,NOMINAL,NOMINAL,NORMAL,0,
1705142700.0,1787428980.63404,1,0.9046,0.1544,,0.586,0.0237,0.226,NOMINAL,NOMINAL,NORMAL,0,
1705143600.0,1787428980.7592435,1,0.9742,0.1329,,0.629,0.026,0.242,NOMINAL,NOMINAL,NORMAL,0,
1705144500.0,1787428980.88428,1,0.9968,0.1359,,0.63,0.0256,0.242,NOMINAL,NOMINAL,TRIGGERED,1,omni_p6
1705145400.0,1787428981.0092459,1,0.978,0.1351,,0.637,0.0447,0.262,NOMINAL,NOMINAL,TRIGGERED,2,omni_p6
1705146300.0,1787428981.134366,1,1.0511,0.1358,,0.655,0.0262,0.248,NOMINAL,NOMINAL,NORMAL,0,
1705147200.0,1787428981.2591686,1,0.9686,0.1303,,0.612,0.026,0.227,NOMINAL,NOMINAL,NORMAL,0,
1705148100.0,1787428981.3840613,1,0.917,0.1299,,0.607,0.0224,0.226,NOMINAL,NOMINAL,NORMAL,0,
1705149000.0,1787428981.5091171,1,0.9749,0.1336,,0.552,0.0247,0.281,NOMINAL,NOMINAL,NORMAL,0,
1705149900.0,1787428981.6340818,1,0.919,0.1288,,0.593,0.025,0.23,NOMINAL,NOMINAL,NORMAL,0,
1705150800.0,1787428981.7593398,1,1.0175,0.1361,,0.639,0.0257,0.237,NOMINAL,NOMINAL,TRIGGERED,1,omni_p6
1705151700.0,1787428981.884752,1,1.1363,0.1447,,0.818,0.0316,0.277,NOMINAL,NOMINAL,TRIGGERED,2,omni_p6
1705152600.0,1787428982.009363,1,1.0574,0.1394,,0.684,0.0257,0.242,NOMINAL,NOMINAL,NORMAL,0,
1705153500.0,1787428982.1340957,1,0.9482,0.1314,,0.599,0.0244,0.225,NOMINAL,NOMINAL,NORMAL,0,
1705154400.0,1787428982.2588935,1,0.9312,0.1284,,0.508,0.0189,0.206,NOMINAL,NOMINAL,NORMAL,0,
1705155300.0,1787428982.3839655,1,0.953,0.1315,,0.519,0.02,0.204,NOMINAL,NOMINAL,NORMAL,0,
1705156200.0,1787428982.509023,1,0.9513,0.1311,,0.558,0.0241,0.232,NOMINAL,NOMINAL,NORMAL,0,
1705157100.0,1787428982.6339679,1,0.9273,0.1302,,0.525,0.0208,0.206,NOMINAL,NOMINAL,TRIGGERED,1,omni_p6
1705158000.0,1787428982.758973,1,0.9381,0.1255,,0.54,0.0212,0.21,NOMINAL,NOMINAL,NORMAL,0,
1705158900.0,1787428982.8838801,1,0.8815,0.1268,,0.521,0.0203,0.203,NOMINAL,NOMINAL,NORMAL,0,
1705159800.0,1787428983.009139,1,0.926,0.1294,,0.597,0.0227,0.285,NOMINAL,NOMINAL,NORMAL,0,
1705160700.0,1787428983.1340299,1,0.9181,0.1307,,0.562,0.0223,0.22,NOMINAL,NOMINAL,NORMAL,0,
1705161600.0,1787428983.2589622,1,0.913,0.1249,,0.553,0.02,0.209,NOMINAL,NOMINAL,NORMAL,0,
1705162500.0,1787428983.3838203,1,0.8659,0.1218,,0.504,0.0192,0.199,NOMINAL,NOMINAL,NORMAL,0,
1705163400.0,1787428983.5090947,1,0.9608,0.1273,,0.563,0.0227,0.25,NOMINAL,NOMINAL,NORMAL,0,
1705164300.0,1787428983.6340647,1,0.9457,0.1299,,0.553,0.0227,0.22,NOMINAL,NOMINAL,NORMAL,0,
1705165200.0,1787428983.7598302,1,1.2141,0.1513,,0.653,0.0276,0.252,NOMINAL,NOMINAL,NORMAL,0,
1705166100.0,1787428983.8842406,1,1.0921,0.1421,,0.558,0.0219,0.218,NOMINAL,NOMINAL,NORMAL,0,
1705167000.0,1787428984.009143,1,0.9625,0.1355,,0.605,0.0236,0.241,NOMINAL,NOMINAL,NORMAL,0,
1705167900.0,1787428984.1341822,1,1.0107,0.1359,,0.583,0.0235,0.231,NOMINAL,NOMINAL,NORMAL,0,
1705168800.0,1787428984.2589874,1,0.9391,0.1312,,0.545,0.0212,0.216,NOMINAL,NOMINAL,NORMAL,0,
1705169700.0,1787428984.3841524,1,0.999,0.1344,,0.565,0.0228,0.22,NOMINAL,NOMINAL,NORMAL,0,
1705170600.0,1787428984.5091224,1,0.9921,0.1336,,0.556,0.0229,0.253,NOMINAL,NOMINAL,NORMAL,0,
1705171500.0,1787428984.6338477,1,0.8519,0.1268,,0.511,0.0227,0.213,NOMINAL,NOMINAL,NORMAL,0,
1705172400.0,1787428984.7597706,1,1.1804,0.1505,,0.664,0.0292,0.255,NOMINAL,NOMINAL,NORMAL,0,
1705173300.0,1787428984.8840094,1,0.9495,0.1359,,0.551,0.0229,0.228,NOMINAL,NOMINAL,NORMAL,0,
1705174200.0,1787428985.0091636,1,0.9641,0.1346,,0.604,0.0244,0.248,NOMINAL,NOMINAL,NORMAL,0,
1705175100.0,1787428985.1340156,1,0.9367,0.1385,,0.55,0.0238,0.225,NOMINAL,NOMINAL,NORMAL,0,
1705176000.0,1787428985.2588425,1,0.8625,0.1258,,0.544,0.0227,0.216,NOMINAL,NOMINAL,NORMAL,0,
1705176900.0,1787428985.3837588,1,0.8194,0.1206,,0.513,0.0205,0.232,NOMINAL,NOMINAL,NORMAL,0,
1705177800.0,1787428985.508778,1,0.8591,0.1255,,0.521,0.0201,0.208,NOMINAL,NOMINAL,TRIGGERED,1,omni_p6
1705178700.0,1787428985.6341612,1,0.9607,0.1312,,0.581,0.0238,0.229,NOMINAL,NOMINAL,NORMAL,0,
1705179600.0,1787428985.758825,1,0.8777,0.1232,,0.523,0.0217,0.214,NOMINAL,NOMINAL,NORMAL,0,
1705180500.0,1787428985.8841407,1,0.9561,0.1306,,0.594,0.0224,0.224,NOMINAL,NOMINAL,NORMAL,0,
1705181400.0,1787428986.0091236,1,0.9569,0.1274,,0.585,0.0226,0.244,NOMINAL,NOMINAL,NORMAL,0,
1705182300.0,1787428986.1338613,1,0.8463,0.1222,,0.548,0.021,0.215,NOMINAL,NOMINAL,NORMAL,0,
1705183200.0,1787428986.258858,1,0.8606,0.1245,,0.53,0.0228,0.213,NOMINAL,NOMINAL,NORMAL,0,
1705184100.0,1787428986.383704,1,0.8066,0.1207,,0.505,0.0194,0.203,NOMINAL,NOMINAL,TRIGGERED,1,omni_p6
1705185000.0,1787428986.5088453,1,0.8909,0.1244,,0.512,0.0203,0.215,NOMINAL,NOMINAL,NORMAL,0,
1705185900.0,1787428986.6340716,1,0.9398,0.1302,,0.547,0.0228,0.221,NOMINAL,NOMINAL,NORMAL,0,
1705186800.0,1787428986.7592225,1,1.0058,0.136,,0.58,0.0226,0.227,NOMINAL,NOMINAL,NORMAL,0,
1705187700.0,1787428986.8840034,1,0.9571,0.1304,,0.544,0.0228,0.215,NOMINAL,NOMINAL,NORMAL,0,
1705188600.0,1787428987.0090399,1,0.9128,0.1288,,0.602,0.0225,0.226,NOMINAL,NOMINAL,NORMAL,0,
1705189500.0,1787428987.1340072,1,0.9211,0.1346,,0.535,0.0213,0.219,NOMINAL,NOMINAL,TRIGGERED,1,omni_p6
1705190400.0,1787428987.259501,1,0.909,0.1252,0.5252,0.543,0.0225,0.215,NOMINAL,NOMINAL,TRIGGERED,2,omni_p6
1705191300.0,1787428987.3839812,1,0.9582,0.1308,,0.536,0.0218,0.215,NOMINAL,NOMINAL,NORMAL,0,
1705192200.0,1787428987.5088773,1,0.9074,0.1317,,0.509,0.0212,0.211,NOMINAL,NOMINAL,NORMAL,0,
1705193100.0,1787428987.63422,1,1.0211,0.1344,,0.588,0.0228,0.232,NOMINAL,NOMINAL,NORMAL,0,
1705194000.0,1787428987.7592652,1,1.0251,0.1421,,0.593,0.0231,0.23,NOMINAL,NOMINAL,NORMAL,0,
1705194900.0,1787428987.8839743,1,0.9257,0.1348,,0.554,0.0234,0.222,NOMINAL,NOMINAL,NORMAL,0,
1705195800.0,1787428988.0091107,1,0.9453,0.1349,,0.595,0.0238,0.243,NOMINAL,NOMINAL,TRIGGERED,1,omni_p6
1705196700.0,1787428988.1341019,1,0.9609,0.1397,,0.564,0.0221,0.216,NOMINAL,NOMINAL,TRIGGERED,2,omni_p6
1705197600.0,1787428988.2590451,1,1.0031,0.1336,,0.533,0.0204,0.21,NOMINAL,NOMINAL,NORMAL,0,
1705198500.0,1787428988.3838863,1,0.9061,0.1304,,0.519,0.0202,0.204,NOMINAL,NOMINAL,NORMAL,0,
1705199400.0,1787428988.5091832,1,0.9795,0.1359,,0.65,0.0257,0.263,NOMINAL,NOMINAL,NORMAL,0,
1705200300.0,1787428988.6342242,1,1.0498,0.1387,,0.57,0.0232,0.234,NOMINAL,NOMINAL,NORMAL,0,
1705201200.0,1787428988.7603135,1,1.2987,0.1591,,0.901,0.0333,0.335,NOMINAL,NOMINAL,NORMAL,0,
1705202100.0,1787428988.8853724,1,1.3094,0.1606,,0.955,0.0337,0.332,NOMINAL,NOMINAL,TRIGGERED,1,omni_p6
1705203000.0,1787428989.009673,1,1.1666,0.1516,,0.745,0.0306,0.272,NOMINAL,NOMINAL,NORMAL,0,
1705203900.0,1787428989.1344335,1,1.1072,0.1455,,0.699,0.0287,0.261,NOMINAL,NOMINAL,NORMAL,0,
1705204800.0,1787428989.2593184,1,1.0381,0.1443,,0.638,0.0267,0.242,NOMINAL,NOMINAL,NORMAL,0,
1705205700.0,1787428989.384098,1,0.993,0.1332,,0.561,0.0226,0.23,NOMINAL,NOMINAL,NORMAL,0,
1705206600.0,1787428989.5092719,1,1.0353,0.1378,,0.653,0.0279,0.267,NOMINAL,NOMINAL,NORMAL,0,
1705207500.0,1787428989.63431,1,1.0787,0.1408,,0.601,0.026,0.245,NOMINAL,NOMINAL,NORMAL,0,
1705208400.0,1787428989.7598586,1,1.2159,0.1553,,0.718,0.0274,0.271,NOMINAL,NOMINAL,NORMAL,0,
1705209300.0,1787428989.8843908,1,1.0848,0.1427,,0.668,0.0301,0.253,NOMINAL,NOMINAL,NORMAL,0,
1705210200.0,1787428990.0101936,1,1.2522,0.1551,,0.929,0.0343,0.303,NOMINAL,NOMINAL,NORMAL,0,
1705211100.0,1787428990.1346736,1,1.3219,0.1494,,0.64,0.0303,0.253,NOMINAL,NOMINAL,NORMAL,0,
1705212000.0,1787428990.2591188,1,0.9709,0.133,,0.564,0.0224,0.227,NOMINAL,NOMINAL,NORMAL,0,
1705212900.0,1787428990.3840225,1,0.9395,0.1315,,0.548,0.0215,0.226,NOMINAL,NOMINAL,NORMAL,0,
1705213800.0,1787428990.5089228,1,0.9166,0.1332,,0.515,0.0214,0.221,NOMINAL,NOMINAL,NORMAL,0,
1705214700.0,1787428990.63455,1,1.1447,0.1446,,0.628,0.0261,0.241,NOMINAL,NOMINAL,NORMAL,0,
1705215600.0,1787428990.7594564,1,1.0907,0.1395,,0.635,0.0258,0.242,NOMINAL,NOMINAL,NORMAL,0,
1705216500.0,1787428990.8846366,1,1.1054,0.1433,,0.754,0.0293,0.263,NOMINAL,NOMINAL,NORMAL,0,
1705217400.0,1787428991.0093122,1,1.0295,0.1344,,0.618,0.0267,0.281,NOMINAL,NOMINAL,NORMAL,0,
1705218300.0,1787428991.1341045,1,0.9653,0.1328,,0.57,0.0236,0.225,NOMINAL,NOMINAL,TRIGGERED,1,omni_p6
1705219200.0,1787428991.2590795,1,0.9814,0.1301,,0.576,0.0221,0.222,NOMINAL,NOMINAL,NORMAL,0,
1705220100.0,1787428991.3838668,1,0.8974,0.1251,,0.523,0.0218,0.2,NOMINAL,NOMINAL,NORMAL,0,
1705221000.0,1787428991.5088186,1,0.8835,0.1249,,0.509,0.0199,0.2,NOMINAL,NOMINAL,NORMAL,0,
1705221900.0,1787428991.6340435,1,0.9399,0.131,,0.537,0.0229,0.215,NOMINAL,NOMINAL,NORMAL,0,
1705222800.0,1787428991.7593496,1,1.0722,0.1386,,0.591,0.0237,0.226,NOMINAL,NOMINAL,NORMAL,0,
1705223700.0,1787428991.8840127,1,0.9618,0.1319,,0.54,0.0219,0.215,NOMINAL,NOMINAL,TRIGGERED,1,omni_p6
1705224600.0,1787428992.0091646,1,0.9556,0.1312,,0.598,0.0246,0.258,NOMINAL,NOMINAL,TRIGGERED,2,omni_p6
1705225500.0,1787428992.1340091,1,0.9233,0.1624,,0.574,0.0221,0.214,NOMINAL,NOMINAL,NORMAL,0,
1705226400.0,1787428992.2589264,1,0.919,0.1267,,0.529,0.0203,0.208,NOMINAL,NOMINAL,NORMAL,0,
1705227300.0,1787428992.3838696,1,0.8828,0.1262,,0.52,0.0201,0.198,NOMINAL,NOMINAL,NORMAL,0,
1705228200.0,1787428992.508819,1,0.8886,0.1291,,0.494,0.0208,0.203,NOMINAL,NOMINAL,NORMAL,0,
1705229100.0,1787428992.633917,1,0.8887,0.1552,,0.51,0.0206,0.208,NOMINAL,NOMINAL,NORMAL,0,
1705230000.0,1787428992.7592654,1,1.0441,0.1343,,0.578,0.0232,0.228,NOMINAL,NOMINAL,TRIGGERED,1,omni_p6
1705230900.0,1787428992.8840024,1,0.9432,0.1318,,0.541,0.0217,0.213,NOMINAL,NOMINAL,TRIGGERED,2,omni_p6
1705231800.0,1787428993.0090468,1,0.923,0.1281,,0.593,0.0232,0.217,NOMINAL,NOMINAL,NORMAL,0,
1705232700.0,1787428993.1341164,1,0.9159,0.1314,,0.623,0.0218,0.222,NOMINAL,NOMINAL,NORMAL,0,
1705233600.0,1787428993.2589693,1,0.9148,0.1264,,0.563,0.0217,0.214,NOMINAL,NOMINAL,NORMAL,0,
1705234500.0,1787428993.383928,1,0.8832,0.1241,,0.568,0.0203,0.208,NOMINAL,NOMINAL,NORMAL,0,
1705235400.0,1787428993.5087981,1,0.8734,0.1246,,0.492,0.0201,0.206,NOMINAL,NOMINAL,NORMAL,0,
1705236300.0,1787428993.6338742,1,0.8726,0.158,,0.513,0.0197,0.201,NOMINAL,NOMINAL,TRIGGERED,1,omni_p6
1705237200.0,1787428993.759934,1,1.2069,0.1503,,0.722,0.0277,0.269,NOMINAL,NOMINAL,TRIGGERED,2,omni_p6
1705238100.0,1787428993.8844671,1,1.137,0.1456,,0.601,0.0247,0.235,NOMINAL,NOMINAL,NORMAL,0,
1705239000.0,1787428994.0093079,1,1.0299,0.1361,,0.581,0.0242,0.278,NOMINAL,NOMINAL,NORMAL,0,
1705239900.0,1787428994.1342375,1,1.0239,0.1369,,0.597,0.0232,0.23,NOMINAL,NOMINAL,NORMAL,0,
1705240800.0,1787428994.2590325,1,0.9471,0.1286,,0.526,0.0205,0.21,NOMINAL,NOMINAL,NORMAL,0,
1705241700.0,1787428994.383956,1,0.928,0.1282,,0.526,0.0204,0.203,NOMINAL,NOMINAL,TRIGGERED,1,omni_p6
1705242600.0,1787428994.5088637,1,0.907,0.1261,,0.51,0.0214,0.208,NOMINAL,NOMINAL,TRIGGERED,2,omni_p6
1705243500.0,1787428994.6339407,1,0.8859,0.1609,,0.522,0.0216,0.208,NOMINAL,NOMINAL,NORMAL,0,
1705244400.0,1787428994.759747,1,1.1845,0.1457,,0.652,0.0252,0.247,NOMINAL,NOMINAL,NORMAL,0,
1705245300.0,1787428994.8842535,1,1.047,0.1368,,0.551,0.0222,0.257,NOMINAL,NOMINAL,NORMAL,0,
1705246200.0,1787428995.0092423,1,1.0066,0.1377,,0.592,0.0452,0.26,NOMINAL,NOMINAL,NORMAL,0,
1705247100.0,1787428995.1342263,1,0.9802,0.1326,,0.651,0.0241,0.227,NOMINAL,NOMINAL,NORMAL,0,
1705248000.0,1787428995.2590728,1,0.9146,0.1294,,0.597,0.0231,0.221,NOMINAL,NOMINAL,TRIGGERED,1,omni_p6
1705248900.0,1787428995.384423,1,1.0839,0.1398,,0.622,0.0238,0.232,NOMINAL,NOMINAL,NORMAL,0,
1705249800.0,1787428995.5090284,1,0.977,0.1311,,0.551,0.0229,0.218,NOMINAL,NOMINAL,NORMAL,0,
1705250700.0,1787428995.6339238,1,0.8455,0.155,,0.563,0.0217,0.221,NOMINAL,NOMINAL,NORMAL,0,
1705251600.0,1787428995.7588794,1,0.8518,0.1227,,0.543,0.0213,0.247,NOMINAL,NOMINAL,NORMAL,0,
1705252500.0,1787428995.8846257,1,1.1041,0.1451,,0.716,0.0269,0.26,NOMINAL,NOMINAL,NORMAL,0,
1705253400.0,1787428996.009113,1,0.9751,0.1335,,0.562,0.0225,0.238,NOMINAL,NOMINAL,NORMAL,0,
1705254300.0,1787428996.1342034,1,1.0037,0.1371,,0.601,0.0228,0.23,NOMINAL,NOMINAL,NORMAL,0,
1705255200.0,1787428996.2590814,1,0.9452,0.135,,0.555,0.0216,0.219,NOMINAL,NOMINAL,NORMAL,0,
1705256100.0,1787428996.3839352,1,0.9031,0.1272,,0.535,0.0206,0.216,NOMINAL,NOMINAL,NORMAL,0,
1705257000.0,1787428996.5088747,1,0.8923,0.1276,,0.522,0.0207,0.213,NOMINAL,NOMINAL,NORMAL,0,
1705257900.0,1787428996.6338913,1,0.8828,0.1569,,0.502,0.0205,0.206,NOMINAL,NOMINAL,NORMAL,0,
1705258800.0,1787428996.7593482,1,1.0431,0.136,,0.606,0.0236,0.228,NOMINAL,NOMINAL,NORMAL,0,
1705259700.0,1787428996.8842192,1,1.023,0.1395,,0.571,0.0228,0.22,NOMINAL,NOMINAL,NORMAL,0,
1705260600.0,1787428997.0090516,1,0.9366,0.132,,0.549,0.0235,0.226,NOMINAL,NOMINAL,NORMAL,0,
1705261500.0,1787428997.1341007,1,0.9123,0.1344,,0.617,0.0245,0.23,NOMINAL,NOMINAL,NORMAL,0,
1705262400.0,1787428997.2589946,1,0.9489,0.127,,0.549,0.0209,0.214,NOMINAL,NOMINAL,NORMAL,0,
1705263300.0,1787428997.3839219,1,0.8864,0.1314,,0.525,0.0197,0.219,NOMINAL,NOMINAL,TRIGGERED,1,omni_p6
1705264200.0,1787428997.5088596,1,0.8878,0.1318,,0.506,0.0208,0.218,NOMINAL,NOMINAL,NORMAL,0,
1705265100.0,1787428997.6339624,1,0.8797,0.1512,,0.543,0.0209,0.236,NOMINAL,NOMINAL,NORMAL,0,
1705266000.0,1787428997.7589595,1,0.9176,0.1262,,0.546,0.0203,0.221,NOMINAL,NOMINAL,NORMAL,0,
1705266900.0,1787428997.8841083,1,0.9728,0.1342,,0.547,0.0227,0.221,NOMINAL,NOMINAL,NORMAL,0,
1705267800.0,1787428998.0090058,1,0.9507,0.1304,,0.523,0.0212,0.218,NOMINAL,NOMINAL,NORMAL,0,
1705268700.0,1787428998.1341112,1,0.9201,0.1398,,0.613,0.022,0.228,NOMINAL,NOMINAL,TRIGGERED,1,omni_p6
1705269600.0,1787428998.2589326,1,0.8923,0.1291,,0.531,0.0194,0.216,NOMINAL,NOMINAL,TRIGGERED,2,omni_p6
1705270500.0,1787428998.3838594,1,0.8549,0.1246,,0.54,0.0199,0.206,NOMINAL,NOMINAL,NORMAL,0,
1705271400.0,1787428998.508908,1,0.9025,0.1272,,0.533,0.0206,0.216,NOMINAL,NOMINAL,NORMAL,0,
1705272300.0,1787428998.6339095,1,0.8772,0.1572,,0.515,0.02,0.213,NOMINAL,NOMINAL,NORMAL,0,
1705273200.0,1787428998.7597606,1,1.1922,0.147,,0.63,0.0259,0.243,NOMINAL,NOMINAL,NORMAL,0,
1705274100.0,1787428998.8844755,1,1.1438,0.1418,,0.592,0.024,0.241,NOMINAL,NOMINAL,NORMAL,0,
1705275000.0,1787428999.0092592,1,1.046,0.1394,,0.558,0.0228,0.246,NOMINAL,NOMINAL,TRIGGERED,1,omni_p6
1705275900.0,1787428999.1344125,1,1.1138,0.1448,,0.626,0.024,0.235,NOMINAL,NOMINAL,TRIGGERED,2,omni_p6
1705276800.0,1787428999.2597518,1,1.0015,0.128,0.5698,0.557,0.0226,0.225,NOMINAL,NOMINAL,NORMAL,0,
1705277700.0,1787428999.3840644,1,0.9916,0.1352,,0.549,0.0202,0.221,NOMINAL,NOMINAL,NORMAL,0,
1705278600.0,1787428999.5089366,1,0.9561,0.1372,,0.504,0.0208,0.209,NOMINAL,NOMINAL,NORMAL,0,
1705279500.0,1787428999.634063,1,0.9606,0.139,,0.538,0.0215,0.216,NOMINAL,NOMINAL,NORMAL,0,
1705280400.0,1787428999.7598197,1,1.2309,0.1574,,0.643,0.0269,0.272,NOMINAL,NOMINAL,TRIGGERED,1,omni_p6
1705281300.0,1787428999.8844326,1,1.1314,0.1512,,0.603,0.0255,0.234,NOMINAL,NOMINAL,TRIGGERED,2,omni_p6
1705282200.0,1787429000.0097964,1,1.192,0.1496,,0.749,0.0298,0.276,NOMINAL,NOMINAL,NORMAL,0,
1705283100.0,1787429000.1344042,1,1.1099,0.1446,,0.66,0.0282,0.249,NOMINAL,NOMINAL,NORMAL,0,
1705284000.0,1787429000.2590733,1,1.0017,0.133,,0.551,0.0242,0.228,NOMINAL,NOMINAL,NORMAL,0,
1705284900.0,1787429000.3841872,1,1.0216,0.1394,,0.567,0.0243,0.225,NOMINAL,NOMINAL,NORMAL,0,
1705285800.0,1787429000.5090027,1,0.9784,0.1388,,0.531,0.022,0.222,NOMINAL,NOMINAL,NORMAL,0,
1705286700.0,1787429000.6339486,1,0.9293,0.1668,,0.503,0.0214,0.215,NOMINAL,NOMINAL,TRIGGERED,1,omni_p6
1705287600.0,1787429000.7590275,1,0.9788,0.1323,,0.548,0.0208,0.215,NOMINAL,NOMINAL,TRIGGERED,2,omni_p6
1705288500.0,1787429000.884423,1,1.0696,0.1463,,0.668,0.0245,0.269,NOMINAL,NOMINAL,NORMAL,0,
1705289400.0,1787429001.0092647,1,1.0679,0.1365,,0.564,0.0467,0.267,NOMINAL,NOMINAL,NORMAL,0,
1705290300.0,1787429001.1341956,1,0.9868,0.1395,,0.623,0.0233,0.23,NOMINAL,NOMINAL,NORMAL,0,
1705291200.0,1787429001.2589788,1,0.9142,0.1318,,0.549,0.0242,0.248,NOMINAL,NOMINAL,NORMAL,0,
1705292100.0,1787429001.3838892,1,0.8976,0.1296,,0.517,0.0224,0.209,NOMINAL,NOMINAL,NORMAL,0,
1705293000.0,1787429001.508829,1,0.8996,0.1272,,0.508,0.0219,0.214,NOMINAL,NOMINAL,NORMAL,0,
1705293900.0,1787429001.6340005,1,0.8847,0.1664,,0.587,0.0231,0.23,NOMINAL,NOMINAL,NORMAL,0,
1705294800.0,1787429001.7592375,1,1.046,0.1384,,0.575,0.0239,0.232,NOMINAL,NOMINAL,NORMAL,0,
1705295700.0,1787429001.8840446,1,0.9731,0.1355,,0.526,0.0206,0.222,NOMINAL,NOMINAL,NORMAL,0,
1705296600.0,1787429002.009195,1,1.0089,0.1418,,0.568,0.0235,0.257,NOMINAL,NOMINAL,NORMAL,0,
1705297500.0,1787429002.1342556,1,1.0302,0.1382,,0.607,0.0257,0.244,NOMINAL,NOMINAL,NORMAL,0,
1705298400.0,1787429002.258864,1,0.8965,0.1225,,0.514,0.0214,0.216,NOMINAL,NOMINAL,NORMAL,0,
1705299300.0,1787429002.3839128,1,0.8922,0.1251,,0.536,0.0209,0.214,NOMINAL,NOMINAL,NORMAL,0,
1705300200.0,1787429002.5088468,1,0.8992,0.129,,0.507,0.0215,0.211,NOMINAL,NOMINAL,NORMAL,0,
1705301100.0,1787429002.6339073,1,0.8676,0.1787,,0.523,0.0223,0.22,NOMINAL,NOMINAL,NORMAL,0,
1705302000.0,1787429002.759148,1,0.9709,0.1339,,0.579,0.0256,0.238,NOMINAL,NOMINAL,NORMAL,0,
1705302900.0,1787429002.883812,1,0.8482,0.1281,,0.52,0.0218,0.219,NOMINAL,NOMINAL,NORMAL,0,
1705303800.0,1787429003.00938,1,1.0411,0.1409,,0.673,0.0256,0.252,NOMINAL,NOMINAL,NORMAL,0,
1705304700.0,1787429003.1341722,1,0.978,0.1371,,0.621,0.0244,0.234,NOMINAL,NOMINAL,NORMAL,0,
1705305600.0,1787429003.2589278,1,0.8932,0.1274,,0.546,0.023,0.247,NOMINAL,NOMINAL,NORMAL,0,
1705306500.0,1787429003.3838663,1,0.8898,0.1267,,0.498,0.0215,0.214,NOMINAL,NOMINAL,NORMAL,0,
1705307400.0,1787429003.508818,1,0.8767,0.1314,,0.501,0.0201,0.213,NOMINAL,NOMINAL,NORMAL,0,
1705308300.0,1787429003.6339674,1,0.899,0.1584,,0.538,0.0214,0.223,NOMINAL,NOMINAL,NORMAL,0,
1705309200.0,1787429003.7598903,1,1.2744,0.1627,,0.641,0.0252,0.253,NOMINAL,NOMINAL,TRIGGERED,1,omni_p6
1705310100.0,1787429003.884199,1,1.0593,0.1449,,0.537,0.0223,0.22,NOMINAL,NOMINAL,NORMAL,0,
1705311000.0,1787429004.0093663,1,1.0728,0.1427,,0.618,0.024,0.239,NOMINAL,NOMINAL,NORMAL,0,
1705311900.0,1787429004.1343832,1,1.0682,0.1428,,0.668,0.0258,0.242,NOMINAL,NOMINAL,NORMAL,0,
1705312800.0,1787429004.2589638,1,0.9347,0.128,,0.539,0.0236,0.226,NOMINAL,NOMINAL,NORMAL,0,
1705313700.0,1787429004.383899,1,0.8953,0.1296,,0.511,0.0221,0.215,NOMINAL,NOMINAL,NORMAL,0,
1705314600.0,1787429004.5088887,1,0.9051,0.131,,0.506,0.0215,0.217,NOMINAL,NOMINAL,NORMAL,0,
1705315500.0,1787429004.6338608,1,0.8494,0.1803,,0.51,0.0222,0.218,NOMINAL,NOMINAL,TRIGGERED,1,omni_p6
1705316400.0,1787429004.7600877,1,1.2266,0.1546,,0.851,0.0311,0.297,NOMINAL,NOMINAL,NORMAL,0,
1705317300.0,1787429004.88413,1,0.9452,0.1358,,0.658,0.0249,0.251,NOMINAL,NOMINAL,NORMAL,0,
1705318200.0,1787429005.0093706,1,1.014,0.1408,,0.709,0.0257,0.255,NOMINAL,NOMINAL,NORMAL,0,
1705319100.0,1787429005.1343439,1,1.0367,0.1451,,0.672,0.0262,0.255,NOMINAL,NOMINAL,NORMAL,0,
1705320000.0,1787429005.2592478,1,0.9595,0.1337,,0.666,0.0242,0.245,NOMINAL,NOMINAL,NORMAL,0,
1705320900.0,1787429005.3841026,1,0.9219,0.1369,,0.65,0.0252,0.234,NOMINAL,NOMINAL,TRIGGERED,1,omni_p6
1705321800.0,1787429005.508833,1,0.8467,0.1275,,0.565,0.0236,0.234,NOMINAL,NOMINAL,TRIGGERED,2,omni_p6
1705322700.0,1787429005.6339982,1,0.8581,0.1601,,0.6,0.0243,0.229,NOMINAL,NOMINAL,NORMAL,0,
1705323600.0,1787429005.7591507,1,0.9821,0.1363,,0.615,0.0273,0.235,NOMINAL,NOMINAL,NORMAL,0,
1705324500.0,1787429005.8843412,1,0.9976,0.1403,,0.685,0.0275,0.244,NOMINAL,NOMINAL,NORMAL,0,
1705325400.0,1787429006.0094469,1,1.0507,0.1414,,0.713,0.0274,0.27,NOMINAL,NOMINAL,NORMAL,0,
1705326300.0,1787429006.1343517,1,0.985,0.1414,,0.657,0.0258,0.335,NOMINAL,NOMINAL,NORMAL,0,
1705327200.0,1787429006.2591343,1,1.0092,0.1376,,0.604,0.0261,0.234,NOMINAL,NOMINAL,TRIGGERED,1,omni_p6
1705328100.0,1787429006.384091,1,0.9331,0.1333,,0.615,0.0229,0.251,NOMINAL,NOMINAL,TRIGGERED,2,omni_p6
1705329000.0,1787429006.5089185,1,0.9117,0.1324,,0.547,0.0235,0.222,NOMINAL,NOMINAL,NORMAL,0,
1705329900.0,1787429006.6340327,1,0.9073,0.1563,,0.58,0.0228,0.228,NOMINAL,NOMINAL,NORMAL,0,
1705330800.0,1787429006.7593703,1,1.0206,0.1419,,0.67,0.0261,0.244,NOMINAL,NOMINAL,NORMAL,0,
1705331700.0,1787429006.8840613,1,0.931,0.1352,,0.611,0.0228,0.237,NOMINAL,NOMINAL,NORMAL,0,
1705332600.0,1787429007.0092413,1,0.9658,0.1377,,0.63,0.0236,0.271,NOMINAL,NOMINAL,NORMAL,0,
1705333500.0,1787429007.1344838,1,1.0766,0.1417,,0.714,0.0241,0.248,NOMINAL,NOMINAL,TRIGGERED,1,omni_p6
1705334400.0,1787429007.259238,1,0.9983,0.1338,,0.612,0.025,0.239,NOMINAL,NOMINAL,NORMAL,0,
1705335300.0,1787429007.3839774,1,0.9172,0.1292,,0.536,0.0197,0.213,NOMINAL,NOMINAL,NORMAL,0,
1705336200.0,1787429007.5088713,1,0.9056,0.1303,,0.508,0.0203,0.218,NOMINAL,NOMINAL,NORMAL,0,
1705337100.0,1787429007.6341631,1,0.9974,0.1391,,0.568,0.0213,0.221,NOMINAL,NOMINAL,NORMAL,0,
1705338000.0,1787429007.7591043,1,0.9885,0.1312,,0.569,0.0229,0.231,NOMINAL,NOMINAL,NORMAL,0,
1705338900.0,1787429007.8839755,1,0.9186,0.1309,,0.53,0.0219,0.221,NOMINAL,NOMINAL,NORMAL,0,
1705339800.0,1787429008.0089257,1,0.9043,0.1267,,0.518,0.02,0.216,NOMINAL,NOMINAL,NORMAL,0,
1705340700.0,1787429008.1345243,1,1.1103,0.1427,,0.665,0.0269,0.251,NOMINAL,NOMINAL,NORMAL,0,
1705341600.0,1787429008.2591665,1,0.9995,0.1377,,0.576,0.0228,0.23,NOMINAL,NOMINAL,NORMAL,0,
1705342500.0,1787429008.384039,1,0.9563,0.1359,,0.541,0.02,0.216,NOMINAL,NOMINAL,NORMAL,0,
1705343400.0,1787429008.5089839,1,0.968,0.1385,,0.505,0.0197,0.212,NOMINAL,NOMINAL,NORMAL,0,
1705344300.0,1787429008.6340003,1,0.9283,0.1352,,0.52,0.0211,0.215,NOMINAL,NOMINAL,NORMAL,0,
1705345200.0,1787429008.7601714,1,1.282,0.1598,,0.832,0.0316,0.296,NOMINAL,NOMINAL,NORMAL,0,
1705346100.0,1787429008.8844628,1,1.1291,0.1483,,0.669,0.0281,0.25,NOMINAL,NOMINAL,NORMAL,0,
1705347000.0,1787429009.0091498,1,0.9638,0.1365,,0.597,0.0232,0.26,NOMINAL,NOMINAL,NORMAL,0,
1705347900.0,1787429009.1345277,1,1.1057,0.1455,,0.719,0.0261,0.252,NOMINAL,NOMINAL,NORMAL,0,
1705348800.0,1787429009.259267,1,1.0152,0.1426,,0.619,0.0243,0.235,NOMINAL,NOMINAL,NORMAL,0,
1705349700.0,1787429009.38407,1,0.9594,0.1347,,0.566,0.0216,0.225,NOMINAL,NOMINAL,NORMAL,0,
1705350600.0,1787429009.5089562,1,0.941,0.1367,,0.521,0.022,0.224,NOMINAL,NOMINAL,NORMAL,0,
1705351500.0,1787429009.634114,1,0.9355,0.136,,0.588,0.0216,0.22,NOMINAL,NOMINAL,NORMAL,0,
1705352400.0,1787429009.7600281,1,1.2185,0.1534,,0.82,0.0299,0.296,NOMINAL,NOMINAL,NORMAL,0,
1705353300.0,1787429009.8844252,1,1.0878,0.1458,,0.667,0.0263,0.244,NOMINAL,NOMINAL,NORMAL,0,
1705354200.0,1787429010.0092955,1,1.0174,0.1398,,0.634,0.0254,0.262,NOMINAL,NOMINAL,TRIGGERED,1,omni_p6
1705355100.0,1787429010.1345036,1,1.084,0.1435,,0.726,0.0269,0.249,NOMINAL,NOMINAL,NORMAL,0,
1705356000.0,1787429010.2592306,1,0.994,0.1404,,0.618,0.0244,0.229,NOMINAL,NOMINAL,NORMAL,0,
1705356900.0,1787429010.384085,1,0.9356,0.1333,,0.598,0.0231,0.224,NOMINAL,NOMINAL,NORMAL,0,
1705357800.0,1787429010.5089788,1,0.9162,0.1319,,0.591,0.0226,0.22,NOMINAL,NOMINAL,NORMAL,0,
1705358700.0,1787429010.634118,1,0.9307,0.1336,,0.596,0.022,0.223,NOMINAL,NOMINAL,NORMAL,0,
1705359600.0,1787429010.7590938,1,0.969,0.1324,,0.593,0.023,0.225,NOMINAL,NOMINAL,TRIGGERED,1,omni_p6
1705360500.0,1787429010.8840716,1,0.9243,0.1347,,0.588,0.0218,0.229,NOMINAL,NOMINAL,TRIGGERED,2,omni_p6
1705361400.0,1787429011.0095367,1,1.0374,0.1406,,0.814,0.0253,0.236,NOMINAL,NOMINAL,NORMAL,0,
1705362300.0,1787429011.1343703,1,1.0769,0.1385,,0.624,0.0259,0.245,NOMINAL,NOMINAL,NORMAL,0,
1705363200.0,1787429011.2599869,1,1.0197,0.1306,0.6104,0.643,0.0247,0.24,NOMINAL,NOMINAL,NORMAL,0,
1705364100.0,1787429011.3841155,1,0.9703,0.1354,,0.58,0.0231,0.231,NOMINAL,NOMINAL,NORMAL,0,
1705365000.0,1787429011.5090775,1,0.9455,0.1349,,0.587,0.0218,0.232,NOMINAL,NOMINAL,NORMAL,0,
1705365900.0,1787429011.6343331,1,1.0184,0.1398,,0.659,0.0239,0.24,NOMINAL,NOMINAL,TRIGGERED,1,omni_p6
1705366800.0,1787429011.7593734,1,1.0465,0.1457,,0.638,0.0229,0.239,NOMINAL,NOMINAL,TRIGGERED,2,omni_p6
1705367700.0,1787429011.8841696,1,0.9641,0.1347,,0.632,0.0232,0.222,NOMINAL,NOMINAL,NORMAL,0,
1705368600.0,1787429012.0091894,1,0.9467,0.136,,0.623,0.0229,0.254,NOMINAL,NOMINAL,NORMAL,0,
1705369500.0,1787429012.1343257,1,1.0076,0.1393,,0.693,0.0256,0.237,NOMINAL,NOMINAL,NORMAL,0,
1705370400.0,1787429012.2598128,1,1.1366,0.1479,,0.808,0.028,0.27,NOMINAL,NOMINAL,NORMAL,0,
1705371300.0,1787429012.384222,1,0.9859,0.1398,,0.64,0.0245,0.24,NOMINAL,NOMINAL,NORMAL,0,
1705372200.0,1787429012.5089452,1,0.9113,0.1364,,0.547,0.0223,0.228,NOMINAL,NOMINAL,TRIGGERED,1,omni_p6
1705373100.0,1787429012.6341143,1,0.9207,0.1359,,0.602,0.0235,0.23,NOMINAL,NOMINAL,TRIGGERED,2,omni_p6
1705374000.0,1787429012.7591374,1,0.9611,0.137,,0.624,0.0238,0.226,NOMINAL,NOMINAL,NORMAL,0,
1705374900.0,1787429012.8840656,1,0.9251,0.1369,,0.601,0.0223,0.223,NOMINAL,NOMINAL,NORMAL,0,
1705375800.0,1787429013.0091164,1,0.9417,0.1367,,0.585,0.0229,0.252,NOMINAL,NOMINAL,NORMAL,0,
1705376700.0,1787429013.1341903,1,0.9343,0.1356,,0.642,0.024,0.234,NOMINAL,NOMINAL,NORMAL,0,
1705377600.0,1787429013.2594514,1,1.0367,0.1367,,0.717,0.0259,0.251,NOMINAL,NOMINAL,NORMAL,0,
1705378500.0,1787429013.3841166,1,0.9528,0.1369,,0.613,0.0226,0.232,NOMINAL,NOMINAL,TRIGGERED,1,omni_p6
1705379400.0,1787429013.5089655,1,0.9278,0.1349,,0.55,0.023,0.225,NOMINAL,NOMINAL,NORMAL,0,
1705380300.0,1787429013.6340852,1,0.9123,0.1353,,0.607,0.0233,0.227,NOMINAL,NOMINAL,NORMAL,0,
1705381200.0,1787429013.7601209,1,1.2481,0.1561,,0.832,0.0286,0.294,NOMINAL,NOMINAL,NORMAL,0,
1705382100.0,1787429013.884407,1,1.0955,0.1474,,0.643,0.0255,0.245,NOMINAL,NOMINAL,NORMAL,0,
1705383000.0,1787429014.009305,1,1.0245,0.139,,0.635,0.0241,0.267,NOMINAL,NOMINAL,NORMAL,0,
1705383900.0,1787429014.134356,1,1.0485,0.143,,0.657,0.0248,0.241,NOMINAL,NOMINAL,NORMAL,0,
1705384800.0,1787429014.2593994,1,1.0229,0.1417,,0.699,0.0261,0.252,NOMINAL,NOMINAL,NORMAL,0,
1705385700.0,1787429014.3842654,1,0.9905,0.1367,,0.656,0.0238,0.247,NOMINAL,NOMINAL,NORMAL,0,
1705386600.0,1787429014.5090365,1,0.9602,0.1399,,0.558,0.0232,0.237,NOMINAL,NOMINAL,NORMAL,0,
1705387500.0,1787429014.6341627,1,0.9256,0.1373,,0.664,0.0228,0.234,NOMINAL,NOMINAL,NORMAL,0,
1705388400.0,1787429014.7599442,1,1.2183,0.1576,,0.76,0.0304,0.283,NOMINAL,NOMINAL,NORMAL,0,
1705389300.0,1787429014.8843408,1,1.0963,0.1517,,0.562,0.0245,0.235,NOMINAL,NOMINAL,NORMAL,0,
1705390200.0,1787429015.009051,1,1.0203,0.141,,0.478,0.017,0.196,NOMINAL,NOMINAL,NORMAL,0,
1705391100.0,1787429015.1342907,1,1.0599,0.1442,,0.591,0.0246,0.239,NOMINAL,NOMINAL,NORMAL,0,
1705392000.0,1787429015.2593496,1,1.0249,0.1407,,0.648,0.0248,0.246,NOMINAL,NOMINAL,NORMAL,0,
1705392900.0,1787429015.3841045,1,1.0034,0.1407,,0.543,0.0219,0.22,NOMINAL,NOMINAL,NORMAL,0,
1705393800.0,1787429015.5089839,1,0.9656,0.1406,,0.513,0.0204,0.212,NOMINAL,NOMINAL,NORMAL,0,
1705394700.0,1787429015.63403,1,0.9324,0.1421,,0.526,0.0218,0.245,NOMINAL,NOMINAL,TRIGGERED,1,omni_p6
1705395600.0,1787429015.7589517,1,0.9507,0.1333,,0.514,0.0211,0.213,NOMINAL,NOMINAL,NORMAL,0,
1705396500.0,1787429015.8839116,1,0.9088,0.1335,,0.509,0.0195,0.211,NOMINAL,NOMINAL,NORMAL,0,
1705397400.0,1787429016.009281,1,1.0401,0.1443,,0.563,0.0246,0.257,NOMINAL,NOMINAL,TRIGGERED,1,omni_p6
1705398300.0,1787429016.1341252,1,0.9539,0.1419,,0.586,0.0233,0.232,NOMINAL,NOMINAL,NORMAL,0,
1705399200.0,1787429016.2593057,1,1.0009,0.1385,,0.638,0.0268,0.251,NOMINAL,NOMINAL,NORMAL,0,
1705400100.0,1787429016.3840365,1,0.9492,0.1372,,0.549,0.0208,0.224,NOMINAL,NOMINAL,TRIGGERED,1,omni_p6
1705401000.0,1787429016.5089018,1,0.9187,0.1394,,0.507,0.0212,0.216,NOMINAL,NOMINAL,TRIGGERED,2,omni_p6
1705401900.0,1787429016.6339846,1,0.936,0.1337,,0.508,0.0214,0.208,NOMINAL,NOMINAL,NORMAL,0,
1705402800.0,1787429016.7591836,1,1.0269,0.1404,,0.546,0.0225,0.22,NOMINAL,NOMINAL,NORMAL,0,
1705403700.0,1787429016.8840277,1,0.962,0.1353,,0.534,0.0206,0.21,NOMINAL,NOMINAL,NORMAL,0,
1705404600.0,1787429017.0089617,1,0.9292,0.1353,,0.524,0.0197,0.208,NOMINAL,NOMINAL,NORMAL,0,
1705405500.0,1787429017.1341517,1,0.9555,0.1388,,0.612,0.0223,0.221,NOMINAL,NOMINAL,NORMAL,0,
1705406400.0,1787429017.259136,1,0.9609,0.136,,0.593,0.024,0.231,NOMINAL,NOMINAL,TRIGGERED,1,omni_p6
1705407300.0,1787429017.3843129,1,1.0069,0.1416,,0.661,0.0244,0.246,NOMINAL,NOMINAL,TRIGGERED,2,omni_p6
1705408200.0,1787429017.5089564,1,0.959,0.134,,0.507,0.0206,0.214,NOMINAL,NOMINAL,NORMAL,0,
1705409100.0,1787429017.6340296,1,0.9333,0.1351,,0.539,0.0215,0.219,NOMINAL,NOMINAL,NORMAL,0,
1705410000.0,1787429017.7593205,1,1.0214,0.1438,,0.617,0.026,0.24,NOMINAL,NOMINAL,NORMAL,0,
1705410900.0,1787429017.8841174,1,0.9527,0.1382,,0.597,0.0242,0.228,NOMINAL,NOMINAL,NORMAL,0,
1705411800.0,1787429018.009212,1,0.9654,0.1378,,0.612,0.0239,0.269,NOMINAL,NOMINAL,NORMAL,0,
1705412700.0,1787429018.1340632,1,0.9124,0.1402,,0.59,0.0221,0.233,NOMINAL,NOMINAL,TRIGGERED,1,omni_p6
1705413600.0,1787429018.2592237,1,0.9576,0.1365,,0.623,0.0243,0.245,NOMINAL,NOMINAL,NORMAL,0,
1705414500.0,1787429018.3843021,1,0.9918,0.1406,,0.663,0.0268,0.25,NOMINAL,NOMINAL,NORMAL,0,
1705415400.0,1787429018.5089521,1,0.9479,0.1393,,0.507,0.0215,0.224,NOMINAL,NOMINAL,NORMAL,0,
1705416300.0,1787429018.6340852,1,0.922,0.1326,,0.587,0.0231,0.239,NOMINAL,NOMINAL,NORMAL,0,
1705417200.0,1787429018.760102,1,1.246,0.1549,,0.822,0.0328,0.313,NOMINAL,NOMINAL,NORMAL,0,
1705418100.0,1787429018.884508,1,1.1,0.153,,0.715,0.0294,0.282,NOMINAL,NOMINAL,TRIGGERED,1,omni_p6
1705419000.0,1787429019.0093842,1,1.0455,0.1459,,0.674,0.0285,0.263,NOMINAL,NOMINAL,TRIGGERED,2,omni_p6
1705419900.0,1787429019.13417,1,0.9636,0.1403,,0.634,0.0287,0.254,NOMINAL,NOMINAL,NORMAL,0,
1705420800.0,1787429019.2592833,1,0.9881,0.1395,,0.646,0.0275,0.251,NOMINAL,NOMINAL,NORMAL,0,
1705421700.0,1787429019.3842738,1,0.9918,0.1407,,0.681,0.0274,0.257,NOMINAL,NOMINAL,NORMAL,0,
1705422600.0,1787429019.5090168,1,0.9455,0.1385,,0.559,0.0257,0.248,NOMINAL,NOMINAL,NORMAL,0,
1705423500.0,1787429019.634066,1,0.91,0.1612,,0.616,0.0256,0.243,NOMINAL,NOMINAL,NORMAL,0,
1705424400.0,1787429019.7599618,1,1.178,0.1534,,0.839,0.0311,0.309,NOMINAL,NOMINAL,NORMAL,0,
1705425300.0,1787429019.8843486,1,1.072,0.1458,,0.676,0.0261,0.268,NOMINAL,NOMINAL,NORMAL,0,
1705426200.0,1787429020.0092506,1,0.9862,0.1385,,0.659,0.0453,0.278,NOMINAL,NOMINAL,NORMAL,0,
1705427100.0,1787429020.134206,1,0.9607,0.1429,,0.618,0.0264,0.258,NOMINAL,NOMINAL,NORMAL,0,
1705428000.0,1787429020.2591088,1,0.9549,0.1336,,0.631,0.0252,0.247,NOMINAL,NOMINAL,NORMAL,0,
1705428900.0,1787429020.3842602,1,0.9681,0.139,,0.687,0.0259,0.261,NOMINAL,NOMINAL,NORMAL,0,
1705429800.0,1787429020.508985,1,0.9418,0.1406,,0.551,0.0246,0.238,NOMINAL,NOMINAL,NORMAL,0,
1705430700.0,1787429020.634009,1,0.8896,0.1558,,0.601,0.0258,0.238,NOMINAL,NOMINAL,NORMAL,0,
1705431600.0,1787429020.7591722,1,1.0038,0.1354,,0.611,0.0242,0.238,NOMINAL,NOMINAL,NORMAL,0,
1705432500.0,1787429020.883973,1,0.8926,0.1331,,0.604,0.0223,0.236,NOMINAL,NOMINAL,NORMAL,0,
1705433400.0,1787429021.0094607,1,1.0486,0.1427,,0.709,0.0281,0.262,NOMINAL,NOMINAL,NORMAL,0,
1705434300.0,1787429021.1342492,1,0.9866,0.1416,,0.664,0.0274,0.256,NOMINAL,NOMINAL,NORMAL,0,
1705435200.0,1787429021.2590933,1,0.9291,0.1322,,0.644,0.026,0.25,NOMINAL,NOMINAL,NORMAL,0,
1705436100.0,1787429021.384151,1,0.9492,0.135,,0.667,0.0261,0.256,NOMINAL,NOMINAL,NORMAL,0,
1705437000.0,1787429021.508829,1,0.8657,0.132,,0.537,0.0245,0.24,NOMINAL,NOMINAL,NORMAL,0,
1705437900.0,1787429021.633874,1,0.8266,0.1237,,0.608,0.0243,0.237,NOMINAL,NOMINAL,NORMAL,0,
1705438800.0,1787429021.7592912,1,0.9878,0.1399,,0.676,0.0276,0.256,NOMINAL,NOMINAL,TRIGGERED,1,omni_p6
1705439700.0,1787429021.8839464,1,0.8595,0.1322,,0.623,0.0261,0.245,NOMINAL,NOMINAL,TRIGGERED,2,omni_p6
1705440600.0,1787429022.0091684,1,0.9531,0.1329,,0.616,0.0276,0.269,NOMINAL,NOMINAL,NORMAL,0,
1705441500.0,1787429022.1340327,1,0.9101,0.1553,,0.616,0.0248,0.241,NOMINAL,NOMINAL,NORMAL,0,
1705442400.0,1787429022.259088,1,0.9455,0.1341,,0.621,0.0245,0.243,NOMINAL,NOMINAL,NORMAL,0,
1705443300.0,1787429022.3839464,1,0.8744,0.1275,,0.603,0.0251,0.232,NOMINAL,NOMINAL,NORMAL,0,
1705444200.0,1787429022.5091,1,0.9672,0.1379,,0.583,0.0244,0.268,NOMINAL,NOMINAL,NORMAL,0,
1705445100.0,1787429022.6339805,1,0.8599,0.1831,,0.601,0.0261,0.241,NOMINAL,NOMINAL,TRIGGERED,1,omni_p6
1705446000.0,1787429022.7590683,1,0.9416,0.1371,,0.624,0.0244,0.242,NOMINAL,NOMINAL,TRIGGERED,2,omni_p6
1705446900.0,1787429022.8838563,1,0.8396,0.1277,,0.594,0.0245,0.236,NOMINAL,NOMINAL,NORMAL,0,
1705447800.0,1787429023.008854,1,0.8296,0.1253,,0.586,0.0235,0.236,NOMINAL,NOMINAL,NORMAL,0,
1705448700.0,1787429023.1340222,1,0.8982,0.1573,,0.599,0.0248,0.241,NOMINAL,NOMINAL,NORMAL,0,
1705449600.0,1787429023.259611,1,0.8794,0.1234,0.6162,0.615,0.0272,0.25,NOMINAL,NOMINAL,NORMAL,0,
1705450500.0,1787429023.383989,1,0.911,0.131,,0.617,0.0238,0.239,NOMINAL,NOMINAL,NORMAL,0,
1705451400.0,1787429023.5092697,1,1.023,0.1421,,0.65,0.0503,0.293,NOMINAL,NOMINAL,TRIGGERED,1,omni_p6
1705452300.0,1787429023.633956,1,0.8741,0.1521,,0.608,0.0249,0.25,NOMINAL,NOMINAL,TRIGGERED,2,omni_p6
1705453200.0,1787429023.7601593,1,1.2653,0.1614,,0.834,0.0343,0.324,NOMINAL,NOMINAL,NORMAL,0,
1705454100.0,1787429023.8842616,1,0.9893,0.1414,,0.693,0.0293,0.275,NOMINAL,NOMINAL,NORMAL,0,
1705455000.0,1787429024.009208,1,0.9865,0.1419,,0.616,0.0266,0.285,NOMINAL,NOMINAL,NORMAL,0,
1705455900.0,1787429024.1341176,1,0.9378,0.1644,,0.634,0.0258,0.254,NOMINAL,NOMINAL,NORMAL,0,
1705456800.0,1787429024.258997,1,0.9067,0.1357,,0.62,0.026,0.248,NOMINAL,NOMINAL,TRIGGERED,1,omni_p6
1705457700.0,1787429024.384205,1,0.9502,0.1361,,0.664,0.0271,0.255,NOMINAL,NOMINAL,TRIGGERED,2,omni_p6
1705458600.0,1787429024.5092237,1,1.0069,0.1397,,0.631,0.0282,0.284,NOMINAL,NOMINAL,NORMAL,0,
1705459500.0,1787429024.6340196,1,0.8842,0.1619,,0.609,0.0262,0.248,NOMINAL,NOMINAL,NORMAL,0,
1705460400.0,1787429024.7600348,1,1.2083,0.1524,,0.847,0.0309,0.315,NOMINAL,NOMINAL,NORMAL,0,
1705461300.0,1787429024.884179,1,0.9686,0.1345,,0.682,0.0268,0.264,NOMINAL,NOMINAL,NORMAL,0,
1705462200.0,1787429025.0092707,1,1.0042,0.1389,,0.628,0.0573,0.292,NOMINAL,NOMINAL,NORMAL,0,
1705463100.0,1787429025.1341276,1,0.938,0.1696,,0.644,0.0287,0.258,NOMINAL,NOMINAL,TRIGGERED,1,omni_p6
1705464000.0,1787429025.259129,1,0.9593,0.1332,,0.646,0.0245,0.25,NOMINAL,NOMINAL,TRIGGERED,2,omni_p6
1705464900.0,1787429025.3840108,1,0.9047,0.1293,,0.631,0.0236,0.239,NOMINAL,NOMINAL,NORMAL,0,
1705465800.0,1787429025.5093038,1,1.1208,0.1363,,0.64,0.0267,0.289,NOMINAL,NOMINAL,NORMAL,0,
1705466700.0,1787429025.6340017,1,0.8887,0.157,,0.608,0.0269,0.243,NOMINAL,NOMINAL,NORMAL,0,
1705467600.0,1787429025.75916,1,0.9746,0.1322,,0.631,0.0254,0.243,NOMINAL,NOMINAL,NORMAL,0,
1705468500.0,1787429025.8840384,1,0.908,0.1349,,0.593,0.0246,0.238,NOMINAL,NOMINAL,NORMAL,0,
1705469400.0,1787429026.0093925,1,1.0043,0.1405,,0.707,0.0261,0.251,NOMINAL,NOMINAL,NORMAL,0,
1705470300.0,1787429026.1341648,1,0.9635,0.1375,,0.596,0.0246,0.242,NOMINAL,NOMINAL,NORMAL,0,
1705471200.0,1787429026.2592487,1,0.9586,0.1334,,0.649,0.0243,0.241,NOMINAL,NOMINAL,NORMAL,0,
1705472100.0,1787429026.384069,1,0.9219,0.1309,,0.592,0.0224,0.232,NOMINAL,NOMINAL,NORMAL,0,
1705473000.0,1787429026.5091856,1,0.971,0.1328,,0.642,0.0235,0.273,NOMINAL,NOMINAL,NORMAL,0,
1705473900.0,1787429026.6341772,1,0.9609,0.1371,,0.599,0.023,0.239,NOMINAL,NOMINAL,NORMAL,0,
1705474800.0,1787429026.7594721,1,1.0695,0.145,,0.654,0.0259,0.251,NOMINAL,NOMINAL,NORMAL,0,
1705475700.0,1787429026.884208,1,0.9793,0.1397,,0.652,0.025,0.249,NOMINAL,NOMINAL,NORMAL,0,
1705476600.0,1787429027.0092216,1,0.9759,0.1372,,0.606,0.0238,0.272,NOMINAL,NOMINAL,NORMAL,0,
1705477500.0,1787429027.134135,1,0.9549,0.1353,,0.594,0.021,0.231,NOMINAL,NOMINAL,NORMAL,0,
1705478400.0,1787429027.2592351,1,0.9788,0.1379,,0.63,0.0245,0.239,NOMINAL,NOMINAL,NORMAL,0,
1705479300.0,1787429027.3841062,1,0.9286,0.1389,,0.605,0.0241,0.236,NOMINAL,NOMINAL,TRIGGERED,1,omni_p6
1705480200.0,1787429027.5092635,1,0.9955,0.1408,,0.666,0.0266,0.294,NOMINAL,NOMINAL,TRIGGERED,2,omni_p6
1705481100.0,1787429027.6341858,1,0.9739,0.135,,0.613,0.0236,0.235,NOMINAL,NOMINAL,NORMAL,0,
1705482000.0,1787429027.7591255,1,0.9703,0.134,,0.604,0.0247,0.237,NOMINAL,NOMINAL,NORMAL,0,
1705482900.0,1787429027.8841941,1,0.9594,0.1406,,0.623,0.0236,0.239,NOMINAL,NOMINAL,NORMAL,0,
1705483800.0,1787429028.0091767,1,0.9589,0.1379,,0.609,0.0243,0.263,NOMINAL,NOMINAL,NORMAL,0,
1705484700.0,1787429028.1340718,1,0.9265,0.1357,,0.583,0.0218,0.231,NOMINAL,NOMINAL,NORMAL,0,
1705485600.0,1787429028.2591755,1,0.9396,0.1369,,0.634,0.0249,0.242,NOMINAL,NOMINAL,TRIGGERED,1,omni_p6
1705486500.0,1787429028.384,1,0.9018,0.1306,,0.573,0.0224,0.229,NOMINAL,NOMINAL,NORMAL,0,
1705487400.0,1787429028.5088766,1,0.8869,0.1289,,0.526,0.0219,0.229,NOMINAL,NOMINAL,NORMAL,0,
1705488300.0,1787429028.6343434,1,1.063,0.1378,,0.65,0.0243,0.246,NOMINAL,NOMINAL,NORMAL,0,
1705489200.0,1787429028.7600973,1,1.2317,0.159,,0.844,0.0318,0.307,NOMINAL,NOMINAL,NORMAL,0,
1705490100.0,1787429028.884368,1,1.0709,0.1435,,0.696,0.0272,0.26,NOMINAL,NOMINAL,NORMAL,0,
1705491000.0,1787429029.009249,1,0.9857,0.1384,,0.656,0.0277,0.279,NOMINAL,NOMINAL,TRIGGERED,1,omni_p6
1705491900.0,1787429029.1342475,1,0.9987,0.1421,,0.631,0.0248,0.246,NOMINAL,NOMINAL,TRIGGERED,2,omni_p6
1705492800.0,1787429029.2592368,1,0.9706,0.1382,,0.666,0.0256,0.243,NOMINAL,NOMINAL,NORMAL,0,
1705493700.0,1787429029.3840454,1,0.9195,0.1334,,0.64,0.0255,0.239,NOMINAL,NOMINAL,NORMAL,0,
1705494600.0,1787429029.5090063,1,0.9128,0.1386,,0.6,0.0242,0.241,NOMINAL,NOMINAL,NORMAL,0,
1705495500.0,1787429029.6342852,1,0.9697,0.1407,,0.687,0.0266,0.248,NOMINAL,NOMINAL,NORMAL,0,
1705496400.0,1787429029.7599254,1,1.1867,0.1528,,0.813,0.0312,0.286,NOMINAL,NOMINAL,NORMAL,0,
1705497300.0,1787429029.8842778,1,1.0173,0.1448,,0.699,0.0288,0.259,NOMINAL,NOMINAL,TRIGGERED,1,omni_p6
1705498200.0,1787429030.0091696,1,0.9454,0.1392,,0.648,0.0261,0.272,NOMINAL,NOMINAL,TRIGGERED,2,omni_p6
1705499100.0,1787429030.1340768,1,0.9,0.1625,,0.636,0.0263,0.264,NOMINAL,NOMINAL,NORMAL,0,
1705500000.0,1787429030.2590861,1,0.9309,0.1325,,0.648,0.0249,0.239,NOMINAL,NOMINAL,NORMAL,0,
1705500900.0,1787429030.3840349,1,0.9013,0.1346,,0.638,0.0245,0.24,NOMINAL,NOMINAL,NORMAL,0,
1705501800.0,1787429030.5089211,1,0.8861,0.1331,,0.586,0.0224,0.232,NOMINAL,NOMINAL,NORMAL,0,
1705502700.0,1787429030.6341271,1,0.8954,0.1624,,0.67,0.0278,0.247,NOMINAL,NOMINAL,NORMAL,0,
1705503600.0,1787429030.759045,1,0.8936,0.1309,,0.654,0.0251,0.246,NOMINAL,NOMINAL,TRIGGERED,1,omni_p6
1705504500.0,1787429030.8839135,1,0.8242,0.1275,,0.625,0.0221,0.235,NOMINAL,NOMINAL,TRIGGERED,2,omni_p6
1705505400.0,1787429031.0090435,1,0.9041,0.1338,,0.6,0.0239,0.234,NOMINAL,NOMINAL,NORMAL,0,
1705506300.0,1787429031.1344168,1,1.0254,0.1399,,0.729,0.0248,0.253,NOMINAL,NOMINAL,NORMAL,0,
1705507200.0,1787429031.2590792,1,0.9118,0.1325,,0.669,0.0252,0.245,NOMINAL,NOMINAL,NORMAL,0,
1705508100.0,1787429031.3839364,1,0.831,0.1257,,0.624,0.0244,0.244,NOMINAL,NOMINAL,NORMAL,0,
1705509000.0,1787429031.5088165,1,0.8297,0.125,,0.588,0.025,0.239,NOMINAL,NOMINAL,NORMAL,0,
1705509900.0,1787429031.6341007,1,0.859,0.1846,,0.656,0.0265,0.244,NOMINAL,NOMINAL,NORMAL,0,
1705510800.0,1787429031.7593503,1,1.0113,0.1422,,0.676,0.0263,0.247,NOMINAL,NOMINAL,NORMAL,0,
1705511700.0,1787429031.8840206,1,0.9247,0.135,,0.582,0.0215,0.222,NOMINAL,NOMINAL,NORMAL,0,
1705512600.0,1787429032.0088868,1,0.8569,0.129,,0.546,0.0199,0.214,NOMINAL,NOMINAL,NORMAL,0,
1705513500.0,1787429032.1341214,1,0.9169,0.1388,,0.608,0.0238,0.23,NOMINAL,NOMINAL,NORMAL,0,
1705514400.0,1787429032.2591171,1,0.8915,0.129,,0.658,0.0249,0.233,NOMINAL,NOMINAL,NORMAL,0,
1705515300.0,1787429032.384071,1,0.8912,0.1301,,0.634,0.0215,0.227,NOMINAL,NOMINAL,NORMAL,0,
1705516200.0,1787429032.5089657,1,0.9123,0.135,,0.564,0.022,0.232,NOMINAL,NOMINAL,NORMAL,0,
1705517100.0,1787429032.6344228,1,1.0424,0.1429,,0.705,0.0266,0.255,NOMINAL,NOMINAL,NORMAL,0,
1705518000.0,1787429032.759359,1,1.0206,0.143,,0.657,0.0261,0.247,NOMINAL,NOMINAL,NORMAL,0,
1705518900.0,1787429032.8841534,1,0.9539,0.1347,,0.616,0.023,0.24,NOMINAL,NOMINAL,NORMAL,0,
1705519800.0,1787429033.0091684,1,0.9391,0.1351,,0.603,0.0241,0.27,NOMINAL,NOMINAL,NORMAL,0,
1705520700.0,1787429033.1341312,1,0.9117,0.1367,,0.617,0.0233,0.235,NOMINAL,NOMINAL,NORMAL,0,
1705521600.0,1787429033.2592092,1,0.9613,0.1333,,0.644,0.0248,0.23,NOMINAL,NOMINAL,NORMAL,0,
1705522500.0,1787429033.3840349,1,0.8939,0.1338,,0.607,0.0222,0.227,NOMINAL,NOMINAL,NORMAL,0,
1705523400.0,1787429033.5089343,1,0.9045,0.1344,,0.55,0.0238,0.224,NOMINAL,NOMINAL,NORMAL,0,
1705524300.0,1787429033.634055,1,0.8862,0.1634,,0.609,0.0243,0.233,NOMINAL,NOMINAL,TRIGGERED,1,omni_p6
1705525200.0,1787429033.7602224,1,1.2717,0.1592,,0.882,0.0302,0.305,NOMINAL,NOMINAL,NORMAL,0,
1705526100.0,1787429033.8846045,1,1.1331,0.1524,,0.695,0.0245,0.261,NOMINAL,NOMINAL,NORMAL,0,
1705527000.0,1787429034.009357,1,1.0437,0.1431,,0.661,0.0241,0.248,NOMINAL,NOMINAL,NORMAL,0,
1705527900.0,1787429034.134196,1,0.977,0.1401,,0.619,0.0232,0.235,NOMINAL,NOMINAL,NORMAL,0,
1705528800.0,1787429034.2592673,1,0.9758,0.1341,,0.666,0.0242,0.235,NOMINAL,NOMINAL,NORMAL,0,
1705529700.0,1787429034.3841324,1,0.9434,0.1334,,0.62,0.023,0.236,NOMINAL,NOMINAL,NORMAL,0,
1705530600.0,1787429034.5089922,1,0.9213,0.139,,0.56,0.0243,0.232,NOMINAL,NOMINAL,TRIGGERED,1,omni_p6
1705531500.0,1787429034.6340976,1,0.9232,0.1435,,0.6,0.0232,0.231,NOMINAL,NOMINAL,NORMAL,0,
1705532400.0,1787429034.7602043,1,1.2462,0.1575,,0.924,0.0315,0.305,NOMINAL,NOMINAL,NORMAL,0,
1705533300.0,1787429034.8846078,1,1.1196,0.1499,,0.752,0.0264,0.268,NOMINAL,NOMINAL,NORMAL,0,
1705534200.0,1787429035.0093057,1,1.0164,0.1442,,0.66,0.0251,0.27,NOMINAL,NOMINAL,NORMAL,0,
1705535100.0,1787429035.1342635,1,1.023,0.1425,,0.623,0.0242,0.244,NOMINAL,NOMINAL,NORMAL,0,
1705536000.0,1787429035.2599187,1,0.9877,0.1344,0.6584,0.66,0.0249,0.237,NOMINAL,NOMINAL,TRIGGERED,1,omni_p6
1705536900.0,1787429035.3841503,1,0.9652,0.1379,,0.642,0.0239,0.243,NOMINAL,NOMINAL,TRIGGERED,2,omni_p6
1705537800.0,1787429035.5089052,1,0.8757,0.1316,,0.59,0.0245,0.239,NOMINAL,NOMINAL,NORMAL,0,
1705538700.0,1787429035.634011,1,0.8444,0.1839,,0.619,0.0238,0.248,NOMINAL,NOMINAL,NORMAL,0,
1705539600.0,1787429035.7594173,1,1.0428,0.1441,,0.694,0.0278,0.277,NOMINAL,NOMINAL,NORMAL,0,
1705540500.0,1787429035.883968,1,0.8772,0.1322,,0.64,0.0263,0.239,NOMINAL,NOMINAL,NORMAL,0,
1705541400.0,1787429036.0092022,1,0.9466,0.1347,,0.655,0.0265,0.272,NOMINAL,NOMINAL,NORMAL,0,
1705542300.0,1787429036.1343796,1,1.0144,0.1434,,0.705,0.0294,0.252,NOMINAL,NOMINAL,TRIGGERED,1,omni_p6
1705543200.0,1787429036.2590396,1,0.9096,0.1331,,0.651,0.0257,0.243,NOMINAL,NOMINAL,TRIGGERED,2,omni_p6
1705544100.0,1787429036.3839197,1,0.8257,0.1285,,0.636,0.0229,0.234,NOMINAL,NOMINAL,NORMAL,0,
1705545000.0,1787429036.508874,1,0.8736,0.1278,,0.564,0.0234,0.231,NOMINAL,NOMINAL,NORMAL,0,
1705545900.0,1787429036.633887,1,0.8225,0.1239,,0.631,0.0233,0.226,NOMINAL,NOMINAL,NORMAL,0,
1705546800.0,1787429036.7595093,1,1.0425,0.1422,,0.757,0.0275,0.266,NOMINAL,NOMINAL,NORMAL,0,
1705547700.0,1787429036.8840327,1,0.8904,0.1315,,0.644,0.025,0.251,NOMINAL,NOMINAL,NORMAL,0,
1705548600.0,1787429037.009234,1,0.9648,0.1395,,0.643,0.0247,0.267,NOMINAL,NOMINAL,TRIGGERED,1,omni_p6
1705549500.0,1787429037.1341758,1,0.9344,0.1405,,0.67,0.0257,0.246,NOMINAL,NOMINAL,TRIGGERED,2,omni_p6
1705550400.0,1787429037.2590797,1,0.907,0.1304,,0.652,0.0258,0.243,NOMINAL,NOMINAL,NORMAL,0,
1705551300.0,1787429037.3841152,1,0.9295,0.134,,0.627,0.0248,0.233,NOMINAL,NOMINAL,NORMAL,0,
1705552200.0,1787429037.508938,1,0.9124,0.132,,0.556,0.0238,0.229,NOMINAL,NOMINAL,NORMAL,0,
1705553100.0,1787429037.6340594,1,0.9102,0.1543,,0.601,0.0225,0.23,NOMINAL,NOMINAL,NORMAL,0,
1705554000.0,1787429037.759376,1,1.0375,0.1394,,0.706,0.026,0.251,NOMINAL,NOMINAL,NORMAL,0,
1705554900.0,1787429037.8841333,1,0.9496,0.1379,,0.623,0.0243,0.236,NOMINAL,NOMINAL,NORMAL,0,
1705555800.0,1787429038.0090222,1,0.906,0.1318,,0.603,0.0219,0.232,NOMINAL,NOMINAL,NORMAL,0,
1705556700.0,1787429038.1341124,1,0.9382,0.1334,,0.602,0.0224,0.233,NOMINAL,NOMINAL,NORMAL,0,
1705557600.0,1787429038.2591631,1,0.9689,0.1314,,0.654,0.0235,0.239,NOMINAL,NOMINAL,NORMAL,0,
1705558500.0,1787429038.3840568,1,0.9066,0.1324,,0.629,0.0237,0.233,NOMINAL,NOMINAL,NORMAL,0,
1705559400.0,1787429038.5089262,1,0.8941,0.1296,,0.565,0.0224,0.234,NOMINAL,NOMINAL,NORMAL,0,
1705560300.0,1787429038.6344483,1,1.0952,0.142,,0.659,0.0234,0.249,NOMINAL,NOMINAL,NORMAL,0,
1705561200.0,1787429038.7599642,1,1.2425,0.1598,,0.72,0.0279,0.272,NOMINAL,NOMINAL,NORMAL,0,
1705562100.0,1787429038.8846884,1,1.1512,0.154,,0.748,0.0281,0.269,NOMINAL,NOMINAL,NORMAL,0,
1705563000.0,1787429039.009331,1,1.036,0.1467,,0.619,0.0235,0.274,NOMINAL,NOMINAL,NORMAL,0,
1705563900.0,1787429039.1341841,1,0.9766,0.1443,,0.599,0.0222,0.232,NOMINAL,NOMINAL,NORMAL,0,
1705564800.0,1787429039.259234,1,0.9637,0.1394,,0.632,0.0238,0.266,NOMINAL,NOMINAL,TRIGGERED,1,omni_p6
1705565700.0,1787429039.3841517,1,0.9556,0.1368,,0.623,0.0227,0.237,NOMINAL,NOMINAL,NORMAL,0,
1705566600.0,1787429039.5096157,1,1.1258,0.1466,,0.748,0.0267,0.27,NOMINAL,NOMINAL,NORMAL,0,
1705567500.0,1787429039.6342063,1,1.0257,0.141,,0.594,0.0233,0.241,NOMINAL,NOMINAL,NORMAL,0,
1705568400.0,1787429039.7599623,1,1.2235,0.1538,,0.772,0.0265,0.28,NOMINAL,NOMINAL,NORMAL,0,
1705569300.0,1787429039.8845952,1,1.1269,0.1506,,0.736,0.026,0.26,NOMINAL,NOMINAL,NORMAL,0,
1705570200.0,1787429040.0093834,1,1.0658,0.1429,,0.667,0.0244,0.244,NOMINAL,NOMINAL,NORMAL,0,
1705571100.0,1787429040.1342185,1,0.9919,0.1406,,0.619,0.0253,0.244,NOMINAL,NOMINAL,TRIGGERED,1,omni_p6
1705572000.0,1787429040.2592468,1,0.9802,0.1394,,0.64,0.0236,0.238,NOMINAL,NOMINAL,NORMAL,0,
1705572900.0,1787429040.384178,1,0.9567,0.1384,,0.643,0.0233,0.245,NOMINAL,NOMINAL,NORMAL,0,
1705573800.0,1787429040.5090287,1,0.9236,0.1365,,0.618,0.0225,0.229,NOMINAL,NOMINAL,NORMAL,0,
1705574700.0,1787429040.6341984,1,0.9553,0.1372,,0.633,0.0235,0.238,NOMINAL,NOMINAL,NORMAL,0,
1705575600.0,1787429040.7590966,1,0.9469,0.1337,,0.623,0.0229,0.234,NOMINAL,NOMINAL,NORMAL,0,
1705576500.0,1787429040.884338,1,1.0009,0.1437,,0.685,0.0243,0.249,NOMINAL,NOMINAL,TRIGGERED,1,omni_p6
1705577400.0,1787429041.0092342,1,0.9735,0.1376,,0.64,0.0229,0.264,NOMINAL,NOMINAL,TRIGGERED,2,omni_p6
1705578300.0,1787429041.1342428,1,0.9778,0.1378,,0.644,0.0269,0.244,NOMINAL,NOMINAL,NORMAL,0,
1705579200.0,1787429041.2591398,1,0.9608,0.1337,,0.652,0.026,0.234,NOMINAL,NOMINAL,NORMAL,0,
1705580100.0,1787429041.3841064,1,0.9133,0.1319,,0.668,0.0245,0.239,NOMINAL,NOMINAL,NORMAL,0,
1705581000.0,1787429041.5090246,1,0.9067,0.1331,,0.643,0.0247,0.242,NOMINAL,NOMINAL,NORMAL,0,
1705581900.0,1787429041.633943,1,0.8246,0.1235,,0.656,0.023,0.236,NOMINAL,NOMINAL,NORMAL,0,
1705582800.0,1787429041.759344,1,0.9935,0.136,,0.683,0.0281,0.254,NOMINAL,NOMINAL,TRIGGERED,1,omni_p6
1705583700.0,1787429041.8843355,1,0.9845,0.1363,,0.72,0.0253,0.254,NOMINAL,NOMINAL,TRIGGERED,2,omni_p6
1705584600.0,1787429042.0090005,1,0.9401,0.1309,,0.534,0.0212,0.221,NOMINAL,NOMINAL,NORMAL,0,
1705585500.0,1787429042.133873,1,0.8961,0.1541,,0.487,0.0189,0.203,NOMINAL,NOMINAL,NORMAL,0,
1705586400.0,1787429042.2588468,1,0.9261,0.141,,0.468,0.0179,0.192,NOMINAL,NOMINAL,NORMAL,0,
1705587300.0,1787429042.383928,1,0.8708,0.1268,,0.572,0.0233,0.226,NOMINAL,NOMINAL,NORMAL,0,
1705588200.0,1787429042.50886,1,0.8892,0.1303,,0.499,0.02,0.231,NOMINAL,NOMINAL,NORMAL,0,
1705589100.0,1787429042.6339,1,0.9028,0.1883,,0.472,0.0182,0.215,NOMINAL,NOMINAL,TRIGGERED,1,omni_p6
1705590000.0,1787429042.7590513,1,0.9853,0.135,,0.526,0.0199,0.23,NOMINAL,NOMINAL,NORMAL,0,
1705590900.0,1787429042.884423,1,1.0417,0.1437,,0.678,0.027,0.274,NOMINAL,NOMINAL,NORMAL,0,
1705591800.0,1787429043.0090206,1,0.9647,0.1353,,0.52,0.0191,0.221,NOMINAL,NOMINAL,NORMAL,0,
1705592700.0,1787429043.133913,1,0.9205,0.1609,,0.497,0.0181,0.206,NOMINAL,NOMINAL,NORMAL,0,
1705593600.0,1787429043.258959,1,0.9503,0.1294,,0.525,0.0196,0.21,NOMINAL,NOMINAL,NORMAL,0,
1705594500.0,1787429043.38405,1,0.9348,0.1325,,0.574,0.0218,0.23,NOMINAL,NOMINAL,NORMAL,0,
1705595400.0,1787429043.508855,1,0.9114,0.1345,,0.496,0.0184,0.203,NOMINAL,NOMINAL,NORMAL,0,
1705596300.0,1787429043.6338975,1,0.9172,0.1616,,0.481,0.0172,0.198,NOMINAL,NOMINAL,NORMAL,0,
1705597200.0,1787429043.7596934,1,1.2435,0.1525,,0.569,0.0215,0.208,NOMINAL,NOMINAL,NORMAL,0,
1705598100.0,1787429043.8841777,1,1.081,0.1463,,0.504,0.0196,0.194,NOMINAL,NOMINAL,NORMAL,0,
1705599000.0,1787429044.009447,1,1.0694,0.1469,,0.697,0.0251,0.25,NOMINAL,NOMINAL,NORMAL,0,
1705599900.0,1787429044.1341913,1,1.0719,0.1425,,0.526,0.023,0.229,NOMINAL,NOMINAL,NORMAL,0,
1705600800.0,1787429044.2590425,1,0.9944,0.137,,0.531,0.0209,0.211,NOMINAL,NOMINAL,NORMAL,0,
1705601700.0,1787429044.3840575,1,0.954,0.1352,,0.568,0.022,0.227,NOMINAL,NOMINAL,NORMAL,0,
1705602600.0,1787429044.5089543,1,0.9434,0.1387,,0.51,0.0221,0.219,NOMINAL,NOMINAL,NORMAL,0,
1705603500.0,1787429044.6338897,1,0.9097,0.1812,,0.477,0.0199,0.198,NOMINAL,NOMINAL,NORMAL,0,
1705604400.0,1787429044.7597036,1,1.2155,0.1573,,0.603,0.0232,0.236,NOMINAL,NOMINAL,NORMAL,0,
1705605300.0,1787429044.8841827,1,1.0519,0.1453,,0.527,0.0198,0.225,NOMINAL,NOMINAL,NORMAL,0,
1705606200.0,1787429045.009454,1,1.0554,0.1468,,0.703,0.0247,0.248,NOMINAL,NOMINAL,NORMAL,0,
1705607100.0,1787429045.1340692,1,0.9764,0.1399,,0.534,0.0219,0.225,NOMINAL,NOMINAL,NORMAL,0,
1705608000.0,1787429045.2591054,1,0.999,0.1368,,0.558,0.0214,0.225,NOMINAL,NOMINAL,NORMAL,0,
1705608900.0,1787429045.3840797,1,0.9362,0.1348,,0.599,0.0243,0.229,NOMINAL,NOMINAL,NORMAL,0,
1705609800.0,1787429045.5089192,1,0.9292,0.1327,,0.514,0.0218,0.22,NOMINAL,NOMINAL,TRIGGERED,1,omni_p6
1705610700.0,1787429045.6340327,1,0.9554,0.1356,,0.532,0.0212,0.218,NOMINAL,NOMINAL,NORMAL,0,
1705611600.0,1787429045.7590287,1,0.9125,0.1323,,0.636,0.0238,0.237,NOMINAL,NOMINAL,NORMAL,0,
1705612500.0,1787429045.8838878,1,0.8147,0.1286,,0.611,0.0222,0.25,NOMINAL,NOMINAL,NORMAL,0,
1705613400.0,1787429046.0093226,1,0.9968,0.1385,,0.677,0.0275,0.272,NOMINAL,NOMINAL,NORMAL,0,
1705614300.0,1787429046.1340384,1,0.9127,0.161,,0.621,0.0226,0.234,NOMINAL,NOMINAL,NORMAL,0,
1705615200.0,1787429046.259265,1,1.0016,0.1366,,0.624,0.0255,0.243,NOMINAL,NOMINAL,TRIGGERED,1,omni_p6
1705616100.0,1787429046.3841467,1,0.9458,0.1387,,0.667,0.0244,0.244,NOMINAL,NOMINAL,TRIGGERED,2,omni_p6
1705617000.0,1787429046.5089667,1,0.8857,0.1313,,0.612,0.0252,0.236,NOMINAL,NOMINAL,NORMAL,0,
1705617900.0,1787429046.6341681,1,0.9124,0.1394,,0.638,0.0249,0.234,NOMINAL,NOMINAL,NORMAL,0,
1705618800.0,1787429046.7592728,1,0.9772,0.1347,,0.669,0.0267,0.249,NOMINAL,NOMINAL,NORMAL,0,
1705619700.0,1787429046.8840313,1,0.9072,0.1323,,0.642,0.0248,0.23,NOMINAL,NOMINAL,NORMAL,0,
1705620600.0,1787429047.0091574,1,0.9348,0.135,,0.661,0.0259,0.267,NOMINAL,NOMINAL,NORMAL,0,
1705621500.0,1787429047.1341257,1,0.9446,0.1386,,0.619,0.0251,0.238,NOMINAL,NOMINAL,TRIGGERED,1,omni_p6
1705622400.0,1787429047.2597435,1,0.9166,0.1294,0.6596,0.635,0.0229,0.23,NOMINAL,NOMINAL,TRIGGERED,2,omni_p6
1705623300.0,1787429047.3841228,1,0.9522,0.1346,,0.659,0.0235,0.239,NOMINAL,NOMINAL,NORMAL,0,
1705624200.0,1787429047.5090559,1,0.9216,0.1324,,0.654,0.0238,0.24,NOMINAL,NOMINAL,NORMAL,0,
1705625100.0,1787429047.634022,1,0.8586,0.1535,,0.654,0.0247,0.248,NOMINAL,NOMINAL,NORMAL,0,
1705626000.0,1787429047.7592866,1,0.997,0.1398,,0.631,0.0249,0.236,NOMINAL,NOMINAL,NORMAL,0,
1705626900.0,1787429047.8839948,1,0.929,0.1349,,0.547,0.0222,0.224,NOMINAL,NOMINAL,NORMAL,0,
1705627800.0,1787429048.0092974,1,0.9714,0.1415,,0.661,0.0252,0.277,NOMINAL,NOMINAL,TRIGGERED,1,omni_p6
1705628700.0,1787429048.1339877,1,0.9309,0.1616,,0.55,0.0206,0.223,NOMINAL,NOMINAL,TRIGGERED,2,omni_p6
1705629600.0,1787429048.2588985,1,0.8813,0.1286,,0.532,0.0211,0.242,NOMINAL,NOMINAL,NORMAL,0,
1705630500.0,1787429048.3839004,1,0.8401,0.1234,,0.589,0.0232,0.228,NOMINAL,NOMINAL,NORMAL,0,
1705631400.0,1787429048.508703,1,0.8109,0.1221,,0.499,0.0203,0.214,NOMINAL,NOMINAL,NORMAL,0,
1705632300.0,1787429048.6337473,1,0.8105,0.1261,,0.519,0.021,0.211,NOMINAL,NOMINAL,NORMAL,0,
1705633200.0,1787429048.7600303,1,1.2667,0.1653,,0.751,0.0275,0.287,NOMINAL,NOMINAL,TRIGGERED,1,omni_p6
1705634100.0,1787429048.88436,1,1.1002,0.1509,,0.589,0.0223,0.234,NOMINAL,NOMINAL,TRIGGERED,2,omni_p6
1705635000.0,1787429049.009208,1,1.0401,0.1454,,0.541,0.0253,0.254,NOMINAL,NOMINAL,NORMAL,0,
1705635900.0,1787429049.1344843,1,1.0967,0.1469,,0.687,0.0274,0.276,NOMINAL,NOMINAL,NORMAL,0,
1705636800.0,1787429049.2590663,1,1.0244,0.141,,0.501,0.019,0.209,NOMINAL,NOMINAL,NORMAL,0,
1705637700.0,1787429049.3840978,1,0.972,0.1376,,0.565,0.0205,0.231,NOMINAL,NOMINAL,NORMAL,0,
1705638600.0,1787429049.508943,1,0.956,0.1376,,0.5,0.019,0.202,NOMINAL,NOMINAL,NORMAL,0,
1705639500.0,1787429049.6339877,1,0.9536,0.1378,,0.488,0.0178,0.196,NOMINAL,NOMINAL,NORMAL,0,
1705640400.0,1787429049.7599378,1,1.189,0.1541,,0.803,0.0308,0.284,NOMINAL,NOMINAL,NORMAL,0,
1705641300.0,1787429049.8844116,1,1.0572,0.1438,,0.713,0.0279,0.269,NOMINAL,NOMINAL,NORMAL,0,
1705642200.0,1787429050.009249,1,0.9775,0.1372,,0.647,0.025,0.279,NOMINAL,NOMINAL,NORMAL,0,
1705643100.0,1787429050.134438,1,1.0734,0.1446,,0.679,0.0284,0.255,NOMINAL,NOMINAL,NORMAL,0,
1705644000.0,1787429050.2591715,1,0.9886,0.139,,0.633,0.0253,0.246,NOMINAL,NOMINAL,NORMAL,0,
1705644900.0,1787429050.3841531,1,0.9459,0.1395,,0.643,0.0246,0.245,NOMINAL,NOMINAL,NORMAL,0,
1705645800.0,1787429050.5089958,1,0.9291,0.1355,,0.568,0.0215,0.245,NOMINAL,NOMINAL,NORMAL,0,
1705646700.0,1787429050.6347313,1,1.1468,0.1532,,0.782,0.0293,0.283,NOMINAL,NOMINAL,NORMAL,0,
1705647600.0,1787429050.7595682,1,1.1059,0.1537,,0.686,0.029,0.267,NOMINAL,NOMINAL,NORMAL,0,
1705648500.0,1787429050.8842392,1,0.9851,0.1428,,0.645,0.0233,0.248,NOMINAL,NOMINAL,NORMAL,0,
1705649400.0,1787429051.009205,1,0.9256,0.1308,,0.648,0.0237,0.269,NOMINAL,NOMINAL,NORMAL,0,
1705650300.0,1787429051.134357,1,1.0208,0.1453,,0.673,0.0257,0.255,NOMINAL,NOMINAL,TRIGGERED,1,omni_p6
1705651200.0,1787429051.259284,1,0.9703,0.1357,,0.642,0.0247,0.251,NOMINAL,NOMINAL,NORMAL,0,
1705652100.0,1787429051.3840787,1,0.9084,0.1309,,0.627,0.024,0.245,NOMINAL,NOMINAL,NORMAL,0,
1705653000.0,1787429051.508949,1,0.9407,0.1371,,0.521,0.0226,0.234,NOMINAL,NOMINAL,NORMAL,0,
1705653900.0,1787429051.6341226,1,0.9386,0.1362,,0.578,0.0244,0.24,NOMINAL,NOMINAL,NORMAL,0,
1705654800.0,1787429051.7593348,1,1.0009,0.1408,,0.619,0.0266,0.292,NOMINAL,NOMINAL,NORMAL,0,
1705655700.0,1787429051.8841512,1,0.9503,0.1405,,0.58,0.0224,0.293,NOMINAL,NOMINAL,TRIGGERED,1,omni_p6
1705656600.0,1787429052.009177,1,0.955,0.1371,,0.571,0.0247,0.293,NOMINAL,NOMINAL,TRIGGERED,2,omni_p6
1705657500.0,1787429052.1343138,1,1.0222,0.1395,,0.66,0.0256,0.256,NOMINAL,NOMINAL,NORMAL,0,
1705658400.0,1787429052.2592332,1,0.9894,0.14,,0.628,0.0236,0.249,NOMINAL,NOMINAL,NORMAL,0,
1705659300.0,1787429052.3841453,1,0.9459,0.1349,,0.636,0.0242,0.238,NOMINAL,NOMINAL,NORMAL,0,
1705660200.0,1787429052.5089233,1,0.9251,0.1365,,0.519,0.0217,0.233,NOMINAL,NOMINAL,NORMAL,0,
1705661100.0,1787429052.6340623,1,0.9213,0.1411,,0.573,0.0224,0.238,NOMINAL,NOMINAL,NORMAL,0,
1705662000.0,1787429052.7591572,1,0.9868,0.1411,,0.61,0.0239,0.239,NOMINAL,NOMINAL,TRIGGERED,1,omni_p6
1705662900.0,1787429052.8842146,1,0.9816,0.1395,,0.625,0.0223,0.242,NOMINAL,NOMINAL,TRIGGERED,2,omni_p6
1705663800.0,1787429053.0090804,1,0.9384,0.1323,,0.581,0.0245,0.242,NOMINAL,NOMINAL,NORMAL,0,
1705664700.0,1787429053.1344075,1,1.0721,0.142,,0.659,0.0274,0.255,NOMINAL,NOMINAL,NORMAL,0,
1705665600.0,1787429053.259206,1,0.9799,0.1376,,0.611,0.0244,0.239,NOMINAL,NOMINAL,NORMAL,0,
1705666500.0,1787429053.38421,1,0.9727,0.1406,,0.643,0.0247,0.246,NOMINAL,NOMINAL,NORMAL,0,
1705667400.0,1787429053.5089579,1,0.9289,0.1374,,0.54,0.0218,0.234,NOMINAL,NOMINAL,TRIGGERED,1,omni_p6
1705668300.0,1787429053.634096,1,0.9193,0.1467,,0.587,0.0231,0.241,NOMINAL,NOMINAL,TRIGGERED,2,omni_p6
1705669200.0,1787429053.7601733,1,1.2783,0.1661,,0.791,0.0311,0.36,NOMINAL,NOMINAL,NORMAL,0,
1705670100.0,1787429053.8845158,1,1.1011,0.1515,,0.687,0.0262,0.309,NOMINAL,NOMINAL,NORMAL,0,
1705671000.0,1787429054.0093312,1,1.0188,0.1457,,0.633,0.0254,0.288,NOMINAL,NOMINAL,NORMAL,0,
1705671900.0,1787429054.1344361,1,1.0596,0.1463,,0.686,0.0267,0.306,NOMINAL,NOMINAL,NORMAL,0,
1705672800.0,1787429054.2591984,1,1.006,0.1412,,0.624,0.0239,0.244,NOMINAL,NOMINAL,NORMAL,0,
1705673700.0,1787429054.384303,1,1.0149,0.1431,,0.662,0.0254,0.241,NOMINAL,NOMINAL,TRIGGERED,1,omni_p6
1705674600.0,1787429054.5090911,1,0.9663,0.1431,,0.583,0.025,0.267,NOMINAL,NOMINAL,TRIGGERED,2,omni_p6
1705675500.0,1787429054.6341693,1,0.9575,0.1368,,0.609,0.0255,0.253,NOMINAL,NOMINAL,NORMAL,0,
1705676400.0,1787429054.7600715,1,1.2058,0.1562,,0.84,0.0322,0.363,NOMINAL,NOMINAL,NORMAL,0,
1705677300.0,1787429054.8842642,1,0.9901,0.138,,0.665,0.0269,0.261,NOMINAL,NOMINAL,NORMAL,0,
1705678200.0,1787429055.0092573,1,0.993,0.1406,,0.607,0.0453,0.285,NOMINAL,NOMINAL,NORMAL,0,
1705679100.0,1787429055.1341946,1,0.9419,0.1401,,0.603,0.0249,0.292,NOMINAL,NOMINAL,NORMAL,0,
1705680000.0,1787429055.259311,1,0.9501,0.1346,,0.696,0.0268,0.294,NOMINAL,NOMINAL,TRIGGERED,1,omni_p6
1705680900.0,1787429055.3841863,1,0.9596,0.1373,,0.655,0.0256,0.244,NOMINAL,NOMINAL,NORMAL,0,
1705681800.0,1787429055.5088272,1,0.8554,0.128,,0.534,0.0226,0.233,NOMINAL,NOMINAL,NORMAL,0,
1705682700.0,1787429055.6341639,1,0.9306,0.1369,,0.635,0.0235,0.242,NOMINAL,NOMINAL,NORMAL,0,
1705683600.0,1787429055.759044,1,0.9479,0.1309,,0.602,0.0227,0.238,NOMINAL,NOMINAL,NORMAL,0,
1705684500.0,1787429055.8839896,1,0.8622,0.1289,,0.604,0.0224,0.237,NOMINAL,NOMINAL,NORMAL,0,
1705685400.0,1787429056.008886,1,0.8155,0.1278,,0.583,0.0239,0.239,NOMINAL,NOMINAL,NORMAL,0,
1705686300.0,1787429056.1341534,1,0.9294,0.1351,,0.589,0.0245,0.241,NOMINAL,NOMINAL,NORMAL,0,
1705687200.0,1787429056.2596147,1,1.0745,0.149,,0.75,0.0294,0.275,NOMINAL,NOMINAL,NORMAL,0,
1705688100.0,1787429056.3844733,1,0.9796,0.1373,,0.677,0.0277,0.484,NOMINAL,NOMINAL,NORMAL,0,
1705689000.0,1787429056.5090191,1,0.9401,0.1378,,0.57,0.0253,0.25,NOMINAL,NOMINAL,NORMAL,0,
1705689900.0,1787429056.633984,1,0.854,0.1503,,0.594,0.026,0.254,NOMINAL,NOMINAL,NORMAL,0,
1705690800.0,1787429056.7597256,1,1.0612,0.146,,0.679,0.0274,0.507,NOMINAL,NOMINAL,NORMAL,0,
1705691700.0,1787429056.8840663,1,0.9122,0.1298,,0.64,0.0249,0.245,NOMINAL,NOMINAL,NORMAL,0,
1705692600.0,1787429057.0090392,1,0.874,0.127,,0.599,0.0243,0.278,NOMINAL,NOMINAL,NORMAL,0,
1705693500.0,1787429057.1340706,1,0.8539,0.153,,0.624,0.0236,0.261,NOMINAL,NOMINAL,NORMAL,0,
1705694400.0,1787429057.2592623,1,0.9546,0.1351,,0.661,0.0256,0.279,NOMINAL,NOMINAL,TRIGGERED,1,omni_p6
1705695300.0,1787429057.384105,1,0.9301,0.1324,,0.63,0.0273,0.25,NOMINAL,NOMINAL,NORMAL,0,
1705696200.0,1787429057.508894,1,0.863,0.1283,,0.552,0.0238,0.24,NOMINAL,NOMINAL,NORMAL,0,
1705697100.0,1787429057.6340377,1,0.8578,0.1503,,0.618,0.0275,0.244,NOMINAL,NOMINAL,NORMAL,0,
1705698000.0,1787429057.7590902,1,0.8858,0.1309,,0.613,0.0248,0.244,NOMINAL,NOMINAL,NORMAL,0,
1705698900.0,1787429057.8840604,1,0.9104,0.1309,,0.589,0.0232,0.24,NOMINAL,NOMINAL,NORMAL,0,
1705699800.0,1787429058.0090532,1,0.9281,0.1349,,0.55,0.0239,0.239,NOMINAL,NOMINAL,NORMAL,0,
1705700700.0,1787429058.1341789,1,0.9442,0.1378,,0.576,0.0234,0.297,NOMINAL,NOMINAL,TRIGGERED,1,omni_p6
1705701600.0,1787429058.259419,1,0.9915,0.1436,,0.683,0.0252,0.294,NOMINAL,NOMINAL,NORMAL,0,
1705702500.0,1787429058.384203,1,0.9725,0.1394,,0.618,0.0254,0.245,NOMINAL,NOMINAL,NORMAL,0,
1705703400.0,1787429058.5089622,1,0.9494,0.1377,,0.496,0.0221,0.23,NOMINAL,NOMINAL,NORMAL,0,
1705704300.0,1787429058.634002,1,0.9197,0.1396,,0.523,0.0205,0.218,NOMINAL,NOMINAL,NORMAL,0,
1705705200.0,1787429058.7599475,1,1.2478,0.158,,0.702,0.0278,0.286,NOMINAL,NOMINAL,NORMAL,0,
1705706100.0,1787429058.8843,1,1.0102,0.1447,,0.625,0.0254,0.261,NOMINAL,NOMINAL,NORMAL,0,
1705707000.0,1787429059.00936,1,1.0289,0.1423,,0.631,0.0251,0.306,NOMINAL,NOMINAL,TRIGGERED,1,omni_p6
1705707900.0,1787429059.1342506,1,1.0158,0.1432,,0.601,0.0231,0.245,NOMINAL,NOMINAL,NORMAL,0,
1705708800.0,1787429059.2604246,1,1.0325,0.1327,0.6255,0.692,0.0286,0.583,NOMINAL,NOMINAL,NORMAL,0,
1705709700.0,1787429059.3843486,1,1.04,0.142,,0.671,0.0271,0.258,NOMINAL,NOMINAL,NORMAL,0,
1705710600.0,1787429059.5090256,1,0.9593,0.1379,,0.547,0.0257,0.253,NOMINAL,NOMINAL,NORMAL,0,
1705711500.0,1787429059.634019,1,0.8787,0.1623,,0.59,0.0251,0.237,NOMINAL,NOMINAL,NORMAL,0,
1705712400.0,1787429059.7599363,1,1.1929,0.1555,,0.771,0.0314,0.302,NOMINAL,NOMINAL,TRIGGERED,1,omni_p6
1705713300.0,1787429059.88429,1,1.0004,0.1412,,0.662,0.0277,0.258,NOMINAL,NOMINAL,TRIGGERED,2,omni_p6
1705714200.0,1787429060.0092862,1,1.0029,0.1401,,0.621,0.0273,0.273,NOMINAL,NOMINAL,NORMAL,0,
1705715100.0,1787429060.134243,1,0.9776,0.1408,,0.638,0.0264,0.25,NOMINAL,NOMINAL,NORMAL,0,
1705716000.0,1787429060.2591538,1,0.9814,0.1365,,0.615,0.0239,0.239,NOMINAL,NOMINAL,NORMAL,0,
1705716900.0,1787429060.3845923,1,1.0907,0.1444,,0.734,0.0273,0.264,NOMINAL,NOMINAL,NORMAL,0,
1705717800.0,1787429060.5091078,1,0.9967,0.1441,,0.543,0.0246,0.26,NOMINAL,NOMINAL,NORMAL,0,
1705718700.0,1787429060.6341546,1,0.9438,0.1399,,0.603,0.025,0.241,NOMINAL,NOMINAL,TRIGGERED,1,omni_p6
1705719600.0,1787429060.759103,1,0.9603,0.1405,,0.589,0.0232,0.239,NOMINAL,NOMINAL,TRIGGERED,2,omni_p6
1705720500.0,1787429060.8840764,1,0.9236,0.1362,,0.596,0.0232,0.233,NOMINAL,NOMINAL,NORMAL,0,
1705721400.0,1787429061.009129,1,0.9375,0.1346,,0.584,0.0244,0.26,NOMINAL,NOMINAL,NORMAL,0,
1705722300.0,1787429061.1340728,1,0.9115,0.1411,,0.589,0.0235,0.233,NOMINAL,NOMINAL,NORMAL,0,
1705723200.0,1787429061.2594757,1,1.0347,0.1428,,0.704,0.028,0.262,NOMINAL,NOMINAL,NORMAL,0,
1705724100.0,1787429061.3843784,1,1.0186,0.1416,,0.695,0.0261,0.255,NOMINAL,NOMINAL,NORMAL,0,
1705725000.0,1787429061.5089927,1,0.95,0.1417,,0.534,0.0224,0.239,NOMINAL,NOMINAL,TRIGGERED,1,omni_p6
1705725900.0,1787429061.63412,1,0.9367,0.1355,,0.6,0.0233,0.24,NOMINAL,NOMINAL,NORMAL,0,
1705726800.0,1787429061.7593725,1,1.02,0.1429,,0.649,0.0277,0.255,NOMINAL,NOMINAL,NORMAL,0,
1705727700.0,1787429061.8840742,1,0.9348,0.1357,,0.587,0.0242,0.237,NOMINAL,NOMINAL,NORMAL,0,
1705728600.0,1787429062.009251,1,0.9604,0.1371,,0.643,0.0488,0.269,NOMINAL,NOMINAL,NORMAL,0,
1705729500.0,1787429062.134183,1,0.9935,0.1379,,0.583,0.024,0.233,NOMINAL,NOMINAL,NORMAL,0,
1705730400.0,1787429062.2595465,1,1.0851,0.1436,,0.691,0.0264,0.26,NOMINAL,NOMINAL,NORMAL,0,
1705731300.0,1787429062.3845851,1,1.0485,0.1444,,0.842,0.0286,0.265,NOMINAL,NOMINAL,NORMAL,0,
1705732200.0,1787429062.509142,1,0.9987,0.1411,,0.568,0.0254,0.266,NOMINAL,NOMINAL,NORMAL,0,
1705733100.0,1787429062.6340547,1,0.9442,0.1383,,0.525,0.0224,0.223,NOMINAL,NOMINAL,NORMAL,0,
1705734000.0,1787429062.7598114,1,1.1527,0.1504,,0.734,0.0288,0.312,NOMINAL,NOMINAL,NORMAL,0,
1705734900.0,1787429062.8841298,1,1.0032,0.1401,,0.565,0.0237,0.237,NOMINAL,NOMINAL,TRIGGERED,1,omni_p6
1705735800.0,1787429063.00912,1,0.9595,0.1375,,0.561,0.0233,0.255,NOMINAL,NOMINAL,NORMAL,0,
1705736700.0,1787429063.1341133,1,0.9486,0.1388,,0.567,0.0219,0.232,NOMINAL,NOMINAL,NORMAL,0,
1705737600.0,1787429063.2591066,1,0.9404,0.1372,,0.576,0.0222,0.234,NOMINAL,NOMINAL,NORMAL,0,
1705738500.0,1787429063.3842657,1,0.9767,0.1372,,0.666,0.0256,0.252,NOMINAL,NOMINAL,NORMAL,0,
1705739400.0,1787429063.509015,1,0.9615,0.1373,,0.533,0.0235,0.236,NOMINAL,NOMINAL,NORMAL,0,
1705740300.0,1787429063.6340783,1,0.9757,0.1386,,0.523,0.0208,0.219,NOMINAL,NOMINAL,NORMAL,0,
1705741200.0,1787429063.7601757,1,1.2506,0.1629,,0.809,0.0297,0.398,NOMINAL,NOMINAL,TRIGGERED,1,omni_p6
1705742100.0,1787429063.8845146,1,1.1283,0.1517,,0.673,0.0264,0.269,NOMINAL,NOMINAL,NORMAL,0,
1705743000.0,1787429064.0093706,1,1.0508,0.1486,,0.651,0.0255,0.256,NOMINAL,NOMINAL,NORMAL,0,
1705743900.0,1787429064.1341867,1,0.9791,0.1412,,0.607,0.0244,0.239,NOMINAL,NOMINAL,NORMAL,0,
1705744800.0,1787429064.2591386,1,0.99,0.1388,,0.587,0.0221,0.234,NOMINAL,NOMINAL,NORMAL,0,
1705745700.0,1787429064.384288,1,1.0063,0.143,,0.658,0.0257,0.25,NOMINAL,NOMINAL,NORMAL,0,
1705746600.0,1787429064.5091133,1,1.0039,0.1442,,0.546,0.0247,0.254,NOMINAL,NOMINAL,TRIGGERED,1,omni_p6
1705747500.0,1787429064.6341279,1,0.9583,0.1416,,0.56,0.0213,0.228,NOMINAL,NOMINAL,TRIGGERED,2,omni_p6
1705748400.0,1787429064.759986,1,1.2114,0.1605,,0.788,0.0297,0.295,NOMINAL,NOMINAL,NORMAL,0,
1705749300.0,1787429064.8842413,1,1.087,0.1441,,0.539,0.02,0.217,NOMINAL,NOMINAL,NORMAL,0,
1705750200.0,1787429065.009057,1,0.9989,0.1422,,0.5,0.0207,0.217,NOMINAL,NOMINAL,NORMAL,0,
1705751100.0,1787429065.134064,1,0.988,0.1445,,0.489,0.0194,0.209,NOMINAL,NOMINAL,NORMAL,0,
1705752000.0,1787429065.259022,1,0.9861,0.1372,,0.509,0.0198,0.205,NOMINAL,NOMINAL,NORMAL,0,
1705752900.0,1787429065.38396,1,0.9601,0.1371,,0.489,0.0196,0.203,NOMINAL,NOMINAL,TRIGGERED,1,omni_p6
1705753800.0,1787429065.5093453,1,1.0577,0.1466,,0.643,0.0271,0.259,NOMINAL,NOMINAL,TRIGGERED,2,omni_p6
1705754700.0,1787429065.6342866,1,1.0449,0.1412,,0.595,0.0268,0.244,NOMINAL,NOMINAL,NORMAL,0,
1705755600.0,1787429065.759219,1,1.0107,0.1425,,0.573,0.0243,0.232,NOMINAL,NOMINAL,NORMAL,0,
1705756500.0,1787429065.8841634,1,0.9835,0.139,,0.585,0.022,0.238,NOMINAL,NOMINAL,NORMAL,0,
1705757400.0,1787429066.0091486,1,0.9778,0.1382,,0.576,0.0221,0.246,NOMINAL,NOMINAL,NORMAL,0,
1705758300.0,1787429066.1340563,1,0.9337,0.1378,,0.543,0.0224,0.227,NOMINAL,NOMINAL,NORMAL,0,
1705759200.0,1787429066.2592735,1,0.9909,0.1435,,0.628,0.0253,0.243,NOMINAL,NOMINAL,TRIGGERED,1,omni_p6
1705760100.0,1787429066.3839881,1,0.9276,0.1361,,0.532,0.0212,0.222,NOMINAL,NOMINAL,TRIGGERED,2,omni_p6
1705761000.0,1787429066.509334,1,1.0299,0.141,,0.669,0.0262,0.276,NOMINAL,NOMINAL,NORMAL,0,
1705761900.0,1787429066.6341481,1,1.0124,0.1365,,0.556,0.024,0.228,NOMINAL,NOMINAL,NORMAL,0,
1705762800.0,1787429066.7592812,1,1.009,0.1418,,0.608,0.0246,0.244,NOMINAL,NOMINAL,NORMAL,0,
1705763700.0,1787429066.8840938,1,0.9461,0.136,,0.58,0.0228,0.239,NOMINAL,NOMINAL,NORMAL,0,
1705764600.0,1787429067.0092206,1,0.9772,0.1385,,0.596,0.0242,0.271,NOMINAL,NOMINAL,NORMAL,0,
1705765500.0,1787429067.1341445,1,0.9384,0.1374,,0.613,0.0237,0.244,NOMINAL,NOMINAL,TRIGGERED,1,omni_p6
1705766400.0,1787429067.259031,1,0.9168,0.1292,,0.59,0.0236,0.234,NOMINAL,NOMINAL,NORMAL,0,
1705767300.0,1787429067.3838618,1,0.8277,0.1239,,0.566,0.0224,0.232,NOMINAL,NOMINAL,NORMAL,0,
1705768200.0,1787429067.5092502,1,0.9932,0.1406,,0.656,0.0285,0.284,NOMINAL,NOMINAL,NORMAL,0,
1705769100.0,1787429067.6340656,1,0.8958,0.1636,,0.6,0.0242,0.242,NOMINAL,NOMINAL,NORMAL,0,
1705770000.0,1787429067.759094,1,0.9658,0.1358,,0.594,0.0243,0.235,NOMINAL,NOMINAL,NORMAL,0,
1705770900.0,1787429067.8839467,1,0.8513,0.1282,,0.585,0.0236,0.232,NOMINAL,NOMINAL,NORMAL,0,
1705771800.0,1787429068.0089407,1,0.837,0.125,,0.608,0.0248,0.227,NOMINAL,NOMINAL,NORMAL,0,
1705772700.0,1787429068.1341708,1,0.938,0.1352,,0.608,0.0241,0.234,NOMINAL,NOMINAL,NORMAL,0,
1705773600.0,1787429068.2591627,1,0.9323,0.1308,,0.64,0.0243,0.24,NOMINAL,NOMINAL,NORMAL,0,
1705774500.0,1787429068.3840077,1,0.8535,0.1295,,0.638,0.0258,0.237,NOMINAL,NOMINAL,NORMAL,0,
1705775400.0,1787429068.5093062,1,0.9984,0.136,,0.687,0.027,0.275,NOMINAL,NOMINAL,NORMAL,0,
1705776300.0,1787429068.634035,1,0.863,0.1592,,0.624,0.0251,0.239,NOMINAL,NOMINAL,NORMAL,0,
1705777200.0,1787429068.7603796,1,1.257,0.165,,1.075,0.0328,0.303,NOMINAL,NOMINAL,NORMAL,0,
1705778100.0,1787429068.8842945,1,0.9917,0.1405,,0.67,0.0276,0.256,NOMINAL,NOMINAL,NORMAL,0,
1705779000.0,1787429069.0091684,1,0.9323,0.1357,,0.627,0.0263,0.266,NOMINAL,NOMINAL,NORMAL,0,
1705779900.0,1787429069.1342766,1,1.0049,0.1458,,0.653,0.0271,0.248,NOMINAL,NOMINAL,NORMAL,0,
1705780800.0,1787429069.259032,1,0.8998,0.1285,,0.627,0.0249,0.238,NOMINAL,NOMINAL,NORMAL,0,
1705781700.0,1787429069.3840344,1,0.868,0.1321,,0.633,0.0252,0.243,NOMINAL,NOMINAL,NORMAL,0,
1705782600.0,1787429069.5092165,1,0.9608,0.1396,,0.674,0.0286,0.283,NOMINAL,NOMINAL,NORMAL,0,
1705783500.0,1787429069.6340692,1,0.8892,0.1588,,0.626,0.0239,0.235,NOMINAL,NOMINAL,NORMAL,0,
1705784400.0,1787429069.7600474,1,1.1869,0.1614,,0.799,0.0284,0.297,NOMINAL,NOMINAL,NORMAL,0,
1705785300.0,1787429069.8843892,1,1.0569,0.147,,0.674,0.0282,0.255,NOMINAL,NOMINAL,NORMAL,0,
1705786200.0,1787429070.009255,1,0.9843,0.1435,,0.629,0.0468,0.268,NOMINAL,NOMINAL,TRIGGERED,1,omni_p6
1705787100.0,1787429070.134227,1,0.9532,0.1369,,0.669,0.0241,0.241,NOMINAL,NOMINAL,NORMAL,0,
1705788000.0,1787429070.2591276,1,0.9493,0.135,,0.618,0.0227,0.23,NOMINAL,NOMINAL,NORMAL,0,
1705788900.0,1787429070.3840375,1,0.9029,0.1316,,0.608,0.022,0.225,NOMINAL,NOMINAL,NORMAL,0,
1705789800.0,1787429070.508994,1,0.923,0.1303,,0.588,0.0264,0.236,NOMINAL,NOMINAL,NORMAL,0,
1705790700.0,1787429070.6344483,1,1.0598,0.1462,,0.7,0.0274,0.258,NOMINAL,NOMINAL,NORMAL,0,
1705791600.0,1787429070.7591703,1,0.9934,0.1399,,0.62,0.0246,0.239,NOMINAL,NOMINAL,TRIGGERED,1,omni_p6
1705792500.0,1787429070.8840773,1,0.9286,0.1359,,0.608,0.0238,0.228,NOMINAL,NOMINAL,TRIGGERED,2,omni_p6
1705793400.0,1787429071.0090823,1,0.9097,0.134,,0.605,0.0242,0.245,NOMINAL,NOMINAL,NORMAL,0,
1705794300.0,1787429071.1341922,1,0.9507,0.1414,,0.605,0.0234,0.236,NOMINAL,NOMINAL,NORMAL,0,
1705795200.0,1787429071.260274,1,0.9882,0.1315,0.6325,0.678,0.0277,0.499,NOMINAL,NOMINAL,NORMAL,0,
1705796100.0,1787429071.384012,1,0.8943,0.1323,,0.612,0.0246,0.229,NOMINAL,NOMINAL,NORMAL,0,
1705797000.0,1787429071.5090835,1,0.9391,0.1375,,0.613,0.0252,0.256,NOMINAL,NOMINAL,NORMAL,0,
1705797900.0,1787429071.6344767,1,1.0813,0.1463,,0.706,0.0282,0.257,NOMINAL,NOMINAL,TRIGGERED,1,omni_p6
1705798800.0,1787429071.7593956,1,1.0374,0.1491,,0.644,0.0265,0.252,NOMINAL,NOMINAL,TRIGGERED,2,omni_p6
1705799700.0,1787429071.884103,1,0.9491,0.1349,,0.623,0.0243,0.24,NOMINAL,NOMINAL,NORMAL,0,
1705800600.0,1787429072.0091486,1,0.9287,0.135,,0.627,0.0253,0.261,NOMINAL,NOMINAL,NORMAL,0,
1705801500.0,1787429072.1341012,1,0.9322,0.1424,,0.609,0.022,0.231,NOMINAL,NOMINAL,NORMAL,0,
1705802400.0,1787429072.2590363,1,0.928,0.1328,,0.599,0.0211,0.224,NOMINAL,NOMINAL,NORMAL,0,
1705803300.0,1787429072.3839343,1,0.8729,0.1284,,0.584,0.0227,0.227,NOMINAL,NOMINAL,NORMAL,0,
1705804200.0,1787429072.5090086,1,0.9101,0.1373,,0.592,0.0227,0.244,NOMINAL,NOMINAL,TRIGGERED,1,omni_p6
1705805100.0,1787429072.634344,1,1.0014,0.1413,,0.694,0.0252,0.267,NOMINAL,NOMINAL,NORMAL,0,
1705806000.0,1787429072.7592142,1,0.9806,0.1337,,0.614,0.0246,0.253,NOMINAL,NOMINAL,NORMAL,0,
1705806900.0,1787429072.8841043,1,0.9284,0.1367,,0.606,0.0233,0.241,NOMINAL,NOMINAL,NORMAL,0,
1705807800.0,1787429073.0090983,1,0.9311,0.1361,,0.575,0.0236,0.254,NOMINAL,NOMINAL,NORMAL,0,
1705808700.0,1787429073.1341944,1,0.9396,0.1376,,0.651,0.023,0.235,NOMINAL,NOMINAL,NORMAL,0,
1705809600.0,1787429073.259142,1,0.93,0.1344,,0.626,0.0234,0.233,NOMINAL,NOMINAL,NORMAL,0,
1705810500.0,1787429073.3840814,1,0.9085,0.135,,0.622,0.0229,0.233,NOMINAL,NOMINAL,TRIGGERED,1,omni_p6
1705811400.0,1787429073.5090842,1,0.9442,0.1326,,0.609,0.024,0.257,NOMINAL,NOMINAL,NORMAL,0,
1705812300.0,1787429073.6343715,1,1.0413,0.1383,,0.682,0.0269,0.253,NOMINAL,NOMINAL,NORMAL,0,
1705813200.0,1787429073.759988,1,1.261,0.1604,,0.725,0.0278,0.291,NOMINAL,NOMINAL,NORMAL,0,
1705814100.0,1787429073.8845334,1,1.1216,0.153,,0.677,0.0264,0.266,NOMINAL,NOMINAL,NORMAL,0,
1705815000.0,1787429074.0093133,1,1.019,0.1437,,0.642,0.0254,0.276,NOMINAL,NOMINAL,NORMAL,0,
1705815900.0,1787429074.1342928,1,1.0446,0.1449,,0.615,0.023,0.249,NOMINAL,NOMINAL,NORMAL,0,
1705816800.0,1787429074.259195,1,0.9548,0.1383,,0.626,0.0236,0.242,NOMINAL,NOMINAL,NORMAL,0,
1705817700.0,1787429074.3841014,1,0.9251,0.1375,,0.631,0.0229,0.236,NOMINAL,NOMINAL,NORMAL,0,
1705818600.0,1787429074.5090828,1,0.9351,0.1373,,0.611,0.0254,0.255,NOMINAL,NOMINAL,NORMAL,0,
1705819500.0,1787429074.6343288,1,1.012,0.139,,0.682,0.0276,0.25,NOMINAL,NOMINAL,NORMAL,0,
1705820400.0,1787429074.7598407,1,1.1912,0.154,,0.72,0.0312,0.294,NOMINAL,NOMINAL,NORMAL,0,
1705821300.0,1787429074.884383,1,1.0538,0.1485,,0.667,0.0283,0.262,NOMINAL,NOMINAL,NORMAL,0,
1705822200.0,1787429075.009313,1,1.0087,0.1397,,0.631,0.0267,0.284,NOMINAL,NOMINAL,NORMAL,0,
1705823100.0,1787429075.134354,1,1.0253,0.1443,,0.662,0.0258,0.272,NOMINAL,NOMINAL,NORMAL,0,
1705824000.0,1787429075.259199,1,0.9875,0.1399,,0.635,0.025,0.242,NOMINAL,NOMINAL,NORMAL,0,
1705824900.0,1787429075.384567,1,1.0772,0.1491,,0.73,0.0299,0.268,NOMINAL,NOMINAL,NORMAL,0,
1705825800.0,1787429075.5092158,1,0.9933,0.1443,,0.604,0.0251,0.275,NOMINAL,NOMINAL,TRIGGERED,1,omni_p6
1705826700.0,1787429075.6344109,1,0.9899,0.139,,0.673,0.0257,0.376,NOMINAL,NOMINAL,TRIGGERED,2,omni_p6
1705827600.0,1787429075.7594106,1,1.0165,0.1447,,0.71,0.0276,0.256,NOMINAL,NOMINAL,NORMAL,0,
1705828500.0,1787429075.8841212,1,0.9452,0.1358,,0.609,0.0248,0.256,NOMINAL,NOMINAL,NORMAL,0,
1705829400.0,1787429076.0090954,1,0.9182,0.1338,,0.591,0.0252,0.278,NOMINAL,NOMINAL,NORMAL,0,
1705830300.0,1787429076.1340263,1,0.8669,0.1644,,0.645,0.024,0.235,NOMINAL,NOMINAL,NORMAL,0,
1705831200.0,1787429076.2591074,1,0.9584,0.1325,,0.612,0.024,0.242,NOMINAL,NOMINAL,NORMAL,0,
1705832100.0,1787429076.3844802,1,1.0469,0.146,,0.747,0.0274,0.251,NOMINAL,NOMINAL,TRIGGERED,1,omni_p6
1705833000.0,1787429076.5091374,1,0.97,0.1428,,0.602,0.026,0.289,NOMINAL,NOMINAL,TRIGGERED,2,omni_p6
1705833900.0,1787429076.634055,1,0.8987,0.1845,,0.571,0.0236,0.233,NOMINAL,NOMINAL,NORMAL,0,
1705834800.0,1787429076.7595694,1,1.0716,0.1429,,0.739,0.0291,0.266,NOMINAL,NOMINAL,NORMAL,0,
1705835700.0,1787429076.884059,1,0.9035,0.134,,0.604,0.026,0.258,NOMINAL,NOMINAL,NORMAL,0,
1705836600.0,1787429077.008997,1,0.875,0.1303,,0.596,0.0238,0.251,NOMINAL,NOMINAL,NORMAL,0,
1705837500.0,1787429077.1337879,1,0.7229,0.0425,,0.587,0.0199,0.25,NOMINAL,NOMINAL,STALE,0,
1705838400.0,1787429077.2586782,1,0.6696,0.0401,,0.598,0.0196,0.226,NOMINAL,NOMINAL,STALE,0,
1705839300.0,1787429077.3837807,1,0.6774,0.0417,,0.668,0.0191,0.22,NOMINAL,NOMINAL,STALE,0,
1705840200.0,1787429077.5087092,1,0.696,0.0428,,0.6,0.0219,0.252,NOMINAL,NOMINAL,STALE,0,
1705841100.0,1787429077.6336718,1,0.6563,0.04,,0.614,0.0197,0.225,NOMINAL,NOMINAL,STALE,0,
1705842000.0,1787429077.7590084,1,0.7529,0.0419,,0.682,0.0228,0.243,NOMINAL,NOMINAL,STALE,0,
1705842900.0,1787429077.8842204,1,0.9961,0.1475,,0.62,0.0255,0.275,NOMINAL,NOMINAL,NORMAL,0,
1705843800.0,1787429078.009042,1,0.9236,0.1392,,0.559,0.0228,0.247,NOMINAL,NOMINAL,TRIGGERED,1,omni_p6
1705844700.0,1787429078.134073,1,0.8888,0.1672,,0.588,0.022,0.254,NOMINAL,NOMINAL,TRIGGERED,2,omni_p6
1705845600.0,1787429078.2591012,1,0.93,0.1318,,0.61,0.0233,0.25,NOMINAL,NOMINAL,NORMAL,0,
1705846500.0,1787429078.3840754,1,0.9049,0.1305,,0.605,0.0224,0.245,NOMINAL,NOMINAL,NORMAL,0,
1705847400.0,1787429078.5089822,1,0.9139,0.1329,,0.562,0.0233,0.25,NOMINAL,NOMINAL,NORMAL,0,
1705848300.0,1787429078.634032,1,0.9011,0.1532,,0.576,0.022,0.232,NOMINAL,NOMINAL,NORMAL,0,
1705849200.0,1787429078.7600694,1,1.2015,0.1511,,0.8,0.0293,0.356,NOMINAL,NOMINAL,NORMAL,0,
1705850100.0,1787429078.8843958,1,1.1024,0.1447,,0.609,0.0244,0.248,NOMINAL,NOMINAL,TRIGGERED,1,omni_p6
1705851000.0,1787429079.0092826,1,1.0256,0.1422,,0.59,0.0235,0.264,NOMINAL,NOMINAL,TRIGGERED,2,omni_p6
1705851900.0,1787429079.1342292,1,1.003,0.1366,,0.597,0.0231,0.256,NOMINAL,NOMINAL,NORMAL,0,
1705852800.0,1787429079.2591634,1,0.9538,0.1343,,0.612,0.023,0.233,NOMINAL,NOMINAL,NORMAL,0,
1705853700.0,1787429079.3839967,1,0.9035,0.1307,,0.581,0.0228,0.232,NOMINAL,NOMINAL,NORMAL,0,
1705854600.0,1787429079.508988,1,0.9209,0.1329,,0.574,0.0228,0.227,NOMINAL,NOMINAL,NORMAL,0,
1705855500.0,1787429079.6340783,1,0.9189,0.1311,,0.58,0.0232,0.23,NOMINAL,NOMINAL,NORMAL,0,
1705856400.0,1787429079.7599642,1,1.1763,0.1485,,0.815,0.0292,0.3,NOMINAL,NOMINAL,NORMAL,0,
1705857300.0,1787429079.8841803,1,0.9808,0.1291,,0.598,0.0261,0.251,NOMINAL,NOMINAL,NORMAL,0,
1705858200.0,1787429080.0091674,1,0.9783,0.1332,,0.597,0.0236,0.266,NOMINAL,NOMINAL,NORMAL,0,
1705859100.0,1787429080.1344953,1,1.0813,0.1469,,0.691,0.0267,0.258,NOMINAL,NOMINAL,NORMAL,0,
1705860000.0,1787429080.259933,1,1.1863,0.158,,0.83,0.0307,0.28,NOMINAL,NOMINAL,NORMAL,0,
1705860900.0,1787429080.3844059,1,1.031,0.1415,,0.698,0.0271,0.266,NOMINAL,NOMINAL,NORMAL,0,
1705861800.0,1787429080.5093474,1,1.0279,0.1384,,0.649,0.026,0.293,NOMINAL,NOMINAL,NORMAL,0,
1705862700.0,1787429080.6344004,1,1.0605,0.1419,,0.645,0.0261,0.259,NOMINAL,NOMINAL,NORMAL,0,
1705863600.0,1787429080.7595034,1,1.0618,0.1418,,0.686,0.0295,0.273,NOMINAL,NOMINAL,NORMAL,0,
1705864500.0,1787429080.884349,1,1.0264,0.1426,,0.638,0.0285,0.263,NOMINAL,NOMINAL,NORMAL,0,
1705865400.0,1787429081.0093122,1,0.9999,0.1381,,0.627,0.0268,0.291,NOMINAL,NOMINAL,NORMAL,0,
1705866300.0,1787429081.13435,1,1.0211,0.1397,,0.667,0.0263,0.255,NOMINAL,NOMINAL,NORMAL,0,
1705867200.0,1787429081.259328,1,1.0033,0.137,,0.648,0.027,0.251,NOMINAL,NOMINAL,NORMAL,0,
1705868100.0,1787429081.3844016,1,1.0306,0.1407,,0.665,0.0266,0.258,NOMINAL,NOMINAL,NORMAL,0,
1705869000.0,1787429081.5092614,1,1.0175,0.1387,,0.633,0.0512,0.281,NOMINAL,NOMINAL,NORMAL,0,
1705869900.0,1787429081.6345623,1,1.0339,0.137,,0.719,0.0274,0.406,NOMINAL,NOMINAL,NORMAL,0,
1705870800.0,1787429081.7594304,1,1.0469,0.144,,0.659,0.0265,0.261,NOMINAL,NOMINAL,TRIGGERED,1,omni_p6
1705871700.0,1787429081.8846133,1,1.1154,0.1458,,0.717,0.027,0.273,NOMINAL,NOMINAL,NORMAL,0,
1705872600.0,1787429082.0092695,1,1.1176,0.1481,,0.494,0.0197,0.23,NOMINAL,NOMINAL,NORMAL,0,
1705873500.0,1787429082.1341624,1,1.1005,0.1471,,0.482,0.0182,0.186,NOMINAL,NOMINAL,NORMAL,0,
1705874400.0,1787429082.2590618,1,1.047,0.1433,,0.467,0.017,0.171,NOMINAL,NOMINAL,NORMAL,0,
1705875300.0,1787429082.3841364,1,1.0709,0.1436,,0.501,0.0187,0.197,NOMINAL,NOMINAL,NORMAL,0,
1705876200.0,1787429082.5091863,1,1.0564,0.1425,,0.525,0.021,0.235,NOMINAL,NOMINAL,NORMAL,0,
1705877100.0,1787429082.6341066,1,1.063,0.1457,,0.48,0.0174,0.185,NOMINAL,NOMINAL,TRIGGERED,1,omni_p6
1705878000.0,1787429082.759193,1,1.0778,0.1497,,0.528,0.0189,0.192,NOMINAL,NOMINAL,TRIGGERED,2,omni_p6
1705878900.0,1787429082.88457,1,1.1031,0.1514,,0.72,0.0267,0.267,NOMINAL,NOMINAL,NORMAL,0,
1705879800.0,1787429083.009233,1,1.0765,0.1513,,0.526,0.041,0.237,NOMINAL,NOMINAL,NORMAL,0,
1705880700.0,1787429083.1341825,1,1.0847,0.1445,,0.51,0.0203,0.207,NOMINAL,NOMINAL,NORMAL,0,
1705881600.0,1787429083.2600365,1,1.1099,0.1368,0.6414,0.546,0.0208,0.218,NOMINAL,NOMINAL,NORMAL,0,
1705882500.0,1787429083.384188,1,1.0912,0.1444,,0.498,0.018,0.192,NOMINAL,NOMINAL,TRIGGERED,1,omni_p6
1705883400.0,1787429083.5094516,1,1.1211,0.1542,,0.63,0.0246,0.249,NOMINAL,NOMINAL,TRIGGERED,2,omni_p6
1705884300.0,1787429083.6345048,1,1.1813,0.1481,,0.582,0.0227,0.236,NOMINAL,NOMINAL,NORMAL,0,
1705885200.0,1787429083.7601917,1,1.2806,0.1613,,0.852,0.0324,0.328,NOMINAL,NOMINAL,NORMAL,0,
1705886100.0,1787429083.884824,1,1.1817,0.16,,0.773,0.0301,0.289,NOMINAL,NOMINAL,NORMAL,0,
1705887000.0,1787429084.009505,1,1.1614,0.156,,0.599,0.0239,0.236,NOMINAL,NOMINAL,NORMAL,0,
1705887900.0,1787429084.1345975,1,1.2466,0.1547,,0.555,0.0214,0.221,NOMINAL,NOMINAL,NORMAL,0,
1705888800.0,1787429084.2592938,1,1.0925,0.1497,,0.54,0.0221,0.221,NOMINAL,NOMINAL,TRIGGERED,1,omni_p6
1705889700.0,1787429084.3840845,1,1.0371,0.1456,,0.485,0.0174,0.194,NOMINAL,NOMINAL,TRIGGERED,2,omni_p6
1705890600.0,1787429084.5096264,1,1.1402,0.1519,,0.681,0.026,0.277,NOMINAL,NOMINAL,NORMAL,0,
1705891500.0,1787429084.6343198,1,1.1424,0.1479,,0.551,0.0197,0.216,NOMINAL,NOMINAL,NORMAL,0,
1705892400.0,1787429084.759668,1,1.2363,0.1521,,0.563,0.0178,0.208,NOMINAL,NOMINAL,NORMAL,0,
1705893300.0,1787429084.8847098,1,1.1632,0.1546,,0.744,0.0288,0.273,NOMINAL,NOMINAL,NORMAL,0,
1705894200.0,1787429085.0096395,1,1.0602,0.1424,,0.588,0.0235,0.609,NOMINAL,NOMINAL,NORMAL,0,
1705895100.0,1787429085.1342514,1,1.0688,0.1462,,0.571,0.0247,0.245,NOMINAL,NOMINAL,TRIGGERED,1,omni_p6
1705896000.0,1787429085.2594578,1,1.0477,0.1459,,0.704,0.0265,0.257,NOMINAL,NOMINAL,TRIGGERED,2,omni_p6
1705896900.0,1787429085.3844693,1,1.0684,0.1471,,0.714,0.0274,0.266,NOMINAL,NOMINAL,NORMAL,0,
1705897800.0,1787429085.509101,1,1.0117,0.1397,,0.537,0.0245,0.266,NOMINAL,NOMINAL,NORMAL,0,
1705898700.0,1787429085.6342382,1,0.9741,0.1386,,0.648,0.0249,0.252,NOMINAL,NOMINAL,NORMAL,0,
1705899600.0,1787429085.7589831,1,0.8873,0.1306,,0.632,0.0228,0.238,NOMINAL,NOMINAL,NORMAL,0,
1705900500.0,1787429085.8842793,1,0.9847,0.1402,,0.687,0.0257,0.254,NOMINAL,NOMINAL,NORMAL,0,
1705901400.0,1787429086.0090423,1,0.8971,0.1304,,0.629,0.0235,0.24,NOMINAL,NOMINAL,NORMAL,0,
1705902300.0,1787429086.1341774,1,0.9347,0.1383,,0.62,0.0241,0.25,NOMINAL,NOMINAL,NORMAL,0,
1705903200.0,1787429086.259111,1,0.9403,0.1308,,0.648,0.0227,0.232,NOMINAL,NOMINAL,NORMAL,0,
1705904100.0,1787429086.385428,1,0.9828,0.1351,,0.761,0.0273,0.26,NOMINAL,NOMINAL,NORMAL,0,
1705905000.0,1787429086.5096247,1,0.9291,0.1358,,0.591,0.0247,0.244,NOMINAL,NOMINAL,NORMAL,0,
1705905900.0,1787429086.6346636,1,0.9225,0.1298,,0.652,0.0248,0.241,NOMINAL,NOMINAL,NORMAL,0,
1705906800.0,1787429086.7600427,1,1.0281,0.1407,,0.713,0.0286,0.263,NOMINAL,NOMINAL,NORMAL,0,
1705907700.0,1787429086.8847792,1,0.9463,0.135,,0.695,0.0263,0.259,NOMINAL,NOMINAL,NORMAL,0,
1705908600.0,1787429087.0099955,1,1.0103,0.1378,,0.735,0.0298,0.281,NOMINAL,NOMINAL,NORMAL,0,
1705909500.0,1787429087.1347437,1,0.965,0.1317,,0.652,0.0259,0.256,NOMINAL,NOMINAL,NORMAL,0,
1705910400.0,1787429087.2596288,1,0.9033,0.1313,,0.638,0.0248,0.239,NOMINAL,NOMINAL,NORMAL,0,
1705911300.0,1787429087.3845382,1,0.8618,0.1265,,0.626,0.0242,0.238,NOMINAL,NOMINAL,TRIGGERED,1,omni_p6
1705912200.0,1787429087.5094855,1,0.8649,0.1292,,0.582,0.0244,0.233,NOMINAL,NOMINAL,NORMAL,0,
1705913100.0,1787429087.6348147,1,0.9733,0.131,,0.649,0.0252,0.249,NOMINAL,NOMINAL,NORMAL,0,
1705914000.0,1787429087.759712,1,0.9046,0.1298,,0.645,0.025,0.238,NOMINAL,NOMINAL,NORMAL,0,
1705914900.0,1787429087.8846958,1,0.9024,0.1287,,0.628,0.0236,0.233,NOMINAL,NOMINAL,NORMAL,0,
1705915800.0,1787429088.0099776,1,0.9725,0.1307,,0.72,0.0277,0.297,NOMINAL,NOMINAL,NORMAL,0,
1705916700.0,1787429088.1347122,1,0.9502,0.1339,,0.591,0.0238,0.249,NOMINAL,NOMINAL,NORMAL,0,
1705917600.0,1787429088.2596514,1,0.8913,0.1312,,0.6,0.0248,0.243,NOMINAL,NOMINAL,TRIGGERED,1,omni_p6
1705918500.0,1787429088.3845186,1,0.877,0.1267,,0.54,0.0217,0.22,NOMINAL,NOMINAL,NORMAL,0,
1705919400.0,1787429088.5094733,1,0.8769,0.1287,,0.525,0.022,0.215,NOMINAL,NOMINAL,NORMAL,0,
1705920300.0,1787429088.6347027,1,0.9043,0.1269,,0.641,0.0242,0.233,NOMINAL,NOMINAL,NORMAL,0,
1705921200.0,1787429088.760525,1,1.1991,0.1515,,0.76,0.0309,0.295,NOMINAL,NOMINAL,NORMAL,0,
1705922100.0,1787429088.8848724,1,1.0101,0.132,,0.636,0.0263,0.248,NOMINAL,NOMINAL,NORMAL,0,
1705923000.0,1787429089.0100386,1,1.0349,0.1428,,0.701,0.0259,0.251,NOMINAL,NOMINAL,TRIGGERED,1,omni_p6
1705923900.0,1787429089.1348884,1,1.0334,0.1432,,0.606,0.0237,0.266,NOMINAL,NOMINAL,TRIGGERED,2,omni_p6
1705924800.0,1787429089.2596352,1,0.8748,0.1276,,0.621,0.0248,0.239,NOMINAL,NOMINAL,NORMAL,0,
1705925700.0,1787429089.3845286,1,0.8321,0.1272,,0.603,0.0233,0.231,NOMINAL,NOMINAL,NORMAL,0,
1705926600.0,1787429089.509396,1,0.8282,0.124,,0.553,0.0233,0.233,NOMINAL,NOMINAL,NORMAL,0,
1705927500.0,1787429089.634648,1,0.8753,0.1252,,0.625,0.0243,0.242,NOMINAL,NOMINAL,NORMAL,0,
1705928400.0,1787429089.7607408,1,1.1496,0.1501,,0.78,0.0295,0.567,NOMINAL,NOMINAL,NORMAL,0,
1705929300.0,1787429089.8848815,1,0.9904,0.1371,,0.708,0.0259,0.258,NOMINAL,NOMINAL,TRIGGERED,1,omni_p6
1705930200.0,1787429090.0100214,1,1.0363,0.1393,,0.732,0.0272,0.268,NOMINAL,NOMINAL,TRIGGERED,2,omni_p6
1705931100.0,1787429090.134757,1,0.9751,0.1363,,0.654,0.0252,0.246,NOMINAL,NOMINAL,NORMAL,0,
1705932000.0,1787429090.259541,1,0.8254,0.1274,,0.643,0.0253,0.258,NOMINAL,NOMINAL,NORMAL,0,
1705932900.0,1787429090.384441,1,0.7898,0.1259,,0.628,0.0241,0.238,NOMINAL,NOMINAL,NORMAL,0,
1705933800.0,1787429090.5094852,1,0.856,0.1267,,0.586,0.0228,0.226,NOMINAL,NOMINAL,NORMAL,0,
1705934700.0,1787429090.6346393,1,0.9021,0.1298,,0.637,0.0246,0.241,NOMINAL,NOMINAL,NORMAL,0,
1705935600.0,1787429090.7593904,1,0.7762,0.1245,,0.62,0.0218,0.24,NOMINAL,NOMINAL,TRIGGERED,1,omni_p6
1705936500.0,1787429090.8845758,1,0.8401,0.1288,,0.636,0.0225,0.235,NOMINAL,NOMINAL,NORMAL,0,
1705937400.0,1787429091.0098531,1,0.9762,0.1343,,0.687,0.0261,0.254,NOMINAL,NOMINAL,NORMAL,0,
1705938300.0,1787429091.1347504,1,0.9484,0.1355,,0.655,0.025,0.248,NOMINAL,NOMINAL,NORMAL,0,
1705939200.0,1787429091.2595994,1,0.8646,0.1271,,0.631,0.024,0.235,NOMINAL,NOMINAL,NORMAL,0,
1705940100.0,1787429091.384731,1,0.8915,0.1257,,0.674,0.0245,0.244,NOMINAL,NOMINAL,NORMAL,0,
1705941000.0,1787429091.5094957,1,0.8726,0.1275,,0.592,0.0236,0.232,NOMINAL,NOMINAL,NORMAL,0,
1705941900.0,1787429091.6346714,1,0.9136,0.1284,,0.65,0.0241,0.244,NOMINAL,NOMINAL,NORMAL,0,
1705942800.0,1787429091.7596724,1,0.889,0.1279,,0.645,0.0245,0.244,NOMINAL,NOMINAL,NORMAL,0,
1705943700.0,1787429091.885873,1,1.2129,0.1537,,0.963,0.0375,0.355,NOMINAL,NOMINAL,NORMAL,0,
1705944600.0,1787429092.010678,1,1.2107,0.1546,,0.89,0.0326,0.304,NOMINAL,NOMINAL,NORMAL,0,
1705945500.0,1787429092.1357305,1,1.212,0.1529,,0.901,0.0319,0.312,NOMINAL,NOMINAL,NORMAL,0,
1705946400.0,1787429092.2606637,1,1.1798,0.1537,,0.905,0.0322,0.31,NOMINAL,NOMINAL,NORMAL,0,
1705947300.0,1787429092.3857052,1,1.1816,0.1549,,0.945,0.0322,0.324,NOMINAL,NOMINAL,NORMAL,0,
1705948200.0,1787429092.510557,1,1.213,0.1502,,0.819,0.0306,0.294,NOMINAL,NOMINAL,NORMAL,0,
1705949100.0,1787429092.6358116,1,1.2635,0.1553,,0.913,0.0315,0.31,NOMINAL,NOMINAL,NORMAL,0,
1705950000.0,1787429092.7607195,1,1.1879,0.1486,,0.915,0.032,0.32,NOMINAL,NOMINAL,NORMAL,0,
1705950900.0,1787429092.8850849,1,1.0863,0.1421,,0.718,0.029,0.286,NOMINAL,NOMINAL,NORMAL,0,
1705951800.0,1787429093.0100112,1,1.0596,0.1642,,0.618,0.0266,0.243,NOMINAL,NOMINAL,NORMAL,0,
1705952700.0,1787429093.1349351,1,1.0452,0.1391,,0.628,0.0257,0.248,NOMINAL,NOMINAL,NORMAL,0,
1705953600.0,1787429093.2595284,1,0.9264,0.1312,,0.54,0.0218,0.208,NOMINAL,NOMINAL,NORMAL,0,
1705954500.0,1787429093.3844028,1,0.8633,0.1261,,0.522,0.0203,0.215,NOMINAL,NOMINAL,NORMAL,0,
1705955400.0,1787429093.509474,1,0.9218,0.1311,,0.5,0.0203,0.214,NOMINAL,NOMINAL,NORMAL,0,
1705956300.0,1787429093.6344674,1,0.9244,0.1335,,0.505,0.0209,0.219,NOMINAL,NOMINAL,TRIGGERED,1,omni_p6
1705957200.0,1787429093.760646,1,1.1937,0.1532,,0.884,0.0319,0.299,NOMINAL,NOMINAL,NORMAL,0,
1705958100.0,1787429093.8846643,1,0.9291,0.1347,,0.611,0.0261,0.241,NOMINAL,NOMINAL,NORMAL,0,
1705959000.0,1787429094.0101023,1,1.0911,0.173,,0.662,0.0287,0.259,NOMINAL,NOMINAL,NORMAL,0,
1705959900.0,1787429094.1350586,1,1.0882,0.1439,,0.69,0.0276,0.248,NOMINAL,NOMINAL,NORMAL,0,
1705960800.0,1787429094.2597606,1,0.9732,0.1386,,0.597,0.0245,0.232,NOMINAL,NOMINAL,NORMAL,0,
1705961700.0,1787429094.384478,1,0.8528,0.1268,,0.553,0.0224,0.214,NOMINAL,NOMINAL,NORMAL,0,
1705962600.0,1787429094.5095036,1,0.902,0.1337,,0.545,0.0222,0.221,NOMINAL,NOMINAL,TRIGGERED,1,omni_p6
1705963500.0,1787429094.6346896,1,0.9505,0.1325,,0.591,0.0231,0.235,NOMINAL,NOMINAL,NORMAL,0,
1705964400.0,1787429094.7605028,1,1.165,0.1503,,0.835,0.0324,0.299,NOMINAL,NOMINAL,NORMAL,0,
1705965300.0,1787429094.8848386,1,1.023,0.1396,,0.623,0.0257,0.244,NOMINAL,NOMINAL,NORMAL,0,
1705966200.0,1787429095.0096202,1,0.9222,0.1275,,0.602,0.0225,0.226,NOMINAL,NOMINAL,NORMAL,0,
1705967100.0,1787429095.1348999,1,1.0501,0.1404,,0.628,0.0252,0.238,NOMINAL,NOMINAL,NORMAL,0,
1705968000.0,1787429095.2603598,1,0.937,0.1296,0.6366,0.592,0.0263,0.238,NOMINAL,NOMINAL,TRIGGERED,1,omni_p6
1705968900.0,1787429095.3845193,1,0.8662,0.1273,,0.605,0.022,0.229,NOMINAL,NOMINAL,TRIGGERED,2,omni_p6
1705969800.0,1787429095.5094297,1,0.8897,0.1289,,0.514,0.0231,0.214,NOMINAL,NOMINAL,NORMAL,0,
1705970700.0,1787429095.6344786,1,0.8979,0.1244,,0.526,0.0222,0.215,NOMINAL,NOMINAL,NORMAL,0,
1705971600.0,1787429095.7595818,1,0.9233,0.131,,0.547,0.0247,0.214,NOMINAL,NOMINAL,NORMAL,0,
1705972500.0,1787429095.884563,1,0.9075,0.1304,,0.569,0.0236,0.22,NOMINAL,NOMINAL,NORMAL,0,
1705973400.0,1787429096.0094726,1,0.8727,0.1272,,0.541,0.0233,0.21,NOMINAL,NOMINAL,NORMAL,0,
1705974300.0,1787429096.134732,1,0.9743,0.1365,,0.601,0.0253,0.231,NOMINAL,NOMINAL,TRIGGERED,1,omni_p6
1705975200.0,1787429096.2594366,1,0.8546,0.1275,,0.537,0.022,0.215,NOMINAL,NOMINAL,TRIGGERED,2,omni_p6
1705976100.0,1787429096.3848195,1,0.9992,0.1395,,0.62,0.0244,0.229,NOMINAL,NOMINAL,NORMAL,0,
1705977000.0,1787429096.509569,1,0.9228,0.1324,,0.566,0.0238,0.233,NOMINAL,NOMINAL,NORMAL,0,
1705977900.0,1787429096.6345277,1,0.8987,0.1221,,0.556,0.023,0.226,NOMINAL,NOMINAL,NORMAL,0,
1705978800.0,1787429096.7597265,1,0.9373,0.1376,,0.607,0.025,0.235,NOMINAL,NOMINAL,NORMAL,0,
1705979700.0,1787429096.8844438,1,0.832,0.1257,,0.557,0.0227,0.24,NOMINAL,NOMINAL,NORMAL,0,
1705980600.0,1787429097.009695,1,0.9278,0.1317,,0.598,0.0246,0.237,NOMINAL,NOMINAL,TRIGGERED,1,omni_p6
1705981500.0,1787429097.1345851,1,0.9161,0.129,,0.568,0.0251,0.232,NOMINAL,NOMINAL,NORMAL,0,
1705982400.0,1787429097.2599444,1,1.0154,0.141,,0.653,0.0264,0.236,NOMINAL,NOMINAL,NORMAL,0,
1705983300.0,1787429097.3846714,1,0.9315,0.1341,,0.597,0.0229,0.224,NOMINAL,NOMINAL,NORMAL,0,
1705984200.0,1787429097.5095046,1,0.9168,0.1316,,0.529,0.0233,0.221,NOMINAL,NOMINAL,NORMAL,0,
1705985100.0,1787429097.634687,1,0.9459,0.1305,,0.591,0.0231,0.235,NOMINAL,NOMINAL,NORMAL,0,
1705986000.0,1787429097.7595766,1,0.9032,0.1327,,0.569,0.0235,0.224,NOMINAL,NOMINAL,NORMAL,0,
1705986900.0,1787429097.8845897,1,0.9005,0.128,,0.572,0.0218,0.213,NOMINAL,NOMINAL,NORMAL,0,
1705987800.0,1787429098.0095124,1,0.8698,0.1244,,0.569,0.0217,0.214,NOMINAL,NOMINAL,NORMAL,0,
1705988700.0,1787429098.1346166,1,0.9272,0.1312,,0.554,0.025,0.22,NOMINAL,NOMINAL,NORMAL,0,
1705989600.0,1787429098.259951,1,1.0231,0.1358,,0.668,0.0234,0.243,NOMINAL,NOMINAL,NORMAL,0,
1705990500.0,1787429098.3845985,1,0.9129,0.1314,,0.596,0.0224,0.221,NOMINAL,NOMINAL,NORMAL,0,
1705991400.0,1787429098.5098581,1,1.0505,0.139,,0.587,0.0267,0.239,NOMINAL,NOMINAL,NORMAL,0,
1705992300.0,1787429098.6350615,1,1.086,0.1414,,0.658,0.027,0.268,NOMINAL,NOMINAL,NORMAL,0,
1705993200.0,1787429098.7606153,1,1.2144,0.1575,,0.823,0.0312,0.277,NOMINAL,NOMINAL,NORMAL,0,
1705994100.0,1787429098.8850853,1,1.0911,0.1441,,0.679,0.0279,0.273,NOMINAL,NOMINAL,NORMAL,0,
1705995000.0,1787429099.009974,1,1.0257,0.1429,,0.689,0.0283,0.251,NOMINAL,NOMINAL,NORMAL,0,
1705995900.0,1787429099.1350067,1,1.0837,0.1418,,0.641,0.0266,0.245,NOMINAL,NOMINAL,NORMAL,0,
1705996800.0,1787429099.2601972,1,1.1114,0.1509,,0.732,0.0292,0.273,NOMINAL,NOMINAL,TRIGGERED,1,omni_p6
1705997700.0,1787429099.3848794,1,1.0301,0.1443,,0.612,0.0284,0.266,NOMINAL,NOMINAL,NORMAL,0,
1705998600.0,1787429099.5094771,1,0.9233,0.1309,,0.525,0.0234,0.22,NOMINAL,NOMINAL,NORMAL,0,
1705999500.0,1787429099.6346447,1,0.9832,0.1355,,0.561,0.0239,0.23,NOMINAL,NOMINAL,TRIGGERED,1,omni_p6
1706000400.0,1787429099.760544,1,1.1858,0.151,,0.84,0.0309,0.307,NOMINAL,NOMINAL,NORMAL,0,
1706001300.0,1787429099.8845723,1,0.9159,0.1362,,0.569,0.026,0.238,NOMINAL,NOMINAL,NORMAL,0,
1706002200.0,1787429100.0097165,1,0.969,0.1436,,0.573,0.0238,0.233,NOMINAL,NOMINAL,TRIGGERED,1,omni_p6
1706003100.0,1787429100.1344233,1,0.8664,0.1279,,0.537,0.0227,0.237,NOMINAL,NOMINAL,TRIGGERED,2,omni_p6
1706004000.0,1787429100.2597744,1,0.9622,0.1373,,0.609,0.0265,0.241,NOMINAL,NOMINAL,NORMAL,0,
1706004900.0,1787429100.3844273,1,0.8401,0.1244,,0.561,0.0219,0.229,NOMINAL,NOMINAL,NORMAL,0,
1706005800.0,1787429100.5094519,1,0.8882,0.1305,,0.522,0.0226,0.231,NOMINAL,NOMINAL,NORMAL,0,
1706006700.0,1787429100.6344848,1,0.9115,0.1268,,0.541,0.0224,0.215,NOMINAL,NOMINAL,NORMAL,0,
1706007600.0,1787429100.759347,1,0.8057,0.1239,,0.546,0.021,0.223,NOMINAL,NOMINAL,NORMAL,0,
1706008500.0,1787429100.8843336,1,0.8053,0.126,,0.522,0.0234,0.225,NOMINAL,NOMINAL,TRIGGERED,1,omni_p6
1706009400.0,1787429101.0096538,1,0.917,0.1332,,0.589,0.0231,0.229,NOMINAL,NOMINAL,TRIGGERED,2,omni_p6
1706010300.0,1787429101.134593,1,0.9297,0.1301,,0.538,0.0253,0.228,NOMINAL,NOMINAL,NORMAL,0,
1706011200.0,1787429101.259766,1,0.9539,0.1334,,0.613,0.0254,0.251,NOMINAL,NOMINAL,NORMAL,0,
1706012100.0,1787429101.384911,1,1.0083,0.1374,,0.65,0.0256,0.257,NOMINAL,NOMINAL,NORMAL,0,
1706013000.0,1787429101.5094247,1,0.8638,0.1284,,0.528,0.0251,0.236,NOMINAL,NOMINAL,NORMAL,0,
1706013900.0,1787429101.634621,1,0.9352,0.1327,,0.545,0.0231,0.26,NOMINAL,NOMINAL,NORMAL,0,
1706014800.0,1787429101.759845,1,0.9906,0.1446,,0.608,0.0272,0.271,NOMINAL,NOMINAL,TRIGGERED,1,omni_p6
1706015700.0,1787429101.8843868,1,0.844,0.13,,0.512,0.0238,0.214,NOMINAL,NOMINAL,NORMAL,0,
1706016600.0,1787429102.0093946,1,0.7938,0.1246,,0.599,0.0221,0.213,NOMINAL,NOMINAL,NORMAL,0,
1706017500.0,1787429102.134411,1,0.8594,0.1246,,0.552,0.0214,0.214,NOMINAL,NOMINAL,NORMAL,0,
1706018400.0,1787429102.2594538,1,0.8042,0.1247,,0.682,0.0234,0.23,NOMINAL,NOMINAL,NORMAL,0,
1706019300.0,1787429102.3847413,1,0.9596,0.1331,,0.648,0.024,0.233,NOMINAL,NOMINAL,NORMAL,0,
1706020200.0,1787429102.5097024,1,0.93,0.1359,,0.574,0.0229,0.354,NOMINAL,NOMINAL,TRIGGERED,1,omni_p6
1706021100.0,1787429102.6348386,1,0.9674,0.1355,,0.634,0.0236,0.344,NOMINAL,NOMINAL,TRIGGERED,2,omni_p6
1706022000.0,1787429102.7595694,1,0.8633,0.1297,,0.647,0.0237,0.236,NOMINAL,NOMINAL,NORMAL,0,
1706022900.0,1787429102.8846543,1,0.902,0.1306,,0.629,0.0241,0.235,NOMINAL,NOMINAL,NORMAL,0,
1706023800.0,1787429103.0096307,1,0.8936,0.1315,,0.593,0.0225,0.251,NOMINAL,NOMINAL,NORMAL,0,
1706024700.0,1787429103.134586,1,0.9063,0.1293,,0.579,0.0218,0.24,NOMINAL,NOMINAL,NORMAL,0,
1706025600.0,1787429103.2595541,1,0.8669,0.1263,,0.587,0.022,0.23,NOMINAL,NOMINAL,NORMAL,0,
1706026500.0,1787429103.384787,1,0.943,0.1327,,0.641,0.0257,0.235,NOMINAL,NOMINAL,NORMAL,0,
1706027400.0,1787429103.509549,1,0.9227,0.1307,,0.551,0.0231,0.227,NOMINAL,NOMINAL,NORMAL,0,
1706028300.0,1787429103.6346185,1,0.9178,0.1313,,0.581,0.0212,0.23,NOMINAL,NOMINAL,NORMAL,0,
1706029200.0,1787429103.7606225,1,1.1941,0.1596,,0.88,0.0305,0.29,NOMINAL,NOMINAL,NORMAL,0,
1706030100.0,1787429103.884847,1,1.0552,0.1502,,0.592,0.0212,0.23,NOMINAL,NOMINAL,NORMAL,0,
1706031000.0,1787429104.0097296,1,0.9516,0.133,,0.626,0.0242,0.232,NOMINAL,NOMINAL,NORMAL,0,
1706031900.0,1787429104.1347232,1,0.9689,0.1335,,0.574,0.0242,0.236,NOMINAL,NOMINAL,NORMAL,0,
1706032800.0,1787429104.2600193,1,1.0631,0.139,,0.673,0.0261,0.253,NOMINAL,NOMINAL,NORMAL,0,
1706033700.0,1787429104.3849194,1,1.0118,0.1372,,0.679,0.0259,0.24,NOMINAL,NOMINAL,NORMAL,0,
1706034600.0,1787429104.5095987,1,0.9625,0.131,,0.56,0.0243,0.218,NOMINAL,NOMINAL,NORMAL,0,
1706035500.0,1787429104.634679,1,0.9593,0.1316,,0.58,0.0255,0.231,NOMINAL,NOMINAL,NORMAL,0,
1706036400.0,1787429104.7604585,1,1.1741,0.1507,,0.791,0.0312,0.283,NOMINAL,NOMINAL,NORMAL,0,
1706037300.0,1787429104.8847055,1,1.0202,0.1399,,0.548,0.0252,0.217,NOMINAL,NOMINAL,NORMAL,0,
1706038200.0,1787429105.0097635,1,0.9829,0.1342,,0.6,0.0246,0.232,NOMINAL,NOMINAL,NORMAL,0,
1706039100.0,1787429105.1346438,1,0.9487,0.1309,,0.569,0.0232,0.23,NOMINAL,NOMINAL,NORMAL,0,
1706040000.0,1787429105.2595146,1,0.8929,0.1257,,0.537,0.0224,0.221,NOMINAL,NOMINAL,NORMAL,0,
1706040900.0,1787429105.384837,1,0.9796,0.1354,,0.648,0.0233,0.234,NOMINAL,NOMINAL,TRIGGERED,1,omni_p6
1706041800.0,1787429105.5094702,1,0.9136,0.1308,,0.524,0.0212,0.214,NOMINAL,NOMINAL,TRIGGERED,2,omni_p6
1706042700.0,1787429105.634587,1,0.9387,0.1316,,0.537,0.0253,0.223,NOMINAL,NOMINAL,NORMAL,0,
1706043600.0,1787429105.759419,1,0.871,0.125,,0.517,0.0212,0.217,NOMINAL,NOMINAL,NORMAL,0,
1706044500.0,1787429105.8844147,1,0.8577,0.1252,,0.524,0.0192,0.206,NOMINAL,NOMINAL,NORMAL,0,
1706045400.0,1787429106.0095615,1,0.8955,0.129,,0.55,0.0221,0.22,NOMINAL,NOMINAL,NORMAL,0,
1706046300.0,1787429106.1345186,1,0.9147,0.1268,,0.534,0.0199,0.22,NOMINAL,NOMINAL,NORMAL,0,
1706047200.0,1787429106.259475,1,0.8728,0.1284,,0.528,0.0228,0.218,NOMINAL,NOMINAL,TRIGGERED,1,omni_p6
1706048100.0,1787429106.385422,1,1.0559,0.1416,,0.701,0.0262,0.295,NOMINAL,NOMINAL,TRIGGERED,2,omni_p6
1706049000.0,1787429106.5096083,1,0.9754,0.1347,,0.533,0.0225,0.222,NOMINAL,NOMINAL,NORMAL,0,
1706049900.0,1787429106.634645,1,0.9582,0.1315,,0.562,0.0233,0.235,NOMINAL,NOMINAL,NORMAL,0,
1706050800.0,1787429106.7598262,1,0.9797,0.1381,,0.64,0.0243,0.235,NOMINAL,NOMINAL,NORMAL,0,
1706051700.0,1787429106.884587,1,0.9287,0.1306,,0.564,0.0225,0.219,NOMINAL,NOMINAL,NORMAL,0,
1706052600.0,1787429107.0095344,1,0.8837,0.1284,,0.572,0.0225,0.217,NOMINAL,NOMINAL,NORMAL,0,
1706053500.0,1787429107.1346276,1,0.9368,0.1325,,0.555,0.0202,0.217,NOMINAL,NOMINAL,TRIGGERED,1,omni_p6
1706054400.0,1787429107.260159,1,0.8692,0.1223,0.6159,0.552,0.0208,0.217,NOMINAL,NOMINAL,TRIGGERED,2,omni_p6
1706055300.0,1787429107.3849401,1,1.0337,0.1337,,0.664,0.0273,0.24,NOMINAL,NOMINAL,NORMAL,0,
1706056200.0,1787429107.5096657,1,0.9753,0.1338,,0.592,0.0229,0.224,NOMINAL,NOMINAL,NORMAL,0,
1706057100.0,1787429107.6347258,1,0.9915,0.131,,0.588,0.0236,0.225,NOMINAL,NOMINAL,NORMAL,0,
1706058000.0,1787429107.7596922,1,0.9543,0.1352,,0.579,0.0238,0.234,NOMINAL,NOMINAL,NORMAL,0,
1706058900.0,1787429107.8846834,1,0.9458,0.136,,0.576,0.0215,0.241,NOMINAL,NOMINAL,TRIGGERED,1,omni_p6
1706059800.0,1787429108.0095828,1,0.9138,0.131,,0.566,0.023,0.212,NOMINAL,NOMINAL,TRIGGERED,2,omni_p6
1706060700.0,1787429108.1346474,1,0.9314,0.128,,0.538,0.0238,0.294,NOMINAL,NOMINAL,NORMAL,0,
1706061600.0,1787429108.2594922,1,0.8705,0.123,,0.546,0.0231,0.221,NOMINAL,NOMINAL,NORMAL,0,
1706062500.0,1787429108.3844848,1,0.8805,0.1265,,0.53,0.0229,0.207,NOMINAL,NOMINAL,NORMAL,0,
1706063400.0,1787429108.5098891,1,1.0391,0.1409,,0.624,0.0261,0.233,NOMINAL,NOMINAL,NORMAL,0,
1706064300.0,1787429108.6347005,1,0.9806,0.131,,0.558,0.0244,0.246,NOMINAL,NOMINAL,NORMAL,0,
1706065200.0,1787429108.7606492,1,1.2152,0.1542,,0.875,0.031,0.286,NOMINAL,NOMINAL,TRIGGERED,1,omni_p6
1706066100.0,1787429108.885134,1,1.0977,0.1462,,0.676,0.0262,0.302,NOMINAL,NOMINAL,TRIGGERED,2,omni_p6
1706067000.0,1787429109.009899,1,1.0033,0.1396,,0.666,0.0282,0.251,NOMINAL,NOMINAL,NORMAL,0,
1706067900.0,1787429109.134718,1,0.9772,0.1329,,0.603,0.0242,0.226,NOMINAL,NOMINAL,NORMAL,0,
1706068800.0,1787429109.2597036,1,0.9463,0.1334,,0.582,0.0245,0.232,NOMINAL,NOMINAL,NORMAL,0,
1706069700.0,1787429109.3846462,1,0.917,0.1326,,0.591,0.0236,0.227,NOMINAL,NOMINAL,NORMAL,0,
1706070600.0,1787429109.5097306,1,0.9883,0.1322,,0.578,0.0257,0.241,NOMINAL,NOMINAL,NORMAL,0,
1706071500.0,1787429109.6347713,1,0.9939,0.133,,0.627,0.0274,0.237,NOMINAL,NOMINAL,NORMAL,0,
1706072400.0,1787429109.7606688,1,1.1782,0.1547,,0.852,0.0316,0.413,NOMINAL,NOMINAL,NORMAL,0,
1706073300.0,1787429109.88489,1,1.0418,0.1375,,0.549,0.0244,0.349,NOMINAL,NOMINAL,NORMAL,0,
1706074200.0,1787429110.009652,1,0.9491,0.1293,,0.5,0.0206,0.321,NOMINAL,NOMINAL,NORMAL,0,
1706075100.0,1787429110.1347365,1,1.019,0.1318,,0.486,0.1268,0.33,NOMINAL,NOMINAL,NORMAL,0,
1706076000.0,1787429110.259534,1,0.8962,0.1261,,0.468,0.1186,0.31,NOMINAL,NOMINAL,NORMAL,0,
1706076900.0,1787429110.3844957,1,0.8747,0.1264,,0.46,0.0215,0.312,NOMINAL,NOMINAL,NORMAL,0,
1706077800.0,1787429110.5098033,1,0.9884,0.1344,,0.539,0.0217,0.34,NOMINAL,NOMINAL,NORMAL,0,
1706078700.0,1787429110.6352074,1,1.1655,0.141,,0.576,0.0231,0.35,NOMINAL,NOMINAL,NORMAL,0,
1706079600.0,1787429110.7600648,1,1.0297,0.1372,,0.55,0.0247,0.509,NOMINAL,NOMINAL,NORMAL,0,
1706080500.0,1787429110.8845985,1,0.9664,0.1364,,0.505,0.0233,0.22,NOMINAL,NOMINAL,NORMAL,0,
1706081400.0,1787429111.0096502,1,0.9347,0.1303,,0.504,0.0215,0.328,NOMINAL,NOMINAL,TRIGGERED,1,omni_p6
1706082300.0,1787429111.1346242,1,0.9363,0.1294,,0.492,0.1294,0.326,NOMINAL,NOMINAL,NORMAL,0,
1706083200.0,1787429111.2594197,1,0.8788,0.1254,,0.482,0.0206,0.204,NOMINAL,NOMINAL,NORMAL,0,
1706084100.0,1787429111.3844626,1,0.8533,0.1258,,0.448,0.0196,0.323,NOMINAL,NOMINAL,NORMAL,0,
1706085000.0,1787429111.51006,1,1.0651,0.1817,,0.643,0.0244,0.246,NOMINAL,NOMINAL,NORMAL,0,
1706085900.0,1787429111.6345434,1,1.0068,0.134,,0.47,0.0194,0.193,NOMINAL,NOMINAL,NORMAL,0,
1706086800.0,1787429111.7599661,1,0.9913,0.1335,,0.802,0.0237,0.233,NOMINAL,NOMINAL,NORMAL,0,
1706087700.0,1787429111.8845959,1,0.9592,0.1322,,0.527,0.0205,0.216,NOMINAL,NOMINAL,TRIGGERED,1,omni_p6
1706088600.0,1787429112.0100696,1,1.0971,0.1735,,0.529,0.1398,0.353,NOMINAL,NOMINAL,NORMAL,0,
1706089500.0,1787429112.13478,1,1.0015,0.137,,0.53,0.0207,0.343,NOMINAL,NOMINAL,NORMAL,0,
1706090400.0,1787429112.2594998,1,0.9096,0.129,,0.495,0.0195,0.232,NOMINAL,NOMINAL,NORMAL,0,
1706091300.0,1787429112.384418,1,0.8722,0.1273,,0.475,0.0196,0.221,NOMINAL,NOMINAL,NORMAL,0,
1706092200.0,1787429112.5097263,1,0.9362,0.1299,,0.628,0.0246,0.24,NOMINAL,NOMINAL,NORMAL,0,
1706093100.0,1787429112.6347766,1,1.0737,0.1381,,0.52,0.0192,0.2,NOMINAL,NOMINAL,TRIGGERED,1,omni_p6
1706094000.0,1787429112.7598042,1,0.9761,0.1336,,0.688,0.0229,0.23,NOMINAL,NOMINAL,TRIGGERED,2,omni_p6
1706094900.0,1787429112.8848073,1,0.9824,0.1342,,0.653,0.0233,0.228,NOMINAL,NOMINAL,NORMAL,0,
1706095800.0,1787429113.0097547,1,0.9782,0.133,,0.633,0.0229,0.225,NOMINAL,NOMINAL,NORMAL,0,
1706096700.0,1787429113.1347206,1,0.9951,0.138,,0.585,0.0233,0.23,NOMINAL,NOMINAL,NORMAL,0,
1706097600.0,1787429113.2595866,1,0.9084,0.1272,,0.564,0.0263,0.236,NOMINAL,NOMINAL,NORMAL,0,
1706098500.0,1787429113.384491,1,0.8945,0.1273,,0.535,0.0216,0.212,NOMINAL,NOMINAL,NORMAL,0,
1706099400.0,1787429113.5095742,1,0.9248,0.1304,,0.564,0.0242,0.217,NOMINAL,NOMINAL,TRIGGERED,1,omni_p6
1706100300.0,1787429113.634861,1,1.0131,0.1357,,0.629,0.0248,0.236,NOMINAL,NOMINAL,TRIGGERED,2,omni_p6
1706101200.0,1787429113.7605822,1,1.2504,0.1544,,0.809,0.0298,0.272,NOMINAL,NOMINAL,NORMAL,0,
1706102100.0,1787429113.8850229,1,1.0876,0.1439,,0.66,0.0286,0.252,NOMINAL,NOMINAL,NORMAL,0,
1706103000.0,1787429114.0097852,1,0.9892,0.1356,,0.624,0.0259,0.233,NOMINAL,NOMINAL,NORMAL,0,
1706103900.0,1787429114.1347437,1,0.9959,0.1359,,0.588,0.0274,0.23,NOMINAL,NOMINAL,NORMAL,0,
1706104800.0,1787429114.2595918,1,0.9258,0.1338,,0.55,0.025,0.221,NOMINAL,NOMINAL,NORMAL,0,
1706105700.0,1787429114.3845484,1,0.9094,0.1293,,0.542,0.0249,0.231,NOMINAL,NOMINAL,TRIGGERED,1,omni_p6
1706106600.0,1787429114.5096607,1,0.948,0.1319,,0.577,0.0253,0.224,NOMINAL,NOMINAL,TRIGGERED,2,omni_p6
1706107500.0,1787429114.6349137,1,1.027,0.137,,0.629,0.0251,0.263,NOMINAL,NOMINAL,NORMAL,0,
1706108400.0,1787429114.760565,1,1.205,0.1509,,0.835,0.0301,0.289,NOMINAL,NOMINAL,NORMAL,0,
1706109300.0,1787429114.884938,1,1.0653,0.1347,,0.653,0.0263,0.248,NOMINAL,NOMINAL,NORMAL,0,
1706110200.0,1787429115.0097523,1,0.9926,0.1315,,0.605,0.0247,0.234,NOMINAL,NOMINAL,NORMAL,0,
1706111100.0,1787429115.1346865,1,0.9832,0.1339,,0.578,0.0251,0.228,NOMINAL,NOMINAL,NORMAL,0,
1706112000.0,1787429115.259593,1,0.9303,0.129,,0.562,0.0229,0.22,NOMINAL,NOMINAL,TRIGGERED,1,omni_p6
1706112900.0,1787429115.3845673,1,0.921,0.1274,,0.556,0.0231,0.215,NOMINAL,NOMINAL,NORMAL,0,
1706113800.0,1787429115.5095768,1,0.9398,0.1291,,0.556,0.0229,0.217,NOMINAL,NOMINAL,NORMAL,0,
1706114700.0,1787429115.634851,1,1.0062,0.1338,,0.64,0.0237,0.238,NOMINAL,NOMINAL,NORMAL,0,
1706115600.0,1787429115.7597165,1,0.9657,0.1343,,0.621,0.0245,0.238,NOMINAL,NOMINAL,NORMAL,0,
1706116500.0,1787429115.8845954,1,0.9229,0.1274,,0.582,0.0236,0.231,NOMINAL,NOMINAL,NORMAL,0,
1706117400.0,1787429116.0095224,1,0.8977,0.1229,,0.562,0.0228,0.212,NOMINAL,NOMINAL,NORMAL,0,
1706118300.0,1787429116.134673,1,0.9734,0.1291,,0.573,0.0232,0.218,NOMINAL,NOMINAL,NORMAL,0,
1706119200.0,1787429116.2596848,1,0.9589,0.1298,,0.596,0.0242,0.22,NOMINAL,NOMINAL,NORMAL,0,
1706120100.0,1787429116.384588,1,0.9026,0.1264,,0.613,0.0233,0.216,NOMINAL,NOMINAL,NORMAL,0,
1706121000.0,1787429116.5101583,1,1.113,0.1643,,0.664,0.0292,0.275,NOMINAL,NOMINAL,NORMAL,0,
1706121900.0,1787429116.634955,1,1.066,0.1377,,0.637,0.0268,0.246,NOMINAL,NOMINAL,NORMAL,0,
1706122800.0,1787429116.76005,1,1.0676,0.1453,,0.679,0.031,0.257,NOMINAL,NOMINAL,NORMAL,0,
1706123700.0,1787429116.884703,1,0.9738,0.1362,,0.587,0.0251,0.222,NOMINAL,NOMINAL,NORMAL,0,
1706124600.0,1787429117.00961,1,0.9062,0.1281,,0.598,0.0238,0.227,NOMINAL,NOMINAL,NORMAL,0,
1706125500.0,1787429117.134621,1,0.9577,0.1332,,0.555,0.0235,0.215,NOMINAL,NOMINAL,NORMAL,0,
1706126400.0,1787429117.259531,1,0.9061,0.1299,,0.544,0.0218,0.21,NOMINAL,NOMINAL,TRIGGERED,1,omni_p6
1706127300.0,1787429117.3844767,1,0.8841,0.1269,,0.534,0.0216,0.207,NOMINAL,NOMINAL,NORMAL,0,
1706128200.0,1787429117.5095258,1,0.9088,0.1273,,0.551,0.0231,0.212,NOMINAL,NOMINAL,NORMAL,0,
1706129100.0,1787429117.634712,1,0.9364,0.1278,,0.614,0.0245,0.229,NOMINAL,NOMINAL,NORMAL,0,
1706130000.0,1787429117.7596538,1,0.9025,0.1288,,0.622,0.0228,0.223,NOMINAL,NOMINAL,NORMAL,0,
1706130900.0,1787429117.8845842,1,0.8918,0.1239,,0.578,0.024,0.221,NOMINAL,NOMINAL,NORMAL,0,
1706131800.0,1787429118.0095422,1,0.8874,0.1244,,0.567,0.0231,0.216,NOMINAL,NOMINAL,NORMAL,0,
1706132700.0,1787429118.1346312,1,0.9551,0.1309,,0.566,0.023,0.227,NOMINAL,NOMINAL,TRIGGERED,1,omni_p6
1706133600.0,1787429118.259473,1,0.8575,0.1233,,0.547,0.0234,0.21,NOMINAL,NOMINAL,NORMAL,0,
1706134500.0,1787429118.3844314,1,0.8534,0.1216,,0.534,0.0222,0.209,NOMINAL,NOMINAL,NORMAL,0,
1706135400.0,1787429118.5095053,1,0.8856,0.126,,0.555,0.0234,0.212,NOMINAL,NOMINAL,NORMAL,0,
1706136300.0,1787429118.634516,1,0.9013,0.1256,,0.543,0.0221,0.209,NOMINAL,NOMINAL,NORMAL,0,
1706137200.0,1787429118.760637,1,1.1924,0.1539,,0.888,0.0305,0.281,NOMINAL,NOMINAL,NORMAL,0,
1706138100.0,1787429118.8850513,1,1.0844,0.1391,,0.695,0.0276,0.247,NOMINAL,NOMINAL,TRIGGERED,1,omni_p6
1706139000.0,1787429119.0095003,1,0.8772,0.121,,0.556,0.0213,0.207,NOMINAL,NOMINAL,TRIGGERED,2,omni_p6
1706139900.0,1787429119.1347058,1,0.9773,0.1259,,0.599,0.0263,0.23,NOMINAL,NOMINAL,NORMAL,0,
1706140800.0,1787429119.26018,1,0.8438,0.1186,0.5972,0.61,0.0256,0.227,NOMINAL,NOMINAL,NORMAL,0,
1706141700.0,1787429119.3847077,1,0.9586,0.1296,,0.609,0.025,0.223,NOMINAL,NOMINAL,NORMAL,0,
1706142600.0,1787429119.50949,1,0.9447,0.1275,,0.524,0.0189,0.2,NOMINAL,NOMINAL,NORMAL,0,
1706143500.0,1787429119.6346335,1,0.952,0.1297,,0.573,0.026,0.23,NOMINAL,NOMINAL,NORMAL,0,
1706144400.0,1787429119.7605898,1,1.1633,0.1521,,0.862,0.0322,0.305,NOMINAL,NOMINAL,TRIGGERED,1,omni_p6
1706145300.0,1787429119.8848133,1,1.0427,0.1377,,0.589,0.0213,0.227,NOMINAL,NOMINAL,TRIGGERED,2,omni_p6
1706146200.0,1787429120.009692,1,0.9979,0.1319,,0.545,0.0233,0.213,NOMINAL,NOMINAL,NORMAL,0,
1706147100.0,1787429120.1346402,1,0.963,0.1332,,0.57,0.0237,0.223,NOMINAL,NOMINAL,NORMAL,0,
1706148000.0,1787429120.259424,1,0.8954,0.1257,,0.501,0.0184,0.195,NOMINAL,NOMINAL,NORMAL,0,
1706148900.0,1787429120.3843708,1,0.869,0.1259,,0.49,0.0155,0.185,NOMINAL,NOMINAL,NORMAL,0,
1706149800.0,1787429120.5093749,1,0.8708,0.1233,,0.505,0.0219,0.213,NOMINAL,NOMINAL,NORMAL,0,
1706150700.0,1787429120.6345265,1,0.9272,0.1277,,0.54,0.0211,0.217,NOMINAL,NOMINAL,TRIGGERED,1,omni_p6
1706151600.0,1787429120.759918,1,0.9585,0.1377,,0.7,0.0247,0.319,NOMINAL,NOMINAL,TRIGGERED,2,omni_p6
1706152500.0,1787429120.884498,1,0.8662,0.1242,,0.567,0.0251,0.227,NOMINAL,NOMINAL,NORMAL,0,
1706153400.0,1787429121.0095627,1,0.8968,0.1294,,0.581,0.0236,0.222,NOMINAL,NOMINAL,NORMAL,0,
1706154300.0,1787429121.1346166,1,0.9301,0.1291,,0.569,0.0222,0.229,NOMINAL,NOMINAL,NORMAL,0,
1706155200.0,1787429121.259437,1,0.8271,0.1214,,0.556,0.0218,0.221,NOMINAL,NOMINAL,NORMAL,0,
1706156100.0,1787429121.3845475,1,0.8962,0.1328,,0.556,0.0224,0.221,NOMINAL,NOMINAL,NORMAL,0,
1706157000.0,1787429121.5097876,1,0.9999,0.1394,,0.612,0.0276,0.243,NOMINAL,NOMINAL,TRIGGERED,1,omni_p6
1706157900.0,1787429121.6346297,1,0.9565,0.1272,,0.552,0.0243,0.245,NOMINAL,NOMINAL,NORMAL,0,
1706158800.0,1787429121.7602453,1,1.0733,0.1582,,0.751,0.0297,0.352,NOMINAL,NOMINAL,NORMAL,0,
1706159700.0,1787429121.8847497,1,0.9632,0.1278,,0.573,0.0244,0.316,NOMINAL,NOMINAL,NORMAL,0,
1706160600.0,1787429122.0095847,1,0.8809,0.1259,,0.552,0.0213,0.306,NOMINAL,NOMINAL,NORMAL,0,
1706161500.0,1787429122.1346753,1,0.9388,0.1285,,0.542,0.0228,0.306,NOMINAL,NOMINAL,NORMAL,0,
1706162400.0,1787429122.2595217,1,0.8616,0.1232,,0.531,0.0219,0.301,NOMINAL,NOMINAL,NORMAL,0,
1706163300.0,1787429122.3846436,1,0.8818,0.1242,,0.563,0.0226,0.318,NOMINAL,NOMINAL,NORMAL,0,
1706164200.0,1787429122.5096126,1,0.9268,0.1317,,0.577,0.0221,0.233,NOMINAL,NOMINAL,NORMAL,0,
1706165100.0,1787429122.6345026,1,0.9371,0.1257,,0.511,0.0203,0.212,NOMINAL,NOMINAL,NORMAL,0,
1706166000.0,1787429122.759931,1,0.9995,0.1385,,0.682,0.0243,0.253,NOMINAL,NOMINAL,NORMAL,0,
1706166900.0,1787429122.8847344,1,0.9776,0.1344,,0.602,0.0212,0.233,NOMINAL,NOMINAL,NORMAL,0,
1706167800.0,1787429123.0094292,1,0.8437,0.1262,,0.535,0.0197,0.22,NOMINAL,NOMINAL,NORMAL,0,
1706168700.0,1787429123.1345983,1,0.9254,0.1278,,0.57,0.0197,0.225,NOMINAL,NOMINAL,NORMAL,0,
1706169600.0,1787429123.2594886,1,0.8767,0.1244,,0.552,0.0184,0.212,NOMINAL,NOMINAL,NORMAL,0,
1706170500.0,1787429123.3843918,1,0.8565,0.1222,,0.502,0.0174,0.207,NOMINAL,NOMINAL,NORMAL,0,
1706171400.0,1787429123.50948,1,0.9047,0.1251,,0.521,0.0189,0.209,NOMINAL,NOMINAL,NORMAL,0,
1706172300.0,1787429123.6344743,1,0.9111,0.1251,,0.511,0.0187,0.204,NOMINAL,NOMINAL,NORMAL,0,
1706173200.0,1787429123.7604516,1,1.2188,0.1545,,0.692,0.0257,0.27,NOMINAL,NOMINAL,TRIGGERED,1,omni_p6
1706174100.0,1787429123.8852024,1,1.1273,0.1498,,0.711,0.0259,0.264,NOMINAL,NOMINAL,NORMAL,0,
1706175000.0,1787429124.0097249,1,1.0205,0.1374,,0.537,0.019,0.227,NOMINAL,NOMINAL,NORMAL,0,
1706175900.0,1787429124.1346354,1,0.9632,0.134,,0.566,0.0177,0.202,NOMINAL,NOMINAL,NORMAL,0,
1706176800.0,1787429124.2595062,1,0.9084,0.128,,0.527,0.0188,0.209,NOMINAL,NOMINAL,NORMAL,0,
1706177700.0,1787429124.3844128,1,0.8893,0.1264,,0.486,0.018,0.193,NOMINAL,NOMINAL,NORMAL,0,
1706178600.0,1787429124.50946,1,0.9024,0.1286,,0.519,0.0191,0.208,NOMINAL,NOMINAL,TRIGGERED,1,omni_p6
1706179500.0,1787429124.634489,1,0.9305,0.1265,,0.489,0.018,0.197,NOMINAL,NOMINAL,TRIGGERED,2,omni_p6
1706180400.0,1787429124.7604482,1,1.1903,0.1483,,0.735,0.026,0.278,NOMINAL,NOMINAL,NORMAL,0,
1706181300.0,1787429124.8851175,1,1.115,0.1424,,0.668,0.0248,0.264,NOMINAL,NOMINAL,NORMAL,0,
1706182200.0,1787429125.0096018,1,1.0025,0.1314,,0.491,0.0169,0.183,NOMINAL,NOMINAL,NORMAL,0,
1706183100.0,1787429125.1345625,1,1.0079,0.1326,,0.462,0.0163,0.174,NOMINAL,NOMINAL,NORMAL,0,
1706184000.0,1787429125.2594814,1,0.9515,0.129,,0.474,0.0163,0.173,NOMINAL,NOMINAL,NORMAL,0,
1706184900.0,1787429125.3844335,1,0.9108,0.1283,,0.479,0.0158,0.174,NOMINAL,NOMINAL,TRIGGERED,1,omni_p6
1706185800.0,1787429125.509449,1,0.9251,0.1336,,0.483,0.0163,0.197,NOMINAL,NOMINAL,TRIGGERED,2,omni_p6
1706186700.0,1787429125.6344259,1,0.9615,0.1263,,0.425,0.015,0.164,NOMINAL,NOMINAL,NORMAL,0,
1706187600.0,1787429125.7597291,1,0.9839,0.1357,,0.563,0.0214,0.215,NOMINAL,NOMINAL,NORMAL,0,
1706188500.0,1787429125.8848784,1,0.9895,0.1384,,0.663,0.022,0.241,NOMINAL,NOMINAL,NORMAL,0,
1706189400.0,1787429126.0095618,1,0.9624,0.1314,,0.495,0.0173,0.209,NOMINAL,NOMINAL,NORMAL,0,
1706190300.0,1787429126.134496,1,0.9652,0.1314,,0.459,0.0173,0.195,NOMINAL,NOMINAL,NORMAL,0,
1706191200.0,1787429126.2593412,1,0.8995,0.1276,,0.43,0.0136,0.159,NOMINAL,NOMINAL,TRIGGERED,1,omni_p6
1706192100.0,1787429126.3843024,1,0.8738,0.1268,,0.425,0.0133,0.15,NOMINAL,NOMINAL,NORMAL,0,
1706193000.0,1787429126.5096552,1,0.9926,0.1343,,0.512,0.0181,0.202,NOMINAL,NOMINAL,NORMAL,0,
1706193900.0,1787429126.6344373,1,0.9592,0.1301,,0.438,0.015,0.167,NOMINAL,NOMINAL,NORMAL,0,
1706194800.0,1787429126.7596662,1,0.9886,0.1343,,0.526,0.0177,0.19,NOMINAL,NOMINAL,NORMAL,0,
1706195700.0,1787429126.8849819,1,1.0314,0.136,,0.702,0.0227,0.254,NOMINAL,NOMINAL,NORMAL,0,
1706196600.0,1787429127.0095768,1,0.9941,0.1331,,0.482,0.0157,0.18,NOMINAL,NOMINAL,TRIGGERED,1,omni_p6
1706197500.0,1787429127.1345167,1,0.9727,0.1275,,0.492,0.015,0.174,NOMINAL,NOMINAL,TRIGGERED,2,omni_p6
1706198400.0,1787429127.259407,1,0.9118,0.1286,,0.444,0.0146,0.178,NOMINAL,NOMINAL,NORMAL,0,
1706199300.0,1787429127.384307,1,0.8882,0.1264,,0.407,0.0135,0.161,NOMINAL,NOMINAL,NORMAL,0,
1706200200.0,1787429127.5093188,1,0.8988,0.1275,,0.429,0.0126,0.155,NOMINAL,NOMINAL,NORMAL,0,
1706201100.0,1787429127.6343217,1,0.9191,0.1214,,0.404,0.0126,0.153,NOMINAL,NOMINAL,NORMAL,0,
1706202000.0,1787429127.7595851,1,0.9397,0.1294,,0.545,0.0182,0.206,NOMINAL,NOMINAL,NORMAL,0,
1706202900.0,1787429127.884879,1,0.9835,0.1338,,0.664,0.0226,0.243,NOMINAL,NOMINAL,NORMAL,0,
1706203800.0,1787429128.0096366,1,0.9689,0.1309,,0.548,0.0188,0.206,NOMINAL,NOMINAL,NORMAL,0,
1706204700.0,1787429128.134578,1,0.9721,0.1286,,0.502,0.0181,0.207,NOMINAL,NOMINAL,NORMAL,0,
1706205600.0,1787429128.2594533,1,0.8959,0.1256,,0.497,0.018,0.198,NOMINAL,NOMINAL,NORMAL,0,
1706206500.0,1787429128.384442,1,0.893,0.1245,,0.488,0.0167,0.197,NOMINAL,NOMINAL,NORMAL,0,
1706207400.0,1787429128.5094707,1,0.9157,0.128,,0.507,0.0182,0.204,NOMINAL,NOMINAL,NORMAL,0,
1706208300.0,1787429128.6344616,1,0.9268,0.1259,,0.487,0.0167,0.2,NOMINAL,NOMINAL,NORMAL,0,
1706209200.0,1787429128.7606714,1,1.2185,0.1547,,0.794,0.0289,0.362,NOMINAL,NOMINAL,NORMAL,0,
1706210100.0,1787429128.8852022,1,1.123,0.1503,,0.71,0.0259,0.29,NOMINAL,NOMINAL,NORMAL,0,
1706211000.0,1787429129.0099938,1,1.0815,0.173,,0.637,0.0245,0.233,NOMINAL,NOMINAL,NORMAL,0,
1706211900.0,1787429129.1349204,1,1.0747,0.1396,,0.644,0.0245,0.227,NOMINAL,NOMINAL,NORMAL,0,
1706212800.0,1787429129.2597573,1,1.0087,0.1349,,0.607,0.0244,0.231,NOMINAL,NOMINAL,NORMAL,0,
1706213700.0,1787429129.3847566,1,1.0075,0.1374,,0.611,0.0264,0.228,NOMINAL,NOMINAL,NORMAL,0,
1706214600.0,1787429129.5097008,1,0.9885,0.1367,,0.594,0.0268,0.228,NOMINAL,NOMINAL,NORMAL,0,
1706215500.0,1787429129.6354053,1,1.1612,0.1449,,0.777,0.0295,0.359,NOMINAL,NOMINAL,NORMAL,0,
1706216400.0,1787429129.7605717,1,1.1828,0.1533,,0.868,0.0299,0.287,NOMINAL,NOMINAL,NORMAL,0,
1706217300.0,1787429129.884875,1,1.0047,0.1376,,0.673,0.028,0.271,NOMINAL,NOMINAL,TRIGGERED,1,omni_p6
1706218200.0,1787429130.0099158,1,1.0597,0.1428,,0.671,0.0262,0.239,NOMINAL,NOMINAL,TRIGGERED,2,omni_p6
1706219100.0,1787429130.1347384,1,1.0206,0.1349,,0.605,0.0269,0.234,NOMINAL,NOMINAL,NORMAL,0,
1706220000.0,1787429130.2597077,1,0.9778,0.131,,0.576,0.0253,0.259,NOMINAL,NOMINAL,NORMAL,0,
1706220900.0,1787429130.3844829,1,0.8656,0.1246,,0.573,0.0255,0.243,NOMINAL,NOMINAL,NORMAL,0,
1706221800.0,1787429130.5094562,1,0.8971,0.1221,,0.551,0.0237,0.219,NOMINAL,NOMINAL,NORMAL,0,
1706222700.0,1787429130.6345568,1,0.9297,0.1232,,0.544,0.0234,0.238,NOMINAL,NOMINAL,NORMAL,0,
1706223600.0,1787429130.759482,1,0.8759,0.1253,,0.529,0.0227,0.249,NOMINAL,NOMINAL,TRIGGERED,1,omni_p6
1706224500.0,1787429130.8846045,1,0.9274,0.1259,,0.581,0.0231,0.218,NOMINAL,NOMINAL,TRIGGERED,2,omni_p6
1706225400.0,1787429131.009712,1,0.9539,0.1307,,0.618,0.024,0.229,NOMINAL,NOMINAL,NORMAL,0,
1706226300.0,1787429131.1347394,1,0.9985,0.1328,,0.587,0.0252,0.232,NOMINAL,NOMINAL,NORMAL,0,
1706227200.0,1787429131.2602031,1,0.9124,0.1184,0.6165,0.542,0.0252,0.223,NOMINAL,NOMINAL,NORMAL,0,
1706228100.0,1787429131.3846464,1,0.9508,0.1298,,0.588,0.0261,0.229,NOMINAL,NOMINAL,NORMAL,0,
1706229000.0,1787429131.5097866,1,0.9896,0.1345,,0.63,0.025,0.237,NOMINAL,NOMINAL,NORMAL,0,
1706229900.0,1787429131.6347384,1,0.9968,0.1302,,0.596,0.0228,0.227,NOMINAL,NOMINAL,TRIGGERED,1,omni_p6
1706230800.0,1787429131.7598276,1,1.0206,0.1366,,0.623,0.0259,0.234,NOMINAL,NOMINAL,TRIGGERED,2,omni_p6
1706231700.0,1787429131.8849196,1,1.02,0.1307,,0.677,0.0265,0.24,NOMINAL,NOMINAL,NORMAL,0,
1706232600.0,1787429132.0098832,1,1.0145,0.1319,,0.663,0.026,0.259,NOMINAL,NOMINAL,NORMAL,0,
1706233500.0,1787429132.1347775,1,1.0281,0.1317,,0.593,0.0261,0.23,NOMINAL,NOMINAL,NORMAL,0,
1706234400.0,1787429132.259605,1,0.9476,0.1253,,0.554,0.0256,0.229,NOMINAL,NOMINAL,NORMAL,0,
1706235300.0,1787429132.3845277,1,0.9058,0.129,,0.544,0.0237,0.216,NOMINAL,NOMINAL,TRIGGERED,1,omni_p6
1706236200.0,1787429132.5099254,1,1.0389,0.1375,,0.647,0.0251,0.244,NOMINAL,NOMINAL,TRIGGERED,2,omni_p6
1706237100.0,1787429132.6347072,1,1.0014,0.1318,,0.564,0.0256,0.229,NOMINAL,NOMINAL,NORMAL,0,
1706238000.0,1787429132.7595446,1,0.9286,0.1266,,0.536,0.0227,0.209,NOMINAL,NOMINAL,NORMAL,0,
1706238900.0,1787429132.8846323,1,0.931,0.1268,,0.591,0.023,0.22,NOMINAL,NOMINAL,NORMAL,0,
1706239800.0,1787429133.0102153,1,1.0889,0.1741,,0.723,0.0269,0.259,NOMINAL,NOMINAL,NORMAL,0,
1706240700.0,1787429133.1348345,1,1.0416,0.1322,,0.601,0.0253,0.235,NOMINAL,NOMINAL,NORMAL,0,
1706241600.0,1787429133.2596998,1,0.9603,0.1281,,0.576,0.0239,0.271,NOMINAL,NOMINAL,NORMAL,0,
1706242500.0,1787429133.38454,1,0.8988,0.1254,,0.528,0.0218,0.261,NOMINAL,NOMINAL,TRIGGERED,1,omni_p6
1706243400.0,1787429133.5095136,1,0.8846,0.1238,,0.544,0.0219,0.244,NOMINAL,NOMINAL,NORMAL,0,
1706244300.0,1787429133.6346908,1,0.9767,0.1291,,0.576,0.0242,0.222,NOMINAL,NOMINAL,NORMAL,0,
1706245200.0,1787429133.7605343,1,1.1493,0.1449,,0.844,0.0292,0.283,NOMINAL,NOMINAL,NORMAL,0,
1706246100.0,1787429133.8847795,1,1.0591,0.1366,,0.58,0.0227,0.215,NOMINAL,NOMINAL,NORMAL,0,
1706247000.0,1787429134.0097966,1,1.0356,0.1324,,0.636,0.0249,0.233,NOMINAL,NOMINAL,NORMAL,0,
1706247900.0,1787429134.1347213,1,1.0132,0.1355,,0.568,0.0247,0.237,NOMINAL,NOMINAL,NORMAL,0,
1706248800.0,1787429134.2593005,1,0.8476,0.1207,,0.492,0.0197,0.192,NOMINAL,NOMINAL,NORMAL,0,
1706249700.0,1787429134.384202,1,0.7775,0.1159,,0.499,0.0221,0.204,NOMINAL,NOMINAL,NORMAL,0,
1706250600.0,1787429134.5092201,1,0.7646,0.1136,,0.488,0.0214,0.238,NOMINAL,NOMINAL,NORMAL,0,
1706251500.0,1787429134.6342103,1,0.8077,0.1146,,0.476,0.0199,0.193,NOMINAL,NOMINAL,NORMAL,0,
1706252400.0,1787429134.7604618,1,1.1431,0.1436,,0.829,0.0312,0.271,NOMINAL,NOMINAL,NORMAL,0,
1706253300.0,1787429134.8850446,1,1.093,0.1385,,0.658,0.0261,0.274,NOMINAL,NOMINAL,NORMAL,0,
1706254200.0,1787429135.0099883,1,1.0722,0.1319,,0.647,0.0266,0.246,NOMINAL,NOMINAL,NORMAL,0,
1706255100.0,1787429135.1348991,1,1.0857,0.1334,,0.632,0.0268,0.247,NOMINAL,NOMINAL,NORMAL,0,
1706256000.0,1787429135.2595422,1,0.9787,0.1286,,0.519,0.0216,0.202,NOMINAL,NOMINAL,NORMAL,0,
1706256900.0,1787429135.3844674,1,0.9069,0.1263,,0.536,0.0218,0.211,NOMINAL,NOMINAL,NORMAL,0,
1706257800.0,1787429135.5092676,1,0.7983,0.1176,,0.492,0.0215,0.248,NOMINAL,NOMINAL,TRIGGERED,1,omni_p6
1706258700.0,1787429135.6343331,1,0.8356,0.1187,,0.522,0.0228,0.214,NOMINAL,NOMINAL,NORMAL,0,
1706259600.0,1787429135.759331,1,0.8314,0.119,,0.502,0.0236,0.241,NOMINAL,NOMINAL,NORMAL,0,
1706260500.0,1787429135.8843877,1,0.8589,0.1208,,0.523,0.0239,0.206,NOMINAL,NOMINAL,NORMAL,0,
1706261400.0,1787429136.0094736,1,0.8745,0.1209,,0.56,0.0224,0.218,NOMINAL,NOMINAL,NORMAL,0,
1706262300.0,1787429136.1347249,1,0.9772,0.1227,,0.629,0.0244,0.27,NOMINAL,NOMINAL,NORMAL,0,
1706263200.0,1787429136.2593644,1,0.8943,0.1218,,0.49,0.0205,0.187,NOMINAL,NOMINAL,NORMAL,0,
1706264100.0,1787429136.3842337,1,0.7642,0.116,,0.496,0.0207,0.246,NOMINAL,NOMINAL,TRIGGERED,1,omni_p6
1706265000.0,1787429136.5096183,1,0.9329,0.1247,,0.591,0.0234,0.227,NOMINAL,NOMINAL,NORMAL,0,
1706265900.0,1787429136.6346714,1,0.9593,0.1242,,0.586,0.0237,0.264,NOMINAL,NOMINAL,NORMAL,0,
1706266800.0,1787429136.759679,1,0.957,0.1258,,0.595,0.0254,0.236,NOMINAL,NOMINAL,NORMAL,0,
1706267700.0,1787429136.8843112,1,0.8451,0.1166,,0.489,0.0188,0.199,NOMINAL,NOMINAL,NORMAL,0,
1706268600.0,1787429137.0093856,1,0.8697,0.1187,,0.518,0.0188,0.199,NOMINAL,NOMINAL,NORMAL,0,
1706269500.0,1787429137.1348732,1,1.0159,0.1306,,0.64,0.0257,0.282,NOMINAL,NOMINAL,TRIGGERED,1,omni_p6
1706270400.0,1787429137.2595935,1,0.9249,0.127,,0.542,0.025,0.301,NOMINAL,NOMINAL,TRIGGERED,2,omni_p6
1706271300.0,1787429137.3843591,1,0.8028,0.1167,,0.518,0.0245,0.298,NOMINAL,NOMINAL,NORMAL,0,
1706272200.0,1787429137.5092785,1,0.7911,0.1155,,0.498,0.0226,0.243,NOMINAL,NOMINAL,NORMAL,0,
1706273100.0,1787429137.6344156,1,0.8611,0.1155,,0.554,0.024,0.224,NOMINAL,NOMINAL,NORMAL,0,
1706274000.0,1787429137.7595177,1,0.8934,0.1223,,0.551,0.0253,0.231,NOMINAL,NOMINAL,NORMAL,0,
1706274900.0,1787429137.8845525,1,0.9026,0.125,,0.587,0.0244,0.226,NOMINAL,NOMINAL,NORMAL,0,
1706275800.0,1787429138.0093825,1,0.7904,0.1184,,0.539,0.0237,0.291,NOMINAL,NOMINAL,TRIGGERED,1,omni_p6
1706276700.0,1787429138.1346283,1,0.9455,0.1286,,0.581,0.0252,0.277,NOMINAL,NOMINAL,TRIGGERED,2,omni_p6
1706277600.0,1787429138.2598321,1,0.9981,0.1353,,0.599,0.0265,0.279,NOMINAL,NOMINAL,NORMAL,0,
1706278500.0,1787429138.3843122,1,0.7988,0.1192,,0.507,0.0223,0.253,NOMINAL,NOMINAL,NORMAL,0,
1706279400.0,1787429138.5092204,1,0.7661,0.1155,,0.458,0.0217,0.265,NOMINAL,NOMINAL,NORMAL,0,
1706280300.0,1787429138.634364,1,0.8551,0.1192,,0.498,0.022,0.245,NOMINAL,NOMINAL,NORMAL,0,
1706281200.0,1787429138.7605486,1,1.1798,0.1469,,0.865,0.0302,0.292,NOMINAL,NOMINAL,NORMAL,0,
1706282100.0,1787429138.8846495,1,0.9561,0.1288,,0.586,0.0266,0.259,NOMINAL,NOMINAL,TRIGGERED,1,omni_p6
1706283000.0,1787429139.00961,1,0.9483,0.1294,,0.566,0.0234,0.246,NOMINAL,NOMINAL,NORMAL,0,
1706283900.0,1787429139.13472,1,1.0003,0.1325,,0.599,0.024,0.245,NOMINAL,NOMINAL,NORMAL,0,
1706284800.0,1787429139.2595675,1,0.953,0.1256,,0.559,0.023,0.228,NOMINAL,NOMINAL,NORMAL,0,
1706285700.0,1787429139.3844872,1,0.9357,0.1256,,0.522,0.0228,0.221,NOMINAL,NOMINAL,NORMAL,0,
1706286600.0,1787429139.5093145,1,0.8347,0.1213,,0.509,0.0232,0.224,NOMINAL,NOMINAL,NORMAL,0,
1706287500.0,1787429139.634453,1,0.9237,0.1218,,0.53,0.0214,0.215,NOMINAL,NOMINAL,NORMAL,0,
1706288400.0,1787429139.760451,1,1.18,0.1444,,0.822,0.0303,0.281,NOMINAL,NOMINAL,NORMAL,0,
1706289300.0,1787429139.8850217,1,1.0965,0.1431,,0.69,0.0283,0.262,NOMINAL,NOMINAL,NORMAL,0,
1706290200.0,1787429140.0097497,1,0.9823,0.1394,,0.612,0.0253,0.229,NOMINAL,NOMINAL,NORMAL,0,
1706291100.0,1787429140.1348343,1,1.027,0.14,,0.611,0.0258,0.227,NOMINAL,NOMINAL,NORMAL,0,
1706292000.0,1787429140.2598708,1,0.9899,0.1379,,0.659,0.026,0.244,NOMINAL,NOMINAL,NORMAL,0,
1706292900.0,1787429140.3846285,1,0.9307,0.1293,,0.589,0.0254,0.234,NOMINAL,NOMINAL,NORMAL,0,
1706293800.0,1787429140.5096202,1,0.9157,0.1288,,0.616,0.0223,0.224,NOMINAL,NOMINAL,NORMAL,0,
1706294700.0,1787429140.634639,1,0.9333,0.128,,0.595,0.0233,0.224,NOMINAL,NOMINAL,NORMAL,0,
1706295600.0,1787429140.7596126,1,0.9248,0.1284,,0.573,0.0226,0.222,NOMINAL,NOMINAL,NORMAL,0,
1706296500.0,1787429140.8846977,1,0.9206,0.1265,,0.627,0.0223,0.225,NOMINAL,NOMINAL,NORMAL,0,
1706297400.0,1787429141.0095723,1,0.903,0.1312,,0.574,0.0236,0.214,NOMINAL,NOMINAL,NORMAL,0,
1706298300.0,1787429141.1346087,1,0.9286,0.128,,0.58,0.0233,0.216,NOMINAL,NOMINAL,NORMAL,0,
1706299200.0,1787429141.2598362,1,0.9622,0.1342,,0.669,0.0235,0.232,NOMINAL,NOMINAL,NORMAL,0,
1706300100.0,1787429141.3845627,1,0.8969,0.1304,,0.58,0.0222,0.22,NOMINAL,NOMINAL,NORMAL,0,
1706301000.0,1787429141.509756,1,0.9674,0.1324,,0.622,0.0234,0.232,NOMINAL,NOMINAL,NORMAL,0,
1706301900.0,1787429141.6347632,1,0.9988,0.1348,,0.585,0.0235,0.254,NOMINAL,NOMINAL,NORMAL,0,
1706302800.0,1787429141.7598324,1,0.9891,0.1398,,0.646,0.0256,0.246,NOMINAL,NOMINAL,TRIGGERED,1,omni_p6
1706303700.0,1787429141.8847938,1,0.9906,0.1347,,0.618,0.025,0.233,NOMINAL,NOMINAL,NORMAL,0,
1706304600.0,1787429142.0102165,1,1.1115,0.1736,,0.724,0.0276,0.261,NOMINAL,NOMINAL,NORMAL,0,
1706305500.0,1787429142.1348047,1,1.0299,0.1352,,0.61,0.0276,0.237,NOMINAL,NOMINAL,NORMAL,0,
1706306400.0,1787429142.2598798,1,1.0084,0.1371,,0.663,0.0258,0.235,NOMINAL,NOMINAL,NORMAL,0,
1706307300.0,1787429142.3846135,1,0.9379,0.1309,,0.586,0.0233,0.22,NOMINAL,NOMINAL,NORMAL,0,
1706308200.0,1787429142.509524,1,0.9073,0.1261,,0.564,0.022,0.212,NOMINAL,NOMINAL,NORMAL,0,
1706309100.0,1787429142.6345723,1,0.9429,0.1282,,0.551,0.022,0.215,NOMINAL,NOMINAL,TRIGGERED,1,omni_p6
1706310000.0,1787429142.75947,1,0.876,0.122,,0.559,0.0219,0.206,NOMINAL,NOMINAL,NORMAL,0,
1706310900.0,1787429142.8847158,1,0.9089,0.1257,,0.634,0.0237,0.222,NOMINAL,NOMINAL,NORMAL,0,
1706311800.0,1787429143.00955,1,0.8958,0.1247,,0.582,0.0221,0.217,NOMINAL,NOMINAL,NORMAL,0,
1706312700.0,1787429143.1346476,1,0.9574,0.1295,,0.565,0.0228,0.219,NOMINAL,NOMINAL,NORMAL,0,
1706313600.0,1787429143.2605476,1,0.9712,0.1227,0.6452,0.66,0.0274,0.254,NOMINAL,NOMINAL,NORMAL,0,
1706314500.0,1787429143.3849227,1,1.2333,0.1322,,0.597,0.0238,0.228,NOMINAL,NOMINAL,TRIGGERED,1,omni_p6
1706315400.0,1787429143.5094104,1,0.8533,0.1239,,0.528,0.0225,0.221,NOMINAL,NOMINAL,TRIGGERED,2,omni_p6
1706316300.0,1787429143.6345594,1,0.9129,0.1258,,0.575,0.0225,0.22,NOMINAL,NOMINAL,NORMAL,0,
1706317200.0,1787429143.7605846,1,1.2121,0.1536,,0.819,0.0298,0.285,NOMINAL,NOMINAL,NORMAL,0,
1706318100.0,1787429143.8848622,1,0.9848,0.1352,,0.682,0.0262,0.26,NOMINAL,NOMINAL,NORMAL,0,
1706319000.0,1787429144.009768,1,1.0014,0.1374,,0.612,0.024,0.23,NOMINAL,NOMINAL,NORMAL,0,
1706319900.0,1787429144.13467,1,0.9426,0.1311,,0.602,0.0216,0.261,NOMINAL,NOMINAL,NORMAL,0,
1706320800.0,1787429144.259727,1,0.9404,0.1356,,0.62,0.0253,0.264,NOMINAL,NOMINAL,TRIGGERED,1,omni_p6
1706321700.0,1787429144.3845432,1,0.8976,0.1314,,0.576,0.0221,0.246,NOMINAL,NOMINAL,TRIGGERED,2,omni_p6
1706322600.0,1787429144.5094767,1,0.8742,0.1253,,0.558,0.0218,0.246,NOMINAL,NOMINAL,NORMAL,0,
1706323500.0,1787429144.6346352,1,0.9284,0.1317,,0.582,0.0221,0.228,NOMINAL,NOMINAL,NORMAL,0,
1706324400.0,1787429144.7604322,1,1.1449,0.1451,,0.836,0.029,0.277,NOMINAL,NOMINAL,NORMAL,0,
1706325300.0,1787429144.8850393,1,1.0554,0.1402,,0.714,0.0264,0.242,NOMINAL,NOMINAL,NORMAL,0,
1706326200.0,1787429145.009855,1,0.9934,0.1347,,0.639,0.0255,0.266,NOMINAL,NOMINAL,NORMAL,0,
1706327100.0,1787429145.1348224,1,0.9935,0.1362,,0.632,0.0247,0.241,NOMINAL,NOMINAL,TRIGGERED,1,omni_p6
1706328000.0,1787429145.2597466,1,0.95,0.1328,,0.623,0.0245,0.232,NOMINAL,NOMINAL,NORMAL,0,
1706328900.0,1787429145.384856,1,0.9847,0.1354,,0.661,0.0244,0.236,NOMINAL,NOMINAL,NORMAL,0,
1706329800.0,1787429145.5095608,1,0.9302,0.1281,,0.566,0.0225,0.215,NOMINAL,NOMINAL,NORMAL,0,
1706330700.0,1787429145.6346314,1,0.9448,0.1292,,0.574,0.0223,0.225,NOMINAL,NOMINAL,NORMAL,0,
1706331600.0,1787429145.7596,1,0.9072,0.13,,0.582,0.0233,0.222,NOMINAL,NOMINAL,NORMAL,0,
1706332500.0,1787429145.8851335,1,1.063,0.1393,,0.717,0.0265,0.284,NOMINAL,NOMINAL,NORMAL,0,
1706333400.0,1787429146.0096207,1,0.9419,0.1295,,0.594,0.0218,0.216,NOMINAL,NOMINAL,NORMAL,0,
1706334300.0,1787429146.1346843,1,0.9547,0.1345,,0.583,0.0236,0.227,NOMINAL,NOMINAL,NORMAL,0,
1706335200.0,1787429146.2595842,1,0.9106,0.127,,0.577,0.0218,0.214,NOMINAL,NOMINAL,NORMAL,0,
1706336100.0,1787429146.384752,1,0.9392,0.1328,,0.644,0.024,0.235,NOMINAL,NOMINAL,NORMAL,0,
1706337000.0,1787429146.5095894,1,0.9348,0.1305,,0.568,0.0222,0.228,NOMINAL,NOMINAL,NORMAL,0,
1706337900.0,1787429146.634867,1,1.0681,0.1365,,0.604,0.0232,0.233,NOMINAL,NOMINAL,NORMAL,0,
1706338800.0,1787429146.7598774,1,1.0221,0.1424,,0.633,0.0246,0.237,NOMINAL,NOMINAL,NORMAL,0,
1706339700.0,1787429146.884782,1,0.9779,0.1339,,0.616,0.0257,0.238,NOMINAL,NOMINAL,NORMAL,0,
1706340600.0,1787429147.0096471,1,0.9267,0.131,,0.583,0.0238,0.221,NOMINAL,NOMINAL,NORMAL,0,
1706341500.0,1787429147.134698,1,0.9444,0.1322,,0.611,0.025,0.223,NOMINAL,NOMINAL,NORMAL,0,
1706342400.0,1787429147.2595994,1,0.9093,0.1257,,0.575,0.0225,0.241,NOMINAL,NOMINAL,NORMAL,0,
1706343300.0,1787429147.3847792,1,0.9504,0.1333,,0.642,0.0247,0.234,NOMINAL,NOMINAL,TRIGGERED,1,omni_p6
1706344200.0,1787429147.5096335,1,0.9476,0.1317,,0.575,0.0243,0.225,NOMINAL,NOMINAL,NORMAL,0,
1706345100.0,1787429147.6346388,1,0.9524,0.1298,,0.565,0.0227,0.239,NOMINAL,NOMINAL,NORMAL,0,
1706346000.0,1787429147.7596343,1,0.9211,0.1292,,0.59,0.022,0.225,NOMINAL,NOMINAL,NORMAL,0,
1706346900.0,1787429147.8847125,1,0.941,0.1303,,0.602,0.0219,0.217,NOMINAL,NOMINAL,NORMAL,0,
1706347800.0,1787429148.0095828,1,0.9115,0.1304,,0.571,0.0227,0.221,NOMINAL,NOMINAL,NORMAL,0,
1706348700.0,1787429148.134583,1,0.9108,0.1284,,0.573,0.0225,0.218,NOMINAL,NOMINAL,TRIGGERED,1,omni_p6
1706349600.0,1787429148.2595553,1,0.8962,0.1253,,0.559,0.0216,0.216,NOMINAL,NOMINAL,TRIGGERED,2,omni_p6
1706350500.0,1787429148.38475,1,0.9288,0.132,,0.641,0.0235,0.23,NOMINAL,NOMINAL,NORMAL,0,
1706351400.0,1787429148.509578,1,0.9356,0.1294,,0.562,0.0214,0.218,NOMINAL,NOMINAL,NORMAL,0,
1706352300.0,1787429148.6346533,1,0.9547,0.1295,,0.579,0.0225,0.218,NOMINAL,NOMINAL,NORMAL,0,
1706353200.0,1787429148.7605872,1,1.1939,0.1546,,0.859,0.0305,0.295,NOMINAL,NOMINAL,NORMAL,0,
1706354100.0,1787429148.8850489,1,1.0883,0.1435,,0.687,0.0262,0.272,NOMINAL,NOMINAL,NORMAL,0,
1706355000.0,1787429149.0097861,1,0.979,0.1374,,0.643,0.0225,0.243,NOMINAL,NOMINAL,TRIGGERED,1,omni_p6
1706355900.0,1787429149.134751,1,0.9737,0.137,,0.616,0.0228,0.23,NOMINAL,NOMINAL,TRIGGERED,2,omni_p6
1706356800.0,1787429149.2596943,1,0.9307,0.1338,,0.614,0.0213,0.246,NOMINAL,NOMINAL,NORMAL,0,
1706357700.0,1787429149.3847408,1,0.9289,0.1379,,0.652,0.0246,0.253,NOMINAL,NOMINAL,NORMAL,0,
1706358600.0,1787429149.5095823,1,0.9412,0.1348,,0.565,0.0217,0.219,NOMINAL,NOMINAL,NORMAL,0,
1706359500.0,1787429149.634631,1,0.9311,0.1342,,0.589,0.0221,0.223,NOMINAL,NOMINAL,NORMAL,0,
1706360400.0,1787429149.7604756,1,1.176,0.1521,,0.807,0.0294,0.29,NOMINAL,NOMINAL,NORMAL,0,
1706361300.0,1787429149.885021,1,1.0535,0.1472,,0.693,0.028,0.269,NOMINAL,NOMINAL,TRIGGERED,1,omni_p6
1706362200.0,1787429150.0097184,1,0.9565,0.1362,,0.626,0.0251,0.235,NOMINAL,NOMINAL,TRIGGERED,2,omni_p6
1706363100.0,1787429150.1347227,1,0.9603,0.1337,,0.62,0.0245,0.23,NOMINAL,NOMINAL,NORMAL,0,
1706364000.0,1787429150.2595804,1,0.9145,0.1322,,0.576,0.0236,0.22,NOMINAL,NOMINAL,NORMAL,0,
1706364900.0,1787429150.384584,1,0.9075,0.1313,,0.565,0.0232,0.224,NOMINAL,NOMINAL,NORMAL,0,
1706365800.0,1787429150.5096014,1,0.9503,0.1372,,0.558,0.024,0.218,NOMINAL,NOMINAL,NORMAL,0,
1706366700.0,1787429150.6346498,1,0.9538,0.1309,,0.572,0.0233,0.224,NOMINAL,NOMINAL,NORMAL,0,
1706367600.0,1787429150.759465,1,0.8834,0.1281,,0.529,0.0222,0.217,NOMINAL,NOMINAL,TRIGGERED,1,omni_p6
1706368500.0,1787429150.8848798,1,0.9891,0.137,,0.653,0.0241,0.24,NOMINAL,NOMINAL,NORMAL,0,
1706369400.0,1787429151.0096462,1,0.9315,0.1313,,0.589,0.0232,0.217,NOMINAL,NOMINAL,NORMAL,0,
1706370300.0,1787429151.134699,1,0.9517,0.1294,,0.604,0.0221,0.224,NOMINAL,NOMINAL,NORMAL,0,
1706371200.0,1787429151.2596111,1,0.9111,0.1263,,0.567,0.0225,0.215,NOMINAL,NOMINAL,NORMAL,0,
1706372100.0,1787429151.3845377,1,0.8877,0.1248,,0.558,0.0212,0.222,NOMINAL,NOMINAL,NORMAL,0,
1706373000.0,1787429151.5096953,1,0.966,0.1326,,0.6,0.0236,0.227,NOMINAL,NOMINAL,NORMAL,0,
1706373900.0,1787429151.6349032,1,1.0402,0.1368,,0.637,0.0268,0.236,NOMINAL,NOMINAL,NORMAL,0,
1706374800.0,1787429151.7597961,1,0.9839,0.1347,,0.618,0.0255,0.234,NOMINAL,NOMINAL,NORMAL,0,
1706375700.0,1787429151.8847897,1,0.9833,0.1339,,0.62,0.0227,0.235,NOMINAL,NOMINAL,NORMAL,0,
1706376600.0,1787429152.0096426,1,0.9225,0.1314,,0.575,0.0223,0.223,NOMINAL,NOMINAL,NORMAL,0,
1706377500.0,1787429152.1347163,1,0.9551,0.1339,,0.587,0.0233,0.235,NOMINAL,NOMINAL,NORMAL,0,
1706378400.0,1787429152.2595062,1,0.8795,0.1268,,0.544,0.0224,0.214,NOMINAL,NOMINAL,NORMAL,0,
1706379300.0,1787429152.3845184,1,0.8715,0.1246,,0.569,0.0211,0.215,NOMINAL,NOMINAL,NORMAL,0,
1706380200.0,1787429152.5097513,1,0.9876,0.1325,,0.597,0.0253,0.232,NOMINAL,NOMINAL,NORMAL,0,
1706381100.0,1787429152.634661,1,0.9573,0.1291,,0.571,0.0233,0.219,NOMINAL,NOMINAL,NORMAL,0,
1706382000.0,1787429152.7595782,1,0.917,0.1313,,0.55,0.0237,0.215,NOMINAL,NOMINAL,NORMAL,0,
1706382900.0,1787429152.8847384,1,0.9401,0.1314,,0.606,0.0238,0.232,NOMINAL,NOMINAL,NORMAL,0,
1706383800.0,1787429153.00963,1,0.9186,0.1296,,0.579,0.0246,0.218,NOMINAL,NOMINAL,NORMAL,0,
1706384700.0,1787429153.1346776,1,0.9553,0.1306,,0.587,0.0238,0.217,NOMINAL,NOMINAL,NORMAL,0,
1706385600.0,1787429153.2595615,1,0.8952,0.1282,,0.551,0.023,0.212,NOMINAL,NOMINAL,NORMAL,0,
1706386500.0,1787429153.3845024,1,0.886,0.1266,,0.534,0.0212,0.205,NOMINAL,NOMINAL,NORMAL,0,
1706387400.0,1787429153.50969,1,0.937,0.1289,,0.602,0.0233,0.227,NOMINAL,NOMINAL,NORMAL,0,
1706388300.0,1787429153.6345832,1,0.9385,0.1315,,0.544,0.023,0.217,NOMINAL,NOMINAL,TRIGGERED,1,omni_p6
1706389200.0,1787429153.7605023,1,1.1524,0.1457,,0.854,0.0292,0.27,NOMINAL,NOMINAL,NORMAL,0,
1706390100.0,1787429153.8850312,1,1.0554,0.1362,,0.683,0.0263,0.257,NOMINAL,NOMINAL,NORMAL,0,
1706391000.0,1787429154.009987,1,1.0638,0.1649,,0.61,0.0255,0.273,NOMINAL,NOMINAL,NORMAL,0,
1706391900.0,1787429154.134976,1,1.0736,0.1394,,0.659,0.0234,0.232,NOMINAL,NOMINAL,NORMAL,0,
1706392800.0,1787429154.259754,1,0.9841,0.1342,,0.582,0.0239,0.224,NOMINAL,NOMINAL,NORMAL,0,
1706393700.0,1787429154.3845575,1,0.9134,0.1324,,0.539,0.0225,0.22,NOMINAL,NOMINAL,TRIGGERED,1,omni_p6
1706394600.0,1787429154.5100706,1,1.0845,0.1775,,0.642,0.0251,0.246,NOMINAL,NOMINAL,TRIGGERED,2,omni_p6
1706395500.0,1787429154.6344895,1,0.9669,0.1312,,0.501,0.0228,0.217,NOMINAL,NOMINAL,NORMAL,0,
1706396400.0,1787429154.7608814,1,1.2679,0.1563,,0.951,0.03,0.299,NOMINAL,NOMINAL,NORMAL,0,
1706397300.0,1787429154.8857074,1,1.209,0.1522,,0.926,0.032,0.307,NOMINAL,NOMINAL,NORMAL,0,
1706398200.0,1787429155.0105581,1,1.2146,0.1503,,0.843,0.0309,0.301,NOMINAL,NOMINAL,NORMAL,0,
1706399100.0,1787429155.1356442,1,1.273,0.1555,,0.827,0.0329,0.304,NOMINAL,NOMINAL,NORMAL,0,
1706400000.0,1787429155.2610102,1,1.168,0.1375,0.6298,0.749,0.0296,0.285,NOMINAL,NOMINAL,TRIGGERED,1,omni_p6
1706400900.0,1787429155.3849313,1,1.0867,0.1421,,0.636,0.027,0.249,NOMINAL,NOMINAL,TRIGGERED,2,omni_p6
1706401800.0,1787429155.5098948,1,1.0624,0.1412,,0.641,0.028,0.246,NOMINAL,NOMINAL,NORMAL,0,
1706402700.0,1787429155.6347673,1,1.0315,0.1358,,0.572,0.0256,0.24,NOMINAL,NOMINAL,NORMAL,0,
1706403600.0,1787429155.7596836,1,0.9796,0.1364,,0.559,0.0266,0.228,NOMINAL,NOMINAL,NORMAL,0,
1706404500.0,1787429155.8846383,1,0.9534,0.1313,,0.564,0.0269,0.231,NOMINAL,NOMINAL,NORMAL,0,
1706405400.0,1787429156.0097044,1,0.9476,0.135,,0.601,0.0238,0.246,NOMINAL,NOMINAL,NORMAL,0,
1706406300.0,1787429156.13466,1,0.9361,0.1332,,0.567,0.024,0.246,NOMINAL,NOMINAL,TRIGGERED,1,omni_p6
1706407200.0,1787429156.259648,1,0.9249,0.1291,,0.579,0.0247,0.226,NOMINAL,NOMINAL,NORMAL,0,
1706408100.0,1787429156.3845048,1,0.8892,0.1282,,0.519,0.0224,0.23,NOMINAL,NOMINAL,NORMAL,0,
1706409000.0,1787429156.5094135,1,0.8732,0.1269,,0.517,0.0213,0.203,NOMINAL,NOMINAL,NORMAL,0,
1706409900.0,1787429156.6352377,1,1.1248,0.1443,,0.738,0.0298,0.272,NOMINAL,NOMINAL,NORMAL,0,
1706410800.0,1787429156.7598617,1,1.0219,0.1404,,0.631,0.0261,0.249,NOMINAL,NOMINAL,NORMAL,0,
1706411700.0,1787429156.8847184,1,0.9443,0.1372,,0.586,0.0248,0.255,NOMINAL,NOMINAL,TRIGGERED,1,omni_p6
1706412600.0,1787429157.0097108,1,0.9546,0.1349,,0.584,0.0244,0.226,NOMINAL,NOMINAL,TRIGGERED,2,omni_p6
1706413500.0,1787429157.1348457,1,1.0155,0.1355,,0.629,0.0266,0.231,NOMINAL,NOMINAL,NORMAL,0,
1706414400.0,1787429157.2596953,1,0.9377,0.1321,,0.587,0.024,0.221,NOMINAL,NOMINAL,NORMAL,0,
1706415300.0,1787429157.3846343,1,0.913,0.1311,,0.556,0.0229,0.242,NOMINAL,NOMINAL,NORMAL,0,
1706416200.0,1787429157.509424,1,0.8869,0.127,,0.509,0.0221,0.205,NOMINAL,NOMINAL,NORMAL,0,
1706417100.0,1787429157.6348917,1,1.0184,0.1353,,0.619,0.0248,0.259,NOMINAL,NOMINAL,NORMAL,0,
1706418000.0,1787429157.7596107,1,0.9414,0.1316,,0.554,0.0234,0.216,NOMINAL,NOMINAL,NORMAL,0,
1706418900.0,1787429157.8845985,1,0.9257,0.1274,,0.534,0.0221,0.24,NOMINAL,NOMINAL,NORMAL,0,
1706419800.0,1787429158.0095444,1,0.8959,0.1246,,0.558,0.0222,0.211,NOMINAL,NOMINAL,NORMAL,0,
1706420700.0,1787429158.1346545,1,0.9462,0.1307,,0.556,0.0226,0.222,NOMINAL,NOMINAL,NORMAL,0,
1706421600.0,1787429158.2594779,1,0.8858,0.1247,,0.536,0.0211,0.203,NOMINAL,NOMINAL,NORMAL,0,
1706422500.0,1787429158.3844564,1,0.8634,0.126,,0.507,0.0207,0.222,NOMINAL,NOMINAL,NORMAL,0,
1706423400.0,1787429158.5095592,1,0.9074,0.1321,,0.544,0.023,0.231,NOMINAL,NOMINAL,NORMAL,0,
1706424300.0,1787429158.634806,1,0.9841,0.1342,,0.618,0.0235,0.233,NOMINAL,NOMINAL,NORMAL,0,
1706425200.0,1787429158.7605062,1,1.1905,0.151,,0.806,0.0314,0.273,NOMINAL,NOMINAL,NORMAL,0,
1706426100.0,1787429158.8849344,1,1.0741,0.1435,,0.645,0.0279,0.245,NOMINAL,NOMINAL,NORMAL,0,
1706427000.0,1787429159.0097482,1,0.9845,0.1341,,0.608,0.0262,0.235,NOMINAL,NOMINAL,NORMAL,0,
1706427900.0,1787429159.1346881,1,0.9659,0.1361,,0.575,0.0239,0.228,NOMINAL,NOMINAL,TRIGGERED,1,omni_p6
1706428800.0,1787429159.2596014,1,0.908,0.1296,,0.574,0.0243,0.232,NOMINAL,NOMINAL,TRIGGERED,2,omni_p6
1706429700.0,1787429159.3845074,1,0.887,0.1264,,0.539,0.0233,0.208,NOMINAL,NOMINAL,NORMAL,0,
1706430600.0,1787429159.509458,1,0.8922,0.1265,,0.522,0.023,0.213,NOMINAL,NOMINAL,NORMAL,0,
1706431500.0,1787429159.6355193,1,1.2042,0.1484,,0.802,0.0316,0.296,NOMINAL,NOMINAL,NORMAL,0,
1706432400.0,1787429159.760463,1,1.1818,0.1467,,0.825,0.0303,0.277,NOMINAL,NOMINAL,NORMAL,0,
1706433300.0,1787429159.8849282,1,1.0513,0.1422,,0.623,0.0384,0.268,NOMINAL,NOMINAL,NORMAL,0,
1706434200.0,1787429160.0098617,1,1.0166,0.1395,,0.617,0.0267,0.244,NOMINAL,NOMINAL,TRIGGERED,1,omni_p6
1706435100.0,1787429160.134682,1,0.9774,0.137,,0.582,0.024,0.222,NOMINAL,NOMINAL,TRIGGERED,2,omni_p6
1706436000.0,1787429160.2595925,1,0.9075,0.1315,,0.562,0.0228,0.223,NOMINAL,NOMINAL,NORMAL,0,
1706436900.0,1787429160.3845212,1,0.8537,0.128,,0.574,0.0239,0.236,NOMINAL,NOMINAL,NORMAL,0,
1706437800.0,1787429160.5093465,1,0.8132,0.1181,,0.541,0.0219,0.222,NOMINAL,NOMINAL,NORMAL,0,
1706438700.0,1787429160.6348283,1,0.9874,0.1336,,0.638,0.0277,0.248,NOMINAL,NOMINAL,NORMAL,0,
1706439600.0,1787429160.759534,1,0.891,0.1291,,0.578,0.0239,0.226,NOMINAL,NOMINAL,NORMAL,0,
1706440500.0,1787429160.8846533,1,0.9145,0.1312,,0.605,0.0232,0.228,NOMINAL,NOMINAL,TRIGGERED,1,omni_p6
1706441400.0,1787429161.0096307,1,0.9237,0.1283,,0.597,0.0219,0.221,NOMINAL,NOMINAL,NORMAL,0,
1706442300.0,1787429161.134694,1,0.9507,0.1319,,0.59,0.0238,0.232,NOMINAL,NOMINAL,NORMAL,0,
1706443200.0,1787429161.2595577,1,0.8878,0.1261,,0.575,0.022,0.23,NOMINAL,NOMINAL,NORMAL,0,
1706444100.0,1787429161.3844373,1,0.8432,0.1258,,0.542,0.0212,0.226,NOMINAL,NOMINAL,NORMAL,0,
1706445000.0,1787429161.5094876,1,0.8796,0.1268,,0.563,0.0221,0.218,NOMINAL,NOMINAL,NORMAL,0,
1706445900.0,1787429161.6348588,1,1.0056,0.1364,,0.646,0.0244,0.239,NOMINAL,NOMINAL,TRIGGERED,1,omni_p6
1706446800.0,1787429161.7601588,1,1.088,0.1454,,0.704,0.0267,0.296,NOMINAL,NOMINAL,TRIGGERED,2,omni_p6
1706447700.0,1787429161.8847833,1,0.9853,0.1356,,0.634,0.0229,0.232,NOMINAL,NOMINAL,NORMAL,0,
1706448600.0,1787429162.0097554,1,0.9831,0.1318,,0.612,0.0235,0.232,NOMINAL,NOMINAL,NORMAL,0,
1706449500.0,1787429162.1346908,1,0.9702,0.1318,,0.591,0.0225,0.222,NOMINAL,NOMINAL,NORMAL,0,
1706450400.0,1787429162.2594717,1,0.881,0.1245,,0.539,0.0228,0.213,NOMINAL,NOMINAL,NORMAL,0,
1706451300.0,1787429162.3844824,1,0.8765,0.1266,,0.537,0.0194,0.213,NOMINAL,NOMINAL,NORMAL,0,
1706452200.0,1787429162.5094562,1,0.8681,0.1294,,0.546,0.0224,0.214,NOMINAL,NOMINAL,TRIGGERED,1,omni_p6
1706453100.0,1787429162.6345618,1,0.9112,0.1269,,0.549,0.0212,0.222,NOMINAL,NOMINAL,TRIGGERED,2,omni_p6
1706454000.0,1787429162.7597265,1,0.9312,0.1326,,0.642,0.0235,0.229,NOMINAL,NOMINAL,NORMAL,0,
1706454900.0,1787429162.8846843,1,0.9501,0.1324,,0.586,0.0258,0.225,NOMINAL,NOMINAL,NORMAL,0,
1706455800.0,1787429163.0096796,1,0.9386,0.1338,,0.587,0.0245,0.236,NOMINAL,NOMINAL,NORMAL,0,
1706456700.0,1787429163.1346805,1,0.9673,0.1308,,0.598,0.0244,0.228,NOMINAL,NOMINAL,NORMAL,0,
1706457600.0,1787429163.2595775,1,0.9034,0.1287,,0.567,0.0222,0.226,NOMINAL,NOMINAL,NORMAL,0,
1706458500.0,1787429163.3845127,1,0.884,0.1296,,0.546,0.0224,0.218,NOMINAL,NOMINAL,TRIGGERED,1,omni_p6
1706459400.0,1787429163.509601,1,0.944,0.1303,,0.578,0.023,0.217,NOMINAL,NOMINAL,NORMAL,0,
1706460300.0,1787429163.6345868,1,0.9245,0.1277,,0.557,0.0215,0.224,NOMINAL,NOMINAL,NORMAL,0,
1706461200.0,1787429163.760695,1,1.2287,0.1522,,0.884,0.0309,0.286,NOMINAL,NOMINAL,NORMAL,0,
1706462100.0,1787429163.8850439,1,1.0715,0.142,,0.691,0.0268,0.253,NOMINAL,NOMINAL,NORMAL,0,
1706463000.0,1787429164.009811,1,0.9907,0.135,,0.636,0.0246,0.238,NOMINAL,NOMINAL,NORMAL,0,
1706463900.0,1787429164.1351414,1,1.1165,0.1449,,0.7,0.0292,0.252,NOMINAL,NOMINAL,NORMAL,0,
1706464800.0,1787429164.2598572,1,0.9957,0.137,,0.617,0.0259,0.277,NOMINAL,NOMINAL,NORMAL,0,
1706465700.0,1787429164.3846982,1,0.9387,0.1337,,0.614,0.0242,0.218,NOMINAL,NOMINAL,NORMAL,0,
1706466600.0,1787429164.5095675,1,0.9408,0.1287,,0.539,0.0225,0.214,NOMINAL,NOMINAL,NORMAL,0,
1706467500.0,1787429164.6345916,1,0.9306,0.1285,,0.538,0.0219,0.231,NOMINAL,NOMINAL,NORMAL,0,
1706468400.0,1787429164.7605748,1,1.2031,0.149,,0.808,0.0314,0.288,NOMINAL,NOMINAL,NORMAL,0,
1706469300.0,1787429164.8849535,1,1.0687,0.142,,0.645,0.0255,0.24,NOMINAL,NOMINAL,NORMAL,0,
1706470200.0,1787429165.009755,1,0.9828,0.1362,,0.602,0.0256,0.229,NOMINAL,NOMINAL,NORMAL,0,
1706471100.0,1787429165.134715,1,0.986,0.1348,,0.578,0.0243,0.221,NOMINAL,NOMINAL,NORMAL,0,
1706472000.0,1787429165.2596366,1,0.936,0.1316,,0.567,0.0225,0.216,NOMINAL,NOMINAL,NORMAL,0,
1706472900.0,1787429165.3845453,1,0.8947,0.1311,,0.542,0.0217,0.213,NOMINAL,NOMINAL,TRIGGERED,1,omni_p6
1706473800.0,1787429165.5096605,1,0.9507,0.1305,,0.573,0.0232,0.227,NOMINAL,NOMINAL,NORMAL,0,
1706474700.0,1787429165.6346786,1,0.9747,0.1275,,0.581,0.022,0.237,NOMINAL,NOMINAL,NORMAL,0,
1706475600.0,1787429165.7598872,1,1.0036,0.1368,,0.652,0.027,0.239,NOMINAL,NOMINAL,NORMAL,0,
1706476500.0,1787429165.8846874,1,0.969,0.1326,,0.576,0.0244,0.224,NOMINAL,NOMINAL,NORMAL,0,
1706477400.0,1787429166.0096924,1,0.9499,0.1335,,0.581,0.0232,0.221,NOMINAL,NOMINAL,NORMAL,0,
1706478300.0,1787429166.1346445,1,0.9405,0.1288,,0.601,0.0227,0.214,NOMINAL,NOMINAL,NORMAL,0,
1706479200.0,1787429166.2595859,1,0.9002,0.1288,,0.558,0.0235,0.225,NOMINAL,NOMINAL,TRIGGERED,1,omni_p6
1706480100.0,1787429166.3844895,1,0.8713,0.1286,,0.541,0.0218,0.211,NOMINAL,NOMINAL,NORMAL,0,
1706481000.0,1787429166.5094213,1,0.8682,0.1246,,0.528,0.0228,0.211,NOMINAL,NOMINAL,NORMAL,0,
1706481900.0,1787429166.6349525,1,1.053,0.1366,,0.658,0.0262,0.256,NOMINAL,NOMINAL,NORMAL,0,
1706482800.0,1787429166.7598166,1,0.984,0.1362,,0.612,0.0266,0.248,NOMINAL,NOMINAL,NORMAL,0,
1706483700.0,1787429166.8848734,1,1.002,0.1395,,0.628,0.0239,0.238,NOMINAL,NOMINAL,NORMAL,0,
1706484600.0,1787429167.009675,1,0.9439,0.1301,,0.586,0.0239,0.227,NOMINAL,NOMINAL,NORMAL,0,
1706485500.0,1787429167.1346378,1,0.9306,0.1341,,0.543,0.0216,0.235,NOMINAL,NOMINAL,TRIGGERED,1,omni_p6
1706486400.0,1787429167.260278,1,0.9056,0.1219,0.6296,0.565,0.0239,0.224,NOMINAL,NOMINAL,NORMAL,0,
