08-09-2026 19:34:21 RAM 2985/7620MB (lfb 19x4MB) SWAP 2/12002MB (cached 0MB) CPU [9%@1113,3%@1113,22%@1113,4%@1113,2%@729,2%@729] GR3D_FREQ 8% cpu@48.5C soc2@47.593C soc0@46.312C gpu@47.718C tj@48.5C soc1@46C VDD_IN 4465mW/4465mW VDD_CPU_GPU_CV 796mW/796mW VDD_SOC 1355mW/1355mW
08-09-2026 19:34:22 RAM 2985/7620MB (lfb 19x4MB) SWAP 2/12002MB (cached 0MB) CPU [9%@1510,27%@1510,3%@1510,1%@1510,0%@729,1%@729] GR3D_FREQ 6% cpu@48.531C soc2@47.562C soc0@46.25C gpu@47.906C tj@48.531C soc1@46C VDD_IN 4385mW/4425mW VDD_CPU_GPU_CV 756mW/776mW VDD_SOC 1355mW/1355mW
08-09-2026 19:34:23 RAM 2985/7620MB (lfb 19x4MB) SWAP 2/12002MB (cached 0MB) CPU [3%@729,7%@729,4%@729,15%@729,5%@729,6%@729] GR3D_FREQ 13% cpu@48.375C soc2@47.656C soc0@46.281C gpu@47.843C tj@48.375C soc1@46.093C VDD_IN 4425mW/4425mW VDD_CPU_GPU_CV 756mW/769mW VDD_SOC 1355mW/1355mW
08-09-2026 19:34:24 RAM 2985/7620MB (lfb 19x4MB) SWAP 2/12002MB (cached 0MB) CPU [3%@729,2%@729,5%@729,4%@729,9%@729,8%@729] GR3D_FREQ 12% cpu@48.375C soc2@47.593C soc0@46.312C gpu@47.968C tj@48.375C soc1@46.125C VDD_IN 4385mW/4415mW VDD_CPU_GPU_CV 756mW/766mW VDD_SOC 1355mW/1355mW
08-09-2026 19:34:25 RAM 2985/7620MB (lfb 19x4MB) SWAP 2/12002MB (cached 0MB) CPU [7%@729,2%@729,8%@729,25%@729,3%@960,2%@729] GR3D_FREQ 13% cpu@48.781C soc2@47.5C soc0@46.375C gpu@47.718C tj@48.781C soc1@46.093C VDD_IN 4465mW/4425mW VDD_CPU_GPU_CV 796mW/772mW VDD_SOC 1355mW/1355mW
08-09-2026 19:34:26 RAM 2984/7620MB (lfb 19x4MB) SWAP 2/12002MB (cached 0MB) CPU [2%@729,1%@729,5%@729,4%@729,26%@729,2%@729] GR3D_FREQ 12% cpu@48.437C soc2@47.5C soc0@46.312C gpu@47.656C tj@48.437C soc1@46C VDD_IN 4425mW/4425mW VDD_CPU_GPU_CV 756mW/769mW VDD_SOC 1355mW/1355mW
08-09-2026 19:34:27 RAM 2984/7620MB (lfb 19x4MB) SWAP 2/12002MB (cached 0MB) CPU [7%@729,1%@729,4%@729,1%@729,20%@729,0%@729] GR3D_FREQ 6% cpu@48.375C soc2@47.656C soc0@46.156C gpu@48C tj@48.375C soc1@46.125C VDD_IN 4425mW/4425mW VDD_CPU_GPU_CV 756mW/767mW VDD_SOC 1355mW/1355mW
08-09-2026 19:34:28 RAM 2984/7620MB (lfb 19x4MB) SWAP 2/12002MB (cached 0MB) CPU [5%@729,1%@729,1%@729,3%@729,23%@729,1%@729] GR3D_FREQ 12% cpu@48.468C soc2@47.656C soc0@46.218C gpu@48.125C tj@48.468C soc1@46.031C VDD_IN 4465mW/4430mW VDD_CPU_GPU_CV 756mW/766mW VDD_SOC 1355mW/1355mW
08-09-2026 19:34:29 RAM 2984/7620MB (lfb 19x4MB) SWAP 2/12002MB (cached 0MB) CPU [5%@1510,4%@1510,1%@1510,1%@1510,17%@729,1%@729] GR3D_FREQ 12% cpu@48.687C soc2@47.531C soc0@46.281C gpu@48.125C tj@48.687C soc1@45.937C VDD_IN 4385mW/4425mW VDD_CPU_GPU_CV 756mW/764mW VDD_SOC 1355mW/1355mW
08-09-2026 19:34:30 RAM 2984/7620MB (lfb 19x4MB) SWAP 2/12002MB (cached 0MB) CPU [4%@729,1%@729,5%@729,14%@729,2%@729,0%@729] GR3D_FREQ 7% cpu@48.5C soc2@47.5C soc0@46.281C gpu@47.718C tj@48.5C soc1@46.093C VDD_IN 4313mW/4413mW VDD_CPU_GPU_CV 717mW/760mW VDD_SOC 1315mW/1351mW
08-09-2026 19:34:31 RAM 2984/7620MB (lfb 19x4MB) SWAP 2/12002MB (cached 0MB) CPU [4%@1510,2%@1510,3%@1510,5%@1510,13%@729,0%@729] GR3D_FREQ 7% cpu@48.375C soc2@47.593C soc0@46.218C gpu@47.75C tj@48.375C soc1@46.187C VDD_IN 4353mW/4408mW VDD_CPU_GPU_CV 717mW/756mW VDD_SOC 1315mW/1347mW
08-09-2026 19:34:32 RAM 2984/7620MB (lfb 19x4MB) SWAP 2/12002MB (cached 0MB) CPU [3%@729,2%@729,1%@729,10%@729,5%@729,2%@729] GR3D_FREQ 13% cpu@48.312C soc2@47.656C soc0@46.281C gpu@47.781C tj@48.562C soc1@46.125C VDD_IN 4313mW/4400mW VDD_CPU_GPU_CV 717mW/752mW VDD_SOC 1315mW/1345mW
08-09-2026 19:34:33 RAM 2984/7620MB (lfb 19x4MB) SWAP 2/12002MB (cached 0MB) CPU [3%@729,1%@729,2%@729,18%@729,1%@729,3%@729] GR3D_FREQ 13% cpu@48.437C soc2@47.5C soc0@46.312C gpu@47.468C tj@48.437C soc1@46.062C VDD_IN 4313mW/4393mW VDD_CPU_GPU_CV 717mW/750mW VDD_SOC 1315mW/1342mW
08-09-2026 19:34:34 RAM 2984/7620MB (lfb 19x4MB) SWAP 2/12002MB (cached 0MB) CPU [4%@729,1%@729,5%@729,18%@729,0%@729,1%@729] GR3D_FREQ 7% cpu@48.687C soc2@47.625C soc0@46.218C gpu@47.562C tj@48.687C soc1@46.093C VDD_IN 4273mW/4385mW VDD_CPU_GPU_CV 717mW/747mW VDD_SOC 1315mW/1340mW
08-09-2026 19:34:35 RAM 2984/7620MB (lfb 19x4MB) SWAP 2/12002MB (cached 0MB) CPU [4%@1510,2%@1510,1%@1510,15%@1510,0%@729,1%@729] GR3D_FREQ 7% cpu@48.406C soc2@47.656C soc0@46.125C gpu@47.625C tj@48.406C soc1@46.062C VDD_IN 4273mW/4377mW VDD_CPU_GPU_CV 717mW/745mW VDD_SOC 1315mW/1339mW
08-09-2026 19:34:36 RAM 2984/7620MB (lfb 19x4MB) SWAP 2/12002MB (cached 0MB) CPU [3%@729,3%@729,2%@729,17%@729,1%@729,0%@729] GR3D_FREQ 12% cpu@48.437C soc2@47.656C soc0@46.25C gpu@47.75C tj@48.437C soc1@46.187C VDD_IN 4313mW/4373mW VDD_CPU_GPU_CV 717mW/743mW VDD_SOC 1315mW/1337mW
08-09-2026 19:34:37 RAM 2984/7620MB (lfb 19x4MB) SWAP 2/12002MB (cached 0MB) CPU [4%@729,2%@729,4%@729,19%@729,2%@729,1%@729] GR3D_FREQ 10% cpu@48.593C soc2@47.5C soc0@46.312C gpu@47.781C tj@48.593C soc1@46.031C VDD_IN 4313mW/4369mW VDD_CPU_GPU_CV 717mW/742mW VDD_SOC 1315mW/1336mW
08-09-2026 19:34:38 RAM 2984/7620MB (lfb 19x4MB) SWAP 2/12002MB (cached 0MB) CPU [4%@1510,1%@1510,2%@1510,21%@1510,1%@729,0%@729] GR3D_FREQ 16% cpu@48.5C soc2@47.593C soc0@46.187C gpu@47.75C tj@48.5C soc1@46.125C VDD_IN 4346mW/4368mW VDD_CPU_GPU_CV 756mW/743mW VDD_SOC 1315mW/1335mW
08-09-2026 19:34:39 RAM 2984/7620MB (lfb 19x4MB) SWAP 2/12002MB (cached 0MB) CPU [6%@729,4%@729,2%@729,20%@729,1%@729,0%@729] GR3D_FREQ 7% cpu@48.437C soc2@47.593C soc0@46.25C gpu@47.593C tj@48.531C soc1@45.968C VDD_IN 4425mW/4371mW VDD_CPU_GPU_CV 756mW/743mW VDD_SOC 1355mW/1336mW
08-09-2026 19:34:40 RAM 2984/7620MB (lfb 19x4MB) SWAP 2/12002MB (cached 0MB) CPU [3%@729,1%@729,3%@729,15%@729,1%@729,0%@729] GR3D_FREQ 7% cpu@48.5C soc2@47.593C soc0@46.312C gpu@47.5C tj@48.5C soc1@46.218C VDD_IN 4432mW/4374mW VDD_CPU_GPU_CV 756mW/744mW VDD_SOC 1355mW/1337mW
08-09-2026 19:34:41 RAM 2984/7620MB (lfb 19x4MB) SWAP 2/12002MB (cached 0MB) CPU [3%@729,2%@729,2%@729,15%@729,0%@729,0%@729] GR3D_FREQ 7% cpu@48.562C soc2@47.562C soc0@46.281C gpu@47.562C tj@48.75C soc1@46.062C VDD_IN 4432mW/4377mW VDD_CPU_GPU_CV 757mW/745mW VDD_SOC 1355mW/1337mW
08-09-2026 19:34:42 RAM 2984/7620MB (lfb 19x4MB) SWAP 2/12002MB (cached 0MB) CPU [5%@1510,1%@1510,2%@1510,16%@1510,0%@729,1%@729] GR3D_FREQ 7% cpu@48.687C soc2@47.625C soc0@46.156C gpu@47.812C tj@48.687C soc1@46.062C VDD_IN 4432mW/4379mW VDD_CPU_GPU_CV 756mW/745mW VDD_SOC 1355mW/1338mW
08-09-2026 19:34:43 RAM 2985/7620MB (lfb 19x4MB) SWAP 2/12002MB (cached 0MB) CPU [3%@1510,2%@1510,2%@1510,16%@1510,1%@729,0%@729] GR3D_FREQ 7% cpu@48.312C soc2@47.531C soc0@46.312C gpu@47.812C tj@48.312C soc1@46.125C VDD_IN 4425mW/4381mW VDD_CPU_GPU_CV 756mW/745mW VDD_SOC 1355mW/1339mW
08-09-2026 19:34:44 RAM 2985/7620MB (lfb 19x4MB) SWAP 2/12002MB (cached 0MB) CPU [4%@1510,0%@1510,4%@1510,16%@1510,2%@729,0%@729] GR3D_FREQ 7% cpu@48.343C soc2@47.531C soc0@46.25C gpu@47.875C tj@48.343C soc1@46.218C VDD_IN 4425mW/4383mW VDD_CPU_GPU_CV 756mW/746mW VDD_SOC 1355mW/1340mW
08-09-2026 19:34:45 RAM 2985/7620MB (lfb 19x4MB) SWAP 2/12002MB (cached 0MB) CPU [6%@729,9%@729,3%@729,9%@729,0%@729,1%@729] GR3D_FREQ 12% cpu@48.593C soc2@47.593C soc0@46.406C gpu@47.625C tj@48.593C soc1@46.062C VDD_IN 4425mW/4385mW VDD_CPU_GPU_CV 756mW/746mW VDD_SOC 1355mW/1340mW
08-09-2026 19:34:46 RAM 2985/7620MB (lfb 19x4MB) SWAP 2/12002MB (cached 0MB) CPU [15%@729,13%@729,3%@729,2%@729,1%@729,1%@729] GR3D_FREQ 11% cpu@48.718C soc2@47.531C soc0@46.25C gpu@47.593C tj@48.718C soc1@45.968C VDD_IN 4465mW/4388mW VDD_CPU_GPU_CV 756mW/747mW VDD_SOC 1355mW/1341mW
08-09-2026 19:34:47 RAM 2985/7620MB (lfb 19x4MB) SWAP 2/12002MB (cached 0MB) CPU [7%@1510,15%@1510,4%@1510,2%@1510,1%@729,2%@729] GR3D_FREQ 9% cpu@48.406C soc2@47.5C soc0@46.187C gpu@47.656C tj@48.406C soc1@46.062C VDD_IN 4465mW/4391mW VDD_CPU_GPU_CV 756mW/747mW VDD_SOC 1355mW/1341mW
08-09-2026 19:34:48 RAM 2985/7620MB (lfb 19x4MB) SWAP 2/12002MB (cached 0MB) CPU [16%@729,10%@729,0%@729,1%@729,2%@729,2%@729] GR3D_FREQ 15% cpu@48.437C soc2@47.656C soc0@46.187C gpu@47.843C tj@48.437C soc1@46.156C VDD_IN 4425mW/4392mW VDD_CPU_GPU_CV 756mW/747mW VDD_SOC 1355mW/1342mW
08-09-2026 19:34:49 RAM 2985/7620MB (lfb 19x4MB) SWAP 2/12002MB (cached 0MB) CPU [27%@729,7%@729,2%@729,0%@729,1%@729,1%@729] GR3D_FREQ 15% cpu@48.687C soc2@47.531C soc0@46.25C gpu@47.875C tj@48.687C soc1@45.968C VDD_IN 4385mW/4392mW VDD_CPU_GPU_CV 756mW/748mW VDD_SOC 1355mW/1342mW
08-09-2026 19:34:50 RAM 2985/7620MB (lfb 19x4MB) SWAP 2/12002MB (cached 0MB) CPU [19%@729,8%@729,3%@729,1%@729,1%@729,1%@729] GR3D_FREQ 10% cpu@48.437C soc2@47.562C soc0@46.125C gpu@47.843C tj@48.406C soc1@46C VDD_IN 4385mW/4391mW VDD_CPU_GPU_CV 756mW/748mW VDD_SOC 1355mW/1343mW
08-09-2026 19:34:51 RAM 2985/7620MB (lfb 19x4MB) SWAP 2/12002MB (cached 0MB) CPU [10%@1510,13%@1510,4%@1510,6%@1510,8%@729,3%@729] GR3D_FREQ 7% cpu@48.375C soc2@47.531C soc0@46.25C gpu@47.562C tj@48.375C soc1@46.031C VDD_IN 4505mW/4395mW VDD_CPU_GPU_CV 796mW/749mW VDD_SOC 1355mW/1343mW
08-09-2026 19:34:52 RAM 2985/7620MB (lfb 19x4MB) SWAP 2/12002MB (cached 0MB) CPU [4%@729,0%@729,4%@729,1%@729,25%@729,4%@729] GR3D_FREQ 6% cpu@48.437C soc2@47.625C soc0@46.187C gpu@47.593C tj@48.437C soc1@46.125C VDD_IN 4425mW/4396mW VDD_CPU_GPU_CV 756mW/750mW VDD_SOC 1355mW/1343mW
08-09-2026 19:34:53 RAM 2985/7620MB (lfb 19x4MB) SWAP 2/12002MB (cached 0MB) CPU [2%@729,1%@729,3%@729,6%@729,24%@729,1%@729] GR3D_FREQ 7% cpu@48.375C soc2@47.562C soc0@46.281C gpu@47.625C tj@48.375C soc1@45.875C VDD_IN 4425mW/4397mW VDD_CPU_GPU_CV 756mW/750mW VDD_SOC 1355mW/1344mW
08-09-2026 19:34:54 RAM 2985/7620MB (lfb 19x4MB) SWAP 2/12002MB (cached 0MB) CPU [3%@729,2%@729,5%@729,2%@729,0%@729,18%@729] GR3D_FREQ 12% cpu@48.531C soc2@47.5C soc0@46.125C gpu@47.968C tj@48.531C soc1@45.906C VDD_IN 4425mW/4398mW VDD_CPU_GPU_CV 756mW/750mW VDD_SOC 1355mW/1344mW
08-09-2026 19:34:55 RAM 2985/7620MB (lfb 19x4MB) SWAP 2/12002MB (cached 0MB) CPU [5%@729,3%@729,0%@729,1%@729,1%@729,25%@729] GR3D_FREQ 7% cpu@48.406C soc2@47.593C soc0@46.062C gpu@47.906C tj@48.25C soc1@45.968C VDD_IN 4385mW/4397mW VDD_CPU_GPU_CV 756mW/750mW VDD_SOC 1355mW/1344mW
08-09-2026 19:34:56 RAM 2985/7620MB (lfb 19x4MB) SWAP 2/12002MB (cached 0MB) CPU [3%@729,1%@729,3%@729,1%@729,1%@729,28%@729] GR3D_FREQ 6% cpu@48.312C soc2@47.437C soc0@46.187C gpu@47.906C tj@48.312C soc1@46.125C VDD_IN 4425mW/4398mW VDD_CPU_GPU_CV 756mW/750mW VDD_SOC 1355mW/1345mW
08-09-2026 19:34:57 RAM 2985/7620MB (lfb 19x4MB) SWAP 2/12002MB (cached 0MB) CPU [3%@729,3%@729,4%@729,1%@729,0%@729,28%@729] GR3D_FREQ 7% cpu@48.375C soc2@47.5C soc0@46.281C gpu@47.968C tj@48.375C soc1@45.812C VDD_IN 4425mW/4399mW VDD_CPU_GPU_CV 756mW/750mW VDD_SOC 1355mW/1345mW
08-09-2026 19:34:58 RAM 2985/7620MB (lfb 19x4MB) SWAP 2/12002MB (cached 0MB) CPU [4%@729,3%@729,7%@729,1%@729,0%@729,20%@729] GR3D_FREQ 15% cpu@48.406C soc2@47.531C soc0@46.343C gpu@47.625C tj@48.281C soc1@45.937C VDD_IN 4505mW/4402mW VDD_CPU_GPU_CV 756mW/750mW VDD_SOC 1355mW/1345mW
08-09-2026 19:34:59 RAM 2985/7620MB (lfb 19x4MB) SWAP 2/12002MB (cached 0MB) CPU [5%@1510,2%@1510,10%@1510,1%@1510,1%@729,11%@729] GR3D_FREQ 9% cpu@48.468C soc2@47.593C soc0@46.156C gpu@47.625C tj@48.468C soc1@46.062C VDD_IN 4465mW/4403mW VDD_CPU_GPU_CV 756mW/751mW VDD_SOC 1395mW/1346mW
08-09-2026 19:35:00 RAM 2985/7620MB (lfb 19x4MB) SWAP 2/12002MB (cached 0MB) CPU [3%@1510,0%@1510,2%@1510,1%@1510,2%@729,15%@729] GR3D_FREQ 6% cpu@48.375C soc2@47.562C soc0@46.187C gpu@47.937C tj@48.375C soc1@45.937C VDD_IN 4465mW/4405mW VDD_CPU_GPU_CV 756mW/751mW VDD_SOC 1395mW/1348mW
08-09-2026 19:35:01 RAM 2985/7620MB (lfb 19x4MB) SWAP 2/12002MB (cached 0MB) CPU [3%@729,1%@729,8%@729,2%@729,0%@729,16%@729] GR3D_FREQ 12% cpu@48.218C soc2@47.593C soc0@46.125C gpu@47.437C tj@48.437C soc1@45.812C VDD_IN 4472mW/4406mW VDD_CPU_GPU_CV 757mW/751mW VDD_SOC 1355mW/1348mW
08-09-2026 19:35:02 RAM 2985/7620MB (lfb 19x4MB) SWAP 2/12002MB (cached 0MB) CPU [5%@729,1%@729,6%@729,1%@729,1%@729,15%@729] GR3D_FREQ 12% cpu@48.406C soc2@47.437C soc0@46.062C gpu@47.468C tj@48.406C soc1@45.906C VDD_IN 4472mW/4408mW VDD_CPU_GPU_CV 757mW/751mW VDD_SOC 1355mW/1348mW
08-09-2026 19:35:03 RAM 2985/7620MB (lfb 19x4MB) SWAP 2/12002MB (cached 0MB) CPU [3%@729,1%@729,3%@729,1%@729,2%@729,18%@729] GR3D_FREQ 9% cpu@48.156C soc2@47.375C soc0@46.031C gpu@47.375C tj@48.156C soc1@45.875C VDD_IN 4465mW/4409mW VDD_CPU_GPU_CV 756mW/751mW VDD_SOC 1355mW/1348mW
08-09-2026 19:35:04 RAM 2985/7620MB (lfb 19x4MB) SWAP 2/12002MB (cached 0MB) CPU [3%@1510,0%@1510,5%@1510,1%@1510,1%@729,14%@729] GR3D_FREQ 11% cpu@48.156C soc2@47.375C soc0@46.156C gpu@47.437C tj@48.156C soc1@45.875C VDD_IN 4505mW/4411mW VDD_CPU_GPU_CV 756mW/751mW VDD_SOC 1395mW/1349mW
08-09-2026 19:35:05 RAM 2985/7620MB (lfb 19x4MB) SWAP 2/12002MB (cached 0MB) CPU [3%@1510,1%@1510,2%@1510,2%@1510,1%@729,19%@729] GR3D_FREQ 11% cpu@48.375C soc2@47.5C soc0@46.187C gpu@47.687C tj@48.375C soc1@46.031C VDD_IN 4472mW/4413mW VDD_CPU_GPU_CV 757mW/751mW VDD_SOC 1395mW/1350mW
08-09-2026 19:35:06 RAM 2985/7620MB (lfb 19x4MB) SWAP 2/12002MB (cached 0MB) CPU [2%@1510,1%@1510,5%@1510,1%@1510,6%@729,11%@729] GR3D_FREQ 7% cpu@48.562C soc2@47.375C soc0@46.218C gpu@47.625C tj@48.562C soc1@45.906C VDD_IN 4472mW/4414mW VDD_CPU_GPU_CV 757mW/751mW VDD_SOC 1395mW/1351mW
08-09-2026 19:35:07 RAM 2985/7620MB (lfb 19x4MB) SWAP 2/12002MB (cached 0MB) CPU [3%@729,0%@729,11%@729,2%@729,10%@729,0%@729] GR3D_FREQ 11% cpu@48.281C soc2@47.375C soc0@45.968C gpu@47.687C tj@48.281C soc1@45.812C VDD_IN 4472mW/4415mW VDD_CPU_GPU_CV 757mW/752mW VDD_SOC 1395mW/1352mW
08-09-2026 19:35:08 RAM 2985/7620MB (lfb 19x4MB) SWAP 2/12002MB (cached 0MB) CPU [3%@729,1%@729,16%@729,2%@729,5%@729,1%@729] GR3D_FREQ 11% cpu@48.187C soc2@47.437C soc0@46.156C gpu@47.718C tj@48.187C soc1@45.875C VDD_IN 4505mW/4417mW VDD_CPU_GPU_CV 796mW/752mW VDD_SOC 1355mW/1352mW
08-09-2026 19:35:09 RAM 2985/7620MB (lfb 19x4MB) SWAP 2/12002MB (cached 0MB) CPU [3%@1510,1%@1510,4%@1510,2%@1510,11%@729,1%@729] GR3D_FREQ 8% cpu@48.281C soc2@47.343C soc0@46.062C gpu@47.687C tj@48.281C soc1@45.968C VDD_IN 4465mW/4418mW VDD_CPU_GPU_CV 756mW/753mW VDD_SOC 1395mW/1353mW
08-09-2026 19:35:10 RAM 2985/7620MB (lfb 19x4MB) SWAP 2/12002MB (cached 0MB) CPU [3%@1510,1%@1510,6%@1510,1%@1510,14%@729,1%@729] GR3D_FREQ 12% cpu@48.312C soc2@47.5C soc0@46.093C gpu@47.468C tj@48.312C soc1@45.843C VDD_IN 4465mW/4419mW VDD_CPU_GPU_CV 756mW/753mW VDD_SOC 1355mW/1353mW
08-09-2026 19:35:11 RAM 2985/7620MB (lfb 19x4MB) SWAP 2/12002MB (cached 0MB) CPU [3%@1510,3%@1510,3%@1510,1%@1510,16%@729,0%@729] GR3D_FREQ 11% cpu@48.5C soc2@47.468C soc0@46.062C gpu@47.375C tj@48.5C soc1@45.812C VDD_IN 4432mW/4419mW VDD_CPU_GPU_CV 757mW/753mW VDD_SOC 1355mW/1353mW
08-09-2026 19:35:12 RAM 2985/7620MB (lfb 19x4MB) SWAP 2/12002MB (cached 0MB) CPU [2%@729,3%@729,3%@729,1%@729,18%@729,0%@729] GR3D_FREQ 9% cpu@48.187C soc2@47.406C soc0@46.031C gpu@47.625C tj@48.187C soc1@45.968C VDD_IN 4465mW/4420mW VDD_CPU_GPU_CV 756mW/753mW VDD_SOC 1355mW/1353mW
08-09-2026 19:35:13 RAM 2985/7620MB (lfb 19x4MB) SWAP 2/12002MB (cached 0MB) CPU [2%@729,2%@729,2%@729,0%@729,16%@729,1%@729] GR3D_FREQ 8% cpu@48.187C soc2@47.5C soc0@46.062C gpu@47.656C tj@48.187C soc1@45.968C VDD_IN 4425mW/4420mW VDD_CPU_GPU_CV 756mW/753mW VDD_SOC 1355mW/1353mW
08-09-2026 19:35:14 RAM 2985/7620MB (lfb 19x4MB) SWAP 2/12002MB (cached 0MB) CPU [4%@729,2%@729,5%@729,0%@729,14%@729,2%@729] GR3D_FREQ 7% cpu@48.375C soc2@47.406C soc0@46.062C gpu@47.718C tj@48.375C soc1@46.093C VDD_IN 4432mW/4420mW VDD_CPU_GPU_CV 756mW/753mW VDD_SOC 1355mW/1353mW
08-09-2026 19:35:15 RAM 2985/7620MB (lfb 19x4MB) SWAP 2/12002MB (cached 0MB) CPU [5%@1510,1%@1510,3%@1510,1%@1510,17%@729,3%@729] GR3D_FREQ 8% cpu@48.187C soc2@47.343C soc0@46C gpu@47.781C tj@48.187C soc1@45.812C VDD_IN 4425mW/4420mW VDD_CPU_GPU_CV 756mW/753mW VDD_SOC 1355mW/1353mW
08-09-2026 19:35:16 RAM 2985/7620MB (lfb 19x4MB) SWAP 2/12002MB (cached 0MB) CPU [4%@1510,2%@1510,15%@1510,1%@1510,1%@729,2%@729] GR3D_FREQ 7% cpu@48.531C soc2@47.312C soc0@45.968C gpu@47.531C tj@48.531C soc1@45.843C VDD_IN 4432mW/4421mW VDD_CPU_GPU_CV 756mW/753mW VDD_SOC 1355mW/1353mW
08-09-2026 19:35:17 RAM 2985/7620MB (lfb 19x4MB) SWAP 2/12002MB (cached 0MB) CPU [3%@729,3%@729,8%@729,1%@729,13%@729,1%@729] GR3D_FREQ 7% cpu@48.125C soc2@47.5C soc0@45.968C gpu@47.406C tj@48.125C soc1@45.906C VDD_IN 4432mW/4421mW VDD_CPU_GPU_CV 756mW/753mW VDD_SOC 1355mW/1353mW
08-09-2026 19:35:18 RAM 2985/7620MB (lfb 19x4MB) SWAP 2/12002MB (cached 0MB) CPU [3%@729,2%@729,19%@729,1%@729,6%@729,0%@729] GR3D_FREQ 8% cpu@48.312C soc2@47.437C soc0@46.031C gpu@47.531C tj@48.312C soc1@46C VDD_IN 4472mW/4422mW VDD_CPU_GPU_CV 756mW/753mW VDD_SOC 1355mW/1353mW
08-09-2026 19:35:19 RAM 2985/7620MB (lfb 19x4MB) SWAP 2/12002MB (cached 0MB) CPU [4%@729,1%@729,17%@729,0%@729,1%@729,0%@729] GR3D_FREQ 8% cpu@48.406C soc2@47.437C soc0@46.156C gpu@47.687C tj@48.406C soc1@45.843C VDD_IN 4465mW/4422mW VDD_CPU_GPU_CV 756mW/753mW VDD_SOC 1395mW/1354mW
08-09-2026 19:35:20 RAM 2985/7620MB (lfb 19x4MB) SWAP 2/12002MB (cached 0MB) CPU [11%@729,4%@729,13%@729,0%@729,1%@729,0%@729] GR3D_FREQ 8% cpu@48.218C soc2@47.343C soc0@46C gpu@47.718C tj@48.218C soc1@45.906C VDD_IN 4432mW/4423mW VDD_CPU_GPU_CV 756mW/753mW VDD_SOC 1355mW/1354mW
08-09-2026 19:35:21 RAM 2985/7620MB (lfb 19x4MB) SWAP 2/12002MB (cached 0MB) CPU [6%@729,2%@729,3%@729,13%@729,1%@729,0%@729] GR3D_FREQ 7% cpu@48.281C soc2@47.375C soc0@46C gpu@47.812C tj@48.281C soc1@45.875C VDD_IN 4472mW/4423mW VDD_CPU_GPU_CV 756mW/753mW VDD_SOC 1395mW/1355mW
08-09-2026 19:35:22 RAM 2985/7620MB (lfb 19x4MB) SWAP 2/12002MB (cached 0MB) CPU [6%@1510,2%@1510,2%@1510,17%@1510,1%@729,0%@729] GR3D_FREQ 6% cpu@48.343C soc2@47.5C soc0@46.125C gpu@47.812C tj@48.343C soc1@45.968C VDD_IN 4472mW/4424mW VDD_CPU_GPU_CV 756mW/753mW VDD_SOC 1395mW/1355mW
08-09-2026 19:35:23 RAM 2985/7620MB (lfb 19x4MB) SWAP 2/12002MB (cached 0MB) CPU [4%@1510,1%@1510,2%@1510,18%@1510,0%@729,0%@729] GR3D_FREQ 8% cpu@48.5C soc2@47.375C soc0@46.156C gpu@47.562C tj@48.5C soc1@45.906C VDD_IN 4505mW/4425mW VDD_CPU_GPU_CV 756mW/753mW VDD_SOC 1395mW/1356mW
08-09-2026 19:35:24 RAM 2985/7620MB (lfb 19x4MB) SWAP 2/12002MB (cached 0MB) CPU [5%@729,2%@729,3%@729,4%@729,15%@729,0%@729] GR3D_FREQ 6% cpu@48.375C soc2@47.375C soc0@46.031C gpu@47.5C tj@48.375C soc1@45.875C VDD_IN 4465mW/4426mW VDD_CPU_GPU_CV 757mW/753mW VDD_SOC 1395mW/1356mW
08-09-2026 19:35:25 RAM 2985/7620MB (lfb 19x4MB) SWAP 2/12002MB (cached 0MB) CPU [3%@1510,1%@1510,3%@1510,0%@1510,17%@729,0%@729] GR3D_FREQ 6% cpu@48.187C soc2@47.343C soc0@46.093C gpu@47.531C tj@48.187C soc1@45.843C VDD_IN 4472mW/4427mW VDD_CPU_GPU_CV 757mW/753mW VDD_SOC 1395mW/1357mW
08-09-2026 19:35:26 RAM 2985/7620MB (lfb 19x4MB) SWAP 2/12002MB (cached 0MB) CPU [4%@729,2%@729,2%@729,1%@729,17%@729,1%@729] GR3D_FREQ 11% cpu@48.25C soc2@47.406C soc0@46.218C gpu@47.875C tj@48.25C soc1@46.031C VDD_IN 4472mW/4427mW VDD_CPU_GPU_CV 756mW/753mW VDD_SOC 1395mW/1358mW
08-09-2026 19:35:27 RAM 2985/7620MB (lfb 19x4MB) SWAP 2/12002MB (cached 0MB) CPU [4%@1510,1%@1510,5%@1510,0%@1510,16%@729,0%@729] GR3D_FREQ 8% cpu@48.343C soc2@47.312C soc0@46.125C gpu@47.437C tj@48.343C soc1@45.812C VDD_IN 4512mW/4429mW VDD_CPU_GPU_CV 756mW/753mW VDD_SOC 1395mW/1358mW
08-09-2026 19:35:28 RAM 2985/7620MB (lfb 19x4MB) SWAP 2/12002MB (cached 0MB) CPU [5%@1510,3%@1510,3%@1510,0%@1510,27%@729,2%@729] GR3D_FREQ 7% cpu@48.531C soc2@47.375C soc0@46C gpu@47.437C tj@48.531C soc1@45.906C VDD_IN 4425mW/4429mW VDD_CPU_GPU_CV 756mW/753mW VDD_SOC 1355mW/1358mW
08-09-2026 19:35:29 RAM 2985/7620MB (lfb 19x4MB) SWAP 2/12002MB (cached 0MB) CPU [5%@729,2%@729,23%@729,0%@729,11%@729,0%@729] GR3D_FREQ 13% cpu@48.218C soc2@47.343C soc0@46.093C gpu@47.625C tj@48.218C soc1@45.937C VDD_IN 4425mW/4429mW VDD_CPU_GPU_CV 756mW/753mW VDD_SOC 1355mW/1358mW
08-09-2026 19:35:30 RAM 2985/7620MB (lfb 19x4MB) SWAP 2/12002MB (cached 0MB) CPU [4%@729,1%@729,10%@729,1%@729,21%@729,1%@729] GR3D_FREQ 12% cpu@48.187C soc2@47.468C soc0@46.062C gpu@47.562C tj@48.187C soc1@45.906C VDD_IN 4425mW/4428mW VDD_CPU_GPU_CV 756mW/753mW VDD_SOC 1355mW/1358mW
08-09-2026 19:35:31 RAM 2985/7620MB (lfb 19x4MB) SWAP 2/12002MB (cached 0MB) CPU [4%@729,2%@729,2%@729,1%@729,23%@729,6%@729] GR3D_FREQ 6% cpu@48.375C soc2@47.562C soc0@46.281C gpu@47.625C tj@48.468C soc1@46.093C VDD_IN 4425mW/4428mW VDD_CPU_GPU_CV 756mW/753mW VDD_SOC 1355mW/1358mW
08-09-2026 19:35:32 RAM 2985/7620MB (lfb 19x4MB) SWAP 2/12002MB (cached 0MB) CPU [4%@729,2%@729,2%@729,1%@729,15%@729,15%@729] GR3D_FREQ 7% cpu@48.312C soc2@47.406C soc0@46.093C gpu@47.625C tj@48.312C soc1@45.843C VDD_IN 4425mW/4428mW VDD_CPU_GPU_CV 796mW/754mW VDD_SOC 1355mW/1358mW
08-09-2026 19:35:33 RAM 2985/7620MB (lfb 19x4MB) SWAP 2/12002MB (cached 0MB) CPU [3%@729,1%@729,3%@729,1%@729,0%@729,34%@729] GR3D_FREQ 12% cpu@48.531C soc2@47.406C soc0@45.906C gpu@47.343C tj@48.25C soc1@45.875C VDD_IN 4425mW/4428mW VDD_CPU_GPU_CV 756mW/754mW VDD_SOC 1355mW/1358mW
08-09-2026 19:35:34 RAM 2985/7620MB (lfb 19x4MB) SWAP 2/12002MB (cached 0MB) CPU [3%@729,1%@729,3%@729,1%@729,0%@729,32%@729] GR3D_FREQ 7% cpu@48.093C soc2@47.531C soc0@46.093C gpu@47.468C tj@48.093C soc1@46C VDD_IN 4425mW/4428mW VDD_CPU_GPU_CV 796mW/755mW VDD_SOC 1355mW/1358mW
08-09-2026 19:35:35 RAM 2985/7620MB (lfb 19x4MB) SWAP 2/12002MB (cached 0MB) CPU [4%@1510,3%@1510,2%@1510,2%@1510,1%@729,30%@729] GR3D_FREQ 6% cpu@48.312C soc2@47.5C soc0@46.125C gpu@47.437C tj@48.312C soc1@46.187C VDD_IN 4425mW/4428mW VDD_CPU_GPU_CV 756mW/755mW VDD_SOC 1355mW/1358mW
08-09-2026 19:35:36 RAM 2985/7620MB (lfb 19x4MB) SWAP 2/12002MB (cached 0MB) CPU [4%@729,1%@729,1%@729,1%@729,1%@729,35%@729] GR3D_FREQ 7% cpu@48.5C soc2@47.406C soc0@46.187C gpu@47.687C tj@48.5C soc1@45.906C VDD_IN 4425mW/4428mW VDD_CPU_GPU_CV 756mW/755mW VDD_SOC 1355mW/1358mW
08-09-2026 19:35:37 RAM 2985/7620MB (lfb 19x4MB) SWAP 2/12002MB (cached 0MB) CPU [4%@729,2%@729,1%@729,1%@729,28%@729,4%@729] GR3D_FREQ 12% cpu@48.187C soc2@47.437C soc0@46.031C gpu@47.718C tj@48.156C soc1@45.937C VDD_IN 4425mW/4428mW VDD_CPU_GPU_CV 756mW/755mW VDD_SOC 1355mW/1358mW
08-09-2026 19:35:38 RAM 2985/7620MB (lfb 19x4MB) SWAP 2/12002MB (cached 0MB) CPU [5%@1510,2%@1510,2%@1510,1%@1510,24%@729,1%@729] GR3D_FREQ 11% cpu@48.25C soc2@47.437C soc0@46.125C gpu@47.562C tj@48.25C soc1@46C VDD_IN 4425mW/4428mW VDD_CPU_GPU_CV 756mW/755mW VDD_SOC 1355mW/1358mW
08-09-2026 19:35:39 RAM 2985/7620MB (lfb 19x4MB) SWAP 2/12002MB (cached 0MB) CPU [6%@729,1%@729,2%@729,1%@729,17%@729,1%@729] GR3D_FREQ 8% cpu@48.375C soc2@47.437C soc0@46.062C gpu@47.531C tj@48.375C soc1@45.812C VDD_IN 4385mW/4428mW VDD_CPU_GPU_CV 756mW/755mW VDD_SOC 1355mW/1358mW
08-09-2026 19:35:40 RAM 2985/7620MB (lfb 19x4MB) SWAP 2/12002MB (cached 0MB) CPU [5%@1510,2%@1510,3%@1510,1%@1510,17%@729,0%@729] GR3D_FREQ 8% cpu@48.593C soc2@47.437C soc0@46.281C gpu@47.437C tj@48.593C soc1@45.937C VDD_IN 4392mW/4427mW VDD_CPU_GPU_CV 756mW/755mW VDD_SOC 1355mW/1358mW
08-09-2026 19:35:41 RAM 2985/7620MB (lfb 19x4MB) SWAP 2/12002MB (cached 0MB) CPU [3%@729,2%@729,2%@729,5%@729,12%@729,2%@729] GR3D_FREQ 7% cpu@48.406C soc2@47.468C soc0@46.062C gpu@47.468C tj@48.406C soc1@45.937C VDD_IN 4353mW/4426mW VDD_CPU_GPU_CV 757mW/755mW VDD_SOC 1355mW/1357mW
08-09-2026 19:35:42 RAM 2985/7620MB (lfb 19x4MB) SWAP 2/12002MB (cached 0MB) CPU [4%@729,2%@729,2%@729,4%@729,16%@729,3%@729] GR3D_FREQ 7% cpu@48.187C soc2@47.5C soc0@46.093C gpu@47.562C tj@48.281C soc1@46.062C VDD_IN 4392mW/4426mW VDD_CPU_GPU_CV 756mW/755mW VDD_SOC 1355mW/1357mW
08-09-2026 19:35:43 RAM 2985/7620MB (lfb 19x4MB) SWAP 2/12002MB (cached 0MB) CPU [3%@729,2%@729,2%@729,1%@729,18%@729,0%@729] GR3D_FREQ 7% cpu@48.187C soc2@47.656C soc0@46.218C gpu@47.75C tj@48.187C soc1@46.125C VDD_IN 4385mW/4425mW VDD_CPU_GPU_CV 716mW/754mW VDD_SOC 1355mW/1357mW
08-09-2026 19:35:44 RAM 2985/7620MB (lfb 19x4MB) SWAP 2/12002MB (cached 0MB) CPU [5%@729,2%@729,2%@729,11%@729,8%@729,1%@729] GR3D_FREQ 7% cpu@48.25C soc2@47.343C soc0@46.312C gpu@47.718C tj@48.25C soc1@46C VDD_IN 4346mW/4424mW VDD_CPU_GPU_CV 716mW/754mW VDD_SOC 1355mW/1357mW
08-09-2026 19:35:45 RAM 2985/7620MB (lfb 19x4MB) SWAP 2/12002MB (cached 0MB) CPU [4%@729,2%@729,2%@729,0%@729,18%@729,1%@729] GR3D_FREQ 11% cpu@48.562C soc2@47.468C soc0@46.062C gpu@47.781C tj@48.562C soc1@45.906C VDD_IN 4353mW/4423mW VDD_CPU_GPU_CV 717mW/753mW VDD_SOC 1315mW/1357mW
08-09-2026 19:35:46 RAM 2985/7620MB (lfb 19x4MB) SWAP 2/12002MB (cached 0MB) CPU [5%@729,2%@729,2%@729,1%@729,17%@729,3%@729] GR3D_FREQ 11% cpu@48.218C soc2@47.468C soc0@46.031C gpu@47.5C tj@48.218C soc1@45.906C VDD_IN 4353mW/4423mW VDD_CPU_GPU_CV 717mW/753mW VDD_SOC 1315mW/1356mW
08-09-2026 19:35:47 RAM 2985/7620MB (lfb 19x4MB) SWAP 2/12002MB (cached 0MB) CPU [4%@729,2%@729,1%@729,2%@729,16%@729,0%@729] GR3D_FREQ 11% cpu@48.281C soc2@47.468C soc0@46.156C gpu@47.531C tj@48.281C soc1@46.031C VDD_IN 4353mW/4422mW VDD_CPU_GPU_CV 717mW/753mW VDD_SOC 1315mW/1356mW
08-09-2026 19:35:48 RAM 2985/7620MB (lfb 19x4MB) SWAP 2/12002MB (cached 0MB) CPU [2%@729,2%@729,2%@729,1%@729,19%@729,1%@729] GR3D_FREQ 13% cpu@48.437C soc2@47.406C soc0@46.218C gpu@47.437C tj@48.437C soc1@45.843C VDD_IN 4432mW/4422mW VDD_CPU_GPU_CV 756mW/753mW VDD_SOC 1355mW/1356mW
08-09-2026 19:35:49 RAM 2985/7620MB (lfb 19x4MB) SWAP 2/12002MB (cached 0MB) CPU [5%@729,2%@729,1%@729,0%@729,19%@729,2%@729] GR3D_FREQ 9% cpu@48.375C soc2@47.468C soc0@46.281C gpu@47.562C tj@48.343C soc1@45.906C VDD_IN 4392mW/4422mW VDD_CPU_GPU_CV 756mW/753mW VDD_SOC 1355mW/1356mW
08-09-2026 19:35:50 RAM 2985/7620MB (lfb 19x4MB) SWAP 2/12002MB (cached 0MB) CPU [5%@729,2%@729,2%@729,10%@729,8%@729,0%@729] GR3D_FREQ 8% cpu@48.562C soc2@47.437C soc0@46.093C gpu@47.593C tj@48.562C soc1@45.937C VDD_IN 4425mW/4422mW VDD_CPU_GPU_CV 756mW/753mW VDD_SOC 1355mW/1356mW
08-09-2026 19:35:51 RAM 2985/7620MB (lfb 19x4MB) SWAP 2/12002MB (cached 0MB) CPU [3%@729,2%@729,5%@729,6%@729,11%@729,0%@729] GR3D_FREQ 7% cpu@48.218C soc2@47.375C soc0@45.968C gpu@47.843C tj@48.218C soc1@46.031C VDD_IN 4392mW/4421mW VDD_CPU_GPU_CV 757mW/753mW VDD_SOC 1355mW/1356mW
08-09-2026 19:35:52 RAM 2985/7620MB (lfb 19x4MB) SWAP 2/12002MB (cached 0MB) CPU [5%@1510,2%@1510,1%@1510,16%@1510,1%@729,0%@729] GR3D_FREQ 7% cpu@48.312C soc2@47.375C soc0@46.093C gpu@47.843C tj@48.312C soc1@46.062C VDD_IN 4432mW/4421mW VDD_CPU_GPU_CV 757mW/753mW VDD_SOC 1355mW/1356mW
08-09-2026 19:35:53 RAM 2985/7620MB (lfb 19x4MB) SWAP 2/12002MB (cached 0MB) CPU [2%@1510,4%@1510,1%@1510,15%@1510,1%@729,0%@729] GR3D_FREQ 7% cpu@48.468C soc2@47.375C soc0@46.281C gpu@47.875C tj@48.468C soc1@45.781C VDD_IN 4392mW/4421mW VDD_CPU_GPU_CV 757mW/753mW VDD_SOC 1355mW/1356mW
08-09-2026 19:35:54 RAM 2985/7620MB (lfb 19x4MB) SWAP 2/12002MB (cached 0MB) CPU [6%@1510,2%@1510,2%@1510,12%@1510,4%@729,1%@729] GR3D_FREQ 7% cpu@48.218C soc2@47.343C soc0@45.968C gpu@47.593C tj@48.218C soc1@45.937C VDD_IN 4392mW/4421mW VDD_CPU_GPU_CV 756mW/753mW VDD_SOC 1355mW/1356mW
08-09-2026 19:35:55 RAM 2985/7620MB (lfb 19x4MB) SWAP 2/12002MB (cached 0MB) CPU [4%@729,2%@729,2%@729,3%@729,14%@729,2%@729] GR3D_FREQ 8% cpu@48.187C soc2@47.5C soc0@46.125C gpu@47.593C tj@48.187C soc1@46.031C VDD_IN 4385mW/4420mW VDD_CPU_GPU_CV 756mW/753mW VDD_SOC 1355mW/1356mW
08-09-2026 19:35:56 RAM 2985/7620MB (lfb 19x4MB) SWAP 2/12002MB (cached 0MB) CPU [3%@1510,3%@1510,1%@1510,15%@1510,0%@729,1%@729] GR3D_FREQ 7% cpu@48.343C soc2@47.531C soc0@46.156C gpu@47.656C tj@48.343C soc1@46.062C VDD_IN 4425mW/4420mW VDD_CPU_GPU_CV 756mW/753mW VDD_SOC 1355mW/1356mW
08-09-2026 19:35:57 RAM 2985/7620MB (lfb 19x4MB) SWAP 2/12002MB (cached 0MB) CPU [3%@729,1%@729,2%@729,16%@729,0%@729,1%@729] GR3D_FREQ 7% cpu@48.312C soc2@47.437C soc0@46.218C gpu@47.468C tj@48.593C soc1@45.875C VDD_IN 4385mW/4420mW VDD_CPU_GPU_CV 756mW/753mW VDD_SOC 1355mW/1356mW
08-09-2026 19:35:58 RAM 2985/7620MB (lfb 19x4MB) SWAP 2/12002MB (cached 0MB) CPU [7%@729,2%@729,3%@729,21%@729,2%@729,0%@729] GR3D_FREQ 8% cpu@48.531C soc2@47.375C soc0@46.062C gpu@47.437C tj@48.343C soc1@45.875C VDD_IN 4465mW/4420mW VDD_CPU_GPU_CV 756mW/753mW VDD_SOC 1355mW/1356mW
08-09-2026 19:35:59 RAM 2985/7620MB (lfb 19x4MB) SWAP 2/12002MB (cached 0MB) CPU [18%@729,4%@729,1%@729,4%@729,3%@729,0%@729] GR3D_FREQ 9% cpu@48.187C soc2@47.531C soc0@46.031C gpu@47.468C tj@48.187C soc1@45.937C VDD_IN 4425mW/4421mW VDD_CPU_GPU_CV 756mW/753mW VDD_SOC 1355mW/1356mW
08-09-2026 19:36:00 RAM 2985/7620MB (lfb 19x4MB) SWAP 2/12002MB (cached 0MB) CPU [4%@883,1%@883,3%@883,51%@883,0%@729,1%@729] GR3D_FREQ 7% cpu@48.281C soc2@47.5C soc0@46.125C gpu@47.406C tj@48.281C soc1@46.125C VDD_IN 4505mW/4421mW VDD_CPU_GPU_CV 875mW/754mW VDD_SOC 1353mW/1356mW
08-09-2026 19:36:01 RAM 2985/7620MB (lfb 19x4MB) SWAP 2/12002MB (cached 0MB) CPU [2%@729,3%@729,3%@729,29%@729,28%@729,0%@729] GR3D_FREQ 12% cpu@48.406C soc2@47.343C soc0@46.187C gpu@47.625C tj@48.406C soc1@45.906C VDD_IN 4538mW/4423mW VDD_CPU_GPU_CV 874mW/755mW VDD_SOC 1353mW/1356mW
08-09-2026 19:36:02 RAM 2985/7620MB (lfb 19x4MB) SWAP 2/12002MB (cached 0MB) CPU [4%@729,2%@729,4%@729,1%@729,53%@729,0%@729] GR3D_FREQ 7% cpu@48.531C soc2@47.375C soc0@46.125C gpu@47.562C tj@48.531C soc1@45.875C VDD_IN 4505mW/4423mW VDD_CPU_GPU_CV 835mW/756mW VDD_SOC 1353mW/1356mW
08-09-2026 19:36:03 RAM 2985/7620MB (lfb 19x4MB) SWAP 2/12002MB (cached 0MB) CPU [5%@729,2%@729,2%@729,0%@729,57%@729,0%@729] GR3D_FREQ 6% cpu@48.218C soc2@47.468C soc0@46.062C gpu@47.656C tj@48.218C soc1@45.906C VDD_IN 4505mW/4424mW VDD_CPU_GPU_CV 835mW/757mW VDD_SOC 1353mW/1356mW
08-09-2026 19:36:04 RAM 2985/7620MB (lfb 19x4MB) SWAP 2/12002MB (cached 0MB) CPU [3%@729,3%@729,3%@729,2%@729,55%@729,1%@729] GR3D_FREQ 6% cpu@48.406C soc2@47.5C soc0@46.125C gpu@47.468C tj@48.406C soc1@46.031C VDD_IN 4505mW/4425mW VDD_CPU_GPU_CV 875mW/758mW VDD_SOC 1353mW/1356mW
08-09-2026 19:36:05 RAM 2985/7620MB (lfb 19x4MB) SWAP 2/12002MB (cached 0MB) CPU [4%@1510,5%@1510,7%@1510,19%@1510,34%@729,2%@729] GR3D_FREQ 7% cpu@48.5C soc2@47.406C soc0@46.218C gpu@47.468C tj@48.5C soc1@45.906C VDD_IN 4505mW/4426mW VDD_CPU_GPU_CV 875mW/759mW VDD_SOC 1353mW/1356mW
08-09-2026 19:36:06 RAM 2985/7620MB (lfb 19x4MB) SWAP 2/12002MB (cached 0MB) CPU [6%@729,3%@729,2%@729,0%@729,57%@729,1%@729] GR3D_FREQ 12% cpu@48.406C soc2@47.343C soc0@46.312C gpu@47.468C tj@48.406C soc1@45.843C VDD_IN 4505mW/4426mW VDD_CPU_GPU_CV 875mW/760mW VDD_SOC 1355mW/1356mW
08-09-2026 19:36:07 RAM 2985/7620MB (lfb 19x4MB) SWAP 2/12002MB (cached 0MB) CPU [3%@729,1%@729,2%@729,1%@729,58%@729,2%@729] GR3D_FREQ 7% cpu@48.562C soc2@47.437C soc0@46.093C gpu@47.718C tj@48.562C soc1@45.937C VDD_IN 4505mW/4427mW VDD_CPU_GPU_CV 875mW/761mW VDD_SOC 1353mW/1355mW
08-09-2026 19:36:08 RAM 2985/7620MB (lfb 19x4MB) SWAP 2/12002MB (cached 0MB) CPU [3%@729,3%@729,2%@729,1%@729,30%@729,1%@729] GR3D_FREQ 14% cpu@48.218C soc2@47.5C soc0@46.125C gpu@47.812C tj@48.218C soc1@46C VDD_IN 4385mW/4427mW VDD_CPU_GPU_CV 756mW/761mW VDD_SOC 1355mW/1355mW
08-09-2026 19:36:09 RAM 2985/7620MB (lfb 19x4MB) SWAP 2/12002MB (cached 0MB) CPU [5%@729,1%@729,1%@729,0%@729,14%@729,1%@729] GR3D_FREQ 8% cpu@48.406C soc2@47.5C soc0@46.218C gpu@47.781C tj@48.406C soc1@45.968C VDD_IN 4273mW/4425mW VDD_CPU_GPU_CV 717mW/761mW VDD_SOC 1315mW/1355mW
08-09-2026 19:36:10 RAM 2985/7620MB (lfb 19x4MB) SWAP 2/12002MB (cached 0MB) CPU [3%@729,1%@729,1%@729,1%@729,18%@729,1%@729] GR3D_FREQ 7% cpu@48.562C soc2@47.468C soc0@46.25C gpu@47.812C tj@48.562C soc1@45.906C VDD_IN 4273mW/4424mW VDD_CPU_GPU_CV 717mW/760mW VDD_SOC 1315mW/1355mW
08-09-2026 19:36:11 RAM 2985/7620MB (lfb 19x4MB) SWAP 2/12002MB (cached 0MB) CPU [4%@729,1%@729,5%@729,9%@729,11%@729,0%@729] GR3D_FREQ 7% cpu@48.281C soc2@47.343C soc0@46.156C gpu@47.812C tj@48.281C soc1@45.812C VDD_IN 4273mW/4423mW VDD_CPU_GPU_CV 717mW/760mW VDD_SOC 1315mW/1354mW
08-09-2026 19:36:12 RAM 2985/7620MB (lfb 19x4MB) SWAP 2/12002MB (cached 0MB) CPU [4%@729,3%@729,1%@729,9%@729,10%@729,0%@729] GR3D_FREQ 7% cpu@48.218C soc2@47.468C soc0@46.062C gpu@47.562C tj@48.218C soc1@45.968C VDD_IN 4273mW/4421mW VDD_CPU_GPU_CV 717mW/760mW VDD_SOC 1315mW/1354mW
08-09-2026 19:36:13 RAM 2985/7620MB (lfb 19x4MB) SWAP 2/12002MB (cached 0MB) CPU [4%@729,2%@729,1%@729,16%@729,1%@729,1%@729] GR3D_FREQ 10% cpu@48.218C soc2@47.437C soc0@46.125C gpu@47.562C tj@48.437C soc1@46.187C VDD_IN 4313mW/4420mW VDD_CPU_GPU_CV 717mW/759mW VDD_SOC 1315mW/1354mW
08-09-2026 19:36:14 RAM 2985/7620MB (lfb 19x4MB) SWAP 2/12002MB (cached 0MB) CPU [3%@729,2%@729,3%@729,18%@729,1%@729,0%@729] GR3D_FREQ 7% cpu@48.312C soc2@47.406C soc0@46.25C gpu@47.531C tj@48.312C soc1@45.781C VDD_IN 4273mW/4419mW VDD_CPU_GPU_CV 717mW/759mW VDD_SOC 1315mW/1353mW
08-09-2026 19:36:15 RAM 2985/7620MB (lfb 19x4MB) SWAP 2/12002MB (cached 0MB) CPU [4%@1510,2%@1510,2%@1510,4%@1510,14%@729,0%@729] GR3D_FREQ 11% cpu@48.5C soc2@47.375C soc0@46.031C gpu@47.906C tj@48.5C soc1@45.968C VDD_IN 4313mW/4418mW VDD_CPU_GPU_CV 717mW/758mW VDD_SOC 1315mW/1353mW
08-09-2026 19:36:16 RAM 2985/7620MB (lfb 19x4MB) SWAP 2/12002MB (cached 0MB) CPU [2%@729,1%@729,1%@729,3%@729,15%@729,1%@729] GR3D_FREQ 7% cpu@48.312C soc2@47.468C soc0@46.031C gpu@47.781C tj@48.218C soc1@45.937C VDD_IN 4313mW/4417mW VDD_CPU_GPU_CV 716mW/758mW VDD_SOC 1315mW/1353mW
08-09-2026 19:36:17 RAM 2985/7620MB (lfb 19x4MB) SWAP 2/12002MB (cached 0MB) CPU [3%@1510,1%@1510,1%@1510,2%@1510,16%@729,0%@729] GR3D_FREQ 7% cpu@48.218C soc2@47.468C soc0@46.093C gpu@47.843C tj@48.218C soc1@46.125C VDD_IN 4313mW/4416mW VDD_CPU_GPU_CV 716mW/758mW VDD_SOC 1315mW/1352mW
08-09-2026 19:36:18 RAM 2985/7620MB (lfb 19x4MB) SWAP 2/12002MB (cached 0MB) CPU [4%@1510,2%@1510,7%@1510,4%@1510,17%@729,1%@729] GR3D_FREQ 11% cpu@48.468C soc2@47.5C soc0@46.281C gpu@47.625C tj@48.468C soc1@45.843C VDD_IN 4465mW/4417mW VDD_CPU_GPU_CV 756mW/758mW VDD_SOC 1355mW/1352mW
08-09-2026 19:36:19 RAM 2985/7620MB (lfb 19x4MB) SWAP 2/12002MB (cached 0MB) CPU [3%@1510,2%@1510,2%@1510,1%@1510,18%@729,0%@729] GR3D_FREQ 11% cpu@48.125C soc2@47.406C soc0@46.312C gpu@47.593C tj@48.125C soc1@45.937C VDD_IN 4432mW/4417mW VDD_CPU_GPU_CV 757mW/758mW VDD_SOC 1355mW/1352mW
08-09-2026 19:36:20 RAM 2985/7620MB (lfb 19x4MB) SWAP 2/12002MB (cached 0MB) CPU [4%@729,2%@729,4%@729,1%@729,16%@729,0%@729] GR3D_FREQ 9% cpu@48.468C soc2@47.468C soc0@46.062C gpu@47.593C tj@48.25C soc1@46C VDD_IN 4472mW/4417mW VDD_CPU_GPU_CV 757mW/758mW VDD_SOC 1395mW/1353mW
08-09-2026 19:36:21 RAM 2985/7620MB (lfb 19x4MB) SWAP 2/12002MB (cached 0MB) CPU [4%@1510,1%@1510,5%@1510,1%@1510,15%@729,0%@729] GR3D_FREQ 11% cpu@48.281C soc2@47.468C soc0@46.125C gpu@47.625C tj@48.281C soc1@46.031C VDD_IN 4505mW/4418mW VDD_CPU_GPU_CV 756mW/758mW VDD_SOC 1395mW/1353mW
08-09-2026 19:36:22 RAM 2985/7620MB (lfb 19x4MB) SWAP 2/12002MB (cached 0MB) CPU [3%@729,1%@729,5%@729,3%@729,17%@729,1%@729] GR3D_FREQ 11% cpu@48.25C soc2@47.562C soc0@46.156C gpu@48C tj@48.531C soc1@45.906C VDD_IN 4472mW/4418mW VDD_CPU_GPU_CV 756mW/758mW VDD_SOC 1395mW/1353mW
08-09-2026 19:36:23 RAM 2984/7620MB (lfb 19x4MB) SWAP 2/12002MB (cached 0MB) CPU [5%@1510,3%@1510,2%@1510,2%@1510,18%@729,1%@729] GR3D_FREQ 8% cpu@48.437C soc2@47.343C soc0@46.25C gpu@47.468C tj@48.437C soc1@45.937C VDD_IN 4425mW/4418mW VDD_CPU_GPU_CV 756mW/758mW VDD_SOC 1355mW/1353mW
08-09-2026 19:36:24 RAM 2984/7620MB (lfb 19x4MB) SWAP 2/12002MB (cached 0MB) CPU [3%@1510,3%@1510,2%@1510,1%@1510,14%@729,1%@729] GR3D_FREQ 11% cpu@48.718C soc2@47.468C soc0@46.093C gpu@47.437C tj@48.718C soc1@46.031C VDD_IN 4472mW/4419mW VDD_CPU_GPU_CV 756mW/758mW VDD_SOC 1395mW/1354mW
08-09-2026 19:36:25 RAM 2984/7620MB (lfb 19x4MB) SWAP 2/12002MB (cached 0MB) CPU [5%@1510,1%@1510,6%@1510,0%@1510,18%@729,0%@729] GR3D_FREQ 8% cpu@48.281C soc2@47.562C soc0@46.125C gpu@47.656C tj@48.281C soc1@46.062C VDD_IN 4472mW/4419mW VDD_CPU_GPU_CV 757mW/758mW VDD_SOC 1395mW/1354mW
08-09-2026 19:36:26 RAM 2984/7620MB (lfb 19x4MB) SWAP 2/12002MB (cached 0MB) CPU [2%@729,2%@729,3%@729,14%@729,5%@729,0%@729] GR3D_FREQ 8% cpu@48.343C soc2@47.5C soc0@46.25C gpu@47.625C tj@48.343C soc1@46.125C VDD_IN 4432mW/4419mW VDD_CPU_GPU_CV 757mW/758mW VDD_SOC 1355mW/1354mW
08-09-2026 19:36:27 RAM 2984/7620MB (lfb 19x4MB) SWAP 2/12002MB (cached 0MB) CPU [3%@1510,1%@1510,4%@1510,17%@1510,0%@729,0%@729] GR3D_FREQ 9% cpu@48.593C soc2@47.468C soc0@46.312C gpu@47.656C tj@48.593C soc1@45.937C VDD_IN 4465mW/4420mW VDD_CPU_GPU_CV 756mW/758mW VDD_SOC 1395mW/1354mW
08-09-2026 19:36:29 RAM 2984/7620MB (lfb 19x4MB) SWAP 2/12002MB (cached 0MB) CPU [5%@729,2%@729,3%@729,20%@729,0%@729,1%@729] GR3D_FREQ 8% cpu@48.312C soc2@47.437C soc0@46.031C gpu@47.656C tj@48.312C soc1@46.031C VDD_IN 4465mW/4420mW VDD_CPU_GPU_CV 756mW/758mW VDD_SOC 1395mW/1355mW
08-09-2026 19:36:30 RAM 2984/7620MB (lfb 19x4MB) SWAP 2/12002MB (cached 0MB) CPU [3%@1510,2%@1510,2%@1510,17%@1510,0%@729,0%@729] GR3D_FREQ 8% cpu@48.281C soc2@47.437C soc0@46.218C gpu@47.593C tj@48.281C soc1@45.968C VDD_IN 4472mW/4420mW VDD_CPU_GPU_CV 756mW/758mW VDD_SOC 1355mW/1355mW
08-09-2026 19:36:31 RAM 2984/7620MB (lfb 19x4MB) SWAP 2/12002MB (cached 0MB) CPU [4%@1510,2%@1510,2%@1510,19%@1510,0%@729,0%@729] GR3D_FREQ 7% cpu@48.375C soc2@47.531C soc0@46.218C gpu@47.625C tj@48.562C soc1@46.187C VDD_IN 4465mW/4421mW VDD_CPU_GPU_CV 756mW/758mW VDD_SOC 1395mW/1355mW
08-09-2026 19:36:32 RAM 2984/7620MB (lfb 19x4MB) SWAP 2/12002MB (cached 0MB) CPU [5%@729,2%@729,6%@729,7%@729,11%@729,0%@729] GR3D_FREQ 8% cpu@48.312C soc2@47.468C soc0@46.218C gpu@47.531C tj@48.312C soc1@46.031C VDD_IN 4432mW/4421mW VDD_CPU_GPU_CV 756mW/758mW VDD_SOC 1355mW/1355mW
08-09-2026 19:36:33 RAM 2984/7620MB (lfb 19x4MB) SWAP 2/12002MB (cached 0MB) CPU [5%@729,1%@729,2%@729,1%@729,15%@729,0%@729] GR3D_FREQ 8% cpu@48.625C soc2@47.593C soc0@46.156C gpu@47.812C tj@48.625C soc1@45.968C VDD_IN 4472mW/4421mW VDD_CPU_GPU_CV 757mW/758mW VDD_SOC 1355mW/1355mW
08-09-2026 19:36:34 RAM 2984/7620MB (lfb 19x4MB) SWAP 2/12002MB (cached 0MB) CPU [3%@1510,2%@1510,0%@1510,1%@1510,16%@729,2%@729] GR3D_FREQ 7% cpu@48.312C soc2@47.562C soc0@46.031C gpu@47.75C tj@48.312C soc1@46.031C VDD_IN 4432mW/4421mW VDD_CPU_GPU_CV 757mW/758mW VDD_SOC 1355mW/1355mW
08-09-2026 19:36:35 RAM 2984/7620MB (lfb 19x4MB) SWAP 2/12002MB (cached 0MB) CPU [4%@729,1%@729,4%@729,2%@729,12%@729,0%@729] GR3D_FREQ 7% cpu@48.343C soc2@47.562C soc0@46.218C gpu@47.812C tj@48.343C soc1@46.062C VDD_IN 4432mW/4421mW VDD_CPU_GPU_CV 756mW/758mW VDD_SOC 1355mW/1355mW
08-09-2026 19:36:36 RAM 2984/7620MB (lfb 19x4MB) SWAP 2/12002MB (cached 0MB) CPU [3%@1510,3%@1510,1%@1510,8%@1510,10%@729,2%@729] GR3D_FREQ 7% cpu@48.531C soc2@47.531C soc0@46.281C gpu@47.5C tj@48.531C soc1@46C VDD_IN 4465mW/4422mW VDD_CPU_GPU_CV 756mW/757mW VDD_SOC 1355mW/1355mW
08-09-2026 19:36:37 RAM 2984/7620MB (lfb 19x4MB) SWAP 2/12002MB (cached 0MB) CPU [4%@729,2%@729,0%@729,0%@729,16%@729,1%@729] GR3D_FREQ 7% cpu@48.25C soc2@47.531C soc0@46.093C gpu@47.5C tj@48.25C soc1@46.031C VDD_IN 4472mW/4422mW VDD_CPU_GPU_CV 757mW/757mW VDD_SOC 1355mW/1355mW
08-09-2026 19:36:38 RAM 2984/7620MB (lfb 19x4MB) SWAP 2/12002MB (cached 0MB) CPU [2%@729,1%@729,1%@729,1%@729,16%@729,1%@729] GR3D_FREQ 7% cpu@48.531C soc2@47.5C soc0@46.125C gpu@47.562C tj@48.25C soc1@46C VDD_IN 4425mW/4422mW VDD_CPU_GPU_CV 756mW/757mW VDD_SOC 1355mW/1355mW
08-09-2026 19:36:39 RAM 2984/7620MB (lfb 19x4MB) SWAP 2/12002MB (cached 0MB) CPU [3%@1510,2%@1510,4%@1510,0%@1510,19%@729,1%@729] GR3D_FREQ 7% cpu@48.437C soc2@47.468C soc0@46.156C gpu@47.5C tj@48.437C soc1@46C VDD_IN 4425mW/4422mW VDD_CPU_GPU_CV 756mW/757mW VDD_SOC 1355mW/1355mW
08-09-2026 19:36:40 RAM 2984/7620MB (lfb 19x4MB) SWAP 2/12002MB (cached 0MB) CPU [4%@1510,1%@1510,2%@1510,1%@1510,17%@729,1%@729] GR3D_FREQ 7% cpu@48.312C soc2@47.406C soc0@46.156C gpu@47.906C tj@48.312C soc1@45.875C VDD_IN 4432mW/4422mW VDD_CPU_GPU_CV 756mW/757mW VDD_SOC 1355mW/1355mW
08-09-2026 19:36:41 RAM 2984/7620MB (lfb 19x4MB) SWAP 2/12002MB (cached 0MB) CPU [3%@1510,2%@1510,1%@1510,0%@1510,16%@729,1%@729] GR3D_FREQ 12% cpu@48.437C soc2@47.343C soc0@46.156C gpu@47.843C tj@48.437C soc1@45.937C VDD_IN 4432mW/4422mW VDD_CPU_GPU_CV 757mW/757mW VDD_SOC 1355mW/1355mW
08-09-2026 19:36:42 RAM 2984/7620MB (lfb 19x4MB) SWAP 2/12002MB (cached 0MB) CPU [3%@1510,1%@1510,2%@1510,2%@1510,16%@729,0%@729] GR3D_FREQ 9% cpu@48.25C soc2@47.437C soc0@46.125C gpu@47.812C tj@48.25C soc1@45.968C VDD_IN 4425mW/4422mW VDD_CPU_GPU_CV 756mW/757mW VDD_SOC 1355mW/1355mW
08-09-2026 19:36:43 RAM 2984/7620MB (lfb 19x4MB) SWAP 2/12002MB (cached 0MB) CPU [4%@1510,1%@1510,0%@1510,4%@1510,15%@729,1%@729] GR3D_FREQ 7% cpu@48.343C soc2@47.531C soc0@46.156C gpu@47.843C tj@48.343C soc1@46C VDD_IN 4432mW/4422mW VDD_CPU_GPU_CV 757mW/757mW VDD_SOC 1355mW/1355mW
08-09-2026 19:36:44 RAM 2984/7620MB (lfb 19x4MB) SWAP 2/12002MB (cached 0MB) CPU [5%@1510,2%@1510,1%@1510,17%@1510,0%@729,0%@729] GR3D_FREQ 10% cpu@48.312C soc2@47.437C soc0@46.218C gpu@47.593C tj@48.312C soc1@46.156C VDD_IN 4425mW/4422mW VDD_CPU_GPU_CV 756mW/757mW VDD_SOC 1355mW/1355mW
08-09-2026 19:36:45 RAM 2984/7620MB (lfb 19x4MB) SWAP 2/12002MB (cached 0MB) CPU [3%@1510,2%@1510,3%@1510,17%@1510,0%@729,0%@729] GR3D_FREQ 11% cpu@48.531C soc2@47.468C soc0@46.312C gpu@47.531C tj@48.531C soc1@45.906C VDD_IN 4432mW/4422mW VDD_CPU_GPU_CV 757mW/757mW VDD_SOC 1355mW/1355mW
08-09-2026 19:36:46 RAM 2984/7620MB (lfb 19x4MB) SWAP 2/12002MB (cached 0MB) CPU [6%@729,1%@729,2%@729,1%@729,15%@729,3%@729] GR3D_FREQ 9% cpu@48.312C soc2@47.468C soc0@46.062C gpu@47.562C tj@48.312C soc1@46C VDD_IN 4392mW/4422mW VDD_CPU_GPU_CV 757mW/757mW VDD_SOC 1355mW/1355mW
08-09-2026 19:36:47 RAM 2984/7620MB (lfb 19x4MB) SWAP 2/12002MB (cached 0MB) CPU [4%@729,2%@729,1%@729,0%@729,14%@729,1%@729] GR3D_FREQ 13% cpu@48.218C soc2@47.343C soc0@46.125C gpu@47.562C tj@48.187C soc1@45.906C VDD_IN 4392mW/4422mW VDD_CPU_GPU_CV 757mW/757mW VDD_SOC 1355mW/1355mW
08-09-2026 19:36:48 RAM 2984/7620MB (lfb 19x4MB) SWAP 2/12002MB (cached 0MB) CPU [3%@1510,1%@1510,1%@1510,0%@1510,16%@729,3%@729] GR3D_FREQ 12% cpu@48.156C soc2@47.437C soc0@46.156C gpu@47.875C tj@48.156C soc1@45.968C VDD_IN 4392mW/4422mW VDD_CPU_GPU_CV 757mW/757mW VDD_SOC 1355mW/1355mW
08-09-2026 19:36:49 RAM 2984/7620MB (lfb 19x4MB) SWAP 2/12002MB (cached 0MB) CPU [4%@729,3%@729,5%@729,0%@729,20%@729,2%@729] GR3D_FREQ 8% cpu@48.406C soc2@47.343C soc0@46.218C gpu@47.843C tj@48.406C soc1@45.937C VDD_IN 4505mW/4422mW VDD_CPU_GPU_CV 756mW/757mW VDD_SOC 1395mW/1355mW
08-09-2026 19:36:50 RAM 2984/7620MB (lfb 19x4MB) SWAP 2/12002MB (cached 0MB) CPU [4%@1510,0%@1510,1%@1510,0%@1510,16%@729,1%@729] GR3D_FREQ 8% cpu@48.531C soc2@47.437C soc0@45.937C gpu@47.406C tj@48.531C soc1@45.843C VDD_IN 4472mW/4423mW VDD_CPU_GPU_CV 757mW/757mW VDD_SOC 1355mW/1355mW
08-09-2026 19:36:51 RAM 2984/7620MB (lfb 19x4MB) SWAP 2/12002MB (cached 0MB) CPU [1%@1510,3%@1510,2%@1510,3%@1510,15%@729,1%@729] GR3D_FREQ 9% cpu@48.187C soc2@47.468C soc0@46.062C gpu@47.593C tj@48.187C soc1@45.968C VDD_IN 4472mW/4423mW VDD_CPU_GPU_CV 757mW/757mW VDD_SOC 1355mW/1355mW
08-09-2026 19:36:52 RAM 2984/7620MB (lfb 19x4MB) SWAP 2/12002MB (cached 0MB) CPU [4%@1510,2%@1510,3%@1510,0%@1510,16%@729,1%@729] GR3D_FREQ 8% cpu@48.218C soc2@47.562C soc0@46.062C gpu@47.593C tj@48.218C soc1@46.125C VDD_IN 4472mW/4423mW VDD_CPU_GPU_CV 757mW/757mW VDD_SOC 1395mW/1355mW
08-09-2026 19:36:53 RAM 2984/7620MB (lfb 19x4MB) SWAP 2/12002MB (cached 0MB) CPU [5%@729,2%@729,4%@729,1%@729,16%@729,0%@729] GR3D_FREQ 8% cpu@48.437C soc2@47.375C soc0@46.156C gpu@47.343C tj@48.437C soc1@45.781C VDD_IN 4472mW/4424mW VDD_CPU_GPU_CV 757mW/757mW VDD_SOC 1395mW/1356mW
08-09-2026 19:36:54 RAM 2984/7620MB (lfb 19x4MB) SWAP 2/12002MB (cached 0MB) CPU [4%@1510,2%@1510,2%@1510,0%@1510,13%@729,4%@729] GR3D_FREQ 7% cpu@48.312C soc2@47.437C soc0@46C gpu@47.343C tj@48.312C soc1@45.875C VDD_IN 4472mW/4424mW VDD_CPU_GPU_CV 756mW/757mW VDD_SOC 1395mW/1356mW
08-09-2026 19:36:55 RAM 2984/7620MB (lfb 19x4MB) SWAP 2/12002MB (cached 0MB) CPU [4%@729,2%@729,2%@729,1%@729,9%@729,6%@729] GR3D_FREQ 7% cpu@48.562C soc2@47.5C soc0@46.156C gpu@47.343C tj@48.218C soc1@45.968C VDD_IN 4472mW/4424mW VDD_CPU_GPU_CV 756mW/757mW VDD_SOC 1395mW/1356mW
08-09-2026 19:36:56 RAM 2984/7620MB (lfb 19x4MB) SWAP 2/12002MB (cached 0MB) CPU [4%@729,4%@729,4%@729,0%@729,3%@729,13%@729] GR3D_FREQ 7% cpu@48.312C soc2@47.531C soc0@46.125C gpu@47.437C tj@48.312C soc1@45.968C VDD_IN 4472mW/4425mW VDD_CPU_GPU_CV 757mW/757mW VDD_SOC 1395mW/1356mW
08-09-2026 19:36:57 RAM 2984/7620MB (lfb 19x4MB) SWAP 2/12002MB (cached 0MB) CPU [4%@1510,2%@1510,2%@1510,0%@1510,15%@729,2%@729] GR3D_FREQ 7% cpu@48.281C soc2@47.437C soc0@46.093C gpu@47.562C tj@48.593C soc1@45.812C VDD_IN 4472mW/4425mW VDD_CPU_GPU_CV 757mW/757mW VDD_SOC 1395mW/1357mW
08-09-2026 19:36:58 RAM 2984/7620MB (lfb 19x4MB) SWAP 2/12002MB (cached 0MB) CPU [4%@729,3%@729,3%@729,0%@729,18%@729,1%@729] GR3D_FREQ 4% cpu@48.437C soc2@47.375C soc0@46C gpu@47.687C tj@48.437C soc1@45.937C VDD_IN 4465mW/4425mW VDD_CPU_GPU_CV 756mW/757mW VDD_SOC 1355mW/1357mW
08-09-2026 19:36:59 RAM 2984/7620MB (lfb 19x4MB) SWAP 2/12002MB (cached 0MB) CPU [4%@1510,2%@1510,12%@1510,0%@1510,7%@729,1%@729] GR3D_FREQ 10% cpu@48.125C soc2@47.437C soc0@45.968C gpu@47.593C tj@48.125C soc1@45.875C VDD_IN 4425mW/4425mW VDD_CPU_GPU_CV 756mW/757mW VDD_SOC 1355mW/1357mW
08-09-2026 19:37:00 RAM 2984/7620MB (lfb 19x4MB) SWAP 2/12002MB (cached 0MB) CPU [4%@729,2%@729,1%@729,0%@729,20%@729,1%@729] GR3D_FREQ 12% cpu@48.281C soc2@47.468C soc0@46.062C gpu@47.437C tj@48.281C soc1@46C VDD_IN 4425mW/4425mW VDD_CPU_GPU_CV 756mW/757mW VDD_SOC 1355mW/1357mW
08-09-2026 19:37:01 RAM 2984/7620MB (lfb 19x4MB) SWAP 2/12002MB (cached 0MB) CPU [3%@1510,3%@1510,3%@1510,1%@1510,20%@729,1%@729] GR3D_FREQ 9% cpu@48.312C soc2@47.437C soc0@46.125C gpu@47.437C tj@48.312C soc1@45.875C VDD_IN 4432mW/4425mW VDD_CPU_GPU_CV 757mW/757mW VDD_SOC 1355mW/1357mW
08-09-2026 19:37:02 RAM 2984/7620MB (lfb 19x4MB) SWAP 2/12002MB (cached 0MB) CPU [2%@729,1%@729,3%@729,1%@729,21%@729,1%@729] GR3D_FREQ 6% cpu@48.562C soc2@47.312C soc0@46C gpu@47.656C tj@48.562C soc1@45.968C VDD_IN 4392mW/4425mW VDD_CPU_GPU_CV 757mW/757mW VDD_SOC 1355mW/1357mW
08-09-2026 19:37:03 RAM 2984/7620MB (lfb 19x4MB) SWAP 2/12002MB (cached 0MB) CPU [5%@1510,2%@1510,8%@1510,3%@1510,13%@729,1%@729] GR3D_FREQ 7% cpu@48.125C soc2@47.5C soc0@46C gpu@47.625C tj@48.125C soc1@46.031C VDD_IN 4432mW/4425mW VDD_CPU_GPU_CV 757mW/757mW VDD_SOC 1355mW/1357mW
08-09-2026 19:37:04 RAM 2984/7620MB (lfb 19x4MB) SWAP 2/12002MB (cached 0MB) CPU [3%@729,1%@729,0%@729,2%@729,19%@729,1%@729] GR3D_FREQ 10% cpu@48.25C soc2@47.531C soc0@46.125C gpu@47.75C tj@48.25C soc1@46.062C VDD_IN 4392mW/4425mW VDD_CPU_GPU_CV 757mW/757mW VDD_SOC 1355mW/1357mW
08-09-2026 19:37:05 RAM 2984/7620MB (lfb 19x4MB) SWAP 2/12002MB (cached 0MB) CPU [3%@1510,2%@1510,2%@1510,1%@1510,22%@729,1%@729] GR3D_FREQ 6% cpu@48.468C soc2@47.437C soc0@46.25C gpu@47.437C tj@48.468C soc1@45.906C VDD_IN 4392mW/4425mW VDD_CPU_GPU_CV 716mW/757mW VDD_SOC 1355mW/1357mW
08-09-2026 19:37:06 RAM 2984/7620MB (lfb 19x4MB) SWAP 2/12002MB (cached 0MB) CPU [4%@729,2%@729,1%@729,1%@729,18%@729,2%@729] GR3D_FREQ 13% cpu@48.281C soc2@47.406C soc0@46C gpu@47.5C tj@48.281C soc1@45.968C VDD_IN 4392mW/4424mW VDD_CPU_GPU_CV 757mW/757mW VDD_SOC 1355mW/1357mW
08-09-2026 19:37:07 RAM 2984/7620MB (lfb 19x4MB) SWAP 2/12002MB (cached 0MB) CPU [2%@729,2%@729,0%@729,2%@729,22%@729,1%@729] GR3D_FREQ 6% cpu@48.312C soc2@47.375C soc0@46C gpu@47.531C tj@48.312C soc1@46.125C VDD_IN 4392mW/4424mW VDD_CPU_GPU_CV 757mW/757mW VDD_SOC 1355mW/1357mW
08-09-2026 19:37:08 RAM 2984/7620MB (lfb 19x4MB) SWAP 2/12002MB (cached 0MB) CPU [4%@729,2%@729,4%@729,2%@729,21%@729,1%@729] GR3D_FREQ 18% cpu@48.312C soc2@47.5C soc0@46.125C gpu@47.843C tj@48.312C soc1@46.031C VDD_IN 4392mW/4424mW VDD_CPU_GPU_CV 757mW/757mW VDD_SOC 1355mW/1357mW
08-09-2026 19:37:09 RAM 2984/7620MB (lfb 19x4MB) SWAP 2/12002MB (cached 0MB) CPU [3%@729,1%@729,19%@729,0%@729,1%@729,2%@729] GR3D_FREQ 11% cpu@48.25C soc2@47.468C soc0@46.156C gpu@47.75C tj@48.656C soc1@45.875C VDD_IN 4273mW/4423mW VDD_CPU_GPU_CV 717mW/757mW VDD_SOC 1315mW/1356mW
08-09-2026 19:37:10 RAM 2984/7620MB (lfb 19x4MB) SWAP 2/12002MB (cached 0MB) CPU [4%@729,2%@729,22%@729,0%@729,1%@729,1%@729] GR3D_FREQ 11% cpu@48.437C soc2@47.406C soc0@46.093C gpu@47.75C tj@48.437C soc1@45.812C VDD_IN 4273mW/4422mW VDD_CPU_GPU_CV 717mW/757mW VDD_SOC 1315mW/1356mW
08-09-2026 19:37:11 RAM 2984/7620MB (lfb 19x4MB) SWAP 2/12002MB (cached 0MB) CPU [3%@1510,2%@1510,22%@1510,1%@1510,0%@729,1%@729] GR3D_FREQ 15% cpu@48.218C soc2@47.531C soc0@46.062C gpu@47.781C tj@48.125C soc1@45.906C VDD_IN 4273mW/4421mW VDD_CPU_GPU_CV 677mW/756mW VDD_SOC 1317mW/1356mW
08-09-2026 19:37:12 RAM 2984/7620MB (lfb 19x4MB) SWAP 2/12002MB (cached 0MB) CPU [4%@1510,1%@1510,22%@1510,1%@1510,0%@729,3%@729] GR3D_FREQ 15% cpu@48.218C soc2@47.468C soc0@46C gpu@47.437C tj@48.218C soc1@45.937C VDD_IN 4273mW/4420mW VDD_CPU_GPU_CV 717mW/756mW VDD_SOC 1317mW/1356mW
08-09-2026 19:37:13 RAM 2984/7620MB (lfb 19x4MB) SWAP 2/12002MB (cached 0MB) CPU [6%@729,3%@729,8%@729,16%@729,0%@729,2%@729] GR3D_FREQ 15% cpu@48.343C soc2@47.468C soc0@46.125C gpu@47.406C tj@48.343C soc1@45.906C VDD_IN 4273mW/4420mW VDD_CPU_GPU_CV 717mW/756mW VDD_SOC 1317mW/1355mW
08-09-2026 19:37:14 RAM 2984/7620MB (lfb 19x4MB) SWAP 2/12002MB (cached 0MB) CPU [3%@729,2%@729,3%@729,17%@729,1%@729,2%@729] GR3D_FREQ 13% cpu@48.5C soc2@47.343C soc0@46.125C gpu@47.531C tj@48.5C soc1@45.875C VDD_IN 4273mW/4419mW VDD_CPU_GPU_CV 717mW/755mW VDD_SOC 1317mW/1355mW
08-09-2026 19:37:15 RAM 2984/7620MB (lfb 19x4MB) SWAP 2/12002MB (cached 0MB) CPU [4%@729,3%@729,3%@729,22%@729,1%@729,0%@729] GR3D_FREQ 13% cpu@48.312C soc2@47.343C soc0@45.937C gpu@47.468C tj@48.312C soc1@45.906C VDD_IN 4273mW/4418mW VDD_CPU_GPU_CV 717mW/755mW VDD_SOC 1317mW/1355mW
08-09-2026 19:37:16 RAM 2984/7620MB (lfb 19x4MB) SWAP 2/12002MB (cached 0MB) CPU [5%@729,3%@729,2%@729,11%@729,10%@729,1%@729] GR3D_FREQ 11% cpu@48.031C soc2@47.468C soc0@46C gpu@47.75C tj@48.125C soc1@45.968C VDD_IN 4273mW/4417mW VDD_CPU_GPU_CV 717mW/755mW VDD_SOC 1317mW/1355mW
08-09-2026 19:37:17 RAM 2984/7620MB (lfb 19x4MB) SWAP 2/12002MB (cached 0MB) CPU [3%@729,3%@729,1%@729,2%@729,19%@729,0%@729] GR3D_FREQ 18% cpu@48.062C soc2@47.406C soc0@46.062C gpu@47.781C tj@48.062C soc1@45.812C VDD_IN 4273mW/4416mW VDD_CPU_GPU_CV 717mW/755mW VDD_SOC 1317mW/1355mW
08-09-2026 19:37:18 RAM 2984/7620MB (lfb 19x4MB) SWAP 2/12002MB (cached 0MB) CPU [4%@1510,2%@1510,2%@1510,0%@1510,24%@729,1%@729] GR3D_FREQ 16% cpu@48.281C soc2@47.437C soc0@46.187C gpu@47.906C tj@48.281C soc1@45.812C VDD_IN 4273mW/4415mW VDD_CPU_GPU_CV 717mW/754mW VDD_SOC 1317mW/1354mW
08-09-2026 19:37:19 RAM 2984/7620MB (lfb 19x4MB) SWAP 2/12002MB (cached 0MB) CPU [4%@1510,3%@1510,3%@1510,16%@1510,4%@729,1%@729] GR3D_FREQ 11% cpu@48.468C soc2@47.343C soc0@45.937C gpu@47.468C tj@48.468C soc1@45.812C VDD_IN 4392mW/4415mW VDD_CPU_GPU_CV 717mW/754mW VDD_SOC 1355mW/1354mW
08-09-2026 19:37:20 RAM 2984/7620MB (lfb 19x4MB) SWAP 2/12002MB (cached 0MB) CPU [4%@729,1%@729,3%@729,18%@729,0%@729,0%@729] GR3D_FREQ 11% cpu@48.062C soc2@47.375C soc0@45.937C gpu@47.5C tj@48.062C soc1@45.843C VDD_IN 4353mW/4415mW VDD_CPU_GPU_CV 717mW/754mW VDD_SOC 1315mW/1354mW
08-09-2026 19:37:21 RAM 2984/7620MB (lfb 19x4MB) SWAP 2/12002MB (cached 0MB) CPU [4%@729,2%@729,1%@729,17%@729,1%@729,0%@729] GR3D_FREQ 6% cpu@48.25C soc2@47.343C soc0@46.062C gpu@47.5C tj@48.25C soc1@45.937C VDD_IN 4432mW/4415mW VDD_CPU_GPU_CV 757mW/754mW VDD_SOC 1355mW/1354mW
08-09-2026 19:37:22 RAM 2984/7620MB (lfb 19x4MB) SWAP 2/12002MB (cached 0MB) CPU [4%@729,2%@729,1%@729,19%@729,0%@729,0%@729] GR3D_FREQ 11% cpu@48.375C soc2@47.312C soc0@46.062C gpu@47.468C tj@48.375C soc1@45.843C VDD_IN 4353mW/4415mW VDD_CPU_GPU_CV 717mW/754mW VDD_SOC 1355mW/1354mW
08-09-2026 19:37:23 RAM 2984/7620MB (lfb 19x4MB) SWAP 2/12002MB (cached 0MB) CPU [5%@729,2%@729,2%@729,19%@729,0%@729,0%@729] GR3D_FREQ 6% cpu@48.25C soc2@47.406C soc0@45.906C gpu@47.343C tj@48.25C soc1@45.812C VDD_IN 4392mW/4415mW VDD_CPU_GPU_CV 757mW/754mW VDD_SOC 1355mW/1354mW
08-09-2026 19:37:24 RAM 2984/7620MB (lfb 19x4MB) SWAP 2/12002MB (cached 0MB) CPU [6%@729,4%@729,2%@729,18%@729,1%@729,1%@729] GR3D_FREQ 6% cpu@48.062C soc2@47.343C soc0@45.968C gpu@47.437C tj@48.062C soc1@45.968C VDD_IN 4392mW/4414mW VDD_CPU_GPU_CV 757mW/754mW VDD_SOC 1355mW/1354mW
08-09-2026 19:37:25 RAM 2984/7620MB (lfb 19x4MB) SWAP 2/12002MB (cached 0MB) CPU [22%@729,3%@729,1%@729,0%@729,0%@729,1%@729] GR3D_FREQ 7% cpu@48.187C soc2@47.437C soc0@46.125C gpu@47.375C tj@48.187C soc1@46.093C VDD_IN 4392mW/4414mW VDD_CPU_GPU_CV 757mW/754mW VDD_SOC 1355mW/1354mW
08-09-2026 19:37:26 RAM 2984/7620MB (lfb 19x4MB) SWAP 2/12002MB (cached 0MB) CPU [21%@1510,4%@1510,1%@1510,0%@1510,1%@729,2%@729] GR3D_FREQ 6% cpu@48.25C soc2@47.343C soc0@46.125C gpu@47.531C tj@48.25C soc1@45.843C VDD_IN 4392mW/4414mW VDD_CPU_GPU_CV 717mW/754mW VDD_SOC 1355mW/1354mW
08-09-2026 19:37:27 RAM 2984/7620MB (lfb 19x4MB) SWAP 2/12002MB (cached 0MB) CPU [22%@729,7%@729,2%@729,0%@729,1%@729,0%@729] GR3D_FREQ 7% cpu@48.5C soc2@47.437C soc0@45.968C gpu@47.625C tj@48.5C soc1@45.906C VDD_IN 4353mW/4414mW VDD_CPU_GPU_CV 757mW/754mW VDD_SOC 1355mW/1354mW
08-09-2026 19:37:28 RAM 2984/7620MB (lfb 19x4MB) SWAP 2/12002MB (cached 0MB) CPU [7%@729,4%@729,13%@729,0%@729,6%@729,1%@729] GR3D_FREQ 7% cpu@48.281C soc2@47.437C soc0@46.031C gpu@47.531C tj@48.093C soc1@45.968C VDD_IN 4392mW/4414mW VDD_CPU_GPU_CV 756mW/754mW VDD_SOC 1355mW/1354mW
08-09-2026 19:37:29 RAM 2984/7620MB (lfb 19x4MB) SWAP 2/12002MB (cached 0MB) CPU [3%@729,0%@729,2%@729,1%@729,15%@729,1%@729] GR3D_FREQ 7% cpu@48.187C soc2@47.437C soc0@46C gpu@47.468C tj@48.187C soc1@45.937C VDD_IN 4353mW/4413mW VDD_CPU_GPU_CV 757mW/754mW VDD_SOC 1355mW/1354mW
08-09-2026 19:37:30 RAM 2984/7620MB (lfb 19x4MB) SWAP 2/12002MB (cached 0MB) CPU [4%@729,1%@729,2%@729,1%@729,20%@729,2%@729] GR3D_FREQ 7% cpu@48.312C soc2@47.406C soc0@46.093C gpu@47.406C tj@48.312C soc1@45.75C VDD_IN 4385mW/4413mW VDD_CPU_GPU_CV 756mW/754mW VDD_SOC 1355mW/1354mW
08-09-2026 19:37:31 RAM 2984/7620MB (lfb 19x4MB) SWAP 2/12002MB (cached 0MB) CPU [6%@1510,2%@1510,0%@1510,0%@1510,14%@729,1%@729] GR3D_FREQ 7% cpu@48.125C soc2@47.343C soc0@46.156C gpu@47.375C tj@48.125C soc1@45.937C VDD_IN 4425mW/4413mW VDD_CPU_GPU_CV 756mW/754mW VDD_SOC 1355mW/1354mW
08-09-2026 19:37:32 RAM 2984/7620MB (lfb 19x4MB) SWAP 2/12002MB (cached 0MB) CPU [5%@729,1%@729,2%@729,0%@729,16%@729,1%@729] GR3D_FREQ 7% cpu@48.5C soc2@47.281C soc0@45.937C gpu@47.406C tj@48.5C soc1@45.812C VDD_IN 4353mW/4413mW VDD_CPU_GPU_CV 716mW/754mW VDD_SOC 1355mW/1354mW
08-09-2026 19:37:33 RAM 2984/7620MB (lfb 19x4MB) SWAP 2/12002MB (cached 0MB) CPU [4%@729,2%@729,2%@729,0%@729,18%@729,1%@729] GR3D_FREQ 7% cpu@48.25C soc2@47.406C soc0@45.968C gpu@47.687C tj@48.25C soc1@45.906C VDD_IN 4353mW/4413mW VDD_CPU_GPU_CV 717mW/753mW VDD_SOC 1315mW/1354mW
08-09-2026 19:37:34 RAM 2984/7620MB (lfb 19x4MB) SWAP 2/12002MB (cached 0MB) CPU [3%@729,3%@729,1%@729,1%@729,19%@729,1%@729] GR3D_FREQ 13% cpu@48.156C soc2@47.5C soc0@46.062C gpu@47.656C tj@48.156C soc1@45.906C VDD_IN 4313mW/4412mW VDD_CPU_GPU_CV 717mW/753mW VDD_SOC 1315mW/1354mW
08-09-2026 19:37:35 RAM 2984/7620MB (lfb 19x4MB) SWAP 2/12002MB (cached 0MB) CPU [6%@729,1%@729,2%@729,0%@729,17%@729,1%@729] GR3D_FREQ 10% cpu@48.343C soc2@47.312C soc0@46.187C gpu@47.687C tj@48.343C soc1@45.906C VDD_IN 4353mW/4412mW VDD_CPU_GPU_CV 717mW/753mW VDD_SOC 1315mW/1353mW
08-09-2026 19:37:36 RAM 2984/7620MB (lfb 19x4MB) SWAP 2/12002MB (cached 0MB) CPU [3%@1510,2%@1510,0%@1510,1%@1510,14%@729,0%@729] GR3D_FREQ 8% cpu@48.093C soc2@47.343C soc0@45.937C gpu@47.437C tj@48.093C soc1@45.843C VDD_IN 4425mW/4412mW VDD_CPU_GPU_CV 756mW/753mW VDD_SOC 1355mW/1353mW
08-09-2026 19:37:37 RAM 2984/7620MB (lfb 19x4MB) SWAP 2/12002MB (cached 0MB) CPU [5%@729,3%@729,2%@729,0%@729,18%@729,1%@729] GR3D_FREQ 8% cpu@48.125C soc2@47.468C soc0@45.968C gpu@47.406C tj@48.125C soc1@45.937C VDD_IN 4385mW/4412mW VDD_CPU_GPU_CV 756mW/753mW VDD_SOC 1355mW/1353mW
08-09-2026 19:37:38 RAM 2984/7620MB (lfb 19x4MB) SWAP 2/12002MB (cached 0MB) CPU [4%@729,2%@729,2%@729,7%@729,13%@729,0%@729] GR3D_FREQ 15% cpu@48.25C soc2@47.5C soc0@45.968C gpu@47.406C tj@48.25C soc1@45.968C VDD_IN 4385mW/4412mW VDD_CPU_GPU_CV 756mW/753mW VDD_SOC 1355mW/1353mW
08-09-2026 19:37:39 RAM 2984/7620MB (lfb 19x4MB) SWAP 2/12002MB (cached 0MB) CPU [6%@729,2%@729,3%@729,10%@729,7%@729,0%@729] GR3D_FREQ 8% cpu@48.406C soc2@47.437C soc0@46.093C gpu@47.437C tj@48.468C soc1@45.875C VDD_IN 4432mW/4412mW VDD_CPU_GPU_CV 757mW/753mW VDD_SOC 1355mW/1354mW
08-09-2026 19:37:40 RAM 2984/7620MB (lfb 19x4MB) SWAP 2/12002MB (cached 0MB) CPU [3%@729,2%@729,2%@729,1%@729,19%@729,0%@729] GR3D_FREQ 8% cpu@48.312C soc2@47.343C soc0@46C gpu@47.718C tj@48.093C soc1@45.812C VDD_IN 4392mW/4412mW VDD_CPU_GPU_CV 757mW/753mW VDD_SOC 1355mW/1354mW
08-09-2026 19:37:41 RAM 2984/7620MB (lfb 19x4MB) SWAP 2/12002MB (cached 0MB) CPU [6%@729,4%@729,4%@729,0%@729,19%@729,0%@729] GR3D_FREQ 9% cpu@48.187C soc2@47.406C soc0@45.937C gpu@47.75C tj@48.187C soc1@45.906C VDD_IN 4432mW/4412mW VDD_CPU_GPU_CV 756mW/753mW VDD_SOC 1355mW/1354mW
08-09-2026 19:37:42 RAM 2984/7620MB (lfb 19x4MB) SWAP 2/12002MB (cached 0MB) CPU [4%@1510,2%@1510,2%@1510,0%@1510,19%@729,1%@729] GR3D_FREQ 8% cpu@48.187C soc2@47.437C soc0@46.031C gpu@47.75C tj@48.25C soc1@46.031C VDD_IN 4432mW/4412mW VDD_CPU_GPU_CV 757mW/753mW VDD_SOC 1355mW/1354mW
08-09-2026 19:37:43 RAM 2984/7620MB (lfb 19x4MB) SWAP 2/12002MB (cached 0MB) CPU [4%@1510,3%@1510,1%@1510,0%@1510,19%@729,0%@729] GR3D_FREQ 11% cpu@48.156C soc2@47.343C soc0@46.125C gpu@47.375C tj@48.156C soc1@45.843C VDD_IN 4432mW/4412mW VDD_CPU_GPU_CV 757mW/753mW VDD_SOC 1355mW/1354mW
08-09-2026 19:37:44 RAM 2984/7620MB (lfb 19x4MB) SWAP 2/12002MB (cached 0MB) CPU [6%@729,1%@729,2%@729,6%@729,15%@729,1%@729] GR3D_FREQ 11% cpu@48.437C soc2@47.312C soc0@46.218C gpu@47.437C tj@48.437C soc1@45.75C VDD_IN 4432mW/4412mW VDD_CPU_GPU_CV 757mW/753mW VDD_SOC 1355mW/1354mW
08-09-2026 19:37:45 RAM 2984/7620MB (lfb 19x4MB) SWAP 2/12002MB (cached 0MB) CPU [5%@729,2%@729,1%@729,0%@729,18%@729,1%@729] GR3D_FREQ 8% cpu@48.125C soc2@47.343C soc0@46C gpu@47.468C tj@48.125C soc1@45.843C VDD_IN 4432mW/4412mW VDD_CPU_GPU_CV 757mW/753mW VDD_SOC 1355mW/1354mW
08-09-2026 19:37:46 RAM 2984/7620MB (lfb 19x4MB) SWAP 2/12002MB (cached 0MB) CPU [3%@1510,1%@1510,1%@1510,0%@1510,18%@729,1%@729] GR3D_FREQ 11% cpu@48.125C soc2@47.312C soc0@45.968C gpu@47.812C tj@48.125C soc1@46C VDD_IN 4432mW/4412mW VDD_CPU_GPU_CV 757mW/753mW VDD_SOC 1355mW/1354mW
08-09-2026 19:37:47 RAM 2984/7620MB (lfb 19x4MB) SWAP 2/12002MB (cached 0MB) CPU [4%@1510,0%@1510,1%@1510,0%@1510,16%@729,1%@729] GR3D_FREQ 11% cpu@48.25C soc2@47.343C soc0@46.187C gpu@47.781C tj@48.25C soc1@45.875C VDD_IN 4465mW/4412mW VDD_CPU_GPU_CV 756mW/753mW VDD_SOC 1355mW/1354mW
08-09-2026 19:37:48 RAM 2984/7620MB (lfb 19x4MB) SWAP 2/12002MB (cached 0MB) CPU [5%@1510,2%@1510,0%@1510,2%@1510,23%@729,2%@729] GR3D_FREQ 7% cpu@48.093C soc2@47.343C soc0@45.906C gpu@47.343C tj@48.093C soc1@45.875C VDD_IN 4432mW/4413mW VDD_CPU_GPU_CV 756mW/753mW VDD_SOC 1355mW/1354mW
08-09-2026 19:37:49 RAM 2984/7620MB (lfb 19x4MB) SWAP 2/12002MB (cached 0MB) CPU [4%@1510,1%@1510,7%@1510,1%@1510,15%@729,0%@729] GR3D_FREQ 11% cpu@48.125C soc2@47.343C soc0@45.937C gpu@47.437C tj@48.125C soc1@46C VDD_IN 4432mW/4413mW VDD_CPU_GPU_CV 757mW/753mW VDD_SOC 1355mW/1354mW
08-09-2026 19:37:50 RAM 2984/7620MB (lfb 19x4MB) SWAP 2/12002MB (cached 0MB) CPU [3%@729,0%@729,3%@729,1%@729,18%@729,0%@729] GR3D_FREQ 8% cpu@48.281C soc2@47.468C soc0@46.031C gpu@47.562C tj@48.281C soc1@45.968C VDD_IN 4472mW/4413mW VDD_CPU_GPU_CV 757mW/753mW VDD_SOC 1355mW/1354mW
08-09-2026 19:37:51 RAM 2984/7620MB (lfb 19x4MB) SWAP 2/12002MB (cached 0MB) CPU [4%@1510,4%@1510,3%@1510,2%@1510,15%@729,1%@729] GR3D_FREQ 8% cpu@48.218C soc2@47.375C soc0@46C gpu@47.531C tj@48.312C soc1@45.812C VDD_IN 4472mW/4413mW VDD_CPU_GPU_CV 757mW/753mW VDD_SOC 1355mW/1354mW
08-09-2026 19:37:52 RAM 2984/7620MB (lfb 19x4MB) SWAP 2/12002MB (cached 0MB) CPU [4%@729,1%@729,2%@729,2%@729,18%@729,0%@729] GR3D_FREQ 10% cpu@48.312C soc2@47.375C soc0@45.906C gpu@47.343C tj@48.312C soc1@45.75C VDD_IN 4465mW/4413mW VDD_CPU_GPU_CV 756mW/753mW VDD_SOC 1395mW/1354mW
08-09-2026 19:37:53 RAM 2984/7620MB (lfb 19x4MB) SWAP 2/12002MB (cached 0MB) CPU [5%@1510,1%@1510,4%@1510,1%@1510,14%@729,2%@729] GR3D_FREQ 8% cpu@48.125C soc2@47.375C soc0@45.968C gpu@47.343C tj@48.125C soc1@45.937C VDD_IN 4472mW/4414mW VDD_CPU_GPU_CV 757mW/753mW VDD_SOC 1355mW/1354mW
08-09-2026 19:37:54 RAM 2985/7620MB (lfb 19x4MB) SWAP 2/12002MB (cached 0MB) CPU [3%@729,1%@729,3%@729,4%@729,18%@729,1%@729] GR3D_FREQ 8% cpu@48.062C soc2@47.437C soc0@45.968C gpu@47.312C tj@48.062C soc1@45.906C VDD_IN 4432mW/4414mW VDD_CPU_GPU_CV 757mW/753mW VDD_SOC 1355mW/1354mW
08-09-2026 19:37:55 RAM 2985/7620MB (lfb 19x4MB) SWAP 2/12002MB (cached 0MB) CPU [4%@729,1%@729,2%@729,1%@729,16%@729,1%@729] GR3D_FREQ 8% cpu@48.281C soc2@47.343C soc0@46C gpu@47.312C tj@48.281C soc1@46C VDD_IN 4432mW/4414mW VDD_CPU_GPU_CV 757mW/753mW VDD_SOC 1355mW/1354mW
08-09-2026 19:37:56 RAM 2985/7620MB (lfb 19x4MB) SWAP 2/12002MB (cached 0MB) CPU [4%@729,2%@729,6%@729,3%@729,14%@729,0%@729] GR3D_FREQ 7% cpu@48.375C soc2@47.343C soc0@46.125C gpu@47.468C tj@48.375C soc1@45.906C VDD_IN 4432mW/4414mW VDD_CPU_GPU_CV 757mW/753mW VDD_SOC 1355mW/1354mW
08-09-2026 19:37:57 RAM 2985/7620MB (lfb 19x4MB) SWAP 2/12002MB (cached 0MB) CPU [2%@729,2%@729,1%@729,1%@729,16%@729,2%@729] GR3D_FREQ 6% cpu@48.312C soc2@47.375C soc0@46.031C gpu@47.593C tj@48.125C soc1@45.781C VDD_IN 4472mW/4414mW VDD_CPU_GPU_CV 757mW/753mW VDD_SOC 1395mW/1354mW
08-09-2026 19:37:58 RAM 2985/7620MB (lfb 19x4MB) SWAP 2/12002MB (cached 0MB) CPU [6%@1510,1%@1510,3%@1510,0%@1510,20%@729,1%@729] GR3D_FREQ 7% cpu@48.218C soc2@47.468C soc0@46C gpu@47.562C tj@48.218C soc1@45.906C VDD_IN 4465mW/4414mW VDD_CPU_GPU_CV 756mW/753mW VDD_SOC 1395mW/1354mW
08-09-2026 19:37:59 RAM 2985/7620MB (lfb 19x4MB) SWAP 2/12002MB (cached 0MB) CPU [5%@729,2%@729,2%@729,0%@729,15%@729,0%@729] GR3D_FREQ 6% cpu@48.125C soc2@47.437C soc0@46.062C gpu@47.718C tj@48.343C soc1@46.062C VDD_IN 4465mW/4415mW VDD_CPU_GPU_CV 756mW/753mW VDD_SOC 1395mW/1354mW
08-09-2026 19:38:00 RAM 2985/7620MB (lfb 19x4MB) SWAP 2/12002MB (cached 0MB) CPU [4%@1510,0%@1510,4%@1510,0%@1510,18%@729,0%@729] GR3D_FREQ 7% cpu@48.25C soc2@47.25C soc0@46.125C gpu@47.375C tj@48.25C soc1@45.812C VDD_IN 4472mW/4415mW VDD_CPU_GPU_CV 756mW/753mW VDD_SOC 1395mW/1355mW
08-09-2026 19:38:01 RAM 2985/7620MB (lfb 19x4MB) SWAP 2/12002MB (cached 0MB) CPU [4%@729,2%@729,3%@729,0%@729,7%@729,9%@729] GR3D_FREQ 6% cpu@48.343C soc2@47.375C soc0@45.906C gpu@47.343C tj@48.343C soc1@45.843C VDD_IN 4472mW/4415mW VDD_CPU_GPU_CV 756mW/753mW VDD_SOC 1395mW/1355mW
08-09-2026 19:38:02 RAM 2985/7620MB (lfb 19x4MB) SWAP 2/12002MB (cached 0MB) CPU [5%@729,1%@729,2%@729,0%@729,0%@729,16%@729] GR3D_FREQ 6% cpu@48.187C soc2@47.343C soc0@45.937C gpu@47.437C tj@48.187C soc1@45.937C VDD_IN 4465mW/4415mW VDD_CPU_GPU_CV 756mW/753mW VDD_SOC 1395mW/1355mW
08-09-2026 19:38:03 RAM 2985/7620MB (lfb 19x4MB) SWAP 2/12002MB (cached 0MB) CPU [4%@729,4%@729,6%@729,0%@729,16%@729,1%@729] GR3D_FREQ 7% cpu@48.156C soc2@47.5C soc0@45.937C gpu@47.687C tj@48.156C soc1@45.968C VDD_IN 4432mW/4416mW VDD_CPU_GPU_CV 756mW/753mW VDD_SOC 1355mW/1355mW
08-09-2026 19:38:04 RAM 2985/7620MB (lfb 19x4MB) SWAP 2/12002MB (cached 0MB) CPU [5%@1510,1%@1510,5%@1510,0%@1510,16%@729,0%@729] GR3D_FREQ 11% cpu@48.468C soc2@47.406C soc0@46.031C gpu@47.656C tj@48.468C soc1@45.812C VDD_IN 4472mW/4416mW VDD_CPU_GPU_CV 757mW/753mW VDD_SOC 1395mW/1355mW
08-09-2026 19:38:05 RAM 2985/7620MB (lfb 19x4MB) SWAP 2/12002MB (cached 0MB) CPU [4%@1510,2%@1510,3%@1510,0%@1510,17%@729,0%@729] GR3D_FREQ 10% cpu@48.062C soc2@47.312C soc0@45.906C gpu@47.687C tj@48.062C soc1@45.906C VDD_IN 4472mW/4416mW VDD_CPU_GPU_CV 757mW/753mW VDD_SOC 1395mW/1355mW
08-09-2026 19:38:06 RAM 2985/7620MB (lfb 19x4MB) SWAP 2/12002MB (cached 0MB) CPU [4%@729,2%@729,4%@729,0%@729,15%@729,1%@729] GR3D_FREQ 11% cpu@48.125C soc2@47.406C soc0@46C gpu@47.5C tj@48.125C soc1@46C VDD_IN 4472mW/4416mW VDD_CPU_GPU_CV 757mW/753mW VDD_SOC 1395mW/1355mW
08-09-2026 19:38:07 RAM 2985/7620MB (lfb 19x4MB) SWAP 2/12002MB (cached 0MB) CPU [5%@729,3%@729,5%@729,0%@729,7%@729,9%@729] GR3D_FREQ 11% cpu@48.375C soc2@47.406C soc0@46.031C gpu@47.406C tj@48.375C soc1@45.937C VDD_IN 4472mW/4417mW VDD_CPU_GPU_CV 756mW/753mW VDD_SOC 1395mW/1356mW
08-09-2026 19:38:08 RAM 2985/7620MB (lfb 19x4MB) SWAP 2/12002MB (cached 0MB) CPU [4%@1510,4%@1510,12%@1510,0%@1510,9%@729,4%@729] GR3D_FREQ 11% cpu@48.062C soc2@47.343C soc0@46.125C gpu@47.468C tj@48.531C soc1@45.906C VDD_IN 4472mW/4417mW VDD_CPU_GPU_CV 756mW/753mW VDD_SOC 1395mW/1356mW
08-09-2026 19:38:09 RAM 2985/7620MB (lfb 19x4MB) SWAP 2/12002MB (cached 0MB) CPU [2%@729,1%@729,2%@729,15%@729,0%@729,1%@729] GR3D_FREQ 9% cpu@48.406C soc2@47.281C soc0@46C gpu@47.5C tj@48.406C soc1@45.843C VDD_IN 4472mW/4417mW VDD_CPU_GPU_CV 756mW/753mW VDD_SOC 1395mW/1356mW
08-09-2026 19:38:10 RAM 2985/7620MB (lfb 19x4MB) SWAP 2/12002MB (cached 0MB) CPU [5%@1510,2%@1510,10%@1510,4%@1510,9%@729,0%@729] GR3D_FREQ 11% cpu@48.125C soc2@47.375C soc0@46C gpu@47.781C tj@48.125C soc1@45.843C VDD_IN 4472mW/4417mW VDD_CPU_GPU_CV 756mW/753mW VDD_SOC 1395mW/1356mW
08-09-2026 19:38:11 RAM 2985/7620MB (lfb 19x4MB) SWAP 2/12002MB (cached 0MB) CPU [6%@729,2%@729,16%@729,0%@729,2%@729,0%@729] GR3D_FREQ 8% cpu@48.125C soc2@47.375C soc0@46C gpu@47.781C tj@48.125C soc1@45.937C VDD_IN 4505mW/4418mW VDD_CPU_GPU_CV 756mW/753mW VDD_SOC 1395mW/1356mW
08-09-2026 19:38:12 RAM 2985/7620MB (lfb 19x4MB) SWAP 2/12002MB (cached 0MB) CPU [4%@729,3%@729,20%@729,2%@729,0%@729,0%@729] GR3D_FREQ 6% cpu@48.375C soc2@47.531C soc0@46.156C gpu@47.812C tj@48.375C soc1@46.062C VDD_IN 4505mW/4418mW VDD_CPU_GPU_CV 756mW/753mW VDD_SOC 1395mW/1356mW
08-09-2026 19:38:13 RAM 2985/7620MB (lfb 19x4MB) SWAP 2/12002MB (cached 0MB) CPU [3%@1510,2%@1510,20%@1510,3%@1510,0%@729,0%@729] GR3D_FREQ 11% cpu@48.562C soc2@47.343C soc0@46.093C gpu@47.437C tj@48.562C soc1@45.968C VDD_IN 4465mW/4418mW VDD_CPU_GPU_CV 756mW/753mW VDD_SOC 1395mW/1357mW
08-09-2026 19:38:14 RAM 2984/7620MB (lfb 19x4MB) SWAP 2/12002MB (cached 0MB) CPU [4%@1510,2%@1510,6%@1510,0%@1510,13%@729,0%@729] GR3D_FREQ 8% cpu@48.156C soc2@47.343C soc0@45.937C gpu@47.468C tj@48.156C soc1@45.875C VDD_IN 4472mW/4418mW VDD_CPU_GPU_CV 757mW/753mW VDD_SOC 1395mW/1357mW
08-09-2026 19:38:15 RAM 2984/7620MB (lfb 19x4MB) SWAP 2/12002MB (cached 0MB) CPU [3%@729,2%@729,1%@729,0%@729,19%@729,1%@729] GR3D_FREQ 8% cpu@48.218C soc2@47.406C soc0@46.031C gpu@47.468C tj@48.218C soc1@45.906C VDD_IN 4465mW/4419mW VDD_CPU_GPU_CV 756mW/753mW VDD_SOC 1395mW/1357mW
08-09-2026 19:38:16 RAM 2978/7620MB (lfb 19x4MB) SWAP 2/12002MB (cached 0MB) CPU [4%@729,3%@729,9%@729,3%@729,13%@729,15%@729] GR3D_FREQ 8% cpu@48.343C soc2@47.375C soc0@46.093C gpu@47.937C tj@48.343C soc1@45.875C VDD_IN 4625mW/4420mW VDD_CPU_GPU_CV 796mW/754mW VDD_SOC 1393mW/1357mW
08-09-2026 19:38:17 RAM 2978/7620MB (lfb 19x4MB) SWAP 2/12002MB (cached 0MB) CPU [4%@729,0%@729,3%@729,3%@729,16%@729,1%@729] GR3D_FREQ 8% cpu@48.343C soc2@47.343C soc0@46.218C gpu@47.375C tj@48.343C soc1@45.906C VDD_IN 4505mW/4420mW VDD_CPU_GPU_CV 756mW/754mW VDD_SOC 1395mW/1357mW
08-09-2026 19:38:18 RAM 2978/7620MB (lfb 19x4MB) SWAP 2/12002MB (cached 0MB) CPU [3%@1510,2%@1510,2%@1510,1%@1510,23%@729,1%@729] GR3D_FREQ 5% cpu@48.375C soc2@47.343C soc0@46.031C gpu@47.312C tj@48.375C soc1@45.875C VDD_IN 4353mW/4420mW VDD_CPU_GPU_CV 757mW/754mW VDD_SOC 1315mW/1357mW
08-09-2026 19:38:19 RAM 2978/7620MB (lfb 19x4MB) SWAP 2/12002MB (cached 0MB) CPU [4%@729,3%@729,16%@729,0%@729,5%@729,1%@729] GR3D_FREQ 6% cpu@48.093C soc2@47.5C soc0@46C gpu@47.406C tj@48.093C soc1@45.906C VDD_IN 4313mW/4419mW VDD_CPU_GPU_CV 717mW/754mW VDD_SOC 1315mW/1357mW
08-09-2026 19:38:20 RAM 2978/7620MB (lfb 19x4MB) SWAP 2/12002MB (cached 0MB) CPU [5%@729,4%@729,12%@729,0%@729,10%@729,0%@729] GR3D_FREQ 6% cpu@48.156C soc2@47.375C soc0@46.062C gpu@47.437C tj@48.156C soc1@45.968C VDD_IN 4353mW/4419mW VDD_CPU_GPU_CV 717mW/753mW VDD_SOC 1315mW/1357mW
08-09-2026 19:38:21 RAM 2978/7620MB (lfb 19x4MB) SWAP 2/12002MB (cached 0MB) CPU [4%@729,2%@729,1%@729,0%@729,20%@729,1%@729] GR3D_FREQ 8% cpu@48.437C soc2@47.343C soc0@46.093C gpu@47.562C tj@48.437C soc1@45.781C VDD_IN 4353mW/4419mW VDD_CPU_GPU_CV 717mW/753mW VDD_SOC 1355mW/1357mW
08-09-2026 19:38:22 RAM 2978/7620MB (lfb 19x4MB) SWAP 2/12002MB (cached 0MB) CPU [4%@729,1%@729,0%@729,0%@729,19%@729,0%@729] GR3D_FREQ 7% cpu@48.125C soc2@47.343C soc0@45.937C gpu@47.656C tj@48.125C soc1@45.937C VDD_IN 4353mW/4418mW VDD_CPU_GPU_CV 717mW/753mW VDD_SOC 1355mW/1357mW
08-09-2026 19:38:23 RAM 2978/7620MB (lfb 19x4MB) SWAP 2/12002MB (cached 0MB) CPU [4%@1510,2%@1510,2%@1510,0%@1510,20%@729,1%@729] GR3D_FREQ 6% cpu@48.093C soc2@47.375C soc0@45.968C gpu@47.343C tj@48.093C soc1@45.875C VDD_IN 4353mW/4418mW VDD_CPU_GPU_CV 717mW/753mW VDD_SOC 1315mW/1356mW
08-09-2026 19:38:24 RAM 2978/7620MB (lfb 19x4MB) SWAP 2/12002MB (cached 0MB) CPU [6%@729,2%@729,1%@729,1%@729,19%@729,1%@729] GR3D_FREQ 8% cpu@48.093C soc2@47.5C soc0@46.062C gpu@47.375C tj@48.187C soc1@46C VDD_IN 4353mW/4418mW VDD_CPU_GPU_CV 717mW/753mW VDD_SOC 1315mW/1356mW
08-09-2026 19:38:25 RAM 2978/7620MB (lfb 19x4MB) SWAP 2/12002MB (cached 0MB) CPU [3%@729,3%@729,1%@729,1%@729,19%@729,0%@729] GR3D_FREQ 8% cpu@48.125C soc2@47.343C soc0@46.093C gpu@47.343C tj@48.125C soc1@45.875C VDD_IN 4353mW/4417mW VDD_CPU_GPU_CV 717mW/753mW VDD_SOC 1355mW/1356mW
08-09-2026 19:38:26 RAM 2978/7620MB (lfb 19x4MB) SWAP 2/12002MB (cached 0MB) CPU [3%@729,2%@729,2%@729,0%@729,17%@729,1%@729] GR3D_FREQ 11% cpu@48.468C soc2@47.406C soc0@46.062C gpu@47.343C tj@48.468C soc1@45.875C VDD_IN 4353mW/4417mW VDD_CPU_GPU_CV 717mW/752mW VDD_SOC 1355mW/1356mW
08-09-2026 19:38:27 RAM 2978/7620MB (lfb 19x4MB) SWAP 2/12002MB (cached 0MB) CPU [4%@1510,2%@1510,1%@1510,0%@1510,19%@729,1%@729] GR3D_FREQ 8% cpu@48.187C soc2@47.406C soc0@46C gpu@47.625C tj@48.062C soc1@45.937C VDD_IN 4392mW/4417mW VDD_CPU_GPU_CV 717mW/752mW VDD_SOC 1355mW/1356mW
08-09-2026 19:38:28 RAM 2978/7620MB (lfb 19x4MB) SWAP 2/12002MB (cached 0MB) CPU [5%@729,2%@729,1%@729,1%@729,20%@729,2%@729] GR3D_FREQ 7% cpu@48.125C soc2@47.375C soc0@45.968C gpu@47.718C tj@48.125C soc1@46.062C VDD_IN 4432mW/4417mW VDD_CPU_GPU_CV 757mW/752mW VDD_SOC 1355mW/1356mW
08-09-2026 19:38:29 RAM 2978/7620MB (lfb 19x4MB) SWAP 2/12002MB (cached 0MB) CPU [6%@729,5%@729,1%@729,0%@729,0%@729,13%@729] GR3D_FREQ 11% cpu@48.281C soc2@47.562C soc0@46.125C gpu@47.687C tj@48.281C soc1@45.875C VDD_IN 4472mW/4417mW VDD_CPU_GPU_CV 757mW/752mW VDD_SOC 1395mW/1356mW
08-09-2026 19:38:30 RAM 2978/7620MB (lfb 19x4MB) SWAP 2/12002MB (cached 0MB) CPU [11%@729,15%@729,2%@729,0%@729,0%@729,0%@729] GR3D_FREQ 9% cpu@48.593C soc2@47.437C soc0@46.281C gpu@47.468C tj@48.593C soc1@45.968C VDD_IN 4472mW/4418mW VDD_CPU_GPU_CV 756mW/752mW VDD_SOC 1395mW/1357mW
08-09-2026 19:38:31 RAM 2978/7620MB (lfb 19x4MB) SWAP 2/12002MB (cached 0MB) CPU [15%@1510,10%@1510,3%@1510,1%@1510,0%@729,0%@729] GR3D_FREQ 11% cpu@48.343C soc2@47.437C soc0@45.968C gpu@47.468C tj@48.25C soc1@45.937C VDD_IN 4472mW/4418mW VDD_CPU_GPU_CV 756mW/752mW VDD_SOC 1395mW/1357mW
08-09-2026 19:38:32 RAM 2978/7620MB (lfb 19x4MB) SWAP 2/12002MB (cached 0MB) CPU [22%@729,2%@729,2%@729,2%@729,0%@729,0%@729] GR3D_FREQ 12% cpu@48.25C soc2@47.437C soc0@46.156C gpu@47.5C tj@48.25C soc1@46.062C VDD_IN 4472mW/4418mW VDD_CPU_GPU_CV 756mW/752mW VDD_SOC 1395mW/1357mW
08-09-2026 19:38:33 RAM 2978/7620MB (lfb 19x4MB) SWAP 2/12002MB (cached 0MB) CPU [11%@729,11%@729,2%@729,3%@729,0%@729,0%@729] GR3D_FREQ 11% cpu@48.187C soc2@47.5C soc0@46.156C gpu@47.437C tj@48.187C soc1@45.718C VDD_IN 4472mW/4418mW VDD_CPU_GPU_CV 757mW/752mW VDD_SOC 1395mW/1357mW
08-09-2026 19:38:34 RAM 2978/7620MB (lfb 19x4MB) SWAP 2/12002MB (cached 0MB) CPU [13%@729,12%@729,2%@729,0%@729,1%@729,0%@729] GR3D_FREQ 12% cpu@48.406C soc2@47.406C soc0@46.218C gpu@47.812C tj@48.406C soc1@45.937C VDD_IN 4472mW/4418mW VDD_CPU_GPU_CV 757mW/752mW VDD_SOC 1395mW/1357mW
08-09-2026 19:38:35 RAM 2978/7620MB (lfb 19x4MB) SWAP 2/12002MB (cached 0MB) CPU [10%@729,9%@729,2%@729,1%@729,0%@729,0%@729] GR3D_FREQ 11% cpu@48.625C soc2@47.406C soc0@46C gpu@47.812C tj@48.625C soc1@45.968C VDD_IN 4472mW/4419mW VDD_CPU_GPU_CV 757mW/752mW VDD_SOC 1395mW/1357mW
08-09-2026 19:38:36 RAM 2978/7620MB (lfb 19x4MB) SWAP 2/12002MB (cached 0MB) CPU [14%@729,12%@729,5%@729,0%@729,1%@729,0%@729] GR3D_FREQ 8% cpu@48.281C soc2@47.437C soc0@46.031C gpu@47.812C tj@48.281C soc1@45.875C VDD_IN 4472mW/4419mW VDD_CPU_GPU_CV 756mW/752mW VDD_SOC 1395mW/1357mW
08-09-2026 19:38:37 RAM 2978/7620MB (lfb 19x4MB) SWAP 2/12002MB (cached 0MB) CPU [14%@729,7%@729,2%@729,1%@729,1%@729,0%@729] GR3D_FREQ 8% cpu@48.343C soc2@47.468C soc0@46.156C gpu@47.843C tj@48.343C soc1@46.125C VDD_IN 4472mW/4419mW VDD_CPU_GPU_CV 757mW/752mW VDD_SOC 1395mW/1358mW
08-09-2026 19:38:38 RAM 2978/7620MB (lfb 19x4MB) SWAP 2/12002MB (cached 0MB) CPU [4%@729,23%@729,3%@729,1%@729,1%@729,0%@729] GR3D_FREQ 13% cpu@48.468C soc2@47.437C soc0@46.125C gpu@47.437C tj@48.468C soc1@45.875C VDD_IN 4313mW/4419mW VDD_CPU_GPU_CV 717mW/752mW VDD_SOC 1315mW/1357mW
08-09-2026 19:38:39 RAM 2978/7620MB (lfb 19x4MB) SWAP 2/12002MB (cached 0MB) CPU [4%@1510,16%@1510,2%@1510,1%@1510,2%@729,1%@729] GR3D_FREQ 9% cpu@48.375C soc2@47.375C soc0@46.031C gpu@47.406C tj@48.375C soc1@45.812C VDD_IN 4313mW/4418mW VDD_CPU_GPU_CV 717mW/752mW VDD_SOC 1315mW/1357mW
08-09-2026 19:38:40 RAM 2978/7620MB (lfb 19x4MB) SWAP 2/12002MB (cached 0MB) CPU [7%@729,16%@729,2%@729,1%@729,1%@729,1%@729] GR3D_FREQ 7% cpu@48.187C soc2@47.343C soc0@46.031C gpu@47.468C tj@48.187C soc1@45.906C VDD_IN 4273mW/4418mW VDD_CPU_GPU_CV 717mW/752mW VDD_SOC 1315mW/1357mW
08-09-2026 19:38:41 RAM 2978/7620MB (lfb 19x4MB) SWAP 2/12002MB (cached 0MB) CPU [3%@729,16%@729,1%@729,1%@729,0%@729,1%@729] GR3D_FREQ 7% cpu@48.093C soc2@47.437C soc0@45.906C gpu@47.906C tj@48.093C soc1@46.031C VDD_IN 4273mW/4417mW VDD_CPU_GPU_CV 717mW/752mW VDD_SOC 1315mW/1357mW
08-09-2026 19:38:42 RAM 2978/7620MB (lfb 19x4MB) SWAP 2/12002MB (cached 0MB) CPU [7%@1510,17%@1510,1%@1510,2%@1510,1%@729,0%@729] GR3D_FREQ 7% cpu@48.25C soc2@47.468C soc0@46.093C gpu@47.781C tj@48.25C soc1@45.906C VDD_IN 4313mW/4417mW VDD_CPU_GPU_CV 717mW/752mW VDD_SOC 1315mW/1357mW
08-09-2026 19:38:43 RAM 2978/7620MB (lfb 19x4MB) SWAP 2/12002MB (cached 0MB) CPU [5%@1510,15%@1510,3%@1510,1%@1510,0%@729,1%@729] GR3D_FREQ 10% cpu@48.437C soc2@47.375C soc0@46C gpu@47.562C tj@48.437C soc1@45.875C VDD_IN 4273mW/4416mW VDD_CPU_GPU_CV 717mW/752mW VDD_SOC 1315mW/1357mW
08-09-2026 19:38:44 RAM 2978/7620MB (lfb 19x4MB) SWAP 2/12002MB (cached 0MB) CPU [7%@729,17%@729,0%@729,0%@729,1%@729,1%@729] GR3D_FREQ 7% cpu@48.125C soc2@47.437C soc0@45.968C gpu@47.5C tj@48.125C soc1@45.906C VDD_IN 4273mW/4416mW VDD_CPU_GPU_CV 717mW/752mW VDD_SOC 1315mW/1356mW
08-09-2026 19:38:45 RAM 2978/7620MB (lfb 19x4MB) SWAP 2/12002MB (cached 0MB) CPU [5%@729,18%@729,2%@729,0%@729,2%@729,1%@729] GR3D_FREQ 7% cpu@48.156C soc2@47.406C soc0@46C gpu@47.625C tj@48.156C soc1@46C VDD_IN 4273mW/4415mW VDD_CPU_GPU_CV 717mW/751mW VDD_SOC 1315mW/1356mW
08-09-2026 19:38:46 RAM 2978/7620MB (lfb 19x4MB) SWAP 2/12002MB (cached 0MB) CPU [6%@1510,20%@1510,1%@1510,0%@1510,0%@729,0%@729] GR3D_FREQ 7% cpu@48.312C soc2@47.343C soc0@46.093C gpu@47.343C tj@48.312C soc1@45.781C VDD_IN 4273mW/4415mW VDD_CPU_GPU_CV 717mW/751mW VDD_SOC 1315mW/1356mW
08-09-2026 19:38:47 RAM 2978/7620MB (lfb 19x4MB) SWAP 2/12002MB (cached 0MB) CPU [4%@729,12%@729,2%@729,0%@729,1%@729,5%@729] GR3D_FREQ 9% cpu@48.093C soc2@47.281C soc0@45.968C gpu@47.343C tj@48.031C soc1@45.906C VDD_IN 4273mW/4414mW VDD_CPU_GPU_CV 717mW/751mW VDD_SOC 1315mW/1356mW
08-09-2026 19:38:48 RAM 2978/7620MB (lfb 19x4MB) SWAP 2/12002MB (cached 0MB) CPU [8%@1510,1%@1510,13%@1510,1%@1510,2%@729,8%@729] GR3D_FREQ 14% cpu@48.218C soc2@47.343C soc0@45.937C gpu@47.343C tj@48.218C soc1@45.906C VDD_IN 4465mW/4414mW VDD_CPU_GPU_CV 756mW/751mW VDD_SOC 1355mW/1356mW
08-09-2026 19:38:49 RAM 2978/7620MB (lfb 19x4MB) SWAP 2/12002MB (cached 0MB) CPU [21%@729,2%@729,2%@729,2%@729,1%@729,0%@729] GR3D_FREQ 8% cpu@48.281C soc2@47.375C soc0@46.031C gpu@47.531C tj@48.281C soc1@46.062C VDD_IN 4472mW/4414mW VDD_CPU_GPU_CV 756mW/751mW VDD_SOC 1395mW/1356mW
08-09-2026 19:38:50 RAM 2978/7620MB (lfb 19x4MB) SWAP 2/12002MB (cached 0MB) CPU [17%@729,1%@729,3%@729,2%@729,2%@729,5%@729] GR3D_FREQ 8% cpu@48.468C soc2@47.343C soc0@46.187C gpu@47.562C tj@48.5C soc1@45.906C VDD_IN 4472mW/4415mW VDD_CPU_GPU_CV 756mW/751mW VDD_SOC 1395mW/1356mW
08-09-2026 19:38:51 RAM 2978/7620MB (lfb 19x4MB) SWAP 2/12002MB (cached 0MB) CPU [4%@1510,3%@1510,2%@1510,0%@1510,0%@729,15%@729] GR3D_FREQ 8% cpu@48.312C soc2@47.343C soc0@45.875C gpu@47.593C tj@48.125C soc1@45.937C VDD_IN 4472mW/4415mW VDD_CPU_GPU_CV 756mW/751mW VDD_SOC 1395mW/1356mW
08-09-2026 19:38:52 RAM 2978/7620MB (lfb 19x4MB) SWAP 2/12002MB (cached 0MB) CPU [2%@729,1%@729,2%@729,1%@729,2%@729,19%@729] GR3D_FREQ 8% cpu@48.531C soc2@47.375C soc0@46C gpu@47.593C tj@48.25C soc1@45.968C VDD_IN 4465mW/4415mW VDD_CPU_GPU_CV 756mW/751mW VDD_SOC 1395mW/1357mW
08-09-2026 19:38:53 RAM 2978/7620MB (lfb 19x4MB) SWAP 2/12002MB (cached 0MB) CPU [2%@1510,0%@1510,7%@1510,0%@1510,2%@729,14%@729] GR3D_FREQ 7% cpu@48.218C soc2@47.468C soc0@46.062C gpu@47.343C tj@48.312C soc1@45.968C VDD_IN 4472mW/4415mW VDD_CPU_GPU_CV 756mW/751mW VDD_SOC 1395mW/1357mW
08-09-2026 19:38:54 RAM 2978/7620MB (lfb 19x4MB) SWAP 2/12002MB (cached 0MB) CPU [3%@729,1%@729,6%@729,1%@729,2%@729,15%@729] GR3D_FREQ 7% cpu@48.312C soc2@47.437C soc0@46.218C gpu@47.375C tj@48.312C soc1@45.812C VDD_IN 4512mW/4416mW VDD_CPU_GPU_CV 757mW/751mW VDD_SOC 1395mW/1357mW
08-09-2026 19:38:55 RAM 2978/7620MB (lfb 19x4MB) SWAP 2/12002MB (cached 0MB) CPU [12%@729,2%@729,8%@729,0%@729,1%@729,3%@729] GR3D_FREQ 8% cpu@48.531C soc2@47.375C soc0@45.968C gpu@47.625C tj@48.531C soc1@45.812C VDD_IN 4465mW/4416mW VDD_CPU_GPU_CV 756mW/751mW VDD_SOC 1395mW/1357mW
08-09-2026 19:38:56 RAM 2978/7620MB (lfb 19x4MB) SWAP 2/12002MB (cached 0MB) CPU [2%@1510,1%@1510,10%@1510,9%@1510,1%@729,1%@729] GR3D_FREQ 10% cpu@48.25C soc2@47.437C soc0@46.062C gpu@47.687C tj@48.25C soc1@45.937C VDD_IN 4472mW/4416mW VDD_CPU_GPU_CV 756mW/751mW VDD_SOC 1395mW/1357mW
08-09-2026 19:38:57 RAM 2978/7620MB (lfb 19x4MB) SWAP 2/12002MB (cached 0MB) CPU [3%@1510,0%@1510,1%@1510,19%@1510,1%@729,1%@729] GR3D_FREQ 6% cpu@48.343C soc2@47.5C soc0@46.062C gpu@47.687C tj@48.343C soc1@45.843C VDD_IN 4465mW/4416mW VDD_CPU_GPU_CV 756mW/751mW VDD_SOC 1395mW/1357mW
08-09-2026 19:38:58 RAM 2978/7620MB (lfb 19x4MB) SWAP 2/12002MB (cached 0MB) CPU [4%@1510,4%@1510,7%@1510,18%@1510,1%@729,1%@729] GR3D_FREQ 11% cpu@48.375C soc2@47.375C soc0@46.093C gpu@47.531C tj@48.375C soc1@45.812C VDD_IN 4472mW/4416mW VDD_CPU_GPU_CV 757mW/751mW VDD_SOC 1395mW/1357mW
08-09-2026 19:38:59 RAM 2978/7620MB (lfb 19x4MB) SWAP 2/12002MB (cached 0MB) CPU [4%@1510,2%@1510,2%@1510,17%@1510,1%@729,0%@729] GR3D_FREQ 11% cpu@48.25C soc2@47.406C soc0@46C gpu@47.468C tj@48.25C soc1@45.875C VDD_IN 4472mW/4417mW VDD_CPU_GPU_CV 757mW/751mW VDD_SOC 1395mW/1358mW
08-09-2026 19:39:00 RAM 2978/7620MB (lfb 19x4MB) SWAP 2/12002MB (cached 0MB) CPU [4%@1036,2%@1036,2%@1036,58%@1036,0%@729,1%@729] GR3D_FREQ 10% cpu@48.281C soc2@47.468C soc0@45.906C gpu@47.468C tj@48.281C soc1@45.875C VDD_IN 4538mW/4417mW VDD_CPU_GPU_CV 874mW/752mW VDD_SOC 1353mW/1358mW
08-09-2026 19:39:01 RAM 2978/7620MB (lfb 19x4MB) SWAP 2/12002MB (cached 0MB) CPU [5%@1036,2%@1036,2%@1036,62%@1036,2%@729,0%@729] GR3D_FREQ 13% cpu@48.312C soc2@47.562C soc0@46.093C gpu@47.468C tj@48.312C soc1@45.937C VDD_IN 4577mW/4418mW VDD_CPU_GPU_CV 914mW/752mW VDD_SOC 1353mW/1357mW
08-09-2026 19:39:02 RAM 2978/7620MB (lfb 19x4MB) SWAP 2/12002MB (cached 0MB) CPU [2%@1510,2%@1510,1%@1510,64%@1510,1%@729,1%@729] GR3D_FREQ 13% cpu@48.562C soc2@47.437C soc0@46.218C gpu@47.718C tj@48.562C soc1@45.875C VDD_IN 4617mW/4418mW VDD_CPU_GPU_CV 914mW/753mW VDD_SOC 1353mW/1357mW
08-09-2026 19:39:03 RAM 2978/7620MB (lfb 19x4MB) SWAP 2/12002MB (cached 0MB) CPU [3%@1036,3%@1036,1%@1036,61%@1036,0%@729,0%@729] GR3D_FREQ 11% cpu@48.468C soc2@47.437C soc0@46.093C gpu@47.812C tj@48.468C soc1@45.937C VDD_IN 4577mW/4419mW VDD_CPU_GPU_CV 914mW/753mW VDD_SOC 1353mW/1357mW
08-09-2026 19:39:04 RAM 2978/7620MB (lfb 19x4MB) SWAP 2/12002MB (cached 0MB) CPU [5%@1510,3%@1510,1%@1510,60%@1510,1%@729,0%@729] GR3D_FREQ 6% cpu@48.312C soc2@47.437C soc0@46.062C gpu@47.5C tj@48.312C soc1@46.031C VDD_IN 4577mW/4419mW VDD_CPU_GPU_CV 914mW/754mW VDD_SOC 1353mW/1357mW
08-09-2026 19:39:05 RAM 2978/7620MB (lfb 19x4MB) SWAP 2/12002MB (cached 0MB) CPU [5%@1036,3%@1036,1%@1036,64%@1036,0%@729,0%@729] GR3D_FREQ 7% cpu@48.312C soc2@47.531C soc0@46.125C gpu@47.531C tj@48.562C soc1@46.031C VDD_IN 4577mW/4420mW VDD_CPU_GPU_CV 914mW/755mW VDD_SOC 1353mW/1357mW
08-09-2026 19:39:06 RAM 2978/7620MB (lfb 19x4MB) SWAP 2/12002MB (cached 0MB) CPU [3%@1510,0%@1510,2%@1510,61%@1510,0%@729,0%@729] GR3D_FREQ 6% cpu@48.468C soc2@47.562C soc0@46.156C gpu@47.812C tj@48.468C soc1@46.031C VDD_IN 4577mW/4420mW VDD_CPU_GPU_CV 914mW/755mW VDD_SOC 1353mW/1357mW
08-09-2026 19:39:07 RAM 2978/7620MB (lfb 19x4MB) SWAP 2/12002MB (cached 0MB) CPU [3%@1036,3%@1036,2%@1036,62%@1036,1%@729,0%@729] GR3D_FREQ 13% cpu@48.656C soc2@47.468C soc0@46.093C gpu@47.906C tj@48.656C soc1@45.937C VDD_IN 4538mW/4421mW VDD_CPU_GPU_CV 914mW/756mW VDD_SOC 1353mW/1357mW
08-09-2026 19:39:08 RAM 2978/7620MB (lfb 19x4MB) SWAP 2/12002MB (cached 0MB) CPU [5%@1510,3%@1510,1%@1510,34%@1510,0%@729,1%@729] GR3D_FREQ 7% cpu@48.25C soc2@47.531C soc0@46.031C gpu@47.875C tj@48.25C soc1@45.937C VDD_IN 4425mW/4421mW VDD_CPU_GPU_CV 796mW/756mW VDD_SOC 1355mW/1357mW
08-09-2026 19:39:10 RAM 2978/7620MB (lfb 19x4MB) SWAP 2/12002MB (cached 0MB) CPU [2%@1510,2%@1510,3%@1510,27%@1510,0%@729,1%@729] GR3D_FREQ 7% cpu@48.343C soc2@47.625C soc0@46.093C gpu@47.562C tj@48.343C soc1@45.875C VDD_IN 4425mW/4421mW VDD_CPU_GPU_CV 756mW/756mW VDD_SOC 1355mW/1357mW
08-09-2026 19:39:11 RAM 2978/7620MB (lfb 19x4MB) SWAP 2/12002MB (cached 0MB) CPU [4%@729,3%@729,1%@729,11%@729,1%@729,14%@729] GR3D_FREQ 13% cpu@48.5C soc2@47.468C soc0@46.281C gpu@47.562C tj@48.5C soc1@45.968C VDD_IN 4425mW/4421mW VDD_CPU_GPU_CV 756mW/756mW VDD_SOC 1355mW/1357mW
08-09-2026 19:39:12 RAM 2978/7620MB (lfb 19x4MB) SWAP 2/12002MB (cached 0MB) CPU [4%@729,2%@729,3%@729,0%@729,1%@729,20%@729] GR3D_FREQ 13% cpu@48.156C soc2@47.375C soc0@46.062C gpu@47.562C tj@48.156C soc1@46C VDD_IN 4385mW/4421mW VDD_CPU_GPU_CV 756mW/756mW VDD_SOC 1355mW/1357mW
08-09-2026 19:39:13 RAM 2978/7620MB (lfb 19x4MB) SWAP 2/12002MB (cached 0MB) CPU [4%@729,2%@729,1%@729,0%@729,0%@729,29%@729] GR3D_FREQ 6% cpu@48.25C soc2@47.468C soc0@46.093C gpu@47.593C tj@48.25C soc1@46C VDD_IN 4385mW/4421mW VDD_CPU_GPU_CV 756mW/756mW VDD_SOC 1355mW/1357mW
08-09-2026 19:39:14 RAM 2978/7620MB (lfb 19x4MB) SWAP 2/12002MB (cached 0MB) CPU [5%@1510,1%@1510,4%@1510,0%@1510,2%@729,23%@729] GR3D_FREQ 6% cpu@48.375C soc2@47.468C soc0@46.062C gpu@47.937C tj@48.375C soc1@45.875C VDD_IN 4425mW/4421mW VDD_CPU_GPU_CV 756mW/756mW VDD_SOC 1355mW/1357mW
08-09-2026 19:39:15 RAM 2978/7620MB (lfb 19x4MB) SWAP 2/12002MB (cached 0MB) CPU [22%@729,8%@729,1%@729,1%@729,0%@729,5%@729] GR3D_FREQ 15% cpu@48.562C soc2@47.375C soc0@46.25C gpu@47.343C tj@48.562C soc1@45.812C VDD_IN 4385mW/4421mW VDD_CPU_GPU_CV 756mW/756mW VDD_SOC 1355mW/1357mW
08-09-2026 19:39:16 RAM 2978/7620MB (lfb 19x4MB) SWAP 2/12002MB (cached 0MB) CPU [32%@729,2%@729,1%@729,0%@729,1%@729,0%@729] GR3D_FREQ 8% cpu@48.375C soc2@47.343C soc0@46C gpu@47.5C tj@48.375C soc1@45.875C VDD_IN 4385mW/4420mW VDD_CPU_GPU_CV 756mW/756mW VDD_SOC 1355mW/1357mW
08-09-2026 19:39:17 RAM 2978/7620MB (lfb 19x4MB) SWAP 2/12002MB (cached 0MB) CPU [11%@729,0%@729,24%@729,1%@729,2%@729,0%@729] GR3D_FREQ 9% cpu@48.062C soc2@47.375C soc0@46.031C gpu@47.593C tj@48.25C soc1@46.031C VDD_IN 4425mW/4420mW VDD_CPU_GPU_CV 756mW/756mW VDD_SOC 1355mW/1357mW
08-09-2026 19:39:18 RAM 2978/7620MB (lfb 19x4MB) SWAP 2/12002MB (cached 0MB) CPU [5%@1510,1%@1510,21%@1510,5%@1510,3%@729,1%@729] GR3D_FREQ 6% cpu@48.187C soc2@47.531C soc0@46.125C gpu@47.531C tj@48.187C soc1@45.812C VDD_IN 4425mW/4420mW VDD_CPU_GPU_CV 756mW/756mW VDD_SOC 1355mW/1357mW
08-09-2026 19:39:19 RAM 2978/7620MB (lfb 19x4MB) SWAP 2/12002MB (cached 0MB) CPU [5%@729,2%@729,10%@729,14%@729,2%@729,0%@729] GR3D_FREQ 11% cpu@48.312C soc2@47.406C soc0@46.156C gpu@47.343C tj@48.312C soc1@45.812C VDD_IN 4465mW/4421mW VDD_CPU_GPU_CV 756mW/756mW VDD_SOC 1355mW/1357mW
08-09-2026 19:39:20 RAM 2978/7620MB (lfb 19x4MB) SWAP 2/12002MB (cached 0MB) CPU [3%@729,2%@729,2%@729,15%@729,2%@729,1%@729] GR3D_FREQ 11% cpu@48.562C soc2@47.375C soc0@45.968C gpu@47.375C tj@48.562C soc1@45.781C VDD_IN 4432mW/4421mW VDD_CPU_GPU_CV 757mW/756mW VDD_SOC 1355mW/1357mW
08-09-2026 19:39:21 RAM 2978/7620MB (lfb 19x4MB) SWAP 2/12002MB (cached 0MB) CPU [4%@729,1%@729,4%@729,16%@729,0%@729,0%@729] GR3D_FREQ 11% cpu@48.125C soc2@47.437C soc0@45.968C gpu@47.437C tj@48.125C soc1@45.843C VDD_IN 4472mW/4421mW VDD_CPU_GPU_CV 757mW/756mW VDD_SOC 1395mW/1357mW
08-09-2026 19:39:22 RAM 2978/7620MB (lfb 19x4MB) SWAP 2/12002MB (cached 0MB) CPU [4%@729,2%@729,2%@729,19%@729,1%@729,1%@729] GR3D_FREQ 9% cpu@48.187C soc2@47.468C soc0@46.093C gpu@47.375C tj@48.187C soc1@45.968C VDD_IN 4472mW/4421mW VDD_CPU_GPU_CV 756mW/756mW VDD_SOC 1355mW/1357mW
08-09-2026 19:39:23 RAM 2978/7620MB (lfb 19x4MB) SWAP 2/12002MB (cached 0MB) CPU [3%@1510,3%@1510,2%@1510,17%@1510,2%@729,0%@729] GR3D_FREQ 13% cpu@48.406C soc2@47.375C soc0@46.031C gpu@47.562C tj@48.406C soc1@45.75C VDD_IN 4432mW/4421mW VDD_CPU_GPU_CV 757mW/756mW VDD_SOC 1355mW/1357mW
08-09-2026 19:39:24 RAM 2978/7620MB (lfb 19x4MB) SWAP 2/12002MB (cached 0MB) CPU [4%@729,0%@729,4%@729,13%@729,1%@729,1%@729] GR3D_FREQ 8% cpu@48.25C soc2@47.312C soc0@46.031C gpu@47.562C tj@48.25C soc1@45.843C VDD_IN 4432mW/4421mW VDD_CPU_GPU_CV 757mW/756mW VDD_SOC 1355mW/1357mW
08-09-2026 19:39:25 RAM 2978/7620MB (lfb 19x4MB) SWAP 2/12002MB (cached 0MB) CPU [2%@729,2%@729,2%@729,15%@729,1%@729,1%@729] GR3D_FREQ 8% cpu@48.5C soc2@47.437C soc0@46.031C gpu@47.562C tj@48.156C soc1@45.843C VDD_IN 4432mW/4421mW VDD_CPU_GPU_CV 757mW/756mW VDD_SOC 1355mW/1357mW
08-09-2026 19:39:26 RAM 2978/7620MB (lfb 19x4MB) SWAP 2/12002MB (cached 0MB) CPU [6%@729,3%@729,2%@729,19%@729,0%@729,1%@729] GR3D_FREQ 13% cpu@48.187C soc2@47.437C soc0@46.062C gpu@47.343C tj@48.187C soc1@45.968C VDD_IN 4432mW/4421mW VDD_CPU_GPU_CV 756mW/756mW VDD_SOC 1355mW/1357mW
08-09-2026 19:39:27 RAM 2978/7620MB (lfb 19x4MB) SWAP 2/12002MB (cached 0MB) CPU [3%@1510,2%@1510,2%@1510,3%@1510,14%@729,0%@729] GR3D_FREQ 8% cpu@48.218C soc2@47.468C soc0@46.187C gpu@47.375C tj@48.218C soc1@45.656C VDD_IN 4392mW/4421mW VDD_CPU_GPU_CV 757mW/756mW VDD_SOC 1355mW/1357mW
08-09-2026 19:39:28 RAM 2978/7620MB (lfb 19x4MB) SWAP 2/12002MB (cached 0MB) CPU [4%@1510,2%@1510,4%@1510,10%@1510,8%@729,0%@729] GR3D_FREQ 8% cpu@48.437C soc2@47.343C soc0@46.156C gpu@47.375C tj@48.437C soc1@45.75C VDD_IN 4432mW/4421mW VDD_CPU_GPU_CV 757mW/756mW VDD_SOC 1355mW/1357mW
08-09-2026 19:39:29 RAM 2978/7620MB (lfb 19x4MB) SWAP 2/12002MB (cached 0MB) CPU [5%@729,2%@729,2%@729,21%@729,1%@729,2%@729] GR3D_FREQ 8% cpu@48.125C soc2@47.406C soc0@45.937C gpu@47.437C tj@48.125C soc1@45.812C VDD_IN 4465mW/4421mW VDD_CPU_GPU_CV 756mW/756mW VDD_SOC 1355mW/1357mW
08-09-2026 19:39:30 RAM 2978/7620MB (lfb 19x4MB) SWAP 2/12002MB (cached 0MB) CPU [2%@1510,2%@1510,1%@1510,18%@1510,1%@729,1%@729] GR3D_FREQ 9% cpu@48.125C soc2@47.312C soc0@46C gpu@47.687C tj@48.125C soc1@45.937C VDD_IN 4472mW/4421mW VDD_CPU_GPU_CV 756mW/756mW VDD_SOC 1355mW/1357mW
08-09-2026 19:39:31 RAM 2978/7620MB (lfb 19x4MB) SWAP 2/12002MB (cached 0MB) CPU [4%@729,2%@729,3%@729,16%@729,1%@729,1%@729] GR3D_FREQ 9% cpu@48.312C soc2@47.375C soc0@46.031C gpu@47.781C tj@48.312C soc1@45.875C VDD_IN 4472mW/4422mW VDD_CPU_GPU_CV 756mW/756mW VDD_SOC 1355mW/1357mW
08-09-2026 19:39:32 RAM 2978/7620MB (lfb 19x4MB) SWAP 2/12002MB (cached 0MB) CPU [3%@729,2%@729,2%@729,14%@729,4%@729,1%@729] GR3D_FREQ 8% cpu@48.593C soc2@47.343C soc0@46.156C gpu@47.687C tj@48.593C soc1@45.718C VDD_IN 4432mW/4422mW VDD_CPU_GPU_CV 756mW/756mW VDD_SOC 1355mW/1357mW
08-09-2026 19:39:33 RAM 2978/7620MB (lfb 19x4MB) SWAP 2/12002MB (cached 0MB) CPU [4%@729,1%@729,1%@729,8%@729,9%@729,0%@729] GR3D_FREQ 8% cpu@48.375C soc2@47.312C soc0@45.968C gpu@47.656C tj@48.375C soc1@45.906C VDD_IN 4425mW/4422mW VDD_CPU_GPU_CV 756mW/756mW VDD_SOC 1355mW/1357mW
08-09-2026 19:39:34 RAM 2978/7620MB (lfb 19x4MB) SWAP 2/12002MB (cached 0MB) CPU [4%@729,2%@729,5%@729,1%@729,16%@729,1%@729] GR3D_FREQ 7% cpu@48C soc2@47.343C soc0@45.968C gpu@47.343C tj@48C soc1@45.843C VDD_IN 4425mW/4422mW VDD_CPU_GPU_CV 756mW/756mW VDD_SOC 1355mW/1357mW
08-09-2026 19:39:35 RAM 2978/7620MB (lfb 19x4MB) SWAP 2/12002MB (cached 0MB) CPU [3%@729,1%@729,3%@729,3%@729,12%@729,1%@729] GR3D_FREQ 8% cpu@48.125C soc2@47.343C soc0@46.031C gpu@47.375C tj@48.125C soc1@45.906C VDD_IN 4392mW/4421mW VDD_CPU_GPU_CV 756mW/756mW VDD_SOC 1355mW/1357mW
08-09-2026 19:39:36 RAM 2978/7620MB (lfb 19x4MB) SWAP 2/12002MB (cached 0MB) CPU [3%@1510,2%@1510,2%@1510,5%@1510,12%@729,1%@729] GR3D_FREQ 8% cpu@48.218C soc2@47.5C soc0@46C gpu@47.468C tj@48.218C soc1@45.781C VDD_IN 4425mW/4422mW VDD_CPU_GPU_CV 756mW/756mW VDD_SOC 1355mW/1357mW
08-09-2026 19:39:37 RAM 2978/7620MB (lfb 19x4MB) SWAP 2/12002MB (cached 0MB) CPU [3%@729,2%@729,2%@729,8%@729,9%@729,1%@729] GR3D_FREQ 7% cpu@48.468C soc2@47.343C soc0@45.968C gpu@47.375C tj@48.468C soc1@45.75C VDD_IN 4425mW/4422mW VDD_CPU_GPU_CV 756mW/756mW VDD_SOC 1355mW/1357mW
08-09-2026 19:39:38 RAM 2978/7620MB (lfb 19x4MB) SWAP 2/12002MB (cached 0MB) CPU [3%@729,0%@729,2%@729,18%@729,0%@729,0%@729] GR3D_FREQ 4% cpu@48.156C soc2@47.343C soc0@46.031C gpu@47.781C tj@48.156C soc1@45.875C VDD_IN 4425mW/4422mW VDD_CPU_GPU_CV 756mW/756mW VDD_SOC 1355mW/1357mW
08-09-2026 19:39:39 RAM 2978/7620MB (lfb 19x4MB) SWAP 2/12002MB (cached 0MB) CPU [4%@1510,2%@1510,8%@1510,10%@1510,2%@729,0%@729] GR3D_FREQ 7% cpu@48.125C soc2@47.406C soc0@45.906C gpu@47.781C tj@48.187C soc1@45.906C VDD_IN 4313mW/4421mW VDD_CPU_GPU_CV 716mW/756mW VDD_SOC 1315mW/1357mW
08-09-2026 19:39:40 RAM 2978/7620MB (lfb 19x4MB) SWAP 2/12002MB (cached 0MB) CPU [2%@729,0%@729,13%@729,7%@729,1%@729,1%@729] GR3D_FREQ 7% cpu@48.468C soc2@47.343C soc0@46C gpu@47.843C tj@48.468C soc1@45.781C VDD_IN 4306mW/4421mW VDD_CPU_GPU_CV 717mW/756mW VDD_SOC 1315mW/1357mW
08-09-2026 19:39:41 RAM 2978/7620MB (lfb 19x4MB) SWAP 2/12002MB (cached 0MB) CPU [4%@729,3%@729,10%@729,12%@729,0%@729,1%@729] GR3D_FREQ 7% cpu@48.218C soc2@47.343C soc0@46.062C gpu@47.468C tj@48.218C soc1@45.812C VDD_IN 4313mW/4420mW VDD_CPU_GPU_CV 717mW/755mW VDD_SOC 1315mW/1357mW
08-09-2026 19:39:42 RAM 2978/7620MB (lfb 19x4MB) SWAP 2/12002MB (cached 0MB) CPU [3%@729,2%@729,18%@729,1%@729,0%@729,0%@729] GR3D_FREQ 11% cpu@48.5C soc2@47.343C soc0@45.937C gpu@47.531C tj@48.5C soc1@45.812C VDD_IN 4273mW/4420mW VDD_CPU_GPU_CV 717mW/755mW VDD_SOC 1315mW/1357mW
08-09-2026 19:39:43 RAM 2978/7620MB (lfb 19x4MB) SWAP 2/12002MB (cached 0MB) CPU [3%@729,2%@729,16%@729,0%@729,0%@729,1%@729] GR3D_FREQ 12% cpu@48.062C soc2@47.312C soc0@45.906C gpu@47.437C tj@48.062C soc1@46C VDD_IN 4273mW/4420mW VDD_CPU_GPU_CV 717mW/755mW VDD_SOC 1315mW/1357mW
08-09-2026 19:39:44 RAM 2978/7620MB (lfb 19x4MB) SWAP 2/12002MB (cached 0MB) CPU [4%@1510,1%@1510,5%@1510,15%@1510,1%@729,1%@729] GR3D_FREQ 13% cpu@48.156C soc2@47.375C soc0@45.968C gpu@47.531C tj@48.156C soc1@45.875C VDD_IN 4306mW/4419mW VDD_CPU_GPU_CV 716mW/755mW VDD_SOC 1315mW/1356mW
08-09-2026 19:39:45 RAM 2978/7620MB (lfb 19x4MB) SWAP 2/12002MB (cached 0MB) CPU [4%@729,1%@729,3%@729,16%@729,1%@729,1%@729] GR3D_FREQ 13% cpu@48.406C soc2@47.25C soc0@46.062C gpu@47.343C tj@48.406C soc1@45.781C VDD_IN 4306mW/4419mW VDD_CPU_GPU_CV 717mW/755mW VDD_SOC 1315mW/1356mW
08-09-2026 19:39:46 RAM 2978/7620MB (lfb 19x4MB) SWAP 2/12002MB (cached 0MB) CPU [3%@1510,1%@1510,2%@1510,13%@1510,1%@729,1%@729] GR3D_FREQ 7% cpu@48.218C soc2@47.343C soc0@45.906C gpu@47.343C tj@48.218C soc1@45.812C VDD_IN 4306mW/4419mW VDD_CPU_GPU_CV 716mW/755mW VDD_SOC 1315mW/1356mW
08-09-2026 19:39:47 RAM 2978/7620MB (lfb 19x4MB) SWAP 2/12002MB (cached 0MB) CPU [4%@729,2%@729,2%@729,17%@729,0%@729,0%@729] GR3D_FREQ 7% cpu@48.156C soc2@47.312C soc0@45.906C gpu@47.343C tj@48.156C soc1@45.875C VDD_IN 4306mW/4418mW VDD_CPU_GPU_CV 716mW/755mW VDD_SOC 1315mW/1356mW
08-09-2026 19:39:48 RAM 2978/7620MB (lfb 19x4MB) SWAP 2/12002MB (cached 0MB) CPU [3%@1510,1%@1510,3%@1510,20%@1510,1%@729,0%@729] GR3D_FREQ 7% cpu@48.218C soc2@47.406C soc0@46.093C gpu@47.468C tj@48.25C soc1@45.812C VDD_IN 4306mW/4418mW VDD_CPU_GPU_CV 716mW/755mW VDD_SOC 1315mW/1356mW
08-09-2026 19:39:49 RAM 2978/7620MB (lfb 19x4MB) SWAP 2/12002MB (cached 0MB) CPU [4%@729,2%@729,1%@729,16%@729,0%@729,1%@729] GR3D_FREQ 9% cpu@48.031C soc2@47.281C soc0@46.031C gpu@47.5C tj@48.031C soc1@45.656C VDD_IN 4273mW/4417mW VDD_CPU_GPU_CV 717mW/755mW VDD_SOC 1315mW/1356mW
08-09-2026 19:39:50 RAM 2978/7620MB (lfb 19x4MB) SWAP 2/12002MB (cached 0MB) CPU [4%@1510,2%@1510,2%@1510,15%@1510,1%@729,1%@729] GR3D_FREQ 7% cpu@48.375C soc2@47.281C soc0@45.843C gpu@47.343C tj@48.375C soc1@45.812C VDD_IN 4313mW/4417mW VDD_CPU_GPU_CV 717mW/754mW VDD_SOC 1315mW/1356mW
08-09-2026 19:39:51 RAM 2978/7620MB (lfb 19x4MB) SWAP 2/12002MB (cached 0MB) CPU [3%@729,2%@729,2%@729,20%@729,0%@729,0%@729] GR3D_FREQ 13% cpu@48C soc2@47.343C soc0@45.875C gpu@47.343C tj@48.062C soc1@45.875C VDD_IN 4313mW/4417mW VDD_CPU_GPU_CV 717mW/754mW VDD_SOC 1315mW/1356mW
08-09-2026 19:39:52 RAM 2978/7620MB (lfb 19x4MB) SWAP 2/12002MB (cached 0MB) CPU [3%@729,1%@729,2%@729,17%@729,0%@729,0%@729] GR3D_FREQ 12% cpu@48.125C soc2@47.281C soc0@46.093C gpu@47.281C tj@48.125C soc1@46C VDD_IN 4313mW/4416mW VDD_CPU_GPU_CV 716mW/754mW VDD_SOC 1315mW/1355mW
08-09-2026 19:39:53 RAM 2978/7620MB (lfb 19x4MB) SWAP 2/12002MB (cached 0MB) CPU [3%@729,2%@729,2%@729,16%@729,1%@729,0%@729] GR3D_FREQ 11% cpu@48.25C soc2@47.281C soc0@45.968C gpu@47.312C tj@48.25C soc1@45.656C VDD_IN 4306mW/4416mW VDD_CPU_GPU_CV 716mW/754mW VDD_SOC 1315mW/1355mW
08-09-2026 19:39:54 RAM 2978/7620MB (lfb 19x4MB) SWAP 2/12002MB (cached 0MB) CPU [3%@729,2%@729,1%@729,17%@729,1%@729,0%@729] GR3D_FREQ 7% cpu@48.031C soc2@47.343C soc0@45.968C gpu@47.531C tj@48.031C soc1@45.75C VDD_IN 4353mW/4416mW VDD_CPU_GPU_CV 717mW/754mW VDD_SOC 1315mW/1355mW
08-09-2026 19:39:55 RAM 2978/7620MB (lfb 19x4MB) SWAP 2/12002MB (cached 0MB) CPU [4%@1510,2%@1510,2%@1510,20%@1510,1%@729,0%@729] GR3D_FREQ 7% cpu@48.062C soc2@47.468C soc0@45.875C gpu@47.531C tj@48.062C soc1@45.843C VDD_IN 4313mW/4416mW VDD_CPU_GPU_CV 717mW/754mW VDD_SOC 1315mW/1355mW
08-09-2026 19:39:56 RAM 2978/7620MB (lfb 19x4MB) SWAP 2/12002MB (cached 0MB) CPU [4%@729,2%@729,5%@729,12%@729,1%@729,1%@729] GR3D_FREQ 13% cpu@48.187C soc2@47.375C soc0@46.031C gpu@47.343C tj@48.187C soc1@46C VDD_IN 4313mW/4415mW VDD_CPU_GPU_CV 717mW/754mW VDD_SOC 1315mW/1355mW
08-09-2026 19:39:57 RAM 2978/7620MB (lfb 19x4MB) SWAP 2/12002MB (cached 0MB) CPU [4%@1510,2%@1510,4%@1510,7%@1510,11%@729,0%@729] GR3D_FREQ 13% cpu@48.406C soc2@47.312C soc0@46.062C gpu@47.375C tj@48.406C soc1@45.812C VDD_IN 4353mW/4415mW VDD_CPU_GPU_CV 716mW/754mW VDD_SOC 1355mW/1355mW
08-09-2026 19:39:58 RAM 2978/7620MB (lfb 19x4MB) SWAP 2/12002MB (cached 0MB) CPU [3%@1510,5%@1510,4%@1510,0%@1510,23%@729,1%@729] GR3D_FREQ 16% cpu@48.062C soc2@47.406C soc0@45.906C gpu@47.343C tj@48.062C soc1@45.812C VDD_IN 4385mW/4415mW VDD_CPU_GPU_CV 756mW/754mW VDD_SOC 1355mW/1355mW
08-09-2026 19:39:59 RAM 2978/7620MB (lfb 19x4MB) SWAP 2/12002MB (cached 0MB) CPU [4%@1510,1%@1510,10%@1510,0%@1510,12%@729,1%@729] GR3D_FREQ 13% cpu@48.156C soc2@47.375C soc0@45.937C gpu@47.593C tj@48.156C soc1@45.937C VDD_IN 4353mW/4415mW VDD_CPU_GPU_CV 716mW/753mW VDD_SOC 1355mW/1355mW
08-09-2026 19:40:00 RAM 2978/7620MB (lfb 19x4MB) SWAP 2/12002MB (cached 0MB) CPU [2%@729,3%@729,2%@729,0%@729,16%@729,1%@729] GR3D_FREQ 7% cpu@48.25C soc2@47.468C soc0@45.968C gpu@47.625C tj@48.281C soc1@45.937C VDD_IN 4385mW/4415mW VDD_CPU_GPU_CV 756mW/753mW VDD_SOC 1355mW/1355mW
08-09-2026 19:40:01 RAM 2978/7620MB (lfb 19x4MB) SWAP 2/12002MB (cached 0MB) CPU [3%@1510,3%@1510,1%@1510,1%@1510,18%@729,0%@729] GR3D_FREQ 6% cpu@48.156C soc2@47.281C soc0@45.937C gpu@47.625C tj@48.156C soc1@45.812C VDD_IN 4425mW/4415mW VDD_CPU_GPU_CV 756mW/753mW VDD_SOC 1355mW/1355mW
08-09-2026 19:40:02 RAM 2978/7620MB (lfb 19x4MB) SWAP 2/12002MB (cached 0MB) CPU [3%@729,2%@729,22%@729,0%@729,0%@729,0%@729] GR3D_FREQ 6% cpu@48.437C soc2@47.281C soc0@45.906C gpu@47.437C tj@48.437C soc1@45.843C VDD_IN 4392mW/4415mW VDD_CPU_GPU_CV 756mW/754mW VDD_SOC 1355mW/1355mW
08-09-2026 19:40:03 RAM 2978/7620MB (lfb 19x4MB) SWAP 2/12002MB (cached 0MB) CPU [4%@729,1%@729,21%@729,0%@729,0%@729,1%@729] GR3D_FREQ 6% cpu@48.093C soc2@47.375C soc0@46.062C gpu@47.5C tj@48.25C soc1@45.968C VDD_IN 4432mW/4415mW VDD_CPU_GPU_CV 757mW/754mW VDD_SOC 1355mW/1355mW
08-09-2026 19:40:04 RAM 2978/7620MB (lfb 19x4MB) SWAP 2/12002MB (cached 0MB) CPU [4%@729,3%@729,3%@729,0%@729,15%@729,3%@729] GR3D_FREQ 7% cpu@48.187C soc2@47.437C soc0@46.031C gpu@47.406C tj@48.187C soc1@45.968C VDD_IN 4432mW/4415mW VDD_CPU_GPU_CV 717mW/753mW VDD_SOC 1355mW/1355mW
08-09-2026 19:40:05 RAM 2978/7620MB (lfb 19x4MB) SWAP 2/12002MB (cached 0MB) CPU [2%@729,2%@729,19%@729,0%@729,1%@729,0%@729] GR3D_FREQ 6% cpu@48.343C soc2@47.343C soc0@46.125C gpu@47.718C tj@48.343C soc1@45.812C VDD_IN 4392mW/4415mW VDD_CPU_GPU_CV 757mW/753mW VDD_SOC 1355mW/1355mW
08-09-2026 19:40:06 RAM 2978/7620MB (lfb 19x4MB) SWAP 2/12002MB (cached 0MB) CPU [6%@729,2%@729,3%@729,0%@729,18%@729,1%@729] GR3D_FREQ 8% cpu@48.125C soc2@47.343C soc0@45.937C gpu@47.718C tj@48.125C soc1@45.968C VDD_IN 4432mW/4415mW VDD_CPU_GPU_CV 757mW/753mW VDD_SOC 1355mW/1355mW
08-09-2026 19:40:07 RAM 2978/7620MB (lfb 19x4MB) SWAP 2/12002MB (cached 0MB) CPU [2%@1510,2%@1510,18%@1510,1%@1510,1%@729,1%@729] GR3D_FREQ 8% cpu@48.125C soc2@47.281C soc0@45.968C gpu@47.781C tj@48.125C soc1@45.937C VDD_IN 4432mW/4415mW VDD_CPU_GPU_CV 757mW/753mW VDD_SOC 1355mW/1355mW
08-09-2026 19:40:08 RAM 2978/7620MB (lfb 19x4MB) SWAP 2/12002MB (cached 0MB) CPU [3%@1510,1%@1510,4%@1510,0%@1510,20%@729,1%@729] GR3D_FREQ 8% cpu@48.218C soc2@47.437C soc0@46.031C gpu@47.5C tj@48.218C soc1@46C VDD_IN 4432mW/4415mW VDD_CPU_GPU_CV 757mW/753mW VDD_SOC 1355mW/1355mW
08-09-2026 19:40:09 RAM 2978/7620MB (lfb 19x4MB) SWAP 2/12002MB (cached 0MB) CPU [4%@729,2%@729,4%@729,0%@729,20%@729,1%@729] GR3D_FREQ 8% cpu@48.437C soc2@47.281C soc0@46.031C gpu@47.406C tj@48.437C soc1@45.812C VDD_IN 4392mW/4415mW VDD_CPU_GPU_CV 717mW/753mW VDD_SOC 1355mW/1355mW
08-09-2026 19:40:10 RAM 2978/7620MB (lfb 19x4MB) SWAP 2/12002MB (cached 0MB) CPU [3%@729,8%@729,2%@729,0%@729,12%@729,1%@729] GR3D_FREQ 8% cpu@48.312C soc2@47.343C soc0@45.875C gpu@47.468C tj@48.312C soc1@45.781C VDD_IN 4432mW/4415mW VDD_CPU_GPU_CV 756mW/753mW VDD_SOC 1355mW/1355mW
08-09-2026 19:40:11 RAM 2978/7620MB (lfb 19x4MB) SWAP 2/12002MB (cached 0MB) CPU [6%@729,1%@729,3%@729,14%@729,1%@729,1%@729] GR3D_FREQ 11% cpu@48.031C soc2@47.281C soc0@45.906C gpu@47.562C tj@48.031C soc1@45.906C VDD_IN 4425mW/4415mW VDD_CPU_GPU_CV 756mW/753mW VDD_SOC 1355mW/1355mW
08-09-2026 19:40:12 RAM 2978/7620MB (lfb 19x4MB) SWAP 2/12002MB (cached 0MB) CPU [4%@729,2%@729,1%@729,12%@729,7%@729,2%@729] GR3D_FREQ 8% cpu@48.125C soc2@47.406C soc0@45.968C gpu@47.375C tj@48.125C soc1@45.906C VDD_IN 4385mW/4415mW VDD_CPU_GPU_CV 756mW/753mW VDD_SOC 1355mW/1355mW
08-09-2026 19:40:13 RAM 2978/7620MB (lfb 19x4MB) SWAP 2/12002MB (cached 0MB) CPU [3%@729,2%@729,3%@729,20%@729,0%@729,1%@729] GR3D_FREQ 7% cpu@48.312C soc2@47.343C soc0@46.218C gpu@47.375C tj@48.312C soc1@45.812C VDD_IN 4432mW/4415mW VDD_CPU_GPU_CV 756mW/753mW VDD_SOC 1355mW/1355mW
08-09-2026 19:40:14 RAM 2978/7620MB (lfb 19x4MB) SWAP 2/12002MB (cached 0MB) CPU [3%@729,3%@729,1%@729,7%@729,10%@729,1%@729] GR3D_FREQ 11% cpu@48.531C soc2@47.343C soc0@45.968C gpu@47.406C tj@48.531C soc1@45.781C VDD_IN 4432mW/4415mW VDD_CPU_GPU_CV 757mW/753mW VDD_SOC 1355mW/1355mW
08-09-2026 19:40:15 RAM 2978/7620MB (lfb 19x4MB) SWAP 2/12002MB (cached 0MB) CPU [3%@1510,1%@1510,2%@1510,0%@1510,19%@729,1%@729] GR3D_FREQ 9% cpu@48.093C soc2@47.343C soc0@46C gpu@47.5C tj@48.093C soc1@45.906C VDD_IN 4432mW/4415mW VDD_CPU_GPU_CV 757mW/753mW VDD_SOC 1355mW/1355mW
08-09-2026 19:40:16 RAM 2978/7620MB (lfb 19x4MB) SWAP 2/12002MB (cached 0MB) CPU [4%@729,2%@729,0%@729,0%@729,21%@729,0%@729] GR3D_FREQ 11% cpu@48.25C soc2@47.468C soc0@45.968C gpu@47.5C tj@48.25C soc1@45.906C VDD_IN 4432mW/4415mW VDD_CPU_GPU_CV 757mW/753mW VDD_SOC 1355mW/1355mW
08-09-2026 19:40:17 RAM 2978/7620MB (lfb 19x4MB) SWAP 2/12002MB (cached 0MB) CPU [4%@1510,1%@1510,3%@1510,0%@1510,20%@729,1%@729] GR3D_FREQ 11% cpu@48.312C soc2@47.406C soc0@46.062C gpu@47.468C tj@48.437C soc1@45.812C VDD_IN 4432mW/4415mW VDD_CPU_GPU_CV 757mW/753mW VDD_SOC 1355mW/1355mW
08-09-2026 19:40:18 RAM 2978/7620MB (lfb 19x4MB) SWAP 2/12002MB (cached 0MB) CPU [5%@729,1%@729,2%@729,7%@729,15%@729,1%@729] GR3D_FREQ 13% cpu@48.218C soc2@47.437C soc0@45.968C gpu@47.625C tj@48.218C soc1@45.812C VDD_IN 4353mW/4415mW VDD_CPU_GPU_CV 757mW/753mW VDD_SOC 1355mW/1355mW
08-09-2026 19:40:19 RAM 2978/7620MB (lfb 19x4MB) SWAP 2/12002MB (cached 0MB) CPU [4%@1510,2%@1510,1%@1510,20%@1510,1%@729,1%@729] GR3D_FREQ 8% cpu@48.156C soc2@47.343C soc0@46C gpu@47.375C tj@48.156C soc1@45.968C VDD_IN 4273mW/4414mW VDD_CPU_GPU_CV 717mW/753mW VDD_SOC 1315mW/1355mW
08-09-2026 19:40:20 RAM 2978/7620MB (lfb 19x4MB) SWAP 2/12002MB (cached 0MB) CPU [3%@729,4%@729,1%@729,6%@729,14%@729,1%@729] GR3D_FREQ 11% cpu@48.062C soc2@47.437C soc0@45.937C gpu@47.343C tj@48.062C soc1@45.906C VDD_IN 4273mW/4414mW VDD_CPU_GPU_CV 717mW/753mW VDD_SOC 1317mW/1355mW
08-09-2026 19:40:21 RAM 2978/7620MB (lfb 19x4MB) SWAP 2/12002MB (cached 0MB) CPU [4%@729,2%@729,2%@729,0%@729,21%@729,1%@729] GR3D_FREQ 6% cpu@48.25C soc2@47.437C soc0@46.156C gpu@47.375C tj@48.25C soc1@45.75C VDD_IN 4273mW/4414mW VDD_CPU_GPU_CV 717mW/753mW VDD_SOC 1315mW/1355mW
08-09-2026 19:40:22 RAM 2978/7620MB (lfb 19x4MB) SWAP 2/12002MB (cached 0MB) CPU [4%@729,3%@729,1%@729,0%@729,21%@729,1%@729] GR3D_FREQ 6% cpu@48.343C soc2@47.343C soc0@46.187C gpu@47.5C tj@48.343C soc1@45.812C VDD_IN 4273mW/4413mW VDD_CPU_GPU_CV 717mW/753mW VDD_SOC 1317mW/1354mW
08-09-2026 19:40:23 RAM 2978/7620MB (lfb 19x4MB) SWAP 2/12002MB (cached 0MB) CPU [5%@729,2%@729,2%@729,0%@729,5%@729,17%@729] GR3D_FREQ 11% cpu@48.156C soc2@47.375C soc0@45.937C gpu@47.656C tj@48.156C soc1@45.843C VDD_IN 4273mW/4413mW VDD_CPU_GPU_CV 717mW/753mW VDD_SOC 1315mW/1354mW
08-09-2026 19:40:24 RAM 2978/7620MB (lfb 19x4MB) SWAP 2/12002MB (cached 0MB) CPU [2%@729,2%@729,2%@729,0%@729,19%@729,0%@729] GR3D_FREQ 6% cpu@48.093C soc2@47.406C soc0@45.937C gpu@47.562C tj@48.093C soc1@45.937C VDD_IN 4273mW/4412mW VDD_CPU_GPU_CV 717mW/753mW VDD_SOC 1315mW/1354mW
08-09-2026 19:40:25 RAM 2978/7620MB (lfb 19x4MB) SWAP 2/12002MB (cached 0MB) CPU [5%@729,3%@729,1%@729,0%@729,21%@729,1%@729] GR3D_FREQ 6% cpu@48.25C soc2@47.343C soc0@45.937C gpu@47.656C tj@48.25C soc1@45.718C VDD_IN 4273mW/4412mW VDD_CPU_GPU_CV 717mW/753mW VDD_SOC 1317mW/1354mW
08-09-2026 19:40:26 RAM 2978/7620MB (lfb 19x4MB) SWAP 2/12002MB (cached 0MB) CPU [4%@729,2%@729,1%@729,1%@729,18%@729,1%@729] GR3D_FREQ 6% cpu@48.562C soc2@47.343C soc0@46.125C gpu@47.437C tj@48.562C soc1@45.781C VDD_IN 4273mW/4412mW VDD_CPU_GPU_CV 717mW/753mW VDD_SOC 1315mW/1354mW
08-09-2026 19:40:27 RAM 2978/7620MB (lfb 19x4MB) SWAP 2/12002MB (cached 0MB) CPU [5%@729,2%@729,2%@729,0%@729,21%@729,1%@729] GR3D_FREQ 6% cpu@48.375C soc2@47.375C soc0@45.968C gpu@47.468C tj@48.375C soc1@45.843C VDD_IN 4273mW/4411mW VDD_CPU_GPU_CV 717mW/752mW VDD_SOC 1315mW/1354mW
08-09-2026 19:40:28 RAM 2978/7620MB (lfb 19x4MB) SWAP 2/12002MB (cached 0MB) CPU [4%@729,0%@729,2%@729,0%@729,23%@729,2%@729] GR3D_FREQ 8% cpu@48.093C soc2@47.375C soc0@45.937C gpu@47.406C tj@48.093C soc1@45.875C VDD_IN 4353mW/4411mW VDD_CPU_GPU_CV 757mW/753mW VDD_SOC 1355mW/1354mW
08-09-2026 19:40:29 RAM 2978/7620MB (lfb 19x4MB) SWAP 2/12002MB (cached 0MB) CPU [4%@1510,2%@1510,1%@1510,0%@1510,14%@729,1%@729] GR3D_FREQ 7% cpu@48.25C soc2@47.468C soc0@45.875C gpu@47.687C tj@48.25C soc1@45.968C VDD_IN 4432mW/4411mW VDD_CPU_GPU_CV 757mW/753mW VDD_SOC 1355mW/1354mW
08-09-2026 19:40:30 RAM 2978/7620MB (lfb 19x4MB) SWAP 2/12002MB (cached 0MB) CPU [4%@729,3%@729,1%@729,0%@729,16%@729,0%@729] GR3D_FREQ 7% cpu@48.312C soc2@47.343C soc0@46.187C gpu@47.718C tj@48.312C soc1@45.843C VDD_IN 4392mW/4411mW VDD_CPU_GPU_CV 757mW/753mW VDD_SOC 1355mW/1354mW
08-09-2026 19:40:31 RAM 2978/7620MB (lfb 19x4MB) SWAP 2/12002MB (cached 0MB) CPU [8%@729,3%@729,2%@729,0%@729,16%@729,1%@729] GR3D_FREQ 7% cpu@48.562C soc2@47.468C soc0@45.906C gpu@47.718C tj@48.562C soc1@45.937C VDD_IN 4392mW/4411mW VDD_CPU_GPU_CV 757mW/753mW VDD_SOC 1355mW/1354mW
08-09-2026 19:40:32 RAM 2978/7620MB (lfb 19x4MB) SWAP 2/12002MB (cached 0MB) CPU [3%@729,9%@729,2%@729,0%@729,8%@729,1%@729] GR3D_FREQ 7% cpu@48.187C soc2@47.375C soc0@46C gpu@47.531C tj@48.187C soc1@45.843C VDD_IN 4392mW/4411mW VDD_CPU_GPU_CV 757mW/753mW VDD_SOC 1355mW/1354mW
08-09-2026 19:40:33 RAM 2978/7620MB (lfb 19x4MB) SWAP 2/12002MB (cached 0MB) CPU [4%@729,20%@729,1%@729,0%@729,0%@729,1%@729] GR3D_FREQ 6% cpu@48.25C soc2@47.562C soc0@46.093C gpu@47.468C tj@48.25C soc1@46C VDD_IN 4392mW/4411mW VDD_CPU_GPU_CV 757mW/753mW VDD_SOC 1355mW/1354mW
08-09-2026 19:40:34 RAM 2978/7620MB (lfb 19x4MB) SWAP 2/12002MB (cached 0MB) CPU [16%@729,9%@729,4%@729,0%@729,2%@729,1%@729] GR3D_FREQ 7% cpu@48.406C soc2@47.375C soc0@46.156C gpu@47.562C tj@48.406C soc1@45.781C VDD_IN 4392mW/4411mW VDD_CPU_GPU_CV 757mW/753mW VDD_SOC 1355mW/1354mW
08-09-2026 19:40:35 RAM 2978/7620MB (lfb 19x4MB) SWAP 2/12002MB (cached 0MB) CPU [8%@729,12%@729,3%@729,1%@729,1%@729,2%@729] GR3D_FREQ 7% cpu@48.312C soc2@47.375C soc0@46C gpu@47.781C tj@48.312C soc1@45.781C VDD_IN 4392mW/4411mW VDD_CPU_GPU_CV 757mW/753mW VDD_SOC 1355mW/1354mW
08-09-2026 19:40:36 RAM 2978/7620MB (lfb 19x4MB) SWAP 2/12002MB (cached 0MB) CPU [8%@729,14%@729,2%@729,0%@729,2%@729,1%@729] GR3D_FREQ 7% cpu@48.25C soc2@47.5C soc0@45.968C gpu@47.843C tj@48.25C soc1@45.875C VDD_IN 4392mW/4411mW VDD_CPU_GPU_CV 757mW/753mW VDD_SOC 1355mW/1354mW
08-09-2026 19:40:37 RAM 2978/7620MB (lfb 19x4MB) SWAP 2/12002MB (cached 0MB) CPU [5%@729,14%@729,1%@729,0%@729,2%@729,1%@729] GR3D_FREQ 11% cpu@48.187C soc2@47.468C soc0@46.031C gpu@47.906C tj@48.343C soc1@45.968C VDD_IN 4392mW/4411mW VDD_CPU_GPU_CV 756mW/753mW VDD_SOC 1355mW/1354mW
08-09-2026 19:40:38 RAM 2978/7620MB (lfb 19x4MB) SWAP 2/12002MB (cached 0MB) CPU [11%@729,15%@729,4%@729,2%@729,0%@729,2%@729] GR3D_FREQ 11% cpu@48.375C soc2@47.562C soc0@46.125C gpu@47.562C tj@48.375C soc1@45.75C VDD_IN 4425mW/4411mW VDD_CPU_GPU_CV 756mW/753mW VDD_SOC 1355mW/1354mW
08-09-2026 19:40:39 RAM 2978/7620MB (lfb 19x4MB) SWAP 2/12002MB (cached 0MB) CPU [16%@1510,6%@1510,1%@1510,1%@1510,1%@729,1%@729] GR3D_FREQ 9% cpu@48.468C soc2@47.5C soc0@46.062C gpu@47.531C tj@48.468C soc1@45.812C VDD_IN 4472mW/4411mW VDD_CPU_GPU_CV 756mW/753mW VDD_SOC 1395mW/1354mW
08-09-2026 19:40:40 RAM 2978/7620MB (lfb 19x4MB) SWAP 2/12002MB (cached 0MB) CPU [16%@1510,7%@1510,1%@1510,0%@1510,0%@729,3%@729] GR3D_FREQ 11% cpu@48.343C soc2@47.437C soc0@46.031C gpu@47.5C tj@48.156C soc1@45.906C VDD_IN 4472mW/4411mW VDD_CPU_GPU_CV 756mW/753mW VDD_SOC 1395mW/1354mW
08-09-2026 19:40:41 RAM 2978/7620MB (lfb 19x4MB) SWAP 2/12002MB (cached 0MB) CPU [8%@1510,10%@1510,4%@1510,0%@1510,2%@729,1%@729] GR3D_FREQ 12% cpu@48.343C soc2@47.468C soc0@46.031C gpu@47.437C tj@48.343C soc1@46.125C VDD_IN 4505mW/4411mW VDD_CPU_GPU_CV 756mW/753mW VDD_SOC 1395mW/1354mW
08-09-2026 19:40:42 RAM 2978/7620MB (lfb 19x4MB) SWAP 2/12002MB (cached 0MB) CPU [16%@1510,6%@1510,2%@1510,1%@1510,0%@729,2%@729] GR3D_FREQ 6% cpu@48.406C soc2@47.406C soc0@46.125C gpu@47.437C tj@48.406C soc1@45.875C VDD_IN 4465mW/4412mW VDD_CPU_GPU_CV 756mW/753mW VDD_SOC 1395mW/1354mW
08-09-2026 19:40:43 RAM 2978/7620MB (lfb 19x4MB) SWAP 2/12002MB (cached 0MB) CPU [8%@729,14%@729,2%@729,0%@729,0%@729,0%@729] GR3D_FREQ 11% cpu@48.187C soc2@47.437C soc0@46.125C gpu@47.468C tj@48.187C soc1@45.843C VDD_IN 4465mW/4412mW VDD_CPU_GPU_CV 756mW/753mW VDD_SOC 1395mW/1354mW
08-09-2026 19:40:44 RAM 2978/7620MB (lfb 19x4MB) SWAP 2/12002MB (cached 0MB) CPU [17%@729,6%@729,2%@729,1%@729,0%@729,0%@729] GR3D_FREQ 8% cpu@48.25C soc2@47.5C soc0@46.093C gpu@47.656C tj@48.25C soc1@45.843C VDD_IN 4465mW/4412mW VDD_CPU_GPU_CV 756mW/753mW VDD_SOC 1395mW/1355mW
08-09-2026 19:40:45 RAM 2978/7620MB (lfb 19x4MB) SWAP 2/12002MB (cached 0MB) CPU [12%@729,10%@729,3%@729,0%@729,1%@729,1%@729] GR3D_FREQ 6% cpu@48.375C soc2@47.562C soc0@46.156C gpu@47.656C tj@48.375C soc1@46.031C VDD_IN 4472mW/4412mW VDD_CPU_GPU_CV 757mW/753mW VDD_SOC 1395mW/1355mW
08-09-2026 19:40:46 RAM 2978/7620MB (lfb 19x4MB) SWAP 2/12002MB (cached 0MB) CPU [12%@729,9%@729,3%@729,2%@729,1%@729,0%@729] GR3D_FREQ 7% cpu@48.562C soc2@47.406C soc0@46.25C gpu@47.687C tj@48.562C soc1@45.812C VDD_IN 4472mW/4412mW VDD_CPU_GPU_CV 757mW/753mW VDD_SOC 1395mW/1355mW
08-09-2026 19:40:47 RAM 2978/7620MB (lfb 19x4MB) SWAP 2/12002MB (cached 0MB) CPU [6%@729,16%@729,2%@729,0%@729,1%@729,0%@729] GR3D_FREQ 8% cpu@48.531C soc2@47.468C soc0@46.312C gpu@47.468C tj@48.531C soc1@45.968C VDD_IN 4465mW/4412mW VDD_CPU_GPU_CV 756mW/753mW VDD_SOC 1395mW/1355mW
08-09-2026 19:40:48 RAM 2978/7620MB (lfb 19x4MB) SWAP 2/12002MB (cached 0MB) CPU [13%@729,14%@729,3%@729,0%@729,2%@729,1%@729] GR3D_FREQ 8% cpu@48.625C soc2@47.468C soc0@46.125C gpu@47.5C tj@48.406C soc1@45.937C VDD_IN 4465mW/4412mW VDD_CPU_GPU_CV 756mW/753mW VDD_SOC 1395mW/1355mW
08-09-2026 19:40:49 RAM 2978/7620MB (lfb 19x4MB) SWAP 2/12002MB (cached 0MB) CPU [4%@1510,18%@1510,1%@1510,0%@1510,0%@729,3%@729] GR3D_FREQ 7% cpu@48.281C soc2@47.5C soc0@46.187C gpu@47.656C tj@48.562C soc1@46.031C VDD_IN 4465mW/4413mW VDD_CPU_GPU_CV 756mW/753mW VDD_SOC 1395mW/1355mW
08-09-2026 19:40:50 RAM 2978/7620MB (lfb 19x4MB) SWAP 2/12002MB (cached 0MB) CPU [4%@729,16%@729,1%@729,1%@729,1%@729,1%@729] GR3D_FREQ 8% cpu@48.312C soc2@47.437C soc0@46.187C gpu@47.718C tj@48.312C soc1@45.843C VDD_IN 4432mW/4413mW VDD_CPU_GPU_CV 756mW/753mW VDD_SOC 1355mW/1355mW
08-09-2026 19:40:51 RAM 2978/7620MB (lfb 19x4MB) SWAP 2/12002MB (cached 0MB) CPU [18%@729,4%@729,2%@729,2%@729,1%@729,1%@729] GR3D_FREQ 8% cpu@48.593C soc2@47.406C soc0@46.093C gpu@47.718C tj@48.593C soc1@45.906C VDD_IN 4425mW/4413mW VDD_CPU_GPU_CV 756mW/753mW VDD_SOC 1355mW/1355mW
08-09-2026 19:40:52 RAM 2978/7620MB (lfb 19x4MB) SWAP 2/12002MB (cached 0MB) CPU [21%@729,1%@729,2%@729,0%@729,0%@729,2%@729] GR3D_FREQ 7% cpu@48.312C soc2@47.468C soc0@46.156C gpu@47.812C tj@48.312C soc1@46.093C VDD_IN 4465mW/4413mW VDD_CPU_GPU_CV 756mW/753mW VDD_SOC 1395mW/1355mW
08-09-2026 19:40:53 RAM 2978/7620MB (lfb 19x4MB) SWAP 2/12002MB (cached 0MB) CPU [22%@1510,1%@1510,2%@1510,1%@1510,1%@729,1%@729] GR3D_FREQ 6% cpu@48.312C soc2@47.531C soc0@46.156C gpu@47.531C tj@48.312C soc1@46.125C VDD_IN 4465mW/4413mW VDD_CPU_GPU_CV 756mW/753mW VDD_SOC 1355mW/1355mW
08-09-2026 19:40:54 RAM 2978/7620MB (lfb 19x4MB) SWAP 2/12002MB (cached 0MB) CPU [18%@729,1%@729,5%@729,0%@729,0%@729,1%@729] GR3D_FREQ 7% cpu@48.562C soc2@47.531C soc0@46.25C gpu@47.531C tj@48.562C soc1@45.875C VDD_IN 4425mW/4413mW VDD_CPU_GPU_CV 756mW/753mW VDD_SOC 1355mW/1355mW
08-09-2026 19:40:55 RAM 2978/7620MB (lfb 19x4MB) SWAP 2/12002MB (cached 0MB) CPU [15%@1510,5%@1510,2%@1510,1%@1510,1%@729,2%@729] GR3D_FREQ 7% cpu@48.25C soc2@47.343C soc0@46.093C gpu@47.781C tj@48.25C soc1@46C VDD_IN 4465mW/4413mW VDD_CPU_GPU_CV 756mW/753mW VDD_SOC 1355mW/1355mW
08-09-2026 19:40:56 RAM 2978/7620MB (lfb 19x4MB) SWAP 2/12002MB (cached 0MB) CPU [22%@729,1%@729,2%@729,0%@729,0%@729,2%@729] GR3D_FREQ 12% cpu@48.343C soc2@47.406C soc0@46.156C gpu@47.875C tj@48.343C soc1@46C VDD_IN 4465mW/4413mW VDD_CPU_GPU_CV 756mW/753mW VDD_SOC 1395mW/1355mW
08-09-2026 19:40:57 RAM 2978/7620MB (lfb 19x4MB) SWAP 2/12002MB (cached 0MB) CPU [14%@729,5%@729,2%@729,1%@729,0%@729,1%@729] GR3D_FREQ 10% cpu@48.343C soc2@47.562C soc0@46.156C gpu@47.843C tj@48.343C soc1@46.156C VDD_IN 4465mW/4413mW VDD_CPU_GPU_CV 756mW/753mW VDD_SOC 1355mW/1355mW
08-09-2026 19:40:58 RAM 2978/7620MB (lfb 19x4MB) SWAP 2/12002MB (cached 0MB) CPU [27%@1510,1%@1510,1%@1510,2%@1510,1%@729,1%@729] GR3D_FREQ 7% cpu@48.625C soc2@47.5C soc0@46.312C gpu@47.593C tj@48.625C soc1@46C VDD_IN 4425mW/4413mW VDD_CPU_GPU_CV 756mW/753mW VDD_SOC 1355mW/1355mW
08-09-2026 19:40:59 RAM 2978/7620MB (lfb 19x4MB) SWAP 2/12002MB (cached 0MB) CPU [29%@729,1%@729,2%@729,2%@729,1%@729,1%@729] GR3D_FREQ 15% cpu@48.343C soc2@47.562C soc0@46.125C gpu@47.718C tj@48.343C soc1@45.968C VDD_IN 4385mW/4413mW VDD_CPU_GPU_CV 756mW/753mW VDD_SOC 1355mW/1355mW
08-09-2026 19:41:00 RAM 2978/7620MB (lfb 19x4MB) SWAP 2/12002MB (cached 0MB) CPU [32%@729,1%@729,2%@729,0%@729,2%@729,1%@729] GR3D_FREQ 8% cpu@48.375C soc2@47.593C soc0@46.187C gpu@47.593C tj@48.375C soc1@46.093C VDD_IN 4385mW/4413mW VDD_CPU_GPU_CV 756mW/753mW VDD_SOC 1355mW/1355mW
08-09-2026 19:41:01 RAM 2978/7620MB (lfb 19x4MB) SWAP 2/12002MB (cached 0MB) CPU [4%@1510,1%@1510,3%@1510,10%@1510,3%@729,16%@729] GR3D_FREQ 10% cpu@48.312C soc2@47.687C soc0@46.156C gpu@47.875C tj@48.312C soc1@46.156C VDD_IN 4385mW/4413mW VDD_CPU_GPU_CV 756mW/753mW VDD_SOC 1355mW/1355mW
08-09-2026 19:41:02 RAM 2978/7620MB (lfb 19x4MB) SWAP 2/12002MB (cached 0MB) CPU [3%@1510,16%@1510,2%@1510,3%@1510,2%@729,1%@729] GR3D_FREQ 6% cpu@48.437C soc2@47.5C soc0@46.312C gpu@47.875C tj@48.437C soc1@45.875C VDD_IN 4425mW/4413mW VDD_CPU_GPU_CV 756mW/753mW VDD_SOC 1355mW/1355mW
08-09-2026 19:41:03 RAM 2978/7620MB (lfb 19x4MB) SWAP 2/12002MB (cached 0MB) CPU [25%@729,7%@729,2%@729,1%@729,1%@729,0%@729] GR3D_FREQ 13% cpu@48.781C soc2@47.562C soc0@46.125C gpu@47.656C tj@48.781C soc1@46.093C VDD_IN 4425mW/4413mW VDD_CPU_GPU_CV 756mW/753mW VDD_SOC 1355mW/1355mW
08-09-2026 19:41:04 RAM 2978/7620MB (lfb 19x4MB) SWAP 2/12002MB (cached 0MB) CPU [29%@729,1%@729,1%@729,0%@729,0%@729,2%@729] GR3D_FREQ 12% cpu@48.281C soc2@47.593C soc0@46.156C gpu@47.562C tj@48.281C soc1@45.937C VDD_IN 4385mW/4413mW VDD_CPU_GPU_CV 756mW/753mW VDD_SOC 1355mW/1355mW
08-09-2026 19:41:05 RAM 2978/7620MB (lfb 19x4MB) SWAP 2/12002MB (cached 0MB) CPU [31%@729,0%@729,1%@729,1%@729,3%@729,0%@729] GR3D_FREQ 8% cpu@48.406C soc2@47.562C soc0@46.218C gpu@47.656C tj@48.406C soc1@46.031C VDD_IN 4385mW/4413mW VDD_CPU_GPU_CV 756mW/753mW VDD_SOC 1355mW/1355mW
08-09-2026 19:41:06 RAM 2978/7620MB (lfb 19x4MB) SWAP 2/12002MB (cached 0MB) CPU [8%@1510,22%@1510,2%@1510,3%@1510,0%@729,1%@729] GR3D_FREQ 7% cpu@48.562C soc2@47.562C soc0@46.312C gpu@48.031C tj@48.562C soc1@46.093C VDD_IN 4385mW/4413mW VDD_CPU_GPU_CV 756mW/753mW VDD_SOC 1355mW/1355mW
08-09-2026 19:41:07 RAM 2978/7620MB (lfb 19x4MB) SWAP 2/12002MB (cached 0MB) CPU [29%@1510,3%@1510,2%@1510,0%@1510,3%@729,0%@729] GR3D_FREQ 7% cpu@48.281C soc2@47.531C soc0@46.187C gpu@48.031C tj@48.281C soc1@45.968C VDD_IN 4425mW/4413mW VDD_CPU_GPU_CV 756mW/753mW VDD_SOC 1355mW/1355mW
08-09-2026 19:41:08 RAM 2978/7620MB (lfb 19x4MB) SWAP 2/12002MB (cached 0MB) CPU [28%@1510,1%@1510,4%@1510,2%@1510,1%@729,1%@729] GR3D_FREQ 15% cpu@48.375C soc2@47.562C soc0@46.156C gpu@48.093C tj@48.375C soc1@46.156C VDD_IN 4465mW/4413mW VDD_CPU_GPU_CV 756mW/753mW VDD_SOC 1395mW/1355mW
08-09-2026 19:41:09 RAM 2978/7620MB (lfb 19x4MB) SWAP 2/12002MB (cached 0MB) CPU [22%@1510,1%@1510,4%@1510,0%@1510,2%@729,2%@729] GR3D_FREQ 8% cpu@48.5C soc2@47.593C soc0@46.375C gpu@47.718C tj@48.5C soc1@46.031C VDD_IN 4465mW/4413mW VDD_CPU_GPU_CV 756mW/753mW VDD_SOC 1395mW/1355mW
08-09-2026 19:41:10 RAM 2978/7620MB (lfb 19x4MB) SWAP 2/12002MB (cached 0MB) CPU [21%@1510,1%@1510,2%@1510,1%@1510,2%@729,0%@729] GR3D_FREQ 8% cpu@48.718C soc2@47.531C soc0@46.343C gpu@47.625C tj@48.718C soc1@46C VDD_IN 4465mW/4413mW VDD_CPU_GPU_CV 756mW/753mW VDD_SOC 1395mW/1356mW
08-09-2026 19:41:11 RAM 2978/7620MB (lfb 19x4MB) SWAP 2/12002MB (cached 0MB) CPU [19%@729,1%@729,4%@729,0%@729,2%@729,1%@729] GR3D_FREQ 8% cpu@48.375C soc2@47.531C soc0@46.156C gpu@48.031C tj@48.375C soc1@46C VDD_IN 4465mW/4413mW VDD_CPU_GPU_CV 756mW/753mW VDD_SOC 1395mW/1356mW
08-09-2026 19:41:12 RAM 2978/7620MB (lfb 19x4MB) SWAP 2/12002MB (cached 0MB) CPU [20%@729,1%@729,2%@729,2%@729,2%@729,1%@729] GR3D_FREQ 8% cpu@48.468C soc2@47.593C soc0@46.25C gpu@47.5C tj@48.468C soc1@46.093C VDD_IN 4465mW/4414mW VDD_CPU_GPU_CV 756mW/753mW VDD_SOC 1395mW/1356mW
08-09-2026 19:41:13 RAM 2978/7620MB (lfb 19x4MB) SWAP 2/12002MB (cached 0MB) CPU [7%@729,12%@729,0%@729,1%@729,1%@729,1%@729] GR3D_FREQ 7% cpu@48.531C soc2@47.625C soc0@46.406C gpu@47.531C tj@48.531C soc1@46.031C VDD_IN 4465mW/4414mW VDD_CPU_GPU_CV 756mW/753mW VDD_SOC 1395mW/1356mW
08-09-2026 19:41:14 RAM 2978/7620MB (lfb 19x4MB) SWAP 2/12002MB (cached 0MB) CPU [7%@1510,13%@1510,3%@1510,1%@1510,1%@729,1%@729] GR3D_FREQ 7% cpu@48.531C soc2@47.593C soc0@46.343C gpu@47.562C tj@48.531C soc1@45.968C VDD_IN 4505mW/4414mW VDD_CPU_GPU_CV 756mW/753mW VDD_SOC 1395mW/1356mW
08-09-2026 19:41:15 RAM 2978/7620MB (lfb 19x4MB) SWAP 2/12002MB (cached 0MB) CPU [16%@1510,5%@1510,2%@1510,1%@1510,1%@729,0%@729] GR3D_FREQ 9% cpu@48.843C soc2@47.656C soc0@46.156C gpu@47.718C tj@48.843C soc1@46.062C VDD_IN 4505mW/4414mW VDD_CPU_GPU_CV 756mW/753mW VDD_SOC 1395mW/1356mW
08-09-2026 19:41:16 RAM 2978/7620MB (lfb 19x4MB) SWAP 2/12002MB (cached 0MB) CPU [24%@729,1%@729,2%@729,1%@729,1%@729,1%@729] GR3D_FREQ 7% cpu@48.375C soc2@47.531C soc0@46.312C gpu@47.75C tj@48.375C soc1@46.093C VDD_IN 4465mW/4414mW VDD_CPU_GPU_CV 756mW/753mW VDD_SOC 1395mW/1356mW
08-09-2026 19:41:17 RAM 2978/7620MB (lfb 19x4MB) SWAP 2/12002MB (cached 0MB) CPU [16%@1510,3%@1510,2%@1510,2%@1510,0%@729,1%@729] GR3D_FREQ 7% cpu@48.406C soc2@47.593C soc0@46.218C gpu@47.843C tj@48.406C soc1@46.031C VDD_IN 4465mW/4414mW VDD_CPU_GPU_CV 756mW/753mW VDD_SOC 1395mW/1356mW
08-09-2026 19:41:18 RAM 2978/7620MB (lfb 19x4MB) SWAP 2/12002MB (cached 0MB) CPU [19%@1510,14%@1510,2%@1510,1%@1510,1%@729,0%@729] GR3D_FREQ 11% cpu@48.625C soc2@47.468C soc0@46.437C gpu@47.562C tj@48.625C soc1@46.062C VDD_IN 4385mW/4414mW VDD_CPU_GPU_CV 756mW/753mW VDD_SOC 1355mW/1356mW
08-09-2026 19:41:19 RAM 2978/7620MB (lfb 19x4MB) SWAP 2/12002MB (cached 0MB) CPU [33%@729,1%@729,1%@729,0%@729,1%@729,1%@729] GR3D_FREQ 9% cpu@48.437C soc2@47.593C soc0@46.281C gpu@47.593C tj@48.437C soc1@46C VDD_IN 4425mW/4414mW VDD_CPU_GPU_CV 756mW/753mW VDD_SOC 1355mW/1356mW
08-09-2026 19:41:20 RAM 2978/7620MB (lfb 19x4MB) SWAP 2/12002MB (cached 0MB) CPU [19%@1510,16%@1510,3%@1510,0%@1510,1%@729,2%@729] GR3D_FREQ 9% cpu@48.5C soc2@47.625C soc0@46.281C gpu@47.843C tj@48.5C soc1@46.093C VDD_IN 4425mW/4414mW VDD_CPU_GPU_CV 756mW/753mW VDD_SOC 1355mW/1356mW
08-09-2026 19:41:21 RAM 2978/7620MB (lfb 19x4MB) SWAP 2/12002MB (cached 0MB) CPU [30%@729,3%@729,2%@729,2%@729,1%@729,2%@729] GR3D_FREQ 7% cpu@48.5C soc2@47.562C soc0@46.375C gpu@47.843C tj@48.5C soc1@45.968C VDD_IN 4385mW/4414mW VDD_CPU_GPU_CV 756mW/753mW VDD_SOC 1355mW/1356mW
08-09-2026 19:41:22 RAM 2978/7620MB (lfb 19x4MB) SWAP 2/12002MB (cached 0MB) CPU [26%@1510,6%@1510,2%@1510,1%@1510,1%@729,2%@729] GR3D_FREQ 11% cpu@48.406C soc2@47.625C soc0@46.156C gpu@47.625C tj@48.406C soc1@46.093C VDD_IN 4425mW/4414mW VDD_CPU_GPU_CV 756mW/753mW VDD_SOC 1355mW/1356mW
08-09-2026 19:41:23 RAM 2978/7620MB (lfb 19x4MB) SWAP 2/12002MB (cached 0MB) CPU [15%@729,19%@729,2%@729,3%@729,1%@729,0%@729] GR3D_FREQ 15% cpu@48.437C soc2@47.531C soc0@46.218C gpu@47.562C tj@48.437C soc1@46.031C VDD_IN 4425mW/4414mW VDD_CPU_GPU_CV 756mW/753mW VDD_SOC 1355mW/1356mW
08-09-2026 19:41:24 RAM 2978/7620MB (lfb 19x4MB) SWAP 2/12002MB (cached 0MB) CPU [32%@1510,2%@1510,0%@1510,0%@1510,2%@729,0%@729] GR3D_FREQ 8% cpu@48.5C soc2@47.718C soc0@46.312C gpu@47.656C tj@48.5C soc1@46.156C VDD_IN 4425mW/4414mW VDD_CPU_GPU_CV 756mW/753mW VDD_SOC 1355mW/1356mW
08-09-2026 19:41:25 RAM 2978/7620MB (lfb 19x4MB) SWAP 2/12002MB (cached 0MB) CPU [28%@729,8%@729,3%@729,1%@729,1%@729,1%@729] GR3D_FREQ 16% cpu@48.718C soc2@47.593C soc0@46.375C gpu@47.875C tj@48.718C soc1@46.093C VDD_IN 4425mW/4414mW VDD_CPU_GPU_CV 796mW/753mW VDD_SOC 1355mW/1356mW
08-09-2026 19:41:26 RAM 2978/7620MB (lfb 19x4MB) SWAP 2/12002MB (cached 0MB) CPU [36%@1510,2%@1510,3%@1510,0%@1510,1%@729,0%@729] GR3D_FREQ 8% cpu@48.406C soc2@47.656C soc0@46.312C gpu@47.906C tj@48.406C soc1@46.187C VDD_IN 4425mW/4414mW VDD_CPU_GPU_CV 756mW/753mW VDD_SOC 1355mW/1356mW
08-09-2026 19:41:27 RAM 2978/7620MB (lfb 19x4MB) SWAP 2/12002MB (cached 0MB) CPU [22%@729,14%@729,2%@729,0%@729,0%@729,1%@729] GR3D_FREQ 8% cpu@48.531C soc2@47.625C soc0@46.25C gpu@47.656C tj@48.531C soc1@46.187C VDD_IN 4425mW/4414mW VDD_CPU_GPU_CV 756mW/753mW VDD_SOC 1355mW/1356mW
08-09-2026 19:41:28 RAM 2978/7620MB (lfb 19x4MB) SWAP 2/12002MB (cached 0MB) CPU [18%@729,10%@729,6%@729,1%@729,2%@729,5%@729] GR3D_FREQ 6% cpu@48.562C soc2@47.718C soc0@46.343C gpu@47.75C tj@48.687C soc1@46C VDD_IN 4425mW/4414mW VDD_CPU_GPU_CV 756mW/753mW VDD_SOC 1355mW/1356mW
08-09-2026 19:41:29 RAM 2978/7620MB (lfb 19x4MB) SWAP 2/12002MB (cached 0MB) CPU [3%@729,0%@729,8%@729,1%@729,1%@729,17%@729] GR3D_FREQ 7% cpu@48.562C soc2@47.562C soc0@46.312C gpu@47.875C tj@48.437C soc1@46C VDD_IN 4425mW/4415mW VDD_CPU_GPU_CV 756mW/753mW VDD_SOC 1355mW/1356mW
08-09-2026 19:41:30 RAM 2978/7620MB (lfb 19x4MB) SWAP 2/12002MB (cached 0MB) CPU [4%@1510,1%@1510,6%@1510,2%@1510,1%@729,25%@729] GR3D_FREQ 7% cpu@48.718C soc2@47.656C soc0@46.218C gpu@48C tj@48.718C soc1@46.156C VDD_IN 4385mW/4414mW VDD_CPU_GPU_CV 756mW/753mW VDD_SOC 1355mW/1356mW
08-09-2026 19:41:31 RAM 2978/7620MB (lfb 19x4MB) SWAP 2/12002MB (cached 0MB) CPU [4%@1510,2%@1510,1%@1510,1%@1510,1%@729,27%@729] GR3D_FREQ 7% cpu@48.5C soc2@47.656C soc0@46.343C gpu@47.937C tj@48.5C soc1@46.187C VDD_IN 4425mW/4414mW VDD_CPU_GPU_CV 756mW/753mW VDD_SOC 1355mW/1356mW
08-09-2026 19:41:32 RAM 2978/7620MB (lfb 19x4MB) SWAP 2/12002MB (cached 0MB) CPU [18%@729,2%@729,1%@729,1%@729,2%@729,14%@729] GR3D_FREQ 8% cpu@48.437C soc2@47.625C soc0@46.406C gpu@47.75C tj@48.718C soc1@46.187C VDD_IN 4425mW/4414mW VDD_CPU_GPU_CV 756mW/753mW VDD_SOC 1355mW/1356mW
08-09-2026 19:41:33 RAM 2978/7620MB (lfb 19x4MB) SWAP 2/12002MB (cached 0MB) CPU [18%@729,17%@729,1%@729,1%@729,0%@729,1%@729] GR3D_FREQ 13% cpu@48.625C soc2@47.593C soc0@46.187C gpu@47.687C tj@48.625C soc1@45.968C VDD_IN 4425mW/4415mW VDD_CPU_GPU_CV 756mW/753mW VDD_SOC 1355mW/1356mW
08-09-2026 19:41:34 RAM 2978/7620MB (lfb 19x4MB) SWAP 2/12002MB (cached 0MB) CPU [2%@729,31%@729,2%@729,1%@729,0%@729,0%@729] GR3D_FREQ 7% cpu@48.406C soc2@47.75C soc0@46.281C gpu@47.843C tj@48.406C soc1@46.156C VDD_IN 4425mW/4415mW VDD_CPU_GPU_CV 796mW/753mW VDD_SOC 1355mW/1356mW
08-09-2026 19:41:35 RAM 2978/7620MB (lfb 19x4MB) SWAP 2/12002MB (cached 0MB) CPU [18%@1510,17%@1510,4%@1510,1%@1510,2%@729,1%@729] GR3D_FREQ 8% cpu@48.593C soc2@47.718C soc0@46.281C gpu@48.031C tj@48.593C soc1@46.187C VDD_IN 4465mW/4415mW VDD_CPU_GPU_CV 796mW/753mW VDD_SOC 1355mW/1356mW
08-09-2026 19:41:36 RAM 2978/7620MB (lfb 19x4MB) SWAP 2/12002MB (cached 0MB) CPU [23%@729,14%@729,2%@729,1%@729,2%@729,1%@729] GR3D_FREQ 12% cpu@48.437C soc2@47.656C soc0@46.406C gpu@48C tj@48.437C soc1@46C VDD_IN 4425mW/4415mW VDD_CPU_GPU_CV 796mW/753mW VDD_SOC 1355mW/1356mW
08-09-2026 19:41:37 RAM 2978/7620MB (lfb 19x4MB) SWAP 2/12002MB (cached 0MB) CPU [22%@729,11%@729,3%@729,0%@729,2%@729,0%@729] GR3D_FREQ 6% cpu@48.781C soc2@47.656C soc0@46.312C gpu@47.687C tj@48.781C soc1@45.968C VDD_IN 4425mW/4415mW VDD_CPU_GPU_CV 756mW/753mW VDD_SOC 1355mW/1356mW
08-09-2026 19:41:38 RAM 2978/7620MB (lfb 19x4MB) SWAP 2/12002MB (cached 0MB) CPU [29%@1510,1%@1510,0%@1510,1%@1510,1%@729,2%@729] GR3D_FREQ 18% cpu@48.375C soc2@47.781C soc0@46.25C gpu@47.781C tj@48.375C soc1@46.093C VDD_IN 4313mW/4414mW VDD_CPU_GPU_CV 717mW/753mW VDD_SOC 1315mW/1356mW
08-09-2026 19:41:39 RAM 2978/7620MB (lfb 19x4MB) SWAP 2/12002MB (cached 0MB) CPU [17%@729,1%@729,9%@729,1%@729,2%@729,0%@729] GR3D_FREQ 11% cpu@48.5C soc2@47.781C soc0@46.218C gpu@47.781C tj@48.5C soc1@46.156C VDD_IN 4273mW/4414mW VDD_CPU_GPU_CV 717mW/753mW VDD_SOC 1315mW/1356mW
08-09-2026 19:41:40 RAM 2978/7620MB (lfb 19x4MB) SWAP 2/12002MB (cached 0MB) CPU [9%@729,1%@729,14%@729,1%@729,3%@729,1%@729] GR3D_FREQ 12% cpu@48.718C soc2@47.75C soc0@46.343C gpu@47.781C tj@48.718C soc1@46.312C VDD_IN 4313mW/4414mW VDD_CPU_GPU_CV 717mW/753mW VDD_SOC 1315mW/1356mW
08-09-2026 19:41:41 RAM 2978/7620MB (lfb 19x4MB) SWAP 2/12002MB (cached 0MB) CPU [19%@1510,8%@1510,1%@1510,0%@1510,1%@729,1%@729] GR3D_FREQ 6% cpu@48.406C soc2@47.562C soc0@46.312C gpu@48.093C tj@48.406C soc1@46.093C VDD_IN 4313mW/4414mW VDD_CPU_GPU_CV 717mW/753mW VDD_SOC 1315mW/1356mW
08-09-2026 19:41:42 RAM 2978/7620MB (lfb 19x4MB) SWAP 2/12002MB (cached 0MB) CPU [3%@729,14%@729,2%@729,1%@729,1%@729,6%@729] GR3D_FREQ 8% cpu@48.375C soc2@47.593C soc0@46.187C gpu@47.562C tj@48.375C soc1@46.093C VDD_IN 4313mW/4413mW VDD_CPU_GPU_CV 717mW/753mW VDD_SOC 1315mW/1356mW
08-09-2026 19:41:43 RAM 2978/7620MB (lfb 19x4MB) SWAP 2/12002MB (cached 0MB) CPU [8%@729,1%@729,2%@729,2%@729,2%@729,16%@729] GR3D_FREQ 8% cpu@48.5C soc2@47.656C soc0@46.281C gpu@47.812C tj@48.5C soc1@46.187C VDD_IN 4313mW/4413mW VDD_CPU_GPU_CV 717mW/753mW VDD_SOC 1315mW/1356mW
08-09-2026 19:41:44 RAM 2978/7620MB (lfb 19x4MB) SWAP 2/12002MB (cached 0MB) CPU [19%@729,7%@729,2%@729,1%@729,3%@729,0%@729] GR3D_FREQ 13% cpu@48.375C soc2@47.531C soc0@46.312C gpu@47.843C tj@48.843C soc1@46.031C VDD_IN 4353mW/4413mW VDD_CPU_GPU_CV 717mW/753mW VDD_SOC 1315mW/1355mW
08-09-2026 19:41:45 RAM 2978/7620MB (lfb 19x4MB) SWAP 2/12002MB (cached 0MB) CPU [6%@1510,14%@1510,1%@1510,0%@1510,4%@729,1%@729] GR3D_FREQ 8% cpu@48.593C soc2@47.687C soc0@46.125C gpu@47.781C tj@48.593C soc1@46.031C VDD_IN 4353mW/4413mW VDD_CPU_GPU_CV 717mW/753mW VDD_SOC 1315mW/1355mW
08-09-2026 19:41:46 RAM 2978/7620MB (lfb 19x4MB) SWAP 2/12002MB (cached 0MB) CPU [11%@729,2%@729,2%@729,1%@729,9%@729,5%@729] GR3D_FREQ 8% cpu@48.343C soc2@47.656C soc0@46.281C gpu@47.593C tj@48.343C soc1@46.156C VDD_IN 4313mW/4413mW VDD_CPU_GPU_CV 717mW/753mW VDD_SOC 1315mW/1355mW
08-09-2026 19:41:48 RAM 2978/7620MB (lfb 19x4MB) SWAP 2/12002MB (cached 0MB) CPU [7%@1510,17%@1510,2%@1510,5%@1510,1%@729,1%@729] GR3D_FREQ 10% cpu@48.406C soc2@47.718C soc0@46.375C gpu@47.593C tj@48.406C soc1@46.187C VDD_IN 4353mW/4413mW VDD_CPU_GPU_CV 717mW/753mW VDD_SOC 1355mW/1355mW
08-09-2026 19:41:49 RAM 2978/7620MB (lfb 19x4MB) SWAP 2/12002MB (cached 0MB) CPU [3%@1510,0%@1510,2%@1510,16%@1510,1%@729,12%@729] GR3D_FREQ 13% cpu@48.593C soc2@47.531C soc0@46.406C gpu@47.75C tj@48.593C soc1@46.062C VDD_IN 4425mW/4413mW VDD_CPU_GPU_CV 756mW/753mW VDD_SOC 1355mW/1355mW
08-09-2026 19:41:50 RAM 2978/7620MB (lfb 19x4MB) SWAP 2/12002MB (cached 0MB) CPU [4%@729,1%@729,2%@729,1%@729,2%@729,20%@729] GR3D_FREQ 12% cpu@48.718C soc2@47.687C soc0@46.281C gpu@47.781C tj@48.718C soc1@46.093C VDD_IN 4425mW/4413mW VDD_CPU_GPU_CV 756mW/753mW VDD_SOC 1355mW/1355mW
08-09-2026 19:41:51 RAM 2978/7620MB (lfb 19x4MB) SWAP 2/12002MB (cached 0MB) CPU [3%@1510,1%@1510,7%@1510,1%@1510,0%@729,20%@729] GR3D_FREQ 7% cpu@48.531C soc2@47.656C soc0@46.25C gpu@47.593C tj@48.531C soc1@46.187C VDD_IN 4425mW/4413mW VDD_CPU_GPU_CV 756mW/753mW VDD_SOC 1355mW/1355mW
08-09-2026 19:41:52 RAM 2978/7620MB (lfb 19x4MB) SWAP 2/12002MB (cached 0MB) CPU [2%@729,1%@729,13%@729,2%@729,1%@729,16%@729] GR3D_FREQ 12% cpu@48.437C soc2@47.593C soc0@46.312C gpu@47.562C tj@48.468C soc1@46.062C VDD_IN 4425mW/4413mW VDD_CPU_GPU_CV 756mW/753mW VDD_SOC 1355mW/1355mW
08-09-2026 19:41:53 RAM 2978/7620MB (lfb 19x4MB) SWAP 2/12002MB (cached 0MB) CPU [11%@729,2%@729,1%@729,2%@729,1%@729,16%@729] GR3D_FREQ 7% cpu@48.562C soc2@47.656C soc0@46.187C gpu@47.75C tj@48.562C soc1@46.031C VDD_IN 4425mW/4413mW VDD_CPU_GPU_CV 756mW/753mW VDD_SOC 1355mW/1355mW
08-09-2026 19:41:54 RAM 2978/7620MB (lfb 19x4MB) SWAP 2/12002MB (cached 0MB) CPU [3%@729,3%@729,1%@729,1%@729,0%@729,24%@729] GR3D_FREQ 6% cpu@48.531C soc2@47.656C soc0@46.281C gpu@47.593C tj@48.531C soc1@46.281C VDD_IN 4425mW/4413mW VDD_CPU_GPU_CV 756mW/753mW VDD_SOC 1355mW/1355mW
08-09-2026 19:41:55 RAM 2978/7620MB (lfb 19x4MB) SWAP 2/12002MB (cached 0MB) CPU [3%@1510,2%@1510,2%@1510,1%@1510,1%@729,29%@729] GR3D_FREQ 13% cpu@48.75C soc2@47.531C soc0@46.187C gpu@47.718C tj@48.75C soc1@46.031C VDD_IN 4425mW/4413mW VDD_CPU_GPU_CV 756mW/753mW VDD_SOC 1355mW/1355mW
08-09-2026 19:41:56 RAM 2978/7620MB (lfb 19x4MB) SWAP 2/12002MB (cached 0MB) CPU [8%@729,2%@729,2%@729,2%@729,14%@729,6%@729] GR3D_FREQ 7% cpu@48.312C soc2@47.531C soc0@46.218C gpu@47.562C tj@48.312C soc1@46.156C VDD_IN 4425mW/4413mW VDD_CPU_GPU_CV 756mW/753mW VDD_SOC 1355mW/1355mW
08-09-2026 19:41:57 RAM 2978/7620MB (lfb 19x4MB) SWAP 2/12002MB (cached 0MB) CPU [3%@729,2%@729,1%@729,2%@729,25%@729,1%@729] GR3D_FREQ 6% cpu@48.625C soc2@47.593C soc0@46.312C gpu@47.75C tj@48.625C soc1@45.968C VDD_IN 4425mW/4413mW VDD_CPU_GPU_CV 756mW/753mW VDD_SOC 1355mW/1355mW
08-09-2026 19:41:58 RAM 2978/7620MB (lfb 19x4MB) SWAP 2/12002MB (cached 0MB) CPU [3%@729,1%@729,0%@729,0%@729,30%@729,2%@729] GR3D_FREQ 12% cpu@48.437C soc2@47.562C soc0@46.281C gpu@47.531C tj@48.437C soc1@46.031C VDD_IN 4425mW/4413mW VDD_CPU_GPU_CV 756mW/753mW VDD_SOC 1355mW/1355mW
08-09-2026 19:41:59 RAM 2978/7620MB (lfb 19x4MB) SWAP 2/12002MB (cached 0MB) CPU [2%@1510,1%@1510,6%@1510,1%@1510,21%@729,4%@729] GR3D_FREQ 17% cpu@48.5C soc2@47.656C soc0@46.25C gpu@47.718C tj@48.5C soc1@45.968C VDD_IN 4425mW/4413mW VDD_CPU_GPU_CV 756mW/753mW VDD_SOC 1355mW/1355mW
08-09-2026 19:42:00 RAM 2978/7620MB (lfb 19x4MB) SWAP 2/12002MB (cached 0MB) CPU [7%@729,1%@729,2%@729,1%@729,17%@729,0%@729] GR3D_FREQ 11% cpu@48.562C soc2@47.531C soc0@46.25C gpu@47.562C tj@48.562C soc1@46.093C VDD_IN 4353mW/4413mW VDD_CPU_GPU_CV 716mW/753mW VDD_SOC 1355mW/1355mW
08-09-2026 19:42:01 RAM 2978/7620MB (lfb 19x4MB) SWAP 2/12002MB (cached 0MB) CPU [3%@1510,2%@1510,1%@1510,2%@1510,18%@729,0%@729] GR3D_FREQ 8% cpu@48.468C soc2@47.625C soc0@46.312C gpu@47.812C tj@48.468C soc1@46.062C VDD_IN 4353mW/4413mW VDD_CPU_GPU_CV 716mW/752mW VDD_SOC 1355mW/1355mW
08-09-2026 19:42:02 RAM 2978/7620MB (lfb 19x4MB) SWAP 2/12002MB (cached 0MB) CPU [5%@1510,1%@1510,3%@1510,0%@1510,16%@729,0%@729] GR3D_FREQ 7% cpu@48.593C soc2@47.5C soc0@46.156C gpu@47.5C tj@48.593C soc1@46C VDD_IN 4392mW/4413mW VDD_CPU_GPU_CV 716mW/752mW VDD_SOC 1355mW/1355mW
08-09-2026 19:42:03 RAM 2978/7620MB (lfb 19x4MB) SWAP 2/12002MB (cached 0MB) CPU [3%@729,1%@729,5%@729,1%@729,16%@729,0%@729] GR3D_FREQ 7% cpu@48.25C soc2@47.531C soc0@46.218C gpu@47.781C tj@48.25C soc1@46.062C VDD_IN 4346mW/4412mW VDD_CPU_GPU_CV 716mW/752mW VDD_SOC 1355mW/1355mW
08-09-2026 19:42:04 RAM 2978/7620MB (lfb 19x4MB) SWAP 2/12002MB (cached 0MB) CPU [2%@729,1%@729,11%@729,0%@729,7%@729,0%@729] GR3D_FREQ 7% cpu@48.656C soc2@47.562C soc0@46.312C gpu@47.531C tj@48.656C soc1@45.937C VDD_IN 4313mW/4412mW VDD_CPU_GPU_CV 717mW/752mW VDD_SOC 1315mW/1355mW
08-09-2026 19:42:05 RAM 2978/7620MB (lfb 19x4MB) SWAP 2/12002MB (cached 0MB) CPU [4%@1510,1%@1510,4%@1510,0%@1510,17%@729,0%@729] GR3D_FREQ 13% cpu@48.312C soc2@47.562C soc0@46.125C gpu@47.75C tj@48.312C soc1@46C VDD_IN 4353mW/4412mW VDD_CPU_GPU_CV 717mW/752mW VDD_SOC 1355mW/1355mW
08-09-2026 19:42:06 RAM 2978/7620MB (lfb 19x4MB) SWAP 2/12002MB (cached 0MB) CPU [3%@729,2%@729,6%@729,0%@729,14%@729,0%@729] GR3D_FREQ 13% cpu@48.343C soc2@47.531C soc0@46.156C gpu@47.531C tj@48.343C soc1@45.843C VDD_IN 4313mW/4412mW VDD_CPU_GPU_CV 717mW/752mW VDD_SOC 1315mW/1355mW
08-09-2026 19:42:07 RAM 2978/7620MB (lfb 19x4MB) SWAP 2/12002MB (cached 0MB) CPU [3%@1510,1%@1510,14%@1510,0%@1510,5%@729,1%@729] GR3D_FREQ 7% cpu@48.593C soc2@47.5C soc0@46.125C gpu@47.687C tj@48.593C soc1@45.937C VDD_IN 4313mW/4412mW VDD_CPU_GPU_CV 717mW/752mW VDD_SOC 1315mW/1355mW
08-09-2026 19:42:08 RAM 2978/7620MB (lfb 19x4MB) SWAP 2/12002MB (cached 0MB) CPU [4%@729,1%@729,22%@729,1%@729,1%@729,2%@729] GR3D_FREQ 0% cpu@48.375C soc2@47.562C soc0@46.125C gpu@47.531C tj@48.375C soc1@46.093C VDD_IN 4273mW/4411mW VDD_CPU_GPU_CV 717mW/752mW VDD_SOC 1315mW/1355mW
08-09-2026 19:42:09 RAM 2978/7620MB (lfb 19x4MB) SWAP 2/12002MB (cached 0MB) CPU [2%@729,2%@729,13%@729,0%@729,7%@729,0%@729] GR3D_FREQ 11% cpu@48.562C soc2@47.5C soc0@46.125C gpu@47.781C tj@48.562C soc1@46.062C VDD_IN 4425mW/4411mW VDD_CPU_GPU_CV 756mW/752mW VDD_SOC 1355mW/1355mW
08-09-2026 19:42:10 RAM 2978/7620MB (lfb 19x4MB) SWAP 2/12002MB (cached 0MB) CPU [2%@1510,1%@1510,5%@1510,0%@1510,14%@729,0%@729] GR3D_FREQ 7% cpu@48.375C soc2@47.562C soc0@46.125C gpu@47.468C tj@48.375C soc1@46.062C VDD_IN 4432mW/4411mW VDD_CPU_GPU_CV 756mW/752mW VDD_SOC 1355mW/1355mW
08-09-2026 19:42:11 RAM 2978/7620MB (lfb 19x4MB) SWAP 2/12002MB (cached 0MB) CPU [4%@1510,1%@1510,4%@1510,1%@1510,15%@729,0%@729] GR3D_FREQ 11% cpu@48.687C soc2@47.437C soc0@46.375C gpu@47.656C tj@48.687C soc1@45.906C VDD_IN 4432mW/4411mW VDD_CPU_GPU_CV 757mW/752mW VDD_SOC 1355mW/1355mW
08-09-2026 19:42:12 RAM 2978/7620MB (lfb 19x4MB) SWAP 2/12002MB (cached 0MB) CPU [4%@729,1%@729,2%@729,0%@729,13%@729,1%@729] GR3D_FREQ 11% cpu@48.281C soc2@47.562C soc0@46.125C gpu@47.5C tj@48.281C soc1@46C VDD_IN 4432mW/4411mW VDD_CPU_GPU_CV 756mW/752mW VDD_SOC 1355mW/1355mW
08-09-2026 19:42:13 RAM 2978/7620MB (lfb 19x4MB) SWAP 2/12002MB (cached 0MB) CPU [6%@1510,2%@1510,4%@1510,1%@1510,14%@729,7%@729] GR3D_FREQ 11% cpu@48.375C soc2@47.531C soc0@46.218C gpu@47.812C tj@48.375C soc1@45.906C VDD_IN 4392mW/4411mW VDD_CPU_GPU_CV 756mW/752mW VDD_SOC 1355mW/1355mW
08-09-2026 19:42:14 RAM 2978/7620MB (lfb 19x4MB) SWAP 2/12002MB (cached 0MB) CPU [3%@1510,3%@1510,1%@1510,2%@1510,15%@729,0%@729] GR3D_FREQ 12% cpu@48.593C soc2@47.468C soc0@46.218C gpu@47.468C tj@48.593C soc1@46.062C VDD_IN 4432mW/4411mW VDD_CPU_GPU_CV 757mW/752mW VDD_SOC 1355mW/1355mW
08-09-2026 19:42:15 RAM 2978/7620MB (lfb 19x4MB) SWAP 2/12002MB (cached 0MB) CPU [3%@1510,1%@1510,2%@1510,0%@1510,8%@729,6%@729] GR3D_FREQ 8% cpu@48.343C soc2@47.625C soc0@46.218C gpu@47.656C tj@48.343C soc1@46.218C VDD_IN 4392mW/4411mW VDD_CPU_GPU_CV 757mW/752mW VDD_SOC 1355mW/1355mW
08-09-2026 19:42:16 RAM 2978/7620MB (lfb 19x4MB) SWAP 2/12002MB (cached 0MB) CPU [3%@1510,1%@1510,2%@1510,1%@1510,1%@729,17%@729] GR3D_FREQ 7% cpu@48.562C soc2@47.5C soc0@46.156C gpu@47.562C tj@48.562C soc1@45.937C VDD_IN 4425mW/4411mW VDD_CPU_GPU_CV 756mW/752mW VDD_SOC 1355mW/1355mW
08-09-2026 19:42:17 RAM 2978/7620MB (lfb 19x4MB) SWAP 2/12002MB (cached 0MB) CPU [4%@729,1%@729,3%@729,0%@729,1%@729,17%@729] GR3D_FREQ 7% cpu@48.25C soc2@47.5C soc0@46.125C gpu@47.812C tj@48.25C soc1@46.093C VDD_IN 4392mW/4411mW VDD_CPU_GPU_CV 757mW/752mW VDD_SOC 1355mW/1355mW
08-09-2026 19:42:18 RAM 2978/7620MB (lfb 19x4MB) SWAP 2/12002MB (cached 0MB) CPU [4%@1510,1%@1510,4%@1510,0%@1510,16%@729,3%@729] GR3D_FREQ 6% cpu@48.593C soc2@47.468C soc0@46.312C gpu@47.468C tj@48.593C soc1@45.968C VDD_IN 4425mW/4411mW VDD_CPU_GPU_CV 756mW/752mW VDD_SOC 1355mW/1355mW
08-09-2026 19:42:19 RAM 2978/7620MB (lfb 19x4MB) SWAP 2/12002MB (cached 0MB) CPU [5%@1510,1%@1510,2%@1510,1%@1510,0%@729,14%@729] GR3D_FREQ 7% cpu@48.281C soc2@47.562C soc0@46.218C gpu@47.781C tj@48.281C soc1@46.031C VDD_IN 4392mW/4411mW VDD_CPU_GPU_CV 756mW/752mW VDD_SOC 1355mW/1355mW
08-09-2026 19:42:20 RAM 2978/7620MB (lfb 19x4MB) SWAP 2/12002MB (cached 0MB) CPU [3%@729,1%@729,1%@729,0%@729,1%@729,16%@729] GR3D_FREQ 9% cpu@48.375C soc2@47.406C soc0@46.218C gpu@47.406C tj@48.25C soc1@45.937C VDD_IN 4392mW/4411mW VDD_CPU_GPU_CV 756mW/752mW VDD_SOC 1355mW/1355mW
08-09-2026 19:42:21 RAM 2978/7620MB (lfb 19x4MB) SWAP 2/12002MB (cached 0MB) CPU [4%@729,1%@729,2%@729,1%@729,1%@729,12%@729] GR3D_FREQ 12% cpu@48.343C soc2@47.437C soc0@46.062C gpu@47.5C tj@48.343C soc1@46.093C VDD_IN 4432mW/4411mW VDD_CPU_GPU_CV 756mW/752mW VDD_SOC 1355mW/1355mW
08-09-2026 19:42:22 RAM 2978/7620MB (lfb 19x4MB) SWAP 2/12002MB (cached 0MB) CPU [6%@1510,2%@1510,2%@1510,0%@1510,1%@729,17%@729] GR3D_FREQ 10% cpu@48.5C soc2@47.656C soc0@46.25C gpu@47.781C tj@48.5C soc1@45.937C VDD_IN 4392mW/4411mW VDD_CPU_GPU_CV 717mW/752mW VDD_SOC 1355mW/1355mW
08-09-2026 19:42:23 RAM 2978/7620MB (lfb 19x4MB) SWAP 2/12002MB (cached 0MB) CPU [3%@729,4%@729,1%@729,0%@729,0%@729,19%@729] GR3D_FREQ 9% cpu@48.343C soc2@47.562C soc0@46.218C gpu@47.437C tj@48.343C soc1@45.968C VDD_IN 4353mW/4411mW VDD_CPU_GPU_CV 757mW/752mW VDD_SOC 1355mW/1355mW
08-09-2026 19:42:24 RAM 2978/7620MB (lfb 19x4MB) SWAP 2/12002MB (cached 0MB) CPU [3%@729,1%@729,2%@729,0%@729,1%@729,14%@729] GR3D_FREQ 7% cpu@48.437C soc2@47.562C soc0@46.25C gpu@47.687C tj@48.437C soc1@45.906C VDD_IN 4392mW/4411mW VDD_CPU_GPU_CV 757mW/752mW VDD_SOC 1355mW/1355mW
08-09-2026 19:42:25 RAM 2978/7620MB (lfb 19x4MB) SWAP 2/12002MB (cached 0MB) CPU [4%@1510,0%@1510,2%@1510,1%@1510,1%@729,13%@729] GR3D_FREQ 7% cpu@48.75C soc2@47.593C soc0@46.156C gpu@47.5C tj@48.75C soc1@46.062C VDD_IN 4392mW/4411mW VDD_CPU_GPU_CV 757mW/752mW VDD_SOC 1355mW/1355mW
08-09-2026 19:42:26 RAM 2978/7620MB (lfb 19x4MB) SWAP 2/12002MB (cached 0MB) CPU [3%@729,2%@729,3%@729,1%@729,1%@729,17%@729] GR3D_FREQ 11% cpu@48.312C soc2@47.625C soc0@46.156C gpu@47.687C tj@48.468C soc1@46.125C VDD_IN 4353mW/4411mW VDD_CPU_GPU_CV 716mW/752mW VDD_SOC 1355mW/1355mW
08-09-2026 19:42:27 RAM 2978/7620MB (lfb 19x4MB) SWAP 2/12002MB (cached 0MB) CPU [3%@729,1%@729,0%@729,0%@729,1%@729,19%@729] GR3D_FREQ 11% cpu@48.281C soc2@47.5C soc0@46.312C gpu@47.562C tj@48.281C soc1@46.031C VDD_IN 4353mW/4411mW VDD_CPU_GPU_CV 717mW/752mW VDD_SOC 1355mW/1355mW
08-09-2026 19:42:28 RAM 2978/7620MB (lfb 19x4MB) SWAP 2/12002MB (cached 0MB) CPU [5%@1510,2%@1510,1%@1510,0%@1510,1%@729,22%@729] GR3D_FREQ 17% cpu@48.281C soc2@47.625C soc0@46.25C gpu@47.5C tj@48.281C soc1@46.25C VDD_IN 4385mW/4411mW VDD_CPU_GPU_CV 756mW/752mW VDD_SOC 1355mW/1355mW
08-09-2026 19:42:29 RAM 2978/7620MB (lfb 19x4MB) SWAP 2/12002MB (cached 0MB) CPU [3%@1510,1%@1510,4%@1510,0%@1510,12%@729,4%@729] GR3D_FREQ 8% cpu@48.406C soc2@47.531C soc0@46.156C gpu@47.718C tj@48.406C soc1@46.062C VDD_IN 4472mW/4411mW VDD_CPU_GPU_CV 756mW/752mW VDD_SOC 1395mW/1355mW
08-09-2026 19:42:30 RAM 2978/7620MB (lfb 19x4MB) SWAP 2/12002MB (cached 0MB) CPU [3%@729,1%@729,6%@729,0%@729,20%@729,1%@729] GR3D_FREQ 8% cpu@48.375C soc2@47.562C soc0@46.187C gpu@47.5C tj@48.375C soc1@46.218C VDD_IN 4472mW/4411mW VDD_CPU_GPU_CV 757mW/752mW VDD_SOC 1395mW/1355mW
08-09-2026 19:42:31 RAM 2978/7620MB (lfb 19x4MB) SWAP 2/12002MB (cached 0MB) CPU [4%@1510,2%@1510,2%@1510,0%@1510,18%@729,0%@729] GR3D_FREQ 7% cpu@48.406C soc2@47.5C soc0@46.156C gpu@47.625C tj@48.343C soc1@46.062C VDD_IN 4472mW/4411mW VDD_CPU_GPU_CV 757mW/752mW VDD_SOC 1395mW/1355mW
08-09-2026 19:42:32 RAM 2978/7620MB (lfb 19x4MB) SWAP 2/12002MB (cached 0MB) CPU [4%@729,2%@729,1%@729,0%@729,15%@729,1%@729] GR3D_FREQ 7% cpu@48.406C soc2@47.625C soc0@46.156C gpu@47.781C tj@48.406C soc1@46.187C VDD_IN 4472mW/4411mW VDD_CPU_GPU_CV 757mW/752mW VDD_SOC 1395mW/1355mW
08-09-2026 19:42:33 RAM 2978/7620MB (lfb 19x4MB) SWAP 2/12002MB (cached 0MB) CPU [3%@729,1%@729,2%@729,0%@729,11%@729,4%@729] GR3D_FREQ 11% cpu@48.437C soc2@47.468C soc0@46.156C gpu@47.5C tj@48.437C soc1@46C VDD_IN 4472mW/4411mW VDD_CPU_GPU_CV 756mW/752mW VDD_SOC 1395mW/1355mW
08-09-2026 19:42:34 RAM 2978/7620MB (lfb 19x4MB) SWAP 2/12002MB (cached 0MB) CPU [7%@729,1%@729,2%@729,1%@729,12%@729,7%@729] GR3D_FREQ 6% cpu@48.375C soc2@47.562C soc0@46.187C gpu@47.625C tj@48.375C soc1@46.093C VDD_IN 4472mW/4412mW VDD_CPU_GPU_CV 756mW/752mW VDD_SOC 1395mW/1355mW
08-09-2026 19:42:35 RAM 2978/7620MB (lfb 19x4MB) SWAP 2/12002MB (cached 0MB) CPU [4%@1510,1%@1510,2%@1510,0%@1510,10%@729,9%@729] GR3D_FREQ 11% cpu@48.468C soc2@47.5C soc0@46.281C gpu@47.531C tj@48.468C soc1@45.968C VDD_IN 4465mW/4412mW VDD_CPU_GPU_CV 756mW/752mW VDD_SOC 1395mW/1355mW
08-09-2026 19:42:36 RAM 2978/7620MB (lfb 19x4MB) SWAP 2/12002MB (cached 0MB) CPU [5%@729,2%@729,5%@729,0%@729,2%@729,12%@729] GR3D_FREQ 8% cpu@48.343C soc2@47.593C soc0@46.156C gpu@47.718C tj@48.5C soc1@46.062C VDD_IN 4465mW/4412mW VDD_CPU_GPU_CV 756mW/752mW VDD_SOC 1395mW/1356mW
08-09-2026 19:42:37 RAM 2978/7620MB (lfb 19x4MB) SWAP 2/12002MB (cached 0MB) CPU [3%@1510,4%@1510,3%@1510,0%@1510,0%@729,18%@729] GR3D_FREQ 9% cpu@48.562C soc2@47.625C soc0@46.25C gpu@47.468C tj@48.562C soc1@45.968C VDD_IN 4472mW/4412mW VDD_CPU_GPU_CV 757mW/752mW VDD_SOC 1355mW/1356mW
08-09-2026 19:42:38 RAM 2978/7620MB (lfb 19x4MB) SWAP 2/12002MB (cached 0MB) CPU [5%@729,2%@729,5%@729,1%@729,1%@729,16%@729] GR3D_FREQ 8% cpu@48.437C soc2@47.531C soc0@46.125C gpu@47.75C tj@48.437C soc1@46.031C VDD_IN 4432mW/4412mW VDD_CPU_GPU_CV 757mW/752mW VDD_SOC 1355mW/1356mW
08-09-2026 19:42:39 RAM 2978/7620MB (lfb 19x4MB) SWAP 2/12002MB (cached 0MB) CPU [19%@729,6%@729,1%@729,0%@729,0%@729,0%@729] GR3D_FREQ 8% cpu@48.375C soc2@47.687C soc0@46.156C gpu@47.531C tj@48.375C soc1@46.218C VDD_IN 4465mW/4412mW VDD_CPU_GPU_CV 756mW/752mW VDD_SOC 1395mW/1356mW
08-09-2026 19:42:40 RAM 2978/7620MB (lfb 19x4MB) SWAP 2/12002MB (cached 0MB) CPU [21%@1510,1%@1510,3%@1510,0%@1510,2%@729,0%@729] GR3D_FREQ 7% cpu@48.531C soc2@47.562C soc0@46.187C gpu@47.687C tj@48.312C soc1@45.968C VDD_IN 4465mW/4412mW VDD_CPU_GPU_CV 756mW/752mW VDD_SOC 1395mW/1356mW
08-09-2026 19:42:41 RAM 2978/7620MB (lfb 19x4MB) SWAP 2/12002MB (cached 0MB) CPU [14%@729,2%@729,1%@729,2%@729,1%@729,5%@729] GR3D_FREQ 8% cpu@48.437C soc2@47.656C soc0@46.312C gpu@47.5C tj@48.437C soc1@46.187C VDD_IN 4432mW/4412mW VDD_CPU_GPU_CV 757mW/752mW VDD_SOC 1355mW/1356mW
08-09-2026 19:42:42 RAM 2978/7620MB (lfb 19x4MB) SWAP 2/12002MB (cached 0MB) CPU [4%@729,2%@729,2%@729,11%@729,7%@729,0%@729] GR3D_FREQ 7% cpu@48.562C soc2@47.5C soc0@46.125C gpu@47.656C tj@48.562C soc1@46.093C VDD_IN 4432mW/4412mW VDD_CPU_GPU_CV 757mW/752mW VDD_SOC 1355mW/1356mW
08-09-2026 19:42:43 RAM 2978/7620MB (lfb 19x4MB) SWAP 2/12002MB (cached 0MB) CPU [3%@1510,2%@1510,6%@1510,0%@1510,16%@729,0%@729] GR3D_FREQ 11% cpu@48.375C soc2@47.718C soc0@46.281C gpu@47.562C tj@48.406C soc1@46.093C VDD_IN 4432mW/4412mW VDD_CPU_GPU_CV 757mW/752mW VDD_SOC 1355mW/1356mW
08-09-2026 19:42:44 RAM 2978/7620MB (lfb 19x4MB) SWAP 2/12002MB (cached 0MB) CPU [5%@729,2%@729,1%@729,2%@729,13%@729,0%@729] GR3D_FREQ 7% cpu@48.625C soc2@47.593C soc0@46.312C gpu@47.531C tj@48.625C soc1@46.062C VDD_IN 4432mW/4412mW VDD_CPU_GPU_CV 757mW/752mW VDD_SOC 1395mW/1356mW
08-09-2026 19:42:45 RAM 2978/7620MB (lfb 19x4MB) SWAP 2/12002MB (cached 0MB) CPU [3%@729,1%@729,0%@729,16%@729,1%@729,1%@729] GR3D_FREQ 11% cpu@48.406C soc2@47.593C soc0@46.218C gpu@47.718C tj@48.468C soc1@46.218C VDD_IN 4465mW/4412mW VDD_CPU_GPU_CV 756mW/752mW VDD_SOC 1395mW/1356mW
08-09-2026 19:42:46 RAM 2978/7620MB (lfb 19x4MB) SWAP 2/12002MB (cached 0MB) CPU [3%@729,3%@729,1%@729,18%@729,0%@729,0%@729] GR3D_FREQ 11% cpu@48.593C soc2@47.562C soc0@46.312C gpu@47.5C tj@48.593C soc1@46.125C VDD_IN 4465mW/4413mW VDD_CPU_GPU_CV 756mW/752mW VDD_SOC 1395mW/1356mW
08-09-2026 19:42:47 RAM 2978/7620MB (lfb 19x4MB) SWAP 2/12002MB (cached 0MB) CPU [6%@729,2%@729,1%@729,11%@729,0%@729,7%@729] GR3D_FREQ 11% cpu@48.406C soc2@47.625C soc0@46.25C gpu@47.781C tj@48.406C soc1@46.031C VDD_IN 4472mW/4413mW VDD_CPU_GPU_CV 756mW/752mW VDD_SOC 1395mW/1356mW
08-09-2026 19:42:48 RAM 2978/7620MB (lfb 19x4MB) SWAP 2/12002MB (cached 0MB) CPU [3%@729,2%@729,6%@729,17%@729,3%@729,2%@729] GR3D_FREQ 6% cpu@48.468C soc2@47.656C soc0@46.281C gpu@47.625C tj@48.781C soc1@45.968C VDD_IN 4425mW/4413mW VDD_CPU_GPU_CV 756mW/752mW VDD_SOC 1355mW/1356mW
08-09-2026 19:42:49 RAM 2978/7620MB (lfb 19x4MB) SWAP 2/12002MB (cached 0MB) CPU [3%@729,2%@729,12%@729,0%@729,0%@729,20%@729] GR3D_FREQ 7% cpu@48.375C soc2@47.5C soc0@46.156C gpu@47.75C tj@48.375C soc1@46.125C VDD_IN 4425mW/4413mW VDD_CPU_GPU_CV 796mW/752mW VDD_SOC 1355mW/1356mW
08-09-2026 19:42:50 RAM 2978/7620MB (lfb 19x4MB) SWAP 2/12002MB (cached 0MB) CPU [5%@1510,4%@1510,24%@1510,1%@1510,0%@729,6%@729] GR3D_FREQ 6% cpu@48.5C soc2@47.656C soc0@46.312C gpu@47.656C tj@48.5C soc1@46.093C VDD_IN 4425mW/4413mW VDD_CPU_GPU_CV 796mW/752mW VDD_SOC 1355mW/1356mW
08-09-2026 19:42:51 RAM 2978/7620MB (lfb 19x4MB) SWAP 2/12002MB (cached 0MB) CPU [28%@729,2%@729,13%@729,0%@729,2%@729,0%@729] GR3D_FREQ 7% cpu@48.75C soc2@47.531C soc0@46.218C gpu@47.625C tj@48.468C soc1@45.968C VDD_IN 4425mW/4413mW VDD_CPU_GPU_CV 756mW/752mW VDD_SOC 1355mW/1356mW
08-09-2026 19:42:52 RAM 2978/7620MB (lfb 19x4MB) SWAP 2/12002MB (cached 0MB) CPU [9%@729,2%@729,26%@729,0%@729,0%@729,1%@729] GR3D_FREQ 8% cpu@48.562C soc2@47.593C soc0@46.343C gpu@47.687C tj@48.562C soc1@46.218C VDD_IN 4385mW/4413mW VDD_CPU_GPU_CV 756mW/752mW VDD_SOC 1355mW/1356mW
08-09-2026 19:42:53 RAM 2978/7620MB (lfb 19x4MB) SWAP 2/12002MB (cached 0MB) CPU [32%@729,3%@729,5%@729,2%@729,1%@729,1%@729] GR3D_FREQ 9% cpu@48.781C soc2@47.562C soc0@46.343C gpu@47.75C tj@48.781C soc1@46.093C VDD_IN 4385mW/4413mW VDD_CPU_GPU_CV 756mW/752mW VDD_SOC 1355mW/1356mW
08-09-2026 19:42:54 RAM 2979/7620MB (lfb 19x4MB) SWAP 2/12002MB (cached 0MB) CPU [5%@729,1%@729,26%@729,8%@729,2%@729,2%@729] GR3D_FREQ 13% cpu@48.375C soc2@47.593C soc0@46.156C gpu@47.75C tj@48.375C soc1@46.031C VDD_IN 4425mW/4413mW VDD_CPU_GPU_CV 756mW/752mW VDD_SOC 1355mW/1356mW
08-09-2026 19:42:55 RAM 2979/7620MB (lfb 19x4MB) SWAP 2/12002MB (cached 0MB) CPU [3%@1510,2%@1510,2%@1510,20%@1510,0%@729,18%@729] GR3D_FREQ 10% cpu@48.406C soc2@47.687C soc0@46.25C gpu@47.593C tj@48.406C soc1@46.093C VDD_IN 4425mW/4413mW VDD_CPU_GPU_CV 796mW/752mW VDD_SOC 1355mW/1356mW
08-09-2026 19:42:56 RAM 2979/7620MB (lfb 19x4MB) SWAP 2/12002MB (cached 0MB) CPU [3%@729,1%@729,2%@729,0%@729,0%@729,32%@729] GR3D_FREQ 7% cpu@48.562C soc2@47.593C soc0@46.25C gpu@47.593C tj@48.593C soc1@46.187C VDD_IN 4425mW/4413mW VDD_CPU_GPU_CV 796mW/752mW VDD_SOC 1355mW/1356mW
08-09-2026 19:42:57 RAM 2979/7620MB (lfb 19x4MB) SWAP 2/12002MB (cached 0MB) CPU [5%@729,3%@729,15%@729,0%@729,2%@729,18%@729] GR3D_FREQ 8% cpu@48.5C soc2@47.562C soc0@46.187C gpu@47.531C tj@48.5C soc1@45.968C VDD_IN 4425mW/4413mW VDD_CPU_GPU_CV 756mW/752mW VDD_SOC 1355mW/1356mW
08-09-2026 19:42:58 RAM 2979/7620MB (lfb 19x4MB) SWAP 2/12002MB (cached 0MB) CPU [5%@1510,3%@1510,23%@1510,0%@1510,6%@729,2%@729] GR3D_FREQ 7% cpu@48.625C soc2@47.562C soc0@46.187C gpu@47.812C tj@48.375C soc1@46.031C VDD_IN 4425mW/4413mW VDD_CPU_GPU_CV 756mW/752mW VDD_SOC 1355mW/1356mW
08-09-2026 19:42:59 RAM 2979/7620MB (lfb 19x4MB) SWAP 2/12002MB (cached 0MB) CPU [3%@729,0%@729,7%@729,0%@729,13%@729,1%@729] GR3D_FREQ 16% cpu@48.25C soc2@47.625C soc0@46.218C gpu@47.75C tj@48.25C soc1@46.125C VDD_IN 4392mW/4413mW VDD_CPU_GPU_CV 756mW/752mW VDD_SOC 1355mW/1356mW
08-09-2026 19:43:00 RAM 2979/7620MB (lfb 19x4MB) SWAP 2/12002MB (cached 0MB) CPU [3%@729,3%@729,18%@729,1%@729,3%@729,1%@729] GR3D_FREQ 8% cpu@48.312C soc2@47.562C soc0@46.218C gpu@47.75C tj@48.312C soc1@46.187C VDD_IN 4392mW/4413mW VDD_CPU_GPU_CV 757mW/752mW VDD_SOC 1355mW/1356mW
08-09-2026 19:43:01 RAM 2979/7620MB (lfb 19x4MB) SWAP 2/12002MB (cached 0MB) CPU [4%@729,0%@729,0%@729,0%@729,17%@729,1%@729] GR3D_FREQ 13% cpu@48.531C soc2@47.593C soc0@46.375C gpu@47.531C tj@48.531C soc1@46C VDD_IN 4392mW/4413mW VDD_CPU_GPU_CV 717mW/752mW VDD_SOC 1355mW/1356mW
08-09-2026 19:43:02 RAM 2979/7620MB (lfb 19x4MB) SWAP 2/12002MB (cached 0MB) CPU [4%@1510,2%@1510,1%@1510,0%@1510,16%@729,1%@729] GR3D_FREQ 8% cpu@48.343C soc2@47.468C soc0@46.062C gpu@47.468C tj@48.281C soc1@45.968C VDD_IN 4392mW/4413mW VDD_CPU_GPU_CV 717mW/752mW VDD_SOC 1355mW/1356mW
08-09-2026 19:43:03 RAM 2979/7620MB (lfb 19x4MB) SWAP 2/12002MB (cached 0MB) CPU [3%@729,2%@729,1%@729,0%@729,16%@729,2%@729] GR3D_FREQ 8% cpu@48.406C soc2@47.593C soc0@46.156C gpu@47.531C tj@48.406C soc1@46.156C VDD_IN 4392mW/4413mW VDD_CPU_GPU_CV 757mW/752mW VDD_SOC 1355mW/1356mW
08-09-2026 19:43:04 RAM 2979/7620MB (lfb 19x4MB) SWAP 2/12002MB (cached 0MB) CPU [3%@1510,2%@1510,3%@1510,0%@1510,15%@729,0%@729] GR3D_FREQ 7% cpu@48.531C soc2@47.531C soc0@46.25C gpu@47.718C tj@48.531C soc1@45.906C VDD_IN 4432mW/4413mW VDD_CPU_GPU_CV 757mW/752mW VDD_SOC 1355mW/1356mW
08-09-2026 19:43:05 RAM 2979/7620MB (lfb 19x4MB) SWAP 2/12002MB (cached 0MB) CPU [4%@729,2%@729,4%@729,1%@729,12%@729,3%@729] GR3D_FREQ 7% cpu@48.593C soc2@47.5C soc0@46.218C gpu@47.812C tj@48.593C soc1@45.937C VDD_IN 4392mW/4413mW VDD_CPU_GPU_CV 757mW/752mW VDD_SOC 1355mW/1356mW
08-09-2026 19:43:06 RAM 2979/7620MB (lfb 19x4MB) SWAP 2/12002MB (cached 0MB) CPU [3%@729,2%@729,3%@729,0%@729,17%@729,1%@729] GR3D_FREQ 7% cpu@48.5C soc2@47.593C soc0@46.156C gpu@47.843C tj@48.343C soc1@46C VDD_IN 4353mW/4412mW VDD_CPU_GPU_CV 757mW/752mW VDD_SOC 1355mW/1356mW
08-09-2026 19:43:07 RAM 2979/7620MB (lfb 19x4MB) SWAP 2/12002MB (cached 0MB) CPU [5%@1510,4%@1510,1%@1510,0%@1510,18%@729,1%@729] GR3D_FREQ 13% cpu@48.281C soc2@47.625C soc0@46.187C gpu@47.5C tj@48.281C soc1@46.031C VDD_IN 4353mW/4412mW VDD_CPU_GPU_CV 757mW/752mW VDD_SOC 1355mW/1356mW
08-09-2026 19:43:08 RAM 2979/7620MB (lfb 19x4MB) SWAP 2/12002MB (cached 0MB) CPU [5%@1510,2%@1510,20%@1510,0%@1510,0%@729,1%@729] GR3D_FREQ 16% cpu@48.375C soc2@47.593C soc0@46.218C gpu@47.593C tj@48.562C soc1@45.968C VDD_IN 4425mW/4412mW VDD_CPU_GPU_CV 756mW/752mW VDD_SOC 1355mW/1356mW
08-09-2026 19:43:09 RAM 2979/7620MB (lfb 19x4MB) SWAP 2/12002MB (cached 0MB) CPU [3%@1510,2%@1510,1%@1510,1%@1510,17%@729,1%@729] GR3D_FREQ 8% cpu@48.468C soc2@47.531C soc0@46.312C gpu@47.562C tj@48.468C soc1@46.062C VDD_IN 4505mW/4413mW VDD_CPU_GPU_CV 756mW/752mW VDD_SOC 1395mW/1356mW
08-09-2026 19:43:10 RAM 2979/7620MB (lfb 19x4MB) SWAP 2/12002MB (cached 0MB) CPU [1%@1510,1%@1510,3%@1510,0%@1510,14%@729,1%@729] GR3D_FREQ 9% cpu@48.562C soc2@47.437C soc0@46.187C gpu@47.812C tj@48.406C soc1@46.093C VDD_IN 4472mW/4413mW VDD_CPU_GPU_CV 757mW/752mW VDD_SOC 1355mW/1356mW
08-09-2026 19:43:11 RAM 2979/7620MB (lfb 19x4MB) SWAP 2/12002MB (cached 0MB) CPU [4%@729,0%@729,2%@729,1%@729,15%@729,2%@729] GR3D_FREQ 8% cpu@48.281C soc2@47.593C soc0@46.218C gpu@47.875C tj@48.281C soc1@46.187C VDD_IN 4472mW/4413mW VDD_CPU_GPU_CV 757mW/752mW VDD_SOC 1395mW/1356mW
08-09-2026 19:43:12 RAM 2979/7620MB (lfb 19x4MB) SWAP 2/12002MB (cached 0MB) CPU [10%@729,1%@729,14%@729,0%@729,1%@729,2%@729] GR3D_FREQ 9% cpu@48.375C soc2@47.687C soc0@46.093C gpu@47.656C tj@48.375C soc1@45.906C VDD_IN 4472mW/4413mW VDD_CPU_GPU_CV 757mW/752mW VDD_SOC 1355mW/1356mW
08-09-2026 19:43:13 RAM 2979/7620MB (lfb 19x4MB) SWAP 2/12002MB (cached 0MB) CPU [6%@1510,3%@1510,7%@1510,1%@1510,15%@729,1%@729] GR3D_FREQ 7% cpu@48.562C soc2@47.562C soc0@46C gpu@47.625C tj@48.562C soc1@46C VDD_IN 4432mW/4413mW VDD_CPU_GPU_CV 757mW/752mW VDD_SOC 1355mW/1356mW
08-09-2026 19:43:14 RAM 2979/7620MB (lfb 19x4MB) SWAP 2/12002MB (cached 0MB) CPU [2%@1510,2%@1510,1%@1510,1%@1510,15%@729,1%@729] GR3D_FREQ 7% cpu@48.281C soc2@47.656C soc0@46.062C gpu@47.875C tj@48.281C soc1@46C VDD_IN 4432mW/4413mW VDD_CPU_GPU_CV 757mW/752mW VDD_SOC 1355mW/1356mW
08-09-2026 19:43:15 RAM 2979/7620MB (lfb 19x4MB) SWAP 2/12002MB (cached 0MB) CPU [5%@1510,3%@1510,3%@1510,1%@1510,9%@729,8%@729] GR3D_FREQ 7% cpu@48.312C soc2@47.75C soc0@46.156C gpu@47.843C tj@48.312C soc1@46.093C VDD_IN 4472mW/4413mW VDD_CPU_GPU_CV 757mW/752mW VDD_SOC 1395mW/1356mW
08-09-2026 19:43:16 RAM 2979/7620MB (lfb 19x4MB) SWAP 2/12002MB (cached 0MB) CPU [3%@729,1%@729,2%@729,1%@729,15%@729,3%@729] GR3D_FREQ 7% cpu@48.562C soc2@47.593C soc0@46.281C gpu@47.937C tj@48.562C soc1@46C VDD_IN 4432mW/4413mW VDD_CPU_GPU_CV 757mW/752mW VDD_SOC 1355mW/1356mW
08-09-2026 19:43:17 RAM 2979/7620MB (lfb 19x4MB) SWAP 2/12002MB (cached 0MB) CPU [3%@729,1%@729,3%@729,0%@729,15%@729,2%@729] GR3D_FREQ 7% cpu@48.75C soc2@47.562C soc0@46.125C gpu@47.625C tj@48.75C soc1@46.031C VDD_IN 4432mW/4413mW VDD_CPU_GPU_CV 757mW/752mW VDD_SOC 1355mW/1356mW
08-09-2026 19:43:18 RAM 2979/7620MB (lfb 19x4MB) SWAP 2/12002MB (cached 0MB) CPU [4%@729,1%@729,2%@729,1%@729,29%@729,5%@729] GR3D_FREQ 12% cpu@48.312C soc2@47.593C soc0@46.187C gpu@47.656C tj@48.312C soc1@46.031C VDD_IN 4425mW/4413mW VDD_CPU_GPU_CV 756mW/752mW VDD_SOC 1355mW/1356mW
08-09-2026 19:43:19 RAM 2979/7620MB (lfb 19x4MB) SWAP 2/12002MB (cached 0MB) CPU [3%@729,2%@729,2%@729,12%@729,19%@729,4%@729] GR3D_FREQ 7% cpu@48.5C soc2@47.718C soc0@46.25C gpu@47.656C tj@48.5C soc1@46.25C VDD_IN 4425mW/4413mW VDD_CPU_GPU_CV 756mW/752mW VDD_SOC 1355mW/1356mW
08-09-2026 19:43:20 RAM 2979/7620MB (lfb 19x4MB) SWAP 2/12002MB (cached 0MB) CPU [2%@729,2%@729,3%@729,32%@729,1%@729,1%@729] GR3D_FREQ 12% cpu@48.562C soc2@47.593C soc0@46.312C gpu@47.687C tj@48.562C soc1@46.031C VDD_IN 4465mW/4413mW VDD_CPU_GPU_CV 796mW/752mW VDD_SOC 1355mW/1356mW
08-09-2026 19:43:21 RAM 2979/7620MB (lfb 19x4MB) SWAP 2/12002MB (cached 0MB) CPU [6%@1510,4%@1510,1%@1510,34%@1510,0%@729,1%@729] GR3D_FREQ 7% cpu@48.531C soc2@47.625C soc0@46.187C gpu@48.093C tj@48.531C soc1@46.093C VDD_IN 4425mW/4413mW VDD_CPU_GPU_CV 756mW/752mW VDD_SOC 1355mW/1356mW
08-09-2026 19:43:22 RAM 2979/7620MB (lfb 19x4MB) SWAP 2/12002MB (cached 0MB) CPU [3%@729,1%@729,2%@729,34%@729,1%@729,1%@729] GR3D_FREQ 12% cpu@48.468C soc2@47.625C soc0@46.125C gpu@47.625C tj@48.468C soc1@46.125C VDD_IN 4425mW/4413mW VDD_CPU_GPU_CV 756mW/752mW VDD_SOC 1355mW/1356mW
08-09-2026 19:43:23 RAM 2979/7620MB (lfb 19x4MB) SWAP 2/12002MB (cached 0MB) CPU [3%@729,2%@729,2%@729,0%@729,1%@729,31%@729] GR3D_FREQ 10% cpu@48.343C soc2@47.687C soc0@46.25C gpu@47.781C tj@48.468C soc1@46.187C VDD_IN 4425mW/4413mW VDD_CPU_GPU_CV 756mW/752mW VDD_SOC 1355mW/1356mW
08-09-2026 19:43:24 RAM 2979/7620MB (lfb 19x4MB) SWAP 2/12002MB (cached 0MB) CPU [4%@729,2%@729,1%@729,0%@729,4%@729,32%@729] GR3D_FREQ 7% cpu@48.5C soc2@47.531C soc0@46.406C gpu@47.687C tj@48.5C soc1@46.031C VDD_IN 4385mW/4413mW VDD_CPU_GPU_CV 756mW/752mW VDD_SOC 1355mW/1356mW
08-09-2026 19:43:25 RAM 2979/7620MB (lfb 19x4MB) SWAP 2/12002MB (cached 0MB) CPU [4%@729,4%@729,2%@729,0%@729,2%@729,34%@729] GR3D_FREQ 12% cpu@48.687C soc2@47.687C soc0@46.281C gpu@47.875C tj@48.687C soc1@46.062C VDD_IN 4385mW/4413mW VDD_CPU_GPU_CV 756mW/752mW VDD_SOC 1355mW/1356mW
08-09-2026 19:43:26 RAM 2979/7620MB (lfb 19x4MB) SWAP 2/12002MB (cached 0MB) CPU [3%@1510,2%@1510,5%@1510,0%@1510,1%@729,27%@729] GR3D_FREQ 7% cpu@48.656C soc2@47.562C soc0@46.156C gpu@47.625C tj@48.281C soc1@46.031C VDD_IN 4425mW/4413mW VDD_CPU_GPU_CV 796mW/753mW VDD_SOC 1355mW/1356mW
08-09-2026 19:43:27 RAM 2979/7620MB (lfb 19x4MB) SWAP 2/12002MB (cached 0MB) CPU [4%@729,2%@729,2%@729,13%@729,0%@729,19%@729] GR3D_FREQ 12% cpu@48.437C soc2@47.718C soc0@46.25C gpu@47.593C tj@48.437C soc1@46.187C VDD_IN 4425mW/4413mW VDD_CPU_GPU_CV 756mW/753mW VDD_SOC 1355mW/1356mW
08-09-2026 19:43:28 RAM 2979/7620MB (lfb 19x4MB) SWAP 2/12002MB (cached 0MB) CPU [4%@1510,14%@1510,3%@1510,14%@1510,1%@729,0%@729] GR3D_FREQ 7% cpu@48.562C soc2@47.625C soc0@46.312C gpu@47.625C tj@48.562C soc1@45.968C VDD_IN 4346mW/4413mW VDD_CPU_GPU_CV 756mW/753mW VDD_SOC 1355mW/1356mW
08-09-2026 19:43:29 RAM 2979/7620MB (lfb 19x4MB) SWAP 2/12002MB (cached 0MB) CPU [4%@729,8%@729,0%@729,1%@729,11%@729,0%@729] GR3D_FREQ 7% cpu@48.437C soc2@47.625C soc0@46.156C gpu@47.781C tj@48.437C soc1@46.093C VDD_IN 4353mW/4413mW VDD_CPU_GPU_CV 717mW/753mW VDD_SOC 1355mW/1356mW
08-09-2026 19:43:30 RAM 2979/7620MB (lfb 19x4MB) SWAP 2/12002MB (cached 0MB) CPU [4%@729,2%@729,2%@729,0%@729,8%@729,11%@729] GR3D_FREQ 9% cpu@48.625C soc2@47.687C soc0@46.312C gpu@47.843C tj@48.281C soc1@46.031C VDD_IN 4313mW/4413mW VDD_CPU_GPU_CV 717mW/752mW VDD_SOC 1315mW/1356mW
08-09-2026 19:43:31 RAM 2979/7620MB (lfb 19x4MB) SWAP 2/12002MB (cached 0MB) CPU [3%@1510,1%@1510,11%@1510,0%@1510,2%@729,10%@729] GR3D_FREQ 10% cpu@48.531C soc2@47.656C soc0@46.25C gpu@47.812C tj@48.531C soc1@46.062C VDD_IN 4392mW/4413mW VDD_CPU_GPU_CV 717mW/752mW VDD_SOC 1355mW/1356mW
08-09-2026 19:43:32 RAM 2979/7620MB (lfb 19x4MB) SWAP 2/12002MB (cached 0MB) CPU [2%@729,1%@729,6%@729,0%@729,1%@729,15%@729] GR3D_FREQ 10% cpu@48.656C soc2@47.593C soc0@46.375C gpu@47.656C tj@48.656C soc1@46.093C VDD_IN 4385mW/4413mW VDD_CPU_GPU_CV 756mW/752mW VDD_SOC 1355mW/1356mW
08-09-2026 19:43:33 RAM 2979/7620MB (lfb 19x4MB) SWAP 2/12002MB (cached 0MB) CPU [3%@729,1%@729,1%@729,0%@729,1%@729,19%@729] GR3D_FREQ 7% cpu@48.5C soc2@47.531C soc0@46.156C gpu@47.625C tj@48.5C soc1@46.062C VDD_IN 4392mW/4413mW VDD_CPU_GPU_CV 716mW/752mW VDD_SOC 1355mW/1356mW
08-09-2026 19:43:34 RAM 2979/7620MB (lfb 19x4MB) SWAP 2/12002MB (cached 0MB) CPU [5%@729,1%@729,12%@729,0%@729,1%@729,9%@729] GR3D_FREQ 11% cpu@48.312C soc2@47.656C soc0@46.312C gpu@47.625C tj@48.312C soc1@46.125C VDD_IN 4392mW/4413mW VDD_CPU_GPU_CV 717mW/752mW VDD_SOC 1355mW/1356mW
08-09-2026 19:43:35 RAM 2979/7620MB (lfb 19x4MB) SWAP 2/12002MB (cached 0MB) CPU [3%@1510,2%@1510,21%@1510,1%@1510,1%@729,0%@729] GR3D_FREQ 6% cpu@48.375C soc2@47.593C soc0@46.281C gpu@47.843C tj@48.375C soc1@46.187C VDD_IN 4392mW/4413mW VDD_CPU_GPU_CV 716mW/752mW VDD_SOC 1355mW/1356mW
08-09-2026 19:43:36 RAM 2979/7620MB (lfb 19x4MB) SWAP 2/12002MB (cached 0MB) CPU [2%@729,2%@729,21%@729,1%@729,1%@729,0%@729] GR3D_FREQ 13% cpu@48.406C soc2@47.562C soc0@46.406C gpu@47.875C tj@48.406C soc1@45.968C VDD_IN 4392mW/4413mW VDD_CPU_GPU_CV 717mW/752mW VDD_SOC 1355mW/1356mW
08-09-2026 19:43:37 RAM 2979/7620MB (lfb 19x4MB) SWAP 2/12002MB (cached 0MB) CPU [4%@729,2%@729,21%@729,1%@729,1%@729,2%@729] GR3D_FREQ 10% cpu@48.593C soc2@47.625C soc0@46.25C gpu@47.906C tj@48.593C soc1@46.093C VDD_IN 4392mW/4413mW VDD_CPU_GPU_CV 757mW/752mW VDD_SOC 1355mW/1356mW
08-09-2026 19:43:38 RAM 2979/7620MB (lfb 19x4MB) SWAP 2/12002MB (cached 0MB) CPU [3%@729,1%@729,19%@729,1%@729,0%@729,6%@729] GR3D_FREQ 8% cpu@48.375C soc2@47.468C soc0@46.218C gpu@47.812C tj@48.375C soc1@46C VDD_IN 4425mW/4413mW VDD_CPU_GPU_CV 756mW/752mW VDD_SOC 1355mW/1356mW
08-09-2026 19:43:39 RAM 2979/7620MB (lfb 19x4MB) SWAP 2/12002MB (cached 0MB) CPU [3%@729,1%@729,19%@729,1%@729,1%@729,1%@729] GR3D_FREQ 7% cpu@48.343C soc2@47.593C soc0@46.156C gpu@47.781C tj@48.343C soc1@46.156C VDD_IN 4432mW/4413mW VDD_CPU_GPU_CV 757mW/752mW VDD_SOC 1355mW/1356mW
08-09-2026 19:43:40 RAM 2979/7620MB (lfb 19x4MB) SWAP 2/12002MB (cached 0MB) CPU [4%@1510,2%@1510,10%@1510,0%@1510,1%@729,9%@729] GR3D_FREQ 7% cpu@48.562C soc2@47.625C soc0@46.312C gpu@47.812C tj@48.562C soc1@46.062C VDD_IN 4432mW/4413mW VDD_CPU_GPU_CV 757mW/752mW VDD_SOC 1355mW/1356mW
08-09-2026 19:43:41 RAM 2979/7620MB (lfb 19x4MB) SWAP 2/12002MB (cached 0MB) CPU [4%@729,1%@729,1%@729,0%@729,0%@729,13%@729] GR3D_FREQ 8% cpu@48.781C soc2@47.531C soc0@46.281C gpu@47.625C tj@48.781C soc1@46.062C VDD_IN 4432mW/4413mW VDD_CPU_GPU_CV 757mW/752mW VDD_SOC 1355mW/1356mW
08-09-2026 19:43:42 RAM 2979/7620MB (lfb 19x4MB) SWAP 2/12002MB (cached 0MB) CPU [3%@1510,2%@1510,1%@1510,0%@1510,1%@729,16%@729] GR3D_FREQ 7% cpu@48.531C soc2@47.625C soc0@46.125C gpu@47.531C tj@48.343C soc1@46.156C VDD_IN 4425mW/4413mW VDD_CPU_GPU_CV 756mW/752mW VDD_SOC 1355mW/1356mW
08-09-2026 19:43:43 RAM 2979/7620MB (lfb 19x4MB) SWAP 2/12002MB (cached 0MB) CPU [4%@729,1%@729,5%@729,3%@729,1%@729,13%@729] GR3D_FREQ 7% cpu@48.5C soc2@47.562C soc0@46.25C gpu@47.562C tj@48.5C soc1@46.125C VDD_IN 4425mW/4413mW VDD_CPU_GPU_CV 756mW/752mW VDD_SOC 1355mW/1356mW
08-09-2026 19:43:44 RAM 2979/7620MB (lfb 19x4MB) SWAP 2/12002MB (cached 0MB) CPU [4%@729,1%@729,2%@729,0%@729,1%@729,16%@729] GR3D_FREQ 7% cpu@48.312C soc2@47.718C soc0@46.312C gpu@47.812C tj@48.312C soc1@46.031C VDD_IN 4432mW/4413mW VDD_CPU_GPU_CV 757mW/752mW VDD_SOC 1355mW/1356mW
08-09-2026 19:43:45 RAM 2979/7620MB (lfb 19x4MB) SWAP 2/12002MB (cached 0MB) CPU [4%@729,1%@729,2%@729,0%@729,2%@729,16%@729] GR3D_FREQ 6% cpu@48.562C soc2@47.531C soc0@46.312C gpu@47.812C tj@48.562C soc1@46.062C VDD_IN 4425mW/4413mW VDD_CPU_GPU_CV 756mW/752mW VDD_SOC 1355mW/1356mW
08-09-2026 19:43:46 RAM 2979/7620MB (lfb 19x4MB) SWAP 2/12002MB (cached 0MB) CPU [3%@1510,1%@1510,1%@1510,0%@1510,0%@729,17%@729] GR3D_FREQ 7% cpu@48.781C soc2@47.656C soc0@46.125C gpu@47.906C tj@48.781C soc1@46.093C VDD_IN 4392mW/4413mW VDD_CPU_GPU_CV 757mW/752mW VDD_SOC 1355mW/1356mW
08-09-2026 19:43:47 RAM 2979/7620MB (lfb 19x4MB) SWAP 2/12002MB (cached 0MB) CPU [4%@729,3%@729,3%@729,0%@729,1%@729,16%@729] GR3D_FREQ 7% cpu@48.375C soc2@47.593C soc0@46.281C gpu@47.656C tj@48.375C soc1@46.25C VDD_IN 4385mW/4413mW VDD_CPU_GPU_CV 756mW/752mW VDD_SOC 1355mW/1356mW
08-09-2026 19:43:48 RAM 2979/7620MB (lfb 19x4MB) SWAP 2/12002MB (cached 0MB) CPU [4%@1510,1%@1510,1%@1510,1%@1510,1%@729,20%@729] GR3D_FREQ 7% cpu@48.468C soc2@47.718C soc0@46.218C gpu@47.656C tj@48.468C soc1@46.125C VDD_IN 4385mW/4413mW VDD_CPU_GPU_CV 756mW/752mW VDD_SOC 1355mW/1356mW
08-09-2026 19:43:49 RAM 2979/7620MB (lfb 19x4MB) SWAP 2/12002MB (cached 0MB) CPU [3%@729,3%@729,10%@729,0%@729,1%@729,9%@729] GR3D_FREQ 12% cpu@48.625C soc2@47.625C soc0@46.343C gpu@47.687C tj@48.625C soc1@46.093C VDD_IN 4353mW/4413mW VDD_CPU_GPU_CV 756mW/752mW VDD_SOC 1355mW/1356mW
08-09-2026 19:43:50 RAM 2979/7620MB (lfb 19x4MB) SWAP 2/12002MB (cached 0MB) CPU [5%@729,1%@729,4%@729,0%@729,2%@729,17%@729] GR3D_FREQ 13% cpu@48.5C soc2@47.625C soc0@46.281C gpu@47.656C tj@48.5C soc1@46C VDD_IN 4353mW/4412mW VDD_CPU_GPU_CV 757mW/752mW VDD_SOC 1315mW/1356mW
08-09-2026 19:43:51 RAM 2979/7620MB (lfb 19x4MB) SWAP 2/12002MB (cached 0MB) CPU [2%@729,2%@729,2%@729,0%@729,0%@729,16%@729] GR3D_FREQ 13% cpu@48.718C soc2@47.593C soc0@46.187C gpu@47.687C tj@48.281C soc1@46.093C VDD_IN 4353mW/4412mW VDD_CPU_GPU_CV 757mW/752mW VDD_SOC 1315mW/1356mW
08-09-2026 19:43:52 RAM 2979/7620MB (lfb 19x4MB) SWAP 2/12002MB (cached 0MB) CPU [2%@729,1%@729,2%@729,0%@729,1%@729,16%@729] GR3D_FREQ 13% cpu@48.312C soc2@47.656C soc0@46.281C gpu@47.937C tj@48.312C soc1@46.093C VDD_IN 4392mW/4412mW VDD_CPU_GPU_CV 717mW/752mW VDD_SOC 1355mW/1356mW
08-09-2026 19:43:54 RAM 2979/7620MB (lfb 19x4MB) SWAP 2/12002MB (cached 0MB) CPU [4%@729,1%@729,1%@729,1%@729,12%@729,5%@729] GR3D_FREQ 7% cpu@48.343C soc2@47.656C soc0@46.218C gpu@47.968C tj@48.343C soc1@46.062C VDD_IN 4392mW/4412mW VDD_CPU_GPU_CV 757mW/752mW VDD_SOC 1355mW/1356mW
08-09-2026 19:43:55 RAM 2979/7620MB (lfb 19x4MB) SWAP 2/12002MB (cached 0MB) CPU [3%@729,3%@729,3%@729,0%@729,17%@729,1%@729] GR3D_FREQ 7% cpu@48.656C soc2@47.468C soc0@46.343C gpu@47.968C tj@48.656C soc1@45.968C VDD_IN 4353mW/4412mW VDD_CPU_GPU_CV 717mW/752mW VDD_SOC 1355mW/1356mW
08-09-2026 19:43:56 RAM 2979/7620MB (lfb 19x4MB) SWAP 2/12002MB (cached 0MB) CPU [6%@729,4%@729,1%@729,0%@729,12%@729,1%@729] GR3D_FREQ 7% cpu@48.312C soc2@47.562C soc0@46.25C gpu@47.906C tj@48.312C soc1@46.125C VDD_IN 4392mW/4412mW VDD_CPU_GPU_CV 716mW/752mW VDD_SOC 1355mW/1356mW
08-09-2026 19:43:57 RAM 2979/7620MB (lfb 19x4MB) SWAP 2/12002MB (cached 0MB) CPU [6%@729,16%@729,2%@729,1%@729,0%@729,0%@729] GR3D_FREQ 9% cpu@48.312C soc2@47.625C soc0@46.218C gpu@47.656C tj@48.312C soc1@46.093C VDD_IN 4392mW/4412mW VDD_CPU_GPU_CV 756mW/752mW VDD_SOC 1355mW/1356mW
08-09-2026 19:43:58 RAM 2979/7620MB (lfb 19x4MB) SWAP 2/12002MB (cached 0MB) CPU [4%@729,17%@729,4%@729,0%@729,0%@729,0%@729] GR3D_FREQ 9% cpu@48.437C soc2@47.562C soc0@46.218C gpu@47.687C tj@48.437C soc1@46.062C VDD_IN 4353mW/4412mW VDD_CPU_GPU_CV 716mW/752mW VDD_SOC 1355mW/1356mW
08-09-2026 19:43:59 RAM 2979/7620MB (lfb 19x4MB) SWAP 2/12002MB (cached 0MB) CPU [18%@1510,7%@1510,3%@1510,2%@1510,2%@729,1%@729] GR3D_FREQ 11% cpu@48.343C soc2@47.593C soc0@46.437C gpu@48.031C tj@48.343C soc1@45.906C VDD_IN 4465mW/4412mW VDD_CPU_GPU_CV 756mW/752mW VDD_SOC 1395mW/1356mW
08-09-2026 19:44:00 RAM 2979/7620MB (lfb 19x4MB) SWAP 2/12002MB (cached 0MB) CPU [6%@729,20%@729,2%@729,1%@729,1%@729,0%@729] GR3D_FREQ 7% cpu@48.625C soc2@47.593C soc0@46.125C gpu@47.968C tj@48.625C soc1@46.093C VDD_IN 4472mW/4412mW VDD_CPU_GPU_CV 756mW/752mW VDD_SOC 1395mW/1356mW
08-09-2026 19:44:01 RAM 2979/7620MB (lfb 19x4MB) SWAP 2/12002MB (cached 0MB) CPU [4%@729,18%@729,2%@729,1%@729,1%@729,0%@729] GR3D_FREQ 11% cpu@48.25C soc2@47.718C soc0@46.312C gpu@48.093C tj@48.437C soc1@46.156C VDD_IN 4472mW/4412mW VDD_CPU_GPU_CV 757mW/752mW VDD_SOC 1395mW/1356mW
08-09-2026 19:44:02 RAM 2979/7620MB (lfb 19x4MB) SWAP 2/12002MB (cached 0MB) CPU [4%@729,19%@729,2%@729,1%@729,1%@729,1%@729] GR3D_FREQ 11% cpu@48.312C soc2@47.531C soc0@46.312C gpu@47.531C tj@48.312C soc1@46.187C VDD_IN 4472mW/4412mW VDD_CPU_GPU_CV 757mW/752mW VDD_SOC 1395mW/1356mW
08-09-2026 19:44:03 RAM 2979/7620MB (lfb 19x4MB) SWAP 2/12002MB (cached 0MB) CPU [11%@729,10%@729,2%@729,0%@729,1%@729,0%@729] GR3D_FREQ 6% cpu@48.5C soc2@47.5C soc0@46.281C gpu@47.812C tj@48.5C soc1@45.937C VDD_IN 4505mW/4413mW VDD_CPU_GPU_CV 756mW/752mW VDD_SOC 1395mW/1356mW
08-09-2026 19:44:04 RAM 2979/7620MB (lfb 19x4MB) SWAP 2/12002MB (cached 0MB) CPU [5%@1510,18%@1510,2%@1510,1%@1510,1%@729,0%@729] GR3D_FREQ 8% cpu@48.656C soc2@47.562C soc0@46.125C gpu@47.718C tj@48.656C soc1@46.156C VDD_IN 4472mW/4413mW VDD_CPU_GPU_CV 757mW/752mW VDD_SOC 1395mW/1356mW
08-09-2026 19:44:05 RAM 2979/7620MB (lfb 19x4MB) SWAP 2/12002MB (cached 0MB) CPU [5%@1510,16%@1510,4%@1510,1%@1510,1%@729,0%@729] GR3D_FREQ 8% cpu@48.375C soc2@47.562C soc0@46.218C gpu@47.718C tj@48.375C soc1@46.093C VDD_IN 4472mW/4413mW VDD_CPU_GPU_CV 756mW/752mW VDD_SOC 1395mW/1356mW
08-09-2026 19:44:06 RAM 2979/7620MB (lfb 19x4MB) SWAP 2/12002MB (cached 0MB) CPU [3%@1510,0%@1510,2%@1510,0%@729,4%@729,15%@729] GR3D_FREQ 8% cpu@48.5C soc2@47.625C soc0@46.218C gpu@47.562C tj@48.5C soc1@46.156C VDD_IN 4505mW/4413mW VDD_CPU_GPU_CV 756mW/752mW VDD_SOC 1395mW/1356mW
08-09-2026 19:44:07 RAM 2979/7620MB (lfb 19x4MB) SWAP 2/12002MB (cached 0MB) CPU [1%@729,1%@729,5%@729,0%@729,1%@729,12%@729] GR3D_FREQ 7% cpu@48.625C soc2@47.5C soc0@46.375C gpu@47.593C tj@48.625C soc1@45.968C VDD_IN 4505mW/4413mW VDD_CPU_GPU_CV 756mW/752mW VDD_SOC 1395mW/1356mW
08-09-2026 19:44:08 RAM 2979/7620MB (lfb 19x4MB) SWAP 2/12002MB (cached 0MB) CPU [3%@729,3%@729,3%@729,1%@729,1%@729,17%@729] GR3D_FREQ 8% cpu@48.562C soc2@47.531C soc0@46.375C gpu@47.625C tj@48.5C soc1@46.062C VDD_IN 4505mW/4413mW VDD_CPU_GPU_CV 756mW/752mW VDD_SOC 1395mW/1356mW
08-09-2026 19:44:09 RAM 2979/7620MB (lfb 19x4MB) SWAP 2/12002MB (cached 0MB) CPU [9%@729,0%@729,4%@729,0%@729,0%@729,11%@729] GR3D_FREQ 8% cpu@48.875C soc2@47.562C soc0@46.187C gpu@47.593C tj@48.875C soc1@46.062C VDD_IN 4432mW/4413mW VDD_CPU_GPU_CV 757mW/752mW VDD_SOC 1355mW/1356mW
08-09-2026 19:44:10 RAM 2979/7620MB (lfb 19x4MB) SWAP 2/12002MB (cached 0MB) CPU [4%@729,2%@729,1%@729,2%@729,5%@729,13%@729] GR3D_FREQ 7% cpu@48.343C soc2@47.625C soc0@46.312C gpu@47.75C tj@48.343C soc1@46.093C VDD_IN 4425mW/4413mW VDD_CPU_GPU_CV 756mW/752mW VDD_SOC 1355mW/1356mW
08-09-2026 19:44:11 RAM 2979/7620MB (lfb 19x4MB) SWAP 2/12002MB (cached 0MB) CPU [4%@729,1%@729,2%@729,1%@729,16%@729,1%@729] GR3D_FREQ 7% cpu@48.437C soc2@47.75C soc0@46.25C gpu@47.812C tj@48.437C soc1@45.937C VDD_IN 4385mW/4413mW VDD_CPU_GPU_CV 756mW/752mW VDD_SOC 1355mW/1356mW
08-09-2026 19:44:12 RAM 2979/7620MB (lfb 19x4MB) SWAP 2/12002MB (cached 0MB) CPU [4%@729,1%@729,2%@729,0%@729,17%@729,0%@729] GR3D_FREQ 8% cpu@48.687C soc2@47.531C soc0@46.375C gpu@47.75C tj@48.687C soc1@45.937C VDD_IN 4432mW/4413mW VDD_CPU_GPU_CV 757mW/752mW VDD_SOC 1355mW/1356mW
08-09-2026 19:44:13 RAM 2979/7620MB (lfb 19x4MB) SWAP 2/12002MB (cached 0MB) CPU [4%@729,2%@729,1%@729,0%@729,17%@729,0%@729] GR3D_FREQ 7% cpu@48.25C soc2@47.593C soc0@46.187C gpu@47.843C tj@48.25C soc1@46.062C VDD_IN 4425mW/4413mW VDD_CPU_GPU_CV 756mW/752mW VDD_SOC 1355mW/1356mW
08-09-2026 19:44:14 RAM 2979/7620MB (lfb 19x4MB) SWAP 2/12002MB (cached 0MB) CPU [2%@729,1%@729,2%@729,1%@729,2%@729,11%@729] GR3D_FREQ 7% cpu@48.375C soc2@47.531C soc0@46.156C gpu@47.625C tj@48.375C soc1@46.062C VDD_IN 4425mW/4413mW VDD_CPU_GPU_CV 756mW/752mW VDD_SOC 1355mW/1356mW
08-09-2026 19:44:15 RAM 2979/7620MB (lfb 19x4MB) SWAP 2/12002MB (cached 0MB) CPU [2%@1510,1%@1510,4%@1510,0%@1510,1%@729,13%@729] GR3D_FREQ 7% cpu@48.531C soc2@47.656C soc0@46.218C gpu@47.562C tj@48.531C soc1@46.25C VDD_IN 4385mW/4413mW VDD_CPU_GPU_CV 756mW/752mW VDD_SOC 1355mW/1356mW
08-09-2026 19:44:16 RAM 2979/7620MB (lfb 19x4MB) SWAP 2/12002MB (cached 0MB) CPU [6%@729,1%@729,2%@729,1%@729,0%@729,17%@729] GR3D_FREQ 7% cpu@48.468C soc2@47.593C soc0@46.343C gpu@47.687C tj@48.468C soc1@46C VDD_IN 4385mW/4413mW VDD_CPU_GPU_CV 757mW/752mW VDD_SOC 1355mW/1356mW
08-09-2026 19:44:17 RAM 2979/7620MB (lfb 19x4MB) SWAP 2/12002MB (cached 0MB) CPU [3%@729,2%@729,3%@729,1%@729,1%@729,15%@729] GR3D_FREQ 7% cpu@48.656C soc2@47.562C soc0@46.218C gpu@47.625C tj@48.656C soc1@46.062C VDD_IN 4385mW/4413mW VDD_CPU_GPU_CV 756mW/752mW VDD_SOC 1355mW/1356mW
08-09-2026 19:44:18 RAM 2979/7620MB (lfb 19x4MB) SWAP 2/12002MB (cached 0MB) CPU [5%@729,0%@729,4%@729,0%@729,16%@729,3%@729] GR3D_FREQ 1% cpu@48.375C soc2@47.625C soc0@46.093C gpu@47.843C tj@48.312C soc1@46C VDD_IN 4385mW/4413mW VDD_CPU_GPU_CV 756mW/752mW VDD_SOC 1355mW/1356mW
08-09-2026 19:44:19 RAM 2979/7620MB (lfb 19x4MB) SWAP 2/12002MB (cached 0MB) CPU [4%@1510,3%@1510,6%@1510,1%@1510,15%@729,0%@729] GR3D_FREQ 7% cpu@48.375C soc2@47.625C soc0@46.187C gpu@47.937C tj@48.375C soc1@46.25C VDD_IN 4313mW/4413mW VDD_CPU_GPU_CV 716mW/752mW VDD_SOC 1315mW/1356mW
08-09-2026 19:44:20 RAM 2979/7620MB (lfb 19x4MB) SWAP 2/12002MB (cached 0MB) CPU [1%@729,1%@729,1%@729,0%@729,18%@729,0%@729] GR3D_FREQ 13% cpu@48.5C soc2@47.5C soc0@46.343C gpu@47.875C tj@48.5C soc1@45.968C VDD_IN 4385mW/4413mW VDD_CPU_GPU_CV 716mW/752mW VDD_SOC 1355mW/1356mW
08-09-2026 19:44:21 RAM 2979/7620MB (lfb 19x4MB) SWAP 2/12002MB (cached 0MB) CPU [4%@729,2%@729,16%@729,0%@729,5%@729,1%@729] GR3D_FREQ 7% cpu@48.25C soc2@47.562C soc0@46.281C gpu@47.906C tj@48.25C soc1@46.062C VDD_IN 4353mW/4413mW VDD_CPU_GPU_CV 716mW/752mW VDD_SOC 1355mW/1356mW
08-09-2026 19:44:22 RAM 2979/7620MB (lfb 19x4MB) SWAP 2/12002MB (cached 0MB) CPU [5%@1510,2%@1510,16%@1510,0%@1510,6%@729,0%@729] GR3D_FREQ 7% cpu@48.312C soc2@47.687C soc0@46.187C gpu@47.656C tj@48.312C soc1@46.093C VDD_IN 4346mW/4413mW VDD_CPU_GPU_CV 716mW/752mW VDD_SOC 1355mW/1356mW
08-09-2026 19:44:23 RAM 2979/7620MB (lfb 19x4MB) SWAP 2/12002MB (cached 0MB) CPU [4%@729,1%@729,22%@729,1%@729,0%@729,0%@729] GR3D_FREQ 12% cpu@48.5C soc2@47.625C soc0@46.312C gpu@47.593C tj@48.5C soc1@46.218C VDD_IN 4392mW/4413mW VDD_CPU_GPU_CV 756mW/752mW VDD_SOC 1355mW/1356mW
08-09-2026 19:44:24 RAM 2979/7620MB (lfb 19x4MB) SWAP 2/12002MB (cached 0MB) CPU [3%@1510,1%@1510,21%@1510,1%@1510,0%@729,0%@729] GR3D_FREQ 7% cpu@48.625C soc2@47.531C soc0@46.406C gpu@48C tj@48.625C soc1@45.906C VDD_IN 4385mW/4413mW VDD_CPU_GPU_CV 756mW/752mW VDD_SOC 1355mW/1356mW
08-09-2026 19:44:25 RAM 2979/7620MB (lfb 19x4MB) SWAP 2/12002MB (cached 0MB) CPU [4%@729,1%@729,21%@729,0%@729,2%@729,0%@729] GR3D_FREQ 13% cpu@48.437C soc2@47.531C soc0@46.093C gpu@47.968C tj@48.312C soc1@46.093C VDD_IN 4385mW/4413mW VDD_CPU_GPU_CV 716mW/752mW VDD_SOC 1355mW/1356mW
08-09-2026 19:44:26 RAM 2979/7620MB (lfb 19x4MB) SWAP 2/12002MB (cached 0MB) CPU [4%@1510,1%@1510,21%@1510,0%@1510,1%@729,1%@729] GR3D_FREQ 9% cpu@48.343C soc2@47.625C soc0@46.281C gpu@47.656C tj@48.343C soc1@46.093C VDD_IN 4353mW/4412mW VDD_CPU_GPU_CV 717mW/752mW VDD_SOC 1355mW/1356mW
08-09-2026 19:44:27 RAM 2979/7620MB (lfb 19x4MB) SWAP 2/12002MB (cached 0MB) CPU [4%@1510,1%@1510,7%@1510,0%@1510,14%@729,2%@729] GR3D_FREQ 7% cpu@48.468C soc2@47.656C soc0@46.218C gpu@47.625C tj@48.468C soc1@46.218C VDD_IN 4385mW/4412mW VDD_CPU_GPU_CV 717mW/752mW VDD_SOC 1355mW/1356mW
08-09-2026 19:44:28 RAM 2979/7620MB (lfb 19x4MB) SWAP 2/12002MB (cached 0MB) CPU [3%@729,0%@729,7%@729,1%@729,17%@729,1%@729] GR3D_FREQ 14% cpu@48.437C soc2@47.531C soc0@46.25C gpu@47.625C tj@48.437C soc1@46.062C VDD_IN 4346mW/4412mW VDD_CPU_GPU_CV 716mW/752mW VDD_SOC 1315mW/1356mW
08-09-2026 19:44:29 RAM 2979/7620MB (lfb 19x4MB) SWAP 2/12002MB (cached 0MB) CPU [4%@729,1%@729,2%@729,1%@729,21%@729,3%@729] GR3D_FREQ 18% cpu@48.531C soc2@47.625C soc0@46.187C gpu@47.968C tj@48.531C soc1@46C VDD_IN 4273mW/4412mW VDD_CPU_GPU_CV 677mW/752mW VDD_SOC 1315mW/1356mW
08-09-2026 19:44:30 RAM 2979/7620MB (lfb 19x4MB) SWAP 2/12002MB (cached 0MB) CPU [3%@729,1%@729,1%@729,1%@729,21%@729,2%@729] GR3D_FREQ 11% cpu@48.375C soc2@47.593C soc0@46.25C gpu@47.5C tj@48.375C soc1@46.031C VDD_IN 4273mW/4412mW VDD_CPU_GPU_CV 677mW/751mW VDD_SOC 1315mW/1356mW
08-09-2026 19:44:31 RAM 2979/7620MB (lfb 19x4MB) SWAP 2/12002MB (cached 0MB) CPU [4%@729,3%@729,2%@729,12%@729,6%@729,2%@729] GR3D_FREQ 11% cpu@48.343C soc2@47.625C soc0@46.25C gpu@47.531C tj@48.343C soc1@46.125C VDD_IN 4273mW/4412mW VDD_CPU_GPU_CV 717mW/751mW VDD_SOC 1315mW/1356mW
08-09-2026 19:44:32 RAM 2979/7620MB (lfb 19x4MB) SWAP 2/12002MB (cached 0MB) CPU [4%@729,2%@729,4%@729,9%@729,0%@729,13%@729] GR3D_FREQ 13% cpu@48.437C soc2@47.625C soc0@46.187C gpu@47.531C tj@48.437C soc1@45.875C VDD_IN 4273mW/4411mW VDD_CPU_GPU_CV 717mW/751mW VDD_SOC 1315mW/1356mW
08-09-2026 19:44:33 RAM 2979/7620MB (lfb 19x4MB) SWAP 2/12002MB (cached 0MB) CPU [3%@729,3%@729,1%@729,1%@729,0%@729,21%@729] GR3D_FREQ 15% cpu@48.343C soc2@47.562C soc0@46C gpu@47.687C tj@48.343C soc1@45.968C VDD_IN 4273mW/4411mW VDD_CPU_GPU_CV 717mW/751mW VDD_SOC 1315mW/1356mW
08-09-2026 19:44:34 RAM 2979/7620MB (lfb 19x4MB) SWAP 2/12002MB (cached 0MB) CPU [3%@729,3%@729,2%@729,2%@729,1%@729,18%@729] GR3D_FREQ 13% cpu@48.5C soc2@47.562C soc0@46.187C gpu@47.656C tj@48.5C soc1@46C VDD_IN 4273mW/4411mW VDD_CPU_GPU_CV 717mW/751mW VDD_SOC 1315mW/1356mW
08-09-2026 19:44:35 RAM 2979/7620MB (lfb 19x4MB) SWAP 2/12002MB (cached 0MB) CPU [4%@729,2%@729,0%@729,18%@729,0%@729,4%@729] GR3D_FREQ 13% cpu@48.281C soc2@47.531C soc0@46.062C gpu@47.75C tj@48.343C soc1@46.125C VDD_IN 4273mW/4411mW VDD_CPU_GPU_CV 717mW/751mW VDD_SOC 1315mW/1356mW
08-09-2026 19:44:36 RAM 2979/7620MB (lfb 19x4MB) SWAP 2/12002MB (cached 0MB) CPU [3%@1510,3%@1510,1%@1510,21%@1510,0%@729,1%@729] GR3D_FREQ 11% cpu@48.281C soc2@47.593C soc0@46.218C gpu@47.75C tj@48.281C soc1@46.187C VDD_IN 4273mW/4410mW VDD_CPU_GPU_CV 717mW/751mW VDD_SOC 1315mW/1356mW
08-09-2026 19:44:37 RAM 2979/7620MB (lfb 19x4MB) SWAP 2/12002MB (cached 0MB) CPU [6%@729,1%@729,14%@729,7%@729,0%@729,1%@729] GR3D_FREQ 11% cpu@48.531C soc2@47.531C soc0@46.218C gpu@47.562C tj@48.531C soc1@45.906C VDD_IN 4273mW/4410mW VDD_CPU_GPU_CV 717mW/751mW VDD_SOC 1315mW/1356mW
08-09-2026 19:44:38 RAM 2979/7620MB (lfb 19x4MB) SWAP 2/12002MB (cached 0MB) CPU [3%@729,3%@729,20%@729,4%@729,1%@729,1%@729] GR3D_FREQ 15% cpu@48.187C soc2@47.593C soc0@46.062C gpu@47.5C tj@48.187C soc1@45.968C VDD_IN 4273mW/4410mW VDD_CPU_GPU_CV 717mW/751mW VDD_SOC 1315mW/1356mW
08-09-2026 19:44:39 RAM 2979/7620MB (lfb 19x4MB) SWAP 2/12002MB (cached 0MB) CPU [4%@729,2%@729,2%@729,19%@729,0%@729,2%@729] GR3D_FREQ 17% cpu@48.312C soc2@47.531C soc0@46.156C gpu@47.718C tj@48.312C soc1@46.093C VDD_IN 4273mW/4410mW VDD_CPU_GPU_CV 717mW/751mW VDD_SOC 1315mW/1356mW
08-09-2026 19:44:40 RAM 2979/7620MB (lfb 19x4MB) SWAP 2/12002MB (cached 0MB) CPU [4%@729,2%@729,14%@729,8%@729,0%@729,1%@729] GR3D_FREQ 13% cpu@48.437C soc2@47.625C soc0@46.187C gpu@47.718C tj@48.437C soc1@46.156C VDD_IN 4273mW/4410mW VDD_CPU_GPU_CV 717mW/751mW VDD_SOC 1315mW/1355mW
08-09-2026 19:44:41 RAM 2979/7620MB (lfb 19x4MB) SWAP 2/12002MB (cached 0MB) CPU [5%@729,2%@729,10%@729,12%@729,1%@729,1%@729] GR3D_FREQ 13% cpu@48.625C soc2@47.437C soc0@46.281C gpu@47.812C tj@48.625C soc1@45.843C VDD_IN 4273mW/4409mW VDD_CPU_GPU_CV 717mW/751mW VDD_SOC 1315mW/1355mW
08-09-2026 19:44:42 RAM 2979/7620MB (lfb 19x4MB) SWAP 2/12002MB (cached 0MB) CPU [3%@729,1%@729,4%@729,18%@729,0%@729,0%@729] GR3D_FREQ 11% cpu@48.312C soc2@47.531C soc0@46.031C gpu@47.75C tj@48.25C soc1@45.937C VDD_IN 4273mW/4409mW VDD_CPU_GPU_CV 717mW/751mW VDD_SOC 1315mW/1355mW
08-09-2026 19:44:43 RAM 2979/7620MB (lfb 19x4MB) SWAP 2/12002MB (cached 0MB) CPU [4%@729,3%@729,23%@729,0%@729,1%@729,1%@729] GR3D_FREQ 18% cpu@48.25C soc2@47.5C soc0@46.187C gpu@47.562C tj@48.25C soc1@46C VDD_IN 4273mW/4409mW VDD_CPU_GPU_CV 717mW/751mW VDD_SOC 1315mW/1355mW
08-09-2026 19:44:44 RAM 2979/7620MB (lfb 19x4MB) SWAP 2/12002MB (cached 0MB) CPU [3%@1510,1%@1510,13%@1510,8%@1510,0%@729,1%@729] GR3D_FREQ 15% cpu@48.281C soc2@47.625C soc0@46.312C gpu@47.562C tj@48.562C soc1@45.906C VDD_IN 4273mW/4409mW VDD_CPU_GPU_CV 717mW/751mW VDD_SOC 1315mW/1355mW
08-09-2026 19:44:45 RAM 2979/7620MB (lfb 19x4MB) SWAP 2/12002MB (cached 0MB) CPU [3%@729,2%@729,3%@729,18%@729,0%@729,1%@729] GR3D_FREQ 17% cpu@48.343C soc2@47.531C soc0@46.281C gpu@47.781C tj@48.343C soc1@45.875C VDD_IN 4273mW/4408mW VDD_CPU_GPU_CV 717mW/751mW VDD_SOC 1315mW/1355mW
08-09-2026 19:44:46 RAM 2979/7620MB (lfb 19x4MB) SWAP 2/12002MB (cached 0MB) CPU [3%@729,3%@729,22%@729,0%@729,0%@729,1%@729] GR3D_FREQ 11% cpu@48.562C soc2@47.562C soc0@46.093C gpu@47.75C tj@48.25C soc1@46C VDD_IN 4313mW/4408mW VDD_CPU_GPU_CV 717mW/750mW VDD_SOC 1315mW/1355mW
08-09-2026 19:44:47 RAM 2979/7620MB (lfb 19x4MB) SWAP 2/12002MB (cached 0MB) CPU [4%@729,2%@729,11%@729,10%@729,1%@729,2%@729] GR3D_FREQ 8% cpu@48.281C soc2@47.562C soc0@46.031C gpu@47.843C tj@48.281C soc1@46.031C VDD_IN 4313mW/4408mW VDD_CPU_GPU_CV 717mW/750mW VDD_SOC 1315mW/1355mW
08-09-2026 19:44:48 RAM 2979/7620MB (lfb 19x4MB) SWAP 2/12002MB (cached 0MB) CPU [3%@729,2%@729,19%@729,0%@729,1%@729,4%@729] GR3D_FREQ 7% cpu@48.281C soc2@47.593C soc0@46.156C gpu@47.843C tj@48.281C soc1@45.906C VDD_IN 4353mW/4408mW VDD_CPU_GPU_CV 717mW/750mW VDD_SOC 1315mW/1355mW
08-09-2026 19:44:49 RAM 2979/7620MB (lfb 19x4MB) SWAP 2/12002MB (cached 0MB) CPU [4%@1510,3%@1510,2%@1510,13%@1510,0%@729,5%@729] GR3D_FREQ 9% cpu@48.531C soc2@47.437C soc0@46.25C gpu@47.656C tj@48.531C soc1@45.968C VDD_IN 4432mW/4408mW VDD_CPU_GPU_CV 756mW/750mW VDD_SOC 1355mW/1355mW
08-09-2026 19:44:50 RAM 2979/7620MB (lfb 19x4MB) SWAP 2/12002MB (cached 0MB) CPU [3%@1510,2%@1510,1%@1510,17%@1510,0%@729,1%@729] GR3D_FREQ 7% cpu@48.343C soc2@47.531C soc0@46.156C gpu@47.593C tj@48.281C soc1@46C VDD_IN 4465mW/4408mW VDD_CPU_GPU_CV 756mW/750mW VDD_SOC 1395mW/1355mW
