phys_ts,ap_pub_wall_ts,n_channels,resample_ms,z_eval_ms,bg_update_ms,dds_transport_ms,fsm_eval_ms,node_latency_ms,from_state,ap_state,rpn_result,counter,trigger_channels
1647561600.0,1787429471.8115153,1,1.2091,0.0524,0.031,0.771,0.0353,0.334,NOMINAL,NOMINAL,STALE,0,
1647562500.0,1787429471.9360132,1,1.0872,0.0555,,0.916,0.0323,0.316,NOMINAL,NOMINAL,STALE,0,
1647563400.0,1787429472.0605712,1,1.0312,0.0561,,0.584,0.026,0.28,NOMINAL,NOMINAL,STALE,0,
1647564300.0,1787429472.185353,1,0.9301,0.0526,,0.57,0.0242,0.231,NOMINAL,NOMINAL,STALE,0,
1647565200.0,1787429472.311097,1,1.2066,0.0578,,0.741,0.0283,0.277,NOMINAL,NOMINAL,STALE,0,
1647566100.0,1787429472.4361694,1,1.2111,0.0583,,0.671,0.0251,0.253,NOMINAL,NOMINAL,STALE,0,
1647567000.0,1787429472.560653,1,1.0832,0.0518,,0.589,0.0244,0.257,NOMINAL,NOMINAL,STALE,0,
1647567900.0,1787429472.6856666,1,1.0234,0.0529,,0.696,0.0236,0.242,NOMINAL,NOMINAL,STALE,0,
1647568800.0,1787429472.8104334,1,1.0187,0.0512,,0.538,0.0236,0.227,NOMINAL,NOMINAL,STALE,0,
1647569700.0,1787429472.9354477,1,0.9786,0.053,,0.604,0.0249,0.242,NOMINAL,NOMINAL,STALE,0,
1647570600.0,1787429473.0606205,1,0.9965,0.0538,,0.634,0.0253,0.278,NOMINAL,NOMINAL,STALE,0,
1647571500.0,1787429473.1853309,1,0.9052,0.0529,,0.548,0.0221,0.277,NOMINAL,NOMINAL,STALE,0,
1647572400.0,1787429473.310348,1,0.9182,0.0528,,0.549,0.0216,0.282,NOMINAL,NOMINAL,STALE,0,
1647573300.0,1787429473.4361727,1,1.1985,0.0574,,0.695,0.0277,0.261,NOMINAL,NOMINAL,STALE,0,
1647574200.0,1787429473.5606241,1,1.0596,0.0552,,0.607,0.0269,0.264,NOMINAL,NOMINAL,STALE,0,
1647575100.0,1787429473.6853902,1,0.933,0.0518,,0.594,0.0234,0.228,NOMINAL,NOMINAL,STALE,0,
1647576000.0,1787429473.8102906,1,0.9334,0.0527,,0.553,0.0245,0.228,NOMINAL,NOMINAL,STALE,0,
1647576900.0,1787429473.9351783,1,0.8258,0.049,,0.602,0.0255,0.233,NOMINAL,NOMINAL,STALE,0,
1647577800.0,1787429474.0606906,1,0.9815,0.0534,,0.685,0.027,0.312,NOMINAL,NOMINAL,STALE,0,
1647578700.0,1787429474.185242,1,0.8217,0.05,,0.607,0.0433,0.253,NOMINAL,NOMINAL,STALE,0,
1647579600.0,1787429474.310198,1,0.816,0.05,,0.584,0.0246,0.228,NOMINAL,NOMINAL,STALE,0,
1647580500.0,1787429474.435221,1,0.8031,0.0501,,0.566,0.022,0.275,NOMINAL,NOMINAL,STALE,0,
1647581400.0,1787429474.5602944,1,0.8413,0.0488,,0.622,0.0239,0.226,NOMINAL,NOMINAL,STALE,0,
1647582300.0,1787429474.685171,1,0.7915,0.0505,,0.575,0.0239,0.244,NOMINAL,NOMINAL,STALE,0,
1647583200.0,1787429474.8103747,1,0.959,0.0522,,0.558,0.0255,0.233,NOMINAL,NOMINAL,STALE,0,
1647584100.0,1787429474.9365785,1,1.2934,0.0615,,0.936,0.0342,0.308,NOMINAL,NOMINAL,STALE,0,
1647585000.0,1787429475.0615325,1,1.2245,0.0606,,0.944,0.0324,0.304,NOMINAL,NOMINAL,STALE,0,
1647585900.0,1787429475.1863642,1,1.2304,0.0583,,0.786,0.0319,0.289,NOMINAL,NOMINAL,STALE,0,
1647586800.0,1787429475.3107033,1,1.0945,0.0551,,0.624,0.0279,0.247,NOMINAL,NOMINAL,STALE,0,
1647587700.0,1787429475.4356737,1,1.0642,0.0522,,0.638,0.0267,0.235,NOMINAL,NOMINAL,STALE,0,
1647588600.0,1787429475.56049,1,0.9546,0.0523,,0.6,0.0244,0.273,NOMINAL,NOMINAL,STALE,0,
1647589500.0,1787429475.685397,1,0.9068,0.0514,,0.619,0.0246,0.226,NOMINAL,NOMINAL,STALE,0,
1647590400.0,1787429475.8104248,1,0.9983,0.0522,,0.544,0.0235,0.225,NOMINAL,NOMINAL,STALE,0,
1647591300.0,1787429475.935341,1,0.9249,0.0506,,0.579,0.0239,0.222,NOMINAL,NOMINAL,STALE,0,
1647592200.0,1787429476.0605385,1,0.9582,0.0543,,0.635,0.0254,0.24,NOMINAL,NOMINAL,STALE,0,
1647593100.0,1787429476.1853893,1,0.9192,0.0521,,0.608,0.0247,0.229,NOMINAL,NOMINAL,STALE,0,
1647594000.0,1787429476.310349,1,0.911,0.0531,,0.586,0.0238,0.221,NOMINAL,NOMINAL,STALE,0,
1647594900.0,1787429476.4352818,1,0.859,0.0512,,0.578,0.0218,0.218,NOMINAL,NOMINAL,STALE,0,
1647595800.0,1787429476.5603318,1,0.8618,0.0516,,0.586,0.0229,0.252,NOMINAL,NOMINAL,STALE,0,
1647596700.0,1787429476.685395,1,0.8697,0.0501,,0.596,0.0215,0.25,NOMINAL,NOMINAL,STALE,0,
1647597600.0,1787429476.8102298,1,0.886,0.0508,,0.524,0.0215,0.225,NOMINAL,NOMINAL,STALE,0,
1647598500.0,1787429476.9353294,1,0.9012,0.0529,,0.588,0.0248,0.229,NOMINAL,NOMINAL,STALE,0,
1647599400.0,1787429477.0606012,1,0.9776,0.0549,,0.661,0.0265,0.241,NOMINAL,NOMINAL,STALE,0,
1647600300.0,1787429477.185373,1,0.9203,0.0519,,0.595,0.0251,0.228,NOMINAL,NOMINAL,STALE,0,
1647601200.0,1787429477.3110752,1,1.127,0.0598,,0.786,0.0292,0.339,NOMINAL,NOMINAL,STALE,0,
1647602100.0,1787429477.4363132,1,1.2026,0.0591,,0.792,0.0332,0.278,NOMINAL,NOMINAL,STALE,0,
1647603000.0,1787429477.5607278,1,1.0524,0.0536,,0.682,0.0287,0.28,NOMINAL,NOMINAL,STALE,0,
1647603900.0,1787429477.6854577,1,0.9336,0.0527,,0.655,0.0269,0.24,NOMINAL,NOMINAL,STALE,0,
1647604800.0,1787429477.8107302,1,1.1108,0.0566,,0.592,0.029,0.288,NOMINAL,NOMINAL,STALE,0,
1647605700.0,1787429477.9355989,1,1.039,0.054,,0.642,0.0282,0.245,NOMINAL,NOMINAL,STALE,0,
1647606600.0,1787429478.0606148,1,1.0242,0.0543,,0.63,0.0285,0.239,NOMINAL,NOMINAL,STALE,0,
1647607500.0,1787429478.1856768,1,1.0414,0.0549,,0.652,0.0253,0.233,NOMINAL,NOMINAL,STALE,0,
1647608400.0,1787429478.3105068,1,1.0036,0.053,,0.591,0.0238,0.226,NOMINAL,NOMINAL,STALE,0,
1647609300.0,1787429478.4362345,1,1.1894,0.0581,,0.763,0.0312,0.276,NOMINAL,NOMINAL,STALE,0,
1647610200.0,1787429478.5607452,1,1.0855,0.0543,,0.66,0.026,0.236,NOMINAL,NOMINAL,STALE,0,
1647611100.0,1787429478.6855333,1,0.982,0.0529,,0.633,0.0237,0.224,NOMINAL,NOMINAL,STALE,0,
1647612000.0,1787429478.8103282,1,0.9488,0.0533,,0.548,0.0209,0.224,NOMINAL,NOMINAL,STALE,0,
1647612900.0,1787429478.9353037,1,0.9074,0.0528,,0.591,0.0216,0.215,NOMINAL,NOMINAL,STALE,0,
1647613800.0,1787429479.0603323,1,0.8804,0.052,,0.595,0.0215,0.221,NOMINAL,NOMINAL,STALE,0,
1647614700.0,1787429479.1855664,1,0.9503,0.0535,,0.671,0.0235,0.236,NOMINAL,NOMINAL,STALE,0,
1647615600.0,1787429479.3104675,1,0.9572,0.0539,,0.631,0.0241,0.225,NOMINAL,NOMINAL,STALE,0,
1647616500.0,1787429479.4353378,1,0.8976,0.0507,,0.581,0.0222,0.213,NOMINAL,NOMINAL,STALE,0,
1647617400.0,1787429479.5602942,1,0.8754,0.0516,,0.576,0.0206,0.216,NOMINAL,NOMINAL,STALE,0,
1647618300.0,1787429479.6852992,1,0.8711,0.0528,,0.559,0.0204,0.261,NOMINAL,NOMINAL,STALE,0,
1647619200.0,1787429479.8103368,1,0.9591,0.0534,,0.539,0.0227,0.221,NOMINAL,NOMINAL,STALE,0,
1647620100.0,1787429479.9353075,1,0.8955,0.0519,,0.589,0.023,0.222,NOMINAL,NOMINAL,STALE,0,
1647621000.0,1787429480.0602665,1,0.8633,0.0505,,0.57,0.0216,0.216,NOMINAL,NOMINAL,STALE,0,
1647621900.0,1787429480.1855168,1,0.9424,0.0519,,0.648,0.0254,0.231,NOMINAL,NOMINAL,STALE,0,
1647622800.0,1787429480.310332,1,0.9238,0.0542,,0.57,0.0223,0.224,NOMINAL,NOMINAL,STALE,0,
1647623700.0,1787429480.4356225,1,0.9978,0.0532,,0.612,0.0251,0.23,NOMINAL,NOMINAL,STALE,0,
1647624600.0,1787429480.5604851,1,0.9692,0.0513,,0.601,0.0226,0.229,NOMINAL,NOMINAL,STALE,0,
1647625500.0,1787429480.6853042,1,0.8978,0.0506,,0.586,0.0215,0.218,NOMINAL,NOMINAL,STALE,0,
1647626400.0,1787429480.8103366,1,0.9705,0.0531,,0.527,0.0217,0.223,NOMINAL,NOMINAL,STALE,0,
1647627300.0,1787429480.9352918,1,0.8985,0.0524,,0.589,0.0224,0.221,NOMINAL,NOMINAL,STALE,0,
1647628200.0,1787429481.0603473,1,0.8856,0.0519,,0.6,0.0212,0.225,NOMINAL,NOMINAL,STALE,0,
1647629100.0,1787429481.1856518,1,0.9816,0.0528,,0.689,0.0267,0.242,NOMINAL,NOMINAL,STALE,0,
1647630000.0,1787429481.3104787,1,0.9639,0.0528,,0.614,0.024,0.23,NOMINAL,NOMINAL,STALE,0,
1647630900.0,1787429481.4353597,1,0.8848,0.0518,,0.627,0.0235,0.223,NOMINAL,NOMINAL,STALE,0,
1647631800.0,1787429481.5603383,1,0.8712,0.0523,,0.624,0.023,0.22,NOMINAL,NOMINAL,STALE,0,
1647632700.0,1787429481.6854382,1,0.8885,0.0516,,0.658,0.0235,0.224,NOMINAL,NOMINAL,STALE,0,
1647633600.0,1787429481.810314,1,0.9286,0.0545,,0.555,0.0233,0.235,NOMINAL,NOMINAL,STALE,0,
1647634500.0,1787429481.9353416,1,0.8821,0.0516,,0.621,0.0246,0.248,NOMINAL,NOMINAL,STALE,0,
1647635400.0,1787429482.0603209,1,0.8711,0.0511,,0.621,0.0237,0.233,NOMINAL,NOMINAL,STALE,0,
1647636300.0,1787429482.1855524,1,0.9212,0.0522,,0.692,0.026,0.238,NOMINAL,NOMINAL,STALE,0,
1647637200.0,1787429482.3109486,1,1.0786,0.0571,,0.818,0.0284,0.267,NOMINAL,NOMINAL,STALE,0,
1647638100.0,1787429482.436259,1,1.1677,0.0577,,0.811,0.0317,0.276,NOMINAL,NOMINAL,STALE,0,
1647639000.0,1787429482.5610158,1,1.1162,0.0575,,0.806,0.0311,0.287,NOMINAL,NOMINAL,STALE,0,
1647639900.0,1787429482.6856186,1,1.0066,0.0543,,0.693,0.0254,0.241,NOMINAL,NOMINAL,STALE,0,
1647640800.0,1787429482.8106952,1,1.066,0.0543,,0.667,0.0266,0.249,NOMINAL,NOMINAL,STALE,0,
1647641700.0,1787429482.9353733,1,0.9114,0.0538,,0.643,0.0253,0.24,NOMINAL,NOMINAL,STALE,0,
1647642600.0,1787429483.0603313,1,0.8712,0.0525,,0.622,0.0254,0.238,NOMINAL,NOMINAL,STALE,0,
1647643500.0,1787429483.1851912,1,0.8243,0.0516,,0.61,0.0237,0.257,NOMINAL,NOMINAL,STALE,0,
1647644400.0,1787429483.3106055,1,1.0086,0.0531,,0.656,0.0253,0.243,NOMINAL,NOMINAL,STALE,0,
1647645300.0,1787429483.4361007,1,1.1388,0.0577,,0.752,0.0314,0.272,NOMINAL,NOMINAL,STALE,0,
1647646200.0,1787429483.5605097,1,1.0159,0.0552,,0.64,0.0267,0.243,NOMINAL,NOMINAL,STALE,0,
1647647100.0,1787429483.6853635,1,0.875,0.0501,,0.637,0.0244,0.236,NOMINAL,NOMINAL,STALE,0,
1647648000.0,1787429483.81204,1,1.0046,0.1595,0.5464,0.551,0.029,0.239,NOMINAL,NOMINAL,NORMAL,0,
1647648900.0,1787429483.9354823,1,0.9498,0.1318,,0.638,0.0277,0.245,NOMINAL,NOMINAL,NORMAL,0,
1647649800.0,1787429484.0605292,1,0.9567,0.1324,,0.602,0.0268,0.242,NOMINAL,NOMINAL,NORMAL,0,
1647650700.0,1787429484.1854756,1,0.9102,0.1292,,0.633,0.0244,0.229,NOMINAL,NOMINAL,NORMAL,0,
1647651600.0,1787429484.3108,1,1.0473,0.1369,,0.657,0.0288,0.251,NOMINAL,NOMINAL,NORMAL,0,
1647652500.0,1787429484.4355052,1,0.926,0.132,,0.619,0.0256,0.239,NOMINAL,NOMINAL,TRIGGERED,1,omni_p6
1647653400.0,1787429484.5604055,1,0.8859,0.1266,,0.61,0.0237,0.223,NOMINAL,NOMINAL,TRIGGERED,2,omni_p6
1647654300.0,1787429484.685453,1,0.8998,0.1225,,0.614,0.0251,0.223,NOMINAL,NOMINAL,NORMAL,0,
1647655200.0,1787429484.8103473,1,0.9233,0.1239,,0.541,0.0245,0.228,NOMINAL,NOMINAL,NORMAL,0,
1647656100.0,1787429484.9353452,1,0.8792,0.1246,,0.59,0.0242,0.228,NOMINAL,NOMINAL,NORMAL,0,
1647657000.0,1787429485.0604558,1,0.9044,0.1225,,0.615,0.0235,0.227,NOMINAL,NOMINAL,NORMAL,0,
1647657900.0,1787429485.1853998,1,0.8869,0.124,,0.592,0.0231,0.243,NOMINAL,NOMINAL,TRIGGERED,1,omni_p6
1647658800.0,1787429485.3106556,1,0.9851,0.1321,,0.64,0.0262,0.245,NOMINAL,NOMINAL,TRIGGERED,2,omni_p6
1647659700.0,1787429485.435629,1,0.9589,0.1286,,0.629,0.027,0.251,NOMINAL,NOMINAL,NORMAL,0,
1647660600.0,1787429485.5603747,1,0.894,0.1271,,0.582,0.0238,0.224,NOMINAL,NOMINAL,NORMAL,0,
1647661500.0,1787429485.685479,1,0.9052,0.1254,,0.637,0.0235,0.229,NOMINAL,NOMINAL,NORMAL,0,
1647662400.0,1787429485.810416,1,0.9223,0.1254,,0.592,0.0252,0.229,NOMINAL,NOMINAL,NORMAL,0,
1647663300.0,1787429485.9354122,1,0.9022,0.1238,,0.607,0.0246,0.227,NOMINAL,NOMINAL,NORMAL,0,
1647664200.0,1787429486.0603728,1,0.8695,0.1253,,0.587,0.023,0.226,NOMINAL,NOMINAL,NORMAL,0,
1647665100.0,1787429486.185433,1,0.8797,0.1255,,0.632,0.0236,0.227,NOMINAL,NOMINAL,NORMAL,0,
1647666000.0,1787429486.3106194,1,0.9745,0.128,,0.649,0.0236,0.239,NOMINAL,NOMINAL,NORMAL,0,
1647666900.0,1787429486.4354475,1,0.9214,0.1258,,0.589,0.0245,0.217,NOMINAL,NOMINAL,NORMAL,0,
1647667800.0,1787429486.5603874,1,0.8854,0.1284,,0.602,0.0229,0.22,NOMINAL,NOMINAL,NORMAL,0,
1647668700.0,1787429486.6854472,1,0.8994,0.1281,,0.639,0.024,0.223,NOMINAL,NOMINAL,NORMAL,0,
1647669600.0,1787429486.8104515,1,0.9459,0.1267,,0.584,0.0242,0.231,NOMINAL,NOMINAL,NORMAL,0,
1647670500.0,1787429486.9353523,1,0.9074,0.1272,,0.568,0.0249,0.216,NOMINAL,NOMINAL,NORMAL,0,
1647671400.0,1787429487.0603762,1,0.9041,0.1251,,0.557,0.0244,0.227,NOMINAL,NOMINAL,NORMAL,0,
1647672300.0,1787429487.1854162,1,0.9038,0.1261,,0.603,0.0232,0.224,NOMINAL,NOMINAL,NORMAL,0,
1647673200.0,1787429487.3113854,1,1.2422,0.15,,0.796,0.0326,0.334,NOMINAL,NOMINAL,NORMAL,0,
1647674100.0,1787429487.4364378,1,1.1891,0.1479,,0.825,0.0329,0.327,NOMINAL,NOMINAL,NORMAL,0,
1647675000.0,1787429487.5609322,1,1.0794,0.1404,,0.757,0.0293,0.25,NOMINAL,NOMINAL,TRIGGERED,1,omni_p6
1647675900.0,1787429487.6857152,1,0.9995,0.1349,,0.689,0.0263,0.239,NOMINAL,NOMINAL,NORMAL,0,
1647676800.0,1787429487.8105488,1,1.0286,0.1305,,0.597,0.0253,0.231,NOMINAL,NOMINAL,NORMAL,0,
1647677700.0,1787429487.9357438,1,1.0326,0.1359,,0.659,0.0264,0.242,NOMINAL,NOMINAL,NORMAL,0,
1647678600.0,1787429488.0605433,1,0.9618,0.133,,0.616,0.026,0.237,NOMINAL,NOMINAL,NORMAL,0,
1647679500.0,1787429488.1852596,1,0.7639,0.039,,0.609,0.0465,0.256,NOMINAL,NOMINAL,STALE,0,
1647680400.0,1787429488.3103724,1,0.8057,0.0417,,0.654,0.0202,0.229,NOMINAL,NOMINAL,STALE,0,
1647681300.0,1787429488.435966,1,0.9031,0.042,,0.798,0.0282,0.284,NOMINAL,NOMINAL,STALE,0,
1647682200.0,1787429488.5603929,1,0.8124,0.0407,,0.635,0.0224,0.266,NOMINAL,NOMINAL,STALE,0,
1647683100.0,1787429488.6854,1,0.7932,0.0405,,0.674,0.0243,0.242,NOMINAL,NOMINAL,STALE,0,
1647684000.0,1787429488.8102024,1,0.7811,0.0414,,0.582,0.0211,0.219,NOMINAL,NOMINAL,STALE,0,
1647684900.0,1787429488.935161,1,0.7381,0.0408,,0.589,0.0229,0.217,NOMINAL,NOMINAL,STALE,0,
1647685800.0,1787429489.060114,1,0.7153,0.0395,,0.577,0.0228,0.223,NOMINAL,NOMINAL,STALE,0,
1647686700.0,1787429489.1850545,1,0.7153,0.0385,,0.553,0.0204,0.204,NOMINAL,NOMINAL,STALE,0,
1647687600.0,1787429489.3101094,1,0.7369,0.041,,0.571,0.0201,0.214,NOMINAL,NOMINAL,STALE,0,
1647688500.0,1787429489.4353547,1,0.7702,0.04,,0.625,0.0228,0.247,NOMINAL,NOMINAL,STALE,0,
1647689400.0,1787429489.5601237,1,0.7144,0.0396,,0.592,0.0206,0.211,NOMINAL,NOMINAL,STALE,0,
1647690300.0,1787429489.6851735,1,0.7081,0.0384,,0.613,0.0203,0.237,NOMINAL,NOMINAL,STALE,0,
1647691200.0,1787429489.810268,1,0.7837,0.0413,,0.604,0.0225,0.231,NOMINAL,NOMINAL,STALE,0,
1647692100.0,1787429489.935174,1,0.7311,0.0386,,0.602,0.0226,0.214,NOMINAL,NOMINAL,STALE,0,
1647693000.0,1787429490.0601604,1,0.741,0.0396,,0.578,0.0211,0.218,NOMINAL,NOMINAL,STALE,0,
1647693900.0,1787429490.1853862,1,0.7932,0.0417,,0.677,0.0237,0.229,NOMINAL,NOMINAL,STALE,0,
1647694800.0,1787429490.3104367,1,0.8491,0.0413,,0.628,0.0236,0.24,NOMINAL,NOMINAL,STALE,0,
1647695700.0,1787429490.435518,1,0.8376,0.0426,,0.677,0.0253,0.239,NOMINAL,NOMINAL,STALE,0,
1647696600.0,1787429490.5602071,1,0.7553,0.0408,,0.59,0.0209,0.253,NOMINAL,NOMINAL,STALE,0,
1647697500.0,1787429490.685295,1,0.7482,0.041,,0.626,0.0212,0.253,NOMINAL,NOMINAL,STALE,0,
1647698400.0,1787429490.810186,1,0.7721,0.0409,,0.565,0.021,0.239,NOMINAL,NOMINAL,STALE,0,
1647699300.0,1787429490.935163,1,0.7335,0.0406,,0.601,0.0202,0.216,NOMINAL,NOMINAL,STALE,0,
1647700200.0,1787429491.0601125,1,0.7228,0.0392,,0.569,0.0205,0.216,NOMINAL,NOMINAL,STALE,0,
1647701100.0,1787429491.1850777,1,0.7082,0.039,,0.558,0.0204,0.21,NOMINAL,NOMINAL,STALE,0,
1647702000.0,1787429491.3101478,1,0.7184,0.0406,,0.578,0.0212,0.229,NOMINAL,NOMINAL,STALE,0,
1647702900.0,1787429491.435249,1,0.7252,0.04,,0.619,0.0208,0.22,NOMINAL,NOMINAL,STALE,0,
1647703800.0,1787429491.56008,1,0.6998,0.0402,,0.586,0.0207,0.209,NOMINAL,NOMINAL,STALE,0,
1647704700.0,1787429491.6851833,1,0.7133,0.0401,,0.599,0.0198,0.233,NOMINAL,NOMINAL,STALE,0,
1647705600.0,1787429491.8100796,1,0.733,0.0417,,0.549,0.0198,0.213,NOMINAL,NOMINAL,STALE,0,
1647706500.0,1787429491.9351437,1,0.7057,0.0433,,0.598,0.0205,0.206,NOMINAL,NOMINAL,STALE,0,
1647707400.0,1787429492.0600693,1,0.6926,0.0391,,0.567,0.0191,0.204,NOMINAL,NOMINAL,STALE,0,
1647708300.0,1787429492.1850843,1,0.6942,0.0396,,0.574,0.0199,0.222,NOMINAL,NOMINAL,STALE,0,
1647709200.0,1787429492.3110068,1,0.9573,0.0466,,0.853,0.0295,0.339,NOMINAL,NOMINAL,STALE,0,
1647710100.0,1787429492.4359045,1,0.907,0.0449,,0.767,0.0279,0.267,NOMINAL,NOMINAL,STALE,0,
1647711000.0,1787429492.5605135,1,0.8345,0.0448,,0.702,0.0242,0.247,NOMINAL,NOMINAL,STALE,0,
1647711900.0,1787429492.6856117,1,0.8558,0.0427,,0.728,0.0244,0.244,NOMINAL,NOMINAL,STALE,0,
1647712800.0,1787429492.8103461,1,0.8414,0.0426,,0.591,0.0224,0.266,NOMINAL,NOMINAL,STALE,0,
1647713700.0,1787429492.9354327,1,0.8027,0.0424,,0.658,0.0229,0.238,NOMINAL,NOMINAL,STALE,0,
1647714600.0,1787429493.0602849,1,0.7761,0.0432,,0.612,0.0217,0.225,NOMINAL,NOMINAL,STALE,0,
1647715500.0,1787429493.1851518,1,0.7324,0.0405,,0.571,0.0213,0.241,NOMINAL,NOMINAL,STALE,0,
1647716400.0,1787429493.3111715,1,0.9593,0.046,,0.975,0.0274,0.298,NOMINAL,NOMINAL,STALE,0,
1647717300.0,1787429493.4362552,1,0.9635,0.0464,,0.923,0.0294,0.313,NOMINAL,NOMINAL,STALE,0,
1647718200.0,1787429493.5607963,1,0.9051,0.0458,,0.782,0.0269,0.274,NOMINAL,NOMINAL,STALE,0,
1647719100.0,1787429493.6855175,1,0.8263,0.0423,,0.701,0.0239,0.242,NOMINAL,NOMINAL,STALE,0,
1647720000.0,1787429493.8102775,1,0.8327,0.0404,,0.574,0.0242,0.232,NOMINAL,NOMINAL,STALE,0,
1647720900.0,1787429493.9352398,1,0.76,0.0417,,0.601,0.0219,0.221,NOMINAL,NOMINAL,STALE,0,
1647721800.0,1787429494.0602372,1,0.7556,0.04,,0.611,0.021,0.223,NOMINAL,NOMINAL,STALE,0,
1647722700.0,1787429494.185143,1,0.7174,0.0406,,0.562,0.0208,0.227,NOMINAL,NOMINAL,STALE,0,
1647723600.0,1787429494.3101454,1,0.7422,0.0408,,0.571,0.0196,0.204,NOMINAL,NOMINAL,STALE,0,
1647724500.0,1787429494.435091,1,0.7006,0.0396,,0.559,0.0197,0.201,NOMINAL,NOMINAL,STALE,0,
1647725400.0,1787429494.5605402,1,0.8192,0.0437,,0.721,0.0244,0.233,NOMINAL,NOMINAL,STALE,0,
1647726300.0,1787429494.6854231,1,0.8051,0.0403,,0.676,0.0216,0.24,NOMINAL,NOMINAL,STALE,0,
1647727200.0,1787429494.8101768,1,0.7738,0.0398,,0.581,0.0198,0.222,NOMINAL,NOMINAL,STALE,0,
1647728100.0,1787429494.9351342,1,0.7171,0.0394,,0.576,0.0206,0.214,NOMINAL,NOMINAL,STALE,0,
1647729000.0,1787429495.060145,1,0.7085,0.0381,,0.573,0.0197,0.248,NOMINAL,NOMINAL,STALE,0,
1647729900.0,1787429495.1851,1,0.6844,0.0383,,0.583,0.0204,0.233,NOMINAL,NOMINAL,STALE,0,
1647730800.0,1787429495.3101225,1,0.7136,0.0421,,0.6,0.0183,0.209,NOMINAL,NOMINAL,STALE,0,
1647731700.0,1787429495.4353883,1,0.7825,0.0412,,0.633,0.0232,0.225,NOMINAL,NOMINAL,STALE,0,
1647732600.0,1787429495.5608115,1,0.8883,0.0441,,0.799,0.0255,0.257,NOMINAL,NOMINAL,STALE,0,
1647733500.0,1787429495.6854575,1,0.8237,0.0404,,0.681,0.0236,0.236,NOMINAL,NOMINAL,STALE,0,
1647734400.0,1787429495.8110757,1,0.8615,0.0403,0.545,0.647,0.0239,0.256,NOMINAL,NOMINAL,STALE,0,
1647735300.0,1787429495.9351988,1,0.7452,0.0406,,0.611,0.0224,0.223,NOMINAL,NOMINAL,STALE,0,
1647736200.0,1787429496.0602295,1,0.7632,0.0393,,0.587,0.0237,0.223,NOMINAL,NOMINAL,STALE,0,
1647737100.0,1787429496.1851926,1,0.7477,0.0391,,0.58,0.0215,0.237,NOMINAL,NOMINAL,STALE,0,
1647738000.0,1787429496.3101676,1,0.7592,0.0411,,0.564,0.0218,0.211,NOMINAL,NOMINAL,STALE,0,
1647738900.0,1787429496.4351144,1,0.6951,0.0392,,0.582,0.019,0.213,NOMINAL,NOMINAL,STALE,0,
1647739800.0,1787429496.5604188,1,0.7578,0.0422,,0.661,0.0213,0.315,NOMINAL,NOMINAL,STALE,0,
1647740700.0,1787429496.6856651,1,0.8588,0.0423,,0.756,0.027,0.251,NOMINAL,NOMINAL,STALE,0,
1647741600.0,1787429496.810314,1,0.8413,0.0401,,0.603,0.0228,0.254,NOMINAL,NOMINAL,STALE,0,
1647742500.0,1787429496.9351952,1,0.7429,0.0409,,0.59,0.0217,0.218,NOMINAL,NOMINAL,STALE,0,
1647743400.0,1787429497.0601306,1,0.7239,0.0395,,0.575,0.0209,0.234,NOMINAL,NOMINAL,STALE,0,
1647744300.0,1787429497.1850512,1,0.7011,0.0392,,0.574,0.0195,0.205,NOMINAL,NOMINAL,STALE,0,
1647745200.0,1787429497.3105385,1,0.8336,0.0428,,0.725,0.0254,0.287,NOMINAL,NOMINAL,STALE,0,
1647746100.0,1787429497.4360933,1,0.9325,0.0446,,0.868,0.0284,0.277,NOMINAL,NOMINAL,STALE,0,
1647747000.0,1787429497.5606115,1,0.8789,0.0437,,0.688,0.0255,0.279,NOMINAL,NOMINAL,STALE,0,
1647747900.0,1787429497.6856678,1,0.8713,0.044,,0.739,0.0249,0.268,NOMINAL,NOMINAL,STALE,0,
1647748800.0,1787429497.810262,1,0.8198,0.043,,0.605,0.0227,0.24,NOMINAL,NOMINAL,STALE,0,
1647749700.0,1787429497.9354439,1,0.8311,0.0405,,0.66,0.0239,0.23,NOMINAL,NOMINAL,STALE,0,
1647750600.0,1787429498.0601945,1,0.7464,0.0387,,0.598,0.0237,0.241,NOMINAL,NOMINAL,STALE,0,
1647751500.0,1787429498.1849887,1,0.6396,0.0361,,0.586,0.0212,0.209,NOMINAL,NOMINAL,STALE,0,
1647752400.0,1787429498.3100517,1,0.694,0.0398,,0.572,0.0188,0.209,NOMINAL,NOMINAL,STALE,0,
1647753300.0,1787429498.4359648,1,0.8957,0.0439,,0.829,0.0285,0.291,NOMINAL,NOMINAL,STALE,0,
1647754200.0,1787429498.5605485,1,0.8571,0.0422,,0.671,0.0246,0.246,NOMINAL,NOMINAL,STALE,0,
1647755100.0,1787429498.6853943,1,0.811,0.0443,,0.634,0.0233,0.237,NOMINAL,NOMINAL,STALE,0,
1647756000.0,1787429498.8102157,1,0.7999,0.041,,0.561,0.0219,0.229,NOMINAL,NOMINAL,STALE,0,
1647756900.0,1787429498.9351451,1,0.7315,0.0408,,0.572,0.0206,0.216,NOMINAL,NOMINAL,STALE,0,
1647757800.0,1787429499.0604565,1,0.8189,0.0399,,0.655,0.0249,0.245,NOMINAL,NOMINAL,STALE,0,
1647758700.0,1787429499.18518,1,0.7481,0.0413,,0.564,0.0204,0.24,NOMINAL,NOMINAL,STALE,0,
1647759600.0,1787429499.31014,1,0.7545,0.0403,,0.56,0.0221,0.214,NOMINAL,NOMINAL,STALE,0,
1647760500.0,1787429499.4350655,1,0.6943,0.0391,,0.565,0.0206,0.209,NOMINAL,NOMINAL,STALE,0,
1647761400.0,1787429499.5599825,1,0.6751,0.0383,,0.556,0.0198,0.204,NOMINAL,NOMINAL,STALE,0,
1647762300.0,1787429499.6853726,1,0.7628,0.0436,,0.676,0.0227,0.228,NOMINAL,NOMINAL,STALE,0,
1647763200.0,1787429499.8101332,1,0.7638,0.0401,,0.549,0.0226,0.221,NOMINAL,NOMINAL,STALE,0,
1647764100.0,1787429499.935142,1,0.7186,0.0401,,0.586,0.0219,0.216,NOMINAL,NOMINAL,STALE,0,
1647765000.0,1787429500.0600383,1,0.6872,0.0392,,0.567,0.0207,0.213,NOMINAL,NOMINAL,STALE,0,
1647765900.0,1787429500.185083,1,0.6987,0.0391,,0.562,0.0199,0.226,NOMINAL,NOMINAL,STALE,0,
1647766800.0,1787429500.310107,1,0.73,0.0397,,0.576,0.0206,0.214,NOMINAL,NOMINAL,STALE,0,
1647767700.0,1787429500.4352314,1,0.7423,0.0397,,0.611,0.0216,0.22,NOMINAL,NOMINAL,STALE,0,
1647768600.0,1787429500.5600626,1,0.7026,0.0399,,0.566,0.0217,0.212,NOMINAL,NOMINAL,STALE,0,
1647769500.0,1787429500.68536,1,0.7593,0.0418,,0.691,0.0244,0.235,NOMINAL,NOMINAL,STALE,0,
1647770400.0,1787429500.8101237,1,0.7692,0.0393,,0.549,0.0225,0.226,NOMINAL,NOMINAL,STALE,0,
1647771300.0,1787429500.9351134,1,0.7066,0.0395,,0.574,0.0217,0.221,NOMINAL,NOMINAL,STALE,0,
1647772200.0,1787429501.0600352,1,0.6859,0.039,,0.564,0.0204,0.208,NOMINAL,NOMINAL,STALE,0,
1647773100.0,1787429501.1849968,1,0.6786,0.0408,,0.544,0.0182,0.214,NOMINAL,NOMINAL,STALE,0,
1647774000.0,1787429501.310496,1,0.8167,0.0436,,0.705,0.0242,0.25,NOMINAL,NOMINAL,STALE,0,
1647774900.0,1787429501.4352245,1,0.7501,0.0385,,0.59,0.0218,0.224,NOMINAL,NOMINAL,STALE,0,
1647775800.0,1787429501.560066,1,0.6901,0.0389,,0.58,0.0204,0.214,NOMINAL,NOMINAL,STALE,0,
1647776700.0,1787429501.6853557,1,0.7492,0.0406,,0.683,0.0241,0.233,NOMINAL,NOMINAL,STALE,0,
1647777600.0,1787429501.8101864,1,0.7724,0.0412,,0.569,0.0228,0.227,NOMINAL,NOMINAL,STALE,0,
1647778500.0,1787429501.9351487,1,0.7167,0.0409,,0.576,0.0215,0.218,NOMINAL,NOMINAL,STALE,0,
1647779400.0,1787429502.060136,1,0.7257,0.0406,,0.572,0.0219,0.214,NOMINAL,NOMINAL,STALE,0,
1647780300.0,1787429502.1850865,1,0.6958,0.0397,,0.555,0.0225,0.245,NOMINAL,NOMINAL,STALE,0,
1647781200.0,1787429502.3103328,1,0.7904,0.0438,,0.649,0.0256,0.243,NOMINAL,NOMINAL,STALE,0,
1647782100.0,1787429502.4361482,1,0.9431,0.0441,,0.892,0.0296,0.298,NOMINAL,NOMINAL,STALE,0,
1647783000.0,1787429502.5605245,1,0.8536,0.0433,,0.694,0.0274,0.25,NOMINAL,NOMINAL,STALE,0,
1647783900.0,1787429502.6855369,1,0.8413,0.0412,,0.706,0.0245,0.242,NOMINAL,NOMINAL,STALE,0,
1647784800.0,1787429502.8103054,1,0.853,0.0406,,0.583,0.0225,0.234,NOMINAL,NOMINAL,STALE,0,
1647785700.0,1787429502.9353848,1,0.8169,0.0407,,0.642,0.0246,0.236,NOMINAL,NOMINAL,STALE,0,
1647786600.0,1787429503.06021,1,0.7605,0.0407,,0.596,0.0222,0.229,NOMINAL,NOMINAL,STALE,0,
1647787500.0,1787429503.1851633,1,0.7273,0.0397,,0.591,0.0215,0.247,NOMINAL,NOMINAL,STALE,0,
1647788400.0,1787429503.31015,1,0.7428,0.0413,,0.575,0.0219,0.22,NOMINAL,NOMINAL,STALE,0,
1647789300.0,1787429503.4359179,1,0.893,0.0439,,0.824,0.0287,0.279,NOMINAL,NOMINAL,STALE,0,
1647790200.0,1787429503.5603259,1,0.8239,0.0419,,0.614,0.0237,0.223,NOMINAL,NOMINAL,STALE,0,
1647791100.0,1787429503.6854463,1,0.8317,0.0416,,0.664,0.0239,0.231,NOMINAL,NOMINAL,STALE,0,
1647792000.0,1787429503.8102522,1,0.8273,0.0409,,0.566,0.0243,0.23,NOMINAL,NOMINAL,STALE,0,
1647792900.0,1787429503.9350252,1,0.6864,0.0404,,0.552,0.0229,0.209,NOMINAL,NOMINAL,STALE,0,
1647793800.0,1787429504.0600603,1,0.7249,0.0411,,0.542,0.0231,0.209,NOMINAL,NOMINAL,STALE,0,
1647794700.0,1787429504.1849513,1,0.6889,0.0396,,0.52,0.0202,0.198,NOMINAL,NOMINAL,STALE,0,
1647795600.0,1787429504.3104005,1,0.8224,0.0426,,0.661,0.0254,0.233,NOMINAL,NOMINAL,STALE,0,
1647796500.0,1787429504.4350982,1,0.7367,0.0397,,0.542,0.0232,0.21,NOMINAL,NOMINAL,STALE,0,
1647797400.0,1787429504.55999,1,0.6889,0.0384,,0.535,0.0213,0.201,NOMINAL,NOMINAL,STALE,0,
1647798300.0,1787429504.6849415,1,0.6371,0.0399,,0.555,0.0208,0.205,NOMINAL,NOMINAL,STALE,0,
1647799200.0,1787429504.810342,1,0.8316,0.0422,,0.583,0.025,0.232,NOMINAL,NOMINAL,STALE,0,
1647800100.0,1787429504.9352174,1,0.7657,0.0405,,0.569,0.0239,0.223,NOMINAL,NOMINAL,STALE,0,
1647801000.0,1787429505.0601597,1,0.7544,0.041,,0.564,0.0238,0.216,NOMINAL,NOMINAL,STALE,0,
1647801900.0,1787429505.1850543,1,0.7184,0.0397,,0.531,0.0221,0.21,NOMINAL,NOMINAL,STALE,0,
1647802800.0,1787429505.3104668,1,0.8457,0.0435,,0.663,0.0253,0.234,NOMINAL,NOMINAL,STALE,0,
1647803700.0,1787429505.435381,1,0.8086,0.0421,,0.63,0.0242,0.233,NOMINAL,NOMINAL,STALE,0,
1647804600.0,1787429505.5600708,1,0.7084,0.0399,,0.556,0.023,0.237,NOMINAL,NOMINAL,STALE,0,
1647805500.0,1787429505.6849892,1,0.6891,0.0405,,0.542,0.0199,0.208,NOMINAL,NOMINAL,STALE,0,
1647806400.0,1787429505.8103302,1,0.8377,0.0426,,0.607,0.0235,0.234,NOMINAL,NOMINAL,STALE,0,
1647807300.0,1787429505.9354434,1,0.8114,0.0432,,0.659,0.0259,0.239,NOMINAL,NOMINAL,STALE,0,
1647808200.0,1787429506.06024,1,0.7813,0.0398,,0.59,0.0244,0.231,NOMINAL,NOMINAL,STALE,0,
1647809100.0,1787429506.1850767,1,0.7223,0.0414,,0.547,0.0201,0.216,NOMINAL,NOMINAL,STALE,0,
1647810000.0,1787429506.3100839,1,0.7371,0.0403,,0.552,0.0216,0.209,NOMINAL,NOMINAL,STALE,0,
1647810900.0,1787429506.4352715,1,0.772,0.039,,0.615,0.023,0.227,NOMINAL,NOMINAL,STALE,0,
1647811800.0,1787429506.5601153,1,0.7291,0.0403,,0.559,0.0216,0.214,NOMINAL,NOMINAL,STALE,0,
1647812700.0,1787429506.6850216,1,0.6962,0.0398,,0.551,0.0214,0.207,NOMINAL,NOMINAL,STALE,0,
1647813600.0,1787429506.8105109,1,0.8501,0.0441,,0.689,0.0259,0.239,NOMINAL,NOMINAL,STALE,0,
1647814500.0,1787429506.9352665,1,0.7806,0.0398,,0.587,0.0233,0.224,NOMINAL,NOMINAL,STALE,0,
1647815400.0,1787429507.06037,1,0.813,0.0435,,0.62,0.0251,0.245,NOMINAL,NOMINAL,STALE,0,
1647816300.0,1787429507.185621,1,1.0645,0.1483,,0.593,0.0301,0.234,NOMINAL,NOMINAL,TRIGGERED,1,omni_p6
1647817200.0,1787429507.3108368,1,1.0945,0.1524,,0.703,0.0288,0.272,NOMINAL,NOMINAL,TRIGGERED,2,omni_p6
1647818100.0,1787429507.4359908,1,0.937,0.0478,,0.812,0.029,0.276,NOMINAL,NOMINAL,STALE,2,
1647819000.0,1787429507.5604794,1,0.8574,0.0492,,0.641,0.036,0.251,NOMINAL,NOMINAL,STALE,2,
1647819900.0,1787429507.6858299,1,0.9014,0.0496,,0.806,0.0289,0.26,NOMINAL,NOMINAL,STALE,2,
1647820800.0,1787429507.811214,1,0.9379,0.0448,0.5123,0.662,0.0263,0.25,NOMINAL,NOMINAL,STALE,2,
1647821700.0,1787429507.935632,1,0.8952,0.0476,,0.661,0.0244,0.243,NOMINAL,NOMINAL,STALE,2,
1647822600.0,1787429508.0603607,1,0.8245,0.044,,0.618,0.0236,0.23,NOMINAL,NOMINAL,STALE,2,
1647823500.0,1787429508.185229,1,0.7667,0.0442,,0.569,0.0236,0.25,NOMINAL,NOMINAL,STALE,2,
1647824400.0,1787429508.310209,1,0.8034,0.0451,,0.569,0.0205,0.215,NOMINAL,NOMINAL,STALE,2,
1647825300.0,1787429508.4362562,1,1.0551,0.0479,,0.832,0.0291,0.276,NOMINAL,NOMINAL,STALE,2,
1647826200.0,1787429508.5603597,1,0.8356,0.0469,,0.616,0.0341,0.243,NOMINAL,NOMINAL,STALE,2,
1647827100.0,1787429508.6851559,1,0.7407,0.0425,,0.553,0.0213,0.259,NOMINAL,NOMINAL,STALE,2,
1647828000.0,1787429508.81041,1,0.8318,0.0445,,0.628,0.0244,0.238,NOMINAL,NOMINAL,STALE,2,
1647828900.0,1787429508.9351864,1,0.7519,0.0443,,0.572,0.0249,0.225,NOMINAL,NOMINAL,STALE,2,
1647829800.0,1787429509.060087,1,0.7238,0.0418,,0.553,0.0206,0.215,NOMINAL,NOMINAL,STALE,2,
1647830700.0,1787429509.1854959,1,0.995,0.1428,,0.592,0.0271,0.221,NOMINAL,NOMINAL,NORMAL,0,
1647831600.0,1787429509.3103352,1,0.8827,0.1246,,0.561,0.0258,0.247,NOMINAL,NOMINAL,NORMAL,0,
1647832500.0,1787429509.434992,1,0.643,0.0386,,0.566,0.0202,0.21,NOMINAL,NOMINAL,STALE,0,
1647833400.0,1787429509.5599868,1,0.6709,0.0387,,0.551,0.0211,0.209,NOMINAL,NOMINAL,STALE,0,
1647834300.0,1787429509.6849284,1,0.6421,0.0375,,0.544,0.02,0.209,NOMINAL,NOMINAL,STALE,0,
1647835200.0,1787429509.8101497,1,0.7465,0.0409,,0.594,0.0225,0.234,NOMINAL,NOMINAL,STALE,0,
1647836100.0,1787429509.9352791,1,0.7692,0.041,,0.62,0.0254,0.223,NOMINAL,NOMINAL,STALE,0,
1647837000.0,1787429510.0605264,1,1.0224,0.1437,,0.574,0.0259,0.217,NOMINAL,NOMINAL,NORMAL,0,
1647837900.0,1787429510.185397,1,0.9299,0.1363,,0.581,0.0266,0.218,NOMINAL,NOMINAL,NORMAL,0,
1647838800.0,1787429510.3103156,1,0.9196,0.1316,,0.539,0.0227,0.208,NOMINAL,NOMINAL,NORMAL,0,
1647839700.0,1787429510.4356163,1,0.9887,0.1355,,0.611,0.0274,0.232,NOMINAL,NOMINAL,NORMAL,0,
1647840600.0,1787429510.5604308,1,0.922,0.1327,,0.619,0.0258,0.223,NOMINAL,NOMINAL,NORMAL,0,
1647841500.0,1787429510.685647,1,0.933,0.1306,,0.728,0.0292,0.256,NOMINAL,NOMINAL,NORMAL,0,
1647842400.0,1787429510.8105636,1,1.0308,0.1334,,0.599,0.0272,0.244,NOMINAL,NOMINAL,NORMAL,0,
1647843300.0,1787429510.9356253,1,0.994,0.1342,,0.648,0.0257,0.232,NOMINAL,NOMINAL,NORMAL,0,
1647844200.0,1787429511.0604484,1,0.9438,0.1287,,0.591,0.026,0.225,NOMINAL,NOMINAL,NORMAL,0,
1647845100.0,1787429511.185396,1,0.9092,0.128,,0.593,0.0242,0.228,NOMINAL,NOMINAL,NORMAL,0,
1647846000.0,1787429511.3104632,1,0.9626,0.1289,,0.584,0.0241,0.222,NOMINAL,NOMINAL,NORMAL,0,
1647846900.0,1787429511.435336,1,0.8798,0.1258,,0.576,0.0232,0.218,NOMINAL,NOMINAL,NORMAL,0,
1647847800.0,1787429511.5603268,1,0.8803,0.1239,,0.587,0.0233,0.21,NOMINAL,NOMINAL,NORMAL,0,
1647848700.0,1787429511.6853411,1,0.8654,0.1244,,0.593,0.023,0.217,NOMINAL,NOMINAL,NORMAL,0,
1647849600.0,1787429511.8104181,1,0.9635,0.1296,,0.557,0.025,0.228,NOMINAL,NOMINAL,NORMAL,0,
1647850500.0,1787429511.9356217,1,0.9746,0.1313,,0.653,0.0276,0.235,NOMINAL,NOMINAL,TRIGGERED,1,omni_p6
1647851400.0,1787429512.0604398,1,0.9185,0.1303,,0.601,0.025,0.239,NOMINAL,NOMINAL,TRIGGERED,2,omni_p6
1647852300.0,1787429512.185354,1,0.8855,0.1236,,0.599,0.0238,0.216,NOMINAL,NOMINAL,NORMAL,0,
1647853200.0,1787429512.310701,1,1.0207,0.1367,,0.699,0.0287,0.248,NOMINAL,NOMINAL,NORMAL,0,
1647854100.0,1787429512.436473,1,1.1834,0.1519,,0.892,0.0328,0.294,NOMINAL,NOMINAL,NORMAL,0,
1647855000.0,1787429512.5607862,1,1.083,0.1413,,0.677,0.0271,0.237,NOMINAL,NOMINAL,NORMAL,0,
1647855900.0,1787429512.6855304,1,0.9567,0.1317,,0.635,0.0244,0.234,NOMINAL,NOMINAL,NORMAL,0,
1647856800.0,1787429512.8105533,1,1.0147,0.1324,,0.617,0.0274,0.232,NOMINAL,NOMINAL,TRIGGERED,1,omni_p6
1647857700.0,1787429512.9359574,1,1.0909,0.1447,,0.723,0.029,0.255,NOMINAL,NOMINAL,TRIGGERED,2,omni_p6
1647858600.0,1787429513.0605826,1,1.0046,0.1323,,0.597,0.0231,0.22,NOMINAL,NOMINAL,NORMAL,0,
1647859500.0,1787429513.185447,1,0.9487,0.1285,,0.588,0.0199,0.198,NOMINAL,NOMINAL,NORMAL,0,
1647860400.0,1787429513.3103886,1,0.9384,0.1245,,0.558,0.017,0.196,NOMINAL,NOMINAL,NORMAL,0,
1647861300.0,1787429513.4363072,1,1.1732,0.1462,,0.812,0.0326,0.281,NOMINAL,NOMINAL,NORMAL,0,
1647862200.0,1787429513.5607197,1,1.0406,0.1389,,0.656,0.0269,0.239,NOMINAL,NOMINAL,NORMAL,0,
1647863100.0,1787429513.6856174,1,1.0156,0.1412,,0.629,0.0211,0.211,NOMINAL,NOMINAL,TRIGGERED,1,omni_p6
1647864000.0,1787429513.8105175,1,1.0093,0.1347,,0.586,0.0264,0.229,NOMINAL,NOMINAL,NORMAL,0,
1647864900.0,1787429513.9356322,1,0.9922,0.1344,,0.64,0.0266,0.235,NOMINAL,NOMINAL,NORMAL,0,
1647865800.0,1787429514.0605512,1,0.9688,0.1333,,0.595,0.0264,0.228,NOMINAL,NOMINAL,NORMAL,0,
1647866700.0,1787429514.1854618,1,0.9417,0.13,,0.601,0.0238,0.216,NOMINAL,NOMINAL,NORMAL,0,
1647867600.0,1787429514.310432,1,0.9462,0.1267,,0.576,0.0248,0.208,NOMINAL,NOMINAL,NORMAL,0,
1647868500.0,1787429514.435311,1,0.8883,0.1267,,0.554,0.0207,0.196,NOMINAL,NOMINAL,TRIGGERED,1,omni_p6
1647869400.0,1787429514.5604014,1,0.9131,0.131,,0.587,0.0238,0.211,NOMINAL,NOMINAL,TRIGGERED,2,omni_p6
1647870300.0,1787429514.6853857,1,0.8992,0.1322,,0.597,0.0243,0.21,NOMINAL,NOMINAL,NORMAL,0,
1647871200.0,1787429514.8103912,1,0.9351,0.1282,,0.579,0.0261,0.224,NOMINAL,NOMINAL,NORMAL,0,
1647872100.0,1787429514.9355779,1,0.9573,0.1343,,0.636,0.0257,0.234,NOMINAL,NOMINAL,NORMAL,0,
1647873000.0,1787429515.0605557,1,0.9523,0.1312,,0.629,0.0248,0.234,NOMINAL,NOMINAL,NORMAL,0,
1647873900.0,1787429515.1853566,1,0.9062,0.1321,,0.581,0.0229,0.219,NOMINAL,NOMINAL,NORMAL,0,
1647874800.0,1787429515.3104062,1,0.9426,0.1287,,0.568,0.0248,0.217,NOMINAL,NOMINAL,TRIGGERED,1,omni_p6
1647875700.0,1787429515.4355536,1,0.9629,0.1365,,0.598,0.0262,0.229,NOMINAL,NOMINAL,TRIGGERED,2,omni_p6
1647876600.0,1787429515.56034,1,0.8985,0.1291,,0.599,0.0242,0.216,NOMINAL,NOMINAL,NORMAL,0,
1647877500.0,1787429515.6852145,1,0.816,0.1186,,0.575,0.0235,0.23,NOMINAL,NOMINAL,NORMAL,0,
1647878400.0,1787429515.8102224,1,0.8584,0.1197,,0.55,0.0246,0.225,NOMINAL,NOMINAL,NORMAL,0,
1647879300.0,1787429515.935223,1,0.8273,0.123,,0.544,0.0237,0.211,NOMINAL,NOMINAL,NORMAL,0,
1647880200.0,1787429516.060621,1,0.9574,0.13,,0.644,0.027,0.244,NOMINAL,NOMINAL,NORMAL,0,
1647881100.0,1787429516.185813,1,1.0407,0.1402,,0.707,0.0269,0.251,NOMINAL,NOMINAL,NORMAL,0,
1647882000.0,1787429516.3105724,1,1.0039,0.131,,0.605,0.0256,0.232,NOMINAL,NOMINAL,NORMAL,0,
1647882900.0,1787429516.435523,1,0.9391,0.1301,,0.606,0.026,0.219,NOMINAL,NOMINAL,NORMAL,0,
1647883800.0,1787429516.560354,1,0.8916,0.1289,,0.571,0.0241,0.216,NOMINAL,NOMINAL,NORMAL,0,
1647884700.0,1787429516.6853924,1,0.8943,0.124,,0.604,0.0248,0.213,NOMINAL,NOMINAL,NORMAL,0,
1647885600.0,1787429516.8104825,1,0.9684,0.1285,,0.582,0.025,0.232,NOMINAL,NOMINAL,NORMAL,0,
1647886500.0,1787429516.9353862,1,0.9242,0.127,,0.568,0.0234,0.221,NOMINAL,NOMINAL,NORMAL,0,
1647887400.0,1787429517.0606422,1,0.9892,0.1325,,0.625,0.0298,0.24,NOMINAL,NOMINAL,NORMAL,0,
1647888300.0,1787429517.1855135,1,0.9539,0.1338,,0.6,0.0268,0.223,NOMINAL,NOMINAL,NORMAL,0,
1647889200.0,1787429517.3108535,1,1.0654,0.1386,,0.715,0.0299,0.276,NOMINAL,NOMINAL,NORMAL,0,
1647890100.0,1787429517.4364054,1,1.1869,0.1458,,0.854,0.0331,0.288,NOMINAL,NOMINAL,NORMAL,0,
1647891000.0,1787429517.5607903,1,1.0675,0.1415,,0.723,0.0278,0.249,NOMINAL,NOMINAL,NORMAL,0,
1647891900.0,1787429517.6856303,1,0.9985,0.1365,,0.641,0.0272,0.236,NOMINAL,NOMINAL,NORMAL,0,
1647892800.0,1787429517.810501,1,1.0025,0.134,,0.576,0.0257,0.236,NOMINAL,NOMINAL,NORMAL,0,
1647893700.0,1787429517.9357538,1,1.064,0.1391,,0.642,0.0275,0.24,NOMINAL,NOMINAL,NORMAL,0,
1647894600.0,1787429518.060734,1,1.0271,0.1383,,0.651,0.0273,0.247,NOMINAL,NOMINAL,NORMAL,0,
1647895500.0,1787429518.185636,1,1.1251,0.1395,,0.579,0.0217,0.212,NOMINAL,NOMINAL,TRIGGERED,1,omni_p6
1647896400.0,1787429518.3103302,1,0.935,0.1288,,0.527,0.0197,0.202,NOMINAL,NOMINAL,NORMAL,0,
1647897300.0,1787429518.4362693,1,1.1378,0.1453,,0.805,0.0328,0.333,NOMINAL,NOMINAL,NORMAL,0,
1647898200.0,1787429518.5606627,1,1.0504,0.1375,,0.625,0.0268,0.241,NOMINAL,NOMINAL,NORMAL,0,
1647899100.0,1787429518.6854599,1,0.9653,0.1308,,0.564,0.0213,0.205,NOMINAL,NOMINAL,NORMAL,0,
1647900000.0,1787429518.8104618,1,1.0002,0.1278,,0.561,0.0244,0.229,NOMINAL,NOMINAL,NORMAL,0,
1647900900.0,1787429518.9353275,1,0.8692,0.1248,,0.584,0.0237,0.216,NOMINAL,NOMINAL,NORMAL,0,
1647901800.0,1787429519.0605638,1,0.9663,0.1324,,0.634,0.0255,0.233,NOMINAL,NOMINAL,TRIGGERED,1,omni_p6
1647902700.0,1787429519.1853688,1,0.8534,0.1253,,0.65,0.0253,0.227,NOMINAL,NOMINAL,NORMAL,0,
1647903600.0,1787429519.3104508,1,0.9214,0.1274,,0.601,0.0252,0.227,NOMINAL,NOMINAL,NORMAL,0,
1647904500.0,1787429519.4353468,1,0.8863,0.1238,,0.545,0.024,0.219,NOMINAL,NOMINAL,NORMAL,0,
1647905400.0,1787429519.5603046,1,0.8695,0.1217,,0.555,0.0248,0.216,NOMINAL,NOMINAL,NORMAL,0,
1647906300.0,1787429519.6854122,1,0.8886,0.1277,,0.598,0.025,0.221,NOMINAL,NOMINAL,NORMAL,0,
1647907200.0,1787429519.811604,1,1.1475,0.1345,0.532,0.656,0.0316,0.273,NOMINAL,NOMINAL,NORMAL,0,
1647908100.0,1787429519.9357193,1,1.0664,0.1396,,0.616,0.0283,0.246,NOMINAL,NOMINAL,TRIGGERED,1,omni_p6
1647909000.0,1787429520.060752,1,1.0536,0.1365,,0.648,0.0295,0.248,NOMINAL,NOMINAL,NORMAL,0,
1647909900.0,1787429520.185588,1,0.9854,0.1334,,0.622,0.0296,0.238,NOMINAL,NOMINAL,NORMAL,0,
1647910800.0,1787429520.3104954,1,0.9682,0.129,,0.583,0.0283,0.234,NOMINAL,NOMINAL,NORMAL,0,
1647911700.0,1787429520.435614,1,0.984,0.133,,0.624,0.0284,0.239,NOMINAL,NOMINAL,NORMAL,0,
1647912600.0,1787429520.5603895,1,0.8952,0.1321,,0.578,0.0249,0.236,NOMINAL,NOMINAL,NORMAL,0,
1647913500.0,1787429520.6853998,1,0.889,0.1259,,0.603,0.0248,0.231,NOMINAL,NOMINAL,TRIGGERED,1,omni_p6
1647914400.0,1787429520.8104286,1,0.9528,0.131,,0.58,0.0252,0.231,NOMINAL,NOMINAL,TRIGGERED,2,omni_p6
1647915300.0,1787429520.9353979,1,0.9058,0.1308,,0.578,0.0261,0.23,NOMINAL,NOMINAL,NORMAL,0,
1647916200.0,1787429521.060406,1,0.9069,0.1268,,0.587,0.0249,0.232,NOMINAL,NOMINAL,NORMAL,0,
1647917100.0,1787429521.1855638,1,0.9569,0.1301,,0.635,0.026,0.244,NOMINAL,NOMINAL,NORMAL,0,
1647918000.0,1787429521.3104568,1,0.9509,0.1279,,0.601,0.0235,0.226,NOMINAL,NOMINAL,NORMAL,0,
1647918900.0,1787429521.4353454,1,0.8841,0.1259,,0.57,0.0223,0.218,NOMINAL,NOMINAL,NORMAL,0,
1647919800.0,1787429521.5602934,1,0.8692,0.1238,,0.567,0.0231,0.222,NOMINAL,NOMINAL,TRIGGERED,1,omni_p6
1647920700.0,1787429521.6853023,1,0.8721,0.1246,,0.565,0.0232,0.219,NOMINAL,NOMINAL,TRIGGERED,2,omni_p6
1647921600.0,1787429521.8104165,1,0.945,0.1273,,0.577,0.0247,0.232,NOMINAL,NOMINAL,NORMAL,0,
1647922500.0,1787429521.9353728,1,0.8927,0.1266,,0.563,0.0235,0.224,NOMINAL,NOMINAL,NORMAL,0,
1647923400.0,1787429522.0603187,1,0.8815,0.1224,,0.567,0.0225,0.217,NOMINAL,NOMINAL,NORMAL,0,
1647924300.0,1787429522.1855116,1,0.9424,0.1273,,0.626,0.0259,0.233,NOMINAL,NOMINAL,NORMAL,0,
1647925200.0,1787429522.3107555,1,1.0322,0.1404,,0.686,0.0297,0.274,NOMINAL,NOMINAL,NORMAL,0,
1647926100.0,1787429522.4363632,1,1.213,0.1483,,0.799,0.031,0.283,NOMINAL,NOMINAL,NORMAL,0,
1647927000.0,1787429522.5609722,1,1.1454,0.1421,,0.7,0.0292,0.265,NOMINAL,NOMINAL,NORMAL,0,
1647927900.0,1787429522.6856725,1,1.0274,0.1355,,0.647,0.0268,0.241,NOMINAL,NOMINAL,NORMAL,0,
1647928800.0,1787429522.8106833,1,1.0602,0.1343,,0.607,0.027,0.256,NOMINAL,NOMINAL,NORMAL,0,
1647929700.0,1787429522.9356601,1,1.0328,0.1332,,0.603,0.0289,0.24,NOMINAL,NOMINAL,NORMAL,0,
1647930600.0,1787429523.0605505,1,0.999,0.1325,,0.593,0.0255,0.23,NOMINAL,NOMINAL,NORMAL,0,
1647931500.0,1787429523.1856866,1,1.0172,0.1371,,0.672,0.0264,0.242,NOMINAL,NOMINAL,NORMAL,0,
1647932400.0,1787429523.3106425,1,1.031,0.1323,,0.598,0.0266,0.254,NOMINAL,NOMINAL,NORMAL,0,
1647933300.0,1787429523.43616,1,1.1284,0.1422,,0.791,0.0309,0.268,NOMINAL,NOMINAL,NORMAL,0,
1647934200.0,1787429523.560808,1,1.0619,0.1381,,0.685,0.0298,0.26,NOMINAL,NOMINAL,NORMAL,0,
1647935100.0,1787429523.6855736,1,0.9682,0.132,,0.632,0.0252,0.236,NOMINAL,NOMINAL,NORMAL,0,
1647936000.0,1787429523.8105178,1,0.9927,0.1328,,0.597,0.0261,0.238,NOMINAL,NOMINAL,TRIGGERED,1,omni_p6
1647936900.0,1787429523.9354243,1,0.9193,0.1287,,0.585,0.0261,0.227,NOMINAL,NOMINAL,NORMAL,0,
1647937800.0,1787429524.0603995,1,0.906,0.1246,,0.584,0.0238,0.23,NOMINAL,NOMINAL,NORMAL,0,
1647938700.0,1787429524.1855583,1,0.9444,0.1312,,0.655,0.0251,0.236,NOMINAL,NOMINAL,TRIGGERED,1,omni_p6
1647939600.0,1787429524.310452,1,0.9473,0.1277,,0.597,0.0245,0.229,NOMINAL,NOMINAL,TRIGGERED,2,omni_p6
1647940500.0,1787429524.4353592,1,0.8776,0.1221,,0.577,0.0234,0.214,NOMINAL,NOMINAL,NORMAL,0,
1647941400.0,1787429524.5603218,1,0.8742,0.1247,,0.58,0.0233,0.216,NOMINAL,NOMINAL,NORMAL,0,
1647942300.0,1787429524.6854339,1,0.904,0.1272,,0.619,0.0251,0.219,NOMINAL,NOMINAL,TRIGGERED,1,omni_p6
1647943200.0,1787429524.810425,1,0.9528,0.1265,,0.577,0.0243,0.227,NOMINAL,NOMINAL,NORMAL,0,
1647944100.0,1787429524.9353902,1,0.9073,0.1271,,0.575,0.023,0.215,NOMINAL,NOMINAL,NORMAL,0,
1647945000.0,1787429525.0609198,1,1.073,0.1396,,0.729,0.0306,0.252,NOMINAL,NOMINAL,NORMAL,0,
1647945900.0,1787429525.1858075,1,1.0458,0.1415,,0.702,0.0278,0.245,NOMINAL,NOMINAL,NORMAL,0,
1647946800.0,1787429525.3105555,1,1.0025,0.1323,,0.603,0.0261,0.231,NOMINAL,NOMINAL,NORMAL,0,
1647947700.0,1787429525.4356027,1,0.9914,0.134,,0.607,0.0265,0.234,NOMINAL,NOMINAL,TRIGGERED,1,omni_p6
1647948600.0,1787429525.5604475,1,0.9328,0.131,,0.599,0.0243,0.222,NOMINAL,NOMINAL,TRIGGERED,2,omni_p6
1647949500.0,1787429525.6853917,1,0.8917,0.1271,,0.608,0.0223,0.219,NOMINAL,NOMINAL,NORMAL,0,
1647950400.0,1787429525.8105314,1,0.9858,0.1297,,0.586,0.0255,0.232,NOMINAL,NOMINAL,NORMAL,0,
1647951300.0,1787429525.9354749,1,0.9335,0.1309,,0.594,0.0252,0.224,NOMINAL,NOMINAL,NORMAL,0,
1647952200.0,1787429526.0604196,1,0.9262,0.1277,,0.579,0.0243,0.224,NOMINAL,NOMINAL,NORMAL,0,
1647953100.0,1787429526.1853864,1,0.8937,0.1276,,0.588,0.0251,0.229,NOMINAL,NOMINAL,NORMAL,0,
1647954000.0,1787429526.310701,1,1.0148,0.1349,,0.647,0.027,0.249,NOMINAL,NOMINAL,TRIGGERED,1,omni_p6
1647954900.0,1787429526.4354498,1,0.9167,0.1303,,0.603,0.0234,0.226,NOMINAL,NOMINAL,TRIGGERED,2,omni_p6
1647955800.0,1787429526.5603127,1,0.8602,0.1227,,0.585,0.0228,0.215,NOMINAL,NOMINAL,NORMAL,0,
1647956700.0,1787429526.6853414,1,0.8705,0.1239,,0.585,0.0238,0.218,NOMINAL,NOMINAL,NORMAL,0,
1647957600.0,1787429526.8103635,1,0.9199,0.128,,0.56,0.0235,0.223,NOMINAL,NOMINAL,NORMAL,0,
1647958500.0,1787429526.9352176,1,0.8111,0.1198,,0.566,0.0233,0.215,NOMINAL,NOMINAL,NORMAL,0,
1647959400.0,1787429527.060418,1,0.9255,0.1239,,0.584,0.025,0.219,NOMINAL,NOMINAL,NORMAL,0,
1647960300.0,1787429527.1853137,1,0.8546,0.1277,,0.58,0.025,0.226,NOMINAL,NOMINAL,TRIGGERED,1,omni_p6
1647961200.0,1787429527.3110106,1,1.092,0.1467,,0.771,0.0301,0.287,NOMINAL,NOMINAL,NORMAL,0,
1647962100.0,1787429527.4362862,1,1.1654,0.1505,,0.823,0.0328,0.277,NOMINAL,NOMINAL,NORMAL,0,
1647963000.0,1787429527.5607302,1,1.0495,0.1369,,0.672,0.0261,0.242,NOMINAL,NOMINAL,NORMAL,0,
1647963900.0,1787429527.6855376,1,0.972,0.1324,,0.631,0.0264,0.237,NOMINAL,NOMINAL,NORMAL,0,
1647964800.0,1787429527.810532,1,1.0123,0.1337,,0.572,0.0232,0.253,NOMINAL,NOMINAL,NORMAL,0,
1647965700.0,1787429527.9357357,1,1.0064,0.1341,,0.639,0.0274,0.288,NOMINAL,NOMINAL,NORMAL,0,
1647966600.0,1787429528.0605438,1,0.9847,0.131,,0.597,0.0276,0.24,NOMINAL,NOMINAL,NORMAL,0,
1647967500.0,1787429528.1853318,1,0.8457,0.1231,,0.609,0.0246,0.226,NOMINAL,NOMINAL,NORMAL,0,
1647968400.0,1787429528.3107314,1,1.0344,0.1318,,0.676,0.0266,0.239,NOMINAL,NOMINAL,NORMAL,0,
1647969300.0,1787429528.4361904,1,1.1451,0.1432,,0.791,0.0313,0.267,NOMINAL,NOMINAL,NORMAL,0,
1647970200.0,1787429528.5607011,1,1.0322,0.1378,,0.658,0.0249,0.238,NOMINAL,NOMINAL,NORMAL,0,
1647971100.0,1787429528.6856296,1,0.9799,0.1298,,0.643,0.0264,0.254,NOMINAL,NOMINAL,NORMAL,0,
1647972000.0,1787429528.8105383,1,1.0007,0.1318,,0.581,0.0248,0.235,NOMINAL,NOMINAL,NORMAL,0,
1647972900.0,1787429528.93537,1,0.8849,0.1201,,0.59,0.0262,0.228,NOMINAL,NOMINAL,NORMAL,0,
1647973800.0,1787429529.0604234,1,0.9271,0.1296,,0.58,0.0235,0.222,NOMINAL,NOMINAL,NORMAL,0,
1647974700.0,1787429529.1853852,1,0.9027,0.1231,,0.586,0.024,0.217,NOMINAL,NOMINAL,NORMAL,0,
1647975600.0,1787429529.3106918,1,1.0178,0.1357,,0.666,0.0279,0.236,NOMINAL,NOMINAL,NORMAL,0,
1647976500.0,1787429529.435509,1,0.9394,0.1302,,0.615,0.0247,0.227,NOMINAL,NOMINAL,NORMAL,0,
1647977400.0,1787429529.5603547,1,0.8897,0.1262,,0.582,0.0228,0.214,NOMINAL,NOMINAL,NORMAL,0,
1647978300.0,1787429529.6853538,1,0.8883,0.1242,,0.593,0.0229,0.216,NOMINAL,NOMINAL,NORMAL,0,
1647979200.0,1787429529.8103104,1,0.931,0.1261,,0.534,0.0213,0.213,NOMINAL,NOMINAL,NORMAL,0,
1647980100.0,1787429529.9354308,1,0.9179,0.1256,,0.592,0.0236,0.219,NOMINAL,NOMINAL,NORMAL,0,
1647981000.0,1787429530.0603883,1,0.8975,0.1249,,0.579,0.0234,0.248,NOMINAL,NOMINAL,TRIGGERED,1,omni_p6
1647981900.0,1787429530.1853867,1,0.891,0.124,,0.602,0.0239,0.222,NOMINAL,NOMINAL,NORMAL,0,
1647982800.0,1787429530.3105576,1,0.977,0.1285,,0.628,0.0255,0.232,NOMINAL,NOMINAL,NORMAL,0,
1647983700.0,1787429530.4355237,1,0.9456,0.1283,,0.614,0.0254,0.229,NOMINAL,NOMINAL,NORMAL,0,
1647984600.0,1787429530.560877,1,1.0536,0.1403,,0.719,0.0288,0.25,NOMINAL,NOMINAL,NORMAL,0,
1647985500.0,1787429530.6856356,1,0.9979,0.1359,,0.65,0.0272,0.239,NOMINAL,NOMINAL,NORMAL,0,
1647986400.0,1787429530.8104491,1,0.9781,0.1327,,0.571,0.0245,0.231,NOMINAL,NOMINAL,NORMAL,0,
1647987300.0,1787429530.9353359,1,0.8672,0.1272,,0.587,0.0243,0.222,NOMINAL,NOMINAL,TRIGGERED,1,omni_p6
1647988200.0,1787429531.0604055,1,0.9084,0.1249,,0.567,0.0238,0.241,NOMINAL,NOMINAL,NORMAL,0,
1647989100.0,1787429531.1853373,1,0.8642,0.1238,,0.603,0.0239,0.221,NOMINAL,NOMINAL,NORMAL,0,
1647990000.0,1787429531.3102927,1,0.8436,0.1227,,0.581,0.0232,0.225,NOMINAL,NOMINAL,NORMAL,0,
1647990900.0,1787429531.4355361,1,0.9568,0.1294,,0.582,0.0256,0.227,NOMINAL,NOMINAL,NORMAL,0,
1647991800.0,1787429531.5604193,1,0.9329,0.1261,,0.574,0.0217,0.246,NOMINAL,NOMINAL,NORMAL,0,
1647992700.0,1787429531.6853476,1,0.8717,0.1294,,0.586,0.0222,0.217,NOMINAL,NOMINAL,TRIGGERED,1,omni_p6
1647993600.0,1787429531.8110669,1,0.9472,0.1301,0.5564,0.586,0.0256,0.224,NOMINAL,NOMINAL,TRIGGERED,2,omni_p6
1647994500.0,1787429531.9356067,1,0.9743,0.1342,,0.634,0.0265,0.235,NOMINAL,NOMINAL,NORMAL,0,
1647995400.0,1787429532.060465,1,0.938,0.1291,,0.569,0.025,0.226,NOMINAL,NOMINAL,NORMAL,0,
1647996300.0,1787429532.18538,1,0.8972,0.1271,,0.565,0.0242,0.225,NOMINAL,NOMINAL,NORMAL,0,
1647997200.0,1787429532.3108442,1,1.0613,0.1468,,0.713,0.0288,0.265,NOMINAL,NOMINAL,NORMAL,0,
1647998100.0,1787429532.436259,1,1.1595,0.1474,,0.786,0.032,0.288,NOMINAL,NOMINAL,NORMAL,0,
1647999000.0,1787429532.5607553,1,1.0596,0.1453,,0.646,0.0266,0.24,NOMINAL,NOMINAL,TRIGGERED,1,omni_p6
1647999900.0,1787429532.6856177,1,1.0016,0.135,,0.623,0.0241,0.226,NOMINAL,NOMINAL,TRIGGERED,2,omni_p6
1648000800.0,1787429532.8104703,1,1.0047,0.1339,,0.546,0.0246,0.219,NOMINAL,NOMINAL,NORMAL,0,
1648001700.0,1787429532.9355745,1,0.9867,0.131,,0.581,0.025,0.235,NOMINAL,NOMINAL,NORMAL,0,
1648002600.0,1787429533.060676,1,1.0217,0.1365,,0.619,0.0274,0.238,NOMINAL,NOMINAL,NORMAL,0,
1648003500.0,1787429533.1854894,1,0.9588,0.1313,,0.597,0.025,0.226,NOMINAL,NOMINAL,NORMAL,0,
1648004400.0,1787429533.3104076,1,0.944,0.1287,,0.551,0.0233,0.22,NOMINAL,NOMINAL,NORMAL,0,
1648005300.0,1787429533.4362922,1,1.1457,0.1494,,0.813,0.032,0.283,NOMINAL,NOMINAL,TRIGGERED,1,omni_p6
1648006200.0,1787429533.5607445,1,1.0393,0.1398,,0.655,0.0288,0.243,NOMINAL,NOMINAL,NORMAL,0,
1648007100.0,1787429533.6855493,1,0.9729,0.1314,,0.607,0.0263,0.232,NOMINAL,NOMINAL,NORMAL,0,
1648008000.0,1787429533.8104916,1,0.9902,0.1303,,0.583,0.0263,0.222,NOMINAL,NOMINAL,NORMAL,0,
1648008900.0,1787429533.9354897,1,0.9551,0.1313,,0.573,0.0244,0.217,NOMINAL,NOMINAL,NORMAL,0,
1648009800.0,1787429534.0604613,1,0.9426,0.1268,,0.572,0.0246,0.22,NOMINAL,NOMINAL,NORMAL,0,
1648010700.0,1787429534.1853516,1,0.912,0.1269,,0.556,0.0235,0.207,NOMINAL,NOMINAL,NORMAL,0,
1648011600.0,1787429534.3103838,1,0.9264,0.1293,,0.546,0.0236,0.215,NOMINAL,NOMINAL,NORMAL,0,
1648012500.0,1787429534.4355505,1,0.9601,0.1295,,0.596,0.0272,0.229,NOMINAL,NOMINAL,NORMAL,0,
1648013400.0,1787429534.5603845,1,0.9015,0.1284,,0.562,0.0249,0.219,NOMINAL,NOMINAL,NORMAL,0,
1648014300.0,1787429534.6853514,1,0.888,0.1258,,0.562,0.0236,0.218,NOMINAL,NOMINAL,NORMAL,0,
1648015200.0,1787429534.8104203,1,0.9535,0.1295,,0.544,0.0256,0.22,NOMINAL,NOMINAL,NORMAL,0,
1648016100.0,1787429534.935396,1,0.9151,0.1303,,0.553,0.0247,0.219,NOMINAL,NOMINAL,NORMAL,0,
1648017000.0,1787429535.0604436,1,0.9296,0.1295,,0.56,0.0267,0.222,NOMINAL,NOMINAL,NORMAL,0,
1648017900.0,1787429535.185411,1,0.9059,0.1279,,0.572,0.0257,0.228,NOMINAL,NOMINAL,NORMAL,0,
1648018800.0,1787429535.3104787,1,0.9509,0.1301,,0.564,0.0257,0.22,NOMINAL,NOMINAL,NORMAL,0,
1648019700.0,1787429535.4357228,1,1.0196,0.1342,,0.636,0.0284,0.24,NOMINAL,NOMINAL,NORMAL,0,
1648020600.0,1787429535.5604546,1,0.9384,0.1293,,0.597,0.0255,0.22,NOMINAL,NOMINAL,NORMAL,0,
1648021500.0,1787429535.6854053,1,0.9154,0.1296,,0.571,0.0248,0.223,NOMINAL,NOMINAL,TRIGGERED,1,omni_p6
1648022400.0,1787429535.8107264,1,1.083,0.1436,,0.598,0.0284,0.242,NOMINAL,NOMINAL,NORMAL,0,
1648023300.0,1787429535.9355268,1,0.9714,0.1327,,0.567,0.026,0.23,NOMINAL,NOMINAL,NORMAL,0,
1648024200.0,1787429536.0604365,1,0.9335,0.1296,,0.567,0.0261,0.224,NOMINAL,NOMINAL,NORMAL,0,
1648025100.0,1787429536.185498,1,0.9324,0.1298,,0.622,0.0257,0.216,NOMINAL,NOMINAL,NORMAL,0,
1648026000.0,1787429536.3103824,1,0.9437,0.129,,0.544,0.025,0.217,NOMINAL,NOMINAL,NORMAL,0,
1648026900.0,1787429536.4355447,1,0.9086,0.1321,,0.675,0.0248,0.237,NOMINAL,NOMINAL,TRIGGERED,1,omni_p6
1648027800.0,1787429536.5605512,1,0.9614,0.1358,,0.613,0.0253,0.225,NOMINAL,NOMINAL,TRIGGERED,2,omni_p6
1648028700.0,1787429536.6854317,1,0.9162,0.1303,,0.607,0.025,0.219,NOMINAL,NOMINAL,NORMAL,0,
1648029600.0,1787429536.8103673,1,0.948,0.1274,,0.535,0.025,0.222,NOMINAL,NOMINAL,NORMAL,0,
1648030500.0,1787429536.9355714,1,0.9103,0.1317,,0.62,0.0243,0.322,NOMINAL,NOMINAL,NORMAL,0,
1648031400.0,1787429537.0604506,1,0.9152,0.1302,,0.595,0.0236,0.23,NOMINAL,NOMINAL,NORMAL,0,
1648032300.0,1787429537.1854835,1,0.915,0.1293,,0.62,0.0242,0.236,NOMINAL,NOMINAL,NORMAL,0,
1648033200.0,1787429537.3108976,1,1.0571,0.1469,,0.736,0.0291,0.279,NOMINAL,NOMINAL,TRIGGERED,1,omni_p6
1648034100.0,1787429537.4362397,1,1.1594,0.1496,,0.771,0.0305,0.271,NOMINAL,NOMINAL,TRIGGERED,2,omni_p6
1648035000.0,1787429537.5610209,1,1.1378,0.1456,,0.73,0.0302,0.263,NOMINAL,NOMINAL,NORMAL,0,
1648035900.0,1787429537.6857975,1,1.0769,0.1403,,0.671,0.0286,0.248,NOMINAL,NOMINAL,NORMAL,0,
1648036800.0,1787429537.8106618,1,1.0833,0.137,,0.574,0.0281,0.251,NOMINAL,NOMINAL,NORMAL,0,
1648037700.0,1787429537.9359553,1,1.1149,0.1413,,0.714,0.03,0.266,NOMINAL,NOMINAL,NORMAL,0,
1648038600.0,1787429538.060909,1,1.1079,0.143,,0.666,0.0303,0.279,NOMINAL,NOMINAL,TRIGGERED,1,omni_p6
1648039500.0,1787429538.185655,1,1.0489,0.143,,0.596,0.0266,0.242,NOMINAL,NOMINAL,TRIGGERED,2,omni_p6
1648040400.0,1787429538.310597,1,1.0383,0.1366,,0.58,0.0264,0.237,NOMINAL,NOMINAL,NORMAL,0,
1648041300.0,1787429538.4361818,1,1.137,0.1413,,0.765,0.0292,0.28,NOMINAL,NOMINAL,NORMAL,0,
1648042200.0,1787429538.5609133,1,1.1016,0.1412,,0.687,0.0282,0.255,NOMINAL,NOMINAL,NORMAL,0,
1648043100.0,1787429538.6856556,1,1.0254,0.1395,,0.617,0.0256,0.239,NOMINAL,NOMINAL,NORMAL,0,
1648044000.0,1787429538.810555,1,1.0264,0.1346,,0.565,0.0232,0.233,NOMINAL,NOMINAL,NORMAL,0,
1648044900.0,1787429538.9355655,1,0.99,0.1357,,0.582,0.0262,0.251,NOMINAL,NOMINAL,TRIGGERED,1,omni_p6
1648045800.0,1787429539.0604784,1,0.9757,0.1321,,0.557,0.0243,0.232,NOMINAL,NOMINAL,TRIGGERED,2,omni_p6
1648046700.0,1787429539.185475,1,0.9522,0.1293,,0.601,0.0239,0.229,NOMINAL,NOMINAL,NORMAL,0,
1648047600.0,1787429539.3104706,1,0.9939,0.1288,,0.562,0.0252,0.224,NOMINAL,NOMINAL,NORMAL,0,
1648048500.0,1787429539.4353716,1,0.9276,0.1249,,0.543,0.0237,0.216,NOMINAL,NOMINAL,NORMAL,0,
1648049400.0,1787429539.5605826,1,0.9961,0.1334,,0.61,0.0263,0.237,NOMINAL,NOMINAL,NORMAL,0,
1648050300.0,1787429539.6854339,1,0.9371,0.1293,,0.585,0.0239,0.224,NOMINAL,NOMINAL,NORMAL,0,
1648051200.0,1787429539.810449,1,0.9765,0.1325,,0.56,0.0254,0.23,NOMINAL,NOMINAL,TRIGGERED,1,omni_p6
1648052100.0,1787429539.9354362,1,0.9343,0.1309,,0.572,0.0267,0.233,NOMINAL,NOMINAL,NORMAL,0,
1648053000.0,1787429540.0604703,1,0.952,0.1299,,0.575,0.0267,0.237,NOMINAL,NOMINAL,NORMAL,0,
1648053900.0,1787429540.1854157,1,0.9254,0.1277,,0.59,0.025,0.225,NOMINAL,NOMINAL,NORMAL,0,
1648054800.0,1787429540.3104348,1,0.9754,0.129,,0.564,0.0243,0.223,NOMINAL,NOMINAL,NORMAL,0,
1648055700.0,1787429540.4355898,1,0.979,0.1332,,0.612,0.0266,0.229,NOMINAL,NOMINAL,NORMAL,0,
1648056600.0,1787429540.5605521,1,0.9794,0.1314,,0.608,0.0273,0.236,NOMINAL,NOMINAL,NORMAL,0,
1648057500.0,1787429540.6854365,1,0.9326,0.1324,,0.596,0.0261,0.229,NOMINAL,NOMINAL,NORMAL,0,
1648058400.0,1787429540.8104925,1,0.9918,0.1354,,0.572,0.0244,0.24,NOMINAL,NOMINAL,NORMAL,0,
1648059300.0,1787429540.9354184,1,0.9277,0.1302,,0.568,0.0253,0.228,NOMINAL,NOMINAL,NORMAL,0,
1648060200.0,1787429541.0604084,1,0.9354,0.1294,,0.568,0.0246,0.228,NOMINAL,NOMINAL,NORMAL,0,
1648061100.0,1787429541.1853838,1,0.917,0.128,,0.569,0.0249,0.223,NOMINAL,NOMINAL,NORMAL,0,
1648062000.0,1787429541.3104856,1,0.9701,0.1304,,0.577,0.026,0.231,NOMINAL,NOMINAL,NORMAL,0,
1648062900.0,1787429541.4354494,1,0.9249,0.1276,,0.589,0.025,0.227,NOMINAL,NOMINAL,NORMAL,0,
1648063800.0,1787429541.5605419,1,0.957,0.1317,,0.635,0.0247,0.233,NOMINAL,NOMINAL,NORMAL,0,
1648064700.0,1787429541.6854296,1,0.924,0.1298,,0.598,0.0235,0.226,NOMINAL,NOMINAL,NORMAL,0,
1648065600.0,1787429541.8103614,1,0.9357,0.1278,,0.555,0.0247,0.221,NOMINAL,NOMINAL,NORMAL,0,
1648066500.0,1787429541.9354136,1,0.926,0.1305,,0.565,0.024,0.229,NOMINAL,NOMINAL,NORMAL,0,
1648067400.0,1787429542.0603561,1,0.9026,0.1268,,0.564,0.0247,0.23,NOMINAL,NOMINAL,NORMAL,0,
1648068300.0,1787429542.1853924,1,0.8925,0.1276,,0.61,0.0243,0.225,NOMINAL,NOMINAL,NORMAL,0,
1648069200.0,1787429542.3108006,1,1.0447,0.1398,,0.7,0.0284,0.272,NOMINAL,NOMINAL,NORMAL,0,
1648070100.0,1787429542.4364178,1,1.1717,0.1474,,0.859,0.0309,0.287,NOMINAL,NOMINAL,NORMAL,0,
1648071000.0,1787429542.5608735,1,1.1012,0.1427,,0.681,0.027,0.256,NOMINAL,NOMINAL,NORMAL,0,
1648071900.0,1787429542.6858726,1,1.1016,0.1435,,0.681,0.0295,0.254,NOMINAL,NOMINAL,TRIGGERED,1,omni_p6
1648072800.0,1787429542.8106253,1,1.0834,0.1376,,0.567,0.0276,0.238,NOMINAL,NOMINAL,NORMAL,0,
1648073700.0,1787429542.9355712,1,1.0067,0.1357,,0.582,0.0261,0.227,NOMINAL,NOMINAL,NORMAL,0,
1648074600.0,1787429543.0611827,1,1.1317,0.1512,,0.782,0.0306,0.313,NOMINAL,NOMINAL,NORMAL,0,
1648075500.0,1787429543.1857054,1,1.0387,0.1385,,0.665,0.0282,0.245,NOMINAL,NOMINAL,NORMAL,0,
1648076400.0,1787429543.310536,1,0.9958,0.1345,,0.574,0.024,0.234,NOMINAL,NOMINAL,NORMAL,0,
1648077300.0,1787429543.436207,1,1.1463,0.1446,,0.797,0.0309,0.268,NOMINAL,NOMINAL,NORMAL,0,
1648078200.0,1787429543.5607946,1,1.0737,0.1435,,0.647,0.028,0.259,NOMINAL,NOMINAL,TRIGGERED,1,omni_p6
1648079100.0,1787429543.6857717,1,1.0509,0.1434,,0.669,0.0291,0.249,NOMINAL,NOMINAL,TRIGGERED,2,omni_p6
1648080000.0,1787429543.8112724,1,1.0694,0.1316,0.5805,0.572,0.0273,0.239,NOMINAL,NOMINAL,NORMAL,0,
1648080900.0,1787429543.9355671,1,1.0107,0.1368,,0.581,0.0277,0.225,NOMINAL,NOMINAL,NORMAL,0,
1648081800.0,1787429544.0605128,1,0.9763,0.1335,,0.574,0.0262,0.221,NOMINAL,NOMINAL,NORMAL,0,
1648082700.0,1787429544.1854606,1,0.9579,0.1317,,0.592,0.0258,0.215,NOMINAL,NOMINAL,NORMAL,0,
1648083600.0,1787429544.3104343,1,0.9624,0.1326,,0.554,0.026,0.224,NOMINAL,NOMINAL,TRIGGERED,1,omni_p6
1648084500.0,1787429544.435247,1,0.8379,0.1235,,0.532,0.0251,0.218,NOMINAL,NOMINAL,TRIGGERED,2,omni_p6
1648085400.0,1787429544.5603871,1,0.9222,0.129,,0.562,0.0263,0.213,NOMINAL,NOMINAL,NORMAL,0,
1648086300.0,1787429544.6856427,1,0.9911,0.1305,,0.645,0.0292,0.232,NOMINAL,NOMINAL,NORMAL,0,
1648087200.0,1787429544.8104804,1,0.9951,0.1323,,0.548,0.0256,0.226,NOMINAL,NOMINAL,NORMAL,0,
1648088100.0,1787429544.9355457,1,0.988,0.1302,,0.602,0.0257,0.224,NOMINAL,NOMINAL,NORMAL,0,
1648089000.0,1787429545.060372,1,0.919,0.1313,,0.544,0.0249,0.216,NOMINAL,NOMINAL,NORMAL,0,
1648089900.0,1787429545.1853752,1,0.9255,0.1317,,0.547,0.0246,0.214,NOMINAL,NOMINAL,TRIGGERED,1,omni_p6
1648090800.0,1787429545.310354,1,0.9224,0.1283,,0.529,0.0243,0.209,NOMINAL,NOMINAL,TRIGGERED,2,omni_p6
1648091700.0,1787429545.43556,1,0.9716,0.1354,,0.599,0.0267,0.23,NOMINAL,NOMINAL,NORMAL,0,
1648092600.0,1787429545.5603998,1,0.9266,0.1271,,0.561,0.0257,0.219,NOMINAL,NOMINAL,NORMAL,0,
1648093500.0,1787429545.685577,1,0.9536,0.132,,0.667,0.0267,0.233,NOMINAL,NOMINAL,NORMAL,0,
1648094400.0,1787429545.8104975,1,0.9898,0.1334,,0.587,0.0265,0.224,NOMINAL,NOMINAL,NORMAL,0,
1648095300.0,1787429545.9355032,1,0.9655,0.1334,,0.576,0.0268,0.226,NOMINAL,NOMINAL,NORMAL,0,
1648096200.0,1787429546.0603864,1,0.9239,0.1296,,0.559,0.0252,0.217,NOMINAL,NOMINAL,NORMAL,0,
1648097100.0,1787429546.1853619,1,0.9161,0.1267,,0.556,0.0248,0.215,NOMINAL,NOMINAL,NORMAL,0,
1648098000.0,1787429546.3103702,1,0.9231,0.1274,,0.55,0.0229,0.216,NOMINAL,NOMINAL,NORMAL,0,
1648098900.0,1787429546.4353411,1,0.8931,0.1244,,0.545,0.0227,0.213,NOMINAL,NOMINAL,NORMAL,0,
1648099800.0,1787429546.560798,1,1.0472,0.1361,,0.685,0.0293,0.246,NOMINAL,NOMINAL,NORMAL,0,
1648100700.0,1787429546.6857114,1,1.0153,0.1334,,0.694,0.0286,0.238,NOMINAL,NOMINAL,NORMAL,0,
1648101600.0,1787429546.8105266,1,1.0166,0.135,,0.551,0.0271,0.229,NOMINAL,NOMINAL,NORMAL,0,
1648102500.0,1787429546.9355686,1,0.9913,0.1346,,0.584,0.0262,0.226,NOMINAL,NOMINAL,NORMAL,0,
1648103400.0,1787429547.0604467,1,0.9598,0.1317,,0.549,0.0261,0.222,NOMINAL,NOMINAL,NORMAL,0,
1648104300.0,1787429547.185425,1,0.9403,0.1316,,0.561,0.0256,0.219,NOMINAL,NOMINAL,NORMAL,0,
1648105200.0,1787429547.3109195,1,1.105,0.1477,,0.736,0.0288,0.255,NOMINAL,NOMINAL,NORMAL,0,
1648106100.0,1787429547.436231,1,1.1629,0.1461,,0.797,0.031,0.27,NOMINAL,NOMINAL,NORMAL,0,
1648107000.0,1787429547.5608034,1,1.0725,0.1385,,0.687,0.0304,0.249,NOMINAL,NOMINAL,NORMAL,0,
1648107900.0,1787429547.685605,1,1.019,0.1323,,0.622,0.0273,0.226,NOMINAL,NOMINAL,NORMAL,0,
1648108800.0,1787429547.8107133,1,1.0834,0.141,,0.602,0.0282,0.239,NOMINAL,NOMINAL,NORMAL,0,
1648109700.0,1787429547.9356043,1,1.008,0.1346,,0.597,0.0264,0.229,NOMINAL,NOMINAL,NORMAL,0,
1648110600.0,1787429548.0607345,1,1.0322,0.1352,,0.665,0.0284,0.245,NOMINAL,NOMINAL,NORMAL,0,
1648111500.0,1787429548.1855729,1,0.9934,0.134,,0.624,0.0261,0.228,NOMINAL,NOMINAL,NORMAL,0,
1648112400.0,1787429548.310463,1,0.9702,0.1319,,0.571,0.0256,0.22,NOMINAL,NOMINAL,TRIGGERED,1,omni_p6
1648113300.0,1787429548.4361928,1,1.144,0.1436,,0.781,0.0431,0.289,NOMINAL,NOMINAL,NORMAL,0,
1648114200.0,1787429548.560746,1,1.0575,0.137,,0.665,0.0296,0.241,NOMINAL,NOMINAL,NORMAL,0,
1648115100.0,1787429548.6855738,1,0.9861,0.1313,,0.632,0.0267,0.228,NOMINAL,NOMINAL,NORMAL,0,
1648116000.0,1787429548.8106763,1,1.0572,0.1358,,0.614,0.0284,0.238,NOMINAL,NOMINAL,NORMAL,0,
1648116900.0,1787429548.935591,1,1.0073,0.1346,,0.594,0.0284,0.227,NOMINAL,NOMINAL,NORMAL,0,
1648117800.0,1787429549.0604687,1,0.963,0.1334,,0.574,0.0254,0.22,NOMINAL,NOMINAL,TRIGGERED,1,omni_p6
1648118700.0,1787429549.185471,1,0.9471,0.1298,,0.593,0.0241,0.215,NOMINAL,NOMINAL,TRIGGERED,2,omni_p6
1648119600.0,1787429549.3104603,1,0.9551,0.1297,,0.564,0.0253,0.222,NOMINAL,NOMINAL,NORMAL,0,
1648120500.0,1787429549.4354022,1,0.9367,0.1277,,0.536,0.0252,0.219,NOMINAL,NOMINAL,NORMAL,0,
1648121400.0,1787429549.5603445,1,0.8972,0.1251,,0.545,0.0242,0.21,NOMINAL,NOMINAL,NORMAL,0,
1648122300.0,1787429549.685388,1,0.8888,0.1265,,0.597,0.0245,0.213,NOMINAL,NOMINAL,NORMAL,0,
1648123200.0,1787429549.8106272,1,1.0198,0.1398,,0.58,0.0276,0.237,NOMINAL,NOMINAL,NORMAL,0,
1648124100.0,1787429549.935489,1,0.9629,0.1339,,0.556,0.0272,0.222,NOMINAL,NOMINAL,TRIGGERED,1,omni_p6
1648125000.0,1787429550.0604553,1,0.9298,0.1334,,0.582,0.0245,0.217,NOMINAL,NOMINAL,TRIGGERED,2,omni_p6
1648125900.0,1787429550.1854112,1,0.9206,0.1305,,0.57,0.0238,0.219,NOMINAL,NOMINAL,NORMAL,0,
1648126800.0,1787429550.310427,1,0.9565,0.1279,,0.555,0.0255,0.217,NOMINAL,NOMINAL,NORMAL,0,
1648127700.0,1787429550.435617,1,0.9777,0.1316,,0.626,0.0273,0.233,NOMINAL,NOMINAL,NORMAL,0,
1648128600.0,1787429550.5605052,1,0.927,0.1306,,0.634,0.0244,0.221,NOMINAL,NOMINAL,NORMAL,0,
1648129500.0,1787429550.6854374,1,0.9201,0.1284,,0.6,0.0257,0.225,NOMINAL,NOMINAL,NORMAL,0,
1648130400.0,1787429550.8105435,1,0.9807,0.1384,,0.583,0.0257,0.229,NOMINAL,NOMINAL,TRIGGERED,1,omni_p6
1648131300.0,1787429550.9354506,1,0.9406,0.1353,,0.562,0.0252,0.221,NOMINAL,NOMINAL,TRIGGERED,2,omni_p6
1648132200.0,1787429551.0604734,1,0.9214,0.1321,,0.592,0.0257,0.236,NOMINAL,NOMINAL,NORMAL,0,
1648133100.0,1787429551.1856818,1,0.904,0.1288,,0.872,0.0247,0.213,NOMINAL,NOMINAL,NORMAL,0,
1648134000.0,1787429551.310399,1,0.93,0.1278,,0.555,0.0234,0.231,NOMINAL,NOMINAL,NORMAL,0,
1648134900.0,1787429551.4353306,1,0.8868,0.1278,,0.542,0.0235,0.215,NOMINAL,NOMINAL,NORMAL,0,
1648135800.0,1787429551.5603127,1,0.8918,0.1278,,0.544,0.023,0.205,NOMINAL,NOMINAL,NORMAL,0,
1648136700.0,1787429551.6853762,1,0.89,0.1274,,0.591,0.0234,0.215,NOMINAL,NOMINAL,TRIGGERED,1,omni_p6
1648137600.0,1787429551.8106163,1,1.0078,0.133,,0.631,0.0275,0.23,NOMINAL,NOMINAL,NORMAL,0,
1648138500.0,1787429551.9354491,1,0.9407,0.1318,,0.56,0.0255,0.224,NOMINAL,NOMINAL,NORMAL,0,
1648139400.0,1787429552.06042,1,0.9399,0.1281,,0.555,0.0266,0.224,NOMINAL,NOMINAL,NORMAL,0,
1648140300.0,1787429552.1853259,1,0.8871,0.129,,0.57,0.0238,0.215,NOMINAL,NOMINAL,NORMAL,0,
1648141200.0,1787429552.3107219,1,1.0135,0.1429,,0.692,0.0285,0.256,NOMINAL,NOMINAL,NORMAL,0,
1648142100.0,1787429552.4362519,1,1.1638,0.1453,,0.795,0.0325,0.269,NOMINAL,NOMINAL,NORMAL,0,
1648143000.0,1787429552.560736,1,1.0528,0.1373,,0.644,0.0273,0.235,NOMINAL,NOMINAL,NORMAL,0,
1648143900.0,1787429552.685624,1,1.0047,0.1316,,0.638,0.0269,0.238,NOMINAL,NOMINAL,NORMAL,0,
1648144800.0,1787429552.8105402,1,1.0183,0.1315,,0.561,0.0252,0.234,NOMINAL,NOMINAL,NORMAL,0,
1648145700.0,1787429552.9356716,1,1.0247,0.1368,,0.612,0.0261,0.237,NOMINAL,NOMINAL,NORMAL,0,
1648146600.0,1787429553.0606318,1,0.9941,0.1346,,0.617,0.0262,0.236,NOMINAL,NOMINAL,NORMAL,0,
1648147500.0,1787429553.1857183,1,1.0386,0.1376,,0.629,0.0277,0.251,NOMINAL,NOMINAL,NORMAL,0,
1648148400.0,1787429553.3105528,1,1.0135,0.1349,,0.564,0.0265,0.229,NOMINAL,NOMINAL,NORMAL,0,
1648149300.0,1787429553.4361572,1,1.1503,0.1462,,0.779,0.0319,0.267,NOMINAL,NOMINAL,NORMAL,0,
1648150200.0,1787429553.5608864,1,1.2261,0.1341,,0.636,0.0269,0.242,NOMINAL,NOMINAL,NORMAL,0,
1648151100.0,1787429553.6855564,1,0.9739,0.1261,,0.609,0.0245,0.231,NOMINAL,NOMINAL,NORMAL,0,
1648152000.0,1787429553.8104563,1,0.9881,0.129,,0.545,0.0249,0.225,NOMINAL,NOMINAL,NORMAL,0,
1648152900.0,1787429553.9357698,1,1.0681,0.1359,,0.649,0.0274,0.244,NOMINAL,NOMINAL,NORMAL,0,
1648153800.0,1787429554.0607016,1,1.0155,0.133,,0.629,0.026,0.244,NOMINAL,NOMINAL,NORMAL,0,
1648154700.0,1787429554.185486,1,0.9548,0.1275,,0.586,0.0258,0.226,NOMINAL,NOMINAL,NORMAL,0,
1648155600.0,1787429554.3104422,1,0.9704,0.1277,,0.536,0.024,0.218,NOMINAL,NOMINAL,NORMAL,0,
1648156500.0,1787429554.4353626,1,0.9025,0.1238,,0.546,0.0218,0.212,NOMINAL,NOMINAL,NORMAL,0,
1648157400.0,1787429554.5603583,1,0.9013,0.1243,,0.552,0.0232,0.22,NOMINAL,NOMINAL,TRIGGERED,1,omni_p6
1648158300.0,1787429554.6853375,1,0.8875,0.1242,,0.575,0.0225,0.214,NOMINAL,NOMINAL,NORMAL,0,
1648159200.0,1787429554.810413,1,0.9492,0.1287,,0.551,0.024,0.219,NOMINAL,NOMINAL,NORMAL,0,
1648160100.0,1787429554.935605,1,0.9762,0.1308,,0.623,0.0279,0.239,NOMINAL,NOMINAL,NORMAL,0,
1648161000.0,1787429555.060594,1,0.9702,0.1331,,0.623,0.0251,0.233,NOMINAL,NOMINAL,NORMAL,0,
1648161900.0,1787429555.1854124,1,0.9081,0.1292,,0.591,0.0255,0.226,NOMINAL,NOMINAL,NORMAL,0,
1648162800.0,1787429555.3104134,1,0.9385,0.1291,,0.554,0.0232,0.223,NOMINAL,NOMINAL,TRIGGERED,1,omni_p6
1648163700.0,1787429555.4356084,1,0.9812,0.1376,,0.603,0.0276,0.234,NOMINAL,NOMINAL,TRIGGERED,2,omni_p6
1648164600.0,1787429555.5603812,1,0.9077,0.1305,,0.561,0.0246,0.22,NOMINAL,NOMINAL,NORMAL,0,
1648165500.0,1787429555.6853642,1,0.8851,0.1273,,0.58,0.0248,0.22,NOMINAL,NOMINAL,NORMAL,0,
1648166400.0,1787429555.8110354,1,0.9306,0.1254,0.5924,0.54,0.0256,0.229,NOMINAL,NOMINAL,NORMAL,0,
1648167300.0,1787429555.9356399,1,1.0042,0.1388,,0.614,0.0277,0.241,NOMINAL,NOMINAL,NORMAL,0,
1648168200.0,1787429556.0609407,1,1.0917,0.1423,,0.706,0.0289,0.251,NOMINAL,NOMINAL,NORMAL,0,
1648169100.0,1787429556.18567,1,1.0129,0.1363,,0.64,0.0309,0.245,NOMINAL,NOMINAL,TRIGGERED,1,omni_p6
1648170000.0,1787429556.310553,1,1.0044,0.1357,,0.57,0.0281,0.232,NOMINAL,NOMINAL,TRIGGERED,2,omni_p6
1648170900.0,1787429556.435484,1,0.9558,0.1305,,0.57,0.0267,0.221,NOMINAL,NOMINAL,NORMAL,0,
1648171800.0,1787429556.560392,1,0.9234,0.127,,0.558,0.0239,0.213,NOMINAL,NOMINAL,NORMAL,0,
1648172700.0,1787429556.6853554,1,0.8959,0.129,,0.561,0.0235,0.215,NOMINAL,NOMINAL,NORMAL,0,
1648173600.0,1787429556.810364,1,0.9326,0.1271,,0.542,0.0232,0.22,NOMINAL,NOMINAL,NORMAL,0,
1648174500.0,1787429556.935544,1,0.953,0.13,,0.612,0.0267,0.231,NOMINAL,NOMINAL,NORMAL,0,
1648175400.0,1787429557.060519,1,0.952,0.1261,,0.588,0.0244,0.241,NOMINAL,NOMINAL,TRIGGERED,1,omni_p6
1648176300.0,1787429557.1853988,1,0.907,0.1272,,0.581,0.0243,0.224,NOMINAL,NOMINAL,TRIGGERED,2,omni_p6
1648177200.0,1787429557.3108299,1,1.0274,0.1393,,0.701,0.0292,0.265,NOMINAL,NOMINAL,NORMAL,0,
1648178100.0,1787429557.4363527,1,1.1633,0.146,,0.833,0.0319,0.284,NOMINAL,NOMINAL,NORMAL,0,
1648179000.0,1787429557.560797,1,1.0628,0.1424,,0.666,0.0269,0.25,NOMINAL,NOMINAL,NORMAL,0,
1648179900.0,1787429557.685577,1,0.9785,0.1328,,0.62,0.024,0.231,NOMINAL,NOMINAL,NORMAL,0,
1648180800.0,1787429557.8106427,1,1.0554,0.1388,,0.599,0.026,0.243,NOMINAL,NOMINAL,NORMAL,0,
1648181700.0,1787429557.935527,1,0.9877,0.1391,,0.555,0.0244,0.233,NOMINAL,NOMINAL,TRIGGERED,1,omni_p6
1648182600.0,1787429558.0607522,1,1.0189,0.139,,0.669,0.0285,0.248,NOMINAL,NOMINAL,NORMAL,0,
1648183500.0,1787429558.1858253,1,1.0174,0.14,,0.748,0.03,0.256,NOMINAL,NOMINAL,NORMAL,0,
1648184400.0,1787429558.3105056,1,0.9922,0.1312,,0.576,0.0264,0.233,NOMINAL,NOMINAL,NORMAL,0,
1648185300.0,1787429558.4361846,1,1.1475,0.1468,,0.784,0.0322,0.272,NOMINAL,NOMINAL,NORMAL,0,
1648186200.0,1787429558.5607998,1,1.0594,0.139,,0.674,0.0272,0.256,NOMINAL,NOMINAL,NORMAL,0,
1648187100.0,1787429558.685556,1,0.9791,0.1299,,0.607,0.0256,0.239,NOMINAL,NOMINAL,NORMAL,0,
1648188000.0,1787429558.8105335,1,1.0078,0.1338,,0.561,0.0261,0.234,NOMINAL,NOMINAL,NORMAL,0,
1648188900.0,1787429558.9355478,1,0.987,0.1347,,0.575,0.026,0.233,NOMINAL,NOMINAL,NORMAL,0,
1648189800.0,1787429559.0607452,1,1.0507,0.1368,,0.618,0.0287,0.245,NOMINAL,NOMINAL,NORMAL,0,
1648190700.0,1787429559.1855671,1,0.9861,0.1323,,0.612,0.0287,0.236,NOMINAL,NOMINAL,NORMAL,0,
1648191600.0,1787429559.3105552,1,0.994,0.1295,,0.576,0.0249,0.232,NOMINAL,NOMINAL,NORMAL,0,
1648192500.0,1787429559.4353986,1,0.9126,0.1261,,0.567,0.0247,0.216,NOMINAL,NOMINAL,NORMAL,0,
1648193400.0,1787429559.560374,1,0.907,0.1271,,0.561,0.0229,0.223,NOMINAL,NOMINAL,NORMAL,0,
1648194300.0,1787429559.6853852,1,0.9058,0.1251,,0.592,0.0225,0.218,NOMINAL,NOMINAL,NORMAL,0,
1648195200.0,1787429559.8104112,1,0.9462,0.1276,,0.546,0.0242,0.227,NOMINAL,NOMINAL,NORMAL,0,
1648196100.0,1787429559.9353757,1,0.9102,0.1258,,0.552,0.0226,0.214,NOMINAL,NOMINAL,NORMAL,0,
1648197000.0,1787429560.0607038,1,1.0096,0.1358,,0.64,0.0283,0.244,NOMINAL,NOMINAL,NORMAL,0,
1648197900.0,1787429560.1854897,1,0.9534,0.1337,,0.598,0.026,0.227,NOMINAL,NOMINAL,TRIGGERED,1,omni_p6
1648198800.0,1787429560.3103883,1,0.9361,0.1261,,0.559,0.0254,0.217,NOMINAL,NOMINAL,NORMAL,0,
1648199700.0,1787429560.4356472,1,0.9877,0.1342,,0.639,0.0282,0.236,NOMINAL,NOMINAL,NORMAL,0,
1648200600.0,1787429560.560389,1,0.9209,0.1285,,0.555,0.0246,0.219,NOMINAL,NOMINAL,NORMAL,0,
1648201500.0,1787429560.6853535,1,0.8948,0.1253,,0.57,0.0244,0.216,NOMINAL,NOMINAL,NORMAL,0,
1648202400.0,1787429560.810318,1,0.92,0.1282,,0.53,0.0243,0.213,NOMINAL,NOMINAL,NORMAL,0,
1648203300.0,1787429560.9355042,1,0.937,0.1333,,0.594,0.0285,0.232,NOMINAL,NOMINAL,TRIGGERED,1,omni_p6
1648204200.0,1787429561.060671,1,0.9885,0.1336,,0.643,0.0274,0.241,NOMINAL,NOMINAL,TRIGGERED,2,omni_p6
1648205100.0,1787429561.185469,1,0.9413,0.1316,,0.593,0.0254,0.228,NOMINAL,NOMINAL,NORMAL,0,
1648206000.0,1787429561.3104177,1,0.939,0.1335,,0.558,0.0238,0.222,NOMINAL,NOMINAL,NORMAL,0,
1648206900.0,1787429561.435343,1,0.8931,0.1261,,0.551,0.0233,0.215,NOMINAL,NOMINAL,NORMAL,0,
1648207800.0,1787429561.560304,1,0.8777,0.1263,,0.55,0.0229,0.215,NOMINAL,NOMINAL,NORMAL,0,
1648208700.0,1787429561.6853926,1,0.9062,0.1283,,0.575,0.0252,0.218,NOMINAL,NOMINAL,NORMAL,0,
1648209600.0,1787429561.8103995,1,0.9547,0.1316,,0.53,0.0268,0.225,NOMINAL,NOMINAL,TRIGGERED,1,omni_p6
1648210500.0,1787429561.9354005,1,0.9126,0.1296,,0.556,0.0252,0.226,NOMINAL,NOMINAL,TRIGGERED,2,omni_p6
1648211400.0,1787429562.0608065,1,1.0262,0.1369,,0.692,0.0274,0.252,NOMINAL,NOMINAL,NORMAL,0,
1648212300.0,1787429562.1855824,1,0.9465,0.1313,,0.686,0.0247,0.228,NOMINAL,NOMINAL,NORMAL,0,
1648213200.0,1787429562.3109403,1,1.0707,0.1462,,0.757,0.0299,0.28,NOMINAL,NOMINAL,NORMAL,0,
1648214100.0,1787429562.436235,1,1.1552,0.1466,,0.788,0.0314,0.272,NOMINAL,NOMINAL,NORMAL,0,
1648215000.0,1787429562.5606997,1,1.0367,0.1396,,0.638,0.026,0.245,NOMINAL,NOMINAL,TRIGGERED,1,omni_p6
1648215900.0,1787429562.685568,1,0.9799,0.1352,,0.609,0.0251,0.233,NOMINAL,NOMINAL,TRIGGERED,2,omni_p6
1648216800.0,1787429562.8104541,1,0.9796,0.1328,,0.556,0.0243,0.23,NOMINAL,NOMINAL,NORMAL,0,
1648217700.0,1787429562.9354603,1,0.9388,0.1312,,0.574,0.0233,0.219,NOMINAL,NOMINAL,NORMAL,0,
1648218600.0,1787429563.0608096,1,0.9857,0.1364,,0.774,0.0271,0.276,NOMINAL,NOMINAL,NORMAL,0,
1648219500.0,1787429563.1858256,1,1.0604,0.1378,,0.674,0.0284,0.251,NOMINAL,NOMINAL,NORMAL,0,
1648220400.0,1787429563.3106408,1,1.0117,0.1349,,0.646,0.0249,0.229,NOMINAL,NOMINAL,NORMAL,0,
1648221300.0,1787429563.436208,1,1.1249,0.146,,0.84,0.0306,0.271,NOMINAL,NOMINAL,TRIGGERED,1,omni_p6
1648222200.0,1787429563.5607247,1,1.0398,0.1425,,0.65,0.026,0.248,NOMINAL,NOMINAL,TRIGGERED,2,omni_p6
1648223100.0,1787429563.6855946,1,0.978,0.1325,,0.625,0.0252,0.239,NOMINAL,NOMINAL,NORMAL,0,
1648224000.0,1787429563.8105211,1,0.9741,0.1305,,0.628,0.025,0.226,NOMINAL,NOMINAL,NORMAL,0,
1648224900.0,1787429563.9354646,1,0.9462,0.1307,,0.573,0.0249,0.223,NOMINAL,NOMINAL,NORMAL,0,
1648225800.0,1787429564.0604866,1,0.9282,0.1302,,0.595,0.0249,0.23,NOMINAL,NOMINAL,NORMAL,0,
1648226700.0,1787429564.185595,1,0.9691,0.1338,,0.636,0.027,0.24,NOMINAL,NOMINAL,NORMAL,0,
1648227600.0,1787429564.3106234,1,0.9988,0.1329,,0.644,0.0251,0.239,NOMINAL,NOMINAL,NORMAL,0,
1648228500.0,1787429564.4353793,1,0.9073,0.1294,,0.55,0.0231,0.216,NOMINAL,NOMINAL,NORMAL,0,
1648229400.0,1787429564.5603838,1,0.8959,0.1287,,0.577,0.0241,0.217,NOMINAL,NOMINAL,NORMAL,0,
1648230300.0,1787429564.6853857,1,0.8757,0.1247,,0.627,0.023,0.217,NOMINAL,NOMINAL,NORMAL,0,
1648231200.0,1787429564.810438,1,0.9508,0.1337,,0.555,0.0244,0.228,NOMINAL,NOMINAL,NORMAL,0,
1648232100.0,1787429564.935399,1,0.899,0.128,,0.569,0.0241,0.222,NOMINAL,NOMINAL,NORMAL,0,
1648233000.0,1787429565.060482,1,0.9314,0.1323,,0.586,0.0252,0.231,NOMINAL,NOMINAL,NORMAL,0,
1648233900.0,1787429565.1855836,1,0.9712,0.1364,,0.627,0.0276,0.236,NOMINAL,NOMINAL,NORMAL,0,
1648234800.0,1787429565.310514,1,0.9654,0.1332,,0.587,0.0258,0.23,NOMINAL,NOMINAL,NORMAL,0,
1648235700.0,1787429565.4356928,1,0.9803,0.1401,,0.689,0.027,0.24,NOMINAL,NOMINAL,NORMAL,0,
1648236600.0,1787429565.5604923,1,0.9367,0.1314,,0.62,0.026,0.228,NOMINAL,NOMINAL,NORMAL,0,
1648237500.0,1787429565.6854117,1,0.9017,0.1253,,0.597,0.0242,0.226,NOMINAL,NOMINAL,NORMAL,0,
1648238400.0,1787429565.8103304,1,0.9094,0.1243,,0.549,0.0242,0.223,NOMINAL,NOMINAL,NORMAL,0,
1648239300.0,1787429565.9353757,1,0.8812,0.1262,,0.583,0.0244,0.216,NOMINAL,NOMINAL,NORMAL,0,
1648240200.0,1787429566.0604546,1,0.8991,0.1247,,0.623,0.0254,0.229,NOMINAL,NOMINAL,NORMAL,0,
1648241100.0,1787429566.1855845,1,0.9495,0.1334,,0.651,0.0264,0.237,NOMINAL,NOMINAL,NORMAL,0,
1648242000.0,1787429566.3104756,1,0.9542,0.1287,,0.596,0.0244,0.223,NOMINAL,NOMINAL,TRIGGERED,1,omni_p6
1648242900.0,1787429566.4353898,1,0.8888,0.1265,,0.574,0.0237,0.213,NOMINAL,NOMINAL,TRIGGERED,2,omni_p6
1648243800.0,1787429566.5603795,1,0.8839,0.1264,,0.606,0.0241,0.213,NOMINAL,NOMINAL,NORMAL,0,
1648244700.0,1787429566.6854217,1,0.8932,0.1272,,0.624,0.0245,0.211,NOMINAL,NOMINAL,NORMAL,0,
1648245600.0,1787429566.8104246,1,0.9311,0.1283,,0.569,0.0245,0.245,NOMINAL,NOMINAL,NORMAL,0,
1648246500.0,1787429566.9353774,1,0.8865,0.1292,,0.567,0.0255,0.221,NOMINAL,NOMINAL,NORMAL,0,
1648247400.0,1787429567.0605388,1,0.9277,0.1271,,0.654,0.026,0.222,NOMINAL,NOMINAL,NORMAL,0,
1648248300.0,1787429567.1855943,1,0.9398,0.1351,,0.693,0.0271,0.238,NOMINAL,NOMINAL,TRIGGERED,1,omni_p6
1648249200.0,1787429567.3108425,1,1.0712,0.1435,,0.711,0.0298,0.276,NOMINAL,NOMINAL,TRIGGERED,2,omni_p6
1648250100.0,1787429567.4362257,1,1.1647,0.1469,,0.78,0.0314,0.274,NOMINAL,NOMINAL,NORMAL,0,
1648251000.0,1787429567.5608032,1,1.0639,0.1374,,0.697,0.0278,0.247,NOMINAL,NOMINAL,NORMAL,0,
1648251900.0,1787429567.6855567,1,0.9718,0.1339,,0.624,0.0254,0.238,NOMINAL,NOMINAL,NORMAL,0,
1648252800.0,1787429567.8111515,1,0.9945,0.1267,0.5673,0.579,0.027,0.239,NOMINAL,NOMINAL,NORMAL,0,
1648253700.0,1787429567.935579,1,0.9991,0.1323,,0.607,0.0259,0.227,NOMINAL,NOMINAL,NORMAL,0,
1648254600.0,1787429568.060559,1,0.9763,0.1337,,0.603,0.0265,0.23,NOMINAL,NOMINAL,TRIGGERED,1,omni_p6
1648255500.0,1787429568.1858525,1,1.0529,0.1384,,0.715,0.0285,0.246,NOMINAL,NOMINAL,NORMAL,0,
1648256400.0,1787429568.3106146,1,1.018,0.1377,,0.603,0.025,0.239,NOMINAL,NOMINAL,NORMAL,0,
1648257300.0,1787429568.4361603,1,1.122,0.142,,0.805,0.0313,0.272,NOMINAL,NOMINAL,NORMAL,0,
1648258200.0,1787429568.5607636,1,1.0444,0.1395,,0.682,0.0302,0.251,NOMINAL,NOMINAL,NORMAL,0,
1648259100.0,1787429568.6855674,1,0.9654,0.1295,,0.643,0.0244,0.233,NOMINAL,NOMINAL,NORMAL,0,
1648260000.0,1787429568.8104734,1,0.9672,0.1355,,0.573,0.0237,0.235,NOMINAL,NOMINAL,TRIGGERED,1,omni_p6
1648260900.0,1787429568.9354496,1,0.9264,0.1307,,0.58,0.0246,0.223,NOMINAL,NOMINAL,TRIGGERED,2,omni_p6
1648261800.0,1787429569.060545,1,0.9578,0.1325,,0.613,0.0231,0.23,NOMINAL,NOMINAL,NORMAL,0,
1648262700.0,1787429569.1854498,1,0.9231,0.1282,,0.601,0.0255,0.22,NOMINAL,NOMINAL,NORMAL,0,
1648263600.0,1787429569.3106966,1,1.0208,0.1378,,0.658,0.0276,0.243,NOMINAL,NOMINAL,NORMAL,0,
1648264500.0,1787429569.435506,1,0.9508,0.1333,,0.601,0.0283,0.228,NOMINAL,NOMINAL,NORMAL,0,
1648265400.0,1787429569.5603764,1,0.9034,0.1269,,0.583,0.0234,0.214,NOMINAL,NOMINAL,NORMAL,0,
1648266300.0,1787429569.6853528,1,0.8852,0.1261,,0.581,0.0254,0.214,NOMINAL,NOMINAL,TRIGGERED,1,omni_p6
1648267200.0,1787429569.8104258,1,0.9342,0.1293,,0.57,0.0243,0.247,NOMINAL,NOMINAL,TRIGGERED,2,omni_p6
1648268100.0,1787429569.9354591,1,0.9163,0.128,,0.602,0.0243,0.226,NOMINAL,NOMINAL,NORMAL,0,
1648269000.0,1787429570.060401,1,0.9024,0.1263,,0.588,0.0263,0.215,NOMINAL,NOMINAL,NORMAL,0,
1648269900.0,1787429570.1853957,1,0.8962,0.1274,,0.604,0.0236,0.218,NOMINAL,NOMINAL,NORMAL,0,
1648270800.0,1787429570.3106058,1,0.9817,0.1344,,0.635,0.0276,0.236,NOMINAL,NOMINAL,NORMAL,0,
1648271700.0,1787429570.4355638,1,0.9639,0.1354,,0.608,0.0267,0.231,NOMINAL,NOMINAL,NORMAL,0,
1648272600.0,1787429570.560399,1,0.8986,0.1274,,0.58,0.0244,0.224,NOMINAL,NOMINAL,NORMAL,0,
1648273500.0,1787429570.6853747,1,0.8793,0.1272,,0.597,0.0248,0.219,NOMINAL,NOMINAL,NORMAL,0,
1648274400.0,1787429570.810524,1,0.9775,0.1342,,0.571,0.0265,0.233,NOMINAL,NOMINAL,NORMAL,0,
1648275300.0,1787429570.9354146,1,0.9188,0.1279,,0.563,0.0242,0.219,NOMINAL,NOMINAL,NORMAL,0,
1648276200.0,1787429571.0604749,1,0.9326,0.1288,,0.585,0.026,0.227,NOMINAL,NOMINAL,NORMAL,0,
1648277100.0,1787429571.185433,1,0.9171,0.1294,,0.595,0.0252,0.224,NOMINAL,NOMINAL,NORMAL,0,
1648278000.0,1787429571.3107364,1,1.0305,0.1362,,0.666,0.0278,0.24,NOMINAL,NOMINAL,NORMAL,0,
1648278900.0,1787429571.4355297,1,0.9411,0.1295,,0.601,0.0251,0.227,NOMINAL,NOMINAL,NORMAL,0,
1648279800.0,1787429571.5603926,1,0.9007,0.1271,,0.582,0.0235,0.235,NOMINAL,NOMINAL,NORMAL,0,
1648280700.0,1787429571.6853683,1,0.8841,0.1246,,0.587,0.0232,0.215,NOMINAL,NOMINAL,NORMAL,0,
1648281600.0,1787429571.8103642,1,0.9103,0.1252,,0.564,0.0225,0.213,NOMINAL,NOMINAL,NORMAL,0,
1648282500.0,1787429571.9354398,1,0.9039,0.1288,,0.611,0.0244,0.219,NOMINAL,NOMINAL,TRIGGERED,1,omni_p6
1648283400.0,1787429572.06041,1,0.9003,0.1289,,0.579,0.0243,0.216,NOMINAL,NOMINAL,NORMAL,0,
1648284300.0,1787429572.185334,1,0.8597,0.1264,,0.575,0.0231,0.222,NOMINAL,NOMINAL,NORMAL,0,
1648285200.0,1787429572.311106,1,1.1224,0.1519,,0.785,0.0463,0.302,NOMINAL,NOMINAL,NORMAL,0,
1648286100.0,1787429572.4363,1,1.1604,0.1484,,0.837,0.0327,0.281,NOMINAL,NOMINAL,NORMAL,0,
1648287000.0,1787429572.560878,1,1.0853,0.1439,,0.722,0.0295,0.256,NOMINAL,NOMINAL,NORMAL,0,
1648287900.0,1787429572.6856198,1,1.0021,0.1353,,0.66,0.0255,0.234,NOMINAL,NOMINAL,NORMAL,0,
1648288800.0,1787429572.810522,1,0.9942,0.1368,,0.597,0.0255,0.229,NOMINAL,NOMINAL,TRIGGERED,1,omni_p6
1648289700.0,1787429572.9354908,1,0.9397,0.1324,,0.598,0.0264,0.227,NOMINAL,NOMINAL,NORMAL,0,
1648290600.0,1787429573.0604947,1,0.944,0.1285,,0.614,0.0248,0.23,NOMINAL,NOMINAL,NORMAL,0,
1648291500.0,1787429573.1854916,1,0.9274,0.1294,,0.626,0.0252,0.225,NOMINAL,NOMINAL,NORMAL,0,
1648292400.0,1787429573.3109565,1,1.0959,0.1423,,0.734,0.0306,0.255,NOMINAL,NOMINAL,NORMAL,0,
1648293300.0,1787429573.4361951,1,1.156,0.1465,,0.785,0.0321,0.263,NOMINAL,NOMINAL,NORMAL,0,
1648294200.0,1787429573.5607386,1,1.056,0.1401,,0.662,0.027,0.251,NOMINAL,NOMINAL,TRIGGERED,1,omni_p6
1648295100.0,1787429573.685494,1,0.961,0.1365,,0.607,0.0222,0.211,NOMINAL,NOMINAL,TRIGGERED,2,omni_p6
1648296000.0,1787429573.8105426,1,1.0059,0.1329,,0.583,0.0266,0.232,NOMINAL,NOMINAL,NORMAL,0,
1648296900.0,1787429573.935468,1,0.9514,0.1302,,0.567,0.0264,0.226,NOMINAL,NOMINAL,NORMAL,0,
1648297800.0,1787429574.0604172,1,0.9263,0.1278,,0.565,0.023,0.219,NOMINAL,NOMINAL,NORMAL,0,
1648298700.0,1787429574.1854606,1,0.9279,0.1294,,0.594,0.0236,0.222,NOMINAL,NOMINAL,NORMAL,0,
1648299600.0,1787429574.3104455,1,0.9541,0.1294,,0.564,0.0232,0.22,NOMINAL,NOMINAL,NORMAL,0,
1648300500.0,1787429574.4356067,1,0.9703,0.1314,,0.64,0.0271,0.235,NOMINAL,NOMINAL,TRIGGERED,1,omni_p6
1648301400.0,1787429574.5604398,1,0.9281,0.1317,,0.59,0.0257,0.225,NOMINAL,NOMINAL,TRIGGERED,2,omni_p6
1648302300.0,1787429574.6854107,1,0.9026,0.1261,,0.602,0.0236,0.219,NOMINAL,NOMINAL,NORMAL,0,
1648303200.0,1787429574.8103802,1,0.9496,0.1268,,0.559,0.0238,0.219,NOMINAL,NOMINAL,NORMAL,0,
1648304100.0,1787429574.9354215,1,0.9086,0.1247,,0.589,0.0252,0.223,NOMINAL,NOMINAL,NORMAL,0,
1648305000.0,1787429575.0603743,1,0.8925,0.128,,0.567,0.0234,0.219,NOMINAL,NOMINAL,NORMAL,0,
1648305900.0,1787429575.18538,1,0.877,0.1269,,0.594,0.0236,0.217,NOMINAL,NOMINAL,NORMAL,0,
1648306800.0,1787429575.3103611,1,0.9064,0.1278,,0.556,0.0228,0.213,NOMINAL,NOMINAL,TRIGGERED,1,omni_p6
1648307700.0,1787429575.4359114,1,1.0606,0.1382,,0.723,0.0292,0.249,NOMINAL,NOMINAL,NORMAL,0,
1648308600.0,1787429575.560459,1,0.946,0.1305,,0.582,0.0248,0.222,NOMINAL,NOMINAL,NORMAL,0,
1648309500.0,1787429575.6853616,1,0.8907,0.1271,,0.571,0.0236,0.22,NOMINAL,NOMINAL,NORMAL,0,
1648310400.0,1787429575.8103604,1,0.9222,0.1266,,0.547,0.0228,0.221,NOMINAL,NOMINAL,NORMAL,0,
1648311300.0,1787429575.9353938,1,0.902,0.1254,,0.572,0.0242,0.22,NOMINAL,NOMINAL,NORMAL,0,
1648312200.0,1787429576.060364,1,0.8808,0.1252,,0.576,0.0236,0.219,NOMINAL,NOMINAL,NORMAL,0,
1648313100.0,1787429576.1854713,1,0.9108,0.1276,,0.622,0.0244,0.221,NOMINAL,NOMINAL,NORMAL,0,
1648314000.0,1787429576.3104558,1,0.9306,0.1281,,0.578,0.0258,0.225,NOMINAL,NOMINAL,NORMAL,0,
1648314900.0,1787429576.4355698,1,0.9506,0.1295,,0.614,0.0268,0.24,NOMINAL,NOMINAL,NORMAL,0,
1648315800.0,1787429576.5603833,1,0.9004,0.1258,,0.581,0.0232,0.218,NOMINAL,NOMINAL,NORMAL,0,
1648316700.0,1787429576.6853611,1,0.8709,0.1211,,0.572,0.0251,0.248,NOMINAL,NOMINAL,NORMAL,0,
1648317600.0,1787429576.8104048,1,0.9386,0.1273,,0.547,0.0244,0.22,NOMINAL,NOMINAL,NORMAL,0,
1648318500.0,1787429576.9353878,1,0.9109,0.1252,,0.558,0.024,0.216,NOMINAL,NOMINAL,NORMAL,0,
1648319400.0,1787429577.0603976,1,0.9106,0.1285,,0.564,0.0252,0.217,NOMINAL,NOMINAL,NORMAL,0,
1648320300.0,1787429577.1854544,1,0.9171,0.1297,,0.599,0.0263,0.225,NOMINAL,NOMINAL,NORMAL,0,
1648321200.0,1787429577.3110905,1,1.137,0.1502,,0.77,0.0312,0.288,NOMINAL,NOMINAL,NORMAL,0,
1648322100.0,1787429577.436361,1,1.1945,0.1491,,0.835,0.0436,0.292,NOMINAL,NOMINAL,NORMAL,0,
1648323000.0,1787429577.5607462,1,1.0434,0.14,,0.664,0.0261,0.242,NOMINAL,NOMINAL,NORMAL,0,
1648323900.0,1787429577.6856084,1,0.9903,0.1339,,0.641,0.0242,0.233,NOMINAL,NOMINAL,NORMAL,0,
1648324800.0,1787429577.8104618,1,0.981,0.1327,,0.57,0.0245,0.229,NOMINAL,NOMINAL,NORMAL,0,
1648325700.0,1787429577.9362311,1,1.1567,0.1454,,0.814,0.0307,0.276,NOMINAL,NOMINAL,NORMAL,0,
1648326600.0,1787429578.0614412,1,1.1982,0.1488,,0.883,0.0326,0.286,NOMINAL,NOMINAL,NORMAL,0,
1648327500.0,1787429578.1860075,1,1.1298,0.1452,,0.746,0.0278,0.258,NOMINAL,NOMINAL,TRIGGERED,1,omni_p6
1648328400.0,1787429578.3108933,1,1.1137,0.1416,,0.689,0.0278,0.25,NOMINAL,NOMINAL,NORMAL,0,
1648329300.0,1787429578.43636,1,1.1737,0.1473,,0.849,0.0323,0.275,NOMINAL,NOMINAL,NORMAL,0,
1648330200.0,1787429578.5608208,1,1.076,0.1385,,0.685,0.0279,0.25,NOMINAL,NOMINAL,NORMAL,0,
1648331100.0,1787429578.6855543,1,0.9613,0.1305,,0.629,0.0259,0.235,NOMINAL,NOMINAL,NORMAL,0,
1648332000.0,1787429578.810448,1,0.9696,0.1261,,0.575,0.0237,0.23,NOMINAL,NOMINAL,NORMAL,0,
1648332900.0,1787429578.9354727,1,0.9375,0.1283,,0.588,0.0241,0.226,NOMINAL,NOMINAL,NORMAL,0,
1648333800.0,1787429579.0604656,1,0.9379,0.1293,,0.59,0.0242,0.223,NOMINAL,NOMINAL,TRIGGERED,1,omni_p6
1648334700.0,1787429579.1854649,1,0.9306,0.1286,,0.601,0.0245,0.222,NOMINAL,NOMINAL,NORMAL,0,
1648335600.0,1787429579.3109884,1,1.1003,0.1422,,0.745,0.0303,0.261,NOMINAL,NOMINAL,NORMAL,0,
1648336500.0,1787429579.4356015,1,1.0136,0.1332,,0.593,0.0265,0.236,NOMINAL,NOMINAL,NORMAL,0,
1648337400.0,1787429579.5607429,1,1.0337,0.1406,,0.66,0.0288,0.249,NOMINAL,NOMINAL,NORMAL,0,
1648338300.0,1787429579.685635,1,1.0021,0.1309,,0.655,0.0274,0.251,NOMINAL,NOMINAL,NORMAL,0,
1648339200.0,1787429579.811302,1,1.0504,0.137,0.6158,0.577,0.0283,0.246,NOMINAL,NOMINAL,TRIGGERED,1,omni_p6
1648340100.0,1787429579.935564,1,0.9997,0.1358,,0.579,0.0263,0.228,NOMINAL,NOMINAL,TRIGGERED,2,omni_p6
1648341000.0,1787429580.0605288,1,0.9803,0.1323,,0.58,0.0281,0.24,NOMINAL,NOMINAL,NORMAL,0,
1648341900.0,1787429580.1855726,1,0.9704,0.1321,,0.614,0.027,0.233,NOMINAL,NOMINAL,NORMAL,0,
1648342800.0,1787429580.310496,1,0.9654,0.1313,,0.569,0.0244,0.228,NOMINAL,NOMINAL,NORMAL,0,
1648343700.0,1787429580.4355807,1,0.9763,0.1334,,0.618,0.0265,0.234,NOMINAL,NOMINAL,NORMAL,0,
1648344600.0,1787429580.5606046,1,0.9803,0.1348,,0.639,0.0279,0.235,NOMINAL,NOMINAL,NORMAL,0,
1648345500.0,1787429580.6854706,1,0.931,0.1282,,0.607,0.0258,0.228,NOMINAL,NOMINAL,TRIGGERED,1,omni_p6
1648346400.0,1787429580.8104284,1,0.9686,0.1281,,0.566,0.0254,0.229,NOMINAL,NOMINAL,TRIGGERED,2,omni_p6
1648347300.0,1787429580.9354033,1,0.9147,0.1273,,0.575,0.0259,0.227,NOMINAL,NOMINAL,NORMAL,0,
1648348200.0,1787429581.0604563,1,0.9023,0.1245,,0.63,0.0241,0.222,NOMINAL,NOMINAL,NORMAL,0,
1648349100.0,1787429581.185476,1,0.9147,0.1284,,0.616,0.0241,0.23,NOMINAL,NOMINAL,NORMAL,0,
1648350000.0,1787429581.310428,1,0.928,0.1234,,0.582,0.022,0.223,NOMINAL,NOMINAL,NORMAL,0,
1648350900.0,1787429581.435326,1,0.8609,0.122,,0.566,0.0232,0.215,NOMINAL,NOMINAL,NORMAL,0,
1648351800.0,1787429581.5605993,1,0.9529,0.1356,,0.638,0.0262,0.237,NOMINAL,NOMINAL,TRIGGERED,1,omni_p6
1648352700.0,1787429581.6854806,1,0.9205,0.1316,,0.639,0.0238,0.224,NOMINAL,NOMINAL,NORMAL,0,
1648353600.0,1787429581.8104014,1,0.9445,0.1288,,0.556,0.0248,0.228,NOMINAL,NOMINAL,NORMAL,0,
1648354500.0,1787429581.9354763,1,0.9167,0.1307,,0.597,0.0252,0.232,NOMINAL,NOMINAL,NORMAL,0,
1648355400.0,1787429582.0604007,1,0.8923,0.1243,,0.611,0.0223,0.216,NOMINAL,NOMINAL,NORMAL,0,
1648356300.0,1787429582.1854625,1,0.8829,0.1306,,0.653,0.0224,0.217,NOMINAL,NOMINAL,NORMAL,0,
1648357200.0,1787429582.310922,1,1.0662,0.1447,,0.782,0.0311,0.278,NOMINAL,NOMINAL,NORMAL,0,
1648358100.0,1787429582.4363081,1,1.1856,0.1469,,0.808,0.0322,0.273,NOMINAL,NOMINAL,NORMAL,0,
1648359000.0,1787429582.560942,1,1.1195,0.141,,0.712,0.0297,0.257,NOMINAL,NOMINAL,NORMAL,0,
1648359900.0,1787429582.6857324,1,1.0514,0.1427,,0.641,0.0299,0.249,NOMINAL,NOMINAL,NORMAL,0,
1648360800.0,1787429582.8106513,1,1.0715,0.1368,,0.579,0.0274,0.237,NOMINAL,NOMINAL,NORMAL,0,
1648361700.0,1787429582.9355488,1,0.9935,0.1306,,0.583,0.0255,0.225,NOMINAL,NOMINAL,NORMAL,0,
1648362600.0,1787429583.0605502,1,1.0041,0.1313,,0.575,0.0256,0.229,NOMINAL,NOMINAL,NORMAL,0,
1648363500.0,1787429583.1856184,1,0.9849,0.1299,,0.628,0.0271,0.278,NOMINAL,NOMINAL,NORMAL,0,
1648364400.0,1787429583.3107274,1,1.0672,0.1387,,0.625,0.0305,0.24,NOMINAL,NOMINAL,NORMAL,0,
1648365300.0,1787429583.436212,1,1.1556,0.1462,,0.787,0.0322,0.275,NOMINAL,NOMINAL,NORMAL,0,
1648366200.0,1787429583.5609298,1,1.1082,0.1429,,0.705,0.0295,0.26,NOMINAL,NOMINAL,NORMAL,0,
1648367100.0,1787429583.6856532,1,1.0155,0.1338,,0.636,0.0268,0.243,NOMINAL,NOMINAL,NORMAL,0,
1648368000.0,1787429583.81048,1,0.9944,0.1333,,0.551,0.0254,0.228,NOMINAL,NOMINAL,TRIGGERED,1,omni_p6
1648368900.0,1787429583.9354877,1,0.9778,0.1278,,0.577,0.0248,0.231,NOMINAL,NOMINAL,NORMAL,0,
1648369800.0,1787429584.0603843,1,0.9136,0.1289,,0.564,0.0253,0.228,NOMINAL,NOMINAL,NORMAL,0,
1648370700.0,1787429584.185434,1,0.9095,0.1268,,0.608,0.026,0.223,NOMINAL,NOMINAL,NORMAL,0,
1648371600.0,1787429584.3104916,1,0.9639,0.1328,,0.597,0.0258,0.23,NOMINAL,NOMINAL,NORMAL,0,
1648372500.0,1787429584.435386,1,0.9009,0.1271,,0.575,0.0254,0.223,NOMINAL,NOMINAL,NORMAL,0,
1648373400.0,1787429584.5603144,1,0.8681,0.1262,,0.56,0.0247,0.223,NOMINAL,NOMINAL,TRIGGERED,1,omni_p6
1648374300.0,1787429584.6856632,1,0.9991,0.1359,,0.646,0.0274,0.242,NOMINAL,NOMINAL,TRIGGERED,2,omni_p6
1648375200.0,1787429584.8105109,1,0.9992,0.1324,,0.553,0.0263,0.244,NOMINAL,NOMINAL,NORMAL,0,
1648376100.0,1787429584.9354415,1,0.9295,0.1293,,0.575,0.0236,0.222,NOMINAL,NOMINAL,NORMAL,0,
1648377000.0,1787429585.060369,1,0.9081,0.1273,,0.565,0.0237,0.222,NOMINAL,NOMINAL,NORMAL,0,
1648377900.0,1787429585.1854517,1,0.9156,0.1245,,0.618,0.0237,0.241,NOMINAL,NOMINAL,NORMAL,0,
1648378800.0,1787429585.310396,1,0.9373,0.1291,,0.552,0.0234,0.222,NOMINAL,NOMINAL,NORMAL,0,
1648379700.0,1787429585.4357293,1,1.0219,0.1346,,0.658,0.0287,0.241,NOMINAL,NOMINAL,TRIGGERED,1,omni_p6
1648380600.0,1787429585.5604227,1,0.9353,0.1306,,0.567,0.0259,0.226,NOMINAL,NOMINAL,TRIGGERED,2,omni_p6
1648381500.0,1787429585.685619,1,0.9995,0.1297,,0.631,0.0282,0.236,NOMINAL,NOMINAL,NORMAL,0,
1648382400.0,1787429585.8105507,1,1.0378,0.1325,,0.546,0.0274,0.234,NOMINAL,NOMINAL,NORMAL,0,
1648383300.0,1787429585.93546,1,0.9481,0.1313,,0.573,0.0246,0.222,NOMINAL,NOMINAL,NORMAL,0,
1648384200.0,1787429586.0604162,1,0.9437,0.1291,,0.552,0.0248,0.232,NOMINAL,NOMINAL,NORMAL,0,
1648385100.0,1787429586.185888,1,1.0567,0.14,,0.712,0.0292,0.275,NOMINAL,NOMINAL,NORMAL,0,
1648386000.0,1787429586.310689,1,1.0499,0.1375,,0.643,0.0286,0.243,NOMINAL,NOMINAL,TRIGGERED,1,omni_p6
1648386900.0,1787429586.4354315,1,0.9357,0.1314,,0.562,0.0265,0.227,NOMINAL,NOMINAL,TRIGGERED,2,omni_p6
1648387800.0,1787429586.5603685,1,0.9018,0.1325,,0.561,0.0256,0.224,NOMINAL,NOMINAL,NORMAL,0,
1648388700.0,1787429586.6856713,1,0.987,0.1333,,0.667,0.028,0.25,NOMINAL,NOMINAL,NORMAL,0,
1648389600.0,1787429586.8104775,1,0.9825,0.1326,,0.557,0.026,0.235,NOMINAL,NOMINAL,NORMAL,0,
1648390500.0,1787429586.9354112,1,0.9205,0.1293,,0.565,0.0251,0.226,NOMINAL,NOMINAL,NORMAL,0,
1648391400.0,1787429587.0603921,1,0.9162,0.1266,,0.573,0.0247,0.227,NOMINAL,NOMINAL,NORMAL,0,
1648392300.0,1787429587.185397,1,0.9106,0.1305,,0.572,0.0253,0.226,NOMINAL,NOMINAL,TRIGGERED,1,omni_p6
1648393200.0,1787429587.3108437,1,1.0527,0.1431,,0.723,0.0311,0.283,NOMINAL,NOMINAL,NORMAL,0,
1648394100.0,1787429587.4362826,1,1.1781,0.1454,,0.807,0.0331,0.278,NOMINAL,NOMINAL,NORMAL,0,
1648395000.0,1787429587.560784,1,1.0782,0.1404,,0.655,0.0279,0.249,NOMINAL,NOMINAL,NORMAL,0,
1648395900.0,1787429587.6857858,1,1.0712,0.1384,,0.666,0.0268,0.247,NOMINAL,NOMINAL,NORMAL,0,
1648396800.0,1787429587.8106396,1,1.0677,0.1341,,0.593,0.0276,0.242,NOMINAL,NOMINAL,NORMAL,0,
1648397700.0,1787429587.9355419,1,0.978,0.1308,,0.591,0.027,0.231,NOMINAL,NOMINAL,NORMAL,0,
1648398600.0,1787429588.0604796,1,0.9477,0.1294,,0.589,0.0252,0.234,NOMINAL,NOMINAL,NORMAL,0,
1648399500.0,1787429588.1854825,1,0.9301,0.1336,,0.608,0.0251,0.228,NOMINAL,NOMINAL,NORMAL,0,
1648400400.0,1787429588.3106923,1,1.0402,0.1346,,0.636,0.0281,0.25,NOMINAL,NOMINAL,NORMAL,0,
1648401300.0,1787429588.4361174,1,1.1537,0.1452,,0.723,0.0308,0.267,NOMINAL,NOMINAL,NORMAL,0,
1648402200.0,1787429588.560724,1,1.0556,0.1414,,0.638,0.0289,0.251,NOMINAL,NOMINAL,NORMAL,0,
1648403100.0,1787429588.6857421,1,1.0458,0.141,,0.66,0.0251,0.244,NOMINAL,NOMINAL,NORMAL,0,
1648404000.0,1787429588.8105578,1,1.031,0.1359,,0.564,0.0283,0.238,NOMINAL,NOMINAL,NORMAL,0,
1648404900.0,1787429588.9355145,1,0.9731,0.1316,,0.58,0.0259,0.23,NOMINAL,NOMINAL,NORMAL,0,
1648405800.0,1787429589.060509,1,0.9797,0.1317,,0.583,0.0263,0.234,NOMINAL,NOMINAL,NORMAL,0,
1648406700.0,1787429589.1855154,1,0.9647,0.1344,,0.596,0.027,0.233,NOMINAL,NOMINAL,NORMAL,0,
1648407600.0,1787429589.3105257,1,0.9868,0.1347,,0.584,0.0247,0.241,NOMINAL,NOMINAL,NORMAL,0,
1648408500.0,1787429589.4353836,1,0.9167,0.1294,,0.561,0.0237,0.222,NOMINAL,NOMINAL,NORMAL,0,
1648409400.0,1787429589.56059,1,0.9847,0.1379,,0.62,0.0285,0.239,NOMINAL,NOMINAL,NORMAL,0,
1648410300.0,1787429589.6856408,1,0.9982,0.1356,,0.657,0.0292,0.248,NOMINAL,NOMINAL,NORMAL,0,
1648411200.0,1787429589.8105602,1,1.0201,0.1366,,0.573,0.0298,0.253,NOMINAL,NOMINAL,NORMAL,0,
1648412100.0,1787429589.9354753,1,0.9503,0.131,,0.575,0.0267,0.232,NOMINAL,NOMINAL,NORMAL,0,
1648413000.0,1787429590.0604439,1,0.9438,0.1341,,0.569,0.0259,0.235,NOMINAL,NOMINAL,TRIGGERED,1,omni_p6
1648413900.0,1787429590.1855397,1,0.9406,0.1317,,0.629,0.0271,0.268,NOMINAL,NOMINAL,NORMAL,0,
1648414800.0,1787429590.3105226,1,0.9694,0.133,,0.561,0.0272,0.284,NOMINAL,NOMINAL,NORMAL,0,
1648415700.0,1787429590.4356709,1,1.0117,0.1351,,0.603,0.0292,0.261,NOMINAL,NOMINAL,NORMAL,0,
1648416600.0,1787429590.561097,1,1.1264,0.1445,,0.738,0.0312,0.297,NOMINAL,NOMINAL,NORMAL,0,
1648417500.0,1787429590.6856725,1,1.0254,0.1346,,0.611,0.0276,0.251,NOMINAL,NOMINAL,NORMAL,0,
1648418400.0,1787429590.8106973,1,1.0918,0.1412,,0.59,0.0279,0.255,NOMINAL,NOMINAL,TRIGGERED,1,omni_p6
1648419300.0,1787429590.935501,1,0.9966,0.1374,,0.546,0.028,0.241,NOMINAL,NOMINAL,TRIGGERED,2,omni_p6
1648420200.0,1787429591.0604408,1,0.9655,0.1309,,0.561,0.0267,0.233,NOMINAL,NOMINAL,NORMAL,0,
1648421100.0,1787429591.185476,1,0.9561,0.1313,,0.596,0.0265,0.233,NOMINAL,NOMINAL,NORMAL,0,
1648422000.0,1787429591.310442,1,0.9807,0.1283,,0.548,0.0247,0.233,NOMINAL,NOMINAL,NORMAL,0,
1648422900.0,1787429591.435508,1,0.9765,0.1328,,0.551,0.0252,0.249,NOMINAL,NOMINAL,NORMAL,0,
1648423800.0,1787429591.5603912,1,0.9385,0.128,,0.547,0.0242,0.244,NOMINAL,NOMINAL,NORMAL,0,
1648424700.0,1787429591.685412,1,0.9288,0.127,,0.576,0.0248,0.246,NOMINAL,NOMINAL,TRIGGERED,1,omni_p6
1648425600.0,1787429591.811473,1,1.0603,0.1364,0.6308,0.63,0.0291,0.288,NOMINAL,NOMINAL,TRIGGERED,2,omni_p6
1648426500.0,1787429591.9356182,1,1.0373,0.1331,,0.57,0.0278,0.26,NOMINAL,NOMINAL,NORMAL,0,
1648427400.0,1787429592.0605607,1,1.0029,0.1332,,0.587,0.0277,0.261,NOMINAL,NOMINAL,NORMAL,0,
1648428300.0,1787429592.1855934,1,1.0087,0.1364,,0.6,0.0284,0.259,NOMINAL,NOMINAL,NORMAL,0,
1648429200.0,1787429592.3117502,1,1.3151,0.1624,,0.957,0.0346,0.306,NOMINAL,NOMINAL,NORMAL,0,
1648430100.0,1787429592.4365444,1,1.2053,0.1497,,0.915,0.0327,0.294,NOMINAL,NOMINAL,NORMAL,0,
1648431000.0,1787429592.5609953,1,1.1399,0.1448,,0.709,0.0299,0.263,NOMINAL,NOMINAL,TRIGGERED,1,omni_p6
1648431900.0,1787429592.685676,1,1.0454,0.1378,,0.626,0.0257,0.241,NOMINAL,NOMINAL,NORMAL,0,
1648432800.0,1787429592.8107216,1,1.0845,0.1377,,0.619,0.027,0.255,NOMINAL,NOMINAL,NORMAL,0,
1648433700.0,1787429592.9355779,1,1.0136,0.1385,,0.587,0.0259,0.237,NOMINAL,NOMINAL,NORMAL,0,
1648434600.0,1787429593.060467,1,0.9814,0.1322,,0.567,0.0253,0.23,NOMINAL,NOMINAL,NORMAL,0,
1648435500.0,1787429593.1857224,1,1.0534,0.1391,,0.653,0.0274,0.238,NOMINAL,NOMINAL,NORMAL,0,
1648436400.0,1787429593.310799,1,1.0866,0.1437,,0.651,0.0292,0.279,NOMINAL,NOMINAL,TRIGGERED,1,omni_p6
1648437300.0,1787429593.4362788,1,1.1677,0.15,,0.811,0.0314,0.289,NOMINAL,NOMINAL,TRIGGERED,2,omni_p6
1648438200.0,1787429593.5607533,1,1.081,0.141,,0.646,0.0268,0.251,NOMINAL,NOMINAL,NORMAL,0,
1648439100.0,1787429593.6855924,1,1.0052,0.1337,,0.632,0.028,0.245,NOMINAL,NOMINAL,NORMAL,0,
1648440000.0,1787429593.810764,1,1.1464,0.1339,,0.609,0.0273,0.249,NOMINAL,NOMINAL,NORMAL,0,
1648440900.0,1787429593.9353013,1,0.8949,0.122,,0.564,0.0252,0.234,NOMINAL,NOMINAL,NORMAL,0,
1648441800.0,1787429594.0603292,1,0.9199,0.1255,,0.568,0.0239,0.229,NOMINAL,NOMINAL,NORMAL,0,
1648442700.0,1787429594.1851838,1,0.835,0.1184,,0.539,0.0248,0.247,NOMINAL,NOMINAL,NORMAL,0,
1648443600.0,1787429594.3102314,1,0.8677,0.1184,,0.554,0.0244,0.222,NOMINAL,NOMINAL,NORMAL,0,
1648444500.0,1787429594.4352698,1,0.8912,0.1246,,0.533,0.0237,0.215,NOMINAL,NOMINAL,NORMAL,0,
1648445400.0,1787429594.5603456,1,0.8745,0.1231,,0.634,0.0259,0.244,NOMINAL,NOMINAL,NORMAL,0,
1648446300.0,1787429594.68533,1,0.8396,0.1241,,0.622,0.0251,0.23,NOMINAL,NOMINAL,NORMAL,0,
1648447200.0,1787429594.8107412,1,1.04,0.1319,,0.641,0.0275,0.256,NOMINAL,NOMINAL,NORMAL,0,
1648448100.0,1787429594.9353938,1,0.9077,0.1314,,0.604,0.0261,0.232,NOMINAL,NOMINAL,NORMAL,0,
1648449000.0,1787429595.0604672,1,0.9092,0.1281,,0.602,0.0243,0.234,NOMINAL,NOMINAL,NORMAL,0,
1648449900.0,1787429595.1854658,1,0.9045,0.1292,,0.644,0.0239,0.23,NOMINAL,NOMINAL,NORMAL,0,
1648450800.0,1787429595.310495,1,0.9346,0.1253,,0.611,0.0254,0.235,NOMINAL,NOMINAL,NORMAL,0,
1648451700.0,1787429595.4358027,1,0.9997,0.1352,,0.697,0.0279,0.251,NOMINAL,NOMINAL,NORMAL,0,
1648452600.0,1787429595.5604014,1,0.9028,0.1272,,0.582,0.0234,0.219,NOMINAL,NOMINAL,NORMAL,0,
1648453500.0,1787429595.6853828,1,0.8717,0.1245,,0.606,0.0219,0.218,NOMINAL,NOMINAL,NORMAL,0,
1648454400.0,1787429595.8102682,1,0.886,0.1267,,0.517,0.0226,0.223,NOMINAL,NOMINAL,NORMAL,0,
1648455300.0,1787429595.9355657,1,0.9618,0.1338,,0.635,0.0247,0.233,NOMINAL,NOMINAL,NORMAL,0,
1648456200.0,1787429596.0604079,1,0.9115,0.129,,0.575,0.0229,0.231,NOMINAL,NOMINAL,NORMAL,0,
1648457100.0,1787429596.1854393,1,0.8793,0.1271,,0.634,0.0238,0.227,NOMINAL,NOMINAL,NORMAL,0,
1648458000.0,1787429596.3104017,1,0.9101,0.1242,,0.572,0.024,0.225,NOMINAL,NOMINAL,NORMAL,0,
1648458900.0,1787429596.435315,1,0.8537,0.1273,,0.551,0.0221,0.218,NOMINAL,NOMINAL,TRIGGERED,1,omni_p6
1648459800.0,1787429596.5603743,1,0.8747,0.1255,,0.581,0.0236,0.226,NOMINAL,NOMINAL,NORMAL,0,
1648460700.0,1787429596.6853545,1,0.8739,0.1218,,0.581,0.0241,0.224,NOMINAL,NOMINAL,NORMAL,0,
1648461600.0,1787429596.810272,1,0.8753,0.1237,,0.53,0.0216,0.222,NOMINAL,NOMINAL,NORMAL,0,
1648462500.0,1787429596.9355874,1,0.9439,0.1291,,0.675,0.0252,0.238,NOMINAL,NOMINAL,NORMAL,0,
1648463400.0,1787429597.0616121,1,0.9022,0.1301,,0.574,0.0253,0.457,NOMINAL,NOMINAL,NORMAL,0,
1648464300.0,1787429597.185892,1,0.8915,0.1647,,0.551,0.0209,0.218,NOMINAL,NOMINAL,NORMAL,0,
1648465200.0,1787429597.3115978,1,1.0799,0.1503,,0.806,0.0308,0.289,NOMINAL,NOMINAL,TRIGGERED,1,omni_p6
1648466100.0,1787429597.4368436,1,1.1767,0.1516,,0.712,0.0306,0.402,NOMINAL,NOMINAL,NORMAL,0,
1648467000.0,1787429597.5612721,1,1.044,0.1392,,0.651,0.0508,0.286,NOMINAL,NOMINAL,NORMAL,0,
1648467900.0,1787429597.6861408,1,0.9709,0.1356,,0.631,0.0274,0.248,NOMINAL,NOMINAL,NORMAL,0,
1648468800.0,1787429597.810991,1,0.985,0.1266,,0.559,0.0244,0.245,NOMINAL,NOMINAL,NORMAL,0,
1648469700.0,1787429597.936081,1,0.9617,0.134,,0.66,0.0267,0.249,NOMINAL,NOMINAL,NORMAL,0,
1648470600.0,1787429598.0610368,1,0.9551,0.134,,0.585,0.0262,0.245,NOMINAL,NOMINAL,TRIGGERED,1,omni_p6
1648471500.0,1787429598.186011,1,0.911,0.1543,,0.585,0.0251,0.237,NOMINAL,NOMINAL,TRIGGERED,2,omni_p6
1648472400.0,1787429598.312444,1,1.0588,0.1424,,0.729,0.0453,1.264,NOMINAL,PRE_ALERT,TRIGGERED,3,omni_p6
1648473300.0,1787429598.4380736,1,1.1816,0.1486,,0.793,0.0431,1.56,PRE_ALERT,NOMINAL,NORMAL,0,
1648474200.0,1787429598.561368,1,1.0516,0.1424,,0.73,0.0293,0.266,NOMINAL,NOMINAL,NORMAL,0,
1648475100.0,1787429598.6861453,1,0.9755,0.138,,0.622,0.0259,0.245,NOMINAL,NOMINAL,TRIGGERED,1,omni_p6
1648476000.0,1787429598.8110425,1,1.0101,0.1346,,0.56,0.0252,0.251,NOMINAL,NOMINAL,TRIGGERED,2,omni_p6
1648476900.0,1787429598.9370348,1,0.9596,0.1375,,0.655,0.0445,1.211,NOMINAL,PRE_ALERT,TRIGGERED,3,omni_p6
1648477800.0,1787429599.062073,1,1.0003,0.1342,,0.614,0.0438,1.178,PRE_ALERT,ALERT,TRIGGERED,4,omni_p6
1648478700.0,1787429599.1861207,1,0.9902,0.1413,,0.598,0.0274,0.244,ALERT,ALERT,TRIGGERED,5,omni_p6
1648479600.0,1787429599.3122017,1,1.0569,0.1392,,0.656,0.0396,1.174,ALERT,NOMINAL,NORMAL,0,
1648480500.0,1787429599.4360282,1,0.9261,0.1375,,0.611,0.0253,0.265,NOMINAL,NOMINAL,NORMAL,0,
1648481400.0,1787429599.5609038,1,0.8763,0.1296,,0.596,0.0236,0.238,NOMINAL,NOMINAL,TRIGGERED,1,omni_p6
1648482300.0,1787429599.6859314,1,0.8833,0.1549,,0.579,0.0264,0.239,NOMINAL,NOMINAL,NORMAL,0,
1648483200.0,1787429599.8108695,1,0.9138,0.1269,,0.546,0.024,0.236,NOMINAL,NOMINAL,TRIGGERED,1,omni_p6
1648484100.0,1787429599.9359913,1,0.9143,0.1283,,0.646,0.0257,0.245,NOMINAL,NOMINAL,NORMAL,0,
1648485000.0,1787429600.0609353,1,0.8965,0.1288,,0.589,0.0226,0.232,NOMINAL,NOMINAL,TRIGGERED,1,omni_p6
1648485900.0,1787429600.1859038,1,0.8595,0.1248,,0.622,0.0222,0.228,NOMINAL,NOMINAL,NORMAL,0,
1648486800.0,1787429600.3109279,1,0.8911,0.1222,,0.603,0.023,0.228,NOMINAL,NOMINAL,NORMAL,0,
1648487700.0,1787429600.436049,1,0.9228,0.1314,,0.62,0.0245,0.241,NOMINAL,NOMINAL,TRIGGERED,1,omni_p6
1648488600.0,1787429600.5608916,1,0.8664,0.1256,,0.595,0.022,0.252,NOMINAL,NOMINAL,NORMAL,0,
1648489500.0,1787429600.6858895,1,0.8589,0.1227,,0.614,0.0211,0.226,NOMINAL,NOMINAL,NORMAL,0,
1648490400.0,1787429600.8108299,1,0.9082,0.1325,,0.522,0.0208,0.231,NOMINAL,NOMINAL,TRIGGERED,1,omni_p6
1648491300.0,1787429600.9358091,1,0.8733,0.126,,0.562,0.0231,0.226,NOMINAL,NOMINAL,NORMAL,0,
1648492200.0,1787429601.061145,1,0.9424,0.1302,,0.654,0.0258,0.269,NOMINAL,NOMINAL,NORMAL,0,
1648493100.0,1787429601.1860144,1,0.9034,0.1555,,0.604,0.0246,0.236,NOMINAL,NOMINAL,NORMAL,0,
1648494000.0,1787429601.3110611,1,0.9461,0.1313,,0.622,0.0262,0.241,NOMINAL,NOMINAL,TRIGGERED,1,omni_p6
1648494900.0,1787429601.4358218,1,0.8472,0.1237,,0.581,0.0229,0.226,NOMINAL,NOMINAL,NORMAL,0,
1648495800.0,1787429601.560793,1,0.8245,0.1229,,0.589,0.0213,0.226,NOMINAL,NOMINAL,NORMAL,0,
1648496700.0,1787429601.6858637,1,0.8457,0.1255,,0.607,0.0222,0.224,NOMINAL,NOMINAL,TRIGGERED,1,omni_p6
1648497600.0,1787429601.8107157,1,0.8567,0.1219,,0.522,0.0198,0.225,NOMINAL,NOMINAL,TRIGGERED,2,omni_p6
1648498500.0,1787429601.9355962,1,0.756,0.1137,,0.564,0.0219,0.224,NOMINAL,NOMINAL,NORMAL,0,
1648499400.0,1787429602.0611937,1,0.9361,0.1323,,0.684,0.0345,0.281,NOMINAL,NOMINAL,NORMAL,0,
1648500300.0,1787429602.185859,1,0.8702,0.1229,,0.588,0.0219,0.221,NOMINAL,NOMINAL,NORMAL,0,
1648501200.0,1787429602.3114316,1,1.0377,0.1418,,0.759,0.0286,0.269,NOMINAL,NOMINAL,NORMAL,0,
1648502100.0,1787429602.4368026,1,1.1317,0.146,,0.846,0.0309,0.28,NOMINAL,NOMINAL,NORMAL,0,
1648503000.0,1787429602.56109,1,1.0305,0.136,,0.548,0.0222,0.225,NOMINAL,NOMINAL,TRIGGERED,1,omni_p6
1648503900.0,1787429602.6859763,1,0.9438,0.1635,,0.554,0.0218,0.22,NOMINAL,NOMINAL,TRIGGERED,2,omni_p6
1648504800.0,1787429602.8108768,1,0.9483,0.1306,,0.512,0.0206,0.217,NOMINAL,NOMINAL,NORMAL,0,
1648505700.0,1787429602.9358127,1,0.8942,0.1277,,0.547,0.0221,0.214,NOMINAL,NOMINAL,TRIGGERED,1,omni_p6
1648506600.0,1787429603.0611196,1,0.928,0.1282,,0.668,0.0247,0.255,NOMINAL,NOMINAL,NORMAL,0,
1648507500.0,1787429603.1859028,1,0.8976,0.1561,,0.547,0.0213,0.228,NOMINAL,NOMINAL,NORMAL,0,
1648508400.0,1787429603.311254,1,0.988,0.1337,,0.678,0.0248,0.242,NOMINAL,NOMINAL,NORMAL,0,
1648509300.0,1787429603.4365053,1,1.1211,0.1441,,0.637,0.0267,0.256,NOMINAL,NOMINAL,NORMAL,0,
1648510200.0,1787429603.5611007,1,0.9986,0.1356,,0.583,0.024,0.248,NOMINAL,NOMINAL,TRIGGERED,1,omni_p6
1648511100.0,1787429603.685943,1,0.9232,0.1551,,0.547,0.0217,0.222,NOMINAL,NOMINAL,NORMAL,0,
1648512000.0,1787429603.8115053,1,0.9379,0.1232,0.603,0.489,0.022,0.229,NOMINAL,NOMINAL,NORMAL,0,
1648512900.0,1787429603.935901,1,0.9438,0.1271,,0.565,0.0234,0.227,NOMINAL,NOMINAL,NORMAL,0,
1648513800.0,1787429604.0612233,1,0.9665,0.1309,,0.67,0.0257,0.294,NOMINAL,NOMINAL,NORMAL,0,
1648514700.0,1787429604.186014,1,0.9396,0.1586,,0.587,0.0226,0.227,NOMINAL,NOMINAL,NORMAL,0,
1648515600.0,1787429604.3110538,1,0.9527,0.1323,,0.607,0.0231,0.236,NOMINAL,NOMINAL,TRIGGERED,1,omni_p6
1648516500.0,1787429604.4363787,1,1.0182,0.1372,,0.75,0.0273,0.248,NOMINAL,NOMINAL,TRIGGERED,2,omni_p6
1648517400.0,1787429604.560876,1,0.8976,0.1262,,0.547,0.0215,0.221,NOMINAL,NOMINAL,NORMAL,0,
1648518300.0,1787429604.685882,1,0.8816,0.1452,,0.549,0.022,0.234,NOMINAL,NOMINAL,NORMAL,0,
1648519200.0,1787429604.810806,1,0.8956,0.1218,,0.528,0.0205,0.219,NOMINAL,NOMINAL,NORMAL,0,
1648520100.0,1787429604.9357073,1,0.8358,0.1181,,0.545,0.0215,0.212,NOMINAL,NOMINAL,NORMAL,0,
1648521000.0,1787429605.0610516,1,0.8976,0.1238,,0.664,0.0249,0.237,NOMINAL,NOMINAL,NORMAL,0,
1648521900.0,1787429605.1858125,1,0.8733,0.124,,0.547,0.0188,0.208,NOMINAL,NOMINAL,TRIGGERED,1,omni_p6
1648522800.0,1787429605.3110375,1,0.9165,0.1296,,0.639,0.0233,0.236,NOMINAL,NOMINAL,TRIGGERED,2,omni_p6
1648523700.0,1787429605.4359856,1,0.9315,0.1286,,0.59,0.0226,0.228,NOMINAL,NOMINAL,NORMAL,0,
1648524600.0,1787429605.5607982,1,0.8702,0.122,,0.546,0.0205,0.211,NOMINAL,NOMINAL,NORMAL,0,
1648525500.0,1787429605.6858568,1,0.8733,0.145,,0.543,0.0216,0.216,NOMINAL,NOMINAL,NORMAL,0,
1648526400.0,1787429605.8107667,1,0.8894,0.1249,,0.489,0.0202,0.213,NOMINAL,NOMINAL,NORMAL,0,
1648527300.0,1787429605.9357457,1,0.8695,0.1232,,0.525,0.0197,0.211,NOMINAL,NOMINAL,NORMAL,0,
1648528200.0,1787429606.0607593,1,0.841,0.1211,,0.536,0.02,0.212,NOMINAL,NOMINAL,NORMAL,0,
1648529100.0,1787429606.186107,1,0.9205,0.1568,,0.661,0.0229,0.242,NOMINAL,NOMINAL,NORMAL,0,
1648530000.0,1787429606.3109634,1,0.9329,0.1282,,0.592,0.0211,0.226,NOMINAL,NOMINAL,NORMAL,0,
1648530900.0,1787429606.4357297,1,0.8737,0.122,,0.476,0.0191,0.203,NOMINAL,NOMINAL,NORMAL,0,
1648531800.0,1787429606.560763,1,0.8396,0.1245,,0.544,0.0201,0.212,NOMINAL,NOMINAL,NORMAL,0,
1648532700.0,1787429606.685777,1,0.8481,0.1213,,0.555,0.0195,0.207,NOMINAL,NOMINAL,NORMAL,0,
1648533600.0,1787429606.8107798,1,0.9115,0.1262,,0.487,0.0215,0.209,NOMINAL,NOMINAL,NORMAL,0,
1648534500.0,1787429606.9358325,1,0.896,0.1291,,0.55,0.0213,0.221,NOMINAL,NOMINAL,NORMAL,0,
1648535400.0,1787429607.0608346,1,0.8824,0.1253,,0.53,0.0204,0.216,NOMINAL,NOMINAL,NORMAL,0,
1648536300.0,1787429607.1861567,1,0.9437,0.1344,,0.665,0.0244,0.239,NOMINAL,NOMINAL,NORMAL,0,
1648537200.0,1787429607.3117068,1,1.0924,0.1596,,0.761,0.0263,0.415,NOMINAL,NOMINAL,NORMAL,0,
1648538100.0,1787429607.436696,1,1.123,0.1508,,0.794,0.0302,0.269,NOMINAL,NOMINAL,NORMAL,0,
1648539000.0,1787429607.5613198,1,1.0416,0.139,,0.676,0.0267,0.266,NOMINAL,NOMINAL,NORMAL,0,
1648539900.0,1787429607.6860116,1,0.9407,0.1592,,0.584,0.0229,0.222,NOMINAL,NOMINAL,NORMAL,0,
1648540800.0,1787429607.8108923,1,0.9391,0.1306,,0.561,0.0227,0.215,NOMINAL,NOMINAL,TRIGGERED,1,omni_p6
1648541700.0,1787429607.9358509,1,0.8893,0.1286,,0.561,0.0228,0.214,NOMINAL,NOMINAL,TRIGGERED,2,omni_p6
1648542600.0,1787429608.0609527,1,0.9164,0.1268,,0.606,0.0234,0.216,NOMINAL,NOMINAL,NORMAL,0,
1648543500.0,1787429608.1861145,1,0.9452,0.1351,,0.626,0.025,0.231,NOMINAL,NOMINAL,NORMAL,0,
1648544400.0,1787429608.3109844,1,0.9681,0.1309,,0.565,0.0239,0.222,NOMINAL,NOMINAL,TRIGGERED,1,omni_p6
1648545300.0,1787429608.436728,1,1.1366,0.1449,,0.805,0.03,0.271,NOMINAL,NOMINAL,NORMAL,0,
1648546200.0,1787429608.5612528,1,1.0498,0.1326,,0.622,0.0685,0.278,NOMINAL,NOMINAL,NORMAL,0,
1648547100.0,1787429608.6859941,1,0.9508,0.1578,,0.57,0.0221,0.215,NOMINAL,NOMINAL,NORMAL,0,
1648548000.0,1787429608.8108847,1,0.9514,0.125,,0.542,0.0226,0.212,NOMINAL,NOMINAL,NORMAL,0,
1648548900.0,1787429608.9358573,1,0.921,0.1269,,0.543,0.0232,0.198,NOMINAL,NOMINAL,NORMAL,0,
1648549800.0,1787429609.0608447,1,0.8928,0.1251,,0.548,0.0223,0.201,NOMINAL,NOMINAL,TRIGGERED,1,omni_p6
1648550700.0,1787429609.1861172,1,0.94,0.1364,,0.627,0.0252,0.225,NOMINAL,NOMINAL,TRIGGERED,2,omni_p6
1648551600.0,1787429609.3110816,1,0.983,0.129,,0.594,0.024,0.227,NOMINAL,NOMINAL,NORMAL,0,
1648552500.0,1787429609.435905,1,0.9262,0.1274,,0.549,0.0229,0.2,NOMINAL,NOMINAL,NORMAL,0,
1648553400.0,1787429609.5608242,1,0.8847,0.1238,,0.549,0.0225,0.199,NOMINAL,NOMINAL,NORMAL,0,
1648554300.0,1787429609.6858103,1,0.8609,0.1215,,0.582,0.0224,0.197,NOMINAL,NOMINAL,NORMAL,0,
1648555200.0,1787429609.8108473,1,0.9263,0.127,,0.524,0.0225,0.211,NOMINAL,NOMINAL,NORMAL,0,
1648556100.0,1787429609.9358032,1,0.8887,0.1253,,0.52,0.0233,0.201,NOMINAL,NOMINAL,TRIGGERED,1,omni_p6
1648557000.0,1787429610.0608244,1,0.8955,0.127,,0.529,0.0239,0.202,NOMINAL,NOMINAL,TRIGGERED,2,omni_p6
1648557900.0,1787429610.1860788,1,0.9292,0.1594,,0.637,0.0249,0.221,NOMINAL,NOMINAL,NORMAL,0,
1648558800.0,1787429610.3111112,1,1.0114,0.1311,,0.599,0.0264,0.23,NOMINAL,NOMINAL,NORMAL,0,
1648559700.0,1787429610.4360428,1,0.9745,0.1327,,0.602,0.0239,0.225,NOMINAL,NOMINAL,NORMAL,0,
1648560600.0,1787429610.5608747,1,0.9152,0.1258,,0.559,0.0231,0.209,NOMINAL,NOMINAL,NORMAL,0,
1648561500.0,1787429610.6863832,1,1.0651,0.1373,,0.679,0.0275,0.271,NOMINAL,NOMINAL,NORMAL,0,
1648562400.0,1787429610.8109906,1,1.0092,0.1332,,0.554,0.0252,0.226,NOMINAL,NOMINAL,TRIGGERED,1,omni_p6
1648563300.0,1787429610.9358675,1,0.9117,0.1241,,0.561,0.023,0.213,NOMINAL,NOMINAL,NORMAL,0,
1648564200.0,1787429611.0607944,1,0.8782,0.1204,,0.538,0.0221,0.211,NOMINAL,NOMINAL,NORMAL,0,
1648565100.0,1787429611.185785,1,0.8562,0.1209,,0.571,0.0228,0.205,NOMINAL,NOMINAL,NORMAL,0,
1648566000.0,1787429611.311188,1,0.9962,0.1332,,0.642,0.0241,0.25,NOMINAL,NOMINAL,NORMAL,0,
1648566900.0,1787429611.4359655,1,0.9481,0.1274,,0.6,0.0243,0.22,NOMINAL,NOMINAL,NORMAL,0,
1648567800.0,1787429611.5609066,1,0.918,0.1278,,0.57,0.0235,0.213,NOMINAL,NOMINAL,NORMAL,0,
1648568700.0,1787429611.6858678,1,0.899,0.1514,,0.548,0.0222,0.209,NOMINAL,NOMINAL,TRIGGERED,1,omni_p6
1648569600.0,1787429611.810883,1,0.9385,0.1269,,0.574,0.0233,0.218,NOMINAL,NOMINAL,NORMAL,0,
1648570500.0,1787429611.935839,1,0.8982,0.1245,,0.555,0.0231,0.209,NOMINAL,NOMINAL,NORMAL,0,
1648571400.0,1787429612.0608034,1,0.895,0.1207,,0.54,0.0231,0.205,NOMINAL,NOMINAL,NORMAL,0,
1648572300.0,1787429612.1857646,1,0.8549,0.1245,,0.564,0.0232,0.206,NOMINAL,NOMINAL,NORMAL,0,
1648573200.0,1787429612.3116946,1,1.0978,0.1467,,0.839,0.0308,0.299,NOMINAL,NOMINAL,NORMAL,0,
1648574100.0,1787429612.4367278,1,1.1689,0.1478,,0.788,0.0304,0.263,NOMINAL,NOMINAL,NORMAL,0,
1648575000.0,1787429612.5612814,1,1.0573,0.1351,,0.652,0.028,0.285,NOMINAL,NOMINAL,NORMAL,0,
1648575900.0,1787429612.6861436,1,1.0196,0.1356,,0.614,0.0257,0.227,NOMINAL,NOMINAL,NORMAL,0,
1648576800.0,1787429612.8110278,1,1.0219,0.131,,0.557,0.0251,0.226,NOMINAL,NOMINAL,NORMAL,0,
1648577700.0,1787429612.9362142,1,1.0478,0.1395,,0.632,0.0264,0.229,NOMINAL,NOMINAL,NORMAL,0,
1648578600.0,1787429613.0610075,1,0.9852,0.1303,,0.567,0.0269,0.224,NOMINAL,NOMINAL,NORMAL,0,
1648579500.0,1787429613.1859603,1,0.9432,0.1529,,0.567,0.0251,0.219,NOMINAL,NOMINAL,NORMAL,0,
1648580400.0,1787429613.3112571,1,1.0548,0.1321,,0.648,0.0264,0.249,NOMINAL,NOMINAL,NORMAL,0,
1648581300.0,1787429613.4368203,1,1.1577,0.1497,,0.83,0.0304,0.284,NOMINAL,NOMINAL,NORMAL,0,
1648582200.0,1787429613.5612354,1,1.0534,0.1369,,0.649,0.0446,0.251,NOMINAL,NOMINAL,NORMAL,0,
1648583100.0,1787429613.686018,1,0.9559,0.1611,,0.578,0.0229,0.215,NOMINAL,NOMINAL,NORMAL,0,
1648584000.0,1787429613.8108954,1,0.946,0.1293,,0.561,0.0229,0.213,NOMINAL,NOMINAL,NORMAL,0,
1648584900.0,1787429613.935979,1,0.9455,0.1294,,0.596,0.0254,0.216,NOMINAL,NOMINAL,NORMAL,0,
1648585800.0,1787429614.0609396,1,0.9172,0.1238,,0.578,0.0225,0.212,NOMINAL,NOMINAL,NORMAL,0,
1648586700.0,1787429614.1857283,1,0.8093,0.1183,,0.569,0.0214,0.205,NOMINAL,NOMINAL,NORMAL,0,
1648587600.0,1787429614.3111742,1,0.9767,0.1313,,0.683,0.0244,0.237,NOMINAL,NOMINAL,NORMAL,0,
1648588500.0,1787429614.4358816,1,0.896,0.1235,,0.583,0.0227,0.211,NOMINAL,NOMINAL,NORMAL,0,
1648589400.0,1787429614.560751,1,0.8452,0.1236,,0.534,0.0182,0.187,NOMINAL,NOMINAL,TRIGGERED,1,omni_p6
1648590300.0,1787429614.685861,1,0.8583,0.1226,,0.566,0.0222,0.203,NOMINAL,NOMINAL,NORMAL,0,
1648591200.0,1787429614.8108952,1,0.9231,0.1268,,0.582,0.025,0.223,NOMINAL,NOMINAL,NORMAL,0,
1648592100.0,1787429614.93568,1,0.8188,0.1189,,0.53,0.0225,0.203,NOMINAL,NOMINAL,NORMAL,0,
1648593000.0,1787429615.060876,1,0.8732,0.1233,,0.581,0.023,0.218,NOMINAL,NOMINAL,NORMAL,0,
1648593900.0,1787429615.185724,1,0.832,0.1183,,0.567,0.0224,0.202,NOMINAL,NOMINAL,NORMAL,0,
1648594800.0,1787429615.3110628,1,0.95,0.1288,,0.627,0.025,0.235,NOMINAL,NOMINAL,TRIGGERED,1,omni_p6
1648595700.0,1787429615.4360843,1,0.9512,0.1329,,0.622,0.0248,0.224,NOMINAL,NOMINAL,TRIGGERED,2,omni_p6
1648596600.0,1787429615.560836,1,0.8978,0.1266,,0.564,0.0202,0.194,NOMINAL,NOMINAL,NORMAL,0,
1648597500.0,1787429615.6856627,1,0.8417,0.1214,,0.514,0.0173,0.186,NOMINAL,NOMINAL,NORMAL,0,
1648598400.0,1787429615.811522,1,0.9036,0.1275,0.6081,0.569,0.0244,0.221,NOMINAL,NOMINAL,NORMAL,0,
1648599300.0,1787429615.935761,1,0.9188,0.1252,,0.507,0.0188,0.183,NOMINAL,NOMINAL,NORMAL,0,
1648600200.0,1787429616.0608914,1,0.8928,0.1231,,0.557,0.0235,0.21,NOMINAL,NOMINAL,NORMAL,0,
1648601100.0,1787429616.1858926,1,0.8899,0.1521,,0.556,0.0227,0.211,NOMINAL,NOMINAL,TRIGGERED,1,omni_p6
1648602000.0,1787429616.3116226,1,1.1617,0.1488,,0.735,0.0273,0.263,NOMINAL,NOMINAL,TRIGGERED,2,omni_p6
1648602900.0,1787429616.4359436,1,0.9762,0.1328,,0.554,0.0213,0.203,NOMINAL,NOMINAL,NORMAL,0,
1648603800.0,1787429616.5608418,1,0.8959,0.1285,,0.568,0.0202,0.206,NOMINAL,NOMINAL,NORMAL,0,
1648604700.0,1787429616.6858277,1,0.8672,0.123,,0.572,0.0217,0.204,NOMINAL,NOMINAL,NORMAL,0,
1648605600.0,1787429616.8107758,1,0.8899,0.1213,,0.543,0.0214,0.21,NOMINAL,NOMINAL,NORMAL,0,
1648606500.0,1787429616.9357412,1,0.8534,0.1231,,0.541,0.0198,0.203,NOMINAL,NOMINAL,NORMAL,0,
1648607400.0,1787429617.0610175,1,0.8745,0.1232,,0.595,0.0229,0.34,NOMINAL,NOMINAL,TRIGGERED,1,omni_p6
1648608300.0,1787429617.1858864,1,0.8306,0.1205,,0.609,0.0219,0.308,NOMINAL,NOMINAL,NORMAL,0,
1648609200.0,1787429617.3114448,1,1.0246,0.134,,0.776,0.0283,0.349,NOMINAL,NOMINAL,NORMAL,0,
1648610100.0,1787429617.4370327,1,1.176,0.1486,,0.889,0.0315,0.38,NOMINAL,NOMINAL,NORMAL,0,
1648611000.0,1787429617.561374,1,1.0162,0.1351,,0.687,0.0276,0.415,NOMINAL,NOMINAL,NORMAL,0,
1648611900.0,1787429617.6861408,1,0.9329,0.1569,,0.635,0.0265,0.314,NOMINAL,NOMINAL,NORMAL,0,
1648612800.0,1787429617.8110228,1,0.9449,0.1259,,0.588,0.0251,0.317,NOMINAL,NOMINAL,NORMAL,0,
1648613700.0,1787429617.9360063,1,0.9065,0.1285,,0.6,0.0251,0.307,NOMINAL,NOMINAL,TRIGGERED,1,omni_p6
1648614600.0,1787429618.0610187,1,0.8894,0.1235,,0.609,0.0257,0.308,NOMINAL,NOMINAL,NORMAL,0,
1648615500.0,1787429618.185948,1,0.8637,0.1253,,0.626,0.0245,0.295,NOMINAL,NOMINAL,NORMAL,0,
1648616400.0,1787429618.3109813,1,0.9029,0.1234,,0.62,0.024,0.311,NOMINAL,NOMINAL,NORMAL,0,
1648617300.0,1787429618.4369102,1,1.1639,0.1505,,0.885,0.0305,0.288,NOMINAL,NOMINAL,NORMAL,0,
1648618200.0,1787429618.5613348,1,1.0299,0.1387,,0.706,0.0297,0.286,NOMINAL,NOMINAL,NORMAL,0,
1648619100.0,1787429618.6860933,1,0.9391,0.1514,,0.648,0.0257,0.239,NOMINAL,NOMINAL,NORMAL,0,
1648620000.0,1787429618.8109517,1,0.9657,0.1309,,0.544,0.0228,0.24,NOMINAL,NOMINAL,NORMAL,0,
1648620900.0,1787429618.9358757,1,0.9218,0.126,,0.556,0.0229,0.224,NOMINAL,NOMINAL,NORMAL,0,
1648621800.0,1787429619.0609455,1,0.8927,0.1248,,0.59,0.0249,0.231,NOMINAL,NOMINAL,NORMAL,0,
1648622700.0,1787429619.185896,1,0.8672,0.1499,,0.575,0.0225,0.224,NOMINAL,NOMINAL,NORMAL,0,
1648623600.0,1787429619.311114,1,0.9138,0.1256,,0.713,0.024,0.266,NOMINAL,NOMINAL,NORMAL,0,
1648624500.0,1787429619.4361577,1,0.9473,0.1278,,0.686,0.025,0.25,NOMINAL,NOMINAL,NORMAL,0,
1648625400.0,1787429619.5609286,1,0.8847,0.1277,,0.619,0.023,0.235,NOMINAL,NOMINAL,NORMAL,0,
1648626300.0,1787429619.6858475,1,0.8558,0.1225,,0.603,0.022,0.229,NOMINAL,NOMINAL,NORMAL,0,
1648627200.0,1787429619.8108552,1,0.9185,0.1255,,0.545,0.022,0.235,NOMINAL,NOMINAL,NORMAL,0,
1648628100.0,1787429619.9358904,1,0.8583,0.1242,,0.568,0.0252,0.345,NOMINAL,NOMINAL,NORMAL,0,
1648629000.0,1787429620.061037,1,0.8662,0.1254,,0.615,0.024,0.36,NOMINAL,NOMINAL,TRIGGERED,1,omni_p6
1648629900.0,1787429620.1860368,1,0.8566,0.1239,,0.633,0.0256,0.358,NOMINAL,NOMINAL,TRIGGERED,2,omni_p6
1648630800.0,1787429620.3109727,1,0.8655,0.1234,,0.595,0.0226,0.349,NOMINAL,NOMINAL,NORMAL,0,
1648631700.0,1787429620.4363766,1,1.0051,0.1356,,0.718,0.0273,0.257,NOMINAL,NOMINAL,NORMAL,0,
1648632600.0,1787429620.5608728,1,0.9204,0.1279,,0.524,0.022,0.214,NOMINAL,NOMINAL,NORMAL,0,
1648633500.0,1787429620.685786,1,0.8828,0.1243,,0.496,0.0221,0.205,NOMINAL,NOMINAL,NORMAL,0,
1648634400.0,1787429620.810734,1,0.8977,0.1246,,0.475,0.0201,0.207,NOMINAL,NOMINAL,NORMAL,0,
1648635300.0,1787429620.9359896,1,0.8751,0.1276,,0.563,0.1316,0.341,NOMINAL,NOMINAL,TRIGGERED,1,omni_p6
1648636200.0,1787429621.0609303,1,0.869,0.1214,,0.531,0.0217,0.332,NOMINAL,NOMINAL,NORMAL,0,
1648637100.0,1787429621.185848,1,0.8341,0.1206,,0.522,0.0208,0.325,NOMINAL,NOMINAL,NORMAL,0,
1648638000.0,1787429621.310866,1,0.8537,0.1206,,0.51,0.0211,0.326,NOMINAL,NOMINAL,NORMAL,0,
1648638900.0,1787429621.4361517,1,0.9334,0.1303,,0.655,0.026,0.244,NOMINAL,NOMINAL,NORMAL,0,
1648639800.0,1787429621.5608356,1,0.8846,0.1232,,0.526,0.0216,0.217,NOMINAL,NOMINAL,NORMAL,0,
1648640700.0,1787429621.6857827,1,0.8535,0.1214,,0.533,0.0216,0.206,NOMINAL,NOMINAL,TRIGGERED,1,omni_p6
1648641600.0,1787429621.8107662,1,0.9123,0.1258,,0.468,0.0212,0.209,NOMINAL,NOMINAL,TRIGGERED,2,omni_p6
1648642500.0,1787429621.9358962,1,0.8797,0.1239,,0.501,0.0204,0.32,NOMINAL,NOMINAL,NORMAL,0,
1648643400.0,1787429622.060879,1,0.9083,0.1256,,0.526,0.0222,0.216,NOMINAL,NOMINAL,NORMAL,0,
1648644300.0,1787429622.1857607,1,0.8863,0.1247,,0.505,0.0206,0.202,NOMINAL,NOMINAL,NORMAL,0,
1648645200.0,1787429622.3111472,1,0.9916,0.1358,,0.549,0.0234,0.353,NOMINAL,NOMINAL,NORMAL,0,
1648646100.0,1787429622.4367595,1,1.1419,0.1463,,0.749,0.029,0.268,NOMINAL,NOMINAL,NORMAL,0,
1648647000.0,1787429622.5614676,1,1.0791,0.1423,,0.73,0.0277,0.252,NOMINAL,NOMINAL,TRIGGERED,1,omni_p6
1648647900.0,1787429622.6862683,1,0.9678,0.1369,,0.617,0.0259,0.377,NOMINAL,NOMINAL,TRIGGERED,2,omni_p6
1648648800.0,1787429622.810913,1,0.9537,0.126,,0.546,0.0249,0.241,NOMINAL,NOMINAL,NORMAL,0,
1648649700.0,1787429622.9360034,1,0.8994,0.1219,,0.575,0.1464,0.357,NOMINAL,NOMINAL,NORMAL,0,
1648650600.0,1787429623.0610545,1,0.8787,0.1254,,0.609,0.0231,0.362,NOMINAL,NOMINAL,NORMAL,0,
1648651500.0,1787429623.1860464,1,0.8528,0.1225,,0.638,0.0234,0.356,NOMINAL,NOMINAL,NORMAL,0,
1648652400.0,1787429623.3111715,1,0.918,0.1264,,0.635,0.0241,0.373,NOMINAL,NOMINAL,NORMAL,0,
1648653300.0,1787429623.4368472,1,1.1396,0.1487,,0.847,0.0299,0.309,NOMINAL,NOMINAL,TRIGGERED,1,omni_p6
1648654200.0,1787429623.5615141,1,1.0598,0.1391,,0.775,0.0295,0.269,NOMINAL,NOMINAL,TRIGGERED,2,omni_p6
1648655100.0,1787429623.6861665,1,0.972,0.1351,,0.641,0.0262,0.249,NOMINAL,NOMINAL,NORMAL,0,
1648656000.0,1787429623.8108864,1,0.933,0.1276,,0.547,0.0252,0.241,NOMINAL,NOMINAL,NORMAL,0,
1648656900.0,1787429623.9360218,1,0.8933,0.1259,,0.588,0.0261,0.362,NOMINAL,NOMINAL,NORMAL,0,
1648657800.0,1787429624.0609217,1,0.8621,0.1251,,0.619,0.0235,0.23,NOMINAL,NOMINAL,NORMAL,0,
1648658700.0,1787429624.1858706,1,0.851,0.1253,,0.611,0.022,0.224,NOMINAL,NOMINAL,NORMAL,0,
1648659600.0,1787429624.310831,1,0.8527,0.1204,,0.587,0.0221,0.222,NOMINAL,NOMINAL,NORMAL,0,
1648660500.0,1787429624.4360058,1,0.884,0.1252,,0.611,0.0241,0.255,NOMINAL,NOMINAL,NORMAL,0,
1648661400.0,1787429624.5610466,1,0.9041,0.1287,,0.657,0.0247,0.233,NOMINAL,NOMINAL,NORMAL,0,
1648662300.0,1787429624.6858943,1,0.8644,0.1265,,0.618,0.0236,0.22,NOMINAL,NOMINAL,NORMAL,0,
1648663200.0,1787429624.81081,1,0.8906,0.1238,,0.513,0.0215,0.23,NOMINAL,NOMINAL,NORMAL,0,
1648664100.0,1787429624.93582,1,0.8669,0.1258,,0.558,0.0223,0.218,NOMINAL,NOMINAL,NORMAL,0,
1648665000.0,1787429625.0608764,1,0.8598,0.1229,,0.582,0.0226,0.221,NOMINAL,NOMINAL,NORMAL,0,
1648665900.0,1787429625.1859171,1,0.8769,0.1579,,0.569,0.0225,0.226,NOMINAL,NOMINAL,NORMAL,0,
1648666800.0,1787429625.311271,1,1.0114,0.1353,,0.7,0.028,0.252,NOMINAL,NOMINAL,NORMAL,0,
1648667700.0,1787429625.4363334,1,0.9806,0.1332,,0.684,0.0282,0.38,NOMINAL,NOMINAL,NORMAL,0,
1648668600.0,1787429625.5612166,1,0.979,0.1309,,0.686,0.0263,0.278,NOMINAL,NOMINAL,NORMAL,0,
1648669500.0,1787429625.6860127,1,0.9121,0.1625,,0.608,0.0268,0.235,NOMINAL,NOMINAL,NORMAL,0,
1648670400.0,1787429625.8107646,1,0.888,0.1269,,0.52,0.0224,0.226,NOMINAL,NOMINAL,NORMAL,0,
1648671300.0,1787429625.935888,1,0.85,0.1222,,0.566,0.1335,0.344,NOMINAL,NOMINAL,NORMAL,0,
1648672200.0,1787429626.0609803,1,0.8395,0.1226,,0.595,0.0224,0.355,NOMINAL,NOMINAL,NORMAL,0,
1648673100.0,1787429626.1859214,1,0.8215,0.1238,,0.6,0.0218,0.344,NOMINAL,NOMINAL,NORMAL,0,
1648674000.0,1787429626.3108075,1,0.8501,0.1234,,0.583,0.0217,0.219,NOMINAL,NOMINAL,TRIGGERED,1,omni_p6
1648674900.0,1787429626.4359558,1,0.8278,0.1228,,0.621,0.0226,0.341,NOMINAL,NOMINAL,NORMAL,0,
1648675800.0,1787429626.5610476,1,0.9007,0.1277,,0.657,0.0247,0.235,NOMINAL,NOMINAL,NORMAL,0,
1648676700.0,1787429626.6858933,1,0.8637,0.1258,,0.585,0.0215,0.226,NOMINAL,NOMINAL,NORMAL,0,
1648677600.0,1787429626.8108468,1,0.9032,0.1238,,0.543,0.0227,0.232,NOMINAL,NOMINAL,NORMAL,0,
1648678500.0,1787429626.935865,1,0.8512,0.1212,,0.559,0.0218,0.328,NOMINAL,NOMINAL,NORMAL,0,
1648679400.0,1787429627.06097,1,0.8396,0.1223,,0.618,0.0227,0.342,NOMINAL,NOMINAL,NORMAL,0,
1648680300.0,1787429627.1859028,1,0.8134,0.1215,,0.619,0.0219,0.344,NOMINAL,NOMINAL,TRIGGERED,1,omni_p6
1648681200.0,1787429627.3112736,1,0.9655,0.1372,,0.756,0.0277,0.265,NOMINAL,NOMINAL,NORMAL,0,
1648682100.0,1787429627.4369488,1,1.1586,0.1459,,0.803,0.0297,0.419,NOMINAL,NOMINAL,NORMAL,0,
1648683000.0,1787429627.5612001,1,0.9877,0.1367,,0.659,0.0268,0.275,NOMINAL,NOMINAL,NORMAL,0,
1648683900.0,1787429627.6863308,1,1.0522,0.1368,,0.678,0.0272,0.249,NOMINAL,NOMINAL,NORMAL,0,
1648684800.0,1787429627.8117998,1,0.983,0.1259,0.5991,0.557,0.0247,0.404,NOMINAL,NOMINAL,NORMAL,0,
1648685700.0,1787429627.936322,1,1.0245,0.1373,,0.615,0.0299,0.378,NOMINAL,NOMINAL,TRIGGERED,1,omni_p6
1648686600.0,1787429628.0611079,1,0.952,0.1322,,0.536,0.0236,0.374,NOMINAL,NOMINAL,TRIGGERED,2,omni_p6
1648687500.0,1787429628.1860924,1,0.9322,0.1578,,0.543,0.0249,0.354,NOMINAL,NOMINAL,NORMAL,0,
1648688400.0,1787429628.3109756,1,0.9173,0.1238,,0.517,0.024,0.344,NOMINAL,NOMINAL,NORMAL,0,
1648689300.0,1787429628.4369004,1,1.1495,0.1473,,0.766,0.0297,0.402,NOMINAL,NOMINAL,NORMAL,0,
1648690200.0,1787429628.5612023,1,0.9798,0.1336,,0.571,0.026,0.381,NOMINAL,NOMINAL,NORMAL,0,
1648691100.0,1787429628.6861851,1,0.9965,0.1348,,0.59,0.0254,0.263,NOMINAL,NOMINAL,NORMAL,0,
1648692000.0,1787429628.8110034,1,0.9437,0.1327,,0.516,0.0235,0.358,NOMINAL,NOMINAL,TRIGGERED,1,omni_p6
1648692900.0,1787429628.9359207,1,0.8692,0.1238,,0.542,0.0221,0.344,NOMINAL,NOMINAL,TRIGGERED,2,omni_p6
1648693800.0,1787429629.0609846,1,0.8653,0.1215,,0.577,0.0225,0.358,NOMINAL,NOMINAL,NORMAL,0,
1648694700.0,1787429629.1858232,1,0.8169,0.1197,,0.545,0.0211,0.338,NOMINAL,NOMINAL,NORMAL,0,
1648695600.0,1787429629.310795,1,0.8653,0.1221,,0.557,0.0224,0.219,NOMINAL,NOMINAL,NORMAL,0,
1648696500.0,1787429629.4358988,1,0.8253,0.1197,,0.591,0.0237,0.34,NOMINAL,NOMINAL,NORMAL,0,
1648697400.0,1787429629.5607982,1,0.7971,0.1208,,0.526,0.0232,0.347,NOMINAL,NOMINAL,NORMAL,0,
1648698300.0,1787429629.6862135,1,0.9526,0.1322,,0.592,0.026,0.374,NOMINAL,NOMINAL,TRIGGERED,1,omni_p6
1648699200.0,1787429629.810837,1,0.919,0.1287,,0.521,0.0247,0.234,NOMINAL,NOMINAL,TRIGGERED,2,omni_p6
1648700100.0,1787429629.9358137,1,0.8915,0.1273,,0.546,0.0233,0.223,NOMINAL,NOMINAL,NORMAL,0,
1648701000.0,1787429630.0613194,1,1.039,0.1388,,0.637,0.0273,0.273,NOMINAL,NOMINAL,NORMAL,0,
1648701900.0,1787429630.186079,1,0.9426,0.1626,,0.552,0.0254,0.369,NOMINAL,NOMINAL,NORMAL,0,
1648702800.0,1787429630.3108413,1,0.8828,0.1253,,0.544,0.0233,0.251,NOMINAL,NOMINAL,NORMAL,0,
1648703700.0,1787429630.4361374,1,0.947,0.1302,,0.633,0.0263,0.275,NOMINAL,NOMINAL,NORMAL,0,
1648704600.0,1787429630.5606263,1,0.7958,0.1185,,0.513,0.0227,0.222,NOMINAL,NOMINAL,NORMAL,0,
1648705500.0,1787429630.6859643,1,0.9075,0.155,,0.575,0.023,0.233,NOMINAL,NOMINAL,NORMAL,0,
1648706400.0,1787429630.8108642,1,0.9487,0.1303,,0.5,0.0226,0.235,NOMINAL,NOMINAL,NORMAL,0,
1648707300.0,1787429630.9358816,1,0.875,0.1258,,0.512,0.0223,0.341,NOMINAL,NOMINAL,NORMAL,0,
1648708200.0,1787429631.0608737,1,0.8692,0.1246,,0.496,0.0229,0.336,NOMINAL,NOMINAL,NORMAL,0,
1648709100.0,1787429631.1858387,1,0.8529,0.1222,,0.501,0.0222,0.323,NOMINAL,NOMINAL,NORMAL,0,
1648710000.0,1787429631.3109183,1,0.8866,0.1253,,0.514,0.0226,0.336,NOMINAL,NOMINAL,NORMAL,0,
1648710900.0,1787429631.4358473,1,0.8565,0.1231,,0.583,0.024,0.233,NOMINAL,NOMINAL,NORMAL,0,
1648711800.0,1787429631.5606663,1,0.8154,0.1221,,0.516,0.0239,0.217,NOMINAL,NOMINAL,NORMAL,0,
1648712700.0,1787429631.6860638,1,0.91,0.1582,,0.551,0.0236,0.358,NOMINAL,NOMINAL,NORMAL,0,
1648713600.0,1787429631.8109002,1,0.9215,0.1264,,0.506,0.0226,0.326,NOMINAL,NOMINAL,NORMAL,0,
1648714500.0,1787429631.9358237,1,0.8536,0.1245,,0.515,0.1245,0.328,NOMINAL,NOMINAL,TRIGGERED,1,omni_p6
1648715400.0,1787429632.0608163,1,0.8341,0.1215,,0.521,0.0212,0.328,NOMINAL,NOMINAL,NORMAL,0,
1648716300.0,1787429632.185757,1,0.8013,0.1219,,0.52,0.021,0.325,NOMINAL,NOMINAL,NORMAL,0,
1648717200.0,1787429632.3111918,1,0.9679,0.1368,,0.614,0.0243,0.38,NOMINAL,NOMINAL,NORMAL,0,
1648718100.0,1787429632.4367783,1,1.164,0.1473,,0.732,0.0307,0.3,NOMINAL,NOMINAL,NORMAL,0,
1648719000.0,1787429632.5611136,1,1.0205,0.1396,,0.579,0.0244,0.256,NOMINAL,NOMINAL,NORMAL,0,
1648719900.0,1787429632.6859055,1,0.8935,0.1544,,0.551,0.022,0.249,NOMINAL,NOMINAL,NORMAL,0,
1648720800.0,1787429632.8111248,1,1.0231,0.1391,,0.57,0.0255,0.253,NOMINAL,NOMINAL,TRIGGERED,1,omni_p6
1648721700.0,1787429632.9360106,1,0.9097,0.1314,,0.559,0.1345,0.346,NOMINAL,NOMINAL,NORMAL,0,
1648722600.0,1787429633.0608044,1,0.8438,0.1297,,0.556,0.0236,0.218,NOMINAL,NOMINAL,NORMAL,0,
1648723500.0,1787429633.1857438,1,0.8231,0.12,,0.556,0.0217,0.216,NOMINAL,NOMINAL,NORMAL,0,
1648724400.0,1787429633.3107915,1,0.8577,0.1184,,0.563,0.0229,0.221,NOMINAL,NOMINAL,NORMAL,0,
1648725300.0,1787429633.4367437,1,1.1668,0.1418,,0.75,0.0284,0.269,NOMINAL,NOMINAL,NORMAL,0,
1648726200.0,1787429633.5613275,1,1.058,0.1397,,0.619,0.0277,0.27,NOMINAL,NOMINAL,TRIGGERED,1,omni_p6
1648727100.0,1787429633.686134,1,0.962,0.1308,,0.624,0.0249,0.245,NOMINAL,NOMINAL,TRIGGERED,2,omni_p6
1648728000.0,1787429633.8110638,1,1.0214,0.1283,,0.536,0.0251,0.249,NOMINAL,NOMINAL,NORMAL,0,
1648728900.0,1787429633.936013,1,0.9175,0.1237,,0.556,0.1343,0.351,NOMINAL,NOMINAL,NORMAL,0,
1648729800.0,1787429634.0610116,1,0.8848,0.1229,,0.569,0.0246,0.353,NOMINAL,NOMINAL,NORMAL,0,
1648730700.0,1787429634.185782,1,0.8531,0.1185,,0.552,0.0233,0.22,NOMINAL,NOMINAL,NORMAL,0,
1648731600.0,1787429634.310788,1,0.8718,0.1199,,0.526,0.0226,0.219,NOMINAL,NOMINAL,NORMAL,0,
1648732500.0,1787429634.4357948,1,0.8356,0.124,,0.589,0.0236,0.23,NOMINAL,NOMINAL,TRIGGERED,1,omni_p6
1648733400.0,1787429634.5606594,1,0.8022,0.1205,,0.531,0.0218,0.213,NOMINAL,NOMINAL,TRIGGERED,2,omni_p6
1648734300.0,1787429634.6856933,1,0.8037,0.1178,,0.549,0.0216,0.212,NOMINAL,NOMINAL,NORMAL,0,
1648735200.0,1787429634.8110106,1,0.9611,0.1273,,0.599,0.0235,0.245,NOMINAL,NOMINAL,NORMAL,0,
1648736100.0,1787429634.9359565,1,0.9004,0.1248,,0.543,0.0234,0.351,NOMINAL,NOMINAL,NORMAL,0,
1648737000.0,1787429635.0607517,1,0.8351,0.1215,,0.54,0.0234,0.227,NOMINAL,NOMINAL,NORMAL,0,
1648737900.0,1787429635.185667,1,0.8037,0.1141,,0.54,0.0219,0.215,NOMINAL,NOMINAL,NORMAL,0,
1648738800.0,1787429635.3107653,1,0.8512,0.1214,,0.552,0.0223,0.22,NOMINAL,NOMINAL,TRIGGERED,1,omni_p6
1648739700.0,1787429635.4360754,1,0.9228,0.1263,,0.649,0.0265,0.248,NOMINAL,NOMINAL,NORMAL,0,
1648740600.0,1787429635.560707,1,0.8017,0.1197,,0.546,0.0236,0.227,NOMINAL,NOMINAL,NORMAL,0,
1648741500.0,1787429635.6856804,1,0.7691,0.1144,,0.58,0.022,0.221,NOMINAL,NOMINAL,NORMAL,0,
1648742400.0,1787429635.81097,1,0.9703,0.1265,,0.549,0.0242,0.243,NOMINAL,NOMINAL,NORMAL,0,
1648743300.0,1787429635.9357505,1,0.8334,0.1233,,0.546,0.0234,0.229,NOMINAL,NOMINAL,NORMAL,0,
1648744200.0,1787429636.0610123,1,0.8686,0.1229,,0.587,0.0223,0.354,NOMINAL,NOMINAL,NORMAL,0,
1648745100.0,1787429636.1857162,1,0.8279,0.1187,,0.553,0.0215,0.211,NOMINAL,NOMINAL,NORMAL,0,
1648746000.0,1787429636.3107448,1,0.8436,0.1171,,0.535,0.0205,0.218,NOMINAL,NOMINAL,NORMAL,0,
1648746900.0,1787429636.435899,1,0.8637,0.1186,,0.606,0.0227,0.223,NOMINAL,NOMINAL,NORMAL,0,
1648747800.0,1787429636.5606906,1,0.8196,0.1164,,0.518,0.0215,0.212,NOMINAL,NOMINAL,NORMAL,0,
1648748700.0,1787429636.6857207,1,0.8067,0.1158,,0.567,0.0212,0.215,NOMINAL,NOMINAL,NORMAL,0,
1648749600.0,1787429636.8111036,1,0.9832,0.1314,,0.527,0.0244,0.353,NOMINAL,NOMINAL,NORMAL,0,
1648750500.0,1787429636.9359674,1,0.8986,0.1238,,0.537,0.0238,0.344,NOMINAL,NOMINAL,NORMAL,0,
1648751400.0,1787429637.060927,1,0.8673,0.1216,,0.525,0.0253,0.343,NOMINAL,NOMINAL,NORMAL,0,
1648752300.0,1787429637.1857755,1,0.8426,0.1197,,0.545,0.0223,0.216,NOMINAL,NOMINAL,NORMAL,0,
1648753200.0,1787429637.3113294,1,1.0619,0.1449,,0.687,0.028,0.26,NOMINAL,NOMINAL,NORMAL,0,
1648754100.0,1787429637.436704,1,1.1621,0.1415,,0.726,0.0291,0.27,NOMINAL,NOMINAL,NORMAL,0,
1648755000.0,1787429637.5610383,1,0.973,0.1288,,0.604,0.024,0.236,NOMINAL,NOMINAL,NORMAL,0,
1648755900.0,1787429637.6858864,1,0.8952,0.1564,,0.544,0.0216,0.217,NOMINAL,NOMINAL,NORMAL,0,
1648756800.0,1787429637.8108597,1,0.9141,0.1269,,0.536,0.0235,0.235,NOMINAL,NOMINAL,NORMAL,0,
1648757700.0,1787429637.9359877,1,0.968,0.1258,,0.559,0.0236,0.236,NOMINAL,NOMINAL,NORMAL,0,
1648758600.0,1787429638.0608974,1,0.8945,0.1237,,0.562,0.0226,0.229,NOMINAL,NOMINAL,NORMAL,0,
1648759500.0,1787429638.1858487,1,0.8599,0.1212,,0.582,0.0236,0.222,NOMINAL,NOMINAL,TRIGGERED,1,omni_p6
1648760400.0,1787429638.310863,1,0.8579,0.1164,,0.515,0.0207,0.339,NOMINAL,NOMINAL,NORMAL,0,
1648761300.0,1787429638.4367156,1,1.1469,0.1418,,0.753,0.028,0.273,NOMINAL,NOMINAL,NORMAL,0,
1648762200.0,1787429638.5614216,1,1.0691,0.139,,0.752,0.0285,0.262,NOMINAL,NOMINAL,NORMAL,0,
1648763100.0,1787429638.685855,1,0.873,0.1229,,0.571,0.0242,0.233,NOMINAL,NOMINAL,NORMAL,0,
1648764000.0,1787429638.8108768,1,0.9262,0.125,,0.536,0.0244,0.243,NOMINAL,NOMINAL,NORMAL,0,
1648764900.0,1787429638.9361544,1,0.9509,0.131,,0.589,0.156,0.381,NOMINAL,NOMINAL,TRIGGERED,1,omni_p6
1648765800.0,1787429639.060859,1,0.8908,0.1225,,0.564,0.0224,0.23,NOMINAL,NOMINAL,TRIGGERED,2,omni_p6
1648766700.0,1787429639.185677,1,0.7842,0.1136,,0.554,0.024,0.223,NOMINAL,NOMINAL,NORMAL,0,
1648767600.0,1787429639.3106332,1,0.7886,0.1123,,0.537,0.0234,0.223,NOMINAL,NOMINAL,NORMAL,0,
1648768500.0,1787429639.4357667,1,0.8301,0.1179,,0.566,0.0232,0.228,NOMINAL,NOMINAL,NORMAL,0,
1648769400.0,1787429639.560582,1,0.7643,0.1126,,0.529,0.0215,0.217,NOMINAL,NOMINAL,NORMAL,0,
1648770300.0,1787429639.6858742,1,0.8641,0.1161,,0.599,0.0231,0.228,NOMINAL,NOMINAL,NORMAL,0,
1648771200.0,1787429639.8119743,1,1.0868,0.1366,0.6201,0.537,0.0261,0.252,NOMINAL,NOMINAL,TRIGGERED,1,omni_p6
1648772100.0,1787429639.9362779,1,1.0506,0.1412,,0.549,0.0269,0.359,NOMINAL,NOMINAL,TRIGGERED,2,omni_p6
1648773000.0,1787429640.0611808,1,0.9982,0.1295,,0.522,0.0266,0.377,NOMINAL,NOMINAL,NORMAL,0,
1648773900.0,1787429640.1859472,1,0.9166,0.1501,,0.484,0.0234,0.334,NOMINAL,NOMINAL,NORMAL,0,
1648774800.0,1787429640.310932,1,0.9155,0.1257,,0.493,0.0226,0.328,NOMINAL,NOMINAL,NORMAL,0,
1648775700.0,1787429640.436039,1,0.9383,0.1264,,0.599,0.0264,0.241,NOMINAL,NOMINAL,NORMAL,0,
1648776600.0,1787429640.5607345,1,0.8556,0.1208,,0.517,0.0223,0.213,NOMINAL,NOMINAL,NORMAL,0,
1648777500.0,1787429640.6858351,1,0.8295,0.1229,,0.539,0.0228,0.326,NOMINAL,NOMINAL,TRIGGERED,1,omni_p6
1648778400.0,1787429640.8108513,1,0.8826,0.1218,,0.5,0.0214,0.331,NOMINAL,NOMINAL,TRIGGERED,2,omni_p6
1648779300.0,1787429640.936091,1,0.9298,0.1252,,0.575,0.0263,0.356,NOMINAL,NOMINAL,NORMAL,0,
1648780200.0,1787429641.0610518,1,0.9172,0.125,,0.531,0.0233,0.34,NOMINAL,NOMINAL,NORMAL,0,
1648781100.0,1787429641.1857402,1,0.858,0.1227,,0.533,0.0217,0.199,NOMINAL,NOMINAL,NORMAL,0,
1648782000.0,1787429641.3107095,1,0.8714,0.1209,,0.497,0.0205,0.2,NOMINAL,NOMINAL,NORMAL,0,
1648782900.0,1787429641.435703,1,0.8347,0.1177,,0.517,0.0221,0.212,NOMINAL,NOMINAL,NORMAL,0,
1648783800.0,1787429641.5606315,1,0.8296,0.1178,,0.478,0.0201,0.199,NOMINAL,NOMINAL,TRIGGERED,1,omni_p6
1648784700.0,1787429641.685666,1,0.8283,0.1193,,0.501,0.0222,0.202,NOMINAL,NOMINAL,NORMAL,0,
1648785600.0,1787429641.8106534,1,0.8643,0.1195,,0.457,0.0195,0.2,NOMINAL,NOMINAL,NORMAL,0,
1648786500.0,1787429641.936159,1,0.9909,0.1302,,0.548,0.1296,0.343,NOMINAL,NOMINAL,NORMAL,0,
1648787400.0,1787429642.060904,1,0.9126,0.1237,,0.495,0.0211,0.311,NOMINAL,NOMINAL,NORMAL,0,
1648788300.0,1787429642.1857634,1,0.8586,0.1196,,0.464,0.0186,0.305,NOMINAL,NOMINAL,NORMAL,0,
1648789200.0,1787429642.3111887,1,1.0096,0.134,,0.592,0.0231,0.343,NOMINAL,NOMINAL,NORMAL,0,
1648790100.0,1787429642.43682,1,1.1718,0.1437,,0.786,0.0285,0.299,NOMINAL,NOMINAL,NORMAL,0,
1648791000.0,1787429642.5612092,1,1.0531,0.1351,,0.573,0.0238,0.255,NOMINAL,NOMINAL,NORMAL,0,
1648791900.0,1787429642.6858838,1,0.9245,0.1601,,0.498,0.019,0.211,NOMINAL,NOMINAL,NORMAL,0,
1648792800.0,1787429642.8108284,1,0.9518,0.128,,0.475,0.0198,0.202,NOMINAL,NOMINAL,NORMAL,0,
1648793700.0,1787429642.9359882,1,0.993,0.1357,,0.514,0.0207,0.213,NOMINAL,NOMINAL,NORMAL,0,
1648794600.0,1787429643.0609045,1,0.9768,0.1294,,0.483,0.0206,0.2,NOMINAL,NOMINAL,NORMAL,0,
1648795500.0,1787429643.1858013,1,0.9153,0.1588,,0.466,0.0181,0.192,NOMINAL,NOMINAL,NORMAL,0,
1648796400.0,1787429643.3107727,1,0.9229,0.1303,,0.462,0.0191,0.194,NOMINAL,NOMINAL,NORMAL,0,
1648797300.0,1787429643.4363203,1,1.1216,0.1402,,0.517,0.0183,0.189,NOMINAL,NOMINAL,NORMAL,0,
1648798200.0,1787429643.561311,1,1.0921,0.1372,,0.615,0.0222,0.229,NOMINAL,NOMINAL,NORMAL,0,
1648799100.0,1787429643.6859047,1,0.981,0.129,,0.483,0.0185,0.187,NOMINAL,NOMINAL,NORMAL,0,
1648800000.0,1787429643.8107333,1,0.9604,0.1244,,0.425,0.017,0.173,NOMINAL,NOMINAL,TRIGGERED,1,omni_p6
1648800900.0,1787429643.9356644,1,0.8878,0.1229,,0.441,0.0166,0.171,NOMINAL,NOMINAL,NORMAL,0,
1648801800.0,1787429644.0609539,1,0.9741,0.1281,,0.51,0.0215,0.203,NOMINAL,NOMINAL,NORMAL,0,
1648802700.0,1787429644.1857064,1,0.895,0.1527,,0.428,0.0162,0.177,NOMINAL,NOMINAL,NORMAL,0,
1648803600.0,1787429644.3107092,1,0.923,0.125,,0.444,0.0151,0.17,NOMINAL,NOMINAL,NORMAL,0,
1648804500.0,1787429644.4356246,1,0.8581,0.1192,,0.463,0.0141,0.167,NOMINAL,NOMINAL,NORMAL,0,
1648805400.0,1787429644.5607274,1,0.8515,0.1233,,0.511,0.0212,0.205,NOMINAL,NOMINAL,TRIGGERED,1,omni_p6
1648806300.0,1787429644.685631,1,0.8538,0.1221,,0.456,0.0165,0.178,NOMINAL,NOMINAL,TRIGGERED,2,omni_p6
1648807200.0,1787429644.8107672,1,0.9465,0.1249,,0.449,0.0155,0.175,NOMINAL,NOMINAL,NORMAL,0,
1648808100.0,1787429644.9356594,1,0.8869,0.124,,0.435,0.0157,0.177,NOMINAL,NOMINAL,NORMAL,0,
1648809000.0,1787429645.0609062,1,0.9674,0.1286,,0.492,0.0186,0.197,NOMINAL,NOMINAL,NORMAL,0,
1648809900.0,1787429645.1856282,1,0.8789,0.1235,,0.445,0.016,0.171,NOMINAL,NOMINAL,NORMAL,0,
1648810800.0,1787429645.3107486,1,0.9013,0.1205,,0.498,0.0207,0.198,NOMINAL,NOMINAL,NORMAL,0,
1648811700.0,1787429645.4359503,1,0.9967,0.1271,,0.488,0.0205,0.201,NOMINAL,NOMINAL,TRIGGERED,1,omni_p6
1648812600.0,1787429645.5609229,1,0.9281,0.1227,,0.562,0.0235,0.223,NOMINAL,NOMINAL,NORMAL,0,
1648813500.0,1787429645.685797,1,0.8869,0.1505,,0.485,0.0203,0.201,NOMINAL,NOMINAL,NORMAL,0,
1648814400.0,1787429645.8106825,1,0.9349,0.1237,,0.41,0.0163,0.17,NOMINAL,NOMINAL,NORMAL,0,
1648815300.0,1787429645.935615,1,0.8641,0.1222,,0.424,0.0155,0.171,NOMINAL,NOMINAL,NORMAL,0,
1648816200.0,1787429646.0609703,1,0.9986,0.1299,,0.492,0.02,0.195,NOMINAL,NOMINAL,NORMAL,0,
1648817100.0,1787429646.185848,1,0.9455,0.1576,,0.463,0.0188,0.193,NOMINAL,NOMINAL,TRIGGERED,1,omni_p6
1648818000.0,1787429646.310744,1,0.9542,0.1271,,0.425,0.0156,0.166,NOMINAL,NOMINAL,TRIGGERED,2,omni_p6
1648818900.0,1787429646.435594,1,0.8617,0.119,,0.422,0.014,0.162,NOMINAL,NOMINAL,NORMAL,0,
1648819800.0,1787429646.5606685,1,0.8474,0.1173,,0.472,0.0153,0.181,NOMINAL,NOMINAL,NORMAL,0,
1648820700.0,1787429646.685698,1,0.8875,0.1478,,0.419,0.0153,0.175,NOMINAL,NOMINAL,NORMAL,0,
1648821600.0,1787429646.8106785,1,0.8837,0.1212,,0.457,0.0166,0.186,NOMINAL,NOMINAL,NORMAL,0,
1648822500.0,1787429646.9356174,1,0.8483,0.1216,,0.434,0.0156,0.173,NOMINAL,NOMINAL,NORMAL,0,
1648823400.0,1787429647.060837,1,0.9277,0.1275,,0.494,0.0186,0.193,NOMINAL,NOMINAL,TRIGGERED,1,omni_p6
1648824300.0,1787429647.1856668,1,0.8747,0.1247,,0.454,0.016,0.171,NOMINAL,NOMINAL,TRIGGERED,2,omni_p6
1648825200.0,1787429647.3108733,1,0.9445,0.1289,,0.515,0.0201,0.199,NOMINAL,NOMINAL,NORMAL,0,
1648826100.0,1787429647.4368238,1,1.1837,0.1463,,0.776,0.0279,0.267,NOMINAL,NOMINAL,NORMAL,0,
1648827000.0,1787429647.5613585,1,1.0686,0.1349,,0.597,0.0489,0.371,NOMINAL,NOMINAL,NORMAL,0,
1648827900.0,1787429647.6859617,1,0.9816,0.1307,,0.506,0.0208,0.209,NOMINAL,NOMINAL,NORMAL,0,
1648828800.0,1787429647.8108177,1,0.969,0.1246,,0.464,0.0195,0.193,NOMINAL,NOMINAL,NORMAL,0,
1648829700.0,1787429647.935778,1,0.9312,0.1267,,0.469,0.0166,0.183,NOMINAL,NOMINAL,NORMAL,0,
1648830600.0,1787429648.0608878,1,0.9574,0.128,,0.509,0.0186,0.196,NOMINAL,NOMINAL,NORMAL,0,
1648831500.0,1787429648.1858163,1,0.9022,0.1557,,0.502,0.0185,0.199,NOMINAL,NOMINAL,NORMAL,0,
1648832400.0,1787429648.3107798,1,0.9071,0.1199,,0.503,0.019,0.205,NOMINAL,NOMINAL,NORMAL,0,
1648833300.0,1787429648.4363768,1,1.1129,0.1358,,0.574,0.0224,0.222,NOMINAL,NOMINAL,NORMAL,0,
1648834200.0,1787429648.5615237,1,1.0807,0.1365,,0.673,0.0259,0.372,NOMINAL,NOMINAL,NORMAL,0,
1648835100.0,1787429648.6861541,1,0.9711,0.1274,,0.556,0.0237,0.358,NOMINAL,NOMINAL,NORMAL,0,
1648836000.0,1787429648.810902,1,0.9728,0.1282,,0.491,0.0235,0.229,NOMINAL,NOMINAL,NORMAL,0,
1648836900.0,1787429648.9357893,1,0.8935,0.1199,,0.5,0.0209,0.213,NOMINAL,NOMINAL,NORMAL,0,
1648837800.0,1787429649.0609493,1,0.8976,0.1253,,0.509,0.023,0.339,NOMINAL,NOMINAL,NORMAL,0,
1648838700.0,1787429649.1859465,1,0.9478,0.1565,,0.514,0.0241,0.217,NOMINAL,NOMINAL,NORMAL,0,
1648839600.0,1787429649.3108928,1,0.9408,0.1269,,0.517,0.0226,0.244,NOMINAL,NOMINAL,NORMAL,0,
1648840500.0,1787429649.435654,1,0.842,0.1155,,0.496,0.0212,0.21,NOMINAL,NOMINAL,NORMAL,0,
1648841400.0,1787429649.5608554,1,0.835,0.1182,,0.552,0.0217,0.331,NOMINAL,NOMINAL,NORMAL,0,
1648842300.0,1787429649.6857235,1,0.8327,0.1169,,0.526,0.022,0.217,NOMINAL,NOMINAL,NORMAL,0,
1648843200.0,1787429649.8108048,1,0.8647,0.1199,,0.483,0.0214,0.324,NOMINAL,NOMINAL,NORMAL,0,
1648844100.0,1787429649.9358633,1,0.8567,0.1219,,0.506,0.021,0.34,NOMINAL,NOMINAL,NORMAL,0,
1648845000.0,1787429650.0608466,1,0.8373,0.1185,,0.516,0.0199,0.338,NOMINAL,NOMINAL,NORMAL,0,
1648845900.0,1787429650.1859305,1,0.8997,0.1618,,0.53,0.0214,0.217,NOMINAL,NOMINAL,NORMAL,0,
1648846800.0,1787429650.3107903,1,0.8968,0.1231,,0.515,0.0209,0.215,NOMINAL,NOMINAL,NORMAL,0,
1648847700.0,1787429650.4358306,1,0.8862,0.1221,,0.517,0.0232,0.244,NOMINAL,NOMINAL,NORMAL,0,
1648848600.0,1787429650.5615096,1,1.0582,0.1379,,0.682,0.0278,0.368,NOMINAL,NOMINAL,NORMAL,0,
1648849500.0,1787429650.685993,1,0.9197,0.156,,0.513,0.0221,0.337,NOMINAL,NOMINAL,NORMAL,0,
1648850400.0,1787429650.8107667,1,0.905,0.1221,,0.498,0.0212,0.22,NOMINAL,NOMINAL,TRIGGERED,1,omni_p6
1648851300.0,1787429650.9356916,1,0.8381,0.1164,,0.502,0.0202,0.212,NOMINAL,NOMINAL,NORMAL,0,
1648852200.0,1787429651.0606928,1,0.8281,0.1176,,0.495,0.02,0.205,NOMINAL,NOMINAL,NORMAL,0,
1648853100.0,1787429651.1859062,1,0.8968,0.1551,,0.531,0.0234,0.24,NOMINAL,NOMINAL,NORMAL,0,
1648854000.0,1787429651.310847,1,0.9006,0.1198,,0.529,0.0228,0.242,NOMINAL,NOMINAL,NORMAL,0,
1648854900.0,1787429651.4356358,1,0.8222,0.1182,,0.475,0.0218,0.21,NOMINAL,NOMINAL,NORMAL,0,
1648855800.0,1787429651.5608988,1,0.8463,0.1185,,0.554,0.022,0.326,NOMINAL,NOMINAL,NORMAL,0,
1648856700.0,1787429651.6857152,1,0.821,0.1198,,0.539,0.0211,0.216,NOMINAL,NOMINAL,TRIGGERED,1,omni_p6
1648857600.0,1787429651.81155,1,0.9404,0.1269,0.6079,0.506,0.0222,0.229,NOMINAL,NOMINAL,NORMAL,0,
1648858500.0,1787429651.9361866,1,1.202,0.126,,0.48,0.021,0.305,NOMINAL,NOMINAL,NORMAL,0,
1648859400.0,1787429652.060898,1,0.9205,0.1229,,0.478,0.0206,0.304,NOMINAL,NOMINAL,NORMAL,0,
1648860300.0,1787429652.1859026,1,0.9536,0.164,,0.48,0.0204,0.197,NOMINAL,NOMINAL,NORMAL,0,
1648861200.0,1787429652.3110366,1,1.0131,0.134,,0.501,0.0203,0.314,NOMINAL,NOMINAL,NORMAL,0,
1648862100.0,1787429652.4363742,1,1.1484,0.1432,,0.523,0.0207,0.205,NOMINAL,NOMINAL,TRIGGERED,1,omni_p6
1648863000.0,1787429652.5611913,1,1.0108,0.1346,,0.555,0.0215,0.333,NOMINAL,NOMINAL,TRIGGERED,2,omni_p6
1648863900.0,1787429652.685981,1,0.9785,0.1353,,0.498,0.021,0.231,NOMINAL,NOMINAL,NORMAL,0,
1648864800.0,1787429652.8107984,1,0.9469,0.1205,,0.468,0.0195,0.203,NOMINAL,NOMINAL,NORMAL,0,
1648865700.0,1787429652.9357946,1,0.8989,0.1203,,0.488,0.0204,0.223,NOMINAL,NOMINAL,NORMAL,0,
1648866600.0,1787429653.0608208,1,0.8658,0.1189,,0.481,0.0198,0.315,NOMINAL,NOMINAL,NORMAL,0,
1648867500.0,1787429653.1861043,1,0.9403,0.2033,,0.519,0.0224,0.332,NOMINAL,NOMINAL,NORMAL,0,
1648868400.0,1787429653.3108292,1,0.9124,0.1242,,0.499,0.0198,0.232,NOMINAL,NOMINAL,TRIGGERED,1,omni_p6
1648869300.0,1787429653.4364786,1,1.1052,0.141,,0.56,0.0229,0.346,NOMINAL,NOMINAL,TRIGGERED,2,omni_p6
1648870200.0,1787429653.561397,1,1.0742,0.1343,,0.595,0.0261,0.359,NOMINAL,NOMINAL,NORMAL,0,
1648871100.0,1787429653.6860192,1,0.9748,0.1311,,0.529,0.0234,0.242,NOMINAL,NOMINAL,NORMAL,0,
1648872000.0,1787429653.8108826,1,0.9751,0.1289,,0.468,0.0218,0.232,NOMINAL,NOMINAL,NORMAL,0,
1648872900.0,1787429653.935864,1,0.9408,0.126,,0.485,0.023,0.233,NOMINAL,NOMINAL,NORMAL,0,
1648873800.0,1787429654.060859,1,0.8799,0.1229,,0.485,0.021,0.311,NOMINAL,NOMINAL,NORMAL,0,
1648874700.0,1787429654.1857812,1,0.8477,0.1193,,0.483,0.0201,0.304,NOMINAL,NOMINAL,NORMAL,0,
1648875600.0,1787429654.3109548,1,0.9755,0.13,,0.507,0.0227,0.232,NOMINAL,NOMINAL,NORMAL,0,
1648876500.0,1787429654.4358156,1,0.883,0.1199,,0.452,0.0193,0.302,NOMINAL,NOMINAL,NORMAL,0,
1648877400.0,1787429654.560888,1,0.8653,0.1241,,0.515,0.0213,0.307,NOMINAL,NOMINAL,NORMAL,0,
1648878300.0,1787429654.6858394,1,0.8512,0.1227,,0.504,0.0209,0.311,NOMINAL,NOMINAL,NORMAL,0,
1648879200.0,1787429654.8107567,1,0.922,0.1236,,0.463,0.0204,0.198,NOMINAL,NOMINAL,NORMAL,0,
1648880100.0,1787429654.935726,1,0.8812,0.122,,0.456,0.0197,0.198,NOMINAL,NOMINAL,NORMAL,0,
1648881000.0,1787429655.060881,1,0.8957,0.1236,,0.479,0.0207,0.307,NOMINAL,NOMINAL,NORMAL,0,
1648881900.0,1787429655.185705,1,0.8698,0.1224,,0.468,0.0184,0.207,NOMINAL,NOMINAL,NORMAL,0,
1648882800.0,1787429655.3110275,1,1.0072,0.1326,,0.519,0.0229,0.243,NOMINAL,NOMINAL,NORMAL,0,
1648883700.0,1787429655.4359264,1,0.9606,0.1311,,0.509,0.0206,0.232,NOMINAL,NOMINAL,NORMAL,0,
1648884600.0,1787429655.5609093,1,0.8925,0.1242,,0.528,0.0211,0.305,NOMINAL,NOMINAL,NORMAL,0,
1648885500.0,1787429655.685788,1,0.8523,0.1206,,0.489,0.0203,0.295,NOMINAL,NOMINAL,NORMAL,0,
1648886400.0,1787429655.8107238,1,0.8852,0.1204,,0.461,0.0202,0.225,NOMINAL,NOMINAL,NORMAL,0,
1648887300.0,1787429655.9357295,1,0.8476,0.1194,,0.499,0.0209,0.211,NOMINAL,NOMINAL,NORMAL,0,
1648888200.0,1787429656.0607893,1,0.8445,0.1182,,0.464,0.0209,0.319,NOMINAL,NOMINAL,NORMAL,0,
1648889100.0,1787429656.1856387,1,0.8273,0.1189,,0.466,0.0193,0.211,NOMINAL,NOMINAL,NORMAL,0,
1648890000.0,1787429656.311057,1,0.9775,0.1264,,0.51,0.0198,0.316,NOMINAL,NOMINAL,NORMAL,0,
1648890900.0,1787429656.4358428,1,0.8844,0.1254,,0.466,0.0196,0.303,NOMINAL,NOMINAL,TRIGGERED,1,omni_p6
1648891800.0,1787429656.5608516,1,0.8734,0.1195,,0.505,0.0241,0.304,NOMINAL,NOMINAL,NORMAL,0,
1648892700.0,1787429656.685722,1,0.8586,0.1194,,0.501,0.0198,0.214,NOMINAL,NOMINAL,NORMAL,0,
1648893600.0,1787429656.8106713,1,0.8685,0.1231,,0.449,0.021,0.214,NOMINAL,NOMINAL,NORMAL,0,
1648894500.0,1787429656.9356346,1,0.8468,0.1172,,0.44,0.0193,0.188,NOMINAL,NOMINAL,NORMAL,0,
1648895400.0,1787429657.060817,1,0.8469,0.1188,,0.486,0.0197,0.305,NOMINAL,NOMINAL,NORMAL,0,
1648896300.0,1787429657.1856947,1,0.811,0.1176,,0.47,0.0188,0.295,NOMINAL,NOMINAL,TRIGGERED,1,omni_p6
1648897200.0,1787429657.3112504,1,1.0071,0.1375,,0.564,0.0243,0.396,NOMINAL,NOMINAL,TRIGGERED,2,omni_p6
1648898100.0,1787429657.436794,1,1.1572,0.1433,,0.655,0.0291,0.427,NOMINAL,NOMINAL,NORMAL,0,
1648899000.0,1787429657.5613768,1,1.0686,0.1328,,0.566,0.0236,0.402,NOMINAL,NOMINAL,NORMAL,0,
1648899900.0,1787429657.686048,1,0.9483,0.1602,,0.478,0.0215,0.356,NOMINAL,NOMINAL,NORMAL,0,
1648900800.0,1787429657.810909,1,0.9661,0.1307,,0.472,0.0216,0.256,NOMINAL,NOMINAL,NORMAL,0,
1648901700.0,1787429657.9358666,1,0.9255,0.1252,,0.481,0.0204,0.241,NOMINAL,NOMINAL,NORMAL,0,
1648902600.0,1787429658.0609775,1,0.9398,0.1265,,0.48,0.0204,0.348,NOMINAL,NOMINAL,TRIGGERED,1,omni_p6
1648903500.0,1787429658.1859243,1,0.9102,0.1582,,0.52,0.023,0.249,NOMINAL,NOMINAL,TRIGGERED,2,omni_p6
1648904400.0,1787429658.3110034,1,0.9758,0.1235,,0.526,0.0231,0.263,NOMINAL,NOMINAL,NORMAL,0,
1648905300.0,1787429658.4364316,1,1.1055,0.1397,,0.604,0.0245,0.285,NOMINAL,NOMINAL,NORMAL,0,
1648906200.0,1787429658.5613775,1,1.0433,0.1323,,0.609,0.0248,0.4,NOMINAL,NOMINAL,NORMAL,0,
1648907100.0,1787429658.6860747,1,0.9812,0.1327,,0.533,0.0231,0.283,NOMINAL,NOMINAL,NORMAL,0,
1648908000.0,1787429658.8109477,1,0.9807,0.1267,,0.499,0.0237,0.264,NOMINAL,NOMINAL,NORMAL,0,
1648908900.0,1787429658.9359672,1,0.9109,0.1255,,0.511,0.022,0.362,NOMINAL,NOMINAL,TRIGGERED,1,omni_p6
1648909800.0,1787429659.06092,1,0.883,0.123,,0.497,0.0228,0.358,NOMINAL,NOMINAL,TRIGGERED,2,omni_p6
1648910700.0,1787429659.1868672,1,0.8506,0.1186,,0.506,0.038,1.356,NOMINAL,PRE_ALERT,TRIGGERED,3,omni_p6
1648911600.0,1787429659.312092,1,0.9778,0.1278,,0.589,0.0418,1.289,PRE_ALERT,NOMINAL,NORMAL,0,
1648912500.0,1787429659.4360301,1,0.9559,0.1273,,0.544,0.0232,0.273,NOMINAL,NOMINAL,NORMAL,0,
1648913400.0,1787429659.5610466,1,0.9083,0.128,,0.552,0.023,0.367,NOMINAL,NOMINAL,TRIGGERED,1,omni_p6
1648914300.0,1787429659.6859095,1,0.8592,0.1183,,0.525,0.0211,0.358,NOMINAL,NOMINAL,NORMAL,0,
1648915200.0,1787429659.8107855,1,0.8972,0.1238,,0.495,0.0205,0.221,NOMINAL,NOMINAL,TRIGGERED,1,omni_p6
1648916100.0,1787429659.9358509,1,0.8925,0.1245,,0.529,0.0231,0.221,NOMINAL,NOMINAL,TRIGGERED,2,omni_p6
1648917000.0,1787429660.0618837,1,0.8704,0.1217,,0.509,0.0396,1.32,NOMINAL,PRE_ALERT,TRIGGERED,3,omni_p6
1648917900.0,1787429660.1869388,1,0.9179,0.1586,,0.565,0.0403,1.224,PRE_ALERT,NOMINAL,NORMAL,0,
1648918800.0,1787429660.310875,1,0.9162,0.1208,,0.515,0.0222,0.254,NOMINAL,NOMINAL,NORMAL,0,
1648919700.0,1787429660.436232,1,1.0203,0.1334,,0.537,0.0232,0.339,NOMINAL,NOMINAL,TRIGGERED,1,omni_p6
1648920600.0,1787429660.5610025,1,0.9228,0.1246,,0.54,0.0243,0.322,NOMINAL,NOMINAL,NORMAL,0,
1648921500.0,1787429660.685905,1,0.855,0.121,,0.551,0.0215,0.325,NOMINAL,NOMINAL,NORMAL,0,
1648922400.0,1787429660.8108344,1,0.8888,0.1226,,0.465,0.0202,0.32,NOMINAL,NOMINAL,TRIGGERED,1,omni_p6
1648923300.0,1787429660.9358912,1,0.8692,0.1194,,0.5,0.0219,0.327,NOMINAL,NOMINAL,NORMAL,0,
1648924200.0,1787429661.0609038,1,0.8878,0.1225,,0.49,0.0221,0.329,NOMINAL,NOMINAL,NORMAL,0,
1648925100.0,1787429661.185859,1,0.8597,0.1212,,0.508,0.0219,0.312,NOMINAL,NOMINAL,NORMAL,0,
1648926000.0,1787429661.3108997,1,0.8946,0.1211,,0.499,0.0221,0.322,NOMINAL,NOMINAL,NORMAL,0,
1648926900.0,1787429661.4359777,1,0.9217,0.126,,0.51,0.022,0.317,NOMINAL,NOMINAL,NORMAL,0,
1648927800.0,1787429661.5609982,1,0.9052,0.1257,,0.549,0.0255,0.324,NOMINAL,NOMINAL,NORMAL,0,
1648928700.0,1787429661.6859336,1,0.8896,0.1564,,0.491,0.0215,0.326,NOMINAL,NOMINAL,TRIGGERED,1,omni_p6
1648929600.0,1787429661.8107755,1,0.8943,0.1228,,0.488,0.022,0.241,NOMINAL,NOMINAL,NORMAL,0,
1648930500.0,1787429661.9357295,1,0.8467,0.1208,,0.508,0.0216,0.214,NOMINAL,NOMINAL,NORMAL,0,
1648931400.0,1787429662.0608566,1,0.8437,0.1205,,0.508,0.0234,0.338,NOMINAL,NOMINAL,NORMAL,0,
1648932300.0,1787429662.1858733,1,0.8567,0.1198,,0.523,0.0224,0.323,NOMINAL,NOMINAL,NORMAL,0,
1648933200.0,1787429662.310895,1,0.9024,0.1258,,0.501,0.0202,0.316,NOMINAL,NOMINAL,NORMAL,0,
1648934100.0,1787429662.4364758,1,1.1508,0.1405,,0.557,0.0213,0.241,NOMINAL,NOMINAL,NORMAL,0,
1648935000.0,1787429662.5613313,1,1.0763,0.135,,0.552,0.0235,0.343,NOMINAL,NOMINAL,NORMAL,0,
1648935900.0,1787429662.686051,1,0.9684,0.1365,,0.491,0.0209,0.315,NOMINAL,NOMINAL,TRIGGERED,1,omni_p6
1648936800.0,1787429662.8108582,1,0.9582,0.1276,,0.482,0.0208,0.227,NOMINAL,NOMINAL,NORMAL,0,
1648937700.0,1787429662.9357998,1,0.9138,0.1263,,0.48,0.0201,0.199,NOMINAL,NOMINAL,NORMAL,0,
1648938600.0,1787429663.0608323,1,0.8811,0.1215,,0.471,0.02,0.3,NOMINAL,NOMINAL,NORMAL,0,
1648939500.0,1787429663.186527,1,1.1627,0.1466,,0.607,0.0256,0.24,NOMINAL,NOMINAL,NORMAL,0,
1648940400.0,1787429663.3110425,1,1.0334,0.1309,,0.508,0.0224,0.242,NOMINAL,NOMINAL,NORMAL,0,
1648941300.0,1787429663.4364212,1,1.1339,0.14,,0.558,0.0247,0.248,NOMINAL,NOMINAL,TRIGGERED,1,omni_p6
1648942200.0,1787429663.5612748,1,1.0488,0.1343,,0.558,0.0228,0.342,NOMINAL,NOMINAL,TRIGGERED,2,omni_p6
1648943100.0,1787429663.6861866,1,1.0528,0.132,,0.512,0.0232,0.327,NOMINAL,NOMINAL,NORMAL,0,
1648944000.0,1787429663.8116028,1,1.0072,0.1221,0.6021,0.483,0.0222,0.236,NOMINAL,NOMINAL,NORMAL,0,
1648944900.0,1787429663.9359813,1,0.9693,0.1235,,0.487,0.0203,0.314,NOMINAL,NOMINAL,NORMAL,0,
1648945800.0,1787429664.060994,1,0.9724,0.1252,,0.481,0.021,0.316,NOMINAL,NOMINAL,NORMAL,0,
1648946700.0,1787429664.1858819,1,0.9147,0.1585,,0.448,0.0199,0.312,NOMINAL,NOMINAL,NORMAL,0,
1648947600.0,1787429664.310759,1,0.9171,0.1276,,0.452,0.0189,0.217,NOMINAL,NOMINAL,TRIGGERED,1,omni_p6
1648948500.0,1787429664.4358006,1,0.8971,0.1273,,0.494,0.0196,0.235,NOMINAL,NOMINAL,TRIGGERED,2,omni_p6
1648949400.0,1787429664.5614195,1,0.9347,0.1231,,1.067,0.0202,0.212,NOMINAL,NOMINAL,NORMAL,0,
1648950300.0,1787429664.6857932,1,0.9368,0.1564,,0.438,0.0156,0.175,NOMINAL,NOMINAL,NORMAL,0,
1648951200.0,1787429664.8106709,1,0.9319,0.1225,,0.411,0.0136,0.156,NOMINAL,NOMINAL,NORMAL,0,
1648952100.0,1787429664.9355881,1,0.8951,0.1248,,0.401,0.0136,0.146,NOMINAL,NOMINAL,NORMAL,0,
1648953000.0,1787429665.0606549,1,0.8781,0.1207,,0.439,0.0152,0.17,NOMINAL,NOMINAL,NORMAL,0,
1648953900.0,1787429665.1856184,1,0.8578,0.1218,,0.437,0.0134,0.156,NOMINAL,NOMINAL,TRIGGERED,1,omni_p6
1648954800.0,1787429665.3107429,1,0.9198,0.1248,,0.455,0.0162,0.175,NOMINAL,NOMINAL,NORMAL,0,
1648955700.0,1787429665.4358106,1,0.9405,0.1252,,0.462,0.0161,0.173,NOMINAL,NOMINAL,NORMAL,0,
1648956600.0,1787429665.5608451,1,0.9671,0.1277,,0.472,0.0147,0.169,NOMINAL,NOMINAL,NORMAL,0,
1648957500.0,1787429665.6858516,1,0.9208,0.1527,,0.5,0.0184,0.199,NOMINAL,NOMINAL,NORMAL,0,
1648958400.0,1787429665.8107753,1,0.9556,0.1238,,0.45,0.0165,0.177,NOMINAL,NOMINAL,NORMAL,0,
1648959300.0,1787429665.9356408,1,0.9015,0.1238,,0.426,0.0147,0.16,NOMINAL,NOMINAL,NORMAL,0,
1648960200.0,1787429666.060681,1,0.888,0.123,,0.441,0.0157,0.166,NOMINAL,NOMINAL,NORMAL,0,
1648961100.0,1787429666.1857305,1,0.8669,0.1188,,0.515,0.0171,0.19,NOMINAL,NOMINAL,NORMAL,0,
1648962000.0,1787429666.310724,1,0.8711,0.1197,,0.496,0.0156,0.194,NOMINAL,NOMINAL,NORMAL,0,
1648962900.0,1787429666.4356816,1,0.837,0.1181,,0.471,0.0188,0.205,NOMINAL,NOMINAL,NORMAL,0,
1648963800.0,1787429666.5608213,1,0.9262,0.1257,,0.46,0.0169,0.189,NOMINAL,NOMINAL,NORMAL,0,
1648964700.0,1787429666.6860342,1,0.926,0.1478,,0.592,0.0228,0.234,NOMINAL,NOMINAL,NORMAL,0,
1648965600.0,1787429666.810861,1,0.9556,0.1307,,0.486,0.022,0.216,NOMINAL,NOMINAL,NORMAL,0,
1648966500.0,1787429666.9357474,1,0.908,0.1224,,0.486,0.0192,0.199,NOMINAL,NOMINAL,NORMAL,0,
1648967400.0,1787429667.0608485,1,0.8965,0.1248,,0.52,0.0207,0.22,NOMINAL,NOMINAL,NORMAL,0,
1648968300.0,1787429667.1857164,1,0.8858,0.1212,,0.435,0.0164,0.193,NOMINAL,NOMINAL,NORMAL,0,
1648969200.0,1787429667.311226,1,0.989,0.1325,,0.656,0.0252,0.306,NOMINAL,NOMINAL,NORMAL,0,
1648970100.0,1787429667.4369054,1,1.144,0.1444,,0.856,0.0306,0.343,NOMINAL,NOMINAL,NORMAL,0,
1648971000.0,1787429667.5614579,1,1.1029,0.1401,,0.67,0.0261,0.263,NOMINAL,NOMINAL,NORMAL,0,
1648971900.0,1787429667.6863346,1,1.0622,0.1333,,0.675,0.0267,0.257,NOMINAL,NOMINAL,NORMAL,0,
1648972800.0,1787429667.8109205,1,0.9712,0.1287,,0.502,0.0217,0.238,NOMINAL,NOMINAL,NORMAL,0,
1648973700.0,1787429667.9358792,1,0.9008,0.1222,,0.581,0.0228,0.234,NOMINAL,NOMINAL,NORMAL,0,
1648974600.0,1787429668.0609956,1,0.9085,0.1207,,0.603,0.0226,0.24,NOMINAL,NOMINAL,NORMAL,0,
1648975500.0,1787429668.1859267,1,0.8791,0.1587,,0.575,0.0241,0.228,NOMINAL,NOMINAL,NORMAL,0,
1648976400.0,1787429668.3108335,1,0.8853,0.1221,,0.554,0.0209,0.218,NOMINAL,NOMINAL,TRIGGERED,1,omni_p6
1648977300.0,1787429668.4369648,1,1.1175,0.1392,,0.751,0.0274,0.596,NOMINAL,NOMINAL,NORMAL,0,
1648978200.0,1787429668.5612545,1,1.0446,0.1347,,0.6,0.0472,0.276,NOMINAL,NOMINAL,NORMAL,0,
1648979100.0,1787429668.6863544,1,1.0533,0.1349,,0.686,0.0284,0.259,NOMINAL,NOMINAL,NORMAL,0,
1648980000.0,1787429668.8109665,1,0.982,0.1292,,0.529,0.0228,0.244,NOMINAL,NOMINAL,NORMAL,0,
1648980900.0,1787429668.9362943,1,1.0533,0.1376,,0.674,0.0275,0.249,NOMINAL,NOMINAL,NORMAL,0,
1648981800.0,1787429669.0610087,1,0.9323,0.1245,,0.596,0.0229,0.235,NOMINAL,NOMINAL,TRIGGERED,1,omni_p6
1648982700.0,1787429669.1858907,1,0.8746,0.1213,,0.584,0.0224,0.217,NOMINAL,NOMINAL,TRIGGERED,2,omni_p6
1648983600.0,1787429669.3109577,1,0.9026,0.1244,,0.616,0.0247,0.229,NOMINAL,NOMINAL,NORMAL,0,
1648984500.0,1787429669.4358041,1,0.8542,0.1185,,0.549,0.0213,0.217,NOMINAL,NOMINAL,NORMAL,0,
1648985400.0,1787429669.5609667,1,0.8956,0.1248,,0.619,0.0232,0.232,NOMINAL,NOMINAL,NORMAL,0,
1648986300.0,1787429669.6859922,1,0.8817,0.15,,0.626,0.0233,0.226,NOMINAL,NOMINAL,NORMAL,0,
1648987200.0,1787429669.8114667,1,1.0733,0.1375,,0.704,0.0275,0.27,NOMINAL,NOMINAL,NORMAL,0,
1648988100.0,1787429669.9359744,1,0.9611,0.1277,,0.578,0.0248,0.232,NOMINAL,NOMINAL,TRIGGERED,1,omni_p6
1648989000.0,1787429670.0610058,1,0.9289,0.1259,,0.592,0.0228,0.227,NOMINAL,NOMINAL,TRIGGERED,2,omni_p6
1648989900.0,1787429670.1859,1,0.882,0.1456,,0.559,0.0228,0.229,NOMINAL,NOMINAL,NORMAL,0,
1648990800.0,1787429670.3108745,1,0.888,0.1197,,0.57,0.0222,0.22,NOMINAL,NOMINAL,NORMAL,0,
1648991700.0,1787429670.436127,1,0.9289,0.1249,,0.687,0.0257,0.235,NOMINAL,NOMINAL,NORMAL,0,
1648992600.0,1787429670.5608974,1,0.8887,0.1227,,0.565,0.0227,0.252,NOMINAL,NOMINAL,NORMAL,0,
1648993500.0,1787429670.68641,1,1.0737,0.1371,,0.681,0.0271,0.271,NOMINAL,NOMINAL,TRIGGERED,1,omni_p6
1648994400.0,1787429670.8109572,1,0.9549,0.1282,,0.56,0.0222,0.233,NOMINAL,NOMINAL,TRIGGERED,2,omni_p6
1648995300.0,1787429670.9357953,1,0.882,0.1216,,0.552,0.0208,0.215,NOMINAL,NOMINAL,NORMAL,0,
1648996200.0,1787429671.060844,1,0.8648,0.1216,,0.567,0.0194,0.222,NOMINAL,NOMINAL,NORMAL,0,
1648997100.0,1787429671.1858118,1,0.8495,0.1207,,0.567,0.0198,0.212,NOMINAL,NOMINAL,NORMAL,0,
1648998000.0,1787429671.3108444,1,0.8781,0.1196,,0.566,0.0207,0.224,NOMINAL,NOMINAL,NORMAL,0,
1648998900.0,1787429671.4357476,1,0.8445,0.1187,,0.539,0.0205,0.206,NOMINAL,NOMINAL,NORMAL,0,
1648999800.0,1787429671.5607226,1,0.8128,0.1213,,0.531,0.0197,0.212,NOMINAL,NOMINAL,TRIGGERED,1,omni_p6
1649000700.0,1787429671.6862886,1,0.9868,0.1333,,0.689,0.0265,0.256,NOMINAL,NOMINAL,TRIGGERED,2,omni_p6
1649001600.0,1787429671.8110473,1,0.9883,0.1278,,0.571,0.024,0.241,NOMINAL,NOMINAL,NORMAL,0,
1649002500.0,1787429671.9358459,1,0.8946,0.1247,,0.569,0.0222,0.22,NOMINAL,NOMINAL,NORMAL,0,
1649003400.0,1787429672.0608187,1,0.8622,0.1174,,0.553,0.0206,0.217,NOMINAL,NOMINAL,NORMAL,0,
1649004300.0,1787429672.1857946,1,0.8427,0.1167,,0.575,0.0206,0.204,NOMINAL,NOMINAL,NORMAL,0,
1649005200.0,1787429672.3108277,1,0.8698,0.1199,,0.559,0.022,0.222,NOMINAL,NOMINAL,NORMAL,0,
1649006100.0,1787429672.4367013,1,1.1636,0.1441,,0.689,0.0291,0.256,NOMINAL,NOMINAL,NORMAL,0,
1649007000.0,1787429672.5609663,1,1.0147,0.1309,,0.475,0.0182,0.192,NOMINAL,NOMINAL,NORMAL,0,
1649007900.0,1787429672.686258,1,1.0409,0.1325,,0.642,0.0242,0.235,NOMINAL,NOMINAL,NORMAL,0,
1649008800.0,1787429672.8110886,1,1.0308,0.1303,,0.558,0.0224,0.234,NOMINAL,NOMINAL,NORMAL,0,
1649009700.0,1787429672.9359474,1,0.9446,0.1259,,0.575,0.0224,0.233,NOMINAL,NOMINAL,NORMAL,0,
1649010600.0,1787429673.0609736,1,0.9449,0.1232,,0.569,0.0223,0.227,NOMINAL,NOMINAL,NORMAL,0,
1649011500.0,1787429673.1859887,1,0.8847,0.1584,,0.599,0.0227,0.228,NOMINAL,NOMINAL,NORMAL,0,
1649012400.0,1787429673.310994,1,0.9248,0.1235,,0.61,0.0221,0.219,NOMINAL,NOMINAL,NORMAL,0,
1649013300.0,1787429673.436477,1,1.1067,0.1378,,0.665,0.026,0.254,NOMINAL,NOMINAL,NORMAL,0,
1649014200.0,1787429673.5612447,1,1.0174,0.134,,0.658,0.0435,0.272,NOMINAL,NOMINAL,NORMAL,0,
1649015100.0,1787429673.6865644,1,1.1254,0.1442,,0.737,0.0282,0.266,NOMINAL,NOMINAL,NORMAL,0,
1649016000.0,1787429673.8110194,1,1.022,0.1345,,0.543,0.0219,0.234,NOMINAL,NOMINAL,NORMAL,0,
1649016900.0,1787429673.9359324,1,0.9388,0.1275,,0.571,0.0234,0.25,NOMINAL,NOMINAL,NORMAL,0,
1649017800.0,1787429674.0609508,1,0.9198,0.1226,,0.571,0.023,0.251,NOMINAL,NOMINAL,NORMAL,0,
1649018700.0,1787429674.1858764,1,0.8853,0.1213,,0.555,0.0252,0.226,NOMINAL,NOMINAL,NORMAL,0,
1649019600.0,1787429674.3108268,1,0.8832,0.1212,,0.543,0.0211,0.213,NOMINAL,NOMINAL,NORMAL,0,
1649020500.0,1787429674.435741,1,0.8257,0.119,,0.533,0.0203,0.212,NOMINAL,NOMINAL,TRIGGERED,1,omni_p6
1649021400.0,1787429674.5607262,1,0.8157,0.1179,,0.536,0.0188,0.204,NOMINAL,NOMINAL,NORMAL,0,
1649022300.0,1787429674.6861463,1,0.9281,0.1342,,0.634,0.0254,0.254,NOMINAL,NOMINAL,NORMAL,0,
1649023200.0,1787429674.8109188,1,0.9237,0.1232,,0.569,0.0227,0.233,NOMINAL,NOMINAL,NORMAL,0,
1649024100.0,1787429674.9357731,1,0.8653,0.1219,,0.542,0.023,0.219,NOMINAL,NOMINAL,NORMAL,0,
1649025000.0,1787429675.0608065,1,0.8596,0.1167,,0.548,0.0205,0.217,NOMINAL,NOMINAL,NORMAL,0,
1649025900.0,1787429675.1858082,1,0.8635,0.1227,,0.541,0.02,0.209,NOMINAL,NOMINAL,NORMAL,0,
1649026800.0,1787429675.3108368,1,0.8715,0.1193,,0.561,0.0211,0.214,NOMINAL,NOMINAL,TRIGGERED,1,omni_p6
1649027700.0,1787429675.435971,1,0.9278,0.1252,,0.566,0.0236,0.226,NOMINAL,NOMINAL,TRIGGERED,2,omni_p6
1649028600.0,1787429675.5607328,1,0.8668,0.1202,,0.49,0.0182,0.195,NOMINAL,NOMINAL,NORMAL,0,
1649029500.0,1787429675.6861806,1,0.8438,0.1193,,0.885,0.0244,0.242,NOMINAL,NOMINAL,NORMAL,0,
1649030400.0,1787429675.8117077,1,1.0095,0.1262,0.6081,0.522,0.0223,0.235,NOMINAL,NOMINAL,NORMAL,0,
