phys_ts,ap_pub_wall_ts,n_channels,resample_ms,z_eval_ms,bg_update_ms,dds_transport_ms,fsm_eval_ms,node_latency_ms,from_state,ap_state,rpn_result,counter,trigger_channels
1641772800.0,1786276096.4696653,1,3.2309,0.0998,0.0625,3.869,0.1209,0.91,NOMINAL,NOMINAL,STALE,0,
1641773700.0,1786276096.5937042,1,3.4159,0.1041,,2.782,0.091,0.66,NOMINAL,NOMINAL,STALE,0,
1641774600.0,1786276096.7169862,1,2.7328,0.11,,2.422,0.0849,0.59,NOMINAL,NOMINAL,STALE,0,
1641775500.0,1786276096.841977,1,2.4962,0.1134,,2.53,0.069,0.561,NOMINAL,NOMINAL,STALE,0,
1641776400.0,1786276096.9674888,1,2.6645,0.1952,,2.53,0.0735,0.638,NOMINAL,NOMINAL,STALE,0,
1641777300.0,1786276097.0914354,1,2.3015,0.1326,,2.369,0.0678,0.576,NOMINAL,NOMINAL,STALE,0,
1641778200.0,1786276097.2163672,1,2.5013,0.1291,,2.361,0.068,0.612,NOMINAL,NOMINAL,STALE,0,
1641779100.0,1786276097.338822,1,1.8068,0.1009,,1.088,0.0456,0.355,NOMINAL,NOMINAL,STALE,0,
1641780000.0,1786276097.4627447,1,0.868,0.0494,,0.752,0.0684,0.339,NOMINAL,NOMINAL,STALE,0,
1641780900.0,1786276097.5911765,1,2.179,0.129,,2.192,0.0633,0.484,NOMINAL,NOMINAL,STALE,0,
1641781800.0,1786276097.7155774,1,1.9297,0.1106,,2.283,0.0565,0.548,NOMINAL,NOMINAL,STALE,0,
1641782700.0,1786276097.8409858,1,2.1642,0.104,,2.025,0.0688,0.52,NOMINAL,NOMINAL,STALE,0,
1641783600.0,1786276097.9667604,1,2.4278,0.1205,,2.734,0.058,0.516,NOMINAL,NOMINAL,STALE,0,
1641784500.0,1786276098.0909512,1,2.2278,0.1236,,1.993,0.0572,0.506,NOMINAL,NOMINAL,STALE,0,
1641785400.0,1786276098.2158859,1,2.1589,0.1126,,2.318,0.0623,0.5,NOMINAL,NOMINAL,STALE,0,
1641786300.0,1786276098.3410373,1,2.5143,0.1242,,2.127,0.0627,0.497,NOMINAL,NOMINAL,STALE,0,
1641787200.0,1786276098.4683154,1,2.5458,0.13,,3.753,0.0671,0.514,NOMINAL,NOMINAL,STALE,0,
1641788100.0,1786276098.5913754,1,2.601,0.1244,,1.822,0.0645,0.498,NOMINAL,NOMINAL,STALE,0,
1641789000.0,1786276098.7150614,1,2.0743,0.1236,,1.678,0.0551,0.426,NOMINAL,NOMINAL,STALE,0,
1641789900.0,1786276098.842236,1,2.5037,0.1185,,2.56,0.0959,0.722,NOMINAL,NOMINAL,STALE,0,
1641790800.0,1786276098.9735236,1,4.6244,0.1903,,3.964,0.1266,0.9,NOMINAL,NOMINAL,STALE,0,
1641791700.0,1786276099.093765,1,3.7815,0.1539,,2.45,0.1051,0.701,NOMINAL,NOMINAL,STALE,0,
1641792600.0,1786276099.2162569,1,2.6584,0.126,,1.763,0.0698,0.555,NOMINAL,NOMINAL,STALE,0,
1641793500.0,1786276099.341457,1,3.0778,0.1532,,1.669,0.0711,0.53,NOMINAL,NOMINAL,STALE,0,
1641794400.0,1786276099.467506,1,2.9471,0.1445,,2.274,0.072,0.55,NOMINAL,NOMINAL,STALE,0,
1641795300.0,1786276099.5921977,1,2.9623,0.1405,,2.141,0.0663,0.515,NOMINAL,NOMINAL,STALE,0,
1641796200.0,1786276099.716588,1,2.7143,0.1261,,1.973,0.0609,0.435,NOMINAL,NOMINAL,STALE,0,
1641797100.0,1786276099.842108,1,2.7747,0.1368,,2.27,0.0626,0.423,NOMINAL,NOMINAL,STALE,0,
1641798000.0,1786276099.9728196,1,4.5306,0.316,,3.529,0.1141,0.861,NOMINAL,NOMINAL,STALE,0,
1641798900.0,1786276100.0941205,1,4.0511,0.159,,2.369,0.0894,0.64,NOMINAL,NOMINAL,STALE,0,
1641799800.0,1786276100.2174022,1,3.2657,0.1357,,2.041,0.0636,0.581,NOMINAL,NOMINAL,STALE,0,
1641800700.0,1786276100.3413372,1,2.9566,0.1325,,1.877,0.0565,0.442,NOMINAL,NOMINAL,STALE,0,
1641801600.0,1786276100.4675164,1,3.0609,0.1475,,2.283,0.0663,0.485,NOMINAL,NOMINAL,STALE,0,
1641802500.0,1786276100.5919166,1,3.0517,0.1403,,1.996,0.0481,0.415,NOMINAL,NOMINAL,STALE,0,
1641803400.0,1786276100.7165332,1,2.7842,0.1388,,1.778,0.0567,0.486,NOMINAL,NOMINAL,STALE,0,
1641804300.0,1786276100.8419752,1,2.9839,0.1389,,1.827,0.0601,0.44,NOMINAL,NOMINAL,STALE,0,
1641805200.0,1786276100.9661198,1,2.5955,0.133,,1.909,0.0396,0.358,NOMINAL,NOMINAL,STALE,0,
1641806100.0,1786276101.0910728,1,2.6445,0.1252,,1.657,0.0627,0.428,NOMINAL,NOMINAL,STALE,0,
1641807000.0,1786276101.2158916,1,2.6334,0.1317,,1.747,0.0377,0.332,NOMINAL,NOMINAL,STALE,0,
1641807900.0,1786276101.341655,1,2.95,0.1369,,1.971,0.0553,0.441,NOMINAL,NOMINAL,STALE,0,
1641808800.0,1786276101.4668663,1,2.8606,0.1331,,1.949,0.0563,0.462,NOMINAL,NOMINAL,STALE,0,
1641809700.0,1786276101.592031,1,3.0872,0.1396,,1.98,0.0587,0.411,NOMINAL,NOMINAL,STALE,0,
1641810600.0,1786276101.7157178,1,2.5822,0.136,,1.451,0.0445,0.343,NOMINAL,NOMINAL,STALE,0,
1641811500.0,1786276101.8410237,1,2.5611,0.135,,1.658,0.0618,0.42,NOMINAL,NOMINAL,STALE,0,
1641812400.0,1786276101.9661934,1,2.5327,0.1322,,1.944,0.0475,0.383,NOMINAL,NOMINAL,STALE,0,
1641813300.0,1786276102.0887358,1,1.4604,0.093,,1.143,0.0646,0.636,NOMINAL,NOMINAL,STALE,0,
1641814200.0,1786276102.2163115,1,2.6622,0.1358,,1.899,0.0506,0.479,NOMINAL,NOMINAL,STALE,0,
1641815100.0,1786276102.341624,1,2.9765,0.1524,,1.881,0.0588,0.463,NOMINAL,NOMINAL,STALE,0,
1641816000.0,1786276102.4673917,1,3.0651,0.1451,,2.153,0.06,0.473,NOMINAL,NOMINAL,STALE,0,
1641816900.0,1786276102.5920517,1,3.1595,0.1395,,1.709,0.0653,0.58,NOMINAL,NOMINAL,STALE,0,
1641817800.0,1786276102.7159216,1,2.7242,0.1382,,1.441,0.0495,0.389,NOMINAL,NOMINAL,STALE,0,
1641818700.0,1786276102.8417945,1,2.8919,0.1389,,1.817,0.0641,0.455,NOMINAL,NOMINAL,STALE,0,
1641819600.0,1786276102.965882,1,2.4673,0.1262,,1.868,0.0417,0.351,NOMINAL,NOMINAL,STALE,0,
1641820500.0,1786276103.0881035,1,1.2906,0.0517,,0.746,0.0339,0.258,NOMINAL,NOMINAL,STALE,0,
1641821400.0,1786276103.2158203,1,2.6893,0.1325,,1.527,0.0393,0.349,NOMINAL,NOMINAL,STALE,0,
1641822300.0,1786276103.341232,1,3.0647,0.143,,1.424,0.0644,0.444,NOMINAL,NOMINAL,STALE,0,
1641823200.0,1786276103.4656475,1,2.428,0.1358,,1.727,0.0403,0.348,NOMINAL,NOMINAL,STALE,0,
1641824100.0,1786276103.5931416,1,3.3739,0.148,,2.104,0.0762,0.631,NOMINAL,NOMINAL,STALE,0,
1641825000.0,1786276103.7156882,1,2.7165,0.1331,,1.392,0.052,0.349,NOMINAL,NOMINAL,STALE,0,
1641825900.0,1786276103.8439507,1,3.3818,0.1579,,2.626,0.1091,0.723,NOMINAL,NOMINAL,STALE,0,
1641826800.0,1786276103.9739478,1,4.6731,0.1823,,4.313,0.1484,0.965,NOMINAL,NOMINAL,STALE,0,
1641827700.0,1786276104.0924954,1,3.2782,0.1091,,1.992,0.1207,0.603,NOMINAL,NOMINAL,STALE,0,
1641828600.0,1786276104.2168827,1,2.8216,0.1332,,1.927,0.0727,0.566,NOMINAL,NOMINAL,STALE,0,
1641829500.0,1786276104.3417342,1,3.1493,0.1352,,1.699,0.0713,0.519,NOMINAL,NOMINAL,STALE,0,
1641830400.0,1786276104.4674733,1,3.2553,0.1543,,1.883,0.0682,0.531,NOMINAL,NOMINAL,STALE,0,
1641831300.0,1786276104.5938988,1,3.5037,0.1527,,2.685,0.0861,0.618,NOMINAL,NOMINAL,STALE,0,
1641832200.0,1786276104.7176986,1,3.3488,0.1531,,1.998,0.0759,0.648,NOMINAL,NOMINAL,STALE,0,
1641833100.0,1786276104.8425024,1,3.0969,0.1371,,2.021,0.0808,0.54,NOMINAL,NOMINAL,STALE,0,
1641834000.0,1786276104.9727368,1,4.6837,0.2005,,3.302,0.1774,0.938,NOMINAL,NOMINAL,STALE,0,
1641834900.0,1786276105.090032,1,1.5353,0.0938,,1.598,0.1315,1.42,NOMINAL,NOMINAL,STALE,0,
1641835800.0,1786276105.2180977,1,3.3182,0.1502,,2.463,0.0827,0.585,NOMINAL,NOMINAL,STALE,0,
1641836700.0,1786276105.3410652,1,2.9897,0.1346,,1.463,0.0781,0.548,NOMINAL,NOMINAL,STALE,0,
1641837600.0,1786276105.4662619,1,2.3466,0.1269,,2.175,0.0668,0.469,NOMINAL,NOMINAL,STALE,0,
1641838500.0,1786276105.5941465,1,3.3812,0.1505,,2.825,0.105,0.979,NOMINAL,NOMINAL,STALE,0,
1641839400.0,1786276105.7161968,1,2.8133,0.1307,,1.568,0.0654,0.547,NOMINAL,NOMINAL,STALE,0,
1641840300.0,1786276105.8400314,1,2.3002,0.0877,,1.332,0.0231,0.21,NOMINAL,NOMINAL,STALE,0,
1641841200.0,1786276105.966441,1,2.5094,0.1276,,2.172,0.055,0.426,NOMINAL,NOMINAL,STALE,0,
1641842100.0,1786276106.0891314,1,1.8089,0.0808,,1.292,0.0476,0.323,NOMINAL,NOMINAL,STALE,0,
1641843000.0,1786276106.2163148,1,2.4587,0.1267,,1.702,0.0622,0.826,NOMINAL,NOMINAL,STALE,0,
1641843900.0,1786276106.3406305,1,2.6084,0.1351,,1.513,0.0588,0.455,NOMINAL,NOMINAL,STALE,0,
1641844800.0,1786276106.465294,1,2.1841,0.1197,,1.52,0.0507,0.407,NOMINAL,NOMINAL,STALE,0,
1641845700.0,1786276106.594204,1,3.4839,0.1528,,2.38,0.0934,1.12,NOMINAL,NOMINAL,STALE,0,
1641846600.0,1786276106.715703,1,2.594,0.1333,,1.536,0.0582,0.448,NOMINAL,NOMINAL,STALE,0,
1641847500.0,1786276106.8405125,1,2.4455,0.1055,,1.519,0.0431,0.402,NOMINAL,NOMINAL,STALE,0,
1641848400.0,1786276106.9667323,1,2.6352,0.1878,,2.004,0.0556,0.454,NOMINAL,NOMINAL,STALE,0,
1641849300.0,1786276107.0907211,1,2.336,0.0976,,1.749,0.0516,0.416,NOMINAL,NOMINAL,STALE,0,
1641850200.0,1786276107.216608,1,2.6281,0.1292,,2.093,0.0677,0.528,NOMINAL,NOMINAL,STALE,0,
1641851100.0,1786276107.3415587,1,2.5547,0.1234,,2.274,0.0757,0.474,NOMINAL,NOMINAL,STALE,0,
1641852000.0,1786276107.4662423,1,2.3696,0.128,,2.126,0.0667,0.448,NOMINAL,NOMINAL,STALE,0,
1641852900.0,1786276107.5892954,1,1.9795,0.0593,,0.862,0.0261,0.196,NOMINAL,NOMINAL,STALE,0,
1641853800.0,1786276107.7165213,1,2.6452,0.132,,1.98,0.0601,0.487,NOMINAL,NOMINAL,STALE,0,
1641854700.0,1786276107.841043,1,2.5791,0.1283,,1.655,0.0577,0.432,NOMINAL,NOMINAL,STALE,0,
1641855600.0,1786276107.9667263,1,2.64,0.1404,,1.809,0.0633,0.537,NOMINAL,NOMINAL,STALE,0,
1641856500.0,1786276108.0906816,1,2.4346,0.1288,,1.6,0.0552,0.412,NOMINAL,NOMINAL,STALE,0,
1641857400.0,1786276108.2172806,1,2.8042,0.1347,,2.33,0.0654,0.462,NOMINAL,NOMINAL,STALE,0,
1641858300.0,1786276108.3414032,1,2.8419,0.1381,,1.779,0.0691,0.465,NOMINAL,NOMINAL,STALE,0,
1641859200.0,1786276108.469972,1,2.3919,0.4727,1.6779,1.637,0.069,0.428,NOMINAL,NOMINAL,NORMAL,0,
1641860100.0,1786276108.5917122,1,2.7327,0.3699,,2.195,0.0702,0.45,NOMINAL,NOMINAL,NORMAL,0,
1641861000.0,1786276108.718321,1,3.6822,0.4194,,1.831,0.0837,0.504,NOMINAL,NOMINAL,NORMAL,0,
1641861900.0,1786276108.8421638,1,3.3902,0.3921,,1.474,0.0746,0.595,NOMINAL,NOMINAL,NORMAL,0,
1641862800.0,1786276108.9734614,1,4.4912,0.7569,,3.726,0.1219,0.862,NOMINAL,NOMINAL,TRIGGERED,1,omni_p6
1641863700.0,1786276109.0967026,1,3.8518,0.4087,,2.326,0.1336,3.362,NOMINAL,PRE_ALERT,TRIGGERED,2,omni_p6
1641864600.0,1786276109.2215962,1,3.3087,0.3827,,2.109,0.126,4.235,PRE_ALERT,NOMINAL,NORMAL,0,
1641865500.0,1786276109.3422434,1,3.0543,0.3631,,2.144,0.0778,0.509,NOMINAL,NOMINAL,NORMAL,0,
1641866400.0,1786276109.4663413,1,2.5694,0.3266,,1.879,0.053,0.547,NOMINAL,NOMINAL,NORMAL,0,
1641867300.0,1786276109.5910811,1,2.4958,0.3172,,1.833,0.0371,0.343,NOMINAL,NOMINAL,NORMAL,0,
1641868200.0,1786276109.719181,1,3.5717,0.4351,,2.373,0.0931,0.602,NOMINAL,NOMINAL,TRIGGERED,1,omni_p6
1641869100.0,1786276109.8454978,1,2.9105,0.3639,,2.079,0.1234,3.878,NOMINAL,PRE_ALERT,TRIGGERED,2,omni_p6
1641870000.0,1786276109.967321,1,2.023,0.2471,,1.567,0.097,2.357,PRE_ALERT,NOMINAL,NORMAL,0,
1641870900.0,1786276110.0937572,1,3.9057,0.4061,,2.108,0.1034,0.61,NOMINAL,NOMINAL,NORMAL,0,
1641871800.0,1786276110.2187822,1,3.5115,0.3768,,2.592,0.1015,0.593,NOMINAL,NOMINAL,NORMAL,0,
1641872700.0,1786276110.3420446,1,3.243,0.3818,,1.748,0.0909,0.526,NOMINAL,NOMINAL,NORMAL,0,
1641873600.0,1786276110.46586,1,2.5766,0.3342,,1.481,0.0735,0.444,NOMINAL,NOMINAL,NORMAL,0,
1641874500.0,1786276110.5909717,1,2.5113,0.3206,,1.713,0.0642,0.41,NOMINAL,NOMINAL,NORMAL,0,
1641875400.0,1786276110.7193437,1,3.6436,0.4664,,2.349,0.0982,0.655,NOMINAL,NOMINAL,TRIGGERED,1,omni_p6
1641876300.0,1786276110.8426971,1,3.2028,0.3744,,2.346,0.0732,0.501,NOMINAL,NOMINAL,NORMAL,0,
1641877200.0,1786276110.967374,1,3.2019,0.3754,,1.759,0.0788,0.492,NOMINAL,NOMINAL,NORMAL,0,
1641878100.0,1786276111.0907476,1,2.7363,0.3493,,1.279,0.0643,0.416,NOMINAL,NOMINAL,NORMAL,0,
1641879000.0,1786276111.2178147,1,2.951,0.381,,2.316,0.072,0.751,NOMINAL,NOMINAL,NORMAL,0,
1641879900.0,1786276111.34293,1,3.4442,0.4625,,2.01,0.0679,0.458,NOMINAL,NOMINAL,NORMAL,0,
1641880800.0,1786276111.4659975,1,2.69,0.3439,,1.657,0.0472,0.37,NOMINAL,NOMINAL,NORMAL,0,
1641881700.0,1786276111.5908728,1,2.6486,0.3262,,1.55,0.05,0.47,NOMINAL,NOMINAL,NORMAL,0,
1641882600.0,1786276111.7191322,1,3.653,0.458,,2.27,0.0903,0.62,NOMINAL,NOMINAL,NORMAL,0,
1641883500.0,1786276111.8419235,1,3.1202,0.3667,,1.949,0.0513,0.393,NOMINAL,NOMINAL,NORMAL,0,
1641884400.0,1786276111.9667816,1,2.9599,0.3693,,1.62,0.0626,0.438,NOMINAL,NOMINAL,NORMAL,0,
1641885300.0,1786276112.093349,1,3.7113,0.3873,,2.084,0.0693,0.487,NOMINAL,NOMINAL,NORMAL,0,
1641886200.0,1786276112.218328,1,3.4131,0.3972,,2.464,0.0704,0.501,NOMINAL,NOMINAL,NORMAL,0,
1641887100.0,1786276112.3423553,1,3.2357,0.3773,,2.045,0.0629,0.452,NOMINAL,NOMINAL,NORMAL,0,
1641888000.0,1786276112.4658606,1,2.5733,0.3245,,1.663,0.0435,0.367,NOMINAL,NOMINAL,TRIGGERED,1,omni_p6
1641888900.0,1786276112.5906525,1,2.5055,0.3157,,1.537,0.0492,0.363,NOMINAL,NOMINAL,NORMAL,0,
1641889800.0,1786276112.718669,1,3.4651,0.3852,,2.289,0.0855,0.594,NOMINAL,NOMINAL,NORMAL,0,
1641890700.0,1786276112.8413987,1,3.0329,0.3692,,1.502,0.0506,0.404,NOMINAL,NOMINAL,TRIGGERED,1,omni_p6
1641891600.0,1786276112.970522,1,3.2096,0.3774,,1.971,0.1398,3.214,NOMINAL,PRE_ALERT,TRIGGERED,2,omni_p6
1641892500.0,1786276113.0931413,1,2.908,0.3613,,1.432,0.1009,2.388,PRE_ALERT,NOMINAL,NORMAL,0,
1641893400.0,1786276113.216963,1,2.9384,0.3581,,1.915,0.0703,0.494,NOMINAL,NOMINAL,NORMAL,0,
1641894300.0,1786276113.3415365,1,2.9974,0.3403,,1.602,0.0724,0.46,NOMINAL,NOMINAL,NORMAL,0,
1641895200.0,1786276113.464877,1,2.3112,0.3157,,1.198,0.0417,0.322,NOMINAL,NOMINAL,NORMAL,0,
1641896100.0,1786276113.5902133,1,2.3272,0.3304,,1.182,0.0432,0.357,NOMINAL,NOMINAL,NORMAL,0,
1641897000.0,1786276113.7185123,1,3.4306,0.4053,,2.486,0.0875,0.638,NOMINAL,NOMINAL,TRIGGERED,1,omni_p6
1641897900.0,1786276113.8418293,1,3.1921,0.357,,1.633,0.0681,0.51,NOMINAL,NOMINAL,NORMAL,0,
1641898800.0,1786276113.9731946,1,4.8475,0.5085,,3.107,0.1491,0.845,NOMINAL,NOMINAL,NORMAL,0,
1641899700.0,1786276114.0940993,1,4.0272,0.4418,,2.136,0.0994,0.614,NOMINAL,NOMINAL,NORMAL,0,
1641900600.0,1786276114.2183104,1,3.4847,0.4075,,2.145,0.0822,0.575,NOMINAL,NOMINAL,NORMAL,0,
1641901500.0,1786276114.341836,1,3.1744,0.387,,1.547,0.0765,0.537,NOMINAL,NOMINAL,NORMAL,0,
1641902400.0,1786276114.4661434,1,2.599,0.3596,,1.527,0.0589,0.447,NOMINAL,NOMINAL,TRIGGERED,1,omni_p6
1641903300.0,1786276114.5933504,1,2.5413,0.3445,,1.379,0.1204,3.031,NOMINAL,PRE_ALERT,TRIGGERED,2,omni_p6
1641904200.0,1786276114.7202525,1,3.2832,0.3988,,1.889,0.135,2.953,PRE_ALERT,NOMINAL,NORMAL,0,
1641905100.0,1786276114.8442442,1,3.3889,0.4125,,2.72,0.086,0.876,NOMINAL,NOMINAL,NORMAL,0,
1641906000.0,1786276114.966402,1,2.1723,0.255,,1.559,0.056,0.394,NOMINAL,NOMINAL,NORMAL,0,
1641906900.0,1786276115.0935807,1,3.7491,0.3978,,2.208,0.0961,0.611,NOMINAL,NOMINAL,NORMAL,0,
1641907800.0,1786276115.2183037,1,3.505,0.392,,2.233,0.0905,0.574,NOMINAL,NOMINAL,NORMAL,0,
1641908700.0,1786276115.3416696,1,3.0581,0.3681,,1.711,0.0702,0.518,NOMINAL,NOMINAL,TRIGGERED,1,omni_p6
1641909600.0,1786276115.4686456,1,2.5374,0.3313,,1.614,0.1263,3.061,NOMINAL,PRE_ALERT,TRIGGERED,2,omni_p6
1641910500.0,1786276115.5930066,1,2.4884,0.3257,,1.554,0.1045,2.409,PRE_ALERT,NOMINAL,NORMAL,0,
1641911400.0,1786276115.7137847,1,1.5286,0.2692,,1.264,0.0403,0.317,NOMINAL,NOMINAL,NORMAL,0,
1641912300.0,1786276115.8436844,1,3.2255,0.4368,,2.557,0.0912,0.743,NOMINAL,NOMINAL,NORMAL,0,
1641913200.0,1786276115.9680157,1,3.2659,0.3758,,2.095,0.0882,0.589,NOMINAL,NOMINAL,NORMAL,0,
1641914100.0,1786276116.0913222,1,2.6916,0.3412,,1.651,0.0673,0.445,NOMINAL,NOMINAL,NORMAL,0,
1641915000.0,1786276116.2173247,1,2.9164,0.3607,,2.018,0.0734,0.527,NOMINAL,NOMINAL,TRIGGERED,1,omni_p6
1641915900.0,1786276116.3417091,1,2.9335,0.3718,,1.699,0.076,0.489,NOMINAL,NOMINAL,NORMAL,0,
1641916800.0,1786276116.4661624,1,2.4086,0.3316,,1.642,0.059,0.461,NOMINAL,NOMINAL,NORMAL,0,
1641917700.0,1786276116.5910432,1,2.5568,0.3399,,1.519,0.0604,0.465,NOMINAL,NOMINAL,NORMAL,0,
1641918600.0,1786276116.7151062,1,1.871,0.2345,,1.749,0.0539,0.438,NOMINAL,NOMINAL,NORMAL,0,
1641919500.0,1786276116.8436856,1,3.5363,0.4014,,2.122,0.0765,0.541,NOMINAL,NOMINAL,NORMAL,0,
1641920400.0,1786276116.96472,1,1.8758,0.1397,,1.406,0.0407,0.302,NOMINAL,NOMINAL,NORMAL,0,
1641921300.0,1786276117.092651,1,2.7418,0.3534,,2.741,0.078,0.502,NOMINAL,NOMINAL,NORMAL,0,
1641922200.0,1786276117.2181308,1,3.1538,0.3801,,2.472,0.0859,0.548,NOMINAL,NOMINAL,NORMAL,0,
1641923100.0,1786276117.3416014,1,2.9594,0.3611,,1.851,0.0764,0.498,NOMINAL,NOMINAL,NORMAL,0,
1641924000.0,1786276117.4667852,1,2.5653,0.4066,,1.992,0.0657,0.459,NOMINAL,NOMINAL,NORMAL,0,
1641924900.0,1786276117.5923975,1,2.7539,0.3607,,2.379,0.0766,0.544,NOMINAL,NOMINAL,NORMAL,0,
1641925800.0,1786276117.7171462,1,2.7304,0.3427,,1.814,0.0525,0.46,NOMINAL,NOMINAL,NORMAL,0,
1641926700.0,1786276117.8439944,1,3.525,0.3948,,2.38,0.0867,0.594,NOMINAL,NOMINAL,NORMAL,0,
1641927600.0,1786276117.9671807,1,2.9332,0.3018,,1.912,0.0616,0.498,NOMINAL,NOMINAL,NORMAL,0,
1641928500.0,1786276118.0923412,1,2.7615,0.3415,,2.441,0.0742,0.566,NOMINAL,NOMINAL,NORMAL,0,
1641929400.0,1786276118.217702,1,2.9174,0.3649,,2.515,0.0739,0.515,NOMINAL,NOMINAL,NORMAL,0,
1641930300.0,1786276118.3417878,1,2.8716,0.358,,2.054,0.0717,0.486,NOMINAL,NOMINAL,NORMAL,0,
1641931200.0,1786276118.4677465,1,3.1162,0.3803,,1.982,0.0815,0.57,NOMINAL,NOMINAL,NORMAL,0,
1641932100.0,1786276118.5915234,1,2.605,0.3432,,1.956,0.0608,0.425,NOMINAL,NOMINAL,NORMAL,0,
1641933000.0,1786276118.7163916,1,2.3791,0.3412,,2.085,0.0628,0.554,NOMINAL,NOMINAL,NORMAL,0,
1641933900.0,1786276118.8453925,1,3.8905,0.3979,,3.014,0.1123,0.775,NOMINAL,NOMINAL,NORMAL,0,
1641934800.0,1786276118.971839,1,4.8083,0.4623,,3.806,0.1318,0.894,NOMINAL,NOMINAL,NORMAL,0,
1641935700.0,1786276119.0951393,1,3.8524,0.4338,,3.209,0.1114,0.805,NOMINAL,NOMINAL,TRIGGERED,1,omni_p6
1641936600.0,1786276119.2133536,1,1.5476,0.2275,,0.968,0.0416,0.295,NOMINAL,NOMINAL,NORMAL,0,
1641937500.0,1786276119.3421338,1,3.0119,0.3569,,2.185,0.0842,0.567,NOMINAL,NOMINAL,NORMAL,0,
1641938400.0,1786276119.4672582,1,2.666,0.3492,,2.117,0.0698,0.473,NOMINAL,NOMINAL,NORMAL,0,
1641939300.0,1786276119.5916622,1,2.4308,0.3162,,2.074,0.0655,0.457,NOMINAL,NOMINAL,NORMAL,0,
1641940200.0,1786276119.7165651,1,2.3828,0.312,,2.073,0.0624,0.468,NOMINAL,NOMINAL,NORMAL,0,
1641941100.0,1786276119.8434954,1,3.5234,0.39,,2.168,0.0941,0.578,NOMINAL,NOMINAL,NORMAL,0,
1641942000.0,1786276119.9676712,1,2.3732,0.3115,,1.598,0.0628,0.437,NOMINAL,NOMINAL,TRIGGERED,1,omni_p6
1641942900.0,1786276120.0945714,1,3.9042,0.4351,,2.804,0.1231,0.754,NOMINAL,NOMINAL,NORMAL,0,
1641943800.0,1786276120.2168787,1,2.7796,0.2853,,2.262,0.0896,0.553,NOMINAL,NOMINAL,NORMAL,0,
1641944700.0,1786276120.3422806,1,3.1415,0.3867,,2.095,0.0951,0.604,NOMINAL,NOMINAL,NORMAL,0,
1641945600.0,1786276120.4679022,1,2.4149,0.2847,1.7458,1.911,0.0855,0.512,NOMINAL,NOMINAL,NORMAL,0,
1641946500.0,1786276120.5918589,1,2.4328,0.3271,,2.76,0.0869,0.519,NOMINAL,NOMINAL,NORMAL,0,
1641947400.0,1786276120.7163565,1,2.6774,0.3265,,1.935,0.0762,0.542,NOMINAL,NOMINAL,TRIGGERED,1,omni_p6
1641948300.0,1786276120.8459818,1,3.5316,0.4029,,2.107,0.1744,3.241,NOMINAL,PRE_ALERT,TRIGGERED,2,omni_p6
1641949200.0,1786276120.9718573,1,3.8057,0.408,,2.902,0.1751,3.015,PRE_ALERT,NOMINAL,NORMAL,0,
1641950100.0,1786276121.093229,1,3.3709,0.3929,,2.619,0.0962,0.576,NOMINAL,NOMINAL,NORMAL,0,
1641951000.0,1786276121.218073,1,3.0129,0.3559,,2.146,0.0818,1.533,NOMINAL,NOMINAL,NORMAL,0,
1641951900.0,1786276121.3414695,1,2.8399,0.3452,,1.748,0.0875,0.595,NOMINAL,NOMINAL,NORMAL,0,
1641952800.0,1786276121.4660852,1,2.3433,0.3211,,1.803,0.0716,0.505,NOMINAL,NOMINAL,NORMAL,0,
1641953700.0,1786276121.5915697,1,2.2264,0.3231,,2.537,0.0661,0.486,NOMINAL,NOMINAL,TRIGGERED,1,omni_p6
1641954600.0,1786276121.7195506,1,2.4336,0.3118,,2.106,0.1298,3.734,NOMINAL,PRE_ALERT,TRIGGERED,2,omni_p6
1641955500.0,1786276121.8458538,1,3.1843,0.4466,,2.558,0.157,2.963,PRE_ALERT,NOMINAL,NORMAL,0,
1641956400.0,1786276121.9685779,1,3.2723,0.3751,,2.417,0.1545,0.733,NOMINAL,NOMINAL,NORMAL,0,
1641957300.0,1786276122.091404,1,2.8327,0.3525,,1.69,0.0705,0.496,NOMINAL,NOMINAL,NORMAL,0,
1641958200.0,1786276122.2156913,1,2.6291,0.3372,,1.482,0.0508,0.387,NOMINAL,NOMINAL,NORMAL,0,
1641959100.0,1786276122.3418877,1,2.9325,0.3512,,2.039,0.0694,0.479,NOMINAL,NOMINAL,NORMAL,0,
1641960000.0,1786276122.4654691,1,2.506,0.327,,1.357,0.0528,0.37,NOMINAL,NOMINAL,TRIGGERED,1,omni_p6
1641960900.0,1786276122.5906994,1,2.5786,0.3371,,1.544,0.0452,0.33,NOMINAL,NOMINAL,NORMAL,0,
1641961800.0,1786276122.7149265,1,2.3932,0.3109,,1.161,0.0401,0.344,NOMINAL,NOMINAL,NORMAL,0,
1641962700.0,1786276122.8435152,1,3.4315,0.3925,,2.264,0.0768,0.529,NOMINAL,NOMINAL,NORMAL,0,
1641963600.0,1786276122.9691234,1,3.2624,0.3784,,3.096,0.0777,0.627,NOMINAL,NOMINAL,NORMAL,0,
1641964500.0,1786276123.0922706,1,2.9638,0.3888,,2.136,0.0683,0.517,NOMINAL,NOMINAL,NORMAL,0,
1641965400.0,1786276123.2168405,1,2.7845,0.3645,,2.321,0.0506,0.406,NOMINAL,NOMINAL,NORMAL,0,
1641966300.0,1786276123.3422294,1,3.6924,0.4335,,1.451,0.0698,0.505,NOMINAL,NOMINAL,NORMAL,0,
1641967200.0,1786276123.4657257,1,2.6723,0.3529,,1.348,0.0478,0.389,NOMINAL,NOMINAL,NORMAL,0,
1641968100.0,1786276123.5904107,1,2.6398,0.3379,,1.216,0.0378,0.324,NOMINAL,NOMINAL,NORMAL,0,
1641969000.0,1786276123.7166154,1,2.8055,0.3413,,1.846,0.0515,0.424,NOMINAL,NOMINAL,NORMAL,0,
1641969900.0,1786276123.8436995,1,3.5269,0.3717,,2.441,0.0843,0.572,NOMINAL,NOMINAL,NORMAL,0,
1641970800.0,1786276123.9736054,1,4.5739,0.4788,,3.791,0.124,0.88,NOMINAL,NOMINAL,NORMAL,0,
1641971700.0,1786276124.0950346,1,4.2421,0.4309,,2.606,0.0789,0.592,NOMINAL,NOMINAL,NORMAL,0,
1641972600.0,1786276124.2177365,1,3.346,0.3903,,2.147,0.0656,0.462,NOMINAL,NOMINAL,NORMAL,0,
1641973500.0,1786276124.3429523,1,3.2681,0.4448,,2.044,0.0967,0.568,NOMINAL,NOMINAL,NORMAL,0,
1641974400.0,1786276124.4668496,1,2.8371,0.3617,,1.575,0.0657,0.422,NOMINAL,NOMINAL,NORMAL,0,
1641975300.0,1786276124.5911114,1,2.6254,0.3333,,1.342,0.0471,0.352,NOMINAL,NOMINAL,NORMAL,0,
1641976200.0,1786276124.7157319,1,2.3581,0.3139,,1.309,0.0463,0.368,NOMINAL,NOMINAL,TRIGGERED,1,omni_p6
1641977100.0,1786276124.8428464,1,3.1588,0.4384,,1.889,0.0842,0.522,NOMINAL,NOMINAL,NORMAL,0,
1641978000.0,1786276124.9651754,1,2.2304,0.2945,,1.22,0.0481,0.348,NOMINAL,NOMINAL,NORMAL,0,
1641978900.0,1786276125.0956974,1,4.2113,0.4549,,2.985,0.105,0.704,NOMINAL,NOMINAL,NORMAL,0,
1641979800.0,1786276125.2168956,1,3.2324,0.382,,1.559,0.0626,0.446,NOMINAL,NOMINAL,NORMAL,0,
1641980700.0,1786276125.3428693,1,3.3102,0.4326,,2.05,0.0844,0.57,NOMINAL,NOMINAL,NORMAL,0,
1641981600.0,1786276125.4663546,1,2.6945,0.3521,,1.93,0.0518,0.399,NOMINAL,NOMINAL,TRIGGERED,1,omni_p6
1641982500.0,1786276125.594657,1,2.6563,0.3285,,1.623,0.1153,3.903,NOMINAL,PRE_ALERT,TRIGGERED,2,omni_p6
1641983400.0,1786276125.718745,1,2.6333,0.3371,,1.771,0.1131,2.453,PRE_ALERT,NOMINAL,NORMAL,0,
1641984300.0,1786276125.8437502,1,3.2891,0.4252,,2.571,0.0993,0.636,NOMINAL,NOMINAL,NORMAL,0,
1641985200.0,1786276125.967469,1,2.9248,0.3489,,2.141,0.0948,0.584,NOMINAL,NOMINAL,NORMAL,0,
1641986100.0,1786276126.0942597,1,3.5501,0.381,,2.934,0.1101,0.691,NOMINAL,NOMINAL,NORMAL,0,
1641987000.0,1786276126.217434,1,3.0535,0.3582,,2.144,0.0909,0.649,NOMINAL,NOMINAL,NORMAL,0,
1641987900.0,1786276126.3443637,1,4.0411,0.4347,,2.088,0.1088,0.777,NOMINAL,NOMINAL,TRIGGERED,1,omni_p6
1641988800.0,1786276126.4694796,1,3.0385,0.3561,,1.678,0.1615,3.126,NOMINAL,PRE_ALERT,TRIGGERED,2,omni_p6
1641989700.0,1786276126.593513,1,2.9902,0.3438,,1.538,0.1373,2.641,PRE_ALERT,NOMINAL,NORMAL,0,
1641990600.0,1786276126.7165525,1,2.8288,0.3308,,1.614,0.0805,0.543,NOMINAL,NOMINAL,NORMAL,0,
1641991500.0,1786276126.8427062,1,3.1394,0.3493,,2.035,0.0885,0.567,NOMINAL,NOMINAL,NORMAL,0,
1641992400.0,1786276126.9671347,1,2.9807,0.3493,,1.839,0.0803,0.541,NOMINAL,NOMINAL,NORMAL,0,
1641993300.0,1786276127.0934803,1,3.3352,0.3669,,2.669,0.102,0.613,NOMINAL,NOMINAL,NORMAL,0,
1641994200.0,1786276127.2175303,1,3.071,0.3524,,2.388,0.0781,0.523,NOMINAL,NOMINAL,TRIGGERED,1,omni_p6
1641995100.0,1786276127.3454497,1,3.3518,0.4368,,1.92,0.16,3.139,NOMINAL,PRE_ALERT,TRIGGERED,2,omni_p6
1641996000.0,1786276127.47014,1,3.1997,0.3853,,2.274,0.1428,2.827,PRE_ALERT,NOMINAL,NORMAL,0,
1641996900.0,1786276127.5919633,1,2.9019,0.3401,,2.166,0.0841,0.482,NOMINAL,NOMINAL,NORMAL,0,
1641997800.0,1786276127.7163033,1,2.6061,0.3086,,1.896,0.0758,0.519,NOMINAL,NOMINAL,NORMAL,0,
1641998700.0,1786276127.8441982,1,3.3786,0.3788,,2.711,0.1028,0.711,NOMINAL,NOMINAL,NORMAL,0,
1641999600.0,1786276127.9668176,1,3.0244,0.3563,,1.71,0.0872,0.53,NOMINAL,NOMINAL,NORMAL,0,
1642000500.0,1786276128.0888007,1,1.0577,0.2271,,0.998,0.0411,0.3,NOMINAL,NOMINAL,TRIGGERED,1,omni_p6
1642001400.0,1786276128.2171333,1,3.2185,0.354,,1.776,0.0844,0.559,NOMINAL,NOMINAL,NORMAL,0,
1642002300.0,1786276128.3428314,1,3.4069,0.4126,,1.874,0.1038,0.598,NOMINAL,NOMINAL,NORMAL,0,
1642003200.0,1786276128.4676175,1,3.0142,0.3384,,2.047,0.0819,0.53,NOMINAL,NOMINAL,NORMAL,0,
1642004100.0,1786276128.5918677,1,2.7816,0.3278,,1.839,0.0768,0.487,NOMINAL,NOMINAL,NORMAL,0,
1642005000.0,1786276128.7163403,1,2.5196,0.3231,,1.798,0.0739,0.503,NOMINAL,NOMINAL,NORMAL,0,
1642005900.0,1786276128.8443441,1,3.192,0.3791,,3.088,0.104,0.736,NOMINAL,NOMINAL,NORMAL,0,
1642006800.0,1786276128.9736228,1,4.6285,0.5146,,3.824,0.1365,0.872,NOMINAL,NOMINAL,NORMAL,0,
1642007700.0,1786276129.09418,1,3.6322,0.3584,,2.426,0.0943,0.649,NOMINAL,NOMINAL,NORMAL,0,
1642008600.0,1786276129.2187307,1,3.6258,0.3897,,2.562,0.0931,0.644,NOMINAL,NOMINAL,NORMAL,0,
1642009500.0,1786276129.343221,1,3.6785,0.4026,,1.808,0.0952,0.631,NOMINAL,NOMINAL,NORMAL,0,
1642010400.0,1786276129.4670074,1,3.2228,0.3543,,1.532,0.08,0.55,NOMINAL,NOMINAL,NORMAL,0,
1642011300.0,1786276129.5918696,1,2.9817,0.3528,,1.857,0.0816,0.526,NOMINAL,NOMINAL,NORMAL,0,
1642012200.0,1786276129.7162764,1,2.7754,0.3242,,1.429,0.0785,0.525,NOMINAL,NOMINAL,NORMAL,0,
1642013100.0,1786276129.841371,1,2.5955,0.2565,,1.812,0.0754,0.508,NOMINAL,NOMINAL,NORMAL,0,
1642014000.0,1786276129.9671214,1,2.2369,0.2891,,2.488,0.1214,0.853,NOMINAL,NOMINAL,NORMAL,0,
1642014900.0,1786276130.095146,1,4.0756,0.4209,,2.486,0.1189,0.745,NOMINAL,NOMINAL,NORMAL,0,
1642015800.0,1786276130.219588,1,3.982,0.4353,,2.653,0.1084,0.701,NOMINAL,NOMINAL,NORMAL,0,
1642016700.0,1786276130.343255,1,3.6918,0.4007,,1.886,0.1043,0.66,NOMINAL,NOMINAL,NORMAL,0,
1642017600.0,1786276130.4676375,1,3.2472,0.3615,,2.084,0.0866,0.561,NOMINAL,NOMINAL,NORMAL,0,
1642018500.0,1786276130.5919755,1,2.9301,0.3365,,1.95,0.0853,0.479,NOMINAL,NOMINAL,NORMAL,0,
1642019400.0,1786276130.7158747,1,2.7214,0.3205,,1.411,0.0744,0.461,NOMINAL,NOMINAL,NORMAL,0,
1642020300.0,1786276130.8394494,1,1.5727,0.2299,,1.71,0.0844,0.549,NOMINAL,NOMINAL,NORMAL,0,
1642021200.0,1786276130.9676359,1,3.1977,0.3628,,2.007,0.0789,0.558,NOMINAL,NOMINAL,TRIGGERED,1,omni_p6
1642022100.0,1786276131.0918925,1,2.8992,0.3302,,2.095,0.0786,0.519,NOMINAL,NOMINAL,NORMAL,0,
1642023000.0,1786276131.2190735,1,3.5256,0.373,,2.841,0.0935,0.63,NOMINAL,NOMINAL,NORMAL,0,
1642023900.0,1786276131.3390982,1,1.6928,0.1353,,0.818,0.0414,0.292,NOMINAL,NOMINAL,NORMAL,0,
1642024800.0,1786276131.4679248,1,3.1681,0.347,,2.29,0.0827,0.563,NOMINAL,NOMINAL,NORMAL,0,
1642025700.0,1786276131.5919373,1,2.8792,0.3337,,1.544,0.0695,0.504,NOMINAL,NOMINAL,NORMAL,0,
1642026600.0,1786276131.7163367,1,2.7578,0.3274,,1.675,0.064,0.547,NOMINAL,NOMINAL,TRIGGERED,1,omni_p6
1642027500.0,1786276131.840029,1,2.2462,0.2439,,0.608,0.04,1.075,NOMINAL,PRE_ALERT,TRIGGERED,2,omni_p6
1642028400.0,1786276131.9706547,1,3.2771,0.3626,,2.458,0.149,2.967,PRE_ALERT,NOMINAL,NORMAL,0,
1642029300.0,1786276132.0920668,1,2.9406,0.3372,,2.075,0.0697,0.493,NOMINAL,NOMINAL,NORMAL,0,
1642030200.0,1786276132.2188995,1,3.3808,0.3712,,2.836,0.0901,0.614,NOMINAL,NOMINAL,NORMAL,0,
1642031100.0,1786276132.3414009,1,3.0703,0.2868,,1.414,0.0732,0.486,NOMINAL,NOMINAL,NORMAL,0,
1642032000.0,1786276132.4690177,1,3.1003,0.3249,1.67,1.928,0.0813,0.543,NOMINAL,NOMINAL,NORMAL,0,
1642032900.0,1786276132.5926359,1,3.2868,0.3457,,2.101,0.0786,0.614,NOMINAL,NOMINAL,TRIGGERED,1,omni_p6
1642033800.0,1786276132.7190633,1,2.9144,0.3352,,1.721,0.1494,3.074,NOMINAL,PRE_ALERT,TRIGGERED,2,omni_p6
1642034700.0,1786276132.8424332,1,2.6411,0.2367,,1.556,0.1168,1.965,PRE_ALERT,NOMINAL,NORMAL,0,
1642035600.0,1786276132.968447,1,3.3733,0.372,,2.55,0.0827,0.636,NOMINAL,NOMINAL,NORMAL,0,
1642036500.0,1786276133.0922093,1,3.0924,0.3427,,2.057,0.0763,0.562,NOMINAL,NOMINAL,NORMAL,0,
1642037400.0,1786276133.2185457,1,3.474,0.3794,,2.502,0.0895,0.597,NOMINAL,NOMINAL,NORMAL,0,
1642038300.0,1786276133.3426137,1,3.3346,0.34,,2.207,0.0828,0.552,NOMINAL,NOMINAL,NORMAL,0,
1642039200.0,1786276133.4678547,1,2.9383,0.3465,,2.63,0.0688,0.592,NOMINAL,NOMINAL,TRIGGERED,1,omni_p6
1642040100.0,1786276133.591431,1,2.8539,0.3291,,1.767,0.0756,0.475,NOMINAL,NOMINAL,NORMAL,0,
1642041000.0,1786276133.7166183,1,2.6942,0.307,,2.288,0.068,0.448,NOMINAL,NOMINAL,NORMAL,0,
1642041900.0,1786276133.8428073,1,3.1571,0.3449,,2.302,0.1291,0.718,NOMINAL,NOMINAL,NORMAL,0,
1642042800.0,1786276133.9733481,1,4.6336,0.4842,,3.709,0.1321,0.863,NOMINAL,NOMINAL,NORMAL,0,
1642043700.0,1786276134.094528,1,3.954,0.4278,,2.516,0.1121,0.725,NOMINAL,NOMINAL,NORMAL,0,
1642044600.0,1786276134.2194118,1,4.0364,0.467,,2.396,0.1166,0.712,NOMINAL,NOMINAL,NORMAL,0,
1642045500.0,1786276134.3434067,1,3.6126,0.4618,,2.307,0.0925,0.634,NOMINAL,NOMINAL,TRIGGERED,1,omni_p6
1642046400.0,1786276134.4683263,1,3.1343,0.371,,2.554,0.1011,0.675,NOMINAL,NOMINAL,NORMAL,0,
1642047300.0,1786276134.5935073,1,3.4068,0.3916,,2.566,0.0899,0.586,NOMINAL,NOMINAL,NORMAL,0,
1642048200.0,1786276134.7162483,1,2.7218,0.3243,,1.627,0.0773,0.519,NOMINAL,NOMINAL,NORMAL,0,
1642049100.0,1786276134.8413937,1,2.668,0.3322,,1.976,0.0774,0.481,NOMINAL,NOMINAL,NORMAL,0,
1642050000.0,1786276134.9667292,1,1.9257,0.2312,,2.634,0.1243,0.8,NOMINAL,NOMINAL,NORMAL,0,
1642050900.0,1786276135.0943725,1,3.9655,0.4224,,2.388,0.0982,0.696,NOMINAL,NOMINAL,NORMAL,0,
1642051800.0,1786276135.218261,1,3.5569,0.3806,,2.087,0.0864,0.636,NOMINAL,NOMINAL,NORMAL,0,
1642052700.0,1786276135.3426375,1,3.5358,0.4313,,1.672,0.0877,0.603,NOMINAL,NOMINAL,NORMAL,0,
1642053600.0,1786276135.4677079,1,3.2813,0.3665,,1.59,0.084,0.583,NOMINAL,NOMINAL,NORMAL,0,
1642054500.0,1786276135.592018,1,2.9672,0.3586,,1.487,0.0782,0.513,NOMINAL,NOMINAL,NORMAL,0,
1642055400.0,1786276135.716439,1,2.7003,0.3178,,1.36,0.1179,0.548,NOMINAL,NOMINAL,NORMAL,0,
1642056300.0,1786276135.8411243,1,2.6965,0.3301,,1.651,0.0663,0.475,NOMINAL,NOMINAL,NORMAL,0,
1642057200.0,1786276135.968356,1,3.2496,0.3602,,2.222,0.0875,0.646,NOMINAL,NOMINAL,NORMAL,0,
1642058100.0,1786276136.0915518,1,2.9256,0.3293,,1.63,0.0813,0.518,NOMINAL,NOMINAL,NORMAL,0,
1642059000.0,1786276136.216528,1,2.8629,0.3239,,1.641,0.0813,0.566,NOMINAL,NOMINAL,NORMAL,0,
1642059900.0,1786276136.3421803,1,3.2018,0.3556,,1.711,0.084,0.554,NOMINAL,NOMINAL,NORMAL,0,
1642060800.0,1786276136.467898,1,3.3672,0.3798,,1.851,0.0884,0.564,NOMINAL,NOMINAL,NORMAL,0,
1642061700.0,1786276136.5915542,1,2.8591,0.3261,,1.608,0.0725,0.509,NOMINAL,NOMINAL,TRIGGERED,1,omni_p6
1642062600.0,1786276136.715554,1,2.5733,0.315,,1.402,0.0643,0.451,NOMINAL,NOMINAL,NORMAL,0,
1642063500.0,1786276136.8414183,1,2.6385,0.3049,,1.905,0.0648,0.466,NOMINAL,NOMINAL,NORMAL,0,
1642064400.0,1786276136.967559,1,2.9273,0.3434,,2.296,0.0833,0.537,NOMINAL,NOMINAL,NORMAL,0,
1642065300.0,1786276137.09092,1,2.6359,0.3039,,1.504,0.0677,0.452,NOMINAL,NOMINAL,NORMAL,0,
1642066200.0,1786276137.2224193,1,4.191,0.4504,,3.559,0.1219,0.846,NOMINAL,NOMINAL,NORMAL,0,
1642067100.0,1786276137.3379362,1,1.3212,0.172,,0.834,0.0349,0.245,NOMINAL,NOMINAL,TRIGGERED,1,omni_p6
1642068000.0,1786276137.4733856,1,4.1453,0.4465,,2.97,0.1943,3.488,NOMINAL,PRE_ALERT,TRIGGERED,2,omni_p6
1642068900.0,1786276137.5967104,1,3.9064,0.4192,,2.609,0.1629,2.948,PRE_ALERT,NOMINAL,NORMAL,0,
1642069800.0,1786276137.7178388,1,3.3211,0.3615,,2.333,0.0938,0.566,NOMINAL,NOMINAL,NORMAL,0,
1642070700.0,1786276137.8424315,1,3.0374,0.3526,,2.332,0.0814,0.527,NOMINAL,NOMINAL,NORMAL,0,
1642071600.0,1786276137.9687288,1,3.5766,0.383,,2.321,0.0958,0.685,NOMINAL,NOMINAL,NORMAL,0,
1642072500.0,1786276138.0922117,1,3.0081,0.3455,,2.323,0.0804,0.551,NOMINAL,NOMINAL,NORMAL,0,
1642073400.0,1786276138.2187884,1,3.5715,0.3981,,2.416,0.084,0.625,NOMINAL,NOMINAL,TRIGGERED,1,omni_p6
1642074300.0,1786276138.343059,1,3.6149,0.5112,,1.796,0.0934,0.615,NOMINAL,NOMINAL,NORMAL,0,
1642075200.0,1786276138.4680681,1,3.4423,0.3739,,2.216,0.0914,0.576,NOMINAL,NOMINAL,NORMAL,0,
1642076100.0,1786276138.592651,1,3.2806,0.3469,,2.188,0.0882,0.615,NOMINAL,NOMINAL,NORMAL,0,
1642077000.0,1786276138.7167053,1,2.8674,0.3377,,2.009,0.0745,0.469,NOMINAL,NOMINAL,NORMAL,0,
1642077900.0,1786276138.8424938,1,2.9915,0.321,,2.585,0.0874,0.583,NOMINAL,NOMINAL,NORMAL,0,
1642078800.0,1786276138.9698012,1,3.7068,0.4873,,3.798,0.1321,0.889,NOMINAL,NOMINAL,TRIGGERED,1,omni_p6
1642079700.0,1786276139.0980468,1,4.2412,0.4503,,2.987,0.1874,3.317,NOMINAL,PRE_ALERT,TRIGGERED,2,omni_p6
1642080600.0,1786276139.215375,1,1.091,0.2288,,0.927,0.0621,1.788,PRE_ALERT,NOMINAL,NORMAL,0,
1642081500.0,1786276139.3431609,1,3.689,0.4046,,1.822,0.0968,0.608,NOMINAL,NOMINAL,NORMAL,0,
1642082400.0,1786276139.4682198,1,3.5217,0.3828,,2.216,0.0856,0.622,NOMINAL,NOMINAL,NORMAL,0,
1642083300.0,1786276139.592503,1,3.2192,0.3581,,2.16,0.1301,0.592,NOMINAL,NOMINAL,NORMAL,0,
1642084200.0,1786276139.7163613,1,2.7702,0.3387,,1.837,0.072,0.515,NOMINAL,NOMINAL,NORMAL,0,
1642085100.0,1786276139.8417253,1,2.8058,0.3451,,1.987,0.0696,0.488,NOMINAL,NOMINAL,TRIGGERED,1,omni_p6
1642086000.0,1786276139.9665513,1,1.696,0.1537,,1.511,0.0791,2.243,NOMINAL,PRE_ALERT,TRIGGERED,2,omni_p6
1642086900.0,1786276140.0987065,1,4.3482,0.5176,,2.967,0.2014,3.323,PRE_ALERT,NOMINAL,NORMAL,0,
1642087800.0,1786276140.21875,1,3.4701,0.3348,,2.151,0.0881,0.585,NOMINAL,NOMINAL,NORMAL,0,
1642088700.0,1786276140.3430014,1,3.5095,0.4615,,2.052,0.1001,0.625,NOMINAL,NOMINAL,NORMAL,0,
1642089600.0,1786276140.469313,1,3.7417,0.4248,,2.594,0.1036,0.664,NOMINAL,NOMINAL,NORMAL,0,
1642090500.0,1786276140.5934181,1,3.4797,0.401,,2.53,0.0994,0.658,NOMINAL,NOMINAL,NORMAL,0,
1642091400.0,1786276140.7172754,1,2.8009,0.3412,,2.246,0.0908,0.506,NOMINAL,NOMINAL,NORMAL,0,
1642092300.0,1786276140.841633,1,2.7208,0.3264,,2.13,0.0755,0.475,NOMINAL,NOMINAL,NORMAL,0,
1642093200.0,1786276140.965583,1,1.8358,0.145,,1.405,0.0434,0.318,NOMINAL,NOMINAL,NORMAL,0,
1642094100.0,1786276141.0930474,1,3.1369,0.348,,2.337,0.0886,0.591,NOMINAL,NOMINAL,NORMAL,0,
1642095000.0,1786276141.2173345,1,2.8307,0.3299,,2.183,0.0766,0.473,NOMINAL,NOMINAL,NORMAL,0,
1642095900.0,1786276141.34268,1,3.1011,0.4112,,1.868,0.0874,0.549,NOMINAL,NOMINAL,NORMAL,0,
1642096800.0,1786276141.4692388,1,3.6946,0.3972,,2.381,0.1023,0.669,NOMINAL,NOMINAL,NORMAL,0,
1642097700.0,1786276141.5929663,1,3.4214,0.3767,,1.929,0.0963,0.568,NOMINAL,NOMINAL,NORMAL,0,
1642098600.0,1786276141.716978,1,3.0933,0.3542,,1.666,0.0897,0.531,NOMINAL,NOMINAL,NORMAL,0,
1642099500.0,1786276141.8417192,1,3.0034,0.3413,,1.612,0.0839,0.493,NOMINAL,NOMINAL,NORMAL,0,
1642100400.0,1786276141.9662182,1,2.6469,0.2754,,1.585,0.0656,0.433,NOMINAL,NOMINAL,NORMAL,0,
1642101300.0,1786276142.0934892,1,3.5501,0.3877,,2.424,0.0994,0.608,NOMINAL,NOMINAL,NORMAL,0,
1642102200.0,1786276142.2174256,1,2.9605,0.3338,,2.3,0.0701,0.499,NOMINAL,NOMINAL,NORMAL,0,
1642103100.0,1786276142.3419852,1,3.0983,0.3473,,1.801,0.0906,0.537,NOMINAL,NOMINAL,NORMAL,0,
1642104000.0,1786276142.4638789,1,1.5561,0.2227,,1.065,0.1003,0.605,NOMINAL,NOMINAL,NORMAL,0,
1642104900.0,1786276142.5921826,1,3.0053,0.3455,,2.158,0.0856,0.564,NOMINAL,NOMINAL,NORMAL,0,
1642105800.0,1786276142.7166545,1,2.8875,0.3322,,1.846,0.0725,0.49,NOMINAL,NOMINAL,TRIGGERED,1,omni_p6
1642106700.0,1786276142.8421087,1,2.7571,0.3438,,2.067,0.0773,0.471,NOMINAL,NOMINAL,NORMAL,0,
1642107600.0,1786276142.9669352,1,2.8856,0.3375,,1.815,0.0912,0.57,NOMINAL,NOMINAL,NORMAL,0,
1642108500.0,1786276143.0927916,1,3.2394,0.3645,,2.307,0.0897,0.613,NOMINAL,NOMINAL,NORMAL,0,
1642109400.0,1786276143.2169838,1,2.9363,0.3355,,2.06,0.0845,0.546,NOMINAL,NOMINAL,NORMAL,0,
1642110300.0,1786276143.3417385,1,3.0586,0.3562,,1.67,0.0737,0.535,NOMINAL,NOMINAL,NORMAL,0,
1642111200.0,1786276143.4661913,1,2.5485,0.2567,,1.691,0.0736,0.508,NOMINAL,NOMINAL,NORMAL,0,
1642112100.0,1786276143.593177,1,3.3784,0.3657,,2.386,0.076,0.571,NOMINAL,NOMINAL,TRIGGERED,1,omni_p6
1642113000.0,1786276143.7193937,1,2.8149,0.3398,,2.112,0.1441,2.985,NOMINAL,PRE_ALERT,TRIGGERED,2,omni_p6
1642113900.0,1786276143.8442173,1,3.0103,0.3454,,1.904,0.1547,2.751,PRE_ALERT,NOMINAL,NORMAL,0,
1642114800.0,1786276143.9732754,1,4.5028,0.4895,,3.651,0.1323,0.866,NOMINAL,NOMINAL,NORMAL,0,
1642115700.0,1786276144.0958014,1,4.2807,0.4583,,3.021,0.1273,0.772,NOMINAL,NOMINAL,NORMAL,0,
1642116600.0,1786276144.2188754,1,3.6505,0.3933,,2.59,0.101,0.599,NOMINAL,NOMINAL,NORMAL,0,
1642117500.0,1786276144.3432727,1,3.7373,0.4306,,1.979,0.1025,0.631,NOMINAL,NOMINAL,NORMAL,0,
1642118400.0,1786276144.4694216,1,3.3153,0.3071,1.7858,1.877,0.0773,0.513,NOMINAL,NOMINAL,TRIGGERED,1,omni_p6
1642119300.0,1786276144.5932345,1,3.4644,0.3827,,2.398,0.1009,0.625,NOMINAL,NOMINAL,NORMAL,0,
1642120200.0,1786276144.71708,1,3.0873,0.3481,,1.889,0.0993,0.567,NOMINAL,NOMINAL,NORMAL,0,
1642121100.0,1786276144.8420622,1,2.908,0.3466,,2.115,0.0804,0.533,NOMINAL,NOMINAL,NORMAL,0,
1642122000.0,1786276144.9647844,1,1.9308,0.199,,1.033,0.0403,0.281,NOMINAL,NOMINAL,NORMAL,0,
1642122900.0,1786276145.095507,1,3.9743,0.4288,,3.451,0.1269,0.816,NOMINAL,NOMINAL,NORMAL,0,
1642123800.0,1786276145.219375,1,3.5828,0.4189,,3.094,0.1097,0.732,NOMINAL,NOMINAL,TRIGGERED,1,omni_p6
1642124700.0,1786276145.34535,1,3.435,0.4328,,1.875,0.1661,3.277,NOMINAL,PRE_ALERT,TRIGGERED,2,omni_p6
1642125600.0,1786276145.4698277,1,3.1785,0.3675,,1.964,0.1595,2.95,PRE_ALERT,NOMINAL,NORMAL,0,
1642126500.0,1786276145.5949368,1,3.6554,0.3928,,3.393,0.1077,0.679,NOMINAL,NOMINAL,NORMAL,0,
1642127400.0,1786276145.7167408,1,3.0348,0.3468,,1.8,0.0802,0.527,NOMINAL,NOMINAL,NORMAL,0,
1642128300.0,1786276145.8423445,1,2.925,0.337,,2.558,0.0802,0.511,NOMINAL,NOMINAL,NORMAL,0,
1642129200.0,1786276145.9655406,1,2.416,0.2557,,1.531,0.0703,0.415,NOMINAL,NOMINAL,NORMAL,0,
1642130100.0,1786276146.0928204,1,3.236,0.3645,,2.431,0.0796,0.569,NOMINAL,NOMINAL,TRIGGERED,1,omni_p6
1642131000.0,1786276146.2197604,1,2.9677,0.3403,,2.308,0.1515,3.015,NOMINAL,PRE_ALERT,TRIGGERED,2,omni_p6
1642131900.0,1786276146.3456914,1,3.3605,0.4287,,2.445,0.146,2.953,PRE_ALERT,NOMINAL,NORMAL,0,
1642132800.0,1786276146.4683588,1,3.2886,0.3477,,2.785,0.0808,0.599,NOMINAL,NOMINAL,NORMAL,0,
1642133700.0,1786276146.5939524,1,3.5494,0.3856,,2.613,0.0959,0.607,NOMINAL,NOMINAL,NORMAL,0,
1642134600.0,1786276146.7171996,1,2.9721,0.3493,,2.278,0.08,0.506,NOMINAL,NOMINAL,NORMAL,0,
1642135500.0,1786276146.8418083,1,2.9357,0.3418,,1.999,0.0829,0.489,NOMINAL,NOMINAL,NORMAL,0,
1642136400.0,1786276146.9663994,1,2.607,0.3314,,2.113,0.0722,0.465,NOMINAL,NOMINAL,NORMAL,0,
1642137300.0,1786276147.092157,1,3.0081,0.3577,,2.106,0.0758,0.501,NOMINAL,NOMINAL,NORMAL,0,
1642138200.0,1786276147.2178535,1,3.0257,0.3445,,2.733,0.0781,0.536,NOMINAL,NOMINAL,NORMAL,0,
1642139100.0,1786276147.3419964,1,3.1241,0.3528,,1.794,0.0785,0.551,NOMINAL,NOMINAL,NORMAL,0,
1642140000.0,1786276147.4678335,1,2.9762,0.4156,,2.807,0.0832,0.545,NOMINAL,NOMINAL,NORMAL,0,
1642140900.0,1786276147.593801,1,3.4303,0.3797,,2.685,0.092,0.616,NOMINAL,NOMINAL,NORMAL,0,
1642141800.0,1786276147.7180536,1,3.4702,0.3833,,2.042,0.089,0.624,NOMINAL,NOMINAL,NORMAL,0,
1642142700.0,1786276147.8426607,1,3.2257,0.3669,,2.203,0.0926,0.568,NOMINAL,NOMINAL,NORMAL,0,
1642143600.0,1786276147.9667501,1,2.945,0.4215,,1.706,0.0991,0.545,NOMINAL,NOMINAL,NORMAL,0,
1642144500.0,1786276148.0932214,1,3.2496,0.3848,,2.784,0.0957,0.593,NOMINAL,NOMINAL,NORMAL,0,
1642145400.0,1786276148.2180445,1,3.255,0.3702,,2.618,0.0851,0.575,NOMINAL,NOMINAL,NORMAL,0,
1642146300.0,1786276148.3424852,1,3.2047,0.375,,2.087,0.0822,0.673,NOMINAL,NOMINAL,TRIGGERED,1,omni_p6
1642147200.0,1786276148.4682086,1,3.2362,0.3684,,2.666,0.0852,0.639,NOMINAL,NOMINAL,NORMAL,0,
1642148100.0,1786276148.5936823,1,3.5123,0.384,,2.59,0.0899,0.607,NOMINAL,NOMINAL,NORMAL,0,
1642149000.0,1786276148.7169027,1,3.0724,0.3391,,1.805,0.0787,0.554,NOMINAL,NOMINAL,NORMAL,0,
1642149900.0,1786276148.8427265,1,3.2693,0.3771,,2.171,0.0929,0.618,NOMINAL,NOMINAL,NORMAL,0,
1642150800.0,1786276148.9736934,1,4.662,0.4869,,3.85,0.1344,0.906,NOMINAL,NOMINAL,NORMAL,0,
1642151700.0,1786276149.0960693,1,4.3052,0.4447,,3.139,0.1189,0.774,NOMINAL,NOMINAL,NORMAL,0,
1642152600.0,1786276149.2196062,1,3.8114,0.4376,,2.89,0.0966,0.692,NOMINAL,NOMINAL,TRIGGERED,1,omni_p6
1642153500.0,1786276149.342832,1,3.4953,0.4606,,1.902,0.0893,0.617,NOMINAL,NOMINAL,NORMAL,0,
1642154400.0,1786276149.4684324,1,3.4762,0.3868,,2.419,0.0952,0.692,NOMINAL,NOMINAL,NORMAL,0,
1642155300.0,1786276149.5936456,1,3.6313,0.4016,,2.165,0.1039,0.672,NOMINAL,NOMINAL,NORMAL,0,
1642156200.0,1786276149.717542,1,3.225,0.3619,,2.168,0.0874,0.556,NOMINAL,NOMINAL,NORMAL,0,
1642157100.0,1786276149.84266,1,3.1344,0.3574,,2.399,0.0858,0.557,NOMINAL,NOMINAL,NORMAL,0,
1642158000.0,1786276149.9655643,1,2.0478,0.2599,,1.76,0.0523,0.399,NOMINAL,NOMINAL,TRIGGERED,1,omni_p6
1642158900.0,1786276150.0974874,1,4.1176,0.443,,2.643,0.1962,3.333,NOMINAL,PRE_ALERT,TRIGGERED,2,omni_p6
1642159800.0,1786276150.2249854,1,4.336,0.4716,,3.434,0.1929,3.384,PRE_ALERT,NOMINAL,NORMAL,0,
1642160700.0,1786276150.3384945,1,1.678,0.2336,,0.874,0.0428,0.299,NOMINAL,NOMINAL,NORMAL,0,
1642161600.0,1786276150.4677944,1,3.464,0.3663,,1.913,0.0969,0.628,NOMINAL,NOMINAL,NORMAL,0,
1642162500.0,1786276150.593398,1,3.6372,0.3647,,2.098,0.0917,0.614,NOMINAL,NOMINAL,NORMAL,0,
1642163400.0,1786276150.7176704,1,3.3574,0.3558,,2.127,0.0828,0.561,NOMINAL,NOMINAL,NORMAL,0,
1642164300.0,1786276150.8424587,1,3.139,0.352,,2.309,0.0721,0.563,NOMINAL,NOMINAL,TRIGGERED,1,omni_p6
1642165200.0,1786276150.9687123,1,2.7865,0.3166,,1.689,0.1442,2.967,NOMINAL,PRE_ALERT,TRIGGERED,2,omni_p6
1642166100.0,1786276151.0951552,1,3.0679,0.3431,,2.793,0.1458,2.811,PRE_ALERT,NOMINAL,NORMAL,0,
1642167000.0,1786276151.2174978,1,3.3996,0.3274,,2.166,0.0712,0.462,NOMINAL,NOMINAL,NORMAL,0,
1642167900.0,1786276151.3405492,1,2.4042,0.2413,,1.765,0.0627,0.443,NOMINAL,NOMINAL,NORMAL,0,
1642168800.0,1786276151.467241,1,2.7006,0.3222,,2.837,0.0664,0.462,NOMINAL,NOMINAL,NORMAL,0,
1642169700.0,1786276151.5924525,1,3.1046,0.357,,1.973,0.0755,0.599,NOMINAL,NOMINAL,NORMAL,0,
1642170600.0,1786276151.7180889,1,3.1294,0.3662,,2.715,0.07,0.524,NOMINAL,NOMINAL,TRIGGERED,1,omni_p6
1642171500.0,1786276151.8418272,1,2.8302,0.3482,,2.176,0.0681,0.488,NOMINAL,NOMINAL,NORMAL,0,
1642172400.0,1786276151.9658222,1,2.527,0.316,,1.611,0.0652,0.443,NOMINAL,NOMINAL,NORMAL,0,
1642173300.0,1786276152.0924575,1,2.8391,0.3243,,2.686,0.084,0.611,NOMINAL,NOMINAL,NORMAL,0,
1642174200.0,1786276152.2177067,1,2.861,0.3272,,2.907,0.0737,0.5,NOMINAL,NOMINAL,NORMAL,0,
1642175100.0,1786276152.3417559,1,2.922,0.3395,,2.001,0.0721,0.492,NOMINAL,NOMINAL,NORMAL,0,
1642176000.0,1786276152.4671195,1,2.8018,0.3346,,2.424,0.0796,0.499,NOMINAL,NOMINAL,NORMAL,0,
1642176900.0,1786276152.5929117,1,2.9798,0.3365,,2.794,0.0671,0.522,NOMINAL,NOMINAL,TRIGGERED,1,omni_p6
1642177800.0,1786276152.7178695,1,3.2123,0.3498,,2.374,0.0807,0.525,NOMINAL,NOMINAL,NORMAL,0,
1642178700.0,1786276152.8424718,1,2.9632,0.3455,,2.417,0.0832,0.533,NOMINAL,NOMINAL,NORMAL,0,
1642179600.0,1786276152.9672773,1,2.6678,0.3185,,2.777,0.0654,0.487,NOMINAL,NOMINAL,NORMAL,0,
1642180500.0,1786276153.0916681,1,2.8627,0.3385,,1.823,0.0709,0.508,NOMINAL,NOMINAL,NORMAL,0,
1642181400.0,1786276153.2169898,1,2.6983,0.3184,,2.455,0.0711,0.458,NOMINAL,NOMINAL,NORMAL,0,
1642182300.0,1786276153.3424804,1,2.8684,0.3481,,2.733,0.0678,0.488,NOMINAL,NOMINAL,NORMAL,0,
1642183200.0,1786276153.467954,1,2.8552,0.4093,,2.99,0.071,0.511,NOMINAL,NOMINAL,NORMAL,0,
1642184100.0,1786276153.592282,1,2.8319,0.3353,,2.327,0.065,0.528,NOMINAL,NOMINAL,NORMAL,0,
1642185000.0,1786276153.7172801,1,3.0845,0.3816,,1.854,0.0727,0.524,NOMINAL,NOMINAL,NORMAL,0,
1642185900.0,1786276153.8424664,1,3.0675,0.3715,,2.318,0.0718,0.506,NOMINAL,NOMINAL,NORMAL,0,
1642186800.0,1786276153.9734848,1,4.6732,0.4909,,3.801,0.1278,0.875,NOMINAL,NOMINAL,NORMAL,0,
1642187700.0,1786276154.0884974,1,1.6466,0.2332,,1.048,0.0442,0.328,NOMINAL,NOMINAL,NORMAL,0,
1642188600.0,1786276154.21925,1,3.7311,0.4027,,2.757,0.0966,0.669,NOMINAL,NOMINAL,NORMAL,0,
1642189500.0,1786276154.3422768,1,3.3618,0.3616,,1.789,0.0907,0.552,NOMINAL,NOMINAL,NORMAL,0,
1642190400.0,1786276154.4675481,1,3.1296,0.3638,,2.254,0.0876,0.55,NOMINAL,NOMINAL,NORMAL,0,
1642191300.0,1786276154.5884218,1,0.9672,0.2228,,1.119,0.0398,0.34,NOMINAL,NOMINAL,TRIGGERED,1,omni_p6
1642192200.0,1786276154.7179093,1,3.0951,0.3604,,2.57,0.0889,0.573,NOMINAL,NOMINAL,NORMAL,0,
1642193100.0,1786276154.841765,1,3.0331,0.3569,,1.745,0.0749,0.529,NOMINAL,NOMINAL,NORMAL,0,
1642194000.0,1786276154.966098,1,2.124,0.2616,,1.77,0.1254,0.797,NOMINAL,NOMINAL,NORMAL,0,
1642194900.0,1786276155.0927382,1,3.2051,0.3154,,2.209,0.1023,0.697,NOMINAL,NOMINAL,NORMAL,0,
1642195800.0,1786276155.2174518,1,3.3237,0.3778,,1.925,0.0988,0.601,NOMINAL,NOMINAL,NORMAL,0,
1642196700.0,1786276155.3424726,1,3.2857,0.3791,,2.148,0.0887,0.567,NOMINAL,NOMINAL,NORMAL,0,
1642197600.0,1786276155.4679227,1,3.2892,0.3737,,2.416,0.0811,0.558,NOMINAL,NOMINAL,TRIGGERED,1,omni_p6
1642198500.0,1786276155.590894,1,2.464,0.2461,,1.765,0.0691,0.423,NOMINAL,NOMINAL,NORMAL,0,
1642199400.0,1786276155.7177827,1,3.2402,0.3637,,2.282,0.084,0.543,NOMINAL,NOMINAL,NORMAL,0,
1642200300.0,1786276155.842288,1,2.9497,0.3329,,2.376,0.0791,0.511,NOMINAL,NOMINAL,NORMAL,0,
1642201200.0,1786276155.9670467,1,2.6494,0.321,,2.652,0.0708,0.482,NOMINAL,NOMINAL,NORMAL,0,
1642202100.0,1786276156.0884373,1,1.4493,0.2171,,1.127,0.04,0.331,NOMINAL,NOMINAL,NORMAL,0,
1642203000.0,1786276156.216938,1,2.9204,0.3372,,1.883,0.0789,0.537,NOMINAL,NOMINAL,TRIGGERED,1,omni_p6
1642203900.0,1786276156.3445277,1,2.9961,0.3453,,2.106,0.1539,3.094,NOMINAL,PRE_ALERT,TRIGGERED,2,omni_p6
1642204800.0,1786276156.4716268,1,2.9704,0.3208,1.7446,2.164,0.1448,3.031,PRE_ALERT,NOMINAL,NORMAL,0,
1642205700.0,1786276156.593013,1,3.281,0.3562,,2.588,0.0894,0.521,NOMINAL,NOMINAL,NORMAL,0,
1642206600.0,1786276156.7168186,1,3.1065,0.342,,1.672,0.0853,0.524,NOMINAL,NOMINAL,NORMAL,0,
1642207500.0,1786276156.8436234,1,3.3134,0.4337,,2.673,0.0989,0.627,NOMINAL,NOMINAL,NORMAL,0,
1642208400.0,1786276156.9673963,1,3.1699,0.3549,,2.002,0.0923,0.553,NOMINAL,NOMINAL,NORMAL,0,
1642209300.0,1786276157.0901852,1,2.1455,0.2356,,1.827,0.056,0.38,NOMINAL,NOMINAL,TRIGGERED,1,omni_p6
1642210200.0,1786276157.2211185,1,3.2661,0.3628,,2.977,0.1509,3.088,NOMINAL,PRE_ALERT,TRIGGERED,2,omni_p6
1642211100.0,1786276157.3445382,1,3.0633,0.3442,,2.215,0.1327,2.785,PRE_ALERT,NOMINAL,NORMAL,0,
1642212000.0,1786276157.4671166,1,3.1136,0.3685,,1.814,0.083,0.515,NOMINAL,NOMINAL,NORMAL,0,
1642212900.0,1786276157.5917492,1,2.7739,0.3317,,2.164,0.0791,0.482,NOMINAL,NOMINAL,NORMAL,0,
1642213800.0,1786276157.7172954,1,2.9374,0.347,,2.246,0.0776,0.507,NOMINAL,NOMINAL,NORMAL,0,
1642214700.0,1786276157.8448114,1,3.3827,0.4551,,3.512,0.1051,0.719,NOMINAL,NOMINAL,NORMAL,0,
1642215600.0,1786276157.9672804,1,3.0452,0.5048,,2.107,0.0761,0.535,NOMINAL,NOMINAL,TRIGGERED,1,omni_p6
1642216500.0,1786276158.091326,1,2.7311,0.3365,,1.929,0.0661,0.462,NOMINAL,NOMINAL,NORMAL,0,
1642217400.0,1786276158.2177026,1,3.0394,0.3485,,2.487,0.0788,0.545,NOMINAL,NOMINAL,NORMAL,0,
1642218300.0,1786276158.3425534,1,3.1658,0.366,,2.264,0.0939,0.569,NOMINAL,NOMINAL,NORMAL,0,
1642219200.0,1786276158.4673026,1,3.0177,0.4287,,2.179,0.0771,0.559,NOMINAL,NOMINAL,NORMAL,0,
1642220100.0,1786276158.591999,1,2.7627,0.3246,,2.335,0.0657,0.475,NOMINAL,NOMINAL,NORMAL,0,
1642221000.0,1786276158.7174132,1,3.2204,0.3235,,2.321,0.0611,0.47,NOMINAL,NOMINAL,NORMAL,0,
1642221900.0,1786276158.8405926,1,2.1323,0.2452,,1.569,0.0618,0.522,NOMINAL,NOMINAL,NORMAL,0,
1642222800.0,1786276158.973599,1,4.6457,0.5066,,3.814,0.1304,0.917,NOMINAL,NOMINAL,NORMAL,0,
1642223700.0,1786276159.0950093,1,4.2152,0.4462,,2.446,0.1221,0.777,NOMINAL,NOMINAL,NORMAL,0,
1642224600.0,1786276159.2201889,1,3.8845,0.4771,,3.158,0.1075,0.745,NOMINAL,NOMINAL,NORMAL,0,
1642225500.0,1786276159.343628,1,3.8243,0.4262,,2.301,0.0974,0.62,NOMINAL,NOMINAL,NORMAL,0,
1642226400.0,1786276159.4686425,1,3.4788,0.3775,,2.799,0.0883,0.652,NOMINAL,NOMINAL,NORMAL,0,
1642227300.0,1786276159.5934665,1,3.3378,0.3618,,2.876,0.0844,0.563,NOMINAL,NOMINAL,NORMAL,0,
1642228200.0,1786276159.7178838,1,3.3593,0.3974,,2.243,0.0854,0.567,NOMINAL,NOMINAL,NORMAL,0,
1642229100.0,1786276159.844171,1,3.6447,0.4045,,2.765,0.0932,0.669,NOMINAL,NOMINAL,NORMAL,0,
1642230000.0,1786276159.9729066,1,4.4755,0.5329,,3.506,0.1364,0.938,NOMINAL,NOMINAL,NORMAL,0,
1642230900.0,1786276160.094517,1,4.1079,0.4116,,2.606,0.1002,0.673,NOMINAL,NOMINAL,NORMAL,0,
1642231800.0,1786276160.2183888,1,3.7017,0.3988,,2.097,0.0892,0.619,NOMINAL,NOMINAL,TRIGGERED,1,omni_p6
1642232700.0,1786276160.3437426,1,3.7659,0.3973,,2.313,0.0991,0.641,NOMINAL,NOMINAL,NORMAL,0,
1642233600.0,1786276160.4684393,1,3.4914,0.3931,,2.645,0.0856,0.629,NOMINAL,NOMINAL,NORMAL,0,
1642234500.0,1786276160.5927265,1,3.0336,0.3606,,2.64,0.0817,0.548,NOMINAL,NOMINAL,NORMAL,0,
1642235400.0,1786276160.717192,1,3.1125,0.3721,,1.982,0.0746,0.503,NOMINAL,NOMINAL,NORMAL,0,
1642236300.0,1786276160.8435514,1,3.4507,0.4318,,2.667,0.0925,0.619,NOMINAL,NOMINAL,NORMAL,0,
1642237200.0,1786276160.967314,1,3.0828,0.3872,,2.172,0.0795,0.537,NOMINAL,NOMINAL,TRIGGERED,1,omni_p6
1642238100.0,1786276161.0942118,1,2.8488,0.3467,,2.109,0.139,3.016,NOMINAL,PRE_ALERT,TRIGGERED,2,omni_p6
1642239000.0,1786276161.2204254,1,3.2177,0.3651,,2.465,0.1459,2.936,PRE_ALERT,NOMINAL,NORMAL,0,
1642239900.0,1786276161.3428814,1,3.4307,0.3788,,2.141,0.0836,0.578,NOMINAL,NOMINAL,NORMAL,0,
1642240800.0,1786276161.4674325,1,3.0739,0.3663,,2.348,0.0783,0.513,NOMINAL,NOMINAL,NORMAL,0,
1642241700.0,1786276161.5922184,1,2.9707,0.3411,,2.216,0.0761,0.568,NOMINAL,NOMINAL,NORMAL,0,
1642242600.0,1786276161.7176304,1,3.1016,0.3503,,2.395,0.0773,0.524,NOMINAL,NOMINAL,NORMAL,0,
1642243500.0,1786276161.8427165,1,3.0035,0.3629,,2.443,0.0761,0.822,NOMINAL,NOMINAL,TRIGGERED,1,omni_p6
1642244400.0,1786276161.9697397,1,3.0997,0.377,,1.91,0.1409,3.019,NOMINAL,PRE_ALERT,TRIGGERED,2,omni_p6
1642245300.0,1786276162.0938153,1,2.9584,0.3431,,1.941,0.1085,2.646,PRE_ALERT,NOMINAL,NORMAL,0,
1642246200.0,1786276162.21772,1,3.1526,0.3517,,2.435,0.0802,0.519,NOMINAL,NOMINAL,NORMAL,0,
1642247100.0,1786276162.3417788,1,3.1289,0.3664,,1.667,0.0877,0.566,NOMINAL,NOMINAL,NORMAL,0,
1642248000.0,1786276162.463049,1,1.2214,0.1296,,0.762,0.0405,0.276,NOMINAL,NOMINAL,NORMAL,0,
1642248900.0,1786276162.5923119,1,2.9599,0.3399,,2.195,0.0853,0.589,NOMINAL,NOMINAL,NORMAL,0,
1642249800.0,1786276162.7170558,1,3.1428,0.3496,,1.857,0.0785,0.535,NOMINAL,NOMINAL,TRIGGERED,1,omni_p6
1642250700.0,1786276162.8421223,1,3.0609,0.3444,,2.12,0.0729,0.511,NOMINAL,NOMINAL,NORMAL,0,
1642251600.0,1786276162.9681678,1,3.3843,0.3811,,2.195,0.097,0.674,NOMINAL,NOMINAL,NORMAL,0,
1642252500.0,1786276163.092525,1,2.9351,0.3429,,2.681,0.0796,0.569,NOMINAL,NOMINAL,NORMAL,0,
1642253400.0,1786276163.2176092,1,3.088,0.3435,,2.35,0.0843,0.537,NOMINAL,NOMINAL,NORMAL,0,
1642254300.0,1786276163.3422837,1,2.9058,0.3556,,2.516,0.0816,0.5,NOMINAL,NOMINAL,NORMAL,0,
1642255200.0,1786276163.466173,1,2.3678,0.258,,2.271,0.0547,0.384,NOMINAL,NOMINAL,TRIGGERED,1,omni_p6
1642256100.0,1786276163.5948305,1,2.9188,0.3515,,2.445,0.183,2.995,NOMINAL,PRE_ALERT,TRIGGERED,2,omni_p6
1642257000.0,1786276163.7200363,1,2.9646,0.3503,,2.737,0.1384,2.824,PRE_ALERT,NOMINAL,NORMAL,0,
1642257900.0,1786276163.8419955,1,2.9577,0.3232,,2.157,0.069,0.533,NOMINAL,NOMINAL,NORMAL,0,
1642258800.0,1786276163.9737284,1,4.7729,0.478,,3.739,0.2262,0.98,NOMINAL,NOMINAL,NORMAL,0,
1642259700.0,1786276164.0938284,1,3.998,0.4146,,2.134,0.1083,0.665,NOMINAL,NOMINAL,NORMAL,0,
1642260600.0,1786276164.2197633,1,4.1343,0.4826,,2.383,0.1181,0.73,NOMINAL,NOMINAL,NORMAL,0,
1642261500.0,1786276164.3441794,1,3.9182,0.4176,,2.687,0.1068,0.693,NOMINAL,NOMINAL,TRIGGERED,1,omni_p6
1642262400.0,1786276164.4685333,1,3.458,0.3913,,2.808,0.145,0.646,NOMINAL,NOMINAL,NORMAL,0,
1642263300.0,1786276164.5929985,1,3.286,0.3579,,2.497,0.0791,0.518,NOMINAL,NOMINAL,NORMAL,0,
1642264200.0,1786276164.7175329,1,3.2476,0.3567,,2.155,0.0797,0.553,NOMINAL,NOMINAL,NORMAL,0,
1642265100.0,1786276164.8424442,1,3.0411,0.357,,2.461,0.0729,0.519,NOMINAL,NOMINAL,NORMAL,0,
1642266000.0,1786276164.9729605,1,4.5769,0.498,,3.435,0.1237,0.908,NOMINAL,NOMINAL,NORMAL,0,
1642266900.0,1786276165.0945656,1,3.9975,0.4402,,2.683,0.1012,0.736,NOMINAL,NOMINAL,NORMAL,0,
1642267800.0,1786276165.2186491,1,3.6748,0.4073,,2.458,0.0941,0.639,NOMINAL,NOMINAL,NORMAL,0,
1642268700.0,1786276165.3421445,1,3.4395,0.3995,,1.591,0.0923,0.616,NOMINAL,NOMINAL,NORMAL,0,
1642269600.0,1786276165.4678738,1,3.4255,0.3788,,2.183,0.0866,0.585,NOMINAL,NOMINAL,NORMAL,0,
1642270500.0,1786276165.592822,1,3.3299,0.3745,,2.287,0.0954,0.578,NOMINAL,NOMINAL,NORMAL,0,
1642271400.0,1786276165.713281,1,1.5228,0.226,,0.92,0.039,0.288,NOMINAL,NOMINAL,NORMAL,0,
1642272300.0,1786276165.8419664,1,3.0631,0.3682,,1.975,0.0841,0.539,NOMINAL,NOMINAL,NORMAL,0,
1642273200.0,1786276165.968255,1,3.5141,0.4059,,2.164,0.0945,0.718,NOMINAL,NOMINAL,NORMAL,0,
1642274100.0,1786276166.0920758,1,3.1574,0.3366,,2.098,0.0749,0.518,NOMINAL,NOMINAL,NORMAL,0,
1642275000.0,1786276166.21747,1,3.0232,0.3508,,2.38,0.0809,0.535,NOMINAL,NOMINAL,NORMAL,0,
1642275900.0,1786276166.34216,1,3.0618,0.3691,,2.141,0.0819,0.524,NOMINAL,NOMINAL,NORMAL,0,
1642276800.0,1786276166.4672012,1,2.8215,0.3497,,2.512,0.083,0.512,NOMINAL,NOMINAL,NORMAL,0,
1642277700.0,1786276166.5923436,1,2.9045,0.3535,,2.301,0.0869,0.56,NOMINAL,NOMINAL,NORMAL,0,
1642278600.0,1786276166.716278,1,2.4121,0.2543,,2.131,0.0679,0.554,NOMINAL,NOMINAL,NORMAL,0,
1642279500.0,1786276166.8416545,1,2.9278,0.3371,,1.824,0.0707,0.486,NOMINAL,NOMINAL,NORMAL,0,
1642280400.0,1786276166.9668303,1,2.8121,0.3993,,2.053,0.0773,0.546,NOMINAL,NOMINAL,NORMAL,0,
1642281300.0,1786276167.091449,1,2.8728,0.3504,,1.712,0.0669,0.507,NOMINAL,NOMINAL,NORMAL,0,
1642282200.0,1786276167.2143762,1,1.4607,0.3762,,1.687,0.0705,0.503,NOMINAL,NOMINAL,TRIGGERED,1,omni_p6
1642283100.0,1786276167.3449616,1,3.3207,0.3798,,1.839,0.1813,3.162,NOMINAL,PRE_ALERT,TRIGGERED,2,omni_p6
1642284000.0,1786276167.4696414,1,3.1279,0.3825,,2.106,0.1396,2.722,PRE_ALERT,NOMINAL,NORMAL,0,
1642284900.0,1786276167.5928664,1,3.2078,0.3758,,2.311,0.0868,0.544,NOMINAL,NOMINAL,NORMAL,0,
1642285800.0,1786276167.7169054,1,2.9043,0.3291,,2.076,0.0713,0.505,NOMINAL,NOMINAL,NORMAL,0,
1642286700.0,1786276167.8426106,1,3.0958,0.3561,,2.118,0.0811,0.538,NOMINAL,NOMINAL,NORMAL,0,
1642287600.0,1786276167.9674675,1,3.0785,0.359,,2.157,0.0846,0.549,NOMINAL,NOMINAL,NORMAL,0,
1642288500.0,1786276168.0924003,1,3.1593,0.35,,2.032,0.0751,0.592,NOMINAL,NOMINAL,TRIGGERED,1,omni_p6
1642289400.0,1786276168.2152226,1,1.7833,0.1333,,0.664,0.0618,1.828,NOMINAL,PRE_ALERT,TRIGGERED,2,omni_p6
1642290300.0,1786276168.344011,1,3.224,0.3661,,1.566,0.1332,2.76,PRE_ALERT,NOMINAL,NORMAL,0,
1642291200.0,1786276168.4693813,1,3.1017,0.3346,1.8997,2.117,0.0871,0.558,NOMINAL,NOMINAL,NORMAL,0,
1642292100.0,1786276168.593605,1,3.3923,0.3669,,2.321,0.0968,0.592,NOMINAL,NOMINAL,NORMAL,0,
1642293000.0,1786276168.7169275,1,3.1132,0.3467,,1.631,0.0816,0.543,NOMINAL,NOMINAL,NORMAL,0,
1642293900.0,1786276168.842601,1,3.3178,0.3742,,1.971,0.0852,0.605,NOMINAL,NOMINAL,TRIGGERED,1,omni_p6
1642294800.0,1786276168.9760787,1,4.5694,0.4954,,3.824,0.2239,3.43,NOMINAL,PRE_ALERT,TRIGGERED,2,omni_p6
1642295700.0,1786276169.0975618,1,4.3055,0.4342,,2.456,0.2001,3.165,PRE_ALERT,NOMINAL,NORMAL,0,
1642296600.0,1786276169.218137,1,3.6866,0.3223,,1.799,0.0898,0.546,NOMINAL,NOMINAL,NORMAL,0,
1642297500.0,1786276169.3425684,1,3.6296,0.4291,,1.587,0.1048,0.625,NOMINAL,NOMINAL,NORMAL,0,
1642298400.0,1786276169.4673727,1,3.3481,0.3744,,1.651,0.0888,0.552,NOMINAL,NOMINAL,NORMAL,0,
1642299300.0,1786276169.5925267,1,3.3253,0.3605,,1.63,0.1453,0.654,NOMINAL,NOMINAL,NORMAL,0,
1642300200.0,1786276169.7165635,1,2.9899,0.3369,,1.463,0.0708,0.558,NOMINAL,NOMINAL,TRIGGERED,1,omni_p6
1642301100.0,1786276169.845443,1,3.3004,0.4136,,1.975,0.1655,3.179,NOMINAL,PRE_ALERT,TRIGGERED,2,omni_p6
1642302000.0,1786276169.9737666,1,4.385,0.4174,,3.359,0.192,2.4,PRE_ALERT,NOMINAL,NORMAL,0,
1642302900.0,1786276170.0956683,1,4.3011,0.4454,,3.111,0.1091,0.747,NOMINAL,NOMINAL,NORMAL,0,
1642303800.0,1786276170.2178788,1,3.5705,0.3828,,1.925,0.0882,0.587,NOMINAL,NOMINAL,NORMAL,0,
1642304700.0,1786276170.3432493,1,3.6236,0.4532,,2.193,0.0899,0.621,NOMINAL,NOMINAL,NORMAL,0,
1642305600.0,1786276170.46806,1,3.4919,0.3687,,2.312,0.0863,0.599,NOMINAL,NOMINAL,NORMAL,0,
1642306500.0,1786276170.5925722,1,3.5035,0.3607,,1.786,0.0823,0.604,NOMINAL,NOMINAL,NORMAL,0,
1642307400.0,1786276170.7167044,1,3.0841,0.3446,,1.7,0.0765,0.528,NOMINAL,NOMINAL,TRIGGERED,1,omni_p6
1642308300.0,1786276170.8438423,1,3.5182,0.3773,,2.614,0.0883,0.622,NOMINAL,NOMINAL,NORMAL,0,
1642309200.0,1786276170.967656,1,3.1635,0.3573,,2.324,0.0737,0.555,NOMINAL,NOMINAL,NORMAL,0,
1642310100.0,1786276171.0929544,1,3.2354,0.3675,,2.547,0.0786,0.569,NOMINAL,NOMINAL,NORMAL,0,
1642311000.0,1786276171.2176695,1,3.1217,0.3637,,2.455,0.0692,0.54,NOMINAL,NOMINAL,NORMAL,0,
1642311900.0,1786276171.3429503,1,3.5339,0.4402,,1.752,0.0911,0.625,NOMINAL,NOMINAL,NORMAL,0,
1642312800.0,1786276171.4685657,1,3.3014,0.3787,,2.643,0.0886,0.642,NOMINAL,NOMINAL,NORMAL,0,
1642313700.0,1786276171.5936887,1,3.2142,0.3617,,2.819,0.0843,0.564,NOMINAL,NOMINAL,NORMAL,0,
1642314600.0,1786276171.7177474,1,3.0619,0.3509,,2.687,0.0759,0.533,NOMINAL,NOMINAL,NORMAL,0,
1642315500.0,1786276171.8436706,1,3.4046,0.4576,,2.575,0.0927,0.616,NOMINAL,NOMINAL,NORMAL,0,
1642316400.0,1786276171.96737,1,3.1712,0.3711,,1.823,0.0835,0.557,NOMINAL,NOMINAL,NORMAL,0,
1642317300.0,1786276172.09234,1,3.2037,0.3799,,1.862,0.0803,0.611,NOMINAL,NOMINAL,NORMAL,0,
1642318200.0,1786276172.2166512,1,3.0318,0.3408,,1.621,0.0812,0.559,NOMINAL,NOMINAL,NORMAL,0,
1642319100.0,1786276172.3425457,1,3.3686,0.4316,,1.708,0.0829,0.553,NOMINAL,NOMINAL,NORMAL,0,
1642320000.0,1786276172.4666693,1,3.0872,0.3721,,1.577,0.0779,0.534,NOMINAL,NOMINAL,NORMAL,0,
1642320900.0,1786276172.5918975,1,3.0443,0.342,,1.628,0.0782,0.516,NOMINAL,NOMINAL,NORMAL,0,
1642321800.0,1786276172.7163572,1,2.7776,0.3334,,1.434,0.0665,0.54,NOMINAL,NOMINAL,NORMAL,0,
1642322700.0,1786276172.8425214,1,3.2025,0.3526,,1.929,0.0803,0.57,NOMINAL,NOMINAL,TRIGGERED,1,omni_p6
1642323600.0,1786276172.9663515,1,2.8379,0.3959,,1.589,0.0747,0.501,NOMINAL,NOMINAL,NORMAL,0,
1642324500.0,1786276173.0920875,1,3.1168,0.3688,,1.859,0.0817,0.545,NOMINAL,NOMINAL,NORMAL,0,
1642325400.0,1786276173.2191548,1,3.8549,0.4004,,2.414,0.1054,0.689,NOMINAL,NOMINAL,NORMAL,0,
1642326300.0,1786276173.3430462,1,3.6148,0.4259,,1.984,0.0989,0.638,NOMINAL,NOMINAL,NORMAL,0,
1642327200.0,1786276173.4671926,1,3.0161,0.4235,,2.163,0.0948,0.586,NOMINAL,NOMINAL,NORMAL,0,
1642328100.0,1786276173.5902393,1,1.7567,0.3628,,2.105,0.0868,0.569,NOMINAL,NOMINAL,NORMAL,0,
1642329000.0,1786276173.7164156,1,2.948,0.3618,,1.584,0.1138,0.554,NOMINAL,NOMINAL,TRIGGERED,1,omni_p6
1642329900.0,1786276173.8452115,1,4.0169,0.4601,,2.994,0.2068,0.955,NOMINAL,NOMINAL,NORMAL,0,
1642330800.0,1786276173.97397,1,4.9084,0.5108,,3.826,0.134,0.898,NOMINAL,NOMINAL,NORMAL,0,
1642331700.0,1786276174.0929158,1,3.5387,0.4249,,1.669,0.0857,0.586,NOMINAL,NOMINAL,NORMAL,0,
1642332600.0,1786276174.2184725,1,3.4715,0.4045,,2.185,0.0894,0.58,NOMINAL,NOMINAL,NORMAL,0,
1642333500.0,1786276174.3428664,1,3.5411,0.4528,,1.679,0.0922,0.602,NOMINAL,NOMINAL,NORMAL,0,
1642334400.0,1786276174.4664176,1,2.7752,0.3743,,1.836,0.0812,0.503,NOMINAL,NOMINAL,TRIGGERED,1,omni_p6
1642335300.0,1786276174.590912,1,2.153,0.2702,,1.259,0.127,1.55,NOMINAL,PRE_ALERT,TRIGGERED,2,omni_p6
1642336200.0,1786276174.7182841,1,2.8878,0.3798,,1.365,0.1219,2.645,PRE_ALERT,NOMINAL,NORMAL,0,
1642337100.0,1786276174.8416693,1,3.0627,0.3703,,1.506,0.0829,0.504,NOMINAL,NOMINAL,NORMAL,0,
1642338000.0,1786276174.9736965,1,4.391,0.4528,,5.258,0.1208,0.853,NOMINAL,NOMINAL,NORMAL,0,
1642338900.0,1786276175.0958965,1,4.3487,0.4498,,3.053,0.1179,0.805,NOMINAL,NOMINAL,NORMAL,0,
1642339800.0,1786276175.2182956,1,3.7633,0.416,,2.131,0.1054,0.714,NOMINAL,NOMINAL,NORMAL,0,
1642340700.0,1786276175.3422143,1,3.3782,0.3999,,1.7,0.0787,0.577,NOMINAL,NOMINAL,TRIGGERED,1,omni_p6
1642341600.0,1786276175.468819,1,2.606,0.3504,,1.927,0.13,3.067,NOMINAL,PRE_ALERT,TRIGGERED,2,omni_p6
1642342500.0,1786276175.5935712,1,2.8418,0.3692,,2.415,0.1143,1.974,PRE_ALERT,NOMINAL,NORMAL,0,
1642343400.0,1786276175.717386,1,2.8461,0.3551,,2.008,0.0726,0.468,NOMINAL,NOMINAL,NORMAL,0,
1642344300.0,1786276175.8423374,1,2.7036,0.356,,2.224,0.0742,0.442,NOMINAL,NOMINAL,NORMAL,0,
1642345200.0,1786276175.9672287,1,2.6706,0.3383,,2.167,0.0629,0.443,NOMINAL,NOMINAL,NORMAL,0,
1642346100.0,1786276176.0911741,1,2.3634,0.3409,,1.915,0.0548,0.39,NOMINAL,NOMINAL,NORMAL,0,
1642347000.0,1786276176.2173011,1,2.6247,0.3584,,2.322,0.0704,0.49,NOMINAL,NOMINAL,TRIGGERED,1,omni_p6
1642347900.0,1786276176.3399236,1,1.7786,0.3667,,1.807,0.0682,0.503,NOMINAL,NOMINAL,NORMAL,0,
1642348800.0,1786276176.466451,1,2.4098,0.4411,,1.665,0.0583,0.411,NOMINAL,NOMINAL,NORMAL,0,
1642349700.0,1786276176.5911465,1,2.5149,0.3401,,1.643,0.0602,0.425,NOMINAL,NOMINAL,NORMAL,0,
1642350600.0,1786276176.7167132,1,2.54,0.3298,,1.88,0.068,0.473,NOMINAL,NOMINAL,NORMAL,0,
1642351500.0,1786276176.8409984,1,2.7649,0.3388,,1.925,0.0805,0.514,NOMINAL,NOMINAL,NORMAL,0,
1642352400.0,1786276176.9662292,1,2.3176,0.3435,,1.593,0.0619,0.436,NOMINAL,NOMINAL,NORMAL,0,
1642353300.0,1786276177.090678,1,2.1895,0.3332,,1.732,0.0558,0.407,NOMINAL,NOMINAL,NORMAL,0,
1642354200.0,1786276177.216985,1,2.6075,0.3389,,1.953,0.0694,0.48,NOMINAL,NOMINAL,NORMAL,0,
1642355100.0,1786276177.3399386,1,2.0911,0.2435,,1.299,0.0585,0.389,NOMINAL,NOMINAL,NORMAL,0,
1642356000.0,1786276177.4674907,1,2.6435,0.3489,,2.182,0.0623,0.489,NOMINAL,NOMINAL,NORMAL,0,
1642356900.0,1786276177.5920277,1,2.5711,0.3344,,2.067,0.0582,0.463,NOMINAL,NOMINAL,NORMAL,0,
1642357800.0,1786276177.7167258,1,2.5955,0.3326,,1.804,0.0671,0.484,NOMINAL,NOMINAL,NORMAL,0,
1642358700.0,1786276177.8389823,1,1.9802,0.2451,,0.606,0.0244,0.181,NOMINAL,NOMINAL,NORMAL,0,
1642359600.0,1786276177.965701,1,2.2287,0.3299,,1.601,0.0569,0.433,NOMINAL,NOMINAL,NORMAL,0,
1642360500.0,1786276178.090801,1,2.4858,0.3297,,1.535,0.0509,0.43,NOMINAL,NOMINAL,NORMAL,0,
1642361400.0,1786276178.215927,1,2.3106,0.3188,,1.627,0.0596,0.434,NOMINAL,NOMINAL,NORMAL,0,
1642362300.0,1786276178.3417978,1,2.866,0.3493,,1.687,0.0791,0.554,NOMINAL,NOMINAL,NORMAL,0,
1642363200.0,1786276178.467701,1,2.901,0.3803,,2.332,0.0752,0.558,NOMINAL,NOMINAL,NORMAL,0,
1642364100.0,1786276178.5915499,1,2.6811,0.3445,,1.763,0.0721,0.498,NOMINAL,NOMINAL,NORMAL,0,
1642365000.0,1786276178.7168179,1,2.6392,0.3254,,1.869,0.067,0.512,NOMINAL,NOMINAL,NORMAL,0,
1642365900.0,1786276178.8410425,1,2.4148,0.2474,,1.793,0.066,0.456,NOMINAL,NOMINAL,NORMAL,0,
1642366800.0,1786276178.973424,1,4.5328,0.4855,,3.748,0.1267,0.871,NOMINAL,NOMINAL,NORMAL,0,
1642367700.0,1786276179.0947442,1,3.7564,0.4207,,2.98,0.0995,0.663,NOMINAL,NOMINAL,TRIGGERED,1,omni_p6
1642368600.0,1786276179.2182305,1,2.9147,0.3639,,2.847,0.0877,0.549,NOMINAL,NOMINAL,NORMAL,0,
1642369500.0,1786276179.3436484,1,3.2269,0.4128,,2.752,0.0942,0.622,NOMINAL,NOMINAL,NORMAL,0,
1642370400.0,1786276179.4687169,1,3.3101,0.3765,,2.657,0.0954,0.642,NOMINAL,NOMINAL,NORMAL,0,
1642371300.0,1786276179.593366,1,3.0782,0.3688,,2.896,0.0852,0.556,NOMINAL,NOMINAL,NORMAL,0,
1642372200.0,1786276179.7176836,1,2.7163,0.335,,2.684,0.0843,0.533,NOMINAL,NOMINAL,NORMAL,0,
1642373100.0,1786276179.8421602,1,2.5452,0.337,,2.516,0.0651,0.475,NOMINAL,NOMINAL,TRIGGERED,1,omni_p6
1642374000.0,1786276179.9758646,1,4.2788,0.4347,,3.717,0.5701,3.983,NOMINAL,PRE_ALERT,TRIGGERED,2,omni_p6
1642374900.0,1786276180.0959244,1,3.4365,0.4082,,2.52,0.1829,3.091,PRE_ALERT,NOMINAL,NORMAL,0,
1642375800.0,1786276180.2177691,1,2.7128,0.3497,,2.993,0.0801,0.573,NOMINAL,NOMINAL,NORMAL,0,
1642376700.0,1786276180.342293,1,2.8265,0.3756,,2.285,0.0913,0.634,NOMINAL,NOMINAL,NORMAL,0,
1642377600.0,1786276180.4706228,1,3.0855,0.3482,1.9444,2.94,0.0952,0.638,NOMINAL,NOMINAL,NORMAL,0,
1642378500.0,1786276180.5930057,1,2.9745,0.3661,,2.667,0.0954,0.635,NOMINAL,NOMINAL,NORMAL,0,
1642379400.0,1786276180.717644,1,2.9023,0.3714,,2.683,0.0907,0.602,NOMINAL,NOMINAL,TRIGGERED,1,omni_p6
1642380300.0,1786276180.8442595,1,2.5802,0.3547,,2.186,0.1573,3.073,NOMINAL,PRE_ALERT,TRIGGERED,2,omni_p6
1642381200.0,1786276180.9698865,1,2.7054,0.3445,,2.248,0.1594,3.036,PRE_ALERT,NOMINAL,NORMAL,0,
1642382100.0,1786276181.0914507,1,2.252,0.3731,,2.519,0.0705,0.463,NOMINAL,NOMINAL,NORMAL,0,
1642383000.0,1786276181.2159436,1,2.1511,0.2976,,2.265,0.0678,0.421,NOMINAL,NOMINAL,NORMAL,0,
1642383900.0,1786276181.3412182,1,2.5039,0.3374,,1.976,0.0806,0.558,NOMINAL,NOMINAL,NORMAL,0,
1642384800.0,1786276181.4683328,1,2.9765,0.3627,,2.957,0.0867,0.629,NOMINAL,NOMINAL,NORMAL,0,
1642385700.0,1786276181.5916839,1,2.4756,0.3304,,2.01,0.0753,0.528,NOMINAL,NOMINAL,TRIGGERED,1,omni_p6
1642386600.0,1786276181.7193246,1,2.4377,0.328,,2.314,0.131,3.036,NOMINAL,PRE_ALERT,TRIGGERED,2,omni_p6
1642387500.0,1786276181.8442354,1,2.7232,0.3479,,2.042,0.1333,2.929,PRE_ALERT,NOMINAL,NORMAL,0,
1642388400.0,1786276181.9667177,1,2.5574,0.3652,,2.001,0.0735,0.531,NOMINAL,NOMINAL,NORMAL,0,
1642389300.0,1786276182.0913854,1,2.1357,0.3501,,2.618,0.0677,0.473,NOMINAL,NOMINAL,NORMAL,0,
1642390200.0,1786276182.2158775,1,1.9917,0.2822,,2.339,0.057,0.416,NOMINAL,NOMINAL,NORMAL,0,
1642391100.0,1786276182.3416965,1,2.5109,0.3337,,2.159,0.0785,0.548,NOMINAL,NOMINAL,NORMAL,0,
1642392000.0,1786276182.4676042,1,2.6788,0.3958,,2.66,0.0771,0.54,NOMINAL,NOMINAL,TRIGGERED,1,omni_p6
1642392900.0,1786276182.5914946,1,2.3997,0.324,,2.282,0.0742,0.481,NOMINAL,NOMINAL,NORMAL,0,
1642393800.0,1786276182.7173066,1,2.5296,0.323,,2.691,0.0726,0.482,NOMINAL,NOMINAL,NORMAL,0,
1642394700.0,1786276182.8412023,1,2.3245,0.3216,,2.056,0.0621,0.443,NOMINAL,NOMINAL,NORMAL,0,
1642395600.0,1786276182.967249,1,2.6471,0.3783,,2.2,0.0815,0.561,NOMINAL,NOMINAL,NORMAL,0,
1642396500.0,1786276183.0913763,1,2.108,0.3495,,2.648,0.0708,0.468,NOMINAL,NOMINAL,NORMAL,0,
1642397400.0,1786276183.2154284,1,2.0827,0.3008,,1.759,0.0567,0.449,NOMINAL,NOMINAL,NORMAL,0,
1642398300.0,1786276183.3447464,1,3.665,0.4143,,2.516,0.1323,0.869,NOMINAL,NOMINAL,NORMAL,0,
1642399200.0,1786276183.4680867,1,3.219,0.3758,,2.381,0.1148,0.753,NOMINAL,NOMINAL,NORMAL,0,
1642400100.0,1786276183.5911667,1,2.4483,0.3323,,1.928,0.0804,0.592,NOMINAL,NOMINAL,NORMAL,0,
1642401000.0,1786276183.7164521,1,2.5551,0.3201,,1.907,0.0781,0.629,NOMINAL,NOMINAL,NORMAL,0,
1642401900.0,1786276183.8409913,1,2.1287,0.3128,,2.282,0.0826,0.555,NOMINAL,NOMINAL,NORMAL,0,
1642402800.0,1786276183.9722922,1,4.2148,0.4556,,3.735,0.1383,0.982,NOMINAL,NOMINAL,NORMAL,0,
1642403700.0,1786276184.093514,1,3.1593,0.3787,,3.059,0.1227,0.771,NOMINAL,NOMINAL,NORMAL,0,
1642404600.0,1786276184.2156408,1,2.3332,0.31,,1.886,0.0799,0.568,NOMINAL,NOMINAL,NORMAL,0,
1642405500.0,1786276184.341044,1,2.2972,0.3123,,2.356,0.0775,0.519,NOMINAL,NOMINAL,NORMAL,0,
1642406400.0,1786276184.4687428,1,3.115,0.3812,,2.852,0.1127,0.81,NOMINAL,NOMINAL,NORMAL,0,
1642407300.0,1786276184.5913177,1,2.3044,0.3829,,2.324,0.0747,0.515,NOMINAL,NOMINAL,NORMAL,0,
1642408200.0,1786276184.7147388,1,1.4232,0.2243,,2.218,0.0785,0.555,NOMINAL,NOMINAL,TRIGGERED,1,omni_p6
1642409100.0,1786276184.841427,1,2.2483,0.3102,,2.245,0.0727,0.488,NOMINAL,NOMINAL,NORMAL,0,
1642410000.0,1786276184.9717042,1,4.0933,0.478,,3.621,0.128,0.865,NOMINAL,NOMINAL,NORMAL,0,
1642410900.0,1786276185.093823,1,3.0853,0.3792,,3.617,0.1091,0.744,NOMINAL,NOMINAL,NORMAL,0,
1642411800.0,1786276185.2158036,1,2.2493,0.3086,,2.037,0.0758,0.543,NOMINAL,NOMINAL,NORMAL,0,
1642412700.0,1786276185.3405132,1,2.0424,0.2973,,2.045,0.0653,0.524,NOMINAL,NOMINAL,NORMAL,0,
1642413600.0,1786276185.4634023,1,0.9444,0.2299,,1.04,0.0432,0.323,NOMINAL,NOMINAL,TRIGGERED,1,omni_p6
1642414500.0,1786276185.5955522,1,2.7514,0.3572,,3.273,0.166,3.162,NOMINAL,PRE_ALERT,TRIGGERED,2,omni_p6
1642415400.0,1786276185.7160382,1,2.1635,0.263,,1.753,0.0445,1.186,PRE_ALERT,NOMINAL,NORMAL,0,
1642416300.0,1786276185.8416502,1,2.437,0.3232,,2.563,0.0764,0.502,NOMINAL,NOMINAL,NORMAL,0,
1642417200.0,1786276185.967025,1,2.3885,0.3217,,2.549,0.083,0.508,NOMINAL,NOMINAL,NORMAL,0,
1642418100.0,1786276186.0909948,1,2.1827,0.3491,,2.249,0.067,0.473,NOMINAL,NOMINAL,NORMAL,0,
1642419000.0,1786276186.2158124,1,2.1484,0.2975,,2.115,0.0623,0.456,NOMINAL,NOMINAL,NORMAL,0,
1642419900.0,1786276186.3403168,1,2.1272,0.3047,,1.749,0.0684,0.581,NOMINAL,NOMINAL,TRIGGERED,1,omni_p6
1642420800.0,1786276186.4682884,1,2.1229,0.3086,,2.566,0.1425,2.614,NOMINAL,PRE_ALERT,TRIGGERED,2,omni_p6
1642421700.0,1786276186.594929,1,3.1835,0.3622,,2.178,0.1446,2.853,PRE_ALERT,NOMINAL,NORMAL,0,
1642422600.0,1786276186.7170334,1,2.9578,0.3631,,2.009,0.0673,0.473,NOMINAL,NOMINAL,NORMAL,0,
1642423500.0,1786276186.842273,1,2.847,0.3515,,2.309,0.072,0.514,NOMINAL,NOMINAL,NORMAL,0,
1642424400.0,1786276186.9673438,1,2.6914,0.368,,1.98,0.0752,0.511,NOMINAL,NOMINAL,NORMAL,0,
1642425300.0,1786276187.0910096,1,2.3251,0.3678,,2.053,0.0638,0.446,NOMINAL,NOMINAL,NORMAL,0,
1642426200.0,1786276187.215849,1,2.2619,0.3051,,2.017,0.0542,0.433,NOMINAL,NOMINAL,TRIGGERED,1,omni_p6
1642427100.0,1786276187.3414388,1,2.7619,0.3208,,2.007,0.0682,0.478,NOMINAL,NOMINAL,NORMAL,0,
1642428000.0,1786276187.4665437,1,2.6093,0.344,,2.02,0.0794,0.531,NOMINAL,NOMINAL,NORMAL,0,
1642428900.0,1786276187.592933,1,3.2592,0.3619,,2.486,0.0776,0.552,NOMINAL,NOMINAL,NORMAL,0,
1642429800.0,1786276187.7164822,1,2.4043,0.3386,,2.261,0.1029,0.523,NOMINAL,NOMINAL,NORMAL,0,
1642430700.0,1786276187.8430192,1,2.9203,0.3787,,2.455,0.0792,0.56,NOMINAL,NOMINAL,NORMAL,0,
1642431600.0,1786276187.9674773,1,2.8015,0.375,,2.22,0.0752,0.563,NOMINAL,NOMINAL,TRIGGERED,1,omni_p6
1642432500.0,1786276188.0939987,1,2.3407,0.347,,2.259,0.1423,3.124,NOMINAL,PRE_ALERT,TRIGGERED,2,omni_p6
1642433400.0,1786276188.2181404,1,2.3182,0.3142,,2.037,0.1237,2.615,PRE_ALERT,NOMINAL,NORMAL,0,
1642434300.0,1786276188.3409555,1,2.3564,0.3191,,2.03,0.0677,0.493,NOMINAL,NOMINAL,NORMAL,0,
1642435200.0,1786276188.4658332,1,2.2317,0.322,,1.926,0.0691,0.501,NOMINAL,NOMINAL,NORMAL,0,
1642436100.0,1786276188.5945888,1,3.4851,0.4221,,3.596,0.1156,0.744,NOMINAL,NOMINAL,NORMAL,0,
1642437000.0,1786276188.7167754,1,2.7743,0.357,,1.99,0.0849,0.587,NOMINAL,NOMINAL,NORMAL,0,
1642437900.0,1786276188.8425004,1,2.8771,0.3699,,2.24,0.0962,0.626,NOMINAL,NOMINAL,NORMAL,0,
1642438800.0,1786276188.9645483,1,1.8972,0.1527,,1.126,0.0842,0.723,NOMINAL,NOMINAL,NORMAL,0,
1642439700.0,1786276189.093497,1,3.415,0.4238,,2.635,0.1101,0.742,NOMINAL,NOMINAL,NORMAL,0,
1642440600.0,1786276189.2172809,1,3.0151,0.384,,2.152,0.1023,0.684,NOMINAL,NOMINAL,NORMAL,0,
1642441500.0,1786276189.340993,1,2.5096,0.3543,,1.856,0.0892,0.576,NOMINAL,NOMINAL,NORMAL,0,
1642442400.0,1786276189.4658873,1,2.3348,0.3158,,1.886,0.0859,0.526,NOMINAL,NOMINAL,NORMAL,0,
1642443300.0,1786276189.5948262,1,3.6348,0.4085,,3.263,0.1182,0.747,NOMINAL,NOMINAL,NORMAL,0,
1642444200.0,1786276189.716529,1,2.4581,0.3062,,2.295,0.1312,0.648,NOMINAL,NOMINAL,NORMAL,0,
1642445100.0,1786276189.8427956,1,2.8395,0.3466,,2.649,0.0854,0.592,NOMINAL,NOMINAL,NORMAL,0,
1642446000.0,1786276189.9692547,1,3.8746,0.3543,,2.955,0.034,0.266,NOMINAL,NOMINAL,NORMAL,0,
1642446900.0,1786276190.09631,1,4.1714,0.4558,,4.014,0.14,0.893,NOMINAL,NOMINAL,NORMAL,0,
1642447800.0,1786276190.2170432,1,2.9253,0.3687,,2.249,0.0912,0.594,NOMINAL,NOMINAL,NORMAL,0,
1642448700.0,1786276190.3415847,1,2.7275,0.3505,,2.194,0.0738,0.511,NOMINAL,NOMINAL,NORMAL,0,
1642449600.0,1786276190.4667888,1,2.4962,0.3474,,2.377,0.071,0.477,NOMINAL,NOMINAL,NORMAL,0,
1642450500.0,1786276190.595166,1,3.8982,0.426,,3.18,0.1224,0.768,NOMINAL,NOMINAL,NORMAL,0,
1642451400.0,1786276190.7170968,1,2.797,0.3479,,2.132,0.09,0.58,NOMINAL,NOMINAL,NORMAL,0,
1642452300.0,1786276190.843062,1,2.9101,0.3631,,2.566,0.0769,0.576,NOMINAL,NOMINAL,TRIGGERED,1,omni_p6
1642453200.0,1786276190.9694653,1,2.2767,0.3025,,2.192,0.139,3.787,NOMINAL,PRE_ALERT,TRIGGERED,2,omni_p6
1642454100.0,1786276191.0948155,1,2.6978,0.3185,,2.665,0.1248,2.786,PRE_ALERT,NOMINAL,NORMAL,0,
1642455000.0,1786276191.2169123,1,2.4299,0.3048,,2.325,0.0617,0.438,NOMINAL,NOMINAL,NORMAL,0,
1642455900.0,1786276191.3406293,1,2.2077,0.2956,,2.082,0.0683,0.436,NOMINAL,NOMINAL,NORMAL,0,
1642456800.0,1786276191.466114,1,2.1083,0.3056,,2.511,0.0625,0.433,NOMINAL,NOMINAL,NORMAL,0,
1642457700.0,1786276191.5943785,1,3.2762,0.3728,,3.303,0.1068,0.703,NOMINAL,NOMINAL,NORMAL,0,
1642458600.0,1786276191.7173314,1,2.534,0.3296,,2.64,0.0687,0.496,NOMINAL,NOMINAL,TRIGGERED,1,omni_p6
1642459500.0,1786276191.8454633,1,2.7807,0.3537,,2.727,0.162,3.082,NOMINAL,PRE_ALERT,TRIGGERED,2,omni_p6
1642460400.0,1786276191.9683733,1,2.3426,0.3157,,2.159,0.1153,2.493,PRE_ALERT,NOMINAL,NORMAL,0,
1642461300.0,1786276192.0919049,1,2.5652,0.3299,,2.288,0.0674,0.488,NOMINAL,NOMINAL,NORMAL,0,
1642462200.0,1786276192.216811,1,2.661,0.3514,,2.13,0.0791,0.527,NOMINAL,NOMINAL,NORMAL,0,
1642463100.0,1786276192.3410785,1,2.5074,0.3397,,1.978,0.0706,0.484,NOMINAL,NOMINAL,NORMAL,0,
1642464000.0,1786276192.4680638,1,2.2057,0.2985,1.7991,2.295,0.0704,0.468,NOMINAL,NOMINAL,NORMAL,0,
1642464900.0,1786276192.5947256,1,3.7403,0.4296,,2.819,0.1047,0.697,NOMINAL,NOMINAL,TRIGGERED,1,omni_p6
1642465800.0,1786276192.7195883,1,2.7761,0.3657,,2.375,0.1564,3.082,NOMINAL,PRE_ALERT,TRIGGERED,2,omni_p6
1642466700.0,1786276192.8455114,1,3.0347,0.3858,,2.724,0.1526,3.002,PRE_ALERT,NOMINAL,NORMAL,0,
1642467600.0,1786276192.9676592,1,2.7976,0.3655,,2.337,0.0848,0.552,NOMINAL,NOMINAL,NORMAL,0,
1642468500.0,1786276193.0924256,1,2.683,0.3391,,2.683,0.0799,0.597,NOMINAL,NOMINAL,NORMAL,0,
1642469400.0,1786276193.2167833,1,2.3116,0.3224,,2.757,0.074,0.465,NOMINAL,NOMINAL,NORMAL,0,
1642470300.0,1786276193.341183,1,2.1857,0.3205,,2.544,0.0574,0.453,NOMINAL,NOMINAL,TRIGGERED,1,omni_p6
1642471200.0,1786276193.4694226,1,2.2862,0.3306,,2.81,0.1358,3.086,NOMINAL,PRE_ALERT,TRIGGERED,2,omni_p6
1642472100.0,1786276193.5905814,1,1.5677,0.2384,,1.037,0.0689,2.25,PRE_ALERT,NOMINAL,NORMAL,0,
1642473000.0,1786276193.7177987,1,2.8778,0.3794,,2.671,0.0939,0.57,NOMINAL,NOMINAL,NORMAL,0,
1642473900.0,1786276193.8427422,1,3.0382,0.386,,2.319,0.0978,0.654,NOMINAL,NOMINAL,NORMAL,0,
1642474800.0,1786276193.9714105,1,4.1172,0.4626,,3.651,0.1292,0.918,NOMINAL,NOMINAL,NORMAL,0,
1642475700.0,1786276194.0945418,1,3.6806,0.4353,,3.055,0.1087,0.754,NOMINAL,NOMINAL,NORMAL,0,
1642476600.0,1786276194.2178826,1,2.9541,0.3831,,2.588,0.0953,0.622,NOMINAL,NOMINAL,TRIGGERED,1,omni_p6
1642477500.0,1786276194.3439817,1,2.6103,0.3383,,2.028,0.1562,3.064,NOMINAL,PRE_ALERT,TRIGGERED,2,omni_p6
1642478400.0,1786276194.4688714,1,2.4405,0.3391,,2.417,0.1248,2.78,PRE_ALERT,NOMINAL,NORMAL,0,
1642479300.0,1786276194.5910544,1,2.3336,0.3357,,1.912,0.0686,0.468,NOMINAL,NOMINAL,NORMAL,0,
1642480200.0,1786276194.7194333,1,3.5137,0.4151,,2.896,0.0961,0.658,NOMINAL,NOMINAL,NORMAL,0,
1642481100.0,1786276194.8433328,1,3.2835,0.4745,,2.264,0.0909,0.66,NOMINAL,NOMINAL,NORMAL,0,
1642482000.0,1786276194.970376,1,3.7694,0.4243,,3.326,0.1227,0.88,NOMINAL,NOMINAL,NORMAL,0,
1642482900.0,1786276195.0964437,1,4.2951,0.4526,,3.392,0.1252,0.909,NOMINAL,NOMINAL,NORMAL,0,
1642483800.0,1786276195.218245,1,3.1975,0.3913,,2.608,0.0937,0.599,NOMINAL,NOMINAL,NORMAL,0,
1642484700.0,1786276195.3416207,1,2.7538,0.3704,,1.916,0.0736,0.497,NOMINAL,NOMINAL,NORMAL,0,
1642485600.0,1786276195.4665847,1,2.3002,0.318,,2.617,0.0708,0.451,NOMINAL,NOMINAL,NORMAL,0,
1642486500.0,1786276195.5915792,1,2.4221,0.3223,,2.32,0.07,0.459,NOMINAL,NOMINAL,NORMAL,0,
1642487400.0,1786276195.719321,1,3.5007,0.4156,,2.898,0.104,0.651,NOMINAL,NOMINAL,NORMAL,0,
1642488300.0,1786276195.841286,1,1.7827,0.3761,,2.957,0.1,0.654,NOMINAL,NOMINAL,NORMAL,0,
1642489200.0,1786276195.9661078,1,2.4741,0.3284,,1.815,0.0773,0.504,NOMINAL,NOMINAL,NORMAL,0,
1642490100.0,1786276196.0922904,1,2.6567,0.3428,,2.537,0.0679,0.576,NOMINAL,NOMINAL,NORMAL,0,
1642491000.0,1786276196.217126,1,2.4613,0.3283,,2.882,0.0605,0.469,NOMINAL,NOMINAL,NORMAL,0,
1642491900.0,1786276196.3419316,1,2.6382,0.3347,,2.498,0.0653,0.471,NOMINAL,NOMINAL,NORMAL,0,
1642492800.0,1786276196.4664397,1,2.1654,0.3313,,2.108,0.0595,0.49,NOMINAL,NOMINAL,TRIGGERED,1,omni_p6
1642493700.0,1786276196.5907733,1,2.1469,0.3793,,1.85,0.0613,0.42,NOMINAL,NOMINAL,NORMAL,0,
1642494600.0,1786276196.7184212,1,3.0874,0.3774,,2.889,0.0965,0.634,NOMINAL,NOMINAL,NORMAL,0,
1642495500.0,1786276196.8410223,1,2.2179,0.2601,,2.385,0.0826,0.569,NOMINAL,NOMINAL,NORMAL,0,
1642496400.0,1786276196.9653637,1,2.1799,0.3187,,1.713,0.0708,0.509,NOMINAL,NOMINAL,TRIGGERED,1,omni_p6
1642497300.0,1786276197.0912228,1,2.206,0.4067,,2.268,0.078,0.518,NOMINAL,NOMINAL,NORMAL,0,
1642498200.0,1786276197.2157905,1,1.9875,0.2761,,2.432,0.0626,0.466,NOMINAL,NOMINAL,NORMAL,0,
1642499100.0,1786276197.3400555,1,1.9144,0.2774,,1.863,0.0628,0.443,NOMINAL,NOMINAL,TRIGGERED,1,omni_p6
1642500000.0,1786276197.4660935,1,1.8141,0.2706,,2.587,0.0673,0.463,NOMINAL,NOMINAL,NORMAL,0,
1642500900.0,1786276197.5904613,1,1.8671,0.282,,2.229,0.0592,0.433,NOMINAL,NOMINAL,NORMAL,0,
1642501800.0,1786276197.7177792,1,2.9734,0.3651,,2.691,0.1029,0.672,NOMINAL,NOMINAL,NORMAL,0,
1642502700.0,1786276197.8412888,1,2.2911,0.3392,,2.384,0.0897,0.581,NOMINAL,NOMINAL,NORMAL,0,
1642503600.0,1786276197.9665735,1,2.4481,0.3366,,1.987,0.0693,0.499,NOMINAL,NOMINAL,NORMAL,0,
1642504500.0,1786276198.0932536,1,2.8397,0.3502,,3.079,0.0788,0.577,NOMINAL,NOMINAL,TRIGGERED,1,omni_p6
1642505400.0,1786276198.2191925,1,2.307,0.314,,2.419,0.1317,2.941,NOMINAL,PRE_ALERT,TRIGGERED,2,omni_p6
1642506300.0,1786276198.3434565,1,2.3929,0.3118,,2.276,0.1332,2.737,PRE_ALERT,NOMINAL,NORMAL,0,
1642507200.0,1786276198.4669306,1,2.2176,0.3146,,3.036,0.0707,0.47,NOMINAL,NOMINAL,NORMAL,0,
1642508100.0,1786276198.5917244,1,2.2337,0.3041,,2.697,0.0648,0.436,NOMINAL,NOMINAL,NORMAL,0,
1642509000.0,1786276198.7183216,1,3.2587,0.3677,,2.454,0.1078,0.657,NOMINAL,NOMINAL,NORMAL,0,
1642509900.0,1786276198.8432367,1,2.8474,0.3907,,3.438,0.1,0.663,NOMINAL,NOMINAL,NORMAL,0,
1642510800.0,1786276198.9732747,1,4.4844,0.4966,,3.652,0.13,0.861,NOMINAL,NOMINAL,TRIGGERED,1,omni_p6
1642511700.0,1786276199.0976248,1,3.7606,0.4383,,3.292,0.1966,3.375,NOMINAL,PRE_ALERT,TRIGGERED,2,omni_p6
1642512600.0,1786276199.2197163,1,2.9182,0.3695,,2.624,0.1366,2.643,PRE_ALERT,NOMINAL,NORMAL,0,
1642513500.0,1786276199.3426094,1,2.9171,0.3673,,2.605,0.0898,0.583,NOMINAL,NOMINAL,NORMAL,0,
1642514400.0,1786276199.466443,1,2.3438,0.3418,,2.112,0.0687,0.483,NOMINAL,NOMINAL,NORMAL,0,
1642515300.0,1786276199.5913558,1,2.1708,0.3581,,2.656,0.0613,0.446,NOMINAL,NOMINAL,NORMAL,0,
1642516200.0,1786276199.7176561,1,2.7271,0.3322,,2.692,0.0818,0.544,NOMINAL,NOMINAL,NORMAL,0,
1642517100.0,1786276199.842776,1,2.8654,0.3648,,2.809,0.084,0.598,NOMINAL,NOMINAL,TRIGGERED,1,omni_p6
1642518000.0,1786276199.9738753,1,4.1214,0.4129,,3.628,0.212,3.244,NOMINAL,PRE_ALERT,TRIGGERED,2,omni_p6
1642518900.0,1786276200.0908177,1,1.6863,0.2409,,1.426,0.0754,1.953,PRE_ALERT,NOMINAL,NORMAL,0,
1642519800.0,1786276200.2177584,1,2.9235,0.3542,,2.811,0.1058,0.671,NOMINAL,NOMINAL,NORMAL,0,
1642520700.0,1786276200.3414638,1,2.3974,0.3115,,2.679,0.0807,0.535,NOMINAL,NOMINAL,NORMAL,0,
1642521600.0,1786276200.46573,1,1.9808,0.2751,,2.427,0.0651,0.479,NOMINAL,NOMINAL,NORMAL,0,
1642522500.0,1786276200.5909379,1,1.9611,0.2833,,2.666,0.0553,0.448,NOMINAL,NOMINAL,NORMAL,0,
1642523400.0,1786276200.7170637,1,2.7054,0.3357,,2.295,0.0927,0.559,NOMINAL,NOMINAL,NORMAL,0,
1642524300.0,1786276200.8426614,1,2.6138,0.3403,,3.123,0.0916,0.622,NOMINAL,NOMINAL,NORMAL,0,
1642525200.0,1786276200.9672148,1,2.6993,0.405,,2.228,0.0837,0.605,NOMINAL,NOMINAL,NORMAL,0,
1642526100.0,1786276201.0953476,1,3.4342,0.3509,,3.309,0.1091,0.687,NOMINAL,NOMINAL,NORMAL,0,
1642527000.0,1786276201.217053,1,2.6258,0.311,,2.639,0.0925,0.603,NOMINAL,NOMINAL,NORMAL,0,
1642527900.0,1786276201.3412268,1,2.742,0.3359,,1.926,0.0833,0.566,NOMINAL,NOMINAL,NORMAL,0,
1642528800.0,1786276201.465047,1,1.8483,0.2843,,2.015,0.07,0.477,NOMINAL,NOMINAL,NORMAL,0,
1642529700.0,1786276201.590167,1,1.819,0.2688,,2.135,0.0599,0.453,NOMINAL,NOMINAL,NORMAL,0,
1642530600.0,1786276201.7165363,1,2.219,0.2962,,2.519,0.1269,0.655,NOMINAL,NOMINAL,NORMAL,0,
1642531500.0,1786276201.8422399,1,2.4803,0.315,,3.057,0.1012,0.657,NOMINAL,NOMINAL,NORMAL,0,
1642532400.0,1786276201.9675345,1,2.5982,0.3457,,2.798,0.0987,0.649,NOMINAL,NOMINAL,NORMAL,0,
1642533300.0,1786276202.0910587,1,1.927,0.2803,,2.822,0.0807,0.576,NOMINAL,NOMINAL,NORMAL,0,
1642534200.0,1786276202.217538,1,2.8087,0.3253,,2.479,0.0747,0.536,NOMINAL,NOMINAL,NORMAL,0,
1642535100.0,1786276202.341598,1,2.5366,0.3318,,2.331,0.0692,0.512,NOMINAL,NOMINAL,NORMAL,0,
1642536000.0,1786276202.465931,1,2.1724,0.3041,,2.282,0.0653,0.47,NOMINAL,NOMINAL,NORMAL,0,
1642536900.0,1786276202.5906558,1,2.0632,0.2877,,2.197,0.0607,0.437,NOMINAL,NOMINAL,NORMAL,0,
1642537800.0,1786276202.7174363,1,2.9023,0.3653,,2.243,0.076,0.559,NOMINAL,NOMINAL,TRIGGERED,1,omni_p6
1642538700.0,1786276202.842057,1,2.7254,0.3395,,2.527,0.0866,0.61,NOMINAL,NOMINAL,NORMAL,0,
1642539600.0,1786276202.9674199,1,2.9281,0.3631,,2.037,0.0818,0.592,NOMINAL,NOMINAL,NORMAL,0,
1642540500.0,1786276203.0909944,1,2.1472,0.3471,,2.179,0.0706,0.509,NOMINAL,NOMINAL,NORMAL,0,
1642541400.0,1786276203.2168787,1,2.749,0.34,,2.012,0.0781,0.547,NOMINAL,NOMINAL,NORMAL,0,
1642542300.0,1786276203.3416166,1,2.329,0.3147,,2.812,0.0628,0.457,NOMINAL,NOMINAL,NORMAL,0,
1642543200.0,1786276203.4657135,1,1.8769,0.2775,,2.556,0.0587,0.437,NOMINAL,NOMINAL,NORMAL,0,
1642544100.0,1786276203.5904946,1,2.0531,0.2948,,1.974,0.0638,0.443,NOMINAL,NOMINAL,TRIGGERED,1,omni_p6
1642545000.0,1786276203.7136867,1,1.6992,0.3283,,0.964,0.0398,0.296,NOMINAL,NOMINAL,NORMAL,0,
1642545900.0,1786276203.8423343,1,2.9274,0.3585,,2.318,0.1056,0.709,NOMINAL,NOMINAL,NORMAL,0,
1642546800.0,1786276203.9734259,1,4.6279,0.5304,,3.819,0.1383,0.908,NOMINAL,NOMINAL,NORMAL,0,
1642547700.0,1786276204.092746,1,2.9724,0.3706,,2.28,0.099,0.8,NOMINAL,NOMINAL,NORMAL,0,
1642548600.0,1786276204.216973,1,2.843,0.3605,,2.086,0.0764,0.573,NOMINAL,NOMINAL,NORMAL,0,
1642549500.0,1786276204.3417866,1,2.7866,0.3889,,1.907,0.0781,0.572,NOMINAL,NOMINAL,TRIGGERED,1,omni_p6
1642550400.0,1786276204.4704747,1,2.1346,0.3173,1.824,2.012,0.1422,3.335,NOMINAL,PRE_ALERT,TRIGGERED,2,omni_p6
1642551300.0,1786276204.5928617,1,2.3504,0.3716,,1.654,0.1375,2.781,PRE_ALERT,NOMINAL,NORMAL,0,
1642552200.0,1786276204.715701,1,2.3089,0.5147,,1.511,0.0717,0.472,NOMINAL,NOMINAL,NORMAL,0,
1642553100.0,1786276204.8422287,1,2.8104,0.3505,,2.014,0.0791,0.56,NOMINAL,NOMINAL,NORMAL,0,
1642554000.0,1786276204.9727442,1,4.4939,0.4559,,3.721,0.2728,1.056,NOMINAL,NOMINAL,NORMAL,0,
1642554900.0,1786276205.09461,1,3.8956,0.4171,,2.967,0.1218,0.797,NOMINAL,NOMINAL,NORMAL,0,
1642555800.0,1786276205.218813,1,3.395,0.3562,,2.626,0.1074,0.727,NOMINAL,NOMINAL,TRIGGERED,1,omni_p6
1642556700.0,1786276205.3447804,1,2.9829,0.3508,,2.046,0.1652,3.281,NOMINAL,PRE_ALERT,TRIGGERED,2,omni_p6
1642557600.0,1786276205.4676836,1,2.2792,0.2918,,1.815,0.1247,2.482,PRE_ALERT,NOMINAL,NORMAL,0,
1642558500.0,1786276205.591033,1,2.4406,0.32,,1.769,0.0704,0.506,NOMINAL,NOMINAL,NORMAL,0,
1642559400.0,1786276205.715195,1,2.0804,0.2828,,1.688,0.0558,0.449,NOMINAL,NOMINAL,NORMAL,0,
1642560300.0,1786276205.8423615,1,2.9639,0.3409,,2.121,0.0781,0.536,NOMINAL,NOMINAL,NORMAL,0,
1642561200.0,1786276205.9687188,1,3.1694,0.3653,,2.466,0.0934,0.736,NOMINAL,NOMINAL,NORMAL,0,
1642562100.0,1786276206.0906224,1,2.1692,0.3646,,1.813,0.0586,0.513,NOMINAL,NOMINAL,TRIGGERED,1,omni_p6
1642563000.0,1786276206.2191312,1,2.6454,0.2982,,1.833,0.1464,3.18,NOMINAL,PRE_ALERT,TRIGGERED,2,omni_p6
1642563900.0,1786276206.3429914,1,2.5602,0.3218,,1.677,0.1391,2.71,PRE_ALERT,NOMINAL,NORMAL,0,
1642564800.0,1786276206.4652302,1,2.0613,0.2936,,1.708,0.069,0.448,NOMINAL,NOMINAL,NORMAL,0,
1642565700.0,1786276206.5899944,1,1.8744,0.2864,,1.744,0.0545,0.428,NOMINAL,NOMINAL,NORMAL,0,
1642566600.0,1786276206.7149384,1,1.898,0.306,,1.641,0.0478,0.428,NOMINAL,NOMINAL,NORMAL,0,
1642567500.0,1786276206.8437974,1,3.0681,0.4054,,2.922,0.0917,0.609,NOMINAL,NOMINAL,NORMAL,0,
1642568400.0,1786276206.96669,1,2.0725,0.4017,,2.666,0.1054,0.694,NOMINAL,NOMINAL,NORMAL,0,
1642569300.0,1786276207.0917244,1,2.8207,0.3477,,1.954,0.0808,0.552,NOMINAL,NOMINAL,NORMAL,0,
1642570200.0,1786276207.2169778,1,2.7387,0.3429,,2.063,0.0744,0.526,NOMINAL,NOMINAL,NORMAL,0,
1642571100.0,1786276207.340312,1,2.4589,0.3262,,1.306,0.0595,0.522,NOMINAL,NOMINAL,NORMAL,0,
1642572000.0,1786276207.466017,1,2.2295,0.2958,,2.177,0.0619,0.445,NOMINAL,NOMINAL,NORMAL,0,
1642572900.0,1786276207.5903792,1,1.9856,0.3462,,1.669,0.0563,0.431,NOMINAL,NOMINAL,NORMAL,0,
1642573800.0,1786276207.7148337,1,1.9161,0.2744,,1.482,0.0566,0.439,NOMINAL,NOMINAL,NORMAL,0,
1642574700.0,1786276207.8429518,1,2.9292,0.3313,,2.642,0.0885,0.583,NOMINAL,NOMINAL,NORMAL,0,
1642575600.0,1786276207.965717,1,2.6263,0.2613,,1.495,0.0284,0.212,NOMINAL,NOMINAL,NORMAL,0,
1642576500.0,1786276208.0923789,1,2.7214,0.3205,,2.465,0.079,0.665,NOMINAL,NOMINAL,NORMAL,0,
1642577400.0,1786276208.2170856,1,2.9143,0.3334,,2.095,0.0836,0.562,NOMINAL,NOMINAL,NORMAL,0,
1642578300.0,1786276208.3406436,1,2.4299,0.311,,1.605,0.0616,0.58,NOMINAL,NOMINAL,TRIGGERED,1,omni_p6
1642579200.0,1786276208.4650333,1,1.9319,0.2886,,1.704,0.0589,0.458,NOMINAL,NOMINAL,NORMAL,0,
1642580100.0,1786276208.5907135,1,2.2973,0.3859,,1.813,0.0537,0.49,NOMINAL,NOMINAL,NORMAL,0,
1642581000.0,1786276208.7150235,1,2.1197,0.2811,,1.532,0.0516,0.443,NOMINAL,NOMINAL,NORMAL,0,
1642581900.0,1786276208.8435714,1,3.4833,0.4318,,2.589,0.1004,0.683,NOMINAL,NOMINAL,NORMAL,0,
1642582800.0,1786276208.973995,1,5.1502,0.4819,,3.694,0.1185,0.782,NOMINAL,NOMINAL,NORMAL,0,
1642583700.0,1786276209.0924666,1,3.0554,0.3595,,2.248,0.0985,0.689,NOMINAL,NOMINAL,NORMAL,0,
1642584600.0,1786276209.2179346,1,3.2316,0.3961,,2.34,0.0888,0.623,NOMINAL,NOMINAL,TRIGGERED,1,omni_p6
1642585500.0,1786276209.3408155,1,2.627,0.3334,,1.65,0.0703,0.531,NOMINAL,NOMINAL,NORMAL,0,
1642586400.0,1786276209.4661674,1,2.2506,0.305,,2.369,0.0796,0.525,NOMINAL,NOMINAL,NORMAL,0,
1642587300.0,1786276209.5901766,1,2.0443,0.2828,,1.75,0.0701,0.498,NOMINAL,NOMINAL,NORMAL,0,
1642588200.0,1786276209.7167664,1,2.6091,0.3397,,2.41,0.0823,0.572,NOMINAL,NOMINAL,NORMAL,0,
1642589100.0,1786276209.842839,1,2.9999,0.3763,,2.296,0.0941,0.59,NOMINAL,NOMINAL,NORMAL,0,
1642590000.0,1786276209.969267,1,3.0511,0.4485,,3.423,0.1417,0.946,NOMINAL,NOMINAL,TRIGGERED,1,omni_p6
1642590900.0,1786276210.0998259,1,4.5428,0.4966,,3.265,0.2105,3.489,NOMINAL,PRE_ALERT,TRIGGERED,2,omni_p6
1642591800.0,1786276210.2247717,1,4.4425,0.4732,,3.786,0.2075,3.479,PRE_ALERT,NOMINAL,NORMAL,0,
1642592700.0,1786276210.342266,1,3.4131,0.4167,,1.7,0.1011,0.665,NOMINAL,NOMINAL,NORMAL,0,
1642593600.0,1786276210.4670234,1,2.9454,0.4144,,2.003,0.1034,0.564,NOMINAL,NOMINAL,NORMAL,0,
1642594500.0,1786276210.5912282,1,2.526,0.326,,1.831,0.0723,0.486,NOMINAL,NOMINAL,NORMAL,0,
1642595400.0,1786276210.7164805,1,2.7314,0.3401,,1.601,0.1241,0.555,NOMINAL,NOMINAL,NORMAL,0,
1642596300.0,1786276210.8439412,1,3.7139,0.4075,,2.238,0.0864,0.618,NOMINAL,NOMINAL,TRIGGERED,1,omni_p6
1642597200.0,1786276210.9682753,1,2.1629,0.3111,,1.973,0.1344,3.039,NOMINAL,PRE_ALERT,TRIGGERED,2,omni_p6
1642598100.0,1786276211.096986,1,3.618,0.4184,,2.735,0.1747,3.262,PRE_ALERT,NOMINAL,NORMAL,0,
1642599000.0,1786276211.2129874,1,1.2417,0.2264,,1.088,0.042,0.306,NOMINAL,NOMINAL,NORMAL,0,
1642599900.0,1786276211.3413067,1,2.6795,0.3487,,1.849,0.0745,0.537,NOMINAL,NOMINAL,NORMAL,0,
1642600800.0,1786276211.4652462,1,2.1818,0.2972,,1.637,0.0737,0.487,NOMINAL,NOMINAL,NORMAL,0,
1642601700.0,1786276211.5897963,1,1.9239,0.2706,,1.541,0.061,0.442,NOMINAL,NOMINAL,NORMAL,0,
1642602600.0,1786276211.7157612,1,2.2122,0.3028,,2.02,0.0532,0.448,NOMINAL,NOMINAL,TRIGGERED,1,omni_p6
1642603500.0,1786276211.8387523,1,1.7009,0.2273,,0.968,0.0421,0.307,NOMINAL,NOMINAL,NORMAL,0,
1642604400.0,1786276211.965209,1,2.0912,0.2876,,1.66,0.0708,0.463,NOMINAL,NOMINAL,NORMAL,0,
1642605300.0,1786276212.0927072,1,2.8502,0.362,,2.437,0.093,0.724,NOMINAL,NOMINAL,NORMAL,0,
1642606200.0,1786276212.2165103,1,2.6025,0.307,,1.898,0.0733,0.571,NOMINAL,NOMINAL,NORMAL,0,
1642607100.0,1786276212.3416827,1,2.7567,0.3518,,2.149,0.0786,0.541,NOMINAL,NOMINAL,NORMAL,0,
1642608000.0,1786276212.466177,1,2.3131,0.3089,,2.287,0.0689,0.464,NOMINAL,NOMINAL,NORMAL,0,
1642608900.0,1786276212.5908363,1,2.2116,0.3619,,1.97,0.0526,0.424,NOMINAL,NOMINAL,TRIGGERED,1,omni_p6
1642609800.0,1786276212.7156742,1,2.4569,0.3148,,1.621,0.0561,0.424,NOMINAL,NOMINAL,NORMAL,0,
1642610700.0,1786276212.8408237,1,2.4242,0.2388,,2.018,0.0591,0.414,NOMINAL,NOMINAL,NORMAL,0,
1642611600.0,1786276212.9663174,1,2.5172,0.3341,,1.773,0.0634,0.485,NOMINAL,NOMINAL,NORMAL,0,
1642612500.0,1786276213.0942779,1,3.6644,0.4191,,2.595,0.1117,0.754,NOMINAL,NOMINAL,NORMAL,0,
1642613400.0,1786276213.2168121,1,2.8733,0.3552,,2.007,0.0902,0.573,NOMINAL,NOMINAL,NORMAL,0,
1642614300.0,1786276213.3416803,1,2.9649,0.3571,,1.988,0.0839,0.557,NOMINAL,NOMINAL,NORMAL,0,
1642615200.0,1786276213.4650745,1,1.8357,0.281,,2.086,0.0727,0.47,NOMINAL,NOMINAL,NORMAL,0,
1642616100.0,1786276213.5898328,1,2.0198,0.276,,1.619,0.0684,0.462,NOMINAL,NOMINAL,NORMAL,0,
1642617000.0,1786276213.7152286,1,2.1523,0.2973,,1.54,0.0644,0.48,NOMINAL,NOMINAL,NORMAL,0,
1642617900.0,1786276213.8398845,1,1.984,0.2824,,1.734,0.0715,0.499,NOMINAL,NOMINAL,NORMAL,0,
1642618800.0,1786276213.974037,1,4.9237,0.5217,,3.871,0.1477,0.936,NOMINAL,NOMINAL,NORMAL,0,
1642619700.0,1786276214.0952227,1,3.9185,0.4218,,3.115,0.1295,0.837,NOMINAL,NOMINAL,NORMAL,0,
1642620600.0,1786276214.2171257,1,2.9622,0.3623,,2.216,0.0868,0.624,NOMINAL,NOMINAL,NORMAL,0,
1642621500.0,1786276214.3421133,1,3.0108,0.3916,,1.866,0.0978,0.653,NOMINAL,NOMINAL,NORMAL,0,
1642622400.0,1786276214.4655683,1,2.2806,0.3312,,1.726,0.0791,0.529,NOMINAL,NOMINAL,NORMAL,0,
1642623300.0,1786276214.5898826,1,2.0958,0.2981,,1.51,0.0617,0.456,NOMINAL,NOMINAL,TRIGGERED,1,omni_p6
1642624200.0,1786276214.7156954,1,2.4938,0.3126,,1.668,0.0782,0.497,NOMINAL,NOMINAL,NORMAL,0,
1642625100.0,1786276214.8402529,1,2.1823,0.3129,,1.585,0.0712,0.554,NOMINAL,NOMINAL,NORMAL,0,
1642626000.0,1786276214.9731092,1,4.6268,0.548,,3.575,0.1188,0.871,NOMINAL,NOMINAL,NORMAL,0,
1642626900.0,1786276215.0978465,1,4.4705,0.4806,,3.701,0.1363,0.902,NOMINAL,NOMINAL,NORMAL,0,
1642627800.0,1786276215.2183237,1,3.5291,0.4083,,2.15,0.1097,0.667,NOMINAL,NOMINAL,NORMAL,0,
1642628700.0,1786276215.3419116,1,2.8909,0.3689,,2.021,0.0774,0.552,NOMINAL,NOMINAL,TRIGGERED,1,omni_p6
1642629600.0,1786276215.4688616,1,2.4556,0.3366,,1.743,0.1349,3.149,NOMINAL,PRE_ALERT,TRIGGERED,2,omni_p6
1642630500.0,1786276215.5937717,1,2.8066,0.3311,,1.672,0.1207,2.702,PRE_ALERT,NOMINAL,NORMAL,0,
1642631400.0,1786276215.71552,1,2.3359,0.3152,,1.534,0.0595,0.448,NOMINAL,NOMINAL,NORMAL,0,
1642632300.0,1786276215.840818,1,2.2802,0.2989,,1.678,0.0499,0.43,NOMINAL,NOMINAL,NORMAL,0,
1642633200.0,1786276215.966965,1,2.5852,0.3333,,1.844,0.0705,0.5,NOMINAL,NOMINAL,NORMAL,0,
1642634100.0,1786276216.091651,1,2.5546,0.3189,,1.884,0.0661,0.496,NOMINAL,NOMINAL,NORMAL,0,
1642635000.0,1786276216.2172751,1,2.7939,0.3398,,2.243,0.0699,0.552,NOMINAL,NOMINAL,TRIGGERED,1,omni_p6
1642635900.0,1786276216.3444588,1,2.9129,0.3597,,1.651,0.1493,3.137,NOMINAL,PRE_ALERT,TRIGGERED,2,omni_p6
1642636800.0,1786276216.4707668,1,2.447,0.3094,1.7711,1.778,0.1297,3.034,PRE_ALERT,NOMINAL,NORMAL,0,
1642637700.0,1786276216.5907922,1,2.2221,0.3117,,1.652,0.0695,0.493,NOMINAL,NOMINAL,NORMAL,0,
1642638600.0,1786276216.715908,1,2.6476,0.3206,,1.496,0.0676,0.468,NOMINAL,NOMINAL,NORMAL,0,
1642639500.0,1786276216.8413804,1,2.3914,0.3155,,1.895,0.0716,0.52,NOMINAL,NOMINAL,NORMAL,0,
1642640400.0,1786276216.9675362,1,2.7812,0.3447,,2.189,0.0937,0.589,NOMINAL,NOMINAL,NORMAL,0,
1642641300.0,1786276217.0915432,1,2.3627,0.2991,,2.098,0.0881,0.596,NOMINAL,NOMINAL,TRIGGERED,1,omni_p6
1642642200.0,1786276217.2214887,1,2.8856,0.3297,,3.326,0.1981,3.577,NOMINAL,PRE_ALERT,TRIGGERED,2,omni_p6
1642643100.0,1786276217.3448508,1,3.2507,0.3645,,1.912,0.1538,2.861,PRE_ALERT,NOMINAL,NORMAL,0,
1642644000.0,1786276217.4662588,1,2.51,0.328,,1.759,0.0798,0.523,NOMINAL,NOMINAL,NORMAL,0,
1642644900.0,1786276217.5908127,1,2.0785,0.3644,,2.051,0.0656,0.448,NOMINAL,NOMINAL,NORMAL,0,
1642645800.0,1786276217.7166548,1,2.3539,0.298,,2.337,0.0681,0.547,NOMINAL,NOMINAL,NORMAL,0,
1642646700.0,1786276217.8409457,1,2.2596,0.3083,,1.881,0.0665,0.455,NOMINAL,NOMINAL,TRIGGERED,1,omni_p6
1642647600.0,1786276217.969829,1,2.9125,0.3221,,2.026,0.1462,3.027,NOMINAL,PRE_ALERT,TRIGGERED,2,omni_p6
1642648500.0,1786276218.091638,1,1.4325,0.2171,,1.731,0.1352,2.925,PRE_ALERT,NOMINAL,NORMAL,0,
1642649400.0,1786276218.2166028,1,2.6988,0.326,,1.954,0.0766,0.62,NOMINAL,NOMINAL,NORMAL,0,
1642650300.0,1786276218.342245,1,2.7419,0.3452,,2.394,0.0877,0.581,NOMINAL,NOMINAL,NORMAL,0,
1642651200.0,1786276218.4662821,1,2.2048,0.2965,,2.229,0.0725,0.514,NOMINAL,NOMINAL,NORMAL,0,
1642652100.0,1786276218.5915031,1,2.4015,0.3133,,2.172,0.0667,0.477,NOMINAL,NOMINAL,NORMAL,0,
1642653000.0,1786276218.7155483,1,2.3066,0.2887,,1.65,0.062,0.448,NOMINAL,NOMINAL,NORMAL,0,
1642653900.0,1786276218.8412092,1,2.311,0.3124,,1.974,0.066,0.518,NOMINAL,NOMINAL,NORMAL,0,
1642654800.0,1786276218.9747996,1,5.5956,0.4995,,3.997,0.1415,0.915,NOMINAL,NOMINAL,NORMAL,0,
1642655700.0,1786276219.0915837,1,3.4542,0.3146,,0.847,0.0314,0.224,NOMINAL,NOMINAL,NORMAL,0,
1642656600.0,1786276219.2193604,1,3.4905,0.4138,,3.067,0.0869,0.689,NOMINAL,NOMINAL,NORMAL,0,
1642657500.0,1786276219.3429654,1,3.1471,0.382,,2.324,0.085,0.583,NOMINAL,NOMINAL,NORMAL,0,
1642658400.0,1786276219.4670238,1,2.7764,0.398,,1.959,0.0736,0.509,NOMINAL,NOMINAL,NORMAL,0,
1642659300.0,1786276219.5919936,1,2.469,0.3151,,2.536,0.0628,0.473,NOMINAL,NOMINAL,NORMAL,0,
1642660200.0,1786276219.7170227,1,2.4668,0.3307,,2.615,0.0604,0.448,NOMINAL,NOMINAL,NORMAL,0,
1642661100.0,1786276219.8449764,1,2.7823,0.3133,,2.426,0.0615,0.503,NOMINAL,NOMINAL,NORMAL,0,
1642662000.0,1786276219.9744875,1,4.7163,0.4883,,3.601,0.1317,0.893,NOMINAL,NOMINAL,NORMAL,0,
1642662900.0,1786276220.0972414,1,4.5988,0.4311,,2.592,0.1011,0.669,NOMINAL,NOMINAL,NORMAL,0,
1642663800.0,1786276220.2212765,1,3.6096,0.429,,2.984,0.0953,0.74,NOMINAL,NOMINAL,TRIGGERED,1,omni_p6
1642664700.0,1786276220.3475676,1,3.3501,0.405,,2.52,0.1685,3.139,NOMINAL,PRE_ALERT,TRIGGERED,2,omni_p6
1642665600.0,1786276220.470821,1,2.8127,0.3376,,2.308,0.1129,2.407,PRE_ALERT,NOMINAL,NORMAL,0,
1642666500.0,1786276220.5938213,1,2.6194,0.3326,,2.377,0.0654,0.482,NOMINAL,NOMINAL,NORMAL,0,
1642667400.0,1786276220.7195833,1,2.6382,0.3462,,2.996,0.0841,0.563,NOMINAL,NOMINAL,TRIGGERED,1,omni_p6
1642668300.0,1786276220.8421268,1,2.0518,0.279,,2.13,0.0711,0.469,NOMINAL,NOMINAL,NORMAL,0,
1642669200.0,1786276220.9682517,1,2.4713,0.317,,2.157,0.0721,0.583,NOMINAL,NOMINAL,TRIGGERED,1,omni_p6
1642670100.0,1786276221.0936816,1,1.7784,0.2643,,1.62,0.122,2.985,NOMINAL,PRE_ALERT,TRIGGERED,2,omni_p6
1642671000.0,1786276221.218077,1,2.3626,0.3063,,2.569,0.0783,0.538,PRE_ALERT,PRE_ALERT,TRIGGERED,3,omni_p6
1642671900.0,1786276221.3467355,1,2.9875,0.3615,,2.607,0.171,3.161,PRE_ALERT,NOMINAL,NORMAL,0,
1642672800.0,1786276221.4672778,1,1.9078,0.5528,,2.271,0.0743,0.497,NOMINAL,NOMINAL,NORMAL,0,
1642673700.0,1786276221.5918174,1,1.8397,0.2678,,2.137,0.0597,0.467,NOMINAL,NOMINAL,TRIGGERED,1,omni_p6
1642674600.0,1786276221.7171876,1,2.0952,0.2645,,2.303,0.0595,0.417,NOMINAL,NOMINAL,NORMAL,0,
1642675500.0,1786276221.841302,1,1.7497,0.2685,,1.82,0.0606,0.445,NOMINAL,NOMINAL,TRIGGERED,1,omni_p6
1642676400.0,1786276221.9723122,1,3.1124,0.3561,,2.872,0.1715,3.204,NOMINAL,PRE_ALERT,TRIGGERED,2,omni_p6
1642677300.0,1786276222.0917184,1,1.9739,0.2692,,1.892,0.0758,0.503,PRE_ALERT,PRE_ALERT,TRIGGERED,3,omni_p6
1642678200.0,1786276222.2198572,1,2.1788,0.3017,,2.271,0.1391,2.958,PRE_ALERT,NOMINAL,NORMAL,0,
1642679100.0,1786276222.3394535,1,1.1954,0.228,,0.945,0.044,0.32,NOMINAL,NOMINAL,NORMAL,0,
1642680000.0,1786276222.4677808,1,2.3564,0.3366,,2.22,0.0831,0.566,NOMINAL,NOMINAL,TRIGGERED,1,omni_p6
1642680900.0,1786276222.5939264,1,1.9511,0.2956,,1.587,0.1396,2.996,NOMINAL,PRE_ALERT,TRIGGERED,2,omni_p6
1642681800.0,1786276222.7182884,1,2.3928,0.3282,,2.468,0.073,0.491,PRE_ALERT,PRE_ALERT,TRIGGERED,3,omni_p6
1642682700.0,1786276222.8444116,1,2.2375,0.3105,,1.682,0.1228,2.94,PRE_ALERT,ALERT,TRIGGERED,4,omni_p6
1642683600.0,1786276222.971472,1,2.6986,0.3679,,2.521,0.1301,3.099,ALERT,NOMINAL,NORMAL,0,
1642684500.0,1786276223.0918574,1,2.2602,0.3302,,1.597,0.0801,0.495,NOMINAL,NOMINAL,NORMAL,0,
1642685400.0,1786276223.2186353,1,2.7347,0.3664,,2.326,0.0936,0.661,NOMINAL,NOMINAL,NORMAL,0,
1642686300.0,1786276223.3425949,1,2.4763,0.3238,,1.86,0.0775,0.559,NOMINAL,NOMINAL,TRIGGERED,1,omni_p6
1642687200.0,1786276223.470051,1,2.5956,0.3393,,1.667,0.1443,3.166,NOMINAL,PRE_ALERT,TRIGGERED,2,omni_p6
1642688100.0,1786276223.5925696,1,2.2668,0.3314,,2.16,0.0843,0.601,PRE_ALERT,PRE_ALERT,TRIGGERED,3,omni_p6
1642689000.0,1786276223.7195764,1,2.0568,0.3113,,2.07,0.1359,2.901,PRE_ALERT,ALERT,TRIGGERED,4,omni_p6
1642689900.0,1786276223.844226,1,2.041,0.3215,,1.729,0.1291,2.726,ALERT,NOMINAL,NORMAL,0,
1642690800.0,1786276223.972038,1,3.6929,0.4426,,3.761,0.1421,0.952,NOMINAL,NOMINAL,NORMAL,0,
1642691700.0,1786276224.0927582,1,2.3652,0.3263,,2.157,0.1065,0.735,NOMINAL,NOMINAL,TRIGGERED,1,omni_p6
1642692600.0,1786276224.2176566,1,2.3872,0.335,,2.093,0.1012,0.66,NOMINAL,NOMINAL,NORMAL,0,
1642693500.0,1786276224.3434572,1,2.6126,0.387,,2.097,0.1171,0.745,NOMINAL,NOMINAL,TRIGGERED,1,omni_p6
1642694400.0,1786276224.4693744,1,2.9451,0.374,,2.508,0.0986,0.764,NOMINAL,NOMINAL,NORMAL,0,
1642695300.0,1786276224.5918348,1,2.184,0.3023,,1.732,0.0725,0.528,NOMINAL,NOMINAL,TRIGGERED,1,omni_p6
1642696200.0,1786276224.7166739,1,2.0095,0.2901,,1.647,0.0711,0.457,NOMINAL,NOMINAL,NORMAL,0,
1642697100.0,1786276224.8408983,1,1.682,0.2653,,1.504,0.0608,0.438,NOMINAL,NOMINAL,NORMAL,0,
1642698000.0,1786276224.9656057,1,1.5296,0.3242,,1.125,0.0393,0.302,NOMINAL,NOMINAL,TRIGGERED,1,omni_p6
1642698900.0,1786276225.0951536,1,3.1367,0.4045,,3.09,0.126,0.85,NOMINAL,NOMINAL,NORMAL,0,
1642699800.0,1786276225.219475,1,2.3769,0.3158,,3.477,0.1116,0.775,NOMINAL,NOMINAL,NORMAL,0,
1642700700.0,1786276225.3428721,1,2.4027,0.3379,,2.11,0.1261,0.794,NOMINAL,NOMINAL,NORMAL,0,
1642701600.0,1786276225.4692273,1,2.6151,0.3485,,2.992,0.1027,0.657,NOMINAL,NOMINAL,NORMAL,0,
1642702500.0,1786276225.5923796,1,1.971,0.281,,2.399,0.0943,0.671,NOMINAL,NOMINAL,NORMAL,0,
1642703400.0,1786276225.7169123,1,2.1907,0.3117,,1.669,0.0902,0.537,NOMINAL,NOMINAL,NORMAL,0,
1642704300.0,1786276225.841197,1,1.72,0.2571,,1.698,0.0682,0.511,NOMINAL,NOMINAL,TRIGGERED,1,omni_p6
1642705200.0,1786276225.96537,1,1.3245,0.1815,,1.602,0.0689,0.407,NOMINAL,NOMINAL,NORMAL,0,
1642706100.0,1786276226.0931451,1,2.3024,0.2979,,2.463,0.0809,0.529,NOMINAL,NOMINAL,NORMAL,0,
1642707000.0,1786276226.2170525,1,2.0868,0.2768,,1.918,0.0949,0.552,NOMINAL,NOMINAL,NORMAL,0,
1642707900.0,1786276226.3423789,1,1.9426,0.2677,,2.033,0.073,0.483,NOMINAL,NOMINAL,NORMAL,0,
1642708800.0,1786276226.4700584,1,2.8006,0.3468,,3.019,0.1031,0.682,NOMINAL,NOMINAL,NORMAL,0,
1642709700.0,1786276226.5920238,1,2.0258,0.2754,,1.964,0.0806,0.526,NOMINAL,NOMINAL,NORMAL,0,
1642710600.0,1786276226.7170293,1,1.9198,0.2784,,2.196,0.0667,0.468,NOMINAL,NOMINAL,NORMAL,0,
1642711500.0,1786276226.8419647,1,1.841,0.2722,,2.272,0.0661,0.449,NOMINAL,NOMINAL,NORMAL,0,
1642712400.0,1786276226.9667902,1,1.7598,0.267,,2.177,0.0623,0.447,NOMINAL,NOMINAL,NORMAL,0,
1642713300.0,1786276227.0930603,1,2.2817,0.3026,,2.435,0.0757,0.504,NOMINAL,NOMINAL,NORMAL,0,
1642714200.0,1786276227.2173445,1,2.1264,0.3134,,2.18,0.0782,0.575,NOMINAL,NOMINAL,TRIGGERED,1,omni_p6
1642715100.0,1786276227.3417547,1,1.9496,0.2719,,1.872,0.0671,0.472,NOMINAL,NOMINAL,NORMAL,0,
1642716000.0,1786276227.4702675,1,2.808,0.341,,3.126,0.1138,0.706,NOMINAL,NOMINAL,NORMAL,0,
1642716900.0,1786276227.5927854,1,2.1938,0.2931,,2.107,0.0811,0.547,NOMINAL,NOMINAL,NORMAL,0,
1642717800.0,1786276227.7168028,1,1.8713,0.2669,,2.063,0.0548,0.434,NOMINAL,NOMINAL,NORMAL,0,
1642718700.0,1786276227.8422806,1,1.9105,0.2694,,2.331,0.0726,0.516,NOMINAL,NOMINAL,NORMAL,0,
1642719600.0,1786276227.9666479,1,1.6978,0.2768,,1.718,0.0678,0.441,NOMINAL,NOMINAL,NORMAL,0,
1642720500.0,1786276228.0948849,1,2.4539,0.319,,3.102,0.079,0.538,NOMINAL,NOMINAL,TRIGGERED,1,omni_p6
1642721400.0,1786276228.218849,1,2.5543,0.3338,,2.245,0.0844,0.562,NOMINAL,NOMINAL,NORMAL,0,
1642722300.0,1786276228.3426256,1,2.392,0.3835,,1.817,0.0733,0.52,NOMINAL,NOMINAL,NORMAL,0,
1642723200.0,1786276228.4718673,1,2.8371,0.3802,1.8072,2.833,0.099,0.7,NOMINAL,NOMINAL,NORMAL,0,
1642724100.0,1786276228.5941706,1,2.7237,0.344,,2.555,0.0936,0.575,NOMINAL,NOMINAL,NORMAL,0,
1642725000.0,1786276228.7179573,1,2.4813,0.3342,,1.779,0.0732,0.493,NOMINAL,NOMINAL,NORMAL,0,
1642725900.0,1786276228.8440049,1,2.5182,0.3463,,2.482,0.0735,0.541,NOMINAL,NOMINAL,TRIGGERED,1,omni_p6
1642726800.0,1786276228.9776263,1,4.3359,0.4673,,3.797,0.2216,3.817,NOMINAL,PRE_ALERT,TRIGGERED,2,omni_p6
1642727700.0,1786276229.097183,1,3.1208,0.3979,,2.969,0.1787,3.013,PRE_ALERT,NOMINAL,NORMAL,0,
1642728600.0,1786276229.217869,1,2.5853,0.356,,2.349,0.1021,0.674,NOMINAL,NOMINAL,NORMAL,0,
1642729500.0,1786276229.3426461,1,2.3499,0.3167,,2.031,0.0853,0.551,NOMINAL,NOMINAL,NORMAL,0,
1642730400.0,1786276229.4695883,1,2.9286,0.3661,,2.678,0.1126,0.702,NOMINAL,NOMINAL,NORMAL,0,
1642731300.0,1786276229.5921497,1,2.1808,0.307,,1.846,0.0805,0.567,NOMINAL,NOMINAL,NORMAL,0,
1642732200.0,1786276229.7179558,1,2.0445,0.2918,,2.706,0.0707,0.486,NOMINAL,NOMINAL,TRIGGERED,1,omni_p6
1642733100.0,1786276229.8450325,1,1.9234,0.2832,,2.552,0.1493,3.008,NOMINAL,PRE_ALERT,TRIGGERED,2,omni_p6
1642734000.0,1786276229.9724073,1,2.8352,0.3393,,3.283,0.2112,3.281,PRE_ALERT,NOMINAL,NORMAL,0,
1642734900.0,1786276230.0970097,1,3.7846,0.4229,,3.136,0.1216,0.799,NOMINAL,NOMINAL,NORMAL,0,
1642735800.0,1786276230.2156882,1,1.9454,0.2479,,1.286,0.0311,0.211,NOMINAL,NOMINAL,NORMAL,0,
1642736700.0,1786276230.3417723,1,2.0526,0.2847,,1.594,0.0779,0.521,NOMINAL,NOMINAL,NORMAL,0,
1642737600.0,1786276230.4693568,1,2.8462,0.3409,,2.479,0.1027,0.672,NOMINAL,NOMINAL,NORMAL,0,
1642738500.0,1786276230.5923126,1,2.2217,0.3138,,1.803,0.072,0.613,NOMINAL,NOMINAL,TRIGGERED,1,omni_p6
1642739400.0,1786276230.7173266,1,2.1244,0.2932,,1.945,0.0758,0.542,NOMINAL,NOMINAL,NORMAL,0,
1642740300.0,1786276230.8419511,1,1.8727,0.2857,,1.7,0.0673,0.503,NOMINAL,NOMINAL,NORMAL,0,
1642741200.0,1786276230.9660351,1,1.7008,0.2498,,1.505,0.058,0.426,NOMINAL,NOMINAL,NORMAL,0,
1642742100.0,1786276231.0938072,1,2.6394,0.3196,,2.34,0.0937,0.61,NOMINAL,NOMINAL,NORMAL,0,
1642743000.0,1786276231.2170558,1,2.0651,0.2937,,1.899,0.0731,0.492,NOMINAL,NOMINAL,NORMAL,0,
1642743900.0,1786276231.3420131,1,2.2146,0.3129,,1.683,0.0855,0.552,NOMINAL,NOMINAL,NORMAL,0,
1642744800.0,1786276231.468031,1,2.3924,0.3132,,1.873,0.08,0.52,NOMINAL,NOMINAL,NORMAL,0,
1642745700.0,1786276231.593551,1,2.364,0.3373,,2.75,0.092,0.607,NOMINAL,NOMINAL,NORMAL,0,
1642746600.0,1786276231.7173285,1,2.2534,0.3145,,1.788,0.0735,0.515,NOMINAL,NOMINAL,NORMAL,0,
1642747500.0,1786276231.841959,1,1.8755,0.2681,,2.185,0.0677,0.476,NOMINAL,NOMINAL,NORMAL,0,
1642748400.0,1786276231.9662995,1,1.778,0.3052,,1.686,0.0603,0.436,NOMINAL,NOMINAL,NORMAL,0,
1642749300.0,1786276232.0940406,1,2.6523,0.3263,,2.718,0.0781,0.587,NOMINAL,NOMINAL,NORMAL,0,
1642750200.0,1786276232.21647,1,1.8808,0.2637,,1.674,0.1253,0.537,NOMINAL,NOMINAL,NORMAL,0,
1642751100.0,1786276232.3423193,1,2.2498,0.319,,1.759,0.0737,0.528,NOMINAL,NOMINAL,NORMAL,0,
1642752000.0,1786276232.4675758,1,2.2384,0.3046,,1.901,0.074,0.534,NOMINAL,NOMINAL,NORMAL,0,
1642752900.0,1786276232.5935023,1,2.2797,0.3108,,2.543,0.0916,0.591,NOMINAL,NOMINAL,NORMAL,0,
1642753800.0,1786276232.7174425,1,2.0477,0.299,,2.293,0.0713,0.513,NOMINAL,NOMINAL,NORMAL,0,
1642754700.0,1786276232.8414626,1,1.7691,0.2785,,1.674,0.0684,0.483,NOMINAL,NOMINAL,TRIGGERED,1,omni_p6
1642755600.0,1786276232.9663222,1,1.6569,0.2617,,1.884,0.0634,0.417,NOMINAL,NOMINAL,NORMAL,0,
1642756500.0,1786276233.0932636,1,2.4503,0.3264,,2.19,0.0944,0.559,NOMINAL,NOMINAL,NORMAL,0,
1642757400.0,1786276233.2168815,1,1.8144,0.2815,,1.668,0.0704,0.475,NOMINAL,NOMINAL,NORMAL,0,
1642758300.0,1786276233.3426876,1,2.2526,0.3005,,2.12,0.0831,0.57,NOMINAL,NOMINAL,NORMAL,0,
1642759200.0,1786276233.4652247,1,1.3242,0.2121,,1.202,0.0839,0.563,NOMINAL,NOMINAL,NORMAL,0,
1642760100.0,1786276233.593729,1,2.4599,0.3268,,2.512,0.0858,0.59,NOMINAL,NOMINAL,TRIGGERED,1,omni_p6
1642761000.0,1786276233.7204876,1,2.0308,0.2992,,2.334,0.1458,3.117,NOMINAL,PRE_ALERT,TRIGGERED,2,omni_p6
1642761900.0,1786276233.8457634,1,1.9985,0.2912,,1.842,0.1418,4.264,PRE_ALERT,NOMINAL,NORMAL,0,
1642762800.0,1786276233.9726324,1,3.7114,0.4197,,3.639,0.1324,1.359,NOMINAL,NOMINAL,NORMAL,0,
1642763700.0,1786276234.0906277,1,1.6154,0.2336,,1.02,0.1051,0.655,NOMINAL,NOMINAL,NORMAL,0,
1642764600.0,1786276234.2187257,1,2.6666,0.333,,2.316,0.0796,0.565,NOMINAL,NOMINAL,NORMAL,0,
1642765500.0,1786276234.343658,1,2.9897,0.3562,,1.771,0.0922,0.616,NOMINAL,NOMINAL,NORMAL,0,
1642766400.0,1786276234.4674613,1,2.157,0.2528,,2.101,0.0251,0.297,NOMINAL,NOMINAL,TRIGGERED,1,omni_p6
1642767300.0,1786276234.5962977,1,2.8892,0.3385,,2.103,0.1668,3.196,NOMINAL,PRE_ALERT,TRIGGERED,2,omni_p6
1642768200.0,1786276234.7205794,1,2.7393,0.3527,,1.919,0.1445,2.747,PRE_ALERT,NOMINAL,NORMAL,0,
1642769100.0,1786276234.8428347,1,2.427,0.3224,,1.787,0.066,0.456,NOMINAL,NOMINAL,NORMAL,0,
1642770000.0,1786276234.9715612,1,3.5082,0.3783,,3.061,0.1275,0.839,NOMINAL,NOMINAL,NORMAL,0,
1642770900.0,1786276235.0953023,1,3.2262,0.3618,,2.746,0.0329,0.234,NOMINAL,NOMINAL,NORMAL,0,
1642771800.0,1786276235.2207956,1,3.5026,0.3872,,2.789,0.0977,0.719,NOMINAL,NOMINAL,NORMAL,0,
1642772700.0,1786276235.3446395,1,3.2282,0.3734,,2.393,0.0894,0.677,NOMINAL,NOMINAL,TRIGGERED,1,omni_p6
1642773600.0,1786276235.47047,1,2.5294,0.3157,,2.38,0.1361,2.447,NOMINAL,PRE_ALERT,TRIGGERED,2,omni_p6
1642774500.0,1786276235.5962374,1,2.8133,0.3221,,2.449,0.1376,2.912,PRE_ALERT,NOMINAL,NORMAL,0,
1642775400.0,1786276235.718142,1,2.4964,0.3105,,2.141,0.0691,0.451,NOMINAL,NOMINAL,NORMAL,0,
1642776300.0,1786276235.8432193,1,2.461,0.3193,,2.106,0.0787,0.461,NOMINAL,NOMINAL,NORMAL,0,
1642777200.0,1786276235.9668455,1,2.2815,0.2837,,1.507,0.0541,0.409,NOMINAL,NOMINAL,NORMAL,0,
1642778100.0,1786276236.0922637,1,2.223,0.3059,,1.668,0.0554,0.485,NOMINAL,NOMINAL,NORMAL,0,
1642779000.0,1786276236.2191033,1,2.7769,0.3783,,2.333,0.0693,0.513,NOMINAL,NOMINAL,TRIGGERED,1,omni_p6
1642779900.0,1786276236.3439007,1,2.7405,0.3725,,2.22,0.0804,0.554,NOMINAL,NOMINAL,NORMAL,0,
1642780800.0,1786276236.4675016,1,2.426,0.3005,,1.893,0.074,0.462,NOMINAL,NOMINAL,NORMAL,0,
1642781700.0,1786276236.5932848,1,2.5762,0.3289,,2.278,0.0726,0.485,NOMINAL,NOMINAL,NORMAL,0,
1642782600.0,1786276236.7187464,1,2.6173,0.3226,,2.546,0.0824,0.51,NOMINAL,NOMINAL,NORMAL,0,
1642783500.0,1786276236.8425412,1,2.3302,0.3504,,1.776,0.0719,0.465,NOMINAL,NOMINAL,NORMAL,0,
1642784400.0,1786276236.9679153,1,2.2912,0.2956,,2.1,0.0636,0.434,NOMINAL,NOMINAL,NORMAL,0,
1642785300.0,1786276237.0917468,1,2.0757,0.2814,,1.624,0.0608,0.425,NOMINAL,NOMINAL,NORMAL,0,
1642786200.0,1786276237.2195392,1,2.7813,0.3816,,2.562,0.0908,0.579,NOMINAL,NOMINAL,NORMAL,0,
1642787100.0,1786276237.3436275,1,2.7375,0.346,,1.956,0.0845,0.579,NOMINAL,NOMINAL,NORMAL,0,
1642788000.0,1786276237.4672518,1,2.2757,0.2996,,1.72,0.0583,0.477,NOMINAL,NOMINAL,NORMAL,0,
1642788900.0,1786276237.5919824,1,2.196,0.2783,,1.713,0.0566,0.455,NOMINAL,NOMINAL,NORMAL,0,
1642789800.0,1786276237.7168891,1,1.828,0.2118,,1.789,0.0544,0.378,NOMINAL,NOMINAL,NORMAL,0,
1642790700.0,1786276237.839467,1,1.1823,0.1483,,0.876,0.0334,0.241,NOMINAL,NOMINAL,NORMAL,0,
1642791600.0,1786276237.9666274,1,1.8486,0.2141,,1.674,0.0517,0.373,NOMINAL,NOMINAL,NORMAL,0,
1642792500.0,1786276238.0933099,1,2.4601,0.3023,,2.447,0.1032,0.705,NOMINAL,NOMINAL,NORMAL,0,
1642793400.0,1786276238.220291,1,2.9888,0.3912,,3.228,0.0873,0.714,NOMINAL,NOMINAL,NORMAL,0,
1642794300.0,1786276238.3431425,1,2.6191,0.3791,,2.072,0.0952,0.624,NOMINAL,NOMINAL,NORMAL,0,
1642795200.0,1786276238.4668608,1,1.838,0.3228,,2.029,0.0701,0.492,NOMINAL,NOMINAL,NORMAL,0,
1642796100.0,1786276238.591456,1,1.897,0.2584,,1.724,0.0726,0.506,NOMINAL,NOMINAL,NORMAL,0,
1642797000.0,1786276238.718,1,2.2549,0.2825,,2.05,0.0846,0.606,NOMINAL,NOMINAL,NORMAL,0,
1642797900.0,1786276238.842178,1,2.0833,0.2888,,1.951,0.0793,0.568,NOMINAL,NOMINAL,NORMAL,0,
1642798800.0,1786276238.9716492,1,3.7702,0.3969,,4.021,0.1277,0.887,NOMINAL,NOMINAL,NORMAL,0,
1642799700.0,1786276239.0935304,1,2.6082,0.3242,,2.423,0.1048,0.701,NOMINAL,NOMINAL,TRIGGERED,1,omni_p6
1642800600.0,1786276239.219102,1,2.8459,0.3319,,2.369,0.1048,0.673,NOMINAL,NOMINAL,NORMAL,0,
1642801500.0,1786276239.342483,1,2.3632,0.2958,,1.963,0.0924,0.641,NOMINAL,NOMINAL,NORMAL,0,
1642802400.0,1786276239.4669118,1,1.9938,0.2795,,1.811,0.0743,0.535,NOMINAL,NOMINAL,NORMAL,0,
1642803300.0,1786276239.5929816,1,2.4055,0.3169,,2.136,0.0857,0.603,NOMINAL,NOMINAL,NORMAL,0,
1642804200.0,1786276239.7178514,1,2.2714,0.3137,,2.201,0.0825,0.597,NOMINAL,NOMINAL,NORMAL,0,
1642805100.0,1786276239.8418245,1,1.9947,0.2829,,1.775,0.067,0.51,NOMINAL,NOMINAL,TRIGGERED,1,omni_p6
1642806000.0,1786276239.972381,1,2.458,0.3012,,3.192,0.2292,3.538,NOMINAL,PRE_ALERT,TRIGGERED,2,omni_p6
1642806900.0,1786276240.1001477,1,3.9618,0.4125,,3.194,0.2014,3.317,PRE_ALERT,NOMINAL,NORMAL,0,
1642807800.0,1786276240.2204905,1,3.4269,0.3931,,2.42,0.0999,0.709,NOMINAL,NOMINAL,NORMAL,0,
1642808700.0,1786276240.344034,1,3.1439,0.3682,,1.989,0.1062,0.626,NOMINAL,NOMINAL,NORMAL,0,
1642809600.0,1786276240.4715579,1,2.7887,0.3139,1.7513,3.033,0.0892,0.622,NOMINAL,NOMINAL,NORMAL,0,
1642810500.0,1786276240.5934734,1,2.9217,0.3234,,2.048,0.0944,0.585,NOMINAL,NOMINAL,NORMAL,0,
1642811400.0,1786276240.7193997,1,2.9655,0.3796,,2.555,0.0897,0.619,NOMINAL,NOMINAL,TRIGGERED,1,omni_p6
1642812300.0,1786276240.845828,1,2.3725,0.355,,2.462,0.1533,3.038,NOMINAL,PRE_ALERT,TRIGGERED,2,omni_p6
1642813200.0,1786276240.970082,1,2.2332,0.2937,,2.397,0.1333,2.73,PRE_ALERT,NOMINAL,NORMAL,0,
1642814100.0,1786276241.0926816,1,2.1244,0.2857,,2.386,0.067,0.464,NOMINAL,NOMINAL,NORMAL,0,
1642815000.0,1786276241.2179627,1,2.4022,0.3135,,1.977,0.0737,0.523,NOMINAL,NOMINAL,NORMAL,0,
1642815900.0,1786276241.3400915,1,1.5837,0.1846,,1.258,0.0251,0.181,NOMINAL,NOMINAL,NORMAL,0,
1642816800.0,1786276241.4673378,1,1.9633,0.2845,,2.244,0.0686,0.493,NOMINAL,NOMINAL,NORMAL,0,
1642817700.0,1786276241.5924296,1,2.1192,0.284,,1.828,0.0648,0.554,NOMINAL,NOMINAL,TRIGGERED,1,omni_p6
1642818600.0,1786276241.717649,1,2.0696,0.2943,,2.21,0.0769,0.558,NOMINAL,NOMINAL,NORMAL,0,
1642819500.0,1786276241.8425856,1,2.0894,0.2913,,2.246,0.0732,0.49,NOMINAL,NOMINAL,NORMAL,0,
1642820400.0,1786276241.9665456,1,1.8466,0.3186,,1.698,0.0662,0.448,NOMINAL,NOMINAL,NORMAL,0,
1642821300.0,1786276242.0916855,1,2.0245,0.2705,,1.706,0.0587,0.446,NOMINAL,NOMINAL,NORMAL,0,
1642822200.0,1786276242.216459,1,1.6649,0.3074,,1.921,0.1341,0.595,NOMINAL,NOMINAL,NORMAL,0,
1642823100.0,1786276242.341679,1,2.096,0.2829,,1.51,0.0569,0.405,NOMINAL,NOMINAL,NORMAL,0,
1642824000.0,1786276242.4674122,1,2.1839,0.289,,2.065,0.0697,0.479,NOMINAL,NOMINAL,TRIGGERED,1,omni_p6
1642824900.0,1786276242.592616,1,2.2866,0.2937,,2.002,0.0765,0.598,NOMINAL,NOMINAL,NORMAL,0,
1642825800.0,1786276242.717269,1,2.0391,0.2779,,1.704,0.0657,0.455,NOMINAL,NOMINAL,NORMAL,0,
1642826700.0,1786276242.8432891,1,2.5218,0.3651,,2.199,0.0876,0.58,NOMINAL,NOMINAL,NORMAL,0,
1642827600.0,1786276242.967018,1,2.1058,0.294,,1.787,0.0751,0.49,NOMINAL,NOMINAL,NORMAL,0,
1642828500.0,1786276243.0919502,1,1.908,0.2788,,2.102,0.0627,0.448,NOMINAL,NOMINAL,NORMAL,0,
1642829400.0,1786276243.2159276,1,1.5466,0.1819,,1.569,0.0535,0.379,NOMINAL,NOMINAL,NORMAL,0,
1642830300.0,1786276243.3423522,1,2.3027,0.2924,,1.928,0.0867,0.518,NOMINAL,NOMINAL,NORMAL,0,
1642831200.0,1786276243.468226,1,2.3105,0.2978,,2.498,0.0904,0.664,NOMINAL,NOMINAL,NORMAL,0,
1642832100.0,1786276243.5921516,1,2.0666,0.2798,,1.873,0.0826,0.605,NOMINAL,NOMINAL,NORMAL,0,
1642833000.0,1786276243.7170072,1,2.1531,0.2896,,1.719,0.0842,0.532,NOMINAL,NOMINAL,NORMAL,0,
1642833900.0,1786276243.8438263,1,2.4475,0.3287,,2.485,0.1029,0.72,NOMINAL,NOMINAL,NORMAL,0,
1642834800.0,1786276243.97316,1,3.7624,0.4729,,3.8,0.1472,0.926,NOMINAL,NOMINAL,NORMAL,0,
1642835700.0,1786276244.0934625,1,2.3704,0.3025,,2.824,0.1114,0.698,NOMINAL,NOMINAL,NORMAL,0,
1642836600.0,1786276244.217294,1,2.2409,0.2915,,2.051,0.0849,0.556,NOMINAL,NOMINAL,NORMAL,0,
1642837500.0,1786276244.3433697,1,2.5609,0.3328,,2.166,0.0957,0.591,NOMINAL,NOMINAL,NORMAL,0,
1642838400.0,1786276244.4691312,1,2.48,0.2997,,2.337,0.082,0.541,NOMINAL,NOMINAL,NORMAL,0,
1642839300.0,1786276244.5920835,1,2.1768,0.3177,,1.997,0.0862,0.535,NOMINAL,NOMINAL,TRIGGERED,1,omni_p6
1642840200.0,1786276244.7207782,1,2.382,0.2888,,1.975,0.1551,3.176,NOMINAL,PRE_ALERT,TRIGGERED,2,omni_p6
1642841100.0,1786276244.846655,1,2.6336,0.3113,,2.706,0.1439,2.935,PRE_ALERT,NOMINAL,NORMAL,0,
1642842000.0,1786276244.973023,1,3.7057,0.4158,,3.279,0.4933,1.282,NOMINAL,NOMINAL,NORMAL,0,
1642842900.0,1786276245.0965955,1,3.5996,0.4179,,2.889,0.1659,0.85,NOMINAL,NOMINAL,NORMAL,0,
1642843800.0,1786276245.2192578,1,2.8185,0.3525,,2.524,0.0787,0.596,NOMINAL,NOMINAL,NORMAL,0,
1642844700.0,1786276245.3437285,1,2.7995,0.3402,,2.213,0.0745,0.531,NOMINAL,NOMINAL,NORMAL,0,
1642845600.0,1786276245.468607,1,2.6507,0.3244,,1.964,0.0703,0.586,NOMINAL,NOMINAL,TRIGGERED,1,omni_p6
1642846500.0,1786276245.5915544,1,1.9267,0.2173,,1.679,0.0256,0.184,NOMINAL,NOMINAL,NORMAL,0,
1642847400.0,1786276245.71801,1,2.1539,0.2913,,2.227,0.0655,0.47,NOMINAL,NOMINAL,NORMAL,0,
1642848300.0,1786276245.84527,1,3.1181,0.3482,,2.621,0.0911,0.636,NOMINAL,NOMINAL,NORMAL,0,
1642849200.0,1786276245.968043,1,2.5075,0.3087,,1.895,0.0699,0.514,NOMINAL,NOMINAL,NORMAL,0,
1642850100.0,1786276246.0928626,1,2.2936,0.2916,,1.929,0.0669,0.472,NOMINAL,NOMINAL,NORMAL,0,
1642851000.0,1786276246.217653,1,2.0359,0.2859,,2.34,0.0557,0.415,NOMINAL,NOMINAL,NORMAL,0,
1642851900.0,1786276246.3443315,1,2.7564,0.3555,,2.473,0.081,0.613,NOMINAL,NOMINAL,TRIGGERED,1,omni_p6
1642852800.0,1786276246.4690235,1,2.5479,0.3464,,2.625,0.0832,0.529,NOMINAL,NOMINAL,NORMAL,0,
1642853700.0,1786276246.5934992,1,2.1812,0.2891,,2.914,0.0604,0.43,NOMINAL,NOMINAL,NORMAL,0,
1642854600.0,1786276246.7179146,1,2.306,0.2951,,1.939,0.0746,0.486,NOMINAL,NOMINAL,NORMAL,0,
1642855500.0,1786276246.8440793,1,2.6828,0.3164,,2.183,0.0828,0.588,NOMINAL,NOMINAL,NORMAL,0,
1642856400.0,1786276246.9684796,1,2.4037,0.3091,,2.444,0.114,0.553,NOMINAL,NOMINAL,NORMAL,0,
1642857300.0,1786276247.0924435,1,2.0685,0.2917,,1.945,0.1139,0.513,NOMINAL,NOMINAL,TRIGGERED,1,omni_p6
1642858200.0,1786276247.2203114,1,2.1014,0.2909,,1.703,0.1365,3.109,NOMINAL,PRE_ALERT,TRIGGERED,2,omni_p6
1642859100.0,1786276247.3464077,1,2.7845,0.3288,,1.982,0.1558,2.986,PRE_ALERT,NOMINAL,NORMAL,0,
1642860000.0,1786276247.468922,1,2.6789,0.328,,2.266,0.0758,0.556,NOMINAL,NOMINAL,NORMAL,0,
1642860900.0,1786276247.592279,1,2.2244,0.3005,,1.687,0.0609,0.508,NOMINAL,NOMINAL,NORMAL,0,
1642861800.0,1786276247.7181718,1,2.261,0.2987,,2.207,0.0739,0.477,NOMINAL,NOMINAL,NORMAL,0,
1642862700.0,1786276247.84253,1,2.1677,0.3375,,1.63,0.0671,0.461,NOMINAL,NOMINAL,NORMAL,0,
1642863600.0,1786276247.968604,1,2.6298,0.3203,,1.895,0.068,0.576,NOMINAL,NOMINAL,TRIGGERED,1,omni_p6
1642864500.0,1786276248.0941489,1,1.881,0.2734,,1.736,0.1418,3.026,NOMINAL,PRE_ALERT,TRIGGERED,2,omni_p6
1642865400.0,1786276248.218493,1,1.9138,0.2691,,1.531,0.1802,2.599,PRE_ALERT,NOMINAL,NORMAL,0,
1642866300.0,1786276248.343074,1,2.3959,0.3354,,2.184,0.0786,0.518,NOMINAL,NOMINAL,NORMAL,0,
1642867200.0,1786276248.4672437,1,2.0823,0.2856,,1.73,0.0704,0.473,NOMINAL,NOMINAL,NORMAL,0,
1642868100.0,1786276248.5922644,1,2.1677,0.293,,1.858,0.0718,0.529,NOMINAL,NOMINAL,NORMAL,0,
1642869000.0,1786276248.7179606,1,2.1245,0.2842,,2.432,0.0713,0.498,NOMINAL,NOMINAL,NORMAL,0,
1642869900.0,1786276248.8429356,1,2.3158,0.3107,,2.271,0.0967,0.613,NOMINAL,NOMINAL,NORMAL,0,
1642870800.0,1786276248.9742799,1,4.2363,0.457,,3.805,0.1426,0.906,NOMINAL,NOMINAL,NORMAL,0,
1642871700.0,1786276249.0937705,1,2.7447,0.3433,,2.582,0.1011,0.646,NOMINAL,NOMINAL,NORMAL,0,
1642872600.0,1786276249.217428,1,2.3738,0.3044,,1.929,0.0858,0.545,NOMINAL,NOMINAL,NORMAL,0,
1642873500.0,1786276249.3434649,1,2.7084,0.3374,,1.976,0.0893,0.605,NOMINAL,NOMINAL,NORMAL,0,
1642874400.0,1786276249.4678807,1,2.2011,0.2982,,2.101,0.085,0.574,NOMINAL,NOMINAL,NORMAL,0,
1642875300.0,1786276249.591998,1,1.9421,0.278,,1.69,0.0794,0.491,NOMINAL,NOMINAL,NORMAL,0,
1642876200.0,1786276249.7178621,1,2.328,0.2986,,2.238,0.0791,0.526,NOMINAL,NOMINAL,NORMAL,0,
1642877100.0,1786276249.8428276,1,2.34,0.3331,,2.001,0.0848,0.536,NOMINAL,NOMINAL,NORMAL,0,
1642878000.0,1786276249.9736125,1,4.039,0.3781,,3.995,0.1372,0.915,NOMINAL,NOMINAL,NORMAL,0,
1642878900.0,1786276250.096377,1,3.114,0.3902,,3.69,0.1191,0.909,NOMINAL,NOMINAL,NORMAL,0,
1642879800.0,1786276250.218793,1,2.5266,0.327,,2.464,0.0939,0.634,NOMINAL,NOMINAL,NORMAL,0,
1642880700.0,1786276250.3398063,1,1.4089,0.2125,,0.893,0.0388,0.297,NOMINAL,NOMINAL,NORMAL,0,
1642881600.0,1786276250.4667091,1,1.9375,0.3561,,1.775,0.0864,0.574,NOMINAL,NOMINAL,NORMAL,0,
1642882500.0,1786276250.5913296,1,1.8237,0.2595,,1.695,0.0776,0.518,NOMINAL,NOMINAL,NORMAL,0,
1642883400.0,1786276250.7173243,1,2.2051,0.289,,1.889,0.0748,0.508,NOMINAL,NOMINAL,NORMAL,0,
1642884300.0,1786276250.8420637,1,1.9899,0.2879,,2.132,0.072,0.487,NOMINAL,NOMINAL,TRIGGERED,1,omni_p6
1642885200.0,1786276250.9687245,1,2.5139,0.3063,,2.287,0.0872,0.661,NOMINAL,NOMINAL,NORMAL,0,
1642886100.0,1786276251.0917943,1,1.9515,0.2527,,2.129,0.0727,0.469,NOMINAL,NOMINAL,NORMAL,0,
1642887000.0,1786276251.2164905,1,1.8852,0.4942,,1.561,0.0673,0.514,NOMINAL,NOMINAL,NORMAL,0,
1642887900.0,1786276251.3415525,1,1.9166,0.2103,,1.999,0.0701,0.448,NOMINAL,NOMINAL,NORMAL,0,
1642888800.0,1786276251.468508,1,2.5533,0.3207,,2.575,0.142,0.642,NOMINAL,NOMINAL,NORMAL,0,
1642889700.0,1786276251.591955,1,1.9401,0.2587,,2.209,0.0687,0.509,NOMINAL,NOMINAL,NORMAL,0,
1642890600.0,1786276251.7184541,1,2.0095,0.4907,,2.894,0.0711,0.527,NOMINAL,NOMINAL,TRIGGERED,1,omni_p6
1642891500.0,1786276251.8422103,1,1.9521,0.2788,,2.219,0.07,0.48,NOMINAL,NOMINAL,NORMAL,0,
1642892400.0,1786276251.9688032,1,2.5215,0.3256,,2.676,0.0864,0.563,NOMINAL,NOMINAL,NORMAL,0,
1642893300.0,1786276252.0922878,1,1.9087,0.2504,,2.478,0.0705,0.547,NOMINAL,NOMINAL,NORMAL,0,
1642894200.0,1786276252.2164752,1,1.8562,0.4652,,1.557,0.119,0.53,NOMINAL,NOMINAL,NORMAL,0,
1642895100.0,1786276252.3410892,1,1.9081,0.2787,,1.346,0.0681,0.461,NOMINAL,NOMINAL,NORMAL,0,
1642896000.0,1786276252.4654686,1,0.9252,0.2552,0.8946,0.944,0.0431,0.301,NOMINAL,NOMINAL,NORMAL,0,
1642896900.0,1786276252.5925846,1,2.1076,0.2766,,2.442,0.1384,0.669,NOMINAL,NOMINAL,TRIGGERED,1,omni_p6
1642897800.0,1786276252.717451,1,2.074,0.284,,2.014,0.0919,0.596,NOMINAL,NOMINAL,NORMAL,0,
1642898700.0,1786276252.8428192,1,2.2099,0.2743,,2.725,0.077,0.504,NOMINAL,NOMINAL,NORMAL,0,
1642899600.0,1786276252.9666147,1,1.9285,0.2436,,1.996,0.0656,0.446,NOMINAL,NOMINAL,NORMAL,0,
1642900500.0,1786276253.0936272,1,2.5447,0.3151,,2.591,0.0953,0.587,NOMINAL,NOMINAL,NORMAL,0,
1642901400.0,1786276253.2168193,1,1.9499,0.2744,,2.089,0.0654,0.476,NOMINAL,NOMINAL,NORMAL,0,
1642902300.0,1786276253.3414836,1,1.8875,0.2777,,1.766,0.0572,0.469,NOMINAL,NOMINAL,TRIGGERED,1,omni_p6
1642903200.0,1786276253.4685762,1,1.8479,0.2334,,1.78,0.1381,2.407,NOMINAL,PRE_ALERT,TRIGGERED,2,omni_p6
1642904100.0,1786276253.5952618,1,2.236,0.3114,,2.479,0.1573,2.933,PRE_ALERT,NOMINAL,NORMAL,0,
1642905000.0,1786276253.7182314,1,2.4509,0.3187,,2.301,0.0927,0.585,NOMINAL,NOMINAL,NORMAL,0,
1642905900.0,1786276253.8434489,1,2.3043,0.3215,,2.89,0.0958,0.605,NOMINAL,NOMINAL,NORMAL,0,
1642906800.0,1786276253.9702847,1,2.7674,0.3534,,3.73,0.1307,0.935,NOMINAL,NOMINAL,NORMAL,0,
1642907700.0,1786276254.0947266,1,3.0189,0.3623,,3.233,0.114,0.815,NOMINAL,NOMINAL,NORMAL,0,
1642908600.0,1786276254.2176437,1,2.2508,0.3047,,2.411,0.0867,0.601,NOMINAL,NOMINAL,TRIGGERED,1,omni_p6
1642909500.0,1786276254.3440685,1,1.9751,0.2894,,1.594,0.1598,3.116,NOMINAL,PRE_ALERT,TRIGGERED,2,omni_p6
1642910400.0,1786276254.4707413,1,2.3259,0.3126,,2.491,0.1652,3.047,PRE_ALERT,NOMINAL,NORMAL,0,
1642911300.0,1786276254.5926604,1,2.2984,0.3035,,2.195,0.0838,0.598,NOMINAL,NOMINAL,NORMAL,0,
1642912200.0,1786276254.7176456,1,2.2635,0.3114,,2.057,0.0833,0.553,NOMINAL,NOMINAL,NORMAL,0,
1642913100.0,1786276254.8427012,1,2.175,0.2995,,2.525,0.0818,0.533,NOMINAL,NOMINAL,NORMAL,0,
1642914000.0,1786276254.9695184,1,2.6247,0.3663,,3.223,0.1533,0.985,NOMINAL,NOMINAL,NORMAL,0,
1642914900.0,1786276255.0955818,1,3.3318,0.4075,,3.037,0.128,0.824,NOMINAL,NOMINAL,NORMAL,0,
1642915800.0,1786276255.2183459,1,2.6169,0.5083,,2.163,0.1044,0.679,NOMINAL,NOMINAL,NORMAL,0,
1642916700.0,1786276255.3419878,1,2.2889,0.3193,,1.56,0.0845,0.573,NOMINAL,NOMINAL,NORMAL,0,
1642917600.0,1786276255.4680738,1,2.564,0.3206,,1.959,0.0862,0.563,NOMINAL,NOMINAL,NORMAL,0,
1642918500.0,1786276255.5929365,1,2.552,0.3197,,1.971,0.08,0.55,NOMINAL,NOMINAL,NORMAL,0,
1642919400.0,1786276255.7172923,1,2.4553,0.3225,,1.972,0.087,0.573,NOMINAL,NOMINAL,NORMAL,0,
1642920300.0,1786276255.842213,1,2.2139,0.3033,,1.813,0.0803,0.535,NOMINAL,NOMINAL,NORMAL,0,
1642921200.0,1786276255.9667099,1,1.9273,0.2837,,1.616,0.0618,0.483,NOMINAL,NOMINAL,NORMAL,0,
1642922100.0,1786276256.0924037,1,2.2991,0.3029,,1.887,0.0771,0.594,NOMINAL,NOMINAL,NORMAL,0,
1642923000.0,1786276256.2169144,1,2.0823,0.2972,,1.831,0.0704,0.48,NOMINAL,NOMINAL,NORMAL,0,
1642923900.0,1786276256.3413806,1,2.1696,0.2799,,1.345,0.0585,0.432,NOMINAL,NOMINAL,NORMAL,0,
1642924800.0,1786276256.4678504,1,2.3831,0.3201,,1.944,0.0953,0.553,NOMINAL,NOMINAL,TRIGGERED,1,omni_p6
1642925700.0,1786276256.5929997,1,2.3782,0.3056,,2.353,0.086,0.53,NOMINAL,NOMINAL,NORMAL,0,
1642926600.0,1786276256.716522,1,1.6985,0.2009,,2.043,0.058,0.456,NOMINAL,NOMINAL,NORMAL,0,
1642927500.0,1786276256.842526,1,2.0444,0.2897,,2.532,0.0623,0.463,NOMINAL,NOMINAL,NORMAL,0,
1642928400.0,1786276256.9667208,1,1.8081,0.3091,,2.078,0.0511,0.406,NOMINAL,NOMINAL,NORMAL,0,
1642929300.0,1786276257.0932026,1,2.4785,0.3028,,2.413,0.0878,0.583,NOMINAL,NOMINAL,NORMAL,0,
1642930200.0,1786276257.217181,1,2.1188,0.2679,,2.106,0.0682,0.472,NOMINAL,NOMINAL,NORMAL,0,
1642931100.0,1786276257.341116,1,1.7644,0.263,,1.59,0.0618,0.421,NOMINAL,NOMINAL,TRIGGERED,1,omni_p6
1642932000.0,1786276257.4686549,1,2.4642,0.3155,,2.547,0.0948,0.631,NOMINAL,NOMINAL,NORMAL,0,
1642932900.0,1786276257.5930877,1,2.395,0.297,,2.448,0.0878,0.538,NOMINAL,NOMINAL,NORMAL,0,
1642933800.0,1786276257.7188487,1,2.1283,0.2936,,3.568,0.0692,0.512,NOMINAL,NOMINAL,NORMAL,0,
1642934700.0,1786276257.8431442,1,2.4819,0.3126,,2.097,0.0704,0.479,NOMINAL,NOMINAL,NORMAL,0,
1642935600.0,1786276257.9667056,1,2.0554,0.2801,,1.663,0.0609,0.433,NOMINAL,NOMINAL,NORMAL,0,
1642936500.0,1786276258.0912373,1,1.9801,0.2656,,1.43,0.059,0.414,NOMINAL,NOMINAL,TRIGGERED,1,omni_p6
1642937400.0,1786276258.2206447,1,2.631,0.3151,,1.921,0.1517,3.147,NOMINAL,PRE_ALERT,TRIGGERED,2,omni_p6
1642938300.0,1786276258.3439775,1,2.4381,0.3524,,1.292,0.1137,2.344,PRE_ALERT,NOMINAL,NORMAL,0,
1642939200.0,1786276258.4682372,1,2.8179,0.325,,1.788,0.0836,0.535,NOMINAL,NOMINAL,NORMAL,0,
1642940100.0,1786276258.5927908,1,2.6372,0.3051,,2.107,0.0482,0.364,NOMINAL,NOMINAL,NORMAL,0,
1642941000.0,1786276258.717583,1,2.5309,0.3055,,1.93,0.0701,0.457,NOMINAL,NOMINAL,NORMAL,0,
1642941900.0,1786276258.8439152,1,2.8956,0.3332,,2.029,0.0848,0.541,NOMINAL,NOMINAL,NORMAL,0,
1642942800.0,1786276258.9709642,1,3.9645,0.4358,,2.399,0.102,0.691,NOMINAL,NOMINAL,TRIGGERED,1,omni_p6
1642943700.0,1786276259.096897,1,3.4007,0.3747,,1.892,0.1592,3.352,NOMINAL,PRE_ALERT,TRIGGERED,2,omni_p6
1642944600.0,1786276259.2211487,1,3.3105,0.3706,,1.888,0.1527,2.616,PRE_ALERT,NOMINAL,NORMAL,0,
1642945500.0,1786276259.3427436,1,2.7943,0.3197,,1.538,0.0669,0.439,NOMINAL,NOMINAL,NORMAL,0,
1642946400.0,1786276259.4686413,1,3.0643,0.3378,,1.809,0.0844,0.566,NOMINAL,NOMINAL,NORMAL,0,
1642947300.0,1786276259.5925417,1,2.6774,0.3188,,1.619,0.0617,0.382,NOMINAL,NOMINAL,NORMAL,0,
1642948200.0,1786276259.716917,1,2.2009,0.2747,,1.364,0.0442,0.339,NOMINAL,NOMINAL,NORMAL,0,
1642949100.0,1786276259.8431013,1,2.7033,0.3097,,1.731,0.0651,0.441,NOMINAL,NOMINAL,TRIGGERED,1,omni_p6
1642950000.0,1786276259.9692526,1,3.381,0.3383,,1.998,0.0763,0.548,NOMINAL,NOMINAL,NORMAL,0,
1642950900.0,1786276260.0956929,1,3.7994,0.4449,,2.632,0.0994,0.643,NOMINAL,NOMINAL,NORMAL,0,
1642951800.0,1786276260.2194924,1,3.564,0.3945,,1.956,0.1001,0.581,NOMINAL,NOMINAL,NORMAL,0,
1642952700.0,1786276260.3427505,1,2.7658,0.3341,,1.53,0.0797,0.476,NOMINAL,NOMINAL,NORMAL,0,
1642953600.0,1786276260.468541,1,3.0345,0.3336,,1.793,0.0905,0.599,NOMINAL,NOMINAL,NORMAL,0,
1642954500.0,1786276260.5927432,1,2.7241,0.3181,,1.761,0.0815,0.477,NOMINAL,NOMINAL,NORMAL,0,
1642955400.0,1786276260.717473,1,2.2798,0.2902,,2.024,0.0706,0.46,NOMINAL,NOMINAL,NORMAL,0,
1642956300.0,1786276260.843367,1,3.0344,0.3155,,1.818,0.0822,0.495,NOMINAL,NOMINAL,NORMAL,0,
1642957200.0,1786276260.9675825,1,2.2609,0.2837,,1.868,0.0621,0.42,NOMINAL,NOMINAL,NORMAL,0,
1642958100.0,1786276261.091836,1,2.1104,0.2782,,1.743,0.0594,0.378,NOMINAL,NOMINAL,NORMAL,0,
1642959000.0,1786276261.2176392,1,2.4608,0.2951,,2.005,0.0729,0.458,NOMINAL,NOMINAL,NORMAL,0,
1642959900.0,1786276261.3421829,1,2.3636,0.281,,1.746,0.0596,0.425,NOMINAL,NOMINAL,NORMAL,0,
1642960800.0,1786276261.464182,1,0.9853,0.2039,,0.956,0.0375,0.384,NOMINAL,NOMINAL,NORMAL,0,
1642961700.0,1786276261.593556,1,2.8572,0.3114,,2.294,0.072,0.581,NOMINAL,NOMINAL,NORMAL,0,
1642962600.0,1786276261.7171357,1,2.4632,0.2895,,1.736,0.0524,0.367,NOMINAL,NOMINAL,NORMAL,0,
1642963500.0,1786276261.8429601,1,2.5832,0.3496,,2.193,0.0699,0.441,NOMINAL,NOMINAL,NORMAL,0,
1642964400.0,1786276261.9666147,1,2.082,0.2768,,1.781,0.0526,0.332,NOMINAL,NOMINAL,NORMAL,0,
1642965300.0,1786276262.0911944,1,2.0923,0.2639,,1.316,0.0436,0.327,NOMINAL,NOMINAL,NORMAL,0,
1642966200.0,1786276262.2185311,1,2.8627,0.3535,,1.834,0.0751,0.503,NOMINAL,NOMINAL,NORMAL,0,
1642967100.0,1786276262.341648,1,2.2697,0.2905,,1.416,0.0613,0.419,NOMINAL,NOMINAL,NORMAL,0,
1642968000.0,1786276262.4663188,1,1.9611,0.2719,,1.502,0.0413,0.301,NOMINAL,NOMINAL,NORMAL,0,
1642968900.0,1786276262.5929751,1,2.9664,0.3145,,1.644,0.0679,0.398,NOMINAL,NOMINAL,NORMAL,0,
1642969800.0,1786276262.7172954,1,2.5276,0.2971,,1.611,0.0669,0.441,NOMINAL,NOMINAL,TRIGGERED,1,omni_p6
1642970700.0,1786276262.843323,1,2.6917,0.3172,,2.15,0.0731,0.462,NOMINAL,NOMINAL,NORMAL,0,
1642971600.0,1786276262.9667552,1,2.0906,0.2671,,1.793,0.0508,0.33,NOMINAL,NOMINAL,NORMAL,0,
1642972500.0,1786276263.0913844,1,1.9331,0.2534,,1.298,0.0392,0.315,NOMINAL,NOMINAL,NORMAL,0,
1642973400.0,1786276263.216894,1,1.874,0.2595,,1.672,0.0681,0.433,NOMINAL,NOMINAL,NORMAL,0,
1642974300.0,1786276263.3435178,1,2.7686,0.3338,,2.137,0.0893,0.506,NOMINAL,NOMINAL,NORMAL,0,
1642975200.0,1786276263.4667504,1,1.8317,0.3218,,1.952,0.0662,0.449,NOMINAL,NOMINAL,NORMAL,0,
1642976100.0,1786276263.5898445,1,1.4437,0.2149,,0.952,0.038,0.294,NOMINAL,NOMINAL,TRIGGERED,1,omni_p6
1642977000.0,1786276263.7174666,1,1.9038,0.2675,,2.127,0.0697,0.479,NOMINAL,NOMINAL,NORMAL,0,
1642977900.0,1786276263.8437042,1,2.5944,0.317,,2.354,0.0929,0.621,NOMINAL,NOMINAL,NORMAL,0,
1642978800.0,1786276263.9707088,1,3.0492,0.3563,,3.682,0.1337,0.881,NOMINAL,NOMINAL,NORMAL,0,
1642979700.0,1786276264.0938468,1,2.6227,0.3414,,2.772,0.111,0.738,NOMINAL,NOMINAL,NORMAL,0,
1642980600.0,1786276264.2173295,1,2.2408,0.2947,,1.909,0.0882,0.593,NOMINAL,NOMINAL,NORMAL,0,
1642981500.0,1786276264.3431554,1,2.7635,0.33,,1.717,0.095,0.619,NOMINAL,NOMINAL,TRIGGERED,1,omni_p6
1642982400.0,1786276264.4722185,1,2.0651,0.2964,1.8032,2.257,0.1614,3.326,NOMINAL,PRE_ALERT,TRIGGERED,2,omni_p6
1642983300.0,1786276264.5939388,1,2.3279,0.2387,,1.791,0.1426,2.274,PRE_ALERT,NOMINAL,NORMAL,0,
1642984200.0,1786276264.7183135,1,2.5801,0.3308,,1.83,0.0848,0.608,NOMINAL,NOMINAL,NORMAL,0,
1642985100.0,1786276264.8432584,1,2.5942,0.3257,,2.06,0.0821,0.563,NOMINAL,NOMINAL,NORMAL,0,
1642986000.0,1786276264.969298,1,2.5604,0.2811,,3.123,0.1163,0.804,NOMINAL,NOMINAL,NORMAL,0,
1642986900.0,1786276265.0959215,1,3.3519,0.4068,,3.267,0.1248,0.813,NOMINAL,NOMINAL,NORMAL,0,
1642987800.0,1786276265.2179303,1,2.3401,0.3348,,2.267,0.1005,0.709,NOMINAL,NOMINAL,TRIGGERED,1,omni_p6
1642988700.0,1786276265.3460221,1,2.3761,0.3307,,2.559,0.1721,3.367,NOMINAL,PRE_ALERT,TRIGGERED,2,omni_p6
1642989600.0,1786276265.469121,1,2.0142,0.3002,,1.779,0.134,2.759,PRE_ALERT,NOMINAL,NORMAL,0,
1642990500.0,1786276265.592194,1,2.1369,0.3007,,1.884,0.0932,0.637,NOMINAL,NOMINAL,NORMAL,0,
1642991400.0,1786276265.7181153,1,2.2348,0.3051,,2.464,0.08,0.537,NOMINAL,NOMINAL,NORMAL,0,
1642992300.0,1786276265.8429682,1,2.4055,0.4345,,2.016,0.0814,0.55,NOMINAL,NOMINAL,NORMAL,0,
1642993200.0,1786276265.9670038,1,1.9931,0.2757,,1.662,0.0745,0.529,NOMINAL,NOMINAL,NORMAL,0,
1642994100.0,1786276266.09178,1,1.8025,0.2544,,2.094,0.0588,0.456,NOMINAL,NOMINAL,TRIGGERED,1,omni_p6
1642995000.0,1786276266.2157145,1,1.6816,0.2511,,1.401,0.0491,0.382,NOMINAL,NOMINAL,NORMAL,0,
1642995900.0,1786276266.3430715,1,2.2869,0.2976,,2.432,0.0881,0.629,NOMINAL,NOMINAL,NORMAL,0,
1642996800.0,1786276266.4678166,1,2.0532,0.2808,,2.209,0.0743,0.548,NOMINAL,NOMINAL,NORMAL,0,
1642997700.0,1786276266.5922933,1,2.2023,0.2885,,1.887,0.0874,0.64,NOMINAL,NOMINAL,NORMAL,0,
1642998600.0,1786276266.7172017,1,2.1824,0.3034,,1.848,0.0788,0.527,NOMINAL,NOMINAL,NORMAL,0,
1642999500.0,1786276266.8399074,1,1.3988,0.2145,,0.914,0.059,0.429,NOMINAL,NOMINAL,NORMAL,0,
1643000400.0,1786276266.9669676,1,1.9428,0.3456,,2.044,0.0712,0.484,NOMINAL,NOMINAL,NORMAL,0,
1643001300.0,1786276267.0917885,1,1.7747,0.2655,,1.791,0.0656,0.443,NOMINAL,NOMINAL,NORMAL,0,
1643002200.0,1786276267.216669,1,1.8842,0.2563,,1.947,0.0505,0.428,NOMINAL,NOMINAL,NORMAL,0,
1643003100.0,1786276267.3424637,1,2.2788,0.32,,1.839,0.0804,0.563,NOMINAL,NOMINAL,NORMAL,0,
1643004000.0,1786276267.4673347,1,2.008,0.2919,,2.12,0.0597,0.49,NOMINAL,NOMINAL,NORMAL,0,
1643004900.0,1786276267.592557,1,2.188,0.2881,,2.333,0.0809,0.609,NOMINAL,NOMINAL,NORMAL,0,
1643005800.0,1786276267.7187006,1,2.5702,0.3265,,2.107,0.0756,0.567,NOMINAL,NOMINAL,NORMAL,0,
1643006700.0,1786276267.8416305,1,1.8842,0.2337,,1.794,0.0719,0.485,NOMINAL,NOMINAL,NORMAL,0,
1643007600.0,1786276267.9670682,1,2.0187,0.2931,,2.006,0.0715,0.492,NOMINAL,NOMINAL,NORMAL,0,
1643008500.0,1786276268.0915911,1,1.8271,0.2564,,1.948,0.0676,0.427,NOMINAL,NOMINAL,NORMAL,0,
1643009400.0,1786276268.2170048,1,1.724,0.2583,,2.039,0.0562,0.397,NOMINAL,NOMINAL,NORMAL,0,
1643010300.0,1786276268.3419702,1,2.0114,0.2999,,1.848,0.0874,0.573,NOMINAL,NOMINAL,TRIGGERED,1,omni_p6
1643011200.0,1786276268.467227,1,1.9964,0.2878,,2.075,0.0847,0.519,NOMINAL,NOMINAL,NORMAL,0,
1643012100.0,1786276268.5927737,1,2.3339,0.3133,,2.096,0.0854,0.537,NOMINAL,NOMINAL,NORMAL,0,
1643013000.0,1786276268.7176912,1,2.3095,0.3001,,1.99,0.0816,0.534,NOMINAL,NOMINAL,NORMAL,0,
1643013900.0,1786276268.8436959,1,2.5853,0.3293,,2.139,0.0999,0.622,NOMINAL,NOMINAL,NORMAL,0,
1643014800.0,1786276268.9745374,1,4.4165,0.4575,,4.206,0.1262,0.962,NOMINAL,NOMINAL,NORMAL,0,
1643015700.0,1786276269.0937438,1,2.7704,0.36,,2.32,0.0971,0.717,NOMINAL,NOMINAL,TRIGGERED,1,omni_p6
1643016600.0,1786276269.2200067,1,2.3193,0.3254,,1.913,0.1573,3.145,NOMINAL,PRE_ALERT,TRIGGERED,2,omni_p6
1643017500.0,1786276269.3440785,1,2.2627,0.2982,,1.505,0.1305,2.646,PRE_ALERT,NOMINAL,NORMAL,0,
1643018400.0,1786276269.4682367,1,2.4847,0.3251,,2.22,0.1001,0.693,NOMINAL,NOMINAL,NORMAL,0,
1643019300.0,1786276269.593011,1,2.4893,0.3229,,2.019,0.0893,0.583,NOMINAL,NOMINAL,NORMAL,0,
1643020200.0,1786276269.7189417,1,2.5667,0.3369,,2.637,0.0784,0.572,NOMINAL,NOMINAL,NORMAL,0,
1643021100.0,1786276269.8427174,1,2.3926,0.3687,,1.901,0.0806,0.543,NOMINAL,NOMINAL,NORMAL,0,
1643022000.0,1786276269.9719145,1,3.6365,0.4041,,3.426,0.1127,0.854,NOMINAL,NOMINAL,TRIGGERED,1,omni_p6
1643022900.0,1786276270.0985913,1,3.5761,0.4546,,2.755,0.2059,3.455,NOMINAL,PRE_ALERT,TRIGGERED,2,omni_p6
1643023800.0,1786276270.2211611,1,2.0092,0.2692,,3.216,0.2053,3.419,PRE_ALERT,NOMINAL,NORMAL,0,
1643024700.0,1786276270.3429475,1,2.7591,0.381,,1.664,0.0994,0.661,NOMINAL,NOMINAL,NORMAL,0,
1643025600.0,1786276270.468759,1,2.4753,0.3248,,2.427,0.0998,0.689,NOMINAL,NOMINAL,NORMAL,0,
1643026500.0,1786276270.5929782,1,2.4865,0.3308,,2.072,0.0936,0.6,NOMINAL,NOMINAL,NORMAL,0,
1643027400.0,1786276270.7186372,1,2.5478,0.3416,,2.425,0.0892,0.604,NOMINAL,NOMINAL,TRIGGERED,1,omni_p6
1643028300.0,1786276270.8450692,1,2.2364,0.3267,,1.88,0.1561,3.148,NOMINAL,PRE_ALERT,TRIGGERED,2,omni_p6
1643029200.0,1786276270.9697077,1,2.3081,0.3085,,1.825,0.1381,2.852,PRE_ALERT,NOMINAL,NORMAL,0,
1643030100.0,1786276271.092427,1,2.1114,0.2957,,1.765,0.1226,0.573,NOMINAL,NOMINAL,NORMAL,0,
1643031000.0,1786276271.2163622,1,1.8982,0.2748,,1.57,0.0691,0.508,NOMINAL,NOMINAL,NORMAL,0,
1643031900.0,1786276271.3411818,1,1.8651,0.2723,,1.318,0.0607,0.45,NOMINAL,NOMINAL,NORMAL,0,
1643032800.0,1786276271.4672716,1,2.1723,0.2923,,1.952,0.0787,0.577,NOMINAL,NOMINAL,NORMAL,0,
1643033700.0,1786276271.5934122,1,2.6251,0.3425,,2.234,0.0847,0.584,NOMINAL,NOMINAL,TRIGGERED,1,omni_p6
1643034600.0,1786276271.7211344,1,2.3719,0.3301,,2.469,0.1587,3.206,NOMINAL,PRE_ALERT,TRIGGERED,2,omni_p6
1643035500.0,1786276271.8446815,1,2.233,0.2971,,1.85,0.1534,2.914,PRE_ALERT,NOMINAL,NORMAL,0,
1643036400.0,1786276271.9675617,1,2.3003,0.2921,,2.104,0.082,0.545,NOMINAL,NOMINAL,NORMAL,0,
1643037300.0,1786276272.0919354,1,1.9155,0.2792,,2.035,0.0663,0.473,NOMINAL,NOMINAL,NORMAL,0,
1643038200.0,1786276272.2169545,1,1.7567,0.2575,,1.963,0.0611,0.437,NOMINAL,NOMINAL,NORMAL,0,
1643039100.0,1786276272.3414347,1,1.8141,0.2796,,1.649,0.061,0.404,NOMINAL,NOMINAL,NORMAL,0,
1643040000.0,1786276272.4674406,1,2.1755,0.3012,,1.998,0.0843,0.567,NOMINAL,NOMINAL,TRIGGERED,1,omni_p6
1643040900.0,1786276272.5904796,1,2.3617,0.1222,,0.633,0.0261,0.191,NOMINAL,NOMINAL,NORMAL,0,
1643041800.0,1786276272.7180667,1,2.4057,0.3161,,2.035,0.0872,0.559,NOMINAL,NOMINAL,NORMAL,0,
1643042700.0,1786276272.8428864,1,2.2308,0.3235,,1.897,0.0907,0.549,NOMINAL,NOMINAL,NORMAL,0,
1643043600.0,1786276272.9674926,1,2.1373,0.2869,,2.264,0.0848,0.527,NOMINAL,NOMINAL,NORMAL,0,
1643044500.0,1786276273.0918658,1,1.8834,0.2819,,1.926,0.0688,0.469,NOMINAL,NOMINAL,NORMAL,0,
1643045400.0,1786276273.216481,1,1.9536,0.2864,,1.526,0.1226,0.529,NOMINAL,NOMINAL,NORMAL,0,
1643046300.0,1786276273.3413548,1,1.8185,0.2654,,1.603,0.0636,0.479,NOMINAL,NOMINAL,NORMAL,0,
1643047200.0,1786276273.4668913,1,1.9503,0.2823,,1.764,0.0765,0.536,NOMINAL,NOMINAL,NORMAL,0,
1643048100.0,1786276273.591618,1,2.284,0.223,,1.485,0.0621,0.4,NOMINAL,NOMINAL,NORMAL,0,
1643049000.0,1786276273.7196102,1,2.94,0.4196,,2.606,0.0923,0.611,NOMINAL,NOMINAL,NORMAL,0,
1643049900.0,1786276273.8434832,1,2.3251,0.33,,2.815,0.0988,0.627,NOMINAL,NOMINAL,NORMAL,0,
1643050800.0,1786276273.9746733,1,4.4911,0.4901,,3.763,0.1283,0.924,NOMINAL,NOMINAL,NORMAL,0,
1643051700.0,1786276274.0946753,1,2.9156,0.3634,,3.066,0.1166,0.731,NOMINAL,NOMINAL,NORMAL,0,
1643052600.0,1786276274.2169812,1,2.1448,0.2966,,1.876,0.0745,0.522,NOMINAL,NOMINAL,NORMAL,0,
1643053500.0,1786276274.3414857,1,2.0433,0.2897,,1.483,0.0741,0.516,NOMINAL,NOMINAL,NORMAL,0,
1643054400.0,1786276274.4670117,1,1.741,0.261,,1.896,0.066,0.477,NOMINAL,NOMINAL,NORMAL,0,
1643055300.0,1786276274.5920775,1,2.0715,0.2866,,1.916,0.0807,0.561,NOMINAL,NOMINAL,NORMAL,0,
1643056200.0,1786276274.7185082,1,2.6326,0.3465,,2.165,0.0923,0.604,NOMINAL,NOMINAL,NORMAL,0,
1643057100.0,1786276274.842305,1,2.1915,0.3179,,1.916,0.0866,0.564,NOMINAL,NOMINAL,NORMAL,0,
1643058000.0,1786276274.9709802,1,3.2923,0.3594,,3.632,0.1238,0.849,NOMINAL,NOMINAL,NORMAL,0,
1643058900.0,1786276275.0964074,1,3.6903,0.4805,,3.036,0.1183,0.898,NOMINAL,NOMINAL,NORMAL,0,
1643059800.0,1786276275.218139,1,2.4637,0.3246,,1.979,0.0875,0.594,NOMINAL,NOMINAL,NORMAL,0,
1643060700.0,1786276275.3420942,1,2.1059,0.2936,,1.873,0.0736,0.496,NOMINAL,NOMINAL,TRIGGERED,1,omni_p6
1643061600.0,1786276275.4668388,1,1.9044,0.3278,,2.031,0.0706,0.467,NOMINAL,NOMINAL,NORMAL,0,
1643062500.0,1786276275.5928159,1,2.2249,0.3011,,2.029,0.0793,0.569,NOMINAL,NOMINAL,NORMAL,0,
1643063400.0,1786276275.7148163,1,1.3587,0.2185,,1.215,0.0422,0.307,NOMINAL,NOMINAL,NORMAL,0,
1643064300.0,1786276275.8431084,1,2.2865,0.3233,,2.469,0.0971,0.624,NOMINAL,NOMINAL,NORMAL,0,
1643065200.0,1786276275.9672356,1,2.2522,0.2901,,1.846,0.0795,0.564,NOMINAL,NOMINAL,NORMAL,0,
1643066100.0,1786276276.091479,1,2.009,0.2846,,1.53,0.0701,0.481,NOMINAL,NOMINAL,NORMAL,0,
1643067000.0,1786276276.2165751,1,1.977,0.2715,,1.602,0.0588,0.55,NOMINAL,NOMINAL,TRIGGERED,1,omni_p6
1643067900.0,1786276276.344198,1,1.9349,0.278,,1.706,0.1353,3.053,NOMINAL,PRE_ALERT,TRIGGERED,2,omni_p6
1643068800.0,1786276276.4712179,1,1.7663,0.2553,1.8705,2.113,0.1221,2.851,PRE_ALERT,NOMINAL,NORMAL,0,
1643069700.0,1786276276.5942116,1,2.6526,0.3315,,3.083,0.0874,0.587,NOMINAL,NOMINAL,NORMAL,0,
1643070600.0,1786276276.7179923,1,2.5566,0.27,,1.84,0.0794,0.514,NOMINAL,NOMINAL,NORMAL,0,
1643071500.0,1786276276.8438787,1,2.8032,0.3421,,1.963,0.0862,0.569,NOMINAL,NOMINAL,NORMAL,0,
1643072400.0,1786276276.9686508,1,2.7063,0.3424,,2.081,0.0835,0.629,NOMINAL,NOMINAL,TRIGGERED,1,omni_p6
1643073300.0,1786276277.0955217,1,2.2848,0.3182,,2.331,0.1518,3.045,NOMINAL,PRE_ALERT,TRIGGERED,2,omni_p6
1643074200.0,1786276277.2194383,1,2.1393,0.3013,,2.088,0.1239,2.549,PRE_ALERT,NOMINAL,NORMAL,0,
1643075100.0,1786276277.3421657,1,2.1008,0.285,,1.959,0.0672,0.453,NOMINAL,NOMINAL,NORMAL,0,
1643076000.0,1786276277.4676971,1,2.0663,0.2873,,2.079,0.0672,0.445,NOMINAL,NOMINAL,NORMAL,0,
1643076900.0,1786276277.5931213,1,2.2449,0.3094,,2.537,0.0788,0.497,NOMINAL,NOMINAL,NORMAL,0,
1643077800.0,1786276277.7188013,1,2.6258,0.3393,,2.293,0.0911,0.582,NOMINAL,NOMINAL,NORMAL,0,
1643078700.0,1786276277.8442252,1,2.7949,0.3594,,2.677,0.084,0.61,NOMINAL,NOMINAL,TRIGGERED,1,omni_p6
1643079600.0,1786276277.9689558,1,1.4237,0.3212,,2.101,0.1498,3.104,NOMINAL,PRE_ALERT,TRIGGERED,2,omni_p6
1643080500.0,1786276278.0950239,1,2.3211,0.3104,,2.279,0.1279,2.666,PRE_ALERT,NOMINAL,NORMAL,0,
1643081400.0,1786276278.217559,1,2.1182,0.2855,,2.34,0.0634,0.442,NOMINAL,NOMINAL,NORMAL,0,
1643082300.0,1786276278.3425493,1,2.2031,0.2949,,1.938,0.07,0.447,NOMINAL,NOMINAL,NORMAL,0,
1643083200.0,1786276278.467694,1,2.0116,0.2751,,2.209,0.0606,0.412,NOMINAL,NOMINAL,NORMAL,0,
1643084100.0,1786276278.5924103,1,2.2479,0.2962,,1.894,0.0692,0.533,NOMINAL,NOMINAL,NORMAL,0,
1643085000.0,1786276278.7186215,1,2.5824,0.3238,,2.144,0.0858,0.52,NOMINAL,NOMINAL,NORMAL,0,
1643085900.0,1786276278.845048,1,3.1242,0.377,,2.856,0.1048,0.709,NOMINAL,NOMINAL,NORMAL,0,
1643086800.0,1786276278.9651053,1,1.1995,0.1444,,0.932,0.0324,0.244,NOMINAL,NOMINAL,NORMAL,0,
1643087700.0,1786276279.0949745,1,3.0426,0.3501,,2.962,0.1148,0.767,NOMINAL,NOMINAL,NORMAL,0,
1643088600.0,1786276279.2190218,1,2.7244,0.3361,,2.643,0.0942,0.595,NOMINAL,NOMINAL,NORMAL,0,
1643089500.0,1786276279.3435476,1,2.4762,0.3519,,2.546,0.0877,0.543,NOMINAL,NOMINAL,NORMAL,0,
1643090400.0,1786276279.4679532,1,2.2423,0.2951,,2.514,0.0721,0.462,NOMINAL,NOMINAL,NORMAL,0,
1643091300.0,1786276279.592758,1,2.0403,0.2762,,2.233,0.0642,0.444,NOMINAL,NOMINAL,NORMAL,0,
1643092200.0,1786276279.7199879,1,3.1678,0.3538,,2.443,0.1094,0.689,NOMINAL,NOMINAL,NORMAL,0,
1643093100.0,1786276279.8440776,1,2.9563,0.3505,,2.234,0.0952,0.658,NOMINAL,NOMINAL,NORMAL,0,
1643094000.0,1786276279.97034,1,3.2037,0.3539,,3.028,0.1172,0.787,NOMINAL,NOMINAL,NORMAL,0,
1643094900.0,1786276280.0963254,1,3.5063,0.3709,,3.265,0.1237,0.854,NOMINAL,NOMINAL,NORMAL,0,
1643095800.0,1786276280.2190013,1,2.8599,0.3528,,2.513,0.112,0.716,NOMINAL,NOMINAL,NORMAL,0,
1643096700.0,1786276280.3426898,1,2.4456,0.3099,,2.096,0.0964,0.603,NOMINAL,NOMINAL,NORMAL,0,
1643097600.0,1786276280.4673786,1,1.9545,0.2883,,2.4,0.0783,0.505,NOMINAL,NOMINAL,NORMAL,0,
1643098500.0,1786276280.5921578,1,1.8896,0.2517,,2.237,0.0656,0.428,NOMINAL,NOMINAL,TRIGGERED,1,omni_p6
1643099400.0,1786276280.7196965,1,2.6787,0.329,,3.132,0.1182,0.716,NOMINAL,NOMINAL,NORMAL,0,
1643100300.0,1786276280.8435993,1,2.5191,0.3653,,2.6,0.0961,0.614,NOMINAL,NOMINAL,NORMAL,0,
1643101200.0,1786276280.9682796,1,2.0121,0.2886,,2.838,0.0651,0.563,NOMINAL,NOMINAL,TRIGGERED,1,omni_p6
1643102100.0,1786276281.0938911,1,2.2308,0.2949,,3.255,0.0735,0.512,NOMINAL,NOMINAL,NORMAL,0,
1643103000.0,1786276281.2168288,1,1.7916,0.2593,,2.267,0.0648,0.461,NOMINAL,NOMINAL,NORMAL,0,
1643103900.0,1786276281.3424883,1,1.8786,0.2678,,2.639,0.0659,0.473,NOMINAL,NOMINAL,NORMAL,0,
1643104800.0,1786276281.4669812,1,1.7016,0.2679,,2.017,0.0607,0.44,NOMINAL,NOMINAL,NORMAL,0,
1643105700.0,1786276281.5922556,1,1.8761,0.2635,,1.985,0.0636,0.495,NOMINAL,NOMINAL,NORMAL,0,
1643106600.0,1786276281.7191277,1,2.6623,0.3462,,2.674,0.096,0.671,NOMINAL,NOMINAL,TRIGGERED,1,omni_p6
1643107500.0,1786276281.8462474,1,2.3727,0.3682,,2.69,0.1834,3.244,NOMINAL,PRE_ALERT,TRIGGERED,2,omni_p6
1643108400.0,1786276281.9691248,1,1.9717,0.3315,,2.155,0.1384,2.634,PRE_ALERT,NOMINAL,NORMAL,0,
1643109300.0,1786276282.0938005,1,2.4038,0.3079,,2.489,0.0973,0.53,NOMINAL,NOMINAL,NORMAL,0,
1643110200.0,1786276282.2166004,1,1.8126,0.2551,,1.989,0.0692,0.496,NOMINAL,NOMINAL,NORMAL,0,
1643111100.0,1786276282.341701,1,1.8135,0.2666,,1.952,0.0632,0.426,NOMINAL,NOMINAL,NORMAL,0,
1643112000.0,1786276282.46669,1,1.681,0.2487,,2.208,0.0597,0.428,NOMINAL,NOMINAL,NORMAL,0,
1643112900.0,1786276282.5918093,1,1.6606,0.2598,,2.032,0.05,0.369,NOMINAL,NOMINAL,TRIGGERED,1,omni_p6
1643113800.0,1786276282.7192352,1,1.5295,0.2193,,2.168,0.1888,3.339,NOMINAL,PRE_ALERT,TRIGGERED,2,omni_p6
1643114700.0,1786276282.8460178,1,2.5115,0.3839,,2.563,0.1599,2.935,PRE_ALERT,NOMINAL,NORMAL,0,
1643115600.0,1786276282.9670033,1,2.0917,0.2934,,1.874,0.0877,0.571,NOMINAL,NOMINAL,NORMAL,0,
1643116500.0,1786276283.0935383,1,2.3426,0.313,,2.825,0.0813,0.516,NOMINAL,NOMINAL,NORMAL,0,
1643117400.0,1786276283.217387,1,2.0512,0.2958,,2.384,0.0736,0.518,NOMINAL,NOMINAL,NORMAL,0,
1643118300.0,1786276283.341851,1,1.84,0.2831,,1.999,0.0747,0.455,NOMINAL,NOMINAL,NORMAL,0,
1643119200.0,1786276283.4666662,1,1.6493,0.2606,,2.095,0.0522,0.417,NOMINAL,NOMINAL,TRIGGERED,1,omni_p6
1643120100.0,1786276283.5935438,1,1.6549,0.2618,,1.514,0.119,2.983,NOMINAL,PRE_ALERT,TRIGGERED,2,omni_p6
1643121000.0,1786276283.7166512,1,1.3928,0.1644,,0.947,0.0658,1.921,PRE_ALERT,NOMINAL,NORMAL,0,
1643121900.0,1786276283.8442755,1,3.1356,0.3294,,2.43,0.1075,0.734,NOMINAL,NOMINAL,NORMAL,0,
1643122800.0,1786276283.970833,1,3.024,0.3501,,3.499,0.1455,0.89,NOMINAL,NOMINAL,NORMAL,0,
1643123700.0,1786276284.095741,1,3.265,0.3689,,3.397,0.1223,0.796,NOMINAL,NOMINAL,NORMAL,0,
1643124600.0,1786276284.2186553,1,2.675,0.342,,2.516,0.1044,0.707,NOMINAL,NOMINAL,NORMAL,0,
1643125500.0,1786276284.3418806,1,2.1587,0.2968,,1.691,0.0826,0.57,NOMINAL,NOMINAL,TRIGGERED,1,omni_p6
1643126400.0,1786276284.467495,1,2.0767,0.2955,,2.31,0.084,0.574,NOMINAL,NOMINAL,NORMAL,0,
1643127300.0,1786276284.5912426,1,1.7117,0.2393,,1.895,0.064,0.47,NOMINAL,NOMINAL,NORMAL,0,
1643128200.0,1786276284.7167377,1,2.1601,0.2155,,1.859,0.0605,0.404,NOMINAL,NOMINAL,NORMAL,0,
1643129100.0,1786276284.8460114,1,3.303,0.3598,,3.709,0.1206,0.82,NOMINAL,NOMINAL,NORMAL,0,
1643130000.0,1786276284.9694517,1,2.5725,0.2703,,3.153,0.1259,0.913,NOMINAL,NOMINAL,NORMAL,0,
1643130900.0,1786276285.0973356,1,3.5495,0.3805,,3.633,0.1242,1.403,NOMINAL,NOMINAL,NORMAL,0,
1643131800.0,1786276285.2184067,1,2.6985,0.3335,,2.345,0.1024,0.7,NOMINAL,NOMINAL,NORMAL,0,
1643132700.0,1786276285.342267,1,2.1738,0.2941,,2.071,0.0895,0.611,NOMINAL,NOMINAL,NORMAL,0,
1643133600.0,1786276285.4672334,1,1.8483,0.3432,,2.355,0.0779,0.506,NOMINAL,NOMINAL,NORMAL,0,
1643134500.0,1786276285.5917196,1,1.7336,0.2526,,2.177,0.0741,0.477,NOMINAL,NOMINAL,NORMAL,0,
1643135400.0,1786276285.716193,1,1.8543,0.2563,,1.529,0.0684,0.516,NOMINAL,NOMINAL,NORMAL,0,
1643136300.0,1786276285.8477569,1,4.1163,0.4434,,3.191,0.1153,0.8,NOMINAL,NOMINAL,NORMAL,0,
1643137200.0,1786276285.9675417,1,2.1375,0.289,,2.35,0.0796,0.581,NOMINAL,NOMINAL,NORMAL,0,
1643138100.0,1786276286.0936117,1,2.6857,0.339,,2.158,0.0852,0.597,NOMINAL,NOMINAL,NORMAL,0,
1643139000.0,1786276286.2164912,1,1.8975,0.2656,,1.708,0.119,0.599,NOMINAL,NOMINAL,NORMAL,0,
1643139900.0,1786276286.341419,1,1.8146,0.2701,,1.811,0.0683,0.477,NOMINAL,NOMINAL,NORMAL,0,
1643140800.0,1786276286.4662116,1,1.6727,0.2626,,1.79,0.0826,0.492,NOMINAL,NOMINAL,NORMAL,0,
1643141700.0,1786276286.5909133,1,1.58,0.2524,,1.737,0.0582,0.416,NOMINAL,NOMINAL,NORMAL,0,
1643142600.0,1786276286.715811,1,1.7404,0.2405,,1.499,0.0593,0.423,NOMINAL,NOMINAL,NORMAL,0,
1643143500.0,1786276286.8406217,1,1.734,0.1233,,1.122,0.0433,0.324,NOMINAL,NOMINAL,NORMAL,0,
1643144400.0,1786276286.9682357,1,2.4825,0.3107,,2.22,0.0909,0.697,NOMINAL,NOMINAL,NORMAL,0,
1643145300.0,1786276287.0930228,1,2.3805,0.3148,,2.269,0.0812,0.57,NOMINAL,NOMINAL,NORMAL,0,
1643146200.0,1786276287.2168455,1,2.0109,0.4852,,1.762,0.0688,0.508,NOMINAL,NOMINAL,TRIGGERED,1,omni_p6
1643147100.0,1786276287.3416827,1,1.9255,0.2814,,1.883,0.0744,0.496,NOMINAL,NOMINAL,NORMAL,0,
1643148000.0,1786276287.4663546,1,1.7327,0.2581,,1.891,0.0674,0.434,NOMINAL,NOMINAL,NORMAL,0,
1643148900.0,1786276287.5908413,1,1.6316,0.2389,,1.603,0.0569,0.396,NOMINAL,NOMINAL,NORMAL,0,
1643149800.0,1786276287.7159781,1,1.6323,0.2475,,1.794,0.0542,0.385,NOMINAL,NOMINAL,NORMAL,0,
1643150700.0,1786276287.8436809,1,2.4338,0.2803,,2.687,0.092,0.637,NOMINAL,NOMINAL,NORMAL,0,
1643151600.0,1786276287.9690497,1,2.6741,0.3489,,2.752,0.0898,0.655,NOMINAL,NOMINAL,TRIGGERED,1,omni_p6
1643152500.0,1786276288.0965543,1,2.4998,0.3478,,2.844,0.1813,3.258,NOMINAL,PRE_ALERT,TRIGGERED,2,omni_p6
1643153400.0,1786276288.2193267,1,2.3093,0.2983,,1.77,0.138,2.618,PRE_ALERT,NOMINAL,NORMAL,0,
1643154300.0,1786276288.3420823,1,2.3225,0.3053,,1.581,0.0792,0.501,NOMINAL,NOMINAL,NORMAL,0,
1643155200.0,1786276288.4685936,1,1.8579,0.2747,1.8704,1.657,0.081,0.583,NOMINAL,NOMINAL,NORMAL,0,
1643156100.0,1786276288.5913684,1,1.9413,0.2958,,1.513,0.0714,0.448,NOMINAL,NOMINAL,NORMAL,0,
1643157000.0,1786276288.7175229,1,2.2334,0.3056,,2.105,0.0894,0.516,NOMINAL,NOMINAL,NORMAL,0,
1643157900.0,1786276288.844956,1,2.9534,0.3873,,2.729,0.1074,0.921,NOMINAL,NOMINAL,TRIGGERED,1,omni_p6
1643158800.0,1786276288.9774404,1,4.5166,0.4507,,3.625,0.2037,3.505,NOMINAL,PRE_ALERT,TRIGGERED,2,omni_p6
1643159700.0,1786276289.0991917,1,3.9011,0.4178,,2.776,0.1765,3.174,PRE_ALERT,NOMINAL,NORMAL,0,
1643160600.0,1786276289.218179,1,2.5867,0.3319,,2.032,0.083,0.544,NOMINAL,NOMINAL,NORMAL,0,
1643161500.0,1786276289.342751,1,2.3932,0.2996,,2.102,0.0739,0.489,NOMINAL,NOMINAL,NORMAL,0,
1643162400.0,1786276289.4672663,1,2.0481,0.2922,,2.181,0.0791,0.468,NOMINAL,NOMINAL,NORMAL,0,
1643163300.0,1786276289.591972,1,2.1271,0.2972,,1.985,0.0598,0.42,NOMINAL,NOMINAL,NORMAL,0,
1643164200.0,1786276289.7168295,1,1.9828,0.2769,,2.007,0.0591,0.443,NOMINAL,NOMINAL,TRIGGERED,1,omni_p6
1643165100.0,1786276289.8469856,1,2.7919,0.3428,,2.57,0.202,3.343,NOMINAL,PRE_ALERT,TRIGGERED,2,omni_p6
1643166000.0,1786276289.9764452,1,4.3936,0.4542,,3.453,0.1965,3.342,PRE_ALERT,NOMINAL,NORMAL,0,
1643166900.0,1786276290.0901563,1,1.2042,0.1759,,1.182,0.0369,0.274,NOMINAL,NOMINAL,NORMAL,0,
1643167800.0,1786276290.2207115,1,3.09,0.3866,,2.574,0.1105,0.818,NOMINAL,NOMINAL,NORMAL,0,
1643168700.0,1786276290.343509,1,3.1632,0.3654,,1.842,0.0925,0.571,NOMINAL,NOMINAL,NORMAL,0,
1643169600.0,1786276290.4677818,1,2.4831,0.3097,,1.858,0.0725,0.493,NOMINAL,NOMINAL,NORMAL,0,
1643170500.0,1786276290.5927124,1,2.2292,0.3038,,2.25,0.0563,0.41,NOMINAL,NOMINAL,TRIGGERED,1,omni_p6
1643171400.0,1786276290.7176661,1,2.2309,0.3004,,2.125,0.065,0.432,NOMINAL,NOMINAL,NORMAL,0,
1643172300.0,1786276290.8444412,1,2.9418,0.341,,2.451,0.1377,0.591,NOMINAL,NOMINAL,NORMAL,0,
1643173200.0,1786276290.9709344,1,3.458,0.381,,2.93,0.0966,0.654,NOMINAL,NOMINAL,NORMAL,0,
1643174100.0,1786276291.0924113,1,2.2002,0.2408,,1.689,0.1112,0.502,NOMINAL,NOMINAL,NORMAL,0,
1643175000.0,1786276291.2178721,1,2.4561,0.3268,,1.76,0.0737,0.506,NOMINAL,NOMINAL,NORMAL,0,
1643175900.0,1786276291.3419771,1,2.2361,0.3088,,1.539,0.069,0.478,NOMINAL,NOMINAL,NORMAL,0,
1643176800.0,1786276291.4679854,1,2.2493,0.3072,,2.038,0.0612,0.438,NOMINAL,NOMINAL,NORMAL,0,
1643177700.0,1786276291.5927496,1,2.1493,0.2931,,2.1,0.0498,0.378,NOMINAL,NOMINAL,NORMAL,0,
1643178600.0,1786276291.7172935,1,2.2531,0.2886,,1.707,0.0545,0.417,NOMINAL,NOMINAL,NORMAL,0,
1643179500.0,1786276291.8436344,1,2.6638,0.3264,,2.019,0.0739,0.511,NOMINAL,NOMINAL,NORMAL,0,
1643180400.0,1786276291.969545,1,3.0065,0.3492,,2.416,0.0899,0.612,NOMINAL,NOMINAL,NORMAL,0,
1643181300.0,1786276292.0937011,1,2.6565,0.3123,,1.915,0.0602,0.489,NOMINAL,NOMINAL,NORMAL,0,
1643182200.0,1786276292.2177753,1,2.3257,0.31,,1.952,0.0579,0.468,NOMINAL,NOMINAL,NORMAL,0,
1643183100.0,1786276292.3423905,1,2.1243,0.2912,,2.035,0.0603,0.469,NOMINAL,NOMINAL,NORMAL,0,
1643184000.0,1786276292.466772,1,1.7592,0.326,,2.068,0.064,0.431,NOMINAL,NOMINAL,NORMAL,0,
1643184900.0,1786276292.5923278,1,1.9204,0.2703,,1.933,0.056,0.47,NOMINAL,NOMINAL,NORMAL,0,
1643185800.0,1786276292.7169585,1,1.9547,0.2743,,1.707,0.0558,0.429,NOMINAL,NOMINAL,NORMAL,0,
1643186700.0,1786276292.843256,1,2.394,0.3665,,2.329,0.0721,0.501,NOMINAL,NOMINAL,TRIGGERED,1,omni_p6
1643187600.0,1786276292.9696064,1,2.8565,0.343,,2.856,0.1022,0.649,NOMINAL,NOMINAL,NORMAL,0,
1643188500.0,1786276293.0926802,1,1.9901,0.2879,,2.61,0.0928,0.653,NOMINAL,NOMINAL,NORMAL,0,
1643189400.0,1786276293.2180126,1,2.2688,0.3062,,2.371,0.0953,0.573,NOMINAL,NOMINAL,NORMAL,0,
1643190300.0,1786276293.3416104,1,1.8975,0.2938,,1.863,0.0759,0.503,NOMINAL,NOMINAL,NORMAL,0,
1643191200.0,1786276293.465722,1,1.5791,0.2647,,1.471,0.0611,0.448,NOMINAL,NOMINAL,NORMAL,0,
1643192100.0,1786276293.5909142,1,1.6171,0.2458,,1.698,0.0555,0.399,NOMINAL,NOMINAL,TRIGGERED,1,omni_p6
1643193000.0,1786276293.7183409,1,1.5507,0.2488,,1.603,0.1283,3.038,NOMINAL,PRE_ALERT,TRIGGERED,2,omni_p6
1643193900.0,1786276293.840588,1,0.7727,0.1713,,0.943,0.0643,1.911,PRE_ALERT,NOMINAL,NORMAL,0,
1643194800.0,1786276293.9736753,1,4.3076,0.4607,,3.649,0.127,0.862,NOMINAL,NOMINAL,NORMAL,0,
1643195700.0,1786276294.0941083,1,2.6839,0.3411,,2.834,0.1146,0.734,NOMINAL,NOMINAL,NORMAL,0,
1643196600.0,1786276294.2183473,1,2.6409,0.3358,,2.219,0.0977,0.6,NOMINAL,NOMINAL,NORMAL,0,
1643197500.0,1786276294.342512,1,2.1158,0.3009,,1.76,0.0852,0.597,NOMINAL,NOMINAL,NORMAL,0,
1643198400.0,1786276294.4668157,1,1.9884,0.2887,,1.698,0.0721,0.503,NOMINAL,NOMINAL,TRIGGERED,1,omni_p6
1643199300.0,1786276294.5943644,1,1.7945,0.2612,,1.957,0.1374,3.104,NOMINAL,PRE_ALERT,TRIGGERED,2,omni_p6
1643200200.0,1786276294.7196014,1,2.0828,0.2752,,1.805,0.1497,2.781,PRE_ALERT,NOMINAL,NORMAL,0,
1643201100.0,1786276294.8410666,1,1.6441,0.2525,,1.731,0.0785,0.457,NOMINAL,NOMINAL,NORMAL,0,
1643202000.0,1786276294.9737935,1,4.3571,0.4859,,3.567,0.132,0.87,NOMINAL,NOMINAL,NORMAL,0,
1643202900.0,1786276295.0949948,1,3.1458,0.4074,,2.864,0.1189,0.801,NOMINAL,NOMINAL,NORMAL,0,
1643203800.0,1786276295.2198257,1,3.1627,0.4295,,2.548,0.0942,0.72,NOMINAL,NOMINAL,TRIGGERED,1,omni_p6
1643204700.0,1786276295.3473847,1,3.0695,0.5871,,2.574,0.1774,3.344,NOMINAL,PRE_ALERT,TRIGGERED,2,omni_p6
1643205600.0,1786276295.4702146,1,2.6454,0.3125,,2.132,0.1285,2.743,PRE_ALERT,NOMINAL,NORMAL,0,
1643206500.0,1786276295.5919473,1,2.0856,0.2774,,1.93,0.0609,0.452,NOMINAL,NOMINAL,NORMAL,0,
1643207400.0,1786276295.7171211,1,2.0309,0.2812,,2.074,0.0604,0.462,NOMINAL,NOMINAL,NORMAL,0,
1643208300.0,1786276295.8419464,1,2.0214,0.2779,,1.709,0.0746,0.479,NOMINAL,NOMINAL,NORMAL,0,
1643209200.0,1786276295.969385,1,2.9747,0.3355,,2.29,0.0916,0.572,NOMINAL,NOMINAL,NORMAL,0,
1643210100.0,1786276296.093061,1,2.4363,0.3127,,2.264,0.0932,0.619,NOMINAL,NOMINAL,TRIGGERED,1,omni_p6
1643211000.0,1786276296.2206764,1,2.5155,0.3236,,2.04,0.1608,3.202,NOMINAL,PRE_ALERT,TRIGGERED,2,omni_p6
1643211900.0,1786276296.3445523,1,2.4413,0.3171,,1.572,0.1378,2.828,PRE_ALERT,NOMINAL,NORMAL,0,
1643212800.0,1786276296.467582,1,2.2829,0.3055,,1.676,0.0636,0.459,NOMINAL,NOMINAL,NORMAL,0,
1643213700.0,1786276296.59097,1,1.7185,0.2654,,1.498,0.0508,0.406,NOMINAL,NOMINAL,NORMAL,0,
1643214600.0,1786276296.7162879,1,1.8108,0.2538,,1.583,0.0608,0.509,NOMINAL,NOMINAL,NORMAL,0,
1643215500.0,1786276296.8407748,1,1.6231,0.242,,1.49,0.0595,0.448,NOMINAL,NOMINAL,NORMAL,0,
1643216400.0,1786276296.9693768,1,3.0898,0.3312,,2.43,0.099,0.634,NOMINAL,NOMINAL,NORMAL,0,
1643217300.0,1786276297.09383,1,2.496,0.3282,,3.04,0.1004,0.674,NOMINAL,NOMINAL,NORMAL,0,
1643218200.0,1786276297.2181606,1,2.3947,0.3101,,2.326,0.0977,0.603,NOMINAL,NOMINAL,NORMAL,0,
1643219100.0,1786276297.3421,1,2.1472,0.2906,,2.046,0.0794,0.536,NOMINAL,NOMINAL,NORMAL,0,
1643220000.0,1786276297.4665473,1,1.78,0.2734,,2.029,0.0582,0.459,NOMINAL,NOMINAL,NORMAL,0,
1643220900.0,1786276297.5912395,1,1.6114,0.2382,,2.059,0.0614,0.425,NOMINAL,NOMINAL,NORMAL,0,
1643221800.0,1786276297.716558,1,1.8946,0.2748,,1.639,0.061,0.5,NOMINAL,NOMINAL,NORMAL,0,
1643222700.0,1786276297.840835,1,1.5671,0.245,,1.64,0.0674,0.439,NOMINAL,NOMINAL,NORMAL,0,
1643223600.0,1786276297.9668438,1,1.426,0.2165,,2.587,0.0907,0.633,NOMINAL,NOMINAL,NORMAL,0,
1643224500.0,1786276298.0931032,1,2.0916,0.2838,,2.946,0.0939,0.664,NOMINAL,NOMINAL,NORMAL,0,
1643225400.0,1786276298.2178922,1,2.3157,0.3134,,2.308,0.0914,0.6,NOMINAL,NOMINAL,NORMAL,0,
1643226300.0,1786276298.3422973,1,2.1481,0.2803,,2.178,0.0772,0.524,NOMINAL,NOMINAL,NORMAL,0,
1643227200.0,1786276298.4661856,1,1.6254,0.2492,,1.919,0.073,0.463,NOMINAL,NOMINAL,NORMAL,0,
1643228100.0,1786276298.5909584,1,1.6255,0.246,,1.719,0.0616,0.405,NOMINAL,NOMINAL,NORMAL,0,
1643229000.0,1786276298.716446,1,1.8452,0.2577,,1.892,0.106,0.461,NOMINAL,NOMINAL,NORMAL,0,
1643229900.0,1786276298.8414245,1,1.7679,0.2681,,1.897,0.0693,0.504,NOMINAL,NOMINAL,NORMAL,0,
1643230800.0,1786276298.967485,1,2.1923,0.2181,,1.176,0.0432,0.338,NOMINAL,NOMINAL,TRIGGERED,1,omni_p6
1643231700.0,1786276299.096873,1,2.7746,0.3446,,2.887,0.1953,3.539,NOMINAL,PRE_ALERT,TRIGGERED,2,omni_p6
1643232600.0,1786276299.2214897,1,2.8039,0.3566,,2.491,0.1726,3.159,PRE_ALERT,NOMINAL,NORMAL,0,
1643233500.0,1786276299.342137,1,2.2546,0.2924,,1.868,0.0843,0.552,NOMINAL,NOMINAL,NORMAL,0,
1643234400.0,1786276299.4669986,1,2.2442,0.2864,,1.813,0.0842,0.541,NOMINAL,NOMINAL,NORMAL,0,
1643235300.0,1786276299.5909705,1,1.7626,0.2585,,1.481,0.0672,0.481,NOMINAL,NOMINAL,NORMAL,0,
1643236200.0,1786276299.7157223,1,1.6721,0.2487,,1.417,0.0646,0.432,NOMINAL,NOMINAL,NORMAL,0,
1643237100.0,1786276299.8406947,1,1.5815,0.2459,,1.451,0.0568,0.444,NOMINAL,NOMINAL,TRIGGERED,1,omni_p6
1643238000.0,1786276299.967208,1,1.443,0.1855,,1.123,0.0631,2.499,NOMINAL,PRE_ALERT,TRIGGERED,2,omni_p6
1643238900.0,1786276300.0981722,1,3.5553,0.394,,2.974,0.1952,3.205,PRE_ALERT,NOMINAL,NORMAL,0,
1643239800.0,1786276300.2197118,1,3.0543,0.5852,,2.586,0.1162,0.731,NOMINAL,NOMINAL,NORMAL,0,
1643240700.0,1786276300.3419597,1,2.319,0.3323,,1.574,0.0897,0.612,NOMINAL,NOMINAL,NORMAL,0,
1643241600.0,1786276300.4683814,1,1.7949,0.2778,1.849,1.682,0.0825,0.626,NOMINAL,NOMINAL,NORMAL,0,
