phys_ts,ap_pub_wall_ts,n_channels,resample_ms,z_eval_ms,bg_update_ms,dds_transport_ms,fsm_eval_ms,node_latency_ms,from_state,ap_state,rpn_result,counter,trigger_channels
1647561600.0,1786287544.87651,1,1.2322,0.0535,0.0308,0.749,0.1632,0.507,NOMINAL,NOMINAL,STALE,0,
1647562500.0,1786287545.0006287,1,1.0833,0.0547,,0.767,0.0286,0.272,NOMINAL,NOMINAL,STALE,0,
1647563400.0,1786287545.1256092,1,1.1352,0.0546,,0.71,0.0288,0.284,NOMINAL,NOMINAL,STALE,0,
1647564300.0,1786287545.2505982,1,1.0929,0.0575,,0.704,0.0273,0.264,NOMINAL,NOMINAL,STALE,0,
1647565200.0,1786287545.3756018,1,1.0883,0.0601,,0.727,0.0297,0.273,NOMINAL,NOMINAL,STALE,0,
1647566100.0,1786287545.501428,1,1.2843,0.0609,,0.958,0.0316,0.337,NOMINAL,NOMINAL,STALE,0,
1647567000.0,1786287545.625599,1,1.1507,0.056,,0.669,0.0266,0.261,NOMINAL,NOMINAL,STALE,0,
1647567900.0,1786287545.7505364,1,1.0975,0.0553,,0.663,0.0259,0.252,NOMINAL,NOMINAL,STALE,0,
1647568800.0,1786287545.875193,1,1.0153,0.0564,,0.525,0.0248,0.241,NOMINAL,NOMINAL,STALE,0,
1647569700.0,1786287546.0001621,1,0.9509,0.0541,,0.539,0.0215,0.271,NOMINAL,NOMINAL,STALE,0,
1647570600.0,1786287546.125397,1,1.057,0.0536,,0.621,0.0254,0.268,NOMINAL,NOMINAL,STALE,0,
1647571500.0,1786287546.2504058,1,1.0076,0.056,,0.656,0.0291,0.252,NOMINAL,NOMINAL,STALE,0,
1647572400.0,1786287546.375262,1,1.0201,0.0552,,0.56,0.0243,0.234,NOMINAL,NOMINAL,STALE,0,
1647573300.0,1786287546.5014906,1,1.2744,0.0596,,1.103,0.0311,0.31,NOMINAL,NOMINAL,STALE,0,
1647574200.0,1786287546.6256564,1,1.1543,0.0555,,0.751,0.0269,0.252,NOMINAL,NOMINAL,STALE,0,
1647575100.0,1786287546.7505453,1,1.1077,0.0568,,0.653,0.0273,0.25,NOMINAL,NOMINAL,STALE,0,
1647576000.0,1786287546.8751452,1,1.0032,0.0533,,0.512,0.0242,0.234,NOMINAL,NOMINAL,STALE,0,
1647576900.0,1786287547.0001385,1,0.9561,0.053,,0.539,0.0226,0.241,NOMINAL,NOMINAL,STALE,0,
1647577800.0,1786287547.1254206,1,1.0342,0.0531,,0.659,0.0246,0.27,NOMINAL,NOMINAL,STALE,0,
1647578700.0,1786287547.2506306,1,1.0475,0.0556,,0.677,0.1347,0.364,NOMINAL,NOMINAL,STALE,0,
1647579600.0,1786287547.375305,1,1.0906,0.0545,,0.539,0.0227,0.228,NOMINAL,NOMINAL,STALE,0,
1647580500.0,1786287547.500341,1,1.0394,0.0557,,0.564,0.0272,0.281,NOMINAL,NOMINAL,STALE,0,
1647581400.0,1786287547.6252604,1,1.0179,0.0522,,0.607,0.0246,0.231,NOMINAL,NOMINAL,STALE,0,
1647582300.0,1786287547.7503757,1,1.04,0.0542,,0.62,0.0268,0.239,NOMINAL,NOMINAL,STALE,0,
1647583200.0,1786287547.8751569,1,1.0185,0.0555,,0.499,0.0232,0.23,NOMINAL,NOMINAL,STALE,0,
1647584100.0,1786287548.0000703,1,0.9354,0.0523,,0.528,0.0231,0.216,NOMINAL,NOMINAL,STALE,0,
1647585000.0,1786287548.1254206,1,1.0596,0.0533,,0.652,0.026,0.269,NOMINAL,NOMINAL,STALE,0,
1647585900.0,1786287548.2506375,1,1.1356,0.0566,,0.656,0.0282,0.254,NOMINAL,NOMINAL,STALE,0,
1647586800.0,1786287548.3754663,1,1.0644,0.055,,0.646,0.0248,0.289,NOMINAL,NOMINAL,STALE,0,
1647587700.0,1786287548.5003242,1,1.111,0.0558,,0.511,0.0219,0.225,NOMINAL,NOMINAL,STALE,0,
1647588600.0,1786287548.625272,1,1.0291,0.0538,,0.607,0.0236,0.228,NOMINAL,NOMINAL,STALE,0,
1647589500.0,1786287548.7503831,1,1.0457,0.0545,,0.612,0.0244,0.234,NOMINAL,NOMINAL,STALE,0,
1647590400.0,1786287548.8751285,1,1.0099,0.0515,,0.49,0.0211,0.232,NOMINAL,NOMINAL,STALE,0,
1647591300.0,1786287549.0001018,1,0.9946,0.0523,,0.504,0.0211,0.206,NOMINAL,NOMINAL,STALE,0,
1647592200.0,1786287549.125225,1,1.0323,0.0527,,0.569,0.0219,0.22,NOMINAL,NOMINAL,STALE,0,
1647593100.0,1786287549.2505076,1,1.0555,0.0539,,0.664,0.0233,0.25,NOMINAL,NOMINAL,STALE,0,
1647594000.0,1786287549.375128,1,1.0064,0.0571,,0.506,0.0226,0.204,NOMINAL,NOMINAL,STALE,0,
1647594900.0,1786287549.500058,1,0.9748,0.053,,0.49,0.0196,0.195,NOMINAL,NOMINAL,STALE,0,
1647595800.0,1786287549.625276,1,1.0312,0.0542,,0.607,0.0227,0.226,NOMINAL,NOMINAL,STALE,0,
1647596700.0,1786287549.7504635,1,1.0865,0.0534,,0.604,0.026,0.241,NOMINAL,NOMINAL,STALE,0,
1647597600.0,1786287549.8751557,1,1.0343,0.0525,,0.507,0.0204,0.213,NOMINAL,NOMINAL,STALE,0,
1647598500.0,1786287550.0000174,1,0.9587,0.0517,,0.485,0.0189,0.192,NOMINAL,NOMINAL,STALE,0,
1647599400.0,1786287550.1257596,1,1.2087,0.0581,,0.709,0.0268,0.262,NOMINAL,NOMINAL,STALE,0,
1647600300.0,1786287550.2510366,1,1.2489,0.059,,0.742,0.0298,0.267,NOMINAL,NOMINAL,STALE,0,
1647601200.0,1786287550.3755267,1,1.1126,0.0602,,0.676,0.0286,0.26,NOMINAL,NOMINAL,STALE,0,
1647602100.0,1786287550.5016928,1,1.2912,0.0614,,0.876,0.0341,0.658,NOMINAL,NOMINAL,STALE,0,
1647603000.0,1786287550.625616,1,1.1641,0.0566,,0.68,0.0316,0.256,NOMINAL,NOMINAL,STALE,0,
1647603900.0,1786287550.750313,1,1.0061,0.0551,,0.625,0.0284,0.234,NOMINAL,NOMINAL,STALE,0,
1647604800.0,1786287550.8754354,1,1.1011,0.0556,,0.555,0.0276,0.279,NOMINAL,NOMINAL,STALE,0,
1647605700.0,1786287551.000184,1,0.9783,0.0542,,0.548,0.0237,0.25,NOMINAL,NOMINAL,STALE,0,
1647606600.0,1786287551.1252987,1,1.0419,0.0551,,0.606,0.0252,0.23,NOMINAL,NOMINAL,STALE,0,
1647607500.0,1786287551.2505271,1,1.0451,0.0555,,0.674,0.029,0.248,NOMINAL,NOMINAL,STALE,0,
1647608400.0,1786287551.3753722,1,1.0475,0.0565,,0.595,0.0265,0.245,NOMINAL,NOMINAL,STALE,0,
1647609300.0,1786287551.5010808,1,1.2453,0.0621,,0.711,0.0292,0.343,NOMINAL,NOMINAL,STALE,0,
1647610200.0,1786287551.6255882,1,1.1711,0.0558,,0.669,0.0273,0.246,NOMINAL,NOMINAL,STALE,0,
1647611100.0,1786287551.7502584,1,0.992,0.0534,,0.58,0.0243,0.235,NOMINAL,NOMINAL,STALE,0,
1647612000.0,1786287551.8752427,1,1.0371,0.0545,,0.538,0.0241,0.231,NOMINAL,NOMINAL,STALE,0,
1647612900.0,1786287552.0001762,1,0.9584,0.055,,0.56,0.0217,0.242,NOMINAL,NOMINAL,STALE,0,
1647613800.0,1786287552.1252615,1,1.0141,0.0545,,0.594,0.0251,0.232,NOMINAL,NOMINAL,STALE,0,
1647614700.0,1786287552.2504053,1,1.0045,0.0534,,0.65,0.0267,0.243,NOMINAL,NOMINAL,STALE,0,
1647615600.0,1786287552.375297,1,1.0238,0.0553,,0.582,0.0258,0.233,NOMINAL,NOMINAL,STALE,0,
1647616500.0,1786287552.5002759,1,0.9827,0.0532,,0.598,0.0244,0.255,NOMINAL,NOMINAL,STALE,0,
1647617400.0,1786287552.6252656,1,1.0085,0.0527,,0.606,0.0248,0.229,NOMINAL,NOMINAL,STALE,0,
1647618300.0,1786287552.7502878,1,0.9593,0.053,,0.593,0.0257,0.292,NOMINAL,NOMINAL,STALE,0,
1647619200.0,1786287552.8755872,1,1.0619,0.0541,,0.763,0.0275,0.246,NOMINAL,NOMINAL,STALE,0,
1647620100.0,1786287553.0000758,1,0.9594,0.0533,,0.514,0.0189,0.195,NOMINAL,NOMINAL,STALE,0,
1647621000.0,1786287553.1253755,1,1.0205,0.0533,,0.609,0.0252,0.333,NOMINAL,NOMINAL,STALE,0,
1647621900.0,1786287553.2504904,1,1.0596,0.0533,,0.664,0.0257,0.244,NOMINAL,NOMINAL,STALE,0,
1647622800.0,1786287553.37522,1,0.984,0.0545,,0.587,0.0236,0.229,NOMINAL,NOMINAL,STALE,0,
1647623700.0,1786287553.5006988,1,1.1603,0.0574,,0.673,0.0282,0.266,NOMINAL,NOMINAL,STALE,0,
1647624600.0,1786287553.6253643,1,1.0356,0.0524,,0.691,0.0262,0.238,NOMINAL,NOMINAL,STALE,0,
1647625500.0,1786287553.750272,1,0.981,0.0549,,0.613,0.0271,0.237,NOMINAL,NOMINAL,STALE,0,
1647626400.0,1786287553.8754847,1,1.0866,0.0578,,0.625,0.0288,0.25,NOMINAL,NOMINAL,STALE,0,
1647627300.0,1786287554.0001042,1,0.9905,0.0522,,0.514,0.0191,0.2,NOMINAL,NOMINAL,STALE,0,
1647628200.0,1786287554.125225,1,1.0234,0.0536,,0.575,0.0232,0.224,NOMINAL,NOMINAL,STALE,0,
1647629100.0,1786287554.2504365,1,1.0297,0.0557,,0.635,0.0276,0.245,NOMINAL,NOMINAL,STALE,0,
1647630000.0,1786287554.375143,1,0.9929,0.0552,,0.508,0.0225,0.222,NOMINAL,NOMINAL,STALE,0,
1647630900.0,1786287554.5004048,1,1.0332,0.0564,,0.648,0.0251,0.243,NOMINAL,NOMINAL,STALE,0,
1647631800.0,1786287554.625099,1,1.0286,0.0535,,0.495,0.0191,0.193,NOMINAL,NOMINAL,STALE,0,
1647632700.0,1786287554.7504635,1,1.0287,0.0546,,0.667,0.0269,0.268,NOMINAL,NOMINAL,STALE,0,
1647633600.0,1786287554.8753552,1,1.0451,0.057,,0.605,0.0255,0.246,NOMINAL,NOMINAL,STALE,0,
1647634500.0,1786287555.0002706,1,0.9771,0.0557,,0.59,0.0253,0.277,NOMINAL,NOMINAL,STALE,0,
1647635400.0,1786287555.125233,1,0.9862,0.0545,,0.622,0.0256,0.235,NOMINAL,NOMINAL,STALE,0,
1647636300.0,1786287555.2503827,1,0.9959,0.0543,,0.656,0.0268,0.239,NOMINAL,NOMINAL,STALE,0,
1647637200.0,1786287555.3753612,1,1.0164,0.059,,0.638,0.0279,0.251,NOMINAL,NOMINAL,STALE,0,
1647638100.0,1786287555.5011826,1,1.2622,0.0597,,0.804,0.03,0.279,NOMINAL,NOMINAL,STALE,0,
1647639000.0,1786287555.6254706,1,1.1401,0.0545,,0.616,0.0257,0.247,NOMINAL,NOMINAL,STALE,0,
1647639900.0,1786287555.7503808,1,1.0222,0.0554,,0.646,0.0275,0.242,NOMINAL,NOMINAL,STALE,0,
1647640800.0,1786287555.8751068,1,0.9646,0.0532,,0.532,0.0216,0.224,NOMINAL,NOMINAL,STALE,0,
1647641700.0,1786287556.0004215,1,1.0103,0.0556,,0.705,0.0285,0.242,NOMINAL,NOMINAL,STALE,0,
1647642600.0,1786287556.125337,1,1.0805,0.0547,,0.618,0.0247,0.234,NOMINAL,NOMINAL,STALE,0,
1647643500.0,1786287556.2504046,1,1.0132,0.0556,,0.647,0.0256,0.242,NOMINAL,NOMINAL,STALE,0,
1647644400.0,1786287556.375218,1,0.9661,0.0541,,0.6,0.0239,0.235,NOMINAL,NOMINAL,STALE,0,
1647645300.0,1786287556.5010266,1,1.2564,0.0608,,0.719,0.0309,0.277,NOMINAL,NOMINAL,STALE,0,
1647646200.0,1786287556.6254082,1,1.1089,0.0561,,0.564,0.0284,0.268,NOMINAL,NOMINAL,STALE,0,
1647647100.0,1786287556.7503393,1,1.01,0.0554,,0.636,0.0274,0.227,NOMINAL,NOMINAL,STALE,0,
1647648000.0,1786287556.8769364,1,1.0037,0.1796,0.5591,0.561,0.0267,0.269,NOMINAL,NOMINAL,NORMAL,0,
1647648900.0,1786287557.0006173,1,1.098,0.1438,,0.686,0.0282,0.258,NOMINAL,NOMINAL,NORMAL,0,
1647649800.0,1786287557.1254194,1,1.0816,0.1417,,0.607,0.0274,0.233,NOMINAL,NOMINAL,NORMAL,0,
1647650700.0,1786287557.2505393,1,1.0393,0.1384,,0.65,0.0301,0.252,NOMINAL,NOMINAL,NORMAL,0,
1647651600.0,1786287557.3754141,1,1.0508,0.135,,0.562,0.026,0.237,NOMINAL,NOMINAL,NORMAL,0,
1647652500.0,1786287557.5003064,1,1.0279,0.1407,,0.533,0.0209,0.227,NOMINAL,NOMINAL,TRIGGERED,1,omni_p6
1647653400.0,1786287557.626295,1,1.0057,0.1354,,0.616,0.0396,1.2,NOMINAL,PRE_ALERT,TRIGGERED,2,omni_p6
1647654300.0,1786287557.751586,1,1.0059,0.137,,0.626,0.0382,1.432,PRE_ALERT,NOMINAL,NORMAL,0,
1647655200.0,1786287557.875269,1,0.9967,0.1396,,0.562,0.0253,0.237,NOMINAL,NOMINAL,NORMAL,0,
1647656100.0,1786287558.0005074,1,1.0106,0.1353,,0.674,0.0275,0.248,NOMINAL,NOMINAL,NORMAL,0,
1647657000.0,1786287558.1253006,1,1.0088,0.1311,,0.594,0.0262,0.233,NOMINAL,NOMINAL,NORMAL,0,
1647657900.0,1786287558.2503893,1,0.9731,0.1335,,0.633,0.0279,0.243,NOMINAL,NOMINAL,TRIGGERED,1,omni_p6
1647658800.0,1786287558.3761861,1,0.9251,0.13,,0.546,0.0421,1.225,NOMINAL,PRE_ALERT,TRIGGERED,2,omni_p6
1647659700.0,1786287558.501317,1,1.0466,0.1349,,0.618,0.0401,1.076,PRE_ALERT,NOMINAL,NORMAL,0,
1647660600.0,1786287558.6253045,1,1.0121,0.1345,,0.575,0.0259,0.23,NOMINAL,NOMINAL,NORMAL,0,
1647661500.0,1786287558.7502697,1,0.9492,0.1283,,0.59,0.0262,0.223,NOMINAL,NOMINAL,NORMAL,0,
1647662400.0,1786287558.8751097,1,0.9294,0.1302,,0.522,0.0245,0.219,NOMINAL,NOMINAL,NORMAL,0,
1647663300.0,1786287559.0004873,1,1.0049,0.1381,,0.665,0.0274,0.264,NOMINAL,NOMINAL,NORMAL,0,
1647664200.0,1786287559.1253698,1,1.0367,0.1377,,0.586,0.0248,0.226,NOMINAL,NOMINAL,NORMAL,0,
1647665100.0,1786287559.2504807,1,1.0224,0.1339,,0.642,0.0272,0.248,NOMINAL,NOMINAL,NORMAL,0,
1647666000.0,1786287559.3751414,1,0.9756,0.1355,,0.484,0.0208,0.21,NOMINAL,NOMINAL,NORMAL,0,
1647666900.0,1786287559.5002816,1,1.0456,0.1401,,0.485,0.0218,0.224,NOMINAL,NOMINAL,NORMAL,0,
1647667800.0,1786287559.6250815,1,0.9834,0.1408,,0.458,0.0171,0.184,NOMINAL,NOMINAL,NORMAL,0,
1647668700.0,1786287559.7502885,1,0.9633,0.1358,,0.602,0.0252,0.229,NOMINAL,NOMINAL,NORMAL,0,
1647669600.0,1786287559.875238,1,1.0075,0.138,,0.517,0.0234,0.213,NOMINAL,NOMINAL,NORMAL,0,
1647670500.0,1786287560.000479,1,1.0309,0.1366,,0.66,0.0261,0.246,NOMINAL,NOMINAL,NORMAL,0,
1647671400.0,1786287560.125324,1,1.0498,0.1358,,0.575,0.0227,0.211,NOMINAL,NOMINAL,NORMAL,0,
1647672300.0,1786287560.25055,1,1.0565,0.1397,,0.65,0.0278,0.246,NOMINAL,NOMINAL,NORMAL,0,
1647673200.0,1786287560.375402,1,1.0777,0.1434,,0.535,0.027,0.25,NOMINAL,NOMINAL,NORMAL,0,
1647674100.0,1786287560.5010786,1,1.2312,0.1485,,0.687,0.0295,0.265,NOMINAL,NOMINAL,NORMAL,0,
1647675000.0,1786287560.6252239,1,1.069,0.1357,,0.447,0.0193,0.182,NOMINAL,NOMINAL,TRIGGERED,1,omni_p6
1647675900.0,1786287560.7504187,1,1.0302,0.1345,,0.606,0.0239,0.24,NOMINAL,NOMINAL,NORMAL,0,
1647676800.0,1786287560.8750162,1,0.9552,0.1285,,0.417,0.0178,0.183,NOMINAL,NOMINAL,NORMAL,0,
1647677700.0,1786287561.0017216,1,1.3432,0.1753,,1.014,0.0355,0.315,NOMINAL,NOMINAL,NORMAL,0,
1647678600.0,1786287561.1259344,1,1.2551,0.1485,,0.667,0.0283,0.258,NOMINAL,NOMINAL,NORMAL,0,
1647679500.0,1786287561.2504427,1,0.9132,0.0421,,0.688,0.0238,0.25,NOMINAL,NOMINAL,STALE,0,
1647680400.0,1786287561.3749714,1,0.8605,0.0407,,0.448,0.0161,0.183,NOMINAL,NOMINAL,STALE,0,
1647681300.0,1786287561.5002635,1,0.9459,0.0433,,0.449,0.0133,0.187,NOMINAL,NOMINAL,STALE,0,
1647682200.0,1786287561.6248834,1,0.8517,0.0417,,0.414,0.0119,0.158,NOMINAL,NOMINAL,STALE,0,
1647683100.0,1786287561.7500653,1,0.7924,0.041,,0.593,0.02,0.226,NOMINAL,NOMINAL,STALE,0,
1647684000.0,1786287561.87475,1,0.7472,0.0383,,0.447,0.0165,0.184,NOMINAL,NOMINAL,STALE,0,
1647684900.0,1786287561.9996982,1,0.7263,0.0385,,0.411,0.0146,0.202,NOMINAL,NOMINAL,STALE,0,
1647685800.0,1786287562.1249392,1,0.8612,0.041,,0.435,0.0137,0.17,NOMINAL,NOMINAL,STALE,0,
1647686700.0,1786287562.2501352,1,0.8085,0.0402,,0.621,0.0202,0.228,NOMINAL,NOMINAL,STALE,0,
1647687600.0,1786287562.3747633,1,0.7766,0.0411,,0.431,0.0142,0.174,NOMINAL,NOMINAL,STALE,0,
1647688500.0,1786287562.4998634,1,0.8323,0.0426,,0.425,0.0146,0.175,NOMINAL,NOMINAL,STALE,0,
1647689400.0,1786287562.6246781,1,0.7638,0.0414,,0.384,0.0133,0.157,NOMINAL,NOMINAL,STALE,0,
1647690300.0,1786287562.7500181,1,0.7786,0.0419,,0.587,0.0184,0.221,NOMINAL,NOMINAL,STALE,0,
1647691200.0,1786287562.8748186,1,0.8157,0.0419,,0.417,0.0144,0.178,NOMINAL,NOMINAL,STALE,0,
1647692100.0,1786287562.9996665,1,0.7632,0.0399,,0.395,0.0118,0.155,NOMINAL,NOMINAL,STALE,0,
1647693000.0,1786287563.1249607,1,0.8784,0.0419,,0.439,0.0148,0.171,NOMINAL,NOMINAL,STALE,0,
1647693900.0,1786287563.250265,1,0.8533,0.0443,,0.64,0.022,0.236,NOMINAL,NOMINAL,STALE,0,
1647694800.0,1786287563.3747993,1,0.7926,0.0426,,0.434,0.0131,0.177,NOMINAL,NOMINAL,STALE,0,
1647695700.0,1786287563.4998984,1,0.8491,0.0432,,0.428,0.013,0.163,NOMINAL,NOMINAL,STALE,0,
1647696600.0,1786287563.6248147,1,0.8023,0.0436,,0.422,0.0129,0.155,NOMINAL,NOMINAL,STALE,0,
1647697500.0,1786287563.7500865,1,0.7976,0.0433,,0.597,0.0187,0.245,NOMINAL,NOMINAL,STALE,0,
1647698400.0,1786287563.8747213,1,0.7621,0.0398,,0.419,0.0143,0.174,NOMINAL,NOMINAL,STALE,0,
1647699300.0,1786287563.999667,1,0.7407,0.0411,,0.401,0.0121,0.166,NOMINAL,NOMINAL,STALE,0,
1647700200.0,1786287564.1249173,1,0.8233,0.0418,,0.448,0.014,0.175,NOMINAL,NOMINAL,STALE,0,
1647701100.0,1786287564.250299,1,0.8535,0.042,,0.692,0.0207,0.228,NOMINAL,NOMINAL,STALE,0,
1647702000.0,1786287564.3748174,1,0.7985,0.0421,,0.442,0.0138,0.176,NOMINAL,NOMINAL,STALE,0,
1647702900.0,1786287564.4997919,1,0.8097,0.0417,,0.413,0.013,0.161,NOMINAL,NOMINAL,STALE,0,
1647703800.0,1786287564.624697,1,0.7521,0.042,,0.403,0.0122,0.159,NOMINAL,NOMINAL,STALE,0,
1647704700.0,1786287564.750015,1,0.7798,0.0422,,0.587,0.0178,0.216,NOMINAL,NOMINAL,STALE,0,
1647705600.0,1786287564.8747396,1,0.7641,0.0403,,0.435,0.0125,0.173,NOMINAL,NOMINAL,STALE,0,
1647706500.0,1786287564.999732,1,0.7639,0.0422,,0.423,0.0129,0.169,NOMINAL,NOMINAL,STALE,0,
1647707400.0,1786287565.1250906,1,0.9892,0.0436,,0.452,0.0146,0.177,NOMINAL,NOMINAL,STALE,0,
1647708300.0,1786287565.2501912,1,0.8513,0.0444,,0.609,0.0192,0.222,NOMINAL,NOMINAL,STALE,0,
1647709200.0,1786287565.3750103,1,0.8257,0.043,,0.537,0.0187,0.233,NOMINAL,NOMINAL,STALE,0,
1647710100.0,1786287565.500902,1,1.0301,0.0491,,0.777,0.0274,0.268,NOMINAL,NOMINAL,STALE,0,
1647711000.0,1786287565.624957,1,0.891,0.0433,,0.436,0.0158,0.182,NOMINAL,NOMINAL,STALE,0,
1647711900.0,1786287565.7500784,1,0.8129,0.0428,,0.59,0.0207,0.221,NOMINAL,NOMINAL,STALE,0,
1647712800.0,1786287565.8748248,1,0.7961,0.0421,,0.447,0.0179,0.194,NOMINAL,NOMINAL,STALE,0,
1647713700.0,1786287565.9997022,1,0.7533,0.0399,,0.429,0.0141,0.171,NOMINAL,NOMINAL,STALE,0,
1647714600.0,1786287566.1246836,1,0.7545,0.0419,,0.442,0.0142,0.169,NOMINAL,NOMINAL,STALE,0,
1647715500.0,1786287566.2506094,1,0.9192,0.0455,,0.701,0.1394,0.366,NOMINAL,NOMINAL,STALE,0,
1647716400.0,1786287566.3752103,1,0.8798,0.0428,,0.602,0.0217,0.228,NOMINAL,NOMINAL,STALE,0,
1647717300.0,1786287566.5004756,1,0.9827,0.0468,,0.567,0.0187,0.206,NOMINAL,NOMINAL,STALE,0,
1647718200.0,1786287566.6249604,1,0.8843,0.0437,,0.459,0.0127,0.167,NOMINAL,NOMINAL,STALE,0,
1647719100.0,1786287566.750042,1,0.7891,0.0415,,0.602,0.0207,0.221,NOMINAL,NOMINAL,STALE,0,
1647720000.0,1786287566.8747647,1,0.7663,0.0398,,0.441,0.0148,0.181,NOMINAL,NOMINAL,STALE,0,
1647720900.0,1786287566.9997509,1,0.7561,0.0396,,0.448,0.0146,0.173,NOMINAL,NOMINAL,STALE,0,
1647721800.0,1786287567.1247792,1,0.7488,0.0405,,0.473,0.0146,0.175,NOMINAL,NOMINAL,STALE,0,
1647722700.0,1786287567.2507143,1,0.8613,0.0413,,0.939,0.0198,0.334,NOMINAL,NOMINAL,STALE,0,
1647723600.0,1786287567.3750603,1,0.8148,0.041,,0.579,0.0199,0.218,NOMINAL,NOMINAL,STALE,0,
1647724500.0,1786287567.499846,1,0.8023,0.0401,,0.439,0.0154,0.178,NOMINAL,NOMINAL,STALE,0,
1647725400.0,1786287567.6247034,1,0.7282,0.039,,0.445,0.0141,0.166,NOMINAL,NOMINAL,STALE,0,
1647726300.0,1786287567.7499542,1,0.745,0.0411,,0.577,0.0188,0.217,NOMINAL,NOMINAL,STALE,0,
1647727200.0,1786287567.8746693,1,0.716,0.0381,,0.428,0.0156,0.174,NOMINAL,NOMINAL,STALE,0,
1647728100.0,1786287567.9996305,1,0.709,0.0386,,0.411,0.0129,0.166,NOMINAL,NOMINAL,STALE,0,
1647729000.0,1786287568.1246881,1,0.7117,0.0399,,0.465,0.0146,0.185,NOMINAL,NOMINAL,STALE,0,
1647729900.0,1786287568.250275,1,0.8664,0.0406,,0.61,0.0195,0.217,NOMINAL,NOMINAL,STALE,0,
1647730800.0,1786287568.3751516,1,0.8205,0.0408,,0.628,0.022,0.228,NOMINAL,NOMINAL,STALE,0,
1647731700.0,1786287568.5000117,1,0.8714,0.0418,,0.432,0.0159,0.182,NOMINAL,NOMINAL,STALE,0,
1647732600.0,1786287568.6247604,1,0.7722,0.0415,,0.393,0.0143,0.186,NOMINAL,NOMINAL,STALE,0,
1647733500.0,1786287568.750037,1,0.7921,0.0425,,0.582,0.0184,0.218,NOMINAL,NOMINAL,STALE,0,
1647734400.0,1786287568.8753617,1,0.7754,0.0394,0.5485,0.418,0.0147,0.178,NOMINAL,NOMINAL,STALE,0,
1647735300.0,1786287568.9997542,1,0.799,0.0409,,0.41,0.0127,0.166,NOMINAL,NOMINAL,STALE,0,
1647736200.0,1786287569.124725,1,0.7773,0.0633,,0.409,0.0134,0.165,NOMINAL,NOMINAL,STALE,0,
1647737100.0,1786287569.2503693,1,0.9047,0.0456,,0.633,0.0228,0.233,NOMINAL,NOMINAL,STALE,0,
1647738000.0,1786287569.3752418,1,0.8874,0.0452,,0.601,0.0232,0.239,NOMINAL,NOMINAL,STALE,0,
1647738900.0,1786287569.4998884,1,0.8411,0.0427,,0.444,0.0148,0.175,NOMINAL,NOMINAL,STALE,0,
1647739800.0,1786287569.6247098,1,0.7614,0.0408,,0.41,0.0124,0.158,NOMINAL,NOMINAL,STALE,0,
1647740700.0,1786287569.75006,1,0.7831,0.0439,,0.6,0.0196,0.227,NOMINAL,NOMINAL,STALE,0,
1647741600.0,1786287569.8747225,1,0.751,0.0396,,0.427,0.0139,0.176,NOMINAL,NOMINAL,STALE,0,
1647742500.0,1786287569.999728,1,0.7632,0.0414,,0.414,0.0145,0.171,NOMINAL,NOMINAL,STALE,0,
1647743400.0,1786287570.1247349,1,0.7776,0.0666,,0.398,0.0115,0.159,NOMINAL,NOMINAL,STALE,0,
1647744300.0,1786287570.2504447,1,0.8961,0.0457,,0.73,0.0196,0.223,NOMINAL,NOMINAL,STALE,0,
1647745200.0,1786287570.3753362,1,0.899,0.046,,0.675,0.0236,0.251,NOMINAL,NOMINAL,STALE,0,
1647746100.0,1786287570.5006726,1,0.987,0.0457,,0.666,0.0229,0.248,NOMINAL,NOMINAL,STALE,0,
1647747000.0,1786287570.6251724,1,0.8805,0.0429,,0.604,0.0208,0.231,NOMINAL,NOMINAL,STALE,0,
1647747900.0,1786287570.750106,1,0.8115,0.0431,,0.624,0.0199,0.226,NOMINAL,NOMINAL,STALE,0,
1647748800.0,1786287570.8748593,1,0.7825,0.0434,,0.5,0.0164,0.204,NOMINAL,NOMINAL,STALE,0,
1647749700.0,1786287570.9998772,1,0.7457,0.0431,,0.555,0.0186,0.212,NOMINAL,NOMINAL,STALE,0,
1647750600.0,1786287571.1248329,1,0.7311,0.0405,,0.582,0.0172,0.204,NOMINAL,NOMINAL,STALE,0,
1647751500.0,1786287571.2504268,1,0.8492,0.0436,,0.708,0.0237,0.332,NOMINAL,NOMINAL,STALE,0,
1647752400.0,1786287571.3752213,1,0.8402,0.0427,,0.665,0.0241,0.244,NOMINAL,NOMINAL,STALE,0,
1647753300.0,1786287571.5008893,1,0.9949,0.0463,,0.85,0.0299,0.289,NOMINAL,NOMINAL,STALE,0,
1647754200.0,1786287571.62512,1,0.8861,0.0454,,0.56,0.019,0.218,NOMINAL,NOMINAL,STALE,0,
1647755100.0,1786287571.750071,1,0.8013,0.0418,,0.618,0.0242,0.229,NOMINAL,NOMINAL,STALE,0,
1647756000.0,1786287571.8748364,1,0.7916,0.0428,,0.478,0.0174,0.205,NOMINAL,NOMINAL,STALE,0,
1647756900.0,1786287571.9998772,1,0.7433,0.0428,,0.539,0.0181,0.209,NOMINAL,NOMINAL,STALE,0,
1647757800.0,1786287572.1248527,1,0.7413,0.0405,,0.585,0.0202,0.211,NOMINAL,NOMINAL,STALE,0,
1647758700.0,1786287572.2501044,1,0.7815,0.0411,,0.62,0.0223,0.216,NOMINAL,NOMINAL,STALE,0,
1647759600.0,1786287572.3754406,1,0.91,0.046,,0.677,0.0254,0.256,NOMINAL,NOMINAL,STALE,0,
1647760500.0,1786287572.5002918,1,0.87,0.0437,,0.653,0.0456,0.266,NOMINAL,NOMINAL,STALE,0,
1647761400.0,1786287572.6249638,1,0.7549,0.0665,,0.578,0.0199,0.211,NOMINAL,NOMINAL,STALE,0,
1647762300.0,1786287572.7501478,1,0.7835,0.0431,,0.692,0.0229,0.224,NOMINAL,NOMINAL,STALE,0,
1647763200.0,1786287572.874884,1,0.7749,0.0416,,0.518,0.0192,0.214,NOMINAL,NOMINAL,STALE,0,
1647764100.0,1786287572.9998877,1,0.7411,0.0418,,0.567,0.019,0.209,NOMINAL,NOMINAL,STALE,0,
1647765000.0,1786287573.1250157,1,0.7859,0.0451,,0.594,0.0194,0.216,NOMINAL,NOMINAL,STALE,0,
1647765900.0,1786287573.2500856,1,0.7848,0.0412,,0.612,0.0207,0.223,NOMINAL,NOMINAL,STALE,0,
1647766800.0,1786287573.3755023,1,0.9003,0.0448,,0.733,0.0249,0.288,NOMINAL,NOMINAL,STALE,0,
1647767700.0,1786287573.500476,1,0.9083,0.0445,,0.748,0.0261,0.256,NOMINAL,NOMINAL,STALE,0,
1647768600.0,1786287573.6250315,1,0.7682,0.0669,,0.612,0.0215,0.244,NOMINAL,NOMINAL,STALE,0,
1647769500.0,1786287573.750043,1,0.7448,0.0422,,0.607,0.0197,0.286,NOMINAL,NOMINAL,STALE,0,
1647770400.0,1786287573.8748891,1,0.7498,0.0412,,0.56,0.0213,0.228,NOMINAL,NOMINAL,STALE,0,
1647771300.0,1786287573.9999056,1,0.7249,0.0426,,0.601,0.0198,0.222,NOMINAL,NOMINAL,STALE,0,
1647772200.0,1786287574.124825,1,0.7202,0.0421,,0.593,0.0192,0.21,NOMINAL,NOMINAL,STALE,0,
1647773100.0,1786287574.2499914,1,0.7439,0.0432,,0.607,0.0215,0.217,NOMINAL,NOMINAL,STALE,0,
1647774000.0,1786287574.3755004,1,0.9022,0.043,,0.751,0.0246,0.25,NOMINAL,NOMINAL,STALE,0,
1647774900.0,1786287574.500164,1,0.8387,0.0423,,0.603,0.0228,0.255,NOMINAL,NOMINAL,STALE,0,
1647775800.0,1786287574.624969,1,0.7549,0.0677,,0.581,0.0199,0.217,NOMINAL,NOMINAL,STALE,0,
1647776700.0,1786287574.7499413,1,0.7504,0.0428,,0.579,0.0199,0.212,NOMINAL,NOMINAL,STALE,0,
1647777600.0,1786287574.874959,1,0.7852,0.0424,,0.524,0.0213,0.23,NOMINAL,NOMINAL,STALE,0,
1647778500.0,1786287575.0000362,1,0.7619,0.0439,,0.62,0.0216,0.224,NOMINAL,NOMINAL,STALE,0,
1647779400.0,1786287575.1249,1,0.7397,0.0427,,0.591,0.0204,0.216,NOMINAL,NOMINAL,STALE,0,
1647780300.0,1786287575.2502627,1,0.8162,0.0427,,0.657,0.034,0.258,NOMINAL,NOMINAL,STALE,0,
1647781200.0,1786287575.3754725,1,0.913,0.0486,,0.69,0.0255,0.265,NOMINAL,NOMINAL,STALE,0,
1647782100.0,1786287575.500823,1,0.9996,0.0471,,0.762,0.0253,0.264,NOMINAL,NOMINAL,STALE,0,
1647783000.0,1786287575.6250796,1,0.8922,0.0455,,0.515,0.019,0.196,NOMINAL,NOMINAL,STALE,0,
1647783900.0,1786287575.7498667,1,0.8227,0.0428,,0.435,0.0132,0.168,NOMINAL,NOMINAL,STALE,0,
1647784800.0,1786287575.8749197,1,0.7905,0.041,,0.504,0.0183,0.222,NOMINAL,NOMINAL,STALE,0,
1647785700.0,1786287575.999796,1,0.7886,0.0416,,0.443,0.0163,0.18,NOMINAL,NOMINAL,STALE,0,
1647786600.0,1786287576.124749,1,0.7687,0.0635,,0.431,0.0136,0.172,NOMINAL,NOMINAL,STALE,0,
1647787500.0,1786287576.2499945,1,0.7648,0.0401,,0.494,0.0157,0.325,NOMINAL,NOMINAL,STALE,0,
1647788400.0,1786287576.375442,1,0.9237,0.0438,,0.679,0.0236,0.249,NOMINAL,NOMINAL,STALE,0,
1647789300.0,1786287576.5005403,1,0.9933,0.0459,,0.605,0.0224,0.218,NOMINAL,NOMINAL,STALE,0,
1647790200.0,1786287576.6250176,1,0.9213,0.0444,,0.435,0.0141,0.166,NOMINAL,NOMINAL,STALE,0,
1647791100.0,1786287576.749846,1,0.8081,0.0422,,0.443,0.0154,0.178,NOMINAL,NOMINAL,STALE,0,
1647792000.0,1786287576.8748925,1,0.7909,0.0426,,0.51,0.0187,0.207,NOMINAL,NOMINAL,STALE,0,
1647792900.0,1786287576.999689,1,0.7504,0.0394,,0.405,0.0147,0.168,NOMINAL,NOMINAL,STALE,0,
1647793800.0,1786287577.1247437,1,0.7663,0.0638,,0.429,0.0138,0.168,NOMINAL,NOMINAL,STALE,0,
1647794700.0,1786287577.2498906,1,0.7506,0.0407,,0.528,0.016,0.201,NOMINAL,NOMINAL,STALE,0,
1647795600.0,1786287577.3755374,1,0.9576,0.0457,,0.664,0.0242,0.243,NOMINAL,NOMINAL,STALE,0,
1647796500.0,1786287577.500196,1,0.9315,0.0451,,0.475,0.0203,0.219,NOMINAL,NOMINAL,STALE,0,
1647797400.0,1786287577.6248384,1,0.8222,0.0422,,0.405,0.0129,0.162,NOMINAL,NOMINAL,STALE,0,
1647798300.0,1786287577.7497408,1,0.7836,0.0404,,0.402,0.0116,0.156,NOMINAL,NOMINAL,STALE,0,
1647799200.0,1786287577.874927,1,0.8127,0.0421,,0.492,0.0183,0.213,NOMINAL,NOMINAL,STALE,0,
1647800100.0,1786287577.9996915,1,0.7528,0.0409,,0.411,0.0136,0.167,NOMINAL,NOMINAL,STALE,0,
1647801000.0,1786287578.124735,1,0.7432,0.0417,,0.465,0.0153,0.178,NOMINAL,NOMINAL,STALE,0,
1647801900.0,1786287578.249925,1,0.7537,0.0428,,0.531,0.0188,0.207,NOMINAL,NOMINAL,STALE,0,
1647802800.0,1786287578.3752837,1,0.8721,0.0445,,0.629,0.0212,0.239,NOMINAL,NOMINAL,STALE,0,
1647803700.0,1786287578.500129,1,0.9267,0.0433,,0.462,0.0138,0.19,NOMINAL,NOMINAL,STALE,0,
1647804600.0,1786287578.624809,1,0.8086,0.0436,,0.417,0.0124,0.159,NOMINAL,NOMINAL,STALE,0,
1647805500.0,1786287578.7498157,1,0.7858,0.0413,,0.462,0.0146,0.175,NOMINAL,NOMINAL,STALE,0,
1647806400.0,1786287578.874881,1,0.7657,0.0417,,0.533,0.0178,0.215,NOMINAL,NOMINAL,STALE,0,
1647807300.0,1786287578.9997082,1,0.7546,0.0413,,0.416,0.0141,0.166,NOMINAL,NOMINAL,STALE,0,
1647808200.0,1786287579.124698,1,0.7631,0.0402,,0.399,0.012,0.158,NOMINAL,NOMINAL,STALE,0,
1647809100.0,1786287579.249769,1,0.7632,0.0409,,0.426,0.0139,0.176,NOMINAL,NOMINAL,STALE,0,
1647810000.0,1786287579.3751633,1,0.8306,0.0445,,0.613,0.0211,0.233,NOMINAL,NOMINAL,STALE,0,
1647810900.0,1786287579.500034,1,0.8883,0.0427,,0.453,0.014,0.175,NOMINAL,NOMINAL,STALE,0,
1647811800.0,1786287579.6248357,1,0.8346,0.0423,,0.402,0.0122,0.156,NOMINAL,NOMINAL,STALE,0,
1647812700.0,1786287579.74979,1,0.7986,0.0414,,0.399,0.0122,0.175,NOMINAL,NOMINAL,STALE,0,
1647813600.0,1786287579.874967,1,0.7684,0.0431,,0.576,0.0194,0.222,NOMINAL,NOMINAL,STALE,0,
1647814500.0,1786287579.9996867,1,0.7496,0.0412,,0.404,0.0128,0.169,NOMINAL,NOMINAL,STALE,0,
1647815400.0,1786287580.1248157,1,0.768,0.0667,,0.47,0.014,0.186,NOMINAL,NOMINAL,STALE,0,
1647816300.0,1786287580.250332,1,1.062,0.1501,,0.528,0.0234,0.216,NOMINAL,NOMINAL,TRIGGERED,1,omni_p6
1647817200.0,1786287580.376991,1,1.1335,0.1539,,0.739,0.0511,1.487,NOMINAL,PRE_ALERT,TRIGGERED,2,omni_p6
1647818100.0,1786287580.5007432,1,1.033,0.0504,,0.665,0.0259,0.258,PRE_ALERT,PRE_ALERT,STALE,2,
1647819000.0,1786287580.6252863,1,0.9405,0.0467,,0.571,0.0218,0.232,PRE_ALERT,PRE_ALERT,STALE,2,
1647819900.0,1786287580.750037,1,0.8024,0.0439,,0.566,0.0193,0.218,PRE_ALERT,PRE_ALERT,STALE,2,
1647820800.0,1786287580.8756366,1,0.8055,0.044,0.5278,0.579,0.0204,0.241,PRE_ALERT,PRE_ALERT,STALE,2,
1647821700.0,1786287580.9997978,1,0.8043,0.0449,,0.417,0.0153,0.177,PRE_ALERT,PRE_ALERT,STALE,2,
1647822600.0,1786287581.124981,1,0.7819,0.0696,,0.577,0.0205,0.217,PRE_ALERT,PRE_ALERT,STALE,2,
1647823500.0,1786287581.2500048,1,0.787,0.0439,,0.567,0.0207,0.222,PRE_ALERT,PRE_ALERT,STALE,2,
1647824400.0,1786287581.375423,1,0.8717,0.0464,,0.738,0.0257,0.26,PRE_ALERT,PRE_ALERT,STALE,2,
1647825300.0,1786287581.5010338,1,1.0113,0.049,,0.911,0.0283,0.285,PRE_ALERT,PRE_ALERT,STALE,2,
1647826200.0,1786287581.6253283,1,0.9155,0.0471,,0.668,0.0251,0.254,PRE_ALERT,PRE_ALERT,STALE,2,
1647827100.0,1786287581.7500334,1,0.8133,0.0455,,0.578,0.0239,0.229,PRE_ALERT,PRE_ALERT,STALE,2,
1647828000.0,1786287581.874949,1,0.7844,0.0456,,0.562,0.0219,0.241,PRE_ALERT,PRE_ALERT,STALE,2,
1647828900.0,1786287582.0000176,1,0.7874,0.0458,,0.595,0.0216,0.231,PRE_ALERT,PRE_ALERT,STALE,2,
1647829800.0,1786287582.1249235,1,0.765,0.0652,,0.553,0.0213,0.223,PRE_ALERT,PRE_ALERT,STALE,2,
1647830700.0,1786287582.251329,1,1.0713,0.145,,0.592,0.0442,1.151,PRE_ALERT,NOMINAL,NORMAL,0,
1647831600.0,1786287582.3756266,1,1.1253,0.1459,,0.676,0.028,0.25,NOMINAL,NOMINAL,NORMAL,0,
1647832500.0,1786287582.500175,1,0.8437,0.0442,,0.635,0.0226,0.257,NOMINAL,NOMINAL,STALE,0,
1647833400.0,1786287582.6252685,1,0.864,0.0438,,0.677,0.0242,0.25,NOMINAL,NOMINAL,STALE,0,
1647834300.0,1786287582.7500741,1,0.8309,0.0412,,0.592,0.0233,0.239,NOMINAL,NOMINAL,STALE,0,
1647835200.0,1786287582.8749726,1,0.8043,0.0436,,0.557,0.023,0.241,NOMINAL,NOMINAL,STALE,0,
1647836100.0,1786287583.0000591,1,0.8144,0.0421,,0.578,0.0232,0.239,NOMINAL,NOMINAL,STALE,0,
1647837000.0,1786287583.1254237,1,1.1174,0.1505,,0.589,0.0279,0.246,NOMINAL,NOMINAL,NORMAL,0,
1647837900.0,1786287583.2503245,1,1.0127,0.1393,,0.574,0.0265,0.243,NOMINAL,NOMINAL,NORMAL,0,
1647838800.0,1786287583.3755689,1,1.0926,0.1437,,0.666,0.0311,0.256,NOMINAL,NOMINAL,NORMAL,0,
1647839700.0,1786287583.5006542,1,1.1483,0.1456,,0.669,0.0303,0.254,NOMINAL,NOMINAL,NORMAL,0,
1647840600.0,1786287583.6256921,1,1.1749,0.1398,,0.662,0.0288,0.259,NOMINAL,NOMINAL,NORMAL,0,
1647841500.0,1786287583.7503753,1,1.053,0.1369,,0.591,0.0282,0.242,NOMINAL,NOMINAL,NORMAL,0,
1647842400.0,1786287583.8752952,1,1.0248,0.1375,,0.55,0.0269,0.249,NOMINAL,NOMINAL,NORMAL,0,
1647843300.0,1786287584.0003366,1,1.0054,0.1342,,0.561,0.0722,0.291,NOMINAL,NOMINAL,NORMAL,0,
1647844200.0,1786287584.1252265,1,1.0164,0.1317,,0.541,0.0268,0.231,NOMINAL,NOMINAL,NORMAL,0,
1647845100.0,1786287584.2502997,1,1.0025,0.132,,0.575,0.0281,0.233,NOMINAL,NOMINAL,NORMAL,0,
1647846000.0,1786287584.3755105,1,1.0852,0.1372,,0.623,0.0292,0.254,NOMINAL,NOMINAL,NORMAL,0,
1647846900.0,1786287584.5003119,1,1.0065,0.1367,,0.588,0.0443,0.264,NOMINAL,NOMINAL,NORMAL,0,
1647847800.0,1786287584.6257334,1,1.1705,0.1431,,0.701,0.0298,0.258,NOMINAL,NOMINAL,NORMAL,0,
1647848700.0,1786287584.7503662,1,1.0468,0.1375,,0.592,0.0276,0.241,NOMINAL,NOMINAL,NORMAL,0,
1647849600.0,1786287584.875252,1,1.0039,0.1361,,0.563,0.0266,0.242,NOMINAL,NOMINAL,NORMAL,0,
1647850500.0,1786287585.0002663,1,0.9755,0.1386,,0.561,0.0267,0.267,NOMINAL,NOMINAL,TRIGGERED,1,omni_p6
1647851400.0,1786287585.1261945,1,1.0121,0.1322,,0.566,0.0451,1.169,NOMINAL,PRE_ALERT,TRIGGERED,2,omni_p6
1647852300.0,1786287585.2515476,1,1.1356,0.1422,,0.664,0.0464,1.141,PRE_ALERT,NOMINAL,NORMAL,0,
1647853200.0,1786287585.3756113,1,1.1111,0.1441,,0.667,0.0309,0.254,NOMINAL,NOMINAL,NORMAL,0,
1647854100.0,1786287585.5015752,1,1.286,0.1807,,1.019,0.0349,0.313,NOMINAL,NOMINAL,NORMAL,0,
1647855000.0,1786287585.6259196,1,1.2226,0.146,,0.742,0.0316,0.277,NOMINAL,NOMINAL,NORMAL,0,
1647855900.0,1786287585.7504814,1,1.0933,0.1416,,0.602,0.0319,0.25,NOMINAL,NOMINAL,NORMAL,0,
1647856800.0,1786287585.8752973,1,1.0337,0.138,,0.549,0.0303,0.245,NOMINAL,NOMINAL,TRIGGERED,1,omni_p6
1647857700.0,1786287586.0012677,1,1.0025,0.1394,,0.563,0.0901,1.222,NOMINAL,PRE_ALERT,TRIGGERED,2,omni_p6
1647858600.0,1786287586.1264307,1,1.1425,0.1409,,0.62,0.0471,1.12,PRE_ALERT,NOMINAL,NORMAL,0,
1647859500.0,1786287586.2503421,1,1.0248,0.1351,,0.56,0.0276,0.239,NOMINAL,NOMINAL,NORMAL,0,
1647860400.0,1786287586.3756976,1,1.154,0.1407,,0.695,0.0307,0.257,NOMINAL,NOMINAL,NORMAL,0,
1647861300.0,1786287586.5012882,1,1.2494,0.1529,,0.889,0.0359,0.301,NOMINAL,NOMINAL,NORMAL,0,
1647862200.0,1786287586.625646,1,1.1977,0.1454,,0.616,0.0307,0.259,NOMINAL,NOMINAL,NORMAL,0,
1647863100.0,1786287586.7514944,1,1.2944,0.1597,,0.933,0.0344,0.318,NOMINAL,NOMINAL,TRIGGERED,1,omni_p6
1647864000.0,1786287586.8764594,1,1.2897,0.1563,,0.937,0.0362,0.317,NOMINAL,NOMINAL,NORMAL,0,
1647864900.0,1786287587.0014195,1,1.2916,0.1879,,0.89,0.0342,0.301,NOMINAL,NOMINAL,NORMAL,0,
1647865800.0,1786287587.12584,1,1.2457,0.1484,,0.7,0.0324,0.265,NOMINAL,NOMINAL,NORMAL,0,
1647866700.0,1786287587.250585,1,1.1364,0.1458,,0.613,0.0309,0.259,NOMINAL,NOMINAL,NORMAL,0,
1647867600.0,1786287587.3756914,1,1.1356,0.1404,,0.688,0.0294,0.274,NOMINAL,NOMINAL,NORMAL,0,
1647868500.0,1786287587.500666,1,1.1199,0.1444,,0.695,0.0298,0.309,NOMINAL,NOMINAL,TRIGGERED,1,omni_p6
1647869400.0,1786287587.6263106,1,1.022,0.1355,,0.596,0.0449,1.23,NOMINAL,PRE_ALERT,TRIGGERED,2,omni_p6
1647870300.0,1786287587.7518487,1,1.1746,0.1442,,0.743,0.0511,1.175,PRE_ALERT,NOMINAL,NORMAL,0,
1647871200.0,1786287587.8755128,1,1.1098,0.1355,,0.583,0.0276,0.262,NOMINAL,NOMINAL,NORMAL,0,
1647872100.0,1786287588.0004783,1,1.093,0.1391,,0.604,0.0297,0.244,NOMINAL,NOMINAL,NORMAL,0,
1647873000.0,1786287588.1254058,1,1.0995,0.1375,,0.574,0.027,0.243,NOMINAL,NOMINAL,NORMAL,0,
1647873900.0,1786287588.2503731,1,1.0422,0.1342,,0.578,0.0272,0.24,NOMINAL,NOMINAL,NORMAL,0,
1647874800.0,1786287588.3756511,1,1.1166,0.1427,,0.7,0.0297,0.253,NOMINAL,NOMINAL,TRIGGERED,1,omni_p6
1647875700.0,1786287588.5017428,1,1.1588,0.1467,,0.73,0.0476,1.231,NOMINAL,PRE_ALERT,TRIGGERED,2,omni_p6
1647876600.0,1786287588.62663,1,1.2162,0.1455,,0.656,0.0458,1.111,PRE_ALERT,NOMINAL,NORMAL,0,
1647877500.0,1786287588.750695,1,1.1686,0.1439,,0.648,0.0307,0.256,NOMINAL,NOMINAL,NORMAL,0,
1647878400.0,1786287588.8753574,1,1.0761,0.1413,,0.549,0.0275,0.24,NOMINAL,NOMINAL,NORMAL,0,
1647879300.0,1786287589.0004249,1,1.049,0.1398,,0.611,0.0293,0.244,NOMINAL,NOMINAL,NORMAL,0,
1647880200.0,1786287589.1253242,1,1.0496,0.1381,,0.563,0.0284,0.245,NOMINAL,NOMINAL,NORMAL,0,
1647881100.0,1786287589.250692,1,1.1259,0.1422,,0.681,0.0314,0.261,NOMINAL,NOMINAL,NORMAL,0,
1647882000.0,1786287589.3755982,1,1.1117,0.1425,,0.671,0.0304,0.26,NOMINAL,NOMINAL,NORMAL,0,
1647882900.0,1786287589.5005276,1,1.109,0.14,,0.621,0.0312,0.26,NOMINAL,NOMINAL,NORMAL,0,
1647883800.0,1786287589.6255884,1,1.1556,0.1431,,0.621,0.0302,0.247,NOMINAL,NOMINAL,NORMAL,0,
1647884700.0,1786287589.7507071,1,1.149,0.1459,,0.654,0.0325,0.263,NOMINAL,NOMINAL,NORMAL,0,
1647885600.0,1786287589.8754551,1,1.1084,0.1405,,0.549,0.0292,0.266,NOMINAL,NOMINAL,NORMAL,0,
1647886500.0,1786287590.0004482,1,1.0561,0.14,,0.634,0.0273,0.254,NOMINAL,NOMINAL,NORMAL,0,
1647887400.0,1786287590.1253808,1,1.0752,0.1413,,0.553,0.0282,0.286,NOMINAL,NOMINAL,NORMAL,0,
1647888300.0,1786287590.2502894,1,1.0003,0.1348,,0.578,0.029,0.233,NOMINAL,NOMINAL,NORMAL,0,
1647889200.0,1786287590.3765767,1,1.0632,0.1406,,0.994,0.1417,0.989,NOMINAL,NOMINAL,NORMAL,0,
1647890100.0,1786287590.5014548,1,1.2992,0.1825,,0.924,0.033,0.283,NOMINAL,NOMINAL,NORMAL,0,
1647891000.0,1786287590.6259167,1,1.1974,0.1483,,0.767,0.0312,0.27,NOMINAL,NOMINAL,NORMAL,0,
1647891900.0,1786287590.750768,1,1.1001,0.1439,,0.781,0.03,0.268,NOMINAL,NOMINAL,NORMAL,0,
1647892800.0,1786287590.875388,1,1.0825,0.1404,,0.577,0.0306,0.247,NOMINAL,NOMINAL,NORMAL,0,
1647893700.0,1786287591.0003562,1,1.0207,0.1359,,0.572,0.0292,0.277,NOMINAL,NOMINAL,NORMAL,0,
1647894600.0,1786287591.1251118,1,0.8977,0.1271,,0.551,0.0264,0.262,NOMINAL,NOMINAL,NORMAL,0,
1647895500.0,1786287591.2504625,1,1.1351,0.1323,,0.599,0.0261,0.245,NOMINAL,NOMINAL,TRIGGERED,1,omni_p6
1647896400.0,1786287591.3755536,1,1.0814,0.1371,,0.674,0.0308,0.263,NOMINAL,NOMINAL,NORMAL,0,
1647897300.0,1786287591.5019474,1,1.2524,0.1527,,0.922,0.0363,0.884,NOMINAL,NOMINAL,NORMAL,0,
1647898200.0,1786287591.6256282,1,1.1755,0.1402,,0.643,0.0315,0.265,NOMINAL,NOMINAL,NORMAL,0,
1647899100.0,1786287591.7505825,1,1.1136,0.1398,,0.655,0.031,0.258,NOMINAL,NOMINAL,NORMAL,0,
1647900000.0,1786287591.875313,1,1.0503,0.1373,,0.58,0.0306,0.251,NOMINAL,NOMINAL,NORMAL,0,
1647900900.0,1786287592.0003173,1,1.0087,0.136,,0.596,0.0507,0.266,NOMINAL,NOMINAL,NORMAL,0,
1647901800.0,1786287592.126879,1,1.3087,0.1554,,1.313,0.0381,0.342,NOMINAL,NOMINAL,TRIGGERED,1,omni_p6
1647902700.0,1786287592.2506225,1,1.1463,0.1409,,0.641,0.026,0.248,NOMINAL,NOMINAL,NORMAL,0,
1647903600.0,1786287592.3755922,1,1.0756,0.1371,,0.635,0.0285,0.368,NOMINAL,NOMINAL,NORMAL,0,
1647904500.0,1786287592.5006392,1,1.131,0.1395,,0.694,0.0313,0.256,NOMINAL,NOMINAL,NORMAL,0,
1647905400.0,1786287592.625419,1,1.0355,0.1344,,0.647,0.031,0.25,NOMINAL,NOMINAL,NORMAL,0,
1647906300.0,1786287592.7504053,1,0.9763,0.1323,,0.689,0.0333,0.297,NOMINAL,NOMINAL,NORMAL,0,
1647907200.0,1786287592.8761525,1,1.131,0.1376,0.5456,0.554,0.0293,0.278,NOMINAL,NOMINAL,NORMAL,0,
1647908100.0,1786287593.0005105,1,1.0642,0.139,,0.647,0.0305,0.254,NOMINAL,NOMINAL,TRIGGERED,1,omni_p6
1647909000.0,1786287593.1251886,1,1.0384,0.1342,,0.482,0.0248,0.217,NOMINAL,NOMINAL,NORMAL,0,
1647909900.0,1786287593.2501037,1,0.9643,0.1309,,0.465,0.0204,0.2,NOMINAL,NOMINAL,NORMAL,0,
1647910800.0,1786287593.3754494,1,1.0126,0.1355,,0.652,0.0288,0.248,NOMINAL,NOMINAL,NORMAL,0,
1647911700.0,1786287593.5008159,1,1.1466,0.1422,,0.753,0.0298,0.264,NOMINAL,NOMINAL,NORMAL,0,
1647912600.0,1786287593.6254003,1,1.0598,0.1376,,0.589,0.026,0.237,NOMINAL,NOMINAL,NORMAL,0,
1647913500.0,1786287593.7502768,1,0.963,0.137,,0.612,0.0226,0.221,NOMINAL,NOMINAL,TRIGGERED,1,omni_p6
1647914400.0,1786287593.8763912,1,1.0342,0.1373,,0.625,0.0431,1.209,NOMINAL,PRE_ALERT,TRIGGERED,2,omni_p6
1647915300.0,1786287594.0014248,1,1.0928,0.1424,,0.654,0.0449,1.118,PRE_ALERT,NOMINAL,NORMAL,0,
1647916200.0,1786287594.1253617,1,1.0779,0.1392,,0.574,0.026,0.234,NOMINAL,NOMINAL,NORMAL,0,
1647917100.0,1786287594.2502043,1,0.9822,0.1301,,0.518,0.0218,0.227,NOMINAL,NOMINAL,NORMAL,0,
1647918000.0,1786287594.375265,1,1.0011,0.1357,,0.536,0.0256,0.231,NOMINAL,NOMINAL,NORMAL,0,
1647918900.0,1786287594.5007613,1,1.1212,0.1405,,0.734,0.0296,0.266,NOMINAL,NOMINAL,NORMAL,0,
1647919800.0,1786287594.6253119,1,1.0768,0.1391,,0.507,0.0222,0.217,NOMINAL,NOMINAL,TRIGGERED,1,omni_p6
1647920700.0,1786287594.7514513,1,0.9794,0.1347,,0.564,0.0421,1.434,NOMINAL,PRE_ALERT,TRIGGERED,2,omni_p6
1647921600.0,1786287594.8765147,1,1.1707,0.1479,,0.555,0.0439,1.138,PRE_ALERT,NOMINAL,NORMAL,0,
1647922500.0,1786287595.0005724,1,1.0879,0.1403,,0.665,0.0293,0.247,NOMINAL,NOMINAL,NORMAL,0,
1647923400.0,1786287595.1253142,1,1.032,0.1378,,0.563,0.0248,0.224,NOMINAL,NOMINAL,NORMAL,0,
1647924300.0,1786287595.2502837,1,0.9736,0.1353,,0.564,0.0244,0.232,NOMINAL,NOMINAL,NORMAL,0,
1647925200.0,1786287595.3752286,1,0.9972,0.1367,,0.528,0.023,0.222,NOMINAL,NOMINAL,NORMAL,0,
1647926100.0,1786287595.5014908,1,1.2916,0.1815,,0.897,0.0351,0.316,NOMINAL,NOMINAL,NORMAL,0,
1647927000.0,1786287595.6255484,1,1.1481,0.1444,,0.566,0.0271,0.243,NOMINAL,NOMINAL,NORMAL,0,
1647927900.0,1786287595.750441,1,1.0537,0.1424,,0.592,0.0272,0.239,NOMINAL,NOMINAL,NORMAL,0,
1647928800.0,1786287595.8754165,1,1.0832,0.1404,,0.539,0.0274,0.247,NOMINAL,NOMINAL,NORMAL,0,
1647929700.0,1786287596.0004508,1,1.0307,0.1366,,0.653,0.0277,0.247,NOMINAL,NOMINAL,NORMAL,0,
1647930600.0,1786287596.125402,1,1.0516,0.1392,,0.582,0.0249,0.234,NOMINAL,NOMINAL,NORMAL,0,
1647931500.0,1786287596.2503023,1,0.9782,0.1354,,0.559,0.0256,0.239,NOMINAL,NOMINAL,NORMAL,0,
1647932400.0,1786287596.3751822,1,0.9644,0.1313,,0.518,0.0243,0.229,NOMINAL,NOMINAL,NORMAL,0,
1647933300.0,1786287596.5014527,1,1.2861,0.1745,,0.937,0.0359,0.311,NOMINAL,NOMINAL,NORMAL,0,
1647934200.0,1786287596.6255155,1,1.138,0.1448,,0.584,0.026,0.237,NOMINAL,NOMINAL,NORMAL,0,
1647935100.0,1786287596.7503548,1,1.0114,0.1347,,0.595,0.0252,0.24,NOMINAL,NOMINAL,NORMAL,0,
1647936000.0,1786287596.8753197,1,1.0354,0.1377,,0.533,0.0264,0.247,NOMINAL,NOMINAL,TRIGGERED,1,omni_p6
1647936900.0,1786287597.0004802,1,1.0329,0.1388,,0.663,0.0275,0.248,NOMINAL,NOMINAL,NORMAL,0,
1647937800.0,1786287597.1253002,1,1.0026,0.1312,,0.573,0.0253,0.238,NOMINAL,NOMINAL,NORMAL,0,
1647938700.0,1786287597.250277,1,0.9463,0.1336,,0.583,0.0247,0.232,NOMINAL,NOMINAL,TRIGGERED,1,omni_p6
1647939600.0,1786287597.376742,1,1.15,0.149,,0.663,0.048,1.249,NOMINAL,PRE_ALERT,TRIGGERED,2,omni_p6
1647940500.0,1786287597.5017738,1,1.1932,0.1458,,0.729,0.048,1.148,PRE_ALERT,NOMINAL,NORMAL,0,
1647941400.0,1786287597.6255121,1,1.1105,0.1427,,0.603,0.0269,0.239,NOMINAL,NOMINAL,NORMAL,0,
1647942300.0,1786287597.7502413,1,0.9902,0.141,,0.538,0.0236,0.223,NOMINAL,NOMINAL,TRIGGERED,1,omni_p6
1647943200.0,1786287597.875276,1,1.0035,0.141,,0.538,0.0262,0.237,NOMINAL,NOMINAL,NORMAL,0,
1647944100.0,1786287598.0004401,1,1.02,0.1382,,0.637,0.0259,0.246,NOMINAL,NOMINAL,NORMAL,0,
1647945000.0,1786287598.1252663,1,1.0026,0.1363,,0.556,0.0238,0.226,NOMINAL,NOMINAL,NORMAL,0,
1647945900.0,1786287598.2502196,1,0.9392,0.1293,,0.551,0.0228,0.226,NOMINAL,NOMINAL,NORMAL,0,
1647946800.0,1786287598.3752367,1,0.9467,0.1335,,0.563,0.0248,0.233,NOMINAL,NOMINAL,NORMAL,0,
1647947700.0,1786287598.5009615,1,1.1717,0.1482,,0.704,0.0305,0.339,NOMINAL,NOMINAL,TRIGGERED,1,omni_p6
1647948600.0,1786287598.6261842,1,1.023,0.1357,,0.51,0.0401,1.165,NOMINAL,PRE_ALERT,TRIGGERED,2,omni_p6
1647949500.0,1786287598.7515664,1,1.1257,0.1404,,0.677,0.0449,1.13,PRE_ALERT,NOMINAL,NORMAL,0,
1647950400.0,1786287598.8752832,1,1.037,0.1378,,0.517,0.0264,0.241,NOMINAL,NOMINAL,NORMAL,0,
1647951300.0,1786287599.00065,1,1.0903,0.1449,,0.703,0.0283,0.257,NOMINAL,NOMINAL,NORMAL,0,
1647952200.0,1786287599.125338,1,1.0543,0.143,,0.546,0.0238,0.224,NOMINAL,NOMINAL,NORMAL,0,
1647953100.0,1786287599.2503676,1,1.0017,0.1371,,0.582,0.0266,0.235,NOMINAL,NOMINAL,NORMAL,0,
1647954000.0,1786287599.3752432,1,0.9946,0.1401,,0.525,0.0255,0.237,NOMINAL,NOMINAL,TRIGGERED,1,omni_p6
1647954900.0,1786287599.5021408,1,1.0674,0.1444,,0.728,0.0469,1.74,NOMINAL,PRE_ALERT,TRIGGERED,2,omni_p6
1647955800.0,1786287599.6262803,1,1.1064,0.1429,,0.604,0.0407,1.03,PRE_ALERT,NOMINAL,NORMAL,0,
1647956700.0,1786287599.750367,1,1.0334,0.1392,,0.586,0.0265,0.233,NOMINAL,NOMINAL,NORMAL,0,
1647957600.0,1786287599.8751304,1,0.9542,0.1301,,0.503,0.0237,0.228,NOMINAL,NOMINAL,NORMAL,0,
1647958500.0,1786287600.000668,1,1.0992,0.138,,0.723,0.0286,0.26,NOMINAL,NOMINAL,NORMAL,0,
1647959400.0,1786287600.1259284,1,1.266,0.1467,,0.669,0.0286,0.256,NOMINAL,NOMINAL,NORMAL,0,
1647960300.0,1786287600.2503855,1,1.0383,0.1387,,0.552,0.0259,0.243,NOMINAL,NOMINAL,TRIGGERED,1,omni_p6
1647961200.0,1786287600.3752651,1,0.9714,0.1313,,0.586,0.0251,0.223,NOMINAL,NOMINAL,NORMAL,0,
1647962100.0,1786287600.5015948,1,1.3065,0.192,,0.97,0.035,0.315,NOMINAL,NOMINAL,NORMAL,0,
1647963000.0,1786287600.6253486,1,1.0763,0.1364,,0.516,0.0231,0.208,NOMINAL,NOMINAL,NORMAL,0,
1647963900.0,1786287600.750371,1,1.0309,0.136,,0.601,0.0216,0.209,NOMINAL,NOMINAL,NORMAL,0,
1647964800.0,1786287600.8752768,1,1.0364,0.1365,,0.513,0.0251,0.217,NOMINAL,NOMINAL,NORMAL,0,
1647965700.0,1786287601.0006144,1,1.0909,0.1393,,0.618,0.0257,0.336,NOMINAL,NOMINAL,NORMAL,0,
1647966600.0,1786287601.1259284,1,1.183,0.1498,,0.832,0.0318,0.275,NOMINAL,NOMINAL,NORMAL,0,
1647967500.0,1786287601.2506094,1,1.1053,0.1431,,0.634,0.0284,0.251,NOMINAL,NOMINAL,NORMAL,0,
1647968400.0,1786287601.3751774,1,1.0167,0.1349,,0.488,0.0182,0.189,NOMINAL,NOMINAL,NORMAL,0,
1647969300.0,1786287601.501201,1,1.2296,0.1481,,0.789,0.0318,0.315,NOMINAL,NOMINAL,NORMAL,0,
1647970200.0,1786287601.625689,1,1.1664,0.1413,,0.621,0.0288,0.249,NOMINAL,NOMINAL,NORMAL,0,
1647971100.0,1786287601.7502549,1,1.0461,0.131,,0.488,0.0196,0.198,NOMINAL,NOMINAL,NORMAL,0,
1647972000.0,1786287601.8751576,1,0.9931,0.1291,,0.485,0.017,0.195,NOMINAL,NOMINAL,NORMAL,0,
1647972900.0,1786287602.0005198,1,1.0602,0.133,,0.649,0.0252,0.246,NOMINAL,NOMINAL,NORMAL,0,
1647973800.0,1786287602.125298,1,1.0393,0.1322,,0.549,0.0223,0.223,NOMINAL,NOMINAL,NORMAL,0,
1647974700.0,1786287602.2501783,1,0.9992,0.1295,,0.471,0.0193,0.197,NOMINAL,NOMINAL,NORMAL,0,
1647975600.0,1786287602.3751566,1,0.9784,0.1317,,0.494,0.0221,0.206,NOMINAL,NOMINAL,NORMAL,0,
1647976500.0,1786287602.500541,1,1.0254,0.1351,,0.67,0.0256,0.274,NOMINAL,NOMINAL,NORMAL,0,
1647977400.0,1786287602.6254327,1,1.0384,0.1309,,0.626,0.0253,0.234,NOMINAL,NOMINAL,NORMAL,0,
1647978300.0,1786287602.7502725,1,1.0105,0.1314,,0.527,0.0237,0.215,NOMINAL,NOMINAL,NORMAL,0,
1647979200.0,1786287602.875139,1,0.9746,0.1301,,0.498,0.0186,0.198,NOMINAL,NOMINAL,NORMAL,0,
1647980100.0,1786287603.000522,1,1.0539,0.1367,,0.654,0.0268,0.242,NOMINAL,NOMINAL,NORMAL,0,
1647981000.0,1786287603.1253338,1,1.0662,0.1373,,0.54,0.0213,0.217,NOMINAL,NOMINAL,TRIGGERED,1,omni_p6
1647981900.0,1786287603.250298,1,1.0362,0.1354,,0.51,0.0233,0.216,NOMINAL,NOMINAL,NORMAL,0,
1647982800.0,1786287603.375154,1,0.9905,0.1339,,0.488,0.0202,0.199,NOMINAL,NOMINAL,NORMAL,0,
1647983700.0,1786287603.5007315,1,1.1233,0.1424,,0.704,0.0362,0.26,NOMINAL,NOMINAL,NORMAL,0,
1647984600.0,1786287603.6255093,1,1.0845,0.1399,,0.603,0.0273,0.241,NOMINAL,NOMINAL,NORMAL,0,
1647985500.0,1786287603.7502584,1,1.0356,0.1376,,0.495,0.0197,0.2,NOMINAL,NOMINAL,NORMAL,0,
1647986400.0,1786287603.875131,1,0.951,0.1328,,0.518,0.0236,0.226,NOMINAL,NOMINAL,NORMAL,0,
1647987300.0,1786287604.000316,1,0.954,0.1318,,0.608,0.0252,0.25,NOMINAL,NOMINAL,TRIGGERED,1,omni_p6
1647988200.0,1786287604.1255455,1,1.1116,0.1365,,0.638,0.0272,0.241,NOMINAL,NOMINAL,NORMAL,0,
1647989100.0,1786287604.2503028,1,0.98,0.1324,,0.569,0.0256,0.238,NOMINAL,NOMINAL,NORMAL,0,
1647990000.0,1786287604.3752124,1,0.9617,0.1336,,0.551,0.0241,0.225,NOMINAL,NOMINAL,NORMAL,0,
1647990900.0,1786287604.5004685,1,1.0405,0.1333,,0.632,0.027,0.247,NOMINAL,NOMINAL,NORMAL,0,
1647991800.0,1786287604.6255856,1,1.0603,0.1344,,0.695,0.0283,0.252,NOMINAL,NOMINAL,NORMAL,0,
1647992700.0,1786287604.7506332,1,1.1083,0.1472,,0.638,0.0286,0.25,NOMINAL,NOMINAL,TRIGGERED,1,omni_p6
1647993600.0,1786287604.877242,1,1.0034,0.1288,0.5543,0.533,0.0437,1.608,NOMINAL,PRE_ALERT,TRIGGERED,2,omni_p6
1647994500.0,1786287605.0014474,1,1.122,0.1428,,0.643,0.0477,1.09,PRE_ALERT,NOMINAL,NORMAL,0,
1647995400.0,1786287605.125739,1,1.177,0.1463,,0.678,0.0312,0.26,NOMINAL,NOMINAL,NORMAL,0,
1647996300.0,1786287605.2504838,1,1.0571,0.1376,,0.601,0.027,0.244,NOMINAL,NOMINAL,NORMAL,0,
1647997200.0,1786287605.375405,1,1.0346,0.1398,,0.592,0.0274,0.243,NOMINAL,NOMINAL,NORMAL,0,
1647998100.0,1786287605.501506,1,1.2973,0.2461,,0.804,0.0334,0.385,NOMINAL,NOMINAL,NORMAL,0,
1647999000.0,1786287605.625916,1,1.209,0.1503,,0.739,0.0329,0.272,NOMINAL,NOMINAL,TRIGGERED,1,omni_p6
1647999900.0,1786287605.7514575,1,1.0701,0.1431,,0.634,0.0475,1.196,NOMINAL,PRE_ALERT,TRIGGERED,2,omni_p6
1648000800.0,1786287605.8763287,1,1.0802,0.1405,,0.58,0.0435,1.147,PRE_ALERT,NOMINAL,NORMAL,0,
1648001700.0,1786287606.0007439,1,1.1063,0.1451,,0.766,0.031,0.26,NOMINAL,NOMINAL,NORMAL,0,
1648002600.0,1786287606.125989,1,1.2152,0.1502,,0.784,0.0328,0.278,NOMINAL,NOMINAL,NORMAL,0,
1648003500.0,1786287606.2504683,1,1.1114,0.1389,,0.548,0.0263,0.234,NOMINAL,NOMINAL,NORMAL,0,
1648004400.0,1786287606.37561,1,1.1297,0.1495,,0.618,0.0286,0.254,NOMINAL,NOMINAL,NORMAL,0,
1648005300.0,1786287606.5014803,1,1.2877,0.1862,,0.932,0.0349,0.307,NOMINAL,NOMINAL,TRIGGERED,1,omni_p6
1648006200.0,1786287606.6259801,1,1.2306,0.1467,,0.769,0.0333,0.285,NOMINAL,NOMINAL,NORMAL,0,
1648007100.0,1786287606.7505178,1,1.0851,0.1433,,0.616,0.0276,0.246,NOMINAL,NOMINAL,NORMAL,0,
1648008000.0,1786287606.875329,1,1.0302,0.1379,,0.567,0.0248,0.241,NOMINAL,NOMINAL,NORMAL,0,
1648008900.0,1786287607.000358,1,0.9763,0.1341,,0.618,0.0264,0.279,NOMINAL,NOMINAL,NORMAL,0,
1648009800.0,1786287607.1255937,1,1.0998,0.1427,,0.653,0.0279,0.253,NOMINAL,NOMINAL,NORMAL,0,
1648010700.0,1786287607.250852,1,1.1851,0.1496,,0.676,0.0301,0.264,NOMINAL,NOMINAL,NORMAL,0,
1648011600.0,1786287607.3753679,1,1.0468,0.1398,,0.56,0.0242,0.23,NOMINAL,NOMINAL,NORMAL,0,
1648012500.0,1786287607.500419,1,1.0802,0.1383,,0.56,0.0265,0.235,NOMINAL,NOMINAL,NORMAL,0,
1648013400.0,1786287607.6255972,1,1.0922,0.1409,,0.679,0.029,0.25,NOMINAL,NOMINAL,NORMAL,0,
1648014300.0,1786287607.7511237,1,1.2314,0.1481,,0.709,0.0318,0.279,NOMINAL,NOMINAL,NORMAL,0,
1648015200.0,1786287607.8760195,1,1.2841,0.1646,,0.568,0.027,0.245,NOMINAL,NOMINAL,NORMAL,0,
1648016100.0,1786287608.0008018,1,1.16,0.1406,,0.667,0.0283,0.327,NOMINAL,NOMINAL,NORMAL,0,
1648017000.0,1786287608.1257048,1,1.1506,0.1367,,0.643,0.0299,0.321,NOMINAL,NOMINAL,NORMAL,0,
1648017900.0,1786287608.2505505,1,1.0944,0.1368,,0.563,0.0298,0.312,NOMINAL,NOMINAL,NORMAL,0,
1648018800.0,1786287608.3753805,1,1.0082,0.1313,,0.527,0.0266,0.303,NOMINAL,NOMINAL,NORMAL,0,
1648019700.0,1786287608.5005138,1,1.0526,0.142,,0.586,0.0277,0.315,NOMINAL,NOMINAL,NORMAL,0,
1648020600.0,1786287608.6255627,1,1.0611,0.1346,,0.684,0.0294,0.257,NOMINAL,NOMINAL,NORMAL,0,
1648021500.0,1786287608.7504935,1,1.0636,0.1343,,0.581,0.0299,0.317,NOMINAL,NOMINAL,TRIGGERED,1,omni_p6
1648022400.0,1786287608.8752441,1,0.9536,0.1291,,0.537,0.0256,0.305,NOMINAL,NOMINAL,NORMAL,0,
1648023300.0,1786287609.0002487,1,0.9166,0.1253,,0.556,0.0288,0.325,NOMINAL,NOMINAL,NORMAL,0,
1648024200.0,1786287609.1252465,1,0.9509,0.1257,,0.551,0.0266,0.296,NOMINAL,NOMINAL,NORMAL,0,
1648025100.0,1786287609.2504838,1,1.0169,0.1309,,0.567,0.0286,0.33,NOMINAL,NOMINAL,NORMAL,0,
1648026000.0,1786287609.37527,1,0.9861,0.1302,,0.506,0.0251,0.293,NOMINAL,NOMINAL,NORMAL,0,
1648026900.0,1786287609.5003173,1,0.962,0.1349,,0.533,0.0252,0.318,NOMINAL,NOMINAL,TRIGGERED,1,omni_p6
1648027800.0,1786287609.6268594,1,1.027,0.1347,,0.658,0.0466,1.624,NOMINAL,PRE_ALERT,TRIGGERED,2,omni_p6
1648028700.0,1786287609.7513716,1,1.0218,0.1354,,0.613,0.0472,1.2,PRE_ALERT,NOMINAL,NORMAL,0,
1648029600.0,1786287609.8753626,1,0.9961,0.1341,,0.567,0.0261,0.314,NOMINAL,NOMINAL,NORMAL,0,
1648030500.0,1786287610.0003397,1,0.9359,0.1299,,0.57,0.0275,0.356,NOMINAL,NOMINAL,NORMAL,0,
1648031400.0,1786287610.1258228,1,1.164,0.1546,,0.664,0.0304,0.351,NOMINAL,NOMINAL,NORMAL,0,
1648032300.0,1786287610.2510166,1,1.2461,0.1555,,0.615,0.0314,0.327,NOMINAL,NOMINAL,NORMAL,0,
1648033200.0,1786287610.3753784,1,1.0705,0.1438,,0.49,0.0252,0.286,NOMINAL,NOMINAL,TRIGGERED,1,omni_p6
1648034100.0,1786287610.501921,1,1.2601,0.1543,,0.567,0.0436,1.248,NOMINAL,PRE_ALERT,TRIGGERED,2,omni_p6
1648035000.0,1786287610.6269355,1,1.2536,0.153,,0.72,0.0518,1.254,PRE_ALERT,NOMINAL,NORMAL,0,
1648035900.0,1786287610.7504551,1,1.0866,0.1415,,0.529,0.0274,0.298,NOMINAL,NOMINAL,NORMAL,0,
1648036800.0,1786287610.8753111,1,1.0206,0.139,,0.496,0.0268,0.299,NOMINAL,NOMINAL,NORMAL,0,
1648037700.0,1786287611.000326,1,0.9641,0.1386,,0.562,0.0265,0.32,NOMINAL,NOMINAL,NORMAL,0,
1648038600.0,1786287611.1253996,1,1.0467,0.1399,,0.554,0.0264,0.299,NOMINAL,NOMINAL,TRIGGERED,1,omni_p6
1648039500.0,1786287611.2513983,1,1.1004,0.1442,,0.514,0.0438,1.205,NOMINAL,PRE_ALERT,TRIGGERED,2,omni_p6
1648040400.0,1786287611.3765852,1,1.1026,0.1465,,0.595,0.1619,1.348,PRE_ALERT,NOMINAL,NORMAL,0,
1648041300.0,1786287611.5010374,1,1.2582,0.155,,0.641,0.027,0.317,NOMINAL,NOMINAL,NORMAL,0,
1648042200.0,1786287611.625879,1,1.1995,0.1522,,0.689,0.0304,0.328,NOMINAL,NOMINAL,NORMAL,0,
1648043100.0,1786287611.7503912,1,1.0726,0.143,,0.5,0.0271,0.285,NOMINAL,NOMINAL,NORMAL,0,
1648044000.0,1786287611.8752012,1,0.973,0.1375,,0.49,0.0246,0.283,NOMINAL,NOMINAL,NORMAL,0,
1648044900.0,1786287612.0003376,1,0.9802,0.1401,,0.555,0.0261,0.316,NOMINAL,NOMINAL,TRIGGERED,1,omni_p6
1648045800.0,1786287612.1262443,1,1.0132,0.1375,,0.54,0.0456,1.235,NOMINAL,PRE_ALERT,TRIGGERED,2,omni_p6
1648046700.0,1786287612.2518506,1,1.1673,0.1482,,0.679,0.1627,1.35,PRE_ALERT,NOMINAL,NORMAL,0,
1648047600.0,1786287612.375441,1,1.085,0.145,,0.52,0.026,0.299,NOMINAL,NOMINAL,NORMAL,0,
1648048500.0,1786287612.5002713,1,1.0111,0.1355,,0.494,0.0264,0.299,NOMINAL,NOMINAL,NORMAL,0,
1648049400.0,1786287612.6257071,1,1.1611,0.14,,0.657,0.0301,0.331,NOMINAL,NOMINAL,NORMAL,0,
1648050300.0,1786287612.75145,1,1.3011,0.1579,,0.809,0.0354,0.377,NOMINAL,NOMINAL,NORMAL,0,
1648051200.0,1786287612.8762443,1,1.2855,0.1639,,0.756,0.0319,0.321,NOMINAL,NOMINAL,TRIGGERED,1,omni_p6
1648052100.0,1786287613.0014923,1,1.2831,0.1988,,0.94,0.0347,0.297,NOMINAL,NOMINAL,NORMAL,0,
1648053000.0,1786287613.1258097,1,1.1836,0.1484,,0.705,0.0318,0.278,NOMINAL,NOMINAL,NORMAL,0,
1648053900.0,1786287613.2506065,1,1.1415,0.1442,,0.615,0.0327,0.262,NOMINAL,NOMINAL,NORMAL,0,
1648054800.0,1786287613.375281,1,1.0282,0.1404,,0.532,0.0242,0.219,NOMINAL,NOMINAL,NORMAL,0,
1648055700.0,1786287613.5005379,1,1.0989,0.1499,,0.597,0.0264,0.232,NOMINAL,NOMINAL,NORMAL,0,
1648056600.0,1786287613.6255012,1,1.078,0.1396,,0.624,0.0299,0.248,NOMINAL,NOMINAL,NORMAL,0,
1648057500.0,1786287613.7503824,1,1.0246,0.1398,,0.588,0.0291,0.244,NOMINAL,NOMINAL,NORMAL,0,
1648058400.0,1786287613.8751857,1,1.0205,0.1355,,0.469,0.0249,0.223,NOMINAL,NOMINAL,NORMAL,0,
1648059300.0,1786287614.0000305,1,0.9536,0.1331,,0.449,0.0195,0.191,NOMINAL,NOMINAL,NORMAL,0,
1648060200.0,1786287614.1250591,1,0.9095,0.127,,0.507,0.0246,0.221,NOMINAL,NOMINAL,NORMAL,0,
1648061100.0,1786287614.2500143,1,0.9527,0.1291,,0.417,0.0173,0.175,NOMINAL,NOMINAL,NORMAL,0,
1648062000.0,1786287614.3753972,1,1.1206,0.1434,,0.485,0.022,0.201,NOMINAL,NOMINAL,NORMAL,0,
1648062900.0,1786287614.5000374,1,0.9779,0.1322,,0.439,0.0181,0.171,NOMINAL,NOMINAL,NORMAL,0,
1648063800.0,1786287614.6256623,1,1.1102,0.1428,,0.705,0.0297,0.255,NOMINAL,NOMINAL,NORMAL,0,
1648064700.0,1786287614.7503045,1,1.0344,0.1383,,0.54,0.0268,0.231,NOMINAL,NOMINAL,NORMAL,0,
1648065600.0,1786287614.875153,1,1.0015,0.1399,,0.465,0.0231,0.221,NOMINAL,NOMINAL,NORMAL,0,
1648066500.0,1786287615.0000606,1,0.9754,0.1346,,0.449,0.0206,0.192,NOMINAL,NOMINAL,NORMAL,0,
1648067400.0,1786287615.1253092,1,1.0292,0.1351,,0.58,0.0245,0.236,NOMINAL,NOMINAL,NORMAL,0,
1648068300.0,1786287615.250094,1,0.9588,0.1293,,0.472,0.0226,0.208,NOMINAL,NOMINAL,NORMAL,0,
1648069200.0,1786287615.3753211,1,1.0717,0.1404,,0.494,0.0235,0.206,NOMINAL,NOMINAL,NORMAL,0,
1648070100.0,1786287615.5008602,1,1.2655,0.1528,,0.556,0.0211,0.199,NOMINAL,NOMINAL,NORMAL,0,
1648071000.0,1786287615.6258106,1,1.2277,0.1498,,0.656,0.0278,0.248,NOMINAL,NOMINAL,NORMAL,0,
1648071900.0,1786287615.7503388,1,1.0512,0.1432,,0.533,0.0244,0.226,NOMINAL,NOMINAL,TRIGGERED,1,omni_p6
1648072800.0,1786287615.8751156,1,0.9732,0.1343,,0.468,0.0209,0.206,NOMINAL,NOMINAL,NORMAL,0,
1648073700.0,1786287616.000016,1,0.9437,0.1319,,0.449,0.0175,0.179,NOMINAL,NOMINAL,NORMAL,0,
1648074600.0,1786287616.125538,1,1.0934,0.1419,,0.631,0.0281,0.25,NOMINAL,NOMINAL,NORMAL,0,
1648075500.0,1786287616.2503517,1,1.0283,0.1397,,0.546,0.027,0.231,NOMINAL,NOMINAL,NORMAL,0,
1648076400.0,1786287616.3755662,1,1.1385,0.1469,,0.576,0.0267,0.233,NOMINAL,NOMINAL,NORMAL,0,
1648077300.0,1786287616.500894,1,1.2316,0.1503,,0.638,0.027,0.245,NOMINAL,NOMINAL,NORMAL,0,
1648078200.0,1786287616.6258318,1,1.2042,0.1532,,0.689,0.0295,0.272,NOMINAL,NOMINAL,TRIGGERED,1,omni_p6
1648079100.0,1786287616.7514415,1,1.0489,0.1421,,0.561,0.0455,1.269,NOMINAL,PRE_ALERT,TRIGGERED,2,omni_p6
1648080000.0,1786287616.8770993,1,1.105,0.1368,0.5859,0.504,0.0438,1.302,PRE_ALERT,NOMINAL,NORMAL,0,
1648080900.0,1786287617.0004003,1,1.0811,0.1417,,0.551,0.0279,0.232,NOMINAL,NOMINAL,NORMAL,0,
1648081800.0,1786287617.125379,1,1.0704,0.1444,,0.561,0.0277,0.238,NOMINAL,NOMINAL,NORMAL,0,
1648082700.0,1786287617.2502532,1,1.0628,0.1411,,0.458,0.0208,0.193,NOMINAL,NOMINAL,NORMAL,0,
1648083600.0,1786287617.3755565,1,1.1446,0.1478,,0.494,0.0232,0.338,NOMINAL,NOMINAL,TRIGGERED,1,omni_p6
1648084500.0,1786287617.5012891,1,1.0501,0.1406,,0.475,0.0395,1.274,NOMINAL,PRE_ALERT,TRIGGERED,2,omni_p6
1648085400.0,1786287617.626759,1,1.1738,0.1472,,0.693,0.0491,1.269,PRE_ALERT,NOMINAL,NORMAL,0,
1648086300.0,1786287617.750428,1,1.0593,0.1431,,0.579,0.0288,0.243,NOMINAL,NOMINAL,NORMAL,0,
1648087200.0,1786287617.8752208,1,1.061,0.1376,,0.467,0.0216,0.208,NOMINAL,NOMINAL,NORMAL,0,
1648088100.0,1786287618.0008345,1,1.2244,0.1539,,0.609,0.0271,0.233,NOMINAL,NOMINAL,NORMAL,0,
1648089000.0,1786287618.1254518,1,1.0964,0.1425,,0.59,0.0271,0.231,NOMINAL,NOMINAL,NORMAL,0,
1648089900.0,1786287618.2501233,1,0.9839,0.1391,,0.461,0.0188,0.194,NOMINAL,NOMINAL,TRIGGERED,1,omni_p6
1648090800.0,1786287618.3764367,1,1.0533,0.1403,,0.524,0.0392,1.336,NOMINAL,PRE_ALERT,TRIGGERED,2,omni_p6
1648091700.0,1786287618.501693,1,1.1696,0.1467,,0.671,0.0446,1.253,PRE_ALERT,NOMINAL,NORMAL,0,
1648092600.0,1786287618.625726,1,1.1466,0.1432,,0.643,0.0296,0.352,NOMINAL,NOMINAL,NORMAL,0,
1648093500.0,1786287618.7503283,1,1.0292,0.135,,0.557,0.0268,0.238,NOMINAL,NOMINAL,NORMAL,0,
1648094400.0,1786287618.8754098,1,1.0358,0.1423,,0.511,0.0251,0.348,NOMINAL,NOMINAL,NORMAL,0,
1648095300.0,1786287619.0000672,1,0.9719,0.1357,,0.437,0.0224,0.207,NOMINAL,NOMINAL,NORMAL,0,
1648096200.0,1786287619.1252806,1,0.9865,0.1339,,0.561,0.026,0.238,NOMINAL,NOMINAL,NORMAL,0,
1648097100.0,1786287619.2501268,1,0.9552,0.133,,0.488,0.0244,0.213,NOMINAL,NOMINAL,NORMAL,0,
1648098000.0,1786287619.3752296,1,0.9554,0.1383,,0.567,0.0228,0.224,NOMINAL,NOMINAL,NORMAL,0,
1648098900.0,1786287619.5002246,1,1.0213,0.1363,,0.478,0.0249,0.234,NOMINAL,NOMINAL,NORMAL,0,
1648099800.0,1786287619.6255317,1,1.0232,0.1359,,0.621,0.0276,0.345,NOMINAL,NOMINAL,NORMAL,0,
1648100700.0,1786287619.7502527,1,0.9832,0.1336,,0.53,0.0246,0.228,NOMINAL,NOMINAL,NORMAL,0,
1648101600.0,1786287619.8751614,1,1.0015,0.1337,,0.466,0.0209,0.21,NOMINAL,NOMINAL,NORMAL,0,
1648102500.0,1786287620.0000353,1,0.9432,0.1323,,0.453,0.0191,0.189,NOMINAL,NOMINAL,NORMAL,0,
1648103400.0,1786287620.1252446,1,0.9895,0.1312,,0.554,0.0257,0.229,NOMINAL,NOMINAL,NORMAL,0,
1648104300.0,1786287620.2501307,1,0.9627,0.1328,,0.473,0.022,0.209,NOMINAL,NOMINAL,NORMAL,0,
1648105200.0,1786287620.3751044,1,0.9447,0.1316,,0.468,0.0212,0.235,NOMINAL,NOMINAL,NORMAL,0,
1648106100.0,1786287620.5014577,1,1.2613,0.1942,,0.925,0.0356,0.302,NOMINAL,NOMINAL,NORMAL,0,
1648107000.0,1786287620.6263812,1,1.3361,0.1573,,0.847,0.0347,0.294,NOMINAL,NOMINAL,NORMAL,0,
1648107900.0,1786287620.7508764,1,1.2339,0.1524,,0.648,0.0305,0.266,NOMINAL,NOMINAL,NORMAL,0,
1648108800.0,1786287620.8754277,1,1.122,0.1472,,0.514,0.0264,0.233,NOMINAL,NOMINAL,NORMAL,0,
1648109700.0,1786287621.0001295,1,1.0054,0.1358,,0.453,0.0186,0.2,NOMINAL,NOMINAL,NORMAL,0,
1648110600.0,1786287621.1252947,1,1.0071,0.1324,,0.572,0.0253,0.236,NOMINAL,NOMINAL,NORMAL,0,
1648111500.0,1786287621.2500498,1,0.9239,0.1315,,0.459,0.0204,0.2,NOMINAL,NOMINAL,NORMAL,0,
1648112400.0,1786287621.3752422,1,0.9595,0.1311,,0.482,0.0218,0.327,NOMINAL,NOMINAL,TRIGGERED,1,omni_p6
1648113300.0,1786287621.5010264,1,1.2344,0.1487,,0.62,0.0261,0.354,NOMINAL,NOMINAL,NORMAL,0,
1648114200.0,1786287621.6257324,1,1.174,0.1414,,0.656,0.0305,0.26,NOMINAL,NOMINAL,NORMAL,0,
1648115100.0,1786287621.7504544,1,1.0803,0.1357,,0.572,0.0261,0.236,NOMINAL,NOMINAL,NORMAL,0,
1648116000.0,1786287621.875298,1,1.0518,0.1339,,0.5,0.0251,0.236,NOMINAL,NOMINAL,NORMAL,0,
1648116900.0,1786287622.00102,1,1.1256,0.1465,,0.975,0.0278,0.254,NOMINAL,NOMINAL,NORMAL,0,
1648117800.0,1786287622.1255357,1,1.1329,0.1426,,0.592,0.0289,0.251,NOMINAL,NOMINAL,TRIGGERED,1,omni_p6
1648118700.0,1786287622.2510922,1,0.969,0.1362,,0.494,0.0378,1.141,NOMINAL,PRE_ALERT,TRIGGERED,2,omni_p6
1648119600.0,1786287622.3767283,1,1.1627,0.1467,,0.71,0.0508,1.213,PRE_ALERT,NOMINAL,NORMAL,0,
1648120500.0,1786287622.5008814,1,1.1663,0.1473,,0.728,0.034,0.285,NOMINAL,NOMINAL,NORMAL,0,
1648121400.0,1786287622.6258664,1,1.1618,0.1467,,0.714,0.0322,0.302,NOMINAL,NOMINAL,NORMAL,0,
1648122300.0,1786287622.7506447,1,1.0975,0.1439,,0.663,0.0312,0.267,NOMINAL,NOMINAL,NORMAL,0,
1648123200.0,1786287622.875386,1,1.07,0.1397,,0.532,0.0269,0.259,NOMINAL,NOMINAL,NORMAL,0,
1648124100.0,1786287623.0002632,1,0.9548,0.1302,,0.559,0.0225,0.266,NOMINAL,NOMINAL,TRIGGERED,1,omni_p6
1648125000.0,1786287623.1262221,1,0.9836,0.1336,,0.582,0.0448,1.163,NOMINAL,PRE_ALERT,TRIGGERED,2,omni_p6
1648125900.0,1786287623.2514868,1,1.0323,0.1399,,0.602,0.0482,1.262,PRE_ALERT,NOMINAL,NORMAL,0,
1648126800.0,1786287623.3753436,1,1.0133,0.1382,,0.56,0.026,0.246,NOMINAL,NOMINAL,NORMAL,0,
1648127700.0,1786287623.5007415,1,1.1441,0.1461,,0.683,0.0314,0.263,NOMINAL,NOMINAL,NORMAL,0,
1648128600.0,1786287623.6253493,1,0.9535,0.1297,,0.657,0.0305,0.26,NOMINAL,NOMINAL,NORMAL,0,
1648129500.0,1786287623.7505546,1,1.0067,0.1359,,0.712,0.031,0.3,NOMINAL,NOMINAL,NORMAL,0,
1648130400.0,1786287623.8751903,1,0.969,0.1376,,0.51,0.0258,0.24,NOMINAL,NOMINAL,TRIGGERED,1,omni_p6
1648131300.0,1786287624.0007615,1,0.8051,0.1217,,0.447,0.0412,1.178,NOMINAL,PRE_ALERT,TRIGGERED,2,omni_p6
1648132200.0,1786287624.126391,1,1.0403,0.1336,,0.7,0.0451,1.12,PRE_ALERT,NOMINAL,NORMAL,0,
1648133100.0,1786287624.2504249,1,0.9978,0.1317,,0.64,0.0278,0.241,NOMINAL,NOMINAL,NORMAL,0,
1648134000.0,1786287624.375188,1,0.9462,0.1293,,0.558,0.0264,0.225,NOMINAL,NOMINAL,NORMAL,0,
1648134900.0,1786287624.5004127,1,1.0114,0.1322,,0.647,0.029,0.251,NOMINAL,NOMINAL,NORMAL,0,
1648135800.0,1786287624.6253436,1,1.0148,0.1308,,0.588,0.0273,0.233,NOMINAL,NOMINAL,NORMAL,0,
1648136700.0,1786287624.7502751,1,0.9665,0.1341,,0.575,0.028,0.239,NOMINAL,NOMINAL,TRIGGERED,1,omni_p6
1648137600.0,1786287624.8754017,1,1.0388,0.1417,,0.597,0.03,0.249,NOMINAL,NOMINAL,NORMAL,0,
1648138500.0,1786287625.0002615,1,0.9689,0.1324,,0.556,0.0279,0.269,NOMINAL,NOMINAL,NORMAL,0,
1648139400.0,1786287625.1252482,1,0.9815,0.1302,,0.558,0.0259,0.225,NOMINAL,NOMINAL,NORMAL,0,
1648140300.0,1786287625.2502756,1,0.9685,0.1325,,0.567,0.0269,0.226,NOMINAL,NOMINAL,NORMAL,0,
1648141200.0,1786287625.3752253,1,0.9548,0.1321,,0.576,0.0267,0.237,NOMINAL,NOMINAL,NORMAL,0,
1648142100.0,1786287625.501199,1,1.2278,0.1515,,0.87,0.0345,0.282,NOMINAL,NOMINAL,NORMAL,0,
1648143000.0,1786287625.6260483,1,1.2281,0.1511,,0.784,0.0337,0.269,NOMINAL,NOMINAL,NORMAL,0,
1648143900.0,1786287625.7505915,1,1.1116,0.1385,,0.635,0.0292,0.25,NOMINAL,NOMINAL,NORMAL,0,
1648144800.0,1786287625.8754437,1,1.0894,0.1399,,0.563,0.0296,0.244,NOMINAL,NOMINAL,NORMAL,0,
1648145700.0,1786287626.0003307,1,1.0062,0.1345,,0.566,0.0503,0.279,NOMINAL,NOMINAL,NORMAL,0,
1648146600.0,1786287626.1252656,1,1.0134,0.1355,,0.543,0.0268,0.222,NOMINAL,NOMINAL,NORMAL,0,
1648147500.0,1786287626.2502518,1,0.9666,0.134,,0.558,0.0259,0.228,NOMINAL,NOMINAL,NORMAL,0,
1648148400.0,1786287626.3752162,1,0.9897,0.1341,,0.536,0.027,0.22,NOMINAL,NOMINAL,NORMAL,0,
1648149300.0,1786287626.5012858,1,1.2144,0.1493,,0.896,0.0348,0.33,NOMINAL,NOMINAL,NORMAL,0,
1648150200.0,1786287626.6261096,1,1.3636,0.147,,0.755,0.0319,0.259,NOMINAL,NOMINAL,NORMAL,0,
1648151100.0,1786287626.7506351,1,1.1356,0.142,,0.637,0.0302,0.244,NOMINAL,NOMINAL,NORMAL,0,
1648152000.0,1786287626.8754478,1,1.1365,0.1424,,0.56,0.0303,0.247,NOMINAL,NOMINAL,NORMAL,0,
1648152900.0,1786287627.000282,1,1.0096,0.1371,,0.534,0.0495,0.253,NOMINAL,NOMINAL,NORMAL,0,
1648153800.0,1786287627.1252682,1,1.0197,0.1352,,0.571,0.0274,0.229,NOMINAL,NOMINAL,NORMAL,0,
1648154700.0,1786287627.2500517,1,0.8854,0.1277,,0.54,0.0255,0.219,NOMINAL,NOMINAL,NORMAL,0,
1648155600.0,1786287627.3751724,1,0.9339,0.1316,,0.553,0.0256,0.229,NOMINAL,NOMINAL,NORMAL,0,
1648156500.0,1786287627.5001585,1,0.9083,0.1261,,0.553,0.0251,0.271,NOMINAL,NOMINAL,NORMAL,0,
1648157400.0,1786287627.6254556,1,1.0363,0.1358,,0.622,0.0277,0.244,NOMINAL,NOMINAL,TRIGGERED,1,omni_p6
1648158300.0,1786287627.750431,1,1.0126,0.1395,,0.618,0.0292,0.243,NOMINAL,NOMINAL,NORMAL,0,
1648159200.0,1786287627.875364,1,1.0298,0.1395,,0.618,0.0285,0.24,NOMINAL,NOMINAL,NORMAL,0,
1648160100.0,1786287628.0002384,1,0.9568,0.1343,,0.552,0.0261,0.258,NOMINAL,NOMINAL,NORMAL,0,
1648161000.0,1786287628.1251912,1,0.9698,0.1291,,0.552,0.0257,0.216,NOMINAL,NOMINAL,NORMAL,0,
1648161900.0,1786287628.2502387,1,0.9281,0.1306,,0.576,0.0242,0.223,NOMINAL,NOMINAL,NORMAL,0,
1648162800.0,1786287628.375166,1,0.9317,0.1313,,0.545,0.0255,0.217,NOMINAL,NOMINAL,TRIGGERED,1,omni_p6
1648163700.0,1786287628.5015762,1,1.0117,0.1354,,0.675,0.0491,1.322,NOMINAL,PRE_ALERT,TRIGGERED,2,omni_p6
1648164600.0,1786287628.6266403,1,1.163,0.1437,,0.69,0.0477,1.124,PRE_ALERT,NOMINAL,NORMAL,0,
1648165500.0,1786287628.7505395,1,1.0839,0.1394,,0.624,0.0271,0.245,NOMINAL,NOMINAL,NORMAL,0,
1648166400.0,1786287628.8762722,1,1.0521,0.1323,0.5831,0.578,0.0299,0.522,NOMINAL,NOMINAL,NORMAL,0,
1648167300.0,1786287629.0003264,1,1.0027,0.1361,,0.576,0.0268,0.266,NOMINAL,NOMINAL,NORMAL,0,
1648168200.0,1786287629.125239,1,1.0046,0.1355,,0.544,0.0251,0.216,NOMINAL,NOMINAL,NORMAL,0,
1648169100.0,1786287629.2502947,1,0.9626,0.1321,,0.567,0.026,0.234,NOMINAL,NOMINAL,TRIGGERED,1,omni_p6
1648170000.0,1786287629.3764656,1,1.0443,0.1403,,0.618,0.0479,1.227,NOMINAL,PRE_ALERT,TRIGGERED,2,omni_p6
1648170900.0,1786287629.5013607,1,1.0715,0.1424,,0.659,0.0451,1.057,PRE_ALERT,NOMINAL,NORMAL,0,
1648171800.0,1786287629.6256373,1,1.1,0.1411,,0.677,0.0287,0.245,NOMINAL,NOMINAL,NORMAL,0,
1648172700.0,1786287629.75048,1,1.047,0.1362,,0.635,0.0281,0.239,NOMINAL,NOMINAL,NORMAL,0,
1648173600.0,1786287629.8752775,1,1.0168,0.1348,,0.564,0.027,0.234,NOMINAL,NOMINAL,NORMAL,0,
1648174500.0,1786287630.0002215,1,0.9524,0.1296,,0.546,0.0253,0.251,NOMINAL,NOMINAL,NORMAL,0,
1648175400.0,1786287630.125217,1,0.9873,0.1313,,0.558,0.0233,0.215,NOMINAL,NOMINAL,TRIGGERED,1,omni_p6
1648176300.0,1786287630.2511222,1,0.919,0.1301,,0.57,0.0418,1.136,NOMINAL,PRE_ALERT,TRIGGERED,2,omni_p6
1648177200.0,1786287630.376431,1,1.0562,0.139,,0.624,0.0437,1.161,PRE_ALERT,NOMINAL,NORMAL,0,
1648178100.0,1786287630.501317,1,1.2338,0.1504,,0.887,0.0343,0.282,NOMINAL,NOMINAL,NORMAL,0,
1648179000.0,1786287630.6257691,1,1.1693,0.1428,,0.687,0.0293,0.267,NOMINAL,NOMINAL,NORMAL,0,
1648179900.0,1786287630.7511294,1,1.2084,0.1486,,0.812,0.0329,0.279,NOMINAL,NOMINAL,NORMAL,0,
1648180800.0,1786287630.8757215,1,1.1664,0.1481,,0.653,0.0322,0.265,NOMINAL,NOMINAL,NORMAL,0,
1648181700.0,1786287631.0004172,1,1.0384,0.1421,,0.595,0.0275,0.236,NOMINAL,NOMINAL,TRIGGERED,1,omni_p6
1648182600.0,1786287631.1253352,1,1.021,0.1358,,0.586,0.027,0.234,NOMINAL,NOMINAL,NORMAL,0,
1648183500.0,1786287631.2501893,1,0.8903,0.1254,,0.583,0.026,0.231,NOMINAL,NOMINAL,NORMAL,0,
1648184400.0,1786287631.3752122,1,0.9357,0.1302,,0.58,0.0252,0.217,NOMINAL,NOMINAL,NORMAL,0,
1648185300.0,1786287631.5012083,1,1.205,0.1502,,0.899,0.0325,0.297,NOMINAL,NOMINAL,NORMAL,0,
1648186200.0,1786287631.6255293,1,1.049,0.1357,,0.653,0.0293,0.251,NOMINAL,NOMINAL,NORMAL,0,
1648187100.0,1786287631.7507272,1,1.124,0.1429,,0.704,0.0302,0.256,NOMINAL,NOMINAL,NORMAL,0,
1648188000.0,1786287631.8754227,1,1.0878,0.1391,,0.582,0.0292,0.243,NOMINAL,NOMINAL,NORMAL,0,
1648188900.0,1786287632.000324,1,0.9815,0.1334,,0.574,0.0264,0.265,NOMINAL,NOMINAL,NORMAL,0,
1648189800.0,1786287632.12524,1,0.9927,0.1337,,0.568,0.0255,0.223,NOMINAL,NOMINAL,NORMAL,0,
1648190700.0,1786287632.2502759,1,0.9564,0.1321,,0.569,0.0276,0.227,NOMINAL,NOMINAL,NORMAL,0,
1648191600.0,1786287632.375367,1,1.011,0.1371,,0.593,0.0284,0.229,NOMINAL,NOMINAL,NORMAL,0,
1648192500.0,1786287632.5002768,1,0.9489,0.1315,,0.591,0.0502,0.254,NOMINAL,NOMINAL,NORMAL,0,
1648193400.0,1786287632.6251376,1,0.8537,0.13,,0.575,0.0261,0.22,NOMINAL,NOMINAL,NORMAL,0,
1648194300.0,1786287632.750718,1,1.0765,0.1399,,0.733,0.0321,0.263,NOMINAL,NOMINAL,NORMAL,0,
1648195200.0,1786287632.8752797,1,1.0179,0.1365,,0.567,0.0274,0.232,NOMINAL,NOMINAL,NORMAL,0,
1648196100.0,1786287633.0003145,1,0.9837,0.1369,,0.575,0.0271,0.247,NOMINAL,NOMINAL,NORMAL,0,
1648197000.0,1786287633.1252012,1,0.9787,0.1287,,0.56,0.0249,0.215,NOMINAL,NOMINAL,NORMAL,0,
1648197900.0,1786287633.250244,1,0.936,0.1313,,0.578,0.0248,0.227,NOMINAL,NOMINAL,TRIGGERED,1,omni_p6
1648198800.0,1786287633.3751965,1,0.9173,0.1306,,0.571,0.0244,0.228,NOMINAL,NOMINAL,NORMAL,0,
1648199700.0,1786287633.5004768,1,1.0012,0.1328,,0.675,0.0279,0.238,NOMINAL,NOMINAL,NORMAL,0,
1648200600.0,1786287633.6251967,1,0.9593,0.1304,,0.547,0.0244,0.226,NOMINAL,NOMINAL,NORMAL,0,
1648201500.0,1786287633.750602,1,1.0363,0.1356,,0.695,0.0308,0.266,NOMINAL,NOMINAL,NORMAL,0,
1648202400.0,1786287633.8752677,1,0.9967,0.1351,,0.568,0.027,0.234,NOMINAL,NOMINAL,NORMAL,0,
1648203300.0,1786287634.0004666,1,1.0304,0.1363,,0.642,0.0301,0.242,NOMINAL,NOMINAL,TRIGGERED,1,omni_p6
1648204200.0,1786287634.1261652,1,0.9975,0.133,,0.564,0.0451,1.135,NOMINAL,PRE_ALERT,TRIGGERED,2,omni_p6
1648205100.0,1786287634.2512965,1,1.0297,0.1361,,0.607,0.0444,1.091,PRE_ALERT,NOMINAL,NORMAL,0,
1648206000.0,1786287634.3753407,1,0.9827,0.133,,0.594,0.0242,0.241,NOMINAL,NOMINAL,NORMAL,0,
1648206900.0,1786287634.500292,1,0.9409,0.1316,,0.581,0.0474,0.257,NOMINAL,NOMINAL,NORMAL,0,
1648207800.0,1786287634.625172,1,0.926,0.1313,,0.56,0.0239,0.211,NOMINAL,NOMINAL,NORMAL,0,
1648208700.0,1786287634.750664,1,1.0457,0.1397,,0.717,0.0292,0.268,NOMINAL,NOMINAL,NORMAL,0,
1648209600.0,1786287634.8753047,1,1.0011,0.1418,,0.566,0.0279,0.255,NOMINAL,NOMINAL,TRIGGERED,1,omni_p6
1648210500.0,1786287635.0012984,1,0.9891,0.1369,,0.621,0.0452,1.152,NOMINAL,PRE_ALERT,TRIGGERED,2,omni_p6
1648211400.0,1786287635.1262584,1,1.0755,0.1371,,0.587,0.0443,1.068,PRE_ALERT,NOMINAL,NORMAL,0,
1648212300.0,1786287635.2503915,1,1.0103,0.1338,,0.579,0.028,0.235,NOMINAL,NOMINAL,NORMAL,0,
1648213200.0,1786287635.3753598,1,0.9948,0.137,,0.574,0.0293,0.238,NOMINAL,NOMINAL,NORMAL,0,
1648214100.0,1786287635.5013568,1,1.216,0.1821,,0.886,0.0352,0.299,NOMINAL,NOMINAL,NORMAL,0,
1648215000.0,1786287635.6254668,1,1.081,0.1411,,0.619,0.0266,0.237,NOMINAL,NOMINAL,TRIGGERED,1,omni_p6
1648215900.0,1786287635.7513685,1,1.0527,0.1407,,0.591,0.0452,1.148,NOMINAL,PRE_ALERT,TRIGGERED,2,omni_p6
1648216800.0,1786287635.8764029,1,1.1016,0.1447,,0.592,0.044,1.144,PRE_ALERT,NOMINAL,NORMAL,0,
1648217700.0,1786287636.000569,1,1.0783,0.1374,,0.645,0.028,0.255,NOMINAL,NOMINAL,NORMAL,0,
1648218600.0,1786287636.1253252,1,1.0207,0.1342,,0.592,0.0253,0.235,NOMINAL,NOMINAL,NORMAL,0,
1648219500.0,1786287636.2503498,1,0.9768,0.1381,,0.601,0.0264,0.249,NOMINAL,NOMINAL,NORMAL,0,
1648220400.0,1786287636.3752012,1,0.9285,0.1321,,0.574,0.0258,0.23,NOMINAL,NOMINAL,NORMAL,0,
1648221300.0,1786287636.5012288,1,1.2207,0.1558,,0.89,0.0336,0.308,NOMINAL,NOMINAL,TRIGGERED,1,omni_p6
1648222200.0,1786287636.6264102,1,1.0877,0.1416,,0.626,0.0472,1.148,NOMINAL,PRE_ALERT,TRIGGERED,2,omni_p6
1648223100.0,1786287636.7514143,1,1.1121,0.1422,,0.61,0.0412,1.047,PRE_ALERT,NOMINAL,NORMAL,0,
1648224000.0,1786287636.8754735,1,1.0829,0.1431,,0.579,0.0279,0.244,NOMINAL,NOMINAL,NORMAL,0,
1648224900.0,1786287637.0005863,1,1.0665,0.1427,,0.655,0.0287,0.253,NOMINAL,NOMINAL,NORMAL,0,
1648225800.0,1786287637.1253753,1,1.0339,0.1369,,0.591,0.0289,0.249,NOMINAL,NOMINAL,NORMAL,0,
1648226700.0,1786287637.2502723,1,0.9708,0.1334,,0.55,0.0279,0.233,NOMINAL,NOMINAL,NORMAL,0,
1648227600.0,1786287637.3752604,1,0.9772,0.1317,,0.549,0.0277,0.234,NOMINAL,NOMINAL,NORMAL,0,
1648228500.0,1786287637.5002985,1,0.9847,0.1298,,0.558,0.0273,0.275,NOMINAL,NOMINAL,NORMAL,0,
1648229400.0,1786287637.625176,1,0.9729,0.13,,0.534,0.0261,0.226,NOMINAL,NOMINAL,NORMAL,0,
1648230300.0,1786287637.7504025,1,1.0095,0.1332,,0.624,0.0278,0.238,NOMINAL,NOMINAL,NORMAL,0,
1648231200.0,1786287637.8755305,1,1.0814,0.1409,,0.62,0.0301,0.254,NOMINAL,NOMINAL,NORMAL,0,
1648232100.0,1786287638.000455,1,1.0547,0.1339,,0.622,0.0284,0.241,NOMINAL,NOMINAL,NORMAL,0,
1648233000.0,1786287638.1252737,1,1.0349,0.1325,,0.557,0.0276,0.232,NOMINAL,NOMINAL,NORMAL,0,
1648233900.0,1786287638.25032,1,0.9987,0.1305,,0.56,0.0284,0.239,NOMINAL,NOMINAL,NORMAL,0,
1648234800.0,1786287638.3754249,1,1.0543,0.1348,,0.587,0.0306,0.248,NOMINAL,NOMINAL,NORMAL,0,
1648235700.0,1786287638.5006294,1,1.1021,0.1377,,0.693,0.0295,0.26,NOMINAL,NOMINAL,NORMAL,0,
1648236600.0,1786287638.6253147,1,1.0335,0.1352,,0.581,0.0268,0.234,NOMINAL,NOMINAL,NORMAL,0,
1648237500.0,1786287638.7505136,1,1.0586,0.1371,,0.64,0.0282,0.28,NOMINAL,NOMINAL,NORMAL,0,
1648238400.0,1786287638.8755283,1,1.077,0.1371,,0.643,0.0302,0.263,NOMINAL,NOMINAL,NORMAL,0,
1648239300.0,1786287639.0004132,1,1.0458,0.1342,,0.615,0.0299,0.244,NOMINAL,NOMINAL,NORMAL,0,
1648240200.0,1786287639.1253536,1,1.0559,0.1357,,0.592,0.0274,0.238,NOMINAL,NOMINAL,NORMAL,0,
1648241100.0,1786287639.2503521,1,0.9994,0.1344,,0.598,0.0282,0.249,NOMINAL,NOMINAL,NORMAL,0,
1648242000.0,1786287639.3753335,1,1.0114,0.1343,,0.597,0.029,0.241,NOMINAL,NOMINAL,TRIGGERED,1,omni_p6
1648242900.0,1786287639.5015771,1,0.9972,0.1319,,0.557,0.069,1.548,NOMINAL,PRE_ALERT,TRIGGERED,2,omni_p6
1648243800.0,1786287639.6264105,1,1.1265,0.1424,,0.618,0.046,1.117,PRE_ALERT,NOMINAL,NORMAL,0,
1648244700.0,1786287639.7506032,1,1.1129,0.14,,0.66,0.0309,0.249,NOMINAL,NOMINAL,NORMAL,0,
1648245600.0,1786287639.875584,1,1.1162,0.1416,,0.638,0.0309,0.266,NOMINAL,NOMINAL,NORMAL,0,
1648246500.0,1786287640.0006368,1,1.1079,0.1388,,0.693,0.0301,0.258,NOMINAL,NOMINAL,NORMAL,0,
1648247400.0,1786287640.1253488,1,1.0639,0.1356,,0.567,0.0276,0.238,NOMINAL,NOMINAL,NORMAL,0,
1648248300.0,1786287640.2502766,1,0.9904,0.1363,,0.563,0.0268,0.236,NOMINAL,NOMINAL,TRIGGERED,1,omni_p6
1648249200.0,1786287640.3765724,1,0.9937,0.1352,,0.562,0.0458,1.535,NOMINAL,PRE_ALERT,TRIGGERED,2,omni_p6
1648250100.0,1786287640.5021582,1,1.2175,0.1496,,0.855,0.0523,1.206,PRE_ALERT,NOMINAL,NORMAL,0,
1648251000.0,1786287640.6255872,1,1.138,0.1452,,0.591,0.0283,0.243,NOMINAL,NOMINAL,NORMAL,0,
1648251900.0,1786287640.7505195,1,1.1052,0.14,,0.623,0.028,0.242,NOMINAL,NOMINAL,NORMAL,0,
1648252800.0,1786287640.8760116,1,1.0734,0.1284,0.5439,0.585,0.0287,0.254,NOMINAL,NOMINAL,NORMAL,0,
1648253700.0,1786287641.0007243,1,1.133,0.143,,0.729,0.0317,0.254,NOMINAL,NOMINAL,NORMAL,0,
1648254600.0,1786287641.1252835,1,1.0228,0.1297,,0.577,0.0292,0.24,NOMINAL,NOMINAL,TRIGGERED,1,omni_p6
1648255500.0,1786287641.2503502,1,1.0359,0.1344,,0.592,0.0289,0.236,NOMINAL,NOMINAL,NORMAL,0,
1648256400.0,1786287641.375403,1,1.0504,0.1369,,0.592,0.028,0.245,NOMINAL,NOMINAL,NORMAL,0,
1648257300.0,1786287641.5011766,1,1.1998,0.1501,,0.896,0.0343,0.287,NOMINAL,NOMINAL,NORMAL,0,
1648258200.0,1786287641.6252189,1,1.0086,0.1351,,0.533,0.0251,0.22,NOMINAL,NOMINAL,NORMAL,0,
1648259100.0,1786287641.750342,1,1.0473,0.1339,,0.566,0.023,0.208,NOMINAL,NOMINAL,NORMAL,0,
1648260000.0,1786287641.8753211,1,1.0447,0.1365,,0.559,0.028,0.235,NOMINAL,NOMINAL,TRIGGERED,1,omni_p6
1648260900.0,1786287642.001553,1,1.0986,0.1407,,0.717,0.0478,1.157,NOMINAL,PRE_ALERT,TRIGGERED,2,omni_p6
1648261800.0,1786287642.1263719,1,1.1105,0.1406,,0.64,0.0433,1.088,PRE_ALERT,NOMINAL,NORMAL,0,
1648262700.0,1786287642.2504203,1,1.0212,0.135,,0.605,0.0257,0.245,NOMINAL,NOMINAL,NORMAL,0,
1648263600.0,1786287642.375254,1,0.9733,0.1323,,0.572,0.0269,0.223,NOMINAL,NOMINAL,NORMAL,0,
1648264500.0,1786287642.5001953,1,0.9402,0.1238,,0.55,0.0264,0.243,NOMINAL,NOMINAL,NORMAL,0,
1648265400.0,1786287642.6250732,1,0.8838,0.1278,,0.524,0.0239,0.205,NOMINAL,NOMINAL,NORMAL,0,
1648266300.0,1786287642.7503047,1,0.9474,0.1325,,0.607,0.0272,0.234,NOMINAL,NOMINAL,TRIGGERED,1,omni_p6
1648267200.0,1786287642.876298,1,1.0176,0.1415,,0.601,0.0457,1.176,NOMINAL,PRE_ALERT,TRIGGERED,2,omni_p6
1648268100.0,1786287643.001784,1,1.1708,0.1437,,0.743,0.0512,1.153,PRE_ALERT,NOMINAL,NORMAL,0,
1648269000.0,1786287643.1254258,1,1.0833,0.1382,,0.585,0.0293,0.231,NOMINAL,NOMINAL,NORMAL,0,
1648269900.0,1786287643.2503774,1,0.9957,0.1353,,0.587,0.0293,0.237,NOMINAL,NOMINAL,NORMAL,0,
1648270800.0,1786287643.3752437,1,0.9454,0.1317,,0.565,0.026,0.234,NOMINAL,NOMINAL,NORMAL,0,
1648271700.0,1786287643.5004804,1,1.0067,0.1372,,0.658,0.029,0.251,NOMINAL,NOMINAL,NORMAL,0,
1648272600.0,1786287643.62511,1,0.9128,0.1317,,0.518,0.0206,0.201,NOMINAL,NOMINAL,NORMAL,0,
1648273500.0,1786287643.7502496,1,0.9189,0.1301,,0.597,0.027,0.232,NOMINAL,NOMINAL,NORMAL,0,
1648274400.0,1786287643.8752234,1,0.9664,0.1335,,0.561,0.0271,0.232,NOMINAL,NOMINAL,NORMAL,0,
1648275300.0,1786287644.0006855,1,1.0587,0.1391,,0.729,0.0311,0.262,NOMINAL,NOMINAL,NORMAL,0,
1648276200.0,1786287644.1251826,1,0.9915,0.1346,,0.517,0.0233,0.208,NOMINAL,NOMINAL,NORMAL,0,
1648277100.0,1786287644.2503767,1,0.983,0.1369,,0.594,0.0264,0.235,NOMINAL,NOMINAL,NORMAL,0,
1648278000.0,1786287644.3752732,1,0.9611,0.1334,,0.568,0.0263,0.224,NOMINAL,NOMINAL,NORMAL,0,
1648278900.0,1786287644.5001745,1,0.9289,0.1263,,0.549,0.0216,0.234,NOMINAL,NOMINAL,NORMAL,0,
1648279800.0,1786287644.6250346,1,0.8603,0.1274,,0.52,0.0195,0.195,NOMINAL,NOMINAL,NORMAL,0,
1648280700.0,1786287644.7502031,1,0.9119,0.1257,,0.581,0.0242,0.22,NOMINAL,NOMINAL,NORMAL,0,
1648281600.0,1786287644.8751638,1,0.9392,0.127,,0.576,0.0256,0.225,NOMINAL,NOMINAL,NORMAL,0,
1648282500.0,1786287645.000556,1,1.0287,0.1373,,0.697,0.0286,0.243,NOMINAL,NOMINAL,TRIGGERED,1,omni_p6
1648283400.0,1786287645.1252441,1,0.9882,0.1342,,0.559,0.0239,0.224,NOMINAL,NOMINAL,NORMAL,0,
1648284300.0,1786287645.2502663,1,0.9364,0.1315,,0.581,0.0246,0.224,NOMINAL,NOMINAL,NORMAL,0,
1648285200.0,1786287645.3752244,1,0.9309,0.1308,,0.561,0.0239,0.246,NOMINAL,NOMINAL,NORMAL,0,
1648286100.0,1786287645.5013194,1,1.2259,0.1508,,0.889,0.0354,0.296,NOMINAL,NOMINAL,NORMAL,0,
1648287000.0,1786287645.6255414,1,1.1136,0.1416,,0.621,0.0291,0.242,NOMINAL,NOMINAL,NORMAL,0,
1648287900.0,1786287645.75045,1,1.0427,0.1334,,0.629,0.0279,0.248,NOMINAL,NOMINAL,NORMAL,0,
1648288800.0,1786287645.8752651,1,1.0085,0.1418,,0.555,0.0255,0.238,NOMINAL,NOMINAL,TRIGGERED,1,omni_p6
1648289700.0,1786287646.0007913,1,1.1063,0.1443,,0.756,0.0316,0.263,NOMINAL,NOMINAL,NORMAL,0,
1648290600.0,1786287646.1252842,1,1.0617,0.1353,,0.536,0.0228,0.209,NOMINAL,NOMINAL,NORMAL,0,
1648291500.0,1786287646.2502205,1,0.9459,0.1306,,0.543,0.0265,0.232,NOMINAL,NOMINAL,NORMAL,0,
1648292400.0,1786287646.375224,1,0.9555,0.1325,,0.554,0.0258,0.224,NOMINAL,NOMINAL,NORMAL,0,
1648293300.0,1786287646.5010889,1,1.1831,0.1488,,0.826,0.0347,0.297,NOMINAL,NOMINAL,NORMAL,0,
1648294200.0,1786287646.6256783,1,1.1613,0.1437,,0.653,0.0303,0.244,NOMINAL,NOMINAL,TRIGGERED,1,omni_p6
1648295100.0,1786287646.7513247,1,1.0274,0.1386,,0.618,0.0465,1.137,NOMINAL,PRE_ALERT,TRIGGERED,2,omni_p6
1648296000.0,1786287646.8765419,1,1.1556,0.1495,,0.606,0.0488,1.153,PRE_ALERT,NOMINAL,NORMAL,0,
1648296900.0,1786287647.0006754,1,1.1383,0.1423,,0.664,0.0294,0.25,NOMINAL,NOMINAL,NORMAL,0,
1648297800.0,1786287647.1255994,1,1.1429,0.1428,,0.632,0.0302,0.246,NOMINAL,NOMINAL,NORMAL,0,
1648298700.0,1786287647.2504263,1,1.06,0.137,,0.586,0.0288,0.232,NOMINAL,NOMINAL,NORMAL,0,
1648299600.0,1786287647.3753703,1,1.0472,0.1325,,0.579,0.0276,0.237,NOMINAL,NOMINAL,NORMAL,0,
1648300500.0,1786287647.5003707,1,1.0051,0.1383,,0.617,0.0295,0.268,NOMINAL,NOMINAL,TRIGGERED,1,omni_p6
1648301400.0,1786287647.626069,1,0.9533,0.1315,,0.536,0.0434,1.138,NOMINAL,PRE_ALERT,TRIGGERED,2,omni_p6
1648302300.0,1786287647.7513604,1,1.0877,0.1375,,0.62,0.0463,1.081,PRE_ALERT,NOMINAL,NORMAL,0,
1648303200.0,1786287647.8753927,1,1.0461,0.1427,,0.591,0.0282,0.236,NOMINAL,NOMINAL,NORMAL,0,
1648304100.0,1786287648.0003664,1,1.0101,0.1336,,0.57,0.0281,0.271,NOMINAL,NOMINAL,NORMAL,0,
1648305000.0,1786287648.125502,1,1.0836,0.1391,,0.639,0.0284,0.243,NOMINAL,NOMINAL,NORMAL,0,
1648305900.0,1786287648.2503607,1,1.0076,0.1368,,0.583,0.0281,0.251,NOMINAL,NOMINAL,NORMAL,0,
1648306800.0,1786287648.3752747,1,0.9921,0.1377,,0.561,0.0274,0.236,NOMINAL,NOMINAL,TRIGGERED,1,omni_p6
1648307700.0,1786287648.5004537,1,1.037,0.1363,,0.651,0.0287,0.239,NOMINAL,NOMINAL,NORMAL,0,
1648308600.0,1786287648.625269,1,0.9994,0.1302,,0.553,0.0263,0.239,NOMINAL,NOMINAL,NORMAL,0,
1648309500.0,1786287648.7502322,1,0.9656,0.1288,,0.544,0.0266,0.227,NOMINAL,NOMINAL,NORMAL,0,
1648310400.0,1786287648.8753223,1,1.0075,0.1384,,0.563,0.0283,0.231,NOMINAL,NOMINAL,NORMAL,0,
1648311300.0,1786287649.000552,1,1.0589,0.1414,,0.688,0.0299,0.249,NOMINAL,NOMINAL,NORMAL,0,
1648312200.0,1786287649.1254861,1,1.0767,0.1335,,0.643,0.0293,0.244,NOMINAL,NOMINAL,NORMAL,0,
1648313100.0,1786287649.2503448,1,1.0124,0.1366,,0.584,0.028,0.235,NOMINAL,NOMINAL,NORMAL,0,
1648314000.0,1786287649.3752913,1,0.9857,0.1333,,0.577,0.0281,0.234,NOMINAL,NOMINAL,NORMAL,0,
1648314900.0,1786287649.500244,1,0.9561,0.1306,,0.565,0.0283,0.269,NOMINAL,NOMINAL,NORMAL,0,
1648315800.0,1786287649.6251602,1,0.947,0.1318,,0.545,0.0251,0.226,NOMINAL,NOMINAL,NORMAL,0,
1648316700.0,1786287649.7501907,1,0.9338,0.1327,,0.564,0.0265,0.235,NOMINAL,NOMINAL,NORMAL,0,
1648317600.0,1786287649.8754454,1,1.0641,0.1417,,0.579,0.0291,0.266,NOMINAL,NOMINAL,NORMAL,0,
1648318500.0,1786287650.0003366,1,0.9695,0.1367,,0.602,0.0497,0.284,NOMINAL,NOMINAL,NORMAL,0,
1648319400.0,1786287650.1256306,1,1.1097,0.1402,,0.696,0.0302,0.249,NOMINAL,NOMINAL,NORMAL,0,
1648320300.0,1786287650.2503884,1,1.0282,0.1369,,0.602,0.0281,0.233,NOMINAL,NOMINAL,NORMAL,0,
1648321200.0,1786287650.375302,1,1.0039,0.1355,,0.568,0.0266,0.23,NOMINAL,NOMINAL,NORMAL,0,
1648322100.0,1786287650.5012534,1,1.2352,0.1483,,0.901,0.0339,0.295,NOMINAL,NOMINAL,NORMAL,0,
1648323000.0,1786287650.6255758,1,1.13,0.1388,,0.632,0.03,0.246,NOMINAL,NOMINAL,NORMAL,0,
1648323900.0,1786287650.7504613,1,1.0749,0.1426,,0.587,0.0292,0.238,NOMINAL,NOMINAL,NORMAL,0,
1648324800.0,1786287650.8754132,1,1.0566,0.1413,,0.581,0.0279,0.239,NOMINAL,NOMINAL,NORMAL,0,
1648325700.0,1786287651.0004795,1,1.0515,0.1408,,0.642,0.0303,0.248,NOMINAL,NOMINAL,NORMAL,0,
1648326600.0,1786287651.125526,1,1.0791,0.1372,,0.674,0.0284,0.244,NOMINAL,NOMINAL,NORMAL,0,
1648327500.0,1786287651.2504284,1,1.0122,0.1373,,0.618,0.0301,0.251,NOMINAL,NOMINAL,TRIGGERED,1,omni_p6
1648328400.0,1786287651.3753111,1,0.9892,0.1325,,0.587,0.0288,0.242,NOMINAL,NOMINAL,NORMAL,0,
1648329300.0,1786287651.5011678,1,1.1817,0.1482,,0.88,0.0335,0.295,NOMINAL,NOMINAL,NORMAL,0,
1648330200.0,1786287651.6255686,1,1.1293,0.1419,,0.622,0.0286,0.246,NOMINAL,NOMINAL,NORMAL,0,
1648331100.0,1786287651.750346,1,1.0135,0.1325,,0.581,0.0279,0.237,NOMINAL,NOMINAL,NORMAL,0,
1648332000.0,1786287651.8753562,1,1.012,0.1365,,0.588,0.0273,0.233,NOMINAL,NOMINAL,NORMAL,0,
1648332900.0,1786287652.0003436,1,0.9978,0.1332,,0.585,0.0271,0.258,NOMINAL,NOMINAL,NORMAL,0,
1648333800.0,1786287652.1256392,1,1.0962,0.1445,,0.706,0.0307,0.253,NOMINAL,NOMINAL,TRIGGERED,1,omni_p6
1648334700.0,1786287652.250585,1,1.0839,0.1387,,0.66,0.0315,0.254,NOMINAL,NOMINAL,NORMAL,0,
1648335600.0,1786287652.3754225,1,1.0667,0.1366,,0.606,0.0287,0.24,NOMINAL,NOMINAL,NORMAL,0,
1648336500.0,1786287652.5003924,1,1.0248,0.14,,0.604,0.0282,0.243,NOMINAL,NOMINAL,NORMAL,0,
1648337400.0,1786287652.6251895,1,0.9707,0.1315,,0.541,0.0261,0.221,NOMINAL,NOMINAL,NORMAL,0,
1648338300.0,1786287652.7501888,1,0.9408,0.1306,,0.555,0.0274,0.223,NOMINAL,NOMINAL,NORMAL,0,
1648339200.0,1786287652.8759549,1,0.9956,0.1327,0.5963,0.57,0.0289,0.257,NOMINAL,NOMINAL,TRIGGERED,1,omni_p6
1648340100.0,1786287653.0013685,1,1.0537,0.1411,,0.619,0.0468,1.161,NOMINAL,PRE_ALERT,TRIGGERED,2,omni_p6
1648341000.0,1786287653.1266453,1,1.1688,0.1489,,0.688,0.0488,1.165,PRE_ALERT,NOMINAL,NORMAL,0,
1648341900.0,1786287653.2507093,1,1.1434,0.1457,,0.681,0.0301,0.252,NOMINAL,NOMINAL,NORMAL,0,
1648342800.0,1786287653.3755317,1,1.0907,0.1433,,0.643,0.0299,0.252,NOMINAL,NOMINAL,NORMAL,0,
1648343700.0,1786287653.5006115,1,1.0905,0.1434,,0.707,0.029,0.257,NOMINAL,NOMINAL,NORMAL,0,
1648344600.0,1786287653.625304,1,1.0179,0.1351,,0.578,0.026,0.235,NOMINAL,NOMINAL,NORMAL,0,
1648345500.0,1786287653.750209,1,0.9328,0.135,,0.567,0.026,0.231,NOMINAL,NOMINAL,TRIGGERED,1,omni_p6
1648346400.0,1786287653.876246,1,0.99,0.1397,,0.581,0.0451,1.174,NOMINAL,PRE_ALERT,TRIGGERED,2,omni_p6
1648347300.0,1786287654.0014307,1,1.0715,0.14,,0.664,0.0451,1.124,PRE_ALERT,NOMINAL,NORMAL,0,
1648348200.0,1786287654.125498,1,1.0829,0.1451,,0.616,0.0277,0.24,NOMINAL,NOMINAL,NORMAL,0,
1648349100.0,1786287654.250523,1,1.0269,0.1399,,0.659,0.0286,0.266,NOMINAL,NOMINAL,NORMAL,0,
1648350000.0,1786287654.37545,1,1.0561,0.1436,,0.611,0.0281,0.24,NOMINAL,NOMINAL,NORMAL,0,
1648350900.0,1786287654.5003262,1,1.0017,0.1396,,0.577,0.0287,0.261,NOMINAL,NOMINAL,NORMAL,0,
1648351800.0,1786287654.6252184,1,0.9749,0.1364,,0.556,0.0266,0.23,NOMINAL,NOMINAL,TRIGGERED,1,omni_p6
1648352700.0,1786287654.7501593,1,0.9378,0.1299,,0.547,0.0267,0.222,NOMINAL,NOMINAL,NORMAL,0,
1648353600.0,1786287654.8753436,1,1.0022,0.138,,0.587,0.0289,0.24,NOMINAL,NOMINAL,NORMAL,0,
1648354500.0,1786287655.0003283,1,0.9702,0.1356,,0.589,0.0263,0.27,NOMINAL,NOMINAL,NORMAL,0,
1648355400.0,1786287655.1254694,1,1.0387,0.1338,,0.647,0.0282,0.237,NOMINAL,NOMINAL,NORMAL,0,
1648356300.0,1786287655.2504783,1,1.022,0.1365,,0.649,0.0287,0.243,NOMINAL,NOMINAL,NORMAL,0,
1648357200.0,1786287655.375319,1,0.9907,0.1359,,0.593,0.0287,0.235,NOMINAL,NOMINAL,NORMAL,0,
1648358100.0,1786287655.5012639,1,1.2324,0.1526,,0.874,0.0344,0.292,NOMINAL,NOMINAL,NORMAL,0,
1648359000.0,1786287655.6256733,1,1.1726,0.1515,,0.628,0.0295,0.251,NOMINAL,NOMINAL,NORMAL,0,
1648359900.0,1786287655.7503629,1,1.0302,0.1379,,0.586,0.028,0.243,NOMINAL,NOMINAL,NORMAL,0,
1648360800.0,1786287655.8754225,1,1.0961,0.1409,,0.56,0.029,0.253,NOMINAL,NOMINAL,NORMAL,0,
1648361700.0,1786287656.0004628,1,1.0424,0.142,,0.628,0.0276,0.251,NOMINAL,NOMINAL,NORMAL,0,
1648362600.0,1786287656.1255534,1,1.0881,0.1444,,0.626,0.0285,0.281,NOMINAL,NOMINAL,NORMAL,0,
1648363500.0,1786287656.2506168,1,1.0727,0.1443,,0.645,0.0313,0.278,NOMINAL,NOMINAL,NORMAL,0,
1648364400.0,1786287656.3755176,1,1.0512,0.1438,,0.619,0.03,0.275,NOMINAL,NOMINAL,NORMAL,0,
1648365300.0,1786287656.5012667,1,1.2409,0.154,,0.893,0.035,0.294,NOMINAL,NOMINAL,NORMAL,0,
1648366200.0,1786287656.625559,1,1.1016,0.144,,0.643,0.0294,0.255,NOMINAL,NOMINAL,NORMAL,0,
1648367100.0,1786287656.7503197,1,0.9698,0.1371,,0.573,0.0263,0.251,NOMINAL,NOMINAL,NORMAL,0,
1648368000.0,1786287656.8754022,1,1.0732,0.1395,,0.579,0.0265,0.253,NOMINAL,NOMINAL,TRIGGERED,1,omni_p6
1648368900.0,1786287657.0003302,1,0.9669,0.1343,,0.589,0.0288,0.277,NOMINAL,NOMINAL,NORMAL,0,
1648369800.0,1786287657.1254532,1,1.053,0.1413,,0.613,0.0285,0.243,NOMINAL,NOMINAL,NORMAL,0,
1648370700.0,1786287657.250534,1,1.0143,0.1426,,0.604,0.0282,0.35,NOMINAL,NOMINAL,NORMAL,0,
1648371600.0,1786287657.3757727,1,1.1249,0.1493,,0.705,0.0301,0.29,NOMINAL,NOMINAL,NORMAL,0,
1648372500.0,1786287657.5005064,1,1.0328,0.1377,,0.661,0.0303,0.282,NOMINAL,NOMINAL,NORMAL,0,
1648373400.0,1786287657.6253433,1,1.0072,0.1457,,0.586,0.0282,0.237,NOMINAL,NOMINAL,TRIGGERED,1,omni_p6
1648374300.0,1786287657.7511675,1,0.945,0.137,,0.562,0.0444,1.163,NOMINAL,PRE_ALERT,TRIGGERED,2,omni_p6
1648375200.0,1786287657.8766232,1,1.1458,0.1495,,0.664,0.0453,1.168,PRE_ALERT,NOMINAL,NORMAL,0,
1648376100.0,1786287658.000613,1,1.0937,0.1461,,0.673,0.03,0.252,NOMINAL,NOMINAL,NORMAL,0,
1648377000.0,1786287658.125504,1,1.0944,0.1427,,0.614,0.0286,0.243,NOMINAL,NOMINAL,NORMAL,0,
1648377900.0,1786287658.251069,1,1.186,0.1535,,0.831,0.0323,0.272,NOMINAL,NOMINAL,NORMAL,0,
1648378800.0,1786287658.3757377,1,1.1326,0.1487,,0.7,0.0316,0.264,NOMINAL,NOMINAL,NORMAL,0,
1648379700.0,1786287658.5006852,1,1.1089,0.1485,,0.677,0.0315,0.289,NOMINAL,NOMINAL,TRIGGERED,1,omni_p6
1648380600.0,1786287658.6263194,1,1.0413,0.1397,,0.59,0.047,1.169,NOMINAL,PRE_ALERT,TRIGGERED,2,omni_p6
1648381500.0,1786287658.7513635,1,1.0594,0.1401,,0.62,0.0442,1.123,PRE_ALERT,NOMINAL,NORMAL,0,
1648382400.0,1786287658.8753352,1,1.0464,0.1391,,0.546,0.0284,0.246,NOMINAL,NOMINAL,NORMAL,0,
1648383300.0,1786287659.0004888,1,1.0263,0.14,,0.672,0.0295,0.243,NOMINAL,NOMINAL,NORMAL,0,
1648384200.0,1786287659.1252615,1,1.0337,0.1385,,0.529,0.0226,0.212,NOMINAL,NOMINAL,NORMAL,0,
1648385100.0,1786287659.2502947,1,0.9816,0.1366,,0.552,0.027,0.232,NOMINAL,NOMINAL,NORMAL,0,
1648386000.0,1786287659.3756933,1,1.1108,0.1464,,0.673,0.0313,0.257,NOMINAL,NOMINAL,TRIGGERED,1,omni_p6
1648386900.0,1786287659.5012743,1,0.9851,0.1405,,0.616,0.0462,1.176,NOMINAL,PRE_ALERT,TRIGGERED,2,omni_p6
1648387800.0,1786287659.6263509,1,1.0685,0.1433,,0.625,0.0438,1.097,PRE_ALERT,NOMINAL,NORMAL,0,
1648388700.0,1786287659.7503345,1,0.9884,0.1411,,0.582,0.0261,0.233,NOMINAL,NOMINAL,NORMAL,0,
1648389600.0,1786287659.8752384,1,0.9577,0.1316,,0.582,0.0272,0.234,NOMINAL,NOMINAL,NORMAL,0,
1648390500.0,1786287660.0003748,1,0.9447,0.1325,,0.601,0.1317,0.352,NOMINAL,NOMINAL,NORMAL,0,
1648391400.0,1786287660.1258342,1,1.1722,0.1438,,0.726,0.0418,0.275,NOMINAL,NOMINAL,NORMAL,0,
1648392300.0,1786287660.250398,1,1.0453,0.1425,,0.588,0.0272,0.245,NOMINAL,NOMINAL,TRIGGERED,1,omni_p6
1648393200.0,1786287660.375641,1,1.106,0.1444,,0.659,0.0304,0.259,NOMINAL,NOMINAL,NORMAL,0,
1648394100.0,1786287660.501437,1,1.2759,0.1891,,0.918,0.0353,0.313,NOMINAL,NOMINAL,NORMAL,0,
1648395000.0,1786287660.6254675,1,1.0921,0.1395,,0.599,0.0316,0.261,NOMINAL,NOMINAL,NORMAL,0,
1648395900.0,1786287660.7507644,1,1.1196,0.1492,,0.665,0.0292,0.254,NOMINAL,NOMINAL,NORMAL,0,
1648396800.0,1786287660.875186,1,0.9628,0.1316,,0.574,0.0285,0.25,NOMINAL,NOMINAL,NORMAL,0,
1648397700.0,1786287661.0004795,1,1.0516,0.1411,,0.654,0.0286,0.242,NOMINAL,NOMINAL,NORMAL,0,
1648398600.0,1786287661.1250777,1,0.9102,0.1328,,0.529,0.0262,0.228,NOMINAL,NOMINAL,NORMAL,0,
1648399500.0,1786287661.250108,1,0.8916,0.1301,,0.528,0.026,0.239,NOMINAL,NOMINAL,NORMAL,0,
1648400400.0,1786287661.3755608,1,1.0908,0.1395,,0.65,0.0306,0.255,NOMINAL,NOMINAL,NORMAL,0,
1648401300.0,1786287661.5012217,1,1.2416,0.1536,,0.86,0.0321,0.3,NOMINAL,NOMINAL,NORMAL,0,
1648402200.0,1786287661.6251268,1,0.9994,0.1291,,0.505,0.0281,0.229,NOMINAL,NOMINAL,NORMAL,0,
1648403100.0,1786287661.7500014,1,0.9461,0.1287,,0.488,0.0228,0.208,NOMINAL,NOMINAL,NORMAL,0,
1648404000.0,1786287661.8751137,1,0.9908,0.1319,,0.478,0.0244,0.228,NOMINAL,NOMINAL,NORMAL,0,
1648404900.0,1786287662.000477,1,1.054,0.144,,0.637,0.0272,0.242,NOMINAL,NOMINAL,NORMAL,0,
1648405800.0,1786287662.1251822,1,1.0028,0.1383,,0.517,0.026,0.228,NOMINAL,NOMINAL,NORMAL,0,
1648406700.0,1786287662.2502599,1,0.9782,0.1348,,0.531,0.0247,0.22,NOMINAL,NOMINAL,NORMAL,0,
1648407600.0,1786287662.3754241,1,1.0428,0.1393,,0.573,0.0276,0.236,NOMINAL,NOMINAL,NORMAL,0,
1648408500.0,1786287662.500768,1,1.1428,0.1453,,0.697,0.0292,0.264,NOMINAL,NOMINAL,NORMAL,0,
1648409400.0,1786287662.6253383,1,1.0491,0.1378,,0.556,0.0258,0.226,NOMINAL,NOMINAL,NORMAL,0,
1648410300.0,1786287662.7503004,1,0.9833,0.1364,,0.56,0.026,0.226,NOMINAL,NOMINAL,NORMAL,0,
1648411200.0,1786287662.8751285,1,0.9629,0.1356,,0.511,0.0258,0.222,NOMINAL,NOMINAL,NORMAL,0,
1648412100.0,1786287663.0004504,1,1.038,0.1397,,0.634,0.0299,0.24,NOMINAL,NOMINAL,NORMAL,0,
1648413000.0,1786287663.125316,1,1.0251,0.1399,,0.567,0.0276,0.233,NOMINAL,NOMINAL,TRIGGERED,1,omni_p6
1648413900.0,1786287663.2501984,1,0.9555,0.1343,,0.521,0.0255,0.233,NOMINAL,NOMINAL,NORMAL,0,
1648414800.0,1786287663.375365,1,0.9962,0.1369,,0.598,0.0265,0.234,NOMINAL,NOMINAL,NORMAL,0,
1648415700.0,1786287663.500903,1,1.1701,0.1472,,0.772,0.0324,0.273,NOMINAL,NOMINAL,NORMAL,0,
1648416600.0,1786287663.6252656,1,1.0459,0.1374,,0.525,0.0234,0.214,NOMINAL,NOMINAL,NORMAL,0,
1648417500.0,1786287663.750159,1,0.9431,0.1315,,0.533,0.0242,0.215,NOMINAL,NOMINAL,NORMAL,0,
1648418400.0,1786287663.8751414,1,0.9667,0.1351,,0.494,0.0251,0.228,NOMINAL,NOMINAL,TRIGGERED,1,omni_p6
1648419300.0,1786287664.0014021,1,1.0337,0.1435,,0.654,0.049,1.169,NOMINAL,PRE_ALERT,TRIGGERED,2,omni_p6
1648420200.0,1786287664.126526,1,1.1539,0.1429,,0.67,0.0475,1.126,PRE_ALERT,NOMINAL,NORMAL,0,
1648421100.0,1786287664.2505596,1,1.1084,0.1476,,0.612,0.0292,0.25,NOMINAL,NOMINAL,NORMAL,0,
1648422000.0,1786287664.3754416,1,1.0603,0.1383,,0.6,0.0284,0.241,NOMINAL,NOMINAL,NORMAL,0,
1648422900.0,1786287664.5005872,1,1.0968,0.141,,0.662,0.03,0.256,NOMINAL,NOMINAL,NORMAL,0,
1648423800.0,1786287664.62533,1,1.0534,0.1397,,0.552,0.0273,0.24,NOMINAL,NOMINAL,NORMAL,0,
1648424700.0,1786287664.7502298,1,0.986,0.1374,,0.535,0.0257,0.222,NOMINAL,NOMINAL,TRIGGERED,1,omni_p6
1648425600.0,1786287664.876907,1,1.0071,0.1345,0.6373,0.514,0.0463,1.225,NOMINAL,PRE_ALERT,TRIGGERED,2,omni_p6
1648426500.0,1786287665.0018065,1,1.191,0.1487,,0.774,0.0508,1.182,PRE_ALERT,NOMINAL,NORMAL,0,
1648427400.0,1786287665.1255155,1,1.1258,0.1455,,0.604,0.0283,0.239,NOMINAL,NOMINAL,NORMAL,0,
1648428300.0,1786287665.2504735,1,1.0694,0.1398,,0.589,0.0285,0.238,NOMINAL,NOMINAL,NORMAL,0,
1648429200.0,1786287665.3754807,1,1.0592,0.1387,,0.612,0.0269,0.244,NOMINAL,NOMINAL,NORMAL,0,
1648430100.0,1786287665.501337,1,1.2205,0.1514,,0.898,0.033,0.297,NOMINAL,NOMINAL,NORMAL,0,
1648431000.0,1786287665.6256347,1,1.1423,0.1469,,0.638,0.0283,0.26,NOMINAL,NOMINAL,TRIGGERED,1,omni_p6
1648431900.0,1786287665.7503808,1,1.0367,0.1373,,0.572,0.0283,0.234,NOMINAL,NOMINAL,NORMAL,0,
1648432800.0,1786287665.8752882,1,0.9964,0.1365,,0.561,0.0261,0.234,NOMINAL,NOMINAL,NORMAL,0,
1648433700.0,1786287666.0003984,1,1.0034,0.1363,,0.623,0.0275,0.246,NOMINAL,NOMINAL,NORMAL,0,
1648434600.0,1786287666.1253555,1,1.058,0.1351,,0.579,0.0254,0.231,NOMINAL,NOMINAL,NORMAL,0,
1648435500.0,1786287666.2503557,1,0.9656,0.1313,,0.61,0.0248,0.242,NOMINAL,NOMINAL,NORMAL,0,
1648436400.0,1786287666.3753426,1,0.9793,0.1353,,0.603,0.0269,0.235,NOMINAL,NOMINAL,TRIGGERED,1,omni_p6
1648437300.0,1786287666.5021982,1,1.2072,0.1507,,0.896,0.0547,1.24,NOMINAL,PRE_ALERT,TRIGGERED,2,omni_p6
1648438200.0,1786287666.6265366,1,1.1819,0.1457,,0.647,0.055,1.101,PRE_ALERT,NOMINAL,NORMAL,0,
1648439100.0,1786287666.7504587,1,1.0526,0.1399,,0.608,0.026,0.228,NOMINAL,NOMINAL,NORMAL,0,
1648440000.0,1786287666.8752732,1,1.0033,0.1406,,0.552,0.0266,0.236,NOMINAL,NOMINAL,NORMAL,0,
1648440900.0,1786287667.0005445,1,1.0614,0.1406,,0.677,0.0292,0.241,NOMINAL,NOMINAL,NORMAL,0,
1648441800.0,1786287667.1254544,1,1.0863,0.1411,,0.602,0.0266,0.238,NOMINAL,NOMINAL,NORMAL,0,
1648442700.0,1786287667.2504957,1,1.0573,0.141,,0.619,0.0268,0.243,NOMINAL,NOMINAL,NORMAL,0,
1648443600.0,1786287667.3754017,1,1.0459,0.1389,,0.591,0.0264,0.235,NOMINAL,NOMINAL,NORMAL,0,
1648444500.0,1786287667.5004232,1,1.0393,0.1432,,0.609,0.0278,0.246,NOMINAL,NOMINAL,NORMAL,0,
1648445400.0,1786287667.6255276,1,1.0961,0.1449,,0.622,0.0273,0.244,NOMINAL,NOMINAL,NORMAL,0,
1648446300.0,1786287667.750256,1,0.9775,0.1339,,0.562,0.0241,0.221,NOMINAL,NOMINAL,NORMAL,0,
1648447200.0,1786287667.8753831,1,1.0633,0.1423,,0.566,0.0267,0.253,NOMINAL,NOMINAL,NORMAL,0,
1648448100.0,1786287668.0004117,1,1.0091,0.1379,,0.633,0.0276,0.242,NOMINAL,NOMINAL,NORMAL,0,
1648449000.0,1786287668.1253169,1,1.023,0.1387,,0.561,0.0279,0.232,NOMINAL,NOMINAL,NORMAL,0,
1648449900.0,1786287668.2504177,1,1.0172,0.1376,,0.598,0.0276,0.243,NOMINAL,NOMINAL,NORMAL,0,
1648450800.0,1786287668.3754508,1,1.0278,0.1387,,0.602,0.0278,0.275,NOMINAL,NOMINAL,NORMAL,0,
1648451700.0,1786287668.5005457,1,1.057,0.1397,,0.675,0.0288,0.248,NOMINAL,NOMINAL,NORMAL,0,
1648452600.0,1786287668.62546,1,1.0654,0.1423,,0.633,0.0286,0.238,NOMINAL,NOMINAL,NORMAL,0,
1648453500.0,1786287668.750291,1,0.9834,0.1364,,0.561,0.0266,0.229,NOMINAL,NOMINAL,NORMAL,0,
1648454400.0,1786287668.875175,1,0.9657,0.1372,,0.531,0.0253,0.233,NOMINAL,NOMINAL,NORMAL,0,
1648455300.0,1786287669.00041,1,0.9995,0.1389,,0.628,0.0276,0.243,NOMINAL,NOMINAL,NORMAL,0,
1648456200.0,1786287669.1253133,1,1.0165,0.1341,,0.577,0.0267,0.231,NOMINAL,NOMINAL,NORMAL,0,
1648457100.0,1786287669.2502215,1,0.915,0.1319,,0.572,0.0249,0.228,NOMINAL,NOMINAL,NORMAL,0,
1648458000.0,1786287669.375258,1,0.9521,0.1344,,0.579,0.0275,0.224,NOMINAL,NOMINAL,NORMAL,0,
1648458900.0,1786287669.5002286,1,0.925,0.1336,,0.556,0.0276,0.271,NOMINAL,NOMINAL,TRIGGERED,1,omni_p6
1648459800.0,1786287669.6254044,1,1.0275,0.133,,0.616,0.0276,0.24,NOMINAL,NOMINAL,NORMAL,0,
1648460700.0,1786287669.7501996,1,0.9372,0.1301,,0.562,0.0246,0.226,NOMINAL,NOMINAL,NORMAL,0,
1648461600.0,1786287669.875148,1,0.944,0.1314,,0.539,0.0243,0.223,NOMINAL,NOMINAL,NORMAL,0,
1648462500.0,1786287670.0003808,1,0.9826,0.1333,,0.63,0.0288,0.247,NOMINAL,NOMINAL,NORMAL,0,
1648463400.0,1786287670.1270165,1,1.1172,0.1489,,0.93,0.033,0.282,NOMINAL,NOMINAL,NORMAL,0,
1648464300.0,1786287670.2516267,1,1.2059,0.1503,,0.784,0.0336,0.273,NOMINAL,NOMINAL,NORMAL,0,
1648465200.0,1786287670.3764558,1,1.1372,0.1489,,0.769,0.0318,0.299,NOMINAL,NOMINAL,TRIGGERED,1,omni_p6
1648466100.0,1786287670.501926,1,1.2577,0.1559,,0.869,0.0335,0.304,NOMINAL,NOMINAL,NORMAL,0,
1648467000.0,1786287670.6263466,1,1.1906,0.144,,0.685,0.0316,0.256,NOMINAL,NOMINAL,NORMAL,0,
1648467900.0,1786287670.7510328,1,1.0607,0.1389,,0.586,0.0399,0.254,NOMINAL,NOMINAL,NORMAL,0,
1648468800.0,1786287670.8759823,1,1.0658,0.1441,,0.561,0.029,0.25,NOMINAL,NOMINAL,NORMAL,0,
1648469700.0,1786287671.0010595,1,1.0393,0.1698,,0.605,0.0266,0.251,NOMINAL,NOMINAL,NORMAL,0,
1648470600.0,1786287671.1259856,1,1.0467,0.1385,,0.597,0.0268,0.227,NOMINAL,NOMINAL,TRIGGERED,1,omni_p6
1648471500.0,1786287671.2518523,1,1.0151,0.1353,,0.573,0.0458,1.153,NOMINAL,PRE_ALERT,TRIGGERED,2,omni_p6
1648472400.0,1786287671.3763642,1,1.13,0.1467,,0.659,0.033,0.318,PRE_ALERT,PRE_ALERT,TRIGGERED,3,omni_p6
1648473300.0,1786287671.5028288,1,1.369,0.1538,,0.853,0.052,1.199,PRE_ALERT,NOMINAL,NORMAL,0,
1648474200.0,1786287671.6263845,1,1.1861,0.1494,,0.685,0.0316,0.26,NOMINAL,NOMINAL,NORMAL,0,
1648475100.0,1786287671.750907,1,1.0059,0.1411,,0.57,0.0291,0.229,NOMINAL,NOMINAL,TRIGGERED,1,omni_p6
1648476000.0,1786287671.8767264,1,0.9767,0.1378,,0.546,0.0436,1.145,NOMINAL,PRE_ALERT,TRIGGERED,2,omni_p6
1648476900.0,1786287672.0013328,1,1.1141,0.1484,,0.687,0.0321,0.261,PRE_ALERT,PRE_ALERT,TRIGGERED,3,omni_p6
1648477800.0,1786287672.1270177,1,1.1189,0.1431,,0.612,0.0456,1.136,PRE_ALERT,ALERT,TRIGGERED,4,omni_p6
1648478700.0,1786287672.2510977,1,1.061,0.1391,,0.615,0.0312,0.258,ALERT,ALERT,TRIGGERED,5,omni_p6
1648479600.0,1786287672.3770576,1,1.0956,0.1476,,0.629,0.0421,1.158,ALERT,NOMINAL,NORMAL,0,
1648480500.0,1786287672.5010877,1,1.0614,0.1758,,0.602,0.0277,0.271,NOMINAL,NOMINAL,NORMAL,0,
1648481400.0,1786287672.6260881,1,1.1207,0.1445,,0.617,0.0265,0.25,NOMINAL,NOMINAL,TRIGGERED,1,omni_p6
1648482300.0,1786287672.7509499,1,1.0396,0.1444,,0.575,0.031,0.245,NOMINAL,NOMINAL,NORMAL,0,
1648483200.0,1786287672.875728,1,0.9576,0.1404,,0.525,0.0252,0.225,NOMINAL,NOMINAL,TRIGGERED,1,omni_p6
1648484100.0,1786287673.0009859,1,1.0108,0.1378,,0.607,0.0285,0.235,NOMINAL,NOMINAL,NORMAL,0,
1648485000.0,1786287673.1258917,1,1.0219,0.136,,0.566,0.0266,0.232,NOMINAL,NOMINAL,TRIGGERED,1,omni_p6
1648485900.0,1786287673.2509618,1,1.0085,0.1375,,0.604,0.0273,0.238,NOMINAL,NOMINAL,NORMAL,0,
1648486800.0,1786287673.3758817,1,0.9805,0.1356,,0.589,0.0249,0.232,NOMINAL,NOMINAL,NORMAL,0,
1648487700.0,1786287673.5011175,1,1.0616,0.1682,,0.652,0.0271,0.244,NOMINAL,NOMINAL,TRIGGERED,1,omni_p6
1648488600.0,1786287673.6258552,1,1.0136,0.1352,,0.574,0.026,0.224,NOMINAL,NOMINAL,NORMAL,0,
1648489500.0,1786287673.7510319,1,1.0329,0.1382,,0.653,0.0278,0.237,NOMINAL,NOMINAL,NORMAL,0,
1648490400.0,1786287673.8758414,1,1.021,0.1379,,0.531,0.0267,0.234,NOMINAL,NOMINAL,TRIGGERED,1,omni_p6
1648491300.0,1786287674.0009632,1,1.0014,0.1396,,0.629,0.026,0.235,NOMINAL,NOMINAL,NORMAL,0,
1648492200.0,1786287674.1259174,1,1.0181,0.1356,,0.571,0.026,0.241,NOMINAL,NOMINAL,NORMAL,0,
1648493100.0,1786287674.2508767,1,0.9734,0.1362,,0.579,0.0264,0.225,NOMINAL,NOMINAL,NORMAL,0,
1648494000.0,1786287674.3758695,1,0.985,0.1548,,0.573,0.0266,0.239,NOMINAL,NOMINAL,TRIGGERED,1,omni_p6
1648494900.0,1786287674.5007815,1,0.9355,0.1278,,0.6,0.0238,0.22,NOMINAL,NOMINAL,NORMAL,0,
1648495800.0,1786287674.625708,1,0.9306,0.1247,,0.567,0.0245,0.219,NOMINAL,NOMINAL,NORMAL,0,
1648496700.0,1786287674.750918,1,0.9748,0.1327,,0.612,0.0248,0.234,NOMINAL,NOMINAL,TRIGGERED,1,omni_p6
1648497600.0,1786287674.8766863,1,0.9483,0.133,,0.528,0.0434,1.186,NOMINAL,PRE_ALERT,TRIGGERED,2,omni_p6
1648498500.0,1786287675.0021667,1,1.1092,0.1472,,0.671,0.0453,1.116,PRE_ALERT,NOMINAL,NORMAL,0,
1648499400.0,1786287675.1259632,1,1.0506,0.1413,,0.587,0.0253,0.225,NOMINAL,NOMINAL,NORMAL,0,
1648500300.0,1786287675.250873,1,0.9704,0.1343,,0.572,0.025,0.23,NOMINAL,NOMINAL,NORMAL,0,
1648501200.0,1786287675.3759167,1,0.9774,0.1385,,0.619,0.0264,0.242,NOMINAL,NOMINAL,NORMAL,0,
1648502100.0,1786287675.5019085,1,1.2738,0.1552,,0.883,0.0315,0.287,NOMINAL,NOMINAL,NORMAL,0,
1648503000.0,1786287675.6263523,1,1.1777,0.1472,,0.706,0.0288,0.272,NOMINAL,NOMINAL,TRIGGERED,1,omni_p6
1648503900.0,1786287675.7521522,1,1.1057,0.1408,,0.671,0.0469,1.209,NOMINAL,PRE_ALERT,TRIGGERED,2,omni_p6
1648504800.0,1786287675.876913,1,1.0884,0.1427,,0.589,0.0451,1.109,PRE_ALERT,NOMINAL,NORMAL,0,
1648505700.0,1786287676.0011287,1,1.0825,0.1787,,0.621,0.0284,0.237,NOMINAL,NOMINAL,TRIGGERED,1,omni_p6
1648506600.0,1786287676.1259658,1,1.043,0.1387,,0.59,0.0257,0.228,NOMINAL,NOMINAL,NORMAL,0,
1648507500.0,1786287676.2510548,1,1.0462,0.1382,,0.633,0.0271,0.236,NOMINAL,NOMINAL,NORMAL,0,
1648508400.0,1786287676.37589,1,0.9939,0.1334,,0.582,0.0251,0.228,NOMINAL,NOMINAL,NORMAL,0,
1648509300.0,1786287676.5017853,1,1.2427,0.15,,0.838,0.0328,0.289,NOMINAL,NOMINAL,NORMAL,0,
1648510200.0,1786287676.6259887,1,1.0935,0.1411,,0.538,0.0241,0.225,NOMINAL,NOMINAL,TRIGGERED,1,omni_p6
1648511100.0,1786287676.7509274,1,1.0294,0.1366,,0.554,0.0236,0.226,NOMINAL,NOMINAL,NORMAL,0,
1648512000.0,1786287676.8765182,1,1.0132,0.1349,0.6041,0.538,0.0229,0.235,NOMINAL,NOMINAL,NORMAL,0,
1648512900.0,1786287677.0010476,1,1.0335,0.159,,0.63,0.0276,0.243,NOMINAL,NOMINAL,NORMAL,0,
1648513800.0,1786287677.1259007,1,1.0553,0.1344,,0.542,0.0238,0.224,NOMINAL,NOMINAL,NORMAL,0,
1648514700.0,1786287677.2508428,1,0.9705,0.1341,,0.548,0.0244,0.229,NOMINAL,NOMINAL,NORMAL,0,
1648515600.0,1786287677.3757737,1,0.9531,0.1304,,0.511,0.0243,0.23,NOMINAL,NOMINAL,TRIGGERED,1,omni_p6
1648516500.0,1786287677.5024295,1,0.9211,0.1305,,0.6,0.0443,1.845,NOMINAL,PRE_ALERT,TRIGGERED,2,omni_p6
1648517400.0,1786287677.627061,1,1.0482,0.1356,,0.655,0.0465,1.255,PRE_ALERT,NOMINAL,NORMAL,0,
1648518300.0,1786287677.7510433,1,1.0126,0.1382,,0.607,0.0656,0.29,NOMINAL,NOMINAL,NORMAL,0,
1648519200.0,1786287677.8758807,1,0.964,0.1309,,0.645,0.0252,0.232,NOMINAL,NOMINAL,NORMAL,0,
1648520100.0,1786287678.0010252,1,0.9537,0.1317,,0.745,0.0265,0.241,NOMINAL,NOMINAL,NORMAL,0,
1648521000.0,1786287678.1258655,1,0.9774,0.1272,,0.602,0.0259,0.23,NOMINAL,NOMINAL,NORMAL,0,
1648521900.0,1786287678.250862,1,0.927,0.1327,,0.596,0.0246,0.237,NOMINAL,NOMINAL,TRIGGERED,1,omni_p6
1648522800.0,1786287678.376741,1,0.932,0.1283,,0.568,0.0411,1.161,NOMINAL,PRE_ALERT,TRIGGERED,2,omni_p6
1648523700.0,1786287678.5021546,1,1.0925,0.1415,,0.71,0.0475,1.117,PRE_ALERT,NOMINAL,NORMAL,0,
1648524600.0,1786287678.6259527,1,1.0584,0.1352,,0.571,0.026,0.222,NOMINAL,NOMINAL,NORMAL,0,
1648525500.0,1786287678.7507558,1,0.9459,0.1323,,0.529,0.0234,0.222,NOMINAL,NOMINAL,NORMAL,0,
1648526400.0,1786287678.8759897,1,1.043,0.1341,,0.596,0.0276,0.238,NOMINAL,NOMINAL,NORMAL,0,
1648527300.0,1786287679.0009956,1,1.0204,0.1639,,0.605,0.026,0.233,NOMINAL,NOMINAL,NORMAL,0,
1648528200.0,1786287679.1259406,1,1.059,0.1376,,0.575,0.025,0.223,NOMINAL,NOMINAL,NORMAL,0,
1648529100.0,1786287679.2510822,1,1.0325,0.1403,,0.648,0.027,0.239,NOMINAL,NOMINAL,NORMAL,0,
1648530000.0,1786287679.3759959,1,1.0073,0.1344,,0.621,0.0255,0.239,NOMINAL,NOMINAL,NORMAL,0,
1648530900.0,1786287679.5009184,1,0.9873,0.1385,,0.588,0.0251,0.228,NOMINAL,NOMINAL,NORMAL,0,
1648531800.0,1786287679.6259265,1,1.0371,0.1358,,0.577,0.0253,0.233,NOMINAL,NOMINAL,NORMAL,0,
1648532700.0,1786287679.7506626,1,0.9154,0.1311,,0.526,0.0221,0.208,NOMINAL,NOMINAL,NORMAL,0,
1648533600.0,1786287679.8759859,1,1.0747,0.1405,,0.556,0.027,0.235,NOMINAL,NOMINAL,NORMAL,0,
1648534500.0,1786287680.000978,1,1.0115,0.1374,,0.59,0.0262,0.243,NOMINAL,NOMINAL,NORMAL,0,
1648535400.0,1786287680.125889,1,1.035,0.1383,,0.553,0.0245,0.224,NOMINAL,NOMINAL,NORMAL,0,
1648536300.0,1786287680.2509935,1,1.0224,0.1393,,0.586,0.0261,0.236,NOMINAL,NOMINAL,NORMAL,0,
1648537200.0,1786287680.3761947,1,1.0375,0.1392,,0.616,0.1337,0.411,NOMINAL,NOMINAL,NORMAL,0,
1648538100.0,1786287680.5018961,1,1.2867,0.156,,0.865,0.0426,0.294,NOMINAL,NOMINAL,NORMAL,0,
1648539000.0,1786287680.6260765,1,1.0946,0.1421,,0.632,0.0273,0.235,NOMINAL,NOMINAL,NORMAL,0,
1648539900.0,1786287680.7509525,1,1.0248,0.1392,,0.594,0.0258,0.231,NOMINAL,NOMINAL,NORMAL,0,
1648540800.0,1786287680.8760018,1,1.0365,0.1421,,0.584,0.0289,0.248,NOMINAL,NOMINAL,TRIGGERED,1,omni_p6
1648541700.0,1786287681.001887,1,1.0147,0.1674,,0.596,0.0456,1.134,NOMINAL,PRE_ALERT,TRIGGERED,2,omni_p6
1648542600.0,1786287681.127041,1,1.1435,0.1433,,0.635,0.0446,1.102,PRE_ALERT,NOMINAL,NORMAL,0,
1648543500.0,1786287681.2510781,1,1.044,0.1391,,0.63,0.026,0.246,NOMINAL,NOMINAL,NORMAL,0,
1648544400.0,1786287681.3760307,1,1.0339,0.1393,,0.618,0.0259,0.235,NOMINAL,NOMINAL,TRIGGERED,1,omni_p6
1648545300.0,1786287681.5018115,1,1.2793,0.1531,,0.836,0.0316,0.293,NOMINAL,NOMINAL,NORMAL,0,
1648546200.0,1786287681.6260917,1,1.0909,0.1446,,0.626,0.0254,0.244,NOMINAL,NOMINAL,NORMAL,0,
1648547100.0,1786287681.7508106,1,0.9587,0.1347,,0.574,0.0255,0.224,NOMINAL,NOMINAL,NORMAL,0,
1648548000.0,1786287681.875898,1,0.9951,0.1356,,0.58,0.0266,0.227,NOMINAL,NOMINAL,NORMAL,0,
1648548900.0,1786287682.0010087,1,0.9982,0.1415,,0.675,0.0261,0.231,NOMINAL,NOMINAL,NORMAL,0,
1648549800.0,1786287682.1259174,1,1.0249,0.1376,,0.584,0.0264,0.229,NOMINAL,NOMINAL,TRIGGERED,1,omni_p6
1648550700.0,1786287682.2518768,1,1.0149,0.1414,,0.602,0.0455,1.137,NOMINAL,PRE_ALERT,TRIGGERED,2,omni_p6
1648551600.0,1786287682.377235,1,1.1175,0.1457,,0.692,0.0483,1.171,PRE_ALERT,NOMINAL,NORMAL,0,
1648552500.0,1786287682.501072,1,1.0611,0.1718,,0.588,0.0288,0.242,NOMINAL,NOMINAL,NORMAL,0,
1648553400.0,1786287682.6257854,1,0.9819,0.1335,,0.545,0.0243,0.216,NOMINAL,NOMINAL,NORMAL,0,
1648554300.0,1786287682.7507527,1,0.9291,0.1302,,0.554,0.0244,0.22,NOMINAL,NOMINAL,NORMAL,0,
1648555200.0,1786287682.8760462,1,1.0646,0.1411,,0.585,0.0261,0.238,NOMINAL,NOMINAL,NORMAL,0,
1648556100.0,1786287683.00096,1,1.0082,0.1401,,0.617,0.0257,0.243,NOMINAL,NOMINAL,TRIGGERED,1,omni_p6
1648557000.0,1786287683.1267495,1,1.0038,0.1365,,0.562,0.0401,1.129,NOMINAL,PRE_ALERT,TRIGGERED,2,omni_p6
1648557900.0,1786287683.2519536,1,1.0887,0.1426,,0.61,0.0421,1.098,PRE_ALERT,NOMINAL,NORMAL,0,
1648558800.0,1786287683.3761497,1,1.0761,0.1439,,0.621,0.0268,0.268,NOMINAL,NOMINAL,NORMAL,0,
1648559700.0,1786287683.5011163,1,1.029,0.1712,,0.657,0.0267,0.247,NOMINAL,NOMINAL,NORMAL,0,
1648560600.0,1786287683.6258953,1,1.0239,0.1348,,0.579,0.0247,0.224,NOMINAL,NOMINAL,NORMAL,0,
1648561500.0,1786287683.7507257,1,0.9206,0.1313,,0.552,0.0228,0.211,NOMINAL,NOMINAL,NORMAL,0,
1648562400.0,1786287683.8756251,1,0.9042,0.1347,,0.509,0.0216,0.216,NOMINAL,NOMINAL,TRIGGERED,1,omni_p6
1648563300.0,1786287684.0011692,1,1.0416,0.1636,,0.678,0.0275,0.24,NOMINAL,NOMINAL,NORMAL,0,
1648564200.0,1786287684.125938,1,1.0337,0.1346,,0.606,0.0253,0.234,NOMINAL,NOMINAL,NORMAL,0,
1648565100.0,1786287684.2509124,1,0.9727,0.1341,,0.61,0.0243,0.229,NOMINAL,NOMINAL,NORMAL,0,
1648566000.0,1786287684.3759918,1,0.9857,0.1364,,0.64,0.0247,0.238,NOMINAL,NOMINAL,NORMAL,0,
1648566900.0,1786287684.5009198,1,0.9801,0.1341,,0.628,0.023,0.221,NOMINAL,NOMINAL,NORMAL,0,
1648567800.0,1786287684.625782,1,0.9749,0.1274,,0.548,0.0226,0.213,NOMINAL,NOMINAL,NORMAL,0,
1648568700.0,1786287684.7506974,1,0.9148,0.1299,,0.538,0.0212,0.21,NOMINAL,NOMINAL,TRIGGERED,1,omni_p6
1648569600.0,1786287684.8756983,1,0.938,0.1286,,0.527,0.0232,0.217,NOMINAL,NOMINAL,NORMAL,0,
1648570500.0,1786287685.001228,1,1.0617,0.1728,,0.69,0.0284,0.264,NOMINAL,NOMINAL,NORMAL,0,
1648571400.0,1786287685.1260324,1,1.0944,0.137,,0.599,0.0299,0.245,NOMINAL,NOMINAL,NORMAL,0,
1648572300.0,1786287685.2511725,1,1.0867,0.1374,,0.667,0.0286,0.238,NOMINAL,NOMINAL,NORMAL,0,
1648573200.0,1786287685.375974,1,1.036,0.136,,0.611,0.0274,0.238,NOMINAL,NOMINAL,NORMAL,0,
1648574100.0,1786287685.5019627,1,1.2925,0.1497,,0.877,0.0327,0.311,NOMINAL,NOMINAL,NORMAL,0,
1648575000.0,1786287685.626171,1,1.1719,0.143,,0.582,0.0247,0.232,NOMINAL,NOMINAL,NORMAL,0,
1648575900.0,1786287685.7511885,1,1.1,0.1426,,0.682,0.0306,0.253,NOMINAL,NOMINAL,NORMAL,0,
1648576800.0,1786287685.8758717,1,1.0411,0.1408,,0.523,0.0277,0.243,NOMINAL,NOMINAL,NORMAL,0,
1648577700.0,1786287686.0012386,1,1.0964,0.165,,0.705,0.0294,0.258,NOMINAL,NOMINAL,NORMAL,0,
1648578600.0,1786287686.1259928,1,1.0764,0.1394,,0.6,0.0268,0.236,NOMINAL,NOMINAL,NORMAL,0,
1648579500.0,1786287686.2509127,1,1.0241,0.1369,,0.586,0.0264,0.232,NOMINAL,NOMINAL,NORMAL,0,
1648580400.0,1786287686.376002,1,1.0521,0.1397,,0.611,0.0276,0.246,NOMINAL,NOMINAL,NORMAL,0,
1648581300.0,1786287686.5018651,1,1.2757,0.1517,,0.872,0.0316,0.302,NOMINAL,NOMINAL,NORMAL,0,
1648582200.0,1786287686.6262436,1,1.1677,0.1449,,0.658,0.0294,0.252,NOMINAL,NOMINAL,NORMAL,0,
1648583100.0,1786287686.7509363,1,1.04,0.1368,,0.581,0.0274,0.239,NOMINAL,NOMINAL,NORMAL,0,
1648584000.0,1786287686.8757412,1,0.9812,0.1327,,0.524,0.0256,0.228,NOMINAL,NOMINAL,NORMAL,0,
1648584900.0,1786287687.0012205,1,1.076,0.1915,,0.688,0.0308,0.259,NOMINAL,NOMINAL,NORMAL,0,
1648585800.0,1786287687.1260855,1,1.0892,0.1372,,0.646,0.0277,0.245,NOMINAL,NOMINAL,NORMAL,0,
1648586700.0,1786287687.2507622,1,0.9301,0.1288,,0.584,0.0282,0.237,NOMINAL,NOMINAL,NORMAL,0,
1648587600.0,1786287687.3759027,1,1.0133,0.1376,,0.597,0.0274,0.236,NOMINAL,NOMINAL,NORMAL,0,
1648588500.0,1786287687.5008922,1,0.9902,0.1361,,0.614,0.0288,0.236,NOMINAL,NOMINAL,NORMAL,0,
1648589400.0,1786287687.6258905,1,1.0341,0.1381,,0.573,0.0273,0.232,NOMINAL,NOMINAL,TRIGGERED,1,omni_p6
1648590300.0,1786287687.7507064,1,0.9475,0.1311,,0.533,0.0262,0.222,NOMINAL,NOMINAL,NORMAL,0,
1648591200.0,1786287687.875751,1,0.955,0.1312,,0.537,0.0257,0.232,NOMINAL,NOMINAL,NORMAL,0,
1648592100.0,1786287688.0011902,1,1.0594,0.2053,,0.679,0.0284,0.258,NOMINAL,NOMINAL,NORMAL,0,
1648593000.0,1786287688.12604,1,1.0733,0.1371,,0.623,0.0275,0.24,NOMINAL,NOMINAL,NORMAL,0,
1648593900.0,1786287688.2508583,1,1.0015,0.1341,,0.587,0.0256,0.228,NOMINAL,NOMINAL,NORMAL,0,
1648594800.0,1786287688.3761296,1,1.0651,0.1417,,0.659,0.0303,0.256,NOMINAL,NOMINAL,TRIGGERED,1,omni_p6
1648595700.0,1786287688.502051,1,1.0603,0.1755,,0.649,0.0453,1.209,NOMINAL,PRE_ALERT,TRIGGERED,2,omni_p6
1648596600.0,1786287688.6268747,1,1.114,0.1381,,0.607,0.0377,1.055,PRE_ALERT,NOMINAL,NORMAL,0,
1648597500.0,1786287688.7506216,1,0.926,0.1271,,0.512,0.0214,0.212,NOMINAL,NOMINAL,NORMAL,0,
1648598400.0,1786287688.8763049,1,0.9477,0.124,0.5962,0.461,0.0251,0.253,NOMINAL,NOMINAL,NORMAL,0,
1648599300.0,1786287689.0008414,1,1.0126,0.1335,,0.574,0.0225,0.211,NOMINAL,NOMINAL,NORMAL,0,
1648600200.0,1786287689.1262126,1,1.1673,0.1433,,0.654,0.0286,0.238,NOMINAL,NOMINAL,NORMAL,0,
1648601100.0,1786287689.2508533,1,1.0109,0.1358,,0.565,0.0261,0.227,NOMINAL,NOMINAL,TRIGGERED,1,omni_p6
1648602000.0,1786287689.3770385,1,1.0938,0.1365,,0.626,0.0458,1.188,NOMINAL,PRE_ALERT,TRIGGERED,2,omni_p6
1648602900.0,1786287689.5019674,1,1.0809,0.172,,0.639,0.0444,1.114,PRE_ALERT,NOMINAL,NORMAL,0,
1648603800.0,1786287689.625793,1,0.9714,0.1291,,0.587,0.0256,0.234,NOMINAL,NOMINAL,NORMAL,0,
1648604700.0,1786287689.750585,1,0.8709,0.1218,,0.533,0.0252,0.225,NOMINAL,NOMINAL,NORMAL,0,
1648605600.0,1786287689.8755918,1,0.9216,0.1245,,0.497,0.0236,0.212,NOMINAL,NOMINAL,NORMAL,0,
1648606500.0,1786287690.000789,1,0.9402,0.1281,,0.613,0.0244,0.228,NOMINAL,NOMINAL,NORMAL,0,
1648607400.0,1786287690.1265745,1,1.4524,0.1413,,0.7,0.0291,0.251,NOMINAL,NOMINAL,TRIGGERED,1,omni_p6
1648608300.0,1786287690.2508774,1,1.0035,0.1327,,0.595,0.0261,0.237,NOMINAL,NOMINAL,NORMAL,0,
1648609200.0,1786287690.3759003,1,1.0203,0.1311,,0.6,0.0287,0.239,NOMINAL,NOMINAL,NORMAL,0,
1648610100.0,1786287690.5019276,1,1.2664,0.1509,,0.914,0.0321,0.287,NOMINAL,NOMINAL,NORMAL,0,
1648611000.0,1786287690.6262064,1,1.1459,0.1441,,0.662,0.0287,0.257,NOMINAL,NOMINAL,NORMAL,0,
1648611900.0,1786287690.7509742,1,1.0475,0.1374,,0.61,0.0269,0.244,NOMINAL,NOMINAL,NORMAL,0,
1648612800.0,1786287690.8757534,1,0.985,0.1382,,0.515,0.0251,0.231,NOMINAL,NOMINAL,NORMAL,0,
1648613700.0,1786287691.000872,1,0.99,0.1366,,0.606,0.0262,0.238,NOMINAL,NOMINAL,TRIGGERED,1,omni_p6
1648614600.0,1786287691.1263142,1,1.1557,0.1411,,0.7,0.0298,0.255,NOMINAL,NOMINAL,NORMAL,0,
1648615500.0,1786287691.2511559,1,1.1086,0.1384,,0.664,0.0283,0.251,NOMINAL,NOMINAL,NORMAL,0,
1648616400.0,1786287691.37594,1,1.0372,0.1345,,0.608,0.0272,0.236,NOMINAL,NOMINAL,NORMAL,0,
1648617300.0,1786287691.501665,1,1.1884,0.1421,,0.824,0.0341,0.287,NOMINAL,NOMINAL,NORMAL,0,
1648618200.0,1786287691.6261642,1,1.098,0.1394,,0.621,0.0288,0.289,NOMINAL,NOMINAL,NORMAL,0,
1648619100.0,1786287691.7508335,1,0.9857,0.1295,,0.557,0.0263,0.243,NOMINAL,NOMINAL,NORMAL,0,
1648620000.0,1786287691.8757398,1,0.9605,0.1294,,0.521,0.0264,0.225,NOMINAL,NOMINAL,NORMAL,0,
1648620900.0,1786287692.0007668,1,0.9339,0.126,,0.596,0.0245,0.221,NOMINAL,NOMINAL,NORMAL,0,
1648621800.0,1786287692.126234,1,1.1069,0.1463,,0.684,0.0292,0.248,NOMINAL,NOMINAL,NORMAL,0,
1648622700.0,1786287692.250946,1,1.0402,0.132,,0.582,0.0273,0.234,NOMINAL,NOMINAL,NORMAL,0,
1648623600.0,1786287692.3758843,1,1.0165,0.1319,,0.559,0.0265,0.229,NOMINAL,NOMINAL,NORMAL,0,
1648624500.0,1786287692.5008848,1,0.989,0.1295,,0.601,0.0256,0.236,NOMINAL,NOMINAL,NORMAL,0,
1648625400.0,1786287692.625823,1,0.9881,0.1312,,0.573,0.0244,0.219,NOMINAL,NOMINAL,NORMAL,0,
1648626300.0,1786287692.7507045,1,0.9411,0.1259,,0.539,0.023,0.212,NOMINAL,NOMINAL,NORMAL,0,
1648627200.0,1786287692.8755968,1,0.9079,0.1273,,0.496,0.0236,0.21,NOMINAL,NOMINAL,NORMAL,0,
1648628100.0,1786287693.0008183,1,0.9478,0.1309,,0.605,0.0251,0.224,NOMINAL,NOMINAL,NORMAL,0,
1648629000.0,1786287693.1262097,1,1.1056,0.1378,,0.691,0.0284,0.254,NOMINAL,NOMINAL,TRIGGERED,1,omni_p6
1648629900.0,1786287693.251792,1,0.982,0.1321,,0.576,0.045,1.178,NOMINAL,PRE_ALERT,TRIGGERED,2,omni_p6
1648630800.0,1786287693.3769844,1,1.0735,0.1351,,0.625,0.0442,1.147,PRE_ALERT,NOMINAL,NORMAL,0,
1648631700.0,1786287693.5012195,1,1.0948,0.1468,,0.679,0.028,0.247,NOMINAL,NOMINAL,NORMAL,0,
1648632600.0,1786287693.6259022,1,1.0308,0.1315,,0.579,0.0261,0.227,NOMINAL,NOMINAL,NORMAL,0,
1648633500.0,1786287693.750549,1,0.8901,0.1226,,0.511,0.0226,0.205,NOMINAL,NOMINAL,NORMAL,0,
1648634400.0,1786287693.8756227,1,0.8957,0.1223,,0.543,0.0224,0.207,NOMINAL,NOMINAL,NORMAL,0,
1648635300.0,1786287694.0007129,1,0.904,0.1292,,0.585,0.0234,0.221,NOMINAL,NOMINAL,TRIGGERED,1,omni_p6
1648636200.0,1786287694.1262324,1,0.9908,0.1309,,0.776,0.0526,0.391,NOMINAL,NOMINAL,NORMAL,0,
1648637100.0,1786287694.251158,1,1.0511,0.1363,,0.666,0.0286,0.256,NOMINAL,NOMINAL,NORMAL,0,
1648638000.0,1786287694.3759558,1,1.0065,0.1297,,0.615,0.0259,0.232,NOMINAL,NOMINAL,NORMAL,0,
1648638900.0,1786287694.500932,1,1.0139,0.1308,,0.597,0.026,0.242,NOMINAL,NOMINAL,NORMAL,0,
1648639800.0,1786287694.6258707,1,1.0094,0.1355,,0.563,0.0248,0.223,NOMINAL,NOMINAL,NORMAL,0,
1648640700.0,1786287694.7507322,1,0.9322,0.1253,,0.557,0.0238,0.22,NOMINAL,NOMINAL,TRIGGERED,1,omni_p6
1648641600.0,1786287694.8765655,1,0.9261,0.1251,,0.488,0.0412,1.158,NOMINAL,PRE_ALERT,TRIGGERED,2,omni_p6
1648642500.0,1786287695.0019011,1,1.0023,0.1328,,0.678,0.0441,1.127,PRE_ALERT,NOMINAL,NORMAL,0,
1648643400.0,1786287695.1259563,1,1.0409,0.132,,0.582,0.0255,0.229,NOMINAL,NOMINAL,NORMAL,0,
1648644300.0,1786287695.2510607,1,1.0226,0.1331,,0.615,0.0271,0.294,NOMINAL,NOMINAL,NORMAL,0,
1648645200.0,1786287695.3761353,1,1.0296,0.1354,,0.575,0.0276,0.304,NOMINAL,NOMINAL,NORMAL,0,
1648646100.0,1786287695.5018082,1,1.2053,0.1489,,0.877,0.0322,0.289,NOMINAL,NOMINAL,NORMAL,0,
1648647000.0,1786287695.6262507,1,1.1397,0.1368,,0.664,0.0289,0.26,NOMINAL,NOMINAL,TRIGGERED,1,omni_p6
1648647900.0,1786287695.7518733,1,1.0236,0.1344,,0.594,0.0443,1.165,NOMINAL,PRE_ALERT,TRIGGERED,2,omni_p6
1648648800.0,1786287695.8768227,1,1.0353,0.1355,,0.562,0.0429,1.138,PRE_ALERT,NOMINAL,NORMAL,0,
1648649700.0,1786287696.0008693,1,0.9964,0.1323,,0.593,0.0247,0.229,NOMINAL,NOMINAL,NORMAL,0,
1648650600.0,1786287696.126088,1,1.0234,0.1323,,0.719,0.0363,0.291,NOMINAL,NOMINAL,NORMAL,0,
1648651500.0,1786287696.2510707,1,1.0239,0.1351,,0.658,0.028,0.253,NOMINAL,NOMINAL,NORMAL,0,
1648652400.0,1786287696.3759415,1,0.998,0.1325,,0.609,0.0268,0.237,NOMINAL,NOMINAL,NORMAL,0,
1648653300.0,1786287696.5017338,1,1.1972,0.1469,,0.862,0.0317,0.286,NOMINAL,NOMINAL,TRIGGERED,1,omni_p6
1648654200.0,1786287696.6271284,1,1.1198,0.1385,,0.664,0.0452,1.177,NOMINAL,PRE_ALERT,TRIGGERED,2,omni_p6
1648655100.0,1786287696.751907,1,1.0582,0.1369,,0.62,0.0429,1.122,PRE_ALERT,NOMINAL,NORMAL,0,
1648656000.0,1786287696.8758817,1,1.0237,0.134,,0.562,0.0278,0.235,NOMINAL,NOMINAL,NORMAL,0,
1648656900.0,1786287697.0008643,1,0.9902,0.1347,,0.594,0.0247,0.224,NOMINAL,NOMINAL,NORMAL,0,
1648657800.0,1786287697.1259038,1,1.0401,0.131,,0.576,0.0258,0.234,NOMINAL,NOMINAL,NORMAL,0,
1648658700.0,1786287697.2511861,1,1.0671,0.1364,,0.709,0.0282,0.25,NOMINAL,NOMINAL,NORMAL,0,
1648659600.0,1786287697.3759928,1,1.0238,0.1301,,0.619,0.0261,0.238,NOMINAL,NOMINAL,NORMAL,0,
1648660500.0,1786287697.5009377,1,1.0127,0.1344,,0.609,0.026,0.237,NOMINAL,NOMINAL,NORMAL,0,
1648661400.0,1786287697.6258667,1,1.0076,0.1302,,0.583,0.0264,0.226,NOMINAL,NOMINAL,NORMAL,0,
1648662300.0,1786287697.7507043,1,0.918,0.129,,0.551,0.0249,0.219,NOMINAL,NOMINAL,NORMAL,0,
1648663200.0,1786287697.8756902,1,0.9393,0.127,,0.517,0.0238,0.222,NOMINAL,NOMINAL,NORMAL,0,
1648664100.0,1786287698.0007334,1,0.929,0.1261,,0.568,0.0243,0.224,NOMINAL,NOMINAL,NORMAL,0,
1648665000.0,1786287698.1260195,1,1.0003,0.1299,,0.597,0.0259,0.34,NOMINAL,NOMINAL,NORMAL,0,
1648665900.0,1786287698.2510958,1,1.0458,0.1331,,0.657,0.0279,0.247,NOMINAL,NOMINAL,NORMAL,0,
1648666800.0,1786287698.3759437,1,1.0283,0.1329,,0.592,0.0267,0.234,NOMINAL,NOMINAL,NORMAL,0,
1648667700.0,1786287698.501074,1,1.0294,0.1588,,0.669,0.0289,0.246,NOMINAL,NOMINAL,NORMAL,0,
1648668600.0,1786287698.62593,1,1.0459,0.1301,,0.611,0.0262,0.229,NOMINAL,NOMINAL,NORMAL,0,
1648669500.0,1786287698.7508008,1,0.9583,0.129,,0.587,0.0263,0.229,NOMINAL,NOMINAL,NORMAL,0,
1648670400.0,1786287698.8756478,1,0.92,0.1259,,0.519,0.0238,0.22,NOMINAL,NOMINAL,NORMAL,0,
1648671300.0,1786287699.000719,1,0.9271,0.1256,,0.573,0.0243,0.221,NOMINAL,NOMINAL,NORMAL,0,
1648672200.0,1786287699.1257765,1,0.9566,0.1242,,0.567,0.024,0.217,NOMINAL,NOMINAL,NORMAL,0,
1648673100.0,1786287699.2510016,1,0.9979,0.1333,,0.652,0.0288,0.253,NOMINAL,NOMINAL,NORMAL,0,
1648674000.0,1786287699.3758934,1,0.9676,0.131,,0.608,0.0263,0.234,NOMINAL,NOMINAL,TRIGGERED,1,omni_p6
1648674900.0,1786287699.5008285,1,0.9525,0.1299,,0.609,0.0256,0.231,NOMINAL,NOMINAL,NORMAL,0,
1648675800.0,1786287699.625849,1,0.9842,0.1273,,0.585,0.0253,0.23,NOMINAL,NOMINAL,NORMAL,0,
1648676700.0,1786287699.7508225,1,0.9543,0.1258,,0.576,0.0251,0.263,NOMINAL,NOMINAL,NORMAL,0,
1648677600.0,1786287699.8757062,1,0.9247,0.1303,,0.558,0.025,0.225,NOMINAL,NOMINAL,NORMAL,0,
1648678500.0,1786287700.0007806,1,0.9297,0.1279,,0.614,0.0236,0.217,NOMINAL,NOMINAL,NORMAL,0,
1648679400.0,1786287700.1257493,1,0.9459,0.1263,,0.571,0.0235,0.22,NOMINAL,NOMINAL,NORMAL,0,
1648680300.0,1786287700.250855,1,0.955,0.1298,,0.595,0.0256,0.227,NOMINAL,NOMINAL,TRIGGERED,1,omni_p6
1648681200.0,1786287700.3760974,1,1.0205,0.1339,,0.671,0.0265,0.251,NOMINAL,NOMINAL,NORMAL,0,
1648682100.0,1786287700.5017903,1,1.2095,0.1522,,0.854,0.0305,0.279,NOMINAL,NOMINAL,NORMAL,0,
1648683000.0,1786287700.6260016,1,0.9979,0.1298,,0.652,0.0268,0.251,NOMINAL,NOMINAL,NORMAL,0,
1648683900.0,1786287700.7509446,1,1.0206,0.1368,,0.613,0.0252,0.239,NOMINAL,NOMINAL,NORMAL,0,
1648684800.0,1786287700.8764925,1,0.9919,0.1268,0.575,0.582,0.0264,0.246,NOMINAL,NOMINAL,NORMAL,0,
1648685700.0,1786287701.0007553,1,0.9414,0.1269,,0.588,0.0241,0.237,NOMINAL,NOMINAL,TRIGGERED,1,omni_p6
1648686600.0,1786287701.1268077,1,1.0099,0.1317,,0.583,0.0431,1.184,NOMINAL,PRE_ALERT,TRIGGERED,2,omni_p6
1648687500.0,1786287701.2518969,1,1.0347,0.134,,0.626,0.0441,1.124,PRE_ALERT,NOMINAL,NORMAL,0,
1648688400.0,1786287701.376231,1,1.0885,0.1383,,0.684,0.0292,0.282,NOMINAL,NOMINAL,NORMAL,0,
1648689300.0,1786287701.5016024,1,1.1795,0.1447,,0.827,0.0307,0.273,NOMINAL,NOMINAL,NORMAL,0,
1648690200.0,1786287701.6261544,1,1.1148,0.1389,,0.651,0.0289,0.259,NOMINAL,NOMINAL,NORMAL,0,
1648691100.0,1786287701.750842,1,0.9823,0.1332,,0.58,0.0254,0.236,NOMINAL,NOMINAL,NORMAL,0,
1648692000.0,1786287701.875688,1,0.9352,0.1316,,0.531,0.0223,0.216,NOMINAL,NOMINAL,TRIGGERED,1,omni_p6
1648692900.0,1786287702.001611,1,0.9072,0.129,,0.563,0.0418,1.143,NOMINAL,PRE_ALERT,TRIGGERED,2,omni_p6
1648693800.0,1786287702.126891,1,1.0406,0.1391,,0.621,0.0427,1.123,PRE_ALERT,NOMINAL,NORMAL,0,
1648694700.0,1786287702.2508671,1,0.9846,0.1274,,0.592,0.0251,0.227,NOMINAL,NOMINAL,NORMAL,0,
1648695600.0,1786287702.3760927,1,1.0291,0.1299,,0.682,0.0277,0.247,NOMINAL,NOMINAL,NORMAL,0,
1648696500.0,1786287702.5008852,1,0.9876,0.1286,,0.607,0.0264,0.233,NOMINAL,NOMINAL,NORMAL,0,
1648697400.0,1786287702.6257863,1,0.9794,0.1285,,0.568,0.0254,0.229,NOMINAL,NOMINAL,NORMAL,0,
1648698300.0,1786287702.7507727,1,0.9577,0.13,,0.561,0.0243,0.223,NOMINAL,NOMINAL,TRIGGERED,1,omni_p6
1648699200.0,1786287702.876673,1,0.9315,0.1275,,0.595,0.0404,1.152,NOMINAL,PRE_ALERT,TRIGGERED,2,omni_p6
1648700100.0,1786287703.0017517,1,0.9832,0.1282,,0.612,0.0415,1.111,PRE_ALERT,NOMINAL,NORMAL,0,
1648701000.0,1786287703.1259058,1,1.0196,0.1294,,0.584,0.026,0.234,NOMINAL,NOMINAL,NORMAL,0,
1648701900.0,1786287703.2508624,1,0.9725,0.1266,,0.588,0.0244,0.227,NOMINAL,NOMINAL,NORMAL,0,
1648702800.0,1786287703.3760235,1,1.0126,0.1293,,0.638,0.0279,0.244,NOMINAL,NOMINAL,NORMAL,0,
1648703700.0,1786287703.5010452,1,1.0168,0.1578,,0.635,0.0284,0.243,NOMINAL,NOMINAL,NORMAL,0,
1648704600.0,1786287703.625884,1,1.0233,0.129,,0.574,0.0253,0.229,NOMINAL,NOMINAL,NORMAL,0,
1648705500.0,1786287703.7507093,1,0.9303,0.1254,,0.545,0.0239,0.22,NOMINAL,NOMINAL,NORMAL,0,
1648706400.0,1786287703.8756104,1,0.9096,0.1252,,0.488,0.0219,0.215,NOMINAL,NOMINAL,NORMAL,0,
1648707300.0,1786287704.0006402,1,0.8868,0.1208,,0.563,0.0236,0.217,NOMINAL,NOMINAL,NORMAL,0,
1648708200.0,1786287704.125689,1,0.9433,0.1264,,0.543,0.0231,0.213,NOMINAL,NOMINAL,NORMAL,0,
1648709100.0,1786287704.2507613,1,0.9347,0.1292,,0.549,0.0251,0.219,NOMINAL,NOMINAL,NORMAL,0,
1648710000.0,1786287704.3759954,1,1.0044,0.132,,0.637,0.0287,0.247,NOMINAL,NOMINAL,NORMAL,0,
1648710900.0,1786287704.5011923,1,1.0597,0.1633,,0.68,0.0278,0.255,NOMINAL,NOMINAL,NORMAL,0,
1648711800.0,1786287704.6257036,1,0.9113,0.1238,,0.583,0.0254,0.233,NOMINAL,NOMINAL,NORMAL,0,
1648712700.0,1786287704.7506268,1,0.8723,0.1249,,0.563,0.0247,0.222,NOMINAL,NOMINAL,NORMAL,0,
1648713600.0,1786287704.875454,1,0.8157,0.1176,,0.511,0.024,0.217,NOMINAL,NOMINAL,NORMAL,0,
1648714500.0,1786287705.0004346,1,0.7892,0.1181,,0.533,0.0241,0.218,NOMINAL,NOMINAL,TRIGGERED,1,omni_p6
1648715400.0,1786287705.1254952,1,0.8507,0.1206,,0.502,0.0342,0.231,NOMINAL,NOMINAL,NORMAL,0,
1648716300.0,1786287705.25054,1,0.8074,0.1169,,0.531,0.0239,0.239,NOMINAL,NOMINAL,NORMAL,0,
1648717200.0,1786287705.3757105,1,0.9138,0.1243,,0.566,0.0243,0.22,NOMINAL,NOMINAL,NORMAL,0,
1648718100.0,1786287705.5018988,1,1.2428,0.1517,,0.895,0.0327,0.291,NOMINAL,NOMINAL,NORMAL,0,
1648719000.0,1786287705.626165,1,1.1312,0.1498,,0.63,0.0286,0.265,NOMINAL,NOMINAL,NORMAL,0,
1648719900.0,1786287705.7508478,1,1.026,0.1325,,0.552,0.0247,0.23,NOMINAL,NOMINAL,NORMAL,0,
1648720800.0,1786287705.8755834,1,0.8878,0.1265,,0.519,0.0253,0.223,NOMINAL,NOMINAL,TRIGGERED,1,omni_p6
1648721700.0,1786287706.0005763,1,0.8361,0.1181,,0.576,0.0236,0.233,NOMINAL,NOMINAL,NORMAL,0,
1648722600.0,1786287706.1258633,1,1.0034,0.1344,,0.6,0.0242,0.224,NOMINAL,NOMINAL,NORMAL,0,
1648723500.0,1786287706.2505648,1,0.8658,0.1177,,0.517,0.0229,0.218,NOMINAL,NOMINAL,NORMAL,0,
1648724400.0,1786287706.3757188,1,0.9363,0.1221,,0.566,0.0249,0.221,NOMINAL,NOMINAL,NORMAL,0,
1648725300.0,1786287706.5017614,1,1.2313,0.1465,,0.845,0.0316,0.296,NOMINAL,NOMINAL,NORMAL,0,
1648726200.0,1786287706.6259067,1,1.0235,0.1263,,0.595,0.0286,0.242,NOMINAL,NOMINAL,TRIGGERED,1,omni_p6
1648727100.0,1786287706.7516124,1,0.893,0.123,,0.556,0.0559,1.167,NOMINAL,PRE_ALERT,TRIGGERED,2,omni_p6
1648728000.0,1786287706.87683,1,1.0426,0.1332,,0.554,0.0446,1.142,PRE_ALERT,NOMINAL,NORMAL,0,
1648728900.0,1786287707.0006242,1,0.8829,0.1157,,0.563,0.0266,0.234,NOMINAL,NOMINAL,NORMAL,0,
1648729800.0,1786287707.1258163,1,1.024,0.127,,0.56,0.0264,0.224,NOMINAL,NOMINAL,NORMAL,0,
1648730700.0,1786287707.2508035,1,0.9827,0.1268,,0.554,0.0272,0.224,NOMINAL,NOMINAL,NORMAL,0,
1648731600.0,1786287707.3759305,1,1.0009,0.132,,0.593,0.0288,0.251,NOMINAL,NOMINAL,NORMAL,0,
1648732500.0,1786287707.5010774,1,1.032,0.1604,,0.658,0.0287,0.244,NOMINAL,NOMINAL,TRIGGERED,1,omni_p6
1648733400.0,1786287707.6266434,1,0.942,0.1248,,0.568,0.042,1.134,NOMINAL,PRE_ALERT,TRIGGERED,2,omni_p6
1648734300.0,1786287707.7517009,1,1.0188,0.1279,,0.552,0.0376,1.038,PRE_ALERT,NOMINAL,NORMAL,0,
1648735200.0,1786287707.8755536,1,0.8697,0.1181,,0.499,0.0252,0.232,NOMINAL,NOMINAL,NORMAL,0,
1648736100.0,1786287708.0006483,1,0.8379,0.1126,,0.651,0.0266,0.221,NOMINAL,NOMINAL,NORMAL,0,
1648737000.0,1786287708.125744,1,0.9584,0.1235,,0.549,0.0254,0.231,NOMINAL,NOMINAL,NORMAL,0,
1648737900.0,1786287708.250826,1,0.9531,0.1233,,0.571,0.0251,0.239,NOMINAL,NOMINAL,NORMAL,0,
1648738800.0,1786287708.3762074,1,1.0432,0.1362,,0.697,0.0288,0.28,NOMINAL,NOMINAL,TRIGGERED,1,omni_p6
1648739700.0,1786287708.501452,1,1.0988,0.1389,,0.763,0.0292,0.316,NOMINAL,NOMINAL,NORMAL,0,
1648740600.0,1786287708.6260011,1,1.0536,0.1291,,0.612,0.0277,0.244,NOMINAL,NOMINAL,NORMAL,0,
1648741500.0,1786287708.7509136,1,1.0042,0.1293,,0.6,0.0254,0.234,NOMINAL,NOMINAL,NORMAL,0,
1648742400.0,1786287708.8757236,1,0.9417,0.1255,,0.556,0.0228,0.22,NOMINAL,NOMINAL,NORMAL,0,
1648743300.0,1786287709.0008714,1,0.9589,0.1281,,0.618,0.0252,0.23,NOMINAL,NOMINAL,NORMAL,0,
1648744200.0,1786287709.1257863,1,0.9753,0.1247,,0.562,0.0249,0.231,NOMINAL,NOMINAL,NORMAL,0,
1648745100.0,1786287709.2507906,1,0.9438,0.1234,,0.563,0.0253,0.231,NOMINAL,NOMINAL,NORMAL,0,
1648746000.0,1786287709.375851,1,0.9494,0.1268,,0.576,0.0263,0.273,NOMINAL,NOMINAL,NORMAL,0,
1648746900.0,1786287709.5010762,1,1.0316,0.1627,,0.638,0.0281,0.249,NOMINAL,NOMINAL,NORMAL,0,
1648747800.0,1786287709.6259587,1,1.0339,0.1283,,0.578,0.0267,0.278,NOMINAL,NOMINAL,NORMAL,0,
1648748700.0,1786287709.7507396,1,0.9407,0.122,,0.553,0.0252,0.237,NOMINAL,NOMINAL,NORMAL,0,
1648749600.0,1786287709.8756483,1,0.9336,0.1256,,0.478,0.0246,0.238,NOMINAL,NOMINAL,NORMAL,0,
1648750500.0,1786287710.0007954,1,0.9239,0.124,,0.578,0.0243,0.267,NOMINAL,NOMINAL,NORMAL,0,
1648751400.0,1786287710.1258008,1,0.9722,0.1256,,0.549,0.0251,0.254,NOMINAL,NOMINAL,NORMAL,0,
1648752300.0,1786287710.250846,1,0.9767,0.1243,,0.575,0.0257,0.22,NOMINAL,NOMINAL,NORMAL,0,
1648753200.0,1786287710.3758044,1,0.9619,0.1242,,0.555,0.0268,0.232,NOMINAL,NOMINAL,NORMAL,0,
1648754100.0,1786287710.5018675,1,1.2244,0.1437,,0.896,0.0317,0.287,NOMINAL,NOMINAL,NORMAL,0,
1648755000.0,1786287710.626463,1,1.1724,0.1395,,0.75,0.0292,0.269,NOMINAL,NOMINAL,NORMAL,0,
1648755900.0,1786287710.7511058,1,1.0899,0.1346,,0.629,0.0281,0.251,NOMINAL,NOMINAL,NORMAL,0,
1648756800.0,1786287710.8758347,1,1.0254,0.1263,,0.525,0.0266,0.231,NOMINAL,NOMINAL,NORMAL,0,
1648757700.0,1786287711.0008392,1,0.9902,0.124,,0.58,0.0249,0.227,NOMINAL,NOMINAL,NORMAL,0,
1648758600.0,1786287711.125867,1,1.0236,0.1283,,0.566,0.0269,0.229,NOMINAL,NOMINAL,NORMAL,0,
1648759500.0,1786287711.2509584,1,1.0007,0.1304,,0.604,0.0268,0.241,NOMINAL,NOMINAL,TRIGGERED,1,omni_p6
1648760400.0,1786287711.3758671,1,0.9994,0.128,,0.56,0.0272,0.23,NOMINAL,NOMINAL,NORMAL,0,
1648761300.0,1786287711.501927,1,1.2011,0.1418,,0.855,0.0587,0.448,NOMINAL,NOMINAL,NORMAL,0,
1648762200.0,1786287711.6264238,1,1.1598,0.1405,,0.728,0.0311,0.264,NOMINAL,NOMINAL,NORMAL,0,
1648763100.0,1786287711.751003,1,1.0536,0.1357,,0.601,0.0274,0.241,NOMINAL,NOMINAL,NORMAL,0,
1648764000.0,1786287711.8767283,1,1.1793,0.1454,,0.846,0.0322,0.283,NOMINAL,NOMINAL,NORMAL,0,
1648764900.0,1786287712.001774,1,1.2089,0.1496,,0.857,0.032,0.282,NOMINAL,NOMINAL,TRIGGERED,1,omni_p6
1648765800.0,1786287712.127794,1,1.1883,0.1507,,0.884,0.0501,1.25,NOMINAL,PRE_ALERT,TRIGGERED,2,omni_p6
1648766700.0,1786287712.252747,1,1.201,0.1458,,0.866,0.0512,1.258,PRE_ALERT,NOMINAL,NORMAL,0,
1648767600.0,1786287712.376785,1,1.1877,0.1424,,0.885,0.0319,0.306,NOMINAL,NOMINAL,NORMAL,0,
1648768500.0,1786287712.5018573,1,1.221,0.1454,,0.865,0.0313,0.346,NOMINAL,NOMINAL,NORMAL,0,
1648769400.0,1786287712.6268597,1,1.1841,0.1474,,0.867,0.0311,0.342,NOMINAL,NOMINAL,NORMAL,0,
1648770300.0,1786287712.7513502,1,1.1548,0.1407,,0.689,0.0288,0.266,NOMINAL,NOMINAL,NORMAL,0,
1648771200.0,1786287712.8768077,1,1.0796,0.1302,0.5989,0.674,0.0294,0.273,NOMINAL,NOMINAL,TRIGGERED,1,omni_p6
1648772100.0,1786287713.002026,1,1.0621,0.1667,,0.602,0.0448,1.187,NOMINAL,PRE_ALERT,TRIGGERED,2,omni_p6
1648773000.0,1786287713.1270802,1,1.1172,0.1359,,0.646,0.0442,1.139,PRE_ALERT,NOMINAL,NORMAL,0,
1648773900.0,1786287713.2510269,1,1.038,0.1338,,0.608,0.0263,0.241,NOMINAL,NOMINAL,NORMAL,0,
1648774800.0,1786287713.375833,1,1.0084,0.1346,,0.511,0.0231,0.223,NOMINAL,NOMINAL,NORMAL,0,
1648775700.0,1786287713.5011652,1,1.0347,0.1963,,0.645,0.0275,0.256,NOMINAL,NOMINAL,NORMAL,0,
1648776600.0,1786287713.6261685,1,1.0549,0.132,,0.679,0.0289,0.272,NOMINAL,NOMINAL,NORMAL,0,
1648777500.0,1786287713.7508612,1,0.9688,0.127,,0.566,0.0235,0.245,NOMINAL,NOMINAL,TRIGGERED,1,omni_p6
1648778400.0,1786287713.8766134,1,0.9225,0.1263,,0.485,0.0383,1.182,NOMINAL,PRE_ALERT,TRIGGERED,2,omni_p6
1648779300.0,1786287714.0016804,1,0.9665,0.1299,,0.575,0.0363,1.061,PRE_ALERT,NOMINAL,NORMAL,0,
1648780200.0,1786287714.125864,1,0.9758,0.1315,,0.6,0.0242,0.238,NOMINAL,NOMINAL,NORMAL,0,
1648781100.0,1786287714.2508898,1,0.9257,0.1274,,0.616,0.0232,0.246,NOMINAL,NOMINAL,NORMAL,0,
1648782000.0,1786287714.3757935,1,0.9209,0.1262,,0.564,0.0219,0.231,NOMINAL,NOMINAL,NORMAL,0,
1648782900.0,1786287714.500989,1,0.9264,0.1274,,0.705,0.0253,0.247,NOMINAL,NOMINAL,NORMAL,0,
1648783800.0,1786287714.6260955,1,1.0779,0.1305,,0.649,0.0244,0.248,NOMINAL,NOMINAL,TRIGGERED,1,omni_p6
1648784700.0,1786287714.7508101,1,0.9336,0.1232,,0.571,0.0231,0.232,NOMINAL,NOMINAL,NORMAL,0,
1648785600.0,1786287714.8758287,1,0.9706,0.1274,,0.527,0.0223,0.236,NOMINAL,NOMINAL,NORMAL,0,
1648786500.0,1786287715.000787,1,0.9173,0.1242,,0.572,0.0225,0.234,NOMINAL,NOMINAL,NORMAL,0,
1648787400.0,1786287715.1258128,1,0.9295,0.1253,,0.601,0.0231,0.235,NOMINAL,NOMINAL,NORMAL,0,
1648788300.0,1786287715.2508383,1,0.9034,0.1252,,0.615,0.0239,0.234,NOMINAL,NOMINAL,NORMAL,0,
1648789200.0,1786287715.3757944,1,0.9191,0.1221,,0.563,0.0218,0.235,NOMINAL,NOMINAL,NORMAL,0,
1648790100.0,1786287715.5019922,1,1.2009,0.1441,,0.752,0.0319,0.609,NOMINAL,NOMINAL,NORMAL,0,
1648791000.0,1786287715.6263278,1,1.1308,0.1426,,0.684,0.0279,0.271,NOMINAL,NOMINAL,NORMAL,0,
1648791900.0,1786287715.7510965,1,1.0734,0.1341,,0.592,0.0271,0.263,NOMINAL,NOMINAL,NORMAL,0,
1648792800.0,1786287715.875826,1,1.0043,0.1324,,0.505,0.0234,0.24,NOMINAL,NOMINAL,NORMAL,0,
1648793700.0,1786287716.0009577,1,0.9803,0.1307,,0.64,0.0256,0.241,NOMINAL,NOMINAL,NORMAL,0,
1648794600.0,1786287716.1258686,1,0.975,0.1284,,0.604,0.0244,0.239,NOMINAL,NOMINAL,NORMAL,0,
1648795500.0,1786287716.2508621,1,0.936,0.1251,,0.595,0.0244,0.24,NOMINAL,NOMINAL,NORMAL,0,
1648796400.0,1786287716.3759315,1,1.0328,0.1343,,0.548,0.0233,0.239,NOMINAL,NOMINAL,NORMAL,0,
1648797300.0,1786287716.5019321,1,1.1717,0.1403,,0.784,0.0311,0.622,NOMINAL,NOMINAL,NORMAL,0,
1648798200.0,1786287716.6262505,1,1.117,0.1361,,0.671,0.0286,0.262,NOMINAL,NOMINAL,NORMAL,0,
1648799100.0,1786287716.7511647,1,1.0804,0.1351,,0.633,0.0277,0.267,NOMINAL,NOMINAL,NORMAL,0,
1648800000.0,1786287716.8757718,1,0.9913,0.132,,0.485,0.0227,0.235,NOMINAL,NOMINAL,TRIGGERED,1,omni_p6
1648800900.0,1786287717.000775,1,0.9325,0.1237,,0.569,0.023,0.233,NOMINAL,NOMINAL,NORMAL,0,
1648801800.0,1786287717.1261158,1,0.975,0.1251,,0.832,0.0238,0.243,NOMINAL,NOMINAL,NORMAL,0,
1648802700.0,1786287717.2507772,1,0.9064,0.1261,,0.578,0.0232,0.231,NOMINAL,NOMINAL,NORMAL,0,
1648803600.0,1786287717.3759835,1,0.9338,0.126,,0.734,0.024,0.236,NOMINAL,NOMINAL,NORMAL,0,
1648804500.0,1786287717.5008564,1,0.9302,0.1249,,0.616,0.0239,0.24,NOMINAL,NOMINAL,NORMAL,0,
1648805400.0,1786287717.625886,1,0.9562,0.1289,,0.61,0.0226,0.233,NOMINAL,NOMINAL,TRIGGERED,1,omni_p6
1648806300.0,1786287717.752375,1,1.0082,0.1345,,0.651,0.0442,1.553,NOMINAL,PRE_ALERT,TRIGGERED,2,omni_p6
1648807200.0,1786287717.8767488,1,1.041,0.1327,,0.535,0.0381,1.065,PRE_ALERT,NOMINAL,NORMAL,0,
1648808100.0,1786287718.000883,1,0.9751,0.1283,,0.593,0.0236,0.244,NOMINAL,NOMINAL,NORMAL,0,
1648809000.0,1786287718.125766,1,0.9453,0.1235,,0.576,0.0235,0.233,NOMINAL,NOMINAL,NORMAL,0,
1648809900.0,1786287718.2508178,1,0.8986,0.1254,,0.6,0.0232,0.243,NOMINAL,NOMINAL,NORMAL,0,
1648810800.0,1786287718.3757825,1,0.9355,0.1264,,0.555,0.0212,0.231,NOMINAL,NOMINAL,NORMAL,0,
1648811700.0,1786287718.5010853,1,0.9914,0.1592,,0.646,0.0273,0.266,NOMINAL,NOMINAL,TRIGGERED,1,omni_p6
1648812600.0,1786287718.6260247,1,1.0082,0.1314,,0.635,0.0259,0.252,NOMINAL,NOMINAL,NORMAL,0,
1648813500.0,1786287718.7509606,1,1.0005,0.1295,,0.598,0.0238,0.252,NOMINAL,NOMINAL,NORMAL,0,
1648814400.0,1786287718.8756537,1,0.9504,0.1251,,0.457,0.0221,0.226,NOMINAL,NOMINAL,NORMAL,0,
1648815300.0,1786287719.0006418,1,0.8923,0.1209,,0.52,0.0205,0.219,NOMINAL,NOMINAL,NORMAL,0,
1648816200.0,1786287719.1257675,1,0.9234,0.1213,,0.586,0.0236,0.236,NOMINAL,NOMINAL,NORMAL,0,
1648817100.0,1786287719.2507977,1,0.9012,0.1279,,0.58,0.0236,0.233,NOMINAL,NOMINAL,TRIGGERED,1,omni_p6
1648818000.0,1786287719.3767793,1,1.0471,0.1371,,0.464,0.0361,1.168,NOMINAL,PRE_ALERT,TRIGGERED,2,omni_p6
1648818900.0,1786287719.5019057,1,1.0429,0.1613,,0.609,0.04,1.078,PRE_ALERT,NOMINAL,NORMAL,0,
1648819800.0,1786287719.6260831,1,1.0684,0.1335,,0.63,0.0244,0.243,NOMINAL,NOMINAL,NORMAL,0,
1648820700.0,1786287719.7508786,1,1.017,0.1315,,0.537,0.0207,0.224,NOMINAL,NOMINAL,NORMAL,0,
1648821600.0,1786287719.8756835,1,0.962,0.1268,,0.474,0.0199,0.206,NOMINAL,NOMINAL,NORMAL,0,
1648822500.0,1786287720.0007038,1,0.9072,0.1205,,0.549,0.0219,0.223,NOMINAL,NOMINAL,NORMAL,0,
1648823400.0,1786287720.12629,1,1.1372,0.1413,,0.677,0.0284,0.26,NOMINAL,NOMINAL,TRIGGERED,1,omni_p6
1648824300.0,1786287720.2518766,1,0.9859,0.1292,,0.602,0.0435,1.172,NOMINAL,PRE_ALERT,TRIGGERED,2,omni_p6
1648825200.0,1786287720.376801,1,1.065,0.135,,0.539,0.0349,1.031,PRE_ALERT,NOMINAL,NORMAL,0,
1648826100.0,1786287720.5018122,1,1.2166,0.1449,,0.848,0.0345,0.293,NOMINAL,NOMINAL,NORMAL,0,
1648827000.0,1786287720.626291,1,1.1151,0.1356,,0.652,0.0808,0.316,NOMINAL,NOMINAL,NORMAL,0,
1648827900.0,1786287720.7510383,1,1.0592,0.1367,,0.602,0.0264,0.253,NOMINAL,NOMINAL,NORMAL,0,
1648828800.0,1786287720.8759446,1,1.0722,0.136,,0.501,0.0231,0.237,NOMINAL,NOMINAL,NORMAL,0,
1648829700.0,1786287721.0008638,1,1.0232,0.1317,,0.508,0.0205,0.217,NOMINAL,NOMINAL,NORMAL,0,
1648830600.0,1786287721.1258676,1,0.994,0.1285,,0.59,0.0248,0.236,NOMINAL,NOMINAL,NORMAL,0,
1648831500.0,1786287721.2508934,1,0.9548,0.1279,,0.608,0.0246,0.24,NOMINAL,NOMINAL,NORMAL,0,
1648832400.0,1786287721.3757665,1,0.9579,0.1246,,0.521,0.022,0.225,NOMINAL,NOMINAL,NORMAL,0,
1648833300.0,1786287721.5015876,1,1.2066,0.1404,,0.699,0.028,0.282,NOMINAL,NOMINAL,NORMAL,0,
1648834200.0,1786287721.6262145,1,1.1174,0.1381,,0.622,0.0246,0.252,NOMINAL,NOMINAL,NORMAL,0,
1648835100.0,1786287721.750828,1,0.9846,0.1277,,0.531,0.0193,0.218,NOMINAL,NOMINAL,NORMAL,0,
1648836000.0,1786287721.8759055,1,1.0766,0.1358,,0.478,0.019,0.205,NOMINAL,NOMINAL,NORMAL,0,
1648836900.0,1786287722.0006924,1,0.9555,0.1263,,0.506,0.0174,0.193,NOMINAL,NOMINAL,NORMAL,0,
1648837800.0,1786287722.1258426,1,0.9779,0.1284,,0.573,0.023,0.231,NOMINAL,NOMINAL,NORMAL,0,
1648838700.0,1786287722.250794,1,0.931,0.1243,,0.556,0.0233,0.235,NOMINAL,NOMINAL,NORMAL,0,
1648839600.0,1786287722.375752,1,0.9751,0.1307,,0.48,0.0197,0.219,NOMINAL,NOMINAL,NORMAL,0,
1648840500.0,1786287722.500842,1,0.9434,0.1236,,0.592,0.0228,0.233,NOMINAL,NOMINAL,NORMAL,0,
1648841400.0,1786287722.6258328,1,0.9513,0.1232,,0.584,0.0221,0.227,NOMINAL,NOMINAL,NORMAL,0,
1648842300.0,1786287722.7507641,1,0.9072,0.1209,,0.565,0.0221,0.227,NOMINAL,NOMINAL,NORMAL,0,
1648843200.0,1786287722.8758357,1,1.0222,0.1309,,0.501,0.02,0.211,NOMINAL,NOMINAL,NORMAL,0,
1648844100.0,1786287723.000631,1,0.9445,0.1288,,0.464,0.0156,0.188,NOMINAL,NOMINAL,NORMAL,0,
1648845000.0,1786287723.125852,1,0.9311,0.1209,,0.653,0.0218,0.266,NOMINAL,NOMINAL,NORMAL,0,
1648845900.0,1786287723.2508454,1,0.9116,0.1193,,0.621,0.0236,0.235,NOMINAL,NOMINAL,NORMAL,0,
1648846800.0,1786287723.3757014,1,0.9413,0.1227,,0.496,0.0194,0.209,NOMINAL,NOMINAL,NORMAL,0,
1648847700.0,1786287723.501133,1,1.0114,0.157,,0.657,0.0273,0.252,NOMINAL,NOMINAL,NORMAL,0,
1648848600.0,1786287723.6259317,1,1.001,0.1295,,0.587,0.0257,0.235,NOMINAL,NOMINAL,NORMAL,0,
1648849500.0,1786287723.7507665,1,0.9611,0.1262,,0.522,0.0205,0.214,NOMINAL,NOMINAL,NORMAL,0,
1648850400.0,1786287723.8758903,1,1.0431,0.1328,,0.52,0.0216,0.198,NOMINAL,NOMINAL,TRIGGERED,1,omni_p6
1648851300.0,1786287724.00077,1,0.9529,0.1238,,0.554,0.0203,0.21,NOMINAL,NOMINAL,NORMAL,0,
1648852200.0,1786287724.1257172,1,0.9385,0.1249,,0.545,0.0216,0.227,NOMINAL,NOMINAL,NORMAL,0,
1648853100.0,1786287724.2508326,1,0.9159,0.1252,,0.609,0.0224,0.232,NOMINAL,NOMINAL,NORMAL,0,
1648854000.0,1786287724.3758152,1,0.9583,0.1235,,0.545,0.0225,0.224,NOMINAL,NOMINAL,NORMAL,0,
1648854900.0,1786287724.5008633,1,0.935,0.1257,,0.594,0.0243,0.237,NOMINAL,NOMINAL,NORMAL,0,
1648855800.0,1786287724.6258564,1,0.9562,0.1205,,0.596,0.0235,0.23,NOMINAL,NOMINAL,NORMAL,0,
1648856700.0,1786287724.7507322,1,0.8973,0.1216,,0.553,0.0218,0.227,NOMINAL,NOMINAL,TRIGGERED,1,omni_p6
1648857600.0,1786287724.8766334,1,1.0326,0.1251,0.5846,0.513,0.0202,0.323,NOMINAL,NOMINAL,NORMAL,0,
1648858500.0,1786287725.0012712,1,1.3286,0.1352,,0.586,0.0252,0.237,NOMINAL,NOMINAL,NORMAL,0,
1648859400.0,1786287725.1257653,1,0.9772,0.1245,,0.543,0.024,0.227,NOMINAL,NOMINAL,NORMAL,0,
1648860300.0,1786287725.2509363,1,0.9631,0.1293,,0.624,0.0244,0.24,NOMINAL,NOMINAL,NORMAL,0,
1648861200.0,1786287725.3759122,1,0.9905,0.1297,,0.528,0.0233,0.303,NOMINAL,NOMINAL,NORMAL,0,
1648862100.0,1786287725.5016668,1,1.2177,0.1479,,0.735,0.0282,0.267,NOMINAL,NOMINAL,TRIGGERED,1,omni_p6
1648863000.0,1786287725.627124,1,1.1182,0.1385,,0.634,0.0415,1.183,NOMINAL,PRE_ALERT,TRIGGERED,2,omni_p6
1648863900.0,1786287725.7520666,1,1.0871,0.1341,,0.592,0.0394,1.248,PRE_ALERT,NOMINAL,NORMAL,0,
1648864800.0,1786287725.8759112,1,1.0714,0.1347,,0.531,0.0211,0.222,NOMINAL,NOMINAL,NORMAL,0,
1648865700.0,1786287726.000771,1,0.978,0.1298,,0.536,0.0185,0.199,NOMINAL,NOMINAL,NORMAL,0,
1648866600.0,1786287726.125693,1,0.9502,0.1263,,0.531,0.0196,0.202,NOMINAL,NOMINAL,NORMAL,0,
1648867500.0,1786287726.2508407,1,0.9128,0.1235,,0.617,0.0237,0.232,NOMINAL,NOMINAL,NORMAL,0,
1648868400.0,1786287726.3757513,1,0.9502,0.1273,,0.524,0.019,0.204,NOMINAL,NOMINAL,TRIGGERED,1,omni_p6
1648869300.0,1786287726.5029423,1,1.1878,0.1468,,0.831,0.0769,1.53,NOMINAL,PRE_ALERT,TRIGGERED,2,omni_p6
1648870200.0,1786287726.627283,1,1.1689,0.1375,,0.707,0.057,1.159,PRE_ALERT,NOMINAL,NORMAL,0,
1648871100.0,1786287726.751026,1,1.0635,0.1378,,0.588,0.0258,0.228,NOMINAL,NOMINAL,NORMAL,0,
1648872000.0,1786287726.8757832,1,1.017,0.133,,0.503,0.0211,0.207,NOMINAL,NOMINAL,NORMAL,0,
1648872900.0,1786287727.0008898,1,1.0341,0.1635,,0.509,0.0203,0.2,NOMINAL,NOMINAL,NORMAL,0,
1648873800.0,1786287727.1258836,1,1.0086,0.1341,,0.609,0.0225,0.231,NOMINAL,NOMINAL,NORMAL,0,
1648874700.0,1786287727.250958,1,0.9818,0.1317,,0.628,0.0242,0.231,NOMINAL,NOMINAL,NORMAL,0,
1648875600.0,1786287727.3762684,1,1.1586,0.1393,,0.579,0.0435,0.243,NOMINAL,NOMINAL,NORMAL,0,
1648876500.0,1786287727.5008655,1,1.0203,0.1335,,0.501,0.0226,0.217,NOMINAL,NOMINAL,NORMAL,0,
1648877400.0,1786287727.6261036,1,1.0358,0.1345,,0.677,0.0248,0.272,NOMINAL,NOMINAL,NORMAL,0,
1648878300.0,1786287727.750796,1,0.9501,0.1289,,0.566,0.0217,0.227,NOMINAL,NOMINAL,NORMAL,0,
1648879200.0,1786287727.875582,1,0.9297,0.1324,,0.445,0.0172,0.18,NOMINAL,NOMINAL,NORMAL,0,
1648880100.0,1786287728.0007584,1,1.0097,0.1311,,0.493,0.0147,0.167,NOMINAL,NOMINAL,NORMAL,0,
1648881000.0,1786287728.1257234,1,0.9985,0.1302,,0.503,0.02,0.198,NOMINAL,NOMINAL,NORMAL,0,
1648881900.0,1786287728.2508945,1,0.9752,0.1326,,0.582,0.0228,0.238,NOMINAL,NOMINAL,NORMAL,0,
1648882800.0,1786287728.3757465,1,0.9779,0.1333,,0.506,0.0212,0.209,NOMINAL,NOMINAL,NORMAL,0,
1648883700.0,1786287728.500796,1,1.0144,0.1354,,0.473,0.0169,0.178,NOMINAL,NOMINAL,NORMAL,0,
1648884600.0,1786287728.625893,1,1.0125,0.1295,,0.59,0.0211,0.216,NOMINAL,NOMINAL,NORMAL,0,
1648885500.0,1786287728.7508118,1,0.9422,0.1332,,0.568,0.0215,0.224,NOMINAL,NOMINAL,NORMAL,0,
1648886400.0,1786287728.8758047,1,0.9744,0.1327,,0.487,0.0195,0.284,NOMINAL,NOMINAL,NORMAL,0,
1648887300.0,1786287729.0008173,1,0.9736,0.1317,,0.501,0.0208,0.273,NOMINAL,NOMINAL,NORMAL,0,
1648888200.0,1786287729.125832,1,0.997,0.1283,,0.521,0.0217,0.278,NOMINAL,NOMINAL,NORMAL,0,
1648889100.0,1786287729.25096,1,0.9444,0.1325,,0.597,0.0257,0.328,NOMINAL,NOMINAL,NORMAL,0,
1648890000.0,1786287729.375776,1,0.9465,0.1316,,0.49,0.0224,0.283,NOMINAL,NOMINAL,NORMAL,0,
1648890900.0,1786287729.500842,1,0.9682,0.1313,,0.533,0.0242,0.286,NOMINAL,NOMINAL,TRIGGERED,1,omni_p6
1648891800.0,1786287729.6259453,1,0.9982,0.1339,,0.557,0.0241,0.314,NOMINAL,NOMINAL,NORMAL,0,
1648892700.0,1786287729.7509031,1,0.9287,0.1291,,0.586,0.0251,0.313,NOMINAL,NOMINAL,NORMAL,0,
1648893600.0,1786287729.875781,1,0.9874,0.1335,,0.521,0.0224,0.208,NOMINAL,NOMINAL,NORMAL,0,
1648894500.0,1786287730.0008743,1,0.9748,0.1336,,0.56,0.0229,0.285,NOMINAL,NOMINAL,NORMAL,0,
1648895400.0,1786287730.126182,1,1.1187,0.1447,,0.602,0.0267,0.312,NOMINAL,NOMINAL,NORMAL,0,
1648896300.0,1786287730.2514675,1,1.1547,0.1463,,0.658,0.0289,0.338,NOMINAL,NOMINAL,TRIGGERED,1,omni_p6
1648897200.0,1786287730.3769,1,1.0317,0.1353,,0.499,0.0413,1.266,NOMINAL,PRE_ALERT,TRIGGERED,2,omni_p6
1648898100.0,1786287730.5026746,1,1.2554,0.1534,,0.721,0.0505,1.278,PRE_ALERT,NOMINAL,NORMAL,0,
1648899000.0,1786287730.6262474,1,1.1556,0.1449,,0.619,0.0284,0.252,NOMINAL,NOMINAL,NORMAL,0,
1648899900.0,1786287730.7510064,1,1.0554,0.1439,,0.568,0.0264,0.241,NOMINAL,NOMINAL,NORMAL,0,
1648900800.0,1786287730.8757057,1,1.0054,0.1327,,0.443,0.0169,0.182,NOMINAL,NOMINAL,NORMAL,0,
1648901700.0,1786287731.000804,1,1.0661,0.1687,,0.433,0.0166,0.167,NOMINAL,NOMINAL,NORMAL,0,
1648902600.0,1786287731.125796,1,1.0581,0.1383,,0.484,0.0182,0.192,NOMINAL,NOMINAL,TRIGGERED,1,omni_p6
1648903500.0,1786287731.2518768,1,0.9986,0.1349,,0.592,0.0436,1.172,NOMINAL,PRE_ALERT,TRIGGERED,2,omni_p6
1648904400.0,1786287731.3768368,1,1.1001,0.1421,,0.536,0.037,1.047,PRE_ALERT,NOMINAL,NORMAL,0,
1648905300.0,1786287731.5013502,1,1.2333,0.1467,,0.537,0.0222,0.214,NOMINAL,NOMINAL,NORMAL,0,
1648906200.0,1786287731.6261425,1,1.1459,0.1413,,0.602,0.0214,0.217,NOMINAL,NOMINAL,NORMAL,0,
1648907100.0,1786287731.7509565,1,1.0297,0.1388,,0.562,0.0238,0.232,NOMINAL,NOMINAL,NORMAL,0,
1648908000.0,1786287731.8756723,1,0.9799,0.1317,,0.442,0.0204,0.205,NOMINAL,NOMINAL,NORMAL,0,
1648908900.0,1786287732.0005653,1,0.9337,0.13,,0.46,0.0149,0.161,NOMINAL,NOMINAL,TRIGGERED,1,omni_p6
1648909800.0,1786287732.1268253,1,1.0786,0.1366,,0.512,0.0361,1.116,NOMINAL,PRE_ALERT,TRIGGERED,2,omni_p6
1648910700.0,1786287732.25113,1,1.076,0.1454,,0.613,0.0236,0.247,PRE_ALERT,PRE_ALERT,TRIGGERED,3,omni_p6
1648911600.0,1786287732.376855,1,1.0644,0.1368,,0.523,0.0388,1.144,PRE_ALERT,NOMINAL,NORMAL,0,
1648912500.0,1786287732.5008016,1,1.0188,0.1324,,0.507,0.0193,0.193,NOMINAL,NOMINAL,NORMAL,0,
1648913400.0,1786287732.6258407,1,1.0279,0.1345,,0.53,0.0216,0.209,NOMINAL,NOMINAL,TRIGGERED,1,omni_p6
1648914300.0,1786287732.7508206,1,0.9699,0.1308,,0.556,0.024,0.222,NOMINAL,NOMINAL,NORMAL,0,
1648915200.0,1786287732.8755975,1,0.9391,0.1307,,0.454,0.0166,0.172,NOMINAL,NOMINAL,TRIGGERED,1,omni_p6
1648916100.0,1786287733.0014744,1,0.9264,0.1275,,0.458,0.0312,1.078,NOMINAL,PRE_ALERT,TRIGGERED,2,omni_p6
1648917000.0,1786287733.1261168,1,1.1606,0.1411,,0.534,0.0213,0.208,PRE_ALERT,PRE_ALERT,TRIGGERED,3,omni_p6
1648917900.0,1786287733.252015,1,1.0977,0.1434,,0.607,0.0398,1.12,PRE_ALERT,NOMINAL,NORMAL,0,
1648918800.0,1786287733.3757856,1,1.0091,0.132,,0.501,0.0212,0.199,NOMINAL,NOMINAL,NORMAL,0,
1648919700.0,1786287733.5009327,1,1.0876,0.1751,,0.477,0.0207,0.191,NOMINAL,NOMINAL,TRIGGERED,1,omni_p6
1648920600.0,1786287733.6260014,1,1.0322,0.1335,,0.616,0.0243,0.242,NOMINAL,NOMINAL,NORMAL,0,
1648921500.0,1786287733.7509067,1,0.9735,0.1295,,0.606,0.0236,0.235,NOMINAL,NOMINAL,NORMAL,0,
1648922400.0,1786287733.8757045,1,0.9566,0.1349,,0.472,0.0209,0.216,NOMINAL,NOMINAL,TRIGGERED,1,omni_p6
1648923300.0,1786287734.0006928,1,0.9476,0.1291,,0.506,0.0182,0.195,NOMINAL,NOMINAL,NORMAL,0,
1648924200.0,1786287734.1259663,1,1.0732,0.1343,,0.544,0.0234,0.226,NOMINAL,NOMINAL,NORMAL,0,
1648925100.0,1786287734.2509308,1,0.981,0.134,,0.599,0.0252,0.236,NOMINAL,NOMINAL,NORMAL,0,
1648926000.0,1786287734.3758714,1,0.9834,0.1338,,0.562,0.0246,0.236,NOMINAL,NOMINAL,NORMAL,0,
1648926900.0,1786287734.5008395,1,0.9855,0.1309,,0.553,0.0215,0.216,NOMINAL,NOMINAL,NORMAL,0,
1648927800.0,1786287734.6259112,1,1.0101,0.1315,,0.594,0.0222,0.223,NOMINAL,NOMINAL,NORMAL,0,
1648928700.0,1786287734.750878,1,0.945,0.1289,,0.608,0.0229,0.236,NOMINAL,NOMINAL,TRIGGERED,1,omni_p6
1648929600.0,1786287734.875561,1,0.906,0.1264,,0.462,0.0173,0.194,NOMINAL,NOMINAL,NORMAL,0,
1648930500.0,1786287735.000556,1,0.8902,0.1243,,0.474,0.0168,0.187,NOMINAL,NOMINAL,NORMAL,0,
1648931400.0,1786287735.1259367,1,1.05,0.1305,,0.554,0.0225,0.22,NOMINAL,NOMINAL,NORMAL,0,
1648932300.0,1786287735.2511141,1,0.995,0.133,,0.771,0.0254,0.234,NOMINAL,NOMINAL,NORMAL,0,
1648933200.0,1786287735.375935,1,0.9796,0.1315,,0.621,0.0277,0.236,NOMINAL,NOMINAL,NORMAL,0,
1648934100.0,1786287735.5019197,1,1.2781,0.153,,0.845,0.0335,0.306,NOMINAL,NOMINAL,NORMAL,0,
1648935000.0,1786287735.6262612,1,1.1617,0.1391,,0.638,0.028,0.255,NOMINAL,NOMINAL,NORMAL,0,
1648935900.0,1786287735.7510684,1,1.0461,0.1398,,0.653,0.0254,0.247,NOMINAL,NOMINAL,TRIGGERED,1,omni_p6
1648936800.0,1786287735.8757777,1,1.0186,0.1326,,0.493,0.0203,0.202,NOMINAL,NOMINAL,NORMAL,0,
1648937700.0,1786287736.0006008,1,0.9601,0.1312,,0.45,0.0159,0.164,NOMINAL,NOMINAL,NORMAL,0,
1648938600.0,1786287736.1258714,1,1.0593,0.1369,,0.508,0.0216,0.211,NOMINAL,NOMINAL,NORMAL,0,
1648939500.0,1786287736.2507858,1,0.9643,0.132,,0.555,0.0238,0.226,NOMINAL,NOMINAL,NORMAL,0,
1648940400.0,1786287736.3758347,1,0.9723,0.1326,,0.571,0.0246,0.226,NOMINAL,NOMINAL,NORMAL,0,
1648941300.0,1786287736.5012825,1,1.1739,0.1405,,0.541,0.0204,0.213,NOMINAL,NOMINAL,TRIGGERED,1,omni_p6
1648942200.0,1786287736.6270552,1,1.1486,0.1389,,0.565,0.0389,1.155,NOMINAL,PRE_ALERT,TRIGGERED,2,omni_p6
1648943100.0,1786287736.7520258,1,1.1094,0.1415,,0.627,0.043,1.107,PRE_ALERT,NOMINAL,NORMAL,0,
1648944000.0,1786287736.8764434,1,1.0346,0.1303,0.6142,0.472,0.0191,0.192,NOMINAL,NOMINAL,NORMAL,0,
1648944900.0,1786287737.0006056,1,0.9595,0.1275,,0.457,0.0148,0.164,NOMINAL,NOMINAL,NORMAL,0,
1648945800.0,1786287737.125747,1,1.0349,0.1307,,0.472,0.0193,0.187,NOMINAL,NOMINAL,NORMAL,0,
1648946700.0,1786287737.2510571,1,1.0735,0.1495,,0.572,0.023,0.235,NOMINAL,NOMINAL,NORMAL,0,
1648947600.0,1786287737.3759637,1,1.0372,0.1389,,0.584,0.0235,0.237,NOMINAL,NOMINAL,TRIGGERED,1,omni_p6
1648948500.0,1786287737.5017283,1,1.0159,0.1383,,0.505,0.0342,1.121,NOMINAL,PRE_ALERT,TRIGGERED,2,omni_p6
1648949400.0,1786287737.6268103,1,1.0912,0.1342,,0.576,0.0359,1.029,PRE_ALERT,NOMINAL,NORMAL,0,
1648950300.0,1786287737.7509167,1,0.9954,0.1313,,0.59,0.0231,0.234,NOMINAL,NOMINAL,NORMAL,0,
1648951200.0,1786287737.8755627,1,0.9425,0.1294,,0.429,0.0168,0.18,NOMINAL,NOMINAL,NORMAL,0,
1648952100.0,1786287738.0005724,1,0.9432,0.1268,,0.447,0.0148,0.154,NOMINAL,NOMINAL,NORMAL,0,
1648953000.0,1786287738.1255841,1,0.9567,0.1291,,0.455,0.0172,0.179,NOMINAL,NOMINAL,NORMAL,0,
1648953900.0,1786287738.2510388,1,1.0449,0.1408,,0.584,0.0227,0.228,NOMINAL,NOMINAL,TRIGGERED,1,omni_p6
1648954800.0,1786287738.3759272,1,1.0227,0.1348,,0.564,0.0221,0.224,NOMINAL,NOMINAL,NORMAL,0,
1648955700.0,1786287738.5009239,1,1.0661,0.1636,,0.49,0.0196,0.192,NOMINAL,NOMINAL,NORMAL,0,
1648956600.0,1786287738.6258647,1,1.0516,0.1346,,0.524,0.0207,0.203,NOMINAL,NOMINAL,NORMAL,0,
1648957500.0,1786287738.7508202,1,0.965,0.1303,,0.561,0.0217,0.214,NOMINAL,NOMINAL,NORMAL,0,
1648958400.0,1786287738.8756387,1,0.9365,0.1279,,0.495,0.0181,0.191,NOMINAL,NOMINAL,NORMAL,0,
1648959300.0,1786287739.0005655,1,0.9048,0.1254,,0.469,0.0159,0.177,NOMINAL,NOMINAL,NORMAL,0,
1648960200.0,1786287739.1258252,1,1.0337,0.1306,,0.513,0.0188,0.194,NOMINAL,NOMINAL,NORMAL,0,
1648961100.0,1786287739.2510273,1,1.0512,0.1355,,0.593,0.0234,0.228,NOMINAL,NOMINAL,NORMAL,0,
1648962000.0,1786287739.3759394,1,1.0151,0.1359,,0.589,0.0219,0.228,NOMINAL,NOMINAL,NORMAL,0,
1648962900.0,1786287739.5008788,1,1.0368,0.1626,,0.484,0.0209,0.207,NOMINAL,NOMINAL,NORMAL,0,
1648963800.0,1786287739.6258862,1,1.0438,0.1342,,0.54,0.0206,0.209,NOMINAL,NOMINAL,NORMAL,0,
1648964700.0,1786287739.7509212,1,0.9762,0.1309,,0.609,0.0242,0.236,NOMINAL,NOMINAL,NORMAL,0,
1648965600.0,1786287739.8756626,1,0.9828,0.1287,,0.456,0.017,0.187,NOMINAL,NOMINAL,NORMAL,0,
1648966500.0,1786287740.00057,1,0.9383,0.1277,,0.454,0.0158,0.161,NOMINAL,NOMINAL,NORMAL,0,
1648967400.0,1786287740.12566,1,0.9544,0.1278,,0.497,0.0194,0.2,NOMINAL,NOMINAL,NORMAL,0,
1648968300.0,1786287740.2510653,1,1.0893,0.1413,,0.568,0.0247,0.228,NOMINAL,NOMINAL,NORMAL,0,
1648969200.0,1786287740.3759472,1,1.0156,0.1378,,0.588,0.0249,0.234,NOMINAL,NOMINAL,NORMAL,0,
1648970100.0,1786287740.501394,1,1.2614,0.1449,,0.527,0.0193,0.194,NOMINAL,NOMINAL,NORMAL,0,
1648971000.0,1786287740.626061,1,1.1426,0.1383,,0.549,0.0207,0.205,NOMINAL,NOMINAL,NORMAL,0,
1648971900.0,1786287740.751119,1,1.0927,0.1379,,0.63,0.0242,0.237,NOMINAL,NOMINAL,NORMAL,0,
1648972800.0,1786287740.8756802,1,0.9819,0.131,,0.459,0.0184,0.198,NOMINAL,NOMINAL,NORMAL,0,
1648973700.0,1786287741.0007198,1,0.9459,0.13,,0.483,0.0147,0.261,NOMINAL,NOMINAL,NORMAL,0,
1648974600.0,1786287741.1257417,1,1.0372,0.1325,,0.476,0.0164,0.177,NOMINAL,NOMINAL,NORMAL,0,
1648975500.0,1786287741.251065,1,1.0643,0.1382,,0.599,0.0224,0.235,NOMINAL,NOMINAL,NORMAL,0,
1648976400.0,1786287741.3759863,1,1.0422,0.1404,,0.586,0.0245,0.236,NOMINAL,NOMINAL,TRIGGERED,1,omni_p6
1648977300.0,1786287741.5013194,1,1.2275,0.1413,,0.535,0.0175,0.193,NOMINAL,NOMINAL,NORMAL,0,
1648978200.0,1786287741.6260161,1,1.1282,0.1406,,0.534,0.0186,0.193,NOMINAL,NOMINAL,NORMAL,0,
1648979100.0,1786287741.750928,1,1.0212,0.1361,,0.577,0.0235,0.23,NOMINAL,NOMINAL,NORMAL,0,
1648980000.0,1786287741.8757327,1,0.9723,0.1324,,0.521,0.0202,0.206,NOMINAL,NOMINAL,NORMAL,0,
1648980900.0,1786287742.0007596,1,1.0105,0.1352,,0.484,0.0176,0.186,NOMINAL,NOMINAL,NORMAL,0,
1648981800.0,1786287742.1266484,1,1.2168,0.1489,,0.847,0.0275,0.246,NOMINAL,NOMINAL,TRIGGERED,1,omni_p6
1648982700.0,1786287742.2517662,1,1.0275,0.1362,,0.515,0.0397,1.145,NOMINAL,PRE_ALERT,TRIGGERED,2,omni_p6
1648983600.0,1786287742.3772871,1,1.17,0.1436,,0.68,0.0433,1.115,PRE_ALERT,NOMINAL,NORMAL,0,
1648984500.0,1786287742.5009499,1,1.0619,0.1674,,0.504,0.0215,0.211,NOMINAL,NOMINAL,NORMAL,0,
1648985400.0,1786287742.6258001,1,1.0205,0.1339,,0.498,0.0212,0.208,NOMINAL,NOMINAL,NORMAL,0,
1648986300.0,1786287742.7508523,1,0.9721,0.1289,,0.568,0.0207,0.228,NOMINAL,NOMINAL,NORMAL,0,
1648987200.0,1786287742.8757493,1,0.9955,0.1281,,0.472,0.021,0.217,NOMINAL,NOMINAL,NORMAL,0,
1648988100.0,1786287743.0006316,1,0.9518,0.1317,,0.468,0.0166,0.176,NOMINAL,NOMINAL,TRIGGERED,1,omni_p6
1648989000.0,1786287743.1265666,1,0.966,0.1304,,0.469,0.0351,1.109,NOMINAL,PRE_ALERT,TRIGGERED,2,omni_p6
1648989900.0,1786287743.251917,1,1.109,0.1402,,0.564,0.0385,1.058,PRE_ALERT,NOMINAL,NORMAL,0,
1648990800.0,1786287743.3762243,1,1.1076,0.1455,,0.63,0.0259,0.276,NOMINAL,NOMINAL,NORMAL,0,
1648991700.0,1786287743.500959,1,1.0709,0.1697,,0.5,0.0215,0.202,NOMINAL,NOMINAL,NORMAL,0,
1648992600.0,1786287743.6257544,1,1.0426,0.1356,,0.47,0.0177,0.174,NOMINAL,NOMINAL,NORMAL,0,
1648993500.0,1786287743.7509422,1,0.9822,0.136,,0.606,0.0232,0.238,NOMINAL,NOMINAL,TRIGGERED,1,omni_p6
1648994400.0,1786287743.876552,1,0.9353,0.1295,,0.459,0.034,1.142,NOMINAL,PRE_ALERT,TRIGGERED,2,omni_p6
1648995300.0,1786287744.0016437,1,1.0603,0.1595,,0.479,0.028,0.931,PRE_ALERT,NOMINAL,NORMAL,0,
1648996200.0,1786287744.1257923,1,1.0199,0.1321,,0.519,0.0202,0.208,NOMINAL,NOMINAL,NORMAL,0,
1648997100.0,1786287744.2508268,1,0.9895,0.1324,,0.536,0.0208,0.213,NOMINAL,NOMINAL,NORMAL,0,
1648998000.0,1786287744.3761668,1,1.0586,0.1375,,0.663,0.0256,0.264,NOMINAL,NOMINAL,NORMAL,0,
1648998900.0,1786287744.5008543,1,1.0089,0.1333,,0.541,0.023,0.216,NOMINAL,NOMINAL,NORMAL,0,
1648999800.0,1786287744.6256661,1,0.9782,0.1298,,0.468,0.0173,0.186,NOMINAL,NOMINAL,TRIGGERED,1,omni_p6
1649000700.0,1786287744.7518673,1,0.9661,0.1353,,0.635,0.0415,1.158,NOMINAL,PRE_ALERT,TRIGGERED,2,omni_p6
1649001600.0,1786287744.8767085,1,1.031,0.1368,,0.524,0.0332,1.047,PRE_ALERT,NOMINAL,NORMAL,0,
1649002500.0,1786287745.000779,1,0.9809,0.1308,,0.526,0.0214,0.215,NOMINAL,NOMINAL,NORMAL,0,
1649003400.0,1786287745.1256752,1,0.9534,0.125,,0.511,0.0217,0.214,NOMINAL,NOMINAL,NORMAL,0,
1649004300.0,1786287745.250759,1,0.9402,0.1247,,0.539,0.022,0.22,NOMINAL,NOMINAL,NORMAL,0,
1649005200.0,1786287745.3761876,1,1.0559,0.1377,,0.658,0.0277,0.29,NOMINAL,NOMINAL,NORMAL,0,
1649006100.0,1786287745.5018318,1,1.2741,0.1506,,0.773,0.0301,0.297,NOMINAL,NOMINAL,NORMAL,0,
1649007000.0,1786287745.6260662,1,1.1285,0.1417,,0.544,0.0242,0.236,NOMINAL,NOMINAL,NORMAL,0,
1649007900.0,1786287745.751075,1,1.0376,0.1375,,0.647,0.0257,0.254,NOMINAL,NOMINAL,NORMAL,0,
1649008800.0,1786287745.875748,1,0.9873,0.1337,,0.479,0.0234,0.233,NOMINAL,NOMINAL,NORMAL,0,
1649009700.0,1786287746.0006263,1,0.9431,0.1284,,0.463,0.0173,0.19,NOMINAL,NOMINAL,NORMAL,0,
1649010600.0,1786287746.1256404,1,0.9385,0.1295,,0.499,0.0202,0.213,NOMINAL,NOMINAL,NORMAL,0,
1649011500.0,1786287746.2508235,1,0.9189,0.1251,,0.532,0.0206,0.342,NOMINAL,NOMINAL,NORMAL,0,
1649012400.0,1786287746.3762093,1,1.0487,0.1402,,0.675,0.0287,0.29,NOMINAL,NOMINAL,NORMAL,0,
1649013300.0,1786287746.5013738,1,1.1951,0.1398,,0.581,0.0255,0.244,NOMINAL,NOMINAL,NORMAL,0,
1649014200.0,1786287746.626064,1,1.137,0.1397,,0.535,0.0212,0.221,NOMINAL,NOMINAL,NORMAL,0,
1649015100.0,1786287746.751134,1,1.0374,0.1362,,0.672,0.0269,0.256,NOMINAL,NOMINAL,NORMAL,0,
1649016000.0,1786287746.8757827,1,1.0031,0.1332,,0.497,0.0196,0.212,NOMINAL,NOMINAL,NORMAL,0,
1649016900.0,1786287747.0006325,1,0.9529,0.1291,,0.458,0.0168,0.186,NOMINAL,NOMINAL,NORMAL,0,
1649017800.0,1786287747.1257772,1,1.0007,0.1301,,0.519,0.021,0.211,NOMINAL,NOMINAL,NORMAL,0,
1649018700.0,1786287747.250645,1,0.9272,0.1296,,0.484,0.0202,0.201,NOMINAL,NOMINAL,NORMAL,0,
1649019600.0,1786287747.376226,1,1.0115,0.1347,,0.767,0.0286,0.296,NOMINAL,NOMINAL,NORMAL,0,
1649020500.0,1786287747.5008605,1,1.0191,0.1353,,0.511,0.0223,0.216,NOMINAL,NOMINAL,TRIGGERED,1,omni_p6
1649021400.0,1786287747.625736,1,0.9998,0.1311,,0.486,0.0226,0.201,NOMINAL,NOMINAL,NORMAL,0,
1649022300.0,1786287747.7510004,1,0.9719,0.1317,,0.657,0.0254,0.248,NOMINAL,NOMINAL,NORMAL,0,
1649023200.0,1786287747.8756793,1,0.9329,0.1277,,0.518,0.0209,0.212,NOMINAL,NOMINAL,NORMAL,0,
1649024100.0,1786287748.000786,1,0.9914,0.1314,,0.511,0.0198,0.201,NOMINAL,NOMINAL,NORMAL,0,
1649025000.0,1786287748.1257157,1,0.9556,0.1304,,0.53,0.0206,0.209,NOMINAL,NOMINAL,NORMAL,0,
1649025900.0,1786287748.2506137,1,0.9052,0.1257,,0.489,0.0184,0.195,NOMINAL,NOMINAL,NORMAL,0,
1649026800.0,1786287748.3759162,1,0.9482,0.1322,,0.623,0.0235,0.237,NOMINAL,NOMINAL,TRIGGERED,1,omni_p6
1649027700.0,1786287748.5021286,1,1.122,0.1433,,0.541,0.0409,1.163,NOMINAL,PRE_ALERT,TRIGGERED,2,omni_p6
1649028600.0,1786287748.62675,1,1.1213,0.1395,,0.504,0.031,0.972,PRE_ALERT,NOMINAL,NORMAL,0,
1649029500.0,1786287748.751042,1,1.0205,0.1343,,0.64,0.0236,0.246,NOMINAL,NOMINAL,NORMAL,0,
1649030400.0,1786287748.8763678,1,0.9751,0.1276,0.5951,0.497,0.02,0.21,NOMINAL,NOMINAL,NORMAL,0,
