08-09-2026 19:44:52 RAM 2985/7620MB (lfb 19x4MB) SWAP 2/12002MB (cached 0MB) CPU [4%@1510,2%@1510,8%@1510,17%@1510,3%@729,6%@729] GR3D_FREQ 11% cpu@48.312C soc2@47.593C soc0@46.125C gpu@47.562C tj@48.312C soc1@46.125C VDD_IN 4545mW/4545mW VDD_CPU_GPU_CV 835mW/835mW VDD_SOC 1395mW/1395mW
08-09-2026 19:44:53 RAM 2985/7620MB (lfb 19x4MB) SWAP 2/12002MB (cached 0MB) CPU [3%@729,1%@729,19%@729,1%@729,1%@729,1%@729] GR3D_FREQ 8% cpu@48.5C soc2@47.5C soc0@46.281C gpu@47.812C tj@48.5C soc1@45.937C VDD_IN 4465mW/4505mW VDD_CPU_GPU_CV 796mW/815mW VDD_SOC 1355mW/1375mW
08-09-2026 19:44:54 RAM 2985/7620MB (lfb 19x4MB) SWAP 2/12002MB (cached 0MB) CPU [3%@729,2%@729,3%@729,13%@729,2%@729,1%@729] GR3D_FREQ 11% cpu@48.718C soc2@47.531C soc0@46.125C gpu@47.812C tj@48.718C soc1@46C VDD_IN 4465mW/4491mW VDD_CPU_GPU_CV 756mW/795mW VDD_SOC 1395mW/1381mW
08-09-2026 19:44:55 RAM 2985/7620MB (lfb 19x4MB) SWAP 2/12002MB (cached 0MB) CPU [5%@729,1%@729,4%@729,14%@729,0%@729,0%@729] GR3D_FREQ 12% cpu@48.25C soc2@47.593C soc0@46.218C gpu@47.812C tj@48.25C soc1@46.156C VDD_IN 4465mW/4485mW VDD_CPU_GPU_CV 756mW/785mW VDD_SOC 1355mW/1375mW
08-09-2026 19:44:56 RAM 2985/7620MB (lfb 19x4MB) SWAP 2/12002MB (cached 0MB) CPU [4%@1510,2%@1510,13%@1510,1%@1510,0%@729,7%@729] GR3D_FREQ 8% cpu@48.437C soc2@47.562C soc0@46.312C gpu@47.812C tj@48.437C soc1@46.062C VDD_IN 4472mW/4482mW VDD_CPU_GPU_CV 756mW/779mW VDD_SOC 1355mW/1371mW
08-09-2026 19:44:57 RAM 2985/7620MB (lfb 19x4MB) SWAP 2/12002MB (cached 0MB) CPU [4%@1510,2%@1510,4%@1510,8%@1510,7%@729,8%@729] GR3D_FREQ 8% cpu@48.562C soc2@47.593C soc0@46.187C gpu@47.593C tj@48.656C soc1@45.875C VDD_IN 4505mW/4486mW VDD_CPU_GPU_CV 796mW/782mW VDD_SOC 1355mW/1368mW
08-09-2026 19:44:58 RAM 2985/7620MB (lfb 19x4MB) SWAP 2/12002MB (cached 0MB) CPU [4%@1510,2%@1510,4%@1510,1%@1510,19%@729,1%@729] GR3D_FREQ 7% cpu@48.406C soc2@47.5C soc0@46.125C gpu@47.656C tj@48.406C soc1@45.968C VDD_IN 4385mW/4471mW VDD_CPU_GPU_CV 756mW/778mW VDD_SOC 1315mW/1360mW
08-09-2026 19:44:59 RAM 2985/7620MB (lfb 19x4MB) SWAP 2/12002MB (cached 0MB) CPU [5%@1510,0%@1510,0%@1510,1%@1510,19%@729,0%@729] GR3D_FREQ 7% cpu@48.312C soc2@47.562C soc0@46.156C gpu@47.781C tj@48.312C soc1@46.062C VDD_IN 4346mW/4456mW VDD_CPU_GPU_CV 717mW/771mW VDD_SOC 1315mW/1355mW
08-09-2026 19:45:00 RAM 2985/7620MB (lfb 19x4MB) SWAP 2/12002MB (cached 0MB) CPU [4%@1510,3%@1510,1%@1510,0%@1510,18%@729,0%@729] GR3D_FREQ 10% cpu@48.312C soc2@47.593C soc0@46.187C gpu@47.843C tj@48.437C soc1@46.125C VDD_IN 4353mW/4444mW VDD_CPU_GPU_CV 717mW/765mW VDD_SOC 1315mW/1350mW
08-09-2026 19:45:01 RAM 2985/7620MB (lfb 19x4MB) SWAP 2/12002MB (cached 0MB) CPU [5%@729,8%@729,5%@729,1%@729,10%@729,1%@729] GR3D_FREQ 7% cpu@48.312C soc2@47.562C soc0@46.312C gpu@47.812C tj@48.312C soc1@46.031C VDD_IN 4306mW/4430mW VDD_CPU_GPU_CV 756mW/764mW VDD_SOC 1315mW/1347mW
08-09-2026 19:45:02 RAM 2985/7620MB (lfb 19x4MB) SWAP 2/12002MB (cached 0MB) CPU [4%@729,2%@729,15%@729,0%@729,0%@729,9%@729] GR3D_FREQ 7% cpu@48.562C soc2@47.5C soc0@46.187C gpu@47.625C tj@48.562C soc1@45.968C VDD_IN 4353mW/4423mW VDD_CPU_GPU_CV 716mW/759mW VDD_SOC 1355mW/1347mW
08-09-2026 19:45:03 RAM 2985/7620MB (lfb 19x4MB) SWAP 2/12002MB (cached 0MB) CPU [4%@729,1%@729,4%@729,11%@729,1%@729,6%@729] GR3D_FREQ 10% cpu@48.281C soc2@47.5C soc0@46.125C gpu@47.593C tj@48.281C soc1@46.093C VDD_IN 4346mW/4417mW VDD_CPU_GPU_CV 716mW/756mW VDD_SOC 1355mW/1348mW
08-09-2026 19:45:04 RAM 2985/7620MB (lfb 19x4MB) SWAP 2/12002MB (cached 0MB) CPU [2%@729,3%@729,1%@729,15%@729,1%@729,4%@729] GR3D_FREQ 13% cpu@48.343C soc2@47.593C soc0@46.125C gpu@47.687C tj@48.343C soc1@46.187C VDD_IN 4385mW/4414mW VDD_CPU_GPU_CV 756mW/756mW VDD_SOC 1355mW/1348mW
08-09-2026 19:45:05 RAM 2985/7620MB (lfb 19x4MB) SWAP 2/12002MB (cached 0MB) CPU [11%@1510,8%@1510,2%@1510,8%@1510,1%@729,1%@729] GR3D_FREQ 7% cpu@48.406C soc2@47.531C soc0@46.187C gpu@47.937C tj@48.406C soc1@45.968C VDD_IN 4346mW/4409mW VDD_CPU_GPU_CV 756mW/756mW VDD_SOC 1315mW/1346mW
08-09-2026 19:45:06 RAM 2985/7620MB (lfb 19x4MB) SWAP 2/12002MB (cached 0MB) CPU [4%@729,19%@729,2%@729,1%@729,0%@729,1%@729] GR3D_FREQ 18% cpu@48.687C soc2@47.562C soc0@46.093C gpu@47.906C tj@48.687C soc1@45.968C VDD_IN 4306mW/4402mW VDD_CPU_GPU_CV 716mW/753mW VDD_SOC 1315mW/1344mW
08-09-2026 19:45:07 RAM 2985/7620MB (lfb 19x4MB) SWAP 2/12002MB (cached 0MB) CPU [4%@729,3%@729,2%@729,6%@729,2%@729,12%@729] GR3D_FREQ 7% cpu@48.343C soc2@47.593C soc0@46.187C gpu@47.625C tj@48.343C soc1@46.093C VDD_IN 4385mW/4401mW VDD_CPU_GPU_CV 756mW/753mW VDD_SOC 1355mW/1345mW
08-09-2026 19:45:08 RAM 2985/7620MB (lfb 19x4MB) SWAP 2/12002MB (cached 0MB) CPU [4%@1510,2%@1510,4%@1510,20%@1510,1%@729,0%@729] GR3D_FREQ 17% cpu@48.437C soc2@47.625C soc0@46.218C gpu@47.718C tj@48.437C soc1@46.093C VDD_IN 4425mW/4403mW VDD_CPU_GPU_CV 756mW/753mW VDD_SOC 1355mW/1345mW
08-09-2026 19:45:09 RAM 2985/7620MB (lfb 19x4MB) SWAP 2/12002MB (cached 0MB) CPU [3%@1510,2%@1510,2%@1510,17%@1510,0%@729,1%@729] GR3D_FREQ 8% cpu@48.625C soc2@47.5C soc0@46.312C gpu@47.656C tj@48.625C soc1@45.937C VDD_IN 4465mW/4406mW VDD_CPU_GPU_CV 756mW/753mW VDD_SOC 1395mW/1348mW
08-09-2026 19:45:10 RAM 2985/7620MB (lfb 19x4MB) SWAP 2/12002MB (cached 0MB) CPU [2%@729,2%@729,2%@729,12%@729,1%@729,6%@729] GR3D_FREQ 8% cpu@48.281C soc2@47.531C soc0@46.125C gpu@48.062C tj@48.281C soc1@46.031C VDD_IN 4465mW/4409mW VDD_CPU_GPU_CV 756mW/753mW VDD_SOC 1395mW/1350mW
08-09-2026 19:45:11 RAM 2985/7620MB (lfb 19x4MB) SWAP 2/12002MB (cached 0MB) CPU [3%@729,2%@729,2%@729,6%@729,1%@729,12%@729] GR3D_FREQ 8% cpu@48.5C soc2@47.562C soc0@46.156C gpu@48.062C tj@48.5C soc1@46.062C VDD_IN 4465mW/4412mW VDD_CPU_GPU_CV 756mW/754mW VDD_SOC 1395mW/1353mW
08-09-2026 19:45:12 RAM 2985/7620MB (lfb 19x4MB) SWAP 2/12002MB (cached 0MB) CPU [2%@729,3%@729,1%@729,16%@729,1%@729,0%@729] GR3D_FREQ 6% cpu@48.343C soc2@47.562C soc0@46.156C gpu@47.531C tj@48.593C soc1@46.281C VDD_IN 4505mW/4416mW VDD_CPU_GPU_CV 756mW/754mW VDD_SOC 1395mW/1355mW
08-09-2026 19:45:13 RAM 2985/7620MB (lfb 19x4MB) SWAP 2/12002MB (cached 0MB) CPU [2%@729,2%@729,3%@729,3%@729,1%@729,14%@729] GR3D_FREQ 6% cpu@48.468C soc2@47.531C soc0@46.281C gpu@47.75C tj@48.468C soc1@45.875C VDD_IN 4505mW/4420mW VDD_CPU_GPU_CV 756mW/754mW VDD_SOC 1395mW/1356mW
08-09-2026 19:45:14 RAM 2985/7620MB (lfb 19x4MB) SWAP 2/12002MB (cached 0MB) CPU [3%@1510,2%@1510,2%@1510,0%@1510,1%@729,17%@729] GR3D_FREQ 7% cpu@48.687C soc2@47.593C soc0@46.093C gpu@47.75C tj@48.687C soc1@46C VDD_IN 4472mW/4423mW VDD_CPU_GPU_CV 756mW/754mW VDD_SOC 1395mW/1358mW
08-09-2026 19:45:15 RAM 2985/7620MB (lfb 19x4MB) SWAP 2/12002MB (cached 0MB) CPU [4%@729,1%@729,3%@729,0%@729,1%@729,16%@729] GR3D_FREQ 12% cpu@48.562C soc2@47.593C soc0@46.156C gpu@47.75C tj@48.25C soc1@46.031C VDD_IN 4465mW/4424mW VDD_CPU_GPU_CV 756mW/754mW VDD_SOC 1395mW/1360mW
08-09-2026 19:45:16 RAM 2985/7620MB (lfb 19x4MB) SWAP 2/12002MB (cached 0MB) CPU [4%@729,3%@729,1%@729,0%@729,1%@729,16%@729] GR3D_FREQ 10% cpu@48.343C soc2@47.625C soc0@46.187C gpu@47.781C tj@48.343C soc1@46.156C VDD_IN 4465mW/4426mW VDD_CPU_GPU_CV 756mW/754mW VDD_SOC 1395mW/1361mW
08-09-2026 19:45:17 RAM 2985/7620MB (lfb 19x4MB) SWAP 2/12002MB (cached 0MB) CPU [4%@729,1%@729,2%@729,1%@1510,1%@729,17%@729] GR3D_FREQ 7% cpu@48.562C soc2@47.593C soc0@46.281C gpu@47.531C tj@48.562C soc1@46C VDD_IN 4465mW/4427mW VDD_CPU_GPU_CV 756mW/754mW VDD_SOC 1395mW/1362mW
08-09-2026 19:45:18 RAM 2985/7620MB (lfb 19x4MB) SWAP 2/12002MB (cached 0MB) CPU [4%@729,1%@729,5%@729,1%@729,2%@729,18%@729] GR3D_FREQ 11% cpu@48.437C soc2@47.562C soc0@46.375C gpu@47.625C tj@48.343C soc1@46C VDD_IN 4465mW/4429mW VDD_CPU_GPU_CV 756mW/754mW VDD_SOC 1355mW/1362mW
08-09-2026 19:45:19 RAM 2985/7620MB (lfb 19x4MB) SWAP 2/12002MB (cached 0MB) CPU [4%@729,2%@729,6%@729,1%@729,0%@729,12%@729] GR3D_FREQ 11% cpu@48.656C soc2@47.531C soc0@46.125C gpu@47.593C tj@48.656C soc1@46.062C VDD_IN 4465mW/4430mW VDD_CPU_GPU_CV 756mW/754mW VDD_SOC 1395mW/1363mW
08-09-2026 19:45:20 RAM 2985/7620MB (lfb 19x4MB) SWAP 2/12002MB (cached 0MB) CPU [4%@729,5%@729,8%@729,0%@729,0%@729,11%@729] GR3D_FREQ 8% cpu@48.562C soc2@47.687C soc0@46.25C gpu@47.75C tj@48.562C soc1@46.156C VDD_IN 4425mW/4430mW VDD_CPU_GPU_CV 756mW/754mW VDD_SOC 1355mW/1363mW
08-09-2026 19:45:21 RAM 2985/7620MB (lfb 19x4MB) SWAP 2/12002MB (cached 0MB) CPU [4%@729,2%@729,2%@729,0%@729,2%@729,16%@729] GR3D_FREQ 13% cpu@48.343C soc2@47.687C soc0@46.312C gpu@47.781C tj@48.625C soc1@45.968C VDD_IN 4425mW/4430mW VDD_CPU_GPU_CV 756mW/754mW VDD_SOC 1355mW/1363mW
08-09-2026 19:45:22 RAM 2985/7620MB (lfb 19x4MB) SWAP 2/12002MB (cached 0MB) CPU [3%@729,2%@729,21%@729,2%@729,4%@729,3%@729] GR3D_FREQ 11% cpu@48.531C soc2@47.562C soc0@46.218C gpu@47.812C tj@48.531C soc1@45.968C VDD_IN 4465mW/4431mW VDD_CPU_GPU_CV 796mW/756mW VDD_SOC 1355mW/1362mW
08-09-2026 19:45:23 RAM 2985/7620MB (lfb 19x4MB) SWAP 2/12002MB (cached 0MB) CPU [4%@1510,2%@1510,9%@1510,1%@1510,2%@729,12%@729] GR3D_FREQ 8% cpu@48.312C soc2@47.562C soc0@46.156C gpu@47.593C tj@48.312C soc1@45.937C VDD_IN 4465mW/4432mW VDD_CPU_GPU_CV 756mW/756mW VDD_SOC 1355mW/1362mW
08-09-2026 19:45:24 RAM 2985/7620MB (lfb 19x4MB) SWAP 2/12002MB (cached 0MB) CPU [6%@729,12%@729,1%@729,0%@729,1%@729,6%@729] GR3D_FREQ 8% cpu@48.375C soc2@47.562C soc0@46.187C gpu@47.656C tj@48.375C soc1@46.062C VDD_IN 4465mW/4433mW VDD_CPU_GPU_CV 756mW/756mW VDD_SOC 1355mW/1362mW
08-09-2026 19:45:25 RAM 2985/7620MB (lfb 19x4MB) SWAP 2/12002MB (cached 0MB) CPU [4%@729,7%@729,12%@729,0%@729,1%@729,1%@729] GR3D_FREQ 8% cpu@48.468C soc2@47.562C soc0@46.218C gpu@47.562C tj@48.468C soc1@46.25C VDD_IN 4425mW/4433mW VDD_CPU_GPU_CV 756mW/756mW VDD_SOC 1355mW/1362mW
08-09-2026 19:45:26 RAM 2985/7620MB (lfb 19x4MB) SWAP 2/12002MB (cached 0MB) CPU [2%@1510,4%@1510,18%@1510,1%@1510,1%@729,0%@729] GR3D_FREQ 7% cpu@48.625C soc2@47.593C soc0@46.187C gpu@47.625C tj@48.625C soc1@45.968C VDD_IN 4432mW/4433mW VDD_CPU_GPU_CV 756mW/756mW VDD_SOC 1355mW/1361mW
08-09-2026 19:45:27 RAM 2985/7620MB (lfb 19x4MB) SWAP 2/12002MB (cached 0MB) CPU [5%@1510,2%@1510,16%@1510,0%@1510,2%@729,0%@729] GR3D_FREQ 8% cpu@48.281C soc2@47.562C soc0@46.125C gpu@47.812C tj@48.281C soc1@46.031C VDD_IN 4392mW/4431mW VDD_CPU_GPU_CV 757mW/756mW VDD_SOC 1355mW/1361mW
08-09-2026 19:45:28 RAM 2985/7620MB (lfb 19x4MB) SWAP 2/12002MB (cached 0MB) CPU [4%@729,1%@729,15%@729,7%@729,1%@729,0%@729] GR3D_FREQ 7% cpu@48.375C soc2@47.531C soc0@46.25C gpu@47.843C tj@48.375C soc1@46.062C VDD_IN 4346mW/4429mW VDD_CPU_GPU_CV 756mW/756mW VDD_SOC 1355mW/1361mW
08-09-2026 19:45:29 RAM 2985/7620MB (lfb 19x4MB) SWAP 2/12002MB (cached 0MB) CPU [2%@729,3%@729,0%@729,11%@729,6%@729,0%@729] GR3D_FREQ 7% cpu@48.562C soc2@47.625C soc0@46.25C gpu@47.812C tj@48.562C soc1@46.25C VDD_IN 4346mW/4427mW VDD_CPU_GPU_CV 716mW/755mW VDD_SOC 1315mW/1360mW
08-09-2026 19:45:30 RAM 2985/7620MB (lfb 19x4MB) SWAP 2/12002MB (cached 0MB) CPU [4%@729,2%@729,2%@729,1%@729,17%@729,1%@729] GR3D_FREQ 7% cpu@48.343C soc2@47.593C soc0@46.312C gpu@47.656C tj@48.343C soc1@46.031C VDD_IN 4346mW/4425mW VDD_CPU_GPU_CV 716mW/754mW VDD_SOC 1315mW/1359mW
08-09-2026 19:45:31 RAM 2985/7620MB (lfb 19x4MB) SWAP 2/12002MB (cached 0MB) CPU [3%@729,2%@729,3%@729,0%@729,17%@729,0%@729] GR3D_FREQ 7% cpu@48.781C soc2@47.531C soc0@46.125C gpu@47.625C tj@48.781C soc1@46.156C VDD_IN 4346mW/4423mW VDD_CPU_GPU_CV 716mW/753mW VDD_SOC 1315mW/1358mW
08-09-2026 19:45:32 RAM 2985/7620MB (lfb 19x4MB) SWAP 2/12002MB (cached 0MB) CPU [4%@1510,1%@1510,2%@1510,1%@1510,17%@729,0%@729] GR3D_FREQ 7% cpu@48.312C soc2@47.593C soc0@46.156C gpu@47.687C tj@48.312C soc1@46.093C VDD_IN 4385mW/4422mW VDD_CPU_GPU_CV 716mW/752mW VDD_SOC 1355mW/1357mW
08-09-2026 19:45:33 RAM 2985/7620MB (lfb 19x4MB) SWAP 2/12002MB (cached 0MB) CPU [4%@729,1%@729,1%@729,2%@729,16%@729,0%@729] GR3D_FREQ 13% cpu@48.406C soc2@47.562C soc0@46.281C gpu@48.031C tj@48.406C soc1@46.218C VDD_IN 4346mW/4420mW VDD_CPU_GPU_CV 716mW/751mW VDD_SOC 1315mW/1356mW
08-09-2026 19:45:34 RAM 2985/7620MB (lfb 19x4MB) SWAP 2/12002MB (cached 0MB) CPU [3%@1510,1%@1510,2%@1510,11%@1510,13%@729,0%@729] GR3D_FREQ 13% cpu@48.531C soc2@47.562C soc0@46.312C gpu@47.937C tj@48.531C soc1@46C VDD_IN 4346mW/4418mW VDD_CPU_GPU_CV 756mW/751mW VDD_SOC 1315mW/1355mW
08-09-2026 19:45:35 RAM 2985/7620MB (lfb 19x4MB) SWAP 2/12002MB (cached 0MB) CPU [3%@1510,2%@1510,3%@1510,4%@1510,13%@729,1%@729] GR3D_FREQ 13% cpu@48.343C soc2@47.531C soc0@46C gpu@48.031C tj@48.343C soc1@46.093C VDD_IN 4346mW/4417mW VDD_CPU_GPU_CV 716mW/750mW VDD_SOC 1315mW/1355mW
08-09-2026 19:45:36 RAM 2985/7620MB (lfb 19x4MB) SWAP 2/12002MB (cached 0MB) CPU [4%@729,2%@729,2%@729,1%@729,19%@729,0%@729] GR3D_FREQ 14% cpu@48.312C soc2@47.437C soc0@46.218C gpu@48C tj@48.312C soc1@46.093C VDD_IN 4306mW/4414mW VDD_CPU_GPU_CV 716mW/749mW VDD_SOC 1315mW/1354mW
08-09-2026 19:45:37 RAM 2985/7620MB (lfb 19x4MB) SWAP 2/12002MB (cached 0MB) CPU [4%@729,1%@729,3%@729,2%@729,17%@729,1%@729] GR3D_FREQ 7% cpu@48.281C soc2@47.562C soc0@46.312C gpu@47.593C tj@48.281C soc1@46.093C VDD_IN 4346mW/4413mW VDD_CPU_GPU_CV 756mW/749mW VDD_SOC 1315mW/1353mW
08-09-2026 19:45:38 RAM 2985/7620MB (lfb 19x4MB) SWAP 2/12002MB (cached 0MB) CPU [3%@729,1%@729,2%@729,9%@729,6%@729,7%@729] GR3D_FREQ 14% cpu@48.375C soc2@47.531C soc0@46.312C gpu@47.718C tj@48.75C soc1@45.968C VDD_IN 4465mW/4414mW VDD_CPU_GPU_CV 756mW/750mW VDD_SOC 1355mW/1353mW
08-09-2026 19:45:39 RAM 2985/7620MB (lfb 19x4MB) SWAP 2/12002MB (cached 0MB) CPU [4%@1510,2%@1510,2%@1510,16%@1510,0%@729,0%@729] GR3D_FREQ 7% cpu@48.562C soc2@47.468C soc0@46.156C gpu@47.593C tj@48.562C soc1@46.031C VDD_IN 4465mW/4415mW VDD_CPU_GPU_CV 756mW/750mW VDD_SOC 1395mW/1354mW
08-09-2026 19:45:40 RAM 2985/7620MB (lfb 19x4MB) SWAP 2/12002MB (cached 0MB) CPU [5%@729,2%@729,3%@729,20%@729,0%@729,0%@729] GR3D_FREQ 6% cpu@48.281C soc2@47.625C soc0@46.25C gpu@48.031C tj@48.281C soc1@46.062C VDD_IN 4465mW/4416mW VDD_CPU_GPU_CV 756mW/750mW VDD_SOC 1355mW/1354mW
08-09-2026 19:45:41 RAM 2985/7620MB (lfb 19x4MB) SWAP 2/12002MB (cached 0MB) CPU [4%@729,1%@729,1%@729,18%@729,1%@729,0%@729] GR3D_FREQ 7% cpu@48.343C soc2@47.656C soc0@46.281C gpu@47.562C tj@48.343C soc1@46.25C VDD_IN 4465mW/4417mW VDD_CPU_GPU_CV 756mW/750mW VDD_SOC 1355mW/1354mW
08-09-2026 19:45:42 RAM 2985/7620MB (lfb 19x4MB) SWAP 2/12002MB (cached 0MB) CPU [5%@1510,2%@1510,3%@1510,7%@1510,1%@729,5%@729] GR3D_FREQ 11% cpu@48.5C soc2@47.531C soc0@46.281C gpu@47.468C tj@48.5C soc1@45.937C VDD_IN 4465mW/4418mW VDD_CPU_GPU_CV 756mW/750mW VDD_SOC 1355mW/1354mW
08-09-2026 19:45:43 RAM 2985/7620MB (lfb 19x4MB) SWAP 2/12002MB (cached 0MB) CPU [5%@1510,2%@1510,1%@1510,0%@1510,0%@729,14%@729] GR3D_FREQ 9% cpu@48.656C soc2@47.5C soc0@46.156C gpu@47.718C tj@48.656C soc1@46.062C VDD_IN 4472mW/4419mW VDD_CPU_GPU_CV 756mW/750mW VDD_SOC 1395mW/1355mW
08-09-2026 19:45:44 RAM 2985/7620MB (lfb 19x4MB) SWAP 2/12002MB (cached 0MB) CPU [3%@1510,1%@1510,2%@1510,3%@1510,1%@729,14%@729] GR3D_FREQ 6% cpu@48.312C soc2@47.625C soc0@46.218C gpu@47.687C tj@48.312C soc1@46.187C VDD_IN 4465mW/4420mW VDD_CPU_GPU_CV 756mW/750mW VDD_SOC 1395mW/1355mW
08-09-2026 19:45:45 RAM 2985/7620MB (lfb 19x4MB) SWAP 2/12002MB (cached 0MB) CPU [3%@729,2%@729,4%@729,9%@729,2%@729,4%@729] GR3D_FREQ 11% cpu@48.406C soc2@47.656C soc0@46.218C gpu@47.593C tj@48.406C soc1@46.093C VDD_IN 4465mW/4421mW VDD_CPU_GPU_CV 756mW/750mW VDD_SOC 1395mW/1356mW
08-09-2026 19:45:46 RAM 2985/7620MB (lfb 19x4MB) SWAP 2/12002MB (cached 0MB) CPU [2%@1510,3%@1510,1%@1510,17%@1510,1%@729,0%@729] GR3D_FREQ 11% cpu@48.531C soc2@47.5C soc0@46.406C gpu@47.531C tj@48.531C soc1@45.968C VDD_IN 4465mW/4421mW VDD_CPU_GPU_CV 756mW/750mW VDD_SOC 1395mW/1357mW
08-09-2026 19:45:47 RAM 2985/7620MB (lfb 19x4MB) SWAP 2/12002MB (cached 0MB) CPU [6%@729,5%@729,0%@729,12%@729,1%@729,1%@729] GR3D_FREQ 11% cpu@48.437C soc2@47.593C soc0@46.218C gpu@47.625C tj@48.437C soc1@46.031C VDD_IN 4465mW/4422mW VDD_CPU_GPU_CV 756mW/751mW VDD_SOC 1395mW/1357mW
08-09-2026 19:45:48 RAM 2985/7620MB (lfb 19x4MB) SWAP 2/12002MB (cached 0MB) CPU [15%@1510,8%@1510,2%@1510,4%@1510,0%@729,0%@729] GR3D_FREQ 13% cpu@48.281C soc2@47.593C soc0@46.281C gpu@47.75C tj@48.312C soc1@46.156C VDD_IN 4385mW/4421mW VDD_CPU_GPU_CV 756mW/751mW VDD_SOC 1355mW/1357mW
08-09-2026 19:45:49 RAM 2985/7620MB (lfb 19x4MB) SWAP 2/12002MB (cached 0MB) CPU [3%@729,2%@729,3%@729,18%@729,2%@729,0%@729] GR3D_FREQ 13% cpu@48.406C soc2@47.5C soc0@46.281C gpu@47.75C tj@48.406C soc1@46.093C VDD_IN 4385mW/4421mW VDD_CPU_GPU_CV 756mW/751mW VDD_SOC 1355mW/1357mW
08-09-2026 19:45:50 RAM 2985/7620MB (lfb 19x4MB) SWAP 2/12002MB (cached 0MB) CPU [5%@729,1%@729,1%@729,4%@729,15%@729,0%@729] GR3D_FREQ 7% cpu@48.812C soc2@47.562C soc0@46.312C gpu@47.781C tj@48.812C soc1@45.968C VDD_IN 4353mW/4420mW VDD_CPU_GPU_CV 716mW/750mW VDD_SOC 1355mW/1357mW
08-09-2026 19:45:51 RAM 2985/7620MB (lfb 19x4MB) SWAP 2/12002MB (cached 0MB) CPU [2%@1510,1%@1510,2%@1510,0%@1510,19%@729,0%@729] GR3D_FREQ 15% cpu@48.593C soc2@47.656C soc0@46.187C gpu@47.5C tj@48.593C soc1@46.125C VDD_IN 4385mW/4419mW VDD_CPU_GPU_CV 716mW/750mW VDD_SOC 1355mW/1357mW
08-09-2026 19:45:52 RAM 2985/7620MB (lfb 19x4MB) SWAP 2/12002MB (cached 0MB) CPU [4%@729,1%@729,4%@729,1%@729,19%@729,0%@729] GR3D_FREQ 9% cpu@48.312C soc2@47.625C soc0@46.218C gpu@47.562C tj@48.312C soc1@46.062C VDD_IN 4385mW/4418mW VDD_CPU_GPU_CV 756mW/750mW VDD_SOC 1355mW/1357mW
08-09-2026 19:45:53 RAM 2985/7620MB (lfb 19x4MB) SWAP 2/12002MB (cached 0MB) CPU [4%@729,2%@729,3%@729,1%@729,20%@729,0%@729] GR3D_FREQ 7% cpu@48.343C soc2@47.656C soc0@46.25C gpu@47.625C tj@48.343C soc1@46.156C VDD_IN 4353mW/4417mW VDD_CPU_GPU_CV 716mW/749mW VDD_SOC 1355mW/1357mW
08-09-2026 19:45:54 RAM 2985/7620MB (lfb 19x4MB) SWAP 2/12002MB (cached 0MB) CPU [4%@729,1%@729,2%@729,1%@729,17%@729,1%@729] GR3D_FREQ 8% cpu@48.437C soc2@47.468C soc0@46.437C gpu@47.843C tj@48.531C soc1@46C VDD_IN 4385mW/4417mW VDD_CPU_GPU_CV 756mW/749mW VDD_SOC 1355mW/1357mW
08-09-2026 19:45:55 RAM 2985/7620MB (lfb 19x4MB) SWAP 2/12002MB (cached 0MB) CPU [3%@1510,3%@1510,2%@1510,9%@1510,10%@729,0%@729] GR3D_FREQ 9% cpu@48.75C soc2@47.562C soc0@46.062C gpu@47.843C tj@48.75C soc1@46.031C VDD_IN 4385mW/4416mW VDD_CPU_GPU_CV 716mW/749mW VDD_SOC 1355mW/1357mW
08-09-2026 19:45:56 RAM 2985/7620MB (lfb 19x4MB) SWAP 2/12002MB (cached 0MB) CPU [25%@729,3%@729,1%@729,0%@729,1%@729,0%@729] GR3D_FREQ 17% cpu@48.281C soc2@47.656C soc0@46.281C gpu@47.625C tj@48.281C soc1@46.031C VDD_IN 4306mW/4415mW VDD_CPU_GPU_CV 716mW/748mW VDD_SOC 1315mW/1356mW
08-09-2026 19:45:57 RAM 2985/7620MB (lfb 19x4MB) SWAP 2/12002MB (cached 0MB) CPU [4%@1510,21%@1510,2%@1510,1%@1510,0%@729,1%@729] GR3D_FREQ 11% cpu@48.343C soc2@47.687C soc0@46.218C gpu@47.625C tj@48.343C soc1@45.968C VDD_IN 4346mW/4414mW VDD_CPU_GPU_CV 716mW/748mW VDD_SOC 1355mW/1356mW
08-09-2026 19:45:58 RAM 2985/7620MB (lfb 19x4MB) SWAP 2/12002MB (cached 0MB) CPU [3%@729,1%@729,3%@729,21%@729,2%@729,4%@729] GR3D_FREQ 11% cpu@48.656C soc2@47.687C soc0@46.343C gpu@47.593C tj@48.656C soc1@46.031C VDD_IN 4313mW/4412mW VDD_CPU_GPU_CV 716mW/747mW VDD_SOC 1315mW/1356mW
08-09-2026 19:45:59 RAM 2985/7620MB (lfb 19x4MB) SWAP 2/12002MB (cached 0MB) CPU [4%@729,1%@729,3%@729,16%@729,0%@729,5%@729] GR3D_FREQ 12% cpu@48.468C soc2@47.531C soc0@46.125C gpu@47.843C tj@48.468C soc1@46.093C VDD_IN 4273mW/4410mW VDD_CPU_GPU_CV 717mW/747mW VDD_SOC 1315mW/1355mW
08-09-2026 19:46:00 RAM 2985/7620MB (lfb 19x4MB) SWAP 2/12002MB (cached 0MB) CPU [6%@1510,2%@1510,3%@1510,40%@1510,1%@729,0%@729] GR3D_FREQ 13% cpu@48.406C soc2@47.562C soc0@46.25C gpu@47.875C tj@48.406C soc1@46.187C VDD_IN 4425mW/4410mW VDD_CPU_GPU_CV 796mW/747mW VDD_SOC 1355mW/1355mW
08-09-2026 19:46:01 RAM 2985/7620MB (lfb 19x4MB) SWAP 2/12002MB (cached 0MB) CPU [1%@729,43%@729,1%@729,6%@729,1%@729,0%@729] GR3D_FREQ 6% cpu@48.562C soc2@47.593C soc0@46.343C gpu@47.875C tj@48.562C soc1@46.125C VDD_IN 4465mW/4411mW VDD_CPU_GPU_CV 796mW/748mW VDD_SOC 1355mW/1355mW
08-09-2026 19:46:02 RAM 2985/7620MB (lfb 19x4MB) SWAP 2/12002MB (cached 0MB) CPU [3%@729,2%@729,9%@729,18%@729,20%@729,0%@729] GR3D_FREQ 13% cpu@48.406C soc2@47.468C soc0@46.312C gpu@48C tj@48.312C soc1@46.031C VDD_IN 4465mW/4412mW VDD_CPU_GPU_CV 796mW/749mW VDD_SOC 1355mW/1355mW
08-09-2026 19:46:03 RAM 2985/7620MB (lfb 19x4MB) SWAP 2/12002MB (cached 0MB) CPU [4%@1510,1%@1510,6%@1510,0%@1510,41%@729,1%@729] GR3D_FREQ 6% cpu@48.718C soc2@47.437C soc0@46.156C gpu@47.562C tj@48.718C soc1@46.093C VDD_IN 4505mW/4413mW VDD_CPU_GPU_CV 835mW/750mW VDD_SOC 1355mW/1355mW
08-09-2026 19:46:04 RAM 2985/7620MB (lfb 19x4MB) SWAP 2/12002MB (cached 0MB) CPU [3%@729,2%@729,50%@729,1%@729,1%@729,1%@729] GR3D_FREQ 13% cpu@48.375C soc2@47.562C soc0@46.218C gpu@47.656C tj@48.375C soc1@46.031C VDD_IN 4465mW/4414mW VDD_CPU_GPU_CV 835mW/751mW VDD_SOC 1355mW/1355mW
08-09-2026 19:46:05 RAM 2985/7620MB (lfb 19x4MB) SWAP 2/12002MB (cached 0MB) CPU [4%@729,1%@729,4%@729,2%@729,46%@729,0%@729] GR3D_FREQ 6% cpu@48.406C soc2@47.562C soc0@46.218C gpu@47.656C tj@48.406C soc1@46.187C VDD_IN 4505mW/4415mW VDD_CPU_GPU_CV 835mW/752mW VDD_SOC 1355mW/1355mW
08-09-2026 19:46:06 RAM 2985/7620MB (lfb 19x4MB) SWAP 2/12002MB (cached 0MB) CPU [4%@729,3%@729,12%@729,0%@729,34%@729,1%@729] GR3D_FREQ 7% cpu@48.468C soc2@47.531C soc0@46.343C gpu@47.968C tj@48.468C soc1@46.031C VDD_IN 4505mW/4416mW VDD_CPU_GPU_CV 835mW/753mW VDD_SOC 1355mW/1355mW
08-09-2026 19:46:07 RAM 2985/7620MB (lfb 19x4MB) SWAP 2/12002MB (cached 0MB) CPU [4%@729,1%@729,1%@729,1%@729,7%@729,43%@729] GR3D_FREQ 12% cpu@48.312C soc2@47.593C soc0@46.062C gpu@48C tj@48.312C soc1@45.906C VDD_IN 4465mW/4417mW VDD_CPU_GPU_CV 796mW/754mW VDD_SOC 1355mW/1355mW
08-09-2026 19:46:08 RAM 2985/7620MB (lfb 19x4MB) SWAP 2/12002MB (cached 0MB) CPU [3%@1510,1%@1510,3%@1510,1%@1510,29%@729,6%@729] GR3D_FREQ 7% cpu@48.437C soc2@47.562C soc0@46.125C gpu@48.031C tj@48.437C soc1@46.093C VDD_IN 4425mW/4417mW VDD_CPU_GPU_CV 756mW/754mW VDD_SOC 1355mW/1355mW
08-09-2026 19:46:09 RAM 2985/7620MB (lfb 19x4MB) SWAP 2/12002MB (cached 0MB) CPU [4%@1510,2%@1510,5%@1510,1%@1510,4%@729,19%@729] GR3D_FREQ 7% cpu@48.343C soc2@47.562C soc0@46.125C gpu@47.718C tj@48.343C soc1@46.25C VDD_IN 4385mW/4417mW VDD_CPU_GPU_CV 756mW/754mW VDD_SOC 1355mW/1355mW
08-09-2026 19:46:10 RAM 2985/7620MB (lfb 19x4MB) SWAP 2/12002MB (cached 0MB) CPU [3%@1510,1%@1510,3%@1510,4%@1510,2%@729,24%@729] GR3D_FREQ 7% cpu@48.625C soc2@47.437C soc0@46.187C gpu@47.593C tj@48.625C soc1@46C VDD_IN 4385mW/4416mW VDD_CPU_GPU_CV 756mW/754mW VDD_SOC 1355mW/1355mW
08-09-2026 19:46:11 RAM 2985/7620MB (lfb 19x4MB) SWAP 2/12002MB (cached 0MB) CPU [2%@729,1%@729,2%@729,1%@729,0%@729,28%@729] GR3D_FREQ 7% cpu@48.281C soc2@47.562C soc0@46.125C gpu@47.531C tj@48.281C soc1@45.968C VDD_IN 4425mW/4416mW VDD_CPU_GPU_CV 756mW/754mW VDD_SOC 1355mW/1355mW
08-09-2026 19:46:12 RAM 2985/7620MB (lfb 19x4MB) SWAP 2/12002MB (cached 0MB) CPU [4%@729,3%@729,11%@729,1%@729,0%@729,14%@729] GR3D_FREQ 10% cpu@48.375C soc2@47.562C soc0@46.156C gpu@47.468C tj@48.375C soc1@46.125C VDD_IN 4425mW/4416mW VDD_CPU_GPU_CV 756mW/754mW VDD_SOC 1355mW/1355mW
08-09-2026 19:46:13 RAM 2985/7620MB (lfb 19x4MB) SWAP 2/12002MB (cached 0MB) CPU [4%@729,2%@729,9%@729,16%@729,3%@729,0%@729] GR3D_FREQ 7% cpu@48.5C soc2@47.562C soc0@46.281C gpu@47.437C tj@48.5C soc1@46.156C VDD_IN 4425mW/4416mW VDD_CPU_GPU_CV 756mW/754mW VDD_SOC 1355mW/1355mW
08-09-2026 19:46:14 RAM 2985/7620MB (lfb 19x4MB) SWAP 2/12002MB (cached 0MB) CPU [5%@1510,23%@1510,4%@1510,7%@1510,1%@729,0%@729] GR3D_FREQ 8% cpu@48.468C soc2@47.437C soc0@46.156C gpu@47.718C tj@48.468C soc1@45.968C VDD_IN 4425mW/4417mW VDD_CPU_GPU_CV 756mW/754mW VDD_SOC 1355mW/1355mW
08-09-2026 19:46:15 RAM 2985/7620MB (lfb 19x4MB) SWAP 2/12002MB (cached 0MB) CPU [3%@1510,8%@1510,2%@1510,0%@1510,23%@729,2%@729] GR3D_FREQ 7% cpu@48.687C soc2@47.468C soc0@46.125C gpu@47.687C tj@48.687C soc1@46.125C VDD_IN 4425mW/4417mW VDD_CPU_GPU_CV 756mW/754mW VDD_SOC 1355mW/1355mW
08-09-2026 19:46:16 RAM 2985/7620MB (lfb 19x4MB) SWAP 2/12002MB (cached 0MB) CPU [5%@729,1%@729,2%@729,1%@729,26%@729,1%@729] GR3D_FREQ 10% cpu@48.218C soc2@47.625C soc0@46.187C gpu@47.5C tj@48.531C soc1@46.156C VDD_IN 4425mW/4417mW VDD_CPU_GPU_CV 756mW/754mW VDD_SOC 1355mW/1355mW
08-09-2026 19:46:17 RAM 2985/7620MB (lfb 19x4MB) SWAP 2/12002MB (cached 0MB) CPU [3%@1510,2%@1510,1%@1510,0%@1510,31%@729,0%@729] GR3D_FREQ 7% cpu@48.406C soc2@47.562C soc0@46.281C gpu@47.5C tj@48.406C soc1@46.218C VDD_IN 4425mW/4417mW VDD_CPU_GPU_CV 756mW/754mW VDD_SOC 1355mW/1355mW
08-09-2026 19:46:18 RAM 2985/7620MB (lfb 19x4MB) SWAP 2/12002MB (cached 0MB) CPU [2%@729,3%@729,3%@729,0%@729,22%@729,2%@729] GR3D_FREQ 17% cpu@48.5C soc2@47.531C soc0@46.281C gpu@47.562C tj@48.5C soc1@46.062C VDD_IN 4465mW/4417mW VDD_CPU_GPU_CV 756mW/754mW VDD_SOC 1395mW/1355mW
08-09-2026 19:46:19 RAM 2985/7620MB (lfb 19x4MB) SWAP 2/12002MB (cached 0MB) CPU [3%@1510,1%@1510,2%@1510,2%@1510,5%@729,12%@729] GR3D_FREQ 9% cpu@48.25C soc2@47.5C soc0@46.156C gpu@47.812C tj@48.25C soc1@46C VDD_IN 4465mW/4418mW VDD_CPU_GPU_CV 756mW/754mW VDD_SOC 1395mW/1356mW
08-09-2026 19:46:20 RAM 2985/7620MB (lfb 19x4MB) SWAP 2/12002MB (cached 0MB) CPU [5%@729,5%@729,3%@729,0%@729,0%@729,18%@729] GR3D_FREQ 11% cpu@48.343C soc2@47.562C soc0@46.156C gpu@47.875C tj@48.343C soc1@46.218C VDD_IN 4472mW/4419mW VDD_CPU_GPU_CV 756mW/754mW VDD_SOC 1395mW/1356mW
08-09-2026 19:46:21 RAM 2985/7620MB (lfb 19x4MB) SWAP 2/12002MB (cached 0MB) CPU [2%@729,0%@729,2%@729,1%@729,0%@729,16%@729] GR3D_FREQ 6% cpu@48.531C soc2@47.718C soc0@46.312C gpu@47.812C tj@48.531C soc1@46.281C VDD_IN 4465mW/4419mW VDD_CPU_GPU_CV 756mW/754mW VDD_SOC 1395mW/1357mW
08-09-2026 19:46:22 RAM 2985/7620MB (lfb 19x4MB) SWAP 2/12002MB (cached 0MB) CPU [2%@729,3%@729,4%@729,0%@729,1%@729,20%@729] GR3D_FREQ 9% cpu@48.687C soc2@47.468C soc0@46.406C gpu@47.593C tj@48.687C soc1@45.968C VDD_IN 4505mW/4420mW VDD_CPU_GPU_CV 756mW/754mW VDD_SOC 1395mW/1357mW
08-09-2026 19:46:23 RAM 2985/7620MB (lfb 19x4MB) SWAP 2/12002MB (cached 0MB) CPU [3%@1510,1%@1510,5%@1510,2%@1510,11%@729,7%@729] GR3D_FREQ 8% cpu@48.5C soc2@47.562C soc0@46.187C gpu@47.562C tj@48.343C soc1@46.125C VDD_IN 4472mW/4421mW VDD_CPU_GPU_CV 756mW/754mW VDD_SOC 1395mW/1358mW
08-09-2026 19:46:24 RAM 2985/7620MB (lfb 19x4MB) SWAP 2/12002MB (cached 0MB) CPU [3%@1510,1%@1510,2%@1510,0%@1510,15%@729,1%@729] GR3D_FREQ 8% cpu@48.937C soc2@47.562C soc0@46.156C gpu@47.812C tj@48.937C soc1@46.187C VDD_IN 4505mW/4421mW VDD_CPU_GPU_CV 756mW/754mW VDD_SOC 1395mW/1358mW
08-09-2026 19:46:25 RAM 2985/7620MB (lfb 19x4MB) SWAP 2/12002MB (cached 0MB) CPU [3%@1510,1%@1510,2%@1510,1%@1510,18%@729,0%@729] GR3D_FREQ 8% cpu@48.437C soc2@47.656C soc0@46.25C gpu@47.625C tj@48.437C soc1@46.187C VDD_IN 4465mW/4422mW VDD_CPU_GPU_CV 756mW/754mW VDD_SOC 1395mW/1358mW
08-09-2026 19:46:26 RAM 2985/7620MB (lfb 19x4MB) SWAP 2/12002MB (cached 0MB) CPU [2%@729,1%@729,13%@729,1%@729,8%@729,0%@729] GR3D_FREQ 6% cpu@48.593C soc2@47.656C soc0@46.343C gpu@47.593C tj@48.593C soc1@46.093C VDD_IN 4505mW/4423mW VDD_CPU_GPU_CV 756mW/754mW VDD_SOC 1395mW/1359mW
08-09-2026 19:46:27 RAM 2985/7620MB (lfb 19x4MB) SWAP 2/12002MB (cached 0MB) CPU [4%@729,3%@729,12%@729,1%@729,12%@729,2%@729] GR3D_FREQ 8% cpu@48.718C soc2@47.593C soc0@46.218C gpu@47.875C tj@48.718C soc1@46.093C VDD_IN 4465mW/4423mW VDD_CPU_GPU_CV 756mW/754mW VDD_SOC 1395mW/1359mW
08-09-2026 19:46:28 RAM 2985/7620MB (lfb 19x4MB) SWAP 2/12002MB (cached 0MB) CPU [3%@729,2%@729,14%@729,0%@729,12%@729,0%@729] GR3D_FREQ 8% cpu@48.406C soc2@47.656C soc0@46.218C gpu@47.843C tj@48.406C soc1@46.156C VDD_IN 4465mW/4424mW VDD_CPU_GPU_CV 756mW/754mW VDD_SOC 1355mW/1359mW
08-09-2026 19:46:29 RAM 2985/7620MB (lfb 19x4MB) SWAP 2/12002MB (cached 0MB) CPU [2%@729,2%@729,17%@729,6%@729,1%@729,1%@729] GR3D_FREQ 8% cpu@48.5C soc2@47.781C soc0@46.281C gpu@47.843C tj@48.5C soc1@46.312C VDD_IN 4425mW/4424mW VDD_CPU_GPU_CV 756mW/754mW VDD_SOC 1355mW/1359mW
08-09-2026 19:46:30 RAM 2985/7620MB (lfb 19x4MB) SWAP 2/12002MB (cached 0MB) CPU [6%@729,1%@729,2%@729,10%@729,9%@729,0%@729] GR3D_FREQ 8% cpu@48.562C soc2@47.5C soc0@46.375C gpu@47.875C tj@48.562C soc1@46.125C VDD_IN 4432mW/4424mW VDD_CPU_GPU_CV 756mW/754mW VDD_SOC 1355mW/1359mW
08-09-2026 19:46:31 RAM 2985/7620MB (lfb 19x4MB) SWAP 2/12002MB (cached 0MB) CPU [2%@729,2%@729,1%@729,11%@729,10%@729,0%@729] GR3D_FREQ 11% cpu@48.468C soc2@47.531C soc0@46.218C gpu@47.656C tj@48.406C soc1@46.218C VDD_IN 4425mW/4424mW VDD_CPU_GPU_CV 756mW/754mW VDD_SOC 1355mW/1359mW
08-09-2026 19:46:32 RAM 2985/7620MB (lfb 19x4MB) SWAP 2/12002MB (cached 0MB) CPU [4%@1510,1%@1510,5%@1510,18%@1510,1%@729,0%@729] GR3D_FREQ 7% cpu@48.75C soc2@47.687C soc0@46.187C gpu@47.718C tj@48.75C soc1@46.187C VDD_IN 4465mW/4424mW VDD_CPU_GPU_CV 756mW/754mW VDD_SOC 1395mW/1359mW
08-09-2026 19:46:33 RAM 2985/7620MB (lfb 19x4MB) SWAP 2/12002MB (cached 0MB) CPU [1%@729,1%@729,2%@729,14%@729,1%@729,1%@729] GR3D_FREQ 8% cpu@48.375C soc2@47.718C soc0@46.312C gpu@47.718C tj@48.593C soc1@46.25C VDD_IN 4465mW/4425mW VDD_CPU_GPU_CV 756mW/754mW VDD_SOC 1355mW/1359mW
08-09-2026 19:46:34 RAM 2985/7620MB (lfb 19x4MB) SWAP 2/12002MB (cached 0MB) CPU [4%@1510,2%@1510,2%@1510,6%@1510,12%@729,0%@729] GR3D_FREQ 11% cpu@48.5C soc2@47.718C soc0@46.312C gpu@47.937C tj@48.5C soc1@46.312C VDD_IN 4465mW/4425mW VDD_CPU_GPU_CV 756mW/754mW VDD_SOC 1395mW/1360mW
08-09-2026 19:46:35 RAM 2985/7620MB (lfb 19x4MB) SWAP 2/12002MB (cached 0MB) CPU [3%@1510,2%@1510,2%@1510,18%@1510,1%@729,0%@729] GR3D_FREQ 10% cpu@48.656C soc2@47.625C soc0@46.281C gpu@48.093C tj@48.656C soc1@46.093C VDD_IN 4465mW/4425mW VDD_CPU_GPU_CV 756mW/754mW VDD_SOC 1395mW/1360mW
08-09-2026 19:46:36 RAM 2985/7620MB (lfb 19x4MB) SWAP 2/12002MB (cached 0MB) CPU [5%@1510,2%@1510,3%@1510,18%@1510,0%@729,1%@729] GR3D_FREQ 11% cpu@48.406C soc2@47.625C soc0@46.281C gpu@48C tj@48.343C soc1@46.125C VDD_IN 4425mW/4425mW VDD_CPU_GPU_CV 756mW/754mW VDD_SOC 1355mW/1360mW
08-09-2026 19:46:37 RAM 2985/7620MB (lfb 19x4MB) SWAP 2/12002MB (cached 0MB) CPU [3%@729,2%@729,1%@729,13%@729,0%@729,4%@729] GR3D_FREQ 11% cpu@48.437C soc2@47.656C soc0@46.25C gpu@47.937C tj@48.437C soc1@46.25C VDD_IN 4425mW/4425mW VDD_CPU_GPU_CV 756mW/754mW VDD_SOC 1355mW/1360mW
08-09-2026 19:46:39 RAM 2985/7620MB (lfb 19x4MB) SWAP 2/12002MB (cached 0MB) CPU [4%@729,2%@729,2%@729,0%@729,0%@729,23%@729] GR3D_FREQ 13% cpu@48.593C soc2@47.718C soc0@46.312C gpu@47.718C tj@48.593C soc1@46.281C VDD_IN 4353mW/4425mW VDD_CPU_GPU_CV 716mW/754mW VDD_SOC 1315mW/1359mW
08-09-2026 19:46:40 RAM 2985/7620MB (lfb 19x4MB) SWAP 2/12002MB (cached 0MB) CPU [3%@1510,2%@1510,3%@1510,1%@1510,1%@729,20%@729] GR3D_FREQ 11% cpu@48.718C soc2@47.656C soc0@46.343C gpu@47.687C tj@48.718C soc1@46.125C VDD_IN 4353mW/4424mW VDD_CPU_GPU_CV 717mW/754mW VDD_SOC 1315mW/1359mW
08-09-2026 19:46:41 RAM 2985/7620MB (lfb 19x4MB) SWAP 2/12002MB (cached 0MB) CPU [3%@729,2%@729,2%@729,13%@729,1%@729,7%@729] GR3D_FREQ 11% cpu@48.562C soc2@47.687C soc0@46.312C gpu@47.718C tj@48.375C soc1@46.125C VDD_IN 4313mW/4423mW VDD_CPU_GPU_CV 717mW/753mW VDD_SOC 1315mW/1359mW
08-09-2026 19:46:42 RAM 2985/7620MB (lfb 19x4MB) SWAP 2/12002MB (cached 0MB) CPU [4%@729,1%@729,1%@729,19%@729,1%@729,1%@729] GR3D_FREQ 6% cpu@48.312C soc2@47.718C soc0@46.375C gpu@48.062C tj@48.312C soc1@46.125C VDD_IN 4353mW/4422mW VDD_CPU_GPU_CV 717mW/753mW VDD_SOC 1315mW/1358mW
08-09-2026 19:46:43 RAM 2985/7620MB (lfb 19x4MB) SWAP 2/12002MB (cached 0MB) CPU [3%@729,0%@729,2%@729,18%@729,0%@729,0%@729] GR3D_FREQ 11% cpu@48.437C soc2@47.718C soc0@46.281C gpu@48C tj@48.562C soc1@46.312C VDD_IN 4353mW/4422mW VDD_CPU_GPU_CV 717mW/753mW VDD_SOC 1315mW/1358mW
08-09-2026 19:46:44 RAM 2985/7620MB (lfb 19x4MB) SWAP 2/12002MB (cached 0MB) CPU [4%@729,1%@729,4%@729,1%@729,1%@729,15%@729] GR3D_FREQ 6% cpu@48.531C soc2@47.625C soc0@46.343C gpu@48.187C tj@48.531C soc1@46C VDD_IN 4313mW/4421mW VDD_CPU_GPU_CV 717mW/752mW VDD_SOC 1315mW/1357mW
08-09-2026 19:46:45 RAM 2985/7620MB (lfb 19x4MB) SWAP 2/12002MB (cached 0MB) CPU [4%@1510,2%@1510,9%@1510,0%@1510,12%@729,1%@729] GR3D_FREQ 6% cpu@48.656C soc2@47.625C soc0@46.281C gpu@47.718C tj@48.656C soc1@46.156C VDD_IN 4392mW/4420mW VDD_CPU_GPU_CV 717mW/752mW VDD_SOC 1355mW/1357mW
08-09-2026 19:46:46 RAM 2985/7620MB (lfb 19x4MB) SWAP 2/12002MB (cached 0MB) CPU [4%@729,4%@729,3%@729,1%@729,23%@729,2%@729] GR3D_FREQ 11% cpu@48.343C soc2@47.625C soc0@46.312C gpu@47.75C tj@48.343C soc1@46.062C VDD_IN 4353mW/4420mW VDD_CPU_GPU_CV 757mW/752mW VDD_SOC 1355mW/1357mW
08-09-2026 19:46:47 RAM 2985/7620MB (lfb 19x4MB) SWAP 2/12002MB (cached 0MB) CPU [5%@729,2%@729,5%@729,0%@729,16%@729,0%@729] GR3D_FREQ 6% cpu@48.468C soc2@47.718C soc0@46.312C gpu@47.781C tj@48.468C soc1@46.218C VDD_IN 4313mW/4419mW VDD_CPU_GPU_CV 717mW/752mW VDD_SOC 1315mW/1357mW
08-09-2026 19:46:48 RAM 2985/7620MB (lfb 19x4MB) SWAP 2/12002MB (cached 0MB) CPU [3%@729,3%@729,2%@729,1%@729,18%@729,0%@729] GR3D_FREQ 6% cpu@48.625C soc2@47.718C soc0@46.375C gpu@47.875C tj@48.625C soc1@46.125C VDD_IN 4392mW/4419mW VDD_CPU_GPU_CV 716mW/751mW VDD_SOC 1355mW/1357mW
08-09-2026 19:46:49 RAM 2985/7620MB (lfb 19x4MB) SWAP 2/12002MB (cached 0MB) CPU [8%@1510,12%@1510,5%@1510,0%@1510,5%@729,11%@729] GR3D_FREQ 7% cpu@48.5C soc2@47.593C soc0@46.25C gpu@47.593C tj@48.5C soc1@46.093C VDD_IN 4385mW/4418mW VDD_CPU_GPU_CV 756mW/751mW VDD_SOC 1355mW/1357mW
08-09-2026 19:46:50 RAM 2985/7620MB (lfb 19x4MB) SWAP 2/12002MB (cached 0MB) CPU [10%@729,27%@729,1%@729,0%@729,0%@729,0%@729] GR3D_FREQ 12% cpu@48.531C soc2@47.625C soc0@46.312C gpu@47.562C tj@48.531C soc1@46.187C VDD_IN 4425mW/4418mW VDD_CPU_GPU_CV 796mW/752mW VDD_SOC 1355mW/1357mW
08-09-2026 19:46:51 RAM 2985/7620MB (lfb 19x4MB) SWAP 2/12002MB (cached 0MB) CPU [6%@729,37%@729,1%@729,0%@729,0%@729,0%@729] GR3D_FREQ 11% cpu@48.593C soc2@47.875C soc0@46.406C gpu@47.812C tj@48.593C soc1@46.031C VDD_IN 4385mW/4418mW VDD_CPU_GPU_CV 756mW/752mW VDD_SOC 1355mW/1357mW
08-09-2026 19:46:52 RAM 2985/7620MB (lfb 19x4MB) SWAP 2/12002MB (cached 0MB) CPU [26%@729,15%@729,3%@729,0%@729,1%@729,1%@729] GR3D_FREQ 8% cpu@48.781C soc2@47.593C soc0@46.25C gpu@47.593C tj@48.781C soc1@46.093C VDD_IN 4425mW/4418mW VDD_CPU_GPU_CV 796mW/752mW VDD_SOC 1355mW/1357mW
08-09-2026 19:46:53 RAM 2985/7620MB (lfb 19x4MB) SWAP 2/12002MB (cached 0MB) CPU [38%@729,1%@729,3%@729,1%@729,0%@729,0%@729] GR3D_FREQ 9% cpu@48.468C soc2@47.625C soc0@46.312C gpu@47.625C tj@48.468C soc1@46.125C VDD_IN 4425mW/4418mW VDD_CPU_GPU_CV 796mW/753mW VDD_SOC 1355mW/1357mW
08-09-2026 19:46:54 RAM 2985/7620MB (lfb 19x4MB) SWAP 2/12002MB (cached 0MB) CPU [40%@729,2%@729,3%@729,0%@729,0%@729,1%@729] GR3D_FREQ 13% cpu@48.562C soc2@47.687C soc0@46.375C gpu@47.843C tj@48.562C soc1@46.062C VDD_IN 4425mW/4418mW VDD_CPU_GPU_CV 796mW/753mW VDD_SOC 1355mW/1357mW
08-09-2026 19:46:55 RAM 2985/7620MB (lfb 19x4MB) SWAP 2/12002MB (cached 0MB) CPU [38%@729,1%@729,1%@729,2%@729,2%@729,1%@729] GR3D_FREQ 8% cpu@48.781C soc2@47.75C soc0@46.312C gpu@47.656C tj@48.781C soc1@46.156C VDD_IN 4425mW/4418mW VDD_CPU_GPU_CV 796mW/753mW VDD_SOC 1355mW/1357mW
08-09-2026 19:46:56 RAM 2985/7620MB (lfb 19x4MB) SWAP 2/12002MB (cached 0MB) CPU [21%@729,0%@729,3%@729,0%@729,8%@729,9%@729] GR3D_FREQ 12% cpu@48.375C soc2@47.75C soc0@46.312C gpu@47.687C tj@48.375C soc1@46.281C VDD_IN 4425mW/4418mW VDD_CPU_GPU_CV 756mW/753mW VDD_SOC 1355mW/1357mW
08-09-2026 19:46:57 RAM 2985/7620MB (lfb 19x4MB) SWAP 2/12002MB (cached 0MB) CPU [5%@1510,1%@1510,1%@1510,1%@1510,2%@729,31%@729] GR3D_FREQ 7% cpu@48.718C soc2@47.625C soc0@46.375C gpu@47.875C tj@48.718C soc1@46.156C VDD_IN 4425mW/4418mW VDD_CPU_GPU_CV 796mW/754mW VDD_SOC 1355mW/1357mW
08-09-2026 19:46:58 RAM 2985/7620MB (lfb 19x4MB) SWAP 2/12002MB (cached 0MB) CPU [3%@729,1%@729,4%@729,0%@729,15%@729,22%@729] GR3D_FREQ 6% cpu@48.656C soc2@47.718C soc0@46.468C gpu@47.656C tj@48.656C soc1@46.093C VDD_IN 4465mW/4419mW VDD_CPU_GPU_CV 796mW/754mW VDD_SOC 1355mW/1357mW
08-09-2026 19:46:59 RAM 2985/7620MB (lfb 19x4MB) SWAP 2/12002MB (cached 0MB) CPU [3%@1510,3%@1510,1%@1510,0%@1510,1%@729,36%@729] GR3D_FREQ 7% cpu@48.5C soc2@47.687C soc0@46.312C gpu@47.843C tj@48.5C soc1@46.25C VDD_IN 4545mW/4420mW VDD_CPU_GPU_CV 796mW/754mW VDD_SOC 1353mW/1357mW
08-09-2026 19:47:00 RAM 2985/7620MB (lfb 19x4MB) SWAP 2/12002MB (cached 0MB) CPU [36%@1510,10%@1510,4%@1510,1%@1510,0%@729,0%@729] GR3D_FREQ 7% cpu@48.687C soc2@47.625C soc0@46.5C gpu@47.75C tj@48.687C soc1@46.093C VDD_IN 4425mW/4420mW VDD_CPU_GPU_CV 796mW/755mW VDD_SOC 1355mW/1357mW
08-09-2026 19:47:01 RAM 2985/7620MB (lfb 19x4MB) SWAP 2/12002MB (cached 0MB) CPU [26%@729,3%@729,2%@729,0%@729,0%@729,14%@729] GR3D_FREQ 13% cpu@48.343C soc2@47.718C soc0@46.312C gpu@47.906C tj@48.343C soc1@46.281C VDD_IN 4425mW/4420mW VDD_CPU_GPU_CV 796mW/755mW VDD_SOC 1355mW/1357mW
08-09-2026 19:47:02 RAM 2985/7620MB (lfb 19x4MB) SWAP 2/12002MB (cached 0MB) CPU [4%@729,1%@729,5%@729,0%@729,0%@729,35%@729] GR3D_FREQ 12% cpu@48.75C soc2@47.625C soc0@46.406C gpu@47.656C tj@48.75C soc1@46.125C VDD_IN 4425mW/4420mW VDD_CPU_GPU_CV 796mW/755mW VDD_SOC 1355mW/1357mW
08-09-2026 19:47:03 RAM 2985/7620MB (lfb 19x4MB) SWAP 2/12002MB (cached 0MB) CPU [4%@1510,1%@1510,3%@1510,1%@1510,0%@729,40%@729] GR3D_FREQ 7% cpu@48.687C soc2@47.687C soc0@46.281C gpu@47.906C tj@48.468C soc1@46.156C VDD_IN 4425mW/4420mW VDD_CPU_GPU_CV 796mW/756mW VDD_SOC 1355mW/1357mW
08-09-2026 19:47:04 RAM 2985/7620MB (lfb 19x4MB) SWAP 2/12002MB (cached 0MB) CPU [6%@729,3%@729,37%@729,3%@729,0%@729,1%@729] GR3D_FREQ 8% cpu@48.718C soc2@47.593C soc0@46.5C gpu@47.75C tj@48.718C soc1@46.156C VDD_IN 4465mW/4420mW VDD_CPU_GPU_CV 796mW/756mW VDD_SOC 1355mW/1357mW
08-09-2026 19:47:05 RAM 2985/7620MB (lfb 19x4MB) SWAP 2/12002MB (cached 0MB) CPU [4%@1510,1%@1510,3%@1510,6%@1510,1%@729,35%@729] GR3D_FREQ 10% cpu@48.562C soc2@47.718C soc0@46.343C gpu@47.625C tj@48.562C soc1@46.218C VDD_IN 4465mW/4421mW VDD_CPU_GPU_CV 796mW/756mW VDD_SOC 1355mW/1357mW
08-09-2026 19:47:06 RAM 2985/7620MB (lfb 19x4MB) SWAP 2/12002MB (cached 0MB) CPU [2%@1510,2%@1510,2%@1510,1%@1510,1%@729,41%@729] GR3D_FREQ 12% cpu@48.75C soc2@47.656C soc0@46.406C gpu@47.875C tj@48.75C soc1@46.125C VDD_IN 4465mW/4421mW VDD_CPU_GPU_CV 796mW/756mW VDD_SOC 1355mW/1357mW
08-09-2026 19:47:07 RAM 2985/7620MB (lfb 19x4MB) SWAP 2/12002MB (cached 0MB) CPU [3%@729,3%@729,2%@729,0%@729,0%@729,39%@729] GR3D_FREQ 9% cpu@48.5C soc2@47.718C soc0@46.312C gpu@47.625C tj@48.5C soc1@46.312C VDD_IN 4465mW/4421mW VDD_CPU_GPU_CV 796mW/757mW VDD_SOC 1355mW/1357mW
08-09-2026 19:47:08 RAM 2985/7620MB (lfb 19x4MB) SWAP 2/12002MB (cached 0MB) CPU [4%@729,3%@729,1%@729,2%@729,0%@729,38%@729] GR3D_FREQ 17% cpu@48.562C soc2@47.687C soc0@46.437C gpu@47.875C tj@48.531C soc1@46.218C VDD_IN 4425mW/4421mW VDD_CPU_GPU_CV 796mW/757mW VDD_SOC 1355mW/1357mW
08-09-2026 19:47:09 RAM 2985/7620MB (lfb 19x4MB) SWAP 2/12002MB (cached 0MB) CPU [4%@729,2%@729,2%@729,4%@729,0%@729,17%@729] GR3D_FREQ 17% cpu@48.781C soc2@47.781C soc0@46.312C gpu@47.718C tj@48.5C soc1@46.187C VDD_IN 4313mW/4420mW VDD_CPU_GPU_CV 716mW/757mW VDD_SOC 1315mW/1356mW
08-09-2026 19:47:10 RAM 2985/7620MB (lfb 19x4MB) SWAP 2/12002MB (cached 0MB) CPU [3%@729,2%@729,1%@729,0%@729,1%@729,20%@729] GR3D_FREQ 13% cpu@48.656C soc2@47.812C soc0@46.343C gpu@47.906C tj@48.656C soc1@46.5C VDD_IN 4273mW/4419mW VDD_CPU_GPU_CV 717mW/756mW VDD_SOC 1317mW/1356mW
08-09-2026 19:47:11 RAM 2985/7620MB (lfb 19x4MB) SWAP 2/12002MB (cached 0MB) CPU [7%@729,17%@729,1%@729,1%@729,0%@729,2%@729] GR3D_FREQ 15% cpu@48.812C soc2@47.687C soc0@46.187C gpu@47.656C tj@48.812C soc1@46.156C VDD_IN 4313mW/4419mW VDD_CPU_GPU_CV 717mW/756mW VDD_SOC 1315mW/1356mW
08-09-2026 19:47:12 RAM 2985/7620MB (lfb 19x4MB) SWAP 2/12002MB (cached 0MB) CPU [22%@1510,3%@1510,2%@1510,0%@1510,0%@729,1%@729] GR3D_FREQ 8% cpu@48.531C soc2@47.718C soc0@46.312C gpu@47.906C tj@48.625C soc1@46.312C VDD_IN 4313mW/4418mW VDD_CPU_GPU_CV 717mW/756mW VDD_SOC 1315mW/1355mW
08-09-2026 19:47:13 RAM 2985/7620MB (lfb 19x4MB) SWAP 2/12002MB (cached 0MB) CPU [23%@1510,4%@1510,2%@1510,0%@1510,1%@729,0%@729] GR3D_FREQ 11% cpu@48.906C soc2@47.656C soc0@46.343C gpu@47.843C tj@48.906C soc1@46.156C VDD_IN 4273mW/4417mW VDD_CPU_GPU_CV 717mW/756mW VDD_SOC 1315mW/1355mW
08-09-2026 19:47:14 RAM 2985/7620MB (lfb 19x4MB) SWAP 2/12002MB (cached 0MB) CPU [22%@729,2%@729,0%@729,0%@729,2%@729,1%@729] GR3D_FREQ 11% cpu@48.437C soc2@47.781C soc0@46.312C gpu@47.875C tj@48.437C soc1@46.093C VDD_IN 4313mW/4416mW VDD_CPU_GPU_CV 717mW/755mW VDD_SOC 1315mW/1355mW
08-09-2026 19:47:15 RAM 2985/7620MB (lfb 19x4MB) SWAP 2/12002MB (cached 0MB) CPU [3%@1510,3%@1510,0%@1510,0%@1510,1%@729,17%@729] GR3D_FREQ 8% cpu@48.562C soc2@47.593C soc0@46.375C gpu@47.812C tj@48.562C soc1@46.156C VDD_IN 4392mW/4416mW VDD_CPU_GPU_CV 757mW/755mW VDD_SOC 1355mW/1355mW
08-09-2026 19:47:16 RAM 2985/7620MB (lfb 19x4MB) SWAP 2/12002MB (cached 0MB) CPU [3%@729,0%@729,10%@729,6%@729,3%@729,7%@729] GR3D_FREQ 6% cpu@48.375C soc2@47.687C soc0@46.312C gpu@47.593C tj@48.375C soc1@46.218C VDD_IN 4353mW/4415mW VDD_CPU_GPU_CV 717mW/755mW VDD_SOC 1355mW/1355mW
08-09-2026 19:47:17 RAM 2985/7620MB (lfb 19x4MB) SWAP 2/12002MB (cached 0MB) CPU [2%@729,1%@729,8%@729,2%@729,17%@729,1%@729] GR3D_FREQ 6% cpu@48.5C soc2@47.656C soc0@46.312C gpu@47.812C tj@48.531C soc1@46.062C VDD_IN 4353mW/4415mW VDD_CPU_GPU_CV 757mW/755mW VDD_SOC 1355mW/1355mW
08-09-2026 19:47:18 RAM 2985/7620MB (lfb 19x4MB) SWAP 2/12002MB (cached 0MB) CPU [4%@729,1%@729,7%@729,2%@729,20%@729,0%@729] GR3D_FREQ 7% cpu@48.75C soc2@47.656C soc0@46.25C gpu@47.593C tj@48.437C soc1@46.093C VDD_IN 4346mW/4415mW VDD_CPU_GPU_CV 756mW/755mW VDD_SOC 1315mW/1355mW
08-09-2026 19:47:19 RAM 2985/7620MB (lfb 19x4MB) SWAP 2/12002MB (cached 0MB) CPU [3%@729,0%@729,10%@729,22%@729,1%@729,9%@729] GR3D_FREQ 7% cpu@48.562C soc2@47.718C soc0@46.312C gpu@47.812C tj@48.562C soc1@46C VDD_IN 4425mW/4415mW VDD_CPU_GPU_CV 756mW/755mW VDD_SOC 1355mW/1355mW
08-09-2026 19:47:20 RAM 2985/7620MB (lfb 19x4MB) SWAP 2/12002MB (cached 0MB) CPU [4%@729,25%@729,3%@729,0%@729,2%@729,7%@729] GR3D_FREQ 6% cpu@48.781C soc2@47.687C soc0@46.218C gpu@47.718C tj@48.781C soc1@46.187C VDD_IN 4385mW/4414mW VDD_CPU_GPU_CV 756mW/755mW VDD_SOC 1355mW/1355mW
08-09-2026 19:47:21 RAM 2985/7620MB (lfb 19x4MB) SWAP 2/12002MB (cached 0MB) CPU [7%@729,11%@729,25%@729,1%@729,0%@729,1%@729] GR3D_FREQ 7% cpu@48.593C soc2@47.718C soc0@46.312C gpu@47.875C tj@48.593C soc1@46.25C VDD_IN 4385mW/4414mW VDD_CPU_GPU_CV 756mW/755mW VDD_SOC 1355mW/1355mW
08-09-2026 19:47:22 RAM 2985/7620MB (lfb 19x4MB) SWAP 2/12002MB (cached 0MB) CPU [3%@729,1%@729,2%@729,35%@729,1%@729,0%@729] GR3D_FREQ 10% cpu@48.406C soc2@47.687C soc0@46.218C gpu@47.625C tj@48.406C soc1@46.125C VDD_IN 4425mW/4414mW VDD_CPU_GPU_CV 756mW/755mW VDD_SOC 1355mW/1355mW
08-09-2026 19:47:23 RAM 2985/7620MB (lfb 19x4MB) SWAP 2/12002MB (cached 0MB) CPU [3%@1510,0%@1510,2%@1510,29%@1510,1%@729,0%@729] GR3D_FREQ 12% cpu@48.437C soc2@47.718C soc0@46.312C gpu@47.843C tj@48.437C soc1@46.218C VDD_IN 4425mW/4414mW VDD_CPU_GPU_CV 756mW/755mW VDD_SOC 1355mW/1355mW
08-09-2026 19:47:24 RAM 2985/7620MB (lfb 19x4MB) SWAP 2/12002MB (cached 0MB) CPU [3%@729,3%@729,3%@729,31%@729,0%@729,0%@729] GR3D_FREQ 13% cpu@48.656C soc2@47.593C soc0@46.312C gpu@47.812C tj@48.437C soc1@46.218C VDD_IN 4425mW/4414mW VDD_CPU_GPU_CV 756mW/755mW VDD_SOC 1355mW/1355mW
08-09-2026 19:47:25 RAM 2985/7620MB (lfb 19x4MB) SWAP 2/12002MB (cached 0MB) CPU [4%@1510,3%@1510,10%@1510,28%@1510,1%@729,0%@729] GR3D_FREQ 13% cpu@48.437C soc2@47.656C soc0@46.312C gpu@47.656C tj@48.437C soc1@46.281C VDD_IN 4425mW/4415mW VDD_CPU_GPU_CV 756mW/755mW VDD_SOC 1355mW/1355mW
08-09-2026 19:47:26 RAM 2985/7620MB (lfb 19x4MB) SWAP 2/12002MB (cached 0MB) CPU [3%@729,1%@729,1%@729,32%@729,0%@729,0%@729] GR3D_FREQ 6% cpu@48.625C soc2@47.656C soc0@46.406C gpu@47.875C tj@48.625C soc1@46.187C VDD_IN 4425mW/4415mW VDD_CPU_GPU_CV 756mW/755mW VDD_SOC 1355mW/1355mW
08-09-2026 19:47:27 RAM 2985/7620MB (lfb 19x4MB) SWAP 2/12002MB (cached 0MB) CPU [3%@1510,3%@1510,2%@1510,30%@1510,1%@729,0%@729] GR3D_FREQ 7% cpu@48.562C soc2@47.687C soc0@46.25C gpu@47.625C tj@48.562C soc1@46.125C VDD_IN 4425mW/4415mW VDD_CPU_GPU_CV 796mW/755mW VDD_SOC 1355mW/1355mW
08-09-2026 19:47:28 RAM 2985/7620MB (lfb 19x4MB) SWAP 2/12002MB (cached 0MB) CPU [13%@729,18%@729,0%@729,6%@729,2%@729,3%@729] GR3D_FREQ 15% cpu@48.656C soc2@47.812C soc0@46.375C gpu@47.812C tj@48.656C soc1@46C VDD_IN 4425mW/4415mW VDD_CPU_GPU_CV 756mW/755mW VDD_SOC 1355mW/1355mW
08-09-2026 19:47:29 RAM 2985/7620MB (lfb 19x4MB) SWAP 2/12002MB (cached 0MB) CPU [4%@1510,7%@1510,3%@1510,6%@1510,6%@729,0%@729] GR3D_FREQ 8% cpu@48.375C soc2@47.718C soc0@46.281C gpu@47.625C tj@48.375C soc1@46.281C VDD_IN 4385mW/4415mW VDD_CPU_GPU_CV 756mW/755mW VDD_SOC 1355mW/1355mW
08-09-2026 19:47:30 RAM 2985/7620MB (lfb 19x4MB) SWAP 2/12002MB (cached 0MB) CPU [2%@1510,1%@1510,2%@1510,1%@1510,15%@729,0%@729] GR3D_FREQ 7% cpu@48.718C soc2@47.656C soc0@46.375C gpu@47.812C tj@48.718C soc1@46.093C VDD_IN 4385mW/4414mW VDD_CPU_GPU_CV 716mW/755mW VDD_SOC 1355mW/1355mW
08-09-2026 19:47:31 RAM 2985/7620MB (lfb 19x4MB) SWAP 2/12002MB (cached 0MB) CPU [3%@1510,0%@1510,4%@1510,2%@1510,16%@729,1%@729] GR3D_FREQ 7% cpu@48.468C soc2@47.656C soc0@46.281C gpu@47.687C tj@48.406C soc1@46.125C VDD_IN 4392mW/4414mW VDD_CPU_GPU_CV 757mW/755mW VDD_SOC 1355mW/1355mW
08-09-2026 19:47:32 RAM 2985/7620MB (lfb 19x4MB) SWAP 2/12002MB (cached 0MB) CPU [3%@729,0%@729,0%@729,1%@729,17%@729,0%@729] GR3D_FREQ 7% cpu@48.468C soc2@47.656C soc0@46.281C gpu@47.781C tj@48.625C soc1@46.031C VDD_IN 4392mW/4414mW VDD_CPU_GPU_CV 717mW/755mW VDD_SOC 1355mW/1355mW
08-09-2026 19:47:33 RAM 2985/7620MB (lfb 19x4MB) SWAP 2/12002MB (cached 0MB) CPU [2%@729,0%@729,2%@729,2%@729,9%@729,11%@729] GR3D_FREQ 9% cpu@48.468C soc2@47.625C soc0@46.218C gpu@47.812C tj@48.468C soc1@46.187C VDD_IN 4385mW/4414mW VDD_CPU_GPU_CV 756mW/755mW VDD_SOC 1355mW/1355mW
08-09-2026 19:47:34 RAM 2985/7620MB (lfb 19x4MB) SWAP 2/12002MB (cached 0MB) CPU [3%@1510,1%@1510,2%@1510,3%@1510,18%@729,0%@729] GR3D_FREQ 10% cpu@48.406C soc2@47.75C soc0@46.312C gpu@47.625C tj@48.406C soc1@46.281C VDD_IN 4392mW/4414mW VDD_CPU_GPU_CV 756mW/755mW VDD_SOC 1355mW/1355mW
08-09-2026 19:47:35 RAM 2985/7620MB (lfb 19x4MB) SWAP 2/12002MB (cached 0MB) CPU [3%@729,1%@729,2%@729,0%@729,16%@729,0%@729] GR3D_FREQ 8% cpu@48.593C soc2@47.656C soc0@46.187C gpu@47.781C tj@48.593C soc1@46.125C VDD_IN 4346mW/4413mW VDD_CPU_GPU_CV 756mW/755mW VDD_SOC 1355mW/1355mW
08-09-2026 19:47:36 RAM 2985/7620MB (lfb 19x4MB) SWAP 2/12002MB (cached 0MB) CPU [2%@1510,0%@1510,4%@1510,0%@1510,18%@729,0%@729] GR3D_FREQ 7% cpu@48.531C soc2@47.687C soc0@46.312C gpu@47.593C tj@48.531C soc1@46.187C VDD_IN 4392mW/4413mW VDD_CPU_GPU_CV 716mW/755mW VDD_SOC 1355mW/1355mW
08-09-2026 19:47:37 RAM 2985/7620MB (lfb 19x4MB) SWAP 2/12002MB (cached 0MB) CPU [3%@1510,0%@1510,3%@1510,0%@1510,15%@729,5%@729] GR3D_FREQ 7% cpu@48.718C soc2@47.593C soc0@46.25C gpu@47.781C tj@48.718C soc1@46C VDD_IN 4353mW/4413mW VDD_CPU_GPU_CV 756mW/755mW VDD_SOC 1355mW/1355mW
08-09-2026 19:47:38 RAM 2985/7620MB (lfb 19x4MB) SWAP 2/12002MB (cached 0MB) CPU [3%@1510,2%@1510,2%@1510,0%@1510,1%@729,20%@729] GR3D_FREQ 16% cpu@48.406C soc2@47.625C soc0@46.218C gpu@47.562C tj@48.406C soc1@46.125C VDD_IN 4425mW/4413mW VDD_CPU_GPU_CV 756mW/755mW VDD_SOC 1355mW/1355mW
08-09-2026 19:47:39 RAM 2985/7620MB (lfb 19x4MB) SWAP 2/12002MB (cached 0MB) CPU [5%@729,2%@729,1%@729,1%@729,1%@729,16%@729] GR3D_FREQ 11% cpu@48.718C soc2@47.593C soc0@46.406C gpu@47.562C tj@48.718C soc1@46.156C VDD_IN 4465mW/4413mW VDD_CPU_GPU_CV 756mW/755mW VDD_SOC 1355mW/1355mW
08-09-2026 19:47:40 RAM 2985/7620MB (lfb 19x4MB) SWAP 2/12002MB (cached 0MB) CPU [2%@1510,1%@1510,2%@1510,1%@1510,0%@729,16%@729] GR3D_FREQ 8% cpu@48.531C soc2@47.656C soc0@46.281C gpu@47.75C tj@48.531C soc1@46.25C VDD_IN 4432mW/4413mW VDD_CPU_GPU_CV 756mW/755mW VDD_SOC 1355mW/1355mW
08-09-2026 19:47:41 RAM 2985/7620MB (lfb 19x4MB) SWAP 2/12002MB (cached 0MB) CPU [3%@1510,3%@1510,1%@1510,0%@1510,1%@729,16%@729] GR3D_FREQ 8% cpu@48.687C soc2@47.625C soc0@46.312C gpu@47.562C tj@48.687C soc1@46.031C VDD_IN 4472mW/4414mW VDD_CPU_GPU_CV 757mW/755mW VDD_SOC 1395mW/1355mW
08-09-2026 19:47:42 RAM 2985/7620MB (lfb 19x4MB) SWAP 2/12002MB (cached 0MB) CPU [4%@729,3%@729,2%@729,0%@729,0%@729,16%@729] GR3D_FREQ 7% cpu@48.468C soc2@47.687C soc0@46.125C gpu@47.781C tj@48.468C soc1@46.156C VDD_IN 4432mW/4414mW VDD_CPU_GPU_CV 757mW/755mW VDD_SOC 1355mW/1355mW
08-09-2026 19:47:43 RAM 2985/7620MB (lfb 19x4MB) SWAP 2/12002MB (cached 0MB) CPU [3%@1510,2%@1510,4%@1510,0%@1510,1%@729,14%@729] GR3D_FREQ 7% cpu@48.781C soc2@47.625C soc0@46.343C gpu@47.593C tj@48.781C soc1@46.156C VDD_IN 4472mW/4414mW VDD_CPU_GPU_CV 757mW/755mW VDD_SOC 1355mW/1355mW
08-09-2026 19:47:44 RAM 2985/7620MB (lfb 19x4MB) SWAP 2/12002MB (cached 0MB) CPU [5%@729,1%@729,2%@729,0%@729,6%@729,9%@729] GR3D_FREQ 7% cpu@48.468C soc2@47.656C soc0@46.093C gpu@47.812C tj@48.468C soc1@46.093C VDD_IN 4472mW/4414mW VDD_CPU_GPU_CV 757mW/755mW VDD_SOC 1395mW/1355mW
08-09-2026 19:47:45 RAM 2985/7620MB (lfb 19x4MB) SWAP 2/12002MB (cached 0MB) CPU [4%@729,1%@729,2%@729,0%@729,17%@729,2%@729] GR3D_FREQ 11% cpu@48.562C soc2@47.593C soc0@46.343C gpu@47.531C tj@48.562C soc1@46C VDD_IN 4472mW/4415mW VDD_CPU_GPU_CV 757mW/755mW VDD_SOC 1395mW/1355mW
08-09-2026 19:47:46 RAM 2985/7620MB (lfb 19x4MB) SWAP 2/12002MB (cached 0MB) CPU [3%@1510,0%@1510,3%@1510,0%@1510,16%@729,0%@729] GR3D_FREQ 11% cpu@48.75C soc2@47.593C soc0@46.218C gpu@48.156C tj@48.5C soc1@46.125C VDD_IN 4425mW/4415mW VDD_CPU_GPU_CV 756mW/755mW VDD_SOC 1355mW/1355mW
08-09-2026 19:47:47 RAM 2985/7620MB (lfb 19x4MB) SWAP 2/12002MB (cached 0MB) CPU [3%@729,2%@729,8%@729,0%@729,12%@729,3%@729] GR3D_FREQ 9% cpu@48.531C soc2@47.5C soc0@46.437C gpu@47.781C tj@48.531C soc1@46.093C VDD_IN 4465mW/4415mW VDD_CPU_GPU_CV 756mW/755mW VDD_SOC 1395mW/1355mW
08-09-2026 19:47:48 RAM 2985/7620MB (lfb 19x4MB) SWAP 2/12002MB (cached 0MB) CPU [6%@729,1%@729,17%@729,0%@729,2%@729,9%@729] GR3D_FREQ 13% cpu@48.812C soc2@47.687C soc0@46.281C gpu@48.156C tj@48.468C soc1@46.062C VDD_IN 4385mW/4415mW VDD_CPU_GPU_CV 756mW/755mW VDD_SOC 1355mW/1355mW
08-09-2026 19:47:49 RAM 2985/7620MB (lfb 19x4MB) SWAP 2/12002MB (cached 0MB) CPU [2%@729,2%@729,2%@729,0%@729,0%@729,29%@729] GR3D_FREQ 7% cpu@48.625C soc2@47.625C soc0@46.343C gpu@47.718C tj@48.625C soc1@46.031C VDD_IN 4385mW/4415mW VDD_CPU_GPU_CV 756mW/755mW VDD_SOC 1355mW/1355mW
08-09-2026 19:47:50 RAM 2985/7620MB (lfb 19x4MB) SWAP 2/12002MB (cached 0MB) CPU [4%@1510,3%@1510,1%@1510,0%@1510,0%@729,24%@729] GR3D_FREQ 7% cpu@48.812C soc2@47.625C soc0@46.25C gpu@47.812C tj@48.812C soc1@46.125C VDD_IN 4385mW/4415mW VDD_CPU_GPU_CV 756mW/755mW VDD_SOC 1355mW/1355mW
08-09-2026 19:47:51 RAM 2985/7620MB (lfb 19x4MB) SWAP 2/12002MB (cached 0MB) CPU [4%@729,1%@729,3%@729,0%@729,1%@729,23%@729] GR3D_FREQ 10% cpu@48.75C soc2@47.718C soc0@46.375C gpu@48.218C tj@48.75C soc1@46.125C VDD_IN 4385mW/4414mW VDD_CPU_GPU_CV 756mW/755mW VDD_SOC 1355mW/1355mW
08-09-2026 19:47:52 RAM 2985/7620MB (lfb 19x4MB) SWAP 2/12002MB (cached 0MB) CPU [5%@729,2%@729,1%@729,0%@729,0%@729,26%@729] GR3D_FREQ 12% cpu@48.531C soc2@47.75C soc0@46.218C gpu@47.812C tj@48.375C soc1@46.187C VDD_IN 4385mW/4414mW VDD_CPU_GPU_CV 756mW/755mW VDD_SOC 1355mW/1355mW
08-09-2026 19:47:53 RAM 2985/7620MB (lfb 19x4MB) SWAP 2/12002MB (cached 0MB) CPU [2%@729,2%@729,2%@729,1%@729,2%@729,25%@729] GR3D_FREQ 7% cpu@48.468C soc2@47.562C soc0@46.281C gpu@48.062C tj@48.468C soc1@46.187C VDD_IN 4385mW/4414mW VDD_CPU_GPU_CV 756mW/755mW VDD_SOC 1355mW/1355mW
08-09-2026 19:47:54 RAM 2985/7620MB (lfb 19x4MB) SWAP 2/12002MB (cached 0MB) CPU [6%@1510,2%@1510,3%@1510,0%@1510,1%@729,19%@729] GR3D_FREQ 12% cpu@48.562C soc2@47.75C soc0@46.312C gpu@47.812C tj@48.562C soc1@46.125C VDD_IN 4385mW/4414mW VDD_CPU_GPU_CV 756mW/755mW VDD_SOC 1355mW/1355mW
08-09-2026 19:47:55 RAM 2985/7620MB (lfb 19x4MB) SWAP 2/12002MB (cached 0MB) CPU [3%@729,2%@729,6%@729,1%@729,1%@729,24%@729] GR3D_FREQ 7% cpu@48.656C soc2@47.718C soc0@46.375C gpu@47.812C tj@48.656C soc1@46.125C VDD_IN 4385mW/4414mW VDD_CPU_GPU_CV 756mW/755mW VDD_SOC 1355mW/1355mW
08-09-2026 19:47:56 RAM 2985/7620MB (lfb 19x4MB) SWAP 2/12002MB (cached 0MB) CPU [3%@1510,4%@1510,6%@1510,0%@1510,1%@729,21%@729] GR3D_FREQ 6% cpu@48.625C soc2@47.718C soc0@46.531C gpu@47.843C tj@48.625C soc1@46.156C VDD_IN 4385mW/4414mW VDD_CPU_GPU_CV 756mW/755mW VDD_SOC 1355mW/1355mW
08-09-2026 19:47:57 RAM 2985/7620MB (lfb 19x4MB) SWAP 2/12002MB (cached 0MB) CPU [3%@729,2%@729,13%@729,10%@729,3%@729,0%@729] GR3D_FREQ 7% cpu@48.781C soc2@47.593C soc0@46.187C gpu@48.062C tj@48.781C soc1@46.156C VDD_IN 4425mW/4414mW VDD_CPU_GPU_CV 756mW/755mW VDD_SOC 1355mW/1355mW
08-09-2026 19:47:58 RAM 2985/7620MB (lfb 19x4MB) SWAP 2/12002MB (cached 0MB) CPU [12%@729,8%@729,14%@729,1%@729,1%@729,1%@729] GR3D_FREQ 13% cpu@48.656C soc2@47.812C soc0@46.375C gpu@48.156C tj@48.656C soc1@46.25C VDD_IN 4425mW/4414mW VDD_CPU_GPU_CV 756mW/755mW VDD_SOC 1355mW/1355mW
08-09-2026 19:47:59 RAM 2985/7620MB (lfb 19x4MB) SWAP 2/12002MB (cached 0MB) CPU [13%@729,5%@729,3%@729,4%@729,1%@729,1%@729] GR3D_FREQ 8% cpu@48.468C soc2@47.593C soc0@46.343C gpu@47.812C tj@48.468C soc1@46.031C VDD_IN 4465mW/4414mW VDD_CPU_GPU_CV 756mW/755mW VDD_SOC 1395mW/1356mW
08-09-2026 19:48:00 RAM 2985/7620MB (lfb 19x4MB) SWAP 2/12002MB (cached 0MB) CPU [3%@1510,2%@1510,2%@1510,14%@1510,6%@729,0%@729] GR3D_FREQ 8% cpu@48.718C soc2@47.656C soc0@46.312C gpu@47.812C tj@48.718C soc1@46.031C VDD_IN 4472mW/4414mW VDD_CPU_GPU_CV 756mW/755mW VDD_SOC 1355mW/1356mW
08-09-2026 19:48:01 RAM 2985/7620MB (lfb 19x4MB) SWAP 2/12002MB (cached 0MB) CPU [4%@729,1%@729,3%@729,13%@729,5%@729,0%@729] GR3D_FREQ 11% cpu@48.406C soc2@47.656C soc0@46.218C gpu@47.812C tj@48.406C soc1@46.218C VDD_IN 4472mW/4415mW VDD_CPU_GPU_CV 756mW/755mW VDD_SOC 1355mW/1356mW
08-09-2026 19:48:02 RAM 2985/7620MB (lfb 19x4MB) SWAP 2/12002MB (cached 0MB) CPU [3%@729,2%@729,1%@729,0%@729,16%@729,3%@729] GR3D_FREQ 8% cpu@48.437C soc2@47.656C soc0@46.25C gpu@47.562C tj@48.437C soc1@46.312C VDD_IN 4465mW/4415mW VDD_CPU_GPU_CV 756mW/755mW VDD_SOC 1395mW/1356mW
08-09-2026 19:48:03 RAM 2985/7620MB (lfb 19x4MB) SWAP 2/12002MB (cached 0MB) CPU [3%@729,1%@729,2%@729,1%@729,0%@729,19%@729] GR3D_FREQ 12% cpu@48.562C soc2@47.625C soc0@46.406C gpu@47.656C tj@48.562C soc1@46.031C VDD_IN 4465mW/4415mW VDD_CPU_GPU_CV 756mW/755mW VDD_SOC 1395mW/1356mW
08-09-2026 19:48:04 RAM 2985/7620MB (lfb 19x4MB) SWAP 2/12002MB (cached 0MB) CPU [3%@1510,2%@1510,5%@1510,0%@1510,1%@729,19%@729] GR3D_FREQ 11% cpu@48.406C soc2@47.656C soc0@46.437C gpu@47.75C tj@48.406C soc1@46.093C VDD_IN 4465mW/4415mW VDD_CPU_GPU_CV 756mW/755mW VDD_SOC 1395mW/1356mW
08-09-2026 19:48:05 RAM 2985/7620MB (lfb 19x4MB) SWAP 2/12002MB (cached 0MB) CPU [12%@729,2%@729,2%@729,0%@729,3%@729,7%@729] GR3D_FREQ 11% cpu@48.875C soc2@47.625C soc0@46.281C gpu@47.656C tj@48.875C soc1@46.218C VDD_IN 4465mW/4416mW VDD_CPU_GPU_CV 756mW/755mW VDD_SOC 1395mW/1356mW
08-09-2026 19:48:06 RAM 2985/7620MB (lfb 19x4MB) SWAP 2/12002MB (cached 0MB) CPU [3%@1510,1%@1510,2%@1510,0%@1510,17%@729,0%@729] GR3D_FREQ 9% cpu@48.406C soc2@47.718C soc0@46.312C gpu@47.718C tj@48.406C soc1@46.187C VDD_IN 4472mW/4416mW VDD_CPU_GPU_CV 756mW/755mW VDD_SOC 1395mW/1357mW
08-09-2026 19:48:07 RAM 2985/7620MB (lfb 19x4MB) SWAP 2/12002MB (cached 0MB) CPU [6%@729,1%@729,2%@729,1%@729,17%@729,0%@729] GR3D_FREQ 11% cpu@48.437C soc2@47.781C soc0@46.281C gpu@47.875C tj@48.437C soc1@46.343C VDD_IN 4505mW/4416mW VDD_CPU_GPU_CV 756mW/755mW VDD_SOC 1395mW/1357mW
08-09-2026 19:48:08 RAM 2985/7620MB (lfb 19x4MB) SWAP 2/12002MB (cached 0MB) CPU [2%@729,1%@729,2%@729,0%@729,21%@729,0%@729] GR3D_FREQ 6% cpu@48.468C soc2@47.687C soc0@46.343C gpu@47.812C tj@48.468C soc1@46.031C VDD_IN 4465mW/4417mW VDD_CPU_GPU_CV 756mW/755mW VDD_SOC 1355mW/1357mW
08-09-2026 19:48:09 RAM 2985/7620MB (lfb 19x4MB) SWAP 2/12002MB (cached 0MB) CPU [3%@729,2%@729,4%@729,0%@729,17%@729,0%@729] GR3D_FREQ 7% cpu@48.375C soc2@47.625C soc0@46.187C gpu@47.906C tj@48.375C soc1@46.125C VDD_IN 4472mW/4417mW VDD_CPU_GPU_CV 757mW/755mW VDD_SOC 1395mW/1357mW
08-09-2026 19:48:10 RAM 2985/7620MB (lfb 19x4MB) SWAP 2/12002MB (cached 0MB) CPU [2%@1510,1%@1510,2%@1510,0%@1510,3%@729,18%@729] GR3D_FREQ 11% cpu@48.468C soc2@47.75C soc0@46.281C gpu@47.937C tj@48.468C soc1@46.125C VDD_IN 4472mW/4417mW VDD_CPU_GPU_CV 756mW/755mW VDD_SOC 1395mW/1357mW
08-09-2026 19:48:11 RAM 2985/7620MB (lfb 19x4MB) SWAP 2/12002MB (cached 0MB) CPU [4%@729,1%@729,4%@729,0%@729,1%@729,19%@729] GR3D_FREQ 4% cpu@48.406C soc2@47.687C soc0@46.312C gpu@47.937C tj@48.406C soc1@46.187C VDD_IN 4472mW/4417mW VDD_CPU_GPU_CV 756mW/755mW VDD_SOC 1395mW/1357mW
08-09-2026 19:48:12 RAM 2985/7620MB (lfb 19x4MB) SWAP 2/12002MB (cached 0MB) CPU [4%@1510,1%@1510,6%@1510,14%@1510,1%@729,4%@729] GR3D_FREQ 6% cpu@48.531C soc2@47.812C soc0@46.312C gpu@47.812C tj@48.625C soc1@46.187C VDD_IN 4465mW/4418mW VDD_CPU_GPU_CV 756mW/755mW VDD_SOC 1395mW/1358mW
08-09-2026 19:48:13 RAM 2985/7620MB (lfb 19x4MB) SWAP 2/12002MB (cached 0MB) CPU [3%@729,2%@729,17%@729,0%@729,0%@729,0%@729] GR3D_FREQ 8% cpu@48.531C soc2@47.656C soc0@46.218C gpu@47.937C tj@48.375C soc1@46.156C VDD_IN 4465mW/4418mW VDD_CPU_GPU_CV 756mW/755mW VDD_SOC 1395mW/1358mW
08-09-2026 19:48:14 RAM 2985/7620MB (lfb 19x4MB) SWAP 2/12002MB (cached 0MB) CPU [3%@729,2%@729,20%@729,0%@729,0%@729,0%@729] GR3D_FREQ 6% cpu@48.937C soc2@47.687C soc0@46.25C gpu@47.937C tj@48.437C soc1@46.187C VDD_IN 4432mW/4418mW VDD_CPU_GPU_CV 757mW/755mW VDD_SOC 1395mW/1358mW
08-09-2026 19:48:15 RAM 2985/7620MB (lfb 19x4MB) SWAP 2/12002MB (cached 0MB) CPU [4%@1510,2%@1510,12%@1510,0%@1510,0%@729,10%@729] GR3D_FREQ 6% cpu@48.5C soc2@47.812C soc0@46.375C gpu@47.875C tj@48.5C soc1@46.187C VDD_IN 4465mW/4418mW VDD_CPU_GPU_CV 756mW/755mW VDD_SOC 1395mW/1358mW
08-09-2026 19:48:16 RAM 2985/7620MB (lfb 19x4MB) SWAP 2/12002MB (cached 0MB) CPU [3%@729,1%@729,3%@729,0%@729,0%@729,17%@729] GR3D_FREQ 8% cpu@48.593C soc2@47.593C soc0@46.312C gpu@47.968C tj@48.593C soc1@46.125C VDD_IN 4505mW/4419mW VDD_CPU_GPU_CV 756mW/755mW VDD_SOC 1395mW/1358mW
08-09-2026 19:48:17 RAM 2985/7620MB (lfb 19x4MB) SWAP 2/12002MB (cached 0MB) CPU [3%@1510,2%@1510,17%@1510,1%@729,1%@729,2%@729] GR3D_FREQ 8% cpu@48.781C soc2@47.687C soc0@46.437C gpu@48.031C tj@48.781C soc1@46.156C VDD_IN 4465mW/4419mW VDD_CPU_GPU_CV 756mW/755mW VDD_SOC 1395mW/1358mW
08-09-2026 19:48:18 RAM 2985/7620MB (lfb 19x4MB) SWAP 2/12002MB (cached 0MB) CPU [6%@1510,5%@1510,11%@1510,7%@1510,0%@729,1%@729] GR3D_FREQ 7% cpu@48.437C soc2@47.687C soc0@46.343C gpu@47.812C tj@48.437C soc1@46.031C VDD_IN 4306mW/4418mW VDD_CPU_GPU_CV 716mW/755mW VDD_SOC 1315mW/1358mW
08-09-2026 19:48:19 RAM 2985/7620MB (lfb 19x4MB) SWAP 2/12002MB (cached 0MB) CPU [4%@1510,3%@1510,2%@1510,13%@1510,0%@729,0%@729] GR3D_FREQ 7% cpu@48.531C soc2@47.718C soc0@46.312C gpu@47.781C tj@48.531C soc1@46.25C VDD_IN 4273mW/4418mW VDD_CPU_GPU_CV 717mW/754mW VDD_SOC 1315mW/1358mW
08-09-2026 19:48:20 RAM 2985/7620MB (lfb 19x4MB) SWAP 2/12002MB (cached 0MB) CPU [4%@1510,2%@1510,3%@1510,13%@1510,7%@729,1%@729] GR3D_FREQ 7% cpu@48.593C soc2@47.718C soc0@46.312C gpu@47.718C tj@48.593C soc1@46.25C VDD_IN 4273mW/4417mW VDD_CPU_GPU_CV 717mW/754mW VDD_SOC 1315mW/1358mW
08-09-2026 19:48:21 RAM 2985/7620MB (lfb 19x4MB) SWAP 2/12002MB (cached 0MB) CPU [3%@729,1%@729,2%@729,14%@729,4%@729,2%@729] GR3D_FREQ 14% cpu@48.593C soc2@47.656C soc0@46.375C gpu@48.062C tj@48.593C soc1@46.125C VDD_IN 4313mW/4416mW VDD_CPU_GPU_CV 717mW/754mW VDD_SOC 1315mW/1358mW
08-09-2026 19:48:22 RAM 2985/7620MB (lfb 19x4MB) SWAP 2/12002MB (cached 0MB) CPU [3%@729,2%@729,0%@729,16%@729,1%@729,0%@729] GR3D_FREQ 12% cpu@48.718C soc2@47.656C soc0@46.25C gpu@48.062C tj@48.718C soc1@46.093C VDD_IN 4313mW/4416mW VDD_CPU_GPU_CV 716mW/754mW VDD_SOC 1315mW/1357mW
08-09-2026 19:48:23 RAM 2985/7620MB (lfb 19x4MB) SWAP 2/12002MB (cached 0MB) CPU [3%@729,1%@729,2%@729,9%@729,0%@729,9%@729] GR3D_FREQ 13% cpu@48.531C soc2@47.656C soc0@46.343C gpu@47.781C tj@48.531C soc1@46.062C VDD_IN 4346mW/4416mW VDD_CPU_GPU_CV 716mW/754mW VDD_SOC 1315mW/1357mW
08-09-2026 19:48:24 RAM 2985/7620MB (lfb 19x4MB) SWAP 2/12002MB (cached 0MB) CPU [6%@729,2%@729,2%@729,3%@729,0%@729,13%@729] GR3D_FREQ 7% cpu@48.687C soc2@47.593C soc0@46.312C gpu@48.093C tj@48.687C soc1@46.093C VDD_IN 4313mW/4415mW VDD_CPU_GPU_CV 717mW/754mW VDD_SOC 1315mW/1357mW
08-09-2026 19:48:25 RAM 2985/7620MB (lfb 19x4MB) SWAP 2/12002MB (cached 0MB) CPU [3%@1510,0%@1510,3%@1510,0%@1510,0%@729,18%@729] GR3D_FREQ 7% cpu@48.406C soc2@47.625C soc0@46.156C gpu@48.062C tj@48.406C soc1@46.125C VDD_IN 4313mW/4415mW VDD_CPU_GPU_CV 717mW/753mW VDD_SOC 1315mW/1357mW
08-09-2026 19:48:26 RAM 2985/7620MB (lfb 19x4MB) SWAP 2/12002MB (cached 0MB) CPU [3%@729,2%@729,2%@729,0%@729,1%@729,13%@729] GR3D_FREQ 10% cpu@48.343C soc2@47.687C soc0@46.312C gpu@48.093C tj@48.343C soc1@46.187C VDD_IN 4313mW/4414mW VDD_CPU_GPU_CV 717mW/753mW VDD_SOC 1315mW/1357mW
08-09-2026 19:48:27 RAM 2985/7620MB (lfb 19x4MB) SWAP 2/12002MB (cached 0MB) CPU [3%@1510,2%@1510,4%@1510,0%@1510,0%@729,17%@729] GR3D_FREQ 11% cpu@48.5C soc2@47.718C soc0@46.437C gpu@47.781C tj@48.5C soc1@46.312C VDD_IN 4346mW/4414mW VDD_CPU_GPU_CV 716mW/753mW VDD_SOC 1315mW/1356mW
08-09-2026 19:48:28 RAM 2985/7620MB (lfb 19x4MB) SWAP 2/12002MB (cached 0MB) CPU [4%@729,3%@729,18%@729,0%@729,1%@729,18%@729] GR3D_FREQ 13% cpu@48.531C soc2@47.593C soc0@46.406C gpu@47.781C tj@48.531C soc1@46.093C VDD_IN 4385mW/4414mW VDD_CPU_GPU_CV 756mW/753mW VDD_SOC 1355mW/1356mW
08-09-2026 19:48:29 RAM 2985/7620MB (lfb 19x4MB) SWAP 2/12002MB (cached 0MB) CPU [3%@729,1%@729,7%@729,0%@729,3%@729,26%@729] GR3D_FREQ 7% cpu@48.687C soc2@47.593C soc0@46.281C gpu@47.781C tj@48.687C soc1@46.187C VDD_IN 4465mW/4414mW VDD_CPU_GPU_CV 796mW/753mW VDD_SOC 1355mW/1356mW
08-09-2026 19:48:30 RAM 2985/7620MB (lfb 19x4MB) SWAP 2/12002MB (cached 0MB) CPU [3%@1510,2%@1510,2%@1510,0%@1510,1%@729,32%@729] GR3D_FREQ 10% cpu@48.437C soc2@47.718C soc0@46.218C gpu@47.843C tj@48.437C soc1@46.25C VDD_IN 4465mW/4414mW VDD_CPU_GPU_CV 796mW/753mW VDD_SOC 1355mW/1356mW
08-09-2026 19:48:31 RAM 2985/7620MB (lfb 19x4MB) SWAP 2/12002MB (cached 0MB) CPU [4%@1510,2%@1510,0%@1510,0%@1510,0%@729,35%@729] GR3D_FREQ 7% cpu@48.562C soc2@47.781C soc0@46.437C gpu@47.625C tj@48.562C soc1@46.062C VDD_IN 4465mW/4414mW VDD_CPU_GPU_CV 796mW/754mW VDD_SOC 1355mW/1356mW
08-09-2026 19:48:32 RAM 2985/7620MB (lfb 19x4MB) SWAP 2/12002MB (cached 0MB) CPU [4%@729,2%@729,25%@729,0%@729,1%@729,14%@729] GR3D_FREQ 6% cpu@48.593C soc2@47.562C soc0@46.312C gpu@47.687C tj@48.593C soc1@46.093C VDD_IN 4465mW/4415mW VDD_CPU_GPU_CV 796mW/754mW VDD_SOC 1355mW/1356mW
08-09-2026 19:48:33 RAM 2985/7620MB (lfb 19x4MB) SWAP 2/12002MB (cached 0MB) CPU [3%@729,2%@729,40%@729,1%@729,0%@729,0%@729] GR3D_FREQ 7% cpu@48.437C soc2@47.687C soc0@46.218C gpu@47.812C tj@48.437C soc1@46.156C VDD_IN 4465mW/4415mW VDD_CPU_GPU_CV 796mW/754mW VDD_SOC 1355mW/1356mW
08-09-2026 19:48:34 RAM 2985/7620MB (lfb 19x4MB) SWAP 2/12002MB (cached 0MB) CPU [6%@1510,2%@1510,41%@1510,1%@1510,1%@729,2%@729] GR3D_FREQ 12% cpu@48.562C soc2@47.812C soc0@46.437C gpu@47.656C tj@48.562C soc1@46.25C VDD_IN 4465mW/4415mW VDD_CPU_GPU_CV 796mW/754mW VDD_SOC 1355mW/1356mW
08-09-2026 19:48:35 RAM 2985/7620MB (lfb 19x4MB) SWAP 2/12002MB (cached 0MB) CPU [4%@729,3%@729,11%@729,0%@729,28%@729,0%@729] GR3D_FREQ 13% cpu@48.625C soc2@47.687C soc0@46.406C gpu@47.687C tj@48.656C soc1@46.187C VDD_IN 4465mW/4415mW VDD_CPU_GPU_CV 796mW/754mW VDD_SOC 1355mW/1356mW
08-09-2026 19:48:36 RAM 2985/7620MB (lfb 19x4MB) SWAP 2/12002MB (cached 0MB) CPU [2%@1510,1%@1510,1%@1510,1%@1510,40%@729,3%@729] GR3D_FREQ 12% cpu@48.843C soc2@47.687C soc0@46.218C gpu@47.687C tj@48.843C soc1@46.156C VDD_IN 4465mW/4415mW VDD_CPU_GPU_CV 796mW/755mW VDD_SOC 1355mW/1356mW
08-09-2026 19:48:37 RAM 2985/7620MB (lfb 19x4MB) SWAP 2/12002MB (cached 0MB) CPU [4%@729,1%@729,2%@729,1%@729,40%@729,2%@729] GR3D_FREQ 13% cpu@48.437C soc2@47.718C soc0@46.343C gpu@47.875C tj@48.437C soc1@46.25C VDD_IN 4465mW/4416mW VDD_CPU_GPU_CV 796mW/755mW VDD_SOC 1355mW/1356mW
08-09-2026 19:48:38 RAM 2985/7620MB (lfb 19x4MB) SWAP 2/12002MB (cached 0MB) CPU [4%@1510,1%@1510,0%@1510,1%@1510,28%@729,1%@729] GR3D_FREQ 6% cpu@48.531C soc2@47.687C soc0@46.437C gpu@47.875C tj@48.531C soc1@46.312C VDD_IN 4385mW/4416mW VDD_CPU_GPU_CV 756mW/755mW VDD_SOC 1355mW/1356mW
08-09-2026 19:48:39 RAM 2985/7620MB (lfb 19x4MB) SWAP 2/12002MB (cached 0MB) CPU [3%@1510,0%@1510,0%@1510,2%@1510,27%@729,1%@729] GR3D_FREQ 11% cpu@48.843C soc2@47.687C soc0@46.531C gpu@47.718C tj@48.843C soc1@46.156C VDD_IN 4425mW/4416mW VDD_CPU_GPU_CV 756mW/755mW VDD_SOC 1355mW/1356mW
08-09-2026 19:48:40 RAM 2985/7620MB (lfb 19x4MB) SWAP 2/12002MB (cached 0MB) CPU [2%@729,1%@729,1%@729,1%@729,21%@729,5%@729] GR3D_FREQ 9% cpu@48.375C soc2@47.718C soc0@46.343C gpu@47.687C tj@48.375C soc1@46.312C VDD_IN 4425mW/4416mW VDD_CPU_GPU_CV 756mW/755mW VDD_SOC 1355mW/1356mW
08-09-2026 19:48:41 RAM 2985/7620MB (lfb 19x4MB) SWAP 2/12002MB (cached 0MB) CPU [5%@729,1%@729,2%@729,0%@729,22%@729,1%@729] GR3D_FREQ 6% cpu@48.531C soc2@47.75C soc0@46.343C gpu@47.968C tj@48.531C soc1@46.156C VDD_IN 4425mW/4416mW VDD_CPU_GPU_CV 756mW/755mW VDD_SOC 1355mW/1356mW
08-09-2026 19:48:42 RAM 2985/7620MB (lfb 19x4MB) SWAP 2/12002MB (cached 0MB) CPU [4%@729,2%@729,2%@729,0%@729,26%@729,0%@729] GR3D_FREQ 7% cpu@48.781C soc2@47.718C soc0@46.281C gpu@47.656C tj@48.531C soc1@46.218C VDD_IN 4425mW/4416mW VDD_CPU_GPU_CV 756mW/755mW VDD_SOC 1355mW/1356mW
08-09-2026 19:48:44 RAM 2985/7620MB (lfb 19x4MB) SWAP 2/12002MB (cached 0MB) CPU [4%@729,0%@729,2%@729,1%@729,27%@729,0%@729] GR3D_FREQ 6% cpu@48.531C soc2@47.75C soc0@46.375C gpu@47.75C tj@48.531C soc1@46.125C VDD_IN 4425mW/4416mW VDD_CPU_GPU_CV 756mW/755mW VDD_SOC 1355mW/1356mW
08-09-2026 19:48:45 RAM 2985/7620MB (lfb 19x4MB) SWAP 2/12002MB (cached 0MB) CPU [7%@729,1%@729,10%@729,4%@729,10%@729,0%@729] GR3D_FREQ 7% cpu@48.75C soc2@47.687C soc0@46.281C gpu@48C tj@48.75C soc1@46.125C VDD_IN 4385mW/4416mW VDD_CPU_GPU_CV 756mW/755mW VDD_SOC 1355mW/1356mW
08-09-2026 19:48:46 RAM 2985/7620MB (lfb 19x4MB) SWAP 2/12002MB (cached 0MB) CPU [5%@729,1%@729,1%@729,26%@729,0%@729,0%@729] GR3D_FREQ 12% cpu@48.625C soc2@47.781C soc0@46.312C gpu@47.718C tj@48.625C soc1@46.343C VDD_IN 4425mW/4416mW VDD_CPU_GPU_CV 756mW/755mW VDD_SOC 1355mW/1356mW
08-09-2026 19:48:47 RAM 2985/7620MB (lfb 19x4MB) SWAP 2/12002MB (cached 0MB) CPU [4%@1510,1%@1510,8%@1510,20%@1510,1%@729,1%@729] GR3D_FREQ 7% cpu@48.843C soc2@47.625C soc0@46.531C gpu@47.937C tj@48.843C soc1@46.125C VDD_IN 4425mW/4416mW VDD_CPU_GPU_CV 756mW/755mW VDD_SOC 1355mW/1356mW
08-09-2026 19:48:48 RAM 2985/7620MB (lfb 19x4MB) SWAP 2/12002MB (cached 0MB) CPU [21%@1510,3%@1510,2%@1510,9%@1510,2%@729,0%@729] GR3D_FREQ 7% cpu@48.656C soc2@47.75C soc0@46.312C gpu@47.906C tj@48.656C soc1@46.312C VDD_IN 4425mW/4416mW VDD_CPU_GPU_CV 756mW/755mW VDD_SOC 1355mW/1356mW
08-09-2026 19:48:49 RAM 2985/7620MB (lfb 19x4MB) SWAP 2/12002MB (cached 0MB) CPU [29%@729,1%@729,1%@729,6%@729,0%@729,0%@729] GR3D_FREQ 8% cpu@48.75C soc2@47.625C soc0@46.25C gpu@47.843C tj@48.75C soc1@46.125C VDD_IN 4385mW/4416mW VDD_CPU_GPU_CV 756mW/755mW VDD_SOC 1355mW/1356mW
08-09-2026 19:48:50 RAM 2985/7620MB (lfb 19x4MB) SWAP 2/12002MB (cached 0MB) CPU [21%@729,0%@729,2%@729,1%@729,11%@729,1%@729] GR3D_FREQ 7% cpu@48.562C soc2@47.812C soc0@46.375C gpu@47.843C tj@48.562C soc1@46.312C VDD_IN 4425mW/4416mW VDD_CPU_GPU_CV 756mW/755mW VDD_SOC 1355mW/1356mW
08-09-2026 19:48:51 RAM 2985/7620MB (lfb 19x4MB) SWAP 2/12002MB (cached 0MB) CPU [10%@729,2%@729,2%@729,1%@729,13%@729,8%@729] GR3D_FREQ 10% cpu@48.781C soc2@47.562C soc0@46.312C gpu@47.656C tj@48.781C soc1@46.125C VDD_IN 4425mW/4416mW VDD_CPU_GPU_CV 756mW/755mW VDD_SOC 1355mW/1356mW
08-09-2026 19:48:52 RAM 2985/7620MB (lfb 19x4MB) SWAP 2/12002MB (cached 0MB) CPU [3%@729,1%@729,3%@729,1%@729,1%@729,22%@729] GR3D_FREQ 6% cpu@48.437C soc2@47.718C soc0@46.312C gpu@47.781C tj@48.562C soc1@46.25C VDD_IN 4385mW/4416mW VDD_CPU_GPU_CV 756mW/755mW VDD_SOC 1355mW/1356mW
08-09-2026 19:48:53 RAM 2985/7620MB (lfb 19x4MB) SWAP 2/12002MB (cached 0MB) CPU [3%@1510,2%@1510,0%@1510,1%@1510,3%@729,27%@729] GR3D_FREQ 7% cpu@48.906C soc2@47.687C soc0@46.375C gpu@47.656C tj@48.906C soc1@46.218C VDD_IN 4385mW/4415mW VDD_CPU_GPU_CV 756mW/755mW VDD_SOC 1355mW/1356mW
08-09-2026 19:48:54 RAM 2985/7620MB (lfb 19x4MB) SWAP 2/12002MB (cached 0MB) CPU [3%@729,0%@729,6%@729,2%@729,20%@729,6%@729] GR3D_FREQ 12% cpu@48.437C soc2@47.75C soc0@46.375C gpu@48.187C tj@48.437C soc1@46.375C VDD_IN 4425mW/4415mW VDD_CPU_GPU_CV 756mW/755mW VDD_SOC 1355mW/1356mW
08-09-2026 19:48:55 RAM 2985/7620MB (lfb 19x4MB) SWAP 2/12002MB (cached 0MB) CPU [3%@1510,1%@1510,25%@1510,0%@1510,9%@729,0%@729] GR3D_FREQ 6% cpu@48.437C soc2@47.656C soc0@46.312C gpu@47.75C tj@48.437C soc1@46.125C VDD_IN 4425mW/4415mW VDD_CPU_GPU_CV 756mW/755mW VDD_SOC 1355mW/1356mW
08-09-2026 19:48:56 RAM 2985/7620MB (lfb 19x4MB) SWAP 2/12002MB (cached 0MB) CPU [3%@729,4%@729,32%@729,0%@729,2%@729,1%@729] GR3D_FREQ 13% cpu@48.812C soc2@47.687C soc0@46.312C gpu@47.843C tj@48.562C soc1@46.25C VDD_IN 4425mW/4416mW VDD_CPU_GPU_CV 756mW/755mW VDD_SOC 1355mW/1356mW
08-09-2026 19:48:57 RAM 2985/7620MB (lfb 19x4MB) SWAP 2/12002MB (cached 0MB) CPU [24%@729,1%@729,8%@729,1%@729,1%@729,0%@729] GR3D_FREQ 15% cpu@48.593C soc2@47.75C soc0@46.375C gpu@47.75C tj@48.593C soc1@46.312C VDD_IN 4385mW/4415mW VDD_CPU_GPU_CV 756mW/755mW VDD_SOC 1355mW/1356mW
08-09-2026 19:48:58 RAM 2985/7620MB (lfb 19x4MB) SWAP 2/12002MB (cached 0MB) CPU [29%@883,10%@883,1%@883,1%@883,1%@729,2%@729] GR3D_FREQ 0% cpu@48.875C soc2@47.75C soc0@46.312C gpu@47.875C tj@48.875C soc1@46.187C VDD_IN 4425mW/4415mW VDD_CPU_GPU_CV 756mW/755mW VDD_SOC 1355mW/1356mW
08-09-2026 19:48:59 RAM 2985/7620MB (lfb 19x4MB) SWAP 2/12002MB (cached 0MB) CPU [4%@729,19%@729,2%@729,1%@729,0%@729,0%@729] GR3D_FREQ 14% cpu@48.406C soc2@47.687C soc0@46.343C gpu@47.718C tj@48.406C soc1@46.25C VDD_IN 4465mW/4416mW VDD_CPU_GPU_CV 756mW/755mW VDD_SOC 1395mW/1356mW
08-09-2026 19:49:00 RAM 2985/7620MB (lfb 19x4MB) SWAP 2/12002MB (cached 0MB) CPU [4%@729,12%@729,2%@729,0%@729,0%@729,5%@729] GR3D_FREQ 7% cpu@48.812C soc2@47.687C soc0@46.437C gpu@47.781C tj@48.812C soc1@46.156C VDD_IN 4465mW/4416mW VDD_CPU_GPU_CV 756mW/755mW VDD_SOC 1395mW/1356mW
08-09-2026 19:49:01 RAM 2985/7620MB (lfb 19x4MB) SWAP 2/12002MB (cached 0MB) CPU [3%@1510,1%@1510,3%@1510,1%@1510,1%@729,18%@729] GR3D_FREQ 11% cpu@48.468C soc2@47.656C soc0@46.25C gpu@47.656C tj@48.468C soc1@46.25C VDD_IN 4505mW/4416mW VDD_CPU_GPU_CV 756mW/755mW VDD_SOC 1395mW/1357mW
08-09-2026 19:49:02 RAM 2985/7620MB (lfb 19x4MB) SWAP 2/12002MB (cached 0MB) CPU [3%@729,1%@729,16%@729,1%@729,0%@729,3%@729] GR3D_FREQ 11% cpu@48.593C soc2@47.687C soc0@46.25C gpu@47.812C tj@48.593C soc1@46.156C VDD_IN 4505mW/4417mW VDD_CPU_GPU_CV 756mW/755mW VDD_SOC 1395mW/1357mW
08-09-2026 19:49:03 RAM 2985/7620MB (lfb 19x4MB) SWAP 2/12002MB (cached 0MB) CPU [2%@1510,2%@1510,4%@1510,1%@1510,12%@729,4%@729] GR3D_FREQ 9% cpu@48.437C soc2@47.687C soc0@46.312C gpu@47.625C tj@48.437C soc1@46.187C VDD_IN 4465mW/4417mW VDD_CPU_GPU_CV 756mW/755mW VDD_SOC 1395mW/1357mW
08-09-2026 19:49:04 RAM 2985/7620MB (lfb 19x4MB) SWAP 2/12002MB (cached 0MB) CPU [3%@1510,0%@1510,5%@1510,1%@1510,1%@729,17%@729] GR3D_FREQ 8% cpu@48.5C soc2@47.562C soc0@46.406C gpu@48.093C tj@48.5C soc1@46.125C VDD_IN 4472mW/4417mW VDD_CPU_GPU_CV 756mW/755mW VDD_SOC 1395mW/1357mW
08-09-2026 19:49:05 RAM 2985/7620MB (lfb 19x4MB) SWAP 2/12002MB (cached 0MB) CPU [4%@729,1%@729,5%@729,1%@729,1%@729,14%@729] GR3D_FREQ 6% cpu@48.5C soc2@47.781C soc0@46.281C gpu@47.781C tj@48.5C soc1@46.187C VDD_IN 4465mW/4417mW VDD_CPU_GPU_CV 756mW/755mW VDD_SOC 1395mW/1357mW
08-09-2026 19:49:06 RAM 2985/7620MB (lfb 19x4MB) SWAP 2/12002MB (cached 0MB) CPU [3%@1510,1%@1510,2%@1510,1%@1510,20%@729,0%@729] GR3D_FREQ 8% cpu@48.562C soc2@47.625C soc0@46.468C gpu@48.156C tj@48.562C soc1@46.031C VDD_IN 4505mW/4417mW VDD_CPU_GPU_CV 756mW/755mW VDD_SOC 1395mW/1357mW
08-09-2026 19:49:07 RAM 2985/7620MB (lfb 19x4MB) SWAP 2/12002MB (cached 0MB) CPU [3%@1510,0%@1510,1%@1510,1%@1510,15%@729,0%@729] GR3D_FREQ 8% cpu@48.437C soc2@47.656C soc0@46.25C gpu@48.031C tj@48.437C soc1@46.156C VDD_IN 4465mW/4418mW VDD_CPU_GPU_CV 756mW/755mW VDD_SOC 1395mW/1357mW
08-09-2026 19:49:08 RAM 2985/7620MB (lfb 19x4MB) SWAP 2/12002MB (cached 0MB) CPU [2%@729,0%@729,5%@729,1%@729,13%@729,5%@729] GR3D_FREQ 7% cpu@48.718C soc2@47.593C soc0@46.218C gpu@47.718C tj@48.718C soc1@46.031C VDD_IN 4505mW/4418mW VDD_CPU_GPU_CV 756mW/755mW VDD_SOC 1395mW/1358mW
08-09-2026 19:49:09 RAM 2985/7620MB (lfb 19x4MB) SWAP 2/12002MB (cached 0MB) CPU [3%@729,2%@729,4%@729,2%@729,1%@729,20%@729] GR3D_FREQ 13% cpu@48.468C soc2@47.562C soc0@46.281C gpu@48C tj@48.812C soc1@46.093C VDD_IN 4385mW/4418mW VDD_CPU_GPU_CV 756mW/755mW VDD_SOC 1355mW/1358mW
08-09-2026 19:49:10 RAM 2985/7620MB (lfb 19x4MB) SWAP 2/12002MB (cached 0MB) CPU [3%@729,0%@729,10%@729,0%@729,0%@729,12%@729] GR3D_FREQ 12% cpu@48.531C soc2@47.656C soc0@46.312C gpu@48.031C tj@48.531C soc1@46.218C VDD_IN 4392mW/4418mW VDD_CPU_GPU_CV 756mW/755mW VDD_SOC 1355mW/1358mW
08-09-2026 19:49:11 RAM 2985/7620MB (lfb 19x4MB) SWAP 2/12002MB (cached 0MB) CPU [3%@729,1%@729,5%@729,17%@729,1%@729,0%@729] GR3D_FREQ 13% cpu@48.437C soc2@47.656C soc0@46.312C gpu@47.75C tj@48.437C soc1@46.187C VDD_IN 4385mW/4418mW VDD_CPU_GPU_CV 756mW/755mW VDD_SOC 1355mW/1358mW
08-09-2026 19:49:12 RAM 2985/7620MB (lfb 19x4MB) SWAP 2/12002MB (cached 0MB) CPU [3%@729,0%@729,2%@729,5%@729,17%@729,2%@729] GR3D_FREQ 12% cpu@48.593C soc2@47.656C soc0@46.156C gpu@47.937C tj@48.593C soc1@46C VDD_IN 4392mW/4418mW VDD_CPU_GPU_CV 756mW/755mW VDD_SOC 1355mW/1358mW
08-09-2026 19:49:13 RAM 2985/7620MB (lfb 19x4MB) SWAP 2/12002MB (cached 0MB) CPU [4%@729,3%@729,2%@729,0%@729,22%@729,0%@729] GR3D_FREQ 7% cpu@48.5C soc2@47.625C soc0@46.312C gpu@47.718C tj@48.5C soc1@46.156C VDD_IN 4385mW/4417mW VDD_CPU_GPU_CV 756mW/755mW VDD_SOC 1355mW/1358mW
08-09-2026 19:49:14 RAM 2985/7620MB (lfb 19x4MB) SWAP 2/12002MB (cached 0MB) CPU [3%@1510,0%@1510,2%@1510,11%@1510,9%@729,1%@729] GR3D_FREQ 7% cpu@48.625C soc2@47.562C soc0@46.375C gpu@48C tj@48.625C soc1@46.062C VDD_IN 4385mW/4417mW VDD_CPU_GPU_CV 756mW/755mW VDD_SOC 1355mW/1358mW
08-09-2026 19:49:15 RAM 2985/7620MB (lfb 19x4MB) SWAP 2/12002MB (cached 0MB) CPU [4%@729,1%@729,3%@729,19%@729,1%@729,0%@729] GR3D_FREQ 13% cpu@48.531C soc2@47.718C soc0@46.281C gpu@48.031C tj@48.531C soc1@46.031C VDD_IN 4385mW/4417mW VDD_CPU_GPU_CV 756mW/755mW VDD_SOC 1355mW/1358mW
08-09-2026 19:49:16 RAM 2985/7620MB (lfb 19x4MB) SWAP 2/12002MB (cached 0MB) CPU [4%@1510,2%@1510,10%@1510,17%@1510,0%@729,0%@729] GR3D_FREQ 7% cpu@48.5C soc2@47.718C soc0@46.187C gpu@47.75C tj@48.5C soc1@46.218C VDD_IN 4385mW/4417mW VDD_CPU_GPU_CV 756mW/755mW VDD_SOC 1355mW/1358mW
08-09-2026 19:49:17 RAM 2985/7620MB (lfb 19x4MB) SWAP 2/12002MB (cached 0MB) CPU [4%@1510,1%@1510,2%@1510,0%@1510,23%@729,1%@729] GR3D_FREQ 13% cpu@48.531C soc2@47.687C soc0@46.406C gpu@47.781C tj@48.687C soc1@46.25C VDD_IN 4425mW/4417mW VDD_CPU_GPU_CV 756mW/755mW VDD_SOC 1355mW/1358mW
08-09-2026 19:49:18 RAM 2985/7620MB (lfb 19x4MB) SWAP 2/12002MB (cached 0MB) CPU [3%@1510,2%@1510,2%@1510,0%@1510,28%@729,0%@729] GR3D_FREQ 7% cpu@48.468C soc2@47.718C soc0@46.25C gpu@48.093C tj@48.468C soc1@46C VDD_IN 4425mW/4417mW VDD_CPU_GPU_CV 756mW/755mW VDD_SOC 1355mW/1358mW
08-09-2026 19:49:19 RAM 2985/7620MB (lfb 19x4MB) SWAP 2/12002MB (cached 0MB) CPU [3%@729,2%@729,1%@729,1%@729,31%@729,1%@729] GR3D_FREQ 6% cpu@48.656C soc2@47.656C soc0@46.218C gpu@48.062C tj@48.656C soc1@46.125C VDD_IN 4425mW/4417mW VDD_CPU_GPU_CV 756mW/755mW VDD_SOC 1355mW/1358mW
08-09-2026 19:49:20 RAM 2985/7620MB (lfb 19x4MB) SWAP 2/12002MB (cached 0MB) CPU [3%@1510,0%@1510,1%@1510,2%@1510,35%@729,0%@729] GR3D_FREQ 12% cpu@48.343C soc2@47.656C soc0@46.156C gpu@48.031C tj@48.343C soc1@46.187C VDD_IN 4425mW/4417mW VDD_CPU_GPU_CV 796mW/755mW VDD_SOC 1355mW/1357mW
08-09-2026 19:49:21 RAM 2985/7620MB (lfb 19x4MB) SWAP 2/12002MB (cached 0MB) CPU [4%@729,3%@729,6%@729,0%@729,33%@729,1%@729] GR3D_FREQ 9% cpu@48.406C soc2@47.812C soc0@46.312C gpu@47.781C tj@48.406C soc1@46.031C VDD_IN 4425mW/4417mW VDD_CPU_GPU_CV 796mW/755mW VDD_SOC 1355mW/1357mW
08-09-2026 19:49:22 RAM 2985/7620MB (lfb 19x4MB) SWAP 2/12002MB (cached 0MB) CPU [3%@729,1%@729,2%@729,1%@729,30%@729,2%@729] GR3D_FREQ 7% cpu@48.625C soc2@47.687C soc0@46.281C gpu@47.843C tj@48.625C soc1@46C VDD_IN 4425mW/4417mW VDD_CPU_GPU_CV 756mW/755mW VDD_SOC 1355mW/1357mW
08-09-2026 19:49:23 RAM 2985/7620MB (lfb 19x4MB) SWAP 2/12002MB (cached 0MB) CPU [4%@729,1%@729,2%@729,0%@729,34%@729,0%@729] GR3D_FREQ 12% cpu@48.5C soc2@47.593C soc0@46.25C gpu@47.718C tj@48.375C soc1@46.093C VDD_IN 4425mW/4417mW VDD_CPU_GPU_CV 796mW/755mW VDD_SOC 1355mW/1357mW
08-09-2026 19:49:24 RAM 2985/7620MB (lfb 19x4MB) SWAP 2/12002MB (cached 0MB) CPU [3%@729,1%@729,4%@729,15%@729,20%@729,0%@729] GR3D_FREQ 10% cpu@48.406C soc2@47.75C soc0@46.281C gpu@48.125C tj@48.406C soc1@46.218C VDD_IN 4465mW/4417mW VDD_CPU_GPU_CV 796mW/755mW VDD_SOC 1355mW/1357mW
08-09-2026 19:49:25 RAM 2985/7620MB (lfb 19x4MB) SWAP 2/12002MB (cached 0MB) CPU [4%@729,1%@729,1%@729,31%@729,2%@729,1%@729] GR3D_FREQ 12% cpu@48.5C soc2@47.656C soc0@46.437C gpu@47.625C tj@48.5C soc1@46.218C VDD_IN 4425mW/4417mW VDD_CPU_GPU_CV 796mW/756mW VDD_SOC 1355mW/1357mW
08-09-2026 19:49:26 RAM 2985/7620MB (lfb 19x4MB) SWAP 2/12002MB (cached 0MB) CPU [5%@1510,1%@1510,0%@1510,13%@1510,22%@729,2%@729] GR3D_FREQ 12% cpu@48.75C soc2@47.625C soc0@46.406C gpu@47.656C tj@48.75C soc1@46.156C VDD_IN 4425mW/4417mW VDD_CPU_GPU_CV 756mW/756mW VDD_SOC 1355mW/1357mW
08-09-2026 19:49:27 RAM 2985/7620MB (lfb 19x4MB) SWAP 2/12002MB (cached 0MB) CPU [2%@1510,0%@1510,18%@1510,0%@1510,18%@729,1%@729] GR3D_FREQ 7% cpu@48.406C soc2@47.656C soc0@46.218C gpu@47.718C tj@48.406C soc1@46.093C VDD_IN 4425mW/4417mW VDD_CPU_GPU_CV 796mW/756mW VDD_SOC 1355mW/1357mW
08-09-2026 19:49:28 RAM 2985/7620MB (lfb 19x4MB) SWAP 2/12002MB (cached 0MB) CPU [3%@729,1%@729,37%@729,2%@729,2%@729,1%@729] GR3D_FREQ 10% cpu@48.437C soc2@47.593C soc0@46.187C gpu@47.906C tj@48.437C soc1@46.031C VDD_IN 4425mW/4418mW VDD_CPU_GPU_CV 756mW/756mW VDD_SOC 1355mW/1357mW
08-09-2026 19:49:29 RAM 2985/7620MB (lfb 19x4MB) SWAP 2/12002MB (cached 0MB) CPU [3%@729,1%@729,21%@729,0%@729,2%@729,0%@729] GR3D_FREQ 9% cpu@48.437C soc2@47.781C soc0@46.312C gpu@47.812C tj@48.656C soc1@46.312C VDD_IN 4385mW/4417mW VDD_CPU_GPU_CV 756mW/756mW VDD_SOC 1355mW/1357mW
08-09-2026 19:49:30 RAM 2985/7620MB (lfb 19x4MB) SWAP 2/12002MB (cached 0MB) CPU [4%@729,12%@729,6%@729,6%@729,0%@729,1%@729] GR3D_FREQ 12% cpu@48.562C soc2@47.562C soc0@46.406C gpu@47.812C tj@48.562C soc1@46C VDD_IN 4385mW/4417mW VDD_CPU_GPU_CV 756mW/756mW VDD_SOC 1355mW/1357mW
08-09-2026 19:49:31 RAM 2985/7620MB (lfb 19x4MB) SWAP 2/12002MB (cached 0MB) CPU [9%@1510,1%@1510,10%@1510,7%@1510,2%@729,1%@729] GR3D_FREQ 7% cpu@48.656C soc2@47.625C soc0@46.156C gpu@47.625C tj@48.656C soc1@46.093C VDD_IN 4385mW/4417mW VDD_CPU_GPU_CV 756mW/756mW VDD_SOC 1355mW/1357mW
08-09-2026 19:49:32 RAM 2985/7620MB (lfb 19x4MB) SWAP 2/12002MB (cached 0MB) CPU [3%@1510,1%@1510,16%@1510,4%@1510,1%@729,1%@729] GR3D_FREQ 7% cpu@48.312C soc2@47.593C soc0@46.281C gpu@47.656C tj@48.312C soc1@46.156C VDD_IN 4392mW/4417mW VDD_CPU_GPU_CV 716mW/756mW VDD_SOC 1355mW/1357mW
08-09-2026 19:49:33 RAM 2985/7620MB (lfb 19x4MB) SWAP 2/12002MB (cached 0MB) CPU [2%@729,1%@729,8%@729,16%@729,1%@729,1%@729] GR3D_FREQ 12% cpu@48.468C soc2@47.687C soc0@46.312C gpu@47.718C tj@48.468C soc1@46.25C VDD_IN 4392mW/4417mW VDD_CPU_GPU_CV 756mW/756mW VDD_SOC 1355mW/1357mW
08-09-2026 19:49:34 RAM 2985/7620MB (lfb 19x4MB) SWAP 2/12002MB (cached 0MB) CPU [3%@1510,1%@1510,1%@1510,20%@1510,0%@729,0%@729] GR3D_FREQ 7% cpu@48.531C soc2@47.593C soc0@46.375C gpu@47.875C tj@48.531C soc1@46C VDD_IN 4385mW/4417mW VDD_CPU_GPU_CV 756mW/756mW VDD_SOC 1355mW/1357mW
08-09-2026 19:49:35 RAM 2985/7620MB (lfb 19x4MB) SWAP 2/12002MB (cached 0MB) CPU [4%@729,1%@729,9%@729,13%@729,3%@729,1%@729] GR3D_FREQ 6% cpu@48.343C soc2@47.625C soc0@46.281C gpu@47.843C tj@48.343C soc1@45.968C VDD_IN 4392mW/4417mW VDD_CPU_GPU_CV 757mW/756mW VDD_SOC 1355mW/1357mW
08-09-2026 19:49:36 RAM 2985/7620MB (lfb 19x4MB) SWAP 2/12002MB (cached 0MB) CPU [3%@1510,1%@1510,1%@1510,20%@1510,0%@729,0%@729] GR3D_FREQ 7% cpu@48.406C soc2@47.656C soc0@46.25C gpu@47.625C tj@48.406C soc1@46.093C VDD_IN 4385mW/4417mW VDD_CPU_GPU_CV 716mW/755mW VDD_SOC 1355mW/1357mW
08-09-2026 19:49:37 RAM 2985/7620MB (lfb 19x4MB) SWAP 2/12002MB (cached 0MB) CPU [4%@1510,1%@1510,1%@1510,21%@1510,1%@729,1%@729] GR3D_FREQ 6% cpu@48.531C soc2@47.437C soc0@46.312C gpu@47.625C tj@48.531C soc1@45.937C VDD_IN 4392mW/4417mW VDD_CPU_GPU_CV 757mW/755mW VDD_SOC 1355mW/1357mW
08-09-2026 19:49:38 RAM 2985/7620MB (lfb 19x4MB) SWAP 2/12002MB (cached 0MB) CPU [4%@729,0%@729,1%@729,3%@729,4%@729,17%@729] GR3D_FREQ 18% cpu@48.687C soc2@47.625C soc0@46.187C gpu@47.875C tj@48.687C soc1@46.187C VDD_IN 4425mW/4417mW VDD_CPU_GPU_CV 756mW/755mW VDD_SOC 1355mW/1357mW
08-09-2026 19:49:39 RAM 2985/7620MB (lfb 19x4MB) SWAP 2/12002MB (cached 0MB) CPU [9%@729,12%@729,1%@729,0%@729,2%@729,0%@729] GR3D_FREQ 6% cpu@48.437C soc2@47.562C soc0@46.25C gpu@47.562C tj@48.437C soc1@46.125C VDD_IN 4432mW/4417mW VDD_CPU_GPU_CV 756mW/755mW VDD_SOC 1355mW/1357mW
08-09-2026 19:49:40 RAM 2985/7620MB (lfb 19x4MB) SWAP 2/12002MB (cached 0MB) CPU [5%@729,9%@729,2%@729,0%@729,0%@729,13%@729] GR3D_FREQ 8% cpu@48.406C soc2@47.562C soc0@46.156C gpu@47.625C tj@48.406C soc1@46.093C VDD_IN 4432mW/4417mW VDD_CPU_GPU_CV 757mW/755mW VDD_SOC 1355mW/1357mW
08-09-2026 19:49:41 RAM 2985/7620MB (lfb 19x4MB) SWAP 2/12002MB (cached 0MB) CPU [4%@729,1%@729,6%@729,1%@729,0%@729,14%@729] GR3D_FREQ 6% cpu@48.593C soc2@47.5C soc0@46.468C gpu@47.718C tj@48.593C soc1@46.031C VDD_IN 4432mW/4417mW VDD_CPU_GPU_CV 756mW/755mW VDD_SOC 1355mW/1357mW
08-09-2026 19:49:42 RAM 2985/7620MB (lfb 19x4MB) SWAP 2/12002MB (cached 0MB) CPU [3%@1510,0%@1510,1%@1510,1%@1510,1%@729,18%@729] GR3D_FREQ 6% cpu@48.531C soc2@47.625C soc0@46.25C gpu@47.812C tj@48.531C soc1@46.125C VDD_IN 4432mW/4417mW VDD_CPU_GPU_CV 757mW/755mW VDD_SOC 1355mW/1357mW
08-09-2026 19:49:43 RAM 2985/7620MB (lfb 19x4MB) SWAP 2/12002MB (cached 0MB) CPU [3%@729,2%@729,2%@729,1%@729,2%@729,16%@729] GR3D_FREQ 6% cpu@48.375C soc2@47.625C soc0@46.281C gpu@47.875C tj@48.375C soc1@46.093C VDD_IN 4472mW/4417mW VDD_CPU_GPU_CV 757mW/755mW VDD_SOC 1395mW/1357mW
08-09-2026 19:49:44 RAM 2985/7620MB (lfb 19x4MB) SWAP 2/12002MB (cached 0MB) CPU [3%@729,0%@729,1%@729,1%@729,1%@729,17%@729] GR3D_FREQ 8% cpu@48.562C soc2@47.625C soc0@46.312C gpu@47.625C tj@48.562C soc1@45.968C VDD_IN 4432mW/4417mW VDD_CPU_GPU_CV 757mW/755mW VDD_SOC 1355mW/1357mW
08-09-2026 19:49:45 RAM 2985/7620MB (lfb 19x4MB) SWAP 2/12002MB (cached 0MB) CPU [4%@1510,2%@1510,3%@1510,0%@1510,0%@729,18%@729] GR3D_FREQ 6% cpu@48.312C soc2@47.5C soc0@46.187C gpu@47.687C tj@48.312C soc1@46.062C VDD_IN 4472mW/4417mW VDD_CPU_GPU_CV 756mW/755mW VDD_SOC 1395mW/1358mW
08-09-2026 19:49:46 RAM 2985/7620MB (lfb 19x4MB) SWAP 2/12002MB (cached 0MB) CPU [3%@1510,1%@1510,1%@1510,1%@1510,0%@729,17%@729] GR3D_FREQ 8% cpu@48.406C soc2@47.75C soc0@46.281C gpu@47.937C tj@48.406C soc1@46.093C VDD_IN 4432mW/4417mW VDD_CPU_GPU_CV 756mW/755mW VDD_SOC 1355mW/1358mW
08-09-2026 19:49:47 RAM 2985/7620MB (lfb 19x4MB) SWAP 2/12002MB (cached 0MB) CPU [3%@729,1%@729,2%@729,1%@729,0%@729,18%@729] GR3D_FREQ 8% cpu@48.562C soc2@47.593C soc0@46.312C gpu@47.656C tj@48.562C soc1@45.937C VDD_IN 4425mW/4417mW VDD_CPU_GPU_CV 756mW/755mW VDD_SOC 1355mW/1357mW
08-09-2026 19:49:48 RAM 2985/7620MB (lfb 19x4MB) SWAP 2/12002MB (cached 0MB) CPU [7%@1510,0%@1510,2%@1510,1%@1510,2%@729,19%@729] GR3D_FREQ 8% cpu@48.656C soc2@47.562C soc0@46.187C gpu@47.656C tj@48.656C soc1@46.093C VDD_IN 4465mW/4417mW VDD_CPU_GPU_CV 756mW/755mW VDD_SOC 1355mW/1357mW
08-09-2026 19:49:49 RAM 2985/7620MB (lfb 19x4MB) SWAP 2/12002MB (cached 0MB) CPU [15%@729,1%@729,10%@729,2%@729,0%@729,0%@729] GR3D_FREQ 8% cpu@48.312C soc2@47.562C soc0@46.312C gpu@47.937C tj@48.312C soc1@46.062C VDD_IN 4313mW/4417mW VDD_CPU_GPU_CV 717mW/755mW VDD_SOC 1315mW/1357mW
08-09-2026 19:49:50 RAM 2985/7620MB (lfb 19x4MB) SWAP 2/12002MB (cached 0MB) CPU [4%@729,1%@729,22%@729,1%@729,1%@729,0%@729] GR3D_FREQ 9% cpu@48.406C soc2@47.468C soc0@46.406C gpu@47.718C tj@48.406C soc1@45.968C VDD_IN 4392mW/4417mW VDD_CPU_GPU_CV 717mW/755mW VDD_SOC 1355mW/1357mW
08-09-2026 19:49:51 RAM 2985/7620MB (lfb 19x4MB) SWAP 2/12002MB (cached 0MB) CPU [5%@729,1%@729,15%@729,1%@729,0%@729,5%@729] GR3D_FREQ 9% cpu@48.562C soc2@47.562C soc0@46.125C gpu@47.687C tj@48.562C soc1@46.093C VDD_IN 4353mW/4417mW VDD_CPU_GPU_CV 717mW/755mW VDD_SOC 1315mW/1357mW
08-09-2026 19:49:52 RAM 2985/7620MB (lfb 19x4MB) SWAP 2/12002MB (cached 0MB) CPU [3%@729,2%@729,1%@729,1%@729,0%@729,20%@729] GR3D_FREQ 11% cpu@48.281C soc2@47.625C soc0@46.187C gpu@48C tj@48.281C soc1@46.25C VDD_IN 4353mW/4417mW VDD_CPU_GPU_CV 717mW/755mW VDD_SOC 1315mW/1357mW
08-09-2026 19:49:53 RAM 2985/7620MB (lfb 19x4MB) SWAP 2/12002MB (cached 0MB) CPU [3%@729,2%@729,1%@729,0%@729,0%@729,19%@729] GR3D_FREQ 11% cpu@48.562C soc2@47.625C soc0@46.312C gpu@48.062C tj@48.562C soc1@46C VDD_IN 4353mW/4416mW VDD_CPU_GPU_CV 716mW/755mW VDD_SOC 1315mW/1357mW
08-09-2026 19:49:54 RAM 2985/7620MB (lfb 19x4MB) SWAP 2/12002MB (cached 0MB) CPU [4%@1510,3%@1510,0%@1510,1%@1510,0%@729,20%@729] GR3D_FREQ 6% cpu@48.531C soc2@47.593C soc0@46.218C gpu@47.656C tj@48.531C soc1@45.968C VDD_IN 4392mW/4416mW VDD_CPU_GPU_CV 757mW/755mW VDD_SOC 1355mW/1357mW
08-09-2026 19:49:55 RAM 2985/7620MB (lfb 19x4MB) SWAP 2/12002MB (cached 0MB) CPU [5%@729,2%@729,2%@729,0%@729,1%@729,19%@729] GR3D_FREQ 11% cpu@48.437C soc2@47.562C soc0@46.156C gpu@47.687C tj@48.437C soc1@46.187C VDD_IN 4353mW/4416mW VDD_CPU_GPU_CV 717mW/755mW VDD_SOC 1355mW/1357mW
08-09-2026 19:49:56 RAM 2985/7620MB (lfb 19x4MB) SWAP 2/12002MB (cached 0MB) CPU [3%@729,2%@729,1%@729,1%@729,0%@729,20%@729] GR3D_FREQ 11% cpu@48.5C soc2@47.593C soc0@46.218C gpu@48C tj@48.5C soc1@46.218C VDD_IN 4353mW/4416mW VDD_CPU_GPU_CV 717mW/755mW VDD_SOC 1355mW/1357mW
08-09-2026 19:49:57 RAM 2985/7620MB (lfb 19x4MB) SWAP 2/12002MB (cached 0MB) CPU [4%@729,2%@729,2%@729,0%@729,0%@729,20%@729] GR3D_FREQ 7% cpu@48.468C soc2@47.562C soc0@46.281C gpu@48C tj@48.75C soc1@46.125C VDD_IN 4432mW/4416mW VDD_CPU_GPU_CV 757mW/755mW VDD_SOC 1355mW/1357mW
08-09-2026 19:49:58 RAM 2985/7620MB (lfb 19x4MB) SWAP 2/12002MB (cached 0MB) CPU [5%@729,1%@729,4%@729,2%@729,0%@729,21%@729] GR3D_FREQ 9% cpu@48.687C soc2@47.593C soc0@46.187C gpu@47.687C tj@48.687C soc1@46.156C VDD_IN 4425mW/4416mW VDD_CPU_GPU_CV 756mW/755mW VDD_SOC 1355mW/1357mW
08-09-2026 19:49:59 RAM 2985/7620MB (lfb 19x4MB) SWAP 2/12002MB (cached 0MB) CPU [3%@1510,2%@1510,1%@1510,1%@1510,1%@729,13%@729] GR3D_FREQ 6% cpu@48.343C soc2@47.656C soc0@46.125C gpu@47.75C tj@48.437C soc1@46.218C VDD_IN 4425mW/4416mW VDD_CPU_GPU_CV 756mW/755mW VDD_SOC 1355mW/1357mW
08-09-2026 19:50:00 RAM 2985/7620MB (lfb 19x4MB) SWAP 2/12002MB (cached 0MB) CPU [6%@729,2%@729,2%@729,0%@729,0%@729,14%@729] GR3D_FREQ 8% cpu@48.375C soc2@47.625C soc0@46.312C gpu@48.062C tj@48.593C soc1@45.937C VDD_IN 4425mW/4416mW VDD_CPU_GPU_CV 756mW/755mW VDD_SOC 1355mW/1357mW
08-09-2026 19:50:01 RAM 2985/7620MB (lfb 19x4MB) SWAP 2/12002MB (cached 0MB) CPU [4%@1510,5%@1510,1%@1510,0%@1510,0%@729,14%@729] GR3D_FREQ 7% cpu@48.531C soc2@47.562C soc0@46.156C gpu@47.718C tj@48.375C soc1@46.062C VDD_IN 4432mW/4416mW VDD_CPU_GPU_CV 756mW/755mW VDD_SOC 1355mW/1357mW
08-09-2026 19:50:02 RAM 2985/7620MB (lfb 19x4MB) SWAP 2/12002MB (cached 0MB) CPU [2%@729,14%@729,2%@729,1%@729,4%@729,0%@729] GR3D_FREQ 7% cpu@48.5C soc2@47.656C soc0@46.343C gpu@48.093C tj@48.5C soc1@46.125C VDD_IN 4392mW/4416mW VDD_CPU_GPU_CV 756mW/755mW VDD_SOC 1355mW/1357mW
08-09-2026 19:50:03 RAM 2985/7620MB (lfb 19x4MB) SWAP 2/12002MB (cached 0MB) CPU [3%@1510,1%@1510,0%@1510,1%@1510,16%@729,1%@729] GR3D_FREQ 7% cpu@48.593C soc2@47.656C soc0@46.218C gpu@47.718C tj@48.593C soc1@46.062C VDD_IN 4432mW/4416mW VDD_CPU_GPU_CV 756mW/755mW VDD_SOC 1355mW/1357mW
08-09-2026 19:50:04 RAM 2985/7620MB (lfb 19x4MB) SWAP 2/12002MB (cached 0MB) CPU [4%@1510,1%@1510,1%@1510,0%@1510,16%@729,1%@729] GR3D_FREQ 7% cpu@48.312C soc2@47.562C soc0@46.312C gpu@48.062C tj@48.406C soc1@46.125C VDD_IN 4392mW/4416mW VDD_CPU_GPU_CV 717mW/754mW VDD_SOC 1355mW/1357mW
08-09-2026 19:50:05 RAM 2985/7620MB (lfb 19x4MB) SWAP 2/12002MB (cached 0MB) CPU [3%@729,1%@729,2%@729,1%@729,13%@729,0%@729] GR3D_FREQ 12% cpu@48.625C soc2@47.625C soc0@46.343C gpu@47.718C tj@48.625C soc1@46C VDD_IN 4392mW/4416mW VDD_CPU_GPU_CV 757mW/754mW VDD_SOC 1355mW/1357mW
08-09-2026 19:50:06 RAM 2985/7620MB (lfb 19x4MB) SWAP 2/12002MB (cached 0MB) CPU [3%@1510,1%@1510,1%@1510,1%@1510,19%@729,1%@729] GR3D_FREQ 7% cpu@48.5C soc2@47.656C soc0@46.156C gpu@48.093C tj@48.312C soc1@46.187C VDD_IN 4392mW/4416mW VDD_CPU_GPU_CV 757mW/755mW VDD_SOC 1355mW/1357mW
08-09-2026 19:50:07 RAM 2985/7620MB (lfb 19x4MB) SWAP 2/12002MB (cached 0MB) CPU [4%@729,2%@729,1%@729,1%@729,16%@729,0%@729] GR3D_FREQ 11% cpu@48.375C soc2@47.625C soc0@46.281C gpu@47.718C tj@48.625C soc1@45.937C VDD_IN 4385mW/4416mW VDD_CPU_GPU_CV 756mW/755mW VDD_SOC 1355mW/1357mW
08-09-2026 19:50:08 RAM 2985/7620MB (lfb 19x4MB) SWAP 2/12002MB (cached 0MB) CPU [3%@729,1%@729,3%@729,2%@729,12%@729,10%@729] GR3D_FREQ 11% cpu@48.312C soc2@47.593C soc0@46.281C gpu@48.031C tj@48.312C soc1@46.062C VDD_IN 4313mW/4415mW VDD_CPU_GPU_CV 717mW/754mW VDD_SOC 1315mW/1357mW
08-09-2026 19:50:09 RAM 2985/7620MB (lfb 19x4MB) SWAP 2/12002MB (cached 0MB) CPU [6%@729,1%@729,1%@729,0%@729,1%@729,20%@729] GR3D_FREQ 13% cpu@48.375C soc2@47.718C soc0@46.312C gpu@47.718C tj@48.375C soc1@46.281C VDD_IN 4273mW/4415mW VDD_CPU_GPU_CV 717mW/754mW VDD_SOC 1317mW/1357mW
08-09-2026 19:50:10 RAM 2985/7620MB (lfb 19x4MB) SWAP 2/12002MB (cached 0MB) CPU [3%@729,3%@729,3%@729,1%@729,0%@729,15%@729] GR3D_FREQ 12% cpu@48.593C soc2@47.593C soc0@46.187C gpu@48.093C tj@48.593C soc1@46.093C VDD_IN 4273mW/4414mW VDD_CPU_GPU_CV 717mW/754mW VDD_SOC 1315mW/1356mW
08-09-2026 19:50:11 RAM 2985/7620MB (lfb 19x4MB) SWAP 2/12002MB (cached 0MB) CPU [3%@729,2%@729,2%@729,0%@729,0%@729,20%@729] GR3D_FREQ 15% cpu@48.5C soc2@47.718C soc0@46.218C gpu@47.687C tj@48.5C soc1@46.218C VDD_IN 4273mW/4414mW VDD_CPU_GPU_CV 717mW/754mW VDD_SOC 1315mW/1356mW
08-09-2026 19:50:12 RAM 2985/7620MB (lfb 19x4MB) SWAP 2/12002MB (cached 0MB) CPU [3%@729,2%@729,1%@729,1%@729,0%@729,19%@729] GR3D_FREQ 19% cpu@48.562C soc2@47.562C soc0@46.375C gpu@48.031C tj@48.562C soc1@46.031C VDD_IN 4273mW/4414mW VDD_CPU_GPU_CV 717mW/754mW VDD_SOC 1315mW/1356mW
08-09-2026 19:50:13 RAM 2985/7620MB (lfb 19x4MB) SWAP 2/12002MB (cached 0MB) CPU [17%@1510,2%@1510,1%@1510,1%@1510,2%@729,8%@729] GR3D_FREQ 13% cpu@48.343C soc2@47.656C soc0@46.281C gpu@47.718C tj@48.343C soc1@46.031C VDD_IN 4273mW/4413mW VDD_CPU_GPU_CV 717mW/754mW VDD_SOC 1315mW/1356mW
08-09-2026 19:50:14 RAM 2985/7620MB (lfb 19x4MB) SWAP 2/12002MB (cached 0MB) CPU [4%@729,2%@729,2%@729,1%@729,1%@729,20%@729] GR3D_FREQ 13% cpu@48.593C soc2@47.718C soc0@46.375C gpu@48.093C tj@48.593C soc1@46.062C VDD_IN 4273mW/4413mW VDD_CPU_GPU_CV 717mW/754mW VDD_SOC 1315mW/1356mW
08-09-2026 19:50:15 RAM 2985/7620MB (lfb 19x4MB) SWAP 2/12002MB (cached 0MB) CPU [3%@1510,2%@1510,2%@1510,0%@1510,0%@729,19%@729] GR3D_FREQ 15% cpu@48.281C soc2@47.656C soc0@46.156C gpu@47.718C tj@48.281C soc1@46.093C VDD_IN 4273mW/4412mW VDD_CPU_GPU_CV 717mW/754mW VDD_SOC 1315mW/1356mW
08-09-2026 19:50:16 RAM 2985/7620MB (lfb 19x4MB) SWAP 2/12002MB (cached 0MB) CPU [3%@729,1%@729,22%@729,2%@729,0%@729,0%@729] GR3D_FREQ 17% cpu@48.375C soc2@47.718C soc0@46.25C gpu@48.062C tj@48.375C soc1@46.281C VDD_IN 4273mW/4412mW VDD_CPU_GPU_CV 717mW/753mW VDD_SOC 1315mW/1356mW
08-09-2026 19:50:17 RAM 2985/7620MB (lfb 19x4MB) SWAP 2/12002MB (cached 0MB) CPU [15%@729,3%@729,3%@729,1%@729,10%@729,0%@729] GR3D_FREQ 20% cpu@48.531C soc2@47.562C soc0@46.187C gpu@47.718C tj@48.531C soc1@45.968C VDD_IN 4273mW/4411mW VDD_CPU_GPU_CV 717mW/753mW VDD_SOC 1315mW/1355mW
08-09-2026 19:50:18 RAM 2985/7620MB (lfb 19x4MB) SWAP 2/12002MB (cached 0MB) CPU [25%@1510,1%@1510,4%@1510,0%@1510,0%@729,0%@729] GR3D_FREQ 18% cpu@48.437C soc2@47.625C soc0@46.218C gpu@48.187C tj@48.437C soc1@46.218C VDD_IN 4425mW/4411mW VDD_CPU_GPU_CV 756mW/753mW VDD_SOC 1355mW/1355mW
08-09-2026 19:50:19 RAM 2985/7620MB (lfb 19x4MB) SWAP 2/12002MB (cached 0MB) CPU [22%@729,1%@729,2%@729,2%@729,1%@729,0%@729] GR3D_FREQ 8% cpu@48.625C soc2@47.625C soc0@46.218C gpu@48.031C tj@48.625C soc1@46.125C VDD_IN 4465mW/4412mW VDD_CPU_GPU_CV 756mW/753mW VDD_SOC 1395mW/1356mW
08-09-2026 19:50:20 RAM 2985/7620MB (lfb 19x4MB) SWAP 2/12002MB (cached 0MB) CPU [4%@1510,0%@1510,2%@1510,6%@1510,13%@729,0%@729] GR3D_FREQ 7% cpu@48.531C soc2@47.593C soc0@46.187C gpu@47.656C tj@48.531C soc1@46.187C VDD_IN 4512mW/4412mW VDD_CPU_GPU_CV 756mW/753mW VDD_SOC 1395mW/1356mW
08-09-2026 19:50:21 RAM 2985/7620MB (lfb 19x4MB) SWAP 2/12002MB (cached 0MB) CPU [3%@729,1%@729,5%@729,1%@729,17%@729,0%@729] GR3D_FREQ 11% cpu@48.718C soc2@47.593C soc0@46.062C gpu@48.093C tj@48.718C soc1@46.062C VDD_IN 4505mW/4412mW VDD_CPU_GPU_CV 756mW/753mW VDD_SOC 1395mW/1356mW
08-09-2026 19:50:22 RAM 2985/7620MB (lfb 19x4MB) SWAP 2/12002MB (cached 0MB) CPU [10%@1510,2%@1510,3%@1510,3%@1510,14%@729,0%@729] GR3D_FREQ 9% cpu@48.5C soc2@47.687C soc0@46.312C gpu@47.718C tj@48.5C soc1@46.062C VDD_IN 4505mW/4412mW VDD_CPU_GPU_CV 756mW/753mW VDD_SOC 1395mW/1356mW
08-09-2026 19:50:23 RAM 2985/7620MB (lfb 19x4MB) SWAP 2/12002MB (cached 0MB) CPU [5%@1510,0%@1510,2%@1510,0%@1510,17%@729,0%@729] GR3D_FREQ 11% cpu@48.781C soc2@47.531C soc0@46.375C gpu@48.062C tj@48.781C soc1@46C VDD_IN 4465mW/4413mW VDD_CPU_GPU_CV 756mW/753mW VDD_SOC 1395mW/1356mW
08-09-2026 19:50:24 RAM 2985/7620MB (lfb 19x4MB) SWAP 2/12002MB (cached 0MB) CPU [3%@1510,1%@1510,1%@1510,0%@1510,16%@729,1%@729] GR3D_FREQ 11% cpu@48.312C soc2@47.593C soc0@46.312C gpu@47.75C tj@48.312C soc1@46.093C VDD_IN 4505mW/4413mW VDD_CPU_GPU_CV 756mW/753mW VDD_SOC 1395mW/1356mW
08-09-2026 19:50:25 RAM 2985/7620MB (lfb 19x4MB) SWAP 2/12002MB (cached 0MB) CPU [2%@729,2%@729,6%@729,3%@729,2%@729,14%@729] GR3D_FREQ 7% cpu@48.843C soc2@47.625C soc0@46.343C gpu@47.718C tj@48.843C soc1@46.062C VDD_IN 4472mW/4413mW VDD_CPU_GPU_CV 757mW/753mW VDD_SOC 1395mW/1356mW
08-09-2026 19:50:26 RAM 2985/7620MB (lfb 19x4MB) SWAP 2/12002MB (cached 0MB) CPU [5%@1510,3%@1510,3%@1510,0%@1510,0%@729,17%@729] GR3D_FREQ 11% cpu@48.312C soc2@47.656C soc0@46.125C gpu@47.75C tj@48.312C soc1@46.093C VDD_IN 4505mW/4413mW VDD_CPU_GPU_CV 756mW/753mW VDD_SOC 1395mW/1356mW
08-09-2026 19:50:27 RAM 2985/7620MB (lfb 19x4MB) SWAP 2/12002MB (cached 0MB) CPU [3%@729,1%@729,1%@729,0%@729,15%@729,2%@729] GR3D_FREQ 7% cpu@48.468C soc2@47.687C soc0@46.312C gpu@48C tj@48.468C soc1@45.968C VDD_IN 4465mW/4414mW VDD_CPU_GPU_CV 756mW/753mW VDD_SOC 1395mW/1357mW
08-09-2026 19:50:28 RAM 2985/7620MB (lfb 19x4MB) SWAP 2/12002MB (cached 0MB) CPU [3%@729,1%@729,3%@729,14%@729,8%@729,0%@729] GR3D_FREQ 7% cpu@48.718C soc2@47.687C soc0@46.125C gpu@47.781C tj@48.718C soc1@46.125C VDD_IN 4306mW/4413mW VDD_CPU_GPU_CV 716mW/753mW VDD_SOC 1315mW/1356mW
08-09-2026 19:50:29 RAM 2985/7620MB (lfb 19x4MB) SWAP 2/12002MB (cached 0MB) CPU [4%@729,1%@729,1%@729,9%@729,10%@729,1%@729] GR3D_FREQ 7% cpu@48.437C soc2@47.625C soc0@46.312C gpu@47.718C tj@48.437C soc1@46.25C VDD_IN 4273mW/4413mW VDD_CPU_GPU_CV 717mW/753mW VDD_SOC 1315mW/1356mW
08-09-2026 19:50:30 RAM 2985/7620MB (lfb 19x4MB) SWAP 2/12002MB (cached 0MB) CPU [4%@1510,1%@1510,2%@1510,0%@1510,16%@729,1%@729] GR3D_FREQ 8% cpu@48.656C soc2@47.593C soc0@46.218C gpu@48.031C tj@48.656C soc1@46.062C VDD_IN 4273mW/4412mW VDD_CPU_GPU_CV 717mW/753mW VDD_SOC 1315mW/1356mW
08-09-2026 19:50:31 RAM 2985/7620MB (lfb 19x4MB) SWAP 2/12002MB (cached 0MB) CPU [2%@729,1%@729,1%@729,1%@729,16%@729,1%@729] GR3D_FREQ 9% cpu@48.375C soc2@47.656C soc0@46.25C gpu@47.687C tj@48.531C soc1@46.218C VDD_IN 4273mW/4412mW VDD_CPU_GPU_CV 717mW/753mW VDD_SOC 1315mW/1356mW
08-09-2026 19:50:32 RAM 2985/7620MB (lfb 19x4MB) SWAP 2/12002MB (cached 0MB) CPU [3%@729,2%@729,2%@729,0%@729,18%@729,1%@729] GR3D_FREQ 7% cpu@48.812C soc2@47.5C soc0@46.156C gpu@47.968C tj@48.812C soc1@46.062C VDD_IN 4313mW/4412mW VDD_CPU_GPU_CV 717mW/753mW VDD_SOC 1315mW/1356mW
08-09-2026 19:50:33 RAM 2985/7620MB (lfb 19x4MB) SWAP 2/12002MB (cached 0MB) CPU [4%@729,0%@729,1%@729,0%@729,17%@729,1%@729] GR3D_FREQ 12% cpu@48.343C soc2@47.593C soc0@46.156C gpu@47.718C tj@48.343C soc1@46.125C VDD_IN 4313mW/4411mW VDD_CPU_GPU_CV 717mW/753mW VDD_SOC 1315mW/1356mW
08-09-2026 19:50:34 RAM 2985/7620MB (lfb 19x4MB) SWAP 2/12002MB (cached 0MB) CPU [3%@1510,1%@1510,2%@1510,0%@1510,17%@729,2%@729] GR3D_FREQ 7% cpu@48.562C soc2@47.625C soc0@46.281C gpu@48.031C tj@48.562C soc1@45.968C VDD_IN 4313mW/4411mW VDD_CPU_GPU_CV 717mW/753mW VDD_SOC 1315mW/1356mW
08-09-2026 19:50:35 RAM 2985/7620MB (lfb 19x4MB) SWAP 2/12002MB (cached 0MB) CPU [3%@729,0%@729,3%@729,1%@729,18%@729,1%@729] GR3D_FREQ 7% cpu@48.687C soc2@47.531C soc0@46.218C gpu@47.718C tj@48.687C soc1@46.031C VDD_IN 4313mW/4411mW VDD_CPU_GPU_CV 717mW/753mW VDD_SOC 1315mW/1356mW
08-09-2026 19:50:36 RAM 2985/7620MB (lfb 19x4MB) SWAP 2/12002MB (cached 0MB) CPU [2%@1510,0%@1510,2%@1510,1%@1510,17%@729,1%@729] GR3D_FREQ 7% cpu@48.468C soc2@47.625C soc0@46.25C gpu@48C tj@48.468C soc1@46.25C VDD_IN 4313mW/4410mW VDD_CPU_GPU_CV 717mW/752mW VDD_SOC 1315mW/1355mW
08-09-2026 19:50:37 RAM 2985/7620MB (lfb 19x4MB) SWAP 2/12002MB (cached 0MB) CPU [5%@729,0%@729,3%@729,4%@729,12%@729,1%@729] GR3D_FREQ 7% cpu@48.718C soc2@47.5C soc0@46.187C gpu@48.093C tj@48.718C soc1@46.093C VDD_IN 4306mW/4410mW VDD_CPU_GPU_CV 716mW/752mW VDD_SOC 1315mW/1355mW
08-09-2026 19:50:38 RAM 2985/7620MB (lfb 19x4MB) SWAP 2/12002MB (cached 0MB) CPU [3%@729,1%@729,3%@729,37%@729,0%@729,1%@729] GR3D_FREQ 9% cpu@48.312C soc2@47.562C soc0@46.187C gpu@47.75C tj@48.312C soc1@46.218C VDD_IN 4385mW/4410mW VDD_CPU_GPU_CV 756mW/752mW VDD_SOC 1355mW/1355mW
08-09-2026 19:50:39 RAM 2985/7620MB (lfb 19x4MB) SWAP 2/12002MB (cached 0MB) CPU [4%@1510,1%@1510,3%@1510,15%@1510,1%@729,21%@729] GR3D_FREQ 7% cpu@48.812C soc2@47.562C soc0@46.25C gpu@48.062C tj@48.812C soc1@45.937C VDD_IN 4425mW/4410mW VDD_CPU_GPU_CV 796mW/752mW VDD_SOC 1355mW/1355mW
08-09-2026 19:50:41 RAM 2985/7620MB (lfb 19x4MB) SWAP 2/12002MB (cached 0MB) CPU [12%@729,23%@729,1%@729,0%@729,3%@729,8%@729] GR3D_FREQ 13% cpu@48.406C soc2@47.593C soc0@46.281C gpu@47.75C tj@48.406C soc1@46.093C VDD_IN 4425mW/4410mW VDD_CPU_GPU_CV 796mW/753mW VDD_SOC 1355mW/1355mW
08-09-2026 19:50:42 RAM 2985/7620MB (lfb 19x4MB) SWAP 2/12002MB (cached 0MB) CPU [33%@729,8%@729,1%@729,0%@729,0%@729,0%@729] GR3D_FREQ 13% cpu@48.468C soc2@47.625C soc0@46.312C gpu@47.625C tj@48.468C soc1@46.125C VDD_IN 4425mW/4410mW VDD_CPU_GPU_CV 796mW/753mW VDD_SOC 1355mW/1355mW
08-09-2026 19:50:43 RAM 2985/7620MB (lfb 19x4MB) SWAP 2/12002MB (cached 0MB) CPU [4%@1510,15%@1510,3%@1510,27%@1510,0%@729,0%@729] GR3D_FREQ 8% cpu@48.718C soc2@47.531C soc0@46.25C gpu@48.031C tj@48.718C soc1@46.125C VDD_IN 4465mW/4410mW VDD_CPU_GPU_CV 796mW/753mW VDD_SOC 1355mW/1355mW
08-09-2026 19:50:44 RAM 2985/7620MB (lfb 19x4MB) SWAP 2/12002MB (cached 0MB) CPU [5%@729,1%@729,14%@729,27%@729,1%@729,1%@729] GR3D_FREQ 7% cpu@48.531C soc2@47.718C soc0@46.343C gpu@47.718C tj@48.531C soc1@46.281C VDD_IN 4425mW/4410mW VDD_CPU_GPU_CV 796mW/753mW VDD_SOC 1355mW/1355mW
08-09-2026 19:50:45 RAM 2985/7620MB (lfb 19x4MB) SWAP 2/12002MB (cached 0MB) CPU [3%@729,1%@729,40%@729,1%@729,0%@729,0%@729] GR3D_FREQ 13% cpu@48.75C soc2@47.531C soc0@46.25C gpu@48.062C tj@48.75C soc1@46.125C VDD_IN 4425mW/4410mW VDD_CPU_GPU_CV 796mW/753mW VDD_SOC 1355mW/1355mW
08-09-2026 19:50:46 RAM 2985/7620MB (lfb 19x4MB) SWAP 2/12002MB (cached 0MB) CPU [2%@1510,3%@1510,40%@1510,0%@1510,0%@729,0%@729] GR3D_FREQ 13% cpu@48.5C soc2@47.593C soc0@46.281C gpu@47.656C tj@48.593C soc1@46.031C VDD_IN 4465mW/4411mW VDD_CPU_GPU_CV 796mW/753mW VDD_SOC 1355mW/1355mW
08-09-2026 19:50:47 RAM 2985/7620MB (lfb 19x4MB) SWAP 2/12002MB (cached 0MB) CPU [3%@729,2%@729,41%@729,1%@729,2%@729,1%@729] GR3D_FREQ 7% cpu@48.687C soc2@47.625C soc0@46.25C gpu@48.062C tj@48.687C soc1@46.156C VDD_IN 4425mW/4411mW VDD_CPU_GPU_CV 796mW/753mW VDD_SOC 1355mW/1355mW
08-09-2026 19:50:48 RAM 2985/7620MB (lfb 19x4MB) SWAP 2/12002MB (cached 0MB) CPU [4%@729,1%@729,4%@729,13%@729,23%@729,0%@729] GR3D_FREQ 11% cpu@48.375C soc2@47.625C soc0@46.281C gpu@47.593C tj@48.375C soc1@46.218C VDD_IN 4425mW/4411mW VDD_CPU_GPU_CV 796mW/753mW VDD_SOC 1355mW/1355mW
08-09-2026 19:50:49 RAM 2985/7620MB (lfb 19x4MB) SWAP 2/12002MB (cached 0MB) CPU [2%@1510,2%@1510,5%@1510,0%@1510,24%@729,0%@729] GR3D_FREQ 12% cpu@48.437C soc2@47.593C soc0@46.312C gpu@47.968C tj@48.437C soc1@46C VDD_IN 4465mW/4411mW VDD_CPU_GPU_CV 756mW/753mW VDD_SOC 1395mW/1355mW
08-09-2026 19:50:50 RAM 2985/7620MB (lfb 19x4MB) SWAP 2/12002MB (cached 0MB) CPU [3%@729,1%@729,6%@729,0%@729,8%@729,10%@729] GR3D_FREQ 11% cpu@48.781C soc2@47.593C soc0@46.218C gpu@47.718C tj@48.375C soc1@46.031C VDD_IN 4465mW/4411mW VDD_CPU_GPU_CV 756mW/753mW VDD_SOC 1395mW/1356mW
08-09-2026 19:50:51 RAM 2985/7620MB (lfb 19x4MB) SWAP 2/12002MB (cached 0MB) CPU [3%@1510,1%@1510,1%@1510,0%@1510,2%@729,15%@729] GR3D_FREQ 7% cpu@48.562C soc2@47.75C soc0@46.343C gpu@48.062C tj@48.562C soc1@46.343C VDD_IN 4465mW/4411mW VDD_CPU_GPU_CV 756mW/753mW VDD_SOC 1395mW/1356mW
08-09-2026 19:50:52 RAM 2985/7620MB (lfb 19x4MB) SWAP 2/12002MB (cached 0MB) CPU [2%@729,2%@729,2%@729,1%@729,16%@729,1%@729] GR3D_FREQ 11% cpu@48.656C soc2@47.687C soc0@46.125C gpu@47.718C tj@48.656C soc1@46.125C VDD_IN 4512mW/4411mW VDD_CPU_GPU_CV 756mW/753mW VDD_SOC 1395mW/1356mW
08-09-2026 19:50:53 RAM 2985/7620MB (lfb 19x4MB) SWAP 2/12002MB (cached 0MB) CPU [3%@729,4%@729,5%@729,1%@729,14%@729,0%@729] GR3D_FREQ 11% cpu@48.531C soc2@47.656C soc0@46.25C gpu@48.062C tj@48.531C soc1@46.312C VDD_IN 4505mW/4412mW VDD_CPU_GPU_CV 756mW/753mW VDD_SOC 1395mW/1356mW
08-09-2026 19:50:54 RAM 2985/7620MB (lfb 19x4MB) SWAP 2/12002MB (cached 0MB) CPU [3%@729,0%@729,1%@729,0%@729,8%@729,13%@729] GR3D_FREQ 6% cpu@48.812C soc2@47.687C soc0@46.218C gpu@47.718C tj@48.812C soc1@45.937C VDD_IN 4505mW/4412mW VDD_CPU_GPU_CV 756mW/753mW VDD_SOC 1395mW/1356mW
08-09-2026 19:50:55 RAM 2985/7620MB (lfb 19x4MB) SWAP 2/12002MB (cached 0MB) CPU [2%@1510,0%@1510,1%@1510,1%@1510,3%@729,15%@729] GR3D_FREQ 8% cpu@48.406C soc2@47.656C soc0@46.25C gpu@48.031C tj@48.406C soc1@46.281C VDD_IN 4465mW/4412mW VDD_CPU_GPU_CV 756mW/753mW VDD_SOC 1395mW/1356mW
08-09-2026 19:50:56 RAM 2987/7620MB (lfb 19x4MB) SWAP 2/12002MB (cached 0MB) CPU [3%@729,0%@729,3%@729,1%@729,16%@729,2%@729] GR3D_FREQ 8% cpu@48.5C soc2@47.625C soc0@46.125C gpu@47.781C tj@48.343C soc1@46.093C VDD_IN 4505mW/4412mW VDD_CPU_GPU_CV 756mW/753mW VDD_SOC 1395mW/1356mW
08-09-2026 19:50:57 RAM 2987/7620MB (lfb 19x4MB) SWAP 2/12002MB (cached 0MB) CPU [7%@1510,1%@1510,5%@1510,1%@1510,4%@729,8%@729] GR3D_FREQ 7% cpu@48.406C soc2@47.625C soc0@46.312C gpu@48.062C tj@48.406C soc1@46.125C VDD_IN 4465mW/4412mW VDD_CPU_GPU_CV 756mW/753mW VDD_SOC 1395mW/1356mW
08-09-2026 19:50:58 RAM 2987/7620MB (lfb 19x4MB) SWAP 2/12002MB (cached 0MB) CPU [3%@729,2%@729,2%@729,8%@729,10%@729,4%@729] GR3D_FREQ 1% cpu@48.5C soc2@47.562C soc0@46.125C gpu@48.062C tj@48.5C soc1@46.125C VDD_IN 4465mW/4413mW VDD_CPU_GPU_CV 756mW/753mW VDD_SOC 1355mW/1356mW
08-09-2026 19:50:59 RAM 2987/7620MB (lfb 19x4MB) SWAP 2/12002MB (cached 0MB) CPU [3%@1510,0%@1510,12%@1510,0%@1510,0%@729,6%@729] GR3D_FREQ 7% cpu@48.468C soc2@47.593C soc0@46.25C gpu@47.75C tj@48.468C soc1@46.125C VDD_IN 4505mW/4413mW VDD_CPU_GPU_CV 756mW/753mW VDD_SOC 1395mW/1356mW
08-09-2026 19:51:00 RAM 2987/7620MB (lfb 19x4MB) SWAP 2/12002MB (cached 0MB) CPU [3%@1510,1%@1510,21%@1510,1%@1510,1%@729,3%@729] GR3D_FREQ 11% cpu@48.593C soc2@47.625C soc0@46.5C gpu@47.968C tj@48.593C soc1@46.093C VDD_IN 4505mW/4413mW VDD_CPU_GPU_CV 756mW/753mW VDD_SOC 1395mW/1356mW
08-09-2026 19:51:01 RAM 2987/7620MB (lfb 19x4MB) SWAP 2/12002MB (cached 0MB) CPU [3%@729,2%@729,1%@729,0%@729,0%@729,16%@729] GR3D_FREQ 10% cpu@48.406C soc2@47.593C soc0@46.281C gpu@48C tj@48.406C soc1@46.218C VDD_IN 4465mW/4413mW VDD_CPU_GPU_CV 756mW/754mW VDD_SOC 1395mW/1357mW
08-09-2026 19:51:02 RAM 2987/7620MB (lfb 19x4MB) SWAP 2/12002MB (cached 0MB) CPU [2%@1510,1%@1510,1%@1510,0%@1510,0%@729,15%@729] GR3D_FREQ 11% cpu@48.406C soc2@47.625C soc0@46.281C gpu@47.968C tj@48.406C soc1@46.125C VDD_IN 4472mW/4413mW VDD_CPU_GPU_CV 756mW/754mW VDD_SOC 1395mW/1357mW
08-09-2026 19:51:03 RAM 2987/7620MB (lfb 19x4MB) SWAP 2/12002MB (cached 0MB) CPU [3%@729,2%@729,3%@729,1%@729,1%@729,16%@729] GR3D_FREQ 8% cpu@48.406C soc2@47.468C soc0@46.343C gpu@47.781C tj@48.406C soc1@46.031C VDD_IN 4465mW/4414mW VDD_CPU_GPU_CV 756mW/754mW VDD_SOC 1395mW/1357mW
08-09-2026 19:51:04 RAM 2987/7620MB (lfb 19x4MB) SWAP 2/12002MB (cached 0MB) CPU [3%@729,0%@729,9%@729,0%@729,0%@729,13%@729] GR3D_FREQ 8% cpu@48.781C soc2@47.562C soc0@46.156C gpu@47.937C tj@48.781C soc1@46.093C VDD_IN 4465mW/4414mW VDD_CPU_GPU_CV 756mW/754mW VDD_SOC 1395mW/1357mW
08-09-2026 19:51:05 RAM 2987/7620MB (lfb 19x4MB) SWAP 2/12002MB (cached 0MB) CPU [3%@1510,2%@1510,19%@1510,1%@1510,0%@729,1%@729] GR3D_FREQ 6% cpu@48.531C soc2@47.656C soc0@46.218C gpu@47.718C tj@48.531C soc1@46.343C VDD_IN 4505mW/4414mW VDD_CPU_GPU_CV 756mW/754mW VDD_SOC 1395mW/1357mW
08-09-2026 19:51:06 RAM 2987/7620MB (lfb 19x4MB) SWAP 2/12002MB (cached 0MB) CPU [3%@729,2%@1510,18%@1510,0%@1510,2%@729,1%@729] GR3D_FREQ 6% cpu@48.718C soc2@47.656C soc0@46.437C gpu@47.625C tj@48.718C soc1@46.031C VDD_IN 4465mW/4414mW VDD_CPU_GPU_CV 756mW/754mW VDD_SOC 1395mW/1357mW
08-09-2026 19:51:07 RAM 2987/7620MB (lfb 19x4MB) SWAP 2/12002MB (cached 0MB) CPU [9%@729,8%@729,8%@729,3%@729,0%@729,1%@729] GR3D_FREQ 11% cpu@48.375C soc2@47.593C soc0@46.281C gpu@47.937C tj@48.375C soc1@46.25C VDD_IN 4465mW/4414mW VDD_CPU_GPU_CV 756mW/754mW VDD_SOC 1395mW/1357mW
08-09-2026 19:51:08 RAM 2987/7620MB (lfb 19x4MB) SWAP 2/12002MB (cached 0MB) CPU [3%@729,0%@729,5%@729,20%@729,1%@729,0%@729] GR3D_FREQ 6% cpu@48.718C soc2@47.687C soc0@46.343C gpu@47.687C tj@48.718C soc1@46.031C VDD_IN 4425mW/4414mW VDD_CPU_GPU_CV 756mW/754mW VDD_SOC 1355mW/1357mW
08-09-2026 19:51:09 RAM 2987/7620MB (lfb 19x4MB) SWAP 2/12002MB (cached 0MB) CPU [4%@729,1%@729,19%@1510,8%@1510,0%@729,0%@729] GR3D_FREQ 13% cpu@48.343C soc2@47.593C soc0@46.187C gpu@47.968C tj@48.343C soc1@46.187C VDD_IN 4425mW/4414mW VDD_CPU_GPU_CV 756mW/754mW VDD_SOC 1355mW/1357mW
08-09-2026 19:51:10 RAM 2987/7620MB (lfb 19x4MB) SWAP 2/12002MB (cached 0MB) CPU [6%@1510,2%@1510,8%@1510,15%@1510,1%@729,0%@729] GR3D_FREQ 10% cpu@48.437C soc2@47.687C soc0@46.312C gpu@47.656C tj@48.437C soc1@46.312C VDD_IN 4385mW/4414mW VDD_CPU_GPU_CV 756mW/754mW VDD_SOC 1355mW/1357mW
08-09-2026 19:51:11 RAM 2987/7620MB (lfb 19x4MB) SWAP 2/12002MB (cached 0MB) CPU [3%@1510,2%@1510,3%@1510,24%@1510,1%@729,0%@729] GR3D_FREQ 6% cpu@48.562C soc2@47.593C soc0@46.281C gpu@47.625C tj@48.562C soc1@46.156C VDD_IN 4425mW/4414mW VDD_CPU_GPU_CV 756mW/754mW VDD_SOC 1355mW/1357mW
08-09-2026 19:51:12 RAM 2987/7620MB (lfb 19x4MB) SWAP 2/12002MB (cached 0MB) CPU [4%@729,1%@729,2%@729,26%@729,0%@729,1%@729] GR3D_FREQ 7% cpu@48.5C soc2@47.718C soc0@46.343C gpu@47.843C tj@48.5C soc1@46.281C VDD_IN 4425mW/4414mW VDD_CPU_GPU_CV 756mW/754mW VDD_SOC 1355mW/1357mW
08-09-2026 19:51:13 RAM 2987/7620MB (lfb 19x4MB) SWAP 2/12002MB (cached 0MB) CPU [5%@729,1%@729,4%@729,21%@729,3%@729,1%@729] GR3D_FREQ 7% cpu@48.687C soc2@47.562C soc0@46.312C gpu@47.656C tj@48.687C soc1@46.156C VDD_IN 4425mW/4414mW VDD_CPU_GPU_CV 756mW/754mW VDD_SOC 1355mW/1357mW
08-09-2026 19:51:14 RAM 2987/7620MB (lfb 19x4MB) SWAP 2/12002MB (cached 0MB) CPU [4%@729,4%@729,3%@729,22%@729,1%@729,1%@729] GR3D_FREQ 6% cpu@48.531C soc2@47.75C soc0@46.281C gpu@47.937C tj@48.531C soc1@46.281C VDD_IN 4425mW/4414mW VDD_CPU_GPU_CV 756mW/754mW VDD_SOC 1355mW/1357mW
08-09-2026 19:51:15 RAM 2987/7620MB (lfb 19x4MB) SWAP 2/12002MB (cached 0MB) CPU [2%@729,1%@729,1%@729,27%@729,1%@729,0%@729] GR3D_FREQ 10% cpu@48.812C soc2@47.687C soc0@46.218C gpu@47.625C tj@48.812C soc1@46.062C VDD_IN 4425mW/4414mW VDD_CPU_GPU_CV 756mW/754mW VDD_SOC 1355mW/1357mW
08-09-2026 19:51:16 RAM 2987/7620MB (lfb 19x4MB) SWAP 2/12002MB (cached 0MB) CPU [4%@729,2%@729,2%@729,25%@729,0%@729,0%@729] GR3D_FREQ 12% cpu@48.375C soc2@47.687C soc0@46.187C gpu@47.906C tj@48.375C soc1@46.25C VDD_IN 4425mW/4414mW VDD_CPU_GPU_CV 756mW/754mW VDD_SOC 1355mW/1357mW
08-09-2026 19:51:17 RAM 2987/7620MB (lfb 19x4MB) SWAP 2/12002MB (cached 0MB) CPU [4%@1510,1%@1510,1%@1510,21%@1510,2%@729,0%@729] GR3D_FREQ 7% cpu@48.781C soc2@47.687C soc0@46.281C gpu@47.812C tj@48.781C soc1@46.187C VDD_IN 4425mW/4414mW VDD_CPU_GPU_CV 756mW/754mW VDD_SOC 1355mW/1357mW
08-09-2026 19:51:18 RAM 2987/7620MB (lfb 19x4MB) SWAP 2/12002MB (cached 0MB) CPU [3%@729,1%@729,2%@729,26%@729,2%@729,1%@729] GR3D_FREQ 15% cpu@48.375C soc2@47.687C soc0@46.25C gpu@47.656C tj@48.375C soc1@46.031C VDD_IN 4425mW/4414mW VDD_CPU_GPU_CV 796mW/754mW VDD_SOC 1355mW/1357mW
08-09-2026 19:51:19 RAM 2987/7620MB (lfb 19x4MB) SWAP 2/12002MB (cached 0MB) CPU [4%@729,0%@729,2%@729,17%@729,1%@729,0%@729] GR3D_FREQ 7% cpu@48.406C soc2@47.593C soc0@46.406C gpu@47.937C tj@48.406C soc1@46.062C VDD_IN 4385mW/4414mW VDD_CPU_GPU_CV 756mW/754mW VDD_SOC 1355mW/1357mW
08-09-2026 19:51:20 RAM 2987/7620MB (lfb 19x4MB) SWAP 2/12002MB (cached 0MB) CPU [3%@729,3%@729,4%@729,15%@729,1%@729,0%@729] GR3D_FREQ 7% cpu@48.343C soc2@47.593C soc0@46.156C gpu@47.625C tj@48.343C soc1@46.062C VDD_IN 4346mW/4414mW VDD_CPU_GPU_CV 756mW/754mW VDD_SOC 1315mW/1357mW
08-09-2026 19:51:21 RAM 2987/7620MB (lfb 19x4MB) SWAP 2/12002MB (cached 0MB) CPU [5%@1510,2%@1510,4%@1510,14%@1510,2%@729,1%@729] GR3D_FREQ 13% cpu@48.562C soc2@47.531C soc0@46.218C gpu@47.875C tj@48.562C soc1@46.156C VDD_IN 4385mW/4414mW VDD_CPU_GPU_CV 756mW/754mW VDD_SOC 1355mW/1357mW
08-09-2026 19:51:22 RAM 2987/7620MB (lfb 19x4MB) SWAP 2/12002MB (cached 0MB) CPU [2%@729,0%@729,16%@729,0%@729,0%@729,3%@729] GR3D_FREQ 11% cpu@48.718C soc2@47.562C soc0@46.218C gpu@47.625C tj@48.375C soc1@46.031C VDD_IN 4313mW/4414mW VDD_CPU_GPU_CV 757mW/754mW VDD_SOC 1315mW/1357mW
08-09-2026 19:51:23 RAM 2987/7620MB (lfb 19x4MB) SWAP 2/12002MB (cached 0MB) CPU [3%@1510,3%@1510,21%@1510,0%@1510,1%@729,1%@729] GR3D_FREQ 7% cpu@48.562C soc2@47.656C soc0@46.25C gpu@47.875C tj@48.562C soc1@46.218C VDD_IN 4313mW/4414mW VDD_CPU_GPU_CV 717mW/754mW VDD_SOC 1315mW/1357mW
08-09-2026 19:51:24 RAM 2987/7620MB (lfb 19x4MB) SWAP 2/12002MB (cached 0MB) CPU [3%@1510,0%@1510,11%@1510,5%@1510,1%@729,5%@729] GR3D_FREQ 7% cpu@48.625C soc2@47.562C soc0@46.25C gpu@47.5C tj@48.625C soc1@46.062C VDD_IN 4353mW/4413mW VDD_CPU_GPU_CV 757mW/754mW VDD_SOC 1315mW/1357mW
08-09-2026 19:51:25 RAM 2987/7620MB (lfb 19x4MB) SWAP 2/12002MB (cached 0MB) CPU [4%@729,0%@729,2%@729,14%@729,2%@729,3%@729] GR3D_FREQ 7% cpu@48.375C soc2@47.656C soc0@46.25C gpu@47.843C tj@48.375C soc1@46.156C VDD_IN 4346mW/4413mW VDD_CPU_GPU_CV 756mW/754mW VDD_SOC 1315mW/1357mW
08-09-2026 19:51:26 RAM 2989/7620MB (lfb 19x4MB) SWAP 2/12002MB (cached 0MB) CPU [3%@1510,1%@1510,3%@1510,17%@1510,2%@729,0%@729] GR3D_FREQ 7% cpu@48.437C soc2@47.656C soc0@46.437C gpu@47.593C tj@48.343C soc1@45.968C VDD_IN 4385mW/4413mW VDD_CPU_GPU_CV 756mW/754mW VDD_SOC 1355mW/1357mW
08-09-2026 19:51:27 RAM 2989/7620MB (lfb 19x4MB) SWAP 2/12002MB (cached 0MB) CPU [3%@729,1%@729,2%@729,16%@729,1%@729,1%@729] GR3D_FREQ 13% cpu@48.406C soc2@47.562C soc0@46.218C gpu@47.875C tj@48.406C soc1@46.156C VDD_IN 4346mW/4413mW VDD_CPU_GPU_CV 756mW/754mW VDD_SOC 1315mW/1356mW
08-09-2026 19:51:28 RAM 2989/7620MB (lfb 19x4MB) SWAP 2/12002MB (cached 0MB) CPU [3%@729,3%@729,3%@729,16%@729,1%@729,8%@729] GR3D_FREQ 11% cpu@48.468C soc2@47.593C soc0@46.281C gpu@47.562C tj@48.468C soc1@46.062C VDD_IN 4385mW/4413mW VDD_CPU_GPU_CV 756mW/754mW VDD_SOC 1315mW/1356mW
08-09-2026 19:51:29 RAM 2989/7620MB (lfb 19x4MB) SWAP 2/12002MB (cached 0MB) CPU [4%@1510,15%@1510,11%@1510,0%@1510,0%@729,5%@729] GR3D_FREQ 7% cpu@48.406C soc2@47.593C soc0@46.156C gpu@47.593C tj@48.406C soc1@46.093C VDD_IN 4385mW/4413mW VDD_CPU_GPU_CV 756mW/754mW VDD_SOC 1355mW/1356mW
08-09-2026 19:51:30 RAM 2989/7620MB (lfb 19x4MB) SWAP 2/12002MB (cached 0MB) CPU [8%@1510,32%@1510,2%@1510,0%@1510,2%@729,0%@729] GR3D_FREQ 6% cpu@48.562C soc2@47.593C soc0@46.343C gpu@47.875C tj@48.562C soc1@45.937C VDD_IN 4465mW/4413mW VDD_CPU_GPU_CV 796mW/754mW VDD_SOC 1355mW/1356mW
08-09-2026 19:51:31 RAM 2989/7620MB (lfb 19x4MB) SWAP 2/12002MB (cached 0MB) CPU [4%@729,0%@729,34%@729,2%@729,0%@729,1%@729] GR3D_FREQ 7% cpu@48.343C soc2@47.437C soc0@46.156C gpu@47.625C tj@48.343C soc1@46.031C VDD_IN 4385mW/4413mW VDD_CPU_GPU_CV 756mW/754mW VDD_SOC 1355mW/1356mW
08-09-2026 19:51:32 RAM 2989/7620MB (lfb 19x4MB) SWAP 2/12002MB (cached 0MB) CPU [3%@1510,0%@1510,33%@1510,0%@1510,1%@729,1%@729] GR3D_FREQ 13% cpu@48.625C soc2@47.531C soc0@46.25C gpu@47.781C tj@48.625C soc1@46C VDD_IN 4425mW/4413mW VDD_CPU_GPU_CV 796mW/754mW VDD_SOC 1355mW/1356mW
08-09-2026 19:51:33 RAM 2989/7620MB (lfb 19x4MB) SWAP 2/12002MB (cached 0MB) CPU [3%@729,3%@729,31%@729,1%@729,0%@729,0%@729] GR3D_FREQ 7% cpu@48.187C soc2@47.5C soc0@46.156C gpu@47.593C tj@48.187C soc1@46.093C VDD_IN 4425mW/4413mW VDD_CPU_GPU_CV 756mW/754mW VDD_SOC 1355mW/1356mW
08-09-2026 19:51:34 RAM 2989/7620MB (lfb 19x4MB) SWAP 2/12002MB (cached 0MB) CPU [3%@729,2%@729,32%@729,1%@729,0%@729,0%@729] GR3D_FREQ 6% cpu@48.562C soc2@47.625C soc0@46.218C gpu@47.812C tj@48.562C soc1@46.187C VDD_IN 4425mW/4413mW VDD_CPU_GPU_CV 756mW/754mW VDD_SOC 1355mW/1356mW
08-09-2026 19:51:35 RAM 2989/7620MB (lfb 19x4MB) SWAP 2/12002MB (cached 0MB) CPU [4%@1510,3%@1510,29%@1510,9%@1510,1%@729,0%@729] GR3D_FREQ 11% cpu@48.343C soc2@47.468C soc0@46.187C gpu@47.562C tj@48.343C soc1@46.093C VDD_IN 4425mW/4413mW VDD_CPU_GPU_CV 756mW/754mW VDD_SOC 1355mW/1356mW
08-09-2026 19:51:36 RAM 2989/7620MB (lfb 19x4MB) SWAP 2/12002MB (cached 0MB) CPU [4%@729,0%@729,1%@729,31%@729,1%@729,1%@729] GR3D_FREQ 7% cpu@48.437C soc2@47.656C soc0@46.218C gpu@47.593C tj@48.437C soc1@46.125C VDD_IN 4465mW/4413mW VDD_CPU_GPU_CV 796mW/754mW VDD_SOC 1355mW/1356mW
08-09-2026 19:51:37 RAM 2989/7620MB (lfb 19x4MB) SWAP 2/12002MB (cached 0MB) CPU [3%@729,1%@729,29%@729,4%@729,1%@729,2%@729] GR3D_FREQ 7% cpu@48.531C soc2@47.5C soc0@46.093C gpu@47.812C tj@48.406C soc1@46.062C VDD_IN 4425mW/4413mW VDD_CPU_GPU_CV 796mW/754mW VDD_SOC 1355mW/1356mW
08-09-2026 19:51:38 RAM 2989/7620MB (lfb 19x4MB) SWAP 2/12002MB (cached 0MB) CPU [5%@729,2%@729,28%@729,4%@729,0%@729,1%@729] GR3D_FREQ 11% cpu@48.406C soc2@47.625C soc0@46.187C gpu@47.531C tj@48.406C soc1@46.156C VDD_IN 4425mW/4413mW VDD_CPU_GPU_CV 756mW/754mW VDD_SOC 1355mW/1356mW
08-09-2026 19:51:39 RAM 2989/7620MB (lfb 19x4MB) SWAP 2/12002MB (cached 0MB) CPU [3%@729,0%@729,2%@729,13%@729,2%@729,1%@729] GR3D_FREQ 7% cpu@48.281C soc2@47.593C soc0@46.187C gpu@47.5C tj@48.281C soc1@46.031C VDD_IN 4385mW/4413mW VDD_CPU_GPU_CV 756mW/754mW VDD_SOC 1355mW/1356mW
08-09-2026 19:51:40 RAM 2989/7620MB (lfb 19x4MB) SWAP 2/12002MB (cached 0MB) CPU [2%@1510,1%@1510,17%@1510,2%@1510,2%@729,2%@729] GR3D_FREQ 11% cpu@48.375C soc2@47.625C soc0@46.312C gpu@47.718C tj@48.375C soc1@45.812C VDD_IN 4313mW/4413mW VDD_CPU_GPU_CV 717mW/754mW VDD_SOC 1315mW/1356mW
08-09-2026 19:51:41 RAM 2989/7620MB (lfb 19x4MB) SWAP 2/12002MB (cached 0MB) CPU [4%@729,1%@729,18%@729,0%@729,1%@729,1%@729] GR3D_FREQ 8% cpu@48.468C soc2@47.5C soc0@46.25C gpu@47.468C tj@48.468C soc1@46.093C VDD_IN 4313mW/4413mW VDD_CPU_GPU_CV 717mW/754mW VDD_SOC 1315mW/1356mW
08-09-2026 19:51:42 RAM 2989/7620MB (lfb 19x4MB) SWAP 2/12002MB (cached 0MB) CPU [2%@1510,2%@1510,17%@1510,0%@1510,0%@729,0%@729] GR3D_FREQ 8% cpu@48.375C soc2@47.437C soc0@46.156C gpu@47.75C tj@48.375C soc1@46C VDD_IN 4313mW/4412mW VDD_CPU_GPU_CV 717mW/754mW VDD_SOC 1315mW/1356mW
08-09-2026 19:51:43 RAM 2990/7620MB (lfb 19x4MB) SWAP 2/12002MB (cached 0MB) CPU [4%@729,2%@729,19%@729,0%@729,2%@729,0%@729] GR3D_FREQ 8% cpu@48.593C soc2@47.468C soc0@46.312C gpu@47.437C tj@48.593C soc1@45.875C VDD_IN 4273mW/4412mW VDD_CPU_GPU_CV 717mW/754mW VDD_SOC 1315mW/1356mW
08-09-2026 19:51:44 RAM 2990/7620MB (lfb 19x4MB) SWAP 2/12002MB (cached 0MB) CPU [4%@729,2%@729,16%@729,0%@729,0%@729,2%@729] GR3D_FREQ 7% cpu@48.25C soc2@47.5C soc0@46.156C gpu@47.781C tj@48.25C soc1@46.093C VDD_IN 4313mW/4412mW VDD_CPU_GPU_CV 717mW/754mW VDD_SOC 1315mW/1356mW
08-09-2026 19:51:45 RAM 2990/7620MB (lfb 19x4MB) SWAP 2/12002MB (cached 0MB) CPU [4%@729,1%@729,18%@729,0%@729,0%@729,1%@729] GR3D_FREQ 7% cpu@48.5C soc2@47.406C soc0@46.312C gpu@47.468C tj@48.5C soc1@45.906C VDD_IN 4313mW/4412mW VDD_CPU_GPU_CV 757mW/754mW VDD_SOC 1315mW/1356mW
08-09-2026 19:51:46 RAM 2990/7620MB (lfb 19x4MB) SWAP 2/12002MB (cached 0MB) CPU [3%@1510,2%@1510,5%@1510,14%@1510,0%@729,0%@729] GR3D_FREQ 13% cpu@48.25C soc2@47.5C soc0@46.187C gpu@47.593C tj@48.25C soc1@45.937C VDD_IN 4346mW/4411mW VDD_CPU_GPU_CV 756mW/754mW VDD_SOC 1315mW/1356mW
08-09-2026 19:51:47 RAM 2990/7620MB (lfb 19x4MB) SWAP 2/12002MB (cached 0MB) CPU [3%@729,3%@729,2%@729,19%@729,0%@729,0%@729] GR3D_FREQ 12% cpu@48.343C soc2@47.468C soc0@46.281C gpu@47.437C tj@48.625C soc1@45.812C VDD_IN 4346mW/4411mW VDD_CPU_GPU_CV 756mW/754mW VDD_SOC 1355mW/1356mW
08-09-2026 19:51:48 RAM 2990/7620MB (lfb 19x4MB) SWAP 2/12002MB (cached 0MB) CPU [4%@729,2%@729,1%@729,30%@729,3%@729,1%@729] GR3D_FREQ 7% cpu@48.218C soc2@47.406C soc0@46.062C gpu@47.687C tj@48.218C soc1@45.968C VDD_IN 4385mW/4411mW VDD_CPU_GPU_CV 756mW/754mW VDD_SOC 1355mW/1356mW
08-09-2026 19:51:49 RAM 2990/7620MB (lfb 19x4MB) SWAP 2/12002MB (cached 0MB) CPU [3%@729,0%@729,2%@729,31%@729,1%@729,1%@729] GR3D_FREQ 7% cpu@48.406C soc2@47.468C soc0@46.25C gpu@47.5C tj@48.406C soc1@45.843C VDD_IN 4425mW/4411mW VDD_CPU_GPU_CV 756mW/754mW VDD_SOC 1355mW/1356mW
08-09-2026 19:51:50 RAM 2990/7620MB (lfb 19x4MB) SWAP 2/12002MB (cached 0MB) CPU [4%@729,3%@729,1%@729,30%@729,1%@729,1%@729] GR3D_FREQ 10% cpu@48.593C soc2@47.437C soc0@46.062C gpu@47.625C tj@48.593C soc1@46C VDD_IN 4425mW/4411mW VDD_CPU_GPU_CV 796mW/754mW VDD_SOC 1355mW/1356mW
08-09-2026 19:51:51 RAM 2990/7620MB (lfb 19x4MB) SWAP 2/12002MB (cached 0MB) CPU [4%@729,3%@729,2%@729,35%@729,1%@729,0%@729] GR3D_FREQ 13% cpu@48.312C soc2@47.531C soc0@46.187C gpu@47.687C tj@48.312C soc1@46.062C VDD_IN 4425mW/4411mW VDD_CPU_GPU_CV 796mW/754mW VDD_SOC 1355mW/1356mW
08-09-2026 19:51:52 RAM 2990/7620MB (lfb 19x4MB) SWAP 2/12002MB (cached 0MB) CPU [6%@1510,2%@1510,1%@1510,20%@1510,10%@729,0%@729] GR3D_FREQ 6% cpu@48.562C soc2@47.437C soc0@46.093C gpu@47.437C tj@48.562C soc1@45.906C VDD_IN 4425mW/4411mW VDD_CPU_GPU_CV 796mW/754mW VDD_SOC 1355mW/1356mW
08-09-2026 19:51:53 RAM 2990/7620MB (lfb 19x4MB) SWAP 2/12002MB (cached 0MB) CPU [5%@729,1%@729,2%@729,31%@729,1%@729,2%@729] GR3D_FREQ 7% cpu@48.343C soc2@47.625C soc0@46.187C gpu@47.687C tj@48.375C soc1@45.875C VDD_IN 4465mW/4411mW VDD_CPU_GPU_CV 796mW/754mW VDD_SOC 1355mW/1356mW
08-09-2026 19:51:54 RAM 2990/7620MB (lfb 19x4MB) SWAP 2/12002MB (cached 0MB) CPU [3%@729,4%@729,0%@729,30%@729,1%@729,2%@729] GR3D_FREQ 7% cpu@48.625C soc2@47.406C soc0@46C gpu@47.781C tj@48.625C soc1@46.031C VDD_IN 4425mW/4411mW VDD_CPU_GPU_CV 796mW/754mW VDD_SOC 1355mW/1356mW
08-09-2026 19:51:55 RAM 2990/7620MB (lfb 19x4MB) SWAP 2/12002MB (cached 0MB) CPU [5%@1510,2%@1510,2%@1510,35%@1510,1%@729,0%@729] GR3D_FREQ 7% cpu@48.375C soc2@47.531C soc0@46.156C gpu@47.406C tj@48.375C soc1@46.156C VDD_IN 4425mW/4411mW VDD_CPU_GPU_CV 796mW/754mW VDD_SOC 1355mW/1356mW
08-09-2026 19:51:56 RAM 2990/7620MB (lfb 19x4MB) SWAP 2/12002MB (cached 0MB) CPU [4%@729,1%@729,2%@729,33%@729,1%@729,0%@729] GR3D_FREQ 7% cpu@48.281C soc2@47.562C soc0@46.125C gpu@47.656C tj@48.281C soc1@46.031C VDD_IN 4465mW/4412mW VDD_CPU_GPU_CV 796mW/754mW VDD_SOC 1355mW/1356mW
08-09-2026 19:51:57 RAM 2990/7620MB (lfb 19x4MB) SWAP 2/12002MB (cached 0MB) CPU [3%@729,2%@729,0%@729,31%@729,0%@729,0%@729] GR3D_FREQ 14% cpu@48.312C soc2@47.5C soc0@46.25C gpu@47.406C tj@48.312C soc1@46.156C VDD_IN 4465mW/4412mW VDD_CPU_GPU_CV 796mW/754mW VDD_SOC 1355mW/1356mW
08-09-2026 19:51:58 RAM 2990/7620MB (lfb 19x4MB) SWAP 2/12002MB (cached 0MB) CPU [4%@1510,3%@729,2%@729,26%@729,2%@729,0%@729] GR3D_FREQ 6% cpu@48.375C soc2@47.5C soc0@46.093C gpu@47.656C tj@48.375C soc1@46C VDD_IN 4505mW/4412mW VDD_CPU_GPU_CV 756mW/754mW VDD_SOC 1395mW/1356mW
08-09-2026 19:51:59 RAM 2990/7620MB (lfb 19x4MB) SWAP 2/12002MB (cached 0MB) CPU [3%@1510,2%@1510,3%@1510,6%@1510,11%@729,0%@729] GR3D_FREQ 8% cpu@48.281C soc2@47.5C soc0@46.218C gpu@47.5C tj@48.281C soc1@46.156C VDD_IN 4465mW/4412mW VDD_CPU_GPU_CV 756mW/754mW VDD_SOC 1395mW/1356mW
08-09-2026 19:52:00 RAM 2990/7620MB (lfb 19x4MB) SWAP 2/12002MB (cached 0MB) CPU [4%@1510,1%@1510,2%@1510,2%@1510,20%@729,1%@729] GR3D_FREQ 8% cpu@48.406C soc2@47.531C soc0@46.312C gpu@47.718C tj@48.375C soc1@45.906C VDD_IN 4465mW/4412mW VDD_CPU_GPU_CV 756mW/754mW VDD_SOC 1395mW/1356mW
08-09-2026 19:52:01 RAM 2990/7620MB (lfb 19x4MB) SWAP 2/12002MB (cached 0MB) CPU [4%@1510,2%@1510,2%@1510,0%@1510,17%@729,0%@729] GR3D_FREQ 7% cpu@48.312C soc2@47.593C soc0@46.125C gpu@47.531C tj@48.312C soc1@46.031C VDD_IN 4465mW/4412mW VDD_CPU_GPU_CV 756mW/754mW VDD_SOC 1395mW/1356mW
08-09-2026 19:52:02 RAM 2990/7620MB (lfb 19x4MB) SWAP 2/12002MB (cached 0MB) CPU [3%@729,2%@729,3%@729,0%@729,14%@729,0%@729] GR3D_FREQ 8% cpu@48.468C soc2@47.5C soc0@46.156C gpu@47.468C tj@48.468C soc1@45.875C VDD_IN 4465mW/4412mW VDD_CPU_GPU_CV 756mW/754mW VDD_SOC 1395mW/1356mW
08-09-2026 19:52:03 RAM 2990/7620MB (lfb 19x4MB) SWAP 2/12002MB (cached 0MB) CPU [6%@729,1%@729,1%@729,1%@729,19%@729,1%@729] GR3D_FREQ 7% cpu@48.281C soc2@47.437C soc0@46.031C gpu@47.718C tj@48.281C soc1@46C VDD_IN 4505mW/4413mW VDD_CPU_GPU_CV 756mW/754mW VDD_SOC 1395mW/1356mW
08-09-2026 19:52:04 RAM 2990/7620MB (lfb 19x4MB) SWAP 2/12002MB (cached 0MB) CPU [4%@1510,1%@1510,2%@1510,2%@1510,17%@729,1%@729] GR3D_FREQ 12% cpu@48.5C soc2@47.593C soc0@46.25C gpu@47.531C tj@48.5C soc1@45.937C VDD_IN 4465mW/4413mW VDD_CPU_GPU_CV 756mW/754mW VDD_SOC 1395mW/1356mW
08-09-2026 19:52:05 RAM 2990/7620MB (lfb 19x4MB) SWAP 2/12002MB (cached 0MB) CPU [2%@1510,1%@1510,2%@1510,7%@1510,12%@729,0%@729] GR3D_FREQ 11% cpu@48.375C soc2@47.437C soc0@46.062C gpu@47.687C tj@48.375C soc1@46C VDD_IN 4505mW/4413mW VDD_CPU_GPU_CV 756mW/754mW VDD_SOC 1395mW/1356mW
08-09-2026 19:52:06 RAM 2990/7620MB (lfb 19x4MB) SWAP 2/12002MB (cached 0MB) CPU [3%@729,2%@729,5%@729,8%@729,10%@729,0%@729] GR3D_FREQ 8% cpu@48.281C soc2@47.5C soc0@46.187C gpu@47.531C tj@48.281C soc1@46.062C VDD_IN 4465mW/4413mW VDD_CPU_GPU_CV 756mW/754mW VDD_SOC 1395mW/1356mW
08-09-2026 19:52:07 RAM 2990/7620MB (lfb 19x4MB) SWAP 2/12002MB (cached 0MB) CPU [2%@1510,1%@1510,5%@1510,10%@1510,9%@729,0%@729] GR3D_FREQ 11% cpu@48.5C soc2@47.5C soc0@46C gpu@47.687C tj@48.5C soc1@46.062C VDD_IN 4465mW/4413mW VDD_CPU_GPU_CV 756mW/754mW VDD_SOC 1395mW/1356mW
08-09-2026 19:52:08 RAM 2990/7620MB (lfb 19x4MB) SWAP 2/12002MB (cached 0MB) CPU [4%@729,3%@729,2%@729,21%@729,0%@729,1%@729] GR3D_FREQ 8% cpu@48.406C soc2@47.562C soc0@46.156C gpu@47.468C tj@48.406C soc1@46.093C VDD_IN 4465mW/4413mW VDD_CPU_GPU_CV 756mW/754mW VDD_SOC 1355mW/1356mW
08-09-2026 19:52:09 RAM 2990/7620MB (lfb 19x4MB) SWAP 2/12002MB (cached 0MB) CPU [3%@729,2%@729,2%@729,14%@729,2%@729,0%@729] GR3D_FREQ 8% cpu@48.562C soc2@47.437C soc0@46.062C gpu@47.656C tj@48.5C soc1@46.031C VDD_IN 4425mW/4413mW VDD_CPU_GPU_CV 756mW/754mW VDD_SOC 1355mW/1356mW
08-09-2026 19:52:10 RAM 2990/7620MB (lfb 19x4MB) SWAP 2/12002MB (cached 0MB) CPU [4%@1510,2%@1510,8%@1510,1%@1510,12%@729,0%@729] GR3D_FREQ 7% cpu@48.343C soc2@47.468C soc0@46.125C gpu@47.531C tj@48.343C soc1@46.125C VDD_IN 4385mW/4413mW VDD_CPU_GPU_CV 756mW/754mW VDD_SOC 1355mW/1356mW
08-09-2026 19:52:11 RAM 2990/7620MB (lfb 19x4MB) SWAP 2/12002MB (cached 0MB) CPU [3%@729,2%@729,1%@729,0%@729,14%@729,0%@729] GR3D_FREQ 7% cpu@48.625C soc2@47.406C soc0@46.281C gpu@47.656C tj@48.625C soc1@45.875C VDD_IN 4425mW/4413mW VDD_CPU_GPU_CV 756mW/754mW VDD_SOC 1355mW/1356mW
08-09-2026 19:52:12 RAM 2990/7620MB (lfb 19x4MB) SWAP 2/12002MB (cached 0MB) CPU [2%@729,2%@729,2%@729,0%@729,16%@729,0%@729] GR3D_FREQ 7% cpu@48.218C soc2@47.468C soc0@46.093C gpu@47.531C tj@48.343C soc1@46.093C VDD_IN 4385mW/4413mW VDD_CPU_GPU_CV 756mW/754mW VDD_SOC 1355mW/1356mW
08-09-2026 19:52:13 RAM 2990/7620MB (lfb 19x4MB) SWAP 2/12002MB (cached 0MB) CPU [7%@729,2%@729,2%@729,1%@729,16%@729,0%@729] GR3D_FREQ 9% cpu@48.468C soc2@47.375C soc0@46.187C gpu@47.656C tj@48.468C soc1@45.875C VDD_IN 4425mW/4413mW VDD_CPU_GPU_CV 756mW/754mW VDD_SOC 1355mW/1356mW
08-09-2026 19:52:14 RAM 2990/7620MB (lfb 19x4MB) SWAP 2/12002MB (cached 0MB) CPU [3%@729,1%@729,7%@729,2%@729,11%@729,1%@729] GR3D_FREQ 7% cpu@48.343C soc2@47.5C soc0@46.062C gpu@47.656C tj@48.343C soc1@45.968C VDD_IN 4385mW/4413mW VDD_CPU_GPU_CV 756mW/754mW VDD_SOC 1355mW/1356mW
08-09-2026 19:52:15 RAM 2990/7620MB (lfb 19x4MB) SWAP 2/12002MB (cached 0MB) CPU [5%@729,1%@729,9%@729,0%@729,8%@729,1%@729] GR3D_FREQ 11% cpu@48.281C soc2@47.531C soc0@46.156C gpu@47.468C tj@48.281C soc1@45.843C VDD_IN 4385mW/4413mW VDD_CPU_GPU_CV 756mW/754mW VDD_SOC 1355mW/1356mW
08-09-2026 19:52:16 RAM 2990/7620MB (lfb 19x4MB) SWAP 2/12002MB (cached 0MB) CPU [4%@1510,2%@1510,19%@1510,0%@1510,0%@729,0%@729] GR3D_FREQ 11% cpu@48.375C soc2@47.5C soc0@46.125C gpu@47.593C tj@48.187C soc1@45.937C VDD_IN 4313mW/4413mW VDD_CPU_GPU_CV 717mW/754mW VDD_SOC 1315mW/1356mW
08-09-2026 19:52:17 RAM 2990/7620MB (lfb 19x4MB) SWAP 2/12002MB (cached 0MB) CPU [3%@1510,2%@1510,17%@1510,0%@1510,0%@729,1%@729] GR3D_FREQ 8% cpu@48.375C soc2@47.593C soc0@46.093C gpu@47.468C tj@48.375C soc1@46.093C VDD_IN 4353mW/4413mW VDD_CPU_GPU_CV 716mW/754mW VDD_SOC 1315mW/1356mW
08-09-2026 19:52:18 RAM 2990/7620MB (lfb 19x4MB) SWAP 2/12002MB (cached 0MB) CPU [14%@729,1%@729,25%@729,1%@729,0%@729,2%@729] GR3D_FREQ 7% cpu@48.593C soc2@47.406C soc0@46.093C gpu@47.593C tj@48.593C soc1@46.031C VDD_IN 4385mW/4413mW VDD_CPU_GPU_CV 756mW/754mW VDD_SOC 1355mW/1356mW
08-09-2026 19:52:19 RAM 2990/7620MB (lfb 19x4MB) SWAP 2/12002MB (cached 0MB) CPU [29%@729,6%@729,2%@729,1%@729,0%@729,0%@729] GR3D_FREQ 6% cpu@48.5C soc2@47.531C soc0@46.25C gpu@47.656C tj@48.5C soc1@45.812C VDD_IN 4425mW/4413mW VDD_CPU_GPU_CV 756mW/754mW VDD_SOC 1355mW/1356mW
08-09-2026 19:52:20 RAM 2990/7620MB (lfb 19x4MB) SWAP 2/12002MB (cached 0MB) CPU [6%@1510,33%@1510,1%@1510,1%@1510,0%@729,1%@729] GR3D_FREQ 7% cpu@48.593C soc2@47.531C soc0@46C gpu@47.468C tj@48.593C soc1@45.968C VDD_IN 4425mW/4413mW VDD_CPU_GPU_CV 756mW/754mW VDD_SOC 1355mW/1356mW
08-09-2026 19:52:21 RAM 2990/7620MB (lfb 19x4MB) SWAP 2/12002MB (cached 0MB) CPU [13%@729,26%@729,1%@729,0%@729,0%@729,1%@729] GR3D_FREQ 7% cpu@48.375C soc2@47.625C soc0@46.25C gpu@47.687C tj@48.375C soc1@46.093C VDD_IN 4425mW/4413mW VDD_CPU_GPU_CV 756mW/754mW VDD_SOC 1355mW/1356mW
08-09-2026 19:52:22 RAM 2990/7620MB (lfb 19x4MB) SWAP 2/12002MB (cached 0MB) CPU [9%@729,30%@729,3%@729,0%@729,1%@729,1%@729] GR3D_FREQ 13% cpu@48.656C soc2@47.468C soc0@46.312C gpu@47.656C tj@48.656C soc1@46.062C VDD_IN 4425mW/4413mW VDD_CPU_GPU_CV 756mW/754mW VDD_SOC 1355mW/1356mW
08-09-2026 19:52:23 RAM 2990/7620MB (lfb 19x4MB) SWAP 2/12002MB (cached 0MB) CPU [38%@1510,4%@1510,2%@1510,0%@1510,1%@729,1%@729] GR3D_FREQ 8% cpu@48.312C soc2@47.625C soc0@46.125C gpu@47.437C tj@48.312C soc1@46.062C VDD_IN 4465mW/4413mW VDD_CPU_GPU_CV 756mW/754mW VDD_SOC 1355mW/1356mW
08-09-2026 19:52:24 RAM 2990/7620MB (lfb 19x4MB) SWAP 2/12002MB (cached 0MB) CPU [29%@729,10%@729,2%@729,0%@729,1%@729,0%@729] GR3D_FREQ 7% cpu@48.406C soc2@47.5C soc0@46.312C gpu@47.718C tj@48.406C soc1@45.906C VDD_IN 4425mW/4413mW VDD_CPU_GPU_CV 796mW/754mW VDD_SOC 1355mW/1356mW
08-09-2026 19:52:25 RAM 2990/7620MB (lfb 19x4MB) SWAP 2/12002MB (cached 0MB) CPU [5%@729,35%@729,0%@729,0%@729,2%@729,0%@729] GR3D_FREQ 13% cpu@48.406C soc2@47.562C soc0@46.125C gpu@47.531C tj@48.406C soc1@46C VDD_IN 4465mW/4413mW VDD_CPU_GPU_CV 796mW/755mW VDD_SOC 1355mW/1356mW
08-09-2026 19:52:27 RAM 2990/7620MB (lfb 19x4MB) SWAP 2/12002MB (cached 0MB) CPU [10%@1510,29%@1510,1%@1510,0%@1510,0%@729,0%@729] GR3D_FREQ 6% cpu@48.406C soc2@47.593C soc0@46.125C gpu@47.656C tj@48.406C soc1@46.218C VDD_IN 4465mW/4413mW VDD_CPU_GPU_CV 796mW/755mW VDD_SOC 1355mW/1356mW
08-09-2026 19:52:28 RAM 2990/7620MB (lfb 19x4MB) SWAP 2/12002MB (cached 0MB) CPU [13%@729,24%@729,0%@729,1%@729,6%@729,0%@729] GR3D_FREQ 12% cpu@48.625C soc2@47.468C soc0@46.343C gpu@47.562C tj@48.625C soc1@46.031C VDD_IN 4425mW/4413mW VDD_CPU_GPU_CV 796mW/755mW VDD_SOC 1355mW/1356mW
08-09-2026 19:52:29 RAM 2990/7620MB (lfb 19x4MB) SWAP 2/12002MB (cached 0MB) CPU [3%@729,19%@729,2%@729,0%@729,4%@729,1%@729] GR3D_FREQ 12% cpu@48.218C soc2@47.468C soc0@46.187C gpu@47.718C tj@48.375C soc1@46.125C VDD_IN 4346mW/4413mW VDD_CPU_GPU_CV 716mW/755mW VDD_SOC 1315mW/1356mW
08-09-2026 19:52:30 RAM 2990/7620MB (lfb 19x4MB) SWAP 2/12002MB (cached 0MB) CPU [3%@1510,1%@1510,22%@1510,1%@1510,0%@729,0%@729] GR3D_FREQ 7% cpu@48.656C soc2@47.531C soc0@46.187C gpu@47.562C tj@48.656C soc1@46.062C VDD_IN 4353mW/4413mW VDD_CPU_GPU_CV 756mW/755mW VDD_SOC 1355mW/1356mW
08-09-2026 19:52:31 RAM 2990/7620MB (lfb 19x4MB) SWAP 2/12002MB (cached 0MB) CPU [5%@729,1%@729,8%@729,0%@729,13%@729,0%@729] GR3D_FREQ 13% cpu@48.281C soc2@47.562C soc0@46.187C gpu@47.718C tj@48.281C soc1@46.156C VDD_IN 4346mW/4413mW VDD_CPU_GPU_CV 716mW/755mW VDD_SOC 1355mW/1356mW
08-09-2026 19:52:32 RAM 2990/7620MB (lfb 19x4MB) SWAP 2/12002MB (cached 0MB) CPU [3%@1510,0%@1510,18%@1510,1%@1510,4%@729,0%@729] GR3D_FREQ 13% cpu@48.375C soc2@47.5C soc0@46.375C gpu@47.5C tj@48.375C soc1@45.968C VDD_IN 4346mW/4413mW VDD_CPU_GPU_CV 716mW/754mW VDD_SOC 1315mW/1356mW
08-09-2026 19:52:33 RAM 2990/7620MB (lfb 19x4MB) SWAP 2/12002MB (cached 0MB) CPU [14%@1510,3%@1510,7%@1510,0%@1510,4%@729,0%@729] GR3D_FREQ 13% cpu@48.593C soc2@47.562C soc0@46.156C gpu@47.75C tj@48.593C soc1@45.968C VDD_IN 4306mW/4412mW VDD_CPU_GPU_CV 756mW/754mW VDD_SOC 1315mW/1356mW
08-09-2026 19:52:34 RAM 2990/7620MB (lfb 19x4MB) SWAP 2/12002MB (cached 0MB) CPU [3%@729,0%@729,2%@729,1%@729,19%@729,1%@729] GR3D_FREQ 13% cpu@48.437C soc2@47.625C soc0@46.25C gpu@47.656C tj@48.437C soc1@46.187C VDD_IN 4385mW/4412mW VDD_CPU_GPU_CV 716mW/754mW VDD_SOC 1355mW/1356mW
08-09-2026 19:52:35 RAM 2990/7620MB (lfb 19x4MB) SWAP 2/12002MB (cached 0MB) CPU [3%@729,1%@729,2%@729,14%@729,10%@729,1%@729] GR3D_FREQ 7% cpu@48.687C soc2@47.468C soc0@46.312C gpu@47.625C tj@48.687C soc1@45.968C VDD_IN 4346mW/4412mW VDD_CPU_GPU_CV 716mW/754mW VDD_SOC 1315mW/1356mW
08-09-2026 19:52:36 RAM 2990/7620MB (lfb 19x4MB) SWAP 2/12002MB (cached 0MB) CPU [3%@1510,0%@1510,2%@1510,1%@1510,18%@729,2%@729] GR3D_FREQ 16% cpu@48.281C soc2@47.656C soc0@46.187C gpu@47.593C tj@48.406C soc1@46.156C VDD_IN 4346mW/4412mW VDD_CPU_GPU_CV 716mW/754mW VDD_SOC 1355mW/1356mW
08-09-2026 19:52:37 RAM 2990/7620MB (lfb 19x4MB) SWAP 2/12002MB (cached 0MB) CPU [2%@1510,0%@1510,2%@1510,2%@1510,17%@729,2%@729] GR3D_FREQ 9% cpu@48.718C soc2@47.531C soc0@46.281C gpu@47.781C tj@48.718C soc1@46.031C VDD_IN 4385mW/4412mW VDD_CPU_GPU_CV 716mW/754mW VDD_SOC 1355mW/1356mW
08-09-2026 19:52:38 RAM 2990/7620MB (lfb 19x4MB) SWAP 2/12002MB (cached 0MB) CPU [4%@1510,1%@1510,2%@1510,3%@1510,17%@729,1%@729] GR3D_FREQ 9% cpu@48.281C soc2@47.5C soc0@46.125C gpu@47.468C tj@48.281C soc1@46.187C VDD_IN 4346mW/4412mW VDD_CPU_GPU_CV 756mW/754mW VDD_SOC 1355mW/1356mW
08-09-2026 19:52:39 RAM 2990/7620MB (lfb 19x4MB) SWAP 2/12002MB (cached 0MB) CPU [2%@729,2%@729,1%@729,0%@729,27%@729,1%@729] GR3D_FREQ 7% cpu@48.5C soc2@47.687C soc0@46.25C gpu@47.812C tj@48.5C soc1@46.031C VDD_IN 4425mW/4412mW VDD_CPU_GPU_CV 756mW/754mW VDD_SOC 1355mW/1356mW
08-09-2026 19:52:40 RAM 2990/7620MB (lfb 19x4MB) SWAP 2/12002MB (cached 0MB) CPU [2%@1510,1%@1510,1%@1510,0%@1510,27%@729,1%@729] GR3D_FREQ 7% cpu@48.562C soc2@47.468C soc0@46.125C gpu@47.5C tj@48.562C soc1@46.062C VDD_IN 4425mW/4412mW VDD_CPU_GPU_CV 756mW/754mW VDD_SOC 1355mW/1356mW
08-09-2026 19:52:41 RAM 2990/7620MB (lfb 19x4MB) SWAP 2/12002MB (cached 0MB) CPU [3%@729,2%@729,8%@729,15%@729,2%@729,1%@729] GR3D_FREQ 7% cpu@48.406C soc2@47.5C soc0@46.187C gpu@47.718C tj@48.406C soc1@46.156C VDD_IN 4425mW/4412mW VDD_CPU_GPU_CV 756mW/754mW VDD_SOC 1355mW/1356mW
08-09-2026 19:52:42 RAM 2990/7620MB (lfb 19x4MB) SWAP 2/12002MB (cached 0MB) CPU [31%@729,3%@729,2%@729,0%@729,0%@729,0%@729] GR3D_FREQ 8% cpu@48.625C soc2@47.593C soc0@46.312C gpu@47.812C tj@48.625C soc1@45.968C VDD_IN 4385mW/4412mW VDD_CPU_GPU_CV 756mW/754mW VDD_SOC 1355mW/1356mW
08-09-2026 19:52:43 RAM 2990/7620MB (lfb 19x4MB) SWAP 2/12002MB (cached 0MB) CPU [31%@1510,3%@1510,2%@1510,0%@1510,0%@729,1%@729] GR3D_FREQ 7% cpu@48.375C soc2@47.625C soc0@46.156C gpu@47.5C tj@48.375C soc1@46.031C VDD_IN 4425mW/4412mW VDD_CPU_GPU_CV 756mW/754mW VDD_SOC 1355mW/1356mW
08-09-2026 19:52:44 RAM 2990/7620MB (lfb 19x4MB) SWAP 2/12002MB (cached 0MB) CPU [31%@729,1%@729,2%@729,1%@729,1%@729,2%@729] GR3D_FREQ 8% cpu@48.468C soc2@47.562C soc0@46.156C gpu@47.781C tj@48.468C soc1@46.156C VDD_IN 4425mW/4412mW VDD_CPU_GPU_CV 756mW/754mW VDD_SOC 1355mW/1356mW
08-09-2026 19:52:45 RAM 2990/7620MB (lfb 19x4MB) SWAP 2/12002MB (cached 0MB) CPU [29%@729,2%@729,2%@729,0%@729,0%@729,0%@729] GR3D_FREQ 16% cpu@48.562C soc2@47.593C soc0@46.281C gpu@47.718C tj@48.562C soc1@46C VDD_IN 4425mW/4412mW VDD_CPU_GPU_CV 756mW/754mW VDD_SOC 1355mW/1356mW
08-09-2026 19:52:46 RAM 2990/7620MB (lfb 19x4MB) SWAP 2/12002MB (cached 0MB) CPU [5%@729,2%@729,5%@729,27%@729,0%@729,1%@729] GR3D_FREQ 13% cpu@48.343C soc2@47.562C soc0@46.218C gpu@47.562C tj@48.343C soc1@46.125C VDD_IN 4425mW/4412mW VDD_CPU_GPU_CV 756mW/754mW VDD_SOC 1355mW/1356mW
08-09-2026 19:52:47 RAM 2990/7620MB (lfb 19x4MB) SWAP 2/12002MB (cached 0MB) CPU [2%@1510,1%@1510,2%@1510,27%@1510,0%@729,1%@729] GR3D_FREQ 6% cpu@48.562C soc2@47.687C soc0@46.187C gpu@47.75C tj@48.562C soc1@46.187C VDD_IN 4425mW/4412mW VDD_CPU_GPU_CV 756mW/754mW VDD_SOC 1355mW/1356mW
08-09-2026 19:52:48 RAM 2990/7620MB (lfb 19x4MB) SWAP 2/12002MB (cached 0MB) CPU [13%@806,1%@806,2%@806,18%@806,1%@729,1%@729] GR3D_FREQ 4% cpu@48.468C soc2@47.562C soc0@46.218C gpu@47.562C tj@48.343C soc1@46.062C VDD_IN 4425mW/4412mW VDD_CPU_GPU_CV 756mW/754mW VDD_SOC 1355mW/1356mW
08-09-2026 19:52:49 RAM 2990/7620MB (lfb 19x4MB) SWAP 2/12002MB (cached 0MB) CPU [4%@729,0%@729,2%@729,1%@729,18%@729,2%@729] GR3D_FREQ 7% cpu@48.343C soc2@47.562C soc0@46.25C gpu@47.718C tj@48.343C soc1@46.125C VDD_IN 4313mW/4412mW VDD_CPU_GPU_CV 716mW/754mW VDD_SOC 1315mW/1356mW
08-09-2026 19:52:50 RAM 2990/7620MB (lfb 19x4MB) SWAP 2/12002MB (cached 0MB) CPU [4%@729,0%@729,2%@729,1%@729,17%@729,1%@729] GR3D_FREQ 7% cpu@48.437C soc2@47.437C soc0@46.406C gpu@47.468C tj@48.437C soc1@45.906C VDD_IN 4266mW/4412mW VDD_CPU_GPU_CV 716mW/754mW VDD_SOC 1315mW/1356mW
08-09-2026 19:52:51 RAM 2990/7620MB (lfb 19x4MB) SWAP 2/12002MB (cached 0MB) CPU [3%@1510,12%@1510,1%@1510,5%@1510,2%@729,1%@729] GR3D_FREQ 8% cpu@48.343C soc2@47.593C soc0@46.25C gpu@47.781C tj@48.343C soc1@46.156C VDD_IN 4313mW/4411mW VDD_CPU_GPU_CV 716mW/754mW VDD_SOC 1315mW/1356mW
08-09-2026 19:52:52 RAM 2990/7620MB (lfb 19x4MB) SWAP 2/12002MB (cached 0MB) CPU [6%@729,3%@729,2%@729,13%@729,2%@729,2%@729] GR3D_FREQ 12% cpu@48.437C soc2@47.625C soc0@46.406C gpu@47.531C tj@48.437C soc1@46.062C VDD_IN 4273mW/4411mW VDD_CPU_GPU_CV 716mW/754mW VDD_SOC 1315mW/1355mW
08-09-2026 19:52:53 RAM 2990/7620MB (lfb 19x4MB) SWAP 2/12002MB (cached 0MB) CPU [3%@1510,0%@1510,2%@1510,17%@1510,2%@729,2%@729] GR3D_FREQ 7% cpu@48.281C soc2@47.656C soc0@46.281C gpu@47.75C tj@48.281C soc1@46.093C VDD_IN 4346mW/4411mW VDD_CPU_GPU_CV 716mW/754mW VDD_SOC 1315mW/1355mW
08-09-2026 19:52:54 RAM 2990/7620MB (lfb 19x4MB) SWAP 2/12002MB (cached 0MB) CPU [3%@729,15%@729,4%@729,3%@729,1%@729,2%@729] GR3D_FREQ 7% cpu@48.625C soc2@47.718C soc0@46.312C gpu@47.75C tj@48.625C soc1@46.062C VDD_IN 4346mW/4411mW VDD_CPU_GPU_CV 716mW/754mW VDD_SOC 1315mW/1355mW
08-09-2026 19:52:55 RAM 2990/7620MB (lfb 19x4MB) SWAP 2/12002MB (cached 0MB) CPU [4%@729,19%@729,2%@729,0%@729,2%@729,0%@729] GR3D_FREQ 12% cpu@48.406C soc2@47.625C soc0@46.125C gpu@47.75C tj@48.406C soc1@46.125C VDD_IN 4346mW/4411mW VDD_CPU_GPU_CV 716mW/754mW VDD_SOC 1315mW/1355mW
08-09-2026 19:52:56 RAM 2990/7620MB (lfb 19x4MB) SWAP 2/12002MB (cached 0MB) CPU [5%@1510,18%@1510,2%@1510,1%@1510,1%@729,1%@729] GR3D_FREQ 12% cpu@48.593C soc2@47.625C soc0@46.343C gpu@47.812C tj@48.593C soc1@46C VDD_IN 4306mW/4410mW VDD_CPU_GPU_CV 716mW/753mW VDD_SOC 1315mW/1355mW
08-09-2026 19:52:57 RAM 2990/7620MB (lfb 19x4MB) SWAP 2/12002MB (cached 0MB) CPU [23%@729,1%@729,2%@729,0%@729,2%@729,0%@729] GR3D_FREQ 7% cpu@48.5C soc2@47.562C soc0@46.281C gpu@47.562C tj@48.5C soc1@46.125C VDD_IN 4306mW/4410mW VDD_CPU_GPU_CV 716mW/753mW VDD_SOC 1315mW/1355mW
08-09-2026 19:52:58 RAM 2990/7620MB (lfb 19x4MB) SWAP 2/12002MB (cached 0MB) CPU [13%@729,18%@729,1%@729,0%@729,1%@729,0%@729] GR3D_FREQ 22% cpu@48.437C soc2@47.718C soc0@46.281C gpu@47.718C tj@48.437C soc1@46.187C VDD_IN 4385mW/4410mW VDD_CPU_GPU_CV 756mW/753mW VDD_SOC 1315mW/1355mW
08-09-2026 19:52:59 RAM 2990/7620MB (lfb 19x4MB) SWAP 2/12002MB (cached 0MB) CPU [4%@1510,3%@1510,2%@1510,0%@1510,1%@729,13%@729] GR3D_FREQ 11% cpu@48.5C soc2@47.5C soc0@46.156C gpu@47.718C tj@48.312C soc1@46.156C VDD_IN 4425mW/4410mW VDD_CPU_GPU_CV 756mW/753mW VDD_SOC 1355mW/1355mW
08-09-2026 19:53:00 RAM 2990/7620MB (lfb 19x4MB) SWAP 2/12002MB (cached 0MB) CPU [3%@729,1%@729,18%@729,0%@729,1%@729,2%@729] GR3D_FREQ 11% cpu@48.531C soc2@47.562C soc0@46.312C gpu@47.5C tj@48.531C soc1@46.187C VDD_IN 4313mW/4410mW VDD_CPU_GPU_CV 717mW/753mW VDD_SOC 1315mW/1355mW
08-09-2026 19:53:01 RAM 2990/7620MB (lfb 19x4MB) SWAP 2/12002MB (cached 0MB) CPU [1%@729,2%@729,22%@729,1%@729,1%@729,1%@729] GR3D_FREQ 10% cpu@48.687C soc2@47.562C soc0@46.093C gpu@47.718C tj@48.687C soc1@46.062C VDD_IN 4313mW/4410mW VDD_CPU_GPU_CV 717mW/753mW VDD_SOC 1315mW/1355mW
08-09-2026 19:53:02 RAM 2990/7620MB (lfb 19x4MB) SWAP 2/12002MB (cached 0MB) CPU [5%@729,13%@729,5%@729,0%@729,1%@729,2%@729] GR3D_FREQ 7% cpu@48.531C soc2@47.625C soc0@46.218C gpu@47.593C tj@48.531C soc1@46.187C VDD_IN 4346mW/4410mW VDD_CPU_GPU_CV 716mW/753mW VDD_SOC 1315mW/1355mW
08-09-2026 19:53:03 RAM 2990/7620MB (lfb 19x4MB) SWAP 2/12002MB (cached 0MB) CPU [5%@729,16%@729,1%@729,0%@729,1%@729,0%@729] GR3D_FREQ 7% cpu@48.687C soc2@47.593C soc0@46.406C gpu@47.687C tj@48.687C soc1@46.093C VDD_IN 4346mW/4410mW VDD_CPU_GPU_CV 756mW/753mW VDD_SOC 1355mW/1355mW
08-09-2026 19:53:04 RAM 2990/7620MB (lfb 19x4MB) SWAP 2/12002MB (cached 0MB) CPU [4%@729,6%@729,9%@729,1%@729,8%@729,1%@729] GR3D_FREQ 10% cpu@48.531C soc2@47.562C soc0@46.25C gpu@47.625C tj@48.531C soc1@46.218C VDD_IN 4346mW/4409mW VDD_CPU_GPU_CV 756mW/753mW VDD_SOC 1355mW/1355mW
08-09-2026 19:53:05 RAM 2990/7620MB (lfb 19x4MB) SWAP 2/12002MB (cached 0MB) CPU [3%@729,2%@729,3%@729,0%@729,17%@729,2%@729] GR3D_FREQ 11% cpu@48.687C soc2@47.5C soc0@46.375C gpu@47.781C tj@48.687C soc1@45.906C VDD_IN 4313mW/4409mW VDD_CPU_GPU_CV 716mW/753mW VDD_SOC 1315mW/1355mW
08-09-2026 19:53:06 RAM 2990/7620MB (lfb 19x4MB) SWAP 2/12002MB (cached 0MB) CPU [3%@1510,0%@1510,2%@1510,2%@1510,14%@729,1%@729] GR3D_FREQ 8% cpu@48.375C soc2@47.562C soc0@46.281C gpu@47.531C tj@48.375C soc1@46.093C VDD_IN 4346mW/4409mW VDD_CPU_GPU_CV 756mW/753mW VDD_SOC 1315mW/1355mW
08-09-2026 19:53:07 RAM 2990/7620MB (lfb 19x4MB) SWAP 2/12002MB (cached 0MB) CPU [3%@729,1%@729,3%@729,1%@729,19%@729,1%@729] GR3D_FREQ 8% cpu@48.375C soc2@47.562C soc0@46.312C gpu@47.812C tj@48.781C soc1@46C VDD_IN 4346mW/4409mW VDD_CPU_GPU_CV 716mW/753mW VDD_SOC 1315mW/1354mW
08-09-2026 19:53:08 RAM 2990/7620MB (lfb 19x4MB) SWAP 2/12002MB (cached 0MB) CPU [3%@729,1%@729,3%@729,1%@729,16%@729,6%@729] GR3D_FREQ 7% cpu@48.406C soc2@47.75C soc0@46.218C gpu@47.625C tj@48.406C soc1@46.156C VDD_IN 4385mW/4409mW VDD_CPU_GPU_CV 756mW/753mW VDD_SOC 1355mW/1354mW
08-09-2026 19:53:09 RAM 2990/7620MB (lfb 19x4MB) SWAP 2/12002MB (cached 0MB) CPU [3%@1510,3%@1510,3%@1510,1%@1510,0%@729,26%@729] GR3D_FREQ 7% cpu@48.468C soc2@47.625C soc0@46.312C gpu@47.5C tj@48.468C soc1@46.062C VDD_IN 4425mW/4409mW VDD_CPU_GPU_CV 756mW/753mW VDD_SOC 1355mW/1354mW
08-09-2026 19:53:10 RAM 2990/7620MB (lfb 19x4MB) SWAP 2/12002MB (cached 0MB) CPU [5%@729,1%@729,2%@729,2%@729,1%@729,27%@729] GR3D_FREQ 14% cpu@48.562C soc2@47.593C soc0@46.25C gpu@47.75C tj@48.562C soc1@46.187C VDD_IN 4425mW/4409mW VDD_CPU_GPU_CV 756mW/753mW VDD_SOC 1355mW/1354mW
08-09-2026 19:53:11 RAM 2990/7620MB (lfb 19x4MB) SWAP 2/12002MB (cached 0MB) CPU [10%@729,19%@729,2%@729,0%@729,1%@729,1%@729] GR3D_FREQ 13% cpu@48.593C soc2@47.718C soc0@46.312C gpu@47.562C tj@48.593C soc1@46.25C VDD_IN 4346mW/4409mW VDD_CPU_GPU_CV 756mW/753mW VDD_SOC 1355mW/1354mW
08-09-2026 19:53:12 RAM 2990/7620MB (lfb 19x4MB) SWAP 2/12002MB (cached 0MB) CPU [9%@1510,23%@1510,3%@1510,0%@1510,1%@729,1%@729] GR3D_FREQ 8% cpu@48.843C soc2@47.562C soc0@46.312C gpu@47.812C tj@48.843C soc1@46.156C VDD_IN 4425mW/4409mW VDD_CPU_GPU_CV 756mW/753mW VDD_SOC 1355mW/1354mW
08-09-2026 19:53:13 RAM 2990/7620MB (lfb 19x4MB) SWAP 2/12002MB (cached 0MB) CPU [15%@729,1%@729,2%@729,16%@729,2%@729,1%@729] GR3D_FREQ 13% cpu@48.375C soc2@47.625C soc0@46.343C gpu@47.531C tj@48.375C soc1@46.187C VDD_IN 4425mW/4409mW VDD_CPU_GPU_CV 756mW/753mW VDD_SOC 1355mW/1354mW
08-09-2026 19:53:14 RAM 2990/7620MB (lfb 19x4MB) SWAP 2/12002MB (cached 0MB) CPU [2%@729,0%@729,2%@729,12%@729,12%@729,1%@729] GR3D_FREQ 12% cpu@48.843C soc2@47.656C soc0@46.406C gpu@47.781C tj@48.843C soc1@46C VDD_IN 4385mW/4409mW VDD_CPU_GPU_CV 756mW/753mW VDD_SOC 1355mW/1354mW
08-09-2026 19:53:15 RAM 2990/7620MB (lfb 19x4MB) SWAP 2/12002MB (cached 0MB) CPU [5%@1510,0%@1510,2%@1510,1%@1510,22%@729,2%@729] GR3D_FREQ 7% cpu@48.343C soc2@47.687C soc0@46.218C gpu@47.562C tj@48.343C soc1@46.156C VDD_IN 4425mW/4409mW VDD_CPU_GPU_CV 756mW/753mW VDD_SOC 1355mW/1354mW
08-09-2026 19:53:16 RAM 2990/7620MB (lfb 19x4MB) SWAP 2/12002MB (cached 0MB) CPU [3%@1510,2%@1510,2%@1510,2%@1510,25%@729,0%@729] GR3D_FREQ 6% cpu@48.5C soc2@47.5C soc0@46.312C gpu@47.687C tj@48.5C soc1@46.125C VDD_IN 4385mW/4409mW VDD_CPU_GPU_CV 756mW/753mW VDD_SOC 1355mW/1354mW
08-09-2026 19:53:17 RAM 2990/7620MB (lfb 19x4MB) SWAP 2/12002MB (cached 0MB) CPU [12%@729,2%@729,3%@729,1%@729,17%@729,0%@729] GR3D_FREQ 10% cpu@48.437C soc2@47.718C soc0@46.281C gpu@47.75C tj@48.437C soc1@46.187C VDD_IN 4385mW/4409mW VDD_CPU_GPU_CV 756mW/753mW VDD_SOC 1355mW/1354mW
08-09-2026 19:53:18 RAM 2990/7620MB (lfb 19x4MB) SWAP 2/12002MB (cached 0MB) CPU [5%@729,15%@729,2%@729,12%@729,0%@729,0%@729] GR3D_FREQ 14% cpu@48.562C soc2@47.593C soc0@46.406C gpu@48.125C tj@48.562C soc1@46C VDD_IN 4385mW/4409mW VDD_CPU_GPU_CV 756mW/753mW VDD_SOC 1315mW/1354mW
08-09-2026 19:53:19 RAM 2990/7620MB (lfb 19x4MB) SWAP 2/12002MB (cached 0MB) CPU [3%@1510,1%@1510,2%@1510,18%@1510,1%@729,1%@729] GR3D_FREQ 13% cpu@48.468C soc2@47.656C soc0@46.375C gpu@47.718C tj@48.468C soc1@46.218C VDD_IN 4306mW/4409mW VDD_CPU_GPU_CV 716mW/753mW VDD_SOC 1315mW/1354mW
08-09-2026 19:53:20 RAM 2990/7620MB (lfb 19x4MB) SWAP 2/12002MB (cached 0MB) CPU [3%@729,1%@729,1%@729,17%@729,1%@729,0%@729] GR3D_FREQ 8% cpu@48.656C soc2@47.562C soc0@46.343C gpu@48.062C tj@48.656C soc1@46.125C VDD_IN 4306mW/4408mW VDD_CPU_GPU_CV 716mW/753mW VDD_SOC 1315mW/1354mW
08-09-2026 19:53:21 RAM 2990/7620MB (lfb 19x4MB) SWAP 2/12002MB (cached 0MB) CPU [3%@729,2%@729,3%@729,18%@729,1%@729,0%@729] GR3D_FREQ 7% cpu@48.75C soc2@47.687C soc0@46.312C gpu@47.812C tj@48.531C soc1@46.125C VDD_IN 4273mW/4408mW VDD_CPU_GPU_CV 717mW/753mW VDD_SOC 1315mW/1354mW
08-09-2026 19:53:22 RAM 2990/7620MB (lfb 19x4MB) SWAP 2/12002MB (cached 0MB) CPU [3%@1510,1%@1510,0%@1510,3%@1510,2%@729,14%@729] GR3D_FREQ 13% cpu@48.562C soc2@47.656C soc0@46.312C gpu@48.125C tj@48.562C soc1@46.062C VDD_IN 4306mW/4408mW VDD_CPU_GPU_CV 716mW/753mW VDD_SOC 1315mW/1354mW
08-09-2026 19:53:23 RAM 2990/7620MB (lfb 19x4MB) SWAP 2/12002MB (cached 0MB) CPU [5%@729,1%@729,2%@729,9%@729,0%@729,8%@729] GR3D_FREQ 11% cpu@48.281C soc2@47.531C soc0@46.281C gpu@47.75C tj@48.281C soc1@46.156C VDD_IN 4306mW/4408mW VDD_CPU_GPU_CV 716mW/753mW VDD_SOC 1315mW/1354mW
08-09-2026 19:53:24 RAM 2990/7620MB (lfb 19x4MB) SWAP 2/12002MB (cached 0MB) CPU [3%@729,1%@729,2%@729,0%@729,1%@729,18%@729] GR3D_FREQ 7% cpu@48.375C soc2@47.687C soc0@46.312C gpu@48.093C tj@48.625C soc1@46.25C VDD_IN 4273mW/4407mW VDD_CPU_GPU_CV 717mW/753mW VDD_SOC 1315mW/1354mW
08-09-2026 19:53:25 RAM 2990/7620MB (lfb 19x4MB) SWAP 2/12002MB (cached 0MB) CPU [3%@1510,1%@1510,4%@1510,0%@1510,0%@729,16%@729] GR3D_FREQ 9% cpu@48.437C soc2@47.625C soc0@46.218C gpu@48.062C tj@48.437C soc1@46.031C VDD_IN 4273mW/4407mW VDD_CPU_GPU_CV 717mW/753mW VDD_SOC 1315mW/1354mW
08-09-2026 19:53:26 RAM 2990/7620MB (lfb 19x4MB) SWAP 2/12002MB (cached 0MB) CPU [4%@729,1%@729,2%@729,0%@729,2%@729,16%@729] GR3D_FREQ 7% cpu@48.468C soc2@47.687C soc0@46.125C gpu@47.718C tj@48.468C soc1@46.156C VDD_IN 4273mW/4407mW VDD_CPU_GPU_CV 717mW/753mW VDD_SOC 1315mW/1354mW
08-09-2026 19:53:27 RAM 2990/7620MB (lfb 19x4MB) SWAP 2/12002MB (cached 0MB) CPU [3%@1510,1%@1510,2%@1510,0%@1510,0%@729,18%@729] GR3D_FREQ 7% cpu@48.468C soc2@47.562C soc0@46.468C gpu@48.093C tj@48.437C soc1@46.031C VDD_IN 4313mW/4407mW VDD_CPU_GPU_CV 717mW/752mW VDD_SOC 1315mW/1354mW
08-09-2026 19:53:28 RAM 2989/7620MB (lfb 19x4MB) SWAP 2/12002MB (cached 0MB) CPU [3%@729,2%@729,6%@729,2%@729,2%@729,20%@729] GR3D_FREQ 17% cpu@48.375C soc2@47.593C soc0@46.218C gpu@47.718C tj@48.468C soc1@46.125C VDD_IN 4425mW/4407mW VDD_CPU_GPU_CV 756mW/752mW VDD_SOC 1355mW/1354mW
08-09-2026 19:53:29 RAM 2989/7620MB (lfb 19x4MB) SWAP 2/12002MB (cached 0MB) CPU [3%@729,1%@729,2%@729,1%@729,1%@729,18%@729] GR3D_FREQ 9% cpu@48.625C soc2@47.656C soc0@46.375C gpu@48.093C tj@48.625C soc1@46.062C VDD_IN 4465mW/4407mW VDD_CPU_GPU_CV 756mW/752mW VDD_SOC 1355mW/1354mW
08-09-2026 19:53:30 RAM 2989/7620MB (lfb 19x4MB) SWAP 2/12002MB (cached 0MB) CPU [3%@729,2%@729,2%@729,1%@729,0%@729,19%@729] GR3D_FREQ 6% cpu@48.375C soc2@47.625C soc0@46.312C gpu@47.781C tj@48.375C soc1@46.031C VDD_IN 4505mW/4407mW VDD_CPU_GPU_CV 756mW/752mW VDD_SOC 1395mW/1354mW
08-09-2026 19:53:31 RAM 2989/7620MB (lfb 19x4MB) SWAP 2/12002MB (cached 0MB) CPU [2%@729,1%@729,3%@729,1%@729,1%@729,17%@729] GR3D_FREQ 6% cpu@48.625C soc2@47.656C soc0@46.281C gpu@48.062C tj@48.625C soc1@46.375C VDD_IN 4505mW/4407mW VDD_CPU_GPU_CV 756mW/752mW VDD_SOC 1395mW/1354mW
08-09-2026 19:53:32 RAM 2989/7620MB (lfb 19x4MB) SWAP 2/12002MB (cached 0MB) CPU [4%@729,2%@729,3%@729,0%@729,0%@729,18%@729] GR3D_FREQ 8% cpu@48.468C soc2@47.593C soc0@46.25C gpu@47.687C tj@48.468C soc1@46.125C VDD_IN 4465mW/4407mW VDD_CPU_GPU_CV 756mW/752mW VDD_SOC 1395mW/1354mW
08-09-2026 19:53:33 RAM 2989/7620MB (lfb 19x4MB) SWAP 2/12002MB (cached 0MB) CPU [3%@1510,2%@1510,3%@729,0%@729,0%@729,18%@729] GR3D_FREQ 6% cpu@48.468C soc2@47.781C soc0@46.281C gpu@48.093C tj@48.625C soc1@45.937C VDD_IN 4505mW/4407mW VDD_CPU_GPU_CV 756mW/752mW VDD_SOC 1395mW/1354mW
08-09-2026 19:53:34 RAM 2989/7620MB (lfb 19x4MB) SWAP 2/12002MB (cached 0MB) CPU [3%@729,2%@729,2%@729,1%@729,0%@729,15%@729] GR3D_FREQ 7% cpu@48.625C soc2@47.625C soc0@46.281C gpu@47.781C tj@48.406C soc1@46.125C VDD_IN 4505mW/4408mW VDD_CPU_GPU_CV 756mW/753mW VDD_SOC 1395mW/1354mW
08-09-2026 19:53:35 RAM 2989/7620MB (lfb 19x4MB) SWAP 2/12002MB (cached 0MB) CPU [3%@729,1%@729,2%@729,8%@729,3%@729,13%@729] GR3D_FREQ 11% cpu@48.375C soc2@47.656C soc0@46.281C gpu@48.093C tj@48.375C soc1@46.187C VDD_IN 4465mW/4408mW VDD_CPU_GPU_CV 756mW/753mW VDD_SOC 1395mW/1354mW
08-09-2026 19:53:36 RAM 2989/7620MB (lfb 19x4MB) SWAP 2/12002MB (cached 0MB) CPU [2%@1510,2%@1510,2%@1510,0%@1510,6%@729,11%@729] GR3D_FREQ 11% cpu@48.593C soc2@47.593C soc0@46.312C gpu@47.75C tj@48.593C soc1@46.031C VDD_IN 4465mW/4408mW VDD_CPU_GPU_CV 756mW/753mW VDD_SOC 1395mW/1354mW
08-09-2026 19:53:37 RAM 2989/7620MB (lfb 19x4MB) SWAP 2/12002MB (cached 0MB) CPU [3%@729,2%@729,2%@729,0%@729,19%@729,0%@729] GR3D_FREQ 11% cpu@48.5C soc2@47.718C soc0@46.312C gpu@48.156C tj@48.5C soc1@46.218C VDD_IN 4465mW/4408mW VDD_CPU_GPU_CV 756mW/753mW VDD_SOC 1395mW/1354mW
08-09-2026 19:53:38 RAM 2989/7620MB (lfb 19x4MB) SWAP 2/12002MB (cached 0MB) CPU [5%@729,2%@729,5%@729,0%@729,22%@729,0%@729] GR3D_FREQ 7% cpu@48.781C soc2@47.562C soc0@46.406C gpu@47.812C tj@48.781C soc1@46.093C VDD_IN 4425mW/4408mW VDD_CPU_GPU_CV 756mW/753mW VDD_SOC 1355mW/1354mW
08-09-2026 19:53:39 RAM 2989/7620MB (lfb 19x4MB) SWAP 2/12002MB (cached 0MB) CPU [4%@729,1%@729,2%@729,1%@729,24%@729,1%@729] GR3D_FREQ 7% cpu@48.406C soc2@47.687C soc0@46.343C gpu@47.812C tj@48.406C soc1@46.125C VDD_IN 4425mW/4408mW VDD_CPU_GPU_CV 756mW/753mW VDD_SOC 1355mW/1354mW
08-09-2026 19:53:40 RAM 2989/7620MB (lfb 19x4MB) SWAP 2/12002MB (cached 0MB) CPU [3%@1510,1%@1510,2%@1510,0%@1510,28%@729,1%@729] GR3D_FREQ 6% cpu@48.593C soc2@47.625C soc0@46.375C gpu@48.093C tj@48.593C soc1@46.062C VDD_IN 4385mW/4408mW VDD_CPU_GPU_CV 756mW/753mW VDD_SOC 1355mW/1354mW
08-09-2026 19:53:41 RAM 2989/7620MB (lfb 19x4MB) SWAP 2/12002MB (cached 0MB) CPU [3%@729,1%@729,2%@729,1%@729,21%@729,3%@729] GR3D_FREQ 12% cpu@48.468C soc2@47.593C soc0@46.343C gpu@47.812C tj@48.468C soc1@46.281C VDD_IN 4425mW/4408mW VDD_CPU_GPU_CV 756mW/753mW VDD_SOC 1355mW/1354mW
08-09-2026 19:53:42 RAM 2989/7620MB (lfb 19x4MB) SWAP 2/12002MB (cached 0MB) CPU [3%@729,0%@729,4%@729,0%@729,24%@729,1%@729] GR3D_FREQ 7% cpu@48.531C soc2@47.75C soc0@46.468C gpu@48.093C tj@48.531C soc1@46.343C VDD_IN 4385mW/4408mW VDD_CPU_GPU_CV 756mW/753mW VDD_SOC 1355mW/1354mW
08-09-2026 19:53:43 RAM 2989/7620MB (lfb 19x4MB) SWAP 2/12002MB (cached 0MB) CPU [3%@729,1%@729,3%@729,0%@729,29%@729,0%@729] GR3D_FREQ 6% cpu@48.75C soc2@47.625C soc0@46.218C gpu@47.781C tj@48.375C soc1@46.093C VDD_IN 4425mW/4408mW VDD_CPU_GPU_CV 756mW/753mW VDD_SOC 1355mW/1354mW
08-09-2026 19:53:44 RAM 2989/7620MB (lfb 19x4MB) SWAP 2/12002MB (cached 0MB) CPU [9%@729,2%@729,4%@729,1%@729,19%@729,1%@729] GR3D_FREQ 16% cpu@48.531C soc2@47.718C soc0@46.375C gpu@48.156C tj@48.531C soc1@46.093C VDD_IN 4425mW/4408mW VDD_CPU_GPU_CV 756mW/753mW VDD_SOC 1355mW/1354mW
08-09-2026 19:53:45 RAM 2989/7620MB (lfb 19x4MB) SWAP 2/12002MB (cached 0MB) CPU [29%@729,2%@729,2%@729,1%@729,1%@729,2%@729] GR3D_FREQ 7% cpu@48.687C soc2@47.718C soc0@46.281C gpu@47.812C tj@48.687C soc1@46.25C VDD_IN 4385mW/4408mW VDD_CPU_GPU_CV 756mW/753mW VDD_SOC 1355mW/1354mW
08-09-2026 19:53:46 RAM 2989/7620MB (lfb 19x4MB) SWAP 2/12002MB (cached 0MB) CPU [12%@729,22%@729,0%@729,1%@729,1%@729,1%@729] GR3D_FREQ 8% cpu@48.531C soc2@47.781C soc0@46.375C gpu@48.093C tj@48.531C soc1@46.312C VDD_IN 4385mW/4408mW VDD_CPU_GPU_CV 756mW/753mW VDD_SOC 1355mW/1354mW
08-09-2026 19:53:47 RAM 2989/7620MB (lfb 19x4MB) SWAP 2/12002MB (cached 0MB) CPU [5%@729,15%@729,12%@729,0%@729,2%@729,1%@729] GR3D_FREQ 9% cpu@48.875C soc2@47.625C soc0@46.375C gpu@47.75C tj@48.875C soc1@46.062C VDD_IN 4385mW/4408mW VDD_CPU_GPU_CV 756mW/753mW VDD_SOC 1355mW/1354mW
08-09-2026 19:53:48 RAM 2989/7620MB (lfb 19x4MB) SWAP 2/12002MB (cached 0MB) CPU [4%@729,1%@729,10%@729,4%@729,12%@729,3%@729] GR3D_FREQ 7% cpu@48.468C soc2@47.75C soc0@46.343C gpu@47.812C tj@48.562C soc1@46.343C VDD_IN 4425mW/4408mW VDD_CPU_GPU_CV 756mW/753mW VDD_SOC 1355mW/1354mW
08-09-2026 19:53:49 RAM 2989/7620MB (lfb 19x4MB) SWAP 2/12002MB (cached 0MB) CPU [4%@729,1%@729,16%@729,0%@729,7%@729,1%@729] GR3D_FREQ 11% cpu@48.812C soc2@47.812C soc0@46.218C gpu@48.156C tj@48.812C soc1@46.093C VDD_IN 4425mW/4408mW VDD_CPU_GPU_CV 756mW/753mW VDD_SOC 1355mW/1354mW
08-09-2026 19:53:50 RAM 2989/7620MB (lfb 19x4MB) SWAP 2/12002MB (cached 0MB) CPU [3%@729,1%@729,1%@729,1%@729,21%@729,2%@729] GR3D_FREQ 8% cpu@48.5C soc2@47.812C soc0@46.312C gpu@47.812C tj@48.5C soc1@46.187C VDD_IN 4425mW/4408mW VDD_CPU_GPU_CV 756mW/753mW VDD_SOC 1355mW/1354mW
08-09-2026 19:53:51 RAM 2989/7620MB (lfb 19x4MB) SWAP 2/12002MB (cached 0MB) CPU [3%@729,2%@729,4%@729,1%@729,17%@729,1%@729] GR3D_FREQ 13% cpu@48.937C soc2@47.656C soc0@46.5C gpu@48.093C tj@48.937C soc1@46.031C VDD_IN 4392mW/4408mW VDD_CPU_GPU_CV 756mW/753mW VDD_SOC 1355mW/1354mW
08-09-2026 19:53:52 RAM 2989/7620MB (lfb 19x4MB) SWAP 2/12002MB (cached 0MB) CPU [4%@1510,4%@1510,16%@1510,0%@1510,5%@729,1%@729] GR3D_FREQ 10% cpu@48.406C soc2@47.687C soc0@46.375C gpu@47.812C tj@48.406C soc1@46.281C VDD_IN 4385mW/4408mW VDD_CPU_GPU_CV 756mW/753mW VDD_SOC 1355mW/1354mW
08-09-2026 19:53:53 RAM 2989/7620MB (lfb 19x4MB) SWAP 2/12002MB (cached 0MB) CPU [3%@729,1%@729,2%@729,1%@729,20%@729,1%@729] GR3D_FREQ 7% cpu@48.531C soc2@47.687C soc0@46.437C gpu@48.093C tj@48.531C soc1@46C VDD_IN 4425mW/4408mW VDD_CPU_GPU_CV 756mW/753mW VDD_SOC 1355mW/1354mW
08-09-2026 19:53:54 RAM 2989/7620MB (lfb 19x4MB) SWAP 2/12002MB (cached 0MB) CPU [3%@729,5%@729,3%@729,0%@729,15%@729,1%@729] GR3D_FREQ 13% cpu@48.562C soc2@47.812C soc0@46.406C gpu@47.781C tj@48.562C soc1@46.218C VDD_IN 4385mW/4408mW VDD_CPU_GPU_CV 756mW/753mW VDD_SOC 1355mW/1354mW
08-09-2026 19:53:55 RAM 2989/7620MB (lfb 19x4MB) SWAP 2/12002MB (cached 0MB) CPU [25%@729,2%@729,1%@729,2%@729,0%@729,1%@729] GR3D_FREQ 6% cpu@48.656C soc2@47.656C soc0@46.437C gpu@47.75C tj@48.656C soc1@46.187C VDD_IN 4346mW/4408mW VDD_CPU_GPU_CV 756mW/753mW VDD_SOC 1355mW/1354mW
08-09-2026 19:53:56 RAM 2989/7620MB (lfb 19x4MB) SWAP 2/12002MB (cached 0MB) CPU [24%@729,4%@729,2%@729,1%@729,2%@729,0%@729] GR3D_FREQ 9% cpu@48.531C soc2@47.718C soc0@46.375C gpu@48.125C tj@48.531C soc1@46.187C VDD_IN 4346mW/4408mW VDD_CPU_GPU_CV 756mW/753mW VDD_SOC 1315mW/1354mW
08-09-2026 19:53:57 RAM 2989/7620MB (lfb 19x4MB) SWAP 2/12002MB (cached 0MB) CPU [26%@729,1%@729,1%@729,2%@729,0%@729,0%@729] GR3D_FREQ 8% cpu@48.562C soc2@47.718C soc0@46.437C gpu@47.812C tj@48.562C soc1@46.125C VDD_IN 4346mW/4408mW VDD_CPU_GPU_CV 756mW/753mW VDD_SOC 1355mW/1354mW
08-09-2026 19:53:58 RAM 2989/7620MB (lfb 19x4MB) SWAP 2/12002MB (cached 0MB) CPU [29%@729,2%@729,3%@729,1%@729,0%@729,1%@729] GR3D_FREQ 18% cpu@48.843C soc2@47.687C soc0@46.312C gpu@48.062C tj@48.843C soc1@46.187C VDD_IN 4346mW/4407mW VDD_CPU_GPU_CV 716mW/753mW VDD_SOC 1355mW/1354mW
08-09-2026 19:53:59 RAM 2989/7620MB (lfb 19x4MB) SWAP 2/12002MB (cached 0MB) CPU [4%@1510,2%@1510,3%@1510,11%@1510,11%@729,0%@729] GR3D_FREQ 11% cpu@48.781C soc2@47.812C soc0@46.5C gpu@48.093C tj@48.781C soc1@46C VDD_IN 4385mW/4407mW VDD_CPU_GPU_CV 756mW/753mW VDD_SOC 1355mW/1354mW
08-09-2026 19:54:00 RAM 2989/7620MB (lfb 19x4MB) SWAP 2/12002MB (cached 0MB) CPU [2%@729,1%@729,1%@729,0%@729,49%@729,1%@729] GR3D_FREQ 7% cpu@48.562C soc2@47.75C soc0@46.281C gpu@47.812C tj@48.437C soc1@46.156C VDD_IN 4465mW/4408mW VDD_CPU_GPU_CV 835mW/753mW VDD_SOC 1355mW/1354mW
08-09-2026 19:54:01 RAM 2989/7620MB (lfb 19x4MB) SWAP 2/12002MB (cached 0MB) CPU [4%@729,1%@729,3%@729,0%@729,52%@729,1%@729] GR3D_FREQ 7% cpu@48.562C soc2@47.781C soc0@46.437C gpu@48.125C tj@48.687C soc1@46C VDD_IN 4505mW/4408mW VDD_CPU_GPU_CV 835mW/753mW VDD_SOC 1353mW/1354mW
08-09-2026 19:54:02 RAM 2989/7620MB (lfb 19x4MB) SWAP 2/12002MB (cached 0MB) CPU [3%@1510,3%@1510,1%@1510,1%@1510,52%@729,0%@729] GR3D_FREQ 12% cpu@48.593C soc2@47.75C soc0@46.343C gpu@47.75C tj@48.593C soc1@46.218C VDD_IN 4505mW/4408mW VDD_CPU_GPU_CV 835mW/753mW VDD_SOC 1355mW/1354mW
08-09-2026 19:54:03 RAM 2989/7620MB (lfb 19x4MB) SWAP 2/12002MB (cached 0MB) CPU [7%@1510,42%@1510,2%@1510,3%@1510,9%@729,1%@729] GR3D_FREQ 7% cpu@48.593C soc2@47.906C soc0@46.406C gpu@48.187C tj@48.593C soc1@46.093C VDD_IN 4545mW/4408mW VDD_CPU_GPU_CV 874mW/753mW VDD_SOC 1353mW/1354mW
08-09-2026 19:54:04 RAM 2982/7620MB (lfb 19x4MB) SWAP 2/12002MB (cached 0MB) CPU [12%@883,55%@883,10%@883,9%@883,8%@729,8%@729] GR3D_FREQ 6% cpu@48.687C soc2@47.75C soc0@46.281C gpu@48.125C tj@48.687C soc1@46.312C VDD_IN 4856mW/4409mW VDD_CPU_GPU_CV 1112mW/754mW VDD_SOC 1393mW/1354mW
08-09-2026 19:54:05 RAM 2982/7620MB (lfb 19x4MB) SWAP 2/12002MB (cached 0MB) CPU [13%@1510,2%@1510,4%@1510,0%@1510,41%@729,1%@729] GR3D_FREQ 7% cpu@48.625C soc2@47.812C soc0@46.468C gpu@47.718C tj@48.625C soc1@46.437C VDD_IN 4577mW/4409mW VDD_CPU_GPU_CV 874mW/754mW VDD_SOC 1353mW/1354mW
08-09-2026 19:54:06 RAM 2982/7620MB (lfb 19x4MB) SWAP 2/12002MB (cached 0MB) CPU [3%@1510,2%@1510,1%@1510,2%@1510,56%@729,0%@729] GR3D_FREQ 13% cpu@48.75C soc2@47.687C soc0@46.312C gpu@48.125C tj@48.75C soc1@46.187C VDD_IN 4505mW/4409mW VDD_CPU_GPU_CV 835mW/754mW VDD_SOC 1355mW/1354mW
08-09-2026 19:54:07 RAM 2982/7620MB (lfb 19x4MB) SWAP 2/12002MB (cached 0MB) CPU [3%@729,0%@729,3%@729,0%@729,57%@729,0%@729] GR3D_FREQ 7% cpu@48.687C soc2@47.812C soc0@46.406C gpu@47.781C tj@48.687C soc1@46.218C VDD_IN 4505mW/4410mW VDD_CPU_GPU_CV 875mW/754mW VDD_SOC 1353mW/1354mW
08-09-2026 19:54:08 RAM 2982/7620MB (lfb 19x4MB) SWAP 2/12002MB (cached 0MB) CPU [4%@729,1%@729,2%@729,15%@729,13%@729,1%@729] GR3D_FREQ 10% cpu@48.687C soc2@47.656C soc0@46.343C gpu@48.031C tj@48.656C soc1@46.312C VDD_IN 4425mW/4410mW VDD_CPU_GPU_CV 756mW/754mW VDD_SOC 1355mW/1354mW
08-09-2026 19:54:09 RAM 2982/7620MB (lfb 19x4MB) SWAP 2/12002MB (cached 0MB) CPU [4%@729,2%@729,1%@729,25%@729,1%@729,2%@729] GR3D_FREQ 9% cpu@48.656C soc2@47.812C soc0@46.375C gpu@48.031C tj@48.656C soc1@46.312C VDD_IN 4385mW/4410mW VDD_CPU_GPU_CV 756mW/754mW VDD_SOC 1355mW/1354mW
08-09-2026 19:54:10 RAM 2982/7620MB (lfb 19x4MB) SWAP 2/12002MB (cached 0MB) CPU [2%@1510,0%@1510,3%@1510,25%@1510,0%@729,0%@729] GR3D_FREQ 7% cpu@48.781C soc2@47.812C soc0@46.312C gpu@47.687C tj@48.781C soc1@46.156C VDD_IN 4385mW/4410mW VDD_CPU_GPU_CV 756mW/754mW VDD_SOC 1355mW/1354mW
08-09-2026 19:54:11 RAM 2982/7620MB (lfb 19x4MB) SWAP 2/12002MB (cached 0MB) CPU [3%@729,2%@729,4%@729,10%@729,12%@729,0%@729] GR3D_FREQ 7% cpu@48.625C soc2@47.718C soc0@46.375C gpu@48.093C tj@48.625C soc1@46.312C VDD_IN 4425mW/4410mW VDD_CPU_GPU_CV 756mW/754mW VDD_SOC 1355mW/1354mW
08-09-2026 19:54:12 RAM 2982/7620MB (lfb 19x4MB) SWAP 2/12002MB (cached 0MB) CPU [5%@1510,3%@1510,1%@1510,6%@1510,18%@729,3%@729] GR3D_FREQ 6% cpu@48.875C soc2@47.781C soc0@46.281C gpu@47.781C tj@48.875C soc1@46.187C VDD_IN 4385mW/4410mW VDD_CPU_GPU_CV 756mW/754mW VDD_SOC 1355mW/1354mW
08-09-2026 19:54:13 RAM 2982/7620MB (lfb 19x4MB) SWAP 2/12002MB (cached 0MB) CPU [2%@729,1%@729,4%@729,25%@729,1%@729,1%@729] GR3D_FREQ 13% cpu@48.468C soc2@47.781C soc0@46.375C gpu@48C tj@48.656C soc1@46.25C VDD_IN 4385mW/4409mW VDD_CPU_GPU_CV 756mW/754mW VDD_SOC 1355mW/1354mW
08-09-2026 19:54:15 RAM 2982/7620MB (lfb 19x4MB) SWAP 2/12002MB (cached 0MB) CPU [7%@729,2%@729,4%@729,1%@729,16%@729,1%@729] GR3D_FREQ 6% cpu@48.968C soc2@47.718C soc0@46.593C gpu@47.968C tj@48.968C soc1@46.281C VDD_IN 4425mW/4409mW VDD_CPU_GPU_CV 756mW/754mW VDD_SOC 1355mW/1354mW
08-09-2026 19:54:16 RAM 2982/7620MB (lfb 19x4MB) SWAP 2/12002MB (cached 0MB) CPU [4%@1510,1%@1510,2%@1510,0%@729,21%@729,1%@729] GR3D_FREQ 13% cpu@48.5C soc2@47.781C soc0@46.343C gpu@47.812C tj@48.5C soc1@46.312C VDD_IN 4385mW/4409mW VDD_CPU_GPU_CV 756mW/754mW VDD_SOC 1355mW/1354mW
08-09-2026 19:54:17 RAM 2982/7620MB (lfb 19x4MB) SWAP 2/12002MB (cached 0MB) CPU [3%@729,1%@729,2%@729,0%@729,29%@729,1%@729] GR3D_FREQ 6% cpu@48.625C soc2@47.687C soc0@46.312C gpu@48.062C tj@48.625C soc1@46.218C VDD_IN 4385mW/4409mW VDD_CPU_GPU_CV 756mW/754mW VDD_SOC 1355mW/1354mW
08-09-2026 19:54:18 RAM 2982/7620MB (lfb 19x4MB) SWAP 2/12002MB (cached 0MB) CPU [12%@729,0%@729,5%@729,1%@729,17%@729,1%@729] GR3D_FREQ 16% cpu@48.531C soc2@47.781C soc0@46.281C gpu@47.75C tj@48.531C soc1@46.343C VDD_IN 4425mW/4409mW VDD_CPU_GPU_CV 756mW/754mW VDD_SOC 1355mW/1354mW
08-09-2026 19:54:19 RAM 2982/7620MB (lfb 19x4MB) SWAP 2/12002MB (cached 0MB) CPU [13%@1510,4%@1510,7%@1510,1%@1510,0%@729,10%@729] GR3D_FREQ 11% cpu@48.718C soc2@47.625C soc0@46.5C gpu@48.093C tj@48.718C soc1@46.156C VDD_IN 4425mW/4409mW VDD_CPU_GPU_CV 756mW/754mW VDD_SOC 1355mW/1354mW
08-09-2026 19:54:20 RAM 2982/7620MB (lfb 19x4MB) SWAP 2/12002MB (cached 0MB) CPU [3%@729,0%@729,1%@729,1%@729,0%@729,14%@729] GR3D_FREQ 8% cpu@48.531C soc2@47.781C soc0@46.312C gpu@48.062C tj@48.531C soc1@46.187C VDD_IN 4432mW/4410mW VDD_CPU_GPU_CV 756mW/754mW VDD_SOC 1355mW/1354mW
08-09-2026 19:54:21 RAM 2982/7620MB (lfb 19x4MB) SWAP 2/12002MB (cached 0MB) CPU [4%@1510,1%@1510,17%@1510,1%@1510,1%@729,4%@729] GR3D_FREQ 8% cpu@48.687C soc2@47.718C soc0@46.468C gpu@47.781C tj@48.687C soc1@46.218C VDD_IN 4425mW/4410mW VDD_CPU_GPU_CV 756mW/754mW VDD_SOC 1355mW/1354mW
08-09-2026 19:54:22 RAM 2982/7620MB (lfb 19x4MB) SWAP 2/12002MB (cached 0MB) CPU [2%@729,1%@729,6%@729,1%@729,1%@729,12%@729] GR3D_FREQ 7% cpu@49.031C soc2@47.718C soc0@46.312C gpu@47.968C tj@48.562C soc1@46.312C VDD_IN 4425mW/4410mW VDD_CPU_GPU_CV 756mW/754mW VDD_SOC 1355mW/1354mW
08-09-2026 19:54:23 RAM 2982/7620MB (lfb 19x4MB) SWAP 2/12002MB (cached 0MB) CPU [3%@729,1%@729,2%@729,1%@729,17%@729,1%@729] GR3D_FREQ 7% cpu@48.687C soc2@47.906C soc0@46.437C gpu@47.75C tj@48.687C soc1@46.437C VDD_IN 4385mW/4410mW VDD_CPU_GPU_CV 756mW/754mW VDD_SOC 1355mW/1354mW
08-09-2026 19:54:24 RAM 2982/7620MB (lfb 19x4MB) SWAP 2/12002MB (cached 0MB) CPU [5%@729,1%@729,2%@729,1%@729,17%@729,0%@729] GR3D_FREQ 7% cpu@48.562C soc2@47.75C soc0@46.343C gpu@48.062C tj@48.562C soc1@46.25C VDD_IN 4385mW/4409mW VDD_CPU_GPU_CV 756mW/754mW VDD_SOC 1355mW/1354mW
08-09-2026 19:54:25 RAM 2982/7620MB (lfb 19x4MB) SWAP 2/12002MB (cached 0MB) CPU [2%@1510,0%@1510,4%@1510,1%@1510,15%@729,1%@729] GR3D_FREQ 11% cpu@48.5C soc2@47.781C soc0@46.375C gpu@48.062C tj@48.5C soc1@46.343C VDD_IN 4385mW/4409mW VDD_CPU_GPU_CV 756mW/754mW VDD_SOC 1355mW/1354mW
08-09-2026 19:54:26 RAM 2982/7620MB (lfb 19x4MB) SWAP 2/12002MB (cached 0MB) CPU [3%@729,1%@729,4%@729,0%@729,14%@729,1%@729] GR3D_FREQ 9% cpu@48.593C soc2@47.687C soc0@46.531C gpu@48.031C tj@48.593C soc1@46.218C VDD_IN 4392mW/4409mW VDD_CPU_GPU_CV 756mW/755mW VDD_SOC 1355mW/1354mW
08-09-2026 19:54:27 RAM 2982/7620MB (lfb 19x4MB) SWAP 2/12002MB (cached 0MB) CPU [3%@729,1%@729,3%@729,0%@729,19%@729,0%@729] GR3D_FREQ 12% cpu@48.531C soc2@47.812C soc0@46.312C gpu@48C tj@48.531C soc1@46.187C VDD_IN 4425mW/4409mW VDD_CPU_GPU_CV 756mW/755mW VDD_SOC 1355mW/1354mW
08-09-2026 19:54:28 RAM 2982/7620MB (lfb 19x4MB) SWAP 2/12002MB (cached 0MB) CPU [3%@1510,1%@1510,0%@1510,3%@1510,9%@729,9%@729] GR3D_FREQ 11% cpu@48.687C soc2@47.687C soc0@46.437C gpu@48.062C tj@48.687C soc1@46.187C VDD_IN 4425mW/4409mW VDD_CPU_GPU_CV 756mW/755mW VDD_SOC 1355mW/1354mW
08-09-2026 19:54:29 RAM 2982/7620MB (lfb 19x4MB) SWAP 2/12002MB (cached 0MB) CPU [16%@729,3%@729,2%@729,1%@729,0%@729,12%@729] GR3D_FREQ 7% cpu@48.593C soc2@47.781C soc0@46.375C gpu@47.812C tj@48.593C soc1@46.312C VDD_IN 4385mW/4409mW VDD_CPU_GPU_CV 756mW/755mW VDD_SOC 1355mW/1354mW
08-09-2026 19:54:30 RAM 2982/7620MB (lfb 19x4MB) SWAP 2/12002MB (cached 0MB) CPU [8%@729,10%@729,8%@729,0%@729,6%@729,0%@729] GR3D_FREQ 9% cpu@48.843C soc2@47.718C soc0@46.5C gpu@48.062C tj@48.843C soc1@46.187C VDD_IN 4385mW/4409mW VDD_CPU_GPU_CV 756mW/755mW VDD_SOC 1355mW/1354mW
08-09-2026 19:54:31 RAM 2982/7620MB (lfb 19x4MB) SWAP 2/12002MB (cached 0MB) CPU [2%@729,1%@729,25%@729,1%@729,4%@729,1%@729] GR3D_FREQ 6% cpu@48.437C soc2@47.75C soc0@46.375C gpu@47.812C tj@48.437C soc1@46.25C VDD_IN 4425mW/4409mW VDD_CPU_GPU_CV 756mW/755mW VDD_SOC 1355mW/1354mW
08-09-2026 19:54:32 RAM 2982/7620MB (lfb 19x4MB) SWAP 2/12002MB (cached 0MB) CPU [3%@1510,2%@1510,4%@1510,1%@1510,19%@729,0%@729] GR3D_FREQ 7% cpu@48.718C soc2@47.781C soc0@46.375C gpu@48C tj@48.718C soc1@46.093C VDD_IN 4385mW/4409mW VDD_CPU_GPU_CV 756mW/755mW VDD_SOC 1355mW/1354mW
08-09-2026 19:54:33 RAM 2982/7620MB (lfb 19x4MB) SWAP 2/12002MB (cached 0MB) CPU [5%@729,1%@729,8%@729,0%@729,20%@729,0%@729] GR3D_FREQ 12% cpu@48.562C soc2@47.75C soc0@46.343C gpu@47.781C tj@48.562C soc1@46.25C VDD_IN 4385mW/4409mW VDD_CPU_GPU_CV 756mW/755mW VDD_SOC 1355mW/1354mW
08-09-2026 19:54:34 RAM 2982/7620MB (lfb 19x4MB) SWAP 2/12002MB (cached 0MB) CPU [2%@729,1%@729,11%@729,0%@729,17%@729,0%@729] GR3D_FREQ 7% cpu@48.562C soc2@47.875C soc0@46.437C gpu@47.968C tj@48.562C soc1@46.312C VDD_IN 4425mW/4409mW VDD_CPU_GPU_CV 756mW/755mW VDD_SOC 1355mW/1354mW
08-09-2026 19:54:35 RAM 2982/7620MB (lfb 19x4MB) SWAP 2/12002MB (cached 0MB) CPU [18%@1510,4%@1510,9%@1510,0%@1510,2%@729,1%@729] GR3D_FREQ 6% cpu@48.656C soc2@47.75C soc0@46.5C gpu@47.812C tj@48.656C soc1@46.25C VDD_IN 4385mW/4409mW VDD_CPU_GPU_CV 756mW/755mW VDD_SOC 1355mW/1354mW
08-09-2026 19:54:36 RAM 2982/7620MB (lfb 19x4MB) SWAP 2/12002MB (cached 0MB) CPU [19%@729,4%@729,0%@729,9%@729,0%@729,1%@729] GR3D_FREQ 7% cpu@48.531C soc2@47.718C soc0@46.5C gpu@48C tj@48.531C soc1@46.218C VDD_IN 4425mW/4409mW VDD_CPU_GPU_CV 756mW/755mW VDD_SOC 1355mW/1354mW
08-09-2026 19:54:37 RAM 2982/7620MB (lfb 19x4MB) SWAP 2/12002MB (cached 0MB) CPU [3%@729,2%@729,2%@729,28%@729,2%@729,1%@729] GR3D_FREQ 11% cpu@48.718C soc2@47.687C soc0@46.468C gpu@47.75C tj@48.718C soc1@46.281C VDD_IN 4385mW/4409mW VDD_CPU_GPU_CV 756mW/755mW VDD_SOC 1355mW/1354mW
08-09-2026 19:54:38 RAM 2982/7620MB (lfb 19x4MB) SWAP 2/12002MB (cached 0MB) CPU [2%@1510,2%@1510,2%@1510,19%@1510,13%@729,0%@729] GR3D_FREQ 16% cpu@48.562C soc2@47.812C soc0@46.312C gpu@47.718C tj@48.562C soc1@46.281C VDD_IN 4425mW/4409mW VDD_CPU_GPU_CV 756mW/755mW VDD_SOC 1355mW/1354mW
08-09-2026 19:54:39 RAM 2982/7620MB (lfb 19x4MB) SWAP 2/12002MB (cached 0MB) CPU [3%@729,2%@729,3%@729,19%@729,2%@729,0%@729] GR3D_FREQ 8% cpu@48.843C soc2@47.718C soc0@46.531C gpu@47.937C tj@48.843C soc1@46.156C VDD_IN 4465mW/4409mW VDD_CPU_GPU_CV 756mW/755mW VDD_SOC 1395mW/1354mW
08-09-2026 19:54:40 RAM 2982/7620MB (lfb 19x4MB) SWAP 2/12002MB (cached 0MB) CPU [3%@729,1%@729,1%@729,16%@729,2%@729,0%@729] GR3D_FREQ 6% cpu@48.468C soc2@47.843C soc0@46.343C gpu@47.781C tj@48.468C soc1@46.375C VDD_IN 4465mW/4409mW VDD_CPU_GPU_CV 756mW/755mW VDD_SOC 1355mW/1354mW
08-09-2026 19:54:41 RAM 2982/7620MB (lfb 19x4MB) SWAP 2/12002MB (cached 0MB) CPU [9%@1510,2%@1510,1%@1510,12%@1510,1%@729,0%@729] GR3D_FREQ 9% cpu@48.906C soc2@47.718C soc0@46.437C gpu@47.75C tj@48.906C soc1@46.093C VDD_IN 4425mW/4410mW VDD_CPU_GPU_CV 756mW/755mW VDD_SOC 1355mW/1354mW
08-09-2026 19:54:42 RAM 2982/7620MB (lfb 19x4MB) SWAP 2/12002MB (cached 0MB) CPU [17%@1510,1%@1510,4%@1510,2%@1510,1%@729,1%@729] GR3D_FREQ 7% cpu@48.437C soc2@47.718C soc0@46.312C gpu@48C tj@48.593C soc1@46.375C VDD_IN 4425mW/4410mW VDD_CPU_GPU_CV 756mW/755mW VDD_SOC 1355mW/1354mW
08-09-2026 19:54:43 RAM 2982/7620MB (lfb 19x4MB) SWAP 2/12002MB (cached 0MB) CPU [20%@1510,2%@1510,1%@1510,0%@1510,0%@729,2%@729] GR3D_FREQ 11% cpu@48.968C soc2@47.781C soc0@46.437C gpu@47.812C tj@48.968C soc1@46.093C VDD_IN 4425mW/4410mW VDD_CPU_GPU_CV 756mW/755mW VDD_SOC 1355mW/1354mW
08-09-2026 19:54:44 RAM 2982/7620MB (lfb 19x4MB) SWAP 2/12002MB (cached 0MB) CPU [13%@1510,6%@1510,1%@1510,2%@1510,1%@729,2%@729] GR3D_FREQ 8% cpu@48.562C soc2@47.875C soc0@46.406C gpu@47.812C tj@48.562C soc1@46.218C VDD_IN 4425mW/4410mW VDD_CPU_GPU_CV 756mW/755mW VDD_SOC 1355mW/1354mW
08-09-2026 19:54:45 RAM 2982/7620MB (lfb 19x4MB) SWAP 2/12002MB (cached 0MB) CPU [14%@729,6%@729,2%@729,2%@729,0%@729,1%@729] GR3D_FREQ 13% cpu@48.5C soc2@47.718C soc0@46.5C gpu@47.968C tj@48.5C soc1@46.25C VDD_IN 4425mW/4410mW VDD_CPU_GPU_CV 756mW/755mW VDD_SOC 1355mW/1354mW
08-09-2026 19:54:46 RAM 2983/7620MB (lfb 19x4MB) SWAP 2/12002MB (cached 0MB) CPU [3%@883,0%@883,8%@883,11%@883,7%@729,0%@729] GR3D_FREQ 8% cpu@48.75C soc2@47.812C soc0@46.406C gpu@47.781C tj@48.75C soc1@46.281C VDD_IN 4465mW/4410mW VDD_CPU_GPU_CV 796mW/755mW VDD_SOC 1355mW/1354mW
08-09-2026 19:54:47 RAM 2983/7620MB (lfb 19x4MB) SWAP 2/12002MB (cached 0MB) CPU [4%@729,1%@729,5%@729,2%@729,15%@729,2%@729] GR3D_FREQ 8% cpu@48.625C soc2@47.75C soc0@46.437C gpu@47.906C tj@48.625C soc1@46.218C VDD_IN 4425mW/4410mW VDD_CPU_GPU_CV 756mW/755mW VDD_SOC 1355mW/1354mW
08-09-2026 19:54:48 RAM 2983/7620MB (lfb 19x4MB) SWAP 2/12002MB (cached 0MB) CPU [10%@1267,1%@1267,1%@1267,12%@1267,12%@729,2%@729] GR3D_FREQ 7% cpu@49.031C soc2@47.75C soc0@46.343C gpu@47.75C tj@48.718C soc1@46.281C VDD_IN 4505mW/4410mW VDD_CPU_GPU_CV 835mW/755mW VDD_SOC 1355mW/1354mW
08-09-2026 19:54:49 RAM 2983/7620MB (lfb 19x4MB) SWAP 2/12002MB (cached 0MB) CPU [18%@1510,8%@1510,2%@1510,3%@1510,4%@729,3%@729] GR3D_FREQ 7% cpu@48.687C soc2@47.75C soc0@46.5C gpu@47.937C tj@48.687C soc1@46.125C VDD_IN 4385mW/4410mW VDD_CPU_GPU_CV 756mW/755mW VDD_SOC 1355mW/1354mW
08-09-2026 19:54:50 RAM 2983/7620MB (lfb 19x4MB) SWAP 2/12002MB (cached 0MB) CPU [4%@729,22%@729,2%@729,1%@729,0%@729,1%@729] GR3D_FREQ 6% cpu@48.562C soc2@47.687C soc0@46.312C gpu@48C tj@48.562C soc1@46.312C VDD_IN 4346mW/4410mW VDD_CPU_GPU_CV 756mW/755mW VDD_SOC 1355mW/1354mW
08-09-2026 19:54:51 RAM 2983/7620MB (lfb 19x4MB) SWAP 2/12002MB (cached 0MB) CPU [6%@729,17%@729,1%@729,1%@729,1%@729,0%@729] GR3D_FREQ 9% cpu@48.687C soc2@47.75C soc0@46.562C gpu@47.812C tj@48.687C soc1@46.187C VDD_IN 4385mW/4410mW VDD_CPU_GPU_CV 756mW/755mW VDD_SOC 1355mW/1354mW
08-09-2026 19:54:52 RAM 2983/7620MB (lfb 19x4MB) SWAP 2/12002MB (cached 0MB) CPU [9%@729,13%@729,1%@729,1%@729,1%@729,1%@729] GR3D_FREQ 7% cpu@48.406C soc2@47.718C soc0@46.343C gpu@47.968C tj@48.406C soc1@46.218C VDD_IN 4346mW/4410mW VDD_CPU_GPU_CV 756mW/755mW VDD_SOC 1315mW/1354mW
08-09-2026 19:54:53 RAM 2983/7620MB (lfb 19x4MB) SWAP 2/12002MB (cached 0MB) CPU [5%@729,20%@729,1%@729,0%@729,2%@729,2%@729] GR3D_FREQ 12% cpu@48.687C soc2@47.75C soc0@46.312C gpu@47.75C tj@48.687C soc1@46.187C VDD_IN 4385mW/4410mW VDD_CPU_GPU_CV 756mW/755mW VDD_SOC 1355mW/1354mW
08-09-2026 19:54:54 RAM 2983/7620MB (lfb 19x4MB) SWAP 2/12002MB (cached 0MB) CPU [4%@729,22%@729,1%@729,0%@729,2%@729,1%@729] GR3D_FREQ 13% cpu@48.531C soc2@47.781C soc0@46.312C gpu@47.937C tj@48.437C soc1@46.125C VDD_IN 4385mW/4409mW VDD_CPU_GPU_CV 756mW/755mW VDD_SOC 1355mW/1354mW
08-09-2026 19:54:55 RAM 2983/7620MB (lfb 19x4MB) SWAP 2/12002MB (cached 0MB) CPU [16%@1510,6%@1510,0%@1510,3%@1510,1%@729,2%@729] GR3D_FREQ 7% cpu@48.562C soc2@47.812C soc0@46.437C gpu@47.781C tj@48.562C soc1@46.281C VDD_IN 4385mW/4409mW VDD_CPU_GPU_CV 756mW/755mW VDD_SOC 1355mW/1354mW
08-09-2026 19:54:56 RAM 2983/7620MB (lfb 19x4MB) SWAP 2/12002MB (cached 0MB) CPU [3%@729,1%@729,2%@729,2%@729,1%@729,21%@729] GR3D_FREQ 7% cpu@48.593C soc2@47.718C soc0@46.406C gpu@47.937C tj@48.593C soc1@46.125C VDD_IN 4385mW/4409mW VDD_CPU_GPU_CV 756mW/755mW VDD_SOC 1355mW/1354mW
08-09-2026 19:54:57 RAM 2983/7620MB (lfb 19x4MB) SWAP 2/12002MB (cached 0MB) CPU [3%@1510,1%@1510,2%@1510,0%@1510,2%@729,23%@729] GR3D_FREQ 12% cpu@48.656C soc2@47.812C soc0@46.406C gpu@47.718C tj@48.656C soc1@46.312C VDD_IN 4425mW/4409mW VDD_CPU_GPU_CV 756mW/755mW VDD_SOC 1355mW/1354mW
08-09-2026 19:54:58 RAM 2983/7620MB (lfb 19x4MB) SWAP 2/12002MB (cached 0MB) CPU [1%@1510,0%@1510,3%@1510,0%@1510,1%@729,26%@729] GR3D_FREQ 11% cpu@48.781C soc2@47.812C soc0@46.468C gpu@47.937C tj@48.781C soc1@46.093C VDD_IN 4385mW/4409mW VDD_CPU_GPU_CV 756mW/755mW VDD_SOC 1355mW/1354mW
08-09-2026 19:54:59 RAM 2983/7620MB (lfb 19x4MB) SWAP 2/12002MB (cached 0MB) CPU [4%@1510,1%@1510,2%@1510,0%@1510,2%@729,21%@729] GR3D_FREQ 11% cpu@48.593C soc2@47.656C soc0@46.312C gpu@47.718C tj@48.593C soc1@46.218C VDD_IN 4273mW/4409mW VDD_CPU_GPU_CV 717mW/755mW VDD_SOC 1315mW/1354mW
08-09-2026 19:55:00 RAM 2983/7620MB (lfb 19x4MB) SWAP 2/12002MB (cached 0MB) CPU [3%@729,1%@729,1%@729,0%@729,1%@729,32%@729] GR3D_FREQ 13% cpu@48.718C soc2@47.625C soc0@46.468C gpu@48C tj@48.718C soc1@46.218C VDD_IN 4425mW/4409mW VDD_CPU_GPU_CV 796mW/755mW VDD_SOC 1355mW/1354mW
08-09-2026 19:55:01 RAM 2983/7620MB (lfb 19x4MB) SWAP 2/12002MB (cached 0MB) CPU [3%@1510,1%@1510,2%@1510,0%@1510,0%@729,48%@729] GR3D_FREQ 7% cpu@48.531C soc2@47.812C soc0@46.406C gpu@47.781C tj@48.531C soc1@46.187C VDD_IN 4465mW/4409mW VDD_CPU_GPU_CV 835mW/755mW VDD_SOC 1355mW/1354mW
08-09-2026 19:55:02 RAM 2983/7620MB (lfb 19x4MB) SWAP 2/12002MB (cached 0MB) CPU [3%@729,2%@729,1%@729,0%@729,13%@729,36%@729] GR3D_FREQ 7% cpu@48.718C soc2@47.812C soc0@46.406C gpu@47.968C tj@48.718C soc1@46C VDD_IN 4465mW/4409mW VDD_CPU_GPU_CV 835mW/755mW VDD_SOC 1355mW/1354mW
08-09-2026 19:55:03 RAM 2983/7620MB (lfb 19x4MB) SWAP 2/12002MB (cached 0MB) CPU [3%@1510,2%@1510,2%@1510,0%@1510,45%@729,0%@729] GR3D_FREQ 13% cpu@48.656C soc2@47.75C soc0@46.375C gpu@47.875C tj@48.656C soc1@46.093C VDD_IN 4465mW/4409mW VDD_CPU_GPU_CV 835mW/755mW VDD_SOC 1355mW/1354mW
08-09-2026 19:55:04 RAM 2983/7620MB (lfb 19x4MB) SWAP 2/12002MB (cached 0MB) CPU [3%@729,3%@729,3%@729,1%@729,48%@729,0%@729] GR3D_FREQ 9% cpu@48.593C soc2@47.812C soc0@46.343C gpu@47.75C tj@48.593C soc1@46C VDD_IN 4505mW/4410mW VDD_CPU_GPU_CV 835mW/755mW VDD_SOC 1355mW/1354mW
08-09-2026 19:55:05 RAM 2983/7620MB (lfb 19x4MB) SWAP 2/12002MB (cached 0MB) CPU [4%@729,0%@729,2%@729,1%@729,49%@729,2%@729] GR3D_FREQ 12% cpu@48.718C soc2@47.656C soc0@46.406C gpu@47.843C tj@48.406C soc1@46.031C VDD_IN 4505mW/4410mW VDD_CPU_GPU_CV 835mW/755mW VDD_SOC 1355mW/1354mW
08-09-2026 19:55:06 RAM 2983/7620MB (lfb 19x4MB) SWAP 2/12002MB (cached 0MB) CPU [3%@1510,1%@1510,2%@1510,0%@1510,5%@729,41%@729] GR3D_FREQ 12% cpu@48.562C soc2@47.718C soc0@46.343C gpu@47.656C tj@48.562C soc1@46.312C VDD_IN 4465mW/4410mW VDD_CPU_GPU_CV 835mW/756mW VDD_SOC 1355mW/1354mW
08-09-2026 19:55:07 RAM 2983/7620MB (lfb 19x4MB) SWAP 2/12002MB (cached 0MB) CPU [4%@729,2%@729,1%@729,2%@729,22%@729,25%@729] GR3D_FREQ 6% cpu@48.656C soc2@47.656C soc0@46.312C gpu@47.812C tj@48.656C soc1@46.093C VDD_IN 4465mW/4410mW VDD_CPU_GPU_CV 835mW/756mW VDD_SOC 1355mW/1354mW
08-09-2026 19:55:08 RAM 2983/7620MB (lfb 19x4MB) SWAP 2/12002MB (cached 0MB) CPU [3%@729,0%@729,2%@729,0%@729,11%@729,32%@729] GR3D_FREQ 7% cpu@48.468C soc2@47.625C soc0@46.375C gpu@47.656C tj@48.468C soc1@46.187C VDD_IN 4465mW/4410mW VDD_CPU_GPU_CV 796mW/756mW VDD_SOC 1355mW/1354mW
08-09-2026 19:55:09 RAM 2983/7620MB (lfb 19x4MB) SWAP 2/12002MB (cached 0MB) CPU [3%@729,1%@729,3%@729,1%@729,17%@729,2%@729] GR3D_FREQ 12% cpu@48.656C soc2@47.593C soc0@46.312C gpu@47.75C tj@48.656C soc1@46.062C VDD_IN 4385mW/4410mW VDD_CPU_GPU_CV 756mW/756mW VDD_SOC 1355mW/1354mW
08-09-2026 19:55:10 RAM 2983/7620MB (lfb 19x4MB) SWAP 2/12002MB (cached 0MB) CPU [3%@729,0%@729,2%@729,1%@729,11%@729,13%@729] GR3D_FREQ 7% cpu@48.468C soc2@47.656C soc0@46.25C gpu@47.875C tj@48.562C soc1@46.187C VDD_IN 4385mW/4410mW VDD_CPU_GPU_CV 756mW/756mW VDD_SOC 1355mW/1354mW
08-09-2026 19:55:11 RAM 2983/7620MB (lfb 19x4MB) SWAP 2/12002MB (cached 0MB) CPU [3%@1510,1%@1510,4%@1510,1%@1510,8%@729,12%@729] GR3D_FREQ 6% cpu@48.625C soc2@47.687C soc0@46.312C gpu@47.531C tj@48.625C soc1@46.156C VDD_IN 4385mW/4410mW VDD_CPU_GPU_CV 756mW/756mW VDD_SOC 1355mW/1354mW
08-09-2026 19:55:12 RAM 2983/7620MB (lfb 19x4MB) SWAP 2/12002MB (cached 0MB) CPU [2%@729,0%@729,2%@729,3%@729,19%@729,3%@729] GR3D_FREQ 7% cpu@48.343C soc2@47.625C soc0@46.312C gpu@47.906C tj@48.343C soc1@46.281C VDD_IN 4392mW/4410mW VDD_CPU_GPU_CV 716mW/756mW VDD_SOC 1355mW/1354mW
08-09-2026 19:55:13 RAM 2983/7620MB (lfb 19x4MB) SWAP 2/12002MB (cached 0MB) CPU [3%@729,0%@729,2%@729,2%@729,21%@729,0%@729] GR3D_FREQ 9% cpu@48.687C soc2@47.593C soc0@46.406C gpu@47.593C tj@48.687C soc1@45.968C VDD_IN 4392mW/4410mW VDD_CPU_GPU_CV 717mW/756mW VDD_SOC 1355mW/1354mW
08-09-2026 19:55:14 RAM 2983/7620MB (lfb 19x4MB) SWAP 2/12002MB (cached 0MB) CPU [3%@729,1%@729,6%@729,1%@729,9%@729,12%@729] GR3D_FREQ 7% cpu@48.406C soc2@47.625C soc0@46.281C gpu@47.812C tj@48.406C soc1@46.125C VDD_IN 4385mW/4410mW VDD_CPU_GPU_CV 756mW/756mW VDD_SOC 1355mW/1354mW
08-09-2026 19:55:15 RAM 2983/7620MB (lfb 19x4MB) SWAP 2/12002MB (cached 0MB) CPU [4%@1510,0%@1510,5%@1510,1%@1510,15%@729,0%@729] GR3D_FREQ 6% cpu@48.406C soc2@47.687C soc0@46.312C gpu@47.656C tj@48.406C soc1@45.937C VDD_IN 4385mW/4410mW VDD_CPU_GPU_CV 716mW/756mW VDD_SOC 1355mW/1354mW
08-09-2026 19:55:16 RAM 2983/7620MB (lfb 19x4MB) SWAP 2/12002MB (cached 0MB) CPU [3%@1510,1%@1510,1%@1510,1%@1510,19%@729,1%@729] GR3D_FREQ 13% cpu@48.656C soc2@47.5C soc0@46.218C gpu@47.812C tj@48.656C soc1@46.093C VDD_IN 4385mW/4410mW VDD_CPU_GPU_CV 717mW/755mW VDD_SOC 1355mW/1354mW
08-09-2026 19:55:17 RAM 2983/7620MB (lfb 19x4MB) SWAP 2/12002MB (cached 0MB) CPU [3%@1510,1%@1510,2%@1510,0%@1510,24%@729,1%@729] GR3D_FREQ 8% cpu@48.468C soc2@47.625C soc0@46.281C gpu@47.656C tj@48.468C soc1@45.968C VDD_IN 4392mW/4410mW VDD_CPU_GPU_CV 756mW/755mW VDD_SOC 1355mW/1354mW
08-09-2026 19:55:18 RAM 2983/7620MB (lfb 19x4MB) SWAP 2/12002MB (cached 0MB) CPU [2%@1510,0%@1510,2%@1510,1%@1510,25%@729,1%@729] GR3D_FREQ 17% cpu@48.562C soc2@47.656C soc0@46.156C gpu@47.75C tj@48.562C soc1@46.093C VDD_IN 4425mW/4410mW VDD_CPU_GPU_CV 756mW/755mW VDD_SOC 1355mW/1354mW
08-09-2026 19:55:19 RAM 2983/7620MB (lfb 19x4MB) SWAP 2/12002MB (cached 0MB) CPU [3%@1510,0%@1510,2%@1510,0%@1510,17%@729,1%@729] GR3D_FREQ 8% cpu@48.468C soc2@47.625C soc0@46.312C gpu@47.531C tj@48.468C soc1@46.187C VDD_IN 4465mW/4410mW VDD_CPU_GPU_CV 756mW/755mW VDD_SOC 1395mW/1354mW
08-09-2026 19:55:20 RAM 2983/7620MB (lfb 19x4MB) SWAP 2/12002MB (cached 0MB) CPU [4%@1510,1%@1510,2%@1510,1%@1510,15%@729,1%@729] GR3D_FREQ 8% cpu@48.625C soc2@47.531C soc0@46.406C gpu@47.812C tj@48.625C soc1@46.031C VDD_IN 4465mW/4410mW VDD_CPU_GPU_CV 756mW/755mW VDD_SOC 1395mW/1354mW
08-09-2026 19:55:21 RAM 2983/7620MB (lfb 19x4MB) SWAP 2/12002MB (cached 0MB) CPU [3%@729,1%@729,2%@729,0%@729,13%@729,5%@729] GR3D_FREQ 7% cpu@48.437C soc2@47.656C soc0@46.218C gpu@47.625C tj@48.437C soc1@46.218C VDD_IN 4465mW/4410mW VDD_CPU_GPU_CV 756mW/755mW VDD_SOC 1395mW/1354mW
