timestamp,window_d,k,wp_eval_ms,dds_transport_ms,fsm_infer_ms,node_latency_ms,ap_state,rpn_result,fail_count,trigger_channels,gpu_%,cpu_%,power_mW,ram_MB
1781443821.7520988,7,10,2.2487,43.956,0.1927,2.397,NOMINAL,STALE,0,,0,16.8,5467,3672
1781443821.8105772,7,10,1.8751,1.343,0.0345,0.448,NOMINAL,NORMAL,0,,0,16.8,5467,3672
1781443821.9335806,7,10,1.6222,1.082,0.026,0.387,NOMINAL,NORMAL,0,,0,16.8,5467,3672
1781443822.0597522,7,10,2.507,1.26,0.0342,0.482,NOMINAL,NORMAL,0,,0,16.8,5467,3672
1781443822.1852465,7,10,2.6009,1.369,0.0241,0.712,NOMINAL,NORMAL,0,,0,16.8,5467,3672
1781443822.3088093,7,10,1.6999,1.162,0.0234,0.391,NOMINAL,NORMAL,0,,0,16.8,5467,3672
1781443822.4351218,7,10,2.4651,1.38,0.035,0.475,NOMINAL,NORMAL,0,,0,11.8,4888,3042
1781443822.5583885,7,10,1.5868,0.739,0.0202,0.333,NOMINAL,NORMAL,0,,0,11.8,4888,3042
1781443822.6831696,7,10,1.3798,1.013,0.0323,0.381,NOMINAL,NORMAL,0,,0,11.8,4888,3042
1781443822.8096304,7,10,2.6515,1.048,0.0322,0.52,NOMINAL,NORMAL,0,,0,11.8,4888,3042
1781443822.9338841,7,10,1.6041,1.086,0.0276,0.426,NOMINAL,NORMAL,0,,0,11.8,4888,3042
1781443823.059656,7,10,2.4989,1.118,0.0322,0.572,NOMINAL,NORMAL,0,,0,11.8,4888,3042
1781443823.1848998,7,10,2.7417,1.12,0.0294,0.416,NOMINAL,NORMAL,0,,0,11.8,4888,3042
1781443823.3095808,7,10,2.5907,1.021,0.0309,0.468,NOMINAL,NORMAL,0,,0,11.8,4888,3042
1781443823.4349883,7,10,2.6374,1.246,0.036,0.594,NOMINAL,NORMAL,0,,0,12.2,4920,3042
1781443823.5590057,7,10,1.6901,1.123,0.0286,0.408,NOMINAL,NORMAL,0,,0,12.2,4920,3042
1781443823.6836116,7,10,1.9227,1.029,0.0281,0.391,NOMINAL,NORMAL,0,,0,12.2,4920,3042
1781443823.809515,7,10,2.6778,0.905,0.0344,0.6,NOMINAL,NORMAL,0,,0,12.2,4920,3042
1781443823.933143,7,10,1.9223,0.672,0.0202,0.242,NOMINAL,NORMAL,0,,0,12.2,4920,3042
1781443824.059529,7,10,2.5492,0.974,0.0328,0.531,NOMINAL,NORMAL,0,,0,12.2,4920,3042
1781443824.1843529,7,10,1.9795,1.011,0.0253,0.376,NOMINAL,NORMAL,0,,0,12.2,4920,3042
1781443824.3096497,7,10,2.6367,1.052,0.0332,0.517,NOMINAL,NORMAL,0,,0,12.2,4920,3042
1781443824.4360628,7,10,2.8188,1.482,0.0406,1.192,NOMINAL,NORMAL,0,,0,11.8,4809,3042
1781443824.5592623,7,10,2.6128,0.789,0.0219,0.269,NOMINAL,NORMAL,0,,0,11.8,4809,3042
1781443824.6846776,7,10,2.5816,1.178,0.0408,0.517,NOMINAL,NORMAL,0,,0,11.8,4809,3042
1781443824.809389,7,10,2.6334,1.08,0.0214,0.259,NOMINAL,NORMAL,0,,0,11.8,4809,3042
1781443824.934471,7,10,2.5565,1.104,0.0318,0.465,NOMINAL,NORMAL,0,,0,11.8,4809,3042
1781443825.0597496,7,10,2.5845,1.135,0.0331,0.517,NOMINAL,NORMAL,0,,0,11.8,4809,3042
1781443825.1832068,7,10,1.4265,0.942,0.0332,0.48,NOMINAL,NORMAL,0,,0,11.8,4809,3042
1781443825.3093607,7,10,2.646,0.865,0.0297,0.503,NOMINAL,NORMAL,0,,0,11.8,4809,3042
1781443825.4345112,7,10,2.5926,1.015,0.0351,0.418,NOMINAL,NORMAL,0,,0,10.7,4809,3043
1781443825.5591795,7,10,2.3654,1.018,0.0255,0.341,NOMINAL,NORMAL,0,,0,10.7,4809,3043
1781443825.6845274,7,10,2.6357,0.975,0.0329,0.408,NOMINAL,NORMAL,0,,0,10.7,4809,3043
1781443825.8087423,7,10,2.287,0.787,0.0198,0.3,NOMINAL,NORMAL,0,,0,10.7,4809,3043
1781443825.9344034,7,10,2.599,1.01,0.0305,0.445,NOMINAL,NORMAL,0,,0,10.7,4809,3043
1781443826.0597851,7,10,2.5764,1.063,0.0319,0.469,NOMINAL,NORMAL,0,,0,10.7,4809,3043
1781443826.1829753,7,10,1.4324,0.94,0.0322,0.5,NOMINAL,NORMAL,0,,0,10.7,4809,3043
1781443826.3092308,7,10,2.6113,0.874,0.0301,0.345,NOMINAL,NORMAL,0,,0,10.7,4809,3043
1781443826.4345317,7,10,2.6947,0.98,0.0253,0.321,NOMINAL,NORMAL,0,,0,12.3,4809,3043
1781443826.5607553,7,10,3.3496,1.398,0.0394,0.475,NOMINAL,NORMAL,0,,0,12.3,4809,3043
1781443826.6848114,7,10,2.7207,1.027,0.0347,0.542,NOMINAL,NORMAL,0,,0,12.3,4809,3043
1781443826.8086567,7,10,1.743,0.891,0.0333,0.414,NOMINAL,NORMAL,0,,0,12.3,4809,3043
1781443826.9346526,7,10,2.7879,0.978,0.0323,0.424,NOMINAL,NORMAL,0,,0,12.3,4809,3043
1781443827.0597105,7,10,2.7849,1.071,0.0315,0.379,NOMINAL,NORMAL,0,,0,12.3,4809,3043
1781443827.1837633,7,10,2.3545,0.712,0.0202,0.331,NOMINAL,NORMAL,0,,0,12.3,4809,3043
1781443827.309624,7,10,2.8715,0.979,0.0338,0.384,NOMINAL,NORMAL,0,,0,12.3,4809,3043
1781443827.434179,7,10,2.4445,1.004,0.0232,0.274,NOMINAL,NORMAL,0,,0,13.3,4809,3043
1781443827.558421,7,10,1.5597,0.938,0.0359,0.401,NOMINAL,NORMAL,0,,0,13.3,4809,3043
1781443827.684802,7,10,2.6235,1.12,0.0352,0.516,NOMINAL,NORMAL,0,,0,13.3,4809,3043
1781443827.808107,7,10,1.4529,1.148,0.0345,0.4,NOMINAL,NORMAL,0,,0,13.3,4809,3043
1781443827.9346366,7,10,2.8446,0.976,0.0348,0.423,NOMINAL,NORMAL,0,,0,13.3,4809,3043
1781443828.0594585,7,10,2.5722,0.975,0.0313,0.365,NOMINAL,NORMAL,0,,0,13.3,4809,3043
1781443828.183041,7,10,1.5755,0.713,0.02,0.257,NOMINAL,NORMAL,0,,0,13.3,4809,3043
1781443828.3096433,7,10,2.6319,0.975,0.0286,0.348,NOMINAL,NORMAL,0,,0,13.3,4809,3043
1781443828.4332664,7,10,1.716,0.751,0.0218,0.266,NOMINAL,NORMAL,0,,0,12.8,4920,3043
1781443828.5600457,7,10,2.9098,0.957,0.0318,0.379,NOMINAL,NORMAL,0,,0,12.8,4920,3043
1781443828.6838043,7,10,2.1816,0.757,0.0229,0.303,NOMINAL,NORMAL,0,,0,12.8,4920,3043
1781443828.8088937,7,10,2.6251,0.766,0.0194,0.242,NOMINAL,NORMAL,0,,0,12.8,4920,3043
1781443828.933608,7,10,2.0905,0.83,0.0258,0.314,NOMINAL,NORMAL,0,,0,12.8,4920,3043
1781443829.0592134,7,10,2.7705,0.697,0.0188,0.245,NOMINAL,NORMAL,0,,0,12.8,4920,3043
1781443829.1844137,7,10,2.7204,0.86,0.0277,0.34,NOMINAL,NORMAL,0,,0,12.8,4920,3043
1781443829.3096457,7,10,2.8142,1.093,0.0285,0.336,NOMINAL,NORMAL,0,,0,12.8,4920,3043
1781443829.4332216,7,10,1.5565,1.023,0.0346,0.398,NOMINAL,NORMAL,0,,0,15.2,4920,3043
1781443829.559816,7,10,2.7229,1.07,0.035,0.432,NOMINAL,NORMAL,0,,0,15.2,4920,3043
1781443829.6848574,7,10,2.754,1.137,0.0336,0.46,NOMINAL,NORMAL,0,,0,15.2,4920,3043
1781443829.808692,7,10,1.735,1.528,0.0327,0.39,NOMINAL,NORMAL,0,,0,15.2,4920,3043
1781443829.9346583,7,10,2.6968,1.077,0.0306,0.402,NOMINAL,NORMAL,0,,0,15.2,4920,3043
1781443830.0595882,7,10,2.4917,1.207,0.0332,0.392,NOMINAL,NORMAL,0,,0,15.2,4920,3043
1781443830.1830282,7,10,1.4699,1.157,0.03,0.351,NOMINAL,NORMAL,0,,0,15.2,4920,3043
1781443830.309595,7,10,2.8235,0.984,0.0334,0.389,NOMINAL,NORMAL,0,,0,15.2,4920,3043
1781443830.4339106,7,10,2.3905,1.122,0.0209,0.269,NOMINAL,NORMAL,0,,68,13.3,4880,3043
1781443830.559385,7,10,2.7278,0.781,0.0214,0.28,NOMINAL,NORMAL,0,,68,13.3,4880,3043
1781443830.68451,7,10,2.7742,0.979,0.0201,0.257,NOMINAL,NORMAL,0,,68,13.3,4880,3043
1781443830.8084068,7,10,1.6482,1.151,0.034,0.39,NOMINAL,NORMAL,0,,68,13.3,4880,3043
1781443830.9349627,7,10,2.9094,1.258,0.0332,0.38,NOMINAL,NORMAL,0,,68,13.3,4880,3043
1781443831.058418,7,10,1.5008,1.12,0.0333,0.384,NOMINAL,NORMAL,0,,68,13.3,4880,3043
1781443831.1843014,7,10,2.5886,0.955,0.0209,0.261,NOMINAL,NORMAL,0,,68,13.3,4880,3043
1781443831.3097816,7,10,2.8087,1.183,0.0321,0.374,NOMINAL,NORMAL,0,,68,13.3,4880,3043
1781443831.4337091,7,10,2.0893,0.946,0.0207,0.266,NOMINAL,NORMAL,0,,65,14.0,4880,3043
1781443831.559871,7,10,2.8908,1.05,0.0326,0.377,NOMINAL,NORMAL,0,,65,14.0,4880,3043
1781443831.6838188,7,10,2.1904,0.845,0.0182,0.243,NOMINAL,NORMAL,0,,65,14.0,4880,3043
1781443831.81005,7,10,3.0251,1.196,0.0337,0.392,NOMINAL,NORMAL,0,,65,14.0,4880,3043
1781443831.9349034,7,10,2.8503,1.206,0.032,0.384,NOMINAL,NORMAL,0,,65,14.0,4880,3043
1781443832.058093,7,10,1.507,1.104,0.0346,0.388,NOMINAL,NORMAL,0,,65,14.0,4880,3043
1781443832.184873,7,10,2.7759,1.229,0.0336,0.387,NOMINAL,NORMAL,0,,65,14.0,4880,3043
1781443832.3098228,7,10,2.9515,1.037,0.0208,0.333,NOMINAL,NORMAL,0,,65,14.0,4880,3043
1781443832.4347088,7,10,2.8171,1.298,0.0351,0.452,NOMINAL,NORMAL,0,,99,12.5,4880,3043
1781443832.559972,7,10,2.8123,1.089,0.0345,0.439,NOMINAL,NORMAL,0,,99,12.5,4880,3043
1781443832.6833377,7,10,1.5418,0.934,0.0328,0.389,NOMINAL,NORMAL,0,,99,12.5,4880,3043
1781443832.8080602,7,10,1.4804,1.211,0.0346,0.398,NOMINAL,NORMAL,0,,99,12.5,4880,3043
1781443832.9346056,7,10,2.7031,1.039,0.0345,0.436,NOMINAL,NORMAL,0,,99,12.5,4880,3043
1781443833.0589833,7,10,2.4651,0.967,0.0205,0.265,NOMINAL,NORMAL,0,,99,12.5,4880,3043
1781443833.1846638,7,10,2.8446,0.985,0.0322,0.387,NOMINAL,NORMAL,0,,99,12.5,4880,3043
1781443833.308839,7,10,2.5022,0.749,0.019,0.256,NOMINAL,NORMAL,0,,99,12.5,4880,3043
1781443833.4338872,7,10,2.3703,1.034,0.0328,0.407,NOMINAL,NORMAL,0,,99,12.3,4920,3043
1781443833.560462,7,10,3.477,1.004,0.0332,0.405,NOMINAL,NORMAL,0,,99,12.3,4920,3043
1781443833.6830797,7,10,1.6856,0.935,0.0281,0.338,NOMINAL,NORMAL,0,,99,12.3,4920,3043
1781443833.810025,7,10,2.9458,1.281,0.0369,0.402,NOMINAL,NORMAL,0,,99,12.3,4920,3043
1781443833.9345849,7,10,2.8199,1.057,0.0262,0.357,NOMINAL,NORMAL,0,,99,12.3,4920,3043
1781443834.0594044,7,10,2.6154,1.09,0.0356,0.406,NOMINAL,NORMAL,0,,99,12.3,4920,3043
1781443834.1845303,7,10,2.6891,1.094,0.0365,0.412,NOMINAL,NORMAL,0,,99,12.3,4920,3043
1781443834.3084025,7,10,1.9909,0.947,0.0222,0.306,NOMINAL,NORMAL,0,,99,12.3,4920,3043
1781443834.4345076,7,10,2.8972,0.986,0.0345,0.395,NOMINAL,NORMAL,0,,99,12.3,4920,3043
1781443834.5602036,7,10,2.9759,1.086,0.034,0.415,NOMINAL,NORMAL,0,,99,12.3,4920,3043
1781443834.6833484,7,10,1.5873,0.993,0.0341,0.4,NOMINAL,NORMAL,0,,99,12.3,4920,3043
1781443834.8100767,7,10,2.7887,1.192,0.0363,0.423,NOMINAL,NORMAL,0,,99,12.3,4920,3043
1781443834.9342449,7,10,2.4925,0.798,0.0229,0.293,NOMINAL,NORMAL,0,,99,12.3,4920,3043
1781443835.0601945,7,10,2.8973,1.144,0.0337,0.405,NOMINAL,NORMAL,0,,99,12.3,4920,3043
1781443835.18516,7,10,2.8692,1.1,0.0376,0.42,NOMINAL,NORMAL,0,,99,12.3,4920,3043
1781443835.3083594,7,10,1.719,1.059,0.0377,0.417,NOMINAL,NORMAL,0,,99,12.3,4920,3043
1781443835.4347026,7,10,2.7057,1.155,0.0359,0.451,NOMINAL,NORMAL,0,,99,12.8,4920,3043
1781443835.5599864,7,10,2.8791,1.246,0.0273,0.32,NOMINAL,NORMAL,0,,99,12.8,4920,3043
1781443835.683563,7,10,1.8899,0.908,0.0268,0.306,NOMINAL,NORMAL,0,,99,12.8,4920,3043
1781443835.8099349,7,10,2.9627,1.125,0.0363,0.416,NOMINAL,NORMAL,0,,99,12.8,4920,3043
1781443835.933479,7,10,1.9793,0.87,0.0244,0.295,NOMINAL,NORMAL,0,,99,12.8,4920,3043
1781443836.0596766,7,10,2.6832,1.164,0.0354,0.455,NOMINAL,NORMAL,0,,99,12.8,4920,3043
1781443836.1850927,7,10,2.7321,1.159,0.0345,0.409,NOMINAL,NORMAL,0,,99,12.8,4920,3043
1781443836.308128,7,10,1.5426,1.085,0.0396,0.444,NOMINAL,NORMAL,0,,99,12.8,4920,3043
1781443836.4349744,7,10,2.6742,1.099,0.0366,0.416,NOMINAL,NORMAL,0,,99,12.0,4920,3044
1781443836.5595698,7,10,2.9404,0.821,0.0237,0.288,NOMINAL,NORMAL,0,,99,12.0,4920,3044
1781443836.6851346,7,10,2.9742,1.158,0.037,0.428,NOMINAL,NORMAL,0,,99,12.0,4920,3044
1781443836.8098476,7,10,2.8926,1.136,0.0349,0.394,NOMINAL,NORMAL,0,,99,12.0,4920,3044
1781443836.93314,7,10,1.5508,0.99,0.0357,0.424,NOMINAL,NORMAL,0,,99,12.0,4920,3044
1781443837.0595129,7,10,2.5183,1.1,0.0361,0.422,NOMINAL,NORMAL,0,,99,12.0,4920,3044
1781443837.1847346,7,10,2.7366,1.119,0.0361,0.415,NOMINAL,NORMAL,0,,99,12.0,4920,3044
1781443837.3082693,7,10,1.703,1.096,0.036,0.424,NOMINAL,NORMAL,0,,99,12.0,4920,3044
1781443837.434696,7,10,2.7687,1.075,0.0361,0.453,NOMINAL,NORMAL,0,,99,12.3,4920,3044
1781443837.5587335,7,10,2.1432,0.777,0.0239,0.313,NOMINAL,NORMAL,0,,99,12.3,4920,3044
1781443837.6850657,7,10,2.9333,1.145,0.0378,0.428,NOMINAL,NORMAL,0,,99,12.3,4920,3044
1781443837.809619,7,10,2.8013,1.004,0.0354,0.402,NOMINAL,NORMAL,0,,99,12.3,4920,3044
1781443837.9340014,7,10,2.5351,1.054,0.0253,0.299,NOMINAL,NORMAL,0,,99,12.3,4920,3044
1781443838.0596714,7,10,2.7984,1.108,0.0343,0.414,NOMINAL,NORMAL,0,,99,12.3,4920,3044
1781443838.1844819,7,10,2.8014,0.913,0.0221,0.285,NOMINAL,NORMAL,0,,99,12.3,4920,3044
1781443838.3079503,7,10,1.5819,0.76,0.0229,0.329,NOMINAL,NORMAL,0,,99,12.3,4920,3044
1781443838.4348629,7,10,2.817,1.109,0.0348,0.457,NOMINAL,NORMAL,0,,99,12.8,4920,3044
1781443838.5584126,7,10,1.6,0.972,0.0345,0.416,NOMINAL,NORMAL,0,,99,12.8,4920,3044
1781443838.68487,7,10,2.8358,1.117,0.0364,0.41,NOMINAL,NORMAL,0,,99,12.8,4920,3044
1781443838.8099906,7,10,2.9463,1.107,0.0363,0.536,NOMINAL,NORMAL,0,,99,12.8,4920,3044
1781443838.934336,7,10,2.6064,1.091,0.0363,0.516,NOMINAL,NORMAL,0,,99,12.8,4920,3044
1781443839.0599716,7,10,2.7699,1.136,0.0372,0.518,NOMINAL,NORMAL,0,,99,12.8,4920,3044
1781443839.1840007,7,10,2.4928,0.801,0.0231,0.289,NOMINAL,NORMAL,0,,99,12.8,4920,3044
1781443839.3096151,7,10,2.8246,1.037,0.0352,0.405,NOMINAL,NORMAL,0,,99,12.8,4920,3044
1781443839.4348183,7,10,2.891,1.053,0.0377,0.442,NOMINAL,NORMAL,0,,33,13.3,4880,3045
1781443839.558112,7,10,1.5601,1.036,0.0365,0.419,NOMINAL,NORMAL,0,,33,13.3,4880,3045
1781443839.6849287,7,10,2.9179,1.112,0.0367,0.415,NOMINAL,NORMAL,0,,33,13.3,4880,3045
1781443839.8096342,7,10,2.9402,0.991,0.0251,0.296,NOMINAL,NORMAL,0,,33,13.3,4880,3045
1781443839.9341471,7,10,2.4955,1.233,0.0363,0.436,NOMINAL,NORMAL,0,,33,13.3,4880,3045
1781443840.059923,7,10,2.8311,1.105,0.036,0.453,NOMINAL,NORMAL,0,,33,13.3,4880,3045
1781443840.1835063,7,10,1.7154,0.923,0.036,0.416,NOMINAL,NORMAL,0,,33,13.3,4880,3045
1781443840.30967,7,10,2.8722,1.055,0.0365,0.41,NOMINAL,NORMAL,0,,33,13.3,4880,3045
1781443840.4347374,7,10,2.8331,1.04,0.0348,0.523,NOMINAL,NORMAL,0,,19,12.7,4880,3045
1781443840.5589776,7,10,2.6136,0.831,0.0237,0.286,NOMINAL,NORMAL,0,,19,12.7,4880,3045
1781443840.6849167,7,10,2.9007,1.132,0.0353,0.418,NOMINAL,NORMAL,0,,19,12.7,4880,3045
1781443840.8093002,7,10,2.7158,0.854,0.0236,0.292,NOMINAL,NORMAL,0,,19,12.7,4880,3045
1781443840.9330099,7,10,1.5982,0.987,0.0372,0.43,NOMINAL,NORMAL,0,,19,12.7,4880,3045
1781443841.05983,7,10,2.8326,1.099,0.0361,0.418,NOMINAL,NORMAL,0,,19,12.7,4880,3045
1781443841.1831136,7,10,1.5805,0.992,0.036,0.421,NOMINAL,NORMAL,0,,19,12.7,4880,3045
1781443841.3096383,7,10,2.8575,1.053,0.0343,0.409,NOMINAL,NORMAL,0,,19,12.7,4880,3045
1781443841.4339836,7,10,2.4702,0.823,0.0234,0.288,NOMINAL,NORMAL,0,,19,12.7,4880,3045
1781443841.5585232,7,10,1.8272,0.799,0.0344,0.428,NOMINAL,NORMAL,0,,6,13.0,4880,3045
1781443841.6849136,7,10,2.9363,1.083,0.0364,0.407,NOMINAL,NORMAL,0,,6,13.0,4880,3045
1781443841.808623,7,10,2.0187,0.824,0.0366,0.412,NOMINAL,NORMAL,0,,6,13.0,4880,3045
1781443841.934832,7,10,2.8863,1.122,0.0405,0.467,NOMINAL,NORMAL,0,,6,13.0,4880,3045
1781443842.0599284,7,10,2.8332,1.143,0.0375,0.419,NOMINAL,NORMAL,0,,6,13.0,4880,3045
1781443842.1831455,7,10,1.6152,1.033,0.036,0.415,NOMINAL,NORMAL,0,,6,13.0,4880,3045
1781443842.309705,7,10,2.8966,1.05,0.0352,0.441,NOMINAL,NORMAL,0,,6,13.0,4880,3045
1781443842.434321,7,10,2.8626,0.81,0.0252,0.294,NOMINAL,NORMAL,0,,6,13.0,4880,3045
1781443842.559799,7,10,2.848,1.087,0.0369,0.416,NOMINAL,NORMAL,0,,0,12.7,4880,3045
1781443842.6849759,7,10,2.9491,1.09,0.037,0.424,NOMINAL,NORMAL,0,,0,12.7,4880,3045
1781443842.8080568,7,10,1.6521,0.772,0.0228,0.402,NOMINAL,NORMAL,0,,0,12.7,4880,3045
1781443842.9348683,7,10,2.9133,1.093,0.036,0.457,NOMINAL,NORMAL,0,,0,12.7,4880,3045
1781443843.0598352,7,10,2.8366,1.077,0.0357,0.407,NOMINAL,NORMAL,0,,0,12.7,4880,3045
1781443843.1836276,7,10,2.0728,0.84,0.0226,0.374,NOMINAL,NORMAL,0,,0,12.7,4880,3045
1781443843.3098931,7,10,2.9281,1.166,0.0365,0.413,NOMINAL,NORMAL,0,,0,12.7,4880,3045
1781443843.4336202,7,10,2.2386,0.794,0.0251,0.301,NOMINAL,NORMAL,0,,0,12.7,4880,3045
1781443843.5597186,7,10,2.8368,1.109,0.0377,0.422,NOMINAL,NORMAL,0,,6,12.3,4880,3045
1781443843.6854014,7,10,2.9394,1.617,0.0373,0.42,NOMINAL,NORMAL,0,,6,12.3,4880,3045
1781443843.808511,7,10,1.8301,1.116,0.0366,0.416,NOMINAL,NORMAL,0,,6,12.3,4880,3045
1781443843.9348423,7,10,2.9044,1.123,0.0374,0.456,NOMINAL,NORMAL,0,,6,12.3,4880,3045
1781443844.0596688,7,10,2.8472,0.878,0.0247,0.36,NOMINAL,NORMAL,0,,6,12.3,4880,3045
1781443844.1849985,7,10,2.9043,1.086,0.0358,0.416,NOMINAL,NORMAL,0,,6,12.3,4880,3045
1781443844.3096542,7,10,2.91,1.035,0.0365,0.407,NOMINAL,NORMAL,0,,6,12.3,4880,3045
1781443844.4334078,7,10,1.5892,0.97,0.0377,0.413,NOMINAL,NORMAL,0,,6,12.3,4880,3045
1781443844.559837,7,10,2.8559,1.09,0.035,0.417,NOMINAL,NORMAL,0,,0,12.7,4880,3046
1781443844.6850183,7,10,2.9273,1.07,0.0365,0.412,NOMINAL,NORMAL,0,,0,12.7,4880,3046
1781443844.8084264,7,10,1.811,1.084,0.0364,0.414,NOMINAL,NORMAL,0,,0,12.7,4880,3046
1781443844.93489,7,10,2.9438,1.074,0.0351,0.461,NOMINAL,NORMAL,0,,0,12.7,4880,3046
1781443845.059171,7,10,2.241,0.847,0.0251,0.325,NOMINAL,NORMAL,0,,0,12.7,4880,3046
1781443845.185087,7,10,2.958,1.179,0.0367,0.413,NOMINAL,NORMAL,0,,0,12.7,4880,3046
1781443845.3097963,7,10,2.9159,1.049,0.0357,0.418,NOMINAL,NORMAL,0,,0,12.7,4880,3046
1781443845.4330182,7,10,1.6345,0.987,0.0362,0.405,NOMINAL,NORMAL,0,,0,12.7,4880,3046
1781443845.5599313,7,10,2.8753,1.12,0.0353,0.408,NOMINAL,NORMAL,0,,0,12.3,4888,3046
1781443845.6847477,7,10,2.9698,0.982,0.0243,0.296,NOMINAL,NORMAL,0,,0,12.3,4888,3046
1781443845.8083968,7,10,1.7113,0.941,0.0362,0.403,NOMINAL,NORMAL,0,,0,12.3,4888,3046
1781443845.9342017,7,10,2.5942,1.108,0.0367,0.429,NOMINAL,NORMAL,0,,0,12.3,4888,3046
1781443846.0583425,7,10,1.6843,0.869,0.0227,0.293,NOMINAL,NORMAL,0,,0,12.3,4888,3046
1781443846.1842723,7,10,1.8316,1.278,0.0354,0.427,NOMINAL,NORMAL,0,,0,12.3,4888,3046
1781443846.3098807,7,10,2.9709,1.093,0.0354,0.409,NOMINAL,NORMAL,0,,0,12.3,4888,3046
1781443846.4339914,7,10,2.4974,1.085,0.0371,0.415,NOMINAL,NORMAL,0,,0,12.3,4888,3046
1781443846.5602138,7,10,2.9195,1.107,0.0352,0.414,NOMINAL,NORMAL,0,,0,12.2,4888,3046
1781443846.6843255,7,10,2.5179,0.841,0.0228,0.29,NOMINAL,NORMAL,0,,0,12.2,4888,3046
1781443846.8101773,7,10,2.9974,1.116,0.0356,0.424,NOMINAL,NORMAL,0,,0,12.2,4888,3046
1781443846.933682,7,10,1.6255,1.056,0.0374,0.424,NOMINAL,NORMAL,0,,0,12.2,4888,3046
1781443847.058604,7,10,1.6254,1.151,0.0366,0.448,NOMINAL,NORMAL,0,,0,12.2,4888,3046
1781443847.1854181,7,10,3.0139,1.23,0.0357,0.425,NOMINAL,NORMAL,0,,0,12.2,4888,3046
1781443847.3099432,7,10,2.9976,1.235,0.0235,0.317,NOMINAL,NORMAL,0,,0,12.2,4888,3046
1781443847.434435,7,10,2.6739,1.235,0.0392,0.42,NOMINAL,NORMAL,0,,0,12.2,4888,3046
1781443847.5599976,7,10,2.9367,1.127,0.0356,0.414,NOMINAL,NORMAL,0,,26,12.7,4880,3046
1781443847.6837206,7,10,1.9594,0.841,0.0256,0.541,NOMINAL,NORMAL,0,,26,12.7,4880,3046
1781443847.8101976,7,10,3.0696,1.077,0.0379,0.41,NOMINAL,NORMAL,0,,26,12.7,4880,3046
1781443847.9350147,7,10,2.9897,1.163,0.0358,0.42,NOMINAL,NORMAL,0,,26,12.7,4880,3046
1781443848.0594327,7,10,2.611,0.899,0.0238,0.299,NOMINAL,NORMAL,0,,26,12.7,4880,3046
1781443848.1850936,7,10,3.0329,1.145,0.0364,0.427,NOMINAL,NORMAL,0,,26,12.7,4880,3046
1781443848.30936,7,10,2.9057,0.807,0.0236,0.286,NOMINAL,NORMAL,0,,26,12.7,4880,3046
1781443848.433149,7,10,1.6547,0.977,0.0357,0.421,NOMINAL,NORMAL,0,,26,12.7,4880,3046
1781443848.5600128,7,10,2.921,1.076,0.0375,0.419,NOMINAL,NORMAL,0,,48,11.8,4888,3046
1781443848.6834302,7,10,1.6382,0.969,0.035,0.387,NOMINAL,NORMAL,0,,48,11.8,4888,3046
1781443848.8084068,7,10,1.8956,0.989,0.0365,0.374,NOMINAL,NORMAL,0,,48,11.8,4888,3046
1781443848.9351723,7,10,3.0443,1.107,0.0373,0.479,NOMINAL,NORMAL,0,,48,11.8,4888,3046
1781443849.059838,7,10,2.9952,1.073,0.0377,0.392,NOMINAL,NORMAL,0,,48,11.8,4888,3046
1781443849.184578,7,10,3.0194,0.802,0.0231,0.277,NOMINAL,NORMAL,0,,48,11.8,4888,3046
1781443849.3087106,7,10,2.2437,0.759,0.0244,0.266,NOMINAL,NORMAL,0,,48,11.8,4888,3046
1781443849.4349651,7,10,3.0177,1.085,0.0382,0.393,NOMINAL,NORMAL,0,,48,11.8,4888,3046
1781443849.5599844,7,10,2.9961,1.043,0.0359,0.371,NOMINAL,NORMAL,0,,30,13.0,4880,3046
1781443849.6832006,7,10,1.7209,0.967,0.0371,0.395,NOMINAL,NORMAL,0,,30,13.0,4880,3046
1781443849.8101482,7,10,3.1393,1.12,0.0355,0.395,NOMINAL,NORMAL,0,,30,13.0,4880,3046
1781443849.9347343,7,10,3.0818,0.842,0.0243,0.311,NOMINAL,NORMAL,0,,30,13.0,4880,3046
1781443850.0601578,7,10,3.0634,1.36,0.0374,0.391,NOMINAL,NORMAL,0,,30,13.0,4880,3046
1781443850.1852322,7,10,3.0342,1.05,0.0373,0.388,NOMINAL,NORMAL,0,,30,13.0,4880,3046
1781443850.3081977,7,10,1.6929,0.887,0.0358,0.373,NOMINAL,NORMAL,0,,30,13.0,4880,3046
1781443850.4344358,7,10,2.8016,1.095,0.0367,0.385,NOMINAL,NORMAL,0,,30,13.0,4880,3046
1781443850.5604637,7,10,3.0163,1.267,0.0358,0.378,NOMINAL,NORMAL,0,,99,12.5,4880,3046
1781443850.6838515,7,10,2.1798,0.744,0.0252,0.26,NOMINAL,NORMAL,0,,99,12.5,4880,3046
1781443850.8099234,7,10,3.1052,1.012,0.0359,0.388,NOMINAL,NORMAL,0,,99,12.5,4880,3046
1781443850.9338727,7,10,2.4691,0.758,0.0244,0.255,NOMINAL,NORMAL,0,,99,12.5,4880,3046
1781443851.0582583,7,10,1.7052,0.973,0.0376,0.393,NOMINAL,NORMAL,0,,99,12.5,4880,3046
1781443851.185089,7,10,3.1185,1.046,0.0374,0.403,NOMINAL,NORMAL,0,,99,12.5,4880,3046
1781443851.3090231,7,10,2.4766,1.153,0.0274,0.304,NOMINAL,NORMAL,0,,99,12.5,4880,3046
1781443851.434425,7,10,2.8194,1.135,0.037,0.388,NOMINAL,NORMAL,0,,99,12.5,4880,3046
1781443851.5597513,7,10,3.0432,0.878,0.0239,0.257,NOMINAL,NORMAL,0,,99,12.5,4880,3046
1781443851.685176,7,10,3.2221,1.03,0.0543,0.417,NOMINAL,NORMAL,0,,99,12.5,4880,3046
1781443851.8099205,7,10,3.1111,1.004,0.0354,0.371,NOMINAL,NORMAL,0,,99,12.5,4880,3046
1781443851.93356,7,10,1.7914,0.905,0.0357,0.425,NOMINAL,NORMAL,0,,99,12.5,4880,3046
1781443852.0601041,7,10,3.0997,1.043,0.0368,0.38,NOMINAL,NORMAL,0,,99,12.5,4880,3046
1781443852.1850383,7,10,3.079,1.029,0.0572,0.43,NOMINAL,NORMAL,0,,99,12.5,4880,3046
1781443852.3086846,7,10,1.8866,1.303,0.036,0.378,NOMINAL,NORMAL,0,,99,12.5,4880,3046
1781443852.4350379,7,10,3.1239,1.086,0.0368,0.393,NOMINAL,NORMAL,0,,99,12.5,4880,3046
1781443852.5590835,7,10,2.6165,0.755,0.0228,0.268,NOMINAL,NORMAL,0,,99,13.7,4880,3046
1781443852.6850638,7,10,3.1926,1.041,0.0362,0.387,NOMINAL,NORMAL,0,,99,13.7,4880,3046
1781443852.810051,7,10,3.1454,1.023,0.0378,0.383,NOMINAL,NORMAL,0,,99,13.7,4880,3046
1781443852.9331338,7,10,1.7252,0.96,0.0373,0.392,NOMINAL,NORMAL,0,,99,13.7,4880,3046
1781443853.0601373,7,10,3.1255,1.052,0.0387,0.386,NOMINAL,NORMAL,0,,99,13.7,4880,3046
1781443853.1846862,7,10,3.1282,0.994,0.0276,0.286,NOMINAL,NORMAL,0,,99,13.7,4880,3046
1781443853.3081949,7,10,1.8995,0.723,0.0244,0.258,NOMINAL,NORMAL,0,,99,13.7,4880,3046
1781443853.4348314,7,10,3.0878,1.017,0.0373,0.419,NOMINAL,NORMAL,0,,99,13.7,4880,3046
1781443853.558396,7,10,1.9375,0.761,0.0232,0.257,NOMINAL,NORMAL,0,,99,12.8,4880,3046
1781443853.6830902,7,10,1.6892,0.958,0.0362,0.382,NOMINAL,NORMAL,0,,99,12.8,4880,3046
1781443853.809859,7,10,3.1201,1.052,0.0378,0.395,NOMINAL,NORMAL,0,,99,12.8,4880,3046
1781443853.9338982,7,10,2.7404,0.789,0.0233,0.253,NOMINAL,NORMAL,0,,99,12.8,4880,3046
1781443854.0599751,7,10,3.0182,1.169,0.0363,0.383,NOMINAL,NORMAL,0,,99,12.8,4880,3046
1781443854.1844656,7,10,2.9699,0.774,0.0251,0.265,NOMINAL,NORMAL,0,,99,12.8,4880,3046
1781443854.3084319,7,10,1.9105,1.012,0.0372,0.373,NOMINAL,NORMAL,0,,99,12.8,4880,3046
1781443854.4351628,7,10,3.1382,1.106,0.0359,0.392,NOMINAL,NORMAL,0,,99,12.8,4880,3046
1781443854.558275,7,10,1.7386,0.884,0.0349,0.374,NOMINAL,NORMAL,0,,99,13.3,4920,3046
1781443854.6851883,7,10,3.1818,1.085,0.0373,0.387,NOMINAL,NORMAL,0,,99,13.3,4920,3046
1781443854.8099053,7,10,3.1454,1.008,0.0359,0.365,NOMINAL,NORMAL,0,,99,13.3,4920,3046
1781443854.9341373,7,10,2.7254,1.016,0.0368,0.365,NOMINAL,NORMAL,0,,99,13.3,4920,3046
1781443855.0600705,7,10,3.0875,1.056,0.036,0.38,NOMINAL,NORMAL,0,,99,13.3,4920,3046
1781443855.1835995,7,10,2.1869,0.754,0.0243,0.252,NOMINAL,NORMAL,0,,99,13.3,4920,3046
1781443855.3099954,7,10,3.1451,1.016,0.0348,0.375,NOMINAL,NORMAL,0,,99,13.3,4920,3046
1781443855.434972,7,10,3.1418,1.034,0.0368,0.37,NOMINAL,NORMAL,0,,99,13.3,4920,3046
1781443855.5580595,7,10,1.7136,0.889,0.036,0.374,NOMINAL,NORMAL,0,,99,13.3,4920,3046
1781443855.6850166,7,10,3.1394,1.051,0.0367,0.383,NOMINAL,NORMAL,0,,99,13.3,4920,3046
1781443855.808447,7,10,2.2232,0.741,0.0228,0.289,NOMINAL,NORMAL,0,,99,13.3,4920,3046
1781443855.9335036,7,10,1.741,1.168,0.0362,0.379,NOMINAL,NORMAL,0,,99,13.3,4920,3046
1781443856.0599687,7,10,3.0897,1.037,0.0363,0.382,NOMINAL,NORMAL,0,,99,13.3,4920,3046
1781443856.1847644,7,10,2.9699,1.03,0.0374,0.377,NOMINAL,NORMAL,0,,99,13.3,4920,3046
1781443856.3085198,7,10,1.8459,1.285,0.0367,0.38,NOMINAL,NORMAL,0,,99,13.3,4920,3046
1781443856.435246,7,10,3.2213,1.149,0.0362,0.392,NOMINAL,NORMAL,0,,99,13.3,4920,3046
1781443856.5585935,7,10,2.3351,0.752,0.0234,0.291,NOMINAL,NORMAL,0,,53,12.8,4920,3047
1781443856.6851575,7,10,3.1876,1.066,0.0378,0.394,NOMINAL,NORMAL,0,,53,12.8,4920,3047
1781443856.8088515,7,10,2.3885,0.762,0.0244,0.259,NOMINAL,NORMAL,0,,53,12.8,4920,3047
1781443856.935052,7,10,3.1179,1.076,0.0372,0.381,NOMINAL,NORMAL,0,,53,12.8,4920,3047
1781443857.060155,7,10,3.1425,1.054,0.0357,0.378,NOMINAL,NORMAL,0,,53,12.8,4920,3047
1781443857.184685,7,10,3.1669,0.853,0.0244,0.273,NOMINAL,NORMAL,0,,53,12.8,4920,3047
1781443857.3099656,7,10,3.1493,1.011,0.0326,0.358,NOMINAL,NORMAL,0,,53,12.8,4920,3047
1781443857.434701,7,10,3.1749,0.829,0.0228,0.272,NOMINAL,NORMAL,0,,53,12.8,4920,3047
1781443857.5598178,7,10,3.1166,1.017,0.0346,0.38,NOMINAL,NORMAL,0,,88,13.7,4880,3047
1781443857.6849754,7,10,3.1408,0.989,0.0332,0.359,NOMINAL,NORMAL,0,,88,13.7,4880,3047
1781443857.8088288,7,10,1.8669,1.168,0.0372,0.381,NOMINAL,NORMAL,0,,88,13.7,4880,3047
1781443857.935339,7,10,3.1705,1.343,0.0371,0.381,NOMINAL,NORMAL,0,,88,13.7,4880,3047
1781443858.0601304,7,10,3.1878,1.047,0.0369,0.38,NOMINAL,NORMAL,0,,88,13.7,4880,3047
1781443858.1845691,7,10,2.6778,1.365,0.0368,0.389,NOMINAL,NORMAL,0,,88,13.7,4880,3047
1781443858.310091,7,10,3.2526,1.03,0.0371,0.383,NOMINAL,NORMAL,0,,88,13.7,4880,3047
1781443858.4340625,7,10,2.6938,0.736,0.0238,0.256,NOMINAL,NORMAL,0,,88,13.7,4880,3047
1781443858.5590436,7,10,2.1977,1.329,0.0362,0.379,NOMINAL,NORMAL,0,,79,14.2,4880,3047
1781443858.685435,7,10,3.2191,1.309,0.0375,0.436,NOMINAL,NORMAL,0,,79,14.2,4880,3047
1781443858.8095918,7,10,2.7362,1.064,0.0255,0.289,NOMINAL,NORMAL,0,,79,14.2,4880,3047
1781443858.934911,7,10,2.9803,1.369,0.0358,0.432,NOMINAL,NORMAL,0,,79,14.2,4880,3047
1781443859.0600061,7,10,3.2225,0.936,0.0247,0.257,NOMINAL,NORMAL,0,,79,14.2,4880,3047
1781443859.1854684,7,10,3.2698,1.318,0.0366,0.4,NOMINAL,NORMAL,0,,79,14.2,4880,3047
1781443859.3100054,7,10,3.2255,1.012,0.0366,0.374,NOMINAL,NORMAL,0,,79,14.2,4880,3047
1781443859.4337516,7,10,1.9763,0.934,0.038,0.388,NOMINAL,NORMAL,0,,79,14.2,4880,3047
1781443859.558696,7,10,2.2279,0.763,0.0236,0.322,NOMINAL,NORMAL,0,,79,14.2,4880,3047
1781443859.6851919,7,10,3.2247,1.091,0.0375,0.4,NOMINAL,NORMAL,0,,57,13.8,4920,3047
1781443859.8086016,7,10,2.0454,1.043,0.0377,0.393,NOMINAL,NORMAL,0,,57,13.8,4920,3047
1781443859.9350815,7,10,3.198,1.047,0.0344,0.377,NOMINAL,NORMAL,0,,57,13.8,4920,3047
1781443860.059547,7,10,2.8206,0.872,0.0256,0.271,NOMINAL,NORMAL,0,,57,13.8,4920,3047
1781443860.1853757,7,10,3.2596,1.113,0.0388,0.409,NOMINAL,NORMAL,0,,57,13.8,4920,3047
1781443860.3101301,7,10,3.2484,1.012,0.0355,0.377,NOMINAL,NORMAL,0,,57,13.8,4920,3047
1781443860.4331808,7,10,1.801,0.867,0.0364,0.376,NOMINAL,NORMAL,0,,57,13.8,4920,3047
1781443860.5597007,7,10,3.2207,0.741,0.0238,0.252,NOMINAL,NORMAL,0,,57,13.8,4920,3047
1781443860.685199,7,10,3.2818,1.123,0.0265,0.297,NOMINAL,NORMAL,0,,0,13.3,4880,3045
1781443860.8091147,7,10,2.6316,0.995,0.0361,0.379,NOMINAL,NORMAL,0,,0,13.3,4880,3045
1781443860.935083,7,10,3.2308,1.048,0.035,0.371,NOMINAL,NORMAL,0,,0,13.3,4880,3045
1781443861.058453,7,10,2.1256,0.689,0.0234,0.253,NOMINAL,NORMAL,0,,0,13.3,4880,3045
1781443861.183272,7,10,1.7867,0.961,0.0372,0.386,NOMINAL,NORMAL,0,,0,13.3,4880,3045
1781443861.3100507,7,10,3.2329,0.985,0.0351,0.372,NOMINAL,NORMAL,0,,0,13.3,4880,3045
1781443861.4337974,7,10,2.7181,0.777,0.0225,0.241,NOMINAL,NORMAL,0,,0,13.3,4880,3045
1781443861.5602152,7,10,3.2122,0.944,0.0345,0.361,NOMINAL,NORMAL,0,,0,13.3,4880,3045
1781443861.6846132,7,10,2.9777,0.709,0.0226,0.244,NOMINAL,NORMAL,0,,0,13.0,4888,3045
1781443861.8088315,7,10,2.1575,1.024,0.0339,0.358,NOMINAL,NORMAL,0,,0,13.0,4888,3045
1781443861.935259,7,10,3.2458,1.281,0.0347,0.363,NOMINAL,NORMAL,0,,0,13.0,4888,3045
1781443862.058204,7,10,1.7488,0.879,0.0338,0.357,NOMINAL,NORMAL,0,,0,13.0,4888,3045
1781443862.1853209,7,10,3.2859,1.253,0.0353,0.391,NOMINAL,NORMAL,0,,0,13.0,4888,3045
1781443862.3102787,7,10,3.3396,1.034,0.0366,0.483,NOMINAL,NORMAL,0,,0,13.0,4888,3045
1781443862.433788,7,10,2.1759,1.036,0.0348,0.438,NOMINAL,NORMAL,0,,0,13.0,4888,3045
1781443862.5602312,7,10,3.3728,0.997,0.0358,0.372,NOMINAL,NORMAL,0,,0,13.0,4888,3045
1781443862.6841161,7,10,2.4602,0.98,0.0235,0.266,NOMINAL,NORMAL,0,,0,12.5,4880,3045
1781443862.810258,7,10,3.4037,1.084,0.035,0.366,NOMINAL,NORMAL,0,,0,12.5,4880,3045
1781443862.9351542,7,10,3.2339,1.073,0.0356,0.375,NOMINAL,NORMAL,0,,0,12.5,4880,3045
1781443863.0581892,7,10,1.7783,0.933,0.0379,0.377,NOMINAL,NORMAL,0,,0,12.5,4880,3045
1781443863.1849835,7,10,3.2813,1.026,0.0361,0.393,NOMINAL,NORMAL,0,,0,12.5,4880,3045
1781443863.3098402,7,10,3.2801,0.891,0.0244,0.265,NOMINAL,NORMAL,0,,0,12.5,4880,3045
1781443863.4348598,7,10,3.2817,1.117,0.0363,0.409,NOMINAL,NORMAL,0,,0,12.5,4880,3045
1781443863.560634,7,10,3.3646,0.992,0.0366,0.379,NOMINAL,NORMAL,0,,0,12.5,4880,3045
1781443863.6835656,7,10,1.8272,0.961,0.0349,0.372,NOMINAL,NORMAL,0,,0,13.3,4880,3045
1781443863.8087313,7,10,2.1999,1.021,0.036,0.383,NOMINAL,NORMAL,0,,0,13.3,4880,3045
1781443863.935391,7,10,3.3123,1.274,0.0332,0.372,NOMINAL,NORMAL,0,,0,13.3,4880,3045
1781443864.0582943,7,10,1.8074,0.991,0.0352,0.374,NOMINAL,NORMAL,0,,0,13.3,4880,3045
1781443864.1852453,7,10,3.3481,1.013,0.0341,0.417,NOMINAL,NORMAL,0,,0,13.3,4880,3045
1781443864.309111,7,10,2.7137,0.732,0.025,0.261,NOMINAL,NORMAL,0,,0,13.3,4880,3045
1781443864.435052,7,10,3.2803,1.009,0.0346,0.373,NOMINAL,NORMAL,0,,0,13.3,4880,3045
1781443864.5602,7,10,3.3227,1.003,0.0369,0.376,NOMINAL,NORMAL,0,,0,13.3,4880,3045
1781443864.683149,7,10,1.8026,0.906,0.0356,0.374,NOMINAL,NORMAL,0,,0,13.5,4880,3045
1781443864.8098235,7,10,3.3187,0.875,0.0244,0.281,NOMINAL,NORMAL,0,,0,13.5,4880,3045
1781443864.9347637,7,10,2.8249,1.167,0.0636,0.419,NOMINAL,NORMAL,0,,0,13.5,4880,3045
1781443865.0600817,7,10,3.2359,1.058,0.0349,0.383,NOMINAL,NORMAL,0,,0,13.5,4880,3045
1781443865.1849468,7,10,3.3023,0.997,0.0348,0.39,NOMINAL,NORMAL,0,,0,13.5,4880,3045
1781443865.3089414,7,10,2.0307,1.14,0.0355,0.401,NOMINAL,NORMAL,0,,0,13.5,4880,3045
1781443865.4331865,7,10,1.8589,0.917,0.0357,0.373,NOMINAL,NORMAL,0,,0,13.5,4880,3045
1781443865.5601273,7,10,3.3346,0.99,0.0355,0.373,NOMINAL,NORMAL,0,,0,13.5,4880,3045
1781443865.6832724,7,10,1.827,1.024,0.0349,0.374,NOMINAL,NORMAL,0,,0,13.0,4960,3045
1781443865.8101468,7,10,3.4105,0.983,0.0342,0.375,NOMINAL,NORMAL,0,,0,13.0,4960,3045
1781443865.93429,7,10,2.9259,0.739,0.0237,0.253,NOMINAL,NORMAL,0,,0,13.0,4960,3045
1781443866.0601752,7,10,3.3346,1.036,0.035,0.392,NOMINAL,NORMAL,0,,0,13.0,4960,3045
1781443866.1849587,7,10,3.3059,1.005,0.0359,0.394,NOMINAL,NORMAL,0,,0,13.0,4960,3045
1781443866.3086407,7,10,2.0967,1.045,0.0368,0.407,NOMINAL,NORMAL,0,,0,13.0,4960,3045
1781443866.4329672,7,10,1.842,0.833,0.034,0.367,NOMINAL,NORMAL,0,,0,13.0,4960,3045
1781443866.5603073,7,10,3.3921,0.948,0.0229,0.246,NOMINAL,NORMAL,0,,0,13.0,4960,3045
1781443866.6839893,7,10,2.0448,1.162,0.0353,0.369,NOMINAL,NORMAL,0,,28,13.0,4880,3045
1781443866.8100607,7,10,3.3539,0.957,0.0352,0.373,NOMINAL,NORMAL,0,,28,13.0,4880,3045
1781443866.9335759,7,10,2.2549,0.705,0.0226,0.25,NOMINAL,NORMAL,0,,28,13.0,4880,3045
1781443867.0602553,7,10,3.3766,0.982,0.0342,0.37,NOMINAL,NORMAL,0,,28,13.0,4880,3045
1781443867.1851707,7,10,3.3516,0.994,0.0357,0.429,NOMINAL,NORMAL,0,,28,13.0,4880,3045
1781443867.3086717,7,10,1.9832,1.318,0.0339,0.381,NOMINAL,NORMAL,0,,28,13.0,4880,3045
1781443867.435183,7,10,3.3434,1.039,0.0376,0.379,NOMINAL,NORMAL,0,,28,13.0,4880,3045
1781443867.5595,7,10,3.0831,0.729,0.0236,0.256,NOMINAL,NORMAL,0,,28,13.0,4880,3045
1781443867.6852508,7,10,3.4211,0.993,0.0333,0.389,NOMINAL,NORMAL,0,,41,12.0,4880,3045
1781443867.8099973,7,10,3.3412,0.946,0.0329,0.36,NOMINAL,NORMAL,0,,41,12.0,4880,3045
1781443867.933312,7,10,1.849,0.888,0.0337,0.369,NOMINAL,NORMAL,0,,41,12.0,4880,3045
1781443868.0602107,7,10,3.4005,0.974,0.0326,0.359,NOMINAL,NORMAL,0,,41,12.0,4880,3045
1781443868.1851394,7,10,3.3929,0.913,0.0291,0.428,NOMINAL,NORMAL,0,,41,12.0,4880,3045
1781443868.3085318,7,10,2.2396,0.933,0.0331,0.36,NOMINAL,NORMAL,0,,41,12.0,4880,3045
1781443868.4351912,7,10,3.3968,1.043,0.0356,0.381,NOMINAL,NORMAL,0,,41,12.0,4880,3045
1781443868.5587645,7,10,2.3654,0.697,0.027,0.351,NOMINAL,NORMAL,0,,41,12.0,4880,3045
1781443868.6850069,7,10,3.376,0.96,0.0329,0.366,NOMINAL,NORMAL,0,,51,12.5,4920,3045
1781443868.8102012,7,10,3.4301,1.004,0.0342,0.369,NOMINAL,NORMAL,0,,51,12.5,4920,3045
1781443868.9338899,7,10,2.8936,0.835,0.0218,0.256,NOMINAL,NORMAL,0,,51,12.5,4920,3045
1781443869.0601459,7,10,3.322,1.183,0.0342,0.368,NOMINAL,NORMAL,0,,51,12.5,4920,3045
1781443869.184473,7,10,3.3799,0.673,0.0228,0.246,NOMINAL,NORMAL,0,,51,12.5,4920,3045
1781443869.3097363,7,10,3.3465,1.166,0.0349,0.366,NOMINAL,NORMAL,0,,51,12.5,4920,3045
1781443869.4351966,7,10,3.3648,1.034,0.0356,0.38,NOMINAL,NORMAL,0,,51,12.5,4920,3045
1781443869.5583432,7,10,1.8443,0.8,0.0346,0.357,NOMINAL,NORMAL,0,,51,12.5,4920,3045
1781443869.6852112,7,10,3.4133,0.99,0.0351,0.364,NOMINAL,NORMAL,0,,99,12.2,4920,3046
1781443869.8101492,7,10,3.4952,0.913,0.0341,0.357,NOMINAL,NORMAL,0,,99,12.2,4920,3046
1781443869.9348066,7,10,3.1569,1.098,0.0723,0.429,NOMINAL,NORMAL,0,,99,12.2,4920,3046
1781443870.0603752,7,10,3.4551,0.993,0.0335,0.373,NOMINAL,NORMAL,0,,99,12.2,4920,3046
1781443870.1839452,7,10,2.6659,0.671,0.0225,0.242,NOMINAL,NORMAL,0,,99,12.2,4920,3046
1781443870.310109,7,10,3.4014,0.959,0.0339,0.359,NOMINAL,NORMAL,0,,99,12.2,4920,3046
1781443870.4352384,7,10,3.4086,1.021,0.036,0.372,NOMINAL,NORMAL,0,,99,12.2,4920,3046
1781443870.5580955,7,10,1.8189,0.788,0.0343,0.361,NOMINAL,NORMAL,0,,99,12.2,4920,3046
1781443870.6851933,7,10,3.3887,0.968,0.0334,0.368,NOMINAL,NORMAL,0,,99,13.3,4880,3046
1781443870.8099024,7,10,3.4438,0.794,0.0229,0.256,NOMINAL,NORMAL,0,,99,13.3,4880,3046
1781443870.9352028,7,10,3.3845,1.013,0.0343,0.379,NOMINAL,NORMAL,0,,99,13.3,4880,3046
1781443871.0605133,7,10,3.3944,1.217,0.0355,0.371,NOMINAL,NORMAL,0,,99,13.3,4880,3046
1781443871.1836293,7,10,1.9195,0.911,0.0353,0.366,NOMINAL,NORMAL,0,,99,13.3,4880,3046
1781443871.3102558,7,10,3.5149,0.983,0.0352,0.362,NOMINAL,NORMAL,0,,99,13.3,4880,3046
1781443871.434746,7,10,3.1384,1.06,0.0341,0.414,NOMINAL,NORMAL,0,,99,13.3,4880,3046
1781443871.559047,7,10,2.7928,0.75,0.0224,0.252,NOMINAL,NORMAL,0,,99,13.3,4880,3046
1781443871.685366,7,10,3.4381,1.033,0.0346,0.376,NOMINAL,NORMAL,0,,99,13.0,4920,3046
1781443871.8092544,7,10,2.8916,0.725,0.0225,0.252,NOMINAL,NORMAL,0,,99,13.0,4920,3046
1781443871.9332147,7,10,1.8974,0.889,0.0336,0.376,NOMINAL,NORMAL,0,,99,13.0,4920,3046
1781443872.0602713,7,10,3.4193,1.024,0.0341,0.379,NOMINAL,NORMAL,0,,99,13.0,4920,3046
1781443872.1833048,7,10,1.858,0.969,0.0343,0.379,NOMINAL,NORMAL,0,,99,13.0,4920,3046
1781443872.3102932,7,10,3.4732,1.005,0.0354,0.371,NOMINAL,NORMAL,0,,99,13.0,4920,3046
1781443872.4351003,7,10,3.4187,1.04,0.0261,0.263,NOMINAL,NORMAL,0,,99,13.0,4920,3046
1781443872.5600839,7,10,3.4036,0.998,0.0348,0.382,NOMINAL,NORMAL,0,,99,13.0,4920,3046
1781443872.685043,7,10,3.2376,0.788,0.0233,0.287,NOMINAL,NORMAL,0,,99,13.0,4880,3046
1781443872.8085546,7,10,2.1933,0.706,0.0232,0.244,NOMINAL,NORMAL,0,,99,13.0,4880,3046
1781443872.9355814,7,10,3.3583,1.057,0.034,0.375,NOMINAL,NORMAL,0,,99,13.0,4880,3046
1781443873.0603123,7,10,3.4494,0.989,0.0348,0.376,NOMINAL,NORMAL,0,,99,13.0,4880,3046
1781443873.18406,7,10,2.6756,0.723,0.0213,0.249,NOMINAL,NORMAL,0,,99,13.0,4880,3046
1781443873.3103607,7,10,3.5163,1.019,0.0355,0.384,NOMINAL,NORMAL,0,,99,13.0,4880,3046
1781443873.4345229,7,10,3.1236,0.726,0.0221,0.255,NOMINAL,NORMAL,0,,99,13.0,4880,3046
1781443873.5602846,7,10,3.4403,1.046,0.0329,0.382,NOMINAL,NORMAL,0,,99,13.0,4880,3046
1781443873.685643,7,10,3.4636,1.026,0.0342,0.376,NOMINAL,NORMAL,0,,99,13.0,4920,3046
1781443873.8088644,7,10,2.2651,1.016,0.0346,0.381,NOMINAL,NORMAL,0,,99,13.0,4920,3046
1781443873.935031,7,10,3.1311,1.38,0.034,0.402,NOMINAL,NORMAL,0,,99,13.0,4920,3046
1781443874.0602083,7,10,3.452,1.003,0.0264,0.28,NOMINAL,NORMAL,0,,99,13.0,4920,3046
1781443874.1842976,7,10,2.1108,1.112,0.0354,0.373,NOMINAL,NORMAL,0,,99,13.0,4920,3046
1781443874.3104439,7,10,3.4664,1.262,0.035,0.375,NOMINAL,NORMAL,0,,99,13.0,4920,3046
1781443874.433753,7,10,2.4262,0.718,0.0222,0.246,NOMINAL,NORMAL,0,,99,13.0,4920,3046
1781443874.55831,7,10,1.8667,0.922,0.0349,0.397,NOMINAL,NORMAL,0,,99,13.0,4920,3046
1781443874.685388,7,10,3.4649,1.035,0.0375,0.375,NOMINAL,NORMAL,0,,67,12.8,4960,3046
1781443874.8093872,7,10,2.4323,1.269,0.0337,0.371,NOMINAL,NORMAL,0,,67,12.8,4960,3046
1781443874.935394,7,10,3.4859,1.066,0.0337,0.371,NOMINAL,NORMAL,0,,67,12.8,4960,3046
1781443875.0597692,7,10,3.3287,0.716,0.0218,0.246,NOMINAL,NORMAL,0,,67,12.8,4960,3046
1781443875.1856341,7,10,3.5067,1.024,0.0344,0.382,NOMINAL,NORMAL,0,,67,12.8,4960,3046
1781443875.3103042,7,10,3.5005,0.99,0.0351,0.37,NOMINAL,NORMAL,0,,67,12.8,4960,3046
1781443875.433453,7,10,1.9254,0.883,0.0347,0.367,NOMINAL,NORMAL,0,,67,12.8,4960,3046
1781443875.5603893,7,10,3.4965,1.005,0.0348,0.376,NOMINAL,NORMAL,0,,67,12.8,4960,3046
1781443875.6854057,7,10,3.5091,1.044,0.036,0.373,NOMINAL,NORMAL,0,,90,13.0,4920,3046
1781443875.8096995,7,10,2.8108,1.173,0.0357,0.371,NOMINAL,NORMAL,0,,90,13.0,4920,3046
1781443875.935544,7,10,3.5087,1.272,0.0363,0.365,NOMINAL,NORMAL,0,,90,13.0,4920,3046
1781443876.059023,7,10,2.6182,0.74,0.0227,0.247,NOMINAL,NORMAL,0,,90,13.0,4920,3046
1781443876.1832411,7,10,1.8884,0.928,0.035,0.362,NOMINAL,NORMAL,0,,90,13.0,4920,3046
1781443876.3103848,7,10,3.5185,1.039,0.0359,0.373,NOMINAL,NORMAL,0,,90,13.0,4920,3046
1781443876.434336,7,10,3.1413,0.867,0.0225,0.248,NOMINAL,NORMAL,0,,90,13.0,4920,3046
1781443876.5603697,7,10,3.4399,1.05,0.0361,0.377,NOMINAL,NORMAL,0,,90,13.0,4920,3046
1781443876.6849866,7,10,3.5153,0.776,0.0234,0.269,NOMINAL,NORMAL,0,,99,12.8,4920,3046
1781443876.808593,7,10,1.9908,0.899,0.0357,0.376,NOMINAL,NORMAL,0,,99,12.8,4920,3046
1781443876.9354143,7,10,3.5077,1.076,0.0356,0.383,NOMINAL,NORMAL,0,,99,12.8,4920,3046
1781443877.0587068,7,10,1.9375,0.913,0.0548,0.428,NOMINAL,NORMAL,0,,99,12.8,4920,3046
1781443877.183318,7,10,1.9142,0.965,0.0343,0.376,NOMINAL,NORMAL,0,,99,12.8,4920,3046
1781443877.310251,7,10,3.4959,0.99,0.0358,0.378,NOMINAL,NORMAL,0,,99,12.8,4920,3046
1781443877.4346228,7,10,3.1375,1.017,0.0351,0.406,NOMINAL,NORMAL,0,,99,12.8,4920,3046
1781443877.5604916,7,10,3.5367,1.052,0.034,0.387,NOMINAL,NORMAL,0,,99,12.8,4920,3046
1781443877.6855266,7,10,3.5608,1.063,0.0347,0.383,NOMINAL,NORMAL,0,,24,13.2,4920,3046
1781443877.8104312,7,10,3.5809,1.035,0.0352,0.388,NOMINAL,NORMAL,0,,24,13.2,4920,3046
1781443877.9354155,7,10,3.552,1.058,0.0341,0.375,NOMINAL,NORMAL,0,,24,13.2,4920,3046
1781443878.0582523,7,10,1.9156,0.878,0.0335,0.365,NOMINAL,NORMAL,0,,24,13.2,4920,3046
1781443878.185427,7,10,3.5004,1.068,0.0348,0.382,NOMINAL,NORMAL,0,,24,13.2,4920,3046
1781443878.3100379,7,10,3.5427,0.846,0.0231,0.247,NOMINAL,NORMAL,0,,24,13.2,4920,3046
1781443878.4346256,7,10,3.1774,0.987,0.0345,0.398,NOMINAL,NORMAL,0,,24,13.2,4920,3046
1781443878.560359,7,10,3.5427,0.986,0.0355,0.361,NOMINAL,NORMAL,0,,24,13.2,4920,3046
1781443878.684046,7,10,2.9256,0.774,0.0246,0.253,NOMINAL,NORMAL,0,,24,13.2,4920,3046
1781443878.8105721,7,10,3.6174,1.041,0.035,0.43,NOMINAL,NORMAL,0,,10,13.3,4880,3046
1781443878.9353547,7,10,3.5565,0.996,0.0339,0.356,NOMINAL,NORMAL,0,,10,13.3,4880,3046
1781443879.0592976,7,10,3.0294,0.731,0.0235,0.256,NOMINAL,NORMAL,0,,10,13.3,4880,3046
1781443879.1853964,7,10,3.5521,1.001,0.0348,0.371,NOMINAL,NORMAL,0,,10,13.3,4880,3046
1781443879.3095033,7,10,3.074,0.754,0.0231,0.261,NOMINAL,NORMAL,0,,10,13.3,4880,3046
1781443879.4332967,7,10,1.9521,0.891,0.0362,0.375,NOMINAL,NORMAL,0,,10,13.3,4880,3046
1781443879.5603714,7,10,3.5523,0.998,0.036,0.377,NOMINAL,NORMAL,0,,10,13.3,4880,3046
1781443879.683527,7,10,1.9127,1.009,0.034,0.385,NOMINAL,NORMAL,0,,10,13.3,4880,3046
1781443879.808835,7,10,2.3006,1.048,0.0341,0.381,NOMINAL,NORMAL,0,,26,14.0,4920,3046
1781443879.935351,7,10,3.5788,1.01,0.0243,0.264,NOMINAL,NORMAL,0,,26,14.0,4920,3046
1781443880.0603235,7,10,3.5411,1.071,0.0348,0.379,NOMINAL,NORMAL,0,,26,14.0,4920,3046
1781443880.1854892,7,10,3.6131,1.011,0.0348,0.374,NOMINAL,NORMAL,0,,26,14.0,4920,3046
1781443880.3087835,7,10,2.3969,0.719,0.0232,0.251,NOMINAL,NORMAL,0,,26,14.0,4920,3046
1781443880.4354224,7,10,3.5493,1.069,0.0357,0.375,NOMINAL,NORMAL,0,,26,14.0,4920,3046
1781443880.560535,7,10,3.5615,1.038,0.0355,0.392,NOMINAL,NORMAL,0,,26,14.0,4920,3046
1781443880.6847641,7,10,3.1866,0.799,0.0229,0.267,NOMINAL,NORMAL,0,,26,14.0,4920,3046
1781443880.8107924,7,10,3.5607,1.051,0.0786,0.43,NOMINAL,NORMAL,0,,0,13.2,4920,3046
1781443880.9348388,7,10,3.3279,0.793,0.0229,0.261,NOMINAL,NORMAL,0,,0,13.2,4920,3046
1781443881.0602045,7,10,3.523,1.02,0.0355,0.375,NOMINAL,NORMAL,0,,0,13.2,4920,3046
1781443881.1855998,7,10,3.6718,1.049,0.0346,0.382,NOMINAL,NORMAL,0,,0,13.2,4920,3046
1781443881.3085947,7,10,1.9956,0.901,0.0345,0.377,NOMINAL,NORMAL,0,,0,13.2,4920,3046
1781443881.4354196,7,10,3.5901,1.05,0.036,0.379,NOMINAL,NORMAL,0,,0,13.2,4920,3046
1781443881.5604284,7,10,3.6028,1.007,0.0344,0.327,NOMINAL,NORMAL,0,,0,13.2,4920,3046
1781443881.683999,7,10,2.4753,0.793,0.0234,0.259,NOMINAL,NORMAL,0,,0,13.2,4920,3046
1781443881.810531,7,10,3.6303,1.002,0.0343,0.415,NOMINAL,NORMAL,0,,0,13.5,4920,3046
1781443881.934106,7,10,2.5754,0.731,0.0335,0.358,NOMINAL,NORMAL,0,,0,13.5,4920,3046
1781443882.0585918,7,10,1.9389,0.906,0.0344,0.422,NOMINAL,NORMAL,0,,0,13.5,4920,3046
1781443882.1855445,7,10,3.6639,1.02,0.0345,0.377,NOMINAL,NORMAL,0,,0,13.5,4920,3046
1781443882.3096118,7,10,3.4835,0.773,0.0222,0.253,NOMINAL,NORMAL,0,,0,13.5,4920,3046
1781443882.4354362,7,10,3.5894,1.062,0.0351,0.383,NOMINAL,NORMAL,0,,0,13.5,4920,3046
1781443882.5599637,7,10,3.5003,0.752,0.0229,0.252,NOMINAL,NORMAL,0,,0,13.5,4920,3046
1781443882.6856952,7,10,3.6775,1.117,0.0342,0.396,NOMINAL,NORMAL,0,,0,13.5,4920,3046
1781443882.8108146,7,10,3.677,1.281,0.036,0.429,NOMINAL,NORMAL,0,,0,13.7,4880,3046
1781443882.9340277,7,10,2.0227,1.224,0.0351,0.377,NOMINAL,NORMAL,0,,0,13.7,4880,3046
1781443883.0605,7,10,3.6188,1.037,0.0361,0.378,NOMINAL,NORMAL,0,,0,13.7,4880,3046
1781443883.1859145,7,10,3.6839,1.3,0.0359,0.478,NOMINAL,NORMAL,0,,0,13.7,4880,3046
1781443883.3087397,7,10,2.3129,0.996,0.0347,0.371,NOMINAL,NORMAL,0,,0,13.7,4880,3046
1781443883.4352818,7,10,3.5843,1.069,0.0357,0.383,NOMINAL,NORMAL,0,,0,13.7,4880,3046
1781443883.5591705,7,10,2.8785,0.77,0.0225,0.257,NOMINAL,NORMAL,0,,0,13.7,4880,3046
1781443883.6833193,7,10,1.9492,0.938,0.0345,0.375,NOMINAL,NORMAL,0,,0,13.7,4880,3046
1781443883.8106003,7,10,3.662,1.04,0.0369,0.422,NOMINAL,NORMAL,0,,0,13.5,4920,3046
1781443883.9333456,7,10,1.9909,0.904,0.0356,0.38,NOMINAL,NORMAL,0,,0,13.5,4920,3046
1781443884.0605724,7,10,3.7095,1.019,0.0352,0.364,NOMINAL,NORMAL,0,,0,13.5,4920,3046
1781443884.1853213,7,10,3.7853,0.799,0.0239,0.261,NOMINAL,NORMAL,0,,0,13.5,4920,3046
1781443884.308771,7,10,2.112,0.906,0.0356,0.378,NOMINAL,NORMAL,0,,0,13.5,4920,3046
1781443884.435576,7,10,3.6687,1.055,0.0363,0.385,NOMINAL,NORMAL,0,,0,13.5,4920,3046
1781443884.55877,7,10,2.2272,0.848,0.0736,0.421,NOMINAL,NORMAL,0,,0,13.5,4920,3046
1781443884.6847315,7,10,3.2747,0.989,0.0344,0.367,NOMINAL,NORMAL,0,,0,13.5,4920,3046
1781443884.8106627,7,10,3.7154,1.056,0.0355,0.455,NOMINAL,NORMAL,0,,0,13.0,4920,3046
1781443884.9333675,7,10,2.019,0.944,0.034,0.372,NOMINAL,NORMAL,0,,0,13.0,4920,3046
1781443885.060561,7,10,3.673,1.003,0.0341,0.375,NOMINAL,NORMAL,0,,0,13.0,4920,3046
1781443885.1833727,7,10,1.9697,0.965,0.0351,0.371,NOMINAL,NORMAL,0,,0,13.0,4920,3046
1781443885.3091052,7,10,2.4926,0.932,0.0351,0.403,NOMINAL,NORMAL,0,,0,13.0,4920,3046
1781443885.4355237,7,10,3.6847,1.055,0.0345,0.384,NOMINAL,NORMAL,0,,0,13.0,4920,3046
1781443885.5586972,7,10,1.9602,1.128,0.038,0.436,NOMINAL,NORMAL,0,,0,13.0,4920,3046
1781443885.6860354,7,10,3.8027,1.3,0.0387,0.491,NOMINAL,NORMAL,0,,0,13.0,4920,3046
1781443885.8103538,7,10,3.7274,0.939,0.0247,0.265,NOMINAL,NORMAL,0,,0,12.5,4920,3046
1781443885.9349372,7,10,3.1715,1.101,0.038,0.489,NOMINAL,NORMAL,0,,0,12.5,4920,3046
1781443886.0607219,7,10,3.7536,1.036,0.0359,0.424,NOMINAL,NORMAL,0,,0,12.5,4920,3046
1781443886.184074,7,10,2.4187,0.957,0.0239,0.315,NOMINAL,NORMAL,0,,0,12.5,4920,3046
1781443886.310458,7,10,3.6754,1.027,0.0353,0.381,NOMINAL,NORMAL,0,,0,12.5,4920,3046
1781443886.4355125,7,10,3.7467,1.024,0.036,0.379,NOMINAL,NORMAL,0,,0,12.5,4920,3046
1781443886.55836,7,10,1.985,0.919,0.0357,0.374,NOMINAL,NORMAL,0,,0,12.5,4920,3046
1781443886.6833227,7,10,1.9652,0.933,0.036,0.371,NOMINAL,NORMAL,0,,0,12.5,4920,3046
1781443886.8100357,7,10,3.384,1.019,0.0241,0.278,NOMINAL,NORMAL,0,,63,13.5,4920,3046
1781443886.9335194,7,10,1.996,0.975,0.0351,0.383,NOMINAL,NORMAL,0,,63,13.5,4920,3046
1781443887.0608957,7,10,3.7478,1.29,0.0349,0.383,NOMINAL,NORMAL,0,,63,13.5,4920,3046
1781443887.1836789,7,10,1.9881,1.205,0.036,0.392,NOMINAL,NORMAL,0,,63,13.5,4920,3046
1781443887.3088408,7,10,2.4211,0.993,0.0363,0.388,NOMINAL,NORMAL,0,,63,13.5,4920,3046
1781443887.4354007,7,10,3.7111,1.015,0.0264,0.305,NOMINAL,NORMAL,0,,63,13.5,4920,3046
1781443887.5604498,7,10,3.807,0.999,0.0356,0.385,NOMINAL,NORMAL,0,,63,13.5,4920,3046
1781443887.6858234,7,10,3.7009,1.283,0.0365,0.408,NOMINAL,NORMAL,0,,63,13.5,4920,3046
1781443887.809022,7,10,2.6582,0.743,0.0231,0.264,NOMINAL,NORMAL,0,,49,13.7,4880,3046
1781443887.93555,7,10,3.7047,1.058,0.0357,0.392,NOMINAL,NORMAL,0,,49,13.7,4880,3046
1781443888.0606961,7,10,3.7679,1.026,0.0362,0.386,NOMINAL,NORMAL,0,,49,13.7,4880,3046
1781443888.1834147,7,10,2.0189,0.952,0.0362,0.391,NOMINAL,NORMAL,0,,49,13.7,4880,3046
1781443888.3101816,7,10,3.7173,0.821,0.0236,0.284,NOMINAL,NORMAL,0,,49,13.7,4880,3046
1781443888.4351964,7,10,3.5749,1.001,0.0232,0.263,NOMINAL,NORMAL,0,,49,13.7,4880,3046
1781443888.5606787,7,10,3.7373,1.284,0.0348,0.383,NOMINAL,NORMAL,0,,49,13.7,4880,3046
1781443888.6857946,7,10,3.7183,1.31,0.0354,0.383,NOMINAL,NORMAL,0,,49,13.7,4880,3046
1781443888.8088124,7,10,2.1137,0.977,0.0357,0.386,NOMINAL,NORMAL,0,,99,13.2,4920,3046
1781443888.935761,7,10,3.7075,1.16,0.0369,0.399,NOMINAL,NORMAL,0,,99,13.2,4920,3046
1781443889.0607078,7,10,3.8064,1.077,0.0359,0.35,NOMINAL,NORMAL,0,,99,13.2,4920,3046
1781443889.1836793,7,10,2.0777,1.117,0.0366,0.395,NOMINAL,NORMAL,0,,99,13.2,4920,3046
1781443889.3105278,7,10,3.6893,1.023,0.0323,0.392,NOMINAL,NORMAL,0,,99,13.2,4920,3046
1781443889.4344525,7,10,2.857,0.894,0.0254,0.276,NOMINAL,NORMAL,0,,99,13.2,4920,3046
1781443889.5584698,7,10,2.0293,0.982,0.0356,0.392,NOMINAL,NORMAL,0,,99,13.2,4920,3046
1781443889.6841881,7,10,2.4618,0.961,0.0362,0.388,NOMINAL,NORMAL,0,,99,13.2,4920,3046
1781443889.8091462,7,10,2.4708,1.314,0.0263,0.302,NOMINAL,NORMAL,0,,99,13.5,4999,3046
1781443889.9353485,7,10,3.4895,1.379,0.0366,0.386,NOMINAL,NORMAL,0,,99,13.5,4999,3046
1781443890.0605087,7,10,3.7431,1.036,0.0232,0.295,NOMINAL,NORMAL,0,,99,13.5,4999,3046
1781443890.1857026,7,10,3.7664,1.081,0.0364,0.396,NOMINAL,NORMAL,0,,99,13.5,4999,3046
1781443890.3107257,7,10,3.745,1.292,0.035,0.44,NOMINAL,NORMAL,0,,99,13.5,4999,3046
1781443890.4338503,7,10,2.217,0.929,0.034,0.385,NOMINAL,NORMAL,0,,99,13.5,4999,3046
1781443890.5606928,7,10,3.8501,1.027,0.0365,0.378,NOMINAL,NORMAL,0,,99,13.5,4999,3046
1781443890.6855822,7,10,3.7906,1.031,0.0344,0.368,NOMINAL,NORMAL,0,,99,13.5,4999,3046
1781443890.808973,7,10,2.4859,1.054,0.0358,0.38,NOMINAL,NORMAL,0,,99,12.8,4920,3046
1781443890.935948,7,10,3.8288,1.299,0.033,0.368,NOMINAL,NORMAL,0,,99,12.8,4920,3046
1781443891.0653017,7,10,3.0883,0.781,0.0421,5.961,PRE_ALERT,TRIGGERED,1,PD1A-OUT,99,12.8,4920,3046
1781443891.1852117,7,10,2.0424,1.045,0.0349,2.02,NOMINAL,NORMAL,0,,99,12.8,4920,3046
1781443891.3106346,7,10,3.8039,1.0,0.0352,0.409,NOMINAL,NORMAL,0,,99,12.8,4920,3046
1781443891.43331,7,10,2.0543,0.906,0.036,0.387,NOMINAL,NORMAL,0,,99,12.8,4920,3046
1781443891.5624514,7,10,3.8051,1.027,0.0374,2.188,PRE_ALERT,TRIGGERED,1,PD1A-OUT,99,12.8,4920,3046
1781443891.6853704,7,10,3.8416,0.822,0.0242,0.259,PRE_ALERT,TRIGGERED,2,PD1A-OUT,99,12.8,4920,3046
1781443891.8110037,7,10,2.3115,1.16,0.0387,2.157,ALERT,TRIGGERED,3,PD1A-OUT,99,13.7,4960,3047
1781443891.9352062,7,10,3.5527,1.112,0.036,0.395,ALERT,TRIGGERED,3,PD3A-OUT|PD1A-OUT,99,13.7,4960,3047
1781443892.0591779,7,10,2.3239,0.997,0.0363,0.404,ALERT,TRIGGERED,3,PD3A-OUT|PD1A-OUT,99,13.7,4960,3047
1781443892.183385,7,10,2.0311,0.932,0.0342,0.378,ALERT,TRIGGERED,3,PD3A-OUT|PD1A-OUT,99,13.7,4960,3047
1781443892.3105307,7,10,3.8179,0.934,0.0337,0.385,ALERT,TRIGGERED,3,PD3A-OUT|PD1A-OUT,99,13.7,4960,3047
1781443892.434034,7,10,3.1817,0.655,0.021,0.222,ALERT,TRIGGERED,3,PD3A-OUT|PD1A-OUT,99,13.7,4960,3047
1781443892.5605805,7,10,3.852,1.065,0.0386,0.389,ALERT,TRIGGERED,3,PD1A-OUT,99,13.7,4960,3047
1781443892.6850524,7,10,3.2367,1.125,0.0279,0.327,ALERT,TRIGGERED,3,PD1A-OUT,99,13.7,4960,3047
1781443892.8109066,7,10,3.8744,1.098,0.0398,0.448,ALERT,TRIGGERED,3,PD1A-OUT,99,14.3,5039,3047
1781443892.934162,7,10,2.6546,0.979,0.0327,0.329,ALERT,TRIGGERED,3,PD1A-OUT,99,14.3,5039,3047
1781443893.0586946,7,10,2.1246,0.936,0.0293,0.358,ALERT,TRIGGERED,3,PD1A-OUT,99,14.3,5039,3047
1781443893.1837838,7,10,2.4121,0.834,0.0254,0.274,ALERT,TRIGGERED,3,PD1A-OUT,99,14.3,5039,3047
1781443893.3104327,7,10,3.8158,1.029,0.0288,0.305,ALERT,TRIGGERED,3,PD1A-OUT,99,14.3,5039,3047
1781443893.4341743,7,10,2.467,0.912,0.0404,0.392,ALERT,TRIGGERED,3,PD1A-OUT,99,14.3,5039,3047
1781443893.5597456,7,10,3.0028,1.128,0.0375,0.373,ALERT,TRIGGERED,3,PD1A-OUT,99,14.3,5039,3047
1781443893.6842551,7,10,2.5844,0.885,0.0353,0.367,ALERT,TRIGGERED,3,PD3A-OUT|PD1A-OUT,99,14.3,5039,3047
1781443893.8110037,7,10,3.9132,1.128,0.0396,0.413,ALERT,TRIGGERED,3,PD3A-OUT,53,16.8,5158,3047
1781443893.9370766,7,10,3.5469,1.083,0.0367,1.905,NOMINAL,NORMAL,0,,53,16.8,5158,3047
1781443894.0602636,7,10,2.0833,0.843,0.0397,2.184,PRE_ALERT,TRIGGERED,1,PD3A-OUT|PD1A-OUT,53,16.8,5158,3047
1781443894.185815,7,10,3.8539,1.093,0.0379,0.404,PRE_ALERT,TRIGGERED,2,PD3A-OUT|PD1A-OUT,53,16.8,5158,3047
1781443894.3113236,7,10,3.5725,0.721,0.024,1.654,NOMINAL,NORMAL,0,,53,16.8,5158,3047
1781443894.4338512,7,10,2.088,1.152,0.0347,0.38,NOMINAL,NORMAL,0,,53,16.8,5158,3047
1781443894.5623698,7,10,3.8624,0.991,0.0356,2.075,PRE_ALERT,TRIGGERED,1,PD3A-OUT|PD1A-OUT,53,16.8,5158,3047
1781443894.68363,7,10,2.0677,0.912,0.0372,0.373,PRE_ALERT,TRIGGERED,2,PD1A-OUT,53,16.8,5158,3047
1781443894.8109274,7,10,2.5644,1.26,0.038,2.071,ALERT,TRIGGERED,3,PD1A-OUT,76,12.8,4888,3047
1781443894.933825,7,10,2.2396,1.085,0.0403,0.398,ALERT,TRIGGERED,3,PD3A-OUT|PD1A-OUT,76,12.8,4888,3047
1781443895.059081,7,10,2.7511,0.803,0.0247,0.268,ALERT,TRIGGERED,3,PD3A-OUT|PD1A-OUT,76,12.8,4888,3047
1781443895.1855078,7,10,3.8125,1.013,0.0384,0.393,ALERT,TRIGGERED,3,PD3A-OUT|PD1A-OUT,76,12.8,4888,3047
1781443895.3091326,7,10,2.8623,0.721,0.0238,0.255,ALERT,TRIGGERED,3,PD3A-OUT|PD1A-OUT,76,12.8,4888,3047
1781443895.4355717,7,10,3.8676,0.984,0.0328,0.35,ALERT,TRIGGERED,3,PD3A-OUT|PD1A-OUT,76,12.8,4888,3047
1781443895.560796,7,10,3.9326,1.009,0.0375,0.38,ALERT,TRIGGERED,3,PD3A-OUT|PD1A-OUT,76,12.8,4888,3047
1781443895.6833544,7,10,2.0547,0.918,0.0369,0.379,ALERT,TRIGGERED,3,PD3A-OUT|PD1A-OUT,76,12.8,4888,3047
1781443895.8107274,7,10,3.9118,1.0,0.0378,0.418,ALERT,TRIGGERED,3,PD1A-OUT,80,11.7,4848,3047
1781443895.9353986,7,10,3.7647,0.999,0.0266,0.267,ALERT,TRIGGERED,3,PD1A-OUT,80,11.7,4848,3047
1781443896.0610037,7,10,3.8801,1.368,0.0424,0.407,ALERT,TRIGGERED,3,PD1A-OUT,80,11.7,4848,3047
1781443896.1855547,7,10,3.8475,1.051,0.0386,0.394,ALERT,TRIGGERED,3,PD1A-OUT,80,11.7,4848,3047
1781443896.3104124,7,10,2.2414,0.906,0.0341,2.083,NOMINAL,NORMAL,0,,80,11.7,4848,3047
1781443896.435673,7,10,3.8036,1.269,0.0353,0.377,NOMINAL,NORMAL,0,,80,11.7,4848,3047
1781443896.5619915,7,10,4.0834,0.985,0.0376,1.519,PRE_ALERT,TRIGGERED,1,PD1A-OUT,80,11.7,4848,3047
1781443896.6833663,7,10,2.0235,0.975,0.0382,0.375,PRE_ALERT,TRIGGERED,2,PD1A-OUT,80,11.7,4848,3047
1781443896.8125331,7,10,3.8902,1.034,0.039,2.15,ALERT,TRIGGERED,3,PD1A-OUT,6,12.7,4848,3047
1781443896.9345162,7,10,3.0639,0.777,0.0246,0.281,ALERT,TRIGGERED,3,PD1A-OUT,6,12.7,4848,3047
1781443897.0610456,7,10,3.9194,1.047,0.0375,0.38,ALERT,TRIGGERED,3,PD1A-OUT,6,12.7,4848,3047
1781443897.18569,7,10,3.914,1.017,0.0363,0.38,ALERT,TRIGGERED,3,PD1A-OUT,6,12.7,4848,3047
1781443897.3082016,7,10,2.0785,0.87,0.037,0.373,ALERT,TRIGGERED,3,PD1A-OUT,6,12.7,4848,3047
1781443897.4368863,7,10,3.4881,1.355,0.0344,1.999,NOMINAL,NORMAL,0,,6,12.7,4848,3047
1781443897.5615678,7,10,3.9078,1.025,0.0245,1.197,PRE_ALERT,TRIGGERED,1,PD3A-OUT|PD1A-OUT,6,12.7,4848,3047
1781443897.684378,7,10,2.3266,1.189,0.039,0.475,PRE_ALERT,TRIGGERED,2,PD1A-OUT,6,12.7,4848,3047
1781443897.8122408,7,10,3.8836,1.033,0.0381,2.12,ALERT,TRIGGERED,3,PD1A-OUT,0,12.7,4848,3047
1781443897.9345157,7,10,2.8635,1.093,0.0376,0.414,ALERT,TRIGGERED,3,PD1A-OUT,0,12.7,4848,3047
1781443898.0608244,7,10,3.9414,1.097,0.0384,0.392,ALERT,TRIGGERED,3,PD1A-OUT,0,12.7,4848,3047
1781443898.1857638,7,10,3.9303,1.015,0.0374,0.401,ALERT,TRIGGERED,3,PD1A-OUT,0,12.7,4848,3047
1781443898.308889,7,10,2.631,0.906,0.0346,0.346,ALERT,TRIGGERED,3,PD1A-OUT,0,12.7,4848,3047
1781443898.435573,7,10,3.8944,0.968,0.0316,0.334,ALERT,TRIGGERED,3,PD1A-OUT,0,12.7,4848,3047
1781443898.559774,7,10,3.3192,0.785,0.0242,0.261,ALERT,TRIGGERED,3,PD1A-OUT,0,12.7,4848,3047
1781443898.685734,7,10,3.9217,1.033,0.0355,0.382,ALERT,TRIGGERED,3,PD3A-OU|PD3A-OUT|PD1A-OUT,0,12.7,4848,3047
1781443898.8094616,7,10,2.8199,0.855,0.0371,0.394,ALERT,TRIGGERED,3,PD3A-OU|PD1A-OUT,0,12.7,4848,3047
1781443898.9336345,7,10,2.1216,0.952,0.0376,0.388,ALERT,TRIGGERED,3,PD1A-OUT,8,13.5,4880,3047
1781443899.060559,7,10,3.8848,1.051,0.0349,0.387,ALERT,TRIGGERED,3,PD3A-OU|PD1A-OUT,8,13.5,4880,3047
1781443899.1856706,7,10,3.9654,0.945,0.0237,0.27,ALERT,TRIGGERED,3,PD3A-OUT|PD1A-OUT,8,13.5,4880,3047
1781443899.309888,7,10,3.1122,1.306,0.0373,0.388,ALERT,TRIGGERED,3,PD3A-OUT|PD1A-OUT,8,13.5,4880,3047
1781443899.4358096,7,10,3.9463,1.064,0.0376,0.382,ALERT,TRIGGERED,3,PD1A-OUT,8,13.5,4880,3047
1781443899.5592055,7,10,2.5813,0.816,0.0387,0.391,ALERT,TRIGGERED,3,PD1A-OUT,8,13.5,4880,3047
1781443899.6834574,7,10,2.0766,0.97,0.0379,0.392,ALERT,TRIGGERED,3,PD1A-OUT,8,13.5,4880,3047
1781443899.810877,7,10,3.9542,1.048,0.0356,0.422,ALERT,TRIGGERED,3,PD3A-OUT|PD1A-OUT,8,13.5,4880,3047
1781443899.9345849,7,10,3.4828,0.772,0.0248,0.284,ALERT,TRIGGERED,3,PD3A-OUT|PD1A-OUT,12,13.3,4920,3047
1781443900.060716,7,10,3.9833,1.043,0.039,0.391,ALERT,TRIGGERED,3,PD1A-OUT,12,13.3,4920,3047
1781443900.185044,7,10,3.5465,0.79,0.0246,0.264,ALERT,TRIGGERED,3,PD3A-OUT|PD1A-OUT,12,13.3,4920,3047
1781443900.308702,7,10,2.1782,0.929,0.0393,0.388,ALERT,TRIGGERED,3,PD1A-OUT,12,13.3,4920,3047
1781443900.4357924,7,10,3.9567,1.052,0.0357,0.38,ALERT,TRIGGERED,3,PD3A-OUT|PD1A-OUT,12,13.3,4920,3047
1781443900.5587645,7,10,2.103,0.923,0.0771,0.43,ALERT,TRIGGERED,3,PD1A-OUT,12,13.3,4920,3047
1781443900.6857822,7,10,3.9669,1.052,0.0386,0.394,ALERT,TRIGGERED,3,PD1A-OUT,12,13.3,4920,3047
1781443900.8105927,7,10,3.9069,1.008,0.0284,0.343,ALERT,TRIGGERED,3,PD1A-OUT,12,13.3,4920,3047
1781443900.9342868,7,10,3.1901,0.803,0.0266,0.278,ALERT,TRIGGERED,3,PD1A-OUT,0,12.8,4880,3047
1781443901.0609162,7,10,3.9816,1.055,0.0402,0.395,ALERT,TRIGGERED,3,PD1A-OUT,0,12.8,4880,3047
1781443901.1843104,7,10,2.8251,0.774,0.0255,0.261,ALERT,TRIGGERED,3,PD3A-OUT|PD1A-OUT,0,12.8,4880,3047
1781443901.311072,7,10,3.9579,1.315,0.0401,0.39,ALERT,TRIGGERED,3,PD1A-OUT,0,12.8,4880,3047
1781443901.4357939,7,10,3.9158,1.056,0.0372,0.372,ALERT,TRIGGERED,3,PD1A-OUT,0,12.8,4880,3047
1781443901.558521,7,10,2.1026,0.917,0.0388,0.412,ALERT,TRIGGERED,3,PD1A-OUT,0,12.8,4880,3047
1781443901.6858065,7,10,3.9288,1.033,0.0385,0.387,ALERT,TRIGGERED,3,PD1A-OUT,0,12.8,4880,3047
1781443901.8101826,7,10,3.8275,0.746,0.0255,0.261,ALERT,TRIGGERED,3,PD1A-OUT,0,12.8,4880,3047
1781443901.93536,7,10,3.884,1.032,0.0377,0.381,ALERT,TRIGGERED,3,PD1A-OUT,0,14.0,4880,3047
1781443902.060789,7,10,3.9416,0.989,0.0379,0.367,ALERT,TRIGGERED,3,PD1A-OUT,0,14.0,4880,3047
1781443902.1844254,7,10,2.3538,1.12,0.0397,0.404,ALERT,TRIGGERED,3,PD1A-OUT,0,14.0,4880,3047
1781443902.3093286,7,10,2.8003,1.047,0.0385,0.389,ALERT,TRIGGERED,3,PD1A-OUT,0,14.0,4880,3047
1781443902.4358444,7,10,3.9382,1.128,0.0376,0.352,ALERT,TRIGGERED,3,PD1A-OUT,0,14.0,4880,3047
1781443902.5593023,7,10,2.874,0.753,0.0244,0.26,ALERT,TRIGGERED,3,PD1A-OUT,0,14.0,4880,3047
1781443902.687541,7,10,4.0468,1.017,0.0358,2.094,NOMINAL,NORMAL,0,,0,14.0,4880,3047
1781443902.809493,7,10,3.0854,0.731,0.0239,0.26,NOMINAL,NORMAL,0,,0,14.0,4880,3047
1781443902.9359274,7,10,3.9657,1.105,0.0368,0.39,NOMINAL,NORMAL,0,,0,14.2,4920,3047
1781443903.060931,7,10,3.9957,1.022,0.0365,0.379,NOMINAL,NORMAL,0,,0,14.2,4920,3047
1781443903.1834836,7,10,2.0983,0.947,0.0364,0.381,NOMINAL,NORMAL,0,,0,14.2,4920,3047
1781443903.3108265,7,10,4.0289,0.997,0.0359,0.426,NOMINAL,NORMAL,0,,0,14.2,4920,3047
1781443903.4353607,7,10,3.9604,0.773,0.023,0.255,NOMINAL,NORMAL,0,,0,14.2,4920,3047
1781443903.5618644,7,10,3.6328,1.005,0.0382,2.115,PRE_ALERT,TRIGGERED,1,PD1A-OUT,0,14.2,4920,3047
1781443903.6858797,7,10,4.0482,1.013,0.0384,0.377,PRE_ALERT,TRIGGERED,2,PD1A-OUT,0,14.2,4920,3047
1781443903.8111138,7,10,2.3685,1.139,0.038,2.201,NOMINAL,NORMAL,0,,0,14.2,4920,3047
1781443903.935944,7,10,4.0372,1.076,0.0358,0.389,NOMINAL,NORMAL,0,,0,13.5,4880,3047
1781443904.0612397,7,10,3.9887,1.239,0.0342,0.484,NOMINAL,NORMAL,0,,0,13.5,4880,3047
1781443904.183528,7,10,2.1194,0.92,0.0364,0.449,NOMINAL,NORMAL,0,,0,13.5,4880,3047
1781443904.3126447,7,10,4.0,1.014,0.0436,2.178,PRE_ALERT,TRIGGERED,1,PD1A-OUT,0,13.5,4880,3047
1781443904.436519,7,10,3.3999,0.958,0.0217,1.817,NOMINAL,NORMAL,0,,0,13.5,4880,3047
1781443904.5588458,7,10,2.1482,1.147,0.0364,0.427,NOMINAL,NORMAL,0,,0,13.5,4880,3047
1781443904.686017,7,10,3.9757,1.252,0.0354,0.373,NOMINAL,NORMAL,0,,0,13.5,4880,3047
1781443904.8093162,7,10,2.7724,1.006,0.0361,0.379,NOMINAL,NORMAL,0,,0,13.5,4880,3047
1781443904.935376,7,10,3.6147,1.317,0.0403,0.386,NOMINAL,NORMAL,0,,30,12.8,4880,3047
1781443905.0605652,7,10,4.0005,0.831,0.0237,0.254,NOMINAL,NORMAL,0,,30,12.8,4880,3047
1781443905.1842058,7,10,2.4678,0.933,0.0365,0.389,NOMINAL,NORMAL,0,,30,12.8,4880,3047
1781443905.312725,7,10,4.0817,1.095,0.0434,2.113,PRE_ALERT,TRIGGERED,1,PD1A-OUT,30,12.8,4880,3047
1781443905.4359717,7,10,2.5384,1.104,0.0358,1.95,NOMINAL,NORMAL,0,,30,12.8,4880,3047
1781443905.5610025,7,10,4.066,1.017,0.0355,0.372,NOMINAL,NORMAL,0,,30,12.8,4880,3047
1781443905.685825,7,10,4.0131,1.018,0.0352,0.372,NOMINAL,NORMAL,0,,30,12.8,4880,3047
1781443905.8097975,7,10,3.4083,0.762,0.0229,0.258,NOMINAL,NORMAL,0,,30,12.8,4880,3047
1781443905.9358063,7,10,3.9511,1.079,0.0367,0.376,NOMINAL,NORMAL,0,,22,13.5,4880,3047
1781443906.059899,7,10,3.4925,0.734,0.0235,0.256,NOMINAL,NORMAL,0,,22,13.5,4880,3047
1781443906.1858656,7,10,4.0348,1.019,0.0359,0.371,NOMINAL,NORMAL,0,,22,13.5,4880,3047
1781443906.3107944,7,10,3.9849,0.992,0.0339,0.397,NOMINAL,NORMAL,0,,22,13.5,4880,3047
1781443906.4335654,7,10,2.1457,0.915,0.0372,0.386,NOMINAL,NORMAL,0,,22,13.5,4880,3047
1781443906.5608287,7,10,3.9587,1.045,0.0359,0.39,NOMINAL,NORMAL,0,,22,13.5,4880,3047
1781443906.6857646,7,10,4.041,1.068,0.0238,0.259,NOMINAL,NORMAL,0,,22,13.5,4880,3047
1781443906.8097036,7,10,3.3074,0.991,0.0345,0.37,NOMINAL,NORMAL,0,,22,13.5,4880,3047
1781443906.9359584,7,10,4.0119,1.115,0.054,0.41,NOMINAL,NORMAL,0,,24,14.0,4920,3047
1781443907.0591896,7,10,2.7308,0.772,0.0246,0.26,NOMINAL,NORMAL,0,,24,14.0,4920,3047
1781443907.1858714,7,10,4.0489,1.009,0.0353,0.367,NOMINAL,NORMAL,0,,24,14.0,4920,3047
1781443907.3110673,7,10,4.1117,1.133,0.0364,0.394,NOMINAL,NORMAL,0,,24,14.0,4920,3047
1781443907.4349816,7,10,3.5823,1.01,0.0343,0.361,NOMINAL,NORMAL,0,,24,14.0,4920,3047
1781443907.5612414,7,10,4.0252,1.323,0.0371,0.394,NOMINAL,NORMAL,0,,24,14.0,4920,3047
1781443907.6852212,7,10,3.7835,0.768,0.0245,0.261,NOMINAL,NORMAL,0,,24,14.0,4920,3047
1781443907.8090823,7,10,2.1901,1.207,0.0355,0.386,NOMINAL,NORMAL,0,,24,14.0,4920,3047
1781443907.9357,7,10,3.8157,1.07,0.0369,0.391,NOMINAL,NORMAL,0,,99,13.2,4880,3047
1781443908.0588868,7,10,2.171,0.92,0.0361,0.434,NOMINAL,NORMAL,0,,99,13.2,4880,3047
1781443908.186026,7,10,4.0995,1.087,0.0367,0.394,NOMINAL,NORMAL,0,,99,13.2,4880,3047
1781443908.3110578,7,10,4.2146,1.12,0.0289,0.297,NOMINAL,NORMAL,0,,99,13.2,4880,3047
1781443908.4342551,7,10,2.8914,0.771,0.0229,0.259,NOMINAL,NORMAL,0,,99,13.2,4880,3047
1781443908.5610676,7,10,3.9991,1.249,0.0361,0.392,NOMINAL,NORMAL,0,,99,13.2,4880,3047
1781443908.6844609,7,10,3.0408,0.77,0.0247,0.261,NOMINAL,NORMAL,0,,99,13.2,4880,3047
1781443908.8094873,7,10,2.8837,1.068,0.0376,0.379,NOMINAL,NORMAL,0,,99,13.2,4880,3047
1781443908.9359639,7,10,4.0474,1.117,0.0364,0.389,NOMINAL,NORMAL,0,,99,14.5,4920,3047
1781443909.0586393,7,10,2.1476,0.944,0.0367,0.423,NOMINAL,NORMAL,0,,99,14.5,4920,3047
1781443909.185615,7,10,3.7518,1.037,0.0359,0.389,NOMINAL,NORMAL,0,,99,14.5,4920,3047
1781443909.310473,7,10,3.8593,0.787,0.0238,0.265,NOMINAL,NORMAL,0,,99,14.5,4920,3047
1781443909.4353445,7,10,3.768,1.088,0.0359,0.389,NOMINAL,NORMAL,0,,99,14.5,4920,3047
1781443909.5609617,7,10,4.0432,1.024,0.0366,0.404,NOMINAL,NORMAL,0,,99,14.5,4920,3047
1781443909.685635,7,10,3.8186,1.012,0.0357,0.375,NOMINAL,NORMAL,0,,99,14.5,4920,3047
1781443909.8085518,7,10,2.2104,0.929,0.0376,0.399,NOMINAL,NORMAL,0,,99,14.5,4920,3047
1781443909.9354765,7,10,3.6674,1.062,0.037,0.391,NOMINAL,NORMAL,0,,99,14.2,4920,3047
1781443910.059662,7,10,3.1259,1.032,0.0243,0.298,NOMINAL,NORMAL,0,,99,14.2,4920,3047
1781443910.186119,7,10,4.0111,1.312,0.0347,0.39,NOMINAL,NORMAL,0,,99,14.2,4920,3047
1781443910.3107054,7,10,3.851,1.041,0.0344,0.442,NOMINAL,NORMAL,0,,99,14.2,4920,3047
1781443910.4345915,7,10,2.9484,1.065,0.0348,0.424,NOMINAL,NORMAL,0,,99,14.2,4920,3047
1781443910.560726,7,10,4.0302,1.072,0.0361,0.396,NOMINAL,NORMAL,0,,99,14.2,4920,3047
1781443910.6838765,7,10,2.1199,1.253,0.0359,0.394,NOMINAL,NORMAL,0,,99,14.2,4920,3047
1781443910.8109481,7,10,4.0254,1.107,0.037,0.408,NOMINAL,NORMAL,0,,99,14.2,4920,3047
1781443910.9356217,7,10,3.9585,0.943,0.0229,0.267,NOMINAL,NORMAL,0,,99,14.0,4880,3047
1781443911.0606642,7,10,3.9665,1.042,0.0351,0.381,NOMINAL,NORMAL,0,,99,14.0,4880,3047
1781443911.1835613,7,10,2.1304,0.999,0.0358,0.383,NOMINAL,NORMAL,0,,99,14.0,4880,3047
1781443911.3092062,7,10,2.5525,0.926,0.0353,0.375,NOMINAL,NORMAL,0,,99,14.0,4880,3047
1781443911.4351618,7,10,3.5741,1.112,0.0354,0.391,NOMINAL,NORMAL,0,,99,14.0,4880,3047
1781443911.5608172,7,10,3.9657,1.044,0.0341,0.382,NOMINAL,NORMAL,0,,99,14.0,4880,3047
1781443911.6836421,7,10,2.0996,1.143,0.0355,0.388,NOMINAL,NORMAL,0,,99,14.0,4880,3047
1781443911.8109262,7,10,3.9953,1.102,0.0356,0.392,NOMINAL,NORMAL,0,,99,14.0,4880,3047
1781443911.934924,7,10,3.4617,0.81,0.0249,0.271,NOMINAL,NORMAL,0,,99,12.7,4920,3047
1781443912.0607743,7,10,3.9871,1.031,0.0369,0.389,NOMINAL,NORMAL,0,,99,12.7,4920,3047
1781443912.1856592,7,10,3.9628,1.047,0.0359,0.394,NOMINAL,NORMAL,0,,99,12.7,4920,3047
1781443912.3087854,7,10,2.1661,1.062,0.0347,0.386,NOMINAL,NORMAL,0,,99,12.7,4920,3047
1781443912.4360168,7,10,4.0071,1.096,0.0356,0.397,NOMINAL,NORMAL,0,,99,12.7,4920,3047
1781443912.5608704,7,10,4.0388,1.073,0.0246,0.268,NOMINAL,NORMAL,0,,99,12.7,4920,3047
1781443912.6844575,7,10,2.6051,1.069,0.0362,0.389,NOMINAL,NORMAL,0,,99,12.7,4920,3047
1781443912.810852,7,10,3.9516,1.059,0.0363,0.437,NOMINAL,NORMAL,0,,99,12.7,4920,3047
1781443912.9346883,7,10,2.7422,1.11,0.0353,0.436,NOMINAL,NORMAL,0,,77,12.5,4920,3048
1781443913.0584683,7,10,2.1223,0.932,0.0345,0.374,NOMINAL,NORMAL,0,,77,12.5,4920,3048
1781443913.185847,7,10,3.9656,1.063,0.0358,0.395,NOMINAL,NORMAL,0,,77,12.5,4920,3048
1781443913.3092394,7,10,2.6884,1.094,0.0361,0.392,NOMINAL,NORMAL,0,,77,12.5,4920,3048
1781443913.4362175,7,10,4.2601,1.108,0.0365,0.392,NOMINAL,NORMAL,0,,77,12.5,4920,3048
1781443913.559937,7,10,2.8823,1.189,0.0367,0.411,NOMINAL,NORMAL,0,,77,12.5,4920,3048
1781443913.6860828,7,10,3.9334,1.332,0.0357,0.391,NOMINAL,NORMAL,0,,77,12.5,4920,3048
1781443913.8107333,7,10,3.9412,1.073,0.0368,0.444,NOMINAL,NORMAL,0,,77,12.5,4920,3048
1781443913.9338164,7,10,2.1406,0.96,0.0359,0.386,NOMINAL,NORMAL,0,,99,13.5,4880,3048
1781443914.0608234,7,10,3.9799,1.043,0.0367,0.379,NOMINAL,NORMAL,0,,99,13.5,4880,3048
1781443914.1858234,7,10,4.0239,1.057,0.0275,0.301,NOMINAL,NORMAL,0,,99,13.5,4880,3048
1781443914.309579,7,10,2.8095,1.323,0.0349,0.386,NOMINAL,NORMAL,0,,99,13.5,4880,3048
1781443914.4359753,7,10,3.9872,1.138,0.038,0.391,NOMINAL,NORMAL,0,,99,13.5,4880,3048
1781443914.5595105,7,10,3.0677,0.784,0.0237,0.265,NOMINAL,NORMAL,0,,99,13.5,4880,3048
1781443914.6860852,7,10,4.006,1.304,0.035,0.386,NOMINAL,NORMAL,0,,99,13.5,4880,3048
1781443914.8112564,7,10,4.0237,1.373,0.0379,0.39,NOMINAL,NORMAL,0,,99,13.5,4880,3048
1781443914.9335413,7,10,2.1781,0.913,0.0348,0.373,NOMINAL,NORMAL,0,,74,13.5,4920,3048
1781443915.0611818,7,10,4.0064,1.29,0.0358,0.377,NOMINAL,NORMAL,0,,74,13.5,4920,3048
1781443915.1855173,7,10,3.8781,0.969,0.023,0.271,NOMINAL,NORMAL,0,,74,13.5,4920,3048
1781443915.3088346,7,10,2.2139,0.895,0.0343,0.377,NOMINAL,NORMAL,0,,74,13.5,4920,3048
1781443915.4359229,7,10,3.926,1.323,0.0364,0.387,NOMINAL,NORMAL,0,,74,13.5,4920,3048
1781443915.5591135,7,10,2.2227,0.981,0.0373,0.395,NOMINAL,NORMAL,0,,74,13.5,4920,3048
1781443915.683548,7,10,2.1358,0.932,0.036,0.386,NOMINAL,NORMAL,0,,74,13.5,4920,3048
1781443915.8110883,7,10,4.0346,1.141,0.0361,0.492,NOMINAL,NORMAL,0,,74,13.5,4920,3048
1781443915.9352233,7,10,3.6375,1.095,0.0361,0.39,NOMINAL,NORMAL,0,,94,12.7,4880,3048
1781443916.0609598,7,10,4.0165,1.061,0.0368,0.391,NOMINAL,NORMAL,0,,94,12.7,4880,3048
1781443916.1844754,7,10,3.2506,0.74,0.024,0.255,NOMINAL,NORMAL,0,,94,12.7,4880,3048
1781443916.3108153,7,10,3.9855,1.018,0.0915,0.46,NOMINAL,NORMAL,0,,94,12.7,4880,3048
1781443916.4359043,7,10,3.9935,1.114,0.0369,0.379,NOMINAL,NORMAL,0,,94,12.7,4880,3048
1781443916.5587182,7,10,2.1398,0.978,0.0367,0.439,NOMINAL,NORMAL,0,,94,12.7,4880,3048
1781443916.6860769,7,10,4.0529,1.107,0.036,0.398,NOMINAL,NORMAL,0,,94,12.7,4880,3048
1781443916.8104534,7,10,4.008,0.8,0.0233,0.26,NOMINAL,NORMAL,0,,94,12.7,4880,3048
1781443916.9344025,7,10,2.4681,1.317,0.0352,0.382,NOMINAL,NORMAL,0,,0,13.0,4880,3048
1781443917.0608754,7,10,3.7326,1.31,0.0367,0.39,NOMINAL,NORMAL,0,,0,13.0,4880,3048
1781443917.184528,7,10,2.475,1.225,0.0367,0.393,NOMINAL,NORMAL,0,,0,13.0,4880,3048
1781443917.310998,7,10,4.0766,1.107,0.0372,0.387,NOMINAL,NORMAL,0,,0,13.0,4880,3048
1781443917.4358978,7,10,3.997,1.113,0.0365,0.385,NOMINAL,NORMAL,0,,0,13.0,4880,3048
1781443917.5598,7,10,3.297,0.773,0.0243,0.271,NOMINAL,NORMAL,0,,0,13.0,4880,3048
1781443917.685778,7,10,4.0189,0.995,0.0356,0.374,NOMINAL,NORMAL,0,,0,13.0,4880,3048
1781443917.8098793,7,10,3.4521,0.753,0.025,0.262,NOMINAL,NORMAL,0,,0,13.0,4880,3048
1781443917.9338784,7,10,2.3196,1.033,0.0366,0.397,NOMINAL,NORMAL,0,,0,13.0,4880,3048
1781443918.0610323,7,10,4.0372,1.074,0.0365,0.398,NOMINAL,NORMAL,0,,0,12.3,4920,3048
1781443918.1837752,7,10,2.1348,1.007,0.0369,0.39,NOMINAL,NORMAL,0,,0,12.3,4920,3048
1781443918.3092253,7,10,2.6979,1.066,0.0371,0.396,NOMINAL,NORMAL,0,,0,12.3,4920,3048
1781443918.4357474,7,10,4.0168,0.945,0.0243,0.267,NOMINAL,NORMAL,0,,0,12.3,4920,3048
1781443918.5608177,7,10,4.0312,1.065,0.0557,0.421,NOMINAL,NORMAL,0,,0,12.3,4920,3048
1781443918.685984,7,10,4.1426,1.032,0.0361,0.391,NOMINAL,NORMAL,0,,0,12.3,4920,3048
1781443918.8092098,7,10,2.7508,0.834,0.0241,0.263,NOMINAL,NORMAL,0,,0,12.3,4920,3048
1781443918.9355788,7,10,3.8214,1.015,0.0359,0.376,NOMINAL,NORMAL,0,,0,12.3,4920,3048
1781443919.0609245,7,10,3.9978,1.034,0.0347,0.376,NOMINAL,NORMAL,0,,0,13.3,4880,3048
1781443919.1847804,7,10,3.5126,0.964,0.0243,0.271,NOMINAL,NORMAL,0,,0,13.3,4880,3048
1781443919.310866,7,10,4.0857,1.007,0.0359,0.417,NOMINAL,NORMAL,0,,0,13.3,4880,3048
1781443919.4353313,7,10,3.5532,1.013,0.0364,0.384,NOMINAL,NORMAL,0,,0,13.3,4880,3048
1781443919.5590072,7,10,2.1722,1.053,0.0379,0.398,NOMINAL,NORMAL,0,,0,13.3,4880,3048
1781443919.6860368,7,10,4.0065,1.153,0.0396,0.415,NOMINAL,NORMAL,0,,0,13.3,4880,3048
1781443919.8088174,7,10,2.1948,0.937,0.0373,0.388,NOMINAL,NORMAL,0,,0,13.3,4880,3048
1781443919.9358406,7,10,3.9838,1.07,0.0372,0.39,NOMINAL,NORMAL,0,,0,13.3,4880,3048
1781443920.061033,7,10,4.0057,1.181,0.0243,0.263,NOMINAL,NORMAL,0,,0,13.3,4920,3048
1781443920.1844764,7,10,2.7696,0.89,0.0353,0.377,NOMINAL,NORMAL,0,,0,13.3,4920,3048
1781443920.310849,7,10,3.9966,1.004,0.0361,0.435,NOMINAL,NORMAL,0,,0,13.3,4920,3048
1781443920.434352,7,10,2.9022,0.808,0.0241,0.278,NOMINAL,NORMAL,0,,0,13.3,4920,3048
1781443920.559719,7,10,3.1614,1.09,0.0354,0.383,NOMINAL,NORMAL,0,,0,13.3,4920,3048
1781443920.686007,7,10,4.0553,1.07,0.0355,0.404,NOMINAL,NORMAL,0,,0,13.3,4920,3048
1781443920.8094134,7,10,2.8564,1.168,0.0245,0.274,NOMINAL,NORMAL,0,,0,13.3,4920,3048
1781443920.935146,7,10,3.6167,1.07,0.0357,0.378,NOMINAL,NORMAL,0,,0,13.3,4920,3048
1781443921.0606055,7,10,3.8302,0.998,0.0247,0.274,NOMINAL,NORMAL,0,,0,13.0,4920,3049
1781443921.1861944,7,10,4.0121,1.31,0.0352,0.409,NOMINAL,NORMAL,0,,0,13.0,4920,3049
1781443921.3111129,7,10,4.0023,1.308,0.0345,0.383,NOMINAL,NORMAL,0,,0,13.0,4920,3049
1781443921.4345374,7,10,2.2997,1.323,0.0361,0.418,NOMINAL,NORMAL,0,,0,13.0,4920,3049
1781443921.5609708,7,10,4.0414,1.062,0.0312,0.35,NOMINAL,NORMAL,0,,0,13.0,4920,3049
1781443921.6862626,7,10,4.109,1.36,0.0275,0.313,NOMINAL,NORMAL,0,,0,13.0,4920,3049
1781443921.8093467,7,10,2.9954,0.754,0.0238,0.264,NOMINAL,NORMAL,0,,0,13.0,4920,3049
1781443921.9360394,7,10,3.7534,1.451,0.0367,0.397,NOMINAL,NORMAL,0,,0,13.0,4920,3049
1781443922.059639,7,10,2.9857,0.817,0.0233,0.264,NOMINAL,NORMAL,0,,0,13.8,4880,3049
1781443922.1860337,7,10,4.0412,1.1,0.0372,0.421,NOMINAL,NORMAL,0,,0,13.8,4880,3049
1781443922.3111026,7,10,3.9934,1.335,0.0372,0.394,NOMINAL,NORMAL,0,,0,13.8,4880,3049
1781443922.433527,7,10,2.1641,0.944,0.0353,0.379,NOMINAL,NORMAL,0,,0,13.8,4880,3049
1781443922.5609498,7,10,4.0065,1.053,0.0368,0.386,NOMINAL,NORMAL,0,,0,13.8,4880,3049
1781443922.6854448,7,10,3.9342,0.812,0.0243,0.267,NOMINAL,NORMAL,0,,0,13.8,4880,3049
1781443922.8089423,7,10,2.3182,0.904,0.0357,0.381,NOMINAL,NORMAL,0,,0,13.8,4880,3049
1781443922.9352891,7,10,3.7336,1.072,0.0349,0.375,NOMINAL,NORMAL,0,,0,13.8,4880,3049
1781443923.059335,7,10,2.2936,1.195,0.0353,0.385,NOMINAL,NORMAL,0,,0,14.2,4880,3049
1781443923.1851864,7,10,3.7509,0.983,0.0354,0.381,NOMINAL,NORMAL,0,,0,14.2,4880,3049
1781443923.31109,7,10,4.0579,1.266,0.0353,0.375,NOMINAL,NORMAL,0,,0,14.2,4880,3049
1781443923.4352615,7,10,3.5854,1.276,0.0344,0.373,NOMINAL,NORMAL,0,,0,14.2,4880,3049
1781443923.5595026,7,10,3.0,1.017,0.0352,0.379,NOMINAL,NORMAL,0,,0,14.2,4880,3049
1781443923.6848195,7,10,3.3916,0.763,0.0246,0.262,NOMINAL,NORMAL,0,,0,14.2,4880,3049
1781443923.8094618,7,10,2.9626,0.773,0.0233,0.262,NOMINAL,NORMAL,0,,0,14.2,4880,3049
1781443923.9355204,7,10,3.6753,1.024,0.035,0.371,NOMINAL,NORMAL,0,,0,14.2,4880,3049
1781443924.059007,7,10,2.1442,1.247,0.0356,0.384,NOMINAL,NORMAL,0,,7,14.0,4920,3049
1781443924.1861773,7,10,4.0021,1.326,0.0359,0.383,NOMINAL,NORMAL,0,,7,14.0,4920,3049
1781443924.3108137,7,10,3.9792,1.145,0.0243,0.267,NOMINAL,NORMAL,0,,7,14.0,4920,3049
1781443924.4344363,7,10,2.4497,1.197,0.0351,0.383,NOMINAL,NORMAL,0,,7,14.0,4920,3049
1781443924.5611389,7,10,3.9431,1.324,0.0373,0.389,NOMINAL,NORMAL,0,,7,14.0,4920,3049
1781443924.6844382,7,10,2.638,0.982,0.0369,0.386,NOMINAL,NORMAL,0,,7,14.0,4920,3049
1781443924.8108633,7,10,3.9589,1.059,0.0366,0.441,NOMINAL,NORMAL,0,,7,14.0,4920,3049
1781443924.9353023,7,10,3.5334,1.127,0.0257,0.284,NOMINAL,NORMAL,0,,7,14.0,4920,3049
1781443925.058672,7,10,2.1272,0.985,0.0369,0.431,NOMINAL,NORMAL,0,,8,13.7,4999,3049
1781443925.185864,7,10,3.9726,1.085,0.0361,0.393,NOMINAL,NORMAL,0,,8,13.7,4999,3049
1781443925.3098836,7,10,3.5091,0.754,0.0242,0.265,NOMINAL,NORMAL,0,,8,13.7,4999,3049
1781443925.4335933,7,10,2.1286,0.905,0.0359,0.384,NOMINAL,NORMAL,0,,8,13.7,4999,3049
1781443925.560831,7,10,3.9348,1.049,0.0365,0.388,NOMINAL,NORMAL,0,,8,13.7,4999,3049
1781443925.68384,7,10,2.1423,1.045,0.0362,0.383,NOMINAL,NORMAL,0,,8,13.7,4999,3049
1781443925.8096018,7,10,2.7948,1.336,0.0366,0.385,NOMINAL,NORMAL,0,,8,13.7,4999,3049
1781443925.935891,7,10,3.9469,1.285,0.023,0.259,NOMINAL,NORMAL,0,,8,13.7,4999,3049
1781443926.0594287,7,10,2.6933,1.224,0.0351,0.382,NOMINAL,NORMAL,0,,99,13.3,4920,3049
1781443926.1859012,7,10,4.0435,1.071,0.0359,0.388,NOMINAL,NORMAL,0,,99,13.3,4920,3049
1781443926.3092055,7,10,2.8059,0.778,0.0238,0.259,NOMINAL,NORMAL,0,,99,13.3,4920,3049
1781443926.4351573,7,10,3.4576,1.284,0.0354,0.37,NOMINAL,NORMAL,0,,99,13.3,4920,3049
1781443926.5611954,7,10,4.3039,1.046,0.038,0.395,NOMINAL,NORMAL,0,,99,13.3,4920,3049
1781443926.6835651,7,10,2.0862,1.068,0.0362,0.38,NOMINAL,NORMAL,0,,99,13.3,4920,3049
1781443926.8100545,7,10,3.4915,0.84,0.025,0.279,NOMINAL,NORMAL,0,,99,13.3,4920,3049
1781443926.935245,7,10,3.7565,0.833,0.0243,0.272,NOMINAL,NORMAL,0,,99,13.3,4920,3049
1781443927.0606358,7,10,3.9862,1.063,0.0362,0.386,NOMINAL,NORMAL,0,,99,14.5,4960,3049
1781443927.186184,7,10,4.0041,1.348,0.0356,0.389,NOMINAL,NORMAL,0,,99,14.5,4960,3049
1781443927.3088076,7,10,2.1757,0.907,0.0352,0.387,NOMINAL,NORMAL,0,,99,14.5,4960,3049
1781443927.4359486,7,10,3.9622,1.168,0.0374,0.393,NOMINAL,NORMAL,0,,99,14.5,4960,3049
1781443927.561099,7,10,3.9914,1.296,0.0266,0.28,NOMINAL,NORMAL,0,,99,14.5,4960,3049
1781443927.6840827,7,10,2.2158,1.385,0.0355,0.386,NOMINAL,NORMAL,0,,99,14.5,4960,3049
1781443927.811205,7,10,3.9435,1.423,0.0372,0.39,NOMINAL,NORMAL,0,,99,14.5,4960,3049
1781443927.9349053,7,10,3.0154,1.079,0.0369,0.438,NOMINAL,NORMAL,0,,99,14.5,4960,3049
1781443928.058917,7,10,2.1325,1.272,0.0362,0.394,NOMINAL,NORMAL,0,,99,12.2,4920,3049
1781443928.1858718,7,10,3.9856,1.069,0.0361,0.389,NOMINAL,NORMAL,0,,99,12.2,4920,3049
1781443928.3093073,7,10,2.7086,1.285,0.023,0.254,NOMINAL,NORMAL,0,,99,12.2,4920,3049
1781443928.4351556,7,10,3.5776,1.128,0.0355,0.405,NOMINAL,NORMAL,0,,99,12.2,4920,3049
1781443928.5603201,7,10,3.8713,0.787,0.0237,0.258,NOMINAL,NORMAL,0,,99,12.2,4920,3049
1781443928.6858397,7,10,3.965,1.076,0.0363,0.391,NOMINAL,NORMAL,0,,99,12.2,4920,3049
1781443928.8110092,7,10,3.9822,1.188,0.0366,0.401,NOMINAL,NORMAL,0,,99,12.2,4920,3049
1781443928.9341197,7,10,2.4018,0.961,0.0362,0.392,NOMINAL,NORMAL,0,,99,12.2,4920,3049
1781443929.0609329,7,10,3.9922,1.061,0.0349,0.389,NOMINAL,NORMAL,0,,99,13.2,4880,3049
1781443929.185865,7,10,3.924,1.293,0.0364,0.389,NOMINAL,NORMAL,0,,99,13.2,4880,3049
1781443929.3086956,7,10,2.4113,1.02,0.034,0.379,NOMINAL,NORMAL,0,,99,13.2,4880,3049
1781443929.4358242,7,10,3.8852,1.335,0.0357,0.384,NOMINAL,NORMAL,0,,99,13.2,4880,3049
1781443929.5596027,7,10,3.1591,0.763,0.023,0.26,NOMINAL,NORMAL,0,,99,13.2,4880,3049
1781443929.6857498,7,10,3.9236,1.078,0.0363,0.382,NOMINAL,NORMAL,0,,99,13.2,4880,3049
1781443929.8104646,7,10,3.9578,0.838,0.0235,0.284,NOMINAL,NORMAL,0,,99,13.2,4880,3049
1781443929.9338572,7,10,2.196,1.063,0.0369,0.401,NOMINAL,NORMAL,0,,99,13.2,4880,3049
1781443930.0612955,7,10,3.9534,1.375,0.0373,0.392,NOMINAL,NORMAL,0,,99,13.7,4960,3049
1781443930.1858335,7,10,4.0026,1.111,0.025,0.27,NOMINAL,NORMAL,0,,99,13.7,4960,3049
1781443930.3097544,7,10,3.2645,1.053,0.0354,0.383,NOMINAL,NORMAL,0,,99,13.7,4960,3049
1781443930.4364321,7,10,3.8791,1.707,0.0358,0.407,NOMINAL,NORMAL,0,,99,13.7,4960,3049
1781443930.5592728,7,10,2.4363,1.021,0.0353,0.389,NOMINAL,NORMAL,0,,99,13.7,4960,3049
1781443930.6834943,7,10,2.0997,0.963,0.0369,0.394,NOMINAL,NORMAL,0,,99,13.7,4960,3049
1781443930.8109586,7,10,3.94,1.121,0.0361,0.52,NOMINAL,NORMAL,0,,99,13.7,4960,3049
1781443930.9344344,7,10,3.3093,0.796,0.0242,0.267,NOMINAL,NORMAL,0,,99,13.7,4960,3049
1781443931.060957,7,10,3.967,1.088,0.0361,0.388,NOMINAL,NORMAL,0,,99,13.0,4920,3049
1781443931.1849058,7,10,3.468,0.794,0.023,0.27,NOMINAL,NORMAL,0,,99,13.0,4920,3049
1781443931.3105419,7,10,3.8853,1.019,0.0369,0.422,NOMINAL,NORMAL,0,,99,13.0,4920,3049
1781443931.4357407,7,10,3.8966,1.091,0.0356,0.382,NOMINAL,NORMAL,0,,99,13.0,4920,3049
1781443931.5589418,7,10,2.0801,1.249,0.0364,0.395,NOMINAL,NORMAL,0,,99,13.0,4920,3049
1781443931.6859396,7,10,4.0037,1.088,0.0354,0.391,NOMINAL,NORMAL,0,,99,13.0,4920,3049
1781443931.8108492,7,10,3.931,1.239,0.0244,0.269,NOMINAL,NORMAL,0,,99,13.0,4920,3049
1781443931.9353476,7,10,3.6903,1.143,0.0352,0.395,NOMINAL,NORMAL,0,,99,13.0,4920,3049
1781443932.0612257,7,10,4.0131,1.339,0.0353,0.381,NOMINAL,NORMAL,0,,99,13.3,4920,3049
1781443932.184229,7,10,2.7879,0.806,0.0245,0.265,NOMINAL,NORMAL,0,,99,13.3,4920,3049
1781443932.310825,7,10,3.9181,1.066,0.0376,0.437,NOMINAL,NORMAL,0,,99,13.3,4920,3049
1781443932.4358172,7,10,3.9156,1.117,0.0345,0.385,NOMINAL,NORMAL,0,,99,13.3,4920,3049
1781443932.5591726,7,10,2.4928,1.207,0.0377,0.393,NOMINAL,NORMAL,0,,99,13.3,4920,3049
1781443932.6857896,7,10,3.9416,1.077,0.037,0.39,NOMINAL,NORMAL,0,,99,13.3,4920,3049
1781443932.8100197,7,10,3.6515,0.769,0.0236,0.256,NOMINAL,NORMAL,0,,99,13.3,4920,3049
1781443932.9338074,7,10,2.1176,1.004,0.0379,0.392,NOMINAL,NORMAL,0,,99,13.3,4920,3049
1781443933.0611124,7,10,3.9458,1.333,0.0357,0.383,NOMINAL,NORMAL,0,,99,13.0,4920,3049
1781443933.1840932,7,10,2.1421,1.272,0.0344,0.374,NOMINAL,NORMAL,0,,99,13.0,4920,3049
1781443933.3082905,7,10,2.1514,0.898,0.0348,0.367,NOMINAL,NORMAL,0,,99,13.0,4920,3049
1781443933.4357822,7,10,3.9276,1.122,0.0281,0.326,NOMINAL,NORMAL,0,,99,13.0,4920,3049
1781443933.5592,7,10,2.8847,0.825,0.0239,0.266,NOMINAL,NORMAL,0,,99,13.0,4920,3049
1781443933.6858375,7,10,4.0112,1.058,0.0358,0.386,NOMINAL,NORMAL,0,,99,13.0,4920,3049
1781443933.8094823,7,10,2.9674,0.798,0.0354,0.369,NOMINAL,NORMAL,0,,99,13.0,4920,3049
1781443933.93536,7,10,3.6686,1.165,0.0361,0.388,NOMINAL,NORMAL,0,,99,13.0,4920,3049
1781443934.061072,7,10,3.9252,1.383,0.0364,0.389,NOMINAL,NORMAL,0,,99,13.3,5039,3049
1781443934.1835713,7,10,2.1003,1.024,0.0359,0.385,NOMINAL,NORMAL,0,,99,13.3,5039,3049
1781443934.3108168,7,10,3.9562,1.036,0.0356,0.483,NOMINAL,NORMAL,0,,99,13.3,5039,3049
1781443934.435209,7,10,3.8167,0.784,0.0215,0.254,NOMINAL,NORMAL,0,,99,13.3,5039,3049
1781443934.5607,7,10,3.9571,1.068,0.0377,0.388,NOMINAL,NORMAL,0,,99,13.3,5039,3049
1781443934.6860337,7,10,3.9149,1.3,0.0352,0.379,NOMINAL,NORMAL,0,,99,13.3,5039,3049
1781443934.8090036,7,10,2.2839,0.951,0.0358,0.397,NOMINAL,NORMAL,0,,99,13.3,5039,3049
1781443934.9358642,7,10,3.9156,1.091,0.0369,0.383,NOMINAL,NORMAL,0,,99,13.3,5039,3049
1781443935.0585592,7,10,2.0883,0.963,0.0354,0.418,NOMINAL,NORMAL,0,,3,13.2,4920,3049
1781443935.1837378,7,10,2.0962,1.203,0.0344,0.389,NOMINAL,NORMAL,0,,3,13.2,4920,3049
1781443935.310885,7,10,3.9273,1.064,0.0363,0.439,NOMINAL,NORMAL,0,,3,13.2,4920,3049
1781443935.4344308,7,10,3.1752,0.666,0.0191,0.227,NOMINAL,NORMAL,0,,3,13.2,4920,3049
1781443935.5609157,7,10,4.0499,1.028,0.0364,0.387,NOMINAL,NORMAL,0,,3,13.2,4920,3049
1781443935.6857233,7,10,3.9359,1.028,0.0362,0.379,NOMINAL,NORMAL,0,,3,13.2,4920,3049
1781443935.8091893,7,10,2.659,1.055,0.0376,0.387,NOMINAL,NORMAL,0,,3,13.2,4920,3049
1781443935.9362373,7,10,4.1804,1.095,0.0363,0.391,NOMINAL,NORMAL,0,,3,13.2,4920,3049
1781443936.0599325,7,10,3.338,1.051,0.0273,0.296,NOMINAL,NORMAL,0,,3,13.2,4920,3049
1781443936.1840024,7,10,2.3895,1.005,0.0355,0.388,NOMINAL,NORMAL,0,,7,13.0,4920,3049
1781443936.3108191,7,10,3.947,1.052,0.0398,0.434,NOMINAL,NORMAL,0,,7,13.0,4920,3049
1781443936.4348066,7,10,3.3961,1.048,0.0801,0.445,NOMINAL,NORMAL,0,,7,13.0,4920,3049
1781443936.560606,7,10,3.9501,1.043,0.0344,0.383,NOMINAL,NORMAL,0,,7,13.0,4920,3049
1781443936.6857612,7,10,3.9436,1.044,0.0356,0.388,NOMINAL,NORMAL,0,,7,13.0,4920,3049
1781443936.809022,7,10,3.1174,0.756,0.0247,0.267,NOMINAL,NORMAL,0,,7,13.0,4920,3049
1781443936.9357543,7,10,3.9164,1.078,0.0364,0.384,NOMINAL,NORMAL,0,,7,13.0,4920,3049
1781443937.0598936,7,10,3.3116,0.826,0.0247,0.275,NOMINAL,NORMAL,0,,7,13.0,4920,3049
1781443937.1858351,7,10,3.9532,1.096,0.0355,0.391,NOMINAL,NORMAL,0,,33,12.7,4920,3049
1781443937.3107002,7,10,3.974,1.05,0.0364,0.462,NOMINAL,NORMAL,0,,33,12.7,4920,3049
1781443937.4334939,7,10,2.1323,0.94,0.0368,0.387,NOMINAL,NORMAL,0,,33,12.7,4920,3049
1781443937.560873,7,10,3.921,1.09,0.037,0.388,NOMINAL,NORMAL,0,,33,12.7,4920,3049
1781443937.6836524,7,10,2.107,1.028,0.0368,0.401,NOMINAL,NORMAL,0,,33,12.7,4920,3049
1781443937.8095918,7,10,2.5728,1.25,0.0364,0.398,NOMINAL,NORMAL,0,,33,12.7,4920,3049
1781443937.9357703,7,10,3.8809,1.121,0.0365,0.385,NOMINAL,NORMAL,0,,33,12.7,4920,3049
1781443938.059382,7,10,2.6193,0.95,0.0365,0.392,NOMINAL,NORMAL,0,,33,12.7,4920,3049
1781443938.1835558,7,10,2.103,1.034,0.0362,0.389,NOMINAL,NORMAL,0,,0,13.5,4920,3049
1781443938.310702,7,10,3.8928,1.115,0.0365,0.441,NOMINAL,NORMAL,0,,0,13.5,4920,3049
1781443938.4347005,7,10,3.3754,1.019,0.0486,0.301,NOMINAL,NORMAL,0,,0,13.5,4920,3049
1781443938.5612931,7,10,4.3589,1.287,0.0355,0.387,NOMINAL,NORMAL,0,,0,13.5,4920,3049
1781443938.6852028,7,10,3.5807,0.856,0.0233,0.273,NOMINAL,NORMAL,0,,0,13.5,4920,3049
1781443938.8088317,7,10,2.1992,0.994,0.0372,0.39,NOMINAL,NORMAL,0,,0,13.5,4920,3049
1781443938.9361396,7,10,3.9068,1.386,0.0365,0.389,NOMINAL,NORMAL,0,,0,13.5,4920,3049
1781443939.0589266,7,10,2.1175,1.024,0.0365,0.398,NOMINAL,NORMAL,0,,0,13.5,4920,3049
1781443939.1857457,7,10,3.8915,1.061,0.0364,0.391,NOMINAL,NORMAL,0,,0,14.0,4880,3049
1781443939.3106737,7,10,3.9333,1.033,0.0266,0.342,NOMINAL,NORMAL,0,,0,14.0,4880,3049
1781443939.4351125,7,10,3.5548,1.101,0.0374,0.392,NOMINAL,NORMAL,0,,0,14.0,4880,3049
1781443939.5608377,7,10,3.9282,1.07,0.0365,0.387,NOMINAL,NORMAL,0,,0,14.0,4880,3049
1781443939.6843023,7,10,2.9097,0.77,0.0233,0.263,NOMINAL,NORMAL,0,,0,14.0,4880,3049
1781443939.8108337,7,10,3.9903,1.047,0.0358,0.428,NOMINAL,NORMAL,0,,0,14.0,4880,3049
1781443939.9358115,7,10,4.0079,1.046,0.034,0.372,NOMINAL,NORMAL,0,,0,14.0,4880,3049
1781443940.0589604,7,10,2.1187,1.293,0.0374,0.412,NOMINAL,NORMAL,0,,0,14.0,4880,3049
1781443940.1859655,7,10,4.0094,1.104,0.0358,0.384,NOMINAL,NORMAL,0,,0,12.3,4880,3049
1781443940.3104234,7,10,3.833,0.993,0.0239,0.26,NOMINAL,NORMAL,0,,0,12.3,4880,3049
1781443940.4354064,7,10,3.8823,1.072,0.0372,0.384,NOMINAL,NORMAL,0,,0,12.3,4880,3049
1781443940.5610278,7,10,3.9396,1.282,0.0366,0.378,NOMINAL,NORMAL,0,,0,12.3,4880,3049
1781443940.684169,7,10,2.173,1.204,0.0359,0.388,NOMINAL,NORMAL,0,,0,12.3,4880,3049
1781443940.80918,7,10,2.718,1.032,0.0357,0.381,NOMINAL,NORMAL,0,,0,12.3,4880,3049
1781443940.935893,7,10,3.9627,1.127,0.0364,0.372,NOMINAL,NORMAL,0,,0,12.3,4880,3049
1781443941.0593567,7,10,2.9648,0.852,0.0236,0.268,NOMINAL,NORMAL,0,,0,12.3,4880,3049
1781443941.1858823,7,10,4.0041,1.053,0.0362,0.383,NOMINAL,NORMAL,0,,0,13.0,4920,3049
1781443941.3094823,7,10,3.0651,0.768,0.0229,0.259,NOMINAL,NORMAL,0,,0,13.0,4920,3049
1781443941.43375,7,10,2.1162,1.216,0.0357,0.383,NOMINAL,NORMAL,0,,0,13.0,4920,3049
1781443941.5613005,7,10,4.4338,1.013,0.0361,0.376,NOMINAL,NORMAL,0,,0,13.0,4920,3049
1781443941.683962,7,10,2.3824,1.044,0.0358,0.372,NOMINAL,NORMAL,0,,0,13.0,4920,3049
1781443941.8107145,7,10,3.8751,0.987,0.0344,0.447,NOMINAL,NORMAL,0,,0,13.0,4920,3049
1781443941.9354732,7,10,3.9886,0.832,0.0247,0.258,NOMINAL,NORMAL,0,,0,13.0,4920,3049
1781443942.0609565,7,10,4.0009,1.297,0.0354,0.374,NOMINAL,NORMAL,0,,0,13.0,4920,3049
1781443942.186193,7,10,3.9729,1.342,0.0361,0.397,NOMINAL,NORMAL,0,,0,13.5,4920,3049
1781443942.30906,7,10,2.4333,0.908,0.0342,0.371,NOMINAL,NORMAL,0,,0,13.5,4920,3049
1781443942.4349124,7,10,3.3673,0.914,0.0239,0.276,NOMINAL,NORMAL,0,,0,13.5,4920,3049
1781443942.5608084,7,10,3.9825,1.031,0.0361,0.376,NOMINAL,NORMAL,0,,0,13.5,4920,3049
1781443942.683526,7,10,2.0674,1.109,0.0363,0.38,NOMINAL,NORMAL,0,,0,13.5,4920,3049
1781443942.8105333,7,10,3.9542,0.969,0.0364,0.412,NOMINAL,NORMAL,0,,0,13.5,4920,3049
1781443942.9349983,7,10,3.3487,1.049,0.025,0.263,NOMINAL,NORMAL,0,,0,13.5,4920,3049
1781443943.0609066,7,10,3.9779,1.083,0.037,0.39,NOMINAL,NORMAL,0,,0,13.5,4920,3049
1781443943.1858966,7,10,3.9597,1.101,0.0374,0.392,NOMINAL,NORMAL,0,,18,13.5,4920,3049
1781443943.3092306,7,10,2.5868,1.245,0.034,0.381,NOMINAL,NORMAL,0,,18,13.5,4920,3049
1781443943.4346805,7,10,3.3706,1.013,0.0358,0.428,NOMINAL,NORMAL,0,,18,13.5,4920,3049
1781443943.5605268,7,10,3.9669,0.894,0.0244,0.249,NOMINAL,NORMAL,0,,18,13.5,4920,3049
1781443943.6841657,7,10,2.5258,0.942,0.0359,0.385,NOMINAL,NORMAL,0,,18,13.5,4920,3049
1781443943.8108552,7,10,3.9356,1.072,0.0374,0.434,NOMINAL,NORMAL,0,,18,13.5,4920,3049
1781443943.9342492,7,10,2.6478,0.908,0.0368,0.382,NOMINAL,NORMAL,0,,18,13.5,4920,3049
1781443944.0584326,7,10,2.1083,0.922,0.0354,0.382,NOMINAL,NORMAL,0,,18,13.5,4920,3049
1781443944.1859262,7,10,4.0067,1.063,0.0378,0.389,NOMINAL,NORMAL,0,,44,13.2,4920,3049
1781443944.3091245,7,10,2.6639,1.023,0.0369,0.379,NOMINAL,NORMAL,0,,44,13.2,4920,3049
1781443944.4357195,7,10,3.9297,1.042,0.0351,0.365,NOMINAL,NORMAL,0,,44,13.2,4920,3049
1781443944.5600965,7,10,3.723,0.745,0.0252,0.255,NOMINAL,NORMAL,0,,44,13.2,4920,3049
1781443944.6857133,7,10,3.9583,0.996,0.0349,0.362,NOMINAL,NORMAL,0,,44,13.2,4920,3049
1781443944.8107722,7,10,3.936,1.012,0.0354,0.437,NOMINAL,NORMAL,0,,44,13.2,4920,3049
1781443944.93371,7,10,2.1593,0.896,0.0352,0.376,NOMINAL,NORMAL,0,,44,13.2,4920,3049
1781443945.0610964,7,10,3.9517,1.297,0.0369,0.389,NOMINAL,NORMAL,0,,44,13.2,4920,3049
1781443945.1857758,7,10,4.0482,1.029,0.0261,0.276,NOMINAL,NORMAL,0,,31,13.8,4880,3049
1781443945.3091025,7,10,2.6516,1.039,0.0362,0.38,NOMINAL,NORMAL,0,,31,13.8,4880,3049
1781443945.4355984,7,10,3.9085,1.062,0.0361,0.395,NOMINAL,NORMAL,0,,31,13.8,4880,3049
1781443945.5591772,7,10,2.7598,0.788,0.025,0.265,NOMINAL,NORMAL,0,,31,13.8,4880,3049
1781443945.6857605,7,10,3.9558,1.04,0.0353,0.387,NOMINAL,NORMAL,0,,31,13.8,4880,3049
1781443945.8105133,7,10,3.8956,1.009,0.0358,0.412,NOMINAL,NORMAL,0,,31,13.8,4880,3049
1781443945.9346657,7,10,3.416,0.994,0.0238,0.286,NOMINAL,NORMAL,0,,31,13.8,4880,3049
1781443946.0606556,7,10,3.9736,1.048,0.0363,0.386,NOMINAL,NORMAL,0,,31,13.8,4880,3049
1781443946.1852875,7,10,3.7678,0.818,0.0241,0.257,NOMINAL,NORMAL,0,,99,12.5,4920,3049
1781443946.3086026,7,10,2.1912,0.879,0.0361,0.377,NOMINAL,NORMAL,0,,99,12.5,4920,3049
1781443946.4355817,7,10,3.9103,1.077,0.0349,0.383,NOMINAL,NORMAL,0,,99,12.5,4920,3049
1781443946.5590882,7,10,2.116,1.225,0.0341,0.385,NOMINAL,NORMAL,0,,99,12.5,4920,3049
1781443946.684657,7,10,3.2776,0.757,0.0246,0.257,NOMINAL,NORMAL,0,,99,12.5,4920,3049
1781443946.810767,7,10,3.9779,1.04,0.0785,0.413,NOMINAL,NORMAL,0,,99,12.5,4920,3049
1781443946.935115,7,10,3.5954,1.087,0.0365,0.384,NOMINAL,NORMAL,0,,99,12.5,4920,3049
1781443947.0608366,7,10,3.9631,1.042,0.0347,0.384,NOMINAL,NORMAL,0,,99,12.5,4920,3049
1781443947.1844614,7,10,3.1072,0.764,0.0226,0.255,NOMINAL,NORMAL,0,,99,12.8,4920,3049
1781443947.310864,7,10,3.9839,1.035,0.0365,0.436,NOMINAL,NORMAL,0,,99,12.8,4920,3049
1781443947.4357598,7,10,3.9292,1.086,0.036,0.381,NOMINAL,NORMAL,0,,99,12.8,4920,3049
1781443947.5588474,7,10,2.1483,1.213,0.0365,0.435,NOMINAL,NORMAL,0,,99,12.8,4920,3049
1781443947.6858132,7,10,3.9722,1.053,0.0363,0.383,NOMINAL,NORMAL,0,,99,12.8,4920,3049
1781443947.810275,7,10,3.904,0.772,0.023,0.257,NOMINAL,NORMAL,0,,99,12.8,4920,3049
1781443947.9358146,7,10,3.9728,1.096,0.036,0.386,NOMINAL,NORMAL,0,,99,12.8,4920,3049
1781443948.0609088,7,10,3.9854,1.045,0.0366,0.383,NOMINAL,NORMAL,0,,99,12.8,4920,3049
1781443948.1841702,7,10,2.4224,0.958,0.0358,0.378,NOMINAL,NORMAL,0,,99,13.5,4920,3049
1781443948.3111842,7,10,4.0225,1.363,0.0363,0.392,NOMINAL,NORMAL,0,,99,13.5,4920,3049
1781443948.4358292,7,10,4.0039,1.068,0.0362,0.383,NOMINAL,NORMAL,0,,99,13.5,4920,3049
1781443948.5595896,7,10,3.163,0.97,0.0226,0.257,NOMINAL,NORMAL,0,,99,13.5,4920,3049
1781443948.6861303,7,10,4.0094,1.315,0.0352,0.388,NOMINAL,NORMAL,0,,99,13.5,4920,3049
1781443948.8100033,7,10,3.2974,1.01,0.0218,0.291,NOMINAL,NORMAL,0,,99,13.5,4920,3049
1781443948.9337616,7,10,2.149,1.18,0.0351,0.384,NOMINAL,NORMAL,0,,99,13.5,4920,3049
1781443949.0598269,7,10,2.996,1.019,0.0342,0.407,NOMINAL,NORMAL,0,,99,13.5,4920,3049
1781443949.183664,7,10,2.1241,0.97,0.034,0.378,NOMINAL,NORMAL,0,,99,13.0,4920,3049
1781443949.3108017,7,10,3.9329,1.03,0.0848,0.442,NOMINAL,NORMAL,0,,99,13.0,4920,3049
1781443949.4359016,7,10,4.0389,1.103,0.0238,0.344,NOMINAL,NORMAL,0,,99,13.0,4920,3049
1781443949.5610328,7,10,3.9727,1.137,0.0365,0.472,NOMINAL,NORMAL,0,,99,13.0,4920,3049
1781443949.6858451,7,10,3.9767,1.019,0.0345,0.438,NOMINAL,NORMAL,0,,99,13.0,4920,3049
1781443949.8087754,7,10,2.5918,0.67,0.0233,0.244,NOMINAL,NORMAL,0,,99,13.0,4920,3049
1781443949.9355495,7,10,3.9493,0.95,0.0323,0.346,NOMINAL,NORMAL,0,,99,13.0,4920,3049
1781443950.0606985,7,10,3.971,0.938,0.0341,0.348,NOMINAL,NORMAL,0,,99,13.0,4920,3049
1781443950.1834273,7,10,2.1342,0.929,0.0335,0.372,NOMINAL,NORMAL,0,,99,12.7,4920,3049
1781443950.3108206,7,10,4.0226,0.995,0.0355,0.43,NOMINAL,NORMAL,0,,99,12.7,4920,3049
1781443950.4348667,7,10,3.515,0.765,0.0236,0.236,NOMINAL,NORMAL,0,,99,12.7,4920,3049
1781443950.560707,7,10,4.024,0.945,0.0343,0.358,NOMINAL,NORMAL,0,,99,12.7,4920,3049
1781443950.6857355,7,10,4.0055,0.99,0.0348,0.372,NOMINAL,NORMAL,0,,99,12.7,4920,3049
1781443950.8085072,7,10,2.163,0.792,0.0339,0.358,NOMINAL,NORMAL,0,,99,12.7,4920,3049
1781443950.9357026,7,10,3.9451,1.033,0.034,0.355,NOMINAL,NORMAL,0,,99,12.7,4920,3049
1781443951.060595,7,10,4.018,0.891,0.025,0.255,NOMINAL,NORMAL,0,,99,12.7,4920,3049
1781443951.183886,7,10,2.6755,0.642,0.0212,0.22,NOMINAL,NORMAL,0,,99,12.7,4920,3049
1781443951.310864,7,10,3.9912,1.001,0.1495,0.501,NOMINAL,NORMAL,0,,99,12.7,4920,3049
1781443951.433932,7,10,2.803,0.624,0.02,0.213,NOMINAL,NORMAL,0,,99,12.7,4920,3049
1781443951.5582726,7,10,2.135,0.806,0.0331,0.353,NOMINAL,NORMAL,0,,99,12.7,4920,3049
1781443951.6856194,7,10,4.0094,0.861,0.0301,0.383,NOMINAL,NORMAL,0,,99,12.7,4920,3049
1781443951.8091307,7,10,2.6079,1.191,0.0338,0.366,NOMINAL,NORMAL,0,,99,12.7,4920,3049
1781443951.9356484,7,10,3.9521,0.988,0.0326,0.354,NOMINAL,NORMAL,0,,99,12.7,4920,3049
1781443952.0600796,7,10,3.5558,0.873,0.0209,0.219,NOMINAL,NORMAL,0,,99,12.7,4920,3049
1781443952.1859083,7,10,4.0114,1.145,0.0325,0.371,NOMINAL,NORMAL,0,,66,12.8,4920,3050
1781443952.3104641,7,10,3.976,0.874,0.0306,0.319,NOMINAL,NORMAL,0,,66,12.8,4920,3050
1781443952.434109,7,10,2.2116,1.192,0.0358,0.38,NOMINAL,NORMAL,0,,66,12.8,4920,3050
1781443952.5608084,7,10,4.0338,0.974,0.0348,0.362,NOMINAL,NORMAL,0,,66,12.8,4920,3050
1781443952.685814,7,10,4.0548,1.026,0.0268,0.319,NOMINAL,NORMAL,0,,66,12.8,4920,3050
1781443952.8091624,7,10,2.9036,0.735,0.0231,0.252,NOMINAL,NORMAL,0,,66,12.8,4920,3050
1781443952.9358268,7,10,3.9927,1.054,0.0355,0.387,NOMINAL,NORMAL,0,,66,12.8,4920,3050
1781443953.0594218,7,10,2.9513,0.766,0.0252,0.257,NOMINAL,NORMAL,0,,66,12.8,4920,3050
1781443953.1834877,7,10,2.1475,0.947,0.0334,0.37,NOMINAL,NORMAL,0,,49,13.2,4920,3050
1781443953.3108637,7,10,3.9947,1.009,0.0345,0.433,NOMINAL,NORMAL,0,,49,13.2,4920,3050
1781443953.4335113,7,10,2.1797,0.928,0.0361,0.377,NOMINAL,NORMAL,0,,49,13.2,4920,3050
1781443953.561031,7,10,3.9729,0.975,0.0339,0.366,NOMINAL,NORMAL,0,,49,13.2,4920,3050
1781443953.685284,7,10,3.8769,0.741,0.0235,0.255,NOMINAL,NORMAL,0,,49,13.2,4920,3050
1781443953.8090675,7,10,2.1871,1.143,0.0353,0.372,NOMINAL,NORMAL,0,,49,13.2,4920,3050
1781443953.9358404,7,10,3.9831,1.051,0.0346,0.366,NOMINAL,NORMAL,0,,49,13.2,4920,3050
1781443954.058975,7,10,2.2522,0.919,0.0361,0.378,NOMINAL,NORMAL,0,,49,13.2,4920,3050
1781443954.185825,7,10,4.0212,1.014,0.036,0.385,NOMINAL,NORMAL,0,,39,12.5,4880,3050
1781443954.3110435,7,10,3.9889,1.343,0.0344,0.37,NOMINAL,NORMAL,0,,39,12.5,4880,3050
1781443954.434433,7,10,3.0997,0.748,0.024,0.25,NOMINAL,NORMAL,0,,39,12.5,4880,3050
1781443954.5608256,7,10,3.9847,1.017,0.0354,0.396,NOMINAL,NORMAL,0,,39,12.5,4880,3050
1781443954.684563,7,10,3.2105,0.725,0.0232,0.25,NOMINAL,NORMAL,0,,39,12.5,4880,3050
1781443954.8107615,7,10,4.0169,0.965,0.0823,0.415,NOMINAL,NORMAL,0,,39,12.5,4880,3050
1781443954.9358811,7,10,4.0337,1.052,0.0344,0.371,NOMINAL,NORMAL,0,,39,12.5,4880,3050
1781443955.059323,7,10,3.1413,0.822,0.0227,0.252,NOMINAL,NORMAL,0,,39,12.5,4880,3050
1781443955.1841502,7,10,2.4267,0.969,0.0352,0.367,NOMINAL,NORMAL,0,,39,12.5,4880,3050
1781443955.3103929,7,10,3.9619,0.823,0.0231,0.249,NOMINAL,NORMAL,0,,0,12.8,4880,3050
1781443955.4357002,7,10,3.9277,1.058,0.034,0.379,NOMINAL,NORMAL,0,,0,12.8,4880,3050
1781443955.5607743,7,10,3.9101,1.025,0.0354,0.369,NOMINAL,NORMAL,0,,0,12.8,4880,3050
1781443955.6842544,7,10,2.5553,0.933,0.035,0.379,NOMINAL,NORMAL,0,,0,12.8,4880,3050
1781443955.8111024,7,10,4.0027,1.321,0.0335,0.384,NOMINAL,NORMAL,0,,0,12.8,4880,3050
1781443955.9360614,7,10,3.9968,1.281,0.0333,0.369,NOMINAL,NORMAL,0,,0,12.8,4880,3050
1781443956.0595644,7,10,3.3711,0.737,0.0241,0.246,NOMINAL,NORMAL,0,,0,12.8,4880,3050
1781443956.1860635,7,10,3.997,1.028,0.0348,0.377,NOMINAL,NORMAL,0,,0,12.8,4880,3050
1781443956.3098478,7,10,3.4936,0.751,0.0234,0.259,NOMINAL,NORMAL,0,,0,13.3,4880,3050
1781443956.433623,7,10,2.1778,0.924,0.0349,0.368,NOMINAL,NORMAL,0,,0,13.3,4880,3050
1781443956.5608387,7,10,3.9883,1.011,0.0345,0.376,NOMINAL,NORMAL,0,,0,13.3,4880,3050
1781443956.683652,7,10,2.1331,0.939,0.0336,0.366,NOMINAL,NORMAL,0,,0,13.3,4880,3050
1781443956.8107812,7,10,4.0084,0.999,0.0857,0.43,NOMINAL,NORMAL,0,,0,13.3,4880,3050
1781443956.935651,7,10,3.9867,1.001,0.0239,0.257,NOMINAL,NORMAL,0,,0,13.3,4880,3050
1781443957.0591488,7,10,2.5285,0.827,0.0357,0.366,NOMINAL,NORMAL,0,,0,13.3,4880,3050
1781443957.1858437,7,10,4.0183,1.025,0.0358,0.376,NOMINAL,NORMAL,0,,0,13.3,4880,3050
1781443957.3090496,7,10,2.7302,0.731,0.0235,0.255,NOMINAL,NORMAL,0,,0,13.2,4880,3050
1781443957.4358845,7,10,4.0045,1.096,0.0339,0.399,NOMINAL,NORMAL,0,,0,13.2,4880,3050
1781443957.5610082,7,10,3.888,1.038,0.0352,0.374,NOMINAL,NORMAL,0,,0,13.2,4880,3050
1781443957.6835983,7,10,2.0959,0.917,0.0372,0.554,NOMINAL,NORMAL,0,,0,13.2,4880,3050
1781443957.810785,7,10,3.9601,1.015,0.0713,0.417,NOMINAL,NORMAL,0,,0,13.2,4880,3050
1781443957.9351287,7,10,3.4674,0.75,0.0247,0.262,NOMINAL,NORMAL,0,,0,13.2,4880,3050
1781443958.060075,7,10,3.6452,0.776,0.0239,0.257,NOMINAL,NORMAL,0,,0,13.2,4880,3050
1781443958.1860983,7,10,3.983,1.06,0.0357,0.383,NOMINAL,NORMAL,0,,0,13.2,4880,3050
1781443958.3087695,7,10,2.1749,0.915,0.0355,0.378,NOMINAL,NORMAL,0,,0,13.2,4880,3050
1781443958.43577,7,10,3.9495,1.06,0.0352,0.37,NOMINAL,NORMAL,0,,0,13.2,4880,3050
1781443958.5608473,7,10,3.9624,1.12,0.0268,0.283,NOMINAL,NORMAL,0,,0,13.2,4880,3050
1781443958.6842146,7,10,2.7914,0.757,0.0249,0.258,NOMINAL,NORMAL,0,,0,13.2,4880,3050
1781443958.8110116,7,10,4.1185,1.093,0.0342,0.382,NOMINAL,NORMAL,0,,0,13.2,4880,3050
1781443958.934517,7,10,2.8761,0.972,0.0243,0.284,NOMINAL,NORMAL,0,,0,13.2,4880,3050
1781443959.058805,7,10,2.1358,1.176,0.0382,0.409,NOMINAL,NORMAL,0,,0,13.2,4880,3050
1781443959.1859806,7,10,3.9813,1.187,0.0347,0.384,NOMINAL,NORMAL,0,,0,13.2,4880,3050
1781443959.3091078,7,10,2.6736,1.125,0.0269,0.272,NOMINAL,NORMAL,0,,0,13.2,4880,3050
1781443959.4356816,7,10,3.9586,1.048,0.0351,0.369,NOMINAL,NORMAL,0,,0,13.2,4880,3050
1781443959.5602715,7,10,3.8154,0.748,0.0233,0.253,NOMINAL,NORMAL,0,,0,13.2,4880,3050
1781443959.6859002,7,10,4.0697,1.014,0.0346,0.388,NOMINAL,NORMAL,0,,0,13.2,4880,3050
1781443959.810797,7,10,3.9757,0.98,0.0985,0.451,NOMINAL,NORMAL,0,,0,13.2,4880,3050
1781443959.9342072,7,10,2.2798,1.175,0.0348,0.369,NOMINAL,NORMAL,0,,0,13.2,4880,3050
1781443960.0608108,7,10,3.9837,1.007,0.0361,0.365,NOMINAL,NORMAL,0,,0,13.2,4880,3050
1781443960.1860237,7,10,4.034,1.107,0.0347,0.484,NOMINAL,NORMAL,0,,0,13.2,4880,3050
1781443960.309371,7,10,3.0459,0.743,0.0233,0.259,NOMINAL,NORMAL,0,,0,13.5,4880,3050
1781443960.43568,7,10,3.9538,1.023,0.0357,0.371,NOMINAL,NORMAL,0,,0,13.5,4880,3050
1781443960.5596461,7,10,3.1696,0.77,0.0235,0.258,NOMINAL,NORMAL,0,,0,13.5,4880,3050
1781443960.6858401,7,10,4.0318,1.022,0.0344,0.401,NOMINAL,NORMAL,0,,0,13.5,4880,3050
1781443960.8106987,7,10,3.9663,1.015,0.0344,0.403,NOMINAL,NORMAL,0,,0,13.5,4880,3050
1781443960.9334326,7,10,2.1644,0.913,0.0375,0.38,NOMINAL,NORMAL,0,,0,13.5,4880,3050
1781443961.0608795,7,10,4.0035,1.012,0.0348,0.383,NOMINAL,NORMAL,0,,0,13.5,4880,3050
1781443961.186926,7,10,4.0493,0.994,0.0293,1.489,PRE_ALERT,TRIGGERED,1,PD3A-OU|PD2A-OU,0,13.5,4880,3050
1781443961.310563,7,10,2.39,0.896,0.0352,1.927,NOMINAL,NORMAL,0,,22,12.3,4920,3050
1781443961.437424,7,10,4.0128,1.017,0.0381,2.063,PRE_ALERT,TRIGGERED,1,PD3A-OU|PD3A-OUT|PD1A-OUT,22,12.3,4920,3050
1781443961.5593271,7,10,2.3876,1.124,0.0353,0.392,PRE_ALERT,TRIGGERED,2,PD3A-OU|PD3A-OUT|PD1A-OUT|PD2A-OU,22,12.3,4920,3050
1781443961.6877425,7,10,4.0068,1.085,0.0389,2.24,ALERT,TRIGGERED,3,PD3A-OU|PD3A-OUT,22,12.3,4920,3050
1781443961.8119924,7,10,4.0333,1.03,0.0391,1.612,NOMINAL,NORMAL,0,,22,12.3,4920,3050
1781443961.9342482,7,10,3.2819,0.726,0.0221,0.251,NOMINAL,NORMAL,0,,22,12.3,4920,3050
1781443962.0605903,7,10,3.99,0.993,0.034,0.375,NOMINAL,NORMAL,0,,22,12.3,4920,3050
1781443962.1847782,7,10,3.4163,0.737,0.0233,0.259,NOMINAL,NORMAL,0,,22,12.3,4920,3050
1781443962.3108552,7,10,3.9817,1.024,0.0354,0.415,NOMINAL,NORMAL,0,,37,13.5,4880,3050
1781443962.4355981,7,10,3.824,1.022,0.0346,0.375,NOMINAL,NORMAL,0,,37,13.5,4880,3050
1781443962.5593722,7,10,2.5082,1.25,0.0356,0.385,NOMINAL,NORMAL,0,,37,13.5,4880,3050
1781443962.68601,7,10,3.9811,1.303,0.0337,0.402,NOMINAL,NORMAL,0,,37,13.5,4880,3050
1781443962.8105102,7,10,3.5953,1.242,0.0342,0.407,NOMINAL,NORMAL,0,,37,13.5,4880,3050
1781443962.9356956,7,10,3.9556,1.095,0.0338,0.372,NOMINAL,NORMAL,0,,37,13.5,4880,3050
1781443963.060586,7,10,3.7829,1.017,0.0352,0.377,NOMINAL,NORMAL,0,,37,13.5,4880,3050
1781443963.184285,7,10,2.7592,0.984,0.0329,0.393,NOMINAL,NORMAL,0,,37,13.5,4880,3050
1781443963.3105087,7,10,3.9849,0.984,0.0344,0.397,NOMINAL,NORMAL,0,,50,13.8,4880,3050
1781443963.435449,7,10,3.8958,1.029,0.0325,0.367,NOMINAL,NORMAL,0,,50,13.8,4880,3050
1781443963.5593894,7,10,2.9212,1.044,0.0339,0.372,NOMINAL,NORMAL,0,,50,13.8,4880,3050
1781443963.6858582,7,10,3.9985,1.041,0.0364,0.385,NOMINAL,NORMAL,0,,50,13.8,4880,3050
1781443963.8101404,7,10,3.6901,0.995,0.0232,0.259,NOMINAL,NORMAL,0,,50,13.8,4880,3050
1781443963.9335475,7,10,2.1216,0.902,0.0353,0.373,NOMINAL,NORMAL,0,,50,13.8,4880,3050
1781443964.061065,7,10,3.9978,1.272,0.0336,0.375,NOMINAL,NORMAL,0,,50,13.8,4880,3050
1781443964.1839864,7,10,2.1073,1.268,0.0343,0.371,NOMINAL,NORMAL,0,,50,13.8,4880,3050
1781443964.3098202,7,10,3.199,1.263,0.0324,0.362,NOMINAL,NORMAL,0,,60,14.0,4880,3050
1781443964.4356568,7,10,3.9331,1.255,0.0254,0.275,NOMINAL,NORMAL,0,,60,14.0,4880,3050
1781443964.559145,7,10,2.7356,0.8,0.0323,0.359,NOMINAL,NORMAL,0,,60,14.0,4880,3050
1781443964.6861806,7,10,4.0582,1.323,0.0351,0.376,NOMINAL,NORMAL,0,,60,14.0,4880,3050
1781443964.8091722,7,10,2.8617,0.752,0.0221,0.254,NOMINAL,NORMAL,0,,60,14.0,4880,3050
1781443964.933425,7,10,2.1862,0.89,0.0354,0.368,NOMINAL,NORMAL,0,,60,14.0,4880,3050
1781443965.0607388,7,10,3.9923,0.991,0.0346,0.364,NOMINAL,NORMAL,0,,60,14.0,4880,3050
1781443965.1852014,7,10,3.6955,0.945,0.0221,0.262,NOMINAL,NORMAL,0,,60,14.0,4880,3050
1781443965.311081,7,10,4.0201,1.334,0.0337,0.375,NOMINAL,NORMAL,0,,99,12.8,4880,3050
1781443965.4351845,7,10,3.826,0.766,0.0232,0.248,NOMINAL,NORMAL,0,,99,12.8,4880,3050
1781443965.5606365,7,10,4.072,1.011,0.036,0.369,NOMINAL,NORMAL,0,,99,12.8,4880,3050
1781443965.6858914,7,10,4.0908,1.021,0.035,0.377,NOMINAL,NORMAL,0,,99,12.8,4880,3050
1781443965.8087306,7,10,2.2293,0.843,0.0345,0.366,NOMINAL,NORMAL,0,,99,12.8,4880,3050
1781443965.9360983,7,10,4.0146,1.353,0.0343,0.371,NOMINAL,NORMAL,0,,99,12.8,4880,3050
1781443966.0607822,7,10,3.9748,0.991,0.0344,0.367,NOMINAL,NORMAL,0,,99,12.8,4880,3050
1781443966.1834753,7,10,2.1057,1.022,0.0352,0.365,NOMINAL,NORMAL,0,,99,12.8,4880,3050
1781443966.3110747,7,10,4.0409,1.324,0.035,0.367,NOMINAL,NORMAL,0,,99,13.0,4880,3050
1781443966.434378,7,10,3.1406,0.705,0.0231,0.249,NOMINAL,NORMAL,0,,99,13.0,4880,3050
1781443966.5583467,7,10,2.1034,0.876,0.0324,0.367,NOMINAL,NORMAL,0,,99,13.0,4880,3050
1781443966.6858761,7,10,4.1096,1.001,0.0354,0.371,NOMINAL,NORMAL,0,,99,13.0,4880,3050
1781443966.8090801,7,10,2.765,0.963,0.0359,0.351,NOMINAL,NORMAL,0,,99,13.0,4880,3050
1781443966.9350262,7,10,3.6298,1.019,0.0349,0.373,NOMINAL,NORMAL,0,,99,13.0,4880,3050
1781443967.0603096,7,10,4.0022,0.714,0.0229,0.24,NOMINAL,NORMAL,0,,99,13.0,4880,3050
1781443967.1838467,7,10,2.2974,0.869,0.0338,0.361,NOMINAL,NORMAL,0,,99,13.0,4880,3050
1781443967.310654,7,10,3.9943,0.967,0.032,0.408,NOMINAL,NORMAL,0,,99,13.7,4920,3050
1781443967.4339194,7,10,2.4257,0.89,0.0341,0.366,NOMINAL,NORMAL,0,,99,13.7,4920,3050
1781443967.5604515,7,10,3.9567,0.994,0.0321,0.369,NOMINAL,NORMAL,0,,99,13.7,4920,3050
1781443967.6841207,7,10,2.6208,1.043,0.0351,0.381,NOMINAL,NORMAL,0,,99,13.7,4920,3050
1781443967.8096213,7,10,3.401,0.954,0.0235,0.276,NOMINAL,NORMAL,0,,99,13.7,4920,3050
1781443967.9357073,7,10,3.945,1.054,0.0354,0.381,NOMINAL,NORMAL,0,,99,13.7,4920,3050
1781443968.0595927,7,10,3.2882,0.703,0.0239,0.247,NOMINAL,NORMAL,0,,99,13.7,4920,3050
1781443968.185902,7,10,3.9424,1.247,0.0356,0.38,NOMINAL,NORMAL,0,,99,13.7,4920,3050
1781443968.308865,7,10,2.2355,1.019,0.0351,0.368,NOMINAL,NORMAL,0,,99,12.8,4880,3050
1781443968.4334493,7,10,2.1297,0.906,0.0351,0.373,NOMINAL,NORMAL,0,,99,12.8,4880,3050
1781443968.5607085,7,10,4.0415,0.928,0.0331,0.357,NOMINAL,NORMAL,0,,99,12.8,4880,3050
1781443968.6856883,7,10,3.9622,1.064,0.0203,0.303,NOMINAL,NORMAL,0,,99,12.8,4880,3050
1781443968.810182,7,10,3.6708,1.047,0.0345,0.378,NOMINAL,NORMAL,0,,99,12.8,4880,3050
1781443968.934353,7,10,2.7957,0.815,0.0346,0.379,NOMINAL,NORMAL,0,,99,12.8,4880,3050
1781443969.059457,7,10,2.5617,1.146,0.0339,0.374,NOMINAL,NORMAL,0,,99,12.8,4880,3050
1781443969.1832287,7,10,2.079,0.913,0.035,0.372,NOMINAL,NORMAL,0,,99,12.8,4880,3050
1781443969.3107266,7,10,4.0051,0.981,0.0327,0.445,NOMINAL,NORMAL,0,,99,14.3,4920,3050
1781443969.4334168,7,10,2.1271,1.104,0.0334,0.368,NOMINAL,NORMAL,0,,99,14.3,4920,3050
1781443969.560698,7,10,3.9572,1.005,0.034,0.374,NOMINAL,NORMAL,0,,99,14.3,4920,3050
1781443969.6848295,7,10,3.5916,0.708,0.0224,0.249,NOMINAL,NORMAL,0,,99,14.3,4920,3050
1781443969.8085713,7,10,2.1882,0.904,0.035,0.381,NOMINAL,NORMAL,0,,99,14.3,4920,3050
1781443969.935977,7,10,3.9317,1.315,0.0345,0.379,NOMINAL,NORMAL,0,,99,14.3,4920,3050
1781443970.0586104,7,10,2.097,0.893,0.033,0.406,NOMINAL,NORMAL,0,,99,14.3,4920,3050
1781443970.185706,7,10,3.9749,1.002,0.0338,0.373,NOMINAL,NORMAL,0,,99,14.3,4920,3050
1781443970.310582,7,10,3.95,0.97,0.0245,0.336,NOMINAL,NORMAL,0,,99,14.0,4880,3050
1781443970.4350204,7,10,3.5865,1.027,0.0323,0.379,NOMINAL,NORMAL,0,,99,14.0,4880,3050
1781443970.5607421,7,10,3.9861,1.003,0.0338,0.382,NOMINAL,NORMAL,0,,99,14.0,4880,3050
1781443970.6844344,7,10,2.7477,0.961,0.0371,0.394,NOMINAL,NORMAL,0,,99,14.0,4880,3050
1781443970.8111508,7,10,4.0144,1.366,0.0353,0.386,NOMINAL,NORMAL,0,,99,14.0,4880,3050
1781443970.9359872,7,10,3.9247,1.332,0.035,0.375,NOMINAL,NORMAL,0,,99,14.0,4880,3050
1781443971.0581865,7,10,2.051,0.877,0.0345,0.368,NOMINAL,NORMAL,0,,99,14.0,4880,3050
1781443971.1847641,7,10,3.4469,0.868,0.0291,0.327,NOMINAL,NORMAL,0,,99,14.0,4880,3050
1781443971.309006,7,10,2.5599,0.896,0.0347,0.373,NOMINAL,NORMAL,0,,99,14.5,4920,3051
1781443971.4350998,7,10,3.8598,1.015,0.0358,0.374,NOMINAL,NORMAL,0,,99,14.5,4920,3051
1781443971.5607557,7,10,4.0259,0.986,0.0338,0.376,NOMINAL,NORMAL,0,,99,14.5,4920,3051
1781443971.683774,7,10,2.1686,0.928,0.035,0.374,NOMINAL,NORMAL,0,,99,14.5,4920,3051
1781443971.8091493,7,10,2.7294,1.015,0.0349,0.378,NOMINAL,NORMAL,0,,99,14.5,4920,3051
1781443971.9357364,7,10,3.9473,1.084,0.0342,0.346,NOMINAL,NORMAL,0,,99,14.5,4920,3051
1781443972.0591202,7,10,2.9496,0.761,0.023,0.254,NOMINAL,NORMAL,0,,99,14.5,4920,3051
1781443972.1857798,7,10,4.034,1.024,0.035,0.368,NOMINAL,NORMAL,0,,99,14.5,4920,3051
1781443972.3093019,7,10,3.0048,0.745,0.0228,0.249,NOMINAL,NORMAL,0,,71,13.0,4920,3051
1781443972.4346404,7,10,3.3659,0.998,0.0353,0.414,NOMINAL,NORMAL,0,,71,13.0,4920,3051
1781443972.5607631,7,10,3.9938,1.028,0.0351,0.38,NOMINAL,NORMAL,0,,71,13.0,4920,3051
1781443972.6834075,7,10,2.1159,0.948,0.0343,0.374,NOMINAL,NORMAL,0,,71,13.0,4920,3051
1781443972.810856,7,10,4.0429,1.044,0.0346,0.41,NOMINAL,NORMAL,0,,71,13.0,4920,3051
1781443972.9352863,7,10,3.9265,0.782,0.0351,0.271,NOMINAL,NORMAL,0,,71,13.0,4920,3051
1781443973.0607772,7,10,3.9546,1.283,0.0335,0.377,NOMINAL,NORMAL,0,,71,13.0,4920,3051
1781443973.1856923,7,10,4.0164,1.153,0.0325,0.338,NOMINAL,NORMAL,0,,71,13.0,4920,3051
1781443973.3094718,7,10,3.2723,0.985,0.0347,0.375,NOMINAL,NORMAL,0,,8,13.0,4880,3051
1781443973.4357276,7,10,3.9745,1.065,0.0359,0.375,NOMINAL,NORMAL,0,,8,13.0,4880,3051
1781443973.5607033,7,10,3.9885,1.014,0.0343,0.373,NOMINAL,NORMAL,0,,8,13.0,4880,3051
1781443973.6833665,7,10,2.0982,0.942,0.034,0.372,NOMINAL,NORMAL,0,,8,13.0,4880,3051
1781443973.810126,7,10,3.6728,0.806,0.0246,0.314,NOMINAL,NORMAL,0,,8,13.0,4880,3051
1781443973.934673,7,10,3.2455,0.753,0.0511,0.292,NOMINAL,NORMAL,0,,8,13.0,4880,3051
1781443974.0605416,7,10,3.9962,0.928,0.0326,0.354,NOMINAL,NORMAL,0,,8,13.0,4880,3051
1781443974.1857023,7,10,4.0067,0.962,0.0332,0.368,NOMINAL,NORMAL,0,,8,13.0,4880,3051
1781443974.3091853,7,10,3.1308,0.751,0.0216,0.241,NOMINAL,NORMAL,0,,8,13.0,4880,3051
1781443974.4350421,7,10,3.5709,1.038,0.0348,0.369,NOMINAL,NORMAL,0,,6,13.8,4920,3051
1781443974.5605264,7,10,4.1598,0.757,0.023,0.249,NOMINAL,NORMAL,0,,6,13.8,4920,3051
1781443974.683963,7,10,2.4105,0.867,0.0339,0.368,NOMINAL,NORMAL,0,,6,13.8,4920,3051
1781443974.8107517,7,10,4.0034,0.981,0.0334,0.421,NOMINAL,NORMAL,0,,6,13.8,4920,3051
1781443974.9342382,7,10,2.5012,0.988,0.0367,0.38,NOMINAL,NORMAL,0,,6,13.8,4920,3051
1781443975.0608778,7,10,4.001,1.045,0.0358,0.374,NOMINAL,NORMAL,0,,6,13.8,4920,3051
1781443975.1858373,7,10,4.0279,1.045,0.0361,0.378,NOMINAL,NORMAL,0,,6,13.8,4920,3051
1781443975.3096626,7,10,3.3558,0.749,0.0243,0.256,NOMINAL,NORMAL,0,,6,13.8,4920,3051
1781443975.4357579,7,10,3.9653,1.08,0.0364,0.373,NOMINAL,NORMAL,0,,0,13.2,4920,3051
1781443975.559799,7,10,3.4626,0.732,0.0232,0.25,NOMINAL,NORMAL,0,,0,13.2,4920,3051
1781443975.6858163,7,10,4.0049,1.049,0.0346,0.377,NOMINAL,NORMAL,0,,0,13.2,4920,3051
1781443975.8110583,7,10,3.9919,1.34,0.0342,0.38,NOMINAL,NORMAL,0,,0,13.2,4920,3051
1781443975.9340043,7,10,2.1652,1.236,0.0352,0.382,NOMINAL,NORMAL,0,,0,13.2,4920,3051
1781443976.0610657,7,10,3.9295,1.307,0.0367,0.386,NOMINAL,NORMAL,0,,0,13.2,4920,3051
1781443976.1859827,7,10,4.0053,1.25,0.0316,0.351,NOMINAL,NORMAL,0,,0,13.2,4920,3051
1781443976.3094516,7,10,2.8079,1.277,0.0348,0.372,NOMINAL,NORMAL,0,,0,13.2,4920,3051
1781443976.435753,7,10,3.9449,1.082,0.0354,0.37,NOMINAL,NORMAL,0,,0,13.2,4880,3051
1781443976.5592084,7,10,2.6842,0.828,0.0337,0.359,NOMINAL,NORMAL,0,,0,13.2,4880,3051
1781443976.686033,7,10,3.9975,1.299,0.0351,0.376,NOMINAL,NORMAL,0,,0,13.2,4880,3051
1781443976.81087,7,10,3.9736,1.041,0.081,0.503,NOMINAL,NORMAL,0,,0,13.2,4880,3051
1781443976.9346838,7,10,3.5046,0.809,0.0465,0.291,NOMINAL,NORMAL,0,,0,13.2,4880,3051
1781443977.0608842,7,10,3.9057,1.297,0.0337,0.402,NOMINAL,NORMAL,0,,0,13.2,4880,3051
1781443977.1852686,7,10,3.6622,0.989,0.0247,0.266,NOMINAL,NORMAL,0,,0,13.2,4880,3051
1781443977.308613,7,10,2.1483,0.879,0.0347,0.365,NOMINAL,NORMAL,0,,0,13.2,4880,3051
1781443977.4358618,7,10,3.9485,1.153,0.0342,0.376,NOMINAL,NORMAL,0,,0,13.3,4880,3051
1781443977.5591028,7,10,2.1744,1.229,0.0343,0.384,NOMINAL,NORMAL,0,,0,13.3,4880,3051
1781443977.6857786,7,10,3.9874,1.046,0.0353,0.375,NOMINAL,NORMAL,0,,0,13.3,4880,3051
1781443977.8106155,7,10,3.9025,0.979,0.0337,0.355,NOMINAL,NORMAL,0,,0,13.3,4880,3051
1781443977.9351828,7,10,3.605,1.115,0.0356,0.392,NOMINAL,NORMAL,0,,0,13.3,4880,3051
1781443978.0611703,7,10,3.9643,1.322,0.0351,0.378,NOMINAL,NORMAL,0,,0,13.3,4880,3051
1781443978.1846154,7,10,3.0249,0.979,0.023,0.261,NOMINAL,NORMAL,0,,0,13.3,4880,3051
1781443978.3106933,7,10,3.9369,1.001,0.0359,0.409,NOMINAL,NORMAL,0,,0,13.3,4880,3051
1781443978.4358056,7,10,3.9848,1.087,0.0353,0.372,NOMINAL,NORMAL,0,,0,13.8,4880,3052
1781443978.5583649,7,10,2.1189,0.878,0.0354,0.366,NOMINAL,NORMAL,0,,0,13.8,4880,3052
1781443978.6847997,7,10,3.0583,1.017,0.0233,0.344,NOMINAL,NORMAL,0,,0,13.8,4880,3052
1781443978.8103697,7,10,3.9023,0.807,0.0238,0.259,NOMINAL,NORMAL,0,,0,13.8,4880,3052
1781443978.935362,7,10,3.8478,1.069,0.0337,0.37,NOMINAL,NORMAL,0,,0,13.8,4880,3052
1781443979.0609472,7,10,4.0298,1.054,0.0365,0.376,NOMINAL,NORMAL,0,,0,13.8,4880,3052
1781443979.1838462,7,10,2.2344,0.883,0.0361,0.368,NOMINAL,NORMAL,0,,0,13.8,4880,3052
1781443979.3108587,7,10,3.9756,1.051,0.0374,0.428,NOMINAL,NORMAL,0,,0,13.8,4880,3052
1781443979.4360714,7,10,3.9698,1.361,0.0354,0.335,NOMINAL,NORMAL,0,,0,13.3,4920,3052
1781443979.5592432,7,10,3.0994,0.752,0.0222,0.248,NOMINAL,NORMAL,0,,0,13.3,4920,3052
1781443979.6856942,7,10,3.9944,0.988,0.034,0.362,NOMINAL,NORMAL,0,,0,13.3,4920,3052
1781443979.8094673,7,10,3.2052,0.7,0.0242,0.256,NOMINAL,NORMAL,0,,0,13.3,4920,3052
1781443979.9337249,7,10,2.1533,1.18,0.0351,0.378,NOMINAL,NORMAL,0,,0,13.3,4920,3052
1781443980.0612457,7,10,3.9771,1.368,0.0353,0.389,NOMINAL,NORMAL,0,,0,13.3,4920,3052
1781443980.1833768,7,10,2.0518,0.99,0.0354,0.391,NOMINAL,NORMAL,0,,0,13.3,4920,3052
1781443980.31056,7,10,3.9364,1.021,0.0348,0.411,NOMINAL,NORMAL,0,,0,13.3,4920,3052
1781443980.4335096,7,10,2.1318,0.9,0.0353,0.376,NOMINAL,NORMAL,0,,0,12.8,4920,3052
1781443980.5605524,7,10,4.0161,0.988,0.0347,0.376,NOMINAL,NORMAL,0,,0,12.8,4920,3052
1781443980.6856604,7,10,3.9338,1.018,0.0338,0.375,NOMINAL,NORMAL,0,,0,12.8,4920,3052
1781443980.8090088,7,10,2.4801,0.868,0.0336,0.365,NOMINAL,NORMAL,0,,0,12.8,4920,3052
1781443980.9357896,7,10,3.9142,1.12,0.0359,0.374,NOMINAL,NORMAL,0,,0,12.8,4920,3052
1781443981.0608962,7,10,3.9637,1.053,0.0351,0.376,NOMINAL,NORMAL,0,,0,12.8,4920,3052
1781443981.1832547,7,10,2.068,0.93,0.0353,0.376,NOMINAL,NORMAL,0,,0,12.8,4920,3052
1781443981.3107705,7,10,3.9921,1.028,0.0345,0.436,NOMINAL,NORMAL,0,,0,12.8,4920,3052
1781443981.4345512,7,10,3.3963,0.702,0.0235,0.273,NOMINAL,NORMAL,0,,3,13.5,4920,3052
1781443981.5605965,7,10,3.938,0.991,0.0336,0.374,NOMINAL,NORMAL,0,,3,13.5,4920,3052
1781443981.685725,7,10,3.9419,1.034,0.0341,0.376,NOMINAL,NORMAL,0,,3,13.5,4920,3052
1781443981.808431,7,10,2.1316,0.908,0.0349,0.379,NOMINAL,NORMAL,0,,3,13.5,4920,3052
1781443981.9357803,7,10,3.9375,1.105,0.0359,0.374,NOMINAL,NORMAL,0,,3,13.5,4920,3052
1781443982.0606344,7,10,4.0295,0.881,0.0233,0.253,NOMINAL,NORMAL,0,,3,13.5,4920,3052
1781443982.1842353,7,10,2.5602,0.948,0.0355,0.373,NOMINAL,NORMAL,0,,3,13.5,4920,3052
1781443982.3107822,7,10,3.9826,1.045,0.0776,0.426,NOMINAL,NORMAL,0,,3,13.5,4920,3052
1781443982.4339175,7,10,2.7572,0.738,0.0239,0.258,NOMINAL,NORMAL,0,,17,13.3,4920,3052
1781443982.558423,7,10,2.1058,0.919,0.0349,0.381,NOMINAL,NORMAL,0,,17,13.3,4920,3052
1781443982.6857128,7,10,3.9891,1.015,0.0354,0.367,NOMINAL,NORMAL,0,,17,13.3,4920,3052
1781443982.8092902,7,10,3.0303,0.728,0.0226,0.253,NOMINAL,NORMAL,0,,17,13.3,4920,3052
1781443982.93576,7,10,3.9616,1.068,0.0344,0.374,NOMINAL,NORMAL,0,,17,13.3,4920,3052
1781443983.0600176,7,10,3.5933,0.756,0.0229,0.257,NOMINAL,NORMAL,0,,17,13.3,4920,3052
1781443983.1855063,7,10,3.9006,1.003,0.0353,0.378,NOMINAL,NORMAL,0,,17,13.3,4920,3052
1781443983.3104975,7,10,3.9634,0.963,0.0338,0.368,NOMINAL,NORMAL,0,,17,13.3,4920,3052
1781443983.434404,7,10,2.6253,1.068,0.0356,0.376,NOMINAL,NORMAL,0,,99,13.2,4920,3052
1781443983.560926,7,10,4.1317,1.006,0.0354,0.38,NOMINAL,NORMAL,0,,99,13.2,4920,3052
1781443983.685688,7,10,4.0181,1.029,0.0261,0.293,NOMINAL,NORMAL,0,,99,13.2,4920,3052
1781443983.809421,7,10,2.8821,1.054,0.0345,0.379,NOMINAL,NORMAL,0,,99,13.2,4920,3052
1781443983.9358244,7,10,3.9788,1.089,0.0358,0.381,NOMINAL,NORMAL,0,,99,13.2,4920,3052
1781443984.0598786,7,10,3.0,1.046,0.0359,0.406,NOMINAL,NORMAL,0,,99,13.2,4920,3052
1781443984.1862996,7,10,3.9501,1.517,0.0338,0.451,NOMINAL,NORMAL,0,,99,13.2,4920,3052
1781443984.310954,7,10,3.9257,1.326,0.036,0.39,NOMINAL,NORMAL,0,,99,13.2,4920,3052
1781443984.4345872,7,10,3.3671,1.078,0.0227,0.282,NOMINAL,NORMAL,0,,99,13.3,4920,3052
1781443984.5586913,7,10,2.106,1.168,0.0339,0.426,NOMINAL,NORMAL,0,,99,13.3,4920,3052
1781443984.685223,7,10,3.825,0.792,0.0245,0.264,NOMINAL,NORMAL,0,,99,13.3,4920,3052
1781443984.8085904,7,10,2.1688,0.891,0.0359,0.377,NOMINAL,NORMAL,0,,99,13.3,4920,3052
1781443984.9343388,7,10,2.7328,1.07,0.0336,0.364,NOMINAL,NORMAL,0,,99,13.3,4920,3052
1781443985.0589454,7,10,2.1639,0.979,0.0349,0.378,NOMINAL,NORMAL,0,,99,13.3,4920,3052
1781443985.183777,7,10,2.1433,1.194,0.0346,0.379,NOMINAL,NORMAL,0,,99,13.3,4920,3052
1781443985.311132,7,10,4.0211,1.438,0.0254,0.293,NOMINAL,NORMAL,0,,99,13.3,4920,3052
1781443985.4350965,7,10,3.6445,1.055,0.0342,0.364,NOMINAL,NORMAL,0,,99,14.2,4960,3053
1781443985.5608084,7,10,3.9956,1.003,0.0329,0.367,NOMINAL,NORMAL,0,,99,14.2,4960,3053
1781443985.6843843,7,10,3.0668,0.731,0.0223,0.253,NOMINAL,NORMAL,0,,99,14.2,4960,3053
1781443985.8090594,7,10,2.7196,0.975,0.0316,0.354,NOMINAL,NORMAL,0,,99,14.2,4960,3053
1781443985.93586,7,10,4.0169,1.085,0.0337,0.366,NOMINAL,NORMAL,0,,99,14.2,4960,3053
1781443986.0584176,7,10,2.1211,0.891,0.0338,0.363,NOMINAL,NORMAL,0,,99,14.2,4960,3053
1781443986.185876,7,10,4.032,1.04,0.0362,0.384,NOMINAL,NORMAL,0,,99,14.2,4960,3053
1781443986.3103542,7,10,4.0161,0.74,0.0233,0.244,NOMINAL,NORMAL,0,,99,14.2,4960,3053
1781443986.4338708,7,10,2.2003,1.023,0.0331,0.374,NOMINAL,NORMAL,0,,99,12.8,4920,3053
1781443986.5610445,7,10,3.9791,0.99,0.0342,0.377,NOMINAL,NORMAL,0,,99,12.8,4920,3053
1781443986.6841083,7,10,2.4495,0.888,0.0353,0.372,NOMINAL,NORMAL,0,,99,12.8,4920,3053
1781443986.8108757,7,10,4.0957,0.989,0.033,0.414,NOMINAL,NORMAL,0,,99,12.8,4920,3053
1781443986.9358587,7,10,3.9635,1.089,0.0359,0.386,NOMINAL,NORMAL,0,,99,12.8,4920,3053
1781443987.0594954,7,10,3.2198,0.774,0.0251,0.255,NOMINAL,NORMAL,0,,99,12.8,4920,3053
1781443987.1859188,7,10,4.0436,1.038,0.0365,0.376,NOMINAL,NORMAL,0,,99,12.8,4920,3053
1781443987.3111126,7,10,4.0103,1.078,0.0361,0.373,NOMINAL,NORMAL,0,,99,12.8,4920,3053
1781443987.4338508,7,10,2.1796,1.202,0.0355,0.379,NOMINAL,NORMAL,0,,99,13.3,4920,3053
1781443987.5608163,7,10,4.024,0.99,0.0331,0.357,NOMINAL,NORMAL,0,,99,13.3,4920,3053
1781443987.6858234,7,10,4.1067,1.051,0.0224,0.284,NOMINAL,NORMAL,0,,99,13.3,4920,3053
1781443987.811206,7,10,4.092,1.337,0.0367,0.391,NOMINAL,NORMAL,0,,99,13.3,4920,3053
1781443987.9355807,7,10,4.0158,0.907,0.0252,0.259,NOMINAL,NORMAL,0,,99,13.3,4920,3053
1781443988.0606241,7,10,3.9969,1.024,0.0348,0.364,NOMINAL,NORMAL,0,,99,13.3,4920,3053
1781443988.1854355,7,10,3.7431,0.95,0.032,0.337,NOMINAL,NORMAL,0,,99,13.3,4920,3053
1781443988.3091877,7,10,2.6179,0.872,0.0345,0.372,NOMINAL,NORMAL,0,,99,13.3,4920,3053
1781443988.4356506,7,10,3.7722,1.045,0.0333,0.368,NOMINAL,NORMAL,0,,99,13.7,4880,3053
1781443988.5607853,7,10,3.9924,1.003,0.0347,0.364,NOMINAL,NORMAL,0,,99,13.7,4880,3053
1781443988.6837592,7,10,2.1505,1.213,0.0334,0.382,NOMINAL,NORMAL,0,,99,13.7,4880,3053
1781443988.8109522,7,10,4.0085,1.109,0.0373,0.393,NOMINAL,NORMAL,0,,99,13.7,4880,3053
1781443988.9349885,7,10,3.5723,0.786,0.0251,0.264,NOMINAL,NORMAL,0,,99,13.7,4880,3053
1781443989.0605855,7,10,3.9991,0.993,0.0357,0.37,NOMINAL,NORMAL,0,,99,13.7,4880,3053
1781443989.185911,7,10,4.0186,1.057,0.0361,0.402,NOMINAL,NORMAL,0,,99,13.7,4880,3053
1781443989.308664,7,10,2.1591,0.892,0.035,0.37,NOMINAL,NORMAL,0,,99,13.7,4880,3053
1781443989.4343724,7,10,2.4928,1.08,0.035,0.384,NOMINAL,NORMAL,0,,60,12.5,4920,3053
1781443989.5609665,7,10,4.2097,0.806,0.0219,0.254,NOMINAL,NORMAL,0,,60,12.5,4920,3053
1781443989.6844025,7,10,2.5208,0.876,0.0343,0.374,NOMINAL,NORMAL,0,,60,12.5,4920,3053
1781443989.811313,7,10,3.9999,1.302,0.034,0.371,NOMINAL,NORMAL,0,,60,12.5,4920,3053
1781443989.9346094,7,10,2.8002,0.904,0.0353,0.453,NOMINAL,NORMAL,0,,60,12.5,4920,3053
1781443990.0609996,7,10,4.0162,1.064,0.0352,0.385,NOMINAL,NORMAL,0,,60,12.5,4920,3053
1781443990.185745,7,10,3.9491,0.997,0.0338,0.366,NOMINAL,NORMAL,0,,60,12.5,4920,3053
1781443990.310052,7,10,3.6338,0.777,0.0235,0.256,NOMINAL,NORMAL,0,,60,12.5,4920,3053
1781443990.4360974,7,10,4.0009,1.298,0.0345,0.383,NOMINAL,NORMAL,0,,75,13.7,4920,3053
1781443990.5603118,7,10,3.7285,0.929,0.022,0.256,NOMINAL,NORMAL,0,,75,13.7,4920,3053
1781443990.686077,7,10,3.9828,1.266,0.0341,0.39,NOMINAL,NORMAL,0,,75,13.7,4920,3053
1781443990.8107994,7,10,3.9752,1.014,0.085,0.429,NOMINAL,NORMAL,0,,75,13.7,4920,3053
1781443990.9340448,7,10,2.2073,1.148,0.0352,0.363,NOMINAL,NORMAL,0,,75,13.7,4920,3053
1781443991.0607686,7,10,3.9691,1.008,0.0346,0.365,NOMINAL,NORMAL,0,,75,13.7,4920,3053
1781443991.1855564,7,10,3.9306,1.004,0.0339,0.375,NOMINAL,NORMAL,0,,75,13.7,4920,3053
1781443991.3092723,7,10,2.7238,1.057,0.0355,0.383,NOMINAL,NORMAL,0,,75,13.7,4920,3053
1781443991.4358497,7,10,3.9683,1.077,0.0362,0.374,NOMINAL,NORMAL,0,,73,13.2,4920,3053
1781443991.5593855,7,10,2.9735,0.777,0.0239,0.255,NOMINAL,NORMAL,0,,73,13.2,4920,3053
1781443991.6858754,7,10,4.026,1.038,0.0346,0.378,NOMINAL,NORMAL,0,,73,13.2,4920,3053
1781443991.8108122,7,10,3.9684,1.01,0.0403,0.436,NOMINAL,NORMAL,0,,73,13.2,4920,3053
1781443991.9335148,7,10,2.1953,0.891,0.0353,0.371,NOMINAL,NORMAL,0,,73,13.2,4920,3053
1781443992.0608091,7,10,3.9769,0.996,0.0347,0.365,NOMINAL,NORMAL,0,,73,13.2,4920,3053
1781443992.1852925,7,10,3.9708,0.769,0.023,0.251,NOMINAL,NORMAL,0,,73,13.2,4920,3053
1781443992.3089728,7,10,2.2696,0.928,0.036,0.389,NOMINAL,NORMAL,0,,73,13.2,4920,3053
1781443992.435632,7,10,3.7926,0.804,0.0236,0.28,NOMINAL,NORMAL,0,,7,12.7,4920,3053
1781443992.5591033,7,10,2.2962,0.997,0.0351,0.395,NOMINAL,NORMAL,0,,7,12.7,4920,3053
1781443992.6834548,7,10,2.1377,0.893,0.0342,0.37,NOMINAL,NORMAL,0,,7,12.7,4920,3053
1781443992.8111591,7,10,3.9521,1.049,0.0353,0.503,NOMINAL,NORMAL,0,,7,12.7,4920,3053
1781443992.9355323,7,10,3.7895,1.043,0.0363,0.381,NOMINAL,NORMAL,0,,7,12.7,4920,3053
1781443993.0608828,7,10,3.9868,1.021,0.0355,0.376,NOMINAL,NORMAL,0,,7,12.7,4920,3053
1781443993.1846492,7,10,3.275,0.747,0.0252,0.252,NOMINAL,NORMAL,0,,7,12.7,4920,3053
1781443993.3109305,7,10,4.0451,1.08,0.0352,0.383,NOMINAL,NORMAL,0,,7,12.7,4920,3053
1781443993.4350338,7,10,3.2549,1.06,0.0344,0.382,NOMINAL,NORMAL,0,,7,12.7,4920,3053
1781443993.5585337,7,10,2.1252,0.886,0.0354,0.393,NOMINAL,NORMAL,0,,8,13.2,4920,3053
1781443993.686091,7,10,3.9618,1.034,0.0345,0.382,NOMINAL,NORMAL,0,,8,13.2,4920,3053
1781443993.8105724,7,10,3.9951,0.861,0.0217,0.272,NOMINAL,NORMAL,0,,8,13.2,4920,3053
1781443993.9356384,7,10,3.9764,1.056,0.0345,0.369,NOMINAL,NORMAL,0,,8,13.2,4920,3053
1781443994.061068,7,10,4.0205,0.997,0.0352,0.368,NOMINAL,NORMAL,0,,8,13.2,4920,3053
1781443994.184227,7,10,2.5436,0.921,0.0346,0.369,NOMINAL,NORMAL,0,,8,13.2,4920,3053
1781443994.3094213,7,10,2.8574,1.069,0.0362,0.381,NOMINAL,NORMAL,0,,8,13.2,4920,3053
1781443994.435731,7,10,4.0891,0.954,0.0252,0.263,NOMINAL,NORMAL,0,,8,13.2,4920,3053
1781443994.5586362,7,10,2.1357,1.076,0.0345,0.409,NOMINAL,NORMAL,0,,7,12.8,4920,3053
1781443994.685786,7,10,3.9713,1.024,0.0357,0.373,NOMINAL,NORMAL,0,,7,12.8,4920,3053
1781443994.809736,7,10,3.3341,0.999,0.035,0.37,NOMINAL,NORMAL,0,,7,12.8,4920,3053
1781443994.9339612,7,10,2.3077,1.044,0.0348,0.384,NOMINAL,NORMAL,0,,7,12.8,4920,3053
1781443995.0607708,7,10,3.9567,1.01,0.0358,0.374,NOMINAL,NORMAL,0,,7,12.8,4920,3053
1781443995.1836932,7,10,2.1553,0.942,0.0346,0.372,NOMINAL,NORMAL,0,,7,12.8,4920,3053
1781443995.3107932,7,10,4.0383,1.005,0.0347,0.4,NOMINAL,NORMAL,0,,7,12.8,4920,3053
1781443995.4357266,7,10,3.965,1.08,0.0253,0.263,NOMINAL,NORMAL,0,,7,12.8,4920,3053
1781443995.5609946,7,10,4.3884,0.99,0.0329,0.363,NOMINAL,NORMAL,0,,0,12.8,4880,3053
1781443995.6857207,7,10,3.9709,0.994,0.0336,0.361,NOMINAL,NORMAL,0,,0,12.8,4880,3053
1781443995.8090816,7,10,2.7814,0.69,0.0212,0.274,NOMINAL,NORMAL,0,,0,12.8,4880,3053
1781443995.9358284,7,10,4.0256,1.038,0.0358,0.358,NOMINAL,NORMAL,0,,0,12.8,4880,3053
1781443996.060763,7,10,3.9297,1.02,0.0369,0.38,NOMINAL,NORMAL,0,,0,12.8,4880,3053
1781443996.1836505,7,10,2.1328,0.904,0.0421,0.56,NOMINAL,NORMAL,0,,0,12.8,4880,3053
1781443996.3089426,7,10,2.3798,0.853,0.0355,0.389,NOMINAL,NORMAL,0,,0,12.8,4880,3053
1781443996.435114,7,10,3.6711,0.777,0.0239,0.264,NOMINAL,NORMAL,0,,0,12.8,4880,3053
1781443996.5609102,7,10,3.9615,1.009,0.0353,0.374,NOMINAL,NORMAL,0,,0,13.0,4880,3053
1781443996.6861339,7,10,4.0276,1.026,0.0346,0.382,NOMINAL,NORMAL,0,,0,13.0,4880,3053
1781443996.8089414,7,10,2.1859,0.867,0.0339,0.373,NOMINAL,NORMAL,0,,0,13.0,4880,3053
1781443996.936089,7,10,3.9838,0.994,0.0357,0.376,NOMINAL,NORMAL,0,,0,13.0,4880,3053
1781443997.0609386,7,10,4.0565,1.065,0.0234,0.255,NOMINAL,NORMAL,0,,0,13.0,4880,3053
1781443997.183503,7,10,2.2271,0.989,0.0336,0.371,NOMINAL,NORMAL,0,,0,13.0,4880,3053
1781443997.3108077,7,10,4.0098,1.039,0.0393,0.433,NOMINAL,NORMAL,0,,0,13.0,4880,3053
1781443997.4343271,7,10,2.9855,0.747,0.0233,0.256,NOMINAL,NORMAL,0,,0,13.0,4880,3053
1781443997.558396,7,10,2.1345,0.885,0.0353,0.369,NOMINAL,NORMAL,0,,0,12.5,4920,3053
1781443997.6858077,7,10,4.0601,1.014,0.034,0.366,NOMINAL,NORMAL,0,,0,12.5,4920,3053
1781443997.808711,7,10,2.4919,0.973,0.0347,0.372,NOMINAL,NORMAL,0,,0,12.5,4920,3053
1781443997.9350746,7,10,3.6363,1.047,0.0351,0.371,NOMINAL,NORMAL,0,,0,12.5,4920,3053
1781443998.0601776,7,10,3.9528,0.745,0.0231,0.248,NOMINAL,NORMAL,0,,0,12.5,4920,3053
1781443998.1855261,7,10,3.9897,0.988,0.0344,0.371,NOMINAL,NORMAL,0,,0,12.5,4920,3053
1781443998.3105087,7,10,3.995,0.949,0.0335,0.359,NOMINAL,NORMAL,0,,0,12.5,4920,3053
1781443998.4339814,7,10,2.344,0.91,0.0343,0.389,NOMINAL,NORMAL,0,,0,12.5,4920,3053
1781443998.560761,7,10,4.0064,1.006,0.0342,0.368,NOMINAL,NORMAL,0,,0,12.7,4888,3053
1781443998.686073,7,10,4.0537,1.304,0.0334,0.347,NOMINAL,NORMAL,0,,0,12.7,4888,3053
1781443998.809321,7,10,2.834,1.04,0.0375,0.382,NOMINAL,NORMAL,0,,0,12.7,4888,3053
1781443998.9358096,7,10,4.0341,1.047,0.0333,0.358,NOMINAL,NORMAL,0,,0,12.7,4888,3053
1781443999.0594234,7,10,2.6995,0.97,0.0369,0.397,NOMINAL,NORMAL,0,,0,12.7,4888,3053
1781443999.1860104,7,10,4.0464,1.235,0.0332,0.37,NOMINAL,NORMAL,0,,0,12.7,4888,3053
1781443999.3103244,7,10,4.0199,0.721,0.0223,0.242,NOMINAL,NORMAL,0,,0,12.7,4888,3053
1781443999.4338577,7,10,2.3538,1.024,0.0353,0.374,NOMINAL,NORMAL,0,,0,12.7,4888,3053
1781443999.5610933,7,10,4.0783,1.253,0.0343,0.378,NOMINAL,NORMAL,0,,0,14.0,4880,3053
1781443999.6854463,7,10,4.0131,0.801,0.0243,0.255,NOMINAL,NORMAL,0,,0,14.0,4880,3053
1781443999.8092515,7,10,2.4529,1.124,0.0346,0.387,NOMINAL,NORMAL,0,,0,14.0,4880,3053
1781443999.936107,7,10,4.002,1.319,0.0365,0.374,NOMINAL,NORMAL,0,,0,14.0,4880,3053
1781444000.0593283,7,10,2.4205,1.153,0.0364,0.382,NOMINAL,NORMAL,0,,0,14.0,4880,3053
1781444000.1836405,7,10,2.1433,1.133,0.0347,0.381,NOMINAL,NORMAL,0,,0,14.0,4880,3053
1781444000.3108373,7,10,4.0542,1.018,0.0343,0.415,NOMINAL,NORMAL,0,,0,14.0,4880,3053
1781444000.434232,7,10,3.277,0.718,0.0221,0.247,NOMINAL,NORMAL,0,,0,14.0,4880,3053
1781444000.558571,7,10,2.1829,0.908,0.0342,0.411,NOMINAL,NORMAL,0,,0,12.5,4920,3053
1781444000.684678,7,10,3.4803,0.726,0.0228,0.25,NOMINAL,NORMAL,0,,0,12.5,4920,3053
1781444000.8105845,7,10,3.9908,0.974,0.0348,0.425,NOMINAL,NORMAL,0,,0,12.5,4920,3053
1781444000.934277,7,10,2.6094,0.935,0.036,0.387,NOMINAL,NORMAL,0,,0,12.5,4920,3053
1781444001.0588987,7,10,2.3279,1.001,0.0358,0.444,NOMINAL,NORMAL,0,,0,12.5,4920,3053
1781444001.1855702,7,10,3.8398,1.178,0.0309,0.365,NOMINAL,NORMAL,0,,0,12.5,4920,3053
1781444001.3106537,7,10,4.0452,1.113,0.0233,0.279,NOMINAL,NORMAL,0,,0,12.5,4920,3053
1781444001.4350963,7,10,3.5006,1.302,0.0353,0.383,NOMINAL,NORMAL,0,,0,12.5,4920,3053
1781444001.5608866,7,10,4.0524,1.014,0.0339,0.375,NOMINAL,NORMAL,0,,80,13.8,4880,3053
1781444001.6841834,7,10,2.7945,0.954,0.0232,0.273,NOMINAL,NORMAL,0,,80,13.8,4880,3053
1781444001.8110306,7,10,4.0541,1.305,0.0345,0.384,NOMINAL,NORMAL,0,,80,13.8,4880,3053
1781444001.935959,7,10,3.9984,1.304,0.0348,0.379,NOMINAL,NORMAL,0,,80,13.8,4880,3053
1781444002.059232,7,10,2.5185,1.286,0.0341,0.377,NOMINAL,NORMAL,0,,80,13.8,4880,3053
1781444002.1858468,7,10,4.0053,1.065,0.0366,0.391,NOMINAL,NORMAL,0,,80,13.8,4880,3053
1781444002.3099508,7,10,3.681,0.724,0.0235,0.258,NOMINAL,NORMAL,0,,80,13.8,4880,3053
1781444002.4336855,7,10,2.2194,0.91,0.0359,0.388,NOMINAL,NORMAL,0,,80,13.8,4880,3053
1781444002.5608718,7,10,4.0087,1.021,0.0347,0.381,NOMINAL,NORMAL,0,,76,13.0,4920,3053
1781444002.6838212,7,10,2.1636,0.972,0.0357,0.375,NOMINAL,NORMAL,0,,76,13.0,4920,3053
1781444002.8087575,7,10,2.503,1.001,0.0355,0.38,NOMINAL,NORMAL,0,,76,13.0,4920,3053
1781444002.935784,7,10,4.0417,1.077,0.0274,0.3,NOMINAL,NORMAL,0,,76,13.0,4920,3053
1781444003.0589964,7,10,2.8691,0.781,0.0231,0.299,NOMINAL,NORMAL,0,,76,13.0,4920,3053
1781444003.185678,7,10,4.0753,1.019,0.0361,0.386,NOMINAL,NORMAL,0,,76,13.0,4920,3053
1781444003.3087714,7,10,2.4016,0.877,0.0358,0.383,NOMINAL,NORMAL,0,,76,13.0,4920,3053
1781444003.4359555,7,10,4.0072,1.286,0.0354,0.38,NOMINAL,NORMAL,0,,76,13.0,4920,3053
1781444003.5609086,7,10,4.0102,1.063,0.0341,0.382,NOMINAL,NORMAL,0,,65,13.0,4880,3053
1781444003.683532,7,10,2.1384,1.164,0.036,0.379,NOMINAL,NORMAL,0,,65,13.0,4880,3053
1781444003.8107374,7,10,3.7101,1.284,0.0358,0.434,NOMINAL,NORMAL,0,,65,13.0,4880,3053
1781444003.9352732,7,10,3.8502,0.793,0.0241,0.258,NOMINAL,NORMAL,0,,65,13.0,4880,3053
1781444004.060455,7,10,3.8423,1.302,0.0361,0.388,NOMINAL,NORMAL,0,,65,13.0,4880,3053
1781444004.1856444,7,10,4.0151,1.027,0.0358,0.39,NOMINAL,NORMAL,0,,65,13.0,4880,3053
1781444004.3089004,7,10,2.3521,1.108,0.0346,0.374,NOMINAL,NORMAL,0,,65,13.0,4880,3053
1781444004.4355614,7,10,3.9801,1.024,0.0537,0.402,NOMINAL,NORMAL,0,,65,13.0,4880,3053
1781444004.5611029,7,10,4.2373,1.056,0.0267,0.303,NOMINAL,NORMAL,0,,99,13.5,4920,3053
1781444004.6837306,7,10,2.1686,1.113,0.0348,0.381,NOMINAL,NORMAL,0,,99,13.5,4920,3053
1781444004.8108344,7,10,4.0539,1.019,0.037,0.427,NOMINAL,NORMAL,0,,99,13.5,4920,3053
1781444004.9348977,7,10,3.1757,0.998,0.0353,0.427,NOMINAL,NORMAL,0,,99,13.5,4920,3053
1781444005.0584636,7,10,2.1447,0.908,0.0352,0.378,NOMINAL,NORMAL,0,,99,13.5,4920,3053
1781444005.1860898,7,10,4.0355,1.299,0.0357,0.389,NOMINAL,NORMAL,0,,99,13.5,4920,3053
1781444005.3084202,7,10,2.1955,0.887,0.0348,0.374,NOMINAL,NORMAL,0,,99,13.5,4920,3053
1781444005.4352784,7,10,3.6049,1.326,0.034,0.372,NOMINAL,NORMAL,0,,99,13.5,4920,3053
1781444005.5605645,7,10,4.0359,0.813,0.0228,0.305,NOMINAL,NORMAL,0,,99,13.7,4880,3053
1781444005.6843278,7,10,2.4263,1.083,0.0342,0.376,NOMINAL,NORMAL,0,,99,13.7,4880,3053
1781444005.8106024,7,10,3.978,1.009,0.0351,0.411,NOMINAL,NORMAL,0,,99,13.7,4880,3053
1781444005.9343872,7,10,2.4468,1.186,0.0354,0.387,NOMINAL,NORMAL,0,,99,13.7,4880,3053
1781444006.0607018,7,10,4.0295,1.001,0.0358,0.374,NOMINAL,NORMAL,0,,99,13.7,4880,3053
1781444006.1855948,7,10,4.0345,0.97,0.0356,0.398,NOMINAL,NORMAL,0,,99,13.7,4880,3053
1781444006.3087058,7,10,2.4522,0.985,0.0359,0.38,NOMINAL,NORMAL,0,,99,13.7,4880,3053
1781444006.4354908,7,10,3.9836,1.005,0.0339,0.37,NOMINAL,NORMAL,0,,99,13.7,4880,3053
1781444006.5596387,7,10,3.3098,0.737,0.0236,0.249,NOMINAL,NORMAL,0,,99,14.0,4880,3053
1781444006.6861506,7,10,4.0286,1.318,0.0366,0.391,NOMINAL,NORMAL,0,,99,14.0,4880,3053
1781444006.810845,7,10,4.0173,1.209,0.0387,0.458,NOMINAL,NORMAL,0,,99,14.0,4880,3053
1781444006.9337652,7,10,2.2029,0.962,0.0351,0.386,NOMINAL,NORMAL,0,,99,14.0,4880,3053
1781444007.0612202,7,10,4.0995,1.321,0.0346,0.383,NOMINAL,NORMAL,0,,99,14.0,4880,3053
1781444007.1856365,7,10,4.094,0.878,0.0237,0.264,NOMINAL,NORMAL,0,,99,14.0,4880,3053
1781444007.309832,7,10,3.1964,1.282,0.0349,0.37,NOMINAL,NORMAL,0,,99,14.0,4880,3053
1781444007.4358115,7,10,4.016,1.075,0.033,0.37,NOMINAL,NORMAL,0,,99,14.0,4880,3053
1781444007.5591629,7,10,2.545,0.837,0.0335,0.41,NOMINAL,NORMAL,0,,99,14.2,4920,3053
1781444007.6835365,7,10,2.1845,0.94,0.0354,0.373,NOMINAL,NORMAL,0,,99,14.2,4920,3053
1781444007.8107839,7,10,3.8025,1.261,0.0757,0.432,NOMINAL,NORMAL,0,,99,14.2,4920,3053
1781444007.9349952,7,10,3.4766,0.989,0.0229,0.264,NOMINAL,NORMAL,0,,99,14.2,4920,3053
1781444008.0606146,7,10,4.0381,1.007,0.0335,0.372,NOMINAL,NORMAL,0,,99,14.2,4920,3053
1781444008.185209,7,10,3.6435,0.996,0.0262,0.276,NOMINAL,NORMAL,0,,99,14.2,4920,3053
1781444008.308591,7,10,2.1965,0.911,0.0357,0.388,NOMINAL,NORMAL,0,,99,14.2,4920,3053
1781444008.4360332,7,10,4.0509,1.276,0.0352,0.376,NOMINAL,NORMAL,0,,99,14.2,4920,3053
1781444008.5590267,7,10,2.1981,1.192,0.0368,0.388,NOMINAL,NORMAL,0,,99,12.2,4920,3054
1781444008.684434,7,10,2.6837,0.972,0.0361,0.391,NOMINAL,NORMAL,0,,99,12.2,4920,3054
1781444008.8105853,7,10,3.593,1.211,0.0363,0.459,NOMINAL,NORMAL,0,,99,12.2,4920,3054
1781444008.9356768,7,10,3.8336,1.215,0.0368,0.431,NOMINAL,NORMAL,0,,99,12.2,4920,3054
1781444009.0610259,7,10,4.0277,1.051,0.034,0.404,NOMINAL,NORMAL,0,,99,12.2,4920,3054
1781444009.1842542,7,10,2.8695,0.72,0.0213,0.289,NOMINAL,NORMAL,0,,99,12.2,4920,3054
1781444009.30917,7,10,2.7871,0.979,0.032,0.399,NOMINAL,NORMAL,0,,99,12.2,4920,3054
1781444009.4354672,7,10,3.9826,0.947,0.0308,0.386,NOMINAL,NORMAL,0,,99,12.2,4920,3054
1781444009.5585182,7,10,2.1621,0.89,0.0334,0.395,NOMINAL,NORMAL,0,,99,13.5,4960,3054
1781444009.6858408,7,10,4.0562,0.992,0.0325,0.397,NOMINAL,NORMAL,0,,99,13.5,4960,3054
1781444009.8099291,7,10,3.8925,0.649,0.0206,0.264,NOMINAL,NORMAL,0,,99,13.5,4960,3054
1781444009.9354465,7,10,4.0077,1.006,0.0324,0.391,NOMINAL,NORMAL,0,,99,13.5,4960,3054
1781444010.0607157,7,10,4.0752,0.979,0.0321,0.388,NOMINAL,NORMAL,0,,99,13.5,4960,3054
1781444010.1835704,7,10,2.1999,0.823,0.0303,0.382,NOMINAL,NORMAL,0,,99,13.5,4960,3054
1781444010.308519,7,10,2.4515,0.878,0.0315,0.37,NOMINAL,NORMAL,0,,99,13.5,4960,3054
1781444010.4354377,7,10,3.9708,0.945,0.0315,0.381,NOMINAL,NORMAL,0,,99,13.5,4960,3054
1781444010.5594006,7,10,2.8618,0.767,0.0327,0.393,NOMINAL,NORMAL,0,,28,13.7,4920,3054
1781444010.6859,7,10,4.1005,0.971,0.0315,0.396,NOMINAL,NORMAL,0,,28,13.7,4920,3054
1781444010.8092396,7,10,3.0868,0.602,0.0199,0.242,NOMINAL,NORMAL,0,,28,13.7,4920,3054
1781444010.9358478,7,10,4.0142,1.007,0.0317,0.388,NOMINAL,NORMAL,0,,28,13.7,4920,3054
1781444011.0608387,7,10,3.9907,0.983,0.0328,0.396,NOMINAL,NORMAL,0,,28,13.7,4920,3054
1781444011.1834552,7,10,2.1645,0.877,0.0323,0.368,NOMINAL,NORMAL,0,,28,13.7,4920,3054
1781444011.3108025,7,10,4.047,0.987,0.0832,0.427,NOMINAL,NORMAL,0,,28,13.7,4920,3054
1781444011.43538,7,10,4.003,0.78,0.0237,0.253,NOMINAL,NORMAL,0,,28,13.7,4920,3054
1781444011.558958,7,10,2.2715,0.938,0.0347,0.373,NOMINAL,NORMAL,0,,0,13.7,4880,3054
1781444011.6846046,7,10,3.2375,0.743,0.0237,0.251,NOMINAL,NORMAL,0,,0,13.7,4880,3054
1781444011.8091187,7,10,2.4713,0.925,0.0345,0.378,NOMINAL,NORMAL,0,,0,13.7,4880,3054
1781444011.9358501,7,10,4.0335,1.051,0.0342,0.377,NOMINAL,NORMAL,0,,0,13.7,4880,3054
1781444012.0609505,7,10,4.0986,0.998,0.0356,0.394,NOMINAL,NORMAL,0,,0,13.7,4880,3054
1781444012.1834555,7,10,2.1912,0.909,0.0335,0.362,NOMINAL,NORMAL,0,,0,13.7,4880,3054
1781444012.3109186,7,10,4.1229,0.994,0.037,0.445,NOMINAL,NORMAL,0,,0,13.7,4880,3054
1781444012.4347181,7,10,3.3358,0.724,0.0242,0.297,NOMINAL,NORMAL,0,,0,13.7,4880,3054
1781444012.5592146,7,10,2.6276,0.868,0.0336,0.376,NOMINAL,NORMAL,0,,0,13.7,4880,3054
1781444012.6858892,7,10,4.104,0.998,0.0354,0.382,NOMINAL,NORMAL,0,,0,13.0,4880,3054
1781444012.809381,7,10,2.8672,1.026,0.0361,0.374,NOMINAL,NORMAL,0,,0,13.0,4880,3054
1781444012.9359105,7,10,4.0601,1.065,0.0351,0.392,NOMINAL,NORMAL,0,,0,13.0,4880,3054
1781444013.0605223,7,10,4.0397,0.778,0.0228,0.252,NOMINAL,NORMAL,0,,0,13.0,4880,3054
1781444013.1840417,7,10,2.4653,0.87,0.0345,0.37,NOMINAL,NORMAL,0,,0,13.0,4880,3054
1781444013.3107538,7,10,4.0156,0.964,0.0352,0.421,NOMINAL,NORMAL,0,,0,13.0,4880,3054
1781444013.4341342,7,10,2.5859,0.851,0.0343,0.359,NOMINAL,NORMAL,0,,0,13.0,4880,3054
1781444013.5607736,7,10,4.118,0.997,0.0364,0.378,NOMINAL,NORMAL,0,,0,13.0,4880,3054
1781444013.6859026,7,10,4.0587,1.039,0.0337,0.391,NOMINAL,NORMAL,0,,14,13.5,4920,3054
1781444013.8099544,7,10,3.3832,0.942,0.0296,0.318,NOMINAL,NORMAL,0,,14,13.5,4920,3054
1781444013.9358594,7,10,4.0812,1.03,0.0343,0.365,NOMINAL,NORMAL,0,,14,13.5,4920,3054
1781444014.0598903,7,10,3.522,0.716,0.0224,0.245,NOMINAL,NORMAL,0,,14,13.5,4920,3054
1781444014.1858778,7,10,4.0572,1.015,0.0348,0.383,NOMINAL,NORMAL,0,,14,13.5,4920,3054
1781444014.3107395,7,10,4.0397,0.959,0.035,0.426,NOMINAL,NORMAL,0,,14,13.5,4920,3054
1781444014.4336767,7,10,2.156,0.907,0.0243,0.253,NOMINAL,NORMAL,0,,14,13.5,4920,3054
1781444014.561036,7,10,3.948,0.993,0.0345,0.368,NOMINAL,NORMAL,0,,14,13.5,4920,3054
1781444014.6848774,7,10,3.3698,0.789,0.0233,0.304,NOMINAL,NORMAL,0,,0,12.7,4880,3054
1781444014.8092551,7,10,2.6903,0.858,0.0334,0.379,NOMINAL,NORMAL,0,,0,12.7,4880,3054
1781444014.935616,7,10,3.8285,1.007,0.0344,0.375,NOMINAL,NORMAL,0,,0,12.7,4880,3054
1781444015.059438,7,10,2.5888,0.851,0.0325,0.366,NOMINAL,NORMAL,0,,0,12.7,4880,3054
1781444015.185868,7,10,4.0837,0.998,0.0337,0.371,NOMINAL,NORMAL,0,,0,12.7,4880,3054
1781444015.310786,7,10,4.0765,0.923,0.0316,0.385,NOMINAL,NORMAL,0,,0,12.7,4880,3054
1781444015.434592,7,10,3.5468,0.739,0.0224,0.275,NOMINAL,NORMAL,0,,0,12.7,4880,3054
1781444015.5607414,7,10,4.005,0.988,0.0361,0.382,NOMINAL,NORMAL,0,,0,12.7,4880,3054
1781444015.6850884,7,10,3.7436,0.728,0.0215,0.253,NOMINAL,NORMAL,0,,0,13.3,4880,3054
1781444015.8087847,7,10,2.1711,0.989,0.0341,0.376,NOMINAL,NORMAL,0,,0,13.3,4880,3054
1781444015.935798,7,10,4.0381,1.055,0.0342,0.37,NOMINAL,NORMAL,0,,0,13.3,4880,3054
1781444016.0589032,7,10,2.1917,0.906,0.0358,0.431,NOMINAL,NORMAL,0,,0,13.3,4880,3054
1781444016.1858492,7,10,4.0268,1.014,0.0352,0.384,NOMINAL,NORMAL,0,,0,13.3,4880,3054
1781444016.3107285,7,10,4.0058,0.985,0.0763,0.367,NOMINAL,NORMAL,0,,0,13.3,4880,3054
1781444016.4340339,7,10,2.9466,0.685,0.0229,0.246,NOMINAL,NORMAL,0,,0,13.3,4880,3054
1781444016.560944,7,10,4.0519,1.023,0.0349,0.377,NOMINAL,NORMAL,0,,0,13.3,4880,3054
1781444016.6846552,7,10,2.985,0.985,0.0232,0.269,NOMINAL,NORMAL,0,,0,12.2,4920,3054
1781444016.8109026,7,10,4.0759,1.034,0.0363,0.38,NOMINAL,NORMAL,0,,0,12.2,4920,3054
1781444016.935971,7,10,3.9959,1.111,0.0356,0.389,NOMINAL,NORMAL,0,,0,12.2,4920,3054
1781444017.0585318,7,10,2.1598,0.891,0.0372,0.417,NOMINAL,NORMAL,0,,0,12.2,4920,3054
1781444017.185786,7,10,4.012,1.005,0.0356,0.378,NOMINAL,NORMAL,0,,0,12.2,4920,3054
1781444017.310238,7,10,3.9215,0.715,0.0226,0.25,NOMINAL,NORMAL,0,,0,12.2,4920,3054
1781444017.435682,7,10,3.9481,1.017,0.0338,0.377,NOMINAL,NORMAL,0,,0,12.2,4920,3054
1781444017.560827,7,10,4.0038,0.998,0.034,0.374,NOMINAL,NORMAL,0,,0,12.2,4920,3054
1781444017.6841981,7,10,2.3628,1.009,0.0334,0.37,NOMINAL,NORMAL,0,,0,12.2,4888,3054
1781444017.8109534,7,10,4.0574,1.059,0.0353,0.394,NOMINAL,NORMAL,0,,0,12.2,4888,3054
1781444017.9359035,7,10,3.9803,1.102,0.0335,0.39,NOMINAL,NORMAL,0,,0,12.2,4888,3054
1781444018.059538,7,10,2.8814,0.749,0.0238,0.255,NOMINAL,NORMAL,0,,0,12.2,4888,3054
1781444018.1858716,7,10,4.0475,1.035,0.0359,0.371,NOMINAL,NORMAL,0,,0,12.2,4888,3054
1781444018.309564,7,10,3.2231,0.73,0.0229,0.255,NOMINAL,NORMAL,0,,0,12.2,4888,3054
1781444018.433534,7,10,2.2274,0.888,0.0344,0.378,NOMINAL,NORMAL,0,,0,12.2,4888,3054
1781444018.5606947,7,10,3.9992,0.985,0.0351,0.37,NOMINAL,NORMAL,0,,0,12.2,4888,3054
1781444018.6835597,7,10,2.1521,0.946,0.034,0.374,NOMINAL,NORMAL,0,,0,12.8,4920,3054
1781444018.8098314,7,10,3.2878,0.96,0.0307,0.338,NOMINAL,NORMAL,0,,0,12.8,4920,3054
1781444018.9356687,7,10,4.0126,0.866,0.024,0.267,NOMINAL,NORMAL,0,,0,12.8,4920,3054
1781444019.060954,7,10,4.0557,1.055,0.0365,0.378,NOMINAL,NORMAL,0,,0,12.8,4920,3054
1781444019.1858983,7,10,4.0312,1.049,0.0377,0.387,NOMINAL,NORMAL,0,,0,12.8,4920,3054
1781444019.3091276,7,10,2.5108,0.89,0.0344,0.369,NOMINAL,NORMAL,0,,0,12.8,4920,3054
1781444019.4355352,7,10,3.9346,1.013,0.0339,0.37,NOMINAL,NORMAL,0,,0,12.8,4920,3054
1781444019.5609748,7,10,3.999,1.247,0.0348,0.373,NOMINAL,NORMAL,0,,0,12.8,4920,3054
1781444019.6839232,7,10,2.1608,1.024,0.0358,0.379,NOMINAL,NORMAL,0,,27,13.3,4920,3054
1781444019.8108952,7,10,4.0632,0.995,0.0349,0.428,NOMINAL,NORMAL,0,,27,13.3,4920,3054
1781444019.9349093,7,10,3.4313,0.81,0.0235,0.273,NOMINAL,NORMAL,0,,27,13.3,4920,3054
1781444020.0608554,7,10,4.023,1.003,0.0337,0.376,NOMINAL,NORMAL,0,,27,13.3,4920,3054
1781444020.1836023,7,10,2.1686,0.984,0.0364,0.375,NOMINAL,NORMAL,0,,27,13.3,4920,3054
1781444020.3094301,7,10,2.8519,0.99,0.0349,0.369,NOMINAL,NORMAL,0,,27,13.3,4920,3054
1781444020.4358182,7,10,4.0084,1.045,0.0364,0.374,NOMINAL,NORMAL,0,,27,13.3,4920,3054
1781444020.5608046,7,10,4.0277,0.809,0.0242,0.256,NOMINAL,NORMAL,0,,27,13.3,4920,3054
1781444020.6843693,7,10,2.4272,0.901,0.0343,0.365,NOMINAL,NORMAL,0,,27,11.8,4880,3054
1781444020.8111055,7,10,4.0138,1.052,0.0357,0.382,NOMINAL,NORMAL,0,,27,11.8,4880,3054
1781444020.9344587,7,10,2.7399,0.921,0.0351,0.384,NOMINAL,NORMAL,0,,27,11.8,4880,3054
1781444021.0588264,7,10,2.1457,0.924,0.0391,0.451,NOMINAL,NORMAL,0,,27,11.8,4880,3054
1781444021.1861079,7,10,4.0775,0.997,0.0332,0.369,NOMINAL,NORMAL,0,,27,11.8,4880,3054
1781444021.3100674,7,10,3.686,0.765,0.023,0.266,NOMINAL,NORMAL,0,,27,11.8,4880,3054
1781444021.435869,7,10,4.0421,1.064,0.0335,0.372,NOMINAL,NORMAL,0,,27,11.8,4880,3054
1781444021.5600662,7,10,3.7385,0.733,0.022,0.255,NOMINAL,NORMAL,0,,27,11.8,4880,3054
1781444021.6859188,7,10,3.9784,1.016,0.0346,0.379,NOMINAL,NORMAL,0,,99,13.2,4880,3054
1781444021.8108327,7,10,4.0196,1.025,0.0366,0.436,NOMINAL,NORMAL,0,,99,13.2,4880,3054
1781444021.9339263,7,10,2.2036,0.932,0.0353,0.383,NOMINAL,NORMAL,0,,99,13.2,4880,3054
1781444022.0610747,7,10,4.0808,1.076,0.0348,0.381,NOMINAL,NORMAL,0,,99,13.2,4880,3054
1781444022.1858995,7,10,4.0245,1.211,0.0221,0.255,NOMINAL,NORMAL,0,,99,13.2,4880,3054
1781444022.309332,7,10,2.8912,0.788,0.0236,0.257,NOMINAL,NORMAL,0,,99,13.2,4880,3054
1781444022.4358003,7,10,3.9955,1.06,0.0347,0.371,NOMINAL,NORMAL,0,,99,13.2,4880,3054
1781444022.5597134,7,10,3.0225,0.805,0.0341,0.512,NOMINAL,NORMAL,0,,99,13.2,4880,3054
1781444022.685859,7,10,4.0056,1.041,0.0346,0.383,NOMINAL,NORMAL,0,,99,13.8,4960,3054
1781444022.8109767,7,10,4.1397,1.07,0.0354,0.39,NOMINAL,NORMAL,0,,99,13.8,4960,3054
1781444022.934855,7,10,3.7898,0.8,0.0234,0.261,NOMINAL,NORMAL,0,,99,13.8,4960,3054
1781444023.0610213,7,10,4.0749,1.046,0.0358,0.388,NOMINAL,NORMAL,0,,99,13.8,4960,3054
1781444023.1840472,7,10,2.2625,1.035,0.0334,0.375,NOMINAL,NORMAL,0,,99,13.8,4960,3054
1781444023.3088653,7,10,2.1821,0.905,0.035,0.375,NOMINAL,NORMAL,0,,99,13.8,4960,3054
1781444023.4360528,7,10,4.0562,1.277,0.0338,0.389,NOMINAL,NORMAL,0,,99,13.8,4960,3054
1781444023.5589736,7,10,2.2954,0.952,0.0347,0.382,NOMINAL,NORMAL,0,,99,13.8,4960,3054
1781444023.6858137,7,10,3.9907,1.043,0.0354,0.395,NOMINAL,NORMAL,0,,99,14.0,4920,3054
1781444023.8096888,7,10,3.058,0.92,0.0316,0.331,NOMINAL,NORMAL,0,,99,14.0,4920,3054
1781444023.9336085,7,10,2.2211,1.0,0.0334,0.369,NOMINAL,NORMAL,0,,99,14.0,4920,3054
1781444024.0609095,7,10,4.0589,1.029,0.0345,0.365,NOMINAL,NORMAL,0,,99,14.0,4920,3054
1781444024.1845891,7,10,3.2675,0.735,0.0232,0.253,NOMINAL,NORMAL,0,,99,14.0,4920,3054
1781444024.3087003,7,10,2.5153,0.97,0.0354,0.371,NOMINAL,NORMAL,0,,99,14.0,4920,3054
1781444024.436102,7,10,4.0483,1.312,0.0354,0.369,NOMINAL,NORMAL,0,,99,14.0,4920,3054
1781444024.5585208,7,10,2.1933,0.884,0.0357,0.39,NOMINAL,NORMAL,0,,99,14.0,4920,3054
1781444024.6859548,7,10,4.1153,1.002,0.0332,0.457,NOMINAL,NORMAL,0,,99,12.5,4880,3054
1781444024.8103604,7,10,4.1033,0.736,0.0235,0.251,NOMINAL,NORMAL,0,,99,12.5,4880,3054
1781444024.93431,7,10,2.3646,1.189,0.0369,0.375,NOMINAL,NORMAL,0,,99,12.5,4880,3054
1781444025.0609977,7,10,4.068,1.08,0.0348,0.377,NOMINAL,NORMAL,0,,99,12.5,4880,3054
1781444025.1844506,7,10,2.5189,1.183,0.035,0.374,NOMINAL,NORMAL,0,,99,12.5,4880,3054
1781444025.3111339,7,10,4.0929,1.297,0.0352,0.376,NOMINAL,NORMAL,0,,99,12.5,4880,3054
1781444025.435766,7,10,4.0424,1.042,0.0345,0.395,NOMINAL,NORMAL,0,,99,12.5,4880,3054
1781444025.5585334,7,10,2.1665,0.912,0.0355,0.407,NOMINAL,NORMAL,0,,99,12.5,4880,3054
1781444025.6864128,7,10,4.1151,1.301,0.0332,0.598,NOMINAL,NORMAL,0,,99,13.2,4920,3054
1781444025.8098803,7,10,3.37,0.93,0.0235,0.254,NOMINAL,NORMAL,0,,99,13.2,4920,3054
1781444025.9334912,7,10,2.2077,0.864,0.0335,0.358,NOMINAL,NORMAL,0,,99,13.2,4920,3054
1781444026.0609357,7,10,4.0555,1.037,0.0346,0.368,NOMINAL,NORMAL,0,,99,13.2,4920,3054
1781444026.1837234,7,10,2.1934,0.985,0.0355,0.376,NOMINAL,NORMAL,0,,99,13.2,4920,3054
1781444026.308743,7,10,2.2664,1.126,0.0334,0.372,NOMINAL,NORMAL,0,,99,13.2,4920,3054
1781444026.4357858,7,10,4.0474,1.128,0.0224,0.244,NOMINAL,NORMAL,0,,99,13.2,4920,3054
1781444026.5606308,7,10,4.0733,0.978,0.0327,0.36,NOMINAL,NORMAL,0,,99,13.2,4920,3054
1781444026.6859438,7,10,4.1114,0.992,0.0327,0.459,NOMINAL,NORMAL,0,,99,13.2,4920,3054
1781444026.80923,7,10,2.7055,0.864,0.0353,0.371,NOMINAL,NORMAL,0,,99,13.2,4920,3054
1781444026.9358406,7,10,4.0559,1.051,0.0343,0.377,NOMINAL,NORMAL,0,,99,13.2,4920,3054
1781444027.0608747,7,10,4.0285,1.009,0.033,0.368,NOMINAL,NORMAL,0,,99,13.2,4920,3054
1781444027.183716,7,10,2.1487,1.128,0.0357,0.386,NOMINAL,NORMAL,0,,99,13.2,4920,3054
1781444027.3108127,7,10,4.0457,0.973,0.0353,0.425,NOMINAL,NORMAL,0,,99,13.2,4920,3054
1781444027.434923,7,10,3.5873,0.733,0.0222,0.245,NOMINAL,NORMAL,0,,99,13.2,4920,3054
1781444027.5607762,7,10,4.159,1.003,0.0357,0.377,NOMINAL,NORMAL,0,,99,13.2,4920,3054
1781444027.6859221,7,10,4.1136,1.011,0.0348,0.385,NOMINAL,NORMAL,0,,99,13.2,4920,3054
1781444027.8086395,7,10,2.2549,0.842,0.0337,0.362,NOMINAL,NORMAL,0,,99,13.2,4920,3054
1781444027.9361308,7,10,4.0814,1.294,0.0338,0.37,NOMINAL,NORMAL,0,,99,13.2,4920,3054
1781444028.060817,7,10,4.1035,1.01,0.0237,0.255,NOMINAL,NORMAL,0,,99,13.2,4920,3054
1781444028.1844597,7,10,2.7765,0.906,0.0348,0.384,NOMINAL,NORMAL,0,,99,13.2,4920,3054
1781444028.3108196,7,10,4.0744,0.968,0.0354,0.421,NOMINAL,NORMAL,0,,99,13.2,4920,3054
1781444028.4341674,7,10,2.8852,0.682,0.0229,0.284,NOMINAL,NORMAL,0,,99,13.2,4920,3054
1781444028.5585482,7,10,2.1753,0.891,0.0342,0.408,NOMINAL,NORMAL,0,,99,13.2,4920,3054
1781444028.6858995,7,10,4.115,0.996,0.0333,0.386,NOMINAL,NORMAL,0,,46,13.5,4920,3054
1781444028.8094482,7,10,3.2836,0.872,0.0236,0.282,NOMINAL,NORMAL,0,,46,13.5,4920,3054
1781444028.9351022,7,10,3.6615,1.046,0.034,0.375,NOMINAL,NORMAL,0,,46,13.5,4920,3054
1781444029.0602026,7,10,3.8307,0.72,0.0221,0.253,NOMINAL,NORMAL,0,,46,13.5,4920,3054
1781444029.1841202,7,10,2.2701,1.076,0.0349,0.385,NOMINAL,NORMAL,0,,46,13.5,4920,3054
1781444029.3109584,7,10,4.0906,1.106,0.0351,0.384,NOMINAL,NORMAL,0,,46,13.5,4920,3054
1781444029.433841,7,10,2.2438,0.91,0.0346,0.374,NOMINAL,NORMAL,0,,46,13.5,4920,3054
1781444029.5609245,7,10,4.0757,1.055,0.0359,0.372,NOMINAL,NORMAL,0,,46,13.5,4920,3054
1781444029.6859176,7,10,4.0753,1.048,0.0352,0.413,NOMINAL,NORMAL,0,,48,12.7,4920,3055
1781444029.808799,7,10,2.3701,1.022,0.0366,0.383,NOMINAL,NORMAL,0,,48,12.7,4920,3055
1781444029.9359033,7,10,4.0323,1.113,0.0349,0.383,NOMINAL,NORMAL,0,,48,12.7,4920,3055
1781444030.0596879,7,10,2.9774,1.022,0.0237,0.272,NOMINAL,NORMAL,0,,48,12.7,4920,3055
1781444030.185987,7,10,4.11,1.045,0.0357,0.395,NOMINAL,NORMAL,0,,48,12.7,4920,3055
1781444030.3111382,7,10,4.1002,1.298,0.035,0.379,NOMINAL,NORMAL,0,,48,12.7,4920,3055
1781444030.4337852,7,10,2.2069,1.183,0.0353,0.386,NOMINAL,NORMAL,0,,48,12.7,4920,3055
1781444030.5610006,7,10,4.0704,1.315,0.0347,0.379,NOMINAL,NORMAL,0,,48,12.7,4920,3055
1781444030.685699,7,10,3.9772,1.065,0.0241,0.27,NOMINAL,NORMAL,0,,66,13.2,4880,3055
1781444030.8092306,7,10,2.3696,1.175,0.0351,0.383,NOMINAL,NORMAL,0,,66,13.2,4880,3055
1781444030.9351304,7,10,3.6888,1.085,0.0288,0.334,NOMINAL,NORMAL,0,,66,13.2,4880,3055
1781444031.059296,7,10,2.3012,1.211,0.0356,0.385,NOMINAL,NORMAL,0,,66,13.2,4880,3055
1781444031.1836567,7,10,2.1965,1.01,0.0348,0.382,NOMINAL,NORMAL,0,,66,13.2,4880,3055
1781444031.311108,7,10,4.0684,1.298,0.0362,0.38,NOMINAL,NORMAL,0,,66,13.2,4880,3055
1781444031.4358618,7,10,3.9419,1.292,0.035,0.379,NOMINAL,NORMAL,0,,66,13.2,4880,3055
1781444031.5610094,7,10,4.1161,1.096,0.0343,0.378,NOMINAL,NORMAL,0,,66,13.2,4880,3055
1781444031.6848497,7,10,3.4077,1.005,0.0347,0.374,NOMINAL,NORMAL,0,,66,13.2,4880,3055
1781444031.8107474,7,10,4.0433,0.957,0.035,0.415,NOMINAL,NORMAL,0,,0,12.8,4920,3055
1781444031.9357405,7,10,3.9977,1.04,0.0341,0.371,NOMINAL,NORMAL,0,,0,12.8,4920,3055
1781444032.0585365,7,10,2.1481,0.886,0.0366,0.397,NOMINAL,NORMAL,0,,0,12.8,4920,3055
1781444032.1858792,7,10,4.0421,1.047,0.0358,0.395,NOMINAL,NORMAL,0,,0,12.8,4920,3055
1781444032.3107378,7,10,3.9937,1.08,0.0245,0.297,NOMINAL,NORMAL,0,,0,12.8,4920,3055
1781444032.4351523,7,10,3.663,1.072,0.0357,0.392,NOMINAL,NORMAL,0,,0,12.8,4920,3055
1781444032.5613196,7,10,4.0259,1.494,0.0354,0.373,NOMINAL,NORMAL,0,,0,12.8,4920,3055
1781444032.6845024,7,10,2.6149,1.18,0.0357,0.376,NOMINAL,NORMAL,0,,0,12.8,4920,3055
1781444032.8109024,7,10,4.0494,1.037,0.0356,0.464,NOMINAL,NORMAL,0,,0,12.8,4920,3054
1781444032.9358804,7,10,4.0756,1.08,0.0344,0.38,NOMINAL,NORMAL,0,,0,12.8,4920,3054
1781444033.0583997,7,10,2.1477,0.896,0.0358,0.377,NOMINAL,NORMAL,0,,0,12.8,4920,3054
1781444033.1858652,7,10,4.1003,1.001,0.0361,0.394,NOMINAL,NORMAL,0,,0,12.8,4920,3054
1781444033.3098633,7,10,3.5683,0.721,0.023,0.253,NOMINAL,NORMAL,0,,0,12.8,4920,3054
1781444033.4335551,7,10,2.2038,0.878,0.0352,0.377,NOMINAL,NORMAL,0,,0,12.8,4920,3054
1781444033.560689,7,10,4.0702,1.028,0.0349,0.379,NOMINAL,NORMAL,0,,0,12.8,4920,3054
1781444033.6839204,7,10,2.1646,1.193,0.035,0.374,NOMINAL,NORMAL,0,,0,12.8,4920,3054
1781444033.809179,7,10,2.7576,1.035,0.0293,0.39,NOMINAL,NORMAL,0,,0,13.2,4920,3055
1781444033.9358845,7,10,4.0434,1.21,0.0243,0.278,NOMINAL,NORMAL,0,,0,13.2,4920,3055
1781444034.060604,7,10,4.0648,1.053,0.0359,0.385,NOMINAL,NORMAL,0,,0,13.2,4920,3055
1781444034.1859705,7,10,4.0662,1.268,0.0349,0.377,NOMINAL,NORMAL,0,,0,13.2,4920,3055
1781444034.309275,7,10,2.7883,0.768,0.0355,0.357,NOMINAL,NORMAL,0,,0,13.2,4920,3055
1781444034.435683,7,10,4.0547,1.048,0.0358,0.379,NOMINAL,NORMAL,0,,0,13.2,4920,3055
1781444034.5610368,7,10,4.0451,1.181,0.0365,0.387,NOMINAL,NORMAL,0,,0,13.2,4920,3055
1781444034.6833525,7,10,2.1025,0.948,0.0363,0.389,NOMINAL,NORMAL,0,,0,13.2,4920,3055
1781444034.8108056,7,10,4.0695,0.972,0.0372,0.417,NOMINAL,NORMAL,0,,0,13.3,4880,3055
1781444034.9350967,7,10,3.7619,0.769,0.0232,0.254,NOMINAL,NORMAL,0,,0,13.3,4880,3055
1781444035.0606105,7,10,4.0577,1.023,0.0347,0.381,NOMINAL,NORMAL,0,,0,13.3,4880,3055
1781444035.1862404,7,10,4.1248,1.312,0.0346,0.384,NOMINAL,NORMAL,0,,0,13.3,4880,3055
1781444035.309153,7,10,2.2566,1.196,0.0351,0.392,NOMINAL,NORMAL,0,,0,13.3,4880,3055
1781444035.4360118,7,10,4.0057,1.273,0.0347,0.361,NOMINAL,NORMAL,0,,0,13.3,4880,3055
1781444035.5608032,7,10,4.0767,1.006,0.0258,0.279,NOMINAL,NORMAL,0,,0,13.3,4880,3055
1781444035.6838849,7,10,2.394,1.091,0.0351,0.371,NOMINAL,NORMAL,0,,0,13.3,4880,3055
1781444035.8108926,7,10,4.0576,1.032,0.0349,0.415,NOMINAL,NORMAL,0,,0,13.3,4880,3055
1781444035.9345803,7,10,3.0605,0.769,0.033,0.397,NOMINAL,NORMAL,0,,0,13.3,4880,3055
1781444036.0603595,7,10,3.8339,1.041,0.0369,0.379,NOMINAL,NORMAL,0,,0,13.3,4880,3055
1781444036.1858675,7,10,4.0698,1.018,0.0336,0.387,NOMINAL,NORMAL,0,,0,13.3,4880,3055
1781444036.3091013,7,10,2.7923,1.025,0.0252,0.258,NOMINAL,NORMAL,0,,0,13.3,4880,3055
1781444036.435956,7,10,4.0232,1.132,0.0344,0.377,NOMINAL,NORMAL,0,,0,13.3,4880,3055
1781444036.560416,7,10,3.9773,0.78,0.0251,0.258,NOMINAL,NORMAL,0,,0,13.3,4880,3055
1781444036.6858873,7,10,4.0689,1.027,0.0378,0.388,NOMINAL,NORMAL,0,,0,13.3,4880,3055
1781444036.8105166,7,10,3.7681,0.993,0.0347,0.411,NOMINAL,NORMAL,0,,0,13.8,4920,3055
1781444036.933966,7,10,2.3281,0.904,0.0365,0.373,NOMINAL,NORMAL,0,,0,13.8,4920,3055
1781444037.0608964,7,10,4.0606,1.016,0.0352,0.369,NOMINAL,NORMAL,0,,0,13.8,4920,3055
1781444037.1860826,7,10,4.1073,1.29,0.034,0.377,NOMINAL,NORMAL,0,,0,13.8,4920,3055
1781444037.3093581,7,10,3.2649,0.736,0.0242,0.251,NOMINAL,NORMAL,0,,0,13.8,4920,3055
1781444037.4354033,7,10,3.9356,0.987,0.034,0.376,NOMINAL,NORMAL,0,,0,13.8,4920,3055
1781444037.559346,7,10,3.1627,0.717,0.0224,0.249,NOMINAL,NORMAL,0,,0,13.8,4920,3055
1781444037.685603,7,10,4.0785,0.941,0.0326,0.372,NOMINAL,NORMAL,0,,0,13.8,4920,3055
1781444037.8109078,7,10,4.003,1.199,0.0358,0.462,NOMINAL,NORMAL,0,,1,13.8,4880,3055
1781444037.9334183,7,10,2.131,1.051,0.0339,0.362,NOMINAL,NORMAL,0,,1,13.8,4880,3055
1781444038.0605836,7,10,3.9915,0.949,0.0347,0.369,NOMINAL,NORMAL,0,,1,13.8,4880,3055
1781444038.1854475,7,10,4.0618,0.797,0.0234,0.258,NOMINAL,NORMAL,0,,1,13.8,4880,3055
1781444038.3097134,7,10,3.3578,1.007,0.0366,0.383,NOMINAL,NORMAL,0,,1,13.8,4880,3055
1781444038.435822,7,10,4.0183,1.067,0.0359,0.381,NOMINAL,NORMAL,0,,1,13.8,4880,3055
1781444038.5591362,7,10,2.4228,0.934,0.0356,0.38,NOMINAL,NORMAL,0,,1,13.8,4880,3055
1781444038.683468,7,10,2.1824,0.904,0.0361,0.384,NOMINAL,NORMAL,0,,1,13.8,4880,3055
1781444038.8109813,7,10,4.1117,1.089,0.0357,0.386,NOMINAL,NORMAL,0,,7,12.8,4880,3055
1781444038.9343002,7,10,3.2953,0.745,0.0235,0.261,NOMINAL,NORMAL,0,,7,12.8,4880,3055
1781444039.06104,7,10,4.0947,1.286,0.0359,0.375,NOMINAL,NORMAL,0,,7,12.8,4880,3055
1781444039.1848934,7,10,3.5167,0.75,0.0249,0.263,NOMINAL,NORMAL,0,,7,12.8,4880,3055
1781444039.3110492,7,10,4.0742,1.281,0.0346,0.382,NOMINAL,NORMAL,0,,7,12.8,4880,3055
1781444039.4354146,7,10,3.8321,1.097,0.036,0.38,NOMINAL,NORMAL,0,,7,12.8,4880,3055
1781444039.5587249,7,10,2.166,0.931,0.0362,0.42,NOMINAL,NORMAL,0,,7,12.8,4880,3055
1781444039.685843,7,10,3.9915,1.049,0.036,0.464,NOMINAL,NORMAL,0,,7,12.8,4880,3055
1781444039.8104177,7,10,4.024,0.946,0.0263,0.29,NOMINAL,NORMAL,0,,0,13.3,4920,3055
1781444039.9343863,7,10,2.983,1.024,0.0352,0.379,NOMINAL,NORMAL,0,,0,13.3,4920,3055
1781444040.058723,7,10,2.1703,0.971,0.0353,0.426,NOMINAL,NORMAL,0,,0,13.3,4920,3055
1781444040.184864,7,10,2.812,1.235,0.037,0.396,NOMINAL,NORMAL,0,,0,13.3,4920,3055
1781444040.3111591,7,10,4.108,1.287,0.035,0.383,NOMINAL,NORMAL,0,,0,13.3,4920,3055
1781444040.436255,7,10,4.0212,1.381,0.0359,0.4,NOMINAL,NORMAL,0,,0,13.3,4920,3055
1781444040.5602188,7,10,3.515,0.991,0.0246,0.286,NOMINAL,NORMAL,0,,0,13.3,4920,3055
1781444040.6862557,7,10,4.157,1.316,0.0348,0.391,NOMINAL,NORMAL,0,,0,13.3,4920,3055
1781444040.810011,7,10,3.7082,0.727,0.024,0.26,NOMINAL,NORMAL,0,,99,13.8,4920,3055
1781444040.9336648,7,10,2.2065,0.875,0.0365,0.379,NOMINAL,NORMAL,0,,99,13.8,4920,3055
1781444041.0609465,7,10,4.0625,1.002,0.0352,0.377,NOMINAL,NORMAL,0,,99,13.8,4920,3055
1781444041.1842146,7,10,2.2271,1.23,0.0349,0.376,NOMINAL,NORMAL,0,,99,13.8,4920,3055
1781444041.3090646,7,10,2.7539,0.947,0.0343,0.367,NOMINAL,NORMAL,0,,99,13.8,4920,3055
1781444041.4359016,7,10,4.0572,1.15,0.0252,0.287,NOMINAL,NORMAL,0,,99,13.8,4920,3055
1781444041.5590732,7,10,2.5405,1.076,0.0348,0.386,NOMINAL,NORMAL,0,,99,13.8,4920,3055
1781444041.6860309,7,10,4.049,1.216,0.0346,0.385,NOMINAL,NORMAL,0,,99,13.8,4920,3055
1781444041.80936,7,10,3.0023,0.779,0.0248,0.265,NOMINAL,NORMAL,0,,99,13.0,4920,3055
1781444041.935887,7,10,4.0727,1.081,0.0353,0.381,NOMINAL,NORMAL,0,,99,13.0,4920,3055
1781444042.0608873,7,10,4.0654,1.024,0.0353,0.372,NOMINAL,NORMAL,0,,99,13.0,4920,3055
1781444042.1834242,7,10,2.1391,0.937,0.036,0.372,NOMINAL,NORMAL,0,,99,13.0,4920,3055
1781444042.3107839,7,10,4.0401,0.99,0.0715,0.414,NOMINAL,NORMAL,0,,99,13.0,4920,3055
1781444042.435331,7,10,4.1135,0.836,0.0236,0.274,NOMINAL,NORMAL,0,,99,13.0,4920,3055
1781444042.56105,7,10,4.044,1.055,0.0353,0.389,NOMINAL,NORMAL,0,,99,13.0,4920,3055
1781444042.6859243,7,10,4.0762,1.047,0.0356,0.401,NOMINAL,NORMAL,0,,99,13.0,4920,3055
1781444042.8088746,7,10,2.3463,0.89,0.0354,0.379,NOMINAL,NORMAL,0,,99,14.3,4880,3055
1781444042.9358294,7,10,4.0084,1.067,0.0353,0.402,NOMINAL,NORMAL,0,,99,14.3,4880,3055
1781444043.060909,7,10,4.0984,1.027,0.0356,0.38,NOMINAL,NORMAL,0,,99,14.3,4880,3055
1781444043.18445,7,10,3.2121,0.725,0.0234,0.254,NOMINAL,NORMAL,0,,99,14.3,4880,3055
1781444043.31067,7,10,3.9569,0.974,0.0341,0.411,NOMINAL,NORMAL,0,,99,14.3,4880,3055
1781444043.4345436,7,10,3.2937,0.706,0.0232,0.27,NOMINAL,NORMAL,0,,99,14.3,4880,3055
1781444043.5596778,7,10,3.41,0.861,0.0245,0.276,NOMINAL,NORMAL,0,,99,14.3,4880,3055
1781444043.685831,7,10,4.0498,1.027,0.0355,0.389,NOMINAL,NORMAL,0,,99,14.3,4880,3055
1781444043.8088892,7,10,2.6477,0.902,0.0333,0.356,NOMINAL,NORMAL,0,,99,12.8,4920,3055
1781444043.9359736,7,10,4.0691,1.254,0.0341,0.373,NOMINAL,NORMAL,0,,99,12.8,4920,3055
1781444044.0604131,7,10,3.9871,0.709,0.0227,0.244,NOMINAL,NORMAL,0,,99,12.8,4920,3055
1781444044.1838675,7,10,2.4845,0.811,0.0337,0.354,NOMINAL,NORMAL,0,,99,12.8,4920,3055
1781444044.3104153,7,10,3.98,0.863,0.0308,0.334,NOMINAL,NORMAL,0,,99,12.8,4920,3055
1781444044.4339166,7,10,2.5823,0.784,0.0318,0.352,NOMINAL,NORMAL,0,,99,12.8,4920,3055
1781444044.560727,7,10,4.0167,0.959,0.0337,0.362,NOMINAL,NORMAL,0,,99,12.8,4920,3055
1781444044.685689,7,10,4.0623,0.934,0.0355,0.393,NOMINAL,NORMAL,0,,99,12.8,4920,3055
1781444044.8092263,7,10,2.9038,0.977,0.0341,0.372,NOMINAL,NORMAL,0,,99,13.2,4920,3055
1781444044.9346778,7,10,3.0672,0.972,0.0349,0.494,NOMINAL,NORMAL,0,,99,13.2,4920,3055
1781444045.060065,7,10,3.5017,0.934,0.0236,0.265,NOMINAL,NORMAL,0,,99,13.2,4920,3055
1781444045.1858299,7,10,4.0854,1.002,0.0345,0.386,NOMINAL,NORMAL,0,,99,13.2,4920,3055
1781444045.3107014,7,10,4.0709,0.962,0.0348,0.422,NOMINAL,NORMAL,0,,99,13.2,4920,3055
1781444045.4334042,7,10,2.1629,0.865,0.0353,0.378,NOMINAL,NORMAL,0,,99,13.2,4920,3055
1781444045.5585172,7,10,2.1633,0.921,0.035,0.41,NOMINAL,NORMAL,0,,99,13.2,4920,3055
1781444045.6856487,7,10,3.9706,1.195,0.0237,0.316,NOMINAL,NORMAL,0,,99,13.2,4920,3055
1781444045.8090484,7,10,2.8908,0.963,0.0339,0.372,NOMINAL,NORMAL,0,,99,14.0,4960,3055
1781444045.9357932,7,10,3.9321,1.206,0.0328,0.352,NOMINAL,NORMAL,0,,99,14.0,4960,3055
1781444046.0589292,7,10,2.6874,0.71,0.0353,0.37,NOMINAL,NORMAL,0,,99,14.0,4960,3055
1781444046.1833744,7,10,2.1418,0.908,0.0346,0.375,NOMINAL,NORMAL,0,,99,14.0,4960,3055
1781444046.3105497,7,10,4.0457,0.948,0.0345,0.412,NOMINAL,NORMAL,0,,99,14.0,4960,3055
1781444046.4333436,7,10,2.1544,1.088,0.0355,0.368,NOMINAL,NORMAL,0,,99,14.0,4960,3055
1781444046.560647,7,10,3.9291,0.771,0.1005,0.769,NOMINAL,NORMAL,0,,99,14.0,4960,3055
1781444046.6853778,7,10,3.6371,0.976,0.0233,0.463,NOMINAL,NORMAL,0,,99,14.0,4960,3055
1781444046.8096101,7,10,2.85,1.222,0.0356,0.37,NOMINAL,NORMAL,0,,87,12.0,4920,3055
1781444046.9359272,7,10,3.9969,1.262,0.0351,0.388,NOMINAL,NORMAL,0,,87,12.0,4920,3055
1781444047.058655,7,10,2.1547,0.847,0.0334,0.431,NOMINAL,NORMAL,0,,87,12.0,4920,3055
1781444047.1859264,7,10,4.1016,1.019,0.0339,0.468,NOMINAL,NORMAL,0,,87,12.0,4920,3055
1781444047.3108554,7,10,4.0981,1.202,0.0244,0.269,NOMINAL,NORMAL,0,,87,12.0,4920,3055
1781444047.4351373,7,10,3.5461,1.28,0.0357,0.377,NOMINAL,NORMAL,0,,87,12.0,4920,3055
1781444047.5609317,7,10,4.1074,1.028,0.035,0.388,NOMINAL,NORMAL,0,,87,12.0,4920,3055
1781444047.6842885,7,10,3.0112,0.749,0.0226,0.259,NOMINAL,NORMAL,0,,87,12.0,4920,3055
1781444047.8109229,7,10,4.0112,1.298,0.034,0.449,NOMINAL,NORMAL,0,,97,12.5,4920,3055
1781444047.935936,7,10,4.0189,1.282,0.0341,0.373,NOMINAL,NORMAL,0,,97,12.5,4920,3055
1781444048.0585303,7,10,2.1127,1.141,0.0338,0.395,NOMINAL,NORMAL,0,,97,12.5,4920,3055
1781444048.1856322,7,10,4.05,1.004,0.0338,0.398,NOMINAL,NORMAL,0,,97,12.5,4920,3055
1781444048.3099363,7,10,3.9535,0.684,0.0229,0.247,NOMINAL,NORMAL,0,,97,12.5,4920,3055
1781444048.435077,7,10,3.8477,0.999,0.0362,0.374,NOMINAL,NORMAL,0,,97,12.5,4920,3055
1781444048.5606942,7,10,4.0268,0.954,0.0353,0.368,NOMINAL,NORMAL,0,,97,12.5,4920,3055
1781444048.685763,7,10,4.0222,1.035,0.0258,0.352,NOMINAL,NORMAL,0,,97,12.5,4920,3055
1781444048.8086665,7,10,2.4936,0.967,0.0336,0.381,NOMINAL,NORMAL,0,,93,12.3,4920,3055
1781444048.9357598,7,10,4.0121,1.05,0.0353,0.37,NOMINAL,NORMAL,0,,93,12.3,4920,3055
1781444049.059038,7,10,3.0672,0.727,0.0234,0.257,NOMINAL,NORMAL,0,,93,12.3,4920,3055
1781444049.1860776,7,10,4.0319,1.321,0.0357,0.389,NOMINAL,NORMAL,0,,93,12.3,4920,3055
1781444049.3092093,7,10,3.1583,0.695,0.0229,0.25,NOMINAL,NORMAL,0,,93,12.3,4920,3055
1781444049.4356847,7,10,3.9851,1.195,0.0357,0.373,NOMINAL,NORMAL,0,,93,12.3,4920,3055
1781444049.5607727,7,10,3.9773,1.02,0.0339,0.399,NOMINAL,NORMAL,0,,93,12.3,4920,3055
1781444049.6836524,7,10,2.1787,0.997,0.035,0.391,NOMINAL,NORMAL,0,,93,12.3,4920,3055
1781444049.8111334,7,10,4.0464,1.319,0.0349,0.378,NOMINAL,NORMAL,0,,7,13.0,4920,3055
1781444049.935874,7,10,4.0234,1.114,0.0235,0.297,NOMINAL,NORMAL,0,,7,13.0,4920,3055
1781444050.0590339,7,10,2.2551,0.943,0.036,0.382,NOMINAL,NORMAL,0,,7,13.0,4920,3055
1781444050.1835592,7,10,2.1776,0.951,0.0336,0.378,NOMINAL,NORMAL,0,,7,13.0,4920,3055
1781444050.3088655,7,10,2.5222,0.844,0.0365,0.387,NOMINAL,NORMAL,0,,7,13.0,4920,3055
1781444050.4359834,7,10,4.0004,1.281,0.036,0.374,NOMINAL,NORMAL,0,,7,13.0,4920,3055
1781444050.5608058,7,10,4.0176,1.035,0.0361,0.384,NOMINAL,NORMAL,0,,7,13.0,4920,3055
1781444050.6835394,7,10,2.1765,0.964,0.0358,0.381,NOMINAL,NORMAL,0,,7,13.0,4920,3055
1781444050.8099346,7,10,3.4773,1.03,0.0545,0.406,NOMINAL,NORMAL,0,,15,14.2,4920,3055
1781444050.934696,7,10,3.3626,0.736,0.0459,0.291,NOMINAL,NORMAL,0,,15,14.2,4920,3055
1781444051.0608256,7,10,4.0801,0.966,0.0343,0.37,NOMINAL,NORMAL,0,,15,14.2,4920,3055
1781444051.1857357,7,10,4.0321,0.966,0.0336,0.368,NOMINAL,NORMAL,0,,15,14.2,4920,3055
1781444051.309544,7,10,2.8907,0.98,0.034,0.5,NOMINAL,NORMAL,0,,15,14.2,4920,3055
1781444051.4352245,7,10,3.7476,1.05,0.034,0.369,NOMINAL,NORMAL,0,,15,14.2,4920,3055
1781444051.560567,7,10,4.1029,0.776,0.0248,0.255,NOMINAL,NORMAL,0,,15,14.2,4920,3055
1781444051.684206,7,10,2.4893,0.935,0.0362,0.389,NOMINAL,NORMAL,0,,15,14.2,4920,3055
1781444051.809747,7,10,3.6071,0.731,0.0234,0.265,NOMINAL,NORMAL,0,,15,14.2,4920,3055
1781444051.934207,7,10,2.6584,0.88,0.0347,0.372,NOMINAL,NORMAL,0,,7,13.3,4920,3055
1781444052.0599217,7,10,3.8591,0.749,0.0231,0.259,NOMINAL,NORMAL,0,,7,13.3,4920,3055
1781444052.185789,7,10,4.0491,1.016,0.0347,0.386,NOMINAL,NORMAL,0,,7,13.3,4920,3055
1781444052.3095353,7,10,3.6042,0.721,0.0231,0.256,NOMINAL,NORMAL,0,,7,13.3,4920,3055
1781444052.4355364,7,10,3.9757,0.981,0.0338,0.389,NOMINAL,NORMAL,0,,7,13.3,4920,3055
1781444052.5598185,7,10,3.4923,0.723,0.0234,0.247,NOMINAL,NORMAL,0,,7,13.3,4920,3055
1781444052.6837168,7,10,2.1836,0.997,0.0364,0.371,NOMINAL,NORMAL,0,,7,13.3,4920,3055
1781444052.8108213,7,10,4.0651,0.964,0.0353,0.427,NOMINAL,NORMAL,0,,7,13.3,4920,3055
1781444052.933686,7,10,2.1949,0.927,0.035,0.379,NOMINAL,NORMAL,0,,0,13.5,4920,3055
1781444053.0609324,7,10,4.1224,1.008,0.0347,0.377,NOMINAL,NORMAL,0,,0,13.5,4920,3055
1781444053.1836464,7,10,2.1775,0.985,0.035,0.375,NOMINAL,NORMAL,0,,0,13.5,4920,3055
1781444053.3091931,7,10,2.7094,0.812,0.0344,0.37,NOMINAL,NORMAL,0,,0,13.5,4920,3055
1781444053.435753,7,10,4.0368,0.987,0.0352,0.375,NOMINAL,NORMAL,0,,0,13.5,4920,3055
1781444053.5592017,7,10,2.8385,0.739,0.024,0.314,NOMINAL,NORMAL,0,,0,13.5,4920,3055
1781444053.6858644,7,10,4.0717,1.014,0.0346,0.392,NOMINAL,NORMAL,0,,0,13.5,4920,3055
1781444053.8108366,7,10,4.0515,1.033,0.0367,0.425,NOMINAL,NORMAL,0,,0,13.5,4920,3055
1781444053.934777,7,10,3.6089,0.816,0.025,0.277,NOMINAL,NORMAL,0,,0,13.5,4920,3055
1781444054.0604873,7,10,3.918,0.957,0.0325,0.352,NOMINAL,NORMAL,0,,0,13.5,4920,3055
1781444054.1851668,7,10,3.8158,0.76,0.0229,0.263,NOMINAL,NORMAL,0,,0,13.5,4920,3055
1781444054.308583,7,10,2.2235,0.897,0.0351,0.385,NOMINAL,NORMAL,0,,0,13.5,4920,3055
1781444054.4358675,7,10,4.0337,1.063,0.035,0.385,NOMINAL,NORMAL,0,,0,13.5,4920,3055
1781444054.5587752,7,10,2.1741,0.869,0.0721,0.428,NOMINAL,NORMAL,0,,0,13.5,4920,3055
1781444054.6858828,7,10,4.139,0.989,0.035,0.389,NOMINAL,NORMAL,0,,0,13.5,4920,3055
1781444054.810925,7,10,4.0255,1.047,0.0269,0.477,NOMINAL,NORMAL,0,,0,13.5,4920,3055
1781444054.9352095,7,10,3.6884,1.073,0.0374,0.409,NOMINAL,NORMAL,0,,0,14.0,4880,3055
1781444055.0606036,7,10,4.0396,0.842,0.0229,0.269,NOMINAL,NORMAL,0,,0,14.0,4880,3055
1781444055.1844766,7,10,3.0733,0.777,0.0225,0.263,NOMINAL,NORMAL,0,,0,14.0,4880,3055
1781444055.3107753,7,10,4.0425,0.991,0.0739,0.416,NOMINAL,NORMAL,0,,0,14.0,4880,3055
1781444055.4357908,7,10,4.0321,1.04,0.033,0.372,NOMINAL,NORMAL,0,,0,14.0,4880,3055
1781444055.5585124,7,10,2.1831,0.894,0.0338,0.405,NOMINAL,NORMAL,0,,0,14.0,4880,3055
1781444055.6858237,7,10,4.0159,1.039,0.0346,0.387,NOMINAL,NORMAL,0,,0,14.0,4880,3055
1781444055.8102796,7,10,3.9374,0.74,0.0236,0.259,NOMINAL,NORMAL,0,,0,14.0,4880,3055
1781444055.9352386,7,10,3.8004,1.045,0.0342,0.379,NOMINAL,NORMAL,0,,0,13.3,4880,3055
1781444056.0608363,7,10,4.0629,0.991,0.034,0.361,NOMINAL,NORMAL,0,,0,13.3,4880,3055
1781444056.1844194,7,10,2.507,1.133,0.035,0.396,NOMINAL,NORMAL,0,,0,13.3,4880,3055
1781444056.3086872,7,10,2.451,1.023,0.0335,0.38,NOMINAL,NORMAL,0,,0,13.3,4880,3055
1781444056.435904,7,10,4.0332,1.121,0.0364,0.389,NOMINAL,NORMAL,0,,0,13.3,4880,3055
1781444056.559388,7,10,3.1452,0.8,0.0228,0.26,NOMINAL,NORMAL,0,,0,13.3,4880,3055
1781444056.6858552,7,10,4.0922,1.016,0.0347,0.38,NOMINAL,NORMAL,0,,0,13.3,4880,3055
1781444056.8096905,7,10,3.2705,0.784,0.026,0.274,NOMINAL,NORMAL,0,,0,13.3,4880,3055
1781444056.933599,7,10,2.2196,0.931,0.0346,0.386,NOMINAL,NORMAL,0,,0,13.3,4920,3055
1781444057.0608659,7,10,4.0503,0.998,0.0369,0.382,NOMINAL,NORMAL,0,,0,13.3,4920,3055
1781444057.1835566,7,10,2.14,0.99,0.0353,0.378,NOMINAL,NORMAL,0,,0,13.3,4920,3055
1781444057.3107417,7,10,3.9976,1.0,0.035,0.446,NOMINAL,NORMAL,0,,0,13.3,4920,3055
1781444057.435411,7,10,3.9956,0.903,0.0242,0.271,NOMINAL,NORMAL,0,,0,13.3,4920,3055
1781444057.5593882,7,10,3.1046,1.027,0.0339,0.376,NOMINAL,NORMAL,0,,0,13.3,4920,3055
1781444057.685714,7,10,4.0599,0.978,0.0341,0.361,NOMINAL,NORMAL,0,,0,13.3,4920,3055
1781444057.8092446,7,10,2.5993,0.952,0.0359,0.389,NOMINAL,NORMAL,0,,0,13.3,4920,3055
1781444057.9358776,7,10,4.006,1.106,0.0352,0.38,NOMINAL,NORMAL,0,,0,14.0,4880,3055
1781444058.0604177,7,10,4.0272,0.953,0.0346,0.37,NOMINAL,NORMAL,0,,0,14.0,4880,3055
1781444058.1835032,7,10,2.1441,0.987,0.0358,0.394,NOMINAL,NORMAL,0,,0,14.0,4880,3055
1781444058.310522,7,10,4.0052,0.963,0.0344,0.403,NOMINAL,NORMAL,0,,0,14.0,4880,3055
1781444058.4345984,7,10,3.5875,0.707,0.0234,0.287,NOMINAL,NORMAL,0,,0,14.0,4880,3055
1781444058.5605512,7,10,4.0747,0.986,0.0339,0.396,NOMINAL,NORMAL,0,,0,14.0,4880,3055
1781444058.6855824,7,10,4.0288,0.984,0.0344,0.393,NOMINAL,NORMAL,0,,0,14.0,4880,3055
1781444058.809589,7,10,2.8876,1.085,0.0356,0.396,NOMINAL,NORMAL,0,,0,14.0,4880,3055
1781444058.9360108,7,10,4.0496,1.073,0.0362,0.394,NOMINAL,NORMAL,0,,0,13.2,4920,3055
1781444059.0606723,7,10,4.0914,0.88,0.0232,0.259,NOMINAL,NORMAL,0,,0,13.2,4920,3055
1781444059.1842854,7,10,2.6382,0.918,0.0352,0.397,NOMINAL,NORMAL,0,,0,13.2,4920,3055
1781444059.3108437,7,10,4.1145,0.983,0.0368,0.431,NOMINAL,NORMAL,0,,0,13.2,4920,3055
1781444059.434064,7,10,2.7322,0.733,0.0223,0.256,NOMINAL,NORMAL,0,,0,13.2,4920,3055
1781444059.5584056,7,10,2.1413,0.881,0.0324,0.367,NOMINAL,NORMAL,0,,0,13.2,4920,3055
1781444059.6858163,7,10,4.1043,0.977,0.036,0.375,NOMINAL,NORMAL,0,,0,13.2,4920,3055
1781444059.8091726,7,10,2.7632,1.005,0.0334,0.375,NOMINAL,NORMAL,0,,0,13.2,4920,3055
1781444059.9359343,7,10,4.0558,1.091,0.0359,0.389,NOMINAL,NORMAL,0,,77,13.5,4920,3055
1781444060.060062,7,10,3.6942,0.727,0.0215,0.246,NOMINAL,NORMAL,0,,77,13.5,4920,3055
1781444060.183745,7,10,2.1697,0.977,0.0323,0.375,NOMINAL,NORMAL,0,,77,13.5,4920,3055
1781444060.310767,7,10,4.0931,0.943,0.0322,0.426,NOMINAL,NORMAL,0,,77,13.5,4920,3055
1781444060.4337215,7,10,2.2293,0.877,0.0335,0.371,NOMINAL,NORMAL,0,,77,13.5,4920,3055
1781444060.560564,7,10,4.0975,0.957,0.0331,0.359,NOMINAL,NORMAL,0,,77,13.5,4920,3055
1781444060.6858459,7,10,4.0978,1.111,0.026,0.298,NOMINAL,NORMAL,0,,77,13.5,4920,3055
1781444060.8088794,7,10,2.651,0.942,0.0324,0.356,NOMINAL,NORMAL,0,,77,13.5,4920,3055
1781444060.9356987,7,10,3.9669,1.079,0.0347,0.377,NOMINAL,NORMAL,0,,85,13.0,4880,3055
1781444061.0592651,7,10,2.8869,0.735,0.0222,0.251,NOMINAL,NORMAL,0,,85,13.0,4880,3055
1781444061.1857924,7,10,4.0849,0.979,0.0322,0.372,NOMINAL,NORMAL,0,,85,13.0,4880,3055
1781444061.3106453,7,10,3.9996,0.942,0.0329,0.405,NOMINAL,NORMAL,0,,85,13.0,4880,3055
1781444061.434591,7,10,3.3999,0.835,0.0236,0.297,NOMINAL,NORMAL,0,,85,13.0,4880,3055
1781444061.5607848,7,10,4.031,0.995,0.0344,0.377,NOMINAL,NORMAL,0,,85,13.0,4880,3055
1781444061.6850598,7,10,3.9676,0.691,0.0221,0.252,NOMINAL,NORMAL,0,,85,13.0,4880,3055
1781444061.8089745,7,10,2.2487,1.097,0.0335,0.362,NOMINAL,NORMAL,0,,85,13.0,4880,3055
1781444061.9359744,7,10,4.0132,1.139,0.0352,0.384,NOMINAL,NORMAL,0,,97,12.7,4920,3056
1781444062.0589528,7,10,2.2349,0.934,0.0359,0.39,NOMINAL,NORMAL,0,,97,12.7,4920,3056
1781444062.185765,7,10,4.0789,1.056,0.0356,0.383,NOMINAL,NORMAL,0,,97,12.7,4920,3056
1781444062.3107905,7,10,4.0457,0.995,0.0745,0.429,NOMINAL,NORMAL,0,,97,12.7,4920,3056
1781444062.4353027,7,10,3.7124,1.088,0.0361,0.387,NOMINAL,NORMAL,0,,97,12.7,4920,3056
1781444062.5611038,7,10,4.0584,1.255,0.0339,0.375,NOMINAL,NORMAL,0,,97,12.7,4920,3056
1781444062.6845338,7,10,3.236,0.737,0.0245,0.254,NOMINAL,NORMAL,0,,97,12.7,4920,3056
1781444062.8092313,7,10,2.7771,1.016,0.0365,0.376,NOMINAL,NORMAL,0,,97,12.7,4920,3056
1781444062.9359436,7,10,4.0238,1.095,0.0351,0.387,NOMINAL,NORMAL,0,,99,13.2,4920,3056
1781444063.0585597,7,10,2.1607,0.928,0.035,0.404,NOMINAL,NORMAL,0,,99,13.2,4920,3056
1781444063.1858914,7,10,4.0775,1.038,0.0357,0.393,NOMINAL,NORMAL,0,,99,13.2,4920,3056
1781444063.3103817,7,10,4.0586,0.757,0.0228,0.254,NOMINAL,NORMAL,0,,99,13.2,4920,3056
1781444063.4352727,7,10,3.6878,1.118,0.0352,0.38,NOMINAL,NORMAL,0,,99,13.2,4920,3056
1781444063.5609658,7,10,4.0922,1.035,0.035,0.383,NOMINAL,NORMAL,0,,99,13.2,4920,3056
1781444063.6840682,7,10,2.4967,0.872,0.0339,0.372,NOMINAL,NORMAL,0,,99,13.2,4920,3056
1781444063.8109128,7,10,4.0842,1.017,0.0373,0.465,NOMINAL,NORMAL,0,,99,13.2,4920,3056
1781444063.9360776,7,10,4.1159,1.091,0.0356,0.388,NOMINAL,NORMAL,0,,99,13.2,4880,3056
1781444064.0596032,7,10,3.3123,0.778,0.0231,0.264,NOMINAL,NORMAL,0,,99,13.2,4880,3056
1781444064.186031,7,10,4.1592,1.073,0.0354,0.378,NOMINAL,NORMAL,0,,99,13.2,4880,3056
1781444064.3096735,7,10,3.4447,0.689,0.0247,0.249,NOMINAL,NORMAL,0,,99,13.2,4880,3056
1781444064.433585,7,10,2.1799,1.026,0.0346,0.361,NOMINAL,NORMAL,0,,99,13.2,4880,3056
1781444064.5608552,7,10,4.052,0.955,0.0322,0.432,NOMINAL,NORMAL,0,,99,13.2,4880,3056
1781444064.683682,7,10,2.1655,0.962,0.0349,0.384,NOMINAL,NORMAL,0,,99,13.2,4880,3056
1781444064.8108854,7,10,4.1121,0.984,0.035,0.427,NOMINAL,NORMAL,0,,99,13.2,4880,3056
1781444064.9356377,7,10,4.0816,0.913,0.0233,0.25,NOMINAL,NORMAL,0,,99,13.7,4920,3056
1781444065.0609684,7,10,4.1007,1.039,0.0356,0.383,NOMINAL,NORMAL,0,,99,13.7,4920,3056
1781444065.1859822,7,10,4.1395,1.009,0.0357,0.397,NOMINAL,NORMAL,0,,99,13.7,4920,3056
1781444065.3089554,7,10,2.7165,0.668,0.0229,0.259,NOMINAL,NORMAL,0,,99,13.7,4920,3056
1781444065.4358308,7,10,4.0261,1.02,0.0346,0.377,NOMINAL,NORMAL,0,,99,13.7,4920,3056
1781444065.5613742,7,10,4.5944,0.94,0.033,0.354,NOMINAL,NORMAL,0,,99,13.7,4920,3056
1781444065.683463,7,10,2.1783,0.902,0.0352,0.372,NOMINAL,NORMAL,0,,99,13.7,4920,3056
1781444065.8108418,7,10,4.0626,0.934,0.0319,0.413,NOMINAL,NORMAL,0,,99,13.7,4920,3056
1781444065.9349997,7,10,3.6067,0.788,0.0235,0.266,NOMINAL,NORMAL,0,,99,12.8,4920,3056
1781444066.0609698,7,10,4.0826,1.025,0.0349,0.379,NOMINAL,NORMAL,0,,99,12.8,4920,3056
1781444066.185917,7,10,4.0577,1.047,0.035,0.422,NOMINAL,NORMAL,0,,99,12.8,4920,3056
1781444066.308688,7,10,2.2198,0.851,0.0342,0.377,NOMINAL,NORMAL,0,,99,12.8,4920,3056
1781444066.4359171,7,10,4.0623,1.066,0.0346,0.377,NOMINAL,NORMAL,0,,99,12.8,4920,3056
1781444066.560742,7,10,4.0494,0.958,0.0254,0.271,NOMINAL,NORMAL,0,,99,12.8,4920,3056
1781444066.684069,7,10,2.7912,0.721,0.0234,0.254,NOMINAL,NORMAL,0,,99,12.8,4920,3056
1781444066.8109026,7,10,4.1267,1.022,0.0352,0.423,NOMINAL,NORMAL,0,,99,12.8,4920,3056
1781444066.9343448,7,10,2.9087,0.73,0.0349,0.385,NOMINAL,NORMAL,0,,99,13.0,4920,3056
1781444067.0586553,7,10,2.1612,0.941,0.0385,0.446,NOMINAL,NORMAL,0,,99,13.0,4920,3056
1781444067.1860874,7,10,4.1651,1.044,0.0361,0.403,NOMINAL,NORMAL,0,,99,13.0,4920,3056
1781444067.309265,7,10,2.847,0.995,0.0349,0.372,NOMINAL,NORMAL,0,,99,13.0,4920,3056
1781444067.4358358,7,10,4.0837,1.047,0.0348,0.379,NOMINAL,NORMAL,0,,99,13.0,4920,3056
1781444067.5602384,7,10,3.8581,0.737,0.0227,0.261,NOMINAL,NORMAL,0,,99,13.0,4920,3056
1781444067.6860092,7,10,4.1294,1.08,0.0363,0.394,NOMINAL,NORMAL,0,,99,13.0,4920,3056
1781444067.81076,7,10,4.0277,0.978,0.065,0.405,NOMINAL,NORMAL,0,,99,13.0,4920,3056
1781444067.9338593,7,10,2.2365,0.867,0.0352,0.37,NOMINAL,NORMAL,0,,99,14.0,4920,3056
1781444068.060925,7,10,4.0271,1.04,0.0364,0.375,NOMINAL,NORMAL,0,,99,14.0,4920,3056
1781444068.1859539,7,10,4.0699,0.997,0.0367,0.472,NOMINAL,NORMAL,0,,99,14.0,4920,3056
1781444068.3092263,7,10,3.0199,0.672,0.0233,0.252,NOMINAL,NORMAL,0,,99,14.0,4920,3056
1781444068.4357755,7,10,4.0633,0.988,0.0351,0.37,NOMINAL,NORMAL,0,,99,14.0,4920,3056
1781444068.5593932,7,10,3.0363,0.703,0.0254,0.25,NOMINAL,NORMAL,0,,99,14.0,4920,3056
1781444068.6860318,7,10,4.043,0.96,0.0339,0.385,NOMINAL,NORMAL,0,,99,14.0,4920,3056
1781444068.8108444,7,10,4.0425,0.978,0.035,0.439,NOMINAL,NORMAL,0,,99,14.0,4920,3056
1781444068.933383,7,10,2.2058,0.838,0.0344,0.378,NOMINAL,NORMAL,0,,14,14.2,4920,3056
1781444069.0608916,7,10,4.0546,1.006,0.0351,0.407,NOMINAL,NORMAL,0,,14,14.2,4920,3056
1781444069.1853933,7,10,4.0453,0.718,0.0235,0.265,NOMINAL,NORMAL,0,,14,14.2,4920,3056
1781444069.3087788,7,10,2.3543,0.809,0.0326,0.365,NOMINAL,NORMAL,0,,14,14.2,4920,3056
1781444069.4358947,7,10,4.0671,1.055,0.0342,0.37,NOMINAL,NORMAL,0,,14,14.2,4920,3056
1781444069.559031,7,10,2.3617,0.929,0.0345,0.377,NOMINAL,NORMAL,0,,14,14.2,4920,3056
1781444069.6857913,7,10,4.0415,1.006,0.0338,0.404,NOMINAL,NORMAL,0,,14,14.2,4920,3056
1781444069.8109763,7,10,4.0445,1.24,0.0344,0.368,NOMINAL,NORMAL,0,,14,14.2,4920,3056
1781444069.935116,7,10,3.5468,1.252,0.0335,0.368,NOMINAL,NORMAL,0,,8,12.3,4920,3056
1781444070.0607073,7,10,4.0141,1.047,0.0364,0.386,NOMINAL,NORMAL,0,,8,12.3,4920,3056
1781444070.1850185,7,10,3.2927,1.02,0.024,0.279,NOMINAL,NORMAL,0,,8,12.3,4920,3056
1781444070.3091588,7,10,2.726,0.988,0.0346,0.375,NOMINAL,NORMAL,0,,8,12.3,4920,3056
1781444070.4355338,7,10,3.9702,0.999,0.034,0.369,NOMINAL,NORMAL,0,,8,12.3,4920,3056
1781444070.558599,7,10,2.168,0.879,0.0352,0.409,NOMINAL,NORMAL,0,,8,12.3,4920,3056
1781444070.6863704,7,10,4.5421,1.032,0.0346,0.38,NOMINAL,NORMAL,0,,8,12.3,4920,3056
1781444070.810562,7,10,4.1667,0.781,0.0243,0.279,NOMINAL,NORMAL,0,,8,12.3,4920,3056
1781444070.9340577,7,10,2.6343,0.848,0.0343,0.366,NOMINAL,NORMAL,0,,8,12.3,4920,3056
1781444071.0608218,7,10,4.0404,0.981,0.0351,0.382,NOMINAL,NORMAL,0,,5,14.2,4920,3056
1781444071.1842942,7,10,2.6296,0.922,0.0367,0.378,NOMINAL,NORMAL,0,,5,14.2,4920,3056
1781444071.3108408,7,10,4.0586,1.007,0.036,0.426,NOMINAL,NORMAL,0,,5,14.2,4920,3056
1781444071.4354727,7,10,3.9252,0.992,0.0357,0.37,NOMINAL,NORMAL,0,,5,14.2,4920,3056
1781444071.558412,7,10,2.1486,0.88,0.0353,0.368,NOMINAL,NORMAL,0,,5,14.2,4920,3056
1781444071.6858149,7,10,4.0432,1.007,0.0364,0.395,NOMINAL,NORMAL,0,,5,14.2,4920,3056
1781444071.809439,7,10,2.9783,0.812,0.0355,0.381,NOMINAL,NORMAL,0,,5,14.2,4920,3056
1781444071.9358327,7,10,4.0463,1.064,0.0365,0.379,NOMINAL,NORMAL,0,,5,14.2,4920,3056
1781444072.0609214,7,10,4.0445,1.031,0.0347,0.372,NOMINAL,NORMAL,0,,7,13.2,4920,3056
1781444072.1837637,7,10,2.1595,1.002,0.0355,0.372,NOMINAL,NORMAL,0,,7,13.2,4920,3056
1781444072.310613,7,10,4.0348,0.899,0.033,0.399,NOMINAL,NORMAL,0,,7,13.2,4920,3056
1781444072.435859,7,10,4.0929,1.009,0.0254,0.258,NOMINAL,NORMAL,0,,7,13.2,4920,3056
1781444072.5590477,7,10,2.658,0.702,0.0326,0.336,NOMINAL,NORMAL,0,,7,13.2,4920,3056
1781444072.6856425,7,10,3.9016,0.973,0.0339,0.377,NOMINAL,NORMAL,0,,7,13.2,4920,3056
1781444072.8089447,7,10,2.9191,0.692,0.023,0.251,NOMINAL,NORMAL,0,,7,13.2,4920,3056
1781444072.9357393,7,10,4.0064,1.044,0.0349,0.374,NOMINAL,NORMAL,0,,7,13.2,4920,3056
1781444073.0612707,7,10,4.0614,1.348,0.0342,0.383,NOMINAL,NORMAL,0,,0,13.0,4880,3056
1781444073.1839757,7,10,2.2119,1.287,0.0364,0.384,NOMINAL,NORMAL,0,,0,13.0,4880,3056
1781444073.311171,7,10,4.1005,1.343,0.0367,0.385,NOMINAL,NORMAL,0,,0,13.0,4880,3056
1781444073.4353828,7,10,3.7931,1.04,0.0239,0.257,NOMINAL,NORMAL,0,,0,13.0,4880,3056
1781444073.5586464,7,10,2.1503,0.86,0.0338,0.397,NOMINAL,NORMAL,0,,0,13.0,4880,3056
1781444073.6860409,7,10,4.1096,1.075,0.0347,0.44,NOMINAL,NORMAL,0,,0,13.0,4880,3056
1781444073.8088129,7,10,2.2499,0.885,0.0351,0.39,NOMINAL,NORMAL,0,,0,13.0,4880,3056
1781444073.936275,7,10,4.1115,1.347,0.0355,0.388,NOMINAL,NORMAL,0,,0,13.0,4880,3056
1781444074.060815,7,10,4.0273,1.05,0.0272,0.293,NOMINAL,NORMAL,0,,0,13.7,4880,3056
1781444074.1840906,7,10,2.4351,1.107,0.0362,0.385,NOMINAL,NORMAL,0,,0,13.7,4880,3056
1781444074.3109305,7,10,4.1107,1.079,0.0349,0.388,NOMINAL,NORMAL,0,,0,13.7,4880,3056
1781444074.4342062,7,10,3.0891,0.715,0.0239,0.253,NOMINAL,NORMAL,0,,0,13.7,4880,3056
1781444074.558378,7,10,2.1406,0.88,0.034,0.367,NOMINAL,NORMAL,0,,0,13.7,4880,3056
1781444074.685792,7,10,4.0533,1.02,0.0341,0.389,NOMINAL,NORMAL,0,,0,13.7,4880,3056
1781444074.8082213,7,10,2.1735,0.874,0.036,0.376,NOMINAL,NORMAL,0,,0,13.7,4880,3056
1781444074.9342754,7,10,3.2281,0.791,0.0245,0.295,NOMINAL,NORMAL,0,,0,13.7,4880,3056
1781444075.0604317,7,10,3.968,0.764,0.0229,0.253,NOMINAL,NORMAL,0,,6,13.5,4920,3056
1781444075.1841192,7,10,2.3151,1.027,0.0344,0.376,NOMINAL,NORMAL,0,,6,13.5,4920,3056
1781444075.3108988,7,10,4.0838,1.029,0.0353,0.431,NOMINAL,NORMAL,0,,6,13.5,4920,3056
1781444075.434006,7,10,2.4041,0.931,0.0344,0.382,NOMINAL,NORMAL,0,,6,13.5,4920,3056
1781444075.5607224,7,10,4.0678,1.028,0.0348,0.391,NOMINAL,NORMAL,0,,6,13.5,4920,3056
1781444075.6861122,7,10,4.0555,1.281,0.035,0.399,NOMINAL,NORMAL,0,,6,13.5,4920,3056
1781444075.8087687,7,10,2.5011,0.998,0.0342,0.378,NOMINAL,NORMAL,0,,6,13.5,4920,3056
1781444075.9350855,7,10,3.6192,1.057,0.0342,0.382,NOMINAL,NORMAL,0,,6,13.5,4920,3056
1781444076.059483,7,10,3.2596,0.756,0.0213,0.252,NOMINAL,NORMAL,0,,0,13.7,4880,3056
1781444076.1859992,7,10,4.1032,1.089,0.0364,0.389,NOMINAL,NORMAL,0,,0,13.7,4880,3056
1781444076.311012,7,10,4.086,1.115,0.0343,0.392,NOMINAL,NORMAL,0,,0,13.7,4880,3056
1781444076.433608,7,10,2.2312,0.927,0.0335,0.377,NOMINAL,NORMAL,0,,0,13.7,4880,3056
1781444076.5610316,7,10,4.0367,1.033,0.0342,0.536,NOMINAL,NORMAL,0,,0,13.7,4880,3056
1781444076.685472,7,10,3.9728,0.863,0.0239,0.26,NOMINAL,NORMAL,0,,0,13.7,4880,3056
1781444076.809184,7,10,2.4609,0.969,0.0363,0.388,NOMINAL,NORMAL,0,,0,13.7,4880,3056
1781444076.9360328,7,10,4.118,1.057,0.0362,0.378,NOMINAL,NORMAL,0,,0,13.7,4880,3056
1781444077.0591812,7,10,2.4848,0.921,0.0356,0.377,NOMINAL,NORMAL,0,,0,13.3,4920,3056
1781444077.1835074,7,10,2.1674,0.941,0.0362,0.372,NOMINAL,NORMAL,0,,0,13.3,4920,3056
1781444077.3109953,7,10,4.1027,1.079,0.0353,0.406,NOMINAL,NORMAL,0,,0,13.3,4920,3056
1781444077.434568,7,10,3.3268,0.98,0.0247,0.294,NOMINAL,NORMAL,0,,0,13.3,4920,3056
1781444077.5588133,7,10,2.1361,1.169,0.0394,0.438,NOMINAL,NORMAL,0,,0,13.3,4920,3056
1781444077.684931,7,10,3.5613,0.756,0.0236,0.27,NOMINAL,NORMAL,0,,0,13.3,4920,3056
1781444077.810795,7,10,4.0801,0.983,0.0375,0.41,NOMINAL,NORMAL,0,,0,13.3,4920,3056
1781444077.9359102,7,10,4.0665,1.089,0.0358,0.389,NOMINAL,NORMAL,0,,0,13.3,4920,3056
1781444078.0588236,7,10,2.1952,0.942,0.0348,0.428,NOMINAL,NORMAL,0,,11,13.3,4920,3056
1781444078.1859956,7,10,4.1008,1.064,0.0365,0.389,NOMINAL,NORMAL,0,,11,13.3,4920,3056
1781444078.3108819,7,10,4.0734,1.152,0.0251,0.282,NOMINAL,NORMAL,0,,11,13.3,4920,3056
1781444078.4351351,7,10,3.687,1.048,0.035,0.382,NOMINAL,NORMAL,0,,11,13.3,4920,3056
1781444078.5608573,7,10,4.0432,1.054,0.034,0.378,NOMINAL,NORMAL,0,,11,13.3,4920,3056
1781444078.684571,7,10,2.7451,1.13,0.0338,0.389,NOMINAL,NORMAL,0,,11,13.3,4920,3056
1781444078.8106341,7,10,4.0755,0.959,0.0323,0.407,NOMINAL,NORMAL,0,,11,13.3,4920,3056
1781444078.9359396,7,10,4.0626,1.092,0.0353,0.383,NOMINAL,NORMAL,0,,11,13.3,4920,3056
1781444079.0588424,7,10,2.167,1.191,0.0372,0.463,NOMINAL,NORMAL,0,,62,13.8,4880,3057
1781444079.1859214,7,10,4.0591,1.075,0.0358,0.385,NOMINAL,NORMAL,0,,62,13.8,4880,3057
1781444079.310078,7,10,3.7299,0.767,0.0221,0.26,NOMINAL,NORMAL,0,,62,13.8,4880,3057
1781444079.4357495,7,10,4.0116,1.285,0.0354,0.387,NOMINAL,NORMAL,0,,62,13.8,4880,3057
1781444079.5612357,7,10,4.0495,1.29,0.0346,0.464,NOMINAL,NORMAL,0,,62,13.8,4880,3057
1781444079.6841695,7,10,2.2042,1.319,0.0353,0.378,NOMINAL,NORMAL,0,,62,13.8,4880,3057
1781444079.8110628,7,10,4.1141,1.138,0.0349,0.393,NOMINAL,NORMAL,0,,62,13.8,4880,3057
1781444079.935816,7,10,4.0456,1.097,0.022,0.263,NOMINAL,NORMAL,0,,62,13.8,4880,3057
1781444080.059138,7,10,2.8442,0.787,0.0223,0.257,NOMINAL,NORMAL,0,,91,13.7,4960,3057
1781444080.1859155,7,10,4.049,1.074,0.0353,0.399,NOMINAL,NORMAL,0,,91,13.7,4960,3057
1781444080.3092306,7,10,3.0903,0.712,0.0226,0.272,NOMINAL,NORMAL,0,,91,13.7,4960,3057
1781444080.4354596,7,10,3.7837,1.174,0.0356,0.387,NOMINAL,NORMAL,0,,91,13.7,4960,3057
1781444080.5609696,7,10,4.0913,1.051,0.0342,0.377,NOMINAL,NORMAL,0,,91,13.7,4960,3057
1781444080.6835227,7,10,2.1559,0.971,0.0353,0.379,NOMINAL,NORMAL,0,,91,13.7,4960,3057
1781444080.8111236,7,10,4.0071,1.35,0.0348,0.387,NOMINAL,NORMAL,0,,91,13.7,4960,3057
1781444080.9352999,7,10,3.8753,0.8,0.0229,0.258,NOMINAL,NORMAL,0,,91,13.7,4960,3057
1781444081.06106,7,10,4.0641,1.324,0.0351,0.381,NOMINAL,NORMAL,0,,81,13.5,4920,3057
1781444081.1862764,7,10,4.166,1.33,0.035,0.389,NOMINAL,NORMAL,0,,81,13.5,4920,3057
1781444081.309258,7,10,2.3521,1.207,0.0333,0.38,NOMINAL,NORMAL,0,,81,13.5,4920,3057
1781444081.435951,7,10,4.0206,1.127,0.0349,0.385,NOMINAL,NORMAL,0,,81,13.5,4920,3057
1781444081.5607421,7,10,3.8085,1.093,0.0352,0.391,NOMINAL,NORMAL,0,,81,13.5,4920,3057
1781444081.6836178,7,10,2.1614,1.073,0.0357,0.382,NOMINAL,NORMAL,0,,81,13.5,4920,3057
1781444081.8115287,7,10,4.0477,1.722,0.0375,0.392,NOMINAL,NORMAL,0,,81,13.5,4920,3057
1781444081.9347694,7,10,3.298,0.785,0.0247,0.352,NOMINAL,NORMAL,0,,81,13.5,4920,3057
1781444082.058889,7,10,2.1564,1.251,0.0346,0.427,NOMINAL,NORMAL,0,,99,12.7,4880,3057
1781444082.1863155,7,10,4.1171,1.374,0.0356,0.392,NOMINAL,NORMAL,0,,99,12.7,4880,3057
1781444082.3094914,7,10,2.8025,1.304,0.0264,0.291,NOMINAL,NORMAL,0,,99,12.7,4880,3057
1781444082.4355483,7,10,3.7062,1.39,0.0371,0.399,NOMINAL,NORMAL,0,,99,12.7,4880,3057
1781444082.56085,7,10,4.0619,1.046,0.0228,0.341,NOMINAL,NORMAL,0,,99,12.7,4880,3057
1781444082.684021,7,10,2.3587,1.024,0.0225,0.278,NOMINAL,NORMAL,0,,99,12.7,4880,3057
1781444082.8110845,7,10,4.1093,1.166,0.0354,0.395,NOMINAL,NORMAL,0,,99,12.7,4880,3057
1781444082.9344394,7,10,2.4912,1.221,0.0353,0.38,NOMINAL,NORMAL,0,,99,12.7,4880,3057
1781444083.0609853,7,10,4.115,1.025,0.0332,0.371,NOMINAL,NORMAL,0,,99,14.0,4920,3057
1781444083.185834,7,10,4.043,1.048,0.0352,0.377,NOMINAL,NORMAL,0,,99,14.0,4920,3057
1781444083.3088038,7,10,2.533,0.999,0.0348,0.379,NOMINAL,NORMAL,0,,99,14.0,4920,3057
1781444083.4360201,7,10,4.0394,1.101,0.0343,0.389,NOMINAL,NORMAL,0,,99,14.0,4920,3057
1781444083.5598862,7,10,3.4538,0.805,0.0226,0.267,NOMINAL,NORMAL,0,,99,14.0,4920,3057
1781444083.6858685,7,10,4.0553,1.075,0.0344,0.385,NOMINAL,NORMAL,0,,99,14.0,4920,3057
1781444083.810912,7,10,4.0639,1.083,0.034,0.386,NOMINAL,NORMAL,0,,99,14.0,4920,3057
1781444083.9340062,7,10,2.2035,1.229,0.0376,0.397,NOMINAL,NORMAL,0,,99,14.0,4920,3057
1781444084.0585618,7,10,2.1402,0.96,0.0337,0.408,NOMINAL,NORMAL,0,,99,13.5,4920,3057
1781444084.1858284,7,10,4.0778,1.128,0.0226,0.268,NOMINAL,NORMAL,0,,99,13.5,4920,3057
1781444084.3091228,7,10,2.8909,0.983,0.034,0.368,NOMINAL,NORMAL,0,,99,13.5,4920,3057
1781444084.4359162,7,10,4.0627,1.095,0.0348,0.377,NOMINAL,NORMAL,0,,99,13.5,4920,3057
1781444084.5593083,7,10,2.4728,1.102,0.0348,0.386,NOMINAL,NORMAL,0,,99,13.5,4920,3057
1781444084.6835377,7,10,2.1481,0.992,0.0361,0.381,NOMINAL,NORMAL,0,,99,13.5,4920,3057
1781444084.8107276,7,10,4.0826,1.02,0.0334,0.425,NOMINAL,NORMAL,0,,99,13.5,4920,3057
1781444084.9335465,7,10,2.1823,0.964,0.035,0.374,NOMINAL,NORMAL,0,,99,13.5,4920,3057
1781444085.0589335,7,10,2.1979,1.231,0.0347,0.398,NOMINAL,NORMAL,0,,99,13.5,4960,3057
1781444085.1836681,7,10,2.17,1.033,0.0353,0.378,NOMINAL,NORMAL,0,,99,13.5,4960,3057
1781444085.308964,7,10,2.2191,1.177,0.0353,0.376,NOMINAL,NORMAL,0,,99,13.5,4960,3057
1781444085.4356964,7,10,4.0068,1.088,0.0343,0.387,NOMINAL,NORMAL,0,,99,13.5,4960,3057
1781444085.5590458,7,10,2.1502,1.225,0.0353,0.38,NOMINAL,NORMAL,0,,99,13.5,4960,3057
1781444085.6861548,7,10,4.0872,1.287,0.0331,0.375,NOMINAL,NORMAL,0,,99,13.5,4960,3057
1781444085.8107831,7,10,4.0663,1.005,0.0264,0.313,NOMINAL,NORMAL,0,,99,13.5,4960,3057
1781444085.9354348,7,10,3.6547,1.363,0.034,0.375,NOMINAL,NORMAL,0,,99,13.5,4960,3057
1781444086.0609632,7,10,4.0814,1.056,0.0358,0.392,NOMINAL,NORMAL,0,,99,13.5,4960,3057
1781444086.1845438,7,10,2.947,0.998,0.0238,0.258,NOMINAL,NORMAL,0,,99,13.5,4960,3057
1781444086.31072,7,10,4.0924,1.001,0.0345,0.422,NOMINAL,NORMAL,0,,99,13.5,4960,3057
1781444086.4359593,7,10,4.0606,1.111,0.0359,0.399,NOMINAL,NORMAL,0,,99,13.5,4960,3057
1781444086.5586944,7,10,2.1778,0.99,0.0361,0.427,NOMINAL,NORMAL,0,,99,13.5,4960,3057
1781444086.686181,7,10,4.1199,1.29,0.0371,0.384,NOMINAL,NORMAL,0,,99,13.5,4960,3057
1781444086.8103287,7,10,3.8903,0.976,0.0248,0.264,NOMINAL,NORMAL,0,,99,13.5,4960,3057
1781444086.9355047,7,10,3.9768,1.073,0.0359,0.384,NOMINAL,NORMAL,0,,99,13.5,4960,3057
1781444087.0609226,7,10,4.0695,1.027,0.0336,0.372,NOMINAL,NORMAL,0,,99,13.8,4920,3057
1781444087.1844528,7,10,2.2722,1.385,0.0349,0.385,NOMINAL,NORMAL,0,,99,13.8,4920,3057
1781444087.3092656,7,10,2.8392,1.014,0.0342,0.376,NOMINAL,NORMAL,0,,99,13.8,4920,3057
1781444087.4362528,7,10,4.0641,1.517,0.0274,0.304,NOMINAL,NORMAL,0,,99,13.8,4920,3057
1781444087.559498,7,10,3.026,0.859,0.0355,0.386,NOMINAL,NORMAL,0,,99,13.8,4920,3057
1781444087.6859536,7,10,4.0517,1.084,0.0353,0.392,NOMINAL,NORMAL,0,,99,13.8,4920,3057
1781444087.8095024,7,10,3.1461,0.766,0.0217,0.257,NOMINAL,NORMAL,0,,99,13.8,4920,3057
1781444087.9354892,7,10,3.6899,1.358,0.0346,0.384,NOMINAL,NORMAL,0,,99,13.8,4920,3057
1781444088.061233,7,10,4.0735,1.318,0.0353,0.381,NOMINAL,NORMAL,0,,99,12.8,4920,3057
1781444088.1839943,7,10,2.1838,1.31,0.0356,0.396,NOMINAL,NORMAL,0,,99,12.8,4920,3057
1781444088.3112025,7,10,4.0538,1.354,0.0358,0.388,NOMINAL,NORMAL,0,,99,12.8,4920,3057
1781444088.4356923,7,10,4.0228,1.054,0.0239,0.264,NOMINAL,NORMAL,0,,99,12.8,4920,3057
1781444088.5616314,7,10,4.0454,1.335,0.0414,0.773,NOMINAL,NORMAL,0,,99,12.8,4920,3057
1781444088.6862073,7,10,4.1175,1.302,0.0351,0.387,NOMINAL,NORMAL,0,,99,12.8,4920,3057
1781444088.809251,7,10,2.4577,1.003,0.0361,0.386,NOMINAL,NORMAL,0,,99,12.8,4920,3057
1781444088.9361162,7,10,4.0695,1.104,0.0359,0.396,NOMINAL,NORMAL,0,,99,12.8,4920,3057
1781444089.0610304,7,10,4.0993,1.067,0.0348,0.381,NOMINAL,NORMAL,0,,53,14.5,4920,3057
1781444089.1839063,7,10,2.1909,1.284,0.0354,0.378,NOMINAL,NORMAL,0,,53,14.5,4920,3057
1781444089.3111892,7,10,4.0679,1.348,0.0343,0.39,NOMINAL,NORMAL,0,,53,14.5,4920,3057
1781444089.4350698,7,10,3.3943,1.014,0.0236,0.268,NOMINAL,NORMAL,0,,53,14.5,4920,3057
1781444089.5613675,7,10,4.1097,1.358,0.0345,0.399,NOMINAL,NORMAL,0,,53,14.5,4920,3057
1781444089.6860244,7,10,4.1384,1.088,0.0349,0.381,NOMINAL,NORMAL,0,,53,14.5,4920,3057
1781444089.8094683,7,10,2.8903,1.066,0.0375,0.372,NOMINAL,NORMAL,0,,53,14.5,4920,3057
1781444089.9352,7,10,3.6828,1.093,0.0371,0.389,NOMINAL,NORMAL,0,,53,14.5,4920,3057
1781444090.061051,7,10,4.0383,1.045,0.0235,0.483,NOMINAL,NORMAL,0,,7,12.8,4920,3057
1781444090.1844616,7,10,2.485,1.214,0.035,0.385,NOMINAL,NORMAL,0,,7,12.8,4920,3057
1781444090.3108432,7,10,4.0321,1.016,0.0357,0.43,NOMINAL,NORMAL,0,,7,12.8,4920,3057
1781444090.4345613,7,10,2.6954,1.145,0.0348,0.412,NOMINAL,NORMAL,0,,7,12.8,4920,3057
1781444090.5610166,7,10,4.0315,1.103,0.0353,0.386,NOMINAL,NORMAL,0,,7,12.8,4920,3057
1781444090.6858091,7,10,4.0147,1.05,0.0355,0.384,NOMINAL,NORMAL,0,,7,12.8,4920,3057
1781444090.8088028,7,10,2.2225,1.207,0.037,0.388,NOMINAL,NORMAL,0,,7,12.8,4920,3057
1781444090.9358952,7,10,4.034,1.104,0.0356,0.381,NOMINAL,NORMAL,0,,7,12.8,4920,3057
1781444091.0593114,7,10,2.6527,0.921,0.0349,0.381,NOMINAL,NORMAL,0,,7,12.8,4920,3057
1781444091.186355,7,10,4.1694,1.364,0.0359,0.394,NOMINAL,NORMAL,0,,14,13.0,4880,3057
1781444091.3109243,7,10,4.0887,1.071,0.0354,0.389,NOMINAL,NORMAL,0,,14,13.0,4880,3057
1781444091.433678,7,10,2.2041,0.937,0.0367,0.38,NOMINAL,NORMAL,0,,14,13.0,4880,3057
1781444091.5608838,7,10,4.0175,1.06,0.0345,0.386,NOMINAL,NORMAL,0,,14,13.0,4880,3057
1781444091.6858542,7,10,4.1612,0.979,0.024,0.268,NOMINAL,NORMAL,0,,14,13.0,4880,3057
1781444091.8095043,7,10,2.973,1.049,0.0357,0.378,NOMINAL,NORMAL,0,,14,13.0,4880,3057
1781444091.935997,7,10,4.1094,1.061,0.0359,0.385,NOMINAL,NORMAL,0,,14,13.0,4880,3057
1781444092.0593762,7,10,2.8487,0.799,0.0351,0.368,NOMINAL,NORMAL,0,,14,13.0,4880,3057
1781444092.1858027,7,10,4.0283,1.04,0.0363,0.375,NOMINAL,NORMAL,0,,0,13.2,4880,3057
1781444092.3107843,7,10,4.0707,0.973,0.0786,0.418,NOMINAL,NORMAL,0,,0,13.2,4880,3057
1781444092.4350507,7,10,3.6879,0.78,0.0232,0.256,NOMINAL,NORMAL,0,,0,13.2,4880,3057
1781444092.560835,7,10,4.0594,1.025,0.0343,0.38,NOMINAL,NORMAL,0,,0,13.2,4880,3057
1781444092.6852193,7,10,3.7795,0.768,0.023,0.256,NOMINAL,NORMAL,0,,0,13.2,4880,3057
1781444092.8087275,7,10,2.2509,0.876,0.0346,0.368,NOMINAL,NORMAL,0,,0,13.2,4880,3057
1781444092.9359028,7,10,4.0778,1.057,0.0339,0.37,NOMINAL,NORMAL,0,,0,13.2,4880,3057
1781444093.0594192,7,10,2.3237,1.318,0.0345,0.375,NOMINAL,NORMAL,0,,0,13.2,4880,3057
1781444093.1861424,7,10,4.1187,1.279,0.0342,0.368,NOMINAL,NORMAL,0,,6,14.2,4920,3057
1781444093.3108344,7,10,4.0838,0.949,0.03,0.454,NOMINAL,NORMAL,0,,6,14.2,4920,3057
1781444093.4352472,7,10,3.6308,1.251,0.0338,0.352,NOMINAL,NORMAL,0,,6,14.2,4920,3057
1781444093.5608673,7,10,4.1011,0.964,0.0341,0.384,NOMINAL,NORMAL,0,,6,14.2,4920,3057
1781444093.6845663,7,10,3.0893,0.791,0.0236,0.26,NOMINAL,NORMAL,0,,6,14.2,4920,3057
1781444093.8108125,7,10,4.0471,0.985,0.033,0.406,NOMINAL,NORMAL,0,,6,14.2,4920,3057
1781444093.935911,7,10,4.0375,1.072,0.0353,0.377,NOMINAL,NORMAL,0,,6,14.2,4920,3057
1781444094.0587118,7,10,2.1283,1.141,0.0345,0.406,NOMINAL,NORMAL,0,,6,14.2,4920,3057
1781444094.1846123,7,10,3.1984,0.768,0.0234,0.258,NOMINAL,NORMAL,0,,0,12.7,4888,3057
1781444094.3102405,7,10,3.972,0.691,0.022,0.245,NOMINAL,NORMAL,0,,0,12.7,4888,3057
1781444094.4352214,7,10,3.8448,0.992,0.0338,0.356,NOMINAL,NORMAL,0,,0,12.7,4888,3057
1781444094.5609918,7,10,4.0999,1.015,0.0338,0.372,NOMINAL,NORMAL,0,,0,12.7,4888,3057
1781444094.684337,7,10,2.3949,1.16,0.0349,0.377,NOMINAL,NORMAL,0,,0,12.7,4888,3057
1781444094.8093274,7,10,2.8859,0.993,0.0347,0.359,NOMINAL,NORMAL,0,,0,12.7,4888,3057
1781444094.9361792,7,10,4.0528,1.263,0.0344,0.463,NOMINAL,NORMAL,0,,0,12.7,4888,3057
1781444095.0584176,7,10,2.1621,0.879,0.0338,0.36,NOMINAL,NORMAL,0,,0,12.7,4888,3057
1781444095.1858747,7,10,4.1231,0.973,0.0325,0.36,NOMINAL,NORMAL,0,,0,13.3,4880,3059
1781444095.3097668,7,10,3.2591,0.92,0.0225,0.249,NOMINAL,NORMAL,0,,0,13.3,4880,3059
1781444095.4340794,7,10,2.3913,1.245,0.0341,0.364,NOMINAL,NORMAL,0,,0,13.3,4880,3059
1781444095.5607977,7,10,4.0459,0.96,0.0341,0.368,NOMINAL,NORMAL,0,,0,13.3,4880,3059
1781444095.6836636,7,10,2.1631,0.99,0.034,0.387,NOMINAL,NORMAL,0,,0,13.3,4880,3059
1781444095.8109214,7,10,4.0748,1.025,0.0358,0.451,NOMINAL,NORMAL,0,,0,13.3,4880,3059
1781444095.9357333,7,10,4.0134,1.102,0.0235,0.28,NOMINAL,NORMAL,0,,0,13.3,4880,3059
1781444096.0606806,7,10,3.9956,1.044,0.034,0.381,NOMINAL,NORMAL,0,,0,13.3,4880,3059
1781444096.1858337,7,10,4.0315,1.007,0.036,0.377,NOMINAL,NORMAL,0,,0,13.7,4920,3059
1781444096.3090634,7,10,2.5432,0.841,0.0348,0.368,NOMINAL,NORMAL,0,,0,13.7,4920,3059
1781444096.4357722,7,10,4.0277,1.024,0.0336,0.356,NOMINAL,NORMAL,0,,0,13.7,4920,3059
1781444096.5609052,7,10,4.0996,1.0,0.0333,0.373,NOMINAL,NORMAL,0,,0,13.7,4920,3059
1781444096.6844215,7,10,3.4793,0.705,0.0217,0.25,NOMINAL,NORMAL,0,,0,13.7,4920,3059
1781444096.8110826,7,10,4.0199,1.332,0.0346,0.385,NOMINAL,NORMAL,0,,0,13.7,4920,3059
1781444096.935526,7,10,3.7317,1.331,0.0333,0.384,NOMINAL,NORMAL,0,,0,13.7,4920,3059
1781444097.060806,7,10,4.0363,1.025,0.0354,0.38,NOMINAL,NORMAL,0,,0,13.7,4920,3059
1781444097.1851392,7,10,3.7885,0.752,0.022,0.266,NOMINAL,NORMAL,0,,4,12.8,4880,3059
1781444097.3093824,7,10,2.8829,0.963,0.0341,0.366,NOMINAL,NORMAL,0,,4,12.8,4880,3059
1781444097.4357004,7,10,3.9595,1.014,0.0331,0.357,NOMINAL,NORMAL,0,,4,12.8,4880,3059
1781444097.5605712,7,10,4.0535,0.85,0.0236,0.243,NOMINAL,NORMAL,0,,4,12.8,4880,3059
1781444097.6845975,7,10,2.6671,1.182,0.0358,0.376,NOMINAL,NORMAL,0,,4,12.8,4880,3059
1781444097.81098,7,10,4.0734,1.063,0.0354,0.38,NOMINAL,NORMAL,0,,4,12.8,4880,3059
1781444097.9340415,7,10,2.7579,0.713,0.0221,0.25,NOMINAL,NORMAL,0,,4,12.8,4880,3059
1781444098.0608754,7,10,4.0738,0.98,0.033,0.366,NOMINAL,NORMAL,0,,4,12.8,4880,3059
1781444098.1858284,7,10,4.0526,0.988,0.0341,0.369,NOMINAL,NORMAL,0,,24,13.7,4920,3059
1781444098.3091195,7,10,2.7771,0.957,0.0333,0.365,NOMINAL,NORMAL,0,,24,13.7,4920,3059
1781444098.4352517,7,10,3.7223,1.084,0.0343,0.38,NOMINAL,NORMAL,0,,24,13.7,4920,3059
1781444098.5600421,7,10,3.73,0.717,0.0237,0.254,NOMINAL,NORMAL,0,,24,13.7,4920,3059
1781444098.6838572,7,10,2.1394,1.155,0.0341,0.376,NOMINAL,NORMAL,0,,24,13.7,4920,3059
1781444098.8108418,7,10,4.0493,0.988,0.035,0.425,NOMINAL,NORMAL,0,,24,13.7,4920,3059
1781444098.9340794,7,10,2.2236,1.165,0.0354,0.384,NOMINAL,NORMAL,0,,24,13.7,4920,3059
1781444099.0607324,7,10,4.0775,0.998,0.0324,0.361,NOMINAL,NORMAL,0,,24,13.7,4920,3059
1781444099.1859267,7,10,4.1,1.089,0.0251,0.272,NOMINAL,NORMAL,0,,45,13.8,4920,3059
1781444099.3084905,7,10,2.3646,0.903,0.0337,0.362,NOMINAL,NORMAL,0,,45,13.8,4920,3059
1781444099.4354107,7,10,3.9337,0.913,0.0311,0.346,NOMINAL,NORMAL,0,,45,13.8,4920,3059
1781444099.559165,7,10,2.9201,0.686,0.0209,0.239,NOMINAL,NORMAL,0,,45,13.8,4920,3059
1781444099.6857376,7,10,3.9714,0.99,0.0331,0.374,NOMINAL,NORMAL,0,,45,13.8,4920,3059
1781444099.8108194,7,10,4.0033,1.003,0.0395,0.437,NOMINAL,NORMAL,0,,45,13.8,4920,3059
1781444099.934669,7,10,3.6436,0.73,0.0459,0.273,NOMINAL,NORMAL,0,,45,13.8,4920,3059
1781444100.0609667,7,10,4.1029,1.03,0.0344,0.367,NOMINAL,NORMAL,0,,45,13.8,4920,3059
1781444100.1848676,7,10,3.1496,0.881,0.0349,0.394,NOMINAL,NORMAL,0,,55,13.2,4920,3059
1781444100.308838,7,10,2.2445,0.89,0.0356,0.379,NOMINAL,NORMAL,0,,55,13.2,4920,3059
1781444100.4359162,7,10,4.0831,1.056,0.0347,0.381,NOMINAL,NORMAL,0,,55,13.2,4920,3059
1781444100.5588634,7,10,2.191,0.873,0.0339,0.411,NOMINAL,NORMAL,0,,55,13.2,4920,3059
1781444100.68348,7,10,2.1725,0.919,0.0356,0.372,NOMINAL,NORMAL,0,,55,13.2,4920,3059
1781444100.8110328,7,10,4.1082,1.075,0.0365,0.342,NOMINAL,NORMAL,0,,55,13.2,4920,3059
1781444100.9351628,7,10,3.6575,1.108,0.035,0.37,NOMINAL,NORMAL,0,,55,13.2,4920,3059
1781444101.060929,7,10,4.0896,1.012,0.0362,0.376,NOMINAL,NORMAL,0,,55,13.2,4920,3059
1781444101.184617,7,10,3.2472,0.757,0.0215,0.249,NOMINAL,NORMAL,0,,73,13.2,4920,3059
1781444101.3108056,7,10,4.0522,0.979,0.0372,0.427,NOMINAL,NORMAL,0,,73,13.2,4920,3059
1781444101.4334996,7,10,2.2238,0.887,0.0334,0.374,NOMINAL,NORMAL,0,,73,13.2,4920,3059
1781444101.558452,7,10,2.1757,0.863,0.0343,0.366,NOMINAL,NORMAL,0,,73,13.2,4920,3059
1781444101.6858957,7,10,4.0733,1.069,0.0352,0.385,NOMINAL,NORMAL,0,,73,13.2,4920,3059
1781444101.810404,7,10,4.0558,0.75,0.0227,0.259,NOMINAL,NORMAL,0,,73,13.2,4920,3059
1781444101.9351764,7,10,3.6703,1.078,0.0336,0.39,NOMINAL,NORMAL,0,,73,13.2,4920,3059
1781444102.0608914,7,10,4.0529,1.022,0.0349,0.378,NOMINAL,NORMAL,0,,73,13.2,4920,3059
1781444102.1842046,7,10,2.5562,0.927,0.0362,0.379,NOMINAL,NORMAL,0,,99,13.2,4920,3059
1781444102.3090644,7,10,2.683,1.014,0.0347,0.377,NOMINAL,NORMAL,0,,99,13.2,4920,3059
1781444102.4358191,7,10,4.0399,1.06,0.0333,0.374,NOMINAL,NORMAL,0,,99,13.2,4920,3059
1781444102.5596766,7,10,3.3614,0.98,0.0222,0.256,NOMINAL,NORMAL,0,,99,13.2,4920,3059
1781444102.6860561,7,10,4.071,1.237,0.033,0.381,NOMINAL,NORMAL,0,,99,13.2,4920,3059
1781444102.8096626,7,10,3.4194,0.705,0.023,0.245,NOMINAL,NORMAL,0,,99,13.2,4920,3059
1781444102.9336598,7,10,2.1909,0.938,0.0361,0.429,NOMINAL,NORMAL,0,,99,13.2,4920,3059
1781444103.0608537,7,10,4.0818,0.974,0.0339,0.371,NOMINAL,NORMAL,0,,99,13.2,4920,3059
1781444103.1835065,7,10,2.1161,0.902,0.0342,0.367,NOMINAL,NORMAL,0,,99,13.2,4880,3057
1781444103.3108501,7,10,4.0679,0.984,0.0334,0.422,NOMINAL,NORMAL,0,,99,13.2,4880,3057
1781444103.4356356,7,10,4.0381,1.017,0.0234,0.253,NOMINAL,NORMAL,0,,99,13.2,4880,3057
1781444103.5605888,7,10,3.9886,1.023,0.0356,0.375,NOMINAL,NORMAL,0,,99,13.2,4880,3057
1781444103.685838,7,10,4.0579,1.031,0.0343,0.37,NOMINAL,NORMAL,0,,99,13.2,4880,3057
1781444103.8090184,7,10,2.6799,0.737,0.0225,0.249,NOMINAL,NORMAL,0,,99,13.2,4880,3057
1781444103.935404,7,10,3.8037,1.09,0.0367,0.384,NOMINAL,NORMAL,0,,99,13.2,4880,3057
1781444104.0608194,7,10,4.0273,0.956,0.0341,0.373,NOMINAL,NORMAL,0,,99,13.2,4880,3057
1781444104.183342,7,10,2.1342,0.95,0.0332,0.382,NOMINAL,NORMAL,0,,99,13.8,4920,3057
1781444104.3105867,7,10,3.9859,0.971,0.035,0.485,NOMINAL,NORMAL,0,,99,13.8,4920,3057
1781444104.4348197,7,10,3.4725,0.983,0.0375,0.429,NOMINAL,NORMAL,0,,99,13.8,4920,3057
1781444104.560599,7,10,4.0453,0.971,0.0347,0.37,NOMINAL,NORMAL,0,,99,13.8,4920,3057
1781444104.6858132,7,10,4.0066,1.19,0.0343,0.373,NOMINAL,NORMAL,0,,99,13.8,4920,3057
1781444104.808527,7,10,2.2231,0.831,0.0336,0.373,NOMINAL,NORMAL,0,,99,13.8,4920,3057
1781444104.9350913,7,10,3.2157,1.134,0.0308,0.369,NOMINAL,NORMAL,0,,99,13.8,4920,3057
1781444105.0607784,7,10,4.118,0.883,0.0233,0.245,NOMINAL,NORMAL,0,,99,13.8,4920,3057
1781444105.1841013,7,10,2.7938,0.737,0.0231,0.246,NOMINAL,NORMAL,0,,99,14.2,5039,3057
1781444105.3110578,7,10,4.0123,1.033,0.0348,0.372,NOMINAL,NORMAL,0,,99,14.2,5039,3057
1781444105.434189,7,10,2.7169,0.622,0.0203,0.224,NOMINAL,NORMAL,0,,99,14.2,5039,3057
1781444105.5587525,7,10,2.1633,0.856,0.0339,0.418,NOMINAL,NORMAL,0,,99,14.2,5039,3057
1781444105.6858048,7,10,4.0224,0.969,0.0335,0.362,NOMINAL,NORMAL,0,,99,14.2,5039,3057
1781444105.809554,7,10,2.9276,0.983,0.0328,0.367,NOMINAL,NORMAL,0,,99,14.2,5039,3057
1781444105.9346745,7,10,3.1799,0.752,0.0234,0.334,NOMINAL,NORMAL,0,,99,14.2,5039,3057
1781444106.0602715,7,10,3.6163,0.706,0.0228,0.251,NOMINAL,NORMAL,0,,99,14.2,5039,3057
1781444106.1841536,7,10,2.2548,0.966,0.0329,0.359,NOMINAL,NORMAL,0,,81,12.8,4960,3057
1781444106.3107233,7,10,3.9629,0.956,0.0331,0.412,NOMINAL,NORMAL,0,,81,12.8,4960,3057
1781444106.4337761,7,10,2.2366,0.848,0.033,0.355,NOMINAL,NORMAL,0,,81,12.8,4960,3057
1781444106.560799,7,10,3.996,0.956,0.0327,0.355,NOMINAL,NORMAL,0,,81,12.8,4960,3057
1781444106.6857252,7,10,3.9973,0.937,0.0323,0.359,NOMINAL,NORMAL,0,,81,12.8,4960,3057
1781444106.809321,7,10,3.0194,0.697,0.0213,0.242,NOMINAL,NORMAL,0,,81,12.8,4960,3057
1781444106.9359589,7,10,4.0577,1.044,0.0335,0.388,NOMINAL,NORMAL,0,,81,12.8,4960,3057
1781444107.0594013,7,10,3.0785,0.705,0.0227,0.251,NOMINAL,NORMAL,0,,81,12.8,4960,3057
1781444107.1863005,7,10,4.0665,1.405,0.0343,0.378,NOMINAL,NORMAL,0,,99,14.2,4920,3058
1781444107.31108,7,10,4.0661,1.28,0.035,0.38,NOMINAL,NORMAL,0,,99,14.2,4920,3058
1781444107.433342,7,10,2.2377,0.753,0.0242,0.258,NOMINAL,NORMAL,0,,99,14.2,4920,3058
1781444107.560919,7,10,4.0357,1.031,0.0357,0.399,NOMINAL,NORMAL,0,,99,14.2,4920,3058
1781444107.6854537,7,10,4.0171,0.775,0.0237,0.277,NOMINAL,NORMAL,0,,99,14.2,4920,3058
1781444107.8086872,7,10,2.3785,0.731,0.0249,0.257,NOMINAL,NORMAL,0,,99,14.2,4920,3058
1781444107.9359684,7,10,4.1009,1.018,0.0357,0.378,NOMINAL,NORMAL,0,,99,14.2,4920,3058
1781444108.059384,7,10,2.2008,1.107,0.0373,0.385,NOMINAL,NORMAL,0,,99,14.2,4920,3058
1781444108.1860878,7,10,4.0249,1.291,0.0357,0.385,NOMINAL,NORMAL,0,,92,13.0,4920,3058
1781444108.3109174,7,10,4.0339,0.94,0.0357,0.592,NOMINAL,NORMAL,0,,92,13.0,4920,3058
1781444108.4351177,7,10,3.6898,1.045,0.0362,0.377,NOMINAL,NORMAL,0,,92,13.0,4920,3058
1781444108.5609329,7,10,4.0311,1.063,0.0351,0.396,NOMINAL,NORMAL,0,,92,13.0,4920,3058
1781444108.6847436,7,10,3.3485,0.751,0.0234,0.269,NOMINAL,NORMAL,0,,92,13.0,4920,3058
1781444108.810781,7,10,4.0727,0.971,0.0674,0.406,NOMINAL,NORMAL,0,,92,13.0,4920,3058
1781444108.9357994,7,10,3.9402,1.082,0.035,0.382,NOMINAL,NORMAL,0,,92,13.0,4920,3058
1781444109.0586545,7,10,2.1919,0.879,0.0352,0.414,NOMINAL,NORMAL,0,,92,13.0,4920,3058
1781444109.1860402,7,10,4.1386,1.069,0.0364,0.395,NOMINAL,NORMAL,0,,2,13.3,4920,3058
1781444109.3105333,7,10,4.0836,0.816,0.0242,0.283,NOMINAL,NORMAL,0,,2,13.3,4920,3058
1781444109.4360313,7,10,4.0371,1.311,0.035,0.379,NOMINAL,NORMAL,0,,2,13.3,4920,3058
1781444109.560856,7,10,4.0482,0.96,0.0352,0.37,NOMINAL,NORMAL,0,,2,13.3,4920,3058
1781444109.6842518,7,10,2.6344,0.87,0.0338,0.374,NOMINAL,NORMAL,0,,2,13.3,4920,3058
1781444109.8109384,7,10,4.0652,1.054,0.0357,0.401,NOMINAL,NORMAL,0,,2,13.3,4920,3058
1781444109.936168,7,10,4.1728,1.086,0.0353,0.411,NOMINAL,NORMAL,0,,2,13.3,4920,3058
1781444110.058752,7,10,2.2006,0.95,0.0341,0.466,NOMINAL,NORMAL,0,,2,13.3,4920,3058
1781444110.1843238,7,10,2.5619,1.029,0.0356,0.379,NOMINAL,NORMAL,0,,2,13.3,4920,3058
1781444110.3098416,7,10,3.5598,0.726,0.022,0.259,NOMINAL,NORMAL,0,,0,14.0,4920,3058
1781444110.433685,7,10,2.2116,0.922,0.0341,0.383,NOMINAL,NORMAL,0,,0,14.0,4920,3058
1781444110.5609179,7,10,4.0328,1.047,0.0354,0.403,NOMINAL,NORMAL,0,,0,14.0,4920,3058
1781444110.683791,7,10,2.1556,1.003,0.0357,0.383,NOMINAL,NORMAL,0,,0,14.0,4920,3058
1781444110.8091276,7,10,2.7347,1.013,0.0358,0.372,NOMINAL,NORMAL,0,,0,14.0,4920,3058
1781444110.9357355,7,10,4.0446,1.072,0.0251,0.263,NOMINAL,NORMAL,0,,0,14.0,4920,3058
1781444111.0593824,7,10,2.7757,1.037,0.024,0.288,NOMINAL,NORMAL,0,,0,14.0,4920,3058
1781444111.1861987,7,10,4.0826,1.322,0.0376,0.397,NOMINAL,NORMAL,0,,0,14.0,4920,3058
1781444111.3090265,7,10,2.9475,0.703,0.0235,0.261,NOMINAL,NORMAL,0,,0,13.2,4920,3058
1781444111.4357991,7,10,4.0167,1.257,0.0332,0.375,NOMINAL,NORMAL,0,,0,13.2,4920,3058
1781444111.5607622,7,10,3.9565,1.034,0.0355,0.376,NOMINAL,NORMAL,0,,0,13.2,4920,3058
1781444111.6835413,7,10,2.1916,0.944,0.0358,0.378,NOMINAL,NORMAL,0,,0,13.2,4920,3058
1781444111.810959,7,10,4.0695,1.117,0.0365,0.4,NOMINAL,NORMAL,0,,0,13.2,4920,3058
1781444111.935126,7,10,3.7701,0.767,0.0237,0.26,NOMINAL,NORMAL,0,,0,13.2,4920,3058
1781444112.0607746,7,10,4.1153,1.046,0.035,0.384,NOMINAL,NORMAL,0,,0,13.2,4920,3058
1781444112.186043,7,10,4.0815,1.255,0.0368,0.399,NOMINAL,NORMAL,0,,0,13.2,4920,3058
1781444112.3090134,7,10,2.2616,1.173,0.0349,0.384,NOMINAL,NORMAL,0,,0,13.3,4920,3058
1781444112.435794,7,10,3.9769,1.297,0.0355,0.379,NOMINAL,NORMAL,0,,0,13.3,4920,3058
1781444112.5609837,7,10,4.0454,1.27,0.0277,0.292,NOMINAL,NORMAL,0,,0,13.3,4920,3058
1781444112.6838307,7,10,2.3451,1.081,0.0336,0.379,NOMINAL,NORMAL,0,,0,13.3,4920,3058
1781444112.809403,7,10,2.8854,1.039,0.0351,0.379,NOMINAL,NORMAL,0,,0,13.3,4920,3058
1781444112.9343581,7,10,3.1073,0.705,0.0223,0.255,NOMINAL,NORMAL,0,,0,13.3,4920,3058
1781444113.058457,7,10,2.1807,0.865,0.0332,0.374,NOMINAL,NORMAL,0,,0,13.3,4920,3058
1781444113.1858218,7,10,4.1002,0.976,0.0346,0.375,NOMINAL,NORMAL,0,,0,13.3,4920,3058
1781444113.308631,7,10,2.5071,0.925,0.0335,0.351,NOMINAL,NORMAL,0,,0,13.7,4920,3058
1781444113.4346485,7,10,3.4065,0.984,0.0336,0.403,NOMINAL,NORMAL,0,,0,13.7,4920,3058
1781444113.560238,7,10,3.956,0.714,0.0219,0.248,NOMINAL,NORMAL,0,,0,13.7,4920,3058
1781444113.68575,7,10,4.0146,1.006,0.0336,0.372,NOMINAL,NORMAL,0,,0,13.7,4920,3058
1781444113.8107474,7,10,4.0309,0.988,0.0347,0.42,NOMINAL,NORMAL,0,,0,13.7,4920,3058
1781444113.9339867,7,10,2.4087,0.9,0.0346,0.385,NOMINAL,NORMAL,0,,0,13.7,4920,3058
1781444114.0589402,7,10,2.9261,0.726,0.0219,0.245,NOMINAL,NORMAL,0,,0,13.7,4920,3058
1781444114.1857088,7,10,4.0227,0.971,0.0337,0.379,NOMINAL,NORMAL,0,,0,13.7,4920,3058
1781444114.3082213,7,10,2.1517,0.932,0.0338,0.363,NOMINAL,NORMAL,0,,0,13.0,4920,3058
1781444114.4357514,7,10,3.9921,1.22,0.0341,0.378,NOMINAL,NORMAL,0,,0,13.0,4920,3058
1781444114.5595329,7,10,3.1747,0.724,0.0216,0.248,NOMINAL,NORMAL,0,,0,13.0,4920,3058
1781444114.6834779,7,10,2.1705,0.893,0.0341,0.367,NOMINAL,NORMAL,0,,0,13.0,4920,3058
1781444114.8107648,7,10,4.0334,0.957,0.0709,0.411,NOMINAL,NORMAL,0,,0,13.0,4920,3058
1781444114.933491,7,10,2.2093,0.865,0.0356,0.378,NOMINAL,NORMAL,0,,0,13.0,4920,3058
1781444115.0609095,7,10,4.0898,0.981,0.0355,0.399,NOMINAL,NORMAL,0,,0,13.0,4920,3058
1781444115.1855521,7,10,4.1016,0.779,0.0234,0.267,NOMINAL,NORMAL,0,,0,13.0,4920,3058
1781444115.3100638,7,10,3.4562,1.231,0.0335,0.375,NOMINAL,NORMAL,0,,0,12.8,4888,3058
1781444115.436113,7,10,4.0955,1.301,0.0356,0.37,NOMINAL,NORMAL,0,,0,12.8,4888,3058
1781444115.5593982,7,10,2.4707,1.182,0.0356,0.375,NOMINAL,NORMAL,0,,0,12.8,4888,3058
1781444115.6855977,7,10,3.9149,1.233,0.0351,0.381,NOMINAL,NORMAL,0,,0,12.8,4888,3058
1781444115.8099391,7,10,3.5048,0.808,0.0289,0.301,NOMINAL,NORMAL,0,,0,12.8,4888,3058
1781444115.9343047,7,10,3.3293,0.729,0.0233,0.261,NOMINAL,NORMAL,0,,0,12.8,4888,3058
1781444116.0606425,7,10,4.081,0.988,0.035,0.365,NOMINAL,NORMAL,0,,0,12.8,4888,3058
1781444116.184827,7,10,3.5359,0.735,0.0228,0.263,NOMINAL,NORMAL,0,,0,12.8,4888,3058
1781444116.3092587,7,10,2.8529,0.962,0.0325,0.374,NOMINAL,NORMAL,0,,0,13.5,4920,3058
1781444116.4341998,7,10,2.5478,0.899,0.0361,0.374,NOMINAL,NORMAL,0,,0,13.5,4920,3058
1781444116.5592885,7,10,2.6343,1.06,0.0347,0.378,NOMINAL,NORMAL,0,,0,13.5,4920,3058
1781444116.6858518,7,10,4.0253,1.088,0.0349,0.378,NOMINAL,NORMAL,0,,0,13.5,4920,3058
1781444116.8106875,7,10,4.0297,1.038,0.0256,0.282,NOMINAL,NORMAL,0,,0,13.5,4920,3058
1781444116.9351413,7,10,3.6332,1.095,0.0354,0.384,NOMINAL,NORMAL,0,,0,13.5,4920,3058
1781444117.0608516,7,10,4.0135,1.031,0.0364,0.374,NOMINAL,NORMAL,0,,0,13.5,4920,3058
1781444117.1841106,7,10,2.7445,0.777,0.0246,0.268,NOMINAL,NORMAL,0,,0,13.5,4920,3058
1781444117.3091505,7,10,2.7879,0.994,0.0347,0.37,NOMINAL,NORMAL,0,,45,13.5,4920,3058
1781444117.4357996,7,10,4.0405,1.037,0.0366,0.389,NOMINAL,NORMAL,0,,45,13.5,4920,3058
1781444117.5586488,7,10,2.2025,0.992,0.033,0.407,NOMINAL,NORMAL,0,,45,13.5,4920,3058
1781444117.685877,7,10,4.0725,1.037,0.0359,0.381,NOMINAL,NORMAL,0,,45,13.5,4920,3058
1781444117.8106072,7,10,3.9373,0.94,0.0358,0.413,NOMINAL,NORMAL,0,,45,13.5,4920,3058
1781444117.9357889,7,10,3.9849,1.063,0.0348,0.37,NOMINAL,NORMAL,0,,45,13.5,4920,3058
1781444118.0608296,7,10,4.0515,0.998,0.0356,0.371,NOMINAL,NORMAL,0,,45,13.5,4920,3058
1781444118.1837656,7,10,2.1904,0.968,0.0351,0.375,NOMINAL,NORMAL,0,,45,13.5,4920,3058
1781444118.3091578,7,10,2.7481,0.999,0.034,0.381,NOMINAL,NORMAL,0,,45,13.5,4920,3058
1781444118.4357955,7,10,4.1141,0.972,0.0254,0.289,NOMINAL,NORMAL,0,,45,13.5,4920,3058
1781444118.5590084,7,10,2.8712,0.725,0.0228,0.26,NOMINAL,NORMAL,0,,45,13.5,4920,3058
1781444118.6858234,7,10,4.0629,1.002,0.035,0.382,NOMINAL,NORMAL,0,,45,13.5,4920,3058
1781444118.809261,7,10,3.0279,0.667,0.035,0.267,NOMINAL,NORMAL,0,,45,13.5,4920,3058
1781444118.935911,7,10,4.0247,1.11,0.0359,0.392,NOMINAL,NORMAL,0,,45,13.5,4920,3058
1781444119.060874,7,10,4.0778,1.01,0.0348,0.37,NOMINAL,NORMAL,0,,45,13.5,4920,3058
1781444119.183489,7,10,2.1764,0.932,0.0355,0.372,NOMINAL,NORMAL,0,,45,13.5,4920,3058
1781444119.3109045,7,10,4.0993,1.071,0.0365,0.387,NOMINAL,NORMAL,0,,49,13.2,4920,3058
1781444119.4353085,7,10,3.897,0.793,0.0247,0.263,NOMINAL,NORMAL,0,,49,13.2,4920,3058
1781444119.5607185,7,10,4.0647,1.024,0.0354,0.38,NOMINAL,NORMAL,0,,49,13.2,4920,3058
1781444119.685878,7,10,4.0788,1.038,0.0356,0.38,NOMINAL,NORMAL,0,,49,13.2,4920,3058
1781444119.808927,7,10,2.3551,0.897,0.0346,0.389,NOMINAL,NORMAL,0,,49,13.2,4920,3058
1781444119.9361362,7,10,4.0515,1.33,0.0361,0.384,NOMINAL,NORMAL,0,,49,13.2,4920,3058
1781444120.0604053,7,10,3.9552,0.772,0.025,0.26,NOMINAL,NORMAL,0,,49,13.2,4920,3058
1781444120.1843266,7,10,2.4815,1.318,0.035,0.387,NOMINAL,NORMAL,0,,49,13.2,4920,3058
1781444120.3106322,7,10,3.8526,1.026,0.0358,0.416,NOMINAL,NORMAL,0,,99,13.0,4880,3058
1781444120.4345822,7,10,3.211,0.75,0.0236,0.316,NOMINAL,NORMAL,0,,99,13.0,4880,3058
1781444120.5587156,7,10,2.1225,1.154,0.034,0.432,NOMINAL,NORMAL,0,,99,13.0,4880,3058
1781444120.6859398,7,10,4.1212,1.028,0.0344,0.381,NOMINAL,NORMAL,0,,99,13.0,4880,3058
1781444120.8092124,7,10,2.8294,0.982,0.0333,0.351,NOMINAL,NORMAL,0,,99,13.0,4880,3058
1781444120.9340694,7,10,2.5864,1.034,0.0357,0.382,NOMINAL,NORMAL,0,,99,13.0,4880,3058
1781444121.060465,7,10,4.0699,0.749,0.0216,0.254,NOMINAL,NORMAL,0,,99,13.0,4880,3058
1781444121.1839185,7,10,2.3985,0.829,0.0323,0.365,NOMINAL,NORMAL,0,,99,13.0,4880,3058
1781444121.3109984,7,10,4.1002,1.093,0.0341,0.377,NOMINAL,NORMAL,0,,99,13.8,4880,3058
1781444121.4344068,7,10,2.5025,1.194,0.0336,0.375,NOMINAL,NORMAL,0,,99,13.8,4880,3058
1781444121.5606203,7,10,4.0421,0.966,0.0327,0.358,NOMINAL,NORMAL,0,,99,13.8,4880,3058
1781444121.6860392,7,10,4.0627,1.256,0.0354,0.376,NOMINAL,NORMAL,0,,99,13.8,4880,3058
1781444121.8090975,7,10,2.745,0.974,0.0356,0.369,NOMINAL,NORMAL,0,,99,13.8,4880,3058
1781444121.935094,7,10,3.6475,1.039,0.0347,0.377,NOMINAL,NORMAL,0,,99,13.8,4880,3058
1781444122.059989,7,10,3.4319,0.913,0.0231,0.294,NOMINAL,NORMAL,0,,99,13.8,4880,3058
1781444122.1834648,7,10,2.1366,0.924,0.0325,0.374,NOMINAL,NORMAL,0,,99,13.8,4880,3058
1781444122.3108695,7,10,4.0739,0.997,0.0346,0.426,NOMINAL,NORMAL,0,,99,13.3,4920,3058
1781444122.433419,7,10,2.1528,0.877,0.0335,0.369,NOMINAL,NORMAL,0,,99,13.3,4920,3058
1781444122.5607352,7,10,4.0032,0.988,0.0336,0.369,NOMINAL,NORMAL,0,,99,13.3,4920,3058
1781444122.6856358,7,10,4.0893,1.083,0.0214,0.254,NOMINAL,NORMAL,0,,99,13.3,4920,3058
1781444122.8094454,7,10,3.0917,0.993,0.0337,0.373,NOMINAL,NORMAL,0,,99,13.3,4920,3058
1781444122.9357574,7,10,4.0071,1.067,0.0335,0.365,NOMINAL,NORMAL,0,,99,13.3,4920,3058
1781444123.05955,7,10,2.6039,1.188,0.0365,0.382,NOMINAL,NORMAL,0,,99,13.3,4920,3058
1781444123.183465,7,10,2.1624,0.933,0.0355,0.374,NOMINAL,NORMAL,0,,99,13.3,4920,3058
1781444123.3107784,7,10,4.0498,0.972,0.0705,0.424,NOMINAL,NORMAL,0,,99,12.8,4960,3058
1781444123.4345121,7,10,3.4352,0.768,0.0243,0.286,NOMINAL,NORMAL,0,,99,12.8,4960,3058
1781444123.5606418,7,10,4.058,1.002,0.0343,0.377,NOMINAL,NORMAL,0,,99,12.8,4960,3058
1781444123.6850264,7,10,3.6869,0.741,0.0237,0.264,NOMINAL,NORMAL,0,,99,12.8,4960,3058
1781444123.8084931,7,10,2.1678,0.919,0.034,0.374,NOMINAL,NORMAL,0,,99,12.8,4960,3058
1781444123.9359248,7,10,4.0547,1.08,0.037,0.387,NOMINAL,NORMAL,0,,99,12.8,4960,3058
1781444124.058755,7,10,2.1379,0.918,0.0341,0.443,NOMINAL,NORMAL,0,,99,12.8,4960,3058
1781444124.185874,7,10,4.0807,1.05,0.0354,0.387,NOMINAL,NORMAL,0,,99,12.8,4960,3058
1781444124.3088574,7,10,2.5539,1.011,0.0334,0.379,NOMINAL,NORMAL,0,,99,13.2,4920,3058
1781444124.4353867,7,10,3.6079,1.352,0.0368,0.38,NOMINAL,NORMAL,0,,99,13.2,4920,3058
1781444124.5608547,7,10,4.016,1.039,0.0335,0.374,NOMINAL,NORMAL,0,,99,13.2,4920,3058
1781444124.6842992,7,10,2.9762,0.725,0.0234,0.33,NOMINAL,NORMAL,0,,99,13.2,4920,3058
1781444124.8107324,7,10,4.0272,0.963,0.0353,0.416,NOMINAL,NORMAL,0,,99,13.2,4920,3058
1781444124.935773,7,10,4.0186,1.052,0.0347,0.369,NOMINAL,NORMAL,0,,99,13.2,4920,3058
1781444125.058328,7,10,2.143,0.849,0.035,0.372,NOMINAL,NORMAL,0,,99,13.2,4920,3058
1781444125.1857305,7,10,4.0589,0.983,0.0343,0.371,NOMINAL,NORMAL,0,,99,13.2,4920,3058
1781444125.310043,7,10,3.908,0.692,0.0225,0.288,NOMINAL,NORMAL,0,,86,12.8,4920,3058
1781444125.4354458,7,10,3.9563,1.095,0.0358,0.378,NOMINAL,NORMAL,0,,86,12.8,4920,3058
1781444125.5607467,7,10,3.9811,1.02,0.0339,0.376,NOMINAL,NORMAL,0,,86,12.8,4920,3058
1781444125.6838555,7,10,2.2183,0.972,0.034,0.365,NOMINAL,NORMAL,0,,86,12.8,4920,3058
1781444125.8090005,7,10,2.655,0.995,0.0351,0.377,NOMINAL,NORMAL,0,,86,12.8,4920,3058
1781444125.9359667,7,10,3.9685,1.333,0.0271,0.316,NOMINAL,NORMAL,0,,86,12.8,4920,3058
1781444126.059474,7,10,3.0159,0.999,0.0231,0.264,NOMINAL,NORMAL,0,,86,12.8,4920,3058
1781444126.1859105,7,10,4.0566,1.054,0.0364,0.385,NOMINAL,NORMAL,0,,86,12.8,4920,3058
1781444126.3097417,7,10,3.1334,0.977,0.0219,0.297,NOMINAL,NORMAL,0,,75,13.2,4920,3059
1781444126.43585,7,10,4.0404,1.06,0.0356,0.377,NOMINAL,NORMAL,0,,75,13.2,4920,3059
1781444126.5607967,7,10,4.0201,0.986,0.0333,0.372,NOMINAL,NORMAL,0,,75,13.2,4920,3059
1781444126.683745,7,10,2.1277,1.202,0.0355,0.388,NOMINAL,NORMAL,0,,75,13.2,4920,3059
1781444126.8109348,7,10,4.0857,1.035,0.036,0.466,NOMINAL,NORMAL,0,,75,13.2,4920,3059
1781444126.9354212,7,10,4.0257,0.803,0.0227,0.261,NOMINAL,NORMAL,0,,75,13.2,4920,3059
1781444127.0606496,7,10,4.0388,1.008,0.0346,0.373,NOMINAL,NORMAL,0,,75,13.2,4920,3059
1781444127.1858647,7,10,4.0818,1.0,0.0367,0.406,NOMINAL,NORMAL,0,,75,13.2,4920,3059
1781444127.309068,7,10,2.4854,0.883,0.0348,0.368,NOMINAL,NORMAL,0,,71,13.0,4920,3059
1781444127.4352293,7,10,3.6506,1.107,0.0357,0.386,NOMINAL,NORMAL,0,,71,13.0,4920,3059
1781444127.5608888,7,10,4.0527,1.04,0.0353,0.382,NOMINAL,NORMAL,0,,71,13.0,4920,3059
1781444127.6834102,7,10,2.1544,0.888,0.0357,0.367,NOMINAL,NORMAL,0,,71,13.0,4920,3059
1781444127.8107479,7,10,4.0225,0.962,0.0351,0.421,NOMINAL,NORMAL,0,,71,13.0,4920,3059
1781444127.9348285,7,10,3.304,0.835,0.0243,0.269,NOMINAL,NORMAL,0,,71,13.0,4920,3059
1781444128.060994,7,10,4.1199,1.014,0.0353,0.379,NOMINAL,NORMAL,0,,71,13.0,4920,3059
1781444128.1858015,7,10,3.9901,1.005,0.0355,0.404,NOMINAL,NORMAL,0,,71,13.0,4920,3059
1781444128.3086596,7,10,2.2157,0.867,0.0353,0.376,NOMINAL,NORMAL,0,,0,14.0,4920,3059
1781444128.434744,7,10,3.4462,0.973,0.0347,0.42,NOMINAL,NORMAL,0,,0,14.0,4920,3059
1781444128.5606253,7,10,4.0563,0.867,0.0242,0.258,NOMINAL,NORMAL,0,,0,14.0,4920,3059
1781444128.6843874,7,10,2.5485,1.166,0.0362,0.382,NOMINAL,NORMAL,0,,0,14.0,4920,3059
1781444128.8109853,7,10,4.0308,1.142,0.0364,0.394,NOMINAL,NORMAL,0,,0,14.0,4920,3059
1781444128.9343348,7,10,2.5842,0.946,0.0341,0.41,NOMINAL,NORMAL,0,,0,14.0,4920,3059
1781444129.0599408,7,10,3.1519,1.114,0.0364,0.41,NOMINAL,NORMAL,0,,0,14.0,4920,3059
1781444129.1858478,7,10,4.0663,1.045,0.0376,0.396,NOMINAL,NORMAL,0,,0,14.0,4920,3059
1781444129.308925,7,10,2.6546,0.976,0.0356,0.334,NOMINAL,NORMAL,0,,0,14.0,4920,3059
1781444129.4358165,7,10,4.0145,1.06,0.0345,0.396,NOMINAL,NORMAL,0,,14,15.0,4920,3059
1781444129.5600164,7,10,3.5526,0.782,0.0235,0.265,NOMINAL,NORMAL,0,,14,15.0,4920,3059
1781444129.686152,7,10,4.0499,1.287,0.0372,0.404,NOMINAL,NORMAL,0,,14,15.0,4920,3059
1781444129.8111537,7,10,4.0861,1.335,0.0383,0.397,NOMINAL,NORMAL,0,,14,15.0,4920,3059
1781444129.9337287,7,10,2.1785,0.955,0.0377,0.393,NOMINAL,NORMAL,0,,14,15.0,4920,3059
1781444130.061099,7,10,4.0462,1.29,0.0343,0.383,NOMINAL,NORMAL,0,,14,15.0,4920,3059
1781444130.1861248,7,10,4.0955,1.236,0.0246,0.419,NOMINAL,NORMAL,0,,14,15.0,4920,3059
1781444130.309301,7,10,2.8683,1.024,0.0357,0.381,NOMINAL,NORMAL,0,,14,15.0,4920,3059
1781444130.4359043,7,10,4.0447,1.084,0.0358,0.38,NOMINAL,NORMAL,0,,5,13.5,4920,3059
1781444130.5593426,7,10,2.7464,0.818,0.0359,0.38,NOMINAL,NORMAL,0,,5,13.5,4920,3059
1781444130.6862454,7,10,4.0886,1.194,0.0367,0.56,NOMINAL,NORMAL,0,,5,13.5,4920,3059
1781444130.8107994,7,10,4.0355,1.002,0.0379,0.418,NOMINAL,NORMAL,0,,5,13.5,4920,3059
1781444130.9349,7,10,3.5606,1.033,0.0263,0.271,NOMINAL,NORMAL,0,,5,13.5,4920,3059
1781444131.0607708,7,10,4.1122,1.03,0.0348,0.377,NOMINAL,NORMAL,0,,5,13.5,4920,3059
1781444131.185174,7,10,3.8081,0.752,0.0247,0.284,NOMINAL,NORMAL,0,,5,13.5,4920,3059
1781444131.3085146,7,10,2.1831,0.88,0.0361,0.383,NOMINAL,NORMAL,0,,5,13.5,4920,3059
1781444131.4357238,7,10,4.0078,1.028,0.0356,0.373,NOMINAL,NORMAL,0,,0,13.2,4920,3059
1781444131.5588918,7,10,2.1775,0.903,0.0363,0.428,NOMINAL,NORMAL,0,,0,13.2,4920,3059
1781444131.6858795,7,10,4.0936,1.063,0.0357,0.389,NOMINAL,NORMAL,0,,0,13.2,4920,3059
1781444131.8107338,7,10,4.0294,0.985,0.0727,0.394,NOMINAL,NORMAL,0,,0,13.2,4920,3059
1781444131.9341903,7,10,2.9358,0.721,0.0239,0.255,NOMINAL,NORMAL,0,,0,13.2,4920,3059
1781444132.0601354,7,10,3.7204,0.749,0.0253,0.262,NOMINAL,NORMAL,0,,0,13.2,4920,3059
1781444132.1844125,7,10,3.0356,0.745,0.0233,0.264,NOMINAL,NORMAL,0,,0,13.2,4920,3059
1781444132.3108125,7,10,4.0533,1.008,0.0364,0.421,NOMINAL,NORMAL,0,,0,13.2,4920,3059
1781444132.4360046,7,10,3.9711,1.292,0.0352,0.39,NOMINAL,NORMAL,0,,0,12.5,4920,3059
1781444132.5586345,7,10,2.1663,0.969,0.0363,0.424,NOMINAL,NORMAL,0,,0,12.5,4920,3059
1781444132.6859949,7,10,4.1135,1.081,0.0383,0.402,NOMINAL,NORMAL,0,,0,12.5,4920,3059
1781444132.8102868,7,10,3.971,0.757,0.0238,0.258,NOMINAL,NORMAL,0,,0,12.5,4920,3059
1781444132.9352329,7,10,3.7615,1.084,0.0357,0.386,NOMINAL,NORMAL,0,,0,12.5,4920,3059
1781444133.0608728,7,10,4.0393,1.015,0.0352,0.394,NOMINAL,NORMAL,0,,0,12.5,4920,3059
1781444133.1840322,7,10,2.4003,0.905,0.0353,0.396,NOMINAL,NORMAL,0,,0,12.5,4920,3059
1781444133.309566,7,10,2.9391,1.028,0.036,0.379,NOMINAL,NORMAL,0,,0,12.5,4920,3059
1781444133.436089,7,10,4.0189,1.357,0.0352,0.362,NOMINAL,NORMAL,0,,6,12.8,4920,3059
1781444133.5593581,7,10,3.1593,0.754,0.0234,0.268,NOMINAL,NORMAL,0,,6,12.8,4920,3059
1781444133.6859143,7,10,4.0468,1.053,0.0368,0.39,NOMINAL,NORMAL,0,,6,12.8,4920,3059
1781444133.8095503,7,10,3.3146,0.7,0.023,0.244,NOMINAL,NORMAL,0,,6,12.8,4920,3059
1781444133.933649,7,10,2.2251,0.939,0.0367,0.382,NOMINAL,NORMAL,0,,6,12.8,4920,3059
1781444134.060878,7,10,4.0328,0.985,0.0358,0.377,NOMINAL,NORMAL,0,,6,12.8,4920,3059
1781444134.1835248,7,10,2.1486,0.923,0.0366,0.378,NOMINAL,NORMAL,0,,6,12.8,4920,3059
1781444134.3108916,7,10,4.1181,1.004,0.0368,0.427,NOMINAL,NORMAL,0,,6,12.8,4920,3059
1781444134.4355135,7,10,4.0343,0.838,0.0241,0.272,NOMINAL,NORMAL,0,,0,14.2,4888,3059
1781444134.5604465,7,10,3.8893,0.977,0.0344,0.364,NOMINAL,NORMAL,0,,0,14.2,4888,3059
1781444134.685915,7,10,4.0552,1.036,0.0364,0.404,NOMINAL,NORMAL,0,,0,14.2,4888,3059
1781444134.8093612,7,10,2.5645,1.137,0.0356,0.374,NOMINAL,NORMAL,0,,0,14.2,4888,3059
1781444134.935833,7,10,3.9875,1.129,0.0374,0.389,NOMINAL,NORMAL,0,,0,14.2,4888,3059
1781444135.0609858,7,10,4.131,1.022,0.0367,0.377,NOMINAL,NORMAL,0,,0,14.2,4888,3059
1781444135.1835163,7,10,2.1435,0.965,0.0364,0.372,NOMINAL,NORMAL,0,,0,14.2,4888,3059
1781444135.3107631,7,10,3.9914,1.024,0.0617,0.419,NOMINAL,NORMAL,0,,0,14.2,4888,3059
1781444135.4348142,7,10,3.4712,0.776,0.0238,0.258,NOMINAL,NORMAL,0,,0,13.3,4920,3059
1781444135.5610106,7,10,4.0099,1.282,0.0352,0.382,NOMINAL,NORMAL,0,,0,13.3,4920,3059
1781444135.6835945,7,10,2.1534,0.944,0.0346,0.382,NOMINAL,NORMAL,0,,0,13.3,4920,3059
1781444135.808646,7,10,2.2143,0.918,0.0359,0.385,NOMINAL,NORMAL,0,,0,13.3,4920,3059
1781444135.9361627,7,10,4.0601,1.329,0.0352,0.386,NOMINAL,NORMAL,0,,0,13.3,4920,3059
1781444136.060864,7,10,4.0581,1.112,0.024,0.262,NOMINAL,NORMAL,0,,0,13.3,4920,3059
1781444136.1843581,7,10,2.6886,0.95,0.0353,0.38,NOMINAL,NORMAL,0,,0,13.3,4920,3059
1781444136.3108423,7,10,4.0274,1.009,0.0364,0.428,NOMINAL,NORMAL,0,,0,13.3,4920,3059
1781444136.4341056,7,10,2.758,0.759,0.0247,0.257,NOMINAL,NORMAL,0,,0,13.2,4920,3059
1781444136.5585673,7,10,2.1397,0.953,0.0359,0.423,NOMINAL,NORMAL,0,,0,13.2,4920,3059
1781444136.6862028,7,10,4.1199,1.281,0.0365,0.385,NOMINAL,NORMAL,0,,0,13.2,4920,3059
1781444136.8090594,7,10,2.7236,0.984,0.0346,0.37,NOMINAL,NORMAL,0,,0,13.2,4920,3059
1781444136.9344332,7,10,3.2612,0.667,0.0241,0.243,NOMINAL,NORMAL,0,,0,13.2,4920,3059
1781444137.0599124,7,10,3.7585,0.662,0.0231,0.25,NOMINAL,NORMAL,0,,0,13.2,4920,3059
1781444137.183739,7,10,2.1203,1.127,0.0354,0.373,NOMINAL,NORMAL,0,,0,13.2,4920,3059
1781444137.3106782,7,10,3.9959,1.182,0.0364,0.406,NOMINAL,NORMAL,0,,0,13.2,4920,3059
1781444137.4336095,7,10,2.1758,1.064,0.0338,0.358,NOMINAL,NORMAL,0,,99,13.8,4920,3059
1781444137.560874,7,10,4.0329,1.277,0.0342,0.379,NOMINAL,NORMAL,0,,99,13.8,4920,3059
1781444137.6858726,7,10,4.0679,1.188,0.0266,0.28,NOMINAL,NORMAL,0,,99,13.8,4920,3059
1781444137.8085663,7,10,2.4133,0.956,0.0367,0.379,NOMINAL,NORMAL,0,,99,13.8,4920,3059
1781444137.9356112,7,10,3.9579,1.0,0.0371,0.383,NOMINAL,NORMAL,0,,99,13.8,4920,3059
1781444138.0590596,7,10,2.947,0.695,0.0229,0.248,NOMINAL,NORMAL,0,,99,13.8,4920,3059
1781444138.1857018,7,10,4.0186,1.009,0.0342,0.379,NOMINAL,NORMAL,0,,99,13.8,4920,3059
1781444138.3104277,7,10,3.9797,0.937,0.0355,0.376,NOMINAL,NORMAL,0,,99,13.8,4920,3059
1781444138.4350178,7,10,3.8159,0.733,0.022,0.246,NOMINAL,NORMAL,0,,99,13.2,4920,3060
1781444138.5579934,7,10,2.0656,0.751,0.0315,0.331,NOMINAL,NORMAL,0,,99,13.2,4920,3060
1781444138.6839995,7,10,2.238,1.04,0.0349,0.399,NOMINAL,NORMAL,0,,99,13.2,4920,3060
1781444138.8087134,7,10,2.258,1.038,0.03,0.338,NOMINAL,NORMAL,0,,99,13.2,4920,3060
1781444138.935047,7,10,3.639,1.026,0.0358,0.377,NOMINAL,NORMAL,0,,99,13.2,4920,3060
1781444139.0590456,7,10,2.2287,1.148,0.0307,0.36,NOMINAL,NORMAL,0,,99,13.2,4920,3060
1781444139.1833167,7,10,2.1161,0.897,0.0344,0.372,NOMINAL,NORMAL,0,,99,13.2,4920,3060
1781444139.310461,7,10,3.9709,0.955,0.0358,0.372,NOMINAL,NORMAL,0,,99,13.2,4920,3060
1781444139.4341347,7,10,3.1272,0.682,0.0227,0.252,NOMINAL,NORMAL,0,,99,12.8,4960,3060
1781444139.5607932,7,10,4.017,1.19,0.0347,0.377,NOMINAL,NORMAL,0,,99,12.8,4960,3060
1781444139.6848156,7,10,3.1624,0.951,0.0241,0.391,NOMINAL,NORMAL,0,,99,12.8,4960,3060
1781444139.8108099,7,10,4.0629,0.954,0.0393,0.42,NOMINAL,NORMAL,0,,99,12.8,4960,3060
1781444139.9357994,7,10,4.0031,1.071,0.0353,0.37,NOMINAL,NORMAL,0,,99,12.8,4960,3060
1781444140.0583618,7,10,2.1342,0.836,0.0329,0.371,NOMINAL,NORMAL,0,,99,12.8,4960,3060
1781444140.1853786,7,10,3.7092,0.96,0.0359,0.398,NOMINAL,NORMAL,0,,99,12.8,4960,3060
1781444140.3101873,7,10,4.0155,0.767,0.0235,0.251,NOMINAL,NORMAL,0,,99,12.8,4960,3060
1781444140.4346347,7,10,3.4081,0.941,0.0336,0.406,NOMINAL,NORMAL,0,,99,13.3,4880,3060
1781444140.5606034,7,10,4.0219,0.995,0.035,0.376,NOMINAL,NORMAL,0,,99,13.3,4880,3060
1781444140.683907,7,10,2.5531,0.814,0.0347,0.375,NOMINAL,NORMAL,0,,99,13.3,4880,3060
1781444140.8091898,7,10,2.7748,1.03,0.0341,0.372,NOMINAL,NORMAL,0,,99,13.3,4880,3060
1781444140.9356713,7,10,3.9539,1.036,0.0351,0.377,NOMINAL,NORMAL,0,,99,13.3,4880,3060
1781444141.059563,7,10,3.3639,0.942,0.0235,0.262,NOMINAL,NORMAL,0,,99,13.3,4880,3060
1781444141.1855435,7,10,4.036,0.943,0.0337,0.394,NOMINAL,NORMAL,0,,99,13.3,4880,3060
1781444141.3094718,7,10,3.5088,0.643,0.0233,0.253,NOMINAL,NORMAL,0,,99,13.3,4880,3060
1781444141.4335265,7,10,2.1696,1.102,0.0331,0.369,NOMINAL,NORMAL,0,,99,12.8,4920,3060
1781444141.560753,7,10,4.0143,0.992,0.0362,0.383,NOMINAL,NORMAL,0,,99,12.8,4920,3060
1781444141.684769,7,10,3.0109,1.056,0.0377,0.512,NOMINAL,NORMAL,0,,99,12.8,4920,3060
1781444141.8093185,7,10,2.803,1.076,0.0347,0.386,NOMINAL,NORMAL,0,,99,12.8,4920,3060
1781444141.9355922,7,10,4.0203,0.961,0.0243,0.258,NOMINAL,NORMAL,0,,99,12.8,4920,3060
1781444142.0606441,7,10,4.0,1.039,0.0358,0.385,NOMINAL,NORMAL,0,,99,12.8,4920,3060
1781444142.185836,7,10,4.0159,1.063,0.0374,0.398,NOMINAL,NORMAL,0,,99,12.8,4920,3060
1781444142.3094134,7,10,2.6983,0.933,0.0354,0.388,NOMINAL,NORMAL,0,,99,12.8,4920,3060
1781444142.4361825,7,10,4.051,1.362,0.0361,0.391,NOMINAL,NORMAL,0,,99,13.7,4960,3060
1781444142.5607834,7,10,4.0156,0.993,0.0353,0.366,NOMINAL,NORMAL,0,,99,13.7,4960,3060
1781444142.6836014,7,10,2.1453,1.102,0.0338,0.378,NOMINAL,NORMAL,0,,99,13.7,4960,3060
1781444142.8108559,7,10,4.0089,1.008,0.0376,0.427,NOMINAL,NORMAL,0,,99,13.7,4960,3060
1781444142.934979,7,10,3.6064,0.775,0.0231,0.257,NOMINAL,NORMAL,0,,99,13.7,4960,3060
1781444143.060599,7,10,4.0484,0.992,0.0337,0.368,NOMINAL,NORMAL,0,,99,13.7,4960,3060
1781444143.1858907,7,10,4.0656,1.049,0.0379,0.394,NOMINAL,NORMAL,0,,99,13.7,4960,3060
1781444143.3088946,7,10,2.2309,1.089,0.0359,0.379,NOMINAL,NORMAL,0,,99,13.7,4960,3060
1781444143.435476,7,10,3.9343,1.005,0.0349,0.371,NOMINAL,NORMAL,0,,99,12.8,4960,3060
1781444143.5606961,7,10,4.0056,0.989,0.0267,0.281,NOMINAL,NORMAL,0,,99,12.8,4960,3060
1781444143.6841164,7,10,2.8001,0.74,0.0241,0.251,NOMINAL,NORMAL,0,,99,12.8,4960,3060
1781444143.810896,7,10,4.0406,1.048,0.0362,0.423,NOMINAL,NORMAL,0,,99,12.8,4960,3060
1781444143.9342647,7,10,2.8506,0.787,0.0234,0.26,NOMINAL,NORMAL,0,,99,12.8,4960,3060
1781444144.0587945,7,10,2.1526,1.178,0.038,0.419,NOMINAL,NORMAL,0,,99,12.8,4960,3060
1781444144.1861115,7,10,4.043,1.316,0.0362,0.388,NOMINAL,NORMAL,0,,99,12.8,4960,3060
1781444144.3090324,7,10,2.686,0.984,0.0341,0.372,NOMINAL,NORMAL,0,,99,12.8,4960,3060
1781444144.4361274,7,10,4.0487,1.346,0.0342,0.374,NOMINAL,NORMAL,0,,99,13.0,4920,3060
1781444144.560424,7,10,3.7813,0.982,0.0241,0.256,NOMINAL,NORMAL,0,,99,13.0,4920,3060
1781444144.684477,7,10,3.3293,0.81,0.0246,0.261,NOMINAL,NORMAL,0,,99,13.0,4920,3060
1781444144.8107681,7,10,4.0204,1.027,0.0657,0.421,NOMINAL,NORMAL,0,,99,13.0,4920,3060
1781444144.9340231,7,10,2.2635,0.978,0.0376,0.389,NOMINAL,NORMAL,0,,99,13.0,4920,3060
1781444145.0609565,7,10,4.0594,1.031,0.0375,0.41,NOMINAL,NORMAL,0,,99,13.0,4920,3060
1781444145.1858184,7,10,4.0046,1.043,0.0377,0.393,NOMINAL,NORMAL,0,,99,13.0,4920,3060
1781444145.3091123,7,10,2.7072,1.011,0.036,0.389,NOMINAL,NORMAL,0,,99,13.0,4920,3060
1781444145.4359186,7,10,4.0186,1.131,0.0341,0.383,NOMINAL,NORMAL,0,,99,13.7,4920,3060
1781444145.5597513,7,10,3.0494,1.028,0.0246,0.275,NOMINAL,NORMAL,0,,99,13.7,4920,3060
1781444145.6860192,7,10,4.0231,1.218,0.0357,0.388,NOMINAL,NORMAL,0,,99,13.7,4920,3060
1781444145.8107383,7,10,4.0132,0.973,0.0381,0.425,NOMINAL,NORMAL,0,,99,13.7,4920,3060
1781444145.933619,7,10,2.2151,0.947,0.0356,0.371,NOMINAL,NORMAL,0,,99,13.7,4920,3060
1781444146.0607274,7,10,4.0582,1.02,0.0367,0.421,NOMINAL,NORMAL,0,,99,13.7,4920,3060
1781444146.1853805,7,10,4.0125,0.787,0.0226,0.26,NOMINAL,NORMAL,0,,99,13.7,4920,3060
1781444146.3087168,7,10,2.347,0.891,0.0356,0.379,NOMINAL,NORMAL,0,,99,13.7,4920,3060
1781444146.4355352,7,10,3.9509,1.018,0.0364,0.376,NOMINAL,NORMAL,0,,67,12.8,4920,3060
1781444146.5607,7,10,3.9879,1.061,0.036,0.372,NOMINAL,NORMAL,0,,67,12.8,4920,3060
1781444146.6834345,7,10,2.1234,0.926,0.0365,0.379,NOMINAL,NORMAL,0,,67,12.8,4920,3060
1781444146.8108618,7,10,4.0202,1.057,0.0365,0.432,NOMINAL,NORMAL,0,,67,12.8,4920,3060
1781444146.935199,7,10,3.6915,1.055,0.0338,0.359,NOMINAL,NORMAL,0,,67,12.8,4920,3060
1781444147.0607636,7,10,3.9948,0.977,0.0354,0.35,NOMINAL,NORMAL,0,,67,12.8,4920,3060
1781444147.1849487,7,10,3.349,0.946,0.0254,0.324,NOMINAL,NORMAL,0,,67,12.8,4920,3060
1781444147.31075,7,10,4.0358,0.989,0.0363,0.416,NOMINAL,NORMAL,0,,67,12.8,4920,3060
1781444147.4359977,7,10,3.9722,1.296,0.0341,0.381,NOMINAL,NORMAL,0,,57,14.0,4920,3060
1781444147.5583386,7,10,2.0945,0.89,0.0352,0.367,NOMINAL,NORMAL,0,,57,14.0,4920,3060
1781444147.6855032,7,10,3.9362,0.993,0.024,0.291,NOMINAL,NORMAL,0,,57,14.0,4920,3060
1781444147.8104525,7,10,4.0411,0.872,0.0235,0.258,NOMINAL,NORMAL,0,,57,14.0,4920,3060
1781444147.9351716,7,10,3.6275,1.121,0.0371,0.387,NOMINAL,NORMAL,0,,57,14.0,4920,3060
1781444148.0611224,7,10,4.0518,1.305,0.037,0.376,NOMINAL,NORMAL,0,,57,14.0,4920,3060
1781444148.1842089,7,10,2.6284,0.909,0.0356,0.387,NOMINAL,NORMAL,0,,57,14.0,4920,3060
1781444148.3109443,7,10,4.0451,1.325,0.0364,0.388,NOMINAL,NORMAL,0,,57,14.0,4920,3060
1781444148.4340081,7,10,2.2441,1.245,0.0351,0.381,NOMINAL,NORMAL,0,,57,14.0,4920,3060
1781444148.55891,7,10,2.1054,1.481,0.0348,0.487,NOMINAL,NORMAL,0,,11,12.5,4920,3060
1781444148.6861095,7,10,4.0556,1.282,0.035,0.428,NOMINAL,NORMAL,0,,11,12.5,4920,3060
1781444148.8097405,7,10,3.564,0.67,0.0224,0.241,NOMINAL,NORMAL,0,,11,12.5,4920,3060
1781444148.9337685,7,10,2.2101,0.967,0.0345,0.385,NOMINAL,NORMAL,0,,11,12.5,4920,3060
1781444149.0610452,7,10,4.0037,1.271,0.0351,0.38,NOMINAL,NORMAL,0,,11,12.5,4920,3060
1781444149.1836238,7,10,2.1427,0.928,0.0354,0.377,NOMINAL,NORMAL,0,,11,12.5,4920,3060
1781444149.3085868,7,10,2.4205,0.967,0.0364,0.373,NOMINAL,NORMAL,0,,11,12.5,4920,3060
1781444149.4354544,7,10,3.9745,1.014,0.028,0.29,NOMINAL,NORMAL,0,,11,12.5,4920,3060
1781444149.5606499,7,10,4.0292,1.044,0.0337,0.374,NOMINAL,NORMAL,0,,43,13.0,4920,3060
1781444149.6857636,7,10,4.0377,1.015,0.0345,0.37,NOMINAL,NORMAL,0,,43,13.0,4920,3060
1781444149.8091023,7,10,2.8476,0.716,0.0239,0.257,NOMINAL,NORMAL,0,,43,13.0,4920,3060
1781444149.9358325,7,10,3.9919,1.078,0.0359,0.406,NOMINAL,NORMAL,0,,43,13.0,4920,3060
1781444150.0609984,7,10,4.0789,1.069,0.0344,0.376,NOMINAL,NORMAL,0,,43,13.0,4920,3060
1781444150.1834762,7,10,2.1267,0.962,0.0367,0.381,NOMINAL,NORMAL,0,,43,13.0,4920,3060
1781444150.3107915,7,10,4.0212,1.028,0.0378,0.418,NOMINAL,NORMAL,0,,43,13.0,4920,3060
1781444150.435094,7,10,3.7913,0.75,0.0225,0.251,NOMINAL,NORMAL,0,,43,13.0,4920,3060
1781444150.5606039,7,10,3.9848,1.01,0.0331,0.38,NOMINAL,NORMAL,0,,0,13.5,4920,3060
1781444150.68583,7,10,4.0634,1.033,0.0352,0.377,NOMINAL,NORMAL,0,,0,13.5,4920,3060
1781444150.8087733,7,10,2.2362,0.883,0.0332,0.371,NOMINAL,NORMAL,0,,0,13.5,4920,3060
1781444150.9358792,7,10,3.9873,1.108,0.0353,0.383,NOMINAL,NORMAL,0,,0,13.5,4920,3060
1781444151.0607848,7,10,3.9801,1.047,0.0286,0.319,NOMINAL,NORMAL,0,,0,13.5,4920,3060
1781444151.1838608,7,10,2.3301,1.106,0.0345,0.378,NOMINAL,NORMAL,0,,0,13.5,4920,3060
1781444151.311139,7,10,4.0089,1.355,0.0356,0.384,NOMINAL,NORMAL,0,,0,13.5,4920,3060
1781444151.4347284,7,10,3.0747,0.989,0.0496,0.338,NOMINAL,NORMAL,0,,0,13.5,4920,3060
1781444151.558461,7,10,2.1371,0.922,0.0357,0.378,NOMINAL,NORMAL,0,,8,13.2,4880,3060
1781444151.685881,7,10,4.042,1.059,0.035,0.382,NOMINAL,NORMAL,0,,8,13.2,4880,3060
1781444151.8085067,7,10,2.2287,0.913,0.0347,0.376,NOMINAL,NORMAL,0,,8,13.2,4880,3060
1781444151.9351325,7,10,3.6432,1.073,0.0357,0.377,NOMINAL,NORMAL,0,,8,13.2,4880,3060
1781444152.060597,7,10,3.7853,1.038,0.0354,0.384,NOMINAL,NORMAL,0,,8,13.2,4880,3060
1781444152.1857917,7,10,4.0224,1.012,0.0351,0.397,NOMINAL,NORMAL,0,,8,13.2,4880,3060
1781444152.310791,7,10,4.0255,1.019,0.0836,0.436,NOMINAL,NORMAL,0,,8,13.2,4880,3060
1781444152.4340155,7,10,2.3843,1.133,0.0348,0.378,NOMINAL,NORMAL,0,,8,13.2,4880,3060
1781444152.5609026,7,10,4.0511,1.055,0.0368,0.38,NOMINAL,NORMAL,0,,0,13.2,4920,3061
1781444152.6857548,7,10,4.0226,1.008,0.033,0.363,NOMINAL,NORMAL,0,,0,13.2,4920,3061
1781444152.8090136,7,10,2.613,1.025,0.036,0.373,NOMINAL,NORMAL,0,,0,13.2,4920,3061
1781444152.935837,7,10,4.0142,1.045,0.0337,0.383,NOMINAL,NORMAL,0,,0,13.2,4920,3061
1781444153.0599124,7,10,3.2245,0.997,0.0245,0.269,NOMINAL,NORMAL,0,,0,13.2,4920,3061
1781444153.1838057,7,10,2.1397,1.217,0.0346,0.385,NOMINAL,NORMAL,0,,0,13.2,4920,3061
1781444153.3108468,7,10,3.8269,1.271,0.0356,0.427,NOMINAL,NORMAL,0,,0,13.2,4920,3061
1781444153.4335358,7,10,2.1895,0.916,0.0347,0.374,NOMINAL,NORMAL,0,,0,13.2,4920,3061
1781444153.5611646,7,10,4.061,1.287,0.0352,0.378,NOMINAL,NORMAL,0,,0,13.7,4880,3061
1781444153.6855216,7,10,4.0224,0.858,0.0222,0.252,NOMINAL,NORMAL,0,,0,13.7,4880,3061
1781444153.8097618,7,10,3.4129,1.005,0.035,0.364,NOMINAL,NORMAL,0,,0,13.7,4880,3061
1781444153.9359221,7,10,4.0302,1.111,0.0371,0.385,NOMINAL,NORMAL,0,,0,13.7,4880,3061
1781444154.0592813,7,10,2.459,1.071,0.0361,0.383,NOMINAL,NORMAL,0,,0,13.7,4880,3061
1781444154.1837435,7,10,2.1472,1.201,0.0351,0.384,NOMINAL,NORMAL,0,,0,13.7,4880,3061
1781444154.3110828,7,10,3.9981,1.328,0.0378,0.382,NOMINAL,NORMAL,0,,0,13.7,4880,3061
1781444154.4335506,7,10,2.2209,0.919,0.0332,0.362,NOMINAL,NORMAL,0,,0,13.7,4880,3061
1781444154.5609112,7,10,4.0133,1.283,0.0342,0.375,NOMINAL,NORMAL,0,,0,13.5,4920,3061
1781444154.684992,7,10,3.4463,0.964,0.0233,0.264,NOMINAL,NORMAL,0,,0,13.5,4920,3061
1781444154.8107915,7,10,4.0121,1.005,0.0999,0.444,NOMINAL,NORMAL,0,,0,13.5,4920,3061
1781444154.9358864,7,10,4.0125,1.102,0.0349,0.376,NOMINAL,NORMAL,0,,0,13.5,4920,3061
1781444155.0586967,7,10,2.1459,0.909,0.0372,0.439,NOMINAL,NORMAL,0,,0,13.5,4920,3061
1781444155.1858218,7,10,4.0248,1.033,0.0348,0.385,NOMINAL,NORMAL,0,,0,13.5,4920,3061
1781444155.3104477,7,10,4.0172,0.951,0.0253,0.28,NOMINAL,NORMAL,0,,0,13.5,4920,3061
1781444155.435231,7,10,3.5724,1.288,0.0346,0.372,NOMINAL,NORMAL,0,,0,13.5,4920,3061
1781444155.5608854,7,10,4.0601,1.031,0.0336,0.371,NOMINAL,NORMAL,0,,37,13.0,4880,3061
1781444155.6845567,7,10,2.7786,1.096,0.034,0.374,NOMINAL,NORMAL,0,,37,13.0,4880,3061
1781444155.8092887,7,10,2.6338,1.276,0.0373,0.382,NOMINAL,NORMAL,0,,37,13.0,4880,3061
1781444155.9358113,7,10,4.0626,1.068,0.0356,0.372,NOMINAL,NORMAL,0,,37,13.0,4880,3061
1781444156.0583656,7,10,2.1018,0.887,0.0345,0.371,NOMINAL,NORMAL,0,,37,13.0,4880,3061
1781444156.1859279,7,10,4.0541,1.054,0.0353,0.378,NOMINAL,NORMAL,0,,37,13.0,4880,3061
1781444156.3098872,7,10,3.7841,0.721,0.0239,0.253,NOMINAL,NORMAL,0,,37,13.0,4880,3061
1781444156.4334817,7,10,2.1526,0.875,0.0358,0.377,NOMINAL,NORMAL,0,,37,13.0,4880,3061
1781444156.5607753,7,10,3.9803,1.015,0.0345,0.377,NOMINAL,NORMAL,0,,61,13.3,4920,3061
1781444156.6836607,7,10,2.1066,0.947,0.0348,0.373,NOMINAL,NORMAL,0,,61,13.3,4920,3061
1781444156.8092844,7,10,2.6707,1.271,0.0333,0.369,NOMINAL,NORMAL,0,,61,13.3,4920,3061
1781444156.9356785,7,10,3.9694,1.059,0.0254,0.314,NOMINAL,NORMAL,0,,61,13.3,4920,3061
1781444157.0589886,7,10,2.8496,0.757,0.0227,0.254,NOMINAL,NORMAL,0,,61,13.3,4920,3061
1781444157.1858695,7,10,4.0492,1.042,0.0346,0.385,NOMINAL,NORMAL,0,,61,13.3,4920,3061
1781444157.3091788,7,10,2.5597,0.967,0.0347,0.398,NOMINAL,NORMAL,0,,61,13.3,4920,3061
1781444157.4355414,7,10,3.9275,1.037,0.0342,0.383,NOMINAL,NORMAL,0,,61,13.3,4920,3061
1781444157.5606742,7,10,3.9589,0.979,0.0343,0.371,NOMINAL,NORMAL,0,,55,12.0,4920,3061
1781444157.6833484,7,10,2.1087,0.9,0.0346,0.361,NOMINAL,NORMAL,0,,55,12.0,4920,3061
1781444157.8106382,7,10,3.9568,0.951,0.0338,0.431,NOMINAL,NORMAL,0,,55,12.0,4920,3061
1781444157.9354546,7,10,3.851,1.025,0.0251,0.264,NOMINAL,NORMAL,0,,55,12.0,4920,3061
1781444158.060183,7,10,3.7956,0.973,0.034,0.368,NOMINAL,NORMAL,0,,55,12.0,4920,3061
1781444158.1858041,7,10,3.9985,1.022,0.0342,0.378,NOMINAL,NORMAL,0,,55,12.0,4920,3061
1781444158.3089302,7,10,2.3381,0.917,0.0364,0.38,NOMINAL,NORMAL,0,,55,12.0,4920,3061
1781444158.435861,7,10,3.9731,1.196,0.0312,0.342,NOMINAL,NORMAL,0,,55,12.0,4920,3061
1781444158.5608838,7,10,3.9855,1.036,0.0348,0.392,NOMINAL,NORMAL,0,,63,13.2,4920,3061
1781444158.6834621,7,10,2.1438,0.978,0.0329,0.377,NOMINAL,NORMAL,0,,63,13.2,4920,3061
1781444158.8108544,7,10,3.9802,1.154,0.0324,0.422,NOMINAL,NORMAL,0,,63,13.2,4920,3061
1781444158.9345236,7,10,3.1245,0.76,0.025,0.279,NOMINAL,NORMAL,0,,63,13.2,4920,3061
1781444159.0583587,7,10,2.1214,0.859,0.0339,0.356,NOMINAL,NORMAL,0,,63,13.2,4920,3061
1781444159.1877196,7,10,4.0877,1.049,0.0413,2.2,PRE_ALERT,TRIGGERED,1,PD3A-OU|PD3A-OUT|PD1A-OUT|PD2A-OU,63,13.2,4920,3061
1781444159.3090346,7,10,2.6569,0.994,0.0375,0.38,PRE_ALERT,TRIGGERED,2,PD2A-OU,63,13.2,4920,3061
1781444159.4352968,7,10,2.1569,1.15,0.0343,2.036,NOMINAL,NORMAL,0,,63,13.2,4920,3061
1781444159.5604444,7,10,4.0172,0.743,0.0215,0.247,NOMINAL,NORMAL,0,,99,13.2,4920,3061
1781444159.6838932,7,10,2.3704,0.863,0.0328,0.355,NOMINAL,NORMAL,0,,99,13.2,4920,3061
1781444159.8107338,7,10,3.9955,0.969,0.0335,0.457,NOMINAL,NORMAL,0,,99,13.2,4920,3061
1781444159.934009,7,10,2.4971,0.872,0.0332,0.369,NOMINAL,NORMAL,0,,99,13.2,4920,3061
1781444160.0610144,7,10,4.0627,1.078,0.0361,0.38,NOMINAL,NORMAL,0,,99,13.2,4920,3061
1781444160.186061,7,10,4.1312,1.086,0.0352,0.395,NOMINAL,NORMAL,0,,99,13.2,4920,3061
1781444160.3091362,7,10,2.7354,1.017,0.0335,0.38,NOMINAL,NORMAL,0,,99,13.2,4920,3061
1781444160.4361129,7,10,4.0205,1.321,0.0341,0.391,NOMINAL,NORMAL,0,,99,13.2,4920,3061
1781444160.5597465,7,10,3.3718,0.736,0.0221,0.25,NOMINAL,NORMAL,0,,99,12.7,4920,3061
1781444160.6860418,7,10,4.0486,1.25,0.0339,0.382,NOMINAL,NORMAL,0,,99,12.7,4920,3061
1781444160.810967,7,10,3.9976,1.27,0.0343,0.366,NOMINAL,NORMAL,0,,99,12.7,4920,3061
1781444160.9338868,7,10,2.204,1.2,0.0351,0.383,NOMINAL,NORMAL,0,,99,12.7,4920,3061
1781444161.0607913,7,10,4.1001,1.01,0.0352,0.418,NOMINAL,NORMAL,0,,99,12.7,4920,3061
1781444161.1854417,7,10,3.7163,1.07,0.0273,0.292,NOMINAL,NORMAL,0,,99,12.7,4920,3061
1781444161.309803,7,10,3.2861,1.055,0.0351,0.387,NOMINAL,NORMAL,0,,99,12.7,4920,3061
1781444161.4360871,7,10,3.9731,1.384,0.0342,0.36,NOMINAL,NORMAL,0,,99,12.7,4920,3061
1781444161.5591516,7,10,2.3652,0.989,0.0354,0.382,NOMINAL,NORMAL,0,,99,14.2,4920,3061
1781444161.683446,7,10,2.1515,0.934,0.035,0.376,NOMINAL,NORMAL,0,,99,14.2,4920,3061
1781444161.8107567,7,10,4.052,0.996,0.0344,0.422,NOMINAL,NORMAL,0,,99,14.2,4920,3061
1781444161.934436,7,10,3.4477,0.764,0.0233,0.259,NOMINAL,NORMAL,0,,99,14.2,4920,3061
1781444162.0604496,7,10,3.994,0.973,0.0366,0.374,NOMINAL,NORMAL,0,,99,14.2,4920,3061
1781444162.1850476,7,10,3.6683,0.757,0.0245,0.282,NOMINAL,NORMAL,0,,99,14.2,4920,3061
1781444162.3086507,7,10,2.1903,0.904,0.0355,0.384,NOMINAL,NORMAL,0,,99,14.2,4920,3061
1781444162.43608,7,10,4.0245,1.308,0.036,0.376,NOMINAL,NORMAL,0,,99,14.2,4920,3061
1781444162.5589912,7,10,2.1592,1.185,0.0349,0.38,NOMINAL,NORMAL,0,,99,13.0,4960,3061
1781444162.685921,7,10,4.1093,1.021,0.0357,0.405,NOMINAL,NORMAL,0,,99,13.0,4960,3061
1781444162.810758,7,10,4.051,1.068,0.0265,0.327,NOMINAL,NORMAL,0,,99,13.0,4960,3061
1781444162.9349415,7,10,3.5719,1.009,0.034,0.352,NOMINAL,NORMAL,0,,99,13.0,4960,3061
1781444163.0607042,7,10,3.9946,0.959,0.0344,0.362,NOMINAL,NORMAL,0,,99,13.0,4960,3061
1781444163.184229,7,10,2.9701,0.708,0.0237,0.253,NOMINAL,NORMAL,0,,99,13.0,4960,3061
1781444163.3108869,7,10,4.074,1.002,0.0356,0.43,NOMINAL,NORMAL,0,,99,13.0,4960,3061
1781444163.4360757,7,10,4.0103,1.317,0.0348,0.383,NOMINAL,NORMAL,0,,99,13.0,4960,3061
1781444163.558946,7,10,2.1562,1.164,0.0355,0.589,NOMINAL,NORMAL,0,,99,13.3,4920,3061
1781444163.686339,7,10,4.0632,1.49,0.0341,0.395,NOMINAL,NORMAL,0,,99,13.3,4920,3061
1781444163.8105946,7,10,3.8622,1.132,0.0234,0.28,NOMINAL,NORMAL,0,,99,13.3,4920,3061
1781444163.935768,7,10,3.9641,1.309,0.0349,0.392,NOMINAL,NORMAL,0,,99,13.3,4920,3061
1781444164.0611415,7,10,4.0172,1.254,0.0359,0.404,NOMINAL,NORMAL,0,,99,13.3,4920,3061
1781444164.1840096,7,10,2.2514,1.0,0.0353,0.375,NOMINAL,NORMAL,0,,99,13.3,4920,3061
1781444164.309256,7,10,2.7803,1.046,0.0362,0.392,NOMINAL,NORMAL,0,,99,13.3,4920,3061
1781444164.4359286,7,10,4.0106,1.068,0.0365,0.471,NOMINAL,NORMAL,0,,99,13.3,4920,3061
1781444164.5593219,7,10,3.0109,0.807,0.0247,0.265,NOMINAL,NORMAL,0,,99,14.0,4920,3062
1781444164.6858575,7,10,4.1283,0.954,0.0327,0.361,NOMINAL,NORMAL,0,,99,14.0,4920,3062
1781444164.809426,7,10,3.1555,0.716,0.024,0.256,NOMINAL,NORMAL,0,,99,14.0,4920,3062
1781444164.9344249,7,10,3.0196,0.874,0.028,0.313,NOMINAL,NORMAL,0,,99,14.0,4920,3062
1781444165.06072,7,10,3.8512,1.114,0.0298,0.319,NOMINAL,NORMAL,0,,99,14.0,4920,3062
1781444165.183556,7,10,2.1656,0.938,0.0364,0.384,NOMINAL,NORMAL,0,,99,14.0,4920,3062
1781444165.310971,7,10,4.0516,1.123,0.0364,0.409,NOMINAL,NORMAL,0,,99,14.0,4920,3062
1781444165.4352012,7,10,3.9548,0.842,0.0237,0.264,NOMINAL,NORMAL,0,,99,14.0,4920,3062
1781444165.5596972,7,10,3.4017,1.013,0.0347,0.377,NOMINAL,NORMAL,0,,41,14.2,4920,3062
1781444165.6857364,7,10,4.0418,0.985,0.035,0.393,NOMINAL,NORMAL,0,,41,14.2,4920,3062
1781444165.8089952,7,10,2.4739,0.847,0.0348,0.378,NOMINAL,NORMAL,0,,41,14.2,4920,3062
1781444165.9355755,7,10,3.9497,0.993,0.034,0.368,NOMINAL,NORMAL,0,,41,14.2,4920,3062
1781444166.0605962,7,10,3.9851,0.9,0.0326,0.332,NOMINAL,NORMAL,0,,41,14.2,4920,3062
1781444166.1834197,7,10,2.1349,0.92,0.0353,0.373,NOMINAL,NORMAL,0,,41,14.2,4920,3062
1781444166.3107402,7,10,4.0105,0.959,0.0343,0.421,NOMINAL,NORMAL,0,,41,14.2,4920,3062
1781444166.4347231,7,10,3.3721,0.732,0.0237,0.285,NOMINAL,NORMAL,0,,41,14.2,4920,3062
1781444166.5586252,7,10,2.2383,0.916,0.0321,0.39,NOMINAL,NORMAL,0,,99,13.8,4920,3062
1781444166.6855173,7,10,3.8954,0.924,0.0314,0.346,NOMINAL,NORMAL,0,,99,13.8,4920,3062
1781444166.8092117,7,10,2.7979,0.951,0.032,0.361,NOMINAL,NORMAL,0,,99,13.8,4920,3062
1781444166.9343514,7,10,2.5548,0.907,0.0361,0.383,NOMINAL,NORMAL,0,,99,13.8,4920,3062
1781444167.060743,7,10,4.053,1.014,0.0246,0.252,NOMINAL,NORMAL,0,,99,13.8,4920,3062
1781444167.183772,7,10,2.4103,0.721,0.0226,0.25,NOMINAL,NORMAL,0,,99,13.8,4920,3062
1781444167.3107011,7,10,3.9402,0.988,0.0338,0.419,NOMINAL,NORMAL,0,,99,13.8,4920,3062
1781444167.4338732,7,10,2.533,0.72,0.0229,0.253,NOMINAL,NORMAL,0,,99,13.8,4920,3062
1781444167.558845,7,10,2.1999,0.885,0.0339,0.435,NOMINAL,NORMAL,0,,94,14.0,4920,3062
1781444167.6859848,7,10,3.9938,0.951,0.0332,0.369,NOMINAL,NORMAL,0,,94,14.0,4920,3062
1781444167.8093765,7,10,2.869,0.944,0.0336,0.365,NOMINAL,NORMAL,0,,94,14.0,4920,3062
1781444167.9362192,7,10,3.9171,1.233,0.0343,0.39,NOMINAL,NORMAL,0,,94,14.0,4920,3062
1781444168.0599327,7,10,3.3681,0.707,0.0229,0.247,NOMINAL,NORMAL,0,,94,14.0,4920,3062
1781444168.1836011,7,10,2.1425,0.924,0.0341,0.374,NOMINAL,NORMAL,0,,94,14.0,4920,3062
1781444168.3106909,7,10,3.9993,0.954,0.0348,0.406,NOMINAL,NORMAL,0,,94,14.0,4920,3062
1781444168.4337158,7,10,2.1836,0.905,0.0348,0.381,NOMINAL,NORMAL,0,,94,14.0,4920,3062
1781444168.5597343,7,10,3.3574,0.72,0.0237,0.258,NOMINAL,NORMAL,0,,94,14.0,4920,3062
1781444168.6857607,7,10,4.0107,1.05,0.0261,0.275,NOMINAL,NORMAL,0,,0,12.3,4920,3062
1781444168.8094852,7,10,2.7193,1.064,0.0351,0.388,NOMINAL,NORMAL,0,,0,12.3,4920,3062
1781444168.9358416,7,10,4.0272,1.027,0.0354,0.371,NOMINAL,NORMAL,0,,0,12.3,4920,3062
1781444169.0596704,7,10,2.6895,1.028,0.0342,0.37,NOMINAL,NORMAL,0,,0,12.3,4920,3062
1781444169.1859083,7,10,3.9697,0.985,0.0349,0.374,NOMINAL,NORMAL,0,,0,12.3,4920,3062
1781444169.3107157,7,10,3.9651,0.985,0.0348,0.423,NOMINAL,NORMAL,0,,0,12.3,4920,3062
1781444169.4350207,7,10,3.6105,0.761,0.0245,0.257,NOMINAL,NORMAL,0,,0,12.3,4920,3062
1781444169.5608208,7,10,4.022,0.993,0.0341,0.371,NOMINAL,NORMAL,0,,0,12.3,4920,3062
1781444169.6850991,7,10,3.7015,0.725,0.0228,0.252,NOMINAL,NORMAL,0,,0,12.8,4920,3062
1781444169.8086514,7,10,2.2064,0.828,0.0373,0.374,NOMINAL,NORMAL,0,,0,12.8,4920,3062
1781444169.9360456,7,10,4.0325,1.086,0.0358,0.386,NOMINAL,NORMAL,0,,0,12.8,4920,3062
1781444170.058872,7,10,2.1483,0.889,0.0363,0.448,NOMINAL,NORMAL,0,,0,12.8,4920,3062
1781444170.1856868,7,10,4.0117,0.929,0.0344,0.429,NOMINAL,NORMAL,0,,0,12.8,4920,3062
1781444170.310675,7,10,4.026,0.978,0.0354,0.388,NOMINAL,NORMAL,0,,0,12.8,4920,3062
1781444170.4341965,7,10,2.9194,0.716,0.0245,0.254,NOMINAL,NORMAL,0,,0,12.8,4920,3062
1781444170.5610924,7,10,3.9508,1.184,0.0355,0.372,NOMINAL,NORMAL,0,,0,12.8,4920,3062
1781444170.684542,7,10,3.1087,0.913,0.0232,0.248,NOMINAL,NORMAL,0,,4,14.2,4920,3062
1781444170.810859,7,10,3.999,1.046,0.0378,0.432,NOMINAL,NORMAL,0,,4,14.2,4920,3062
1781444170.9356856,7,10,3.9751,1.019,0.036,0.38,NOMINAL,NORMAL,0,,4,14.2,4920,3062
1781444171.0587275,7,10,2.1198,0.866,0.0333,0.417,NOMINAL,NORMAL,0,,4,14.2,4920,3062
1781444171.1877646,7,10,4.1452,0.937,0.0373,2.209,PRE_ALERT,TRIGGERED,1,PD3A-OU|PD3A-OUT|PD1A-OUT,4,14.2,4920,3062
1781444171.3102794,7,10,3.9582,0.706,0.0235,0.278,PRE_ALERT,TRIGGERED,2,PD1A-OUT,4,14.2,4920,3062
1781444171.437365,7,10,3.9939,1.038,0.0335,1.959,NOMINAL,NORMAL,0,,4,14.2,4920,3062
1781444171.560937,7,10,4.0473,1.031,0.035,0.379,NOMINAL,NORMAL,0,,4,14.2,4920,3062
1781444171.6841319,7,10,2.3853,0.974,0.0349,0.365,NOMINAL,NORMAL,0,,0,13.2,4920,3062
1781444171.8106945,7,10,3.9822,0.915,0.0308,0.398,NOMINAL,NORMAL,0,,0,13.2,4920,3062
1781444171.93579,7,10,4.0446,0.986,0.0334,0.355,NOMINAL,NORMAL,0,,0,13.2,4920,3062
1781444172.0593858,7,10,3.0767,0.685,0.0209,0.24,NOMINAL,NORMAL,0,,0,13.2,4920,3062
1781444172.1856668,7,10,4.031,0.902,0.0291,0.334,NOMINAL,NORMAL,0,,0,13.2,4920,3062
1781444172.3095334,7,10,3.2368,0.705,0.0235,0.254,NOMINAL,NORMAL,0,,0,13.2,4920,3062
1781444172.4334354,7,10,2.1775,0.857,0.0331,0.369,NOMINAL,NORMAL,0,,0,13.2,4920,3062
1781444172.560955,7,10,4.0867,1.019,0.0356,0.377,NOMINAL,NORMAL,0,,0,13.2,4920,3062
1781444172.6835868,7,10,2.1677,0.933,0.0339,0.373,NOMINAL,NORMAL,0,,0,13.5,4920,3062
1781444172.8111613,7,10,4.0501,1.066,0.0356,0.372,NOMINAL,NORMAL,0,,0,13.5,4920,3062
1781444172.9348063,7,10,3.3128,0.793,0.0253,0.401,NOMINAL,NORMAL,0,,0,13.5,4920,3062
1781444173.0609608,7,10,4.0195,1.02,0.0345,0.46,NOMINAL,NORMAL,0,,0,13.5,4920,3062
1781444173.1857347,7,10,3.9562,1.022,0.0345,0.381,NOMINAL,NORMAL,0,,0,13.5,4920,3062
1781444173.3088212,7,10,2.5634,0.684,0.022,0.24,NOMINAL,NORMAL,0,,0,13.5,4920,3062
1781444173.43588,7,10,3.9746,1.064,0.0354,0.456,NOMINAL,NORMAL,0,,0,13.5,4920,3062
1781444173.5609705,7,10,4.0566,1.033,0.0344,0.383,NOMINAL,NORMAL,0,,0,13.5,4920,3062
1781444173.6836255,7,10,2.1478,1.056,0.0337,0.374,NOMINAL,NORMAL,0,,0,12.8,4960,3062
1781444173.8108563,7,10,4.0759,0.971,0.0362,0.407,NOMINAL,NORMAL,0,,0,12.8,4960,3062
1781444173.9349597,7,10,3.463,0.813,0.0244,0.261,NOMINAL,NORMAL,0,,0,12.8,4960,3062
1781444174.0608447,7,10,4.0797,0.996,0.0351,0.365,NOMINAL,NORMAL,0,,0,12.8,4960,3062
1781444174.1859488,7,10,4.1041,1.023,0.0366,0.377,NOMINAL,NORMAL,0,,0,12.8,4960,3062
1781444174.3095083,7,10,2.9165,1.007,0.0352,0.37,NOMINAL,NORMAL,0,,0,12.8,4960,3062
1781444174.435816,7,10,3.9888,1.047,0.0364,0.374,NOMINAL,NORMAL,0,,0,12.8,4960,3062
1781444174.5606728,7,10,4.0175,0.917,0.0236,0.257,NOMINAL,NORMAL,0,,0,12.8,4960,3062
1781444174.6842573,7,10,2.6335,0.872,0.0339,0.371,NOMINAL,NORMAL,0,,53,13.3,4880,3062
1781444174.810844,7,10,3.9945,1.007,0.0365,0.419,NOMINAL,NORMAL,0,,53,13.3,4880,3062
1781444174.9341083,7,10,2.7866,0.751,0.0231,0.254,NOMINAL,NORMAL,0,,53,13.3,4880,3062
1781444175.0584064,7,10,2.135,0.853,0.0355,0.369,NOMINAL,NORMAL,0,,53,13.3,4880,3062
1781444175.1857624,7,10,4.0454,0.996,0.0364,0.375,NOMINAL,NORMAL,0,,53,13.3,4880,3062
1781444175.3091228,7,10,2.7596,0.964,0.0321,0.364,NOMINAL,NORMAL,0,,53,13.3,4880,3062
1781444175.435804,7,10,4.0388,1.001,0.0338,0.358,NOMINAL,NORMAL,0,,53,13.3,4880,3062
1781444175.560049,7,10,3.609,0.76,0.0231,0.259,NOMINAL,NORMAL,0,,53,13.3,4880,3062
1781444175.6859736,7,10,4.0632,1.079,0.0343,0.384,NOMINAL,NORMAL,0,,75,13.2,4920,3062
1781444175.811137,7,10,4.1261,1.247,0.0357,0.377,NOMINAL,NORMAL,0,,75,13.2,4920,3062
1781444175.9336727,7,10,2.1974,0.892,0.0342,0.366,NOMINAL,NORMAL,0,,75,13.2,4920,3062
1781444176.060522,7,10,3.9817,0.799,0.0226,0.279,NOMINAL,NORMAL,0,,75,13.2,4920,3062
1781444176.185763,7,10,4.0485,0.995,0.026,0.294,NOMINAL,NORMAL,0,,75,13.2,4920,3062
1781444176.3091748,7,10,2.8718,0.731,0.0246,0.258,NOMINAL,NORMAL,0,,75,13.2,4920,3062
1781444176.4361436,7,10,4.0942,1.099,0.0361,0.384,NOMINAL,NORMAL,0,,75,13.2,4920,3062
1781444176.5596015,7,10,2.7482,0.793,0.0351,0.374,NOMINAL,NORMAL,0,,75,13.2,4920,3062
1781444176.6836026,7,10,2.1584,0.983,0.0349,0.376,NOMINAL,NORMAL,0,,93,13.7,4920,3066
1781444176.8108866,7,10,4.0108,1.039,0.0339,0.427,NOMINAL,NORMAL,0,,93,13.7,4920,3066
1781444176.9348152,7,10,3.6765,0.815,0.0234,0.269,NOMINAL,NORMAL,0,,93,13.7,4920,3066
1781444177.0611296,7,10,4.0342,1.267,0.0364,0.383,NOMINAL,NORMAL,0,,93,13.7,4920,3066
1781444177.1852417,7,10,3.848,0.759,0.0239,0.254,NOMINAL,NORMAL,0,,93,13.7,4920,3066
1781444177.3088274,7,10,2.1881,0.915,0.0352,0.384,NOMINAL,NORMAL,0,,93,13.7,4920,3066
1781444177.4362023,7,10,4.074,1.3,0.0342,0.376,NOMINAL,NORMAL,0,,93,13.7,4920,3066
1781444177.5589516,7,10,2.2145,0.946,0.0354,0.383,NOMINAL,NORMAL,0,,93,13.7,4920,3066
1781444177.6858525,7,10,3.9785,1.068,0.0343,0.381,NOMINAL,NORMAL,0,,99,13.2,4920,3065
1781444177.8110878,7,10,4.0211,1.068,0.0361,0.333,NOMINAL,NORMAL,0,,99,13.2,4920,3065
1781444177.9344466,7,10,3.0317,0.791,0.0249,0.27,NOMINAL,NORMAL,0,,99,13.2,4920,3065
1781444178.0610762,7,10,3.9968,1.285,0.0353,0.387,NOMINAL,NORMAL,0,,99,13.2,4920,3065
1781444178.1848116,7,10,3.1524,0.973,0.0237,0.286,NOMINAL,NORMAL,0,,99,13.2,4920,3065
1781444178.3108764,7,10,4.0123,1.043,0.0337,0.435,NOMINAL,NORMAL,0,,99,13.2,4920,3065
1781444178.4358306,7,10,4.0014,1.05,0.0333,0.378,NOMINAL,NORMAL,0,,99,13.2,4920,3065
1781444178.5584142,7,10,2.1167,0.9,0.0356,0.379,NOMINAL,NORMAL,0,,99,13.2,4920,3065
1781444178.685989,7,10,4.095,1.061,0.0342,0.378,NOMINAL,NORMAL,0,,99,13.3,4880,3065
1781444178.81043,7,10,4.0234,0.776,0.0227,0.252,NOMINAL,NORMAL,0,,99,13.3,4880,3065
1781444178.936018,7,10,4.0476,1.091,0.0365,0.407,NOMINAL,NORMAL,0,,99,13.3,4880,3065
1781444179.0611095,7,10,4.0,1.089,0.0349,0.455,NOMINAL,NORMAL,0,,99,13.3,4880,3065
1781444179.1841831,7,10,2.4711,0.946,0.033,0.381,NOMINAL,NORMAL,0,,99,13.3,4880,3065
1781444179.3107529,7,10,3.9526,1.023,0.0334,0.452,NOMINAL,NORMAL,0,,99,13.3,4880,3065
1781444179.4357767,7,10,3.9894,1.046,0.0349,0.377,NOMINAL,NORMAL,0,,99,13.3,4880,3065
1781444179.5594652,7,10,3.2901,0.771,0.0222,0.247,NOMINAL,NORMAL,0,,99,13.3,4880,3065
1781444179.685932,7,10,4.063,1.062,0.0346,0.391,NOMINAL,NORMAL,0,,99,12.7,4920,3066
1781444179.8096898,7,10,3.3489,0.736,0.0232,0.256,NOMINAL,NORMAL,0,,99,12.7,4920,3066
1781444179.9336464,7,10,2.1737,1.035,0.0354,0.381,NOMINAL,NORMAL,0,,99,12.7,4920,3066
1781444180.0608068,7,10,3.9837,1.042,0.0344,0.375,NOMINAL,NORMAL,0,,99,12.7,4920,3066
1781444180.1835735,7,10,2.1214,0.975,0.0356,0.374,NOMINAL,NORMAL,0,,99,12.7,4920,3066
1781444180.3109047,7,10,4.0252,1.055,0.0369,0.462,NOMINAL,NORMAL,0,,99,12.7,4920,3066
1781444180.435779,7,10,3.9988,1.165,0.0251,0.264,NOMINAL,NORMAL,0,,99,12.7,4920,3066
1781444180.5607672,7,10,3.9629,1.057,0.0367,0.372,NOMINAL,NORMAL,0,,99,12.7,4920,3066
1781444180.6859334,7,10,4.066,1.061,0.0351,0.383,NOMINAL,NORMAL,0,,99,13.7,4880,3066
1781444180.8089073,7,10,2.6504,0.724,0.0227,0.251,NOMINAL,NORMAL,0,,99,13.7,4880,3066
1781444180.9358373,7,10,3.9596,1.084,0.0345,0.382,NOMINAL,NORMAL,0,,99,13.7,4880,3066
1781444181.060736,7,10,3.9262,1.005,0.0341,0.375,NOMINAL,NORMAL,0,,99,13.7,4880,3066
1781444181.1835656,7,10,2.1552,1.003,0.034,0.385,NOMINAL,NORMAL,0,,99,13.7,4880,3066
1781444181.3108692,7,10,3.9269,1.216,0.0338,0.399,NOMINAL,NORMAL,0,,99,13.7,4880,3066
1781444181.435291,7,10,3.4365,0.972,0.0234,0.262,NOMINAL,NORMAL,0,,99,13.7,4880,3066
1781444181.5587695,7,10,2.1493,0.96,0.0695,0.426,NOMINAL,NORMAL,0,,99,13.7,4880,3066
1781444181.6876173,7,10,4.0225,1.04,0.0358,0.402,NOMINAL,NORMAL,0,,99,13.5,4920,3066
1781444182.1859918,7,10,2.4945,1.128,0.0239,0.322,NOMINAL,NORMAL,0,,99,13.5,4920,3066
1781444182.6878066,7,10,3.2527,1.228,0.034,0.381,NOMINAL,NORMAL,0,,0,3.7,4425,3066
1781444183.18624,7,10,2.51,1.304,0.0351,0.382,NOMINAL,NORMAL,0,,0,3.7,4425,3066
1781444183.688339,7,10,4.0243,1.544,0.0329,0.387,NOMINAL,NORMAL,0,,0,4.5,4385,3066
1781444184.1870823,7,10,3.394,1.375,0.0358,0.399,NOMINAL,NORMAL,0,,0,4.5,4385,3066
1781444184.6875827,7,10,3.2551,1.464,0.0337,0.411,NOMINAL,NORMAL,0,,0,3.8,4385,3066
1781444185.1874475,7,10,4.0062,1.343,0.0353,0.386,NOMINAL,NORMAL,0,,0,3.8,4385,3066
1781444185.6867702,7,10,2.6346,1.232,0.06,0.409,NOMINAL,NORMAL,0,,0,4.5,4385,3066
1781444186.188183,7,10,4.0055,1.789,0.045,0.509,NOMINAL,NORMAL,0,,0,4.5,4385,3066
1781444186.6856704,7,10,2.4728,0.824,0.0236,0.32,NOMINAL,NORMAL,0,,0,4.2,4385,3066
1781444187.1880708,7,10,4.0815,1.551,0.0484,0.508,NOMINAL,NORMAL,0,,0,4.2,4385,3066
1781444187.6865296,7,10,2.4599,1.535,0.0374,0.423,NOMINAL,NORMAL,0,,0,4.2,4385,3066
1781444188.190182,7,10,4.1415,1.596,0.0568,2.513,PRE_ALERT,TRIGGERED,1,PD3A-OU|PD3A-OUT,0,4.0,4346,3066
1781444188.6874106,7,10,2.9226,1.611,0.0385,0.412,PRE_ALERT,TRIGGERED,2,PD3A-OU|PD3A-OUT|PD1A-OUT|PD2A-OU,0,4.0,4346,3066
1781444189.1899693,7,10,4.3172,1.634,0.0477,2.007,ALERT,TRIGGERED,3,PD3A-OU|PD3A-OUT|PD1A-OUT|PD2A-OU,10,4.3,4385,3066
1781444189.6860852,7,10,2.475,0.879,0.0235,0.278,ALERT,TRIGGERED,3,PD3A-OU|PD3A-OUT|PD1A-OUT|PD2A-OU,10,4.3,4385,3066
1781444190.1891987,7,10,4.3757,1.919,0.0328,0.395,ALERT,TRIGGERED,3,PD3A-OU|PD3A-OUT|PD1A-OUT|PD2A-OU,0,4.0,4385,3066
1781444190.6860464,7,10,2.4684,1.157,0.0341,0.399,ALERT,TRIGGERED,3,PD3A-OU|PD3A-OUT|PD1A-OUT|PD2A-OU,0,4.0,4385,3066
1781444191.1885974,7,10,4.0478,1.621,0.0373,0.385,ALERT,TRIGGERED,3,PD3A-OU|PD3A-OUT|PD1A-OUT|PD2A-OU,0,4.7,4425,3066
1781444191.687224,7,10,3.4816,1.164,0.0341,0.424,ALERT,TRIGGERED,3,PD3A-OU|PD3A-OUT|PD1A-OUT|PD2A-OU,0,4.7,4425,3066
1781444192.1877346,7,10,3.4324,1.534,0.0337,0.405,ALERT,TRIGGERED,3,PD3A-OU|PD3A-OUT|PD1A-OUT|PD2A-OU,1,4.0,4385,3066
1781444192.6855,7,10,2.2088,1.444,0.034,0.408,ALERT,TRIGGERED,3,PD3A-OU|PD3A-OUT|PD1A-OUT|PD2A-OU,1,4.0,4385,3066
1781444193.1872346,7,10,2.8128,1.625,0.0342,0.406,ALERT,TRIGGERED,3,PD3A-OU|PD3A-OUT|PD1A-OUT|PD2A-OU,0,4.0,4385,3066
1781444193.6880183,7,10,4.0328,1.579,0.0461,0.545,ALERT,TRIGGERED,3,PD3A-OU|PD3A-OUT|PD1A-OUT|PD2A-OU,0,4.0,4385,3066
1781444194.1869268,7,10,2.5347,1.615,0.0316,0.402,ALERT,TRIGGERED,3,PD3A-OU|PD3A-OUT|PD1A-OUT|PD2A-OU,0,4.0,4425,3066
1781444194.6881948,7,10,4.0806,1.66,0.0439,0.593,ALERT,TRIGGERED,3,PD3A-OU|PD3A-OUT|PD1A-OUT|PD2A-OU,0,4.0,4425,3066
1781444195.1861253,7,10,2.4635,1.196,0.0326,0.412,ALERT,TRIGGERED,3,PD3A-OU|PD3A-OUT|PD1A-OUT|PD2A-OU,11,4.5,4425,3066
1781444195.6881795,7,10,4.0154,1.804,0.0447,0.515,ALERT,TRIGGERED,3,PD3A-OU|PD3A-OUT|PD1A-OUT|PD2A-OU,11,4.5,4425,3066
1781444196.1860912,7,10,2.4403,1.209,0.0352,0.421,ALERT,TRIGGERED,3,PD3A-OU|PD3A-OUT|PD1A-OUT|PD2A-OU,0,4.3,4385,3066
1781444196.686839,7,10,3.5776,1.29,0.034,0.454,ALERT,TRIGGERED,3,PD3A-OU|PD3A-OUT|PD1A-OUT|PD2A-OU,0,4.3,4385,3066
1781444197.185915,7,10,2.4646,1.069,0.0234,0.285,ALERT,TRIGGERED,3,PD3A-OU|PD3A-OUT|PD1A-OUT|PD2A-OU,94,3.8,4425,3066
1781444197.6891623,7,10,4.4682,1.757,0.0369,0.534,ALERT,TRIGGERED,3,PD3A-OU|PD3A-OUT|PD1A-OUT|PD2A-OU,94,3.8,4425,3066
1781444198.1859624,7,10,2.498,1.097,0.0351,0.423,ALERT,TRIGGERED,3,PD3A-OU|PD3A-OUT|PD1A-OUT|PD2A-OU,72,4.8,4465,3066
1781444198.6881263,7,10,4.2473,1.206,0.0338,0.403,ALERT,TRIGGERED,3,PD3A-OU|PD3A-OUT|PD1A-OUT|PD2A-OU,72,4.8,4465,3066
1781444199.1868398,7,10,3.069,1.131,0.0968,0.493,ALERT,TRIGGERED,3,PD3A-OU|PD3A-OUT|PD1A-OUT|PD2A-OU,99,4.0,4465,3067
1781444199.6873646,7,10,3.5738,1.078,0.0291,0.344,ALERT,TRIGGERED,3,PD3A-OU|PD3A-OUT|PD1A-OUT|PD2A-OU,99,4.0,4465,3067
1781444200.18522,7,10,2.2162,1.013,0.0359,0.42,ALERT,TRIGGERED,3,PD3A-OU|PD3A-OUT|PD1A-OUT|PD2A-OU,99,4.5,4465,3067
1781444200.6867526,7,10,2.918,1.115,0.0317,0.439,ALERT,TRIGGERED,3,PD3A-OU|PD3A-OUT|PD1A-OUT|PD2A-OU,99,4.5,4465,3067
1781444201.1877496,7,10,4.0593,1.298,0.0485,0.549,ALERT,TRIGGERED,3,PD3A-OU|PD3A-OUT|PD1A-OUT|PD2A-OU,99,3.8,4465,3067
1781444201.6863682,7,10,2.5083,1.261,0.0326,0.424,ALERT,TRIGGERED,3,PD3A-OU|PD3A-OUT|PD1A-OUT|PD2A-OU,99,3.8,4465,3067
1781444202.188063,7,10,4.015,1.613,0.048,0.555,ALERT,TRIGGERED,3,PD3A-OU|PD3A-OUT|PD1A-OUT|PD2A-OU,99,4.0,4465,3067
1781444202.6861765,7,10,2.4547,1.269,0.0356,0.441,ALERT,TRIGGERED,3,PD3A-OU|PD3A-OUT|PD1A-OUT|PD2A-OU,99,4.0,4465,3067
1781444203.1854873,7,10,2.2166,1.312,0.0361,0.441,ALERT,TRIGGERED,3,PD3A-OU|PD3A-OUT|PD1A-OUT|PD2A-OU,99,4.5,4505,3067
1781444203.6865475,7,10,2.4807,1.627,0.033,0.473,ALERT,TRIGGERED,3,PD3A-OU|PD3A-OUT|PD1A-OUT|PD2A-OU,99,4.5,4505,3067
1781444204.1882284,7,10,4.1936,1.644,0.0493,0.545,ALERT,TRIGGERED,3,PD3A-OU|PD3A-OUT|PD1A-OUT|PD2A-OU,99,4.2,4505,3067
1781444204.686091,7,10,2.4661,1.354,0.0232,0.299,ALERT,TRIGGERED,3,PD3A-OU|PD3A-OUT|PD1A-OUT|PD2A-OU,99,4.2,4505,3067
1781444205.189068,7,10,4.3334,1.889,0.038,0.457,ALERT,TRIGGERED,3,PD3A-OU|PD3A-OUT|PD1A-OUT|PD2A-OU,90,4.3,4505,3067
1781444205.6863756,7,10,2.5052,1.595,0.0235,0.305,ALERT,TRIGGERED,3,PD3A-OU|PD3A-OUT|PD1A-OUT|PD2A-OU,90,4.3,4505,3067
1781444206.1891627,7,10,4.3935,1.977,0.0353,0.432,ALERT,TRIGGERED,3,PD3A-OU|PD3A-OUT|PD1A-OUT|PD2A-OU,67,4.0,4505,3067
1781444206.6868863,7,10,3.0319,1.381,0.0348,0.474,ALERT,TRIGGERED,3,PD3A-OU|PD3A-OUT|PD1A-OUT|PD2A-OU,67,4.0,4505,3067
1781444207.1875823,7,10,3.7172,1.225,0.0332,0.399,ALERT,TRIGGERED,3,PD3A-OU|PD3A-OUT|PD1A-OUT|PD2A-OU,22,3.2,4505,3067
1781444207.6873438,7,10,3.7958,1.624,0.0363,0.426,ALERT,TRIGGERED,3,PD3A-OU|PD3A-OUT|PD1A-OUT|PD2A-OU,22,3.2,4505,3067
1781444208.187379,7,10,3.1731,1.404,0.0333,0.398,ALERT,TRIGGERED,3,PD3A-OU|PD3A-OUT|PD1A-OUT|PD2A-OU,36,4.5,4505,3067
1781444208.688143,7,10,4.0456,1.649,0.0404,0.531,ALERT,TRIGGERED,3,PD3A-OU|PD3A-OUT|PD1A-OUT|PD2A-OU,36,4.5,4505,3067
1781444209.1874342,7,10,2.5794,1.935,0.0339,0.408,ALERT,TRIGGERED,3,PD3A-OU|PD3A-OUT|PD1A-OUT|PD2A-OU,43,4.5,4545,3067
1781444209.6888127,7,10,4.0501,2.358,0.0449,0.568,ALERT,TRIGGERED,3,PD3A-OU|PD3A-OUT|PD1A-OUT|PD2A-OU,43,4.5,4545,3067
1781444210.1862996,7,10,2.502,1.347,0.0301,0.386,ALERT,TRIGGERED,3,PD3A-OU|PD3A-OUT|PD1A-OUT|PD2A-OU,2,3.7,4465,3067
1781444210.6881497,7,10,4.0945,1.679,0.0427,0.522,ALERT,TRIGGERED,3,PD3A-OU|PD3A-OUT|PD1A-OUT|PD2A-OU,2,3.7,4465,3067
1781444211.1866546,7,10,2.5044,1.683,0.0314,0.43,ALERT,TRIGGERED,3,PD3A-OU|PD3A-OUT|PD1A-OUT|PD2A-OU,0,3.8,4505,3067
1781444211.6885166,7,10,4.1697,1.948,0.0389,0.519,ALERT,TRIGGERED,3,PD3A-OU|PD3A-OUT|PD1A-OUT|PD2A-OU,0,3.8,4505,3067
1781444212.1863112,7,10,2.4938,1.332,0.0214,0.287,ALERT,TRIGGERED,3,PD3A-OU|PD3A-OUT|PD1A-OUT|PD2A-OU,0,4.2,4505,3067
1781444212.6888618,7,10,4.4311,1.592,0.0324,0.432,ALERT,TRIGGERED,3,PD3A-OU|PD3A-OUT|PD1A-OUT|PD2A-OU,0,4.2,4505,3067
1781444213.1857746,7,10,2.5411,0.916,0.0328,0.385,ALERT,TRIGGERED,3,PD3A-OU|PD3A-OUT|PD1A-OUT|PD2A-OU,0,3.8,4505,3067
1781444213.6885808,7,10,4.3935,1.324,0.029,0.399,ALERT,TRIGGERED,3,PD3A-OU|PD3A-OUT|PD1A-OUT|PD2A-OU,0,3.8,4505,3067
1781444214.18667,7,10,2.7831,1.312,0.0359,0.466,ALERT,TRIGGERED,3,PD3A-OU|PD3A-OUT|PD1A-OUT|PD2A-OU,0,3.8,4465,3067
1781444214.6880243,7,10,3.8109,1.358,0.0293,0.392,ALERT,TRIGGERED,3,PD3A-OU|PD3A-OUT|PD1A-OUT|PD2A-OU,0,3.8,4465,3067
1781444215.1870058,7,10,3.6389,1.333,0.0324,0.411,ALERT,TRIGGERED,3,PD3A-OU|PD3A-OUT|PD1A-OUT|PD2A-OU,0,4.2,4505,3067
1781444215.6871479,7,10,3.1327,1.237,0.0262,0.367,ALERT,TRIGGERED,3,PD3A-OU|PD3A-OUT|PD1A-OUT|PD2A-OU,0,4.2,4505,3067
1781444216.1852617,7,10,2.2342,1.145,0.0326,0.405,ALERT,TRIGGERED,3,PD3A-OU|PD3A-OUT|PD1A-OUT|PD2A-OU,0,4.0,4505,3067
1781444216.6867821,7,10,2.5447,1.323,0.0554,0.428,ALERT,TRIGGERED,3,PD3A-OU|PD3A-OUT|PD1A-OUT|PD2A-OU,0,4.0,4505,3067
1781444217.188218,7,10,4.0748,1.75,0.0416,0.528,ALERT,TRIGGERED,3,PD3A-OU|PD3A-OUT|PD1A-OUT|PD2A-OU,0,3.8,4505,3067
1781444217.6863096,7,10,2.5122,1.167,0.0324,0.41,ALERT,TRIGGERED,3,PD3A-OU|PD3A-OUT|PD1A-OUT|PD2A-OU,0,3.8,4505,3067
1781444218.1877909,7,10,4.0385,1.306,0.0447,0.544,ALERT,TRIGGERED,3,PD3A-OU|PD3A-OUT|PD1A-OUT|PD2A-OU,0,4.2,4505,3067
1781444218.6861107,7,10,2.4773,1.188,0.0342,0.423,ALERT,TRIGGERED,3,PD3A-OU|PD3A-OUT|PD1A-OUT|PD2A-OU,0,4.2,4505,3067
1781444219.188469,7,10,4.1106,1.928,0.0464,0.548,ALERT,TRIGGERED,3,PD3A-OU|PD3A-OUT|PD1A-OUT|PD2A-OU,0,4.5,4505,3067
1781444219.686281,7,10,2.4945,1.291,0.0329,0.427,ALERT,TRIGGERED,3,PD3A-OU|PD3A-OUT|PD1A-OUT|PD2A-OU,0,4.5,4505,3067
1781444220.1890469,7,10,4.4328,1.618,0.0388,0.481,ALERT,TRIGGERED,3,PD3A-OU|PD3A-OUT|PD1A-OUT|PD2A-OU,0,4.7,4465,3068
1781444220.686116,7,10,2.4964,1.073,0.0346,0.4,ALERT,TRIGGERED,3,PD3A-OU|PD3A-OUT|PD1A-OUT|PD2A-OU,0,4.7,4465,3068
1781444221.1889498,7,10,4.4098,1.553,0.0344,0.408,ALERT,TRIGGERED,3,PD3A-OU|PD3A-OUT|PD1A-OUT|PD2A-OU,0,4.3,4465,3068
1781444221.6865454,7,10,2.6646,1.3,0.035,0.453,ALERT,TRIGGERED,3,PD3A-OU|PD3A-OUT|PD1A-OUT|PD2A-OU,0,4.3,4465,3068
1781444222.188171,7,10,3.9654,1.462,0.0297,0.39,ALERT,TRIGGERED,3,PD3A-OU|PD3A-OUT|PD1A-OUT|PD2A-OU,0,4.3,4465,3068
1781444222.68717,7,10,3.5728,1.348,0.0347,0.418,ALERT,TRIGGERED,3,PD3A-OU|PD3A-OUT|PD1A-OUT|PD2A-OU,0,4.3,4465,3068
1781444223.1875122,7,10,3.2676,1.44,0.0323,0.406,ALERT,TRIGGERED,3,PD3A-OU|PD3A-OUT|PD1A-OUT|PD2A-OU,0,4.0,4505,3068
1781444223.686367,7,10,3.3138,1.098,0.0349,0.415,ALERT,TRIGGERED,3,PD3A-OU|PD3A-OUT|PD1A-OUT|PD2A-OU,0,4.0,4505,3068
1781444224.1867313,7,10,2.5944,1.18,0.0351,0.438,ALERT,TRIGGERED,3,PD3A-OU|PD3A-OUT|PD1A-OUT|PD2A-OU,0,4.3,4505,3068
1781444224.6878703,7,10,4.0052,1.563,0.0451,0.513,ALERT,TRIGGERED,3,PD3A-OU|PD3A-OUT|PD1A-OUT|PD2A-OU,0,4.3,4505,3068
1781444225.186933,7,10,2.5192,1.598,0.0336,0.463,ALERT,TRIGGERED,3,PD3A-OU|PD3A-OUT|PD1A-OUT|PD2A-OU,99,5.2,4505,3068
1781444225.6880994,7,10,4.0157,1.705,0.0428,0.525,ALERT,TRIGGERED,3,PD3A-OU|PD3A-OUT|PD1A-OUT|PD2A-OU,99,5.2,4505,3068
1781444226.186612,7,10,2.497,1.534,0.0331,0.453,ALERT,TRIGGERED,3,PD3A-OU|PD3A-OUT|PD1A-OUT|PD2A-OU,0,5.3,4465,3068
1781444226.6879811,7,10,4.0689,1.571,0.0421,0.521,ALERT,TRIGGERED,3,PD3A-OU|PD3A-OUT|PD1A-OUT|PD2A-OU,0,5.3,4465,3068
1781444227.186437,7,10,2.5044,1.472,0.0331,0.407,ALERT,TRIGGERED,3,PD3A-OU|PD3A-OUT|PD1A-OUT|PD2A-OU,0,4.0,4465,3068
1781444227.6881495,7,10,4.0548,1.699,0.0418,0.52,ALERT,TRIGGERED,3,PD3A-OU|PD3A-OUT|PD1A-OUT|PD2A-OU,0,4.0,4465,3068
1781444228.1860223,7,10,2.4872,1.184,0.0235,0.298,ALERT,TRIGGERED,3,PD3A-OU|PD3A-OUT|PD1A-OUT|PD2A-OU,0,4.2,4425,3067
1781444228.6881094,7,10,4.1919,1.583,0.0308,0.427,ALERT,TRIGGERED,3,PD3A-OU|PD3A-OUT|PD1A-OUT|PD2A-OU,0,4.2,4425,3067
1781444229.186281,7,10,2.4643,1.317,0.0357,0.423,ALERT,TRIGGERED,3,PD3A-OU|PD3A-OUT|PD1A-OUT|PD2A-OU,0,4.0,4465,3067
1781444229.688065,7,10,4.0877,1.269,0.0296,0.38,ALERT,TRIGGERED,3,PD3A-OU|PD3A-OUT|PD1A-OUT|PD2A-OU,0,4.0,4465,3067
1781444230.1866574,7,10,3.1529,1.358,0.0341,0.463,ALERT,TRIGGERED,3,PD3A-OU|PD3A-OUT|PD1A-OUT|PD2A-OU,0,5.0,4505,3067
1781444230.6873505,7,10,3.3615,1.19,0.0305,0.399,ALERT,TRIGGERED,3,PD3A-OU|PD3A-OUT|PD1A-OUT|PD2A-OU,0,5.0,4505,3067
1781444231.1876748,7,10,4.0468,1.339,0.0355,0.422,ALERT,TRIGGERED,3,PD3A-OU|PD3A-OUT|PD1A-OUT|PD2A-OU,0,4.0,4425,3067
1781444231.686992,7,10,2.734,1.374,0.0294,0.392,ALERT,TRIGGERED,3,PD3A-OU|PD3A-OUT|PD1A-OUT|PD2A-OU,0,4.0,4425,3067
1781444232.1880138,7,10,4.0509,1.592,0.0438,0.533,ALERT,TRIGGERED,3,PD3A-OU|PD3A-OUT|PD1A-OUT|PD2A-OU,0,4.2,4425,3067
1781444232.6865242,7,10,2.5424,1.308,0.0293,0.42,ALERT,TRIGGERED,3,PD3A-OU|PD3A-OUT|PD1A-OUT|PD2A-OU,0,4.2,4425,3067
1781444233.188309,7,10,4.0562,1.808,0.0431,0.534,ALERT,TRIGGERED,3,PD3A-OU|PD3A-OUT|PD1A-OUT|PD2A-OU,0,4.3,4425,3067
1781444233.686233,7,10,2.4964,1.312,0.0298,0.38,ALERT,TRIGGERED,3,PD3A-OU|PD3A-OUT|PD1A-OUT|PD2A-OU,0,4.3,4425,3067
1781444234.1883798,7,10,4.0575,1.865,0.0455,0.553,ALERT,TRIGGERED,3,PD3A-OU|PD3A-OUT|PD1A-OUT|PD2A-OU,0,4.0,4425,3068
1781444234.6862924,7,10,2.4956,1.279,0.0292,0.38,ALERT,TRIGGERED,3,PD3A-OU|PD3A-OUT|PD1A-OUT|PD2A-OU,0,4.0,4425,3068
1781444235.189037,7,10,4.3949,1.736,0.0454,0.532,ALERT,TRIGGERED,3,PD3A-OU|PD3A-OUT|PD1A-OUT|PD2A-OU,0,4.5,4425,3068
1781444235.685891,7,10,2.5135,1.109,0.02,0.276,ALERT,TRIGGERED,3,PD3A-OU|PD3A-OUT|PD1A-OUT|PD2A-OU,0,4.5,4425,3068
1781444236.1886618,7,10,4.3491,1.578,0.03,0.412,ALERT,TRIGGERED,3,PD3A-OU|PD3A-OUT|PD1A-OUT|PD2A-OU,0,4.5,4465,3068
1781444236.686413,7,10,2.4595,1.257,0.0339,0.411,ALERT,TRIGGERED,3,PD3A-OU|PD3A-OUT|PD1A-OUT|PD2A-OU,0,4.5,4465,3068
1781444237.1885746,7,10,4.1884,1.487,0.0323,0.4,ALERT,TRIGGERED,3,PD3A-OU|PD3A-OUT|PD1A-OUT|PD2A-OU,0,3.7,4425,3068
1781444237.6876712,7,10,3.517,1.293,0.0339,0.418,ALERT,TRIGGERED,3,PD3A-OU|PD3A-OUT|PD1A-OUT|PD2A-OU,0,3.7,4425,3068
1781444238.1878023,7,10,3.5307,1.406,0.0311,0.389,ALERT,TRIGGERED,3,PD3A-OU|PD3A-OUT|PD1A-OUT|PD2A-OU,0,4.0,4425,3068
1781444238.6877604,7,10,4.0372,1.248,0.033,0.41,ALERT,TRIGGERED,3,PD3A-OU|PD3A-OUT|PD1A-OUT|PD2A-OU,0,4.0,4425,3068
1781444239.1872516,7,10,2.8502,1.446,0.0347,0.412,ALERT,TRIGGERED,3,PD3A-OU|PD3A-OUT|PD1A-OUT|PD2A-OU,0,3.8,4465,3068
1781444239.686711,7,10,2.8546,1.28,0.0345,0.44,ALERT,TRIGGERED,3,PD3A-OU|PD3A-OUT|PD1A-OUT|PD2A-OU,0,3.8,4465,3068
1781444240.186797,7,10,2.4437,1.17,0.0346,0.417,ALERT,TRIGGERED,3,PD3A-OU|PD3A-OUT|PD1A-OUT|PD2A-OU,0,4.3,4425,3068
1781444240.6882389,7,10,4.0189,1.538,0.0444,0.528,ALERT,TRIGGERED,3,PD3A-OU|PD3A-OUT|PD1A-OUT|PD2A-OU,0,4.3,4425,3068
1781444241.1861062,7,10,2.4739,1.094,0.0314,0.345,ALERT,TRIGGERED,3,PD3A-OU|PD3A-OUT|PD1A-OUT|PD2A-OU,0,4.5,4385,3068
1781444241.687253,7,10,4.0259,0.997,0.0306,0.37,ALERT,TRIGGERED,3,PD3A-OU|PD3A-OUT|PD1A-OUT|PD2A-OU,0,4.5,4385,3068
1781444242.186227,7,10,2.4835,1.207,0.0322,0.392,ALERT,TRIGGERED,3,PD3A-OU|PD3A-OUT|PD1A-OUT|PD2A-OU,0,4.2,4425,3068
1781444242.6884053,7,10,4.2378,1.521,0.0419,0.516,ALERT,TRIGGERED,3,PD3A-OU|PD3A-OUT|PD1A-OUT|PD2A-OU,0,4.2,4425,3068
1781444243.1859767,7,10,2.453,1.111,0.0211,0.297,ALERT,TRIGGERED,3,PD3A-OU|PD3A-OUT|PD1A-OUT|PD2A-OU,0,4.0,4425,3068
1781444243.6889193,7,10,4.33,1.667,0.0406,0.371,ALERT,TRIGGERED,3,PD3A-OU|PD3A-OUT|PD1A-OUT|PD2A-OU,0,4.0,4425,3068
1781444244.1862028,7,10,2.518,1.136,0.0342,0.41,ALERT,TRIGGERED,3,PD3A-OU|PD3A-OUT|PD1A-OUT|PD2A-OU,0,4.3,4425,3068
1781444244.6884472,7,10,4.1345,1.08,0.0297,0.369,ALERT,TRIGGERED,3,PD3A-OU|PD3A-OUT|PD1A-OUT|PD2A-OU,0,4.3,4425,3068
1781444245.1864052,7,10,2.7472,1.07,0.0333,0.598,ALERT,TRIGGERED,3,PD3A-OU|PD3A-OUT|PD1A-OUT|PD2A-OU,0,4.2,4425,3068
1781444245.6876433,7,10,3.6072,1.205,0.0321,0.406,ALERT,TRIGGERED,3,PD3A-OU|PD3A-OUT|PD1A-OUT|PD2A-OU,0,4.2,4425,3068
1781444246.185297,7,10,2.2338,1.0,0.035,0.578,ALERT,TRIGGERED,3,PD3A-OU|PD3A-OUT|PD1A-OUT|PD2A-OU,27,3.7,4425,3068
1781444246.6874495,7,10,2.9532,1.524,0.0337,0.417,ALERT,TRIGGERED,3,PD3A-OU|PD3A-OUT|PD1A-OUT|PD2A-OU,27,3.7,4425,3068
1781444247.1878295,7,10,4.0648,1.381,0.0455,0.522,ALERT,TRIGGERED,3,PD3A-OU|PD3A-OUT|PD1A-OUT|PD2A-OU,0,4.2,4385,3068
1781444247.6867864,7,10,2.5323,1.409,0.0615,0.435,ALERT,TRIGGERED,3,PD3A-OU|PD3A-OUT|PD1A-OUT|PD2A-OU,0,4.2,4385,3068
1781444248.188287,7,10,4.0081,1.8,0.046,0.586,ALERT,TRIGGERED,3,PD3A-OU|PD3A-OUT|PD1A-OUT|PD2A-OU,0,4.2,4425,3068
1781444248.6868207,7,10,2.4957,1.583,0.0374,0.441,ALERT,TRIGGERED,3,PD3A-OU|PD3A-OUT|PD1A-OUT|PD2A-OU,0,4.2,4425,3068
1781444249.1883385,7,10,3.9971,1.878,0.0458,0.532,ALERT,TRIGGERED,3,PD3A-OU|PD3A-OUT|PD1A-OUT|PD2A-OU,0,4.0,4425,3068
1781444249.688725,7,10,4.2885,1.534,0.0471,0.536,ALERT,TRIGGERED,3,PD3A-OU|PD3A-OUT|PD1A-OUT|PD2A-OU,0,4.0,4425,3068
1781444250.1877506,7,10,3.9795,1.401,0.044,0.504,ALERT,TRIGGERED,3,PD3A-OU|PD3A-OUT|PD1A-OUT|PD2A-OU,0,4.5,4385,3068
1781444250.686292,7,10,2.5015,1.374,0.0234,0.299,ALERT,TRIGGERED,3,PD3A-OU|PD3A-OUT|PD1A-OUT|PD2A-OU,0,4.5,4385,3068
1781444251.1889951,7,10,4.3175,1.697,0.0377,0.731,ALERT,TRIGGERED,3,PD3A-OU|PD3A-OUT|PD1A-OUT|PD2A-OU,0,4.3,4425,3068
1781444251.6859927,7,10,2.5123,0.746,0.0222,0.631,ALERT,TRIGGERED,3,PD3A-OU|PD3A-OUT|PD1A-OUT|PD2A-OU,0,4.3,4425,3068
1781444252.1882806,7,10,4.3009,1.258,0.0334,0.399,ALERT,TRIGGERED,3,PD3A-OU|PD3A-OUT|PD1A-OUT|PD2A-OU,0,4.0,4385,3068
1781444252.686542,7,10,2.8517,1.074,0.0325,0.446,ALERT,TRIGGERED,3,PD3A-OU|PD3A-OUT|PD1A-OUT|PD2A-OU,0,4.0,4385,3068
1781444253.1876814,7,10,3.8301,1.084,0.0261,0.344,ALERT,TRIGGERED,3,PD3A-OU|PD3A-OUT|PD1A-OUT|PD2A-OU,0,3.2,4385,3068
1781444253.6855545,7,10,2.2348,1.2,0.034,0.579,ALERT,TRIGGERED,3,PD3A-OU|PD3A-OUT|PD1A-OUT|PD2A-OU,0,3.2,4385,3068
1781444254.187205,7,10,3.068,1.2,0.0316,0.388,ALERT,TRIGGERED,3,PD3A-OU|PD3A-OUT|PD1A-OUT|PD2A-OU,0,4.2,4425,3068
1781444254.687423,7,10,4.0251,1.048,0.0344,0.434,ALERT,TRIGGERED,3,PD3A-OU|PD3A-OUT|PD1A-OUT|PD2A-OU,0,4.2,4425,3068
1781444255.1864724,7,10,2.569,1.085,0.0292,0.341,ALERT,TRIGGERED,3,PD3A-OU|PD3A-OUT|PD1A-OUT|PD2A-OU,0,4.2,4385,3068
1781444255.688582,7,10,4.2784,1.505,0.0432,0.522,ALERT,TRIGGERED,3,PD3A-OU|PD3A-OUT|PD1A-OUT|PD2A-OU,0,4.2,4385,3068
1781444256.1865382,7,10,2.5259,1.43,0.0317,0.408,ALERT,TRIGGERED,3,PD3A-OU|PD3A-OUT|PD1A-OUT|PD2A-OU,0,4.2,4385,3068
1781444256.688319,7,10,4.0731,1.818,0.0451,0.518,ALERT,TRIGGERED,3,PD3A-OU|PD3A-OUT|PD1A-OUT|PD2A-OU,0,4.2,4385,3068
1781444257.186538,7,10,2.5048,1.456,0.0349,0.429,ALERT,TRIGGERED,3,PD3A-OU|PD3A-OUT|PD1A-OUT|PD2A-OU,0,4.0,4385,3068
1781444257.6886842,7,10,4.2474,1.896,0.0464,0.541,ALERT,TRIGGERED,3,PD3A-OU|PD3A-OUT|PD1A-OUT|PD2A-OU,0,4.0,4385,3068
1781444258.1861713,7,10,2.4866,1.203,0.0309,0.381,ALERT,TRIGGERED,3,PD3A-OU|PD3A-OUT|PD1A-OUT|PD2A-OU,0,4.8,4385,3068
1781444258.6891255,7,10,4.2877,1.386,0.0393,0.883,ALERT,TRIGGERED,3,PD3A-OU|PD3A-OUT|PD1A-OUT|PD2A-OU,0,4.8,4385,3068
1781444259.1860354,7,10,2.4774,0.829,0.0236,0.617,ALERT,TRIGGERED,3,PD3A-OU|PD3A-OUT|PD1A-OUT|PD2A-OU,0,4.2,4385,3068
1781444259.6885552,7,10,4.4605,1.18,0.0303,0.356,ALERT,TRIGGERED,3,PD3A-OU|PD3A-OUT|PD1A-OUT|PD2A-OU,0,4.2,4385,3068
1781444260.186172,7,10,2.4401,1.06,0.035,0.572,ALERT,TRIGGERED,3,PD3A-OU|PD3A-OUT|PD1A-OUT|PD2A-OU,0,4.2,4385,3068
1781444260.6880994,7,10,3.8814,1.316,0.0324,0.407,ALERT,TRIGGERED,3,PD3A-OU|PD3A-OUT|PD1A-OUT|PD2A-OU,0,4.2,4385,3068
1781444261.1870446,7,10,3.9767,1.121,0.0357,0.416,ALERT,TRIGGERED,3,PD3A-OU|PD3A-OUT|PD1A-OUT|PD2A-OU,0,3.8,4385,3068
1781444261.6871772,7,10,3.1681,1.093,0.0304,0.375,ALERT,TRIGGERED,3,PD3A-OU|PD3A-OUT|PD1A-OUT|PD2A-OU,0,3.8,4385,3068
1781444262.1864696,7,10,3.621,0.971,0.0306,0.378,ALERT,TRIGGERED,3,PD3A-OU|PD3A-OUT|PD1A-OUT|PD2A-OU,0,4.3,4385,3068
1781444262.6868832,7,10,2.6004,1.279,0.0342,0.454,ALERT,TRIGGERED,3,PD3A-OU|PD3A-OUT|PD1A-OUT|PD2A-OU,0,4.3,4385,3068
1781444263.1884909,7,10,4.2823,1.497,0.0427,0.543,ALERT,TRIGGERED,3,PD3A-OU|PD3A-OUT|PD1A-OUT|PD2A-OU,0,4.8,4385,3068
1781444263.6862166,7,10,2.4719,1.047,0.0262,0.361,ALERT,TRIGGERED,3,PD3A-OU|PD3A-OUT|PD1A-OUT|PD2A-OU,0,4.8,4385,3068
1781444264.1878095,7,10,3.9995,1.439,0.0423,0.515,ALERT,TRIGGERED,3,PD3A-OU|PD3A-OUT|PD1A-OUT|PD2A-OU,0,4.2,4385,3068
1781444264.686357,7,10,3.184,1.041,0.1376,0.53,ALERT,TRIGGERED,3,PD3A-OU|PD3A-OUT|PD1A-OUT|PD2A-OU,0,4.2,4385,3068
1781444265.1877387,7,10,4.0386,1.359,0.0403,0.506,ALERT,TRIGGERED,3,PD3A-OU|PD3A-OUT|PD1A-OUT|PD2A-OU,0,4.0,4385,3068
1781444265.6859393,7,10,2.4744,1.008,0.0279,0.361,ALERT,TRIGGERED,3,PD3A-OU|PD3A-OUT|PD1A-OUT|PD2A-OU,0,4.0,4385,3068
1781444266.1869102,7,10,3.0054,1.103,0.0297,0.448,ALERT,TRIGGERED,3,PD3A-OU|PD3A-OUT|PD1A-OUT|PD2A-OU,0,4.0,4385,3068
1781444266.685929,7,10,2.5339,1.019,0.0203,0.269,ALERT,TRIGGERED,3,PD3A-OU|PD3A-OUT|PD1A-OUT|PD2A-OU,0,4.2,4385,3068
1781444267.1882432,7,10,4.1878,1.535,0.0307,0.404,ALERT,TRIGGERED,3,PD3A-OU|PD3A-OUT|PD1A-OUT|PD2A-OU,0,4.2,4385,3068
1781444267.685918,7,10,2.4229,1.018,0.0345,0.414,ALERT,TRIGGERED,3,PD3A-OU|PD3A-OUT|PD1A-OUT|PD2A-OU,0,4.3,4385,3068
1781444268.1878455,7,10,4.0915,1.058,0.0296,0.38,ALERT,TRIGGERED,3,PD3A-OU|PD3A-OUT|PD1A-OUT|PD2A-OU,0,4.3,4385,3068
1781444268.6868188,7,10,3.8202,0.999,0.0316,0.43,ALERT,TRIGGERED,3,PD3A-OU|PD3A-OUT|PD1A-OUT|PD2A-OU,0,4.5,4385,3068
1781444269.1877708,7,10,3.3975,1.511,0.0323,0.422,ALERT,TRIGGERED,3,PD3A-OU|PD3A-OUT|PD1A-OUT|PD2A-OU,0,4.5,4385,3068
1781444269.6850846,7,10,2.218,0.996,0.0332,0.396,ALERT,TRIGGERED,3,PD3A-OU|PD3A-OUT|PD1A-OUT|PD2A-OU,0,4.7,4385,3068
1781444270.1866949,7,10,2.7103,1.164,0.0349,0.441,ALERT,TRIGGERED,3,PD3A-OU|PD3A-OUT|PD1A-OUT|PD2A-OU,0,4.7,4385,3068
1781444270.6873899,7,10,3.9851,1.167,0.0336,0.418,ALERT,TRIGGERED,3,PD3A-OU|PD3A-OUT|PD1A-OUT|PD2A-OU,0,4.5,4385,3068
1781444271.1861348,7,10,2.4281,1.181,0.0314,0.416,ALERT,TRIGGERED,3,PD3A-OU|PD3A-OUT|PD1A-OUT|PD2A-OU,0,4.5,4385,3068
1781444271.6877787,7,10,3.9669,1.531,0.0438,0.545,ALERT,TRIGGERED,3,PD3A-OU|PD3A-OUT|PD1A-OUT|PD2A-OU,0,4.0,4385,3068
1781444272.1860394,7,10,2.4285,1.266,0.0336,0.419,ALERT,TRIGGERED,3,PD3A-OU|PD3A-OUT|PD1A-OUT|PD2A-OU,0,4.0,4385,3068
1781444272.6879008,7,10,3.991,1.617,0.0459,0.556,ALERT,TRIGGERED,3,PD3A-OU|PD3A-OUT|PD1A-OUT|PD2A-OU,0,4.2,4425,3068
1781444273.186017,7,10,2.4439,1.302,0.0345,0.427,ALERT,TRIGGERED,3,PD3A-OU|PD3A-OUT|PD1A-OUT|PD2A-OU,0,4.2,4425,3068
1781444273.6863172,7,10,2.5206,1.262,0.0342,0.41,ALERT,TRIGGERED,3,PD3A-OU|PD3A-OUT|PD1A-OUT|PD2A-OU,29,4.3,4385,3068
1781444274.1857953,7,10,2.43,1.178,0.0239,0.303,ALERT,TRIGGERED,3,PD3A-OU|PD3A-OUT|PD1A-OUT|PD2A-OU,29,4.3,4385,3068
1781444274.688674,7,10,4.2291,1.748,0.0349,0.455,ALERT,TRIGGERED,3,PD3A-OU|PD3A-OUT|PD1A-OUT|PD2A-OU,24,4.3,4425,3068
1781444275.1875973,7,10,2.3523,1.015,0.0356,2.188,NOMINAL,NORMAL,0,,24,4.3,4425,3068
1781444275.6882548,7,10,4.1889,1.218,0.0314,0.399,NOMINAL,NORMAL,0,,99,4.3,4425,3068
1781444276.1870196,7,10,3.8102,1.075,0.0339,0.401,NOMINAL,NORMAL,0,,99,4.3,4425,3068
1781444276.6875446,7,10,2.6458,1.06,0.0287,1.697,PRE_ALERT,TRIGGERED,1,PD3A-OUT|PD1A-OUT,94,4.0,4425,3068
1781444277.1860852,7,10,2.4893,1.137,0.0312,0.417,PRE_ALERT,TRIGGERED,2,PD3A-OU,94,4.0,4425,3068
1781444277.688051,7,10,2.8266,1.156,0.0346,1.719,ALERT,TRIGGERED,3,PD1A-OUT,99,4.5,4465,3068
1781444278.187526,7,10,3.9864,1.155,0.0394,0.485,ALERT,TRIGGERED,3,PD3A-OU|PD3A-OUT|PD1A-OUT,99,4.5,4465,3068
1781444278.6864493,7,10,2.4519,1.317,0.0263,0.371,ALERT,TRIGGERED,3,PD3A-OU|PD1A-OUT,99,4.2,4425,3068
1781444279.1900153,7,10,4.0668,1.485,0.0493,2.521,NOMINAL,NORMAL,0,,99,4.2,4425,3068
1781444279.687045,7,10,2.4483,1.034,0.0301,1.553,PRE_ALERT,TRIGGERED,1,PD1A-OUT,99,4.2,4465,3068
1781444280.1878834,7,10,4.0154,1.45,0.047,0.537,PRE_ALERT,TRIGGERED,2,PD3A-OU|PD1A-OUT,99,4.2,4465,3068
1781444280.687168,7,10,2.4578,1.033,0.027,1.679,ALERT,TRIGGERED,3,PD3A-OU|PD1A-OUT,99,4.0,4465,3068
1781444281.1886222,7,10,4.2522,1.539,0.0452,0.539,ALERT,TRIGGERED,3,PD3A-OU|PD3A-OUT,99,4.0,4465,3068
1781444281.6861205,7,10,2.4715,1.186,0.0326,0.411,ALERT,TRIGGERED,3,PD3A-OU|PD3A-OUT,99,4.5,4425,3068
1781444282.1904094,7,10,4.2818,1.679,0.0366,1.758,NOMINAL,NORMAL,0,,99,4.5,4425,3068
1781444282.685822,7,10,2.4568,0.994,0.0343,0.406,NOMINAL,NORMAL,0,,99,4.8,4505,3068
1781444283.1883352,7,10,4.311,1.145,0.0354,0.411,NOMINAL,NORMAL,0,,99,4.8,4505,3068
1781444283.686861,7,10,3.687,0.953,0.0345,0.416,NOMINAL,NORMAL,0,,99,4.3,4505,3068
1781444284.1879475,7,10,3.578,1.418,0.0333,0.408,NOMINAL,NORMAL,0,,99,4.3,4505,3068
1781444284.6871727,7,10,3.9729,1.133,0.0323,0.388,NOMINAL,NORMAL,0,,70,4.0,4465,3068
1781444285.187341,7,10,3.9615,1.043,0.0324,0.389,NOMINAL,NORMAL,0,,70,4.0,4465,3068
1781444285.687614,7,10,3.9869,1.303,0.0386,0.454,NOMINAL,NORMAL,0,,99,5.7,4577,3069
1781444286.1862128,7,10,2.4906,0.974,0.0214,0.325,NOMINAL,NORMAL,0,,99,5.7,4577,3069
1781444286.687585,7,10,3.9833,1.281,0.0399,0.459,NOMINAL,NORMAL,0,,0,3.8,4545,3069
1781444287.186307,7,10,2.4564,1.222,0.0321,0.405,NOMINAL,NORMAL,0,,0,3.8,4545,3069
1781444287.6877725,7,10,3.9836,1.414,0.044,0.511,NOMINAL,NORMAL,0,,2,3.7,4505,3069
1781444288.1861732,7,10,2.4761,1.163,0.0317,0.44,NOMINAL,NORMAL,0,,2,3.7,4505,3069
1781444288.6880758,7,10,4.243,1.392,0.0433,0.488,NOMINAL,NORMAL,0,,0,4.0,4545,3069
1781444289.186073,7,10,2.4587,1.191,0.0542,0.364,NOMINAL,NORMAL,0,,0,4.0,4545,3069
1781444289.6891196,7,10,4.2818,1.963,0.0372,0.434,NOMINAL,NORMAL,0,,0,3.7,4505,3069
1781444290.18619,7,10,2.5142,1.157,0.0341,0.399,NOMINAL,NORMAL,0,,0,3.7,4505,3069
1781444290.6884487,7,10,4.3211,1.24,0.0337,0.403,NOMINAL,NORMAL,0,,0,5.0,4545,3068
1781444291.1870158,7,10,3.5351,1.064,0.0358,0.403,NOMINAL,NORMAL,0,,0,5.0,4545,3068
1781444291.6878421,7,10,3.7767,1.341,0.0286,0.374,NOMINAL,NORMAL,0,,0,4.0,4505,3069
1781444292.1870584,7,10,3.9308,1.222,0.0334,0.39,NOMINAL,NORMAL,0,,0,4.0,4505,3069
1781444292.6872287,7,10,3.0895,1.34,0.0302,0.391,NOMINAL,NORMAL,0,,13,4.5,4505,3069
1781444293.185966,7,10,2.4729,1.131,0.0295,0.433,NOMINAL,NORMAL,0,,13,4.5,4505,3069
1781444293.686787,7,10,2.5512,1.411,0.0338,0.416,NOMINAL,NORMAL,0,,0,3.5,4545,3069
1781444294.1853046,7,10,2.207,1.156,0.0357,0.409,NOMINAL,NORMAL,0,,0,3.5,4545,3069
1781444294.6860716,7,10,2.4541,1.091,0.0291,0.399,NOMINAL,NORMAL,0,,0,4.5,4505,3069
1781444295.1858432,7,10,2.4297,1.173,0.0218,0.28,NOMINAL,NORMAL,0,,0,4.5,4505,3069
1781444295.6862798,7,10,2.445,1.365,0.0339,0.401,NOMINAL,NORMAL,0,,0,3.8,4505,3069
1781444296.1884964,7,10,4.2918,1.765,0.0452,0.516,NOMINAL,NORMAL,0,,0,3.8,4505,3069
1781444296.6860309,7,10,2.4471,1.142,0.0312,0.388,NOMINAL,NORMAL,0,,0,4.0,4465,3069
1781444297.188844,7,10,4.3135,1.275,0.0414,0.768,NOMINAL,NORMAL,0,,0,4.0,4465,3069
1781444297.6860554,7,10,2.4581,0.968,0.023,0.682,NOMINAL,NORMAL,0,,0,4.5,4465,3069
1781444298.1886966,7,10,4.3203,1.419,0.0335,0.538,NOMINAL,NORMAL,0,,0,4.5,4465,3069
1781444298.6871867,7,10,3.2548,1.288,0.0356,0.565,NOMINAL,NORMAL,0,,0,4.0,4505,3069
1781444299.1882143,7,10,3.8735,1.455,0.0337,0.392,NOMINAL,NORMAL,0,,0,4.0,4505,3069
1781444299.6867607,7,10,2.5603,1.524,0.0364,0.467,NOMINAL,NORMAL,0,,0,4.5,4465,3069
1781444300.1871808,7,10,3.1494,1.221,0.0251,0.33,NOMINAL,NORMAL,0,,0,4.5,4465,3069
1781444300.6850913,7,10,2.1881,1.073,0.0306,0.36,NOMINAL,NORMAL,0,,0,4.2,4465,3069
1781444301.187318,7,10,3.4058,1.223,0.0246,0.322,NOMINAL,NORMAL,0,,0,4.2,4465,3069
1781444301.6880822,7,10,3.9483,1.733,0.0423,0.522,NOMINAL,NORMAL,0,,0,4.2,4505,3069
1781444302.1864247,7,10,2.4671,1.333,0.0343,0.424,NOMINAL,NORMAL,0,,0,4.2,4505,3069
1781444302.6878376,7,10,3.9812,1.444,0.0446,0.517,NOMINAL,NORMAL,0,,0,4.0,4465,3069
1781444303.1859214,7,10,2.4353,1.011,0.0325,0.333,NOMINAL,NORMAL,0,,0,4.0,4465,3069
1781444303.6880772,7,10,4.1902,1.541,0.047,0.522,NOMINAL,NORMAL,0,,0,4.0,4465,3069
1781444304.187612,7,10,3.9976,1.199,0.0438,0.539,NOMINAL,NORMAL,0,,0,4.0,4465,3069
1781444304.689358,7,10,4.3244,1.761,0.0453,0.769,NOMINAL,NORMAL,0,,0,4.3,4465,3069
1781444305.1858132,7,10,2.4632,0.816,0.0238,0.526,NOMINAL,NORMAL,0,,0,4.3,4465,3069
1781444305.6880093,7,10,3.9816,1.628,0.0391,0.498,NOMINAL,NORMAL,0,,0,4.2,4465,3069
1781444306.1866934,7,10,3.2044,0.935,0.0308,0.433,NOMINAL,NORMAL,0,,0,4.2,4465,3069
1781444306.6882746,7,10,3.9732,1.435,0.0312,0.383,NOMINAL,NORMAL,0,,0,4.3,4465,3069
1781444307.186916,7,10,3.9424,1.001,0.0325,0.366,NOMINAL,NORMAL,0,,0,4.3,4465,3069
1781444307.6875422,7,10,3.2874,1.407,0.0319,0.377,NOMINAL,NORMAL,0,,0,4.3,4465,3069
1781444308.1874547,7,10,4.0028,1.224,0.0347,0.394,NOMINAL,NORMAL,0,,0,4.3,4465,3069
1781444308.6859143,7,10,2.4169,0.99,0.0368,0.408,NOMINAL,NORMAL,0,,0,4.2,4465,3069
1781444309.1881115,7,10,4.1182,1.594,0.0381,0.471,NOMINAL,NORMAL,0,,0,4.2,4465,3069
1781444309.6863458,7,10,2.4725,1.315,0.0305,0.378,NOMINAL,NORMAL,0,,0,4.5,4425,3069
1781444310.1860912,7,10,3.1785,1.013,0.0325,0.393,NOMINAL,NORMAL,0,,0,4.5,4425,3069
1781444310.6863086,7,10,2.4335,1.412,0.033,0.399,NOMINAL,NORMAL,0,,0,4.7,4425,3069
1781444311.1869066,7,10,3.1243,1.257,0.0353,0.446,NOMINAL,NORMAL,0,,0,4.7,4425,3069
1781444311.6860025,7,10,2.4515,1.136,0.0302,0.381,NOMINAL,NORMAL,0,,0,3.3,4465,3069
1781444312.1862202,7,10,2.4424,1.211,0.0332,0.4,NOMINAL,NORMAL,0,,0,3.3,4465,3069
1781444312.6857498,7,10,2.4135,1.173,0.0232,0.279,NOMINAL,NORMAL,0,,0,4.8,4465,3069
1781444313.18655,7,10,2.4379,1.513,0.0313,0.422,NOMINAL,NORMAL,0,,0,4.8,4465,3069
1781444313.6869614,7,10,3.0662,1.046,0.035,0.494,NOMINAL,NORMAL,0,,0,4.5,4465,3069
1781444314.188465,7,10,3.9318,1.239,0.0373,0.407,NOMINAL,NORMAL,0,,0,4.5,4465,3069
1781444314.6869144,7,10,3.825,1.009,0.0323,0.369,NOMINAL,NORMAL,0,,0,4.3,4425,3069
1781444315.1865542,7,10,2.4298,1.504,0.0321,0.397,NOMINAL,NORMAL,0,,0,4.3,4425,3069
1781444315.687476,7,10,3.923,1.318,0.0344,0.39,NOMINAL,NORMAL,0,,0,4.3,4425,3070
1781444316.187078,7,10,2.7606,1.468,0.0341,0.404,NOMINAL,NORMAL,0,,0,4.3,4425,3070
1781444316.6876006,7,10,3.9438,1.259,0.0451,0.504,NOMINAL,NORMAL,0,,0,3.8,4425,3070
1781444317.1869817,7,10,2.4185,1.454,0.0325,0.43,NOMINAL,NORMAL,0,,0,3.8,4425,3070
1781444317.688107,7,10,3.8989,1.635,0.0368,0.403,NOMINAL,NORMAL,0,,0,4.2,4385,3070
1781444318.1875308,7,10,3.7323,1.336,0.035,0.406,NOMINAL,NORMAL,0,,0,4.2,4385,3070
1781444318.6882536,7,10,3.9827,1.677,0.0451,0.496,NOMINAL,NORMAL,0,,0,4.3,4425,3069
1781444319.1864421,7,10,2.4666,1.472,0.0325,0.408,NOMINAL,NORMAL,0,,0,4.3,4425,3069
1781444319.689004,7,10,4.2609,1.718,0.0476,0.51,NOMINAL,NORMAL,0,,0,3.8,4465,3069
1781444320.1859627,7,10,2.4456,1.211,0.0245,0.284,NOMINAL,NORMAL,0,,0,3.8,4465,3069
1781444320.689088,7,10,4.2163,1.61,0.0323,0.408,NOMINAL,NORMAL,0,,0,4.2,4385,3069
1781444321.1872685,7,10,3.2419,1.106,0.0362,0.4,NOMINAL,NORMAL,0,,0,4.2,4385,3069
1781444321.6881785,7,10,4.0539,1.062,0.0257,0.337,NOMINAL,NORMAL,0,,0,4.0,4385,3069
1781444322.1873934,7,10,3.6124,1.304,0.0359,0.405,NOMINAL,NORMAL,0,,0,4.0,4385,3069
1781444322.6876466,7,10,3.5485,1.309,0.0323,0.386,NOMINAL,NORMAL,0,,0,3.8,4425,3069
1781444323.1873453,7,10,3.9321,1.287,0.0361,0.397,NOMINAL,NORMAL,0,,0,3.8,4425,3069
1781444323.6869316,7,10,2.9384,1.283,0.0279,0.325,NOMINAL,NORMAL,0,,0,4.2,4425,3069
1781444324.1871977,7,10,3.984,1.118,0.0361,0.393,NOMINAL,NORMAL,0,,0,4.2,4425,3069
1781444324.6863286,7,10,2.4941,1.237,0.0293,0.33,NOMINAL,NORMAL,0,,0,4.3,4425,3069
1781444325.1880724,7,10,3.9728,1.741,0.0434,0.517,NOMINAL,NORMAL,0,,0,4.3,4425,3069
1781444325.686351,7,10,2.4003,1.264,0.032,0.359,NOMINAL,NORMAL,0,,0,3.8,4425,3069
1781444326.1881719,7,10,4.0028,1.501,0.0479,0.563,NOMINAL,NORMAL,0,,0,3.8,4425,3069
1781444326.6862295,7,10,2.4132,1.356,0.032,0.393,NOMINAL,NORMAL,0,,0,3.7,4385,3069
1781444327.1870475,7,10,2.8005,1.6,0.0436,0.645,NOMINAL,NORMAL,0,,0,3.7,4385,3069
1781444327.6858952,7,10,2.404,1.25,0.0216,0.293,NOMINAL,NORMAL,0,,0,4.2,4385,3069
1781444328.1892703,7,10,4.3255,1.884,0.0361,0.605,NOMINAL,NORMAL,0,,0,4.2,4385,3069
1781444328.686428,7,10,2.6543,1.214,0.0341,0.557,NOMINAL,NORMAL,0,,0,4.0,4385,3069
1781444329.1885238,7,10,4.2578,1.565,0.0342,0.417,NOMINAL,NORMAL,0,,0,4.0,4385,3069
1781444329.6871257,7,10,3.4128,1.335,0.0333,0.433,NOMINAL,NORMAL,0,,0,4.2,4385,3069
1781444330.187766,7,10,3.7278,1.148,0.0309,0.388,NOMINAL,NORMAL,0,,0,4.2,4385,3069
1781444330.6870444,7,10,3.9119,1.045,0.0322,0.436,NOMINAL,NORMAL,0,,0,4.0,4385,3069
1781444331.1868742,7,10,2.9857,1.096,0.031,0.404,NOMINAL,NORMAL,0,,0,4.0,4385,3069
1781444331.687559,7,10,3.9231,1.274,0.0419,0.471,NOMINAL,NORMAL,0,,0,4.2,4425,3069
1781444332.1863966,7,10,2.4432,1.122,0.0313,0.495,NOMINAL,NORMAL,0,,0,4.2,4425,3069
1781444332.6883373,7,10,3.9573,1.966,0.0446,0.51,NOMINAL,NORMAL,0,,0,4.3,4385,3069
1781444333.186369,7,10,2.4285,1.461,0.03,0.371,NOMINAL,NORMAL,0,,0,4.3,4385,3069
1781444333.6880815,7,10,3.9734,1.723,0.0444,0.504,NOMINAL,NORMAL,0,,0,4.8,4385,3069
1781444334.1859198,7,10,2.4239,1.08,0.0333,0.343,NOMINAL,NORMAL,0,,0,4.8,4385,3069
1781444334.6884878,7,10,4.1637,1.782,0.0444,0.531,NOMINAL,NORMAL,0,,0,4.3,4385,3070
1781444335.186021,7,10,2.4104,1.219,0.0233,0.335,NOMINAL,NORMAL,0,,0,4.3,4385,3070
1781444335.6888454,7,10,4.3555,1.469,0.0386,0.449,NOMINAL,NORMAL,0,,0,4.2,4385,3069
1781444336.1860893,7,10,2.4204,1.273,0.0366,0.414,NOMINAL,NORMAL,0,,0,4.2,4385,3069
1781444336.6883938,7,10,4.2604,1.274,0.0353,0.395,NOMINAL,NORMAL,0,,0,4.5,4385,3069
1781444337.186742,7,10,3.1955,0.989,0.0301,0.556,NOMINAL,NORMAL,0,,0,4.5,4385,3069
1781444337.68786,7,10,3.8523,1.165,0.0321,0.379,NOMINAL,NORMAL,0,,0,3.7,4425,3070
1781444338.1872008,7,10,3.8956,1.317,0.0361,0.407,NOMINAL,NORMAL,0,,0,3.7,4425,3070
1781444338.6871953,7,10,3.1123,1.199,0.0342,0.387,NOMINAL,NORMAL,0,,25,4.5,4425,3070
1781444339.1853642,7,10,2.217,1.103,0.0313,0.54,NOMINAL,NORMAL,0,,25,4.5,4425,3070
1781444339.686803,7,10,2.5559,1.231,0.0333,0.551,NOMINAL,NORMAL,0,,0,3.8,4385,3070
1781444340.1883342,7,10,3.9846,1.59,0.0471,0.878,NOMINAL,NORMAL,0,,0,3.8,4385,3070
1781444340.6865294,7,10,2.4771,1.175,0.0312,0.608,NOMINAL,NORMAL,0,,0,4.3,4385,3070
1781444341.1878235,7,10,3.9542,1.5,0.0452,0.512,NOMINAL,NORMAL,0,,0,4.3,4385,3070
1781444341.6863387,7,10,2.4755,1.266,0.0333,0.392,NOMINAL,NORMAL,0,,7,4.2,4425,3070
1781444342.1879811,7,10,4.1843,1.489,0.0465,0.504,NOMINAL,NORMAL,0,,7,4.2,4425,3070
1781444342.6866217,7,10,3.316,1.081,0.0351,0.432,NOMINAL,NORMAL,0,,0,4.0,4385,3070
1781444343.188494,7,10,4.156,1.455,0.0464,0.518,NOMINAL,NORMAL,0,,0,4.0,4385,3070
1781444343.685538,7,10,2.4334,0.788,0.0236,0.271,NOMINAL,NORMAL,0,,0,4.0,4346,3070
1781444344.188537,7,10,4.2859,1.402,0.0377,0.392,NOMINAL,NORMAL,0,,0,4.0,4346,3070
1781444344.686106,7,10,2.4484,1.221,0.0344,0.384,NOMINAL,NORMAL,0,,0,4.0,4346,3070
1781444345.1876903,7,10,3.9469,1.475,0.0356,0.407,NOMINAL,NORMAL,0,,0,4.7,4385,3070
1781444345.686988,7,10,3.9079,1.119,0.0356,0.387,NOMINAL,NORMAL,0,,0,4.7,4385,3070
1781444346.1871276,7,10,3.3147,1.196,0.0314,0.374,NOMINAL,NORMAL,0,,0,4.8,4425,3070
1781444346.6875298,7,10,3.9446,1.333,0.0363,0.396,NOMINAL,NORMAL,0,,0,4.8,4425,3070
1781444347.1865687,7,10,2.6521,1.138,0.0319,0.397,NOMINAL,NORMAL,0,,0,4.0,4385,3070
1781444347.6877434,7,10,3.9416,1.437,0.0441,0.492,NOMINAL,NORMAL,0,,0,4.0,4385,3070
1781444348.1860843,7,10,2.4152,1.123,0.0304,0.364,NOMINAL,NORMAL,0,,0,5.0,4385,3070
1781444348.687895,7,10,3.9833,1.535,0.0442,0.494,NOMINAL,NORMAL,0,,0,5.0,4385,3070
1781444349.1861694,7,10,2.446,1.266,0.0333,0.385,NOMINAL,NORMAL,0,,0,3.7,4385,3070
1781444349.6880834,7,10,4.1963,1.511,0.045,0.491,NOMINAL,NORMAL,0,,0,3.7,4385,3070
1781444350.1860955,7,10,2.4456,1.192,0.0333,0.379,NOMINAL,NORMAL,0,,0,4.2,4385,3070
1781444350.6887202,7,10,4.2812,1.511,0.0462,0.508,NOMINAL,NORMAL,0,,0,4.2,4385,3070
1781444351.1854842,7,10,2.409,0.799,0.0321,0.364,NOMINAL,NORMAL,0,,0,5.3,4425,3071
1781444351.688589,7,10,4.2999,1.44,0.0379,0.398,NOMINAL,NORMAL,0,,0,5.3,4425,3071
1781444352.1864657,7,10,3.0852,1.045,0.0342,0.372,NOMINAL,NORMAL,0,,50,3.8,4385,3071
1781444352.6879554,7,10,4.0674,1.206,0.0341,0.364,NOMINAL,NORMAL,0,,50,3.8,4385,3071
1781444353.1869452,7,10,3.8072,1.073,0.0341,0.392,NOMINAL,NORMAL,0,,47,4.3,4385,3071
1781444353.6874259,7,10,3.4149,1.248,0.0343,0.383,NOMINAL,NORMAL,0,,47,4.3,4385,3071
1781444354.185252,7,10,2.1692,1.199,0.0361,0.392,NOMINAL,NORMAL,0,,53,3.8,4425,3071
1781444354.6866286,7,10,2.7706,1.186,0.0313,0.4,NOMINAL,NORMAL,0,,53,3.8,4425,3071
1781444355.187381,7,10,3.8827,1.16,0.0453,0.506,NOMINAL,NORMAL,0,,99,5.2,4425,3071
1781444355.6861393,7,10,2.4124,1.125,0.0329,0.367,NOMINAL,NORMAL,0,,99,5.2,4425,3071
1781444356.1881995,7,10,3.9784,1.826,0.0464,0.512,NOMINAL,NORMAL,0,,99,4.5,4425,3071
1781444356.6861546,7,10,2.427,1.225,0.0344,0.375,NOMINAL,NORMAL,0,,99,4.5,4425,3071
1781444357.1882346,7,10,4.0516,1.824,0.0446,0.495,NOMINAL,NORMAL,0,,99,4.5,4465,3071
1781444357.686221,7,10,2.4516,1.436,0.0349,0.379,NOMINAL,NORMAL,0,,99,4.5,4465,3071
1781444358.1884813,7,10,4.227,1.534,0.0454,0.501,NOMINAL,NORMAL,0,,99,4.2,4425,3071
1781444358.6854286,7,10,2.4343,0.753,0.0252,0.27,NOMINAL,NORMAL,0,,99,4.2,4425,3071
1781444359.1886485,7,10,4.2601,1.432,0.0384,0.407,NOMINAL,NORMAL,0,,99,4.3,4465,3071
1781444359.6856668,7,10,2.3541,0.931,0.0329,0.372,NOMINAL,NORMAL,0,,99,4.3,4465,3071
1781444360.1884477,7,10,4.1525,1.515,0.0329,0.395,NOMINAL,NORMAL,0,,99,4.0,4465,3071
1781444360.686659,7,10,3.4194,1.049,0.0336,0.42,NOMINAL,NORMAL,0,,99,4.0,4465,3071
1781444361.1875987,7,10,3.5652,1.222,0.0348,0.395,NOMINAL,NORMAL,0,,99,4.3,4465,3071
1781444361.6872346,7,10,3.9365,1.09,0.035,0.39,NOMINAL,NORMAL,0,,99,4.3,4465,3071
1781444362.1868434,7,10,2.8437,1.165,0.0367,0.426,NOMINAL,NORMAL,0,,99,4.7,4505,3070
1781444362.6878622,7,10,3.949,1.513,0.0498,0.503,NOMINAL,NORMAL,0,,99,4.7,4505,3070
1781444363.18629,7,10,2.4596,1.173,0.0351,0.372,NOMINAL,NORMAL,0,,99,4.0,4505,3070
1781444363.687677,7,10,3.8906,1.483,0.0463,0.491,NOMINAL,NORMAL,0,,99,4.0,4505,3070
1781444364.1861224,7,10,2.4264,1.184,0.0355,0.399,NOMINAL,NORMAL,0,,66,3.7,4505,3070
1781444364.684607,7,10,2.1583,0.729,0.0223,0.26,NOMINAL,NORMAL,0,,66,3.7,4505,3070
1781444365.1860652,7,10,2.4115,1.172,0.0334,0.379,NOMINAL,NORMAL,0,,55,4.7,4505,3071
1781444365.6886823,7,10,4.2664,1.46,0.0451,0.488,NOMINAL,NORMAL,0,,55,4.7,4505,3071
1781444366.1855602,7,10,2.425,0.836,0.024,0.26,NOMINAL,NORMAL,0,,0,3.8,4505,3071
1781444366.6885889,7,10,4.2813,1.476,0.0391,0.417,NOMINAL,NORMAL,0,,0,3.8,4505,3071
1781444367.1863976,7,10,2.796,1.101,0.0356,0.396,NOMINAL,NORMAL,0,,0,3.8,4505,3071
1781444367.687635,7,10,4.0087,1.373,0.038,0.386,NOMINAL,NORMAL,0,,0,3.8,4505,3071
1781444368.187008,7,10,3.6209,1.097,0.0354,0.389,NOMINAL,NORMAL,0,,0,4.3,4505,3071
1781444368.6859818,7,10,2.4472,1.152,0.0354,0.376,NOMINAL,NORMAL,0,,0,4.3,4505,3071
1781444369.187519,7,10,3.9768,1.387,0.0347,0.403,NOMINAL,NORMAL,0,,0,3.7,4505,3071
1781444369.6873984,7,10,2.9974,1.639,0.0365,0.403,NOMINAL,NORMAL,0,,0,3.7,4505,3071
1781444370.1877418,7,10,3.9768,1.369,0.0456,0.51,NOMINAL,NORMAL,0,,0,4.3,4505,3071
1781444370.6864378,7,10,2.6466,1.455,0.0335,0.381,NOMINAL,NORMAL,0,,0,4.3,4505,3071
1781444371.188573,7,10,3.9906,1.961,0.0468,0.703,NOMINAL,NORMAL,0,,0,4.0,4465,3071
1781444371.6861765,7,10,2.4579,1.179,0.0335,0.37,NOMINAL,NORMAL,0,,0,4.0,4465,3071
1781444372.188313,7,10,4.0526,1.877,0.0462,0.491,NOMINAL,NORMAL,0,,0,4.2,4505,3071
1781444372.6863847,7,10,2.4634,1.483,0.0328,0.398,NOMINAL,NORMAL,0,,0,4.2,4505,3071
1781444373.188321,7,10,4.2487,1.563,0.0463,0.517,NOMINAL,NORMAL,0,,0,3.8,4465,3071
1781444373.685809,7,10,2.4365,1.094,0.0241,0.275,NOMINAL,NORMAL,0,,0,3.8,4465,3071
1781444374.1875062,7,10,3.9708,1.308,0.0361,0.39,NOMINAL,NORMAL,0,,0,4.0,4465,3071
1781444374.6871414,7,10,3.9485,1.135,0.0363,0.396,NOMINAL,NORMAL,0,,0,4.0,4465,3071
1781444375.1884134,7,10,4.2198,1.647,0.0337,0.398,NOMINAL,NORMAL,0,,0,4.2,4465,3071
1781444375.6867292,7,10,3.223,1.042,0.0349,0.427,NOMINAL,NORMAL,0,,0,4.2,4465,3071
1781444376.1880836,7,10,3.832,1.47,0.0312,0.394,NOMINAL,NORMAL,0,,0,4.2,4505,3071
1781444376.6872675,7,10,3.9228,1.302,0.034,0.39,NOMINAL,NORMAL,0,,0,4.2,4505,3071
1781444377.187097,7,10,3.0429,1.214,0.0331,0.375,NOMINAL,NORMAL,0,,0,4.5,4505,3071
1781444377.687437,7,10,3.946,1.118,0.0414,0.451,NOMINAL,NORMAL,0,,0,4.5,4505,3071
1781444378.186707,7,10,2.5063,1.415,0.0332,0.409,NOMINAL,NORMAL,0,,0,4.0,4505,3071
1781444378.6877263,7,10,3.8784,1.469,0.0441,0.496,NOMINAL,NORMAL,0,,0,4.0,4505,3071
1781444379.1862783,7,10,2.4633,1.193,0.0361,0.391,NOMINAL,NORMAL,0,,0,4.0,4465,3071
1781444379.6878479,7,10,4.0018,1.447,0.045,0.503,NOMINAL,NORMAL,0,,0,4.0,4465,3071
1781444380.1861076,7,10,2.459,1.169,0.0358,0.382,NOMINAL,NORMAL,0,,0,4.3,4465,3072
1781444380.6881452,7,10,4.26,1.518,0.0448,0.496,NOMINAL,NORMAL,0,,0,4.3,4465,3072
1781444381.1857755,7,10,2.4263,1.135,0.0239,0.258,NOMINAL,NORMAL,0,,0,4.3,4465,3072
1781444381.6890986,7,10,4.311,1.81,0.0345,0.466,NOMINAL,NORMAL,0,,0,4.3,4465,3072
1781444382.1858428,7,10,2.4313,0.994,0.0355,0.385,NOMINAL,NORMAL,0,,0,3.7,4465,3072
1781444382.6886315,7,10,4.2706,1.669,0.0358,0.404,NOMINAL,NORMAL,0,,0,3.7,4465,3072
1781444383.186943,7,10,3.3059,1.113,0.036,0.394,NOMINAL,NORMAL,0,,0,4.2,4465,3072
1781444383.6879659,7,10,3.9323,1.245,0.036,0.407,NOMINAL,NORMAL,0,,0,4.2,4465,3072
1781444384.187054,7,10,3.9745,1.119,0.0349,0.392,NOMINAL,NORMAL,0,,0,4.3,4465,3070
1781444384.6873777,7,10,3.2363,1.305,0.0355,0.392,NOMINAL,NORMAL,0,,0,4.3,4465,3070
1781444385.1849978,7,10,2.1645,0.939,0.0344,0.387,NOMINAL,NORMAL,0,,24,4.3,4425,3070
1781444385.6866052,7,10,2.5594,1.175,0.0336,0.419,NOMINAL,NORMAL,0,,24,4.3,4425,3070
1781444386.1878629,7,10,4.0053,1.481,0.0448,0.481,NOMINAL,NORMAL,0,,0,4.2,4465,3070
1781444386.6862936,7,10,2.4724,1.187,0.0359,0.373,NOMINAL,NORMAL,0,,0,4.2,4465,3070
1781444387.1879103,7,10,4.0036,1.491,0.0476,0.533,NOMINAL,NORMAL,0,,0,4.2,4425,3070
1781444387.6861584,7,10,2.4319,1.238,0.0363,0.38,NOMINAL,NORMAL,0,,0,4.2,4425,3070
1781444388.188056,7,10,4.1605,1.528,0.046,0.499,NOMINAL,NORMAL,0,,0,4.2,4425,3070
1781444388.6858847,7,10,2.4713,1.024,0.0242,0.271,NOMINAL,NORMAL,0,,0,4.2,4425,3070
1781444389.1888573,7,10,4.3374,1.515,0.0477,0.51,NOMINAL,NORMAL,0,,0,4.3,4425,3070
1781444389.6857257,7,10,2.4552,0.877,0.0331,0.373,NOMINAL,NORMAL,0,,0,4.3,4425,3070
1781444390.1885333,7,10,4.2666,1.395,0.034,0.378,NOMINAL,NORMAL,0,,0,4.3,4425,3071
1781444390.6868963,7,10,3.1805,1.073,0.0362,0.44,NOMINAL,NORMAL,0,,0,4.3,4425,3071
1781444391.1881185,7,10,4.0633,1.273,0.0329,0.392,NOMINAL,NORMAL,0,,0,3.7,4425,3071
1781444391.6870613,7,10,3.8638,1.081,0.0354,0.382,NOMINAL,NORMAL,0,,0,3.7,4425,3071
1781444392.186972,7,10,3.581,1.198,0.0346,0.373,NOMINAL,NORMAL,0,,0,4.5,4465,3071
1781444392.6850128,7,10,2.1769,0.942,0.0367,0.382,NOMINAL,NORMAL,0,,0,4.5,4465,3071
1781444393.1866868,7,10,2.6911,1.171,0.0348,0.419,NOMINAL,NORMAL,0,,0,4.2,4505,3071
1781444393.6879148,7,10,3.9713,1.555,0.0458,0.498,NOMINAL,NORMAL,0,,0,4.2,4505,3071
1781444394.1863406,7,10,2.4615,1.19,0.0349,0.396,NOMINAL,NORMAL,0,,0,4.2,4465,3071
1781444394.6879334,7,10,3.9976,1.553,0.0493,0.507,NOMINAL,NORMAL,0,,0,4.2,4465,3071
1781444395.186028,7,10,2.4477,1.148,0.0352,0.368,NOMINAL,NORMAL,0,,0,5.0,4425,3071
1781444395.6877553,7,10,4.028,1.42,0.0453,0.49,NOMINAL,NORMAL,0,,0,5.0,4425,3071
1781444396.1858757,7,10,2.4256,1.15,0.0226,0.256,NOMINAL,NORMAL,0,,0,3.8,4425,3071
1781444396.6885908,7,10,4.2677,1.492,0.0456,0.489,NOMINAL,NORMAL,0,,0,3.8,4425,3071
1781444397.185771,7,10,2.4682,0.863,0.036,0.381,NOMINAL,NORMAL,0,,0,4.5,4425,3071
1781444397.6885684,7,10,4.2572,1.414,0.0414,0.422,NOMINAL,NORMAL,0,,0,4.5,4425,3071
1781444398.1867414,7,10,3.112,1.04,0.0341,0.426,NOMINAL,NORMAL,0,,0,4.0,4425,3071
1781444398.6881738,7,10,4.1725,1.201,0.0361,0.381,NOMINAL,NORMAL,0,,0,4.0,4425,3071
1781444399.1876268,7,10,3.7339,1.656,0.0365,0.401,NOMINAL,NORMAL,0,,0,4.3,4425,3071
1781444399.6880918,7,10,3.5496,1.775,0.0333,0.392,NOMINAL,NORMAL,0,,0,4.3,4425,3071
1781444400.1876674,7,10,4.0123,1.364,0.035,0.41,NOMINAL,NORMAL,0,,16,4.3,4425,3071
1781444400.6869524,7,10,2.8175,1.257,0.0359,0.409,NOMINAL,NORMAL,0,,16,4.3,4425,3071
1781444401.187931,7,10,3.965,1.536,0.0494,0.512,NOMINAL,NORMAL,0,,0,4.0,4425,3071
1781444401.6865933,7,10,2.4861,1.438,0.0356,0.407,NOMINAL,NORMAL,0,,0,4.0,4425,3071
1781444402.1882923,7,10,3.9686,1.877,0.0443,0.549,NOMINAL,NORMAL,0,,0,4.7,4425,3071
1781444402.6864176,7,10,2.4459,1.496,0.0344,0.394,NOMINAL,NORMAL,0,,0,4.7,4425,3071
1781444403.1880767,7,10,4.0757,1.554,0.0467,0.504,NOMINAL,NORMAL,0,,0,4.2,4425,3071
1781444403.6864007,7,10,2.4737,1.595,0.0232,0.269,NOMINAL,NORMAL,0,,0,4.2,4425,3071
1781444404.1890564,7,10,4.3682,1.573,0.0471,0.517,NOMINAL,NORMAL,0,,0,4.3,4385,3071
1781444404.6857395,7,10,2.4332,0.934,0.0355,0.342,NOMINAL,NORMAL,0,,0,4.3,4385,3071
1781444405.1891494,7,10,4.3262,1.7,0.0337,0.435,NOMINAL,NORMAL,0,,0,6.2,4585,3071
1781444405.6864543,7,10,2.9252,1.047,0.0342,0.387,NOMINAL,NORMAL,0,,0,6.2,4585,3071
1781444406.1885128,7,10,4.2714,1.314,0.0365,0.378,NOMINAL,NORMAL,0,,0,3.8,4425,3071
1781444406.686982,7,10,3.6477,1.07,0.0348,0.384,NOMINAL,NORMAL,0,,0,3.8,4425,3071
1781444407.1879833,7,10,3.6547,1.26,0.0348,0.525,NOMINAL,NORMAL,0,,0,4.0,4425,3071
1781444407.6873736,7,10,3.9993,1.27,0.036,0.38,NOMINAL,NORMAL,0,,0,4.0,4425,3071
1781444408.1869836,7,10,2.8904,1.244,0.0354,0.382,NOMINAL,NORMAL,0,,0,4.2,4425,3071
1781444408.688053,7,10,3.931,1.733,0.0468,0.526,NOMINAL,NORMAL,0,,0,4.2,4425,3071
1781444409.1867049,7,10,2.5002,1.27,0.0335,0.431,NOMINAL,NORMAL,0,,0,4.3,4425,3071
1781444409.688174,7,10,3.9782,1.766,0.048,0.533,NOMINAL,NORMAL,0,,0,4.3,4425,3071
1781444410.1867096,7,10,2.4806,1.411,0.0365,0.418,NOMINAL,NORMAL,0,,0,4.8,4425,3071
1781444410.6877916,7,10,4.0209,1.418,0.0484,0.496,NOMINAL,NORMAL,0,,0,4.8,4425,3071
1781444411.1862652,7,10,2.486,1.275,0.0339,0.35,NOMINAL,NORMAL,0,,0,4.5,4385,3071
1781444411.6882222,7,10,4.3052,1.482,0.0449,0.5,NOMINAL,NORMAL,0,,0,4.5,4385,3071
1781444412.1857007,7,10,2.4605,0.805,0.0235,0.29,NOMINAL,NORMAL,0,,0,3.7,4385,3071
1781444412.688783,7,10,4.2933,1.405,0.0375,0.61,NOMINAL,NORMAL,0,,0,3.7,4385,3071
1781444413.1860878,7,10,2.477,1.039,0.0359,0.393,NOMINAL,NORMAL,0,,0,4.2,4385,3071
1781444413.6883612,7,10,4.3079,1.221,0.033,0.375,NOMINAL,NORMAL,0,,0,4.2,4385,3071
1781444414.1874099,7,10,3.5533,1.376,0.0352,0.4,NOMINAL,NORMAL,0,,0,4.2,4385,3071
1781444414.6877415,7,10,3.7244,1.206,0.0334,0.381,NOMINAL,NORMAL,0,,0,4.2,4385,3071
1781444415.1871898,7,10,3.9726,1.102,0.0346,0.382,NOMINAL,NORMAL,0,,0,3.5,4346,3071
1781444415.68735,7,10,3.0705,1.457,0.0338,0.388,NOMINAL,NORMAL,0,,0,3.5,4346,3071
1781444416.1878767,7,10,4.0436,1.395,0.0481,0.516,NOMINAL,NORMAL,0,,0,4.5,4385,3071
1781444416.6863613,7,10,2.4883,1.146,0.0358,0.38,NOMINAL,NORMAL,0,,0,4.5,4385,3071
1781444417.1879292,7,10,3.9686,1.557,0.0479,0.534,NOMINAL,NORMAL,0,,0,5.0,4385,3071
1781444417.6862726,7,10,2.4513,1.252,0.0333,0.391,NOMINAL,NORMAL,0,,0,5.0,4385,3071
1781444418.1878946,7,10,3.9684,1.535,0.0476,0.51,NOMINAL,NORMAL,0,,0,4.3,4385,3071
1781444418.6861486,7,10,2.452,1.183,0.0384,0.402,NOMINAL,NORMAL,0,,0,4.3,4385,3071
1781444419.1866102,7,10,2.5386,1.26,0.0329,0.543,NOMINAL,NORMAL,0,,0,4.3,4385,3072
1781444419.6858213,7,10,2.4786,0.909,0.0252,0.274,NOMINAL,NORMAL,0,,0,4.3,4385,3072
1781444420.1887364,7,10,4.2997,1.47,0.0451,0.49,NOMINAL,NORMAL,0,,0,4.3,4385,3071
1781444420.685896,7,10,2.4734,1.048,0.0375,0.385,NOMINAL,NORMAL,0,,0,4.3,4385,3071
1781444421.1883767,7,10,4.2912,1.458,0.0349,0.386,NOMINAL,NORMAL,0,,0,4.2,4385,3071
1781444421.6858783,7,10,2.4748,0.917,0.0339,0.387,NOMINAL,NORMAL,0,,0,4.2,4385,3071
1781444422.1864214,7,10,2.4825,1.217,0.0327,0.362,NOMINAL,NORMAL,0,,0,4.2,4346,3071
1781444422.687071,7,10,3.8883,1.12,0.0357,0.393,NOMINAL,NORMAL,0,,0,4.2,4346,3071
1781444423.1858647,7,10,2.4415,0.999,0.0248,0.258,NOMINAL,NORMAL,0,,0,4.0,4385,3071
1781444423.6875746,7,10,3.9272,1.343,0.037,0.406,NOMINAL,NORMAL,0,,0,4.0,4385,3071
1781444424.1875305,7,10,3.9783,1.126,0.0467,0.46,NOMINAL,NORMAL,0,,0,4.0,4385,3071
1781444424.6880097,7,10,3.9381,1.604,0.0464,0.51,NOMINAL,NORMAL,0,,0,4.7,4385,3071
1781444425.1865265,7,10,2.9884,1.072,0.0345,0.381,NOMINAL,NORMAL,0,,0,4.7,4385,3071
1781444425.6883376,7,10,4.0147,1.851,0.0469,0.533,NOMINAL,NORMAL,0,,25,3.8,4385,3071
1781444426.1885533,7,10,3.9269,1.925,0.0467,0.556,NOMINAL,NORMAL,0,,25,3.8,4385,3071
1781444426.688478,7,10,4.1282,1.88,0.046,0.528,NOMINAL,NORMAL,0,,0,4.3,4346,3072
1781444427.185968,7,10,2.4492,1.195,0.0249,0.272,NOMINAL,NORMAL,0,,0,4.3,4346,3072
1781444427.6891792,7,10,4.2893,1.819,0.0455,0.503,NOMINAL,NORMAL,0,,0,3.8,4385,3072
1781444428.1862044,7,10,2.5086,1.044,0.0354,0.393,NOMINAL,NORMAL,0,,0,3.8,4385,3072
1781444428.6889575,7,10,4.2794,1.8,0.0352,0.406,NOMINAL,NORMAL,0,,0,4.3,4385,3072
1781444429.185715,7,10,2.231,0.977,0.0369,0.4,NOMINAL,NORMAL,0,,0,4.3,4385,3072
1781444429.68815,7,10,4.0139,1.291,0.0349,0.387,NOMINAL,NORMAL,0,,0,3.7,4425,3072
1781444430.187046,7,10,3.9578,1.105,0.0338,0.39,NOMINAL,NORMAL,0,,0,3.7,4425,3072
1781444430.6874309,7,10,3.2972,1.256,0.0334,0.375,NOMINAL,NORMAL,0,,13,4.7,4385,3072
1781444431.1852477,7,10,2.2221,1.154,0.0357,0.393,NOMINAL,NORMAL,0,,13,4.7,4385,3072
1781444431.6870031,7,10,2.7266,1.526,0.0332,0.393,NOMINAL,NORMAL,0,,25,4.0,4425,3072
1781444432.1862066,7,10,3.2569,1.07,0.0347,0.385,NOMINAL,NORMAL,0,,25,4.0,4425,3072
1781444432.6863716,7,10,2.481,1.243,0.0349,0.384,NOMINAL,NORMAL,0,,11,4.2,4385,3072
1781444433.1880126,7,10,4.0374,1.579,0.0461,0.508,NOMINAL,NORMAL,0,,11,4.2,4385,3072
1781444433.6862993,7,10,2.499,1.259,0.0346,0.386,NOMINAL,NORMAL,0,,99,4.5,4425,3072
1781444434.1880043,7,10,4.069,1.54,0.0465,0.504,NOMINAL,NORMAL,0,,99,4.5,4425,3072
1781444434.6859071,7,10,2.4659,1.147,0.0228,0.26,NOMINAL,NORMAL,0,,94,4.0,4425,3072
1781444435.1886206,7,10,4.3384,1.473,0.0492,0.508,NOMINAL,NORMAL,0,,94,4.0,4425,3072
1781444435.6857479,7,10,2.476,0.857,0.0353,0.372,NOMINAL,NORMAL,0,,99,4.2,4425,3072
1781444436.1887763,7,10,4.2758,1.702,0.0317,0.394,NOMINAL,NORMAL,0,,99,4.2,4425,3072
1781444436.6866858,7,10,3.0365,1.1,0.036,0.438,NOMINAL,NORMAL,0,,99,4.3,4425,3072
1781444437.1880224,7,10,4.1361,1.184,0.0321,0.369,NOMINAL,NORMAL,0,,99,4.3,4425,3072
1781444437.6869776,7,10,3.7862,1.087,0.0363,0.384,NOMINAL,NORMAL,0,,99,4.2,4425,3072
1781444438.1877909,7,10,3.5069,1.509,0.0323,0.4,NOMINAL,NORMAL,0,,99,4.2,4425,3072
1781444438.68769,7,10,3.9714,1.376,0.0458,0.504,NOMINAL,NORMAL,0,,99,4.5,4465,3072
1781444439.187058,7,10,2.8219,1.312,0.0322,0.404,NOMINAL,NORMAL,0,,99,4.5,4465,3072
1781444439.687951,7,10,4.043,1.525,0.0449,0.504,NOMINAL,NORMAL,0,,99,4.5,4465,3072
1781444440.1862526,7,10,2.4727,1.127,0.0335,0.364,NOMINAL,NORMAL,0,,99,4.5,4465,3072
1781444440.6882193,7,10,3.9892,1.853,0.0433,0.502,NOMINAL,NORMAL,0,,99,5.0,4505,3072
1781444441.1865163,7,10,2.4611,1.503,0.0362,0.454,NOMINAL,NORMAL,0,,99,5.0,4505,3072
1781444441.6881201,7,10,4.0548,1.686,0.046,0.542,NOMINAL,NORMAL,0,,86,4.3,4505,3072
1781444442.1863573,7,10,2.5056,1.468,0.0236,0.278,NOMINAL,NORMAL,0,,86,4.3,4505,3072
1781444442.6890376,7,10,4.3174,1.868,0.0457,0.527,NOMINAL,NORMAL,0,,99,4.3,4505,3072
1781444443.1857123,7,10,2.4609,0.813,0.0378,0.385,NOMINAL,NORMAL,0,,99,4.3,4505,3072
1781444443.6890788,7,10,4.3167,1.812,0.0371,0.414,NOMINAL,NORMAL,0,,57,4.2,4505,3072
1781444444.1868963,7,10,3.093,1.16,0.0379,0.456,NOMINAL,NORMAL,0,,57,4.2,4505,3072
1781444444.6884084,7,10,4.2319,1.324,0.0347,0.404,NOMINAL,NORMAL,0,,44,4.5,4505,3072
1781444445.187158,7,10,3.7068,1.189,0.0355,0.395,NOMINAL,NORMAL,0,,44,4.5,4505,3072
1781444445.6880708,7,10,3.6119,1.59,0.0337,0.4,NOMINAL,NORMAL,0,,7,4.3,4505,3072
1781444446.187203,7,10,3.9643,1.149,0.0349,0.388,NOMINAL,NORMAL,0,,7,4.3,4505,3072
1781444446.6871266,7,10,3.0686,1.621,0.0349,0.409,NOMINAL,NORMAL,0,,6,4.0,4545,3072
1781444447.1880803,7,10,4.0382,1.646,0.0458,0.508,NOMINAL,NORMAL,0,,6,4.0,4545,3072
1781444447.6865087,7,10,2.4985,1.241,0.0345,0.379,NOMINAL,NORMAL,0,,7,4.2,4505,3072
1781444448.1884224,7,10,4.0354,1.962,0.0446,0.514,NOMINAL,NORMAL,0,,7,4.2,4505,3072
1781444448.6867173,7,10,2.4622,1.592,0.0339,0.439,NOMINAL,NORMAL,0,,0,4.8,4505,3072
1781444449.1884599,7,10,4.0793,1.927,0.0459,0.521,NOMINAL,NORMAL,0,,0,4.8,4505,3072
1781444449.6864128,7,10,2.4923,1.58,0.0229,0.267,NOMINAL,NORMAL,0,,0,4.2,4505,3072
1781444450.188833,7,10,4.2836,1.952,0.05,0.581,NOMINAL,NORMAL,0,,0,4.2,4505,3072
1781444450.6859918,7,10,2.4786,1.055,0.0356,0.386,NOMINAL,NORMAL,0,,0,4.2,4505,3072
1781444451.1891866,7,10,4.3645,1.862,0.0405,0.434,NOMINAL,NORMAL,0,,0,4.2,4505,3072
1781444451.686672,7,10,2.6876,1.385,0.0359,0.443,NOMINAL,NORMAL,0,,0,3.8,4505,3072
1781444452.1889539,7,10,4.3778,1.597,0.033,0.449,NOMINAL,NORMAL,0,,0,3.8,4505,3072
1781444452.6872797,7,10,3.5343,1.402,0.0354,0.396,NOMINAL,NORMAL,0,,0,4.0,4505,3072
1781444453.1887505,7,10,3.7591,2.051,0.0326,0.417,NOMINAL,NORMAL,0,,0,4.0,4505,3072
1781444453.6874628,7,10,4.0018,1.375,0.0351,0.392,NOMINAL,NORMAL,0,,0,4.0,4465,3072
1781444454.187756,7,10,3.0247,1.774,0.0331,0.423,NOMINAL,NORMAL,0,,0,4.0,4465,3072
1781444454.6888819,7,10,4.062,2.268,0.045,0.611,NOMINAL,NORMAL,0,,0,4.2,4505,3072
1781444455.186737,7,10,2.5988,1.502,0.0369,0.432,NOMINAL,NORMAL,0,,0,4.2,4505,3072
1781444455.688426,7,10,4.0732,1.923,0.0455,0.518,NOMINAL,NORMAL,0,,0,4.7,4505,3072
1781444456.1865735,7,10,2.4953,1.342,0.036,0.438,NOMINAL,NORMAL,0,,0,4.7,4505,3072
1781444456.6851861,7,10,2.2086,1.067,0.0357,0.389,NOMINAL,NORMAL,0,,0,4.3,4505,3072
1781444457.1866617,7,10,2.5116,1.632,0.0493,0.377,NOMINAL,NORMAL,0,,0,4.3,4505,3072
1781444457.6892974,7,10,4.3584,1.895,0.0448,0.511,NOMINAL,NORMAL,0,,0,3.8,4505,3072
1781444458.1857915,7,10,2.4912,0.909,0.023,0.267,NOMINAL,NORMAL,0,,0,3.8,4505,3072
1781444458.688893,7,10,4.3324,1.573,0.0453,0.456,NOMINAL,NORMAL,0,,0,4.8,4465,3072
1781444459.1862879,7,10,2.6445,1.115,0.0352,0.388,NOMINAL,NORMAL,0,,0,4.8,4465,3072
1781444459.6890118,7,10,4.2867,1.721,0.0338,0.442,NOMINAL,NORMAL,0,,0,4.3,4465,3073
1781444460.187364,7,10,3.4237,1.426,0.0365,0.403,NOMINAL,NORMAL,0,,0,4.3,4465,3073
1781444460.6886005,7,10,3.7487,1.824,0.0328,0.402,NOMINAL,NORMAL,0,,0,4.0,4505,3073
1781444461.187342,7,10,3.9765,1.388,0.0354,0.388,NOMINAL,NORMAL,0,,0,4.0,4505,3073
1781444461.6876063,7,10,3.11,1.617,0.0321,0.392,NOMINAL,NORMAL,0,,0,4.3,4465,3073
1781444462.1882436,7,10,4.0583,1.79,0.0456,0.513,NOMINAL,NORMAL,0,,0,4.3,4465,3073
1781444462.6870565,7,10,2.5636,1.605,0.0335,0.395,NOMINAL,NORMAL,0,,0,3.8,4465,3072
1781444463.1887748,7,10,3.9914,2.362,0.0469,0.522,NOMINAL,NORMAL,0,,0,3.8,4465,3072
1781444463.689021,7,10,3.9965,2.55,0.0455,0.522,NOMINAL,NORMAL,0,,0,4.0,4465,3072
1781444464.1883829,7,10,4.0344,1.897,0.0494,0.513,NOMINAL,NORMAL,0,,0,4.0,4465,3072
1781444464.6868274,7,10,2.4551,1.821,0.0225,0.357,NOMINAL,NORMAL,0,,0,4.3,4465,3072
1781444465.1883652,7,10,4.2875,1.651,0.047,0.523,NOMINAL,NORMAL,0,,0,4.3,4465,3072
1781444465.686024,7,10,2.4927,1.117,0.0232,0.276,NOMINAL,NORMAL,0,,0,6.5,4505,3072
1781444466.1892006,7,10,4.3858,1.875,0.0424,0.475,NOMINAL,NORMAL,0,,0,6.5,4505,3072
1781444466.6880896,7,10,4.036,1.615,0.0439,0.51,NOMINAL,NORMAL,0,,0,4.2,4465,3072
1781444467.1885905,7,10,4.2743,1.728,0.0358,0.383,NOMINAL,NORMAL,0,,0,4.2,4465,3072
1781444467.6872272,7,10,3.2763,1.421,0.035,0.398,NOMINAL,NORMAL,0,,0,4.2,4465,3072
1781444468.188852,7,10,4.026,2.023,0.0333,0.408,NOMINAL,NORMAL,0,,0,4.2,4465,3072
1781444468.6873882,7,10,3.9801,1.366,0.0365,0.394,NOMINAL,NORMAL,0,,29,4.0,4505,3072
1781444469.187797,7,10,3.2682,1.633,0.0365,0.414,NOMINAL,NORMAL,0,,29,4.0,4505,3072
1781444469.6869864,7,10,2.5612,1.774,0.0353,0.406,NOMINAL,NORMAL,0,,0,4.2,4465,3072
1781444470.186959,7,10,2.5729,1.377,0.0339,0.398,NOMINAL,NORMAL,0,,0,4.2,4465,3072
1781444470.6884336,7,10,4.0101,1.976,0.0464,0.52,NOMINAL,NORMAL,0,,0,5.2,4465,3072
1781444471.1868048,7,10,2.4903,1.556,0.0758,0.451,NOMINAL,NORMAL,0,,0,5.2,4465,3072
1781444471.6880403,7,10,3.9716,1.636,0.0463,0.511,NOMINAL,NORMAL,0,,36,4.2,4425,3072
1781444472.1864662,7,10,2.4503,1.531,0.0339,0.395,NOMINAL,NORMAL,0,,36,4.2,4425,3072
1781444472.686546,7,10,2.4732,1.294,0.0355,0.457,NOMINAL,NORMAL,0,,0,3.7,4425,3072
1781444473.1858459,7,10,2.4605,1.076,0.0253,0.267,NOMINAL,NORMAL,0,,0,3.7,4425,3072
1781444473.6891997,7,10,4.3446,1.92,0.0454,0.515,NOMINAL,NORMAL,0,,0,4.7,4465,3072
1781444474.186038,7,10,2.4688,1.041,0.0367,0.416,NOMINAL,NORMAL,0,,0,4.7,4465,3072
1781444474.689014,7,10,4.313,1.778,0.0365,0.397,NOMINAL,NORMAL,0,,9,3.8,4425,3072
1781444475.1869786,7,10,3.0485,1.4,0.0352,0.4,NOMINAL,NORMAL,0,,9,3.8,4425,3072
1781444475.6867192,7,10,2.5317,1.314,0.0338,0.428,NOMINAL,NORMAL,0,,0,4.8,4465,3072
1781444476.1872115,7,10,3.7846,1.328,0.0341,0.388,NOMINAL,NORMAL,0,,0,4.8,4465,3072
1781444476.6877196,7,10,3.3524,1.351,0.0341,0.393,NOMINAL,NORMAL,0,,0,4.3,4425,3072
1781444477.1852036,7,10,2.2159,1.104,0.0354,0.395,NOMINAL,NORMAL,0,,0,4.3,4425,3072
1781444477.687278,7,10,2.7452,1.611,0.0343,0.401,NOMINAL,NORMAL,0,,0,4.2,4425,3072
1781444478.1882086,7,10,3.9632,1.885,0.0452,0.518,NOMINAL,NORMAL,0,,0,4.2,4425,3072
1781444478.6872106,7,10,3.5615,1.157,0.035,0.406,NOMINAL,NORMAL,0,,0,3.8,4425,3072
1781444479.188096,7,10,4.0963,1.554,0.0469,0.513,NOMINAL,NORMAL,0,,0,3.8,4425,3072
1781444479.686638,7,10,2.4839,1.591,0.0357,0.447,NOMINAL,NORMAL,0,,0,4.3,4425,3072
1781444480.1856368,7,10,2.2066,1.563,0.0364,0.415,NOMINAL,NORMAL,0,,0,4.3,4425,3072
1781444480.6862252,7,10,2.4922,1.432,0.0238,0.283,NOMINAL,NORMAL,0,,9,4.2,4465,3072
1781444481.1893027,7,10,4.2731,2.387,0.0468,0.54,NOMINAL,NORMAL,0,,9,4.2,4465,3072
1781444481.686067,7,10,2.4783,1.268,0.0348,0.389,NOMINAL,NORMAL,0,,0,4.2,4425,3072
1781444482.1888986,7,10,4.3949,1.675,0.0355,0.382,NOMINAL,NORMAL,0,,0,4.2,4425,3072
1781444482.6868021,7,10,2.9593,1.344,0.0768,0.445,NOMINAL,NORMAL,0,,0,4.2,4385,3072
1781444483.188743,7,10,4.2996,1.611,0.0335,0.406,NOMINAL,NORMAL,0,,0,4.2,4385,3072
1781444483.6870983,7,10,3.5142,1.394,0.036,0.401,NOMINAL,NORMAL,0,,0,4.2,4385,3072
1781444484.1877978,7,10,3.4569,1.315,0.0332,0.403,NOMINAL,NORMAL,0,,0,4.2,4385,3072
1781444484.687433,7,10,4.0254,1.348,0.0344,0.398,NOMINAL,NORMAL,0,,0,4.3,4425,3072
1781444485.1877005,7,10,2.8338,1.953,0.0356,0.409,NOMINAL,NORMAL,0,,0,4.3,4425,3072
1781444485.6885355,7,10,4.0115,2.152,0.0457,0.526,NOMINAL,NORMAL,0,,0,3.8,4385,3072
1781444486.1868756,7,10,2.5347,1.557,0.0318,0.442,NOMINAL,NORMAL,0,,0,3.8,4385,3072
1781444486.688445,7,10,4.0824,1.943,0.0463,0.528,NOMINAL,NORMAL,0,,0,4.3,4385,3072
1781444487.18637,7,10,2.5059,1.279,0.0336,0.407,NOMINAL,NORMAL,0,,0,4.3,4385,3072
1781444487.6878512,7,10,4.0323,1.627,0.0428,0.493,NOMINAL,NORMAL,0,,0,4.5,4385,3072
1781444488.1863642,7,10,2.4855,1.506,0.0226,0.274,NOMINAL,NORMAL,0,,0,4.5,4385,3072
1781444488.6883597,7,10,4.2972,1.532,0.0454,0.515,NOMINAL,NORMAL,0,,0,4.2,4385,3072
1781444489.1859202,7,10,2.5078,0.879,0.0345,0.401,NOMINAL,NORMAL,0,,0,4.2,4385,3072
1781444489.6889431,7,10,4.3409,1.85,0.0381,0.443,NOMINAL,NORMAL,0,,0,4.8,4385,3073
1781444490.186967,7,10,2.9374,1.43,0.0352,0.405,NOMINAL,NORMAL,0,,0,4.8,4385,3073
1781444490.688572,7,10,4.3436,1.52,0.0342,0.392,NOMINAL,NORMAL,0,,0,3.7,4385,3073
1781444491.186924,7,10,3.5956,1.092,0.0345,0.393,NOMINAL,NORMAL,0,,0,3.7,4385,3073
1781444491.6879752,7,10,3.7464,1.578,0.0314,0.373,NOMINAL,NORMAL,0,,0,4.7,4385,3073
1781444492.1872144,7,10,4.0055,1.166,0.0361,0.402,NOMINAL,NORMAL,0,,0,4.7,4385,3073
1781444492.6873114,7,10,3.0066,1.617,0.0357,0.392,NOMINAL,NORMAL,0,,0,4.0,4385,3073
1781444493.1869516,7,10,3.7067,1.122,0.035,0.389,NOMINAL,NORMAL,0,,0,4.0,4385,3073
1781444493.686701,7,10,2.5241,1.481,0.0335,0.426,NOMINAL,NORMAL,0,,0,3.8,4385,3073
1781444494.1880107,7,10,4.0174,1.564,0.0512,0.515,NOMINAL,NORMAL,0,,0,3.8,4385,3073
1781444494.6862588,7,10,2.4731,1.422,0.0351,0.377,NOMINAL,NORMAL,0,,0,4.3,4385,3073
1781444495.1885076,7,10,4.0137,1.91,0.0497,0.734,NOMINAL,NORMAL,0,,0,4.3,4385,3073
1781444495.686271,7,10,2.5032,1.454,0.0338,0.397,NOMINAL,NORMAL,0,,0,4.2,4385,3073
1781444496.188377,7,10,4.3176,1.554,0.0432,0.491,NOMINAL,NORMAL,0,,0,4.2,4385,3073
1781444496.6856132,7,10,2.4848,0.885,0.0249,0.298,NOMINAL,NORMAL,0,,0,4.0,4385,3073
1781444497.1885796,7,10,4.2999,1.529,0.0457,0.489,NOMINAL,NORMAL,0,,0,4.0,4385,3073
1781444497.6862555,7,10,2.4963,1.313,0.0352,0.444,NOMINAL,NORMAL,0,,0,4.7,4385,3073
1781444498.188514,7,10,4.3086,1.371,0.0337,0.429,NOMINAL,NORMAL,0,,0,4.7,4385,3073
1781444498.6869798,7,10,3.3275,1.346,0.0343,0.393,NOMINAL,NORMAL,0,,0,4.3,4385,3073
1781444499.1880903,7,10,3.8454,1.311,0.0366,0.393,NOMINAL,NORMAL,0,,0,4.3,4385,3073
1781444499.6873202,7,10,3.9631,1.544,0.0355,0.384,NOMINAL,NORMAL,0,,0,4.0,4346,3073
1781444500.1874297,7,10,3.149,1.516,0.0337,0.43,NOMINAL,NORMAL,0,,0,4.0,4346,3073
1781444500.6866393,7,10,2.7224,1.618,0.0314,0.402,NOMINAL,NORMAL,0,,0,4.0,4346,3073
1781444501.1868196,7,10,2.552,1.425,0.0656,0.444,NOMINAL,NORMAL,0,,0,4.0,4346,3073
1781444501.688193,7,10,4.006,1.814,0.046,0.519,NOMINAL,NORMAL,0,,0,4.3,4385,3072
1781444502.1861548,7,10,2.4535,1.167,0.0339,0.371,NOMINAL,NORMAL,0,,0,4.3,4385,3072
1781444502.6877003,7,10,3.8453,1.548,0.0368,0.406,NOMINAL,NORMAL,0,,0,4.2,4346,3072
1781444503.1861653,7,10,2.4854,1.156,0.0378,0.382,NOMINAL,NORMAL,0,,0,4.2,4346,3072
1781444503.687539,7,10,3.7556,1.525,0.0352,0.399,NOMINAL,NORMAL,0,,0,4.2,4346,3072
1781444504.1858892,7,10,2.4956,0.961,0.0247,0.269,NOMINAL,NORMAL,0,,0,4.5,4385,3072
1781444504.6891873,7,10,4.3528,1.883,0.0396,0.455,NOMINAL,NORMAL,0,,0,4.5,4385,3072
1781444505.185937,7,10,2.501,1.017,0.0373,0.395,NOMINAL,NORMAL,0,,0,4.0,4385,3072
1781444505.688873,7,10,4.3741,1.615,0.0332,0.419,NOMINAL,NORMAL,0,,0,4.0,4385,3072
1781444506.1868823,7,10,3.2922,1.042,0.0339,0.432,NOMINAL,NORMAL,0,,0,4.0,4346,3072
1781444506.6883655,7,10,3.9653,1.532,0.0339,0.411,NOMINAL,NORMAL,0,,0,4.0,4346,3072
1781444507.1872904,7,10,3.9914,1.32,0.035,0.383,NOMINAL,NORMAL,0,,0,4.2,4385,3072
1781444507.687347,7,10,3.2393,1.284,0.0357,0.39,NOMINAL,NORMAL,0,,0,4.2,4385,3072
1781444508.188499,7,10,4.264,1.592,0.0449,0.51,NOMINAL,NORMAL,0,,0,4.8,4385,3072
1781444508.6868882,7,10,2.6587,1.432,0.034,0.424,NOMINAL,NORMAL,0,,0,4.8,4385,3072
1781444509.188032,7,10,4.0525,1.547,0.0448,0.504,NOMINAL,NORMAL,0,,0,4.0,4385,3072
1781444509.686334,7,10,2.4951,1.207,0.0352,0.376,NOMINAL,NORMAL,0,,0,4.0,4385,3072
1781444510.1878397,7,10,4.0443,1.438,0.0458,0.487,NOMINAL,NORMAL,0,,6,3.8,4385,3072
1781444510.6860485,7,10,2.4502,1.201,0.0336,0.389,NOMINAL,NORMAL,0,,6,3.8,4385,3072
1781444511.189179,7,10,4.3851,1.79,0.044,0.504,NOMINAL,NORMAL,0,,0,4.7,4425,3071
1781444511.6859407,7,10,2.4419,1.22,0.0251,0.273,NOMINAL,NORMAL,0,,0,4.7,4425,3071
1781444512.1888776,7,10,4.2535,1.75,0.0461,0.512,NOMINAL,NORMAL,0,,74,4.3,4425,3071
1781444512.6856596,7,10,2.4278,0.884,0.0353,0.382,NOMINAL,NORMAL,0,,74,4.3,4425,3071
1781444513.1884024,7,10,4.2484,1.635,0.033,0.387,NOMINAL,NORMAL,0,,56,4.3,4385,3071
1781444513.6866705,7,10,3.1449,1.062,0.0361,0.431,NOMINAL,NORMAL,0,,56,4.3,4385,3071
1781444514.1857803,7,10,2.5042,0.877,0.0239,0.263,NOMINAL,NORMAL,0,,99,4.2,4425,3072
1781444514.687176,7,10,3.8238,1.313,0.0351,0.397,NOMINAL,NORMAL,0,,99,4.2,4425,3072
1781444515.1873345,7,10,3.3833,1.158,0.0346,0.373,NOMINAL,NORMAL,0,,99,4.2,4425,3072
1781444515.685077,7,10,2.2227,0.972,0.0359,0.384,NOMINAL,NORMAL,0,,99,4.2,4425,3072
1781444516.1867533,7,10,2.7607,1.162,0.0328,0.418,NOMINAL,NORMAL,0,,99,4.2,4425,3072
1781444516.6880386,7,10,4.0759,1.548,0.0479,0.514,NOMINAL,NORMAL,0,,99,4.2,4425,3072
1781444517.185936,7,10,2.4733,1.161,0.0233,0.257,NOMINAL,NORMAL,0,,99,4.5,4465,3072
1781444517.6879547,7,10,4.0507,1.508,0.05,0.516,NOMINAL,NORMAL,0,,99,4.5,4465,3072
1781444518.18606,7,10,2.4886,1.127,0.033,0.371,NOMINAL,NORMAL,0,,99,4.2,4465,3072
1781444518.6878893,7,10,4.0079,1.496,0.049,0.512,NOMINAL,NORMAL,0,,99,4.2,4465,3072
1781444519.1860125,7,10,2.5313,1.104,0.0244,0.266,NOMINAL,NORMAL,0,,99,4.3,4465,3072
1781444519.6886683,7,10,4.3282,1.487,0.0461,0.495,NOMINAL,NORMAL,0,,99,4.3,4465,3072
1781444520.1880715,7,10,4.0504,1.558,0.0458,0.521,NOMINAL,NORMAL,0,,99,4.7,4465,3072
1781444520.687611,7,10,4.0514,1.159,0.0509,0.512,NOMINAL,NORMAL,0,,99,4.7,4465,3072
1781444521.1866188,7,10,3.0945,1.018,0.035,0.416,NOMINAL,NORMAL,0,,99,4.5,4505,3072
1781444521.6884654,7,10,4.3168,1.253,0.0348,0.375,NOMINAL,NORMAL,0,,99,4.5,4505,3072
1781444522.1870954,7,10,3.7795,1.088,0.0348,0.384,NOMINAL,NORMAL,0,,99,3.7,4505,3072
1781444522.6880362,7,10,3.8853,1.283,0.0334,0.404,NOMINAL,NORMAL,0,,99,3.7,4505,3072
1781444523.187296,7,10,3.9549,1.097,0.0347,0.439,NOMINAL,NORMAL,0,,40,4.0,4505,3072
1781444523.6867695,7,10,2.9832,1.102,0.0607,0.408,NOMINAL,NORMAL,0,,40,4.0,4505,3072
1781444524.1888573,7,10,4.298,1.502,0.0459,0.491,NOMINAL,NORMAL,0,,42,4.3,4505,3072
1781444524.6863935,7,10,2.4226,1.18,0.0327,0.366,NOMINAL,NORMAL,0,,42,4.3,4505,3072
1781444525.1880226,7,10,3.9857,1.591,0.0455,0.505,NOMINAL,NORMAL,0,,5,4.3,4505,3072
1781444525.686201,7,10,2.4492,1.233,0.0347,0.385,NOMINAL,NORMAL,0,,5,4.3,4505,3072
1781444526.1879604,7,10,3.9604,1.566,0.0465,0.498,NOMINAL,NORMAL,0,,10,5.3,4505,3072
1781444526.6861427,7,10,2.5977,1.153,0.0352,0.389,NOMINAL,NORMAL,0,,10,5.3,4505,3072
1781444527.188419,7,10,4.238,1.476,0.0443,0.477,NOMINAL,NORMAL,0,,0,4.3,4545,3072
1781444527.685546,7,10,2.5213,0.787,0.0237,0.259,NOMINAL,NORMAL,0,,0,4.3,4545,3072
1781444528.188224,7,10,3.9742,1.839,0.0468,0.504,NOMINAL,NORMAL,0,,0,4.2,4505,3072
1781444528.6857123,7,10,2.3817,0.915,0.0348,0.383,NOMINAL,NORMAL,0,,0,4.2,4505,3072
1781444529.1868095,7,10,2.6504,1.42,0.0375,0.435,NOMINAL,NORMAL,0,,0,4.0,4505,3072
1781444529.686756,7,10,3.4674,1.042,0.0689,0.422,NOMINAL,NORMAL,0,,0,4.0,4505,3072
1781444530.187896,7,10,3.714,1.227,0.0383,0.409,NOMINAL,NORMAL,0,,0,4.2,4505,3072
1781444530.687329,7,10,3.9673,1.286,0.0357,0.384,NOMINAL,NORMAL,0,,0,4.2,4505,3072
1781444531.1874294,7,10,3.0404,1.511,0.0336,0.409,NOMINAL,NORMAL,0,,0,4.2,4505,3073
1781444531.6881578,7,10,3.9299,1.794,0.0457,0.554,NOMINAL,NORMAL,0,,0,4.2,4505,3073
1781444532.186779,7,10,2.4826,1.474,0.054,0.412,NOMINAL,NORMAL,0,,0,3.7,4465,3073
1781444532.6879861,7,10,3.9211,1.713,0.0441,0.508,NOMINAL,NORMAL,0,,0,3.7,4465,3073
1781444533.1864254,7,10,2.431,1.472,0.033,0.384,NOMINAL,NORMAL,0,,0,4.2,4465,3073
1781444533.688431,7,10,3.996,2.076,0.043,0.523,NOMINAL,NORMAL,0,,0,4.2,4465,3073
1781444534.1873095,7,10,3.1574,1.307,0.0343,0.398,NOMINAL,NORMAL,0,,0,4.3,4465,3073
1781444534.6892045,7,10,4.3222,2.343,0.0466,0.541,NOMINAL,NORMAL,0,,0,4.3,4465,3073
1781444535.1859736,7,10,2.4294,1.36,0.0237,0.274,NOMINAL,NORMAL,0,,0,4.0,4465,3073
1781444535.6884704,7,10,4.2344,1.756,0.0442,0.468,NOMINAL,NORMAL,0,,0,4.0,4465,3073
1781444536.1860735,7,10,2.464,1.172,0.0337,0.455,NOMINAL,NORMAL,0,,0,4.2,4505,3073
1781444536.6885695,7,10,4.2271,1.582,0.0337,0.39,NOMINAL,NORMAL,0,,0,4.2,4505,3073
1781444537.1871862,7,10,3.4824,1.357,0.0344,0.394,NOMINAL,NORMAL,0,,0,3.7,4465,3073
1781444537.6880662,7,10,3.8352,1.483,0.0337,0.382,NOMINAL,NORMAL,0,,0,3.7,4465,3073
1781444538.1870003,7,10,3.9782,1.081,0.0354,0.397,NOMINAL,NORMAL,0,,0,4.0,4505,3073
1781444538.6872373,7,10,3.1246,1.445,0.0337,0.401,NOMINAL,NORMAL,0,,0,4.0,4505,3073
1781444539.1857963,7,10,2.8626,0.979,0.0306,0.374,NOMINAL,NORMAL,0,,0,4.5,4465,3073
1781444539.686728,7,10,2.5985,1.51,0.0352,0.432,NOMINAL,NORMAL,0,,0,4.5,4465,3073
1781444540.1883192,7,10,3.9723,1.884,0.0459,0.568,NOMINAL,NORMAL,0,,0,4.3,4425,3073
1781444540.6869676,7,10,2.4576,1.923,0.0348,0.422,NOMINAL,NORMAL,0,,0,4.3,4425,3073
1781444541.1853025,7,10,2.2168,1.18,0.0348,0.41,NOMINAL,NORMAL,0,,0,4.0,4465,3073
1781444541.686416,7,10,3.1842,1.105,0.0328,0.369,NOMINAL,NORMAL,0,,0,4.0,4465,3073
1781444542.1881673,7,10,4.2631,1.483,0.0488,0.48,NOMINAL,NORMAL,0,,0,4.5,4545,3073
1781444542.6856408,7,10,2.4492,0.946,0.0256,0.274,NOMINAL,NORMAL,0,,0,4.5,4545,3073
1781444543.1888838,7,10,4.3259,1.546,0.0476,0.481,NOMINAL,NORMAL,0,,0,3.7,4425,3071
1781444543.6860964,7,10,2.5063,1.067,0.0356,0.397,NOMINAL,NORMAL,0,,0,3.7,4425,3071
1781444544.188468,7,10,3.9109,1.442,0.0364,0.738,NOMINAL,NORMAL,0,,0,4.2,4465,3071
1781444544.6870477,7,10,3.2614,1.339,0.0356,0.4,NOMINAL,NORMAL,0,,0,4.2,4465,3071
1781444545.1879027,7,10,3.9216,1.207,0.0353,0.383,NOMINAL,NORMAL,0,,0,4.2,4465,3071
1781444545.687539,7,10,3.9067,1.689,0.0348,0.42,NOMINAL,NORMAL,0,,0,4.2,4465,3071
1781444546.1875196,7,10,3.2026,1.533,0.038,0.395,NOMINAL,NORMAL,0,,0,3.7,4425,3071
1781444546.688131,7,10,3.9874,1.703,0.0459,0.538,NOMINAL,NORMAL,0,,0,3.7,4425,3071
1781444547.1869898,7,10,2.9155,1.833,0.0338,0.4,NOMINAL,NORMAL,0,,0,4.5,4465,3071
1781444547.6887121,7,10,3.9748,2.279,0.0501,0.545,NOMINAL,NORMAL,0,,0,4.5,4465,3071
1781444548.1866765,7,10,2.4792,1.514,0.0313,0.416,NOMINAL,NORMAL,0,,0,3.7,4465,3071
1781444548.6853266,7,10,2.1885,1.226,0.0359,0.392,NOMINAL,NORMAL,0,,0,3.7,4465,3071
1781444549.1873271,7,10,3.2311,1.326,0.0334,0.396,NOMINAL,NORMAL,0,,0,4.5,4425,3071
1781444549.6881797,7,10,4.2166,1.558,0.0481,0.503,NOMINAL,NORMAL,0,,0,4.5,4425,3071
1781444550.1857352,7,10,2.4796,1.027,0.0226,0.267,NOMINAL,NORMAL,0,,0,4.0,4425,3071
1781444550.689179,7,10,4.3803,1.835,0.0471,0.482,NOMINAL,NORMAL,0,,0,4.0,4425,3071
1781444551.185831,7,10,2.5007,0.926,0.034,0.404,NOMINAL,NORMAL,0,,0,3.8,4465,3071
1781444551.6852896,7,10,2.1798,1.22,0.0358,0.398,NOMINAL,NORMAL,0,,0,3.8,4465,3071
1781444552.1872005,7,10,3.3226,1.39,0.0343,0.399,NOMINAL,NORMAL,0,,0,4.0,4425,3071
1781444552.6883023,7,10,4.0171,1.283,0.0361,0.39,NOMINAL,NORMAL,0,,0,4.0,4425,3071
1781444553.18707,7,10,3.9863,1.122,0.035,0.395,NOMINAL,NORMAL,0,,0,4.3,4425,3071
1781444553.6876874,7,10,3.3514,1.516,0.0349,0.398,NOMINAL,NORMAL,0,,0,4.3,4425,3071
1781444554.1877604,7,10,4.0508,1.302,0.047,0.518,NOMINAL,NORMAL,0,,0,3.8,4425,3071
1781444554.687158,7,10,2.743,1.577,0.0351,0.408,NOMINAL,NORMAL,0,,0,3.8,4425,3071
1781444555.1882124,7,10,3.9495,1.86,0.0453,0.51,NOMINAL,NORMAL,0,,0,4.2,4385,3072
1781444555.6865728,7,10,2.5125,1.246,0.0317,0.422,NOMINAL,NORMAL,0,,0,4.2,4385,3072
1781444556.1882935,7,10,4.0884,1.854,0.0446,0.501,NOMINAL,NORMAL,0,,0,4.2,4425,3072
1781444556.68657,7,10,2.4606,1.571,0.0348,0.429,NOMINAL,NORMAL,0,,0,4.2,4425,3072
1781444557.1887255,7,10,4.0475,2.261,0.0488,0.54,NOMINAL,NORMAL,0,,0,3.8,4425,3072
1781444557.686435,7,10,2.4848,1.574,0.0244,0.292,NOMINAL,NORMAL,0,,0,3.8,4425,3072
1781444558.1891074,7,10,4.3071,1.97,0.0459,0.513,NOMINAL,NORMAL,0,,0,4.5,4385,3072
1781444558.6862338,7,10,2.5284,1.221,0.0372,0.399,NOMINAL,NORMAL,0,,0,4.5,4385,3072
1781444559.1875565,7,10,3.3715,1.436,0.0411,0.458,NOMINAL,NORMAL,0,,0,4.3,4425,3072
1781444559.686863,7,10,3.0993,1.308,0.0363,0.443,NOMINAL,NORMAL,0,,0,4.3,4425,3072
1781444560.1884508,7,10,4.1811,1.483,0.0328,0.369,NOMINAL,NORMAL,0,,0,4.3,4425,3072
1781444560.6874332,7,10,3.7129,1.577,0.0351,0.391,NOMINAL,NORMAL,0,,0,4.3,4425,3072
1781444561.187314,7,10,3.592,1.175,0.0333,0.383,NOMINAL,NORMAL,0,,0,4.0,4385,3072
1781444561.6863987,7,10,3.1734,1.314,0.0361,0.395,NOMINAL,NORMAL,0,,0,4.0,4385,3072
1781444562.1867175,7,10,2.8403,1.317,0.0325,0.415,NOMINAL,NORMAL,0,,0,3.2,4385,3072
1781444562.6881096,7,10,3.9982,1.759,0.0482,0.516,NOMINAL,NORMAL,0,,0,3.2,4385,3072
1781444563.1864588,7,10,2.4892,1.393,0.0337,0.379,NOMINAL,NORMAL,0,,0,5.0,4425,3072
1781444563.688076,7,10,3.9685,1.757,0.0456,0.508,NOMINAL,NORMAL,0,,0,5.0,4425,3072
1781444564.185961,7,10,2.4531,1.184,0.0334,0.366,NOMINAL,NORMAL,0,,0,4.0,4425,3072
1781444564.6893432,7,10,4.4378,1.843,0.0471,0.51,NOMINAL,NORMAL,0,,0,4.0,4425,3072
1781444565.1859663,7,10,2.4584,1.138,0.0325,0.363,NOMINAL,NORMAL,0,,0,4.5,4385,3072
1781444565.688575,7,10,4.3182,1.45,0.0477,0.518,NOMINAL,NORMAL,0,,0,4.5,4385,3072
1781444566.1859992,7,10,2.5318,1.009,0.0367,0.382,NOMINAL,NORMAL,0,,0,3.8,4385,3072
1781444566.6886542,7,10,4.3036,1.456,0.0393,0.421,NOMINAL,NORMAL,0,,0,3.8,4385,3072
1781444567.186685,7,10,3.0671,1.086,0.034,0.438,NOMINAL,NORMAL,0,,32,4.5,4385,3072
1781444567.68833,7,10,4.3534,1.326,0.0354,0.384,NOMINAL,NORMAL,0,,32,4.5,4385,3072
1781444568.1870196,7,10,3.7048,1.079,0.0356,0.389,NOMINAL,NORMAL,0,,0,4.0,4385,3072
1781444568.687889,7,10,3.5602,1.484,0.0334,0.41,NOMINAL,NORMAL,0,,0,4.0,4385,3072
1781444569.187445,7,10,4.0891,1.133,0.0341,0.396,NOMINAL,NORMAL,0,,0,3.7,4385,3072
1781444569.6870089,7,10,2.8463,1.319,0.0369,0.392,NOMINAL,NORMAL,0,,0,3.7,4385,3072
1781444570.1878605,7,10,3.955,1.527,0.0448,0.505,NOMINAL,NORMAL,0,,9,4.5,4385,3072
1781444570.6863532,7,10,2.4672,1.301,0.0361,0.418,NOMINAL,NORMAL,0,,9,4.5,4385,3072
1781444571.187854,7,10,4.0133,1.478,0.046,0.502,NOMINAL,NORMAL,0,,0,4.2,4385,3072
1781444571.6861212,7,10,2.4639,1.173,0.0342,0.394,NOMINAL,NORMAL,0,,0,4.2,4385,3072
1781444572.1879284,7,10,4.0255,1.51,0.0689,0.528,NOMINAL,NORMAL,0,,0,4.5,4425,3072
1781444572.6861656,7,10,2.482,1.277,0.0347,0.368,NOMINAL,NORMAL,0,,0,4.5,4425,3072
1781444573.1892586,7,10,4.3078,1.931,0.0445,0.938,NOMINAL,NORMAL,0,,0,4.2,4385,3072
1781444573.6875935,7,10,4.0476,1.366,0.0354,0.427,NOMINAL,NORMAL,0,,0,4.2,4385,3072
1781444574.189013,7,10,4.3308,1.814,0.038,0.447,NOMINAL,NORMAL,0,,0,4.2,4385,3072
1781444574.6860464,7,10,2.4721,1.01,0.0367,0.553,NOMINAL,NORMAL,0,,0,4.2,4385,3072
1781444575.188305,7,10,4.3614,1.272,0.0483,0.406,NOMINAL,NORMAL,0,,0,4.0,4385,3072
1781444575.6871734,7,10,3.4835,1.377,0.0358,0.407,NOMINAL,NORMAL,0,,0,4.0,4385,3072
1781444576.187788,7,10,3.7814,1.23,0.0325,0.395,NOMINAL,NORMAL,0,,0,4.2,4385,3072
1781444576.6867013,7,10,3.633,1.018,0.0348,0.475,NOMINAL,NORMAL,0,,0,4.2,4385,3072
1781444577.187181,7,10,3.0319,1.415,0.0464,0.407,NOMINAL,NORMAL,0,,0,4.0,4385,3072
1781444577.6878078,7,10,3.9745,1.45,0.0444,0.523,NOMINAL,NORMAL,0,,0,4.0,4385,3072
1781444578.186504,7,10,2.5793,1.112,0.0313,0.394,NOMINAL,NORMAL,0,,0,4.3,4385,3072
1781444578.6880066,7,10,3.9934,1.703,0.0434,0.508,NOMINAL,NORMAL,0,,0,4.3,4385,3072
1781444579.186268,7,10,2.5061,1.155,0.0329,0.387,NOMINAL,NORMAL,0,,0,4.2,4385,3072
1781444579.68694,7,10,3.3502,1.227,0.0337,0.39,NOMINAL,NORMAL,0,,0,4.2,4385,3072
1781444580.1861248,7,10,2.4838,1.158,0.0338,0.392,NOMINAL,NORMAL,0,,0,4.5,4385,3072
1781444580.6883361,7,10,4.302,1.615,0.0412,0.48,NOMINAL,NORMAL,0,,0,4.5,4385,3072
1781444581.1878617,7,10,4.0122,1.341,0.0476,0.604,NOMINAL,NORMAL,0,,0,3.8,4385,3072
1781444581.6888766,7,10,4.4217,1.305,0.0469,0.724,NOMINAL,NORMAL,0,,0,3.8,4385,3072
1781444582.1860986,7,10,2.4996,0.985,0.0373,0.402,NOMINAL,NORMAL,0,,0,4.3,4346,3072
1781444582.688071,7,10,4.2158,1.637,0.0354,0.38,NOMINAL,NORMAL,0,,0,4.3,4346,3072
1781444583.185896,7,10,2.2025,1.139,0.1934,0.597,NOMINAL,NORMAL,0,,0,4.3,4346,3072
1781444583.6882713,7,10,3.8844,1.416,0.0354,0.559,NOMINAL,NORMAL,0,,0,4.2,4346,3072
1781444584.1872523,7,10,3.9496,1.351,0.0365,0.405,NOMINAL,NORMAL,0,,0,4.2,4346,3072
1781444584.6874416,7,10,3.1344,1.441,0.0324,0.416,NOMINAL,NORMAL,0,,0,4.3,4385,3072
1781444585.188149,7,10,4.0394,1.571,0.0476,0.549,NOMINAL,NORMAL,0,,0,4.3,4385,3072
1781444585.6867783,7,10,2.5503,1.415,0.0593,0.439,NOMINAL,NORMAL,0,,0,6.0,4465,3072
1781444586.1880121,7,10,4.0359,1.527,0.0468,0.506,NOMINAL,NORMAL,0,,0,6.0,4465,3072
1781444586.6863515,7,10,2.4666,1.114,0.0346,0.544,NOMINAL,NORMAL,0,,0,4.0,4385,3072
1781444587.1878674,7,10,4.0095,1.466,0.0456,0.495,NOMINAL,NORMAL,0,,0,4.0,4385,3072
1781444587.6862245,7,10,2.47,1.231,0.0343,0.394,NOMINAL,NORMAL,0,,0,4.2,4385,3072
1781444588.1881468,7,10,4.2463,1.497,0.0444,0.497,NOMINAL,NORMAL,0,,0,4.2,4385,3072
1781444588.6857555,7,10,2.4933,0.955,0.0231,0.269,NOMINAL,NORMAL,0,,0,4.3,4385,3072
1781444589.1886935,7,10,4.3227,1.426,0.0433,0.494,NOMINAL,NORMAL,0,,0,4.3,4385,3072
1781444589.686107,7,10,2.5071,1.102,0.0357,0.394,NOMINAL,NORMAL,0,,9,4.2,4385,3072
1781444590.1887386,7,10,4.3374,1.431,0.0365,0.404,NOMINAL,NORMAL,0,,9,4.2,4385,3072
1781444590.6860282,7,10,2.4842,1.074,0.0357,0.397,NOMINAL,NORMAL,0,,1,5.3,4425,3072
1781444591.1884654,7,10,4.0153,1.559,0.0348,0.427,NOMINAL,NORMAL,0,,1,5.3,4425,3072
1781444591.68728,7,10,3.9486,1.323,0.0343,0.384,NOMINAL,NORMAL,0,,6,3.7,4425,3072
1781444592.1876569,7,10,3.3383,1.555,0.0337,0.385,NOMINAL,NORMAL,0,,6,3.7,4425,3072
1781444592.6876373,7,10,4.0388,1.208,0.0441,0.504,NOMINAL,NORMAL,0,,99,4.5,4385,3072
1781444593.186643,7,10,2.6011,1.175,0.0352,0.409,NOMINAL,NORMAL,0,,99,4.5,4385,3072
1781444593.6880524,7,10,4.0738,1.546,0.0446,0.52,NOMINAL,NORMAL,0,,82,4.8,4425,3072
1781444594.1862264,7,10,2.4761,1.143,0.0316,0.375,NOMINAL,NORMAL,0,,82,4.8,4425,3072
1781444594.6878154,7,10,3.9967,1.453,0.045,0.5,NOMINAL,NORMAL,0,,99,4.5,4465,3072
1781444595.186094,7,10,2.4636,1.191,0.0343,0.393,NOMINAL,NORMAL,0,,99,4.5,4465,3072
1781444595.6880882,7,10,4.1623,1.513,0.0462,0.521,NOMINAL,NORMAL,0,,99,4.7,4425,3072
1781444596.1857872,7,10,2.4933,1.049,0.024,0.257,NOMINAL,NORMAL,0,,99,4.7,4425,3072
1781444596.6886396,7,10,4.2861,1.502,0.0464,0.512,NOMINAL,NORMAL,0,,99,4.2,4425,3072
1781444597.1857145,7,10,2.482,0.878,0.0346,0.377,NOMINAL,NORMAL,0,,99,4.2,4425,3072
1781444597.6888509,7,10,4.3726,1.602,0.0331,0.394,NOMINAL,NORMAL,0,,99,4.0,4425,3072
1781444598.186635,7,10,3.0965,1.071,0.0334,0.433,NOMINAL,NORMAL,0,,99,4.0,4425,3072
1781444598.688259,7,10,4.1771,1.245,0.0349,0.398,NOMINAL,NORMAL,0,,99,4.5,4465,3072
1781444599.1870005,7,10,3.752,1.084,0.0355,0.382,NOMINAL,NORMAL,0,,99,4.5,4465,3072
1781444599.6878543,7,10,3.4778,1.492,0.0338,0.413,NOMINAL,NORMAL,0,,99,4.3,4465,3072
1781444600.185247,7,10,2.2488,1.128,0.0353,0.383,NOMINAL,NORMAL,0,,99,4.3,4465,3072
1781444600.6870403,7,10,2.7528,1.475,0.034,0.397,NOMINAL,NORMAL,0,,99,4.0,4465,3072
1781444601.1878254,7,10,4.0322,1.449,0.0456,0.493,NOMINAL,NORMAL,0,,99,4.0,4465,3072
1781444601.686796,7,10,2.5106,1.4,0.0336,0.545,NOMINAL,NORMAL,0,,86,4.2,4465,3072
1781444602.187823,7,10,4.0482,1.413,0.0468,0.494,NOMINAL,NORMAL,0,,86,4.2,4465,3072
1781444602.6862044,7,10,2.4964,1.196,0.0316,0.379,NOMINAL,NORMAL,0,,60,3.7,4505,3072
1781444603.1880543,7,10,4.1564,1.517,0.0455,0.489,NOMINAL,NORMAL,0,,60,3.7,4505,3072
1781444603.6861959,7,10,2.4949,1.387,0.0227,0.268,NOMINAL,NORMAL,0,,5,3.7,4505,3072
1781444604.1887815,7,10,4.2976,1.676,0.0453,0.48,NOMINAL,NORMAL,0,,5,3.7,4505,3072
1781444604.6861203,7,10,2.5314,1.099,0.0333,0.388,NOMINAL,NORMAL,0,,40,4.0,4465,3072
1781444605.1886914,7,10,4.3442,1.472,0.0403,0.408,NOMINAL,NORMAL,0,,40,4.0,4465,3072
1781444605.6871362,7,10,3.1661,1.394,0.035,0.392,NOMINAL,NORMAL,0,,0,4.2,4505,3072
1781444606.1884756,7,10,4.2578,1.444,0.0335,0.366,NOMINAL,NORMAL,0,,0,4.2,4505,3072
1781444606.687403,7,10,3.8675,1.329,0.0335,0.392,NOMINAL,NORMAL,0,,0,4.2,4505,3072
1781444607.187836,7,10,3.633,1.486,0.034,0.375,NOMINAL,NORMAL,0,,0,4.2,4505,3072
1781444607.6862988,7,10,3.27,1.054,0.0349,0.382,NOMINAL,NORMAL,0,,0,4.0,4465,3072
1781444608.1870408,7,10,2.8865,1.379,0.0316,0.366,NOMINAL,NORMAL,0,,0,4.0,4465,3072
1781444608.6879394,7,10,4.0441,1.502,0.0465,0.503,NOMINAL,NORMAL,0,,0,4.3,4505,3072
1781444609.187877,7,10,4.056,1.493,0.0367,0.42,NOMINAL,NORMAL,0,,0,4.3,4505,3072
1781444609.6880329,7,10,4.1188,1.536,0.044,0.507,NOMINAL,NORMAL,0,,0,4.3,4505,3072
1781444610.1865113,7,10,2.4554,1.461,0.0326,0.448,NOMINAL,NORMAL,0,,0,4.3,4505,3072
1781444610.6880531,7,10,4.0482,1.542,0.0453,0.555,NOMINAL,NORMAL,0,,0,4.5,4465,3072
1781444611.186238,7,10,2.4672,1.446,0.0236,0.264,NOMINAL,NORMAL,0,,0,4.5,4465,3072
1781444611.6882584,7,10,4.0549,1.796,0.0483,0.521,NOMINAL,NORMAL,0,,0,4.3,4465,3072
1781444612.1857285,7,10,2.4812,0.823,0.0362,0.35,NOMINAL,NORMAL,0,,0,4.3,4465,3072
1781444612.6888254,7,10,4.2831,1.758,0.0347,0.398,NOMINAL,NORMAL,0,,0,4.5,4505,3072
1781444613.18683,7,10,2.7996,1.584,0.0778,0.464,NOMINAL,NORMAL,0,,0,4.5,4505,3072
1781444613.6885731,7,10,4.3037,1.506,0.0318,0.371,NOMINAL,NORMAL,0,,22,3.8,4465,3072
1781444614.1869826,7,10,3.6185,1.075,0.0351,0.39,NOMINAL,NORMAL,0,,22,3.8,4465,3072
1781444614.6878533,7,10,3.6905,1.238,0.0349,0.532,NOMINAL,NORMAL,0,,0,3.8,4505,3073
1781444615.1864462,7,10,2.5198,1.225,0.0342,0.387,NOMINAL,NORMAL,0,,0,3.8,4505,3073
1781444615.6869707,7,10,3.0227,1.198,0.0329,0.403,NOMINAL,NORMAL,0,,0,4.2,4465,3073
1781444616.187862,7,10,4.0241,1.47,0.0471,0.503,NOMINAL,NORMAL,0,,0,4.2,4465,3073
1781444616.6863997,7,10,2.5191,1.146,0.0322,0.371,NOMINAL,NORMAL,0,,10,4.3,4465,3073
1781444617.1878543,7,10,4.0196,1.45,0.0467,0.495,NOMINAL,NORMAL,0,,10,4.3,4465,3073
1781444617.686619,7,10,2.4559,1.571,0.0335,0.426,NOMINAL,NORMAL,0,,0,4.3,4465,3073
1781444618.186363,7,10,2.4927,1.239,0.0334,0.39,NOMINAL,NORMAL,0,,0,4.3,4465,3073
1781444618.6860282,7,10,2.4696,1.168,0.0338,0.38,NOMINAL,NORMAL,0,,0,4.3,4465,3072
1781444619.1887426,7,10,4.3265,1.868,0.0475,0.504,NOMINAL,NORMAL,0,,0,4.3,4465,3072
1781444619.6858869,7,10,2.4987,1.037,0.0246,0.331,NOMINAL,NORMAL,0,,0,4.2,4465,3072
1781444620.1888676,7,10,4.343,1.466,0.041,0.581,NOMINAL,NORMAL,0,,0,4.2,4465,3072
1781444620.6864007,7,10,2.6761,1.277,0.0359,0.394,NOMINAL,NORMAL,0,,0,4.0,4425,3072
1781444621.186598,7,10,2.4959,1.525,0.0357,0.457,NOMINAL,NORMAL,0,,0,4.0,4425,3072
1781444621.6869018,7,10,3.2657,1.267,0.0348,0.434,NOMINAL,NORMAL,0,,0,4.0,4425,3072
1781444622.1880853,7,10,3.8384,1.457,0.0322,0.393,NOMINAL,NORMAL,0,,0,4.0,4425,3072
1781444622.6876156,7,10,4.0806,1.381,0.0346,0.392,NOMINAL,NORMAL,0,,0,3.8,4465,3072
1781444623.1872232,7,10,3.1503,1.232,0.0339,0.37,NOMINAL,NORMAL,0,,0,3.8,4465,3072
1781444623.6878712,7,10,4.0087,1.45,0.0456,0.51,NOMINAL,NORMAL,0,,0,4.5,4425,3072
1781444624.1858177,7,10,2.3594,0.963,0.0367,0.386,NOMINAL,NORMAL,0,,0,4.5,4425,3072
1781444624.6878743,7,10,4.0764,1.449,0.0449,0.485,NOMINAL,NORMAL,0,,0,4.3,4465,3072
1781444625.186684,7,10,2.4823,1.577,0.0342,0.431,NOMINAL,NORMAL,0,,0,4.3,4465,3072
1781444625.6879437,7,10,4.0957,1.453,0.0653,0.536,NOMINAL,NORMAL,0,,0,4.5,4465,3073
1781444626.186167,7,10,2.4815,1.186,0.0326,0.4,NOMINAL,NORMAL,0,,0,4.5,4465,3073
1781444626.688523,7,10,4.3077,1.814,0.0448,0.522,NOMINAL,NORMAL,0,,0,3.5,4425,3073
1781444627.18594,7,10,2.5328,1.005,0.0246,0.271,NOMINAL,NORMAL,0,,0,3.5,4425,3073
1781444627.688674,7,10,4.3914,1.44,0.0449,0.49,NOMINAL,NORMAL,0,,0,4.0,4465,3073
1781444628.1858876,7,10,2.4735,1.061,0.0356,0.388,NOMINAL,NORMAL,0,,0,4.0,4465,3073
1781444628.6884067,7,10,4.3131,1.351,0.0373,0.399,NOMINAL,NORMAL,0,,0,4.5,4465,3073
1781444629.1868858,7,10,3.3886,1.055,0.0345,0.422,NOMINAL,NORMAL,0,,0,4.5,4465,3073
1781444629.688373,7,10,3.9823,1.535,0.0328,0.426,NOMINAL,NORMAL,0,,0,4.5,4425,3073
1781444630.1879303,7,10,3.0141,1.132,0.0372,2.207,PRE_ALERT,TRIGGERED,1,PD3A-OU|PD3A-OUT|PD1A-OUT,0,4.5,4425,3073
1781444630.6888633,7,10,3.3667,1.509,0.0321,1.558,NOMINAL,NORMAL,0,,0,3.7,4425,3072
1781444631.1877916,7,10,4.0516,1.337,0.0459,0.508,NOMINAL,NORMAL,0,,0,3.7,4425,3072
1781444631.686797,7,10,2.6783,1.208,0.0342,0.409,NOMINAL,NORMAL,0,,0,4.2,4465,3072
1781444632.1879141,7,10,4.039,1.476,0.0463,0.499,NOMINAL,NORMAL,0,,0,4.2,4465,3072
1781444632.686981,7,10,2.5327,1.585,0.034,0.41,NOMINAL,NORMAL,0,,0,4.2,4425,3072
1781444633.187702,7,10,3.9891,1.438,0.0428,0.482,NOMINAL,NORMAL,0,,0,4.2,4425,3072
1781444633.686341,7,10,2.4685,1.513,0.0313,0.37,NOMINAL,NORMAL,0,,0,4.2,4425,3072
1781444634.1880457,7,10,4.2424,1.445,0.0471,0.503,NOMINAL,NORMAL,0,,0,4.2,4425,3072
1781444634.6861467,7,10,2.6741,1.102,0.0242,0.264,NOMINAL,NORMAL,0,,0,4.0,4425,3072
1781444635.1893303,7,10,4.3902,2.05,0.0399,0.442,NOMINAL,NORMAL,0,,0,4.0,4425,3072
1781444635.68611,7,10,2.4685,1.043,0.0358,0.391,NOMINAL,NORMAL,0,,0,4.3,4385,3072
1781444636.1886444,7,10,4.2934,1.593,0.035,0.384,NOMINAL,NORMAL,0,,0,4.3,4385,3072
1781444636.6867385,7,10,3.1941,1.087,0.0349,0.417,NOMINAL,NORMAL,0,,0,3.7,4425,3072
1781444637.1885157,7,10,4.2736,1.497,0.0339,0.388,NOMINAL,NORMAL,0,,0,3.7,4425,3072
1781444637.6875494,7,10,3.9741,1.538,0.035,0.393,NOMINAL,NORMAL,0,,0,4.2,4425,3073
1781444638.1877255,7,10,3.468,1.463,0.0353,0.379,NOMINAL,NORMAL,0,,0,4.2,4425,3073
1781444638.6876829,7,10,4.0122,1.273,0.0445,0.518,NOMINAL,NORMAL,0,,0,4.3,4385,3072
1781444639.1867638,7,10,2.8343,1.171,0.0677,0.414,NOMINAL,NORMAL,0,,0,4.3,4385,3072
1781444639.6885488,7,10,4.1086,1.995,0.0485,0.527,NOMINAL,NORMAL,0,,0,4.3,4425,3072
1781444640.186855,7,10,2.5076,1.443,0.0323,0.448,NOMINAL,NORMAL,0,,0,4.3,4425,3072
1781444640.6882038,7,10,4.0333,1.736,0.0429,0.526,NOMINAL,NORMAL,0,,0,4.2,4425,3072
1781444641.1861944,7,10,2.5238,1.19,0.0339,0.393,NOMINAL,NORMAL,0,,0,4.2,4425,3072
1781444641.6880853,7,10,4.0597,1.568,0.0451,0.518,NOMINAL,NORMAL,0,,0,4.3,4425,3072
1781444642.1863425,7,10,2.7021,1.426,0.023,0.315,NOMINAL,NORMAL,0,,0,4.3,4425,3072
1781444642.6886451,7,10,4.3587,1.499,0.0487,0.507,NOMINAL,NORMAL,0,,0,4.5,4425,3072
1781444643.1859424,7,10,2.5608,1.05,0.0361,0.396,NOMINAL,NORMAL,0,,0,4.5,4425,3072
1781444643.6886992,7,10,4.3727,1.762,0.036,0.397,NOMINAL,NORMAL,0,,0,4.2,4385,3072
1781444644.1882732,7,10,4.3021,1.493,0.0488,0.504,NOMINAL,NORMAL,0,,0,4.2,4385,3072
1781444644.690206,7,10,4.217,1.626,0.0365,1.654,PRE_ALERT,TRIGGERED,1,PD3A-OUT|PD2A-OU,0,4.2,4425,3072
1781444645.1889844,7,10,3.7395,1.394,0.0363,2.05,NOMINAL,NORMAL,0,,0,4.2,4425,3072
1781444645.6880724,7,10,3.6094,1.565,0.0333,0.42,NOMINAL,NORMAL,0,,0,5.5,4425,3072
1781444646.1876407,7,10,4.039,1.333,0.0481,0.503,NOMINAL,NORMAL,0,,0,5.5,4425,3072
1781444646.6870801,7,10,2.9046,1.278,0.0325,0.402,NOMINAL,NORMAL,0,,0,3.8,4385,3072
1781444647.1879892,7,10,4.0827,1.518,0.0469,0.504,NOMINAL,NORMAL,0,,0,3.8,4385,3072
1781444647.687983,7,10,2.5312,1.275,0.0612,1.651,PRE_ALERT,TRIGGERED,1,PD1A-OUT,0,3.3,4385,3072
1781444648.1891809,7,10,4.0114,1.056,0.0435,2.346,NOMINAL,NORMAL,0,,0,3.3,4385,3072
1781444648.6863928,7,10,2.5127,1.282,0.0355,0.393,NOMINAL,NORMAL,0,,0,4.3,4385,3072
1781444649.1878755,7,10,4.0724,1.477,0.0451,0.503,NOMINAL,NORMAL,0,,0,4.3,4385,3072
1781444649.6864603,7,10,2.6926,1.323,0.0252,0.287,NOMINAL,NORMAL,0,,0,4.7,4425,3073
1781444650.1890452,7,10,4.4008,1.809,0.0471,0.533,NOMINAL,NORMAL,0,,0,4.7,4425,3073
1781444650.6857677,7,10,2.6384,0.857,0.0237,0.266,NOMINAL,NORMAL,0,,0,4.3,4385,3072
1781444651.1886618,7,10,4.4496,1.35,0.0359,0.39,NOMINAL,NORMAL,0,,0,4.3,4385,3072
1781444651.6867185,7,10,3.2496,1.062,0.0365,0.448,NOMINAL,NORMAL,0,,0,4.3,4346,3072
1781444652.1875594,7,10,4.0254,1.399,0.0362,0.398,NOMINAL,NORMAL,0,,0,4.3,4346,3072
1781444652.6873224,7,10,4.0181,1.096,0.0359,0.405,NOMINAL,NORMAL,0,,0,4.2,4385,3072
1781444653.1877923,7,10,4.3872,1.186,0.0337,0.37,NOMINAL,NORMAL,0,,0,4.2,4385,3072
1781444653.6875975,7,10,4.1782,1.098,0.034,0.394,NOMINAL,NORMAL,0,,0,4.0,4346,3072
1781444654.1868536,7,10,3.4257,1.204,0.0326,0.411,NOMINAL,NORMAL,0,,0,4.0,4346,3072
1781444654.6873019,7,10,4.1707,1.109,0.0363,0.385,NOMINAL,NORMAL,0,,0,3.8,4385,3072
1781444655.1865504,7,10,2.4359,1.196,0.0349,0.408,NOMINAL,NORMAL,0,,0,3.8,4385,3072
1781444655.6881611,7,10,4.3273,1.5,0.0428,0.487,NOMINAL,NORMAL,0,,0,4.0,4385,3072
1781444656.1861467,7,10,2.4522,1.135,0.035,0.375,NOMINAL,NORMAL,0,,0,4.0,4385,3072
1781444656.6880312,7,10,4.0938,1.546,0.0436,0.489,NOMINAL,NORMAL,0,,0,4.3,4385,3072
1781444657.1860144,7,10,2.5003,1.188,0.0338,0.378,NOMINAL,NORMAL,0,,0,4.3,4385,3072
1781444657.688358,7,10,4.3477,1.513,0.0429,0.483,NOMINAL,NORMAL,0,,0,4.0,4346,3072
1781444658.1859112,7,10,2.467,1.025,0.0334,0.366,NOMINAL,NORMAL,0,,0,4.0,4346,3072
1781444658.6886368,7,10,4.3761,1.436,0.0351,0.441,NOMINAL,NORMAL,0,,0,3.8,4385,3071
1781444659.1866133,7,10,2.9767,1.062,0.0358,0.44,NOMINAL,NORMAL,0,,0,3.8,4385,3071
1781444659.6886735,7,10,4.3422,1.302,0.0361,0.398,NOMINAL,NORMAL,0,,33,4.2,4425,3071
1781444660.1871588,7,10,3.4929,1.374,0.0355,0.405,NOMINAL,NORMAL,0,,33,4.2,4425,3071
1781444660.688061,7,10,3.8088,1.504,0.0328,0.389,NOMINAL,NORMAL,0,,0,3.3,4385,3071
1781444661.1873093,7,10,4.0645,1.35,0.0361,0.396,NOMINAL,NORMAL,0,,0,3.3,4385,3071
1781444661.6860383,7,10,2.5006,1.081,0.0245,0.345,NOMINAL,NORMAL,0,,0,4.3,4385,3071
1781444662.1878736,7,10,3.9455,1.528,0.0474,0.52,NOMINAL,NORMAL,0,,0,4.3,4385,3071
1781444662.6868002,7,10,2.6012,1.273,0.0373,0.429,NOMINAL,NORMAL,0,,0,4.3,4385,3071
1781444663.188409,7,10,3.9952,1.819,0.0464,0.514,NOMINAL,NORMAL,0,,0,4.3,4385,3071
1781444663.686413,7,10,2.4633,1.552,0.0343,0.405,NOMINAL,NORMAL,0,,0,4.3,4385,3071
1781444664.1874003,7,10,3.9692,1.107,0.0426,0.486,NOMINAL,NORMAL,0,,0,4.5,4346,3071
1781444664.6859963,7,10,2.4244,1.175,0.0347,0.385,NOMINAL,NORMAL,0,,0,4.5,4346,3071
1781444665.187319,7,10,3.8245,1.072,0.0353,0.393,NOMINAL,NORMAL,0,,0,4.5,4425,3071
1781444665.6868405,7,10,2.6192,1.195,0.034,0.414,NOMINAL,NORMAL,0,,0,4.5,4425,3071
1781444666.1883419,7,10,4.1963,1.512,0.0452,0.502,NOMINAL,NORMAL,0,,0,4.0,4385,3071
1781444666.6858249,7,10,2.3965,0.956,0.0353,0.396,NOMINAL,NORMAL,0,,0,4.0,4385,3071
1781444667.1883993,7,10,4.2534,1.358,0.0354,0.394,NOMINAL,NORMAL,0,,0,4.2,4385,3071
1781444667.6867936,7,10,3.3477,1.052,0.0725,0.44,NOMINAL,NORMAL,0,,0,4.2,4385,3071
1781444668.187919,7,10,3.9106,1.209,0.0355,0.373,NOMINAL,NORMAL,0,,0,4.2,4385,3071
1781444668.6879258,7,10,3.997,1.55,0.0445,0.502,NOMINAL,NORMAL,0,,0,4.2,4385,3071
1781444669.1873915,7,10,3.0375,1.292,0.0331,0.385,NOMINAL,NORMAL,0,,0,4.2,4385,3071
1781444669.6861026,7,10,2.4335,1.214,0.0324,0.376,NOMINAL,NORMAL,0,,0,4.2,4385,3071
1781444670.1867046,7,10,2.6479,1.28,0.0329,0.41,NOMINAL,NORMAL,0,,0,4.3,4425,3071
1781444670.688045,7,10,3.9792,1.504,0.0453,0.501,NOMINAL,NORMAL,0,,0,4.3,4425,3071
1781444671.1864262,7,10,2.4891,1.248,0.0354,0.489,NOMINAL,NORMAL,0,,72,4.2,4385,3071
1781444671.688021,7,10,4.073,1.583,0.0478,0.512,NOMINAL,NORMAL,0,,72,4.2,4385,3071
1781444672.1860063,7,10,2.4745,1.233,0.034,0.407,NOMINAL,NORMAL,0,,64,4.5,4385,3071
1781444672.688108,7,10,4.2284,1.53,0.0469,0.505,NOMINAL,NORMAL,0,,64,4.5,4385,3071
1781444673.1856954,7,10,2.4353,1.045,0.0241,0.275,NOMINAL,NORMAL,0,,99,4.0,4385,3071
1781444673.6890163,7,10,4.335,1.807,0.0459,0.503,NOMINAL,NORMAL,0,,99,4.0,4385,3071
1781444674.1858518,7,10,2.476,0.982,0.0364,0.404,NOMINAL,NORMAL,0,,99,4.0,4385,3071
1781444674.6887357,7,10,4.3638,1.458,0.0359,0.426,NOMINAL,NORMAL,0,,99,4.0,4385,3071
1781444675.18711,7,10,3.315,1.383,0.0356,0.401,NOMINAL,NORMAL,0,,99,4.7,4425,3071
1781444675.6884487,7,10,3.7436,1.577,0.034,0.395,NOMINAL,NORMAL,0,,99,4.7,4425,3071
1781444676.1874695,7,10,4.0387,1.339,0.038,0.398,NOMINAL,NORMAL,0,,99,3.8,4425,3071
1781444676.6877954,7,10,3.145,1.489,0.0325,0.4,NOMINAL,NORMAL,0,,99,3.8,4425,3071
1781444677.1875763,7,10,4.0391,1.186,0.0451,0.509,NOMINAL,NORMAL,0,,99,5.0,4425,3071
1781444677.6868818,7,10,2.7176,1.296,0.034,0.419,NOMINAL,NORMAL,0,,99,5.0,4425,3071
1781444678.1868327,7,10,3.3268,1.1,0.0362,0.453,NOMINAL,NORMAL,0,,99,4.2,4425,3071
1781444678.68686,7,10,2.4753,1.513,0.0348,0.437,NOMINAL,NORMAL,0,,99,4.2,4425,3071
1781444679.1885068,7,10,4.0192,1.883,0.0493,0.517,NOMINAL,NORMAL,0,,99,4.5,4425,3071
1781444679.6866992,7,10,2.4824,1.502,0.0365,0.438,NOMINAL,NORMAL,0,,99,4.5,4425,3071
1781444680.1873412,7,10,3.2836,1.382,0.0357,0.401,NOMINAL,NORMAL,0,,77,3.5,4505,3071
1781444680.6859844,7,10,2.4981,1.156,0.0245,0.279,NOMINAL,NORMAL,0,,77,3.5,4505,3071
1781444681.188828,7,10,4.2811,1.48,0.0444,0.498,NOMINAL,NORMAL,0,,99,4.3,4505,3071
1781444681.685811,7,10,2.4672,0.951,0.0358,0.404,NOMINAL,NORMAL,0,,99,4.3,4505,3071
1781444682.1889045,7,10,4.2652,1.841,0.0361,0.418,NOMINAL,NORMAL,0,,82,4.0,4505,3071
1781444682.6861963,7,10,2.5243,1.227,0.0338,0.399,NOMINAL,NORMAL,0,,82,4.0,4505,3071
1781444683.188444,7,10,4.0828,1.534,0.0346,0.393,NOMINAL,NORMAL,0,,65,4.5,4505,3071
1781444683.6870072,7,10,3.8126,1.134,0.0369,0.402,NOMINAL,NORMAL,0,,65,4.5,4505,3071
1781444684.187208,7,10,3.6798,1.267,0.034,0.379,NOMINAL,NORMAL,0,,52,3.8,4505,3071
1781444684.687802,7,10,3.9871,1.258,0.048,0.507,NOMINAL,NORMAL,0,,52,3.8,4505,3071
1781444685.1867456,7,10,2.7844,1.212,0.0337,0.41,NOMINAL,NORMAL,0,,16,4.5,4505,3071
1781444685.6881,7,10,3.9975,1.529,0.0479,0.502,NOMINAL,NORMAL,0,,16,4.5,4505,3071
1781444686.1863403,7,10,2.4993,1.194,0.0384,0.362,NOMINAL,NORMAL,0,,0,3.7,4505,3071
1781444686.6880338,7,10,3.9947,1.514,0.0474,0.508,NOMINAL,NORMAL,0,,0,3.7,4505,3071
1781444687.185966,7,10,2.4017,1.126,0.0344,0.357,NOMINAL,NORMAL,0,,0,4.0,4505,3071
1781444687.6879704,7,10,4.0535,1.578,0.0468,0.503,NOMINAL,NORMAL,0,,0,4.0,4505,3071
1781444688.185982,7,10,2.403,1.156,0.0224,0.26,NOMINAL,NORMAL,0,,0,4.0,4505,3071
1781444688.6875403,7,10,4.0751,1.134,0.0436,0.504,NOMINAL,NORMAL,0,,0,4.0,4505,3071
1781444689.185728,7,10,2.4631,0.808,0.0357,0.391,NOMINAL,NORMAL,0,,0,4.0,4505,3071
1781444689.6886394,7,10,4.3951,1.477,0.0377,0.399,NOMINAL,NORMAL,0,,0,4.0,4505,3071
1781444690.1854353,7,10,2.3972,0.905,0.0342,0.382,NOMINAL,NORMAL,0,,0,4.0,4505,3071
1781444690.6884184,7,10,4.101,1.28,0.0332,0.394,NOMINAL,NORMAL,0,,0,4.0,4505,3071
1781444691.187254,7,10,3.8604,1.117,0.036,0.402,NOMINAL,NORMAL,0,,0,4.3,4505,3072
1781444691.6877115,7,10,3.6447,1.28,0.0332,0.39,NOMINAL,NORMAL,0,,0,4.3,4505,3072
1781444692.1873167,7,10,4.0235,1.086,0.0336,0.385,NOMINAL,NORMAL,0,,0,4.3,4505,3072
1781444692.6869466,7,10,2.9455,1.285,0.0319,0.384,NOMINAL,NORMAL,0,,0,4.3,4505,3072
1781444693.186026,7,10,2.4694,1.322,0.0344,0.389,NOMINAL,NORMAL,0,,0,4.2,4505,3072
1781444693.6867964,7,10,2.4368,1.477,0.0589,0.427,NOMINAL,NORMAL,0,,0,4.2,4505,3072
1781444694.1878574,7,10,4.0094,1.521,0.0468,0.511,NOMINAL,NORMAL,0,,0,4.3,4505,3072
1781444694.6864707,7,10,2.4684,1.178,0.0341,0.387,NOMINAL,NORMAL,0,,0,4.3,4505,3072
1781444695.188,7,10,4.1234,1.465,0.0484,0.482,NOMINAL,NORMAL,0,,0,4.2,4505,3071
1781444695.6859262,7,10,2.429,1.178,0.0305,0.385,NOMINAL,NORMAL,0,,0,4.2,4505,3071
1781444696.188695,7,10,4.3069,1.486,0.0472,0.505,NOMINAL,NORMAL,0,,0,4.0,4545,3071
1781444696.6854234,7,10,2.4527,0.784,0.025,0.279,NOMINAL,NORMAL,0,,0,4.0,4545,3071
1781444697.1887512,7,10,4.2132,1.432,0.0376,0.403,NOMINAL,NORMAL,0,,0,4.3,4465,3071
1781444697.6872795,7,10,3.7941,1.266,0.037,0.393,NOMINAL,NORMAL,0,,0,4.3,4465,3071
1781444698.188303,7,10,4.3709,1.303,0.0376,0.389,NOMINAL,NORMAL,0,,0,3.8,4465,3072
1781444698.6867795,7,10,3.5044,1.052,0.0735,0.43,NOMINAL,NORMAL,0,,0,3.8,4465,3072
1781444699.1878088,7,10,3.6953,1.307,0.0338,0.399,NOMINAL,NORMAL,0,,0,4.7,4465,3072
1781444699.687215,7,10,3.9915,1.134,0.0353,0.393,NOMINAL,NORMAL,0,,0,4.7,4465,3072
1781444700.1873329,7,10,2.8035,1.301,0.034,0.39,NOMINAL,NORMAL,0,,0,4.2,4465,3071
1781444700.6876197,7,10,4.109,1.145,0.0454,0.509,NOMINAL,NORMAL,0,,0,4.2,4465,3071
1781444701.1866176,7,10,2.555,1.248,0.0348,0.406,NOMINAL,NORMAL,0,,0,4.2,4465,3071
1781444701.6880662,7,10,4.0115,1.518,0.0452,0.498,NOMINAL,NORMAL,0,,0,4.2,4465,3071
1781444702.1875875,7,10,4.0465,1.366,0.0388,0.405,NOMINAL,NORMAL,0,,0,4.7,4465,3071
1781444702.6879926,7,10,4.0743,1.578,0.0506,0.518,NOMINAL,NORMAL,0,,0,4.7,4465,3071
1781444703.1864142,7,10,2.4705,1.571,0.0369,0.385,NOMINAL,NORMAL,0,,0,3.7,4465,3071
1781444703.6883745,7,10,4.0941,1.879,0.0482,0.521,NOMINAL,NORMAL,0,,0,3.7,4465,3071
1781444704.185988,7,10,2.4986,1.107,0.025,0.342,NOMINAL,NORMAL,0,,0,4.7,4465,3071
1781444704.6889694,7,10,4.3199,1.541,0.0388,0.405,NOMINAL,NORMAL,0,,0,4.7,4465,3071
1781444705.187501,7,10,3.5778,1.17,0.0369,0.397,NOMINAL,NORMAL,0,,99,5.2,4505,3072
1781444705.6885407,7,10,4.329,1.332,0.0385,0.403,NOMINAL,NORMAL,0,,99,5.2,4505,3072
1781444706.1870337,7,10,3.5135,1.153,0.0367,0.404,NOMINAL,NORMAL,0,,24,4.5,4465,3071
1781444706.6858544,7,10,2.4871,1.051,0.0246,0.282,NOMINAL,NORMAL,0,,24,4.5,4465,3071
1781444707.1872344,7,10,4.0482,1.178,0.0366,0.4,NOMINAL,NORMAL,0,,0,4.0,4465,3071
1781444707.6871345,7,10,3.1084,1.31,0.0352,0.395,NOMINAL,NORMAL,0,,0,4.0,4465,3071
1781444708.1878333,7,10,4.0451,1.44,0.0452,0.517,NOMINAL,NORMAL,0,,0,4.3,4465,3071
1781444708.686554,7,10,2.562,1.221,0.0352,0.407,NOMINAL,NORMAL,0,,0,4.3,4465,3071
1781444709.187982,7,10,4.0182,1.587,0.048,0.516,NOMINAL,NORMAL,0,,37,4.0,4425,3071
1781444709.686303,7,10,2.5001,1.252,0.0378,0.398,NOMINAL,NORMAL,0,,37,4.0,4425,3071
1781444710.188342,7,10,4.0379,1.623,0.0476,0.52,NOMINAL,NORMAL,0,,0,4.3,4465,3072
1781444710.6863613,7,10,2.469,1.251,0.0338,0.398,NOMINAL,NORMAL,0,,0,4.3,4465,3072
1781444711.1869252,7,10,2.8977,1.583,0.0345,0.405,NOMINAL,NORMAL,0,,0,4.2,4465,3071
1781444711.6857212,7,10,2.4702,1.033,0.0247,0.279,NOMINAL,NORMAL,0,,0,4.2,4465,3071
1781444712.1888924,7,10,4.4048,1.563,0.0464,0.478,NOMINAL,NORMAL,0,,0,4.5,4425,3071
1781444712.6855118,7,10,2.4824,0.806,0.0251,0.278,NOMINAL,NORMAL,0,,0,4.5,4425,3071
1781444713.1886935,7,10,4.4464,1.328,0.0378,0.406,NOMINAL,NORMAL,0,,0,4.3,4425,3071
1781444713.6870744,7,10,3.3735,1.12,0.0367,0.394,NOMINAL,NORMAL,0,,0,4.3,4425,3071
1781444714.1880445,7,10,3.9568,1.364,0.0372,0.401,NOMINAL,NORMAL,0,,0,3.8,4425,3071
1781444714.6871202,7,10,4.0746,1.133,0.0359,0.394,NOMINAL,NORMAL,0,,0,3.8,4425,3071
1781444715.1872258,7,10,3.2739,1.25,0.0374,0.39,NOMINAL,NORMAL,0,,0,4.2,4425,3072
1781444715.6875894,7,10,4.0415,1.177,0.0476,0.521,NOMINAL,NORMAL,0,,0,4.2,4425,3072
1781444716.1879907,7,10,4.1004,1.526,0.0474,0.487,NOMINAL,NORMAL,0,,0,4.0,4385,3071
1781444716.6881206,7,10,4.0023,1.526,0.0475,0.519,NOMINAL,NORMAL,0,,0,4.0,4385,3071
1781444717.186555,7,10,2.4808,1.252,0.0343,0.41,NOMINAL,NORMAL,0,,0,4.0,4465,3071
1781444717.688329,7,10,4.0507,1.889,0.0475,0.531,NOMINAL,NORMAL,0,,0,4.0,4465,3071
1781444718.1861537,7,10,2.433,1.275,0.0349,0.398,NOMINAL,NORMAL,0,,0,4.7,4425,3071
1781444718.6882033,7,10,4.3173,1.539,0.0494,0.505,NOMINAL,NORMAL,0,,0,4.7,4425,3071
1781444719.1859238,7,10,2.4793,1.136,0.0259,0.271,NOMINAL,NORMAL,0,,0,3.7,4385,3071
1781444719.688857,7,10,4.3735,1.578,0.0477,0.511,NOMINAL,NORMAL,0,,0,3.7,4385,3071
1781444720.1859624,7,10,2.4815,0.907,0.0356,0.388,NOMINAL,NORMAL,0,,0,4.5,4385,3071
1781444720.6889849,7,10,4.3645,1.805,0.036,0.428,NOMINAL,NORMAL,0,,0,4.5,4385,3071
1781444721.1870618,7,10,3.1906,1.182,0.036,0.402,NOMINAL,NORMAL,0,,0,4.3,4425,3072
1781444721.6881368,7,10,4.0516,1.286,0.0341,0.394,NOMINAL,NORMAL,0,,0,4.3,4425,3072
1781444722.1882515,7,10,4.3042,1.539,0.0463,0.495,NOMINAL,NORMAL,0,,0,4.2,4425,3072
1781444722.6877017,7,10,3.3326,1.582,0.0332,0.4,NOMINAL,NORMAL,0,,0,4.2,4425,3072
1781444723.1878183,7,10,4.0795,1.186,0.0476,0.518,NOMINAL,NORMAL,0,,0,4.0,4425,3072
1781444723.6865926,7,10,2.9389,1.278,0.0338,0.416,NOMINAL,NORMAL,0,,0,4.0,4425,3072
1781444724.1874936,7,10,4.0063,1.16,0.0441,0.5,NOMINAL,NORMAL,0,,0,4.5,4385,3072
1781444724.6865864,7,10,2.5437,1.257,0.0336,0.425,NOMINAL,NORMAL,0,,0,4.5,4385,3072
1781444725.189009,7,10,4.3334,1.879,0.0465,0.505,NOMINAL,NORMAL,0,,0,4.2,4385,3072
1781444725.6861422,7,10,2.4892,1.277,0.0333,0.392,NOMINAL,NORMAL,0,,0,4.2,4385,3072
1781444726.1887097,7,10,4.2279,1.898,0.0463,0.515,NOMINAL,NORMAL,0,,0,4.3,4425,3072
1781444726.686264,7,10,2.4853,1.442,0.0242,0.283,NOMINAL,NORMAL,0,,0,4.3,4425,3072
1781444727.1890697,7,10,4.3746,1.866,0.046,0.519,NOMINAL,NORMAL,0,,0,4.5,4385,3072
1781444727.6859925,7,10,2.467,1.15,0.0351,0.406,NOMINAL,NORMAL,0,,0,4.5,4385,3072
1781444728.1866918,7,10,2.6412,1.232,0.035,0.402,NOMINAL,NORMAL,0,,0,4.3,4385,3072
1781444728.6865137,7,10,3.0877,1.088,0.0355,0.423,NOMINAL,NORMAL,0,,0,4.3,4385,3072
1781444729.1886132,7,10,4.0275,1.563,0.0332,0.384,NOMINAL,NORMAL,0,,0,4.3,4385,3072
1781444729.6872401,7,10,3.7857,1.38,0.0368,0.398,NOMINAL,NORMAL,0,,0,4.3,4385,3072
1781444730.1877158,7,10,3.5533,1.459,0.0345,0.39,NOMINAL,NORMAL,0,,0,4.3,4385,3072
1781444730.687298,7,10,3.9911,1.076,0.0366,0.413,NOMINAL,NORMAL,0,,0,4.3,4385,3072
1781444731.1872401,7,10,2.8866,1.494,0.0357,0.389,NOMINAL,NORMAL,0,,0,4.3,4385,3072
1781444731.6882367,7,10,4.0648,1.859,0.0453,0.502,NOMINAL,NORMAL,0,,0,4.3,4385,3072
1781444732.1865773,7,10,2.4911,1.505,0.0327,0.415,NOMINAL,NORMAL,0,,0,4.3,4346,3072
1781444732.6883647,7,10,4.0951,1.922,0.0465,0.518,NOMINAL,NORMAL,0,,0,4.3,4346,3072
1781444733.186254,7,10,2.4483,1.464,0.0336,0.381,NOMINAL,NORMAL,0,,0,4.3,4385,3072
1781444733.6885056,7,10,4.1785,1.951,0.0468,0.513,NOMINAL,NORMAL,0,,0,4.3,4385,3072
1781444734.186128,7,10,2.4842,1.451,0.0241,0.268,NOMINAL,NORMAL,0,,0,3.7,4385,3072
1781444734.6888752,7,10,4.3901,1.941,0.0478,0.513,NOMINAL,NORMAL,0,,0,3.7,4385,3072
1781444735.1857522,7,10,2.466,1.021,0.036,0.392,NOMINAL,NORMAL,0,,0,4.0,4385,3072
1781444735.6890101,7,10,4.3776,1.818,0.0359,0.423,NOMINAL,NORMAL,0,,0,4.0,4385,3072
1781444736.1859221,7,10,2.4823,1.199,0.0357,0.408,NOMINAL,NORMAL,0,,0,4.2,4385,3072
1781444736.6883523,7,10,4.2975,1.318,0.0325,0.385,NOMINAL,NORMAL,0,,0,4.2,4385,3072
1781444737.1872284,7,10,3.7323,1.303,0.0361,0.387,NOMINAL,NORMAL,0,,0,4.3,4346,3072
1781444737.6879747,7,10,3.5739,1.631,0.0362,0.406,NOMINAL,NORMAL,0,,0,4.3,4346,3072
1781444738.1872394,7,10,3.9859,1.142,0.0361,0.401,NOMINAL,NORMAL,0,,0,4.2,4346,3072
1781444738.6868696,7,10,2.8424,1.244,0.0337,0.434,NOMINAL,NORMAL,0,,0,4.2,4346,3072
1781444739.1880512,7,10,4.0811,1.568,0.0459,0.507,NOMINAL,NORMAL,0,,0,4.0,4346,3072
1781444739.6868856,7,10,2.5142,1.512,0.0366,0.425,NOMINAL,NORMAL,0,,0,4.0,4346,3072
1781444740.1881847,7,10,4.0503,1.761,0.0448,0.484,NOMINAL,NORMAL,0,,0,4.2,4346,3072
1781444740.686398,7,10,2.4705,1.403,0.0344,0.381,NOMINAL,NORMAL,0,,0,4.2,4346,3072
1781444741.1885235,7,10,4.1277,1.884,0.0446,0.494,NOMINAL,NORMAL,0,,0,4.5,4346,3072
1781444741.6864607,7,10,2.656,1.488,0.0223,0.268,NOMINAL,NORMAL,0,,0,4.5,4346,3072
1781444742.1876235,7,10,3.2998,1.694,0.0363,0.4,NOMINAL,NORMAL,0,,0,4.5,4346,3072
1781444742.6860628,7,10,2.5966,0.93,0.0364,0.397,NOMINAL,NORMAL,0,,0,3.8,4346,3071
1781444743.1869624,7,10,3.6122,1.073,0.0328,0.367,NOMINAL,NORMAL,0,,0,3.8,4346,3071
1781444743.6862218,7,10,2.5195,1.215,0.0365,0.402,NOMINAL,NORMAL,0,,0,8.7,4769,3068
1781444744.1892264,7,10,4.6661,1.666,0.0353,0.407,NOMINAL,NORMAL,0,,0,8.7,4769,3068
1781444744.6874604,7,10,4.0275,1.135,0.0365,0.394,NOMINAL,NORMAL,0,,0,4.2,4425,3067
1781444745.1882794,7,10,4.1679,1.271,0.0349,0.382,NOMINAL,NORMAL,0,,0,4.2,4425,3067
1781444745.6875033,7,10,4.2578,1.16,0.0375,0.4,NOMINAL,NORMAL,0,,0,4.5,4385,3067
1781444746.1877728,7,10,3.4087,1.623,0.0375,0.386,NOMINAL,NORMAL,0,,0,4.5,4385,3067
1781444746.6877701,7,10,4.0344,1.214,0.0492,0.515,NOMINAL,NORMAL,0,,0,3.7,4385,3067
1781444747.1873415,7,10,2.5024,1.65,0.0359,0.41,NOMINAL,NORMAL,0,,0,3.7,4385,3067
1781444747.6880581,7,10,4.0284,1.652,0.0502,0.518,NOMINAL,NORMAL,0,,0,5.0,4425,3063
1781444748.1872005,7,10,2.5993,1.594,0.0347,0.478,NOMINAL,NORMAL,0,,0,5.0,4425,3063
1781444748.6871114,7,10,3.7194,1.148,0.0518,0.416,NOMINAL,NORMAL,0,,0,3.7,4465,3064
1781444749.1864607,7,10,2.4788,1.431,0.0528,0.331,NOMINAL,NORMAL,0,,0,3.7,4465,3064
1781444749.6883996,7,10,4.3664,1.539,0.0467,0.508,NOMINAL,NORMAL,0,,22,4.7,4425,3064
1781444750.1858408,7,10,2.5297,0.889,0.0248,0.273,NOMINAL,NORMAL,0,,22,4.7,4425,3064
1781444750.688658,7,10,4.3428,1.497,0.0456,0.489,NOMINAL,NORMAL,0,,8,4.2,4385,3064
1781444751.186311,7,10,2.5214,1.278,0.0374,0.399,NOMINAL,NORMAL,0,,8,4.2,4385,3064
1781444751.6889453,7,10,4.4714,1.541,0.034,0.402,NOMINAL,NORMAL,0,,99,3.7,4385,3064
1781444752.1874645,7,10,3.6515,1.316,0.0351,0.387,NOMINAL,NORMAL,0,,99,3.7,4385,3064
1781444752.6881301,7,10,3.7755,1.477,0.0339,0.378,NOMINAL,NORMAL,0,,83,3.7,4385,3064
1781444753.187252,7,10,4.0344,1.127,0.0378,0.392,NOMINAL,NORMAL,0,,83,3.7,4385,3064
1781444753.687622,7,10,3.1881,1.588,0.0387,0.392,NOMINAL,NORMAL,0,,99,5.2,4465,3065
1781444754.1881385,7,10,4.0683,1.639,0.0465,0.516,NOMINAL,NORMAL,0,,99,5.2,4465,3065
1781444754.687105,7,10,2.578,1.533,0.0337,0.407,NOMINAL,NORMAL,0,,99,4.3,4425,3064
1781444755.1883748,7,10,4.0303,1.882,0.0471,0.501,NOMINAL,NORMAL,0,,99,4.3,4425,3064
1781444755.6866622,7,10,2.4942,1.509,0.0339,0.422,NOMINAL,NORMAL,0,,99,4.7,4385,3065
1781444756.1882632,7,10,4.1894,1.61,0.0471,0.514,NOMINAL,NORMAL,0,,99,4.7,4385,3065
1781444756.6861792,7,10,2.4916,1.211,0.0324,0.38,NOMINAL,NORMAL,0,,99,3.7,4425,3065
1781444757.1884036,7,10,4.289,1.644,0.0485,0.521,NOMINAL,NORMAL,0,,99,3.7,4425,3065
1781444757.6860616,7,10,2.5304,1.176,0.0239,0.27,NOMINAL,NORMAL,0,,99,4.5,4465,3065
1781444758.189057,7,10,4.3912,1.758,0.0483,0.454,NOMINAL,NORMAL,0,,99,4.5,4465,3065
1781444758.6862974,7,10,2.529,1.293,0.0358,0.401,NOMINAL,NORMAL,0,,99,4.0,4465,3065
1781444759.188734,7,10,4.3109,1.734,0.0364,0.411,NOMINAL,NORMAL,0,,99,4.0,4465,3065
1781444759.6870866,7,10,3.3075,1.165,0.0354,0.4,NOMINAL,NORMAL,0,,99,4.3,4505,3065
1781444760.18851,7,10,3.8772,1.589,0.0347,0.399,NOMINAL,NORMAL,0,,99,4.3,4505,3065
1781444760.6881523,7,10,4.1161,1.577,0.0481,0.518,NOMINAL,NORMAL,0,,90,3.8,4505,3065
1781444761.1875699,7,10,3.2819,1.405,0.0328,0.37,NOMINAL,NORMAL,0,,90,3.8,4505,3065
1781444761.6881442,7,10,4.0904,1.635,0.0443,0.495,NOMINAL,NORMAL,0,,90,4.2,4505,3065
1781444762.1870658,7,10,2.7016,1.515,0.0322,0.384,NOMINAL,NORMAL,0,,90,4.2,4505,3065
1781444762.68801,7,10,4.0506,1.523,0.0468,0.504,NOMINAL,NORMAL,0,,0,3.7,4505,3065
1781444763.1870975,7,10,2.4627,1.501,0.0367,0.393,NOMINAL,NORMAL,0,,0,3.7,4505,3065
1781444763.687761,7,10,4.1162,1.209,0.0525,0.514,NOMINAL,NORMAL,0,,42,4.3,4505,3065
1781444764.186252,7,10,2.5082,1.301,0.0326,0.346,NOMINAL,NORMAL,0,,42,4.3,4505,3065
1781444764.6883333,7,10,4.2946,1.579,0.046,0.495,NOMINAL,NORMAL,0,,8,4.3,4505,3065
1781444765.1862037,7,10,2.5039,1.21,0.0232,0.273,NOMINAL,NORMAL,0,,8,4.3,4505,3065
1781444765.68935,7,10,4.3829,1.889,0.0453,0.485,NOMINAL,NORMAL,0,,0,5.7,4538,3064
1781444766.1865551,7,10,2.4966,1.233,0.0353,0.434,NOMINAL,NORMAL,0,,0,5.7,4538,3064
1781444766.6865387,7,10,2.5084,1.528,0.0247,0.303,NOMINAL,NORMAL,0,,0,4.3,4505,3064
1781444767.1870792,7,10,3.2356,1.323,0.034,0.394,NOMINAL,NORMAL,0,,0,4.3,4505,3064
1781444767.6886559,7,10,4.1474,1.585,0.0347,0.401,NOMINAL,NORMAL,0,,0,4.3,4465,3064
1781444768.1873674,7,10,3.8737,1.362,0.0378,0.397,NOMINAL,NORMAL,0,,0,4.3,4465,3064
1781444768.6878576,7,10,3.39,1.533,0.0328,0.384,NOMINAL,NORMAL,0,,0,3.3,4505,3065
1781444769.1879945,7,10,4.1073,1.477,0.0458,0.511,NOMINAL,NORMAL,0,,0,3.3,4505,3065
1781444769.6865718,7,10,2.5282,1.527,0.0231,0.3,NOMINAL,NORMAL,0,,0,4.5,4465,3065
1781444770.1883724,7,10,4.0055,1.612,0.0461,0.507,NOMINAL,NORMAL,0,,0,4.5,4465,3065
1781444770.6870935,7,10,2.4724,1.584,0.0344,0.387,NOMINAL,NORMAL,0,,0,4.8,4465,3065
1781444771.188274,7,10,4.0559,1.588,0.0505,0.527,NOMINAL,NORMAL,0,,0,4.8,4465,3065
1781444771.6865413,7,10,2.492,1.274,0.0345,0.408,NOMINAL,NORMAL,0,,0,3.7,4505,3065
1781444772.1882958,7,10,4.1158,1.566,0.046,0.503,NOMINAL,NORMAL,0,,0,3.7,4505,3065
1781444772.6880252,7,10,4.0899,1.516,0.0457,0.515,NOMINAL,NORMAL,0,,0,4.0,4465,3065
1781444773.1889787,7,10,4.3274,1.879,0.0478,0.508,NOMINAL,NORMAL,0,,0,4.0,4465,3065
1781444773.6860783,7,10,2.493,0.911,0.0355,0.394,NOMINAL,NORMAL,0,,0,4.5,4505,3065
1781444774.188977,7,10,4.2793,1.514,0.0371,0.396,NOMINAL,NORMAL,0,,0,4.5,4505,3065
1781444774.68735,7,10,3.1889,1.424,0.0367,0.401,NOMINAL,NORMAL,0,,0,4.7,4465,3065
1781444775.1889348,7,10,4.0763,1.72,0.0363,0.409,NOMINAL,NORMAL,0,,0,4.7,4465,3065
1781444775.6873603,7,10,3.9109,1.179,0.0348,0.399,NOMINAL,NORMAL,0,,0,3.7,4465,3065
1781444776.1880002,7,10,3.4198,1.485,0.0342,0.383,NOMINAL,NORMAL,0,,0,3.7,4465,3065
1781444776.6874504,7,10,4.0528,1.137,0.0418,0.461,NOMINAL,NORMAL,0,,0,4.8,4465,3065
1781444777.1873422,7,10,2.7045,1.555,0.0355,0.4,NOMINAL,NORMAL,0,,0,4.8,4465,3065
1781444777.6876168,7,10,4.0026,1.233,0.0492,0.519,NOMINAL,NORMAL,0,,0,4.3,4465,3065
1781444778.1863935,7,10,2.5005,1.245,0.0352,0.382,NOMINAL,NORMAL,0,,0,4.3,4465,3065
1781444778.6881633,7,10,4.0524,1.641,0.0495,0.537,NOMINAL,NORMAL,0,,0,4.2,4465,3066
1781444779.186155,7,10,2.5402,1.092,0.0322,0.355,NOMINAL,NORMAL,0,,0,4.2,4465,3066
1781444779.6882973,7,10,4.0534,1.622,0.0476,0.511,NOMINAL,NORMAL,0,,0,4.3,4465,3066
1781444780.1860409,7,10,2.5057,1.25,0.0336,0.341,NOMINAL,NORMAL,0,,0,4.3,4465,3066
1781444780.6887078,7,10,4.2833,1.531,0.0458,0.495,NOMINAL,NORMAL,0,,0,4.2,4465,3066
1781444781.1855488,7,10,2.4699,0.839,0.0239,0.287,NOMINAL,NORMAL,0,,0,4.2,4465,3066
1781444781.6868813,7,10,2.494,1.445,0.0342,0.433,NOMINAL,NORMAL,0,,0,3.5,4425,3066
1781444782.1860037,7,10,2.4535,1.191,0.035,0.395,NOMINAL,NORMAL,0,,0,3.5,4425,3066
1781444782.6881225,7,10,4.2473,1.428,0.0374,0.402,NOMINAL,NORMAL,0,,0,4.5,4465,3066
1781444783.1875665,7,10,3.7304,1.346,0.0355,0.395,NOMINAL,NORMAL,0,,0,4.5,4465,3066
1781444783.687971,7,10,3.6664,1.543,0.0352,0.399,NOMINAL,NORMAL,0,,0,4.2,4425,3066
1781444784.1873915,7,10,4.1417,1.148,0.0353,0.407,NOMINAL,NORMAL,0,,0,4.2,4425,3066
1781444784.6869872,7,10,3.0259,1.201,0.036,0.378,NOMINAL,NORMAL,0,,0,4.2,4425,3066
1781444785.188138,7,10,4.0366,1.523,0.0469,0.5,NOMINAL,NORMAL,0,,0,4.2,4425,3066
1781444785.6866431,7,10,2.5055,1.201,0.0381,0.406,NOMINAL,NORMAL,0,,0,4.2,4425,3066
1781444786.1882262,7,10,4.0376,1.583,0.0517,0.508,NOMINAL,NORMAL,0,,0,4.2,4425,3066
1781444786.6864412,7,10,2.4601,1.502,0.0333,0.383,NOMINAL,NORMAL,0,,0,4.0,4425,3066
1781444787.1882005,7,10,4.1024,1.641,0.0463,0.514,NOMINAL,NORMAL,0,,0,4.0,4425,3066
1781444787.6861172,7,10,2.4388,1.135,0.0357,0.374,NOMINAL,NORMAL,0,,0,4.5,4465,3066
1781444788.1886485,7,10,4.3077,1.496,0.0482,0.505,NOMINAL,NORMAL,0,,0,4.5,4465,3066
1781444788.6855612,7,10,2.4324,0.961,0.0239,0.261,NOMINAL,NORMAL,0,,0,4.2,4425,3066
1781444789.1893928,7,10,4.3237,1.804,0.0361,0.416,NOMINAL,NORMAL,0,,0,4.2,4425,3066
1781444789.68686,7,10,2.8502,1.364,0.038,0.47,NOMINAL,NORMAL,0,,0,4.7,4425,3066
1781444790.188928,7,10,4.3814,1.795,0.0365,0.412,NOMINAL,NORMAL,0,,0,4.7,4425,3066
1781444790.686901,7,10,3.4613,1.04,0.0363,0.449,NOMINAL,NORMAL,0,,0,4.0,4425,3066
1781444791.1883972,7,10,3.6493,1.526,0.0366,0.408,NOMINAL,NORMAL,0,,0,4.0,4425,3066
1781444791.6875987,7,10,4.0103,1.344,0.0349,0.395,NOMINAL,NORMAL,0,,0,4.8,4425,3066
1781444792.1873634,7,10,2.8927,1.33,0.0357,0.393,NOMINAL,NORMAL,0,,0,4.8,4425,3066
1781444792.6876454,7,10,3.9969,1.095,0.0448,0.507,NOMINAL,NORMAL,0,,0,4.2,4385,3066
1781444793.1868389,7,10,2.5394,1.264,0.0355,0.441,NOMINAL,NORMAL,0,,0,4.2,4385,3066
1781444793.6880057,7,10,3.99,1.458,0.0471,0.49,NOMINAL,NORMAL,0,,0,4.0,4425,3066
1781444794.1863542,7,10,2.5157,1.203,0.0346,0.381,NOMINAL,NORMAL,0,,0,4.0,4425,3066
1781444794.6882577,7,10,4.0482,1.82,0.0456,0.492,NOMINAL,NORMAL,0,,0,4.8,4425,3066
1781444795.1862288,7,10,2.5085,1.254,0.0342,0.38,NOMINAL,NORMAL,0,,0,4.8,4425,3066
1781444795.6884527,7,10,4.2692,1.795,0.0471,0.498,NOMINAL,NORMAL,0,,0,3.8,4425,3066
1781444796.1858878,7,10,2.5066,0.996,0.0263,0.279,NOMINAL,NORMAL,0,,0,3.8,4425,3066
1781444796.688815,7,10,4.2825,1.45,0.0466,0.487,NOMINAL,NORMAL,0,,0,3.7,4385,3065
1781444797.1862867,7,10,2.5204,1.08,0.0356,0.39,NOMINAL,NORMAL,0,,0,3.7,4385,3065
1781444797.6884706,7,10,4.3049,1.392,0.0383,0.39,NOMINAL,NORMAL,0,,0,4.5,4425,3065
1781444798.1869855,7,10,3.3643,1.18,0.0368,0.414,NOMINAL,NORMAL,0,,0,4.5,4425,3065
1781444798.6879442,7,10,3.897,1.295,0.0368,0.384,NOMINAL,NORMAL,0,,0,4.0,4385,3065
1781444799.1872005,7,10,4.0647,1.155,0.036,0.406,NOMINAL,NORMAL,0,,0,4.0,4385,3065
1781444799.6873894,7,10,3.1086,1.194,0.0353,0.379,NOMINAL,NORMAL,0,,0,4.2,4425,3065
1781444800.18814,7,10,4.0439,1.475,0.0473,0.543,NOMINAL,NORMAL,0,,0,4.2,4425,3065
1781444800.6867,7,10,2.6788,1.234,0.0323,0.423,NOMINAL,NORMAL,0,,0,4.5,4385,3066
1781444801.1881518,7,10,4.0189,1.544,0.0455,0.515,NOMINAL,NORMAL,0,,0,4.5,4385,3066
1781444801.6865125,7,10,2.5261,1.337,0.0337,0.398,NOMINAL,NORMAL,0,,26,4.3,4425,3066
1781444802.1877632,7,10,4.0581,1.322,0.0475,0.533,NOMINAL,NORMAL,0,,26,4.3,4425,3066
1781444802.6863713,7,10,2.4671,1.236,0.0348,0.397,NOMINAL,NORMAL,0,,0,4.3,4425,3066
1781444803.1887767,7,10,4.602,1.529,0.0473,0.523,NOMINAL,NORMAL,0,,0,4.3,4425,3066
1781444803.6859162,7,10,2.4739,1.072,0.0248,0.285,NOMINAL,NORMAL,0,,0,4.3,4425,3066
1781444804.1891901,7,10,4.3184,1.565,0.0488,0.51,NOMINAL,NORMAL,0,,0,4.3,4425,3066
1781444804.6861825,7,10,2.4674,1.288,0.0361,0.399,NOMINAL,NORMAL,0,,0,4.7,4385,3066
1781444805.1892436,7,10,4.9482,1.385,0.0368,0.429,NOMINAL,NORMAL,0,,0,4.7,4385,3066
1781444805.6873283,7,10,3.3626,1.226,0.0346,0.403,NOMINAL,NORMAL,0,,0,3.7,4385,3066
1781444806.1884484,7,10,4.0811,1.26,0.0394,0.401,NOMINAL,NORMAL,0,,0,3.7,4385,3066
1781444806.687167,7,10,3.9118,1.162,0.0343,0.397,NOMINAL,NORMAL,0,,0,4.0,4385,3066
1781444807.187445,7,10,3.3104,1.322,0.036,0.41,NOMINAL,NORMAL,0,,0,4.0,4385,3066
1781444807.6879628,7,10,4.152,1.378,0.0449,0.525,NOMINAL,NORMAL,0,,0,4.8,4385,3066
1781444808.1869092,7,10,2.7655,1.289,0.0346,0.442,NOMINAL,NORMAL,0,,0,4.8,4385,3066
1781444808.688001,7,10,4.0214,1.552,0.0484,0.528,NOMINAL,NORMAL,0,,0,3.7,4385,3066
1781444809.1867242,7,10,2.5044,1.242,0.0381,0.422,NOMINAL,NORMAL,0,,0,3.7,4385,3066
1781444809.6882749,7,10,4.118,1.727,0.0473,0.525,NOMINAL,NORMAL,0,,0,4.2,4385,3066
1781444810.1864693,7,10,2.4823,1.28,0.0349,0.391,NOMINAL,NORMAL,0,,0,4.2,4385,3066
1781444810.6881275,7,10,4.1543,1.573,0.0463,0.517,NOMINAL,NORMAL,0,,0,4.2,4385,3066
1781444811.1859941,7,10,2.466,1.151,0.0249,0.279,NOMINAL,NORMAL,0,,0,4.2,4385,3066
1781444811.6887445,7,10,4.4352,1.491,0.0445,0.498,NOMINAL,NORMAL,0,,0,4.2,4385,3066
1781444812.185982,7,10,2.4794,0.906,0.0343,0.383,NOMINAL,NORMAL,0,,0,4.2,4385,3066
1781444812.688669,7,10,4.4344,1.431,0.0343,0.402,NOMINAL,NORMAL,0,,0,4.2,4385,3065
1781444813.1870155,7,10,3.1985,1.13,0.0359,0.399,NOMINAL,NORMAL,0,,0,4.2,4385,3065
1781444813.6882603,7,10,4.2039,1.264,0.0357,0.394,NOMINAL,NORMAL,0,,0,3.7,4385,3065
1781444814.187149,7,10,3.8174,1.127,0.0365,0.4,NOMINAL,NORMAL,0,,0,3.7,4385,3065
1781444814.6874838,7,10,3.5565,1.199,0.0334,0.38,NOMINAL,NORMAL,0,,0,4.3,4385,3065
1781444815.187467,7,10,4.0587,1.099,0.045,0.454,NOMINAL,NORMAL,0,,0,4.3,4385,3065
1781444815.6868024,7,10,2.8035,1.239,0.0377,0.422,NOMINAL,NORMAL,0,,0,4.3,4385,3065
1781444816.187785,7,10,4.0408,1.402,0.0454,0.499,NOMINAL,NORMAL,0,,0,4.3,4385,3065
1781444816.6865602,7,10,2.5203,1.252,0.0352,0.426,NOMINAL,NORMAL,0,,0,3.8,4385,3065
1781444817.1886218,7,10,4.3712,1.481,0.049,0.51,NOMINAL,NORMAL,0,,0,3.8,4385,3065
1781444817.6861467,7,10,2.4928,1.116,0.0323,0.365,NOMINAL,NORMAL,0,,0,3.5,4346,3066
1781444818.188178,7,10,4.1393,1.669,0.0435,0.468,NOMINAL,NORMAL,0,,0,3.5,4346,3066
1781444818.68604,7,10,2.4989,1.154,0.0231,0.251,NOMINAL,NORMAL,0,,0,3.8,4385,3066
1781444819.1888125,7,10,4.3601,1.643,0.0446,0.485,NOMINAL,NORMAL,0,,0,3.8,4385,3066
1781444819.688369,7,10,4.0797,1.853,0.0429,0.496,NOMINAL,NORMAL,0,,0,4.7,4385,3066
1781444820.1866922,7,10,2.5159,1.481,0.0351,0.444,NOMINAL,NORMAL,0,,0,4.7,4385,3066
1781444820.686062,7,10,2.5268,0.989,0.0364,0.395,NOMINAL,NORMAL,0,,0,4.2,4346,3066
1781444821.1885548,7,10,4.2588,1.403,0.0347,0.37,NOMINAL,NORMAL,0,,0,4.2,4346,3066
1781444821.6871312,7,10,3.8343,1.042,0.0349,0.374,NOMINAL,NORMAL,0,,0,4.2,4346,3066
1781444822.188048,7,10,3.37,1.42,0.0325,0.367,NOMINAL,NORMAL,0,,0,3.7,4385,3066
1781444822.6877367,7,10,4.0739,1.379,0.0431,0.478,NOMINAL,NORMAL,0,,0,3.7,4385,3066
1781444823.186452,7,10,2.5616,1.256,0.0341,0.383,NOMINAL,NORMAL,0,,0,3.8,4385,3066
1781444823.6878455,7,10,4.0011,1.443,0.0466,0.5,NOMINAL,NORMAL,0,,0,3.8,4385,3066
1781444824.1865985,7,10,2.529,1.244,0.035,0.413,NOMINAL,NORMAL,0,,0,3.7,4346,3066
1781444824.6882663,7,10,4.0416,1.549,0.0432,0.513,NOMINAL,NORMAL,0,,0,3.7,4346,3066
1781444825.186756,7,10,2.5041,1.303,0.0587,0.421,NOMINAL,NORMAL,0,,0,4.7,4385,3066
1781444825.688117,7,10,4.0788,1.652,0.0461,0.518,NOMINAL,NORMAL,0,,0,4.7,4385,3066
1781444826.1866045,7,10,2.5225,1.639,0.0249,0.342,NOMINAL,NORMAL,0,,0,6.0,4425,3066
1781444826.688225,7,10,4.1843,1.521,0.0447,0.514,NOMINAL,NORMAL,0,,0,6.0,4425,3066
1781444827.1861663,7,10,2.4921,0.893,0.0371,0.398,NOMINAL,NORMAL,0,,0,4.2,4385,3067
1781444827.6888297,7,10,4.275,1.481,0.0376,0.418,NOMINAL,NORMAL,0,,0,4.2,4385,3067
1781444828.186967,7,10,3.0733,1.176,0.0377,0.413,NOMINAL,NORMAL,0,,0,4.3,4385,3067
1781444828.688411,7,10,4.2723,1.377,0.037,0.409,NOMINAL,NORMAL,0,,0,4.3,4385,3067
1781444829.1873398,7,10,3.9144,1.193,0.0364,0.402,NOMINAL,NORMAL,0,,43,4.3,4425,3067
1781444829.6879034,7,10,3.6424,1.256,0.0369,0.389,NOMINAL,NORMAL,0,,43,4.3,4425,3067
1781444830.187397,7,10,4.0397,1.171,0.0361,0.406,NOMINAL,NORMAL,0,,33,4.0,4385,3067
1781444830.687207,7,10,2.9683,1.279,0.0358,0.41,NOMINAL,NORMAL,0,,33,4.0,4385,3067
1781444831.1883004,7,10,4.0184,1.59,0.0492,0.517,NOMINAL,NORMAL,0,,100,5.3,4425,3067
1781444831.6865695,7,10,2.5892,1.259,0.0336,0.426,NOMINAL,NORMAL,0,,100,5.3,4425,3067
1781444832.188145,7,10,4.0356,1.602,0.0488,0.52,NOMINAL,NORMAL,0,,99,4.2,4425,3067
1781444832.6861906,7,10,2.3881,1.204,0.0357,0.388,NOMINAL,NORMAL,0,,99,4.2,4425,3067
1781444833.188291,7,10,4.0729,1.526,0.0444,0.511,NOMINAL,NORMAL,0,,99,4.0,4385,3067
1781444833.6860216,7,10,2.4697,1.206,0.0326,0.393,NOMINAL,NORMAL,0,,99,4.0,4385,3067
1781444834.1885183,7,10,4.2963,1.548,0.0484,0.511,NOMINAL,NORMAL,0,,99,4.3,4425,3067
1781444834.6859443,7,10,2.5304,0.889,0.0228,0.289,NOMINAL,NORMAL,0,,99,4.3,4425,3067
1781444835.189042,7,10,4.3208,1.494,0.0376,0.415,NOMINAL,NORMAL,0,,99,3.8,4425,3067
1781444835.6861014,7,10,2.4397,1.14,0.0325,0.396,NOMINAL,NORMAL,0,,99,3.8,4425,3067
1781444836.1886458,7,10,4.1861,1.883,0.0356,0.405,NOMINAL,NORMAL,0,,99,4.2,4465,3067
1781444836.6868925,7,10,3.4113,1.089,0.0334,0.439,NOMINAL,NORMAL,0,,99,4.2,4465,3067
1781444837.187807,7,10,4.0196,1.329,0.0366,0.403,NOMINAL,NORMAL,0,,99,4.3,4465,3067
1781444837.6871307,7,10,4.0672,1.12,0.0369,0.396,NOMINAL,NORMAL,0,,99,4.3,4465,3067
1781444838.1873713,7,10,2.9963,1.276,0.032,0.387,NOMINAL,NORMAL,0,,99,4.3,4465,3067
1781444838.6878378,7,10,4.1382,1.366,0.0475,0.518,NOMINAL,NORMAL,0,,99,4.3,4465,3067
1781444839.186836,7,10,2.6131,1.292,0.0373,0.425,NOMINAL,NORMAL,0,,99,4.2,4505,3067
1781444839.6882293,7,10,4.0254,1.617,0.0439,0.508,NOMINAL,NORMAL,0,,99,4.2,4505,3067
1781444840.1864574,7,10,2.5097,1.312,0.0345,0.39,NOMINAL,NORMAL,0,,99,4.2,4505,3067
1781444840.6884372,7,10,4.0922,1.959,0.0465,0.516,NOMINAL,NORMAL,0,,99,4.2,4505,3067
1781444841.1863873,7,10,2.4797,1.528,0.0342,0.397,NOMINAL,NORMAL,0,,61,4.7,4505,3067
1781444841.6881897,7,10,4.2877,1.515,0.049,0.521,NOMINAL,NORMAL,0,,61,4.7,4505,3067
1781444842.1858816,7,10,2.5083,1.019,0.0241,0.276,NOMINAL,NORMAL,0,,65,3.8,4465,3067
1781444842.6885955,7,10,4.314,1.478,0.0449,0.511,NOMINAL,NORMAL,0,,65,3.8,4465,3067
1781444843.1858816,7,10,2.4861,1.052,0.0369,0.411,NOMINAL,NORMAL,0,,34,4.5,4465,3067
1781444843.6888952,7,10,4.3307,1.857,0.0342,0.418,NOMINAL,NORMAL,0,,34,4.5,4465,3067
1781444844.1865025,7,10,2.7933,1.46,0.0325,0.4,NOMINAL,NORMAL,0,,0,4.2,4505,3067
1781444844.688153,7,10,3.975,1.252,0.032,0.389,NOMINAL,NORMAL,0,,0,4.2,4505,3067
1781444845.1872365,7,10,4.0203,1.176,0.0352,0.393,NOMINAL,NORMAL,0,,1,4.2,4505,3067
1781444845.6874902,7,10,3.2885,1.27,0.0335,0.409,NOMINAL,NORMAL,0,,1,4.2,4505,3067
1781444846.1880338,7,10,4.0514,1.6,0.0501,0.519,NOMINAL,NORMAL,0,,0,4.2,4545,3067
1781444846.6869693,7,10,2.7013,1.342,0.0337,0.398,NOMINAL,NORMAL,0,,0,4.2,4545,3067
1781444847.188333,7,10,4.0633,1.884,0.0462,0.517,NOMINAL,NORMAL,0,,0,4.2,4505,3067
1781444847.686595,7,10,2.4776,1.222,0.0336,0.428,NOMINAL,NORMAL,0,,0,4.2,4505,3067
1781444848.187995,7,10,4.0482,1.562,0.0453,0.504,NOMINAL,NORMAL,0,,18,4.2,4505,3067
1781444848.6861727,7,10,2.4757,1.238,0.032,0.386,NOMINAL,NORMAL,0,,18,4.2,4505,3067
1781444849.1881404,7,10,4.1917,1.553,0.047,0.513,NOMINAL,NORMAL,0,,0,3.8,4465,3067
1781444849.6860037,7,10,2.5049,1.097,0.0234,0.282,NOMINAL,NORMAL,0,,0,3.8,4465,3067
1781444850.1885257,7,10,4.2694,1.424,0.0439,0.495,NOMINAL,NORMAL,0,,0,4.2,4505,3067
1781444850.6857736,7,10,2.5039,0.895,0.0348,0.391,NOMINAL,NORMAL,0,,0,4.2,4505,3067
1781444851.1883435,7,10,4.3291,1.39,0.0402,0.391,NOMINAL,NORMAL,0,,0,4.0,4505,3068
1781444851.6856427,7,10,2.4878,0.885,0.0244,0.282,NOMINAL,NORMAL,0,,0,4.0,4505,3068
1781444852.1886766,7,10,3.884,1.572,0.0334,0.418,NOMINAL,NORMAL,0,,0,4.0,4505,3068
1781444852.687531,7,10,4.0376,1.164,0.0347,0.4,NOMINAL,NORMAL,0,,0,4.0,4505,3068
1781444853.1875024,7,10,3.2404,1.222,0.0337,0.394,NOMINAL,NORMAL,0,,0,4.8,4465,3068
1781444853.6874726,7,10,4.009,1.099,0.0435,0.505,NOMINAL,NORMAL,0,,0,4.8,4465,3068
1781444854.1873872,7,10,3.669,1.265,0.0332,0.392,NOMINAL,NORMAL,0,,0,3.8,4505,3068
1781444854.688075,7,10,4.0061,1.635,0.0477,0.527,NOMINAL,NORMAL,0,,0,3.8,4505,3068
1781444855.1864197,7,10,2.5125,1.238,0.0347,0.379,NOMINAL,NORMAL,0,,0,4.3,4465,3068
1781444855.6873772,7,10,4.0403,1.168,0.0367,0.401,NOMINAL,NORMAL,0,,0,4.3,4465,3068
1781444856.1858933,7,10,2.4272,1.186,0.0351,0.377,NOMINAL,NORMAL,0,,0,4.0,4465,3068
1781444856.6883514,7,10,4.1837,1.546,0.0482,0.539,NOMINAL,NORMAL,0,,0,4.0,4465,3068
1781444857.1859393,7,10,2.4356,1.182,0.0253,0.316,NOMINAL,NORMAL,0,,0,4.3,4505,3068
1781444857.6885483,7,10,4.3316,1.533,0.0454,0.51,NOMINAL,NORMAL,0,,0,4.3,4505,3068
1781444858.1857622,7,10,2.4927,0.881,0.0372,0.39,NOMINAL,NORMAL,0,,0,3.5,4465,3068
1781444858.6894555,7,10,4.3572,1.573,0.0365,0.423,NOMINAL,NORMAL,0,,0,3.5,4465,3068
1781444859.186773,7,10,3.071,1.052,0.0367,0.441,NOMINAL,NORMAL,0,,0,7.0,4538,3064
1781444859.688461,7,10,4.0957,1.251,0.0336,0.403,NOMINAL,NORMAL,0,,0,7.0,4538,3064
1781444860.187063,7,10,3.7903,1.134,0.0356,0.397,NOMINAL,NORMAL,0,,0,4.8,4505,3065
1781444860.6876197,7,10,3.6226,1.254,0.0352,0.409,NOMINAL,NORMAL,0,,0,4.8,4505,3065
1781444861.1876948,7,10,4.0146,1.129,0.0451,0.5,NOMINAL,NORMAL,0,,0,4.2,4465,3065
1781444861.6870687,7,10,2.8701,1.304,0.0357,0.397,NOMINAL,NORMAL,0,,0,4.2,4465,3065
1781444862.1881235,7,10,4.0027,1.558,0.0478,0.516,NOMINAL,NORMAL,0,,0,3.8,4465,3065
1781444862.6864376,7,10,2.5685,1.218,0.0347,0.397,NOMINAL,NORMAL,0,,0,3.8,4465,3065
1781444863.1879175,7,10,4.0763,1.452,0.0454,0.491,NOMINAL,NORMAL,0,,0,4.2,4425,3065
1781444863.6861908,7,10,2.5038,1.253,0.0348,0.385,NOMINAL,NORMAL,0,,0,4.2,4425,3065
1781444864.1879306,7,10,4.0725,1.51,0.0467,0.49,NOMINAL,NORMAL,0,,0,4.5,4425,3065
1781444864.6861622,7,10,2.4577,1.281,0.0395,0.415,NOMINAL,NORMAL,0,,0,4.5,4425,3065
1781444865.1887913,7,10,4.3072,1.467,0.0478,0.491,NOMINAL,NORMAL,0,,0,4.3,4465,3065
1781444865.685772,7,10,2.4896,0.768,0.0347,0.373,NOMINAL,NORMAL,0,,0,4.3,4465,3065
1781444866.1890213,7,10,4.4099,1.722,0.0403,0.391,NOMINAL,NORMAL,0,,0,4.2,4425,3065
1781444866.6858702,7,10,2.4738,1.242,0.0252,0.299,NOMINAL,NORMAL,0,,0,4.2,4425,3065
1781444867.188713,7,10,4.2449,1.569,0.0378,0.402,NOMINAL,NORMAL,0,,0,4.2,4465,3065
1781444867.6879246,7,10,4.0222,1.566,0.0458,0.502,NOMINAL,NORMAL,0,,0,4.2,4465,3065
1781444868.1879373,7,10,3.4189,1.258,0.0361,0.379,NOMINAL,NORMAL,0,,0,4.0,4465,3065
1781444868.6873808,7,10,4.007,1.345,0.0339,0.382,NOMINAL,NORMAL,0,,0,4.0,4465,3065
1781444869.1872275,7,10,2.8156,1.253,0.0365,0.387,NOMINAL,NORMAL,0,,0,4.2,4425,3065
1781444869.687476,7,10,4.0042,1.147,0.0457,0.498,NOMINAL,NORMAL,0,,0,4.2,4425,3065
1781444870.1866384,7,10,2.5834,1.302,0.0368,0.403,NOMINAL,NORMAL,0,,0,4.5,4425,3065
1781444870.6891143,7,10,4.4619,1.821,0.0452,0.513,NOMINAL,NORMAL,0,,0,4.5,4425,3065
1781444871.1863818,7,10,2.4777,1.477,0.0357,0.38,NOMINAL,NORMAL,0,,0,4.0,4425,3066
1781444871.6881778,7,10,4.0398,1.766,0.0465,0.519,NOMINAL,NORMAL,0,,0,4.0,4425,3066
1781444872.1882203,7,10,4.0942,1.722,0.0436,0.508,NOMINAL,NORMAL,0,,0,4.3,4505,3066
1781444872.6883614,7,10,4.2426,1.745,0.0433,0.51,NOMINAL,NORMAL,0,,0,4.3,4505,3066
1781444873.1859517,7,10,2.4967,0.805,0.0347,0.356,NOMINAL,NORMAL,0,,0,3.7,4465,3065
1781444873.6886477,7,10,4.3028,1.495,0.045,0.47,NOMINAL,NORMAL,0,,0,3.7,4465,3065
1781444874.1859229,7,10,2.4553,1.188,0.0363,0.394,NOMINAL,NORMAL,0,,0,4.3,4425,3065
1781444874.6885543,7,10,4.3184,1.564,0.0338,0.401,NOMINAL,NORMAL,0,,0,4.3,4425,3065
1781444875.1870148,7,10,3.5627,1.09,0.036,0.39,NOMINAL,NORMAL,0,,0,4.5,4425,3065
1781444875.6877463,7,10,3.8877,1.212,0.0324,0.374,NOMINAL,NORMAL,0,,0,4.5,4425,3065
1781444876.1874483,7,10,4.0555,1.116,0.0368,0.387,NOMINAL,NORMAL,0,,0,4.0,4425,3065
1781444876.686299,7,10,2.4827,1.225,0.0345,0.377,NOMINAL,NORMAL,0,,0,4.0,4425,3065
1781444877.187919,7,10,3.9781,1.404,0.0444,0.498,NOMINAL,NORMAL,0,,0,4.3,4385,3065
1781444877.686596,7,10,2.5068,1.155,0.0344,0.423,NOMINAL,NORMAL,0,,0,4.3,4385,3065
1781444878.1880872,7,10,4.0141,1.483,0.0473,0.494,NOMINAL,NORMAL,0,,0,4.3,4425,3066
1781444878.686247,7,10,2.4113,1.198,0.0325,0.38,NOMINAL,NORMAL,0,,0,4.3,4425,3066
1781444879.1881819,7,10,4.0746,1.537,0.0452,0.501,NOMINAL,NORMAL,0,,0,4.0,4425,3066
1781444879.6873748,7,10,4.0473,1.128,0.036,0.445,NOMINAL,NORMAL,0,,0,4.0,4425,3066
1781444880.1875415,7,10,3.5265,1.351,0.0348,0.386,NOMINAL,NORMAL,0,,0,4.2,4425,3066
1781444880.6858168,7,10,2.4729,1.138,0.0236,0.277,NOMINAL,NORMAL,0,,0,4.2,4425,3066
1781444881.1890266,7,10,4.2953,1.534,0.0386,0.434,NOMINAL,NORMAL,0,,0,4.0,4385,3066
1781444881.6860504,7,10,2.4335,1.183,0.0354,0.396,NOMINAL,NORMAL,0,,0,4.0,4385,3066
1781444882.1888013,7,10,4.3946,1.683,0.0375,0.401,NOMINAL,NORMAL,0,,0,4.0,4385,3066
1781444882.6869977,7,10,3.2619,1.147,0.0347,0.393,NOMINAL,NORMAL,0,,0,4.0,4385,3066
1781444883.1883235,7,10,3.938,1.608,0.0339,0.405,NOMINAL,NORMAL,0,,0,4.2,4385,3066
1781444883.6872249,7,10,4.0236,1.328,0.0376,0.399,NOMINAL,NORMAL,0,,0,4.2,4385,3066
1781444884.187744,7,10,3.2743,1.568,0.0338,0.404,NOMINAL,NORMAL,0,,0,4.3,4385,3066
1781444884.6877193,7,10,4.0452,1.151,0.0473,0.505,NOMINAL,NORMAL,0,,0,4.3,4385,3066
1781444885.18738,7,10,3.021,1.348,0.0378,0.403,NOMINAL,NORMAL,0,,0,5.5,4505,3066
1781444885.6880128,7,10,4.0451,1.611,0.0487,0.527,NOMINAL,NORMAL,0,,0,5.5,4505,3066
1781444886.1862397,7,10,2.4826,1.168,0.0375,0.376,NOMINAL,NORMAL,0,,0,4.0,4385,3066
1781444886.6882653,7,10,4.2636,1.531,0.0484,0.541,NOMINAL,NORMAL,0,,0,4.0,4385,3066
1781444887.1862254,7,10,2.5197,1.275,0.039,0.385,NOMINAL,NORMAL,0,,0,4.3,4425,3066
1781444887.6887772,7,10,4.3795,1.971,0.045,0.507,NOMINAL,NORMAL,0,,0,4.3,4425,3066
1781444888.1861062,7,10,2.5605,1.18,0.0236,0.27,NOMINAL,NORMAL,0,,0,4.7,4385,3066
1781444888.6889465,7,10,4.4081,1.545,0.0474,0.512,NOMINAL,NORMAL,0,,0,4.7,4385,3066
1781444889.185716,7,10,2.5262,0.946,0.0365,0.398,NOMINAL,NORMAL,0,,0,4.0,4385,3065
1781444889.6892068,7,10,4.4706,1.732,0.0355,0.402,NOMINAL,NORMAL,0,,0,4.0,4385,3065
1781444890.1875608,7,10,3.9331,1.151,0.0361,0.397,NOMINAL,NORMAL,0,,0,5.5,4425,3065
1781444890.68877,7,10,4.3681,1.561,0.0389,0.406,NOMINAL,NORMAL,0,,0,5.5,4425,3065
1781444891.1874087,7,10,4.2652,1.137,0.0351,0.4,NOMINAL,NORMAL,0,,0,3.8,4385,3065
1781444891.6881201,7,10,3.7629,1.748,0.0349,0.39,NOMINAL,NORMAL,0,,0,3.8,4385,3065
1781444892.1877904,7,10,4.0666,1.455,0.0504,0.5,NOMINAL,NORMAL,0,,0,3.8,4346,3065
1781444892.687312,7,10,3.0468,1.566,0.0328,0.387,NOMINAL,NORMAL,0,,0,3.8,4346,3065
1781444893.1883395,7,10,4.046,1.936,0.0499,0.518,NOMINAL,NORMAL,0,,0,4.2,4385,3065
1781444893.6867812,7,10,2.5262,1.38,0.0635,0.428,NOMINAL,NORMAL,0,,0,4.2,4385,3065
1781444894.18846,7,10,4.2056,1.893,0.046,0.516,NOMINAL,NORMAL,0,,36,4.2,4425,3065
1781444894.686729,7,10,2.508,1.786,0.036,0.429,NOMINAL,NORMAL,0,,36,4.2,4425,3065
1781444895.18803,7,10,4.124,1.494,0.0499,0.501,NOMINAL,NORMAL,0,,0,3.8,4346,3065
1781444895.6862884,7,10,2.5897,1.428,0.0239,0.286,NOMINAL,NORMAL,0,,0,3.8,4346,3065
1781444896.1888423,7,10,4.379,1.821,0.047,0.498,NOMINAL,NORMAL,0,,0,4.5,4385,3065
1781444896.6861713,7,10,2.5481,1.255,0.0364,0.409,NOMINAL,NORMAL,0,,0,4.5,4385,3065
1781444897.1888287,7,10,4.3351,1.846,0.0357,0.407,NOMINAL,NORMAL,0,,26,3.8,4385,3065
1781444897.6869202,7,10,3.454,1.153,0.0362,0.439,NOMINAL,NORMAL,0,,26,3.8,4385,3065
1781444898.188851,7,10,4.6234,1.568,0.0361,0.401,NOMINAL,NORMAL,0,,0,3.3,4346,3065
1781444898.687907,7,10,4.3887,1.406,0.0349,0.4,NOMINAL,NORMAL,0,,0,3.3,4346,3065
1781444899.1880877,7,10,3.7928,1.505,0.0368,0.393,NOMINAL,NORMAL,0,,0,4.7,4385,3065
1781444899.687907,7,10,4.037,1.298,0.05,0.539,NOMINAL,NORMAL,0,,0,4.7,4385,3065
1781444900.1876233,7,10,3.1679,1.614,0.0324,0.403,NOMINAL,NORMAL,0,,9,3.7,4385,3065
1781444900.688493,7,10,4.1724,1.93,0.0446,0.508,NOMINAL,NORMAL,0,,9,3.7,4385,3065
1781444901.1874237,7,10,2.8707,1.666,0.0328,0.393,NOMINAL,NORMAL,0,,9,3.7,4385,3065
1781444901.689271,7,10,4.23,2.6,0.0445,0.533,NOMINAL,NORMAL,0,,0,5.0,4346,3065
1781444902.1864343,7,10,2.5205,1.511,0.0355,0.388,NOMINAL,NORMAL,0,,0,5.0,4346,3065
1781444902.6885412,7,10,4.2262,1.92,0.047,0.52,NOMINAL,NORMAL,0,,0,4.5,4385,3065
1781444903.1892223,7,10,4.6078,1.921,0.0482,0.522,NOMINAL,NORMAL,0,,0,4.5,4385,3065
1781444903.6891012,7,10,4.4288,1.899,0.0489,0.506,NOMINAL,NORMAL,0,,0,3.7,4385,3065
1781444904.1859741,7,10,2.6068,1.092,0.0353,0.392,NOMINAL,NORMAL,0,,0,3.7,4385,3065
1781444904.6890168,7,10,4.2892,1.758,0.0356,0.406,NOMINAL,NORMAL,0,,0,4.3,4385,3065
1781444905.1864452,7,10,2.5175,1.544,0.0376,0.397,NOMINAL,NORMAL,0,,0,4.3,4385,3065
1781444905.6886961,7,10,4.5852,1.309,0.0337,0.398,NOMINAL,NORMAL,0,,0,4.8,4385,3065
1781444906.1872296,7,10,3.9709,1.128,0.0368,0.403,NOMINAL,NORMAL,0,,0,4.8,4385,3065
1781444906.6881125,7,10,4.1712,1.252,0.0346,0.388,NOMINAL,NORMAL,0,,0,4.0,4385,3065
1781444907.1878188,7,10,4.0312,1.32,0.0477,0.517,NOMINAL,NORMAL,0,,0,4.0,4385,3065
1781444907.6872642,7,10,2.9501,1.504,0.0373,0.402,NOMINAL,NORMAL,0,,0,3.7,4385,3065
1781444908.1888227,7,10,4.0928,2.264,0.0473,0.532,NOMINAL,NORMAL,0,,0,3.7,4385,3065
1781444908.6869757,7,10,2.4791,1.507,0.0341,0.386,NOMINAL,NORMAL,0,,0,4.7,4385,3065
1781444909.1891263,7,10,4.3842,1.899,0.0461,0.519,NOMINAL,NORMAL,0,,0,4.7,4385,3065
1781444909.686525,7,10,2.5004,1.498,0.0347,0.415,NOMINAL,NORMAL,0,,80,4.0,4425,3065
1781444910.189182,7,10,4.0976,2.391,0.0467,0.525,NOMINAL,NORMAL,0,,80,4.0,4425,3065
1781444910.6864462,7,10,2.5015,1.44,0.0326,0.387,NOMINAL,NORMAL,0,,76,4.7,4425,3066
1781444911.1892211,7,10,4.4226,1.792,0.0495,0.523,NOMINAL,NORMAL,0,,76,4.7,4425,3066
1781444911.685952,7,10,2.5413,0.813,0.023,0.328,NOMINAL,NORMAL,0,,75,4.3,4385,3066
1781444912.1886241,7,10,4.3864,1.524,0.039,0.424,NOMINAL,NORMAL,0,,75,4.3,4385,3066
1781444912.6863358,7,10,2.4493,1.279,0.0349,0.396,NOMINAL,NORMAL,0,,99,4.0,4425,3066
1781444913.1891592,7,10,4.3925,1.986,0.034,0.412,NOMINAL,NORMAL,0,,99,4.0,4425,3066
1781444913.6872945,7,10,3.6424,1.346,0.0359,0.402,NOMINAL,NORMAL,0,,99,4.3,4425,3066
1781444914.1881196,7,10,3.7184,1.534,0.0348,0.397,NOMINAL,NORMAL,0,,99,4.3,4425,3066
1781444914.687403,7,10,4.0879,1.153,0.0365,0.399,NOMINAL,NORMAL,0,,99,4.3,4465,3066
1781444915.187511,7,10,2.8567,1.367,0.0385,0.41,NOMINAL,NORMAL,0,,99,4.3,4465,3066
1781444915.6864986,7,10,2.4384,1.485,0.0329,0.351,NOMINAL,NORMAL,0,,99,4.2,4465,3066
1781444916.1870522,7,10,2.5186,1.572,0.035,0.415,NOMINAL,NORMAL,0,,99,4.2,4465,3066
1781444916.6884372,7,10,4.0964,1.932,0.0449,0.522,NOMINAL,NORMAL,0,,99,3.7,4465,3066
1781444917.186651,7,10,2.5143,1.519,0.0348,0.429,NOMINAL,NORMAL,0,,99,3.7,4465,3066
1781444917.688326,7,10,4.0883,1.85,0.0485,0.508,NOMINAL,NORMAL,0,,99,4.7,4505,3066
1781444918.1863205,7,10,2.501,1.289,0.036,0.403,NOMINAL,NORMAL,0,,99,4.7,4505,3066
1781444918.6880913,7,10,4.0463,1.707,0.0469,0.507,NOMINAL,NORMAL,0,,99,4.2,4505,3066
1781444919.1863146,7,10,2.4852,1.048,0.0373,0.456,NOMINAL,NORMAL,0,,99,4.2,4505,3066
1781444919.688841,7,10,4.3714,1.518,0.0406,0.451,NOMINAL,NORMAL,0,,58,4.0,4505,3066
1781444920.1866345,7,10,2.6941,1.367,0.0356,0.438,NOMINAL,NORMAL,0,,58,4.0,4505,3066
1781444920.6875885,7,10,4.065,1.142,0.0468,0.517,NOMINAL,NORMAL,0,,99,4.7,4505,3066
1781444921.1885414,7,10,4.119,1.982,0.0468,0.536,NOMINAL,NORMAL,0,,99,4.7,4505,3066
1781444921.688162,7,10,3.6449,1.503,0.0326,0.382,NOMINAL,NORMAL,0,,45,4.5,4505,3066
1781444922.187202,7,10,4.0767,1.161,0.0368,0.409,NOMINAL,NORMAL,0,,45,4.5,4505,3066
1781444922.6874604,7,10,3.1662,1.541,0.0348,0.398,NOMINAL,NORMAL,0,,7,4.0,4505,3066
1781444923.187959,7,10,4.0584,1.46,0.0474,0.522,NOMINAL,NORMAL,0,,7,4.0,4505,3066
1781444923.6867085,7,10,2.6526,1.274,0.032,0.413,NOMINAL,NORMAL,0,,0,3.8,4505,3066
1781444924.1865008,7,10,2.5643,1.317,0.0364,0.387,NOMINAL,NORMAL,0,,0,3.8,4505,3066
1781444924.6863582,7,10,2.432,1.201,0.0368,0.376,NOMINAL,NORMAL,0,,0,4.0,4505,3066
1781444925.188062,7,10,4.0939,1.61,0.0489,0.514,NOMINAL,NORMAL,0,,0,4.0,4505,3066
1781444925.6862636,7,10,2.4822,1.437,0.0326,0.376,NOMINAL,NORMAL,0,,0,3.8,4505,3066
1781444926.1886446,7,10,4.3173,1.947,0.0489,0.518,NOMINAL,NORMAL,0,,0,3.8,4505,3066
1781444926.685794,7,10,2.5831,0.996,0.025,0.268,NOMINAL,NORMAL,0,,0,4.5,4505,3066
1781444927.186709,7,10,2.5718,1.3,0.0356,0.481,NOMINAL,NORMAL,0,,0,4.5,4505,3066
1781444927.6861691,7,10,2.403,1.238,0.0367,0.4,NOMINAL,NORMAL,0,,0,4.0,4505,3066
1781444928.1886148,7,10,4.3809,1.441,0.0376,0.452,NOMINAL,NORMAL,0,,0,4.0,4505,3066
1781444928.6868103,7,10,3.2996,1.064,0.0844,0.446,NOMINAL,NORMAL,0,,0,4.3,4465,3066
1781444929.1879504,7,10,4.0105,1.198,0.0384,0.381,NOMINAL,NORMAL,0,,0,4.3,4465,3066
1781444929.6871743,7,10,4.0596,1.146,0.0366,0.389,NOMINAL,NORMAL,0,,0,4.5,4505,3066
1781444930.1867304,7,10,2.744,1.205,0.0348,0.411,NOMINAL,NORMAL,0,,0,4.5,4505,3066
1781444930.6876543,7,10,4.0709,1.266,0.0458,0.491,NOMINAL,NORMAL,0,,0,4.2,4505,3066
1781444931.1866965,7,10,2.7398,1.221,0.0349,0.424,NOMINAL,NORMAL,0,,0,4.2,4505,3066
1781444931.6880891,7,10,4.0172,1.493,0.0461,0.487,NOMINAL,NORMAL,0,,0,4.2,4505,3066
1781444932.1861737,7,10,2.5233,1.121,0.036,0.379,NOMINAL,NORMAL,0,,0,4.2,4505,3066
1781444932.688228,7,10,4.0454,1.547,0.0454,0.506,NOMINAL,NORMAL,0,,0,4.7,4465,3066
1781444933.1871417,7,10,3.222,1.256,0.0359,0.381,NOMINAL,NORMAL,0,,0,4.7,4465,3066
1781444933.688329,7,10,4.2172,1.504,0.048,0.501,NOMINAL,NORMAL,0,,0,4.0,4465,3066
1781444934.1857686,7,10,2.4741,1.124,0.0236,0.27,NOMINAL,NORMAL,0,,0,4.0,4465,3066
1781444934.6891804,7,10,4.3482,1.843,0.0472,0.491,NOMINAL,NORMAL,0,,0,4.2,4465,3066
1781444935.1857781,7,10,2.5414,0.872,0.0365,0.393,NOMINAL,NORMAL,0,,0,4.2,4465,3066
1781444935.6891196,7,10,4.3676,1.758,0.0355,0.417,NOMINAL,NORMAL,0,,0,4.5,4505,3066
1781444936.1865702,7,10,3.1883,1.071,0.036,0.438,NOMINAL,NORMAL,0,,0,4.5,4505,3066
1781444936.6883612,7,10,3.9597,1.472,0.0324,0.376,NOMINAL,NORMAL,0,,0,3.8,4465,3066
1781444937.1871777,7,10,3.871,1.364,0.0356,0.404,NOMINAL,NORMAL,0,,0,3.8,4465,3066
1781444937.687368,7,10,3.445,1.209,0.0363,0.385,NOMINAL,NORMAL,0,,0,4.7,4465,3066
1781444938.187787,7,10,4.1107,1.382,0.0511,0.498,NOMINAL,NORMAL,0,,0,4.7,4465,3066
1781444938.6869185,7,10,2.767,1.297,0.0329,0.391,NOMINAL,NORMAL,0,,0,4.0,4465,3066
1781444939.1881323,7,10,4.0306,1.82,0.0483,0.508,NOMINAL,NORMAL,0,,0,4.0,4465,3066
1781444939.6864612,7,10,2.5148,1.288,0.0369,0.386,NOMINAL,NORMAL,0,,0,4.2,4465,3066
1781444940.1885195,7,10,4.0813,2.058,0.0481,0.529,NOMINAL,NORMAL,0,,0,4.2,4465,3066
1781444940.6862054,7,10,2.4853,1.21,0.0363,0.39,NOMINAL,NORMAL,0,,2,5.3,4465,3066
1781444941.1879427,7,10,4.1077,1.484,0.0463,0.516,NOMINAL,NORMAL,0,,2,5.3,4465,3066
1781444941.686315,7,10,2.5119,1.395,0.0256,0.285,NOMINAL,NORMAL,0,,0,3.8,4465,3066
1781444942.18874,7,10,4.2669,1.859,0.05,0.516,NOMINAL,NORMAL,0,,0,3.8,4465,3066
1781444942.6866863,7,10,2.4696,1.545,0.0356,0.446,NOMINAL,NORMAL,0,,0,4.2,4425,3066
1781444943.1888137,7,10,4.3788,1.75,0.0378,0.42,NOMINAL,NORMAL,0,,0,4.2,4425,3066
1781444943.6862147,7,10,2.3868,1.4,0.036,0.405,NOMINAL,NORMAL,0,,26,3.7,4425,3066
1781444944.1885488,7,10,4.2517,1.535,0.0351,0.401,NOMINAL,NORMAL,0,,26,3.7,4425,3066
1781444944.6873052,7,10,3.8022,1.19,0.0366,0.406,NOMINAL,NORMAL,0,,0,4.0,4425,3066
1781444945.1877189,7,10,3.6127,1.334,0.0321,0.406,NOMINAL,NORMAL,0,,0,4.0,4425,3066
1781444945.6874983,7,10,4.0509,1.155,0.0446,0.476,NOMINAL,NORMAL,0,,0,6.0,4505,3066
1781444946.186827,7,10,2.9357,1.23,0.0341,0.436,NOMINAL,NORMAL,0,,0,6.0,4505,3066
1781444946.6881142,7,10,4.053,1.665,0.0457,0.516,NOMINAL,NORMAL,0,,0,4.0,4425,3066
1781444947.1864617,7,10,2.5735,1.225,0.033,0.39,NOMINAL,NORMAL,0,,0,4.0,4425,3066
1781444947.6882079,7,10,4.1699,1.581,0.0495,0.526,NOMINAL,NORMAL,0,,0,4.3,4425,3066
1781444948.1859822,7,10,2.4456,1.274,0.035,0.383,NOMINAL,NORMAL,0,,0,4.3,4425,3066
1781444948.6882298,7,10,4.1522,1.693,0.0498,0.534,NOMINAL,NORMAL,0,,0,4.0,4425,3066
1781444949.1859288,7,10,2.4513,1.21,0.0333,0.395,NOMINAL,NORMAL,0,,0,4.0,4425,3066
1781444949.688436,7,10,4.2965,1.541,0.0456,0.523,NOMINAL,NORMAL,0,,0,4.2,4425,3066
1781444950.1860137,7,10,2.5802,0.879,0.0366,0.397,NOMINAL,NORMAL,0,,0,4.2,4425,3066
1781444950.6889298,7,10,4.3914,1.576,0.0349,0.398,NOMINAL,NORMAL,0,,0,5.0,4425,3066
1781444951.1863928,7,10,2.8775,1.072,0.0357,0.404,NOMINAL,NORMAL,0,,0,5.0,4425,3066
1781444951.6884649,7,10,4.1624,1.245,0.0368,0.383,NOMINAL,NORMAL,0,,0,4.7,4425,3066
1781444952.1871054,7,10,3.6764,1.119,0.0363,0.406,NOMINAL,NORMAL,0,,0,4.7,4425,3066
1781444952.6876767,7,10,3.6442,1.231,0.035,0.394,NOMINAL,NORMAL,0,,0,3.8,4425,3066
1781444953.187249,7,10,4.1084,1.152,0.0359,0.399,NOMINAL,NORMAL,0,,0,3.8,4425,3066
1781444953.6871324,7,10,2.9648,1.261,0.0338,0.406,NOMINAL,NORMAL,0,,0,4.3,4385,3066
1781444954.187697,7,10,4.0515,1.281,0.0466,0.516,NOMINAL,NORMAL,0,,0,4.3,4385,3066
1781444954.6865041,7,10,2.5332,1.235,0.0344,0.411,NOMINAL,NORMAL,0,,0,4.5,4425,3066
1781444955.1879823,7,10,4.0715,1.548,0.0469,0.528,NOMINAL,NORMAL,0,,0,4.5,4425,3066
1781444955.686199,7,10,2.4785,1.26,0.0332,0.391,NOMINAL,NORMAL,0,,0,4.7,4465,3066
1781444956.1879835,7,10,4.0579,1.506,0.0484,0.513,NOMINAL,NORMAL,0,,0,4.7,4465,3066
1781444956.686249,7,10,2.4976,1.24,0.0365,0.364,NOMINAL,NORMAL,0,,0,3.5,4425,3066
1781444957.1880987,7,10,4.0141,1.489,0.0481,0.516,NOMINAL,NORMAL,0,,0,3.5,4425,3066
1781444957.6854892,7,10,2.45,0.87,0.0246,0.276,NOMINAL,NORMAL,0,,0,4.7,4385,3066
1781444958.1888835,7,10,4.3573,1.672,0.0373,0.438,NOMINAL,NORMAL,0,,0,4.7,4385,3066
1781444958.6859984,7,10,2.5054,1.114,0.0354,0.401,NOMINAL,NORMAL,0,,0,4.3,4385,3066
1781444959.1888268,7,10,4.1967,1.239,0.0354,0.403,NOMINAL,NORMAL,0,,0,4.3,4385,3066
1781444959.6892006,7,10,4.3951,1.517,0.0468,0.516,NOMINAL,NORMAL,0,,0,3.7,4385,3066
1781444960.1878161,7,10,3.8429,1.212,0.0363,0.404,NOMINAL,NORMAL,0,,0,3.7,4385,3066
1781444960.6871488,7,10,4.0618,1.1,0.0364,0.391,NOMINAL,NORMAL,0,,0,3.5,4385,3066
1781444961.1870666,7,10,3.0675,1.226,0.0339,0.396,NOMINAL,NORMAL,0,,0,3.5,4385,3066
1781444961.686166,7,10,2.495,0.993,0.0259,0.278,NOMINAL,NORMAL,0,,0,4.3,4425,3066
1781444962.18668,7,10,2.586,1.197,0.0362,0.428,NOMINAL,NORMAL,0,,0,4.3,4425,3066
1781444962.6887362,7,10,4.4198,1.553,0.0484,0.529,NOMINAL,NORMAL,0,,0,4.8,4385,3066
1781444963.1865504,7,10,2.4642,1.296,0.0337,0.428,NOMINAL,NORMAL,0,,0,4.8,4385,3066
1781444963.6881278,7,10,4.0224,1.541,0.0464,0.5,NOMINAL,NORMAL,0,,0,4.0,4385,3066
1781444964.1860726,7,10,2.4851,1.219,0.0342,0.399,NOMINAL,NORMAL,0,,0,4.0,4385,3066
1781444964.6882567,7,10,4.3422,1.479,0.0481,0.511,NOMINAL,NORMAL,0,,0,4.8,4425,3066
1781444965.1857529,7,10,2.4937,0.927,0.0241,0.279,NOMINAL,NORMAL,0,,0,4.8,4425,3066
1781444965.6889896,7,10,4.3592,1.503,0.0473,0.626,NOMINAL,NORMAL,0,,0,3.7,4385,3066
1781444966.1863968,7,10,2.6695,1.064,0.036,0.396,NOMINAL,NORMAL,0,,0,3.7,4385,3066
1781444966.6887045,7,10,4.2772,1.287,0.0364,0.395,NOMINAL,NORMAL,0,,0,4.7,4425,3066
1781444967.1869054,7,10,3.3336,1.099,0.0372,0.469,NOMINAL,NORMAL,0,,0,4.7,4425,3066
1781444967.6879308,7,10,3.9345,1.214,0.0357,0.394,NOMINAL,NORMAL,0,,0,3.8,4425,3067
1781444968.1873233,7,10,4.0578,1.184,0.0352,0.405,NOMINAL,NORMAL,0,,0,3.8,4425,3067
1781444968.6860073,7,10,2.5048,1.128,0.0242,0.286,NOMINAL,NORMAL,0,,0,4.2,4385,3067
1781444969.1877544,7,10,4.014,1.362,0.0507,0.527,NOMINAL,NORMAL,0,,0,4.2,4385,3067
1781444969.686968,7,10,2.5254,1.299,0.0362,0.403,NOMINAL,NORMAL,0,,0,4.5,4385,3067
1781444970.188182,7,10,4.1542,1.578,0.0484,0.532,NOMINAL,NORMAL,0,,0,4.5,4385,3067
1781444970.6863065,7,10,2.531,1.149,0.0318,0.48,NOMINAL,NORMAL,0,,0,4.0,4385,3067
1781444971.1882224,7,10,4.0584,1.556,0.0464,0.521,NOMINAL,NORMAL,0,,0,4.0,4385,3067
1781444971.686285,7,10,2.5363,1.241,0.0337,0.393,NOMINAL,NORMAL,0,,0,4.0,4346,3066
1781444972.1882193,7,10,4.1657,1.471,0.0521,0.546,NOMINAL,NORMAL,0,,0,4.0,4346,3066
1781444972.6858728,7,10,2.5054,1.049,0.025,0.28,NOMINAL,NORMAL,0,,0,4.3,4385,3066
1781444973.188674,7,10,4.2613,1.533,0.0492,0.521,NOMINAL,NORMAL,0,,0,4.3,4385,3066
1781444973.686173,7,10,2.4996,1.318,0.036,0.43,NOMINAL,NORMAL,0,,0,4.7,4385,3066
1781444974.1876173,7,10,4.0339,1.095,0.0466,0.66,NOMINAL,NORMAL,0,,0,4.7,4385,3066
1781444974.6878498,7,10,4.1073,1.434,0.037,0.408,NOMINAL,NORMAL,0,,0,4.2,4385,3067
1781444975.1878784,7,10,4.0177,1.132,0.0351,0.384,NOMINAL,NORMAL,0,,0,4.2,4385,3067
1781444975.6872952,7,10,4.1261,1.169,0.0357,0.403,NOMINAL,NORMAL,0,,0,4.5,4385,3067
1781444976.1873755,7,10,3.2036,1.267,0.0374,0.403,NOMINAL,NORMAL,0,,0,4.5,4385,3067
1781444976.687735,7,10,4.1063,1.228,0.0463,0.516,NOMINAL,NORMAL,0,,0,4.2,4385,3067
1781444977.187015,7,10,2.5342,1.273,0.0343,0.393,NOMINAL,NORMAL,0,,0,4.2,4385,3067
1781444977.6867383,7,10,3.0524,1.278,0.0324,0.54,NOMINAL,NORMAL,0,,0,3.8,4385,3067
1781444978.1864305,7,10,2.467,1.191,0.0336,0.383,NOMINAL,NORMAL,0,,0,3.8,4385,3067
1781444978.688067,7,10,4.0642,1.604,0.0485,0.517,NOMINAL,NORMAL,0,,0,4.3,4346,3067
1781444979.186205,7,10,2.4662,1.169,0.0387,0.389,NOMINAL,NORMAL,0,,0,4.3,4346,3067
1781444979.688389,7,10,4.2648,1.555,0.0465,0.507,NOMINAL,NORMAL,0,,0,4.0,4346,3067
1781444980.186011,7,10,2.6644,1.076,0.0252,0.267,NOMINAL,NORMAL,0,,0,4.0,4346,3067
1781444980.6877053,7,10,3.266,1.332,0.0361,0.407,NOMINAL,NORMAL,0,,0,4.0,4346,3067
1781444981.1855414,7,10,2.4174,0.997,0.0351,0.391,NOMINAL,NORMAL,0,,1,4.5,4346,3067
1781444981.6883788,7,10,4.4288,1.69,0.0355,0.412,NOMINAL,NORMAL,0,,1,4.5,4346,3067
1781444982.186972,7,10,3.498,1.133,0.0365,0.404,NOMINAL,NORMAL,0,,0,4.5,4385,3067
1781444982.6886835,7,10,4.5624,1.275,0.0347,0.403,NOMINAL,NORMAL,0,,0,4.5,4385,3067
1781444983.1874592,7,10,4.1987,1.116,0.036,0.393,NOMINAL,NORMAL,0,,0,4.0,4425,3067
1781444983.6878984,7,10,3.2773,1.33,0.0369,0.403,NOMINAL,NORMAL,0,,0,4.0,4425,3067
1781444984.187688,7,10,4.1606,1.151,0.044,0.498,NOMINAL,NORMAL,0,,26,4.8,4425,3067
1781444984.6867156,7,10,2.8851,1.287,0.036,0.432,NOMINAL,NORMAL,0,,26,4.8,4425,3067
1781444985.1879747,7,10,4.0319,1.53,0.0452,0.504,NOMINAL,NORMAL,0,,0,4.7,4385,3067
1781444985.6868393,7,10,2.4609,1.239,0.0376,0.524,NOMINAL,NORMAL,0,,0,4.7,4385,3067
1781444986.187969,7,10,4.0482,1.503,0.0487,0.495,NOMINAL,NORMAL,0,,0,4.5,4385,3067
1781444986.6864314,7,10,2.4933,1.265,0.0356,0.396,NOMINAL,NORMAL,0,,0,4.5,4385,3067
1781444987.1880572,7,10,4.0821,1.435,0.0476,0.494,NOMINAL,NORMAL,0,,7,4.3,4385,3067
1781444987.6861098,7,10,2.5394,1.242,0.0249,0.309,NOMINAL,NORMAL,0,,7,4.3,4385,3067
1781444988.1889544,7,10,4.4423,1.577,0.0469,0.547,NOMINAL,NORMAL,0,,3,4.0,4385,3067
1781444988.685937,7,10,2.5038,0.901,0.0346,0.402,NOMINAL,NORMAL,0,,3,4.0,4385,3067
1781444989.1888456,7,10,4.3729,1.514,0.0369,0.372,NOMINAL,NORMAL,0,,1,4.3,4425,3067
1781444989.6867416,7,10,3.1068,1.1,0.0381,0.446,NOMINAL,NORMAL,0,,1,4.3,4425,3067
1781444990.1880445,7,10,4.2423,1.103,0.0327,0.358,NOMINAL,NORMAL,0,,85,4.7,4425,3067
1781444990.6871598,7,10,3.857,1.123,0.0359,0.392,NOMINAL,NORMAL,0,,85,4.7,4425,3067
1781444991.1877122,7,10,3.4231,1.175,0.0363,0.381,NOMINAL,NORMAL,0,,63,3.8,4385,3067
1781444991.6873834,7,10,4.13,1.102,0.0366,0.405,NOMINAL,NORMAL,0,,63,3.8,4385,3067
1781444992.187118,7,10,2.7252,1.191,0.0353,0.372,NOMINAL,NORMAL,0,,99,4.2,4425,3067
1781444992.688038,7,10,4.0318,1.424,0.0461,0.503,NOMINAL,NORMAL,0,,99,4.2,4425,3067
1781444993.186433,7,10,2.5052,1.211,0.0337,0.387,NOMINAL,NORMAL,0,,99,3.8,4465,3067
1781444993.6880696,7,10,4.0418,1.463,0.0471,0.505,NOMINAL,NORMAL,0,,99,3.8,4465,3067
1781444994.1863027,7,10,2.4918,1.325,0.0359,0.391,NOMINAL,NORMAL,0,,99,4.3,4425,3067
1781444994.6880584,7,10,4.1039,1.529,0.0486,0.517,NOMINAL,NORMAL,0,,99,4.3,4425,3067
1781444995.1861756,7,10,2.523,1.214,0.0247,0.312,NOMINAL,NORMAL,0,,99,4.8,4465,3067
1781444995.6878347,7,10,4.053,1.452,0.0443,0.497,NOMINAL,NORMAL,0,,99,4.8,4465,3067
1781444996.185565,7,10,2.5026,0.784,0.0236,0.285,NOMINAL,NORMAL,0,,99,4.2,4465,3067
1781444996.6887531,7,10,4.3559,1.582,0.0354,0.403,NOMINAL,NORMAL,0,,99,4.2,4465,3067
1781444997.1863673,7,10,2.7949,1.077,0.0366,0.397,NOMINAL,NORMAL,0,,99,4.7,4465,3067
1781444997.688342,7,10,4.3609,1.201,0.0374,0.391,NOMINAL,NORMAL,0,,99,4.7,4465,3067
1781444998.1871393,7,10,3.7104,1.098,0.0368,0.393,NOMINAL,NORMAL,0,,99,4.3,4465,3067
1781444998.6874754,7,10,4.0135,1.254,0.0348,0.389,NOMINAL,NORMAL,0,,99,4.3,4465,3067
1781444999.1873574,7,10,4.096,1.113,0.0364,0.383,NOMINAL,NORMAL,0,,99,4.2,4505,3067
1781444999.6868923,7,10,3.3532,1.23,0.0369,0.387,NOMINAL,NORMAL,0,,99,4.2,4505,3067
1781445000.1873255,7,10,4.0556,1.133,0.0375,0.404,NOMINAL,NORMAL,0,,99,4.3,4505,3067
1781445000.68662,7,10,2.5735,1.104,0.0373,0.417,NOMINAL,NORMAL,0,,99,4.3,4505,3067
1781445001.188122,7,10,4.1325,1.474,0.0496,0.505,NOMINAL,NORMAL,0,,7,4.5,4505,3067
1781445001.686193,7,10,2.5407,1.014,0.0358,0.47,NOMINAL,NORMAL,0,,7,4.5,4505,3067
1781445002.1882074,7,10,4.0989,1.467,0.0486,0.492,NOMINAL,NORMAL,0,,27,4.0,4505,3067
1781445002.6860178,7,10,2.5049,1.077,0.0316,0.363,NOMINAL,NORMAL,0,,27,4.0,4505,3067
1781445003.188485,7,10,4.3208,1.514,0.0481,0.506,NOMINAL,NORMAL,0,,0,3.8,4505,3067
1781445003.6856546,7,10,2.4903,0.83,0.0237,0.272,NOMINAL,NORMAL,0,,0,3.8,4505,3067
1781445004.1890953,7,10,4.5215,1.553,0.0383,0.43,NOMINAL,NORMAL,0,,0,4.2,4505,3067
1781445004.6863496,7,10,2.7583,1.016,0.0346,0.386,NOMINAL,NORMAL,0,,0,4.2,4505,3067
1781445005.1887772,7,10,4.3266,1.286,0.035,0.394,NOMINAL,NORMAL,0,,0,4.3,4505,3067
1781445005.6869195,7,10,3.4805,1.065,0.037,0.443,NOMINAL,NORMAL,0,,0,4.3,4505,3067
1781445006.1874974,7,10,3.949,1.294,0.0367,0.39,NOMINAL,NORMAL,0,,0,6.2,4545,3067
1781445006.6875079,7,10,4.0894,1.324,0.0361,0.389,NOMINAL,NORMAL,0,,0,6.2,4545,3067
1781445007.18752,7,10,3.0658,1.361,0.0337,0.401,NOMINAL,NORMAL,0,,0,4.0,4505,3067
1781445007.688389,7,10,4.0213,1.766,0.0458,0.504,NOMINAL,NORMAL,0,,0,4.0,4505,3067
1781445008.1868942,7,10,2.5391,1.306,0.0321,0.419,NOMINAL,NORMAL,0,,0,5.0,4465,3067
1781445008.6881518,7,10,4.0283,1.582,0.0455,0.525,NOMINAL,NORMAL,0,,0,5.0,4465,3067
1781445009.1866946,7,10,2.4628,1.549,0.0348,0.449,NOMINAL,NORMAL,0,,0,3.7,4465,3067
1781445009.6880481,7,10,4.0585,1.54,0.0495,0.529,NOMINAL,NORMAL,0,,0,3.7,4465,3067
1781445010.1865983,7,10,2.5358,1.313,0.0357,0.423,NOMINAL,NORMAL,0,,0,4.0,4505,3068
1781445010.6884959,7,10,4.3643,1.472,0.0454,0.514,NOMINAL,NORMAL,0,,0,4.0,4505,3068
1781445011.185922,7,10,2.4907,1.066,0.0234,0.282,NOMINAL,NORMAL,0,,0,5.0,4465,3068
1781445011.688893,7,10,4.358,1.498,0.0467,0.638,NOMINAL,NORMAL,0,,0,5.0,4465,3068
1781445012.1861103,7,10,2.5291,1.134,0.0358,0.399,NOMINAL,NORMAL,0,,0,4.2,4465,3068
1781445012.6888256,7,10,4.365,1.653,0.0349,0.418,NOMINAL,NORMAL,0,,0,4.2,4465,3068
1781445013.1875944,7,10,3.8905,1.15,0.0354,0.399,NOMINAL,NORMAL,0,,0,4.0,4465,3068
1781445013.6880744,7,10,4.4538,1.161,0.0306,0.392,NOMINAL,NORMAL,0,,0,4.0,4465,3068
1781445014.1874924,7,10,4.2598,1.325,0.0367,0.395,NOMINAL,NORMAL,0,,0,3.7,4465,3068
1781445014.6876736,7,10,3.6542,1.305,0.0359,0.406,NOMINAL,NORMAL,0,,0,3.7,4465,3068
1781445015.1877208,7,10,4.1107,1.274,0.048,0.516,NOMINAL,NORMAL,0,,0,4.5,4465,3068
1781445015.6869073,7,10,2.9449,1.251,0.0351,0.43,NOMINAL,NORMAL,0,,0,4.5,4465,3068
1781445016.188757,7,10,4.4003,1.516,0.045,0.5,NOMINAL,NORMAL,0,,0,4.5,4465,3068
1781445016.6866863,7,10,2.5836,1.206,0.1389,0.524,NOMINAL,NORMAL,0,,0,4.5,4465,3068
1781445017.1880825,7,10,4.1981,1.48,0.0437,0.492,NOMINAL,NORMAL,0,,0,4.2,4465,3068
1781445017.686103,7,10,2.5031,1.276,0.033,0.399,NOMINAL,NORMAL,0,,0,4.2,4465,3068
1781445018.188235,7,10,4.341,1.53,0.0445,0.504,NOMINAL,NORMAL,0,,0,4.7,4465,3068
1781445018.6858706,7,10,2.5711,1.044,0.0233,0.277,NOMINAL,NORMAL,0,,0,4.7,4465,3068
1781445019.1888776,7,10,4.5982,1.536,0.0463,0.514,NOMINAL,NORMAL,0,,0,3.8,4465,3068
1781445019.686787,7,10,2.9316,1.155,0.0375,0.468,NOMINAL,NORMAL,0,,0,3.8,4465,3068
1781445020.1885512,7,10,4.4278,1.354,0.0365,0.403,NOMINAL,NORMAL,0,,0,4.3,4465,3068
1781445020.6873627,7,10,3.6968,1.117,0.0355,0.392,NOMINAL,NORMAL,0,,0,4.3,4465,3068
1781445021.1883142,7,10,4.3115,1.182,0.0327,0.38,NOMINAL,NORMAL,0,,0,3.7,4425,3068
1781445021.6875074,7,10,4.2855,1.11,0.0376,0.395,NOMINAL,NORMAL,0,,0,3.7,4425,3068
1781445022.1877232,7,10,3.6654,1.167,0.0315,0.358,NOMINAL,NORMAL,0,,0,4.2,4465,3068
1781445022.6876419,7,10,4.0727,1.203,0.0446,0.501,NOMINAL,NORMAL,0,,0,4.2,4465,3068
1781445023.187094,7,10,3.0704,1.256,0.0353,0.369,NOMINAL,NORMAL,0,,0,4.3,4465,3068
1781445023.6881325,7,10,4.0833,1.6,0.0468,0.508,NOMINAL,NORMAL,0,,0,4.3,4465,3068
1781445024.1868398,7,10,2.5336,1.393,0.033,0.394,NOMINAL,NORMAL,0,,1,4.0,4465,3067
1781445024.6885967,7,10,4.2266,1.876,0.0473,0.524,NOMINAL,NORMAL,0,,1,4.0,4465,3067
1781445025.186762,7,10,2.5719,1.517,0.0658,0.413,NOMINAL,NORMAL,0,,0,3.8,4425,3068
1781445025.6880586,7,10,4.2958,1.506,0.0475,0.511,NOMINAL,NORMAL,0,,0,3.8,4425,3068
1781445026.185936,7,10,2.4914,1.206,0.0243,0.295,NOMINAL,NORMAL,0,,0,4.0,4425,3068
1781445026.6888285,7,10,4.5954,1.516,0.0494,0.541,NOMINAL,NORMAL,0,,0,4.0,4425,3068
1781445027.186089,7,10,2.5521,1.175,0.0361,0.402,NOMINAL,NORMAL,0,,29,4.2,4465,3068
1781445027.6901045,7,10,4.5384,1.416,0.0363,1.721,PRE_ALERT,TRIGGERED,1,PD3A-OUT,29,4.2,4465,3068
1781445028.1883237,7,10,4.213,1.673,0.0459,0.51,PRE_ALERT,TRIGGERED,2,PD3A-OU,0,5.0,4425,3068
1781445028.689613,7,10,4.6355,1.266,0.0331,1.671,ALERT,TRIGGERED,3,PD3A-OU|PD3A-OUT,0,5.0,4425,3068
1781445029.1876173,7,10,4.1913,1.323,0.0345,0.399,ALERT,TRIGGERED,3,PD3A-OU,0,4.0,4425,3068
1781445029.6880372,7,10,3.9549,1.581,0.0345,0.405,ALERT,TRIGGERED,3,PD3A-OU|PD3A-OUT,0,4.0,4425,3068
1781445030.1881244,7,10,4.0665,1.519,0.046,0.522,ALERT,TRIGGERED,3,PD3A-OU|PD3A-OUT,37,4.2,4465,3068
1781445030.6872177,7,10,3.2307,1.487,0.0335,0.404,ALERT,TRIGGERED,3,PD3A-OU|PD3A-OUT|PD1A-OUT,37,4.2,4465,3068
1781445031.1892464,7,10,4.647,1.889,0.0449,0.524,ALERT,TRIGGERED,3,PD3A-OU|PD3A-OUT|PD1A-OUT,0,4.5,4425,3068
1781445031.686432,7,10,2.4537,1.265,0.034,0.404,ALERT,TRIGGERED,3,PD3A-OU|PD3A-OUT|PD1A-OUT,0,4.5,4425,3068
1781445032.1884685,7,10,4.2726,1.865,0.0473,0.519,ALERT,TRIGGERED,3,PD3A-OU|PD3A-OUT,0,4.3,4425,3068
1781445032.68601,7,10,2.4842,1.298,0.0362,0.423,ALERT,TRIGGERED,3,PD3A-OU|PD3A-OUT,0,4.3,4425,3068
1781445033.1881642,7,10,4.2791,1.549,0.0445,0.514,ALERT,TRIGGERED,3,PD3A-OU|PD3A-OUT|PD1A-OUT,0,4.2,4425,3068
1781445033.6861286,7,10,2.5299,1.261,0.0238,0.327,ALERT,TRIGGERED,3,PD3A-OU|PD3A-OUT,0,4.2,4425,3068
1781445034.1882672,7,10,4.1888,1.532,0.0316,0.389,ALERT,TRIGGERED,3,PD3A-OU|PD3A-OUT|PD1A-OUT,0,4.0,4425,3068
1781445034.6857486,7,10,2.5853,0.895,0.0228,0.278,ALERT,TRIGGERED,3,PD3A-OU|PD3A-OUT,0,4.0,4425,3068
1781445035.1890378,7,10,4.5359,1.721,0.0343,0.412,ALERT,TRIGGERED,3,PD3A-OU|PD3A-OUT|PD1A-OUT,0,4.3,4425,3068
1781445035.6854334,7,10,2.4884,0.87,0.0335,0.396,ALERT,TRIGGERED,3,PD3A-OU|PD3A-OUT|PD1A-OUT,0,4.3,4425,3068
1781445036.1888905,7,10,4.6663,1.523,0.0341,0.4,ALERT,TRIGGERED,3,PD3A-OU|PD3A-OUT|PD1A-OUT,27,4.3,4425,3068
1781445036.687168,7,10,3.954,1.122,0.0343,0.414,ALERT,TRIGGERED,3,PD3A-OU|PD3A-OUT,27,4.3,4425,3068
1781445037.1878119,7,10,3.971,1.196,0.0346,0.374,ALERT,TRIGGERED,3,PD3A-OU|PD3A-OUT,0,4.2,4425,3068
1781445037.687333,7,10,4.0952,1.115,0.0355,0.412,ALERT,TRIGGERED,3,PD3A-OU|PD3A-OUT|PD1A-OUT,0,4.2,4425,3068
1781445038.1879027,7,10,3.2694,1.905,0.0342,0.402,ALERT,TRIGGERED,3,PD3A-OU|PD3A-OUT|PD1A-OUT|PD2A-OU,0,4.2,4425,3068
1781445038.6888804,7,10,4.3429,1.89,0.0456,0.539,ALERT,TRIGGERED,3,PD3A-OU|PD3A-OUT|PD1A-OUT|PD2A-OU,0,4.2,4425,3068
1781445039.1867676,7,10,2.484,1.253,0.0674,0.423,ALERT,TRIGGERED,3,PD3A-OU|PD3A-OUT|PD1A-OUT|PD2A-OU,26,4.7,4425,3068
1781445039.6880848,7,10,4.2448,1.552,0.0463,0.539,ALERT,TRIGGERED,3,PD3A-OU|PD3A-OUT|PD1A-OUT|PD2A-OU,26,4.7,4425,3068
1781445040.1862555,7,10,2.4365,1.143,0.0319,0.384,ALERT,TRIGGERED,3,PD3A-OU|PD3A-OUT|PD1A-OUT|PD2A-OU,0,3.7,4385,3068
1781445040.6881113,7,10,4.0345,1.555,0.0473,0.53,ALERT,TRIGGERED,3,PD3A-OU|PD3A-OUT|PD1A-OUT|PD2A-OU,0,3.7,4385,3068
1781445041.1860826,7,10,2.4976,1.213,0.0344,0.39,ALERT,TRIGGERED,3,PD3A-OU|PD3A-OUT|PD1A-OUT|PD2A-OU,0,4.5,4425,3068
1781445041.68841,7,10,4.3897,1.482,0.0498,0.527,ALERT,TRIGGERED,3,PD3A-OU|PD3A-OUT|PD1A-OUT|PD2A-OU,0,4.5,4425,3068
1781445042.1855679,7,10,2.4842,0.826,0.0225,0.268,ALERT,TRIGGERED,3,PD3A-OU|PD3A-OUT|PD1A-OUT|PD2A-OU,0,4.0,4385,3068
1781445042.6889126,7,10,4.2935,1.435,0.0376,0.443,ALERT,TRIGGERED,3,PD3A-OU|PD3A-OUT|PD1A-OUT|PD2A-OU,0,4.0,4385,3068
1781445043.1857996,7,10,2.475,0.924,0.034,0.398,ALERT,TRIGGERED,3,PD3A-OU|PD3A-OUT|PD1A-OUT|PD2A-OU,0,4.2,4385,3068
1781445043.688612,7,10,4.2575,1.283,0.0347,0.402,ALERT,TRIGGERED,3,PD3A-OU|PD3A-OUT|PD1A-OUT|PD2A-OU,0,4.2,4385,3068
1781445044.187261,7,10,3.5983,1.103,0.0339,0.398,ALERT,TRIGGERED,3,PD3A-OU|PD3A-OUT|PD1A-OUT|PD2A-OU,0,4.2,4425,3068
1781445044.688178,7,10,3.8329,1.554,0.0369,0.414,ALERT,TRIGGERED,3,PD3A-OU|PD3A-OUT|PD1A-OUT|PD2A-OU,0,4.2,4425,3068
1781445045.1874273,7,10,4.0717,1.343,0.035,0.403,ALERT,TRIGGERED,3,PD3A-OU|PD3A-OUT|PD1A-OUT|PD2A-OU,0,3.7,4425,3068
1781445045.6873899,7,10,3.0513,1.515,0.0333,0.4,ALERT,TRIGGERED,3,PD3A-OU|PD3A-OUT|PD1A-OUT|PD2A-OU,0,3.7,4425,3068
1781445046.1880581,7,10,4.029,1.429,0.0464,0.502,ALERT,TRIGGERED,3,PD3A-OU|PD3A-OUT|PD1A-OUT|PD2A-OU,0,4.0,4385,3068
1781445046.686653,7,10,2.5249,1.183,0.0365,0.422,ALERT,TRIGGERED,3,PD3A-OU|PD3A-OUT|PD1A-OUT|PD2A-OU,0,4.0,4385,3068
1781445047.1879797,7,10,4.1034,1.501,0.0444,0.506,ALERT,TRIGGERED,3,PD3A-OU|PD3A-OUT|PD1A-OUT|PD2A-OU,0,4.2,4385,3068
1781445047.6864092,7,10,2.4774,1.27,0.0318,0.388,ALERT,TRIGGERED,3,PD3A-OU|PD3A-OUT|PD1A-OUT|PD2A-OU,0,4.2,4385,3068
1781445048.1880136,7,10,4.1082,1.506,0.0485,0.517,ALERT,TRIGGERED,3,PD3A-OU|PD3A-OUT|PD1A-OUT|PD2A-OU,0,4.0,4385,3068
1781445048.6862779,7,10,2.4801,1.266,0.0349,0.401,ALERT,TRIGGERED,3,PD3A-OU|PD3A-OUT|PD1A-OUT|PD2A-OU,0,4.0,4385,3068
1781445049.1881673,7,10,4.3071,1.467,0.046,0.5,ALERT,TRIGGERED,3,PD3A-OU|PD3A-OUT|PD1A-OUT|PD2A-OU,0,4.3,4385,3068
1781445049.6860476,7,10,2.4561,1.112,0.0247,0.307,ALERT,TRIGGERED,3,PD3A-OU|PD3A-OUT|PD1A-OUT|PD2A-OU,0,4.3,4385,3068
1781445050.1891613,7,10,4.3181,1.985,0.0365,0.456,ALERT,TRIGGERED,3,PD3A-OU|PD3A-OUT|PD1A-OUT|PD2A-OU,0,4.5,4385,3068
1781445050.6861396,7,10,2.4683,1.296,0.0347,0.399,ALERT,TRIGGERED,3,PD3A-OU|PD3A-OUT|PD1A-OUT|PD2A-OU,0,4.5,4385,3068
1781445051.1889355,7,10,4.3566,1.737,0.0314,0.398,ALERT,TRIGGERED,3,PD3A-OU|PD3A-OUT|PD1A-OUT|PD2A-OU,0,4.3,4385,3068
1781445051.6856256,7,10,2.5207,0.793,0.0234,0.316,ALERT,TRIGGERED,3,PD3A-OU|PD3A-OUT|PD1A-OUT|PD2A-OU,0,4.3,4385,3068
1781445052.1877482,7,10,3.85,1.167,0.0325,0.379,ALERT,TRIGGERED,3,PD3A-OU|PD3A-OUT|PD1A-OUT|PD2A-OU,0,3.8,4385,3068
1781445052.6872869,7,10,4.0201,1.086,0.0327,0.398,ALERT,TRIGGERED,3,PD3A-OU|PD3A-OUT|PD1A-OUT|PD2A-OU,0,3.8,4385,3068
1781445053.1872218,7,10,3.2158,1.239,0.0337,0.405,ALERT,TRIGGERED,3,PD3A-OU|PD3A-OUT|PD1A-OUT|PD2A-OU,0,4.2,4385,3068
1781445053.687736,7,10,4.0642,1.32,0.045,0.513,ALERT,TRIGGERED,3,PD3A-OU|PD3A-OUT|PD1A-OUT|PD2A-OU,0,4.2,4385,3068
1781445054.186847,7,10,2.5673,1.507,0.0335,0.418,ALERT,TRIGGERED,3,PD3A-OU|PD3A-OUT|PD1A-OUT|PD2A-OU,0,4.0,4385,3068
1781445054.6883752,7,10,4.0913,1.585,0.0448,0.533,ALERT,TRIGGERED,3,PD3A-OU|PD3A-OUT|PD1A-OUT|PD2A-OU,0,4.0,4385,3068
1781445055.186407,7,10,2.5045,1.163,0.0332,0.492,ALERT,TRIGGERED,3,PD3A-OU|PD3A-OUT|PD1A-OUT|PD2A-OU,0,4.5,4385,3068
1781445055.6881444,7,10,4.0357,1.523,0.047,0.519,ALERT,TRIGGERED,3,PD3A-OU|PD3A-OUT|PD1A-OUT|PD2A-OU,0,4.5,4385,3068
1781445056.1861286,7,10,2.5155,1.258,0.0343,0.413,ALERT,TRIGGERED,3,PD3A-OU|PD3A-OUT|PD1A-OUT|PD2A-OU,0,4.0,4346,3068
1781445056.688181,7,10,4.2396,1.559,0.0444,0.524,ALERT,TRIGGERED,3,PD3A-OU|PD3A-OUT|PD1A-OUT|PD2A-OU,0,4.0,4346,3068
1781445057.1858451,7,10,2.5096,1.119,0.0215,0.275,ALERT,TRIGGERED,3,PD3A-OU|PD3A-OUT|PD1A-OUT|PD2A-OU,0,4.3,4385,3068
1781445057.6891613,7,10,4.3882,1.54,0.044,0.639,ALERT,TRIGGERED,3,PD3A-OU|PD3A-OUT|PD1A-OUT|PD2A-OU,0,4.3,4385,3068
1781445058.187729,7,10,4.064,1.339,0.0447,0.5,ALERT,TRIGGERED,3,PD3A-OU|PD3A-OUT|PD1A-OUT|PD2A-OU,0,4.2,4346,3068
1781445058.688852,7,10,4.273,1.372,0.0336,0.404,ALERT,TRIGGERED,3,PD3A-OU|PD3A-OUT|PD1A-OUT|PD2A-OU,0,4.2,4346,3068
1781445059.1864443,7,10,2.9801,1.061,0.033,0.393,ALERT,TRIGGERED,3,PD3A-OU|PD3A-OUT|PD1A-OUT|PD2A-OU,0,3.8,4385,3069
1781445059.6882803,7,10,3.8962,1.325,0.033,0.4,ALERT,TRIGGERED,3,PD3A-OU|PD3A-OUT|PD1A-OUT|PD2A-OU,0,3.8,4385,3069
1781445060.186152,7,10,2.9574,1.12,0.0334,0.405,ALERT,TRIGGERED,3,PD3A-OU|PD3A-OUT|PD1A-OUT|PD2A-OU,0,3.8,4385,3069
1781445060.6875103,7,10,3.2581,1.302,0.0343,0.408,ALERT,TRIGGERED,3,PD3A-OU|PD3A-OUT|PD1A-OUT|PD2A-OU,0,4.2,4425,3069
1781445061.187657,7,10,4.0586,1.262,0.0476,0.514,ALERT,TRIGGERED,3,PD3A-OU|PD3A-OUT|PD1A-OUT|PD2A-OU,0,4.2,4425,3069
1781445061.6869664,7,10,2.5967,1.301,0.0335,0.406,ALERT,TRIGGERED,3,PD3A-OU|PD3A-OUT|PD1A-OUT|PD2A-OU,0,3.5,4346,3069
1781445062.1879125,7,10,4.0066,1.564,0.0444,0.523,ALERT,TRIGGERED,3,PD3A-OU|PD3A-OUT|PD1A-OUT|PD2A-OU,0,3.5,4346,3069
1781445062.686629,7,10,2.4868,1.286,0.0337,0.525,ALERT,TRIGGERED,3,PD3A-OU|PD3A-OUT|PD1A-OUT|PD2A-OU,0,5.0,4346,3069
1781445063.1880002,7,10,4.0653,1.564,0.0436,0.516,ALERT,TRIGGERED,3,PD3A-OU|PD3A-OUT|PD1A-OUT|PD2A-OU,0,5.0,4346,3069
1781445063.6863139,7,10,2.4881,1.272,0.0351,0.402,ALERT,TRIGGERED,3,PD3A-OU|PD3A-OUT|PD1A-OUT|PD2A-OU,0,4.3,4385,3069
1781445064.1880965,7,10,4.0084,1.513,0.0451,0.521,ALERT,TRIGGERED,3,PD3A-OU|PD3A-OUT|PD1A-OUT|PD2A-OU,0,4.3,4385,3069
1781445064.6860244,7,10,2.5459,1.107,0.0236,0.278,ALERT,TRIGGERED,3,PD3A-OU|PD3A-OUT|PD1A-OUT|PD2A-OU,0,4.0,4346,3069
1781445065.1890054,7,10,4.4483,1.579,0.0458,0.519,ALERT,TRIGGERED,3,PD3A-OU|PD3A-OUT|PD1A-OUT|PD2A-OU,0,4.0,4346,3069
1781445065.6859548,7,10,2.4934,0.972,0.0344,0.41,ALERT,TRIGGERED,3,PD3A-OU|PD3A-OUT|PD1A-OUT|PD2A-OU,0,6.5,4505,3069
1781445066.1883905,7,10,4.3536,1.523,0.0357,0.41,ALERT,TRIGGERED,3,PD3A-OU|PD3A-OUT|PD1A-OUT|PD2A-OU,0,6.5,4505,3069
1781445066.686921,7,10,3.1932,1.126,0.0339,0.459,ALERT,TRIGGERED,3,PD3A-OU|PD3A-OUT|PD1A-OUT|PD2A-OU,0,4.0,4425,3069
1781445067.1881244,7,10,4.1255,1.22,0.0326,0.392,ALERT,TRIGGERED,3,PD3A-OU|PD3A-OUT|PD1A-OUT|PD2A-OU,0,4.0,4425,3069
1781445067.6871607,7,10,3.8241,1.161,0.0357,0.411,ALERT,TRIGGERED,3,PD3A-OU|PD3A-OUT|PD1A-OUT|PD2A-OU,39,4.5,4425,3069
1781445068.1873536,7,10,3.4141,1.27,0.0339,0.416,ALERT,TRIGGERED,3,PD3A-OU|PD3A-OUT|PD1A-OUT|PD2A-OU,39,4.5,4425,3069
1781445068.686036,7,10,2.4879,1.122,0.0235,0.281,ALERT,TRIGGERED,3,PD3A-OU|PD3A-OUT|PD1A-OUT|PD2A-OU,32,4.5,4385,3069
1781445069.1867247,7,10,2.7591,1.255,0.0339,0.437,ALERT,TRIGGERED,3,PD3A-OU|PD3A-OUT|PD1A-OUT|PD2A-OU,32,4.5,4385,3069
1781445069.6890001,7,10,4.4144,1.573,0.0484,0.533,ALERT,TRIGGERED,3,PD3A-OU|PD3A-OUT|PD1A-OUT|PD2A-OU,99,4.0,4425,3069
1781445070.1865692,7,10,2.538,1.232,0.0352,0.435,ALERT,TRIGGERED,3,PD3A-OU|PD3A-OUT|PD1A-OUT|PD2A-OU,99,4.0,4425,3069
1781445070.688153,7,10,4.0998,1.607,0.047,0.524,ALERT,TRIGGERED,3,PD3A-OU|PD3A-OUT|PD1A-OUT|PD2A-OU,99,5.0,4425,3069
1781445071.1861503,7,10,2.5094,1.231,0.0326,0.397,ALERT,TRIGGERED,3,PD3A-OU|PD3A-OUT|PD1A-OUT|PD2A-OU,99,5.0,4425,3069
1781445071.6881442,7,10,4.0815,1.608,0.0458,0.525,ALERT,TRIGGERED,3,PD3A-OU|PD3A-OUT|PD1A-OUT|PD2A-OU,99,4.5,4385,3069
1781445072.185982,7,10,2.4816,1.223,0.0315,0.376,ALERT,TRIGGERED,3,PD3A-OU|PD3A-OUT|PD1A-OUT|PD2A-OU,99,4.5,4385,3069
1781445072.6866477,7,10,2.5613,1.309,0.0321,0.439,ALERT,TRIGGERED,3,PD3A-OU|PD3A-OUT|PD1A-OUT|PD2A-OU,99,4.5,4425,3069
1781445073.185416,7,10,2.4491,0.784,0.0224,0.27,ALERT,TRIGGERED,3,PD3A-OU|PD3A-OUT|PD1A-OUT|PD2A-OU,99,4.5,4425,3069
1781445073.6887553,7,10,4.402,1.49,0.0386,0.42,ALERT,TRIGGERED,3,PD3A-OU|PD3A-OUT|PD1A-OUT|PD2A-OU,99,4.7,4425,3069
1781445074.1864014,7,10,3.033,1.069,0.0338,0.394,ALERT,TRIGGERED,3,PD3A-OU|PD3A-OUT|PD1A-OUT|PD2A-OU,99,4.7,4425,3069
1781445074.688658,7,10,4.0011,1.315,0.0369,0.401,ALERT,TRIGGERED,3,PD3A-OU|PD3A-OUT|PD1A-OUT|PD2A-OU,99,3.8,4425,3069
1781445075.1870177,7,10,3.7792,1.131,0.0338,0.4,ALERT,TRIGGERED,3,PD3A-OU|PD3A-OUT|PD1A-OUT|PD2A-OU,99,3.8,4425,3069
1781445075.6864574,7,10,2.4918,1.29,0.0311,0.388,ALERT,TRIGGERED,3,PD3A-OU|PD3A-OUT|PD1A-OUT|PD2A-OU,99,3.7,4465,3069
1781445076.1862018,7,10,2.8535,1.037,0.0339,0.398,ALERT,TRIGGERED,3,PD3A-OU|PD3A-OUT|PD1A-OUT|PD2A-OU,99,3.7,4465,3069
1781445076.687049,7,10,2.8862,1.328,0.0305,0.394,ALERT,TRIGGERED,3,PD3A-OU|PD3A-OUT|PD1A-OUT|PD2A-OU,99,5.2,4425,3069
1781445077.1879976,7,10,4.1421,1.493,0.0439,0.508,ALERT,TRIGGERED,3,PD3A-OU|PD3A-OUT|PD1A-OUT|PD2A-OU,99,5.2,4425,3069
1781445077.6864004,7,10,2.5092,1.232,0.0349,0.388,ALERT,TRIGGERED,3,PD3A-OU|PD3A-OUT|PD1A-OUT|PD2A-OU,99,4.5,4465,3069
1781445078.1881294,7,10,4.0094,1.574,0.0473,0.533,ALERT,TRIGGERED,3,PD3A-OU|PD3A-OUT|PD1A-OUT|PD2A-OU,99,4.5,4465,3069
1781445078.68624,7,10,2.4531,1.242,0.0343,0.397,ALERT,TRIGGERED,3,PD3A-OU|PD3A-OUT|PD1A-OUT|PD2A-OU,99,4.2,4505,3069
1781445079.185587,7,10,2.4623,0.939,0.0224,0.269,ALERT,TRIGGERED,3,PD3A-OU|PD3A-OUT|PD1A-OUT|PD2A-OU,99,4.2,4505,3069
1781445079.6862402,7,10,2.4543,1.287,0.0232,0.27,ALERT,TRIGGERED,3,PD3A-OU|PD3A-OUT|PD1A-OUT|PD2A-OU,99,4.3,4505,3069
1781445080.1886637,7,10,4.3207,1.54,0.046,0.518,ALERT,TRIGGERED,3,PD3A-OU|PD3A-OUT|PD1A-OUT|PD2A-OU,99,4.3,4505,3069
1781445080.6862578,7,10,2.5654,1.221,0.0314,0.392,ALERT,TRIGGERED,3,PD3A-OU|PD3A-OUT|PD1A-OUT|PD2A-OU,99,5.2,4465,3069
1781445081.1886406,7,10,4.342,1.542,0.0392,0.418,ALERT,TRIGGERED,3,PD3A-OU|PD3A-OUT|PD1A-OUT|PD2A-OU,99,5.2,4465,3069
1781445081.686957,7,10,3.3154,1.142,0.0342,0.409,ALERT,TRIGGERED,3,PD3A-OU|PD3A-OUT|PD1A-OUT|PD2A-OU,13,4.0,4505,3069
1781445082.1884758,7,10,4.3105,1.307,0.0353,0.397,ALERT,TRIGGERED,3,PD3A-OU|PD3A-OUT|PD1A-OUT|PD2A-OU,13,4.0,4505,3069
1781445082.6870122,7,10,3.6507,1.092,0.0348,0.396,ALERT,TRIGGERED,3,PD3A-OU|PD3A-OUT|PD1A-OUT|PD2A-OU,49,4.5,4505,3069
1781445083.187807,7,10,3.7147,1.288,0.0344,0.403,ALERT,TRIGGERED,3,PD3A-OU|PD3A-OUT|PD1A-OUT|PD2A-OU,49,4.5,4505,3069
1781445083.6881394,7,10,4.2266,1.544,0.0442,0.507,ALERT,TRIGGERED,3,PD3A-OU|PD3A-OUT|PD1A-OUT|PD2A-OU,0,4.2,4505,3069
1781445084.1870444,7,10,3.0478,1.269,0.0333,0.402,ALERT,TRIGGERED,3,PD3A-OU|PD3A-OUT|PD1A-OUT|PD2A-OU,0,4.2,4505,3069
1781445084.6865087,7,10,2.5873,1.272,0.034,0.422,ALERT,TRIGGERED,3,PD3A-OU|PD3A-OUT|PD1A-OUT|PD2A-OU,0,4.0,4505,3069
1781445085.1886878,7,10,4.2886,1.305,0.0356,0.379,ALERT,TRIGGERED,3,PD3A-OU|PD3A-OUT|PD1A-OUT|PD2A-OU,0,4.0,4505,3069
1781445085.6879044,7,10,4.0084,1.53,0.0443,0.504,ALERT,TRIGGERED,3,PD3A-OU|PD3A-OUT|PD1A-OUT|PD2A-OU,5,4.5,4505,3069
1781445086.1862679,7,10,2.5039,1.332,0.0343,0.388,ALERT,TRIGGERED,3,PD3A-OU|PD3A-OUT|PD1A-OUT|PD2A-OU,5,4.5,4505,3069
1781445086.6880043,7,10,4.0352,1.562,0.0422,0.528,ALERT,TRIGGERED,3,PD3A-OU|PD3A-OUT|PD1A-OUT|PD2A-OU,0,4.0,4505,3069
1781445087.1878047,7,10,4.0325,1.447,0.0358,0.421,ALERT,TRIGGERED,3,PD3A-OU|PD3A-OUT|PD1A-OUT|PD2A-OU,0,4.0,4505,3069
1781445087.6882038,7,10,4.3059,1.443,0.0485,0.526,ALERT,TRIGGERED,3,PD3A-OU|PD3A-OUT|PD1A-OUT|PD2A-OU,0,4.5,4545,3069
1781445088.1871488,7,10,3.6181,1.095,0.0338,0.393,ALERT,TRIGGERED,3,PD3A-OU|PD3A-OUT|PD1A-OUT|PD2A-OU,0,4.5,4545,3069
1781445088.6886835,7,10,4.3254,1.51,0.0436,0.451,ALERT,TRIGGERED,3,PD3A-OU|PD3A-OUT|PD1A-OUT|PD2A-OU,2,4.2,4505,3069
1781445089.1862118,7,10,2.4657,1.094,0.0362,0.399,ALERT,TRIGGERED,3,PD3A-OU|PD3A-OUT|PD1A-OUT|PD2A-OU,2,4.2,4505,3069
1781445089.688165,7,10,4.0398,1.628,0.0459,0.521,ALERT,TRIGGERED,3,PD3A-OU|PD3A-OUT|PD1A-OUT|PD2A-OU,0,4.3,4505,3069
1781445090.1872625,7,10,3.6357,1.171,0.0363,0.406,ALERT,TRIGGERED,3,PD3A-OU|PD3A-OUT|PD1A-OUT|PD2A-OU,0,4.3,4505,3069
1781445090.6877499,7,10,3.8365,1.173,0.0324,0.38,ALERT,TRIGGERED,3,PD3A-OU|PD3A-OUT|PD1A-OUT|PD2A-OU,0,4.8,4505,3070
1781445091.1873515,7,10,3.9888,1.125,0.0356,0.398,ALERT,TRIGGERED,3,PD3A-OU|PD3A-OUT|PD1A-OUT|PD2A-OU,0,4.8,4505,3070
1781445091.687134,7,10,3.0738,1.213,0.0327,0.396,ALERT,TRIGGERED,3,PD3A-OU|PD3A-OUT|PD1A-OUT|PD2A-OU,0,4.8,4505,3070
1781445092.187829,7,10,4.0152,1.434,0.047,0.519,ALERT,TRIGGERED,3,PD3A-OU|PD3A-OUT|PD1A-OUT|PD2A-OU,0,4.8,4505,3070
1781445092.6860826,7,10,2.4548,1.242,0.0329,0.388,ALERT,TRIGGERED,3,PD3A-OU|PD3A-OUT|PD1A-OUT|PD2A-OU,0,4.2,4465,3070
1781445093.1881523,7,10,4.0394,1.646,0.043,0.526,ALERT,TRIGGERED,3,PD3A-OU|PD3A-OUT|PD1A-OUT|PD2A-OU,0,4.2,4465,3070
1781445093.6861167,7,10,2.4132,1.146,0.031,0.475,ALERT,TRIGGERED,3,PD3A-OU|PD3A-OUT|PD1A-OUT|PD2A-OU,0,4.5,4505,3070
1781445094.1880937,7,10,3.9868,1.536,0.0461,0.512,ALERT,TRIGGERED,3,PD3A-OU|PD3A-OUT|PD1A-OUT|PD2A-OU,0,4.5,4505,3070
1781445094.6862094,7,10,2.4616,1.32,0.0348,0.387,ALERT,TRIGGERED,3,PD3A-OU|PD3A-OUT|PD1A-OUT|PD2A-OU,0,4.5,4465,3070
1781445095.1882658,7,10,4.2346,1.595,0.0455,0.54,ALERT,TRIGGERED,3,PD3A-OU|PD3A-OUT|PD1A-OUT|PD2A-OU,0,4.5,4465,3070
1781445095.6857157,7,10,2.4675,1.018,0.0234,0.275,ALERT,TRIGGERED,3,PD3A-OU|PD3A-OUT|PD1A-OUT|PD2A-OU,0,5.2,4465,3070
1781445096.1890175,7,10,4.3825,1.58,0.0426,0.623,ALERT,TRIGGERED,3,PD3A-OU|PD3A-OUT|PD1A-OUT|PD2A-OU,0,5.2,4465,3070
1781445096.6856334,7,10,2.4148,0.911,0.0333,0.393,ALERT,TRIGGERED,3,PD3A-OU|PD3A-OUT|PD1A-OUT|PD2A-OU,0,4.2,4465,3070
1781445097.1877832,7,10,4.1349,1.359,0.0329,0.406,ALERT,TRIGGERED,3,PD3A-OU|PD3A-OUT|PD1A-OUT|PD2A-OU,0,4.2,4465,3070
1781445097.6867921,7,10,3.3054,1.089,0.0815,0.451,ALERT,TRIGGERED,3,PD3A-OU|PD3A-OUT|PD1A-OUT|PD2A-OU,0,4.7,4465,3070
1781445098.18798,7,10,3.9378,1.286,0.033,0.406,ALERT,TRIGGERED,3,PD3A-OU|PD3A-OUT|PD1A-OUT|PD2A-OU,0,4.7,4465,3070
1781445098.6870637,7,10,4.013,1.129,0.035,0.408,ALERT,TRIGGERED,3,PD3A-OU|PD3A-OUT|PD1A-OUT|PD2A-OU,0,3.5,4465,3070
1781445099.1873238,7,10,3.2519,1.271,0.0316,0.39,ALERT,TRIGGERED,3,PD3A-OU|PD3A-OUT|PD1A-OUT|PD2A-OU,0,3.5,4465,3070
1781445099.6873991,7,10,4.0097,1.086,0.0353,0.443,ALERT,TRIGGERED,3,PD3A-OU|PD3A-OUT|PD1A-OUT|PD2A-OU,0,4.2,4425,3070
1781445100.186677,7,10,2.4931,1.149,0.0337,0.429,ALERT,TRIGGERED,3,PD3A-OU|PD3A-OUT|PD1A-OUT|PD2A-OU,0,4.2,4425,3070
1781445100.6879401,7,10,4.0274,1.556,0.0455,0.505,ALERT,TRIGGERED,3,PD3A-OU|PD3A-OUT|PD1A-OUT|PD2A-OU,0,4.3,4465,3070
1781445101.1861863,7,10,2.477,1.191,0.033,0.383,ALERT,TRIGGERED,3,PD3A-OU|PD3A-OUT|PD1A-OUT|PD2A-OU,0,4.3,4465,3070
1781445101.6879544,7,10,4.0119,1.557,0.0441,0.507,ALERT,TRIGGERED,3,PD3A-OU|PD3A-OUT|PD1A-OUT|PD2A-OU,0,4.2,4425,3070
1781445102.186081,7,10,2.4288,1.249,0.0337,0.403,ALERT,TRIGGERED,3,PD3A-OU|PD3A-OUT|PD1A-OUT|PD2A-OU,0,4.2,4425,3070
1781445102.6879652,7,10,4.1514,1.479,0.0448,0.515,ALERT,TRIGGERED,3,PD3A-OU|PD3A-OUT|PD1A-OUT|PD2A-OU,0,3.8,4465,3070
1781445103.1858582,7,10,2.4622,0.981,0.0213,0.268,ALERT,TRIGGERED,3,PD3A-OU|PD3A-OUT|PD1A-OUT|PD2A-OU,0,3.8,4465,3070
1781445103.6887014,7,10,4.2979,1.554,0.0449,0.519,ALERT,TRIGGERED,3,PD3A-OU|PD3A-OUT|PD1A-OUT|PD2A-OU,0,4.3,4465,3070
1781445104.186024,7,10,2.4374,1.019,0.0331,0.408,ALERT,TRIGGERED,3,PD3A-OU|PD3A-OUT|PD1A-OUT|PD2A-OU,0,4.3,4465,3070
1781445104.688061,7,10,4.0837,1.631,0.0368,0.425,ALERT,TRIGGERED,3,PD3A-OU|PD3A-OUT|PD1A-OUT|PD2A-OU,0,3.5,4425,3070
1781445105.1860793,7,10,2.5043,1.209,0.023,0.276,ALERT,TRIGGERED,3,PD3A-OU|PD3A-OUT|PD1A-OUT|PD2A-OU,0,3.5,4425,3070
1781445105.688004,7,10,4.0111,1.248,0.0337,0.392,ALERT,TRIGGERED,3,PD3A-OU|PD3A-OUT|PD1A-OUT|PD2A-OU,0,4.0,4425,3070
1781445106.1871657,7,10,3.9155,1.093,0.0341,0.401,ALERT,TRIGGERED,3,PD3A-OU|PD3A-OUT|PD1A-OUT|PD2A-OU,0,4.0,4425,3070
1781445106.6873708,7,10,3.3544,1.299,0.0339,0.389,ALERT,TRIGGERED,3,PD3A-OU|PD3A-OUT|PD1A-OUT|PD2A-OU,0,4.5,4425,3070
1781445107.1877532,7,10,3.9818,1.203,0.0452,0.518,ALERT,TRIGGERED,3,PD3A-OU|PD3A-OUT|PD1A-OUT|PD2A-OU,0,4.5,4425,3070
1781445107.68679,7,10,2.7148,1.28,0.0756,0.444,ALERT,TRIGGERED,3,PD3A-OU|PD3A-OUT|PD1A-OUT|PD2A-OU,0,3.5,4425,3070
1781445108.1892354,7,10,4.3817,1.625,0.0433,0.526,ALERT,TRIGGERED,3,PD3A-OU|PD3A-OUT|PD1A-OUT|PD2A-OU,0,3.5,4425,3070
1781445108.6865256,7,10,2.4541,1.191,0.0335,0.425,ALERT,TRIGGERED,3,PD3A-OU|PD3A-OUT|PD1A-OUT|PD2A-OU,0,4.3,4465,3070
1781445109.1880546,7,10,4.1556,1.503,0.0486,0.525,ALERT,TRIGGERED,3,PD3A-OU|PD3A-OUT|PD1A-OUT|PD2A-OU,0,4.3,4465,3070
1781445109.6866114,7,10,2.4587,1.298,0.0345,0.456,ALERT,TRIGGERED,3,PD3A-OU|PD3A-OUT|PD1A-OUT|PD2A-OU,0,4.7,4465,3070
1781445110.18815,7,10,4.0831,1.529,0.0422,0.516,ALERT,TRIGGERED,3,PD3A-OU|PD3A-OUT|PD1A-OUT|PD2A-OU,0,4.7,4465,3070
1781445110.6860297,7,10,2.4319,1.244,0.0228,0.322,ALERT,TRIGGERED,3,PD3A-OU|PD3A-OUT|PD1A-OUT|PD2A-OU,0,4.5,4425,3070
1781445111.1888976,7,10,4.3586,1.54,0.0449,0.523,ALERT,TRIGGERED,3,PD3A-OU|PD3A-OUT|PD1A-OUT|PD2A-OU,0,4.5,4425,3070
1781445111.685878,7,10,2.4264,0.871,0.0353,0.389,ALERT,TRIGGERED,3,PD3A-OU|PD3A-OUT|PD1A-OUT|PD2A-OU,0,4.0,4425,3070
1781445112.1886222,7,10,4.2742,1.378,0.0322,0.406,ALERT,TRIGGERED,3,PD3A-OU|PD3A-OUT|PD1A-OUT|PD2A-OU,0,4.0,4425,3070
1781445112.6867592,7,10,3.1483,1.122,0.0342,0.457,ALERT,TRIGGERED,3,PD3A-OU|PD3A-OUT|PD1A-OUT|PD2A-OU,0,4.2,4425,3070
1781445113.1882951,7,10,3.9978,1.236,0.0329,0.401,ALERT,TRIGGERED,3,PD3A-OU|PD3A-OUT|PD1A-OUT|PD2A-OU,0,4.2,4425,3070
1781445113.6870944,7,10,3.6,1.156,0.0349,0.411,ALERT,TRIGGERED,3,PD3A-OU|PD3A-OUT|PD1A-OUT|PD2A-OU,0,3.7,4425,3070
1781445114.187533,7,10,3.4941,1.273,0.0315,0.4,ALERT,TRIGGERED,3,PD3A-OU|PD3A-OUT|PD1A-OUT|PD2A-OU,0,3.7,4425,3070
1781445114.687383,7,10,4.0591,1.128,0.0347,0.42,ALERT,TRIGGERED,3,PD3A-OU|PD3A-OUT|PD1A-OUT|PD2A-OU,0,4.0,4425,3070
1781445115.186788,7,10,2.8044,1.212,0.069,0.433,ALERT,TRIGGERED,3,PD3A-OU|PD3A-OUT|PD1A-OUT|PD2A-OU,0,4.0,4425,3070
1781445115.688276,7,10,3.9675,1.659,0.0465,0.529,ALERT,TRIGGERED,3,PD3A-OU|PD3A-OUT|PD1A-OUT|PD2A-OU,0,4.0,4425,3070
1781445116.1864345,7,10,2.4192,1.221,0.0317,0.391,ALERT,TRIGGERED,3,PD3A-OU|PD3A-OUT|PD1A-OUT|PD2A-OU,0,4.0,4425,3070
1781445116.6881003,7,10,4.0761,1.605,0.0455,0.532,ALERT,TRIGGERED,3,PD3A-OU|PD3A-OUT|PD1A-OUT|PD2A-OU,0,4.2,4385,3070
1781445117.186205,7,10,2.4292,1.28,0.0348,0.405,ALERT,TRIGGERED,3,PD3A-OU|PD3A-OUT|PD1A-OUT|PD2A-OU,0,4.2,4385,3070
1781445117.688064,7,10,4.0376,1.607,0.0464,0.53,ALERT,TRIGGERED,3,PD3A-OU|PD3A-OUT|PD1A-OUT|PD2A-OU,0,4.0,4385,3070
1781445118.1860955,7,10,2.4562,1.201,0.0241,0.275,ALERT,TRIGGERED,3,PD3A-OU|PD3A-OUT|PD1A-OUT|PD2A-OU,0,4.0,4385,3070
1781445118.6885247,7,10,4.2755,1.618,0.0464,0.525,ALERT,TRIGGERED,3,PD3A-OU|PD3A-OUT|PD1A-OUT|PD2A-OU,0,4.2,4385,3070
1781445119.1855373,7,10,2.4839,0.786,0.0314,0.353,ALERT,TRIGGERED,3,PD3A-OU|PD3A-OUT|PD1A-OUT|PD2A-OU,0,4.2,4385,3070
1781445119.6889799,7,10,4.3529,1.653,0.0349,0.409,ALERT,TRIGGERED,3,PD3A-OU|PD3A-OUT|PD1A-OUT|PD2A-OU,0,4.8,4385,3070
1781445120.185998,7,10,2.4794,1.019,0.0346,0.422,ALERT,TRIGGERED,3,PD3A-OU|PD3A-OUT|PD1A-OUT|PD2A-OU,0,4.8,4385,3070
1781445120.6882071,7,10,4.2416,1.211,0.0344,0.401,ALERT,TRIGGERED,3,PD3A-OU|PD3A-OUT|PD1A-OUT|PD2A-OU,0,4.3,4385,3070
1781445121.186643,7,10,2.8591,1.078,0.0361,0.457,ALERT,TRIGGERED,3,PD3A-OU|PD3A-OUT|PD1A-OUT|PD2A-OU,0,4.3,4385,3070
1781445121.687613,7,10,3.5662,1.261,0.0357,0.406,ALERT,TRIGGERED,3,PD3A-OU|PD3A-OUT|PD1A-OUT|PD2A-OU,0,4.0,4385,3070
1781445122.1872334,7,10,3.9666,1.117,0.0355,0.406,ALERT,TRIGGERED,3,PD3A-OU|PD3A-OUT|PD1A-OUT|PD2A-OU,0,4.0,4385,3070
1781445122.686908,7,10,2.9267,1.264,0.0326,0.395,ALERT,TRIGGERED,3,PD3A-OU|PD3A-OUT|PD1A-OUT|PD2A-OU,23,4.2,4385,3070
1781445123.1882443,7,10,4.2586,1.568,0.0466,0.519,ALERT,TRIGGERED,3,PD3A-OU|PD3A-OUT|PD1A-OUT|PD2A-OU,23,4.2,4385,3070
1781445123.686346,7,10,2.5152,1.167,0.0324,0.398,ALERT,TRIGGERED,3,PD3A-OU|PD3A-OUT|PD1A-OUT|PD2A-OU,0,4.5,4385,3070
1781445124.1880124,7,10,3.9612,1.476,0.0477,0.519,ALERT,TRIGGERED,3,PD3A-OU|PD3A-OUT|PD1A-OUT|PD2A-OU,0,4.5,4385,3070
1781445124.6862957,7,10,2.484,1.269,0.0342,0.391,ALERT,TRIGGERED,3,PD3A-OU|PD3A-OUT|PD1A-OUT|PD2A-OU,0,4.7,4385,3070
1781445125.1881554,7,10,4.0977,1.608,0.0481,0.538,ALERT,TRIGGERED,3,PD3A-OU|PD3A-OUT|PD1A-OUT|PD2A-OU,0,4.7,4385,3070
1781445125.6861346,7,10,2.473,1.257,0.0336,0.405,ALERT,TRIGGERED,3,PD3A-OU|PD3A-OUT|PD1A-OUT|PD2A-OU,26,5.8,4465,3071
1781445126.188038,7,10,3.9936,1.622,0.0474,0.544,ALERT,TRIGGERED,3,PD3A-OU|PD3A-OUT|PD1A-OUT|PD2A-OU,26,5.8,4465,3071
1781445126.6855268,7,10,2.4826,0.815,0.0226,0.278,ALERT,TRIGGERED,3,PD3A-OU|PD3A-OUT|PD1A-OUT|PD2A-OU,0,4.3,4385,3071
1781445127.189143,7,10,4.2852,1.545,0.0369,0.432,ALERT,TRIGGERED,3,PD3A-OU|PD3A-OUT|PD1A-OUT|PD2A-OU,0,4.3,4385,3071
1781445127.6857092,7,10,2.4307,0.938,0.034,0.411,ALERT,TRIGGERED,3,PD3A-OU|PD3A-OUT|PD1A-OUT|PD2A-OU,0,4.8,4385,3070
1781445128.1888514,7,10,4.2329,1.314,0.0359,0.407,ALERT,TRIGGERED,3,PD3A-OU|PD3A-OUT|PD1A-OUT|PD2A-OU,0,4.8,4385,3070
1781445128.6871347,7,10,3.743,1.107,0.0332,0.395,ALERT,TRIGGERED,3,PD3A-OU|PD3A-OUT|PD1A-OUT|PD2A-OU,0,4.0,4385,3070
1781445129.1866312,7,10,2.5082,1.301,0.031,0.423,ALERT,TRIGGERED,3,PD3A-OU|PD3A-OUT|PD1A-OUT|PD2A-OU,0,4.0,4385,3070
1781445129.6871789,7,10,4.0027,1.127,0.0336,0.402,ALERT,TRIGGERED,3,PD3A-OU|PD3A-OUT|PD1A-OUT|PD2A-OU,0,3.8,4385,3070
1781445130.1871395,7,10,2.9492,1.255,0.0343,0.41,ALERT,TRIGGERED,3,PD3A-OU|PD3A-OUT|PD1A-OUT|PD2A-OU,0,3.8,4385,3070
1781445130.687839,7,10,4.0154,1.451,0.0449,0.513,ALERT,TRIGGERED,3,PD3A-OU|PD3A-OUT|PD1A-OUT|PD2A-OU,0,5.2,4385,3070
1781445131.1868856,7,10,2.4544,1.27,0.0323,0.427,ALERT,TRIGGERED,3,PD3A-OU|PD3A-OUT|PD1A-OUT|PD2A-OU,0,5.2,4385,3070
1781445131.687926,7,10,4.014,1.561,0.0458,0.513,ALERT,TRIGGERED,3,PD3A-OU|PD3A-OUT|PD1A-OUT|PD2A-OU,0,4.2,4385,3070
1781445132.185751,7,10,2.2733,1.037,0.0347,0.42,ALERT,TRIGGERED,3,PD3A-OU|PD3A-OUT|PD1A-OUT|PD2A-OU,0,4.2,4385,3070
1781445132.687869,7,10,4.0719,1.457,0.0425,0.499,ALERT,TRIGGERED,3,PD3A-OU|PD3A-OUT|PD1A-OUT|PD2A-OU,0,4.3,4385,3070
1781445133.1862512,7,10,2.4418,1.189,0.0324,0.403,ALERT,TRIGGERED,3,PD3A-OU|PD3A-OUT|PD1A-OUT|PD2A-OU,0,4.3,4385,3070
1781445133.6881874,7,10,4.2577,1.578,0.0456,0.519,ALERT,TRIGGERED,3,PD3A-OU|PD3A-OUT|PD1A-OUT|PD2A-OU,0,3.3,4385,3070
1781445134.1857815,7,10,2.4389,0.853,0.0226,0.278,ALERT,TRIGGERED,3,PD3A-OU|PD3A-OUT|PD1A-OUT|PD2A-OU,0,3.3,4385,3070
1781445134.687586,7,10,4.0522,1.159,0.0435,0.507,ALERT,TRIGGERED,3,PD3A-OU|PD3A-OUT|PD1A-OUT|PD2A-OU,0,4.0,4346,3070
1781445135.1866083,7,10,2.7326,1.112,0.0363,0.44,ALERT,TRIGGERED,3,PD3A-OU|PD3A-OUT|PD1A-OUT|PD2A-OU,0,4.0,4346,3070
1781445135.6881726,7,10,4.3164,1.341,0.032,0.396,ALERT,TRIGGERED,3,PD3A-OU|PD3A-OUT|PD1A-OUT|PD2A-OU,0,4.0,4385,3070
1781445136.1868963,7,10,3.4074,1.053,0.0335,0.452,ALERT,TRIGGERED,3,PD3A-OU|PD3A-OUT|PD1A-OUT|PD2A-OU,0,4.0,4385,3070
1781445136.687879,7,10,3.8682,1.275,0.0299,0.38,ALERT,TRIGGERED,3,PD3A-OU|PD3A-OUT|PD1A-OUT|PD2A-OU,0,4.5,4385,3071
1781445137.187332,7,10,3.9798,1.136,0.0344,0.411,ALERT,TRIGGERED,3,PD3A-OU|PD3A-OUT|PD1A-OUT|PD2A-OU,0,4.5,4385,3071
1781445137.6871812,7,10,3.1924,1.26,0.0324,0.397,ALERT,TRIGGERED,3,PD3A-OU|PD3A-OUT|PD1A-OUT|PD2A-OU,0,3.7,4385,3071
1781445138.1876786,7,10,3.9842,1.326,0.0455,0.537,ALERT,TRIGGERED,3,PD3A-OU|PD3A-OUT|PD1A-OUT|PD2A-OU,0,3.7,4385,3071
1781445138.6862564,7,10,2.5324,1.132,0.0312,0.378,ALERT,TRIGGERED,3,PD3A-OU|PD3A-OUT|PD1A-OUT|PD2A-OU,0,3.8,4385,3071
1781445139.187904,7,10,4.0056,1.527,0.0465,0.517,ALERT,TRIGGERED,3,PD3A-OU|PD3A-OUT|PD1A-OUT|PD2A-OU,0,3.8,4385,3071
1781445139.6861963,7,10,2.4838,1.014,0.0354,0.402,ALERT,TRIGGERED,3,PD3A-OU|PD3A-OUT|PD1A-OUT|PD2A-OU,0,4.7,4385,3071
1781445140.1876178,7,10,4.0572,1.172,0.0483,0.543,ALERT,TRIGGERED,3,PD3A-OU|PD3A-OUT|PD1A-OUT|PD2A-OU,0,4.7,4385,3071
1781445140.6860929,7,10,2.4442,1.263,0.0352,0.411,ALERT,TRIGGERED,3,PD3A-OU|PD3A-OUT|PD1A-OUT|PD2A-OU,0,4.7,4385,3071
1781445141.18831,7,10,4.3066,1.604,0.0436,0.529,ALERT,TRIGGERED,3,PD3A-OU|PD3A-OUT|PD1A-OUT|PD2A-OU,0,4.5,4385,3071
1781445141.68583,7,10,2.6262,0.983,0.0241,0.284,ALERT,TRIGGERED,3,PD3A-OU|PD3A-OUT|PD1A-OUT|PD2A-OU,0,4.5,4385,3071
1781445142.1887918,7,10,4.3759,1.461,0.0473,0.52,ALERT,TRIGGERED,3,PD3A-OU|PD3A-OUT|PD1A-OUT|PD2A-OU,0,4.3,4385,3071
1781445142.6860323,7,10,2.464,0.992,0.0352,0.416,ALERT,TRIGGERED,3,PD3A-OU|PD3A-OUT|PD1A-OUT|PD2A-OU,0,4.3,4385,3071
1781445143.1887114,7,10,4.3576,1.479,0.038,0.418,ALERT,TRIGGERED,3,PD3A-OU|PD3A-OUT|PD1A-OUT|PD2A-OU,0,4.7,4385,3071
1781445143.6870182,7,10,3.3025,1.134,0.0356,0.401,ALERT,TRIGGERED,3,PD3A-OU|PD3A-OUT|PD1A-OUT|PD2A-OU,0,4.7,4385,3071
1781445144.1881194,7,10,4.1581,1.236,0.0332,0.386,ALERT,TRIGGERED,3,PD3A-OU|PD3A-OUT|PD1A-OUT|PD2A-OU,0,3.7,4385,3071
1781445144.687191,7,10,3.9819,1.148,0.0369,0.401,ALERT,TRIGGERED,3,PD3A-OU|PD3A-OUT|PD1A-OUT|PD2A-OU,0,3.7,4385,3071
1781445145.1876304,7,10,3.3696,1.461,0.032,0.377,ALERT,TRIGGERED,3,PD3A-OU|PD3A-OUT|PD1A-OUT|PD2A-OU,0,4.0,4385,3071
1781445145.6878273,7,10,4.0347,1.423,0.0482,0.524,ALERT,TRIGGERED,3,PD3A-OU|PD3A-OUT|PD1A-OUT|PD2A-OU,0,4.0,4385,3071
1781445146.1867356,7,10,2.6978,1.221,0.0346,0.417,ALERT,TRIGGERED,3,PD3A-OU|PD3A-OUT|PD1A-OUT|PD2A-OU,0,3.8,4385,3071
1781445146.688159,7,10,4.0711,1.631,0.0488,0.557,ALERT,TRIGGERED,3,PD3A-OU|PD3A-OUT|PD1A-OUT|PD2A-OU,0,3.8,4385,3071
1781445147.1864023,7,10,2.4703,1.228,0.0324,0.38,ALERT,TRIGGERED,3,PD3A-OU|PD3A-OUT|PD1A-OUT|PD2A-OU,0,4.3,4385,3071
1781445147.6879654,7,10,4.0122,1.553,0.0452,0.517,ALERT,TRIGGERED,3,PD3A-OU|PD3A-OUT|PD1A-OUT|PD2A-OU,0,4.3,4385,3071
1781445148.18618,7,10,2.4901,1.23,0.034,0.384,ALERT,TRIGGERED,3,PD3A-OU|PD3A-OUT|PD1A-OUT|PD2A-OU,0,4.8,4385,3071
1781445148.6880739,7,10,4.1422,1.535,0.0464,0.512,ALERT,TRIGGERED,3,PD3A-OU|PD3A-OUT|PD1A-OUT|PD2A-OU,0,4.8,4385,3071
1781445149.18614,7,10,2.5897,1.247,0.0237,0.268,ALERT,TRIGGERED,3,PD3A-OU|PD3A-OUT|PD1A-OUT|PD2A-OU,79,4.2,4385,3070
1781445149.688802,7,10,4.3013,1.581,0.0475,0.523,ALERT,TRIGGERED,3,PD3A-OU|PD3A-OUT|PD1A-OUT|PD2A-OU,79,4.2,4385,3070
1781445150.1861622,7,10,2.4638,1.218,0.0341,0.407,ALERT,TRIGGERED,3,PD3A-OU|PD3A-OUT|PD1A-OUT|PD2A-OU,75,4.5,4385,3070
1781445150.6884024,7,10,4.3135,1.458,0.032,0.399,ALERT,TRIGGERED,3,PD3A-OU|PD3A-OUT|PD1A-OUT|PD2A-OU,75,4.5,4385,3070
1781445151.1889522,7,10,4.2309,1.766,0.046,0.51,ALERT,TRIGGERED,3,PD3A-OU|PD3A-OUT|PD1A-OUT|PD2A-OU,71,4.0,4425,3070
1781445151.6886158,7,10,4.2021,1.55,0.0358,0.393,ALERT,TRIGGERED,3,PD3A-OU|PD3A-OUT|PD1A-OUT|PD2A-OU,71,4.0,4425,3070
1781445152.18706,7,10,3.8532,1.151,0.0341,0.392,ALERT,TRIGGERED,3,PD3A-OU|PD3A-OUT|PD1A-OUT|PD2A-OU,99,4.3,4425,3070
1781445152.687648,7,10,3.5217,1.274,0.0333,0.392,ALERT,TRIGGERED,3,PD3A-OU|PD3A-OUT|PD1A-OUT|PD2A-OU,99,4.3,4425,3070
1781445153.187333,7,10,4.0055,1.106,0.0353,0.452,ALERT,TRIGGERED,3,PD3A-OU|PD3A-OUT|PD1A-OUT|PD2A-OU,99,3.8,4465,3070
1781445153.6869106,7,10,2.8081,1.239,0.0328,0.394,ALERT,TRIGGERED,3,PD3A-OU|PD3A-OUT|PD1A-OUT|PD2A-OU,99,3.8,4465,3070
1781445154.1878684,7,10,3.9604,1.49,0.0455,0.531,ALERT,TRIGGERED,3,PD3A-OU|PD3A-OUT|PD1A-OUT|PD2A-OU,99,4.7,4465,3070
1781445154.6867337,7,10,2.4981,1.286,0.0348,0.433,ALERT,TRIGGERED,3,PD3A-OU|PD3A-OUT|PD1A-OUT|PD2A-OU,99,4.7,4465,3070
1781445155.1878605,7,10,3.9335,1.534,0.0467,0.522,ALERT,TRIGGERED,3,PD3A-OU|PD3A-OUT|PD1A-OUT|PD2A-OU,99,4.0,4465,3070
1781445155.686303,7,10,2.487,1.287,0.0351,0.387,ALERT,TRIGGERED,3,PD3A-OU|PD3A-OUT|PD1A-OUT|PD2A-OU,99,4.0,4465,3070
1781445156.1878052,7,10,3.9815,1.486,0.0452,0.495,ALERT,TRIGGERED,3,PD3A-OU|PD3A-OUT|PD1A-OUT|PD2A-OU,99,4.5,4465,3070
1781445156.686179,7,10,2.6603,1.17,0.0231,0.275,ALERT,TRIGGERED,3,PD3A-OU|PD3A-OUT|PD1A-OUT|PD2A-OU,99,4.5,4465,3070
1781445157.1883569,7,10,4.2146,1.523,0.0436,0.508,ALERT,TRIGGERED,3,PD3A-OU|PD3A-OUT|PD1A-OUT|PD2A-OU,99,4.0,4465,3070
1781445157.6860309,7,10,2.563,0.987,0.036,0.406,ALERT,TRIGGERED,3,PD3A-OU|PD3A-OUT|PD1A-OUT|PD2A-OU,99,4.0,4465,3070
1781445158.1885595,7,10,4.2076,1.445,0.0375,0.415,ALERT,TRIGGERED,3,PD3A-OU|PD3A-OUT|PD1A-OUT|PD2A-OU,99,4.5,4465,3070
1781445158.686875,7,10,3.092,1.083,0.037,0.468,ALERT,TRIGGERED,3,PD3A-OU|PD3A-OUT|PD1A-OUT|PD2A-OU,99,4.5,4465,3070
1781445159.1885962,7,10,4.3488,1.461,0.0368,0.385,ALERT,TRIGGERED,3,PD3A-OU|PD3A-OUT|PD1A-OUT|PD2A-OU,99,3.7,4505,3070
1781445159.6871738,7,10,3.8212,1.138,0.0358,0.399,ALERT,TRIGGERED,3,PD3A-OU|PD3A-OUT|PD1A-OUT|PD2A-OU,99,3.7,4505,3070
1781445160.1876392,7,10,3.7061,1.161,0.031,0.363,ALERT,TRIGGERED,3,PD3A-OU|PD3A-OUT|PD1A-OUT|PD2A-OU,99,4.0,4465,3070
1781445160.6871355,7,10,4.0275,1.108,0.0351,0.392,ALERT,TRIGGERED,3,PD3A-OU|PD3A-OUT|PD1A-OUT|PD2A-OU,99,4.0,4465,3070
1781445161.1869187,7,10,2.9461,1.204,0.0346,0.393,ALERT,TRIGGERED,3,PD3A-OU|PD3A-OUT|PD1A-OUT|PD2A-OU,37,4.3,4505,3070
1781445161.6883156,7,10,4.2973,1.588,0.0482,0.511,ALERT,TRIGGERED,3,PD3A-OU|PD3A-OUT|PD1A-OUT|PD2A-OU,37,4.3,4505,3070
1781445162.186399,7,10,2.4604,1.19,0.032,0.376,ALERT,TRIGGERED,3,PD3A-OU|PD3A-OUT|PD1A-OUT|PD2A-OU,57,4.0,4545,3070
1781445162.6880937,7,10,4.0004,1.638,0.0486,0.548,ALERT,TRIGGERED,3,PD3A-OU|PD3A-OUT|PD1A-OUT|PD2A-OU,57,4.0,4545,3070
1781445163.18643,7,10,2.4812,1.461,0.0357,0.389,ALERT,TRIGGERED,3,PD3A-OU|PD3A-OUT|PD1A-OUT|PD2A-OU,7,4.0,4505,3070
1781445163.688322,7,10,4.069,1.88,0.0486,0.526,ALERT,TRIGGERED,3,PD3A-OU|PD3A-OUT|PD1A-OUT|PD2A-OU,7,4.0,4505,3070
1781445164.1864681,7,10,2.6608,1.423,0.0238,0.282,ALERT,TRIGGERED,3,PD3A-OU|PD3A-OUT|PD1A-OUT|PD2A-OU,0,4.3,4505,3070
1781445164.6887887,7,10,4.3724,1.578,0.0498,0.56,ALERT,TRIGGERED,3,PD3A-OU|PD3A-OUT|PD1A-OUT|PD2A-OU,0,4.3,4505,3070
1781445165.185785,7,10,2.5471,0.863,0.0358,0.384,ALERT,TRIGGERED,3,PD3A-OU|PD3A-OUT|PD1A-OUT|PD2A-OU,0,4.5,4505,3070
1781445165.6872623,7,10,3.9152,1.116,0.0361,0.399,ALERT,TRIGGERED,3,PD3A-OU|PD3A-OUT|PD1A-OUT|PD2A-OU,0,4.5,4505,3070
1781445166.1859932,7,10,2.4068,1.07,0.0352,0.416,ALERT,TRIGGERED,3,PD3A-OU|PD3A-OUT|PD1A-OUT|PD2A-OU,0,3.8,4505,3070
1781445166.68845,7,10,4.3964,1.26,0.0356,0.403,ALERT,TRIGGERED,3,PD3A-OU|PD3A-OUT|PD1A-OUT|PD2A-OU,0,3.8,4505,3070
1781445167.186916,7,10,3.5072,1.059,0.0357,0.447,ALERT,TRIGGERED,3,PD3A-OU|PD3A-OUT|PD1A-OUT|PD2A-OU,0,4.0,4505,3070
1781445167.6888156,7,10,4.3996,1.456,0.0451,0.497,ALERT,TRIGGERED,3,PD3A-OU|PD3A-OUT|PD1A-OUT|PD2A-OU,0,4.0,4505,3070
1781445168.1873822,7,10,3.9545,1.356,0.0325,0.397,ALERT,TRIGGERED,3,PD3A-OU|PD3A-OUT|PD1A-OUT|PD2A-OU,0,4.0,4505,3070
1781445168.6877701,7,10,4.1765,1.346,0.0321,0.402,ALERT,TRIGGERED,3,PD3A-OU|PD3A-OUT|PD1A-OUT|PD2A-OU,0,4.0,4505,3070
1781445169.1878374,7,10,3.9315,1.528,0.0443,0.505,ALERT,TRIGGERED,3,PD3A-OU|PD3A-OUT|PD1A-OUT|PD2A-OU,26,4.8,4545,3070
1781445169.6868489,7,10,2.4564,1.26,0.0819,0.482,ALERT,TRIGGERED,3,PD3A-OU|PD3A-OUT|PD1A-OUT|PD2A-OU,26,4.8,4545,3070
1781445170.1879451,7,10,4.0082,1.551,0.0449,0.517,ALERT,TRIGGERED,3,PD3A-OU|PD3A-OUT|PD1A-OUT|PD2A-OU,0,4.0,4505,3070
1781445170.6863947,7,10,2.446,1.364,0.0335,0.392,ALERT,TRIGGERED,3,PD3A-OU|PD3A-OUT|PD1A-OUT|PD2A-OU,0,4.0,4505,3070
1781445171.187561,7,10,4.001,1.045,0.0419,0.469,ALERT,TRIGGERED,3,PD3A-OU|PD3A-OUT|PD1A-OUT|PD2A-OU,0,4.0,4465,3070
1781445171.6859276,7,10,2.4231,1.136,0.0351,0.399,ALERT,TRIGGERED,3,PD3A-OU|PD3A-OUT|PD1A-OUT|PD2A-OU,0,4.0,4465,3070
1781445172.1886125,7,10,4.2427,1.507,0.0436,0.5,ALERT,TRIGGERED,3,PD3A-OU|PD3A-OUT|PD1A-OUT|PD2A-OU,33,4.3,4505,3070
1781445172.685891,7,10,2.4541,0.814,0.0249,0.275,ALERT,TRIGGERED,3,PD3A-OU|PD3A-OUT|PD1A-OUT|PD2A-OU,33,4.3,4505,3070
1781445173.1889203,7,10,4.3211,1.638,0.038,0.431,ALERT,TRIGGERED,3,PD3A-OU|PD3A-OUT|PD1A-OUT|PD2A-OU,0,4.0,4465,3070
1781445173.685943,7,10,2.4483,0.96,0.0355,0.385,ALERT,TRIGGERED,3,PD3A-OU|PD3A-OUT|PD1A-OUT|PD2A-OU,0,4.0,4465,3070
1781445174.1877124,7,10,3.9233,1.234,0.045,0.472,ALERT,TRIGGERED,3,PD3A-OU|PD3A-OUT|PD1A-OUT|PD2A-OU,0,4.0,4465,3070
1781445174.6871595,7,10,3.5613,1.127,0.0356,0.402,ALERT,TRIGGERED,3,PD3A-OU|PD3A-OUT|PD1A-OUT|PD2A-OU,0,4.0,4465,3070
1781445175.1877975,7,10,3.7056,1.204,0.035,0.391,ALERT,TRIGGERED,3,PD3A-OU|PD3A-OUT|PD1A-OUT|PD2A-OU,18,4.7,4505,3070
1781445175.687341,7,10,3.9594,1.087,0.0341,0.387,ALERT,TRIGGERED,3,PD3A-OU|PD3A-OUT|PD1A-OUT|PD2A-OU,18,4.7,4505,3070
1781445176.1873467,7,10,2.804,1.248,0.0357,0.425,ALERT,TRIGGERED,3,PD3A-OU|PD3A-OUT|PD1A-OUT|PD2A-OU,0,4.2,4465,3070
1781445176.6882114,7,10,4.1696,1.566,0.0467,0.53,ALERT,TRIGGERED,3,PD3A-OU|PD3A-OUT|PD1A-OUT|PD2A-OU,0,4.2,4465,3070
1781445177.1867557,7,10,2.4217,1.181,0.0325,0.421,ALERT,TRIGGERED,3,PD3A-OU|PD3A-OUT|PD1A-OUT|PD2A-OU,0,4.0,4465,3070
1781445177.6881008,7,10,3.9762,1.484,0.0455,0.527,ALERT,TRIGGERED,3,PD3A-OU|PD3A-OUT|PD1A-OUT|PD2A-OU,0,4.0,4465,3070
1781445178.1867986,7,10,2.4639,1.362,0.0551,0.435,ALERT,TRIGGERED,3,PD3A-OU|PD3A-OUT|PD1A-OUT|PD2A-OU,0,4.7,4465,3070
1781445178.6880355,7,10,3.9901,1.571,0.0453,0.536,ALERT,TRIGGERED,3,PD3A-OU|PD3A-OUT|PD1A-OUT|PD2A-OU,0,4.7,4465,3070
1781445179.186558,7,10,2.4447,1.292,0.0336,0.405,ALERT,TRIGGERED,3,PD3A-OU|PD3A-OUT|PD1A-OUT|PD2A-OU,0,4.2,4425,3070
1781445179.6866877,7,10,3.0316,1.281,0.0332,0.432,ALERT,TRIGGERED,3,PD3A-OU|PD3A-OUT|PD1A-OUT|PD2A-OU,0,4.2,4425,3070
1781445180.1859915,7,10,2.4442,0.817,0.0233,0.302,ALERT,TRIGGERED,3,PD3A-OU|PD3A-OUT|PD1A-OUT|PD2A-OU,0,3.8,4465,3070
1781445180.689395,7,10,4.1867,1.885,0.037,0.448,ALERT,TRIGGERED,3,PD3A-OU|PD3A-OUT|PD1A-OUT|PD2A-OU,0,3.8,4465,3070
1781445181.186635,7,10,2.6564,1.101,0.0342,0.462,ALERT,TRIGGERED,3,PD3A-OU|PD3A-OUT|PD1A-OUT|PD2A-OU,0,5.0,4465,3070
1781445181.6877325,7,10,3.8931,1.241,0.046,0.519,ALERT,TRIGGERED,3,PD3A-OU|PD3A-OUT|PD1A-OUT|PD2A-OU,0,5.0,4465,3070
1781445182.186994,7,10,3.3157,1.155,0.0356,0.404,ALERT,TRIGGERED,3,PD3A-OU|PD3A-OUT|PD1A-OUT|PD2A-OU,0,4.0,4425,3070
1781445182.6868827,7,10,2.7427,1.187,0.0356,0.438,ALERT,TRIGGERED,3,PD3A-OU|PD3A-OUT|PD2A-OU,0,4.0,4425,3070
1781445183.187213,7,10,3.894,1.141,0.0362,0.399,ALERT,TRIGGERED,3,PD3A-OU|PD2A-OU,0,4.3,4465,3070
1781445183.6874003,7,10,2.9407,1.219,0.0338,0.398,ALERT,TRIGGERED,3,PD3A-OU|PD3A-OUT|PD2A-OU,0,4.3,4465,3070
1781445184.187695,7,10,3.95,1.352,0.0453,0.504,ALERT,TRIGGERED,3,PD3A-OU|PD2A-OU,0,4.3,4465,3070
1781445184.687153,7,10,2.5369,1.584,0.0338,0.392,ALERT,TRIGGERED,3,PD3A-OU|PD2A-OU,0,4.3,4465,3070
1781445185.1882474,7,10,3.9403,1.863,0.046,0.536,ALERT,TRIGGERED,3,PD3A-OU|PD2A-OU,99,4.5,4465,3070
1781445185.6867645,7,10,2.6115,1.378,0.035,0.434,ALERT,TRIGGERED,3,PD3A-OU|PD2A-OU,99,4.5,4465,3070
1781445186.1877644,7,10,3.9362,1.493,0.046,0.505,ALERT,TRIGGERED,3,PD3A-OU|PD2A-OU,0,4.8,4465,3070
1781445186.68642,7,10,2.4406,1.497,0.0358,0.39,ALERT,TRIGGERED,3,PD3A-OU|PD2A-OU,0,4.8,4465,3070
1781445187.1879575,7,10,4.1033,1.47,0.0464,0.51,ALERT,TRIGGERED,3,PD3A-OU|PD2A-OU,0,3.7,4465,3070
1781445187.6860201,7,10,2.4501,1.204,0.0234,0.283,ALERT,TRIGGERED,3,PD3A-OU|PD2A-OU,0,3.7,4465,3070
1781445188.1892304,7,10,4.3194,1.8,0.1949,0.647,ALERT,TRIGGERED,3,PD2A-OU,0,4.0,4385,3070
1781445188.6860557,7,10,2.396,0.946,0.034,0.398,ALERT,TRIGGERED,3,PD3A-OU|PD2A-OU,0,4.0,4385,3070
1781445189.1896906,7,10,4.13,1.431,0.0342,1.689,NOMINAL,NORMAL,0,,0,4.7,4425,3070
1781445189.688782,7,10,3.2951,1.128,0.0409,2.099,PRE_ALERT,TRIGGERED,1,PD2A-OU,0,4.7,4425,3070
1781445190.1880836,7,10,3.9189,1.249,0.0359,0.386,PRE_ALERT,TRIGGERED,2,PD2A-OU,0,4.8,4505,3070
1781445190.6886592,7,10,3.8092,1.102,0.038,2.073,NOMINAL,NORMAL,0,,0,4.8,4505,3070
1781445191.1872842,7,10,3.2436,1.191,0.0331,0.365,NOMINAL,NORMAL,0,,0,3.7,4425,3070
1781445191.6872253,7,10,3.8485,1.118,0.0367,0.45,NOMINAL,NORMAL,0,,0,3.7,4425,3070
1781445192.186867,7,10,2.651,1.412,0.0305,0.443,NOMINAL,NORMAL,0,,0,4.3,4425,3070
1781445192.6878116,7,10,3.9476,1.505,0.0468,0.509,NOMINAL,NORMAL,0,,0,4.3,4425,3070
1781445193.1863513,7,10,2.4372,1.2,0.034,0.386,NOMINAL,NORMAL,0,,0,3.7,4425,3070
1781445193.687899,7,10,3.9364,1.538,0.0473,0.519,NOMINAL,NORMAL,0,,0,3.7,4425,3070
1781445194.1860769,7,10,2.4026,1.192,0.0329,0.371,NOMINAL,NORMAL,0,,0,3.8,4385,3070
1781445194.6873345,7,10,3.8587,1.113,0.0432,0.455,NOMINAL,NORMAL,0,,0,3.8,4385,3070
1781445195.185994,7,10,2.4472,1.171,0.0221,0.286,NOMINAL,NORMAL,0,,0,3.8,4425,3070
1781445195.6886234,7,10,4.1839,1.478,0.0484,0.511,NOMINAL,NORMAL,0,,0,3.8,4425,3070
1781445196.1856241,7,10,2.4186,0.787,0.034,0.377,NOMINAL,NORMAL,0,,0,4.0,4425,3070
1781445196.6889014,7,10,4.1426,1.405,0.0379,0.408,NOMINAL,NORMAL,0,,0,4.0,4425,3070
1781445197.186707,7,10,3.0575,1.06,0.0334,0.433,NOMINAL,NORMAL,0,,0,3.5,4425,3070
1781445197.688016,7,10,3.9719,1.201,0.0335,0.371,NOMINAL,NORMAL,0,,0,3.5,4425,3070
1781445198.1869903,7,10,3.7708,1.119,0.0348,0.368,NOMINAL,NORMAL,0,,0,4.8,4425,3070
1781445198.6874297,7,10,3.3264,1.216,0.0333,0.385,NOMINAL,NORMAL,0,,0,4.8,4425,3070
1781445199.187304,7,10,3.9232,1.027,0.042,0.466,NOMINAL,NORMAL,0,,0,4.0,4425,3070
1781445199.6868336,7,10,2.7749,1.36,0.0329,0.407,NOMINAL,NORMAL,0,,0,4.0,4425,3070
1781445200.1879647,7,10,3.8227,1.492,0.0444,0.487,NOMINAL,NORMAL,0,,0,4.0,4425,3070
1781445200.6868472,7,10,2.3688,1.448,0.0373,0.41,NOMINAL,NORMAL,0,,0,4.0,4425,3070
1781445201.1883652,7,10,3.861,1.868,0.047,0.495,NOMINAL,NORMAL,0,,0,4.5,4385,3070
1781445201.6868353,7,10,2.4204,1.522,0.0355,0.41,NOMINAL,NORMAL,0,,0,4.5,4385,3070
1781445202.1883416,7,10,3.9393,1.78,0.0469,0.491,NOMINAL,NORMAL,0,,0,3.5,4385,3070
1781445202.6864636,7,10,2.4273,1.563,0.0557,0.345,NOMINAL,NORMAL,0,,0,3.5,4385,3070
1781445203.1888316,7,10,4.1991,1.856,0.0461,0.501,NOMINAL,NORMAL,0,,0,4.7,4385,3070
1781445203.68598,7,10,2.4489,1.104,0.0349,0.386,NOMINAL,NORMAL,0,,0,4.7,4385,3070
1781445204.188823,7,10,4.2331,1.701,0.0371,0.397,NOMINAL,NORMAL,0,,0,4.5,4385,3070
1781445204.6868927,7,10,3.1331,1.104,0.036,0.427,NOMINAL,NORMAL,0,,0,4.5,4385,3070
1781445205.188681,7,10,3.9535,1.496,0.0337,0.374,NOMINAL,NORMAL,0,,0,4.5,4425,3070
1781445205.6870031,7,10,3.658,1.14,0.0355,0.401,NOMINAL,NORMAL,0,,0,4.5,4425,3070
1781445206.1875904,7,10,3.3383,1.232,0.0342,0.375,NOMINAL,NORMAL,0,,0,3.8,4385,3070
1781445206.6877005,7,10,3.8278,1.325,0.0441,0.497,NOMINAL,NORMAL,0,,0,3.8,4385,3070
1781445207.1876276,7,10,3.7642,1.576,0.0337,0.404,NOMINAL,NORMAL,0,,0,3.8,4385,3070
1781445207.6878638,7,10,3.9329,1.548,0.0484,0.517,NOMINAL,NORMAL,0,,0,3.8,4385,3070
1781445208.186763,7,10,2.4508,1.478,0.0359,0.445,NOMINAL,NORMAL,0,,0,4.2,4385,3070
1781445208.6878939,7,10,3.9744,1.507,0.0468,0.501,NOMINAL,NORMAL,0,,0,4.2,4385,3070
1781445209.1864302,7,10,2.4543,1.315,0.0338,0.428,NOMINAL,NORMAL,0,,0,3.8,4346,3070
1781445209.688004,7,10,3.9689,1.6,0.043,0.501,NOMINAL,NORMAL,0,,0,3.8,4346,3070
1781445210.1862628,7,10,2.4498,1.422,0.0226,0.268,NOMINAL,NORMAL,0,,0,4.5,4385,3070
1781445210.6885703,7,10,4.204,1.749,0.0467,0.486,NOMINAL,NORMAL,0,,0,4.5,4385,3070
1781445211.1856835,7,10,2.4404,0.864,0.0245,0.266,NOMINAL,NORMAL,0,,0,4.2,4385,3070
1781445211.6890776,7,10,4.2707,1.868,0.0381,0.423,NOMINAL,NORMAL,0,,0,4.2,4385,3070
1781445212.1859505,7,10,2.4012,1.012,0.0351,0.407,NOMINAL,NORMAL,0,,0,3.8,4346,3070
1781445212.688091,7,10,4.1741,1.148,0.0359,0.369,NOMINAL,NORMAL,0,,0,3.8,4346,3070
1781445213.1869872,7,10,3.5338,1.124,0.0352,0.386,NOMINAL,NORMAL,0,,0,4.3,4385,3070
1781445213.6881971,7,10,3.408,1.571,0.081,0.513,NOMINAL,NORMAL,0,,0,4.3,4385,3070
1781445214.187215,7,10,3.9742,1.128,0.0342,0.381,NOMINAL,NORMAL,0,,0,4.0,4385,3070
1781445214.686981,7,10,2.8295,1.247,0.0353,0.379,NOMINAL,NORMAL,0,,0,4.0,4385,3070
1781445215.1877809,7,10,3.8877,1.508,0.0463,0.488,NOMINAL,NORMAL,0,,19,4.5,4385,3070
1781445215.6862254,7,10,2.4525,1.15,0.033,0.366,NOMINAL,NORMAL,0,,19,4.5,4385,3070
1781445216.187907,7,10,3.9101,1.566,0.0476,0.507,NOMINAL,NORMAL,0,,0,4.8,4385,3070
1781445216.6866796,7,10,2.4141,1.665,0.0352,0.416,NOMINAL,NORMAL,0,,0,4.8,4385,3070
1781445217.1887205,7,10,4.2496,1.456,0.046,0.51,NOMINAL,NORMAL,0,,0,4.0,4385,3070
1781445217.6860383,7,10,2.4081,1.182,0.0337,0.388,NOMINAL,NORMAL,0,,0,4.0,4385,3070
1781445218.1886516,7,10,4.2409,1.507,0.0452,0.497,NOMINAL,NORMAL,0,,26,4.2,4385,3070
1781445218.685855,7,10,2.4023,0.805,0.023,0.323,NOMINAL,NORMAL,0,,26,4.2,4385,3070
1781445219.1888306,7,10,4.2429,1.666,0.0355,0.403,NOMINAL,NORMAL,0,,0,3.7,4346,3070
1781445219.6859806,7,10,2.3921,1.018,0.036,0.392,NOMINAL,NORMAL,0,,0,3.7,4346,3070
1781445220.1869721,7,10,3.4012,1.212,0.1153,0.492,NOMINAL,NORMAL,0,,0,3.7,4346,3070
1781445220.6872194,7,10,3.5562,1.139,0.0369,0.392,NOMINAL,NORMAL,0,,0,4.5,4425,3070
1781445221.1877577,7,10,3.6556,1.258,0.0349,0.381,NOMINAL,NORMAL,0,,0,4.5,4425,3070
1781445221.6870394,7,10,3.9593,1.084,0.0366,0.391,NOMINAL,NORMAL,0,,0,4.0,4385,3070
1781445222.1870408,7,10,2.9315,1.27,0.0351,0.403,NOMINAL,NORMAL,0,,0,4.0,4385,3070
1781445222.6880422,7,10,3.9748,1.69,0.0484,0.52,NOMINAL,NORMAL,0,,0,4.0,4385,3070
1781445223.1865213,7,10,2.4879,1.223,0.0332,0.399,NOMINAL,NORMAL,0,,0,4.0,4385,3070
1781445223.687853,7,10,3.944,1.531,0.0486,0.505,NOMINAL,NORMAL,0,,0,4.0,4425,3070
1781445224.1865113,7,10,2.4705,1.387,0.0352,0.413,NOMINAL,NORMAL,0,,0,4.0,4425,3070
1781445224.687585,7,10,3.6154,1.595,0.0448,0.517,NOMINAL,NORMAL,0,,0,4.5,4385,3070
1781445225.1862183,7,10,2.4271,1.277,0.034,0.41,NOMINAL,NORMAL,0,,0,4.5,4385,3070
1781445225.6884537,7,10,4.1895,1.511,0.0447,0.51,NOMINAL,NORMAL,0,,0,4.2,4385,3070
1781445226.1857321,7,10,2.4348,0.901,0.0232,0.273,NOMINAL,NORMAL,0,,0,4.2,4385,3070
1781445226.6888273,7,10,4.248,1.488,0.0413,0.596,NOMINAL,NORMAL,0,,0,4.2,4385,3070
1781445227.1878347,7,10,3.9223,1.527,0.0482,0.497,NOMINAL,NORMAL,0,,0,4.2,4385,3070
1781445227.6882584,7,10,4.2262,1.391,0.0378,0.394,NOMINAL,NORMAL,0,,0,4.2,4385,3070
1781445228.1870556,7,10,3.4263,1.139,0.0357,0.398,NOMINAL,NORMAL,0,,0,4.2,4385,3070
1781445228.6880202,7,10,3.5467,1.234,0.0332,0.376,NOMINAL,NORMAL,0,,61,4.2,4425,3070
1781445229.1868546,7,10,3.8677,1.021,0.034,0.412,NOMINAL,NORMAL,0,,61,4.2,4425,3070
1781445229.687065,7,10,2.9911,1.311,0.0346,0.391,NOMINAL,NORMAL,0,,50,4.3,4385,3070
1781445230.1879067,7,10,3.9766,1.523,0.0468,0.507,NOMINAL,NORMAL,0,,50,4.3,4385,3070
1781445230.6865666,7,10,2.5341,1.19,0.0356,0.386,NOMINAL,NORMAL,0,,99,4.2,4425,3070
1781445231.188065,7,10,3.8926,1.524,0.048,0.501,NOMINAL,NORMAL,0,,99,4.2,4425,3070
1781445231.6863968,7,10,2.4372,1.17,0.0356,0.504,NOMINAL,NORMAL,0,,99,3.8,4425,3070
1781445232.1880286,7,10,3.9306,1.451,0.0506,0.503,NOMINAL,NORMAL,0,,99,3.8,4425,3070
1781445232.6862068,7,10,2.4284,1.211,0.0339,0.384,NOMINAL,NORMAL,0,,99,4.3,4425,3070
1781445233.1863422,7,10,2.6719,1.184,0.0336,0.367,NOMINAL,NORMAL,0,,99,4.3,4425,3070
1781445233.6857302,7,10,2.4582,0.953,0.0237,0.264,NOMINAL,NORMAL,0,,99,4.2,4425,3070
1781445234.1890993,7,10,4.1865,1.416,0.0393,0.601,NOMINAL,NORMAL,0,,99,4.2,4425,3070
1781445234.686009,7,10,2.5284,0.971,0.0324,0.348,NOMINAL,NORMAL,0,,99,4.2,4425,3070
1781445235.1884058,7,10,4.2915,1.242,0.0335,0.369,NOMINAL,NORMAL,0,,99,4.2,4425,3070
1781445235.6868315,7,10,3.1713,1.055,0.0356,0.434,NOMINAL,NORMAL,0,,99,4.7,4465,3071
1781445236.18715,7,10,3.1176,1.213,0.0333,0.375,NOMINAL,NORMAL,0,,99,4.7,4465,3071
1781445236.6869986,7,10,3.962,1.091,0.035,0.375,NOMINAL,NORMAL,0,,91,4.3,4505,3071
1781445237.1871629,7,10,3.2073,1.204,0.0336,0.371,NOMINAL,NORMAL,0,,91,4.3,4505,3071
1781445237.6873257,7,10,3.9715,1.068,0.0368,0.432,NOMINAL,NORMAL,0,,80,4.0,4505,3071
