phys_ts,ap_pub_wall_ts,n_channels,resample_ms,z_eval_ms,bg_update_ms,dds_transport_ms,fsm_eval_ms,node_latency_ms,from_state,ap_state,rpn_result,counter,trigger_channels
1647561600.0,1786285259.9944122,1,1.2286,0.0551,0.0307,0.817,0.0317,0.265,NOMINAL,NOMINAL,STALE,0,
1647562500.0,1786285260.1192937,1,1.2613,0.0597,,0.889,0.0315,0.267,NOMINAL,NOMINAL,STALE,0,
1647563400.0,1786285260.2436862,1,1.1615,0.0568,,0.71,0.0294,0.212,NOMINAL,NOMINAL,STALE,0,
1647564300.0,1786285260.3683167,1,1.0235,0.053,,0.58,0.0272,0.228,NOMINAL,NOMINAL,STALE,0,
1647565200.0,1786285260.4933443,1,1.0531,0.055,,0.573,0.0263,0.222,NOMINAL,NOMINAL,STALE,0,
1647566100.0,1786285260.6181479,1,0.9529,0.051,,0.557,0.0238,0.184,NOMINAL,NOMINAL,STALE,0,
1647567000.0,1786285260.7430518,1,0.8887,0.0493,,0.561,0.0233,0.207,NOMINAL,NOMINAL,STALE,0,
1647567900.0,1786285260.8682911,1,0.9873,0.0532,,0.581,0.0249,0.221,NOMINAL,NOMINAL,STALE,0,
1647568800.0,1786285260.9932146,1,1.0085,0.0537,,0.566,0.0232,0.184,NOMINAL,NOMINAL,STALE,0,
1647569700.0,1786285261.1187596,1,1.1207,0.0582,,0.733,0.0282,0.222,NOMINAL,NOMINAL,STALE,0,
1647570600.0,1786285261.2431312,1,0.9315,0.0517,,0.563,0.0262,0.19,NOMINAL,NOMINAL,STALE,0,
1647571500.0,1786285261.3682897,1,0.9688,0.0529,,0.596,0.027,0.229,NOMINAL,NOMINAL,STALE,0,
1647572400.0,1786285261.493131,1,0.9498,0.0504,,0.531,0.0235,0.209,NOMINAL,NOMINAL,STALE,0,
1647573300.0,1786285261.6180408,1,0.8989,0.0497,,0.528,0.0233,0.172,NOMINAL,NOMINAL,STALE,0,
1647574200.0,1786285261.7431865,1,0.9408,0.0512,,0.577,0.0242,0.177,NOMINAL,NOMINAL,STALE,0,
1647575100.0,1786285261.8680673,1,0.9001,0.0498,,0.55,0.0243,0.171,NOMINAL,NOMINAL,STALE,0,
1647576000.0,1786285261.9931526,1,0.9631,0.0498,,0.541,0.0227,0.178,NOMINAL,NOMINAL,STALE,0,
1647576900.0,1786285262.1182752,1,0.9613,0.0526,,0.591,0.0238,0.181,NOMINAL,NOMINAL,STALE,0,
1647577800.0,1786285262.2434175,1,1.021,0.0541,,0.637,0.0273,0.194,NOMINAL,NOMINAL,STALE,0,
1647578700.0,1786285262.368357,1,1.0228,0.0524,,0.633,0.0244,0.194,NOMINAL,NOMINAL,STALE,0,
1647579600.0,1786285262.4938068,1,1.1528,0.0588,,0.787,0.0322,0.233,NOMINAL,NOMINAL,STALE,0,
1647580500.0,1786285262.6191573,1,1.2129,0.0595,,0.838,0.0317,0.229,NOMINAL,NOMINAL,STALE,0,
1647581400.0,1786285262.743688,1,1.1333,0.0551,,0.688,0.0284,0.235,NOMINAL,NOMINAL,STALE,0,
1647582300.0,1786285262.8683567,1,1.0217,0.0525,,0.619,0.0271,0.195,NOMINAL,NOMINAL,STALE,0,
1647583200.0,1786285262.9934044,1,1.094,0.053,,0.563,0.0253,0.192,NOMINAL,NOMINAL,STALE,0,
1647584100.0,1786285263.1183994,1,1.029,0.0531,,0.594,0.0285,0.197,NOMINAL,NOMINAL,STALE,0,
1647585000.0,1786285263.2434678,1,1.0592,0.0536,,0.627,0.0269,0.203,NOMINAL,NOMINAL,STALE,0,
1647585900.0,1786285263.3683994,1,1.0446,0.0552,,0.626,0.0264,0.201,NOMINAL,NOMINAL,STALE,0,
1647586800.0,1786285263.4933755,1,1.0502,0.0538,,0.618,0.0272,0.207,NOMINAL,NOMINAL,STALE,0,
1647587700.0,1786285263.6191661,1,1.1965,0.0586,,0.896,0.0319,0.236,NOMINAL,NOMINAL,STALE,0,
1647588600.0,1786285263.743574,1,1.1044,0.0546,,0.657,0.028,0.208,NOMINAL,NOMINAL,STALE,0,
1647589500.0,1786285263.8683693,1,1.0173,0.0516,,0.622,0.0263,0.195,NOMINAL,NOMINAL,STALE,0,
1647590400.0,1786285263.9933472,1,1.0485,0.0535,,0.553,0.0244,0.216,NOMINAL,NOMINAL,STALE,0,
1647591300.0,1786285264.1183445,1,1.0196,0.0519,,0.584,0.0259,0.193,NOMINAL,NOMINAL,STALE,0,
1647592200.0,1786285264.243475,1,1.0623,0.0528,,0.642,0.0256,0.194,NOMINAL,NOMINAL,STALE,0,
1647593100.0,1786285264.3683822,1,1.0226,0.0533,,0.629,0.0264,0.198,NOMINAL,NOMINAL,STALE,0,
1647594000.0,1786285264.4931633,1,0.9795,0.0523,,0.546,0.0224,0.176,NOMINAL,NOMINAL,STALE,0,
1647594900.0,1786285264.6180978,1,0.9155,0.0503,,0.542,0.0218,0.172,NOMINAL,NOMINAL,STALE,0,
1647595800.0,1786285264.743041,1,0.9116,0.0496,,0.531,0.0225,0.17,NOMINAL,NOMINAL,STALE,0,
1647596700.0,1786285264.868139,1,0.9259,0.0493,,0.547,0.0236,0.204,NOMINAL,NOMINAL,STALE,0,
1647597600.0,1786285264.9931831,1,0.9791,0.0504,,0.535,0.024,0.179,NOMINAL,NOMINAL,STALE,0,
1647598500.0,1786285265.1182067,1,0.9536,0.0492,,0.554,0.0244,0.183,NOMINAL,NOMINAL,STALE,0,
1647599400.0,1786285265.2434123,1,1.0275,0.0526,,0.634,0.0274,0.195,NOMINAL,NOMINAL,STALE,0,
1647600300.0,1786285265.3683352,1,0.9883,0.0521,,0.587,0.0273,0.259,NOMINAL,NOMINAL,STALE,0,
1647601200.0,1786285265.493131,1,0.9602,0.0507,,0.543,0.025,0.178,NOMINAL,NOMINAL,STALE,0,
1647602100.0,1786285265.6180716,1,0.9083,0.0494,,0.53,0.0251,0.175,NOMINAL,NOMINAL,STALE,0,
1647603000.0,1786285265.743114,1,0.9141,0.0494,,0.571,0.0235,0.178,NOMINAL,NOMINAL,STALE,0,
1647603900.0,1786285265.8680356,1,0.9077,0.0477,,0.521,0.0228,0.17,NOMINAL,NOMINAL,STALE,0,
1647604800.0,1786285265.99321,1,0.9725,0.0514,,0.543,0.0245,0.184,NOMINAL,NOMINAL,STALE,0,
1647605700.0,1786285266.1182437,1,0.959,0.0512,,0.556,0.025,0.211,NOMINAL,NOMINAL,STALE,0,
1647606600.0,1786285266.2434368,1,1.0291,0.0529,,0.643,0.0254,0.199,NOMINAL,NOMINAL,STALE,0,
1647607500.0,1786285266.3682666,1,0.987,0.0521,,0.574,0.051,0.218,NOMINAL,NOMINAL,STALE,0,
1647608400.0,1786285266.4932678,1,1.0078,0.0503,,0.578,0.0256,0.183,NOMINAL,NOMINAL,STALE,0,
1647609300.0,1786285266.6181092,1,0.9466,0.05,,0.543,0.023,0.172,NOMINAL,NOMINAL,STALE,0,
1647610200.0,1786285266.7430665,1,0.9154,0.0516,,0.53,0.0233,0.173,NOMINAL,NOMINAL,STALE,0,
1647611100.0,1786285266.8680289,1,0.894,0.0508,,0.513,0.0256,0.194,NOMINAL,NOMINAL,STALE,0,
1647612000.0,1786285266.993067,1,0.937,0.0495,,0.505,0.0248,0.174,NOMINAL,NOMINAL,STALE,0,
1647612900.0,1786285267.1181543,1,0.9431,0.0496,,0.538,0.0227,0.176,NOMINAL,NOMINAL,STALE,0,
1647613800.0,1786285267.2431135,1,0.9285,0.0503,,0.54,0.0244,0.178,NOMINAL,NOMINAL,STALE,0,
1647614700.0,1786285267.3684895,1,1.0459,0.0521,,0.682,0.0273,0.202,NOMINAL,NOMINAL,STALE,0,
1647615600.0,1786285267.4938498,1,1.1622,0.058,,0.799,0.0306,0.23,NOMINAL,NOMINAL,STALE,0,
1647616500.0,1786285267.6192038,1,1.2428,0.0573,,0.867,0.0304,0.227,NOMINAL,NOMINAL,STALE,0,
1647617400.0,1786285267.7434163,1,1.064,0.0524,,0.631,0.0267,0.196,NOMINAL,NOMINAL,STALE,0,
1647618300.0,1786285267.8681412,1,0.9408,0.0506,,0.546,0.0295,0.215,NOMINAL,NOMINAL,STALE,0,
1647619200.0,1786285267.9931016,1,0.9677,0.051,,0.52,0.0227,0.176,NOMINAL,NOMINAL,STALE,0,
1647620100.0,1786285268.118332,1,0.9874,0.0519,,0.587,0.0265,0.219,NOMINAL,NOMINAL,STALE,0,
1647621000.0,1786285268.2431343,1,0.9503,0.0503,,0.546,0.0247,0.176,NOMINAL,NOMINAL,STALE,0,
1647621900.0,1786285268.3684719,1,1.0234,0.0553,,0.676,0.0286,0.201,NOMINAL,NOMINAL,STALE,0,
1647622800.0,1786285268.4932477,1,0.9965,0.0501,,0.576,0.0237,0.183,NOMINAL,NOMINAL,STALE,0,
1647623700.0,1786285268.6189926,1,1.1662,0.0555,,0.803,0.0313,0.221,NOMINAL,NOMINAL,STALE,0,
1647624600.0,1786285268.7434258,1,1.0544,0.0546,,0.634,0.0286,0.199,NOMINAL,NOMINAL,STALE,0,
1647625500.0,1786285268.8681905,1,0.9564,0.0522,,0.552,0.0254,0.206,NOMINAL,NOMINAL,STALE,0,
1647626400.0,1786285268.993311,1,1.076,0.0521,,0.54,0.0264,0.187,NOMINAL,NOMINAL,STALE,0,
1647627300.0,1786285269.1182616,1,0.988,0.0508,,0.564,0.0269,0.185,NOMINAL,NOMINAL,STALE,0,
1647628200.0,1786285269.2431355,1,0.9522,0.0496,,0.542,0.0256,0.178,NOMINAL,NOMINAL,STALE,0,
1647629100.0,1786285269.368417,1,1.0251,0.0532,,0.652,0.0276,0.189,NOMINAL,NOMINAL,STALE,0,
1647630000.0,1786285269.493325,1,1.0307,0.0513,,0.586,0.0257,0.213,NOMINAL,NOMINAL,STALE,0,
1647630900.0,1786285269.6180992,1,0.9243,0.0496,,0.527,0.0255,0.176,NOMINAL,NOMINAL,STALE,0,
1647631800.0,1786285269.7430766,1,0.9129,0.0523,,0.54,0.0239,0.173,NOMINAL,NOMINAL,STALE,0,
1647632700.0,1786285269.8680296,1,0.9098,0.0499,,0.51,0.0242,0.17,NOMINAL,NOMINAL,STALE,0,
1647633600.0,1786285269.9931169,1,0.9803,0.0503,,0.507,0.0235,0.172,NOMINAL,NOMINAL,STALE,0,
1647634500.0,1786285270.1181884,1,0.9452,0.0493,,0.538,0.0242,0.189,NOMINAL,NOMINAL,STALE,0,
1647635400.0,1786285270.2440538,1,1.1775,0.059,,0.834,0.0288,0.215,NOMINAL,NOMINAL,STALE,0,
1647636300.0,1786285270.368708,1,1.1045,0.0566,,0.739,0.0287,0.208,NOMINAL,NOMINAL,STALE,0,
1647637200.0,1786285270.4934137,1,1.0726,0.0516,,0.606,0.0276,0.191,NOMINAL,NOMINAL,STALE,0,
1647638100.0,1786285270.6181853,1,0.9609,0.0491,,0.553,0.0227,0.17,NOMINAL,NOMINAL,STALE,0,
1647639000.0,1786285270.743129,1,0.935,0.0499,,0.553,0.0238,0.172,NOMINAL,NOMINAL,STALE,0,
1647639900.0,1786285270.8680315,1,0.8983,0.05,,0.522,0.0232,0.166,NOMINAL,NOMINAL,STALE,0,
1647640800.0,1786285270.9930966,1,0.9413,0.0498,,0.526,0.0238,0.17,NOMINAL,NOMINAL,STALE,0,
1647641700.0,1786285271.1181934,1,0.964,0.0502,,0.544,0.0236,0.17,NOMINAL,NOMINAL,STALE,0,
1647642600.0,1786285271.2431924,1,0.9562,0.0508,,0.562,0.0239,0.18,NOMINAL,NOMINAL,STALE,0,
1647643500.0,1786285271.368368,1,1.0013,0.0513,,0.644,0.0256,0.19,NOMINAL,NOMINAL,STALE,0,
1647644400.0,1786285271.493286,1,1.0127,0.0508,,0.586,0.0234,0.178,NOMINAL,NOMINAL,STALE,0,
1647645300.0,1786285271.6181269,1,0.9403,0.0505,,0.521,0.0252,0.18,NOMINAL,NOMINAL,STALE,0,
1647646200.0,1786285271.743131,1,0.9426,0.0487,,0.546,0.0223,0.175,NOMINAL,NOMINAL,STALE,0,
1647647100.0,1786285271.8680668,1,0.9178,0.0509,,0.524,0.0233,0.167,NOMINAL,NOMINAL,STALE,0,
1647648000.0,1786285271.9947743,1,0.9746,0.1621,0.5317,0.544,0.0282,0.205,NOMINAL,NOMINAL,NORMAL,0,
1647648900.0,1786285272.1184525,1,1.0296,0.1408,,0.61,0.0288,0.197,NOMINAL,NOMINAL,NORMAL,0,
1647649800.0,1786285272.2433074,1,0.9797,0.133,,0.579,0.0289,0.19,NOMINAL,NOMINAL,NORMAL,0,
1647650700.0,1786285272.3686035,1,1.0445,0.1375,,0.704,0.0304,0.21,NOMINAL,NOMINAL,NORMAL,0,
1647651600.0,1786285272.4939394,1,1.1836,0.1554,,0.787,0.0459,0.247,NOMINAL,NOMINAL,NORMAL,0,
1647652500.0,1786285272.6192794,1,1.1954,0.1522,,0.895,0.0331,0.235,NOMINAL,NOMINAL,TRIGGERED,1,omni_p6
1647653400.0,1786285272.7446449,1,1.1162,0.1425,,0.69,0.0431,1.168,NOMINAL,PRE_ALERT,TRIGGERED,2,omni_p6
1647654300.0,1786285272.8696203,1,1.0286,0.1337,,0.611,0.0404,1.383,PRE_ALERT,NOMINAL,NORMAL,0,
1647655200.0,1786285272.993351,1,1.0331,0.1304,,0.532,0.0286,0.219,NOMINAL,NOMINAL,NORMAL,0,
1647656100.0,1786285273.1183357,1,0.992,0.1299,,0.559,0.0279,0.184,NOMINAL,NOMINAL,NORMAL,0,
1647657000.0,1786285273.243262,1,0.9733,0.1285,,0.557,0.027,0.177,NOMINAL,NOMINAL,NORMAL,0,
1647657900.0,1786285273.368335,1,0.9764,0.1341,,0.605,0.0261,0.184,NOMINAL,NOMINAL,TRIGGERED,1,omni_p6
1647658800.0,1786285273.4944363,1,1.056,0.1386,,0.645,0.0409,1.109,NOMINAL,PRE_ALERT,TRIGGERED,2,omni_p6
1647659700.0,1786285273.6200635,1,1.1728,0.1476,,0.851,0.0514,1.124,PRE_ALERT,NOMINAL,NORMAL,0,
1647660600.0,1786285273.74359,1,1.0876,0.1421,,0.648,0.0304,0.198,NOMINAL,NOMINAL,NORMAL,0,
1647661500.0,1786285273.868372,1,1.016,0.1327,,0.602,0.0261,0.183,NOMINAL,NOMINAL,NORMAL,0,
1647662400.0,1786285273.9933116,1,1.015,0.1336,,0.557,0.026,0.185,NOMINAL,NOMINAL,NORMAL,0,
1647663300.0,1786285274.118527,1,1.0504,0.1382,,0.623,0.0282,0.199,NOMINAL,NOMINAL,NORMAL,0,
1647664200.0,1786285274.243326,1,0.9971,0.1333,,0.586,0.0265,0.189,NOMINAL,NOMINAL,NORMAL,0,
1647665100.0,1786285274.3683333,1,0.9934,0.131,,0.595,0.0259,0.188,NOMINAL,NOMINAL,NORMAL,0,
1647666000.0,1786285274.4934402,1,1.0338,0.1318,,0.619,0.0279,0.194,NOMINAL,NOMINAL,NORMAL,0,
1647666900.0,1786285274.6181796,1,0.9466,0.1276,,0.526,0.0264,0.18,NOMINAL,NOMINAL,NORMAL,0,
1647667800.0,1786285274.7431417,1,0.9263,0.1273,,0.524,0.0282,0.179,NOMINAL,NOMINAL,NORMAL,0,
1647668700.0,1786285274.8681624,1,0.9152,0.1275,,0.536,0.0268,0.2,NOMINAL,NOMINAL,NORMAL,0,
1647669600.0,1786285274.9931426,1,0.9528,0.1287,,0.499,0.0272,0.179,NOMINAL,NOMINAL,NORMAL,0,
1647670500.0,1786285275.1182046,1,0.921,0.1293,,0.546,0.0262,0.184,NOMINAL,NOMINAL,NORMAL,0,
1647671400.0,1786285275.2432208,1,0.9522,0.1301,,0.552,0.028,0.18,NOMINAL,NOMINAL,NORMAL,0,
1647672300.0,1786285275.3682642,1,0.9521,0.1307,,0.547,0.0308,0.212,NOMINAL,NOMINAL,NORMAL,0,
1647673200.0,1786285275.4933805,1,1.0139,0.1326,,0.589,0.0295,0.196,NOMINAL,NOMINAL,NORMAL,0,
1647674100.0,1786285275.6182177,1,0.9267,0.1275,,0.533,0.0262,0.212,NOMINAL,NOMINAL,NORMAL,0,
1647675000.0,1786285275.7431605,1,0.9495,0.1286,,0.521,0.024,0.174,NOMINAL,NOMINAL,TRIGGERED,1,omni_p6
1647675900.0,1786285275.868099,1,0.8983,0.1281,,0.519,0.0275,0.175,NOMINAL,NOMINAL,NORMAL,0,
1647676800.0,1786285275.9931285,1,0.9413,0.1258,,0.505,0.0258,0.178,NOMINAL,NOMINAL,NORMAL,0,
1647677700.0,1786285276.1181583,1,0.9087,0.1279,,0.534,0.0248,0.175,NOMINAL,NOMINAL,NORMAL,0,
1647678600.0,1786285276.2432117,1,0.9542,0.125,,0.553,0.026,0.175,NOMINAL,NOMINAL,NORMAL,0,
1647679500.0,1786285276.367955,1,0.7591,0.0379,,0.555,0.0209,0.175,NOMINAL,NOMINAL,STALE,0,
1647680400.0,1786285276.4930444,1,0.7592,0.0405,,0.589,0.0227,0.182,NOMINAL,NOMINAL,STALE,0,
1647681300.0,1786285276.6178842,1,0.729,0.039,,0.536,0.0224,0.172,NOMINAL,NOMINAL,STALE,0,
1647682200.0,1786285276.7427723,1,0.6993,0.0386,,0.514,0.0203,0.163,NOMINAL,NOMINAL,STALE,0,
1647683100.0,1786285276.8677788,1,0.6999,0.0407,,0.517,0.0195,0.158,NOMINAL,NOMINAL,STALE,0,
1647684000.0,1786285276.992815,1,0.7047,0.0387,,0.551,0.0189,0.163,NOMINAL,NOMINAL,STALE,0,
1647684900.0,1786285277.1178112,1,0.7058,0.0381,,0.506,0.0195,0.161,NOMINAL,NOMINAL,STALE,0,
1647685800.0,1786285277.2429936,1,0.7655,0.0405,,0.574,0.0222,0.175,NOMINAL,NOMINAL,STALE,0,
1647686700.0,1786285277.3679342,1,0.7472,0.0388,,0.555,0.0222,0.173,NOMINAL,NOMINAL,STALE,0,
1647687600.0,1786285277.4933589,1,0.8531,0.0431,,0.726,0.0271,0.206,NOMINAL,NOMINAL,STALE,0,
1647688500.0,1786285277.6188486,1,0.9502,0.0464,,0.83,0.0299,0.221,NOMINAL,NOMINAL,STALE,0,
1647689400.0,1786285277.7432635,1,0.8757,0.0418,,0.644,0.0233,0.195,NOMINAL,NOMINAL,STALE,0,
1647690300.0,1786285277.8680139,1,0.7872,0.0412,,0.554,0.0219,0.179,NOMINAL,NOMINAL,STALE,0,
1647691200.0,1786285277.9929903,1,0.7805,0.0414,,0.529,0.0244,0.178,NOMINAL,NOMINAL,STALE,0,
1647692100.0,1786285278.1179686,1,0.7698,0.0405,,0.541,0.0219,0.172,NOMINAL,NOMINAL,STALE,0,
1647693000.0,1786285278.2429407,1,0.7625,0.04,,0.545,0.0203,0.173,NOMINAL,NOMINAL,STALE,0,
1647693900.0,1786285278.3680255,1,0.7832,0.0414,,0.565,0.0227,0.183,NOMINAL,NOMINAL,STALE,0,
1647694800.0,1786285278.492858,1,0.7294,0.0652,,0.521,0.0194,0.162,NOMINAL,NOMINAL,STALE,0,
1647695700.0,1786285278.61888,1,0.9574,0.0454,,0.865,0.0296,0.227,NOMINAL,NOMINAL,STALE,0,
1647696600.0,1786285278.7432292,1,0.8513,0.0407,,0.641,0.0231,0.188,NOMINAL,NOMINAL,STALE,0,
1647697500.0,1786285278.868002,1,0.7857,0.0414,,0.559,0.0231,0.175,NOMINAL,NOMINAL,STALE,0,
1647698400.0,1786285278.9929852,1,0.7611,0.0398,,0.539,0.0229,0.178,NOMINAL,NOMINAL,STALE,0,
1647699300.0,1786285279.1179433,1,0.749,0.0395,,0.526,0.0196,0.198,NOMINAL,NOMINAL,STALE,0,
1647700200.0,1786285279.243053,1,0.7862,0.0389,,0.594,0.021,0.178,NOMINAL,NOMINAL,STALE,0,
1647701100.0,1786285279.3680463,1,0.7764,0.041,,0.597,0.0221,0.178,NOMINAL,NOMINAL,STALE,0,
1647702000.0,1786285279.492879,1,0.7308,0.0665,,0.53,0.0212,0.165,NOMINAL,NOMINAL,STALE,0,
1647702900.0,1786285279.618069,1,0.7767,0.0402,,0.606,0.0211,0.178,NOMINAL,NOMINAL,STALE,0,
1647703800.0,1786285279.7428496,1,0.7182,0.0386,,0.541,0.0217,0.167,NOMINAL,NOMINAL,STALE,0,
1647704700.0,1786285279.86783,1,0.706,0.0391,,0.534,0.0202,0.159,NOMINAL,NOMINAL,STALE,0,
1647705600.0,1786285279.99285,1,0.7178,0.0698,,0.505,0.0201,0.163,NOMINAL,NOMINAL,STALE,0,
1647706500.0,1786285280.1178832,1,0.7305,0.0385,,0.522,0.0198,0.164,NOMINAL,NOMINAL,STALE,0,
1647707400.0,1786285280.2429335,1,0.7421,0.0377,,0.551,0.0206,0.169,NOMINAL,NOMINAL,STALE,0,
1647708300.0,1786285280.3679557,1,0.7491,0.0394,,0.558,0.0204,0.17,NOMINAL,NOMINAL,STALE,0,
1647709200.0,1786285280.492852,1,0.7188,0.0673,,0.526,0.0193,0.164,NOMINAL,NOMINAL,STALE,0,
1647710100.0,1786285280.6181405,1,0.7853,0.0415,,0.616,0.0219,0.187,NOMINAL,NOMINAL,STALE,0,
1647711000.0,1786285280.7428732,1,0.7361,0.0394,,0.54,0.0208,0.169,NOMINAL,NOMINAL,STALE,0,
1647711900.0,1786285280.8678353,1,0.7166,0.0396,,0.532,0.0198,0.165,NOMINAL,NOMINAL,STALE,0,
1647712800.0,1786285280.9928546,1,0.7086,0.0642,,0.521,0.0214,0.169,NOMINAL,NOMINAL,STALE,0,
1647713700.0,1786285281.117883,1,0.7134,0.0399,,0.538,0.0194,0.167,NOMINAL,NOMINAL,STALE,0,
1647714600.0,1786285281.2429192,1,0.7377,0.039,,0.557,0.0208,0.175,NOMINAL,NOMINAL,STALE,0,
1647715500.0,1786285281.3679762,1,0.7593,0.0414,,0.566,0.0212,0.177,NOMINAL,NOMINAL,STALE,0,
1647716400.0,1786285281.4928575,1,0.7279,0.0643,,0.522,0.0196,0.165,NOMINAL,NOMINAL,STALE,0,
1647717300.0,1786285281.618007,1,0.75,0.0388,,0.587,0.0197,0.179,NOMINAL,NOMINAL,STALE,0,
1647718200.0,1786285281.7428818,1,0.7338,0.0384,,0.559,0.0207,0.167,NOMINAL,NOMINAL,STALE,0,
1647719100.0,1786285281.8678725,1,0.745,0.0396,,0.539,0.0195,0.164,NOMINAL,NOMINAL,STALE,0,
1647720000.0,1786285281.9928403,1,0.7203,0.0739,,0.505,0.0193,0.161,NOMINAL,NOMINAL,STALE,0,
1647720900.0,1786285282.1179087,1,0.7304,0.0409,,0.542,0.0193,0.169,NOMINAL,NOMINAL,STALE,0,
1647721800.0,1786285282.2429013,1,0.7401,0.0394,,0.54,0.0191,0.166,NOMINAL,NOMINAL,STALE,0,
1647722700.0,1786285282.3679326,1,0.7462,0.0404,,0.551,0.021,0.169,NOMINAL,NOMINAL,STALE,0,
1647723600.0,1786285282.4930499,1,0.7562,0.0438,,0.612,0.0217,0.186,NOMINAL,NOMINAL,STALE,0,
1647724500.0,1786285282.6189504,1,0.9592,0.0457,,0.877,0.0283,0.252,NOMINAL,NOMINAL,STALE,0,
1647725400.0,1786285282.7432415,1,0.8603,0.0405,,0.647,0.0245,0.19,NOMINAL,NOMINAL,STALE,0,
1647726300.0,1786285282.868067,1,0.8031,0.0399,,0.594,0.0211,0.176,NOMINAL,NOMINAL,STALE,0,
1647727200.0,1786285282.9929907,1,0.7613,0.0394,,0.56,0.0197,0.172,NOMINAL,NOMINAL,STALE,0,
1647728100.0,1786285283.1180067,1,0.7644,0.0391,,0.566,0.0233,0.177,NOMINAL,NOMINAL,STALE,0,
1647729000.0,1786285283.2430148,1,0.7675,0.0389,,0.596,0.0219,0.176,NOMINAL,NOMINAL,STALE,0,
1647729900.0,1786285283.367931,1,0.7498,0.0392,,0.557,0.021,0.172,NOMINAL,NOMINAL,STALE,0,
1647730800.0,1786285283.492955,1,0.7431,0.0399,,0.561,0.0215,0.175,NOMINAL,NOMINAL,STALE,0,
1647731700.0,1786285283.6188323,1,0.9381,0.0439,,0.829,0.0286,0.23,NOMINAL,NOMINAL,STALE,0,
1647732600.0,1786285283.7434564,1,0.9071,0.0428,,0.713,0.0251,0.203,NOMINAL,NOMINAL,STALE,0,
1647733500.0,1786285283.8682146,1,0.8461,0.0405,,0.622,0.0228,0.213,NOMINAL,NOMINAL,STALE,0,
1647734400.0,1786285283.9936824,1,0.8506,0.0397,0.5299,0.56,0.0225,0.181,NOMINAL,NOMINAL,STALE,0,
1647735300.0,1786285284.1181092,1,0.8234,0.0422,,0.588,0.0215,0.182,NOMINAL,NOMINAL,STALE,0,
1647736200.0,1786285284.2431262,1,0.8268,0.0409,,0.599,0.0235,0.184,NOMINAL,NOMINAL,STALE,0,
1647737100.0,1786285284.368079,1,0.8145,0.0411,,0.576,0.0225,0.183,NOMINAL,NOMINAL,STALE,0,
1647738000.0,1786285284.4931664,1,0.8433,0.0399,,0.62,0.0239,0.188,NOMINAL,NOMINAL,STALE,0,
1647738900.0,1786285284.617963,1,0.7636,0.0394,,0.554,0.0224,0.176,NOMINAL,NOMINAL,STALE,0,
1647739800.0,1786285284.7432683,1,0.8393,0.0409,,0.676,0.0221,0.192,NOMINAL,NOMINAL,STALE,0,
1647740700.0,1786285284.8680317,1,0.7891,0.0396,,0.572,0.0224,0.179,NOMINAL,NOMINAL,STALE,0,
1647741600.0,1786285284.9929576,1,0.7726,0.0427,,0.525,0.0213,0.176,NOMINAL,NOMINAL,STALE,0,
1647742500.0,1786285285.1180267,1,0.784,0.0382,,0.576,0.0222,0.178,NOMINAL,NOMINAL,STALE,0,
1647743400.0,1786285285.2430575,1,0.7872,0.0386,,0.597,0.0227,0.179,NOMINAL,NOMINAL,STALE,0,
1647744300.0,1786285285.3679736,1,0.7701,0.0406,,0.566,0.0237,0.173,NOMINAL,NOMINAL,STALE,0,
1647745200.0,1786285285.4930189,1,0.7746,0.0411,,0.571,0.0234,0.177,NOMINAL,NOMINAL,STALE,0,
1647746100.0,1786285285.617963,1,0.7573,0.038,,0.562,0.0211,0.173,NOMINAL,NOMINAL,STALE,0,
1647747000.0,1786285285.743583,1,0.8973,0.0435,,0.791,0.0266,0.207,NOMINAL,NOMINAL,STALE,0,
1647747900.0,1786285285.8681843,1,0.8319,0.0399,,0.612,0.0237,0.219,NOMINAL,NOMINAL,STALE,0,
1647748800.0,1786285285.993023,1,0.7852,0.0416,,0.555,0.0237,0.184,NOMINAL,NOMINAL,STALE,0,
1647749700.0,1786285286.1181002,1,0.8124,0.0399,,0.57,0.024,0.184,NOMINAL,NOMINAL,STALE,0,
1647750600.0,1786285286.243051,1,0.7954,0.0396,,0.569,0.0214,0.18,NOMINAL,NOMINAL,STALE,0,
1647751500.0,1786285286.3679855,1,0.7794,0.039,,0.566,0.0207,0.173,NOMINAL,NOMINAL,STALE,0,
1647752400.0,1786285286.4930732,1,0.7786,0.0411,,0.595,0.0236,0.182,NOMINAL,NOMINAL,STALE,0,
1647753300.0,1786285286.617946,1,0.7596,0.0404,,0.532,0.0218,0.174,NOMINAL,NOMINAL,STALE,0,
1647754200.0,1786285286.7433317,1,0.8554,0.0414,,0.69,0.0232,0.2,NOMINAL,NOMINAL,STALE,0,
1647755100.0,1786285286.8680608,1,0.7973,0.0397,,0.595,0.0232,0.181,NOMINAL,NOMINAL,STALE,0,
1647756000.0,1786285286.993029,1,0.7952,0.042,,0.544,0.0229,0.181,NOMINAL,NOMINAL,STALE,0,
1647756900.0,1786285287.118061,1,0.7857,0.0408,,0.577,0.0225,0.182,NOMINAL,NOMINAL,STALE,0,
1647757800.0,1786285287.2430353,1,0.7796,0.0401,,0.578,0.0224,0.178,NOMINAL,NOMINAL,STALE,0,
1647758700.0,1786285287.3680634,1,0.8013,0.041,,0.578,0.0212,0.181,NOMINAL,NOMINAL,STALE,0,
1647759600.0,1786285287.4934366,1,0.8898,0.0445,,0.745,0.0264,0.23,NOMINAL,NOMINAL,STALE,0,
1647760500.0,1786285287.618959,1,0.9581,0.0455,,0.888,0.0288,0.245,NOMINAL,NOMINAL,STALE,0,
1647761400.0,1786285287.7435784,1,0.9199,0.0429,,0.775,0.0292,0.218,NOMINAL,NOMINAL,STALE,0,
1647762300.0,1786285287.8682542,1,0.843,0.0414,,0.642,0.0474,0.226,NOMINAL,NOMINAL,STALE,0,
1647763200.0,1786285287.9930384,1,0.799,0.0406,,0.554,0.0235,0.184,NOMINAL,NOMINAL,STALE,0,
1647764100.0,1786285288.1181314,1,0.8107,0.0412,,0.608,0.0238,0.187,NOMINAL,NOMINAL,STALE,0,
1647765000.0,1786285288.2431219,1,0.8087,0.0405,,0.619,0.0247,0.191,NOMINAL,NOMINAL,STALE,0,
1647765900.0,1786285288.3680084,1,0.7783,0.0403,,0.576,0.0219,0.179,NOMINAL,NOMINAL,STALE,0,
1647766800.0,1786285288.493075,1,0.7944,0.0404,,0.595,0.0228,0.175,NOMINAL,NOMINAL,STALE,0,
1647767700.0,1786285288.6188786,1,0.9356,0.0446,,0.881,0.0271,0.231,NOMINAL,NOMINAL,STALE,0,
1647768600.0,1786285288.743308,1,0.873,0.0443,,0.66,0.0244,0.21,NOMINAL,NOMINAL,STALE,0,
1647769500.0,1786285288.8683584,1,0.8804,0.0413,,0.698,0.0247,0.203,NOMINAL,NOMINAL,STALE,0,
1647770400.0,1786285288.9930768,1,0.8111,0.0416,,0.561,0.0225,0.182,NOMINAL,NOMINAL,STALE,0,
1647771300.0,1786285289.1181312,1,0.8303,0.0395,,0.592,0.022,0.189,NOMINAL,NOMINAL,STALE,0,
1647772200.0,1786285289.2430756,1,0.809,0.0395,,0.593,0.0239,0.188,NOMINAL,NOMINAL,STALE,0,
1647773100.0,1786285289.3679485,1,0.7727,0.0403,,0.55,0.0202,0.173,NOMINAL,NOMINAL,STALE,0,
1647774000.0,1786285289.4930391,1,0.7813,0.0403,,0.575,0.022,0.177,NOMINAL,NOMINAL,STALE,0,
1647774900.0,1786285289.6178641,1,0.7363,0.0381,,0.52,0.0192,0.166,NOMINAL,NOMINAL,STALE,0,
1647775800.0,1786285289.7427912,1,0.716,0.0369,,0.509,0.0186,0.163,NOMINAL,NOMINAL,STALE,0,
1647776700.0,1786285289.8683069,1,0.8338,0.0433,,0.664,0.0239,0.225,NOMINAL,NOMINAL,STALE,0,
1647777600.0,1786285289.9929888,1,0.7885,0.0413,,0.528,0.0215,0.18,NOMINAL,NOMINAL,STALE,0,
1647778500.0,1786285290.1180224,1,0.7777,0.0392,,0.568,0.0216,0.184,NOMINAL,NOMINAL,STALE,0,
1647779400.0,1786285290.242971,1,0.763,0.0382,,0.556,0.0218,0.178,NOMINAL,NOMINAL,STALE,0,
1647780300.0,1786285290.367895,1,0.7439,0.0391,,0.523,0.0229,0.179,NOMINAL,NOMINAL,STALE,0,
1647781200.0,1786285290.4929717,1,0.756,0.04,,0.55,0.0217,0.176,NOMINAL,NOMINAL,STALE,0,
1647782100.0,1786285290.6178534,1,0.731,0.0391,,0.512,0.0186,0.164,NOMINAL,NOMINAL,STALE,0,
1647783000.0,1786285290.7428453,1,0.7172,0.0393,,0.533,0.0212,0.17,NOMINAL,NOMINAL,STALE,0,
1647783900.0,1786285290.8681917,1,0.8148,0.0411,,0.614,0.0215,0.215,NOMINAL,NOMINAL,STALE,0,
1647784800.0,1786285290.9928598,1,0.7477,0.0433,,0.492,0.0197,0.168,NOMINAL,NOMINAL,STALE,0,
1647785700.0,1786285291.1179595,1,0.7488,0.0387,,0.552,0.0207,0.174,NOMINAL,NOMINAL,STALE,0,
1647786600.0,1786285291.2429574,1,0.7622,0.038,,0.549,0.0225,0.178,NOMINAL,NOMINAL,STALE,0,
1647787500.0,1786285291.3679574,1,0.7697,0.039,,0.544,0.0204,0.168,NOMINAL,NOMINAL,STALE,0,
1647788400.0,1786285291.4929552,1,0.7532,0.0388,,0.542,0.0215,0.168,NOMINAL,NOMINAL,STALE,0,
1647789300.0,1786285291.6178658,1,0.725,0.038,,0.525,0.0182,0.163,NOMINAL,NOMINAL,STALE,0,
1647790200.0,1786285291.7427943,1,0.7016,0.0367,,0.519,0.0207,0.159,NOMINAL,NOMINAL,STALE,0,
1647791100.0,1786285291.8682053,1,0.7945,0.0397,,0.636,0.0232,0.216,NOMINAL,NOMINAL,STALE,0,
1647792000.0,1786285291.9929347,1,0.749,0.0411,,0.531,0.0211,0.175,NOMINAL,NOMINAL,STALE,0,
1647792900.0,1786285292.1181054,1,0.7707,0.04,,0.594,0.0252,0.211,NOMINAL,NOMINAL,STALE,0,
1647793800.0,1786285292.2429883,1,0.7522,0.0392,,0.567,0.025,0.179,NOMINAL,NOMINAL,STALE,0,
1647794700.0,1786285292.3679426,1,0.7491,0.0411,,0.55,0.021,0.17,NOMINAL,NOMINAL,STALE,0,
1647795600.0,1786285292.4930966,1,0.7925,0.0439,,0.597,0.0244,0.188,NOMINAL,NOMINAL,STALE,0,
1647796500.0,1786285292.6188676,1,0.9488,0.0458,,0.841,0.0318,0.23,NOMINAL,NOMINAL,STALE,0,
1647797400.0,1786285292.743273,1,0.8789,0.0406,,0.639,0.0263,0.199,NOMINAL,NOMINAL,STALE,0,
1647798300.0,1786285292.8683822,1,0.8713,0.0412,,0.648,0.028,0.315,NOMINAL,NOMINAL,STALE,0,
1647799200.0,1786285292.993036,1,0.8339,0.0409,,0.537,0.0221,0.183,NOMINAL,NOMINAL,STALE,0,
1647800100.0,1786285293.1181388,1,0.8205,0.0405,,0.592,0.0232,0.184,NOMINAL,NOMINAL,STALE,0,
1647801000.0,1786285293.2430053,1,0.7921,0.0397,,0.562,0.0211,0.175,NOMINAL,NOMINAL,STALE,0,
1647801900.0,1786285293.3679378,1,0.7739,0.0394,,0.534,0.022,0.172,NOMINAL,NOMINAL,STALE,0,
1647802800.0,1786285293.4930036,1,0.7732,0.0397,,0.555,0.0212,0.171,NOMINAL,NOMINAL,STALE,0,
1647803700.0,1786285293.6187987,1,0.9266,0.0429,,0.84,0.0289,0.231,NOMINAL,NOMINAL,STALE,0,
1647804600.0,1786285293.743221,1,0.8471,0.0413,,0.639,0.0244,0.192,NOMINAL,NOMINAL,STALE,0,
1647805500.0,1786285293.8679981,1,0.7843,0.0405,,0.551,0.0225,0.174,NOMINAL,NOMINAL,STALE,0,
1647806400.0,1786285293.99316,1,0.8771,0.0437,,0.569,0.0243,0.186,NOMINAL,NOMINAL,STALE,0,
1647807300.0,1786285294.1180925,1,0.8115,0.0404,,0.577,0.0242,0.182,NOMINAL,NOMINAL,STALE,0,
1647808200.0,1786285294.2429843,1,0.7804,0.0386,,0.56,0.0217,0.173,NOMINAL,NOMINAL,STALE,0,
1647809100.0,1786285294.3679516,1,0.7657,0.0409,,0.548,0.0241,0.172,NOMINAL,NOMINAL,STALE,0,
1647810000.0,1786285294.4929812,1,0.7652,0.0435,,0.554,0.0223,0.171,NOMINAL,NOMINAL,STALE,0,
1647810900.0,1786285294.6179175,1,0.7374,0.039,,0.553,0.0222,0.168,NOMINAL,NOMINAL,STALE,0,
1647811800.0,1786285294.7428179,1,0.7171,0.0398,,0.527,0.0206,0.165,NOMINAL,NOMINAL,STALE,0,
1647812700.0,1786285294.8678224,1,0.7131,0.0392,,0.516,0.0218,0.181,NOMINAL,NOMINAL,STALE,0,
1647813600.0,1786285294.9930973,1,0.8205,0.0398,,0.577,0.0227,0.183,NOMINAL,NOMINAL,STALE,0,
1647814500.0,1786285295.117995,1,0.7696,0.0397,,0.554,0.0225,0.179,NOMINAL,NOMINAL,STALE,0,
1647815400.0,1786285295.2429385,1,0.7567,0.0396,,0.545,0.0225,0.174,NOMINAL,NOMINAL,STALE,0,
1647816300.0,1786285295.3683298,1,1.0404,0.1477,,0.553,0.0278,0.182,NOMINAL,NOMINAL,TRIGGERED,1,omni_p6
1647817200.0,1786285295.494222,1,1.0251,0.1424,,0.546,0.0447,1.102,NOMINAL,PRE_ALERT,TRIGGERED,2,omni_p6
1647818100.0,1786285295.6178727,1,0.7254,0.0409,,0.522,0.0211,0.165,PRE_ALERT,PRE_ALERT,STALE,2,
1647819000.0,1786285295.742785,1,0.71,0.0411,,0.515,0.0195,0.154,PRE_ALERT,PRE_ALERT,STALE,2,
1647819900.0,1786285295.8677948,1,0.7107,0.0426,,0.508,0.0207,0.162,PRE_ALERT,PRE_ALERT,STALE,2,
1647820800.0,1786285295.9937687,1,0.8494,0.0436,0.506,0.594,0.0244,0.201,PRE_ALERT,PRE_ALERT,STALE,2,
1647821700.0,1786285296.1180563,1,0.7977,0.0434,,0.565,0.0237,0.19,PRE_ALERT,PRE_ALERT,STALE,2,
1647822600.0,1786285296.243052,1,0.8033,0.0411,,0.567,0.0241,0.187,PRE_ALERT,PRE_ALERT,STALE,2,
1647823500.0,1786285296.367925,1,0.7601,0.0397,,0.528,0.0211,0.18,PRE_ALERT,PRE_ALERT,STALE,2,
1647824400.0,1786285296.493011,1,0.7666,0.0417,,0.558,0.0221,0.181,PRE_ALERT,PRE_ALERT,STALE,2,
1647825300.0,1786285296.617851,1,0.7099,0.0409,,0.529,0.0226,0.166,PRE_ALERT,PRE_ALERT,STALE,2,
1647826200.0,1786285296.7427812,1,0.6945,0.0405,,0.521,0.02,0.159,PRE_ALERT,PRE_ALERT,STALE,2,
1647827100.0,1786285296.8677833,1,0.7031,0.0408,,0.504,0.0207,0.161,PRE_ALERT,PRE_ALERT,STALE,2,
1647828000.0,1786285296.9930117,1,0.7525,0.0428,,0.544,0.023,0.175,PRE_ALERT,PRE_ALERT,STALE,2,
1647828900.0,1786285297.1178985,1,0.7267,0.0409,,0.534,0.0207,0.169,PRE_ALERT,PRE_ALERT,STALE,2,
1647829800.0,1786285297.2429938,1,0.7555,0.0417,,0.586,0.0227,0.178,PRE_ALERT,PRE_ALERT,STALE,2,
1647830700.0,1786285297.3693008,1,1.0488,0.1459,,0.591,0.0451,1.093,PRE_ALERT,NOMINAL,NORMAL,0,
1647831600.0,1786285297.4934568,1,1.0562,0.147,,0.613,0.0292,0.202,NOMINAL,NOMINAL,NORMAL,0,
1647832500.0,1786285297.6188827,1,0.9413,0.0455,,0.864,0.0289,0.222,NOMINAL,NOMINAL,STALE,0,
1647833400.0,1786285297.7432306,1,0.849,0.042,,0.646,0.0255,0.191,NOMINAL,NOMINAL,STALE,0,
1647834300.0,1786285297.8679655,1,0.7689,0.0403,,0.567,0.0229,0.173,NOMINAL,NOMINAL,STALE,0,
1647835200.0,1786285297.9931476,1,0.8365,0.0389,,0.601,0.0237,0.185,NOMINAL,NOMINAL,STALE,0,
1647836100.0,1786285298.1180174,1,0.78,0.0392,,0.568,0.0227,0.182,NOMINAL,NOMINAL,STALE,0,
1647837000.0,1786285298.2433457,1,1.0468,0.1425,,0.555,0.0293,0.184,NOMINAL,NOMINAL,NORMAL,0,
1647837900.0,1786285298.3683372,1,1.0102,0.1427,,0.577,0.0273,0.185,NOMINAL,NOMINAL,NORMAL,0,
1647838800.0,1786285298.493313,1,1.0239,0.1376,,0.553,0.0266,0.184,NOMINAL,NOMINAL,NORMAL,0,
1647839700.0,1786285298.6191301,1,1.1791,0.1487,,0.815,0.0356,0.238,NOMINAL,NOMINAL,NORMAL,0,
1647840600.0,1786285298.7435114,1,1.0666,0.1399,,0.62,0.0288,0.2,NOMINAL,NOMINAL,NORMAL,0,
1647841500.0,1786285298.8683326,1,0.9881,0.131,,0.566,0.0252,0.232,NOMINAL,NOMINAL,NORMAL,0,
1647842400.0,1786285298.993501,1,1.0795,0.1399,,0.597,0.0278,0.2,NOMINAL,NOMINAL,NORMAL,0,
1647843300.0,1786285299.1183896,1,1.0091,0.1389,,0.576,0.0284,0.194,NOMINAL,NOMINAL,NORMAL,0,
1647844200.0,1786285299.2434866,1,1.0513,0.1395,,0.614,0.0295,0.201,NOMINAL,NOMINAL,NORMAL,0,
1647845100.0,1786285299.3684165,1,1.0344,0.1382,,0.606,0.0274,0.194,NOMINAL,NOMINAL,NORMAL,0,
1647846000.0,1786285299.4933648,1,1.033,0.1348,,0.576,0.0262,0.192,NOMINAL,NOMINAL,NORMAL,0,
1647846900.0,1786285299.6181474,1,0.9229,0.1306,,0.527,0.0223,0.173,NOMINAL,NOMINAL,NORMAL,0,
1647847800.0,1786285299.7431278,1,0.9207,0.1287,,0.531,0.023,0.171,NOMINAL,NOMINAL,NORMAL,0,
1647848700.0,1786285299.8680658,1,0.9024,0.1238,,0.507,0.0237,0.169,NOMINAL,NOMINAL,NORMAL,0,
1647849600.0,1786285299.993092,1,0.9127,0.1267,,0.513,0.0244,0.176,NOMINAL,NOMINAL,NORMAL,0,
1647850500.0,1786285300.1185951,1,1.0462,0.1427,,0.66,0.0278,0.202,NOMINAL,NOMINAL,TRIGGERED,1,omni_p6
1647851400.0,1786285300.2443037,1,0.988,0.1362,,0.598,0.0433,1.128,NOMINAL,PRE_ALERT,TRIGGERED,2,omni_p6
1647852300.0,1786285300.369205,1,0.9857,0.1353,,0.602,0.0447,1.037,PRE_ALERT,NOMINAL,NORMAL,0,
1647853200.0,1786285300.4933255,1,1.0018,0.1363,,0.573,0.0281,0.187,NOMINAL,NOMINAL,NORMAL,0,
1647854100.0,1786285300.6181595,1,0.9168,0.1293,,0.537,0.0234,0.171,NOMINAL,NOMINAL,NORMAL,0,
1647855000.0,1786285300.7431562,1,0.9066,0.129,,0.551,0.026,0.177,NOMINAL,NOMINAL,NORMAL,0,
1647855900.0,1786285300.868135,1,0.906,0.1286,,0.53,0.0257,0.194,NOMINAL,NOMINAL,NORMAL,0,
1647856800.0,1786285300.9930823,1,0.9078,0.1282,,0.509,0.0252,0.171,NOMINAL,NOMINAL,TRIGGERED,1,omni_p6
1647857700.0,1786285301.1194956,1,1.0497,0.1406,,0.654,0.0436,1.09,NOMINAL,PRE_ALERT,TRIGGERED,2,omni_p6
1647858600.0,1786285301.244192,1,0.9949,0.1333,,0.568,0.0435,1.031,PRE_ALERT,NOMINAL,NORMAL,0,
1647859500.0,1786285301.3683681,1,1.0144,0.1297,,0.591,0.0284,0.187,NOMINAL,NOMINAL,NORMAL,0,
1647860400.0,1786285301.4933038,1,0.9898,0.1335,,0.556,0.027,0.183,NOMINAL,NOMINAL,NORMAL,0,
1647861300.0,1786285301.6181593,1,0.9218,0.1293,,0.519,0.026,0.181,NOMINAL,NOMINAL,NORMAL,0,
1647862200.0,1786285301.7430441,1,0.8775,0.1263,,0.505,0.0251,0.17,NOMINAL,NOMINAL,NORMAL,0,
1647863100.0,1786285301.8680382,1,0.8801,0.1283,,0.497,0.0212,0.163,NOMINAL,NOMINAL,TRIGGERED,1,omni_p6
1647864000.0,1786285301.993155,1,0.9379,0.1281,,0.517,0.0256,0.177,NOMINAL,NOMINAL,NORMAL,0,
1647864900.0,1786285302.1186302,1,1.0603,0.1406,,0.664,0.0316,0.208,NOMINAL,NOMINAL,NORMAL,0,
1647865800.0,1786285302.2434647,1,1.0425,0.136,,0.605,0.0285,0.2,NOMINAL,NOMINAL,NORMAL,0,
1647866700.0,1786285302.3683755,1,1.0056,0.1339,,0.598,0.0298,0.2,NOMINAL,NOMINAL,NORMAL,0,
1647867600.0,1786285302.4934464,1,1.04,0.135,,0.631,0.0288,0.205,NOMINAL,NOMINAL,NORMAL,0,
1647868500.0,1786285302.6192567,1,1.1945,0.1567,,0.868,0.0325,0.235,NOMINAL,NOMINAL,TRIGGERED,1,omni_p6
1647869400.0,1786285302.7445972,1,1.0994,0.1418,,0.686,0.0479,1.141,NOMINAL,PRE_ALERT,TRIGGERED,2,omni_p6
1647870300.0,1786285302.869214,1,1.0094,0.1365,,0.604,0.0408,1.013,PRE_ALERT,NOMINAL,NORMAL,0,
1647871200.0,1786285302.9932685,1,1.0195,0.1346,,0.531,0.0265,0.178,NOMINAL,NOMINAL,NORMAL,0,
1647872100.0,1786285303.1185305,1,1.0275,0.1371,,0.651,0.0312,0.203,NOMINAL,NOMINAL,NORMAL,0,
1647873000.0,1786285303.2434132,1,1.0336,0.1359,,0.599,0.0287,0.19,NOMINAL,NOMINAL,NORMAL,0,
1647873900.0,1786285303.3683186,1,0.9893,0.1334,,0.584,0.0266,0.212,NOMINAL,NOMINAL,NORMAL,0,
1647874800.0,1786285303.4933157,1,0.9933,0.1357,,0.581,0.0258,0.184,NOMINAL,NOMINAL,TRIGGERED,1,omni_p6
1647875700.0,1786285303.620048,1,1.1614,0.1499,,0.842,0.0509,1.167,NOMINAL,PRE_ALERT,TRIGGERED,2,omni_p6
1647876600.0,1786285303.7442088,1,1.071,0.1413,,0.552,0.0358,0.961,PRE_ALERT,NOMINAL,NORMAL,0,
1647877500.0,1786285303.8681016,1,0.9478,0.1335,,0.488,0.0206,0.15,NOMINAL,NOMINAL,NORMAL,0,
1647878400.0,1786285303.9930713,1,0.9508,0.1311,,0.466,0.0216,0.149,NOMINAL,NOMINAL,NORMAL,0,
1647879300.0,1786285304.1184754,1,1.0173,0.1356,,0.613,0.0286,0.195,NOMINAL,NOMINAL,NORMAL,0,
1647880200.0,1786285304.2433023,1,1.0024,0.133,,0.558,0.026,0.182,NOMINAL,NOMINAL,NORMAL,0,
1647881100.0,1786285304.3682137,1,0.966,0.1315,,0.532,0.0247,0.197,NOMINAL,NOMINAL,NORMAL,0,
1647882000.0,1786285304.493546,1,1.0803,0.1362,,0.637,0.029,0.198,NOMINAL,NOMINAL,NORMAL,0,
1647882900.0,1786285304.618047,1,0.9333,0.1299,,0.452,0.0222,0.152,NOMINAL,NOMINAL,NORMAL,0,
1647883800.0,1786285304.7429876,1,0.9041,0.1273,,0.455,0.0211,0.147,NOMINAL,NOMINAL,NORMAL,0,
1647884700.0,1786285304.868026,1,0.8821,0.1264,,0.507,0.0236,0.163,NOMINAL,NOMINAL,NORMAL,0,
1647885600.0,1786285304.993104,1,0.9509,0.1293,,0.503,0.0243,0.167,NOMINAL,NOMINAL,NORMAL,0,
1647886500.0,1786285305.1180723,1,0.8994,0.1265,,0.505,0.0241,0.164,NOMINAL,NOMINAL,NORMAL,0,
1647887400.0,1786285305.2435226,1,1.0595,0.1373,,0.628,0.0291,0.193,NOMINAL,NOMINAL,NORMAL,0,
1647888300.0,1786285305.3682702,1,0.9835,0.1336,,0.55,0.0252,0.209,NOMINAL,NOMINAL,NORMAL,0,
1647889200.0,1786285305.493587,1,1.079,0.1365,,0.634,0.0302,0.234,NOMINAL,NOMINAL,NORMAL,0,
1647890100.0,1786285305.6182358,1,0.9757,0.1383,,0.543,0.0268,0.185,NOMINAL,NOMINAL,NORMAL,0,
1647891000.0,1786285305.743132,1,0.9308,0.1263,,0.538,0.0248,0.17,NOMINAL,NOMINAL,NORMAL,0,
1647891900.0,1786285305.8680642,1,0.9221,0.1284,,0.509,0.0233,0.163,NOMINAL,NOMINAL,NORMAL,0,
1647892800.0,1786285305.9929917,1,0.8811,0.129,,0.46,0.0224,0.162,NOMINAL,NOMINAL,NORMAL,0,
1647893700.0,1786285306.1180365,1,0.8923,0.1298,,0.49,0.0235,0.166,NOMINAL,NOMINAL,NORMAL,0,
1647894600.0,1786285306.243513,1,1.0261,0.1367,,0.639,0.0304,0.203,NOMINAL,NOMINAL,NORMAL,0,
1647895500.0,1786285306.3684173,1,1.1276,0.1358,,0.578,0.0252,0.183,NOMINAL,NOMINAL,TRIGGERED,1,omni_p6
1647896400.0,1786285306.493174,1,0.9528,0.1308,,0.543,0.0269,0.175,NOMINAL,NOMINAL,NORMAL,0,
1647897300.0,1786285306.6181045,1,0.9115,0.1267,,0.523,0.026,0.172,NOMINAL,NOMINAL,NORMAL,0,
1647898200.0,1786285306.743033,1,0.8862,0.1282,,0.516,0.0244,0.164,NOMINAL,NOMINAL,NORMAL,0,
1647899100.0,1786285306.8679795,1,0.877,0.1266,,0.492,0.0244,0.159,NOMINAL,NOMINAL,NORMAL,0,
1647900000.0,1786285306.993078,1,0.9297,0.1268,,0.497,0.0249,0.169,NOMINAL,NOMINAL,NORMAL,0,
1647900900.0,1786285307.118057,1,0.8959,0.1253,,0.494,0.0245,0.168,NOMINAL,NOMINAL,NORMAL,0,
1647901800.0,1786285307.243599,1,1.0479,0.1379,,0.679,0.027,0.203,NOMINAL,NOMINAL,TRIGGERED,1,omni_p6
1647902700.0,1786285307.368503,1,1.0353,0.1377,,0.654,0.0315,0.204,NOMINAL,NOMINAL,NORMAL,0,
1647903600.0,1786285307.4933743,1,1.0061,0.1352,,0.618,0.0265,0.194,NOMINAL,NOMINAL,NORMAL,0,
1647904500.0,1786285307.619279,1,1.206,0.1504,,0.872,0.0342,0.238,NOMINAL,NOMINAL,NORMAL,0,
1647905400.0,1786285307.7435293,1,1.0849,0.1352,,0.615,0.0292,0.2,NOMINAL,NOMINAL,NORMAL,0,
1647906300.0,1786285307.8682935,1,0.9781,0.1316,,0.542,0.0274,0.212,NOMINAL,NOMINAL,NORMAL,0,
1647907200.0,1786285307.9938564,1,1.0042,0.1272,0.5294,0.537,0.0265,0.185,NOMINAL,NOMINAL,NORMAL,0,
1647908100.0,1786285308.1184695,1,1.0273,0.1357,,0.638,0.0268,0.193,NOMINAL,NOMINAL,TRIGGERED,1,omni_p6
1647909000.0,1786285308.243517,1,1.0547,0.1355,,0.639,0.0416,0.216,NOMINAL,NOMINAL,NORMAL,0,
1647909900.0,1786285308.3684025,1,1.0124,0.1362,,0.617,0.0288,0.2,NOMINAL,NOMINAL,NORMAL,0,
1647910800.0,1786285308.4934516,1,1.0404,0.1353,,0.611,0.0307,0.203,NOMINAL,NOMINAL,NORMAL,0,
1647911700.0,1786285308.6191578,1,1.1788,0.146,,0.843,0.0355,0.24,NOMINAL,NOMINAL,NORMAL,0,
1647912600.0,1786285308.7435546,1,1.0773,0.1403,,0.646,0.0309,0.217,NOMINAL,NOMINAL,NORMAL,0,
1647913500.0,1786285308.868328,1,0.992,0.1354,,0.588,0.0268,0.19,NOMINAL,NOMINAL,TRIGGERED,1,omni_p6
1647914400.0,1786285308.9941375,1,0.9848,0.131,,0.53,0.0403,1.098,NOMINAL,PRE_ALERT,TRIGGERED,2,omni_p6
1647915300.0,1786285309.1191454,1,0.9547,0.1297,,0.573,0.0447,1.042,PRE_ALERT,NOMINAL,NORMAL,0,
1647916200.0,1786285309.243605,1,1.0766,0.1372,,0.663,0.0305,0.205,NOMINAL,NOMINAL,NORMAL,0,
1647917100.0,1786285309.3684587,1,1.0248,0.1347,,0.643,0.0285,0.195,NOMINAL,NOMINAL,NORMAL,0,
1647918000.0,1786285309.4932997,1,0.9963,0.1318,,0.582,0.026,0.184,NOMINAL,NOMINAL,NORMAL,0,
1647918900.0,1786285309.6183279,1,0.9709,0.1342,,0.59,0.0267,0.183,NOMINAL,NOMINAL,NORMAL,0,
1647919800.0,1786285309.7431607,1,0.9252,0.1304,,0.548,0.0243,0.176,NOMINAL,NOMINAL,TRIGGERED,1,omni_p6
1647920700.0,1786285309.8690917,1,0.928,0.1328,,0.542,0.0398,1.104,NOMINAL,PRE_ALERT,TRIGGERED,2,omni_p6
1647921600.0,1786285309.9941545,1,1.0089,0.1338,,0.54,0.0415,1.034,PRE_ALERT,NOMINAL,NORMAL,0,
1647922500.0,1786285310.118291,1,0.9648,0.1329,,0.535,0.0268,0.211,NOMINAL,NOMINAL,NORMAL,0,
1647923400.0,1786285310.2432475,1,0.9698,0.1292,,0.544,0.0258,0.179,NOMINAL,NOMINAL,NORMAL,0,
1647924300.0,1786285310.3686507,1,1.0869,0.1359,,0.7,0.0312,0.209,NOMINAL,NOMINAL,NORMAL,0,
1647925200.0,1786285310.4932942,1,1.0012,0.1321,,0.564,0.0263,0.183,NOMINAL,NOMINAL,NORMAL,0,
1647926100.0,1786285310.6183052,1,0.9798,0.1361,,0.558,0.0276,0.191,NOMINAL,NOMINAL,NORMAL,0,
1647927000.0,1786285310.7431648,1,0.9403,0.1263,,0.534,0.0266,0.178,NOMINAL,NOMINAL,NORMAL,0,
1647927900.0,1786285310.8681645,1,0.9308,0.1296,,0.52,0.026,0.198,NOMINAL,NOMINAL,NORMAL,0,
1647928800.0,1786285310.9932442,1,0.9944,0.134,,0.516,0.0267,0.185,NOMINAL,NOMINAL,NORMAL,0,
1647929700.0,1786285311.118184,1,0.9476,0.1293,,0.526,0.0257,0.177,NOMINAL,NOMINAL,NORMAL,0,
1647930600.0,1786285311.2433066,1,0.9773,0.1313,,0.573,0.0269,0.187,NOMINAL,NOMINAL,NORMAL,0,
1647931500.0,1786285311.3686001,1,1.0604,0.1412,,0.678,0.0291,0.209,NOMINAL,NOMINAL,NORMAL,0,
1647932400.0,1786285311.4933345,1,1.0023,0.1336,,0.569,0.0273,0.193,NOMINAL,NOMINAL,NORMAL,0,
1647933300.0,1786285311.618307,1,0.9765,0.1294,,0.576,0.0265,0.189,NOMINAL,NOMINAL,NORMAL,0,
1647934200.0,1786285311.7431498,1,0.9245,0.1261,,0.547,0.0261,0.181,NOMINAL,NOMINAL,NORMAL,0,
1647935100.0,1786285311.8681564,1,0.9191,0.1269,,0.529,0.0235,0.193,NOMINAL,NOMINAL,NORMAL,0,
1647936000.0,1786285311.9931316,1,0.9425,0.1324,,0.505,0.024,0.175,NOMINAL,NOMINAL,TRIGGERED,1,omni_p6
1647936900.0,1786285312.1181521,1,0.9209,0.1271,,0.525,0.0242,0.177,NOMINAL,NOMINAL,NORMAL,0,
1647937800.0,1786285312.2432609,1,0.9589,0.1273,,0.56,0.026,0.184,NOMINAL,NOMINAL,NORMAL,0,
1647938700.0,1786285312.368655,1,1.0766,0.1418,,0.693,0.0292,0.212,NOMINAL,NOMINAL,TRIGGERED,1,omni_p6
1647939600.0,1786285312.494386,1,1.0318,0.1353,,0.659,0.0469,1.12,NOMINAL,PRE_ALERT,TRIGGERED,2,omni_p6
1647940500.0,1786285312.6202114,1,1.2162,0.1488,,0.879,0.0543,1.152,PRE_ALERT,NOMINAL,NORMAL,0,
1647941400.0,1786285312.7437222,1,1.1253,0.1452,,0.676,0.03,0.204,NOMINAL,NOMINAL,NORMAL,0,
1647942300.0,1786285312.8685095,1,1.0536,0.1369,,0.633,0.026,0.198,NOMINAL,NOMINAL,TRIGGERED,1,omni_p6
1647943200.0,1786285312.9933352,1,1.0356,0.1326,,0.56,0.0281,0.187,NOMINAL,NOMINAL,NORMAL,0,
1647944100.0,1786285313.1182613,1,0.9768,0.1275,,0.547,0.0266,0.186,NOMINAL,NOMINAL,NORMAL,0,
1647945000.0,1786285313.2432938,1,0.9782,0.1323,,0.57,0.0271,0.184,NOMINAL,NOMINAL,NORMAL,0,
1647945900.0,1786285313.368552,1,1.0297,0.1369,,0.693,0.03,0.209,NOMINAL,NOMINAL,NORMAL,0,
1647946800.0,1786285313.4932902,1,0.9959,0.1322,,0.571,0.026,0.189,NOMINAL,NOMINAL,NORMAL,0,
1647947700.0,1786285313.6191916,1,1.1756,0.1489,,0.812,0.032,0.235,NOMINAL,NOMINAL,TRIGGERED,1,omni_p6
1647948600.0,1786285313.744454,1,1.0722,0.1409,,0.621,0.0483,1.126,NOMINAL,PRE_ALERT,TRIGGERED,2,omni_p6
1647949500.0,1786285313.8691518,1,0.9886,0.1331,,0.575,0.0435,1.026,PRE_ALERT,NOMINAL,NORMAL,0,
1647950400.0,1786285313.9933577,1,1.0289,0.1346,,0.548,0.0291,0.19,NOMINAL,NOMINAL,NORMAL,0,
1647951300.0,1786285314.1182656,1,0.9642,0.13,,0.545,0.0273,0.183,NOMINAL,NOMINAL,NORMAL,0,
1647952200.0,1786285314.2433097,1,0.9712,0.1322,,0.572,0.0276,0.19,NOMINAL,NOMINAL,NORMAL,0,
1647953100.0,1786285314.3686101,1,1.068,0.1394,,0.671,0.0283,0.204,NOMINAL,NOMINAL,NORMAL,0,
1647954000.0,1786285314.4933648,1,1.0338,0.1343,,0.571,0.0277,0.191,NOMINAL,NOMINAL,TRIGGERED,1,omni_p6
1647954900.0,1786285314.619209,1,0.9825,0.1317,,0.559,0.0435,1.096,NOMINAL,PRE_ALERT,TRIGGERED,2,omni_p6
1647955800.0,1786285314.743988,1,0.9517,0.1287,,0.533,0.0411,0.977,PRE_ALERT,NOMINAL,NORMAL,0,
1647956700.0,1786285314.8682272,1,0.951,0.1282,,0.539,0.0278,0.206,NOMINAL,NOMINAL,NORMAL,0,
1647957600.0,1786285314.993181,1,0.9899,0.1257,,0.502,0.0262,0.174,NOMINAL,NOMINAL,NORMAL,0,
1647958500.0,1786285315.1182141,1,0.9476,0.1268,,0.534,0.0246,0.176,NOMINAL,NOMINAL,NORMAL,0,
1647959400.0,1786285315.243299,1,0.9721,0.1277,,0.577,0.0269,0.182,NOMINAL,NOMINAL,NORMAL,0,
1647960300.0,1786285315.368248,1,0.9578,0.127,,0.553,0.0426,0.201,NOMINAL,NOMINAL,TRIGGERED,1,omni_p6
1647961200.0,1786285315.4934947,1,1.0414,0.1357,,0.632,0.0287,0.195,NOMINAL,NOMINAL,NORMAL,0,
1647962100.0,1786285315.6183336,1,0.9912,0.1301,,0.572,0.027,0.184,NOMINAL,NOMINAL,NORMAL,0,
1647963000.0,1786285315.7431905,1,0.9449,0.1273,,0.539,0.0255,0.178,NOMINAL,NOMINAL,NORMAL,0,
1647963900.0,1786285315.8681538,1,0.9131,0.128,,0.526,0.0252,0.198,NOMINAL,NOMINAL,NORMAL,0,
1647964800.0,1786285315.9931755,1,0.9824,0.1292,,0.506,0.0245,0.172,NOMINAL,NOMINAL,NORMAL,0,
1647965700.0,1786285316.1181326,1,0.9151,0.1239,,0.52,0.0256,0.172,NOMINAL,NOMINAL,NORMAL,0,
1647966600.0,1786285316.2432253,1,0.937,0.1282,,0.566,0.0248,0.177,NOMINAL,NOMINAL,NORMAL,0,
1647967500.0,1786285316.368211,1,0.9333,0.1274,,0.541,0.0271,0.204,NOMINAL,NOMINAL,NORMAL,0,
1647968400.0,1786285316.4940364,1,1.1685,0.1449,,0.821,0.0334,0.233,NOMINAL,NOMINAL,NORMAL,0,
1647969300.0,1786285316.618539,1,1.0724,0.1394,,0.62,0.0282,0.197,NOMINAL,NOMINAL,NORMAL,0,
1647970200.0,1786285316.7432737,1,0.9771,0.1321,,0.54,0.0262,0.214,NOMINAL,NOMINAL,NORMAL,0,
1647971100.0,1786285316.8682852,1,0.9642,0.1324,,0.552,0.0266,0.217,NOMINAL,NOMINAL,NORMAL,0,
1647972000.0,1786285316.993182,1,0.9725,0.1327,,0.502,0.0237,0.178,NOMINAL,NOMINAL,NORMAL,0,
1647972900.0,1786285317.1181345,1,0.9145,0.13,,0.514,0.0252,0.177,NOMINAL,NOMINAL,NORMAL,0,
1647973800.0,1786285317.2432215,1,0.9573,0.1272,,0.549,0.0277,0.185,NOMINAL,NOMINAL,NORMAL,0,
1647974700.0,1786285317.3682299,1,0.9445,0.1275,,0.534,0.0261,0.212,NOMINAL,NOMINAL,NORMAL,0,
1647975600.0,1786285317.4937682,1,1.1122,0.1462,,0.768,0.0299,0.223,NOMINAL,NOMINAL,NORMAL,0,
1647976500.0,1786285317.6192613,1,1.1975,0.1498,,0.866,0.0348,0.236,NOMINAL,NOMINAL,NORMAL,0,
1647977400.0,1786285317.743667,1,1.1087,0.1387,,0.674,0.0292,0.208,NOMINAL,NOMINAL,NORMAL,0,
1647978300.0,1786285317.8684142,1,1.0143,0.1359,,0.623,0.0244,0.19,NOMINAL,NOMINAL,NORMAL,0,
1647979200.0,1786285317.9932666,1,0.9903,0.1342,,0.542,0.0274,0.183,NOMINAL,NOMINAL,NORMAL,0,
1647980100.0,1786285318.1182404,1,0.9581,0.1283,,0.547,0.024,0.178,NOMINAL,NOMINAL,NORMAL,0,
1647981000.0,1786285318.2432816,1,0.9599,0.1318,,0.587,0.0271,0.183,NOMINAL,NOMINAL,TRIGGERED,1,omni_p6
1647981900.0,1786285318.3682265,1,0.9396,0.1299,,0.552,0.0266,0.206,NOMINAL,NOMINAL,NORMAL,0,
1647982800.0,1786285318.493473,1,1.0362,0.1361,,0.631,0.0282,0.196,NOMINAL,NOMINAL,NORMAL,0,
1647983700.0,1786285318.619154,1,1.171,0.147,,0.844,0.0346,0.234,NOMINAL,NOMINAL,NORMAL,0,
1647984600.0,1786285318.7435644,1,1.0842,0.1408,,0.649,0.0285,0.198,NOMINAL,NOMINAL,NORMAL,0,
1647985500.0,1786285318.8683684,1,1.004,0.132,,0.611,0.0267,0.19,NOMINAL,NOMINAL,NORMAL,0,
1647986400.0,1786285318.9932275,1,0.9805,0.1304,,0.536,0.0267,0.181,NOMINAL,NOMINAL,NORMAL,0,
1647987300.0,1786285319.1182802,1,0.9517,0.1309,,0.568,0.0243,0.195,NOMINAL,NOMINAL,TRIGGERED,1,omni_p6
1647988200.0,1786285319.2433972,1,1.005,0.1348,,0.599,0.0284,0.193,NOMINAL,NOMINAL,NORMAL,0,
1647989100.0,1786285319.3683004,1,0.9705,0.1277,,0.572,0.0253,0.202,NOMINAL,NOMINAL,NORMAL,0,
1647990000.0,1786285319.4935992,1,1.1382,0.1359,,0.641,0.0292,0.197,NOMINAL,NOMINAL,NORMAL,0,
1647990900.0,1786285319.6183453,1,0.9988,0.1304,,0.566,0.0262,0.187,NOMINAL,NOMINAL,NORMAL,0,
1647991800.0,1786285319.7432013,1,0.9514,0.127,,0.54,0.0252,0.177,NOMINAL,NOMINAL,NORMAL,0,
1647992700.0,1786285319.8681602,1,0.9251,0.1286,,0.527,0.0237,0.202,NOMINAL,NOMINAL,TRIGGERED,1,omni_p6
1647993600.0,1786285319.9948442,1,0.9946,0.1249,0.5545,0.526,0.0433,1.176,NOMINAL,PRE_ALERT,TRIGGERED,2,omni_p6
1647994500.0,1786285320.1198964,1,1.154,0.1443,,0.767,0.05,1.117,PRE_ALERT,NOMINAL,NORMAL,0,
1647995400.0,1786285320.2436068,1,1.0897,0.1413,,0.644,0.0297,0.208,NOMINAL,NOMINAL,NORMAL,0,
1647996300.0,1786285320.3683846,1,1.0092,0.1329,,0.594,0.0283,0.199,NOMINAL,NOMINAL,NORMAL,0,
1647997200.0,1786285320.4934347,1,1.0362,0.1325,,0.617,0.0294,0.202,NOMINAL,NOMINAL,NORMAL,0,
1647998100.0,1786285320.6185389,1,1.0579,0.1339,,0.637,0.0307,0.206,NOMINAL,NOMINAL,NORMAL,0,
1647999000.0,1786285320.743391,1,1.0195,0.1331,,0.6,0.0263,0.196,NOMINAL,NOMINAL,TRIGGERED,1,omni_p6
1647999900.0,1786285320.8692153,1,0.9551,0.1293,,0.546,0.1202,1.187,NOMINAL,PRE_ALERT,TRIGGERED,2,omni_p6
1648000800.0,1786285320.9940283,1,0.9851,0.131,,0.513,0.04,1.01,PRE_ALERT,NOMINAL,NORMAL,0,
1648001700.0,1786285321.1181824,1,0.9349,0.127,,0.536,0.0257,0.176,NOMINAL,NOMINAL,NORMAL,0,
1648002600.0,1786285321.2432284,1,0.9485,0.1288,,0.558,0.0263,0.181,NOMINAL,NOMINAL,NORMAL,0,
1648003500.0,1786285321.368192,1,0.9282,0.1259,,0.538,0.0253,0.206,NOMINAL,NOMINAL,NORMAL,0,
1648004400.0,1786285321.4932308,1,0.9666,0.1297,,0.556,0.0261,0.179,NOMINAL,NOMINAL,NORMAL,0,
1648005300.0,1786285321.6186156,1,1.0374,0.1424,,0.689,0.0301,0.207,NOMINAL,NOMINAL,TRIGGERED,1,omni_p6
1648006200.0,1786285321.7431924,1,0.9329,0.1308,,0.553,0.0257,0.184,NOMINAL,NOMINAL,NORMAL,0,
1648007100.0,1786285321.8681605,1,0.9168,0.1279,,0.539,0.0252,0.2,NOMINAL,NOMINAL,NORMAL,0,
1648008000.0,1786285321.9930856,1,0.9095,0.1259,,0.514,0.0237,0.175,NOMINAL,NOMINAL,NORMAL,0,
1648008900.0,1786285322.118158,1,0.9159,0.1289,,0.528,0.0253,0.18,NOMINAL,NOMINAL,NORMAL,0,
1648009800.0,1786285322.243148,1,0.9186,0.124,,0.537,0.0256,0.178,NOMINAL,NOMINAL,NORMAL,0,
1648010700.0,1786285322.3681538,1,0.9108,0.1292,,0.53,0.0247,0.196,NOMINAL,NOMINAL,NORMAL,0,
1648011600.0,1786285322.4933782,1,0.9886,0.1381,,0.638,0.0268,0.192,NOMINAL,NOMINAL,NORMAL,0,
1648012500.0,1786285322.619272,1,1.2175,0.1511,,0.859,0.0363,0.24,NOMINAL,NOMINAL,NORMAL,0,
1648013400.0,1786285322.7436106,1,1.1116,0.1386,,0.642,0.029,0.198,NOMINAL,NOMINAL,NORMAL,0,
1648014300.0,1786285322.8684583,1,1.0401,0.1308,,0.631,0.0282,0.188,NOMINAL,NOMINAL,NORMAL,0,
1648015200.0,1786285322.9932945,1,1.0229,0.1343,,0.525,0.0263,0.183,NOMINAL,NOMINAL,NORMAL,0,
1648016100.0,1786285323.1182606,1,0.9732,0.128,,0.541,0.0258,0.177,NOMINAL,NOMINAL,NORMAL,0,
1648017000.0,1786285323.2432466,1,0.9721,0.1296,,0.547,0.0251,0.174,NOMINAL,NOMINAL,NORMAL,0,
1648017900.0,1786285323.3682652,1,0.9658,0.1308,,0.549,0.0255,0.211,NOMINAL,NOMINAL,NORMAL,0,
1648018800.0,1786285323.49331,1,1.0126,0.1301,,0.546,0.0256,0.18,NOMINAL,NOMINAL,NORMAL,0,
1648019700.0,1786285323.6192892,1,1.2108,0.1535,,0.873,0.0376,0.247,NOMINAL,NOMINAL,NORMAL,0,
1648020600.0,1786285323.7434793,1,1.0464,0.1373,,0.611,0.0254,0.192,NOMINAL,NOMINAL,NORMAL,0,
1648021500.0,1786285323.868362,1,1.018,0.138,,0.581,0.0243,0.185,NOMINAL,NOMINAL,TRIGGERED,1,omni_p6
1648022400.0,1786285323.9931328,1,0.9474,0.1313,,0.492,0.0231,0.175,NOMINAL,NOMINAL,NORMAL,0,
1648023300.0,1786285324.1182742,1,0.9467,0.1295,,0.569,0.0269,0.182,NOMINAL,NOMINAL,NORMAL,0,
1648024200.0,1786285324.2432704,1,0.9519,0.1323,,0.568,0.0255,0.182,NOMINAL,NOMINAL,NORMAL,0,
1648025100.0,1786285324.368226,1,0.94,0.1282,,0.545,0.0248,0.207,NOMINAL,NOMINAL,NORMAL,0,
1648026000.0,1786285324.4932296,1,0.9627,0.1309,,0.544,0.0267,0.18,NOMINAL,NOMINAL,NORMAL,0,
1648026900.0,1786285324.618526,1,1.03,0.139,,0.644,0.0273,0.2,NOMINAL,NOMINAL,TRIGGERED,1,omni_p6
1648027800.0,1786285324.7441633,1,0.9585,0.1315,,0.556,0.0419,1.114,NOMINAL,PRE_ALERT,TRIGGERED,2,omni_p6
1648028700.0,1786285324.8690765,1,0.9473,0.1305,,0.551,0.0629,1.031,PRE_ALERT,NOMINAL,NORMAL,0,
1648029600.0,1786285324.9932103,1,0.9689,0.1333,,0.525,0.0259,0.177,NOMINAL,NOMINAL,NORMAL,0,
1648030500.0,1786285325.1182256,1,0.9481,0.131,,0.534,0.025,0.178,NOMINAL,NOMINAL,NORMAL,0,
1648031400.0,1786285325.2434034,1,0.9963,0.1344,,0.614,0.0269,0.19,NOMINAL,NOMINAL,NORMAL,0,
1648032300.0,1786285325.3683138,1,0.9686,0.1341,,0.567,0.0274,0.223,NOMINAL,NOMINAL,NORMAL,0,
1648033200.0,1786285325.4932678,1,0.9862,0.1323,,0.551,0.0245,0.181,NOMINAL,NOMINAL,TRIGGERED,1,omni_p6
1648034100.0,1786285325.6193166,1,0.9941,0.1352,,0.584,0.0462,1.108,NOMINAL,PRE_ALERT,TRIGGERED,2,omni_p6
1648035000.0,1786285325.7442138,1,0.9989,0.1359,,0.578,0.0447,1.046,PRE_ALERT,NOMINAL,NORMAL,0,
1648035900.0,1786285325.8683472,1,0.9843,0.1329,,0.592,0.0268,0.189,NOMINAL,NOMINAL,NORMAL,0,
1648036800.0,1786285325.9931617,1,0.9702,0.1322,,0.484,0.0267,0.177,NOMINAL,NOMINAL,NORMAL,0,
1648037700.0,1786285326.1181977,1,0.9395,0.1319,,0.513,0.0274,0.176,NOMINAL,NOMINAL,NORMAL,0,
1648038600.0,1786285326.2440171,1,1.155,0.1496,,0.787,0.0326,0.225,NOMINAL,NOMINAL,TRIGGERED,1,omni_p6
1648039500.0,1786285326.3694663,1,1.0759,0.1431,,0.625,0.0453,1.108,NOMINAL,PRE_ALERT,TRIGGERED,2,omni_p6
1648040400.0,1786285326.4942887,1,1.0437,0.1382,,0.608,0.0437,1.035,PRE_ALERT,NOMINAL,NORMAL,0,
1648041300.0,1786285326.618291,1,0.973,0.131,,0.557,0.0281,0.185,NOMINAL,NOMINAL,NORMAL,0,
1648042200.0,1786285326.7436721,1,1.0823,0.1406,,0.694,0.0311,0.206,NOMINAL,NOMINAL,NORMAL,0,
1648043100.0,1786285326.8684313,1,1.0353,0.1354,,0.615,0.0279,0.192,NOMINAL,NOMINAL,NORMAL,0,
1648044000.0,1786285326.9932685,1,1.0175,0.1349,,0.527,0.0271,0.185,NOMINAL,NOMINAL,NORMAL,0,
1648044900.0,1786285327.11827,1,0.9672,0.1351,,0.549,0.0253,0.181,NOMINAL,NOMINAL,TRIGGERED,1,omni_p6
1648045800.0,1786285327.2441897,1,0.9644,0.1333,,0.555,0.0444,1.124,NOMINAL,PRE_ALERT,TRIGGERED,2,omni_p6
1648046700.0,1786285327.3691387,1,0.9812,0.1327,,0.557,0.0445,1.039,PRE_ALERT,NOMINAL,NORMAL,0,
1648047600.0,1786285327.4934287,1,1.0054,0.1371,,0.662,0.029,0.199,NOMINAL,NOMINAL,NORMAL,0,
1648048500.0,1786285327.6193104,1,1.2204,0.1562,,0.889,0.0348,0.241,NOMINAL,NOMINAL,NORMAL,0,
1648049400.0,1786285327.7439327,1,1.1793,0.1472,,0.744,0.0316,0.225,NOMINAL,NOMINAL,NORMAL,0,
1648050300.0,1786285327.8685477,1,1.0621,0.1374,,0.663,0.0291,0.204,NOMINAL,NOMINAL,NORMAL,0,
1648051200.0,1786285327.9933813,1,1.0556,0.1366,,0.565,0.0248,0.188,NOMINAL,NOMINAL,TRIGGERED,1,omni_p6
1648052100.0,1786285328.1183012,1,0.9862,0.1327,,0.549,0.028,0.188,NOMINAL,NOMINAL,NORMAL,0,
1648053000.0,1786285328.2432494,1,0.9822,0.1289,,0.552,0.0257,0.183,NOMINAL,NOMINAL,NORMAL,0,
1648053900.0,1786285328.3682253,1,0.9418,0.1291,,0.548,0.0249,0.202,NOMINAL,NOMINAL,NORMAL,0,
1648054800.0,1786285328.4932568,1,0.9857,0.1301,,0.551,0.026,0.184,NOMINAL,NOMINAL,NORMAL,0,
1648055700.0,1786285328.6191556,1,1.1895,0.1482,,0.824,0.0334,0.234,NOMINAL,NOMINAL,NORMAL,0,
1648056600.0,1786285328.7438128,1,1.1333,0.1473,,0.721,0.0327,0.221,NOMINAL,NOMINAL,NORMAL,0,
1648057500.0,1786285328.8684492,1,1.0229,0.1373,,0.635,0.0273,0.196,NOMINAL,NOMINAL,NORMAL,0,
1648058400.0,1786285328.993255,1,1.0104,0.1378,,0.515,0.0243,0.185,NOMINAL,NOMINAL,NORMAL,0,
1648059300.0,1786285329.1182797,1,0.9707,0.1331,,0.543,0.0258,0.182,NOMINAL,NOMINAL,NORMAL,0,
1648060200.0,1786285329.2432342,1,0.9654,0.1325,,0.542,0.0245,0.178,NOMINAL,NOMINAL,NORMAL,0,
1648061100.0,1786285329.3682876,1,0.9664,0.1334,,0.557,0.0254,0.211,NOMINAL,NOMINAL,NORMAL,0,
1648062000.0,1786285329.4932637,1,0.9893,0.1285,,0.555,0.0249,0.178,NOMINAL,NOMINAL,NORMAL,0,
1648062900.0,1786285329.6181612,1,0.9352,0.1286,,0.524,0.0238,0.179,NOMINAL,NOMINAL,NORMAL,0,
1648063800.0,1786285329.743502,1,1.0197,0.1382,,0.652,0.0279,0.203,NOMINAL,NOMINAL,NORMAL,0,
1648064700.0,1786285329.8682528,1,0.9602,0.1293,,0.559,0.0489,0.211,NOMINAL,NOMINAL,NORMAL,0,
1648065600.0,1786285329.9931955,1,0.9869,0.1327,,0.519,0.0245,0.174,NOMINAL,NOMINAL,NORMAL,0,
1648066500.0,1786285330.118196,1,0.9229,0.1328,,0.548,0.026,0.187,NOMINAL,NOMINAL,NORMAL,0,
1648067400.0,1786285330.2441652,1,1.1928,0.1484,,0.819,0.034,0.262,NOMINAL,NOMINAL,NORMAL,0,
1648068300.0,1786285330.3686733,1,1.0898,0.1387,,0.698,0.0313,0.214,NOMINAL,NOMINAL,NORMAL,0,
1648069200.0,1786285330.4934177,1,1.0532,0.1373,,0.581,0.0271,0.189,NOMINAL,NOMINAL,NORMAL,0,
1648070100.0,1786285330.6182413,1,0.9594,0.1317,,0.547,0.0265,0.18,NOMINAL,NOMINAL,NORMAL,0,
1648071000.0,1786285330.743571,1,1.0478,0.1354,,0.698,0.03,0.203,NOMINAL,NOMINAL,NORMAL,0,
1648071900.0,1786285330.8682766,1,0.9676,0.1335,,0.554,0.0253,0.216,NOMINAL,NOMINAL,TRIGGERED,1,omni_p6
1648072800.0,1786285330.9931,1,0.9374,0.1264,,0.503,0.0234,0.171,NOMINAL,NOMINAL,NORMAL,0,
1648073700.0,1786285331.1181846,1,0.9362,0.128,,0.526,0.0241,0.174,NOMINAL,NOMINAL,NORMAL,0,
1648074600.0,1786285331.2431211,1,0.9041,0.1312,,0.527,0.0244,0.175,NOMINAL,NOMINAL,NORMAL,0,
1648075500.0,1786285331.3682492,1,0.9238,0.1325,,0.565,0.0568,0.218,NOMINAL,NOMINAL,NORMAL,0,
1648076400.0,1786285331.4932196,1,0.9612,0.1279,,0.541,0.026,0.178,NOMINAL,NOMINAL,NORMAL,0,
1648077300.0,1786285331.618132,1,0.9081,0.1271,,0.509,0.0253,0.177,NOMINAL,NOMINAL,NORMAL,0,
1648078200.0,1786285331.7432365,1,0.9488,0.1314,,0.554,0.0249,0.179,NOMINAL,NOMINAL,TRIGGERED,1,omni_p6
1648079100.0,1786285331.8694234,1,1.0182,0.1377,,0.676,0.0469,1.104,NOMINAL,PRE_ALERT,TRIGGERED,2,omni_p6
1648080000.0,1786285331.99474,1,0.9984,0.1305,0.5791,0.527,0.0418,1.038,PRE_ALERT,NOMINAL,NORMAL,0,
1648080900.0,1786285332.118277,1,0.9797,0.1324,,0.557,0.0266,0.184,NOMINAL,NOMINAL,NORMAL,0,
1648081800.0,1786285332.2431803,1,0.9512,0.1278,,0.541,0.0264,0.176,NOMINAL,NOMINAL,NORMAL,0,
1648082700.0,1786285332.3682685,1,0.9559,0.132,,0.554,0.0274,0.217,NOMINAL,NOMINAL,NORMAL,0,
1648083600.0,1786285332.4934478,1,1.0237,0.1407,,0.647,0.0268,0.203,NOMINAL,NOMINAL,TRIGGERED,1,omni_p6
1648084500.0,1786285332.6202192,1,1.2086,0.1545,,0.881,0.0513,1.167,NOMINAL,PRE_ALERT,TRIGGERED,2,omni_p6
1648085400.0,1786285332.7446246,1,1.1273,0.1437,,0.694,0.0496,1.093,PRE_ALERT,NOMINAL,NORMAL,0,
1648086300.0,1786285332.868674,1,1.1473,0.1414,,0.664,0.0302,0.205,NOMINAL,NOMINAL,NORMAL,0,
1648087200.0,1786285332.9932559,1,1.0275,0.1328,,0.518,0.025,0.177,NOMINAL,NOMINAL,NORMAL,0,
1648088100.0,1786285333.1182828,1,0.9711,0.1318,,0.556,0.0254,0.18,NOMINAL,NOMINAL,NORMAL,0,
1648089000.0,1786285333.2431545,1,0.9375,0.1286,,0.528,0.0248,0.171,NOMINAL,NOMINAL,NORMAL,0,
1648089900.0,1786285333.368204,1,0.9343,0.1333,,0.546,0.0228,0.201,NOMINAL,NOMINAL,TRIGGERED,1,omni_p6
1648090800.0,1786285333.4940429,1,0.9416,0.1333,,0.531,0.041,1.061,NOMINAL,PRE_ALERT,TRIGGERED,2,omni_p6
1648091700.0,1786285333.620043,1,1.1768,0.1464,,0.846,0.052,1.131,PRE_ALERT,NOMINAL,NORMAL,0,
1648092600.0,1786285333.7436712,1,1.1055,0.1407,,0.676,0.0308,0.206,NOMINAL,NOMINAL,NORMAL,0,
1648093500.0,1786285333.868658,1,1.0919,0.1423,,0.69,0.03,0.208,NOMINAL,NOMINAL,NORMAL,0,
1648094400.0,1786285333.9932766,1,1.0218,0.1325,,0.537,0.024,0.179,NOMINAL,NOMINAL,NORMAL,0,
1648095300.0,1786285334.118297,1,0.9719,0.1325,,0.56,0.0247,0.182,NOMINAL,NOMINAL,NORMAL,0,
1648096200.0,1786285334.2431881,1,0.9415,0.1309,,0.542,0.0235,0.176,NOMINAL,NOMINAL,NORMAL,0,
1648097100.0,1786285334.3682287,1,0.9458,0.1296,,0.545,0.0415,0.202,NOMINAL,NOMINAL,NORMAL,0,
1648098000.0,1786285334.4932702,1,0.9938,0.1335,,0.549,0.0243,0.183,NOMINAL,NOMINAL,NORMAL,0,
1648098900.0,1786285334.618139,1,0.9307,0.1294,,0.514,0.0236,0.173,NOMINAL,NOMINAL,NORMAL,0,
1648099800.0,1786285334.7431846,1,0.9381,0.13,,0.544,0.0255,0.178,NOMINAL,NOMINAL,NORMAL,0,
1648100700.0,1786285334.8690557,1,1.163,0.1477,,0.827,0.0332,0.223,NOMINAL,NOMINAL,NORMAL,0,
1648101600.0,1786285334.9933712,1,1.0769,0.1425,,0.508,0.0276,0.194,NOMINAL,NOMINAL,NORMAL,0,
1648102500.0,1786285335.1183271,1,0.994,0.1365,,0.544,0.0273,0.187,NOMINAL,NOMINAL,NORMAL,0,
1648103400.0,1786285335.2431405,1,0.9336,0.1298,,0.522,0.0242,0.172,NOMINAL,NOMINAL,NORMAL,0,
1648104300.0,1786285335.3682673,1,0.9596,0.1322,,0.55,0.027,0.209,NOMINAL,NOMINAL,NORMAL,0,
1648105200.0,1786285335.4931316,1,0.9175,0.1248,,0.541,0.0257,0.188,NOMINAL,NOMINAL,NORMAL,0,
1648106100.0,1786285335.6181233,1,0.9088,0.1267,,0.525,0.0256,0.174,NOMINAL,NOMINAL,NORMAL,0,
1648107000.0,1786285335.7432482,1,0.9442,0.1347,,0.569,0.0261,0.183,NOMINAL,NOMINAL,NORMAL,0,
1648107900.0,1786285335.8683293,1,0.9735,0.1331,,0.601,0.0281,0.192,NOMINAL,NOMINAL,NORMAL,0,
1648108800.0,1786285335.9931304,1,0.9291,0.1301,,0.523,0.0251,0.173,NOMINAL,NOMINAL,NORMAL,0,
1648109700.0,1786285336.1181433,1,0.913,0.129,,0.517,0.0267,0.176,NOMINAL,NOMINAL,NORMAL,0,
1648110600.0,1786285336.2430563,1,0.8919,0.1288,,0.502,0.0245,0.169,NOMINAL,NOMINAL,NORMAL,0,
1648111500.0,1786285336.3682308,1,0.9308,0.1333,,0.55,0.0464,0.208,NOMINAL,NOMINAL,NORMAL,0,
1648112400.0,1786285336.4931562,1,0.9253,0.1311,,0.549,0.0251,0.175,NOMINAL,NOMINAL,TRIGGERED,1,omni_p6
1648113300.0,1786285336.6180918,1,0.8906,0.1262,,0.518,0.0245,0.171,NOMINAL,NOMINAL,NORMAL,0,
1648114200.0,1786285336.743172,1,0.9228,0.1301,,0.548,0.0251,0.174,NOMINAL,NOMINAL,NORMAL,0,
1648115100.0,1786285336.8681297,1,0.9017,0.1287,,0.534,0.0236,0.17,NOMINAL,NOMINAL,NORMAL,0,
1648116000.0,1786285336.9933243,1,1.011,0.1377,,0.538,0.0276,0.192,NOMINAL,NOMINAL,NORMAL,0,
1648116900.0,1786285337.1183136,1,0.9741,0.1344,,0.552,0.0292,0.191,NOMINAL,NOMINAL,NORMAL,0,
1648117800.0,1786285337.2431438,1,0.9243,0.1283,,0.528,0.0247,0.182,NOMINAL,NOMINAL,TRIGGERED,1,omni_p6
1648118700.0,1786285337.36919,1,0.977,0.1321,,0.552,0.0413,1.126,NOMINAL,PRE_ALERT,TRIGGERED,2,omni_p6
1648119600.0,1786285337.4942048,1,0.9793,0.1339,,0.598,0.0452,1.088,PRE_ALERT,NOMINAL,NORMAL,0,
1648120500.0,1786285337.619235,1,1.214,0.1548,,0.833,0.0339,0.234,NOMINAL,NOMINAL,NORMAL,0,
1648121400.0,1786285337.7437592,1,1.1367,0.1465,,0.667,0.0324,0.216,NOMINAL,NOMINAL,NORMAL,0,
1648122300.0,1786285337.8684492,1,1.0497,0.1381,,0.611,0.0276,0.194,NOMINAL,NOMINAL,NORMAL,0,
1648123200.0,1786285337.9935508,1,1.0934,0.1407,,0.593,0.0305,0.207,NOMINAL,NOMINAL,NORMAL,0,
1648124100.0,1786285338.1183794,1,1.0251,0.1369,,0.565,0.0263,0.193,NOMINAL,NOMINAL,TRIGGERED,1,omni_p6
1648125000.0,1786285338.2441924,1,0.9815,0.132,,0.551,0.0417,1.117,NOMINAL,PRE_ALERT,TRIGGERED,2,omni_p6
1648125900.0,1786285338.3691807,1,1.0,0.1323,,0.564,0.0459,1.039,PRE_ALERT,NOMINAL,NORMAL,0,
1648126800.0,1786285338.4932756,1,1.0082,0.1345,,0.538,0.0264,0.17,NOMINAL,NOMINAL,NORMAL,0,
1648127700.0,1786285338.6191664,1,1.196,0.1483,,0.836,0.0331,0.231,NOMINAL,NOMINAL,NORMAL,0,
1648128600.0,1786285338.7437139,1,1.1229,0.1417,,0.682,0.0314,0.208,NOMINAL,NOMINAL,NORMAL,0,
1648129500.0,1786285338.8683789,1,1.0132,0.137,,0.601,0.0282,0.188,NOMINAL,NOMINAL,NORMAL,0,
1648130400.0,1786285338.993396,1,1.0544,0.1393,,0.566,0.0255,0.187,NOMINAL,NOMINAL,TRIGGERED,1,omni_p6
1648131300.0,1786285339.1191716,1,0.9868,0.1348,,0.539,0.0448,1.083,NOMINAL,PRE_ALERT,TRIGGERED,2,omni_p6
1648132200.0,1786285339.2441049,1,0.9891,0.134,,0.552,0.0418,1.005,PRE_ALERT,NOMINAL,NORMAL,0,
1648133100.0,1786285339.3682814,1,0.9713,0.133,,0.547,0.0284,0.21,NOMINAL,NOMINAL,NORMAL,0,
1648134000.0,1786285339.4931788,1,0.9721,0.1321,,0.524,0.0267,0.173,NOMINAL,NOMINAL,NORMAL,0,
1648134900.0,1786285339.6181762,1,0.9301,0.1285,,0.524,0.0254,0.172,NOMINAL,NOMINAL,NORMAL,0,
1648135800.0,1786285339.7432117,1,0.9469,0.1281,,0.541,0.0259,0.178,NOMINAL,NOMINAL,NORMAL,0,
1648136700.0,1786285339.868163,1,0.9307,0.1297,,0.527,0.0233,0.195,NOMINAL,NOMINAL,TRIGGERED,1,omni_p6
1648137600.0,1786285339.9932926,1,1.0034,0.131,,0.541,0.0278,0.188,NOMINAL,NOMINAL,NORMAL,0,
1648138500.0,1786285340.1181407,1,0.9273,0.1283,,0.499,0.0253,0.176,NOMINAL,NOMINAL,NORMAL,0,
1648139400.0,1786285340.2430456,1,0.9,0.127,,0.493,0.0231,0.165,NOMINAL,NOMINAL,NORMAL,0,
1648140300.0,1786285340.3681934,1,0.9278,0.1319,,0.526,0.0259,0.207,NOMINAL,NOMINAL,NORMAL,0,
1648141200.0,1786285340.4930427,1,0.9319,0.1253,,0.466,0.02,0.148,NOMINAL,NOMINAL,NORMAL,0,
1648142100.0,1786285340.6181846,1,0.9402,0.1314,,0.51,0.0251,0.177,NOMINAL,NOMINAL,NORMAL,0,
1648143000.0,1786285340.744061,1,1.1659,0.149,,0.788,0.0315,0.225,NOMINAL,NOMINAL,NORMAL,0,
1648143900.0,1786285340.86835,1,0.995,0.1344,,0.592,0.0271,0.191,NOMINAL,NOMINAL,NORMAL,0,
1648144800.0,1786285340.9933987,1,1.0483,0.1366,,0.562,0.0269,0.192,NOMINAL,NOMINAL,NORMAL,0,
1648145700.0,1786285341.1182513,1,0.9688,0.131,,0.543,0.025,0.183,NOMINAL,NOMINAL,NORMAL,0,
1648146600.0,1786285341.243125,1,0.9335,0.1289,,0.516,0.0251,0.178,NOMINAL,NOMINAL,NORMAL,0,
1648147500.0,1786285341.3681536,1,0.9344,0.131,,0.506,0.0264,0.205,NOMINAL,NOMINAL,NORMAL,0,
1648148400.0,1786285341.493015,1,0.8498,0.1236,,0.504,0.0242,0.171,NOMINAL,NOMINAL,NORMAL,0,
1648149300.0,1786285341.6179614,1,0.8292,0.1223,,0.504,0.0249,0.174,NOMINAL,NOMINAL,NORMAL,0,
1648150200.0,1786285341.7431617,1,1.0042,0.1251,,0.521,0.0236,0.174,NOMINAL,NOMINAL,NORMAL,0,
1648151100.0,1786285341.8680754,1,0.9093,0.1282,,0.509,0.0253,0.172,NOMINAL,NOMINAL,NORMAL,0,
1648152000.0,1786285341.9928694,1,0.7992,0.1746,,0.452,0.0234,0.165,NOMINAL,NOMINAL,NORMAL,0,
1648152900.0,1786285342.118432,1,0.9906,0.134,,0.618,0.027,0.194,NOMINAL,NOMINAL,NORMAL,0,
1648153800.0,1786285342.2431288,1,0.9295,0.1258,,0.531,0.0253,0.175,NOMINAL,NOMINAL,NORMAL,0,
1648154700.0,1786285342.3681898,1,0.9312,0.1267,,0.548,0.0256,0.201,NOMINAL,NOMINAL,NORMAL,0,
1648155600.0,1786285342.4931374,1,0.8638,0.1284,,0.578,0.0266,0.189,NOMINAL,NOMINAL,NORMAL,0,
1648156500.0,1786285342.619259,1,1.1963,0.1513,,0.886,0.0357,0.245,NOMINAL,NOMINAL,NORMAL,0,
1648157400.0,1786285342.743641,1,1.1083,0.1448,,0.644,0.0304,0.204,NOMINAL,NOMINAL,TRIGGERED,1,omni_p6
1648158300.0,1786285342.868147,1,0.8951,0.1238,,0.56,0.0291,0.216,NOMINAL,NOMINAL,NORMAL,0,
1648159200.0,1786285342.9929867,1,0.877,0.1261,,0.466,0.0231,0.16,NOMINAL,NOMINAL,NORMAL,0,
1648160100.0,1786285343.118492,1,1.0256,0.1372,,0.632,0.0278,0.2,NOMINAL,NOMINAL,NORMAL,0,
1648161000.0,1786285343.243133,1,0.9626,0.1305,,0.489,0.0215,0.161,NOMINAL,NOMINAL,NORMAL,0,
1648161900.0,1786285343.3681872,1,0.9451,0.1297,,0.524,0.0254,0.207,NOMINAL,NOMINAL,NORMAL,0,
1648162800.0,1786285343.4929628,1,0.8583,0.125,,0.469,0.0218,0.158,NOMINAL,NOMINAL,TRIGGERED,1,omni_p6
1648163700.0,1786285343.6200044,1,1.192,0.151,,0.795,0.0524,1.141,NOMINAL,PRE_ALERT,TRIGGERED,2,omni_p6
1648164600.0,1786285343.7444363,1,1.1029,0.1431,,0.593,0.0475,1.078,PRE_ALERT,NOMINAL,NORMAL,0,
1648165500.0,1786285343.8682857,1,0.9973,0.1321,,0.54,0.027,0.207,NOMINAL,NOMINAL,NORMAL,0,
1648166400.0,1786285343.9937844,1,0.9843,0.128,0.5962,0.473,0.0247,0.178,NOMINAL,NOMINAL,NORMAL,0,
1648167300.0,1786285344.1184926,1,1.0453,0.1389,,0.613,0.0278,0.197,NOMINAL,NOMINAL,NORMAL,0,
1648168200.0,1786285344.2433455,1,1.001,0.1353,,0.575,0.0269,0.189,NOMINAL,NOMINAL,NORMAL,0,
1648169100.0,1786285344.36835,1,1.0015,0.1372,,0.576,0.0257,0.189,NOMINAL,NOMINAL,TRIGGERED,1,omni_p6
1648170000.0,1786285344.4942503,1,1.0335,0.1381,,0.553,0.0419,1.082,NOMINAL,PRE_ALERT,TRIGGERED,2,omni_p6
1648170900.0,1786285344.6189628,1,0.8951,0.1284,,0.538,0.0403,1.02,PRE_ALERT,NOMINAL,NORMAL,0,
1648171800.0,1786285344.743277,1,0.9688,0.1325,,0.551,0.027,0.183,NOMINAL,NOMINAL,NORMAL,0,
1648172700.0,1786285344.8682148,1,0.9448,0.1303,,0.534,0.025,0.2,NOMINAL,NOMINAL,NORMAL,0,
1648173600.0,1786285344.9931345,1,0.9649,0.1297,,0.495,0.0243,0.165,NOMINAL,NOMINAL,NORMAL,0,
1648174500.0,1786285345.1184003,1,0.9864,0.1341,,0.607,0.028,0.189,NOMINAL,NOMINAL,NORMAL,0,
1648175400.0,1786285345.243308,1,0.9732,0.1334,,0.587,0.0247,0.182,NOMINAL,NOMINAL,TRIGGERED,1,omni_p6
1648176300.0,1786285345.3691697,1,0.949,0.1331,,0.542,0.0426,1.113,NOMINAL,PRE_ALERT,TRIGGERED,2,omni_p6
1648177200.0,1786285345.4940648,1,0.9788,0.1285,,0.542,0.0387,1.004,PRE_ALERT,NOMINAL,NORMAL,0,
1648178100.0,1786285345.6182542,1,0.9561,0.1318,,0.545,0.0259,0.177,NOMINAL,NOMINAL,NORMAL,0,
1648179000.0,1786285345.7434013,1,1.0008,0.1346,,0.602,0.0259,0.185,NOMINAL,NOMINAL,NORMAL,0,
1648179900.0,1786285345.8681045,1,0.917,0.1292,,0.529,0.0236,0.168,NOMINAL,NOMINAL,NORMAL,0,
1648180800.0,1786285345.9930289,1,0.8799,0.1296,,0.478,0.0227,0.162,NOMINAL,NOMINAL,NORMAL,0,
1648181700.0,1786285346.118287,1,0.9545,0.1326,,0.573,0.0237,0.18,NOMINAL,NOMINAL,TRIGGERED,1,omni_p6
1648182600.0,1786285346.243219,1,0.9636,0.1313,,0.544,0.0246,0.18,NOMINAL,NOMINAL,NORMAL,0,
1648183500.0,1786285346.3681011,1,0.913,0.1294,,0.523,0.0258,0.177,NOMINAL,NOMINAL,NORMAL,0,
1648184400.0,1786285346.4931757,1,0.9472,0.1307,,0.538,0.0244,0.176,NOMINAL,NOMINAL,NORMAL,0,
1648185300.0,1786285346.618185,1,0.9236,0.1295,,0.537,0.025,0.181,NOMINAL,NOMINAL,NORMAL,0,
1648186200.0,1786285346.7430575,1,0.8656,0.1255,,0.525,0.0249,0.181,NOMINAL,NOMINAL,NORMAL,0,
1648187100.0,1786285346.8682177,1,0.9272,0.1287,,0.556,0.0265,0.209,NOMINAL,NOMINAL,NORMAL,0,
1648188000.0,1786285346.993116,1,0.9598,0.1269,,0.486,0.0245,0.172,NOMINAL,NOMINAL,NORMAL,0,
1648188900.0,1786285347.1180255,1,0.8315,0.1228,,0.539,0.026,0.187,NOMINAL,NOMINAL,NORMAL,0,
1648189800.0,1786285347.2434325,1,1.0116,0.1372,,0.601,0.028,0.194,NOMINAL,NOMINAL,NORMAL,0,
1648190700.0,1786285347.3683205,1,0.9946,0.1314,,0.584,0.0279,0.194,NOMINAL,NOMINAL,NORMAL,0,
1648191600.0,1786285347.4934375,1,1.0161,0.1428,,0.652,0.0294,0.2,NOMINAL,NOMINAL,NORMAL,0,
1648192500.0,1786285347.6192997,1,1.2194,0.1506,,0.877,0.0355,0.241,NOMINAL,NOMINAL,NORMAL,0,
1648193400.0,1786285347.743621,1,1.0883,0.1399,,0.658,0.0283,0.222,NOMINAL,NOMINAL,NORMAL,0,
1648194300.0,1786285347.8684692,1,1.0352,0.1406,,0.641,0.0301,0.198,NOMINAL,NOMINAL,NORMAL,0,
1648195200.0,1786285347.9932587,1,1.0122,0.1354,,0.535,0.0281,0.186,NOMINAL,NOMINAL,NORMAL,0,
1648196100.0,1786285348.1182556,1,0.9611,0.1329,,0.548,0.0252,0.183,NOMINAL,NOMINAL,NORMAL,0,
1648197000.0,1786285348.2434893,1,1.0383,0.1374,,0.629,0.0279,0.198,NOMINAL,NOMINAL,NORMAL,0,
1648197900.0,1786285348.3683054,1,0.9624,0.133,,0.584,0.0246,0.216,NOMINAL,NOMINAL,TRIGGERED,1,omni_p6
1648198800.0,1786285348.4932885,1,1.0044,0.1324,,0.554,0.0261,0.184,NOMINAL,NOMINAL,NORMAL,0,
1648199700.0,1786285348.619182,1,1.182,0.1513,,0.849,0.0337,0.231,NOMINAL,NOMINAL,NORMAL,0,
1648200600.0,1786285348.7435782,1,1.0805,0.1411,,0.65,0.0296,0.201,NOMINAL,NOMINAL,NORMAL,0,
1648201500.0,1786285348.868435,1,1.0332,0.1354,,0.629,0.0305,0.194,NOMINAL,NOMINAL,NORMAL,0,
1648202400.0,1786285348.9932508,1,1.0175,0.1327,,0.529,0.0269,0.184,NOMINAL,NOMINAL,NORMAL,0,
1648203300.0,1786285349.1181746,1,0.9325,0.1294,,0.526,0.0239,0.177,NOMINAL,NOMINAL,TRIGGERED,1,omni_p6
1648204200.0,1786285349.2445495,1,1.0603,0.1427,,0.671,0.0454,1.147,NOMINAL,PRE_ALERT,TRIGGERED,2,omni_p6
1648205100.0,1786285349.3692226,1,1.0088,0.1342,,0.608,0.0439,1.023,PRE_ALERT,NOMINAL,NORMAL,0,
1648206000.0,1786285349.4932857,1,0.9963,0.1331,,0.56,0.0281,0.18,NOMINAL,NOMINAL,NORMAL,0,
1648206900.0,1786285349.6182125,1,0.962,0.1356,,0.535,0.0269,0.178,NOMINAL,NOMINAL,NORMAL,0,
1648207800.0,1786285349.7431295,1,0.917,0.1297,,0.518,0.0244,0.173,NOMINAL,NOMINAL,NORMAL,0,
1648208700.0,1786285349.8682964,1,0.9628,0.1321,,0.567,0.027,0.202,NOMINAL,NOMINAL,NORMAL,0,
1648209600.0,1786285349.9931781,1,0.9633,0.133,,0.508,0.0244,0.176,NOMINAL,NOMINAL,TRIGGERED,1,omni_p6
1648210500.0,1786285350.1190057,1,0.8943,0.1314,,0.516,0.039,1.063,NOMINAL,PRE_ALERT,TRIGGERED,2,omni_p6
1648211400.0,1786285350.2442718,1,0.9875,0.1357,,0.602,0.0444,1.074,PRE_ALERT,NOMINAL,NORMAL,0,
1648212300.0,1786285350.3682642,1,0.9566,0.133,,0.541,0.0288,0.213,NOMINAL,NOMINAL,NORMAL,0,
1648213200.0,1786285350.493213,1,0.9782,0.129,,0.53,0.0249,0.175,NOMINAL,NOMINAL,NORMAL,0,
1648214100.0,1786285350.618195,1,0.934,0.1301,,0.538,0.0266,0.173,NOMINAL,NOMINAL,NORMAL,0,
1648215000.0,1786285350.7431607,1,0.9159,0.1317,,0.546,0.0239,0.175,NOMINAL,NOMINAL,TRIGGERED,1,omni_p6
1648215900.0,1786285350.8692467,1,0.967,0.1367,,0.625,0.0446,1.075,NOMINAL,PRE_ALERT,TRIGGERED,2,omni_p6
1648216800.0,1786285350.9939694,1,0.9501,0.1302,,0.516,0.0401,0.988,PRE_ALERT,NOMINAL,NORMAL,0,
1648217700.0,1786285351.1181173,1,0.9092,0.1247,,0.512,0.0247,0.171,NOMINAL,NOMINAL,NORMAL,0,
1648218600.0,1786285351.2433903,1,0.9821,0.1322,,0.62,0.029,0.193,NOMINAL,NOMINAL,NORMAL,0,
1648219500.0,1786285351.3682814,1,0.9533,0.1312,,0.575,0.0267,0.219,NOMINAL,NOMINAL,NORMAL,0,
1648220400.0,1786285351.4932563,1,0.9765,0.1296,,0.57,0.0266,0.182,NOMINAL,NOMINAL,NORMAL,0,
1648221300.0,1786285351.6180627,1,0.8568,0.1243,,0.531,0.0256,0.181,NOMINAL,NOMINAL,TRIGGERED,1,omni_p6
1648222200.0,1786285351.74384,1,0.8184,0.1206,,0.513,0.04,1.072,NOMINAL,PRE_ALERT,TRIGGERED,2,omni_p6
1648223100.0,1786285351.8689885,1,0.9201,0.128,,0.527,0.0417,1.031,PRE_ALERT,NOMINAL,NORMAL,0,
1648224000.0,1786285351.9929504,1,0.8411,0.1256,,0.462,0.0202,0.155,NOMINAL,NOMINAL,NORMAL,0,
1648224900.0,1786285352.11792,1,0.8103,0.1181,,0.488,0.0241,0.166,NOMINAL,NOMINAL,NORMAL,0,
1648225800.0,1786285352.243261,1,0.9454,0.1304,,0.581,0.0249,0.189,NOMINAL,NOMINAL,NORMAL,0,
1648226700.0,1786285352.3681781,1,0.9124,0.1294,,0.549,0.0251,0.21,NOMINAL,NOMINAL,NORMAL,0,
1648227600.0,1786285352.493161,1,0.8564,0.1325,,0.597,0.0279,0.197,NOMINAL,NOMINAL,NORMAL,0,
1648228500.0,1786285352.6192021,1,1.1993,0.1494,,0.842,0.0339,0.235,NOMINAL,NOMINAL,NORMAL,0,
1648229400.0,1786285352.743328,1,0.9889,0.1303,,0.572,0.0262,0.181,NOMINAL,NOMINAL,NORMAL,0,
1648230300.0,1786285352.86823,1,0.9108,0.1257,,0.587,0.0287,0.223,NOMINAL,NOMINAL,NORMAL,0,
1648231200.0,1786285352.9932616,1,1.0296,0.1318,,0.521,0.0243,0.184,NOMINAL,NOMINAL,NORMAL,0,
1648232100.0,1786285353.1180296,1,0.8344,0.1211,,0.521,0.0246,0.182,NOMINAL,NOMINAL,NORMAL,0,
1648233000.0,1786285353.2431135,1,0.8972,0.1266,,0.532,0.0231,0.174,NOMINAL,NOMINAL,NORMAL,0,
1648233900.0,1786285353.3685317,1,1.0182,0.1393,,0.66,0.0281,0.206,NOMINAL,NOMINAL,NORMAL,0,
1648234800.0,1786285353.4931064,1,0.8719,0.1273,,0.553,0.0251,0.188,NOMINAL,NOMINAL,NORMAL,0,
1648235700.0,1786285353.6191125,1,1.1629,0.1507,,0.842,0.0339,0.229,NOMINAL,NOMINAL,NORMAL,0,
1648236600.0,1786285353.7433267,1,0.9516,0.1283,,0.633,0.0273,0.195,NOMINAL,NOMINAL,NORMAL,0,
1648237500.0,1786285353.868384,1,0.9966,0.1375,,0.627,0.0263,0.195,NOMINAL,NOMINAL,NORMAL,0,
1648238400.0,1786285353.9930167,1,0.8476,0.1273,,0.515,0.0241,0.177,NOMINAL,NOMINAL,NORMAL,0,
1648239300.0,1786285354.1179416,1,0.8048,0.1178,,0.516,0.0237,0.172,NOMINAL,NOMINAL,NORMAL,0,
1648240200.0,1786285354.2431362,1,0.902,0.1272,,0.55,0.0256,0.182,NOMINAL,NOMINAL,NORMAL,0,
1648241100.0,1786285354.3684497,1,0.9894,0.1341,,0.67,0.0277,0.196,NOMINAL,NOMINAL,NORMAL,0,
1648242000.0,1786285354.4931188,1,0.8769,0.1243,,0.556,0.0252,0.184,NOMINAL,NOMINAL,TRIGGERED,1,omni_p6
1648242900.0,1786285354.6189811,1,0.8393,0.1246,,0.553,0.0428,1.089,NOMINAL,PRE_ALERT,TRIGGERED,2,omni_p6
1648243800.0,1786285354.7440107,1,0.9145,0.1269,,0.552,0.0403,1.022,PRE_ALERT,NOMINAL,NORMAL,0,
1648244700.0,1786285354.8681762,1,0.8781,0.1311,,0.604,0.0276,0.225,NOMINAL,NOMINAL,NORMAL,0,
1648245600.0,1786285354.9930053,1,0.8355,0.1253,,0.517,0.025,0.182,NOMINAL,NOMINAL,NORMAL,0,
1648246500.0,1786285355.1180065,1,0.8301,0.1233,,0.522,0.0264,0.18,NOMINAL,NOMINAL,NORMAL,0,
1648247400.0,1786285355.2431085,1,0.8971,0.1276,,0.537,0.0247,0.175,NOMINAL,NOMINAL,NORMAL,0,
1648248300.0,1786285355.368508,1,1.0035,0.138,,0.683,0.0274,0.202,NOMINAL,NOMINAL,TRIGGERED,1,omni_p6
1648249200.0,1786285355.4940565,1,0.9094,0.1265,,0.562,0.0427,1.094,NOMINAL,PRE_ALERT,TRIGGERED,2,omni_p6
1648250100.0,1786285355.6190882,1,0.9355,0.1285,,0.557,0.0428,1.032,PRE_ALERT,NOMINAL,NORMAL,0,
1648251000.0,1786285355.7432163,1,0.9315,0.1309,,0.561,0.0258,0.181,NOMINAL,NOMINAL,NORMAL,0,
1648251900.0,1786285355.8683257,1,0.9523,0.1325,,0.625,0.0272,0.192,NOMINAL,NOMINAL,NORMAL,0,
1648252800.0,1786285355.99391,1,0.9874,0.1325,0.5739,0.541,0.0371,0.204,NOMINAL,NOMINAL,NORMAL,0,
1648253700.0,1786285356.1183352,1,0.9717,0.1379,,0.576,0.0375,0.205,NOMINAL,NOMINAL,NORMAL,0,
1648254600.0,1786285356.2432804,1,0.9592,0.1344,,0.578,0.0253,0.183,NOMINAL,NOMINAL,TRIGGERED,1,omni_p6
1648255500.0,1786285356.3685164,1,1.0179,0.1378,,0.675,0.0285,0.198,NOMINAL,NOMINAL,NORMAL,0,
1648256400.0,1786285356.493509,1,1.0589,0.1382,,0.634,0.0283,0.198,NOMINAL,NOMINAL,NORMAL,0,
1648257300.0,1786285356.618324,1,0.9713,0.1366,,0.581,0.0263,0.193,NOMINAL,NOMINAL,NORMAL,0,
1648258200.0,1786285356.7432158,1,0.9342,0.1306,,0.566,0.0265,0.186,NOMINAL,NOMINAL,NORMAL,0,
1648259100.0,1786285356.8682714,1,0.9498,0.1333,,0.58,0.0283,0.215,NOMINAL,NOMINAL,NORMAL,0,
1648260000.0,1786285356.9930058,1,0.8373,0.1291,,0.505,0.0253,0.18,NOMINAL,NOMINAL,TRIGGERED,1,omni_p6
1648260900.0,1786285357.1188817,1,0.8092,0.1243,,0.528,0.0417,1.076,NOMINAL,PRE_ALERT,TRIGGERED,2,omni_p6
1648261800.0,1786285357.2439566,1,0.8933,0.1311,,0.541,0.0409,1.0,PRE_ALERT,NOMINAL,NORMAL,0,
1648262700.0,1786285357.368497,1,1.0052,0.1365,,0.686,0.0283,0.2,NOMINAL,NOMINAL,NORMAL,0,
1648263600.0,1786285357.4933336,1,0.9617,0.1324,,0.654,0.0305,0.207,NOMINAL,NOMINAL,NORMAL,0,
1648264500.0,1786285357.619276,1,1.1993,0.153,,0.885,0.0345,0.245,NOMINAL,NOMINAL,NORMAL,0,
1648265400.0,1786285357.7437155,1,1.1294,0.147,,0.684,0.0316,0.21,NOMINAL,NOMINAL,NORMAL,0,
1648266300.0,1786285357.8685791,1,1.0724,0.1433,,0.687,0.0293,0.213,NOMINAL,NOMINAL,TRIGGERED,1,omni_p6
1648267200.0,1786285357.9941807,1,1.0037,0.1365,,0.548,0.0427,1.073,NOMINAL,PRE_ALERT,TRIGGERED,2,omni_p6
1648268100.0,1786285358.1191812,1,0.9963,0.1324,,0.551,0.0444,1.029,PRE_ALERT,NOMINAL,NORMAL,0,
1648269000.0,1786285358.2432387,1,0.9749,0.1325,,0.537,0.0267,0.175,NOMINAL,NOMINAL,NORMAL,0,
1648269900.0,1786285358.3682292,1,0.9405,0.1292,,0.532,0.0252,0.223,NOMINAL,NOMINAL,NORMAL,0,
1648270800.0,1786285358.493618,1,1.0825,0.1386,,0.663,0.0304,0.205,NOMINAL,NOMINAL,NORMAL,0,
1648271700.0,1786285358.6191523,1,1.1753,0.1488,,0.842,0.0372,0.238,NOMINAL,NOMINAL,NORMAL,0,
1648272600.0,1786285358.7436023,1,1.0859,0.1421,,0.648,0.0292,0.211,NOMINAL,NOMINAL,NORMAL,0,
1648273500.0,1786285358.8685079,1,1.0524,0.1399,,0.647,0.0301,0.199,NOMINAL,NOMINAL,NORMAL,0,
1648274400.0,1786285358.9932683,1,1.0183,0.1388,,0.521,0.0269,0.189,NOMINAL,NOMINAL,NORMAL,0,
1648275300.0,1786285359.118253,1,0.9454,0.1314,,0.554,0.0259,0.183,NOMINAL,NOMINAL,NORMAL,0,
1648276200.0,1786285359.2432587,1,0.9458,0.1301,,0.589,0.0268,0.188,NOMINAL,NOMINAL,NORMAL,0,
1648277100.0,1786285359.3682191,1,0.9348,0.1307,,0.546,0.0262,0.217,NOMINAL,NOMINAL,NORMAL,0,
1648278000.0,1786285359.4935536,1,1.0413,0.1386,,0.684,0.0296,0.207,NOMINAL,NOMINAL,NORMAL,0,
1648278900.0,1786285359.6181867,1,0.8942,0.1288,,0.589,0.0281,0.193,NOMINAL,NOMINAL,NORMAL,0,
1648279800.0,1786285359.7432277,1,0.9303,0.1299,,0.596,0.0289,0.185,NOMINAL,NOMINAL,NORMAL,0,
1648280700.0,1786285359.8682778,1,0.9525,0.132,,0.587,0.0287,0.218,NOMINAL,NOMINAL,NORMAL,0,
1648281600.0,1786285359.9929287,1,0.8391,0.1344,,0.452,0.0247,0.173,NOMINAL,NOMINAL,NORMAL,0,
1648282500.0,1786285360.117966,1,0.8192,0.1212,,0.516,0.0221,0.172,NOMINAL,NOMINAL,TRIGGERED,1,omni_p6
1648283400.0,1786285360.2430885,1,0.8869,0.1259,,0.541,0.0241,0.176,NOMINAL,NOMINAL,NORMAL,0,
1648284300.0,1786285360.3680413,1,0.8754,0.1263,,0.524,0.0246,0.171,NOMINAL,NOMINAL,NORMAL,0,
1648285200.0,1786285360.4935246,1,1.029,0.1361,,0.673,0.0278,0.199,NOMINAL,NOMINAL,NORMAL,0,
1648286100.0,1786285360.6182084,1,0.9272,0.1285,,0.57,0.0263,0.181,NOMINAL,NOMINAL,NORMAL,0,
1648287000.0,1786285360.743268,1,0.9338,0.1297,,0.597,0.0275,0.188,NOMINAL,NOMINAL,NORMAL,0,
1648287900.0,1786285360.8683646,1,0.9695,0.1341,,0.644,0.0275,0.196,NOMINAL,NOMINAL,NORMAL,0,
1648288800.0,1786285360.9931526,1,0.9512,0.1346,,0.526,0.0224,0.177,NOMINAL,NOMINAL,TRIGGERED,1,omni_p6
1648289700.0,1786285361.1182694,1,0.9323,0.1309,,0.572,0.0271,0.19,NOMINAL,NOMINAL,NORMAL,0,
1648290600.0,1786285361.2431393,1,0.9037,0.1299,,0.538,0.0273,0.184,NOMINAL,NOMINAL,NORMAL,0,
1648291500.0,1786285361.3689585,1,1.1153,0.1453,,0.832,0.0334,0.227,NOMINAL,NOMINAL,NORMAL,0,
1648292400.0,1786285361.4936512,1,1.0928,0.1397,,0.679,0.0282,0.21,NOMINAL,NOMINAL,NORMAL,0,
1648293300.0,1786285361.6183367,1,0.9869,0.1394,,0.585,0.028,0.195,NOMINAL,NOMINAL,NORMAL,0,
1648294200.0,1786285361.7432299,1,0.9395,0.1325,,0.588,0.0238,0.184,NOMINAL,NOMINAL,TRIGGERED,1,omni_p6
1648295100.0,1786285361.8691494,1,0.9365,0.1315,,0.582,0.0666,1.13,NOMINAL,PRE_ALERT,TRIGGERED,2,omni_p6
1648296000.0,1786285361.994019,1,0.984,0.132,,0.529,0.0404,1.012,PRE_ALERT,NOMINAL,NORMAL,0,
1648296900.0,1786285362.1181612,1,0.9132,0.1308,,0.544,0.0239,0.176,NOMINAL,NOMINAL,NORMAL,0,
1648297800.0,1786285362.243061,1,0.8731,0.1257,,0.536,0.0237,0.174,NOMINAL,NOMINAL,NORMAL,0,
1648298700.0,1786285362.3680892,1,0.8891,0.13,,0.525,0.0255,0.176,NOMINAL,NOMINAL,NORMAL,0,
1648299600.0,1786285362.4937892,1,1.0934,0.1473,,0.785,0.0322,0.242,NOMINAL,NOMINAL,NORMAL,0,
1648300500.0,1786285362.6192677,1,1.1898,0.1573,,0.893,0.0319,0.236,NOMINAL,NOMINAL,TRIGGERED,1,omni_p6
1648301400.0,1786285362.7445755,1,1.146,0.1444,,0.62,0.0463,1.131,NOMINAL,PRE_ALERT,TRIGGERED,2,omni_p6
1648302300.0,1786285362.869222,1,1.0575,0.1354,,0.57,0.0386,0.987,PRE_ALERT,NOMINAL,NORMAL,0,
1648303200.0,1786285362.9932153,1,1.0184,0.135,,0.488,0.0237,0.165,NOMINAL,NOMINAL,NORMAL,0,
1648304100.0,1786285363.118087,1,0.9132,0.1267,,0.478,0.0185,0.148,NOMINAL,NOMINAL,NORMAL,0,
1648305000.0,1786285363.2431288,1,0.9046,0.1281,,0.533,0.0272,0.172,NOMINAL,NOMINAL,NORMAL,0,
1648305900.0,1786285363.368073,1,0.8673,0.1239,,0.536,0.0247,0.17,NOMINAL,NOMINAL,NORMAL,0,
1648306800.0,1786285363.4937882,1,1.1374,0.1448,,0.708,0.0296,0.223,NOMINAL,NOMINAL,TRIGGERED,1,omni_p6
1648307700.0,1786285363.6191232,1,1.1716,0.1498,,0.845,0.0347,0.236,NOMINAL,NOMINAL,NORMAL,0,
1648308600.0,1786285363.7432644,1,0.9764,0.1308,,0.563,0.0242,0.177,NOMINAL,NOMINAL,NORMAL,0,
1648309500.0,1786285363.8684242,1,1.0162,0.137,,0.634,0.0301,0.197,NOMINAL,NOMINAL,NORMAL,0,
1648310400.0,1786285363.9929862,1,0.8645,0.1287,,0.483,0.023,0.162,NOMINAL,NOMINAL,NORMAL,0,
1648311300.0,1786285364.1181092,1,0.9003,0.1268,,0.505,0.0241,0.171,NOMINAL,NOMINAL,NORMAL,0,
1648312200.0,1786285364.2429738,1,0.8769,0.1269,,0.464,0.0213,0.157,NOMINAL,NOMINAL,NORMAL,0,
1648313100.0,1786285364.3680604,1,0.8885,0.1291,,0.504,0.0249,0.171,NOMINAL,NOMINAL,NORMAL,0,
1648314000.0,1786285364.493065,1,0.8463,0.1241,,0.525,0.0266,0.18,NOMINAL,NOMINAL,NORMAL,0,
1648314900.0,1786285364.6184213,1,0.9938,0.1341,,0.61,0.0298,0.195,NOMINAL,NOMINAL,NORMAL,0,
1648315800.0,1786285364.7431586,1,0.9557,0.1309,,0.51,0.0205,0.162,NOMINAL,NOMINAL,NORMAL,0,
1648316700.0,1786285364.8683288,1,0.9672,0.1359,,0.607,0.0268,0.197,NOMINAL,NOMINAL,NORMAL,0,
1648317600.0,1786285364.9931204,1,0.9627,0.1294,,0.496,0.0259,0.18,NOMINAL,NOMINAL,NORMAL,0,
1648318500.0,1786285365.1181211,1,0.8925,0.1258,,0.533,0.0259,0.176,NOMINAL,NOMINAL,NORMAL,0,
1648319400.0,1786285365.2429395,1,0.8075,0.1189,,0.522,0.0228,0.171,NOMINAL,NOMINAL,NORMAL,0,
1648320300.0,1786285365.3680825,1,0.8849,0.1268,,0.525,0.0238,0.173,NOMINAL,NOMINAL,NORMAL,0,
1648321200.0,1786285365.4930346,1,0.8297,0.1191,,0.539,0.0242,0.173,NOMINAL,NOMINAL,NORMAL,0,
1648322100.0,1786285365.6185067,1,1.0249,0.1376,,0.656,0.0269,0.195,NOMINAL,NOMINAL,NORMAL,0,
1648323000.0,1786285365.7433023,1,0.9637,0.1343,,0.592,0.0252,0.186,NOMINAL,NOMINAL,NORMAL,0,
1648323900.0,1786285365.8682783,1,0.9542,0.1312,,0.577,0.0266,0.217,NOMINAL,NOMINAL,NORMAL,0,
1648324800.0,1786285365.9929707,1,0.8422,0.1243,,0.5,0.0245,0.176,NOMINAL,NOMINAL,NORMAL,0,
1648325700.0,1786285366.1181211,1,0.8919,0.1284,,0.53,0.0242,0.173,NOMINAL,NOMINAL,NORMAL,0,
1648326600.0,1786285366.2430441,1,0.8674,0.1268,,0.529,0.0229,0.169,NOMINAL,NOMINAL,NORMAL,0,
1648327500.0,1786285366.3681345,1,0.8905,0.1274,,0.542,0.0226,0.198,NOMINAL,NOMINAL,TRIGGERED,1,omni_p6
1648328400.0,1786285366.4930007,1,0.8133,0.1206,,0.537,0.0238,0.175,NOMINAL,NOMINAL,NORMAL,0,
1648329300.0,1786285366.6184902,1,0.9955,0.1357,,0.658,0.0286,0.197,NOMINAL,NOMINAL,NORMAL,0,
1648330200.0,1786285366.7433412,1,0.9846,0.1353,,0.603,0.027,0.188,NOMINAL,NOMINAL,NORMAL,0,
1648331100.0,1786285366.8683014,1,0.9643,0.1318,,0.576,0.0261,0.215,NOMINAL,NOMINAL,NORMAL,0,
1648332000.0,1786285366.9932196,1,0.9954,0.1369,,0.492,0.0239,0.181,NOMINAL,NOMINAL,NORMAL,0,
1648332900.0,1786285367.1182249,1,0.9402,0.1303,,0.547,0.025,0.179,NOMINAL,NOMINAL,NORMAL,0,
1648333800.0,1786285367.2433023,1,0.9712,0.1357,,0.571,0.025,0.185,NOMINAL,NOMINAL,TRIGGERED,1,omni_p6
1648334700.0,1786285367.3682995,1,0.9736,0.132,,0.555,0.0258,0.212,NOMINAL,NOMINAL,NORMAL,0,
1648335600.0,1786285367.4934363,1,0.9965,0.1378,,0.648,0.0294,0.211,NOMINAL,NOMINAL,NORMAL,0,
1648336500.0,1786285367.619364,1,1.2141,0.1657,,0.856,0.0358,0.241,NOMINAL,NOMINAL,NORMAL,0,
1648337400.0,1786285367.7436728,1,1.1119,0.1422,,0.675,0.0307,0.208,NOMINAL,NOMINAL,NORMAL,0,
1648338300.0,1786285367.8683834,1,1.0089,0.1351,,0.617,0.0277,0.191,NOMINAL,NOMINAL,NORMAL,0,
1648339200.0,1786285367.9939978,1,1.0215,0.1325,0.6107,0.554,0.0374,0.205,NOMINAL,NOMINAL,TRIGGERED,1,omni_p6
1648340100.0,1786285368.1192415,1,0.9853,0.1387,,0.58,0.041,1.109,NOMINAL,PRE_ALERT,TRIGGERED,2,omni_p6
1648341000.0,1786285368.2439847,1,0.9378,0.1293,,0.535,0.0396,0.99,PRE_ALERT,NOMINAL,NORMAL,0,
1648341900.0,1786285368.3681889,1,0.9381,0.1309,,0.526,0.0258,0.209,NOMINAL,NOMINAL,NORMAL,0,
1648342800.0,1786285368.4932082,1,0.9144,0.1286,,0.589,0.0258,0.189,NOMINAL,NOMINAL,NORMAL,0,
1648343700.0,1786285368.6190612,1,1.163,0.1465,,0.824,0.0339,0.233,NOMINAL,NOMINAL,NORMAL,0,
1648344600.0,1786285368.7438104,1,1.141,0.144,,0.713,0.0303,0.214,NOMINAL,NOMINAL,NORMAL,0,
1648345500.0,1786285368.8683689,1,1.0204,0.1379,,0.6,0.0264,0.192,NOMINAL,NOMINAL,TRIGGERED,1,omni_p6
1648346400.0,1786285368.9939795,1,0.9307,0.1276,,0.495,0.0414,1.074,NOMINAL,PRE_ALERT,TRIGGERED,2,omni_p6
1648347300.0,1786285369.1189618,1,0.9161,0.1288,,0.529,0.04,0.994,PRE_ALERT,NOMINAL,NORMAL,0,
1648348200.0,1786285369.243096,1,0.8916,0.1259,,0.53,0.0242,0.174,NOMINAL,NOMINAL,NORMAL,0,
1648349100.0,1786285369.3681507,1,0.8976,0.1288,,0.538,0.0249,0.205,NOMINAL,NOMINAL,NORMAL,0,
1648350000.0,1786285369.4930155,1,0.823,0.126,,0.525,0.0243,0.173,NOMINAL,NOMINAL,NORMAL,0,
1648350900.0,1786285369.617975,1,0.812,0.121,,0.526,0.0237,0.168,NOMINAL,NOMINAL,NORMAL,0,
1648351800.0,1786285369.743573,1,1.0315,0.142,,0.674,0.0279,0.2,NOMINAL,NOMINAL,TRIGGERED,1,omni_p6
1648352700.0,1786285369.8682742,1,0.9561,0.1307,,0.571,0.0295,0.219,NOMINAL,NOMINAL,NORMAL,0,
1648353600.0,1786285369.9932272,1,0.9889,0.1372,,0.509,0.0263,0.182,NOMINAL,NOMINAL,NORMAL,0,
1648354500.0,1786285370.1180825,1,0.9072,0.1321,,0.462,0.0201,0.157,NOMINAL,NOMINAL,NORMAL,0,
1648355400.0,1786285370.2430172,1,0.8695,0.123,,0.504,0.0231,0.163,NOMINAL,NOMINAL,NORMAL,0,
1648356300.0,1786285370.3680456,1,0.8768,0.1246,,0.515,0.0231,0.168,NOMINAL,NOMINAL,NORMAL,0,
1648357200.0,1786285370.493007,1,0.8667,0.1286,,0.476,0.0186,0.151,NOMINAL,NOMINAL,NORMAL,0,
1648358100.0,1786285370.6179905,1,0.8747,0.1282,,0.469,0.0183,0.144,NOMINAL,NOMINAL,NORMAL,0,
1648359000.0,1786285370.7434623,1,0.9837,0.1327,,0.64,0.0274,0.194,NOMINAL,NOMINAL,NORMAL,0,
1648359900.0,1786285370.86809,1,0.9322,0.1288,,0.493,0.0204,0.152,NOMINAL,NOMINAL,NORMAL,0,
1648360800.0,1786285370.9931865,1,0.9665,0.1348,,0.522,0.0257,0.172,NOMINAL,NOMINAL,NORMAL,0,
1648361700.0,1786285371.11805,1,0.8861,0.1282,,0.489,0.0183,0.143,NOMINAL,NOMINAL,NORMAL,0,
1648362600.0,1786285371.2430997,1,0.8821,0.1278,,0.533,0.024,0.164,NOMINAL,NOMINAL,NORMAL,0,
1648363500.0,1786285371.368169,1,0.9069,0.129,,0.528,0.0242,0.199,NOMINAL,NOMINAL,NORMAL,0,
1648364400.0,1786285371.493052,1,0.9213,0.1288,,0.481,0.0234,0.156,NOMINAL,NOMINAL,NORMAL,0,
1648365300.0,1786285371.61801,1,0.8943,0.132,,0.463,0.0192,0.148,NOMINAL,NOMINAL,NORMAL,0,
1648366200.0,1786285371.7433953,1,0.9713,0.1305,,0.627,0.0265,0.194,NOMINAL,NOMINAL,NORMAL,0,
1648367100.0,1786285371.8682601,1,0.9619,0.1324,,0.557,0.0268,0.206,NOMINAL,NOMINAL,NORMAL,0,
1648368000.0,1786285371.9931207,1,0.9735,0.1327,,0.473,0.0208,0.159,NOMINAL,NOMINAL,TRIGGERED,1,omni_p6
1648368900.0,1786285372.1181395,1,0.8983,0.1283,,0.516,0.0253,0.175,NOMINAL,NOMINAL,NORMAL,0,
1648369800.0,1786285372.2430336,1,0.8637,0.1265,,0.508,0.0248,0.168,NOMINAL,NOMINAL,NORMAL,0,
1648370700.0,1786285372.3682046,1,0.9033,0.1304,,0.551,0.0257,0.206,NOMINAL,NOMINAL,NORMAL,0,
1648371600.0,1786285372.4933195,1,0.9437,0.1344,,0.624,0.0294,0.209,NOMINAL,NOMINAL,NORMAL,0,
1648372500.0,1786285372.6192853,1,1.2042,0.1536,,0.882,0.034,0.241,NOMINAL,NOMINAL,NORMAL,0,
1648373400.0,1786285372.7439637,1,1.1699,0.1518,,0.772,0.0302,0.226,NOMINAL,NOMINAL,TRIGGERED,1,omni_p6
1648374300.0,1786285372.8695762,1,1.09,0.1459,,0.7,0.0483,1.12,NOMINAL,PRE_ALERT,TRIGGERED,2,omni_p6
1648375200.0,1786285372.9942381,1,1.0831,0.1416,,0.564,0.0433,1.006,PRE_ALERT,NOMINAL,NORMAL,0,
1648376100.0,1786285373.1182923,1,0.9806,0.1342,,0.547,0.0267,0.18,NOMINAL,NOMINAL,NORMAL,0,
1648377000.0,1786285373.2430987,1,0.9136,0.1273,,0.515,0.0245,0.169,NOMINAL,NOMINAL,NORMAL,0,
1648377900.0,1786285373.368216,1,0.9207,0.1316,,0.582,0.0251,0.201,NOMINAL,NOMINAL,NORMAL,0,
1648378800.0,1786285373.4929743,1,0.8212,0.1291,,0.523,0.0247,0.17,NOMINAL,NOMINAL,NORMAL,0,
1648379700.0,1786285373.6192832,1,1.2036,0.1589,,0.877,0.0346,0.244,NOMINAL,NOMINAL,TRIGGERED,1,omni_p6
1648380600.0,1786285373.7447903,1,1.1776,0.1525,,0.752,0.0482,1.156,NOMINAL,PRE_ALERT,TRIGGERED,2,omni_p6
1648381500.0,1786285373.8693252,1,1.0768,0.1397,,0.623,0.0466,1.036,PRE_ALERT,NOMINAL,NORMAL,0,
1648382400.0,1786285373.9933648,1,1.0671,0.1394,,0.537,0.0277,0.192,NOMINAL,NOMINAL,NORMAL,0,
1648383300.0,1786285374.1187735,1,1.1044,0.1418,,0.722,0.0329,0.214,NOMINAL,NOMINAL,NORMAL,0,
1648384200.0,1786285374.2432857,1,1.0026,0.1374,,0.57,0.0285,0.192,NOMINAL,NOMINAL,NORMAL,0,
1648385100.0,1786285374.3681984,1,0.9517,0.1305,,0.522,0.0264,0.207,NOMINAL,NOMINAL,NORMAL,0,
1648386000.0,1786285374.493078,1,0.9347,0.1313,,0.505,0.0232,0.171,NOMINAL,NOMINAL,TRIGGERED,1,omni_p6
1648386900.0,1786285374.6189227,1,0.9063,0.1317,,0.483,0.0369,1.068,NOMINAL,PRE_ALERT,TRIGGERED,2,omni_p6
1648387800.0,1786285374.743834,1,0.9193,0.1301,,0.5,0.0344,0.934,PRE_ALERT,NOMINAL,NORMAL,0,
1648388700.0,1786285374.8685005,1,1.0263,0.1389,,0.644,0.0278,0.195,NOMINAL,NOMINAL,NORMAL,0,
1648389600.0,1786285374.993123,1,1.001,0.1346,,0.459,0.021,0.154,NOMINAL,NOMINAL,NORMAL,0,
1648390500.0,1786285375.1180968,1,0.9139,0.1287,,0.508,0.0243,0.167,NOMINAL,NOMINAL,NORMAL,0,
1648391400.0,1786285375.2430086,1,0.8841,0.1254,,0.501,0.0236,0.162,NOMINAL,NOMINAL,NORMAL,0,
1648392300.0,1786285375.3680131,1,0.8752,0.127,,0.509,0.0215,0.161,NOMINAL,NOMINAL,TRIGGERED,1,omni_p6
1648393200.0,1786285375.492839,1,0.783,0.1399,,0.485,0.0237,0.162,NOMINAL,NOMINAL,NORMAL,0,
1648394100.0,1786285375.617957,1,0.8387,0.1212,,0.513,0.0236,0.157,NOMINAL,NOMINAL,NORMAL,0,
1648395000.0,1786285375.7430236,1,0.885,0.1257,,0.517,0.0241,0.165,NOMINAL,NOMINAL,NORMAL,0,
1648395900.0,1786285375.8683698,1,0.9658,0.1339,,0.639,0.0265,0.188,NOMINAL,NOMINAL,NORMAL,0,
1648396800.0,1786285375.9930224,1,0.8752,0.1264,,0.485,0.024,0.178,NOMINAL,NOMINAL,NORMAL,0,
1648397700.0,1786285376.117969,1,0.8273,0.1221,,0.486,0.0246,0.174,NOMINAL,NOMINAL,NORMAL,0,
1648398600.0,1786285376.2429228,1,0.8407,0.1211,,0.486,0.0236,0.163,NOMINAL,NOMINAL,NORMAL,0,
1648399500.0,1786285376.3679197,1,0.8349,0.1177,,0.495,0.0233,0.165,NOMINAL,NOMINAL,NORMAL,0,
1648400400.0,1786285376.492874,1,0.7872,0.154,,0.481,0.0235,0.161,NOMINAL,NOMINAL,NORMAL,0,
1648401300.0,1786285376.6179533,1,0.8798,0.1292,,0.449,0.019,0.146,NOMINAL,NOMINAL,NORMAL,0,
1648402200.0,1786285376.7427912,1,0.8011,0.1176,,0.459,0.017,0.138,NOMINAL,NOMINAL,NORMAL,0,
1648403100.0,1786285376.8683684,1,0.9609,0.1309,,0.637,0.0257,0.191,NOMINAL,NOMINAL,NORMAL,0,
1648404000.0,1786285376.9932141,1,1.001,0.1343,,0.526,0.0244,0.179,NOMINAL,NOMINAL,NORMAL,0,
1648404900.0,1786285377.118078,1,0.892,0.131,,0.517,0.0233,0.166,NOMINAL,NOMINAL,NORMAL,0,
1648405800.0,1786285377.2429593,1,0.8525,0.1286,,0.507,0.0213,0.16,NOMINAL,NOMINAL,NORMAL,0,
1648406700.0,1786285377.368143,1,0.8989,0.1269,,0.521,0.0243,0.2,NOMINAL,NOMINAL,NORMAL,0,
1648407600.0,1786285377.493143,1,0.8842,0.1334,,0.567,0.0257,0.177,NOMINAL,NOMINAL,NORMAL,0,
1648408500.0,1786285377.6192036,1,1.1859,0.1521,,0.846,0.0346,0.241,NOMINAL,NOMINAL,NORMAL,0,
1648409400.0,1786285377.7435057,1,1.0695,0.1452,,0.64,0.0285,0.2,NOMINAL,NOMINAL,NORMAL,0,
1648410300.0,1786285377.868606,1,1.0796,0.1408,,0.656,0.0297,0.208,NOMINAL,NOMINAL,NORMAL,0,
1648411200.0,1786285377.9933145,1,1.0459,0.1375,,0.534,0.0266,0.192,NOMINAL,NOMINAL,NORMAL,0,
1648412100.0,1786285378.1182668,1,0.9726,0.1353,,0.55,0.0266,0.182,NOMINAL,NOMINAL,NORMAL,0,
1648413000.0,1786285378.243091,1,0.9044,0.1316,,0.519,0.0236,0.171,NOMINAL,NOMINAL,TRIGGERED,1,omni_p6
1648413900.0,1786285378.36813,1,0.9117,0.1286,,0.529,0.0248,0.189,NOMINAL,NOMINAL,NORMAL,0,
1648414800.0,1786285378.493024,1,0.865,0.1271,,0.507,0.0239,0.166,NOMINAL,NOMINAL,NORMAL,0,
1648415700.0,1786285378.6191068,1,1.1737,0.149,,0.821,0.0343,0.232,NOMINAL,NOMINAL,NORMAL,0,
1648416600.0,1786285378.7438195,1,1.14,0.1457,,0.73,0.0308,0.222,NOMINAL,NOMINAL,NORMAL,0,
1648417500.0,1786285378.8686624,1,1.0898,0.1435,,0.701,0.0317,0.21,NOMINAL,NOMINAL,NORMAL,0,
1648418400.0,1786285378.9933956,1,1.0607,0.1427,,0.568,0.0273,0.197,NOMINAL,NOMINAL,TRIGGERED,1,omni_p6
1648419300.0,1786285379.1192188,1,0.9852,0.1368,,0.552,0.043,1.093,NOMINAL,PRE_ALERT,TRIGGERED,2,omni_p6
1648420200.0,1786285379.2439756,1,0.9313,0.1288,,0.538,0.0406,0.995,PRE_ALERT,NOMINAL,NORMAL,0,
1648421100.0,1786285379.3682609,1,0.9432,0.1317,,0.562,0.0505,0.212,NOMINAL,NOMINAL,NORMAL,0,
1648422000.0,1786285379.4930682,1,0.8873,0.1287,,0.509,0.0253,0.173,NOMINAL,NOMINAL,NORMAL,0,
1648422900.0,1786285379.6182964,1,0.9777,0.1332,,0.561,0.0274,0.189,NOMINAL,NOMINAL,NORMAL,0,
1648423800.0,1786285379.7431133,1,0.9152,0.1264,,0.535,0.0261,0.179,NOMINAL,NOMINAL,NORMAL,0,
1648424700.0,1786285379.868144,1,0.9072,0.1333,,0.533,0.0242,0.201,NOMINAL,NOMINAL,TRIGGERED,1,omni_p6
1648425600.0,1786285379.9951684,1,1.0925,0.1356,0.6291,0.596,0.0454,1.135,NOMINAL,PRE_ALERT,TRIGGERED,2,omni_p6
1648426500.0,1786285380.1196878,1,1.1203,0.1448,,0.721,0.0508,1.103,PRE_ALERT,NOMINAL,NORMAL,0,
1648427400.0,1786285380.243394,1,1.0255,0.1382,,0.58,0.0268,0.188,NOMINAL,NOMINAL,NORMAL,0,
1648428300.0,1786285380.368256,1,0.9622,0.1302,,0.525,0.053,0.216,NOMINAL,NOMINAL,NORMAL,0,
1648429200.0,1786285380.4932072,1,0.9599,0.1302,,0.532,0.0249,0.175,NOMINAL,NOMINAL,NORMAL,0,
1648430100.0,1786285380.6180575,1,0.9099,0.133,,0.489,0.0212,0.152,NOMINAL,NOMINAL,NORMAL,0,
1648431000.0,1786285380.7430925,1,0.9044,0.1279,,0.534,0.0225,0.168,NOMINAL,NOMINAL,TRIGGERED,1,omni_p6
1648431900.0,1786285380.8680406,1,0.9145,0.1284,,0.472,0.0196,0.153,NOMINAL,NOMINAL,NORMAL,0,
1648432800.0,1786285380.9934363,1,1.0392,0.1341,,0.584,0.0278,0.192,NOMINAL,NOMINAL,NORMAL,0,
1648433700.0,1786285381.118189,1,0.9552,0.128,,0.517,0.0256,0.173,NOMINAL,NOMINAL,NORMAL,0,
1648434600.0,1786285381.2431693,1,0.9068,0.1279,,0.535,0.0233,0.171,NOMINAL,NOMINAL,NORMAL,0,
1648435500.0,1786285381.3681319,1,0.8915,0.1262,,0.526,0.022,0.189,NOMINAL,NOMINAL,NORMAL,0,
1648436400.0,1786285381.4931026,1,0.9044,0.1264,,0.524,0.0219,0.165,NOMINAL,NOMINAL,TRIGGERED,1,omni_p6
1648437300.0,1786285381.6191971,1,0.9508,0.1316,,0.576,0.0424,1.077,NOMINAL,PRE_ALERT,TRIGGERED,2,omni_p6
1648438200.0,1786285381.7438996,1,0.9313,0.1265,,0.503,0.0344,0.93,PRE_ALERT,NOMINAL,NORMAL,0,
1648439100.0,1786285381.8680909,1,0.9095,0.1264,,0.495,0.0216,0.154,NOMINAL,NOMINAL,NORMAL,0,
1648440000.0,1786285381.9935534,1,1.0675,0.139,,0.615,0.0284,0.197,NOMINAL,NOMINAL,NORMAL,0,
1648440900.0,1786285382.1183274,1,0.972,0.1342,,0.549,0.0269,0.185,NOMINAL,NOMINAL,NORMAL,0,
1648441800.0,1786285382.2431648,1,0.9252,0.1285,,0.528,0.0243,0.174,NOMINAL,NOMINAL,NORMAL,0,
1648442700.0,1786285382.3681512,1,0.8999,0.1299,,0.523,0.0264,0.2,NOMINAL,NOMINAL,NORMAL,0,
1648443600.0,1786285382.4931877,1,0.9338,0.131,,0.545,0.026,0.178,NOMINAL,NOMINAL,NORMAL,0,
1648444500.0,1786285382.6192865,1,1.245,0.1557,,0.845,0.0359,0.242,NOMINAL,NOMINAL,NORMAL,0,
1648445400.0,1786285382.7435381,1,1.0762,0.1438,,0.633,0.0303,0.203,NOMINAL,NOMINAL,NORMAL,0,
1648446300.0,1786285382.8682935,1,0.9596,0.139,,0.583,0.0284,0.221,NOMINAL,NOMINAL,NORMAL,0,
1648447200.0,1786285382.9935007,1,1.077,0.1403,,0.595,0.0297,0.201,NOMINAL,NOMINAL,NORMAL,0,
1648448100.0,1786285383.1182928,1,0.9584,0.1364,,0.563,0.029,0.19,NOMINAL,NOMINAL,NORMAL,0,
1648449000.0,1786285383.2431443,1,0.9173,0.1323,,0.534,0.0266,0.181,NOMINAL,NOMINAL,NORMAL,0,
1648449900.0,1786285383.368144,1,0.9026,0.133,,0.528,0.0249,0.194,NOMINAL,NOMINAL,NORMAL,0,
1648450800.0,1786285383.4929018,1,0.7961,0.1493,,0.499,0.0231,0.168,NOMINAL,NOMINAL,NORMAL,0,
1648451700.0,1786285383.6191602,1,1.1827,0.1511,,0.842,0.0344,0.24,NOMINAL,NOMINAL,NORMAL,0,
1648452600.0,1786285383.7435992,1,1.0715,0.1432,,0.651,0.0324,0.209,NOMINAL,NOMINAL,NORMAL,0,
1648453500.0,1786285383.8684552,1,1.0339,0.1362,,0.616,0.0284,0.2,NOMINAL,NOMINAL,NORMAL,0,
1648454400.0,1786285383.9935884,1,1.0866,0.1397,,0.623,0.0297,0.21,NOMINAL,NOMINAL,NORMAL,0,
1648455300.0,1786285384.1183975,1,0.9967,0.1373,,0.571,0.0277,0.194,NOMINAL,NOMINAL,NORMAL,0,
1648456200.0,1786285384.2432106,1,0.9528,0.1298,,0.53,0.0263,0.18,NOMINAL,NOMINAL,NORMAL,0,
1648457100.0,1786285384.3682063,1,0.9387,0.1289,,0.528,0.0259,0.202,NOMINAL,NOMINAL,NORMAL,0,
1648458000.0,1786285384.493121,1,0.9114,0.1274,,0.516,0.027,0.178,NOMINAL,NOMINAL,NORMAL,0,
1648458900.0,1786285384.6182284,1,0.9313,0.131,,0.555,0.026,0.183,NOMINAL,NOMINAL,TRIGGERED,1,omni_p6
1648459800.0,1786285384.7431397,1,0.9052,0.1284,,0.545,0.0258,0.176,NOMINAL,NOMINAL,NORMAL,0,
1648460700.0,1786285384.8681912,1,0.9195,0.1306,,0.55,0.027,0.204,NOMINAL,NOMINAL,NORMAL,0,
1648461600.0,1786285384.9931688,1,0.9527,0.1291,,0.53,0.0251,0.175,NOMINAL,NOMINAL,NORMAL,0,
1648462500.0,1786285385.1186404,1,1.0503,0.142,,0.664,0.0321,0.206,NOMINAL,NOMINAL,NORMAL,0,
1648463400.0,1786285385.2443242,1,0.9781,0.1325,,0.569,0.0281,0.221,NOMINAL,NOMINAL,NORMAL,0,
1648464300.0,1786285385.3687797,1,0.9461,0.1337,,0.571,0.0266,0.186,NOMINAL,NOMINAL,NORMAL,0,
1648465200.0,1786285385.4936576,1,0.9202,0.1302,,0.528,0.0241,0.176,NOMINAL,NOMINAL,TRIGGERED,1,omni_p6
1648466100.0,1786285385.6187088,1,0.9065,0.1336,,0.56,0.0266,0.179,NOMINAL,NOMINAL,NORMAL,0,
1648467000.0,1786285385.743718,1,0.9079,0.1317,,0.567,0.0264,0.184,NOMINAL,NOMINAL,NORMAL,0,
1648467900.0,1786285385.8687065,1,0.9055,0.1316,,0.576,0.0262,0.18,NOMINAL,NOMINAL,NORMAL,0,
1648468800.0,1786285385.9937334,1,0.9512,0.1351,,0.54,0.0387,0.2,NOMINAL,NOMINAL,NORMAL,0,
1648469700.0,1786285386.1191459,1,1.0605,0.1417,,0.666,0.0319,0.205,NOMINAL,NOMINAL,NORMAL,0,
1648470600.0,1786285386.2437308,1,0.9259,0.132,,0.554,0.0275,0.184,NOMINAL,NOMINAL,TRIGGERED,1,omni_p6
1648471500.0,1786285386.3696864,1,0.9462,0.1325,,0.553,0.0446,1.102,NOMINAL,PRE_ALERT,TRIGGERED,2,omni_p6
1648472400.0,1786285386.4936972,1,0.9287,0.1305,,0.533,0.0234,0.176,PRE_ALERT,PRE_ALERT,TRIGGERED,3,omni_p6
1648473300.0,1786285386.6195545,1,0.9165,0.1292,,0.552,0.0413,1.044,PRE_ALERT,NOMINAL,NORMAL,0,
1648474200.0,1786285386.7437382,1,0.9108,0.1301,,0.552,0.0252,0.18,NOMINAL,NOMINAL,NORMAL,0,
1648475100.0,1786285386.8687532,1,0.919,0.1301,,0.595,0.0259,0.178,NOMINAL,NOMINAL,TRIGGERED,1,omni_p6
1648476000.0,1786285386.9944973,1,0.9107,0.1292,,0.505,0.0408,1.048,NOMINAL,PRE_ALERT,TRIGGERED,2,omni_p6
1648476900.0,1786285387.1191232,1,1.0364,0.1459,,0.659,0.0308,0.203,PRE_ALERT,PRE_ALERT,TRIGGERED,3,omni_p6
1648477800.0,1786285387.2447262,1,0.9499,0.139,,0.568,0.0405,1.101,PRE_ALERT,ALERT,TRIGGERED,4,omni_p6
1648478700.0,1786285387.3689246,1,0.9663,0.1372,,0.606,0.0298,0.224,ALERT,ALERT,TRIGGERED,5,omni_p6
1648479600.0,1786285387.4945993,1,0.9395,0.1332,,0.559,0.0354,1.047,ALERT,NOMINAL,NORMAL,0,
1648480500.0,1786285387.6197703,1,1.1952,0.157,,0.862,0.0368,0.242,NOMINAL,NOMINAL,NORMAL,0,
1648481400.0,1786285387.7439704,1,0.9775,0.1329,,0.668,0.0322,0.21,NOMINAL,NOMINAL,TRIGGERED,1,omni_p6
1648482300.0,1786285387.8690069,1,1.0379,0.1773,,0.6,0.0353,0.204,NOMINAL,NOMINAL,NORMAL,0,
1648483200.0,1786285387.9937534,1,0.9733,0.1356,,0.542,0.0256,0.183,NOMINAL,NOMINAL,TRIGGERED,1,omni_p6
1648484100.0,1786285388.1190977,1,1.0367,0.1349,,0.659,0.0318,0.207,NOMINAL,NOMINAL,NORMAL,0,
1648485000.0,1786285388.2437897,1,0.9603,0.1326,,0.568,0.0239,0.18,NOMINAL,NOMINAL,TRIGGERED,1,omni_p6
1648485900.0,1786285388.3686962,1,0.9057,0.1295,,0.565,0.0262,0.176,NOMINAL,NOMINAL,NORMAL,0,
1648486800.0,1786285388.493563,1,0.8891,0.1247,,0.515,0.0235,0.164,NOMINAL,NOMINAL,NORMAL,0,
1648487700.0,1786285388.6195996,1,1.1546,0.1484,,0.825,0.0315,0.224,NOMINAL,NOMINAL,TRIGGERED,1,omni_p6
1648488600.0,1786285388.7438223,1,1.01,0.1402,,0.541,0.0231,0.169,NOMINAL,NOMINAL,NORMAL,0,
1648489500.0,1786285388.86873,1,0.9707,0.1313,,0.528,0.0212,0.156,NOMINAL,NOMINAL,NORMAL,0,
1648490400.0,1786285388.9937205,1,0.9626,0.1341,,0.548,0.0266,0.18,NOMINAL,NOMINAL,TRIGGERED,1,omni_p6
1648491300.0,1786285389.1189578,1,0.9789,0.1339,,0.629,0.0272,0.19,NOMINAL,NOMINAL,NORMAL,0,
1648492200.0,1786285389.243716,1,0.9348,0.1304,,0.559,0.0252,0.178,NOMINAL,NOMINAL,NORMAL,0,
1648493100.0,1786285389.3686037,1,0.8774,0.1243,,0.539,0.0245,0.178,NOMINAL,NOMINAL,NORMAL,0,
1648494000.0,1786285389.4935582,1,0.901,0.1256,,0.496,0.0211,0.161,NOMINAL,NOMINAL,TRIGGERED,1,omni_p6
1648494900.0,1786285389.6185157,1,0.8683,0.1252,,0.493,0.0197,0.147,NOMINAL,NOMINAL,NORMAL,0,
1648495800.0,1786285389.7435412,1,0.8586,0.1238,,0.533,0.023,0.157,NOMINAL,NOMINAL,NORMAL,0,
1648496700.0,1786285389.868982,1,0.8904,0.1297,,0.876,0.0232,0.172,NOMINAL,NOMINAL,TRIGGERED,1,omni_p6
1648497600.0,1786285389.9945276,1,0.9157,0.1298,,0.514,0.0416,1.077,NOMINAL,PRE_ALERT,TRIGGERED,2,omni_p6
1648498500.0,1786285390.1196778,1,0.933,0.1296,,0.576,0.0437,1.068,PRE_ALERT,NOMINAL,NORMAL,0,
1648499400.0,1786285390.244634,1,1.1444,0.148,,0.842,0.03,0.216,NOMINAL,NOMINAL,NORMAL,0,
1648500300.0,1786285390.3687184,1,0.9579,0.1294,,0.577,0.0254,0.173,NOMINAL,NOMINAL,NORMAL,0,
1648501200.0,1786285390.4934735,1,0.8482,0.1221,,0.513,0.0249,0.168,NOMINAL,NOMINAL,NORMAL,0,
1648502100.0,1786285390.6184611,1,0.8535,0.1257,,0.51,0.0236,0.162,NOMINAL,NOMINAL,NORMAL,0,
1648503000.0,1786285390.7435756,1,0.8908,0.126,,0.53,0.0236,0.167,NOMINAL,NOMINAL,TRIGGERED,1,omni_p6
1648503900.0,1786285390.8693726,1,0.8699,0.1263,,0.477,0.0415,1.044,NOMINAL,PRE_ALERT,TRIGGERED,2,omni_p6
1648504800.0,1786285390.9944084,1,0.9026,0.1264,,0.502,0.0412,0.991,PRE_ALERT,NOMINAL,NORMAL,0,
1648505700.0,1786285391.118705,1,0.9208,0.1304,,0.532,0.0244,0.17,NOMINAL,NOMINAL,TRIGGERED,1,omni_p6
1648506600.0,1786285391.2438471,1,0.9523,0.1298,,0.59,0.0264,0.182,NOMINAL,NOMINAL,NORMAL,0,
1648507500.0,1786285391.3685987,1,0.8812,0.1277,,0.546,0.0234,0.169,NOMINAL,NOMINAL,NORMAL,0,
1648508400.0,1786285391.493571,1,0.901,0.1254,,0.523,0.0213,0.164,NOMINAL,NOMINAL,NORMAL,0,
1648509300.0,1786285391.618526,1,0.8627,0.128,,0.511,0.0212,0.164,NOMINAL,NOMINAL,NORMAL,0,
1648510200.0,1786285391.7435308,1,0.8806,0.1275,,0.51,0.0209,0.163,NOMINAL,NOMINAL,TRIGGERED,1,omni_p6
1648511100.0,1786285391.8686364,1,0.9053,0.129,,0.548,0.0257,0.171,NOMINAL,NOMINAL,NORMAL,0,
1648512000.0,1786285391.9943542,1,0.9434,0.1261,0.6068,0.543,0.0244,0.175,NOMINAL,NOMINAL,NORMAL,0,
1648512900.0,1786285392.11872,1,0.9416,0.1291,,0.553,0.0238,0.177,NOMINAL,NOMINAL,NORMAL,0,
1648513800.0,1786285392.2438655,1,0.9663,0.1323,,0.592,0.0263,0.192,NOMINAL,NOMINAL,NORMAL,0,
1648514700.0,1786285392.3686087,1,0.8971,0.1312,,0.533,0.0229,0.171,NOMINAL,NOMINAL,NORMAL,0,
1648515600.0,1786285392.4938235,1,0.9691,0.1355,,0.616,0.0258,0.199,NOMINAL,NOMINAL,TRIGGERED,1,omni_p6
1648516500.0,1786285392.6206548,1,1.1683,0.1531,,0.854,0.0505,1.192,NOMINAL,PRE_ALERT,TRIGGERED,2,omni_p6
1648517400.0,1786285392.744808,1,1.0729,0.1435,,0.599,0.0381,0.975,PRE_ALERT,NOMINAL,NORMAL,0,
1648518300.0,1786285392.868946,1,1.0355,0.1705,,0.571,0.0274,0.182,NOMINAL,NOMINAL,NORMAL,0,
1648519200.0,1786285392.9936545,1,0.9782,0.1293,,0.483,0.0232,0.156,NOMINAL,NOMINAL,NORMAL,0,
1648520100.0,1786285393.118759,1,0.9757,0.1318,,0.507,0.0206,0.15,NOMINAL,NOMINAL,NORMAL,0,
1648521000.0,1786285393.2438679,1,0.9819,0.1305,,0.586,0.0271,0.182,NOMINAL,NOMINAL,NORMAL,0,
1648521900.0,1786285393.3686793,1,0.9135,0.1291,,0.558,0.0214,0.168,NOMINAL,NOMINAL,TRIGGERED,1,omni_p6
1648522800.0,1786285393.494526,1,0.9223,0.1288,,0.53,0.0403,1.064,NOMINAL,PRE_ALERT,TRIGGERED,2,omni_p6
1648523700.0,1786285393.6205285,1,1.1515,0.1506,,0.84,0.0509,1.148,PRE_ALERT,NOMINAL,NORMAL,0,
1648524600.0,1786285393.7438586,1,0.9531,0.1268,,0.626,0.0273,0.187,NOMINAL,NOMINAL,NORMAL,0,
1648525500.0,1786285393.8688478,1,0.9734,0.1361,,0.614,0.0266,0.181,NOMINAL,NOMINAL,NORMAL,0,
1648526400.0,1786285393.9936886,1,0.9643,0.1317,,0.521,0.026,0.173,NOMINAL,NOMINAL,NORMAL,0,
1648527300.0,1786285394.1189303,1,1.0218,0.1388,,0.568,0.0221,0.168,NOMINAL,NOMINAL,NORMAL,0,
1648528200.0,1786285394.2440028,1,1.0227,0.136,,0.616,0.0272,0.227,NOMINAL,NOMINAL,NORMAL,0,
1648529100.0,1786285394.3687115,1,0.924,0.1334,,0.561,0.0255,0.177,NOMINAL,NOMINAL,NORMAL,0,
1648530000.0,1786285394.4935997,1,0.9268,0.1268,,0.493,0.0206,0.152,NOMINAL,NOMINAL,NORMAL,0,
1648530900.0,1786285394.6185133,1,0.8755,0.1283,,0.479,0.0198,0.145,NOMINAL,NOMINAL,NORMAL,0,
1648531800.0,1786285394.7435317,1,0.8813,0.1251,,0.489,0.0183,0.142,NOMINAL,NOMINAL,NORMAL,0,
1648532700.0,1786285394.8685539,1,0.8725,0.1228,,0.523,0.0174,0.143,NOMINAL,NOMINAL,NORMAL,0,
1648533600.0,1786285394.993645,1,0.9291,0.1263,,0.525,0.0231,0.167,NOMINAL,NOMINAL,NORMAL,0,
1648534500.0,1786285395.1185958,1,0.8908,0.124,,0.503,0.0213,0.151,NOMINAL,NOMINAL,NORMAL,0,
1648535400.0,1786285395.243566,1,0.8755,0.1215,,0.513,0.0232,0.163,NOMINAL,NOMINAL,NORMAL,0,
1648536300.0,1786285395.3688862,1,0.9674,0.1301,,0.619,0.0282,0.19,NOMINAL,NOMINAL,NORMAL,0,
1648537200.0,1786285395.4936233,1,0.9299,0.1289,,0.508,0.0209,0.158,NOMINAL,NOMINAL,NORMAL,0,
1648538100.0,1786285395.618517,1,0.8727,0.1245,,0.493,0.0197,0.146,NOMINAL,NOMINAL,NORMAL,0,
1648539000.0,1786285395.7436388,1,0.8839,0.1231,,0.551,0.0247,0.17,NOMINAL,NOMINAL,NORMAL,0,
1648539900.0,1786285395.868665,1,0.8874,0.125,,0.598,0.0226,0.169,NOMINAL,NOMINAL,NORMAL,0,
1648540800.0,1786285395.9935877,1,0.9301,0.1285,,0.478,0.0197,0.15,NOMINAL,NOMINAL,TRIGGERED,1,omni_p6
1648541700.0,1786285396.1195369,1,0.9019,0.1318,,0.487,0.0379,1.058,NOMINAL,PRE_ALERT,TRIGGERED,2,omni_p6
1648542600.0,1786285396.2444744,1,0.8835,0.1276,,0.526,0.0385,1.025,PRE_ALERT,NOMINAL,NORMAL,0,
1648543500.0,1786285396.3688452,1,0.9449,0.1329,,0.608,0.0255,0.179,NOMINAL,NOMINAL,NORMAL,0,
1648544400.0,1786285396.4935915,1,0.9324,0.1301,,0.478,0.019,0.153,NOMINAL,NOMINAL,TRIGGERED,1,omni_p6
1648545300.0,1786285396.6184967,1,0.8683,0.1261,,0.48,0.0177,0.143,NOMINAL,NOMINAL,NORMAL,0,
1648546200.0,1786285396.7435818,1,0.9053,0.1231,,0.491,0.0184,0.148,NOMINAL,NOMINAL,NORMAL,0,
1648547100.0,1786285396.8685153,1,0.8793,0.1248,,0.485,0.0183,0.141,NOMINAL,NOMINAL,NORMAL,0,
1648548000.0,1786285396.9935653,1,0.9164,0.1251,,0.477,0.0175,0.139,NOMINAL,NOMINAL,NORMAL,0,
1648548900.0,1786285397.118577,1,0.8847,0.1264,,0.497,0.0241,0.167,NOMINAL,NOMINAL,NORMAL,0,
1648549800.0,1786285397.2434995,1,0.8518,0.1269,,0.499,0.0226,0.161,NOMINAL,NOMINAL,TRIGGERED,1,omni_p6
1648550700.0,1786285397.3696406,1,0.9053,0.1269,,0.574,0.0419,1.081,NOMINAL,PRE_ALERT,TRIGGERED,2,omni_p6
1648551600.0,1786285397.4947102,1,0.9926,0.1373,,0.603,0.0451,1.03,PRE_ALERT,NOMINAL,NORMAL,0,
1648552500.0,1786285397.6196463,1,1.1659,0.1489,,0.828,0.0325,0.227,NOMINAL,NOMINAL,NORMAL,0,
1648553400.0,1786285397.743711,1,0.9446,0.1332,,0.553,0.0236,0.169,NOMINAL,NOMINAL,NORMAL,0,
1648554300.0,1786285397.8685706,1,0.9351,0.1307,,0.49,0.0207,0.158,NOMINAL,NOMINAL,NORMAL,0,
1648555200.0,1786285397.9936404,1,0.9123,0.1238,,0.537,0.0244,0.173,NOMINAL,NOMINAL,NORMAL,0,
1648556100.0,1786285398.118644,1,0.9268,0.1316,,0.494,0.0218,0.154,NOMINAL,NOMINAL,TRIGGERED,1,omni_p6
1648557000.0,1786285398.244448,1,0.8574,0.1262,,0.49,0.0396,1.116,NOMINAL,PRE_ALERT,TRIGGERED,2,omni_p6
1648557900.0,1786285398.369706,1,0.938,0.1277,,0.666,0.0454,1.023,PRE_ALERT,NOMINAL,NORMAL,0,
1648558800.0,1786285398.493383,1,0.8399,0.117,,0.456,0.0206,0.157,NOMINAL,NOMINAL,NORMAL,0,
1648559700.0,1786285398.6195185,1,1.143,0.1472,,0.8,0.032,0.226,NOMINAL,NOMINAL,NORMAL,0,
1648560600.0,1786285398.7437632,1,0.9385,0.127,,0.599,0.0271,0.191,NOMINAL,NOMINAL,NORMAL,0,
1648561500.0,1786285398.8688362,1,0.9995,0.1357,,0.573,0.0258,0.181,NOMINAL,NOMINAL,NORMAL,0,
1648562400.0,1786285398.9936912,1,1.0017,0.132,,0.474,0.0242,0.164,NOMINAL,NOMINAL,TRIGGERED,1,omni_p6
1648563300.0,1786285399.118571,1,0.9028,0.1268,,0.499,0.024,0.165,NOMINAL,NOMINAL,NORMAL,0,
1648564200.0,1786285399.243524,1,0.8684,0.125,,0.497,0.024,0.162,NOMINAL,NOMINAL,NORMAL,0,
1648565100.0,1786285399.3687904,1,0.9339,0.125,,0.611,0.0245,0.174,NOMINAL,NOMINAL,NORMAL,0,
1648566000.0,1786285399.4935973,1,0.9217,0.125,,0.522,0.0248,0.17,NOMINAL,NOMINAL,NORMAL,0,
1648566900.0,1786285399.6182928,1,0.7874,0.1168,,0.451,0.0184,0.142,NOMINAL,NOMINAL,NORMAL,0,
1648567800.0,1786285399.743571,1,0.8693,0.1236,,0.529,0.0239,0.163,NOMINAL,NOMINAL,NORMAL,0,
1648568700.0,1786285399.8685644,1,0.8737,0.129,,0.525,0.0219,0.163,NOMINAL,NOMINAL,TRIGGERED,1,omni_p6
1648569600.0,1786285399.9936686,1,0.9235,0.1255,,0.528,0.0235,0.171,NOMINAL,NOMINAL,NORMAL,0,
1648570500.0,1786285400.1186447,1,0.9003,0.1265,,0.52,0.0244,0.169,NOMINAL,NOMINAL,NORMAL,0,
1648571400.0,1786285400.2435977,1,0.8856,0.1248,,0.523,0.0236,0.164,NOMINAL,NOMINAL,NORMAL,0,
1648572300.0,1786285400.3687427,1,0.9152,0.1283,,0.576,0.0266,0.177,NOMINAL,NOMINAL,NORMAL,0,
1648573200.0,1786285400.4936552,1,0.9322,0.1242,,0.533,0.0241,0.169,NOMINAL,NOMINAL,NORMAL,0,
1648574100.0,1786285400.6185148,1,0.8477,0.1224,,0.517,0.0227,0.164,NOMINAL,NOMINAL,NORMAL,0,
1648575000.0,1786285400.743685,1,0.8989,0.1271,,0.568,0.0236,0.172,NOMINAL,NOMINAL,NORMAL,0,
1648575900.0,1786285400.8686044,1,0.8655,0.1226,,0.561,0.0236,0.165,NOMINAL,NOMINAL,NORMAL,0,
1648576800.0,1786285400.9936543,1,0.9282,0.1265,,0.53,0.0244,0.17,NOMINAL,NOMINAL,NORMAL,0,
1648577700.0,1786285401.1185553,1,0.8669,0.1252,,0.509,0.0229,0.163,NOMINAL,NOMINAL,NORMAL,0,
1648578600.0,1786285401.243556,1,0.8676,0.1253,,0.515,0.0239,0.164,NOMINAL,NOMINAL,NORMAL,0,
1648579500.0,1786285401.3685148,1,0.8518,0.1213,,0.511,0.0219,0.157,NOMINAL,NOMINAL,NORMAL,0,
1648580400.0,1786285401.4939575,1,1.011,0.1345,,0.626,0.0271,0.185,NOMINAL,NOMINAL,NORMAL,0,
1648581300.0,1786285401.6184828,1,0.8426,0.1258,,0.511,0.0219,0.159,NOMINAL,NOMINAL,NORMAL,0,
1648582200.0,1786285401.7435753,1,0.8759,0.1296,,0.533,0.022,0.161,NOMINAL,NOMINAL,NORMAL,0,
1648583100.0,1786285401.8685424,1,0.8622,0.1271,,0.52,0.023,0.164,NOMINAL,NOMINAL,NORMAL,0,
1648584000.0,1786285401.993689,1,0.9473,0.1308,,0.524,0.0238,0.168,NOMINAL,NOMINAL,NORMAL,0,
1648584900.0,1786285402.118558,1,0.8682,0.1255,,0.504,0.0233,0.163,NOMINAL,NOMINAL,NORMAL,0,
1648585800.0,1786285402.2435408,1,0.8673,0.1262,,0.509,0.0235,0.162,NOMINAL,NOMINAL,NORMAL,0,
1648586700.0,1786285402.368501,1,0.8396,0.1229,,0.525,0.0222,0.158,NOMINAL,NOMINAL,NORMAL,0,
1648587600.0,1786285402.494279,1,1.076,0.147,,0.764,0.0307,0.227,NOMINAL,NOMINAL,NORMAL,0,
1648588500.0,1786285402.6196923,1,1.1642,0.1514,,0.879,0.0321,0.23,NOMINAL,NOMINAL,NORMAL,0,
1648589400.0,1786285402.7441385,1,1.0835,0.1432,,0.653,0.0288,0.235,NOMINAL,NOMINAL,TRIGGERED,1,omni_p6
1648590300.0,1786285402.8688016,1,0.9672,0.1335,,0.611,0.0258,0.18,NOMINAL,NOMINAL,NORMAL,0,
1648591200.0,1786285402.993771,1,0.9896,0.1301,,0.556,0.0252,0.178,NOMINAL,NOMINAL,NORMAL,0,
1648592100.0,1786285403.118633,1,0.889,0.1256,,0.53,0.0235,0.174,NOMINAL,NOMINAL,NORMAL,0,
1648593000.0,1786285403.24363,1,0.8908,0.1269,,0.543,0.024,0.171,NOMINAL,NOMINAL,NORMAL,0,
1648593900.0,1786285403.3685315,1,0.861,0.124,,0.522,0.0228,0.162,NOMINAL,NOMINAL,NORMAL,0,
1648594800.0,1786285403.493875,1,0.9892,0.1311,,0.597,0.0245,0.188,NOMINAL,NOMINAL,TRIGGERED,1,omni_p6
1648595700.0,1786285403.620419,1,1.1165,0.149,,0.8,0.0503,1.159,NOMINAL,PRE_ALERT,TRIGGERED,2,omni_p6
1648596600.0,1786285403.7449744,1,1.0807,0.1428,,0.652,0.0462,1.051,PRE_ALERT,NOMINAL,NORMAL,0,
1648597500.0,1786285403.8687787,1,0.9571,0.1334,,0.591,0.0246,0.172,NOMINAL,NOMINAL,NORMAL,0,
1648598400.0,1786285403.994392,1,0.9796,0.1274,0.5935,0.523,0.0252,0.179,NOMINAL,NOMINAL,NORMAL,0,
1648599300.0,1786285404.1187432,1,0.9486,0.1325,,0.555,0.0244,0.17,NOMINAL,NOMINAL,NORMAL,0,
1648600200.0,1786285404.243771,1,0.9348,0.1329,,0.568,0.0245,0.179,NOMINAL,NOMINAL,NORMAL,0,
1648601100.0,1786285404.3687038,1,0.927,0.1315,,0.547,0.0224,0.17,NOMINAL,NOMINAL,TRIGGERED,1,omni_p6
1648602000.0,1786285404.494859,1,1.0154,0.1349,,0.613,0.0455,1.105,NOMINAL,PRE_ALERT,TRIGGERED,2,omni_p6
1648602900.0,1786285404.6194117,1,0.9047,0.1263,,0.526,0.0415,0.963,PRE_ALERT,NOMINAL,NORMAL,0,
1648603800.0,1786285404.7438006,1,0.9487,0.1281,,0.584,0.0259,0.179,NOMINAL,NOMINAL,NORMAL,0,
1648604700.0,1786285404.8688881,1,0.9049,0.342,,0.555,0.0248,0.175,NOMINAL,NOMINAL,NORMAL,0,
1648605600.0,1786285404.993626,1,0.9252,0.126,,0.51,0.0239,0.169,NOMINAL,NOMINAL,NORMAL,0,
1648606500.0,1786285405.1185474,1,0.8588,0.1224,,0.508,0.0241,0.162,NOMINAL,NOMINAL,NORMAL,0,
1648607400.0,1786285405.2435486,1,0.8663,0.1262,,0.511,0.0211,0.162,NOMINAL,NOMINAL,TRIGGERED,1,omni_p6
1648608300.0,1786285405.3684943,1,0.8389,0.122,,0.521,0.0212,0.156,NOMINAL,NOMINAL,NORMAL,0,
1648609200.0,1786285405.4938111,1,0.9647,0.1312,,0.585,0.0253,0.181,NOMINAL,NOMINAL,NORMAL,0,
1648610100.0,1786285405.618508,1,0.8529,0.1239,,0.515,0.0239,0.166,NOMINAL,NOMINAL,NORMAL,0,
1648611000.0,1786285405.743628,1,0.8905,0.1236,,0.545,0.0235,0.173,NOMINAL,NOMINAL,NORMAL,0,
1648611900.0,1786285405.8685186,1,0.8394,0.124,,0.549,0.0215,0.163,NOMINAL,NOMINAL,NORMAL,0,
1648612800.0,1786285405.9935677,1,0.8913,0.1218,,0.509,0.023,0.164,NOMINAL,NOMINAL,NORMAL,0,
1648613700.0,1786285406.118574,1,0.8714,0.1259,,0.513,0.0239,0.166,NOMINAL,NOMINAL,TRIGGERED,1,omni_p6
1648614600.0,1786285406.2435193,1,0.8504,0.1234,,0.51,0.0228,0.162,NOMINAL,NOMINAL,NORMAL,0,
1648615500.0,1786285406.3685224,1,0.8422,0.1205,,0.527,0.0224,0.159,NOMINAL,NOMINAL,NORMAL,0,
1648616400.0,1786285406.493499,1,0.8609,0.1193,,0.504,0.0216,0.157,NOMINAL,NOMINAL,NORMAL,0,
1648617300.0,1786285406.6187146,1,0.9048,0.1303,,0.575,0.0254,0.178,NOMINAL,NOMINAL,NORMAL,0,
1648618200.0,1786285406.7436142,1,0.8822,0.1246,,0.563,0.0244,0.173,NOMINAL,NOMINAL,NORMAL,0,
1648619100.0,1786285406.8685675,1,0.8587,0.125,,0.551,0.0226,0.162,NOMINAL,NOMINAL,NORMAL,0,
1648620000.0,1786285406.99364,1,0.9361,0.1269,,0.515,0.0227,0.165,NOMINAL,NOMINAL,NORMAL,0,
1648620900.0,1786285407.1185372,1,0.8599,0.1213,,0.513,0.0228,0.16,NOMINAL,NOMINAL,NORMAL,0,
1648621800.0,1786285407.243697,1,0.9138,0.1264,,0.552,0.0247,0.172,NOMINAL,NOMINAL,NORMAL,0,
1648622700.0,1786285407.3685675,1,0.8762,0.1261,,0.515,0.0229,0.167,NOMINAL,NOMINAL,NORMAL,0,
1648623600.0,1786285407.4939816,1,1.0018,0.1378,,0.685,0.0273,0.207,NOMINAL,NOMINAL,NORMAL,0,
1648624500.0,1786285407.6197107,1,1.175,0.1525,,0.865,0.032,0.233,NOMINAL,NOMINAL,NORMAL,0,
1648625400.0,1786285407.7441843,1,1.0947,0.1477,,0.663,0.0284,0.237,NOMINAL,NOMINAL,NORMAL,0,
1648626300.0,1786285407.868811,1,0.9912,0.1334,,0.577,0.0266,0.181,NOMINAL,NOMINAL,NORMAL,0,
1648627200.0,1786285407.9938254,1,1.0256,0.1349,,0.54,0.0244,0.181,NOMINAL,NOMINAL,NORMAL,0,
1648628100.0,1786285408.1186824,1,0.9228,0.1282,,0.532,0.0264,0.175,NOMINAL,NOMINAL,NORMAL,0,
1648629000.0,1786285408.243618,1,0.8978,0.1333,,0.524,0.0231,0.169,NOMINAL,NOMINAL,TRIGGERED,1,omni_p6
1648629900.0,1786285408.3694925,1,0.8817,0.1262,,0.525,0.0415,1.079,NOMINAL,PRE_ALERT,TRIGGERED,2,omni_p6
1648630800.0,1786285408.4942575,1,0.8898,0.1226,,0.473,0.0332,0.915,PRE_ALERT,NOMINAL,NORMAL,0,
1648631700.0,1786285408.6196299,1,1.1548,0.1489,,0.839,0.0323,0.228,NOMINAL,NOMINAL,NORMAL,0,
1648632600.0,1786285408.7440846,1,1.0931,0.1416,,0.634,0.0219,0.174,NOMINAL,NOMINAL,NORMAL,0,
1648633500.0,1786285408.8686326,1,0.917,0.1324,,0.534,0.0232,0.154,NOMINAL,NOMINAL,NORMAL,0,
1648634400.0,1786285408.993714,1,0.9653,0.1293,,0.549,0.0237,0.174,NOMINAL,NOMINAL,NORMAL,0,
1648635300.0,1786285409.1186574,1,0.9058,0.1256,,0.527,0.0226,0.172,NOMINAL,NOMINAL,TRIGGERED,1,omni_p6
1648636200.0,1786285409.2435966,1,0.8924,0.1235,,0.526,0.0247,0.172,NOMINAL,NOMINAL,NORMAL,0,
1648637100.0,1786285409.3685656,1,0.8625,0.1246,,0.54,0.0221,0.167,NOMINAL,NOMINAL,NORMAL,0,
1648638000.0,1786285409.4935105,1,0.8655,0.12,,0.514,0.0219,0.165,NOMINAL,NOMINAL,NORMAL,0,
1648638900.0,1786285409.6187007,1,0.9147,0.1278,,0.564,0.0248,0.175,NOMINAL,NOMINAL,NORMAL,0,
1648639800.0,1786285409.7436893,1,0.914,0.1255,,0.573,0.025,0.176,NOMINAL,NOMINAL,NORMAL,0,
1648640700.0,1786285409.8685215,1,0.8383,0.126,,0.54,0.0221,0.164,NOMINAL,NOMINAL,TRIGGERED,1,omni_p6
1648641600.0,1786285409.994588,1,0.9311,0.1285,,0.549,0.0406,1.07,NOMINAL,PRE_ALERT,TRIGGERED,2,omni_p6
1648642500.0,1786285410.1194372,1,0.8728,0.1256,,0.53,0.0379,0.999,PRE_ALERT,NOMINAL,NORMAL,0,
1648643400.0,1786285410.2435148,1,0.839,0.1217,,0.524,0.0219,0.163,NOMINAL,NOMINAL,NORMAL,0,
1648644300.0,1786285410.3686137,1,0.8783,0.1277,,0.534,0.0253,0.168,NOMINAL,NOMINAL,NORMAL,0,
1648645200.0,1786285410.493512,1,0.8597,0.1217,,0.516,0.0227,0.161,NOMINAL,NOMINAL,NORMAL,0,
1648646100.0,1786285410.6186662,1,0.8849,0.1253,,0.575,0.0252,0.175,NOMINAL,NOMINAL,NORMAL,0,
1648647000.0,1786285410.7438166,1,0.9332,0.1286,,0.618,0.0248,0.182,NOMINAL,NOMINAL,TRIGGERED,1,omni_p6
1648647900.0,1786285410.8694704,1,0.8769,0.1311,,0.531,0.0423,1.056,NOMINAL,PRE_ALERT,TRIGGERED,2,omni_p6
1648648800.0,1786285410.994403,1,0.8946,0.1278,,0.508,0.0386,0.992,PRE_ALERT,NOMINAL,NORMAL,0,
1648649700.0,1786285411.1186411,1,0.8848,0.1253,,0.535,0.0254,0.172,NOMINAL,NOMINAL,NORMAL,0,
1648650600.0,1786285411.2435558,1,0.8568,0.1255,,0.522,0.0234,0.166,NOMINAL,NOMINAL,NORMAL,0,
1648651500.0,1786285411.3685594,1,0.8491,0.1226,,0.549,0.0232,0.166,NOMINAL,NOMINAL,NORMAL,0,
1648652400.0,1786285411.4935389,1,0.8636,0.1205,,0.515,0.0217,0.158,NOMINAL,NOMINAL,NORMAL,0,
1648653300.0,1786285411.6184714,1,0.8242,0.1254,,0.502,0.0198,0.157,NOMINAL,NOMINAL,TRIGGERED,1,omni_p6
1648654200.0,1786285411.7449746,1,0.9986,0.1323,,0.67,0.0466,1.133,NOMINAL,PRE_ALERT,TRIGGERED,2,omni_p6
1648655100.0,1786285411.869535,1,0.9275,0.1294,,0.563,0.0398,0.968,PRE_ALERT,NOMINAL,NORMAL,0,
1648656000.0,1786285411.993675,1,0.9313,0.1276,,0.531,0.025,0.17,NOMINAL,NOMINAL,NORMAL,0,
1648656900.0,1786285412.1187346,1,0.9219,0.1288,,0.548,0.0248,0.174,NOMINAL,NOMINAL,NORMAL,0,
1648657800.0,1786285412.2435815,1,0.8679,0.1252,,0.527,0.0249,0.167,NOMINAL,NOMINAL,NORMAL,0,
1648658700.0,1786285412.3687146,1,0.9154,0.1292,,0.572,0.0231,0.169,NOMINAL,NOMINAL,NORMAL,0,
1648659600.0,1786285412.4937475,1,0.9435,0.1311,,0.576,0.026,0.186,NOMINAL,NOMINAL,NORMAL,0,
1648660500.0,1786285412.6196587,1,1.169,0.1514,,0.834,0.0323,0.23,NOMINAL,NOMINAL,NORMAL,0,
1648661400.0,1786285412.7444274,1,1.1414,0.1448,,0.782,0.0295,0.216,NOMINAL,NOMINAL,NORMAL,0,
1648662300.0,1786285412.8689132,1,1.0327,0.1631,,0.554,0.0231,0.168,NOMINAL,NOMINAL,NORMAL,0,
1648663200.0,1786285412.9938228,1,1.0521,0.1333,,0.523,0.0234,0.167,NOMINAL,NOMINAL,NORMAL,0,
1648664100.0,1786285413.1187446,1,0.9427,0.1299,,0.558,0.0238,0.176,NOMINAL,NOMINAL,NORMAL,0,
1648665000.0,1786285413.2435327,1,0.886,0.1285,,0.489,0.019,0.148,NOMINAL,NOMINAL,NORMAL,0,
1648665900.0,1786285413.3686485,1,0.9033,0.1269,,0.539,0.0228,0.166,NOMINAL,NOMINAL,NORMAL,0,
1648666800.0,1786285413.4934435,1,0.8726,0.1245,,0.467,0.018,0.142,NOMINAL,NOMINAL,NORMAL,0,
1648667700.0,1786285413.6195767,1,1.1276,0.1492,,0.839,0.0316,0.227,NOMINAL,NOMINAL,NORMAL,0,
1648668600.0,1786285413.7443151,1,1.1073,0.1454,,0.716,0.0303,0.253,NOMINAL,NOMINAL,NORMAL,0,
1648669500.0,1786285413.8688571,1,1.028,0.1675,,0.528,0.0226,0.167,NOMINAL,NOMINAL,NORMAL,0,
1648670400.0,1786285413.9936485,1,0.9907,0.1299,,0.483,0.0174,0.151,NOMINAL,NOMINAL,NORMAL,0,
1648671300.0,1786285414.1186206,1,0.9163,0.1273,,0.517,0.0235,0.169,NOMINAL,NOMINAL,NORMAL,0,
1648672200.0,1786285414.243442,1,0.8567,0.1282,,0.468,0.0193,0.144,NOMINAL,NOMINAL,NORMAL,0,
1648673100.0,1786285414.3685899,1,0.8825,0.1285,,0.524,0.0232,0.166,NOMINAL,NOMINAL,NORMAL,0,
1648674000.0,1786285414.4934225,1,0.8724,0.1255,,0.438,0.0185,0.142,NOMINAL,NOMINAL,TRIGGERED,1,omni_p6
1648674900.0,1786285414.6184335,1,0.8245,0.1239,,0.489,0.023,0.158,NOMINAL,NOMINAL,NORMAL,0,
1648675800.0,1786285414.743842,1,0.9395,0.1316,,0.614,0.0268,0.184,NOMINAL,NOMINAL,NORMAL,0,
1648676700.0,1786285414.8687513,1,0.9279,0.1279,,0.589,0.0268,0.179,NOMINAL,NOMINAL,NORMAL,0,
1648677600.0,1786285414.99361,1,0.9211,0.1252,,0.515,0.0267,0.172,NOMINAL,NOMINAL,NORMAL,0,
1648678500.0,1786285415.118604,1,0.8943,0.1265,,0.499,0.0234,0.169,NOMINAL,NOMINAL,NORMAL,0,
1648679400.0,1786285415.243526,1,0.8573,0.1278,,0.513,0.0225,0.161,NOMINAL,NOMINAL,NORMAL,0,
1648680300.0,1786285415.3685746,1,0.8529,0.1252,,0.55,0.0213,0.188,NOMINAL,NOMINAL,TRIGGERED,1,omni_p6
1648681200.0,1786285415.4934456,1,0.8477,0.1223,,0.49,0.0224,0.154,NOMINAL,NOMINAL,NORMAL,0,
1648682100.0,1786285415.6184385,1,0.8277,0.121,,0.489,0.0218,0.156,NOMINAL,NOMINAL,NORMAL,0,
1648683000.0,1786285415.7438169,1,0.9266,0.1286,,0.619,0.0252,0.182,NOMINAL,NOMINAL,NORMAL,0,
1648683900.0,1786285415.868702,1,0.9031,0.1269,,0.597,0.0236,0.173,NOMINAL,NOMINAL,NORMAL,0,
1648684800.0,1786285415.9943168,1,0.9203,0.1235,0.596,0.55,0.0248,0.177,NOMINAL,NOMINAL,NORMAL,0,
1648685700.0,1786285416.1187127,1,0.9539,0.1318,,0.551,0.0219,0.172,NOMINAL,NOMINAL,TRIGGERED,1,omni_p6
1648686600.0,1786285416.244541,1,0.8849,0.1271,,0.522,0.04,1.127,NOMINAL,PRE_ALERT,TRIGGERED,2,omni_p6
1648687500.0,1786285416.3694963,1,0.9035,0.1299,,0.535,0.0412,1.004,PRE_ALERT,NOMINAL,NORMAL,0,
1648688400.0,1786285416.4935718,1,0.9141,0.126,,0.487,0.0204,0.15,NOMINAL,NOMINAL,NORMAL,0,
1648689300.0,1786285416.618547,1,0.8626,0.1272,,0.521,0.0223,0.165,NOMINAL,NOMINAL,NORMAL,0,
1648690200.0,1786285416.7434309,1,0.8474,0.1241,,0.475,0.0184,0.143,NOMINAL,NOMINAL,NORMAL,0,
1648691100.0,1786285416.8691359,1,1.036,0.1811,,0.67,0.0291,0.201,NOMINAL,NOMINAL,NORMAL,0,
1648692000.0,1786285416.993651,1,0.9619,0.1376,,0.489,0.0234,0.165,NOMINAL,NOMINAL,TRIGGERED,1,omni_p6
1648692900.0,1786285417.119552,1,0.9069,0.1279,,0.518,0.0422,1.076,NOMINAL,PRE_ALERT,TRIGGERED,2,omni_p6
1648693800.0,1786285417.2444146,1,0.8749,0.1243,,0.522,0.0391,0.995,PRE_ALERT,NOMINAL,NORMAL,0,
1648694700.0,1786285417.368698,1,0.9151,0.1265,,0.56,0.0238,0.171,NOMINAL,NOMINAL,NORMAL,0,
1648695600.0,1786285417.4938252,1,0.9432,0.1342,,0.622,0.0273,0.206,NOMINAL,NOMINAL,NORMAL,0,
1648696500.0,1786285417.6197078,1,1.1617,0.1493,,0.875,0.0335,0.234,NOMINAL,NOMINAL,NORMAL,0,
1648697400.0,1786285417.743918,1,1.0604,0.1373,,0.574,0.0227,0.181,NOMINAL,NOMINAL,NORMAL,0,
1648698300.0,1786285417.869088,1,1.0608,0.1673,,0.639,0.0269,0.196,NOMINAL,NOMINAL,TRIGGERED,1,omni_p6
1648699200.0,1786285417.9943156,1,0.877,0.1222,,0.451,0.0386,1.042,NOMINAL,PRE_ALERT,TRIGGERED,2,omni_p6
1648700100.0,1786285418.1195536,1,0.9574,0.1309,,0.532,0.0444,1.017,PRE_ALERT,NOMINAL,NORMAL,0,
1648701000.0,1786285418.2434962,1,0.8837,0.126,,0.472,0.0236,0.152,NOMINAL,NOMINAL,NORMAL,0,
1648701900.0,1786285418.368529,1,0.8729,0.1287,,0.51,0.022,0.163,NOMINAL,NOMINAL,NORMAL,0,
1648702800.0,1786285418.4933665,1,0.8425,0.1223,,0.446,0.0194,0.143,NOMINAL,NOMINAL,NORMAL,0,
1648703700.0,1786285418.6194513,1,1.1237,0.1458,,0.771,0.0302,0.221,NOMINAL,NOMINAL,NORMAL,0,
1648704600.0,1786285418.7437782,1,1.003,0.1369,,0.548,0.0206,0.165,NOMINAL,NOMINAL,NORMAL,0,
1648705500.0,1786285418.8690417,1,1.0354,0.164,,0.628,0.0282,0.197,NOMINAL,NOMINAL,NORMAL,0,
1648706400.0,1786285418.9936619,1,1.0031,0.134,,0.468,0.0202,0.159,NOMINAL,NOMINAL,NORMAL,0,
1648707300.0,1786285419.1186388,1,0.9158,0.1333,,0.524,0.0253,0.171,NOMINAL,NOMINAL,NORMAL,0,
1648708200.0,1786285419.2437487,1,0.9543,0.1335,,0.527,0.0248,0.161,NOMINAL,NOMINAL,NORMAL,0,
1648709100.0,1786285419.3686342,1,0.9213,0.1291,,0.51,0.027,0.174,NOMINAL,NOMINAL,NORMAL,0,
1648710000.0,1786285419.493513,1,0.8871,0.1237,,0.5,0.0241,0.167,NOMINAL,NOMINAL,NORMAL,0,
1648710900.0,1786285419.6182084,1,0.7561,0.1159,,0.43,0.02,0.145,NOMINAL,NOMINAL,NORMAL,0,
1648711800.0,1786285419.7431939,1,0.7494,0.1131,,0.431,0.0164,0.134,NOMINAL,NOMINAL,NORMAL,0,
1648712700.0,1786285419.8689249,1,0.9875,0.1357,,0.602,0.0261,0.194,NOMINAL,NOMINAL,NORMAL,0,
1648713600.0,1786285419.9934025,1,0.8682,0.118,,0.448,0.0199,0.151,NOMINAL,NOMINAL,NORMAL,0,
1648714500.0,1786285420.1186295,1,0.9003,0.1282,,0.525,0.0244,0.174,NOMINAL,NOMINAL,TRIGGERED,1,omni_p6
1648715400.0,1786285420.2433524,1,0.7798,0.1193,,0.496,0.0216,0.16,NOMINAL,NOMINAL,NORMAL,0,
1648716300.0,1786285420.3685217,1,0.8322,0.1213,,0.537,0.0223,0.163,NOMINAL,NOMINAL,NORMAL,0,
1648717200.0,1786285420.493289,1,0.7683,0.1143,,0.479,0.0209,0.152,NOMINAL,NOMINAL,NORMAL,0,
1648718100.0,1786285420.6184168,1,0.81,0.1209,,0.504,0.0207,0.152,NOMINAL,NOMINAL,NORMAL,0,
1648719000.0,1786285420.7436006,1,0.8616,0.1254,,0.532,0.024,0.164,NOMINAL,NOMINAL,NORMAL,0,
1648719900.0,1786285420.8689208,1,0.9618,0.135,,0.654,0.0274,0.189,NOMINAL,NOMINAL,NORMAL,0,
1648720800.0,1786285420.9936233,1,0.9268,0.1294,,0.516,0.023,0.17,NOMINAL,NOMINAL,TRIGGERED,1,omni_p6
1648721700.0,1786285421.118673,1,0.9119,0.1293,,0.522,0.0264,0.172,NOMINAL,NOMINAL,NORMAL,0,
1648722600.0,1786285421.2434938,1,0.8408,0.1308,,0.498,0.0231,0.166,NOMINAL,NOMINAL,NORMAL,0,
1648723500.0,1786285421.3685362,1,0.8526,0.1217,,0.536,0.0225,0.164,NOMINAL,NOMINAL,NORMAL,0,
1648724400.0,1786285421.4934595,1,0.8464,0.1182,,0.496,0.0209,0.154,NOMINAL,NOMINAL,NORMAL,0,
1648725300.0,1786285421.6184604,1,0.8252,0.1212,,0.506,0.0222,0.161,NOMINAL,NOMINAL,NORMAL,0,
1648726200.0,1786285421.7434719,1,0.8256,0.1201,,0.526,0.0206,0.159,NOMINAL,NOMINAL,TRIGGERED,1,omni_p6
1648727100.0,1786285421.869619,1,0.8967,0.1254,,0.583,0.0434,1.097,NOMINAL,PRE_ALERT,TRIGGERED,2,omni_p6
1648728000.0,1786285421.9947948,1,1.0511,0.1327,,0.573,0.0427,1.026,PRE_ALERT,NOMINAL,NORMAL,0,
1648728900.0,1786285422.1188686,1,0.9801,0.131,,0.582,0.0264,0.183,NOMINAL,NOMINAL,NORMAL,0,
1648729800.0,1786285422.243589,1,0.8828,0.1289,,0.527,0.0245,0.165,NOMINAL,NOMINAL,NORMAL,0,
1648730700.0,1786285422.3686435,1,0.8968,0.1265,,0.552,0.0235,0.168,NOMINAL,NOMINAL,NORMAL,0,
1648731600.0,1786285422.494003,1,1.0276,0.1364,,0.674,0.0282,0.202,NOMINAL,NOMINAL,NORMAL,0,
1648732500.0,1786285422.6197178,1,1.1726,0.1481,,0.87,0.0309,0.228,NOMINAL,NOMINAL,TRIGGERED,1,omni_p6
1648733400.0,1786285422.7450068,1,1.0539,0.1368,,0.66,0.0482,1.138,NOMINAL,PRE_ALERT,TRIGGERED,2,omni_p6
1648734300.0,1786285422.8698235,1,1.0202,0.151,,0.628,0.0455,1.042,PRE_ALERT,NOMINAL,NORMAL,0,
1648735200.0,1786285422.993967,1,1.0527,0.1329,,0.603,0.0268,0.187,NOMINAL,NOMINAL,NORMAL,0,
1648736100.0,1786285423.1188467,1,0.9939,0.1326,,0.573,0.0243,0.18,NOMINAL,NOMINAL,NORMAL,0,
1648737000.0,1786285423.2436788,1,0.9094,0.1286,,0.559,0.0235,0.169,NOMINAL,NOMINAL,NORMAL,0,
1648737900.0,1786285423.3686233,1,0.892,0.1226,,0.555,0.0231,0.166,NOMINAL,NOMINAL,NORMAL,0,
1648738800.0,1786285423.4935026,1,0.8673,0.1232,,0.505,0.0228,0.163,NOMINAL,NOMINAL,TRIGGERED,1,omni_p6
1648739700.0,1786285423.6195889,1,1.1548,0.1438,,0.843,0.0324,0.226,NOMINAL,NOMINAL,NORMAL,0,
1648740600.0,1786285423.7439876,1,1.0149,0.1374,,0.655,0.028,0.196,NOMINAL,NOMINAL,NORMAL,0,
1648741500.0,1786285423.86884,1,0.9601,0.1282,,0.618,0.0276,0.188,NOMINAL,NOMINAL,NORMAL,0,
1648742400.0,1786285423.994015,1,1.0679,0.1353,,0.61,0.0283,0.194,NOMINAL,NOMINAL,NORMAL,0,
1648743300.0,1786285424.1188767,1,0.9763,0.1324,,0.592,0.0283,0.195,NOMINAL,NOMINAL,NORMAL,0,
1648744200.0,1786285424.2437232,1,0.9224,0.125,,0.56,0.0254,0.18,NOMINAL,NOMINAL,NORMAL,0,
1648745100.0,1786285424.3687372,1,0.9171,0.1237,,0.584,0.0262,0.184,NOMINAL,NOMINAL,NORMAL,0,
1648746000.0,1786285424.4936457,1,0.9106,0.1228,,0.536,0.0246,0.169,NOMINAL,NOMINAL,NORMAL,0,
1648746900.0,1786285424.618578,1,0.8721,0.1213,,0.533,0.0232,0.17,NOMINAL,NOMINAL,NORMAL,0,
1648747800.0,1786285424.7435834,1,0.8593,0.1172,,0.544,0.0233,0.165,NOMINAL,NOMINAL,NORMAL,0,
1648748700.0,1786285424.8688157,1,0.9413,0.1255,,0.616,0.025,0.177,NOMINAL,NOMINAL,NORMAL,0,
1648749600.0,1786285424.9939516,1,1.0267,0.1344,,0.615,0.0268,0.198,NOMINAL,NOMINAL,NORMAL,0,
1648750500.0,1786285425.118748,1,0.9243,0.1256,,0.574,0.0253,0.183,NOMINAL,NOMINAL,NORMAL,0,
1648751400.0,1786285425.2436943,1,0.9002,0.1235,,0.56,0.0262,0.18,NOMINAL,NOMINAL,NORMAL,0,
1648752300.0,1786285425.368808,1,0.9382,0.1278,,0.602,0.0258,0.18,NOMINAL,NOMINAL,NORMAL,0,
1648753200.0,1786285425.4937384,1,0.9501,0.1261,,0.562,0.0235,0.177,NOMINAL,NOMINAL,NORMAL,0,
1648754100.0,1786285425.6186402,1,0.8847,0.1239,,0.559,0.0242,0.178,NOMINAL,NOMINAL,NORMAL,0,
1648755000.0,1786285425.7435966,1,0.8666,0.1225,,0.546,0.023,0.165,NOMINAL,NOMINAL,NORMAL,0,
1648755900.0,1786285425.8687649,1,0.8951,0.1255,,0.626,0.0243,0.176,NOMINAL,NOMINAL,NORMAL,0,
1648756800.0,1786285425.9939218,1,1.0034,0.1296,,0.608,0.0267,0.191,NOMINAL,NOMINAL,NORMAL,0,
1648757700.0,1786285426.1187823,1,0.9357,0.1266,,0.582,0.0247,0.18,NOMINAL,NOMINAL,NORMAL,0,
1648758600.0,1786285426.2437098,1,0.9108,0.1253,,0.556,0.0251,0.183,NOMINAL,NOMINAL,NORMAL,0,
1648759500.0,1786285426.3687654,1,0.9138,0.1281,,0.595,0.0236,0.176,NOMINAL,NOMINAL,TRIGGERED,1,omni_p6
1648760400.0,1786285426.4936743,1,0.9217,0.1242,,0.551,0.0255,0.177,NOMINAL,NOMINAL,NORMAL,0,
1648761300.0,1786285426.6185863,1,0.8716,0.121,,0.542,0.0241,0.171,NOMINAL,NOMINAL,NORMAL,0,
1648762200.0,1786285426.7435818,1,0.8627,0.1228,,0.538,0.0228,0.17,NOMINAL,NOMINAL,NORMAL,0,
1648763100.0,1786285426.868747,1,0.9099,0.1267,,0.592,0.0252,0.182,NOMINAL,NOMINAL,NORMAL,0,
1648764000.0,1786285426.9938834,1,0.9988,0.1307,,0.599,0.0258,0.188,NOMINAL,NOMINAL,NORMAL,0,
1648764900.0,1786285427.1188576,1,0.9615,0.133,,0.608,0.0258,0.19,NOMINAL,NOMINAL,TRIGGERED,1,omni_p6
1648765800.0,1786285427.2447631,1,0.9341,0.1253,,0.59,0.0429,1.162,NOMINAL,PRE_ALERT,TRIGGERED,2,omni_p6
1648766700.0,1786285427.369756,1,0.9669,0.1296,,0.63,0.0428,1.05,PRE_ALERT,NOMINAL,NORMAL,0,
1648767600.0,1786285427.4939234,1,1.0037,0.134,,0.634,0.0276,0.193,NOMINAL,NOMINAL,NORMAL,0,
1648768500.0,1786285427.6196544,1,1.1666,0.1441,,0.826,0.0329,0.226,NOMINAL,NOMINAL,NORMAL,0,
1648769400.0,1786285427.7442226,1,1.0799,0.1373,,0.7,0.0309,0.248,NOMINAL,NOMINAL,NORMAL,0,
1648770300.0,1786285427.8689785,1,1.0132,0.1586,,0.627,0.0292,0.197,NOMINAL,NOMINAL,NORMAL,0,
1648771200.0,1786285427.9945145,1,1.0091,0.1271,0.6065,0.571,0.0264,0.192,NOMINAL,NOMINAL,TRIGGERED,1,omni_p6
1648772100.0,1786285428.1199343,1,1.0212,0.1365,,0.656,0.0456,1.098,NOMINAL,PRE_ALERT,TRIGGERED,2,omni_p6
1648773000.0,1786285428.2447019,1,0.9783,0.1317,,0.586,0.0439,1.056,PRE_ALERT,NOMINAL,NORMAL,0,
1648773900.0,1786285428.368777,1,0.9694,0.1275,,0.579,0.0254,0.18,NOMINAL,NOMINAL,NORMAL,0,
1648774800.0,1786285428.493658,1,0.9316,0.1255,,0.555,0.0252,0.17,NOMINAL,NOMINAL,NORMAL,0,
1648775700.0,1786285428.619569,1,1.1391,0.1417,,0.835,0.0313,0.223,NOMINAL,NOMINAL,NORMAL,0,
1648776600.0,1786285428.743756,1,0.9707,0.1308,,0.582,0.0253,0.182,NOMINAL,NOMINAL,NORMAL,0,
1648777500.0,1786285428.8688555,1,0.9586,0.1296,,0.632,0.0244,0.182,NOMINAL,NOMINAL,TRIGGERED,1,omni_p6
1648778400.0,1786285428.9944668,1,0.9167,0.124,,0.5,0.0418,1.058,NOMINAL,PRE_ALERT,TRIGGERED,2,omni_p6
1648779300.0,1786285429.1196952,1,0.9499,0.1299,,0.584,0.0455,1.048,PRE_ALERT,NOMINAL,NORMAL,0,
1648780200.0,1786285429.2437637,1,0.9384,0.1294,,0.574,0.0249,0.177,NOMINAL,NOMINAL,NORMAL,0,
1648781100.0,1786285429.3686223,1,0.8957,0.1263,,0.557,0.0231,0.17,NOMINAL,NOMINAL,NORMAL,0,
1648782000.0,1786285429.4934535,1,0.8486,0.1214,,0.502,0.0215,0.159,NOMINAL,NOMINAL,NORMAL,0,
1648782900.0,1786285429.6183953,1,0.8087,0.1179,,0.496,0.0204,0.159,NOMINAL,NOMINAL,NORMAL,0,
1648783800.0,1786285429.7433245,1,0.7793,0.1149,,0.475,0.0195,0.154,NOMINAL,NOMINAL,TRIGGERED,1,omni_p6
1648784700.0,1786285429.868672,1,0.9023,0.124,,0.567,0.0236,0.174,NOMINAL,NOMINAL,NORMAL,0,
1648785600.0,1786285429.9936132,1,0.9143,0.1263,,0.514,0.0238,0.165,NOMINAL,NOMINAL,NORMAL,0,
1648786500.0,1786285430.1188269,1,0.9386,0.1287,,0.593,0.0244,0.179,NOMINAL,NOMINAL,NORMAL,0,
1648787400.0,1786285430.243671,1,0.8983,0.1242,,0.554,0.024,0.175,NOMINAL,NOMINAL,NORMAL,0,
1648788300.0,1786285430.3686228,1,0.8875,0.1229,,0.549,0.0243,0.169,NOMINAL,NOMINAL,NORMAL,0,
1648789200.0,1786285430.4934633,1,0.8513,0.1198,,0.498,0.02,0.156,NOMINAL,NOMINAL,NORMAL,0,
1648790100.0,1786285430.6184554,1,0.816,0.1243,,0.515,0.0203,0.159,NOMINAL,NOMINAL,NORMAL,0,
1648791000.0,1786285430.7435007,1,0.8196,0.126,,0.53,0.0203,0.164,NOMINAL,NOMINAL,NORMAL,0,
1648791900.0,1786285430.8685596,1,0.8411,0.1209,,0.565,0.022,0.168,NOMINAL,NOMINAL,NORMAL,0,
1648792800.0,1786285430.9936736,1,0.9396,0.1289,,0.519,0.0248,0.171,NOMINAL,NOMINAL,NORMAL,0,
1648793700.0,1786285431.1188383,1,0.9482,0.1281,,0.589,0.0264,0.186,NOMINAL,NOMINAL,NORMAL,0,
1648794600.0,1786285431.2437646,1,0.9382,0.1275,,0.571,0.026,0.181,NOMINAL,NOMINAL,NORMAL,0,
1648795500.0,1786285431.3686903,1,0.91,0.1263,,0.564,0.0246,0.175,NOMINAL,NOMINAL,NORMAL,0,
1648796400.0,1786285431.4936182,1,0.9084,0.1231,,0.546,0.0237,0.167,NOMINAL,NOMINAL,NORMAL,0,
1648797300.0,1786285431.6184967,1,0.8496,0.1204,,0.518,0.0216,0.163,NOMINAL,NOMINAL,NORMAL,0,
1648798200.0,1786285431.7434413,1,0.8224,0.1188,,0.504,0.021,0.156,NOMINAL,NOMINAL,NORMAL,0,
1648799100.0,1786285431.8686056,1,0.8634,0.1212,,0.561,0.0218,0.167,NOMINAL,NOMINAL,NORMAL,0,
1648800000.0,1786285431.9935796,1,0.8911,0.1295,,0.517,0.0208,0.165,NOMINAL,NOMINAL,TRIGGERED,1,omni_p6
1648800900.0,1786285432.1188014,1,0.9319,0.129,,0.59,0.027,0.183,NOMINAL,NOMINAL,NORMAL,0,
1648801800.0,1786285432.2437122,1,0.9069,0.1259,,0.57,0.0239,0.178,NOMINAL,NOMINAL,NORMAL,0,
1648802700.0,1786285432.3685765,1,0.8604,0.1233,,0.547,0.0242,0.166,NOMINAL,NOMINAL,NORMAL,0,
1648803600.0,1786285432.4939358,1,0.9803,0.1341,,0.668,0.0288,0.207,NOMINAL,NOMINAL,NORMAL,0,
1648804500.0,1786285432.619662,1,1.1507,0.1453,,0.858,0.0328,0.232,NOMINAL,NOMINAL,NORMAL,0,
1648805400.0,1786285432.7440388,1,1.0364,0.1381,,0.644,0.0265,0.195,NOMINAL,NOMINAL,TRIGGERED,1,omni_p6
1648806300.0,1786285432.8698993,1,1.0155,0.1571,,0.615,0.0458,1.113,NOMINAL,PRE_ALERT,TRIGGERED,2,omni_p6
1648807200.0,1786285432.994721,1,1.0325,0.1317,,0.564,0.0438,1.032,PRE_ALERT,NOMINAL,NORMAL,0,
1648808100.0,1786285433.118773,1,0.9613,0.1255,,0.552,0.027,0.18,NOMINAL,NOMINAL,NORMAL,0,
1648809000.0,1786285433.2440352,1,1.0132,0.1337,,0.653,0.0272,0.193,NOMINAL,NOMINAL,NORMAL,0,
1648809900.0,1786285433.3687816,1,0.9471,0.1246,,0.588,0.0266,0.178,NOMINAL,NOMINAL,NORMAL,0,
1648810800.0,1786285433.4937422,1,0.9485,0.1237,,0.563,0.0256,0.177,NOMINAL,NOMINAL,NORMAL,0,
1648811700.0,1786285433.6196086,1,1.1455,0.1474,,0.833,0.0319,0.23,NOMINAL,NOMINAL,TRIGGERED,1,omni_p6
1648812600.0,1786285433.744003,1,1.0224,0.1364,,0.637,0.0267,0.193,NOMINAL,NOMINAL,NORMAL,0,
1648813500.0,1786285433.8688009,1,0.9548,0.1285,,0.599,0.0252,0.183,NOMINAL,NOMINAL,NORMAL,0,
1648814400.0,1786285433.9938018,1,0.9924,0.1289,,0.553,0.0262,0.186,NOMINAL,NOMINAL,NORMAL,0,
1648815300.0,1786285434.1187248,1,0.9137,0.1237,,0.567,0.0253,0.176,NOMINAL,NOMINAL,NORMAL,0,
1648816200.0,1786285434.2440107,1,0.993,0.1309,,0.654,0.0285,0.195,NOMINAL,NOMINAL,NORMAL,0,
1648817100.0,1786285434.3688445,1,0.9423,0.131,,0.628,0.025,0.188,NOMINAL,NOMINAL,TRIGGERED,1,omni_p6
1648818000.0,1786285434.4946666,1,0.9491,0.1277,,0.579,0.0423,1.089,NOMINAL,PRE_ALERT,TRIGGERED,2,omni_p6
1648818900.0,1786285434.6193855,1,0.8735,0.1205,,0.535,0.0396,0.973,PRE_ALERT,NOMINAL,NORMAL,0,
1648819800.0,1786285434.7435951,1,0.8814,0.1203,,0.546,0.0227,0.159,NOMINAL,NOMINAL,NORMAL,0,
1648820700.0,1786285434.8686886,1,0.8911,0.1233,,0.576,0.0229,0.167,NOMINAL,NOMINAL,NORMAL,0,
1648821600.0,1786285434.9937732,1,0.9609,0.1258,,0.568,0.0244,0.179,NOMINAL,NOMINAL,NORMAL,0,
1648822500.0,1786285435.1187181,1,0.9177,0.1236,,0.563,0.0274,0.182,NOMINAL,NOMINAL,NORMAL,0,
1648823400.0,1786285435.244017,1,1.0059,0.1353,,0.64,0.0279,0.194,NOMINAL,NOMINAL,TRIGGERED,1,omni_p6
1648824300.0,1786285435.369695,1,0.9211,0.1269,,0.601,0.0437,1.102,NOMINAL,PRE_ALERT,TRIGGERED,2,omni_p6
1648825200.0,1786285435.4945989,1,0.9595,0.1254,,0.56,0.043,1.022,PRE_ALERT,NOMINAL,NORMAL,0,
1648826100.0,1786285435.6185856,1,0.876,0.1249,,0.532,0.024,0.166,NOMINAL,NOMINAL,NORMAL,0,
1648827000.0,1786285435.7435997,1,0.8653,0.1227,,0.539,0.0229,0.166,NOMINAL,NOMINAL,NORMAL,0,
1648827900.0,1786285435.868578,1,0.8554,0.1223,,0.549,0.023,0.166,NOMINAL,NOMINAL,NORMAL,0,
1648828800.0,1786285435.9937305,1,0.9358,0.1264,,0.565,0.026,0.178,NOMINAL,NOMINAL,NORMAL,0,
1648829700.0,1786285436.1186619,1,0.8873,0.1264,,0.561,0.0245,0.173,NOMINAL,NOMINAL,NORMAL,0,
1648830600.0,1786285436.2439454,1,0.9782,0.1317,,0.631,0.0275,0.185,NOMINAL,NOMINAL,NORMAL,0,
1648831500.0,1786285436.3687015,1,0.9031,0.1256,,0.578,0.0241,0.173,NOMINAL,NOMINAL,NORMAL,0,
1648832400.0,1786285436.4936838,1,0.9229,0.1253,,0.557,0.0236,0.164,NOMINAL,NOMINAL,NORMAL,0,
1648833300.0,1786285436.618501,1,0.8357,0.1222,,0.514,0.0212,0.16,NOMINAL,NOMINAL,NORMAL,0,
1648834200.0,1786285436.7435231,1,0.8162,0.1204,,0.55,0.0218,0.157,NOMINAL,NOMINAL,NORMAL,0,
1648835100.0,1786285436.8685408,1,0.8333,0.1203,,0.551,0.0213,0.161,NOMINAL,NOMINAL,NORMAL,0,
1648836000.0,1786285436.9938104,1,0.9745,0.1298,,0.558,0.0243,0.181,NOMINAL,NOMINAL,NORMAL,0,
1648836900.0,1786285437.1187997,1,0.9426,0.1272,,0.592,0.025,0.179,NOMINAL,NOMINAL,NORMAL,0,
1648837800.0,1786285437.2439055,1,0.9681,0.1293,,0.627,0.0256,0.19,NOMINAL,NOMINAL,NORMAL,0,
1648838700.0,1786285437.3687296,1,0.919,0.1228,,0.572,0.0239,0.179,NOMINAL,NOMINAL,NORMAL,0,
1648839600.0,1786285437.4940364,1,0.9989,0.1328,,0.709,0.0289,0.205,NOMINAL,NOMINAL,NORMAL,0,
1648840500.0,1786285437.619662,1,1.1644,0.1462,,0.847,0.0325,0.227,NOMINAL,NOMINAL,NORMAL,0,
1648841400.0,1786285437.7440767,1,1.0496,0.1357,,0.666,0.0289,0.198,NOMINAL,NOMINAL,NORMAL,0,
1648842300.0,1786285437.8689382,1,0.9659,0.1305,,0.672,0.0276,0.192,NOMINAL,NOMINAL,NORMAL,0,
1648843200.0,1786285437.993994,1,1.053,0.1285,,0.606,0.0283,0.192,NOMINAL,NOMINAL,NORMAL,0,
1648844100.0,1786285438.1188397,1,0.9816,0.128,,0.578,0.0271,0.178,NOMINAL,NOMINAL,NORMAL,0,
1648845000.0,1786285438.2437875,1,0.9425,0.1261,,0.571,0.0254,0.177,NOMINAL,NOMINAL,NORMAL,0,
1648845900.0,1786285438.368999,1,1.0011,0.1535,,0.631,0.028,0.188,NOMINAL,NOMINAL,NORMAL,0,
1648846800.0,1786285438.4938803,1,1.0094,0.129,,0.594,0.0264,0.185,NOMINAL,NOMINAL,NORMAL,0,
1648847700.0,1786285438.6195552,1,1.1263,0.1427,,0.838,0.0318,0.227,NOMINAL,NOMINAL,NORMAL,0,
1648848600.0,1786285438.7440536,1,1.0428,0.1401,,0.641,0.0274,0.194,NOMINAL,NOMINAL,NORMAL,0,
1648849500.0,1786285438.8687863,1,0.9427,0.1273,,0.59,0.0251,0.18,NOMINAL,NOMINAL,NORMAL,0,
1648850400.0,1786285438.9938264,1,1.0043,0.1297,,0.557,0.0259,0.179,NOMINAL,NOMINAL,TRIGGERED,1,omni_p6
1648851300.0,1786285439.1187763,1,0.9415,0.1262,,0.569,0.0267,0.182,NOMINAL,NOMINAL,NORMAL,0,
1648852200.0,1786285439.2437701,1,0.9372,0.1254,,0.572,0.0239,0.173,NOMINAL,NOMINAL,NORMAL,0,
1648853100.0,1786285439.3689823,1,0.9859,0.153,,0.64,0.0282,0.194,NOMINAL,NOMINAL,NORMAL,0,
1648854000.0,1786285439.4939046,1,1.0009,0.1313,,0.604,0.0263,0.188,NOMINAL,NOMINAL,NORMAL,0,
1648854900.0,1786285439.6186862,1,0.9177,0.1278,,0.546,0.0246,0.18,NOMINAL,NOMINAL,NORMAL,0,
1648855800.0,1786285439.743642,1,0.8773,0.1215,,0.559,0.0231,0.171,NOMINAL,NOMINAL,NORMAL,0,
1648856700.0,1786285439.8686297,1,0.8517,0.1228,,0.564,0.0262,0.184,NOMINAL,NOMINAL,TRIGGERED,1,omni_p6
1648857600.0,1786285439.9943993,1,0.9771,0.1206,0.5868,0.54,0.0253,0.183,NOMINAL,NOMINAL,NORMAL,0,
1648858500.0,1786285440.119628,1,1.373,0.1389,,0.79,0.0317,0.216,NOMINAL,NOMINAL,NORMAL,0,
1648859400.0,1786285440.244035,1,1.0302,0.1327,,0.664,0.0275,0.203,NOMINAL,NOMINAL,NORMAL,0,
1648860300.0,1786285440.3690598,1,1.0276,0.1661,,0.648,0.027,0.197,NOMINAL,NOMINAL,NORMAL,0,
1648861200.0,1786285440.4939427,1,1.0222,0.1291,,0.605,0.0258,0.188,NOMINAL,NOMINAL,NORMAL,0,
1648862100.0,1786285440.61864,1,0.8898,0.1273,,0.551,0.0203,0.17,NOMINAL,NOMINAL,TRIGGERED,1,omni_p6
1648863000.0,1786285440.744573,1,0.8743,0.1244,,0.555,0.0404,1.113,NOMINAL,PRE_ALERT,TRIGGERED,2,omni_p6
1648863900.0,1786285440.869472,1,0.8797,0.1237,,0.567,0.0388,0.994,PRE_ALERT,NOMINAL,NORMAL,0,
1648864800.0,1786285440.9937825,1,0.9798,0.1266,,0.54,0.0257,0.181,NOMINAL,NOMINAL,NORMAL,0,
1648865700.0,1786285441.1186576,1,0.8871,0.1242,,0.543,0.0237,0.176,NOMINAL,NOMINAL,NORMAL,0,
1648866600.0,1786285441.2436876,1,0.8924,0.1221,,0.556,0.0241,0.173,NOMINAL,NOMINAL,NORMAL,0,
1648867500.0,1786285441.3688812,1,0.9383,0.1284,,0.647,0.0268,0.188,NOMINAL,NOMINAL,NORMAL,0,
1648868400.0,1786285441.493734,1,0.9382,0.1284,,0.57,0.0232,0.176,NOMINAL,NOMINAL,TRIGGERED,1,omni_p6
1648869300.0,1786285441.6194355,1,0.8477,0.1206,,0.526,0.0399,1.064,NOMINAL,PRE_ALERT,TRIGGERED,2,omni_p6
1648870200.0,1786285441.744419,1,0.8576,0.117,,0.538,0.0385,1.018,PRE_ALERT,NOMINAL,NORMAL,0,
1648871100.0,1786285441.8685758,1,0.8596,0.1181,,0.535,0.0241,0.168,NOMINAL,NOMINAL,NORMAL,0,
1648872000.0,1786285441.9937072,1,0.9454,0.1254,,0.528,0.0252,0.176,NOMINAL,NOMINAL,NORMAL,0,
1648872900.0,1786285442.1186373,1,0.8786,0.1219,,0.546,0.0243,0.174,NOMINAL,NOMINAL,NORMAL,0,
1648873800.0,1786285442.2436392,1,0.8865,0.1238,,0.536,0.0247,0.174,NOMINAL,NOMINAL,NORMAL,0,
1648874700.0,1786285442.368831,1,0.9291,0.1253,,0.607,0.0272,0.187,NOMINAL,NOMINAL,NORMAL,0,
1648875600.0,1786285442.4941843,1,1.0735,0.1407,,0.722,0.0309,0.231,NOMINAL,NOMINAL,NORMAL,0,
1648876500.0,1786285442.6196442,1,1.1703,0.1463,,0.824,0.0321,0.227,NOMINAL,NOMINAL,NORMAL,0,
1648877400.0,1786285442.744023,1,1.032,0.1334,,0.645,0.028,0.203,NOMINAL,NOMINAL,NORMAL,0,
1648878300.0,1786285442.8687973,1,0.957,0.1282,,0.588,0.0261,0.187,NOMINAL,NOMINAL,NORMAL,0,
1648879200.0,1786285442.993918,1,1.0317,0.1285,,0.585,0.0274,0.195,NOMINAL,NOMINAL,NORMAL,0,
1648880100.0,1786285443.1188872,1,0.9859,0.1279,,0.605,0.0271,0.193,NOMINAL,NOMINAL,NORMAL,0,
1648881000.0,1786285443.2437742,1,0.9551,0.1253,,0.563,0.0266,0.188,NOMINAL,NOMINAL,NORMAL,0,
1648881900.0,1786285443.3687508,1,0.9315,0.1249,,0.571,0.0256,0.179,NOMINAL,NOMINAL,NORMAL,0,
1648882800.0,1786285443.494073,1,1.0714,0.1328,,0.648,0.0279,0.2,NOMINAL,NOMINAL,NORMAL,0,
1648883700.0,1786285443.6195495,1,1.1316,0.1449,,0.827,0.0309,0.223,NOMINAL,NOMINAL,NORMAL,0,
1648884600.0,1786285443.7440455,1,1.0419,0.1343,,0.658,0.0273,0.199,NOMINAL,NOMINAL,NORMAL,0,
1648885500.0,1786285443.8687446,1,0.9371,0.1267,,0.577,0.024,0.173,NOMINAL,NOMINAL,NORMAL,0,
1648886400.0,1786285443.993755,1,0.9881,0.1263,,0.541,0.0238,0.175,NOMINAL,NOMINAL,NORMAL,0,
1648887300.0,1786285444.1187,1,0.9304,0.125,,0.537,0.0235,0.17,NOMINAL,NOMINAL,NORMAL,0,
1648888200.0,1786285444.2436314,1,0.8981,0.1207,,0.522,0.0253,0.169,NOMINAL,NOMINAL,NORMAL,0,
1648889100.0,1786285444.3686326,1,0.8907,0.1228,,0.529,0.0255,0.169,NOMINAL,NOMINAL,NORMAL,0,
1648890000.0,1786285444.494036,1,1.0487,0.1329,,0.636,0.0268,0.194,NOMINAL,NOMINAL,NORMAL,0,
1648890900.0,1786285444.6186504,1,0.9113,0.1272,,0.542,0.0216,0.171,NOMINAL,NOMINAL,TRIGGERED,1,omni_p6
1648891800.0,1786285444.7435963,1,0.8883,0.1215,,0.522,0.0218,0.171,NOMINAL,NOMINAL,NORMAL,0,
1648892700.0,1786285444.8686519,1,0.8686,0.1233,,0.587,0.0238,0.181,NOMINAL,NOMINAL,NORMAL,0,
1648893600.0,1786285444.9937575,1,0.964,0.1255,,0.56,0.0253,0.181,NOMINAL,NOMINAL,NORMAL,0,
1648894500.0,1786285445.11872,1,0.9157,0.1226,,0.582,0.0249,0.175,NOMINAL,NOMINAL,NORMAL,0,
1648895400.0,1786285445.2437177,1,0.9217,0.1227,,0.561,0.0262,0.18,NOMINAL,NOMINAL,NORMAL,0,
1648896300.0,1786285445.3686864,1,0.9077,0.1225,,0.555,0.0227,0.172,NOMINAL,NOMINAL,TRIGGERED,1,omni_p6
1648897200.0,1786285445.4949234,1,1.0296,0.1322,,0.643,0.0459,1.103,NOMINAL,PRE_ALERT,TRIGGERED,2,omni_p6
1648898100.0,1786285445.6194713,1,0.9089,0.1261,,0.533,0.0404,0.989,PRE_ALERT,NOMINAL,NORMAL,0,
1648899000.0,1786285445.7436469,1,0.8838,0.1206,,0.556,0.0229,0.176,NOMINAL,NOMINAL,NORMAL,0,
1648899900.0,1786285445.8685765,1,0.8616,0.1226,,0.546,0.0227,0.168,NOMINAL,NOMINAL,NORMAL,0,
1648900800.0,1786285445.993691,1,0.9581,0.1248,,0.508,0.0252,0.179,NOMINAL,NOMINAL,NORMAL,0,
1648901700.0,1786285446.1187422,1,0.9355,0.1242,,0.562,0.0256,0.185,NOMINAL,NOMINAL,NORMAL,0,
1648902600.0,1786285446.2443786,1,1.0882,0.14,,0.789,0.0306,0.211,NOMINAL,NOMINAL,TRIGGERED,1,omni_p6
1648903500.0,1786285446.3698473,1,0.9929,0.1315,,0.604,0.0452,1.1,NOMINAL,PRE_ALERT,TRIGGERED,2,omni_p6
1648904400.0,1786285446.4948277,1,1.0211,0.134,,0.63,0.0447,1.055,PRE_ALERT,NOMINAL,NORMAL,0,
1648905300.0,1786285446.6187663,1,0.9423,0.128,,0.591,0.0264,0.18,NOMINAL,NOMINAL,NORMAL,0,
1648906200.0,1786285446.7436476,1,0.8967,0.1242,,0.554,0.0247,0.172,NOMINAL,NOMINAL,NORMAL,0,
1648907100.0,1786285446.8685951,1,0.8692,0.123,,0.546,0.0239,0.17,NOMINAL,NOMINAL,NORMAL,0,
1648908000.0,1786285446.9936721,1,0.9246,0.1217,,0.539,0.0249,0.176,NOMINAL,NOMINAL,NORMAL,0,
1648908900.0,1786285447.1187952,1,0.9386,0.1274,,0.599,0.0255,0.187,NOMINAL,NOMINAL,TRIGGERED,1,omni_p6
1648909800.0,1786285447.2446306,1,0.8987,0.1244,,0.555,0.0439,1.125,NOMINAL,PRE_ALERT,TRIGGERED,2,omni_p6
1648910700.0,1786285447.368715,1,0.8996,0.1259,,0.577,0.0236,0.175,PRE_ALERT,PRE_ALERT,TRIGGERED,3,omni_p6
1648911600.0,1786285447.4953258,1,1.1086,0.1461,,0.812,0.0515,1.138,PRE_ALERT,NOMINAL,NORMAL,0,
1648912500.0,1786285447.6196902,1,1.1627,0.149,,0.874,0.0317,0.228,NOMINAL,NOMINAL,NORMAL,0,
1648913400.0,1786285447.7440097,1,1.026,0.1354,,0.644,0.0261,0.21,NOMINAL,NOMINAL,TRIGGERED,1,omni_p6
1648914300.0,1786285447.8687112,1,0.9155,0.1265,,0.574,0.0258,0.177,NOMINAL,NOMINAL,NORMAL,0,
1648915200.0,1786285447.993827,1,1.0073,0.129,,0.555,0.0232,0.179,NOMINAL,NOMINAL,TRIGGERED,1,omni_p6
1648916100.0,1786285448.119701,1,0.9606,0.1305,,0.571,0.0438,1.085,NOMINAL,PRE_ALERT,TRIGGERED,2,omni_p6
1648917000.0,1786285448.243782,1,0.9584,0.1301,,0.566,0.0268,0.183,PRE_ALERT,PRE_ALERT,TRIGGERED,3,omni_p6
1648917900.0,1786285448.3695548,1,0.9186,0.1244,,0.558,0.0405,1.029,PRE_ALERT,NOMINAL,NORMAL,0,
1648918800.0,1786285448.493714,1,0.9316,0.126,,0.567,0.0246,0.176,NOMINAL,NOMINAL,NORMAL,0,
1648919700.0,1786285448.619623,1,1.1579,0.1455,,0.834,0.0331,0.227,NOMINAL,NOMINAL,TRIGGERED,1,omni_p6
1648920600.0,1786285448.7440357,1,1.0497,0.1376,,0.635,0.0298,0.2,NOMINAL,NOMINAL,NORMAL,0,
1648921500.0,1786285448.8687727,1,0.9532,0.1284,,0.579,0.0252,0.177,NOMINAL,NOMINAL,NORMAL,0,
1648922400.0,1786285448.9938564,1,1.0125,0.134,,0.563,0.0247,0.185,NOMINAL,NOMINAL,TRIGGERED,1,omni_p6
1648923300.0,1786285449.1188188,1,0.9793,0.1279,,0.567,0.0261,0.181,NOMINAL,NOMINAL,NORMAL,0,
1648924200.0,1786285449.2436914,1,0.9281,0.1253,,0.54,0.026,0.177,NOMINAL,NOMINAL,NORMAL,0,
1648925100.0,1786285449.368717,1,0.9272,0.1261,,0.557,0.0248,0.174,NOMINAL,NOMINAL,NORMAL,0,
1648926000.0,1786285449.4936414,1,0.9113,0.1207,,0.542,0.0222,0.164,NOMINAL,NOMINAL,NORMAL,0,
1648926900.0,1786285449.6189394,1,0.9806,0.1302,,0.634,0.0268,0.19,NOMINAL,NOMINAL,NORMAL,0,
1648927800.0,1786285449.7436726,1,0.9115,0.1215,,0.548,0.0248,0.174,NOMINAL,NOMINAL,NORMAL,0,
1648928700.0,1786285449.8686395,1,0.8786,0.121,,0.557,0.0218,0.169,NOMINAL,NOMINAL,TRIGGERED,1,omni_p6
1648929600.0,1786285449.9936862,1,0.9273,0.1243,,0.541,0.0255,0.172,NOMINAL,NOMINAL,NORMAL,0,
1648930500.0,1786285450.1187732,1,0.9286,0.1261,,0.588,0.0255,0.186,NOMINAL,NOMINAL,NORMAL,0,
1648931400.0,1786285450.2445557,1,1.1316,0.1405,,0.828,0.0324,0.223,NOMINAL,NOMINAL,NORMAL,0,
1648932300.0,1786285450.368971,1,1.0076,0.1605,,0.622,0.0269,0.193,NOMINAL,NOMINAL,NORMAL,0,
1648933200.0,1786285450.493693,1,0.9435,0.1253,,0.554,0.0252,0.176,NOMINAL,NOMINAL,NORMAL,0,
1648934100.0,1786285450.6189215,1,0.9795,0.1305,,0.632,0.0269,0.192,NOMINAL,NOMINAL,NORMAL,0,
1648935000.0,1786285450.7437115,1,0.9261,0.1232,,0.565,0.0246,0.176,NOMINAL,NOMINAL,NORMAL,0,
1648935900.0,1786285450.8685927,1,0.8762,0.1253,,0.538,0.023,0.169,NOMINAL,NOMINAL,TRIGGERED,1,omni_p6
1648936800.0,1786285450.9936492,1,0.9182,0.1224,,0.545,0.0247,0.174,NOMINAL,NOMINAL,NORMAL,0,
1648937700.0,1786285451.1188562,1,0.9514,0.1257,,0.623,0.0265,0.189,NOMINAL,NOMINAL,NORMAL,0,
1648938600.0,1786285451.24369,1,0.9122,0.1232,,0.555,0.024,0.176,NOMINAL,NOMINAL,NORMAL,0,
1648939500.0,1786285451.3686857,1,0.9084,0.1224,,0.571,0.0228,0.173,NOMINAL,NOMINAL,NORMAL,0,
1648940400.0,1786285451.4936275,1,0.9126,0.1227,,0.535,0.0243,0.165,NOMINAL,NOMINAL,NORMAL,0,
1648941300.0,1786285451.6189868,1,1.0029,0.1333,,0.643,0.0258,0.193,NOMINAL,NOMINAL,TRIGGERED,1,omni_p6
1648942200.0,1786285451.7447035,1,0.9274,0.127,,0.593,0.0436,1.131,NOMINAL,PRE_ALERT,TRIGGERED,2,omni_p6
1648943100.0,1786285451.8695638,1,0.9205,0.1254,,0.574,0.0411,1.03,PRE_ALERT,NOMINAL,NORMAL,0,
1648944000.0,1786285451.9943752,1,0.9618,0.1218,0.6012,0.534,0.0251,0.18,NOMINAL,NOMINAL,NORMAL,0,
1648944900.0,1786285452.1188247,1,0.9712,0.128,,0.592,0.026,0.189,NOMINAL,NOMINAL,NORMAL,0,
1648945800.0,1786285452.2437344,1,0.9418,0.128,,0.559,0.0246,0.179,NOMINAL,NOMINAL,NORMAL,0,
1648946700.0,1786285452.3687046,1,0.9249,0.1243,,0.571,0.026,0.176,NOMINAL,NOMINAL,NORMAL,0,
1648947600.0,1786285452.4942012,1,1.06,0.1423,,0.761,0.0281,0.217,NOMINAL,NOMINAL,TRIGGERED,1,omni_p6
1648948500.0,1786285452.6207047,1,1.1721,0.1479,,0.875,0.0499,1.219,NOMINAL,PRE_ALERT,TRIGGERED,2,omni_p6
1648949400.0,1786285452.744951,1,1.0785,0.1387,,0.642,0.0438,1.036,PRE_ALERT,NOMINAL,NORMAL,0,
1648950300.0,1786285452.8688629,1,0.9873,0.128,,0.607,0.0256,0.18,NOMINAL,NOMINAL,NORMAL,0,
1648951200.0,1786285452.9938304,1,1.005,0.1287,,0.575,0.0269,0.184,NOMINAL,NOMINAL,NORMAL,0,
1648952100.0,1786285453.1189055,1,0.9862,0.1288,,0.635,0.0283,0.192,NOMINAL,NOMINAL,NORMAL,0,
1648953000.0,1786285453.2437944,1,0.949,0.1292,,0.597,0.0258,0.182,NOMINAL,NOMINAL,NORMAL,0,
1648953900.0,1786285453.368754,1,0.9314,0.1299,,0.592,0.0241,0.178,NOMINAL,NOMINAL,TRIGGERED,1,omni_p6
1648954800.0,1786285453.4936647,1,0.9341,0.127,,0.541,0.0251,0.175,NOMINAL,NOMINAL,NORMAL,0,
1648955700.0,1786285453.6198506,1,1.1819,0.15,,1.022,0.0337,0.238,NOMINAL,NOMINAL,NORMAL,0,
1648956600.0,1786285453.744147,1,1.0805,0.1371,,0.667,0.0291,0.235,NOMINAL,NOMINAL,NORMAL,0,
1648957500.0,1786285453.868768,1,0.944,0.1292,,0.588,0.0255,0.183,NOMINAL,NOMINAL,NORMAL,0,
1648958400.0,1786285453.9937136,1,0.9586,0.1298,,0.545,0.0252,0.178,NOMINAL,NOMINAL,NORMAL,0,
1648959300.0,1786285454.1187758,1,0.9459,0.1245,,0.582,0.026,0.18,NOMINAL,NOMINAL,NORMAL,0,
1648960200.0,1786285454.2436333,1,0.8978,0.1236,,0.541,0.0241,0.168,NOMINAL,NOMINAL,NORMAL,0,
1648961100.0,1786285454.368649,1,0.8937,0.1223,,0.56,0.0233,0.171,NOMINAL,NOMINAL,NORMAL,0,
1648962000.0,1786285454.4935799,1,0.8941,0.1203,,0.514,0.0225,0.165,NOMINAL,NOMINAL,NORMAL,0,
1648962900.0,1786285454.618587,1,0.8828,0.1224,,0.519,0.0217,0.166,NOMINAL,NOMINAL,NORMAL,0,
1648963800.0,1786285454.743885,1,0.9563,0.1273,,0.63,0.0263,0.19,NOMINAL,NOMINAL,NORMAL,0,
1648964700.0,1786285454.8687227,1,0.9191,0.1271,,0.587,0.0251,0.181,NOMINAL,NOMINAL,NORMAL,0,
1648965600.0,1786285454.9936645,1,0.9545,0.1277,,0.506,0.0247,0.177,NOMINAL,NOMINAL,NORMAL,0,
1648966500.0,1786285455.1188421,1,0.9578,0.1278,,0.602,0.0277,0.191,NOMINAL,NOMINAL,NORMAL,0,
1648967400.0,1786285455.2437003,1,0.9243,0.1262,,0.559,0.0257,0.179,NOMINAL,NOMINAL,NORMAL,0,
1648968300.0,1786285455.3687062,1,0.9122,0.1254,,0.572,0.0247,0.176,NOMINAL,NOMINAL,NORMAL,0,
1648969200.0,1786285455.493603,1,0.8948,0.1221,,0.539,0.0233,0.167,NOMINAL,NOMINAL,NORMAL,0,
1648970100.0,1786285455.6186197,1,0.8779,0.1231,,0.552,0.0238,0.171,NOMINAL,NOMINAL,NORMAL,0,
1648971000.0,1786285455.7445788,1,1.138,0.1434,,0.844,0.0304,0.217,NOMINAL,NOMINAL,NORMAL,0,
1648971900.0,1786285455.8688323,1,0.9687,0.1307,,0.59,0.0265,0.183,NOMINAL,NOMINAL,NORMAL,0,
1648972800.0,1786285455.9937565,1,0.9532,0.1273,,0.576,0.0238,0.177,NOMINAL,NOMINAL,NORMAL,0,
1648973700.0,1786285456.118772,1,0.9234,0.1274,,0.603,0.0249,0.178,NOMINAL,NOMINAL,NORMAL,0,
1648974600.0,1786285456.2436552,1,0.8995,0.1243,,0.549,0.0242,0.173,NOMINAL,NOMINAL,NORMAL,0,
1648975500.0,1786285456.3686934,1,0.8987,0.1235,,0.579,0.0251,0.175,NOMINAL,NOMINAL,NORMAL,0,
1648976400.0,1786285456.4936657,1,0.9223,0.1237,,0.542,0.0233,0.171,NOMINAL,NOMINAL,TRIGGERED,1,omni_p6
1648977300.0,1786285456.6186724,1,0.9044,0.1193,,0.557,0.0234,0.174,NOMINAL,NOMINAL,NORMAL,0,
1648978200.0,1786285456.7439206,1,0.9703,0.1307,,0.634,0.0283,0.197,NOMINAL,NOMINAL,NORMAL,0,
1648979100.0,1786285456.8687027,1,0.9028,0.1248,,0.575,0.0252,0.183,NOMINAL,NOMINAL,NORMAL,0,
1648980000.0,1786285456.9937122,1,0.9621,0.1241,,0.541,0.0257,0.178,NOMINAL,NOMINAL,NORMAL,0,
1648980900.0,1786285457.1188262,1,0.9434,0.129,,0.598,0.029,0.19,NOMINAL,NOMINAL,NORMAL,0,
1648981800.0,1786285457.2436874,1,0.9057,0.1278,,0.553,0.0232,0.175,NOMINAL,NOMINAL,TRIGGERED,1,omni_p6
1648982700.0,1786285457.3696275,1,0.9042,0.1252,,0.57,0.0431,1.096,NOMINAL,PRE_ALERT,TRIGGERED,2,omni_p6
1648983600.0,1786285457.4953353,1,1.1207,0.1498,,0.841,0.0529,1.146,PRE_ALERT,NOMINAL,NORMAL,0,
1648984500.0,1786285457.6195912,1,1.1507,0.1433,,0.792,0.033,0.227,NOMINAL,NOMINAL,NORMAL,0,
1648985400.0,1786285457.744319,1,1.0962,0.1368,,0.732,0.0297,0.248,NOMINAL,NOMINAL,NORMAL,0,
1648986300.0,1786285457.8689842,1,1.0225,0.1536,,0.615,0.0276,0.2,NOMINAL,NOMINAL,NORMAL,0,
1648987200.0,1786285457.9939187,1,1.0407,0.1331,,0.579,0.0291,0.205,NOMINAL,NOMINAL,NORMAL,0,
1648988100.0,1786285458.1189146,1,1.0048,0.1319,,0.606,0.0288,0.196,NOMINAL,NOMINAL,TRIGGERED,1,omni_p6
1648989000.0,1786285458.2446997,1,0.9513,0.1278,,0.563,0.0443,1.125,NOMINAL,PRE_ALERT,TRIGGERED,2,omni_p6
1648989900.0,1786285458.3697164,1,0.9676,0.1287,,0.602,0.0464,1.062,PRE_ALERT,NOMINAL,NORMAL,0,
1648990800.0,1786285458.4937634,1,0.9701,0.1238,,0.572,0.0253,0.178,NOMINAL,NOMINAL,NORMAL,0,
1648991700.0,1786285458.6196244,1,1.1391,0.1425,,0.851,0.0322,0.232,NOMINAL,NOMINAL,NORMAL,0,
1648992600.0,1786285458.7443254,1,1.1218,0.1381,,0.724,0.031,0.246,NOMINAL,NOMINAL,NORMAL,0,
1648993500.0,1786285458.8689396,1,1.0058,0.1604,,0.6,0.0254,0.193,NOMINAL,NOMINAL,TRIGGERED,1,omni_p6
1648994400.0,1786285458.9947221,1,1.0103,0.1311,,0.56,0.0436,1.08,NOMINAL,PRE_ALERT,TRIGGERED,2,omni_p6
1648995300.0,1786285459.1197462,1,0.9841,0.1323,,0.608,0.0428,1.061,PRE_ALERT,NOMINAL,NORMAL,0,
1648996200.0,1786285459.2438035,1,0.9587,0.1285,,0.584,0.0271,0.18,NOMINAL,NOMINAL,NORMAL,0,
1648997100.0,1786285459.3687506,1,0.9214,0.1259,,0.587,0.0261,0.175,NOMINAL,NOMINAL,NORMAL,0,
1648998000.0,1786285459.4938345,1,0.9746,0.1261,,0.592,0.0277,0.182,NOMINAL,NOMINAL,NORMAL,0,
1648998900.0,1786285459.6187096,1,0.9252,0.1219,,0.568,0.0257,0.173,NOMINAL,NOMINAL,NORMAL,0,
1648999800.0,1786285459.7436068,1,0.8899,0.1211,,0.532,0.0215,0.168,NOMINAL,NOMINAL,TRIGGERED,1,omni_p6
1649000700.0,1786285459.86988,1,0.9855,0.1546,,0.645,0.0448,1.084,NOMINAL,PRE_ALERT,TRIGGERED,2,omni_p6
1649001600.0,1786285459.994574,1,0.9851,0.1274,,0.544,0.043,0.997,PRE_ALERT,NOMINAL,NORMAL,0,
1649002500.0,1786285460.1188219,1,0.963,0.127,,0.586,0.0263,0.182,NOMINAL,NOMINAL,NORMAL,0,
1649003400.0,1786285460.2437105,1,0.9238,0.1248,,0.56,0.0253,0.173,NOMINAL,NOMINAL,NORMAL,0,
1649004300.0,1786285460.3687565,1,0.9352,0.1252,,0.586,0.0265,0.182,NOMINAL,NOMINAL,NORMAL,0,
1649005200.0,1786285460.4937346,1,0.9533,0.1232,,0.558,0.0261,0.179,NOMINAL,NOMINAL,NORMAL,0,
1649006100.0,1786285460.6186996,1,0.9228,0.1245,,0.559,0.0252,0.178,NOMINAL,NOMINAL,NORMAL,0,
1649007000.0,1786285460.7445188,1,1.117,0.1405,,0.815,0.0319,0.226,NOMINAL,NOMINAL,NORMAL,0,
1649007900.0,1786285460.8691974,1,1.0701,0.1416,,0.68,0.0285,0.206,NOMINAL,NOMINAL,NORMAL,0,
1649008800.0,1786285460.9939146,1,1.0659,0.1326,,0.563,0.0259,0.188,NOMINAL,NOMINAL,NORMAL,0,
1649009700.0,1786285461.1188552,1,0.9887,0.127,,0.596,0.0252,0.191,NOMINAL,NOMINAL,NORMAL,0,
1649010600.0,1786285461.2437377,1,0.9456,0.1251,,0.56,0.0254,0.181,NOMINAL,NOMINAL,NORMAL,0,
1649011500.0,1786285461.368749,1,0.9303,0.1277,,0.586,0.0265,0.183,NOMINAL,NOMINAL,NORMAL,0,
1649012400.0,1786285461.493666,1,0.9254,0.1222,,0.556,0.0248,0.172,NOMINAL,NOMINAL,NORMAL,0,
1649013300.0,1786285461.618677,1,0.9058,0.1252,,0.574,0.0249,0.177,NOMINAL,NOMINAL,NORMAL,0,
1649014200.0,1786285461.7435806,1,0.8685,0.1208,,0.547,0.0241,0.171,NOMINAL,NOMINAL,NORMAL,0,
1649015100.0,1786285461.8689566,1,0.9754,0.1301,,0.631,0.0269,0.191,NOMINAL,NOMINAL,NORMAL,0,
1649016000.0,1786285461.9937432,1,0.9579,0.1251,,0.572,0.0254,0.18,NOMINAL,NOMINAL,NORMAL,0,
1649016900.0,1786285462.1187909,1,0.9436,0.1272,,0.591,0.0272,0.184,NOMINAL,NOMINAL,NORMAL,0,
1649017800.0,1786285462.2436943,1,0.9259,0.1222,,0.556,0.027,0.177,NOMINAL,NOMINAL,NORMAL,0,
1649018700.0,1786285462.3687074,1,0.9063,0.1226,,0.586,0.0259,0.181,NOMINAL,NOMINAL,NORMAL,0,
1649019600.0,1786285462.4943337,1,1.1139,0.1389,,0.771,0.0308,0.241,NOMINAL,NOMINAL,NORMAL,0,
1649020500.0,1786285462.619624,1,1.1423,0.1502,,0.838,0.0303,0.223,NOMINAL,NOMINAL,TRIGGERED,1,omni_p6
1649021400.0,1786285462.7440479,1,1.0299,0.1348,,0.665,0.0292,0.201,NOMINAL,NOMINAL,NORMAL,0,
1649022300.0,1786285462.8690631,1,1.0344,0.1714,,0.64,0.0305,0.202,NOMINAL,NOMINAL,NORMAL,0,
1649023200.0,1786285462.9938955,1,1.0316,0.1319,,0.589,0.0268,0.189,NOMINAL,NOMINAL,NORMAL,0,
1649024100.0,1786285463.118893,1,0.9967,0.1308,,0.606,0.0252,0.188,NOMINAL,NOMINAL,NORMAL,0,
1649025000.0,1786285463.2437718,1,0.9451,0.1288,,0.573,0.0261,0.181,NOMINAL,NOMINAL,NORMAL,0,
1649025900.0,1786285463.3688028,1,0.9517,0.1248,,0.602,0.026,0.188,NOMINAL,NOMINAL,NORMAL,0,
1649026800.0,1786285463.4936976,1,0.9408,0.1246,,0.548,0.0222,0.17,NOMINAL,NOMINAL,TRIGGERED,1,omni_p6
1649027700.0,1786285463.6204486,1,1.1224,0.1438,,0.779,0.0517,1.186,NOMINAL,PRE_ALERT,TRIGGERED,2,omni_p6
1649028600.0,1786285463.7449965,1,1.0696,0.1376,,0.658,0.0474,1.077,PRE_ALERT,NOMINAL,NORMAL,0,
1649029500.0,1786285463.869107,1,1.0377,0.2161,,0.636,0.0295,0.197,NOMINAL,NOMINAL,NORMAL,0,
1649030400.0,1786285463.99455,1,1.0318,0.122,0.6063,0.57,0.0257,0.19,NOMINAL,NOMINAL,NORMAL,0,
