phys_ts,ap_pub_wall_ts,n_channels,resample_ms,z_eval_ms,bg_update_ms,dds_transport_ms,fsm_eval_ms,node_latency_ms,from_state,ap_state,rpn_result,counter,trigger_channels
1705021200.0,1786289136.630995,1,1.1,0.0557,,0.878,0.0344,0.338,NOMINAL,NOMINAL,STALE,0,
1705022100.0,1786289136.7555292,1,1.0662,0.0567,,0.613,0.0283,0.273,NOMINAL,NOMINAL,STALE,0,
1705023000.0,1786289136.8805854,1,1.0401,0.0554,,0.691,0.0292,0.294,NOMINAL,NOMINAL,STALE,0,
1705023900.0,1786289137.0057085,1,1.1298,0.0551,,0.715,0.0306,0.275,NOMINAL,NOMINAL,STALE,0,
1705024800.0,1786289137.130497,1,1.0512,0.0571,,0.558,0.0259,0.292,NOMINAL,NOMINAL,STALE,0,
1705025700.0,1786289137.2552922,1,0.9044,0.0504,,0.636,0.0272,0.288,NOMINAL,NOMINAL,STALE,0,
1705026600.0,1786289137.380452,1,1.0008,0.0516,,0.671,0.027,0.266,NOMINAL,NOMINAL,STALE,0,
1705027500.0,1786289137.505573,1,1.0579,0.0548,,0.683,0.0281,0.259,NOMINAL,NOMINAL,STALE,0,
1705028400.0,1786289137.630454,1,0.985,0.0529,,0.657,0.0272,0.254,NOMINAL,NOMINAL,STALE,0,
1705029300.0,1786289137.7553186,1,0.9878,0.0532,,0.572,0.0257,0.252,NOMINAL,NOMINAL,STALE,0,
1705030200.0,1786289137.8803883,1,0.9707,0.0541,,0.639,0.0267,0.264,NOMINAL,NOMINAL,STALE,0,
1705031100.0,1786289138.0058274,1,1.108,0.0555,,0.748,0.0293,0.325,NOMINAL,NOMINAL,STALE,0,
1705032000.0,1786289138.1303713,1,0.9769,0.0517,,0.552,0.0271,0.269,NOMINAL,NOMINAL,STALE,0,
1705032900.0,1786289138.2555568,1,1.0457,0.0552,,0.662,0.0284,0.271,NOMINAL,NOMINAL,STALE,0,
1705033800.0,1786289138.3804812,1,1.0045,0.0525,,0.67,0.0262,0.267,NOMINAL,NOMINAL,STALE,0,
1705034700.0,1786289138.505638,1,1.0726,0.0527,,0.677,0.029,0.268,NOMINAL,NOMINAL,STALE,0,
1705035600.0,1786289138.6304667,1,0.9792,0.0541,,0.626,0.026,0.252,NOMINAL,NOMINAL,STALE,0,
1705036500.0,1786289138.755449,1,1.0288,0.0545,,0.593,0.0255,0.249,NOMINAL,NOMINAL,STALE,0,
1705037400.0,1786289138.880396,1,0.9811,0.0521,,0.606,0.0241,0.288,NOMINAL,NOMINAL,STALE,0,
1705038300.0,1786289139.0056942,1,1.0888,0.0565,,0.69,0.0275,0.276,NOMINAL,NOMINAL,STALE,0,
1705039200.0,1786289139.130695,1,1.0794,0.0543,,0.572,0.0266,0.36,NOMINAL,NOMINAL,STALE,0,
1705040100.0,1786289139.2554774,1,1.0294,0.0523,,0.618,0.0282,0.256,NOMINAL,NOMINAL,STALE,0,
1705041000.0,1786289139.3803391,1,0.9892,0.0542,,0.55,0.0241,0.266,NOMINAL,NOMINAL,STALE,0,
1705041900.0,1786289139.5055733,1,1.0741,0.0543,,0.646,0.0264,0.254,NOMINAL,NOMINAL,STALE,0,
1705042800.0,1786289139.6317775,1,1.23,0.0587,,0.818,0.0292,0.522,NOMINAL,NOMINAL,STALE,0,
1705043700.0,1786289139.7562485,1,1.1986,0.0586,,0.87,0.0316,0.327,NOMINAL,NOMINAL,STALE,0,
1705044600.0,1786289139.8806367,1,1.0923,0.056,,0.642,0.0267,0.266,NOMINAL,NOMINAL,STALE,0,
1705045500.0,1786289140.0055106,1,1.0461,0.0528,,0.635,0.0253,0.249,NOMINAL,NOMINAL,STALE,0,
1705046400.0,1786289140.1307957,1,1.1439,0.0565,,0.623,0.0282,0.276,NOMINAL,NOMINAL,STALE,0,
1705047300.0,1786289140.255548,1,1.0532,0.0545,,0.645,0.0271,0.262,NOMINAL,NOMINAL,STALE,0,
1705048200.0,1786289140.380422,1,0.9863,0.0542,,0.631,0.0233,0.25,NOMINAL,NOMINAL,STALE,0,
1705049100.0,1786289140.5056143,1,1.0622,0.0544,,0.669,0.0265,0.28,NOMINAL,NOMINAL,STALE,0,
1705050000.0,1786289140.6305509,1,1.0267,0.0545,,0.646,0.026,0.259,NOMINAL,NOMINAL,STALE,0,
1705050900.0,1786289140.7561495,1,1.1844,0.0579,,0.798,0.0313,0.326,NOMINAL,NOMINAL,STALE,0,
1705051800.0,1786289140.880709,1,1.1084,0.0559,,0.673,0.0274,0.271,NOMINAL,NOMINAL,STALE,0,
1705052700.0,1786289141.0055604,1,1.0734,0.0519,,0.643,0.0269,0.259,NOMINAL,NOMINAL,STALE,0,
1705053600.0,1786289141.130802,1,1.1122,0.0566,,0.681,0.0293,0.284,NOMINAL,NOMINAL,STALE,0,
1705054500.0,1786289141.2555146,1,1.0403,0.0538,,0.637,0.0274,0.258,NOMINAL,NOMINAL,STALE,0,
1705055400.0,1786289141.3805387,1,1.0142,0.0529,,0.673,0.026,0.285,NOMINAL,NOMINAL,STALE,0,
1705056300.0,1786289141.5055554,1,1.0496,0.0528,,0.669,0.0268,0.257,NOMINAL,NOMINAL,STALE,0,
1705057200.0,1786289141.6304827,1,0.9978,0.0544,,0.644,0.0255,0.253,NOMINAL,NOMINAL,STALE,0,
1705058100.0,1786289141.7553995,1,0.9779,0.0533,,0.619,0.0248,0.254,NOMINAL,NOMINAL,STALE,0,
1705059000.0,1786289141.8803637,1,0.9383,0.0515,,0.631,0.026,0.271,NOMINAL,NOMINAL,STALE,0,
1705059900.0,1786289142.005427,1,0.9979,0.0538,,0.648,0.0255,0.249,NOMINAL,NOMINAL,STALE,0,
1705060800.0,1786289142.1308165,1,1.1121,0.0587,,0.682,0.0293,0.29,NOMINAL,NOMINAL,STALE,0,
1705061700.0,1786289142.2556243,1,1.0632,0.0544,,0.669,0.0286,0.272,NOMINAL,NOMINAL,STALE,0,
1705062600.0,1786289142.3804612,1,0.9982,0.0543,,0.648,0.0249,0.259,NOMINAL,NOMINAL,STALE,0,
1705063500.0,1786289142.505623,1,1.0699,0.0556,,0.671,0.0284,0.266,NOMINAL,NOMINAL,STALE,0,
1705064400.0,1786289142.6306531,1,1.0417,0.0556,,0.65,0.027,0.286,NOMINAL,NOMINAL,STALE,0,
1705065300.0,1786289142.7554982,1,1.0217,0.0551,,0.625,0.0272,0.283,NOMINAL,NOMINAL,STALE,0,
1705066200.0,1786289142.880406,1,0.9798,0.0546,,0.639,0.0258,0.253,NOMINAL,NOMINAL,STALE,0,
1705067100.0,1786289143.0054438,1,1.0221,0.0531,,0.641,0.0266,0.251,NOMINAL,NOMINAL,STALE,0,
1705068000.0,1786289143.1307893,1,1.0864,0.0565,,0.694,0.0278,0.275,NOMINAL,NOMINAL,STALE,0,
1705068900.0,1786289143.2555728,1,1.0543,0.0553,,0.652,0.0297,0.266,NOMINAL,NOMINAL,STALE,0,
1705069800.0,1786289143.3804123,1,0.9971,0.0532,,0.618,0.0252,0.254,NOMINAL,NOMINAL,STALE,0,
1705070700.0,1786289143.5054991,1,1.0245,0.0538,,0.655,0.0263,0.261,NOMINAL,NOMINAL,STALE,0,
1705071600.0,1786289143.630513,1,1.0003,0.0537,,0.661,0.026,0.26,NOMINAL,NOMINAL,STALE,0,
1705072500.0,1786289143.7554102,1,0.9925,0.0544,,0.618,0.0255,0.252,NOMINAL,NOMINAL,STALE,0,
1705073400.0,1786289143.8803632,1,0.9462,0.0526,,0.611,0.0248,0.28,NOMINAL,NOMINAL,STALE,0,
1705074300.0,1786289144.005411,1,0.9875,0.0539,,0.633,0.0255,0.247,NOMINAL,NOMINAL,STALE,0,
1705075200.0,1786289144.130759,1,1.0716,0.0562,,0.686,0.0294,0.279,NOMINAL,NOMINAL,STALE,0,
1705076100.0,1786289144.2555225,1,1.0448,0.0539,,0.646,0.0284,0.262,NOMINAL,NOMINAL,STALE,0,
1705077000.0,1786289144.3804388,1,0.9993,0.0525,,0.645,0.0263,0.258,NOMINAL,NOMINAL,STALE,0,
1705077900.0,1786289144.5055287,1,1.0077,0.0532,,0.731,0.0268,0.255,NOMINAL,NOMINAL,STALE,0,
1705078800.0,1786289144.631296,1,1.2025,0.0591,,0.88,0.0324,0.304,NOMINAL,NOMINAL,STALE,0,
1705079700.0,1786289144.756215,1,1.191,0.0564,,0.855,0.0333,0.354,NOMINAL,NOMINAL,STALE,0,
1705080600.0,1786289144.8807547,1,1.093,0.055,,0.747,0.0292,0.272,NOMINAL,NOMINAL,STALE,0,
1705081500.0,1786289145.0058951,1,1.0578,0.0569,,0.683,0.3158,0.584,NOMINAL,NOMINAL,STALE,0,
1705082400.0,1786289145.1305761,1,1.0595,0.0561,,0.614,0.0265,0.267,NOMINAL,NOMINAL,STALE,0,
1705083300.0,1786289145.255832,1,1.1197,0.0563,,0.766,0.0307,0.284,NOMINAL,NOMINAL,STALE,0,
1705084200.0,1786289145.3805556,1,1.0472,0.0548,,0.652,0.0268,0.267,NOMINAL,NOMINAL,STALE,0,
1705085100.0,1786289145.5055356,1,1.0549,0.0548,,0.636,0.0282,0.262,NOMINAL,NOMINAL,STALE,0,
1705086000.0,1786289145.630665,1,1.0387,0.0573,,0.715,0.0278,0.264,NOMINAL,NOMINAL,STALE,0,
1705086900.0,1786289145.7561688,1,1.1809,0.0578,,0.827,0.0304,0.334,NOMINAL,NOMINAL,STALE,0,
1705087800.0,1786289145.8805742,1,1.0845,0.0555,,0.622,0.0251,0.266,NOMINAL,NOMINAL,STALE,0,
1705088700.0,1786289146.005538,1,1.0597,0.0565,,0.615,0.026,0.258,NOMINAL,NOMINAL,STALE,0,
1705089600.0,1786289146.130595,1,1.0579,0.0575,,0.606,0.0261,0.26,NOMINAL,NOMINAL,STALE,0,
1705090500.0,1786289146.25574,1,1.0975,0.0555,,0.716,0.0299,0.273,NOMINAL,NOMINAL,STALE,0,
1705091400.0,1786289146.3805773,1,1.0693,0.055,,0.627,0.0246,0.259,NOMINAL,NOMINAL,STALE,0,
1705092300.0,1786289146.5055754,1,1.0708,0.0534,,0.632,0.0273,0.265,NOMINAL,NOMINAL,STALE,0,
1705093200.0,1786289146.6306028,1,1.0488,0.0547,,0.658,0.0251,0.266,NOMINAL,NOMINAL,STALE,0,
1705094100.0,1786289146.7554147,1,1.004,0.0543,,0.613,0.0249,0.251,NOMINAL,NOMINAL,STALE,0,
1705095000.0,1786289146.8803174,1,0.9541,0.0523,,0.566,0.0239,0.265,NOMINAL,NOMINAL,STALE,0,
1705095900.0,1786289147.0055208,1,1.0442,0.0552,,0.641,0.025,0.251,NOMINAL,NOMINAL,STALE,0,
1705096800.0,1786289147.130522,1,1.0462,0.056,,0.574,0.025,0.256,NOMINAL,NOMINAL,STALE,0,
1705097700.0,1786289147.2557123,1,1.0998,0.0551,,0.691,0.0301,0.27,NOMINAL,NOMINAL,STALE,0,
1705098600.0,1786289147.3804326,1,1.0641,0.0554,,0.537,0.0211,0.234,NOMINAL,NOMINAL,STALE,0,
1705099500.0,1786289147.5056252,1,1.1064,0.0553,,0.64,0.027,0.257,NOMINAL,NOMINAL,STALE,0,
1705100400.0,1786289147.63059,1,1.053,0.055,,0.633,0.0266,0.272,NOMINAL,NOMINAL,STALE,0,
1705101300.0,1786289147.7554696,1,1.0379,0.0545,,0.584,0.0259,0.26,NOMINAL,NOMINAL,STALE,0,
1705102200.0,1786289147.8804388,1,0.974,0.0514,,0.643,0.0244,0.245,NOMINAL,NOMINAL,STALE,0,
1705103100.0,1786289148.0055115,1,1.0144,0.0532,,0.643,0.0238,0.252,NOMINAL,NOMINAL,STALE,0,
1705104000.0,1786289148.1322348,1,1.0161,0.1703,0.5259,0.676,0.0313,0.294,NOMINAL,NOMINAL,NORMAL,0,
1705104900.0,1786289148.2559118,1,1.1444,0.1453,,0.721,0.0328,0.307,NOMINAL,NOMINAL,TRIGGERED,1,omni_p6
1705105800.0,1786289148.3808103,1,1.0669,0.1379,,0.679,0.032,0.364,NOMINAL,NOMINAL,NORMAL,0,
1705106700.0,1786289148.5056634,1,1.0679,0.1333,,0.645,0.0308,0.264,NOMINAL,NOMINAL,NORMAL,0,
1705107600.0,1786289148.630717,1,1.051,0.1342,,0.673,0.0296,0.27,NOMINAL,NOMINAL,NORMAL,0,
1705108500.0,1786289148.7557533,1,1.0271,0.1335,,0.639,0.0285,0.422,NOMINAL,NOMINAL,NORMAL,0,
1705109400.0,1786289148.8804262,1,0.9648,0.1286,,0.578,0.0268,0.244,NOMINAL,NOMINAL,NORMAL,0,
1705110300.0,1786289149.0055342,1,1.0002,0.1331,,0.617,0.0286,0.258,NOMINAL,NOMINAL,TRIGGERED,1,omni_p6
1705111200.0,1786289149.1315215,1,0.9945,0.1352,,0.605,0.0427,1.233,NOMINAL,PRE_ALERT,TRIGGERED,2,omni_p6
1705112100.0,1786289149.2570653,1,1.1002,0.1386,,0.691,0.0404,1.532,PRE_ALERT,NOMINAL,NORMAL,0,
1705113000.0,1786289149.3806798,1,1.09,0.1419,,0.576,0.0252,0.28,NOMINAL,NOMINAL,NORMAL,0,
1705113900.0,1786289149.505692,1,1.0642,0.1339,,0.667,0.0299,0.26,NOMINAL,NOMINAL,NORMAL,0,
1705114800.0,1786289149.6312506,1,1.191,0.1464,,0.81,0.0324,0.298,NOMINAL,NOMINAL,NORMAL,0,
1705115700.0,1786289149.756314,1,1.1904,0.1475,,0.847,0.0331,0.33,NOMINAL,NOMINAL,NORMAL,0,
1705116600.0,1786289149.8806577,1,1.0927,0.1382,,0.595,0.0265,0.251,NOMINAL,NOMINAL,TRIGGERED,1,omni_p6
1705117500.0,1786289150.0066123,1,1.0841,0.1365,,0.612,0.0716,1.22,NOMINAL,PRE_ALERT,TRIGGERED,2,omni_p6
1705118400.0,1786289150.1316242,1,1.1249,0.1411,,0.597,0.0414,1.115,PRE_ALERT,NOMINAL,NORMAL,0,
1705119300.0,1786289150.2559547,1,1.1217,0.1464,,0.819,0.0308,0.291,NOMINAL,NOMINAL,NORMAL,0,
1705120200.0,1786289150.380546,1,1.0889,0.1378,,0.534,0.0213,0.226,NOMINAL,NOMINAL,NORMAL,0,
1705121100.0,1786289150.5056715,1,1.0801,0.1357,,0.64,0.0292,0.266,NOMINAL,NOMINAL,NORMAL,0,
1705122000.0,1786289150.6307156,1,1.0535,0.1353,,0.711,0.0281,0.257,NOMINAL,NOMINAL,NORMAL,0,
1705122900.0,1786289150.7560606,1,1.2096,0.1488,,0.657,0.0303,0.275,NOMINAL,NOMINAL,NORMAL,0,
1705123800.0,1786289150.8805246,1,1.0984,0.136,,0.506,0.0206,0.216,NOMINAL,NOMINAL,NORMAL,0,
1705124700.0,1786289151.005644,1,1.1099,0.1369,,0.58,0.0271,0.252,NOMINAL,NOMINAL,NORMAL,0,
1705125600.0,1786289151.1306736,1,1.0742,0.1382,,0.586,0.0276,0.263,NOMINAL,NOMINAL,NORMAL,0,
1705126500.0,1786289151.2556043,1,1.081,0.1363,,0.574,0.0267,0.252,NOMINAL,NOMINAL,NORMAL,0,
1705127400.0,1786289151.380766,1,1.1155,0.138,,0.643,0.0296,0.268,NOMINAL,NOMINAL,NORMAL,0,
1705128300.0,1786289151.5057142,1,1.1108,0.1377,,0.62,0.0302,0.267,NOMINAL,NOMINAL,NORMAL,0,
1705129200.0,1786289151.630695,1,1.0746,0.141,,0.61,0.0287,0.271,NOMINAL,NOMINAL,NORMAL,0,
1705130100.0,1786289151.7555382,1,1.0663,0.1352,,0.543,0.0256,0.243,NOMINAL,NOMINAL,NORMAL,0,
1705131000.0,1786289151.8805263,1,1.041,0.1354,,0.579,0.0265,0.243,NOMINAL,NOMINAL,NORMAL,0,
1705131900.0,1786289152.00548,1,1.0342,0.1319,,0.568,0.024,0.237,NOMINAL,NOMINAL,NORMAL,0,
1705132800.0,1786289152.1305907,1,1.0612,0.1367,,0.568,0.0278,0.26,NOMINAL,NOMINAL,TRIGGERED,1,omni_p6
1705133700.0,1786289152.2554827,1,1.0586,0.1355,,0.526,0.0215,0.226,NOMINAL,NOMINAL,NORMAL,0,
1705134600.0,1786289152.3807526,1,1.092,0.1391,,0.659,0.029,0.268,NOMINAL,NOMINAL,NORMAL,0,
1705135500.0,1786289152.5056684,1,1.0805,0.1367,,0.615,0.0272,0.264,NOMINAL,NOMINAL,NORMAL,0,
1705136400.0,1786289152.6306689,1,1.0529,0.136,,0.61,0.0273,0.26,NOMINAL,NOMINAL,NORMAL,0,
1705137300.0,1786289152.755472,1,1.0159,0.1323,,0.545,0.0261,0.254,NOMINAL,NOMINAL,NORMAL,0,
1705138200.0,1786289152.8803527,1,0.9882,0.1302,,0.499,0.021,0.222,NOMINAL,NOMINAL,NORMAL,0,
1705139100.0,1786289153.0054724,1,1.0299,0.1331,,0.521,0.0238,0.266,NOMINAL,NOMINAL,TRIGGERED,1,omni_p6
1705140000.0,1786289153.1305516,1,0.9953,0.131,,0.584,0.0258,0.255,NOMINAL,NOMINAL,NORMAL,0,
1705140900.0,1786289153.2553825,1,0.9929,0.1336,,0.534,0.0239,0.237,NOMINAL,NOMINAL,NORMAL,0,
1705141800.0,1786289153.38068,1,1.0508,0.1378,,0.646,0.0268,0.267,NOMINAL,NOMINAL,NORMAL,0,
1705142700.0,1786289153.5056496,1,1.0715,0.132,,0.621,0.0277,0.258,NOMINAL,NOMINAL,NORMAL,0,
1705143600.0,1786289153.6306605,1,1.0483,0.1361,,0.609,0.0265,0.268,NOMINAL,NOMINAL,NORMAL,0,
1705144500.0,1786289153.7553456,1,1.0048,0.1367,,0.476,0.0206,0.212,NOMINAL,NOMINAL,TRIGGERED,1,omni_p6
1705145400.0,1786289153.881329,1,1.0114,0.1342,,0.491,0.0358,1.168,NOMINAL,PRE_ALERT,TRIGGERED,2,omni_p6
1705146300.0,1786289154.006479,1,1.095,0.1377,,0.543,0.0405,1.114,PRE_ALERT,NOMINAL,NORMAL,0,
1705147200.0,1786289154.130767,1,1.0923,0.1427,,0.615,0.0287,0.274,NOMINAL,NOMINAL,NORMAL,0,
1705148100.0,1786289154.2556229,1,1.0748,0.1383,,0.611,0.0257,0.249,NOMINAL,NOMINAL,NORMAL,0,
1705149000.0,1786289154.3808136,1,1.0804,0.1387,,0.688,0.0287,0.279,NOMINAL,NOMINAL,NORMAL,0,
1705149900.0,1786289154.5057003,1,1.1036,0.1404,,0.614,0.0286,0.263,NOMINAL,NOMINAL,NORMAL,0,
1705150800.0,1786289154.6314454,1,1.2076,0.153,,0.915,0.0348,0.303,NOMINAL,NOMINAL,TRIGGERED,1,omni_p6
1705151700.0,1786289154.757151,1,1.1916,0.1487,,0.772,0.0506,1.25,NOMINAL,PRE_ALERT,TRIGGERED,2,omni_p6
1705152600.0,1786289154.8815722,1,1.1503,0.1441,,0.566,0.0375,1.03,PRE_ALERT,NOMINAL,NORMAL,0,
1705153500.0,1786289155.0056946,1,1.1053,0.1393,,0.597,0.0293,0.26,NOMINAL,NOMINAL,NORMAL,0,
1705154400.0,1786289155.1306572,1,1.0751,0.1378,,0.584,0.0274,0.265,NOMINAL,NOMINAL,NORMAL,0,
1705155300.0,1786289155.2554326,1,1.012,0.1333,,0.533,0.0255,0.242,NOMINAL,NOMINAL,NORMAL,0,
1705156200.0,1786289155.380769,1,1.0526,0.1358,,0.701,0.0316,0.277,NOMINAL,NOMINAL,NORMAL,0,
1705157100.0,1786289155.5056486,1,1.0628,0.14,,0.623,0.0301,0.261,NOMINAL,NOMINAL,TRIGGERED,1,omni_p6
1705158000.0,1786289155.6306539,1,1.0564,0.1345,,0.613,0.0279,0.258,NOMINAL,NOMINAL,NORMAL,0,
1705158900.0,1786289155.75598,1,1.1801,0.1489,,0.615,0.0292,0.266,NOMINAL,NOMINAL,NORMAL,0,
1705159800.0,1786289155.8805668,1,1.097,0.1377,,0.528,0.02,0.214,NOMINAL,NOMINAL,NORMAL,0,
1705160700.0,1786289156.0055912,1,1.0611,0.1334,,0.589,0.0268,0.259,NOMINAL,NOMINAL,NORMAL,0,
1705161600.0,1786289156.1305926,1,1.0354,0.1354,,0.576,0.0284,0.263,NOMINAL,NOMINAL,NORMAL,0,
1705162500.0,1786289156.2555277,1,1.054,0.1355,,0.56,0.027,0.25,NOMINAL,NOMINAL,NORMAL,0,
1705163400.0,1786289156.380565,1,1.0196,0.133,,0.609,0.0286,0.26,NOMINAL,NOMINAL,NORMAL,0,
1705164300.0,1786289156.5058358,1,1.1207,0.1418,,0.685,0.0308,0.275,NOMINAL,NOMINAL,NORMAL,0,
1705165200.0,1786289156.6307995,1,1.1268,0.1413,,0.612,0.0301,0.268,NOMINAL,NOMINAL,NORMAL,0,
1705166100.0,1786289156.7554283,1,1.0843,0.1412,,0.472,0.02,0.202,NOMINAL,NOMINAL,NORMAL,0,
1705167000.0,1786289156.8803198,1,1.04,0.134,,0.463,0.0156,0.178,NOMINAL,NOMINAL,NORMAL,0,
1705167900.0,1786289157.0054183,1,1.053,0.1343,,0.511,0.0212,0.212,NOMINAL,NOMINAL,NORMAL,0,
1705168800.0,1786289157.1306996,1,1.0719,0.14,,0.61,0.0281,0.264,NOMINAL,NOMINAL,NORMAL,0,
1705169700.0,1786289157.255541,1,1.0603,0.1366,,0.569,0.0248,0.249,NOMINAL,NOMINAL,NORMAL,0,
1705170600.0,1786289157.3805435,1,1.0384,0.1334,,0.606,0.0256,0.248,NOMINAL,NOMINAL,NORMAL,0,
1705171500.0,1786289157.5059233,1,1.1048,0.1388,,0.794,0.03,0.307,NOMINAL,NOMINAL,NORMAL,0,
1705172400.0,1786289157.6308165,1,1.088,0.139,,0.673,0.0298,0.26,NOMINAL,NOMINAL,NORMAL,0,
1705173300.0,1786289157.755457,1,1.054,0.1361,,0.505,0.023,0.232,NOMINAL,NOMINAL,NORMAL,0,
1705174200.0,1786289157.8803928,1,1.002,0.1316,,0.537,0.0222,0.225,NOMINAL,NOMINAL,NORMAL,0,
1705175100.0,1786289158.0055158,1,1.0234,0.1312,,0.597,0.0236,0.243,NOMINAL,NOMINAL,NORMAL,0,
1705176000.0,1786289158.1305816,1,1.0474,0.1343,,0.562,0.0249,0.238,NOMINAL,NOMINAL,NORMAL,0,
1705176900.0,1786289158.2554388,1,1.0578,0.1348,,0.483,0.019,0.237,NOMINAL,NOMINAL,NORMAL,0,
1705177800.0,1786289158.380578,1,1.0116,0.1372,,0.642,0.026,0.248,NOMINAL,NOMINAL,TRIGGERED,1,omni_p6
1705178700.0,1786289158.505759,1,1.0653,0.1366,,0.707,0.026,0.249,NOMINAL,NOMINAL,NORMAL,0,
1705179600.0,1786289158.6308475,1,1.0764,0.1404,,0.718,0.0295,0.272,NOMINAL,NOMINAL,NORMAL,0,
1705180500.0,1786289158.755515,1,1.0113,0.1359,,0.586,0.0256,0.253,NOMINAL,NOMINAL,NORMAL,0,
1705181400.0,1786289158.8803399,1,1.0148,0.1317,,0.5,0.0171,0.201,NOMINAL,NOMINAL,NORMAL,0,
1705182300.0,1786289159.0055299,1,1.0211,0.1335,,0.588,0.0261,0.27,NOMINAL,NOMINAL,NORMAL,0,
1705183200.0,1786289159.1305773,1,1.0085,0.1338,,0.623,0.025,0.247,NOMINAL,NOMINAL,NORMAL,0,
1705184100.0,1786289159.2553625,1,1.016,0.1354,,0.488,0.0216,0.223,NOMINAL,NOMINAL,TRIGGERED,1,omni_p6
1705185000.0,1786289159.3804228,1,0.9891,0.1309,,0.567,0.0243,0.241,NOMINAL,NOMINAL,NORMAL,0,
1705185900.0,1786289159.5056696,1,1.0422,0.1341,,0.673,0.0271,0.26,NOMINAL,NOMINAL,NORMAL,0,
1705186800.0,1786289159.6314182,1,1.1681,0.1468,,0.804,0.0321,0.497,NOMINAL,NOMINAL,NORMAL,0,
1705187700.0,1786289159.7561922,1,1.1988,0.1449,,0.793,0.0338,0.311,NOMINAL,NOMINAL,NORMAL,0,
1705188600.0,1786289159.8805785,1,1.0929,0.1373,,0.535,0.0263,0.228,NOMINAL,NOMINAL,NORMAL,0,
1705189500.0,1786289160.006038,1,1.1269,0.1474,,0.858,0.0342,0.297,NOMINAL,NOMINAL,TRIGGERED,1,omni_p6
1705190400.0,1786289160.1324835,1,1.0997,0.1352,0.5362,0.691,0.0502,1.307,NOMINAL,PRE_ALERT,TRIGGERED,2,omni_p6
1705191300.0,1786289160.2565415,1,1.1272,0.1398,,0.562,0.0408,1.11,PRE_ALERT,NOMINAL,NORMAL,0,
1705192200.0,1786289160.3806636,1,1.0939,0.1385,,0.614,0.026,0.255,NOMINAL,NOMINAL,NORMAL,0,
1705193100.0,1786289160.5058458,1,1.1597,0.1432,,0.664,0.0286,0.267,NOMINAL,NOMINAL,NORMAL,0,
1705194000.0,1786289160.6308963,1,1.1117,0.1405,,0.715,0.0294,0.262,NOMINAL,NOMINAL,NORMAL,0,
1705194900.0,1786289160.7558217,1,1.173,0.145,,0.551,0.026,0.235,NOMINAL,NOMINAL,NORMAL,0,
1705195800.0,1786289160.8806424,1,1.1108,0.1401,,0.559,0.025,0.248,NOMINAL,NOMINAL,TRIGGERED,1,omni_p6
1705196700.0,1786289161.006569,1,1.1002,0.1342,,0.606,0.0433,1.19,NOMINAL,PRE_ALERT,TRIGGERED,2,omni_p6
1705197600.0,1786289161.1316752,1,1.1347,0.1449,,0.604,0.0427,1.124,PRE_ALERT,NOMINAL,NORMAL,0,
1705198500.0,1786289161.2556329,1,1.098,0.1379,,0.579,0.0261,0.25,NOMINAL,NOMINAL,NORMAL,0,
1705199400.0,1786289161.3805335,1,1.0439,0.1355,,0.594,0.0268,0.247,NOMINAL,NOMINAL,NORMAL,0,
1705200300.0,1786289161.5055015,1,1.0514,0.1319,,0.557,0.0256,0.237,NOMINAL,NOMINAL,NORMAL,0,
1705201200.0,1786289161.6308703,1,1.084,0.1372,,0.719,0.0315,0.276,NOMINAL,NOMINAL,NORMAL,0,
1705202100.0,1786289161.755483,1,1.0053,0.1344,,0.58,0.0276,0.25,NOMINAL,NOMINAL,TRIGGERED,1,omni_p6
1705203000.0,1786289161.8804672,1,0.9776,0.1333,,0.597,0.0272,0.247,NOMINAL,NOMINAL,NORMAL,0,
1705203900.0,1786289162.00562,1,1.0395,0.1337,,0.612,0.0274,0.282,NOMINAL,NOMINAL,NORMAL,0,
1705204800.0,1786289162.1306255,1,0.9926,0.1332,,0.587,0.0274,0.355,NOMINAL,NOMINAL,NORMAL,0,
1705205700.0,1786289162.2554784,1,1.009,0.1317,,0.592,0.0276,0.246,NOMINAL,NOMINAL,NORMAL,0,
1705206600.0,1786289162.3805437,1,1.0033,0.1333,,0.625,0.0271,0.248,NOMINAL,NOMINAL,NORMAL,0,
1705207500.0,1786289162.5054352,1,1.0037,0.1341,,0.55,0.0246,0.241,NOMINAL,NOMINAL,NORMAL,0,
1705208400.0,1786289162.6309834,1,1.1162,0.1413,,0.736,0.0308,0.292,NOMINAL,NOMINAL,NORMAL,0,
1705209300.0,1786289162.7556345,1,1.0553,0.1337,,0.621,0.0288,0.265,NOMINAL,NOMINAL,NORMAL,0,
1705210200.0,1786289162.8805282,1,1.0093,0.1341,,0.613,0.0252,0.24,NOMINAL,NOMINAL,NORMAL,0,
1705211100.0,1786289163.0057178,1,1.1938,0.1305,,0.597,0.0274,0.25,NOMINAL,NOMINAL,NORMAL,0,
1705212000.0,1786289163.1307228,1,1.0541,0.1402,,0.637,0.0391,0.282,NOMINAL,NOMINAL,NORMAL,0,
1705212900.0,1786289163.2555807,1,1.06,0.1348,,0.612,0.0284,0.253,NOMINAL,NOMINAL,NORMAL,0,
1705213800.0,1786289163.380643,1,1.0376,0.1377,,0.655,0.0284,0.253,NOMINAL,NOMINAL,NORMAL,0,
1705214700.0,1786289163.5055106,1,1.0358,0.1328,,0.563,0.0283,0.249,NOMINAL,NOMINAL,NORMAL,0,
1705215600.0,1786289163.631072,1,1.1343,0.1429,,0.773,0.0329,0.298,NOMINAL,NOMINAL,NORMAL,0,
1705216500.0,1786289163.7556252,1,1.0747,0.1356,,0.594,0.0255,0.242,NOMINAL,NOMINAL,NORMAL,0,
1705217400.0,1786289163.8805559,1,0.9986,0.1314,,0.643,0.0271,0.251,NOMINAL,NOMINAL,NORMAL,0,
1705218300.0,1786289164.005542,1,1.01,0.1307,,0.62,0.0272,0.257,NOMINAL,NOMINAL,TRIGGERED,1,omni_p6
1705219200.0,1786289164.1305394,1,1.0012,0.1313,,0.593,0.0273,0.252,NOMINAL,NOMINAL,NORMAL,0,
1705220100.0,1786289164.2554598,1,0.9865,0.1317,,0.606,0.0263,0.25,NOMINAL,NOMINAL,NORMAL,0,
1705221000.0,1786289164.3805604,1,0.9975,0.1311,,0.641,0.0269,0.257,NOMINAL,NOMINAL,NORMAL,0,
1705221900.0,1786289164.5054543,1,1.0033,0.1285,,0.569,0.0258,0.25,NOMINAL,NOMINAL,NORMAL,0,
1705222800.0,1786289164.631389,1,1.1841,0.145,,0.891,0.0329,0.309,NOMINAL,NOMINAL,NORMAL,0,
1705223700.0,1786289164.7562442,1,1.1917,0.1491,,0.818,0.0339,0.318,NOMINAL,NOMINAL,TRIGGERED,1,omni_p6
1705224600.0,1786289164.8820727,1,1.0988,0.1404,,0.699,0.047,1.533,NOMINAL,PRE_ALERT,TRIGGERED,2,omni_p6
1705225500.0,1786289165.0067325,1,1.1411,0.1403,,0.652,0.0479,1.19,PRE_ALERT,NOMINAL,NORMAL,0,
1705226400.0,1786289165.130738,1,1.092,0.1377,,0.622,0.028,0.273,NOMINAL,NOMINAL,NORMAL,0,
1705227300.0,1786289165.2556355,1,1.0611,0.134,,0.637,0.0291,0.269,NOMINAL,NOMINAL,NORMAL,0,
1705228200.0,1786289165.3806224,1,1.0497,0.1391,,0.624,0.0271,0.25,NOMINAL,NOMINAL,NORMAL,0,
1705229100.0,1786289165.5056417,1,1.0988,0.1387,,0.633,0.0284,0.267,NOMINAL,NOMINAL,NORMAL,0,
1705230000.0,1786289165.6310046,1,1.1077,0.1399,,0.749,0.0315,0.296,NOMINAL,NOMINAL,TRIGGERED,1,omni_p6
1705230900.0,1786289165.7572808,1,1.163,0.1465,,0.644,0.0482,1.603,NOMINAL,PRE_ALERT,TRIGGERED,2,omni_p6
1705231800.0,1786289165.8816996,1,1.138,0.1405,,0.655,0.0467,1.141,PRE_ALERT,NOMINAL,NORMAL,0,
1705232700.0,1786289166.0057502,1,1.1191,0.1392,,0.659,0.0276,0.263,NOMINAL,NOMINAL,NORMAL,0,
1705233600.0,1786289166.1307576,1,1.1107,0.1395,,0.632,0.0292,0.279,NOMINAL,NOMINAL,NORMAL,0,
1705234500.0,1786289166.2557244,1,1.0615,0.1383,,0.637,0.03,0.258,NOMINAL,NOMINAL,NORMAL,0,
1705235400.0,1786289166.380651,1,1.053,0.1368,,0.666,0.0276,0.266,NOMINAL,NOMINAL,NORMAL,0,
1705236300.0,1786289166.505694,1,1.0779,0.1405,,0.593,0.0263,0.329,NOMINAL,NOMINAL,TRIGGERED,1,omni_p6
1705237200.0,1786289166.632454,1,1.0908,0.1404,,0.753,0.0498,1.816,NOMINAL,PRE_ALERT,TRIGGERED,2,omni_p6
1705238100.0,1786289166.7567794,1,1.1381,0.142,,0.666,0.0468,1.166,PRE_ALERT,NOMINAL,NORMAL,0,
1705239000.0,1786289166.8806655,1,1.0756,0.1344,,0.661,0.028,0.252,NOMINAL,NOMINAL,NORMAL,0,
1705239900.0,1786289167.0056107,1,1.0568,0.1336,,0.65,0.0277,0.247,NOMINAL,NOMINAL,NORMAL,0,
1705240800.0,1786289167.130531,1,1.0131,0.1344,,0.577,0.027,0.255,NOMINAL,NOMINAL,NORMAL,0,
1705241700.0,1786289167.2555957,1,1.0131,0.1361,,0.678,0.028,0.255,NOMINAL,NOMINAL,TRIGGERED,1,omni_p6
1705242600.0,1786289167.381952,1,1.0435,0.1379,,0.696,0.0462,1.556,NOMINAL,PRE_ALERT,TRIGGERED,2,omni_p6
1705243500.0,1786289167.5064874,1,1.1095,0.1387,,0.587,0.042,1.067,PRE_ALERT,NOMINAL,NORMAL,0,
1705244400.0,1786289167.630839,1,1.0675,0.1376,,0.707,0.0288,0.312,NOMINAL,NOMINAL,NORMAL,0,
1705245300.0,1786289167.7556884,1,1.0811,0.1393,,0.608,0.0284,0.272,NOMINAL,NOMINAL,NORMAL,0,
1705246200.0,1786289167.88067,1,1.0533,0.136,,0.68,0.0288,0.264,NOMINAL,NOMINAL,NORMAL,0,
1705247100.0,1786289168.0056212,1,1.0596,0.1361,,0.645,0.0271,0.244,NOMINAL,NOMINAL,NORMAL,0,
1705248000.0,1786289168.130913,1,1.1413,0.1473,,0.631,0.0277,0.269,NOMINAL,NOMINAL,TRIGGERED,1,omni_p6
1705248900.0,1786289168.2555861,1,1.0321,0.1391,,0.63,0.0283,0.252,NOMINAL,NOMINAL,NORMAL,0,
1705249800.0,1786289168.38068,1,1.0319,0.1375,,0.699,0.0285,0.262,NOMINAL,NOMINAL,NORMAL,0,
1705250700.0,1786289168.5055017,1,1.0107,0.1341,,0.6,0.0257,0.249,NOMINAL,NOMINAL,NORMAL,0,
1705251600.0,1786289168.630688,1,1.0246,0.1373,,0.674,0.0297,0.263,NOMINAL,NOMINAL,NORMAL,0,
1705252500.0,1786289168.7557673,1,1.0686,0.1365,,0.691,0.0315,0.303,NOMINAL,NOMINAL,NORMAL,0,
1705253400.0,1786289168.8806121,1,1.0377,0.1364,,0.65,0.0273,0.266,NOMINAL,NOMINAL,NORMAL,0,
1705254300.0,1786289169.005712,1,1.0379,0.1347,,0.713,0.0288,0.286,NOMINAL,NOMINAL,NORMAL,0,
1705255200.0,1786289169.1306288,1,1.0389,0.1365,,0.614,0.0281,0.267,NOMINAL,NOMINAL,NORMAL,0,
1705256100.0,1786289169.255561,1,1.0177,0.1348,,0.639,0.0273,0.256,NOMINAL,NOMINAL,NORMAL,0,
1705257000.0,1786289169.3805757,1,0.9925,0.1312,,0.688,0.0277,0.252,NOMINAL,NOMINAL,NORMAL,0,
1705257900.0,1786289169.505569,1,1.0436,0.1348,,0.592,0.0262,0.252,NOMINAL,NOMINAL,NORMAL,0,
1705258800.0,1786289169.6312437,1,1.1466,0.1423,,0.835,0.0338,0.302,NOMINAL,NOMINAL,NORMAL,0,
1705259700.0,1786289169.756231,1,1.1631,0.1463,,0.859,0.0338,0.322,NOMINAL,NOMINAL,NORMAL,0,
1705260600.0,1786289169.880849,1,1.0828,0.1392,,0.766,0.0324,0.289,NOMINAL,NOMINAL,NORMAL,0,
1705261500.0,1786289170.0056891,1,1.0954,0.1356,,0.668,0.0292,0.271,NOMINAL,NOMINAL,NORMAL,0,
1705262400.0,1786289170.1310587,1,1.1523,0.1496,,0.706,0.0318,0.295,NOMINAL,NOMINAL,NORMAL,0,
1705263300.0,1786289170.2559698,1,1.1407,0.1451,,0.722,0.0301,0.305,NOMINAL,NOMINAL,TRIGGERED,1,omni_p6
1705264200.0,1786289170.380753,1,1.0758,0.1386,,0.713,0.0295,0.273,NOMINAL,NOMINAL,NORMAL,0,
1705265100.0,1786289170.5058384,1,1.0313,0.1319,,0.649,0.2711,0.539,NOMINAL,NOMINAL,NORMAL,0,
1705266000.0,1786289170.6306734,1,1.0218,0.1344,,0.685,0.0297,0.267,NOMINAL,NOMINAL,NORMAL,0,
1705266900.0,1786289170.756568,1,1.1758,0.1464,,1.185,0.0333,0.31,NOMINAL,NOMINAL,NORMAL,0,
1705267800.0,1786289170.88077,1,1.0831,0.138,,0.698,0.0288,0.265,NOMINAL,NOMINAL,NORMAL,0,
1705268700.0,1786289171.0056684,1,1.0774,0.1387,,0.638,0.0284,0.259,NOMINAL,NOMINAL,TRIGGERED,1,omni_p6
1705269600.0,1786289171.1315575,1,1.0507,0.1409,,0.592,0.046,1.211,NOMINAL,PRE_ALERT,TRIGGERED,2,omni_p6
1705270500.0,1786289171.2566447,1,1.0971,0.1378,,0.659,0.045,1.172,PRE_ALERT,NOMINAL,NORMAL,0,
1705271400.0,1786289171.3806553,1,1.0442,0.1349,,0.676,0.0289,0.262,NOMINAL,NOMINAL,NORMAL,0,
1705272300.0,1786289171.5055158,1,1.0361,0.1341,,0.608,0.0273,0.257,NOMINAL,NOMINAL,NORMAL,0,
1705273200.0,1786289171.6306663,1,1.0388,0.1378,,0.648,0.0288,0.253,NOMINAL,NOMINAL,NORMAL,0,
1705274100.0,1786289171.7555487,1,1.0119,0.1339,,0.647,0.0281,0.257,NOMINAL,NOMINAL,NORMAL,0,
1705275000.0,1786289171.8806465,1,1.0391,0.1377,,0.685,0.0287,0.262,NOMINAL,NOMINAL,TRIGGERED,1,omni_p6
1705275900.0,1786289172.006805,1,1.031,0.1376,,0.644,0.0479,1.512,NOMINAL,PRE_ALERT,TRIGGERED,2,omni_p6
1705276800.0,1786289172.1323462,1,1.1003,0.1336,0.5402,0.618,0.0479,1.247,PRE_ALERT,NOMINAL,NORMAL,0,
1705277700.0,1786289172.2556958,1,1.0857,0.1387,,0.648,0.0284,0.258,NOMINAL,NOMINAL,NORMAL,0,
1705278600.0,1786289172.3809838,1,1.0646,0.1332,,0.684,0.03,0.56,NOMINAL,NOMINAL,NORMAL,0,
1705279500.0,1786289172.5055804,1,1.0529,0.1327,,0.603,0.0271,0.247,NOMINAL,NOMINAL,NORMAL,0,
1705280400.0,1786289172.6308663,1,1.0777,0.1352,,0.697,0.0296,0.328,NOMINAL,NOMINAL,TRIGGERED,1,omni_p6
1705281300.0,1786289172.7566803,1,1.0552,0.1374,,0.656,0.0452,1.284,NOMINAL,PRE_ALERT,TRIGGERED,2,omni_p6
1705282200.0,1786289172.8818104,1,1.1162,0.139,,0.697,0.0466,1.222,PRE_ALERT,NOMINAL,NORMAL,0,
1705283100.0,1786289173.005676,1,1.0806,0.1361,,0.636,0.0275,0.252,NOMINAL,NOMINAL,NORMAL,0,
1705284000.0,1786289173.130587,1,1.0352,0.1354,,0.585,0.0275,0.258,NOMINAL,NOMINAL,NORMAL,0,
1705284900.0,1786289173.2555351,1,1.0278,0.1314,,0.614,0.0283,0.249,NOMINAL,NOMINAL,NORMAL,0,
1705285800.0,1786289173.3805444,1,1.0193,0.1335,,0.643,0.0263,0.249,NOMINAL,NOMINAL,NORMAL,0,
1705286700.0,1786289173.5054832,1,1.0165,0.133,,0.593,0.0243,0.242,NOMINAL,NOMINAL,TRIGGERED,1,omni_p6
1705287600.0,1786289173.6319199,1,1.0098,0.1354,,0.663,0.0459,1.542,NOMINAL,PRE_ALERT,TRIGGERED,2,omni_p6
1705288500.0,1786289173.7568696,1,1.1061,0.1413,,0.656,0.0472,1.36,PRE_ALERT,NOMINAL,NORMAL,0,
1705289400.0,1786289173.8807678,1,1.108,0.1377,,0.665,0.0278,0.263,NOMINAL,NOMINAL,NORMAL,0,
1705290300.0,1786289174.0056794,1,1.1194,0.1398,,0.595,0.0294,0.252,NOMINAL,NOMINAL,NORMAL,0,
1705291200.0,1786289174.1305556,1,1.0382,0.1379,,0.566,0.0274,0.257,NOMINAL,NOMINAL,NORMAL,0,
1705292100.0,1786289174.2554924,1,1.0129,0.1325,,0.607,0.0262,0.244,NOMINAL,NOMINAL,NORMAL,0,
1705293000.0,1786289174.3805406,1,1.0051,0.1341,,0.65,0.0269,0.252,NOMINAL,NOMINAL,NORMAL,0,
1705293900.0,1786289174.50555,1,1.0606,0.1315,,0.614,0.0262,0.245,NOMINAL,NOMINAL,NORMAL,0,
1705294800.0,1786289174.6316166,1,1.1629,0.1442,,0.842,0.0324,0.637,NOMINAL,NOMINAL,NORMAL,0,
1705295700.0,1786289174.7562616,1,1.1925,0.1472,,0.821,0.0329,0.317,NOMINAL,NOMINAL,NORMAL,0,
1705296600.0,1786289174.8809705,1,1.1377,0.1406,,0.741,0.03,0.286,NOMINAL,NOMINAL,NORMAL,0,
1705297500.0,1786289175.0057433,1,1.1017,0.1373,,0.66,0.0289,0.26,NOMINAL,NOMINAL,NORMAL,0,
1705298400.0,1786289175.1307309,1,1.053,0.1374,,0.667,0.0298,0.297,NOMINAL,NOMINAL,NORMAL,0,
1705299300.0,1786289175.255612,1,1.0457,0.1323,,0.649,0.0294,0.253,NOMINAL,NOMINAL,NORMAL,0,
1705300200.0,1786289175.3806524,1,1.0406,0.1342,,0.666,0.028,0.256,NOMINAL,NOMINAL,NORMAL,0,
1705301100.0,1786289175.505553,1,1.0432,0.1333,,0.58,0.0285,0.249,NOMINAL,NOMINAL,NORMAL,0,
1705302000.0,1786289175.6307228,1,1.0349,0.1331,,0.676,0.0305,0.272,NOMINAL,NOMINAL,NORMAL,0,
1705302900.0,1786289175.7562299,1,1.1651,0.1457,,0.811,0.0324,0.341,NOMINAL,NOMINAL,NORMAL,0,
1705303800.0,1786289175.880875,1,1.1416,0.1428,,0.665,0.0291,0.27,NOMINAL,NOMINAL,NORMAL,0,
1705304700.0,1786289176.005675,1,1.0619,0.1347,,0.637,0.0277,0.26,NOMINAL,NOMINAL,NORMAL,0,
1705305600.0,1786289176.130617,1,1.0225,0.1378,,0.62,0.0273,0.263,NOMINAL,NOMINAL,NORMAL,0,
1705306500.0,1786289176.2555237,1,1.0047,0.1332,,0.63,0.0266,0.253,NOMINAL,NOMINAL,NORMAL,0,
1705307400.0,1786289176.3806236,1,1.0144,0.133,,0.669,0.0284,0.264,NOMINAL,NOMINAL,NORMAL,0,
1705308300.0,1786289176.5054986,1,0.9964,0.1309,,0.592,0.0248,0.256,NOMINAL,NOMINAL,NORMAL,0,
1705309200.0,1786289176.6306586,1,0.9935,0.1369,,0.684,0.0277,0.264,NOMINAL,NOMINAL,TRIGGERED,1,omni_p6
1705310100.0,1786289176.7555156,1,0.9806,0.1344,,0.639,0.0267,0.261,NOMINAL,NOMINAL,NORMAL,0,
1705311000.0,1786289176.8806865,1,1.0175,0.1359,,0.729,0.0271,0.264,NOMINAL,NOMINAL,NORMAL,0,
1705311900.0,1786289177.0055974,1,1.0424,0.1353,,0.625,0.0269,0.262,NOMINAL,NOMINAL,NORMAL,0,
1705312800.0,1786289177.1305242,1,0.984,0.1332,,0.606,0.0271,0.266,NOMINAL,NOMINAL,NORMAL,0,
1705313700.0,1786289177.2554615,1,0.9688,0.1325,,0.626,0.0272,0.254,NOMINAL,NOMINAL,NORMAL,0,
1705314600.0,1786289177.3805435,1,0.9827,0.1322,,0.655,0.0273,0.258,NOMINAL,NOMINAL,NORMAL,0,
1705315500.0,1786289177.5055108,1,0.9998,0.1358,,0.623,0.0257,0.252,NOMINAL,NOMINAL,TRIGGERED,1,omni_p6
1705316400.0,1786289177.630654,1,0.9824,0.1361,,0.686,0.029,0.269,NOMINAL,NOMINAL,NORMAL,0,
1705317300.0,1786289177.7555263,1,0.9966,0.134,,0.627,0.0296,0.262,NOMINAL,NOMINAL,NORMAL,0,
1705318200.0,1786289177.880586,1,1.0014,0.1365,,0.659,0.0274,0.256,NOMINAL,NOMINAL,NORMAL,0,
1705319100.0,1786289178.005652,1,1.0498,0.1369,,0.633,0.0297,0.263,NOMINAL,NOMINAL,NORMAL,0,
1705320000.0,1786289178.1306467,1,1.0118,0.1359,,0.656,0.028,0.272,NOMINAL,NOMINAL,NORMAL,0,
1705320900.0,1786289178.2555628,1,1.018,0.1321,,0.639,0.0276,0.253,NOMINAL,NOMINAL,TRIGGERED,1,omni_p6
1705321800.0,1786289178.3819141,1,0.9852,0.1326,,0.654,0.0453,1.608,NOMINAL,PRE_ALERT,TRIGGERED,2,omni_p6
1705322700.0,1786289178.506716,1,1.1329,0.1419,,0.643,0.0481,1.181,PRE_ALERT,NOMINAL,NORMAL,0,
1705323600.0,1786289178.6309235,1,1.0936,0.1393,,0.715,0.058,0.327,NOMINAL,NOMINAL,NORMAL,0,
1705324500.0,1786289178.75567,1,1.0494,0.1348,,0.672,0.03,0.272,NOMINAL,NOMINAL,NORMAL,0,
1705325400.0,1786289178.880572,1,1.0185,0.1332,,0.648,0.0277,0.263,NOMINAL,NOMINAL,NORMAL,0,
1705326300.0,1786289179.0056102,1,1.0992,0.1344,,0.593,0.0277,0.263,NOMINAL,NOMINAL,NORMAL,0,
1705327200.0,1786289179.1305544,1,1.0375,0.1367,,0.558,0.0269,0.265,NOMINAL,NOMINAL,TRIGGERED,1,omni_p6
1705328100.0,1786289179.256903,1,1.0245,0.136,,0.629,0.0471,1.607,NOMINAL,PRE_ALERT,TRIGGERED,2,omni_p6
1705329000.0,1786289179.3814516,1,1.0585,0.1335,,0.597,0.0441,1.095,PRE_ALERT,NOMINAL,NORMAL,0,
1705329900.0,1786289179.505652,1,1.0518,0.1367,,0.656,0.0297,0.267,NOMINAL,NOMINAL,NORMAL,0,
1705330800.0,1786289179.6312108,1,1.1455,0.1477,,0.839,0.0342,0.304,NOMINAL,NOMINAL,NORMAL,0,
1705331700.0,1786289179.7563622,1,1.1641,0.1436,,0.942,0.0886,0.37,NOMINAL,NOMINAL,NORMAL,0,
1705332600.0,1786289179.88082,1,1.0983,0.1421,,0.699,0.033,0.288,NOMINAL,NOMINAL,NORMAL,0,
1705333500.0,1786289180.0059016,1,1.1508,0.1423,,0.683,0.0311,0.28,NOMINAL,NOMINAL,TRIGGERED,1,omni_p6
1705334400.0,1786289180.130725,1,1.0866,0.1391,,0.612,0.0302,0.277,NOMINAL,NOMINAL,NORMAL,0,
1705335300.0,1786289180.2556095,1,1.0437,0.1325,,0.651,0.0308,0.272,NOMINAL,NOMINAL,NORMAL,0,
1705336200.0,1786289180.3807204,1,1.0256,0.1331,,0.799,0.0299,0.256,NOMINAL,NOMINAL,NORMAL,0,
1705337100.0,1786289180.5055654,1,1.0165,0.1344,,0.654,0.0285,0.27,NOMINAL,NOMINAL,NORMAL,0,
1705338000.0,1786289180.630638,1,1.0052,0.1322,,0.681,0.0285,0.264,NOMINAL,NOMINAL,NORMAL,0,
1705338900.0,1786289180.7567995,1,1.1586,0.1463,,1.002,0.4283,0.763,NOMINAL,NOMINAL,NORMAL,0,
1705339800.0,1786289180.880752,1,1.0641,0.1385,,0.709,0.0308,0.272,NOMINAL,NOMINAL,NORMAL,0,
1705340700.0,1786289181.0057735,1,1.0997,0.1394,,0.658,0.029,0.266,NOMINAL,NOMINAL,NORMAL,0,
1705341600.0,1786289181.1305916,1,1.0431,0.1357,,0.576,0.0267,0.276,NOMINAL,NOMINAL,NORMAL,0,
1705342500.0,1786289181.2555716,1,1.0361,0.135,,0.624,0.029,0.253,NOMINAL,NOMINAL,NORMAL,0,
1705343400.0,1786289181.3804777,1,1.0137,0.1353,,0.581,0.0237,0.242,NOMINAL,NOMINAL,NORMAL,0,
1705344300.0,1786289181.505631,1,1.066,0.1377,,0.62,0.0276,0.253,NOMINAL,NOMINAL,NORMAL,0,
1705345200.0,1786289181.6307492,1,1.0437,0.1335,,0.638,0.0281,0.297,NOMINAL,NOMINAL,NORMAL,0,
1705346100.0,1786289181.7555192,1,1.0221,0.1345,,0.594,0.0284,0.259,NOMINAL,NOMINAL,NORMAL,0,
1705347000.0,1786289181.8804266,1,0.9911,0.1314,,0.558,0.0271,0.243,NOMINAL,NOMINAL,NORMAL,0,
1705347900.0,1786289182.0055053,1,1.054,0.1337,,0.529,0.0238,0.229,NOMINAL,NOMINAL,NORMAL,0,
1705348800.0,1786289182.1305802,1,1.0058,0.134,,0.541,0.025,0.344,NOMINAL,NOMINAL,NORMAL,0,
1705349700.0,1786289182.2554805,1,1.0096,0.1378,,0.586,0.0279,0.25,NOMINAL,NOMINAL,NORMAL,0,
1705350600.0,1786289182.380387,1,0.9862,0.1352,,0.542,0.0253,0.243,NOMINAL,NOMINAL,NORMAL,0,
1705351500.0,1786289182.505611,1,1.036,0.1359,,0.578,0.0254,0.346,NOMINAL,NOMINAL,NORMAL,0,
1705352400.0,1786289182.6306102,1,1.0091,0.1337,,0.545,0.0266,0.355,NOMINAL,NOMINAL,NORMAL,0,
1705353300.0,1786289182.7555046,1,1.004,0.1321,,0.61,0.0274,0.255,NOMINAL,NOMINAL,NORMAL,0,
1705354200.0,1786289182.8804967,1,0.9919,0.1362,,0.617,0.0281,0.255,NOMINAL,NOMINAL,TRIGGERED,1,omni_p6
1705355100.0,1786289183.0059896,1,1.1578,0.1421,,0.65,0.0308,0.268,NOMINAL,NOMINAL,NORMAL,0,
1705356000.0,1786289183.1308749,1,1.1174,0.1386,,0.579,0.0279,0.38,NOMINAL,NOMINAL,NORMAL,0,
1705356900.0,1786289183.255601,1,1.0652,0.1343,,0.593,0.0291,0.253,NOMINAL,NOMINAL,NORMAL,0,
1705357800.0,1786289183.3803654,1,1.0076,0.1332,,0.501,0.0227,0.214,NOMINAL,NOMINAL,NORMAL,0,
1705358700.0,1786289183.5056748,1,1.0943,0.1341,,0.571,0.0268,0.344,NOMINAL,NOMINAL,NORMAL,0,
1705359600.0,1786289183.6306002,1,1.0042,0.1336,,0.538,0.0253,0.364,NOMINAL,NOMINAL,TRIGGERED,1,omni_p6
1705360500.0,1786289183.7568855,1,1.0181,0.1361,,0.609,0.0471,1.621,NOMINAL,PRE_ALERT,TRIGGERED,2,omni_p6
1705361400.0,1786289183.8817186,1,1.0681,0.1366,,0.668,0.0476,1.299,PRE_ALERT,NOMINAL,NORMAL,0,
1705362300.0,1786289184.00551,1,1.0674,0.1381,,0.529,0.0259,0.257,NOMINAL,NOMINAL,NORMAL,0,
1705363200.0,1786289184.131437,1,1.0684,0.1317,0.5629,0.588,0.0284,0.397,NOMINAL,NOMINAL,NORMAL,0,
1705364100.0,1786289184.255908,1,1.0917,0.1408,,0.643,0.0311,0.432,NOMINAL,NOMINAL,NORMAL,0,
1705365000.0,1786289184.3804402,1,1.0104,0.134,,0.555,0.0246,0.241,NOMINAL,NOMINAL,NORMAL,0,
1705365900.0,1786289184.505469,1,1.0476,0.1387,,0.531,0.0232,0.221,NOMINAL,NOMINAL,TRIGGERED,1,omni_p6
1705366800.0,1786289184.6319783,1,1.1641,0.149,,0.638,0.0484,1.231,NOMINAL,PRE_ALERT,TRIGGERED,2,omni_p6
1705367700.0,1786289184.7571747,1,1.1868,0.147,,0.742,0.1658,1.376,PRE_ALERT,NOMINAL,NORMAL,0,
1705368600.0,1786289184.8809237,1,1.1095,0.1411,,0.674,0.0304,0.397,NOMINAL,NOMINAL,NORMAL,0,
1705369500.0,1786289185.0056322,1,1.0725,0.1379,,0.511,0.0279,0.365,NOMINAL,NOMINAL,NORMAL,0,
1705370400.0,1786289185.1308544,1,1.0923,0.1515,,0.593,0.0293,0.373,NOMINAL,NOMINAL,NORMAL,0,
1705371300.0,1786289185.2555666,1,1.0496,0.1397,,0.591,0.0285,0.256,NOMINAL,NOMINAL,NORMAL,0,
1705372200.0,1786289185.3804836,1,1.0064,0.1377,,0.589,0.0278,0.251,NOMINAL,NOMINAL,TRIGGERED,1,omni_p6
1705373100.0,1786289185.5067708,1,1.0424,0.1398,,0.574,0.045,1.488,NOMINAL,PRE_ALERT,TRIGGERED,2,omni_p6
1705374000.0,1786289185.6317055,1,1.0612,0.14,,0.63,0.1537,1.285,PRE_ALERT,NOMINAL,NORMAL,0,
1705374900.0,1786289185.75615,1,1.1868,0.1514,,0.726,0.0326,0.312,NOMINAL,NOMINAL,NORMAL,0,
1705375800.0,1786289185.8809218,1,1.1017,0.1418,,0.682,0.03,0.391,NOMINAL,NOMINAL,NORMAL,0,
1705376700.0,1786289186.0057154,1,1.1134,0.1389,,0.521,0.0264,0.362,NOMINAL,NOMINAL,NORMAL,0,
1705377600.0,1786289186.1307402,1,1.0931,0.1409,,0.591,0.029,0.257,NOMINAL,NOMINAL,NORMAL,0,
1705378500.0,1786289186.25554,1,1.0337,0.1384,,0.587,0.0275,0.252,NOMINAL,NOMINAL,TRIGGERED,1,omni_p6
1705379400.0,1786289186.3805628,1,1.0327,0.1356,,0.622,0.0278,0.253,NOMINAL,NOMINAL,NORMAL,0,
1705380300.0,1786289186.5056474,1,1.0448,0.1375,,0.57,0.0295,0.368,NOMINAL,NOMINAL,NORMAL,0,
1705381200.0,1786289186.6305618,1,1.0363,0.1399,,0.556,0.0279,0.25,NOMINAL,NOMINAL,NORMAL,0,
1705382100.0,1786289186.7555263,1,1.0287,0.1343,,0.59,0.0303,0.259,NOMINAL,NOMINAL,NORMAL,0,
1705383000.0,1786289186.8805678,1,0.9794,0.132,,0.606,0.0284,0.365,NOMINAL,NOMINAL,NORMAL,0,
1705383900.0,1786289187.0053709,1,0.9983,0.1309,,0.501,0.0251,0.254,NOMINAL,NOMINAL,NORMAL,0,
1705384800.0,1786289187.1307333,1,1.0809,0.1401,,0.593,0.0296,0.261,NOMINAL,NOMINAL,NORMAL,0,
1705385700.0,1786289187.2555203,1,1.0282,0.1373,,0.573,0.0296,0.248,NOMINAL,NOMINAL,NORMAL,0,
1705386600.0,1786289187.3805594,1,1.0206,0.1372,,0.622,0.0308,0.277,NOMINAL,NOMINAL,NORMAL,0,
1705387500.0,1786289187.505654,1,1.0615,0.1384,,0.555,0.0275,0.352,NOMINAL,NOMINAL,NORMAL,0,
1705388400.0,1786289187.630545,1,1.0273,0.135,,0.543,0.0283,0.246,NOMINAL,NOMINAL,NORMAL,0,
1705389300.0,1786289187.7555554,1,1.037,0.1385,,0.592,0.0304,0.26,NOMINAL,NOMINAL,NORMAL,0,
1705390200.0,1786289187.8805392,1,1.0051,0.1362,,0.623,0.0308,0.26,NOMINAL,NOMINAL,NORMAL,0,
1705391100.0,1786289188.0055873,1,1.033,0.1344,,0.519,0.0262,0.381,NOMINAL,NOMINAL,NORMAL,0,
1705392000.0,1786289188.1305969,1,1.0268,0.1342,,0.541,0.0283,0.359,NOMINAL,NOMINAL,NORMAL,0,
1705392900.0,1786289188.2556915,1,1.052,0.1384,,0.576,0.1353,0.373,NOMINAL,NOMINAL,NORMAL,0,
1705393800.0,1786289188.3805525,1,1.0243,0.1334,,0.594,0.027,0.282,NOMINAL,NOMINAL,NORMAL,0,
1705394700.0,1786289188.505547,1,1.0507,0.1418,,0.574,0.0275,0.247,NOMINAL,NOMINAL,TRIGGERED,1,omni_p6
1705395600.0,1786289188.630534,1,1.0152,0.1364,,0.559,0.0279,0.249,NOMINAL,NOMINAL,NORMAL,0,
1705396500.0,1786289188.7554715,1,0.9921,0.1317,,0.583,0.0283,0.28,NOMINAL,NOMINAL,NORMAL,0,
1705397400.0,1786289188.880528,1,0.9879,0.1343,,0.64,0.0274,0.281,NOMINAL,NOMINAL,TRIGGERED,1,omni_p6
1705398300.0,1786289189.0053904,1,1.0087,0.1361,,0.511,0.024,0.229,NOMINAL,NOMINAL,NORMAL,0,
1705399200.0,1786289189.1305993,1,1.0048,0.1357,,0.556,0.0273,0.357,NOMINAL,NOMINAL,NORMAL,0,
1705400100.0,1786289189.2556603,1,1.0426,0.1392,,0.58,0.0293,0.362,NOMINAL,NOMINAL,TRIGGERED,1,omni_p6
1705401000.0,1786289189.3817453,1,1.0127,0.1378,,0.598,0.0454,1.487,NOMINAL,PRE_ALERT,TRIGGERED,2,omni_p6
1705401900.0,1786289189.5067928,1,1.1113,0.1432,,0.644,0.0496,1.291,PRE_ALERT,NOMINAL,NORMAL,0,
1705402800.0,1786289189.631056,1,1.163,0.1478,,0.666,0.0305,0.306,NOMINAL,NOMINAL,NORMAL,0,
1705403700.0,1786289189.7560935,1,1.1744,0.1465,,0.7,0.0354,0.32,NOMINAL,NOMINAL,NORMAL,0,
1705404600.0,1786289189.8807642,1,1.095,0.1422,,0.661,0.0316,0.277,NOMINAL,NOMINAL,NORMAL,0,
1705405500.0,1786289190.0055625,1,1.1116,0.1385,,0.529,0.0275,0.244,NOMINAL,NOMINAL,NORMAL,0,
1705406400.0,1786289190.1306882,1,1.0507,0.1382,,0.557,0.0268,0.368,NOMINAL,NOMINAL,TRIGGERED,1,omni_p6
1705407300.0,1786289190.2569067,1,1.0657,0.1417,,0.61,0.0486,1.507,NOMINAL,PRE_ALERT,TRIGGERED,2,omni_p6
1705408200.0,1786289190.3816195,1,1.0727,0.1375,,0.645,0.0483,1.21,PRE_ALERT,NOMINAL,NORMAL,0,
1705409100.0,1786289190.5058482,1,1.134,0.1385,,0.592,0.0309,0.366,NOMINAL,NOMINAL,NORMAL,0,
1705410000.0,1786289190.630725,1,1.0581,0.1398,,0.555,0.0287,0.365,NOMINAL,NOMINAL,NORMAL,0,
1705410900.0,1786289190.7560778,1,1.158,0.1418,,0.64,0.0313,0.399,NOMINAL,NOMINAL,NORMAL,0,
1705411800.0,1786289190.880757,1,1.0889,0.1421,,0.649,0.032,0.303,NOMINAL,NOMINAL,NORMAL,0,
1705412700.0,1786289191.005533,1,1.0531,0.1367,,0.55,0.0276,0.271,NOMINAL,NOMINAL,TRIGGERED,1,omni_p6
1705413600.0,1786289191.1306136,1,1.0062,0.1385,,0.566,0.0278,0.357,NOMINAL,NOMINAL,NORMAL,0,
1705414500.0,1786289191.2556932,1,1.0622,0.1413,,0.615,0.0295,0.294,NOMINAL,NOMINAL,NORMAL,0,
1705415400.0,1786289191.3806305,1,1.0109,0.1323,,0.607,0.0305,0.368,NOMINAL,NOMINAL,NORMAL,0,
1705416300.0,1786289191.505712,1,1.0406,0.137,,0.597,0.0284,0.363,NOMINAL,NOMINAL,NORMAL,0,
1705417200.0,1786289191.63051,1,0.9818,0.1333,,0.577,0.0273,0.261,NOMINAL,NOMINAL,NORMAL,0,
1705418100.0,1786289191.7554893,1,0.9861,0.1377,,0.593,0.0278,0.291,NOMINAL,NOMINAL,TRIGGERED,1,omni_p6
1705419000.0,1786289191.8814654,1,0.9607,0.1348,,0.649,0.0515,1.248,NOMINAL,PRE_ALERT,TRIGGERED,2,omni_p6
1705419900.0,1786289192.0065632,1,1.081,0.1396,,0.611,0.0476,1.161,PRE_ALERT,NOMINAL,NORMAL,0,
1705420800.0,1786289192.1305974,1,1.0308,0.1355,,0.584,0.0255,0.293,NOMINAL,NOMINAL,NORMAL,0,
1705421700.0,1786289192.255665,1,1.05,0.1392,,0.648,0.03,0.264,NOMINAL,NOMINAL,NORMAL,0,
1705422600.0,1786289192.38066,1,1.0162,0.1372,,0.633,0.0276,0.363,NOMINAL,NOMINAL,NORMAL,0,
1705423500.0,1786289192.5057173,1,1.0505,0.1372,,0.608,0.0294,0.359,NOMINAL,NOMINAL,NORMAL,0,
1705424400.0,1786289192.6305807,1,1.0523,0.1375,,0.561,0.0279,0.253,NOMINAL,NOMINAL,NORMAL,0,
1705425300.0,1786289192.755602,1,1.0197,0.1352,,0.67,0.0292,0.262,NOMINAL,NOMINAL,NORMAL,0,
1705426200.0,1786289192.8806555,1,1.0103,0.1357,,0.741,0.0283,0.259,NOMINAL,NOMINAL,NORMAL,0,
1705427100.0,1786289193.0055668,1,1.0356,0.1363,,0.615,0.0285,0.255,NOMINAL,NOMINAL,NORMAL,0,
1705428000.0,1786289193.130533,1,1.005,0.1396,,0.586,0.028,0.264,NOMINAL,NOMINAL,NORMAL,0,
1705428900.0,1786289193.25548,1,0.9904,0.1346,,0.606,0.0287,0.243,NOMINAL,NOMINAL,NORMAL,0,
1705429800.0,1786289193.3806992,1,1.0582,0.1391,,0.694,0.031,0.254,NOMINAL,NOMINAL,NORMAL,0,
1705430700.0,1786289193.5057168,1,1.085,0.1365,,0.638,0.0302,0.247,NOMINAL,NOMINAL,NORMAL,0,
1705431600.0,1786289193.6306102,1,1.0247,0.1343,,0.605,0.0286,0.249,NOMINAL,NOMINAL,NORMAL,0,
1705432500.0,1786289193.755515,1,1.0023,0.1327,,0.616,0.0275,0.262,NOMINAL,NOMINAL,NORMAL,0,
1705433400.0,1786289193.8805132,1,0.9987,0.1334,,0.637,0.0277,0.242,NOMINAL,NOMINAL,NORMAL,0,
1705434300.0,1786289194.0054648,1,1.0111,0.135,,0.586,0.026,0.228,NOMINAL,NOMINAL,NORMAL,0,
1705435200.0,1786289194.1304595,1,0.9874,0.1371,,0.565,0.028,0.237,NOMINAL,NOMINAL,NORMAL,0,
1705436100.0,1786289194.2554448,1,0.9783,0.1319,,0.576,0.0276,0.278,NOMINAL,NOMINAL,NORMAL,0,
1705437000.0,1786289194.380727,1,1.0631,0.1365,,0.696,0.0307,0.278,NOMINAL,NOMINAL,NORMAL,0,
1705437900.0,1786289194.5056841,1,1.0728,0.1418,,0.632,0.0286,0.257,NOMINAL,NOMINAL,NORMAL,0,
1705438800.0,1786289194.6311533,1,1.137,0.1512,,0.806,0.0322,0.283,NOMINAL,NOMINAL,TRIGGERED,1,omni_p6
1705439700.0,1786289194.75716,1,1.1611,0.1511,,0.836,0.0529,1.253,NOMINAL,PRE_ALERT,TRIGGERED,2,omni_p6
1705440600.0,1786289194.8818557,1,1.1396,0.1473,,0.75,0.0497,1.147,PRE_ALERT,NOMINAL,NORMAL,0,
1705441500.0,1786289195.005783,1,1.1208,0.1423,,0.661,0.0299,0.247,NOMINAL,NOMINAL,NORMAL,0,
1705442400.0,1786289195.1305943,1,1.0614,0.1369,,0.579,0.0287,0.252,NOMINAL,NOMINAL,NORMAL,0,
1705443300.0,1786289195.255542,1,1.0206,0.1362,,0.599,0.0286,0.245,NOMINAL,NOMINAL,NORMAL,0,
1705444200.0,1786289195.3807523,1,1.0771,0.1412,,0.665,0.0285,0.264,NOMINAL,NOMINAL,NORMAL,0,
1705445100.0,1786289195.505734,1,1.0896,0.1403,,0.666,0.0289,0.253,NOMINAL,NOMINAL,TRIGGERED,1,omni_p6
1705446000.0,1786289195.6316538,1,1.0643,0.1418,,0.615,0.0468,1.253,NOMINAL,PRE_ALERT,TRIGGERED,2,omni_p6
1705446900.0,1786289195.7571208,1,1.1993,0.1541,,0.779,0.054,1.225,PRE_ALERT,NOMINAL,NORMAL,0,
1705447800.0,1786289195.8808692,1,1.1382,0.1443,,0.704,0.0313,0.258,NOMINAL,NOMINAL,NORMAL,0,
1705448700.0,1786289196.0056856,1,1.0825,0.139,,0.639,0.0281,0.249,NOMINAL,NOMINAL,NORMAL,0,
1705449600.0,1786289196.131234,1,1.0432,0.1306,0.581,0.587,0.0282,0.258,NOMINAL,NOMINAL,NORMAL,0,
1705450500.0,1786289196.2556372,1,1.0697,0.1385,,0.626,0.0302,0.252,NOMINAL,NOMINAL,NORMAL,0,
1705451400.0,1786289196.3807433,1,1.0643,0.14,,0.677,0.03,0.269,NOMINAL,NOMINAL,TRIGGERED,1,omni_p6
1705452300.0,1786289196.5066493,1,1.1066,0.1405,,0.621,0.0466,1.199,NOMINAL,PRE_ALERT,TRIGGERED,2,omni_p6
1705453200.0,1786289196.631709,1,1.0996,0.1378,,0.647,0.0468,1.176,PRE_ALERT,NOMINAL,NORMAL,0,
1705454100.0,1786289196.755715,1,1.0794,0.1389,,0.628,0.0292,0.292,NOMINAL,NOMINAL,NORMAL,0,
1705455000.0,1786289196.8806574,1,1.0566,0.1344,,0.646,0.028,0.254,NOMINAL,NOMINAL,NORMAL,0,
1705455900.0,1786289197.0055134,1,1.0258,0.1333,,0.585,0.0271,0.237,NOMINAL,NOMINAL,NORMAL,0,
1705456800.0,1786289197.130479,1,1.0289,0.1349,,0.563,0.0263,0.235,NOMINAL,NOMINAL,TRIGGERED,1,omni_p6
1705457700.0,1786289197.2564065,1,0.9767,0.1331,,0.588,0.045,1.192,NOMINAL,PRE_ALERT,TRIGGERED,2,omni_p6
1705458600.0,1786289197.3817132,1,1.0944,0.1396,,0.693,0.0475,1.153,PRE_ALERT,NOMINAL,NORMAL,0,
1705459500.0,1786289197.5057003,1,1.0978,0.1411,,0.621,0.0287,0.25,NOMINAL,NOMINAL,NORMAL,0,
1705460400.0,1786289197.6306012,1,1.0236,0.1365,,0.596,0.0274,0.261,NOMINAL,NOMINAL,NORMAL,0,
1705461300.0,1786289197.7555428,1,1.0045,0.1343,,0.602,0.0268,0.273,NOMINAL,NOMINAL,NORMAL,0,
1705462200.0,1786289197.8807118,1,1.0299,0.1349,,0.689,0.0284,0.273,NOMINAL,NOMINAL,NORMAL,0,
1705463100.0,1786289198.005572,1,1.0374,0.136,,0.587,0.0267,0.269,NOMINAL,NOMINAL,TRIGGERED,1,omni_p6
1705464000.0,1786289198.1313422,1,0.9858,0.1351,,0.557,0.0455,1.144,NOMINAL,PRE_ALERT,TRIGGERED,2,omni_p6
1705464900.0,1786289198.256583,1,1.0748,0.1401,,0.608,0.0484,1.143,PRE_ALERT,NOMINAL,NORMAL,0,
1705465800.0,1786289198.380925,1,1.1942,0.1395,,0.635,0.03,0.369,NOMINAL,NOMINAL,NORMAL,0,
1705466700.0,1786289198.5057483,1,1.1092,0.1435,,0.635,0.0304,0.256,NOMINAL,NOMINAL,NORMAL,0,
1705467600.0,1786289198.6306813,1,1.052,0.1396,,0.611,0.0274,0.279,NOMINAL,NOMINAL,NORMAL,0,
1705468500.0,1786289198.7555826,1,1.0371,0.1426,,0.603,0.0292,0.25,NOMINAL,NOMINAL,NORMAL,0,
1705469400.0,1786289198.8805888,1,1.029,0.1368,,0.634,0.0272,0.245,NOMINAL,NOMINAL,NORMAL,0,
1705470300.0,1786289199.0054982,1,1.0255,0.1362,,0.577,0.0252,0.233,NOMINAL,NOMINAL,NORMAL,0,
1705471200.0,1786289199.13048,1,1.0054,0.1361,,0.547,0.0278,0.238,NOMINAL,NOMINAL,NORMAL,0,
1705472100.0,1786289199.2554648,1,1.0011,0.1337,,0.559,0.0277,0.237,NOMINAL,NOMINAL,NORMAL,0,
1705473000.0,1786289199.3806102,1,1.0265,0.1348,,0.629,0.0278,0.247,NOMINAL,NOMINAL,NORMAL,0,
1705473900.0,1786289199.5057838,1,1.12,0.1444,,0.653,0.0309,0.261,NOMINAL,NOMINAL,NORMAL,0,
1705474800.0,1786289199.631186,1,1.1793,0.1431,,0.785,0.0328,0.296,NOMINAL,NOMINAL,NORMAL,0,
1705475700.0,1786289199.756209,1,1.1934,0.1458,,0.811,0.0328,0.313,NOMINAL,NOMINAL,NORMAL,0,
1705476600.0,1786289199.8807926,1,1.094,0.1425,,0.69,0.0306,0.276,NOMINAL,NOMINAL,NORMAL,0,
1705477500.0,1786289200.005654,1,1.0968,0.1396,,0.62,0.0302,0.246,NOMINAL,NOMINAL,NORMAL,0,
1705478400.0,1786289200.1305645,1,1.0246,0.1385,,0.595,0.0286,0.247,NOMINAL,NOMINAL,NORMAL,0,
1705479300.0,1786289200.2554588,1,1.0069,0.1362,,0.572,0.026,0.238,NOMINAL,NOMINAL,TRIGGERED,1,omni_p6
1705480200.0,1786289200.3814523,1,0.995,0.1352,,0.627,0.0476,1.201,NOMINAL,PRE_ALERT,TRIGGERED,2,omni_p6
1705481100.0,1786289200.5068102,1,1.1394,0.1482,,0.69,0.05,1.21,PRE_ALERT,NOMINAL,NORMAL,0,
1705482000.0,1786289200.6307495,1,1.0726,0.1399,,0.667,0.0282,0.263,NOMINAL,NOMINAL,NORMAL,0,
1705482900.0,1786289200.756096,1,1.1525,0.146,,0.791,0.035,0.298,NOMINAL,NOMINAL,NORMAL,0,
1705483800.0,1786289200.8808417,1,1.1015,0.1413,,0.727,0.0303,0.285,NOMINAL,NOMINAL,NORMAL,0,
1705484700.0,1786289201.0057151,1,1.1067,0.1403,,0.633,0.0292,0.248,NOMINAL,NOMINAL,NORMAL,0,
1705485600.0,1786289201.130584,1,1.0464,0.1371,,0.592,0.028,0.25,NOMINAL,NOMINAL,TRIGGERED,1,omni_p6
1705486500.0,1786289201.2553952,1,1.0067,0.1332,,0.521,0.0228,0.211,NOMINAL,NOMINAL,NORMAL,0,
1705487400.0,1786289201.3805397,1,1.0223,0.1318,,0.603,0.0272,0.244,NOMINAL,NOMINAL,NORMAL,0,
1705488300.0,1786289201.506019,1,1.1248,0.1441,,0.766,0.0315,0.276,NOMINAL,NOMINAL,NORMAL,0,
1705489200.0,1786289201.6307228,1,1.0536,0.1374,,0.654,0.029,0.262,NOMINAL,NOMINAL,NORMAL,0,
1705490100.0,1786289201.755572,1,1.0212,0.1349,,0.611,0.029,0.25,NOMINAL,NOMINAL,NORMAL,0,
1705491000.0,1786289201.8805456,1,0.9941,0.1383,,0.656,0.0269,0.25,NOMINAL,NOMINAL,TRIGGERED,1,omni_p6
1705491900.0,1786289202.006413,1,1.0144,0.1343,,0.564,0.0447,1.197,NOMINAL,PRE_ALERT,TRIGGERED,2,omni_p6
1705492800.0,1786289202.131541,1,1.0766,0.1431,,0.611,0.0462,1.119,PRE_ALERT,NOMINAL,NORMAL,0,
1705493700.0,1786289202.2553802,1,0.9491,0.1243,,0.593,0.03,0.247,NOMINAL,NOMINAL,NORMAL,0,
1705494600.0,1786289202.3805504,1,1.0137,0.1339,,0.637,0.0282,0.246,NOMINAL,NOMINAL,NORMAL,0,
1705495500.0,1786289202.505757,1,1.1075,0.1363,,0.652,0.0295,0.259,NOMINAL,NOMINAL,NORMAL,0,
1705496400.0,1786289202.6307123,1,1.0518,0.1398,,0.64,0.0286,0.261,NOMINAL,NOMINAL,NORMAL,0,
1705497300.0,1786289202.7555983,1,1.0323,0.1402,,0.607,0.0279,0.3,NOMINAL,NOMINAL,TRIGGERED,1,omni_p6
1705498200.0,1786289202.8815303,1,1.0167,0.1374,,0.659,0.046,1.199,NOMINAL,PRE_ALERT,TRIGGERED,2,omni_p6
1705499100.0,1786289203.0066402,1,1.1367,0.1459,,0.635,0.0471,1.149,PRE_ALERT,NOMINAL,NORMAL,0,
1705500000.0,1786289203.1305597,1,1.0332,0.139,,0.566,0.0284,0.245,NOMINAL,NOMINAL,NORMAL,0,
1705500900.0,1786289203.2555056,1,1.0163,0.134,,0.59,0.0289,0.245,NOMINAL,NOMINAL,NORMAL,0,
1705501800.0,1786289203.3805444,1,1.0095,0.139,,0.622,0.0273,0.246,NOMINAL,NOMINAL,NORMAL,0,
1705502700.0,1786289203.5056682,1,1.0723,0.1394,,0.632,0.0298,0.255,NOMINAL,NOMINAL,NORMAL,0,
1705503600.0,1786289203.6306484,1,1.0291,0.1411,,0.638,0.0284,0.255,NOMINAL,NOMINAL,TRIGGERED,1,omni_p6
1705504500.0,1786289203.7564278,1,1.0132,0.1337,,0.597,0.0452,1.196,NOMINAL,PRE_ALERT,TRIGGERED,2,omni_p6
1705505400.0,1786289203.881558,1,1.0713,0.1351,,0.659,0.0459,1.13,PRE_ALERT,NOMINAL,NORMAL,0,
1705506300.0,1786289204.0056226,1,1.0772,0.1392,,0.618,0.0271,0.247,NOMINAL,NOMINAL,NORMAL,0,
1705507200.0,1786289204.1305203,1,1.0152,0.1352,,0.586,0.0274,0.239,NOMINAL,NOMINAL,NORMAL,0,
1705508100.0,1786289204.255414,1,0.9894,0.1327,,0.583,0.0277,0.235,NOMINAL,NOMINAL,NORMAL,0,
1705509000.0,1786289204.380494,1,0.9927,0.1327,,0.626,0.027,0.245,NOMINAL,NOMINAL,NORMAL,0,
1705509900.0,1786289204.5057015,1,1.0853,0.1409,,0.657,0.0291,0.251,NOMINAL,NOMINAL,NORMAL,0,
1705510800.0,1786289204.6311932,1,1.1498,0.1493,,0.82,0.0347,0.293,NOMINAL,NOMINAL,NORMAL,0,
1705511700.0,1786289204.7562225,1,1.1884,0.1482,,0.799,0.0335,0.313,NOMINAL,NOMINAL,NORMAL,0,
1705512600.0,1786289204.8809254,1,1.1242,0.1444,,0.73,0.0306,0.269,NOMINAL,NOMINAL,NORMAL,0,
1705513500.0,1786289205.0057633,1,1.0985,0.14,,0.667,0.0296,0.262,NOMINAL,NOMINAL,NORMAL,0,
1705514400.0,1786289205.1306639,1,1.0682,0.1399,,0.606,0.0312,0.256,NOMINAL,NOMINAL,NORMAL,0,
1705515300.0,1786289205.2556715,1,1.0525,0.1392,,0.663,0.0302,0.25,NOMINAL,NOMINAL,NORMAL,0,
1705516200.0,1786289205.3805633,1,1.027,0.1306,,0.618,0.0287,0.248,NOMINAL,NOMINAL,NORMAL,0,
1705517100.0,1786289205.5058398,1,1.1297,0.1413,,0.671,0.0302,0.278,NOMINAL,NOMINAL,NORMAL,0,
1705518000.0,1786289205.6308773,1,1.1153,0.1452,,0.677,0.0303,0.285,NOMINAL,NOMINAL,NORMAL,0,
1705518900.0,1786289205.75622,1,1.1798,0.1459,,0.8,0.0455,0.338,NOMINAL,NOMINAL,NORMAL,0,
1705519800.0,1786289205.8808653,1,1.1261,0.1424,,0.718,0.0312,0.259,NOMINAL,NOMINAL,NORMAL,0,
1705520700.0,1786289206.00576,1,1.134,0.1427,,0.649,0.0284,0.251,NOMINAL,NOMINAL,NORMAL,0,
1705521600.0,1786289206.1305542,1,1.055,0.1397,,0.573,0.0276,0.241,NOMINAL,NOMINAL,NORMAL,0,
1705522500.0,1786289206.2554564,1,1.0024,0.132,,0.575,0.026,0.231,NOMINAL,NOMINAL,NORMAL,0,
1705523400.0,1786289206.380525,1,1.0047,0.1354,,0.623,0.0279,0.242,NOMINAL,NOMINAL,NORMAL,0,
1705524300.0,1786289206.5055544,1,1.0275,0.1347,,0.596,0.0281,0.265,NOMINAL,NOMINAL,TRIGGERED,1,omni_p6
1705525200.0,1786289206.6309936,1,1.1087,0.1427,,0.743,0.032,0.27,NOMINAL,NOMINAL,NORMAL,0,
1705526100.0,1786289206.7557032,1,1.0633,0.1386,,0.666,0.0283,0.25,NOMINAL,NOMINAL,NORMAL,0,
1705527000.0,1786289206.8807275,1,1.0401,0.1348,,0.718,0.0299,0.266,NOMINAL,NOMINAL,NORMAL,0,
1705527900.0,1786289207.0055916,1,1.053,0.138,,0.608,0.0287,0.242,NOMINAL,NOMINAL,NORMAL,0,
1705528800.0,1786289207.130479,1,1.0014,0.1351,,0.567,0.0281,0.245,NOMINAL,NOMINAL,NORMAL,0,
1705529700.0,1786289207.255423,1,0.981,0.1309,,0.582,0.0277,0.234,NOMINAL,NOMINAL,NORMAL,0,
1705530600.0,1786289207.3804643,1,0.97,0.1324,,0.616,0.0263,0.241,NOMINAL,NOMINAL,TRIGGERED,1,omni_p6
1705531500.0,1786289207.5055006,1,1.0223,0.1328,,0.59,0.0259,0.233,NOMINAL,NOMINAL,NORMAL,0,
1705532400.0,1786289207.6308658,1,1.0608,0.1402,,0.748,0.0316,0.269,NOMINAL,NOMINAL,NORMAL,0,
1705533300.0,1786289207.7556129,1,1.0284,0.1351,,0.644,0.0307,0.256,NOMINAL,NOMINAL,NORMAL,0,
1705534200.0,1786289207.8806014,1,1.0048,0.1366,,0.659,0.0287,0.252,NOMINAL,NOMINAL,NORMAL,0,
1705535100.0,1786289208.0055923,1,1.0454,0.1371,,0.622,0.0282,0.251,NOMINAL,NOMINAL,NORMAL,0,
1705536000.0,1786289208.1312735,1,1.023,0.1337,0.6216,0.615,0.0284,0.267,NOMINAL,NOMINAL,TRIGGERED,1,omni_p6
1705536900.0,1786289208.2565281,1,1.0548,0.1356,,0.601,0.0461,1.229,NOMINAL,PRE_ALERT,TRIGGERED,2,omni_p6
1705537800.0,1786289208.381613,1,1.0792,0.1373,,0.668,0.0495,1.156,PRE_ALERT,NOMINAL,NORMAL,0,
1705538700.0,1786289208.5057197,1,1.1171,0.1421,,0.621,0.0302,0.247,NOMINAL,NOMINAL,NORMAL,0,
1705539600.0,1786289208.6309505,1,1.1273,0.1446,,0.721,0.0321,0.276,NOMINAL,NOMINAL,NORMAL,0,
1705540500.0,1786289208.755653,1,1.061,0.1384,,0.622,0.0283,0.269,NOMINAL,NOMINAL,NORMAL,0,
1705541400.0,1786289208.8806498,1,1.0363,0.1362,,0.647,0.0305,0.272,NOMINAL,NOMINAL,NORMAL,0,
1705542300.0,1786289209.0055408,1,1.0293,0.1369,,0.599,0.0279,0.248,NOMINAL,NOMINAL,TRIGGERED,1,omni_p6
1705543200.0,1786289209.1313508,1,0.9885,0.1362,,0.55,0.0441,1.159,NOMINAL,PRE_ALERT,TRIGGERED,2,omni_p6
1705544100.0,1786289209.2564628,1,1.0428,0.1375,,0.602,0.0439,1.118,PRE_ALERT,NOMINAL,NORMAL,0,
1705545000.0,1786289209.3805487,1,1.0206,0.137,,0.61,0.0274,0.239,NOMINAL,NOMINAL,NORMAL,0,
1705545900.0,1786289209.5055037,1,1.0325,0.133,,0.575,0.026,0.235,NOMINAL,NOMINAL,NORMAL,0,
1705546800.0,1786289209.6312466,1,1.1665,0.1505,,0.829,0.0333,0.313,NOMINAL,NOMINAL,NORMAL,0,
1705547700.0,1786289209.7563024,1,1.1736,0.1495,,0.841,0.0341,0.339,NOMINAL,NOMINAL,NORMAL,0,
1705548600.0,1786289209.880996,1,1.1431,0.1446,,0.763,0.0315,0.276,NOMINAL,NOMINAL,TRIGGERED,1,omni_p6
1705549500.0,1786289210.0067353,1,1.1149,0.1404,,0.68,0.0477,1.21,NOMINAL,PRE_ALERT,TRIGGERED,2,omni_p6
1705550400.0,1786289210.131676,1,1.1159,0.1403,,0.624,0.048,1.167,PRE_ALERT,NOMINAL,NORMAL,0,
1705551300.0,1786289210.2555978,1,1.063,0.1342,,0.599,0.0289,0.255,NOMINAL,NOMINAL,NORMAL,0,
1705552200.0,1786289210.3806176,1,1.0586,0.1386,,0.629,0.0274,0.247,NOMINAL,NOMINAL,NORMAL,0,
1705553100.0,1786289210.5055895,1,1.0729,0.1355,,0.593,0.0276,0.242,NOMINAL,NOMINAL,NORMAL,0,
1705554000.0,1786289210.6308858,1,1.0357,0.1367,,0.644,0.0288,0.473,NOMINAL,NOMINAL,NORMAL,0,
1705554900.0,1786289210.75626,1,1.1784,0.1522,,0.801,0.0331,0.336,NOMINAL,NOMINAL,NORMAL,0,
1705555800.0,1786289210.8808951,1,1.1317,0.1392,,0.712,0.0317,0.276,NOMINAL,NOMINAL,NORMAL,0,
1705556700.0,1786289211.0057971,1,1.1449,0.1404,,0.65,0.0307,0.263,NOMINAL,NOMINAL,NORMAL,0,
1705557600.0,1786289211.1306486,1,1.0663,0.1395,,0.604,0.028,0.255,NOMINAL,NOMINAL,NORMAL,0,
1705558500.0,1786289211.2556665,1,1.0685,0.1408,,0.633,0.0286,0.278,NOMINAL,NOMINAL,NORMAL,0,
1705559400.0,1786289211.3806477,1,1.0324,0.1373,,0.65,0.0283,0.279,NOMINAL,NOMINAL,NORMAL,0,
1705560300.0,1786289211.505595,1,1.0728,0.1372,,0.588,0.0289,0.246,NOMINAL,NOMINAL,NORMAL,0,
1705561200.0,1786289211.6307018,1,1.0472,0.1426,,0.636,0.0278,0.253,NOMINAL,NOMINAL,NORMAL,0,
1705562100.0,1786289211.7556736,1,1.0501,0.1355,,0.66,0.0292,0.259,NOMINAL,NOMINAL,NORMAL,0,
1705563000.0,1786289211.8806162,1,1.0183,0.1358,,0.673,0.0266,0.249,NOMINAL,NOMINAL,NORMAL,0,
1705563900.0,1786289212.005594,1,1.0394,0.1349,,0.597,0.0256,0.285,NOMINAL,NOMINAL,NORMAL,0,
1705564800.0,1786289212.1305387,1,1.0008,0.137,,0.567,0.0288,0.299,NOMINAL,NOMINAL,TRIGGERED,1,omni_p6
1705565700.0,1786289212.2554402,1,0.9939,0.1321,,0.562,0.0271,0.278,NOMINAL,NOMINAL,NORMAL,0,
1705566600.0,1786289212.3805313,1,0.992,0.1323,,0.603,0.0284,0.275,NOMINAL,NOMINAL,NORMAL,0,
1705567500.0,1786289212.5055654,1,1.0375,0.1311,,0.587,0.0269,0.272,NOMINAL,NOMINAL,NORMAL,0,
1705568400.0,1786289212.6306796,1,1.0302,0.134,,0.635,0.0289,0.287,NOMINAL,NOMINAL,NORMAL,0,
1705569300.0,1786289212.7556832,1,1.0942,0.14,,0.598,0.0299,0.282,NOMINAL,NOMINAL,NORMAL,0,
1705570200.0,1786289212.8808727,1,1.0768,0.1344,,0.702,0.028,0.385,NOMINAL,NOMINAL,NORMAL,0,
1705571100.0,1786289213.005774,1,1.0882,0.1387,,0.674,0.0291,0.283,NOMINAL,NOMINAL,TRIGGERED,1,omni_p6
1705572000.0,1786289213.1305828,1,1.0474,0.1328,,0.585,0.029,0.259,NOMINAL,NOMINAL,NORMAL,0,
1705572900.0,1786289213.2554846,1,1.019,0.1333,,0.586,0.0284,0.251,NOMINAL,NOMINAL,NORMAL,0,
1705573800.0,1786289213.3806257,1,1.0106,0.1346,,0.648,0.0292,0.303,NOMINAL,NOMINAL,NORMAL,0,
1705574700.0,1786289213.5055733,1,1.0487,0.1324,,0.574,0.0274,0.287,NOMINAL,NOMINAL,NORMAL,0,
1705575600.0,1786289213.6308053,1,1.0517,0.1375,,0.681,0.0302,0.314,NOMINAL,NOMINAL,NORMAL,0,
1705576500.0,1786289213.7557728,1,1.0802,0.1406,,0.658,0.0296,0.31,NOMINAL,NOMINAL,TRIGGERED,1,omni_p6
1705577400.0,1786289213.881827,1,1.0435,0.1351,,0.627,0.0449,1.481,NOMINAL,PRE_ALERT,TRIGGERED,2,omni_p6
1705578300.0,1786289214.0067031,1,1.1237,0.1424,,0.662,0.0482,1.156,PRE_ALERT,NOMINAL,NORMAL,0,
1705579200.0,1786289214.1306698,1,1.0805,0.1405,,0.595,0.0293,0.26,NOMINAL,NOMINAL,NORMAL,0,
1705580100.0,1786289214.255594,1,1.0739,0.1395,,0.593,0.0284,0.248,NOMINAL,NOMINAL,NORMAL,0,
1705581000.0,1786289214.380648,1,1.0429,0.1361,,0.617,0.0293,0.286,NOMINAL,NOMINAL,NORMAL,0,
1705581900.0,1786289214.5056007,1,1.0701,0.1382,,0.583,0.0287,0.251,NOMINAL,NOMINAL,NORMAL,0,
1705582800.0,1786289214.631232,1,1.171,0.1493,,0.82,0.0331,0.311,NOMINAL,NOMINAL,TRIGGERED,1,omni_p6
1705583700.0,1786289214.7571273,1,1.1571,0.1484,,0.81,0.0525,1.267,NOMINAL,PRE_ALERT,TRIGGERED,2,omni_p6
1705584600.0,1786289214.8818972,1,1.1351,0.1439,,0.743,0.0509,1.187,PRE_ALERT,NOMINAL,NORMAL,0,
1705585500.0,1786289215.0058718,1,1.1678,0.1393,,0.667,0.0318,0.264,NOMINAL,NOMINAL,NORMAL,0,
1705586400.0,1786289215.1306531,1,1.0631,0.135,,0.609,0.0303,0.257,NOMINAL,NOMINAL,NORMAL,0,
1705587300.0,1786289215.2555077,1,1.0323,0.1362,,0.578,0.0277,0.248,NOMINAL,NOMINAL,NORMAL,0,
1705588200.0,1786289215.38057,1,1.0104,0.1346,,0.643,0.0292,0.251,NOMINAL,NOMINAL,NORMAL,0,
1705589100.0,1786289215.505628,1,1.0435,0.1348,,0.618,0.0282,0.285,NOMINAL,NOMINAL,TRIGGERED,1,omni_p6
1705590000.0,1786289215.630706,1,1.0351,0.1381,,0.657,0.0294,0.289,NOMINAL,NOMINAL,NORMAL,0,
1705590900.0,1786289215.756274,1,1.181,0.1451,,0.846,0.0313,0.344,NOMINAL,NOMINAL,NORMAL,0,
1705591800.0,1786289215.8810134,1,1.1313,0.143,,0.781,0.0318,0.284,NOMINAL,NOMINAL,NORMAL,0,
1705592700.0,1786289216.0057704,1,1.1016,0.1415,,0.667,0.0302,0.262,NOMINAL,NOMINAL,NORMAL,0,
1705593600.0,1786289216.130721,1,1.072,0.1409,,0.657,0.0289,0.265,NOMINAL,NOMINAL,NORMAL,0,
1705594500.0,1786289216.255523,1,1.0304,0.1343,,0.596,0.0288,0.254,NOMINAL,NOMINAL,NORMAL,0,
1705595400.0,1786289216.380623,1,1.0392,0.1364,,0.642,0.0278,0.257,NOMINAL,NOMINAL,NORMAL,0,
1705596300.0,1786289216.5055594,1,1.0356,0.1318,,0.61,0.0271,0.245,NOMINAL,NOMINAL,NORMAL,0,
1705597200.0,1786289216.6306255,1,1.0094,0.1334,,0.637,0.0293,0.255,NOMINAL,NOMINAL,NORMAL,0,
1705598100.0,1786289216.7555156,1,1.0057,0.1311,,0.597,0.0266,0.249,NOMINAL,NOMINAL,NORMAL,0,
1705599000.0,1786289216.8806849,1,1.0517,0.1356,,0.672,0.0289,0.257,NOMINAL,NOMINAL,NORMAL,0,
1705599900.0,1786289217.0056143,1,1.0828,0.1329,,0.618,0.0281,0.251,NOMINAL,NOMINAL,NORMAL,0,
1705600800.0,1786289217.130632,1,1.0393,0.1365,,0.61,0.0281,0.257,NOMINAL,NOMINAL,NORMAL,0,
1705601700.0,1786289217.2554848,1,1.0152,0.1317,,0.579,0.0264,0.247,NOMINAL,NOMINAL,NORMAL,0,
1705602600.0,1786289217.380542,1,0.9881,0.1292,,0.637,0.027,0.248,NOMINAL,NOMINAL,NORMAL,0,
1705603500.0,1786289217.505628,1,1.0625,0.135,,0.605,0.0276,0.25,NOMINAL,NOMINAL,NORMAL,0,
1705604400.0,1786289217.6306922,1,1.0263,0.137,,0.618,0.0266,0.283,NOMINAL,NOMINAL,NORMAL,0,
1705605300.0,1786289217.7556026,1,1.0228,0.1357,,0.598,0.0271,0.298,NOMINAL,NOMINAL,NORMAL,0,
1705606200.0,1786289217.8807385,1,1.0505,0.1335,,0.682,0.0287,0.308,NOMINAL,NOMINAL,NORMAL,0,
1705607100.0,1786289218.0056252,1,1.0539,0.1317,,0.612,0.0273,0.286,NOMINAL,NOMINAL,NORMAL,0,
1705608000.0,1786289218.1305368,1,1.014,0.1335,,0.596,0.0262,0.249,NOMINAL,NOMINAL,NORMAL,0,
1705608900.0,1786289218.255416,1,0.9793,0.1318,,0.575,0.0269,0.238,NOMINAL,NOMINAL,NORMAL,0,
1705609800.0,1786289218.3805933,1,1.0019,0.1324,,0.638,0.027,0.291,NOMINAL,NOMINAL,TRIGGERED,1,omni_p6
1705610700.0,1786289218.5055578,1,1.0203,0.1332,,0.608,0.0266,0.248,NOMINAL,NOMINAL,NORMAL,0,
1705611600.0,1786289218.6306002,1,1.01,0.1336,,0.624,0.0264,0.249,NOMINAL,NOMINAL,NORMAL,0,
1705612500.0,1786289218.7555687,1,1.0003,0.1335,,0.598,0.0267,0.306,NOMINAL,NOMINAL,NORMAL,0,
1705613400.0,1786289218.88081,1,1.0632,0.1372,,0.721,0.0311,0.3,NOMINAL,NOMINAL,NORMAL,0,
1705614300.0,1786289219.005744,1,1.0771,0.1361,,0.659,0.0294,0.27,NOMINAL,NOMINAL,NORMAL,0,
1705615200.0,1786289219.131022,1,1.0683,0.1394,,0.621,0.0344,0.62,NOMINAL,NOMINAL,TRIGGERED,1,omni_p6
1705616100.0,1786289219.2564912,1,1.0248,0.1362,,0.579,0.0464,1.235,NOMINAL,PRE_ALERT,TRIGGERED,2,omni_p6
1705617000.0,1786289219.3816457,1,1.0835,0.1399,,0.663,0.0444,1.15,PRE_ALERT,NOMINAL,NORMAL,0,
1705617900.0,1786289219.50572,1,1.1133,0.1384,,0.627,0.029,0.251,NOMINAL,NOMINAL,NORMAL,0,
1705618800.0,1786289219.6312494,1,1.1657,0.1499,,0.831,0.0325,0.296,NOMINAL,NOMINAL,NORMAL,0,
1705619700.0,1786289219.7562113,1,1.1664,0.1469,,0.804,0.0345,0.331,NOMINAL,NOMINAL,NORMAL,0,
1705620600.0,1786289219.8808427,1,1.104,0.1372,,0.706,0.032,0.277,NOMINAL,NOMINAL,NORMAL,0,
1705621500.0,1786289220.006278,1,1.2117,0.1569,,0.871,0.0355,0.309,NOMINAL,NOMINAL,TRIGGERED,1,omni_p6
1705622400.0,1786289220.1325266,1,1.1052,0.1381,0.6208,0.651,0.0504,1.322,NOMINAL,PRE_ALERT,TRIGGERED,2,omni_p6
1705623300.0,1786289220.2567034,1,1.1144,0.1452,,0.648,0.0479,1.179,PRE_ALERT,NOMINAL,NORMAL,0,
1705624200.0,1786289220.3807433,1,1.0877,0.1422,,0.654,0.0291,0.264,NOMINAL,NOMINAL,NORMAL,0,
1705625100.0,1786289220.5056443,1,1.0768,0.1401,,0.605,0.0284,0.25,NOMINAL,NOMINAL,NORMAL,0,
1705626000.0,1786289220.6307323,1,1.066,0.1386,,0.65,0.0297,0.26,NOMINAL,NOMINAL,NORMAL,0,
1705626900.0,1786289220.7561975,1,1.1796,0.1479,,0.788,0.0335,0.326,NOMINAL,NOMINAL,NORMAL,0,
1705627800.0,1786289220.880839,1,1.1117,0.1498,,0.695,0.0317,0.267,NOMINAL,NOMINAL,TRIGGERED,1,omni_p6
1705628700.0,1786289221.00686,1,1.1714,0.1449,,0.691,0.0506,1.234,NOMINAL,PRE_ALERT,TRIGGERED,2,omni_p6
1705629600.0,1786289221.1316667,1,1.1222,0.142,,0.628,0.0488,1.144,PRE_ALERT,NOMINAL,NORMAL,0,
1705630500.0,1786289221.2556684,1,1.0876,0.1397,,0.595,0.0295,0.281,NOMINAL,NOMINAL,NORMAL,0,
1705631400.0,1786289221.380581,1,1.0513,0.1381,,0.61,0.03,0.255,NOMINAL,NOMINAL,NORMAL,0,
1705632300.0,1786289221.5056782,1,1.0848,0.1371,,0.614,0.0289,0.249,NOMINAL,NOMINAL,NORMAL,0,
1705633200.0,1786289221.6306965,1,1.0576,0.1405,,0.64,0.0294,0.261,NOMINAL,NOMINAL,TRIGGERED,1,omni_p6
1705634100.0,1786289221.756461,1,1.0138,0.1371,,0.588,0.0468,1.213,NOMINAL,PRE_ALERT,TRIGGERED,2,omni_p6
1705635000.0,1786289221.8815868,1,1.0814,0.1368,,0.66,0.0477,1.136,PRE_ALERT,NOMINAL,NORMAL,0,
1705635900.0,1786289222.0058866,1,1.1702,0.1442,,0.674,0.0292,0.264,NOMINAL,NOMINAL,NORMAL,0,
1705636800.0,1786289222.1306365,1,1.0619,0.1386,,0.593,0.0276,0.251,NOMINAL,NOMINAL,NORMAL,0,
1705637700.0,1786289222.2554913,1,1.0307,0.1372,,0.581,0.0267,0.239,NOMINAL,NOMINAL,NORMAL,0,
1705638600.0,1786289222.3804965,1,1.0138,0.1345,,0.606,0.029,0.245,NOMINAL,NOMINAL,NORMAL,0,
1705639500.0,1786289222.505587,1,1.0456,0.136,,0.596,0.027,0.243,NOMINAL,NOMINAL,NORMAL,0,
1705640400.0,1786289222.630608,1,1.0043,0.1366,,0.637,0.0278,0.25,NOMINAL,NOMINAL,NORMAL,0,
1705641300.0,1786289222.7555106,1,1.0298,0.1379,,0.593,0.0271,0.246,NOMINAL,NOMINAL,NORMAL,0,
1705642200.0,1786289222.8805077,1,1.004,0.1363,,0.628,0.0269,0.238,NOMINAL,NOMINAL,NORMAL,0,
1705643100.0,1786289223.0057893,1,1.0779,0.1386,,0.69,0.0293,0.264,NOMINAL,NOMINAL,NORMAL,0,
1705644000.0,1786289223.1305876,1,1.05,0.1365,,0.59,0.0289,0.257,NOMINAL,NOMINAL,NORMAL,0,
1705644900.0,1786289223.255598,1,1.0326,0.1393,,0.611,0.0285,0.255,NOMINAL,NOMINAL,NORMAL,0,
1705645800.0,1786289223.3806152,1,1.0253,0.1346,,0.646,0.0291,0.254,NOMINAL,NOMINAL,NORMAL,0,
1705646700.0,1786289223.5056489,1,1.0628,0.1394,,0.62,0.0284,0.256,NOMINAL,NOMINAL,NORMAL,0,
1705647600.0,1786289223.630619,1,1.0295,0.1378,,0.62,0.0287,0.249,NOMINAL,NOMINAL,NORMAL,0,
1705648500.0,1786289223.7555966,1,1.0216,0.1357,,0.632,0.0286,0.26,NOMINAL,NOMINAL,NORMAL,0,
1705649400.0,1786289223.8805313,1,0.9941,0.1332,,0.621,0.0285,0.258,NOMINAL,NOMINAL,NORMAL,0,
1705650300.0,1786289224.0058196,1,1.0947,0.1425,,0.685,0.0306,0.268,NOMINAL,NOMINAL,TRIGGERED,1,omni_p6
1705651200.0,1786289224.1306098,1,1.0258,0.1364,,0.607,0.0291,0.263,NOMINAL,NOMINAL,NORMAL,0,
1705652100.0,1786289224.2555,1,0.9961,0.1331,,0.582,0.027,0.266,NOMINAL,NOMINAL,NORMAL,0,
1705653000.0,1786289224.3805628,1,0.997,0.134,,0.617,0.0286,0.292,NOMINAL,NOMINAL,NORMAL,0,
1705653900.0,1786289224.505606,1,1.0338,0.1356,,0.614,0.0289,0.277,NOMINAL,NOMINAL,NORMAL,0,
1705654800.0,1786289224.6311796,1,1.1673,0.1491,,0.812,0.0332,0.293,NOMINAL,NOMINAL,NORMAL,0,
1705655700.0,1786289224.75629,1,1.1787,0.1509,,0.841,0.0351,0.343,NOMINAL,NOMINAL,TRIGGERED,1,omni_p6
1705656600.0,1786289224.8817756,1,1.107,0.1456,,0.707,0.0476,1.216,NOMINAL,PRE_ALERT,TRIGGERED,2,omni_p6
1705657500.0,1786289225.006991,1,1.1464,0.1483,,0.709,0.1648,1.338,PRE_ALERT,NOMINAL,NORMAL,0,
1705658400.0,1786289225.1308832,1,1.1225,0.1432,,0.676,0.0301,0.273,NOMINAL,NOMINAL,NORMAL,0,
1705659300.0,1786289225.2557,1,1.0838,0.1422,,0.628,0.0288,0.251,NOMINAL,NOMINAL,NORMAL,0,
1705660200.0,1786289225.3806174,1,1.042,0.1376,,0.635,0.0282,0.252,NOMINAL,NOMINAL,NORMAL,0,
1705661100.0,1786289225.5055578,1,1.026,0.1352,,0.599,0.0284,0.268,NOMINAL,NOMINAL,NORMAL,0,
1705662000.0,1786289225.630551,1,1.0065,0.1379,,0.592,0.0278,0.27,NOMINAL,NOMINAL,TRIGGERED,1,omni_p6
1705662900.0,1786289225.7571986,1,1.1839,0.1509,,0.801,0.0519,1.285,NOMINAL,PRE_ALERT,TRIGGERED,2,omni_p6
1705663800.0,1786289225.8817818,1,1.1419,0.1444,,0.714,0.047,1.126,PRE_ALERT,NOMINAL,NORMAL,0,
1705664700.0,1786289226.005796,1,1.1057,0.1405,,0.673,0.0279,0.257,NOMINAL,NOMINAL,NORMAL,0,
1705665600.0,1786289226.130847,1,1.1118,0.1434,,0.657,0.0307,0.27,NOMINAL,NOMINAL,NORMAL,0,
1705666500.0,1786289226.2557023,1,1.0777,0.1397,,0.627,0.0296,0.255,NOMINAL,NOMINAL,NORMAL,0,
1705667400.0,1786289226.3807135,1,1.0665,0.1425,,0.654,0.0303,0.264,NOMINAL,NOMINAL,TRIGGERED,1,omni_p6
1705668300.0,1786289226.506544,1,1.0641,0.1402,,0.618,0.0451,1.151,NOMINAL,PRE_ALERT,TRIGGERED,2,omni_p6
1705669200.0,1786289226.6316242,1,1.0899,0.1392,,0.628,0.0476,1.13,PRE_ALERT,NOMINAL,NORMAL,0,
1705670100.0,1786289226.7556784,1,1.0634,0.1365,,0.625,0.0284,0.273,NOMINAL,NOMINAL,NORMAL,0,
1705671000.0,1786289226.8805146,1,1.0098,0.1286,,0.611,0.0265,0.24,NOMINAL,NOMINAL,NORMAL,0,
1705671900.0,1786289227.0055575,1,1.0365,0.1326,,0.6,0.028,0.24,NOMINAL,NOMINAL,NORMAL,0,
1705672800.0,1786289227.1308172,1,1.0828,0.1401,,0.642,0.0291,0.296,NOMINAL,NOMINAL,NORMAL,0,
1705673700.0,1786289227.2556438,1,1.0607,0.1413,,0.617,0.0285,0.256,NOMINAL,NOMINAL,TRIGGERED,1,omni_p6
1705674600.0,1786289227.3815546,1,1.0301,0.1389,,0.652,0.0456,1.191,NOMINAL,PRE_ALERT,TRIGGERED,2,omni_p6
1705675500.0,1786289227.5065644,1,1.0971,0.141,,0.634,0.0466,1.126,PRE_ALERT,NOMINAL,NORMAL,0,
1705676400.0,1786289227.6306028,1,1.0221,0.1379,,0.622,0.027,0.248,NOMINAL,NOMINAL,NORMAL,0,
1705677300.0,1786289227.7555637,1,1.0165,0.1397,,0.618,0.0273,0.256,NOMINAL,NOMINAL,NORMAL,0,
1705678200.0,1786289227.8805642,1,1.0042,0.1357,,0.654,0.0278,0.249,NOMINAL,NOMINAL,NORMAL,0,
1705679100.0,1786289228.0055206,1,1.0179,0.1385,,0.588,0.0265,0.241,NOMINAL,NOMINAL,NORMAL,0,
1705680000.0,1786289228.130812,1,1.0809,0.1455,,0.668,0.0308,0.279,NOMINAL,NOMINAL,TRIGGERED,1,omni_p6
1705680900.0,1786289228.2555554,1,1.0202,0.1366,,0.612,0.0287,0.251,NOMINAL,NOMINAL,NORMAL,0,
1705681800.0,1786289228.3809705,1,1.1121,0.1453,,0.763,0.0423,0.285,NOMINAL,NOMINAL,NORMAL,0,
1705682700.0,1786289228.505643,1,1.0578,0.1389,,0.645,0.0298,0.255,NOMINAL,NOMINAL,NORMAL,0,
1705683600.0,1786289228.6306243,1,1.0055,0.1352,,0.661,0.0296,0.255,NOMINAL,NOMINAL,NORMAL,0,
1705684500.0,1786289228.755575,1,1.0103,0.1375,,0.626,0.03,0.25,NOMINAL,NOMINAL,NORMAL,0,
1705685400.0,1786289228.880524,1,0.9949,0.1366,,0.632,0.0273,0.243,NOMINAL,NOMINAL,NORMAL,0,
1705686300.0,1786289229.005515,1,1.0277,0.133,,0.587,0.0288,0.251,NOMINAL,NOMINAL,NORMAL,0,
1705687200.0,1786289229.1308873,1,1.1123,0.1443,,0.671,0.0301,0.274,NOMINAL,NOMINAL,NORMAL,0,
1705688100.0,1786289229.255627,1,1.0547,0.1345,,0.618,0.0277,0.249,NOMINAL,NOMINAL,NORMAL,0,
1705689000.0,1786289229.3806567,1,1.0559,0.1358,,0.646,0.0292,0.251,NOMINAL,NOMINAL,NORMAL,0,
1705689900.0,1786289229.505582,1,1.0435,0.1378,,0.6,0.0283,0.248,NOMINAL,NOMINAL,NORMAL,0,
1705690800.0,1786289229.6311905,1,1.1683,0.1479,,0.802,0.0327,0.306,NOMINAL,NOMINAL,NORMAL,0,
1705691700.0,1786289229.7562478,1,1.1822,0.1497,,0.825,0.033,0.317,NOMINAL,NOMINAL,NORMAL,0,
1705692600.0,1786289229.8808324,1,1.1183,0.1414,,0.71,0.0308,0.262,NOMINAL,NOMINAL,NORMAL,0,
1705693500.0,1786289230.0055904,1,1.0506,0.1373,,0.614,0.029,0.251,NOMINAL,NOMINAL,NORMAL,0,
1705694400.0,1786289230.131246,1,1.2086,0.1562,,0.791,0.0315,0.292,NOMINAL,NOMINAL,TRIGGERED,1,omni_p6
1705695300.0,1786289230.2559931,1,1.1352,0.1424,,0.749,0.0313,0.269,NOMINAL,NOMINAL,NORMAL,0,
1705696200.0,1786289230.380775,1,1.0679,0.1407,,0.702,0.0304,0.262,NOMINAL,NOMINAL,NORMAL,0,
1705697100.0,1786289230.5056129,1,1.0521,0.1388,,0.624,0.0289,0.251,NOMINAL,NOMINAL,NORMAL,0,
1705698000.0,1786289230.6306047,1,1.0086,0.1369,,0.631,0.0292,0.251,NOMINAL,NOMINAL,NORMAL,0,
1705698900.0,1786289230.7562199,1,1.1621,0.1466,,0.827,0.0335,0.325,NOMINAL,NOMINAL,NORMAL,0,
1705699800.0,1786289230.8807888,1,1.0981,0.1408,,0.694,0.0311,0.27,NOMINAL,NOMINAL,NORMAL,0,
1705700700.0,1786289231.0055656,1,1.0426,0.1375,,0.599,0.0294,0.248,NOMINAL,NOMINAL,TRIGGERED,1,omni_p6
1705701600.0,1786289231.1306267,1,1.0331,0.1349,,0.606,0.0275,0.27,NOMINAL,NOMINAL,NORMAL,0,
1705702500.0,1786289231.255644,1,1.0548,0.1356,,0.637,0.0296,0.251,NOMINAL,NOMINAL,NORMAL,0,
1705703400.0,1786289231.3805993,1,1.018,0.1365,,0.645,0.0287,0.252,NOMINAL,NOMINAL,NORMAL,0,
1705704300.0,1786289231.505533,1,1.0321,0.1361,,0.603,0.0285,0.243,NOMINAL,NOMINAL,NORMAL,0,
1705705200.0,1786289231.6306148,1,1.0095,0.1333,,0.629,0.0288,0.253,NOMINAL,NOMINAL,NORMAL,0,
1705706100.0,1786289231.7555618,1,1.0135,0.1364,,0.62,0.0287,0.253,NOMINAL,NOMINAL,NORMAL,0,
1705707000.0,1786289231.880564,1,0.9797,0.1331,,0.701,0.0276,0.243,NOMINAL,NOMINAL,TRIGGERED,1,omni_p6
1705707900.0,1786289232.0054176,1,0.9808,0.13,,0.583,0.0258,0.233,NOMINAL,NOMINAL,NORMAL,0,
1705708800.0,1786289232.1313267,1,1.0289,0.1313,0.5925,0.642,0.0305,0.278,NOMINAL,NOMINAL,NORMAL,0,
1705709700.0,1786289232.2557287,1,1.0766,0.138,,0.669,0.0308,0.259,NOMINAL,NOMINAL,NORMAL,0,
1705710600.0,1786289232.3806775,1,1.0517,0.1358,,0.656,0.0287,0.256,NOMINAL,NOMINAL,NORMAL,0,
1705711500.0,1786289232.505568,1,1.0525,0.1366,,0.583,0.0292,0.244,NOMINAL,NOMINAL,NORMAL,0,
1705712400.0,1786289232.6306665,1,1.034,0.1383,,0.624,0.0299,0.26,NOMINAL,NOMINAL,TRIGGERED,1,omni_p6
1705713300.0,1786289232.7565448,1,1.032,0.1379,,0.616,0.0466,1.205,NOMINAL,PRE_ALERT,TRIGGERED,2,omni_p6
1705714200.0,1786289232.8815017,1,1.0505,0.138,,0.641,0.0445,1.114,PRE_ALERT,NOMINAL,NORMAL,0,
1705715100.0,1786289233.005553,1,1.0408,0.1362,,0.608,0.026,0.239,NOMINAL,NOMINAL,NORMAL,0,
1705716000.0,1786289233.1306238,1,1.0354,0.1395,,0.6,0.0266,0.271,NOMINAL,NOMINAL,NORMAL,0,
1705716900.0,1786289233.2557404,1,1.0657,0.1412,,0.657,0.0299,0.279,NOMINAL,NOMINAL,NORMAL,0,
1705717800.0,1786289233.380623,1,1.026,0.136,,0.623,0.028,0.289,NOMINAL,NOMINAL,NORMAL,0,
1705718700.0,1786289233.5055795,1,1.0576,0.1378,,0.6,0.0286,0.245,NOMINAL,NOMINAL,TRIGGERED,1,omni_p6
1705719600.0,1786289233.631576,1,1.0115,0.1389,,0.618,0.0469,1.184,NOMINAL,PRE_ALERT,TRIGGERED,2,omni_p6
1705720500.0,1786289233.7565873,1,1.0749,0.1365,,0.619,0.0466,1.172,PRE_ALERT,NOMINAL,NORMAL,0,
1705721400.0,1786289233.880556,1,1.0239,0.1332,,0.621,0.0266,0.248,NOMINAL,NOMINAL,NORMAL,0,
1705722300.0,1786289234.0055685,1,1.0458,0.134,,0.603,0.027,0.242,NOMINAL,NOMINAL,NORMAL,0,
1705723200.0,1786289234.1305788,1,1.0218,0.1362,,0.598,0.0275,0.252,NOMINAL,NOMINAL,NORMAL,0,
1705724100.0,1786289234.2556753,1,1.0552,0.1387,,0.644,0.0304,0.259,NOMINAL,NOMINAL,NORMAL,0,
1705725000.0,1786289234.3805737,1,1.0041,0.1381,,0.632,0.0299,0.255,NOMINAL,NOMINAL,TRIGGERED,1,omni_p6
1705725900.0,1786289234.5055392,1,1.0197,0.1351,,0.597,0.0285,0.252,NOMINAL,NOMINAL,NORMAL,0,
1705726800.0,1786289234.6311965,1,1.1533,0.1506,,0.794,0.032,0.307,NOMINAL,NOMINAL,NORMAL,0,
1705727700.0,1786289234.7562313,1,1.1785,0.1481,,0.808,0.0337,0.323,NOMINAL,NOMINAL,NORMAL,0,
1705728600.0,1786289234.8808548,1,1.102,0.1431,,0.708,0.0302,0.274,NOMINAL,NOMINAL,NORMAL,0,
1705729500.0,1786289235.0056233,1,1.0445,0.1365,,0.624,0.0275,0.246,NOMINAL,NOMINAL,NORMAL,0,
1705730400.0,1786289235.1307287,1,1.0627,0.1442,,0.659,0.0287,0.267,NOMINAL,NOMINAL,NORMAL,0,
1705731300.0,1786289235.2557826,1,1.0962,0.1386,,0.671,0.0284,0.272,NOMINAL,NOMINAL,NORMAL,0,
1705732200.0,1786289235.380728,1,1.0738,0.1376,,0.659,0.0285,0.264,NOMINAL,NOMINAL,NORMAL,0,
1705733100.0,1786289235.5056493,1,1.0721,0.1405,,0.598,0.0286,0.277,NOMINAL,NOMINAL,NORMAL,0,
1705734000.0,1786289235.6306605,1,1.0348,0.1369,,0.612,0.029,0.274,NOMINAL,NOMINAL,NORMAL,0,
1705734900.0,1786289235.7562566,1,1.1599,0.1502,,0.841,0.0345,0.328,NOMINAL,NOMINAL,TRIGGERED,1,omni_p6
1705735800.0,1786289235.880826,1,1.1076,0.1393,,0.699,0.0307,0.264,NOMINAL,NOMINAL,NORMAL,0,
1705736700.0,1786289236.00563,1,1.0646,0.1349,,0.647,0.0282,0.247,NOMINAL,NOMINAL,NORMAL,0,
1705737600.0,1786289236.1306288,1,1.0412,0.1358,,0.609,0.0283,0.266,NOMINAL,NOMINAL,NORMAL,0,
1705738500.0,1786289236.2555816,1,1.024,0.1358,,0.628,0.029,0.248,NOMINAL,NOMINAL,NORMAL,0,
1705739400.0,1786289236.3808277,1,1.0672,0.141,,0.729,0.0301,0.28,NOMINAL,NOMINAL,NORMAL,0,
1705740300.0,1786289236.5056195,1,1.0462,0.1346,,0.623,0.0269,0.272,NOMINAL,NOMINAL,NORMAL,0,
1705741200.0,1786289236.6306388,1,1.0209,0.1369,,0.629,0.0284,0.266,NOMINAL,NOMINAL,TRIGGERED,1,omni_p6
1705742100.0,1786289236.7555795,1,1.0123,0.1349,,0.633,0.0269,0.262,NOMINAL,NOMINAL,NORMAL,0,
1705743000.0,1786289236.8805037,1,0.9969,0.132,,0.598,0.0253,0.255,NOMINAL,NOMINAL,NORMAL,0,
1705743900.0,1786289237.0054188,1,0.9882,0.1349,,0.545,0.0229,0.241,NOMINAL,NOMINAL,NORMAL,0,
1705744800.0,1786289237.1305976,1,0.9928,0.1321,,0.639,0.0276,0.268,NOMINAL,NOMINAL,NORMAL,0,
1705745700.0,1786289237.2554212,1,0.9671,0.1324,,0.59,0.0281,0.251,NOMINAL,NOMINAL,NORMAL,0,
1705746600.0,1786289237.3806946,1,1.0429,0.1398,,0.655,0.027,0.268,NOMINAL,NOMINAL,TRIGGERED,1,omni_p6
1705747500.0,1786289237.5067616,1,1.0329,0.1323,,0.596,0.0466,1.47,NOMINAL,PRE_ALERT,TRIGGERED,2,omni_p6
1705748400.0,1786289237.6316614,1,1.0837,0.1398,,0.632,0.0447,1.154,PRE_ALERT,NOMINAL,NORMAL,0,
1705749300.0,1786289237.7556376,1,1.0672,0.1367,,0.608,0.0299,0.277,NOMINAL,NOMINAL,NORMAL,0,
1705750200.0,1786289237.8804564,1,1.0321,0.1333,,0.537,0.0239,0.243,NOMINAL,NOMINAL,NORMAL,0,
1705751100.0,1786289238.0054085,1,1.0303,0.1331,,0.509,0.0218,0.228,NOMINAL,NOMINAL,NORMAL,0,
1705752000.0,1786289238.130603,1,1.0434,0.1411,,0.608,0.028,0.268,NOMINAL,NOMINAL,NORMAL,0,
1705752900.0,1786289238.255515,1,1.0385,0.1373,,0.574,0.0263,0.253,NOMINAL,NOMINAL,TRIGGERED,1,omni_p6
1705753800.0,1786289238.3814743,1,1.0874,0.1401,,0.503,0.0379,1.164,NOMINAL,PRE_ALERT,TRIGGERED,2,omni_p6
1705754700.0,1786289238.5066001,1,1.1267,0.1395,,0.579,0.0442,1.121,PRE_ALERT,NOMINAL,NORMAL,0,
1705755600.0,1786289238.630735,1,1.098,0.1406,,0.578,0.0254,0.259,NOMINAL,NOMINAL,NORMAL,0,
1705756500.0,1786289238.7555988,1,1.0477,0.1373,,0.622,0.0266,0.265,NOMINAL,NOMINAL,NORMAL,0,
1705757400.0,1786289238.880463,1,1.034,0.1393,,0.533,0.0248,0.241,NOMINAL,NOMINAL,NORMAL,0,
1705758300.0,1786289239.0052774,1,1.0148,0.1339,,0.45,0.0182,0.205,NOMINAL,NOMINAL,NORMAL,0,
1705759200.0,1786289239.1306112,1,1.0355,0.136,,0.596,0.0246,0.261,NOMINAL,NOMINAL,TRIGGERED,1,omni_p6
1705760100.0,1786289239.2564547,1,1.0219,0.1345,,0.581,0.0444,1.214,NOMINAL,PRE_ALERT,TRIGGERED,2,omni_p6
1705761000.0,1786289239.3813753,1,1.1251,0.1408,,0.514,0.031,0.965,PRE_ALERT,NOMINAL,NORMAL,0,
1705761900.0,1786289239.5057054,1,1.098,0.1383,,0.637,0.0273,0.262,NOMINAL,NOMINAL,NORMAL,0,
1705762800.0,1786289239.631119,1,1.1829,0.1466,,0.704,0.0302,0.293,NOMINAL,NOMINAL,NORMAL,0,
1705763700.0,1786289239.7562819,1,1.1601,0.1439,,0.856,0.0349,0.372,NOMINAL,NOMINAL,NORMAL,0,
1705764600.0,1786289239.8807762,1,1.0929,0.141,,0.67,0.0281,0.277,NOMINAL,NOMINAL,NORMAL,0,
1705765500.0,1786289240.0055766,1,1.0675,0.1402,,0.578,0.0259,0.246,NOMINAL,NOMINAL,TRIGGERED,1,omni_p6
1705766400.0,1786289240.1306624,1,1.0374,0.1383,,0.638,0.0275,0.272,NOMINAL,NOMINAL,NORMAL,0,
1705767300.0,1786289240.2555194,1,1.0015,0.1327,,0.63,0.0294,0.26,NOMINAL,NOMINAL,NORMAL,0,
1705768200.0,1786289240.3806305,1,1.0589,0.1353,,0.623,0.0265,0.246,NOMINAL,NOMINAL,NORMAL,0,
1705769100.0,1786289240.5056717,1,1.0645,0.1375,,0.644,0.0304,0.264,NOMINAL,NOMINAL,NORMAL,0,
1705770000.0,1786289240.630671,1,1.0309,0.1369,,0.655,0.0298,0.259,NOMINAL,NOMINAL,NORMAL,0,
1705770900.0,1786289240.7561018,1,1.1658,0.1483,,0.737,0.0334,0.298,NOMINAL,NOMINAL,NORMAL,0,
1705771800.0,1786289240.8806314,1,1.0756,0.1388,,0.582,0.0245,0.243,NOMINAL,NOMINAL,NORMAL,0,
1705772700.0,1786289241.0055737,1,1.0625,0.1354,,0.58,0.0255,0.249,NOMINAL,NOMINAL,NORMAL,0,
1705773600.0,1786289241.1306636,1,1.0245,0.1403,,0.643,0.0279,0.275,NOMINAL,NOMINAL,NORMAL,0,
1705774500.0,1786289241.2555773,1,1.0357,0.1348,,0.629,0.0282,0.257,NOMINAL,NOMINAL,NORMAL,0,
1705775400.0,1786289241.3805509,1,1.0138,0.1378,,0.602,0.0244,0.243,NOMINAL,NOMINAL,NORMAL,0,
1705776300.0,1786289241.5058165,1,1.1144,0.14,,0.659,0.028,0.269,NOMINAL,NOMINAL,NORMAL,0,
1705777200.0,1786289241.6307554,1,1.0681,0.1387,,0.663,0.0274,0.268,NOMINAL,NOMINAL,NORMAL,0,
1705778100.0,1786289241.7556226,1,1.0181,0.1373,,0.643,0.0273,0.265,NOMINAL,NOMINAL,NORMAL,0,
1705779000.0,1786289241.8804817,1,0.9932,0.1348,,0.581,0.025,0.247,NOMINAL,NOMINAL,NORMAL,0,
1705779900.0,1786289242.005416,1,0.9742,0.1287,,0.561,0.0256,0.246,NOMINAL,NOMINAL,NORMAL,0,
1705780800.0,1786289242.1305552,1,0.9893,0.1343,,0.614,0.0262,0.26,NOMINAL,NOMINAL,NORMAL,0,
1705781700.0,1786289242.2554154,1,0.9875,0.1317,,0.579,0.0247,0.241,NOMINAL,NOMINAL,NORMAL,0,
1705782600.0,1786289242.3802745,1,0.9525,0.1301,,0.487,0.0355,0.235,NOMINAL,NOMINAL,NORMAL,0,
1705783500.0,1786289242.5057428,1,1.0907,0.1383,,0.645,0.0268,0.261,NOMINAL,NOMINAL,NORMAL,0,
1705784400.0,1786289242.6306353,1,1.0291,0.1362,,0.606,0.0251,0.247,NOMINAL,NOMINAL,NORMAL,0,
1705785300.0,1786289242.7555952,1,1.0099,0.1346,,0.632,0.0277,0.271,NOMINAL,NOMINAL,NORMAL,0,
1705786200.0,1786289242.8804593,1,0.9986,0.1376,,0.578,0.0246,0.244,NOMINAL,NOMINAL,TRIGGERED,1,omni_p6
1705787100.0,1786289243.0054028,1,1.0172,0.1321,,0.527,0.0221,0.228,NOMINAL,NOMINAL,NORMAL,0,
1705788000.0,1786289243.1306012,1,0.9848,0.1345,,0.646,0.0277,0.264,NOMINAL,NOMINAL,NORMAL,0,
1705788900.0,1786289243.255455,1,0.9777,0.1314,,0.611,0.0281,0.253,NOMINAL,NOMINAL,NORMAL,0,
1705789800.0,1786289243.3804743,1,0.9696,0.1314,,0.614,0.0241,0.243,NOMINAL,NOMINAL,NORMAL,0,
1705790700.0,1786289243.5057087,1,1.0559,0.1352,,0.662,0.0286,0.274,NOMINAL,NOMINAL,NORMAL,0,
1705791600.0,1786289243.6307216,1,1.0115,0.1373,,0.734,0.0277,0.259,NOMINAL,NOMINAL,TRIGGERED,1,omni_p6
1705792500.0,1786289243.7566004,1,1.0039,0.1362,,0.638,0.0486,1.28,NOMINAL,PRE_ALERT,TRIGGERED,2,omni_p6
1705793400.0,1786289243.8814213,1,1.0737,0.1375,,0.57,0.0378,1.058,PRE_ALERT,NOMINAL,NORMAL,0,
1705794300.0,1786289244.0055506,1,1.0402,0.1335,,0.583,0.0272,0.251,NOMINAL,NOMINAL,NORMAL,0,
1705795200.0,1786289244.1313574,1,1.0133,0.1282,0.5903,0.671,0.0291,0.285,NOMINAL,NOMINAL,NORMAL,0,
1705796100.0,1786289244.25559,1,1.0406,0.1385,,0.621,0.0271,0.258,NOMINAL,NOMINAL,NORMAL,0,
1705797000.0,1786289244.3805,1,1.0189,0.1342,,0.56,0.0233,0.23,NOMINAL,NOMINAL,NORMAL,0,
1705797900.0,1786289244.5057664,1,1.0935,0.1409,,0.667,0.029,0.275,NOMINAL,NOMINAL,TRIGGERED,1,omni_p6
1705798800.0,1786289244.632052,1,1.1452,0.1467,,0.759,0.0515,1.251,NOMINAL,PRE_ALERT,TRIGGERED,2,omni_p6
1705799700.0,1786289244.7572215,1,1.187,0.1491,,0.839,0.0524,1.259,PRE_ALERT,NOMINAL,NORMAL,0,
1705800600.0,1786289244.8809361,1,1.1401,0.1444,,0.72,0.0304,0.28,NOMINAL,NOMINAL,NORMAL,0,
1705801500.0,1786289245.0058258,1,1.1458,0.1402,,0.681,0.0288,0.269,NOMINAL,NOMINAL,NORMAL,0,
1705802400.0,1786289245.1307256,1,1.0555,0.1363,,0.663,0.0286,0.272,NOMINAL,NOMINAL,NORMAL,0,
1705803300.0,1786289245.2556052,1,1.0358,0.1384,,0.645,0.0284,0.27,NOMINAL,NOMINAL,NORMAL,0,
1705804200.0,1786289245.3805423,1,1.0051,0.1393,,0.616,0.0263,0.255,NOMINAL,NOMINAL,TRIGGERED,1,omni_p6
1705805100.0,1786289245.5058734,1,1.0676,0.1376,,0.697,0.1446,0.402,NOMINAL,NOMINAL,NORMAL,0,
1705806000.0,1786289245.630699,1,1.0276,0.136,,0.67,0.0291,0.273,NOMINAL,NOMINAL,NORMAL,0,
1705806900.0,1786289245.7568152,1,1.1757,0.1505,,0.961,0.0341,0.767,NOMINAL,NOMINAL,NORMAL,0,
1705807800.0,1786289245.8809342,1,1.1237,0.1388,,0.749,0.0325,0.291,NOMINAL,NOMINAL,NORMAL,0,
1705808700.0,1786289246.0057063,1,1.0756,0.1382,,0.651,0.0305,0.269,NOMINAL,NOMINAL,NORMAL,0,
1705809600.0,1786289246.1306777,1,1.0245,0.1331,,0.664,0.0289,0.281,NOMINAL,NOMINAL,NORMAL,0,
1705810500.0,1786289246.2554963,1,1.0025,0.1356,,0.601,0.0273,0.258,NOMINAL,NOMINAL,TRIGGERED,1,omni_p6
1705811400.0,1786289246.380526,1,0.9899,0.138,,0.617,0.0268,0.254,NOMINAL,NOMINAL,NORMAL,0,
1705812300.0,1786289246.505556,1,1.0286,0.1341,,0.6,0.0262,0.252,NOMINAL,NOMINAL,NORMAL,0,
1705813200.0,1786289246.6308002,1,1.065,0.1428,,0.67,0.0293,0.28,NOMINAL,NOMINAL,NORMAL,0,
1705814100.0,1786289246.7556076,1,1.0464,0.1357,,0.604,0.0282,0.266,NOMINAL,NOMINAL,NORMAL,0,
1705815000.0,1786289246.8806014,1,1.0192,0.1333,,0.644,0.0268,0.261,NOMINAL,NOMINAL,NORMAL,0,
1705815900.0,1786289247.005491,1,1.0186,0.1347,,0.577,0.0255,0.248,NOMINAL,NOMINAL,NORMAL,0,
1705816800.0,1786289247.1305852,1,0.9977,0.1344,,0.613,0.0281,0.269,NOMINAL,NOMINAL,NORMAL,0,
1705817700.0,1786289247.2555041,1,0.9747,0.1328,,0.637,0.0272,0.262,NOMINAL,NOMINAL,NORMAL,0,
1705818600.0,1786289247.3806212,1,1.0179,0.1333,,0.655,0.0264,0.263,NOMINAL,NOMINAL,NORMAL,0,
1705819500.0,1786289247.505526,1,1.0236,0.1319,,0.581,0.0272,0.255,NOMINAL,NOMINAL,NORMAL,0,
1705820400.0,1786289247.630792,1,1.0666,0.1388,,0.656,0.0309,0.279,NOMINAL,NOMINAL,NORMAL,0,
1705821300.0,1786289247.7556777,1,1.0621,0.1364,,0.64,0.0296,0.272,NOMINAL,NOMINAL,NORMAL,0,
1705822200.0,1786289247.880669,1,1.0337,0.1364,,0.675,0.0287,0.272,NOMINAL,NOMINAL,NORMAL,0,
1705823100.0,1786289248.005537,1,1.0396,0.1348,,0.576,0.0273,0.253,NOMINAL,NOMINAL,NORMAL,0,
1705824000.0,1786289248.1307259,1,0.9858,0.1333,,0.635,0.0297,0.412,NOMINAL,NOMINAL,NORMAL,0,
1705824900.0,1786289248.2555234,1,0.9629,0.1342,,0.64,0.0293,0.304,NOMINAL,NOMINAL,NORMAL,0,
1705825800.0,1786289248.3805277,1,1.0021,0.1378,,0.592,0.0279,0.258,NOMINAL,NOMINAL,TRIGGERED,1,omni_p6
1705826700.0,1786289248.5063372,1,0.9977,0.1348,,0.515,0.0407,1.183,NOMINAL,PRE_ALERT,TRIGGERED,2,omni_p6
1705827600.0,1786289248.6318333,1,1.145,0.144,,0.662,0.0458,1.184,PRE_ALERT,NOMINAL,NORMAL,0,
1705828500.0,1786289248.7557065,1,1.0895,0.139,,0.625,0.029,0.264,NOMINAL,NOMINAL,NORMAL,0,
1705829400.0,1786289248.8806484,1,1.0557,0.1372,,0.64,0.0275,0.261,NOMINAL,NOMINAL,NORMAL,0,
1705830300.0,1786289249.005412,1,1.049,0.1363,,0.488,0.0205,0.209,NOMINAL,NOMINAL,NORMAL,0,
1705831200.0,1786289249.1304903,1,1.0017,0.1327,,0.564,0.0248,0.257,NOMINAL,NOMINAL,NORMAL,0,
1705832100.0,1786289249.2554026,1,0.9817,0.1341,,0.574,0.0272,0.246,NOMINAL,NOMINAL,TRIGGERED,1,omni_p6
1705833000.0,1786289249.3814642,1,0.9913,0.1332,,0.623,0.0429,1.195,NOMINAL,PRE_ALERT,TRIGGERED,2,omni_p6
1705833900.0,1786289249.5065856,1,1.0881,0.1401,,0.609,0.0444,1.16,PRE_ALERT,NOMINAL,NORMAL,0,
1705834800.0,1786289249.631119,1,1.1608,0.1468,,0.732,0.0294,0.294,NOMINAL,NOMINAL,NORMAL,0,
1705835700.0,1786289249.7561224,1,1.187,0.1494,,0.699,0.0323,0.293,NOMINAL,NOMINAL,NORMAL,0,
1705836600.0,1786289249.8809235,1,1.1532,0.1429,,0.692,0.0307,0.281,NOMINAL,NOMINAL,NORMAL,0,
1705837500.0,1786289250.0052423,1,0.8722,0.0419,,0.533,0.0188,0.227,NOMINAL,NOMINAL,STALE,0,
1705838400.0,1786289250.130228,1,0.8035,0.042,,0.555,0.0218,0.25,NOMINAL,NOMINAL,STALE,0,
1705839300.0,1786289250.255206,1,0.8023,0.0409,,0.606,0.0225,0.251,NOMINAL,NOMINAL,STALE,0,
1705840200.0,1786289250.3803337,1,0.8275,0.0433,,0.614,0.0247,0.273,NOMINAL,NOMINAL,STALE,0,
1705841100.0,1786289250.5052955,1,0.8422,0.0414,,0.589,0.0247,0.254,NOMINAL,NOMINAL,STALE,0,
1705842000.0,1786289250.6304386,1,0.8422,0.0434,,0.65,0.0241,0.262,NOMINAL,NOMINAL,STALE,0,
1705842900.0,1786289250.7562597,1,1.2124,0.1503,,0.771,0.0322,0.359,NOMINAL,NOMINAL,NORMAL,0,
1705843800.0,1786289250.880921,1,1.1332,0.1471,,0.696,0.03,0.311,NOMINAL,NOMINAL,TRIGGERED,1,omni_p6
1705844700.0,1786289251.0065713,1,1.1163,0.1403,,0.54,0.0418,1.197,NOMINAL,PRE_ALERT,TRIGGERED,2,omni_p6
1705845600.0,1786289251.1316607,1,1.0959,0.1413,,0.623,0.0472,1.171,PRE_ALERT,NOMINAL,NORMAL,0,
1705846500.0,1786289251.2555816,1,1.0591,0.1373,,0.604,0.0294,0.258,NOMINAL,NOMINAL,NORMAL,0,
1705847400.0,1786289251.3806343,1,1.0466,0.1369,,0.633,0.0277,0.264,NOMINAL,NOMINAL,NORMAL,0,
1705848300.0,1786289251.5055816,1,1.0619,0.1341,,0.593,0.0272,0.254,NOMINAL,NOMINAL,NORMAL,0,
1705849200.0,1786289251.6305516,1,1.0132,0.1375,,0.593,0.0252,0.258,NOMINAL,NOMINAL,NORMAL,0,
1705850100.0,1786289251.755757,1,1.08,0.1401,,0.654,0.0288,0.273,NOMINAL,NOMINAL,TRIGGERED,1,omni_p6
1705851000.0,1786289251.881494,1,1.0163,0.1398,,0.641,0.0469,1.194,NOMINAL,PRE_ALERT,TRIGGERED,2,omni_p6
1705851900.0,1786289252.0063562,1,1.0953,0.1385,,0.523,0.0373,1.042,PRE_ALERT,NOMINAL,NORMAL,0,
1705852800.0,1786289252.1305773,1,1.0512,0.1393,,0.561,0.0261,0.261,NOMINAL,NOMINAL,NORMAL,0,
1705853700.0,1786289252.2554796,1,1.0039,0.1331,,0.606,0.027,0.253,NOMINAL,NOMINAL,NORMAL,0,
1705854600.0,1786289252.38048,1,0.9974,0.1351,,0.613,0.0276,0.253,NOMINAL,NOMINAL,NORMAL,0,
1705855500.0,1786289252.505516,1,1.018,0.1355,,0.6,0.0262,0.249,NOMINAL,NOMINAL,NORMAL,0,
1705856400.0,1786289252.630515,1,0.9999,0.1345,,0.567,0.0255,0.25,NOMINAL,NOMINAL,NORMAL,0,
1705857300.0,1786289252.7557912,1,1.1108,0.1419,,0.628,0.0293,0.277,NOMINAL,NOMINAL,NORMAL,0,
1705858200.0,1786289252.880675,1,1.0437,0.1381,,0.644,0.0288,0.29,NOMINAL,NOMINAL,NORMAL,0,
1705859100.0,1786289253.0054991,1,1.0243,0.1319,,0.56,0.0257,0.255,NOMINAL,NOMINAL,NORMAL,0,
1705860000.0,1786289253.1305575,1,0.9876,0.1346,,0.638,0.0264,0.259,NOMINAL,NOMINAL,NORMAL,0,
1705860900.0,1786289253.2554593,1,0.9946,0.1326,,0.593,0.027,0.248,NOMINAL,NOMINAL,NORMAL,0,
1705861800.0,1786289253.380643,1,1.0423,0.1361,,0.637,0.0276,0.256,NOMINAL,NOMINAL,NORMAL,0,
1705862700.0,1786289253.5055535,1,1.0493,0.1368,,0.572,0.0268,0.257,NOMINAL,NOMINAL,NORMAL,0,
1705863600.0,1786289253.6305678,1,1.0105,0.1378,,0.587,0.0276,0.258,NOMINAL,NOMINAL,NORMAL,0,
1705864500.0,1786289253.7557583,1,1.0787,0.1386,,0.644,0.03,0.273,NOMINAL,NOMINAL,NORMAL,0,
1705865400.0,1786289253.8806632,1,1.0435,0.1386,,0.655,0.0278,0.264,NOMINAL,NOMINAL,NORMAL,0,
1705866300.0,1786289254.005388,1,1.0329,0.1341,,0.496,0.0211,0.217,NOMINAL,NOMINAL,NORMAL,0,
1705867200.0,1786289254.1303048,1,0.9506,0.1316,,0.481,0.0207,0.221,NOMINAL,NOMINAL,NORMAL,0,
1705868100.0,1786289254.2554164,1,0.9637,0.1322,,0.595,0.0266,0.251,NOMINAL,NOMINAL,NORMAL,0,
1705869000.0,1786289254.3805459,1,1.0059,0.1341,,0.622,0.0286,0.256,NOMINAL,NOMINAL,NORMAL,0,
1705869900.0,1786289254.5054688,1,1.0027,0.1332,,0.582,0.026,0.25,NOMINAL,NOMINAL,NORMAL,0,
1705870800.0,1786289254.6311803,1,1.1667,0.1498,,0.767,0.0326,0.321,NOMINAL,NOMINAL,TRIGGERED,1,omni_p6
1705871700.0,1786289254.756233,1,1.1876,0.1471,,0.787,0.0341,0.322,NOMINAL,NOMINAL,NORMAL,0,
1705872600.0,1786289254.8809106,1,1.116,0.1429,,0.726,0.0312,0.288,NOMINAL,NOMINAL,NORMAL,0,
1705873500.0,1786289255.0057533,1,1.1259,0.1402,,0.636,0.0283,0.261,NOMINAL,NOMINAL,NORMAL,0,
1705874400.0,1786289255.1305542,1,1.0255,0.1344,,0.55,0.0261,0.269,NOMINAL,NOMINAL,NORMAL,0,
1705875300.0,1786289255.2555227,1,1.0167,0.1352,,0.613,0.026,0.251,NOMINAL,NOMINAL,NORMAL,0,
1705876200.0,1786289255.3805857,1,1.0129,0.1366,,0.641,0.0274,0.257,NOMINAL,NOMINAL,NORMAL,0,
1705877100.0,1786289255.5055172,1,1.0173,0.1338,,0.602,0.0255,0.25,NOMINAL,NOMINAL,TRIGGERED,1,omni_p6
1705878000.0,1786289255.6319149,1,0.9731,0.1342,,0.638,0.0442,1.612,NOMINAL,PRE_ALERT,TRIGGERED,2,omni_p6
1705878900.0,1786289255.7571988,1,1.1906,0.1497,,0.799,0.0514,1.257,PRE_ALERT,NOMINAL,NORMAL,0,
1705879800.0,1786289255.880997,1,1.1577,0.1438,,0.734,0.0326,0.288,NOMINAL,NOMINAL,NORMAL,0,
1705880700.0,1786289256.0056865,1,1.0819,0.1386,,0.628,0.0274,0.264,NOMINAL,NOMINAL,NORMAL,0,
1705881600.0,1786289256.131235,1,1.0592,0.1309,0.582,0.54,0.0273,0.281,NOMINAL,NOMINAL,NORMAL,0,
1705882500.0,1786289256.255668,1,1.0676,0.1445,,0.638,0.0307,0.272,NOMINAL,NOMINAL,TRIGGERED,1,omni_p6
1705883400.0,1786289256.3820875,1,1.0723,0.1416,,0.672,0.0473,1.618,NOMINAL,PRE_ALERT,TRIGGERED,2,omni_p6
1705884300.0,1786289256.506676,1,1.1267,0.1387,,0.623,0.048,1.172,PRE_ALERT,NOMINAL,NORMAL,0,
1705885200.0,1786289256.630752,1,1.0771,0.1393,,0.649,0.0304,0.27,NOMINAL,NOMINAL,NORMAL,0,
1705886100.0,1786289256.75609,1,1.0724,0.1392,,0.979,0.0324,0.307,NOMINAL,NOMINAL,NORMAL,0,
1705887000.0,1786289256.8806689,1,1.0449,0.138,,0.648,0.0283,0.267,NOMINAL,NOMINAL,NORMAL,0,
1705887900.0,1786289257.0055084,1,1.039,0.1359,,0.577,0.0267,0.253,NOMINAL,NOMINAL,NORMAL,0,
1705888800.0,1786289257.1303797,1,0.9647,0.1337,,0.52,0.0257,0.25,NOMINAL,NOMINAL,TRIGGERED,1,omni_p6
1705889700.0,1786289257.256819,1,0.9619,0.1349,,0.618,0.0458,1.634,NOMINAL,PRE_ALERT,TRIGGERED,2,omni_p6
1705890600.0,1786289257.3816047,1,1.0641,0.1364,,0.649,0.0474,1.158,PRE_ALERT,NOMINAL,NORMAL,0,
1705891500.0,1786289257.5056064,1,1.0438,0.1336,,0.626,0.0286,0.261,NOMINAL,NOMINAL,NORMAL,0,
1705892400.0,1786289257.6305876,1,0.9972,0.1333,,0.639,0.0281,0.259,NOMINAL,NOMINAL,NORMAL,0,
1705893300.0,1786289257.7555118,1,0.9897,0.1332,,0.599,0.0288,0.265,NOMINAL,NOMINAL,NORMAL,0,
1705894200.0,1786289257.8807905,1,1.0619,0.1396,,0.685,0.0286,0.283,NOMINAL,NOMINAL,NORMAL,0,
1705895100.0,1786289258.005558,1,1.0224,0.1372,,0.608,0.0269,0.252,NOMINAL,NOMINAL,TRIGGERED,1,omni_p6
1705896000.0,1786289258.1317437,1,0.9729,0.1375,,0.535,0.0436,1.574,NOMINAL,PRE_ALERT,TRIGGERED,2,omni_p6
1705896900.0,1786289258.2565477,1,1.0467,0.1389,,0.621,0.0458,1.19,PRE_ALERT,NOMINAL,NORMAL,0,
1705897800.0,1786289258.3806384,1,1.0352,0.1358,,0.644,0.0292,0.261,NOMINAL,NOMINAL,NORMAL,0,
1705898700.0,1786289258.5055513,1,1.019,0.1348,,0.61,0.0276,0.259,NOMINAL,NOMINAL,NORMAL,0,
1705899600.0,1786289258.6305687,1,0.9901,0.1335,,0.624,0.0278,0.258,NOMINAL,NOMINAL,NORMAL,0,
1705900500.0,1786289258.7555435,1,0.992,0.1326,,0.614,0.0271,0.26,NOMINAL,NOMINAL,NORMAL,0,
1705901400.0,1786289258.8806992,1,1.0338,0.1403,,0.668,0.0296,0.272,NOMINAL,NOMINAL,NORMAL,0,
1705902300.0,1786289259.0054748,1,0.9916,0.1327,,0.571,0.0258,0.252,NOMINAL,NOMINAL,NORMAL,0,
1705903200.0,1786289259.1303794,1,0.9628,0.1315,,0.508,0.0261,0.254,NOMINAL,NOMINAL,NORMAL,0,
1705904100.0,1786289259.2566178,1,1.0169,0.1369,,0.666,0.0319,0.278,NOMINAL,NOMINAL,NORMAL,0,
1705905000.0,1786289259.3811235,1,1.0098,0.1676,,0.627,0.0288,0.264,NOMINAL,NOMINAL,NORMAL,0,
1705905900.0,1786289259.506116,1,1.0385,0.1375,,0.622,0.03,0.267,NOMINAL,NOMINAL,NORMAL,0,
1705906800.0,1786289259.6316118,1,1.12,0.1486,,0.785,0.031,0.305,NOMINAL,NOMINAL,NORMAL,0,
1705907700.0,1786289259.7566905,1,1.1533,0.1456,,0.803,0.0344,0.308,NOMINAL,NOMINAL,NORMAL,0,
1705908600.0,1786289259.8816435,1,1.1651,0.1467,,0.792,0.0343,0.355,NOMINAL,NOMINAL,NORMAL,0,
1705909500.0,1786289260.006228,1,1.0918,0.14,,0.631,0.0308,0.274,NOMINAL,NOMINAL,NORMAL,0,
1705910400.0,1786289260.1310003,1,1.0089,0.136,,0.538,0.0281,0.266,NOMINAL,NOMINAL,NORMAL,0,
1705911300.0,1786289260.2560194,1,0.9909,0.1375,,0.609,0.0284,0.263,NOMINAL,NOMINAL,TRIGGERED,1,omni_p6
1705912200.0,1786289260.3810983,1,0.9948,0.1726,,0.616,0.0278,0.261,NOMINAL,NOMINAL,NORMAL,0,
1705913100.0,1786289260.5060477,1,1.0476,0.1364,,0.574,0.0284,0.255,NOMINAL,NOMINAL,NORMAL,0,
1705914000.0,1786289260.631067,1,0.9851,0.1353,,0.622,0.0279,0.264,NOMINAL,NOMINAL,NORMAL,0,
1705914900.0,1786289260.7567148,1,1.1641,0.1479,,0.799,0.0314,0.324,NOMINAL,NOMINAL,NORMAL,0,
1705915800.0,1786289260.8813617,1,1.1472,0.1447,,0.628,0.0276,0.261,NOMINAL,NOMINAL,NORMAL,0,
1705916700.0,1786289261.0064342,1,1.1263,0.1432,,0.677,0.0306,0.38,NOMINAL,NOMINAL,NORMAL,0,
1705917600.0,1786289261.1310291,1,1.0259,0.1392,,0.542,0.0268,0.264,NOMINAL,NOMINAL,TRIGGERED,1,omni_p6
1705918500.0,1786289261.2559977,1,0.9922,0.1333,,0.604,0.0273,0.256,NOMINAL,NOMINAL,NORMAL,0,
1705919400.0,1786289261.381139,1,1.0002,0.173,,0.634,0.0269,0.262,NOMINAL,NOMINAL,NORMAL,0,
1705920300.0,1786289261.506017,1,1.0118,0.133,,0.595,0.0268,0.25,NOMINAL,NOMINAL,NORMAL,0,
1705921200.0,1786289261.6310844,1,0.9913,0.1342,,0.639,0.0292,0.265,NOMINAL,NOMINAL,NORMAL,0,
1705922100.0,1786289261.7560802,1,0.9983,0.134,,0.634,0.0289,0.266,NOMINAL,NOMINAL,NORMAL,0,
1705923000.0,1786289261.8811967,1,1.0133,0.1661,,0.651,0.0567,0.298,NOMINAL,NOMINAL,TRIGGERED,1,omni_p6
1705923900.0,1786289262.007504,1,1.0604,0.1379,,0.636,0.0482,1.618,NOMINAL,PRE_ALERT,TRIGGERED,2,omni_p6
1705924800.0,1786289262.1320329,1,1.0625,0.1389,,0.544,0.0446,1.19,PRE_ALERT,NOMINAL,NORMAL,0,
1705925700.0,1786289262.2561686,1,1.0503,0.14,,0.631,0.0285,0.292,NOMINAL,NOMINAL,NORMAL,0,
1705926600.0,1786289262.3811393,1,1.0167,0.1634,,0.625,0.0289,0.27,NOMINAL,NOMINAL,NORMAL,0,
1705927500.0,1786289262.5061018,1,1.0741,0.1365,,0.583,0.0268,0.259,NOMINAL,NOMINAL,NORMAL,0,
1705928400.0,1786289262.6311572,1,1.0207,0.1417,,0.657,0.0279,0.275,NOMINAL,NOMINAL,NORMAL,0,
1705929300.0,1786289262.7561493,1,1.0241,0.1353,,0.623,0.0274,0.32,NOMINAL,NOMINAL,TRIGGERED,1,omni_p6
1705930200.0,1786289262.8823543,1,1.0011,0.1634,,0.612,0.0448,1.508,NOMINAL,PRE_ALERT,TRIGGERED,2,omni_p6
1705931100.0,1786289263.0073917,1,1.1714,0.142,,0.682,0.0489,1.213,PRE_ALERT,NOMINAL,NORMAL,0,
1705932000.0,1786289263.1310542,1,1.0452,0.1404,,0.522,0.0276,0.266,NOMINAL,NOMINAL,NORMAL,0,
1705932900.0,1786289263.2560575,1,1.0083,0.1343,,0.612,0.028,0.26,NOMINAL,NOMINAL,NORMAL,0,
1705933800.0,1786289263.381141,1,0.9838,0.1651,,0.639,0.0278,0.303,NOMINAL,NOMINAL,NORMAL,0,
1705934700.0,1786289263.5060272,1,1.0044,0.1337,,0.598,0.027,0.26,NOMINAL,NOMINAL,NORMAL,0,
1705935600.0,1786289263.6310503,1,0.9719,0.1424,,0.631,0.0286,0.266,NOMINAL,NOMINAL,TRIGGERED,1,omni_p6
1705936500.0,1786289263.755968,1,0.9556,0.1341,,0.601,0.0263,0.26,NOMINAL,NOMINAL,NORMAL,0,
1705937400.0,1786289263.8812213,1,1.0196,0.1589,,0.709,0.0283,0.283,NOMINAL,NOMINAL,NORMAL,0,
1705938300.0,1786289264.0063012,1,1.0941,0.1435,,0.668,0.0301,0.268,NOMINAL,NOMINAL,NORMAL,0,
1705939200.0,1786289264.1309774,1,0.996,0.1293,,0.58,0.0272,0.249,NOMINAL,NOMINAL,NORMAL,0,
1705940100.0,1786289264.2559228,1,0.9766,0.13,,0.562,0.0291,0.251,NOMINAL,NOMINAL,NORMAL,0,
1705941000.0,1786289264.3810399,1,0.9532,0.1292,,0.613,0.0287,0.329,NOMINAL,NOMINAL,NORMAL,0,
1705941900.0,1786289264.506047,1,0.9968,0.1301,,0.603,0.0314,0.287,NOMINAL,NOMINAL,NORMAL,0,
1705942800.0,1786289264.631697,1,1.1274,0.1471,,0.829,0.0307,0.286,NOMINAL,NOMINAL,NORMAL,0,
1705943700.0,1786289264.7566626,1,1.1457,0.1429,,0.848,0.0315,0.287,NOMINAL,NOMINAL,NORMAL,0,
1705944600.0,1786289264.881383,1,1.0814,0.1409,,0.734,0.0298,0.283,NOMINAL,NOMINAL,NORMAL,0,
1705945500.0,1786289265.0063047,1,1.085,0.1397,,0.695,0.0287,0.276,NOMINAL,NOMINAL,NORMAL,0,
1705946400.0,1786289265.1310008,1,1.0116,0.1312,,0.551,0.0281,0.265,NOMINAL,NOMINAL,NORMAL,0,
1705947300.0,1786289265.25608,1,0.9985,0.1346,,0.66,0.0282,0.26,NOMINAL,NOMINAL,NORMAL,0,
1705948200.0,1786289265.3809078,1,0.9833,0.1723,,0.499,0.0182,0.207,NOMINAL,NOMINAL,NORMAL,0,
1705949100.0,1786289265.5060177,1,1.0436,0.1356,,0.536,0.0224,0.227,NOMINAL,NOMINAL,NORMAL,0,
1705950000.0,1786289265.631058,1,1.0112,0.1388,,0.586,0.0237,0.25,NOMINAL,NOMINAL,NORMAL,0,
1705950900.0,1786289265.756328,1,1.121,0.1416,,0.581,0.0248,0.274,NOMINAL,NOMINAL,NORMAL,0,
1705951800.0,1786289265.88123,1,1.0644,0.1421,,0.623,0.0265,0.278,NOMINAL,NOMINAL,NORMAL,0,
1705952700.0,1786289266.0064402,1,1.0852,0.1381,,0.701,0.0284,0.372,NOMINAL,NOMINAL,NORMAL,0,
1705953600.0,1786289266.130959,1,1.0192,0.1347,,0.513,0.0211,0.23,NOMINAL,NOMINAL,NORMAL,0,
1705954500.0,1786289266.2560728,1,0.9874,0.1348,,0.628,0.0269,0.31,NOMINAL,NOMINAL,NORMAL,0,
1705955400.0,1786289266.3808866,1,0.9684,0.1314,,0.556,0.0231,0.24,NOMINAL,NOMINAL,NORMAL,0,
1705956300.0,1786289266.5060356,1,1.0261,0.1379,,0.59,0.0259,0.253,NOMINAL,NOMINAL,TRIGGERED,1,omni_p6
1705957200.0,1786289266.6310291,1,0.9853,0.1358,,0.628,0.026,0.255,NOMINAL,NOMINAL,NORMAL,0,
1705958100.0,1786289266.7560272,1,0.9429,0.1306,,0.697,0.026,0.247,NOMINAL,NOMINAL,NORMAL,0,
1705959000.0,1786289266.8808439,1,0.9417,0.133,,0.538,0.0212,0.221,NOMINAL,NOMINAL,NORMAL,0,
1705959900.0,1786289267.0061967,1,1.0493,0.1367,,0.647,0.0263,0.271,NOMINAL,NOMINAL,NORMAL,0,
1705960800.0,1786289267.1308138,1,0.965,0.1308,,0.484,0.0195,0.225,NOMINAL,NOMINAL,NORMAL,0,
1705961700.0,1786289267.2559874,1,0.9806,0.1361,,0.607,0.0252,0.251,NOMINAL,NOMINAL,NORMAL,0,
1705962600.0,1786289267.3808517,1,0.9602,0.1313,,0.493,0.0191,0.209,NOMINAL,NOMINAL,TRIGGERED,1,omni_p6
1705963500.0,1786289267.5059159,1,0.9953,0.1294,,0.544,0.0201,0.223,NOMINAL,NOMINAL,NORMAL,0,
1705964400.0,1786289267.6309552,1,0.9444,0.1308,,0.606,0.0244,0.25,NOMINAL,NOMINAL,NORMAL,0,
1705965300.0,1786289267.755902,1,0.9457,0.1313,,0.564,0.0247,0.242,NOMINAL,NOMINAL,NORMAL,0,
1705966200.0,1786289267.8808413,1,0.9392,0.1309,,0.548,0.0207,0.215,NOMINAL,NOMINAL,NORMAL,0,
1705967100.0,1786289268.0061545,1,1.0177,0.1338,,0.652,0.0261,0.267,NOMINAL,NOMINAL,NORMAL,0,
1705968000.0,1786289268.1317108,1,1.0076,0.1316,0.5951,0.57,0.0244,0.262,NOMINAL,NOMINAL,TRIGGERED,1,omni_p6
1705968900.0,1786289268.2570865,1,1.0179,0.1408,,0.639,0.0453,1.244,NOMINAL,PRE_ALERT,TRIGGERED,2,omni_p6
1705969800.0,1786289268.382102,1,1.0509,0.1392,,0.615,0.0418,1.133,PRE_ALERT,NOMINAL,NORMAL,0,
1705970700.0,1786289268.506199,1,1.0866,0.1412,,0.627,0.027,0.256,NOMINAL,NOMINAL,NORMAL,0,
1705971600.0,1786289268.6313164,1,1.0262,0.1376,,0.784,0.0291,0.272,NOMINAL,NOMINAL,NORMAL,0,
1705972500.0,1786289268.7560422,1,0.9889,0.1369,,0.62,0.0259,0.251,NOMINAL,NOMINAL,NORMAL,0,
1705973400.0,1786289268.8808424,1,0.9684,0.1318,,0.53,0.0216,0.217,NOMINAL,NOMINAL,NORMAL,0,
1705974300.0,1786289269.0060728,1,1.0267,0.1351,,0.614,0.0238,0.245,NOMINAL,NOMINAL,TRIGGERED,1,omni_p6
1705975200.0,1786289269.1319072,1,1.0384,0.14,,0.503,0.0359,1.137,NOMINAL,PRE_ALERT,TRIGGERED,2,omni_p6
1705976100.0,1786289269.256991,1,1.0399,0.141,,0.597,0.043,1.137,PRE_ALERT,NOMINAL,NORMAL,0,
1705977000.0,1786289269.3809593,1,1.0234,0.1707,,0.505,0.0237,0.222,NOMINAL,NOMINAL,NORMAL,0,
1705977900.0,1786289269.5060778,1,1.0399,0.1345,,0.533,0.0227,0.33,NOMINAL,NOMINAL,NORMAL,0,
1705978800.0,1786289269.6314187,1,1.1189,0.1487,,0.619,0.024,0.258,NOMINAL,NOMINAL,NORMAL,0,
1705979700.0,1786289269.7566106,1,1.1396,0.1479,,0.768,0.0313,0.285,NOMINAL,NOMINAL,NORMAL,0,
1705980600.0,1786289269.88124,1,1.078,0.1448,,0.607,0.0284,0.261,NOMINAL,NOMINAL,TRIGGERED,1,omni_p6
1705981500.0,1786289270.0063214,1,1.0879,0.14,,0.683,0.0297,0.298,NOMINAL,NOMINAL,NORMAL,0,
1705982400.0,1786289270.1310408,1,1.0393,0.1416,,0.537,0.0276,0.259,NOMINAL,NOMINAL,NORMAL,0,
1705983300.0,1786289270.2560258,1,1.001,0.1367,,0.623,0.0278,0.26,NOMINAL,NOMINAL,NORMAL,0,
1705984200.0,1786289270.380898,1,0.9778,0.1727,,0.51,0.0186,0.208,NOMINAL,NOMINAL,NORMAL,0,
1705985100.0,1786289270.5060072,1,1.0155,0.1312,,0.592,0.025,0.241,NOMINAL,NOMINAL,NORMAL,0,
1705986000.0,1786289270.6310148,1,0.9775,0.1354,,0.604,0.0243,0.245,NOMINAL,NOMINAL,NORMAL,0,
1705986900.0,1786289270.7566144,1,1.1335,0.144,,0.786,0.0317,0.293,NOMINAL,NOMINAL,NORMAL,0,
1705987800.0,1786289270.8811564,1,1.0578,0.143,,0.576,0.027,0.249,NOMINAL,NOMINAL,NORMAL,0,
1705988700.0,1786289271.006223,1,1.0508,0.1336,,0.685,0.029,0.262,NOMINAL,NOMINAL,NORMAL,0,
1705989600.0,1786289271.1310022,1,1.0162,0.1338,,0.527,0.0246,0.242,NOMINAL,NOMINAL,NORMAL,0,
1705990500.0,1786289271.2562604,1,1.0653,0.1401,,0.685,0.0272,0.288,NOMINAL,NOMINAL,NORMAL,0,
1705991400.0,1786289271.3809834,1,1.0294,0.1629,,0.514,0.0228,0.221,NOMINAL,NOMINAL,NORMAL,0,
1705992300.0,1786289271.5061972,1,1.0552,0.1365,,0.662,0.0262,0.245,NOMINAL,NOMINAL,NORMAL,0,
1705993200.0,1786289271.6311615,1,1.0079,0.1342,,0.674,0.0257,0.255,NOMINAL,NOMINAL,NORMAL,0,
1705994100.0,1786289271.7560744,1,0.99,0.1322,,0.647,0.0265,0.246,NOMINAL,NOMINAL,NORMAL,0,
1705995000.0,1786289271.8810477,1,0.9699,0.1634,,0.64,0.0257,0.247,NOMINAL,NOMINAL,NORMAL,0,
1705995900.0,1786289272.0060277,1,0.9834,0.1307,,0.629,0.0271,0.253,NOMINAL,NOMINAL,NORMAL,0,
1705996800.0,1786289272.1309721,1,0.9916,0.1361,,0.546,0.0252,0.246,NOMINAL,NOMINAL,TRIGGERED,1,omni_p6
1705997700.0,1786289272.2560885,1,0.9829,0.1334,,0.617,0.0268,0.253,NOMINAL,NOMINAL,NORMAL,0,
1705998600.0,1786289272.3809195,1,0.9873,0.1576,,0.527,0.0236,0.244,NOMINAL,NOMINAL,NORMAL,0,
1705999500.0,1786289272.5060554,1,1.0557,0.1321,,0.562,0.023,0.23,NOMINAL,NOMINAL,TRIGGERED,1,omni_p6
1706000400.0,1786289272.6310139,1,0.9654,0.1325,,0.628,0.0258,0.245,NOMINAL,NOMINAL,NORMAL,0,
1706001300.0,1786289272.756102,1,1.0018,0.1355,,0.635,0.0253,0.251,NOMINAL,NOMINAL,NORMAL,0,
1706002200.0,1786289272.8810058,1,0.961,0.1632,,0.602,0.024,0.238,NOMINAL,NOMINAL,TRIGGERED,1,omni_p6
1706003100.0,1786289273.007042,1,1.0111,0.1338,,0.65,0.0447,1.183,NOMINAL,PRE_ALERT,TRIGGERED,2,omni_p6
1706004000.0,1786289273.1318827,1,1.0115,0.1357,,0.546,0.0423,1.121,PRE_ALERT,NOMINAL,NORMAL,0,
1706004900.0,1786289273.2560766,1,1.0348,0.1358,,0.606,0.0251,0.248,NOMINAL,NOMINAL,NORMAL,0,
1706005800.0,1786289273.381056,1,0.982,0.1625,,0.612,0.0253,0.241,NOMINAL,NOMINAL,NORMAL,0,
1706006700.0,1786289273.5060503,1,1.0122,0.1324,,0.607,0.0261,0.252,NOMINAL,NOMINAL,NORMAL,0,
1706007600.0,1786289273.6309683,1,0.9586,0.1338,,0.608,0.0253,0.244,NOMINAL,NOMINAL,NORMAL,0,
1706008500.0,1786289273.7559543,1,0.9718,0.1315,,0.58,0.025,0.244,NOMINAL,NOMINAL,TRIGGERED,1,omni_p6
1706009400.0,1786289273.8818524,1,0.9598,0.1331,,0.557,0.04,1.165,NOMINAL,PRE_ALERT,TRIGGERED,2,omni_p6
1706010300.0,1786289274.007111,1,1.0408,0.1345,,0.697,0.0446,1.159,PRE_ALERT,NOMINAL,NORMAL,0,
1706011200.0,1786289274.1309226,1,1.0006,0.1332,,0.501,0.0226,0.25,NOMINAL,NOMINAL,NORMAL,0,
1706012100.0,1786289274.2564182,1,1.1002,0.1421,,0.694,0.0284,0.28,NOMINAL,NOMINAL,NORMAL,0,
1706013000.0,1786289274.3812928,1,1.0771,0.1375,,0.65,0.0274,0.27,NOMINAL,NOMINAL,NORMAL,0,
1706013900.0,1786289274.5061607,1,1.0679,0.1368,,0.602,0.0262,0.26,NOMINAL,NOMINAL,NORMAL,0,
1706014800.0,1786289274.6315799,1,1.124,0.1486,,0.753,0.0293,0.292,NOMINAL,NOMINAL,TRIGGERED,1,omni_p6
1706015700.0,1786289274.756645,1,1.1202,0.1452,,0.826,0.0326,0.298,NOMINAL,NOMINAL,NORMAL,0,
1706016600.0,1786289274.8812838,1,1.078,0.1436,,0.63,0.0304,0.276,NOMINAL,NOMINAL,NORMAL,0,
1706017500.0,1786289275.0060847,1,1.0452,0.132,,0.587,0.0266,0.262,NOMINAL,NOMINAL,NORMAL,0,
1706018400.0,1786289275.1310434,1,1.008,0.1356,,0.576,0.0264,0.266,NOMINAL,NOMINAL,NORMAL,0,
1706019300.0,1786289275.2561953,1,1.0373,0.1381,,0.643,0.0279,0.309,NOMINAL,NOMINAL,NORMAL,0,
1706020200.0,1786289275.3811336,1,1.0222,0.1621,,0.621,0.0252,0.26,NOMINAL,NOMINAL,TRIGGERED,1,omni_p6
1706021100.0,1786289275.5074885,1,1.1252,0.1457,,0.66,0.0454,1.365,NOMINAL,PRE_ALERT,TRIGGERED,2,omni_p6
1706022000.0,1786289275.6321018,1,1.0779,0.1395,,0.613,0.0437,1.136,PRE_ALERT,NOMINAL,NORMAL,0,
1706022900.0,1786289275.7566073,1,1.126,0.1438,,0.757,0.0295,0.294,NOMINAL,NOMINAL,NORMAL,0,
1706023800.0,1786289275.8811502,1,1.086,0.1454,,0.535,0.0237,0.226,NOMINAL,NOMINAL,NORMAL,0,
1706024700.0,1786289276.006027,1,1.0652,0.1368,,0.527,0.0227,0.235,NOMINAL,NOMINAL,NORMAL,0,
1706025600.0,1786289276.1310058,1,1.0111,0.1378,,0.531,0.0252,0.263,NOMINAL,NOMINAL,NORMAL,0,
1706026500.0,1786289276.2560344,1,1.0307,0.1357,,0.583,0.0244,0.247,NOMINAL,NOMINAL,NORMAL,0,
1706027400.0,1786289276.3811367,1,1.0199,0.1609,,0.619,0.0268,0.266,NOMINAL,NOMINAL,NORMAL,0,
1706028300.0,1786289276.506002,1,1.0333,0.1339,,0.545,0.0227,0.237,NOMINAL,NOMINAL,NORMAL,0,
1706029200.0,1786289276.630983,1,0.9958,0.1358,,0.57,0.0253,0.255,NOMINAL,NOMINAL,NORMAL,0,
1706030100.0,1786289276.7559845,1,0.979,0.1366,,0.582,0.025,0.259,NOMINAL,NOMINAL,NORMAL,0,
1706031000.0,1786289276.8808305,1,0.9709,0.1269,,0.52,0.0196,0.219,NOMINAL,NOMINAL,NORMAL,0,
1706031900.0,1786289277.0058346,1,1.0035,0.1254,,0.497,0.0207,0.212,NOMINAL,NOMINAL,NORMAL,0,
1706032800.0,1786289277.1308396,1,0.9627,0.1276,,0.499,0.0239,0.25,NOMINAL,NOMINAL,NORMAL,0,
1706033700.0,1786289277.2560313,1,1.0387,0.1285,,0.553,0.0236,0.248,NOMINAL,NOMINAL,NORMAL,0,
1706034600.0,1786289277.3812017,1,1.0311,0.1374,,0.635,0.0264,0.271,NOMINAL,NOMINAL,NORMAL,0,
1706035500.0,1786289277.5060468,1,1.0461,0.1327,,0.563,0.0237,0.244,NOMINAL,NOMINAL,NORMAL,0,
1706036400.0,1786289277.6310341,1,0.9904,0.134,,0.594,0.0273,0.258,NOMINAL,NOMINAL,NORMAL,0,
1706037300.0,1786289277.7559135,1,0.9731,0.1301,,0.551,0.0225,0.231,NOMINAL,NOMINAL,NORMAL,0,
1706038200.0,1786289277.8809109,1,0.9609,0.1285,,0.545,0.019,0.219,NOMINAL,NOMINAL,NORMAL,0,
1706039100.0,1786289278.0058272,1,0.9726,0.128,,0.503,0.0189,0.219,NOMINAL,NOMINAL,NORMAL,0,
1706040000.0,1786289278.1308658,1,0.9515,0.1263,,0.519,0.0241,0.253,NOMINAL,NOMINAL,NORMAL,0,
1706040900.0,1786289278.2562294,1,1.0919,0.2497,,0.538,0.0205,0.244,NOMINAL,NOMINAL,TRIGGERED,1,omni_p6
1706041800.0,1786289278.3820488,1,1.0187,0.1638,,0.612,0.0461,1.199,NOMINAL,PRE_ALERT,TRIGGERED,2,omni_p6
1706042700.0,1786289278.5070198,1,1.0529,0.139,,0.55,0.0706,1.211,PRE_ALERT,NOMINAL,NORMAL,0,
1706043600.0,1786289278.6310585,1,1.0228,0.133,,0.59,0.0253,0.255,NOMINAL,NOMINAL,NORMAL,0,
1706044500.0,1786289278.7559547,1,0.9677,0.1302,,0.585,0.0246,0.247,NOMINAL,NOMINAL,NORMAL,0,
1706045400.0,1786289278.8808508,1,0.9651,0.1298,,0.53,0.0221,0.218,NOMINAL,NOMINAL,NORMAL,0,
1706046300.0,1786289279.005837,1,0.9805,0.1274,,0.53,0.0186,0.207,NOMINAL,NOMINAL,NORMAL,0,
1706047200.0,1786289279.1309047,1,0.973,0.1296,,0.528,0.0244,0.253,NOMINAL,NOMINAL,TRIGGERED,1,omni_p6
1706048100.0,1786289279.2567089,1,0.9443,0.1298,,0.478,0.0352,1.18,NOMINAL,PRE_ALERT,TRIGGERED,2,omni_p6
1706049000.0,1786289279.3822904,1,1.117,0.1349,,0.671,0.046,1.178,PRE_ALERT,NOMINAL,NORMAL,0,
1706049900.0,1786289279.505965,1,1.0387,0.1253,,0.511,0.0204,0.227,NOMINAL,NOMINAL,NORMAL,0,
1706050800.0,1786289279.6315331,1,1.1255,0.1442,,0.739,0.0299,0.29,NOMINAL,NOMINAL,NORMAL,0,
1706051700.0,1786289279.7566652,1,1.1495,0.1437,,0.793,0.0312,0.297,NOMINAL,NOMINAL,NORMAL,0,
1706052600.0,1786289279.8812158,1,1.1409,0.1384,,0.554,0.0231,0.238,NOMINAL,NOMINAL,NORMAL,0,
1706053500.0,1786289280.0062058,1,1.1965,0.1439,,0.504,0.0177,0.204,NOMINAL,NOMINAL,TRIGGERED,1,omni_p6
1706054400.0,1786289280.1329086,1,1.0819,0.131,0.6052,0.645,0.0455,1.291,NOMINAL,PRE_ALERT,TRIGGERED,2,omni_p6
1706055300.0,1786289280.2571712,1,1.096,0.1379,,0.654,0.0715,1.17,PRE_ALERT,NOMINAL,NORMAL,0,
1706056200.0,1786289280.381361,1,1.0857,0.1392,,0.71,0.0295,0.273,NOMINAL,NOMINAL,NORMAL,0,
1706057100.0,1786289280.5061018,1,1.0904,0.1331,,0.553,0.0234,0.246,NOMINAL,NOMINAL,NORMAL,0,
1706058000.0,1786289280.631263,1,1.0822,0.1358,,0.663,0.0295,0.265,NOMINAL,NOMINAL,NORMAL,0,
1706058900.0,1786289280.7566977,1,1.1562,0.1434,,0.831,0.0324,0.297,NOMINAL,NOMINAL,TRIGGERED,1,omni_p6
1706059800.0,1786289280.8821006,1,1.0955,0.1417,,0.533,0.0395,1.167,NOMINAL,PRE_ALERT,TRIGGERED,2,omni_p6
1706060700.0,1786289281.0070343,1,1.1268,0.1381,,0.556,0.0394,1.103,PRE_ALERT,NOMINAL,NORMAL,0,
1706061600.0,1786289281.1311736,1,1.0431,0.1374,,0.635,0.0282,0.271,NOMINAL,NOMINAL,NORMAL,0,
1706062500.0,1786289281.2558627,1,1.0096,0.1321,,0.499,0.0231,0.21,NOMINAL,NOMINAL,NORMAL,0,
1706063400.0,1786289281.3812528,1,1.0481,0.1355,,0.663,0.0267,0.265,NOMINAL,NOMINAL,NORMAL,0,
1706064300.0,1786289281.5059783,1,1.0515,0.1328,,0.517,0.0218,0.216,NOMINAL,NOMINAL,NORMAL,0,
1706065200.0,1786289281.6311255,1,1.0193,0.1396,,0.625,0.026,0.262,NOMINAL,NOMINAL,TRIGGERED,1,omni_p6
1706066100.0,1786289281.7570624,1,1.0029,0.1329,,0.704,0.0421,1.187,NOMINAL,PRE_ALERT,TRIGGERED,2,omni_p6
1706067000.0,1786289281.8819432,1,1.0797,0.136,,0.539,0.0351,1.03,PRE_ALERT,NOMINAL,NORMAL,0,
1706067900.0,1786289282.0059168,1,1.0682,0.1273,,0.477,0.0224,0.205,NOMINAL,NOMINAL,NORMAL,0,
1706068800.0,1786289282.1309671,1,0.9868,0.1303,,0.565,0.0244,0.239,NOMINAL,NOMINAL,NORMAL,0,
1706069700.0,1786289282.2557678,1,0.9847,0.1349,,0.458,0.0183,0.189,NOMINAL,NOMINAL,NORMAL,0,
1706070600.0,1786289282.3811758,1,1.0316,0.1409,,0.625,0.0245,0.245,NOMINAL,NOMINAL,NORMAL,0,
1706071500.0,1786289282.5059135,1,1.0404,0.131,,0.496,0.0203,0.208,NOMINAL,NOMINAL,NORMAL,0,
1706072400.0,1786289282.63108,1,0.9909,0.1333,,0.594,0.0241,0.322,NOMINAL,NOMINAL,NORMAL,0,
1706073300.0,1786289282.755937,1,0.9743,0.1319,,0.604,0.0251,0.238,NOMINAL,NOMINAL,NORMAL,0,
1706074200.0,1786289282.8810527,1,0.9888,0.1313,,0.667,0.0251,0.247,NOMINAL,NOMINAL,NORMAL,0,
1706075100.0,1786289283.0059378,1,1.0109,0.129,,0.576,0.0239,0.23,NOMINAL,NOMINAL,NORMAL,0,
1706076000.0,1786289283.1320145,1,1.205,0.1461,,0.917,0.0344,0.332,NOMINAL,NOMINAL,NORMAL,0,
1706076900.0,1786289283.2562637,1,1.1263,0.1369,,0.573,0.0265,0.28,NOMINAL,NOMINAL,NORMAL,0,
1706077800.0,1786289283.3814852,1,1.1609,0.1413,,0.731,0.029,0.28,NOMINAL,NOMINAL,NORMAL,0,
1706078700.0,1786289283.506265,1,1.1017,0.1347,,0.594,0.025,0.322,NOMINAL,NOMINAL,NORMAL,0,
1706079600.0,1786289283.6313567,1,1.0812,0.1393,,0.686,0.0265,0.304,NOMINAL,NOMINAL,NORMAL,0,
1706080500.0,1786289283.756061,1,1.0235,0.1308,,0.616,0.027,0.274,NOMINAL,NOMINAL,NORMAL,0,
1706081400.0,1786289283.8810258,1,0.9899,0.1319,,0.566,0.0261,0.319,NOMINAL,NOMINAL,TRIGGERED,1,omni_p6
1706082300.0,1786289284.006021,1,1.0205,0.1306,,0.582,0.0254,0.293,NOMINAL,NOMINAL,NORMAL,0,
1706083200.0,1786289284.1309903,1,0.995,0.132,,0.588,0.0262,0.247,NOMINAL,NOMINAL,NORMAL,0,
1706084100.0,1786289284.2559135,1,0.9819,0.1298,,0.562,0.0233,0.258,NOMINAL,NOMINAL,NORMAL,0,
1706085000.0,1786289284.3810792,1,0.9598,0.1265,,0.76,0.0265,0.246,NOMINAL,NOMINAL,NORMAL,0,
1706085900.0,1786289284.5062113,1,1.0762,0.1338,,0.667,0.0291,0.271,NOMINAL,NOMINAL,NORMAL,0,
1706086800.0,1786289284.6316283,1,1.1641,0.1468,,0.786,0.0307,0.295,NOMINAL,NOMINAL,NORMAL,0,
1706087700.0,1786289284.756635,1,1.1512,0.1452,,0.808,0.0324,0.288,NOMINAL,NOMINAL,TRIGGERED,1,omni_p6
1706088600.0,1786289284.881234,1,1.0771,0.1366,,0.662,0.0277,0.259,NOMINAL,NOMINAL,NORMAL,0,
1706089500.0,1786289285.0060923,1,1.072,0.1324,,0.586,0.0276,0.254,NOMINAL,NOMINAL,NORMAL,0,
1706090400.0,1786289285.1311374,1,1.0316,0.1319,,0.646,0.0286,0.275,NOMINAL,NOMINAL,NORMAL,0,
1706091300.0,1786289285.2559228,1,0.9922,0.1309,,0.551,0.0258,0.245,NOMINAL,NOMINAL,NORMAL,0,
1706092200.0,1786289285.3809736,1,0.9776,0.1266,,0.639,0.0241,0.245,NOMINAL,NOMINAL,NORMAL,0,
1706093100.0,1786289285.506282,1,1.0871,0.1364,,0.702,0.0292,0.266,NOMINAL,NOMINAL,TRIGGERED,1,omni_p6
1706094000.0,1786289285.6321723,1,1.0408,0.1352,,0.678,0.0469,1.23,NOMINAL,PRE_ALERT,TRIGGERED,2,omni_p6
1706094900.0,1786289285.7576418,1,1.1514,0.141,,0.831,0.0498,1.243,PRE_ALERT,NOMINAL,NORMAL,0,
1706095800.0,1786289285.8813438,1,1.0891,0.1373,,0.694,0.0297,0.271,NOMINAL,NOMINAL,NORMAL,0,
1706096700.0,1786289286.006165,1,1.0512,0.1335,,0.657,0.028,0.255,NOMINAL,NOMINAL,NORMAL,0,
1706097600.0,1786289286.1313212,1,1.0798,0.1354,,0.673,0.0297,0.288,NOMINAL,NOMINAL,NORMAL,0,
1706098500.0,1786289286.256079,1,1.0315,0.135,,0.607,0.0309,0.267,NOMINAL,NOMINAL,NORMAL,0,
1706099400.0,1786289286.3811157,1,1.0106,0.1682,,0.628,0.0264,0.253,NOMINAL,NOMINAL,TRIGGERED,1,omni_p6
1706100300.0,1786289286.5076141,1,1.094,0.1367,,0.683,0.0466,1.602,NOMINAL,PRE_ALERT,TRIGGERED,2,omni_p6
1706101200.0,1786289286.6323078,1,1.1124,0.1412,,0.685,0.0494,1.199,PRE_ALERT,NOMINAL,NORMAL,0,
1706102100.0,1786289286.7561758,1,1.0361,0.132,,0.666,0.0274,0.284,NOMINAL,NOMINAL,NORMAL,0,
1706103000.0,1786289286.8810356,1,0.9814,0.1574,,0.629,0.0266,0.248,NOMINAL,NOMINAL,NORMAL,0,
1706103900.0,1786289287.0060003,1,1.0048,0.1247,,0.603,0.0256,0.242,NOMINAL,NOMINAL,NORMAL,0,
1706104800.0,1786289287.1310365,1,0.9785,0.128,,0.631,0.0273,0.259,NOMINAL,NOMINAL,NORMAL,0,
1706105700.0,1786289287.255877,1,0.9558,0.1292,,0.577,0.0255,0.242,NOMINAL,NOMINAL,TRIGGERED,1,omni_p6
1706106600.0,1786289287.3822894,1,0.9517,0.1319,,0.652,0.0425,1.54,NOMINAL,PRE_ALERT,TRIGGERED,2,omni_p6
1706107500.0,1786289287.507161,1,1.0858,0.1355,,0.657,0.0463,1.155,PRE_ALERT,NOMINAL,NORMAL,0,
1706108400.0,1786289287.6322489,1,1.3013,0.1559,,0.969,0.034,0.368,NOMINAL,NOMINAL,NORMAL,0,
1706109300.0,1786289287.7569559,1,1.2291,0.1511,,0.924,0.0344,0.33,NOMINAL,NOMINAL,NORMAL,0,
1706110200.0,1786289287.8818297,1,1.1943,0.148,,0.894,0.0336,0.323,NOMINAL,NOMINAL,NORMAL,0,
1706111100.0,1786289288.0069299,1,1.2089,0.1524,,0.906,0.0359,0.314,NOMINAL,NOMINAL,NORMAL,0,
1706112000.0,1786289288.1320546,1,1.2328,0.1534,,0.921,0.0364,0.331,NOMINAL,NOMINAL,TRIGGERED,1,omni_p6
1706112900.0,1786289288.2568603,1,1.1736,0.1503,,0.937,0.035,0.316,NOMINAL,NOMINAL,NORMAL,0,
1706113800.0,1786289288.38186,1,1.2088,0.1471,,0.888,0.0327,0.32,NOMINAL,NOMINAL,NORMAL,0,
1706114700.0,1786289288.5069463,1,1.2029,0.148,,0.901,0.0344,0.328,NOMINAL,NOMINAL,NORMAL,0,
1706115600.0,1786289288.6313934,1,1.1627,0.1464,,0.592,0.0252,0.258,NOMINAL,NOMINAL,NORMAL,0,
1706116500.0,1786289288.7563164,1,1.1053,0.1394,,0.63,0.0274,0.331,NOMINAL,NOMINAL,NORMAL,0,
1706117400.0,1786289288.8809252,1,1.0466,0.1579,,0.475,0.0167,0.19,NOMINAL,NOMINAL,NORMAL,0,
1706118300.0,1786289289.0060058,1,1.091,0.1325,,0.496,0.0194,0.198,NOMINAL,NOMINAL,NORMAL,0,
1706119200.0,1786289289.1311228,1,1.0532,0.1386,,0.589,0.0254,0.256,NOMINAL,NOMINAL,NORMAL,0,
1706120100.0,1786289289.2558286,1,1.0235,0.1318,,0.46,0.0166,0.196,NOMINAL,NOMINAL,NORMAL,0,
1706121000.0,1786289289.3809156,1,1.0115,0.1591,,0.509,0.0196,0.216,NOMINAL,NOMINAL,NORMAL,0,
1706121900.0,1786289289.5060265,1,1.0346,0.1289,,0.608,0.0239,0.246,NOMINAL,NOMINAL,NORMAL,0,
1706122800.0,1786289289.63143,1,1.1596,0.1493,,0.585,0.0238,0.24,NOMINAL,NOMINAL,NORMAL,0,
1706123700.0,1786289289.7565663,1,1.1628,0.1406,,0.71,0.0273,0.277,NOMINAL,NOMINAL,NORMAL,0,
1706124600.0,1786289289.8811,1,1.0969,0.137,,0.502,0.0204,0.212,NOMINAL,NOMINAL,NORMAL,0,
1706125500.0,1786289290.0060072,1,1.1172,0.1331,,0.483,0.019,0.205,NOMINAL,NOMINAL,NORMAL,0,
1706126400.0,1786289290.1315835,1,1.1448,0.1482,,0.718,0.0319,0.29,NOMINAL,NOMINAL,TRIGGERED,1,omni_p6
1706127300.0,1786289290.2563195,1,1.0998,0.135,,0.63,0.0279,0.314,NOMINAL,NOMINAL,NORMAL,0,
1706128200.0,1786289290.3811834,1,1.042,0.1363,,0.627,0.0277,0.255,NOMINAL,NOMINAL,NORMAL,0,
1706129100.0,1786289290.506006,1,1.0257,0.1279,,0.581,0.023,0.24,NOMINAL,NOMINAL,NORMAL,0,
1706130000.0,1786289290.631336,1,1.0586,0.1389,,0.721,0.028,0.296,NOMINAL,NOMINAL,NORMAL,0,
1706130900.0,1786289290.7567477,1,1.1516,0.1441,,0.844,0.0331,0.307,NOMINAL,NOMINAL,NORMAL,0,
1706131800.0,1786289290.881077,1,1.0914,0.1381,,0.504,0.0191,0.195,NOMINAL,NOMINAL,NORMAL,0,
1706132700.0,1786289291.0061028,1,1.0907,0.1379,,0.582,0.0255,0.24,NOMINAL,NOMINAL,TRIGGERED,1,omni_p6
1706133600.0,1786289291.131069,1,1.0133,0.1312,,0.601,0.0273,0.269,NOMINAL,NOMINAL,NORMAL,0,
1706134500.0,1786289291.255808,1,0.9828,0.1289,,0.498,0.0199,0.211,NOMINAL,NOMINAL,NORMAL,0,
1706135400.0,1786289291.380992,1,0.999,0.1611,,0.583,0.0242,0.245,NOMINAL,NOMINAL,NORMAL,0,
1706136300.0,1786289291.5059745,1,1.018,0.1269,,0.594,0.0258,0.245,NOMINAL,NOMINAL,NORMAL,0,
1706137200.0,1786289291.6310618,1,1.0414,0.134,,0.545,0.021,0.226,NOMINAL,NOMINAL,NORMAL,0,
1706138100.0,1786289291.756242,1,1.0549,0.1365,,0.691,0.0299,0.298,NOMINAL,NOMINAL,TRIGGERED,1,omni_p6
1706139000.0,1786289291.8820243,1,1.0288,0.2502,,0.549,0.0389,1.167,NOMINAL,PRE_ALERT,TRIGGERED,2,omni_p6
1706139900.0,1786289292.007235,1,1.1604,0.1412,,0.613,0.0435,1.141,PRE_ALERT,NOMINAL,NORMAL,0,
1706140800.0,1786289292.1317832,1,1.0758,0.1276,0.588,0.586,0.0265,0.265,NOMINAL,NOMINAL,NORMAL,0,
1706141700.0,1786289292.2560005,1,1.0499,0.1342,,0.544,0.0222,0.234,NOMINAL,NOMINAL,NORMAL,0,
1706142600.0,1786289292.3810146,1,1.0214,0.1593,,0.566,0.0245,0.249,NOMINAL,NOMINAL,NORMAL,0,
1706143500.0,1786289292.5060904,1,1.0486,0.1344,,0.609,0.0257,0.247,NOMINAL,NOMINAL,NORMAL,0,
1706144400.0,1786289292.631086,1,1.08,0.1394,,0.525,0.0212,0.213,NOMINAL,NOMINAL,TRIGGERED,1,omni_p6
1706145300.0,1786289292.757142,1,1.0402,0.1358,,0.634,0.0436,1.295,NOMINAL,PRE_ALERT,TRIGGERED,2,omni_p6
1706146200.0,1786289292.881954,1,1.1035,0.1389,,0.557,0.035,1.028,PRE_ALERT,NOMINAL,NORMAL,0,
1706147100.0,1786289293.0059671,1,1.1031,0.1339,,0.484,0.0196,0.196,NOMINAL,NOMINAL,NORMAL,0,
1706148000.0,1786289293.131028,1,1.0281,0.1341,,0.567,0.025,0.24,NOMINAL,NOMINAL,NORMAL,0,
1706148900.0,1786289293.2557971,1,1.0057,0.1313,,0.481,0.0171,0.185,NOMINAL,NOMINAL,NORMAL,0,
1706149800.0,1786289293.3808308,1,0.9852,0.1315,,0.5,0.018,0.198,NOMINAL,NOMINAL,NORMAL,0,
1706150700.0,1786289293.5059445,1,1.0112,0.1318,,0.55,0.0222,0.231,NOMINAL,NOMINAL,TRIGGERED,1,omni_p6
1706151600.0,1786289293.6319091,1,1.0583,0.1391,,0.493,0.0323,1.126,NOMINAL,PRE_ALERT,TRIGGERED,2,omni_p6
1706152500.0,1786289293.757055,1,1.0706,0.1367,,0.618,0.0446,1.148,PRE_ALERT,NOMINAL,NORMAL,0,
1706153400.0,1786289293.8810465,1,1.061,0.1421,,0.533,0.0217,0.22,NOMINAL,NOMINAL,NORMAL,0,
1706154300.0,1786289294.0058694,1,1.043,0.1302,,0.471,0.0177,0.188,NOMINAL,NOMINAL,NORMAL,0,
1706155200.0,1786289294.1309779,1,1.0045,0.1324,,0.557,0.0211,0.239,NOMINAL,NOMINAL,NORMAL,0,
1706156100.0,1786289294.255741,1,0.9755,0.1311,,0.463,0.0177,0.188,NOMINAL,NOMINAL,NORMAL,0,
1706157000.0,1786289294.3809526,1,0.9907,0.17,,0.537,0.0177,0.217,NOMINAL,NOMINAL,TRIGGERED,1,omni_p6
1706157900.0,1786289294.5060573,1,1.012,0.1306,,0.606,0.0247,0.249,NOMINAL,NOMINAL,NORMAL,0,
1706158800.0,1786289294.6313806,1,1.1481,0.1424,,0.601,0.0207,0.235,NOMINAL,NOMINAL,NORMAL,0,
1706159700.0,1786289294.756784,1,1.1706,0.1439,,0.846,0.0439,0.322,NOMINAL,NOMINAL,NORMAL,0,
1706160600.0,1786289294.8814275,1,1.149,0.1397,,0.699,0.0305,0.29,NOMINAL,NOMINAL,NORMAL,0,
1706161500.0,1786289295.0061285,1,1.07,0.132,,0.596,0.0277,0.258,NOMINAL,NOMINAL,NORMAL,0,
1706162400.0,1786289295.1312318,1,1.0422,0.1355,,0.685,0.0284,0.288,NOMINAL,NOMINAL,NORMAL,0,
1706163300.0,1786289295.2562492,1,1.0845,0.1357,,0.636,0.028,0.294,NOMINAL,NOMINAL,NORMAL,0,
1706164200.0,1786289295.3811123,1,1.0241,0.1648,,0.583,0.0275,0.263,NOMINAL,NOMINAL,NORMAL,0,
1706165100.0,1786289295.5061133,1,1.0559,0.1396,,0.611,0.0276,0.256,NOMINAL,NOMINAL,NORMAL,0,
1706166000.0,1786289295.6310124,1,1.0053,0.1364,,0.576,0.0279,0.257,NOMINAL,NOMINAL,NORMAL,0,
1706166900.0,1786289295.7567797,1,1.1635,0.1425,,0.844,0.0434,0.318,NOMINAL,NOMINAL,NORMAL,0,
1706167800.0,1786289295.8812768,1,1.0986,0.1397,,0.623,0.0258,0.247,NOMINAL,NOMINAL,NORMAL,0,
1706168700.0,1786289296.0059986,1,1.0661,0.1301,,0.528,0.022,0.223,NOMINAL,NOMINAL,NORMAL,0,
1706169600.0,1786289296.1310937,1,1.0034,0.1289,,0.626,0.0269,0.289,NOMINAL,NOMINAL,NORMAL,0,
1706170500.0,1786289296.2559724,1,0.9859,0.13,,0.606,0.0259,0.249,NOMINAL,NOMINAL,NORMAL,0,
1706171400.0,1786289296.381075,1,1.0058,0.1646,,0.59,0.0268,0.257,NOMINAL,NOMINAL,NORMAL,0,
1706172300.0,1786289296.5060444,1,1.0299,0.125,,0.607,0.0247,0.252,NOMINAL,NOMINAL,NORMAL,0,
1706173200.0,1786289296.6309226,1,0.9629,0.1314,,0.555,0.0245,0.242,NOMINAL,NOMINAL,TRIGGERED,1,omni_p6
1706174100.0,1786289296.756298,1,1.0571,0.1333,,0.706,0.0292,0.297,NOMINAL,NOMINAL,NORMAL,0,
1706175000.0,1786289296.8811378,1,1.022,0.163,,0.613,0.0276,0.265,NOMINAL,NOMINAL,NORMAL,0,
1706175900.0,1786289297.0060108,1,1.0373,0.128,,0.561,0.0245,0.244,NOMINAL,NOMINAL,NORMAL,0,
1706176800.0,1786289297.1309373,1,0.9636,0.1273,,0.568,0.0246,0.251,NOMINAL,NOMINAL,NORMAL,0,
1706177700.0,1786289297.2559333,1,0.9795,0.1272,,0.59,0.0251,0.247,NOMINAL,NOMINAL,NORMAL,0,
1706178600.0,1786289297.3809776,1,0.9612,0.153,,0.582,0.0247,0.25,NOMINAL,NOMINAL,TRIGGERED,1,omni_p6
1706179500.0,1786289297.507348,1,0.9841,0.1292,,0.598,0.0444,1.598,NOMINAL,PRE_ALERT,TRIGGERED,2,omni_p6
1706180400.0,1786289297.632103,1,1.0846,0.1407,,0.619,0.0427,1.137,PRE_ALERT,NOMINAL,NORMAL,0,
1706181300.0,1786289297.7564805,1,1.0975,0.1367,,0.675,0.03,0.429,NOMINAL,NOMINAL,NORMAL,0,
1706182200.0,1786289297.8811433,1,1.0616,0.1606,,0.608,0.0276,0.264,NOMINAL,NOMINAL,NORMAL,0,
1706183100.0,1786289298.0060015,1,1.0878,0.1313,,0.503,0.02,0.209,NOMINAL,NOMINAL,NORMAL,0,
1706184000.0,1786289298.13103,1,1.0391,0.1314,,0.54,0.0247,0.253,NOMINAL,NOMINAL,NORMAL,0,
1706184900.0,1786289298.256023,1,1.0173,0.1338,,0.607,0.0259,0.253,NOMINAL,NOMINAL,TRIGGERED,1,omni_p6
1706185800.0,1786289298.3819494,1,1.0116,0.1634,,0.562,0.0414,1.186,NOMINAL,PRE_ALERT,TRIGGERED,2,omni_p6
1706186700.0,1786289298.5071492,1,1.1377,0.1358,,0.602,0.044,1.114,PRE_ALERT,NOMINAL,NORMAL,0,
1706187600.0,1786289298.6309762,1,1.0575,0.1329,,0.49,0.0207,0.22,NOMINAL,NOMINAL,NORMAL,0,
1706188500.0,1786289298.7562304,1,1.054,0.1335,,0.676,0.028,0.294,NOMINAL,NOMINAL,NORMAL,0,
1706189400.0,1786289298.8810384,1,1.0085,0.1582,,0.615,0.0267,0.26,NOMINAL,NOMINAL,NORMAL,0,
1706190300.0,1786289299.0060863,1,1.047,0.1317,,0.618,0.0276,0.26,NOMINAL,NOMINAL,NORMAL,0,
1706191200.0,1786289299.1309266,1,0.9751,0.1269,,0.568,0.0248,0.262,NOMINAL,NOMINAL,TRIGGERED,1,omni_p6
1706192100.0,1786289299.2559574,1,0.9738,0.1276,,0.609,0.0254,0.257,NOMINAL,NOMINAL,NORMAL,0,
1706193000.0,1786289299.3809114,1,0.9509,0.129,,0.606,0.0258,0.249,NOMINAL,NOMINAL,NORMAL,0,
1706193900.0,1786289299.5059922,1,1.0025,0.1271,,0.638,0.024,0.255,NOMINAL,NOMINAL,NORMAL,0,
1706194800.0,1786289299.632515,1,1.1377,0.1409,,0.879,0.0327,1.073,NOMINAL,NOMINAL,NORMAL,0,
1706195700.0,1786289299.757548,1,1.1571,0.1422,,0.885,0.0314,1.095,NOMINAL,NOMINAL,NORMAL,0,
1706196600.0,1786289299.8814986,1,1.1613,0.1427,,0.748,0.0296,0.265,NOMINAL,NOMINAL,TRIGGERED,1,omni_p6
1706197500.0,1786289300.007172,1,1.1147,0.1389,,0.634,0.048,1.188,NOMINAL,PRE_ALERT,TRIGGERED,2,omni_p6
1706198400.0,1786289300.132422,1,1.0952,0.1362,,0.628,0.0462,1.446,PRE_ALERT,NOMINAL,NORMAL,0,
1706199300.0,1786289300.256046,1,1.0665,0.1311,,0.566,0.0279,0.245,NOMINAL,NOMINAL,NORMAL,0,
1706200200.0,1786289300.3811324,1,1.0425,0.1631,,0.605,0.0276,0.246,NOMINAL,NOMINAL,NORMAL,0,
1706201100.0,1786289300.506073,1,1.0541,0.1313,,0.61,0.027,0.245,NOMINAL,NOMINAL,NORMAL,0,
1706202000.0,1786289300.630995,1,1.0254,0.1283,,0.57,0.026,0.244,NOMINAL,NOMINAL,NORMAL,0,
1706202900.0,1786289300.756771,1,1.1661,0.1456,,0.865,0.0328,0.299,NOMINAL,NOMINAL,NORMAL,0,
1706203800.0,1786289300.8814473,1,1.1551,0.137,,0.716,0.0289,0.267,NOMINAL,NOMINAL,NORMAL,0,
1706204700.0,1786289301.006213,1,1.0932,0.133,,0.65,0.028,0.25,NOMINAL,NOMINAL,NORMAL,0,
1706205600.0,1786289301.1310647,1,1.023,0.135,,0.594,0.0285,0.261,NOMINAL,NOMINAL,NORMAL,0,
1706206500.0,1786289301.2560146,1,1.0214,0.1352,,0.584,0.0296,0.242,NOMINAL,NOMINAL,NORMAL,0,
1706207400.0,1786289301.381033,1,0.9981,0.1602,,0.606,0.0269,0.237,NOMINAL,NOMINAL,NORMAL,0,
1706208300.0,1786289301.5060546,1,1.053,0.1308,,0.577,0.0285,0.258,NOMINAL,NOMINAL,NORMAL,0,
1706209200.0,1786289301.6310391,1,1.0057,0.1293,,0.592,0.027,0.234,NOMINAL,NOMINAL,NORMAL,0,
1706210100.0,1786289301.756041,1,1.0172,0.1282,,0.582,0.0279,0.266,NOMINAL,NOMINAL,NORMAL,0,
1706211000.0,1786289301.8812673,1,1.0586,0.133,,0.691,0.029,0.261,NOMINAL,NOMINAL,NORMAL,0,
1706211900.0,1786289302.006175,1,1.082,0.1378,,0.629,0.0286,0.253,NOMINAL,NOMINAL,NORMAL,0,
1706212800.0,1786289302.1309917,1,0.9943,0.1317,,0.558,0.0265,0.286,NOMINAL,NOMINAL,NORMAL,0,
1706213700.0,1786289302.2559626,1,0.9903,0.131,,0.565,0.0274,0.276,NOMINAL,NOMINAL,NORMAL,0,
1706214600.0,1786289302.381005,1,0.9682,0.1265,,0.583,0.0266,0.279,NOMINAL,NOMINAL,NORMAL,0,
1706215500.0,1786289302.5059538,1,1.0021,0.1273,,0.565,0.0265,0.254,NOMINAL,NOMINAL,NORMAL,0,
1706216400.0,1786289302.6312392,1,0.9863,0.1272,,0.605,0.0263,0.48,NOMINAL,NOMINAL,NORMAL,0,
1706217300.0,1786289302.7560368,1,0.9889,0.1302,,0.613,0.0256,0.274,NOMINAL,NOMINAL,TRIGGERED,1,omni_p6
1706218200.0,1786289302.8826408,1,1.038,0.1701,,0.687,0.0466,1.668,NOMINAL,PRE_ALERT,TRIGGERED,2,omni_p6
1706219100.0,1786289303.0072896,1,1.1465,0.135,,0.695,0.0498,1.162,PRE_ALERT,NOMINAL,NORMAL,0,
1706220000.0,1786289303.1314952,1,1.1474,0.1392,,0.677,0.0308,0.296,NOMINAL,NOMINAL,NORMAL,0,
1706220900.0,1786289303.256234,1,1.0615,0.1339,,0.586,0.029,0.382,NOMINAL,NOMINAL,NORMAL,0,
1706221800.0,1786289303.3812304,1,1.0409,0.1406,,0.616,0.0277,0.321,NOMINAL,NOMINAL,NORMAL,0,
1706222700.0,1786289303.5060952,1,1.0451,0.1303,,0.597,0.0284,0.294,NOMINAL,NOMINAL,NORMAL,0,
1706223600.0,1786289303.6310315,1,0.9778,0.126,,0.613,0.0277,0.284,NOMINAL,NOMINAL,TRIGGERED,1,omni_p6
1706224500.0,1786289303.757094,1,1.0204,0.1312,,0.62,0.0456,1.266,NOMINAL,PRE_ALERT,TRIGGERED,2,omni_p6
1706225400.0,1786289303.8825147,1,1.1776,0.1397,,0.743,0.0476,1.22,PRE_ALERT,NOMINAL,NORMAL,0,
1706226300.0,1786289304.0064073,1,1.1185,0.137,,0.669,0.028,0.357,NOMINAL,NOMINAL,NORMAL,0,
1706227200.0,1786289304.132399,1,1.0757,0.1296,0.6026,1.142,0.0297,0.298,NOMINAL,NOMINAL,NORMAL,0,
1706228100.0,1786289304.25613,1,1.0638,0.1317,,0.602,0.03,0.279,NOMINAL,NOMINAL,NORMAL,0,
1706229000.0,1786289304.381154,1,1.0434,0.1593,,0.587,0.0284,0.297,NOMINAL,NOMINAL,NORMAL,0,
1706229900.0,1786289304.506081,1,1.0461,0.1309,,0.575,0.0277,0.292,NOMINAL,NOMINAL,TRIGGERED,1,omni_p6
1706230800.0,1786289304.6327977,1,1.1767,0.1487,,0.876,0.0538,1.263,NOMINAL,PRE_ALERT,TRIGGERED,2,omni_p6
1706231700.0,1786289304.757695,1,1.1588,0.1409,,0.881,0.0503,1.211,PRE_ALERT,NOMINAL,NORMAL,0,
1706232600.0,1786289304.8815317,1,1.1749,0.1411,,0.741,0.0303,0.279,NOMINAL,NOMINAL,NORMAL,0,
1706233500.0,1786289305.0062597,1,1.1294,0.1379,,0.645,0.0288,0.252,NOMINAL,NOMINAL,NORMAL,0,
1706234400.0,1786289305.1311374,1,1.0466,0.1348,,0.614,0.0283,0.283,NOMINAL,NOMINAL,NORMAL,0,
1706235300.0,1786289305.2560432,1,1.0333,0.1342,,0.572,0.0262,0.279,NOMINAL,NOMINAL,TRIGGERED,1,omni_p6
1706236200.0,1786289305.382041,1,1.0069,0.1573,,0.616,0.045,1.213,NOMINAL,PRE_ALERT,TRIGGERED,2,omni_p6
1706237100.0,1786289305.5072029,1,1.102,0.1361,,0.669,0.0459,1.198,PRE_ALERT,NOMINAL,NORMAL,0,
1706238000.0,1786289305.6314292,1,1.0369,0.1341,,0.821,0.0596,0.382,NOMINAL,NOMINAL,NORMAL,0,
1706238900.0,1786289305.756767,1,1.1548,0.142,,0.876,0.0315,0.3,NOMINAL,NOMINAL,NORMAL,0,
1706239800.0,1786289305.8813968,1,1.161,0.1363,,0.705,0.0296,0.264,NOMINAL,NOMINAL,NORMAL,0,
1706240700.0,1786289306.0063453,1,1.1323,0.1359,,0.702,0.0301,0.26,NOMINAL,NOMINAL,NORMAL,0,
1706241600.0,1786289306.1311724,1,1.0705,0.1327,,0.638,0.0276,0.258,NOMINAL,NOMINAL,NORMAL,0,
1706242500.0,1786289306.2559743,1,1.0186,0.1308,,0.574,0.0268,0.243,NOMINAL,NOMINAL,TRIGGERED,1,omni_p6
1706243400.0,1786289306.3810341,1,0.9947,0.1567,,0.603,0.0267,0.237,NOMINAL,NOMINAL,NORMAL,0,
1706244300.0,1786289306.5060434,1,1.0333,0.1266,,0.613,0.0267,0.24,NOMINAL,NOMINAL,NORMAL,0,
1706245200.0,1786289306.631238,1,1.0479,0.1361,,0.699,0.0284,0.267,NOMINAL,NOMINAL,NORMAL,0,
1706246100.0,1786289306.7560503,1,1.0188,0.1286,,0.608,0.028,0.248,NOMINAL,NOMINAL,NORMAL,0,
1706247000.0,1786289306.8810399,1,0.9996,0.1568,,0.607,0.0273,0.244,NOMINAL,NOMINAL,NORMAL,0,
1706247900.0,1786289307.0062175,1,1.0623,0.1322,,0.689,0.0301,0.259,NOMINAL,NOMINAL,NORMAL,0,
1706248800.0,1786289307.1311939,1,1.0588,0.1323,,0.641,0.0299,0.263,NOMINAL,NOMINAL,NORMAL,0,
1706249700.0,1786289307.2560122,1,1.02,0.1263,,0.591,0.0283,0.248,NOMINAL,NOMINAL,NORMAL,0,
1706250600.0,1786289307.38103,1,1.0028,0.1582,,0.585,0.0266,0.239,NOMINAL,NOMINAL,NORMAL,0,
1706251500.0,1786289307.5060031,1,1.0176,0.1286,,0.585,0.0262,0.236,NOMINAL,NOMINAL,NORMAL,0,
1706252400.0,1786289307.6310945,1,1.0036,0.1304,,0.598,0.0273,0.271,NOMINAL,NOMINAL,NORMAL,0,
1706253300.0,1786289307.7560914,1,0.9983,0.1289,,0.63,0.0272,0.295,NOMINAL,NOMINAL,NORMAL,0,
1706254200.0,1786289307.8810852,1,0.9871,0.1613,,0.614,0.0282,0.289,NOMINAL,NOMINAL,NORMAL,0,
1706255100.0,1786289308.006278,1,1.0735,0.1352,,0.661,0.0271,0.285,NOMINAL,NOMINAL,NORMAL,0,
1706256000.0,1786289308.1311746,1,1.0546,0.1325,,0.602,0.028,0.313,NOMINAL,NOMINAL,NORMAL,0,
1706256900.0,1786289308.256012,1,0.9981,0.1275,,0.575,0.0262,0.292,NOMINAL,NOMINAL,NORMAL,0,
1706257800.0,1786289308.381079,1,0.9963,0.1588,,0.588,0.0262,0.301,NOMINAL,NOMINAL,TRIGGERED,1,omni_p6
1706258700.0,1786289308.5060263,1,1.0147,0.1286,,0.586,0.0257,0.277,NOMINAL,NOMINAL,NORMAL,0,
1706259600.0,1786289308.6310644,1,0.9859,0.1283,,0.628,0.0255,0.261,NOMINAL,NOMINAL,NORMAL,0,
1706260500.0,1786289308.7560136,1,0.9705,0.1284,,0.597,0.0247,0.289,NOMINAL,NOMINAL,NORMAL,0,
1706261400.0,1786289308.8811033,1,0.9901,0.1596,,0.627,0.0255,0.295,NOMINAL,NOMINAL,NORMAL,0,
1706262300.0,1786289309.0063133,1,1.0674,0.1337,,0.682,0.0296,0.307,NOMINAL,NOMINAL,NORMAL,0,
1706263200.0,1786289309.1311204,1,1.0272,0.1342,,0.6,0.0272,0.305,NOMINAL,NOMINAL,NORMAL,0,
1706264100.0,1786289309.2560298,1,1.0127,0.1328,,0.575,0.029,0.284,NOMINAL,NOMINAL,TRIGGERED,1,omni_p6
1706265000.0,1786289309.3810356,1,0.9967,0.1522,,0.591,0.0276,0.253,NOMINAL,NOMINAL,NORMAL,0,
1706265900.0,1786289309.5059676,1,0.9863,0.1289,,0.58,0.0271,0.249,NOMINAL,NOMINAL,NORMAL,0,
1706266800.0,1786289309.6319265,1,1.137,0.1446,,0.916,0.0325,0.424,NOMINAL,NOMINAL,NORMAL,0,
1706267700.0,1786289309.7567537,1,1.1533,0.1453,,0.839,0.0334,0.308,NOMINAL,NOMINAL,NORMAL,0,
1706268600.0,1786289309.8814173,1,1.0981,0.1374,,0.728,0.0314,0.289,NOMINAL,NOMINAL,NORMAL,0,
1706269500.0,1786289310.0062323,1,1.0705,0.1357,,0.706,0.0293,0.277,NOMINAL,NOMINAL,TRIGGERED,1,omni_p6
1706270400.0,1786289310.132553,1,1.0535,0.1359,,0.599,0.046,1.673,NOMINAL,PRE_ALERT,TRIGGERED,2,omni_p6
1706271300.0,1786289310.2570841,1,1.0561,0.1346,,0.644,0.0462,1.182,PRE_ALERT,NOMINAL,NORMAL,0,
1706272200.0,1786289310.3811598,1,1.0443,0.1638,,0.628,0.0283,0.251,NOMINAL,NOMINAL,NORMAL,0,
1706273100.0,1786289310.5060694,1,1.0341,0.1298,,0.619,0.028,0.245,NOMINAL,NOMINAL,NORMAL,0,
1706274000.0,1786289310.6311283,1,1.0059,0.1324,,0.646,0.0282,0.26,NOMINAL,NOMINAL,NORMAL,0,
1706274900.0,1786289310.7567713,1,1.1548,0.1469,,0.864,0.0332,0.317,NOMINAL,NOMINAL,NORMAL,0,
1706275800.0,1786289310.8813417,1,1.0737,0.1383,,0.693,0.0305,0.284,NOMINAL,NOMINAL,TRIGGERED,1,omni_p6
1706276700.0,1786289311.0073638,1,1.0322,0.1355,,0.632,0.0451,1.517,NOMINAL,PRE_ALERT,TRIGGERED,2,omni_p6
1706277600.0,1786289311.1322372,1,1.1102,0.1406,,0.572,0.0477,1.244,PRE_ALERT,NOMINAL,NORMAL,0,
1706278500.0,1786289311.2561295,1,1.0506,0.1332,,0.62,0.0275,0.278,NOMINAL,NOMINAL,NORMAL,0,
1706279400.0,1786289311.381065,1,1.016,0.1586,,0.587,0.0269,0.254,NOMINAL,NOMINAL,NORMAL,0,
1706280300.0,1786289311.5060058,1,1.0048,0.1286,,0.604,0.0257,0.251,NOMINAL,NOMINAL,NORMAL,0,
1706281200.0,1786289311.6310272,1,0.9704,0.1298,,0.631,0.0285,0.259,NOMINAL,NOMINAL,NORMAL,0,
1706282100.0,1786289311.7559361,1,0.9595,0.1277,,0.585,0.0262,0.249,NOMINAL,NOMINAL,TRIGGERED,1,omni_p6
1706283000.0,1786289311.881046,1,0.9665,0.1579,,0.628,0.0272,0.265,NOMINAL,NOMINAL,NORMAL,0,
1706283900.0,1786289312.0060797,1,1.0109,0.1289,,0.628,0.0282,0.265,NOMINAL,NOMINAL,NORMAL,0,
1706284800.0,1786289312.131233,1,1.0323,0.1344,,0.665,0.0308,0.282,NOMINAL,NOMINAL,NORMAL,0,
1706285700.0,1786289312.2560155,1,0.9889,0.1322,,0.616,0.0281,0.262,NOMINAL,NOMINAL,NORMAL,0,
1706286600.0,1786289312.3809936,1,0.9734,0.1569,,0.581,0.0263,0.254,NOMINAL,NOMINAL,NORMAL,0,
1706287500.0,1786289312.5059974,1,0.9874,0.1253,,0.586,0.0258,0.282,NOMINAL,NOMINAL,NORMAL,0,
1706288400.0,1786289312.6310349,1,0.983,0.1267,,0.621,0.028,0.26,NOMINAL,NOMINAL,NORMAL,0,
1706289300.0,1786289312.7559714,1,0.9706,0.1291,,0.589,0.0256,0.253,NOMINAL,NOMINAL,NORMAL,0,
1706290200.0,1786289312.881024,1,0.9674,0.1296,,0.62,0.0269,0.261,NOMINAL,NOMINAL,NORMAL,0,
1706291100.0,1786289313.006037,1,1.0127,0.127,,0.597,0.0258,0.255,NOMINAL,NOMINAL,NORMAL,0,
1706292000.0,1786289313.131272,1,1.058,0.1374,,0.655,0.0291,0.294,NOMINAL,NOMINAL,NORMAL,0,
1706292900.0,1786289313.2560122,1,1.0051,0.1293,,0.601,0.0256,0.255,NOMINAL,NOMINAL,NORMAL,0,
1706293800.0,1786289313.3810177,1,0.9835,0.1562,,0.581,0.0262,0.254,NOMINAL,NOMINAL,NORMAL,0,
1706294700.0,1786289313.5060222,1,1.0152,0.1281,,0.585,0.0271,0.255,NOMINAL,NOMINAL,NORMAL,0,
1706295600.0,1786289313.6310332,1,0.9791,0.1281,,0.612,0.0271,0.256,NOMINAL,NOMINAL,NORMAL,0,
1706296500.0,1786289313.7559402,1,0.9628,0.1261,,0.574,0.0265,0.252,NOMINAL,NOMINAL,NORMAL,0,
1706297400.0,1786289313.8810105,1,0.9635,0.1255,,0.611,0.0267,0.256,NOMINAL,NOMINAL,NORMAL,0,
1706298300.0,1786289314.0060167,1,1.0215,0.1286,,0.602,0.0275,0.251,NOMINAL,NOMINAL,NORMAL,0,
1706299200.0,1786289314.1311893,1,1.0099,0.135,,0.657,0.0285,0.279,NOMINAL,NOMINAL,NORMAL,0,
1706300100.0,1786289314.2559521,1,0.9691,0.1292,,0.606,0.027,0.254,NOMINAL,NOMINAL,NORMAL,0,
1706301000.0,1786289314.3810377,1,0.9832,0.1582,,0.605,0.0265,0.248,NOMINAL,NOMINAL,NORMAL,0,
1706301900.0,1786289314.506002,1,0.9937,0.1262,,0.598,0.0274,0.253,NOMINAL,NOMINAL,NORMAL,0,
1706302800.0,1786289314.6316395,1,1.1107,0.1424,,0.803,0.0429,0.317,NOMINAL,NOMINAL,TRIGGERED,1,omni_p6
1706303700.0,1786289314.7565193,1,1.1377,0.1364,,0.679,0.0272,0.269,NOMINAL,NOMINAL,NORMAL,0,
1706304600.0,1786289314.8813725,1,1.0923,0.1355,,0.7,0.0291,0.286,NOMINAL,NOMINAL,NORMAL,0,
1706305500.0,1786289315.0062544,1,1.0854,0.1342,,0.663,0.0278,0.268,NOMINAL,NOMINAL,NORMAL,0,
1706306400.0,1786289315.1312625,1,1.0615,0.1341,,0.651,0.0284,0.28,NOMINAL,NOMINAL,NORMAL,0,
1706307300.0,1786289315.2560766,1,1.0247,0.1326,,0.625,0.0281,0.262,NOMINAL,NOMINAL,NORMAL,0,
1706308200.0,1786289315.3810887,1,1.02,0.1642,,0.597,0.0265,0.259,NOMINAL,NOMINAL,NORMAL,0,
1706309100.0,1786289315.5060105,1,1.0031,0.1283,,0.599,0.0265,0.253,NOMINAL,NOMINAL,TRIGGERED,1,omni_p6
1706310000.0,1786289315.6311338,1,1.0273,0.1313,,0.63,0.0271,0.265,NOMINAL,NOMINAL,NORMAL,0,
1706310900.0,1786289315.756601,1,1.1406,0.1418,,0.751,0.031,0.304,NOMINAL,NOMINAL,NORMAL,0,
1706311800.0,1786289315.8813577,1,1.0838,0.135,,0.693,0.0308,0.284,NOMINAL,NOMINAL,NORMAL,0,
1706312700.0,1786289316.0062041,1,1.0835,0.1348,,0.639,0.0287,0.273,NOMINAL,NOMINAL,NORMAL,0,
1706313600.0,1786289316.1317165,1,1.0212,0.1302,0.5976,0.56,0.027,0.28,NOMINAL,NOMINAL,NORMAL,0,
1706314500.0,1786289316.2566242,1,1.3545,0.1562,,0.721,0.0298,0.277,NOMINAL,NOMINAL,TRIGGERED,1,omni_p6
1706315400.0,1786289316.3820226,1,1.0023,0.1685,,0.605,0.0444,1.215,NOMINAL,PRE_ALERT,TRIGGERED,2,omni_p6
1706316300.0,1786289316.5071144,1,1.0871,0.1365,,0.641,0.047,1.133,PRE_ALERT,NOMINAL,NORMAL,0,
1706317200.0,1786289316.6312644,1,1.0613,0.1364,,0.667,0.0282,0.262,NOMINAL,NOMINAL,NORMAL,0,
1706318100.0,1786289316.7560055,1,1.0109,0.1317,,0.59,0.0258,0.249,NOMINAL,NOMINAL,NORMAL,0,
1706319000.0,1786289316.8810954,1,0.9967,0.1706,,0.663,0.0254,0.254,NOMINAL,NOMINAL,NORMAL,0,
1706319900.0,1786289317.0060017,1,1.0078,0.1299,,0.624,0.0277,0.25,NOMINAL,NOMINAL,NORMAL,0,
1706320800.0,1786289317.130878,1,0.9669,0.1305,,0.501,0.0247,0.242,NOMINAL,NOMINAL,TRIGGERED,1,omni_p6
1706321700.0,1786289317.2574837,1,1.0023,0.1328,,0.682,0.0475,1.616,NOMINAL,PRE_ALERT,TRIGGERED,2,omni_p6
1706322600.0,1786289317.3820233,1,1.0636,0.1368,,0.582,0.0425,1.091,PRE_ALERT,NOMINAL,NORMAL,0,
1706323500.0,1786289317.5061889,1,1.0818,0.1322,,0.651,0.0263,0.253,NOMINAL,NOMINAL,NORMAL,0,
1706324400.0,1786289317.6311407,1,1.011,0.1348,,0.678,0.0274,0.256,NOMINAL,NOMINAL,NORMAL,0,
1706325300.0,1786289317.75591,1,0.9738,0.1287,,0.574,0.0251,0.245,NOMINAL,NOMINAL,NORMAL,0,
1706326200.0,1786289317.881051,1,0.9793,0.1301,,0.694,0.0266,0.253,NOMINAL,NOMINAL,NORMAL,0,
1706327100.0,1786289318.0060918,1,1.0183,0.1329,,0.661,0.0269,0.257,NOMINAL,NOMINAL,TRIGGERED,1,omni_p6
1706328000.0,1786289318.1309192,1,0.9961,0.1296,,0.515,0.0246,0.245,NOMINAL,NOMINAL,NORMAL,0,
1706328900.0,1786289318.256151,1,1.0121,0.1325,,0.68,0.0284,0.29,NOMINAL,NOMINAL,NORMAL,0,
1706329800.0,1786289318.3809211,1,0.9703,0.1278,,0.582,0.0239,0.242,NOMINAL,NOMINAL,NORMAL,0,
1706330700.0,1786289318.5060976,1,1.0164,0.1312,,0.649,0.0255,0.249,NOMINAL,NOMINAL,NORMAL,0,
1706331600.0,1786289318.630741,1,0.8307,0.1197,,0.61,0.0229,0.281,NOMINAL,NOMINAL,NORMAL,0,
1706332500.0,1786289318.756159,1,0.9922,0.131,,0.706,0.0276,0.285,NOMINAL,NOMINAL,NORMAL,0,
1706333400.0,1786289318.8811126,1,0.9967,0.154,,0.65,0.0261,0.289,NOMINAL,NOMINAL,NORMAL,0,
1706334300.0,1786289319.0059826,1,0.992,0.129,,0.62,0.0251,0.238,NOMINAL,NOMINAL,NORMAL,0,
1706335200.0,1786289319.1309824,1,0.982,0.1303,,0.573,0.0258,0.248,NOMINAL,NOMINAL,NORMAL,0,
1706336100.0,1786289319.2561889,1,1.0271,0.1341,,0.662,0.028,0.287,NOMINAL,NOMINAL,NORMAL,0,
1706337000.0,1786289319.3810244,1,0.9917,0.1586,,0.602,0.0276,0.245,NOMINAL,NOMINAL,NORMAL,0,
1706337900.0,1786289319.5060663,1,1.02,0.1357,,0.606,0.0269,0.247,NOMINAL,NOMINAL,NORMAL,0,
1706338800.0,1786289319.631518,1,1.112,0.1404,,0.748,0.0414,0.294,NOMINAL,NOMINAL,NORMAL,0,
1706339700.0,1786289319.7566738,1,1.1543,0.1439,,0.832,0.0319,0.292,NOMINAL,NOMINAL,NORMAL,0,
1706340600.0,1786289319.8813472,1,1.0786,0.1386,,0.708,0.0299,0.273,NOMINAL,NOMINAL,NORMAL,0,
1706341500.0,1786289320.0061483,1,1.056,0.1332,,0.656,0.0287,0.251,NOMINAL,NOMINAL,NORMAL,0,
1706342400.0,1786289320.1310756,1,1.0187,0.1341,,0.605,0.0268,0.246,NOMINAL,NOMINAL,NORMAL,0,
1706343300.0,1786289320.256042,1,1.0149,0.1325,,0.616,0.0279,0.245,NOMINAL,NOMINAL,TRIGGERED,1,omni_p6
1706344200.0,1786289320.3810298,1,0.9978,0.1625,,0.61,0.028,0.243,NOMINAL,NOMINAL,NORMAL,0,
1706345100.0,1786289320.5060234,1,1.0061,0.1291,,0.603,0.0281,0.252,NOMINAL,NOMINAL,NORMAL,0,
1706346000.0,1786289320.6309288,1,0.9702,0.13,,0.587,0.0265,0.237,NOMINAL,NOMINAL,NORMAL,0,
1706346900.0,1786289320.7566228,1,1.1448,0.1433,,0.833,0.0301,0.287,NOMINAL,NOMINAL,NORMAL,0,
1706347800.0,1786289320.8812642,1,1.0601,0.162,,0.709,0.0289,0.271,NOMINAL,NOMINAL,NORMAL,0,
1706348700.0,1786289321.0061908,1,1.0858,0.1359,,0.66,0.0284,0.254,NOMINAL,NOMINAL,TRIGGERED,1,omni_p6
1706349600.0,1786289321.132056,1,1.0288,0.1352,,0.634,0.0481,1.19,NOMINAL,PRE_ALERT,TRIGGERED,2,omni_p6
1706350500.0,1786289321.2569842,1,1.0245,0.133,,0.622,0.0438,1.147,PRE_ALERT,NOMINAL,NORMAL,0,
1706351400.0,1786289321.3812683,1,1.0652,0.1352,,0.684,0.0294,0.267,NOMINAL,NOMINAL,NORMAL,0,
1706352300.0,1786289321.506132,1,1.0629,0.1317,,0.619,0.0276,0.249,NOMINAL,NOMINAL,NORMAL,0,
1706353200.0,1786289321.630989,1,0.9939,0.1298,,0.588,0.026,0.236,NOMINAL,NOMINAL,NORMAL,0,
1706354100.0,1786289321.7560315,1,0.9997,0.1315,,0.623,0.0274,0.251,NOMINAL,NOMINAL,NORMAL,0,
1706355000.0,1786289321.8808413,1,0.8918,0.1295,,0.627,0.0253,0.247,NOMINAL,NOMINAL,TRIGGERED,1,omni_p6
1706355900.0,1786289322.0067623,1,0.9255,0.1229,,0.58,0.0428,1.164,NOMINAL,PRE_ALERT,TRIGGERED,2,omni_p6
1706356800.0,1786289322.1320925,1,1.0845,0.1337,,0.608,0.0468,1.116,PRE_ALERT,NOMINAL,NORMAL,0,
1706357700.0,1786289322.256034,1,1.0218,0.1332,,0.597,0.0261,0.237,NOMINAL,NOMINAL,NORMAL,0,
1706358600.0,1786289322.381495,1,1.1289,0.1395,,0.76,0.0289,0.272,NOMINAL,NOMINAL,NORMAL,0,
1706359500.0,1786289322.5062304,1,1.0924,0.1376,,0.645,0.0295,0.251,NOMINAL,NOMINAL,NORMAL,0,
1706360400.0,1786289322.6311152,1,1.018,0.1342,,0.62,0.027,0.243,NOMINAL,NOMINAL,NORMAL,0,
1706361300.0,1786289322.756012,1,0.9818,0.1325,,0.631,0.0263,0.249,NOMINAL,NOMINAL,TRIGGERED,1,omni_p6
1706362200.0,1786289322.881912,1,0.9725,0.1304,,0.649,0.0447,1.165,NOMINAL,PRE_ALERT,TRIGGERED,2,omni_p6
1706363100.0,1786289323.007083,1,1.0639,0.1355,,0.628,0.0444,1.196,PRE_ALERT,NOMINAL,NORMAL,0,
1706364000.0,1786289323.131152,1,1.0475,0.1336,,0.616,0.0288,0.281,NOMINAL,NOMINAL,NORMAL,0,
1706364900.0,1786289323.2560122,1,0.9897,0.1316,,0.6,0.0264,0.243,NOMINAL,NOMINAL,NORMAL,0,
1706365800.0,1786289323.3812525,1,1.0383,0.137,,0.684,0.0281,0.26,NOMINAL,NOMINAL,NORMAL,0,
1706366700.0,1786289323.506009,1,1.0021,0.1324,,0.599,0.0259,0.241,NOMINAL,NOMINAL,NORMAL,0,
1706367600.0,1786289323.6309566,1,0.9535,0.1324,,0.597,0.0269,0.237,NOMINAL,NOMINAL,TRIGGERED,1,omni_p6
1706368500.0,1786289323.7559679,1,0.9589,0.1291,,0.611,0.0275,0.24,NOMINAL,NOMINAL,NORMAL,0,
1706369400.0,1786289323.881054,1,0.9736,0.16,,0.619,0.0258,0.245,NOMINAL,NOMINAL,NORMAL,0,
1706370300.0,1786289324.0059993,1,0.9933,0.1282,,0.611,0.0263,0.238,NOMINAL,NOMINAL,NORMAL,0,
1706371200.0,1786289324.1309235,1,0.9675,0.1285,,0.563,0.0263,0.248,NOMINAL,NOMINAL,NORMAL,0,
1706372100.0,1786289324.2559521,1,0.9548,0.1261,,0.605,0.0261,0.243,NOMINAL,NOMINAL,NORMAL,0,
1706373000.0,1786289324.38124,1,1.0196,0.1659,,0.698,0.0277,0.26,NOMINAL,NOMINAL,NORMAL,0,
1706373900.0,1786289324.506028,1,1.0116,0.1263,,0.614,0.027,0.246,NOMINAL,NOMINAL,NORMAL,0,
1706374800.0,1786289324.6314955,1,1.0929,0.1389,,0.785,0.0303,0.288,NOMINAL,NOMINAL,NORMAL,0,
1706375700.0,1786289324.7566774,1,1.1365,0.1404,,0.835,0.0325,0.288,NOMINAL,NOMINAL,NORMAL,0,
1706376600.0,1786289324.881449,1,1.14,0.1377,,0.721,0.0313,0.271,NOMINAL,NOMINAL,NORMAL,0,
1706377500.0,1786289325.0062232,1,1.0747,0.1344,,0.653,0.0279,0.256,NOMINAL,NOMINAL,NORMAL,0,
1706378400.0,1786289325.131054,1,1.0314,0.1326,,0.584,0.0276,0.253,NOMINAL,NOMINAL,NORMAL,0,
1706379300.0,1786289325.2560725,1,1.0169,0.1304,,0.607,0.0267,0.253,NOMINAL,NOMINAL,NORMAL,0,
1706380200.0,1786289325.3811636,1,1.0221,0.1692,,0.671,0.0279,0.26,NOMINAL,NOMINAL,NORMAL,0,
1706381100.0,1786289325.5061007,1,1.0284,0.1322,,0.615,0.0272,0.271,NOMINAL,NOMINAL,NORMAL,0,
1706382000.0,1786289325.6310942,1,1.0235,0.1321,,0.63,0.0264,0.254,NOMINAL,NOMINAL,NORMAL,0,
1706382900.0,1786289325.7566535,1,1.1434,0.1447,,0.83,0.0311,0.304,NOMINAL,NOMINAL,NORMAL,0,
1706383800.0,1786289325.8812811,1,1.0637,0.1372,,0.682,0.0302,0.262,NOMINAL,NOMINAL,NORMAL,0,
1706384700.0,1786289326.006164,1,1.0718,0.1348,,0.655,0.0284,0.251,NOMINAL,NOMINAL,NORMAL,0,
1706385600.0,1786289326.1310513,1,1.0278,0.1334,,0.594,0.0274,0.235,NOMINAL,NOMINAL,NORMAL,0,
1706386500.0,1786289326.255971,1,1.0043,0.1305,,0.604,0.0273,0.231,NOMINAL,NOMINAL,NORMAL,0,
1706387400.0,1786289326.3811715,1,1.0149,0.1686,,0.664,0.0299,0.276,NOMINAL,NOMINAL,NORMAL,0,
1706388300.0,1786289326.5061939,1,1.0771,0.1367,,0.64,0.0293,0.281,NOMINAL,NOMINAL,TRIGGERED,1,omni_p6
1706389200.0,1786289326.6311448,1,1.0219,0.1332,,0.639,0.0303,0.275,NOMINAL,NOMINAL,NORMAL,0,
1706390100.0,1786289326.7560463,1,0.9993,0.1312,,0.616,0.0293,0.27,NOMINAL,NOMINAL,NORMAL,0,
1706391000.0,1786289326.8810277,1,0.9796,0.13,,0.641,0.0279,0.244,NOMINAL,NOMINAL,NORMAL,0,
1706391900.0,1786289327.0060773,1,1.0204,0.1301,,0.615,0.0289,0.257,NOMINAL,NOMINAL,NORMAL,0,
1706392800.0,1786289327.1310349,1,0.9925,0.1312,,0.589,0.0287,0.262,NOMINAL,NOMINAL,NORMAL,0,
1706393700.0,1786289327.2559698,1,0.9915,0.1321,,0.595,0.0289,0.249,NOMINAL,NOMINAL,TRIGGERED,1,omni_p6
1706394600.0,1786289327.3824608,1,1.0086,0.1597,,0.641,0.0453,1.594,NOMINAL,PRE_ALERT,TRIGGERED,2,omni_p6
1706395500.0,1786289327.5073311,1,1.1177,0.1396,,0.73,0.0467,1.165,PRE_ALERT,NOMINAL,NORMAL,0,
1706396400.0,1786289327.6311984,1,1.0547,0.1344,,0.637,0.0273,0.258,NOMINAL,NOMINAL,NORMAL,0,
1706397300.0,1786289327.7561579,1,1.0428,0.1349,,0.611,0.0271,0.28,NOMINAL,NOMINAL,NORMAL,0,
1706398200.0,1786289327.881102,1,1.009,0.1651,,0.612,0.0252,0.259,NOMINAL,NOMINAL,NORMAL,0,
1706399100.0,1786289328.0060337,1,1.0174,0.1324,,0.602,0.0265,0.256,NOMINAL,NOMINAL,NORMAL,0,
1706400000.0,1786289328.1321611,1,1.0331,0.1299,0.5909,0.629,0.0275,0.614,NOMINAL,NOMINAL,TRIGGERED,1,omni_p6
1706400900.0,1786289328.2571297,1,1.0381,0.135,,0.605,0.0453,1.31,NOMINAL,PRE_ALERT,TRIGGERED,2,omni_p6
1706401800.0,1786289328.3822122,1,1.0795,0.1368,,0.685,0.0486,1.137,PRE_ALERT,NOMINAL,NORMAL,0,
1706402700.0,1786289328.5062344,1,1.1001,0.1367,,0.63,0.0312,0.254,NOMINAL,NOMINAL,NORMAL,0,
1706403600.0,1786289328.6311522,1,1.0363,0.1386,,0.617,0.0268,0.25,NOMINAL,NOMINAL,NORMAL,0,
1706404500.0,1786289328.7560945,1,1.0075,0.133,,0.632,0.0264,0.264,NOMINAL,NOMINAL,NORMAL,0,
1706405400.0,1786289328.88102,1,0.9732,0.1518,,0.603,0.027,0.268,NOMINAL,NOMINAL,NORMAL,0,
1706406300.0,1786289329.006001,1,1.0188,0.1335,,0.588,0.025,0.235,NOMINAL,NOMINAL,TRIGGERED,1,omni_p6
1706407200.0,1786289329.1310656,1,0.9862,0.1333,,0.605,0.0269,0.281,NOMINAL,NOMINAL,NORMAL,0,
1706408100.0,1786289329.2559874,1,0.9686,0.134,,0.598,0.0266,0.241,NOMINAL,NOMINAL,NORMAL,0,
1706409000.0,1786289329.3810296,1,0.9819,0.1649,,0.596,0.0252,0.244,NOMINAL,NOMINAL,NORMAL,0,
1706409900.0,1786289329.5061162,1,1.0053,0.1324,,0.641,0.0263,0.246,NOMINAL,NOMINAL,NORMAL,0,
1706410800.0,1786289329.6315472,1,1.1126,0.1443,,0.79,0.03,0.301,NOMINAL,NOMINAL,NORMAL,0,
1706411700.0,1786289329.7567089,1,1.1435,0.1447,,0.845,0.0309,0.291,NOMINAL,NOMINAL,TRIGGERED,1,omni_p6
1706412600.0,1786289329.8823342,1,1.0857,0.1487,,0.74,0.0476,1.184,NOMINAL,PRE_ALERT,TRIGGERED,2,omni_p6
1706413500.0,1786289330.0072103,1,1.113,0.1387,,0.684,0.048,1.17,PRE_ALERT,NOMINAL,NORMAL,0,
1706414400.0,1786289330.1311865,1,1.0627,0.1378,,0.619,0.0291,0.255,NOMINAL,NOMINAL,NORMAL,0,
1706415300.0,1786289330.2560477,1,1.0288,0.1343,,0.605,0.0284,0.248,NOMINAL,NOMINAL,NORMAL,0,
1706416200.0,1786289330.3811636,1,1.0545,0.1663,,0.632,0.0288,0.255,NOMINAL,NOMINAL,NORMAL,0,
1706417100.0,1786289330.5061693,1,1.0473,0.1333,,0.648,0.0293,0.264,NOMINAL,NOMINAL,NORMAL,0,
1706418000.0,1786289330.6310866,1,1.0333,0.1344,,0.618,0.0276,0.254,NOMINAL,NOMINAL,NORMAL,0,
1706418900.0,1786289330.7566116,1,1.1372,0.1388,,0.818,0.0316,0.284,NOMINAL,NOMINAL,NORMAL,0,
1706419800.0,1786289330.881214,1,1.0694,0.1368,,0.651,0.0308,0.26,NOMINAL,NOMINAL,NORMAL,0,
1706420700.0,1786289331.0061874,1,1.077,0.1363,,0.643,0.0282,0.255,NOMINAL,NOMINAL,NORMAL,0,
1706421600.0,1786289331.1310916,1,1.0411,0.1338,,0.606,0.0274,0.254,NOMINAL,NOMINAL,NORMAL,0,
1706422500.0,1786289331.2560964,1,1.0266,0.1343,,0.627,0.0276,0.252,NOMINAL,NOMINAL,NORMAL,0,
1706423400.0,1786289331.3810608,1,1.0052,0.165,,0.616,0.027,0.244,NOMINAL,NOMINAL,NORMAL,0,
1706424300.0,1786289331.5062442,1,1.0499,0.1325,,0.69,0.0294,0.261,NOMINAL,NOMINAL,NORMAL,0,
1706425200.0,1786289331.631127,1,1.0204,0.1308,,0.642,0.0299,0.259,NOMINAL,NOMINAL,NORMAL,0,
1706426100.0,1786289331.756003,1,0.9835,0.1366,,0.618,0.0267,0.241,NOMINAL,NOMINAL,NORMAL,0,
1706427000.0,1786289331.8810415,1,0.9841,0.1551,,0.613,0.0255,0.246,NOMINAL,NOMINAL,NORMAL,0,
1706427900.0,1786289332.0060167,1,0.9981,0.1314,,0.584,0.0267,0.262,NOMINAL,NOMINAL,TRIGGERED,1,omni_p6
1706428800.0,1786289332.1319106,1,0.9688,0.1311,,0.594,0.0437,1.178,NOMINAL,PRE_ALERT,TRIGGERED,2,omni_p6
1706429700.0,1786289332.2570343,1,1.0393,0.1333,,0.628,0.0444,1.129,PRE_ALERT,NOMINAL,NORMAL,0,
1706430600.0,1786289332.3811166,1,1.0118,0.154,,0.606,0.0271,0.269,NOMINAL,NOMINAL,NORMAL,0,
1706431500.0,1786289332.505983,1,0.9837,0.1274,,0.587,0.0255,0.257,NOMINAL,NOMINAL,NORMAL,0,
1706432400.0,1786289332.6311536,1,0.9966,0.1333,,0.683,0.0269,0.257,NOMINAL,NOMINAL,NORMAL,0,
1706433300.0,1786289332.7561848,1,1.0178,0.1319,,0.646,0.0279,0.29,NOMINAL,NOMINAL,NORMAL,0,
1706434200.0,1786289332.8810399,1,0.9873,0.158,,0.599,0.0254,0.245,NOMINAL,NOMINAL,TRIGGERED,1,omni_p6
1706435100.0,1786289333.0069263,1,1.0122,0.131,,0.6,0.0426,1.149,NOMINAL,PRE_ALERT,TRIGGERED,2,omni_p6
1706436000.0,1786289333.1319973,1,1.0206,0.1325,,0.608,0.0419,1.142,PRE_ALERT,NOMINAL,NORMAL,0,
1706436900.0,1786289333.2560728,1,1.0187,0.1308,,0.597,0.0252,0.246,NOMINAL,NOMINAL,NORMAL,0,
1706437800.0,1786289333.3811128,1,1.0029,0.1666,,0.619,0.027,0.251,NOMINAL,NOMINAL,NORMAL,0,
1706438700.0,1786289333.5059853,1,0.9885,0.1266,,0.566,0.0255,0.266,NOMINAL,NOMINAL,NORMAL,0,
1706439600.0,1786289333.6311908,1,0.9928,0.1284,,0.678,0.0274,0.254,NOMINAL,NOMINAL,NORMAL,0,
1706440500.0,1786289333.7559788,1,0.9707,0.1323,,0.587,0.0276,0.248,NOMINAL,NOMINAL,TRIGGERED,1,omni_p6
1706441400.0,1786289333.881029,1,0.9635,0.1576,,0.614,0.0267,0.242,NOMINAL,NOMINAL,NORMAL,0,
1706442300.0,1786289334.005989,1,0.9845,0.1294,,0.608,0.0263,0.24,NOMINAL,NOMINAL,NORMAL,0,
1706443200.0,1786289334.1309516,1,0.9551,0.128,,0.579,0.0259,0.253,NOMINAL,NOMINAL,NORMAL,0,
1706444100.0,1786289334.2559528,1,0.9628,0.1325,,0.585,0.0265,0.234,NOMINAL,NOMINAL,NORMAL,0,
1706445000.0,1786289334.3809636,1,0.9469,0.1245,,0.621,0.0265,0.242,NOMINAL,NOMINAL,NORMAL,0,
1706445900.0,1786289334.50597,1,0.9885,0.1288,,0.58,0.027,0.255,NOMINAL,NOMINAL,TRIGGERED,1,omni_p6
1706446800.0,1786289334.6326616,1,1.1458,0.1415,,0.815,0.0522,1.264,NOMINAL,PRE_ALERT,TRIGGERED,2,omni_p6
1706447700.0,1786289334.7575676,1,1.139,0.1425,,0.833,0.0523,1.193,PRE_ALERT,NOMINAL,NORMAL,0,
1706448600.0,1786289334.8813329,1,1.0912,0.1375,,0.685,0.0299,0.259,NOMINAL,NOMINAL,NORMAL,0,
1706449500.0,1786289335.006149,1,1.0593,0.1346,,0.627,0.0286,0.256,NOMINAL,NOMINAL,NORMAL,0,
1706450400.0,1786289335.131052,1,1.0083,0.1319,,0.602,0.0276,0.254,NOMINAL,NOMINAL,NORMAL,0,
1706451300.0,1786289335.256046,1,0.9995,0.1293,,0.609,0.0273,0.248,NOMINAL,NOMINAL,NORMAL,0,
1706452200.0,1786289335.3811076,1,0.9955,0.1768,,0.607,0.0274,0.282,NOMINAL,NOMINAL,TRIGGERED,1,omni_p6
1706453100.0,1786289335.5070548,1,1.0249,0.1286,,0.608,0.0424,1.258,NOMINAL,PRE_ALERT,TRIGGERED,2,omni_p6
1706454000.0,1786289335.6321855,1,1.0565,0.1385,,0.653,0.0472,1.204,PRE_ALERT,NOMINAL,NORMAL,0,
1706454900.0,1786289335.7566223,1,1.1139,0.14,,0.808,0.0311,0.328,NOMINAL,NOMINAL,NORMAL,0,
1706455800.0,1786289335.8814816,1,1.0777,0.1351,,0.693,0.0307,0.411,NOMINAL,NOMINAL,NORMAL,0,
1706456700.0,1786289336.006216,1,1.0654,0.1335,,0.648,0.0298,0.289,NOMINAL,NOMINAL,NORMAL,0,
1706457600.0,1786289336.1310518,1,0.9935,0.1294,,0.608,0.0276,0.252,NOMINAL,NOMINAL,NORMAL,0,
1706458500.0,1786289336.2559917,1,0.9958,0.1331,,0.59,0.0269,0.241,NOMINAL,NOMINAL,TRIGGERED,1,omni_p6
1706459400.0,1786289336.3811038,1,1.0113,0.1575,,0.614,0.0277,0.259,NOMINAL,NOMINAL,NORMAL,0,
1706460300.0,1786289336.505927,1,0.9741,0.1279,,0.591,0.0239,0.237,NOMINAL,NOMINAL,NORMAL,0,
1706461200.0,1786289336.6311414,1,0.9706,0.1291,,0.643,0.027,0.354,NOMINAL,NOMINAL,NORMAL,0,
1706462100.0,1786289336.7560568,1,1.0051,0.1311,,0.618,0.0267,0.254,NOMINAL,NOMINAL,NORMAL,0,
1706463000.0,1786289336.8810213,1,0.9696,0.1578,,0.625,0.0263,0.239,NOMINAL,NOMINAL,NORMAL,0,
1706463900.0,1786289337.005987,1,1.001,0.1321,,0.597,0.0253,0.234,NOMINAL,NOMINAL,NORMAL,0,
1706464800.0,1786289337.1310816,1,0.9865,0.1319,,0.629,0.0271,0.252,NOMINAL,NOMINAL,NORMAL,0,
1706465700.0,1786289337.2559903,1,0.975,0.1304,,0.61,0.0271,0.243,NOMINAL,NOMINAL,NORMAL,0,
1706466600.0,1786289337.3810303,1,0.9742,0.1588,,0.615,0.0274,0.238,NOMINAL,NOMINAL,NORMAL,0,
1706467500.0,1786289337.505953,1,0.9807,0.129,,0.57,0.0251,0.252,NOMINAL,NOMINAL,NORMAL,0,
1706468400.0,1786289337.6308928,1,0.9426,0.1279,,0.566,0.0268,0.241,NOMINAL,NOMINAL,NORMAL,0,
1706469300.0,1786289337.7562041,1,1.0171,0.135,,0.671,0.0277,0.275,NOMINAL,NOMINAL,NORMAL,0,
1706470200.0,1786289337.8810594,1,0.9741,0.1595,,0.621,0.0276,0.269,NOMINAL,NOMINAL,NORMAL,0,
1706471100.0,1786289338.0059755,1,0.9796,0.1292,,0.608,0.0263,0.236,NOMINAL,NOMINAL,NORMAL,0,
1706472000.0,1786289338.13094,1,0.9606,0.1327,,0.578,0.0256,0.242,NOMINAL,NOMINAL,NORMAL,0,
1706472900.0,1786289338.2559404,1,0.9519,0.1321,,0.585,0.025,0.238,NOMINAL,NOMINAL,TRIGGERED,1,omni_p6
1706473800.0,1786289338.380962,1,0.9466,0.1278,,0.63,0.0257,0.239,NOMINAL,NOMINAL,NORMAL,0,
1706474700.0,1786289338.505953,1,0.973,0.127,,0.599,0.0253,0.236,NOMINAL,NOMINAL,NORMAL,0,
1706475600.0,1786289338.6308482,1,0.9007,0.1231,,0.575,0.0252,0.253,NOMINAL,NOMINAL,NORMAL,0,
1706476500.0,1786289338.7561638,1,1.0037,0.1315,,0.663,0.028,0.281,NOMINAL,NOMINAL,NORMAL,0,
1706477400.0,1786289338.881045,1,0.9709,0.1626,,0.633,0.0256,0.242,NOMINAL,NOMINAL,NORMAL,0,
1706478300.0,1786289339.005999,1,0.9895,0.1278,,0.605,0.0252,0.238,NOMINAL,NOMINAL,NORMAL,0,
1706479200.0,1786289339.130891,1,0.948,0.1272,,0.562,0.026,0.238,NOMINAL,NOMINAL,TRIGGERED,1,omni_p6
1706480100.0,1786289339.2559237,1,0.9547,0.1309,,0.576,0.0245,0.231,NOMINAL,NOMINAL,NORMAL,0,
1706481000.0,1786289339.3810713,1,0.9922,0.1603,,0.622,0.0289,0.249,NOMINAL,NOMINAL,NORMAL,0,
1706481900.0,1786289339.5059755,1,0.9902,0.1275,,0.597,0.0251,0.243,NOMINAL,NOMINAL,NORMAL,0,
1706482800.0,1786289339.6314392,1,1.0839,0.1413,,0.782,0.0287,0.263,NOMINAL,NOMINAL,NORMAL,0,
1706483700.0,1786289339.7567115,1,1.1407,0.1447,,0.85,0.032,0.295,NOMINAL,NOMINAL,NORMAL,0,
1706484600.0,1786289339.8813312,1,1.0842,0.1408,,0.698,0.0306,0.261,NOMINAL,NOMINAL,NORMAL,0,
1706485500.0,1786289340.006477,1,1.1296,0.1477,,0.752,0.0314,0.276,NOMINAL,NOMINAL,TRIGGERED,1,omni_p6
1706486400.0,1786289340.1318753,1,1.0631,0.1276,0.5842,0.656,0.0289,0.27,NOMINAL,NOMINAL,NORMAL,0,
