phys_ts,ap_pub_wall_ts,n_channels,resample_ms,z_eval_ms,bg_update_ms,dds_transport_ms,fsm_eval_ms,node_latency_ms,from_state,ap_state,rpn_result,counter,trigger_channels
1641772800.0,1786276379.033903,1,4.0752,0.1229,0.0815,2.726,0.039,0.336,NOMINAL,NOMINAL,STALE,0,
1641773700.0,1786276379.1535523,1,3.1388,0.1075,,2.178,0.1148,0.766,NOMINAL,NOMINAL,STALE,0,
1641774600.0,1786276379.2759757,1,2.2048,0.0987,,1.423,0.0725,0.555,NOMINAL,NOMINAL,STALE,0,
1641775500.0,1786276379.403553,1,2.8213,0.175,,2.4,0.1091,0.817,NOMINAL,NOMINAL,STALE,0,
1641776400.0,1786276379.5277383,1,2.3568,0.1172,,1.841,0.1364,1.143,NOMINAL,NOMINAL,STALE,0,
1641777300.0,1786276379.6544168,1,3.7975,0.0607,,1.19,0.0472,0.428,NOMINAL,NOMINAL,STALE,0,
1641778200.0,1786276379.775923,1,1.288,0.0975,,1.039,0.0438,0.396,NOMINAL,NOMINAL,STALE,0,
1641779100.0,1786276379.9053755,1,4.0171,0.1527,,2.376,0.112,1.108,NOMINAL,NOMINAL,STALE,0,
1641780000.0,1786276380.0335305,1,4.3945,0.1655,,3.766,0.1249,1.215,NOMINAL,NOMINAL,STALE,0,
1641780900.0,1786276380.1543562,1,3.4809,0.1437,,2.389,0.1101,0.908,NOMINAL,NOMINAL,STALE,0,
1641781800.0,1786276380.2795181,1,3.3854,0.1525,,2.33,0.0957,0.786,NOMINAL,NOMINAL,STALE,0,
1641782700.0,1786276380.402685,1,2.6507,0.1757,,1.75,0.091,0.702,NOMINAL,NOMINAL,STALE,0,
1641783600.0,1786276380.5273595,1,2.1155,0.1366,,2.169,0.0837,0.68,NOMINAL,NOMINAL,STALE,0,
1641784500.0,1786276380.6571763,1,3.7911,0.1084,,3.395,0.1711,1.151,NOMINAL,NOMINAL,STALE,0,
1641785400.0,1786276380.778359,1,3.5097,0.1245,,1.278,0.0291,0.319,NOMINAL,NOMINAL,STALE,0,
1641786300.0,1786276380.9045777,1,3.8596,0.1525,,2.132,0.1029,0.84,NOMINAL,NOMINAL,STALE,0,
1641787200.0,1786276381.0306551,1,3.7369,0.1393,,2.738,0.137,0.937,NOMINAL,NOMINAL,STALE,0,
1641788100.0,1786276381.153997,1,3.571,0.1413,,2.214,0.0995,0.809,NOMINAL,NOMINAL,STALE,0,
1641789000.0,1786276381.2782469,1,2.6746,0.138,,2.352,0.0965,0.703,NOMINAL,NOMINAL,STALE,0,
1641789900.0,1786276381.4025803,1,2.4528,0.1258,,1.866,0.0829,0.744,NOMINAL,NOMINAL,STALE,0,
1641790800.0,1786276381.5277066,1,2.3451,0.1339,,2.364,0.0701,0.605,NOMINAL,NOMINAL,STALE,0,
1641791700.0,1786276381.6523192,1,2.2412,0.1236,,2.161,0.0695,0.627,NOMINAL,NOMINAL,STALE,0,
1641792600.0,1786276381.7785928,1,2.9922,0.1388,,2.065,0.0653,0.581,NOMINAL,NOMINAL,STALE,0,
1641793500.0,1786276381.9038315,1,3.1245,0.1491,,2.396,0.0889,0.732,NOMINAL,NOMINAL,STALE,0,
1641794400.0,1786276382.0271254,1,1.6164,0.0988,,2.876,0.1118,0.91,NOMINAL,NOMINAL,STALE,0,
1641795300.0,1786276382.1533704,1,3.1523,0.1496,,2.129,0.0964,0.699,NOMINAL,NOMINAL,STALE,0,
1641796200.0,1786276382.2779558,1,2.6998,0.1378,,2.146,0.0757,0.622,NOMINAL,NOMINAL,STALE,0,
1641797100.0,1786276382.4030452,1,2.6603,0.1358,,1.834,0.1954,0.745,NOMINAL,NOMINAL,STALE,0,
1641798000.0,1786276382.5307534,1,3.344,0.1509,,2.754,0.1047,1.701,NOMINAL,NOMINAL,STALE,0,
1641798900.0,1786276382.6531591,1,2.865,0.1213,,2.371,0.0933,0.885,NOMINAL,NOMINAL,STALE,0,
1641799800.0,1786276382.778239,1,2.5954,0.1224,,2.189,0.0847,0.936,NOMINAL,NOMINAL,STALE,0,
1641800700.0,1786276382.903068,1,3.0953,0.1443,,1.752,0.0962,0.773,NOMINAL,NOMINAL,STALE,0,
1641801600.0,1786276383.027942,1,2.8969,0.115,,2.668,0.03,0.28,NOMINAL,NOMINAL,STALE,0,
1641802500.0,1786276383.1533568,1,3.2935,0.1463,,2.057,0.1063,0.841,NOMINAL,NOMINAL,STALE,0,
1641803400.0,1786276383.2775736,1,2.6765,0.1296,,2.0,0.0845,0.742,NOMINAL,NOMINAL,STALE,0,
1641804300.0,1786276383.4018953,1,2.1752,0.1144,,2.032,0.088,0.728,NOMINAL,NOMINAL,STALE,0,
1641805200.0,1786276383.527062,1,2.2808,0.165,,2.18,0.0773,0.655,NOMINAL,NOMINAL,STALE,0,
1641806100.0,1786276383.651875,1,2.1503,0.1242,,2.276,0.0785,0.622,NOMINAL,NOMINAL,STALE,0,
1641807000.0,1786276383.7777035,1,2.3963,0.1251,,2.167,0.0942,0.721,NOMINAL,NOMINAL,STALE,0,
1641807900.0,1786276383.905001,1,2.894,0.174,,3.973,0.0933,0.778,NOMINAL,NOMINAL,STALE,0,
1641808800.0,1786276384.027468,1,2.5337,0.1212,,2.143,0.0901,0.73,NOMINAL,NOMINAL,STALE,0,
1641809700.0,1786276384.1548903,1,3.6587,0.1518,,2.651,0.1102,0.842,NOMINAL,NOMINAL,STALE,0,
1641810600.0,1786276384.2778325,1,2.6158,0.1331,,2.219,0.0985,0.762,NOMINAL,NOMINAL,STALE,0,
1641811500.0,1786276384.402253,1,2.5063,0.1247,,1.977,0.0857,0.677,NOMINAL,NOMINAL,STALE,0,
1641812400.0,1786276384.5265834,1,2.1131,0.1104,,1.761,0.0632,0.798,NOMINAL,NOMINAL,STALE,0,
1641813300.0,1786276384.6586232,1,4.6466,0.1778,,3.542,0.1212,1.016,NOMINAL,NOMINAL,STALE,0,
1641814200.0,1786276384.7799582,1,3.5819,0.1561,,2.384,0.1148,0.896,NOMINAL,NOMINAL,STALE,0,
1641815100.0,1786276384.9034135,1,3.3279,0.1479,,1.677,0.1014,0.949,NOMINAL,NOMINAL,STALE,0,
1641816000.0,1786276385.0283568,1,3.1409,0.1429,,2.089,0.098,0.884,NOMINAL,NOMINAL,STALE,0,
1641816900.0,1786276385.1543226,1,3.449,0.1509,,2.376,0.1181,0.9,NOMINAL,NOMINAL,STALE,0,
1641817800.0,1786276385.2779188,1,2.7775,0.1493,,2.171,0.0967,0.761,NOMINAL,NOMINAL,STALE,0,
1641818700.0,1786276385.4022064,1,2.5202,0.1316,,1.955,0.0936,0.681,NOMINAL,NOMINAL,STALE,0,
1641819600.0,1786276385.5265179,1,2.0319,0.1261,,2.076,0.0841,0.585,NOMINAL,NOMINAL,STALE,0,
1641820500.0,1786276385.6572144,1,3.8596,0.1626,,3.719,0.2859,1.405,NOMINAL,NOMINAL,STALE,0,
1641821400.0,1786276385.780539,1,3.966,0.1588,,2.78,0.1065,0.905,NOMINAL,NOMINAL,STALE,0,
1641822300.0,1786276385.9037547,1,3.6721,0.1489,,1.714,0.102,0.787,NOMINAL,NOMINAL,STALE,0,
1641823200.0,1786276386.02854,1,2.8696,0.1514,,2.508,0.0811,0.768,NOMINAL,NOMINAL,STALE,0,
1641824100.0,1786276386.154544,1,3.0603,0.1454,,3.206,0.1149,0.876,NOMINAL,NOMINAL,STALE,0,
1641825000.0,1786276386.280234,1,3.3949,0.1446,,2.818,0.0997,0.956,NOMINAL,NOMINAL,STALE,0,
1641825900.0,1786276386.4032094,1,2.8411,0.1578,,2.087,0.0929,0.744,NOMINAL,NOMINAL,STALE,0,
1641826800.0,1786276386.52638,1,2.0671,0.1197,,1.844,0.0763,0.604,NOMINAL,NOMINAL,STALE,0,
1641827700.0,1786276386.653063,1,2.0012,0.1262,,3.59,0.0786,0.648,NOMINAL,NOMINAL,STALE,0,
1641828600.0,1786276386.7790322,1,3.0181,0.1457,,2.191,0.0936,0.732,NOMINAL,NOMINAL,STALE,0,
1641829500.0,1786276386.903331,1,3.1762,0.1533,,1.786,0.0952,0.777,NOMINAL,NOMINAL,STALE,0,
1641830400.0,1786276387.0285807,1,2.9072,0.1381,,2.377,0.0934,0.754,NOMINAL,NOMINAL,STALE,0,
1641831300.0,1786276387.1545591,1,3.0162,0.1432,,3.157,0.0915,0.796,NOMINAL,NOMINAL,STALE,0,
1641832200.0,1786276387.2790172,1,2.897,0.1313,,2.554,0.0884,0.693,NOMINAL,NOMINAL,STALE,0,
1641833100.0,1786276387.402817,1,2.603,0.175,,1.856,0.0795,0.716,NOMINAL,NOMINAL,STALE,0,
1641834000.0,1786276387.5296926,1,3.0069,0.1539,,2.51,0.0931,0.786,NOMINAL,NOMINAL,STALE,0,
1641834900.0,1786276387.6528533,1,2.3951,0.1301,,2.608,0.0853,0.667,NOMINAL,NOMINAL,STALE,0,
1641835800.0,1786276387.7799814,1,3.185,0.1817,,2.857,0.1035,0.775,NOMINAL,NOMINAL,STALE,0,
1641836700.0,1786276387.903682,1,2.8475,0.1923,,2.557,0.0981,0.775,NOMINAL,NOMINAL,STALE,0,
1641837600.0,1786276388.0278606,1,2.6463,0.1364,,2.353,0.0923,0.705,NOMINAL,NOMINAL,STALE,0,
1641838500.0,1786276388.1534042,1,3.0859,0.1525,,2.177,0.0966,0.713,NOMINAL,NOMINAL,STALE,0,
1641839400.0,1786276388.277427,1,2.5109,0.1335,,2.094,0.0887,0.744,NOMINAL,NOMINAL,STALE,0,
1641840300.0,1786276388.4026191,1,2.5687,0.1338,,1.975,0.0943,0.704,NOMINAL,NOMINAL,STALE,0,
1641841200.0,1786276388.5267477,1,2.0882,0.1338,,1.994,0.0835,0.71,NOMINAL,NOMINAL,STALE,0,
1641842100.0,1786276388.6539147,1,2.4404,0.1316,,3.758,0.0779,0.706,NOMINAL,NOMINAL,STALE,0,
1641843000.0,1786276388.7783318,1,2.8079,0.1385,,2.172,0.0911,0.683,NOMINAL,NOMINAL,STALE,0,
1641843900.0,1786276388.9034147,1,2.947,0.1752,,2.387,0.0877,0.747,NOMINAL,NOMINAL,STALE,0,
1641844800.0,1786276389.0278752,1,2.5184,0.133,,2.592,0.0948,0.706,NOMINAL,NOMINAL,STALE,0,
1641845700.0,1786276389.1532955,1,3.0285,0.1373,,2.352,0.1083,0.753,NOMINAL,NOMINAL,STALE,0,
1641846600.0,1786276389.2785707,1,2.7736,0.1485,,2.462,0.1013,1.031,NOMINAL,NOMINAL,STALE,0,
1641847500.0,1786276389.4037755,1,2.9944,0.1807,,2.608,0.1037,0.857,NOMINAL,NOMINAL,STALE,0,
1641848400.0,1786276389.5250041,1,1.451,0.0665,,1.526,0.0558,0.526,NOMINAL,NOMINAL,STALE,0,
1641849300.0,1786276389.657135,1,3.803,0.1631,,3.536,0.1295,1.178,NOMINAL,NOMINAL,STALE,0,
1641850200.0,1786276389.7801952,1,3.6889,0.1444,,2.472,0.1098,0.891,NOMINAL,NOMINAL,STALE,0,
1641851100.0,1786276389.9026775,1,2.9391,0.1744,,1.627,0.1039,0.782,NOMINAL,NOMINAL,STALE,0,
1641852000.0,1786276390.0277839,1,2.7534,0.1301,,2.096,0.1032,0.818,NOMINAL,NOMINAL,STALE,0,
1641852900.0,1786276390.1563895,1,4.1172,0.1536,,3.125,0.1209,1.226,NOMINAL,NOMINAL,STALE,0,
1641853800.0,1786276390.2822142,1,4.0968,0.1682,,3.553,0.1183,0.967,NOMINAL,NOMINAL,STALE,0,
1641854700.0,1786276390.405211,1,3.5293,0.3563,,2.697,0.1022,0.849,NOMINAL,NOMINAL,STALE,0,
1641855600.0,1786276390.5276768,1,2.5905,0.1237,,2.26,0.0872,0.683,NOMINAL,NOMINAL,STALE,0,
1641856500.0,1786276390.6571033,1,3.9699,0.1535,,3.483,0.1265,1.124,NOMINAL,NOMINAL,STALE,0,
1641857400.0,1786276390.7757692,1,1.6593,0.2854,,1.363,0.1111,0.872,NOMINAL,NOMINAL,STALE,0,
1641858300.0,1786276390.9035466,1,3.4224,0.1481,,1.674,0.0976,0.802,NOMINAL,NOMINAL,STALE,0,
1641859200.0,1786276391.0339584,1,3.2697,0.5197,1.6439,2.355,0.1181,0.94,NOMINAL,NOMINAL,NORMAL,0,
1641860100.0,1786276391.1548848,1,3.6974,0.4195,,2.389,0.1097,0.744,NOMINAL,NOMINAL,NORMAL,0,
1641861000.0,1786276391.2801723,1,3.5294,0.4262,,2.543,0.1216,0.9,NOMINAL,NOMINAL,NORMAL,0,
1641861900.0,1786276391.4041562,1,3.2163,0.3743,,2.415,0.1046,0.717,NOMINAL,NOMINAL,NORMAL,0,
1641862800.0,1786276391.5279605,1,2.5348,0.3356,,2.347,0.0985,0.681,NOMINAL,NOMINAL,TRIGGERED,1,omni_p6
1641863700.0,1786276391.6557932,1,2.634,0.3426,,2.381,0.1485,3.415,NOMINAL,PRE_ALERT,TRIGGERED,2,omni_p6
1641864600.0,1786276391.7807,1,2.5139,0.3176,,2.183,0.1175,3.279,PRE_ALERT,NOMINAL,NORMAL,0,
1641865500.0,1786276391.9040415,1,3.2571,0.3777,,2.359,0.0935,0.703,NOMINAL,NOMINAL,NORMAL,0,
1641866400.0,1786276392.0293286,1,3.1959,0.3629,,2.695,0.0973,0.7,NOMINAL,NOMINAL,NORMAL,0,
1641867300.0,1786276392.1533332,1,2.9656,0.3504,,2.147,0.0988,0.682,NOMINAL,NOMINAL,NORMAL,0,
1641868200.0,1786276392.279065,1,3.0671,0.3623,,2.287,0.0995,1.107,NOMINAL,NOMINAL,TRIGGERED,1,omni_p6
1641869100.0,1786276392.405846,1,2.7721,0.331,,2.346,0.1614,3.482,NOMINAL,PRE_ALERT,TRIGGERED,2,omni_p6
1641870000.0,1786276392.530771,1,2.5729,0.3098,,2.384,0.1661,3.521,PRE_ALERT,NOMINAL,NORMAL,0,
1641870900.0,1786276392.652486,1,2.3095,0.2965,,2.28,0.0866,0.833,NOMINAL,NOMINAL,NORMAL,0,
1641871800.0,1786276392.7788303,1,3.2572,0.4666,,2.038,0.0792,0.739,NOMINAL,NOMINAL,NORMAL,0,
1641872700.0,1786276392.9038508,1,3.4468,0.371,,1.823,0.1022,0.784,NOMINAL,NOMINAL,NORMAL,0,
1641873600.0,1786276393.0285614,1,2.7191,0.3537,,2.633,0.0958,0.883,NOMINAL,NOMINAL,NORMAL,0,
1641874500.0,1786276393.1491792,1,1.4308,0.2201,,0.987,0.0428,0.378,NOMINAL,NOMINAL,NORMAL,0,
1641875400.0,1786276393.279081,1,2.9477,0.3598,,2.43,0.1022,0.845,NOMINAL,NOMINAL,TRIGGERED,1,omni_p6
1641876300.0,1786276393.403358,1,2.7159,0.3812,,2.377,0.0943,0.715,NOMINAL,NOMINAL,NORMAL,0,
1641877200.0,1786276393.527676,1,2.1407,0.3483,,2.658,0.0839,0.618,NOMINAL,NOMINAL,NORMAL,0,
1641878100.0,1786276393.653623,1,2.6435,0.3263,,2.88,0.0968,0.664,NOMINAL,NOMINAL,NORMAL,0,
1641879000.0,1786276393.7751622,1,1.9006,0.2791,,1.045,0.0438,0.384,NOMINAL,NOMINAL,NORMAL,0,
1641879900.0,1786276393.9045205,1,3.2703,0.3578,,2.621,0.0984,0.927,NOMINAL,NOMINAL,NORMAL,0,
1641880800.0,1786276394.0289953,1,3.0258,0.3463,,2.645,0.0905,0.66,NOMINAL,NOMINAL,NORMAL,0,
1641881700.0,1786276394.1510928,1,2.1547,0.2193,,1.456,0.0793,0.578,NOMINAL,NOMINAL,NORMAL,0,
1641882600.0,1786276394.278695,1,2.7077,0.325,,2.878,0.0851,0.663,NOMINAL,NOMINAL,NORMAL,0,
1641883500.0,1786276394.4057324,1,3.4729,0.3965,,3.19,0.1062,0.858,NOMINAL,NOMINAL,NORMAL,0,
1641884400.0,1786276394.5269191,1,2.1904,0.2752,,1.657,0.0632,0.543,NOMINAL,NOMINAL,NORMAL,0,
1641885300.0,1786276394.657415,1,3.5893,0.3874,,4.243,0.1253,1.122,NOMINAL,NOMINAL,NORMAL,0,
1641886200.0,1786276394.7768896,1,2.9589,0.2955,,1.212,0.0295,0.248,NOMINAL,NOMINAL,NORMAL,0,
1641887100.0,1786276394.9042284,1,3.5141,0.3915,,1.852,0.1028,0.831,NOMINAL,NOMINAL,NORMAL,0,
1641888000.0,1786276395.0292654,1,3.0375,0.365,,3.091,0.0943,0.727,NOMINAL,NOMINAL,TRIGGERED,1,omni_p6
1641888900.0,1786276395.1531787,1,2.7968,0.3403,,2.326,0.0819,0.705,NOMINAL,NOMINAL,NORMAL,0,
1641889800.0,1786276395.279379,1,3.042,0.3832,,2.893,0.1093,0.813,NOMINAL,NOMINAL,NORMAL,0,
1641890700.0,1786276395.404783,1,3.287,0.3865,,2.531,0.1047,0.841,NOMINAL,NOMINAL,TRIGGERED,1,omni_p6
1641891600.0,1786276395.52957,1,2.2989,0.3425,,1.755,0.159,3.371,NOMINAL,PRE_ALERT,TRIGGERED,2,omni_p6
1641892500.0,1786276395.661424,1,4.3551,0.4608,,3.767,0.2186,3.716,PRE_ALERT,NOMINAL,NORMAL,0,
1641893400.0,1786276395.780006,1,3.7729,0.3766,,2.548,0.1031,0.741,NOMINAL,NOMINAL,NORMAL,0,
1641894300.0,1786276395.8998654,1,1.6116,0.2331,,1.055,0.0421,0.399,NOMINAL,NOMINAL,NORMAL,0,
1641895200.0,1786276396.0290732,1,3.0885,0.3733,,2.342,0.1033,0.882,NOMINAL,NOMINAL,NORMAL,0,
1641896100.0,1786276396.1538992,1,2.9657,0.3566,,2.692,0.0996,0.714,NOMINAL,NOMINAL,NORMAL,0,
1641897000.0,1786276396.278904,1,3.0049,0.3673,,2.479,0.104,0.74,NOMINAL,NOMINAL,TRIGGERED,1,omni_p6
1641897900.0,1786276396.4046159,1,3.0584,0.3576,,2.888,0.1142,0.854,NOMINAL,NOMINAL,NORMAL,0,
1641898800.0,1786276396.528588,1,2.628,0.3367,,2.783,0.0861,0.779,NOMINAL,NOMINAL,NORMAL,0,
1641899700.0,1786276396.653151,1,2.5365,0.3207,,2.733,0.0762,0.609,NOMINAL,NOMINAL,NORMAL,0,
1641900600.0,1786276396.7777224,1,2.5134,0.3169,,2.295,0.0792,0.613,NOMINAL,NOMINAL,NORMAL,0,
1641901500.0,1786276396.9015005,1,2.5716,0.2882,,1.344,0.0284,0.245,NOMINAL,NOMINAL,NORMAL,0,
1641902400.0,1786276397.0310693,1,3.5233,0.4023,,3.397,0.1154,0.85,NOMINAL,NOMINAL,TRIGGERED,1,omni_p6
1641903300.0,1786276397.15538,1,2.5464,0.3222,,2.294,0.2265,3.438,NOMINAL,PRE_ALERT,TRIGGERED,2,omni_p6
1641904200.0,1786276397.2825694,1,3.4819,0.4337,,2.617,0.1846,3.411,PRE_ALERT,NOMINAL,NORMAL,0,
1641905100.0,1786276397.404778,1,3.4372,0.4014,,2.468,0.1637,0.918,NOMINAL,NOMINAL,NORMAL,0,
1641906000.0,1786276397.529483,1,3.31,0.3897,,2.526,0.1207,0.888,NOMINAL,NOMINAL,NORMAL,0,
1641906900.0,1786276397.653631,1,2.8994,0.3686,,2.474,0.09,0.705,NOMINAL,NOMINAL,NORMAL,0,
1641907800.0,1786276397.7773292,1,2.4436,0.3191,,1.904,0.0844,0.654,NOMINAL,NOMINAL,NORMAL,0,
1641908700.0,1786276397.9031491,1,3.13,0.273,,1.464,0.0799,0.637,NOMINAL,NOMINAL,TRIGGERED,1,omni_p6
1641909600.0,1786276398.032436,1,3.2993,0.3822,,2.838,0.1795,3.463,NOMINAL,PRE_ALERT,TRIGGERED,2,omni_p6
1641910500.0,1786276398.1578302,1,3.471,0.4002,,3.242,0.1751,3.284,PRE_ALERT,NOMINAL,NORMAL,0,
1641911400.0,1786276398.2797418,1,3.3604,0.4201,,2.656,0.1093,0.836,NOMINAL,NOMINAL,NORMAL,0,
1641912300.0,1786276398.4039404,1,3.1923,0.3669,,2.156,0.1066,0.825,NOMINAL,NOMINAL,NORMAL,0,
1641913200.0,1786276398.529463,1,2.9041,0.3606,,2.872,0.0985,0.726,NOMINAL,NOMINAL,NORMAL,0,
1641914100.0,1786276398.6535916,1,2.5438,0.343,,2.897,0.0967,0.654,NOMINAL,NOMINAL,NORMAL,0,
1641915000.0,1786276398.7781603,1,2.4621,0.3206,,2.671,0.0782,0.673,NOMINAL,NOMINAL,TRIGGERED,1,omni_p6
1641915900.0,1786276398.903109,1,3.0844,0.3703,,1.679,0.0923,0.665,NOMINAL,NOMINAL,NORMAL,0,
1641916800.0,1786276399.0301912,1,3.2777,0.4013,,3.049,0.1111,0.812,NOMINAL,NOMINAL,NORMAL,0,
1641917700.0,1786276399.1533873,1,2.9487,0.3579,,2.137,0.0974,0.757,NOMINAL,NOMINAL,NORMAL,0,
1641918600.0,1786276399.2789967,1,3.0639,0.367,,2.445,0.11,0.823,NOMINAL,NOMINAL,NORMAL,0,
1641919500.0,1786276399.4028065,1,2.6818,0.3684,,1.905,0.0885,0.67,NOMINAL,NOMINAL,NORMAL,0,
1641920400.0,1786276399.527497,1,2.3032,0.3033,,1.678,0.0625,0.761,NOMINAL,NOMINAL,NORMAL,0,
1641921300.0,1786276399.6591458,1,4.5092,0.457,,3.574,0.1447,1.084,NOMINAL,NOMINAL,NORMAL,0,
1641922200.0,1786276399.7792547,1,3.3246,0.398,,2.422,0.1066,0.795,NOMINAL,NOMINAL,NORMAL,0,
1641923100.0,1786276399.9040654,1,3.3617,0.3807,,2.2,0.0968,0.76,NOMINAL,NOMINAL,NORMAL,0,
1641924000.0,1786276400.0298767,1,3.33,0.3962,,2.796,0.1105,0.779,NOMINAL,NOMINAL,NORMAL,0,
1641924900.0,1786276400.1525156,1,2.6804,0.327,,1.847,0.1141,0.73,NOMINAL,NOMINAL,NORMAL,0,
1641925800.0,1786276400.278611,1,2.9049,0.3478,,2.492,0.1108,0.818,NOMINAL,NOMINAL,NORMAL,0,
1641926700.0,1786276400.4028134,1,2.6286,0.3352,,2.013,0.1043,0.754,NOMINAL,NOMINAL,NORMAL,0,
1641927600.0,1786276400.52874,1,2.9308,0.3495,,2.19,0.1766,0.85,NOMINAL,NOMINAL,NORMAL,0,
1641928500.0,1786276400.6573145,1,3.8334,0.4576,,3.587,0.1413,1.276,NOMINAL,NOMINAL,NORMAL,0,
1641929400.0,1786276400.7787945,1,2.9841,0.3482,,2.628,0.1184,0.868,NOMINAL,NOMINAL,NORMAL,0,
1641930300.0,1786276400.9030447,1,3.071,0.3687,,1.652,0.1089,0.765,NOMINAL,NOMINAL,NORMAL,0,
1641931200.0,1786276401.0293899,1,3.1257,0.3459,,2.443,0.1186,0.83,NOMINAL,NOMINAL,NORMAL,0,
1641932100.0,1786276401.1526408,1,2.6249,0.3196,,1.927,0.1571,0.798,NOMINAL,NOMINAL,NORMAL,0,
1641933000.0,1786276401.278568,1,2.6822,0.3382,,2.23,0.1024,1.227,NOMINAL,NOMINAL,NORMAL,0,
1641933900.0,1786276401.4027023,1,2.4803,0.3078,,2.239,0.1048,0.736,NOMINAL,NOMINAL,NORMAL,0,
1641934800.0,1786276401.5293808,1,2.8084,0.3509,,2.374,0.0949,0.908,NOMINAL,NOMINAL,NORMAL,0,
1641935700.0,1786276401.651645,1,2.1671,0.3141,,1.678,0.0944,0.679,NOMINAL,NOMINAL,TRIGGERED,1,omni_p6
1641936600.0,1786276401.7765837,1,2.0873,0.2882,,1.637,0.0787,0.759,NOMINAL,NOMINAL,NORMAL,0,
1641937500.0,1786276401.9028807,1,2.8517,0.3866,,1.666,0.0944,0.756,NOMINAL,NOMINAL,NORMAL,0,
1641938400.0,1786276402.0290773,1,3.0869,0.3447,,2.356,0.1066,0.792,NOMINAL,NOMINAL,NORMAL,0,
1641939300.0,1786276402.1534429,1,2.8374,0.3407,,2.568,0.1108,0.747,NOMINAL,NOMINAL,NORMAL,0,
1641940200.0,1786276402.2778547,1,2.7543,0.3394,,2.127,0.1018,0.742,NOMINAL,NOMINAL,NORMAL,0,
1641941100.0,1786276402.40254,1,2.556,0.3196,,2.155,0.087,0.625,NOMINAL,NOMINAL,NORMAL,0,
1641942000.0,1786276402.5311434,1,3.5454,0.4193,,3.035,0.1181,0.892,NOMINAL,NOMINAL,TRIGGERED,1,omni_p6
1641942900.0,1786276402.6535292,1,2.6705,0.3292,,2.921,0.0974,0.737,NOMINAL,NOMINAL,NORMAL,0,
1641943800.0,1786276402.7782133,1,2.6266,0.5027,,2.416,0.0927,0.682,NOMINAL,NOMINAL,NORMAL,0,
1641944700.0,1786276402.9042058,1,3.2424,0.3776,,2.308,0.1033,0.768,NOMINAL,NOMINAL,NORMAL,0,
1641945600.0,1786276403.0317817,1,3.4182,0.3418,1.6468,2.795,0.1181,0.811,NOMINAL,NOMINAL,NORMAL,0,
1641946500.0,1786276403.1537929,1,3.4083,0.3835,,2.042,0.1163,0.761,NOMINAL,NOMINAL,NORMAL,0,
1641947400.0,1786276403.278797,1,3.0545,0.3681,,2.54,0.1087,0.78,NOMINAL,NOMINAL,TRIGGERED,1,omni_p6
1641948300.0,1786276403.4059892,1,2.9041,0.411,,2.107,0.1895,3.494,NOMINAL,PRE_ALERT,TRIGGERED,2,omni_p6
1641949200.0,1786276403.5328748,1,3.6431,0.4126,,2.496,0.1905,3.427,PRE_ALERT,NOMINAL,NORMAL,0,
1641950100.0,1786276403.6533425,1,2.5918,0.3239,,2.898,0.0968,0.705,NOMINAL,NOMINAL,NORMAL,0,
1641951000.0,1786276403.776837,1,2.1851,0.2907,,2.135,0.0835,0.593,NOMINAL,NOMINAL,NORMAL,0,
1641951900.0,1786276403.904815,1,3.163,0.366,,2.982,0.1068,0.849,NOMINAL,NOMINAL,NORMAL,0,
1641952800.0,1786276404.02931,1,3.2229,0.3579,,2.663,0.1117,0.749,NOMINAL,NOMINAL,NORMAL,0,
1641953700.0,1786276404.152843,1,2.8735,0.3444,,2.15,0.079,0.63,NOMINAL,NOMINAL,TRIGGERED,1,omni_p6
1641954600.0,1786276404.2782416,1,1.561,0.2047,,1.096,0.0638,3.687,NOMINAL,PRE_ALERT,TRIGGERED,2,omni_p6
1641955500.0,1786276404.4120584,1,4.3785,0.472,,4.137,0.2221,3.657,PRE_ALERT,NOMINAL,NORMAL,0,
1641956400.0,1786276404.5260465,1,1.8432,0.2537,,1.754,0.0676,0.604,NOMINAL,NOMINAL,NORMAL,0,
1641957300.0,1786276404.6597538,1,4.5319,0.4712,,3.715,0.1443,1.225,NOMINAL,NOMINAL,NORMAL,0,
1641958200.0,1786276404.7787116,1,3.0736,0.3535,,2.373,0.113,0.913,NOMINAL,NOMINAL,NORMAL,0,
1641959100.0,1786276404.903471,1,3.3167,0.3597,,1.683,0.1057,0.76,NOMINAL,NOMINAL,NORMAL,0,
1641960000.0,1786276405.031528,1,3.7691,0.4208,,3.121,0.1266,1.0,NOMINAL,NOMINAL,TRIGGERED,1,omni_p6
1641960900.0,1786276405.1539605,1,3.0873,0.354,,2.749,0.1152,0.875,NOMINAL,NOMINAL,NORMAL,0,
1641961800.0,1786276405.2771246,1,2.4461,0.2768,,2.022,0.0881,0.607,NOMINAL,NOMINAL,NORMAL,0,
1641962700.0,1786276405.4023685,1,2.5101,0.3206,,1.997,0.1018,0.71,NOMINAL,NOMINAL,NORMAL,0,
1641963600.0,1786276405.526577,1,1.9642,0.2884,,1.919,0.0909,0.651,NOMINAL,NOMINAL,NORMAL,0,
1641964500.0,1786276405.6589377,1,4.3946,0.4698,,3.886,0.148,1.127,NOMINAL,NOMINAL,NORMAL,0,
1641965400.0,1786276405.7781775,1,2.7779,0.3234,,2.305,0.1109,0.815,NOMINAL,NOMINAL,NORMAL,0,
1641966300.0,1786276405.905505,1,4.014,0.3808,,2.472,0.1145,0.799,NOMINAL,NOMINAL,NORMAL,0,
1641967200.0,1786276406.029872,1,3.4054,0.3699,,2.532,0.1203,0.766,NOMINAL,NOMINAL,NORMAL,0,
1641968100.0,1786276406.15381,1,3.3671,0.3838,,2.031,0.1098,0.675,NOMINAL,NOMINAL,NORMAL,0,
1641969000.0,1786276406.2784073,1,2.8147,0.3581,,2.241,0.1007,0.696,NOMINAL,NOMINAL,NORMAL,0,
1641969900.0,1786276406.4035451,1,2.8513,0.3668,,2.14,0.0996,0.727,NOMINAL,NOMINAL,NORMAL,0,
1641970800.0,1786276406.5286648,1,2.8432,0.345,,2.438,0.0939,0.832,NOMINAL,NOMINAL,NORMAL,0,
1641971700.0,1786276406.654208,1,3.0595,0.3532,,2.358,0.1062,0.817,NOMINAL,NOMINAL,NORMAL,0,
1641972600.0,1786276406.7779067,1,2.5654,0.3301,,2.327,0.0914,0.695,NOMINAL,NOMINAL,NORMAL,0,
1641973500.0,1786276406.8998268,1,1.5268,0.2242,,0.914,0.043,0.486,NOMINAL,NOMINAL,NORMAL,0,
1641974400.0,1786276407.0273082,1,2.1782,0.364,,2.485,0.1077,0.729,NOMINAL,NOMINAL,NORMAL,0,
1641975300.0,1786276407.153107,1,2.7786,0.347,,2.084,0.1127,0.814,NOMINAL,NOMINAL,NORMAL,0,
1641976200.0,1786276407.2789743,1,2.7849,0.3578,,2.115,0.0941,0.783,NOMINAL,NOMINAL,TRIGGERED,1,omni_p6
1641977100.0,1786276407.4032085,1,2.7208,0.3832,,2.103,0.1115,0.709,NOMINAL,NOMINAL,NORMAL,0,
1641978000.0,1786276407.528376,1,2.8186,0.3511,,2.239,0.1094,0.792,NOMINAL,NOMINAL,NORMAL,0,
1641978900.0,1786276407.6546373,1,3.1981,0.3722,,2.369,0.1082,0.822,NOMINAL,NOMINAL,NORMAL,0,
1641979800.0,1786276407.7786915,1,2.7472,0.3394,,2.226,0.1007,0.727,NOMINAL,NOMINAL,NORMAL,0,
1641980700.0,1786276407.9013603,1,2.3785,0.2782,,1.429,0.0298,0.244,NOMINAL,NOMINAL,NORMAL,0,
1641981600.0,1786276408.0259738,1,2.4871,0.1326,,0.681,0.0456,0.379,NOMINAL,NOMINAL,TRIGGERED,1,omni_p6
1641982500.0,1786276408.1563034,1,3.0052,0.3684,,2.123,0.1857,3.593,NOMINAL,PRE_ALERT,TRIGGERED,2,omni_p6
1641983400.0,1786276408.2819948,1,3.1683,0.4001,,2.257,0.1828,3.291,PRE_ALERT,NOMINAL,NORMAL,0,
1641984300.0,1786276408.4045482,1,3.1563,0.3649,,2.582,0.1202,0.833,NOMINAL,NOMINAL,NORMAL,0,
1641985200.0,1786276408.528165,1,2.6734,0.3192,,2.368,0.0897,0.689,NOMINAL,NOMINAL,NORMAL,0,
1641986100.0,1786276408.6543684,1,2.9146,0.357,,2.636,0.1124,0.726,NOMINAL,NOMINAL,NORMAL,0,
1641987000.0,1786276408.7785482,1,2.6781,0.3463,,2.549,0.1061,0.689,NOMINAL,NOMINAL,NORMAL,0,
1641987900.0,1786276408.901263,1,2.3834,0.2807,,1.264,0.0775,0.555,NOMINAL,NOMINAL,TRIGGERED,1,omni_p6
1641988800.0,1786276409.0317714,1,3.4243,0.3037,,2.293,0.1627,2.966,NOMINAL,PRE_ALERT,TRIGGERED,2,omni_p6
1641989700.0,1786276409.1565542,1,3.4186,0.3517,,2.363,0.1887,3.354,PRE_ALERT,NOMINAL,NORMAL,0,
1641990600.0,1786276409.2781312,1,2.7683,0.3384,,2.308,0.1031,0.708,NOMINAL,NOMINAL,NORMAL,0,
1641991500.0,1786276409.4040618,1,3.0714,0.3583,,2.471,0.1149,0.804,NOMINAL,NOMINAL,NORMAL,0,
1641992400.0,1786276409.5257545,1,1.6352,0.3066,,1.728,0.0671,0.574,NOMINAL,NOMINAL,NORMAL,0,
1641993300.0,1786276409.6581335,1,4.257,0.532,,4.366,0.141,1.114,NOMINAL,NOMINAL,NORMAL,0,
1641994200.0,1786276409.7801895,1,3.8337,0.4153,,2.468,0.1192,0.899,NOMINAL,NOMINAL,TRIGGERED,1,omni_p6
1641995100.0,1786276409.9051008,1,2.7672,0.335,,2.133,0.1581,2.9,NOMINAL,PRE_ALERT,TRIGGERED,2,omni_p6
1641996000.0,1786276410.0349214,1,3.9014,0.4052,,3.341,0.2113,4.099,PRE_ALERT,NOMINAL,NORMAL,0,
1641996900.0,1786276410.1549418,1,3.8631,0.3915,,2.372,0.1112,0.791,NOMINAL,NOMINAL,NORMAL,0,
1641997800.0,1786276410.2791824,1,3.1504,0.364,,2.212,0.0937,1.045,NOMINAL,NOMINAL,NORMAL,0,
1641998700.0,1786276410.403526,1,3.0737,0.3648,,2.1,0.1011,0.708,NOMINAL,NOMINAL,NORMAL,0,
1641999600.0,1786276410.5327587,1,3.7865,0.4224,,3.398,0.1272,1.477,NOMINAL,NOMINAL,NORMAL,0,
1642000500.0,1786276410.6582937,1,4.2321,0.4533,,3.649,0.1344,1.053,NOMINAL,NOMINAL,TRIGGERED,1,omni_p6
1642001400.0,1786276410.781118,1,3.7756,0.4078,,2.736,0.1126,0.925,NOMINAL,NOMINAL,NORMAL,0,
1642002300.0,1786276410.9035084,1,3.0118,0.368,,2.028,0.0989,0.732,NOMINAL,NOMINAL,NORMAL,0,
1642003200.0,1786276411.0297832,1,3.4109,0.3846,,2.337,0.1038,0.741,NOMINAL,NOMINAL,NORMAL,0,
1642004100.0,1786276411.154235,1,3.1189,0.3961,,2.259,0.1064,0.774,NOMINAL,NOMINAL,NORMAL,0,
1642005000.0,1786276411.27842,1,2.8321,0.3541,,2.192,0.1007,0.758,NOMINAL,NOMINAL,NORMAL,0,
1642005900.0,1786276411.4048083,1,3.0988,0.3662,,2.653,0.1053,0.875,NOMINAL,NOMINAL,NORMAL,0,
1642006800.0,1786276411.528187,1,2.6146,0.3453,,2.307,0.0824,0.732,NOMINAL,NOMINAL,NORMAL,0,
1642007700.0,1786276411.6560972,1,3.2612,0.3972,,3.121,0.1082,0.798,NOMINAL,NOMINAL,NORMAL,0,
1642008600.0,1786276411.7808437,1,3.3276,0.3775,,2.748,0.1034,0.852,NOMINAL,NOMINAL,NORMAL,0,
1642009500.0,1786276411.9030693,1,2.7761,0.3636,,2.123,0.0902,0.682,NOMINAL,NOMINAL,NORMAL,0,
1642010400.0,1786276412.0293996,1,3.1542,0.3614,,2.402,0.1041,0.765,NOMINAL,NOMINAL,NORMAL,0,
1642011300.0,1786276412.1532345,1,2.9588,0.3569,,2.033,0.1031,0.72,NOMINAL,NOMINAL,NORMAL,0,
1642012200.0,1786276412.2786198,1,2.9095,0.3534,,2.368,0.1028,0.749,NOMINAL,NOMINAL,NORMAL,0,
1642013100.0,1786276412.4038246,1,3.0474,0.3521,,2.313,0.1091,0.798,NOMINAL,NOMINAL,NORMAL,0,
1642014000.0,1786276412.5275412,1,2.4965,0.3119,,1.916,0.0939,0.733,NOMINAL,NOMINAL,NORMAL,0,
1642014900.0,1786276412.6539981,1,3.0414,0.3635,,2.529,0.1092,0.797,NOMINAL,NOMINAL,NORMAL,0,
1642015800.0,1786276412.77936,1,3.1381,0.4043,,2.212,0.1093,0.79,NOMINAL,NOMINAL,NORMAL,0,
1642016700.0,1786276412.9036658,1,3.0235,0.3621,,2.024,0.0896,0.666,NOMINAL,NOMINAL,NORMAL,0,
1642017600.0,1786276413.0296779,1,3.2765,0.3865,,2.714,0.1046,0.744,NOMINAL,NOMINAL,NORMAL,0,
1642018500.0,1786276413.1540153,1,3.0478,0.3797,,2.566,0.0986,0.754,NOMINAL,NOMINAL,NORMAL,0,
1642019400.0,1786276413.278839,1,3.0706,0.3717,,2.23,0.1017,0.78,NOMINAL,NOMINAL,NORMAL,0,
1642020300.0,1786276413.4039283,1,3.1018,0.3692,,2.351,0.1117,0.803,NOMINAL,NOMINAL,NORMAL,0,
1642021200.0,1786276413.5286922,1,2.8066,0.3565,,2.218,0.1452,0.766,NOMINAL,NOMINAL,TRIGGERED,1,omni_p6
1642022100.0,1786276413.652867,1,2.4966,0.3175,,2.4,0.0844,0.654,NOMINAL,NOMINAL,NORMAL,0,
1642023000.0,1786276413.7790704,1,2.8395,0.3557,,2.301,0.0983,0.77,NOMINAL,NOMINAL,NORMAL,0,
1642023900.0,1786276413.9028022,1,2.4627,0.3229,,2.468,0.0769,0.642,NOMINAL,NOMINAL,NORMAL,0,
1642024800.0,1786276414.0245981,1,1.4923,0.2214,,1.03,0.043,0.375,NOMINAL,NOMINAL,NORMAL,0,
1642025700.0,1786276414.1541467,1,3.0114,0.3695,,2.453,0.1151,0.796,NOMINAL,NOMINAL,NORMAL,0,
1642026600.0,1786276414.2778063,1,2.5848,0.3541,,2.054,0.0902,0.686,NOMINAL,NOMINAL,TRIGGERED,1,omni_p6
1642027500.0,1786276414.40565,1,2.5788,0.3422,,2.143,0.1675,3.411,NOMINAL,PRE_ALERT,TRIGGERED,2,omni_p6
1642028400.0,1786276414.5283892,1,1.8036,0.2188,,1.573,0.0935,2.66,PRE_ALERT,NOMINAL,NORMAL,0,
1642029300.0,1786276414.6594837,1,4.5106,0.4707,,3.947,0.1421,1.092,NOMINAL,NOMINAL,NORMAL,0,
1642030200.0,1786276414.7817552,1,3.9616,0.4431,,2.455,0.1123,0.819,NOMINAL,NOMINAL,NORMAL,0,
1642031100.0,1786276414.9035234,1,3.2065,0.3759,,2.044,0.1004,0.747,NOMINAL,NOMINAL,NORMAL,0,
1642032000.0,1786276415.0273724,1,3.0263,0.1281,0.6368,0.866,0.0448,0.39,NOMINAL,NOMINAL,NORMAL,0,
1642032900.0,1786276415.1536162,1,3.375,0.3816,,1.95,0.1227,0.787,NOMINAL,NOMINAL,TRIGGERED,1,omni_p6
1642033800.0,1786276415.2821095,1,3.3075,0.4343,,2.388,0.1844,3.511,NOMINAL,PRE_ALERT,TRIGGERED,2,omni_p6
1642034700.0,1786276415.4014456,1,1.5859,0.2302,,0.993,0.069,2.045,PRE_ALERT,NOMINAL,NORMAL,0,
1642035600.0,1786276415.52914,1,3.1832,0.3655,,2.612,0.103,0.798,NOMINAL,NOMINAL,NORMAL,0,
1642036500.0,1786276415.6568666,1,3.5825,0.3833,,3.646,0.1409,1.316,NOMINAL,NOMINAL,NORMAL,0,
1642037400.0,1786276415.7797217,1,3.3807,0.4239,,2.457,0.1174,0.794,NOMINAL,NOMINAL,NORMAL,0,
1642038300.0,1786276415.9042222,1,3.5343,0.3936,,1.855,0.11,0.84,NOMINAL,NOMINAL,NORMAL,0,
1642039200.0,1786276416.0288486,1,2.9931,0.2868,,1.977,0.1061,0.659,NOMINAL,NOMINAL,TRIGGERED,1,omni_p6
1642040100.0,1786276416.153815,1,3.107,0.3516,,2.585,0.1044,0.741,NOMINAL,NOMINAL,NORMAL,0,
1642041000.0,1786276416.2784696,1,3.1391,0.3574,,2.123,0.0972,0.769,NOMINAL,NOMINAL,NORMAL,0,
1642041900.0,1786276416.4016824,1,2.2948,0.2689,,1.76,0.0752,0.6,NOMINAL,NOMINAL,NORMAL,0,
1642042800.0,1786276416.5276263,1,2.6976,0.3226,,1.961,0.0918,0.698,NOMINAL,NOMINAL,NORMAL,0,
1642043700.0,1786276416.6522238,1,2.1872,0.3107,,2.071,0.087,0.68,NOMINAL,NOMINAL,NORMAL,0,
1642044600.0,1786276416.7768726,1,2.27,0.2966,,1.88,0.0899,0.623,NOMINAL,NOMINAL,NORMAL,0,
1642045500.0,1786276416.903511,1,3.225,0.3687,,1.769,0.096,0.786,NOMINAL,NOMINAL,TRIGGERED,1,omni_p6
1642046400.0,1786276417.0289114,1,3.1703,0.4361,,2.203,0.0878,0.602,NOMINAL,NOMINAL,NORMAL,0,
1642047300.0,1786276417.1532834,1,3.051,0.3597,,2.09,0.101,0.716,NOMINAL,NOMINAL,NORMAL,0,
1642048200.0,1786276417.278159,1,2.8097,0.3569,,2.153,0.0932,0.716,NOMINAL,NOMINAL,NORMAL,0,
1642049100.0,1786276417.4026856,1,2.6376,0.3313,,1.984,0.1015,0.705,NOMINAL,NOMINAL,NORMAL,0,
1642050000.0,1786276417.529193,1,3.0556,0.3458,,2.565,0.0912,0.715,NOMINAL,NOMINAL,NORMAL,0,
1642050900.0,1786276417.6544094,1,3.0016,0.3783,,2.909,0.1216,0.776,NOMINAL,NOMINAL,NORMAL,0,
1642051800.0,1786276417.7782245,1,2.6489,0.3558,,2.422,0.0954,0.675,NOMINAL,NOMINAL,NORMAL,0,
1642052700.0,1786276417.904309,1,3.3638,0.3861,,2.311,0.0984,0.807,NOMINAL,NOMINAL,NORMAL,0,
1642053600.0,1786276418.0301352,1,3.5332,0.3946,,2.321,0.1076,0.767,NOMINAL,NOMINAL,NORMAL,0,
1642054500.0,1786276418.154549,1,3.5276,0.3925,,2.146,0.115,0.758,NOMINAL,NOMINAL,NORMAL,0,
1642055400.0,1786276418.2804856,1,3.5594,0.3879,,2.815,0.1119,0.885,NOMINAL,NOMINAL,NORMAL,0,
1642056300.0,1786276418.4043293,1,3.3939,0.3738,,1.863,0.1081,0.741,NOMINAL,NOMINAL,NORMAL,0,
1642057200.0,1786276418.529726,1,3.431,0.3955,,2.041,0.1042,0.695,NOMINAL,NOMINAL,NORMAL,0,
1642058100.0,1786276418.653932,1,2.977,0.353,,2.003,0.0919,0.619,NOMINAL,NOMINAL,NORMAL,0,
1642059000.0,1786276418.778736,1,2.7904,0.3801,,1.71,0.1209,0.721,NOMINAL,NOMINAL,NORMAL,0,
1642059900.0,1786276418.9036717,1,3.3929,0.3817,,1.606,0.1021,0.725,NOMINAL,NOMINAL,NORMAL,0,
1642060800.0,1786276419.0244896,1,1.1967,0.2258,,1.109,0.0452,0.461,NOMINAL,NOMINAL,NORMAL,0,
1642061700.0,1786276419.150455,1,1.6661,0.2469,,1.045,0.1086,0.825,NOMINAL,NOMINAL,TRIGGERED,1,omni_p6
1642062600.0,1786276419.2799957,1,3.6624,0.3937,,2.295,0.1133,0.853,NOMINAL,NOMINAL,NORMAL,0,
1642063500.0,1786276419.4043036,1,3.3324,0.3789,,2.168,0.1091,0.809,NOMINAL,NOMINAL,NORMAL,0,
1642064400.0,1786276419.5270646,1,2.0891,0.3024,,1.712,0.0641,0.577,NOMINAL,NOMINAL,NORMAL,0,
1642065300.0,1786276419.6593943,1,4.4951,0.4835,,3.769,0.1374,1.049,NOMINAL,NOMINAL,NORMAL,0,
1642066200.0,1786276419.7797775,1,3.4852,0.4101,,2.311,0.1004,0.722,NOMINAL,NOMINAL,NORMAL,0,
1642067100.0,1786276419.9043279,1,3.532,0.4056,,1.921,0.103,0.898,NOMINAL,NOMINAL,TRIGGERED,1,omni_p6
1642068000.0,1786276420.0300798,1,3.1866,0.3459,,1.571,0.1477,2.555,NOMINAL,PRE_ALERT,TRIGGERED,2,omni_p6
1642068900.0,1786276420.1557252,1,3.5425,0.3587,,2.109,0.051,1.777,PRE_ALERT,NOMINAL,NORMAL,0,
1642069800.0,1786276420.2808058,1,4.017,0.4407,,2.392,0.107,0.864,NOMINAL,NOMINAL,NORMAL,0,
1642070700.0,1786276420.4041538,1,3.5379,0.3696,,1.782,0.0915,0.704,NOMINAL,NOMINAL,NORMAL,0,
1642071600.0,1786276420.529566,1,3.4315,0.3853,,2.276,0.0989,0.739,NOMINAL,NOMINAL,NORMAL,0,
1642072500.0,1786276420.6593382,1,4.5165,0.4796,,3.618,0.1309,1.093,NOMINAL,NOMINAL,NORMAL,0,
1642073400.0,1786276420.7809289,1,3.9645,0.4236,,2.643,0.1012,0.851,NOMINAL,NOMINAL,TRIGGERED,1,omni_p6
1642074300.0,1786276420.904067,1,3.3857,0.388,,2.14,0.1055,0.679,NOMINAL,NOMINAL,NORMAL,0,
1642075200.0,1786276421.0301075,1,3.7032,0.4042,,2.449,0.1121,0.785,NOMINAL,NOMINAL,NORMAL,0,
1642076100.0,1786276421.153683,1,3.5282,0.3037,,1.706,0.1029,0.652,NOMINAL,NOMINAL,NORMAL,0,
1642077000.0,1786276421.2799604,1,3.5427,0.4486,,2.594,0.1044,0.768,NOMINAL,NOMINAL,NORMAL,0,
1642077900.0,1786276421.4046285,1,3.4501,0.375,,2.413,0.1473,0.751,NOMINAL,NOMINAL,NORMAL,0,
1642078800.0,1786276421.529973,1,3.5666,0.3901,,2.648,0.1069,0.74,NOMINAL,NOMINAL,TRIGGERED,1,omni_p6
1642079700.0,1786276421.6561718,1,3.0308,0.3681,,2.363,0.1621,3.221,NOMINAL,PRE_ALERT,TRIGGERED,2,omni_p6
1642080600.0,1786276421.7819426,1,3.4267,0.4351,,2.477,0.1595,3.126,PRE_ALERT,NOMINAL,NORMAL,0,
1642081500.0,1786276421.9040418,1,3.3078,0.3684,,2.2,0.0979,0.771,NOMINAL,NOMINAL,NORMAL,0,
1642082400.0,1786276422.0301843,1,3.7531,0.4116,,2.409,0.1123,0.798,NOMINAL,NOMINAL,NORMAL,0,
1642083300.0,1786276422.1547828,1,3.633,0.3898,,2.524,0.1032,0.756,NOMINAL,NOMINAL,NORMAL,0,
1642084200.0,1786276422.2801495,1,3.7191,0.4032,,2.323,0.111,0.859,NOMINAL,NOMINAL,NORMAL,0,
1642085100.0,1786276422.4039505,1,3.2658,0.3549,,2.153,0.0913,0.65,NOMINAL,NOMINAL,TRIGGERED,1,omni_p6
1642086000.0,1786276422.532224,1,3.1784,0.3678,,2.961,0.1694,3.274,NOMINAL,PRE_ALERT,TRIGGERED,2,omni_p6
1642086900.0,1786276422.6603942,1,4.1409,0.4271,,3.874,0.1977,3.444,PRE_ALERT,NOMINAL,NORMAL,0,
1642087800.0,1786276422.7796295,1,3.5041,0.4367,,2.454,0.095,0.731,NOMINAL,NOMINAL,NORMAL,0,
1642088700.0,1786276422.9037519,1,3.4358,0.3692,,1.831,0.0907,0.679,NOMINAL,NOMINAL,NORMAL,0,
1642089600.0,1786276423.0301933,1,3.5613,0.3793,,2.814,0.1164,0.77,NOMINAL,NOMINAL,NORMAL,0,
1642090500.0,1786276423.1544766,1,3.669,0.3942,,2.099,0.108,0.768,NOMINAL,NOMINAL,NORMAL,0,
1642091400.0,1786276423.2798364,1,3.6488,0.4239,,2.228,0.1113,0.822,NOMINAL,NOMINAL,NORMAL,0,
1642092300.0,1786276423.402875,1,2.6245,0.3294,,2.256,0.0904,0.685,NOMINAL,NOMINAL,NORMAL,0,
1642093200.0,1786276423.5287704,1,3.0031,0.3618,,2.292,0.0822,0.744,NOMINAL,NOMINAL,NORMAL,0,
1642094100.0,1786276423.6528625,1,2.7118,0.3268,,2.198,0.0751,0.56,NOMINAL,NOMINAL,NORMAL,0,
1642095000.0,1786276423.7768776,1,2.219,0.297,,2.131,0.0647,0.508,NOMINAL,NOMINAL,NORMAL,0,
1642095900.0,1786276423.9017816,1,2.1225,0.2973,,1.993,0.0678,0.549,NOMINAL,NOMINAL,NORMAL,0,
1642096800.0,1786276424.0290625,1,3.0736,0.3634,,2.105,0.0904,0.679,NOMINAL,NOMINAL,NORMAL,0,
1642097700.0,1786276424.154034,1,3.2314,0.3684,,2.357,0.1005,0.669,NOMINAL,NOMINAL,NORMAL,0,
1642098600.0,1786276424.279603,1,3.2151,0.3993,,2.235,0.1021,0.759,NOMINAL,NOMINAL,NORMAL,0,
1642099500.0,1786276424.4042203,1,3.1013,0.3596,,2.261,0.0929,0.718,NOMINAL,NOMINAL,NORMAL,0,
1642100400.0,1786276424.5267339,1,2.0078,0.2589,,1.586,0.0612,0.522,NOMINAL,NOMINAL,NORMAL,0,
1642101300.0,1786276424.6595716,1,4.4411,0.4771,,4.287,0.1361,1.037,NOMINAL,NOMINAL,NORMAL,0,
1642102200.0,1786276424.7794755,1,3.2345,0.3539,,2.81,0.085,0.679,NOMINAL,NOMINAL,NORMAL,0,
1642103100.0,1786276424.9038162,1,2.9669,0.3694,,2.607,0.0781,0.581,NOMINAL,NOMINAL,NORMAL,0,
1642104000.0,1786276425.029351,1,3.217,0.388,,2.21,0.0913,0.674,NOMINAL,NOMINAL,NORMAL,0,
1642104900.0,1786276425.1539915,1,3.0166,0.3532,,2.66,0.0958,0.722,NOMINAL,NOMINAL,NORMAL,0,
1642105800.0,1786276425.2795854,1,3.297,0.3935,,2.24,0.0906,0.734,NOMINAL,NOMINAL,TRIGGERED,1,omni_p6
1642106700.0,1786276425.4077353,1,4.2932,0.4533,,3.139,0.1328,1.075,NOMINAL,NOMINAL,NORMAL,0,
1642107600.0,1786276425.5293264,1,3.7595,0.4012,,1.85,0.0893,0.646,NOMINAL,NOMINAL,NORMAL,0,
1642108500.0,1786276425.659053,1,4.395,0.4715,,3.65,0.1343,1.245,NOMINAL,NOMINAL,NORMAL,0,
1642109400.0,1786276425.7800922,1,3.8941,0.411,,2.438,0.096,0.718,NOMINAL,NOMINAL,NORMAL,0,
1642110300.0,1786276425.9036257,1,3.6325,0.3904,,1.448,0.0899,0.663,NOMINAL,NOMINAL,NORMAL,0,
1642111200.0,1786276426.0292003,1,3.4429,0.3766,,2.418,0.0923,0.688,NOMINAL,NOMINAL,NORMAL,0,
1642112100.0,1786276426.1566153,1,4.1201,0.448,,2.724,0.1355,1.038,NOMINAL,NOMINAL,TRIGGERED,1,omni_p6
1642113000.0,1786276426.282446,1,3.7147,0.3994,,2.104,0.1724,3.378,NOMINAL,PRE_ALERT,TRIGGERED,2,omni_p6
1642113900.0,1786276426.4084828,1,3.8983,0.41,,3.098,0.1753,3.263,PRE_ALERT,NOMINAL,NORMAL,0,
1642114800.0,1786276426.5244386,1,1.247,0.2292,,1.156,0.0881,0.437,NOMINAL,NOMINAL,NORMAL,0,
1642115700.0,1786276426.6532927,1,2.8794,0.3223,,2.182,0.1368,0.754,NOMINAL,NOMINAL,NORMAL,0,
1642116600.0,1786276426.7785413,1,2.7059,0.3188,,2.794,0.0999,0.699,NOMINAL,NOMINAL,NORMAL,0,
1642117500.0,1786276426.9034634,1,2.8394,0.392,,2.474,0.1124,0.648,NOMINAL,NOMINAL,NORMAL,0,
1642118400.0,1786276427.0312846,1,3.1998,0.3524,1.7633,2.694,0.114,0.747,NOMINAL,NOMINAL,TRIGGERED,1,omni_p6
1642119300.0,1786276427.1557922,1,4.0934,0.5197,,2.405,0.1243,0.846,NOMINAL,NOMINAL,NORMAL,0,
1642120200.0,1786276427.279549,1,3.6158,0.3939,,2.11,0.1111,0.764,NOMINAL,NOMINAL,NORMAL,0,
1642121100.0,1786276427.4048173,1,3.538,0.3738,,2.627,0.1105,0.8,NOMINAL,NOMINAL,NORMAL,0,
1642122000.0,1786276427.528733,1,2.9915,0.2799,,1.775,0.1046,1.311,NOMINAL,NOMINAL,NORMAL,0,
1642122900.0,1786276427.6564858,1,4.0537,0.4152,,2.908,0.121,0.925,NOMINAL,NOMINAL,NORMAL,0,
1642123800.0,1786276427.7790124,1,3.2739,0.3593,,2.395,0.0997,0.684,NOMINAL,NOMINAL,TRIGGERED,1,omni_p6
1642124700.0,1786276427.9063306,1,2.9681,0.3652,,2.523,0.1421,3.217,NOMINAL,PRE_ALERT,TRIGGERED,2,omni_p6
1642125600.0,1786276428.0341003,1,3.883,0.4097,,3.387,0.1922,3.396,PRE_ALERT,NOMINAL,NORMAL,0,
1642126500.0,1786276428.1573234,1,4.3489,0.4378,,3.311,0.1221,0.895,NOMINAL,NOMINAL,NORMAL,0,
1642127400.0,1786276428.2810817,1,3.7444,0.4022,,3.325,0.1039,0.799,NOMINAL,NOMINAL,NORMAL,0,
1642128300.0,1786276428.4049644,1,3.4633,0.3789,,2.97,0.0914,0.683,NOMINAL,NOMINAL,NORMAL,0,
1642129200.0,1786276428.528707,1,3.1774,0.3588,,2.291,0.0947,0.688,NOMINAL,NOMINAL,NORMAL,0,
1642130100.0,1786276428.6541972,1,3.242,0.3792,,2.544,0.0931,0.736,NOMINAL,NOMINAL,TRIGGERED,1,omni_p6
1642131000.0,1786276428.7808754,1,2.9941,0.3457,,2.279,0.1554,3.203,NOMINAL,PRE_ALERT,TRIGGERED,2,omni_p6
1642131900.0,1786276428.9061108,1,3.5078,0.3866,,1.525,0.1543,3.045,PRE_ALERT,NOMINAL,NORMAL,0,
1642132800.0,1786276429.028603,1,3.2101,0.3729,,2.066,0.1382,0.718,NOMINAL,NOMINAL,NORMAL,0,
1642133700.0,1786276429.150441,1,1.646,0.2373,,1.06,0.1104,0.819,NOMINAL,NOMINAL,NORMAL,0,
1642134600.0,1786276429.2795851,1,3.5689,0.3973,,2.072,0.1064,0.79,NOMINAL,NOMINAL,NORMAL,0,
1642135500.0,1786276429.403789,1,3.4222,0.3828,,2.076,0.0897,0.616,NOMINAL,NOMINAL,NORMAL,0,
1642136400.0,1786276429.5263245,1,1.9017,0.2727,,1.529,0.0529,0.479,NOMINAL,NOMINAL,NORMAL,0,
1642137300.0,1786276429.6601527,1,4.5459,0.4799,,4.416,0.1354,1.017,NOMINAL,NOMINAL,NORMAL,0,
1642138200.0,1786276429.7811344,1,3.9397,0.4181,,2.989,0.0892,0.708,NOMINAL,NOMINAL,NORMAL,0,
1642139100.0,1786276429.904281,1,3.2147,0.3811,,2.541,0.0776,0.673,NOMINAL,NOMINAL,NORMAL,0,
1642140000.0,1786276430.028833,1,3.0668,0.3805,,2.308,0.0785,0.594,NOMINAL,NOMINAL,NORMAL,0,
1642140900.0,1786276430.1532629,1,3.1228,0.3374,,1.842,0.0312,0.25,NOMINAL,NOMINAL,NORMAL,0,
1642141800.0,1786276430.279664,1,3.5899,0.4457,,2.635,0.109,0.752,NOMINAL,NOMINAL,NORMAL,0,
1642142700.0,1786276430.405667,1,3.4357,0.3886,,2.721,0.1127,0.746,NOMINAL,NOMINAL,NORMAL,0,
1642143600.0,1786276430.529733,1,3.5905,0.4037,,2.171,0.1044,0.724,NOMINAL,NOMINAL,NORMAL,0,
1642144500.0,1786276430.659455,1,4.7227,0.4816,,3.716,0.1287,1.027,NOMINAL,NOMINAL,NORMAL,0,
1642145400.0,1786276430.7797377,1,3.0238,0.3626,,2.801,0.1167,0.842,NOMINAL,NOMINAL,NORMAL,0,
1642146300.0,1786276430.9027424,1,2.5728,0.3429,,1.979,0.0993,0.751,NOMINAL,NOMINAL,TRIGGERED,1,omni_p6
1642147200.0,1786276431.0286098,1,2.4332,0.3197,,2.877,0.092,0.838,NOMINAL,NOMINAL,NORMAL,0,
1642148100.0,1786276431.1516843,1,2.3024,0.2968,,1.599,0.0847,0.69,NOMINAL,NOMINAL,NORMAL,0,
1642149000.0,1786276431.276231,1,1.5205,0.1734,,1.105,0.0485,0.456,NOMINAL,NOMINAL,NORMAL,0,
1642149900.0,1786276431.405396,1,3.3134,0.3721,,2.985,0.1208,0.998,NOMINAL,NOMINAL,NORMAL,0,
1642150800.0,1786276431.5286648,1,2.8831,0.3557,,2.306,0.1499,0.742,NOMINAL,NOMINAL,NORMAL,0,
1642151700.0,1786276431.6543913,1,2.99,0.369,,2.617,0.0989,0.694,NOMINAL,NOMINAL,NORMAL,0,
1642152600.0,1786276431.778261,1,2.5763,0.35,,2.167,0.0799,0.605,NOMINAL,NOMINAL,TRIGGERED,1,omni_p6
1642153500.0,1786276431.902234,1,2.4403,0.3254,,1.786,0.0789,0.582,NOMINAL,NOMINAL,NORMAL,0,
1642154400.0,1786276432.0279288,1,2.4755,0.3385,,2.215,0.0774,0.61,NOMINAL,NOMINAL,NORMAL,0,
1642155300.0,1786276432.1518712,1,2.3356,0.3142,,1.714,0.0731,0.563,NOMINAL,NOMINAL,NORMAL,0,
1642156200.0,1786276432.281108,1,3.6184,0.3723,,2.753,0.1063,0.8,NOMINAL,NOMINAL,NORMAL,0,
1642157100.0,1786276432.4052215,1,3.5472,0.4008,,2.493,0.117,0.849,NOMINAL,NOMINAL,NORMAL,0,
1642158000.0,1786276432.5285478,1,2.9454,0.368,,1.835,0.096,0.823,NOMINAL,NOMINAL,TRIGGERED,1,omni_p6
1642158900.0,1786276432.6590214,1,3.5272,0.4502,,3.019,0.2071,3.736,NOMINAL,PRE_ALERT,TRIGGERED,2,omni_p6
1642159800.0,1786276432.783002,1,3.6135,0.4256,,2.677,0.1789,3.77,PRE_ALERT,NOMINAL,NORMAL,0,
1642160700.0,1786276432.9037855,1,3.1553,0.3841,,2.261,0.0863,0.666,NOMINAL,NOMINAL,NORMAL,0,
1642161600.0,1786276433.0296366,1,2.8476,0.3512,,3.324,0.095,0.698,NOMINAL,NOMINAL,NORMAL,0,
1642162500.0,1786276433.1530375,1,2.5482,0.333,,2.463,0.0855,0.618,NOMINAL,NOMINAL,NORMAL,0,
1642163400.0,1786276433.2802598,1,3.3588,0.3894,,2.52,0.1019,0.823,NOMINAL,NOMINAL,NORMAL,0,
1642164300.0,1786276433.404918,1,3.3577,0.3984,,2.434,0.1093,0.877,NOMINAL,NOMINAL,TRIGGERED,1,omni_p6
1642165200.0,1786276433.531882,1,2.974,0.3702,,2.363,0.1776,3.415,NOMINAL,PRE_ALERT,TRIGGERED,2,omni_p6
1642166100.0,1786276433.6593144,1,3.6946,0.4511,,3.553,0.2487,3.54,PRE_ALERT,NOMINAL,NORMAL,0,
1642167000.0,1786276433.779976,1,3.4419,0.4001,,2.583,0.107,0.72,NOMINAL,NOMINAL,NORMAL,0,
1642167900.0,1786276433.9037554,1,2.8468,0.4232,,2.65,0.0851,0.635,NOMINAL,NOMINAL,NORMAL,0,
1642168800.0,1786276434.0288177,1,2.6632,0.3276,,2.802,0.0847,0.719,NOMINAL,NOMINAL,NORMAL,0,
1642169700.0,1786276434.1526666,1,2.7657,0.3258,,1.842,0.0872,0.678,NOMINAL,NOMINAL,NORMAL,0,
1642170600.0,1786276434.2804153,1,3.2896,0.3985,,2.704,0.1053,0.859,NOMINAL,NOMINAL,TRIGGERED,1,omni_p6
1642171500.0,1786276434.4049604,1,3.4036,0.3923,,2.556,0.1075,0.853,NOMINAL,NOMINAL,NORMAL,0,
1642172400.0,1786276434.5315804,1,2.2963,0.2406,,5.22,0.1746,1.516,NOMINAL,NOMINAL,NORMAL,0,
1642173300.0,1786276434.659282,1,4.4853,0.4641,,3.979,0.1404,1.034,NOMINAL,NOMINAL,NORMAL,0,
1642174200.0,1786276434.7803605,1,3.8599,0.411,,2.49,0.0941,0.765,NOMINAL,NOMINAL,NORMAL,0,
1642175100.0,1786276434.9035623,1,2.9956,0.3674,,2.266,0.088,0.611,NOMINAL,NOMINAL,NORMAL,0,
1642176000.0,1786276435.028443,1,2.8745,0.3343,,2.405,0.081,0.658,NOMINAL,NOMINAL,NORMAL,0,
1642176900.0,1786276435.1524897,1,2.6027,0.3397,,1.826,0.0829,0.602,NOMINAL,NOMINAL,TRIGGERED,1,omni_p6
1642177800.0,1786276435.2816942,1,3.9579,0.4114,,2.921,0.1268,0.923,NOMINAL,NOMINAL,NORMAL,0,
1642178700.0,1786276435.4061983,1,3.8827,0.4103,,2.943,0.1074,0.883,NOMINAL,NOMINAL,NORMAL,0,
1642179600.0,1786276435.5314145,1,3.7372,0.4218,,3.089,0.1261,0.884,NOMINAL,NOMINAL,NORMAL,0,
1642180500.0,1786276435.659841,1,4.6885,0.4663,,3.991,0.1416,1.128,NOMINAL,NOMINAL,NORMAL,0,
1642181400.0,1786276435.7804832,1,3.5972,0.4129,,2.746,0.1184,0.872,NOMINAL,NOMINAL,NORMAL,0,
1642182300.0,1786276435.903632,1,2.9835,0.3765,,2.274,0.0917,0.655,NOMINAL,NOMINAL,NORMAL,0,
1642183200.0,1786276436.0297954,1,2.836,0.5262,,3.283,0.0964,0.735,NOMINAL,NOMINAL,NORMAL,0,
1642184100.0,1786276436.1524758,1,2.7761,0.3369,,1.696,0.0783,0.625,NOMINAL,NOMINAL,NORMAL,0,
1642185000.0,1786276436.2801657,1,3.1661,0.4431,,2.681,0.1213,0.884,NOMINAL,NOMINAL,NORMAL,0,
1642185900.0,1786276436.4054997,1,3.4167,0.395,,3.026,0.119,0.823,NOMINAL,NOMINAL,NORMAL,0,
1642186800.0,1786276436.5294454,1,3.2562,0.3998,,2.129,0.0996,0.781,NOMINAL,NOMINAL,NORMAL,0,
1642187700.0,1786276436.6543157,1,3.2448,0.3918,,2.344,0.0995,0.743,NOMINAL,NOMINAL,NORMAL,0,
1642188600.0,1786276436.7784524,1,2.9867,0.3495,,2.28,0.0892,0.699,NOMINAL,NOMINAL,NORMAL,0,
1642189500.0,1786276436.9053369,1,3.7211,0.4176,,2.396,0.0964,0.937,NOMINAL,NOMINAL,NORMAL,0,
1642190400.0,1786276437.0277057,1,2.7501,0.3382,,1.968,0.095,0.636,NOMINAL,NOMINAL,NORMAL,0,
1642191300.0,1786276437.1526272,1,2.5796,0.2985,,2.085,0.1349,0.733,NOMINAL,NOMINAL,TRIGGERED,1,omni_p6
1642192200.0,1786276437.2806835,1,3.7908,0.4035,,2.509,0.1255,0.972,NOMINAL,NOMINAL,NORMAL,0,
1642193100.0,1786276437.4056482,1,3.8822,0.4157,,2.594,0.1107,0.802,NOMINAL,NOMINAL,NORMAL,0,
1642194000.0,1786276437.5290787,1,3.4534,0.3747,,2.219,0.0937,0.694,NOMINAL,NOMINAL,NORMAL,0,
1642194900.0,1786276437.6511273,1,1.6163,0.2405,,1.766,0.1106,0.859,NOMINAL,NOMINAL,NORMAL,0,
1642195800.0,1786276437.7830124,1,3.599,0.3867,,5.065,0.1272,0.911,NOMINAL,NOMINAL,NORMAL,0,
1642196700.0,1786276437.9045684,1,3.6545,0.3937,,2.179,0.0987,0.779,NOMINAL,NOMINAL,NORMAL,0,
1642197600.0,1786276438.0285645,1,2.8483,0.3316,,2.63,0.0997,0.742,NOMINAL,NOMINAL,TRIGGERED,1,omni_p6
1642198500.0,1786276438.1533308,1,2.8283,0.3311,,2.574,0.0846,0.613,NOMINAL,NOMINAL,NORMAL,0,
1642199400.0,1786276438.2797134,1,3.3608,0.4001,,2.23,0.1117,0.831,NOMINAL,NOMINAL,NORMAL,0,
1642200300.0,1786276438.4055717,1,3.7926,0.4147,,2.554,0.1226,0.858,NOMINAL,NOMINAL,NORMAL,0,
1642201200.0,1786276438.5295632,1,3.4119,0.3922,,2.578,0.1142,0.776,NOMINAL,NOMINAL,NORMAL,0,
1642202100.0,1786276438.6519356,1,2.325,0.2453,,1.92,0.0899,0.627,NOMINAL,NOMINAL,NORMAL,0,
1642203000.0,1786276438.7788618,1,2.7767,0.3296,,2.292,0.1062,1.31,NOMINAL,NOMINAL,TRIGGERED,1,omni_p6
1642203900.0,1786276438.9076183,1,3.0352,0.3509,,3.625,0.1665,3.295,NOMINAL,PRE_ALERT,TRIGGERED,2,omni_p6
1642204800.0,1786276439.034702,1,3.8293,0.3848,1.8161,1.985,0.1886,3.469,PRE_ALERT,NOMINAL,NORMAL,0,
1642205700.0,1786276439.1541262,1,3.5177,0.4115,,2.125,0.0967,0.719,NOMINAL,NOMINAL,NORMAL,0,
1642206600.0,1786276439.2744348,1,1.5327,0.2318,,0.954,0.0411,0.372,NOMINAL,NOMINAL,NORMAL,0,
1642207500.0,1786276439.4059489,1,3.8589,0.4109,,2.542,0.109,0.845,NOMINAL,NOMINAL,NORMAL,0,
1642208400.0,1786276439.5269475,1,2.2046,0.2643,,1.624,0.0667,0.548,NOMINAL,NOMINAL,NORMAL,0,
1642209300.0,1786276439.6585422,1,4.4274,0.3913,,3.323,0.1199,0.963,NOMINAL,NOMINAL,TRIGGERED,1,omni_p6
1642210200.0,1786276439.781932,1,3.2951,0.4527,,2.373,0.1685,3.249,NOMINAL,PRE_ALERT,TRIGGERED,2,omni_p6
1642211100.0,1786276439.9079006,1,4.0366,0.4215,,2.472,0.1645,3.119,PRE_ALERT,NOMINAL,NORMAL,0,
1642212000.0,1786276440.03249,1,4.1808,0.5244,,3.203,0.1061,0.893,NOMINAL,NOMINAL,NORMAL,0,
1642212900.0,1786276440.153761,1,3.4492,0.37,,1.988,0.092,0.659,NOMINAL,NOMINAL,NORMAL,0,
1642213800.0,1786276440.277878,1,2.5791,0.2598,,1.615,0.0817,0.646,NOMINAL,NOMINAL,NORMAL,0,
1642214700.0,1786276440.4062564,1,3.877,0.4436,,2.609,0.1237,0.843,NOMINAL,NOMINAL,NORMAL,0,
1642215600.0,1786276440.530331,1,3.7684,0.4353,,2.336,0.1098,0.794,NOMINAL,NOMINAL,TRIGGERED,1,omni_p6
1642216500.0,1786276440.658802,1,4.4024,0.4764,,3.455,0.1391,1.049,NOMINAL,NOMINAL,NORMAL,0,
1642217400.0,1786276440.7819552,1,4.0929,0.4527,,2.753,0.1108,0.902,NOMINAL,NOMINAL,NORMAL,0,
1642218300.0,1786276440.903873,1,3.5708,0.4071,,1.523,0.096,0.724,NOMINAL,NOMINAL,NORMAL,0,
1642219200.0,1786276441.028764,1,3.1224,0.357,,1.915,0.087,0.728,NOMINAL,NOMINAL,NORMAL,0,
1642220100.0,1786276441.1526327,1,2.8028,0.3532,,1.552,0.1418,0.662,NOMINAL,NOMINAL,NORMAL,0,
1642221000.0,1786276441.284003,1,4.67,0.4646,,3.118,0.124,1.904,NOMINAL,NOMINAL,NORMAL,0,
1642221900.0,1786276441.4069922,1,4.1447,0.4357,,2.917,0.1274,1.001,NOMINAL,NOMINAL,NORMAL,0,
1642222800.0,1786276441.530581,1,3.7003,0.4143,,2.701,0.121,0.884,NOMINAL,NOMINAL,NORMAL,0,
1642223700.0,1786276441.6541839,1,3.2941,0.3686,,1.982,0.1128,0.705,NOMINAL,NOMINAL,NORMAL,0,
1642224600.0,1786276441.7797263,1,3.0778,0.4137,,2.726,0.0965,0.73,NOMINAL,NOMINAL,NORMAL,0,
1642225500.0,1786276441.9035876,1,3.0148,0.3678,,1.982,0.0933,0.969,NOMINAL,NOMINAL,NORMAL,0,
1642226400.0,1786276442.0314207,1,3.922,0.4449,,2.653,0.1331,0.927,NOMINAL,NOMINAL,NORMAL,0,
1642227300.0,1786276442.1537457,1,3.2704,0.3781,,1.703,0.0946,0.654,NOMINAL,NOMINAL,NORMAL,0,
1642228200.0,1786276442.2782876,1,2.8262,0.3557,,1.774,0.0766,0.973,NOMINAL,NOMINAL,NORMAL,0,
1642229100.0,1786276442.399588,1,1.2796,0.2384,,0.985,0.0445,0.388,NOMINAL,NOMINAL,NORMAL,0,
1642230000.0,1786276442.5306685,1,3.9325,0.4303,,2.411,0.0998,0.757,NOMINAL,NOMINAL,NORMAL,0,
1642230900.0,1786276442.6545093,1,3.8488,0.4256,,1.742,0.0915,0.689,NOMINAL,NOMINAL,NORMAL,0,
1642231800.0,1786276442.7801635,1,3.4908,0.4105,,2.055,0.0997,0.71,NOMINAL,NOMINAL,TRIGGERED,1,omni_p6
1642232700.0,1786276442.9039476,1,3.2701,0.3705,,1.871,0.0896,0.631,NOMINAL,NOMINAL,NORMAL,0,
1642233600.0,1786276443.0278366,1,2.9612,0.3693,,1.573,0.0752,0.597,NOMINAL,NOMINAL,NORMAL,0,
1642234500.0,1786276443.1525578,1,2.7541,0.3517,,1.499,0.0773,0.754,NOMINAL,NOMINAL,NORMAL,0,
1642235400.0,1786276443.2771115,1,2.5951,0.3368,,1.457,0.073,0.554,NOMINAL,NOMINAL,NORMAL,0,
1642236300.0,1786276443.4043853,1,2.7402,0.3034,,2.936,0.0951,0.723,NOMINAL,NOMINAL,NORMAL,0,
1642237200.0,1786276443.529672,1,3.6567,0.4127,,1.847,0.0956,0.733,NOMINAL,NOMINAL,TRIGGERED,1,omni_p6
1642238100.0,1786276443.657239,1,3.6709,0.4099,,1.771,0.1512,3.49,NOMINAL,PRE_ALERT,TRIGGERED,2,omni_p6
1642239000.0,1786276443.7828066,1,3.6735,0.4114,,2.304,0.1765,3.561,PRE_ALERT,NOMINAL,NORMAL,0,
1642239900.0,1786276443.9031198,1,3.2958,0.4031,,1.462,0.0854,0.62,NOMINAL,NOMINAL,NORMAL,0,
1642240800.0,1786276444.0265517,1,2.6344,0.3216,,1.239,0.0589,0.455,NOMINAL,NOMINAL,NORMAL,0,
1642241700.0,1786276444.152315,1,2.5082,0.3106,,1.716,0.0661,0.83,NOMINAL,NOMINAL,NORMAL,0,
1642242600.0,1786276444.2788913,1,3.0977,0.4318,,1.551,0.0786,0.916,NOMINAL,NOMINAL,NORMAL,0,
1642243500.0,1786276444.4063454,1,4.0306,0.4259,,2.768,0.1041,0.863,NOMINAL,NOMINAL,TRIGGERED,1,omni_p6
1642244400.0,1786276444.5282676,1,2.1783,0.2241,,1.268,0.0848,2.352,NOMINAL,PRE_ALERT,TRIGGERED,2,omni_p6
1642245300.0,1786276444.6610224,1,4.4339,0.4775,,3.145,0.2046,3.77,PRE_ALERT,NOMINAL,NORMAL,0,
1642246200.0,1786276444.7819817,1,4.1312,0.4351,,2.719,0.1004,1.11,NOMINAL,NOMINAL,NORMAL,0,
1642247100.0,1786276444.9053907,1,3.4363,0.3796,,3.3,0.0969,0.719,NOMINAL,NOMINAL,NORMAL,0,
1642248000.0,1786276445.0285091,1,3.195,0.3781,,1.939,0.1014,0.719,NOMINAL,NOMINAL,NORMAL,0,
1642248900.0,1786276445.1527119,1,2.868,0.344,,1.72,0.093,0.67,NOMINAL,NOMINAL,NORMAL,0,
1642249800.0,1786276445.2782123,1,3.0022,0.3543,,1.964,0.0919,0.684,NOMINAL,NOMINAL,TRIGGERED,1,omni_p6
1642250700.0,1786276445.4062884,1,3.7593,0.4113,,2.564,0.135,0.878,NOMINAL,NOMINAL,NORMAL,0,
1642251600.0,1786276445.5309744,1,4.0583,0.435,,2.553,0.1211,0.881,NOMINAL,NOMINAL,NORMAL,0,
1642252500.0,1786276445.6589227,1,4.4925,0.4969,,3.515,0.136,1.069,NOMINAL,NOMINAL,NORMAL,0,
1642253400.0,1786276445.781627,1,4.246,0.4528,,2.567,0.1249,0.873,NOMINAL,NOMINAL,NORMAL,0,
1642254300.0,1786276445.9042091,1,3.7856,0.4356,,1.443,0.1076,0.82,NOMINAL,NOMINAL,NORMAL,0,
1642255200.0,1786276446.0286705,1,3.4038,0.3817,,1.664,0.1487,0.805,NOMINAL,NOMINAL,TRIGGERED,1,omni_p6
1642256100.0,1786276446.155359,1,2.9665,0.3599,,1.533,0.1568,3.194,NOMINAL,PRE_ALERT,TRIGGERED,2,omni_p6
1642257000.0,1786276446.2828894,1,3.6979,0.3962,,2.635,0.1763,3.299,PRE_ALERT,NOMINAL,NORMAL,0,
1642257900.0,1786276446.4052465,1,3.7219,0.411,,2.277,0.1139,0.78,NOMINAL,NOMINAL,NORMAL,0,
1642258800.0,1786276446.5300977,1,3.7125,0.4138,,2.237,0.1115,0.829,NOMINAL,NOMINAL,NORMAL,0,
1642259700.0,1786276446.6546035,1,3.5498,0.3986,,2.356,0.1109,0.751,NOMINAL,NOMINAL,NORMAL,0,
1642260600.0,1786276446.7792134,1,3.3025,0.4301,,2.055,0.1017,0.735,NOMINAL,NOMINAL,NORMAL,0,
1642261500.0,1786276446.902747,1,3.0574,0.3746,,1.397,0.1032,0.711,NOMINAL,NOMINAL,TRIGGERED,1,omni_p6
1642262400.0,1786276447.0290694,1,3.254,0.3815,,2.366,0.1076,0.751,NOMINAL,NOMINAL,NORMAL,0,
1642263300.0,1786276447.1527152,1,2.8831,0.3477,,1.698,0.0966,0.679,NOMINAL,NOMINAL,NORMAL,0,
1642264200.0,1786276447.2775605,1,2.7859,0.3283,,1.692,0.0918,0.619,NOMINAL,NOMINAL,NORMAL,0,
1642265100.0,1786276447.4050186,1,3.4174,0.3895,,2.406,0.1161,0.914,NOMINAL,NOMINAL,NORMAL,0,
1642266000.0,1786276447.5294344,1,3.2621,0.3736,,2.361,0.1118,0.742,NOMINAL,NOMINAL,NORMAL,0,
1642266900.0,1786276447.657701,1,4.4404,0.4468,,3.028,0.1304,1.032,NOMINAL,NOMINAL,NORMAL,0,
1642267800.0,1786276447.7806563,1,3.9681,0.4242,,2.257,0.1376,0.847,NOMINAL,NOMINAL,NORMAL,0,
1642268700.0,1786276447.9038599,1,3.7017,0.3951,,1.364,0.107,0.78,NOMINAL,NOMINAL,NORMAL,0,
1642269600.0,1786276448.028811,1,3.4106,0.3975,,1.673,0.1021,0.803,NOMINAL,NOMINAL,NORMAL,0,
1642270500.0,1786276448.1526577,1,2.9332,0.3565,,1.475,0.1031,0.705,NOMINAL,NOMINAL,NORMAL,0,
1642271400.0,1786276448.2777457,1,2.8499,0.3551,,1.668,0.1047,0.688,NOMINAL,NOMINAL,NORMAL,0,
1642272300.0,1786276448.4058795,1,3.7697,0.4263,,2.424,0.1291,1.183,NOMINAL,NOMINAL,NORMAL,0,
1642273200.0,1786276448.5298269,1,3.687,0.4066,,1.995,0.1256,0.851,NOMINAL,NOMINAL,NORMAL,0,
1642274100.0,1786276448.6562095,1,3.9192,0.4578,,2.921,0.1295,1.015,NOMINAL,NOMINAL,NORMAL,0,
1642275000.0,1786276448.7769685,1,1.8374,0.398,,2.277,0.107,0.791,NOMINAL,NOMINAL,NORMAL,0,
1642275900.0,1786276448.903647,1,3.5707,0.3849,,1.378,0.0949,0.755,NOMINAL,NOMINAL,NORMAL,0,
1642276800.0,1786276449.0289216,1,3.3382,0.3781,,2.254,0.0979,0.692,NOMINAL,NOMINAL,NORMAL,0,
1642277700.0,1786276449.1530492,1,2.9942,0.3615,,1.766,0.0974,0.657,NOMINAL,NOMINAL,NORMAL,0,
1642278600.0,1786276449.277558,1,2.8309,0.3463,,1.594,0.0914,0.631,NOMINAL,NOMINAL,NORMAL,0,
1642279500.0,1786276449.3992302,1,1.1572,0.2333,,0.926,0.0426,0.375,NOMINAL,NOMINAL,NORMAL,0,
1642280400.0,1786276449.5317028,1,4.2707,0.422,,3.52,0.1299,1.014,NOMINAL,NOMINAL,NORMAL,0,
1642281300.0,1786276449.659357,1,4.61,0.4703,,3.483,0.139,1.207,NOMINAL,NOMINAL,NORMAL,0,
1642282200.0,1786276449.7772267,1,3.3601,0.3126,,0.683,0.0325,0.268,NOMINAL,NOMINAL,TRIGGERED,1,omni_p6
1642283100.0,1786276449.9062254,1,3.6122,0.3981,,1.368,0.1823,3.341,NOMINAL,PRE_ALERT,TRIGGERED,2,omni_p6
1642284000.0,1786276450.0319397,1,3.7533,0.4057,,2.058,0.1638,3.152,PRE_ALERT,NOMINAL,NORMAL,0,
1642284900.0,1786276450.1572602,1,4.321,0.4887,,3.051,0.1254,1.01,NOMINAL,NOMINAL,NORMAL,0,
1642285800.0,1786276450.2839558,1,4.5564,0.4753,,3.787,0.1422,1.016,NOMINAL,NOMINAL,NORMAL,0,
1642286700.0,1786276450.4046667,1,3.4616,0.3455,,2.314,0.1411,0.815,NOMINAL,NOMINAL,NORMAL,0,
1642287600.0,1786276450.5301294,1,3.6759,0.4026,,2.282,0.1089,0.827,NOMINAL,NOMINAL,NORMAL,0,
1642288500.0,1786276450.6595874,1,4.6624,0.4998,,3.659,0.1373,1.087,NOMINAL,NOMINAL,TRIGGERED,1,omni_p6
1642289400.0,1786276450.7820468,1,3.8439,0.3649,,2.498,0.1478,2.573,NOMINAL,PRE_ALERT,TRIGGERED,2,omni_p6
1642290300.0,1786276450.9069102,1,3.9381,0.4306,,1.604,0.1791,3.184,PRE_ALERT,NOMINAL,NORMAL,0,
1642291200.0,1786276451.0317652,1,3.8719,0.3795,1.8939,1.935,0.1216,0.817,NOMINAL,NOMINAL,NORMAL,0,
1642292100.0,1786276451.1538486,1,3.6549,0.402,,1.63,0.1113,0.708,NOMINAL,NOMINAL,NORMAL,0,
1642293000.0,1786276451.2789996,1,3.1987,0.3802,,2.163,0.1099,0.744,NOMINAL,NOMINAL,NORMAL,0,
1642293900.0,1786276451.4044237,1,3.2827,0.3907,,2.242,0.1106,0.763,NOMINAL,NOMINAL,TRIGGERED,1,omni_p6
1642294800.0,1786276451.5343297,1,4.1008,0.4415,,2.73,0.2109,3.574,NOMINAL,PRE_ALERT,TRIGGERED,2,omni_p6
1642295700.0,1786276451.659401,1,4.3539,0.4612,,2.692,0.2059,3.474,PRE_ALERT,NOMINAL,NORMAL,0,
1642296600.0,1786276451.7797205,1,3.7309,0.4163,,1.922,0.1102,0.761,NOMINAL,NOMINAL,NORMAL,0,
1642297500.0,1786276451.9043534,1,3.6187,0.4106,,1.92,0.1063,0.793,NOMINAL,NOMINAL,NORMAL,0,
1642298400.0,1786276452.0282397,1,3.2098,0.3825,,1.571,0.105,0.722,NOMINAL,NOMINAL,NORMAL,0,
1642299300.0,1786276452.1526635,1,2.8357,0.3509,,1.494,0.0965,0.684,NOMINAL,NOMINAL,NORMAL,0,
1642300200.0,1786276452.2774816,1,2.7936,0.3546,,1.538,0.0972,0.681,NOMINAL,NOMINAL,TRIGGERED,1,omni_p6
1642301100.0,1786276452.405749,1,2.8702,0.3647,,1.495,0.1576,3.273,NOMINAL,PRE_ALERT,TRIGGERED,2,omni_p6
1642302000.0,1786276452.5345097,1,4.1096,0.449,,3.114,0.1882,3.354,PRE_ALERT,NOMINAL,NORMAL,0,
1642302900.0,1786276452.6555796,1,4.032,0.4679,,2.195,0.1267,0.9,NOMINAL,NOMINAL,NORMAL,0,
1642303800.0,1786276452.7821221,1,4.1242,0.4435,,2.313,0.0605,0.527,NOMINAL,NOMINAL,NORMAL,0,
1642304700.0,1786276452.898872,1,1.2289,0.1536,,0.702,0.0325,0.291,NOMINAL,NOMINAL,NORMAL,0,
1642305600.0,1786276453.0241296,1,1.2234,0.1525,,0.91,0.0355,0.301,NOMINAL,NOMINAL,NORMAL,0,
1642306500.0,1786276453.1565819,1,4.3123,0.4646,,2.571,0.1204,0.949,NOMINAL,NOMINAL,NORMAL,0,
1642307400.0,1786276453.2803748,1,3.6753,0.4163,,2.104,0.1075,0.82,NOMINAL,NOMINAL,TRIGGERED,1,omni_p6
1642308300.0,1786276453.4042401,1,3.439,0.3879,,1.928,0.1087,0.816,NOMINAL,NOMINAL,NORMAL,0,
1642309200.0,1786276453.5304909,1,3.7054,0.4049,,2.338,0.1089,0.827,NOMINAL,NOMINAL,NORMAL,0,
1642310100.0,1786276453.6538813,1,2.922,0.3637,,2.012,0.0955,0.646,NOMINAL,NOMINAL,NORMAL,0,
1642311000.0,1786276453.7819695,1,3.7757,0.4383,,3.17,0.1236,0.962,NOMINAL,NOMINAL,NORMAL,0,
1642311900.0,1786276453.9046383,1,3.5801,0.4065,,2.221,0.1489,0.796,NOMINAL,NOMINAL,NORMAL,0,
1642312800.0,1786276454.0287843,1,3.2467,0.3965,,1.733,0.0906,0.786,NOMINAL,NOMINAL,NORMAL,0,
1642313700.0,1786276454.153079,1,2.839,0.3477,,1.538,0.0889,0.639,NOMINAL,NOMINAL,NORMAL,0,
1642314600.0,1786276454.2783248,1,2.6982,0.3431,,1.711,0.0889,0.659,NOMINAL,NOMINAL,NORMAL,0,
1642315500.0,1786276454.4031975,1,2.8038,0.339,,2.013,0.0854,0.633,NOMINAL,NOMINAL,NORMAL,0,
1642316400.0,1786276454.525933,1,1.2731,0.1979,,2.337,0.0617,0.534,NOMINAL,NOMINAL,NORMAL,0,
1642317300.0,1786276454.6589737,1,4.5647,0.4938,,3.533,0.1334,1.003,NOMINAL,NOMINAL,NORMAL,0,
1642318200.0,1786276454.7819376,1,4.2156,0.4442,,2.788,0.1263,0.891,NOMINAL,NOMINAL,NORMAL,0,
1642319100.0,1786276454.9057505,1,3.8234,0.4404,,2.797,0.1201,0.819,NOMINAL,NOMINAL,NORMAL,0,
1642320000.0,1786276455.0289936,1,3.2512,0.3815,,2.024,0.1009,0.725,NOMINAL,NOMINAL,NORMAL,0,
1642320900.0,1786276455.1530788,1,2.6762,0.3451,,2.228,0.0857,0.635,NOMINAL,NOMINAL,NORMAL,0,
1642321800.0,1786276455.2826314,1,4.2245,0.4411,,2.924,0.1241,1.414,NOMINAL,NOMINAL,NORMAL,0,
1642322700.0,1786276455.4044452,1,3.7045,0.4135,,1.889,0.1137,0.826,NOMINAL,NOMINAL,TRIGGERED,1,omni_p6
1642323600.0,1786276455.5272603,1,3.103,0.3178,,1.003,0.0303,0.247,NOMINAL,NOMINAL,NORMAL,0,
1642324500.0,1786276455.6591527,1,4.7397,0.4783,,3.553,0.1379,1.074,NOMINAL,NOMINAL,NORMAL,0,
1642325400.0,1786276455.7819839,1,4.3249,0.4554,,2.636,0.133,0.932,NOMINAL,NOMINAL,NORMAL,0,
1642326300.0,1786276455.9054308,1,4.1045,0.4373,,2.164,0.109,0.827,NOMINAL,NOMINAL,NORMAL,0,
1642327200.0,1786276456.0291288,1,3.4759,0.3826,,2.126,0.1069,0.785,NOMINAL,NOMINAL,NORMAL,0,
1642328100.0,1786276456.1532252,1,3.1375,0.3696,,1.649,0.0934,0.639,NOMINAL,NOMINAL,NORMAL,0,
1642329000.0,1786276456.2784185,1,3.0374,0.367,,1.88,0.0962,0.69,NOMINAL,NOMINAL,TRIGGERED,1,omni_p6
1642329900.0,1786276456.403359,1,2.8507,0.3687,,2.084,0.1001,0.654,NOMINAL,NOMINAL,NORMAL,0,
1642330800.0,1786276456.5286334,1,3.2366,0.3023,,1.755,0.0959,0.643,NOMINAL,NOMINAL,NORMAL,0,
1642331700.0,1786276456.6542513,1,3.3233,0.3897,,2.303,0.1047,0.727,NOMINAL,NOMINAL,NORMAL,0,
1642332600.0,1786276456.7809587,1,3.9312,0.437,,2.528,0.1417,0.977,NOMINAL,NOMINAL,NORMAL,0,
1642333500.0,1786276456.9046052,1,3.7701,0.4265,,1.694,0.1165,0.898,NOMINAL,NOMINAL,NORMAL,0,
1642334400.0,1786276457.0295599,1,3.6804,0.4211,,1.83,0.1089,0.884,NOMINAL,NOMINAL,TRIGGERED,1,omni_p6
1642335300.0,1786276457.155259,1,3.1038,0.357,,1.369,0.1697,3.23,NOMINAL,PRE_ALERT,TRIGGERED,2,omni_p6
1642336200.0,1786276457.281486,1,3.5557,0.4464,,1.831,0.1699,3.172,PRE_ALERT,NOMINAL,NORMAL,0,
1642337100.0,1786276457.4040918,1,3.3551,0.3771,,1.739,0.1058,0.681,NOMINAL,NOMINAL,NORMAL,0,
1642338000.0,1786276457.530389,1,3.7506,0.4108,,2.252,0.1142,0.827,NOMINAL,NOMINAL,NORMAL,0,
1642338900.0,1786276457.6558924,1,3.962,0.4626,,2.459,0.1249,0.843,NOMINAL,NOMINAL,NORMAL,0,
1642339800.0,1786276457.7800596,1,3.6664,0.4196,,2.396,0.1141,0.923,NOMINAL,NOMINAL,NORMAL,0,
1642340700.0,1786276457.9048455,1,3.9809,0.4334,,1.789,0.1077,0.849,NOMINAL,NOMINAL,TRIGGERED,1,omni_p6
1642341600.0,1786276458.0312145,1,3.6729,0.3886,,1.547,0.132,3.026,NOMINAL,PRE_ALERT,TRIGGERED,2,omni_p6
1642342500.0,1786276458.1565807,1,3.8301,0.4157,,2.314,0.1053,2.334,PRE_ALERT,NOMINAL,NORMAL,0,
1642343400.0,1786276458.278325,1,3.42,0.3891,,1.612,0.0674,0.547,NOMINAL,NOMINAL,NORMAL,0,
1642344300.0,1786276458.4026089,1,3.0519,0.3705,,1.615,0.0547,0.439,NOMINAL,NOMINAL,NORMAL,0,
1642345200.0,1786276458.5289028,1,3.5358,0.401,,1.788,0.0749,0.619,NOMINAL,NOMINAL,NORMAL,0,
1642346100.0,1786276458.653908,1,3.3396,0.3855,,1.951,0.0681,0.607,NOMINAL,NOMINAL,NORMAL,0,
1642347000.0,1786276458.7785096,1,3.1788,0.3705,,1.992,0.0621,0.515,NOMINAL,NOMINAL,TRIGGERED,1,omni_p6
1642347900.0,1786276458.9045548,1,3.7392,0.4191,,1.774,0.0981,0.801,NOMINAL,NOMINAL,NORMAL,0,
1642348800.0,1786276459.0286474,1,3.4801,0.3744,,1.831,0.0573,0.463,NOMINAL,NOMINAL,NORMAL,0,
1642349700.0,1786276459.1528509,1,3.2115,0.3707,,1.646,0.0522,0.451,NOMINAL,NOMINAL,NORMAL,0,
1642350600.0,1786276459.277441,1,3.0677,0.3427,,1.364,0.0485,0.502,NOMINAL,NOMINAL,NORMAL,0,
1642351500.0,1786276459.4025335,1,2.7425,0.3758,,1.576,0.0415,0.442,NOMINAL,NOMINAL,NORMAL,0,
1642352400.0,1786276459.5249858,1,1.7267,0.2519,,0.969,0.0367,0.359,NOMINAL,NOMINAL,NORMAL,0,
1642353300.0,1786276459.6597269,1,4.6117,0.4928,,3.474,0.1329,1.337,NOMINAL,NOMINAL,NORMAL,0,
1642354200.0,1786276459.7804642,1,4.2135,0.434,,1.626,0.0908,0.942,NOMINAL,NOMINAL,NORMAL,0,
1642355100.0,1786276459.9052231,1,4.0775,0.4672,,1.875,0.0975,0.741,NOMINAL,NOMINAL,NORMAL,0,
1642356000.0,1786276460.0284827,1,3.6223,0.4085,,1.298,0.2483,0.689,NOMINAL,NOMINAL,NORMAL,0,
1642356900.0,1786276460.1525211,1,3.221,0.3836,,1.207,0.0555,0.536,NOMINAL,NOMINAL,NORMAL,0,
1642357800.0,1786276460.277171,1,2.9662,0.3479,,1.241,0.0436,0.483,NOMINAL,NOMINAL,NORMAL,0,
1642358700.0,1786276460.4020045,1,2.9287,0.4092,,1.068,0.0418,0.407,NOMINAL,NOMINAL,NORMAL,0,
1642359600.0,1786276460.5275269,1,2.6962,0.2905,,1.665,0.0523,0.607,NOMINAL,NOMINAL,NORMAL,0,
1642360500.0,1786276460.6592374,1,4.6179,0.4872,,3.355,0.1348,1.021,NOMINAL,NOMINAL,NORMAL,0,
1642361400.0,1786276460.780041,1,4.0708,0.4353,,1.663,0.0805,0.648,NOMINAL,NOMINAL,NORMAL,0,
1642362300.0,1786276460.9056199,1,4.2476,0.454,,1.862,0.0982,0.808,NOMINAL,NOMINAL,NORMAL,0,
1642363200.0,1786276461.0290859,1,3.5754,0.3936,,2.064,0.0688,0.55,NOMINAL,NOMINAL,NORMAL,0,
1642364100.0,1786276461.1528587,1,3.1009,0.3729,,1.605,0.0453,0.425,NOMINAL,NOMINAL,NORMAL,0,
1642365000.0,1786276461.278016,1,3.2767,0.4035,,1.451,0.0561,0.522,NOMINAL,NOMINAL,NORMAL,0,
1642365900.0,1786276461.4024289,1,2.9037,0.3793,,1.543,0.054,0.415,NOMINAL,NOMINAL,NORMAL,0,
1642366800.0,1786276461.527951,1,2.7909,0.339,,1.55,0.0545,0.525,NOMINAL,NOMINAL,NORMAL,0,
1642367700.0,1786276461.6550777,1,3.3944,0.4047,,2.45,0.0933,0.773,NOMINAL,NOMINAL,TRIGGERED,1,omni_p6
1642368600.0,1786276461.7781458,1,3.1747,0.3687,,1.534,0.0695,0.569,NOMINAL,NOMINAL,NORMAL,0,
1642369500.0,1786276461.8993466,1,1.1329,0.1372,,0.567,0.0231,0.265,NOMINAL,NOMINAL,NORMAL,0,
1642370400.0,1786276462.0276926,1,3.0528,0.3904,,1.476,0.06,0.556,NOMINAL,NOMINAL,NORMAL,0,
1642371300.0,1786276462.152594,1,2.807,0.3483,,1.596,0.0653,0.591,NOMINAL,NOMINAL,NORMAL,0,
1642372200.0,1786276462.2774994,1,2.6911,0.3286,,1.688,0.0671,0.557,NOMINAL,NOMINAL,NORMAL,0,
1642373100.0,1786276462.402317,1,2.5597,0.3239,,1.775,0.0749,0.587,NOMINAL,NOMINAL,TRIGGERED,1,omni_p6
1642374000.0,1786276462.5312018,1,2.719,0.3415,,2.443,0.1543,3.431,NOMINAL,PRE_ALERT,TRIGGERED,2,omni_p6
1642374900.0,1786276462.6609306,1,4.4796,0.4681,,3.186,0.2128,3.476,PRE_ALERT,NOMINAL,NORMAL,0,
1642375800.0,1786276462.7819765,1,4.3233,0.4482,,2.881,0.12,0.876,NOMINAL,NOMINAL,NORMAL,0,
1642376700.0,1786276462.9041927,1,3.6249,0.391,,1.81,0.1011,0.756,NOMINAL,NOMINAL,NORMAL,0,
1642377600.0,1786276463.031851,1,3.7903,0.386,1.9285,2.031,0.1191,0.826,NOMINAL,NOMINAL,NORMAL,0,
1642378500.0,1786276463.1538558,1,3.5549,0.4017,,1.785,0.1091,0.763,NOMINAL,NOMINAL,NORMAL,0,
1642379400.0,1786276463.2786222,1,3.211,0.3931,,2.159,0.0955,0.726,NOMINAL,NOMINAL,TRIGGERED,1,omni_p6
1642380300.0,1786276463.4060597,1,2.9903,0.3884,,1.958,0.1675,3.31,NOMINAL,PRE_ALERT,TRIGGERED,2,omni_p6
1642381200.0,1786276463.5344045,1,4.0776,0.4335,,2.46,0.1925,4.037,PRE_ALERT,NOMINAL,NORMAL,0,
1642382100.0,1786276463.656254,1,4.0476,0.4297,,2.564,0.1192,0.937,NOMINAL,NOMINAL,NORMAL,0,
1642383000.0,1786276463.7796917,1,3.6277,0.41,,2.068,0.1127,0.769,NOMINAL,NOMINAL,NORMAL,0,
1642383900.0,1786276463.9029243,1,3.2183,0.362,,1.338,0.0946,0.676,NOMINAL,NOMINAL,NORMAL,0,
1642384800.0,1786276464.0304503,1,3.7403,0.421,,2.426,0.122,0.849,NOMINAL,NOMINAL,NORMAL,0,
1642385700.0,1786276464.154338,1,3.5412,0.4263,,1.905,0.1247,0.795,NOMINAL,NOMINAL,TRIGGERED,1,omni_p6
1642386600.0,1786276464.2816207,1,3.38,0.4368,,1.787,0.2126,3.509,NOMINAL,PRE_ALERT,TRIGGERED,2,omni_p6
1642387500.0,1786276464.4085906,1,4.0886,0.4335,,2.167,0.1913,3.333,PRE_ALERT,NOMINAL,NORMAL,0,
1642388400.0,1786276464.5322192,1,2.4245,0.3109,,4.899,0.162,2.078,NOMINAL,NOMINAL,NORMAL,0,
1642389300.0,1786276464.660066,1,4.6178,0.4965,,4.119,0.1413,1.139,NOMINAL,NOMINAL,NORMAL,0,
1642390200.0,1786276464.781845,1,4.2748,0.454,,2.523,0.122,1.005,NOMINAL,NOMINAL,NORMAL,0,
1642391100.0,1786276464.9035292,1,3.6058,0.3944,,1.256,0.1014,0.712,NOMINAL,NOMINAL,NORMAL,0,
1642392000.0,1786276465.031032,1,3.9819,0.4299,,2.609,0.1221,0.913,NOMINAL,NOMINAL,TRIGGERED,1,omni_p6
1642392900.0,1786276465.1539187,1,3.5069,0.3966,,1.818,0.117,0.779,NOMINAL,NOMINAL,NORMAL,0,
1642393800.0,1786276465.2791169,1,3.2685,0.4232,,2.069,0.1043,0.72,NOMINAL,NOMINAL,NORMAL,0,
1642394700.0,1786276465.4034767,1,3.0936,0.3776,,2.001,0.0982,0.661,NOMINAL,NOMINAL,NORMAL,0,
1642395600.0,1786276465.5284624,1,3.0849,0.3614,,2.008,0.0944,0.723,NOMINAL,NOMINAL,NORMAL,0,
1642396500.0,1786276465.6599464,1,4.6633,0.4903,,3.794,0.1473,1.123,NOMINAL,NOMINAL,NORMAL,0,
1642397400.0,1786276465.780449,1,4.0439,0.4437,,2.092,0.0957,0.836,NOMINAL,NOMINAL,NORMAL,0,
1642398300.0,1786276465.9047754,1,4.0171,0.4371,,1.529,0.1154,0.866,NOMINAL,NOMINAL,NORMAL,0,
1642399200.0,1786276466.0316286,1,4.1851,0.4453,,2.688,0.1184,0.949,NOMINAL,NOMINAL,NORMAL,0,
1642400100.0,1786276466.1537771,1,3.7249,0.4033,,1.486,0.0891,0.589,NOMINAL,NOMINAL,NORMAL,0,
1642401000.0,1786276466.2786365,1,3.1574,0.3757,,1.77,0.0939,0.687,NOMINAL,NOMINAL,NORMAL,0,
1642401900.0,1786276466.404825,1,3.5937,0.3967,,2.068,0.1183,0.882,NOMINAL,NOMINAL,NORMAL,0,
1642402800.0,1786276466.5296276,1,3.6144,0.4033,,1.906,0.102,0.759,NOMINAL,NOMINAL,NORMAL,0,
1642403700.0,1786276466.6561005,1,3.8521,0.4736,,2.806,0.1249,0.912,NOMINAL,NOMINAL,NORMAL,0,
1642404600.0,1786276466.7793856,1,3.3088,0.4047,,2.414,0.0998,0.724,NOMINAL,NOMINAL,NORMAL,0,
1642405500.0,1786276466.9044235,1,3.5724,0.3832,,2.052,0.1041,0.775,NOMINAL,NOMINAL,NORMAL,0,
1642406400.0,1786276467.030658,1,3.8732,0.4109,,2.551,0.124,0.903,NOMINAL,NOMINAL,NORMAL,0,
1642407300.0,1786276467.1541085,1,3.4375,0.3891,,2.235,0.1003,0.733,NOMINAL,NOMINAL,NORMAL,0,
1642408200.0,1786276467.2786238,1,3.1935,0.381,,2.083,0.1073,0.712,NOMINAL,NOMINAL,TRIGGERED,1,omni_p6
1642409100.0,1786276467.4033163,1,2.8975,0.3824,,2.04,0.0865,0.643,NOMINAL,NOMINAL,NORMAL,0,
1642410000.0,1786276467.5290143,1,2.9357,0.3744,,2.872,0.093,0.673,NOMINAL,NOMINAL,NORMAL,0,
1642410900.0,1786276467.6566856,1,3.8704,0.4425,,2.87,0.126,1.117,NOMINAL,NOMINAL,NORMAL,0,
1642411800.0,1786276467.7793407,1,3.4375,0.4514,,2.211,0.1025,0.72,NOMINAL,NOMINAL,NORMAL,0,
1642412700.0,1786276467.9044719,1,3.6114,0.4203,,1.978,0.1093,0.866,NOMINAL,NOMINAL,NORMAL,0,
1642413600.0,1786276468.030403,1,3.8515,0.4066,,2.469,0.1099,0.845,NOMINAL,NOMINAL,TRIGGERED,1,omni_p6
1642414500.0,1786276468.156454,1,3.4482,0.3859,,1.794,0.1661,3.387,NOMINAL,PRE_ALERT,TRIGGERED,2,omni_p6
1642415400.0,1786276468.2812955,1,3.3441,0.408,,1.99,0.1525,3.126,PRE_ALERT,NOMINAL,NORMAL,0,
1642416300.0,1786276468.4037483,1,3.1067,0.3705,,1.874,0.0873,0.657,NOMINAL,NOMINAL,NORMAL,0,
1642417200.0,1786276468.52889,1,2.9492,0.3527,,1.947,0.0864,0.654,NOMINAL,NOMINAL,NORMAL,0,
1642418100.0,1786276468.649772,1,1.1065,0.2883,,0.978,0.0439,0.374,NOMINAL,NOMINAL,NORMAL,0,
1642419000.0,1786276468.7787676,1,2.9605,0.3597,,2.017,0.091,0.705,NOMINAL,NOMINAL,NORMAL,0,
1642419900.0,1786276468.9037118,1,3.0738,0.3728,,2.142,0.0937,0.695,NOMINAL,NOMINAL,TRIGGERED,1,omni_p6
1642420800.0,1786276469.0315287,1,3.203,0.3851,,2.097,0.1835,3.252,NOMINAL,PRE_ALERT,TRIGGERED,2,omni_p6
1642421700.0,1786276469.1583862,1,3.8959,0.4356,,2.248,0.1837,3.22,PRE_ALERT,NOMINAL,NORMAL,0,
1642422600.0,1786276469.2800446,1,3.681,0.424,,2.045,0.1003,0.737,NOMINAL,NOMINAL,NORMAL,0,
1642423500.0,1786276469.4046774,1,3.1202,0.3839,,2.149,0.1481,0.728,NOMINAL,NOMINAL,NORMAL,0,
1642424400.0,1786276469.5267327,1,1.9616,0.2506,,1.601,0.0593,0.683,NOMINAL,NOMINAL,NORMAL,0,
1642425300.0,1786276469.658726,1,4.1195,0.4109,,3.531,0.126,0.969,NOMINAL,NOMINAL,NORMAL,0,
1642426200.0,1786276469.779485,1,3.4426,0.4155,,2.064,0.0723,0.599,NOMINAL,NOMINAL,TRIGGERED,1,omni_p6
1642427100.0,1786276469.9039361,1,3.3597,0.3884,,1.579,0.0844,0.68,NOMINAL,NOMINAL,NORMAL,0,
1642428000.0,1786276470.0288317,1,3.2606,0.3841,,1.943,0.0871,0.747,NOMINAL,NOMINAL,NORMAL,0,
1642428900.0,1786276470.1538382,1,3.1687,0.3768,,2.139,0.0871,0.692,NOMINAL,NOMINAL,NORMAL,0,
1642429800.0,1786276470.2788744,1,2.8782,0.4087,,1.792,0.0825,0.66,NOMINAL,NOMINAL,NORMAL,0,
1642430700.0,1786276470.4031708,1,2.6537,0.364,,1.959,0.0681,0.659,NOMINAL,NOMINAL,NORMAL,0,
1642431600.0,1786276470.5274932,1,2.5551,0.3369,,1.649,0.0821,0.595,NOMINAL,NOMINAL,TRIGGERED,1,omni_p6
1642432500.0,1786276470.6533291,1,1.2115,0.1565,,1.101,0.0759,2.081,NOMINAL,PRE_ALERT,TRIGGERED,2,omni_p6
1642433400.0,1786276470.7842753,1,4.3063,0.4443,,2.713,0.1898,3.372,PRE_ALERT,NOMINAL,NORMAL,0,
1642434300.0,1786276470.9050834,1,4.1365,0.4552,,1.7,0.1082,0.822,NOMINAL,NOMINAL,NORMAL,0,
1642435200.0,1786276471.0296824,1,3.7301,0.4307,,1.956,0.1074,0.754,NOMINAL,NOMINAL,NORMAL,0,
1642436100.0,1786276471.1545446,1,3.7059,0.4168,,1.981,0.1066,0.754,NOMINAL,NOMINAL,NORMAL,0,
1642437000.0,1786276471.278818,1,3.4096,0.4437,,1.771,0.1038,0.72,NOMINAL,NOMINAL,NORMAL,0,
1642437900.0,1786276471.403227,1,2.9927,0.3722,,1.947,0.0898,0.656,NOMINAL,NOMINAL,NORMAL,0,
1642438800.0,1786276471.5296693,1,3.3529,0.3998,,2.478,0.1073,0.786,NOMINAL,NOMINAL,NORMAL,0,
1642439700.0,1786276471.653037,1,2.8153,0.2847,,1.462,0.0799,0.575,NOMINAL,NOMINAL,NORMAL,0,
1642440600.0,1786276471.7794812,1,3.3487,0.3786,,2.036,0.0973,0.716,NOMINAL,NOMINAL,NORMAL,0,
1642441500.0,1786276471.9035087,1,3.3268,0.392,,1.51,0.0935,0.758,NOMINAL,NOMINAL,NORMAL,0,
1642442400.0,1786276472.0295134,1,3.3771,0.4031,,2.1,0.102,0.778,NOMINAL,NOMINAL,NORMAL,0,
1642443300.0,1786276472.1541483,1,3.5545,0.3977,,1.848,0.1057,0.726,NOMINAL,NOMINAL,NORMAL,0,
1642444200.0,1786276472.2790482,1,3.3005,0.4328,,1.908,0.0977,0.708,NOMINAL,NOMINAL,NORMAL,0,
1642445100.0,1786276472.403898,1,3.0487,0.3835,,2.137,0.0992,0.692,NOMINAL,NOMINAL,NORMAL,0,
1642446000.0,1786276472.528513,1,2.8452,0.3463,,1.758,0.0902,0.715,NOMINAL,NOMINAL,NORMAL,0,
1642446900.0,1786276472.6550257,1,3.1406,0.3474,,2.414,0.1173,0.83,NOMINAL,NOMINAL,NORMAL,0,
1642447800.0,1786276472.7807472,1,3.5253,0.4041,,2.345,0.1908,0.905,NOMINAL,NOMINAL,NORMAL,0,
1642448700.0,1786276472.9038491,1,3.3571,0.3939,,1.728,0.1032,0.761,NOMINAL,NOMINAL,NORMAL,0,
1642449600.0,1786276473.026099,1,2.5527,0.1339,,0.583,0.0279,0.635,NOMINAL,NOMINAL,NORMAL,0,
1642450500.0,1786276473.1538005,1,3.2508,0.3845,,1.842,0.1068,0.753,NOMINAL,NOMINAL,NORMAL,0,
1642451400.0,1786276473.2789512,1,2.9758,0.4166,,1.838,0.0929,0.72,NOMINAL,NOMINAL,NORMAL,0,
1642452300.0,1786276473.4032745,1,2.7237,0.3745,,1.943,0.0737,0.636,NOMINAL,NOMINAL,TRIGGERED,1,omni_p6
1642453200.0,1786276473.530984,1,2.7191,0.362,,1.89,0.1494,3.227,NOMINAL,PRE_ALERT,TRIGGERED,2,omni_p6
1642454100.0,1786276473.6569555,1,3.5576,0.4305,,1.853,0.1337,2.898,PRE_ALERT,NOMINAL,NORMAL,0,
1642455000.0,1786276473.7803142,1,3.7177,0.4051,,2.156,0.1048,0.832,NOMINAL,NOMINAL,NORMAL,0,
1642455900.0,1786276473.904241,1,3.4806,0.4028,,1.559,0.084,0.678,NOMINAL,NOMINAL,NORMAL,0,
1642456800.0,1786276474.0277224,1,2.945,0.2834,,1.429,0.0829,0.543,NOMINAL,NOMINAL,NORMAL,0,
1642457700.0,1786276474.153469,1,3.0362,0.3609,,1.749,0.0916,0.605,NOMINAL,NOMINAL,NORMAL,0,
1642458600.0,1786276474.2798588,1,3.3197,0.3989,,2.024,0.0981,0.7,NOMINAL,NOMINAL,TRIGGERED,1,omni_p6
1642459500.0,1786276474.4067214,1,2.9736,0.3718,,1.944,0.1517,3.167,NOMINAL,PRE_ALERT,TRIGGERED,2,omni_p6
1642460400.0,1786276474.528741,1,2.5659,0.255,,1.555,0.0943,2.036,PRE_ALERT,NOMINAL,NORMAL,0,
1642461300.0,1786276474.6598425,1,4.6448,0.4667,,3.662,0.1339,1.004,NOMINAL,NOMINAL,NORMAL,0,
1642462200.0,1786276474.7819023,1,4.2075,0.4519,,2.924,0.1079,0.804,NOMINAL,NOMINAL,NORMAL,0,
1642463100.0,1786276474.9051857,1,3.7885,0.4479,,2.293,0.1002,0.756,NOMINAL,NOMINAL,NORMAL,0,
1642464000.0,1786276475.0308027,1,3.02,0.3569,1.7703,2.006,0.0885,0.629,NOMINAL,NOMINAL,NORMAL,0,
1642464900.0,1786276475.1553047,1,3.5722,0.4068,,2.545,0.1139,0.786,NOMINAL,NOMINAL,TRIGGERED,1,omni_p6
1642465800.0,1786276475.2869523,1,4.5267,0.4723,,3.424,0.2178,3.756,NOMINAL,PRE_ALERT,TRIGGERED,2,omni_p6
1642466700.0,1786276475.4094787,1,4.1944,0.449,,3.274,0.1892,3.239,PRE_ALERT,NOMINAL,NORMAL,0,
1642467600.0,1786276475.5316699,1,3.949,0.4279,,3.137,0.1109,0.765,NOMINAL,NOMINAL,NORMAL,0,
1642468500.0,1786276475.6593475,1,4.6042,0.4863,,3.598,0.1399,1.121,NOMINAL,NOMINAL,NORMAL,0,
1642469400.0,1786276475.781981,1,4.1549,0.4433,,2.375,0.1193,0.816,NOMINAL,NOMINAL,NORMAL,0,
1642470300.0,1786276475.9054472,1,3.8883,0.4307,,2.093,0.1038,0.766,NOMINAL,NOMINAL,TRIGGERED,1,omni_p6
1642471200.0,1786276476.030391,1,2.842,0.3592,,1.346,0.1467,3.107,NOMINAL,PRE_ALERT,TRIGGERED,2,omni_p6
1642472100.0,1786276476.157526,1,3.8187,0.4127,,2.209,0.1784,3.256,PRE_ALERT,NOMINAL,NORMAL,0,
1642473000.0,1786276476.2812293,1,3.9589,0.435,,2.553,0.111,0.85,NOMINAL,NOMINAL,NORMAL,0,
1642473900.0,1786276476.4045148,1,3.3,0.3882,,1.76,0.0944,0.78,NOMINAL,NOMINAL,NORMAL,0,
1642474800.0,1786276476.5286403,1,2.9153,0.3551,,2.12,0.1541,0.738,NOMINAL,NOMINAL,NORMAL,0,
1642475700.0,1786276476.6532452,1,2.8837,0.3482,,1.777,0.0845,0.61,NOMINAL,NOMINAL,NORMAL,0,
1642476600.0,1786276476.780917,1,3.4426,0.403,,2.252,0.1197,0.976,NOMINAL,NOMINAL,TRIGGERED,1,omni_p6
1642477500.0,1786276476.9055436,1,3.1423,0.3889,,1.475,0.1641,3.246,NOMINAL,PRE_ALERT,TRIGGERED,2,omni_p6
1642478400.0,1786276477.0324972,1,3.7881,0.416,,2.189,0.1706,3.247,PRE_ALERT,NOMINAL,NORMAL,0,
1642479300.0,1786276477.1556146,1,3.8335,0.4191,,2.74,0.1192,0.788,NOMINAL,NOMINAL,NORMAL,0,
1642480200.0,1786276477.2799587,1,3.6628,0.4171,,2.097,0.1032,0.748,NOMINAL,NOMINAL,NORMAL,0,
1642481100.0,1786276477.4032786,1,2.9915,0.369,,1.652,0.094,0.661,NOMINAL,NOMINAL,NORMAL,0,
1642482000.0,1786276477.5283914,1,2.8319,0.364,,2.126,0.0877,0.756,NOMINAL,NOMINAL,NORMAL,0,
1642482900.0,1786276477.6539865,1,3.0574,0.3807,,2.146,0.1071,0.725,NOMINAL,NOMINAL,NORMAL,0,
1642483800.0,1786276477.780245,1,3.3306,0.4035,,2.563,0.1089,0.815,NOMINAL,NOMINAL,NORMAL,0,
1642484700.0,1786276477.903898,1,3.3831,0.3832,,1.926,0.105,0.736,NOMINAL,NOMINAL,NORMAL,0,
1642485600.0,1786276478.028711,1,3.488,0.3914,,1.62,0.1689,0.822,NOMINAL,NOMINAL,NORMAL,0,
1642486500.0,1786276478.153186,1,3.1063,0.3603,,1.598,0.0982,0.638,NOMINAL,NOMINAL,NORMAL,0,
1642487400.0,1786276478.279372,1,3.2968,0.4291,,2.12,0.1124,0.76,NOMINAL,NOMINAL,NORMAL,0,
1642488300.0,1786276478.4039948,1,3.1181,0.3773,,1.866,0.0995,0.706,NOMINAL,NOMINAL,NORMAL,0,
1642489200.0,1786276478.5284595,1,3.0039,0.3663,,1.831,0.1012,0.795,NOMINAL,NOMINAL,NORMAL,0,
1642490100.0,1786276478.6528478,1,2.8228,0.3359,,1.754,0.0909,0.632,NOMINAL,NOMINAL,NORMAL,0,
1642491000.0,1786276478.7747254,1,1.5727,0.2284,,0.956,0.0426,0.373,NOMINAL,NOMINAL,NORMAL,0,
1642491900.0,1786276478.9036775,1,3.2413,0.3852,,1.786,0.0963,0.743,NOMINAL,NOMINAL,NORMAL,0,
1642492800.0,1786276479.028299,1,3.1116,0.3727,,1.653,0.0916,0.743,NOMINAL,NOMINAL,TRIGGERED,1,omni_p6
1642493700.0,1786276479.1538155,1,3.2298,0.3874,,1.884,0.0935,0.721,NOMINAL,NOMINAL,NORMAL,0,
1642494600.0,1786276479.2782044,1,2.8902,0.3527,,1.767,0.1006,0.718,NOMINAL,NOMINAL,NORMAL,0,
1642495500.0,1786276479.4050882,1,3.4212,0.4026,,2.661,0.0967,0.753,NOMINAL,NOMINAL,NORMAL,0,
1642496400.0,1786276479.5273912,1,2.2721,0.264,,1.945,0.0629,0.546,NOMINAL,NOMINAL,TRIGGERED,1,omni_p6
1642497300.0,1786276479.6593525,1,4.4486,0.4787,,3.944,0.1401,1.102,NOMINAL,NOMINAL,NORMAL,0,
1642498200.0,1786276479.7799313,1,3.9855,0.3563,,2.246,0.0983,0.706,NOMINAL,NOMINAL,NORMAL,0,
1642499100.0,1786276479.904447,1,3.6163,0.4178,,2.118,0.1082,0.813,NOMINAL,NOMINAL,TRIGGERED,1,omni_p6
1642500000.0,1786276480.0287645,1,3.3334,0.3727,,1.797,0.1106,0.8,NOMINAL,NOMINAL,NORMAL,0,
1642500900.0,1786276480.15396,1,3.3446,0.3987,,2.014,0.113,0.786,NOMINAL,NOMINAL,NORMAL,0,
1642501800.0,1786276480.2786903,1,3.3376,0.3823,,1.853,0.1043,0.739,NOMINAL,NOMINAL,NORMAL,0,
1642502700.0,1786276480.4040928,1,3.3927,0.3907,,2.019,0.1156,0.765,NOMINAL,NOMINAL,NORMAL,0,
1642503600.0,1786276480.528161,1,3.037,0.3544,,1.759,0.1069,0.725,NOMINAL,NOMINAL,NORMAL,0,
1642504500.0,1786276480.6591196,1,4.4837,0.4779,,3.436,0.1396,1.062,NOMINAL,NOMINAL,TRIGGERED,1,omni_p6
1642505400.0,1786276480.7761712,1,1.4439,0.244,,1.044,0.0688,2.02,NOMINAL,PRE_ALERT,TRIGGERED,2,omni_p6
1642506300.0,1786276480.9086623,1,4.175,0.4415,,2.538,0.1925,3.323,PRE_ALERT,NOMINAL,NORMAL,0,
1642507200.0,1786276481.03021,1,3.9065,0.4241,,2.125,0.1062,0.802,NOMINAL,NOMINAL,NORMAL,0,
1642508100.0,1786276481.154381,1,3.7358,0.3881,,1.912,0.114,0.748,NOMINAL,NOMINAL,NORMAL,0,
1642509000.0,1786276481.2797022,1,3.2945,0.3729,,2.918,0.1037,0.741,NOMINAL,NOMINAL,NORMAL,0,
1642509900.0,1786276481.4053097,1,3.6718,0.4108,,2.521,0.116,0.822,NOMINAL,NOMINAL,NORMAL,0,
1642510800.0,1786276481.5293968,1,3.386,0.3925,,2.487,0.1126,0.765,NOMINAL,NOMINAL,TRIGGERED,1,omni_p6
1642511700.0,1786276481.6561046,1,3.0463,0.3588,,2.279,0.1698,3.271,NOMINAL,PRE_ALERT,TRIGGERED,2,omni_p6
1642512600.0,1786276481.781659,1,3.6438,0.3536,,2.231,0.1505,2.63,PRE_ALERT,NOMINAL,NORMAL,0,
1642513500.0,1786276481.9047048,1,3.8427,0.4139,,1.69,0.1693,0.885,NOMINAL,NOMINAL,NORMAL,0,
1642514400.0,1786276482.029476,1,3.609,0.3746,,2.186,0.1043,0.729,NOMINAL,NOMINAL,NORMAL,0,
1642515300.0,1786276482.1539443,1,3.3999,0.3956,,1.989,0.0987,0.728,NOMINAL,NOMINAL,NORMAL,0,
1642516200.0,1786276482.2785313,1,2.9731,0.3551,,2.05,0.0981,0.678,NOMINAL,NOMINAL,NORMAL,0,
1642517100.0,1786276482.4044728,1,3.2885,0.3897,,2.223,0.0981,0.798,NOMINAL,NOMINAL,TRIGGERED,1,omni_p6
1642518000.0,1786276482.5308006,1,2.9807,0.3801,,1.896,0.1512,3.278,NOMINAL,PRE_ALERT,TRIGGERED,2,omni_p6
1642518900.0,1786276482.6580527,1,3.233,0.4042,,3.051,0.1903,3.812,PRE_ALERT,NOMINAL,NORMAL,0,
1642519800.0,1786276482.7797785,1,3.5104,0.403,,2.171,0.1104,0.798,NOMINAL,NOMINAL,NORMAL,0,
1642520700.0,1786276482.9054344,1,3.7125,0.4165,,2.654,0.1197,0.824,NOMINAL,NOMINAL,NORMAL,0,
1642521600.0,1786276483.029811,1,3.5913,0.3989,,2.479,0.1139,0.81,NOMINAL,NOMINAL,NORMAL,0,
1642522500.0,1786276483.1515057,1,1.5529,0.4549,,2.166,0.1051,0.772,NOMINAL,NOMINAL,NORMAL,0,
1642523400.0,1786276483.278577,1,3.0957,0.3587,,2.109,0.0958,0.723,NOMINAL,NOMINAL,NORMAL,0,
1642524300.0,1786276483.4040308,1,3.3528,0.39,,2.08,0.1114,0.747,NOMINAL,NOMINAL,NORMAL,0,
1642525200.0,1786276483.528578,1,3.1016,0.355,,2.125,0.0932,0.764,NOMINAL,NOMINAL,NORMAL,0,
1642526100.0,1786276483.6531565,1,2.8498,0.3516,,2.167,0.0994,0.685,NOMINAL,NOMINAL,NORMAL,0,
1642527000.0,1786276483.7785518,1,2.7898,0.3361,,2.604,0.0988,0.676,NOMINAL,NOMINAL,NORMAL,0,
1642527900.0,1786276483.9055665,1,3.6936,0.4157,,2.702,0.1211,0.864,NOMINAL,NOMINAL,NORMAL,0,
1642528800.0,1786276484.0295386,1,3.5179,0.3952,,2.179,0.111,0.81,NOMINAL,NOMINAL,NORMAL,0,
1642529700.0,1786276484.1516063,1,2.507,0.269,,1.341,0.084,0.586,NOMINAL,NOMINAL,NORMAL,0,
1642530600.0,1786276484.278597,1,3.0183,0.368,,2.295,0.0961,0.735,NOMINAL,NOMINAL,NORMAL,0,
1642531500.0,1786276484.403781,1,3.008,0.4054,,1.812,0.104,1.279,NOMINAL,NOMINAL,NORMAL,0,
1642532400.0,1786276484.5268493,1,2.0413,0.2596,,1.642,0.0631,0.573,NOMINAL,NOMINAL,NORMAL,0,
1642533300.0,1786276484.6592767,1,4.5637,0.4865,,3.639,0.1328,1.1,NOMINAL,NOMINAL,NORMAL,0,
1642534200.0,1786276484.780247,1,3.618,0.3926,,2.601,0.1031,0.76,NOMINAL,NOMINAL,NORMAL,0,
1642535100.0,1786276484.9051268,1,3.6101,0.3923,,2.525,0.1035,0.806,NOMINAL,NOMINAL,NORMAL,0,
1642536000.0,1786276485.028898,1,3.1993,0.3978,,2.179,0.0951,0.781,NOMINAL,NOMINAL,NORMAL,0,
1642536900.0,1786276485.1541064,1,2.7655,0.3417,,2.18,1.3617,1.92,NOMINAL,NOMINAL,NORMAL,0,
1642537800.0,1786276485.2790816,1,3.0217,0.38,,2.268,0.0853,0.718,NOMINAL,NOMINAL,TRIGGERED,1,omni_p6
1642538700.0,1786276485.4030144,1,2.8184,0.3388,,1.732,0.0826,0.56,NOMINAL,NOMINAL,NORMAL,0,
1642539600.0,1786276485.5296047,1,3.2671,0.3795,,2.547,0.0959,0.711,NOMINAL,NOMINAL,NORMAL,0,
1642540500.0,1786276485.6592522,1,4.5182,0.4804,,3.586,0.1399,1.044,NOMINAL,NOMINAL,NORMAL,0,
1642541400.0,1786276485.7804043,1,3.7811,0.4187,,2.496,0.1014,0.881,NOMINAL,NOMINAL,NORMAL,0,
1642542300.0,1786276485.904611,1,3.8007,0.4057,,1.798,0.104,0.877,NOMINAL,NOMINAL,NORMAL,0,
1642543200.0,1786276486.0299206,1,3.554,0.4088,,2.216,0.1037,0.778,NOMINAL,NOMINAL,NORMAL,0,
1642544100.0,1786276486.1536345,1,3.0897,0.3873,,2.249,0.0885,0.676,NOMINAL,NOMINAL,TRIGGERED,1,omni_p6
1642545000.0,1786276486.2845447,1,4.5618,0.5154,,3.852,0.1394,1.182,NOMINAL,NOMINAL,NORMAL,0,
1642545900.0,1786276486.404246,1,2.3301,0.4564,,3.536,0.1358,1.045,NOMINAL,NOMINAL,NORMAL,0,
1642546800.0,1786276486.5346906,1,4.5968,0.4749,,4.448,0.1298,1.114,NOMINAL,NOMINAL,NORMAL,0,
1642547700.0,1786276486.6570709,1,4.4058,0.4613,,2.713,0.1206,0.892,NOMINAL,NOMINAL,NORMAL,0,
1642548600.0,1786276486.7795753,1,3.2989,0.4559,,2.399,0.0973,0.673,NOMINAL,NOMINAL,NORMAL,0,
1642549500.0,1786276486.9055042,1,3.934,0.4361,,2.352,0.1061,0.834,NOMINAL,NOMINAL,TRIGGERED,1,omni_p6
1642550400.0,1786276487.0340889,1,3.5342,0.4293,1.7547,1.894,0.1777,3.774,NOMINAL,PRE_ALERT,TRIGGERED,2,omni_p6
1642551300.0,1786276487.1578867,1,4.0896,0.4733,,2.202,0.1878,3.274,PRE_ALERT,NOMINAL,NORMAL,0,
1642552200.0,1786276487.2805326,1,4.006,0.426,,2.199,0.1075,0.827,NOMINAL,NOMINAL,NORMAL,0,
1642553100.0,1786276487.404205,1,3.3963,0.4141,,1.951,0.0925,0.709,NOMINAL,NOMINAL,NORMAL,0,
1642554000.0,1786276487.5302389,1,3.687,0.4239,,2.443,0.1113,0.844,NOMINAL,NOMINAL,NORMAL,0,
1642554900.0,1786276487.6526957,1,2.7353,0.3417,,1.639,0.0924,0.768,NOMINAL,NOMINAL,NORMAL,0,
1642555800.0,1786276487.7799697,1,3.3544,0.4514,,2.595,0.1061,0.795,NOMINAL,NOMINAL,TRIGGERED,1,omni_p6
1642556700.0,1786276487.906598,1,3.5385,0.4068,,1.651,0.1766,3.339,NOMINAL,PRE_ALERT,TRIGGERED,2,omni_p6
1642557600.0,1786276488.0322225,1,3.8091,0.4115,,2.08,0.1789,3.211,PRE_ALERT,NOMINAL,NORMAL,0,
1642558500.0,1786276488.1543925,1,3.5184,0.3901,,2.356,0.1009,0.733,NOMINAL,NOMINAL,NORMAL,0,
1642559400.0,1786276488.2851536,1,4.7672,0.5175,,3.61,0.2155,1.326,NOMINAL,NOMINAL,NORMAL,0,
1642560300.0,1786276488.3993387,1,1.2811,0.1612,,0.959,0.0361,0.3,NOMINAL,NOMINAL,NORMAL,0,
1642561200.0,1786276488.5335045,1,4.5738,0.5226,,3.348,0.1435,1.165,NOMINAL,NOMINAL,NORMAL,0,
1642562100.0,1786276488.656095,1,4.0633,0.4525,,2.418,0.1154,0.852,NOMINAL,NOMINAL,TRIGGERED,1,omni_p6
1642563000.0,1786276488.7814674,1,3.0965,0.3868,,2.248,0.1482,3.229,NOMINAL,PRE_ALERT,TRIGGERED,2,omni_p6
1642563900.0,1786276488.901251,1,1.6907,0.2421,,0.877,0.0674,1.962,PRE_ALERT,NOMINAL,NORMAL,0,
1642564800.0,1786276489.029051,1,3.3702,0.3991,,1.925,0.0909,0.688,NOMINAL,NOMINAL,NORMAL,0,
1642565700.0,1786276489.1535652,1,3.1891,0.3793,,2.068,0.0849,0.62,NOMINAL,NOMINAL,NORMAL,0,
1642566600.0,1786276489.279612,1,3.1859,0.4395,,2.514,0.0952,0.697,NOMINAL,NOMINAL,NORMAL,0,
1642567500.0,1786276489.4034674,1,2.8146,0.4174,,2.299,0.0938,0.596,NOMINAL,NOMINAL,NORMAL,0,
1642568400.0,1786276489.5264692,1,1.9264,0.2269,,1.57,0.0564,0.479,NOMINAL,NOMINAL,NORMAL,0,
1642569300.0,1786276489.6597164,1,4.6493,0.5061,,3.73,0.1342,1.035,NOMINAL,NOMINAL,NORMAL,0,
1642570200.0,1786276489.7797685,1,3.7798,0.3982,,1.979,0.1005,0.735,NOMINAL,NOMINAL,NORMAL,0,
1642571100.0,1786276489.9038136,1,3.4154,0.329,,1.616,0.0931,0.841,NOMINAL,NOMINAL,NORMAL,0,
1642572000.0,1786276490.029348,1,3.2758,0.3794,,2.237,0.1053,0.749,NOMINAL,NOMINAL,NORMAL,0,
1642572900.0,1786276490.1533291,1,2.9841,0.3504,,2.199,0.0926,0.624,NOMINAL,NOMINAL,NORMAL,0,
1642573800.0,1786276490.2788858,1,3.0433,0.3574,,2.099,0.1011,0.706,NOMINAL,NOMINAL,NORMAL,0,
1642574700.0,1786276490.4032426,1,3.114,0.3687,,1.672,0.1092,0.701,NOMINAL,NOMINAL,NORMAL,0,
1642575600.0,1786276490.5283804,1,2.9901,0.3455,,2.039,0.1035,0.71,NOMINAL,NOMINAL,NORMAL,0,
1642576500.0,1786276490.659671,1,4.6759,0.5275,,3.646,0.1422,1.089,NOMINAL,NOMINAL,NORMAL,0,
1642577400.0,1786276490.78021,1,3.8893,0.4191,,2.301,0.1184,0.777,NOMINAL,NOMINAL,NORMAL,0,
1642578300.0,1786276490.8994915,1,1.173,0.2391,,0.953,0.0434,0.379,NOMINAL,NOMINAL,TRIGGERED,1,omni_p6
1642579200.0,1786276491.0294762,1,3.42,0.4004,,2.005,0.1038,0.813,NOMINAL,NOMINAL,NORMAL,0,
1642580100.0,1786276491.153351,1,3.1883,0.38,,1.9,0.0875,0.692,NOMINAL,NOMINAL,NORMAL,0,
1642581000.0,1786276491.2791142,1,3.2034,0.4465,,1.959,0.086,0.717,NOMINAL,NOMINAL,NORMAL,0,
1642581900.0,1786276491.403245,1,2.9494,0.3753,,2.003,0.0872,0.653,NOMINAL,NOMINAL,NORMAL,0,
1642582800.0,1786276491.534741,1,4.6717,0.4916,,3.757,0.143,1.096,NOMINAL,NOMINAL,NORMAL,0,
1642583700.0,1786276491.6567612,1,4.372,0.4534,,2.584,0.1951,0.972,NOMINAL,NOMINAL,NORMAL,0,
1642584600.0,1786276491.778789,1,3.2552,0.3859,,2.158,0.1037,0.685,NOMINAL,NOMINAL,TRIGGERED,1,omni_p6
1642585500.0,1786276491.9025066,1,2.924,0.2968,,1.312,0.0936,0.634,NOMINAL,NOMINAL,NORMAL,0,
1642586400.0,1786276492.031152,1,3.7286,0.4261,,3.043,0.1193,0.806,NOMINAL,NOMINAL,NORMAL,0,
1642587300.0,1786276492.154353,1,3.4562,0.4013,,2.317,0.1087,0.756,NOMINAL,NOMINAL,NORMAL,0,
1642588200.0,1786276492.2793224,1,3.2963,0.4816,,2.038,0.1072,0.79,NOMINAL,NOMINAL,NORMAL,0,
1642589100.0,1786276492.4045272,1,2.986,0.3972,,3.047,0.1024,0.827,NOMINAL,NOMINAL,NORMAL,0,
1642590000.0,1786276492.5285993,1,3.1107,0.381,,2.118,0.0991,0.762,NOMINAL,NOMINAL,TRIGGERED,1,omni_p6
1642590900.0,1786276492.6584246,1,3.7694,0.4202,,2.556,0.1908,3.667,NOMINAL,PRE_ALERT,TRIGGERED,2,omni_p6
1642591800.0,1786276492.7859468,1,4.303,0.4593,,3.983,0.2031,3.582,PRE_ALERT,NOMINAL,NORMAL,0,
1642592700.0,1786276492.9053206,1,3.9471,0.4166,,2.308,0.1169,0.773,NOMINAL,NOMINAL,NORMAL,0,
1642593600.0,1786276493.0309796,1,3.884,0.4356,,2.468,0.1117,0.888,NOMINAL,NOMINAL,NORMAL,0,
1642594500.0,1786276493.154978,1,3.7894,0.4078,,2.433,0.1241,0.783,NOMINAL,NOMINAL,NORMAL,0,
1642595400.0,1786276493.2794678,1,3.4655,0.4046,,2.017,0.1117,0.782,NOMINAL,NOMINAL,NORMAL,0,
1642596300.0,1786276493.4034042,1,3.3519,0.3812,,1.624,0.106,0.706,NOMINAL,NOMINAL,TRIGGERED,1,omni_p6
1642597200.0,1786276493.5314245,1,3.2586,0.3789,,2.092,0.1702,3.386,NOMINAL,PRE_ALERT,TRIGGERED,2,omni_p6
1642598100.0,1786276493.6587493,1,4.0359,0.4912,,2.896,0.1886,3.353,PRE_ALERT,NOMINAL,NORMAL,0,
1642599000.0,1786276493.7793877,1,3.4919,0.4496,,2.371,0.0999,0.688,NOMINAL,NOMINAL,NORMAL,0,
1642599900.0,1786276493.9032755,1,3.3133,0.3831,,1.469,0.0769,0.688,NOMINAL,NOMINAL,NORMAL,0,
1642600800.0,1786276494.0300293,1,3.4866,0.4026,,2.277,0.0995,0.958,NOMINAL,NOMINAL,NORMAL,0,
1642601700.0,1786276494.1532938,1,3.27,0.4022,,1.533,0.0819,0.772,NOMINAL,NOMINAL,NORMAL,0,
1642602600.0,1786276494.2747166,1,1.5283,0.2341,,0.895,0.0412,0.522,NOMINAL,NOMINAL,TRIGGERED,1,omni_p6
1642603500.0,1786276494.4031546,1,2.6798,0.3408,,1.611,0.0833,0.794,NOMINAL,NOMINAL,NORMAL,0,
1642604400.0,1786276494.5261075,1,1.9689,0.2646,,1.06,0.0529,0.653,NOMINAL,NOMINAL,NORMAL,0,
1642605300.0,1786276494.6596084,1,4.6452,0.5149,,3.476,0.1346,1.151,NOMINAL,NOMINAL,NORMAL,0,
1642606200.0,1786276494.779611,1,3.5079,0.4088,,1.77,0.0965,1.221,NOMINAL,NOMINAL,NORMAL,0,
1642607100.0,1786276494.9029224,1,3.0002,0.3615,,1.513,0.0759,0.767,NOMINAL,NOMINAL,NORMAL,0,
1642608000.0,1786276495.03009,1,3.4232,0.4065,,2.49,0.1123,0.795,NOMINAL,NOMINAL,NORMAL,0,
1642608900.0,1786276495.1543539,1,3.3398,0.3959,,2.137,0.1066,1.104,NOMINAL,NOMINAL,TRIGGERED,1,omni_p6
1642609800.0,1786276495.2772412,1,2.3568,0.2728,,1.743,0.0834,0.746,NOMINAL,NOMINAL,NORMAL,0,
1642610700.0,1786276495.4055345,1,2.8713,0.3559,,4.113,0.1017,0.698,NOMINAL,NOMINAL,NORMAL,0,
1642611600.0,1786276495.5278022,1,2.7125,0.3385,,1.709,0.0832,0.884,NOMINAL,NOMINAL,NORMAL,0,
1642612500.0,1786276495.6631973,1,4.6052,0.4889,,7.082,0.1418,1.135,NOMINAL,NOMINAL,NORMAL,0,
1642613400.0,1786276495.7820005,1,4.3511,0.4295,,2.863,0.1008,0.989,NOMINAL,NOMINAL,NORMAL,0,
1642614300.0,1786276495.9047427,1,3.9187,0.4309,,1.662,0.0965,0.967,NOMINAL,NOMINAL,NORMAL,0,
1642615200.0,1786276496.0303228,1,3.7934,0.4035,,2.168,0.1083,0.925,NOMINAL,NOMINAL,NORMAL,0,
1642616100.0,1786276496.1525285,1,3.0846,0.3603,,1.345,0.1215,0.632,NOMINAL,NOMINAL,NORMAL,0,
1642617000.0,1786276496.2781384,1,2.8907,0.3498,,1.764,0.0786,0.891,NOMINAL,NOMINAL,NORMAL,0,
1642617900.0,1786276496.4039567,1,3.2746,0.3675,,2.047,0.0975,0.768,NOMINAL,NOMINAL,NORMAL,0,
1642618800.0,1786276496.529186,1,3.195,0.354,,2.604,0.098,0.732,NOMINAL,NOMINAL,NORMAL,0,
1642619700.0,1786276496.653189,1,2.95,0.3509,,1.926,0.094,0.751,NOMINAL,NOMINAL,NORMAL,0,
1642620600.0,1786276496.7799647,1,3.4735,0.4126,,2.316,0.117,0.841,NOMINAL,NOMINAL,NORMAL,0,
1642621500.0,1786276496.9029167,1,3.2632,0.3744,,1.316,0.0915,0.667,NOMINAL,NOMINAL,NORMAL,0,
1642622400.0,1786276497.0294964,1,3.4374,0.3998,,2.032,0.0994,0.731,NOMINAL,NOMINAL,NORMAL,0,
1642623300.0,1786276497.1539912,1,3.2029,0.392,,2.496,0.0954,0.691,NOMINAL,NOMINAL,TRIGGERED,1,omni_p6
1642624200.0,1786276497.2779455,1,2.0665,0.2454,,1.676,0.0595,0.512,NOMINAL,NOMINAL,NORMAL,0,
1642625100.0,1786276497.3991802,1,1.2261,0.153,,0.937,0.0341,0.307,NOMINAL,NOMINAL,NORMAL,0,
1642626000.0,1786276497.534112,1,4.4155,0.5223,,3.703,0.1403,1.172,NOMINAL,NOMINAL,NORMAL,0,
1642626900.0,1786276497.6545455,1,3.6247,0.3762,,2.136,0.1211,0.838,NOMINAL,NOMINAL,NORMAL,0,
1642627800.0,1786276497.7820857,1,4.2422,0.4402,,3.243,0.1305,0.954,NOMINAL,NOMINAL,NORMAL,0,
1642628700.0,1786276497.904644,1,3.6927,0.4119,,2.192,0.158,0.796,NOMINAL,NOMINAL,TRIGGERED,1,omni_p6
1642629600.0,1786276498.0327241,1,3.6419,0.4098,,2.315,0.1849,3.409,NOMINAL,PRE_ALERT,TRIGGERED,2,omni_p6
1642630500.0,1786276498.1576393,1,3.8275,0.4208,,2.509,0.1646,3.231,PRE_ALERT,NOMINAL,NORMAL,0,
1642631400.0,1786276498.2804048,1,3.7617,0.4144,,2.677,0.1074,0.755,NOMINAL,NOMINAL,NORMAL,0,
1642632300.0,1786276498.4047704,1,3.4777,0.3755,,2.385,0.1039,0.763,NOMINAL,NOMINAL,NORMAL,0,
1642633200.0,1786276498.5281677,1,3.0625,0.357,,1.743,0.0893,0.701,NOMINAL,NOMINAL,NORMAL,0,
1642634100.0,1786276498.6539392,1,3.1688,0.3755,,1.971,0.0992,0.695,NOMINAL,NOMINAL,NORMAL,0,
1642635000.0,1786276498.7773356,1,2.5995,0.2875,,1.668,0.092,0.561,NOMINAL,NOMINAL,TRIGGERED,1,omni_p6
1642635900.0,1786276498.9051561,1,3.0502,0.3887,,1.315,0.1788,3.168,NOMINAL,PRE_ALERT,TRIGGERED,2,omni_p6
1642636800.0,1786276499.0280397,1,1.2821,0.2247,1.0641,1.016,0.0704,2.021,PRE_ALERT,NOMINAL,NORMAL,0,
1642637700.0,1786276499.1549313,1,3.8264,0.4174,,2.334,0.1097,0.718,NOMINAL,NOMINAL,NORMAL,0,
1642638600.0,1786276499.2794697,1,3.5767,0.3955,,2.015,0.0989,0.676,NOMINAL,NOMINAL,NORMAL,0,
1642639500.0,1786276499.4045959,1,3.5227,0.4005,,2.048,0.1556,0.752,NOMINAL,NOMINAL,NORMAL,0,
1642640400.0,1786276499.527195,1,2.2513,0.2738,,1.557,0.0619,0.514,NOMINAL,NOMINAL,NORMAL,0,
1642641300.0,1786276499.6592455,1,4.4639,0.4792,,4.046,0.1393,1.102,NOMINAL,NOMINAL,TRIGGERED,1,omni_p6
1642642200.0,1786276499.7838714,1,4.0001,0.4305,,2.79,0.1934,3.289,NOMINAL,PRE_ALERT,TRIGGERED,2,omni_p6
1642643100.0,1786276499.9079852,1,3.9704,0.4111,,2.795,0.1638,2.973,PRE_ALERT,NOMINAL,NORMAL,0,
1642644000.0,1786276500.028987,1,3.5725,0.349,,1.156,0.0338,0.294,NOMINAL,NOMINAL,NORMAL,0,
1642644900.0,1786276500.155742,1,3.8522,0.4166,,2.647,0.1187,0.948,NOMINAL,NOMINAL,NORMAL,0,
1642645800.0,1786276500.2800996,1,3.4841,0.4141,,2.517,0.1037,0.754,NOMINAL,NOMINAL,NORMAL,0,
1642646700.0,1786276500.4045146,1,3.3029,0.3959,,2.186,0.1037,0.719,NOMINAL,NOMINAL,TRIGGERED,1,omni_p6
1642647600.0,1786276500.5325482,1,3.3622,0.3728,,1.944,0.1739,3.391,NOMINAL,PRE_ALERT,TRIGGERED,2,omni_p6
1642648500.0,1786276500.6617708,1,4.4645,0.4778,,3.462,0.2146,3.615,PRE_ALERT,NOMINAL,NORMAL,0,
1642649400.0,1786276500.781969,1,3.8175,0.4179,,3.301,0.1081,0.807,NOMINAL,NOMINAL,NORMAL,0,
1642650300.0,1786276500.905567,1,3.7406,0.4277,,2.343,0.1122,0.747,NOMINAL,NOMINAL,NORMAL,0,
1642651200.0,1786276501.029868,1,3.9408,0.3248,,1.792,0.0929,0.611,NOMINAL,NOMINAL,NORMAL,0,
1642652100.0,1786276501.1539004,1,3.2899,0.3885,,2.193,0.0932,0.642,NOMINAL,NOMINAL,NORMAL,0,
1642653000.0,1786276501.280268,1,3.4677,0.4184,,2.161,0.1016,0.758,NOMINAL,NOMINAL,NORMAL,0,
1642653900.0,1786276501.404352,1,3.1554,0.3857,,2.358,0.0954,0.672,NOMINAL,NOMINAL,NORMAL,0,
1642654800.0,1786276501.528682,1,2.7395,0.3581,,2.032,0.0823,0.611,NOMINAL,NOMINAL,NORMAL,0,
1642655700.0,1786276501.653568,1,2.624,0.3389,,2.176,0.0783,0.549,NOMINAL,NOMINAL,NORMAL,0,
1642656600.0,1786276501.7782993,1,2.9851,0.2515,,2.371,0.0666,0.446,NOMINAL,NOMINAL,NORMAL,0,
1642657500.0,1786276501.905805,1,3.4591,0.3783,,2.685,0.0927,0.758,NOMINAL,NOMINAL,NORMAL,0,
1642658400.0,1786276502.0249462,1,1.2092,0.2306,,1.012,0.044,0.435,NOMINAL,NOMINAL,NORMAL,0,
1642659300.0,1786276502.1540182,1,3.0541,0.3682,,2.376,0.1082,0.747,NOMINAL,NOMINAL,NORMAL,0,
1642660200.0,1786276502.2792208,1,3.0269,0.4035,,2.122,0.1334,0.792,NOMINAL,NOMINAL,NORMAL,0,
1642661100.0,1786276502.4071696,1,3.0277,0.3635,,2.36,0.1105,0.784,NOMINAL,NOMINAL,NORMAL,0,
1642662000.0,1786276502.530699,1,2.8557,0.3603,,2.279,0.1007,0.74,NOMINAL,NOMINAL,NORMAL,0,
1642662900.0,1786276502.6564276,1,2.8131,0.3704,,2.87,0.1008,0.726,NOMINAL,NOMINAL,NORMAL,0,
1642663800.0,1786276502.7826703,1,3.23,0.4103,,3.01,0.1197,1.008,NOMINAL,NOMINAL,TRIGGERED,1,omni_p6
1642664700.0,1786276502.9091697,1,3.4958,0.406,,2.371,0.1768,3.499,NOMINAL,PRE_ALERT,TRIGGERED,2,omni_p6
1642665600.0,1786276503.0312655,1,3.8499,0.2745,,0.754,0.0529,1.437,PRE_ALERT,NOMINAL,NORMAL,0,
1642666500.0,1786276503.1567044,1,3.5152,0.388,,2.369,0.1858,0.9,NOMINAL,NOMINAL,NORMAL,0,
1642667400.0,1786276503.2813451,1,3.0895,0.3565,,2.535,0.1067,0.824,NOMINAL,NOMINAL,TRIGGERED,1,omni_p6
1642668300.0,1786276503.406406,1,3.1436,0.35,,2.349,0.1003,0.691,NOMINAL,NOMINAL,NORMAL,0,
1642669200.0,1786276503.5300336,1,2.7978,0.3472,,1.88,0.0851,0.616,NOMINAL,NOMINAL,TRIGGERED,1,omni_p6
1642670100.0,1786276503.6571782,1,2.5574,0.3268,,1.806,0.1489,3.206,NOMINAL,PRE_ALERT,TRIGGERED,2,omni_p6
1642671000.0,1786276503.7812853,1,3.3544,0.3771,,2.492,0.1103,0.743,PRE_ALERT,PRE_ALERT,TRIGGERED,3,omni_p6
1642671900.0,1786276503.9099433,1,3.8324,0.4685,,1.961,0.1876,3.439,PRE_ALERT,NOMINAL,NORMAL,0,
1642672800.0,1786276504.027415,1,1.5981,0.2284,,1.308,0.1047,0.732,NOMINAL,NOMINAL,NORMAL,0,
1642673700.0,1786276504.1577764,1,3.8359,0.4227,,2.942,0.1189,0.889,NOMINAL,NOMINAL,TRIGGERED,1,omni_p6
1642674600.0,1786276504.2822144,1,3.5133,0.4127,,2.593,0.1085,0.839,NOMINAL,NOMINAL,NORMAL,0,
1642675500.0,1786276504.4059718,1,3.0801,0.3817,,2.054,0.105,0.784,NOMINAL,NOMINAL,TRIGGERED,1,omni_p6
1642676400.0,1786276504.534744,1,2.0867,0.2548,,4.56,0.208,3.626,NOMINAL,PRE_ALERT,TRIGGERED,2,omni_p6
1642677300.0,1786276504.661741,1,4.766,0.4952,,3.843,0.1404,1.123,PRE_ALERT,PRE_ALERT,TRIGGERED,3,omni_p6
1642678200.0,1786276504.7837567,1,3.5804,0.3562,,2.297,0.1848,2.948,PRE_ALERT,NOMINAL,NORMAL,0,
1642679100.0,1786276504.9070237,1,3.5869,0.4178,,2.518,0.1147,0.814,NOMINAL,NOMINAL,NORMAL,0,
1642680000.0,1786276505.0297396,1,2.5819,0.2894,,1.802,0.0871,0.656,NOMINAL,NOMINAL,TRIGGERED,1,omni_p6
1642680900.0,1786276505.1590252,1,3.311,0.397,,2.362,0.1773,3.51,NOMINAL,PRE_ALERT,TRIGGERED,2,omni_p6
1642681800.0,1786276505.282273,1,3.7902,0.4199,,2.459,0.1167,0.867,PRE_ALERT,PRE_ALERT,TRIGGERED,3,omni_p6
1642682700.0,1786276505.4037356,1,1.659,0.2401,,1.003,0.0702,2.174,PRE_ALERT,ALERT,TRIGGERED,4,omni_p6
1642683600.0,1786276505.5346477,1,3.4324,0.4144,,2.533,0.1602,3.383,ALERT,NOMINAL,NORMAL,0,
1642684500.0,1786276505.661899,1,4.6154,0.4968,,3.759,0.1458,1.203,NOMINAL,NOMINAL,NORMAL,0,
1642685400.0,1786276505.78182,1,3.5682,0.418,,2.237,0.11,0.764,NOMINAL,NOMINAL,NORMAL,0,
1642686300.0,1786276505.9055114,1,2.9909,0.3754,,1.979,0.0934,0.983,NOMINAL,NOMINAL,TRIGGERED,1,omni_p6
1642687200.0,1786276506.0353043,1,2.913,0.3658,,2.164,0.1746,5.192,NOMINAL,PRE_ALERT,TRIGGERED,2,omni_p6
1642688100.0,1786276506.1585186,1,4.0746,0.4657,,2.747,0.1188,0.887,PRE_ALERT,PRE_ALERT,TRIGGERED,3,omni_p6
1642689000.0,1786276506.2857084,1,4.0232,0.4464,,2.512,0.1924,3.507,PRE_ALERT,ALERT,TRIGGERED,4,omni_p6
1642689900.0,1786276506.4077616,1,3.3336,0.3379,,2.108,0.1482,2.348,ALERT,NOMINAL,NORMAL,0,
1642690800.0,1786276506.5312402,1,3.1846,0.4158,,2.251,0.0876,0.684,NOMINAL,NOMINAL,NORMAL,0,
1642691700.0,1786276506.6562595,1,3.0704,0.3821,,2.504,0.0924,0.733,NOMINAL,NOMINAL,TRIGGERED,1,omni_p6
1642692600.0,1786276506.7798176,1,2.6072,0.3467,,2.24,0.0791,0.591,NOMINAL,NOMINAL,NORMAL,0,
1642693500.0,1786276506.9049666,1,2.6709,0.3482,,2.278,0.0828,0.628,NOMINAL,NOMINAL,TRIGGERED,1,omni_p6
1642694400.0,1786276507.0311944,1,2.7133,0.3534,,2.659,0.0907,0.778,NOMINAL,NOMINAL,NORMAL,0,
1642695300.0,1786276507.156036,1,3.2162,0.3915,,2.154,0.1045,0.744,NOMINAL,NOMINAL,TRIGGERED,1,omni_p6
1642696200.0,1786276507.281319,1,3.0813,0.3731,,2.358,0.1022,0.786,NOMINAL,NOMINAL,NORMAL,0,
1642697100.0,1786276507.404994,1,2.4803,0.335,,2.461,0.0931,0.689,NOMINAL,NOMINAL,NORMAL,0,
1642698000.0,1786276507.5309963,1,2.5241,0.3482,,2.31,0.1042,0.919,NOMINAL,NOMINAL,TRIGGERED,1,omni_p6
1642698900.0,1786276507.6554387,1,2.3724,0.4496,,2.156,0.0754,0.779,NOMINAL,NOMINAL,NORMAL,0,
1642699800.0,1786276507.7819576,1,3.0748,0.3719,,2.325,0.1731,1.27,NOMINAL,NOMINAL,NORMAL,0,
1642700700.0,1786276507.9051597,1,2.8414,0.3621,,1.971,0.0851,0.874,NOMINAL,NOMINAL,NORMAL,0,
1642701600.0,1786276508.0313091,1,2.9556,0.3785,,2.588,0.0966,0.683,NOMINAL,NOMINAL,NORMAL,0,
1642702500.0,1786276508.1566868,1,3.4477,0.3987,,2.472,0.1548,0.804,NOMINAL,NOMINAL,NORMAL,0,
1642703400.0,1786276508.2813735,1,2.9473,0.3546,,2.432,0.0834,0.664,NOMINAL,NOMINAL,NORMAL,0,
1642704300.0,1786276508.405739,1,2.9435,0.3689,,2.049,0.0941,0.669,NOMINAL,NOMINAL,TRIGGERED,1,omni_p6
1642705200.0,1786276508.530733,1,2.9843,0.3622,,1.86,0.091,0.723,NOMINAL,NOMINAL,NORMAL,0,
1642706100.0,1786276508.6553142,1,2.8617,0.3706,,1.911,0.0872,0.681,NOMINAL,NOMINAL,NORMAL,0,
1642707000.0,1786276508.780323,1,2.5669,0.3334,,2.053,0.0698,0.631,NOMINAL,NOMINAL,NORMAL,0,
1642707900.0,1786276508.9044697,1,2.5031,0.3355,,2.056,0.0762,0.64,NOMINAL,NOMINAL,NORMAL,0,
1642708800.0,1786276509.0300105,1,2.5475,0.3521,,2.025,0.0856,0.649,NOMINAL,NOMINAL,NORMAL,0,
1642709700.0,1786276509.1560857,1,3.1121,0.3631,,2.406,0.1027,0.798,NOMINAL,NOMINAL,NORMAL,0,
1642710600.0,1786276509.2797856,1,2.461,0.3231,,1.942,0.0821,0.627,NOMINAL,NOMINAL,NORMAL,0,
1642711500.0,1786276509.4108162,1,4.2519,0.4511,,3.566,0.1279,1.062,NOMINAL,NOMINAL,NORMAL,0,
1642712400.0,1786276509.5317616,1,2.2752,0.4365,,3.673,0.1229,0.974,NOMINAL,NOMINAL,NORMAL,0,
1642713300.0,1786276509.6589117,1,3.7574,0.4344,,3.906,0.1312,1.063,NOMINAL,NOMINAL,NORMAL,0,
1642714200.0,1786276509.7807071,1,3.0977,0.3712,,2.33,0.1686,0.808,NOMINAL,NOMINAL,TRIGGERED,1,omni_p6
1642715100.0,1786276509.9055865,1,3.2144,0.3799,,2.108,0.0953,0.75,NOMINAL,NOMINAL,NORMAL,0,
1642716000.0,1786276510.030148,1,2.9119,0.3555,,2.166,0.0984,0.761,NOMINAL,NOMINAL,NORMAL,0,
1642716900.0,1786276510.152231,1,1.6644,0.2389,,1.176,0.0461,0.446,NOMINAL,NOMINAL,NORMAL,0,
1642717800.0,1786276510.2830324,1,3.8269,0.422,,2.983,0.1232,0.96,NOMINAL,NOMINAL,NORMAL,0,
1642718700.0,1786276510.4065807,1,3.2035,0.3776,,2.915,0.105,0.791,NOMINAL,NOMINAL,NORMAL,0,
1642719600.0,1786276510.5309172,1,3.0293,0.334,,2.446,0.0933,0.719,NOMINAL,NOMINAL,NORMAL,0,
1642720500.0,1786276510.660843,1,4.4771,0.486,,3.701,0.1961,1.125,NOMINAL,NOMINAL,TRIGGERED,1,omni_p6
1642721400.0,1786276510.7800546,1,2.9588,0.3925,,2.107,0.0875,0.651,NOMINAL,NOMINAL,NORMAL,0,
1642722300.0,1786276510.903877,1,2.7017,0.3348,,1.383,0.0799,0.66,NOMINAL,NOMINAL,NORMAL,0,
1642723200.0,1786276511.0323775,1,2.5357,0.3328,1.704,2.836,0.124,1.024,NOMINAL,NOMINAL,NORMAL,0,
1642724100.0,1786276511.1538875,1,3.0638,0.3097,,1.094,0.0319,0.265,NOMINAL,NOMINAL,NORMAL,0,
1642725000.0,1786276511.2812796,1,3.208,0.3727,,2.096,0.1563,1.379,NOMINAL,NOMINAL,NORMAL,0,
1642725900.0,1786276511.4048455,1,2.7619,0.3436,,2.005,0.1082,0.794,NOMINAL,NOMINAL,TRIGGERED,1,omni_p6
1642726800.0,1786276511.5339088,1,3.1657,0.3846,,2.446,0.1872,3.551,NOMINAL,PRE_ALERT,TRIGGERED,2,omni_p6
1642727700.0,1786276511.659007,1,3.0651,0.375,,2.665,0.1828,3.31,PRE_ALERT,NOMINAL,NORMAL,0,
1642728600.0,1786276511.7802246,1,2.5488,0.3518,,2.366,0.0891,0.702,NOMINAL,NOMINAL,NORMAL,0,
1642729500.0,1786276511.9042068,1,2.3853,0.312,,2.066,0.0821,0.639,NOMINAL,NOMINAL,NORMAL,0,
1642730400.0,1786276512.0285358,1,2.0851,0.2985,,1.694,0.0745,0.651,NOMINAL,NOMINAL,NORMAL,0,
1642731300.0,1786276512.1552372,1,2.6426,0.2951,,2.588,0.1099,0.829,NOMINAL,NOMINAL,NORMAL,0,
1642732200.0,1786276512.2806451,1,2.8026,0.3634,,2.189,0.106,0.998,NOMINAL,NOMINAL,TRIGGERED,1,omni_p6
1642733100.0,1786276512.408173,1,2.6576,0.336,,2.396,0.1765,3.49,NOMINAL,PRE_ALERT,TRIGGERED,2,omni_p6
1642734000.0,1786276512.5345273,1,3.1451,0.3761,,3.042,0.1884,3.422,PRE_ALERT,NOMINAL,NORMAL,0,
1642734900.0,1786276512.655381,1,2.6813,0.3535,,2.579,0.0959,0.744,NOMINAL,NOMINAL,NORMAL,0,
1642735800.0,1786276512.780914,1,2.9569,0.3643,,2.521,0.1099,0.874,NOMINAL,NOMINAL,NORMAL,0,
1642736700.0,1786276512.9054365,1,2.7496,0.3362,,2.249,0.0983,0.718,NOMINAL,NOMINAL,NORMAL,0,
1642737600.0,1786276513.0296438,1,2.352,0.3152,,2.346,0.0863,0.627,NOMINAL,NOMINAL,NORMAL,0,
1642738500.0,1786276513.153721,1,1.5507,0.2365,,1.995,0.1187,1.373,NOMINAL,NOMINAL,TRIGGERED,1,omni_p6
1642739400.0,1786276513.2810316,1,3.2625,0.3703,,2.28,0.0961,0.765,NOMINAL,NOMINAL,NORMAL,0,
1642740300.0,1786276513.4051096,1,2.8589,0.3428,,2.138,0.0978,0.752,NOMINAL,NOMINAL,NORMAL,0,
1642741200.0,1786276513.530344,1,2.8241,0.3495,,2.205,0.0932,0.774,NOMINAL,NOMINAL,NORMAL,0,
1642742100.0,1786276513.6546056,1,2.3613,0.3334,,2.279,0.078,0.621,NOMINAL,NOMINAL,NORMAL,0,
1642743000.0,1786276513.7792912,1,2.1144,0.3668,,2.438,0.0734,0.626,NOMINAL,NOMINAL,NORMAL,0,
1642743900.0,1786276513.9040558,1,2.3007,0.307,,2.058,0.0736,0.608,NOMINAL,NOMINAL,NORMAL,0,
1642744800.0,1786276514.0291848,1,2.1831,0.3134,,2.325,0.077,0.6,NOMINAL,NOMINAL,NORMAL,0,
1642745700.0,1786276514.1565657,1,3.1735,0.3788,,2.605,0.1272,0.934,NOMINAL,NOMINAL,NORMAL,0,
1642746600.0,1786276514.2805014,1,2.8992,0.3598,,2.244,0.1064,0.833,NOMINAL,NOMINAL,NORMAL,0,
1642747500.0,1786276514.4054806,1,2.7674,0.3465,,2.343,0.1027,0.737,NOMINAL,NOMINAL,NORMAL,0,
1642748400.0,1786276514.529094,1,2.294,0.2905,,1.672,0.0561,0.516,NOMINAL,NOMINAL,NORMAL,0,
1642749300.0,1786276514.660497,1,4.2262,0.4528,,3.602,0.1329,1.206,NOMINAL,NOMINAL,NORMAL,0,
1642750200.0,1786276514.7819996,1,3.5428,0.4074,,2.465,0.1008,0.787,NOMINAL,NOMINAL,NORMAL,0,
1642751100.0,1786276514.9051259,1,3.0071,0.3574,,2.014,0.0818,0.668,NOMINAL,NOMINAL,NORMAL,0,
1642752000.0,1786276515.029433,1,2.5709,0.3382,,1.795,0.074,0.6,NOMINAL,NOMINAL,NORMAL,0,
1642752900.0,1786276515.1510947,1,1.2371,0.2342,,0.979,0.0438,0.384,NOMINAL,NOMINAL,NORMAL,0,
1642753800.0,1786276515.2816997,1,3.3903,0.3925,,2.396,0.1049,0.898,NOMINAL,NOMINAL,NORMAL,0,
1642754700.0,1786276515.4055882,1,2.9093,0.3877,,2.319,0.0915,0.7,NOMINAL,NOMINAL,TRIGGERED,1,omni_p6
1642755600.0,1786276515.530136,1,2.7715,0.3491,,1.955,0.0868,0.695,NOMINAL,NOMINAL,NORMAL,0,
1642756500.0,1786276515.6599011,1,3.9577,0.4564,,3.635,0.1379,1.173,NOMINAL,NOMINAL,NORMAL,0,
1642757400.0,1786276515.7828078,1,3.5887,0.4154,,3.21,0.1026,0.826,NOMINAL,NOMINAL,NORMAL,0,
1642758300.0,1786276515.9042957,1,2.841,0.3567,,1.469,0.0815,0.687,NOMINAL,NOMINAL,NORMAL,0,
1642759200.0,1786276516.0298786,1,2.5127,0.3389,,2.209,0.0768,0.612,NOMINAL,NOMINAL,NORMAL,0,
1642760100.0,1786276516.1559353,1,2.8157,0.2813,,2.745,0.091,0.796,NOMINAL,NOMINAL,TRIGGERED,1,omni_p6
1642761000.0,1786276516.284787,1,3.4831,0.3906,,2.923,0.191,3.524,NOMINAL,PRE_ALERT,TRIGGERED,2,omni_p6
1642761900.0,1786276516.4083025,1,3.1124,0.3713,,2.36,0.1834,3.421,PRE_ALERT,NOMINAL,NORMAL,0,
1642762800.0,1786276516.5264833,1,1.4102,0.2125,,0.932,0.0429,0.588,NOMINAL,NOMINAL,NORMAL,0,
1642763700.0,1786276516.6543503,1,2.4769,0.3371,,2.004,0.0988,0.652,NOMINAL,NOMINAL,NORMAL,0,
1642764600.0,1786276516.7793207,1,2.409,0.3396,,2.029,0.0797,0.646,NOMINAL,NOMINAL,NORMAL,0,
1642765500.0,1786276516.9033916,1,2.4025,0.3041,,1.442,0.074,0.596,NOMINAL,NOMINAL,NORMAL,0,
1642766400.0,1786276517.0297618,1,2.4822,0.3248,,2.425,0.0881,0.737,NOMINAL,NOMINAL,TRIGGERED,1,omni_p6
1642767300.0,1786276517.1560197,1,2.2155,0.3012,,1.632,0.1493,3.17,NOMINAL,PRE_ALERT,TRIGGERED,2,omni_p6
1642768200.0,1786276517.2869344,1,4.3175,0.4337,,3.173,0.2056,3.591,PRE_ALERT,NOMINAL,NORMAL,0,
1642769100.0,1786276517.4067883,1,3.5912,0.4125,,2.354,0.1236,0.778,NOMINAL,NOMINAL,NORMAL,0,
1642770000.0,1786276517.5302203,1,2.8703,0.3404,,1.942,0.0983,0.763,NOMINAL,NOMINAL,NORMAL,0,
1642770900.0,1786276517.6558566,1,2.9322,0.3673,,2.408,0.0974,0.795,NOMINAL,NOMINAL,NORMAL,0,
1642771800.0,1786276517.7811666,1,3.1336,0.37,,2.509,0.1184,0.803,NOMINAL,NOMINAL,NORMAL,0,
1642772700.0,1786276517.90523,1,2.8642,0.3547,,2.295,0.0866,0.696,NOMINAL,NOMINAL,TRIGGERED,1,omni_p6
1642773600.0,1786276518.0315661,1,2.2713,0.3175,,1.882,0.1498,3.138,NOMINAL,PRE_ALERT,TRIGGERED,2,omni_p6
1642774500.0,1786276518.1585217,1,3.2728,0.3561,,2.47,0.1651,3.248,PRE_ALERT,NOMINAL,NORMAL,0,
1642775400.0,1786276518.283417,1,3.8352,0.4292,,2.841,0.1226,0.946,NOMINAL,NOMINAL,NORMAL,0,
1642776300.0,1786276518.4070036,1,3.2285,0.3931,,3.062,0.1049,0.769,NOMINAL,NOMINAL,NORMAL,0,
1642777200.0,1786276518.529726,1,2.3857,0.3203,,2.193,0.0917,0.632,NOMINAL,NOMINAL,NORMAL,0,
1642778100.0,1786276518.6552453,1,2.624,0.3788,,2.297,0.0964,0.655,NOMINAL,NOMINAL,NORMAL,0,
1642779000.0,1786276518.7799916,1,2.4836,0.3314,,2.384,0.088,0.69,NOMINAL,NOMINAL,TRIGGERED,1,omni_p6
1642779900.0,1786276518.904698,1,2.6205,0.341,,2.148,0.082,0.695,NOMINAL,NOMINAL,NORMAL,0,
1642780800.0,1786276519.0296094,1,2.2774,0.2763,,2.383,0.0794,0.594,NOMINAL,NOMINAL,NORMAL,0,
1642781700.0,1786276519.1542737,1,2.4332,0.2987,,2.139,0.0829,0.589,NOMINAL,NOMINAL,NORMAL,0,
1642782600.0,1786276519.2834182,1,3.6107,0.3984,,3.107,0.1237,0.961,NOMINAL,NOMINAL,NORMAL,0,
1642783500.0,1786276519.4063509,1,3.0741,0.3386,,2.821,0.0977,0.777,NOMINAL,NOMINAL,NORMAL,0,
1642784400.0,1786276519.5282252,1,1.7542,0.1969,,1.628,0.0514,0.472,NOMINAL,NOMINAL,NORMAL,0,
1642785300.0,1786276519.6604981,1,4.2568,0.4362,,3.865,0.1313,1.085,NOMINAL,NOMINAL,NORMAL,0,
1642786200.0,1786276519.7817185,1,3.3547,0.3765,,2.756,0.1049,0.758,NOMINAL,NOMINAL,NORMAL,0,
1642787100.0,1786276519.9043815,1,2.8575,0.334,,1.484,0.0844,0.677,NOMINAL,NOMINAL,NORMAL,0,
1642788000.0,1786276520.029857,1,2.6612,0.3139,,1.955,0.0808,0.63,NOMINAL,NOMINAL,NORMAL,0,
1642788900.0,1786276520.1545486,1,2.4916,0.3101,,2.017,0.0779,0.559,NOMINAL,NOMINAL,NORMAL,0,
1642789800.0,1786276520.2833407,1,3.594,0.3837,,3.003,0.1119,1.021,NOMINAL,NOMINAL,NORMAL,0,
1642790700.0,1786276520.4058747,1,3.0811,0.3643,,2.266,0.0967,0.676,NOMINAL,NOMINAL,NORMAL,0,
1642791600.0,1786276520.5305905,1,2.896,0.3499,,2.167,0.0979,0.684,NOMINAL,NOMINAL,NORMAL,0,
1642792500.0,1786276520.6604397,1,4.3115,0.4414,,3.639,0.1226,1.09,NOMINAL,NOMINAL,NORMAL,0,
1642793400.0,1786276520.78211,1,3.6308,0.3886,,2.488,0.0963,0.79,NOMINAL,NOMINAL,NORMAL,0,
1642794300.0,1786276520.9047117,1,2.9845,0.3301,,1.598,0.0881,0.71,NOMINAL,NOMINAL,NORMAL,0,
1642795200.0,1786276521.0294266,1,2.4493,0.3118,,1.829,0.072,0.635,NOMINAL,NOMINAL,NORMAL,0,
1642796100.0,1786276521.153961,1,2.2309,0.3005,,2.11,0.0869,0.619,NOMINAL,NOMINAL,NORMAL,0,
1642797000.0,1786276521.283939,1,3.7587,0.3812,,3.178,0.1277,1.065,NOMINAL,NOMINAL,NORMAL,0,
1642797900.0,1786276521.4050775,1,2.8626,0.3318,,2.106,0.0929,0.742,NOMINAL,NOMINAL,NORMAL,0,
1642798800.0,1786276521.5296094,1,2.6352,0.3034,,2.051,0.0839,0.694,NOMINAL,NOMINAL,NORMAL,0,
1642799700.0,1786276521.655231,1,2.6786,0.3626,,2.305,0.0846,0.692,NOMINAL,NOMINAL,TRIGGERED,1,omni_p6
1642800600.0,1786276521.7790003,1,2.2351,0.3927,,1.945,0.0705,0.623,NOMINAL,NOMINAL,NORMAL,0,
1642801500.0,1786276521.9036667,1,2.3622,0.2933,,1.483,0.062,0.578,NOMINAL,NOMINAL,NORMAL,0,
1642802400.0,1786276522.0285733,1,2.0566,0.2881,,1.838,0.1169,0.617,NOMINAL,NOMINAL,NORMAL,0,
1642803300.0,1786276522.153898,1,2.1595,0.279,,2.209,0.0817,0.57,NOMINAL,NOMINAL,NORMAL,0,
1642804200.0,1786276522.281596,1,3.0243,0.3574,,2.759,0.1039,0.907,NOMINAL,NOMINAL,NORMAL,0,
1642805100.0,1786276522.4067047,1,3.1663,0.3702,,2.714,0.0984,0.865,NOMINAL,NOMINAL,TRIGGERED,1,omni_p6
1642806000.0,1786276522.5320892,1,2.4761,0.3195,,1.947,0.1646,3.381,NOMINAL,PRE_ALERT,TRIGGERED,2,omni_p6
1642806900.0,1786276522.6587675,1,3.0714,0.3426,,2.521,0.1981,3.43,PRE_ALERT,NOMINAL,NORMAL,0,
1642807800.0,1786276522.7819166,1,3.1552,0.3703,,3.274,0.1166,0.911,NOMINAL,NOMINAL,NORMAL,0,
1642808700.0,1786276522.904609,1,2.6816,0.3278,,2.054,0.1314,0.77,NOMINAL,NOMINAL,NORMAL,0,
1642809600.0,1786276523.0312798,1,2.32,0.3422,1.7605,2.3,0.0978,0.706,NOMINAL,NOMINAL,NORMAL,0,
1642810500.0,1786276523.1550195,1,3.0264,0.3449,,1.749,0.0974,0.716,NOMINAL,NOMINAL,NORMAL,0,
1642811400.0,1786276523.276705,1,1.4935,0.2256,,1.099,0.0437,0.382,NOMINAL,NOMINAL,TRIGGERED,1,omni_p6
1642812300.0,1786276523.4099429,1,3.3078,0.3575,,2.662,0.1897,3.725,NOMINAL,PRE_ALERT,TRIGGERED,2,omni_p6
1642813200.0,1786276523.5356266,1,3.8099,0.3913,,2.927,0.1857,3.419,PRE_ALERT,NOMINAL,NORMAL,0,
1642814100.0,1786276523.6564395,1,3.3297,0.3649,,2.195,0.1049,0.788,NOMINAL,NOMINAL,NORMAL,0,
1642815000.0,1786276523.7796986,1,2.6421,0.3191,,1.955,0.0834,0.606,NOMINAL,NOMINAL,NORMAL,0,
1642815900.0,1786276523.9039578,1,2.5961,0.2988,,1.576,0.0818,0.574,NOMINAL,NOMINAL,NORMAL,0,
1642816800.0,1786276524.0289505,1,2.2853,0.2889,,1.772,0.0711,0.556,NOMINAL,NOMINAL,NORMAL,0,
1642817700.0,1786276524.1541123,1,2.3831,0.2993,,1.817,0.0739,0.608,NOMINAL,NOMINAL,TRIGGERED,1,omni_p6
1642818600.0,1786276524.2807953,1,2.8445,0.3131,,2.154,0.0845,0.724,NOMINAL,NOMINAL,NORMAL,0,
1642819500.0,1786276524.4058218,1,2.9423,0.3582,,2.186,0.112,0.736,NOMINAL,NOMINAL,NORMAL,0,
1642820400.0,1786276524.5278938,1,1.8422,0.2627,,1.682,0.0623,0.536,NOMINAL,NOMINAL,NORMAL,0,
1642821300.0,1786276524.660104,1,4.3563,0.439,,3.693,0.1338,1.099,NOMINAL,NOMINAL,NORMAL,0,
1642822200.0,1786276524.7812517,1,3.4078,0.3716,,2.193,0.1016,0.807,NOMINAL,NOMINAL,NORMAL,0,
1642823100.0,1786276524.9052463,1,2.8306,0.339,,2.486,0.0808,0.673,NOMINAL,NOMINAL,NORMAL,0,
1642824000.0,1786276525.0303562,1,2.5075,0.3188,,2.66,0.0718,0.584,NOMINAL,NOMINAL,TRIGGERED,1,omni_p6
1642824900.0,1786276525.1546445,1,2.3036,0.3081,,2.414,0.0746,0.593,NOMINAL,NOMINAL,NORMAL,0,
1642825800.0,1786276525.2780805,1,2.4182,0.2447,,0.774,0.0282,0.271,NOMINAL,NOMINAL,NORMAL,0,
1642826700.0,1786276525.4083083,1,3.4297,0.3639,,3.572,0.1168,0.935,NOMINAL,NOMINAL,NORMAL,0,
1642827600.0,1786276525.5316715,1,3.0001,0.4009,,2.748,0.0887,0.708,NOMINAL,NOMINAL,NORMAL,0,
1642828500.0,1786276525.6610494,1,4.317,0.7359,,3.58,0.2347,1.247,NOMINAL,NOMINAL,NORMAL,0,
1642829400.0,1786276525.7815568,1,3.2745,0.3494,,2.619,0.0897,0.699,NOMINAL,NOMINAL,NORMAL,0,
1642830300.0,1786276525.9045298,1,2.8365,0.3343,,1.548,0.0805,0.659,NOMINAL,NOMINAL,NORMAL,0,
1642831200.0,1786276526.0299888,1,2.4984,0.3158,,1.965,0.084,0.631,NOMINAL,NOMINAL,NORMAL,0,
1642832100.0,1786276526.1544783,1,2.3597,0.2965,,2.227,0.0843,0.583,NOMINAL,NOMINAL,NORMAL,0,
1642833000.0,1786276526.2792208,1,2.3701,0.2853,,1.808,0.0769,0.576,NOMINAL,NOMINAL,NORMAL,0,
1642833900.0,1786276526.4100275,1,4.2614,0.4514,,3.507,0.1368,0.99,NOMINAL,NOMINAL,NORMAL,0,
1642834800.0,1786276526.5300615,1,2.8773,0.3316,,2.022,0.0973,0.73,NOMINAL,NOMINAL,NORMAL,0,
1642835700.0,1786276526.6561708,1,3.0917,0.3584,,2.344,0.1105,0.879,NOMINAL,NOMINAL,NORMAL,0,
1642836600.0,1786276526.7798777,1,2.6487,0.3235,,2.118,0.0906,0.68,NOMINAL,NOMINAL,NORMAL,0,
1642837500.0,1786276526.90398,1,2.519,0.3088,,1.528,0.0901,0.654,NOMINAL,NOMINAL,NORMAL,0,
1642838400.0,1786276527.0290534,1,2.3103,0.3023,,2.003,0.0822,0.563,NOMINAL,NOMINAL,NORMAL,0,
1642839300.0,1786276527.1538646,1,2.1673,0.2859,,2.114,0.0744,0.581,NOMINAL,NOMINAL,TRIGGERED,1,omni_p6
1642840200.0,1786276527.2816126,1,2.0831,0.3413,,1.911,0.1444,3.435,NOMINAL,PRE_ALERT,TRIGGERED,2,omni_p6
1642841100.0,1786276527.4113367,1,3.6429,0.3799,,3.538,0.1996,3.724,PRE_ALERT,NOMINAL,NORMAL,0,
1642842000.0,1786276527.5327969,1,3.8618,0.408,,2.428,0.1639,0.907,NOMINAL,NOMINAL,NORMAL,0,
1642842900.0,1786276527.6512883,1,1.2052,0.2225,,1.166,0.0399,0.37,NOMINAL,NOMINAL,NORMAL,0,
1642843800.0,1786276527.781899,1,3.2128,0.3765,,3.041,0.1211,0.922,NOMINAL,NOMINAL,NORMAL,0,
1642844700.0,1786276527.9049425,1,3.29,0.3477,,1.63,0.0923,0.772,NOMINAL,NOMINAL,NORMAL,0,
1642845600.0,1786276528.0289621,1,2.2812,0.3052,,2.013,0.0763,0.651,NOMINAL,NOMINAL,TRIGGERED,1,omni_p6
1642846500.0,1786276528.154162,1,2.3229,0.3134,,2.082,0.0864,0.649,NOMINAL,NOMINAL,NORMAL,0,
1642847400.0,1786276528.2788448,1,2.1385,0.3376,,1.93,0.0792,0.627,NOMINAL,NOMINAL,NORMAL,0,
1642848300.0,1786276528.406746,1,3.2354,0.3574,,2.652,0.0911,0.712,NOMINAL,NOMINAL,NORMAL,0,
1642849200.0,1786276528.5324326,1,3.4213,0.3721,,2.61,0.101,0.83,NOMINAL,NOMINAL,NORMAL,0,
1642850100.0,1786276528.6539538,1,2.4212,0.267,,1.662,0.0689,0.68,NOMINAL,NOMINAL,NORMAL,0,
1642851000.0,1786276528.7795892,1,2.6548,0.331,,1.9,0.0715,0.638,NOMINAL,NOMINAL,NORMAL,0,
1642851900.0,1786276528.9038625,1,2.5778,0.3392,,1.456,0.0662,0.606,NOMINAL,NOMINAL,TRIGGERED,1,omni_p6
1642852800.0,1786276529.0288723,1,2.3844,0.3095,,1.728,0.0635,0.57,NOMINAL,NOMINAL,NORMAL,0,
1642853700.0,1786276529.1534567,1,2.1985,0.2991,,1.575,0.0696,0.536,NOMINAL,NOMINAL,NORMAL,0,
1642854600.0,1786276529.2784948,1,2.069,0.4961,,1.71,0.0623,0.534,NOMINAL,NOMINAL,NORMAL,0,
1642855500.0,1786276529.4066155,1,3.0938,0.346,,2.648,0.1156,0.974,NOMINAL,NOMINAL,NORMAL,0,
1642856400.0,1786276529.529074,1,2.2081,0.2405,,1.669,0.0532,0.52,NOMINAL,NOMINAL,NORMAL,0,
1642857300.0,1786276529.659983,1,4.1355,0.4354,,3.561,0.1197,0.966,NOMINAL,NOMINAL,TRIGGERED,1,omni_p6
1642858200.0,1786276529.7849905,1,3.5116,0.3678,,2.865,0.174,3.474,NOMINAL,PRE_ALERT,TRIGGERED,2,omni_p6
1642859100.0,1786276529.908355,1,3.5197,0.3777,,1.796,0.1877,3.196,PRE_ALERT,NOMINAL,NORMAL,0,
1642860000.0,1786276530.0299213,1,2.7777,0.3488,,1.777,0.0841,0.66,NOMINAL,NOMINAL,NORMAL,0,
1642860900.0,1786276530.1548343,1,2.3534,0.3158,,2.634,0.0758,0.62,NOMINAL,NOMINAL,NORMAL,0,
1642861800.0,1786276530.2793853,1,2.4665,0.3137,,1.729,0.0775,0.613,NOMINAL,NOMINAL,NORMAL,0,
1642862700.0,1786276530.4067063,1,3.0343,0.3583,,2.418,0.1087,1.059,NOMINAL,NOMINAL,NORMAL,0,
1642863600.0,1786276530.531545,1,2.9815,0.3928,,2.506,0.1078,0.811,NOMINAL,NOMINAL,TRIGGERED,1,omni_p6
1642864500.0,1786276530.6637232,1,4.2651,0.4586,,3.679,0.2056,3.841,NOMINAL,PRE_ALERT,TRIGGERED,2,omni_p6
1642865400.0,1786276530.7866282,1,4.3344,0.4358,,2.964,0.1968,3.457,PRE_ALERT,NOMINAL,NORMAL,0,
1642866300.0,1786276530.905967,1,3.3671,0.6286,,1.852,0.0958,0.773,NOMINAL,NOMINAL,NORMAL,0,
1642867200.0,1786276531.03026,1,2.6602,0.3353,,2.119,0.0864,0.649,NOMINAL,NOMINAL,NORMAL,0,
1642868100.0,1786276531.1542308,1,2.4291,0.3074,,1.94,0.0842,0.599,NOMINAL,NOMINAL,NORMAL,0,
1642869000.0,1786276531.2799346,1,2.5795,0.3351,,2.025,0.0824,0.627,NOMINAL,NOMINAL,NORMAL,0,
1642869900.0,1786276531.4015436,1,1.4296,0.2614,,0.981,0.0404,0.374,NOMINAL,NOMINAL,NORMAL,0,
1642870800.0,1786276531.5311224,1,2.8052,0.3363,,2.416,0.104,0.816,NOMINAL,NOMINAL,NORMAL,0,
1642871700.0,1786276531.655574,1,2.9232,0.3423,,2.133,0.0964,0.698,NOMINAL,NOMINAL,NORMAL,0,
1642872600.0,1786276531.7806926,1,2.9679,0.3339,,2.055,0.0801,0.671,NOMINAL,NOMINAL,NORMAL,0,
1642873500.0,1786276531.904579,1,2.61,0.49,,1.77,0.1233,0.687,NOMINAL,NOMINAL,NORMAL,0,
1642874400.0,1786276532.0302715,1,2.5673,0.3378,,2.172,0.0957,0.664,NOMINAL,NOMINAL,NORMAL,0,
1642875300.0,1786276532.154402,1,2.3446,0.3009,,2.203,0.0725,0.557,NOMINAL,NOMINAL,NORMAL,0,
1642876200.0,1786276532.279206,1,2.4058,0.307,,1.727,0.0756,0.543,NOMINAL,NOMINAL,NORMAL,0,
1642877100.0,1786276532.4010992,1,0.91,0.1288,,0.736,0.0291,0.31,NOMINAL,NOMINAL,NORMAL,0,
1642878000.0,1786276532.5305312,1,2.7239,0.3198,,2.128,0.0963,0.798,NOMINAL,NOMINAL,NORMAL,0,
1642878900.0,1786276532.6586978,1,3.3867,0.3719,,2.506,0.1111,1.877,NOMINAL,NOMINAL,NORMAL,0,
1642879800.0,1786276532.7824585,1,3.5066,0.3879,,2.686,0.1233,0.951,NOMINAL,NOMINAL,NORMAL,0,
1642880700.0,1786276532.9050727,1,3.0103,0.352,,1.707,0.1034,0.74,NOMINAL,NOMINAL,NORMAL,0,
1642881600.0,1786276533.0299277,1,2.572,0.3267,,1.86,0.0845,0.796,NOMINAL,NOMINAL,NORMAL,0,
1642882500.0,1786276533.1554995,1,2.6805,0.3337,,2.009,0.0993,0.767,NOMINAL,NOMINAL,NORMAL,0,
1642883400.0,1786276533.2798002,1,2.6055,0.3235,,1.836,0.101,0.721,NOMINAL,NOMINAL,NORMAL,0,
1642884300.0,1786276533.4050255,1,2.6209,0.2459,,1.989,0.1061,0.732,NOMINAL,NOMINAL,TRIGGERED,1,omni_p6
1642885200.0,1786276533.5310552,1,2.8578,0.3411,,2.395,0.0968,0.787,NOMINAL,NOMINAL,NORMAL,0,
1642886100.0,1786276533.654199,1,1.8971,0.219,,1.638,0.0578,1.137,NOMINAL,NOMINAL,NORMAL,0,
1642887000.0,1786276533.786561,1,4.4058,0.4577,,3.754,0.1278,1.213,NOMINAL,NOMINAL,NORMAL,0,
1642887900.0,1786276533.906209,1,3.5402,0.3943,,1.868,0.0881,0.782,NOMINAL,NOMINAL,NORMAL,0,
1642888800.0,1786276534.0299392,1,2.6545,0.3324,,1.93,0.0743,0.643,NOMINAL,NOMINAL,NORMAL,0,
1642889700.0,1786276534.1541412,1,2.4575,0.3126,,1.804,0.0709,0.577,NOMINAL,NOMINAL,NORMAL,0,
1642890600.0,1786276534.2793343,1,2.4589,0.3232,,1.761,0.0714,0.598,NOMINAL,NOMINAL,TRIGGERED,1,omni_p6
1642891500.0,1786276534.401498,1,1.2423,0.1243,,0.652,0.0269,0.235,NOMINAL,NOMINAL,NORMAL,0,
1642892400.0,1786276534.5293283,1,2.0788,0.2509,,1.717,0.1309,1.025,NOMINAL,NOMINAL,NORMAL,0,
1642893300.0,1786276534.660738,1,4.258,0.4388,,3.707,0.1262,1.386,NOMINAL,NOMINAL,NORMAL,0,
1642894200.0,1786276534.781718,1,3.5073,0.3886,,2.243,0.0981,0.99,NOMINAL,NOMINAL,NORMAL,0,
1642895100.0,1786276534.905722,1,3.0657,0.3746,,1.737,0.084,1.3,NOMINAL,NOMINAL,NORMAL,0,
1642896000.0,1786276535.0322485,1,2.7655,0.3292,1.8177,2.062,0.0787,1.019,NOMINAL,NOMINAL,NORMAL,0,
1642896900.0,1786276535.1543353,1,2.8058,0.3808,,1.489,0.0821,0.593,NOMINAL,NOMINAL,TRIGGERED,1,omni_p6
1642897800.0,1786276535.2798686,1,2.5198,0.3378,,2.093,0.0867,0.66,NOMINAL,NOMINAL,NORMAL,0,
1642898700.0,1786276535.4046638,1,2.3381,0.2733,,2.094,0.1996,0.744,NOMINAL,NOMINAL,NORMAL,0,
1642899600.0,1786276535.5315168,1,3.2472,0.3722,,2.399,0.1138,0.972,NOMINAL,NOMINAL,NORMAL,0,
1642900500.0,1786276535.660699,1,4.1889,0.4303,,3.701,0.1281,1.261,NOMINAL,NOMINAL,NORMAL,0,
1642901400.0,1786276535.7810793,1,3.1434,0.3691,,2.535,0.114,0.88,NOMINAL,NOMINAL,NORMAL,0,
1642902300.0,1786276535.9043097,1,2.7749,0.3147,,1.585,0.0939,0.774,NOMINAL,NOMINAL,TRIGGERED,1,omni_p6
1642903200.0,1786276536.031688,1,2.2173,0.2893,,2.165,0.1582,3.294,NOMINAL,PRE_ALERT,TRIGGERED,2,omni_p6
1642904100.0,1786276536.1575305,1,2.7487,0.3238,,2.184,0.173,3.318,PRE_ALERT,NOMINAL,NORMAL,0,
1642905000.0,1786276536.2797446,1,2.5791,0.3287,,2.097,0.0912,0.722,NOMINAL,NOMINAL,NORMAL,0,
1642905900.0,1786276536.4032564,1,1.5596,0.3806,,2.206,0.0952,0.709,NOMINAL,NOMINAL,NORMAL,0,
1642906800.0,1786276536.5308661,1,2.8614,0.3382,,2.303,0.098,0.772,NOMINAL,NOMINAL,NORMAL,0,
1642907700.0,1786276536.656248,1,2.8985,0.3523,,2.387,0.1061,0.974,NOMINAL,NOMINAL,NORMAL,0,
1642908600.0,1786276536.7804847,1,2.817,0.3454,,2.226,0.1086,0.882,NOMINAL,NOMINAL,TRIGGERED,1,omni_p6
1642909500.0,1786276536.906504,1,2.5213,0.3273,,1.558,0.15,3.152,NOMINAL,PRE_ALERT,TRIGGERED,2,omni_p6
1642910400.0,1786276537.0324447,1,2.744,0.3331,,2.169,0.1711,3.275,PRE_ALERT,NOMINAL,NORMAL,0,
1642911300.0,1786276537.1537716,1,2.4471,0.3255,,1.647,0.0732,0.571,NOMINAL,NOMINAL,NORMAL,0,
1642912200.0,1786276537.279028,1,2.2423,0.3256,,1.814,0.0765,0.604,NOMINAL,NOMINAL,NORMAL,0,
1642913100.0,1786276537.4011075,1,1.6952,0.1437,,0.621,0.0263,0.228,NOMINAL,NOMINAL,NORMAL,0,
1642914000.0,1786276537.5315607,1,3.1037,0.3775,,2.527,0.1088,0.853,NOMINAL,NOMINAL,NORMAL,0,
1642914900.0,1786276537.6556249,1,2.7802,0.3874,,2.411,0.1079,0.902,NOMINAL,NOMINAL,NORMAL,0,
1642915800.0,1786276537.782281,1,3.5205,0.3922,,2.811,0.1281,1.051,NOMINAL,NOMINAL,NORMAL,0,
1642916700.0,1786276537.9055717,1,3.0532,0.343,,2.148,0.1005,1.016,NOMINAL,NOMINAL,NORMAL,0,
1642917600.0,1786276538.0292296,1,2.4228,0.3171,,1.818,0.0825,0.687,NOMINAL,NOMINAL,NORMAL,0,
1642918500.0,1786276538.1535838,1,2.2903,0.297,,1.692,0.089,0.612,NOMINAL,NOMINAL,NORMAL,0,
1642919400.0,1786276538.2805164,1,2.6131,0.3182,,2.699,0.0969,0.865,NOMINAL,NOMINAL,NORMAL,0,
1642920300.0,1786276538.404642,1,2.4186,0.2494,,2.154,0.118,0.735,NOMINAL,NOMINAL,NORMAL,0,
1642921200.0,1786276538.5314665,1,3.0308,0.3424,,2.62,0.111,0.787,NOMINAL,NOMINAL,NORMAL,0,
1642922100.0,1786276538.6551828,1,2.5085,0.3155,,2.513,0.0954,0.833,NOMINAL,NOMINAL,NORMAL,0,
1642923000.0,1786276538.7776752,1,1.4728,0.2222,,1.586,0.1172,0.901,NOMINAL,NOMINAL,NORMAL,0,
1642923900.0,1786276538.9045737,1,2.6101,0.3096,,2.051,0.0985,0.783,NOMINAL,NOMINAL,NORMAL,0,
1642924800.0,1786276539.0293562,1,2.2692,0.2916,,2.389,0.0804,0.621,NOMINAL,NOMINAL,TRIGGERED,1,omni_p6
1642925700.0,1786276539.1549127,1,2.3248,0.3068,,2.757,0.1013,0.715,NOMINAL,NOMINAL,NORMAL,0,
1642926600.0,1786276539.2787838,1,2.1484,0.3376,,1.867,0.0864,0.671,NOMINAL,NOMINAL,NORMAL,0,
1642927500.0,1786276539.4043047,1,2.1545,0.2909,,2.346,0.0993,0.78,NOMINAL,NOMINAL,NORMAL,0,
1642928400.0,1786276539.53427,1,3.8494,0.3693,,3.395,0.0325,0.298,NOMINAL,NOMINAL,NORMAL,0,
1642929300.0,1786276539.6589465,1,4.2209,0.4426,,2.777,0.1154,0.931,NOMINAL,NOMINAL,NORMAL,0,
1642930200.0,1786276539.7800252,1,3.0904,0.2965,,1.51,0.0335,0.431,NOMINAL,NOMINAL,NORMAL,0,
1642931100.0,1786276539.905003,1,3.1747,0.37,,1.606,0.0897,0.697,NOMINAL,NOMINAL,TRIGGERED,1,omni_p6
1642932000.0,1786276540.029923,1,2.7635,0.351,,2.116,0.0817,0.627,NOMINAL,NOMINAL,NORMAL,0,
1642932900.0,1786276540.1546578,1,2.2295,0.294,,2.17,0.0806,0.783,NOMINAL,NOMINAL,NORMAL,0,
1642933800.0,1786276540.2788796,1,2.1698,0.3476,,1.972,0.0782,0.647,NOMINAL,NOMINAL,NORMAL,0,
1642934700.0,1786276540.4033074,1,2.0105,0.2691,,1.706,0.0818,0.614,NOMINAL,NOMINAL,NORMAL,0,
1642935600.0,1786276540.5308688,1,2.8162,0.3249,,2.466,0.0994,0.897,NOMINAL,NOMINAL,NORMAL,0,
1642936500.0,1786276540.6586406,1,3.6685,0.3911,,3.596,0.1322,1.049,NOMINAL,NOMINAL,TRIGGERED,1,omni_p6
1642937400.0,1786276540.784603,1,3.9605,0.3322,,1.658,0.0843,2.291,NOMINAL,PRE_ALERT,TRIGGERED,2,omni_p6
1642938300.0,1786276540.9017065,1,1.1977,0.1483,,0.74,0.0509,1.189,PRE_ALERT,NOMINAL,NORMAL,0,
1642939200.0,1786276541.0350559,1,4.4427,0.4599,,2.882,0.1226,1.011,NOMINAL,NOMINAL,NORMAL,0,
1642940100.0,1786276541.1572876,1,3.7839,0.4093,,1.953,0.1121,0.74,NOMINAL,NOMINAL,NORMAL,0,
1642941000.0,1786276541.2811575,1,3.3905,0.3791,,1.926,0.1015,0.72,NOMINAL,NOMINAL,NORMAL,0,
1642941900.0,1786276541.4060307,1,3.0985,0.3516,,1.928,0.0971,0.665,NOMINAL,NOMINAL,NORMAL,0,
1642942800.0,1786276541.5320926,1,3.4285,0.3887,,2.259,0.1014,0.771,NOMINAL,NOMINAL,TRIGGERED,1,omni_p6
1642943700.0,1786276541.6578772,1,2.7232,0.4218,,2.125,0.1553,3.345,NOMINAL,PRE_ALERT,TRIGGERED,2,omni_p6
1642944600.0,1786276541.7872648,1,4.2247,0.4398,,2.958,0.3067,3.501,PRE_ALERT,NOMINAL,NORMAL,0,
1642945500.0,1786276541.9070477,1,4.0189,0.4374,,1.742,0.1093,0.806,NOMINAL,NOMINAL,NORMAL,0,
1642946400.0,1786276542.0304906,1,3.1937,0.3521,,1.681,0.1025,0.745,NOMINAL,NOMINAL,NORMAL,0,
1642947300.0,1786276542.1545463,1,2.7826,0.356,,1.523,0.0909,0.652,NOMINAL,NOMINAL,NORMAL,0,
1642948200.0,1786276542.2805252,1,3.0889,0.3393,,1.837,0.1028,0.79,NOMINAL,NOMINAL,NORMAL,0,
1642949100.0,1786276542.404554,1,2.8812,0.331,,1.474,0.088,0.714,NOMINAL,NOMINAL,TRIGGERED,1,omni_p6
1642950000.0,1786276542.5319076,1,3.2731,0.3674,,2.315,0.1033,0.825,NOMINAL,NOMINAL,NORMAL,0,
1642950900.0,1786276542.655592,1,3.1648,0.3576,,1.881,0.0992,0.708,NOMINAL,NOMINAL,NORMAL,0,
1642951800.0,1786276542.7866154,1,4.9351,0.5104,,3.552,0.1298,1.454,NOMINAL,NOMINAL,NORMAL,0,
1642952700.0,1786276542.9065928,1,3.9003,0.4371,,1.543,0.1062,0.806,NOMINAL,NOMINAL,NORMAL,0,
1642953600.0,1786276543.0300195,1,3.1597,0.3315,,1.565,0.0999,0.705,NOMINAL,NOMINAL,NORMAL,0,
1642954500.0,1786276543.1549513,1,2.9206,0.3409,,1.57,0.0933,0.686,NOMINAL,NOMINAL,NORMAL,0,
1642955400.0,1786276543.2803586,1,2.8036,0.3379,,2.266,0.0913,0.763,NOMINAL,NOMINAL,NORMAL,0,
1642956300.0,1786276543.4042993,1,2.6898,0.3142,,1.541,0.0859,0.716,NOMINAL,NOMINAL,NORMAL,0,
1642957200.0,1786276543.5289323,1,1.8312,0.3644,,2.192,0.1128,0.901,NOMINAL,NOMINAL,NORMAL,0,
1642958100.0,1786276543.654392,1,2.6271,0.3536,,1.518,0.0835,0.613,NOMINAL,NOMINAL,NORMAL,0,
1642959000.0,1786276543.7812464,1,3.1003,0.3546,,2.571,0.1035,0.789,NOMINAL,NOMINAL,NORMAL,0,
1642959900.0,1786276543.9064224,1,3.6461,0.4004,,1.78,0.0999,0.838,NOMINAL,NOMINAL,NORMAL,0,
1642960800.0,1786276544.0308576,1,3.2466,0.4128,,1.714,0.0915,0.702,NOMINAL,NOMINAL,NORMAL,0,
1642961700.0,1786276544.1547785,1,2.7884,0.3654,,1.868,0.0907,0.689,NOMINAL,NOMINAL,NORMAL,0,
1642962600.0,1786276544.2795808,1,2.7027,0.3225,,1.669,0.0844,0.625,NOMINAL,NOMINAL,NORMAL,0,
1642963500.0,1786276544.404983,1,2.6364,0.3263,,2.004,0.0813,0.626,NOMINAL,NOMINAL,NORMAL,0,
1642964400.0,1786276544.5332267,1,4.1222,0.4411,,3.289,0.1139,0.999,NOMINAL,NOMINAL,NORMAL,0,
1642965300.0,1786276544.6583786,1,4.0393,0.4272,,2.807,0.1158,0.852,NOMINAL,NOMINAL,NORMAL,0,
1642966200.0,1786276544.7820315,1,3.7638,0.4011,,2.135,0.1064,0.742,NOMINAL,NOMINAL,NORMAL,0,
1642967100.0,1786276544.9069502,1,3.8775,0.4502,,1.898,0.0982,0.827,NOMINAL,NOMINAL,NORMAL,0,
1642968000.0,1786276545.0303376,1,3.1723,0.3467,,1.702,0.1022,0.739,NOMINAL,NOMINAL,NORMAL,0,
1642968900.0,1786276545.1548984,1,2.8223,0.3671,,1.957,0.0926,0.653,NOMINAL,NOMINAL,NORMAL,0,
1642969800.0,1786276545.2800384,1,2.8187,0.3465,,1.723,0.0881,0.687,NOMINAL,NOMINAL,TRIGGERED,1,omni_p6
1642970700.0,1786276545.405446,1,2.8536,0.333,,2.108,0.0902,0.607,NOMINAL,NOMINAL,NORMAL,0,
1642971600.0,1786276545.530777,1,2.9587,0.3312,,1.947,0.0834,0.629,NOMINAL,NOMINAL,NORMAL,0,
1642972500.0,1786276545.660985,1,4.4483,0.5078,,3.548,0.1373,1.113,NOMINAL,NOMINAL,NORMAL,0,
1642973400.0,1786276545.782226,1,3.941,0.432,,2.132,0.1147,0.802,NOMINAL,NOMINAL,NORMAL,0,
1642974300.0,1786276545.9068615,1,3.9851,0.4533,,1.709,0.1136,0.844,NOMINAL,NOMINAL,NORMAL,0,
1642975200.0,1786276546.0307977,1,3.2851,0.4181,,1.787,0.0991,0.738,NOMINAL,NOMINAL,NORMAL,0,
1642976100.0,1786276546.155127,1,2.7474,0.3868,,2.109,0.0801,0.608,NOMINAL,NOMINAL,TRIGGERED,1,omni_p6
1642977000.0,1786276546.2797115,1,2.7162,0.3238,,1.773,0.0776,0.627,NOMINAL,NOMINAL,NORMAL,0,
1642977900.0,1786276546.4098604,1,4.1942,0.4338,,3.554,0.1303,0.984,NOMINAL,NOMINAL,NORMAL,0,
1642978800.0,1786276546.5266447,1,1.7333,0.2257,,0.916,0.041,0.375,NOMINAL,NOMINAL,NORMAL,0,
1642979700.0,1786276546.6565247,1,3.3232,0.3662,,1.851,0.1041,0.775,NOMINAL,NOMINAL,NORMAL,0,
1642980600.0,1786276546.7810714,1,3.3557,0.3511,,2.08,0.0889,0.682,NOMINAL,NOMINAL,NORMAL,0,
1642981500.0,1786276546.906412,1,3.6747,0.3896,,1.785,0.1093,0.785,NOMINAL,NOMINAL,TRIGGERED,1,omni_p6
1642982400.0,1786276547.035616,1,3.321,0.3534,1.8207,1.625,0.1789,3.684,NOMINAL,PRE_ALERT,TRIGGERED,2,omni_p6
1642983300.0,1786276547.158918,1,3.8099,0.3921,,1.858,0.2446,3.187,PRE_ALERT,NOMINAL,NORMAL,0,
1642984200.0,1786276547.2810702,1,3.4443,0.3668,,1.942,0.1064,0.719,NOMINAL,NOMINAL,NORMAL,0,
1642985100.0,1786276547.4058084,1,3.2505,0.347,,2.05,0.0836,0.63,NOMINAL,NOMINAL,NORMAL,0,
1642986000.0,1786276547.5302017,1,2.7639,0.275,,1.905,0.1112,0.694,NOMINAL,NOMINAL,NORMAL,0,
1642986900.0,1786276547.6560898,1,3.2871,0.3628,,1.986,0.0916,0.688,NOMINAL,NOMINAL,NORMAL,0,
1642987800.0,1786276547.7825632,1,3.799,0.364,,2.76,0.1133,0.808,NOMINAL,NOMINAL,TRIGGERED,1,omni_p6
1642988700.0,1786276547.9095898,1,3.8841,0.4097,,2.012,0.1841,3.426,NOMINAL,PRE_ALERT,TRIGGERED,2,omni_p6
1642989600.0,1786276548.0339472,1,3.67,0.395,,2.025,0.1716,3.182,PRE_ALERT,NOMINAL,NORMAL,0,
1642990500.0,1786276548.1556609,1,3.3523,0.3628,,1.808,0.0951,0.661,NOMINAL,NOMINAL,NORMAL,0,
1642991400.0,1786276548.280701,1,3.209,0.3622,,1.844,0.0961,0.734,NOMINAL,NOMINAL,NORMAL,0,
1642992300.0,1786276548.4052222,1,3.0985,0.3421,,1.596,0.0935,0.627,NOMINAL,NOMINAL,NORMAL,0,
1642993200.0,1786276548.530827,1,3.0685,0.2701,,1.702,0.0906,0.6,NOMINAL,NOMINAL,NORMAL,0,
1642994100.0,1786276548.6564457,1,3.3953,0.3646,,2.252,0.0906,0.77,NOMINAL,NOMINAL,TRIGGERED,1,omni_p6
1642995000.0,1786276548.7811534,1,3.4786,0.3731,,1.981,0.1041,0.763,NOMINAL,NOMINAL,NORMAL,0,
1642995900.0,1786276548.905476,1,3.5078,0.3723,,1.425,0.1021,0.744,NOMINAL,NOMINAL,NORMAL,0,
1642996800.0,1786276549.0314193,1,3.4945,0.4384,,2.06,0.1178,0.775,NOMINAL,NOMINAL,NORMAL,0,
1642997700.0,1786276549.1554418,1,3.093,0.3664,,1.949,0.1135,0.721,NOMINAL,NOMINAL,NORMAL,0,
1642998600.0,1786276549.2801578,1,3.0097,0.3392,,1.73,0.0974,0.704,NOMINAL,NOMINAL,NORMAL,0,
1642999500.0,1786276549.4047403,1,2.7601,0.3144,,1.923,0.093,0.662,NOMINAL,NOMINAL,NORMAL,0,
1643000400.0,1786276549.5329752,1,3.4436,0.5206,,3.354,0.1296,1.127,NOMINAL,NOMINAL,NORMAL,0,
1643001300.0,1786276549.6608658,1,4.4974,0.5023,,3.326,0.2047,1.077,NOMINAL,NOMINAL,NORMAL,0,
1643002200.0,1786276549.7807145,1,2.9552,0.3476,,2.389,0.179,0.938,NOMINAL,NOMINAL,NORMAL,0,
1643003100.0,1786276549.9039767,1,2.7515,0.3273,,1.647,0.114,0.84,NOMINAL,NOMINAL,NORMAL,0,
1643004000.0,1786276550.0314968,1,3.5356,0.3636,,2.578,0.112,0.853,NOMINAL,NOMINAL,NORMAL,0,
1643004900.0,1786276550.154378,1,2.8975,0.3224,,1.754,0.0837,0.612,NOMINAL,NOMINAL,NORMAL,0,
1643005800.0,1786276550.279157,1,2.4748,0.3103,,1.833,0.0855,0.626,NOMINAL,NOMINAL,NORMAL,0,
1643006700.0,1786276550.4035764,1,2.1986,0.2992,,1.819,0.0751,0.61,NOMINAL,NOMINAL,NORMAL,0,
1643007600.0,1786276550.5295868,1,2.3887,0.3049,,2.017,0.0913,0.703,NOMINAL,NOMINAL,NORMAL,0,
1643008500.0,1786276550.6609051,1,4.3791,0.4806,,3.601,0.1313,1.054,NOMINAL,NOMINAL,NORMAL,0,
1643009400.0,1786276550.7816186,1,3.2105,0.3646,,2.841,0.1187,0.878,NOMINAL,NOMINAL,NORMAL,0,
1643010300.0,1786276550.9036798,1,2.5844,0.2516,,1.441,0.0309,0.303,NOMINAL,NOMINAL,TRIGGERED,1,omni_p6
1643011200.0,1786276551.03076,1,3.1829,0.3686,,2.15,0.1143,0.795,NOMINAL,NOMINAL,NORMAL,0,
1643012100.0,1786276551.1550777,1,2.6517,0.3534,,2.054,0.0862,0.657,NOMINAL,NOMINAL,NORMAL,0,
1643013000.0,1786276551.2811058,1,3.1261,0.3587,,2.184,0.0944,0.754,NOMINAL,NOMINAL,NORMAL,0,
1643013900.0,1786276551.4044857,1,2.6371,0.3259,,1.852,0.0889,0.732,NOMINAL,NOMINAL,NORMAL,0,
1643014800.0,1786276551.5272975,1,1.4392,0.2112,,1.571,0.0787,0.649,NOMINAL,NOMINAL,NORMAL,0,
1643015700.0,1786276551.6559997,1,3.0944,0.3561,,2.117,0.095,0.709,NOMINAL,NOMINAL,TRIGGERED,1,omni_p6
1643016600.0,1786276551.7830796,1,2.694,0.3261,,2.112,0.1687,3.426,NOMINAL,PRE_ALERT,TRIGGERED,2,omni_p6
1643017500.0,1786276551.9067433,1,3.23,0.2925,,1.521,0.1509,2.347,PRE_ALERT,NOMINAL,NORMAL,0,
1643018400.0,1786276552.0309474,1,3.2546,0.3507,,2.203,0.1124,0.791,NOMINAL,NOMINAL,NORMAL,0,
1643019300.0,1786276552.154952,1,2.8316,0.3736,,1.982,0.1027,0.7,NOMINAL,NOMINAL,NORMAL,0,
1643020200.0,1786276552.2792468,1,2.4536,0.3102,,1.985,0.089,0.673,NOMINAL,NOMINAL,NORMAL,0,
1643021100.0,1786276552.4042954,1,2.3446,0.296,,1.804,0.0781,0.63,NOMINAL,NOMINAL,NORMAL,0,
1643022000.0,1786276552.5266354,1,1.8328,0.1743,,0.621,0.0245,0.227,NOMINAL,NOMINAL,TRIGGERED,1,omni_p6
1643022900.0,1786276552.6590762,1,3.023,0.3496,,2.525,0.1733,3.566,NOMINAL,PRE_ALERT,TRIGGERED,2,omni_p6
1643023800.0,1786276552.7851524,1,3.954,0.4129,,2.942,0.1883,3.264,PRE_ALERT,NOMINAL,NORMAL,0,
1643024700.0,1786276552.9057527,1,3.3211,0.3653,,1.724,0.0986,0.764,NOMINAL,NOMINAL,NORMAL,0,
1643025600.0,1786276553.0314608,1,3.3926,0.4023,,2.357,0.1136,0.883,NOMINAL,NOMINAL,NORMAL,0,
1643026500.0,1786276553.1551154,1,3.0355,0.349,,1.77,0.1103,0.694,NOMINAL,NOMINAL,NORMAL,0,
1643027400.0,1786276553.2800038,1,2.7064,0.3255,,2.438,0.0965,0.717,NOMINAL,NOMINAL,TRIGGERED,1,omni_p6
1643028300.0,1786276553.407041,1,2.5035,0.3204,,1.691,0.1568,3.295,NOMINAL,PRE_ALERT,TRIGGERED,2,omni_p6
1643029200.0,1786276553.5329027,1,3.0731,0.3553,,1.966,0.1592,2.611,PRE_ALERT,NOMINAL,NORMAL,0,
1643030100.0,1786276553.656673,1,3.4193,0.394,,2.35,0.1676,0.853,NOMINAL,NOMINAL,NORMAL,0,
1643031000.0,1786276553.7796404,1,2.5066,0.3115,,2.312,0.0957,0.687,NOMINAL,NOMINAL,NORMAL,0,
1643031900.0,1786276553.904539,1,2.6554,0.3116,,1.637,0.2267,0.934,NOMINAL,NOMINAL,NORMAL,0,
1643032800.0,1786276554.029558,1,2.6019,0.3311,,2.019,0.1013,0.732,NOMINAL,NOMINAL,NORMAL,0,
1643033700.0,1786276554.1558533,1,2.941,0.3725,,2.709,0.1144,0.814,NOMINAL,NOMINAL,TRIGGERED,1,omni_p6
1643034600.0,1786276554.282341,1,2.7186,0.3456,,2.084,0.1588,3.301,NOMINAL,PRE_ALERT,TRIGGERED,2,omni_p6
1643035500.0,1786276554.4083772,1,3.226,0.35,,2.424,0.1676,3.208,PRE_ALERT,NOMINAL,NORMAL,0,
1643036400.0,1786276554.5280654,1,1.9977,0.2519,,1.641,0.0628,0.578,NOMINAL,NOMINAL,NORMAL,0,
1643037300.0,1786276554.6602976,1,4.3062,0.4287,,3.581,0.1332,1.076,NOMINAL,NOMINAL,NORMAL,0,
1643038200.0,1786276554.7809846,1,3.005,0.3336,,2.534,0.1157,0.942,NOMINAL,NOMINAL,NORMAL,0,
1643039100.0,1786276554.9039218,1,2.5259,0.2943,,1.547,0.0942,0.749,NOMINAL,NOMINAL,NORMAL,0,
1643040000.0,1786276555.0294137,1,2.6205,0.2852,,1.982,0.0931,0.708,NOMINAL,NOMINAL,TRIGGERED,1,omni_p6
1643040900.0,1786276555.15517,1,2.5133,0.2967,,2.509,0.109,0.83,NOMINAL,NOMINAL,NORMAL,0,
1643041800.0,1786276555.2805204,1,2.9594,0.3279,,2.163,0.0996,0.882,NOMINAL,NOMINAL,NORMAL,0,
1643042700.0,1786276555.4042797,1,2.5777,0.3125,,1.875,0.0919,0.75,NOMINAL,NOMINAL,NORMAL,0,
1643043600.0,1786276555.5283666,1,2.0749,0.2754,,1.713,0.0641,0.738,NOMINAL,NOMINAL,NORMAL,0,
1643044500.0,1786276555.6604085,1,4.3102,0.4485,,3.497,0.1476,1.112,NOMINAL,NOMINAL,NORMAL,0,
1643045400.0,1786276555.780834,1,2.9961,0.3417,,2.411,0.1053,0.909,NOMINAL,NOMINAL,NORMAL,0,
1643046300.0,1786276555.9038584,1,2.4993,0.3207,,1.545,0.0846,0.69,NOMINAL,NOMINAL,NORMAL,0,
1643047200.0,1786276556.0303574,1,2.917,0.3404,,2.151,0.1078,0.786,NOMINAL,NOMINAL,NORMAL,0,
1643048100.0,1786276556.1554384,1,3.0437,0.384,,2.006,0.1077,0.778,NOMINAL,NOMINAL,NORMAL,0,
1643049000.0,1786276556.2798786,1,2.858,0.326,,1.951,0.0945,0.728,NOMINAL,NOMINAL,NORMAL,0,
1643049900.0,1786276556.4037838,1,2.3232,0.2939,,1.86,0.0808,0.649,NOMINAL,NOMINAL,NORMAL,0,
1643050800.0,1786276556.5283895,1,2.1026,0.2731,,1.744,0.0776,0.669,NOMINAL,NOMINAL,NORMAL,0,
1643051700.0,1786276556.6532874,1,1.4858,0.2204,,2.347,0.1018,0.742,NOMINAL,NOMINAL,NORMAL,0,
1643052600.0,1786276556.7823858,1,3.1674,0.5774,,3.278,0.1242,0.977,NOMINAL,NOMINAL,NORMAL,0,
1643053500.0,1786276556.9051144,1,2.9457,0.3178,,2.244,0.0996,0.73,NOMINAL,NOMINAL,NORMAL,0,
1643054400.0,1786276557.0302396,1,2.7921,0.3349,,2.223,0.0978,0.752,NOMINAL,NOMINAL,NORMAL,0,
1643055300.0,1786276557.155194,1,2.8564,0.3155,,2.234,0.0984,0.806,NOMINAL,NOMINAL,NORMAL,0,
1643056200.0,1786276557.2799728,1,2.8699,0.3289,,1.973,0.0917,0.731,NOMINAL,NOMINAL,NORMAL,0,
1643057100.0,1786276557.4046926,1,2.4235,0.3078,,2.53,0.0922,0.754,NOMINAL,NOMINAL,NORMAL,0,
1643058000.0,1786276557.5285423,1,2.2061,0.2791,,1.756,0.0786,0.748,NOMINAL,NOMINAL,NORMAL,0,
1643058900.0,1786276557.653346,1,2.3364,0.247,,1.368,0.0296,0.245,NOMINAL,NOMINAL,NORMAL,0,
1643059800.0,1786276557.7788434,1,2.1612,0.2995,,2.067,0.0888,0.679,NOMINAL,NOMINAL,NORMAL,0,
1643060700.0,1786276557.9053643,1,3.1748,0.3432,,1.802,0.1081,0.841,NOMINAL,NOMINAL,TRIGGERED,1,omni_p6
1643061600.0,1786276558.0296624,1,2.5198,0.296,,2.198,0.0956,0.767,NOMINAL,NOMINAL,NORMAL,0,
1643062500.0,1786276558.1552527,1,2.6074,0.311,,2.58,0.1051,0.806,NOMINAL,NOMINAL,NORMAL,0,
1643063400.0,1786276558.2802827,1,3.0642,0.3811,,2.194,0.0881,0.726,NOMINAL,NOMINAL,NORMAL,0,
1643064300.0,1786276558.4037504,1,2.2864,0.2943,,1.872,0.0809,0.644,NOMINAL,NOMINAL,NORMAL,0,
1643065200.0,1786276558.5283155,1,1.986,0.2773,,1.862,0.0736,0.644,NOMINAL,NOMINAL,NORMAL,0,
1643066100.0,1786276558.6553202,1,2.7447,0.2716,,2.053,0.0837,0.607,NOMINAL,NOMINAL,NORMAL,0,
1643067000.0,1786276558.779355,1,2.4375,0.3271,,2.007,0.0942,0.702,NOMINAL,NOMINAL,TRIGGERED,1,omni_p6
1643067900.0,1786276558.9065394,1,2.5005,0.3077,,1.438,0.1631,3.34,NOMINAL,PRE_ALERT,TRIGGERED,2,omni_p6
1643068800.0,1786276559.0375824,1,3.6789,0.3552,1.8614,2.794,0.2052,3.579,PRE_ALERT,NOMINAL,NORMAL,0,
1643069700.0,1786276559.1565297,1,3.0568,0.3685,,2.961,0.1214,0.99,NOMINAL,NOMINAL,NORMAL,0,
1643070600.0,1786276559.280912,1,3.2557,0.3587,,2.229,0.1108,0.822,NOMINAL,NOMINAL,NORMAL,0,
1643071500.0,1786276559.4050477,1,2.9159,0.3392,,1.978,0.103,0.729,NOMINAL,NOMINAL,NORMAL,0,
1643072400.0,1786276559.5282476,1,1.7614,0.1898,,1.557,0.0606,0.545,NOMINAL,NOMINAL,TRIGGERED,1,omni_p6
1643073300.0,1786276559.6539056,1,1.6923,0.2378,,1.182,0.0711,2.015,NOMINAL,PRE_ALERT,TRIGGERED,2,omni_p6
1643074200.0,1786276559.786296,1,4.0736,0.4251,,3.321,0.1919,3.435,PRE_ALERT,NOMINAL,NORMAL,0,
1643075100.0,1786276559.9065108,1,3.8589,0.4058,,1.884,0.0995,0.778,NOMINAL,NOMINAL,NORMAL,0,
1643076000.0,1786276560.03399,1,4.0731,0.4305,,3.14,0.1224,0.963,NOMINAL,NOMINAL,NORMAL,0,
1643076900.0,1786276560.1565871,1,3.5621,0.3985,,2.143,0.0979,0.801,NOMINAL,NOMINAL,NORMAL,0,
1643077800.0,1786276560.282051,1,3.6033,0.4014,,2.276,0.1006,0.835,NOMINAL,NOMINAL,NORMAL,0,
1643078700.0,1786276560.4059374,1,3.315,0.3629,,2.048,0.0987,0.644,NOMINAL,NOMINAL,TRIGGERED,1,omni_p6
1643079600.0,1786276560.5326643,1,2.8174,0.3404,,1.65,0.1594,3.488,NOMINAL,PRE_ALERT,TRIGGERED,2,omni_p6
1643080500.0,1786276560.65727,1,3.7915,0.3739,,0.88,0.0533,1.215,PRE_ALERT,NOMINAL,NORMAL,0,
1643081400.0,1786276560.7835238,1,4.0736,0.4144,,2.711,0.1081,0.904,NOMINAL,NOMINAL,NORMAL,0,
1643082300.0,1786276560.9063659,1,3.6317,0.3783,,2.129,0.0972,0.702,NOMINAL,NOMINAL,NORMAL,0,
1643083200.0,1786276561.030251,1,3.4245,0.3693,,2.016,0.0959,0.698,NOMINAL,NOMINAL,NORMAL,0,
1643084100.0,1786276561.1552455,1,2.9167,0.3402,,1.979,0.0798,0.615,NOMINAL,NOMINAL,NORMAL,0,
1643085000.0,1786276561.2852268,1,4.3359,0.4569,,3.52,0.1227,0.956,NOMINAL,NOMINAL,NORMAL,0,
1643085900.0,1786276561.407249,1,3.4856,0.4141,,2.277,0.1018,0.744,NOMINAL,NOMINAL,NORMAL,0,
1643086800.0,1786276561.5309062,1,2.8844,0.3943,,1.942,0.0817,0.694,NOMINAL,NOMINAL,NORMAL,0,
1643087700.0,1786276561.6570456,1,3.0194,0.9982,,2.459,0.0757,0.64,NOMINAL,NOMINAL,NORMAL,0,
1643088600.0,1786276561.782514,1,3.4227,0.3706,,2.724,0.0872,0.727,NOMINAL,NOMINAL,NORMAL,0,
1643089500.0,1786276561.9049506,1,2.97,0.3525,,1.682,0.0767,0.684,NOMINAL,NOMINAL,NORMAL,0,
1643090400.0,1786276562.028307,1,2.581,0.2476,,0.751,0.0605,0.276,NOMINAL,NOMINAL,NORMAL,0,
1643091300.0,1786276562.1544785,1,2.5328,0.3083,,2.061,0.0711,0.566,NOMINAL,NOMINAL,NORMAL,0,
1643092200.0,1786276562.281167,1,2.9062,0.3405,,2.53,0.0978,0.785,NOMINAL,NOMINAL,NORMAL,0,
1643093100.0,1786276562.4050088,1,2.7524,0.3185,,2.21,0.0862,0.682,NOMINAL,NOMINAL,NORMAL,0,
1643094000.0,1786276562.52956,1,2.6444,0.3062,,1.927,0.0814,0.667,NOMINAL,NOMINAL,NORMAL,0,
1643094900.0,1786276562.65486,1,2.4901,0.3224,,2.093,0.0878,0.664,NOMINAL,NOMINAL,NORMAL,0,
1643095800.0,1786276562.7815208,1,3.0738,0.3519,,2.89,0.0962,0.788,NOMINAL,NOMINAL,NORMAL,0,
1643096700.0,1786276562.9042785,1,2.5765,0.3136,,1.671,0.1012,0.821,NOMINAL,NOMINAL,NORMAL,0,
1643097600.0,1786276563.0292482,1,2.5045,0.2924,,2.099,0.0776,0.635,NOMINAL,NOMINAL,NORMAL,0,
1643098500.0,1786276563.154728,1,2.6369,0.3212,,2.127,0.0809,0.731,NOMINAL,NOMINAL,TRIGGERED,1,omni_p6
1643099400.0,1786276563.2809694,1,2.8419,0.3328,,2.792,0.1005,0.895,NOMINAL,NOMINAL,NORMAL,0,
1643100300.0,1786276563.4048617,1,2.6611,0.3198,,2.222,0.0841,0.765,NOMINAL,NOMINAL,NORMAL,0,
1643101200.0,1786276563.528769,1,2.1744,0.2748,,1.935,0.0814,0.714,NOMINAL,NOMINAL,TRIGGERED,1,omni_p6
1643102100.0,1786276563.655224,1,2.3323,0.2982,,2.8,0.0828,0.702,NOMINAL,NOMINAL,NORMAL,0,
1643103000.0,1786276563.7800376,1,2.6893,0.2964,,2.288,0.0952,0.805,NOMINAL,NOMINAL,NORMAL,0,
1643103900.0,1786276563.9040208,1,2.2471,0.2677,,2.18,0.0862,0.677,NOMINAL,NOMINAL,NORMAL,0,
1643104800.0,1786276564.028717,1,1.9975,0.2699,,2.161,0.0721,0.64,NOMINAL,NOMINAL,NORMAL,0,
1643105700.0,1786276564.1563458,1,3.0373,0.3296,,2.938,0.1049,0.865,NOMINAL,NOMINAL,NORMAL,0,
1643106600.0,1786276564.2803864,1,2.9253,0.3398,,2.344,0.1005,0.85,NOMINAL,NOMINAL,TRIGGERED,1,omni_p6
1643107500.0,1786276564.4070494,1,2.2772,0.3057,,2.003,0.1577,3.463,NOMINAL,PRE_ALERT,TRIGGERED,2,omni_p6
1643108400.0,1786276564.5299478,1,1.8679,0.2907,,1.675,0.0987,2.437,PRE_ALERT,NOMINAL,NORMAL,0,
1643109300.0,1786276564.6606658,1,4.3047,0.4377,,4.179,0.1316,1.104,NOMINAL,NOMINAL,NORMAL,0,
1643110200.0,1786276564.7830381,1,4.0241,0.3982,,2.64,0.1116,0.888,NOMINAL,NOMINAL,NORMAL,0,
1643111100.0,1786276564.9056172,1,3.4721,0.3881,,1.694,0.0981,0.782,NOMINAL,NOMINAL,NORMAL,0,
1643112000.0,1786276565.0301783,1,2.7358,0.3275,,2.234,0.0831,0.706,NOMINAL,NOMINAL,NORMAL,0,
1643112900.0,1786276565.1546545,1,2.7535,0.3713,,1.713,0.0808,0.681,NOMINAL,NOMINAL,TRIGGERED,1,omni_p6
1643113800.0,1786276565.2832282,1,2.7996,0.3484,,2.287,0.1638,3.496,NOMINAL,PRE_ALERT,TRIGGERED,2,omni_p6
1643114700.0,1786276565.4110389,1,3.78,0.4324,,3.176,0.1922,3.452,PRE_ALERT,NOMINAL,NORMAL,0,
1643115600.0,1786276565.5313482,1,3.1861,0.4173,,2.291,0.0981,0.721,NOMINAL,NOMINAL,NORMAL,0,
1643116500.0,1786276565.661296,1,4.5931,0.506,,3.691,0.1267,1.094,NOMINAL,NOMINAL,NORMAL,0,
1643117400.0,1786276565.7831821,1,4.0804,0.4246,,2.534,0.1099,0.885,NOMINAL,NOMINAL,NORMAL,0,
1643118300.0,1786276565.9071808,1,3.6966,0.3771,,2.499,0.1053,0.741,NOMINAL,NOMINAL,NORMAL,0,
1643119200.0,1786276566.0294852,1,2.5858,0.3102,,1.879,0.0765,0.587,NOMINAL,NOMINAL,TRIGGERED,1,omni_p6
1643120100.0,1786276566.1579392,1,2.6247,0.3216,,2.44,0.16,3.357,NOMINAL,PRE_ALERT,TRIGGERED,2,omni_p6
1643121000.0,1786276566.2834644,1,2.9586,0.3616,,2.358,0.1745,3.4,PRE_ALERT,NOMINAL,NORMAL,0,
1643121900.0,1786276566.4064045,1,3.0722,0.353,,2.763,0.0965,0.725,NOMINAL,NOMINAL,NORMAL,0,
1643122800.0,1786276566.5301173,1,2.692,0.3183,,2.196,0.0774,0.596,NOMINAL,NOMINAL,NORMAL,0,
1643123700.0,1786276566.6515868,1,1.5887,0.2166,,0.931,0.0383,0.357,NOMINAL,NOMINAL,NORMAL,0,
1643124600.0,1786276566.7815716,1,3.422,0.3487,,2.362,0.1081,0.891,NOMINAL,NOMINAL,NORMAL,0,
1643125500.0,1786276566.9048884,1,2.7947,0.3187,,2.037,0.0923,0.808,NOMINAL,NOMINAL,TRIGGERED,1,omni_p6
1643126400.0,1786276567.030231,1,3.0496,0.3346,,2.036,0.0895,0.687,NOMINAL,NOMINAL,NORMAL,0,
1643127300.0,1786276567.1548336,1,2.7005,0.3338,,2.147,0.0953,0.66,NOMINAL,NOMINAL,NORMAL,0,
1643128200.0,1786276567.279864,1,2.6022,0.3228,,2.214,0.0822,0.638,NOMINAL,NOMINAL,NORMAL,0,
1643129100.0,1786276567.4065838,1,3.3171,0.3696,,2.353,0.1018,0.831,NOMINAL,NOMINAL,NORMAL,0,
1643130000.0,1786276567.5307553,1,2.7414,0.341,,2.437,0.0864,0.706,NOMINAL,NOMINAL,NORMAL,0,
1643130900.0,1786276567.6520052,1,1.8905,0.2069,,0.607,0.0265,0.226,NOMINAL,NOMINAL,NORMAL,0,
1643131800.0,1786276567.7806923,1,2.7708,0.3305,,2.321,0.157,0.801,NOMINAL,NOMINAL,NORMAL,0,
1643132700.0,1786276567.906373,1,3.3601,0.351,,2.198,0.2184,1.117,NOMINAL,NOMINAL,NORMAL,0,
1643133600.0,1786276568.0312579,1,3.099,0.3897,,2.113,0.0972,0.76,NOMINAL,NOMINAL,NORMAL,0,
1643134500.0,1786276568.1555479,1,3.2186,0.3311,,1.59,0.1695,1.117,NOMINAL,NOMINAL,NORMAL,0,
1643135400.0,1786276568.2799163,1,2.8353,0.3341,,2.0,0.0837,0.664,NOMINAL,NOMINAL,NORMAL,0,
1643136300.0,1786276568.4056733,1,3.1292,0.3526,,2.265,0.0849,0.753,NOMINAL,NOMINAL,NORMAL,0,
1643137200.0,1786276568.5296395,1,2.4839,0.2942,,1.993,0.081,1.03,NOMINAL,NOMINAL,NORMAL,0,
1643138100.0,1786276568.654101,1,2.2824,0.2406,,2.027,0.1097,0.725,NOMINAL,NOMINAL,NORMAL,0,
1643139000.0,1786276568.7816982,1,3.5213,0.3603,,2.262,0.1004,0.764,NOMINAL,NOMINAL,NORMAL,0,
1643139900.0,1786276568.9045928,1,2.5859,0.3134,,1.574,0.0726,1.231,NOMINAL,NOMINAL,NORMAL,0,
1643140800.0,1786276569.0294065,1,2.668,0.2934,,1.822,0.0785,0.642,NOMINAL,NOMINAL,NORMAL,0,
1643141700.0,1786276569.1539547,1,2.3935,0.2982,,1.754,0.0711,0.646,NOMINAL,NOMINAL,NORMAL,0,
1643142600.0,1786276569.2793958,1,2.6555,0.3097,,1.861,0.075,0.683,NOMINAL,NOMINAL,NORMAL,0,
1643143500.0,1786276569.4048264,1,2.8706,0.3206,,2.008,0.0769,0.737,NOMINAL,NOMINAL,NORMAL,0,
1643144400.0,1786276569.5276556,1,1.8541,0.2558,,1.274,0.0548,0.724,NOMINAL,NOMINAL,NORMAL,0,
1643145300.0,1786276569.6566677,1,3.2917,0.38,,2.56,0.1005,0.988,NOMINAL,NOMINAL,NORMAL,0,
1643146200.0,1786276569.7821002,1,3.827,0.3996,,2.257,0.0994,0.813,NOMINAL,NOMINAL,TRIGGERED,1,omni_p6
1643147100.0,1786276569.904771,1,2.6031,0.3168,,2.255,0.0833,0.778,NOMINAL,NOMINAL,NORMAL,0,
1643148000.0,1786276570.0293002,1,2.4658,0.2951,,2.0,0.0666,0.59,NOMINAL,NOMINAL,NORMAL,0,
1643148900.0,1786276570.1586125,1,3.9009,0.4136,,3.316,0.1098,0.898,NOMINAL,NOMINAL,NORMAL,0,
1643149800.0,1786276570.282558,1,3.8068,0.4118,,2.467,0.0967,1.091,NOMINAL,NOMINAL,NORMAL,0,
1643150700.0,1786276570.404524,1,2.6845,0.3311,,1.982,0.0748,0.64,NOMINAL,NOMINAL,NORMAL,0,
1643151600.0,1786276570.530737,1,3.0019,0.3491,,2.266,0.1573,1.072,NOMINAL,NOMINAL,TRIGGERED,1,omni_p6
1643152500.0,1786276570.6594102,1,3.3302,0.3793,,2.36,0.173,3.731,NOMINAL,PRE_ALERT,TRIGGERED,2,omni_p6
1643153400.0,1786276570.7829502,1,3.1845,0.2878,,2.169,0.1613,2.39,PRE_ALERT,NOMINAL,NORMAL,0,
1643154300.0,1786276570.9053574,1,2.9543,0.3329,,2.207,0.0966,0.766,NOMINAL,NOMINAL,NORMAL,0,
1643155200.0,1786276571.0334044,1,3.5812,0.3501,2.0186,2.334,0.0977,0.744,NOMINAL,NOMINAL,NORMAL,0,
1643156100.0,1786276571.1551852,1,2.941,0.3946,,1.683,0.0995,0.97,NOMINAL,NOMINAL,NORMAL,0,
1643157000.0,1786276571.2799826,1,3.0964,0.3482,,1.885,0.0889,0.697,NOMINAL,NOMINAL,NORMAL,0,
1643157900.0,1786276571.4040215,1,2.6526,0.3057,,1.595,0.0831,0.638,NOMINAL,NOMINAL,TRIGGERED,1,omni_p6
1643158800.0,1786276571.5331042,1,3.2155,0.3566,,1.729,0.14,3.685,NOMINAL,PRE_ALERT,TRIGGERED,2,omni_p6
1643159700.0,1786276571.657848,1,2.9808,0.3535,,2.359,0.1419,3.16,PRE_ALERT,NOMINAL,NORMAL,0,
1643160600.0,1786276571.7762613,1,1.2966,0.2694,,0.978,0.0393,0.4,NOMINAL,NOMINAL,NORMAL,0,
1643161500.0,1786276571.9050221,1,2.7671,0.3012,,2.162,0.089,0.691,NOMINAL,NOMINAL,NORMAL,0,
1643162400.0,1786276572.0298615,1,2.6692,0.3157,,2.014,0.0843,0.623,NOMINAL,NOMINAL,NORMAL,0,
1643163300.0,1786276572.1513433,1,1.4223,0.2178,,0.883,0.0379,0.351,NOMINAL,NOMINAL,NORMAL,0,
1643164200.0,1786276572.279367,1,2.6513,0.32,,1.692,0.0814,0.658,NOMINAL,NOMINAL,TRIGGERED,1,omni_p6
1643165100.0,1786276572.4067023,1,2.2541,0.2836,,1.974,0.1398,3.407,NOMINAL,PRE_ALERT,TRIGGERED,2,omni_p6
1643166000.0,1786276572.5349178,1,3.2722,0.3967,,2.884,0.1754,3.563,PRE_ALERT,NOMINAL,NORMAL,0,
1643166900.0,1786276572.654735,1,2.3442,0.2893,,2.441,0.0824,0.69,NOMINAL,NOMINAL,NORMAL,0,
1643167800.0,1786276572.7789378,1,2.1185,0.2418,,1.756,0.0835,0.629,NOMINAL,NOMINAL,NORMAL,0,
1643168700.0,1786276572.905035,1,2.8535,0.3355,,1.796,0.1093,0.856,NOMINAL,NOMINAL,NORMAL,0,
1643169600.0,1786276573.0314267,1,2.5718,0.3166,,2.54,0.1065,1.744,NOMINAL,NOMINAL,NORMAL,0,
1643170500.0,1786276573.1531818,1,1.9924,0.2392,,1.692,0.0871,0.611,NOMINAL,NOMINAL,TRIGGERED,1,omni_p6
1643171400.0,1786276573.2796674,1,2.6372,0.3147,,1.962,0.0913,0.658,NOMINAL,NOMINAL,NORMAL,0,
1643172300.0,1786276573.4047897,1,2.6547,0.2981,,2.167,0.0925,0.704,NOMINAL,NOMINAL,NORMAL,0,
1643173200.0,1786276573.5309339,1,2.8407,0.3225,,2.227,0.091,0.86,NOMINAL,NOMINAL,NORMAL,0,
1643174100.0,1786276573.6540198,1,2.3823,0.3142,,1.692,0.0802,0.604,NOMINAL,NOMINAL,NORMAL,0,
1643175000.0,1786276573.7797954,1,2.5289,0.3219,,1.989,0.0952,0.637,NOMINAL,NOMINAL,NORMAL,0,
1643175900.0,1786276573.9045131,1,2.8343,0.3456,,1.612,0.0925,0.772,NOMINAL,NOMINAL,NORMAL,0,
1643176800.0,1786276574.0298257,1,2.6663,0.3314,,2.233,0.0967,0.734,NOMINAL,NOMINAL,NORMAL,0,
1643177700.0,1786276574.1536143,1,1.9374,0.4693,,2.038,0.0827,0.658,NOMINAL,NOMINAL,NORMAL,0,
1643178600.0,1786276574.2795746,1,2.535,0.3084,,1.961,0.0899,0.677,NOMINAL,NOMINAL,NORMAL,0,
1643179500.0,1786276574.4043458,1,2.3256,0.2991,,2.099,0.1206,0.935,NOMINAL,NOMINAL,NORMAL,0,
1643180400.0,1786276574.5280614,1,1.7773,0.2689,,1.747,0.0637,0.563,NOMINAL,NOMINAL,NORMAL,0,
1643181300.0,1786276574.6606057,1,4.3833,0.4421,,3.662,0.1289,1.173,NOMINAL,NOMINAL,NORMAL,0,
1643182200.0,1786276574.7807927,1,2.8904,0.3356,,2.481,0.1683,0.916,NOMINAL,NOMINAL,NORMAL,0,
1643183100.0,1786276574.9039478,1,2.555,0.2963,,1.559,0.1032,0.804,NOMINAL,NOMINAL,NORMAL,0,
1643184000.0,1786276575.0290654,1,2.3341,0.2859,,2.035,0.1052,0.77,NOMINAL,NOMINAL,NORMAL,0,
1643184900.0,1786276575.1534445,1,2.1214,0.2799,,1.676,0.0916,0.636,NOMINAL,NOMINAL,NORMAL,0,
1643185800.0,1786276575.2852833,1,4.2254,0.4844,,3.739,0.1174,0.958,NOMINAL,NOMINAL,NORMAL,0,
1643186700.0,1786276575.4057028,1,2.8306,0.3417,,2.626,0.1055,0.786,NOMINAL,NOMINAL,TRIGGERED,1,omni_p6
1643187600.0,1786276575.5325544,1,3.1624,0.3622,,2.668,0.1001,0.952,NOMINAL,NOMINAL,NORMAL,0,
1643188500.0,1786276575.6612325,1,4.5263,0.5067,,3.688,0.1277,1.127,NOMINAL,NOMINAL,NORMAL,0,
1643189400.0,1786276575.781934,1,3.6282,0.3974,,2.39,0.106,0.791,NOMINAL,NOMINAL,NORMAL,0,
1643190300.0,1786276575.9059832,1,3.5706,0.3852,,1.821,0.1061,0.8,NOMINAL,NOMINAL,NORMAL,0,
1643191200.0,1786276576.0312681,1,3.2364,0.3692,,2.499,0.0961,0.749,NOMINAL,NOMINAL,NORMAL,0,
1643192100.0,1786276576.1547754,1,2.4976,0.3303,,2.468,0.0651,0.584,NOMINAL,NOMINAL,TRIGGERED,1,omni_p6
1643193000.0,1786276576.2833948,1,2.9243,0.3556,,2.3,0.1679,3.4,NOMINAL,PRE_ALERT,TRIGGERED,2,omni_p6
1643193900.0,1786276576.408801,1,3.0261,0.3581,,2.729,0.1624,3.306,PRE_ALERT,NOMINAL,NORMAL,0,
1643194800.0,1786276576.530005,1,2.6376,0.3113,,2.317,0.0774,0.661,NOMINAL,NOMINAL,NORMAL,0,
1643195700.0,1786276576.6564753,1,3.0181,0.3607,,2.487,0.0941,0.815,NOMINAL,NOMINAL,NORMAL,0,
1643196600.0,1786276576.7803967,1,2.8869,0.3417,,2.132,0.0899,0.794,NOMINAL,NOMINAL,NORMAL,0,
1643197500.0,1786276576.9055836,1,3.148,0.3592,,2.054,0.0956,0.754,NOMINAL,NOMINAL,NORMAL,0,
1643198400.0,1786276577.0315814,1,3.2058,0.3825,,2.61,0.1054,0.795,NOMINAL,NOMINAL,TRIGGERED,1,omni_p6
1643199300.0,1786276577.1568854,1,2.6088,0.3197,,1.611,0.1585,3.337,NOMINAL,PRE_ALERT,TRIGGERED,2,omni_p6
1643200200.0,1786276577.2841983,1,3.3428,0.3654,,2.526,0.1819,3.366,PRE_ALERT,NOMINAL,NORMAL,0,
1643201100.0,1786276577.4056437,1,2.914,0.3511,,2.042,0.0942,0.668,NOMINAL,NOMINAL,NORMAL,0,
1643202000.0,1786276577.5306284,1,2.7839,0.3481,,2.263,0.0975,0.696,NOMINAL,NOMINAL,NORMAL,0,
1643202900.0,1786276577.6565046,1,2.9066,0.3487,,2.546,0.0915,0.834,NOMINAL,NOMINAL,NORMAL,0,
1643203800.0,1786276577.780515,1,2.724,0.3282,,2.457,0.0894,0.78,NOMINAL,NOMINAL,TRIGGERED,1,omni_p6
1643204700.0,1786276577.9092731,1,3.4476,0.3868,,1.897,0.1795,3.471,NOMINAL,PRE_ALERT,TRIGGERED,2,omni_p6
1643205600.0,1786276578.0348384,1,3.3818,0.4084,,2.774,0.1693,3.547,PRE_ALERT,NOMINAL,NORMAL,0,
1643206500.0,1786276578.156237,1,3.2155,0.3724,,2.41,0.0967,0.815,NOMINAL,NOMINAL,NORMAL,0,
1643207400.0,1786276578.2811117,1,3.178,0.3828,,2.401,0.1019,0.759,NOMINAL,NOMINAL,NORMAL,0,
1643208300.0,1786276578.4054248,1,2.7942,0.344,,2.347,0.0918,0.653,NOMINAL,NOMINAL,NORMAL,0,
1643209200.0,1786276578.5294046,1,2.4949,0.3115,,1.859,0.0795,0.613,NOMINAL,NOMINAL,NORMAL,0,
1643210100.0,1786276578.6561828,1,2.7881,0.3434,,2.421,0.09,0.772,NOMINAL,NOMINAL,TRIGGERED,1,omni_p6
1643211000.0,1786276578.7832563,1,2.9407,0.3507,,2.213,0.2502,3.387,NOMINAL,PRE_ALERT,TRIGGERED,2,omni_p6
1643211900.0,1786276578.9095454,1,3.848,0.4375,,1.964,0.1757,3.347,PRE_ALERT,NOMINAL,NORMAL,0,
1643212800.0,1786276579.0308619,1,3.0724,0.3673,,2.117,0.0923,0.732,NOMINAL,NOMINAL,NORMAL,0,
1643213700.0,1786276579.1548293,1,2.851,0.3702,,1.909,0.0899,0.689,NOMINAL,NOMINAL,NORMAL,0,
1643214600.0,1786276579.2804587,1,2.89,0.3386,,2.109,0.0898,0.793,NOMINAL,NOMINAL,NORMAL,0,
1643215500.0,1786276579.4038732,1,2.2568,0.2917,,1.833,0.0745,0.658,NOMINAL,NOMINAL,NORMAL,0,
1643216400.0,1786276579.5295086,1,2.4638,0.2813,,1.878,0.0531,0.497,NOMINAL,NOMINAL,NORMAL,0,
1643217300.0,1786276579.6615279,1,4.3386,0.7615,,3.695,0.134,1.092,NOMINAL,NOMINAL,NORMAL,0,
1643218200.0,1786276579.7821069,1,3.6394,0.4083,,2.352,0.1118,0.792,NOMINAL,NOMINAL,NORMAL,0,
1643219100.0,1786276579.9044855,1,2.9013,0.3754,,1.802,0.1049,0.837,NOMINAL,NOMINAL,NORMAL,0,
1643220000.0,1786276580.031288,1,3.1603,0.3689,,2.489,0.0957,0.738,NOMINAL,NOMINAL,NORMAL,0,
1643220900.0,1786276580.153998,1,2.3976,0.307,,1.885,0.0973,0.672,NOMINAL,NOMINAL,NORMAL,0,
1643221800.0,1786276580.2810261,1,2.9228,0.3486,,2.646,0.1059,0.857,NOMINAL,NOMINAL,NORMAL,0,
1643222700.0,1786276580.4047894,1,2.3888,0.2964,,2.517,0.0995,0.822,NOMINAL,NOMINAL,NORMAL,0,
1643223600.0,1786276580.5289068,1,2.1359,0.2774,,2.185,0.093,0.704,NOMINAL,NOMINAL,NORMAL,0,
1643224500.0,1786276580.658844,1,3.7973,0.3911,,3.775,0.1299,1.106,NOMINAL,NOMINAL,NORMAL,0,
1643225400.0,1786276580.783182,1,3.8426,0.3999,,2.906,0.1187,0.909,NOMINAL,NOMINAL,NORMAL,0,
1643226300.0,1786276580.9047875,1,2.8392,0.294,,1.719,0.0883,0.834,NOMINAL,NOMINAL,NORMAL,0,
1643227200.0,1786276581.0295577,1,2.6841,0.3111,,2.041,0.0901,0.728,NOMINAL,NOMINAL,NORMAL,0,
1643228100.0,1786276581.1548352,1,2.5668,0.3246,,2.354,0.0907,0.714,NOMINAL,NOMINAL,NORMAL,0,
1643229000.0,1786276581.2807522,1,2.9298,0.3448,,2.196,0.0976,0.831,NOMINAL,NOMINAL,NORMAL,0,
1643229900.0,1786276581.4050634,1,2.6686,0.3118,,2.288,0.0876,0.698,NOMINAL,NOMINAL,NORMAL,0,
1643230800.0,1786276581.5300262,1,2.3125,0.3048,,2.207,0.0781,0.645,NOMINAL,NOMINAL,TRIGGERED,1,omni_p6
1643231700.0,1786276581.6569731,1,2.2449,0.3062,,1.891,0.1534,3.355,NOMINAL,PRE_ALERT,TRIGGERED,2,omni_p6
1643232600.0,1786276581.7847373,1,3.815,0.4007,,2.806,0.1871,3.482,PRE_ALERT,NOMINAL,NORMAL,0,
1643233500.0,1786276581.9017398,1,1.5304,0.2276,,0.893,0.0425,0.383,NOMINAL,NOMINAL,NORMAL,0,
1643234400.0,1786276582.031767,1,2.9823,0.3398,,2.555,0.0937,1.436,NOMINAL,NOMINAL,NORMAL,0,
1643235300.0,1786276582.1552398,1,2.7981,0.3874,,2.243,0.092,0.683,NOMINAL,NOMINAL,NORMAL,0,
1643236200.0,1786276582.2807848,1,2.9228,0.3464,,2.282,0.0979,0.745,NOMINAL,NOMINAL,NORMAL,0,
1643237100.0,1786276582.4052541,1,2.5707,0.3196,,2.617,0.0879,0.644,NOMINAL,NOMINAL,TRIGGERED,1,omni_p6
1643238000.0,1786276582.531777,1,2.3725,0.3052,,1.848,0.1471,3.163,NOMINAL,PRE_ALERT,TRIGGERED,2,omni_p6
1643238900.0,1786276582.6583545,1,3.0679,0.3486,,2.354,0.1795,3.172,PRE_ALERT,NOMINAL,NORMAL,0,
1643239800.0,1786276582.7769747,1,1.1013,0.2201,,1.052,0.0429,0.375,NOMINAL,NOMINAL,NORMAL,0,
1643240700.0,1786276582.9047155,1,2.7671,0.2954,,1.658,0.0955,0.799,NOMINAL,NOMINAL,NORMAL,0,
1643241600.0,1786276583.0332725,1,3.2739,0.355,1.7889,2.526,0.1111,0.909,NOMINAL,NOMINAL,NORMAL,0,
