timestamp,window_d,k,wp_eval_ms,dds_transport_ms,fsm_infer_ms,node_latency_ms,ap_state,rpn_result,fail_count,trigger_channels,gpu_%,cpu_%,power_mW,ram_MB
1781430113.366806,30,10,3.3351,88.125,0.2387,3.26,NOMINAL,STALE,0,,0,16.3,5585,3400
1781430113.4010007,30,10,2.8569,1.392,0.0438,0.56,NOMINAL,NORMAL,0,,0,5.7,4880,3210
1781430113.5238047,30,10,1.6595,1.312,0.0323,0.391,NOMINAL,NORMAL,0,,0,5.7,4880,3210
1781430113.6503227,30,10,2.7219,1.759,0.0455,0.594,NOMINAL,NORMAL,0,,0,5.7,4880,3210
1781430113.7743359,30,10,2.4738,1.121,0.0249,0.601,NOMINAL,NORMAL,0,,0,5.7,4880,3210
1781430113.8984735,30,10,1.4704,0.948,0.0233,0.996,NOMINAL,NORMAL,0,,0,5.7,4880,3210
1781430114.0242825,30,10,2.4462,1.221,0.0371,0.424,NOMINAL,NORMAL,0,,0,5.7,4880,3210
1781430114.1474764,30,10,1.3633,0.826,0.0245,0.272,NOMINAL,NORMAL,0,,0,5.7,4880,3210
1781430114.2735574,30,10,2.2311,1.104,0.0339,0.439,NOMINAL,NORMAL,0,,0,5.7,4880,3210
1781430114.3992856,30,10,2.0541,1.191,0.0375,0.526,NOMINAL,NORMAL,0,,0,5.7,4880,3210
1781430114.5234156,30,10,2.0758,0.871,0.0245,0.396,NOMINAL,NORMAL,0,,0,11.7,4809,3211
1781430114.6498983,30,10,2.5605,1.557,0.0467,0.61,NOMINAL,NORMAL,0,,0,11.7,4809,3211
1781430114.7735772,30,10,2.227,0.907,0.0247,0.317,NOMINAL,NORMAL,0,,0,11.7,4809,3211
1781430114.8975458,30,10,1.3718,0.908,0.0356,0.494,NOMINAL,NORMAL,0,,0,11.7,4809,3211
1781430115.0258665,30,10,2.8188,1.75,0.0477,0.613,NOMINAL,NORMAL,0,,0,11.7,4809,3211
1781430115.1491885,30,10,2.5417,1.3,0.0236,0.336,NOMINAL,NORMAL,0,,0,11.7,4809,3211
1781430115.273194,30,10,1.531,1.237,0.0317,0.377,NOMINAL,NORMAL,0,,0,11.7,4809,3211
1781430115.3992307,30,10,2.5435,1.291,0.0234,0.292,NOMINAL,NORMAL,0,,0,11.7,4809,3211
1781430115.524504,30,10,2.5389,1.369,0.0357,0.474,NOMINAL,NORMAL,0,,0,12.2,4809,3211
1781430115.6503456,30,10,2.6558,1.843,0.0444,0.493,NOMINAL,NORMAL,0,,0,12.2,4809,3211
1781430115.7729883,30,10,1.5978,1.006,0.0234,0.419,NOMINAL,NORMAL,0,,0,12.2,4809,3211
1781430115.8994424,30,10,2.4531,1.472,0.0357,0.384,NOMINAL,NORMAL,0,,0,12.2,4809,3211
1781430116.0242107,30,10,2.44,1.127,0.0341,0.483,NOMINAL,NORMAL,0,,0,12.2,4809,3211
1781430116.1484652,30,10,2.2837,0.839,0.0235,0.269,NOMINAL,NORMAL,0,,0,12.2,4809,3211
1781430116.2743204,30,10,2.5848,1.216,0.0389,0.468,NOMINAL,NORMAL,0,,0,12.2,4809,3211
1781430116.3984923,30,10,2.3667,0.741,0.0229,0.248,NOMINAL,NORMAL,0,,0,12.2,4809,3211
1781430116.5242782,30,10,2.5122,1.045,0.0345,0.473,NOMINAL,NORMAL,0,,0,11.3,4928,3212
1781430116.6493752,30,10,2.6594,1.092,0.0349,0.458,NOMINAL,NORMAL,0,,0,11.3,4928,3212
1781430116.7720466,30,10,1.3604,0.738,0.0223,0.257,NOMINAL,NORMAL,0,,0,11.3,4928,3212
1781430116.8992133,30,10,2.4615,1.139,0.0345,0.477,NOMINAL,NORMAL,0,,0,11.3,4928,3212
1781430117.0238466,30,10,2.4283,1.019,0.0343,0.388,NOMINAL,NORMAL,0,,0,11.3,4928,3212
1781430117.1483555,30,10,1.6301,0.9,0.0244,0.875,NOMINAL,NORMAL,0,,0,11.3,4928,3212
1781430117.2739809,30,10,2.516,1.04,0.0348,0.477,NOMINAL,NORMAL,0,,0,11.3,4928,3212
1781430117.398132,30,10,1.7528,0.897,0.0253,0.347,NOMINAL,NORMAL,0,,0,11.3,4928,3212
1781430117.5227392,30,10,1.5321,0.888,0.0358,0.506,NOMINAL,NORMAL,0,,20,11.0,4809,3212
1781430117.6492248,30,10,2.6064,1.142,0.0307,0.34,NOMINAL,NORMAL,0,,20,11.0,4809,3212
1781430117.7733767,30,10,1.9553,1.204,0.0353,0.468,NOMINAL,NORMAL,0,,20,11.0,4809,3212
1781430117.8990214,30,10,2.4269,1.095,0.03,0.42,NOMINAL,NORMAL,0,,20,11.0,4809,3212
1781430118.0239024,30,10,2.5636,0.834,0.0231,0.354,NOMINAL,NORMAL,0,,20,11.0,4809,3212
1781430118.1499064,30,10,3.3035,1.092,0.0348,0.479,NOMINAL,NORMAL,0,,20,11.0,4809,3212
1781430118.2741387,30,10,2.5538,1.075,0.0341,0.389,NOMINAL,NORMAL,0,,20,11.0,4809,3212
1781430118.397878,30,10,1.5476,0.95,0.0341,0.443,NOMINAL,NORMAL,0,,20,11.0,4809,3212
1781430118.5242379,30,10,2.6863,1.031,0.0361,0.38,NOMINAL,NORMAL,0,,0,12.7,4809,3212
1781430118.649372,30,10,2.8279,1.039,0.0358,0.381,NOMINAL,NORMAL,0,,0,12.7,4809,3212
1781430118.7729616,30,10,1.8635,0.788,0.0246,0.261,NOMINAL,NORMAL,0,,0,12.7,4809,3212
1781430118.8993983,30,10,2.7334,1.095,0.0351,0.441,NOMINAL,NORMAL,0,,0,12.7,4809,3212
1781430119.0231357,30,10,1.9662,0.795,0.023,0.342,NOMINAL,NORMAL,0,,0,12.7,4809,3212
1781430119.1490355,30,10,2.5597,1.089,0.035,0.381,NOMINAL,NORMAL,0,,0,12.7,4809,3212
1781430119.2742991,30,10,2.5555,1.17,0.0358,0.446,NOMINAL,NORMAL,0,,0,12.7,4809,3212
1781430119.398837,30,10,2.6101,0.729,0.0231,0.252,NOMINAL,NORMAL,0,,0,12.7,4809,3212
1781430119.5242848,30,10,2.7513,1.06,0.0332,0.374,NOMINAL,NORMAL,0,,0,12.3,4848,3212
1781430119.648839,30,10,2.5739,0.849,0.0222,0.291,NOMINAL,NORMAL,0,,0,12.3,4848,3212
1781430119.7727563,30,10,1.4795,0.919,0.0344,0.387,NOMINAL,NORMAL,0,,0,12.3,4848,3212
1781430119.899061,30,10,2.5317,1.033,0.035,0.377,NOMINAL,NORMAL,0,,0,12.3,4848,3212
1781430120.0227745,30,10,1.4602,0.9,0.0342,0.436,NOMINAL,NORMAL,0,,0,12.3,4848,3212
1781430120.1494157,30,10,2.8764,1.128,0.0331,0.381,NOMINAL,NORMAL,0,,0,12.3,4848,3212
1781430120.2752914,30,10,2.7764,1.337,0.0395,0.618,NOMINAL,NORMAL,0,,0,12.3,4848,3212
1781430120.397577,30,10,1.442,0.786,0.0244,0.283,NOMINAL,NORMAL,0,,0,12.3,4848,3212
1781430120.5245762,30,10,2.6791,1.157,0.0333,0.389,NOMINAL,NORMAL,0,,0,9.8,4809,3212
1781430120.6550205,30,10,8.8587,0.827,0.0228,0.264,NOMINAL,NORMAL,0,,0,9.8,4809,3212
1781430120.773309,30,10,1.8469,1.084,0.0269,0.297,NOMINAL,NORMAL,0,,0,9.8,4809,3212
1781430120.899023,30,10,2.4392,0.958,0.0319,0.361,NOMINAL,NORMAL,0,,0,9.8,4809,3212
1781430121.024102,30,10,2.5982,1.094,0.0218,0.268,NOMINAL,NORMAL,0,,0,9.8,4809,3212
1781430121.1495194,30,10,2.7042,1.092,0.0352,0.574,NOMINAL,NORMAL,0,,0,9.8,4809,3212
1781430121.2741904,30,10,2.5716,1.112,0.0245,0.341,NOMINAL,NORMAL,0,,0,9.8,4809,3212
1781430121.3990738,30,10,2.5452,1.039,0.0321,0.37,NOMINAL,NORMAL,0,,0,9.8,4809,3212
1781430121.5241392,30,10,2.5206,1.086,0.0339,0.367,NOMINAL,NORMAL,0,,0,14.0,4848,3213
1781430121.6494026,30,10,2.69,1.206,0.0312,0.363,NOMINAL,NORMAL,0,,0,14.0,4848,3213
1781430121.774103,30,10,2.5838,1.016,0.0331,0.365,NOMINAL,NORMAL,0,,0,14.0,4848,3213
1781430121.8992195,30,10,2.5926,1.098,0.0344,0.392,NOMINAL,NORMAL,0,,0,14.0,4848,3213
1781430122.0240815,30,10,2.3968,1.008,0.0336,0.455,NOMINAL,NORMAL,0,,0,14.0,4848,3213
1781430122.1495473,30,10,2.7114,1.048,0.0364,0.386,NOMINAL,NORMAL,0,,0,14.0,4848,3213
1781430122.2736077,30,10,2.3834,0.816,0.0236,0.276,NOMINAL,NORMAL,0,,0,14.0,4848,3213
1781430122.3974423,30,10,1.536,0.84,0.0333,0.372,NOMINAL,NORMAL,0,,0,14.0,4848,3213
1781430122.5245612,30,10,2.8666,1.074,0.0355,0.389,NOMINAL,NORMAL,0,,4,13.5,4880,3213
1781430122.6475284,30,10,1.425,0.929,0.0341,0.386,NOMINAL,NORMAL,0,,4,13.5,4880,3213
1781430122.7741914,30,10,2.6401,1.034,0.035,0.384,NOMINAL,NORMAL,0,,4,13.5,4880,3213
1781430122.8992217,30,10,2.6137,1.024,0.0334,0.451,NOMINAL,NORMAL,0,,4,13.5,4880,3213
1781430123.0229087,30,10,1.6048,0.78,0.022,0.459,NOMINAL,NORMAL,0,,4,13.5,4880,3213
1781430123.14949,30,10,2.8893,1.105,0.0356,0.38,NOMINAL,NORMAL,0,,4,13.5,4880,3213
1781430123.2729049,30,10,1.7877,0.877,0.0236,0.26,NOMINAL,NORMAL,0,,4,13.5,4880,3213
1781430123.398019,30,10,1.6431,0.816,0.0244,0.442,NOMINAL,NORMAL,0,,4,13.5,4880,3213
1781430123.5245714,30,10,2.8503,1.086,0.0342,0.387,NOMINAL,NORMAL,0,,90,13.5,4888,3213
1781430123.6488616,30,10,2.4901,0.854,0.0233,0.273,NOMINAL,NORMAL,0,,90,13.5,4888,3213
1781430123.7746491,30,10,2.6689,1.158,0.0355,0.425,NOMINAL,NORMAL,0,,90,13.5,4888,3213
1781430123.8988357,30,10,2.6434,0.744,0.0235,0.291,NOMINAL,NORMAL,0,,90,13.5,4888,3213
1781430124.024341,30,10,2.6776,1.089,0.0362,0.39,NOMINAL,NORMAL,0,,90,13.5,4888,3213
1781430124.1496172,30,10,2.8363,1.387,0.0352,0.386,NOMINAL,NORMAL,0,,90,13.5,4888,3213
1781430124.2727668,30,10,1.4692,1.01,0.0356,0.397,NOMINAL,NORMAL,0,,90,13.5,4888,3213
1781430124.3992968,30,10,2.5728,1.236,0.0339,0.376,NOMINAL,NORMAL,0,,90,13.5,4888,3213
1781430124.5245206,30,10,2.6233,1.411,0.0351,0.365,NOMINAL,NORMAL,0,,77,13.0,4888,3213
1781430124.6498187,30,10,2.9725,1.349,0.0363,0.392,NOMINAL,NORMAL,0,,77,13.0,4888,3213
1781430124.7743993,30,10,2.7506,1.112,0.0375,0.401,NOMINAL,NORMAL,0,,77,13.0,4888,3213
1781430124.8982701,30,10,1.8081,0.991,0.022,0.292,NOMINAL,NORMAL,0,,77,13.0,4888,3213
1781430125.0229928,30,10,1.5181,1.389,0.0362,0.392,NOMINAL,NORMAL,0,,77,13.0,4888,3213
1781430125.149697,30,10,2.8605,1.324,0.0348,0.385,NOMINAL,NORMAL,0,,77,13.0,4888,3213
1781430125.2736225,30,10,2.3773,0.997,0.0234,0.28,NOMINAL,NORMAL,0,,77,13.0,4888,3213
1781430125.3994448,30,10,2.9378,1.005,0.0354,0.393,NOMINAL,NORMAL,0,,77,13.0,4888,3213
1781430125.5240226,30,10,2.8362,0.816,0.0231,0.258,NOMINAL,NORMAL,0,,92,13.3,4880,3213
1781430125.649219,30,10,2.6471,1.081,0.0369,0.385,NOMINAL,NORMAL,0,,92,13.3,4880,3213
1781430125.774245,30,10,2.6519,1.074,0.0351,0.377,NOMINAL,NORMAL,0,,92,13.3,4880,3213
1781430125.8978825,30,10,1.6193,0.868,0.0339,0.474,NOMINAL,NORMAL,0,,92,13.3,4880,3213
1781430126.0247188,30,10,2.9379,1.011,0.0358,0.38,NOMINAL,NORMAL,0,,92,13.3,4880,3213
1781430126.1492348,30,10,2.7089,1.003,0.0337,0.375,NOMINAL,NORMAL,0,,92,13.3,4880,3213
1781430126.2732265,30,10,1.9184,0.801,0.0237,0.268,NOMINAL,NORMAL,0,,92,13.3,4880,3213
1781430126.3988914,30,10,2.6018,0.885,0.0221,0.269,NOMINAL,NORMAL,0,,92,13.3,4880,3213
1781430126.5232322,30,10,2.057,0.767,0.0244,0.266,NOMINAL,NORMAL,0,,99,11.2,4888,3213
1781430126.6501293,30,10,3.4998,1.058,0.0362,0.402,NOMINAL,NORMAL,0,,99,11.2,4888,3213
1781430126.7745428,30,10,2.7696,1.022,0.0365,0.409,NOMINAL,NORMAL,0,,99,11.2,4888,3213
1781430126.8975744,30,10,1.5143,0.869,0.036,0.386,NOMINAL,NORMAL,0,,99,11.2,4888,3213
1781430127.024471,30,10,2.8124,1.059,0.0347,0.377,NOMINAL,NORMAL,0,,99,11.2,4888,3213
1781430127.1495104,30,10,2.984,0.851,0.0227,0.266,NOMINAL,NORMAL,0,,99,11.2,4888,3213
1781430127.2730637,30,10,1.6422,1.021,0.0356,0.387,NOMINAL,NORMAL,0,,99,11.2,4888,3213
1781430127.3995492,30,10,2.8671,1.047,0.0352,0.378,NOMINAL,NORMAL,0,,99,11.2,4888,3213
1781430127.5231028,30,10,1.5164,1.148,0.0354,0.387,NOMINAL,NORMAL,0,,99,13.0,4880,3213
1781430127.6493194,30,10,2.7613,1.083,0.0364,0.395,NOMINAL,NORMAL,0,,99,13.0,4880,3213
1781430127.7746391,30,10,2.6554,1.153,0.0362,0.448,NOMINAL,NORMAL,0,,99,13.0,4880,3213
1781430127.8985271,30,10,2.1227,1.013,0.0222,0.284,NOMINAL,NORMAL,0,,99,13.0,4880,3213
1781430128.0245705,30,10,2.6937,1.121,0.0347,0.406,NOMINAL,NORMAL,0,,99,13.0,4880,3213
1781430128.1486385,30,10,2.511,0.804,0.0222,0.254,NOMINAL,NORMAL,0,,99,13.0,4880,3213
1781430128.274245,30,10,2.7934,1.066,0.0346,0.384,NOMINAL,NORMAL,0,,99,13.0,4880,3213
1781430128.3995268,30,10,2.8531,1.035,0.0371,0.376,NOMINAL,NORMAL,0,,99,13.0,4880,3213
1781430128.5225039,30,10,1.4947,0.844,0.0352,0.374,NOMINAL,NORMAL,0,,99,12.3,4880,3213
1781430128.6493466,30,10,2.7387,1.074,0.0334,0.38,NOMINAL,NORMAL,0,,99,12.3,4880,3213
1781430128.7746558,30,10,2.7415,1.112,0.0223,0.308,NOMINAL,NORMAL,0,,99,12.3,4880,3213
1781430128.8993864,30,10,2.7151,1.143,0.0329,0.376,NOMINAL,NORMAL,0,,99,12.3,4880,3213
1781430129.0246801,30,10,2.7199,1.455,0.0347,0.38,NOMINAL,NORMAL,0,,99,12.3,4880,3213
1781430129.148048,30,10,1.6573,1.016,0.023,0.286,NOMINAL,NORMAL,0,,99,12.3,4880,3213
1781430129.2743318,30,10,2.7301,1.087,0.0361,0.384,NOMINAL,NORMAL,0,,99,12.3,4880,3213
1781430129.399373,30,10,2.7241,1.042,0.0336,0.371,NOMINAL,NORMAL,0,,99,12.3,4880,3213
1781430129.5236788,30,10,2.5018,0.763,0.0234,0.27,NOMINAL,NORMAL,0,,99,13.0,4928,3213
1781430129.6494234,30,10,2.8066,1.055,0.0364,0.419,NOMINAL,NORMAL,0,,99,13.0,4928,3213
1781430129.7738357,30,10,2.6028,0.842,0.0236,0.271,NOMINAL,NORMAL,0,,99,13.0,4928,3213
1781430129.8974059,30,10,1.4896,0.816,0.0339,0.369,NOMINAL,NORMAL,0,,99,13.0,4928,3213
1781430130.0244873,30,10,2.8536,1.058,0.0363,0.379,NOMINAL,NORMAL,0,,99,13.0,4928,3213
1781430130.1474442,30,10,1.4628,0.954,0.0336,0.386,NOMINAL,NORMAL,0,,99,13.0,4928,3213
1781430130.2742925,30,10,2.7573,1.074,0.0352,0.39,NOMINAL,NORMAL,0,,99,13.0,4928,3213
1781430130.3993533,30,10,2.755,1.037,0.0355,0.364,NOMINAL,NORMAL,0,,99,13.0,4928,3213
1781430130.524309,30,10,2.804,1.008,0.0525,0.397,NOMINAL,NORMAL,0,,99,12.0,4920,3214
1781430130.649523,30,10,2.8093,1.176,0.0341,0.387,NOMINAL,NORMAL,0,,99,12.0,4920,3214
1781430130.7730505,30,10,1.9011,0.797,0.0225,0.264,NOMINAL,NORMAL,0,,99,12.0,4920,3214
1781430130.8990016,30,10,2.7364,1.056,0.034,0.387,NOMINAL,NORMAL,0,,99,12.0,4920,3214
1781430131.0245948,30,10,2.8146,1.225,0.0359,0.391,NOMINAL,NORMAL,0,,99,12.0,4920,3214
1781430131.1476285,30,10,1.4947,0.983,0.036,0.419,NOMINAL,NORMAL,0,,99,12.0,4920,3214
1781430131.2744462,30,10,2.7781,1.065,0.0344,0.482,NOMINAL,NORMAL,0,,99,12.0,4920,3214
1781430131.3988924,30,10,2.7127,0.753,0.0231,0.251,NOMINAL,NORMAL,0,,99,12.0,4920,3214
1781430131.5245514,30,10,2.8379,1.089,0.0355,0.48,NOMINAL,NORMAL,0,,99,14.3,4999,3214
1781430131.6494827,30,10,2.8721,1.072,0.0357,0.38,NOMINAL,NORMAL,0,,99,14.3,4999,3214
1781430131.7726197,30,10,1.5217,0.904,0.0348,0.38,NOMINAL,NORMAL,0,,99,14.3,4999,3214
1781430131.899277,30,10,2.7694,1.017,0.0349,0.378,NOMINAL,NORMAL,0,,99,14.3,4999,3214
1781430132.0241766,30,10,2.8175,1.007,0.0346,0.388,NOMINAL,NORMAL,0,,99,14.3,4999,3214
1781430132.1480343,30,10,1.9879,0.774,0.0233,0.259,NOMINAL,NORMAL,0,,99,14.3,4999,3214
1781430132.2745721,30,10,2.8302,1.165,0.0354,0.387,NOMINAL,NORMAL,0,,99,14.3,4999,3214
1781430132.3980367,30,10,2.0316,0.725,0.0229,0.268,NOMINAL,NORMAL,0,,99,14.3,4999,3214
1781430132.5226946,30,10,1.5383,0.889,0.0353,0.427,NOMINAL,NORMAL,0,,15,12.7,4888,3214
1781430132.6496906,30,10,2.8871,1.238,0.0344,0.383,NOMINAL,NORMAL,0,,15,12.7,4888,3214
1781430132.7736928,30,10,2.4323,1.115,0.023,0.27,NOMINAL,NORMAL,0,,15,12.7,4888,3214
1781430132.8995614,30,10,2.7921,1.225,0.034,0.376,NOMINAL,NORMAL,0,,15,12.7,4888,3214
1781430133.0227146,30,10,1.5342,0.976,0.0352,0.436,NOMINAL,NORMAL,0,,15,12.7,4888,3214
1781430133.1492755,30,10,2.8602,1.035,0.0352,0.389,NOMINAL,NORMAL,0,,15,12.7,4888,3214
1781430133.2744102,30,10,2.8394,1.051,0.0346,0.384,NOMINAL,NORMAL,0,,15,12.7,4888,3214
1781430133.3980901,30,10,1.5327,1.177,0.0356,0.376,NOMINAL,NORMAL,0,,15,12.7,4888,3214
1781430133.524762,30,10,2.8734,1.044,0.0342,0.387,NOMINAL,NORMAL,0,,32,12.7,4888,3214
1781430133.6495156,30,10,2.8904,1.09,0.0346,0.386,NOMINAL,NORMAL,0,,32,12.7,4888,3214
1781430133.7737489,30,10,2.3698,0.988,0.0228,0.271,NOMINAL,NORMAL,0,,32,12.7,4888,3214
1781430133.8992786,30,10,2.8037,1.044,0.0349,0.385,NOMINAL,NORMAL,0,,32,12.7,4888,3214
1781430134.0239155,30,10,2.5581,1.015,0.0236,0.268,NOMINAL,NORMAL,0,,32,12.7,4888,3214
1781430134.1496189,30,10,2.8987,1.298,0.0348,0.39,NOMINAL,NORMAL,0,,32,12.7,4888,3214
1781430134.2748613,30,10,2.9028,1.34,0.0366,0.441,NOMINAL,NORMAL,0,,32,12.7,4888,3214
1781430134.3979373,30,10,1.5347,1.22,0.0368,0.375,NOMINAL,NORMAL,0,,32,12.7,4888,3214
1781430134.5241911,30,10,2.0703,1.149,0.0351,0.422,NOMINAL,NORMAL,0,,32,12.7,4888,3214
1781430134.6495593,30,10,2.9855,1.142,0.0249,0.265,NOMINAL,NORMAL,0,,0,12.5,4888,3214
1781430134.7746851,30,10,2.9559,1.06,0.0358,0.438,NOMINAL,NORMAL,0,,0,12.5,4888,3214
1781430134.8996136,30,10,2.7811,1.289,0.0348,0.383,NOMINAL,NORMAL,0,,0,12.5,4888,3214
1781430135.0235069,30,10,1.8712,1.28,0.0357,0.396,NOMINAL,NORMAL,0,,0,12.5,4888,3214
1781430135.1496162,30,10,2.8969,1.163,0.0354,0.399,NOMINAL,NORMAL,0,,0,12.5,4888,3214
1781430135.2743213,30,10,2.8873,1.022,0.0337,0.415,NOMINAL,NORMAL,0,,0,12.5,4888,3214
1781430135.399089,30,10,2.6029,0.985,0.0206,0.276,NOMINAL,NORMAL,0,,0,12.5,4888,3214
1781430135.5250163,30,10,2.9733,1.308,0.0357,0.392,NOMINAL,NORMAL,0,,0,12.5,4888,3214
1781430135.6492941,30,10,2.783,1.035,0.0236,0.299,NOMINAL,NORMAL,0,,0,13.0,4888,3214
1781430135.7747824,30,10,2.9321,1.271,0.0359,0.463,NOMINAL,NORMAL,0,,0,13.0,4888,3214
1781430135.8994694,30,10,3.0225,1.017,0.0352,0.378,NOMINAL,NORMAL,0,,0,13.0,4888,3214
1781430136.023744,30,10,2.4407,1.097,0.036,0.395,NOMINAL,NORMAL,0,,0,13.0,4888,3214
1781430136.149385,30,10,2.9638,1.002,0.0348,0.385,NOMINAL,NORMAL,0,,0,13.0,4888,3214
1781430136.2744648,30,10,2.9088,1.123,0.0234,0.337,NOMINAL,NORMAL,0,,0,13.0,4888,3214
1781430136.3996973,30,10,2.8897,1.069,0.0343,0.378,NOMINAL,NORMAL,0,,0,13.0,4888,3214
1781430136.5245962,30,10,2.9205,1.04,0.0368,0.394,NOMINAL,NORMAL,0,,0,13.0,4888,3214
1781430136.6493208,30,10,2.3086,1.243,0.0355,0.395,NOMINAL,NORMAL,0,,0,13.0,4888,3214
1781430136.774799,30,10,2.9297,1.285,0.0743,0.44,NOMINAL,NORMAL,0,,0,13.0,4888,3214
1781430136.8993433,30,10,2.8034,1.057,0.0345,0.371,NOMINAL,NORMAL,0,,0,13.0,4888,3214
1781430137.0228145,30,10,1.5568,1.213,0.0383,0.435,NOMINAL,NORMAL,0,,0,13.0,4888,3214
1781430137.149351,30,10,2.9734,1.008,0.0338,0.381,NOMINAL,NORMAL,0,,0,13.0,4888,3214
1781430137.2742314,30,10,3.1204,0.802,0.0795,0.335,NOMINAL,NORMAL,0,,0,13.0,4888,3214
1781430137.3977895,30,10,1.6205,0.933,0.0318,0.357,NOMINAL,NORMAL,0,,0,13.0,4888,3214
1781430137.522947,30,10,1.809,0.906,0.0276,0.296,NOMINAL,NORMAL,0,,0,13.0,4888,3214
1781430137.6489673,30,10,2.4318,1.075,0.0375,0.397,NOMINAL,NORMAL,0,,0,17.2,5158,3215
1781430137.774799,30,10,2.8851,1.263,0.037,0.416,NOMINAL,NORMAL,0,,0,17.2,5158,3215
1781430137.8996058,30,10,2.9009,1.096,0.0272,0.299,NOMINAL,NORMAL,0,,0,17.2,5158,3215
1781430138.0230515,30,10,1.9941,0.805,0.0222,0.27,NOMINAL,NORMAL,0,,0,17.2,5158,3215
1781430138.150028,30,10,2.9934,1.509,0.0358,0.394,NOMINAL,NORMAL,0,,0,17.2,5158,3215
1781430138.2732286,30,10,2.1084,0.794,0.0244,0.271,NOMINAL,NORMAL,0,,0,17.2,5158,3215
1781430138.399363,30,10,2.8641,1.017,0.0358,0.372,NOMINAL,NORMAL,0,,0,17.2,5158,3215
1781430138.5242794,30,10,2.8218,1.002,0.0362,0.381,NOMINAL,NORMAL,0,,0,17.2,5158,3215
1781430138.6481519,30,10,1.6053,1.318,0.0357,0.38,NOMINAL,NORMAL,0,,0,13.7,4920,3214
1781430138.7745411,30,10,2.9686,1.003,0.0336,0.373,NOMINAL,NORMAL,0,,0,13.7,4920,3214
1781430138.8993802,30,10,2.8839,1.077,0.0224,0.27,NOMINAL,NORMAL,0,,0,13.7,4920,3214
1781430139.0231113,30,10,1.6981,0.981,0.0357,0.4,NOMINAL,NORMAL,0,,0,13.7,4920,3214
1781430139.1493797,30,10,2.9643,1.045,0.0348,0.386,NOMINAL,NORMAL,0,,0,13.7,4920,3214
1781430139.2730274,30,10,1.6271,0.946,0.034,0.48,NOMINAL,NORMAL,0,,0,13.7,4920,3214
1781430139.3993998,30,10,2.8881,0.994,0.0326,0.367,NOMINAL,NORMAL,0,,0,13.7,4920,3214
1781430139.524614,30,10,2.966,1.142,0.0355,0.387,NOMINAL,NORMAL,0,,0,13.7,4920,3214
1781430139.6487541,30,10,2.1194,1.065,0.0238,0.305,NOMINAL,NORMAL,0,,0,12.3,4888,3215
1781430139.7747138,30,10,2.9658,1.107,0.0366,0.428,NOMINAL,NORMAL,0,,0,12.3,4888,3215
1781430139.898343,30,10,2.2374,0.736,0.0221,0.249,NOMINAL,NORMAL,0,,0,12.3,4888,3215
1781430140.0244062,30,10,2.9557,0.994,0.0351,0.374,NOMINAL,NORMAL,0,,0,12.3,4888,3215
1781430140.149548,30,10,2.9969,1.047,0.0358,0.374,NOMINAL,NORMAL,0,,0,12.3,4888,3215
1781430140.2736788,30,10,2.3418,1.286,0.0225,0.278,NOMINAL,NORMAL,0,,0,12.3,4888,3215
1781430140.3994744,30,10,2.8987,1.217,0.0352,0.365,NOMINAL,NORMAL,0,,0,12.3,4888,3215
1781430140.524214,30,10,2.956,0.899,0.0243,0.27,NOMINAL,NORMAL,0,,0,12.3,4888,3215
1781430140.6478565,30,10,1.6806,0.8,0.0239,0.26,NOMINAL,NORMAL,0,,0,12.2,4888,3216
1781430140.774578,30,10,2.9927,1.023,0.0356,0.426,NOMINAL,NORMAL,0,,0,12.2,4888,3216
1781430140.89772,30,10,1.5911,0.73,0.0223,0.252,NOMINAL,NORMAL,0,,0,12.2,4888,3216
1781430141.0244284,30,10,3.0027,0.982,0.0342,0.375,NOMINAL,NORMAL,0,,0,12.2,4888,3216
1781430141.149573,30,10,3.0511,1.031,0.0342,0.371,NOMINAL,NORMAL,0,,0,12.2,4888,3216
1781430141.273494,30,10,2.4164,0.767,0.0223,0.26,NOMINAL,NORMAL,0,,0,12.2,4888,3216
1781430141.399425,30,10,2.9209,0.998,0.0328,0.37,NOMINAL,NORMAL,0,,0,12.2,4888,3216
1781430141.5235953,30,10,2.5517,0.725,0.0224,0.26,NOMINAL,NORMAL,0,,0,12.2,4888,3216
1781430141.6497273,30,10,3.0339,1.091,0.0355,0.381,NOMINAL,NORMAL,0,,3,12.5,4848,3216
1781430141.7747903,30,10,2.9905,1.271,0.0686,0.413,NOMINAL,NORMAL,0,,3,12.5,4848,3216
1781430141.8975532,30,10,1.5935,0.861,0.0344,0.378,NOMINAL,NORMAL,0,,3,12.5,4848,3216
1781430142.0240808,30,10,2.7499,0.938,0.027,0.313,NOMINAL,NORMAL,0,,3,12.5,4848,3216
1781430142.149503,30,10,3.0057,0.995,0.0215,0.255,NOMINAL,NORMAL,0,,3,12.5,4848,3216
1781430142.2746623,30,10,3.0127,0.968,0.0344,0.425,NOMINAL,NORMAL,0,,3,12.5,4848,3216
1781430142.3995097,30,10,2.9598,1.019,0.0334,0.377,NOMINAL,NORMAL,0,,3,12.5,4848,3216
1781430142.5230873,30,10,1.8286,0.817,0.0348,0.378,NOMINAL,NORMAL,0,,3,12.5,4848,3216
1781430142.6496954,30,10,3.0379,1.098,0.0369,0.388,NOMINAL,NORMAL,0,,13,12.2,4888,3216
1781430142.774845,30,10,3.0197,1.163,0.0357,0.421,NOMINAL,NORMAL,0,,13,12.2,4888,3216
1781430142.8985882,30,10,2.7405,0.742,0.0238,0.273,NOMINAL,NORMAL,0,,13,12.2,4888,3216
1781430143.024812,30,10,3.0572,1.251,0.035,0.378,NOMINAL,NORMAL,0,,13,12.2,4888,3216
1781430143.148892,30,10,2.8064,0.758,0.022,0.26,NOMINAL,NORMAL,0,,13,12.2,4888,3216
1781430143.2728214,30,10,1.6639,1.021,0.0354,0.38,NOMINAL,NORMAL,0,,13,12.2,4888,3216
1781430143.3994436,30,10,2.9676,0.991,0.0354,0.365,NOMINAL,NORMAL,0,,13,12.2,4888,3216
1781430143.5226107,30,10,1.5822,0.911,0.0359,0.415,NOMINAL,NORMAL,0,,13,12.2,4888,3216
1781430143.6495554,30,10,3.015,1.012,0.0324,0.356,NOMINAL,NORMAL,0,,99,12.5,4888,3216
1781430143.7748587,30,10,3.0499,1.252,0.0247,0.274,NOMINAL,NORMAL,0,,99,12.5,4888,3216
1781430143.8995893,30,10,3.0135,1.052,0.0337,0.38,NOMINAL,NORMAL,0,,99,12.5,4888,3216
1781430144.0248566,30,10,3.0757,1.262,0.0352,0.381,NOMINAL,NORMAL,0,,99,12.5,4888,3216
1781430144.148422,30,10,2.0709,0.999,0.0256,0.269,NOMINAL,NORMAL,0,,99,12.5,4888,3216
1781430144.2746286,30,10,3.0691,1.006,0.0351,0.406,NOMINAL,NORMAL,0,,99,12.5,4888,3216
1781430144.399589,30,10,2.9296,1.033,0.0364,0.379,NOMINAL,NORMAL,0,,99,12.5,4888,3216
1781430144.5229585,30,10,1.6197,0.993,0.0407,0.561,NOMINAL,NORMAL,0,,99,12.5,4888,3216
1781430144.6496494,30,10,3.1007,1.026,0.0318,0.361,NOMINAL,NORMAL,0,,99,14.2,4880,3216
1781430144.7743316,30,10,2.9113,0.834,0.0249,0.295,NOMINAL,NORMAL,0,,99,14.2,4880,3216
1781430144.899666,30,10,3.0401,1.1,0.0351,0.37,NOMINAL,NORMAL,0,,99,14.2,4880,3216
1781430145.0246806,30,10,3.071,1.088,0.0355,0.391,NOMINAL,NORMAL,0,,99,14.2,4880,3216
1781430145.1480258,30,10,1.6568,1.077,0.0352,0.483,NOMINAL,NORMAL,0,,99,14.2,4880,3216
1781430145.2746382,30,10,3.0904,0.994,0.0352,0.421,NOMINAL,NORMAL,0,,99,14.2,4880,3216
1781430145.3995461,30,10,3.0231,1.006,0.0364,0.377,NOMINAL,NORMAL,0,,99,14.2,4880,3216
1781430145.5233312,30,10,2.0669,0.797,0.0239,0.263,NOMINAL,NORMAL,0,,99,14.2,4880,3216
1781430145.6497734,30,10,3.1284,1.065,0.0358,0.377,NOMINAL,NORMAL,0,,99,13.0,4888,3217
1781430145.773776,30,10,2.2468,1.048,0.0253,0.282,NOMINAL,NORMAL,0,,99,13.0,4888,3217
1781430145.8976498,30,10,1.6649,0.878,0.0358,0.377,NOMINAL,NORMAL,0,,99,13.0,4888,3217
1781430146.0245702,30,10,3.1091,1.007,0.0343,0.384,NOMINAL,NORMAL,0,,99,13.0,4888,3217
1781430146.148247,30,10,1.6083,1.489,0.0354,0.549,NOMINAL,NORMAL,0,,99,13.0,4888,3217
1781430146.274759,30,10,3.1049,1.07,0.0613,0.412,NOMINAL,NORMAL,0,,99,13.0,4888,3217
1781430146.399221,30,10,3.0485,0.753,0.0229,0.246,NOMINAL,NORMAL,0,,99,13.0,4888,3217
1781430146.5246272,30,10,3.0984,1.035,0.0335,0.388,NOMINAL,NORMAL,0,,99,13.0,4888,3217
1781430146.6496837,30,10,3.0924,1.045,0.0347,0.389,NOMINAL,NORMAL,0,,99,13.2,4888,3217
1781430146.7731636,30,10,1.742,0.925,0.0345,0.38,NOMINAL,NORMAL,0,,99,13.2,4888,3217
1781430146.899684,30,10,3.0304,1.069,0.0348,0.384,NOMINAL,NORMAL,0,,99,13.2,4888,3217
1781430147.0247118,30,10,3.1323,1.052,0.0363,0.39,NOMINAL,NORMAL,0,,99,13.2,4888,3217
1781430147.1483428,30,10,2.3965,0.757,0.0237,0.269,NOMINAL,NORMAL,0,,99,13.2,4888,3217
1781430147.2746246,30,10,3.084,1.017,0.0361,0.413,NOMINAL,NORMAL,0,,99,13.2,4888,3217
1781430147.3984878,30,10,2.4265,0.717,0.0218,0.25,NOMINAL,NORMAL,0,,99,13.2,4888,3217
1781430147.524737,30,10,3.1371,1.041,0.0346,0.383,NOMINAL,NORMAL,0,,99,13.2,4888,3217
1781430147.6497428,30,10,3.1412,1.054,0.0356,0.377,NOMINAL,NORMAL,0,,99,13.2,4920,3217
1781430147.774793,30,10,3.2192,1.189,0.0231,0.291,NOMINAL,NORMAL,0,,99,13.2,4920,3217
1781430147.8994768,30,10,3.0426,0.968,0.038,0.374,NOMINAL,NORMAL,0,,99,13.2,4920,3217
1781430148.0245857,30,10,3.0851,1.034,0.0232,0.268,NOMINAL,NORMAL,0,,99,13.2,4920,3217
1781430148.148267,30,10,1.7516,1.013,0.0381,0.4,NOMINAL,NORMAL,0,,99,13.2,4920,3217
1781430148.274741,30,10,3.1085,1.048,0.0371,0.43,NOMINAL,NORMAL,0,,99,13.2,4920,3217
1781430148.3978982,30,10,1.781,0.74,0.0247,0.263,NOMINAL,NORMAL,0,,99,13.2,4920,3217
1781430148.5247056,30,10,3.1146,1.054,0.034,0.379,NOMINAL,NORMAL,0,,99,13.2,4920,3217
1781430148.649954,30,10,3.2332,1.101,0.0374,0.397,NOMINAL,NORMAL,0,,99,13.8,4888,3217
1781430148.773968,30,10,2.4732,0.827,0.0245,0.274,NOMINAL,NORMAL,0,,99,13.8,4888,3217
1781430148.8998322,30,10,3.0584,1.126,0.0342,0.389,NOMINAL,NORMAL,0,,99,13.8,4888,3217
1781430149.024178,30,10,2.7831,0.986,0.0222,0.275,NOMINAL,NORMAL,0,,99,13.8,4888,3217
1781430149.1498682,30,10,3.1593,1.082,0.0356,0.391,NOMINAL,NORMAL,0,,99,13.8,4888,3217
1781430149.2750993,30,10,3.1396,1.121,0.0365,0.388,NOMINAL,NORMAL,0,,99,13.8,4888,3217
1781430149.397702,30,10,1.6835,0.835,0.0351,0.369,NOMINAL,NORMAL,0,,99,13.8,4888,3217
1781430149.5248168,30,10,3.2291,1.057,0.0362,0.392,NOMINAL,NORMAL,0,,99,13.8,4888,3217
1781430149.6497037,30,10,3.2553,1.001,0.0237,0.274,NOMINAL,NORMAL,0,,80,12.7,4880,3217
1781430149.7745101,30,10,3.1118,0.997,0.0328,0.375,NOMINAL,NORMAL,0,,80,12.7,4880,3217
1781430149.8998919,30,10,3.0758,1.142,0.0368,0.398,NOMINAL,NORMAL,0,,80,12.7,4880,3217
1781430150.023517,30,10,1.9913,1.098,0.0253,0.327,NOMINAL,NORMAL,0,,80,12.7,4880,3217
1781430150.1496983,30,10,3.2045,1.071,0.0387,0.409,NOMINAL,NORMAL,0,,80,12.7,4880,3217
1781430150.27473,30,10,3.1407,1.007,0.0358,0.415,NOMINAL,NORMAL,0,,80,12.7,4880,3217
1781430150.3988247,30,10,2.7484,0.728,0.0238,0.259,NOMINAL,NORMAL,0,,80,12.7,4880,3217
1781430150.5227437,30,10,1.7159,0.876,0.0358,0.433,NOMINAL,NORMAL,0,,80,12.7,4880,3217
1781430150.6490474,30,10,2.931,0.765,0.0238,0.261,NOMINAL,NORMAL,0,,50,14.3,4920,3217
1781430150.772934,30,10,1.7219,1.143,0.0356,0.387,NOMINAL,NORMAL,0,,50,14.3,4920,3217
1781430150.899754,30,10,3.1057,1.051,0.0346,0.369,NOMINAL,NORMAL,0,,50,14.3,4920,3217
1781430151.0228896,30,10,1.689,0.909,0.0373,0.421,NOMINAL,NORMAL,0,,50,14.3,4920,3217
1781430151.1497004,30,10,3.165,1.046,0.0351,0.38,NOMINAL,NORMAL,0,,50,14.3,4920,3217
1781430151.2747605,30,10,3.1719,0.988,0.0337,0.474,NOMINAL,NORMAL,0,,50,14.3,4920,3217
1781430151.3996823,30,10,3.094,1.107,0.0331,0.363,NOMINAL,NORMAL,0,,50,14.3,4920,3217
1781430151.524618,30,10,3.1842,0.976,0.0333,0.365,NOMINAL,NORMAL,0,,50,14.3,4920,3217
1781430151.6484103,30,10,2.2357,0.781,0.0231,0.259,NOMINAL,NORMAL,0,,77,11.8,4888,3217
1781430151.7745702,30,10,3.1315,1.006,0.0348,0.409,NOMINAL,NORMAL,0,,77,11.8,4888,3217
1781430151.8998303,30,10,3.1426,1.061,0.0341,0.369,NOMINAL,NORMAL,0,,77,11.8,4888,3217
1781430152.0227153,30,10,1.6861,0.893,0.0344,0.417,NOMINAL,NORMAL,0,,77,11.8,4888,3217
1781430152.1499977,30,10,3.2268,1.258,0.0353,0.375,NOMINAL,NORMAL,0,,77,11.8,4888,3217
1781430152.2741747,30,10,3.1423,0.778,0.023,0.261,NOMINAL,NORMAL,0,,77,11.8,4888,3217
1781430152.3995872,30,10,3.1597,0.958,0.0338,0.358,NOMINAL,NORMAL,0,,77,11.8,4888,3217
1781430152.5245419,30,10,3.1707,1.008,0.0353,0.378,NOMINAL,NORMAL,0,,77,11.8,4888,3217
1781430152.649558,30,10,3.2455,1.048,0.0359,0.385,NOMINAL,NORMAL,0,,40,12.5,4888,3217
1781430152.774633,30,10,3.1602,1.084,0.0356,0.399,NOMINAL,NORMAL,0,,40,12.5,4888,3217
1781430152.900416,30,10,3.4202,1.226,0.025,0.296,NOMINAL,NORMAL,0,,40,12.5,4888,3217
1781430153.023563,30,10,2.3108,0.853,0.0246,0.271,NOMINAL,NORMAL,0,,40,12.5,4888,3217
1781430153.1500654,30,10,3.2337,1.117,0.0361,0.394,NOMINAL,NORMAL,0,,40,12.5,4888,3217
1781430153.2737951,30,10,2.4328,0.856,0.0254,0.288,NOMINAL,NORMAL,0,,40,12.5,4888,3217
1781430153.3979511,30,10,1.7652,0.937,0.0368,0.393,NOMINAL,NORMAL,0,,40,12.5,4888,3217
1781430153.5250068,30,10,3.2693,1.076,0.0369,0.395,NOMINAL,NORMAL,0,,40,12.5,4888,3217
1781430153.64964,30,10,3.4681,0.831,0.024,0.267,NOMINAL,NORMAL,0,,40,12.5,4888,3217
1781430153.77501,30,10,3.2581,1.116,0.0361,0.395,NOMINAL,NORMAL,0,,0,20.0,4999,3218
1781430153.9000473,30,10,3.4789,0.944,0.0233,0.262,NOMINAL,NORMAL,0,,0,20.0,4999,3218
1781430154.0249724,30,10,3.2567,1.051,0.0332,0.385,NOMINAL,NORMAL,0,,0,20.0,4999,3218
1781430154.1498082,30,10,3.2434,1.067,0.0371,0.401,NOMINAL,NORMAL,0,,0,20.0,4999,3218
1781430154.2738657,30,10,1.8157,1.416,0.036,0.404,NOMINAL,NORMAL,0,,0,20.0,4999,3218
1781430154.4000232,30,10,3.2018,1.274,0.0342,0.371,NOMINAL,NORMAL,0,,0,20.0,4999,3218
1781430154.5250556,30,10,3.4469,1.062,0.0351,0.384,NOMINAL,NORMAL,0,,0,20.0,4999,3218
1781430154.6493585,30,10,2.8902,0.811,0.0241,0.272,NOMINAL,NORMAL,0,,0,20.0,4999,3218
1781430154.7751217,30,10,3.3029,1.112,0.0357,0.39,NOMINAL,NORMAL,0,,0,12.7,4920,3218
1781430154.8993149,30,10,2.9334,0.947,0.0242,0.26,NOMINAL,NORMAL,0,,0,12.7,4920,3218
1781430155.0253248,30,10,3.4529,1.138,0.0375,0.397,NOMINAL,NORMAL,0,,0,12.7,4920,3218
1781430155.1499517,30,10,3.3721,1.086,0.0376,0.398,NOMINAL,NORMAL,0,,0,12.7,4920,3218
1781430155.2748039,30,10,3.2756,1.14,0.0243,0.276,NOMINAL,NORMAL,0,,0,12.7,4920,3218
1781430155.3998058,30,10,3.2275,0.984,0.0366,0.378,NOMINAL,NORMAL,0,,0,12.7,4920,3218
1781430155.5246065,30,10,3.3073,0.899,0.0221,0.26,NOMINAL,NORMAL,0,,0,12.7,4920,3218
1781430155.6485877,30,10,2.1063,0.935,0.0357,0.39,NOMINAL,NORMAL,0,,0,12.7,4920,3218
1781430155.7750297,30,10,3.3218,1.091,0.035,0.391,NOMINAL,NORMAL,0,,0,12.7,4920,3218
1781430155.8987548,30,10,2.3693,0.882,0.0364,0.436,NOMINAL,NORMAL,0,,0,12.7,4920,3218
1781430156.02515,30,10,3.3232,1.054,0.035,0.39,NOMINAL,NORMAL,0,,0,12.7,4920,3218
1781430156.149955,30,10,3.3558,1.087,0.0357,0.397,NOMINAL,NORMAL,0,,0,12.7,4920,3218
1781430156.2743542,30,10,3.1392,1.062,0.036,0.39,NOMINAL,NORMAL,0,,0,12.7,4920,3218
1781430156.3997917,30,10,3.2048,1.148,0.0359,0.381,NOMINAL,NORMAL,0,,0,12.7,4920,3218
1781430156.5243778,30,10,3.142,0.795,0.0231,0.27,NOMINAL,NORMAL,0,,0,12.7,4920,3218
1781430156.6502361,30,10,3.3234,1.397,0.036,0.397,NOMINAL,NORMAL,0,,0,12.7,4920,3218
1781430156.7753308,30,10,3.3593,1.33,0.0363,0.381,NOMINAL,NORMAL,0,,0,12.2,4888,3218
1781430156.8986566,30,10,1.9082,1.235,0.0355,0.419,NOMINAL,NORMAL,0,,0,12.2,4888,3218
1781430157.025355,30,10,3.6057,1.106,0.0363,0.383,NOMINAL,NORMAL,0,,0,12.2,4888,3218
1781430157.1500201,30,10,3.4063,1.205,0.0239,0.306,NOMINAL,NORMAL,0,,0,12.2,4888,3218
1781430157.2752895,30,10,3.3466,1.303,0.0345,0.382,NOMINAL,NORMAL,0,,0,12.2,4888,3218
1781430157.4000812,30,10,3.2578,1.37,0.0339,0.385,NOMINAL,NORMAL,0,,0,12.2,4888,3218
1781430157.5239527,30,10,2.483,1.122,0.0327,0.384,NOMINAL,NORMAL,0,,0,12.2,4888,3218
1781430157.6483285,30,10,1.889,1.112,0.0357,0.394,NOMINAL,NORMAL,0,,0,12.2,4888,3218
1781430157.7747595,30,10,3.2665,1.067,0.0349,0.419,NOMINAL,NORMAL,0,,27,12.3,4888,3218
1781430157.8990576,30,10,2.8918,0.761,0.0224,0.259,NOMINAL,NORMAL,0,,27,12.3,4888,3218
1781430158.0249949,30,10,3.3354,1.092,0.035,0.385,NOMINAL,NORMAL,0,,27,12.3,4888,3218
1781430158.1493943,30,10,2.9675,0.783,0.0231,0.262,NOMINAL,NORMAL,0,,27,12.3,4888,3218
1781430158.2730803,30,10,1.7999,0.967,0.0366,0.394,NOMINAL,NORMAL,0,,27,12.3,4888,3218
1781430158.399789,30,10,3.236,1.002,0.0355,0.37,NOMINAL,NORMAL,0,,27,12.3,4888,3218
1781430158.5230637,30,10,1.7592,0.978,0.0349,0.382,NOMINAL,NORMAL,0,,27,12.3,4888,3218
1781430158.6499698,30,10,3.3811,1.064,0.0356,0.378,NOMINAL,NORMAL,0,,27,12.3,4888,3218
1781430158.7750278,30,10,3.2775,1.031,0.0351,0.549,NOMINAL,NORMAL,0,,0,12.2,4848,3218
1781430158.8983514,30,10,2.1943,0.758,0.0222,0.265,NOMINAL,NORMAL,0,,0,12.2,4848,3218
1781430159.0249841,30,10,3.3865,1.049,0.0344,0.372,NOMINAL,NORMAL,0,,0,12.2,4848,3218
1781430159.1486397,30,10,2.4364,0.807,0.025,0.271,NOMINAL,NORMAL,0,,0,12.2,4848,3218
1781430159.2748861,30,10,3.3518,1.017,0.0356,0.373,NOMINAL,NORMAL,0,,0,12.2,4848,3218
1781430159.39998,30,10,3.2153,1.228,0.0349,0.364,NOMINAL,NORMAL,0,,0,12.2,4848,3218
1781430159.5228546,30,10,1.78,0.9,0.0347,0.428,NOMINAL,NORMAL,0,,0,12.2,4848,3218
1781430159.649969,30,10,3.382,1.056,0.0361,0.381,NOMINAL,NORMAL,0,,0,12.2,4848,3218
1781430159.7745361,30,10,3.3049,0.815,0.023,0.286,NOMINAL,NORMAL,0,,0,13.0,4888,3218
1781430159.8995807,30,10,3.2624,0.987,0.0348,0.368,NOMINAL,NORMAL,0,,0,13.0,4888,3218
1781430160.0248501,30,10,3.3386,1.013,0.0332,0.37,NOMINAL,NORMAL,0,,0,13.0,4888,3218
1781430160.148249,30,10,1.8529,1.006,0.0354,0.386,NOMINAL,NORMAL,0,,0,13.0,4888,3218
1781430160.2749789,30,10,3.3546,1.131,0.0337,0.392,NOMINAL,NORMAL,0,,0,13.0,4888,3218
1781430160.3998501,30,10,3.3004,1.057,0.0343,0.376,NOMINAL,NORMAL,0,,0,13.0,4888,3218
1781430160.5236254,30,10,2.5297,0.75,0.0226,0.256,NOMINAL,NORMAL,0,,0,13.0,4888,3218
1781430160.6485107,30,10,1.982,1.03,0.0353,0.415,NOMINAL,NORMAL,0,,0,13.0,4888,3218
1781430160.7737222,30,10,2.7259,0.771,0.0228,0.262,NOMINAL,NORMAL,0,,0,11.8,4928,3219
1781430160.8979297,30,10,1.7745,1.042,0.0368,0.375,NOMINAL,NORMAL,0,,0,11.8,4928,3219
1781430161.0248468,30,10,3.3975,1.011,0.0349,0.379,NOMINAL,NORMAL,0,,0,11.8,4928,3219
1781430161.1481757,30,10,1.8659,1.085,0.0351,0.386,NOMINAL,NORMAL,0,,0,11.8,4928,3219
1781430161.2749732,30,10,3.3259,1.109,0.0348,0.398,NOMINAL,NORMAL,0,,0,11.8,4928,3219
1781430161.399514,30,10,3.245,0.882,0.0228,0.248,NOMINAL,NORMAL,0,,0,11.8,4928,3219
1781430161.5249135,30,10,3.3985,1.015,0.0362,0.377,NOMINAL,NORMAL,0,,0,11.8,4928,3219
1781430161.6500547,30,10,3.4557,1.053,0.0359,0.39,NOMINAL,NORMAL,0,,0,11.8,4928,3219
1781430161.7733808,30,10,1.9667,0.924,0.036,0.383,NOMINAL,NORMAL,0,,0,12.7,4888,3219
1781430161.9001575,30,10,3.3133,1.32,0.0357,0.388,NOMINAL,NORMAL,0,,0,12.7,4888,3219
1781430162.0249674,30,10,3.4123,1.041,0.0338,0.385,NOMINAL,NORMAL,0,,0,12.7,4888,3219
1781430162.1489444,30,10,2.7339,0.833,0.0234,0.277,NOMINAL,NORMAL,0,,0,12.7,4888,3219
1781430162.2749898,30,10,3.386,1.096,0.0342,0.38,NOMINAL,NORMAL,0,,0,12.7,4888,3219
1781430162.3989058,30,10,2.7876,0.752,0.0234,0.265,NOMINAL,NORMAL,0,,0,12.7,4888,3219
1781430162.5229096,30,10,1.8005,0.935,0.0341,0.434,NOMINAL,NORMAL,0,,0,12.7,4888,3219
1781430162.6499193,30,10,3.3751,1.071,0.034,0.381,NOMINAL,NORMAL,0,,0,12.7,4888,3219
1781430162.7729461,30,10,1.8336,0.931,0.0337,0.39,NOMINAL,NORMAL,0,,99,13.5,4888,3219
1781430162.9001422,30,10,3.3432,1.229,0.034,0.379,NOMINAL,NORMAL,0,,99,13.5,4888,3219
1781430163.0248005,30,10,3.4268,1.033,0.0246,0.266,NOMINAL,NORMAL,0,,99,13.5,4888,3219
1781430163.1481783,30,10,2.0314,0.802,0.0227,0.267,NOMINAL,NORMAL,0,,99,13.5,4888,3219
1781430163.2749755,30,10,3.3814,1.053,0.034,0.376,NOMINAL,NORMAL,0,,99,13.5,4888,3219
1781430163.3983238,30,10,2.1263,0.797,0.0232,0.327,NOMINAL,NORMAL,0,,99,13.5,4888,3219
1781430163.5228152,30,10,1.7881,0.914,0.0357,0.418,NOMINAL,NORMAL,0,,99,13.5,4888,3219
1781430163.6492484,30,10,3.2355,0.783,0.0248,0.282,NOMINAL,NORMAL,0,,99,13.5,4888,3219
1781430163.7745478,30,10,3.0406,1.055,0.0345,0.442,NOMINAL,NORMAL,0,,99,13.0,4928,3219
1781430163.9008057,30,10,3.426,1.62,0.0367,0.387,NOMINAL,NORMAL,0,,99,13.0,4928,3219
1781430164.0245125,30,10,3.1635,1.015,0.0234,0.264,NOMINAL,NORMAL,0,,99,13.0,4928,3219
1781430164.150442,30,10,3.4231,1.275,0.0336,0.379,NOMINAL,NORMAL,0,,99,13.0,4928,3219
1781430164.2736256,30,10,1.9957,1.062,0.0375,0.407,NOMINAL,NORMAL,0,,99,13.0,4928,3219
1781430164.3981807,30,10,1.8216,0.87,0.0364,0.375,NOMINAL,NORMAL,0,,99,13.0,4928,3219
1781430164.5250556,30,10,3.4795,1.053,0.034,0.379,NOMINAL,NORMAL,0,,99,13.0,4928,3219
1781430164.6501231,30,10,3.4155,1.281,0.0225,0.265,NOMINAL,NORMAL,0,,99,13.0,4928,3219
1781430164.7734566,30,10,2.2457,0.851,0.0242,0.277,NOMINAL,NORMAL,0,,99,12.3,4880,3219
1781430164.9000192,30,10,3.3635,1.046,0.0342,0.386,NOMINAL,NORMAL,0,,99,12.3,4880,3219
1781430165.0233796,30,10,2.3364,0.753,0.023,0.254,NOMINAL,NORMAL,0,,99,12.3,4880,3219
1781430165.1499782,30,10,3.4268,1.033,0.0354,0.382,NOMINAL,NORMAL,0,,99,12.3,4880,3219
1781430165.27492,30,10,3.4192,1.076,0.0361,0.394,NOMINAL,NORMAL,0,,99,12.3,4880,3219
1781430165.3977666,30,10,1.8214,0.825,0.0347,0.38,NOMINAL,NORMAL,0,,99,12.3,4880,3219
1781430165.5250516,30,10,3.4831,1.038,0.0346,0.387,NOMINAL,NORMAL,0,,99,12.3,4880,3219
1781430165.649528,30,10,3.3317,0.808,0.0244,0.265,NOMINAL,NORMAL,0,,99,12.3,4880,3219
1781430165.7730603,30,10,1.8728,0.878,0.0344,0.376,NOMINAL,NORMAL,0,,99,13.2,4920,3219
1781430165.8998415,30,10,3.3784,0.955,0.0342,0.363,NOMINAL,NORMAL,0,,99,13.2,4920,3219
1781430166.0231256,30,10,1.8419,0.901,0.0349,0.381,NOMINAL,NORMAL,0,,99,13.2,4920,3219
1781430166.1500444,30,10,3.4952,1.04,0.0341,0.374,NOMINAL,NORMAL,0,,99,13.2,4920,3219
1781430166.2751868,30,10,3.4427,1.099,0.0368,0.505,NOMINAL,NORMAL,0,,99,13.2,4920,3219
1781430166.3985574,30,10,2.4809,0.724,0.0239,0.276,NOMINAL,NORMAL,0,,99,13.2,4920,3219
1781430166.5250564,30,10,3.514,1.028,0.0356,0.384,NOMINAL,NORMAL,0,,99,13.2,4920,3219
1781430166.6487806,30,10,2.6817,0.772,0.0246,0.266,NOMINAL,NORMAL,0,,99,13.2,4920,3219
1781430166.774818,30,10,3.4266,0.992,0.0372,0.417,NOMINAL,NORMAL,0,,99,12.8,4888,3220
1781430166.8997474,30,10,3.3712,0.993,0.0344,0.38,NOMINAL,NORMAL,0,,99,12.8,4888,3220
1781430167.0227833,30,10,1.8217,0.839,0.0665,0.41,NOMINAL,NORMAL,0,,99,12.8,4888,3220
1781430167.150049,30,10,3.5045,1.03,0.0348,0.382,NOMINAL,NORMAL,0,,99,12.8,4888,3220
1781430167.2742424,30,10,2.903,1.164,0.024,0.275,NOMINAL,NORMAL,0,,99,12.8,4888,3220
1781430167.3996866,30,10,3.365,0.968,0.0349,0.366,NOMINAL,NORMAL,0,,99,12.8,4888,3220
1781430167.5250096,30,10,3.5199,1.022,0.0341,0.379,NOMINAL,NORMAL,0,,99,12.8,4888,3220
1781430167.6482806,30,10,2.0221,0.901,0.0342,0.388,NOMINAL,NORMAL,0,,99,12.8,4888,3220
1781430167.7750666,30,10,3.489,1.034,0.0332,0.384,NOMINAL,NORMAL,0,,99,12.3,4888,3220
1781430167.9000745,30,10,3.511,1.019,0.0347,0.385,NOMINAL,NORMAL,0,,99,12.3,4888,3220
1781430168.02277,30,10,1.8431,0.846,0.0347,0.426,NOMINAL,NORMAL,0,,99,12.3,4888,3220
1781430168.149898,30,10,3.5065,1.027,0.0356,0.383,NOMINAL,NORMAL,0,,99,12.3,4888,3220
1781430168.2740598,30,10,2.8338,0.8,0.0227,0.268,NOMINAL,NORMAL,0,,99,12.3,4888,3220
1781430168.3980176,30,10,1.8466,0.857,0.0336,0.378,NOMINAL,NORMAL,0,,99,12.3,4888,3220
1781430168.5251522,30,10,3.5414,1.043,0.0339,0.391,NOMINAL,NORMAL,0,,99,12.3,4888,3220
1781430168.64855,30,10,2.0428,1.292,0.0338,0.377,NOMINAL,NORMAL,0,,99,12.3,4888,3220
1781430168.77527,30,10,3.5168,1.256,0.0348,0.382,NOMINAL,NORMAL,0,,99,13.0,4920,3220
1781430168.899657,30,10,3.412,1.013,0.023,0.256,NOMINAL,NORMAL,0,,99,13.0,4920,3220
1781430169.0251079,30,10,3.5316,1.03,0.0342,0.385,NOMINAL,NORMAL,0,,99,13.0,4920,3220
1781430169.150175,30,10,3.5316,1.053,0.0358,0.381,NOMINAL,NORMAL,0,,99,13.0,4920,3220
1781430169.2736814,30,10,2.0061,0.93,0.0342,0.396,NOMINAL,NORMAL,0,,99,13.0,4920,3220
1781430169.400065,30,10,3.4401,1.039,0.0351,0.383,NOMINAL,NORMAL,0,,99,13.0,4920,3220
1781430169.5252707,30,10,3.511,1.022,0.0337,0.382,NOMINAL,NORMAL,0,,99,13.0,4920,3220
1781430169.6482313,30,10,1.9478,1.096,0.0344,0.394,NOMINAL,NORMAL,0,,99,13.0,4920,3220
1781430169.7749934,30,10,3.4031,1.148,0.0344,0.39,NOMINAL,NORMAL,0,,99,12.5,4880,3220
1781430169.8991256,30,10,2.9867,0.74,0.022,0.254,NOMINAL,NORMAL,0,,99,12.5,4880,3220
1781430170.0250542,30,10,3.5277,1.05,0.0356,0.385,NOMINAL,NORMAL,0,,99,12.5,4880,3220
1781430170.150126,30,10,3.5698,1.028,0.0339,0.379,NOMINAL,NORMAL,0,,99,12.5,4880,3220
1781430170.2736256,30,10,2.354,1.085,0.0277,0.309,NOMINAL,NORMAL,0,,99,12.5,4880,3220
1781430170.4001675,30,10,3.5493,0.997,0.0357,0.376,NOMINAL,NORMAL,0,,99,12.5,4880,3220
1781430170.5249095,30,10,3.5252,0.968,0.0251,0.285,NOMINAL,NORMAL,0,,99,12.5,4880,3220
1781430170.6501698,30,10,3.6769,1.014,0.0352,0.37,NOMINAL,NORMAL,0,,99,12.5,4880,3220
1781430170.775337,30,10,3.5159,1.316,0.0356,0.374,NOMINAL,NORMAL,0,,99,12.2,4880,3220
1781430170.898431,30,10,2.3022,0.742,0.0225,0.259,NOMINAL,NORMAL,0,,99,12.2,4880,3220
1781430171.0229642,30,10,1.8746,0.985,0.0351,0.385,NOMINAL,NORMAL,0,,99,12.2,4880,3220
1781430171.1499927,30,10,3.5455,0.965,0.0331,0.353,NOMINAL,NORMAL,0,,99,12.2,4880,3220
1781430171.2739177,30,10,3.0526,0.689,0.0195,0.231,NOMINAL,NORMAL,0,,99,12.2,4880,3220
1781430171.3998368,30,10,3.4437,1.03,0.0344,0.385,NOMINAL,NORMAL,0,,99,12.2,4880,3220
1781430171.5245051,30,10,3.3268,0.776,0.0254,0.271,NOMINAL,NORMAL,0,,99,12.2,4880,3220
1781430171.6501777,30,10,3.5906,1.075,0.0354,0.385,NOMINAL,NORMAL,0,,99,12.2,4880,3220
1781430171.7751007,30,10,3.5478,1.053,0.035,0.385,NOMINAL,NORMAL,0,,99,14.0,4880,3220
1781430171.898049,30,10,1.8772,0.874,0.0358,0.37,NOMINAL,NORMAL,0,,99,14.0,4880,3220
1781430172.0252314,30,10,3.5977,1.069,0.0349,0.39,NOMINAL,NORMAL,0,,99,14.0,4880,3220
1781430172.1502433,30,10,3.6007,1.057,0.0278,0.435,NOMINAL,NORMAL,0,,99,14.0,4880,3220
1781430172.2735136,30,10,2.5369,0.761,0.0231,0.265,NOMINAL,NORMAL,0,,99,14.0,4880,3220
1781430172.3999693,30,10,3.5159,1.019,0.0351,0.388,NOMINAL,NORMAL,0,,99,14.0,4880,3220
1781430172.523792,30,10,2.6645,0.771,0.0225,0.265,NOMINAL,NORMAL,0,,99,14.0,4880,3220
1781430172.650147,30,10,3.5873,1.053,0.0341,0.386,NOMINAL,NORMAL,0,,99,14.0,4880,3220
1781430172.7736185,30,10,2.5531,0.781,0.0227,0.314,NOMINAL,NORMAL,0,,99,14.0,4880,3220
1781430172.8977978,30,10,1.8771,0.824,0.0324,0.365,NOMINAL,NORMAL,0,,0,13.3,4888,3220
1781430173.0249884,30,10,3.5905,0.991,0.0342,0.37,NOMINAL,NORMAL,0,,0,13.3,4888,3220
1781430173.1496203,30,10,3.4818,0.782,0.0236,0.257,NOMINAL,NORMAL,0,,0,13.3,4888,3220
1781430173.2734032,30,10,1.976,1.024,0.0373,0.396,NOMINAL,NORMAL,0,,0,13.3,4888,3220
1781430173.4002228,30,10,3.63,0.989,0.0347,0.376,NOMINAL,NORMAL,0,,0,13.3,4888,3220
1781430173.52334,30,10,1.9507,0.897,0.0324,0.376,NOMINAL,NORMAL,0,,0,13.3,4888,3220
1781430173.650228,30,10,3.6598,1.019,0.034,0.374,NOMINAL,NORMAL,0,,0,13.3,4888,3220
1781430173.7748966,30,10,3.6214,0.843,0.0219,0.251,NOMINAL,NORMAL,0,,0,13.3,4888,3220
1781430173.8987625,30,10,2.5755,0.758,0.0235,0.263,NOMINAL,NORMAL,0,,0,13.2,4888,3220
1781430174.0250945,30,10,3.6906,0.908,0.0286,0.314,NOMINAL,NORMAL,0,,0,13.2,4888,3220
1781430174.1489866,30,10,2.7902,0.718,0.0227,0.254,NOMINAL,NORMAL,0,,0,13.2,4888,3220
1781430174.274321,30,10,3.055,1.047,0.0341,0.383,NOMINAL,NORMAL,0,,0,13.2,4888,3220
1781430174.4001389,30,10,3.5786,1.027,0.0328,0.368,NOMINAL,NORMAL,0,,0,13.2,4888,3220
1781430174.524789,30,10,3.5956,0.794,0.0234,0.261,NOMINAL,NORMAL,0,,0,13.2,4888,3220
1781430174.6502388,30,10,3.6485,1.047,0.0351,0.376,NOMINAL,NORMAL,0,,0,13.2,4888,3220
1781430174.774979,30,10,3.5882,0.885,0.0238,0.274,NOMINAL,NORMAL,0,,0,13.2,4888,3220
1781430174.900137,30,10,3.6133,0.97,0.0328,0.365,NOMINAL,NORMAL,0,,5,13.5,4888,3220
1781430175.025354,30,10,3.6628,1.072,0.0353,0.395,NOMINAL,NORMAL,0,,5,13.5,4888,3220
1781430175.1487184,30,10,2.1967,1.013,0.0364,0.408,NOMINAL,NORMAL,0,,5,13.5,4888,3220
1781430175.2752454,30,10,3.6968,0.983,0.025,0.281,NOMINAL,NORMAL,0,,5,13.5,4888,3220
1781430175.400294,30,10,3.6226,1.069,0.0355,0.397,NOMINAL,NORMAL,0,,5,13.5,4888,3220
1781430175.5228856,30,10,1.894,0.928,0.0372,0.459,NOMINAL,NORMAL,0,,5,13.5,4888,3220
1781430175.65023,30,10,3.638,1.068,0.035,0.39,NOMINAL,NORMAL,0,,5,13.5,4888,3220
1781430175.7752056,30,10,3.5949,1.083,0.034,0.38,NOMINAL,NORMAL,0,,5,13.5,4888,3220
1781430175.8979268,30,10,1.9288,0.876,0.0343,0.379,NOMINAL,NORMAL,0,,0,14.0,4960,3221
1781430176.0250545,30,10,3.6464,0.984,0.0345,0.372,NOMINAL,NORMAL,0,,0,14.0,4960,3221
1781430176.1481595,30,10,2.0634,0.936,0.0322,0.348,NOMINAL,NORMAL,0,,0,14.0,4960,3221
1781430176.2749684,30,10,3.6104,0.937,0.0309,0.355,NOMINAL,NORMAL,0,,0,14.0,4960,3221
1781430176.3997848,30,10,3.5474,0.92,0.0232,0.251,NOMINAL,NORMAL,0,,0,14.0,4960,3221
1781430176.523695,30,10,2.2019,1.004,0.0372,0.383,NOMINAL,NORMAL,0,,0,14.0,4960,3221
1781430176.6502683,30,10,3.67,1.065,0.0363,0.384,NOMINAL,NORMAL,0,,0,14.0,4960,3221
1781430176.7734718,30,10,2.3205,0.779,0.0235,0.259,NOMINAL,NORMAL,0,,0,14.0,4960,3221
1781430176.900218,30,10,3.7081,1.086,0.037,0.384,NOMINAL,NORMAL,0,,0,12.3,4888,3221
1781430177.0251243,30,10,3.6742,0.995,0.0352,0.377,NOMINAL,NORMAL,0,,0,12.3,4888,3221
1781430177.148678,30,10,2.1363,1.301,0.0358,0.394,NOMINAL,NORMAL,0,,0,12.3,4888,3221
1781430177.2751908,30,10,3.6395,1.069,0.0348,0.372,NOMINAL,NORMAL,0,,0,12.3,4888,3221
1781430177.3992722,30,10,3.1962,0.711,0.0232,0.26,NOMINAL,NORMAL,0,,0,12.3,4888,3221
1781430177.523071,30,10,1.9383,0.984,0.035,0.397,NOMINAL,NORMAL,0,,0,12.3,4888,3221
1781430177.6503305,30,10,3.7184,1.067,0.0358,0.387,NOMINAL,NORMAL,0,,0,12.3,4888,3221
1781430177.773251,30,10,1.9781,0.963,0.0348,0.388,NOMINAL,NORMAL,0,,0,12.3,4888,3221
1781430177.9000766,30,10,3.5933,0.978,0.0347,0.379,NOMINAL,NORMAL,0,,0,12.8,4888,3221
1781430178.025118,30,10,3.7228,0.968,0.0246,0.29,NOMINAL,NORMAL,0,,0,12.8,4888,3221
1781430178.1486018,30,10,2.4644,0.79,0.0233,0.27,NOMINAL,NORMAL,0,,0,12.8,4888,3221
1781430178.2752411,30,10,3.6671,1.047,0.0332,0.378,NOMINAL,NORMAL,0,,0,12.8,4888,3221
1781430178.398762,30,10,2.5317,0.716,0.0238,0.379,NOMINAL,NORMAL,0,,0,12.8,4888,3221
1781430178.523088,30,10,1.9683,0.971,0.0332,0.393,NOMINAL,NORMAL,0,,0,12.8,4888,3221
1781430178.6502821,30,10,3.7272,1.01,0.0342,0.384,NOMINAL,NORMAL,0,,0,12.8,4888,3221
1781430178.774683,30,10,3.3419,0.787,0.0239,0.302,NOMINAL,NORMAL,0,,0,12.8,4888,3221
1781430178.90028,30,10,3.7646,0.999,0.0355,0.37,NOMINAL,NORMAL,0,,0,13.3,4880,3221
1781430179.024881,30,10,3.5623,0.935,0.0225,0.255,NOMINAL,NORMAL,0,,0,13.3,4880,3221
1781430179.1501954,30,10,3.7496,0.961,0.0327,0.366,NOMINAL,NORMAL,0,,0,13.3,4880,3221
1781430179.2751715,30,10,3.6907,1.0,0.0328,0.36,NOMINAL,NORMAL,0,,0,13.3,4880,3221
1781430179.3981395,30,10,2.0018,0.78,0.0316,0.354,NOMINAL,NORMAL,0,,0,13.3,4880,3221
1781430179.52533,30,10,3.7534,1.051,0.0362,0.387,NOMINAL,NORMAL,0,,0,13.3,4880,3221
1781430179.6502957,30,10,3.7582,1.034,0.0346,0.353,NOMINAL,NORMAL,0,,0,13.3,4880,3221
1781430179.773976,30,10,2.6967,0.83,0.0334,0.369,NOMINAL,NORMAL,0,,0,13.3,4880,3221
1781430179.9002895,30,10,3.7174,1.041,0.0342,0.378,NOMINAL,NORMAL,0,,23,14.2,4888,3222
1781430180.0239773,30,10,2.8336,0.805,0.023,0.269,NOMINAL,NORMAL,0,,23,14.2,4888,3222
1781430180.1753047,30,10,3.7547,1.074,0.0354,0.376,NOMINAL,NORMAL,0,,23,14.2,4888,3222
1781430180.275328,30,10,3.7683,1.066,0.0343,0.384,NOMINAL,NORMAL,0,,23,14.2,4888,3222
1781430180.3977633,30,10,1.9333,0.873,0.035,0.38,NOMINAL,NORMAL,0,,23,14.2,4888,3222
1781430180.5256095,30,10,3.7682,1.29,0.0354,0.391,NOMINAL,NORMAL,0,,23,14.2,4888,3222
1781430180.649808,30,10,3.7136,0.835,0.0247,0.275,NOMINAL,NORMAL,0,,23,14.2,4888,3222
1781430180.775463,30,10,3.7073,1.275,0.0355,0.392,NOMINAL,NORMAL,0,,23,14.2,4888,3222
1781430180.9002984,30,10,3.7514,0.991,0.0339,0.383,NOMINAL,NORMAL,0,,40,14.0,4888,3222
1781430181.023429,30,10,2.0842,0.921,0.0365,0.389,NOMINAL,NORMAL,0,,40,14.0,4888,3222
1781430181.1503272,30,10,3.7394,1.065,0.0353,0.413,NOMINAL,NORMAL,0,,40,14.0,4888,3222
1781430181.2752478,30,10,3.7187,1.035,0.0356,0.375,NOMINAL,NORMAL,0,,40,14.0,4888,3222
1781430181.398821,30,10,2.8532,0.732,0.0232,0.252,NOMINAL,NORMAL,0,,40,14.0,4888,3222
1781430181.5250263,30,10,3.7175,0.973,0.0338,0.369,NOMINAL,NORMAL,0,,40,14.0,4888,3222
1781430181.6491795,30,10,3.0357,0.796,0.0248,0.271,NOMINAL,NORMAL,0,,40,14.0,4888,3222
1781430181.7743278,30,10,3.1939,0.982,0.0337,0.36,NOMINAL,NORMAL,0,,40,14.0,4888,3222
1781430181.9003706,30,10,3.8287,1.018,0.0352,0.373,NOMINAL,NORMAL,0,,58,12.7,4920,3222
1781430182.02314,30,10,1.9785,0.999,0.0348,0.389,NOMINAL,NORMAL,0,,58,12.7,4920,3222
1781430182.150411,30,10,3.7646,1.164,0.0343,0.378,NOMINAL,NORMAL,0,,58,12.7,4920,3222
1781430182.274967,30,10,3.7443,0.871,0.0219,0.25,NOMINAL,NORMAL,0,,58,12.7,4920,3222
1781430182.400141,30,10,3.7527,0.934,0.0352,0.361,NOMINAL,NORMAL,0,,58,12.7,4920,3222
1781430182.525238,30,10,3.7436,1.029,0.0332,0.381,NOMINAL,NORMAL,0,,58,12.7,4920,3222
1781430182.648824,30,10,2.3629,0.97,0.0342,0.393,NOMINAL,NORMAL,0,,58,12.7,4920,3222
1781430182.7753444,30,10,3.7747,1.069,0.0351,0.378,NOMINAL,NORMAL,0,,58,12.7,4920,3222
1781430182.9004734,30,10,3.81,1.065,0.0351,0.388,NOMINAL,NORMAL,0,,99,12.7,4888,3222
1781430183.022983,30,10,1.9539,1.055,0.0343,0.384,NOMINAL,NORMAL,0,,99,12.7,4888,3222
1781430183.1502957,30,10,3.7703,1.035,0.0345,0.386,NOMINAL,NORMAL,0,,99,12.7,4888,3222
1781430183.2753034,30,10,3.7718,1.042,0.0335,0.378,NOMINAL,NORMAL,0,,99,12.7,4888,3222
1781430183.4002147,30,10,3.7558,0.985,0.0329,0.382,NOMINAL,NORMAL,0,,99,12.7,4888,3222
1781430183.525513,30,10,3.8923,1.062,0.0352,0.399,NOMINAL,NORMAL,0,,99,12.7,4888,3222
1781430183.650362,30,10,3.8873,0.919,0.0255,0.281,NOMINAL,NORMAL,0,,99,12.7,4888,3222
1781430183.7752094,30,10,3.7573,1.065,0.036,0.391,NOMINAL,NORMAL,0,,99,12.7,4888,3222
1781430183.9002526,30,10,3.8179,0.998,0.023,0.264,NOMINAL,NORMAL,0,,99,14.2,4920,3222
1781430184.023781,30,10,2.405,0.866,0.0357,0.379,NOMINAL,NORMAL,0,,99,14.2,4920,3222
1781430184.150344,30,10,3.7815,1.059,0.0342,0.381,NOMINAL,NORMAL,0,,99,14.2,4920,3222
1781430184.2740042,30,10,2.6007,0.924,0.0345,0.393,NOMINAL,NORMAL,0,,99,14.2,4920,3222
1781430184.400252,30,10,3.7351,0.999,0.0346,0.385,NOMINAL,NORMAL,0,,99,14.2,4920,3222
1781430184.5250618,30,10,3.7455,0.999,0.0347,0.381,NOMINAL,NORMAL,0,,99,14.2,4920,3222
1781430184.6488183,30,10,2.335,1.232,0.0355,0.398,NOMINAL,NORMAL,0,,99,14.2,4920,3222
1781430184.7741294,30,10,2.6286,0.944,0.0338,0.376,NOMINAL,NORMAL,0,,99,14.2,4920,3222
1781430184.899769,30,10,3.4418,0.947,0.0228,0.261,NOMINAL,NORMAL,0,,99,13.5,4920,3222
1781430185.0256002,30,10,3.822,1.287,0.035,0.378,NOMINAL,NORMAL,0,,99,13.5,4920,3222
1781430185.150223,30,10,3.8773,0.981,0.0332,0.368,NOMINAL,NORMAL,0,,99,13.5,4920,3222
1781430185.2733228,30,10,2.0887,0.876,0.0351,0.367,NOMINAL,NORMAL,0,,99,13.5,4920,3222
1781430185.4002337,30,10,3.7819,0.944,0.0352,0.386,NOMINAL,NORMAL,0,,99,13.5,4920,3222
1781430185.5252259,30,10,3.8565,0.947,0.0251,0.264,NOMINAL,NORMAL,0,,99,13.5,4920,3222
1781430185.6486459,30,10,2.5636,0.765,0.0215,0.254,NOMINAL,NORMAL,0,,99,13.5,4920,3222
1781430185.7755609,30,10,3.8673,1.062,0.0343,0.378,NOMINAL,NORMAL,0,,99,13.5,4920,3222
1781430185.8995168,30,10,2.9889,0.874,0.0345,0.38,NOMINAL,NORMAL,0,,99,13.7,4880,3222
1781430186.0254385,30,10,3.8584,1.002,0.0339,0.375,NOMINAL,NORMAL,0,,99,13.7,4880,3222
1781430186.1503894,30,10,3.8914,0.959,0.0337,0.361,NOMINAL,NORMAL,0,,99,13.7,4880,3222
1781430186.2745662,30,10,3.799,0.655,0.019,0.257,NOMINAL,NORMAL,0,,99,13.7,4880,3222
1781430186.4005075,30,10,3.8525,0.973,0.0337,0.376,NOMINAL,NORMAL,0,,99,13.7,4880,3222
1781430186.5231206,30,10,2.0419,0.971,0.0342,0.389,NOMINAL,NORMAL,0,,99,13.7,4880,3222
1781430186.6484404,30,10,2.1195,0.919,0.0346,0.372,NOMINAL,NORMAL,0,,99,13.7,4880,3222
1781430186.775579,30,10,3.8491,1.06,0.0356,0.382,NOMINAL,NORMAL,0,,99,13.7,4880,3222
1781430186.8985758,30,10,2.0844,0.895,0.0357,0.448,NOMINAL,NORMAL,0,,99,13.8,4920,3222
1781430187.025481,30,10,3.9398,1.033,0.0351,0.384,NOMINAL,NORMAL,0,,99,13.8,4920,3222
1781430187.1487706,30,10,2.3331,0.955,0.0346,0.389,NOMINAL,NORMAL,0,,99,13.8,4920,3222
1781430187.2740147,30,10,2.8446,0.798,0.0235,0.264,NOMINAL,NORMAL,0,,99,13.8,4920,3222
1781430187.4003315,30,10,3.8154,1.002,0.0339,0.373,NOMINAL,NORMAL,0,,99,13.8,4920,3222
1781430187.5241234,30,10,3.0195,0.76,0.0213,0.264,NOMINAL,NORMAL,0,,99,13.8,4920,3222
1781430187.6502266,30,10,3.838,1.036,0.0346,0.382,NOMINAL,NORMAL,0,,99,13.8,4920,3222
1781430187.774019,30,10,2.4074,0.971,0.0368,0.396,NOMINAL,NORMAL,0,,99,13.8,4920,3222
1781430187.8980339,30,10,2.0293,0.859,0.0356,0.373,NOMINAL,NORMAL,0,,99,14.3,4920,3222
1781430188.0254881,30,10,3.8805,1.05,0.0357,0.381,NOMINAL,NORMAL,0,,99,14.3,4920,3222
1781430188.150011,30,10,3.8364,0.789,0.0241,0.263,NOMINAL,NORMAL,0,,99,14.3,4920,3222
1781430188.2751884,30,10,3.7958,0.929,0.0324,0.34,NOMINAL,NORMAL,0,,99,14.3,4920,3222
1781430188.400354,30,10,3.8708,0.964,0.0361,0.38,NOMINAL,NORMAL,0,,99,14.3,4920,3222
1781430188.5236626,30,10,2.1831,1.011,0.0355,0.38,NOMINAL,NORMAL,0,,99,14.3,4920,3222
1781430188.6505299,30,10,3.9272,1.056,0.0356,0.424,NOMINAL,NORMAL,0,,99,14.3,4920,3222
1781430188.775624,30,10,3.9433,1.045,0.0349,0.38,NOMINAL,NORMAL,0,,99,14.3,4920,3222
1781430188.8991609,30,10,3.0436,0.823,0.0229,0.269,NOMINAL,NORMAL,0,,86,14.3,4880,3222
1781430189.0254054,30,10,3.8461,1.064,0.035,0.386,NOMINAL,NORMAL,0,,86,14.3,4880,3222
1781430189.1492343,30,10,3.2724,0.747,0.0234,0.261,NOMINAL,NORMAL,0,,86,14.3,4880,3222
1781430189.273081,30,10,2.0717,0.869,0.0379,0.528,NOMINAL,NORMAL,0,,86,14.3,4880,3222
1781430189.4004176,30,10,3.88,0.993,0.0358,0.372,NOMINAL,NORMAL,0,,86,14.3,4880,3222
1781430189.5233004,30,10,2.1517,0.933,0.0355,0.393,NOMINAL,NORMAL,0,,86,14.3,4880,3222
1781430189.6505144,30,10,3.9469,1.061,0.0353,0.408,NOMINAL,NORMAL,0,,86,14.3,4880,3222
1781430189.775159,30,10,3.8541,0.895,0.0236,0.266,NOMINAL,NORMAL,0,,86,14.3,4880,3222
1781430189.8987474,30,10,2.304,0.878,0.0346,0.428,NOMINAL,NORMAL,0,,44,14.2,4880,3222
1781430190.0256727,30,10,3.9776,1.092,0.0362,0.394,NOMINAL,NORMAL,0,,44,14.2,4880,3222
1781430190.1492996,30,10,2.5643,1.215,0.0354,0.397,NOMINAL,NORMAL,0,,44,14.2,4880,3222
1781430190.2755253,30,10,3.9135,1.076,0.0345,0.386,NOMINAL,NORMAL,0,,44,14.2,4880,3222
1781430190.4002967,30,10,3.8818,0.993,0.0321,0.377,NOMINAL,NORMAL,0,,44,14.2,4880,3222
1781430190.5231652,30,10,2.0481,1.027,0.0347,0.394,NOMINAL,NORMAL,0,,44,14.2,4880,3222
1781430190.65062,30,10,3.9636,1.058,0.0348,0.441,NOMINAL,NORMAL,0,,44,14.2,4880,3222
1781430190.7746923,30,10,3.4902,0.777,0.0235,0.311,NOMINAL,NORMAL,0,,44,14.2,4880,3222
1781430190.8981361,30,10,2.0834,0.903,0.0367,0.378,NOMINAL,NORMAL,0,,29,14.2,4920,3222
1781430191.0254354,30,10,3.9692,1.01,0.0351,0.384,NOMINAL,NORMAL,0,,29,14.2,4920,3222
1781430191.148975,30,10,2.4377,1.257,0.038,0.386,NOMINAL,NORMAL,0,,29,14.2,4920,3222
1781430191.2753472,30,10,4.0009,1.021,0.0329,0.375,NOMINAL,NORMAL,0,,29,14.2,4920,3222
1781430191.4002779,30,10,3.9622,0.919,0.0233,0.246,NOMINAL,NORMAL,0,,29,14.2,4920,3222
1781430191.523552,30,10,2.7331,0.682,0.0219,0.249,NOMINAL,NORMAL,0,,29,14.2,4920,3222
1781430191.650566,30,10,3.9889,1.019,0.0333,0.425,NOMINAL,NORMAL,0,,29,14.2,4920,3222
1781430191.7739205,30,10,2.8162,0.762,0.0353,0.372,NOMINAL,NORMAL,0,,29,14.2,4920,3222
1781430191.8989847,30,10,3.1206,0.916,0.0256,0.317,NOMINAL,NORMAL,0,,29,14.2,4920,3222
1781430192.0252786,30,10,3.9248,0.993,0.034,0.381,NOMINAL,NORMAL,0,,86,13.2,4880,3222
1781430192.1482823,30,10,2.2626,0.994,0.0341,0.381,NOMINAL,NORMAL,0,,86,13.2,4880,3222
1781430192.2752867,30,10,3.9391,0.935,0.0251,0.277,NOMINAL,NORMAL,0,,86,13.2,4880,3222
1781430192.399592,30,10,3.6736,0.607,0.0199,0.229,NOMINAL,NORMAL,0,,86,13.2,4880,3222
1781430192.524231,30,10,2.7138,1.054,0.0364,0.391,NOMINAL,NORMAL,0,,86,13.2,4880,3222
1781430192.65042,30,10,3.993,1.022,0.0354,0.377,NOMINAL,NORMAL,0,,86,13.2,4880,3222
1781430192.7735596,30,10,2.1374,0.957,0.035,0.386,NOMINAL,NORMAL,0,,86,13.2,4880,3222
1781430192.900529,30,10,3.9744,1.012,0.0359,0.382,NOMINAL,NORMAL,0,,86,13.2,4880,3222
1781430193.0254529,30,10,3.9836,1.02,0.0355,0.337,NOMINAL,NORMAL,0,,0,13.5,4888,3222
1781430193.1488287,30,10,2.8391,0.778,0.0217,0.267,NOMINAL,NORMAL,0,,0,13.5,4888,3222
1781430193.275384,30,10,3.9675,1.032,0.0333,0.392,NOMINAL,NORMAL,0,,0,13.5,4888,3222
1781430193.398895,30,10,2.9603,0.737,0.0216,0.253,NOMINAL,NORMAL,0,,0,13.5,4888,3222
1781430193.5256388,30,10,4.0656,1.052,0.0356,0.387,NOMINAL,NORMAL,0,,0,13.5,4888,3222
1781430193.6506796,30,10,4.0317,1.052,0.0356,0.437,NOMINAL,NORMAL,0,,0,13.5,4888,3222
1781430193.7749946,30,10,3.7626,0.823,0.0243,0.267,NOMINAL,NORMAL,0,,0,13.5,4888,3222
1781430193.9005473,30,10,4.0247,1.036,0.0356,0.38,NOMINAL,NORMAL,0,,0,13.5,4888,3222
1781430194.025006,30,10,3.9098,0.767,0.0226,0.257,NOMINAL,NORMAL,0,,0,13.8,4888,3222
1781430194.1485598,30,10,2.2166,0.888,0.0345,0.379,NOMINAL,NORMAL,0,,0,13.8,4888,3222
1781430194.275566,30,10,4.0043,1.029,0.0351,0.377,NOMINAL,NORMAL,0,,0,13.8,4888,3222
1781430194.3984718,30,10,2.1966,0.838,0.035,0.365,NOMINAL,NORMAL,0,,0,13.8,4888,3222
1781430194.5255816,30,10,4.0375,1.036,0.0362,0.379,NOMINAL,NORMAL,0,,0,13.8,4888,3222
1781430194.6504624,30,10,3.976,1.032,0.0352,0.382,NOMINAL,NORMAL,0,,0,13.8,4888,3222
1781430194.774226,30,10,3.0924,0.784,0.0234,0.262,NOMINAL,NORMAL,0,,0,13.8,4888,3222
1781430194.9005914,30,10,3.9814,1.047,0.0356,0.395,NOMINAL,NORMAL,0,,0,13.8,4888,3222
1781430195.0244567,30,10,3.2061,0.803,0.0231,0.267,NOMINAL,NORMAL,0,,1,13.5,4880,3222
1781430195.1509929,30,10,4.19,1.239,0.0316,0.35,NOMINAL,NORMAL,0,,1,13.5,4880,3222
1781430195.2757173,30,10,4.0364,1.07,0.0344,0.365,NOMINAL,NORMAL,0,,1,13.5,4880,3222
1781430195.3983166,30,10,2.124,1.077,0.0319,0.345,NOMINAL,NORMAL,0,,1,13.5,4880,3222
1781430195.5256221,30,10,4.1142,1.053,0.037,0.399,NOMINAL,NORMAL,0,,1,13.5,4880,3222
1781430195.650447,30,10,4.1993,0.769,0.0238,0.259,NOMINAL,NORMAL,0,,1,13.5,4880,3222
1781430195.77556,30,10,4.0504,1.008,0.0347,0.378,NOMINAL,NORMAL,0,,1,13.5,4880,3222
1781430195.900696,30,10,4.2074,1.062,0.0367,0.399,NOMINAL,NORMAL,0,,1,13.5,4880,3222
1781430196.0240571,30,10,2.8676,0.834,0.0363,0.383,NOMINAL,NORMAL,0,,0,13.0,4848,3222
1781430196.149013,30,10,2.8714,1.035,0.0343,0.384,NOMINAL,NORMAL,0,,0,13.0,4848,3222
1781430196.2754776,30,10,4.0912,1.016,0.0351,0.373,NOMINAL,NORMAL,0,,0,13.0,4848,3222
1781430196.3994527,30,10,3.6118,0.702,0.0226,0.255,NOMINAL,NORMAL,0,,0,13.0,4848,3222
1781430196.5254617,30,10,4.1071,0.96,0.0352,0.373,NOMINAL,NORMAL,0,,0,13.0,4848,3222
1781430196.6496406,30,10,3.686,0.736,0.0245,0.257,NOMINAL,NORMAL,0,,0,13.0,4848,3222
1781430196.773716,30,10,2.241,1.182,0.0334,0.383,NOMINAL,NORMAL,0,,0,13.0,4848,3222
1781430196.9005563,30,10,4.1043,0.979,0.0549,0.399,NOMINAL,NORMAL,0,,0,13.0,4848,3222
1781430197.024132,30,10,2.1746,1.417,0.0364,0.399,NOMINAL,NORMAL,0,,0,12.5,4888,3222
1781430197.1504583,30,10,3.9976,1.042,0.0349,0.377,NOMINAL,NORMAL,0,,0,12.5,4888,3222
1781430197.2752755,30,10,4.0514,0.932,0.0241,0.265,NOMINAL,NORMAL,0,,0,12.5,4888,3222
1781430197.3992767,30,10,2.7205,0.965,0.0351,0.394,NOMINAL,NORMAL,0,,0,12.5,4888,3222
1781430197.5254836,30,10,4.1395,0.995,0.035,0.384,NOMINAL,NORMAL,0,,0,12.5,4888,3222
1781430197.649478,30,10,2.9651,1.165,0.0353,0.396,NOMINAL,NORMAL,0,,0,12.5,4888,3222
1781430197.7755513,30,10,4.116,1.061,0.0344,0.388,NOMINAL,NORMAL,0,,0,12.5,4888,3222
1781430197.900379,30,10,3.9946,0.991,0.0343,0.381,NOMINAL,NORMAL,0,,0,12.5,4888,3222
1781430198.023646,30,10,2.1512,1.301,0.0345,0.393,NOMINAL,NORMAL,0,,0,13.3,4888,3222
1781430198.1507404,30,10,4.212,1.05,0.0345,0.435,NOMINAL,NORMAL,0,,0,13.3,4888,3222
1781430198.2749557,30,10,3.9783,0.75,0.0235,0.253,NOMINAL,NORMAL,0,,0,13.3,4888,3222
1781430198.4008565,30,10,4.023,1.235,0.0343,0.39,NOMINAL,NORMAL,0,,0,13.3,4888,3222
1781430198.5256054,30,10,4.2542,0.934,0.0225,0.267,NOMINAL,NORMAL,0,,0,13.3,4888,3222
1781430198.6491606,30,10,2.2912,1.464,0.0355,0.386,NOMINAL,NORMAL,0,,0,13.3,4888,3222
1781430198.775526,30,10,4.1171,1.03,0.0351,0.372,NOMINAL,NORMAL,0,,0,13.3,4888,3222
1781430198.9007354,30,10,4.3899,1.027,0.0243,0.261,NOMINAL,NORMAL,0,,0,13.3,4888,3222
1781430199.0248635,30,10,3.0344,1.209,0.0356,0.388,NOMINAL,NORMAL,0,,23,13.3,4880,3222
1781430199.1507125,30,10,4.1812,1.062,0.0364,0.435,NOMINAL,NORMAL,0,,23,13.3,4880,3222
1781430199.2742436,30,10,3.2245,0.748,0.0241,0.266,NOMINAL,NORMAL,0,,23,13.3,4880,3222
1781430199.3983488,30,10,2.1613,1.214,0.0363,0.387,NOMINAL,NORMAL,0,,23,13.3,4880,3222
1781430199.5256612,30,10,4.0449,0.975,0.0344,0.365,NOMINAL,NORMAL,0,,23,13.3,4880,3222
1781430199.6490579,30,10,2.6726,1.153,0.035,0.364,NOMINAL,NORMAL,0,,23,13.3,4880,3222
1781430199.7746298,30,10,3.3447,0.958,0.0295,0.36,NOMINAL,NORMAL,0,,23,13.3,4880,3222
1781430199.9000387,30,10,4.0366,0.783,0.0229,0.251,NOMINAL,NORMAL,0,,23,13.3,4880,3222
1781430200.025883,30,10,4.1878,1.058,0.0341,0.376,NOMINAL,NORMAL,0,,36,14.0,4880,3223
1781430200.1508,30,10,4.2021,0.959,0.0371,0.407,NOMINAL,NORMAL,0,,36,14.0,4880,3223
1781430200.2736423,30,10,2.3076,0.829,0.0349,0.364,NOMINAL,NORMAL,0,,36,14.0,4880,3223
1781430200.400864,30,10,4.2183,1.001,0.0356,0.377,NOMINAL,NORMAL,0,,36,14.0,4880,3223
1781430200.525788,30,10,4.1838,0.972,0.1551,0.443,NOMINAL,NORMAL,0,,36,14.0,4880,3223
1781430200.6490405,30,10,3.0228,0.695,0.023,0.239,NOMINAL,NORMAL,0,,36,14.0,4880,3223
1781430200.7759886,30,10,4.167,0.963,0.0345,0.374,NOMINAL,NORMAL,0,,36,14.0,4880,3223
1781430200.899218,30,10,3.0888,0.694,0.0222,0.243,NOMINAL,NORMAL,0,,36,14.0,4880,3223
1781430201.0260289,30,10,4.2265,1.015,0.0354,0.374,NOMINAL,NORMAL,0,,48,13.8,4888,3223
1781430201.1509676,30,10,4.1468,0.987,0.0346,0.362,NOMINAL,NORMAL,0,,48,13.8,4888,3223
1781430201.274793,30,10,3.7491,0.755,0.0221,0.242,NOMINAL,NORMAL,0,,48,13.8,4888,3223
1781430201.4006467,30,10,4.1846,0.942,0.0346,0.356,NOMINAL,NORMAL,0,,48,13.8,4888,3223
1781430201.5252373,30,10,4.0809,0.711,0.0229,0.242,NOMINAL,NORMAL,0,,48,13.8,4888,3223
1781430201.648746,30,10,2.3653,0.845,0.034,0.374,NOMINAL,NORMAL,0,,48,13.8,4888,3223
1781430201.7760034,30,10,4.1767,0.977,0.0354,0.373,NOMINAL,NORMAL,0,,48,13.8,4888,3223
1781430201.8989832,30,10,2.6645,0.735,0.0356,0.364,NOMINAL,NORMAL,0,,48,13.8,4888,3223
1781430202.0257525,30,10,4.1575,1.02,0.0355,0.375,NOMINAL,NORMAL,0,,99,13.2,4888,3223
1781430202.1510708,30,10,4.2657,1.106,0.0368,0.372,NOMINAL,NORMAL,0,,99,13.2,4888,3223
1781430202.2746751,30,10,3.164,0.746,0.0232,0.318,NOMINAL,NORMAL,0,,99,13.2,4888,3223
1781430202.400914,30,10,4.2346,1.018,0.0364,0.391,NOMINAL,NORMAL,0,,99,13.2,4888,3223
1781430202.5245368,30,10,3.3971,0.727,0.0252,0.254,NOMINAL,NORMAL,0,,99,13.2,4888,3223
1781430202.6509678,30,10,4.2503,1.097,0.0365,0.387,NOMINAL,NORMAL,0,,99,13.2,4888,3223
1781430202.7760642,30,10,4.1573,1.035,0.0357,0.385,NOMINAL,NORMAL,0,,99,13.2,4888,3223
1781430202.898441,30,10,2.2476,0.865,0.0358,0.376,NOMINAL,NORMAL,0,,99,13.2,4888,3223
1781430203.0260262,30,10,4.1781,0.998,0.0346,0.364,NOMINAL,NORMAL,0,,99,12.8,4880,3223
1781430203.1507978,30,10,4.2509,1.018,0.0251,0.265,NOMINAL,NORMAL,0,,99,12.8,4880,3223
1781430203.2761557,30,10,4.2207,1.132,0.0377,0.378,NOMINAL,NORMAL,0,,99,12.8,4880,3223
1781430203.4008906,30,10,4.2996,0.969,0.0338,0.373,NOMINAL,NORMAL,0,,99,12.8,4880,3223
1781430203.524047,30,10,2.7235,0.829,0.0344,0.366,NOMINAL,NORMAL,0,,99,12.8,4880,3223
1781430203.650859,30,10,4.2484,1.018,0.0361,0.425,NOMINAL,NORMAL,0,,99,12.8,4880,3223
1781430203.7759137,30,10,4.2965,0.979,0.0367,0.402,NOMINAL,NORMAL,0,,99,12.8,4880,3223
1781430203.8993883,30,10,3.6193,0.689,0.0235,0.243,NOMINAL,NORMAL,0,,99,12.8,4880,3223
1781430204.0259767,30,10,4.2282,1.236,0.0358,0.372,NOMINAL,NORMAL,0,,99,12.8,4880,3223
1781430204.1499903,30,10,3.6308,0.94,0.0245,0.252,NOMINAL,NORMAL,0,,99,12.8,4880,3223
1781430204.2737546,30,10,2.28,1.134,0.0353,0.391,NOMINAL,NORMAL,0,,99,12.8,4880,3223
1781430204.400867,30,10,4.2942,0.957,0.0356,0.368,NOMINAL,NORMAL,0,,99,12.8,4880,3223
1781430204.524589,30,10,3.0624,1.063,0.0348,0.384,NOMINAL,NORMAL,0,,99,12.8,4880,3223
1781430204.650871,30,10,4.259,1.021,0.0373,0.403,NOMINAL,NORMAL,0,,99,12.8,4880,3223
1781430204.7758052,30,10,4.2744,0.796,0.0243,0.247,NOMINAL,NORMAL,0,,99,12.8,4880,3223
1781430204.8992538,30,10,2.8551,0.823,0.0373,0.374,NOMINAL,NORMAL,0,,99,12.8,4880,3223
1781430205.0258393,30,10,4.2163,0.998,0.0374,0.416,NOMINAL,NORMAL,0,,99,13.3,4888,3223
1781430205.1491382,30,10,2.8688,0.757,0.0241,0.256,NOMINAL,NORMAL,0,,99,13.3,4888,3223
1781430205.276052,30,10,4.3771,1.008,0.0369,0.369,NOMINAL,NORMAL,0,,99,13.3,4888,3223
1781430205.4011815,30,10,4.3015,1.013,0.0355,0.37,NOMINAL,NORMAL,0,,99,13.3,4888,3223
1781430205.5249324,30,10,3.7253,0.749,0.024,0.249,NOMINAL,NORMAL,0,,99,13.3,4888,3223
1781430205.6511862,30,10,4.2661,1.09,0.0371,0.377,NOMINAL,NORMAL,0,,99,13.3,4888,3223
1781430205.7750978,30,10,3.8212,0.789,0.0238,0.259,NOMINAL,NORMAL,0,,99,13.3,4888,3223
1781430205.9008665,30,10,4.2579,1.006,0.0351,0.374,NOMINAL,NORMAL,0,,99,13.3,4888,3223
1781430206.0259523,30,10,4.3233,1.001,0.0364,0.373,NOMINAL,NORMAL,0,,99,13.2,4880,3223
1781430206.1488092,30,10,2.3726,0.892,0.0355,0.375,NOMINAL,NORMAL,0,,99,13.2,4880,3223
1781430206.2759354,30,10,4.2435,1.01,0.0361,0.392,NOMINAL,NORMAL,0,,99,13.2,4880,3223
1781430206.4008698,30,10,4.2668,1.072,0.0261,0.262,NOMINAL,NORMAL,0,,99,13.2,4880,3223
1781430206.5241501,30,10,3.0626,0.696,0.0243,0.245,NOMINAL,NORMAL,0,,99,13.2,4880,3223
1781430206.650988,30,10,4.318,1.058,0.0359,0.379,NOMINAL,NORMAL,0,,99,13.2,4880,3223
1781430206.774279,30,10,3.08,0.72,0.0235,0.287,NOMINAL,NORMAL,0,,99,13.2,4880,3223
1781430206.8984015,30,10,2.3237,0.868,0.0367,0.381,NOMINAL,NORMAL,0,,99,13.2,4880,3223
1781430207.0258942,30,10,4.3307,0.975,0.0343,0.364,NOMINAL,NORMAL,0,,99,12.8,4880,3223
1781430207.149322,30,10,2.9357,1.128,0.0351,0.37,NOMINAL,NORMAL,0,,99,12.8,4880,3223
1781430207.2760286,30,10,4.2636,1.049,0.036,0.381,NOMINAL,NORMAL,0,,99,12.8,4880,3223
1781430207.4002926,30,10,4.1081,0.727,0.0243,0.255,NOMINAL,NORMAL,0,,99,12.8,4880,3223
1781430207.5241704,30,10,2.5833,1.004,0.037,0.387,NOMINAL,NORMAL,0,,99,12.8,4880,3223
1781430207.6509902,30,10,4.2744,1.085,0.0362,0.373,NOMINAL,NORMAL,0,,99,12.8,4880,3223
1781430207.7743065,30,10,2.3515,1.134,0.0355,0.378,NOMINAL,NORMAL,0,,99,12.8,4880,3223
1781430207.9012969,30,10,4.4881,1.225,0.0347,0.366,NOMINAL,NORMAL,0,,99,12.8,4880,3223
1781430208.02608,30,10,4.2878,0.983,0.0267,0.278,NOMINAL,NORMAL,0,,99,12.5,4888,3223
1781430208.1494274,30,10,3.2508,0.746,0.0236,0.247,NOMINAL,NORMAL,0,,99,12.5,4888,3223
1781430208.2763052,30,10,4.3551,1.256,0.0366,0.379,NOMINAL,NORMAL,0,,99,12.5,4888,3223
1781430208.3994868,30,10,3.2805,0.722,0.0232,0.245,NOMINAL,NORMAL,0,,99,12.5,4888,3223
1781430208.5258574,30,10,4.3043,0.971,0.0358,0.37,NOMINAL,NORMAL,0,,99,12.5,4888,3223
1781430208.6509957,30,10,4.3366,1.049,0.0352,0.375,NOMINAL,NORMAL,0,,99,12.5,4888,3223
1781430208.77359,30,10,2.3493,0.914,0.0348,0.381,NOMINAL,NORMAL,0,,99,12.5,4888,3223
1781430208.900977,30,10,4.2985,1.017,0.0345,0.368,NOMINAL,NORMAL,0,,99,12.5,4888,3223
1781430209.0255919,30,10,4.1606,0.721,0.0227,0.248,NOMINAL,NORMAL,0,,54,13.0,4888,3223
1781430209.148913,30,10,2.5009,0.885,0.034,0.37,NOMINAL,NORMAL,0,,54,13.0,4888,3223
1781430209.2763298,30,10,4.3518,1.306,0.0356,0.38,NOMINAL,NORMAL,0,,54,13.0,4888,3223
1781430209.3990662,30,10,2.5567,0.92,0.0349,0.374,NOMINAL,NORMAL,0,,54,13.0,4888,3223
1781430209.5236804,30,10,2.2778,1.192,0.0348,0.379,NOMINAL,NORMAL,0,,54,13.0,4888,3223
1781430209.650996,30,10,4.3149,1.084,0.0334,0.412,NOMINAL,NORMAL,0,,54,13.0,4888,3223
1781430209.7751665,30,10,3.7977,1.103,0.0356,0.366,NOMINAL,NORMAL,0,,54,13.0,4888,3223
1781430209.9009883,30,10,4.3478,1.03,0.0359,0.374,NOMINAL,NORMAL,0,,54,13.0,4888,3223
1781430210.024772,30,10,3.6298,0.711,0.0228,0.244,NOMINAL,NORMAL,0,,29,12.3,4888,3223
1781430210.1507397,30,10,4.2615,0.993,0.0346,0.441,NOMINAL,NORMAL,0,,29,12.3,4888,3223
1781430210.2759721,30,10,4.3422,1.015,0.0346,0.376,NOMINAL,NORMAL,0,,29,12.3,4888,3223
1781430210.3985777,30,10,2.306,0.875,0.0326,0.396,NOMINAL,NORMAL,0,,29,12.3,4888,3223
1781430210.5261798,30,10,4.2994,1.237,0.0347,0.448,NOMINAL,NORMAL,0,,29,12.3,4888,3223
1781430210.6507015,30,10,4.3491,0.839,0.0236,0.275,NOMINAL,NORMAL,0,,29,12.3,4888,3223
1781430210.774142,30,10,2.6789,0.891,0.0351,0.381,NOMINAL,NORMAL,0,,29,12.3,4888,3223
1781430210.9014478,30,10,4.836,0.972,0.0346,0.371,NOMINAL,NORMAL,0,,29,12.3,4888,3223
1781430211.0244029,30,10,2.8643,1.013,0.0365,0.32,NOMINAL,NORMAL,0,,29,12.3,4888,3223
1781430211.151105,30,10,4.4173,1.102,0.037,0.381,NOMINAL,NORMAL,0,,89,12.5,4888,3223
1781430211.2761736,30,10,4.4853,1.032,0.0346,0.372,NOMINAL,NORMAL,0,,89,12.5,4888,3223
1781430211.3987398,30,10,2.3302,1.152,0.0355,0.413,NOMINAL,NORMAL,0,,89,12.5,4888,3223
1781430211.5261974,30,10,4.3849,1.267,0.0349,0.369,NOMINAL,NORMAL,0,,89,12.5,4888,3223
1781430211.6502256,30,10,3.8479,0.968,0.0228,0.277,NOMINAL,NORMAL,0,,89,12.5,4888,3223
1781430211.7736454,30,10,2.3377,0.92,0.0361,0.381,NOMINAL,NORMAL,0,,89,12.5,4888,3223
1781430211.9012272,30,10,4.3891,1.254,0.0349,0.371,NOMINAL,NORMAL,0,,89,12.5,4888,3223
1781430212.0240047,30,10,2.3264,1.22,0.0339,0.367,NOMINAL,NORMAL,0,,89,12.5,4888,3223
1781430212.151235,30,10,4.3454,1.3,0.0356,0.378,NOMINAL,NORMAL,0,,0,13.3,4888,3223
1781430212.2757745,30,10,4.3608,0.923,0.0263,0.264,NOMINAL,NORMAL,0,,0,13.3,4888,3223
1781430212.3994918,30,10,2.9408,0.952,0.0356,0.382,NOMINAL,NORMAL,0,,0,13.3,4888,3223
1781430212.5260007,30,10,4.402,1.026,0.0352,0.372,NOMINAL,NORMAL,0,,0,13.3,4888,3223
1781430212.6492815,30,10,3.0633,0.752,0.0228,0.244,NOMINAL,NORMAL,0,,0,13.3,4888,3223
1781430212.7764509,30,10,4.4845,1.345,0.0347,0.369,NOMINAL,NORMAL,0,,0,13.3,4888,3223
1781430212.9012728,30,10,4.4441,1.246,0.034,0.369,NOMINAL,NORMAL,0,,0,13.3,4888,3223
1781430213.023845,30,10,2.3921,1.208,0.0352,0.375,NOMINAL,NORMAL,0,,0,13.3,4888,3223
1781430213.1513395,30,10,4.434,1.319,0.0351,0.378,NOMINAL,NORMAL,0,,7,12.5,4888,3223
1781430213.2752252,30,10,4.0676,0.743,0.0232,0.246,NOMINAL,NORMAL,0,,7,12.5,4888,3223
1781430213.4013622,30,10,4.4035,1.321,0.0364,0.383,NOMINAL,NORMAL,0,,7,12.5,4888,3223
1781430213.5258079,30,10,4.2417,0.99,0.0358,0.381,NOMINAL,NORMAL,0,,7,12.5,4888,3223
1781430213.6488318,30,10,2.3759,0.874,0.0334,0.364,NOMINAL,NORMAL,0,,7,12.5,4888,3223
1781430213.7762184,30,10,4.3855,0.978,0.0335,0.361,NOMINAL,NORMAL,0,,7,12.5,4888,3223
1781430213.900856,30,10,4.3477,0.957,0.0248,0.284,NOMINAL,NORMAL,0,,7,12.5,4888,3223
1781430214.023645,30,10,2.4331,0.993,0.034,0.373,NOMINAL,NORMAL,0,,7,12.5,4888,3223
1781430214.14933,30,10,2.9975,0.992,0.0345,0.393,NOMINAL,NORMAL,0,,0,12.7,4848,3223
1781430214.274447,30,10,3.2848,0.716,0.0221,0.243,NOMINAL,NORMAL,0,,0,12.7,4848,3223
1781430214.400204,30,10,3.933,0.995,0.0349,0.363,NOMINAL,NORMAL,0,,0,12.7,4848,3223
1781430214.526071,30,10,4.546,0.959,0.0343,0.367,NOMINAL,NORMAL,0,,0,12.7,4848,3223
1781430214.6490517,30,10,2.9004,0.981,0.0255,0.298,NOMINAL,NORMAL,0,,0,12.7,4848,3223
1781430214.7738311,30,10,2.4007,0.895,0.0356,0.381,NOMINAL,NORMAL,0,,0,12.7,4848,3223
1781430214.9004784,30,10,4.2359,0.726,0.0239,0.251,NOMINAL,NORMAL,0,,0,12.7,4848,3223
1781430215.026106,30,10,4.4559,1.009,0.0357,0.372,NOMINAL,NORMAL,0,,0,12.7,4848,3223
1781430215.1511474,30,10,4.5337,1.024,0.0348,0.361,NOMINAL,NORMAL,0,,0,13.7,4888,3223
1781430215.274031,30,10,2.6547,0.824,0.033,0.361,NOMINAL,NORMAL,0,,0,13.7,4888,3223
1781430215.3992956,30,10,3.026,0.744,0.0229,0.249,NOMINAL,NORMAL,0,,0,13.7,4888,3223
1781430215.5235734,30,10,2.3694,0.906,0.034,0.368,NOMINAL,NORMAL,0,,0,13.7,4888,3223
1781430215.6492367,30,10,3.0343,0.948,0.0347,0.361,NOMINAL,NORMAL,0,,0,13.7,4888,3223
1781430215.7761497,30,10,4.5368,0.984,0.0351,0.369,NOMINAL,NORMAL,0,,0,13.7,4888,3223
1781430215.899678,30,10,3.5334,0.686,0.023,0.237,NOMINAL,NORMAL,0,,0,13.7,4888,3223
1781430216.0235028,30,10,2.3219,0.916,0.034,0.379,NOMINAL,NORMAL,0,,0,13.7,4888,3223
1781430216.1511793,30,10,4.5766,1.013,0.0348,0.367,NOMINAL,NORMAL,0,,6,13.8,4888,3223
1781430216.2735367,30,10,2.411,0.845,0.0348,0.356,NOMINAL,NORMAL,0,,6,13.8,4888,3223
1781430216.4010746,30,10,4.4216,1.036,0.0354,0.374,NOMINAL,NORMAL,0,,6,13.8,4888,3223
1781430216.5256176,30,10,4.4541,0.724,0.0225,0.249,NOMINAL,NORMAL,0,,6,13.8,4888,3223
1781430216.6492023,30,10,2.728,0.901,0.0354,0.373,NOMINAL,NORMAL,0,,6,13.8,4888,3223
1781430216.7760813,30,10,4.516,0.966,0.0343,0.358,NOMINAL,NORMAL,0,,6,13.8,4888,3223
1781430216.8992703,30,10,2.8054,0.909,0.0351,0.371,NOMINAL,NORMAL,0,,6,13.8,4888,3223
1781430217.0234885,30,10,2.3517,0.918,0.0357,0.393,NOMINAL,NORMAL,0,,6,13.8,4888,3223
1781430217.1511002,30,10,4.4338,1.055,0.034,0.376,NOMINAL,NORMAL,0,,0,14.3,4888,3223
1781430217.2747545,30,10,3.7159,0.791,0.0228,0.243,NOMINAL,NORMAL,0,,0,14.3,4888,3223
1781430217.4007955,30,10,4.4014,0.975,0.0349,0.377,NOMINAL,NORMAL,0,,0,14.3,4888,3223
1781430217.525034,30,10,3.823,0.764,0.0254,0.256,NOMINAL,NORMAL,0,,0,14.3,4888,3223
1781430217.6497803,30,10,3.1453,1.256,0.034,0.377,NOMINAL,NORMAL,0,,0,14.3,4888,3223
1781430217.7738578,30,10,2.4948,0.933,0.035,0.383,NOMINAL,NORMAL,0,,0,14.3,4888,3223
1781430217.8987408,30,10,2.3949,0.86,0.034,0.42,NOMINAL,NORMAL,0,,0,14.3,4888,3223
1781430218.025964,30,10,4.4649,0.933,0.0356,0.393,NOMINAL,NORMAL,0,,0,14.3,4888,3223
1781430218.1507266,30,10,4.4463,0.861,0.0218,0.266,NOMINAL,NORMAL,0,,0,13.3,4888,3223
1781430218.2741196,30,10,2.9652,0.742,0.0318,0.331,NOMINAL,NORMAL,0,,0,13.3,4888,3223
1781430218.4010017,30,10,4.489,0.94,0.0343,0.356,NOMINAL,NORMAL,0,,0,13.3,4888,3223
1781430218.5244792,30,10,3.0618,0.884,0.0353,0.37,NOMINAL,NORMAL,0,,0,13.3,4888,3223
1781430218.6510956,30,10,4.546,1.004,0.0364,0.364,NOMINAL,NORMAL,0,,0,13.3,4888,3223
1781430218.7760246,30,10,4.5864,0.866,0.0325,0.33,NOMINAL,NORMAL,0,,0,13.3,4888,3223
1781430218.8983545,30,10,2.3566,0.849,0.0345,0.365,NOMINAL,NORMAL,0,,0,13.3,4888,3223
1781430219.0261865,30,10,4.585,1.004,0.0343,0.369,NOMINAL,NORMAL,0,,0,13.3,4888,3223
1781430219.1501184,30,10,3.9771,0.69,0.0231,0.249,NOMINAL,NORMAL,0,,69,12.5,4888,3223
1781430219.2758367,30,10,4.4951,0.872,0.0308,0.33,NOMINAL,NORMAL,0,,69,12.5,4888,3223
1781430219.400998,30,10,4.4521,0.989,0.0336,0.364,NOMINAL,NORMAL,0,,69,12.5,4888,3223
1781430219.5239804,30,10,2.4625,0.997,0.0339,0.374,NOMINAL,NORMAL,0,,69,12.5,4888,3223
1781430219.6510382,30,10,4.4843,1.032,0.0334,0.361,NOMINAL,NORMAL,0,,69,12.5,4888,3223
1781430219.7758152,30,10,4.5049,0.894,0.0217,0.226,NOMINAL,NORMAL,0,,69,12.5,4888,3223
1781430219.899431,30,10,3.1094,0.817,0.0336,0.358,NOMINAL,NORMAL,0,,69,12.5,4888,3223
1781430220.0260775,30,10,4.4997,0.996,0.034,0.357,NOMINAL,NORMAL,0,,69,12.5,4888,3223
1781430220.1494768,30,10,3.2896,0.73,0.0229,0.244,NOMINAL,NORMAL,0,,67,13.3,4888,3223
1781430220.2760584,30,10,4.5128,0.962,0.0332,0.361,NOMINAL,NORMAL,0,,67,13.3,4888,3223
1781430220.401011,30,10,4.4993,0.956,0.0343,0.366,NOMINAL,NORMAL,0,,67,13.3,4888,3223
1781430220.5234568,30,10,2.3799,0.898,0.0344,0.373,NOMINAL,NORMAL,0,,67,13.3,4888,3223
1781430220.651101,30,10,4.4904,1.035,0.0329,0.356,NOMINAL,NORMAL,0,,67,13.3,4888,3223
1781430220.7746043,30,10,2.8417,1.098,0.0354,0.456,NOMINAL,NORMAL,0,,67,13.3,4888,3223
1781430220.9011633,30,10,4.5749,1.001,0.0337,0.375,NOMINAL,NORMAL,0,,67,13.3,4888,3223
1781430221.0261674,30,10,4.5539,0.997,0.0343,0.374,NOMINAL,NORMAL,0,,67,13.3,4888,3223
1781430221.1490066,30,10,2.5689,0.902,0.0355,0.372,NOMINAL,NORMAL,0,,69,12.7,4888,3223
1781430221.2761457,30,10,4.5541,0.997,0.0349,0.371,NOMINAL,NORMAL,0,,69,12.7,4888,3223
1781430221.4004781,30,10,4.3293,0.701,0.0235,0.245,NOMINAL,NORMAL,0,,69,12.7,4888,3223
1781430221.5237758,30,10,2.4631,1.061,0.0354,0.375,NOMINAL,NORMAL,0,,69,12.7,4888,3223
1781430221.6511753,30,10,4.5511,1.035,0.0362,0.368,NOMINAL,NORMAL,0,,69,12.7,4888,3223
1781430221.7747853,30,10,3.4794,0.717,0.0238,0.366,NOMINAL,NORMAL,0,,69,12.7,4888,3223
1781430221.8987885,30,10,2.4169,1.108,0.0817,0.443,NOMINAL,NORMAL,0,,69,12.7,4888,3223
1781430222.026221,30,10,4.6099,0.999,0.0337,0.374,NOMINAL,NORMAL,0,,69,12.7,4888,3223
1781430222.1493957,30,10,3.1899,0.984,0.0259,0.276,NOMINAL,NORMAL,0,,78,13.8,4880,3223
1781430222.2763522,30,10,4.6108,1.22,0.0337,0.373,NOMINAL,NORMAL,0,,78,13.8,4880,3223
1781430222.4005594,30,10,4.4425,0.715,0.0221,0.244,NOMINAL,NORMAL,0,,78,13.8,4880,3223
1781430222.5243995,30,10,2.6672,1.028,0.0353,0.38,NOMINAL,NORMAL,0,,78,13.8,4880,3223
1781430222.6514814,30,10,4.5179,1.341,0.0353,0.391,NOMINAL,NORMAL,0,,78,13.8,4880,3223
1781430222.7740881,30,10,2.7606,0.783,0.0336,0.365,NOMINAL,NORMAL,0,,78,13.8,4880,3223
1781430222.9009295,30,10,4.5675,0.975,0.0536,0.388,NOMINAL,NORMAL,0,,78,13.8,4880,3223
1781430223.0235476,30,10,2.3994,0.911,0.0338,0.372,NOMINAL,NORMAL,0,,78,13.8,4880,3223
1781430223.1494176,30,10,3.1424,0.999,0.0336,0.366,NOMINAL,NORMAL,0,,99,13.2,4888,3224
1781430223.2762213,30,10,4.6324,0.964,0.0319,0.352,NOMINAL,NORMAL,0,,99,13.2,4888,3224
1781430223.399717,30,10,3.7276,0.608,0.0182,0.211,NOMINAL,NORMAL,0,,99,13.2,4888,3224
1781430223.5261025,30,10,4.6133,0.948,0.0337,0.367,NOMINAL,NORMAL,0,,99,13.2,4888,3224
1781430223.6509979,30,10,4.4176,1.045,0.0355,0.363,NOMINAL,NORMAL,0,,99,13.2,4888,3224
1781430223.7740583,30,10,2.5758,1.042,0.0364,0.41,NOMINAL,NORMAL,0,,99,13.2,4888,3224
1781430223.9012592,30,10,4.591,1.046,0.0353,0.374,NOMINAL,NORMAL,0,,99,13.2,4888,3224
1781430224.0258543,30,10,4.6606,0.737,0.0235,0.25,NOMINAL,NORMAL,0,,99,13.2,4888,3224
1781430224.1492946,30,10,2.9239,0.89,0.0354,0.363,NOMINAL,NORMAL,0,,99,12.7,4888,3224
1781430224.2762074,30,10,4.6938,0.972,0.0341,0.363,NOMINAL,NORMAL,0,,99,12.7,4888,3224
1781430224.3994598,30,10,2.9968,0.871,0.0348,0.366,NOMINAL,NORMAL,0,,99,12.7,4888,3224
1781430224.5235152,30,10,2.4363,0.88,0.0349,0.372,NOMINAL,NORMAL,0,,99,12.7,4888,3224
1781430224.6513927,30,10,4.689,1.066,0.036,0.372,NOMINAL,NORMAL,0,,99,12.7,4888,3224
1781430224.7746046,30,10,3.7878,0.713,0.0239,0.278,NOMINAL,NORMAL,0,,99,12.7,4888,3224
1781430224.9012096,30,10,4.6196,0.996,0.034,0.372,NOMINAL,NORMAL,0,,99,12.7,4888,3224
1781430225.0251703,30,10,4.0348,0.735,0.0222,0.251,NOMINAL,NORMAL,0,,99,12.7,4888,3224
1781430225.151344,30,10,4.6441,1.055,0.0347,0.38,NOMINAL,NORMAL,0,,99,13.2,4880,3224
1781430225.276213,30,10,4.6577,0.987,0.035,0.365,NOMINAL,NORMAL,0,,99,13.2,4880,3224
1781430225.3988802,30,10,2.4605,0.888,0.0354,0.439,NOMINAL,NORMAL,0,,99,13.2,4880,3224
1781430225.526117,30,10,4.6234,0.966,0.0357,0.365,NOMINAL,NORMAL,0,,99,13.2,4880,3224
1781430225.6511033,30,10,4.6468,0.934,0.0237,0.253,NOMINAL,NORMAL,0,,99,13.2,4880,3224
1781430225.7749498,30,10,3.1073,1.248,0.0367,0.386,NOMINAL,NORMAL,0,,99,13.2,4880,3224
1781430225.9011438,30,10,4.5992,0.964,0.036,0.365,NOMINAL,NORMAL,0,,99,13.2,4880,3224
1781430226.0245686,30,10,3.2854,0.793,0.0345,0.361,NOMINAL,NORMAL,0,,99,13.2,4880,3224
1781430226.151165,30,10,4.5563,1.037,0.0357,0.37,NOMINAL,NORMAL,0,,99,13.0,4888,3224
1781430226.276045,30,10,4.5488,0.963,0.0347,0.365,NOMINAL,NORMAL,0,,99,13.0,4888,3224
1781430226.3984103,30,10,2.4268,0.698,0.023,0.248,NOMINAL,NORMAL,0,,99,13.0,4888,3224
1781430226.5262039,30,10,4.6193,0.998,0.0368,0.374,NOMINAL,NORMAL,0,,99,13.0,4888,3224
1781430226.6504202,30,10,4.242,0.729,0.0225,0.251,NOMINAL,NORMAL,0,,99,13.0,4888,3224
1781430226.776284,30,10,4.7116,1.001,0.0365,0.39,NOMINAL,NORMAL,0,,99,13.0,4888,3224
1781430226.9013531,30,10,4.6933,0.989,0.0351,0.367,NOMINAL,NORMAL,0,,99,13.0,4888,3224
1781430227.024265,30,10,2.6845,0.988,0.0351,0.368,NOMINAL,NORMAL,0,,99,13.0,4888,3224
1781430227.1510563,30,10,4.6185,1.027,0.0343,0.371,NOMINAL,NORMAL,0,,99,12.5,4888,3224
1781430227.276287,30,10,4.6507,0.887,0.0254,0.264,NOMINAL,NORMAL,0,,99,12.5,4888,3224
1781430227.3994966,30,10,3.2938,0.711,0.0231,0.248,NOMINAL,NORMAL,0,,99,12.5,4888,3224
1781430227.5262008,30,10,4.7125,0.971,0.0355,0.365,NOMINAL,NORMAL,0,,99,12.5,4888,3224
1781430227.6498516,30,10,3.4182,0.775,0.0251,0.259,NOMINAL,NORMAL,0,,99,12.5,4888,3224
1781430227.776157,30,10,4.6165,0.984,0.0348,0.376,NOMINAL,NORMAL,0,,99,12.5,4888,3224
1781430227.9012325,30,10,4.6324,0.98,0.0347,0.371,NOMINAL,NORMAL,0,,99,12.5,4888,3224
1781430228.025561,30,10,4.3563,0.922,0.0233,0.262,NOMINAL,NORMAL,0,,99,12.5,4888,3224
1781430228.1513944,30,10,4.6664,1.267,0.0332,0.372,NOMINAL,NORMAL,0,,32,13.7,4920,3224
1781430228.2754157,30,10,4.4885,0.671,0.023,0.25,NOMINAL,NORMAL,0,,32,13.7,4920,3224
1781430228.4009285,30,10,4.6057,0.947,0.0332,0.362,NOMINAL,NORMAL,0,,32,13.7,4920,3224
1781430228.526216,30,10,4.7098,0.955,0.0345,0.375,NOMINAL,NORMAL,0,,32,13.7,4920,3224
1781430228.650406,30,10,4.1153,1.023,0.0354,0.376,NOMINAL,NORMAL,0,,32,13.7,4920,3224
1781430228.7764485,30,10,4.7448,1.039,0.037,0.385,NOMINAL,NORMAL,0,,32,13.7,4920,3224
1781430228.9013684,30,10,4.7109,0.989,0.1596,0.457,NOMINAL,NORMAL,0,,32,13.7,4920,3224
1781430229.0235004,30,10,2.437,0.904,0.0363,0.372,NOMINAL,NORMAL,0,,32,13.7,4920,3224
1781430229.1512902,30,10,4.7055,1.018,0.0334,0.371,NOMINAL,NORMAL,0,,16,13.3,4888,3224
1781430229.2748067,30,10,3.7686,0.704,0.0242,0.344,NOMINAL,NORMAL,0,,16,13.3,4888,3224
1781430229.4010348,30,10,4.7012,0.959,0.034,0.372,NOMINAL,NORMAL,0,,16,13.3,4888,3224
1781430229.5261428,30,10,4.6392,0.995,0.0332,0.377,NOMINAL,NORMAL,0,,16,13.3,4888,3224
1781430229.6496363,30,10,3.2566,0.992,0.0258,0.454,NOMINAL,NORMAL,0,,16,13.3,4888,3224
1781430229.7754452,30,10,4.1598,1.043,0.0355,0.386,NOMINAL,NORMAL,0,,16,13.3,4888,3224
1781430229.9008076,30,10,4.6523,0.73,0.0221,0.247,NOMINAL,NORMAL,0,,16,13.3,4888,3224
1781430230.0242248,30,10,2.8749,0.882,0.0336,0.368,NOMINAL,NORMAL,0,,16,13.3,4888,3224
1781430230.1493855,30,10,3.2289,0.857,0.0344,0.375,NOMINAL,NORMAL,0,,14,13.3,4888,3224
1781430230.2742157,30,10,3.0103,0.848,0.0343,0.368,NOMINAL,NORMAL,0,,14,13.3,4888,3224
1781430230.401313,30,10,4.7387,0.989,0.0341,0.376,NOMINAL,NORMAL,0,,14,13.3,4888,3224
1781430230.5238054,30,10,2.5228,1.016,0.0356,0.378,NOMINAL,NORMAL,0,,14,13.3,4888,3224
1781430230.6485415,30,10,2.5478,0.853,0.0348,0.366,NOMINAL,NORMAL,0,,14,13.3,4888,3224
1781430230.7764475,30,10,4.7992,1.041,0.0354,0.374,NOMINAL,NORMAL,0,,14,13.3,4888,3224
1781430230.9001338,30,10,3.9993,0.727,0.0239,0.248,NOMINAL,NORMAL,0,,14,13.3,4888,3224
1781430231.0264192,30,10,4.8362,1.027,0.0345,0.365,NOMINAL,NORMAL,0,,14,13.3,4888,3224
1781430231.1503477,30,10,4.3184,0.714,0.0236,0.244,NOMINAL,NORMAL,0,,14,13.3,4888,3224
1781430231.2740896,30,10,2.745,0.935,0.0327,0.345,NOMINAL,NORMAL,0,,0,12.5,4880,3225
1781430231.401038,30,10,4.7774,0.961,0.034,0.358,NOMINAL,NORMAL,0,,0,12.5,4880,3225
1781430231.5262215,30,10,4.8237,0.712,0.023,0.242,NOMINAL,NORMAL,0,,0,12.5,4880,3225
1781430231.6495926,30,10,3.2421,0.859,0.0339,0.376,NOMINAL,NORMAL,0,,0,12.5,4880,3225
1781430231.7764175,30,10,4.7847,1.029,0.0364,0.373,NOMINAL,NORMAL,0,,0,12.5,4880,3225
1781430231.8994384,30,10,3.3414,0.679,0.023,0.24,NOMINAL,NORMAL,0,,0,12.5,4880,3225
1781430232.0262787,30,10,4.7705,0.964,0.035,0.364,NOMINAL,NORMAL,0,,0,12.5,4880,3225
1781430232.1514072,30,10,4.6901,1.205,0.0351,0.357,NOMINAL,NORMAL,0,,0,12.5,4880,3225
1781430232.2748165,30,10,4.0225,0.737,0.0228,0.246,NOMINAL,NORMAL,0,,0,13.7,4888,3225
1781430232.4011855,30,10,4.6908,0.993,0.0348,0.357,NOMINAL,NORMAL,0,,0,13.7,4888,3225
1781430232.5256414,30,10,4.2832,0.943,0.024,0.272,NOMINAL,NORMAL,0,,0,13.7,4888,3225
1781430232.6489804,30,10,2.5771,0.844,0.0339,0.366,NOMINAL,NORMAL,0,,0,13.7,4888,3225
1781430232.7765014,30,10,4.8538,1.04,0.0366,0.38,NOMINAL,NORMAL,0,,0,13.7,4888,3225
1781430232.8990626,30,10,2.5534,0.885,0.0358,0.369,NOMINAL,NORMAL,0,,0,13.7,4888,3225
1781430233.026507,30,10,4.7566,1.221,0.034,0.378,NOMINAL,NORMAL,0,,0,13.7,4888,3225
1781430233.1512601,30,10,4.7573,1.081,0.0246,0.245,NOMINAL,NORMAL,0,,0,13.7,4888,3225
1781430233.275053,30,10,3.4987,1.12,0.0345,0.37,NOMINAL,NORMAL,0,,0,13.0,4888,3225
1781430233.4013505,30,10,4.7881,0.98,0.0343,0.379,NOMINAL,NORMAL,0,,0,13.0,4888,3225
1781430233.5253682,30,10,3.6208,1.265,0.036,0.387,NOMINAL,NORMAL,0,,0,13.0,4888,3225
1781430233.6516325,30,10,4.7909,1.108,0.0365,0.393,NOMINAL,NORMAL,0,,0,13.0,4888,3225
1781430233.7764375,30,10,4.8582,0.981,0.0352,0.373,NOMINAL,NORMAL,0,,0,13.0,4888,3225
1781430233.8986447,30,10,2.5316,0.864,0.0353,0.402,NOMINAL,NORMAL,0,,0,13.0,4888,3225
1781430234.02638,30,10,4.781,1.013,0.0343,0.377,NOMINAL,NORMAL,0,,0,13.0,4888,3225
1781430234.1507502,30,10,4.5627,0.761,0.0232,0.271,NOMINAL,NORMAL,0,,0,13.0,4888,3225
1781430234.2767556,30,10,4.9324,1.265,0.0341,0.374,NOMINAL,NORMAL,0,,0,13.8,4880,3225
1781430234.4016206,30,10,4.7575,1.273,0.0346,0.372,NOMINAL,NORMAL,0,,0,13.8,4880,3225
1781430234.5251129,30,10,3.0513,1.254,0.0345,0.376,NOMINAL,NORMAL,0,,0,13.8,4880,3225
1781430234.6496837,30,10,3.3712,1.066,0.036,0.376,NOMINAL,NORMAL,0,,0,13.8,4880,3225
1781430234.7762878,30,10,4.8481,0.96,0.0263,0.28,NOMINAL,NORMAL,0,,0,13.8,4880,3225
1781430234.899633,30,10,3.6521,0.732,0.0226,0.247,NOMINAL,NORMAL,0,,0,13.8,4880,3225
1781430235.0263677,30,10,4.798,0.999,0.0336,0.365,NOMINAL,NORMAL,0,,0,13.8,4880,3225
1781430235.1500857,30,10,3.705,0.966,0.0234,0.251,NOMINAL,NORMAL,0,,0,13.8,4880,3225
1781430235.2741215,30,10,2.6135,1.21,0.0358,0.393,NOMINAL,NORMAL,0,,0,13.0,4888,3225
1781430235.401712,30,10,4.8214,1.286,0.0341,0.374,NOMINAL,NORMAL,0,,0,13.0,4888,3225
1781430235.5237412,30,10,2.5566,0.95,0.0357,0.372,NOMINAL,NORMAL,0,,0,13.0,4888,3225
1781430235.6516576,30,10,4.8483,1.27,0.0336,0.375,NOMINAL,NORMAL,0,,0,13.0,4888,3225
1781430235.7758193,30,10,4.6577,0.742,0.0225,0.25,NOMINAL,NORMAL,0,,0,13.0,4888,3225
1781430235.89931,30,10,2.8051,0.936,0.0325,0.372,NOMINAL,NORMAL,0,,0,13.0,4888,3225
1781430236.0264568,30,10,4.9053,0.977,0.0351,0.369,NOMINAL,NORMAL,0,,0,13.0,4888,3225
1781430236.1496634,30,10,3.01,1.125,0.0349,0.374,NOMINAL,NORMAL,0,,0,13.0,4888,3225
1781430236.276824,30,10,4.9446,1.274,0.0355,0.371,NOMINAL,NORMAL,0,,0,13.3,4848,3225
1781430236.4009168,30,10,4.5895,1.027,0.0344,0.374,NOMINAL,NORMAL,0,,0,13.3,4848,3225
1781430236.523871,30,10,2.5462,1.185,0.0355,0.378,NOMINAL,NORMAL,0,,0,13.3,4848,3225
1781430236.6514034,30,10,4.8262,1.054,0.0332,0.377,NOMINAL,NORMAL,0,,0,13.3,4848,3225
1781430236.7751765,30,10,4.0355,0.756,0.0217,0.248,NOMINAL,NORMAL,0,,0,13.3,4848,3225
1781430236.9015238,30,10,4.8679,0.994,0.0353,0.367,NOMINAL,NORMAL,0,,0,13.3,4848,3225
1781430237.0237486,30,10,2.5538,0.966,0.0346,0.37,NOMINAL,NORMAL,0,,0,13.3,4848,3225
1781430237.1500452,30,10,3.662,0.979,0.0273,0.277,NOMINAL,NORMAL,0,,0,13.3,4848,3225
1781430237.2767591,30,10,4.9662,1.225,0.0351,0.379,NOMINAL,NORMAL,0,,21,12.8,4888,3225
1781430237.4010947,30,10,4.9699,0.737,0.0244,0.255,NOMINAL,NORMAL,0,,21,12.8,4888,3225
1781430237.5245855,30,10,3.2114,0.846,0.035,0.375,NOMINAL,NORMAL,0,,21,12.8,4888,3225
1781430237.6515071,30,10,4.8614,1.056,0.0372,0.376,NOMINAL,NORMAL,0,,21,12.8,4888,3225
1781430237.7748096,30,10,3.258,0.939,0.074,0.45,NOMINAL,NORMAL,0,,21,12.8,4888,3225
1781430237.8989367,30,10,2.6117,1.084,0.0359,0.38,NOMINAL,NORMAL,0,,21,12.8,4888,3225
1781430238.0237668,30,10,2.5803,0.985,0.0352,0.373,NOMINAL,NORMAL,0,,21,12.8,4888,3225
1781430238.1497498,30,10,3.5458,0.987,0.0357,0.372,NOMINAL,NORMAL,0,,21,12.8,4888,3225
1781430238.276549,30,10,4.9229,1.014,0.0341,0.377,NOMINAL,NORMAL,0,,13,12.7,4888,3225
1781430238.4003725,30,10,4.2887,0.711,0.0232,0.249,NOMINAL,NORMAL,0,,13,12.7,4888,3225
1781430238.5265296,30,10,4.8321,0.976,0.0348,0.365,NOMINAL,NORMAL,0,,13,12.7,4888,3225
1781430238.651414,30,10,4.8745,1.001,0.0348,0.368,NOMINAL,NORMAL,0,,13,12.7,4888,3225
1781430238.773923,30,10,2.5685,0.8,0.0304,0.332,NOMINAL,NORMAL,0,,13,12.7,4888,3225
1781430238.9014468,30,10,4.8598,0.998,0.0347,0.362,NOMINAL,NORMAL,0,,13,12.7,4888,3225
1781430239.0262728,30,10,4.9058,0.938,0.023,0.241,NOMINAL,NORMAL,0,,13,12.7,4888,3225
1781430239.149737,30,10,3.4654,0.828,0.0339,0.362,NOMINAL,NORMAL,0,,13,12.7,4888,3225
1781430239.2764106,30,10,4.8841,0.983,0.0356,0.355,NOMINAL,NORMAL,0,,99,14.2,4888,3225
1781430239.3999572,30,10,3.3574,0.997,0.0339,0.356,NOMINAL,NORMAL,0,,99,14.2,4888,3225
1781430239.526627,30,10,4.8266,1.21,0.0341,0.423,NOMINAL,NORMAL,0,,99,14.2,4888,3225
1781430239.6513987,30,10,4.8936,0.994,0.0335,0.361,NOMINAL,NORMAL,0,,99,14.2,4888,3225
1781430239.775548,30,10,4.4596,0.703,0.022,0.237,NOMINAL,NORMAL,0,,99,14.2,4888,3225
1781430239.901326,30,10,4.87,0.933,0.0323,0.331,NOMINAL,NORMAL,0,,99,14.2,4888,3225
1781430240.0250995,30,10,3.2319,1.212,0.0359,0.372,NOMINAL,NORMAL,0,,99,14.2,4888,3225
1781430240.1491878,30,10,2.6233,0.89,0.034,0.36,NOMINAL,NORMAL,0,,99,14.2,4888,3225
1781430240.2764566,30,10,4.8869,0.977,0.0339,0.357,NOMINAL,NORMAL,0,,99,13.3,4880,3225
1781430240.399223,30,10,2.773,0.929,0.0342,0.371,NOMINAL,NORMAL,0,,99,13.3,4880,3225
1781430240.5264027,30,10,4.9023,0.974,0.0352,0.36,NOMINAL,NORMAL,0,,99,13.3,4880,3225
1781430240.6513016,30,10,4.8846,0.966,0.0249,0.259,NOMINAL,NORMAL,0,,99,13.3,4880,3225
1781430240.7750626,30,10,3.6505,0.92,0.0354,0.369,NOMINAL,NORMAL,0,,99,13.3,4880,3225
1781430240.9015355,30,10,4.9802,1.015,0.0348,0.363,NOMINAL,NORMAL,0,,99,13.3,4880,3225
1781430241.0249875,30,10,3.7417,0.719,0.0236,0.366,NOMINAL,NORMAL,0,,99,13.3,4880,3225
1781430241.1517692,30,10,4.9173,1.182,0.037,0.454,NOMINAL,NORMAL,0,,99,13.3,4880,3225
1781430241.2764478,30,10,4.9472,0.972,0.033,0.362,NOMINAL,NORMAL,0,,99,12.7,4880,3225
1781430241.3985906,30,10,2.5702,0.852,0.035,0.396,NOMINAL,NORMAL,0,,99,12.7,4880,3225
1781430241.5263007,30,10,4.9125,0.959,0.0328,0.353,NOMINAL,NORMAL,0,,99,12.7,4880,3225
1781430241.6507988,30,10,4.8076,0.7,0.0212,0.24,NOMINAL,NORMAL,0,,99,12.7,4880,3225
1781430241.776511,30,10,5.112,0.943,0.0344,0.368,NOMINAL,NORMAL,0,,99,12.7,4880,3225
1781430241.9014332,30,10,4.949,0.971,0.0346,0.361,NOMINAL,NORMAL,0,,99,12.7,4880,3225
1781430242.024417,30,10,3.057,0.874,0.0346,0.368,NOMINAL,NORMAL,0,,99,12.7,4880,3225
1781430242.1516483,30,10,4.9279,1.246,0.0341,0.363,NOMINAL,NORMAL,0,,99,12.7,4880,3225
1781430242.2765653,30,10,4.9527,1.204,0.0254,0.271,NOMINAL,NORMAL,0,,99,13.0,4840,3225
1781430242.40037,30,10,3.9209,1.024,0.0333,0.364,NOMINAL,NORMAL,0,,99,13.0,4840,3225
1781430242.5267842,30,10,4.9375,1.256,0.0362,0.408,NOMINAL,NORMAL,0,,99,13.0,4840,3225
1781430242.6506345,30,10,4.0334,1.109,0.0348,0.402,NOMINAL,NORMAL,0,,99,13.0,4840,3225
1781430242.7741325,30,10,2.6646,1.165,0.0345,0.385,NOMINAL,NORMAL,0,,99,13.0,4840,3225
1781430242.9014006,30,10,4.9443,0.996,0.0354,0.364,NOMINAL,NORMAL,0,,99,13.0,4840,3225
1781430243.0242758,30,10,2.7333,1.054,0.0389,0.385,NOMINAL,NORMAL,0,,99,13.0,4840,3225
1781430243.1515849,30,10,4.9132,1.037,0.037,0.488,NOMINAL,NORMAL,0,,99,13.0,4840,3225
1781430243.276059,30,10,4.9851,0.716,0.0263,0.25,NOMINAL,NORMAL,0,,99,13.8,4880,3225
1781430243.3994458,30,10,3.1538,0.88,0.0332,0.367,NOMINAL,NORMAL,0,,99,13.8,4880,3225
1781430243.5264018,30,10,4.9373,0.986,0.0375,0.372,NOMINAL,NORMAL,0,,99,13.8,4880,3225
1781430243.6502328,30,10,3.8722,1.132,0.0354,0.415,NOMINAL,NORMAL,0,,99,13.8,4880,3225
1781430243.7767754,30,10,4.9623,1.308,0.0347,0.391,NOMINAL,NORMAL,0,,99,13.8,4880,3225
1781430243.9013324,30,10,4.9066,0.955,0.0352,0.37,NOMINAL,NORMAL,0,,99,13.8,4880,3225
1781430244.023566,30,10,2.6194,0.881,0.0343,0.376,NOMINAL,NORMAL,0,,99,13.8,4880,3225
1781430244.1517498,30,10,5.0479,1.1,0.0355,0.392,NOMINAL,NORMAL,0,,99,13.8,4880,3225
1781430244.2753315,30,10,4.1345,0.762,0.0239,0.287,NOMINAL,NORMAL,0,,99,13.8,4920,3225
1781430244.4014707,30,10,4.9293,0.941,0.035,0.463,NOMINAL,NORMAL,0,,99,13.8,4920,3225
1781430244.5266278,30,10,5.0536,0.98,0.0352,0.407,NOMINAL,NORMAL,0,,99,13.8,4920,3225
1781430244.648984,30,10,2.6974,0.865,0.0342,0.371,NOMINAL,NORMAL,0,,99,13.8,4920,3225
1781430244.7766314,30,10,4.971,1.011,0.0352,0.475,NOMINAL,NORMAL,0,,99,13.8,4920,3225
1781430244.9012244,30,10,4.9641,0.783,0.0237,0.253,NOMINAL,NORMAL,0,,99,13.8,4920,3225
1781430245.0247347,30,10,3.2599,0.913,0.0358,0.375,NOMINAL,NORMAL,0,,99,13.8,4920,3225
1781430245.151829,30,10,5.025,1.063,0.0348,0.487,NOMINAL,NORMAL,0,,99,13.8,4920,3225
1781430245.2748957,30,10,3.3363,0.881,0.0355,0.51,NOMINAL,NORMAL,0,,82,13.3,4920,3225
1781430245.3989623,30,10,2.615,0.809,0.0352,0.522,NOMINAL,NORMAL,0,,82,13.3,4920,3225
1781430245.5245192,30,10,3.0043,0.981,0.0342,0.491,NOMINAL,NORMAL,0,,82,13.3,4920,3225
1781430245.6497414,30,10,3.5421,0.979,0.034,0.372,NOMINAL,NORMAL,0,,82,13.3,4920,3225
1781430245.7767112,30,10,5.0259,0.968,0.0332,0.525,NOMINAL,NORMAL,0,,82,13.3,4920,3225
1781430245.900481,30,10,4.4442,0.685,0.0245,0.249,NOMINAL,NORMAL,0,,82,13.3,4920,3225
1781430246.024427,30,10,2.8934,1.022,0.0353,0.375,NOMINAL,NORMAL,0,,82,13.3,4920,3225
1781430246.1516728,30,10,5.0036,1.074,0.0356,0.379,NOMINAL,NORMAL,0,,82,13.3,4920,3225
1781430246.2742238,30,10,2.7307,0.924,0.0352,0.42,NOMINAL,NORMAL,0,,99,12.0,4920,3225
1781430246.4014814,30,10,4.9711,0.99,0.0343,0.376,NOMINAL,NORMAL,0,,99,12.0,4920,3225
1781430246.5262976,30,10,5.021,0.854,0.0237,0.257,NOMINAL,NORMAL,0,,99,12.0,4920,3225
1781430246.6499488,30,10,3.5263,0.892,0.0338,0.413,NOMINAL,NORMAL,0,,99,12.0,4920,3225
1781430246.7766728,30,10,5.1073,0.997,0.0341,0.364,NOMINAL,NORMAL,0,,99,12.0,4920,3225
1781430246.9000154,30,10,3.623,0.83,0.0346,0.364,NOMINAL,NORMAL,0,,99,12.0,4920,3225
1781430247.0266292,30,10,5.0748,1.018,0.0353,0.406,NOMINAL,NORMAL,0,,99,12.0,4920,3225
1781430247.1515605,30,10,4.9973,1.106,0.0347,0.388,NOMINAL,NORMAL,0,,99,12.0,4920,3225
1781430247.2750638,30,10,4.2643,0.785,0.0236,0.259,NOMINAL,NORMAL,0,,99,13.0,4880,3225
1781430247.4012191,30,10,4.9307,0.947,0.0345,0.373,NOMINAL,NORMAL,0,,99,13.0,4880,3225
1781430247.5256264,30,10,4.571,0.752,0.025,0.267,NOMINAL,NORMAL,0,,99,13.0,4880,3225
1781430247.6492434,30,10,2.8518,0.905,0.034,0.48,NOMINAL,NORMAL,0,,99,13.0,4880,3225
1781430247.7764468,30,10,5.0414,0.955,0.0334,0.367,NOMINAL,NORMAL,0,,99,13.0,4880,3225
1781430247.901384,30,10,4.9735,1.05,0.0227,0.259,NOMINAL,NORMAL,0,,99,13.0,4880,3225
1781430248.0264432,30,10,4.9695,1.015,0.0343,0.38,NOMINAL,NORMAL,0,,99,13.0,4880,3225
1781430248.1513712,30,10,4.9447,1.19,0.0229,0.279,NOMINAL,NORMAL,0,,99,13.0,4880,3225
1781430248.2747846,30,10,3.8463,0.732,0.0233,0.348,NOMINAL,NORMAL,0,,18,13.3,4880,3225
1781430248.4013796,30,10,4.9906,0.93,0.0336,0.357,NOMINAL,NORMAL,0,,18,13.3,4880,3225
1781430248.5249028,30,10,3.9054,0.74,0.0222,0.26,NOMINAL,NORMAL,0,,18,13.3,4880,3225
1781430248.6515749,30,10,5.0446,1.097,0.033,0.365,NOMINAL,NORMAL,0,,18,13.3,4880,3225
1781430248.7764587,30,10,5.0596,0.971,0.033,0.373,NOMINAL,NORMAL,0,,18,13.3,4880,3225
1781430248.8988426,30,10,2.592,1.036,0.0356,0.407,NOMINAL,NORMAL,0,,18,13.3,4880,3225
1781430249.025578,30,10,4.4091,0.857,0.025,0.282,NOMINAL,NORMAL,0,,18,13.3,4880,3225
1781430249.1510682,30,10,4.6314,0.831,0.0236,0.28,NOMINAL,NORMAL,0,,18,13.3,4880,3225
1781430249.2745757,30,10,3.1256,0.973,0.0348,0.419,NOMINAL,NORMAL,0,,18,13.3,4880,3225
1781430249.401493,30,10,5.0054,0.987,0.0338,0.375,NOMINAL,NORMAL,0,,5,13.0,4920,3225
1781430249.524544,30,10,3.1699,0.932,0.0345,0.382,NOMINAL,NORMAL,0,,5,13.0,4920,3225
1781430249.6515946,30,10,5.0204,1.081,0.0346,0.378,NOMINAL,NORMAL,0,,5,13.0,4920,3225
1781430249.7767794,30,10,5.0067,1.133,0.025,0.278,NOMINAL,NORMAL,0,,5,13.0,4920,3225
1781430249.8998225,30,10,3.972,0.735,0.0233,0.253,NOMINAL,NORMAL,0,,5,13.0,4920,3225
1781430250.0267649,30,10,5.0392,1.106,0.0665,0.432,NOMINAL,NORMAL,0,,5,13.0,4920,3225
1781430250.1501777,30,10,4.0666,0.802,0.0222,0.262,NOMINAL,NORMAL,0,,5,13.0,4920,3225
1781430250.2737763,30,10,2.646,0.962,0.0351,0.403,NOMINAL,NORMAL,0,,5,13.0,4920,3225
1781430250.4016342,30,10,5.0244,1.231,0.0361,0.392,NOMINAL,NORMAL,0,,42,13.8,4920,3226
1781430250.5241075,30,10,2.7529,0.991,0.0331,0.364,NOMINAL,NORMAL,0,,42,13.8,4920,3226
1781430250.6515481,30,10,5.0324,1.036,0.0359,0.375,NOMINAL,NORMAL,0,,42,13.8,4920,3226
1781430250.7762232,30,10,4.9139,0.75,0.0227,0.253,NOMINAL,NORMAL,0,,42,13.8,4920,3226
1781430250.8995965,30,10,3.1127,0.997,0.0368,0.388,NOMINAL,NORMAL,0,,42,13.8,4920,3226
1781430251.0265718,30,10,5.0451,1.003,0.0341,0.532,NOMINAL,NORMAL,0,,42,13.8,4920,3226
1781430251.1496608,30,10,3.2993,0.909,0.0343,0.377,NOMINAL,NORMAL,0,,42,13.8,4920,3226
1781430251.2765672,30,10,5.0619,1.011,0.0342,0.373,NOMINAL,NORMAL,0,,42,13.8,4920,3226
1781430251.401448,30,10,4.9913,0.956,0.0343,0.371,NOMINAL,NORMAL,0,,0,13.3,4880,3226
1781430251.5237052,30,10,2.6294,0.983,0.0348,0.384,NOMINAL,NORMAL,0,,0,13.3,4880,3226
1781430251.6515932,30,10,5.0892,1.083,0.0338,0.379,NOMINAL,NORMAL,0,,0,13.3,4880,3226
1781430251.7752998,30,10,4.3335,0.713,0.0227,0.246,NOMINAL,NORMAL,0,,0,13.3,4880,3226
1781430251.9011807,30,10,4.9395,0.952,0.0329,0.374,NOMINAL,NORMAL,0,,0,13.3,4880,3226
1781430252.0260465,30,10,4.9579,0.79,0.0238,0.265,NOMINAL,NORMAL,0,,0,13.3,4880,3226
1781430252.1490436,30,10,2.7427,0.911,0.0357,0.374,NOMINAL,NORMAL,0,,0,13.3,4880,3226
1781430252.2764344,30,10,5.0998,1.003,0.0348,0.377,NOMINAL,NORMAL,0,,0,13.3,4880,3226
1781430252.4011128,30,10,5.0135,0.758,0.0226,0.244,NOMINAL,NORMAL,0,,0,13.3,4888,3226
1781430252.5249264,30,10,3.393,1.113,0.0348,0.377,NOMINAL,NORMAL,0,,0,13.3,4888,3226
1781430252.6518242,30,10,5.0139,1.308,0.034,0.375,NOMINAL,NORMAL,0,,0,13.3,4888,3226
1781430252.7750254,30,10,3.3878,0.98,0.0341,0.377,NOMINAL,NORMAL,0,,0,13.3,4888,3226
1781430252.8986893,30,10,2.6245,0.868,0.0349,0.457,NOMINAL,NORMAL,0,,0,13.3,4888,3226
1781430253.0264263,30,10,5.0081,1.015,0.0345,0.38,NOMINAL,NORMAL,0,,0,13.3,4888,3226
1781430253.1493604,30,10,3.4634,0.911,0.0222,0.257,NOMINAL,NORMAL,0,,0,13.3,4888,3226
1781430253.2767024,30,10,5.1564,1.046,0.0347,0.375,NOMINAL,NORMAL,0,,0,13.3,4888,3226
1781430253.4005497,30,10,4.4533,0.744,0.023,0.257,NOMINAL,NORMAL,0,,0,12.7,4880,3226
1781430253.5266063,30,10,5.0737,1.034,0.0348,0.426,NOMINAL,NORMAL,0,,0,12.7,4880,3226
1781430253.6516216,30,10,5.1516,1.04,0.0326,0.374,NOMINAL,NORMAL,0,,0,12.7,4880,3226
1781430253.7763069,30,10,5.1067,0.875,0.0216,0.252,NOMINAL,NORMAL,0,,0,12.7,4880,3226
1781430253.9016414,30,10,5.1279,0.994,0.0348,0.413,NOMINAL,NORMAL,0,,0,12.7,4880,3226
1781430254.0266063,30,10,5.108,1.134,0.0235,0.286,NOMINAL,NORMAL,0,,0,12.7,4880,3226
1781430254.1500409,30,10,3.5883,1.289,0.0335,0.379,NOMINAL,NORMAL,0,,0,12.7,4880,3226
1781430254.2767131,30,10,5.1619,1.032,0.0339,0.383,NOMINAL,NORMAL,0,,0,12.7,4880,3226
1781430254.399822,30,10,3.7785,0.708,0.0224,0.242,NOMINAL,NORMAL,0,,0,12.8,4888,3226
1781430254.5266902,30,10,5.2041,1.025,0.0322,0.424,NOMINAL,NORMAL,0,,0,12.8,4888,3226
1781430254.6517107,30,10,5.1457,1.05,0.0344,0.37,NOMINAL,NORMAL,0,,0,12.8,4888,3226
1781430254.773778,30,10,2.7115,0.92,0.033,0.376,NOMINAL,NORMAL,0,,0,12.8,4888,3226
1781430254.9018347,30,10,5.1927,1.062,0.0356,0.385,NOMINAL,NORMAL,0,,0,12.8,4888,3226
1781430255.0257998,30,10,4.9465,0.795,0.0231,0.268,NOMINAL,NORMAL,0,,0,12.8,4888,3226
1781430255.151698,30,10,5.1645,1.065,0.033,0.387,NOMINAL,NORMAL,0,,0,12.8,4888,3226
1781430255.276692,30,10,5.2183,0.998,0.0328,0.371,NOMINAL,NORMAL,0,,0,12.8,4888,3226
1781430255.3994424,30,10,3.029,0.956,0.0337,0.39,NOMINAL,NORMAL,0,,0,13.2,4888,3226
1781430255.5264132,30,10,5.0769,1.034,0.035,0.382,NOMINAL,NORMAL,0,,0,13.2,4888,3226
1781430255.6516223,30,10,5.1419,1.067,0.0232,0.262,NOMINAL,NORMAL,0,,0,13.2,4888,3226
1781430255.7756891,30,10,4.504,1.057,0.0348,0.374,NOMINAL,NORMAL,0,,0,13.2,4888,3226
1781430255.9015362,30,10,5.1147,0.961,0.0347,0.373,NOMINAL,NORMAL,0,,0,13.2,4888,3226
1781430256.0251338,30,10,4.0855,0.739,0.0245,0.259,NOMINAL,NORMAL,0,,0,13.2,4888,3226
1781430256.1516364,30,10,5.1336,1.057,0.0343,0.382,NOMINAL,NORMAL,0,,0,13.2,4888,3226
1781430256.2766736,30,10,5.1435,1.014,0.0353,0.378,NOMINAL,NORMAL,0,,0,13.2,4888,3226
1781430256.3990803,30,10,2.7122,0.994,0.0372,0.388,NOMINAL,NORMAL,0,,0,13.8,4920,3226
1781430256.5269246,30,10,5.2663,1.092,0.0365,0.393,NOMINAL,NORMAL,0,,0,13.8,4920,3226
1781430256.6510627,30,10,4.939,0.797,0.0232,0.264,NOMINAL,NORMAL,0,,0,13.8,4920,3226
1781430256.776887,30,10,5.2097,0.998,0.0345,0.373,NOMINAL,NORMAL,0,,0,13.8,4920,3226
1781430256.9018216,30,10,5.2349,1.024,0.0347,0.377,NOMINAL,NORMAL,0,,0,13.8,4920,3226
1781430257.0245914,30,10,3.2683,0.942,0.0349,0.386,NOMINAL,NORMAL,0,,0,13.8,4920,3226
1781430257.1498682,30,10,3.6806,1.027,0.0339,0.382,NOMINAL,NORMAL,0,,0,13.8,4920,3226
1781430257.2766597,30,10,5.2113,0.968,0.0366,0.375,NOMINAL,NORMAL,0,,0,13.8,4920,3226
1781430257.3987646,30,10,2.7174,0.844,0.0777,0.42,NOMINAL,NORMAL,0,,0,12.7,4880,3226
1781430257.5267909,30,10,5.2257,1.025,0.077,0.43,NOMINAL,NORMAL,0,,0,12.7,4880,3226
1781430257.6501975,30,10,4.2738,0.726,0.0237,0.258,NOMINAL,NORMAL,0,,0,12.7,4880,3226
1781430257.773917,30,10,2.7546,0.893,0.0354,0.384,NOMINAL,NORMAL,0,,0,12.7,4880,3226
1781430257.9015775,30,10,5.1676,0.985,0.035,0.371,NOMINAL,NORMAL,0,,0,12.7,4880,3226
1781430258.0246625,30,10,3.3112,1.042,0.0259,0.301,NOMINAL,NORMAL,0,,0,12.7,4880,3226
1781430258.1516545,30,10,5.1647,1.023,0.0338,0.366,NOMINAL,NORMAL,0,,0,12.7,4880,3226
1781430258.2761872,30,10,5.2037,0.685,0.0192,0.219,NOMINAL,NORMAL,0,,0,12.7,4880,3226
1781430258.3998442,30,10,3.3465,1.025,0.0354,0.38,NOMINAL,NORMAL,0,,96,13.0,4888,3226
1781430258.5267577,30,10,5.2215,1.005,0.0355,0.423,NOMINAL,NORMAL,0,,96,13.0,4888,3226
1781430258.6498322,30,10,3.5595,0.948,0.0348,0.39,NOMINAL,NORMAL,0,,96,13.0,4888,3226
1781430258.7756138,30,10,4.5576,1.026,0.0353,0.385,NOMINAL,NORMAL,0,,96,13.0,4888,3226
1781430258.901723,30,10,5.2713,0.968,0.0343,0.377,NOMINAL,NORMAL,0,,96,13.0,4888,3226
1781430259.0236819,30,10,2.6737,0.965,0.0348,0.387,NOMINAL,NORMAL,0,,96,13.0,4888,3226
1781430259.1517186,30,10,5.1488,1.068,0.0352,0.389,NOMINAL,NORMAL,0,,96,13.0,4888,3226
1781430259.2756078,30,10,4.5211,0.74,0.0224,0.26,NOMINAL,NORMAL,0,,96,13.0,4888,3226
1781430259.3992043,30,10,2.7202,1.029,0.0346,0.396,NOMINAL,NORMAL,0,,99,13.2,4848,3226
1781430259.5267203,30,10,5.204,1.008,0.0326,0.409,NOMINAL,NORMAL,0,,99,13.2,4848,3226
1781430259.6492913,30,10,2.8675,0.943,0.0342,0.386,NOMINAL,NORMAL,0,,99,13.2,4848,3226
1781430259.7768672,30,10,5.1857,1.005,0.0353,0.381,NOMINAL,NORMAL,0,,99,13.2,4848,3226
1781430259.8991723,30,10,2.7437,1.05,0.0371,0.397,NOMINAL,NORMAL,0,,99,13.2,4848,3226
1781430260.0241752,30,10,3.0816,1.045,0.0366,0.386,NOMINAL,NORMAL,0,,99,13.2,4848,3226
1781430260.1517134,30,10,5.1997,1.051,0.0344,0.386,NOMINAL,NORMAL,0,,99,13.2,4848,3226
1781430260.2748258,30,10,3.67,0.743,0.0279,0.365,NOMINAL,NORMAL,0,,99,13.2,4848,3226
1781430260.398738,30,10,2.6944,0.829,0.0344,0.519,NOMINAL,NORMAL,0,,99,13.7,4880,3227
1781430260.526854,30,10,5.2369,1.07,0.0367,0.431,NOMINAL,NORMAL,0,,99,13.7,4880,3227
1781430260.649628,30,10,3.6996,0.905,0.0241,0.263,NOMINAL,NORMAL,0,,99,13.7,4880,3227
1781430260.7765944,30,10,5.1939,0.989,0.0341,0.368,NOMINAL,NORMAL,0,,99,13.7,4880,3227
1781430260.9007127,30,10,4.6935,0.724,0.0216,0.247,NOMINAL,NORMAL,0,,99,13.7,4880,3227
1781430261.026253,30,10,5.2241,0.811,0.0246,0.264,NOMINAL,NORMAL,0,,99,13.7,4880,3227
1781430261.1517863,30,10,5.2398,1.046,0.0354,0.372,NOMINAL,NORMAL,0,,99,13.7,4880,3227
1781430261.27439,30,10,2.93,0.821,0.0317,0.339,NOMINAL,NORMAL,0,,99,13.7,4880,3227
1781430261.4017363,30,10,5.2409,0.983,0.0348,0.373,NOMINAL,NORMAL,0,,99,12.3,4880,3227
1781430261.5270147,30,10,5.3099,1.132,0.0253,0.278,NOMINAL,NORMAL,0,,99,12.3,4880,3227
1781430261.6500976,30,10,3.8195,0.818,0.0295,0.347,NOMINAL,NORMAL,0,,99,12.3,4880,3227
1781430261.7766988,30,10,5.337,0.896,0.0306,0.327,NOMINAL,NORMAL,0,,99,12.3,4880,3227
1781430261.9000375,30,10,3.9548,0.727,0.0224,0.257,NOMINAL,NORMAL,0,,99,12.3,4880,3227
1781430262.0269227,30,10,5.2926,1.082,0.036,0.391,NOMINAL,NORMAL,0,,99,12.3,4880,3227
1781430262.1520486,30,10,5.2433,1.073,0.0356,0.376,NOMINAL,NORMAL,0,,99,12.3,4880,3227
1781430262.2754319,30,10,4.6097,0.816,0.0228,0.256,NOMINAL,NORMAL,0,,99,12.3,4880,3227
1781430262.401578,30,10,5.1152,0.974,0.0336,0.378,NOMINAL,NORMAL,0,,99,14.0,4880,3227
1781430262.5262098,30,10,4.9322,0.845,0.0245,0.271,NOMINAL,NORMAL,0,,99,14.0,4880,3227
1781430262.6518073,30,10,5.2345,1.086,0.0324,0.381,NOMINAL,NORMAL,0,,99,14.0,4880,3227
1781430262.7767096,30,10,5.2447,0.981,0.0337,0.37,NOMINAL,NORMAL,0,,99,14.0,4880,3227
1781430262.899526,30,10,2.9428,1.037,0.0345,0.39,NOMINAL,NORMAL,0,,99,14.0,4880,3227
1781430263.0237741,30,10,2.746,0.985,0.0341,0.381,NOMINAL,NORMAL,0,,99,14.0,4880,3227
1781430263.1517467,30,10,5.2804,1.077,0.0243,0.281,NOMINAL,NORMAL,0,,99,14.0,4880,3227
1781430263.2747552,30,10,3.9649,0.746,0.0239,0.294,NOMINAL,NORMAL,0,,99,14.0,4880,3227
1781430263.4016926,30,10,5.2619,0.956,0.0355,0.372,NOMINAL,NORMAL,0,,99,14.0,4880,3227
1781430263.5254757,30,10,4.3297,0.793,0.0236,0.266,NOMINAL,NORMAL,0,,99,14.0,4880,3227
1781430263.6518724,30,10,5.3331,1.065,0.0324,0.367,NOMINAL,NORMAL,0,,99,14.0,4880,3227
1781430263.7766898,30,10,5.3028,0.973,0.034,0.356,NOMINAL,NORMAL,0,,99,14.0,4880,3227
1781430263.8989415,30,10,2.7478,0.871,0.0317,0.369,NOMINAL,NORMAL,0,,99,14.0,4880,3227
1781430264.0265608,30,10,5.1922,1.02,0.0347,0.411,NOMINAL,NORMAL,0,,99,14.0,4880,3227
1781430264.1512768,30,10,5.1417,0.787,0.0232,0.266,NOMINAL,NORMAL,0,,99,14.0,4880,3227
1781430264.274554,30,10,3.3722,0.879,0.034,0.406,NOMINAL,NORMAL,0,,99,14.0,4880,3227
1781430264.4018645,30,10,5.3372,0.978,0.0328,0.373,NOMINAL,NORMAL,0,,99,13.8,4880,3227
1781430264.5248837,30,10,3.5075,0.912,0.0351,0.39,NOMINAL,NORMAL,0,,99,13.8,4880,3227
1781430264.6499763,30,10,3.7649,1.057,0.0339,0.376,NOMINAL,NORMAL,0,,99,13.8,4880,3227
1781430264.776814,30,10,5.3564,1.01,0.0334,0.367,NOMINAL,NORMAL,0,,99,13.8,4880,3227
1781430264.899006,30,10,2.7684,1.064,0.0348,0.399,NOMINAL,NORMAL,0,,99,13.8,4880,3227
1781430265.02679,30,10,5.3005,1.01,0.0696,0.423,NOMINAL,NORMAL,0,,99,13.8,4880,3227
1781430265.1505067,30,10,4.4163,0.78,0.0225,0.277,NOMINAL,NORMAL,0,,99,13.8,4880,3227
1781430265.2740746,30,10,2.8112,0.879,0.0348,0.388,NOMINAL,NORMAL,0,,99,13.8,4880,3227
1781430265.4017844,30,10,5.2851,0.942,0.0342,0.356,NOMINAL,NORMAL,0,,80,13.3,4888,3227
1781430265.524665,30,10,3.2064,1.003,0.0346,0.369,NOMINAL,NORMAL,0,,80,13.3,4888,3227
1781430265.651886,30,10,5.3275,1.082,0.0343,0.379,NOMINAL,NORMAL,0,,80,13.3,4888,3227
1781430265.7764513,30,10,5.3516,0.757,0.0236,0.256,NOMINAL,NORMAL,0,,80,13.3,4888,3227
1781430265.8995633,30,10,3.5386,0.734,0.0228,0.256,NOMINAL,NORMAL,0,,80,13.3,4888,3227
1781430266.026824,30,10,5.3114,1.025,0.0371,0.407,NOMINAL,NORMAL,0,,80,13.3,4888,3227
1781430266.1499574,30,10,3.8284,0.857,0.0332,0.37,NOMINAL,NORMAL,0,,80,13.3,4888,3227
1781430266.2765532,30,10,5.301,0.95,0.0355,0.362,NOMINAL,NORMAL,0,,80,13.3,4888,3227
1781430266.4017708,30,10,5.3413,0.904,0.0344,0.38,NOMINAL,NORMAL,0,,84,13.3,4920,3227
1781430266.5239604,30,10,2.7493,1.009,0.0341,0.551,NOMINAL,NORMAL,0,,84,13.3,4920,3227
1781430266.6520588,30,10,5.3477,1.23,0.0377,0.39,NOMINAL,NORMAL,0,,84,13.3,4920,3227
1781430266.7758136,30,10,4.7625,0.736,0.0228,0.259,NOMINAL,NORMAL,0,,84,13.3,4920,3227
1781430266.9019566,30,10,5.3304,0.999,0.0351,0.516,NOMINAL,NORMAL,0,,84,13.3,4920,3227
1781430267.0267818,30,10,5.3071,1.025,0.0706,0.418,NOMINAL,NORMAL,0,,84,13.3,4920,3227
1781430267.1493976,30,10,3.0353,0.934,0.0341,0.375,NOMINAL,NORMAL,0,,84,13.3,4920,3227
1781430267.2765608,30,10,5.3075,0.955,0.0324,0.36,NOMINAL,NORMAL,0,,84,13.3,4920,3227
1781430267.4015803,30,10,5.4272,0.787,0.0215,0.249,NOMINAL,NORMAL,0,,59,13.7,4920,3227
1781430267.524388,30,10,3.8766,0.706,0.0228,0.26,NOMINAL,NORMAL,0,,59,13.7,4920,3227
1781430267.6518965,30,10,5.336,1.095,0.0341,0.387,NOMINAL,NORMAL,0,,59,13.7,4920,3227
1781430267.775,30,10,3.9102,0.788,0.0348,0.377,NOMINAL,NORMAL,0,,59,13.7,4920,3227
1781430267.8989313,30,10,2.7805,0.874,0.0365,0.544,NOMINAL,NORMAL,0,,59,13.7,4920,3227
1781430268.0268853,30,10,5.3767,1.034,0.0352,0.429,NOMINAL,NORMAL,0,,59,13.7,4920,3227
1781430268.149961,30,10,3.7312,1.199,0.0218,0.268,NOMINAL,NORMAL,0,,59,13.7,4920,3227
1781430268.2755787,30,10,4.1963,1.054,0.0338,0.386,NOMINAL,NORMAL,0,,59,13.7,4920,3227
1781430268.399103,30,10,2.8123,0.911,0.0327,0.374,NOMINAL,NORMAL,0,,43,12.8,4888,3227
1781430268.5242617,30,10,3.1702,0.839,0.0344,0.375,NOMINAL,NORMAL,0,,43,12.8,4888,3227
1781430268.651746,30,10,5.3575,1.071,0.0345,0.384,NOMINAL,NORMAL,0,,43,12.8,4888,3227
1781430268.7747512,30,10,3.2158,0.958,0.0345,0.491,NOMINAL,NORMAL,0,,43,12.8,4888,3227
1781430268.9019363,30,10,5.4175,1.031,0.0358,0.378,NOMINAL,NORMAL,0,,43,12.8,4888,3227
1781430269.0267842,30,10,5.4396,1.004,0.0247,0.286,NOMINAL,NORMAL,0,,43,12.8,4888,3227
1781430269.1499689,30,10,3.8297,1.034,0.0347,0.372,NOMINAL,NORMAL,0,,43,12.8,4888,3227
1781430269.2768495,30,10,5.4295,0.973,0.0332,0.368,NOMINAL,NORMAL,0,,43,12.8,4888,3227
1781430269.3999767,30,10,3.9791,0.659,0.0295,0.309,NOMINAL,NORMAL,0,,43,12.8,4888,3227
1781430269.5243344,30,10,3.0046,1.047,0.0338,0.375,NOMINAL,NORMAL,0,,0,14.2,4888,3227
1781430269.6518939,30,10,5.4181,1.099,0.0336,0.381,NOMINAL,NORMAL,0,,0,14.2,4888,3227
1781430269.774102,30,10,2.8797,0.923,0.0338,0.392,NOMINAL,NORMAL,0,,0,14.2,4888,3227
1781430269.9020147,30,10,5.4578,1.007,0.0351,0.394,NOMINAL,NORMAL,0,,0,14.2,4888,3227
1781430270.0264332,30,10,5.1276,0.984,0.0234,0.266,NOMINAL,NORMAL,0,,0,14.2,4888,3227
1781430270.1500902,30,10,3.4338,1.226,0.0349,0.388,NOMINAL,NORMAL,0,,0,14.2,4888,3227
1781430270.2772384,30,10,5.4258,1.3,0.0344,0.379,NOMINAL,NORMAL,0,,0,14.2,4888,3227
1781430270.3999932,30,10,3.4065,1.081,0.0345,0.381,NOMINAL,NORMAL,0,,0,14.2,4888,3227
1781430270.5264318,30,10,5.2214,1.032,0.0348,0.379,NOMINAL,NORMAL,0,,7,13.0,4888,3227
1781430270.6521134,30,10,5.4413,1.111,0.0251,0.307,NOMINAL,NORMAL,0,,7,13.0,4888,3227
1781430270.7749922,30,10,4.1872,0.79,0.0246,0.262,NOMINAL,NORMAL,0,,7,13.0,4888,3227
1781430270.9019754,30,10,5.4681,1.028,0.033,0.377,NOMINAL,NORMAL,0,,7,13.0,4888,3227
1781430271.025476,30,10,4.5455,0.751,0.0239,0.259,NOMINAL,NORMAL,0,,7,13.0,4888,3227
1781430271.1521084,30,10,5.5371,1.063,0.0355,0.386,NOMINAL,NORMAL,0,,7,13.0,4888,3227
1781430271.2752202,30,10,3.6733,1.2,0.0356,0.394,NOMINAL,NORMAL,0,,7,13.0,4888,3227
1781430271.399275,30,10,2.8611,0.991,0.0365,0.383,NOMINAL,NORMAL,0,,7,13.0,4888,3227
1781430271.526982,30,10,5.4266,1.102,0.0353,0.376,NOMINAL,NORMAL,0,,5,12.8,4880,3227
1781430271.6513782,30,10,5.3919,0.767,0.0227,0.256,NOMINAL,NORMAL,0,,5,12.8,4880,3227
1781430271.7753522,30,10,3.5125,1.37,0.0355,0.407,NOMINAL,NORMAL,0,,5,12.8,4880,3227
1781430271.9023135,30,10,5.4769,1.318,0.0342,0.381,NOMINAL,NORMAL,0,,5,12.8,4880,3227
1781430272.0250857,30,10,3.7024,0.964,0.0332,0.376,NOMINAL,NORMAL,0,,5,12.8,4880,3227
1781430272.151974,30,10,5.4399,1.044,0.0339,0.372,NOMINAL,NORMAL,0,,5,12.8,4880,3227
1781430272.2771668,30,10,5.5045,1.226,0.0337,0.363,NOMINAL,NORMAL,0,,5,12.8,4880,3227
1781430272.3987348,30,10,2.8198,0.832,0.0351,0.413,NOMINAL,NORMAL,0,,5,12.8,4880,3227
1781430272.527073,30,10,5.4726,1.101,0.0358,0.387,NOMINAL,NORMAL,0,,0,13.0,4888,3227
1781430272.6506631,30,10,4.6693,0.781,0.0221,0.29,NOMINAL,NORMAL,0,,0,13.0,4888,3227
1781430272.776939,30,10,5.5321,1.01,0.0341,0.366,NOMINAL,NORMAL,0,,0,13.0,4888,3227
1781430272.901942,30,10,5.4778,0.995,0.0326,0.373,NOMINAL,NORMAL,0,,0,13.0,4888,3227
1781430273.0248098,30,10,3.4914,0.948,0.0313,0.352,NOMINAL,NORMAL,0,,0,13.0,4888,3227
1781430273.1519737,30,10,5.433,1.061,0.0338,0.385,NOMINAL,NORMAL,0,,0,13.0,4888,3227
1781430273.2766697,30,10,5.5079,0.819,0.0224,0.253,NOMINAL,NORMAL,0,,0,13.0,4888,3227
1781430273.3997345,30,10,3.4466,1.015,0.0342,0.372,NOMINAL,NORMAL,0,,0,13.0,4888,3227
1781430273.5269122,30,10,5.4237,1.044,0.0333,0.383,NOMINAL,NORMAL,0,,0,12.8,4880,3227
1781430273.6502624,30,10,3.9072,0.943,0.0331,0.374,NOMINAL,NORMAL,0,,0,12.8,4880,3227
1781430273.7773054,30,10,5.5877,1.072,0.0348,0.379,NOMINAL,NORMAL,0,,0,12.8,4880,3227
1781430273.9020574,30,10,5.4977,1.016,0.0338,0.365,NOMINAL,NORMAL,0,,0,12.8,4880,3227
1781430274.0239491,30,10,2.8277,1.1,0.031,0.384,NOMINAL,NORMAL,0,,0,12.8,4880,3227
1781430274.1517448,30,10,5.4458,0.904,0.0301,0.324,NOMINAL,NORMAL,0,,0,12.8,4880,3227
1781430274.2755067,30,10,4.5939,0.652,0.0202,0.253,NOMINAL,NORMAL,0,,0,12.8,4880,3227
1781430274.40161,30,10,5.4068,0.918,0.031,0.347,NOMINAL,NORMAL,0,,0,12.8,4880,3227
1781430274.526983,30,10,5.5051,1.043,0.0338,0.378,NOMINAL,NORMAL,0,,0,13.8,4888,3227
1781430274.649549,30,10,3.2213,0.92,0.0334,0.38,NOMINAL,NORMAL,0,,0,13.8,4888,3227
1781430274.7761796,30,10,4.9622,1.04,0.0332,0.383,NOMINAL,NORMAL,0,,0,13.8,4888,3227
1781430274.9019337,30,10,5.5181,0.908,0.0242,0.27,NOMINAL,NORMAL,0,,0,13.8,4888,3227
1781430275.0244136,30,10,3.1588,1.052,0.0342,0.374,NOMINAL,NORMAL,0,,0,13.8,4888,3227
1781430275.1520314,30,10,5.5282,1.015,0.0336,0.373,NOMINAL,NORMAL,0,,0,13.8,4888,3227
1781430275.275727,30,10,4.0198,0.984,0.0336,0.378,NOMINAL,NORMAL,0,,0,13.8,4888,3227
1781430275.399034,30,10,2.8696,0.851,0.035,0.357,NOMINAL,NORMAL,0,,0,13.8,4888,3227
1781430275.5271544,30,10,5.519,1.119,0.0352,0.387,NOMINAL,NORMAL,0,,0,12.5,4888,3227
1781430275.6501184,30,10,4.0338,0.921,0.0229,0.258,NOMINAL,NORMAL,0,,0,12.5,4888,3227
1781430275.7770734,30,10,5.5519,1.015,0.033,0.379,NOMINAL,NORMAL,0,,0,12.5,4888,3227
1781430275.9014246,30,10,5.0705,0.963,0.0221,0.255,NOMINAL,NORMAL,0,,0,12.5,4888,3227
1781430276.024691,30,10,3.3318,0.911,0.0361,0.385,NOMINAL,NORMAL,0,,0,12.5,4888,3227
1781430276.152128,30,10,5.5898,1.055,0.0352,0.385,NOMINAL,NORMAL,0,,0,12.5,4888,3227
1781430276.274679,30,10,3.4249,0.928,0.034,0.438,NOMINAL,NORMAL,0,,0,12.5,4888,3227
1781430276.4016583,30,10,5.4782,0.985,0.0331,0.375,NOMINAL,NORMAL,0,,0,12.5,4888,3227
1781430276.5269887,30,10,5.5648,1.036,0.0235,0.27,NOMINAL,NORMAL,0,,10,13.5,4880,3227
1781430276.649942,30,10,3.8341,1.044,0.0336,0.382,NOMINAL,NORMAL,0,,10,13.5,4880,3227
1781430276.7772229,30,10,5.5154,0.989,0.0346,0.366,NOMINAL,NORMAL,0,,10,13.5,4880,3227
1781430276.900634,30,10,4.3121,0.943,0.0233,0.267,NOMINAL,NORMAL,0,,10,13.5,4880,3227
1781430277.0273263,30,10,5.5504,1.071,0.0339,0.382,NOMINAL,NORMAL,0,,10,13.5,4880,3227
1781430277.152334,30,10,5.5714,1.05,0.034,0.382,NOMINAL,NORMAL,0,,10,13.5,4880,3227
1781430277.2743373,30,10,2.8795,0.925,0.0338,0.39,NOMINAL,NORMAL,0,,10,13.5,4880,3227
1781430277.4019432,30,10,5.463,0.98,0.0333,0.372,NOMINAL,NORMAL,0,,10,13.5,4880,3227
1781430277.5266263,30,10,5.3384,0.951,0.0218,0.293,NOMINAL,NORMAL,0,,4,12.7,4848,3227
1781430277.650055,30,10,3.5134,1.139,0.0346,0.384,NOMINAL,NORMAL,0,,4,12.7,4848,3227
1781430277.7769935,30,10,5.5328,0.983,0.034,0.372,NOMINAL,NORMAL,0,,4,12.7,4848,3227
1781430277.9017863,30,10,5.5507,0.859,0.024,0.271,NOMINAL,NORMAL,0,,4,12.7,4848,3227
1781430278.0271475,30,10,5.5708,1.111,0.0325,0.386,NOMINAL,NORMAL,0,,4,12.7,4848,3227
1781430278.1520216,30,10,5.5128,1.034,0.0354,0.378,NOMINAL,NORMAL,0,,4,12.7,4848,3227
1781430278.2751434,30,10,4.4235,0.764,0.0224,0.26,NOMINAL,NORMAL,0,,4,12.7,4848,3227
1781430278.4019017,30,10,5.5296,0.95,0.0324,0.359,NOMINAL,NORMAL,0,,4,12.7,4848,3227
1781430278.525818,30,10,4.6887,0.785,0.0229,0.262,NOMINAL,NORMAL,0,,99,13.5,4888,3227
1781430278.64942,30,10,2.9059,0.937,0.0332,0.378,NOMINAL,NORMAL,0,,99,13.5,4888,3227
1781430278.7770145,30,10,5.5342,0.998,0.0323,0.372,NOMINAL,NORMAL,0,,99,13.5,4888,3227
1781430278.899438,30,10,2.9782,0.948,0.0343,0.376,NOMINAL,NORMAL,0,,99,13.5,4888,3227
1781430279.026855,30,10,5.3903,1.061,0.0348,0.432,NOMINAL,NORMAL,0,,99,13.5,4888,3227
1781430279.1516035,30,10,5.4065,0.794,0.0226,0.269,NOMINAL,NORMAL,0,,99,13.5,4888,3227
1781430279.275181,30,10,3.6277,0.951,0.0344,0.377,NOMINAL,NORMAL,0,,99,13.5,4888,3227
1781430279.4019532,30,10,5.5154,0.956,0.033,0.369,NOMINAL,NORMAL,0,,99,13.5,4888,3227
1781430279.5252137,30,10,3.8855,0.904,0.0347,0.381,NOMINAL,NORMAL,0,,99,13.2,4880,3227
1781430279.652368,30,10,5.6128,1.038,0.0334,0.382,NOMINAL,NORMAL,0,,99,13.2,4880,3227
1781430279.7768557,30,10,5.589,0.951,0.0319,0.37,NOMINAL,NORMAL,0,,99,13.2,4880,3227
1781430279.899995,30,10,4.119,0.756,0.0237,0.265,NOMINAL,NORMAL,0,,99,13.2,4880,3227
1781430280.0268354,30,10,5.5046,0.971,0.0312,0.41,NOMINAL,NORMAL,0,,99,13.2,4880,3227
1781430280.1509485,30,10,4.8031,0.812,0.0231,0.259,NOMINAL,NORMAL,0,,99,13.2,4880,3227
1781430280.2770474,30,10,5.608,0.987,0.0323,0.369,NOMINAL,NORMAL,0,,99,13.2,4880,3227
1781430280.4019723,30,10,5.5411,0.984,0.0323,0.367,NOMINAL,NORMAL,0,,99,13.2,4880,3227
1781430280.525215,30,10,3.7712,1.0,0.0332,0.38,NOMINAL,NORMAL,0,,99,13.8,4880,3227
1781430280.6522236,30,10,5.5475,1.028,0.0354,0.378,NOMINAL,NORMAL,0,,99,13.8,4880,3227
1781430280.7768872,30,10,5.5795,0.752,0.0227,0.252,NOMINAL,NORMAL,0,,99,13.8,4880,3227
1781430280.9002275,30,10,3.8866,0.863,0.0239,0.291,NOMINAL,NORMAL,0,,99,13.8,4880,3227
1781430281.0270226,30,10,5.572,1.052,0.0336,0.382,NOMINAL,NORMAL,0,,99,13.8,4880,3227
1781430281.1501937,30,10,4.0485,0.784,0.0222,0.264,NOMINAL,NORMAL,0,,99,13.8,4880,3227
1781430281.2740939,30,10,2.8973,0.887,0.0334,0.378,NOMINAL,NORMAL,0,,99,13.8,4880,3227
1781430281.4019253,30,10,5.5054,0.937,0.0349,0.367,NOMINAL,NORMAL,0,,99,13.8,4880,3227
1781430281.5245123,30,10,3.1769,1.073,0.0379,0.389,NOMINAL,NORMAL,0,,99,13.2,4880,3227
1781430281.6521056,30,10,5.569,1.043,0.0343,0.384,NOMINAL,NORMAL,0,,99,13.2,4880,3227
1781430281.7761629,30,10,5.1636,0.713,0.0226,0.253,NOMINAL,NORMAL,0,,99,13.2,4880,3227
1781430281.9020414,30,10,5.6026,1.01,0.0341,0.374,NOMINAL,NORMAL,0,,99,13.2,4880,3227
1781430282.0272298,30,10,5.5915,1.134,0.0346,0.39,NOMINAL,NORMAL,0,,99,13.2,4880,3227
1781430282.1497395,30,10,3.347,0.959,0.0342,0.392,NOMINAL,NORMAL,0,,99,13.2,4880,3227
1781430282.276181,30,10,5.0443,1.015,0.0329,0.376,NOMINAL,NORMAL,0,,99,13.2,4880,3227
1781430282.4020214,30,10,5.6463,0.954,0.0331,0.366,NOMINAL,NORMAL,0,,99,13.2,4880,3227
1781430282.52486,30,10,4.1029,0.732,0.0226,0.261,NOMINAL,NORMAL,0,,99,12.5,4880,3227
1781430282.6521084,30,10,5.6375,1.016,0.0341,0.365,NOMINAL,NORMAL,0,,99,12.5,4880,3227
1781430282.7752628,30,10,4.3459,0.657,0.0206,0.224,NOMINAL,NORMAL,0,,99,12.5,4880,3227
1781430282.901977,30,10,5.5887,0.963,0.0328,0.372,NOMINAL,NORMAL,0,,99,12.5,4880,3227
1781430283.0272133,30,10,5.6038,1.095,0.0345,0.395,NOMINAL,NORMAL,0,,99,12.5,4880,3227
1781430283.150433,30,10,4.2815,0.929,0.0234,0.266,NOMINAL,NORMAL,0,,99,12.5,4880,3227
1781430283.2769945,30,10,5.5951,0.962,0.0342,0.373,NOMINAL,NORMAL,0,,99,12.5,4880,3227
1781430283.4012303,30,10,5.2176,0.713,0.0227,0.252,NOMINAL,NORMAL,0,,99,12.5,4880,3227
1781430283.5248306,30,10,3.502,0.923,0.0349,0.373,NOMINAL,NORMAL,0,,99,13.0,4880,3227
1781430283.652148,30,10,5.694,1.017,0.0336,0.373,NOMINAL,NORMAL,0,,99,13.0,4880,3227
1781430283.7749107,30,10,3.5567,0.957,0.0347,0.377,NOMINAL,NORMAL,0,,99,13.0,4880,3227
1781430283.9022167,30,10,5.6372,1.087,0.036,0.388,NOMINAL,NORMAL,0,,99,13.0,4880,3227
1781430284.0272198,30,10,5.685,1.096,0.0243,0.275,NOMINAL,NORMAL,0,,99,13.0,4880,3227
1781430284.1504228,30,10,4.1584,1.073,0.0354,0.386,NOMINAL,NORMAL,0,,99,13.0,4880,3227
1781430284.2773411,30,10,5.6454,0.992,0.0342,0.379,NOMINAL,NORMAL,0,,99,13.0,4880,3227
1781430284.400459,30,10,4.4691,0.663,0.0201,0.237,NOMINAL,NORMAL,0,,99,13.0,4880,3227
1781430284.5272307,30,10,5.6457,1.1,0.0344,0.376,NOMINAL,NORMAL,0,,99,12.8,4920,3227
1781430284.6521914,30,10,5.6928,1.026,0.0341,0.368,NOMINAL,NORMAL,0,,99,12.8,4920,3227
1781430284.7744083,30,10,3.0161,0.957,0.035,0.389,NOMINAL,NORMAL,0,,99,12.8,4920,3227
1781430284.9025881,30,10,5.6763,1.276,0.033,0.426,NOMINAL,NORMAL,0,,99,12.8,4920,3227
1781430285.0268283,30,10,5.5576,0.829,0.0241,0.273,NOMINAL,NORMAL,0,,99,12.8,4920,3227
1781430285.150017,30,10,3.7335,0.959,0.0355,0.391,NOMINAL,NORMAL,0,,99,12.8,4920,3227
1781430285.277222,30,10,5.6482,1.225,0.0334,0.364,NOMINAL,NORMAL,0,,99,12.8,4920,3227
1781430285.4020112,30,10,5.7117,0.973,0.0335,0.376,NOMINAL,NORMAL,0,,99,12.8,4920,3227
1781430285.5272183,30,10,5.7031,1.052,0.0337,0.38,NOMINAL,NORMAL,0,,82,13.7,4920,3228
1781430285.6522017,30,10,5.6948,1.024,0.0332,0.368,NOMINAL,NORMAL,0,,82,13.7,4920,3228
1781430285.7753372,30,10,4.5546,0.78,0.0224,0.257,NOMINAL,NORMAL,0,,82,13.7,4920,3228
1781430285.9019492,30,10,5.6527,0.967,0.0337,0.372,NOMINAL,NORMAL,0,,82,13.7,4920,3228
1781430286.0259814,30,10,4.7405,0.792,0.0241,0.266,NOMINAL,NORMAL,0,,82,13.7,4920,3228
1781430286.1497824,30,10,3.1073,1.197,0.0358,0.399,NOMINAL,NORMAL,0,,82,13.7,4920,3228
1781430286.2774234,30,10,5.7138,1.218,0.0337,0.371,NOMINAL,NORMAL,0,,82,13.7,4920,3228
1781430286.3993998,30,10,3.0709,0.889,0.0341,0.375,NOMINAL,NORMAL,0,,82,13.7,4920,3228
1781430286.527391,30,10,5.6933,1.258,0.0351,0.376,NOMINAL,NORMAL,0,,58,13.0,4888,3227
1781430286.6518152,30,10,5.7056,0.794,0.0216,0.255,NOMINAL,NORMAL,0,,58,13.0,4888,3227
1781430286.7751274,30,10,3.8844,0.875,0.0316,0.371,NOMINAL,NORMAL,0,,58,13.0,4888,3227
1781430286.8998315,30,10,4.0273,0.786,0.0227,0.265,NOMINAL,NORMAL,0,,58,13.0,4888,3227
1781430287.0253124,30,10,4.0066,0.891,0.0338,0.37,NOMINAL,NORMAL,0,,58,13.0,4888,3227
1781430287.1523712,30,10,5.7805,1.055,0.0332,0.373,NOMINAL,NORMAL,0,,58,13.0,4888,3227
1781430287.2771842,30,10,5.7605,0.97,0.0323,0.363,NOMINAL,NORMAL,0,,58,13.0,4888,3227
1781430287.3988307,30,10,2.9416,0.798,0.0331,0.396,NOMINAL,NORMAL,0,,58,13.0,4888,3227
1781430287.5273697,30,10,5.8062,1.07,0.0327,0.389,NOMINAL,NORMAL,0,,67,12.8,4920,3227
1781430287.6509933,30,10,5.0586,0.779,0.0223,0.253,NOMINAL,NORMAL,0,,67,12.8,4920,3227
1781430287.777051,30,10,5.6718,0.974,0.0324,0.356,NOMINAL,NORMAL,0,,67,12.8,4920,3227
1781430287.9021413,30,10,5.6859,0.985,0.0328,0.366,NOMINAL,NORMAL,0,,67,12.8,4920,3227
1781430288.024586,30,10,3.4612,0.886,0.0338,0.372,NOMINAL,NORMAL,0,,67,12.8,4920,3227
1781430288.1524544,30,10,5.8127,1.068,0.0351,0.385,NOMINAL,NORMAL,0,,67,12.8,4920,3227
1781430288.2770383,30,10,5.831,0.781,0.0228,0.251,NOMINAL,NORMAL,0,,67,12.8,4920,3227
1781430288.4001093,30,10,4.2752,0.716,0.0228,0.262,NOMINAL,NORMAL,0,,67,12.8,4920,3227
1781430288.5254683,30,10,3.9517,1.004,0.0342,0.386,NOMINAL,NORMAL,0,,0,12.3,4888,3227
1781430288.6506557,30,10,4.293,0.959,0.0215,0.31,NOMINAL,NORMAL,0,,0,12.3,4888,3227
1781430288.7742517,30,10,3.0223,0.968,0.0355,0.378,NOMINAL,NORMAL,0,,0,12.3,4888,3227
1781430288.9022026,30,10,5.6667,0.973,0.034,0.393,NOMINAL,NORMAL,0,,0,12.3,4888,3227
1781430289.0250938,30,10,3.5075,1.251,0.0348,0.376,NOMINAL,NORMAL,0,,0,12.3,4888,3227
1781430289.1524818,30,10,5.8319,1.067,0.0347,0.384,NOMINAL,NORMAL,0,,0,12.3,4888,3227
1781430289.2762506,30,10,5.2212,0.652,0.019,0.215,NOMINAL,NORMAL,0,,0,12.3,4888,3227
1781430289.3997612,30,10,3.3785,0.948,0.0349,0.364,NOMINAL,NORMAL,0,,0,12.3,4888,3227
1781430289.5266786,30,10,5.3586,0.961,0.0486,0.295,NOMINAL,NORMAL,0,,0,12.3,4888,3227
1781430289.6502078,30,10,3.5648,1.166,0.0333,0.369,NOMINAL,NORMAL,0,,0,12.8,4880,3227
1781430289.7773626,30,10,5.8351,0.986,0.033,0.361,NOMINAL,NORMAL,0,,0,12.8,4880,3227
1781430289.9010782,30,10,4.8809,0.794,0.0229,0.268,NOMINAL,NORMAL,0,,0,12.8,4880,3227
1781430290.0243738,30,10,3.294,0.914,0.0326,0.34,NOMINAL,NORMAL,0,,0,12.8,4880,3227
1781430290.1524136,30,10,5.7868,1.056,0.0324,0.365,NOMINAL,NORMAL,0,,0,12.8,4880,3227
1781430290.2755702,30,10,4.5349,0.707,0.0226,0.247,NOMINAL,NORMAL,0,,0,12.8,4880,3227
1781430290.3992136,30,10,3.0261,0.856,0.0327,0.366,NOMINAL,NORMAL,0,,0,12.8,4880,3227
1781430290.5248785,30,10,3.4989,1.078,0.036,0.383,NOMINAL,NORMAL,0,,0,12.8,4880,3227
1781430290.649388,30,10,3.1024,0.916,0.0351,0.384,NOMINAL,NORMAL,0,,28,12.8,4880,3228
1781430290.7772956,30,10,5.8242,0.994,0.0351,0.374,NOMINAL,NORMAL,0,,28,12.8,4880,3228
1781430290.90157,30,10,5.4873,0.728,0.0223,0.259,NOMINAL,NORMAL,0,,28,12.8,4880,3228
1781430291.0250118,30,10,3.7559,0.923,0.0344,0.381,NOMINAL,NORMAL,0,,28,12.8,4880,3228
1781430291.1502817,30,10,3.8996,0.998,0.037,0.406,NOMINAL,NORMAL,0,,28,12.8,4880,3228
1781430291.2752507,30,10,3.8093,0.992,0.034,0.374,NOMINAL,NORMAL,0,,28,12.8,4880,3228
1781430291.3989322,30,10,3.035,0.913,0.0342,0.386,NOMINAL,NORMAL,0,,28,12.8,4880,3228
1781430291.527442,30,10,5.8244,1.281,0.0226,0.269,NOMINAL,NORMAL,0,,28,12.8,4880,3228
1781430291.6509886,30,10,4.6828,0.844,0.0345,0.384,NOMINAL,NORMAL,0,,0,14.3,4880,3228
1781430291.7760956,30,10,4.883,0.759,0.0351,0.374,NOMINAL,NORMAL,0,,0,14.3,4880,3228
1781430291.9007,30,10,4.8042,0.698,0.0235,0.256,NOMINAL,NORMAL,0,,0,14.3,4880,3228
1781430292.0273888,30,10,5.7927,1.092,0.0346,0.377,NOMINAL,NORMAL,0,,0,14.3,4880,3228
1781430292.1524415,30,10,5.8169,1.099,0.0368,0.389,NOMINAL,NORMAL,0,,0,14.3,4880,3228
1781430292.2745688,30,10,3.1458,0.971,0.037,0.413,NOMINAL,NORMAL,0,,0,14.3,4880,3228
1781430292.40206,30,10,5.7329,1.017,0.0357,0.412,NOMINAL,NORMAL,0,,0,14.3,4880,3228
1781430292.5269468,30,10,5.8368,0.995,0.0228,0.266,NOMINAL,NORMAL,0,,0,14.3,4880,3228
1781430292.650276,30,10,3.9332,0.97,0.0356,0.383,NOMINAL,NORMAL,0,,0,14.5,4880,3228
1781430292.7774155,30,10,5.9136,1.04,0.0354,0.384,NOMINAL,NORMAL,0,,0,14.5,4880,3228
1781430292.9003205,30,10,4.0064,0.93,0.0345,0.38,NOMINAL,NORMAL,0,,0,14.5,4880,3228
1781430293.0274768,30,10,5.6616,1.298,0.0342,0.373,NOMINAL,NORMAL,0,,0,14.5,4880,3228
1781430293.152392,30,10,5.7812,1.083,0.0356,0.388,NOMINAL,NORMAL,0,,0,14.5,4880,3228
1781430293.2743068,30,10,3.0811,1.004,0.0352,0.393,NOMINAL,NORMAL,0,,0,14.5,4880,3228
1781430293.4023612,30,10,5.88,0.97,0.0347,0.363,NOMINAL,NORMAL,0,,0,14.5,4880,3228
1781430293.525033,30,10,3.469,0.995,0.035,0.403,NOMINAL,NORMAL,0,,0,14.5,4880,3228
1781430293.6496649,30,10,3.2459,0.932,0.0342,0.388,NOMINAL,NORMAL,0,,6,13.3,4880,3228
1781430293.7775517,30,10,5.8073,1.011,0.0343,0.375,NOMINAL,NORMAL,0,,6,13.3,4880,3228
1781430293.899814,30,10,3.2377,1.022,0.033,0.386,NOMINAL,NORMAL,0,,6,13.3,4880,3228
1781430294.0273838,30,10,5.8818,1.051,0.0326,0.382,NOMINAL,NORMAL,0,,6,13.3,4880,3228
1781430294.150955,30,10,4.3655,1.033,0.0353,0.392,NOMINAL,NORMAL,0,,6,13.3,4880,3228
1781430294.2766545,30,10,5.3868,1.058,0.0369,0.385,NOMINAL,NORMAL,0,,6,13.3,4880,3228
1781430294.40242,30,10,5.8673,1.036,0.0345,0.404,NOMINAL,NORMAL,0,,6,13.3,4880,3228
1781430294.5256846,30,10,4.3105,0.931,0.0341,0.39,NOMINAL,NORMAL,0,,6,13.3,4880,3228
1781430294.652459,30,10,5.9411,1.041,0.0339,0.382,NOMINAL,NORMAL,0,,0,13.5,4888,3228
1781430294.7773824,30,10,5.863,1.033,0.0336,0.39,NOMINAL,NORMAL,0,,0,13.5,4888,3228
1781430294.8999805,30,10,3.0833,0.996,0.0371,1.005,NOMINAL,NORMAL,0,,0,13.5,4888,3228
1781430295.0272524,30,10,5.8194,1.041,0.034,0.406,NOMINAL,NORMAL,0,,0,13.5,4888,3228
1781430295.1513114,30,10,5.2539,0.798,0.0221,0.265,NOMINAL,NORMAL,0,,0,13.5,4888,3228
1781430295.2753963,30,10,3.4617,1.366,0.0364,0.39,NOMINAL,NORMAL,0,,0,13.5,4888,3228
1781430295.4027662,30,10,5.8781,1.331,0.0726,0.432,NOMINAL,NORMAL,0,,0,13.5,4888,3228
1781430295.5252194,30,10,3.6067,1.233,0.0344,0.388,NOMINAL,NORMAL,0,,0,13.5,4888,3228
1781430295.65281,30,10,5.9865,1.329,0.0341,0.383,NOMINAL,NORMAL,0,,0,13.2,4880,3228
1781430295.7772331,30,10,5.9423,0.889,0.0218,0.264,NOMINAL,NORMAL,0,,0,13.2,4880,3228
1781430295.9007168,30,10,4.5656,0.937,0.033,0.382,NOMINAL,NORMAL,0,,0,13.2,4880,3228
1781430296.027774,30,10,5.9657,1.308,0.034,0.389,NOMINAL,NORMAL,0,,0,13.2,4880,3228
1781430296.1511135,30,10,4.5372,1.147,0.0336,0.404,NOMINAL,NORMAL,0,,0,13.2,4880,3228
1781430296.27473,30,10,3.1382,1.228,0.0363,0.424,NOMINAL,NORMAL,0,,0,13.2,4880,3228
1781430296.4025114,30,10,5.9408,1.028,0.0352,0.396,NOMINAL,NORMAL,0,,0,13.2,4880,3228
1781430296.5252557,30,10,3.9026,1.047,0.0248,0.291,NOMINAL,NORMAL,0,,0,13.2,4880,3228
1781430296.652556,30,10,5.9842,1.072,0.0349,0.379,NOMINAL,NORMAL,0,,55,12.8,4920,3228
1781430296.7768013,30,10,5.4717,0.972,0.0223,0.26,NOMINAL,NORMAL,0,,55,12.8,4920,3228
1781430296.9004645,30,10,3.8704,1.078,0.035,0.39,NOMINAL,NORMAL,0,,55,12.8,4920,3228
1781430297.0273526,30,10,5.8337,1.101,0.0348,0.381,NOMINAL,NORMAL,0,,55,12.8,4920,3228
1781430297.1502545,30,10,3.8116,0.987,0.0358,0.394,NOMINAL,NORMAL,0,,55,12.8,4920,3228
1781430297.2777522,30,10,5.8951,1.081,0.0351,0.394,NOMINAL,NORMAL,0,,55,12.8,4920,3228
1781430297.4025135,30,10,5.8268,0.995,0.0232,0.289,NOMINAL,NORMAL,0,,55,12.8,4920,3228
1781430297.525263,30,10,4.274,0.973,0.0225,0.278,NOMINAL,NORMAL,0,,55,12.8,4920,3228
1781430297.6528327,30,10,5.9822,1.324,0.0344,0.383,NOMINAL,NORMAL,0,,61,13.2,4888,3228
1781430297.7761443,30,10,4.7637,0.998,0.0237,0.267,NOMINAL,NORMAL,0,,61,13.2,4888,3228
1781430297.9022615,30,10,5.8412,1.034,0.0346,0.385,NOMINAL,NORMAL,0,,61,13.2,4888,3228
1781430298.0273888,30,10,5.8324,1.08,0.036,0.39,NOMINAL,NORMAL,0,,61,13.2,4888,3228
1781430298.149728,30,10,3.1587,1.128,0.0338,0.384,NOMINAL,NORMAL,0,,61,13.2,4888,3228
1781430298.2776017,30,10,5.9587,1.247,0.0339,0.384,NOMINAL,NORMAL,0,,61,13.2,4888,3228
1781430298.4018626,30,10,5.6714,0.815,0.0225,0.263,NOMINAL,NORMAL,0,,61,13.2,4888,3228
1781430298.525093,30,10,3.9134,0.896,0.0336,0.378,NOMINAL,NORMAL,0,,61,13.2,4888,3228
1781430298.652578,30,10,6.0175,1.04,0.0343,0.381,NOMINAL,NORMAL,0,,56,13.8,4920,3227
1781430298.7753282,30,10,3.9528,0.941,0.0334,0.378,NOMINAL,NORMAL,0,,56,13.8,4920,3227
1781430298.899055,30,10,3.0959,0.893,0.0332,0.372,NOMINAL,NORMAL,0,,56,13.8,4920,3227
1781430299.02742,30,10,5.9845,1.02,0.0323,0.357,NOMINAL,NORMAL,0,,56,13.8,4920,3227
1781430299.149882,30,10,4.1756,0.776,0.0218,0.256,NOMINAL,NORMAL,0,,56,13.8,4920,3227
1781430299.277445,30,10,6.0292,0.98,0.0325,0.369,NOMINAL,NORMAL,0,,56,13.8,4920,3227
1781430299.4008315,30,10,4.9924,0.664,0.0217,0.24,NOMINAL,NORMAL,0,,56,13.8,4920,3227
1781430299.52533,30,10,4.0045,0.976,0.0224,0.261,NOMINAL,NORMAL,0,,56,13.8,4920,3227
1781430299.652315,30,10,5.941,0.953,0.0308,0.342,NOMINAL,NORMAL,0,,99,13.2,4920,3227
1781430299.7749457,30,10,3.5263,0.968,0.0341,0.384,NOMINAL,NORMAL,0,,99,13.2,4920,3227
1781430299.9026654,30,10,5.9937,1.059,0.034,0.422,NOMINAL,NORMAL,0,,99,13.2,4920,3227
1781430300.027171,30,10,5.9295,0.854,0.0242,0.275,NOMINAL,NORMAL,0,,99,13.2,4920,3227
1781430300.1505713,30,10,4.1387,1.023,0.0372,0.441,NOMINAL,NORMAL,0,,99,13.2,4920,3227
1781430300.2777083,30,10,6.0892,1.055,0.035,0.39,NOMINAL,NORMAL,0,,99,13.2,4920,3227
1781430300.4005053,30,10,4.2872,0.892,0.0353,0.391,NOMINAL,NORMAL,0,,99,13.2,4920,3227
1781430300.526601,30,10,5.0455,1.334,0.0351,0.419,NOMINAL,NORMAL,0,,99,13.2,4920,3227
1781430300.6529381,30,10,6.0935,1.331,0.0352,0.337,NOMINAL,NORMAL,0,,99,15.3,4920,3228
1781430300.7746897,30,10,3.152,1.305,0.0339,0.429,NOMINAL,NORMAL,0,,99,15.3,4920,3228
1781430300.9028308,30,10,5.9843,1.266,0.0352,0.435,NOMINAL,NORMAL,0,,99,15.3,4920,3228
1781430301.026651,30,10,5.2541,1.02,0.0248,0.344,NOMINAL,NORMAL,0,,99,15.3,4920,3228
1781430301.1501713,30,10,3.421,1.175,0.035,0.39,NOMINAL,NORMAL,0,,99,15.3,4920,3228
1781430301.2778366,30,10,6.0667,1.265,0.0342,0.376,NOMINAL,NORMAL,0,,99,15.3,4920,3228
1781430301.4022698,30,10,6.0278,0.838,0.0236,0.264,NOMINAL,NORMAL,0,,99,15.3,4920,3228
1781430301.5247273,30,10,3.4707,1.095,0.0363,0.385,NOMINAL,NORMAL,0,,99,15.3,4920,3228
1781430301.6523561,30,10,6.092,0.836,0.0238,0.262,NOMINAL,NORMAL,0,,99,13.7,4880,3228
1781430301.7766232,30,10,5.452,1.042,0.0351,0.378,NOMINAL,NORMAL,0,,99,13.7,4880,3228
1781430301.9024324,30,10,5.9942,1.012,0.0328,0.377,NOMINAL,NORMAL,0,,99,13.7,4880,3228
1781430302.0258512,30,10,4.4382,0.982,0.0352,0.385,NOMINAL,NORMAL,0,,99,13.7,4880,3228
1781430302.15283,30,10,6.0552,1.282,0.0334,0.382,NOMINAL,NORMAL,0,,99,13.7,4880,3228
1781430302.2775543,30,10,6.0589,1.013,0.0343,0.378,NOMINAL,NORMAL,0,,99,13.7,4880,3228
1781430302.399381,30,10,3.1186,0.994,0.0337,0.388,NOMINAL,NORMAL,0,,99,13.7,4880,3228
1781430302.526023,30,10,5.1415,0.863,0.0224,0.268,NOMINAL,NORMAL,0,,99,13.7,4880,3228
1781430302.6518402,30,10,5.4176,0.993,0.0213,0.276,NOMINAL,NORMAL,0,,99,12.7,4880,3228
1781430302.7748632,30,10,3.6796,0.87,0.0347,0.403,NOMINAL,NORMAL,0,,99,12.7,4880,3228
1781430302.902779,30,10,5.9863,1.254,0.0679,0.417,NOMINAL,NORMAL,0,,99,12.7,4880,3228
1781430303.0251398,30,10,3.7594,0.972,0.0341,0.392,NOMINAL,NORMAL,0,,99,12.7,4880,3228
1781430303.1525776,30,10,6.1135,1.081,0.0332,0.39,NOMINAL,NORMAL,0,,99,12.7,4880,3228
1781430303.2772646,30,10,5.8992,1.144,0.0226,0.256,NOMINAL,NORMAL,0,,99,12.7,4880,3228
1781430303.3988547,30,10,3.0454,0.836,0.034,0.41,NOMINAL,NORMAL,0,,99,12.7,4880,3228
1781430303.527536,30,10,6.0353,1.132,0.0338,0.403,NOMINAL,NORMAL,0,,99,12.7,4880,3228
1781430303.6504467,30,10,4.2407,0.935,0.0335,0.393,NOMINAL,NORMAL,0,,76,14.0,4960,3228
1781430303.7751791,30,10,3.1821,1.609,0.0347,0.393,NOMINAL,NORMAL,0,,76,14.0,4960,3228
1781430303.90289,30,10,6.0483,1.276,0.0386,0.43,NOMINAL,NORMAL,0,,76,14.0,4960,3228
1781430304.0252802,30,10,3.7416,1.3,0.0278,0.306,NOMINAL,NORMAL,0,,76,14.0,4960,3228
1781430304.1525958,30,10,6.0658,1.074,0.0359,0.388,NOMINAL,NORMAL,0,,76,14.0,4960,3228
1781430304.2766418,30,10,5.7726,0.729,0.0351,0.276,NOMINAL,NORMAL,0,,76,14.0,4960,3228
1781430304.4006388,30,10,4.2576,1.039,0.0349,0.385,NOMINAL,NORMAL,0,,76,14.0,4960,3228
1781430304.527647,30,10,6.0103,1.139,0.036,0.389,NOMINAL,NORMAL,0,,76,14.0,4960,3228
1781430304.6507082,30,10,4.0196,1.184,0.0349,0.426,NOMINAL,NORMAL,0,,99,13.7,4920,3228
1781430304.7774565,30,10,5.98,1.023,0.0344,0.373,NOMINAL,NORMAL,0,,99,13.7,4920,3228
1781430304.9025846,30,10,6.0333,1.053,0.0245,0.286,NOMINAL,NORMAL,0,,99,13.7,4920,3228
1781430305.0245428,30,10,3.3292,1.1,0.0355,0.393,NOMINAL,NORMAL,0,,99,13.7,4920,3228
1781430305.152606,30,10,6.0726,1.074,0.0351,0.394,NOMINAL,NORMAL,0,,99,13.7,4920,3228
1781430305.27605,30,10,4.9779,0.766,0.0241,0.266,NOMINAL,NORMAL,0,,99,13.7,4920,3228
1781430305.402199,30,10,5.954,0.957,0.0326,0.367,NOMINAL,NORMAL,0,,99,13.7,4920,3228
1781430305.525707,30,10,4.0809,1.132,0.0351,0.398,NOMINAL,NORMAL,0,,99,13.7,4920,3228
1781430305.6497111,30,10,3.2961,0.983,0.0349,0.391,NOMINAL,NORMAL,0,,71,13.8,4880,3228
1781430305.77786,30,10,6.0627,1.04,0.0351,0.378,NOMINAL,NORMAL,0,,71,13.8,4880,3228
1781430305.9019518,30,10,5.7978,0.769,0.0228,0.267,NOMINAL,NORMAL,0,,71,13.8,4880,3228
1781430306.0252047,30,10,3.9992,1.07,0.0357,0.395,NOMINAL,NORMAL,0,,71,13.8,4880,3228
1781430306.1526012,30,10,6.014,1.089,0.0335,0.388,NOMINAL,NORMAL,0,,71,13.8,4880,3228
1781430306.2755954,30,10,4.1535,0.977,0.0365,0.388,NOMINAL,NORMAL,0,,71,13.8,4880,3228
1781430306.3989866,30,10,3.088,0.942,0.0368,0.385,NOMINAL,NORMAL,0,,71,13.8,4880,3228
1781430306.5277317,30,10,6.1066,1.092,0.0337,0.369,NOMINAL,NORMAL,0,,71,13.8,4880,3228
1781430306.6511302,30,10,4.9726,0.809,0.0228,0.26,NOMINAL,NORMAL,0,,42,14.0,4880,3228
1781430306.777649,30,10,6.0213,1.132,0.0333,0.374,NOMINAL,NORMAL,0,,42,14.0,4880,3228
1781430306.9011612,30,10,5.1011,0.719,0.0228,0.256,NOMINAL,NORMAL,0,,42,14.0,4880,3228
1781430307.0257628,30,10,4.22,1.072,0.034,0.385,NOMINAL,NORMAL,0,,42,14.0,4880,3228
1781430307.1528587,30,10,6.0572,1.271,0.0341,0.399,NOMINAL,NORMAL,0,,42,14.0,4880,3228
1781430307.2751913,30,10,3.342,1.192,0.0338,0.381,NOMINAL,NORMAL,0,,42,14.0,4880,3228
1781430307.4027085,30,10,6.1413,1.012,0.0347,0.42,NOMINAL,NORMAL,0,,42,14.0,4880,3228
1781430307.5271726,30,10,6.0264,0.847,0.0229,0.267,NOMINAL,NORMAL,0,,42,14.0,4880,3228
1781430307.6504204,30,10,3.8459,1.231,0.0355,0.393,NOMINAL,NORMAL,0,,52,13.5,4880,3228
1781430307.777626,30,10,6.0426,1.244,0.0333,0.375,NOMINAL,NORMAL,0,,52,13.5,4880,3228
1781430307.9010246,30,10,4.3899,1.184,0.0343,0.382,NOMINAL,NORMAL,0,,52,13.5,4880,3228
1781430308.0247717,30,10,3.5002,1.109,0.0337,0.388,NOMINAL,NORMAL,0,,52,13.5,4880,3228
1781430308.152861,30,10,6.1492,1.266,0.0333,0.385,NOMINAL,NORMAL,0,,52,13.5,4880,3228
1781430308.274547,30,10,3.1584,1.163,0.0344,0.411,NOMINAL,NORMAL,0,,52,13.5,4880,3228
1781430308.4022925,30,10,6.0267,0.925,0.0329,0.355,NOMINAL,NORMAL,0,,52,13.5,4880,3228
1781430308.5264227,30,10,5.271,0.81,0.0235,0.306,NOMINAL,NORMAL,0,,52,13.5,4880,3228
1781430308.6514337,30,10,4.782,0.881,0.0367,0.389,NOMINAL,NORMAL,0,,52,13.5,4880,3228
1781430308.7776694,30,10,6.1063,1.008,0.0341,0.365,NOMINAL,NORMAL,0,,0,13.0,4920,3228
1781430308.900363,30,10,3.8147,1.012,0.0346,0.368,NOMINAL,NORMAL,0,,0,13.0,4920,3228
1781430309.0248084,30,10,3.6195,1.061,0.0337,0.375,NOMINAL,NORMAL,0,,0,13.0,4920,3228
1781430309.1523492,30,10,6.0759,0.903,0.0227,0.268,NOMINAL,NORMAL,0,,0,13.0,4920,3228
1781430309.275349,30,10,4.3765,0.801,0.0205,0.254,NOMINAL,NORMAL,0,,0,13.0,4920,3228
1781430309.402706,30,10,6.1721,0.997,0.0327,0.42,NOMINAL,NORMAL,0,,0,13.0,4920,3228
1781430309.5260205,30,10,4.6691,0.894,0.0337,0.387,NOMINAL,NORMAL,0,,0,13.0,4920,3228
1781430309.6529663,30,10,6.2371,1.141,0.0349,0.409,NOMINAL,NORMAL,0,,0,13.0,4920,3228
1781430309.7770858,30,10,5.7563,1.039,0.034,0.369,NOMINAL,NORMAL,0,,0,13.0,4880,3229
1781430309.8995464,30,10,3.1779,0.955,0.0336,0.383,NOMINAL,NORMAL,0,,0,13.0,4880,3229
1781430310.028181,30,10,6.1662,1.368,0.0353,0.393,NOMINAL,NORMAL,0,,0,13.0,4880,3229
1781430310.1518571,30,10,5.5769,0.795,0.0242,0.27,NOMINAL,NORMAL,0,,0,13.0,4880,3229
1781430310.2759259,30,10,4.0586,1.259,0.035,0.382,NOMINAL,NORMAL,0,,0,13.0,4880,3229
1781430310.4027092,30,10,6.0834,1.222,0.0337,0.404,NOMINAL,NORMAL,0,,0,13.0,4880,3229
1781430310.525079,30,10,3.9602,0.886,0.0341,0.371,NOMINAL,NORMAL,0,,0,13.0,4880,3229
1781430310.6531692,30,10,6.1855,1.37,0.0368,0.413,NOMINAL,NORMAL,0,,0,13.0,4880,3229
1781430310.777556,30,10,6.2197,0.934,0.024,0.255,NOMINAL,NORMAL,0,,0,13.7,4920,3229
1781430310.8992321,30,10,3.2098,0.912,0.0347,0.381,NOMINAL,NORMAL,0,,0,13.7,4920,3229
1781430311.0281153,30,10,6.1936,1.5,0.0358,0.386,NOMINAL,NORMAL,0,,0,13.7,4920,3229
1781430311.1514237,30,10,4.8177,1.127,0.0347,0.391,NOMINAL,NORMAL,0,,0,13.7,4920,3229
1781430311.2778623,30,10,6.2041,1.234,0.0331,0.366,NOMINAL,NORMAL,0,,0,13.7,4920,3229
1781430311.4028027,30,10,6.1365,1.168,0.0343,0.398,NOMINAL,NORMAL,0,,0,13.7,4920,3229
1781430311.5252476,30,10,3.9328,1.011,0.0335,0.356,NOMINAL,NORMAL,0,,0,13.7,4920,3229
1781430311.6528354,30,10,6.1356,1.126,0.0365,0.399,NOMINAL,NORMAL,0,,0,13.7,4920,3229
1781430311.777022,30,10,5.8758,0.785,0.0227,0.255,NOMINAL,NORMAL,0,,0,13.2,4880,3229
1781430311.9007168,30,10,4.1278,1.047,0.0351,0.381,NOMINAL,NORMAL,0,,0,13.2,4880,3229
1781430312.0277746,30,10,6.1606,1.092,0.0353,0.39,NOMINAL,NORMAL,0,,0,13.2,4880,3229
1781430312.1505404,30,10,4.1309,0.924,0.0355,0.415,NOMINAL,NORMAL,0,,0,13.2,4880,3229
1781430312.2772295,30,10,5.8277,1.02,0.0346,0.371,NOMINAL,NORMAL,0,,0,13.2,4880,3229
1781430312.4025693,30,10,6.1313,0.983,0.0354,0.339,NOMINAL,NORMAL,0,,0,13.2,4880,3229
1781430312.5250158,30,10,4.426,0.745,0.0242,0.267,NOMINAL,NORMAL,0,,0,13.2,4880,3229
1781430312.6528664,30,10,6.2489,1.08,0.0354,0.377,NOMINAL,NORMAL,0,,0,13.2,4880,3229
1781430312.7761824,30,10,5.0784,0.75,0.0236,0.254,NOMINAL,NORMAL,0,,0,12.7,4888,3229
1781430312.902721,30,10,6.2125,1.004,0.0352,0.423,NOMINAL,NORMAL,0,,0,12.7,4888,3229
1781430313.0276089,30,10,6.1126,1.061,0.0337,0.375,NOMINAL,NORMAL,0,,0,12.7,4888,3229
1781430313.149843,30,10,3.4751,0.951,0.0335,0.383,NOMINAL,NORMAL,0,,0,12.7,4888,3229
1781430313.2775874,30,10,6.177,0.983,0.0356,0.369,NOMINAL,NORMAL,0,,0,12.7,4888,3229
1781430313.4023547,30,10,6.036,0.999,0.0229,0.264,NOMINAL,NORMAL,0,,0,12.7,4888,3229
1781430313.524983,30,10,3.9107,0.99,0.0328,0.374,NOMINAL,NORMAL,0,,0,12.7,4888,3229
1781430313.6526783,30,10,6.1829,1.03,0.0339,0.379,NOMINAL,NORMAL,0,,0,12.7,4888,3229
1781430313.775851,30,10,4.3164,1.033,0.0334,0.381,NOMINAL,NORMAL,0,,0,12.8,4888,3228
1781430313.8992298,30,10,3.2195,0.886,0.0342,0.374,NOMINAL,NORMAL,0,,0,12.8,4888,3228
1781430314.028116,30,10,6.2861,1.343,0.0273,0.302,NOMINAL,NORMAL,0,,0,12.8,4888,3228
1781430314.150681,30,10,4.601,1.004,0.0395,0.282,NOMINAL,NORMAL,0,,0,12.8,4888,3228
1781430314.2783291,30,10,6.2523,1.577,0.0336,0.389,NOMINAL,NORMAL,0,,0,12.8,4888,3228
1781430314.401519,30,10,5.3081,0.907,0.0236,0.25,NOMINAL,NORMAL,0,,0,12.8,4888,3228
1781430314.5259528,30,10,4.293,1.331,0.036,0.384,NOMINAL,NORMAL,0,,0,12.8,4888,3228
1781430314.6527517,30,10,6.2106,1.092,0.0345,0.387,NOMINAL,NORMAL,0,,0,12.8,4888,3228
1781430314.7754924,30,10,3.8435,1.105,0.0343,0.391,NOMINAL,NORMAL,0,,1,13.8,4880,3228
1781430314.902662,30,10,6.2302,1.062,0.0352,0.425,NOMINAL,NORMAL,0,,1,13.8,4880,3228
1781430315.0273337,30,10,6.1464,0.824,0.0228,0.257,NOMINAL,NORMAL,0,,1,13.8,4880,3228
1781430315.1508038,30,10,4.5296,0.97,0.0366,0.426,NOMINAL,NORMAL,0,,1,13.8,4880,3228
1781430315.2779734,30,10,6.2034,1.266,0.0353,0.38,NOMINAL,NORMAL,0,,1,13.8,4880,3228
1781430315.4008896,30,10,4.5673,0.87,0.034,0.377,NOMINAL,NORMAL,0,,1,13.8,4880,3228
1781430315.5278099,30,10,6.2528,1.086,0.0355,0.389,NOMINAL,NORMAL,0,,1,13.8,4880,3228
1781430315.6531057,30,10,6.2898,1.323,0.0355,0.39,NOMINAL,NORMAL,0,,1,13.8,4880,3228
1781430315.7765534,30,10,5.6787,0.815,0.0235,0.26,NOMINAL,NORMAL,0,,0,12.2,4880,3229
1781430315.9028726,30,10,6.2241,1.057,0.0358,0.42,NOMINAL,NORMAL,0,,0,12.2,4880,3229
1781430316.0268319,30,10,5.6715,0.835,0.0233,0.269,NOMINAL,NORMAL,0,,0,12.2,4880,3229
1781430316.15012,30,10,3.8433,1.013,0.0328,0.388,NOMINAL,NORMAL,0,,0,12.2,4880,3229
1781430316.2776923,30,10,6.2086,1.032,0.0336,0.372,NOMINAL,NORMAL,0,,0,12.2,4880,3229
1781430316.4007642,30,10,4.1921,1.061,0.0341,0.384,NOMINAL,NORMAL,0,,0,12.2,4880,3229
1781430316.5247736,30,10,3.6746,1.018,0.0329,0.375,NOMINAL,NORMAL,0,,0,12.2,4880,3229
1781430316.6525989,30,10,6.3335,0.892,0.0219,0.268,NOMINAL,NORMAL,0,,0,12.2,4880,3229
1781430316.7755928,30,10,4.6597,0.789,0.0227,0.257,NOMINAL,NORMAL,0,,76,13.7,4880,3229
1781430316.9028885,30,10,6.3293,1.063,0.0349,0.38,NOMINAL,NORMAL,0,,76,13.7,4880,3229
1781430317.0262806,30,10,4.8756,0.972,0.0346,0.395,NOMINAL,NORMAL,0,,76,13.7,4880,3229
1781430317.1494567,30,10,3.3191,0.922,0.0364,0.383,NOMINAL,NORMAL,0,,76,13.7,4880,3229
1781430317.2778165,30,10,6.3124,1.026,0.0347,0.381,NOMINAL,NORMAL,0,,76,13.7,4880,3229
1781430317.3995395,30,10,3.2829,0.894,0.0364,0.365,NOMINAL,NORMAL,0,,76,13.7,4880,3229
1781430317.527699,30,10,6.2269,1.047,0.0356,0.374,NOMINAL,NORMAL,0,,76,13.7,4880,3229
1781430317.6520605,30,10,5.9336,0.805,0.0236,0.269,NOMINAL,NORMAL,0,,76,13.7,4880,3229
1781430317.7754843,30,10,3.9866,0.988,0.0368,0.387,NOMINAL,NORMAL,0,,89,14.0,4880,3229
1781430317.9032125,30,10,6.3465,1.341,0.0355,0.388,NOMINAL,NORMAL,0,,89,14.0,4880,3229
1781430318.0255134,30,10,4.0966,0.969,0.0348,0.391,NOMINAL,NORMAL,0,,89,14.0,4880,3229
1781430318.1529086,30,10,6.3468,1.076,0.0362,0.39,NOMINAL,NORMAL,0,,89,14.0,4880,3229
1781430318.2778864,30,10,6.3701,1.183,0.0219,0.267,NOMINAL,NORMAL,0,,89,14.0,4880,3229
1781430318.3992069,30,10,3.2567,0.919,0.0353,0.383,NOMINAL,NORMAL,0,,89,14.0,4880,3229
1781430318.5278468,30,10,6.3497,1.059,0.0338,0.383,NOMINAL,NORMAL,0,,89,14.0,4880,3229
1781430318.6511233,30,10,5.0234,0.807,0.0228,0.264,NOMINAL,NORMAL,0,,89,14.0,4880,3229
1781430318.7761772,30,10,4.556,1.137,0.0345,0.386,NOMINAL,NORMAL,0,,99,12.7,4888,3229
1781430318.90292,30,10,6.3133,1.056,0.0359,0.386,NOMINAL,NORMAL,0,,99,12.7,4888,3229
1781430319.0259185,30,10,4.4683,1.033,0.0249,0.292,NOMINAL,NORMAL,0,,99,12.7,4888,3229
1781430319.1529312,30,10,6.3913,1.073,0.0347,0.386,NOMINAL,NORMAL,0,,99,12.7,4888,3229
1781430319.2773523,30,10,6.1045,0.957,0.0228,0.257,NOMINAL,NORMAL,0,,99,12.7,4888,3229
1781430319.4006066,30,10,4.2244,0.937,0.0382,0.398,NOMINAL,NORMAL,0,,99,12.7,4888,3229
1781430319.5278118,30,10,6.2834,1.093,0.0343,0.392,NOMINAL,NORMAL,0,,99,12.7,4888,3229
1781430319.6508002,30,10,4.3438,0.985,0.0698,0.44,NOMINAL,NORMAL,0,,99,12.7,4888,3229
1781430319.7778544,30,10,6.3434,1.026,0.0341,0.381,NOMINAL,NORMAL,0,,99,12.7,4880,3229
1781430319.902953,30,10,6.3077,1.106,0.0283,0.292,NOMINAL,NORMAL,0,,99,12.7,4880,3229
1781430320.0251184,30,10,3.8069,1.107,0.0359,0.387,NOMINAL,NORMAL,0,,99,12.7,4880,3229
1781430320.152721,30,10,6.3257,1.053,0.0341,0.379,NOMINAL,NORMAL,0,,99,12.7,4880,3229
1781430320.276454,30,10,5.3355,0.746,0.0282,0.333,NOMINAL,NORMAL,0,,99,12.7,4880,3229
1781430320.4026682,30,10,6.2355,0.962,0.0347,0.419,NOMINAL,NORMAL,0,,99,12.7,4880,3229
1781430320.5278118,30,10,6.2488,1.1,0.0352,0.394,NOMINAL,NORMAL,0,,99,12.7,4880,3229
1781430320.6500835,30,10,3.6843,0.953,0.0356,0.401,NOMINAL,NORMAL,0,,99,12.7,4880,3229
1781430320.7770133,30,10,5.7603,1.049,0.0344,0.388,NOMINAL,NORMAL,0,,99,14.2,4920,3229
1781430320.902437,30,10,6.2287,0.77,0.0232,0.268,NOMINAL,NORMAL,0,,99,14.2,4920,3229
1781430321.0250528,30,10,3.863,1.065,0.0332,0.391,NOMINAL,NORMAL,0,,99,14.2,4920,3229
1781430321.1530757,30,10,6.445,1.279,0.0338,0.386,NOMINAL,NORMAL,0,,99,14.2,4920,3229
1781430321.275821,30,10,4.6154,0.914,0.0344,0.383,NOMINAL,NORMAL,0,,99,14.2,4920,3229
1781430321.4025898,30,10,6.2722,0.988,0.0323,0.416,NOMINAL,NORMAL,0,,99,14.2,4920,3229
1781430321.5281627,30,10,6.3537,1.342,0.0341,0.395,NOMINAL,NORMAL,0,,99,14.2,4920,3229
1781430321.6508238,30,10,4.8398,0.857,0.022,0.262,NOMINAL,NORMAL,0,,99,14.2,4920,3229
1781430321.7766855,30,10,5.3722,0.821,0.0346,0.404,NOMINAL,NORMAL,0,,99,13.7,4880,3229
1781430321.9017248,30,10,5.5071,0.75,0.0229,0.258,NOMINAL,NORMAL,0,,99,13.7,4880,3229
1781430322.025992,30,10,4.3523,1.088,0.0355,0.39,NOMINAL,NORMAL,0,,99,13.7,4880,3229
1781430322.1530027,30,10,6.4475,1.041,0.034,0.379,NOMINAL,NORMAL,0,,99,13.7,4880,3229
1781430322.275663,30,10,4.235,1.074,0.0334,0.376,NOMINAL,NORMAL,0,,99,13.7,4880,3229
1781430322.4012454,30,10,5.3828,0.804,0.0221,0.266,NOMINAL,NORMAL,0,,99,13.7,4880,3229
1781430322.5276306,30,10,6.4449,0.799,0.0215,0.258,NOMINAL,NORMAL,0,,99,13.7,4880,3229
1781430322.650694,30,10,4.5912,1.035,0.0334,0.418,NOMINAL,NORMAL,0,,99,13.7,4880,3229
1781430322.7778528,30,10,6.4056,0.995,0.0336,0.379,NOMINAL,NORMAL,0,,99,14.2,4880,3229
1781430322.9012213,30,10,4.658,0.938,0.0333,0.384,NOMINAL,NORMAL,0,,99,14.2,4880,3229
1781430323.0258281,30,10,4.3449,1.096,0.0359,0.387,NOMINAL,NORMAL,0,,99,14.2,4880,3229
1781430323.153108,30,10,6.5118,1.057,0.0347,0.386,NOMINAL,NORMAL,0,,99,14.2,4880,3229
1781430323.2748363,30,10,3.336,0.989,0.0356,0.456,NOMINAL,NORMAL,0,,99,14.2,4880,3229
1781430323.4027464,30,10,6.3415,0.923,0.0595,0.391,NOMINAL,NORMAL,0,,99,14.2,4880,3229
1781430323.5270588,30,10,5.9108,0.986,0.0243,0.272,NOMINAL,NORMAL,0,,99,14.2,4880,3229
1781430323.6503534,30,10,3.9604,0.945,0.036,0.388,NOMINAL,NORMAL,0,,99,14.2,4880,3229
1781430323.7778735,30,10,6.4161,0.999,0.0358,0.378,NOMINAL,NORMAL,0,,89,13.5,4960,3230
1781430323.9004645,30,10,4.1256,1.034,0.0364,0.404,NOMINAL,NORMAL,0,,89,13.5,4960,3230
1781430324.0280724,30,10,6.4913,1.042,0.036,0.403,NOMINAL,NORMAL,0,,89,13.5,4960,3230
1781430324.1530287,30,10,6.3648,1.064,0.0233,0.264,NOMINAL,NORMAL,0,,89,13.5,4960,3230
1781430324.2761981,30,10,4.7813,1.074,0.0352,0.379,NOMINAL,NORMAL,0,,89,13.5,4960,3230
1781430324.4029365,30,10,6.4256,1.042,0.0345,0.369,NOMINAL,NORMAL,0,,89,13.5,4960,3230
1781430324.5265214,30,10,4.9768,1.122,0.0353,0.423,NOMINAL,NORMAL,0,,89,13.5,4960,3230
1781430324.6496847,30,10,3.37,0.957,0.0344,0.383,NOMINAL,NORMAL,0,,89,13.5,4960,3230
1781430324.7776291,30,10,6.4794,0.816,0.0233,0.271,NOMINAL,NORMAL,0,,85,12.7,4920,3229
1781430324.9001436,30,10,3.5045,1.057,0.0341,0.382,NOMINAL,NORMAL,0,,85,12.7,4920,3229
1781430325.027734,30,10,5.9471,1.278,0.034,0.388,NOMINAL,NORMAL,0,,85,12.7,4920,3229
1781430325.1524076,30,10,6.0643,0.992,0.0215,0.261,NOMINAL,NORMAL,0,,85,12.7,4920,3229
1781430325.2754552,30,10,4.1343,0.896,0.032,0.365,NOMINAL,NORMAL,0,,85,12.7,4920,3229
1781430325.4019866,30,10,5.7265,0.811,0.0228,0.262,NOMINAL,NORMAL,0,,85,12.7,4920,3229
1781430325.525592,30,10,4.2611,0.872,0.0337,0.382,NOMINAL,NORMAL,0,,85,12.7,4920,3229
1781430325.6530964,30,10,6.4466,1.056,0.0342,0.38,NOMINAL,NORMAL,0,,85,12.7,4920,3229
1781430325.7778676,30,10,6.4657,0.97,0.022,0.251,NOMINAL,NORMAL,0,,99,14.2,4920,3229
1781430325.8992786,30,10,3.3126,0.893,0.0341,0.378,NOMINAL,NORMAL,0,,99,14.2,4920,3229
1781430326.027904,30,10,6.4144,1.104,0.0338,0.375,NOMINAL,NORMAL,0,,99,14.2,4920,3229
1781430326.1517413,30,10,5.2926,1.168,0.0347,0.386,NOMINAL,NORMAL,0,,99,14.2,4920,3229
1781430326.278017,30,10,6.4334,1.025,0.035,0.374,NOMINAL,NORMAL,0,,99,14.2,4920,3229
1781430326.4028578,30,10,6.4273,0.907,0.034,0.405,NOMINAL,NORMAL,0,,99,14.2,4920,3229
1781430326.525276,30,10,3.6242,1.226,0.0347,0.382,NOMINAL,NORMAL,0,,99,14.2,4920,3229
1781430326.6531012,30,10,6.4535,1.12,0.0349,0.389,NOMINAL,NORMAL,0,,99,14.2,4920,3229
1781430326.7776585,30,10,6.315,0.987,0.0239,0.261,NOMINAL,NORMAL,0,,19,14.0,4880,3229
1781430326.9008093,30,10,4.4979,1.107,0.0355,0.387,NOMINAL,NORMAL,0,,19,14.0,4880,3229
1781430327.02796,30,10,6.4483,1.047,0.0357,0.388,NOMINAL,NORMAL,0,,19,14.0,4880,3229
1781430327.1509132,30,10,4.5036,0.973,0.0334,0.392,NOMINAL,NORMAL,0,,19,14.0,4880,3229
1781430327.2747912,30,10,3.626,1.0,0.0364,0.407,NOMINAL,NORMAL,0,,19,14.0,4880,3229
1781430327.4026008,30,10,6.2901,0.95,0.034,0.398,NOMINAL,NORMAL,0,,19,14.0,4880,3229
1781430327.526349,30,10,5.3818,0.737,0.0213,0.255,NOMINAL,NORMAL,0,,19,14.0,4880,3229
1781430327.6530664,30,10,6.5583,1.03,0.0348,0.368,NOMINAL,NORMAL,0,,19,14.0,4880,3229
1781430327.7760243,30,10,4.7908,0.823,0.0337,0.36,NOMINAL,NORMAL,0,,19,14.0,4880,3229
1781430327.9027152,30,10,6.2841,0.968,0.035,0.411,NOMINAL,NORMAL,0,,14,14.0,4880,3229
1781430328.0273478,30,10,5.8542,1.116,0.0359,0.381,NOMINAL,NORMAL,0,,14,14.0,4880,3229
1781430328.1500611,30,10,3.8589,0.892,0.0338,0.38,NOMINAL,NORMAL,0,,14,14.0,4880,3229
1781430328.278021,30,10,6.5343,1.016,0.0348,0.37,NOMINAL,NORMAL,0,,14,14.0,4880,3229
1781430328.4025245,30,10,6.4327,0.782,0.0216,0.28,NOMINAL,NORMAL,0,,14,14.0,4880,3229
1781430328.5251894,30,10,3.9947,1.043,0.0343,0.373,NOMINAL,NORMAL,0,,14,14.0,4880,3229
1781430328.653321,30,10,6.4972,1.315,0.0339,0.39,NOMINAL,NORMAL,0,,14,14.0,4880,3229
1781430328.775749,30,10,4.5829,0.794,0.0248,0.266,NOMINAL,NORMAL,0,,14,14.0,4880,3229
1781430328.9000938,30,10,3.8526,0.936,0.0276,0.318,NOMINAL,NORMAL,0,,0,15.0,4960,3228
1781430329.0281827,30,10,6.5639,1.149,0.037,0.411,NOMINAL,NORMAL,0,,0,15.0,4960,3228
1781430329.1511075,30,10,4.9646,0.881,0.0234,0.28,NOMINAL,NORMAL,0,,0,15.0,4960,3228
1781430329.277835,30,10,6.4601,1.028,0.0328,0.38,NOMINAL,NORMAL,0,,0,15.0,4960,3228
1781430329.4017942,30,10,5.7335,0.711,0.0216,0.251,NOMINAL,NORMAL,0,,0,15.0,4960,3228
1781430329.525333,30,10,3.9508,0.953,0.0351,0.383,NOMINAL,NORMAL,0,,0,15.0,4960,3228
1781430329.653101,30,10,6.4934,1.077,0.0332,0.391,NOMINAL,NORMAL,0,,0,15.0,4960,3228
1781430329.7753553,30,10,3.9729,0.918,0.0347,0.374,NOMINAL,NORMAL,0,,0,15.0,4960,3228
1781430329.899909,30,10,3.3619,1.354,0.0343,0.388,NOMINAL,NORMAL,0,,0,16.3,4920,3228
1781430330.027995,30,10,6.5375,1.062,0.0222,0.264,NOMINAL,NORMAL,0,,0,16.3,4920,3228
1781430330.1512938,30,10,4.9146,1.013,0.0344,0.384,NOMINAL,NORMAL,0,,0,16.3,4920,3228
1781430330.27444,30,10,3.4373,0.96,0.0378,0.395,NOMINAL,NORMAL,0,,0,16.3,4920,3228
1781430330.4013789,30,10,5.0773,0.907,0.0331,0.383,NOMINAL,NORMAL,0,,0,16.3,4920,3228
1781430330.5263608,30,10,4.6223,1.326,0.034,0.386,NOMINAL,NORMAL,0,,0,16.3,4920,3228
1781430330.6531575,30,10,6.6237,1.074,0.0348,0.384,NOMINAL,NORMAL,0,,0,16.3,4920,3228
1781430330.774876,30,10,3.5019,0.938,0.0346,0.428,NOMINAL,NORMAL,0,,0,16.3,4920,3228
1781430330.9031568,30,10,6.5933,1.072,0.0344,0.382,NOMINAL,NORMAL,0,,0,13.8,4880,3228
1781430331.027137,30,10,6.0687,0.774,0.0226,0.263,NOMINAL,NORMAL,0,,0,13.8,4880,3228
1781430331.1507468,30,10,4.363,1.066,0.0601,0.416,NOMINAL,NORMAL,0,,0,13.8,4880,3228
1781430331.277917,30,10,6.497,0.975,0.0341,0.372,NOMINAL,NORMAL,0,,0,13.8,4880,3228
1781430331.4008045,30,10,4.3213,0.97,0.0352,0.389,NOMINAL,NORMAL,0,,0,13.8,4880,3228
1781430331.527839,30,10,6.5199,1.012,0.0366,0.374,NOMINAL,NORMAL,0,,0,13.8,4880,3228
1781430331.652844,30,10,6.5277,0.957,0.0242,0.265,NOMINAL,NORMAL,0,,0,13.8,4880,3228
1781430331.7756128,30,10,4.9636,0.723,0.0225,0.255,NOMINAL,NORMAL,0,,0,13.8,4880,3228
1781430331.9032974,30,10,6.5371,1.299,0.035,0.378,NOMINAL,NORMAL,0,,0,13.8,4880,3228
1781430332.0263636,30,10,5.211,0.842,0.0236,0.268,NOMINAL,NORMAL,0,,0,13.8,4880,3228
1781430332.1498525,30,10,3.4842,0.988,0.0343,0.381,NOMINAL,NORMAL,0,,0,13.8,4880,3228
1781430332.2779577,30,10,6.495,1.016,0.0339,0.375,NOMINAL,NORMAL,0,,0,13.8,4880,3228
1781430332.3998806,30,10,3.4907,0.947,0.0331,0.359,NOMINAL,NORMAL,0,,0,13.8,4880,3228
1781430332.5279677,30,10,6.4621,1.063,0.0343,0.378,NOMINAL,NORMAL,0,,0,13.8,4880,3228
1781430332.6522558,30,10,6.1375,0.79,0.0222,0.256,NOMINAL,NORMAL,0,,0,13.8,4880,3228
1781430332.7770743,30,10,5.9384,1.011,0.034,0.369,NOMINAL,NORMAL,0,,0,13.8,4880,3228
1781430332.9032805,30,10,6.4925,1.305,0.0332,0.371,NOMINAL,NORMAL,0,,0,13.0,4888,3228
1781430333.0259051,30,10,4.5434,0.967,0.035,0.382,NOMINAL,NORMAL,0,,0,13.0,4888,3228
1781430333.1532598,30,10,6.5993,1.076,0.035,0.38,NOMINAL,NORMAL,0,,0,13.0,4888,3228
1781430333.277892,30,10,6.5275,1.013,0.0339,0.346,NOMINAL,NORMAL,0,,0,13.0,4888,3228
1781430333.3994422,30,10,3.3535,1.104,0.0343,0.374,NOMINAL,NORMAL,0,,0,13.0,4888,3228
1781430333.5282044,30,10,6.4809,1.232,0.0353,0.386,NOMINAL,NORMAL,0,,0,13.0,4888,3228
1781430333.6517565,30,10,5.4591,0.979,0.0232,0.272,NOMINAL,NORMAL,0,,0,13.0,4888,3228
1781430333.7783694,30,10,6.4783,1.232,0.0351,0.389,NOMINAL,NORMAL,0,,0,13.0,4888,3228
1781430333.9032865,30,10,6.4782,1.295,0.0341,0.376,NOMINAL,NORMAL,0,,0,13.7,4920,3228
1781430334.0251837,30,10,3.8137,0.921,0.0338,0.383,NOMINAL,NORMAL,0,,0,13.7,4920,3228
1781430334.1533263,30,10,6.6355,1.081,0.0348,0.383,NOMINAL,NORMAL,0,,0,13.7,4920,3228
1781430334.2773743,30,10,6.4273,0.744,0.0233,0.253,NOMINAL,NORMAL,0,,0,13.7,4920,3228
1781430334.4008331,30,10,4.5771,1.092,0.0343,0.382,NOMINAL,NORMAL,0,,0,13.7,4920,3228
1781430334.5278566,30,10,6.5304,1.042,0.0351,0.384,NOMINAL,NORMAL,0,,0,13.7,4920,3228
1781430334.6511216,30,10,4.6537,1.018,0.0347,0.391,NOMINAL,NORMAL,0,,0,13.7,4920,3228
1781430334.774818,30,10,3.4178,0.959,0.1013,0.451,NOMINAL,NORMAL,0,,0,13.7,4920,3228
1781430334.9031603,30,10,6.5695,1.07,0.0359,0.384,NOMINAL,NORMAL,0,,13,12.7,4888,3227
1781430335.025796,30,10,4.3036,1.112,0.0359,0.397,NOMINAL,NORMAL,0,,13,12.7,4888,3227
1781430335.1533577,30,10,6.5713,1.06,0.0336,0.38,NOMINAL,NORMAL,0,,13,12.7,4888,3227
1781430335.2769334,30,10,5.7812,0.726,0.0224,0.249,NOMINAL,NORMAL,0,,13,12.7,4888,3227
1781430335.400495,30,10,4.1488,0.895,0.0351,0.351,NOMINAL,NORMAL,0,,13,12.7,4888,3227
1781430335.5281081,30,10,6.6104,1.011,0.0344,0.366,NOMINAL,NORMAL,0,,13,12.7,4888,3227
1781430335.651731,30,10,5.4489,1.091,0.0224,0.267,NOMINAL,NORMAL,0,,13,12.7,4888,3227
1781430335.778108,30,10,6.628,0.998,0.0336,0.369,NOMINAL,NORMAL,0,,13,12.7,4888,3227
1781430335.9025567,30,10,6.4023,0.779,0.0227,0.292,NOMINAL,NORMAL,0,,18,13.7,4888,3228
1781430336.0252707,30,10,4.0924,1.067,0.0342,0.377,NOMINAL,NORMAL,0,,18,13.7,4888,3228
1781430336.1531212,30,10,6.6291,1.028,0.0344,0.373,NOMINAL,NORMAL,0,,18,13.7,4888,3228
1781430336.2765741,30,10,4.6588,1.299,0.035,0.378,NOMINAL,NORMAL,0,,18,13.7,4888,3228
1781430336.3997583,30,10,3.4431,0.98,0.0345,0.379,NOMINAL,NORMAL,0,,18,13.7,4888,3228
1781430336.5280874,30,10,6.5789,1.016,0.034,0.385,NOMINAL,NORMAL,0,,18,13.7,4888,3228
1781430336.6500165,30,10,3.4972,1.107,0.0346,0.382,NOMINAL,NORMAL,0,,18,13.7,4888,3228
1781430336.7782726,30,10,6.573,1.214,0.0342,0.371,NOMINAL,NORMAL,0,,18,13.7,4888,3228
1781430336.9018738,30,10,5.8469,0.703,0.0226,0.254,NOMINAL,NORMAL,0,,34,13.7,4880,3228
1781430337.0253968,30,10,4.0942,0.9,0.0336,0.378,NOMINAL,NORMAL,0,,34,13.7,4880,3228
1781430337.1529884,30,10,6.5897,1.027,0.0343,0.38,NOMINAL,NORMAL,0,,34,13.7,4880,3228
1781430337.2757285,30,10,4.1865,0.98,0.034,0.371,NOMINAL,NORMAL,0,,34,13.7,4880,3228
1781430337.3994222,30,10,3.4158,0.921,0.034,0.387,NOMINAL,NORMAL,0,,34,13.7,4880,3228
1781430337.5279732,30,10,6.7149,0.871,0.0213,0.263,NOMINAL,NORMAL,0,,34,13.7,4880,3228
1781430337.6513338,30,10,5.1129,1.064,0.0341,0.368,NOMINAL,NORMAL,0,,34,13.7,4880,3228
1781430337.7780204,30,10,6.613,0.942,0.0308,0.346,NOMINAL,NORMAL,0,,34,13.7,4880,3228
1781430337.9011555,30,10,5.1639,0.705,0.021,0.244,NOMINAL,NORMAL,0,,99,13.8,4880,3228
1781430338.0283363,30,10,6.7771,1.057,0.0347,0.381,NOMINAL,NORMAL,0,,99,13.8,4880,3228
1781430338.1531854,30,10,6.6842,1.03,0.0317,0.369,NOMINAL,NORMAL,0,,99,13.8,4880,3228
1781430338.2750099,30,10,3.522,0.98,0.0337,0.387,NOMINAL,NORMAL,0,,99,13.8,4880,3228
1781430338.4030092,30,10,6.6473,0.901,0.0292,0.334,NOMINAL,NORMAL,0,,99,13.8,4880,3228
1781430338.5275445,30,10,6.2724,0.964,0.0224,0.255,NOMINAL,NORMAL,0,,99,13.8,4880,3228
1781430338.6507838,30,10,4.3656,0.906,0.0848,0.436,NOMINAL,NORMAL,0,,99,13.8,4880,3228
1781430338.7780912,30,10,6.6475,0.96,0.0333,0.368,NOMINAL,NORMAL,0,,99,13.8,4880,3228
1781430338.9007483,30,10,4.4593,0.865,0.0336,0.366,NOMINAL,NORMAL,0,,99,13.0,4880,3228
1781430339.0283914,30,10,6.624,1.307,0.0339,0.386,NOMINAL,NORMAL,0,,99,13.0,4880,3228
1781430339.1529708,30,10,6.6267,0.995,0.0217,0.264,NOMINAL,NORMAL,0,,99,13.0,4880,3228
1781430339.2754629,30,10,4.5978,0.814,0.0228,0.261,NOMINAL,NORMAL,0,,99,13.0,4880,3228
1781430339.403259,30,10,6.6873,1.062,0.0331,0.382,NOMINAL,NORMAL,0,,99,13.0,4880,3228
1781430339.526524,30,10,5.4363,0.76,0.0235,0.309,NOMINAL,NORMAL,0,,99,13.0,4880,3228
1781430339.6500716,30,10,3.6758,0.963,0.0331,0.384,NOMINAL,NORMAL,0,,99,13.0,4880,3228
1781430339.77809,30,10,6.6778,0.986,0.0329,0.37,NOMINAL,NORMAL,0,,99,13.0,4880,3228
1781430339.900512,30,10,3.9491,1.036,0.0335,0.372,NOMINAL,NORMAL,0,,99,13.5,4880,3228
1781430340.0256972,30,10,4.4365,1.05,0.0319,0.348,NOMINAL,NORMAL,0,,99,13.5,4880,3228
1781430340.1526496,30,10,6.4379,0.848,0.025,0.274,NOMINAL,NORMAL,0,,99,13.5,4880,3228
1781430340.2773716,30,10,6.1542,1.054,0.034,0.383,NOMINAL,NORMAL,0,,99,13.5,4880,3228
1781430340.4034622,30,10,6.795,1.118,0.0346,0.374,NOMINAL,NORMAL,0,,99,13.5,4880,3228
1781430340.5259652,30,10,4.7731,0.9,0.0344,0.38,NOMINAL,NORMAL,0,,99,13.5,4880,3228
1781430340.6515841,30,10,5.3058,1.09,0.034,0.378,NOMINAL,NORMAL,0,,99,13.5,4880,3228
1781430340.7780786,30,10,6.7198,0.986,0.0344,0.362,NOMINAL,NORMAL,0,,99,13.5,4880,3228
1781430340.899628,30,10,3.4606,0.934,0.0335,0.373,NOMINAL,NORMAL,0,,99,13.8,4960,3225
1781430341.0266833,30,10,5.1189,1.076,0.0342,0.42,NOMINAL,NORMAL,0,,99,13.8,4960,3225
1781430341.1519248,30,10,5.7208,0.775,0.0241,0.26,NOMINAL,NORMAL,0,,99,13.8,4960,3225
1781430341.2750928,30,10,3.8454,0.857,0.0331,0.349,NOMINAL,NORMAL,0,,99,13.8,4960,3225
1781430341.4030495,30,10,6.5734,1.018,0.0345,0.361,NOMINAL,NORMAL,0,,99,13.8,4960,3225
1781430341.525387,30,10,4.0128,0.925,0.0343,0.383,NOMINAL,NORMAL,0,,99,13.8,4960,3225
1781430341.6515152,30,10,5.3032,1.086,0.0331,0.381,NOMINAL,NORMAL,0,,99,13.8,4960,3225
1781430341.777553,30,10,6.6423,0.717,0.0225,0.258,NOMINAL,NORMAL,0,,99,13.8,4960,3225
1781430341.9000754,30,10,3.9679,0.984,0.0329,0.365,NOMINAL,NORMAL,0,,99,14.3,4920,3225
1781430342.0281513,30,10,6.7633,0.964,0.0302,0.332,NOMINAL,NORMAL,0,,99,14.3,4920,3225
1781430342.151182,30,10,4.9544,0.87,0.0284,0.334,NOMINAL,NORMAL,0,,99,14.3,4920,3225
1781430342.2749088,30,10,3.5911,0.947,0.0349,0.442,NOMINAL,NORMAL,0,,99,14.3,4920,3225
1781430342.4032767,30,10,6.7596,1.063,0.0343,0.371,NOMINAL,NORMAL,0,,99,14.3,4920,3225
1781430342.525592,30,10,4.5166,0.856,0.0242,0.269,NOMINAL,NORMAL,0,,99,14.3,4920,3225
1781430342.6532416,30,10,6.7701,1.01,0.0343,0.377,NOMINAL,NORMAL,0,,99,14.3,4920,3225
1781430342.7770066,30,10,5.9512,0.723,0.0227,0.251,NOMINAL,NORMAL,0,,99,14.3,4920,3225
1781430342.9013295,30,10,4.6055,1.035,0.0351,0.538,NOMINAL,NORMAL,0,,99,13.0,4920,3225
1781430343.0282485,30,10,6.7453,1.032,0.0352,0.386,NOMINAL,NORMAL,0,,99,13.0,4920,3225
1781430343.1505554,30,10,4.1749,0.927,0.0328,0.421,NOMINAL,NORMAL,0,,99,13.0,4920,3225
1781430343.2782533,30,10,6.8157,0.993,0.0338,0.371,NOMINAL,NORMAL,0,,99,13.0,4920,3225
1781430343.4028294,30,10,6.7002,0.791,0.0215,0.258,NOMINAL,NORMAL,0,,99,13.0,4920,3225
1781430343.5254695,30,10,4.2958,1.034,0.0347,0.376,NOMINAL,NORMAL,0,,99,13.0,4920,3225
1781430343.6532245,30,10,6.7856,1.022,0.0326,0.374,NOMINAL,NORMAL,0,,99,13.0,4920,3225
1781430343.7764225,30,10,5.1184,0.897,0.0348,0.37,NOMINAL,NORMAL,0,,99,13.0,4920,3225
1781430343.9032786,30,10,6.77,1.026,0.0347,0.369,NOMINAL,NORMAL,0,,69,13.5,4920,3225
1781430344.0255172,30,10,4.1206,0.97,0.035,0.387,NOMINAL,NORMAL,0,,69,13.5,4920,3225
1781430344.149819,30,10,3.625,0.911,0.0375,0.378,NOMINAL,NORMAL,0,,69,13.5,4920,3225
1781430344.2781184,30,10,6.7313,0.947,0.0338,0.359,NOMINAL,NORMAL,0,,69,13.5,4920,3225
1781430344.4021986,30,10,6.0911,0.741,0.0239,0.253,NOMINAL,NORMAL,0,,69,13.5,4920,3225
1781430344.5255947,30,10,4.3327,0.866,0.0334,0.367,NOMINAL,NORMAL,0,,69,13.5,4920,3225
1781430344.6533961,30,10,6.8692,1.035,0.0341,0.369,NOMINAL,NORMAL,0,,69,13.5,4920,3225
1781430344.775652,30,10,4.4245,0.92,0.0337,0.37,NOMINAL,NORMAL,0,,69,13.5,4920,3225
1781430344.8996909,30,10,3.5548,0.97,0.0342,0.379,NOMINAL,NORMAL,0,,68,13.7,4920,3225
1781430345.028117,30,10,6.876,0.891,0.0227,0.256,NOMINAL,NORMAL,0,,68,13.7,4920,3225
1781430345.1503918,30,10,4.6767,0.765,0.0214,0.257,NOMINAL,NORMAL,0,,68,13.7,4920,3225
1781430345.278306,30,10,6.8553,0.994,0.0335,0.366,NOMINAL,NORMAL,0,,68,13.7,4920,3225
1781430345.402801,30,10,5.4935,1.944,0.0796,0.45,NOMINAL,NORMAL,0,,68,13.7,4920,3225
1781430345.5283883,30,10,6.8404,1.042,0.0339,0.383,NOMINAL,NORMAL,0,,68,13.7,4920,3225
1781430345.6534622,30,10,6.9588,1.009,0.032,0.364,NOMINAL,NORMAL,0,,68,13.7,4920,3225
1781430345.7752993,30,10,3.7919,1.048,0.0348,0.377,NOMINAL,NORMAL,0,,68,13.7,4920,3225
1781430345.9034975,30,10,6.9027,1.086,0.0321,0.371,NOMINAL,NORMAL,0,,93,13.0,4920,3225
1781430346.0275376,30,10,6.4259,0.767,0.0222,0.261,NOMINAL,NORMAL,0,,93,13.0,4920,3225
1781430346.1513312,30,10,5.1509,1.073,0.033,0.374,NOMINAL,NORMAL,0,,93,13.0,4920,3225
1781430346.278331,30,10,6.8878,0.993,0.033,0.359,NOMINAL,NORMAL,0,,93,13.0,4920,3225
1781430346.400884,30,10,4.6023,0.859,0.0338,0.371,NOMINAL,NORMAL,0,,93,13.0,4920,3225
1781430346.528226,30,10,6.7683,1.029,0.0347,0.399,NOMINAL,NORMAL,0,,93,13.0,4920,3225
1781430346.6531482,30,10,6.7814,1.018,0.0232,0.259,NOMINAL,NORMAL,0,,93,13.0,4920,3225
1781430346.774409,30,10,3.5279,0.882,0.0337,0.367,NOMINAL,NORMAL,0,,93,13.0,4920,3225
1781430346.9019282,30,10,5.6182,0.997,0.033,0.365,NOMINAL,NORMAL,0,,7,13.3,4920,3225
1781430347.0256784,30,10,4.819,0.828,0.0244,0.266,NOMINAL,NORMAL,0,,7,13.3,4920,3225
1781430347.1502967,30,10,3.8786,0.958,0.0355,0.382,NOMINAL,NORMAL,0,,7,13.3,4920,3225
1781430347.2782354,30,10,6.7831,0.992,0.0355,0.371,NOMINAL,NORMAL,0,,7,13.3,4920,3225
1781430347.4006035,30,10,4.2219,0.929,0.0345,0.355,NOMINAL,NORMAL,0,,7,13.3,4920,3225
1781430347.525513,30,10,4.3448,1.041,0.0357,0.375,NOMINAL,NORMAL,0,,7,13.3,4920,3225
1781430347.6527357,30,10,6.5782,0.79,0.0245,0.262,NOMINAL,NORMAL,0,,7,13.3,4920,3225
1781430347.7756052,30,10,4.5736,0.909,0.0332,0.374,NOMINAL,NORMAL,0,,7,13.3,4920,3225
1781430347.9015918,30,10,5.55,0.719,0.0212,0.253,NOMINAL,NORMAL,0,,7,13.3,4920,3225
1781430348.0263739,30,10,4.7332,0.906,0.033,0.395,NOMINAL,NORMAL,0,,7,13.8,4880,3225
1781430348.1517174,30,10,5.4096,1.041,0.0323,0.373,NOMINAL,NORMAL,0,,7,13.8,4880,3225
1781430348.278323,30,10,6.8111,1.006,0.034,0.364,NOMINAL,NORMAL,0,,7,13.8,4880,3225
1781430348.399805,30,10,3.5167,0.992,0.0358,0.372,NOMINAL,NORMAL,0,,7,13.8,4880,3225
1781430348.5285013,30,10,6.9107,1.059,0.0334,0.385,NOMINAL,NORMAL,0,,7,13.8,4880,3225
1781430348.6519368,30,10,5.8393,0.757,0.0219,0.255,NOMINAL,NORMAL,0,,7,13.8,4880,3225
1781430348.7760978,30,10,4.6472,0.992,0.0344,0.359,NOMINAL,NORMAL,0,,7,13.8,4880,3225
1781430348.9034832,30,10,6.7888,1.11,0.034,0.383,NOMINAL,NORMAL,0,,7,13.8,4880,3225
1781430349.0256789,30,10,4.2432,0.936,0.0345,0.387,NOMINAL,NORMAL,0,,14,12.8,4920,3225
1781430349.1534839,30,10,6.8606,1.083,0.0347,0.384,NOMINAL,NORMAL,0,,14,12.8,4920,3225
1781430349.2778845,30,10,6.7719,0.754,0.023,0.258,NOMINAL,NORMAL,0,,14,12.8,4920,3225
1781430349.3998644,30,10,3.664,1.059,0.0328,0.374,NOMINAL,NORMAL,0,,14,12.8,4920,3225
1781430349.5284865,30,10,6.9013,1.078,0.034,0.382,NOMINAL,NORMAL,0,,14,12.8,4920,3225
1781430349.6515136,30,10,5.09,0.969,0.0328,0.386,NOMINAL,NORMAL,0,,14,12.8,4920,3225
1781430349.7749367,30,10,3.5842,1.045,0.0332,0.373,NOMINAL,NORMAL,0,,14,12.8,4920,3225
1781430349.9033906,30,10,6.811,1.07,0.033,0.376,NOMINAL,NORMAL,0,,14,12.8,4920,3225
1781430350.0258236,30,10,4.7111,0.811,0.0239,0.288,NOMINAL,NORMAL,0,,0,13.3,4880,3226
1781430350.1533053,30,10,6.8829,1.016,0.0346,0.371,NOMINAL,NORMAL,0,,0,13.3,4880,3226
1781430350.2771792,30,10,6.166,0.702,0.0221,0.254,NOMINAL,NORMAL,0,,0,13.3,4880,3226
1781430350.4011233,30,10,4.8688,0.946,0.0326,0.355,NOMINAL,NORMAL,0,,0,13.3,4880,3226
1781430350.5286167,30,10,6.9844,1.118,0.0355,0.403,NOMINAL,NORMAL,0,,0,13.3,4880,3226
1781430350.6508532,30,10,4.3562,0.94,0.0362,0.451,NOMINAL,NORMAL,0,,0,13.3,4880,3226
1781430350.777166,30,10,6.1616,0.981,0.0346,0.373,NOMINAL,NORMAL,0,,0,13.3,4880,3226
1781430350.9030821,30,10,6.8535,0.857,0.0224,0.259,NOMINAL,NORMAL,0,,0,13.3,4880,3226
1781430351.0254672,30,10,4.679,0.789,0.0227,0.263,NOMINAL,NORMAL,0,,0,13.3,4920,3226
1781430351.153018,30,10,6.465,1.074,0.0339,0.383,NOMINAL,NORMAL,0,,0,13.3,4920,3226
1781430351.2764263,30,10,5.3568,0.76,0.0233,0.262,NOMINAL,NORMAL,0,,0,13.3,4920,3226
1781430351.4003742,30,10,3.8894,1.037,0.0356,0.386,NOMINAL,NORMAL,0,,0,13.3,4920,3226
1781430351.5284054,30,10,6.8838,1.047,0.0365,0.389,NOMINAL,NORMAL,0,,0,13.3,4920,3226
1781430351.6502624,30,10,3.7586,1.006,0.0342,0.394,NOMINAL,NORMAL,0,,0,13.3,4920,3226
1781430351.778688,30,10,6.9035,1.25,0.0348,0.436,NOMINAL,NORMAL,0,,0,13.3,4920,3226
1781430351.9025967,30,10,6.364,0.796,0.024,0.307,NOMINAL,NORMAL,0,,0,13.3,4920,3226
1781430352.0258906,30,10,4.5123,0.933,0.0337,0.383,NOMINAL,NORMAL,0,,0,14.3,4920,3226
1781430352.153438,30,10,6.9307,1.041,0.035,0.383,NOMINAL,NORMAL,0,,0,14.3,4920,3226
1781430352.2760096,30,10,4.5676,1.003,0.0342,0.377,NOMINAL,NORMAL,0,,0,14.3,4920,3226
1781430352.399469,30,10,3.5341,0.906,0.0347,0.37,NOMINAL,NORMAL,0,,0,14.3,4920,3226
1781430352.5281177,30,10,6.846,0.966,0.0222,0.266,NOMINAL,NORMAL,0,,0,14.3,4920,3226
1781430352.650474,30,10,4.7944,0.793,0.0231,0.265,NOMINAL,NORMAL,0,,0,14.3,4920,3226
1781430352.7783215,30,10,6.9106,1.002,0.0333,0.373,NOMINAL,NORMAL,0,,0,14.3,4920,3226
1781430352.9015357,30,10,5.5185,0.724,0.0233,0.254,NOMINAL,NORMAL,0,,0,14.3,4920,3226
1781430353.0278113,30,10,6.6621,0.837,0.0245,0.293,NOMINAL,NORMAL,0,,0,13.2,4888,3226
1781430353.1534493,30,10,6.9234,1.026,0.0346,0.387,NOMINAL,NORMAL,0,,0,13.2,4888,3226
1781430353.2759247,30,10,4.398,1.046,0.0362,0.368,NOMINAL,NORMAL,0,,0,13.2,4888,3226
1781430353.40368,30,10,7.0391,1.055,0.0363,0.386,NOMINAL,NORMAL,0,,0,13.2,4888,3226
1781430353.5277586,30,10,6.6389,0.792,0.0235,0.264,NOMINAL,NORMAL,0,,0,13.2,4888,3226
1781430353.651208,30,10,4.6542,1.057,0.0372,0.388,NOMINAL,NORMAL,0,,0,13.2,4888,3226
1781430353.778384,30,10,7.0137,1.025,0.0356,0.386,NOMINAL,NORMAL,0,,0,13.2,4888,3226
1781430353.9014053,30,10,4.8437,1.014,0.0363,0.392,NOMINAL,NORMAL,0,,0,13.2,4888,3226
1781430354.0259798,30,10,4.6518,1.065,0.0352,0.388,NOMINAL,NORMAL,0,,0,13.2,4960,3226
1781430354.1536212,30,10,7.0332,1.236,0.0229,0.264,NOMINAL,NORMAL,0,,0,13.2,4960,3226
1781430354.2750845,30,10,3.6636,1.16,0.0333,0.385,NOMINAL,NORMAL,0,,0,13.2,4960,3226
1781430354.4033074,30,10,6.8327,1.046,0.0344,0.376,NOMINAL,NORMAL,0,,0,13.2,4960,3226
1781430354.5268664,30,10,5.9287,0.778,0.0238,0.265,NOMINAL,NORMAL,0,,0,13.2,4960,3226
1781430354.6536193,30,10,7.0224,1.102,0.0357,0.391,NOMINAL,NORMAL,0,,0,13.2,4960,3226
1781430354.7785985,30,10,6.998,1.028,0.0324,0.439,NOMINAL,NORMAL,0,,0,13.2,4960,3226
1781430354.9021573,30,10,5.5894,1.266,0.0351,0.39,NOMINAL,NORMAL,0,,0,13.2,4960,3226
1781430355.0256634,30,10,4.4679,1.045,0.0345,0.385,NOMINAL,NORMAL,0,,0,14.0,4920,3226
1781430355.152804,30,10,6.7949,0.775,0.0226,0.258,NOMINAL,NORMAL,0,,0,14.0,4920,3226
1781430355.2762907,30,10,5.0554,0.855,0.0329,0.362,NOMINAL,NORMAL,0,,0,14.0,4920,3226
1781430355.4031973,30,10,6.7757,0.992,0.0313,0.364,NOMINAL,NORMAL,0,,0,14.0,4920,3226
1781430355.5264416,30,10,5.0898,0.942,0.0337,0.378,NOMINAL,NORMAL,0,,0,14.0,4920,3226
1781430355.6520805,30,10,5.6004,1.086,0.0354,0.386,NOMINAL,NORMAL,0,,0,14.0,4920,3226
1781430355.7785997,30,10,6.9609,1.024,0.0346,0.505,NOMINAL,NORMAL,0,,0,14.0,4920,3226
1781430355.8999784,30,10,3.5968,1.012,0.0342,0.516,NOMINAL,NORMAL,0,,0,14.0,4920,3226
1781430356.0282648,30,10,6.8321,0.968,0.0306,0.344,NOMINAL,NORMAL,0,,10,13.3,4880,3226
1781430356.152269,30,10,6.0211,0.784,0.023,0.262,NOMINAL,NORMAL,0,,10,13.3,4880,3226
1781430356.275603,30,10,4.2969,0.913,0.0333,0.366,NOMINAL,NORMAL,0,,10,13.3,4880,3226
1781430356.4034407,30,10,6.921,0.929,0.0336,0.349,NOMINAL,NORMAL,0,,10,13.3,4880,3226
1781430356.5257452,30,10,4.3489,0.885,0.0337,0.38,NOMINAL,NORMAL,0,,10,13.3,4880,3226
1781430356.6520293,30,10,5.6436,1.064,0.0348,0.386,NOMINAL,NORMAL,0,,10,13.3,4880,3226
1781430356.7781262,30,10,7.0662,0.746,0.0213,0.262,NOMINAL,NORMAL,0,,10,13.3,4880,3226
1781430356.900034,30,10,3.8279,0.996,0.0352,0.381,NOMINAL,NORMAL,0,,10,13.3,4880,3226
1781430357.0285532,30,10,7.0257,1.026,0.034,0.377,NOMINAL,NORMAL,0,,99,13.5,4880,3226
1781430357.151748,30,10,5.2989,0.987,0.0334,0.376,NOMINAL,NORMAL,0,,99,13.5,4880,3226
1781430357.2751365,30,10,3.782,0.946,0.0347,0.389,NOMINAL,NORMAL,0,,99,13.5,4880,3226
1781430357.4035368,30,10,6.9664,1.214,0.0362,0.372,NOMINAL,NORMAL,0,,99,13.5,4880,3226
1781430357.5261579,30,10,4.9633,0.85,0.0228,0.263,NOMINAL,NORMAL,0,,99,13.5,4880,3226
1781430357.6538455,30,10,7.0973,1.058,0.0341,0.376,NOMINAL,NORMAL,0,,99,13.5,4880,3226
1781430357.7775383,30,10,6.1687,0.765,0.0236,0.262,NOMINAL,NORMAL,0,,99,13.5,4880,3226
1781430357.9007423,30,10,4.3523,0.912,0.0348,0.379,NOMINAL,NORMAL,0,,99,13.5,4880,3226
1781430358.0285351,30,10,7.0043,1.021,0.0364,0.38,NOMINAL,NORMAL,0,,99,13.0,4920,3226
1781430358.151066,30,10,4.6244,0.991,0.0348,0.39,NOMINAL,NORMAL,0,,99,13.0,4920,3226
1781430358.2785926,30,10,7.1082,0.98,0.035,0.418,NOMINAL,NORMAL,0,,99,13.0,4920,3226
1781430358.403325,30,10,6.9838,0.988,0.0224,0.245,NOMINAL,NORMAL,0,,99,13.0,4920,3226
1781430358.5255744,30,10,4.4403,1.0,0.0332,0.365,NOMINAL,NORMAL,0,,99,13.0,4920,3226
1781430358.6535513,30,10,7.0471,1.016,0.0346,0.372,NOMINAL,NORMAL,0,,99,13.0,4920,3226
1781430358.7766078,30,10,5.6125,0.75,0.0234,0.333,NOMINAL,NORMAL,0,,99,13.0,4920,3226
1781430358.903482,30,10,6.9477,1.031,0.0336,0.372,NOMINAL,NORMAL,0,,99,13.0,4920,3226
1781430359.0283406,30,10,6.714,1.08,0.034,0.377,NOMINAL,NORMAL,0,,99,13.5,4888,3226
1781430359.15032,30,10,3.9679,0.947,0.0357,0.384,NOMINAL,NORMAL,0,,99,13.5,4888,3226
1781430359.2788768,30,10,7.0853,1.016,0.0348,0.42,NOMINAL,NORMAL,0,,99,13.5,4888,3226
1781430359.4024653,30,10,6.4688,0.677,0.0219,0.241,NOMINAL,NORMAL,0,,99,13.5,4888,3226
1781430359.5258248,30,10,4.7376,1.001,0.0348,0.375,NOMINAL,NORMAL,0,,99,13.5,4888,3226
1781430359.6536329,30,10,7.0539,1.054,0.0334,0.381,NOMINAL,NORMAL,0,,99,13.5,4888,3226
1781430359.7764583,30,10,5.0955,1.028,0.0362,0.38,NOMINAL,NORMAL,0,,99,13.5,4888,3226
1781430359.899985,30,10,3.7046,1.022,0.0379,0.383,NOMINAL,NORMAL,0,,99,13.5,4888,3226
1781430360.0286345,30,10,7.2229,0.973,0.0244,0.269,NOMINAL,NORMAL,0,,99,13.2,4920,3226
1781430360.150968,30,10,5.075,0.821,0.0225,0.259,NOMINAL,NORMAL,0,,99,13.2,4920,3226
1781430360.2788186,30,10,7.0837,1.0,0.0343,0.408,NOMINAL,NORMAL,0,,99,13.2,4920,3226
1781430360.4019935,30,10,5.6049,0.724,0.0324,0.356,NOMINAL,NORMAL,0,,99,13.2,4920,3226
1781430360.5263984,30,10,4.8841,1.029,0.0339,0.372,NOMINAL,NORMAL,0,,99,13.2,4920,3226
1781430360.653327,30,10,6.9755,1.009,0.0334,0.371,NOMINAL,NORMAL,0,,99,13.2,4920,3226
1781430360.7755349,30,10,4.0087,1.01,0.0368,0.388,NOMINAL,NORMAL,0,,99,13.2,4920,3226
1781430360.9037466,30,10,7.042,1.125,0.0339,0.38,NOMINAL,NORMAL,0,,99,13.2,4920,3226
1781430361.0279331,30,10,6.8221,0.764,0.0229,0.267,NOMINAL,NORMAL,0,,99,13.0,4920,3226
1781430361.1518123,30,10,5.5622,1.096,0.0324,0.374,NOMINAL,NORMAL,0,,99,13.0,4920,3226
1781430361.2787883,30,10,7.2292,1.029,0.0792,0.428,NOMINAL,NORMAL,0,,99,13.0,4920,3226
1781430361.401363,30,10,4.9553,0.946,0.0332,0.386,NOMINAL,NORMAL,0,,99,13.0,4920,3226
1781430361.5287783,30,10,7.2023,1.073,0.0343,0.388,NOMINAL,NORMAL,0,,99,13.0,4920,3226
1781430361.6536841,30,10,7.1377,1.157,0.0224,0.271,NOMINAL,NORMAL,0,,99,13.0,4920,3226
1781430361.7750993,30,10,3.6952,1.093,0.0343,0.393,NOMINAL,NORMAL,0,,99,13.0,4920,3226
1781430361.9036696,30,10,7.0292,1.078,0.0355,0.384,NOMINAL,NORMAL,0,,99,13.0,4920,3226
1781430362.0271378,30,10,6.0166,0.795,0.0244,0.262,NOMINAL,NORMAL,0,,99,13.3,4920,3226
1781430362.1506536,30,10,4.1722,0.96,0.0358,0.421,NOMINAL,NORMAL,0,,99,13.3,4920,3226
1781430362.2787302,30,10,6.9557,1.004,0.0347,0.407,NOMINAL,NORMAL,0,,99,13.3,4920,3226
1781430362.401801,30,10,4.9971,1.225,0.0257,0.26,NOMINAL,NORMAL,0,,99,13.3,4920,3226
1781430362.5271728,30,10,5.4491,1.352,0.0356,0.388,NOMINAL,NORMAL,0,,99,13.3,4920,3226
1781430362.6517236,30,10,5.4248,1.14,0.0367,0.388,NOMINAL,NORMAL,0,,99,13.3,4920,3226
1781430362.775651,30,10,5.0418,0.748,0.0233,0.26,NOMINAL,NORMAL,0,,99,13.3,4920,3226
1781430362.9036372,30,10,7.0446,1.099,0.0351,0.39,NOMINAL,NORMAL,0,,99,13.3,4920,3226
1781430363.0266323,30,10,5.2555,0.93,0.0346,0.407,NOMINAL,NORMAL,0,,93,13.0,4920,3226
1781430363.1500268,30,10,3.7431,0.945,0.0342,0.381,NOMINAL,NORMAL,0,,93,13.0,4920,3226
1781430363.2785385,30,10,7.163,1.003,0.0335,0.406,NOMINAL,NORMAL,0,,93,13.0,4920,3226
1781430363.4003136,30,10,3.8788,1.001,0.0344,0.374,NOMINAL,NORMAL,0,,93,13.0,4920,3226
1781430363.5287788,30,10,7.1868,1.09,0.0348,0.402,NOMINAL,NORMAL,0,,93,13.0,4920,3226
1781430363.652089,30,10,5.7483,1.085,0.0232,0.281,NOMINAL,NORMAL,0,,93,13.0,4920,3226
1781430363.7760217,30,10,4.4429,1.251,0.0347,0.392,NOMINAL,NORMAL,0,,93,13.0,4920,3226
1781430363.9036767,30,10,7.0389,1.114,0.0362,0.383,NOMINAL,NORMAL,0,,93,13.0,4920,3226
1781430364.0260093,30,10,4.6222,0.936,0.0346,0.4,NOMINAL,NORMAL,0,,89,14.0,4920,3226
1781430364.1520002,30,10,5.4967,1.364,0.0345,0.388,NOMINAL,NORMAL,0,,89,14.0,4920,3226
1781430364.2785323,30,10,7.1325,1.014,0.0222,0.284,NOMINAL,NORMAL,0,,89,14.0,4920,3226
1781430364.4000828,30,10,3.7126,1.264,0.0341,0.378,NOMINAL,NORMAL,0,,89,14.0,4920,3226
1781430364.5288393,30,10,7.1579,1.126,0.0352,0.393,NOMINAL,NORMAL,0,,89,14.0,4920,3226
1781430364.651958,30,10,5.449,1.014,0.0344,0.393,NOMINAL,NORMAL,0,,89,14.0,4920,3226
1781430364.7787154,30,10,7.2,1.019,0.0333,0.406,NOMINAL,NORMAL,0,,89,14.0,4920,3226
1781430364.9040785,30,10,7.1748,1.153,0.0369,0.401,NOMINAL,NORMAL,0,,89,14.0,4920,3226
1781430365.0274777,30,10,6.3085,0.819,0.0243,0.267,NOMINAL,NORMAL,0,,8,13.0,4920,3226
1781430365.1539607,30,10,7.2153,1.313,0.0327,0.391,NOMINAL,NORMAL,0,,8,13.0,4920,3226
1781430365.277486,30,10,6.5401,0.746,0.0211,0.257,NOMINAL,NORMAL,0,,8,13.0,4920,3226
1781430365.4009345,30,10,4.6823,0.901,0.0355,0.382,NOMINAL,NORMAL,0,,8,13.0,4920,3226
1781430365.5287127,30,10,7.1663,1.081,0.0355,0.39,NOMINAL,NORMAL,0,,8,13.0,4920,3226
1781430365.6522286,30,10,5.6815,1.106,0.0353,0.384,NOMINAL,NORMAL,0,,8,13.0,4920,3226
1781430365.7789521,30,10,7.141,1.066,0.0346,0.373,NOMINAL,NORMAL,0,,8,13.0,4920,3226
1781430365.9035738,30,10,7.2184,0.943,0.0242,0.269,NOMINAL,NORMAL,0,,8,13.0,4920,3226
1781430366.0266135,30,10,5.1261,1.052,0.0362,0.418,NOMINAL,NORMAL,0,,25,13.5,4880,3226
1781430366.153678,30,10,7.1375,1.055,0.0346,0.383,NOMINAL,NORMAL,0,,25,13.5,4880,3226
1781430366.2760735,30,10,4.9831,0.783,0.0235,0.261,NOMINAL,NORMAL,0,,25,13.5,4880,3226
1781430366.4037757,30,10,7.1771,1.078,0.0347,0.385,NOMINAL,NORMAL,0,,25,13.5,4880,3226
1781430366.529007,30,10,7.1721,1.29,0.0371,0.396,NOMINAL,NORMAL,0,,25,13.5,4880,3226
1781430366.6506557,30,10,4.1489,0.998,0.0329,0.421,NOMINAL,NORMAL,0,,25,13.5,4880,3226
1781430366.7789812,30,10,7.2517,1.149,0.0348,0.389,NOMINAL,NORMAL,0,,25,13.5,4880,3226
1781430366.902899,30,10,6.6526,0.81,0.0236,0.27,NOMINAL,NORMAL,0,,25,13.5,4880,3226
1781430367.0260015,30,10,4.9411,0.954,0.0233,0.276,NOMINAL,NORMAL,0,,25,13.5,4880,3226
1781430367.153956,30,10,7.3011,1.101,0.0368,0.391,NOMINAL,NORMAL,0,,0,13.8,4920,3226
1781430367.2769039,30,10,5.1049,1.052,0.0355,0.38,NOMINAL,NORMAL,0,,0,13.8,4920,3226
1781430367.403729,30,10,7.1665,1.053,0.0354,0.38,NOMINAL,NORMAL,0,,0,13.8,4920,3226
1781430367.5287015,30,10,7.2395,1.038,0.0242,0.267,NOMINAL,NORMAL,0,,0,13.8,4920,3226
1781430367.651334,30,10,5.3168,0.839,0.0253,0.276,NOMINAL,NORMAL,0,,0,13.8,4920,3226
1781430367.7790117,30,10,7.1966,1.122,0.0363,0.385,NOMINAL,NORMAL,0,,0,13.8,4920,3226
1781430367.902066,30,10,5.866,0.773,0.0246,0.263,NOMINAL,NORMAL,0,,0,13.8,4920,3226
1781430368.0256982,30,10,4.2514,1.011,0.0357,0.398,NOMINAL,NORMAL,0,,0,13.8,4920,3226
1781430368.153912,30,10,7.2315,1.107,0.0358,0.394,NOMINAL,NORMAL,0,,0,13.8,4880,3226
1781430368.2768102,30,10,5.1329,1.269,0.0255,0.288,NOMINAL,NORMAL,0,,0,13.8,4880,3226
1781430368.4036193,30,10,7.1155,0.996,0.0341,0.365,NOMINAL,NORMAL,0,,0,13.8,4880,3226
1781430368.5281785,30,10,7.019,0.809,0.0226,0.265,NOMINAL,NORMAL,0,,0,13.8,4880,3226
1781430368.652117,30,10,5.5734,1.378,0.0358,0.396,NOMINAL,NORMAL,0,,0,13.8,4880,3226
1781430368.779149,30,10,7.2973,1.358,0.0346,0.38,NOMINAL,NORMAL,0,,0,13.8,4880,3226
1781430368.9019196,30,10,5.2033,1.196,0.0341,0.383,NOMINAL,NORMAL,0,,0,13.8,4880,3226
1781430369.0288432,30,10,7.2674,1.103,0.0356,0.388,NOMINAL,NORMAL,0,,0,13.8,4880,3226
1781430369.1540363,30,10,7.3247,1.287,0.0224,0.265,NOMINAL,NORMAL,0,,0,13.2,4888,3226
1781430369.276364,30,10,5.0018,1.066,0.024,0.291,NOMINAL,NORMAL,0,,0,13.2,4888,3226
1781430369.4039917,30,10,7.1402,1.052,0.0346,0.385,NOMINAL,NORMAL,0,,0,13.2,4888,3226
1781430369.5273964,30,10,6.2063,0.811,0.0232,0.264,NOMINAL,NORMAL,0,,0,13.2,4888,3226
1781430369.6509066,30,10,4.4789,1.04,0.0352,0.43,NOMINAL,NORMAL,0,,0,13.2,4888,3226
1781430369.7788343,30,10,7.296,1.042,0.0338,0.419,NOMINAL,NORMAL,0,,0,13.2,4888,3226
1781430369.9025698,30,10,5.7324,1.219,0.0248,0.341,NOMINAL,NORMAL,0,,0,13.2,4888,3226
1781430370.029033,30,10,7.3508,1.128,0.0354,0.398,NOMINAL,NORMAL,0,,0,13.2,4888,3226
1781430370.153412,30,10,7.1529,0.85,0.0244,0.27,NOMINAL,NORMAL,0,,0,14.0,4920,3226
1781430370.276024,30,10,5.2363,0.779,0.0225,0.258,NOMINAL,NORMAL,0,,0,14.0,4920,3226
1781430370.403906,30,10,7.1303,1.284,0.0324,0.365,NOMINAL,NORMAL,0,,0,14.0,4920,3226
1781430370.5269868,30,10,5.4759,1.038,0.0332,0.389,NOMINAL,NORMAL,0,,0,14.0,4920,3226
1781430370.6507838,30,10,4.1274,1.111,0.0737,0.433,NOMINAL,NORMAL,0,,0,14.0,4920,3226
1781430370.7792525,30,10,7.2117,1.375,0.0289,0.307,NOMINAL,NORMAL,0,,0,14.0,4920,3226
1781430370.900857,30,10,4.2829,1.067,0.0341,0.375,NOMINAL,NORMAL,0,,0,14.0,4920,3226
1781430371.028829,30,10,7.2308,1.112,0.0352,0.386,NOMINAL,NORMAL,0,,0,14.0,4920,3226
1781430371.1527987,30,10,6.5548,0.846,0.0253,0.276,NOMINAL,NORMAL,0,,0,13.3,4880,3226
1781430371.2766569,30,10,4.8767,1.065,0.0364,0.383,NOMINAL,NORMAL,0,,0,13.3,4880,3226
1781430371.40377,30,10,7.2071,1.044,0.0354,0.366,NOMINAL,NORMAL,0,,0,13.3,4880,3226
1781430371.5262032,30,10,4.7797,0.991,0.0362,0.386,NOMINAL,NORMAL,0,,0,13.3,4880,3226
1781430371.653762,30,10,7.3256,1.085,0.0352,0.381,NOMINAL,NORMAL,0,,0,13.3,4880,3226
1781430371.7784557,30,10,6.9058,1.206,0.0229,0.257,NOMINAL,NORMAL,0,,0,13.3,4880,3226
1781430371.9001992,30,10,3.7545,1.279,0.0346,0.383,NOMINAL,NORMAL,0,,0,13.3,4880,3226
1781430372.0287693,30,10,7.2507,1.056,0.0368,0.391,NOMINAL,NORMAL,0,,0,13.3,4880,3226
1781430372.152123,30,10,5.6686,0.983,0.0355,0.389,NOMINAL,NORMAL,0,,0,13.2,4880,3226
1781430372.2782059,30,10,7.0559,0.815,0.0225,0.282,NOMINAL,NORMAL,0,,0,13.2,4880,3226
1781430372.4045148,30,10,7.3169,1.649,0.0344,0.39,NOMINAL,NORMAL,0,,0,13.2,4880,3226
1781430372.5271194,30,10,5.7013,1.065,0.0226,0.273,NOMINAL,NORMAL,0,,0,13.2,4880,3226
1781430372.653932,30,10,7.2586,1.318,0.0338,0.378,NOMINAL,NORMAL,0,,0,13.2,4880,3226
1781430372.778089,30,10,6.7215,0.992,0.0231,0.272,NOMINAL,NORMAL,0,,0,13.2,4880,3226
1781430372.9021986,30,10,4.9879,1.262,0.0351,0.997,NOMINAL,NORMAL,0,,0,13.2,4880,3226
1781430373.028879,30,10,7.348,1.052,0.0345,0.384,NOMINAL,NORMAL,0,,0,13.2,4880,3226
1781430373.151571,30,10,4.9971,1.056,0.0343,0.396,NOMINAL,NORMAL,0,,0,13.2,4920,3226
1781430373.2755346,30,10,4.0737,1.06,0.0358,0.374,NOMINAL,NORMAL,0,,0,13.2,4920,3226
1781430373.4035666,30,10,7.2697,0.904,0.022,0.256,NOMINAL,NORMAL,0,,0,13.2,4920,3226
1781430373.5273175,30,10,5.7957,1.005,0.035,0.386,NOMINAL,NORMAL,0,,0,13.2,4920,3226
1781430373.6541011,30,10,7.3014,1.04,0.0353,0.386,NOMINAL,NORMAL,0,,0,13.2,4920,3226
1781430373.776985,30,10,5.9478,0.694,0.0219,0.254,NOMINAL,NORMAL,0,,0,13.2,4920,3226
1781430373.9038389,30,10,7.2887,1.052,0.0331,0.368,NOMINAL,NORMAL,0,,0,13.2,4920,3226
1781430374.0289078,30,10,7.3606,1.055,0.0348,0.377,NOMINAL,NORMAL,0,,0,13.2,4920,3226
1781430374.1508806,30,10,4.334,0.986,0.0352,0.439,NOMINAL,NORMAL,0,,0,13.0,4888,3226
1781430374.27886,30,10,7.3042,0.986,0.034,0.424,NOMINAL,NORMAL,0,,0,13.0,4888,3226
1781430374.4028435,30,10,6.8086,0.702,0.0229,0.236,NOMINAL,NORMAL,0,,0,13.0,4888,3226
1781430374.5260165,30,10,4.8145,1.063,0.0345,0.375,NOMINAL,NORMAL,0,,0,13.0,4888,3226
1781430374.6540515,30,10,7.3385,1.256,0.0346,0.372,NOMINAL,NORMAL,0,,0,13.0,4888,3226
1781430374.7764769,30,10,5.1373,0.902,0.0325,0.376,NOMINAL,NORMAL,0,,0,13.0,4888,3226
1781430374.9005196,30,10,4.0929,1.037,0.0303,0.352,NOMINAL,NORMAL,0,,0,13.0,4888,3226
1781430375.0286913,30,10,7.3581,1.018,0.0234,0.265,NOMINAL,NORMAL,0,,0,13.0,4888,3226
1781430375.1515267,30,10,5.4516,0.83,0.0217,0.258,NOMINAL,NORMAL,0,,74,13.2,4920,3226
1781430375.2789037,30,10,7.3412,1.012,0.035,0.442,NOMINAL,NORMAL,0,,74,13.2,4920,3226
1781430375.4022305,30,10,6.1082,0.743,0.0224,0.258,NOMINAL,NORMAL,0,,74,13.2,4920,3226
1781430375.5266924,30,10,5.0615,1.072,0.0333,0.456,NOMINAL,NORMAL,0,,74,13.2,4920,3226
1781430375.65386,30,10,7.3319,1.052,0.0345,0.384,NOMINAL,NORMAL,0,,74,13.2,4920,3226
1781430375.7768424,30,10,5.3727,1.027,0.0283,0.319,NOMINAL,NORMAL,0,,74,13.2,4920,3226
1781430375.900141,30,10,3.8556,1.079,0.0347,0.389,NOMINAL,NORMAL,0,,74,13.2,4920,3226
1781430376.028265,30,10,7.3052,0.77,0.0226,0.269,NOMINAL,NORMAL,0,,74,13.2,4920,3226
1781430376.152104,30,10,5.7501,1.083,0.0361,0.393,NOMINAL,NORMAL,0,,89,13.8,4920,3226
1781430376.2787879,30,10,7.2602,0.989,0.0837,0.42,NOMINAL,NORMAL,0,,89,13.8,4920,3226
1781430376.401737,30,10,5.4073,0.884,0.0332,0.38,NOMINAL,NORMAL,0,,89,13.8,4920,3226
1781430376.528934,30,10,7.358,1.076,0.0341,0.383,NOMINAL,NORMAL,0,,89,13.8,4920,3226
1781430376.6534085,30,10,6.8885,1.065,0.0345,0.387,NOMINAL,NORMAL,0,,89,13.8,4920,3226
1781430376.7756805,30,10,4.1768,1.058,0.0342,0.384,NOMINAL,NORMAL,0,,89,13.8,4920,3226
1781430376.9038224,30,10,7.2623,1.038,0.0335,0.368,NOMINAL,NORMAL,0,,89,13.8,4920,3226
1781430377.0275092,30,10,6.4095,0.822,0.0232,0.268,NOMINAL,NORMAL,0,,89,13.8,4920,3226
1781430377.1511898,30,10,4.517,1.144,0.0347,0.39,NOMINAL,NORMAL,0,,91,13.2,4920,3226
1781430377.2790735,30,10,7.2606,1.052,0.0347,0.376,NOMINAL,NORMAL,0,,91,13.2,4920,3226
1781430377.40087,30,10,4.6052,0.812,0.0346,0.359,NOMINAL,NORMAL,0,,91,13.2,4920,3226
1781430377.529119,30,10,7.3562,1.033,0.0352,0.379,NOMINAL,NORMAL,0,,91,13.2,4920,3226
1781430377.6534154,30,10,7.2873,0.776,0.0236,0.261,NOMINAL,NORMAL,0,,91,13.2,4920,3226
1781430377.7762706,30,10,5.5048,0.755,0.023,0.259,NOMINAL,NORMAL,0,,91,13.2,4920,3226
1781430377.9039726,30,10,7.4051,1.014,0.0338,0.38,NOMINAL,NORMAL,0,,91,13.2,4920,3226
1781430378.0270197,30,10,5.5823,0.973,0.0328,0.381,NOMINAL,NORMAL,0,,91,13.2,4920,3226
1781430378.15028,30,10,3.8992,0.939,0.0342,0.386,NOMINAL,NORMAL,0,,99,12.5,4880,3226
1781430378.2789102,30,10,7.3262,1.067,0.0337,0.383,NOMINAL,NORMAL,0,,99,12.5,4880,3226
1781430378.400857,30,10,4.3712,1.015,0.0344,0.379,NOMINAL,NORMAL,0,,99,12.5,4880,3226
1781430378.528895,30,10,7.4216,1.016,0.0329,0.383,NOMINAL,NORMAL,0,,99,12.5,4880,3226
1781430378.6528964,30,10,6.6346,0.972,0.0219,0.262,NOMINAL,NORMAL,0,,99,12.5,4880,3226
1781430378.7780402,30,10,6.6845,1.253,0.0331,0.38,NOMINAL,NORMAL,0,,99,12.5,4880,3226
1781430378.9031477,30,10,6.9308,0.817,0.0222,0.263,NOMINAL,NORMAL,0,,99,12.5,4880,3226
1781430379.0262053,30,10,4.9178,0.904,0.0333,0.384,NOMINAL,NORMAL,0,,99,12.5,4880,3226
1781430379.154001,30,10,7.4579,1.01,0.0308,0.361,NOMINAL,NORMAL,0,,99,13.2,4880,3226
1781430379.2786345,30,10,7.3789,0.835,0.0234,0.294,NOMINAL,NORMAL,0,,99,13.2,4880,3226
1781430379.4001253,30,10,3.9486,0.98,0.0346,0.37,NOMINAL,NORMAL,0,,99,13.2,4880,3226
1781430379.5290802,30,10,7.4821,1.081,0.035,0.385,NOMINAL,NORMAL,0,,99,13.2,4880,3226
1781430379.652443,30,10,5.8101,1.159,0.0361,0.392,NOMINAL,NORMAL,0,,99,13.2,4880,3226
1781430379.7790926,30,10,7.3334,1.045,0.0497,0.393,NOMINAL,NORMAL,0,,99,13.2,4880,3226
1781430379.9042335,30,10,7.5608,1.053,0.0334,0.366,NOMINAL,NORMAL,0,,99,13.2,4880,3226
1781430380.026576,30,10,4.9151,1.191,0.0339,0.46,NOMINAL,NORMAL,0,,99,13.2,4880,3226
1781430380.1541274,30,10,7.5192,1.082,0.0341,0.379,NOMINAL,NORMAL,0,,99,14.3,4880,3226
1781430380.2781558,30,10,7.1828,0.742,0.0224,0.259,NOMINAL,NORMAL,0,,99,14.3,4880,3226
1781430380.4018717,30,10,5.3666,1.133,0.0331,0.363,NOMINAL,NORMAL,0,,99,14.3,4880,3226
1781430380.5288835,30,10,7.4263,1.038,0.0345,0.387,NOMINAL,NORMAL,0,,99,14.3,4880,3226
1781430380.6519256,30,10,5.4244,1.186,0.0363,0.379,NOMINAL,NORMAL,0,,99,14.3,4880,3226
1781430380.7757416,30,10,4.299,1.055,0.0342,0.384,NOMINAL,NORMAL,0,,99,14.3,4880,3226
1781430380.903791,30,10,7.3631,0.973,0.0235,0.27,NOMINAL,NORMAL,0,,99,14.3,4880,3226
1781430381.0271933,30,10,5.6567,1.102,0.0344,0.389,NOMINAL,NORMAL,0,,99,14.3,4880,3226
1781430381.1541467,30,10,7.6442,1.024,0.0339,0.374,NOMINAL,NORMAL,0,,99,13.0,4880,3226
1781430381.2777169,30,10,6.5039,0.967,0.0238,0.298,NOMINAL,NORMAL,0,,99,13.0,4880,3226
1781430381.4029303,30,10,6.0703,1.311,0.0339,0.391,NOMINAL,NORMAL,0,,99,13.0,4880,3226
1781430381.5290828,30,10,7.7011,1.017,0.0344,0.389,NOMINAL,NORMAL,0,,99,13.0,4880,3226
1781430381.651476,30,10,4.6875,1.481,0.0328,0.385,NOMINAL,NORMAL,0,,99,13.0,4880,3226
1781430381.7791448,30,10,7.4228,1.274,0.0338,0.371,NOMINAL,NORMAL,0,,99,13.0,4880,3226
1781430381.9016097,30,10,4.9265,1.129,0.0348,0.391,NOMINAL,NORMAL,0,,99,13.0,4880,3226
1781430382.0261207,30,10,4.9241,1.035,0.0359,0.384,NOMINAL,NORMAL,0,,99,13.0,4880,3226
1781430382.1540232,30,10,7.4196,1.051,0.0353,0.386,NOMINAL,NORMAL,0,,99,14.3,4920,3226
1781430382.2766926,30,10,5.4592,0.913,0.0347,0.385,NOMINAL,NORMAL,0,,99,14.3,4920,3226
1781430382.4040918,30,10,7.3432,1.256,0.034,0.394,NOMINAL,NORMAL,0,,99,14.3,4920,3226
1781430382.528961,30,10,7.4345,1.082,0.0271,0.301,NOMINAL,NORMAL,0,,99,14.3,4920,3226
1781430382.650078,30,10,3.8837,0.931,0.0348,0.384,NOMINAL,NORMAL,0,,99,14.3,4920,3226
1781430382.7789032,30,10,7.3696,1.046,0.0348,0.424,NOMINAL,NORMAL,0,,99,14.3,4920,3226
1781430382.902406,30,10,6.2809,0.763,0.0241,0.263,NOMINAL,NORMAL,0,,99,14.3,4920,3226
1781430383.02579,30,10,4.496,0.92,0.0352,0.387,NOMINAL,NORMAL,0,,99,14.3,4920,3226
1781430383.1541967,30,10,7.4696,1.075,0.0349,0.385,NOMINAL,NORMAL,0,,99,13.8,4920,3226
1781430383.2776856,30,10,6.4367,0.981,0.0239,0.263,NOMINAL,NORMAL,0,,99,13.8,4920,3226
1781430383.40038,30,10,4.2711,1.04,0.0348,0.367,NOMINAL,NORMAL,0,,99,13.8,4920,3226
1781430383.5286863,30,10,7.6454,0.776,0.0237,0.26,NOMINAL,NORMAL,0,,99,13.8,4920,3226
1781430383.6522853,30,10,6.2424,1.033,0.034,0.375,NOMINAL,NORMAL,0,,99,13.8,4920,3226
1781430383.7771144,30,10,5.532,1.01,0.0352,0.376,NOMINAL,NORMAL,0,,99,13.8,4920,3226
1781430383.9024632,30,10,5.8601,1.105,0.0368,0.381,NOMINAL,NORMAL,0,,99,13.8,4920,3226
1781430384.0292864,30,10,7.7148,0.996,0.0339,0.378,NOMINAL,NORMAL,0,,99,13.8,4920,3226
1781430384.1541088,30,10,7.6081,1.013,0.0345,0.38,NOMINAL,NORMAL,0,,99,13.7,4880,3226
1781430384.2778745,30,10,6.7452,0.737,0.0228,0.261,NOMINAL,NORMAL,0,,99,13.7,4880,3226
1781430384.4041524,30,10,7.5829,1.039,0.0351,0.399,NOMINAL,NORMAL,0,,99,13.7,4880,3226
1781430384.5289712,30,10,7.9972,0.789,0.0226,0.265,NOMINAL,NORMAL,0,,99,13.7,4880,3226
1781430384.6517031,30,10,5.0725,1.196,0.0335,0.373,NOMINAL,NORMAL,0,,99,13.7,4880,3226
1781430384.7788942,30,10,7.5536,0.958,0.035,0.429,NOMINAL,NORMAL,0,,99,13.7,4880,3226
1781430384.903255,30,10,7.1871,0.869,0.0252,0.272,NOMINAL,NORMAL,0,,99,13.7,4880,3226
1781430385.02682,30,10,5.6054,1.051,0.0377,0.441,NOMINAL,NORMAL,0,,99,13.7,4880,3226
1781430385.1518793,30,10,4.9635,1.253,0.0362,0.399,NOMINAL,NORMAL,0,,52,15.0,4920,3226
1781430385.276725,30,10,5.2387,1.269,0.0333,0.379,NOMINAL,NORMAL,0,,52,15.0,4920,3226
1781430385.404364,30,10,7.506,1.256,0.0338,0.381,NOMINAL,NORMAL,0,,52,15.0,4920,3226
1781430385.5266814,30,10,5.2117,1.304,0.0364,0.438,NOMINAL,NORMAL,0,,52,15.0,4920,3226
1781430385.65058,30,10,4.3463,0.886,0.0348,0.427,NOMINAL,NORMAL,0,,52,15.0,4920,3226
1781430385.7789233,30,10,7.5081,1.056,0.0356,0.391,NOMINAL,NORMAL,0,,52,15.0,4920,3226
1781430385.901951,30,10,5.7158,0.982,0.0228,0.256,NOMINAL,NORMAL,0,,52,15.0,4920,3226
1781430386.0263202,30,10,5.3426,0.952,0.0328,0.354,NOMINAL,NORMAL,0,,52,15.0,4920,3226
1781430386.152837,30,10,5.9112,1.365,0.0352,0.385,NOMINAL,NORMAL,0,,52,15.0,4920,3226
1781430386.278886,30,10,7.56,1.066,0.0346,0.437,NOMINAL,NORMAL,0,,71,14.3,4920,3226
1781430386.4045584,30,10,8.1528,0.996,0.0356,0.374,NOMINAL,NORMAL,0,,71,14.3,4920,3226
1781430386.5268013,30,10,5.4371,0.955,0.0852,0.451,NOMINAL,NORMAL,0,,71,14.3,4920,3226
1781430386.653977,30,10,7.5826,1.05,0.0334,0.377,NOMINAL,NORMAL,0,,71,14.3,4920,3226
1781430386.7788298,30,10,7.5636,1.013,0.0237,0.264,NOMINAL,NORMAL,0,,71,14.3,4920,3226
1781430386.9013093,30,10,4.7821,1.04,0.0342,0.37,NOMINAL,NORMAL,0,,71,14.3,4920,3226
1781430387.0290005,30,10,7.5534,1.036,0.0367,0.381,NOMINAL,NORMAL,0,,71,14.3,4920,3226
1781430387.1526396,30,10,6.4223,0.926,0.0339,0.385,NOMINAL,NORMAL,0,,71,14.3,4920,3226
1781430387.279363,30,10,7.5133,1.085,0.0348,0.38,NOMINAL,NORMAL,0,,0,12.5,4880,3226
1781430387.4039843,30,10,7.4366,1.07,0.0345,0.391,NOMINAL,NORMAL,0,,0,12.5,4880,3226
1781430387.5287433,30,10,7.6849,0.765,0.0228,0.268,NOMINAL,NORMAL,0,,0,12.5,4880,3226
1781430387.653968,30,10,7.5832,1.027,0.0344,0.38,NOMINAL,NORMAL,0,,0,12.5,4880,3226
1781430387.7783568,30,10,7.3231,0.723,0.0245,0.257,NOMINAL,NORMAL,0,,0,12.5,4880,3226
1781430387.9042234,30,10,7.8673,1.193,0.0353,0.384,NOMINAL,NORMAL,0,,0,12.5,4880,3226
1781430388.029178,30,10,7.5268,1.089,0.0372,0.395,NOMINAL,NORMAL,0,,0,12.5,4880,3226
1781430388.1525352,30,10,5.9386,1.076,0.0352,0.389,NOMINAL,NORMAL,0,,0,12.5,4880,3226
1781430388.2763734,30,10,4.7946,1.027,0.0349,0.367,NOMINAL,NORMAL,0,,0,13.5,4920,3226
1781430388.4037728,30,10,7.4976,0.997,0.0241,0.264,NOMINAL,NORMAL,0,,0,13.5,4920,3226
1781430388.5265691,30,10,5.4776,0.866,0.0245,0.302,NOMINAL,NORMAL,0,,0,13.5,4920,3226
1781430388.6543233,30,10,7.7726,1.033,0.0327,0.377,NOMINAL,NORMAL,0,,0,13.5,4920,3226
1781430388.7778814,30,10,6.5716,0.869,0.0339,0.379,NOMINAL,NORMAL,0,,0,13.5,4920,3226
1781430388.9030292,30,10,6.4018,1.076,0.0334,0.376,NOMINAL,NORMAL,0,,0,13.5,4920,3226
1781430389.029056,30,10,7.5578,1.045,0.0333,0.378,NOMINAL,NORMAL,0,,0,13.5,4920,3226
1781430389.1510212,30,10,4.5827,1.003,0.0334,0.389,NOMINAL,NORMAL,0,,0,13.5,4920,3226
1781430389.2792225,30,10,7.6556,1.067,0.0358,0.38,NOMINAL,NORMAL,0,,0,13.2,4920,3226
1781430389.4031951,30,10,7.3482,0.675,0.0227,0.247,NOMINAL,NORMAL,0,,0,13.2,4920,3226
1781430389.5268703,30,10,5.5133,0.974,0.0354,0.45,NOMINAL,NORMAL,0,,0,13.2,4920,3226
1781430389.6540887,30,10,7.6329,1.024,0.0325,0.371,NOMINAL,NORMAL,0,,0,13.2,4920,3226
1781430389.7771175,30,10,5.5791,1.04,0.034,0.367,NOMINAL,NORMAL,0,,0,13.2,4920,3226
1781430389.9033604,30,10,6.8845,1.07,0.0294,0.347,NOMINAL,NORMAL,0,,0,13.2,4920,3226
1781430390.0291677,30,10,7.6615,1.048,0.0256,0.308,NOMINAL,NORMAL,0,,0,13.2,4920,3226
1781430390.150752,30,10,4.0761,1.194,0.0326,0.433,NOMINAL,NORMAL,0,,0,13.2,4920,3226
1781430390.2793806,30,10,7.5819,1.261,0.0346,0.372,NOMINAL,NORMAL,0,,0,14.5,4920,3226
1781430390.4023786,30,10,6.5193,0.678,0.0219,0.244,NOMINAL,NORMAL,0,,0,14.5,4920,3226
1781430390.527501,30,10,5.8466,1.124,0.0353,0.391,NOMINAL,NORMAL,0,,0,14.5,4920,3226
1781430390.6542118,30,10,7.6609,1.038,0.0352,0.37,NOMINAL,NORMAL,0,,0,14.5,4920,3226
1781430390.78184,30,10,5.2845,0.989,0.0542,5.404,PRE_ALERT,TRIGGERED,1,PD3A-OU,0,14.5,4920,3226
1781430390.902069,30,10,4.1798,1.032,0.0351,2.053,NOMINAL,NORMAL,0,,0,14.5,4920,3226
1781430391.0286963,30,10,7.5146,0.797,0.0231,0.267,NOMINAL,NORMAL,0,,0,14.5,4920,3226
1781430391.1509395,30,10,5.1042,0.83,0.0229,0.263,NOMINAL,NORMAL,0,,0,14.5,4920,3226
1781430391.279146,30,10,7.6135,1.048,0.034,0.372,NOMINAL,NORMAL,0,,0,14.7,4920,3227
1781430391.4021263,30,10,5.7827,0.867,0.034,0.376,NOMINAL,NORMAL,0,,0,14.7,4920,3227
1781430391.5292752,30,10,7.6665,1.086,0.0349,0.388,NOMINAL,NORMAL,0,,0,14.7,4920,3227
1781430391.6554766,30,10,7.6071,1.126,0.0347,1.593,PRE_ALERT,TRIGGERED,1,PD3A-OU|PD3A-OUT|PD1A-OUT|PD2A-OU,0,14.7,4920,3227
1781430391.7755985,30,10,4.1387,1.009,0.0325,0.393,PRE_ALERT,TRIGGERED,2,PD3A-OU|PD3A-OUT|PD1A-OUT|PD2A-OU,0,14.7,4920,3227
1781430391.9055643,30,10,7.4392,0.98,0.0331,2.03,NOMINAL,NORMAL,0,,0,14.7,4920,3227
1781430392.0263608,30,10,5.1601,1.009,0.0348,0.371,NOMINAL,NORMAL,0,,0,14.7,4920,3227
1781430392.1522722,30,10,6.0876,1.046,0.0312,0.375,NOMINAL,NORMAL,0,,0,14.7,4920,3227
1781430392.2789922,30,10,7.5033,1.016,0.0337,0.368,NOMINAL,NORMAL,0,,0,13.2,4880,3227
1781430392.4012873,30,10,5.0147,0.816,0.0343,0.367,NOMINAL,NORMAL,0,,0,13.2,4880,3227
1781430392.5292444,30,10,7.679,1.046,0.0343,0.386,NOMINAL,NORMAL,0,,0,13.2,4880,3227
1781430392.6538632,30,10,7.7347,0.769,0.022,0.259,NOMINAL,NORMAL,0,,0,13.2,4880,3227
1781430392.7754233,30,10,4.1461,1.052,0.0338,0.375,NOMINAL,NORMAL,0,,0,13.2,4880,3227
1781430392.9043748,30,10,7.6555,1.215,0.0318,0.368,NOMINAL,NORMAL,0,,0,13.2,4880,3227
1781430393.027227,30,10,6.0284,0.827,0.0329,0.375,NOMINAL,NORMAL,0,,0,13.2,4880,3227
1781430393.1507473,30,10,4.3433,0.94,0.0334,0.431,NOMINAL,NORMAL,0,,0,13.2,4880,3227
1781430393.2790809,30,10,7.6849,0.933,0.0306,0.346,NOMINAL,NORMAL,0,,51,12.8,4920,3227
1781430393.4015906,30,10,5.261,0.926,0.0239,0.257,NOMINAL,NORMAL,0,,51,12.8,4920,3227
1781430393.5282278,30,10,7.032,1.032,0.0362,0.417,NOMINAL,NORMAL,0,,51,12.8,4920,3227
1781430393.6532154,30,10,6.9334,0.816,0.0239,0.268,NOMINAL,NORMAL,0,,51,12.8,4920,3227
1781430393.7761903,30,10,5.047,0.922,0.0349,0.375,NOMINAL,NORMAL,0,,51,12.8,4920,3227
1781430393.9039452,30,10,7.4865,0.978,0.0346,0.381,NOMINAL,NORMAL,0,,51,12.8,4920,3227
1781430394.027006,30,10,5.2838,1.206,0.035,0.394,NOMINAL,NORMAL,0,,51,12.8,4920,3227
1781430394.1544545,30,10,7.6757,1.311,0.0335,0.382,NOMINAL,NORMAL,0,,51,12.8,4920,3227
1781430394.2788694,30,10,7.5562,0.958,0.0218,0.257,NOMINAL,NORMAL,0,,39,13.5,4920,3227
1781430394.4007528,30,10,4.3144,1.146,0.0293,0.336,NOMINAL,NORMAL,0,,39,13.5,4920,3227
1781430394.525883,30,10,4.597,0.965,0.0349,0.388,NOMINAL,NORMAL,0,,39,13.5,4920,3227
1781430394.6524005,30,10,6.2523,0.833,0.0236,0.273,NOMINAL,NORMAL,0,,39,13.5,4920,3227
1781430394.7770584,30,10,5.3307,1.281,0.034,0.387,NOMINAL,NORMAL,0,,39,13.5,4920,3227
1781430394.9040213,30,10,7.6234,0.979,0.0308,0.342,NOMINAL,NORMAL,0,,39,13.5,4920,3227
1781430395.0271897,30,10,5.6805,1.045,0.0252,0.28,NOMINAL,NORMAL,0,,39,13.5,4920,3227
1781430395.1523995,30,10,6.2361,0.992,0.0327,0.361,NOMINAL,NORMAL,0,,39,13.5,4920,3227
1781430395.2784047,30,10,7.3528,0.702,0.0216,0.25,NOMINAL,NORMAL,0,,46,12.8,4920,3228
1781430395.4001892,30,10,4.2831,0.898,0.0348,0.368,NOMINAL,NORMAL,0,,46,12.8,4920,3228
1781430395.5291038,30,10,7.7153,1.031,0.033,0.384,NOMINAL,NORMAL,0,,46,12.8,4920,3228
1781430395.6538956,30,10,5.4824,1.099,0.034,2.206,PRE_ALERT,TRIGGERED,1,PD3A-OU,46,12.8,4920,3228
1781430395.7772808,30,10,4.2923,1.037,0.036,2.042,NOMINAL,NORMAL,0,,46,12.8,4920,3228
1781430395.9040625,30,10,7.6192,1.09,0.0227,0.265,NOMINAL,NORMAL,0,,46,12.8,4920,3228
1781430396.026292,30,10,5.3306,0.712,0.0229,0.254,NOMINAL,NORMAL,0,,46,12.8,4920,3228
1781430396.1541839,30,10,7.6776,1.034,0.0336,0.38,NOMINAL,NORMAL,0,,46,12.8,4920,3228
1781430396.277539,30,10,6.4923,0.727,0.0237,0.255,NOMINAL,NORMAL,0,,99,13.2,4880,3227
1781430396.4022155,30,10,5.7853,0.996,0.0225,0.276,NOMINAL,NORMAL,0,,99,13.2,4880,3227
1781430396.5272915,30,10,6.0505,0.944,0.0347,0.4,NOMINAL,NORMAL,0,,99,13.2,4880,3227
1781430396.6513016,30,10,4.8036,1.009,0.0357,0.39,NOMINAL,NORMAL,0,,99,13.2,4880,3227
1781430396.7777834,30,10,6.6662,0.996,0.0336,0.373,NOMINAL,NORMAL,0,,99,13.2,4880,3227
1781430396.9034374,30,10,7.407,0.727,0.0233,0.258,NOMINAL,NORMAL,0,,99,13.2,4880,3227
1781430397.026373,30,10,5.1749,1.047,0.0346,0.387,NOMINAL,NORMAL,0,,99,13.2,4880,3227
1781430397.1543355,30,10,7.8099,1.058,0.0351,0.385,NOMINAL,NORMAL,0,,99,13.2,4880,3227
1781430397.2771144,30,10,5.744,0.906,0.0363,0.387,NOMINAL,NORMAL,0,,99,14.5,4880,3227
1781430397.4041097,30,10,7.666,0.995,0.0346,0.374,NOMINAL,NORMAL,0,,99,14.5,4880,3227
1781430397.5272427,30,10,5.5191,1.131,0.0349,0.395,NOMINAL,NORMAL,0,,99,14.5,4880,3227
1781430397.6507807,30,10,4.1688,0.966,0.035,0.58,NOMINAL,NORMAL,0,,99,14.5,4880,3227
1781430397.7793074,30,10,7.7425,1.046,0.0345,0.381,NOMINAL,NORMAL,0,,99,14.5,4880,3227
1781430397.9027843,30,10,6.7208,0.747,0.0228,0.257,NOMINAL,NORMAL,0,,99,14.5,4880,3227
1781430398.0262973,30,10,5.0292,0.889,0.036,0.384,NOMINAL,NORMAL,0,,99,14.5,4880,3227
1781430398.152269,30,10,5.8835,0.904,0.0347,0.385,NOMINAL,NORMAL,0,,99,14.5,4880,3227
1781430398.2770739,30,10,5.5568,0.988,0.0348,0.368,NOMINAL,NORMAL,0,,99,14.5,4920,3227
1781430398.400178,30,10,4.1556,0.899,0.0324,0.35,NOMINAL,NORMAL,0,,99,14.5,4920,3227
1781430398.5288405,30,10,7.7115,0.791,0.023,0.258,NOMINAL,NORMAL,0,,99,14.5,4920,3227
1781430398.651165,30,10,5.2774,0.858,0.0243,0.286,NOMINAL,NORMAL,0,,99,14.5,4920,3227
1781430398.7778974,30,10,6.7978,0.743,0.0234,0.259,NOMINAL,NORMAL,0,,99,14.5,4920,3227
1781430398.9021876,30,10,5.936,0.825,0.0325,0.368,NOMINAL,NORMAL,0,,99,14.5,4920,3227
1781430399.0294724,30,10,7.8881,1.057,0.0347,0.388,NOMINAL,NORMAL,0,,99,14.5,4920,3227
1781430399.1546164,30,10,7.748,1.038,0.0338,0.505,NOMINAL,NORMAL,0,,99,14.5,4920,3227
1781430399.276213,30,10,4.3369,1.23,0.1829,0.54,NOMINAL,NORMAL,0,,99,13.7,4880,3227
1781430399.4042945,30,10,7.693,1.041,0.0329,0.377,NOMINAL,NORMAL,0,,99,13.7,4880,3227
1781430399.528218,30,10,6.8998,0.753,0.0237,0.264,NOMINAL,NORMAL,0,,99,13.7,4880,3227
1781430399.652413,30,10,6.1812,1.072,0.0355,0.379,NOMINAL,NORMAL,0,,99,13.7,4880,3227
1781430399.7795742,30,10,7.7926,1.266,0.0344,0.39,NOMINAL,NORMAL,0,,99,13.7,4880,3227
1781430399.9017403,30,10,5.1695,1.131,0.0336,0.393,NOMINAL,NORMAL,0,,99,13.7,4880,3227
1781430400.0294695,30,10,7.8616,1.084,0.0347,0.391,NOMINAL,NORMAL,0,,99,13.7,4880,3227
1781430400.1541076,30,10,7.8423,0.892,0.0233,0.267,NOMINAL,NORMAL,0,,99,13.7,4880,3227
1781430400.2753048,30,10,3.9832,1.071,0.0346,0.383,NOMINAL,NORMAL,0,,99,14.3,4920,3227
1781430400.4041877,30,10,7.7229,0.99,0.0328,0.378,NOMINAL,NORMAL,0,,99,14.3,4920,3227
1781430400.5266147,30,10,5.4065,0.99,0.0346,0.42,NOMINAL,NORMAL,0,,99,14.3,4920,3227
1781430400.6542435,30,10,7.6746,1.072,0.0332,0.386,NOMINAL,NORMAL,0,,99,14.3,4920,3227
1781430400.779404,30,10,7.6888,1.15,0.0346,0.389,NOMINAL,NORMAL,0,,99,14.3,4920,3227
1781430400.9019156,30,10,5.4298,1.112,0.0228,0.267,NOMINAL,NORMAL,0,,99,14.3,4920,3227
1781430401.0267231,30,10,5.4443,1.079,0.0349,0.433,NOMINAL,NORMAL,0,,99,14.3,4920,3227
1781430401.152641,30,10,6.4406,0.816,0.0242,0.273,NOMINAL,NORMAL,0,,99,14.3,4920,3227
1781430401.2767575,30,10,5.4038,0.914,0.0333,0.372,NOMINAL,NORMAL,0,,99,14.7,4920,3227
1781430401.4043362,30,10,7.8635,0.958,0.0331,0.369,NOMINAL,NORMAL,0,,99,14.7,4920,3227
1781430401.526907,30,10,5.46,0.971,0.0343,0.393,NOMINAL,NORMAL,0,,99,14.7,4920,3227
1781430401.6542072,30,10,7.7704,1.062,0.0331,0.389,NOMINAL,NORMAL,0,,99,14.7,4920,3227
1781430401.7792988,30,10,7.7462,1.09,0.0226,0.27,NOMINAL,NORMAL,0,,99,14.7,4920,3227
1781430401.901024,30,10,4.5825,1.043,0.034,0.384,NOMINAL,NORMAL,0,,99,14.7,4920,3227
1781430402.0293577,30,10,7.8147,1.061,0.0349,0.383,NOMINAL,NORMAL,0,,99,14.7,4920,3227
1781430402.152644,30,10,6.4853,0.803,0.0236,0.269,NOMINAL,NORMAL,0,,99,14.7,4920,3227
1781430402.2772615,30,10,5.7385,1.008,0.0337,0.377,NOMINAL,NORMAL,0,,99,13.5,4920,3227
1781430402.4042914,30,10,7.7857,1.048,0.0236,0.27,NOMINAL,NORMAL,0,,99,13.5,4920,3227
1781430402.526878,30,10,5.1808,1.028,0.0353,0.593,NOMINAL,NORMAL,0,,99,13.5,4920,3227
1781430402.6545146,30,10,7.8954,1.078,0.0343,0.414,NOMINAL,NORMAL,0,,99,13.5,4920,3227
1781430402.7786462,30,10,7.4909,0.752,0.0233,0.295,NOMINAL,NORMAL,0,,99,13.5,4920,3227
1781430402.9005604,30,10,4.4164,1.02,0.0322,0.378,NOMINAL,NORMAL,0,,99,13.5,4920,3227
1781430403.0296233,30,10,7.8177,1.299,0.0352,0.389,NOMINAL,NORMAL,0,,99,13.5,4920,3227
1781430403.1523232,30,10,5.7432,1.159,0.0327,0.378,NOMINAL,NORMAL,0,,99,13.5,4920,3227
1781430403.2795522,30,10,7.8489,1.239,0.0337,0.383,NOMINAL,NORMAL,0,,19,13.5,4880,3227
1781430403.4041526,30,10,7.7679,0.963,0.0335,0.447,NOMINAL,NORMAL,0,,19,13.5,4880,3227
1781430403.5263662,30,10,5.249,0.831,0.0225,0.268,NOMINAL,NORMAL,0,,19,13.5,4880,3227
1781430403.6547248,30,10,7.916,1.059,0.0333,0.416,NOMINAL,NORMAL,0,,19,13.5,4880,3227
1781430403.7778513,30,10,6.6475,0.793,0.0258,0.269,NOMINAL,NORMAL,0,,19,13.5,4880,3227
1781430403.9011443,30,10,4.8397,0.87,0.0354,0.378,NOMINAL,NORMAL,0,,19,13.5,4880,3227
1781430404.0293658,30,10,7.8087,1.037,0.0336,0.376,NOMINAL,NORMAL,0,,19,13.5,4880,3227
1781430404.1513767,30,10,4.9348,0.957,0.035,0.387,NOMINAL,NORMAL,0,,19,13.5,4880,3227
1781430404.2795508,30,10,7.8803,1.032,0.0344,0.372,NOMINAL,NORMAL,0,,15,14.2,4920,3228
1781430404.4036255,30,10,7.5955,0.679,0.0224,0.242,NOMINAL,NORMAL,0,,15,14.2,4920,3228
1781430404.5268247,30,10,5.3108,1.29,0.0337,0.42,NOMINAL,NORMAL,0,,15,14.2,4920,3228
1781430404.6544218,30,10,7.8659,1.06,0.0303,0.364,NOMINAL,NORMAL,0,,15,14.2,4920,3228
1781430404.7773445,30,10,5.9621,0.925,0.0359,0.389,NOMINAL,NORMAL,0,,15,14.2,4920,3228
1781430404.904563,30,10,7.9696,1.065,0.0351,0.391,NOMINAL,NORMAL,0,,15,14.2,4920,3228
1781430405.0295715,30,10,7.8364,1.094,0.0335,0.475,NOMINAL,NORMAL,0,,15,14.2,4920,3228
1781430405.1512246,30,10,4.3755,1.169,0.0386,0.686,NOMINAL,NORMAL,0,,15,14.2,4920,3228
1781430405.277234,30,10,5.8971,0.927,0.0222,0.268,NOMINAL,NORMAL,0,,15,14.2,4920,3228
1781430405.4032469,30,10,6.9805,0.841,0.0239,0.279,NOMINAL,NORMAL,0,,15,14.2,4920,3228
1781430405.5278897,30,10,6.1239,1.095,0.0349,0.396,NOMINAL,NORMAL,0,,15,14.2,4920,3228
1781430405.6547368,30,10,7.8298,1.104,0.0377,0.431,NOMINAL,NORMAL,0,,15,14.2,4920,3228
1781430405.777771,30,10,6.0261,1.053,0.0344,0.505,NOMINAL,NORMAL,0,,15,14.2,4920,3228
1781430405.9043517,30,10,7.8553,1.028,0.0343,0.39,NOMINAL,NORMAL,0,,15,14.2,4920,3228
1781430406.029187,30,10,7.7587,0.833,0.0233,0.267,NOMINAL,NORMAL,0,,15,14.2,4920,3228
1781430406.1516168,30,10,5.4794,1.018,0.0228,0.281,NOMINAL,NORMAL,0,,15,14.2,4920,3228
1781430406.2792783,30,10,7.8639,1.054,0.0225,0.267,NOMINAL,NORMAL,0,,15,14.2,4920,3228
1781430406.4027,30,10,6.2407,0.937,0.0338,0.414,NOMINAL,NORMAL,0,,0,13.5,4920,3228
1781430406.525943,30,10,4.5383,1.029,0.036,0.388,NOMINAL,NORMAL,0,,0,13.5,4920,3228
1781430406.6546443,30,10,7.9634,1.306,0.0344,0.412,NOMINAL,NORMAL,0,,0,13.5,4920,3228
1781430406.7765756,30,10,4.8148,1.302,0.0337,0.391,NOMINAL,NORMAL,0,,0,13.5,4920,3228
1781430406.904335,30,10,7.9812,1.07,0.0355,0.385,NOMINAL,NORMAL,0,,0,13.5,4920,3228
1781430407.028609,30,10,7.2191,1.034,0.0224,0.304,NOMINAL,NORMAL,0,,0,13.5,4920,3228
1781430407.1521244,30,10,5.2443,1.405,0.0348,0.401,NOMINAL,NORMAL,0,,0,13.5,4920,3228
1781430407.2794387,30,10,7.9013,1.061,0.0344,0.377,NOMINAL,NORMAL,0,,0,13.5,4920,3228
1781430407.401758,30,10,5.3889,0.861,0.0326,0.361,NOMINAL,NORMAL,0,,0,13.8,4880,3228
1781430407.5293975,30,10,7.8878,1.04,0.0332,0.367,NOMINAL,NORMAL,0,,0,13.8,4880,3228
1781430407.6540747,30,10,7.8498,0.882,0.0205,0.254,NOMINAL,NORMAL,0,,0,13.8,4880,3228
1781430407.77758,30,10,6.2253,0.891,0.0333,0.379,NOMINAL,NORMAL,0,,0,13.8,4880,3228
1781430407.9043596,30,10,7.8006,1.043,0.0336,0.378,NOMINAL,NORMAL,0,,0,13.8,4880,3228
1781430408.0274901,30,10,6.4089,0.793,0.0233,0.262,NOMINAL,NORMAL,0,,0,13.8,4880,3228
1781430408.151006,30,10,4.6695,0.957,0.0331,0.38,NOMINAL,NORMAL,0,,0,13.8,4880,3228
1781430408.2793133,30,10,7.8434,1.035,0.0331,0.374,NOMINAL,NORMAL,0,,0,13.8,4880,3228
1781430408.4022923,30,10,6.0264,0.884,0.0229,0.26,NOMINAL,NORMAL,0,,0,13.7,4888,3228
1781430408.5265937,30,10,5.4121,1.036,0.0339,0.417,NOMINAL,NORMAL,0,,0,13.7,4888,3228
1781430408.6535263,30,10,7.4219,0.795,0.0228,0.262,NOMINAL,NORMAL,0,,0,13.7,4888,3228
1781430408.7766428,30,10,5.7148,0.849,0.0324,0.368,NOMINAL,NORMAL,0,,0,13.7,4888,3228
1781430408.9045074,30,10,7.9308,1.072,0.0373,0.402,NOMINAL,NORMAL,0,,0,13.7,4888,3228
1781430409.0270922,30,10,5.6736,1.003,0.0344,0.391,NOMINAL,NORMAL,0,,0,13.7,4888,3228
1781430409.150456,30,10,4.1438,0.969,0.0355,0.388,NOMINAL,NORMAL,0,,0,13.7,4888,3228
1781430409.2790658,30,10,7.8424,1.016,0.0227,0.266,NOMINAL,NORMAL,0,,0,13.7,4888,3228
1781430409.4012372,30,10,4.7651,1.042,0.0344,0.375,NOMINAL,NORMAL,0,,0,13.8,4880,3228
1781430409.5295036,30,10,8.0105,1.066,0.0356,0.358,NOMINAL,NORMAL,0,,0,13.8,4880,3228
1781430409.652733,30,10,6.704,0.801,0.0244,0.284,NOMINAL,NORMAL,0,,0,13.8,4880,3228
1781430409.7765813,30,10,5.1253,1.016,0.0343,0.378,NOMINAL,NORMAL,0,,0,13.8,4880,3228
1781430409.9042575,30,10,7.8302,0.985,0.0343,0.38,NOMINAL,NORMAL,0,,0,13.8,4880,3228
1781430410.026342,30,10,4.9303,0.968,0.0357,0.393,NOMINAL,NORMAL,0,,0,13.8,4880,3228
1781430410.152653,30,10,6.3867,1.105,0.0338,0.393,NOMINAL,NORMAL,0,,0,13.8,4880,3228
1781430410.2786107,30,10,7.6664,0.733,0.0248,0.286,NOMINAL,NORMAL,0,,0,13.8,4880,3228
1781430410.4004705,30,10,4.3745,0.95,0.0338,0.364,NOMINAL,NORMAL,0,,0,13.2,4920,3228
1781430410.5294638,30,10,7.9501,1.055,0.0342,0.381,NOMINAL,NORMAL,0,,0,13.2,4920,3228
1781430410.6525493,30,10,5.9298,1.185,0.0349,0.39,NOMINAL,NORMAL,0,,0,13.2,4920,3228
1781430410.775586,30,10,4.1951,0.966,0.0342,0.379,NOMINAL,NORMAL,0,,0,13.2,4920,3228
1781430410.9044461,30,10,7.9089,1.011,0.1381,0.427,NOMINAL,NORMAL,0,,0,13.2,4920,3228
1781430411.0270238,30,10,5.9013,0.829,0.0238,0.274,NOMINAL,NORMAL,0,,0,13.2,4920,3228
1781430411.1544573,30,10,7.9421,1.059,0.0347,0.395,NOMINAL,NORMAL,0,,0,13.2,4920,3228
1781430411.2778575,30,10,6.8881,0.713,0.0222,0.248,NOMINAL,NORMAL,0,,0,13.2,4920,3228
1781430411.4014094,30,10,5.0664,0.887,0.0353,0.373,NOMINAL,NORMAL,0,,0,13.7,4880,3228
1781430411.5294404,30,10,7.9963,0.999,0.0338,0.374,NOMINAL,NORMAL,0,,0,13.7,4880,3228
1781430411.651599,30,10,5.2073,0.972,0.034,0.379,NOMINAL,NORMAL,0,,0,13.7,4880,3228
1781430411.7780454,30,10,7.0617,0.983,0.0337,0.369,NOMINAL,NORMAL,0,,0,13.7,4880,3228
1781430411.903884,30,10,7.8136,0.762,0.0238,0.256,NOMINAL,NORMAL,0,,0,13.7,4880,3228
1781430412.0269256,30,10,5.5629,1.134,0.0336,0.392,NOMINAL,NORMAL,0,,0,13.7,4880,3228
1781430412.1541598,30,10,7.7961,1.02,0.036,0.379,NOMINAL,NORMAL,0,,0,13.7,4880,3228
1781430412.2774675,30,10,6.1383,0.909,0.034,0.373,NOMINAL,NORMAL,0,,0,13.7,4880,3228
1781430412.4044092,30,10,7.9889,0.977,0.0331,0.358,NOMINAL,NORMAL,0,,8,13.3,4880,3228
1781430412.5292883,30,10,7.8059,1.044,0.0339,0.368,NOMINAL,NORMAL,0,,8,13.3,4880,3228
1781430412.6510808,30,10,4.545,0.98,0.0339,0.529,NOMINAL,NORMAL,0,,8,13.3,4880,3228
1781430412.7784088,30,10,7.2925,1.012,0.0347,0.384,NOMINAL,NORMAL,0,,8,13.3,4880,3228
1781430412.9031231,30,10,7.0719,0.747,0.0228,0.262,NOMINAL,NORMAL,0,,8,13.3,4880,3228
1781430413.02684,30,10,5.5576,1.095,0.0359,0.423,NOMINAL,NORMAL,0,,8,13.3,4880,3228
1781430413.1546564,30,10,8.0431,1.08,0.0354,0.422,NOMINAL,NORMAL,0,,8,13.3,4880,3228
1781430413.276751,30,10,5.3705,0.916,0.035,0.388,NOMINAL,NORMAL,0,,8,13.3,4880,3228
1781430413.4043365,30,10,7.9188,0.947,0.0344,0.36,NOMINAL,NORMAL,0,,20,13.5,4880,3229
1781430413.5293531,30,10,7.9522,0.823,0.0237,0.257,NOMINAL,NORMAL,0,,20,13.5,4880,3229
1781430413.6517575,30,10,5.6716,0.784,0.0224,0.256,NOMINAL,NORMAL,0,,20,13.5,4880,3229
1781430413.7794137,30,10,7.8865,1.037,0.0353,0.37,NOMINAL,NORMAL,0,,20,13.5,4880,3229
1781430413.9027898,30,10,6.3231,0.871,0.0684,0.416,NOMINAL,NORMAL,0,,20,13.5,4880,3229
1781430414.0260286,30,10,4.5943,0.95,0.0346,0.393,NOMINAL,NORMAL,0,,20,13.5,4880,3229
1781430414.1547933,30,10,7.9957,1.025,0.0369,0.418,NOMINAL,NORMAL,0,,20,13.5,4880,3229
1781430414.277213,30,10,5.8215,0.821,0.0234,0.248,NOMINAL,NORMAL,0,,20,13.5,4880,3229
1781430414.4042027,30,10,7.9692,0.995,0.0347,0.364,NOMINAL,NORMAL,0,,33,13.8,4888,3229
1781430414.5285003,30,10,7.3697,0.765,0.0227,0.269,NOMINAL,NORMAL,0,,33,13.8,4888,3229
1781430414.653146,30,10,6.7158,1.072,0.0325,0.381,NOMINAL,NORMAL,0,,33,13.8,4888,3229
1781430414.779486,30,10,7.9745,1.026,0.0339,0.372,NOMINAL,NORMAL,0,,33,13.8,4888,3229
1781430414.901931,30,10,5.6199,0.849,0.0326,0.374,NOMINAL,NORMAL,0,,33,13.8,4888,3229
1781430415.0276468,30,10,6.097,1.135,0.0354,0.396,NOMINAL,NORMAL,0,,33,13.8,4888,3229
1781430415.1545198,30,10,8.1093,0.923,0.0236,0.297,NOMINAL,NORMAL,0,,33,13.8,4888,3229
1781430415.2762244,30,10,4.7778,1.025,0.0334,0.373,NOMINAL,NORMAL,0,,33,13.8,4888,3229
1781430415.4045084,30,10,7.9981,1.011,0.0333,0.374,NOMINAL,NORMAL,0,,99,14.0,4920,3229
1781430415.5277386,30,10,6.6184,0.789,0.0228,0.262,NOMINAL,NORMAL,0,,99,14.0,4920,3229
1781430415.651244,30,10,4.8093,0.973,0.0345,0.395,NOMINAL,NORMAL,0,,99,14.0,4920,3229
1781430415.7795422,30,10,8.0347,1.018,0.0328,0.371,NOMINAL,NORMAL,0,,99,14.0,4920,3229
1781430415.9013128,30,10,4.9607,0.892,0.0338,0.374,NOMINAL,NORMAL,0,,99,14.0,4920,3229
1781430416.0294628,30,10,7.868,1.278,0.0359,0.383,NOMINAL,NORMAL,0,,99,14.0,4920,3229
1781430416.152701,30,10,6.4859,1.005,0.0244,0.276,NOMINAL,NORMAL,0,,99,14.0,4920,3229
1781430416.2769108,30,10,5.6124,0.927,0.0338,0.382,NOMINAL,NORMAL,0,,99,14.0,4920,3229
1781430416.4044528,30,10,8.0468,0.943,0.0342,0.351,NOMINAL,NORMAL,0,,99,13.5,4920,3229
1781430416.5274787,30,10,5.794,0.99,0.0337,0.385,NOMINAL,NORMAL,0,,99,13.5,4920,3229
1781430416.6508543,30,10,4.2297,0.972,0.0347,0.424,NOMINAL,NORMAL,0,,99,13.5,4920,3229
1781430416.7782476,30,10,6.4968,1.035,0.0353,0.388,NOMINAL,NORMAL,0,,99,13.5,4920,3229
1781430416.9030669,30,10,6.7879,0.828,0.0335,0.386,NOMINAL,NORMAL,0,,99,13.5,4920,3229
1781430417.02957,30,10,8.1099,1.032,0.0348,0.383,NOMINAL,NORMAL,0,,99,13.5,4920,3229
1781430417.15288,30,10,6.848,0.821,0.0244,0.274,NOMINAL,NORMAL,0,,99,13.5,4920,3229
1781430417.277144,30,10,5.6329,1.057,0.0336,0.38,NOMINAL,NORMAL,0,,99,13.5,4920,3229
1781430417.405019,30,10,8.1935,1.294,0.0361,0.383,NOMINAL,NORMAL,0,,99,13.5,4880,3229
1781430417.5273566,30,10,5.5105,1.375,0.0354,0.378,NOMINAL,NORMAL,0,,99,13.5,4880,3229
1781430417.6546142,30,10,8.0038,1.081,0.0348,0.414,NOMINAL,NORMAL,0,,99,13.5,4880,3229
1781430417.7791548,30,10,7.8832,0.96,0.0228,0.256,NOMINAL,NORMAL,0,,99,13.5,4880,3229
1781430417.9023545,30,10,5.9745,0.931,0.0335,0.385,NOMINAL,NORMAL,0,,99,13.5,4880,3229
1781430418.0298467,30,10,8.1905,1.101,0.034,0.393,NOMINAL,NORMAL,0,,99,13.5,4880,3229
1781430418.1524878,30,10,6.1549,0.988,0.034,0.388,NOMINAL,NORMAL,0,,99,13.5,4880,3229
1781430418.2794406,30,10,8.0786,1.024,0.0339,0.379,NOMINAL,NORMAL,0,,99,13.5,4880,3229
1781430418.404515,30,10,8.0142,1.025,0.033,0.367,NOMINAL,NORMAL,0,,99,13.3,4880,3229
1781430418.5257673,30,10,4.5062,0.959,0.0349,0.388,NOMINAL,NORMAL,0,,99,13.3,4880,3229
1781430418.6547248,30,10,8.1157,1.076,0.0349,0.434,NOMINAL,NORMAL,0,,99,13.3,4880,3229
1781430418.7780635,30,10,7.16,0.73,0.0217,0.252,NOMINAL,NORMAL,0,,99,13.3,4880,3229
1781430418.9015214,30,10,5.4269,0.95,0.0334,0.382,NOMINAL,NORMAL,0,,99,13.3,4880,3229
1781430419.029639,30,10,8.1458,1.049,0.0341,0.383,NOMINAL,NORMAL,0,,99,13.3,4880,3229
1781430419.1519835,30,10,5.3988,1.114,0.0364,0.395,NOMINAL,NORMAL,0,,99,13.3,4880,3229
1781430419.275978,30,10,4.7457,1.015,0.0349,0.376,NOMINAL,NORMAL,0,,99,13.3,4880,3229
1781430419.4040067,30,10,8.0329,0.661,0.0238,0.233,NOMINAL,NORMAL,0,,99,14.3,4920,3229
1781430419.5270343,30,10,5.7336,1.071,0.0332,0.368,NOMINAL,NORMAL,0,,99,14.3,4920,3229
1781430419.654603,30,10,8.1534,1.007,0.0324,0.402,NOMINAL,NORMAL,0,,99,14.3,4920,3229
1781430419.7777505,30,10,6.3178,1.006,0.0347,0.373,NOMINAL,NORMAL,0,,99,14.3,4920,3229
1781430419.9044807,30,10,8.0132,1.002,0.0349,0.395,NOMINAL,NORMAL,0,,99,14.3,4920,3229
1781430420.0298123,30,10,8.1641,1.104,0.035,0.389,NOMINAL,NORMAL,0,,99,14.3,4920,3229
1781430420.1661916,30,10,8.228,1.156,0.0369,0.405,NOMINAL,NORMAL,0,,99,14.3,4920,3229
1781430420.2788496,30,10,7.5567,1.062,0.0368,0.427,NOMINAL,NORMAL,0,,99,14.3,4920,3229
1781430420.4035244,30,10,7.3216,0.83,0.0229,0.27,NOMINAL,NORMAL,0,,99,13.8,4999,3228
1781430420.528907,30,10,7.381,1.336,0.0352,0.397,NOMINAL,NORMAL,0,,99,13.8,4999,3228
1781430420.6547258,30,10,8.0627,1.1,0.034,0.419,NOMINAL,NORMAL,0,,99,13.8,4999,3228
1781430420.7769773,30,10,5.5842,0.935,0.031,0.375,NOMINAL,NORMAL,0,,99,13.8,4999,3228
1781430420.904598,30,10,8.0772,1.027,0.0347,0.386,NOMINAL,NORMAL,0,,99,13.8,4999,3228
1781430421.028078,30,10,6.598,1.047,0.0363,0.395,NOMINAL,NORMAL,0,,99,13.8,4999,3228
1781430421.1518154,30,10,5.9211,0.807,0.0234,0.263,NOMINAL,NORMAL,0,,99,13.8,4999,3228
1781430421.2798488,30,10,8.1845,1.118,0.0343,0.385,NOMINAL,NORMAL,0,,99,13.8,4999,3228
1781430421.4028044,30,10,6.577,0.783,0.0224,0.359,NOMINAL,NORMAL,0,,99,13.7,4920,3228
1781430421.526056,30,10,4.7907,0.988,0.0352,0.385,NOMINAL,NORMAL,0,,99,13.7,4920,3228
1781430421.6547666,30,10,8.165,1.09,0.0654,0.424,NOMINAL,NORMAL,0,,99,13.7,4920,3228
1781430421.7774134,30,10,6.3324,0.862,0.0223,0.258,NOMINAL,NORMAL,0,,99,13.7,4920,3228
1781430421.9008012,30,10,4.6165,1.058,0.034,0.383,NOMINAL,NORMAL,0,,99,13.7,4920,3228
1781430422.0287676,30,10,7.6129,0.811,0.0242,0.273,NOMINAL,NORMAL,0,,99,13.7,4920,3228
1781430422.1526039,30,10,6.5326,1.063,0.034,0.386,NOMINAL,NORMAL,0,,99,13.7,4920,3228
1781430422.2795575,30,10,8.0898,1.108,0.0356,0.39,NOMINAL,NORMAL,0,,99,13.7,4920,3228
1781430422.4020967,30,10,5.7989,0.854,0.0361,0.366,NOMINAL,NORMAL,0,,99,14.5,4920,3228
1781430422.5295415,30,10,8.1109,1.063,0.0356,0.392,NOMINAL,NORMAL,0,,99,14.5,4920,3228
1781430422.6546242,30,10,8.1232,1.04,0.0311,0.394,NOMINAL,NORMAL,0,,99,14.5,4920,3228
1781430422.7762911,30,10,4.9273,1.021,0.0335,0.387,NOMINAL,NORMAL,0,,99,14.5,4920,3228
1781430422.904767,30,10,8.2347,1.041,0.0348,0.38,NOMINAL,NORMAL,0,,99,14.5,4920,3228
1781430423.0279572,30,10,6.7977,0.804,0.0245,0.269,NOMINAL,NORMAL,0,,99,14.5,4920,3228
1781430423.151555,30,10,5.0379,1.052,0.037,0.396,NOMINAL,NORMAL,0,,99,14.5,4920,3228
1781430423.2798028,30,10,8.1494,1.117,0.0364,0.385,NOMINAL,NORMAL,0,,99,14.5,4920,3228
1781430423.4017975,30,10,5.0514,1.028,0.0353,0.39,NOMINAL,NORMAL,0,,69,13.5,4920,3228
1781430423.5298285,30,10,8.2142,1.071,0.0355,0.391,NOMINAL,NORMAL,0,,69,13.5,4920,3228
1781430423.6530144,30,10,6.6337,0.959,0.0247,0.275,NOMINAL,NORMAL,0,,69,13.5,4920,3228
1781430423.7770967,30,10,5.9299,0.97,0.0349,0.389,NOMINAL,NORMAL,0,,69,13.5,4920,3228
1781430423.904815,30,10,8.2535,1.018,0.0342,0.377,NOMINAL,NORMAL,0,,69,13.5,4920,3228
1781430424.0276399,30,10,6.0352,1.028,0.037,0.401,NOMINAL,NORMAL,0,,69,13.5,4920,3228
1781430424.1509674,30,10,4.4417,1.018,0.0354,0.399,NOMINAL,NORMAL,0,,69,13.5,4920,3228
1781430424.2797766,30,10,8.2606,1.076,0.0251,0.269,NOMINAL,NORMAL,0,,69,13.5,4920,3228
1781430424.4020264,30,10,5.9767,0.69,0.0209,0.236,NOMINAL,NORMAL,0,,69,13.5,4920,3228
1781430424.5298882,30,10,8.2215,1.098,0.0359,0.383,NOMINAL,NORMAL,0,,2,13.8,4920,3228
1781430424.6532807,30,10,7.0339,0.813,0.0249,0.271,NOMINAL,NORMAL,0,,2,13.8,4920,3228
1781430424.7777555,30,10,6.1359,1.04,0.0353,0.38,NOMINAL,NORMAL,0,,2,13.8,4920,3228
1781430424.9047847,30,10,8.2482,1.034,0.0349,0.373,NOMINAL,NORMAL,0,,2,13.8,4920,3228
1781430425.0273595,30,10,5.7493,1.044,0.0306,0.342,NOMINAL,NORMAL,0,,2,13.8,4920,3228
1781430425.1539435,30,10,7.3512,1.063,0.0341,0.395,NOMINAL,NORMAL,0,,2,13.8,4920,3228
1781430425.2792406,30,10,8.0032,0.808,0.0226,0.27,NOMINAL,NORMAL,0,,2,13.8,4920,3228
1781430425.4012012,30,10,4.9352,1.022,0.0344,0.371,NOMINAL,NORMAL,0,,2,13.8,4920,3228
1781430425.5294178,30,10,7.95,0.998,0.032,0.342,NOMINAL,NORMAL,0,,46,14.3,4920,3228
1781430425.652859,30,10,6.3501,0.969,0.0347,0.388,NOMINAL,NORMAL,0,,46,14.3,4920,3228
1781430425.7795508,30,10,8.0336,0.99,0.0328,0.362,NOMINAL,NORMAL,0,,46,14.3,4920,3228
1781430425.904829,30,10,8.1568,1.071,0.0345,0.379,NOMINAL,NORMAL,0,,46,14.3,4920,3228
1781430426.026158,30,10,4.6588,0.959,0.0341,0.39,NOMINAL,NORMAL,0,,46,14.3,4920,3228
1781430426.1531308,30,10,6.8784,1.044,0.0323,0.366,NOMINAL,NORMAL,0,,46,14.3,4920,3228
1781430426.278432,30,10,7.2355,0.766,0.0236,0.255,NOMINAL,NORMAL,0,,46,14.3,4920,3228
1781430426.4020376,30,10,5.4239,1.004,0.0355,0.399,NOMINAL,NORMAL,0,,46,14.3,4920,3228
1781430426.529252,30,10,7.5974,1.067,0.0356,0.393,NOMINAL,NORMAL,0,,0,13.8,4880,3228
1781430426.6525424,30,10,5.5526,1.368,0.0337,0.393,NOMINAL,NORMAL,0,,0,13.8,4880,3228
1781430426.7790892,30,10,7.4517,1.062,0.0354,0.382,NOMINAL,NORMAL,0,,0,13.8,4880,3228
1781430426.904061,30,10,7.3828,1.045,0.033,0.574,NOMINAL,NORMAL,0,,0,13.8,4880,3228
1781430427.028163,30,10,6.4435,1.102,0.0358,0.4,NOMINAL,NORMAL,0,,0,13.8,4880,3228
1781430427.154721,30,10,8.0975,1.068,0.0373,0.436,NOMINAL,NORMAL,0,,0,13.8,4880,3228
1781430427.2779584,30,10,6.4961,0.914,0.0353,0.38,NOMINAL,NORMAL,0,,0,13.8,4880,3228
1781430427.4027524,30,10,6.0367,1.078,0.0352,0.437,NOMINAL,NORMAL,0,,0,13.8,4880,3228
1781430427.5299175,30,10,8.3399,1.076,0.0366,0.384,NOMINAL,NORMAL,0,,0,14.2,4920,3228
1781430427.6513627,30,10,4.8917,1.022,0.0349,0.387,NOMINAL,NORMAL,0,,0,14.2,4920,3228
1781430427.7802453,30,10,8.4015,1.051,0.0333,0.638,NOMINAL,NORMAL,0,,0,14.2,4920,3228
1781430427.9036129,30,10,7.472,0.784,0.024,0.263,NOMINAL,NORMAL,0,,0,14.2,4920,3228
1781430428.0271485,30,10,5.7303,1.024,0.0343,0.392,NOMINAL,NORMAL,0,,0,14.2,4920,3228
1781430428.1551487,30,10,8.3642,1.066,0.0355,0.374,NOMINAL,NORMAL,0,,0,14.2,4920,3228
1781430428.2771764,30,10,5.826,0.919,0.0347,0.368,NOMINAL,NORMAL,0,,0,14.2,4920,3228
1781430428.40479,30,10,8.3648,0.961,0.0339,0.367,NOMINAL,NORMAL,0,,0,14.2,4920,3228
1781430428.5296662,30,10,8.4515,0.844,0.0242,0.262,NOMINAL,NORMAL,0,,0,14.8,4880,3228
1781430428.650733,30,10,4.3618,0.952,0.0349,0.415,NOMINAL,NORMAL,0,,0,14.8,4880,3228
1781430428.7798176,30,10,8.3636,1.003,0.0324,0.359,NOMINAL,NORMAL,0,,0,14.8,4880,3228
1781430428.9030218,30,10,6.8051,0.767,0.0329,0.366,NOMINAL,NORMAL,0,,0,14.8,4880,3228
1781430429.026428,30,10,5.0106,0.961,0.0347,0.385,NOMINAL,NORMAL,0,,0,14.8,4880,3228
1781430429.1549315,30,10,8.3831,1.066,0.0361,0.385,NOMINAL,NORMAL,0,,0,14.8,4880,3228
1781430429.277289,30,10,5.9684,0.977,0.0228,0.25,NOMINAL,NORMAL,0,,0,14.8,4880,3228
1781430429.4023366,30,10,5.9594,1.143,0.0355,0.401,NOMINAL,NORMAL,0,,0,14.8,4880,3228
1781430429.528905,30,10,7.7687,0.759,0.0253,0.265,NOMINAL,NORMAL,0,,0,14.5,4880,3228
1781430429.6529586,30,10,6.3483,1.098,0.0355,0.395,NOMINAL,NORMAL,0,,0,14.5,4880,3228
1781430429.779831,30,10,8.426,1.03,0.0347,0.376,NOMINAL,NORMAL,0,,0,14.5,4880,3228
1781430429.902384,30,10,6.013,0.922,0.0362,0.383,NOMINAL,NORMAL,0,,0,14.5,4880,3228
1781430430.0303447,30,10,8.5187,1.191,0.0372,0.412,NOMINAL,NORMAL,0,,0,14.5,4880,3228
1781430430.1549022,30,10,8.5867,0.969,0.023,0.277,NOMINAL,NORMAL,0,,0,14.5,4880,3228
1781430430.2769578,30,10,5.5744,0.919,0.0285,0.332,NOMINAL,NORMAL,0,,0,14.5,4880,3228
1781430430.4049945,30,10,8.3394,1.109,0.0341,0.393,NOMINAL,NORMAL,0,,0,14.5,4880,3228
1781430430.528226,30,10,7.1079,0.788,0.0243,0.259,NOMINAL,NORMAL,0,,0,14.5,4920,3229
1781430430.6516244,30,10,5.3211,1.0,0.0349,0.402,NOMINAL,NORMAL,0,,0,14.5,4920,3229
1781430430.780042,30,10,8.4678,1.047,0.0343,0.389,NOMINAL,NORMAL,0,,0,14.5,4920,3229
1781430430.9028623,30,10,6.4129,1.023,0.025,0.276,NOMINAL,NORMAL,0,,0,14.5,4920,3229
1781430431.0300014,30,10,8.4306,1.064,0.0362,0.391,NOMINAL,NORMAL,0,,0,14.5,4920,3229
1781430431.1542222,30,10,8.0212,0.801,0.023,0.269,NOMINAL,NORMAL,0,,0,14.5,4920,3229
1781430431.276184,30,10,4.9585,1.037,0.0347,0.389,NOMINAL,NORMAL,0,,0,14.5,4920,3229
1781430431.4047074,30,10,8.2662,0.95,0.0338,0.363,NOMINAL,NORMAL,0,,0,14.5,4920,3229
1781430431.5284042,30,10,6.4199,1.394,0.0362,0.391,NOMINAL,NORMAL,0,,0,13.5,4880,3229
1781430431.6512752,30,10,4.4835,1.058,0.0339,0.391,NOMINAL,NORMAL,0,,0,13.5,4880,3229
1781430431.7798193,30,10,8.3489,1.069,0.0261,0.29,NOMINAL,NORMAL,0,,0,13.5,4880,3229
1781430431.9019694,30,10,5.8402,0.787,0.0221,0.256,NOMINAL,NORMAL,0,,0,13.5,4880,3229
1781430432.027191,30,10,5.9113,1.119,0.0344,0.383,NOMINAL,NORMAL,0,,0,13.5,4880,3229
1781430432.1534364,30,10,7.3253,0.812,0.0227,0.261,NOMINAL,NORMAL,0,,0,13.5,4880,3229
1781430432.2788994,30,10,7.7258,1.081,0.0345,0.421,NOMINAL,NORMAL,0,,0,13.5,4880,3229
1781430432.4040604,30,10,7.9637,0.818,0.0222,0.265,NOMINAL,NORMAL,0,,0,13.5,4880,3229
1781430432.5274165,30,10,5.8292,1.092,0.035,0.394,NOMINAL,NORMAL,0,,24,14.7,4920,3229
1781430432.6550484,30,10,8.5004,1.1,0.0346,0.381,NOMINAL,NORMAL,0,,24,14.7,4920,3229
1781430432.779395,30,10,8.2603,0.776,0.0226,0.259,NOMINAL,NORMAL,0,,24,14.7,4920,3229
1781430432.9013097,30,10,4.9859,1.04,0.0345,0.384,NOMINAL,NORMAL,0,,24,14.7,4920,3229
1781430433.0301616,30,10,8.4888,1.141,0.0351,0.398,NOMINAL,NORMAL,0,,24,14.7,4920,3229
1781430433.1528459,30,10,6.597,1.017,0.0229,0.301,NOMINAL,NORMAL,0,,24,14.7,4920,3229
1781430433.2800493,30,10,8.4614,1.057,0.0352,0.383,NOMINAL,NORMAL,0,,24,14.7,4920,3229
1781430433.4046981,30,10,8.2732,1.024,0.0336,0.382,NOMINAL,NORMAL,0,,24,14.7,4920,3229
1781430433.526407,30,10,4.9101,1.01,0.0344,0.39,NOMINAL,NORMAL,0,,26,14.0,4920,3228
1781430433.6552682,30,10,8.3508,1.134,0.0349,0.386,NOMINAL,NORMAL,0,,26,14.0,4920,3228
1781430433.7789135,30,10,7.4099,0.792,0.0342,0.372,NOMINAL,NORMAL,0,,26,14.0,4920,3228
1781430433.9017634,30,10,5.5764,1.03,0.0343,0.38,NOMINAL,NORMAL,0,,26,14.0,4920,3228
1781430434.0299325,30,10,8.4094,1.081,0.0337,0.39,NOMINAL,NORMAL,0,,26,14.0,4920,3228
1781430434.1528275,30,10,6.211,1.076,0.0338,0.39,NOMINAL,NORMAL,0,,26,14.0,4920,3228
1781430434.2767,30,10,5.0641,1.316,0.0356,0.381,NOMINAL,NORMAL,0,,26,14.0,4920,3228
1781430434.4046233,30,10,8.4062,0.954,0.0235,0.251,NOMINAL,NORMAL,0,,26,14.0,4920,3228
1781430434.5267663,30,10,5.6592,0.834,0.0244,0.269,NOMINAL,NORMAL,0,,99,12.8,4920,3228
1781430434.6551104,30,10,8.4632,1.115,0.0357,0.394,NOMINAL,NORMAL,0,,99,12.8,4920,3228
1781430434.7779968,30,10,6.6902,0.865,0.0341,0.374,NOMINAL,NORMAL,0,,99,12.8,4920,3228
1781430434.9028528,30,10,6.4634,0.944,0.0334,0.423,NOMINAL,NORMAL,0,,99,12.8,4920,3228
1781430435.0299053,30,10,8.4837,1.025,0.0339,0.388,NOMINAL,NORMAL,0,,99,12.8,4920,3228
1781430435.1515696,30,10,5.127,0.98,0.0358,0.389,NOMINAL,NORMAL,0,,99,12.8,4920,3228
1781430435.2789788,30,10,7.828,1.022,0.0342,0.37,NOMINAL,NORMAL,0,,99,12.8,4920,3228
1781430435.4029872,30,10,6.7262,0.904,0.0234,0.27,NOMINAL,NORMAL,0,,99,12.8,4920,3228
1781430435.5273848,30,10,5.999,1.143,0.0359,0.396,NOMINAL,NORMAL,0,,99,14.3,4920,3228
1781430435.655022,30,10,8.4137,1.096,0.0349,0.376,NOMINAL,NORMAL,0,,99,14.3,4920,3228
1781430435.7774801,30,10,5.8999,0.89,0.0344,0.377,NOMINAL,NORMAL,0,,99,14.3,4920,3228
1781430435.9048884,30,10,8.4052,1.033,0.0332,0.375,NOMINAL,NORMAL,0,,99,14.3,4920,3228
1781430436.0273654,30,10,6.012,1.145,0.0362,0.391,NOMINAL,NORMAL,0,,99,14.3,4920,3228
1781430436.1510675,30,10,4.5309,1.029,0.0353,0.392,NOMINAL,NORMAL,0,,99,14.3,4920,3228
1781430436.2800977,30,10,8.36,1.297,0.0336,0.373,NOMINAL,NORMAL,0,,99,14.3,4920,3228
1781430436.4031765,30,10,6.9341,0.827,0.033,0.366,NOMINAL,NORMAL,0,,99,14.3,4920,3228
1781430436.5265484,30,10,5.2117,0.885,0.0344,0.421,NOMINAL,NORMAL,0,,99,13.5,4880,3228
1781430436.6535175,30,10,7.0646,1.114,0.0348,0.392,NOMINAL,NORMAL,0,,99,13.5,4880,3228
1781430436.7777128,30,10,6.1125,0.953,0.0223,0.263,NOMINAL,NORMAL,0,,99,13.5,4880,3228
1781430436.9025218,30,10,6.301,1.022,0.0362,0.416,NOMINAL,NORMAL,0,,99,13.5,4880,3228
1781430437.0290155,30,10,7.9558,0.786,0.0215,0.261,NOMINAL,NORMAL,0,,99,13.5,4880,3228
1781430437.1513155,30,10,5.5192,0.794,0.0222,0.262,NOMINAL,NORMAL,0,,99,13.5,4880,3228
1781430437.2798626,30,10,8.3496,1.043,0.033,0.375,NOMINAL,NORMAL,0,,99,13.5,4880,3228
1781430437.4023497,30,10,6.1553,0.773,0.0329,0.36,NOMINAL,NORMAL,0,,99,13.5,4880,3228
1781430437.5299764,30,10,8.4604,1.035,0.0339,0.373,NOMINAL,NORMAL,0,,99,14.3,4888,3228
1781430437.6548538,30,10,8.4375,1.142,0.0223,0.27,NOMINAL,NORMAL,0,,99,14.3,4888,3228
1781430437.776552,30,10,4.9108,1.165,0.0335,0.374,NOMINAL,NORMAL,0,,99,14.3,4888,3228
1781430437.9049463,30,10,8.4887,1.001,0.0333,0.374,NOMINAL,NORMAL,0,,99,14.3,4888,3228
1781430438.0281801,30,10,7.2701,0.744,0.0215,0.264,NOMINAL,NORMAL,0,,99,14.3,4888,3228
1781430438.1530845,30,10,6.9091,1.037,0.034,0.38,NOMINAL,NORMAL,0,,99,14.3,4888,3228
1781430438.2796276,30,10,8.335,0.966,0.0331,0.366,NOMINAL,NORMAL,0,,99,14.3,4888,3228
1781430438.4028475,30,10,6.3751,1.027,0.0726,0.508,NOMINAL,NORMAL,0,,99,14.3,4888,3228
1781430438.529921,30,10,8.3867,1.043,0.0346,0.376,NOMINAL,NORMAL,0,,99,13.2,4920,3229
1781430438.6542192,30,10,8.196,0.773,0.0239,0.262,NOMINAL,NORMAL,0,,99,13.2,4920,3229
1781430438.775465,30,10,4.3937,0.997,0.034,0.374,NOMINAL,NORMAL,0,,99,13.2,4920,3229
1781430438.905011,30,10,8.4837,1.048,0.0344,0.387,NOMINAL,NORMAL,0,,99,13.2,4920,3229
1781430439.0275364,30,10,6.0413,1.361,0.0352,0.394,NOMINAL,NORMAL,0,,99,13.2,4920,3229
1781430439.1512425,30,10,4.7355,1.052,0.0344,0.396,NOMINAL,NORMAL,0,,99,13.2,4920,3229
1781430439.2798028,30,10,8.4059,1.045,0.0348,0.38,NOMINAL,NORMAL,0,,99,13.2,4920,3229
1781430439.4020526,30,10,6.0018,0.819,0.0242,0.266,NOMINAL,NORMAL,0,,99,13.2,4920,3229
1781430439.530174,30,10,8.6401,1.068,0.0345,0.384,NOMINAL,NORMAL,0,,99,14.3,4880,3229
1781430439.6512008,30,10,4.5931,1.059,0.0358,0.399,NOMINAL,NORMAL,0,,99,14.3,4880,3229
1781430439.7764516,30,10,5.4723,0.941,0.0348,0.39,NOMINAL,NORMAL,0,,99,14.3,4880,3229
1781430439.9049177,30,10,8.4587,1.005,0.0353,0.377,NOMINAL,NORMAL,0,,99,14.3,4880,3229
1781430440.0274372,30,10,5.697,1.278,0.0352,0.397,NOMINAL,NORMAL,0,,99,14.3,4880,3229
1781430440.1552057,30,10,8.584,1.103,0.0354,0.38,NOMINAL,NORMAL,0,,99,14.3,4880,3229
1781430440.279478,30,10,8.4912,0.772,0.023,0.26,NOMINAL,NORMAL,0,,99,14.3,4880,3229
1781430440.4015865,30,10,5.1072,1.237,0.0348,0.371,NOMINAL,NORMAL,0,,99,14.3,4880,3229
1781430440.5301476,30,10,8.5658,1.068,0.0355,0.385,NOMINAL,NORMAL,0,,99,14.3,4920,3229
1781430440.6531763,30,10,6.7021,0.944,0.0365,0.398,NOMINAL,NORMAL,0,,99,14.3,4920,3229
1781430440.776483,30,10,5.139,1.014,0.0355,0.374,NOMINAL,NORMAL,0,,99,14.3,4920,3229
1781430440.9053457,30,10,8.4976,1.24,0.0347,0.49,NOMINAL,NORMAL,0,,99,14.3,4920,3229
1781430441.0273325,30,10,5.2359,1.621,0.0348,0.393,NOMINAL,NORMAL,0,,99,14.3,4920,3229
1781430441.1550653,30,10,8.3811,1.289,0.0346,0.388,NOMINAL,NORMAL,0,,99,14.3,4920,3229
1781430441.279078,30,10,8.138,0.744,0.0228,0.258,NOMINAL,NORMAL,0,,99,14.3,4920,3229
1781430441.4020774,30,10,6.106,1.071,0.0229,0.296,NOMINAL,NORMAL,0,,99,14.3,4920,3229
1781430441.5302343,30,10,8.5859,1.084,0.0366,0.401,NOMINAL,NORMAL,0,,86,14.2,4920,3229
1781430441.6528037,30,10,6.3828,1.079,0.0345,0.391,NOMINAL,NORMAL,0,,86,14.2,4920,3229
1781430441.7770379,30,10,5.4717,1.072,0.0348,0.384,NOMINAL,NORMAL,0,,86,14.2,4920,3229
1781430441.9047325,30,10,8.5394,0.778,0.0238,0.256,NOMINAL,NORMAL,0,,86,14.2,4920,3229
1781430442.0271204,30,10,5.799,1.046,0.0236,0.272,NOMINAL,NORMAL,0,,86,14.2,4920,3229
1781430442.1551778,30,10,8.5227,1.092,0.0342,0.383,NOMINAL,NORMAL,0,,86,14.2,4920,3229
1781430442.278373,30,10,6.9058,0.922,0.0339,0.377,NOMINAL,NORMAL,0,,86,14.2,4920,3229
1781430442.4035196,30,10,6.729,1.253,0.0332,0.382,NOMINAL,NORMAL,0,,86,14.2,4920,3229
1781430442.527519,30,10,6.2668,1.09,0.035,0.378,NOMINAL,NORMAL,0,,97,14.8,4920,3229
1781430442.6515882,30,10,5.2633,0.981,0.0346,0.39,NOMINAL,NORMAL,0,,97,14.8,4920,3229
1781430442.7802818,30,10,8.6124,1.046,0.0343,0.378,NOMINAL,NORMAL,0,,97,14.8,4920,3229
1781430442.9039874,30,10,7.9047,0.742,0.0232,0.259,NOMINAL,NORMAL,0,,97,14.8,4920,3229
1781430443.027026,30,10,5.889,1.096,0.0368,0.382,NOMINAL,NORMAL,0,,97,14.8,4920,3229
1781430443.1550465,30,10,8.5055,1.112,0.0351,0.377,NOMINAL,NORMAL,0,,97,14.8,4920,3229
1781430443.2774477,30,10,6.1936,0.922,0.0353,0.393,NOMINAL,NORMAL,0,,97,14.8,4920,3229
1781430443.4048395,30,10,8.5512,0.961,0.0528,0.389,NOMINAL,NORMAL,0,,97,14.8,4920,3229
1781430443.5267706,30,10,5.5585,0.962,0.0633,0.42,NOMINAL,NORMAL,0,,58,14.5,4920,3229
1781430443.651131,30,10,4.6644,1.111,0.0348,0.389,NOMINAL,NORMAL,0,,58,14.5,4920,3229
1781430443.7801456,30,10,8.575,1.03,0.0349,0.38,NOMINAL,NORMAL,0,,58,14.5,4920,3229
1781430443.9032903,30,10,7.1856,0.785,0.0234,0.259,NOMINAL,NORMAL,0,,58,14.5,4920,3229
1781430444.0265698,30,10,5.405,0.901,0.0337,0.404,NOMINAL,NORMAL,0,,58,14.5,4920,3229
1781430444.1551113,30,10,8.5872,1.077,0.0347,0.378,NOMINAL,NORMAL,0,,58,14.5,4920,3229
1781430444.2780576,30,10,6.5792,1.154,0.0241,0.251,NOMINAL,NORMAL,0,,58,14.5,4920,3229
1781430444.4009337,30,10,4.9423,0.981,0.035,0.367,NOMINAL,NORMAL,0,,58,14.5,4920,3229
1781430444.5287492,30,10,7.3064,1.133,0.0354,0.384,NOMINAL,NORMAL,0,,58,14.5,4920,3229
1781430444.6518474,30,10,5.7354,0.929,0.0365,0.38,NOMINAL,NORMAL,0,,8,13.3,4920,3229
1781430444.7801442,30,10,8.5822,1.047,0.036,0.386,NOMINAL,NORMAL,0,,8,13.3,4920,3229
1781430444.9028385,30,10,6.4477,0.895,0.0345,0.41,NOMINAL,NORMAL,0,,8,13.3,4920,3229
1781430445.0263827,30,10,4.9055,1.001,0.0361,0.392,NOMINAL,NORMAL,0,,8,13.3,4920,3229
1781430445.1551886,30,10,8.6168,1.131,0.0236,0.264,NOMINAL,NORMAL,0,,8,13.3,4920,3229
1781430445.2768772,30,10,5.3941,1.01,0.0332,0.373,NOMINAL,NORMAL,0,,8,13.3,4920,3229
1781430445.4048333,30,10,8.5971,1.015,0.034,0.375,NOMINAL,NORMAL,0,,8,13.3,4920,3229
1781430445.5285645,30,10,7.454,0.79,0.0234,0.262,NOMINAL,NORMAL,0,,8,13.3,4920,3229
1781430445.651839,30,10,5.7047,0.943,0.0353,0.387,NOMINAL,NORMAL,0,,0,15.0,4880,3229
1781430445.7802002,30,10,8.7603,1.031,0.0346,0.382,NOMINAL,NORMAL,0,,0,15.0,4880,3229
1781430445.9029763,30,10,6.4304,1.007,0.0342,0.564,NOMINAL,NORMAL,0,,0,15.0,4880,3229
1781430446.030132,30,10,8.6192,1.056,0.035,0.382,NOMINAL,NORMAL,0,,0,15.0,4880,3229
1781430446.1543777,30,10,8.3496,0.764,0.0225,0.256,NOMINAL,NORMAL,0,,0,15.0,4880,3229
1781430446.277644,30,10,6.44,0.909,0.0355,0.372,NOMINAL,NORMAL,0,,0,15.0,4880,3229
1781430446.4050539,30,10,8.5473,0.981,0.0347,0.351,NOMINAL,NORMAL,0,,0,15.0,4880,3229
1781430446.5280838,30,10,6.6698,0.959,0.033,0.381,NOMINAL,NORMAL,0,,0,15.0,4880,3229
1781430446.6513538,30,10,4.9264,0.98,0.035,0.382,NOMINAL,NORMAL,0,,0,14.3,4880,3229
1781430446.7802265,30,10,8.5692,1.044,0.0347,0.502,NOMINAL,NORMAL,0,,0,14.3,4880,3229
1781430446.9025192,30,10,6.3309,0.794,0.023,0.282,NOMINAL,NORMAL,0,,0,14.3,4880,3229
1781430447.0269873,30,10,5.8891,1.074,0.0339,0.385,NOMINAL,NORMAL,0,,0,14.3,4880,3229
1781430447.1537433,30,10,7.6646,0.77,0.0234,0.261,NOMINAL,NORMAL,0,,0,14.3,4880,3229
1781430447.2767055,30,10,5.7665,0.869,0.0334,0.364,NOMINAL,NORMAL,0,,0,14.3,4880,3229
1781430447.405093,30,10,8.6879,0.968,0.0324,0.367,NOMINAL,NORMAL,0,,0,14.3,4880,3229
1781430447.5277295,30,10,6.1367,1.068,0.0346,0.388,NOMINAL,NORMAL,0,,0,14.3,4880,3229
1781430447.6552837,30,10,8.7358,1.067,0.0346,0.369,NOMINAL,NORMAL,0,,0,13.0,4920,3229
1781430447.7795265,30,10,8.5683,0.721,0.0231,0.249,NOMINAL,NORMAL,0,,0,13.0,4920,3229
1781430447.901578,30,10,5.2976,1.0,0.0344,0.371,NOMINAL,NORMAL,0,,0,13.0,4920,3229
1781430448.0270143,30,10,5.5424,1.022,0.0343,0.383,NOMINAL,NORMAL,0,,0,13.0,4920,3229
1781430448.15318,30,10,6.9673,0.923,0.0345,0.374,NOMINAL,NORMAL,0,,0,13.0,4920,3229
1781430448.278168,30,10,6.6945,1.015,0.0328,0.364,NOMINAL,NORMAL,0,,0,13.0,4920,3229
1781430448.4049313,30,10,8.5114,0.961,0.0333,0.367,NOMINAL,NORMAL,0,,0,13.0,4920,3229
1781430448.5274763,30,10,6.1791,0.979,0.023,0.267,NOMINAL,NORMAL,0,,0,13.0,4920,3229
1781430448.6534863,30,10,7.2228,1.068,0.0347,0.387,NOMINAL,NORMAL,0,,0,13.3,4888,3229
1781430448.778947,30,10,7.8649,0.76,0.0243,0.266,NOMINAL,NORMAL,0,,0,13.3,4888,3229
1781430448.9014602,30,10,5.3084,1.024,0.0355,0.376,NOMINAL,NORMAL,0,,0,13.3,4888,3229
1781430449.030146,30,10,8.6943,1.014,0.035,0.38,NOMINAL,NORMAL,0,,0,13.3,4888,3229
1781430449.15241,30,10,6.2104,0.897,0.0355,0.38,NOMINAL,NORMAL,0,,0,13.3,4888,3229
1781430449.2769752,30,10,5.5024,1.035,0.0336,0.369,NOMINAL,NORMAL,0,,0,13.3,4888,3229
1781430449.4047978,30,10,8.69,0.728,0.0215,0.235,NOMINAL,NORMAL,0,,0,13.3,4888,3229
1781430449.5271285,30,10,6.0276,0.783,0.022,0.256,NOMINAL,NORMAL,0,,0,13.3,4888,3229
1781430449.6551585,30,10,8.6173,1.045,0.0332,0.372,NOMINAL,NORMAL,0,,0,13.8,4920,3229
1781430449.7783785,30,10,7.1342,0.835,0.0338,0.36,NOMINAL,NORMAL,0,,0,13.8,4920,3229
1781430449.9017963,30,10,5.3421,0.96,0.0349,0.391,NOMINAL,NORMAL,0,,0,13.8,4920,3229
1781430450.0299935,30,10,8.5453,1.071,0.0357,0.39,NOMINAL,NORMAL,0,,0,13.8,4920,3229
1781430450.1518269,30,10,5.3997,1.055,0.0348,0.39,NOMINAL,NORMAL,0,,0,13.8,4920,3229
1781430450.2802644,30,10,8.5528,1.251,0.0333,0.367,NOMINAL,NORMAL,0,,0,13.8,4920,3229
1781430450.4040344,30,10,8.1034,0.744,0.0228,0.268,NOMINAL,NORMAL,0,,0,13.8,4920,3229
1781430450.527466,30,10,6.2475,1.065,0.035,0.38,NOMINAL,NORMAL,0,,0,13.8,4920,3229
1781430450.655165,30,10,8.5277,1.092,0.0361,0.385,NOMINAL,NORMAL,0,,0,14.5,4920,3229
1781430450.7775967,30,10,6.4656,0.825,0.0339,0.389,NOMINAL,NORMAL,0,,0,14.5,4920,3229
1781430450.9052603,30,10,8.7311,1.08,0.0347,0.38,NOMINAL,NORMAL,0,,0,14.5,4920,3229
1781430451.0274408,30,10,6.1372,0.949,0.0342,0.391,NOMINAL,NORMAL,0,,0,14.5,4920,3229
1781430451.1512127,30,10,4.8609,1.046,0.0339,0.391,NOMINAL,NORMAL,0,,0,14.5,4920,3229
1781430451.2800827,30,10,8.6625,0.979,0.0327,0.365,NOMINAL,NORMAL,0,,0,14.5,4920,3229
1781430451.4033535,30,10,7.3296,0.713,0.0228,0.249,NOMINAL,NORMAL,0,,0,14.5,4920,3229
1781430451.5274503,30,10,6.2626,1.084,0.0343,0.375,NOMINAL,NORMAL,0,,0,14.5,4920,3229
1781430451.6552498,30,10,8.6668,1.082,0.0341,0.378,NOMINAL,NORMAL,0,,0,14.8,4920,3229
1781430451.7783551,30,10,6.8936,1.106,0.0232,0.256,NOMINAL,NORMAL,0,,0,14.8,4920,3229
1781430451.9053755,30,10,8.7807,1.083,0.0354,0.386,NOMINAL,NORMAL,0,,0,14.8,4920,3229
1781430452.0295212,30,10,8.3896,0.776,0.0229,0.261,NOMINAL,NORMAL,0,,0,14.8,4920,3229
1781430452.152092,30,10,6.036,0.883,0.0348,0.375,NOMINAL,NORMAL,0,,0,14.8,4920,3229
1781430452.2803817,30,10,8.8814,1.006,0.0358,0.377,NOMINAL,NORMAL,0,,0,14.8,4920,3229
1781430452.4028234,30,10,6.7128,0.791,0.0344,0.39,NOMINAL,NORMAL,0,,0,14.8,4920,3229
1781430452.5266457,30,10,5.1058,1.047,0.0334,0.403,NOMINAL,NORMAL,0,,0,14.8,4920,3229
1781430452.6552832,30,10,8.6933,1.182,0.0243,0.299,NOMINAL,NORMAL,0,,74,14.2,4920,3229
1781430452.777431,30,10,6.4705,0.705,0.0214,0.243,NOMINAL,NORMAL,0,,74,14.2,4920,3229
1781430452.9050922,30,10,8.8032,1.009,0.0333,0.364,NOMINAL,NORMAL,0,,74,14.2,4920,3229
1781430453.0287626,30,10,7.5545,0.805,0.0234,0.266,NOMINAL,NORMAL,0,,74,14.2,4920,3229
1781430453.1520782,30,10,5.7426,1.05,0.0348,0.378,NOMINAL,NORMAL,0,,74,14.2,4920,3229
1781430453.2804163,30,10,8.8703,0.979,0.0336,0.363,NOMINAL,NORMAL,0,,74,14.2,4920,3229
1781430453.402231,30,10,5.8942,0.843,0.034,0.367,NOMINAL,NORMAL,0,,74,14.2,4920,3229
1781430453.530382,30,10,8.8596,1.044,0.0368,0.39,NOMINAL,NORMAL,0,,74,14.2,4920,3229
1781430453.6548333,30,10,8.6457,0.803,0.023,0.263,NOMINAL,NORMAL,0,,60,12.5,4880,3229
1781430453.7780566,30,10,6.8658,0.846,0.0346,0.371,NOMINAL,NORMAL,0,,60,12.5,4880,3229
1781430453.9051971,30,10,8.7217,1.018,0.0341,0.381,NOMINAL,NORMAL,0,,60,12.5,4880,3229
1781430454.027419,30,10,5.989,0.944,0.0351,0.396,NOMINAL,NORMAL,0,,60,12.5,4880,3229
1781430454.151402,30,10,5.1303,0.982,0.0336,0.393,NOMINAL,NORMAL,0,,60,12.5,4880,3229
1781430454.2806811,30,10,8.9244,1.105,0.0237,0.261,NOMINAL,NORMAL,0,,60,12.5,4880,3229
1781430454.4028642,30,10,6.7234,0.771,0.0234,0.263,NOMINAL,NORMAL,0,,60,12.5,4880,3229
1781430454.5277727,30,10,6.3666,1.06,0.034,0.38,NOMINAL,NORMAL,0,,60,12.5,4880,3229
1781430454.6539547,30,10,7.8255,0.786,0.0237,0.265,NOMINAL,NORMAL,0,,80,13.3,4880,3229
1781430454.7768698,30,10,5.8672,0.912,0.0337,0.377,NOMINAL,NORMAL,0,,80,13.3,4880,3229
1781430454.9052646,30,10,8.7934,0.985,0.0331,0.386,NOMINAL,NORMAL,0,,80,13.3,4880,3229
1781430455.027592,30,10,6.1754,1.033,0.0356,0.395,NOMINAL,NORMAL,0,,80,13.3,4880,3229
1781430455.1509967,30,10,4.646,0.991,0.0356,0.388,NOMINAL,NORMAL,0,,80,13.3,4880,3229
1781430455.2800262,30,10,8.9216,0.767,0.0241,0.267,NOMINAL,NORMAL,0,,80,13.3,4880,3229
1781430455.40182,30,10,5.535,0.942,0.0342,0.363,NOMINAL,NORMAL,0,,80,13.3,4880,3229
1781430455.5302632,30,10,8.7661,1.049,0.0356,0.384,NOMINAL,NORMAL,0,,80,13.3,4880,3229
1781430455.6534653,30,10,7.1189,0.912,0.0344,0.376,NOMINAL,NORMAL,0,,99,13.8,4920,3229
1781430455.7775867,30,10,6.1407,1.01,0.0344,0.37,NOMINAL,NORMAL,0,,99,13.8,4920,3229
1781430455.9014475,30,10,5.2198,1.089,0.0354,0.384,NOMINAL,NORMAL,0,,99,13.8,4920,3229
1781430456.0271094,30,10,5.4397,1.036,0.0367,0.399,NOMINAL,NORMAL,0,,99,13.8,4920,3229
1781430456.1554146,30,10,8.8237,1.101,0.0352,0.39,NOMINAL,NORMAL,0,,99,13.8,4920,3229
1781430456.2792199,30,10,8.1247,0.783,0.0246,0.258,NOMINAL,NORMAL,0,,99,13.8,4920,3229
1781430456.4013138,30,10,5.1145,1.055,0.0348,0.389,NOMINAL,NORMAL,0,,99,13.8,4920,3229
1781430456.5300918,30,10,8.8006,0.992,0.0338,0.376,NOMINAL,NORMAL,0,,99,13.8,4920,3229
1781430456.6527839,30,10,6.3643,0.967,0.0355,0.384,NOMINAL,NORMAL,0,,99,14.7,4880,3229
1781430456.7799652,30,10,8.6109,0.927,0.0291,0.324,NOMINAL,NORMAL,0,,99,14.7,4880,3229
1781430456.9049711,30,10,8.6619,0.989,0.0223,0.265,NOMINAL,NORMAL,0,,99,14.7,4880,3229
1781430457.0273166,30,10,5.8467,0.971,0.035,0.395,NOMINAL,NORMAL,0,,99,14.7,4880,3229
1781430457.1551988,30,10,8.829,1.046,0.0341,0.38,NOMINAL,NORMAL,0,,99,14.7,4880,3229
1781430457.278589,30,10,7.3084,0.824,0.0328,0.4,NOMINAL,NORMAL,0,,99,14.7,4880,3229
1781430457.4016817,30,10,5.4121,0.846,0.0342,0.369,NOMINAL,NORMAL,0,,99,14.7,4880,3229
1781430457.5302525,30,10,8.5185,1.278,0.0353,0.387,NOMINAL,NORMAL,0,,99,14.7,4880,3229
1781430457.6523302,30,10,5.742,1.086,0.034,0.381,NOMINAL,NORMAL,0,,99,13.7,4880,3229
1781430457.7766075,30,10,5.3848,1.034,0.0334,0.377,NOMINAL,NORMAL,0,,99,13.7,4880,3229
1781430457.9042788,30,10,8.2931,0.734,0.0216,0.253,NOMINAL,NORMAL,0,,99,13.7,4880,3229
1781430458.0276947,30,10,6.3751,1.11,0.0336,0.374,NOMINAL,NORMAL,0,,99,13.7,4880,3229
1781430458.155445,30,10,8.817,1.125,0.0353,0.389,NOMINAL,NORMAL,0,,99,13.7,4880,3229
1781430458.277945,30,10,6.6129,0.911,0.0342,0.378,NOMINAL,NORMAL,0,,99,13.7,4880,3229
1781430458.4027722,30,10,6.2627,0.963,0.0355,0.403,NOMINAL,NORMAL,0,,99,13.7,4880,3229
1781430458.530356,30,10,8.8813,1.094,0.0257,0.281,NOMINAL,NORMAL,0,,99,13.7,4880,3229
1781430458.651549,30,10,4.9998,1.119,0.034,0.38,NOMINAL,NORMAL,0,,99,13.8,4920,3229
1781430458.7805247,30,10,8.7849,1.239,0.0329,0.37,NOMINAL,NORMAL,0,,99,13.8,4920,3229
1781430458.9017432,30,10,5.5102,1.123,0.023,0.268,NOMINAL,NORMAL,0,,99,13.8,4920,3229
1781430459.0280943,30,10,6.6578,1.054,0.0367,0.39,NOMINAL,NORMAL,0,,99,13.8,4920,3229
1781430459.155703,30,10,8.8192,1.32,0.0351,0.397,NOMINAL,NORMAL,0,,99,13.8,4920,3229
1781430459.2772002,30,10,5.8541,0.86,0.0339,0.378,NOMINAL,NORMAL,0,,99,13.8,4920,3229
1781430459.4052806,30,10,8.8549,0.981,0.0326,0.365,NOMINAL,NORMAL,0,,99,13.8,4920,3229
1781430459.52966,30,10,8.5264,0.764,0.0225,0.26,NOMINAL,NORMAL,0,,99,13.8,4920,3229
1781430459.6531928,30,10,6.7334,0.974,0.0329,0.381,NOMINAL,NORMAL,0,,99,13.8,4880,3229
1781430459.780133,30,10,8.7306,0.963,0.0316,0.35,NOMINAL,NORMAL,0,,99,13.8,4880,3229
1781430459.9031868,30,10,6.7963,0.923,0.0329,0.371,NOMINAL,NORMAL,0,,99,13.8,4880,3229
1781430460.0272484,30,10,5.7024,1.078,0.0243,0.304,NOMINAL,NORMAL,0,,99,13.8,4880,3229
1781430460.1555686,30,10,8.9974,1.225,0.0226,0.271,NOMINAL,NORMAL,0,,99,13.8,4880,3229
1781430460.2774086,30,10,5.8782,1.023,0.0318,0.373,NOMINAL,NORMAL,0,,99,13.8,4880,3229
1781430460.405813,30,10,8.8266,1.253,0.032,0.375,NOMINAL,NORMAL,0,,99,13.8,4880,3229
1781430460.528778,30,10,7.8562,0.769,0.0234,0.268,NOMINAL,NORMAL,0,,99,13.8,4880,3229
1781430460.6531723,30,10,6.5017,1.107,0.0339,0.387,NOMINAL,NORMAL,0,,80,14.0,4920,3230
1781430460.7806916,30,10,8.9016,1.259,0.0346,0.372,NOMINAL,NORMAL,0,,80,14.0,4920,3230
1781430460.9027848,30,10,6.097,1.154,0.0656,0.418,NOMINAL,NORMAL,0,,80,14.0,4920,3230
1781430461.0303981,30,10,8.9311,1.044,0.0339,0.376,NOMINAL,NORMAL,0,,80,14.0,4920,3230
1781430461.1547751,30,10,8.5328,0.877,0.024,0.267,NOMINAL,NORMAL,0,,80,14.0,4920,3230
1781430461.278547,30,10,7.0918,1.215,0.0348,0.447,NOMINAL,NORMAL,0,,80,14.0,4920,3230
1781430461.4051867,30,10,8.8972,0.928,0.0338,0.361,NOMINAL,NORMAL,0,,80,14.0,4920,3230
1781430461.5284927,30,10,7.0753,0.935,0.0353,0.389,NOMINAL,NORMAL,0,,80,14.0,4920,3230
1781430461.6520581,30,10,5.276,1.303,0.034,0.386,NOMINAL,NORMAL,0,,16,13.3,4880,3230
1781430461.780729,30,10,9.0781,1.04,0.038,0.496,NOMINAL,NORMAL,0,,16,13.3,4880,3230
1781430461.901955,30,10,5.4075,0.888,0.0359,0.524,NOMINAL,NORMAL,0,,16,13.3,4880,3230
1781430462.030553,30,10,8.984,1.028,0.0354,0.424,NOMINAL,NORMAL,0,,16,13.3,4880,3230
1781430462.1541643,30,10,7.9928,0.816,0.0234,0.269,NOMINAL,NORMAL,0,,16,13.3,4880,3230
1781430462.2770965,30,10,6.1325,0.863,0.0344,0.375,NOMINAL,NORMAL,0,,16,13.3,4880,3230
1781430462.4054003,30,10,8.9305,0.989,0.0335,0.369,NOMINAL,NORMAL,0,,16,13.3,4880,3230
1781430462.5282445,30,10,6.7547,1.009,0.0357,0.377,NOMINAL,NORMAL,0,,16,13.3,4880,3230
1781430462.654309,30,10,7.9011,1.091,0.0359,0.386,NOMINAL,NORMAL,0,,28,13.3,4880,3230
1781430462.7801638,30,10,9.054,0.774,0.0229,0.263,NOMINAL,NORMAL,0,,28,13.3,4880,3230
1781430462.902431,30,10,5.8805,1.05,0.0345,0.379,NOMINAL,NORMAL,0,,28,13.3,4880,3230
1781430463.0299368,30,10,8.875,0.83,0.0248,0.28,NOMINAL,NORMAL,0,,28,13.3,4880,3230
1781430463.1533694,30,10,7.323,0.722,0.0195,0.23,NOMINAL,NORMAL,0,,28,13.3,4880,3230
1781430463.278052,30,10,6.4807,1.06,0.0374,0.383,NOMINAL,NORMAL,0,,28,13.3,4880,3230
1781430463.4052832,30,10,8.862,0.935,0.0311,0.346,NOMINAL,NORMAL,0,,28,13.3,4880,3230
1781430463.5269885,30,10,5.6376,0.924,0.0306,0.351,NOMINAL,NORMAL,0,,28,13.3,4880,3230
1781430463.6532006,30,10,6.7276,1.0,0.0312,0.348,NOMINAL,NORMAL,0,,28,13.3,4880,3230
1781430463.7794614,30,10,8.2494,0.803,0.0242,0.261,NOMINAL,NORMAL,0,,43,13.5,4920,3230
1781430463.9016733,30,10,5.4547,1.029,0.0331,0.377,NOMINAL,NORMAL,0,,43,13.5,4920,3230
1781430464.0305853,30,10,8.9116,1.076,0.034,0.436,NOMINAL,NORMAL,0,,43,13.5,4920,3230
1781430464.1536946,30,10,7.1161,1.062,0.0356,0.389,NOMINAL,NORMAL,0,,43,13.5,4920,3230
1781430464.2806213,30,10,8.9881,1.075,0.0342,0.384,NOMINAL,NORMAL,0,,43,13.5,4920,3230
1781430464.4050846,30,10,8.9597,0.718,0.0198,0.221,NOMINAL,NORMAL,0,,43,13.5,4920,3230
1781430464.5264487,30,10,5.0674,0.97,0.0356,0.389,NOMINAL,NORMAL,0,,43,13.5,4920,3230
1781430464.6555655,30,10,8.927,1.1,0.0347,0.388,NOMINAL,NORMAL,0,,43,13.5,4920,3230
1781430464.7787192,30,10,7.496,0.769,0.0258,0.313,NOMINAL,NORMAL,0,,0,13.5,4920,3230
1781430464.9020312,30,10,5.789,0.959,0.0353,0.388,NOMINAL,NORMAL,0,,0,13.5,4920,3230
1781430465.0306895,30,10,9.0336,1.083,0.0357,0.471,NOMINAL,NORMAL,0,,0,13.5,4920,3230
1781430465.1528795,30,10,6.2151,1.313,0.0332,0.363,NOMINAL,NORMAL,0,,0,13.5,4920,3230
1781430465.2774694,30,10,6.0469,1.061,0.035,0.381,NOMINAL,NORMAL,0,,0,13.5,4920,3230
1781430465.404544,30,10,8.5887,0.731,0.0226,0.259,NOMINAL,NORMAL,0,,0,13.5,4920,3230
1781430465.5280857,30,10,6.7614,1.029,0.0348,0.383,NOMINAL,NORMAL,0,,0,13.5,4920,3230
1781430465.6555333,30,10,8.976,1.048,0.0344,0.377,NOMINAL,NORMAL,0,,0,13.5,4920,3230
1781430465.7783244,30,10,6.7351,1.077,0.0283,0.348,NOMINAL,NORMAL,0,,0,13.5,4880,3230
1781430465.9053226,30,10,8.881,0.963,0.0321,0.366,NOMINAL,NORMAL,0,,0,13.5,4880,3230
1781430466.0305822,30,10,8.9731,0.92,0.0235,0.291,NOMINAL,NORMAL,0,,0,13.5,4880,3230
1781430466.1516652,30,10,5.1626,1.021,0.0353,0.387,NOMINAL,NORMAL,0,,0,13.5,4880,3230
1781430466.2809343,30,10,9.2701,1.033,0.035,0.378,NOMINAL,NORMAL,0,,0,13.5,4880,3230
1781430466.4040365,30,10,7.8349,0.878,0.0197,0.241,NOMINAL,NORMAL,0,,0,13.5,4880,3230
1781430466.5294523,30,10,8.2558,1.038,0.0348,0.372,NOMINAL,NORMAL,0,,0,13.5,4880,3230
1781430466.6556232,30,10,9.0246,1.069,0.0352,0.379,NOMINAL,NORMAL,0,,0,13.5,4880,3230
1781430466.7774098,30,10,6.0871,0.83,0.0339,0.362,NOMINAL,NORMAL,0,,7,13.0,4880,3230
1781430466.9056442,30,10,9.0888,1.027,0.0363,0.375,NOMINAL,NORMAL,0,,7,13.0,4880,3230
1781430467.0301087,30,10,8.7127,1.003,0.0238,0.269,NOMINAL,NORMAL,0,,7,13.0,4880,3230
1781430467.152313,30,10,6.3925,0.714,0.0178,0.229,NOMINAL,NORMAL,0,,7,13.0,4880,3230
1781430467.2790885,30,10,7.3288,1.129,0.0348,0.386,NOMINAL,NORMAL,0,,7,13.0,4880,3230
1781430467.4032962,30,10,6.9774,0.811,0.0333,0.364,NOMINAL,NORMAL,0,,7,13.0,4880,3230
1781430467.5284057,30,10,6.7742,1.085,0.035,0.384,NOMINAL,NORMAL,0,,7,13.0,4880,3230
1781430467.655692,30,10,8.9918,1.054,0.0239,0.268,NOMINAL,NORMAL,0,,7,13.0,4880,3230
1781430467.778135,30,10,7.0065,0.74,0.0218,0.254,NOMINAL,NORMAL,0,,0,13.5,4888,3230
1781430467.9018183,30,10,5.5895,1.048,0.0355,0.384,NOMINAL,NORMAL,0,,0,13.5,4888,3230
1781430468.0291293,30,10,8.033,0.773,0.0228,0.268,NOMINAL,NORMAL,0,,0,13.5,4888,3230
1781430468.1521428,30,10,5.9385,1.062,0.0343,0.383,NOMINAL,NORMAL,0,,0,13.5,4888,3230
1781430468.2806273,30,10,9.1036,1.022,0.035,0.392,NOMINAL,NORMAL,0,,0,13.5,4888,3230
1781430468.4026444,30,10,6.3553,0.89,0.0357,0.426,NOMINAL,NORMAL,0,,0,13.5,4888,3230
1781430468.5284808,30,10,6.9633,1.071,0.0363,0.399,NOMINAL,NORMAL,0,,0,13.5,4888,3230
1781430468.655154,30,10,8.9862,0.818,0.0248,0.266,NOMINAL,NORMAL,0,,0,13.5,4888,3230
1781430468.7773833,30,10,6.3223,0.751,0.0232,0.252,NOMINAL,NORMAL,0,,0,13.0,4920,3230
1781430468.9054956,30,10,9.0147,1.014,0.0342,0.376,NOMINAL,NORMAL,0,,0,13.0,4920,3230
1781430469.0286522,30,10,7.2986,0.921,0.0362,0.392,NOMINAL,NORMAL,0,,0,13.0,4920,3230
1781430469.1521354,30,10,5.5923,1.065,0.0339,0.377,NOMINAL,NORMAL,0,,0,13.0,4920,3230
1781430469.280391,30,10,8.9955,1.016,0.0338,0.376,NOMINAL,NORMAL,0,,0,13.0,4920,3230
1781430469.4034243,30,10,7.1646,0.839,0.024,0.27,NOMINAL,NORMAL,0,,0,13.0,4920,3230
1781430469.5307498,30,10,9.1357,1.034,0.0341,0.433,NOMINAL,NORMAL,0,,0,13.0,4920,3230
1781430469.6544125,30,10,8.2652,0.805,0.0243,0.262,NOMINAL,NORMAL,0,,0,13.0,4920,3230
1781430469.7775047,30,10,6.4069,0.913,0.035,0.388,NOMINAL,NORMAL,0,,0,12.8,4920,3230
1781430469.90559,30,10,9.0763,1.009,0.0345,0.383,NOMINAL,NORMAL,0,,0,12.8,4920,3230
1781430470.0282073,30,10,6.6312,1.084,0.0363,0.396,NOMINAL,NORMAL,0,,0,12.8,4920,3230
1781430470.151858,30,10,5.2592,1.119,0.0355,0.383,NOMINAL,NORMAL,0,,0,12.8,4920,3230
1781430470.2792337,30,10,7.3769,1.358,0.0347,0.414,NOMINAL,NORMAL,0,,0,12.8,4920,3230
1781430470.402143,30,10,6.0296,0.71,0.0238,0.245,NOMINAL,NORMAL,0,,0,12.8,4920,3230
1781430470.5286756,30,10,7.2736,1.182,0.0369,0.412,NOMINAL,NORMAL,0,,0,12.8,4920,3230
1781430470.6542146,30,10,7.4725,1.259,0.0349,0.396,NOMINAL,NORMAL,0,,0,12.8,4920,3230
1781430470.779624,30,10,8.1534,1.297,0.0354,0.391,NOMINAL,NORMAL,0,,0,13.8,4888,3230
1781430470.9025407,30,10,5.9252,1.01,0.0347,0.437,NOMINAL,NORMAL,0,,0,13.8,4888,3230
1781430471.0273921,30,10,5.7465,0.966,0.0346,0.393,NOMINAL,NORMAL,0,,0,13.8,4888,3230
1781430471.155689,30,10,9.0567,1.103,0.0348,0.396,NOMINAL,NORMAL,0,,0,13.8,4888,3230
1781430471.2794836,30,10,8.5603,0.725,0.0231,0.256,NOMINAL,NORMAL,0,,0,13.8,4888,3230
1781430471.4022205,30,10,5.6561,1.321,0.0344,0.393,NOMINAL,NORMAL,0,,0,13.8,4888,3230
1781430471.5308557,30,10,9.1969,1.086,0.0362,0.44,NOMINAL,NORMAL,0,,0,13.8,4888,3230
1781430471.6535256,30,10,6.7823,1.239,0.0334,0.391,NOMINAL,NORMAL,0,,0,13.8,4888,3230
1781430471.7806528,30,10,9.1369,1.05,0.035,0.404,NOMINAL,NORMAL,0,,73,14.3,4920,3230
1781430471.9053376,30,10,9.0552,0.883,0.0232,0.258,NOMINAL,NORMAL,0,,73,14.3,4920,3230
1781430472.0267465,30,10,5.1257,1.149,0.0337,0.42,NOMINAL,NORMAL,0,,73,14.3,4920,3230
1781430472.1540344,30,10,7.7445,1.105,0.0348,0.392,NOMINAL,NORMAL,0,,73,14.3,4920,3230
1781430472.2788882,30,10,7.8036,0.771,0.0346,0.368,NOMINAL,NORMAL,0,,73,14.3,4920,3230
1781430472.402119,30,10,6.064,0.951,0.0351,0.391,NOMINAL,NORMAL,0,,73,14.3,4920,3230
1781430472.5308616,30,10,9.2316,1.25,0.0358,0.441,NOMINAL,NORMAL,0,,73,14.3,4920,3230
1781430472.6529346,30,10,6.5163,1.051,0.0348,0.372,NOMINAL,NORMAL,0,,73,14.3,4920,3230
1781430472.7771096,30,10,5.789,1.038,0.0343,0.378,NOMINAL,NORMAL,0,,79,13.5,4920,3230
1781430472.9047782,30,10,8.6588,0.746,0.0222,0.255,NOMINAL,NORMAL,0,,79,13.5,4920,3230
1781430473.0285234,30,10,6.9108,1.297,0.0328,0.391,NOMINAL,NORMAL,0,,79,13.5,4920,3230
1781430473.1556318,30,10,9.0888,1.063,0.0319,0.376,NOMINAL,NORMAL,0,,79,13.5,4920,3230
1781430473.2794404,30,10,6.3322,1.015,0.0333,0.372,NOMINAL,NORMAL,0,,79,13.5,4920,3230
1781430473.7830253,30,10,9.3404,1.859,0.0441,0.495,NOMINAL,NORMAL,0,,0,9.0,4617,3230
1781430474.279643,30,10,5.8794,1.481,0.0334,0.38,NOMINAL,NORMAL,0,,0,9.0,4617,3230
1781430474.783129,30,10,9.2697,1.858,0.0464,0.518,NOMINAL,NORMAL,0,,0,5.0,4425,3230
1781430475.2791536,30,10,5.3446,1.546,0.0243,0.273,NOMINAL,NORMAL,0,,0,5.0,4425,3230
1781430475.782801,30,10,9.3103,1.483,0.0444,0.526,NOMINAL,NORMAL,0,,7,4.7,4425,3230
1781430476.2781374,30,10,5.2962,1.01,0.0229,0.25,NOMINAL,NORMAL,0,,7,4.7,4425,3230
1781430476.7828429,30,10,9.4088,1.501,0.0348,0.449,NOMINAL,NORMAL,0,,0,4.0,4346,3230
1781430477.2782795,30,10,5.2499,1.194,0.0346,0.392,NOMINAL,NORMAL,0,,0,4.0,4346,3230
1781430477.7822976,30,10,8.9958,1.485,0.0354,0.398,NOMINAL,NORMAL,0,,0,4.8,4385,3230
1781430478.28299,30,10,9.3928,1.44,0.0435,0.547,NOMINAL,NORMAL,0,,0,4.8,4385,3230
1781430478.781898,30,10,7.992,1.532,0.0328,0.396,NOMINAL,NORMAL,0,,0,4.8,4425,3230
1781430479.2806225,30,10,7.5678,1.256,0.0337,0.379,NOMINAL,NORMAL,0,,0,4.8,4425,3230
1781430479.7807972,30,10,7.5104,1.09,0.0325,0.355,NOMINAL,NORMAL,0,,0,4.2,4346,3230
1781430480.2811494,30,10,7.7582,1.338,0.0349,0.442,NOMINAL,NORMAL,0,,0,4.2,4346,3230
1781430480.7805157,30,10,6.5905,1.479,0.0361,0.408,NOMINAL,NORMAL,0,,0,5.0,4385,3230
1781430481.282471,30,10,9.2456,1.471,0.0442,0.483,NOMINAL,NORMAL,0,,0,5.0,4385,3230
1781430481.7790868,30,10,5.9132,1.115,0.0349,0.386,NOMINAL,NORMAL,0,,0,5.0,4385,3230
1781430482.2829337,30,10,9.2055,1.72,0.0431,0.538,NOMINAL,NORMAL,0,,0,5.0,4385,3230
1781430482.779445,30,10,5.8777,1.135,0.0301,0.339,NOMINAL,NORMAL,0,,0,4.2,4346,3230
1781430483.2829103,30,10,9.3521,1.474,0.0467,0.544,NOMINAL,NORMAL,0,,0,4.2,4346,3230
1781430483.778695,30,10,5.6312,0.908,0.0253,0.33,NOMINAL,NORMAL,0,,0,4.2,4346,3230
1781430484.2832315,30,10,9.5339,1.823,0.0342,0.401,NOMINAL,NORMAL,0,,0,6.3,4465,3230
1781430484.7799335,30,10,5.3783,0.941,0.0346,2.23,PRE_ALERT,TRIGGERED,1,PD3A-OU|PD3A-OUT|PD1A-OUT,0,6.3,4465,3230
1781430485.2832723,30,10,9.4115,1.556,0.0364,0.423,PRE_ALERT,TRIGGERED,2,PD3A-OU|PD3A-OUT|PD1A-OUT,0,4.8,4425,3230
1781430485.781409,30,10,6.7611,1.067,0.0356,2.172,ALERT,TRIGGERED,3,PD3A-OU|PD3A-OUT|PD1A-OUT,0,4.8,4425,3230
1781430486.2818902,30,10,8.4961,1.341,0.0378,0.414,ALERT,TRIGGERED,3,PD3A-OU|PD3A-OUT|PD1A-OUT,0,5.0,4385,3230
1781430486.782265,30,10,8.2726,1.167,0.0371,0.407,ALERT,TRIGGERED,3,PD3A-OU|PD3A-OUT|PD1A-OUT,0,5.0,4385,3230
1781430487.28078,30,10,7.6897,1.038,0.0347,0.41,ALERT,TRIGGERED,3,PD3A-OU|PD3A-OUT|PD1A-OUT,7,14.8,4848,3230
1781430487.783044,30,10,10.0875,1.212,0.0365,0.439,ALERT,TRIGGERED,3,PD3A-OU|PD3A-OUT|PD1A-OUT,7,14.8,4848,3230
1781430488.2804205,30,10,6.8681,1.207,0.0365,0.417,ALERT,TRIGGERED,3,PD3A-OU|PD3A-OUT|PD1A-OUT,0,12.8,4848,3230
1781430488.7825165,30,10,9.3207,1.156,0.0336,0.4,ALERT,TRIGGERED,3,PD3A-OU|PD3A-OUT,0,12.8,4848,3230
1781430489.2808893,30,10,8.0486,0.889,0.0242,0.286,ALERT,TRIGGERED,3,PD3A-OU|PD3A-OUT,0,11.2,4809,3230
1781430489.7824466,30,10,9.3602,1.137,0.0381,0.41,ALERT,TRIGGERED,3,PD3A-OU|PD1A-OUT,0,11.2,4809,3230
1781430490.280885,30,10,7.509,1.328,0.0357,0.416,ALERT,TRIGGERED,3,PD3A-OU|PD3A-OUT|PD1A-OUT,0,10.5,4769,3230
1781430490.782955,30,10,9.5135,1.192,0.0346,0.408,ALERT,TRIGGERED,3,PD3A-OU,0,10.5,4769,3230
1781430491.2802813,30,10,7.008,1.351,0.0359,0.401,ALERT,TRIGGERED,3,PD3A-OU,0,11.3,4769,3230
1781430491.7819562,30,10,8.7773,1.157,0.0268,0.315,ALERT,TRIGGERED,3,PD3A-OU|PD3A-OUT,0,11.3,4769,3230
1781430492.2802956,30,10,6.8811,1.36,0.0374,0.414,ALERT,TRIGGERED,3,PD3A-OU,99,11.3,4769,3230
1781430492.7843158,30,10,9.226,0.873,0.0252,1.996,NOMINAL,NORMAL,0,,99,11.3,4769,3230
1781430493.280527,30,10,6.9731,1.352,0.0361,0.395,NOMINAL,NORMAL,0,,99,10.7,4809,3230
1781430493.7823226,30,10,8.6307,1.212,0.0335,0.393,NOMINAL,NORMAL,0,,99,10.7,4809,3230
1781430494.2807572,30,10,7.4658,1.292,0.0366,0.39,NOMINAL,NORMAL,0,,76,3.7,4425,3230
1781430494.7812464,30,10,8.0095,1.285,0.0308,0.348,NOMINAL,NORMAL,0,,76,3.7,4425,3230
1781430495.2825649,30,10,8.7028,1.628,0.0475,0.553,NOMINAL,NORMAL,0,,99,3.2,4385,3230
1781430495.780739,30,10,7.3681,1.353,0.0337,0.376,NOMINAL,NORMAL,0,,99,3.2,4385,3230
1781430496.2830405,30,10,9.6608,1.485,0.0464,0.573,NOMINAL,NORMAL,0,,99,3.3,4385,3230
1781430496.7799742,30,10,6.5834,1.176,0.0357,0.38,NOMINAL,NORMAL,0,,99,3.3,4385,3230
1781430497.283257,30,10,9.4696,1.834,0.0444,0.505,NOMINAL,NORMAL,0,,99,3.8,4425,3230
1781430497.7788167,30,10,5.8954,1.013,0.0293,0.366,NOMINAL,NORMAL,0,,99,3.8,4425,3230
1781430498.2829385,30,10,9.5207,1.443,0.046,0.537,NOMINAL,NORMAL,0,,99,4.3,4425,3230
1781430498.7811193,30,10,8.2938,1.096,0.0344,0.378,NOMINAL,NORMAL,0,,99,4.3,4425,3230
1781430499.2830184,30,10,9.6611,1.401,0.0354,0.398,NOMINAL,NORMAL,0,,76,3.2,4465,3230
1781430499.7778807,30,10,5.3485,0.795,0.0229,0.328,NOMINAL,NORMAL,0,,76,3.2,4465,3230
1781430500.2827997,30,10,9.5374,1.245,0.0371,0.432,NOMINAL,NORMAL,0,,99,4.0,4425,3230
1781430500.7785876,30,10,5.9382,0.969,0.0347,0.412,NOMINAL,NORMAL,0,,99,4.0,4425,3230
1781430501.2818904,30,10,8.7398,1.211,0.033,0.384,NOMINAL,NORMAL,0,,13,3.8,4425,3230
1781430501.7807276,30,10,7.8249,1.041,0.0366,0.385,NOMINAL,NORMAL,0,,13,3.8,4425,3230
1781430502.2817383,30,10,8.12,1.227,0.0355,0.379,NOMINAL,NORMAL,0,,7,3.2,4505,3230
1781430502.7815957,30,10,8.5229,1.212,0.0491,0.515,NOMINAL,NORMAL,0,,7,3.2,4505,3230
1781430503.2811658,30,10,7.3796,1.495,0.0358,0.381,NOMINAL,NORMAL,0,,0,4.0,4465,3230
1781430503.783431,30,10,9.6168,1.726,0.0457,0.479,NOMINAL,NORMAL,0,,0,4.0,4465,3230
1781430504.2801127,30,10,6.5489,1.283,0.0339,0.37,NOMINAL,NORMAL,0,,8,3.8,4425,3230
1781430504.7826984,30,10,9.0614,1.433,0.0483,0.53,NOMINAL,NORMAL,0,,8,3.8,4425,3230
1781430505.2796154,30,10,5.5578,1.266,0.0354,0.395,NOMINAL,NORMAL,0,,0,4.2,4465,3230
1781430505.7827146,30,10,9.2303,1.449,0.0441,0.574,NOMINAL,NORMAL,0,,0,4.2,4465,3230
1781430506.2786777,30,10,5.3643,1.173,0.0325,0.348,NOMINAL,NORMAL,0,,0,4.0,4465,3231
1781430506.7827802,30,10,9.2616,1.66,0.0737,0.462,NOMINAL,NORMAL,0,,0,4.0,4465,3231
1781430507.2783601,30,10,5.3106,1.024,0.0341,0.385,NOMINAL,NORMAL,0,,0,4.0,4465,3231
1781430507.7827976,30,10,9.4265,1.556,0.0362,0.417,NOMINAL,NORMAL,0,,0,4.0,4465,3231
1781430508.2783968,30,10,5.2416,1.15,0.0352,0.391,NOMINAL,NORMAL,0,,0,4.2,4505,3231
1781430508.7820156,30,10,8.6831,1.52,0.0321,0.382,NOMINAL,NORMAL,0,,0,4.2,4505,3231
1781430509.2805426,30,10,7.1789,1.338,0.0346,0.391,NOMINAL,NORMAL,0,,0,4.8,4465,3231
1781430509.7815444,30,10,7.928,1.43,0.0323,0.365,NOMINAL,NORMAL,0,,0,4.8,4465,3231
1781430510.281767,30,10,8.1577,1.426,0.046,0.51,NOMINAL,NORMAL,0,,21,4.3,4465,3231
1781430510.7809062,30,10,6.967,1.43,0.0348,0.384,NOMINAL,NORMAL,0,,21,4.3,4465,3231
1781430511.282587,30,10,8.8546,1.786,0.049,0.554,NOMINAL,NORMAL,0,,0,4.2,4465,3231
1781430511.7799604,30,10,6.393,1.225,0.0349,0.381,NOMINAL,NORMAL,0,,0,4.2,4465,3231
1781430512.2830157,30,10,9.1954,1.756,0.0465,0.538,NOMINAL,NORMAL,0,,0,3.8,4465,3231
1781430512.779701,30,10,5.6711,1.451,0.0334,0.375,NOMINAL,NORMAL,0,,0,3.8,4465,3231
1781430513.2830625,30,10,9.2806,1.81,0.0454,0.504,NOMINAL,NORMAL,0,,0,3.7,4465,3231
1781430513.7788007,30,10,5.3809,1.191,0.0226,0.346,NOMINAL,NORMAL,0,,0,3.7,4465,3231
1781430514.282932,30,10,9.229,1.821,0.0374,0.412,NOMINAL,NORMAL,0,,0,4.8,4425,3231
1781430514.778463,30,10,5.4042,0.834,0.0324,0.351,NOMINAL,NORMAL,0,,0,4.8,4425,3231
1781430515.2827835,30,10,9.3476,1.305,0.0593,0.424,NOMINAL,NORMAL,0,,0,4.3,4425,3231
1781430515.7791178,30,10,5.4897,1.379,0.035,0.394,NOMINAL,NORMAL,0,,0,4.3,4425,3231
1781430516.2820451,30,10,8.8207,1.455,0.0331,0.382,NOMINAL,NORMAL,0,,0,4.3,4465,3231
1781430516.779823,30,10,6.4161,1.316,0.0356,0.384,NOMINAL,NORMAL,0,,0,4.3,4465,3231
1781430517.2819777,30,10,7.7288,1.542,0.0339,0.397,NOMINAL,NORMAL,0,,0,4.5,4465,3231
1781430517.7815228,30,10,8.1128,1.055,0.0435,0.47,NOMINAL,NORMAL,0,,0,4.5,4465,3231
1781430518.2808475,30,10,7.138,1.129,0.0351,0.377,NOMINAL,NORMAL,0,,0,4.3,4465,3231
1781430518.779785,30,10,6.6414,1.103,0.0348,0.385,NOMINAL,NORMAL,0,,0,4.3,4465,3231
1781430519.2802286,30,10,6.3212,1.187,0.0334,0.471,NOMINAL,NORMAL,0,,0,4.3,4465,3231
1781430519.782661,30,10,9.2244,1.533,0.0477,0.546,NOMINAL,NORMAL,0,,0,4.3,4465,3231
1781430520.2795527,30,10,5.7708,1.207,0.0364,0.376,NOMINAL,NORMAL,0,,0,4.8,4465,3231
1781430520.7828553,30,10,9.1746,1.436,0.0882,0.547,NOMINAL,NORMAL,0,,0,4.8,4465,3231
1781430521.2788143,30,10,5.4134,1.142,0.0348,0.398,NOMINAL,NORMAL,0,,0,4.0,4425,3231
1781430521.7830262,30,10,9.2369,1.484,0.0377,0.628,NOMINAL,NORMAL,0,,0,4.0,4425,3231
1781430522.2781808,30,10,5.2493,0.888,0.023,0.261,NOMINAL,NORMAL,0,,0,4.7,4465,3231
1781430522.7826438,30,10,9.3951,1.31,0.0348,0.414,NOMINAL,NORMAL,0,,0,4.7,4465,3231
1781430523.278464,30,10,5.3019,1.029,0.0361,0.372,NOMINAL,NORMAL,0,,0,5.0,4465,3231
1781430523.7817643,30,10,8.8049,1.189,0.0371,0.384,NOMINAL,NORMAL,0,,0,5.0,4465,3231
1781430524.2798538,30,10,6.5742,1.09,0.0351,0.384,NOMINAL,NORMAL,0,,0,4.2,4465,3231
1781430524.7818131,30,10,8.0135,1.453,0.0319,0.393,NOMINAL,NORMAL,0,,0,4.2,4465,3231
1781430525.2808337,30,10,7.7177,1.082,0.0361,0.382,NOMINAL,NORMAL,0,,0,4.7,4425,3231
1781430525.781012,30,10,7.2712,1.23,0.037,0.385,NOMINAL,NORMAL,0,,0,4.7,4425,3231
1781430526.2821798,30,10,8.4697,1.728,0.0448,0.49,NOMINAL,NORMAL,0,,0,5.0,4465,3231
1781430526.7802992,30,10,6.5093,1.154,0.033,0.466,NOMINAL,NORMAL,0,,0,5.0,4465,3231
1781430527.2826781,30,10,9.2641,1.458,0.0472,0.529,NOMINAL,NORMAL,0,,0,4.5,4425,3231
1781430527.7797728,30,10,5.8104,1.286,0.0368,0.39,NOMINAL,NORMAL,0,,0,4.5,4425,3231
1781430528.2828171,30,10,9.2923,1.493,0.0478,0.542,NOMINAL,NORMAL,0,,0,4.2,4425,3231
1781430528.7794538,30,10,5.4234,1.587,0.0251,0.315,NOMINAL,NORMAL,0,,0,4.2,4425,3231
1781430529.2832747,30,10,9.2584,1.768,0.037,0.565,NOMINAL,NORMAL,0,,0,4.3,4465,3231
1781430529.7785633,30,10,5.3398,1.154,0.0246,0.3,NOMINAL,NORMAL,0,,0,4.3,4465,3231
1781430530.2832947,30,10,9.5166,1.656,0.0355,0.408,NOMINAL,NORMAL,0,,0,4.2,4425,3231
1781430530.7786946,30,10,5.3931,1.228,0.0362,0.462,NOMINAL,NORMAL,0,,0,4.2,4425,3231
1781430531.2825346,30,10,9.1076,1.512,0.0332,0.414,NOMINAL,NORMAL,0,,0,4.5,4425,3231
1781430531.7783833,30,10,5.2892,0.979,0.0361,0.394,NOMINAL,NORMAL,0,,0,4.5,4425,3231
1781430532.282079,30,10,8.1305,1.419,0.0329,0.37,NOMINAL,NORMAL,0,,0,4.7,4425,3231
1781430532.7810826,30,10,7.8158,1.081,0.036,0.395,NOMINAL,NORMAL,0,,0,4.7,4425,3231
1781430533.2812262,30,10,7.3102,1.21,0.0355,0.37,NOMINAL,NORMAL,0,,0,4.7,4425,3231
1781430533.7797184,30,10,6.6169,1.074,0.036,0.385,NOMINAL,NORMAL,0,,0,4.7,4425,3231
1781430534.2808821,30,10,6.5048,1.503,0.0375,0.511,NOMINAL,NORMAL,0,,0,4.2,4425,3231
1781430534.782622,30,10,9.2648,1.578,0.0498,0.553,NOMINAL,NORMAL,0,,0,4.2,4425,3231
1781430535.2800057,30,10,5.9068,1.318,0.0364,0.384,NOMINAL,NORMAL,0,,0,4.3,4465,3231
1781430535.7828262,30,10,9.2292,1.478,0.0449,0.555,NOMINAL,NORMAL,0,,0,4.3,4465,3231
1781430536.2794344,30,10,5.4343,1.524,0.0358,0.39,NOMINAL,NORMAL,0,,0,4.8,4425,3231
1781430536.7832465,30,10,9.3085,1.823,0.049,0.619,NOMINAL,NORMAL,0,,0,4.8,4425,3231
1781430537.2786574,30,10,5.2802,1.015,0.0242,0.291,NOMINAL,NORMAL,0,,0,3.8,4385,3231
1781430537.7828221,30,10,9.3349,1.527,0.0371,0.452,NOMINAL,NORMAL,0,,0,3.8,4385,3231
1781430538.2787554,30,10,5.3074,1.184,0.0361,0.432,NOMINAL,NORMAL,0,,0,4.3,4385,3231
1781430538.7825484,30,10,9.1965,1.493,0.0349,0.436,NOMINAL,NORMAL,0,,0,4.3,4385,3231
1781430539.2798111,30,10,6.2447,1.513,0.0333,0.395,NOMINAL,NORMAL,0,,0,4.8,4385,3231
1781430539.7814753,30,10,8.2857,1.183,0.0357,0.366,NOMINAL,NORMAL,0,,0,4.8,4385,3231
1781430540.2818763,30,10,8.125,1.178,0.0364,0.409,NOMINAL,NORMAL,0,,0,4.3,4425,3231
1781430540.7811723,30,10,7.4675,1.274,0.0378,0.392,NOMINAL,NORMAL,0,,0,4.3,4425,3231
1781430541.2825916,30,10,8.5986,1.49,0.046,0.525,NOMINAL,NORMAL,0,,0,5.0,4425,3231
1781430541.7805219,30,10,6.695,1.267,0.0342,0.382,NOMINAL,NORMAL,0,,0,5.0,4425,3231
1781430542.2827044,30,10,9.1328,1.589,0.0506,0.54,NOMINAL,NORMAL,0,,0,4.5,4425,3231
1781430542.779898,30,10,5.9736,1.304,0.0368,0.379,NOMINAL,NORMAL,0,,0,4.5,4425,3231
1781430543.2827597,30,10,9.1487,1.555,0.0485,0.539,NOMINAL,NORMAL,0,,37,4.3,4425,3231
1781430543.7794497,30,10,5.6156,1.31,0.0365,0.398,NOMINAL,NORMAL,0,,37,4.3,4425,3231
1781430544.2828627,30,10,9.1187,1.498,0.0825,0.549,NOMINAL,NORMAL,0,,0,6.3,4465,3231
1781430544.778759,30,10,5.2998,1.142,0.024,0.269,NOMINAL,NORMAL,0,,0,6.3,4465,3231
1781430545.2830744,30,10,9.4011,1.663,0.043,0.433,NOMINAL,NORMAL,0,,0,5.5,4425,3231
1781430545.7781315,30,10,5.2529,0.835,0.0354,0.383,NOMINAL,NORMAL,0,,0,5.5,4425,3231
1781430546.282501,30,10,9.3067,1.308,0.0349,0.397,NOMINAL,NORMAL,0,,8,4.3,4425,3231
1781430546.7782738,30,10,5.2905,0.996,0.0367,0.398,NOMINAL,NORMAL,0,,8,4.3,4425,3231
1781430547.2821438,30,10,8.4133,1.185,0.0343,0.376,NOMINAL,NORMAL,0,,0,5.0,4385,3231
1781430547.7804997,30,10,7.2496,1.076,0.0367,0.386,NOMINAL,NORMAL,0,,0,5.0,4385,3231
1781430548.2812803,30,10,7.5708,1.26,0.0367,0.39,NOMINAL,NORMAL,0,,0,4.7,4385,3231
1781430548.7817547,30,10,8.1844,1.467,0.0474,0.502,NOMINAL,NORMAL,0,,0,4.7,4385,3231
1781430549.2807715,30,10,6.9582,1.291,0.0374,0.382,NOMINAL,NORMAL,0,,4,4.7,4385,3231
1781430549.782906,30,10,9.3187,1.539,0.0502,0.556,NOMINAL,NORMAL,0,,4,4.7,4385,3231
1781430550.2805786,30,10,6.1981,1.402,0.036,0.398,NOMINAL,NORMAL,0,,0,5.0,4385,3232
1781430550.7828035,30,10,9.1836,1.567,0.0475,0.554,NOMINAL,NORMAL,0,,0,5.0,4385,3232
1781430551.2794838,30,10,5.6299,1.31,0.0366,0.391,NOMINAL,NORMAL,0,,0,4.5,4385,3232
1781430551.782847,30,10,9.2022,1.441,0.0872,0.539,NOMINAL,NORMAL,0,,0,4.5,4385,3232
1781430552.2789388,30,10,5.4306,1.18,0.0244,0.273,NOMINAL,NORMAL,0,,0,4.5,4385,3232
1781430552.7829087,30,10,9.3549,1.626,0.0373,0.433,NOMINAL,NORMAL,0,,0,4.5,4385,3232
1781430553.278559,30,10,5.7221,0.823,0.0257,0.359,NOMINAL,NORMAL,0,,0,4.3,4346,3232
1781430553.7827601,30,10,9.3691,1.316,0.0604,0.416,NOMINAL,NORMAL,0,,0,4.3,4346,3232
1781430554.2782445,30,10,5.317,0.934,0.0364,0.392,NOMINAL,NORMAL,0,,0,5.0,4385,3232
1781430554.7820814,30,10,8.4815,1.232,0.0369,0.377,NOMINAL,NORMAL,0,,0,5.0,4385,3232
1781430555.2804034,30,10,7.2263,1.101,0.035,0.396,NOMINAL,NORMAL,0,,0,4.3,4346,3232
1781430555.7815356,30,10,7.8333,1.235,0.0338,0.37,NOMINAL,NORMAL,0,,0,4.3,4346,3232
1781430556.2814858,30,10,8.1065,1.31,0.0476,0.509,NOMINAL,NORMAL,0,,0,4.8,4385,3232
1781430556.7807868,30,10,6.851,1.223,0.0375,0.386,NOMINAL,NORMAL,0,,0,4.8,4385,3232
1781430557.281647,30,10,8.1406,1.443,0.0501,0.497,NOMINAL,NORMAL,0,,0,4.0,4385,3232
1781430557.7799911,30,10,6.3416,1.189,0.0364,0.48,NOMINAL,NORMAL,0,,0,4.0,4385,3232
1781430558.282326,30,10,8.993,1.497,0.046,0.493,NOMINAL,NORMAL,0,,0,4.7,4346,3232
1781430558.7794788,30,10,5.8221,1.26,0.0352,0.378,NOMINAL,NORMAL,0,,0,4.7,4346,3232
1781430559.2824233,30,10,9.0573,1.428,0.0459,0.48,NOMINAL,NORMAL,0,,0,4.7,4346,3232
1781430559.7787657,30,10,5.293,1.222,0.0362,0.391,NOMINAL,NORMAL,0,,0,4.7,4346,3232
1781430560.2836137,30,10,9.73,1.462,0.0426,0.413,NOMINAL,NORMAL,0,,0,4.7,4385,3232
1781430560.7782109,30,10,5.2425,0.79,0.0243,0.287,NOMINAL,NORMAL,0,,0,4.7,4385,3232
1781430561.2824028,30,10,9.3248,1.236,0.0371,0.386,NOMINAL,NORMAL,0,,0,4.0,4346,3232
1781430561.778344,30,10,5.2309,0.99,0.0376,0.395,NOMINAL,NORMAL,0,,0,4.0,4346,3232
1781430562.281902,30,10,8.5562,1.141,0.0327,0.357,NOMINAL,NORMAL,0,,0,5.0,4346,3232
1781430562.7799892,30,10,6.8496,1.126,0.0343,0.388,NOMINAL,NORMAL,0,,0,5.0,4346,3232
1781430563.2793908,30,10,5.9111,1.233,0.0341,0.38,NOMINAL,NORMAL,0,,0,5.0,4346,3232
1781430563.7820735,30,10,8.2011,1.477,0.0461,0.506,NOMINAL,NORMAL,0,,0,4.5,4385,3232
1781430564.2810109,30,10,7.1978,1.208,0.0328,0.384,NOMINAL,NORMAL,0,,0,4.5,4385,3232
1781430564.7825506,30,10,8.886,1.591,0.0487,0.559,NOMINAL,NORMAL,0,,0,4.3,4385,3232
1781430565.280218,30,10,6.7733,1.27,0.0375,0.493,NOMINAL,NORMAL,0,,0,4.3,4385,3232
1781430565.782667,30,10,9.1924,1.57,0.0461,0.547,NOMINAL,NORMAL,0,,0,4.7,4385,3232
1781430566.2794724,30,10,5.8437,1.33,0.0359,0.397,NOMINAL,NORMAL,0,,0,4.7,4385,3232
1781430566.7832658,30,10,9.3302,1.906,0.0468,0.513,NOMINAL,NORMAL,0,,0,4.8,4385,3232
1781430567.279236,30,10,5.501,1.533,0.0226,0.269,NOMINAL,NORMAL,0,,0,4.8,4385,3232
1781430567.7809393,30,10,7.2403,1.574,0.0332,0.39,NOMINAL,NORMAL,0,,0,4.8,4385,3232
1781430568.2785263,30,10,5.2494,1.116,0.0227,0.283,NOMINAL,NORMAL,0,,0,4.8,4385,3232
1781430568.7827327,30,10,9.413,1.367,0.0341,0.423,NOMINAL,NORMAL,0,,0,4.3,4346,3232
1781430569.2802656,30,10,5.7394,1.541,0.0358,1.52,PRE_ALERT,TRIGGERED,1,PD3A-OU|PD3A-OUT|PD1A-OUT,0,4.3,4346,3232
1781430569.7825627,30,10,9.0789,1.552,0.0361,0.42,PRE_ALERT,TRIGGERED,2,PD3A-OU|PD3A-OUT|PD1A-OUT|PD2A-OU,0,4.7,4385,3232
1781430570.2826078,30,10,7.1847,1.365,0.0353,2.116,ALERT,TRIGGERED,3,PD3A-OU|PD3A-OUT|PD1A-OUT|PD2A-OU,0,4.7,4385,3232
1781430570.7824147,30,10,8.5427,1.614,0.0351,0.393,ALERT,TRIGGERED,3,PD3A-OU|PD3A-OUT|PD1A-OUT|PD2A-OU,0,4.7,4385,3232
1781430571.2815454,30,10,8.0605,1.245,0.0454,0.518,ALERT,TRIGGERED,3,PD3A-OU|PD3A-OUT|PD1A-OUT|PD2A-OU,0,4.7,4385,3232
1781430571.7813213,30,10,7.3798,1.545,0.0334,0.391,ALERT,TRIGGERED,3,PD3A-OU|PD3A-OUT|PD1A-OUT|PD2A-OU,0,4.7,4385,3232
1781430572.2804544,30,10,7.2166,1.332,0.0347,0.405,ALERT,TRIGGERED,3,PD3A-OU|PD3A-OUT|PD1A-OUT|PD2A-OU,0,4.7,4385,3232
1781430572.78057,30,10,6.575,1.538,0.0344,0.397,ALERT,TRIGGERED,3,PD3A-OU|PD3A-OUT|PD1A-OUT|PD2A-OU,55,4.0,4425,3232
1781430573.282936,30,10,9.2724,1.902,0.0496,0.553,ALERT,TRIGGERED,3,PD3A-OU|PD3A-OUT|PD1A-OUT|PD2A-OU,55,4.0,4425,3232
1781430573.7796488,30,10,5.9852,1.266,0.0357,0.39,ALERT,TRIGGERED,3,PD3A-OU|PD3A-OUT|PD1A-OUT|PD2A-OU,41,4.7,4385,3232
1781430574.2830377,30,10,9.3315,1.775,0.0465,0.557,ALERT,TRIGGERED,3,PD3A-OU|PD3A-OUT|PD1A-OUT|PD2A-OU,41,4.7,4385,3232
1781430574.779368,30,10,5.3931,1.374,0.0376,0.421,ALERT,TRIGGERED,3,PD3A-OU|PD3A-OUT|PD1A-OUT|PD2A-OU,99,4.8,4385,3232
1781430575.2783625,30,10,5.3168,1.018,0.0352,0.413,ALERT,TRIGGERED,3,PD3A-OU|PD3A-OUT|PD1A-OUT|PD2A-OU,99,4.8,4385,3232
1781430575.7783654,30,10,5.3593,0.922,0.0244,0.272,ALERT,TRIGGERED,3,PD3A-OU|PD3A-OUT|PD1A-OUT|PD2A-OU,99,4.5,4465,3232
1781430576.2826793,30,10,9.366,1.411,0.0346,0.431,ALERT,TRIGGERED,3,PD3A-OU|PD3A-OUT|PD1A-OUT|PD2A-OU,99,4.5,4465,3232
1781430576.7793632,30,10,5.6944,1.144,0.033,0.371,ALERT,TRIGGERED,3,PD3A-OU|PD3A-OUT|PD1A-OUT|PD2A-OU,99,5.0,4425,3232
1781430577.282455,30,10,9.1054,1.246,0.0337,0.378,ALERT,TRIGGERED,3,PD3A-OU|PD3A-OUT|PD1A-OUT|PD2A-OU,99,5.0,4425,3232
1781430577.7783136,30,10,5.2742,1.139,0.0338,0.394,ALERT,TRIGGERED,3,PD3A-OU|PD3A-OUT|PD1A-OUT|PD2A-OU,99,4.5,4465,3232
1781430578.2819324,30,10,8.1278,1.211,0.0334,0.402,ALERT,TRIGGERED,3,PD3A-OU|PD3A-OUT|PD1A-OUT|PD2A-OU,99,4.5,4465,3232
1781430578.7812738,30,10,7.9077,1.297,0.0354,0.398,ALERT,TRIGGERED,3,PD3A-OU|PD3A-OUT|PD1A-OUT|PD2A-OU,99,4.5,4425,3232
1781430579.2815418,30,10,7.4845,1.549,0.0334,0.388,ALERT,TRIGGERED,3,PD3A-OU|PD3A-OUT|PD1A-OUT|PD2A-OU,99,4.5,4425,3232
1781430579.783371,30,10,9.4125,1.801,0.0429,0.505,ALERT,TRIGGERED,3,PD3A-OU|PD3A-OUT|PD1A-OUT|PD2A-OU,99,4.8,4465,3232
1781430580.2808466,30,10,6.6623,1.5,0.0348,0.41,ALERT,TRIGGERED,3,PD3A-OU|PD3A-OUT|PD1A-OUT|PD2A-OU,99,4.8,4465,3232
1781430580.7828763,30,10,9.2639,1.83,0.0464,0.598,ALERT,TRIGGERED,3,PD3A-OU|PD3A-OUT|PD1A-OUT|PD2A-OU,99,4.2,4465,3232
1781430581.2792876,30,10,5.8975,1.35,0.0347,0.403,ALERT,TRIGGERED,3,PD3A-OU|PD3A-OUT|PD1A-OUT|PD2A-OU,99,4.2,4465,3232
1781430581.7831178,30,10,9.312,1.837,0.0457,0.508,ALERT,TRIGGERED,3,PD3A-OU|PD3A-OUT|PD1A-OUT|PD2A-OU,99,4.3,4465,3232
1781430582.279265,30,10,5.5714,1.292,0.0337,0.384,ALERT,TRIGGERED,3,PD3A-OU|PD3A-OUT|PD1A-OUT|PD2A-OU,99,4.3,4465,3232
1781430582.7829645,30,10,9.237,1.766,0.0452,0.566,ALERT,TRIGGERED,3,PD3A-OU|PD3A-OUT|PD1A-OUT|PD2A-OU,99,5.2,4505,3232
1781430583.2787027,30,10,5.3697,1.206,0.0246,0.301,ALERT,TRIGGERED,3,PD3A-OU|PD3A-OUT|PD1A-OUT|PD2A-OU,99,5.2,4505,3232
1781430583.7829437,30,10,9.3737,1.712,0.0364,0.411,ALERT,TRIGGERED,3,PD3A-OU|PD3A-OUT|PD1A-OUT|PD2A-OU,26,4.3,4465,3232
1781430584.2821336,30,10,8.2352,1.52,0.047,0.517,ALERT,TRIGGERED,3,PD3A-OU|PD3A-OUT|PD1A-OUT|PD2A-OU,26,4.3,4465,3232
1781430584.7827826,30,10,9.177,1.494,0.0765,0.449,ALERT,TRIGGERED,3,PD3A-OU|PD3A-OUT|PD1A-OUT|PD2A-OU,96,4.7,4465,3232
1781430585.2787485,30,10,5.3635,1.247,0.0348,0.459,ALERT,TRIGGERED,3,PD3A-OU|PD3A-OUT|PD1A-OUT|PD2A-OU,96,4.7,4465,3232
1781430585.7839913,30,10,9.6669,1.748,0.0467,0.507,ALERT,TRIGGERED,3,PD3A-OU|PD3A-OUT|PD1A-OUT|PD2A-OU,0,4.2,4505,3232
1781430586.2806554,30,10,7.4129,1.291,0.0344,0.397,ALERT,TRIGGERED,3,PD3A-OU|PD3A-OUT|PD1A-OUT|PD2A-OU,0,4.2,4505,3232
1781430586.781405,30,10,7.6828,1.438,0.0331,0.399,ALERT,TRIGGERED,3,PD3A-OU|PD3A-OUT|PD1A-OUT|PD2A-OU,7,4.7,4465,3232
1781430587.2825658,30,10,8.4681,1.866,0.0449,0.608,ALERT,TRIGGERED,3,PD3A-OU|PD3A-OUT|PD1A-OUT|PD2A-OU,7,4.7,4465,3232
1781430587.7807178,30,10,6.8872,1.482,0.034,0.365,ALERT,TRIGGERED,3,PD3A-OU|PD3A-OUT|PD1A-OUT|PD2A-OU,0,4.7,4505,3232
1781430588.280812,30,10,7.6361,1.092,0.036,0.4,ALERT,TRIGGERED,3,PD3A-OU|PD3A-OUT|PD1A-OUT|PD2A-OU,0,4.7,4505,3232
1781430588.7792401,30,10,5.4778,1.451,0.0331,0.413,ALERT,TRIGGERED,3,PD3A-OU|PD3A-OUT|PD1A-OUT|PD2A-OU,1,4.8,4505,3232
1781430589.2832224,30,10,9.345,1.894,0.0473,0.515,ALERT,TRIGGERED,3,PD3A-OU|PD3A-OUT|PD1A-OUT|PD2A-OU,1,4.8,4505,3232
1781430589.779616,30,10,5.5646,1.469,0.0349,0.387,ALERT,TRIGGERED,3,PD3A-OU|PD3A-OUT|PD1A-OUT|PD2A-OU,0,4.3,4505,3232
1781430590.281128,30,10,8.0105,1.251,0.0348,0.401,ALERT,TRIGGERED,3,PD3A-OU|PD3A-OUT|PD1A-OUT|PD2A-OU,0,4.3,4505,3232
1781430590.7787573,30,10,5.3867,1.076,0.0241,0.304,ALERT,TRIGGERED,3,PD3A-OU|PD3A-OUT|PD1A-OUT|PD2A-OU,0,4.2,4465,3232
1781430591.283706,30,10,9.779,1.364,0.0352,0.398,ALERT,TRIGGERED,3,PD3A-OU|PD3A-OUT|PD1A-OUT|PD2A-OU,0,4.2,4465,3232
1781430591.778114,30,10,5.3353,0.756,0.0239,0.272,ALERT,TRIGGERED,3,PD3A-OU|PD3A-OUT|PD1A-OUT|PD2A-OU,0,5.0,4505,3232
1781430592.2826672,30,10,9.2714,1.274,0.0348,0.429,ALERT,TRIGGERED,3,PD3A-OU|PD3A-OUT|PD1A-OUT|PD2A-OU,0,5.0,4505,3232
1781430592.7788265,30,10,5.7552,1.067,0.0325,0.441,ALERT,TRIGGERED,3,PD3A-OU|PD3A-OUT|PD1A-OUT|PD2A-OU,28,4.7,4505,3232
1781430593.2815442,30,10,8.4489,1.234,0.0353,0.393,ALERT,TRIGGERED,3,PD3A-OU|PD3A-OUT|PD1A-OUT|PD2A-OU,28,4.7,4505,3232
1781430593.780771,30,10,7.5003,1.057,0.0334,0.385,ALERT,TRIGGERED,3,PD3A-OU|PD3A-OUT|PD1A-OUT|PD2A-OU,0,4.3,4465,3232
1781430594.2814608,30,10,7.7048,1.284,0.0317,0.377,ALERT,TRIGGERED,3,PD3A-OU|PD3A-OUT|PD1A-OUT|PD2A-OU,0,4.3,4465,3232
1781430594.7815213,30,10,8.1789,1.437,0.0391,0.404,ALERT,TRIGGERED,3,PD3A-OU|PD3A-OUT|PD1A-OUT,0,4.3,4505,3232
1781430595.2806494,30,10,6.9373,1.24,0.0353,0.399,ALERT,TRIGGERED,3,PD3A-OU|PD3A-OUT|PD1A-OUT,0,4.3,4505,3232
1781430595.7789,30,10,5.5083,1.091,0.0347,0.45,ALERT,TRIGGERED,3,PD3A-OU|PD3A-OUT|PD1A-OUT,14,5.3,4505,3232
1781430596.2798815,30,10,6.3769,1.222,0.0325,0.399,ALERT,TRIGGERED,3,PD3A-OU|PD3A-OUT|PD1A-OUT,14,5.3,4505,3232
1781430596.7814617,30,10,7.8966,1.092,0.0441,0.503,ALERT,TRIGGERED,3,PD3A-OU|PD3A-OUT|PD1A-OUT,0,4.2,4465,3232
1781430597.2800095,30,10,6.9051,1.237,0.0348,0.377,ALERT,TRIGGERED,3,PD3A-OU|PD3A-OUT|PD1A-OUT,0,4.2,4465,3232
1781430597.78287,30,10,9.1992,1.434,0.1019,0.558,ALERT,TRIGGERED,3,PD3A-OU|PD3A-OUT|PD1A-OUT,0,4.7,4505,3232
1781430598.2786357,30,10,5.306,1.179,0.0555,0.367,ALERT,TRIGGERED,3,PD3A-OU|PD3A-OUT|PD1A-OUT,0,4.7,4505,3232
1781430598.782835,30,10,9.411,1.487,0.0376,0.474,ALERT,TRIGGERED,3,PD3A-OU|PD3A-OUT|PD1A-OUT,0,4.5,4465,3232
1781430599.2779012,30,10,5.2931,0.826,0.0238,0.268,ALERT,TRIGGERED,3,PD3A-OU|PD3A-OUT|PD1A-OUT,0,4.5,4465,3232
1781430599.7825565,30,10,9.4179,1.246,0.0332,0.421,ALERT,TRIGGERED,3,PD3A-OU|PD3A-OUT|PD1A-OUT,0,4.2,4465,3232
1781430600.2786725,30,10,5.4101,1.01,0.0358,0.465,ALERT,TRIGGERED,3,PD3A-OU|PD3A-OUT|PD1A-OUT,0,4.2,4465,3232
1781430600.7822134,30,10,8.573,1.169,0.0311,0.377,ALERT,TRIGGERED,3,PD3A-OU|PD3A-OUT|PD1A-OUT,0,4.5,4465,3231
1781430601.2804132,30,10,7.1544,1.055,0.0348,0.395,ALERT,TRIGGERED,3,PD3A-OU|PD3A-OUT|PD1A-OUT,0,4.5,4465,3231
1781430601.7814572,30,10,7.6407,1.187,0.0317,0.384,ALERT,TRIGGERED,3,PD3A-OU|PD3A-OUT|PD1A-OUT,0,4.8,4465,3231
1781430602.282093,30,10,8.3059,1.47,0.0434,0.508,ALERT,TRIGGERED,3,PD3A-OU|PD3A-OUT|PD1A-OUT,0,4.8,4465,3231
1781430602.7807226,30,10,7.2009,1.167,0.0332,0.373,ALERT,TRIGGERED,3,PD3A-OU|PD3A-OUT|PD1A-OUT,0,4.8,4425,3231
1781430603.2789898,30,10,5.9147,1.224,0.0327,0.367,ALERT,TRIGGERED,3,PD3A-OU|PD3A-OUT,0,4.8,4425,3231
1781430603.780219,30,10,6.3816,1.235,0.0344,0.39,ALERT,TRIGGERED,3,PD3A-OU|PD3A-OUT|PD1A-OUT,0,4.5,4465,3231
1781430604.2828557,30,10,9.1626,1.494,0.0992,0.575,ALERT,TRIGGERED,3,PD3A-OU|PD3A-OUT|PD1A-OUT,0,4.5,4465,3231
1781430604.7794724,30,10,5.8181,1.306,0.0356,0.382,ALERT,TRIGGERED,3,PD3A-OU|PD3A-OUT|PD1A-OUT,0,6.2,4465,3231
1781430605.2827983,30,10,9.1686,1.559,0.0457,0.574,ALERT,TRIGGERED,3,PD3A-OU|PD3A-OUT|PD1A-OUT,0,6.2,4465,3231
1781430605.7791061,30,10,5.4047,1.173,0.0224,0.269,ALERT,TRIGGERED,3,PD3A-OU|PD3A-OUT,0,5.2,4465,3231
1781430606.2835658,30,10,9.6499,1.458,0.0393,0.415,ALERT,TRIGGERED,3,PD3A-OU|PD3A-OUT,0,5.2,4465,3231
1781430606.7782464,30,10,5.3094,0.766,0.0241,0.273,ALERT,TRIGGERED,3,PD3A-OU|PD3A-OUT|PD1A-OUT,0,4.0,4425,3231
1781430607.2826774,30,10,9.5135,1.276,0.0369,0.439,ALERT,TRIGGERED,3,PD3A-OU|PD3A-OUT,0,4.0,4425,3231
1781430607.7784576,30,10,5.2724,0.978,0.0358,0.402,ALERT,TRIGGERED,3,PD3A-OU|PD3A-OUT|PD1A-OUT,0,5.0,4425,3231
1781430608.2820377,30,10,8.6547,1.195,0.0332,0.381,ALERT,TRIGGERED,3,PD3A-OU,0,5.0,4425,3231
1781430608.7805645,30,10,7.2005,1.062,0.034,0.409,ALERT,TRIGGERED,3,PD3A-OU|PD3A-OUT,0,4.5,4425,3231
1781430609.2794602,30,10,5.8025,1.269,0.0354,0.402,ALERT,TRIGGERED,3,PD3A-OU|PD3A-OUT,0,4.5,4425,3231
1781430609.7820837,30,10,8.2128,1.476,0.0463,0.505,ALERT,TRIGGERED,3,PD3A-OU,0,4.3,4385,3231
1781430610.2812564,30,10,7.1766,1.623,0.0351,0.395,ALERT,TRIGGERED,3,PD3A-OU|PD3A-OUT,0,4.3,4385,3231
1781430610.7829943,30,10,8.8146,1.864,0.0461,0.575,ALERT,TRIGGERED,3,PD3A-OU|PD1A-OUT,0,5.2,4425,3232
1781430611.2803168,30,10,6.4901,1.224,0.0348,0.388,ALERT,TRIGGERED,3,PD3A-OU|PD3A-OUT,0,5.2,4425,3232
1781430611.7830029,30,10,9.2121,1.852,0.0492,0.602,ALERT,TRIGGERED,3,PD3A-OU,0,4.7,4385,3232
1781430612.2798562,30,10,5.8781,1.577,0.0325,0.372,ALERT,TRIGGERED,3,PD3A-OU|PD3A-OUT,0,4.7,4385,3232
1781430612.783084,30,10,9.2616,1.579,0.0496,0.513,ALERT,TRIGGERED,3,PD3A-OU|PD3A-OUT,0,4.5,4425,3232
1781430613.2792974,30,10,5.3648,1.544,0.0222,0.262,ALERT,TRIGGERED,3,PD3A-OU,0,4.5,4425,3232
1781430613.7834508,30,10,9.3786,1.849,0.036,0.432,ALERT,TRIGGERED,3,PD3A-OU|PD1A-OUT,0,4.7,4425,3232
1781430614.2785797,30,10,5.301,1.148,0.0236,0.327,ALERT,TRIGGERED,3,PD3A-OU,0,4.7,4425,3232
1781430614.782917,30,10,9.3466,1.65,0.0364,0.397,ALERT,TRIGGERED,3,PD3A-OU,0,4.5,4385,3232
1781430615.2802289,30,10,6.6046,1.412,0.0344,0.397,ALERT,TRIGGERED,3,PD3A-OU,0,4.5,4385,3232
1781430615.7823963,30,10,8.8771,1.643,0.0344,0.386,ALERT,TRIGGERED,3,PD3A-OU,0,5.7,4385,3232
1781430616.2834115,30,10,9.3852,1.86,0.0453,0.512,ALERT,TRIGGERED,3,PD3A-OU,0,5.7,4385,3232
1781430616.7820854,30,10,8.1989,1.52,0.0344,0.387,ALERT,TRIGGERED,3,PD3A-OU,0,4.3,4425,3232
1781430617.281355,30,10,7.842,1.437,0.0442,0.511,ALERT,TRIGGERED,3,PD3A-OU,0,4.3,4425,3232
1781430617.7813609,30,10,7.2211,1.469,0.0354,0.384,ALERT,TRIGGERED,3,PD3A-OU,0,4.2,4425,3232
1781430618.281623,30,10,7.9242,1.426,0.0438,0.512,ALERT,TRIGGERED,3,PD3A-OU,0,4.2,4425,3232
1781430618.7811983,30,10,8.0115,1.405,0.0328,0.372,ALERT,TRIGGERED,3,PD3A-OU,0,4.7,4385,3232
1781430619.2828357,30,10,9.2242,1.817,0.0469,0.568,ALERT,TRIGGERED,3,PD3A-OU,0,4.7,4385,3232
1781430619.7798395,30,10,5.995,1.478,0.0334,0.388,ALERT,TRIGGERED,3,PD3A-OU,0,4.0,4425,3232
1781430620.2832932,30,10,9.2914,1.932,0.0474,0.513,ALERT,TRIGGERED,3,PD3A-OU,0,4.0,4425,3232
1781430620.7794323,30,10,5.4469,1.517,0.0337,0.378,ALERT,TRIGGERED,3,PD3A-OU,0,4.5,4385,3232
1781430621.283239,30,10,9.1999,1.858,0.0424,0.449,ALERT,TRIGGERED,3,PD3A-OU,0,4.5,4385,3232
1781430621.7785945,30,10,5.302,1.111,0.0235,0.303,ALERT,TRIGGERED,3,PD3A-OU,0,4.7,4385,3232
1781430622.2830136,30,10,9.4616,1.649,0.0365,0.397,ALERT,TRIGGERED,3,PD3A-OU,0,4.7,4385,3232
1781430622.7787554,30,10,5.2681,1.24,0.034,0.438,ALERT,TRIGGERED,3,PD3A-OU,0,4.8,4385,3232
1781430623.2827027,30,10,9.2462,1.547,0.0355,0.415,ALERT,TRIGGERED,3,PD3A-OU,0,4.8,4385,3232
1781430623.7782578,30,10,5.3477,0.939,0.0327,0.401,ALERT,TRIGGERED,3,PD3A-OU,0,3.8,4385,3232
1781430624.282234,30,10,8.1646,1.484,0.0322,0.387,ALERT,TRIGGERED,3,PD3A-OU,0,3.8,4385,3232
1781430624.7805476,30,10,7.4311,1.057,0.0343,0.388,ALERT,TRIGGERED,3,PD3A-OU,0,4.3,4385,3232
1781430625.2810707,30,10,7.6189,1.561,0.0347,0.394,ALERT,TRIGGERED,3,PD3A-OU,0,4.3,4385,3232
1781430625.7811277,30,10,7.6042,1.489,0.0432,0.512,ALERT,TRIGGERED,3,PD3A-OU,0,4.3,4385,3232
1781430626.2807016,30,10,6.7657,1.549,0.034,0.39,ALERT,TRIGGERED,3,PD3A-OU,0,4.3,4385,3232
1781430626.7825942,30,10,9.2213,1.524,0.046,0.612,ALERT,TRIGGERED,3,PD3A-OU,0,4.7,4385,3232
1781430627.28006,30,10,5.9634,1.523,0.0334,0.394,ALERT,TRIGGERED,3,PD3A-OU,0,4.7,4385,3232
1781430627.7831538,30,10,9.1763,1.827,0.0436,0.495,ALERT,TRIGGERED,3,PD3A-OU,0,5.2,4385,3232
1781430628.2793698,30,10,5.4906,1.25,0.0336,0.377,ALERT,TRIGGERED,3,PD3A-OU,0,5.2,4385,3232
1781430628.7831872,30,10,9.2174,1.976,0.0462,0.518,ALERT,TRIGGERED,3,PD3A-OU,0,4.0,4385,3232
1781430629.2785203,30,10,5.2977,1.105,0.0234,0.292,ALERT,TRIGGERED,3,PD3A-OU,0,4.0,4385,3232
1781430629.7842143,30,10,9.339,1.706,0.0332,1.66,NOMINAL,NORMAL,0,,0,4.5,4385,3232
1781430630.2784526,30,10,5.3043,1.168,0.0361,0.39,NOMINAL,NORMAL,0,,0,4.5,4385,3232
1781430630.782391,30,10,9.2952,1.266,0.0354,0.397,NOMINAL,NORMAL,0,,0,4.7,4346,3232
1781430631.2784004,30,10,5.2479,1.222,0.0359,0.401,NOMINAL,NORMAL,0,,0,4.7,4346,3232
1781430631.782191,30,10,8.4285,1.471,0.0351,0.389,NOMINAL,NORMAL,0,,0,5.0,4385,3232
1781430632.2804775,30,10,7.4083,1.096,0.0354,0.39,NOMINAL,NORMAL,0,,0,5.0,4385,3232
1781430632.7812474,30,10,7.6542,1.195,0.034,0.368,NOMINAL,NORMAL,0,,0,4.5,4346,3232
1781430633.282082,30,10,8.2799,1.786,0.0485,0.503,NOMINAL,NORMAL,0,,0,4.5,4346,3232
1781430633.7806292,30,10,6.9007,1.468,0.0351,0.374,NOMINAL,NORMAL,0,,0,4.2,4346,3232
1781430634.2824094,30,10,9.0043,1.553,0.0477,0.507,NOMINAL,NORMAL,0,,0,4.2,4346,3232
1781430634.7799814,30,10,6.2105,1.497,0.0334,0.379,NOMINAL,NORMAL,0,,0,4.8,4385,3232
1781430635.2835004,30,10,9.2773,2.051,0.0478,0.522,NOMINAL,NORMAL,0,,0,4.8,4385,3232
1781430635.7796829,30,10,5.6389,1.578,0.0322,0.382,NOMINAL,NORMAL,0,,0,5.2,4385,3232
1781430636.2845156,30,10,9.1261,1.813,0.0487,2.089,PRE_ALERT,TRIGGERED,1,PD3A-OU,0,5.2,4385,3232
1781430636.7785747,30,10,5.377,1.127,0.0218,0.285,PRE_ALERT,TRIGGERED,2,PD3A-OU,0,4.5,4385,3232
1781430637.2843544,30,10,9.4223,1.719,0.0345,1.686,NOMINAL,NORMAL,0,,0,4.5,4385,3232
1781430637.779895,30,10,5.2471,0.982,0.0369,2.115,PRE_ALERT,TRIGGERED,1,PD3A-OU,0,4.5,4346,3232
1781430638.2836652,30,10,9.2273,1.268,0.036,1.7,NOMINAL,NORMAL,0,,0,4.5,4346,3232
1781430638.7780862,30,10,5.2508,0.91,0.0346,0.377,NOMINAL,NORMAL,0,,0,4.7,4346,3232
1781430639.283505,30,10,8.3787,1.44,0.0328,1.682,PRE_ALERT,TRIGGERED,1,PD3A-OU,0,4.7,4346,3232
1781430639.7826736,30,10,7.4594,1.307,0.0362,2.187,NOMINAL,NORMAL,0,,0,4.8,4346,3231
1781430640.2815273,30,10,7.6724,1.491,0.0329,0.385,NOMINAL,NORMAL,0,,0,4.8,4346,3231
1781430640.7833974,30,10,9.3895,1.928,0.0519,0.517,NOMINAL,NORMAL,0,,0,4.2,4385,3232
1781430641.281011,30,10,6.8911,1.515,0.0337,0.386,NOMINAL,NORMAL,0,,0,4.2,4385,3232
1781430641.7784035,30,10,5.33,0.987,0.035,0.378,NOMINAL,NORMAL,0,,9,4.8,4385,3232
1781430642.2801657,30,10,6.2256,1.47,0.0336,0.368,NOMINAL,NORMAL,0,,9,4.8,4385,3232
1781430642.7823985,30,10,8.9289,1.809,0.0454,0.498,NOMINAL,NORMAL,0,,0,4.3,4353,3232
1781430643.27983,30,10,5.6664,1.491,0.0346,0.394,NOMINAL,NORMAL,0,,0,4.3,4353,3232
1781430643.7813013,30,10,7.8719,1.584,0.0341,0.403,NOMINAL,NORMAL,0,,0,4.3,4353,3232
1781430644.2789721,30,10,5.3319,1.559,0.0234,0.266,NOMINAL,NORMAL,0,,0,4.8,4385,3232
1781430644.7834995,30,10,9.5859,1.394,0.0333,0.407,NOMINAL,NORMAL,0,,0,4.8,4385,3232
1781430645.2785559,30,10,5.2825,1.067,0.0352,0.419,NOMINAL,NORMAL,0,,2,4.0,4385,3232
1781430645.7825322,30,10,9.3506,1.267,0.0361,0.407,NOMINAL,NORMAL,0,,2,4.0,4385,3232
1781430646.2781117,30,10,5.2197,0.895,0.0363,0.387,NOMINAL,NORMAL,0,,0,4.8,4346,3232
1781430646.7819197,30,10,8.6141,1.222,0.037,0.376,NOMINAL,NORMAL,0,,0,4.8,4346,3232
1781430647.2801697,30,10,7.0683,1.07,0.0356,0.392,NOMINAL,NORMAL,0,,0,4.8,4385,3232
1781430647.7814064,30,10,7.7636,1.174,0.0363,0.366,NOMINAL,NORMAL,0,,0,4.8,4385,3232
1781430648.282121,30,10,8.0935,1.749,0.0516,0.504,NOMINAL,NORMAL,0,,0,4.5,4346,3232
1781430648.7809477,30,10,6.9725,1.2,0.0333,0.391,NOMINAL,NORMAL,0,,0,4.5,4346,3232
1781430649.2806005,30,10,7.335,1.336,0.0479,0.512,NOMINAL,NORMAL,0,,0,4.3,4385,3232
1781430649.7803223,30,10,6.3734,1.556,0.037,0.408,NOMINAL,NORMAL,0,,0,4.3,4385,3232
1781430650.2829156,30,10,9.2112,1.878,0.0486,0.558,NOMINAL,NORMAL,0,,0,4.8,4385,3232
1781430650.7826495,30,10,8.784,1.565,0.0488,0.538,NOMINAL,NORMAL,0,,0,4.8,4385,3232
1781430651.2825053,30,10,9.1188,1.41,0.0473,0.492,NOMINAL,NORMAL,0,,7,4.3,4385,3232
1781430651.7789407,30,10,5.2877,1.238,0.0247,0.269,NOMINAL,NORMAL,0,,7,4.3,4385,3232
1781430652.282617,30,10,9.0842,1.446,0.0482,0.624,NOMINAL,NORMAL,0,,18,4.8,4385,3232
1781430652.7782302,30,10,5.2425,0.812,0.0231,0.261,NOMINAL,NORMAL,0,,18,4.8,4385,3232
1781430653.2826529,30,10,9.3347,1.256,0.0345,0.4,NOMINAL,NORMAL,0,,99,4.7,4385,3232
1781430653.7811627,30,10,8.1767,1.274,0.0352,0.37,NOMINAL,NORMAL,0,,99,4.7,4385,3232
1781430654.2824621,30,10,8.6811,1.464,0.0333,0.391,NOMINAL,NORMAL,0,,82,4.8,4425,3232
1781430654.7829723,30,10,9.1613,1.517,0.0483,0.55,NOMINAL,NORMAL,0,,82,4.8,4425,3232
1781430655.281799,30,10,7.8405,1.539,0.0349,0.393,NOMINAL,NORMAL,0,,99,4.5,4385,3232
1781430655.7823837,30,10,8.1642,1.827,0.0464,0.53,NOMINAL,NORMAL,0,,99,4.5,4385,3232
1781430656.2807703,30,10,7.3307,1.184,0.0358,0.374,NOMINAL,NORMAL,0,,99,5.3,4425,3231
1781430656.7831876,30,10,9.3194,1.601,0.0467,0.512,NOMINAL,NORMAL,0,,99,5.3,4425,3231
1781430657.279935,30,10,6.5327,1.188,0.0369,0.369,NOMINAL,NORMAL,0,,99,4.3,4425,3231
1781430657.7824607,30,10,9.2187,1.536,0.0472,0.506,NOMINAL,NORMAL,0,,99,4.3,4425,3231
1781430658.2792833,30,10,5.7766,1.252,0.0363,0.377,NOMINAL,NORMAL,0,,99,4.5,4425,3231
1781430658.7829053,30,10,9.2572,1.537,0.1392,0.61,NOMINAL,NORMAL,0,,99,4.5,4425,3231
1781430659.2788508,30,10,5.3862,1.184,0.0345,0.403,NOMINAL,NORMAL,0,,99,4.7,4425,3231
1781430659.7830124,30,10,9.2713,1.472,0.0467,0.756,NOMINAL,NORMAL,0,,99,4.7,4425,3231
1781430660.2784488,30,10,5.3526,1.017,0.0253,0.291,NOMINAL,NORMAL,0,,99,4.3,4465,3231
1781430660.782543,30,10,9.2971,1.334,0.0361,0.41,NOMINAL,NORMAL,0,,99,4.3,4465,3231
1781430661.2786465,30,10,5.3698,1.274,0.0368,0.442,NOMINAL,NORMAL,0,,99,5.2,4505,3231
1781430661.782002,30,10,8.8383,1.206,0.0382,0.377,NOMINAL,NORMAL,0,,99,5.2,4505,3231
1781430662.2796617,30,10,6.4219,1.31,0.0367,0.389,NOMINAL,NORMAL,0,,58,4.8,4505,3231
1781430662.779775,30,10,6.269,1.172,0.0353,0.361,NOMINAL,NORMAL,0,,58,4.8,4505,3231
1781430663.2803938,30,10,7.5304,1.063,0.0355,0.385,NOMINAL,NORMAL,0,,76,4.0,4465,3231
1781430663.7810524,30,10,7.4344,1.268,0.0331,0.389,NOMINAL,NORMAL,0,,76,4.0,4465,3231
1781430664.2807832,30,10,7.5498,1.142,0.0492,0.507,NOMINAL,NORMAL,0,,0,5.5,4545,3231
1781430664.7804089,30,10,6.5805,1.207,0.0356,0.489,NOMINAL,NORMAL,0,,0,5.5,4545,3231
1781430665.28268,30,10,9.2931,1.605,0.0474,0.54,NOMINAL,NORMAL,0,,7,4.0,4505,3231
1781430665.7798185,30,10,6.1794,1.24,0.0351,0.388,NOMINAL,NORMAL,0,,7,4.0,4505,3231
1781430666.2825994,30,10,9.199,1.471,0.0464,0.528,NOMINAL,NORMAL,0,,0,4.5,4505,3232
1781430666.7791514,30,10,5.3735,1.224,0.0372,0.388,NOMINAL,NORMAL,0,,0,4.5,4505,3232
1781430667.2828262,30,10,9.3349,1.507,0.0884,0.543,NOMINAL,NORMAL,0,,0,4.7,4465,3232
1781430667.7784185,30,10,5.3041,1.028,0.0238,0.265,NOMINAL,NORMAL,0,,0,4.7,4465,3232
1781430668.2826338,30,10,9.2924,1.446,0.0356,0.433,NOMINAL,NORMAL,0,,0,5.3,4465,3232
1781430668.7783911,30,10,5.3348,0.958,0.0355,0.381,NOMINAL,NORMAL,0,,0,5.3,4465,3232
1781430669.282263,30,10,9.1882,1.235,0.0349,0.374,NOMINAL,NORMAL,0,,0,4.0,4465,3232
1781430669.7781048,30,10,5.2358,0.926,0.0359,0.384,NOMINAL,NORMAL,0,,0,4.0,4465,3232
1781430670.281913,30,10,8.1839,1.273,0.0344,0.384,NOMINAL,NORMAL,0,,0,4.7,4505,3232
1781430670.7816026,30,10,7.9624,1.177,0.0449,0.495,NOMINAL,NORMAL,0,,0,4.7,4505,3232
1781430671.2811463,30,10,7.4636,1.241,0.0341,0.373,NOMINAL,NORMAL,0,,0,5.2,4505,3232
1781430671.7802813,30,10,6.8821,1.273,0.036,0.387,NOMINAL,NORMAL,0,,0,5.2,4505,3232
1781430672.280527,30,10,6.8752,1.456,0.035,0.39,NOMINAL,NORMAL,0,,0,4.5,4505,3232
1781430672.782353,30,10,8.9066,1.754,0.0476,0.513,NOMINAL,NORMAL,0,,0,4.5,4505,3232
1781430673.279887,30,10,6.199,1.33,0.0336,0.378,NOMINAL,NORMAL,0,,0,4.5,4465,3232
1781430673.7831793,30,10,9.198,1.824,0.0475,0.522,NOMINAL,NORMAL,0,,0,4.5,4465,3232
1781430674.2791615,30,10,5.5304,1.287,0.0345,0.374,NOMINAL,NORMAL,0,,0,5.0,4465,3232
1781430674.7830162,30,10,9.1418,1.774,0.0453,0.488,NOMINAL,NORMAL,0,,0,5.0,4465,3232
1781430675.2785177,30,10,5.2802,1.204,0.024,0.287,NOMINAL,NORMAL,0,,0,4.2,4425,3232
1781430675.7826142,30,10,9.2618,1.494,0.0356,0.414,NOMINAL,NORMAL,0,,0,4.2,4425,3232
1781430676.2784326,30,10,5.3533,1.123,0.0343,0.385,NOMINAL,NORMAL,0,,0,4.2,4465,3232
1781430676.7820935,30,10,9.0875,1.219,0.0338,0.368,NOMINAL,NORMAL,0,,0,4.2,4465,3232
1781430677.2782276,30,10,5.2854,0.935,0.0329,0.381,NOMINAL,NORMAL,0,,0,4.2,4465,3232
1781430677.7820032,30,10,8.2094,1.346,0.0342,0.354,NOMINAL,NORMAL,0,,0,4.2,4465,3232
1781430678.2805474,30,10,7.3123,1.286,0.0348,0.39,NOMINAL,NORMAL,0,,0,4.5,4425,3232
1781430678.7811117,30,10,7.7074,1.157,0.0352,0.368,NOMINAL,NORMAL,0,,0,4.5,4425,3232
1781430679.2827246,30,10,8.6108,1.907,0.0471,0.547,NOMINAL,NORMAL,0,,0,4.2,4465,3232
1781430679.780397,30,10,6.9069,1.19,0.0357,0.373,NOMINAL,NORMAL,0,,0,4.2,4465,3232
1781430680.2827184,30,10,9.2343,1.586,0.0466,0.562,NOMINAL,NORMAL,0,,0,4.3,4425,3232
1781430680.7798696,30,10,6.2366,1.445,0.0328,0.369,NOMINAL,NORMAL,0,,0,4.3,4425,3232
1781430681.283116,30,10,9.2776,1.584,0.0464,0.518,NOMINAL,NORMAL,0,,0,4.8,4465,3232
1781430681.7793365,30,10,5.6243,1.478,0.035,0.388,NOMINAL,NORMAL,0,,0,4.8,4465,3232
1781430682.2833283,30,10,9.3162,1.841,0.0495,0.502,NOMINAL,NORMAL,0,,0,4.7,4465,3232
1781430682.7791462,30,10,5.7444,1.591,0.0363,0.401,NOMINAL,NORMAL,0,,0,4.7,4465,3232
1781430683.2828383,30,10,9.3901,1.538,0.0377,0.426,NOMINAL,NORMAL,0,,0,4.8,4425,3232
1781430683.7787173,30,10,5.3244,1.101,0.0341,0.423,NOMINAL,NORMAL,0,,0,4.8,4425,3232
1781430684.2826297,30,10,9.2657,1.501,0.0336,0.385,NOMINAL,NORMAL,0,,0,4.0,4425,3232
1781430684.7784479,30,10,5.28,1.197,0.0378,0.396,NOMINAL,NORMAL,0,,0,4.0,4425,3232
1781430685.281805,30,10,8.6215,1.285,0.0393,0.384,NOMINAL,NORMAL,0,,1,4.5,4425,3232
1781430685.780389,30,10,7.1855,1.122,0.0357,0.397,NOMINAL,NORMAL,0,,1,4.5,4425,3232
1781430686.2815063,30,10,7.629,1.443,0.0356,0.361,NOMINAL,NORMAL,0,,0,4.3,4425,3232
1781430686.7822917,30,10,8.3035,1.76,0.0446,0.481,NOMINAL,NORMAL,0,,0,4.3,4425,3232
1781430687.2804494,30,10,6.8459,1.185,0.0346,0.368,NOMINAL,NORMAL,0,,0,4.5,4465,3232
1781430687.782381,30,10,8.6219,1.831,0.0449,0.498,NOMINAL,NORMAL,0,,0,4.5,4465,3232
1781430688.280324,30,10,6.2003,1.669,0.0347,0.385,NOMINAL,NORMAL,0,,10,4.5,4465,3232
1781430688.7831326,30,10,9.1583,1.945,0.0485,0.499,NOMINAL,NORMAL,0,,10,4.5,4465,3232
1781430689.2794905,30,10,5.6625,1.37,0.0327,0.359,NOMINAL,NORMAL,0,,0,4.0,4425,3232
1781430689.7829762,30,10,9.2159,1.738,0.0462,0.538,NOMINAL,NORMAL,0,,0,4.0,4425,3232
1781430690.2789984,30,10,5.4015,1.364,0.0228,0.258,NOMINAL,NORMAL,0,,0,4.7,4425,3232
1781430690.783134,30,10,9.3886,1.819,0.039,0.407,NOMINAL,NORMAL,0,,0,4.7,4425,3232
1781430691.2782545,30,10,5.2749,1.021,0.0241,0.276,NOMINAL,NORMAL,0,,0,4.3,4425,3232
1781430691.7828112,30,10,9.3047,1.571,0.0335,0.43,NOMINAL,NORMAL,0,,0,4.3,4425,3232
1781430692.2791255,30,10,5.7014,1.34,0.036,0.389,NOMINAL,NORMAL,0,,0,4.5,4385,3232
1781430692.7820222,30,10,8.7329,1.439,0.0332,0.36,NOMINAL,NORMAL,0,,0,4.5,4385,3232
1781430693.278425,30,10,5.1424,1.102,0.0355,0.386,NOMINAL,NORMAL,0,,0,4.8,4425,3232
1781430693.7814574,30,10,7.9077,1.207,0.0357,0.383,NOMINAL,NORMAL,0,,0,4.8,4425,3232
1781430694.2818496,30,10,8.0988,1.699,0.0461,0.494,NOMINAL,NORMAL,0,,0,4.5,4425,3232
1781430694.780632,30,10,7.1191,1.226,0.0375,0.377,NOMINAL,NORMAL,0,,0,4.5,4425,3232
1781430695.282986,30,10,9.3846,1.553,0.0484,0.549,NOMINAL,NORMAL,0,,0,4.5,4425,3232
1781430695.779902,30,10,6.4736,1.192,0.0373,0.363,NOMINAL,NORMAL,0,,0,4.5,4425,3232
1781430696.2824402,30,10,9.1306,1.427,0.0466,0.48,NOMINAL,NORMAL,0,,0,5.0,4425,3232
1781430696.7793608,30,10,5.813,1.28,0.0356,0.382,NOMINAL,NORMAL,0,,0,5.0,4425,3232
1781430697.2829669,30,10,9.1137,1.806,0.0475,0.559,NOMINAL,NORMAL,0,,0,4.7,4425,3232
1781430697.779136,30,10,5.4083,1.553,0.0257,0.28,NOMINAL,NORMAL,0,,0,4.7,4425,3232
1781430698.283535,30,10,9.5463,1.467,0.0354,0.385,NOMINAL,NORMAL,0,,0,4.2,4385,3232
1781430698.7783184,30,10,5.2777,1.099,0.0236,0.281,NOMINAL,NORMAL,0,,0,4.2,4385,3232
1781430699.2829742,30,10,9.317,1.6,0.0346,0.374,NOMINAL,NORMAL,0,,0,4.5,4425,3232
1781430699.7783473,30,10,5.3009,0.997,0.0354,0.386,NOMINAL,NORMAL,0,,0,4.5,4425,3232
1781430700.2827113,30,10,8.6754,1.559,0.0352,0.428,NOMINAL,NORMAL,0,,0,4.5,4425,3232
1781430700.7800944,30,10,6.6881,1.396,0.0368,0.392,NOMINAL,NORMAL,0,,0,4.5,4425,3232
1781430701.2817411,30,10,8.202,1.545,0.0344,0.367,NOMINAL,NORMAL,0,,0,4.5,4385,3232
1781430701.7820177,30,10,8.1453,1.683,0.0475,0.495,NOMINAL,NORMAL,0,,0,4.5,4385,3232
1781430702.2810493,30,10,7.2798,1.472,0.0347,0.377,NOMINAL,NORMAL,0,,0,5.2,4425,3232
1781430702.7796066,30,10,6.3817,1.324,0.0363,0.406,NOMINAL,NORMAL,0,,0,5.2,4425,3232
1781430703.2798946,30,10,6.5805,1.491,0.0355,0.388,NOMINAL,NORMAL,0,,0,4.5,4425,3232
1781430703.7826076,30,10,8.9047,1.892,0.0484,0.585,NOMINAL,NORMAL,0,,0,4.5,4425,3232
1781430704.2800596,30,10,5.9277,1.595,0.0357,0.385,NOMINAL,NORMAL,0,,0,3.8,4385,3232
1781430704.782799,30,10,9.1015,1.728,0.0464,0.538,NOMINAL,NORMAL,0,,0,3.8,4385,3232
1781430705.279025,30,10,5.4035,1.284,0.035,0.376,NOMINAL,NORMAL,0,,0,4.7,4425,3231
1781430705.783144,30,10,9.2517,1.745,0.1917,0.72,NOMINAL,NORMAL,0,,0,4.7,4425,3231
1781430706.27837,30,10,5.3012,1.104,0.0239,0.271,NOMINAL,NORMAL,0,,0,4.7,4385,3231
1781430706.782967,30,10,9.2662,1.627,0.035,0.415,NOMINAL,NORMAL,0,,0,4.7,4385,3231
1781430707.2799973,30,10,7.1394,1.1,0.036,0.388,NOMINAL,NORMAL,0,,0,4.3,4385,3231
1781430707.782057,30,10,8.8391,1.164,0.0345,0.366,NOMINAL,NORMAL,0,,0,4.3,4385,3231
1781430708.2795572,30,10,6.3421,1.358,0.0368,0.401,NOMINAL,NORMAL,0,,0,4.5,4385,3231
1781430708.7817438,30,10,8.1069,1.449,0.0327,0.404,NOMINAL,NORMAL,0,,0,4.5,4385,3231
1781430709.281381,30,10,7.8933,1.371,0.047,0.514,NOMINAL,NORMAL,0,,0,4.5,4425,3231
1781430709.7813523,30,10,7.558,1.536,0.0359,0.394,NOMINAL,NORMAL,0,,0,4.5,4425,3231
1781430710.283262,30,10,9.2418,1.974,0.0493,0.519,NOMINAL,NORMAL,0,,0,4.5,4385,3231
1781430710.7806828,30,10,6.6444,1.493,0.1366,0.502,NOMINAL,NORMAL,0,,0,4.5,4385,3231
1781430711.2827845,30,10,9.2278,1.811,0.0485,0.566,NOMINAL,NORMAL,0,,0,4.5,4385,3231
1781430711.7797315,30,10,5.9212,1.546,0.0355,0.389,NOMINAL,NORMAL,0,,0,4.5,4385,3231
1781430712.2832909,30,10,9.2044,1.815,0.045,0.506,NOMINAL,NORMAL,0,,0,4.7,4385,3231
1781430712.7790766,30,10,5.3712,1.197,0.0354,0.374,NOMINAL,NORMAL,0,,0,4.7,4385,3231
1781430713.2802398,30,10,6.2153,1.587,0.0352,0.391,NOMINAL,NORMAL,0,,0,4.0,4385,3231
1781430713.7785485,30,10,5.2489,1.176,0.0235,0.284,NOMINAL,NORMAL,0,,0,4.0,4385,3231
1781430714.2830184,30,10,9.3434,1.797,0.0365,0.399,NOMINAL,NORMAL,0,,0,4.8,4385,3231
1781430714.7783182,30,10,5.3083,1.107,0.0353,0.38,NOMINAL,NORMAL,0,,0,4.8,4385,3231
1781430715.282498,30,10,9.1658,1.349,0.0351,0.392,NOMINAL,NORMAL,0,,0,4.2,4385,3231
1781430715.7795527,30,10,6.2136,1.353,0.0364,0.4,NOMINAL,NORMAL,0,,0,4.2,4385,3231
1781430716.2788556,30,10,5.5675,1.196,0.0253,0.27,NOMINAL,NORMAL,0,,0,4.7,4346,3231
1781430716.7812002,30,10,7.5681,1.386,0.0421,0.465,NOMINAL,NORMAL,0,,0,4.7,4346,3231
1781430717.281544,30,10,7.6068,1.556,0.0344,0.396,NOMINAL,NORMAL,0,,0,4.8,4385,3231
1781430717.7822824,30,10,8.4323,1.494,0.0471,0.503,NOMINAL,NORMAL,0,,0,4.8,4385,3231
1781430718.280497,30,10,6.8041,1.246,0.0344,0.383,NOMINAL,NORMAL,0,,0,4.7,4385,3231
1781430718.7830503,30,10,9.2675,1.911,0.0499,0.525,NOMINAL,NORMAL,0,,0,4.7,4385,3231
1781430719.2796044,30,10,5.7895,1.463,0.0337,0.409,NOMINAL,NORMAL,0,,0,4.5,4346,3231
1781430719.783154,30,10,9.1402,1.822,0.0466,0.497,NOMINAL,NORMAL,0,,0,4.5,4346,3231
1781430720.2796173,30,10,5.5822,1.398,0.037,0.408,NOMINAL,NORMAL,0,,0,4.7,4346,3231
1781430720.783449,30,10,9.2798,1.93,0.0509,0.505,NOMINAL,NORMAL,0,,0,4.7,4346,3231
1781430721.2828841,30,10,8.6809,1.932,0.0938,0.579,NOMINAL,NORMAL,0,,0,5.3,4385,3231
1781430721.7827563,30,10,9.3673,1.464,0.0364,0.442,NOMINAL,NORMAL,0,,0,5.3,4385,3231
1781430722.2785134,30,10,5.3341,1.229,0.0257,0.325,NOMINAL,NORMAL,0,,0,4.5,4385,3231
1781430722.782299,30,10,9.1044,1.189,0.0345,0.366,NOMINAL,NORMAL,0,,0,4.5,4385,3231
1781430723.279718,30,10,6.283,1.171,0.0362,0.408,NOMINAL,NORMAL,0,,0,4.5,4385,3231
1781430723.7822866,30,10,8.2505,1.584,0.0356,0.419,NOMINAL,NORMAL,0,,0,5.5,4385,3231
1781430724.2807162,30,10,7.3464,1.365,0.0349,0.397,NOMINAL,NORMAL,0,,0,5.5,4385,3231
1781430724.7815986,30,10,7.6389,1.568,0.0347,0.406,NOMINAL,NORMAL,0,,0,5.8,4425,3231
1781430725.2823477,30,10,8.4102,1.624,0.0482,0.527,NOMINAL,NORMAL,0,,0,5.8,4425,3231
1781430725.780694,30,10,6.8361,1.273,0.0354,0.375,NOMINAL,NORMAL,0,,0,4.7,4346,3231
1781430726.2820508,30,10,8.8112,1.518,0.0489,0.512,NOMINAL,NORMAL,0,,0,4.7,4346,3231
1781430726.7800531,30,10,6.2267,1.511,0.0362,0.4,NOMINAL,NORMAL,0,,0,4.0,4346,3231
1781430727.2830229,30,10,9.1642,1.809,0.0462,0.556,NOMINAL,NORMAL,0,,0,4.0,4346,3231
1781430727.779691,30,10,5.6642,1.59,0.034,0.4,NOMINAL,NORMAL,0,,0,4.7,4346,3231
1781430728.282938,30,10,9.2194,1.487,0.048,0.578,NOMINAL,NORMAL,0,,0,4.7,4346,3231
1781430728.778554,30,10,5.2961,1.205,0.0226,0.284,NOMINAL,NORMAL,0,,0,4.3,4346,3231
1781430729.2831893,30,10,9.3743,1.685,0.0399,0.415,NOMINAL,NORMAL,0,,0,4.3,4346,3231
1781430729.7788634,30,10,5.3323,1.172,0.0361,0.446,NOMINAL,NORMAL,0,,0,4.3,4385,3231
1781430730.2827213,30,10,9.2324,1.317,0.0362,0.435,NOMINAL,NORMAL,0,,0,4.3,4385,3231
1781430730.7786145,30,10,5.3448,1.158,0.0363,0.437,NOMINAL,NORMAL,0,,0,5.2,4425,3231
1781430731.2821748,30,10,8.4639,1.489,0.0333,0.397,NOMINAL,NORMAL,0,,0,5.2,4425,3231
1781430731.7806084,30,10,7.1458,1.395,0.0358,0.395,NOMINAL,NORMAL,0,,56,4.3,4385,3231
1781430732.2815473,30,10,7.8069,1.448,0.0349,0.391,NOMINAL,NORMAL,0,,56,4.3,4385,3231
1781430732.7820644,30,10,8.2952,1.528,0.045,0.516,NOMINAL,NORMAL,0,,49,4.3,4385,3231
1781430733.2810628,30,10,6.834,1.514,0.0322,0.392,NOMINAL,NORMAL,0,,49,4.3,4385,3231
1781430733.782941,30,10,8.9825,1.914,0.0479,0.577,NOMINAL,NORMAL,0,,99,4.5,4425,3231
1781430734.280075,30,10,6.3288,1.495,0.0344,0.388,NOMINAL,NORMAL,0,,99,4.5,4425,3231
1781430734.7830853,30,10,9.2165,1.876,0.0503,0.513,NOMINAL,NORMAL,0,,99,5.2,4385,3231
1781430735.279567,30,10,5.637,1.306,0.0366,0.402,NOMINAL,NORMAL,0,,99,5.2,4385,3231
1781430735.7829692,30,10,9.1564,1.518,0.0468,0.561,NOMINAL,NORMAL,0,,99,4.3,4425,3231
1781430736.278847,30,10,5.4175,1.239,0.024,0.272,NOMINAL,NORMAL,0,,99,4.3,4425,3231
1781430736.7831051,30,10,9.3204,1.837,0.0363,0.407,NOMINAL,NORMAL,0,,99,4.7,4425,3231
1781430737.278538,30,10,5.3145,0.999,0.0352,0.414,NOMINAL,NORMAL,0,,99,4.7,4425,3231
1781430737.782754,30,10,9.3737,1.248,0.0366,0.429,NOMINAL,NORMAL,0,,99,4.2,4425,3231
1781430738.2786098,30,10,5.2888,1.172,0.0354,0.428,NOMINAL,NORMAL,0,,99,4.2,4425,3231
1781430738.7822886,30,10,8.6013,1.556,0.0366,0.42,NOMINAL,NORMAL,0,,99,4.8,4425,3231
1781430739.280964,30,10,7.3012,1.378,0.0352,0.399,NOMINAL,NORMAL,0,,99,4.8,4425,3231
1781430739.781642,30,10,7.9108,1.254,0.0357,0.385,NOMINAL,NORMAL,0,,99,4.8,4425,3231
1781430740.2819264,30,10,8.2661,1.556,0.0457,0.512,NOMINAL,NORMAL,0,,99,4.8,4425,3231
1781430740.780789,30,10,7.1868,1.216,0.0342,0.379,NOMINAL,NORMAL,0,,99,4.7,4425,3231
1781430741.2828326,30,10,8.8316,1.852,0.0475,0.61,NOMINAL,NORMAL,0,,99,4.7,4425,3231
1781430741.7801316,30,10,6.3773,1.285,0.0387,0.409,NOMINAL,NORMAL,0,,99,5.2,4465,3231
1781430742.2826889,30,10,9.1707,1.569,0.0491,0.555,NOMINAL,NORMAL,0,,99,5.2,4465,3231
1781430742.780085,30,10,5.8446,1.562,0.0336,0.411,NOMINAL,NORMAL,0,,65,4.3,4505,3231
1781430743.2829778,30,10,9.1931,1.745,0.0465,0.551,NOMINAL,NORMAL,0,,65,4.3,4505,3231
1781430743.7793763,30,10,5.5106,1.456,0.0252,0.269,NOMINAL,NORMAL,0,,69,4.8,4505,3231
1781430744.2830825,30,10,9.1017,1.859,0.0347,0.384,NOMINAL,NORMAL,0,,69,4.8,4505,3231
1781430744.7783,30,10,5.372,0.825,0.0246,0.263,NOMINAL,NORMAL,0,,0,3.8,4465,3231
1781430745.2828777,30,10,9.4185,1.288,0.0332,0.413,NOMINAL,NORMAL,0,,0,3.8,4465,3231
1781430745.7790637,30,10,5.5665,1.142,0.0348,0.387,NOMINAL,NORMAL,0,,31,4.3,4465,3231
1781430746.2820885,30,10,8.7064,1.186,0.0373,0.381,NOMINAL,NORMAL,0,,31,4.3,4465,3231
1781430746.7800338,30,10,6.8296,1.168,0.035,0.391,NOMINAL,NORMAL,0,,5,4.7,4505,3231
1781430747.281635,30,10,7.9835,1.231,0.0341,0.384,NOMINAL,NORMAL,0,,5,4.7,4505,3231
1781430747.7809253,30,10,7.7295,1.084,0.0452,0.49,NOMINAL,NORMAL,0,,0,5.0,4505,3231
1781430748.2804148,30,10,7.33,1.225,0.034,0.383,NOMINAL,NORMAL,0,,0,5.0,4505,3231
1781430748.779713,30,10,6.5599,1.125,0.0373,0.401,NOMINAL,NORMAL,0,,0,4.0,4505,3231
1781430749.2803192,30,10,7.2092,1.209,0.0369,0.495,NOMINAL,NORMAL,0,,0,4.0,4505,3231
1781430749.782446,30,10,9.1744,1.508,0.046,0.501,NOMINAL,NORMAL,0,,0,4.5,4505,3231
1781430750.2800236,30,10,5.7804,1.536,0.0369,0.398,NOMINAL,NORMAL,0,,0,4.5,4505,3231
1781430750.7827208,30,10,9.1992,1.46,0.0481,0.584,NOMINAL,NORMAL,0,,0,4.3,4465,3231
1781430751.2791047,30,10,5.4658,1.266,0.0351,0.371,NOMINAL,NORMAL,0,,0,4.3,4465,3231
1781430751.783437,30,10,9.6097,1.656,0.0347,0.394,NOMINAL,NORMAL,0,,0,4.8,4465,3231
1781430752.2783914,30,10,5.3307,0.872,0.0234,0.27,NOMINAL,NORMAL,0,,0,4.8,4465,3231
1781430752.7825465,30,10,9.2959,1.331,0.035,0.408,NOMINAL,NORMAL,0,,0,5.0,4465,3231
1781430753.2781873,30,10,5.2898,0.926,0.0349,0.388,NOMINAL,NORMAL,0,,0,5.0,4465,3231
1781430753.7821283,30,10,8.9881,1.236,0.0357,0.377,NOMINAL,NORMAL,0,,0,4.3,4465,3231
1781430754.2801998,30,10,6.7837,1.09,0.035,0.389,NOMINAL,NORMAL,0,,0,4.3,4465,3231
1781430754.7816722,30,10,8.0456,1.212,0.0334,0.372,NOMINAL,NORMAL,0,,0,4.8,4465,3231
1781430755.2814195,30,10,7.9764,1.24,0.0461,0.516,NOMINAL,NORMAL,0,,0,4.8,4465,3231
1781430755.7809181,30,10,7.4045,1.183,0.0343,0.361,NOMINAL,NORMAL,0,,0,4.8,4505,3231
1781430756.2827556,30,10,8.6786,1.602,0.0483,0.567,NOMINAL,NORMAL,0,,0,4.8,4505,3231
1781430756.780569,30,10,6.5869,1.228,0.0377,0.491,NOMINAL,NORMAL,0,,0,4.5,4465,3231
1781430757.2825243,30,10,9.1241,1.568,0.0472,0.544,NOMINAL,NORMAL,0,,0,4.5,4465,3231
1781430757.779736,30,10,6.0262,1.348,0.0341,0.379,NOMINAL,NORMAL,0,,0,4.7,4465,3231
1781430758.282993,30,10,9.1608,1.532,0.0502,0.57,NOMINAL,NORMAL,0,,0,4.7,4465,3231
1781430758.7790344,30,10,5.5057,1.238,0.0362,0.371,NOMINAL,NORMAL,0,,0,5.2,4505,3231
1781430759.2831552,30,10,9.18,1.527,0.0482,0.682,NOMINAL,NORMAL,0,,0,5.2,4505,3231
1781430759.7785172,30,10,5.2677,0.934,0.0241,0.287,NOMINAL,NORMAL,0,,0,4.3,4465,3231
1781430760.2831175,30,10,9.3253,1.79,0.0362,0.418,NOMINAL,NORMAL,0,,0,4.3,4465,3231
1781430760.778619,30,10,5.2898,1.178,0.0359,0.468,NOMINAL,NORMAL,0,,0,5.3,4425,3231
1781430761.2823212,30,10,9.0221,1.244,0.0348,0.384,NOMINAL,NORMAL,0,,0,5.3,4425,3231
1781430761.77814,30,10,5.2005,0.983,0.0353,0.384,NOMINAL,NORMAL,0,,0,4.7,4425,3231
1781430762.281919,30,10,8.0893,1.234,0.0366,0.385,NOMINAL,NORMAL,0,,0,4.7,4425,3231
1781430762.780969,30,10,7.5877,1.079,0.0348,0.398,NOMINAL,NORMAL,0,,0,4.2,4465,3231
1781430763.2813635,30,10,7.3666,1.27,0.0359,0.397,NOMINAL,NORMAL,0,,0,4.2,4465,3231
1781430763.7810054,30,10,7.7113,1.223,0.0381,0.387,NOMINAL,NORMAL,0,,0,5.2,4465,3231
1781430764.2802472,30,10,7.175,1.224,0.0352,0.388,NOMINAL,NORMAL,0,,0,5.2,4465,3231
1781430764.7824454,30,10,9.1287,1.463,0.05,0.487,NOMINAL,NORMAL,0,,0,4.0,4465,3231
1781430765.2800212,30,10,6.0575,1.431,0.0347,0.389,NOMINAL,NORMAL,0,,0,4.0,4465,3231
1781430765.7829292,30,10,9.1665,1.487,0.0499,0.555,NOMINAL,NORMAL,0,,0,4.8,4425,3231
1781430766.2792027,30,10,5.4782,1.288,0.0375,0.4,NOMINAL,NORMAL,0,,0,4.8,4425,3231
1781430766.7801962,30,10,7.1486,1.211,0.0348,0.386,NOMINAL,NORMAL,0,,0,4.5,4385,3231
1781430767.2811697,30,10,8.0301,1.194,0.0371,0.387,NOMINAL,NORMAL,0,,0,4.5,4385,3231
1781430767.7827113,30,10,9.3047,1.526,0.033,0.42,NOMINAL,NORMAL,0,,0,4.8,4465,3231
1781430768.2779267,30,10,5.2949,0.774,0.0335,0.375,NOMINAL,NORMAL,0,,0,4.8,4465,3231
1781430768.7824202,30,10,9.257,1.257,0.0355,0.386,NOMINAL,NORMAL,0,,0,4.2,4425,3231
1781430769.2782733,30,10,5.2631,0.992,0.0363,0.383,NOMINAL,NORMAL,0,,0,4.2,4425,3231
1781430769.7806647,30,10,7.3511,1.222,0.0347,0.379,NOMINAL,NORMAL,0,,0,4.7,4425,3231
1781430770.2793124,30,10,6.2381,1.113,0.0356,0.384,NOMINAL,NORMAL,0,,0,4.7,4425,3231
1781430770.781243,30,10,7.3964,1.155,0.0357,0.37,NOMINAL,NORMAL,0,,0,4.8,4465,3230
1781430771.2817998,30,10,8.1869,1.474,0.0493,0.505,NOMINAL,NORMAL,0,,0,4.8,4465,3230
1781430771.7805033,30,10,6.8807,1.234,0.0369,0.385,NOMINAL,NORMAL,0,,0,4.7,4425,3230
1781430772.2824464,30,10,9.0892,1.525,0.0467,0.485,NOMINAL,NORMAL,0,,0,4.7,4425,3230
1781430772.7797852,30,10,6.2016,1.184,0.0372,0.491,NOMINAL,NORMAL,0,,0,4.3,4425,3230
1781430773.2825816,30,10,9.2176,1.419,0.0462,0.51,NOMINAL,NORMAL,0,,0,4.3,4425,3230
1781430773.7792873,30,10,5.49,1.172,0.0367,0.359,NOMINAL,NORMAL,0,,0,4.8,4465,3230
1781430774.2827215,30,10,9.2583,1.463,0.0456,0.54,NOMINAL,NORMAL,0,,0,4.8,4465,3230
1781430774.7788126,30,10,5.319,1.091,0.0252,0.26,NOMINAL,NORMAL,0,,0,5.0,4385,3230
1781430775.2830257,30,10,9.3729,1.657,0.035,0.408,NOMINAL,NORMAL,0,,0,5.0,4385,3230
1781430775.7779102,30,10,5.271,0.778,0.0235,0.303,NOMINAL,NORMAL,0,,0,4.7,4425,3230
1781430776.28245,30,10,9.4281,1.234,0.0377,0.379,NOMINAL,NORMAL,0,,0,4.7,4425,3230
1781430776.7783217,30,10,5.3866,0.968,0.0355,0.382,NOMINAL,NORMAL,0,,0,4.7,4425,3230
1781430777.2819376,30,10,8.481,1.275,0.0349,0.38,NOMINAL,NORMAL,0,,0,4.7,4425,3230
1781430777.7805078,30,10,7.3518,1.109,0.0355,0.383,NOMINAL,NORMAL,0,,0,4.5,4425,3230
1781430778.2813582,30,10,7.7316,1.249,0.0355,0.377,NOMINAL,NORMAL,0,,0,4.5,4425,3230
1781430778.78226,30,10,8.2869,1.569,0.0474,0.51,NOMINAL,NORMAL,0,,0,4.3,4425,3230
1781430779.2807508,30,10,6.872,1.251,0.0367,0.385,NOMINAL,NORMAL,0,,0,4.3,4425,3230
1781430779.7808993,30,10,7.5395,1.162,0.0463,0.495,NOMINAL,NORMAL,0,,0,4.8,4425,3230
1781430780.2803633,30,10,6.2968,1.444,0.0369,0.405,NOMINAL,NORMAL,0,,0,4.8,4425,3230
1781430780.7826443,30,10,9.1628,1.592,0.0483,0.553,NOMINAL,NORMAL,0,,0,4.8,4425,3231
1781430781.2796679,30,10,5.6532,1.282,0.0336,0.386,NOMINAL,NORMAL,0,,0,4.8,4425,3231
1781430781.7828772,30,10,9.1035,1.508,0.1217,0.594,NOMINAL,NORMAL,0,,0,4.3,4385,3231
1781430782.278969,30,10,5.3396,1.233,0.0245,0.27,NOMINAL,NORMAL,0,,0,4.3,4385,3231
1781430782.7829232,30,10,9.4026,1.628,0.0362,0.391,NOMINAL,NORMAL,0,,0,5.5,4425,3231
1781430783.2782962,30,10,5.3174,0.805,0.0249,0.328,NOMINAL,NORMAL,0,,0,5.5,4425,3231
1781430783.7828176,30,10,9.5084,1.344,0.0378,0.429,NOMINAL,NORMAL,0,,7,6.0,4545,3231
1781430784.2783773,30,10,5.3048,0.996,0.0367,0.419,NOMINAL,NORMAL,0,,7,6.0,4545,3231
1781430784.7822094,30,10,8.6108,1.242,0.0333,0.384,NOMINAL,NORMAL,0,,0,4.2,4385,3231
1781430785.2808528,30,10,7.3779,1.151,0.0361,0.393,NOMINAL,NORMAL,0,,0,4.2,4385,3231
1781430785.7814486,30,10,7.728,1.256,0.0342,0.372,NOMINAL,NORMAL,0,,0,5.3,4385,3231
1781430786.2815263,30,10,8.0885,1.368,0.0463,0.5,NOMINAL,NORMAL,0,,0,5.3,4385,3231
1781430786.7808535,30,10,7.1227,1.262,0.0363,0.385,NOMINAL,NORMAL,0,,0,4.8,4425,3231
1781430787.2783425,30,10,5.3359,0.977,0.0354,0.391,NOMINAL,NORMAL,0,,0,4.8,4425,3231
1781430787.779723,30,10,6.3935,1.269,0.0347,0.388,NOMINAL,NORMAL,0,,0,4.7,4385,3231
1781430788.28252,30,10,9.2603,1.494,0.0468,0.535,NOMINAL,NORMAL,0,,0,4.7,4385,3231
1781430788.7794743,30,10,5.92,1.2,0.0345,0.362,NOMINAL,NORMAL,0,,0,4.0,4385,3231
1781430789.2828321,30,10,9.1658,1.585,0.0484,0.571,NOMINAL,NORMAL,0,,0,4.0,4385,3231
1781430789.7790232,30,10,5.4437,1.269,0.0541,0.339,NOMINAL,NORMAL,0,,0,5.0,4425,3231
1781430790.2839587,30,10,9.7132,1.547,0.0358,0.429,NOMINAL,NORMAL,0,,0,5.0,4425,3231
1781430790.7782452,30,10,5.2724,0.977,0.0254,0.266,NOMINAL,NORMAL,0,,0,5.3,4385,3230
1781430791.2826886,30,10,9.2477,1.287,0.0372,0.431,NOMINAL,NORMAL,0,,0,5.3,4385,3230
1781430791.7782779,30,10,5.3636,0.955,0.0352,0.383,NOMINAL,NORMAL,0,,0,4.8,4346,3230
1781430792.281878,30,10,8.7561,1.271,0.0354,0.386,NOMINAL,NORMAL,0,,0,4.8,4346,3230
1781430792.780104,30,10,6.9983,1.069,0.0357,0.387,NOMINAL,NORMAL,0,,0,4.7,4385,3230
1781430793.2817044,30,10,7.8953,1.301,0.0342,0.385,NOMINAL,NORMAL,0,,0,4.7,4385,3230
1781430793.781149,30,10,7.9205,1.145,0.0481,0.506,NOMINAL,NORMAL,0,,0,4.5,4346,3230
1781430794.280913,30,10,7.3265,1.235,0.0367,0.383,NOMINAL,NORMAL,0,,0,4.5,4346,3230
1781430794.782096,30,10,8.6201,1.47,0.047,0.487,NOMINAL,NORMAL,0,,0,4.2,4385,3230
1781430795.2805145,30,10,6.5834,1.327,0.0344,0.494,NOMINAL,NORMAL,0,,0,4.2,4385,3230
1781430795.7806933,30,10,7.5691,1.083,0.0352,0.389,NOMINAL,NORMAL,0,,0,4.7,4385,3231
1781430796.2796624,30,10,5.8984,1.33,0.0374,0.391,NOMINAL,NORMAL,0,,0,4.7,4385,3231
1781430796.7829266,30,10,9.4199,1.474,0.0468,0.545,NOMINAL,NORMAL,0,,0,4.2,4385,3231
1781430797.2790902,30,10,5.4707,1.27,0.0388,0.395,NOMINAL,NORMAL,0,,0,4.2,4385,3231
1781430797.7829192,30,10,9.3148,1.486,0.0488,0.668,NOMINAL,NORMAL,0,,0,4.3,4346,3231
1781430798.2783353,30,10,5.3311,0.953,0.0255,0.275,NOMINAL,NORMAL,0,,0,4.3,4346,3231
1781430798.7831316,30,10,9.547,1.252,0.0364,0.378,NOMINAL,NORMAL,0,,0,4.2,4385,3231
1781430799.2784488,30,10,5.316,1.072,0.0376,0.392,NOMINAL,NORMAL,0,,0,4.2,4385,3231
1781430799.782,30,10,9.0486,1.167,0.0352,0.365,NOMINAL,NORMAL,0,,0,4.3,4346,3231
1781430800.2801886,30,10,6.7092,1.124,0.0352,0.386,NOMINAL,NORMAL,0,,0,4.3,4346,3231
1781430800.781116,30,10,8.1556,1.187,0.0359,0.359,NOMINAL,NORMAL,0,,0,4.5,4346,3231
1781430801.2806876,30,10,7.6293,1.081,0.0364,0.403,NOMINAL,NORMAL,0,,0,4.5,4346,3231
1781430801.7786748,30,10,5.7575,0.911,0.0435,0.289,NOMINAL,NORMAL,0,,0,4.7,4385,3231
1781430802.2830894,30,10,9.4749,1.598,0.0471,0.508,NOMINAL,NORMAL,0,,0,4.7,4385,3231
1781430802.7826061,30,10,9.5687,1.184,0.0339,0.429,NOMINAL,NORMAL,0,,0,4.7,4385,3231
1781430803.2830698,30,10,9.5562,1.605,0.0498,0.514,NOMINAL,NORMAL,0,,0,4.7,4346,3231
1781430803.7796326,30,10,6.4402,1.157,0.0357,0.364,NOMINAL,NORMAL,0,,0,4.7,4346,3231
1781430804.2830393,30,10,9.3891,1.626,0.0465,0.514,NOMINAL,NORMAL,0,,0,4.8,4346,3231
1781430804.7790124,30,10,5.786,1.188,0.0371,0.38,NOMINAL,NORMAL,0,,0,4.8,4346,3231
1781430805.2838917,30,10,9.8343,1.569,0.0356,0.404,NOMINAL,NORMAL,0,,0,4.3,4385,3231
1781430805.781577,30,10,8.3839,1.434,0.0343,0.397,NOMINAL,NORMAL,0,,0,4.3,4385,3231
1781430806.2834377,30,10,9.5374,2.028,0.0345,0.388,NOMINAL,NORMAL,0,,0,4.8,4385,3231
1781430806.7777886,30,10,5.3446,0.777,0.0339,0.378,NOMINAL,NORMAL,0,,0,4.8,4385,3231
1781430807.2828918,30,10,9.6331,1.315,0.035,0.425,NOMINAL,NORMAL,0,,0,4.5,4385,3231
1781430807.7792113,30,10,6.4053,1.093,0.0352,0.38,NOMINAL,NORMAL,0,,0,4.5,4385,3231
1781430808.2793746,30,10,5.6052,1.147,0.0229,0.268,NOMINAL,NORMAL,0,,0,4.8,4385,3231
1781430808.7799487,30,10,7.2025,1.043,0.0354,0.396,NOMINAL,NORMAL,0,,0,4.8,4385,3231
1781430809.2815123,30,10,7.9038,1.313,0.037,0.393,NOMINAL,NORMAL,0,,0,4.2,4385,3231
1781430809.7825928,30,10,8.7157,1.812,0.0451,0.531,NOMINAL,NORMAL,0,,0,4.2,4385,3231
1781430810.2809162,30,10,7.1244,1.265,0.0347,0.381,NOMINAL,NORMAL,0,,1,5.0,4385,3231
1781430810.7818453,30,10,8.2753,1.698,0.0455,0.515,NOMINAL,NORMAL,0,,1,5.0,4385,3231
1781430811.2799654,30,10,6.4044,1.258,0.0385,0.408,NOMINAL,NORMAL,0,,1,4.8,4385,3231
1781430811.7829075,30,10,9.3687,1.522,0.0476,0.558,NOMINAL,NORMAL,0,,1,4.8,4385,3231
1781430812.2794106,30,10,5.8737,1.236,0.0365,0.383,NOMINAL,NORMAL,0,,85,4.7,4385,3231
1781430812.7830517,30,10,9.3305,1.804,0.0473,0.583,NOMINAL,NORMAL,0,,85,4.7,4385,3231
1781430813.2789106,30,10,5.2852,1.24,0.0371,0.373,NOMINAL,NORMAL,0,,70,5.0,4385,3231
1781430813.7827554,30,10,9.368,1.443,0.0379,0.457,NOMINAL,NORMAL,0,,70,5.0,4385,3231
1781430814.2795036,30,10,5.8735,1.411,0.0345,0.38,NOMINAL,NORMAL,0,,99,4.2,4425,3231
1781430814.7826319,30,10,9.6326,1.181,0.0364,0.401,NOMINAL,NORMAL,0,,99,4.2,4425,3231
1781430815.2797358,30,10,6.5243,1.116,0.0374,0.392,NOMINAL,NORMAL,0,,99,4.7,4425,3231
1781430815.7822254,30,10,8.7616,1.487,0.0349,0.396,NOMINAL,NORMAL,0,,99,4.7,4425,3231
1781430816.2806904,30,10,7.7582,1.025,0.0348,0.374,NOMINAL,NORMAL,0,,99,5.3,4465,3231
1781430816.7814782,30,10,7.9814,1.202,0.0348,0.375,NOMINAL,NORMAL,0,,99,5.3,4465,3231
1781430817.2835505,30,10,9.9332,1.624,0.0462,0.503,NOMINAL,NORMAL,0,,99,4.5,4465,3231
1781430817.7807033,30,10,7.3478,1.154,0.0346,0.366,NOMINAL,NORMAL,0,,99,4.5,4465,3231
1781430818.2817547,30,10,8.1643,1.637,0.0444,0.491,NOMINAL,NORMAL,0,,99,4.5,4425,3231
1781430818.7797701,30,10,6.5764,1.433,0.0322,0.364,NOMINAL,NORMAL,0,,99,4.5,4425,3231
1781430819.2830465,30,10,8.9875,1.825,0.0422,0.491,NOMINAL,NORMAL,0,,99,5.0,4465,3231
1781430819.7795925,30,10,5.6357,1.542,0.0384,0.399,NOMINAL,NORMAL,0,,99,5.0,4465,3231
1781430820.2814777,30,10,7.9418,1.302,0.036,0.623,NOMINAL,NORMAL,0,,89,4.8,4505,3231
1781430820.778727,30,10,5.2551,1.39,0.023,0.301,NOMINAL,NORMAL,0,,89,4.8,4505,3231
1781430821.282777,30,10,9.2355,1.689,0.0741,0.416,NOMINAL,NORMAL,0,,99,4.5,4465,3231
1781430821.7782052,30,10,5.2513,0.97,0.0346,0.372,NOMINAL,NORMAL,0,,99,4.5,4465,3231
1781430822.2827013,30,10,9.3351,1.495,0.0358,0.411,NOMINAL,NORMAL,0,,68,4.7,4465,3231
1781430822.7788787,30,10,5.6934,1.085,0.0354,0.434,NOMINAL,NORMAL,0,,68,4.7,4465,3231
1781430823.2818396,30,10,8.598,1.41,0.0324,0.378,NOMINAL,NORMAL,0,,48,4.3,4505,3231
1781430823.780158,30,10,6.8535,1.314,0.0347,0.383,NOMINAL,NORMAL,0,,48,4.3,4505,3231
1781430824.2816327,30,10,7.8591,1.461,0.0354,0.363,NOMINAL,NORMAL,0,,71,4.2,4465,3231
1781430824.7822225,30,10,8.2861,1.757,0.0476,0.493,NOMINAL,NORMAL,0,,71,4.2,4465,3231
1781430825.2810519,30,10,6.978,1.56,0.033,0.374,NOMINAL,NORMAL,0,,16,5.0,4465,3231
1781430825.7827902,30,10,8.9518,1.852,0.0439,0.531,NOMINAL,NORMAL,0,,16,5.0,4465,3231
1781430826.2800264,30,10,6.2959,1.414,0.0292,0.334,NOMINAL,NORMAL,0,,0,4.7,4505,3231
1781430826.7827084,30,10,9.2481,1.492,0.0445,0.518,NOMINAL,NORMAL,0,,0,4.7,4505,3231
1781430827.2787347,30,10,5.7468,1.135,0.0608,0.392,NOMINAL,NORMAL,0,,26,4.2,4505,3231
1781430827.783107,30,10,9.2007,1.866,0.0458,0.494,NOMINAL,NORMAL,0,,26,4.2,4505,3231
1781430828.2788959,30,10,5.3257,1.396,0.0233,0.258,NOMINAL,NORMAL,0,,0,4.3,4465,3231
1781430828.7830923,30,10,9.2807,1.832,0.0362,0.391,NOMINAL,NORMAL,0,,0,4.3,4465,3231
1781430829.278259,30,10,5.2614,1.037,0.0256,0.26,NOMINAL,NORMAL,0,,0,4.7,4465,3231
1781430829.7826712,30,10,9.4453,1.273,0.0372,0.416,NOMINAL,NORMAL,0,,0,4.7,4465,3231
1781430830.2786314,30,10,5.3177,1.249,0.0375,0.427,NOMINAL,NORMAL,0,,3,4.7,4505,3232
1781430830.7824636,30,10,8.5321,1.369,0.0383,0.414,NOMINAL,NORMAL,0,,3,4.7,4505,3232
1781430831.2804718,30,10,6.7779,1.642,0.0377,0.396,NOMINAL,NORMAL,0,,0,5.2,4505,3232
1781430831.7820227,30,10,7.8104,1.743,0.0356,0.396,NOMINAL,NORMAL,0,,0,5.2,4505,3232
1781430832.282608,30,10,8.1492,2.094,0.0467,0.561,NOMINAL,NORMAL,0,,0,5.0,4505,3232
1781430832.781394,30,10,7.195,1.883,0.0328,0.403,NOMINAL,NORMAL,0,,0,5.0,4505,3232
1781430833.2831278,30,10,8.6654,2.286,0.0465,0.522,NOMINAL,NORMAL,0,,0,4.7,4465,3232
1781430833.7801492,30,10,6.4243,1.471,0.034,0.387,NOMINAL,NORMAL,0,,0,4.7,4465,3232
1781430834.2834723,30,10,9.0981,2.299,0.0486,0.523,NOMINAL,NORMAL,0,,0,3.8,4465,3232
1781430834.7802935,30,10,5.8391,1.982,0.0352,0.398,NOMINAL,NORMAL,0,,0,3.8,4465,3232
1781430835.2837305,30,10,9.1882,2.231,0.0461,0.515,NOMINAL,NORMAL,0,,0,4.7,4465,3232
1781430835.7793021,30,10,5.4387,1.656,0.0236,0.269,NOMINAL,NORMAL,0,,0,4.7,4465,3232
1781430836.283292,30,10,9.2399,2.09,0.0391,0.388,NOMINAL,NORMAL,0,,0,5.0,4505,3232
1781430836.7788575,30,10,5.301,1.394,0.0349,0.435,NOMINAL,NORMAL,0,,0,5.0,4505,3232
1781430837.2833834,30,10,9.3605,2.081,0.0359,0.402,NOMINAL,NORMAL,0,,0,4.7,4465,3232
1781430837.778694,30,10,5.285,1.306,0.0372,0.433,NOMINAL,NORMAL,0,,0,4.7,4465,3232
1781430838.2822568,30,10,8.8479,1.417,0.0334,0.36,NOMINAL,NORMAL,0,,0,4.3,4465,3232
1781430838.7797747,30,10,6.4582,1.3,0.0353,0.386,NOMINAL,NORMAL,0,,0,4.3,4465,3232
1781430839.282215,30,10,7.9407,1.757,0.0346,0.386,NOMINAL,NORMAL,0,,0,4.7,4465,3232
1781430839.7818184,30,10,8.0697,1.541,0.0464,0.482,NOMINAL,NORMAL,0,,0,4.7,4465,3232
1781430840.2817588,30,10,7.443,1.582,0.0341,0.387,NOMINAL,NORMAL,0,,0,5.0,4465,3232
1781430840.7835996,30,10,9.0595,2.349,0.0479,0.543,NOMINAL,NORMAL,0,,0,5.0,4465,3232
1781430841.2811148,30,10,7.7141,1.508,0.0349,0.383,NOMINAL,NORMAL,0,,0,5.3,4465,3232
1781430841.7832832,30,10,9.4074,1.912,0.0467,0.503,NOMINAL,NORMAL,0,,0,5.3,4465,3232
1781430842.2806735,30,10,6.1829,2.016,0.0352,0.409,NOMINAL,NORMAL,0,,0,3.7,4465,3232
1781430842.7837672,30,10,9.4694,2.295,0.0476,0.506,NOMINAL,NORMAL,0,,0,3.7,4465,3232
1781430843.279836,30,10,5.3938,1.867,0.0243,0.283,NOMINAL,NORMAL,0,,0,4.8,4425,3232
1781430843.784609,30,10,9.8407,2.078,0.0411,0.42,NOMINAL,NORMAL,0,,0,4.8,4425,3232
1781430844.2793612,30,10,5.5247,1.447,0.0344,0.397,NOMINAL,NORMAL,0,,0,5.8,4505,3232
1781430844.7834282,30,10,9.5051,2.05,0.034,0.391,NOMINAL,NORMAL,0,,0,5.8,4505,3232
1781430845.2793698,30,10,5.7733,1.44,0.0357,0.401,NOMINAL,NORMAL,0,,0,4.7,4425,3232
1781430845.7833693,30,10,9.5576,1.941,0.038,0.408,NOMINAL,NORMAL,0,,0,4.7,4425,3232
1781430846.2792509,30,10,5.3404,1.926,0.0361,0.412,NOMINAL,NORMAL,0,,0,5.0,4465,3232
1781430846.7827759,30,10,8.4999,1.767,0.0821,0.451,NOMINAL,NORMAL,0,,0,5.0,4465,3232
1781430847.2820482,30,10,8.009,1.778,0.0483,0.523,NOMINAL,NORMAL,0,,0,4.3,4425,3232
1781430847.7819057,30,10,7.7647,1.791,0.0342,0.389,NOMINAL,NORMAL,0,,0,4.3,4425,3232
1781430848.2834685,30,10,9.0325,2.262,0.0469,0.522,NOMINAL,NORMAL,0,,0,5.0,4425,3232
1781430848.7811656,30,10,7.115,1.76,0.0373,0.387,NOMINAL,NORMAL,0,,0,5.0,4425,3232
1781430849.283715,30,10,9.3661,2.419,0.0501,0.552,NOMINAL,NORMAL,0,,0,5.2,4425,3232
1781430849.7803051,30,10,6.3283,1.598,0.0333,0.399,NOMINAL,NORMAL,0,,0,5.2,4425,3232
1781430850.283483,30,10,9.6388,1.719,0.0467,0.528,NOMINAL,NORMAL,0,,0,5.5,4425,3232
1781430850.7817252,30,10,8.2537,1.529,0.0353,0.409,NOMINAL,NORMAL,0,,0,5.5,4425,3232
1781430851.2833226,30,10,9.3161,2.02,0.0459,0.481,NOMINAL,NORMAL,0,,0,4.7,4465,3232
1781430851.779049,30,10,5.4376,1.36,0.0247,0.272,NOMINAL,NORMAL,0,,0,4.7,4465,3232
1781430852.2833335,30,10,9.3653,2.076,0.0357,0.444,NOMINAL,NORMAL,0,,0,4.5,4425,3232
1781430852.7806637,30,10,7.5633,1.39,0.0467,0.514,NOMINAL,NORMAL,0,,0,4.5,4425,3232
1781430853.2825084,30,10,9.5231,1.173,0.0339,0.382,NOMINAL,NORMAL,0,,0,4.5,4425,3232
1781430853.7795734,30,10,6.3751,1.327,0.0381,0.395,NOMINAL,NORMAL,0,,0,4.5,4425,3232
1781430854.2821877,30,10,8.6413,1.245,0.0374,0.385,NOMINAL,NORMAL,0,,0,5.2,4425,3232
1781430854.7814527,30,10,7.9174,1.436,0.0457,0.509,NOMINAL,NORMAL,0,,0,5.2,4425,3232
1781430855.2819233,30,10,7.8805,1.568,0.0348,0.415,NOMINAL,NORMAL,0,,0,5.2,4385,3232
1781430855.781479,30,10,7.5764,1.386,0.0354,0.466,NOMINAL,NORMAL,0,,0,5.2,4385,3232
1781430856.2806711,30,10,7.2298,1.22,0.0338,0.378,NOMINAL,NORMAL,0,,0,4.7,4385,3232
1781430856.7828567,30,10,9.3075,1.619,0.0495,0.604,NOMINAL,NORMAL,0,,0,4.7,4385,3232
1781430857.2798536,30,10,6.3942,1.277,0.0348,0.378,NOMINAL,NORMAL,0,,0,4.7,4425,3232
1781430857.782815,30,10,9.1831,1.539,0.0455,0.593,NOMINAL,NORMAL,0,,0,4.7,4425,3232
1781430858.2815933,30,10,7.5831,1.342,0.0348,0.39,NOMINAL,NORMAL,0,,0,4.8,4505,3231
1781430858.7842295,30,10,10.1592,1.87,0.0362,0.416,NOMINAL,NORMAL,0,,0,4.8,4505,3231
1781430859.278869,30,10,5.2925,1.348,0.0247,0.27,NOMINAL,NORMAL,0,,0,6.2,4465,3230
1781430859.7830591,30,10,9.4592,1.748,0.0349,0.396,NOMINAL,NORMAL,0,,0,6.2,4465,3230
1781430860.279016,30,10,5.5253,1.396,0.0378,0.399,NOMINAL,NORMAL,0,,0,4.3,4425,3230
1781430860.7828927,30,10,9.7541,1.304,0.0332,0.415,NOMINAL,NORMAL,0,,0,4.3,4425,3230
1781430861.2782075,30,10,5.344,0.983,0.0358,0.395,NOMINAL,NORMAL,0,,0,4.7,4385,3230
1781430861.7803128,30,10,6.3573,1.625,0.0233,0.279,NOMINAL,NORMAL,0,,0,4.7,4385,3230
1781430862.2807622,30,10,7.5345,1.328,0.0341,0.389,NOMINAL,NORMAL,0,,0,5.0,4425,3230
1781430862.7818918,30,10,8.2346,1.546,0.0381,0.4,NOMINAL,NORMAL,0,,0,5.0,4425,3230
1781430863.2823067,30,10,8.7629,1.545,0.0453,0.501,NOMINAL,NORMAL,0,,0,4.0,4385,3230
1781430863.7808106,30,10,7.2991,1.237,0.0365,0.385,NOMINAL,NORMAL,0,,0,4.0,4385,3230
1781430864.2828135,30,10,9.5163,1.521,0.0483,0.556,NOMINAL,NORMAL,0,,0,4.5,4385,3230
1781430864.7790577,30,10,5.741,1.299,0.0363,0.404,NOMINAL,NORMAL,0,,0,4.5,4385,3230
1781430865.2834177,30,10,9.1196,2.199,0.0469,0.511,NOMINAL,NORMAL,0,,0,4.7,4385,3230
1781430865.7799547,30,10,6.1135,1.541,0.0333,0.398,NOMINAL,NORMAL,0,,0,4.7,4385,3230
1781430866.282742,30,10,9.1898,1.484,0.0479,0.553,NOMINAL,NORMAL,0,,0,4.3,4385,3230
1781430866.7788467,30,10,5.2609,1.262,0.0238,0.266,NOMINAL,NORMAL,0,,0,4.3,4385,3230
1781430867.2831748,30,10,9.606,1.694,0.0338,0.385,NOMINAL,NORMAL,0,,7,4.8,4425,3230
1781430867.7795677,30,10,6.095,1.059,0.0374,0.395,NOMINAL,NORMAL,0,,7,4.8,4425,3230
1781430868.2830298,30,10,9.7603,1.503,0.0344,0.396,NOMINAL,NORMAL,0,,0,4.5,4385,3230
1781430868.779651,30,10,6.3388,1.373,0.0372,0.4,NOMINAL,NORMAL,0,,0,4.5,4385,3230
1781430869.2822225,30,10,8.8457,1.496,0.0314,0.391,NOMINAL,NORMAL,0,,0,4.2,4385,3230
1781430869.7806687,30,10,7.3604,1.341,0.0333,0.392,NOMINAL,NORMAL,0,,0,4.2,4385,3230
1781430870.281863,30,10,8.0648,1.305,0.0337,0.396,NOMINAL,NORMAL,0,,0,5.0,4425,3230
1781430870.783504,30,10,9.6196,1.606,0.0473,0.516,NOMINAL,NORMAL,0,,0,5.0,4425,3230
1781430871.2806277,30,10,7.3157,1.154,0.0319,0.366,NOMINAL,NORMAL,0,,0,4.3,4425,3230
1781430871.7814498,30,10,7.935,1.63,0.0454,0.507,NOMINAL,NORMAL,0,,0,4.3,4425,3230
1781430872.2805917,30,10,6.8089,1.537,0.0323,0.394,NOMINAL,NORMAL,0,,0,4.3,4385,3230
1781430872.7830796,30,10,9.627,1.562,0.0462,0.685,NOMINAL,NORMAL,0,,0,4.3,4385,3230
1781430873.27978,30,10,5.9662,1.534,0.0325,0.375,NOMINAL,NORMAL,0,,24,4.7,4385,3230
1781430873.7832308,30,10,9.3132,1.878,0.0455,0.514,NOMINAL,NORMAL,0,,24,4.7,4385,3230
1781430874.2788227,30,10,5.3246,1.202,0.0224,0.315,NOMINAL,NORMAL,0,,0,4.2,4385,3230
1781430874.7827487,30,10,9.3359,1.51,0.039,0.464,NOMINAL,NORMAL,0,,0,4.2,4385,3230
1781430875.2785382,30,10,5.5546,0.867,0.037,0.429,NOMINAL,NORMAL,0,,0,4.5,4385,3230
1781430875.7833917,30,10,10.0083,1.572,0.0334,0.389,NOMINAL,NORMAL,0,,0,4.5,4385,3230
1781430876.2791038,30,10,6.0055,1.114,0.0339,0.393,NOMINAL,NORMAL,0,,30,4.2,4385,3230
1781430876.7823622,30,10,9.1594,1.461,0.0324,0.383,NOMINAL,NORMAL,0,,30,4.2,4385,3230
1781430877.2799747,30,10,6.9848,1.066,0.0363,0.391,NOMINAL,NORMAL,0,,0,4.8,4385,3230
1781430877.7816765,30,10,8.2332,1.185,0.0332,0.378,NOMINAL,NORMAL,0,,0,4.8,4385,3230
1781430878.2819755,30,10,8.4778,1.45,0.0461,0.502,NOMINAL,NORMAL,0,,0,4.7,4385,3230
1781430878.780931,30,10,7.4462,1.188,0.0493,0.395,NOMINAL,NORMAL,0,,0,4.7,4385,3230
1781430879.2828825,30,10,9.3407,1.527,0.093,0.556,NOMINAL,NORMAL,0,,0,4.7,4385,3230
1781430879.7807264,30,10,7.1056,1.44,0.0364,0.378,NOMINAL,NORMAL,0,,0,4.7,4385,3230
1781430880.283654,30,10,10.116,1.596,0.0452,0.524,NOMINAL,NORMAL,0,,0,4.7,4385,3230
1781430880.7798307,30,10,6.1045,1.459,0.036,0.388,NOMINAL,NORMAL,0,,0,4.7,4385,3230
1781430881.2831388,30,10,9.447,1.516,0.0458,0.502,NOMINAL,NORMAL,0,,0,4.8,4353,3230
1781430881.7792518,30,10,5.408,1.477,0.0234,0.267,NOMINAL,NORMAL,0,,0,4.8,4353,3230
1781430882.2810888,30,10,7.5601,1.6,0.0343,0.409,NOMINAL,NORMAL,0,,0,4.8,4353,3230
1781430882.7783756,30,10,5.3511,1.107,0.024,0.271,NOMINAL,NORMAL,0,,0,5.0,4385,3230
1781430883.2831664,30,10,9.3792,1.926,0.0376,0.395,NOMINAL,NORMAL,0,,0,5.0,4385,3230
1781430883.7788637,30,10,5.2485,1.714,0.0351,0.448,NOMINAL,NORMAL,0,,0,4.5,4385,3230
1781430884.2829092,30,10,9.5113,1.56,0.0331,0.405,NOMINAL,NORMAL,0,,0,4.5,4385,3230
1781430884.7804976,30,10,6.9217,1.659,0.035,0.393,NOMINAL,NORMAL,0,,0,5.2,4385,3230
1781430885.2827694,30,10,7.9961,1.644,0.036,0.524,NOMINAL,NORMAL,0,,0,5.2,4385,3230
1781430885.781253,30,10,8.0928,1.135,0.0471,0.509,NOMINAL,NORMAL,0,,0,4.2,4385,3230
1781430886.280827,30,10,7.7461,1.264,0.0333,0.384,NOMINAL,NORMAL,0,,0,4.2,4385,3230
1781430886.7830203,30,10,9.2196,1.577,0.047,0.6,NOMINAL,NORMAL,0,,0,5.0,4385,3230
1781430887.280859,30,10,6.8733,1.607,0.0366,0.411,NOMINAL,NORMAL,0,,0,5.0,4385,3230
1781430887.7832804,30,10,9.3779,1.87,0.046,0.512,NOMINAL,NORMAL,0,,0,5.3,4385,3230
1781430888.279946,30,10,6.2405,1.335,0.0386,0.392,NOMINAL,NORMAL,0,,0,5.3,4385,3230
1781430888.783468,30,10,9.5701,1.922,0.0479,0.512,NOMINAL,NORMAL,0,,0,5.2,4385,3230
1781430889.2795532,30,10,5.4223,1.597,0.0247,0.276,NOMINAL,NORMAL,0,,0,5.2,4385,3230
1781430889.7833152,30,10,9.4593,1.937,0.0404,0.449,NOMINAL,NORMAL,0,,0,5.2,4385,3230
1781430890.2788577,30,10,5.6211,0.895,0.03,0.347,NOMINAL,NORMAL,0,,0,5.2,4385,3230
1781430890.7834685,30,10,9.4347,2.181,0.0345,0.387,NOMINAL,NORMAL,0,,65,4.7,4385,3230
1781430891.2790055,30,10,5.2813,1.688,0.0358,0.392,NOMINAL,NORMAL,0,,65,4.7,4385,3230
1781430891.7823749,30,10,9.5507,1.134,0.0337,0.379,NOMINAL,NORMAL,0,,60,4.8,4385,3230
1781430892.2799225,30,10,5.969,1.706,0.0352,0.386,NOMINAL,NORMAL,0,,60,4.8,4385,3230
1781430892.782136,30,10,8.4511,1.241,0.034,0.384,NOMINAL,NORMAL,0,,99,4.7,4425,3230
1781430893.2822046,30,10,8.2523,1.686,0.0472,0.52,NOMINAL,NORMAL,0,,99,4.7,4425,3230
1781430893.7811153,30,10,7.7901,1.212,0.0347,0.378,NOMINAL,NORMAL,0,,99,5.0,4425,3230
1781430894.2845678,30,10,8.6821,1.584,0.0473,2.83,PRE_ALERT,TRIGGERED,1,PD3A-OU|PD3A-OUT|PD1A-OUT,99,5.0,4425,3230
1781430894.7809615,30,10,7.0872,1.58,0.0327,0.393,PRE_ALERT,TRIGGERED,2,PD3A-OU|PD3A-OUT|PD1A-OUT,99,4.7,4425,3230
1781430895.2836983,30,10,7.4815,2.287,0.0444,2.462,ALERT,TRIGGERED,3,PD3A-OU|PD3A-OUT|PD1A-OUT,99,4.7,4425,3230
1781430895.7801943,30,10,6.284,1.559,0.0364,0.411,ALERT,TRIGGERED,3,PD3A-OU|PD3A-OUT|PD1A-OUT,99,4.3,4465,3230
1781430896.2836542,30,10,9.3243,2.333,0.0459,0.538,ALERT,TRIGGERED,3,PD3A-OU|PD3A-OUT|PD1A-OUT,99,4.3,4465,3230
1781430896.779528,30,10,5.8767,1.279,0.0332,0.368,ALERT,TRIGGERED,3,PD3A-OU|PD3A-OUT|PD1A-OUT,99,4.3,4425,3230
1781430897.2835336,30,10,9.4957,1.948,0.0368,0.444,ALERT,TRIGGERED,3,PD3A-OU|PD3A-OUT|PD1A-OUT,99,4.3,4425,3230
1781430897.7786708,30,10,5.2205,1.212,0.0229,0.301,ALERT,TRIGGERED,3,PD3A-OU|PD3A-OUT|PD1A-OUT,99,4.8,4425,3230
1781430898.2829795,30,10,9.3099,1.755,0.0342,0.399,ALERT,TRIGGERED,3,PD3A-OU|PD3A-OUT|PD1A-OUT,99,4.8,4425,3230
1781430898.7783875,30,10,5.2002,1.12,0.034,0.396,ALERT,TRIGGERED,3,PD3A-OU|PD3A-OUT|PD1A-OUT,99,4.5,4465,3230
1781430899.282821,30,10,9.4623,1.491,0.0338,0.436,ALERT,TRIGGERED,3,PD3A-OU|PD3A-OUT|PD1A-OUT,99,4.5,4465,3230
1781430899.779986,30,10,6.6722,1.136,0.0345,0.403,ALERT,TRIGGERED,3,PD3A-OUT,99,4.8,4465,3230
1781430900.2819526,30,10,7.7819,1.343,0.0374,0.424,ALERT,TRIGGERED,3,PD3A-OUT,99,4.8,4465,3230
1781430900.7838383,30,10,8.2247,1.214,0.0497,2.547,NOMINAL,NORMAL,0,,53,4.0,4505,3230
1781430901.2818422,30,10,7.8113,1.514,0.0358,0.411,NOMINAL,NORMAL,0,,53,4.0,4505,3230
1781430901.7830098,30,10,8.7685,1.873,0.0484,0.625,NOMINAL,NORMAL,0,,47,4.7,4465,3230
1781430902.2807713,30,10,7.3051,1.261,0.035,0.43,NOMINAL,NORMAL,0,,47,4.7,4465,3230
1781430902.782932,30,10,9.552,1.509,0.0503,0.556,NOMINAL,NORMAL,0,,99,4.5,4505,3231
1781430903.2804687,30,10,6.4964,1.597,0.0348,0.396,NOMINAL,NORMAL,0,,99,4.5,4505,3231
1781430903.7834895,30,10,9.3069,1.982,0.0502,0.539,NOMINAL,NORMAL,0,,7,4.5,4505,3231
1781430904.279503,30,10,5.5515,1.524,0.0354,0.4,NOMINAL,NORMAL,0,,7,4.5,4505,3231
1781430904.7830951,30,10,9.1565,1.901,0.0475,0.514,NOMINAL,NORMAL,0,,27,6.0,4505,3231
1781430905.2787573,30,10,5.3104,1.273,0.0252,0.32,NOMINAL,NORMAL,0,,27,6.0,4505,3231
1781430905.7827668,30,10,9.3248,1.433,0.0631,0.423,NOMINAL,NORMAL,0,,0,4.3,4505,3231
1781430906.2780836,30,10,5.2287,0.8,0.0351,0.386,NOMINAL,NORMAL,0,,0,4.3,4505,3231
1781430906.782335,30,10,9.2207,1.269,0.0381,0.37,NOMINAL,NORMAL,0,,0,4.5,4465,3231
1781430907.2801251,30,10,5.3019,1.207,0.036,2.108,PRE_ALERT,TRIGGERED,1,PD3A-OUT,0,4.5,4465,3231
1781430907.7831428,30,10,8.427,1.216,0.0343,1.662,NOMINAL,NORMAL,0,,0,4.3,4505,3231
1781430908.2801185,30,10,7.1224,1.066,0.0354,0.385,NOMINAL,NORMAL,0,,0,4.3,4505,3231
1781430908.7823977,30,10,7.524,1.186,0.0417,1.643,PRE_ALERT,TRIGGERED,1,PD1A-OUT,0,4.7,4505,3231
1781430909.282676,30,10,9.1303,1.515,0.0478,0.547,PRE_ALERT,TRIGGERED,2,PD3A-OUT|PD1A-OUT,0,4.7,4505,3231
1781430909.7817976,30,10,6.678,1.194,0.0362,1.669,ALERT,TRIGGERED,3,PD3A-OUT,0,4.3,4505,3231
1781430910.2820916,30,10,8.684,1.543,0.0408,0.488,ALERT,TRIGGERED,3,PD3A-OUT,0,4.3,4505,3231
1781430910.7803946,30,10,6.1511,1.604,0.0369,0.386,ALERT,TRIGGERED,3,PD3A-OUT,0,4.7,4505,3231
1781430911.282736,30,10,9.186,1.859,0.0505,0.567,ALERT,TRIGGERED,3,PD3A-OUT|PD1A-OUT,0,4.7,4505,3231
1781430911.7795722,30,10,5.6271,1.576,0.0337,0.37,ALERT,TRIGGERED,3,PD3A-OUT,0,4.3,4465,3231
1781430912.2811582,30,10,8.157,1.226,0.0348,0.387,ALERT,TRIGGERED,3,PD3A-OUT|PD1A-OUT,0,4.3,4465,3231
1781430912.779323,30,10,5.7756,1.52,0.0364,0.381,ALERT,TRIGGERED,3,PD3A-OUT,0,5.2,4505,3231
1781430913.2825594,30,10,9.126,1.801,0.0367,0.465,ALERT,TRIGGERED,3,PD3A-OUT,0,5.2,4505,3231
1781430913.7783434,30,10,5.2566,1.034,0.034,0.383,ALERT,TRIGGERED,3,PD3A-OUT,33,4.8,4465,3231
1781430914.2826705,30,10,9.115,1.535,0.0337,0.419,ALERT,TRIGGERED,3,PD3A-OUT,33,4.8,4465,3231
1781430914.7781765,30,10,5.2099,0.976,0.0354,0.394,ALERT,TRIGGERED,3,PD3A-OUT|PD1A-OUT,0,4.5,4425,3231
1781430915.2797573,30,10,6.0371,1.238,0.0343,0.386,ALERT,TRIGGERED,3,PD3A-OUT,0,4.5,4425,3231
1781430915.7815516,30,10,6.7398,1.147,0.0371,2.072,NOMINAL,NORMAL,0,,0,4.0,4465,3230
1781430916.2825282,30,10,7.703,1.171,0.0411,1.663,PRE_ALERT,TRIGGERED,1,PD1A-OUT,0,4.0,4465,3230
1781430916.7817616,30,10,8.0036,1.671,0.0471,0.514,PRE_ALERT,TRIGGERED,2,PD3A-OUT,9,5.0,4465,3230
1781430917.2822473,30,10,7.1551,1.547,0.0364,1.651,ALERT,TRIGGERED,3,PD3A-OUT|PD1A-OUT,9,5.0,4465,3230
1781430917.7822216,30,10,8.782,1.487,0.0469,0.5,ALERT,TRIGGERED,3,PD3A-OUT,0,5.3,4425,3230
1781430918.2799957,30,10,6.3585,1.249,0.0359,0.384,ALERT,TRIGGERED,3,PD3A-OUT|PD1A-OUT,0,5.3,4425,3230
1781430918.7827399,30,10,9.1046,1.758,0.0458,0.538,ALERT,TRIGGERED,3,PD3A-OUT|PD1A-OUT,0,4.0,4425,3230
1781430919.279496,30,10,5.7045,1.475,0.0357,0.387,ALERT,TRIGGERED,3,PD3A-OUT|PD1A-OUT,0,4.0,4425,3230
1781430919.784552,30,10,9.1904,1.774,0.0465,2.105,NOMINAL,NORMAL,0,,0,4.5,4425,3230
1781430920.2806745,30,10,5.3376,1.312,0.025,1.736,PRE_ALERT,TRIGGERED,1,PD1A-OUT,0,4.5,4425,3230
1781430920.7830203,30,10,9.2456,1.813,0.0404,0.412,PRE_ALERT,TRIGGERED,2,PD1A-OUT,0,4.5,4425,3231
1781430921.28277,30,10,7.1847,1.315,0.0354,2.163,ALERT,TRIGGERED,3,PD3A-OUT|PD1A-OUT,0,4.5,4425,3231
1781430921.7831974,30,10,9.946,1.43,0.0346,0.382,ALERT,TRIGGERED,3,PD3A-OUT|PD1A-OUT,0,4.0,4425,3230
1781430922.280306,30,10,6.8477,1.276,0.0344,0.396,ALERT,TRIGGERED,3,PD3A-OUT|PD1A-OUT,0,4.0,4425,3230
1781430922.7827652,30,10,9.3268,1.462,0.0354,0.436,ALERT,TRIGGERED,3,PD3A-OUT|PD1A-OUT,0,4.3,4465,3230
1781430923.2807899,30,10,7.4065,1.329,0.035,0.401,ALERT,TRIGGERED,3,PD3A-OUT,0,4.3,4465,3230
1781430923.7819486,30,10,8.1785,1.445,0.0357,0.369,ALERT,TRIGGERED,3,PD3A-OUT|PD1A-OUT,0,4.3,4425,3230
1781430924.282467,30,10,8.4247,1.869,0.0477,0.546,ALERT,TRIGGERED,3,PD3A-OUT|PD1A-OUT,0,4.3,4425,3230
1781430924.7813082,30,10,7.5427,1.531,0.0359,0.382,ALERT,TRIGGERED,3,PD3A-OUT|PD1A-OUT,0,4.3,4425,3230
1781430925.282763,30,10,8.9935,1.778,0.0474,0.571,ALERT,TRIGGERED,3,PD3A-OUT|PD1A-OUT,0,4.3,4425,3230
1781430925.7805703,30,10,6.8068,1.478,0.0337,0.391,ALERT,TRIGGERED,3,PD3A-OUT|PD1A-OUT,0,4.5,4425,3230
1781430926.2835844,30,10,9.059,2.511,0.046,0.518,ALERT,TRIGGERED,3,PD3A-OUT|PD1A-OUT,0,4.5,4425,3230
1781430926.7800546,30,10,6.4778,1.207,0.0341,0.371,ALERT,TRIGGERED,3,PD3A-OUT|PD1A-OUT,0,4.2,4385,3230
1781430927.2833912,30,10,9.7137,1.628,0.0461,0.514,ALERT,TRIGGERED,3,PD3A-OUT|PD1A-OUT,0,4.2,4385,3230
1781430927.7791913,30,10,5.4217,1.447,0.0243,0.26,ALERT,TRIGGERED,3,PD3A-OUT|PD1A-OUT,0,4.2,4425,3230
1781430928.282772,30,10,9.3395,1.503,0.0463,0.557,ALERT,TRIGGERED,3,PD3A-OUT|PD1A-OUT,0,4.2,4425,3230
1781430928.7784472,30,10,5.3478,0.907,0.0236,0.267,ALERT,TRIGGERED,3,PD3A-OUT|PD1A-OUT,0,4.5,4425,3230
1781430929.282902,30,10,9.3574,1.724,0.0374,0.427,ALERT,TRIGGERED,3,PD3A-OUT|PD1A-OUT,0,4.5,4425,3230
1781430929.7787364,30,10,5.3082,1.061,0.0336,0.44,ALERT,TRIGGERED,3,PD3A-OUT|PD1A-OUT,0,4.7,4385,3230
1781430930.2821965,30,10,9.1268,1.247,0.0324,0.375,ALERT,TRIGGERED,3,PD3A-OUT|PD1A-OUT,0,4.7,4385,3230
1781430930.7797923,30,10,6.8164,1.084,0.034,0.388,ALERT,TRIGGERED,3,PD3A-OUT|PD1A-OUT,0,4.7,4425,3230
1781430931.2821412,30,10,8.4515,1.268,0.0359,0.383,ALERT,TRIGGERED,3,PD3A-OUT|PD1A-OUT,0,4.7,4425,3230
1781430931.7818577,30,10,8.3455,1.364,0.0471,0.51,ALERT,TRIGGERED,3,PD3A-OUT|PD1A-OUT,0,4.5,4425,3231
1781430932.2808824,30,10,7.7889,1.25,0.0365,0.398,ALERT,TRIGGERED,3,PD3A-OUT|PD1A-OUT,0,4.5,4425,3231
1781430932.7823777,30,10,8.7579,1.457,0.0484,0.501,ALERT,TRIGGERED,3,PD3A-OUT|PD1A-OUT,0,4.7,4425,3231
1781430933.280233,30,10,7.0662,1.251,0.0341,0.39,ALERT,TRIGGERED,3,PD3A-OUT|PD1A-OUT,0,4.7,4425,3231
1781430933.7823682,30,10,9.0272,1.436,0.0473,0.505,ALERT,TRIGGERED,3,PD3A-OUT|PD1A-OUT,0,5.0,4425,3231
1781430934.2819943,30,10,8.753,1.258,0.034,0.388,ALERT,TRIGGERED,3,PD3A-OUT|PD1A-OUT,0,5.0,4425,3231
1781430934.783014,30,10,9.5129,1.484,0.0481,0.556,ALERT,TRIGGERED,3,PD3A-OUT|PD1A-OUT,0,4.8,4425,3231
1781430935.2795112,30,10,5.6376,1.292,0.024,0.277,ALERT,TRIGGERED,3,PD3A-OUT|PD1A-OUT,0,4.8,4425,3231
1781430935.7831454,30,10,9.6442,1.541,0.0452,0.461,ALERT,TRIGGERED,3,PD3A-OUT|PD1A-OUT,0,4.2,4425,3230
1781430936.2787352,30,10,5.4543,0.891,0.0246,0.303,ALERT,TRIGGERED,3,PD3A-OUT|PD1A-OUT,0,4.2,4425,3230
1781430936.7825487,30,10,9.3724,1.358,0.0329,0.419,ALERT,TRIGGERED,3,PD3A-OUT|PD1A-OUT,0,4.5,4385,3231
1781430937.2797832,30,10,6.7944,1.253,0.0335,0.403,ALERT,TRIGGERED,3,PD3A-OUT|PD1A-OUT,0,4.5,4385,3231
1781430937.7826877,30,10,9.5823,1.211,0.0342,0.426,ALERT,TRIGGERED,3,PD3A-OUT|PD1A-OUT,0,4.5,4425,3231
1781430938.2793927,30,10,6.5274,1.091,0.0356,0.39,ALERT,TRIGGERED,3,PD3A-OUT,0,4.5,4425,3231
1781430938.7816198,30,10,8.5833,1.19,0.0354,0.374,ALERT,TRIGGERED,3,PD3A-OUT|PD1A-OUT,0,4.2,4425,3231
1781430939.281207,30,10,7.9921,1.127,0.0458,0.509,ALERT,TRIGGERED,3,PD3A-OUT|PD1A-OUT,0,4.2,4425,3231
1781430939.781564,30,10,7.9092,1.253,0.034,0.391,ALERT,TRIGGERED,3,PD3A-OUT|PD1A-OUT,0,5.5,4689,3228
1781430940.2822464,30,10,8.7285,1.464,0.0459,0.503,ALERT,TRIGGERED,3,PD3A-OUT|PD1A-OUT,0,5.5,4689,3228
1781430940.7807906,30,10,7.0668,1.253,0.0364,0.385,ALERT,TRIGGERED,3,PD3A-OUT|PD1A-OUT,0,4.8,4425,3229
1781430941.2821808,30,10,9.0835,1.515,0.0459,0.515,ALERT,TRIGGERED,3,PD3A-OUT|PD1A-OUT,0,4.8,4425,3229
1781430941.7801564,30,10,6.4499,1.305,0.035,0.376,ALERT,TRIGGERED,3,PD3A-OUT|PD1A-OUT,10,4.8,4425,3229
1781430942.2827597,30,10,9.1969,1.512,0.0458,0.558,ALERT,TRIGGERED,3,PD3A-OUT|PD1A-OUT,10,4.8,4425,3229
1781430942.778892,30,10,5.3701,1.204,0.037,0.379,ALERT,TRIGGERED,3,PD3A-OUT|PD1A-OUT,0,4.2,4385,3229
1781430943.2836328,30,10,9.7109,1.531,0.0417,0.412,ALERT,TRIGGERED,3,PD3A-OUT|PD1A-OUT,0,4.2,4385,3229
1781430943.7786577,30,10,5.2567,1.232,0.0228,0.299,ALERT,TRIGGERED,3,PD3A-OUT,0,4.3,4385,3229
1781430944.282835,30,10,9.3969,1.327,0.0322,0.434,ALERT,TRIGGERED,3,PD3A-OUT|PD1A-OUT,0,4.3,4385,3229
1781430944.7786305,30,10,5.2809,1.141,0.0225,0.29,ALERT,TRIGGERED,3,PD3A-OUT|PD1A-OUT,9,4.2,4385,3229
1781430945.2823727,30,10,9.0543,1.217,0.0357,0.38,ALERT,TRIGGERED,3,PD3A-OUT|PD1A-OUT,9,4.2,4385,3229
1781430945.778119,30,10,5.2408,0.93,0.0344,0.383,ALERT,TRIGGERED,3,PD3A-OUT|PD1A-OUT,0,4.5,4385,3228
1781430946.2816322,30,10,8.2496,1.175,0.0312,0.364,ALERT,TRIGGERED,3,PD3A-OUT|PD1A-OUT,0,4.5,4385,3228
1781430946.7809017,30,10,7.6351,1.116,0.0348,0.387,ALERT,TRIGGERED,3,PD3A-OUT|PD1A-OUT,0,5.3,4538,3228
1781430947.2812374,30,10,7.3603,1.209,0.0361,0.389,ALERT,TRIGGERED,3,PD3A-OUT|PD1A-OUT,0,5.3,4538,3228
1781430947.7830057,30,10,9.4192,1.488,0.047,0.569,ALERT,TRIGGERED,3,PD3A-OUT|PD1A-OUT,0,4.7,4425,3228
1781430948.2803898,30,10,6.812,1.184,0.0346,0.388,ALERT,TRIGGERED,3,PD3A-OUT|PD1A-OUT,0,4.7,4425,3228
1781430948.7835932,30,10,9.528,1.52,0.0472,0.502,ALERT,TRIGGERED,3,PD3A-OUT|PD1A-OUT,0,4.5,4385,3228
1781430949.2814686,30,10,7.9514,1.187,0.0327,0.374,ALERT,TRIGGERED,3,PD3A-OUT,0,4.5,4385,3228
1781430949.782727,30,10,9.1559,1.507,0.0448,0.562,ALERT,TRIGGERED,3,PD3A-OUT|PD1A-OUT,0,4.3,4385,3228
1781430950.2791958,30,10,5.4198,1.211,0.0347,0.374,ALERT,TRIGGERED,3,PD3A-OUT|PD1A-OUT,0,4.3,4385,3228
1781430950.7827806,30,10,9.171,1.522,0.0484,0.577,ALERT,TRIGGERED,3,PD3A-OUT|PD1A-OUT,0,4.5,4385,3228
1781430951.2787,30,10,5.2802,1.189,0.0522,0.306,ALERT,TRIGGERED,3,PD3A-OUT|PD1A-OUT,0,4.5,4385,3228
1781430951.7825854,30,10,9.2125,1.452,0.0368,0.425,ALERT,TRIGGERED,3,PD3A-OUT|PD1A-OUT,0,4.8,4385,3228
1781430952.2821167,30,10,8.6003,1.486,0.0448,0.511,ALERT,TRIGGERED,3,PD3A-OUT|PD1A-OUT,0,4.8,4385,3228
1781430952.782335,30,10,9.2331,1.255,0.0367,0.395,ALERT,TRIGGERED,3,PD3A-OUT|PD1A-OUT,0,5.0,4385,3228
1781430953.278881,30,10,5.5831,1.073,0.035,0.444,ALERT,TRIGGERED,3,PD3A-OUT|PD1A-OUT,0,5.0,4385,3228
1781430953.7834437,30,10,9.4482,1.593,0.0462,0.506,ALERT,TRIGGERED,3,PD3A-OUT|PD1A-OUT,0,4.5,4385,3228
1781430954.2825396,30,10,9.1393,1.577,0.046,0.557,ALERT,TRIGGERED,3,PD3A-OUT|PD1A-OUT,0,4.5,4385,3228
1781430954.7813902,30,10,7.6474,1.203,0.1672,0.512,ALERT,TRIGGERED,3,PD3A-OUT|PD1A-OUT,0,4.3,4346,3228
1781430955.2818093,30,10,8.23,1.483,0.046,0.511,ALERT,TRIGGERED,3,PD3A-OUT|PD1A-OUT,0,4.3,4346,3228
1781430955.7806005,30,10,6.8867,1.275,0.0355,0.389,ALERT,TRIGGERED,3,PD3A-OUT|PD1A-OUT,0,5.0,4346,3228
1781430956.2823617,30,10,8.8035,1.512,0.0459,0.53,ALERT,TRIGGERED,3,PD3A-OUT|PD1A-OUT,0,5.0,4346,3228
1781430956.7784522,30,10,5.4199,0.913,0.025,0.269,ALERT,TRIGGERED,3,PD3A-OUT|PD1A-OUT,0,4.7,4385,3228
1781430957.2828448,30,10,9.1663,1.587,0.0459,0.574,ALERT,TRIGGERED,3,PD3A-OUT|PD1A-OUT,0,4.7,4385,3228
1781430957.7793648,30,10,5.7554,1.241,0.035,0.377,ALERT,TRIGGERED,3,PD3A-OUT|PD1A-OUT,0,4.3,4346,3228
1781430958.2829146,30,10,9.0931,1.801,0.0502,0.574,ALERT,TRIGGERED,3,PD3A-OUT|PD1A-OUT,0,4.3,4346,3228
1781430958.779089,30,10,5.3487,1.644,0.023,0.289,ALERT,TRIGGERED,3,PD3A-OUT|PD1A-OUT,0,4.7,4346,3228
1781430959.283003,30,10,9.283,1.622,0.0386,0.421,ALERT,TRIGGERED,3,PD3A-OUT|PD1A-OUT,0,4.7,4346,3228
1781430959.7821026,30,10,8.7804,1.449,0.0464,0.493,ALERT,TRIGGERED,3,PD3A-OUT,0,4.2,4346,3229
1781430960.2781372,30,10,5.2586,0.865,0.0349,0.388,ALERT,TRIGGERED,3,PD3A-OUT|PD1A-OUT,0,4.2,4346,3229
1781430960.778746,30,10,5.3592,1.029,0.0359,0.44,ALERT,TRIGGERED,3,PD3A-OUT,0,4.8,4346,3229
1781430961.280829,30,10,7.5757,1.204,0.0347,0.385,ALERT,TRIGGERED,3,PD3A-OUT|PD1A-OUT,0,4.8,4346,3229
1781430961.7784085,30,10,5.3225,1.061,0.0352,0.397,ALERT,TRIGGERED,3,PD3A-OUT,0,4.8,4346,3229
1781430962.2815084,30,10,7.6892,1.251,0.0346,0.383,ALERT,TRIGGERED,3,PD3A-OUT,0,5.0,4346,3229
1781430962.783107,30,10,8.0283,1.06,0.0367,2.466,NOMINAL,NORMAL,0,,0,5.0,4346,3229
1781430963.278035,30,10,5.2767,0.809,0.024,0.27,NOMINAL,NORMAL,0,,0,4.2,4385,3229
1781430963.782309,30,10,8.7606,1.573,0.0456,0.506,NOMINAL,NORMAL,0,,0,4.2,4385,3229
1781430964.2801497,30,10,6.1229,1.211,0.039,0.407,NOMINAL,NORMAL,0,,0,6.2,4465,3229
1781430964.7827482,30,10,9.0674,1.519,0.0436,0.565,NOMINAL,NORMAL,0,,0,6.2,4465,3229
1781430965.2796564,30,10,5.6424,1.275,0.0356,0.378,NOMINAL,NORMAL,0,,0,4.3,4385,3229
1781430965.7827506,30,10,9.1529,1.512,0.0475,0.562,NOMINAL,NORMAL,0,,0,4.3,4385,3229
1781430966.279607,30,10,6.4423,1.103,0.0361,0.381,NOMINAL,NORMAL,0,,0,4.8,4385,3229
1781430966.7827446,30,10,9.1542,1.472,0.0388,0.46,NOMINAL,NORMAL,0,,0,4.8,4385,3229
1781430967.2783995,30,10,5.2587,0.796,0.0243,0.327,NOMINAL,NORMAL,0,,0,4.2,4346,3229
1781430967.7827413,30,10,9.3635,1.251,0.0346,0.418,NOMINAL,NORMAL,0,,0,4.2,4346,3229
1781430968.2781842,30,10,5.2657,0.954,0.0377,0.392,NOMINAL,NORMAL,0,,0,5.0,4385,3229
1781430968.7818687,30,10,8.7988,1.199,0.035,0.356,NOMINAL,NORMAL,0,,0,5.0,4385,3229
1781430969.2820122,30,10,8.3223,1.532,0.039,0.43,NOMINAL,NORMAL,0,,0,4.3,4385,3229
1781430969.7813504,30,10,7.9834,1.13,0.0342,0.361,NOMINAL,NORMAL,0,,0,4.3,4385,3229
1781430970.2823038,30,10,8.2363,1.526,0.0465,0.515,NOMINAL,NORMAL,0,,61,4.5,4385,3229
1781430970.781143,30,10,7.2399,1.555,0.0342,0.394,NOMINAL,NORMAL,0,,61,4.5,4385,3229
1781430971.2825315,30,10,8.7008,1.542,0.0448,0.542,NOMINAL,NORMAL,0,,51,5.2,4425,3229
1781430971.7803118,30,10,6.7708,1.487,0.0366,0.392,NOMINAL,NORMAL,0,,51,5.2,4425,3229
1781430972.2823205,30,10,9.1131,1.537,0.0437,0.503,NOMINAL,NORMAL,0,,44,4.5,4385,3229
1781430972.7795293,30,10,5.8174,1.441,0.0332,0.375,NOMINAL,NORMAL,0,,44,4.5,4385,3229
1781430973.2832317,30,10,9.1309,1.895,0.0469,0.495,NOMINAL,NORMAL,0,,99,4.5,4385,3229
1781430973.779075,30,10,5.3248,1.502,0.0542,0.324,NOMINAL,NORMAL,0,,99,4.5,4385,3229
1781430974.2831626,30,10,9.1141,1.914,0.0406,0.423,NOMINAL,NORMAL,0,,99,5.2,4425,3229
1781430974.7783012,30,10,5.2291,0.886,0.0221,0.256,NOMINAL,NORMAL,0,,99,5.2,4425,3229
1781430975.2827754,30,10,9.3732,1.316,0.037,0.404,NOMINAL,NORMAL,0,,99,4.7,4425,3229
1781430975.7781432,30,10,5.1721,1.151,0.0358,0.391,NOMINAL,NORMAL,0,,99,4.7,4425,3229
1781430976.2827604,30,10,8.8465,1.538,0.0696,0.422,NOMINAL,NORMAL,0,,99,4.3,4385,3229
1781430976.7796044,30,10,6.3087,1.322,0.035,0.38,NOMINAL,NORMAL,0,,99,4.3,4385,3229
1781430977.282232,30,10,7.9037,1.588,0.0339,0.383,NOMINAL,NORMAL,0,,99,4.8,4425,3229
1781430977.781033,30,10,7.7751,1.13,0.0477,0.489,NOMINAL,NORMAL,0,,99,4.8,4425,3229
1781430978.2808847,30,10,7.2626,1.251,0.0375,0.379,NOMINAL,NORMAL,0,,99,4.5,4465,3229
1781430978.7806592,30,10,7.3861,1.335,0.0466,0.494,NOMINAL,NORMAL,0,,99,4.5,4465,3229
1781430979.2804453,30,10,6.4724,1.585,0.0346,0.389,NOMINAL,NORMAL,0,,99,4.0,4425,3229
1781430979.7825837,30,10,9.1227,1.828,0.0473,0.542,NOMINAL,NORMAL,0,,99,4.0,4425,3229
1781430980.2799184,30,10,5.8069,1.507,0.0344,0.411,NOMINAL,NORMAL,0,,99,4.5,4465,3229
1781430980.7828062,30,10,9.1989,1.57,0.0809,0.527,NOMINAL,NORMAL,0,,99,4.5,4465,3229
1781430981.2790632,30,10,5.3106,1.245,0.0345,0.366,NOMINAL,NORMAL,0,,69,4.5,4465,3229
1781430981.7831323,30,10,9.2238,1.942,0.0472,0.48,NOMINAL,NORMAL,0,,69,4.5,4465,3229
1781430982.2783194,30,10,5.2393,1.045,0.0244,0.269,NOMINAL,NORMAL,0,,99,4.5,4465,3229
1781430982.7829416,30,10,9.2011,1.779,0.0391,0.471,NOMINAL,NORMAL,0,,99,4.5,4465,3229
1781430983.2781472,30,10,5.2571,0.953,0.0353,0.38,NOMINAL,NORMAL,0,,37,4.8,4505,3229
1781430983.7821875,30,10,9.0935,1.223,0.0341,0.37,NOMINAL,NORMAL,0,,37,4.8,4505,3229
1781430984.278032,30,10,5.2311,0.92,0.0337,0.374,NOMINAL,NORMAL,0,,29,5.2,4465,3229
1781430984.7821865,30,10,7.9475,1.467,0.036,0.385,NOMINAL,NORMAL,0,,29,5.2,4465,3229
1781430985.2805474,30,10,7.4439,1.076,0.0363,0.386,NOMINAL,NORMAL,0,,1,5.0,4505,3229
1781430985.7813337,30,10,7.4204,1.507,0.0348,0.385,NOMINAL,NORMAL,0,,1,5.0,4505,3229
1781430986.2826054,30,10,8.4077,1.85,0.0476,0.552,NOMINAL,NORMAL,0,,0,4.5,4465,3228
1781430986.7804294,30,10,6.9472,1.585,0.0379,0.385,NOMINAL,NORMAL,0,,0,4.5,4465,3228
1781430987.2827013,30,10,9.0101,1.818,0.0468,0.529,NOMINAL,NORMAL,0,,0,4.3,4505,3228
1781430987.7798946,30,10,6.0209,1.498,0.0348,0.388,NOMINAL,NORMAL,0,,0,4.3,4505,3228
1781430988.2830522,30,10,9.1339,1.889,0.0464,0.499,NOMINAL,NORMAL,0,,20,5.0,4505,3228
1781430988.7793667,30,10,5.4354,1.588,0.0356,0.38,NOMINAL,NORMAL,0,,20,5.0,4505,3228
1781430989.2830694,30,10,9.1628,1.889,0.0476,0.505,NOMINAL,NORMAL,0,,0,4.0,4465,3228
1781430989.7786453,30,10,5.3304,0.986,0.0258,0.293,NOMINAL,NORMAL,0,,0,4.0,4465,3228
1781430990.2830245,30,10,9.2933,1.697,0.0335,0.391,NOMINAL,NORMAL,0,,0,4.7,4465,3228
1781430990.7781556,30,10,5.2838,0.876,0.0358,0.388,NOMINAL,NORMAL,0,,0,4.7,4465,3228
1781430991.282191,30,10,9.1935,1.186,0.0355,0.375,NOMINAL,NORMAL,0,,0,4.8,4505,3229
1781430991.7781286,30,10,5.2359,0.983,0.0388,0.392,NOMINAL,NORMAL,0,,0,4.8,4505,3229
1781430992.2817981,30,10,8.2738,1.226,0.0374,0.384,NOMINAL,NORMAL,0,,0,4.2,4465,3229
1781430992.780512,30,10,7.3944,1.106,0.0351,0.395,NOMINAL,NORMAL,0,,0,4.2,4465,3229
1781430993.2818372,30,10,7.6595,1.863,0.0337,0.395,NOMINAL,NORMAL,0,,0,4.7,4465,3229
1781430993.7827919,30,10,8.2701,2.281,0.0469,0.622,NOMINAL,NORMAL,0,,0,4.7,4465,3229
1781430994.2806647,30,10,6.8099,1.456,0.0335,0.379,NOMINAL,NORMAL,0,,0,4.3,4465,3229
1781430994.7827663,30,10,9.0492,1.909,0.0475,0.557,NOMINAL,NORMAL,0,,0,4.3,4465,3229
1781430995.2799687,30,10,6.104,1.544,0.0385,0.391,NOMINAL,NORMAL,0,,0,4.0,4465,3229
1781430995.782791,30,10,9.2292,1.501,0.048,0.543,NOMINAL,NORMAL,0,,0,4.0,4465,3229
1781430996.2790976,30,10,5.458,1.162,0.0331,0.362,NOMINAL,NORMAL,0,,0,4.8,4425,3229
1781430996.7829816,30,10,9.1235,1.788,0.0505,0.594,NOMINAL,NORMAL,0,,0,4.8,4425,3229
1781430997.2786844,30,10,5.2773,1.339,0.045,0.289,NOMINAL,NORMAL,0,,0,4.5,4465,3229
1781430997.783169,30,10,9.2664,1.878,0.0383,0.419,NOMINAL,NORMAL,0,,0,4.5,4465,3229
1781430998.2781866,30,10,5.2565,1.006,0.0356,0.374,NOMINAL,NORMAL,0,,0,4.8,4465,3229
1781430998.7828057,30,10,9.0833,1.245,0.0403,0.436,NOMINAL,NORMAL,0,,0,4.8,4465,3229
1781430999.2784557,30,10,5.2184,1.131,0.0358,0.382,NOMINAL,NORMAL,0,,0,4.8,4465,3229
1781430999.7817519,30,10,8.4219,1.25,0.0363,0.378,NOMINAL,NORMAL,0,,0,4.8,4465,3229
1781431000.279968,30,10,6.9668,1.051,0.0351,0.385,NOMINAL,NORMAL,0,,0,4.2,4465,3229
1781431000.7815957,30,10,7.613,1.571,0.0337,0.409,NOMINAL,NORMAL,0,,0,4.2,4465,3229
1781431001.2816231,30,10,8.1111,1.493,0.0466,0.485,NOMINAL,NORMAL,0,,0,4.5,4425,3229
1781431001.7805212,30,10,7.0492,1.21,0.0355,0.36,NOMINAL,NORMAL,0,,0,4.5,4425,3229
1781431002.2820046,30,10,8.7565,1.489,0.0483,0.492,NOMINAL,NORMAL,0,,0,5.3,4425,3229
1781431002.7798722,30,10,6.0131,1.208,0.0344,0.475,NOMINAL,NORMAL,0,,0,5.3,4425,3229
1781431003.2828333,30,10,9.0691,1.509,0.0932,0.545,NOMINAL,NORMAL,0,,0,4.7,4505,3229
1781431003.779024,30,10,5.5674,1.225,0.0334,0.367,NOMINAL,NORMAL,0,,0,4.7,4505,3229
1781431004.2828197,30,10,9.0605,1.534,0.0479,0.542,NOMINAL,NORMAL,0,,0,4.8,4425,3229
1781431004.7788553,30,10,5.3344,1.243,0.0527,0.334,NOMINAL,NORMAL,0,,0,4.8,4425,3229
1781431005.2829094,30,10,9.2083,1.759,0.0405,0.467,NOMINAL,NORMAL,0,,0,4.7,4425,3229
1781431005.778419,30,10,5.2188,1.012,0.036,0.382,NOMINAL,NORMAL,0,,0,4.7,4425,3229
1781431006.282807,30,10,9.3664,1.535,0.0352,0.416,NOMINAL,NORMAL,0,,0,4.5,4465,3229
1781431006.7781394,30,10,5.2075,0.968,0.0372,0.388,NOMINAL,NORMAL,0,,0,4.5,4465,3229
1781431007.282152,30,10,8.6274,1.516,0.0357,0.386,NOMINAL,NORMAL,0,,0,4.7,4425,3229
1781431007.77931,30,10,6.3907,1.103,0.0356,0.387,NOMINAL,NORMAL,0,,0,4.7,4425,3229
1781431008.281698,30,10,7.8371,1.574,0.035,0.391,NOMINAL,NORMAL,0,,0,4.5,4425,3229
1781431008.7814734,30,10,8.0488,1.342,0.0503,0.5,NOMINAL,NORMAL,0,,0,4.5,4425,3229
1781431009.2810574,30,10,6.828,1.503,0.0343,0.385,NOMINAL,NORMAL,0,,0,4.7,4465,3229
1781431009.7824116,30,10,8.8338,1.512,0.0475,0.494,NOMINAL,NORMAL,0,,0,4.7,4465,3229
1781431010.280091,30,10,6.1665,1.268,0.0343,0.378,NOMINAL,NORMAL,0,,0,4.3,4385,3229
1781431010.782786,30,10,9.1012,1.503,0.0491,0.535,NOMINAL,NORMAL,0,,0,4.3,4385,3229
1781431011.2796621,30,10,5.6485,1.455,0.0357,0.371,NOMINAL,NORMAL,0,,0,4.7,4425,3229
1781431011.7828329,30,10,9.1694,1.471,0.0845,0.543,NOMINAL,NORMAL,0,,0,4.7,4425,3229
1781431012.2791243,30,10,5.2622,1.458,0.0235,0.263,NOMINAL,NORMAL,0,,0,4.5,4425,3229
1781431012.7826123,30,10,9.1427,1.498,0.0463,0.511,NOMINAL,NORMAL,0,,0,4.5,4425,3229
1781431013.2783027,30,10,5.1977,1.119,0.0239,0.303,NOMINAL,NORMAL,0,,0,4.0,4385,3229
1781431013.7829294,30,10,9.3539,1.262,0.0343,0.356,NOMINAL,NORMAL,0,,0,4.0,4385,3229
1781431014.2782748,30,10,5.26,1.081,0.0367,0.396,NOMINAL,NORMAL,0,,0,4.7,4425,3229
1781431014.7818081,30,10,8.6292,1.214,0.0355,0.375,NOMINAL,NORMAL,0,,0,4.7,4425,3229
1781431015.280777,30,10,7.1366,1.325,0.0367,0.392,NOMINAL,NORMAL,0,,0,5.3,4425,3229
1781431015.781564,30,10,8.0226,1.246,0.0345,0.384,NOMINAL,NORMAL,0,,0,5.3,4425,3229
1781431016.282292,30,10,8.0755,1.831,0.0484,0.511,NOMINAL,NORMAL,0,,0,4.2,4425,3229
1781431016.7807066,30,10,7.2987,1.15,0.0376,0.369,NOMINAL,NORMAL,0,,0,4.2,4425,3229
1781431017.2811909,30,10,7.5292,1.467,0.0474,0.517,NOMINAL,NORMAL,0,,0,4.5,4425,3229
1781431017.7798188,30,10,6.4784,1.181,0.0351,0.378,NOMINAL,NORMAL,0,,0,4.5,4425,3229
1781431018.2830694,30,10,9.1911,2.001,0.0479,0.522,NOMINAL,NORMAL,0,,0,5.0,4425,3229
1781431018.7793016,30,10,5.7863,1.294,0.0341,0.388,NOMINAL,NORMAL,0,,0,5.0,4425,3229
1781431019.2829878,30,10,9.187,1.56,0.0461,0.54,NOMINAL,NORMAL,0,,0,4.7,4385,3229
1781431019.779692,30,10,6.6995,1.084,0.0362,0.389,NOMINAL,NORMAL,0,,0,4.7,4385,3229
1781431020.28289,30,10,9.1682,1.566,0.0494,0.657,NOMINAL,NORMAL,0,,0,5.0,4385,3229
1781431020.7781966,30,10,5.2312,0.943,0.0261,0.278,NOMINAL,NORMAL,0,,0,5.0,4385,3229
1781431021.2826252,30,10,9.2815,1.382,0.0344,0.416,NOMINAL,NORMAL,0,,0,4.8,4425,3229
1781431021.7782187,30,10,5.2298,0.993,0.0359,0.395,NOMINAL,NORMAL,0,,0,4.8,4425,3229
1781431022.2819402,30,10,8.8254,1.253,0.0364,0.384,NOMINAL,NORMAL,0,,0,4.3,4385,3229
1781431022.7794232,30,10,6.2164,1.099,0.0358,0.391,NOMINAL,NORMAL,0,,0,4.3,4385,3229
1781431023.2815475,30,10,8.0944,1.161,0.0352,0.375,NOMINAL,NORMAL,0,,0,4.5,4385,3229
1781431023.7810755,30,10,7.7291,1.138,0.0489,0.508,NOMINAL,NORMAL,0,,0,4.5,4385,3229
1781431024.280943,30,10,7.0924,1.213,0.0343,0.371,NOMINAL,NORMAL,0,,0,6.7,4425,3229
1781431024.7802753,30,10,7.2219,1.09,0.0361,0.404,NOMINAL,NORMAL,0,,0,6.7,4425,3229
1781431025.2803674,30,10,6.595,1.264,0.0341,0.462,NOMINAL,NORMAL,0,,0,4.2,4385,3229
1781431025.7826657,30,10,9.1799,1.506,0.0466,0.521,NOMINAL,NORMAL,0,,0,4.2,4385,3229
1781431026.2796867,30,10,5.8371,1.354,0.0352,0.382,NOMINAL,NORMAL,0,,0,4.2,4346,3229
1781431026.782554,30,10,9.0202,1.485,0.0479,0.564,NOMINAL,NORMAL,0,,0,4.2,4346,3229
1781431027.2790751,30,10,5.3666,1.166,0.0345,0.366,NOMINAL,NORMAL,0,,0,5.0,4385,3230
1781431027.782686,30,10,9.1753,1.518,0.043,0.546,NOMINAL,NORMAL,0,,0,5.0,4385,3230
1781431028.2783163,30,10,5.1991,1.088,0.0235,0.258,NOMINAL,NORMAL,0,,0,4.3,4385,3230
1781431028.7823474,30,10,9.1454,1.436,0.0371,0.378,NOMINAL,NORMAL,0,,0,4.3,4385,3230
1781431029.2777185,30,10,5.1436,0.776,0.033,0.369,NOMINAL,NORMAL,0,,0,4.5,4346,3230
1781431029.7820265,30,10,8.7925,1.238,0.0345,0.373,NOMINAL,NORMAL,0,,0,4.5,4346,3230
1781431030.277971,30,10,5.1896,0.902,0.0344,0.379,NOMINAL,NORMAL,0,,0,5.2,4385,3230
1781431030.7818208,30,10,8.0499,1.23,0.035,0.397,NOMINAL,NORMAL,0,,0,5.2,4385,3230
1781431031.2802382,30,10,7.2131,1.062,0.0356,0.382,NOMINAL,NORMAL,0,,0,5.2,4346,3230
1781431031.7808907,30,10,7.2526,1.156,0.0369,0.36,NOMINAL,NORMAL,0,,0,5.2,4346,3230
1781431032.2815309,30,10,8.1565,1.405,0.0459,0.485,NOMINAL,NORMAL,0,,0,3.8,4346,3230
1781431032.7804098,30,10,6.4829,1.2,0.0361,0.378,NOMINAL,NORMAL,0,,0,3.8,4346,3230
1781431033.2822697,30,10,9.1036,1.491,0.0476,0.483,NOMINAL,NORMAL,0,,0,4.8,4346,3230
1781431033.7799275,30,10,5.9164,1.333,0.0337,0.38,NOMINAL,NORMAL,0,,0,4.8,4346,3230
1781431034.2825701,30,10,9.0453,1.504,0.047,0.528,NOMINAL,NORMAL,0,,2,4.8,4346,3230
1781431034.7790978,30,10,5.3791,1.173,0.038,0.381,NOMINAL,NORMAL,0,,2,4.8,4346,3230
1781431035.2827175,30,10,9.1946,1.495,0.0477,0.553,NOMINAL,NORMAL,0,,0,4.3,4346,3230
1781431035.7785165,30,10,5.2969,1.115,0.024,0.298,NOMINAL,NORMAL,0,,0,4.3,4346,3230
1781431036.2827132,30,10,9.2666,1.534,0.0362,0.415,NOMINAL,NORMAL,0,,0,4.5,4385,3231
1781431036.778414,30,10,5.2925,0.954,0.0351,0.378,NOMINAL,NORMAL,0,,0,4.5,4385,3231
1781431037.2826996,30,10,8.9422,1.272,0.0364,0.405,NOMINAL,NORMAL,0,,10,4.8,4385,3231
1781431037.779037,30,10,5.7725,1.048,0.037,0.388,NOMINAL,NORMAL,0,,10,4.8,4385,3231
1781431038.2816598,30,10,8.2734,1.161,0.0351,0.378,NOMINAL,NORMAL,0,,0,4.5,4385,3231
1781431038.7808352,30,10,7.4363,1.074,0.0348,0.391,NOMINAL,NORMAL,0,,0,4.5,4385,3231
1781431039.2809649,30,10,7.4849,1.154,0.0363,0.372,NOMINAL,NORMAL,0,,0,4.7,4346,3231
1781431039.7822595,30,10,8.3078,1.549,0.0484,0.497,NOMINAL,NORMAL,0,,0,4.7,4346,3231
1781431040.2799783,30,10,6.8897,1.274,0.0334,0.367,NOMINAL,NORMAL,0,,0,4.3,4385,3231
1781431040.782017,30,10,8.8462,1.488,0.0494,0.5,NOMINAL,NORMAL,0,,0,4.3,4385,3231
1781431041.278744,30,10,5.3399,1.194,0.0572,0.406,NOMINAL,NORMAL,0,,0,4.8,4346,3231
1781431041.7827513,30,10,9.1101,1.556,0.0488,0.594,NOMINAL,NORMAL,0,,0,4.8,4346,3231
1781431042.2791514,30,10,5.5443,1.282,0.0342,0.391,NOMINAL,NORMAL,0,,0,4.8,4346,3231
1781431042.7827618,30,10,9.0857,1.589,0.0476,0.594,NOMINAL,NORMAL,0,,0,4.7,4346,3231
1781431043.2786472,30,10,5.2563,1.199,0.024,0.283,NOMINAL,NORMAL,0,,0,4.7,4346,3231
1781431043.7827604,30,10,9.1937,1.588,0.0639,0.42,NOMINAL,NORMAL,0,,0,4.5,4385,3231
1781431044.2779477,30,10,5.2144,0.766,0.023,0.306,NOMINAL,NORMAL,0,,0,4.5,4385,3231
1781431044.782071,30,10,9.0182,1.172,0.038,0.379,NOMINAL,NORMAL,0,,0,4.5,4346,3231
1781431045.2781913,30,10,5.2223,0.902,0.0342,0.386,NOMINAL,NORMAL,0,,0,4.5,4346,3231
1781431045.7815263,30,10,8.3243,1.226,0.0336,0.372,NOMINAL,NORMAL,0,,0,4.5,4346,3231
1781431046.280584,30,10,7.3352,1.103,0.0357,0.395,NOMINAL,NORMAL,0,,0,4.5,4346,3231
1781431046.781096,30,10,7.7093,1.126,0.0341,0.365,NOMINAL,NORMAL,0,,0,4.7,4346,3231
1781431047.281966,30,10,8.2026,1.55,0.0464,0.499,NOMINAL,NORMAL,0,,0,4.7,4346,3231
1781431047.780495,30,10,6.9823,1.143,0.0344,0.37,NOMINAL,NORMAL,0,,0,4.5,4385,3232
1781431048.2791407,30,10,6.3242,1.073,0.0355,0.384,NOMINAL,NORMAL,0,,0,4.5,4385,3232
1781431048.7799847,30,10,6.2454,1.302,0.0365,0.388,NOMINAL,NORMAL,0,,0,4.5,4385,3232
1781431049.2839236,30,10,9.6032,1.626,0.0468,0.507,NOMINAL,NORMAL,0,,0,4.5,4385,3232
1781431049.7790961,30,10,5.6179,1.167,0.0334,0.376,NOMINAL,NORMAL,0,,0,4.3,4385,3232
1781431050.2826433,30,10,9.1148,1.445,0.0472,0.533,NOMINAL,NORMAL,0,,0,4.3,4385,3232
1781431050.7787478,30,10,5.3281,1.156,0.0251,0.29,NOMINAL,NORMAL,0,,57,4.5,4385,3232
1781431051.2827313,30,10,9.2083,1.531,0.0375,0.419,NOMINAL,NORMAL,0,,57,4.5,4385,3232
1781431051.778311,30,10,5.2429,1.013,0.0247,0.31,NOMINAL,NORMAL,0,,44,4.7,4385,3231
1781431052.2827916,30,10,9.3085,1.515,0.0376,0.419,NOMINAL,NORMAL,0,,44,4.7,4385,3231
1781431052.7782931,30,10,5.2493,1.008,0.0338,0.375,NOMINAL,NORMAL,0,,99,4.3,4425,3231
1781431053.2819135,30,10,8.5072,1.198,0.0342,0.375,NOMINAL,NORMAL,0,,99,4.3,4425,3231
1781431053.7798333,30,10,6.79,1.047,0.0357,0.372,NOMINAL,NORMAL,0,,99,4.5,4385,3231
1781431054.281607,30,10,7.5627,1.531,0.0373,0.392,NOMINAL,NORMAL,0,,99,4.5,4385,3231
1781431054.782139,30,10,8.0946,1.77,0.0459,0.521,NOMINAL,NORMAL,0,,99,4.8,4425,3231
1781431055.280724,30,10,6.9607,1.25,0.0359,0.377,NOMINAL,NORMAL,0,,99,4.8,4425,3231
1781431055.7826262,30,10,8.7555,1.783,0.0449,0.524,NOMINAL,NORMAL,0,,99,4.3,4425,3231
1781431056.2800584,30,10,6.291,1.201,0.0354,0.495,NOMINAL,NORMAL,0,,99,4.3,4425,3231
1781431056.782466,30,10,9.1793,1.377,0.0462,0.476,NOMINAL,NORMAL,0,,99,4.8,4425,3231
1781431057.2797365,30,10,5.7031,1.527,0.0389,0.387,NOMINAL,NORMAL,0,,99,4.8,4425,3231
1781431057.7829826,30,10,9.1337,1.734,0.0475,0.533,NOMINAL,NORMAL,0,,99,4.5,4465,3231
1781431058.2817445,30,10,8.7761,1.236,0.0338,0.371,NOMINAL,NORMAL,0,,99,4.5,4465,3231
1781431058.7828586,30,10,9.1386,1.616,0.0387,0.565,NOMINAL,NORMAL,0,,99,5.0,4505,3231
1781431059.2784104,30,10,5.2297,0.786,0.0244,0.276,NOMINAL,NORMAL,0,,99,5.0,4505,3231
1781431059.7821887,30,10,9.0584,1.193,0.0367,0.37,NOMINAL,NORMAL,0,,99,4.3,4505,3231
1781431060.2787318,30,10,5.2683,1.291,0.0348,0.419,NOMINAL,NORMAL,0,,99,4.3,4505,3231
1781431060.782266,30,10,8.7315,1.457,0.0352,0.374,NOMINAL,NORMAL,0,,63,5.7,4505,3232
1781431061.280289,30,10,7.0112,1.055,0.0354,0.377,NOMINAL,NORMAL,0,,63,5.7,4505,3232
1781431061.781533,30,10,7.8019,1.407,0.0348,0.353,NOMINAL,NORMAL,0,,99,4.8,4505,3232
1781431062.2816153,30,10,8.0477,1.314,0.0464,0.5,NOMINAL,NORMAL,0,,99,4.8,4505,3232
1781431062.7806642,30,10,7.1939,1.118,0.0375,0.361,NOMINAL,NORMAL,0,,0,4.3,4505,3232
1781431063.2828405,30,10,8.7881,1.816,0.0463,0.554,NOMINAL,NORMAL,0,,0,4.3,4505,3232
1781431063.7805855,30,10,6.5167,1.577,0.0351,0.389,NOMINAL,NORMAL,0,,22,5.0,4505,3232
1781431064.2828128,30,10,9.3264,1.559,0.0461,0.556,NOMINAL,NORMAL,0,,22,5.0,4505,3232
1781431064.7797086,30,10,5.7985,1.391,0.0362,0.365,NOMINAL,NORMAL,0,,0,4.5,4465,3232
1781431065.2827632,30,10,9.2073,1.528,0.0486,0.572,NOMINAL,NORMAL,0,,0,4.5,4465,3232
1781431065.7788694,30,10,5.3789,1.142,0.0373,0.41,NOMINAL,NORMAL,0,,0,4.2,4465,3232
1781431066.283211,30,10,9.18,1.946,0.0378,0.413,NOMINAL,NORMAL,0,,0,4.2,4465,3232
1781431066.778558,30,10,5.2092,1.155,0.0248,0.312,NOMINAL,NORMAL,0,,0,4.8,4465,3232
1781431067.2826488,30,10,9.2905,1.408,0.0381,0.456,NOMINAL,NORMAL,0,,0,4.8,4465,3232
1781431067.778232,30,10,5.1384,0.985,0.0347,0.388,NOMINAL,NORMAL,0,,0,4.0,4505,3232
1781431068.2819443,30,10,8.8403,1.279,0.0365,0.384,NOMINAL,NORMAL,0,,0,4.0,4505,3232
1781431068.7799628,30,10,6.467,1.308,0.0365,0.387,NOMINAL,NORMAL,0,,0,4.7,4465,3232
1781431069.2817192,30,10,7.9225,1.211,0.037,0.387,NOMINAL,NORMAL,0,,0,4.7,4465,3232
1781431069.7814615,30,10,7.94,1.184,0.0513,0.511,NOMINAL,NORMAL,0,,0,4.8,4505,3232
1781431070.278142,30,10,5.2143,0.962,0.0245,0.266,NOMINAL,NORMAL,0,,0,4.8,4505,3232
1781431070.7793567,30,10,6.2959,1.12,0.0356,0.384,NOMINAL,NORMAL,0,,0,5.2,4465,3232
1781431071.2802136,30,10,6.5958,1.271,0.0353,0.375,NOMINAL,NORMAL,0,,0,5.2,4465,3232
1781431071.7823074,30,10,8.9229,1.473,0.0467,0.488,NOMINAL,NORMAL,0,,9,5.0,4505,3232
1781431072.2793655,30,10,5.8732,1.227,0.0378,0.393,NOMINAL,NORMAL,0,,9,5.0,4505,3232
1781431072.782899,30,10,9.0826,1.546,0.0516,0.555,NOMINAL,NORMAL,0,,0,5.0,4465,3232
1781431073.2806933,30,10,7.564,1.079,0.0363,0.397,NOMINAL,NORMAL,0,,0,5.0,4465,3232
1781431073.7826598,30,10,9.0098,1.463,0.0482,0.536,NOMINAL,NORMAL,0,,0,4.3,4465,3232
1781431074.2785916,30,10,5.1906,1.185,0.0237,0.316,NOMINAL,NORMAL,0,,0,4.3,4465,3232
1781431074.782695,30,10,9.0855,1.449,0.0374,0.434,NOMINAL,NORMAL,0,,0,4.3,4465,3232
1781431075.2783215,30,10,5.2501,0.887,0.0355,0.375,NOMINAL,NORMAL,0,,0,4.3,4465,3232
1781431075.7823555,30,10,9.1591,1.283,0.0338,0.38,NOMINAL,NORMAL,0,,0,4.7,4465,3232
1781431076.2781594,30,10,5.174,0.916,0.0364,0.382,NOMINAL,NORMAL,0,,0,4.7,4465,3232
1781431076.7817144,30,10,7.99,1.146,0.0376,0.364,NOMINAL,NORMAL,0,,0,5.2,4425,3232
1781431077.280325,30,10,7.3836,1.048,0.0349,0.373,NOMINAL,NORMAL,0,,0,5.2,4425,3232
1781431077.7814112,30,10,7.2256,1.484,0.0354,0.401,NOMINAL,NORMAL,0,,0,4.0,4465,3232
1781431078.2824185,30,10,8.3723,1.866,0.0457,0.516,NOMINAL,NORMAL,0,,0,4.0,4465,3232
1781431078.7804303,30,10,6.6713,1.267,0.0374,0.386,NOMINAL,NORMAL,0,,0,5.0,4465,3232
1781431079.2825654,30,10,8.9374,1.758,0.0449,0.533,NOMINAL,NORMAL,0,,0,5.0,4465,3232
1781431079.7795815,30,10,6.1466,1.44,0.0335,0.369,NOMINAL,NORMAL,0,,0,4.5,4465,3232
1781431080.282833,30,10,9.1563,1.561,0.0492,0.582,NOMINAL,NORMAL,0,,0,4.5,4465,3232
1781431080.779169,30,10,5.4298,1.269,0.0351,0.383,NOMINAL,NORMAL,0,,29,4.5,4465,3232
1781431081.2828572,30,10,9.0754,1.522,0.1023,0.564,NOMINAL,NORMAL,0,,29,4.5,4465,3232
1781431081.7785287,30,10,5.2703,1.08,0.0238,0.298,NOMINAL,NORMAL,0,,0,5.0,4465,3232
1781431082.2826033,30,10,9.1359,1.395,0.0383,0.444,NOMINAL,NORMAL,0,,0,5.0,4465,3232
1781431082.7782562,30,10,5.2172,1.055,0.0369,0.373,NOMINAL,NORMAL,0,,0,3.8,4425,3232
1781431083.2825212,30,10,9.1357,1.504,0.0368,0.44,NOMINAL,NORMAL,0,,0,3.8,4425,3232
1781431083.7788703,30,10,5.1504,1.244,0.0357,0.45,NOMINAL,NORMAL,0,,9,4.8,4465,3232
1781431084.2832303,30,10,8.3321,1.205,0.0344,1.763,PRE_ALERT,TRIGGERED,1,PD3A-OUT|PD1A-OUT,9,4.8,4465,3232
1781431084.7806878,30,10,7.2267,1.317,0.0357,0.396,PRE_ALERT,TRIGGERED,2,PD3A-OUT|PD1A-OUT,0,6.2,4425,3232
1781431085.282679,30,10,7.351,1.474,0.0359,1.701,ALERT,TRIGGERED,3,PD3A-OUT|PD1A-OUT,0,6.2,4425,3232
1781431085.7829435,30,10,8.4912,1.883,0.0473,0.602,ALERT,TRIGGERED,3,PD3A-OU|PD3A-OUT|PD1A-OUT,0,4.5,4465,3232
1781431086.2807078,30,10,6.9068,1.474,0.0331,0.391,ALERT,TRIGGERED,3,PD3A-OU|PD3A-OUT|PD1A-OUT,0,4.5,4465,3232
1781431086.782431,30,10,8.9907,1.627,0.0461,0.527,ALERT,TRIGGERED,3,PD3A-OU|PD3A-OUT|PD1A-OUT,0,4.5,4425,3232
1781431087.2800748,30,10,5.9652,1.5,0.0317,0.395,ALERT,TRIGGERED,3,PD3A-OU|PD3A-OUT|PD1A-OUT,0,4.5,4425,3232
1781431087.782636,30,10,9.0369,1.5,0.0446,0.55,ALERT,TRIGGERED,3,PD3A-OU|PD3A-OUT|PD1A-OUT,0,4.5,4425,3232
1781431088.279343,30,10,5.5734,1.523,0.0345,0.393,ALERT,TRIGGERED,3,PD3A-OU|PD3A-OUT|PD1A-OUT,0,4.5,4425,3232
1781431088.7829044,30,10,9.1334,1.73,0.0499,0.574,ALERT,TRIGGERED,3,PD3A-OU|PD3A-OUT|PD1A-OUT,0,4.3,4425,3232
1781431089.2789721,30,10,5.2576,1.39,0.0252,0.286,ALERT,TRIGGERED,3,PD3A-OU|PD3A-OUT|PD1A-OUT,0,4.3,4425,3232
1781431089.7826042,30,10,9.2302,1.444,0.0376,0.468,ALERT,TRIGGERED,3,PD3A-OU|PD3A-OUT|PD1A-OUT,0,4.3,4425,3232
1781431090.2785735,30,10,5.2901,0.917,0.0331,0.431,ALERT,TRIGGERED,3,PD3A-OU|PD3A-OUT|PD1A-OUT,0,4.3,4425,3232
1781431090.7832816,30,10,9.1615,1.612,0.0339,0.399,ALERT,TRIGGERED,3,PD3A-OU|PD3A-OUT|PD1A-OUT,0,5.2,4425,3232
1781431091.2783806,30,10,5.2051,1.271,0.0347,0.397,ALERT,TRIGGERED,3,PD3A-OU|PD3A-OUT|PD1A-OUT,0,5.2,4425,3232
1781431091.7821975,30,10,8.3485,1.415,0.0322,0.363,ALERT,TRIGGERED,3,PD3A-OU|PD3A-OUT|PD1A-OUT,0,4.3,4425,3232
1781431092.280169,30,10,7.1564,1.071,0.0337,0.396,ALERT,TRIGGERED,3,PD3A-OU|PD3A-OUT|PD1A-OUT,0,4.3,4425,3232
1781431092.7812135,30,10,7.7149,1.172,0.0334,0.383,ALERT,TRIGGERED,3,PD3A-OU|PD3A-OUT|PD1A-OUT,0,4.7,4425,3232
1781431093.2822087,30,10,8.1417,1.875,0.046,0.516,ALERT,TRIGGERED,3,PD3A-OU|PD3A-OUT|PD1A-OUT,0,4.7,4425,3232
1781431093.7804809,30,10,6.8841,1.22,0.0326,0.385,ALERT,TRIGGERED,3,PD3A-OU|PD3A-OUT|PD1A-OUT,0,4.5,4425,3232
1781431094.282327,30,10,8.5775,1.863,0.0467,0.515,ALERT,TRIGGERED,3,PD3A-OU|PD3A-OUT|PD1A-OUT,0,4.5,4425,3232
1781431094.7796283,30,10,6.2318,1.142,0.0332,0.375,ALERT,TRIGGERED,3,PD3A-OU|PD3A-OUT|PD1A-OUT,0,4.5,4425,3232
1781431095.282642,30,10,9.1537,1.546,0.0447,0.57,ALERT,TRIGGERED,3,PD3A-OU|PD3A-OUT|PD1A-OUT,0,4.5,4425,3232
1781431095.7792754,30,10,5.6657,1.316,0.0326,0.387,ALERT,TRIGGERED,3,PD3A-OU|PD3A-OUT|PD1A-OUT,0,4.5,4465,3232
1781431096.2826927,30,10,9.0771,1.533,0.0465,0.579,ALERT,TRIGGERED,3,PD3A-OU|PD3A-OUT|PD1A-OUT,0,4.5,4465,3232
1781431096.778758,30,10,5.2833,1.22,0.0232,0.329,ALERT,TRIGGERED,3,PD3A-OU|PD3A-OUT|PD1A-OUT,0,4.2,4425,3232
1781431097.2827284,30,10,9.2197,1.547,0.0366,0.493,ALERT,TRIGGERED,3,PD3A-OU|PD3A-OUT|PD1A-OUT,0,4.2,4425,3232
1781431097.7779024,30,10,5.2543,0.848,0.0236,0.264,ALERT,TRIGGERED,3,PD3A-OU|PD3A-OUT|PD1A-OUT,0,5.5,4385,3232
1781431098.2823322,30,10,9.2182,1.264,0.0362,0.4,ALERT,TRIGGERED,3,PD3A-OU|PD3A-OUT|PD1A-OUT,0,5.5,4385,3232
1781431098.7780027,30,10,5.163,0.921,0.0348,0.386,ALERT,TRIGGERED,3,PD3A-OU|PD3A-OUT|PD1A-OUT,0,5.0,4385,3232
1781431099.2820966,30,10,8.6645,1.258,0.0356,0.4,ALERT,TRIGGERED,3,PD3A-OU|PD3A-OUT|PD1A-OUT,0,5.0,4385,3232
1781431099.780082,30,10,6.9034,1.1,0.0345,0.397,ALERT,TRIGGERED,3,PD3A-OU|PD3A-OUT|PD1A-OUT,0,4.3,4425,3232
1781431100.2814863,30,10,7.6755,1.253,0.0348,0.398,ALERT,TRIGGERED,3,PD3A-OU|PD3A-OUT|PD1A-OUT,0,4.3,4425,3232
1781431100.7818954,30,10,8.0889,1.477,0.046,0.497,ALERT,TRIGGERED,3,PD3A-OU|PD3A-OUT|PD1A-OUT,0,4.8,4385,3232
1781431101.2807455,30,10,7.1015,1.22,0.0353,0.384,ALERT,TRIGGERED,3,PD3A-OU|PD3A-OUT|PD1A-OUT,0,4.8,4385,3232
1781431101.7799032,30,10,7.0483,1.07,0.0347,0.388,ALERT,TRIGGERED,3,PD3A-OU|PD3A-OUT|PD1A-OUT,0,4.2,4385,3232
1781431102.2801685,30,10,6.2928,1.253,0.0351,0.515,ALERT,TRIGGERED,3,PD3A-OU|PD3A-OUT|PD1A-OUT,0,4.2,4385,3232
1781431102.7827113,30,10,9.2221,1.54,0.0451,0.553,ALERT,TRIGGERED,3,PD3A-OU|PD3A-OUT|PD1A-OUT,0,4.3,4385,3232
1781431103.2793937,30,10,5.7475,1.16,0.0316,0.372,ALERT,TRIGGERED,3,PD3A-OU|PD3A-OUT|PD1A-OUT,0,4.3,4385,3232
1781431103.7825317,30,10,9.2234,1.296,0.0404,0.517,ALERT,TRIGGERED,3,PD3A-OU|PD3A-OUT|PD1A-OUT,0,4.3,4385,3233
1781431104.279011,30,10,5.3229,1.206,0.0576,0.335,ALERT,TRIGGERED,3,PD3A-OU|PD3A-OUT|PD1A-OUT,0,4.3,4385,3233
1781431104.782766,30,10,9.1655,1.42,0.0457,0.629,ALERT,TRIGGERED,3,PD3A-OU|PD3A-OUT|PD1A-OUT,0,4.3,4385,3233
1781431105.2782907,30,10,5.2861,0.863,0.0231,0.289,ALERT,TRIGGERED,3,PD3A-OU|PD3A-OUT|PD1A-OUT,0,4.3,4385,3233
1781431105.7826474,30,10,9.3069,1.373,0.0368,0.419,ALERT,TRIGGERED,3,PD3A-OU|PD3A-OUT|PD1A-OUT,0,4.5,4385,3233
1781431106.2783608,30,10,5.251,1.077,0.0351,0.394,ALERT,TRIGGERED,3,PD3A-OU|PD3A-OUT|PD1A-OUT,0,4.5,4385,3233
1781431106.7819092,30,10,8.9219,1.179,0.0333,0.377,ALERT,TRIGGERED,3,PD3A-OU|PD3A-OUT|PD1A-OUT|PD2A-OU,0,4.5,4385,3233
1781431107.2797503,30,10,6.5129,1.152,0.035,0.4,ALERT,TRIGGERED,3,PD3A-OU|PD3A-OUT|PD1A-OUT|PD2A-OU,0,4.5,4385,3233
1781431107.7814512,30,10,7.9826,1.215,0.0314,0.375,ALERT,TRIGGERED,3,PD3A-OU|PD3A-OUT|PD1A-OUT|PD2A-OU,0,5.2,4385,3233
1781431108.2814682,30,10,7.8419,1.087,0.0469,0.731,ALERT,TRIGGERED,3,PD3A-OU|PD3A-OUT|PD1A-OUT|PD2A-OU,0,5.2,4385,3233
1781431108.780875,30,10,7.5653,1.11,0.0343,0.422,ALERT,TRIGGERED,3,PD3A-OU|PD3A-OUT|PD1A-OUT|PD2A-OU,0,4.5,4385,3233
1781431109.2808075,30,10,7.5154,1.14,0.0421,0.505,ALERT,TRIGGERED,3,PD3A-OU|PD3A-OUT|PD1A-OUT|PD2A-OU,0,4.5,4385,3233
1781431109.7799828,30,10,6.5068,1.174,0.0344,0.378,ALERT,TRIGGERED,3,PD3A-OU|PD3A-OUT|PD1A-OUT|PD2A-OU,0,4.7,4385,3233
1781431110.2823439,30,10,9.0883,1.52,0.0438,0.519,ALERT,TRIGGERED,3,PD3A-OU|PD3A-OUT|PD1A-OUT|PD2A-OU,0,4.7,4385,3233
1781431110.7795508,30,10,5.8345,1.332,0.0318,0.386,ALERT,TRIGGERED,3,PD3A-OU|PD3A-OUT|PD1A-OUT|PD2A-OU,0,4.7,4385,3233
1781431111.282714,30,10,9.1511,1.511,0.0484,0.561,ALERT,TRIGGERED,3,PD3A-OU|PD3A-OUT|PD1A-OUT|PD2A-OU,0,4.7,4385,3233
1781431111.7818623,30,10,8.1498,1.496,0.0447,0.521,ALERT,TRIGGERED,3,PD3A-OU|PD3A-OUT|PD1A-OUT|PD2A-OU,0,4.2,4346,3233
1781431112.2825718,30,10,9.1661,1.454,0.0447,0.551,ALERT,TRIGGERED,3,PD3A-OU|PD3A-OUT|PD1A-OUT|PD2A-OU,0,4.2,4346,3233
1781431112.7781377,30,10,5.2251,0.967,0.0234,0.265,ALERT,TRIGGERED,3,PD3A-OU|PD3A-OUT|PD1A-OUT|PD2A-OU,0,4.7,4346,3233
1781431113.2824712,30,10,9.2547,1.349,0.0336,0.404,ALERT,TRIGGERED,3,PD3A-OU|PD3A-OUT|PD1A-OUT|PD2A-OU,0,4.7,4346,3233
1781431113.7781117,30,10,5.2683,0.909,0.034,0.395,ALERT,TRIGGERED,3,PD3A-OU|PD3A-OUT|PD1A-OUT|PD2A-OU,0,4.8,4346,3233
1781431114.282301,30,10,8.9218,1.247,0.0349,0.384,ALERT,TRIGGERED,3,PD3A-OU|PD3A-OUT|PD1A-OUT|PD2A-OU,0,4.8,4346,3233
1781431114.782673,30,10,9.0497,1.523,0.0458,0.544,ALERT,TRIGGERED,3,PD3A-OU|PD3A-OUT|PD1A-OUT|PD2A-OU,0,4.7,4346,3233
1781431115.2813034,30,10,8.0637,1.201,0.0326,0.385,ALERT,TRIGGERED,3,PD3A-OU|PD3A-OUT|PD1A-OUT|PD2A-OU,0,4.7,4346,3233
1781431115.7808003,30,10,7.657,1.086,0.0333,0.454,ALERT,TRIGGERED,3,PD3A-OU|PD3A-OUT|PD1A-OUT|PD2A-OU,0,4.7,4346,3233
1781431116.2809477,30,10,7.2213,1.191,0.0345,0.387,ALERT,TRIGGERED,3,PD3A-OU|PD3A-OUT|PD1A-OUT|PD2A-OU,0,4.7,4346,3233
1781431116.7796073,30,10,6.5185,1.102,0.0361,0.397,ALERT,TRIGGERED,3,PD3A-OU|PD3A-OUT|PD1A-OUT|PD2A-OU,0,4.8,4385,3233
1781431117.2803876,30,10,6.5094,1.524,0.0337,0.388,ALERT,TRIGGERED,3,PD3A-OU|PD3A-OUT|PD1A-OUT|PD2A-OU,0,4.8,4385,3233
1781431117.782576,30,10,9.1557,1.689,0.036,0.43,ALERT,TRIGGERED,3,PD3A-OU|PD3A-OUT|PD1A-OUT|PD2A-OU,0,4.3,4346,3233
1781431118.2797332,30,10,5.7166,1.445,0.0339,0.385,ALERT,TRIGGERED,3,PD3A-OU|PD3A-OUT|PD1A-OUT|PD2A-OU,0,4.3,4346,3233
1781431118.7828088,30,10,8.9361,1.88,0.0456,0.61,ALERT,TRIGGERED,3,PD3A-OU|PD3A-OUT|PD1A-OUT|PD2A-OU,0,4.8,4385,3233
1781431119.2791789,30,10,5.3562,1.53,0.0348,0.405,ALERT,TRIGGERED,3,PD3A-OU|PD3A-OUT|PD1A-OUT|PD2A-OU,0,4.8,4385,3233
1781431119.782661,30,10,9.1333,1.503,0.0472,0.527,ALERT,TRIGGERED,3,PD3A-OU|PD3A-OUT|PD1A-OUT|PD2A-OU,0,5.0,4346,3233
1781431120.2783651,30,10,5.2039,1.016,0.0231,0.274,ALERT,TRIGGERED,3,PD3A-OU|PD3A-OUT|PD1A-OUT|PD2A-OU,0,5.0,4346,3233
1781431120.7794645,30,10,6.2926,1.303,0.0347,0.404,ALERT,TRIGGERED,3,PD3A-OU|PD3A-OUT|PD1A-OUT|PD2A-OU,0,5.0,4346,3233
1781431121.2782536,30,10,5.1569,1.096,0.0341,0.393,ALERT,TRIGGERED,3,PD3A-OU|PD3A-OUT|PD1A-OUT|PD2A-OU,1,5.7,4385,3233
1781431121.7824323,30,10,9.0694,1.524,0.0377,0.407,ALERT,TRIGGERED,3,PD3A-OU|PD3A-OUT|PD1A-OUT|PD2A-OU,1,5.7,4385,3233
1781431122.2783,30,10,5.1532,1.227,0.034,0.401,ALERT,TRIGGERED,3,PD3A-OU|PD3A-OUT|PD1A-OUT|PD2A-OU,0,4.2,4346,3233
1781431122.781628,30,10,8.3118,1.236,0.0321,0.386,ALERT,TRIGGERED,3,PD3A-OU|PD3A-OUT|PD1A-OUT|PD2A-OU,0,4.2,4346,3233
1781431123.280648,30,10,7.3379,1.322,0.0328,0.401,ALERT,TRIGGERED,3,PD3A-OU|PD3A-OUT|PD1A-OUT,0,4.7,4385,3233
1781431123.77891,30,10,5.328,1.467,0.0234,0.289,ALERT,TRIGGERED,3,PD3A-OU|PD3A-OUT|PD1A-OUT|PD2A-OU,0,4.7,4385,3233
1781431124.282182,30,10,8.2552,1.842,0.045,0.532,ALERT,TRIGGERED,3,PD3A-OU|PD3A-OUT|PD1A-OUT|PD2A-OU,31,4.2,4385,3233
1781431124.780712,30,10,6.7919,1.49,0.0355,0.499,ALERT,TRIGGERED,3,PD3A-OU|PD3A-OUT|PD1A-OUT|PD2A-OU,31,4.2,4385,3233
1781431125.2838423,30,10,9.5216,1.806,0.045,0.515,ALERT,TRIGGERED,3,PD3A-OU|PD3A-OUT|PD1A-OUT|PD2A-OU,0,4.7,4385,3233
1781431125.7797136,30,10,5.9437,1.383,0.0352,0.402,ALERT,TRIGGERED,3,PD3A-OU|PD3A-OUT|PD1A-OUT|PD2A-OU,0,4.7,4385,3233
1781431126.2830362,30,10,9.0861,1.846,0.0478,0.572,ALERT,TRIGGERED,3,PD3A-OU|PD3A-OUT|PD1A-OUT|PD2A-OU,0,4.5,4385,3233
1781431126.7792275,30,10,5.455,1.52,0.0344,0.387,ALERT,TRIGGERED,3,PD3A-OU|PD3A-OUT|PD1A-OUT|PD2A-OU,0,4.5,4385,3233
1781431127.2829256,30,10,9.1237,1.775,0.0491,0.586,ALERT,TRIGGERED,3,PD3A-OU|PD3A-OUT|PD1A-OUT|PD2A-OU,0,5.2,4346,3233
1781431127.778592,30,10,5.2836,1.2,0.0235,0.295,ALERT,TRIGGERED,3,PD3A-OU|PD3A-OUT|PD1A-OUT|PD2A-OU,0,5.2,4346,3233
1781431128.2825284,30,10,9.0078,1.597,0.0389,0.441,ALERT,TRIGGERED,3,PD3A-OU|PD3A-OUT|PD1A-OUT|PD2A-OU,0,5.2,4385,3233
1781431128.7782276,30,10,5.1596,1.134,0.0236,0.28,ALERT,TRIGGERED,3,PD3A-OU|PD3A-OUT|PD1A-OUT|PD2A-OU,0,5.2,4385,3233
1781431129.2826462,30,10,9.0976,1.58,0.0329,0.43,ALERT,TRIGGERED,3,PD3A-OU|PD3A-OUT|PD1A-OUT|PD2A-OU,0,4.7,4385,3233
1781431129.7782085,30,10,5.1051,1.131,0.0353,0.396,ALERT,TRIGGERED,3,PD3A-OU|PD3A-OUT|PD1A-OUT|PD2A-OU,0,4.7,4385,3233
1781431130.2820432,30,10,8.3538,1.478,0.0336,0.378,ALERT,TRIGGERED,3,PD3A-OU|PD3A-OUT|PD1A-OUT|PD2A-OU,66,4.5,4385,3233
1781431130.780391,30,10,7.3464,1.085,0.0346,0.39,ALERT,TRIGGERED,3,PD3A-OU|PD3A-OUT|PD1A-OUT,66,4.5,4385,3233
1781431131.2815542,30,10,7.528,1.51,0.0345,0.391,ALERT,TRIGGERED,3,PD3A-OU|PD3A-OUT|PD1A-OUT,40,5.0,4425,3233
1781431131.7812397,30,10,7.995,1.194,0.0452,0.501,ALERT,TRIGGERED,3,PD3A-OU|PD3A-OUT|PD1A-OUT,40,5.0,4425,3233
1781431132.2807267,30,10,6.7064,1.532,0.0341,0.392,ALERT,TRIGGERED,3,PD3A-OU|PD3A-OUT|PD1A-OUT|PD2A-OU,99,5.0,4425,3233
1781431132.7822769,30,10,8.7454,1.778,0.0471,0.52,ALERT,TRIGGERED,3,PD3A-OU|PD3A-OUT|PD1A-OUT,99,5.0,4425,3233
1781431133.279978,30,10,6.1737,1.476,0.0358,0.389,ALERT,TRIGGERED,3,PD3A-OU|PD3A-OUT|PD1A-OUT,99,4.7,4425,3233
1781431133.782902,30,10,9.0642,1.738,0.0453,0.559,ALERT,TRIGGERED,3,PD3A-OU|PD3A-OUT|PD1A-OUT,99,4.7,4425,3233
1781431134.2793982,30,10,5.4574,1.505,0.0342,0.385,ALERT,TRIGGERED,3,PD3A-OU|PD3A-OUT|PD1A-OUT,99,4.5,4385,3233
1781431134.782763,30,10,9.0443,1.871,0.0458,0.565,ALERT,TRIGGERED,3,PD3A-OU|PD3A-OUT|PD1A-OUT|PD2A-OU,99,4.5,4385,3233
1781431135.2787638,30,10,5.2706,1.181,0.0232,0.29,ALERT,TRIGGERED,3,PD3A-OU|PD3A-OUT|PD1A-OUT,99,5.2,4425,3233
1781431135.782991,30,10,9.1567,1.939,0.0322,0.413,ALERT,TRIGGERED,3,PD3A-OU|PD3A-OUT|PD1A-OUT,99,5.2,4425,3233
1781431136.2779572,30,10,5.2785,0.801,0.0252,0.328,ALERT,TRIGGERED,3,PD3A-OU|PD3A-OUT|PD1A-OUT,99,4.8,4425,3233
1781431136.7825382,30,10,9.2429,1.507,0.0329,0.388,ALERT,TRIGGERED,3,PD3A-OU|PD3A-OUT|PD1A-OUT,99,4.8,4425,3233
1781431137.2783978,30,10,5.1493,1.22,0.0353,0.4,ALERT,TRIGGERED,3,PD3A-OU|PD3A-OUT|PD1A-OUT,99,4.3,4425,3233
1781431137.7816253,30,10,8.3397,1.495,0.0345,0.384,ALERT,TRIGGERED,3,PD3A-OU|PD3A-OUT,99,4.3,4425,3233
1781431138.2807188,30,10,7.1759,1.368,0.037,0.404,ALERT,TRIGGERED,3,PD3A-OU,99,4.0,4505,3233
1781431138.7811658,30,10,7.526,1.161,0.0353,0.374,ALERT,TRIGGERED,3,PD3A-OU,99,4.0,4505,3233
1781431139.2824538,30,10,8.22,1.861,0.0466,0.517,ALERT,TRIGGERED,3,PD3A-OU|PD1A-OUT,99,5.0,4465,3233
1781431139.780675,30,10,6.9818,1.455,0.0321,0.366,ALERT,TRIGGERED,3,PD3A-OU,99,5.0,4465,3233
1781431140.2824519,30,10,8.876,1.579,0.045,0.518,ALERT,TRIGGERED,3,PD3A-OU,34,4.2,4465,3233
1781431140.7803767,30,10,6.2703,1.671,0.0381,0.402,ALERT,TRIGGERED,3,PD3A-OU|PD1A-OUT,34,4.2,4465,3233
1781431141.2826064,30,10,9.0563,1.625,0.0464,0.566,ALERT,TRIGGERED,3,PD3A-OU|PD1A-OUT,29,4.8,4465,3233
1781431141.7795298,30,10,5.6735,1.58,0.0349,0.392,ALERT,TRIGGERED,3,PD3A-OU,29,4.8,4465,3233
1781431142.282904,30,10,9.0131,1.582,0.0515,0.574,ALERT,TRIGGERED,3,PD3A-OU,32,4.7,4505,3233
1781431142.7785718,30,10,5.1882,1.159,0.0352,0.437,ALERT,TRIGGERED,3,PD3A-OU|PD1A-OUT,32,4.7,4505,3233
1781431143.2830098,30,10,9.0606,1.971,0.041,0.435,ALERT,TRIGGERED,3,PD3A-OU,0,4.8,4465,3233
1781431143.7783594,30,10,5.1848,1.068,0.034,0.392,ALERT,TRIGGERED,3,PD3A-OU,0,4.8,4465,3233
1781431144.282851,30,10,9.2009,1.655,0.0347,0.421,ALERT,TRIGGERED,3,PD3A-OU,0,5.5,4577,3233
1781431144.7781909,30,10,5.1566,1.191,0.0353,0.401,ALERT,TRIGGERED,3,PD3A-OU,0,5.5,4577,3233
1781431145.282419,30,10,8.6285,1.534,0.036,0.373,ALERT,TRIGGERED,3,PD3A-OU,5,4.5,4505,3233
1781431145.7796881,30,10,6.1218,1.522,0.0332,0.376,ALERT,TRIGGERED,3,PD3A-OU,5,4.5,4505,3233
1781431146.2814271,30,10,7.7821,1.24,0.0359,0.385,ALERT,TRIGGERED,3,PD3A-OU,0,4.3,4505,3234
1781431146.781408,30,10,7.999,1.34,0.0473,0.514,ALERT,TRIGGERED,3,PD3A-OU,0,4.3,4505,3234
1781431147.280725,30,10,6.9796,1.243,0.0344,0.386,ALERT,TRIGGERED,3,PD3A-OU,0,4.8,4505,3234
1781431147.7808366,30,10,7.3375,1.377,0.0449,0.51,ALERT,TRIGGERED,3,PD3A-OU,0,4.8,4505,3234
1781431148.2802835,30,10,6.3777,1.556,0.0359,0.394,ALERT,TRIGGERED,3,PD3A-OU,0,4.7,4505,3234
1781431148.7825804,30,10,9.0382,1.8,0.0464,0.536,ALERT,TRIGGERED,3,PD3A-OU,0,4.7,4505,3234
1781431149.2797728,30,10,5.7869,1.609,0.0355,0.383,ALERT,TRIGGERED,3,PD3A-OU,0,4.0,4465,3234
1781431149.7829392,30,10,9.0359,1.842,0.047,0.574,ALERT,TRIGGERED,3,PD3A-OU,0,4.0,4465,3234
1781431150.2791538,30,10,5.3132,1.329,0.0333,0.38,ALERT,TRIGGERED,3,PD3A-OU,0,4.8,4505,3234
1781431150.783088,30,10,9.0597,1.942,0.0357,0.41,ALERT,TRIGGERED,3,PD3A-OU,0,4.8,4505,3234
1781431151.2782228,30,10,5.1693,0.945,0.0227,0.267,ALERT,TRIGGERED,3,PD3A-OU,0,5.0,4505,3234
1781431151.7828026,30,10,9.2837,1.545,0.0366,0.411,ALERT,TRIGGERED,3,PD3A-OU,0,5.0,4505,3234
1781431152.2781417,30,10,5.1108,1.048,0.0342,0.398,ALERT,TRIGGERED,3,PD3A-OU,0,4.5,4465,3234
1781431152.7821362,30,10,8.6881,1.538,0.0349,0.391,ALERT,TRIGGERED,3,PD3A-OU,0,4.5,4465,3234
1781431153.279906,30,10,6.6603,1.121,0.0337,0.391,ALERT,TRIGGERED,3,PD3A-OU,0,4.7,4465,3234
1781431153.7819285,30,10,7.837,1.467,0.0351,0.387,ALERT,TRIGGERED,3,PD3A-OU,0,4.7,4465,3234
1781431154.2818255,30,10,7.9419,1.611,0.0457,0.508,ALERT,TRIGGERED,3,PD3A-OU,0,4.7,4465,3234
1781431154.781054,30,10,7.237,1.456,0.0376,0.377,ALERT,TRIGGERED,3,PD3A-OU,0,4.7,4465,3234
1781431155.2842796,30,10,8.3808,1.837,0.0451,2.495,NOMINAL,NORMAL,0,,0,4.0,4465,3234
1781431155.7802296,30,10,6.4392,1.27,0.033,0.385,NOMINAL,NORMAL,0,,0,4.0,4465,3234
1781431156.282412,30,10,9.0788,1.524,0.0456,0.5,NOMINAL,NORMAL,0,,0,4.5,4465,3234
1781431156.7797077,30,10,5.7319,1.305,0.0355,0.397,NOMINAL,NORMAL,0,,0,4.5,4465,3234
1781431157.2831616,30,10,9.0984,1.859,0.0469,0.5,NOMINAL,NORMAL,0,,0,4.7,4465,3234
1781431157.779304,30,10,5.2933,1.547,0.0242,0.294,NOMINAL,NORMAL,0,,0,4.7,4465,3234
1781431158.2828104,30,10,8.9711,1.848,0.0483,0.54,NOMINAL,NORMAL,0,,0,4.3,4425,3234
1781431158.7784576,30,10,5.281,1.185,0.0241,0.273,NOMINAL,NORMAL,0,,0,4.3,4425,3234
1781431159.283108,30,10,9.3791,1.278,0.0385,0.385,NOMINAL,NORMAL,0,,0,4.3,4425,3234
1781431159.7785945,30,10,5.1837,1.244,0.0354,0.434,NOMINAL,NORMAL,0,,0,4.3,4425,3234
1781431160.282509,30,10,8.8357,1.621,0.0352,0.427,NOMINAL,NORMAL,0,,0,4.5,4465,3234
1781431160.7795281,30,10,6.1444,1.391,0.0379,0.395,NOMINAL,NORMAL,0,,0,4.5,4465,3234
1781431161.2818718,30,10,8.0429,1.495,0.034,0.39,NOMINAL,NORMAL,0,,0,4.3,4425,3234
1781431161.7815015,30,10,7.7668,1.487,0.0471,0.512,NOMINAL,NORMAL,0,,0,4.3,4425,3234
1781431162.2822464,30,10,8.7773,1.548,0.0411,0.454,NOMINAL,NORMAL,0,,0,5.3,4465,3234
1781431162.78226,30,10,8.3014,1.597,0.0458,0.521,NOMINAL,NORMAL,0,,0,5.3,4465,3234
1781431163.2805748,30,10,6.4312,1.531,0.0348,0.395,NOMINAL,NORMAL,0,,0,5.2,4465,3234
1781431163.7821593,30,10,9.0192,1.491,0.0468,0.497,NOMINAL,NORMAL,0,,0,5.2,4465,3234
1781431164.279817,30,10,5.7178,1.507,0.0338,0.389,NOMINAL,NORMAL,0,,0,4.5,4425,3234
1781431164.7826014,30,10,9.0201,1.566,0.0481,0.533,NOMINAL,NORMAL,0,,0,4.5,4425,3234
1781431165.2789786,30,10,5.3225,1.232,0.0361,0.365,NOMINAL,NORMAL,0,,0,4.0,4425,3234
1781431165.783094,30,10,9.0471,1.896,0.0484,0.507,NOMINAL,NORMAL,0,,0,4.0,4425,3234
1781431166.2785456,30,10,5.1706,1.247,0.0244,0.295,NOMINAL,NORMAL,0,,0,4.5,4425,3234
1781431166.7829099,30,10,9.1178,1.645,0.0382,0.454,NOMINAL,NORMAL,0,,0,4.5,4425,3234
1781431167.2785823,30,10,5.0833,1.26,0.0366,0.419,NOMINAL,NORMAL,0,,37,4.7,4465,3234
1781431167.7826326,30,10,8.9899,1.54,0.0347,0.416,NOMINAL,NORMAL,0,,37,4.7,4465,3234
1781431168.2795184,30,10,5.5507,1.555,0.0329,0.389,NOMINAL,NORMAL,0,,0,4.7,4465,3234
1781431168.7820199,30,10,8.1668,1.537,0.0369,0.393,NOMINAL,NORMAL,0,,0,4.7,4465,3234
1781431169.2797608,30,10,6.1982,1.35,0.0361,0.388,NOMINAL,NORMAL,0,,0,4.3,4425,3234
1781431169.781255,30,10,7.4001,1.487,0.0354,0.387,NOMINAL,NORMAL,0,,0,4.3,4425,3234
1781431170.2823944,30,10,8.2602,1.825,0.047,0.501,NOMINAL,NORMAL,0,,10,4.2,4425,3234
1781431170.780835,30,10,6.734,1.602,0.0375,0.409,NOMINAL,NORMAL,0,,10,4.2,4425,3234
1781431171.282392,30,10,8.8597,1.566,0.0494,0.5,NOMINAL,NORMAL,0,,0,4.2,4385,3234
1781431171.7803404,30,10,6.0217,1.224,0.0382,0.383,NOMINAL,NORMAL,0,,0,4.2,4385,3234
1781431172.2825885,30,10,9.0844,1.491,0.0471,0.532,NOMINAL,NORMAL,0,,0,4.5,4425,3234
1781431172.7791693,30,10,5.3139,1.184,0.0351,0.361,NOMINAL,NORMAL,0,,0,4.5,4425,3234
1781431173.2828941,30,10,9.0431,1.522,0.0525,0.547,NOMINAL,NORMAL,0,,0,4.5,4425,3234
1781431173.778558,30,10,5.1938,1.105,0.0261,0.281,NOMINAL,NORMAL,0,,0,4.5,4425,3234
1781431174.2826192,30,10,9.1605,1.46,0.0371,0.414,NOMINAL,NORMAL,0,,0,4.2,4385,3234
1781431174.7780278,30,10,5.2321,0.806,0.0357,0.37,NOMINAL,NORMAL,0,,0,4.2,4385,3234
1781431175.2825363,30,10,9.0907,1.289,0.0333,0.403,NOMINAL,NORMAL,0,,0,4.3,4425,3234
1781431175.7781596,30,10,5.2019,0.932,0.0353,0.381,NOMINAL,NORMAL,0,,0,4.3,4425,3234
1781431176.2815526,30,10,8.2456,1.216,0.0331,0.37,NOMINAL,NORMAL,0,,30,4.2,4425,3234
1781431176.7805176,30,10,7.335,1.048,0.0355,0.38,NOMINAL,NORMAL,0,,30,4.2,4425,3234
1781431177.2812529,30,10,7.403,1.144,0.0367,0.359,NOMINAL,NORMAL,0,,0,4.0,4425,3234
1781431177.7816117,30,10,8.1098,1.418,0.0464,0.479,NOMINAL,NORMAL,0,,0,4.0,4425,3234
1781431178.2806225,30,10,6.6701,1.168,0.0336,0.379,NOMINAL,NORMAL,0,,0,4.7,4425,3234
1781431178.7822466,30,10,8.7711,1.475,0.0449,0.491,NOMINAL,NORMAL,0,,0,4.7,4425,3234
1781431179.2800224,30,10,6.0032,1.188,0.0347,0.382,NOMINAL,NORMAL,0,,0,4.3,4385,3234
1781431179.7823691,30,10,9.0364,1.475,0.0469,0.505,NOMINAL,NORMAL,0,,0,4.3,4385,3234
1781431180.2792943,30,10,5.4027,1.185,0.0343,0.366,NOMINAL,NORMAL,0,,0,4.3,4385,3234
1781431180.7827742,30,10,8.9806,1.51,0.0466,0.537,NOMINAL,NORMAL,0,,0,4.3,4385,3234
1781431181.2787347,30,10,5.2312,1.053,0.0233,0.287,NOMINAL,NORMAL,0,,0,4.2,4385,3234
1781431181.7826116,30,10,9.0153,1.394,0.0377,0.441,NOMINAL,NORMAL,0,,0,4.2,4385,3234
1781431182.2780192,30,10,5.2565,0.779,0.0247,0.331,NOMINAL,NORMAL,0,,0,4.8,4385,3234
1781431182.7822804,30,10,9.1655,1.239,0.0335,0.371,NOMINAL,NORMAL,0,,0,4.8,4385,3234
1781431183.2784057,30,10,5.1802,0.922,0.0353,0.379,NOMINAL,NORMAL,0,,0,4.5,4385,3234
1781431183.7816777,30,10,8.4354,1.188,0.0319,0.368,NOMINAL,NORMAL,0,,0,4.5,4385,3234
1781431184.2800598,30,10,6.9153,1.059,0.0359,0.376,NOMINAL,NORMAL,0,,0,4.7,4385,3234
1781431184.7813623,30,10,7.5427,1.148,0.034,0.351,NOMINAL,NORMAL,0,,0,4.7,4385,3234
1781431185.2822032,30,10,8.1397,1.559,0.0472,0.495,NOMINAL,NORMAL,0,,0,4.2,4385,3234
1781431185.7811928,30,10,7.0258,1.56,0.0363,0.41,NOMINAL,NORMAL,0,,0,4.2,4385,3234
1781431186.2824502,30,10,8.5027,1.837,0.0462,0.504,NOMINAL,NORMAL,0,,0,4.8,4385,3234
1781431186.780412,30,10,6.1482,1.545,0.0329,0.411,NOMINAL,NORMAL,0,,0,4.8,4385,3234
1781431187.2830086,30,10,9.1595,1.554,0.0483,0.555,NOMINAL,NORMAL,0,,0,4.2,4385,3234
1781431187.7793968,30,10,5.5259,1.171,0.0346,0.364,NOMINAL,NORMAL,0,,0,4.2,4385,3234
1781431188.2827516,30,10,9.0361,1.514,0.0476,0.542,NOMINAL,NORMAL,0,,0,5.0,4385,3234
1781431188.7788026,30,10,5.2842,1.215,0.0234,0.326,NOMINAL,NORMAL,0,,0,5.0,4385,3234
1781431189.28291,30,10,9.0725,1.646,0.0368,0.433,NOMINAL,NORMAL,0,,0,4.5,4385,3234
1781431189.7782664,30,10,5.2303,0.782,0.0247,0.277,NOMINAL,NORMAL,0,,0,4.5,4385,3234
1781431190.282756,30,10,9.2839,1.283,0.0622,0.407,NOMINAL,NORMAL,0,,0,5.0,4346,3234
1781431190.7785492,30,10,5.2396,1.198,0.0361,0.417,NOMINAL,NORMAL,0,,0,5.0,4346,3234
1781431191.2818575,30,10,8.6789,1.257,0.0346,0.382,NOMINAL,NORMAL,0,,0,4.8,4425,3234
1781431191.7799127,30,10,6.6846,1.13,0.0359,0.384,NOMINAL,NORMAL,0,,0,4.8,4425,3234
1781431192.2814584,30,10,7.8346,1.194,0.0355,0.375,NOMINAL,NORMAL,0,,0,4.0,4385,3234
1781431192.7818923,30,10,8.0344,1.419,0.0451,0.484,NOMINAL,NORMAL,0,,0,4.0,4385,3234
1781431193.2808287,30,10,7.1414,1.256,0.0351,0.372,NOMINAL,NORMAL,0,,0,5.0,4346,3234
1781431193.7822764,30,10,8.6207,1.418,0.0474,0.49,NOMINAL,NORMAL,0,,0,5.0,4346,3234
1781431194.2804525,30,10,6.1914,1.494,0.0356,0.395,NOMINAL,NORMAL,0,,0,4.7,4385,3234
1781431194.7825594,30,10,9.1527,1.503,0.047,0.545,NOMINAL,NORMAL,0,,0,4.7,4385,3234
1781431195.2793124,30,10,5.7373,1.184,0.0341,0.363,NOMINAL,NORMAL,0,,0,4.7,4346,3234
1781431195.78312,30,10,9.1854,1.626,0.0464,0.515,NOMINAL,NORMAL,0,,0,4.7,4346,3234
1781431196.2788754,30,10,5.3448,1.202,0.0373,0.359,NOMINAL,NORMAL,0,,0,4.8,4353,3234
1781431196.7829075,30,10,9.1835,1.446,0.0433,0.484,NOMINAL,NORMAL,0,,0,4.8,4353,3234
1781431197.2787738,30,10,5.2456,1.146,0.0257,0.336,NOMINAL,NORMAL,0,,0,3.8,4385,3234
1781431197.7825582,30,10,9.2708,1.314,0.0372,0.414,NOMINAL,NORMAL,0,,0,3.8,4385,3234
1781431198.2819548,30,10,8.6969,1.387,0.0456,0.485,NOMINAL,NORMAL,0,,0,4.7,4353,3234
1781431198.782104,30,10,8.7189,1.189,0.0337,0.382,NOMINAL,NORMAL,0,,0,4.7,4353,3234
1781431199.2797925,30,10,6.2863,1.121,0.0378,0.395,NOMINAL,NORMAL,0,,0,5.2,4353,3234
1781431199.7816775,30,10,7.7984,1.158,0.0337,0.364,NOMINAL,NORMAL,0,,0,5.2,4353,3234
1781431200.2801216,30,10,6.6313,1.106,0.0364,0.384,NOMINAL,NORMAL,0,,0,5.0,4385,3234
1781431200.7810338,30,10,7.2063,1.241,0.0368,0.396,NOMINAL,NORMAL,0,,0,5.0,4385,3234
1781431201.2817328,30,10,8.3126,1.236,0.0357,0.376,NOMINAL,NORMAL,0,,0,5.0,4385,3234
1781431201.780305,30,10,6.3366,1.205,0.0332,0.378,NOMINAL,NORMAL,0,,0,4.3,4346,3234
1781431202.2824278,30,10,8.9511,1.487,0.0479,0.492,NOMINAL,NORMAL,0,,0,4.3,4346,3234
1781431202.779582,30,10,5.6703,1.175,0.0348,0.359,NOMINAL,NORMAL,0,,0,4.3,4346,3234
1781431203.2827466,30,10,9.0058,1.472,0.0489,0.536,NOMINAL,NORMAL,0,,0,4.3,4346,3234
1781431203.779176,30,10,5.3207,1.327,0.0362,0.406,NOMINAL,NORMAL,0,,0,4.3,4346,3234
1781431204.2827218,30,10,8.9823,1.838,0.0444,0.535,NOMINAL,NORMAL,0,,0,4.3,4346,3234
1781431204.7785544,30,10,5.2357,0.883,0.0236,0.29,NOMINAL,NORMAL,0,,0,5.8,4425,3234
1781431205.2828343,30,10,9.3107,1.322,0.0345,0.427,NOMINAL,NORMAL,0,,0,5.8,4425,3234
1781431205.7790914,30,10,5.4914,1.115,0.0364,0.378,NOMINAL,NORMAL,0,,0,4.3,4385,3234
1781431206.2818608,30,10,8.68,1.215,0.0353,0.369,NOMINAL,NORMAL,0,,0,4.3,4385,3234
1781431206.782645,30,10,9.184,1.505,0.0476,0.587,NOMINAL,NORMAL,0,,0,5.0,4385,3234
1781431207.2816389,30,10,7.9045,1.105,0.0302,0.339,NOMINAL,NORMAL,0,,0,5.0,4385,3234
1781431207.781547,30,10,7.8737,1.144,0.0466,0.5,NOMINAL,NORMAL,0,,20,4.8,4385,3234
1781431208.2810388,30,10,7.1481,1.198,0.0334,0.378,NOMINAL,NORMAL,0,,20,4.8,4385,3234
1781431208.78244,30,10,8.5402,1.486,0.0487,0.484,NOMINAL,NORMAL,0,,4,4.3,4385,3234
1781431209.2803407,30,10,6.4125,1.176,0.0362,0.379,NOMINAL,NORMAL,0,,4,4.3,4385,3234
1781431209.782747,30,10,9.0676,1.879,0.0461,0.585,NOMINAL,NORMAL,0,,2,4.5,4385,3234
1781431210.2796845,30,10,5.9364,1.561,0.035,0.404,NOMINAL,NORMAL,0,,2,4.5,4385,3234
1781431210.7831097,30,10,9.1373,1.884,0.046,0.511,NOMINAL,NORMAL,0,,93,5.0,4385,3234
1781431211.2794394,30,10,5.2938,1.489,0.0325,0.334,NOMINAL,NORMAL,0,,93,5.0,4385,3234
1781431211.7830644,30,10,9.1318,1.799,0.0495,0.596,NOMINAL,NORMAL,0,,89,5.0,4385,3234
1781431212.2786963,30,10,5.2382,1.139,0.026,0.279,NOMINAL,NORMAL,0,,89,5.0,4385,3234
1781431212.7831688,30,10,9.4473,1.522,0.0362,0.386,NOMINAL,NORMAL,0,,99,4.3,4385,3234
1781431213.2786243,30,10,5.2369,1.126,0.0351,0.422,NOMINAL,NORMAL,0,,99,4.3,4385,3234
1781431213.7821493,30,10,9.1134,1.211,0.0337,0.363,NOMINAL,NORMAL,0,,99,4.0,4385,3234
1781431214.2785444,30,10,5.1703,1.175,0.0354,0.419,NOMINAL,NORMAL,0,,99,4.0,4385,3234
1781431214.7817812,30,10,8.3697,1.209,0.0333,0.363,NOMINAL,NORMAL,0,,99,4.8,4425,3234
1781431215.280814,30,10,7.3503,1.23,0.0354,0.387,NOMINAL,NORMAL,0,,99,4.8,4425,3234
1781431215.7781222,30,10,5.306,0.806,0.0238,0.263,NOMINAL,NORMAL,0,,99,4.3,4425,3234
1781431216.2826796,30,10,8.3878,1.774,0.0471,0.559,NOMINAL,NORMAL,0,,99,4.3,4425,3234
1781431216.7803395,30,10,6.5047,1.156,0.0361,0.364,NOMINAL,NORMAL,0,,99,4.7,4465,3234
1781431217.2831666,30,10,9.042,1.812,0.0489,0.804,NOMINAL,NORMAL,0,,99,4.7,4465,3234
1781431217.7797525,30,10,5.9169,1.152,0.0369,0.357,NOMINAL,NORMAL,0,,76,4.3,4465,3234
1781431218.282868,30,10,9.0621,1.49,0.0807,0.544,NOMINAL,NORMAL,0,,76,4.3,4465,3234
1781431218.7793188,30,10,5.3817,1.175,0.0336,0.363,NOMINAL,NORMAL,0,,99,4.3,4465,3234
1781431219.2830296,30,10,9.2932,1.467,0.0484,0.555,NOMINAL,NORMAL,0,,99,4.3,4465,3234
1781431219.7787132,30,10,5.2631,1.32,0.0239,0.295,NOMINAL,NORMAL,0,,29,4.3,4465,3234
1781431220.282945,30,10,9.2156,1.78,0.0358,0.408,NOMINAL,NORMAL,0,,29,4.3,4465,3234
1781431220.7782423,30,10,5.2509,0.883,0.0353,0.374,NOMINAL,NORMAL,0,,29,4.0,4465,3234
1781431221.2825294,30,10,9.1382,1.244,0.0347,0.405,NOMINAL,NORMAL,0,,29,4.0,4465,3234
1781431221.7797585,30,10,6.4373,1.113,0.0362,0.388,NOMINAL,NORMAL,0,,18,4.5,4465,3234
1781431222.2817204,30,10,8.5284,1.509,0.0347,0.39,NOMINAL,NORMAL,0,,18,4.5,4465,3234
1781431222.7809036,30,10,7.3258,1.304,0.0348,0.381,NOMINAL,NORMAL,0,,6,4.5,4505,3234
1781431223.2815561,30,10,7.5317,1.538,0.0362,0.414,NOMINAL,NORMAL,0,,6,4.5,4505,3234
1781431223.7818828,30,10,7.9506,1.796,0.0456,0.499,NOMINAL,NORMAL,0,,0,4.8,4505,3234
1781431224.2811007,30,10,6.683,1.503,0.0343,0.52,NOMINAL,NORMAL,0,,0,4.8,4505,3234
1781431224.7826233,30,10,9.0716,1.518,0.0437,0.523,NOMINAL,NORMAL,0,,0,5.0,4465,3234
1781431225.2803853,30,10,6.0659,1.82,0.0379,0.4,NOMINAL,NORMAL,0,,0,5.0,4465,3234
1781431225.7830973,30,10,9.0323,1.816,0.0456,0.512,NOMINAL,NORMAL,0,,3,4.7,4465,3234
1781431226.2796412,30,10,5.3846,1.527,0.036,0.399,NOMINAL,NORMAL,0,,3,4.7,4465,3234
1781431226.7827783,30,10,9.2031,1.332,0.0451,0.537,NOMINAL,NORMAL,0,,0,4.7,4465,3234
1781431227.2789211,30,10,5.2637,1.138,0.0236,0.253,NOMINAL,NORMAL,0,,0,4.7,4465,3234
1781431227.7824044,30,10,8.9993,1.312,0.04,0.395,NOMINAL,NORMAL,0,,0,4.3,4505,3234
1781431228.27805,30,10,5.2216,0.723,0.023,0.297,NOMINAL,NORMAL,0,,0,4.3,4505,3234
1781431228.7827046,30,10,9.2675,1.291,0.034,0.468,NOMINAL,NORMAL,0,,0,4.7,4505,3234
1781431229.2783804,30,10,5.196,0.902,0.0358,0.378,NOMINAL,NORMAL,0,,0,4.7,4505,3234
1781431229.7814806,30,10,8.3565,1.099,0.0323,0.35,NOMINAL,NORMAL,0,,0,4.7,4505,3234
1781431230.2803597,30,10,7.2094,1.041,0.0355,0.376,NOMINAL,NORMAL,0,,0,4.7,4505,3234
1781431230.7812989,30,10,7.7293,1.152,0.0363,0.374,NOMINAL,NORMAL,0,,0,4.3,4465,3234
1781431231.28202,30,10,8.0991,1.453,0.0457,0.496,NOMINAL,NORMAL,0,,0,4.3,4465,3234
1781431231.7806988,30,10,6.8424,1.166,0.034,0.365,NOMINAL,NORMAL,0,,0,4.7,4465,3234
1781431232.2824686,30,10,8.7482,1.517,0.0446,0.49,NOMINAL,NORMAL,0,,0,4.7,4465,3234
1781431232.7800567,30,10,6.1475,1.114,0.0351,0.478,NOMINAL,NORMAL,0,,0,4.2,4465,3234
1781431233.28265,30,10,9.1499,1.508,0.0498,0.547,NOMINAL,NORMAL,0,,0,4.2,4465,3234
1781431233.7791429,30,10,5.5868,1.235,0.0362,0.382,NOMINAL,NORMAL,0,,0,4.5,4465,3234
1781431234.2826946,30,10,9.1247,1.465,0.0467,0.55,NOMINAL,NORMAL,0,,0,4.5,4465,3234
1781431234.7787592,30,10,5.3206,1.161,0.023,0.338,NOMINAL,NORMAL,0,,0,4.5,4465,3234
1781431235.2829056,30,10,9.233,1.648,0.0379,0.46,NOMINAL,NORMAL,0,,0,4.5,4465,3234
1781431235.7780452,30,10,5.2314,0.803,0.0226,0.26,NOMINAL,NORMAL,0,,0,4.5,4465,3234
1781431236.2826002,30,10,9.3515,1.294,0.0396,0.433,NOMINAL,NORMAL,0,,0,4.5,4465,3234
1781431236.778115,30,10,5.2089,0.906,0.0357,0.382,NOMINAL,NORMAL,0,,0,4.8,4425,3234
1781431237.281914,30,10,8.7934,1.171,0.0332,0.364,NOMINAL,NORMAL,0,,0,4.8,4425,3234
1781431237.7803493,30,10,7.0491,1.03,0.0359,0.374,NOMINAL,NORMAL,0,,0,4.8,4465,3234
1781431238.281418,30,10,7.8472,1.171,0.0324,0.382,NOMINAL,NORMAL,0,,0,4.8,4465,3234
1781431238.7818117,30,10,7.9968,1.387,0.0483,0.491,NOMINAL,NORMAL,0,,0,4.5,4425,3234
1781431239.2808094,30,10,7.1651,1.179,0.0343,0.366,NOMINAL,NORMAL,0,,0,4.5,4425,3234
1781431239.7803905,30,10,7.3272,1.051,0.0448,0.469,NOMINAL,NORMAL,0,,0,4.7,4465,3234
1781431240.2808015,30,10,7.5418,1.205,0.0343,0.369,NOMINAL,NORMAL,0,,0,4.7,4465,3234
1781431240.782784,30,10,9.1233,1.492,0.0461,0.555,NOMINAL,NORMAL,0,,0,4.3,4465,3234
1781431241.279391,30,10,5.8033,1.199,0.0348,0.388,NOMINAL,NORMAL,0,,0,4.3,4465,3234
1781431241.78283,30,10,9.3226,1.413,0.0467,0.568,NOMINAL,NORMAL,0,,0,4.5,4425,3234
1781431242.2789004,30,10,5.2981,1.209,0.0359,0.378,NOMINAL,NORMAL,0,,0,4.5,4425,3234
1781431242.782821,30,10,9.2811,1.335,0.0485,0.478,NOMINAL,NORMAL,0,,0,4.5,4425,3234
1781431243.2782147,30,10,5.1904,0.785,0.0243,0.255,NOMINAL,NORMAL,0,,0,4.5,4425,3234
1781431243.7826009,30,10,9.2383,1.214,0.0355,0.405,NOMINAL,NORMAL,0,,0,4.3,4425,3234
1781431244.2786872,30,10,5.3044,1.069,0.0365,0.429,NOMINAL,NORMAL,0,,0,4.3,4425,3234
1781431244.781879,30,10,8.8867,1.153,0.0349,0.371,NOMINAL,NORMAL,0,,0,4.5,4425,3234
1781431245.279828,30,10,6.6594,1.084,0.0357,0.374,NOMINAL,NORMAL,0,,0,4.5,4425,3234
1781431245.7812936,30,10,8.0252,1.156,0.0346,0.365,NOMINAL,NORMAL,0,,0,4.5,4465,3234
1781431246.280757,30,10,7.6485,1.025,0.0347,0.437,NOMINAL,NORMAL,0,,0,4.5,4465,3234
1781431246.780974,30,10,7.1337,1.166,0.0342,0.37,NOMINAL,NORMAL,0,,0,4.8,4465,3234
1781431247.2808323,30,10,7.4393,1.146,0.0444,0.49,NOMINAL,NORMAL,0,,0,4.8,4465,3234
1781431247.7796984,30,10,6.4858,1.147,0.0337,0.359,NOMINAL,NORMAL,0,,0,4.5,4425,3234
1781431248.2821736,30,10,8.964,1.491,0.0439,0.491,NOMINAL,NORMAL,0,,0,4.5,4425,3234
1781431248.7797031,30,10,5.7812,1.185,0.0328,0.36,NOMINAL,NORMAL,0,,0,4.2,4425,3234
1781431249.2831452,30,10,9.1046,1.818,0.0445,0.494,NOMINAL,NORMAL,0,,0,4.2,4425,3234
1781431249.7791407,30,10,5.2985,1.225,0.0322,0.345,NOMINAL,NORMAL,0,,0,4.5,4425,3234
1781431250.2829044,30,10,9.0272,1.777,0.0488,0.523,NOMINAL,NORMAL,0,,0,4.5,4425,3234
1781431250.7785275,30,10,5.2026,0.897,0.0236,0.303,NOMINAL,NORMAL,0,,0,5.0,4425,3234
1781431251.2827532,30,10,9.2082,1.361,0.0616,0.41,NOMINAL,NORMAL,0,,0,5.0,4425,3234
1781431251.778788,30,10,5.1976,1.254,0.0384,0.42,NOMINAL,NORMAL,0,,0,4.8,4425,3234
1781431252.2821064,30,10,8.8969,1.162,0.0329,0.36,NOMINAL,NORMAL,0,,0,4.8,4425,3234
1781431252.7787194,30,10,5.1405,1.223,0.0359,0.474,NOMINAL,NORMAL,0,,0,4.5,4385,3234
1781431253.2817318,30,10,7.9848,1.141,0.0321,0.365,NOMINAL,NORMAL,0,,0,4.5,4385,3234
1781431253.7807221,30,10,7.4856,1.042,0.0338,0.374,NOMINAL,NORMAL,0,,0,4.8,4385,3234
1781431254.280975,30,10,7.372,1.176,0.0323,0.383,NOMINAL,NORMAL,0,,0,4.8,4385,3234
1781431254.7821891,30,10,8.3965,1.505,0.0465,0.502,NOMINAL,NORMAL,0,,0,4.3,4385,3234
1781431255.280433,30,10,7.2163,1.148,0.0333,0.379,NOMINAL,NORMAL,0,,0,4.3,4385,3234
1781431255.782358,30,10,9.0105,1.522,0.0464,0.504,NOMINAL,NORMAL,0,,0,4.8,4425,3234
1781431256.2795243,30,10,5.76,1.141,0.0335,0.363,NOMINAL,NORMAL,0,,0,4.8,4425,3234
1781431256.7825208,30,10,9.0514,1.497,0.0456,0.526,NOMINAL,NORMAL,0,,0,4.5,4425,3234
1781431257.2790318,30,10,5.3729,1.213,0.033,0.372,NOMINAL,NORMAL,0,,0,4.5,4425,3234
1781431257.7827215,30,10,9.0247,1.395,0.0459,0.554,NOMINAL,NORMAL,0,,0,4.3,4385,3234
1781431258.2785795,30,10,5.2576,0.944,0.0247,0.278,NOMINAL,NORMAL,0,,0,4.3,4385,3234
1781431258.782637,30,10,9.1625,1.335,0.0363,0.397,NOMINAL,NORMAL,0,,0,4.5,4385,3234
1781431259.2788236,30,10,5.2333,1.229,0.0383,0.439,NOMINAL,NORMAL,0,,0,4.5,4385,3234
1781431259.78217,30,10,9.0351,1.251,0.033,0.36,NOMINAL,NORMAL,0,,19,4.5,4385,3234
1781431260.2823591,30,10,8.6624,1.622,0.0483,0.513,NOMINAL,NORMAL,0,,19,4.5,4385,3234
1781431260.781637,30,10,8.3855,1.266,0.038,0.374,NOMINAL,NORMAL,0,,0,5.8,4425,3235
1781431261.2812939,30,10,7.5425,1.314,0.0452,0.456,NOMINAL,NORMAL,0,,0,5.8,4425,3235
1781431261.7811801,30,10,7.2472,1.192,0.0335,0.363,NOMINAL,NORMAL,0,,0,4.2,4385,3235
1781431262.2820065,30,10,8.2567,1.54,0.0493,0.496,NOMINAL,NORMAL,0,,0,4.2,4385,3235
1781431262.7802274,30,10,6.6862,1.149,0.0367,0.35,NOMINAL,NORMAL,0,,26,4.3,4385,3235
1781431263.2824664,30,10,8.9986,1.584,0.0467,0.499,NOMINAL,NORMAL,0,,26,4.3,4385,3235
1781431263.7797713,30,10,5.9918,1.281,0.035,0.373,NOMINAL,NORMAL,0,,0,6.0,4505,3235
1781431264.2828522,30,10,9.0335,1.523,0.0905,0.546,NOMINAL,NORMAL,0,,0,6.0,4505,3235
1781431264.7792926,30,10,5.3057,1.246,0.0352,0.391,NOMINAL,NORMAL,0,,0,4.3,4385,3235
1781431265.2828498,30,10,9.0223,1.497,0.0907,0.561,NOMINAL,NORMAL,0,,0,4.3,4385,3235
1781431265.7788742,30,10,5.2894,1.116,0.0235,0.263,NOMINAL,NORMAL,0,,28,5.3,4385,3235
1781431266.2783234,30,10,5.2162,1.038,0.0235,0.261,NOMINAL,NORMAL,0,,28,5.3,4385,3235
1781431266.7780762,30,10,5.138,0.737,0.0348,0.347,NOMINAL,NORMAL,0,,0,4.5,4385,3235
1781431267.2822695,30,10,9.1725,1.208,0.0353,0.369,NOMINAL,NORMAL,0,,0,4.5,4385,3235
1781431267.7783492,30,10,5.1667,0.919,0.0348,0.376,NOMINAL,NORMAL,0,,0,4.5,4346,3235
1781431268.2818775,30,10,8.4126,1.519,0.034,0.393,NOMINAL,NORMAL,0,,0,4.5,4346,3235
1781431268.7801669,30,10,7.0669,1.057,0.0359,0.386,NOMINAL,NORMAL,0,,0,4.0,4385,3235
1781431269.2782323,30,10,5.207,0.943,0.0242,0.266,NOMINAL,NORMAL,0,,0,4.0,4385,3235
1781431269.7822237,30,10,8.0683,1.734,0.0462,0.493,NOMINAL,NORMAL,0,,0,4.2,4346,3235
1781431270.280801,30,10,6.6878,1.236,0.0355,0.384,NOMINAL,NORMAL,0,,0,4.2,4346,3235
1781431270.7806404,30,10,7.4696,1.111,0.0493,0.477,NOMINAL,NORMAL,0,,0,5.0,4346,3235
1781431271.2794297,30,10,6.1285,1.209,0.0342,0.371,NOMINAL,NORMAL,0,,0,5.0,4346,3235
1781431271.7828603,30,10,9.1093,1.76,0.0477,0.521,NOMINAL,NORMAL,0,,0,4.8,4385,3235
1781431272.278232,30,10,5.1958,0.952,0.0348,0.385,NOMINAL,NORMAL,0,,0,4.8,4385,3235
1781431272.7828548,30,10,8.9978,1.739,0.0907,0.524,NOMINAL,NORMAL,0,,0,4.3,4385,3235
1781431273.2789824,30,10,5.1835,1.349,0.0242,0.262,NOMINAL,NORMAL,0,,0,4.3,4385,3235
1781431273.783008,30,10,9.1362,1.756,0.037,0.382,NOMINAL,NORMAL,0,,0,5.0,4385,3235
1781431274.2784178,30,10,5.2645,1.064,0.0334,0.383,NOMINAL,NORMAL,0,,0,5.0,4385,3235
1781431274.782697,30,10,9.253,1.559,0.0328,0.393,NOMINAL,NORMAL,0,,0,4.0,4346,3235
1781431275.2819927,30,10,8.1936,1.537,0.0445,0.492,NOMINAL,NORMAL,0,,0,4.0,4346,3235
1781431275.7822478,30,10,8.3356,1.176,0.0328,0.356,NOMINAL,NORMAL,0,,0,4.8,4346,3235
1781431276.2800126,30,10,6.8652,1.044,0.037,0.377,NOMINAL,NORMAL,0,,0,4.8,4346,3235
1781431276.7809534,30,10,7.6959,1.152,0.0352,0.354,NOMINAL,NORMAL,0,,0,4.7,4385,3235
1781431277.2819893,30,10,8.113,1.556,0.07,0.544,NOMINAL,NORMAL,0,,0,4.7,4385,3235
1781431277.7808423,30,10,6.9016,1.479,0.0374,0.356,NOMINAL,NORMAL,0,,0,4.3,4385,3235
1781431278.281939,30,10,8.3459,1.45,0.0478,0.488,NOMINAL,NORMAL,0,,0,4.3,4385,3235
1781431278.779621,30,10,6.3117,1.338,0.0318,0.347,NOMINAL,NORMAL,0,,0,4.0,4346,3235
1781431279.2826214,30,10,9.0436,1.741,0.0469,0.507,NOMINAL,NORMAL,0,,0,4.0,4346,3235
1781431279.7794893,30,10,5.5415,1.247,0.0348,0.37,NOMINAL,NORMAL,0,,0,4.0,4346,3235
1781431280.28287,30,10,9.1699,1.477,0.0462,0.535,NOMINAL,NORMAL,0,,0,4.5,4346,3235
1781431280.7789385,30,10,5.2837,1.254,0.0248,0.264,NOMINAL,NORMAL,0,,0,4.5,4346,3235
1781431281.2825904,30,10,9.1778,1.438,0.0447,0.471,NOMINAL,NORMAL,0,,0,4.7,4385,3235
1781431281.777917,30,10,5.1874,0.821,0.0231,0.255,NOMINAL,NORMAL,0,,0,4.7,4385,3235
1781431282.2823617,30,10,9.1663,1.279,0.036,0.375,NOMINAL,NORMAL,0,,0,4.5,4385,3235
1781431282.7784388,30,10,5.237,0.939,0.0335,0.371,NOMINAL,NORMAL,0,,0,4.5,4385,3235
1781431283.281786,30,10,8.7197,1.206,0.0354,0.373,NOMINAL,NORMAL,0,,0,4.7,4385,3235
1781431283.7804313,30,10,6.9559,1.039,0.0351,0.368,NOMINAL,NORMAL,0,,0,4.7,4385,3235
1781431284.2812912,30,10,7.7422,1.17,0.0356,0.356,NOMINAL,NORMAL,0,,0,5.2,4385,3235
1781431284.7818754,30,10,7.9924,1.391,0.0497,0.498,NOMINAL,NORMAL,0,,0,5.2,4385,3235
1781431285.2808273,30,10,6.9401,1.159,0.0345,0.358,NOMINAL,NORMAL,0,,0,4.2,4385,3235
1781431285.7822595,30,10,8.3943,1.55,0.0478,0.508,NOMINAL,NORMAL,0,,0,4.2,4385,3235
1781431286.2800825,30,10,6.1738,1.204,0.0347,0.365,NOMINAL,NORMAL,0,,0,4.8,4385,3235
1781431286.7826366,30,10,8.9578,1.487,0.0474,0.563,NOMINAL,NORMAL,0,,0,4.8,4385,3235
1781431287.2795093,30,10,5.6166,1.222,0.0331,0.362,NOMINAL,NORMAL,0,,0,4.3,4385,3235
1781431287.7829957,30,10,9.0496,1.82,0.0469,0.562,NOMINAL,NORMAL,0,,0,4.3,4385,3235
1781431288.2790725,30,10,5.2011,1.539,0.0243,0.296,NOMINAL,NORMAL,0,,0,4.7,4385,3235
1781431288.78272,30,10,9.1109,1.516,0.05,0.563,NOMINAL,NORMAL,0,,0,4.7,4385,3235
1781431289.2782676,30,10,5.2345,0.984,0.0236,0.266,NOMINAL,NORMAL,0,,76,3.8,4385,3235
1781431289.782818,30,10,9.2051,1.651,0.0354,0.408,NOMINAL,NORMAL,0,,76,3.8,4385,3235
1781431290.2788405,30,10,5.2192,1.295,0.0371,0.428,NOMINAL,NORMAL,0,,68,4.5,4385,3235
1781431290.7826998,30,10,8.7626,1.556,0.0356,0.433,NOMINAL,NORMAL,0,,68,4.5,4385,3235
1781431291.2799718,30,10,6.5782,1.322,0.0342,0.376,NOMINAL,NORMAL,0,,99,4.7,4385,3235
1781431291.781723,30,10,8.2381,1.526,0.0343,0.374,NOMINAL,NORMAL,0,,99,4.7,4385,3235
1781431292.2819576,30,10,7.8802,1.612,0.0437,0.492,NOMINAL,NORMAL,0,,99,4.5,4425,3235
1781431292.7808251,30,10,7.138,1.184,0.0348,0.37,NOMINAL,NORMAL,0,,99,4.5,4425,3235
1781431293.2828035,30,10,8.5474,1.823,0.0454,0.537,NOMINAL,NORMAL,0,,99,4.8,4425,3235
1781431293.7803948,30,10,6.3458,1.252,0.0337,0.407,NOMINAL,NORMAL,0,,99,4.8,4425,3235
1781431294.282706,30,10,9.0863,1.861,0.0465,0.543,NOMINAL,NORMAL,0,,99,4.5,4425,3235
1781431294.7800097,30,10,5.6581,1.574,0.0337,0.391,NOMINAL,NORMAL,0,,99,4.5,4425,3235
1781431295.2832522,30,10,9.0139,1.934,0.0444,0.503,NOMINAL,NORMAL,0,,99,4.8,4425,3235
1781431295.7792807,30,10,5.4499,1.332,0.0244,0.32,NOMINAL,NORMAL,0,,99,4.8,4425,3235
1781431296.28293,30,10,9.1684,1.497,0.0465,0.526,NOMINAL,NORMAL,0,,99,4.3,4465,3235
1781431296.7785861,30,10,5.2083,1.196,0.0248,0.311,NOMINAL,NORMAL,0,,99,4.3,4465,3235
1781431297.2829738,30,10,9.3399,1.719,0.0332,0.391,NOMINAL,NORMAL,0,,91,4.5,4465,3235
1781431297.7784224,30,10,5.2807,1.029,0.0369,0.397,NOMINAL,NORMAL,0,,91,4.5,4465,3235
1781431298.2823114,30,10,8.9627,1.221,0.0386,0.387,NOMINAL,NORMAL,0,,99,4.2,4505,3235
1781431298.7799134,30,10,6.6565,1.148,0.0372,0.385,NOMINAL,NORMAL,0,,99,4.2,4505,3235
1781431299.282187,30,10,7.9824,1.524,0.0346,0.383,NOMINAL,NORMAL,0,,99,4.7,4465,3235
1781431299.7808728,30,10,7.6115,1.12,0.0368,0.393,NOMINAL,NORMAL,0,,99,4.7,4465,3235
1781431300.2813427,30,10,7.3963,1.526,0.0339,0.385,NOMINAL,NORMAL,0,,87,4.7,4465,3235
1781431300.7808578,30,10,7.399,1.374,0.0359,0.384,NOMINAL,NORMAL,0,,87,4.7,4465,3235
1781431301.2807856,30,10,6.6925,1.591,0.0343,0.388,NOMINAL,NORMAL,0,,18,4.0,4505,3235
1781431301.7826345,30,10,9.0746,1.803,0.0497,0.556,NOMINAL,NORMAL,0,,18,4.0,4505,3235
1781431302.279878,30,10,5.9698,1.523,0.0325,0.379,NOMINAL,NORMAL,0,,0,4.2,4505,3236
1781431302.7827115,30,10,9.1135,1.684,0.0478,0.516,NOMINAL,NORMAL,0,,0,4.2,4505,3236
1781431303.2793941,30,10,5.4605,1.517,0.0345,0.375,NOMINAL,NORMAL,0,,0,4.5,4465,3236
1781431303.7831786,30,10,9.2729,1.95,0.0459,0.523,NOMINAL,NORMAL,0,,0,4.5,4465,3236
1781431304.278706,30,10,5.3145,1.255,0.0246,0.293,NOMINAL,NORMAL,0,,0,4.3,4465,3236
1781431304.782565,30,10,9.2804,1.368,0.0359,0.406,NOMINAL,NORMAL,0,,0,4.3,4465,3236
1781431305.2785208,30,10,5.2565,1.204,0.0362,0.424,NOMINAL,NORMAL,0,,0,4.8,4465,3236
1781431305.7826946,30,10,9.2081,1.55,0.0359,0.418,NOMINAL,NORMAL,0,,0,4.8,4465,3236
1781431306.2794678,30,10,5.9657,1.377,0.0364,0.392,NOMINAL,NORMAL,0,,0,4.8,4465,3236
1781431306.78213,30,10,8.3266,1.545,0.0349,0.427,NOMINAL,NORMAL,0,,0,4.8,4465,3236
1781431307.2803714,30,10,7.194,1.096,0.034,0.375,NOMINAL,NORMAL,0,,0,4.3,4465,3236
1781431307.781493,30,10,7.5506,1.481,0.0332,0.398,NOMINAL,NORMAL,0,,0,4.3,4465,3236
1781431308.282028,30,10,8.3474,1.528,0.0436,0.482,NOMINAL,NORMAL,0,,0,4.3,4465,3236
1781431308.7805183,30,10,6.7989,1.431,0.0335,0.364,NOMINAL,NORMAL,0,,0,4.3,4465,3236
1781431309.2827203,30,10,8.9871,1.864,0.0463,0.562,NOMINAL,NORMAL,0,,20,4.2,4505,3236
1781431309.7795758,30,10,6.0837,1.211,0.0355,0.376,NOMINAL,NORMAL,0,,20,4.2,4505,3236
1781431310.2831194,30,10,9.1244,1.958,0.0479,0.525,NOMINAL,NORMAL,0,,0,5.0,4465,3236
1781431310.779054,30,10,5.4982,1.44,0.036,0.396,NOMINAL,NORMAL,0,,0,5.0,4465,3236
1781431311.2828026,30,10,9.065,1.912,0.046,0.563,NOMINAL,NORMAL,0,,0,4.5,4465,3236
1781431311.7786899,30,10,5.2334,1.362,0.0521,0.296,NOMINAL,NORMAL,0,,0,4.5,4465,3236
1781431312.28342,30,10,9.359,2.108,0.0346,0.411,NOMINAL,NORMAL,0,,24,4.3,4425,3236
1781431312.7779467,30,10,5.1823,1.085,0.0241,0.303,NOMINAL,NORMAL,0,,24,4.3,4425,3236
1781431313.2828195,30,10,9.3167,1.571,0.0369,0.436,NOMINAL,NORMAL,0,,0,4.3,4465,3236
1781431313.7817419,30,10,8.1791,1.444,0.0454,0.468,NOMINAL,NORMAL,0,,0,4.3,4465,3236
1781431314.2820568,30,10,8.6344,1.676,0.0329,0.408,NOMINAL,NORMAL,0,,0,4.8,4465,3236
1781431314.7806013,30,10,7.3077,1.311,0.0366,0.385,NOMINAL,NORMAL,0,,0,4.8,4465,3236
1781431315.2816567,30,10,7.5799,1.575,0.0368,0.391,NOMINAL,NORMAL,0,,0,5.0,4465,3236
1781431315.7823505,30,10,8.1537,1.942,0.0452,0.531,NOMINAL,NORMAL,0,,0,5.0,4465,3236
1781431316.2809725,30,10,6.8633,1.632,0.0351,0.383,NOMINAL,NORMAL,0,,0,4.2,4425,3236
1781431316.7819269,30,10,8.4903,1.572,0.0466,0.478,NOMINAL,NORMAL,0,,0,4.2,4425,3236
1781431317.2794037,30,10,6.2625,1.304,0.0383,0.383,NOMINAL,NORMAL,0,,0,4.7,4425,3236
1781431317.7828462,30,10,9.0817,1.797,0.0467,0.567,NOMINAL,NORMAL,0,,0,4.7,4425,3236
1781431318.2796838,30,10,5.6038,1.554,0.0385,0.412,NOMINAL,NORMAL,0,,0,4.7,4425,3236
1781431318.7835538,30,10,9.2741,2.285,0.0458,0.522,NOMINAL,NORMAL,0,,0,4.7,4425,3236
1781431319.2790346,30,10,5.2782,1.507,0.0253,0.274,NOMINAL,NORMAL,0,,0,4.5,4425,3236
1781431319.7828743,30,10,9.31,1.536,0.0413,0.448,NOMINAL,NORMAL,0,,0,4.5,4425,3236
1781431320.2786226,30,10,5.2714,1.11,0.0368,0.433,NOMINAL,NORMAL,0,,16,5.3,4425,3236
1781431320.782817,30,10,9.1983,1.647,0.0368,0.432,NOMINAL,NORMAL,0,,16,5.3,4425,3236
1781431321.2791107,30,10,5.8571,1.161,0.0369,0.392,NOMINAL,NORMAL,0,,0,4.8,4465,3236
1781431321.7820992,30,10,8.5956,1.966,0.0359,0.413,NOMINAL,NORMAL,0,,0,4.8,4465,3236
1781431322.2803626,30,10,6.8455,1.365,0.0358,0.406,NOMINAL,NORMAL,0,,0,4.5,4425,3236
1781431322.781464,30,10,7.8162,1.175,0.0469,0.396,NOMINAL,NORMAL,0,,0,4.5,4425,3236
1781431323.2819812,30,10,8.1423,1.724,0.0481,0.52,NOMINAL,NORMAL,0,,0,4.8,4425,3236
1781431323.780261,30,10,6.9731,1.337,0.034,0.383,NOMINAL,NORMAL,0,,0,4.8,4425,3236
1781431324.2824292,30,10,8.8794,1.567,0.0501,0.509,NOMINAL,NORMAL,0,,0,6.2,4465,3236
1781431324.780031,30,10,6.364,1.267,0.0325,0.384,NOMINAL,NORMAL,0,,0,6.2,4465,3236
1781431325.2825696,30,10,9.1219,1.527,0.0488,0.532,NOMINAL,NORMAL,0,,0,4.3,4465,3236
1781431325.7789578,30,10,5.3643,1.096,0.0365,0.39,NOMINAL,NORMAL,0,,0,4.3,4465,3236
1781431326.2809322,30,10,7.6912,1.09,0.0353,0.42,NOMINAL,NORMAL,0,,0,4.3,4465,3236
1781431326.7788732,30,10,5.3111,1.287,0.0236,0.26,NOMINAL,NORMAL,0,,0,4.3,4465,3236
1781431327.282595,30,10,9.0324,1.511,0.0467,0.488,NOMINAL,NORMAL,0,,0,4.7,4425,3236
1781431327.778121,30,10,5.2204,0.888,0.024,0.263,NOMINAL,NORMAL,0,,0,4.7,4425,3236
1781431328.2827837,30,10,9.3017,1.288,0.0809,0.433,NOMINAL,NORMAL,0,,0,4.2,4425,3236
1781431328.778454,30,10,5.2272,0.93,0.0362,0.371,NOMINAL,NORMAL,0,,0,4.2,4425,3236
1781431329.2817721,30,10,8.7576,1.168,0.0333,0.357,NOMINAL,NORMAL,0,,0,4.7,4425,3236
1781431329.780417,30,10,7.0394,1.057,0.035,0.377,NOMINAL,NORMAL,0,,0,4.7,4425,3236
1781431330.281662,30,10,7.6366,1.201,0.0334,0.367,NOMINAL,NORMAL,0,,0,4.7,4425,3236
1781431330.782523,30,10,9.0393,1.547,0.0465,0.493,NOMINAL,NORMAL,0,,0,4.7,4425,3236
1781431331.2808108,30,10,7.167,1.204,0.0369,0.372,NOMINAL,NORMAL,0,,0,4.7,4425,3236
1781431331.7823763,30,10,8.6561,1.48,0.0498,0.481,NOMINAL,NORMAL,0,,0,4.7,4425,3236
1781431332.2801578,30,10,6.5986,1.179,0.0331,0.354,NOMINAL,NORMAL,0,,0,3.7,4425,3236
1781431332.7826357,30,10,9.0706,1.458,0.0473,0.544,NOMINAL,NORMAL,0,,0,3.7,4425,3236
1781431333.2794068,30,10,5.7668,1.233,0.0322,0.363,NOMINAL,NORMAL,0,,0,4.0,4425,3236
1781431333.7828312,30,10,9.2764,1.469,0.0476,0.548,NOMINAL,NORMAL,0,,0,4.0,4425,3236
1781431334.2789288,30,10,5.2825,1.235,0.0352,0.391,NOMINAL,NORMAL,0,,0,4.8,4385,3236
1781431334.782808,30,10,9.1158,1.419,0.048,0.533,NOMINAL,NORMAL,0,,0,4.8,4385,3236
1781431335.2816236,30,10,8.1016,1.419,0.0469,0.49,NOMINAL,NORMAL,0,,0,4.5,4385,3236
1781431335.782814,30,10,9.2707,1.283,0.0344,0.422,NOMINAL,NORMAL,0,,0,4.5,4385,3236
1781431336.2782161,30,10,5.2402,0.936,0.0357,0.377,NOMINAL,NORMAL,0,,0,4.5,4385,3236
1781431336.7825496,30,10,9.1856,1.385,0.0352,0.426,NOMINAL,NORMAL,0,,0,4.5,4385,3236
1781431337.2799766,30,10,6.536,1.071,0.0344,0.368,NOMINAL,NORMAL,0,,0,4.5,4385,3236
1781431337.7815623,30,10,8.0476,1.153,0.0358,0.361,NOMINAL,NORMAL,0,,0,4.5,4385,3236
1781431338.28142,30,10,7.9544,1.312,0.0477,0.505,NOMINAL,NORMAL,0,,0,4.8,4385,3236
1781431338.7813373,30,10,7.074,1.515,0.0348,0.396,NOMINAL,NORMAL,0,,0,4.8,4385,3236
1781431339.2821846,30,10,8.1817,1.507,0.0482,0.488,NOMINAL,NORMAL,0,,0,5.3,4385,3236
1781431339.7781682,30,10,5.2049,0.931,0.0237,0.261,NOMINAL,NORMAL,0,,0,5.3,4385,3236
1781431340.2821362,30,10,8.6396,1.52,0.0472,0.498,NOMINAL,NORMAL,0,,0,4.3,4385,3236
1781431340.7795117,30,10,5.804,1.243,0.0353,0.363,NOMINAL,NORMAL,0,,0,4.3,4385,3236
1781431341.28203,30,10,8.8867,1.487,0.0448,0.479,NOMINAL,NORMAL,0,,0,5.0,4385,3236
1781431341.779066,30,10,5.3888,1.228,0.038,0.386,NOMINAL,NORMAL,0,,0,5.0,4385,3236
1781431342.2832406,30,10,9.1303,1.902,0.0417,0.443,NOMINAL,NORMAL,0,,0,4.8,4425,3236
1781431342.7784464,30,10,5.2416,1.15,0.0264,0.27,NOMINAL,NORMAL,0,,0,4.8,4425,3236
1781431343.2826056,30,10,9.297,1.346,0.0339,0.399,NOMINAL,NORMAL,0,,0,3.8,4385,3236
1781431343.778053,30,10,5.2385,0.839,0.0346,0.362,NOMINAL,NORMAL,0,,0,3.8,4385,3236
1781431344.279116,30,10,5.7369,1.259,0.0345,0.38,NOMINAL,NORMAL,0,,0,4.7,4385,3236
1781431344.778185,30,10,5.2156,0.938,0.0373,0.382,NOMINAL,NORMAL,0,,0,4.7,4385,3236
1781431345.2818992,30,10,7.9039,1.226,0.0332,0.362,NOMINAL,NORMAL,0,,0,4.7,4385,3236
1781431345.780598,30,10,7.4175,1.085,0.0354,0.382,NOMINAL,NORMAL,0,,0,4.7,4385,3236
1781431346.2812216,30,10,7.1836,1.217,0.0354,0.372,NOMINAL,NORMAL,0,,0,4.5,4385,3236
1781431346.7823117,30,10,8.428,1.45,0.0461,0.484,NOMINAL,NORMAL,0,,0,4.5,4385,3236
1781431347.2803376,30,10,6.5677,1.25,0.036,0.374,NOMINAL,NORMAL,0,,0,4.7,4385,3236
1781431347.7825258,30,10,9.0545,1.481,0.0444,0.522,NOMINAL,NORMAL,0,,0,4.7,4385,3236
1781431348.2797182,30,10,5.9246,1.349,0.0345,0.369,NOMINAL,NORMAL,0,,0,5.0,4385,3236
1781431348.7812924,30,10,8.3685,1.24,0.0346,0.368,NOMINAL,NORMAL,0,,0,5.0,4385,3236
1781431349.279489,30,10,5.3547,1.286,0.036,0.384,NOMINAL,NORMAL,0,,0,4.3,4346,3236
1781431349.78257,30,10,9.1232,1.431,0.044,0.492,NOMINAL,NORMAL,0,,0,4.3,4346,3236
1781431350.278739,30,10,5.2524,0.983,0.0251,0.292,NOMINAL,NORMAL,0,,0,4.8,4346,3236
1781431350.7828465,30,10,9.2079,1.425,0.0344,0.413,NOMINAL,NORMAL,0,,0,4.8,4346,3236
1781431351.2782915,30,10,5.3092,0.905,0.0354,0.371,NOMINAL,NORMAL,0,,0,4.7,4385,3236
1781431351.7825503,30,10,9.1029,1.215,0.0345,0.498,NOMINAL,NORMAL,0,,0,4.7,4385,3236
1781431352.278317,30,10,5.2513,0.989,0.0373,0.383,NOMINAL,NORMAL,0,,0,4.5,4346,3236
1781431352.7820039,30,10,8.2094,1.175,0.0351,0.391,NOMINAL,NORMAL,0,,0,4.5,4346,3236
1781431353.2807126,30,10,7.4604,1.113,0.0371,0.379,NOMINAL,NORMAL,0,,0,4.5,4346,3236
1781431353.7811456,30,10,7.37,1.12,0.0367,0.364,NOMINAL,NORMAL,0,,0,4.5,4346,3236
1781431354.2821453,30,10,8.4047,1.493,0.0488,0.493,NOMINAL,NORMAL,0,,0,4.5,4385,3236
1781431354.7804976,30,10,6.6089,1.168,0.0335,0.363,NOMINAL,NORMAL,0,,0,4.5,4385,3236
1781431355.2822382,30,10,8.8186,1.549,0.0507,0.498,NOMINAL,NORMAL,0,,1,4.5,4385,3236
1781431355.779981,30,10,5.8935,1.323,0.0321,0.374,NOMINAL,NORMAL,0,,1,4.5,4385,3236
1781431356.282818,30,10,9.2614,1.512,0.0457,0.536,NOMINAL,NORMAL,0,,0,4.8,4346,3236
1781431356.7792628,30,10,5.3195,1.204,0.0338,0.372,NOMINAL,NORMAL,0,,0,4.8,4346,3236
1781431357.2827065,30,10,9.0533,1.517,0.0474,0.559,NOMINAL,NORMAL,0,,0,5.0,4346,3236
1781431357.7811966,30,10,8.0538,1.187,0.0343,0.376,NOMINAL,NORMAL,0,,0,5.0,4346,3236
1781431358.278589,30,10,5.234,1.191,0.0336,0.396,NOMINAL,NORMAL,0,,3,4.5,4385,3236
1781431358.7782445,30,10,5.1405,0.835,0.0356,0.379,NOMINAL,NORMAL,0,,3,4.5,4385,3236
1781431359.2801566,30,10,6.989,1.307,0.0356,0.389,NOMINAL,NORMAL,0,,3,4.5,4385,3236
1781431359.7783532,30,10,5.1581,1.199,0.0377,0.393,NOMINAL,NORMAL,0,,0,4.8,4385,3236
1781431360.281973,30,10,8.497,1.631,0.0356,0.403,NOMINAL,NORMAL,0,,0,4.8,4385,3236
1781431360.7808177,30,10,7.339,1.111,0.0363,0.381,NOMINAL,NORMAL,0,,0,5.3,4385,3236
1781431361.2817473,30,10,7.6609,1.567,0.0333,0.393,NOMINAL,NORMAL,0,,0,5.3,4385,3236
1781431361.782142,30,10,8.2279,1.477,0.0463,0.502,NOMINAL,NORMAL,0,,0,4.7,4385,3236
1781431362.2805738,30,10,6.8658,1.272,0.0348,0.382,NOMINAL,NORMAL,0,,0,4.7,4385,3236
1781431362.7806292,30,10,7.5013,1.094,0.0432,0.487,NOMINAL,NORMAL,0,,0,4.7,4385,3236
1781431363.2799852,30,10,6.2383,1.273,0.0362,0.385,NOMINAL,NORMAL,0,,0,4.7,4385,3236
1781431363.7826514,30,10,8.9769,1.478,0.0449,0.553,NOMINAL,NORMAL,0,,0,3.8,4385,3236
1781431364.2791982,30,10,5.8074,1.291,0.0356,0.386,NOMINAL,NORMAL,0,,0,3.8,4385,3236
1781431364.7823532,30,10,9.0874,1.43,0.0465,0.483,NOMINAL,NORMAL,0,,0,5.3,4385,3236
1781431365.2787755,30,10,5.2716,1.224,0.0243,0.35,NOMINAL,NORMAL,0,,0,5.3,4385,3236
1781431365.7832565,30,10,9.1621,1.87,0.0354,0.411,NOMINAL,NORMAL,0,,0,4.5,4346,3236
1781431366.2784126,30,10,5.296,1.04,0.0351,0.371,NOMINAL,NORMAL,0,,0,4.5,4346,3236
1781431366.7828293,30,10,9.2792,1.565,0.0372,0.446,NOMINAL,NORMAL,0,,0,4.8,4385,3236
1781431367.2781644,30,10,5.1179,0.987,0.0353,0.382,NOMINAL,NORMAL,0,,0,4.8,4385,3236
1781431367.781936,30,10,8.6798,1.197,0.0348,0.371,NOMINAL,NORMAL,0,,72,4.5,4425,3236
1781431368.2799258,30,10,6.8346,1.106,0.0358,0.383,NOMINAL,NORMAL,0,,72,4.5,4425,3236
1781431368.7816515,30,10,7.679,1.487,0.0379,0.391,NOMINAL,NORMAL,0,,72,4.5,4385,3236
1781431369.2815707,30,10,7.825,1.56,0.0473,0.509,NOMINAL,NORMAL,0,,72,4.5,4385,3236
1781431369.780721,30,10,6.9526,1.245,0.0346,0.375,NOMINAL,NORMAL,0,,99,5.0,4385,3236
1781431370.280094,30,10,7.1247,1.091,0.0357,0.404,NOMINAL,NORMAL,0,,99,5.0,4385,3236
1781431370.7801313,30,10,6.0922,1.238,0.0367,0.37,NOMINAL,NORMAL,0,,99,4.7,4425,3236
1781431371.2828138,30,10,9.0424,1.85,0.0474,0.547,NOMINAL,NORMAL,0,,99,4.7,4425,3236
1781431371.779553,30,10,5.5319,1.216,0.035,0.376,NOMINAL,NORMAL,0,,99,4.3,4385,3236
1781431372.2826529,30,10,9.0251,1.539,0.049,0.532,NOMINAL,NORMAL,0,,99,4.3,4385,3236
1781431372.779043,30,10,5.2331,1.258,0.0241,0.265,NOMINAL,NORMAL,0,,99,4.8,4385,3236
1781431373.282702,30,10,9.1298,1.537,0.0484,0.508,NOMINAL,NORMAL,0,,99,4.8,4385,3236
1781431373.7783666,30,10,5.2433,1.091,0.0231,0.295,NOMINAL,NORMAL,0,,99,4.5,4425,3236
1781431374.2827957,30,10,9.2343,1.616,0.0702,0.431,NOMINAL,NORMAL,0,,99,4.5,4425,3236
1781431374.7788746,30,10,5.2967,1.206,0.0362,0.435,NOMINAL,NORMAL,0,,99,4.2,4425,3236
1781431375.2818835,30,10,8.6803,1.515,0.0344,0.38,NOMINAL,NORMAL,0,,99,4.2,4425,3236
1781431375.7799332,30,10,6.6876,1.132,0.037,0.378,NOMINAL,NORMAL,0,,99,5.5,4465,3236
1781431376.2816534,30,10,7.8645,1.224,0.034,0.379,NOMINAL,NORMAL,0,,99,5.5,4465,3236
1781431376.782121,30,10,7.9846,1.675,0.0474,0.496,NOMINAL,NORMAL,0,,99,3.7,4465,3237
1781431377.281253,30,10,7.1014,1.519,0.0364,0.549,NOMINAL,NORMAL,0,,99,3.7,4465,3237
1781431377.7823799,30,10,8.6453,1.585,0.0476,0.508,NOMINAL,NORMAL,0,,99,4.5,4465,3237
1781431378.2803898,30,10,6.4323,1.511,0.036,0.38,NOMINAL,NORMAL,0,,99,4.5,4465,3237
1781431378.7825077,30,10,9.1252,1.587,0.0519,0.507,NOMINAL,NORMAL,0,,35,4.3,4465,3237
1781431379.27971,30,10,5.8152,1.513,0.035,0.387,NOMINAL,NORMAL,0,,35,4.3,4465,3237
1781431379.7829874,30,10,9.1317,1.817,0.0442,0.524,NOMINAL,NORMAL,0,,39,4.7,4505,3237
1781431380.2790203,30,10,5.339,1.307,0.034,0.339,NOMINAL,NORMAL,0,,39,4.7,4505,3237
1781431380.7829568,30,10,9.1381,1.653,0.0439,0.521,NOMINAL,NORMAL,0,,7,4.8,4505,3236
1781431381.27842,30,10,5.2216,1.158,0.0236,0.273,NOMINAL,NORMAL,0,,7,4.8,4505,3236
1781431381.7826128,30,10,9.164,1.444,0.0361,0.443,NOMINAL,NORMAL,0,,24,5.3,4465,3236
1781431382.278405,30,10,5.2001,1.235,0.0355,0.391,NOMINAL,NORMAL,0,,24,5.3,4465,3236
1781431382.782226,30,10,9.0398,1.268,0.0374,0.377,NOMINAL,NORMAL,0,,6,4.5,4505,3236
1781431383.2795775,30,10,6.2147,1.334,0.036,0.394,NOMINAL,NORMAL,0,,6,4.5,4505,3236
1781431383.7818885,30,10,8.0797,1.335,0.0348,0.399,NOMINAL,NORMAL,0,,0,4.2,4465,3236
1781431384.2811272,30,10,7.6107,1.334,0.0471,0.463,NOMINAL,NORMAL,0,,0,4.2,4465,3236
1781431384.7811754,30,10,7.3129,1.293,0.035,0.39,NOMINAL,NORMAL,0,,8,6.7,4505,3237
1781431385.2821028,30,10,8.4,1.555,0.0467,0.501,NOMINAL,NORMAL,0,,8,6.7,4505,3237
1781431385.7806206,30,10,7.1647,1.292,0.0353,0.399,NOMINAL,NORMAL,0,,0,4.7,4465,3237
1781431386.282418,30,10,9.1574,1.522,0.0467,0.518,NOMINAL,NORMAL,0,,0,4.7,4465,3237
1781431386.77975,30,10,5.7655,1.246,0.0388,0.402,NOMINAL,NORMAL,0,,0,4.3,4465,3236
1781431387.282807,30,10,9.1344,1.555,0.0514,0.57,NOMINAL,NORMAL,0,,0,4.3,4465,3236
1781431387.779036,30,10,5.2742,1.243,0.0354,0.393,NOMINAL,NORMAL,0,,0,4.7,4465,3236
1781431388.2826185,30,10,9.0511,1.517,0.0486,0.559,NOMINAL,NORMAL,0,,0,4.7,4465,3236
1781431388.7784152,30,10,5.2785,1.06,0.0242,0.265,NOMINAL,NORMAL,0,,0,4.7,4465,3236
1781431389.2828283,30,10,9.2612,1.585,0.0385,0.454,NOMINAL,NORMAL,0,,0,4.7,4465,3236
1781431389.778756,30,10,5.2872,1.068,0.036,0.438,NOMINAL,NORMAL,0,,0,4.2,4505,3236
1781431390.2823477,30,10,9.15,1.284,0.036,0.396,NOMINAL,NORMAL,0,,0,4.2,4505,3236
1781431390.7783613,30,10,5.1472,1.063,0.0358,0.402,NOMINAL,NORMAL,0,,0,5.2,4465,3236
1781431391.2815602,30,10,8.3584,1.248,0.0332,0.395,NOMINAL,NORMAL,0,,0,5.2,4465,3236
1781431391.781034,30,10,7.5612,1.333,0.0344,0.426,NOMINAL,NORMAL,0,,0,4.8,4465,3236
1781431392.2811291,30,10,7.3056,1.337,0.0341,0.396,NOMINAL,NORMAL,0,,0,4.8,4465,3236
1781431392.782223,30,10,8.256,1.476,0.0456,0.498,NOMINAL,NORMAL,0,,0,4.0,4465,3236
1781431393.2804,30,10,6.6684,1.256,0.0374,0.394,NOMINAL,NORMAL,0,,0,4.0,4465,3236
1781431393.7825415,30,10,9.1559,1.562,0.047,0.546,NOMINAL,NORMAL,0,,0,4.7,4465,3236
1781431394.2796407,30,10,5.9359,1.245,0.0349,0.382,NOMINAL,NORMAL,0,,0,4.7,4465,3236
1781431394.7828429,30,10,9.0902,1.444,0.0471,0.56,NOMINAL,NORMAL,0,,0,4.2,4425,3236
1781431395.2790415,30,10,5.333,1.254,0.0337,0.38,NOMINAL,NORMAL,0,,0,4.2,4425,3236
1781431395.7828994,30,10,9.1492,1.541,0.0491,0.554,NOMINAL,NORMAL,0,,0,4.5,4425,3236
1781431396.2785072,30,10,5.2425,1.091,0.025,0.286,NOMINAL,NORMAL,0,,0,4.5,4425,3236
1781431396.7833686,30,10,9.578,1.314,0.0358,0.385,NOMINAL,NORMAL,0,,0,4.8,4425,3236
1781431397.2781777,30,10,5.2131,0.887,0.0373,0.39,NOMINAL,NORMAL,0,,0,4.8,4425,3236
1781431397.7823904,30,10,9.1363,1.203,0.0344,0.358,NOMINAL,NORMAL,0,,0,4.5,4465,3236
1781431398.2783139,30,10,5.2333,1.05,0.0346,0.38,NOMINAL,NORMAL,0,,0,4.5,4465,3236
1781431398.781848,30,10,8.2103,1.182,0.0339,0.379,NOMINAL,NORMAL,0,,0,4.0,4425,3236
1781431399.2808745,30,10,7.4039,1.326,0.0365,0.386,NOMINAL,NORMAL,0,,0,4.0,4425,3236
1781431399.7814612,30,10,7.5644,1.477,0.0343,0.382,NOMINAL,NORMAL,0,,0,4.5,4425,3236
1781431400.281851,30,10,8.1727,1.509,0.0465,0.492,NOMINAL,NORMAL,0,,0,4.5,4425,3236
1781431400.7809865,30,10,6.6718,1.481,0.0347,0.404,NOMINAL,NORMAL,0,,0,4.8,4465,3236
1781431401.2831357,30,10,8.8557,2.356,0.0479,0.527,NOMINAL,NORMAL,0,,0,4.8,4465,3236
1781431401.7797341,30,10,6.1244,1.503,0.0372,0.393,NOMINAL,NORMAL,0,,0,4.7,4425,3236
1781431402.281876,30,10,7.9047,1.992,0.0504,0.542,NOMINAL,NORMAL,0,,0,4.7,4425,3236
1781431402.7795398,30,10,5.4877,1.539,0.0342,0.407,NOMINAL,NORMAL,0,,0,4.5,4465,3236
1781431403.283003,30,10,9.2364,1.842,0.0478,0.543,NOMINAL,NORMAL,0,,0,4.5,4465,3236
1781431403.7789786,30,10,5.2216,1.331,0.0226,0.266,NOMINAL,NORMAL,0,,0,5.0,4465,3236
1781431404.2829897,30,10,9.1508,1.868,0.0318,0.404,NOMINAL,NORMAL,0,,0,5.0,4465,3236
1781431404.7786984,30,10,5.1945,1.132,0.0355,0.416,NOMINAL,NORMAL,0,,24,4.5,4465,3236
1781431405.2825692,30,10,9.2936,1.332,0.0354,0.402,NOMINAL,NORMAL,0,,24,4.5,4465,3236
1781431405.7798235,30,10,5.6851,1.57,0.0355,0.399,NOMINAL,NORMAL,0,,0,4.7,4425,3236
1781431406.281575,30,10,8.4769,1.223,0.0347,0.388,NOMINAL,NORMAL,0,,0,4.7,4425,3236
1781431406.7808888,30,10,7.4814,1.047,0.0345,0.37,NOMINAL,NORMAL,0,,0,4.3,4425,3236
1781431407.2812362,30,10,7.6157,1.243,0.0343,0.382,NOMINAL,NORMAL,0,,0,4.3,4425,3236
1781431407.7823634,30,10,8.2787,1.537,0.046,0.502,NOMINAL,NORMAL,0,,9,4.3,4425,3236
1781431408.2805157,30,10,6.8537,1.235,0.0333,0.386,NOMINAL,NORMAL,0,,9,4.3,4425,3236
1781431408.7826054,30,10,9.0533,1.599,0.0473,0.589,NOMINAL,NORMAL,0,,0,4.5,4425,3236
1781431409.2798464,30,10,6.255,1.216,0.0343,0.372,NOMINAL,NORMAL,0,,0,4.5,4425,3236
1781431409.782627,30,10,8.9589,1.489,0.0463,0.531,NOMINAL,NORMAL,0,,0,4.7,4425,3236
1781431410.279179,30,10,5.5888,1.201,0.0318,0.377,NOMINAL,NORMAL,0,,0,4.7,4425,3236
1781431410.782906,30,10,8.9627,1.558,0.0523,0.556,NOMINAL,NORMAL,0,,0,4.7,4425,3236
1781431411.2789752,30,10,5.2837,1.476,0.0245,0.268,NOMINAL,NORMAL,0,,0,4.7,4425,3236
1781431411.778239,30,10,5.3147,0.816,0.0242,0.309,NOMINAL,NORMAL,0,,0,4.7,4385,3235
1781431412.2780128,30,10,5.1925,0.877,0.0222,0.263,NOMINAL,NORMAL,0,,0,4.7,4385,3235
1781431412.7823894,30,10,9.2497,1.246,0.0341,0.362,NOMINAL,NORMAL,0,,0,4.2,4425,3235
1781431413.2786617,30,10,5.2391,1.369,0.0344,0.422,NOMINAL,NORMAL,0,,0,4.2,4425,3235
1781431413.7824287,30,10,8.5265,1.531,0.0331,0.438,NOMINAL,NORMAL,0,,0,4.5,4385,3236
1781431414.280318,30,10,6.8458,1.316,0.0366,0.391,NOMINAL,NORMAL,0,,0,4.5,4385,3236
1781431414.7817316,30,10,8.0359,1.571,0.0337,0.396,NOMINAL,NORMAL,0,,0,3.8,4385,3236
1781431415.2818198,30,10,7.9675,1.691,0.0497,0.514,NOMINAL,NORMAL,0,,0,3.8,4385,3236
1781431415.7810905,30,10,6.9343,1.573,0.0381,0.417,NOMINAL,NORMAL,0,,0,4.5,4385,3236
1781431416.2809703,30,10,7.4233,1.485,0.0442,0.522,NOMINAL,NORMAL,0,,0,4.5,4385,3236
1781431416.7805288,30,10,6.1226,1.544,0.035,0.405,NOMINAL,NORMAL,0,,0,4.5,4385,3236
1781431417.282874,30,10,9.0648,1.921,0.0901,0.574,NOMINAL,NORMAL,0,,0,4.5,4385,3236
1781431417.7800598,30,10,6.2004,1.498,0.0353,0.387,NOMINAL,NORMAL,0,,0,4.2,4385,3236
1781431418.2827864,30,10,9.0597,1.743,0.0461,0.546,NOMINAL,NORMAL,0,,0,4.2,4385,3236
1781431418.779261,30,10,5.3271,1.386,0.0261,0.28,NOMINAL,NORMAL,0,,0,4.5,4385,3236
1781431419.2828975,30,10,9.0836,1.813,0.0406,0.503,NOMINAL,NORMAL,0,,0,4.5,4385,3236
1781431419.7784123,30,10,5.2573,0.816,0.0247,0.317,NOMINAL,NORMAL,0,,0,4.5,4385,3235
1781431420.2828186,30,10,9.2188,1.649,0.0386,0.446,NOMINAL,NORMAL,0,,0,4.5,4385,3235
1781431420.782576,30,10,8.9644,1.454,0.0347,0.443,NOMINAL,NORMAL,0,,0,4.2,4385,3236
1781431421.2821624,30,10,8.8528,1.48,0.0349,0.387,NOMINAL,NORMAL,0,,0,4.2,4385,3236
1781431421.779776,30,10,6.5945,1.064,0.0343,0.378,NOMINAL,NORMAL,0,,0,4.7,4385,3236
1781431422.281353,30,10,8.0203,1.205,0.039,0.387,NOMINAL,NORMAL,0,,0,4.7,4385,3236
1781431422.7811623,30,10,7.8849,1.121,0.0476,0.483,NOMINAL,NORMAL,0,,0,4.5,4425,3236
1781431423.2806935,30,10,7.197,1.158,0.0334,0.363,NOMINAL,NORMAL,0,,0,4.5,4425,3236
1781431423.7826102,30,10,8.6842,1.495,0.0419,0.456,NOMINAL,NORMAL,0,,0,4.3,4385,3236
1781431424.2801745,30,10,6.4553,1.209,0.0351,0.466,NOMINAL,NORMAL,0,,0,4.3,4385,3236
1781431424.7825801,30,10,9.2208,1.518,0.0469,0.532,NOMINAL,NORMAL,0,,0,4.7,4385,3236
1781431425.2795033,30,10,5.7512,1.31,0.0378,0.393,NOMINAL,NORMAL,0,,0,4.7,4385,3236
1781431425.7827659,30,10,9.0859,1.534,0.0471,0.528,NOMINAL,NORMAL,0,,0,4.8,4385,3236
1781431426.2790484,30,10,5.3767,1.262,0.0371,0.371,NOMINAL,NORMAL,0,,0,4.8,4385,3236
1781431426.7832026,30,10,9.4188,1.772,0.0404,0.433,NOMINAL,NORMAL,0,,0,3.7,4346,3236
1781431427.278147,30,10,5.2112,0.992,0.0241,0.259,NOMINAL,NORMAL,0,,0,3.7,4346,3236
1781431427.782845,30,10,9.1883,1.368,0.0351,0.561,NOMINAL,NORMAL,0,,0,4.7,4385,3236
1781431428.2781694,30,10,5.2619,0.855,0.035,0.375,NOMINAL,NORMAL,0,,0,4.7,4385,3236
1781431428.7820127,30,10,8.7153,1.208,0.0322,0.365,NOMINAL,NORMAL,0,,0,4.7,4346,3235
1781431429.2800674,30,10,6.7244,1.087,0.0352,0.381,NOMINAL,NORMAL,0,,0,4.7,4346,3235
1781431429.7815666,30,10,8.1848,1.183,0.0371,0.373,NOMINAL,NORMAL,0,,0,4.3,4385,3235
1781431430.2806149,30,10,7.5434,1.043,0.0353,0.384,NOMINAL,NORMAL,0,,0,4.3,4385,3235
1781431430.7812648,30,10,7.2211,1.481,0.0345,0.399,NOMINAL,NORMAL,0,,0,4.7,4385,3235
1781431431.2813475,30,10,7.6763,1.359,0.0465,0.519,NOMINAL,NORMAL,0,,0,4.7,4385,3235
1781431431.7797623,30,10,6.684,1.234,0.0332,0.378,NOMINAL,NORMAL,0,,0,5.2,4385,3235
1781431432.2825851,30,10,9.1486,1.57,0.0469,0.548,NOMINAL,NORMAL,0,,0,5.2,4385,3235
1781431432.7794394,30,10,5.8882,1.179,0.0366,0.38,NOMINAL,NORMAL,0,,0,4.2,4346,3235
1781431433.2825613,30,10,9.0432,1.484,0.0485,0.546,NOMINAL,NORMAL,0,,0,4.2,4346,3235
1781431433.7789142,30,10,5.3506,1.205,0.0355,0.374,NOMINAL,NORMAL,0,,0,4.5,4346,3235
1781431434.2822132,30,10,8.9762,1.453,0.0433,0.488,NOMINAL,NORMAL,0,,0,4.5,4346,3235
1781431434.7782319,30,10,5.2148,0.995,0.0227,0.253,NOMINAL,NORMAL,0,,0,4.7,4346,3235
1781431435.282684,30,10,9.2837,1.409,0.0356,0.429,NOMINAL,NORMAL,0,,0,4.7,4346,3235
1781431435.7780926,30,10,5.2256,0.815,0.0345,0.384,NOMINAL,NORMAL,0,,0,4.5,4346,3236
1781431436.2820787,30,10,9.0322,1.211,0.0377,0.39,NOMINAL,NORMAL,0,,0,4.5,4346,3236
1781431436.7789893,30,10,5.9373,1.068,0.0344,0.385,NOMINAL,NORMAL,0,,0,4.5,4385,3236
1781431437.281427,30,10,8.3583,1.196,0.0332,0.378,NOMINAL,NORMAL,0,,0,4.5,4385,3236
1781431437.7800508,30,10,6.6986,1.038,0.0352,0.378,NOMINAL,NORMAL,0,,0,4.7,4346,3236
1781431438.2813578,30,10,7.3794,1.516,0.0364,0.402,NOMINAL,NORMAL,0,,0,4.7,4346,3236
1781431438.7796795,30,10,6.397,1.047,0.0356,0.386,NOMINAL,NORMAL,0,,0,4.0,4346,3236
1781431439.281101,30,10,8.2352,1.197,0.033,0.374,NOMINAL,NORMAL,0,,0,4.0,4346,3236
1781431439.7815006,30,10,8.5329,1.454,0.0346,0.407,NOMINAL,NORMAL,0,,0,4.0,4346,3236
1781431440.2799752,30,10,6.1043,1.398,0.0358,0.404,NOMINAL,NORMAL,0,,0,5.2,4346,3236
1781431440.7829046,30,10,9.0484,1.51,0.0503,0.555,NOMINAL,NORMAL,0,,0,5.2,4346,3236
1781431441.2792528,30,10,5.454,1.256,0.0344,0.387,NOMINAL,NORMAL,0,,0,5.0,4385,3236
1781431441.782688,30,10,8.9573,1.429,0.045,0.577,NOMINAL,NORMAL,0,,0,5.0,4385,3236
1781431442.2785385,30,10,5.2631,1.087,0.0246,0.289,NOMINAL,NORMAL,0,,0,4.3,4346,3236
1781431442.7827802,30,10,9.1966,1.437,0.0616,0.428,NOMINAL,NORMAL,0,,0,4.3,4346,3236
1781431443.2781374,30,10,5.2794,0.842,0.0355,0.378,NOMINAL,NORMAL,0,,0,5.0,4346,3236
1781431443.7824652,30,10,9.0703,1.242,0.0346,0.395,NOMINAL,NORMAL,0,,0,5.0,4346,3236
1781431444.2784436,30,10,5.2441,0.988,0.0368,0.419,NOMINAL,NORMAL,0,,0,6.2,4465,3236
1781431444.7813895,30,10,8.338,1.197,0.0361,0.403,NOMINAL,NORMAL,0,,0,6.2,4465,3236
1781431445.2805398,30,10,7.2978,1.097,0.036,0.388,NOMINAL,NORMAL,0,,0,5.0,4385,3236
1781431445.781211,30,10,7.4753,1.225,0.0344,0.382,NOMINAL,NORMAL,0,,0,5.0,4385,3236
1781431446.282287,30,10,8.1945,1.826,0.0479,0.537,NOMINAL,NORMAL,0,,0,4.3,4385,3236
1781431446.781223,30,10,6.8949,1.473,0.036,0.554,NOMINAL,NORMAL,0,,0,4.3,4385,3236
1781431447.2787747,30,10,5.4835,1.088,0.0641,0.422,NOMINAL,NORMAL,0,,61,4.2,4385,3236
1781431447.779816,30,10,6.0289,1.212,0.0333,0.365,NOMINAL,NORMAL,0,,61,4.2,4385,3236
1781431448.2824645,30,10,9.0745,1.508,0.0476,0.501,NOMINAL,NORMAL,0,,42,4.8,4385,3236
1781431448.7792408,30,10,5.382,1.17,0.0364,0.372,NOMINAL,NORMAL,0,,42,4.8,4385,3236
1781431449.2827814,30,10,9.3216,1.545,0.0473,0.56,NOMINAL,NORMAL,0,,40,4.7,4425,3236
1781431449.779036,30,10,5.2343,1.335,0.0252,0.282,NOMINAL,NORMAL,0,,40,4.7,4425,3236
1781431450.2829123,30,10,9.2577,1.641,0.0406,0.475,NOMINAL,NORMAL,0,,99,5.0,4425,3236
1781431450.7781777,30,10,5.2458,0.787,0.0376,0.38,NOMINAL,NORMAL,0,,99,5.0,4425,3236
1781431451.2836978,30,10,9.1328,1.424,0.037,1.703,PRE_ALERT,TRIGGERED,1,PD3A-OUT|PD1A-OUT,99,5.7,4425,3236
1781431451.7784088,30,10,5.2181,0.892,0.0362,0.391,PRE_ALERT,TRIGGERED,2,PD3A-OUT|PD1A-OUT,99,5.7,4425,3236
1781431452.2827013,30,10,8.5251,1.12,0.0343,1.648,ALERT,TRIGGERED,3,PD3A-OU|PD3A-OUT|PD1A-OUT,99,4.3,4425,3236
1781431452.780315,30,10,7.2238,1.032,0.0329,0.373,ALERT,TRIGGERED,3,PD3A-OU|PD3A-OUT|PD1A-OUT,99,4.3,4425,3236
1781431453.2811859,30,10,7.5777,1.151,0.0317,0.377,ALERT,TRIGGERED,3,PD3A-OU|PD3A-OUT|PD1A-OUT,99,4.7,4385,3236
1781431453.7816339,30,10,7.921,1.569,0.043,0.524,ALERT,TRIGGERED,3,PD3A-OU|PD3A-OUT|PD1A-OUT,99,4.7,4385,3236
1781431454.2803795,30,10,6.8765,1.153,0.0343,0.371,ALERT,TRIGGERED,3,PD3A-OU|PD3A-OUT|PD1A-OUT,99,5.2,4425,3236
1781431454.7795992,30,10,6.4623,1.298,0.035,0.384,ALERT,TRIGGERED,3,PD3A-OU|PD3A-OUT|PD1A-OUT,99,5.2,4425,3236
1781431455.2801492,30,10,6.2259,1.567,0.0342,0.372,ALERT,TRIGGERED,3,PD3A-OU|PD3A-OUT|PD1A-OUT,99,4.2,4465,3236
1781431455.7826438,30,10,9.042,1.57,0.0478,0.57,ALERT,TRIGGERED,3,PD3A-OU|PD3A-OUT|PD1A-OUT,99,4.2,4465,3236
1781431456.2793164,30,10,5.609,1.239,0.0325,0.381,ALERT,TRIGGERED,3,PD3A-OU|PD3A-OUT|PD1A-OUT,99,4.5,4465,3236
1781431456.7828336,30,10,9.0083,1.494,0.045,0.554,ALERT,TRIGGERED,3,PD3A-OU|PD3A-OUT|PD1A-OUT,99,4.5,4465,3236
1781431457.2786863,30,10,5.2349,1.174,0.034,0.369,ALERT,TRIGGERED,3,PD3A-OU|PD3A-OUT|PD1A-OUT,99,4.3,4425,3236
1781431457.7829068,30,10,9.1188,1.652,0.0388,0.429,ALERT,TRIGGERED,3,PD3A-OU|PD3A-OUT|PD1A-OUT,99,4.3,4425,3236
1781431458.2779207,30,10,5.1992,0.804,0.0239,0.26,ALERT,TRIGGERED,3,PD3A-OU|PD3A-OUT|PD1A-OUT,99,4.5,4465,3236
1781431458.7822835,30,10,9.1009,1.266,0.0346,0.387,ALERT,TRIGGERED,3,PD3A-OU|PD3A-OUT|PD1A-OUT,99,4.5,4465,3236
1781431459.2822554,30,10,8.8642,1.48,0.0466,0.5,ALERT,TRIGGERED,3,PD3A-OU|PD3A-OUT|PD1A-OUT,37,4.3,4465,3236
1781431459.7817507,30,10,8.5419,1.177,0.031,0.371,ALERT,TRIGGERED,3,PD3A-OU|PD3A-OUT|PD1A-OUT,37,4.3,4465,3236
1781431460.2795942,30,10,6.5067,1.078,0.0354,0.386,ALERT,TRIGGERED,3,PD3A-OU|PD3A-OUT|PD1A-OUT,46,4.8,4505,3236
1781431460.7813146,30,10,7.8161,1.183,0.0335,0.374,ALERT,TRIGGERED,3,PD3A-OU|PD3A-OUT|PD1A-OUT,46,4.8,4505,3236
1781431461.2812965,30,10,7.9329,1.227,0.0454,0.494,ALERT,TRIGGERED,3,PD3A-OU|PD3A-OUT|PD1A-OUT,7,4.8,4465,3236
1781431461.780979,30,10,6.8856,1.272,0.0361,0.397,ALERT,TRIGGERED,3,PD3A-OU|PD3A-OUT|PD1A-OUT,7,4.8,4465,3236
1781431462.279151,30,10,6.0623,1.231,0.0338,0.384,ALERT,TRIGGERED,3,PD3A-OU|PD3A-OUT|PD1A-OUT,0,4.5,4465,3236
1781431462.7803075,30,10,6.2449,1.327,0.0355,0.395,ALERT,TRIGGERED,3,PD3A-OU|PD3A-OUT|PD1A-OUT,0,4.5,4465,3236
1781431463.2822134,30,10,8.9903,1.455,0.0476,0.503,ALERT,TRIGGERED,3,PD3A-OU|PD3A-OUT|PD1A-OUT,6,4.8,4505,3236
1781431463.779524,30,10,5.5992,1.202,0.0329,0.37,ALERT,TRIGGERED,3,PD3A-OU|PD3A-OUT|PD1A-OUT,6,4.8,4505,3236
1781431464.283131,30,10,9.2074,1.805,0.0443,0.518,ALERT,TRIGGERED,3,PD3A-OU|PD3A-OUT|PD1A-OUT,0,4.0,4465,3236
1781431464.7791114,30,10,5.2641,1.541,0.0316,0.357,ALERT,TRIGGERED,3,PD3A-OU|PD3A-OUT|PD1A-OUT,0,4.0,4465,3236
1781431465.2830024,30,10,9.3132,1.514,0.038,0.636,ALERT,TRIGGERED,3,PD3A-OU|PD3A-OUT|PD1A-OUT,0,4.8,4465,3236
1781431465.778507,30,10,5.2672,1.079,0.0232,0.351,ALERT,TRIGGERED,3,PD3A-OU|PD3A-OUT|PD1A-OUT,0,4.8,4465,3236
1781431466.2826166,30,10,9.1689,1.568,0.037,0.425,ALERT,TRIGGERED,3,PD3A-OU|PD3A-OUT|PD1A-OUT,0,4.8,4505,3236
1781431466.7783089,30,10,5.2186,1.053,0.0354,0.398,ALERT,TRIGGERED,3,PD3A-OU|PD3A-OUT|PD1A-OUT,0,4.8,4505,3236
1781431467.2817526,30,10,8.8224,1.168,0.0322,0.36,ALERT,TRIGGERED,3,PD3A-OU|PD3A-OUT|PD1A-OUT,0,4.5,4465,3236
1781431467.779726,30,10,6.5517,1.114,0.0335,0.386,ALERT,TRIGGERED,3,PD3A-OU|PD3A-OUT|PD1A-OUT,0,4.5,4465,3236
1781431468.2813385,30,10,8.0279,1.17,0.0338,0.373,ALERT,TRIGGERED,3,PD3A-OU|PD3A-OUT|PD1A-OUT,0,4.7,4505,3236
1781431468.7808373,30,10,7.7067,1.058,0.0443,0.468,ALERT,TRIGGERED,3,PD3A-OU|PD3A-OUT|PD1A-OUT,0,4.7,4505,3236
1781431469.280769,30,10,7.1863,1.2,0.0339,0.373,ALERT,TRIGGERED,3,PD3A-OU|PD3A-OUT|PD1A-OUT,0,5.3,4505,3236
1781431469.7809968,30,10,7.6233,1.205,0.0486,0.505,ALERT,TRIGGERED,3,PD3A-OU|PD3A-OUT|PD1A-OUT,0,5.3,4505,3236
1781431470.2799716,30,10,6.398,1.248,0.0352,0.39,ALERT,TRIGGERED,3,PD3A-OU|PD3A-OUT|PD1A-OUT,0,4.3,4465,3236
1781431470.783214,30,10,9.6617,1.716,0.0475,0.515,ALERT,TRIGGERED,3,PD3A-OU|PD3A-OUT|PD1A-OUT,0,4.3,4465,3236
1781431471.2796743,30,10,5.7924,1.459,0.0329,0.374,ALERT,TRIGGERED,3,PD3A-OU|PD3A-OUT|PD1A-OUT,0,4.8,4505,3236
1781431471.7828224,30,10,9.0922,1.758,0.0425,0.551,ALERT,TRIGGERED,3,PD3A-OU|PD3A-OUT|PD1A-OUT,0,4.8,4505,3236
1781431472.2791069,30,10,5.3124,1.471,0.0354,0.387,ALERT,TRIGGERED,3,PD3A-OU|PD3A-OUT|PD1A-OUT,0,4.3,4465,3236
1781431472.7795374,30,10,6.7552,1.297,0.0357,0.398,ALERT,TRIGGERED,3,PD3A-OU|PD3A-OUT|PD1A-OUT,0,4.3,4465,3236
1781431473.2783015,30,10,5.296,0.964,0.0238,0.269,ALERT,TRIGGERED,3,PD3A-OU|PD3A-OUT|PD1A-OUT,0,4.3,4465,3236
1781431473.7828774,30,10,9.2064,1.772,0.0371,0.441,ALERT,TRIGGERED,3,PD1A-OUT,0,4.3,4465,3236
1781431474.280511,30,10,5.4626,1.215,0.0375,2.096,NOMINAL,NORMAL,0,,0,4.8,4465,3236
1781431474.7833562,30,10,8.8493,1.472,0.0355,1.608,PRE_ALERT,TRIGGERED,1,PD1A-OUT,0,4.8,4465,3236
1781431475.2810123,30,10,6.2551,1.112,0.0367,1.983,NOMINAL,NORMAL,0,,0,4.7,4505,3236
1781431475.782702,30,10,8.1831,1.18,0.0378,1.639,PRE_ALERT,TRIGGERED,1,PD3A-OUT,0,4.7,4505,3236
1781431476.280442,30,10,7.4345,1.022,0.0341,0.373,PRE_ALERT,TRIGGERED,2,PD1A-OUT,0,4.3,4465,3236
1781431476.7821734,30,10,7.5105,1.101,0.0325,1.588,NOMINAL,NORMAL,0,,0,4.3,4465,3236
1781431477.2821774,30,10,8.4986,1.523,0.0456,0.495,NOMINAL,NORMAL,0,,0,3.7,4425,3236
1781431477.7799227,30,10,6.5755,1.148,0.0345,0.352,NOMINAL,NORMAL,0,,0,3.7,4425,3236
1781431478.2820787,30,10,8.9145,1.465,0.0468,0.514,NOMINAL,NORMAL,0,,0,4.8,4465,3236
1781431478.7793124,30,10,5.8782,1.156,0.0427,0.383,NOMINAL,NORMAL,0,,0,4.8,4465,3236
1781431479.2844784,30,10,9.0272,1.516,0.0543,2.446,PRE_ALERT,TRIGGERED,1,PD1A-OUT,0,4.3,4425,3236
1781431479.7789333,30,10,5.3299,1.215,0.0357,0.379,PRE_ALERT,TRIGGERED,2,PD3A-OU|PD1A-OUT,0,4.3,4425,3236
1781431480.2839124,30,10,9.082,1.413,0.0494,1.948,ALERT,TRIGGERED,3,PD3A-OU|PD1A-OUT,0,4.0,4425,3236
1781431480.778278,30,10,5.1888,1.073,0.0242,0.265,ALERT,TRIGGERED,3,PD3A-OU|PD1A-OUT,0,4.0,4425,3236
1781431481.282707,30,10,9.2408,1.524,0.0364,0.413,ALERT,TRIGGERED,3,PD3A-OU|PD3A-OUT|PD1A-OUT,0,4.7,4425,3236
1781431481.778016,30,10,5.2179,0.858,0.0339,0.382,ALERT,TRIGGERED,3,PD3A-OU|PD3A-OUT|PD1A-OUT,0,4.7,4425,3236
1781431482.2807796,30,10,7.7959,1.385,0.0374,0.435,ALERT,TRIGGERED,3,PD3A-OU|PD3A-OUT|PD1A-OUT,0,4.3,4425,3236
1781431482.7795346,30,10,6.165,1.299,0.0342,0.393,ALERT,TRIGGERED,3,PD3A-OU|PD3A-OUT|PD1A-OUT,0,4.3,4425,3236
1781431483.2814937,30,10,8.4446,1.204,0.0356,0.375,ALERT,TRIGGERED,3,PD3A-OU|PD1A-OUT,0,4.0,4425,3236
1781431483.7802467,30,10,7.303,1.044,0.0356,0.386,ALERT,TRIGGERED,3,PD3A-OU|PD1A-OUT,0,4.0,4425,3236
1781431484.2813494,30,10,7.469,1.493,0.035,0.37,ALERT,TRIGGERED,3,PD3A-OU|PD1A-OUT,0,4.7,4425,3236
1781431484.7820237,30,10,8.0997,1.811,0.0454,0.532,ALERT,TRIGGERED,3,PD3A-OU|PD1A-OUT,0,4.7,4425,3236
1781431485.2807405,30,10,6.7148,1.523,0.033,0.483,ALERT,TRIGGERED,3,PD3A-OU|PD1A-OUT,0,4.5,4385,3236
1781431485.782376,30,10,8.9481,1.575,0.049,0.54,ALERT,TRIGGERED,3,PD3A-OU|PD1A-OUT,0,4.5,4385,3236
1781431486.2798326,30,10,6.0004,1.466,0.0353,0.386,ALERT,TRIGGERED,3,PD3A-OU,0,4.8,4425,3236
1781431486.7848945,30,10,9.1361,1.826,0.0495,2.499,NOMINAL,NORMAL,0,,0,4.8,4425,3236
1781431487.2794228,30,10,5.3975,1.548,0.0342,0.392,NOMINAL,NORMAL,0,,0,4.3,4425,3234
1781431487.7793784,30,10,6.7667,1.118,0.0355,0.387,NOMINAL,NORMAL,0,,0,4.3,4425,3234
1781431488.280251,30,10,5.295,1.375,0.0257,1.697,PRE_ALERT,TRIGGERED,1,PD1A-OUT,0,4.7,4385,3234
1781431488.7839842,30,10,9.0707,1.724,0.0713,1.638,NOMINAL,NORMAL,0,,0,4.7,4385,3234
1781431489.2781427,30,10,5.2453,0.837,0.0342,0.366,NOMINAL,NORMAL,0,,0,4.3,4385,3234
1781431489.7822363,30,10,9.1511,1.233,0.035,0.409,NOMINAL,NORMAL,0,,0,4.3,4385,3234
1781431490.2790134,30,10,5.8031,1.116,0.0354,0.391,NOMINAL,NORMAL,0,,0,5.0,4385,3234
1781431490.781915,30,10,8.4876,1.527,0.0409,0.387,NOMINAL,NORMAL,0,,0,5.0,4385,3234
1781431491.2806792,30,10,7.265,1.325,0.0361,0.388,NOMINAL,NORMAL,0,,0,4.7,4385,3234
1781431491.7814913,30,10,7.5464,1.508,0.0342,0.386,NOMINAL,NORMAL,0,,0,4.7,4385,3234
1781431492.2816515,30,10,8.0174,1.306,0.0485,0.757,NOMINAL,NORMAL,0,,0,4.5,4385,3234
1781431492.780423,30,10,7.0565,1.487,0.0381,0.399,NOMINAL,NORMAL,0,,0,4.5,4385,3234
1781431493.2818952,30,10,8.6028,1.498,0.0471,0.492,NOMINAL,NORMAL,0,,0,4.3,4385,3234
1781431493.7800894,30,10,6.2062,1.493,0.0378,0.385,NOMINAL,NORMAL,0,,0,4.3,4385,3234
1781431494.2829242,30,10,9.0794,1.824,0.0514,0.585,NOMINAL,NORMAL,0,,0,4.3,4385,3234
1781431494.7795715,30,10,5.472,1.57,0.0348,0.411,NOMINAL,NORMAL,0,,0,4.3,4385,3234
1781431495.2826185,30,10,9.0481,1.747,0.0468,0.545,NOMINAL,NORMAL,0,,0,4.7,4385,3235
1781431495.7789867,30,10,5.256,1.428,0.0236,0.279,NOMINAL,NORMAL,0,,0,4.7,4385,3235
1781431496.2827842,30,10,9.0722,1.747,0.0401,0.481,NOMINAL,NORMAL,0,,0,5.0,4425,3235
1781431496.7789462,30,10,5.3177,1.467,0.0374,0.47,NOMINAL,NORMAL,0,,0,5.0,4425,3235
1781431497.282712,30,10,9.2328,1.578,0.039,0.435,NOMINAL,NORMAL,0,,27,3.8,4385,3235
1781431497.7786047,30,10,5.2446,1.228,0.0353,0.434,NOMINAL,NORMAL,0,,27,3.8,4385,3235
1781431498.2815204,30,10,8.5101,1.176,0.0367,0.372,NOMINAL,NORMAL,0,,0,4.2,4385,3235
1781431498.7801256,30,10,6.7376,1.359,0.0351,0.386,NOMINAL,NORMAL,0,,0,4.2,4385,3235
1781431499.2814054,30,10,7.7309,1.49,0.0357,0.372,NOMINAL,NORMAL,0,,0,4.5,4385,3235
1781431499.781738,30,10,7.9223,1.663,0.046,0.496,NOMINAL,NORMAL,0,,0,4.5,4385,3235
1781431500.2809296,30,10,6.8423,1.544,0.0375,0.401,NOMINAL,NORMAL,0,,36,4.5,4498,3234
1781431500.7807186,30,10,7.5087,1.165,0.0464,0.468,NOMINAL,NORMAL,0,,36,4.5,4498,3234
1781431501.2802522,30,10,6.0495,1.492,0.0353,0.376,NOMINAL,NORMAL,0,,0,4.2,4385,3234
1781431501.7829137,30,10,9.0115,1.902,0.1243,0.603,NOMINAL,NORMAL,0,,0,4.2,4385,3234
1781431502.279656,30,10,5.4275,1.505,0.0354,0.384,NOMINAL,NORMAL,0,,0,4.7,4385,3235
1781431502.783004,30,10,9.107,1.819,0.0451,0.55,NOMINAL,NORMAL,0,,0,4.7,4385,3235
1781431503.2787106,30,10,5.2203,1.204,0.0862,0.353,NOMINAL,NORMAL,0,,9,4.3,4385,3235
1781431503.7829745,30,10,8.9963,1.983,0.0374,0.426,NOMINAL,NORMAL,0,,9,4.3,4385,3235
1781431504.2783988,30,10,5.2134,1.07,0.0315,0.351,NOMINAL,NORMAL,0,,0,6.0,4425,3235
1781431504.7827184,30,10,9.1026,1.631,0.0357,0.424,NOMINAL,NORMAL,0,,0,6.0,4425,3235
1781431505.2788165,30,10,5.3403,1.345,0.038,0.449,NOMINAL,NORMAL,0,,0,4.3,4385,3235
1781431505.7817657,30,10,8.5758,1.251,0.0334,0.381,NOMINAL,NORMAL,0,,0,4.3,4385,3235
1781431506.2799308,30,10,6.7203,1.146,0.035,0.379,NOMINAL,NORMAL,0,,0,4.0,4346,3235
1781431506.7817507,30,10,7.736,1.53,0.0383,0.399,NOMINAL,NORMAL,0,,0,4.0,4346,3235
1781431507.2814329,30,10,7.8308,1.495,0.05,0.495,NOMINAL,NORMAL,0,,0,4.3,4346,3235
1781431507.7806125,30,10,6.9845,1.227,0.0343,0.369,NOMINAL,NORMAL,0,,0,4.3,4346,3235
1781431508.280211,30,10,6.9574,1.377,0.0346,0.372,NOMINAL,NORMAL,0,,0,4.2,4346,3235
1781431508.7802808,30,10,6.2657,1.534,0.0342,0.445,NOMINAL,NORMAL,0,,0,4.2,4346,3235
1781431509.282865,30,10,9.1463,1.854,0.1079,0.568,NOMINAL,NORMAL,0,,0,4.5,4346,3235
1781431509.7799017,30,10,5.764,1.37,0.0365,0.662,NOMINAL,NORMAL,0,,0,4.5,4346,3235
1781431510.2826707,30,10,9.0607,1.503,0.049,0.534,NOMINAL,NORMAL,0,,0,4.8,4385,3235
1781431510.7790692,30,10,5.3134,1.341,0.0238,0.321,NOMINAL,NORMAL,0,,0,4.8,4385,3235
1781431511.2828379,30,10,9.0153,1.86,0.0393,0.475,NOMINAL,NORMAL,0,,0,4.7,4346,3235
1781431511.7783477,30,10,5.0978,1.197,0.0238,0.267,NOMINAL,NORMAL,0,,0,4.7,4346,3235
1781431512.282669,30,10,9.1195,1.624,0.0336,0.424,NOMINAL,NORMAL,0,,0,4.7,4385,3235
1781431512.782702,30,10,8.7285,1.892,0.0466,0.536,NOMINAL,NORMAL,0,,0,4.7,4385,3235
1781431513.2821553,30,10,8.8799,1.457,0.033,0.358,NOMINAL,NORMAL,0,,0,4.5,4385,3235
1781431513.7797866,30,10,6.4345,1.348,0.0342,0.391,NOMINAL,NORMAL,0,,0,4.5,4385,3235
1781431514.2815452,30,10,8.2172,1.475,0.0335,0.381,NOMINAL,NORMAL,0,,0,4.7,4346,3235
1781431514.7809637,30,10,7.5145,1.351,0.0462,0.489,NOMINAL,NORMAL,0,,0,4.7,4346,3235
1781431515.280862,30,10,7.2529,1.232,0.0346,0.372,NOMINAL,NORMAL,0,,0,4.5,4346,3235
1781431515.7821717,30,10,8.3666,1.604,0.0494,0.514,NOMINAL,NORMAL,0,,0,4.5,4346,3235
1781431516.2803626,30,10,6.4238,1.54,0.035,0.384,NOMINAL,NORMAL,0,,0,4.8,4353,3235
1781431516.782354,30,10,9.1795,1.503,0.046,0.497,NOMINAL,NORMAL,0,,0,4.8,4353,3235
1781431517.2787569,30,10,5.5355,1.12,0.0356,0.454,NOMINAL,NORMAL,0,,0,5.3,4346,3235
1781431517.7824233,30,10,8.9443,1.499,0.047,0.492,NOMINAL,NORMAL,0,,0,5.3,4346,3235
1781431518.2790568,30,10,5.3802,1.283,0.0341,0.402,NOMINAL,NORMAL,0,,0,5.3,4346,3235
1781431518.7827375,30,10,9.1014,1.534,0.0488,0.559,NOMINAL,NORMAL,0,,0,4.3,4346,3235
1781431519.2782073,30,10,5.2401,0.976,0.0257,0.261,NOMINAL,NORMAL,0,,0,4.3,4346,3235
1781431519.7824376,30,10,9.1122,1.455,0.0356,0.39,NOMINAL,NORMAL,0,,0,4.5,4385,3235
1781431520.2781596,30,10,5.1905,0.974,0.0357,0.386,NOMINAL,NORMAL,0,,0,4.5,4385,3235
1781431520.7821178,30,10,8.9308,1.27,0.0335,0.382,NOMINAL,NORMAL,0,,0,4.2,4346,3235
1781431521.2792304,30,10,6.0355,1.135,0.0362,0.394,NOMINAL,NORMAL,0,,0,4.2,4346,3235
1781431521.7790885,30,10,5.4662,1.576,0.0363,0.426,NOMINAL,NORMAL,0,,0,4.3,4385,3235
1781431522.2803965,30,10,7.3047,1.061,0.0366,0.387,NOMINAL,NORMAL,0,,0,4.3,4385,3235
1781431522.7809706,30,10,7.323,1.235,0.0358,0.422,NOMINAL,NORMAL,0,,0,4.8,4346,3235
1781431523.282298,30,10,8.1987,1.858,0.0481,0.513,NOMINAL,NORMAL,0,,0,4.8,4346,3235
1781431523.7804868,30,10,6.6078,1.491,0.0361,0.366,NOMINAL,NORMAL,0,,0,4.3,4385,3235
1781431524.2822526,30,10,8.9955,1.546,0.0521,0.505,NOMINAL,NORMAL,0,,0,4.3,4385,3235
1781431524.7795339,30,10,6.3012,1.111,0.0367,0.386,NOMINAL,NORMAL,0,,0,5.0,4385,3235
1781431525.2826543,30,10,9.094,1.503,0.0466,0.548,NOMINAL,NORMAL,0,,0,5.0,4385,3235
1781431525.7791398,30,10,5.3249,1.31,0.034,0.385,NOMINAL,NORMAL,0,,11,4.5,4385,3235
1781431526.2827618,30,10,9.0403,1.597,0.0501,0.561,NOMINAL,NORMAL,0,,11,4.5,4385,3235
1781431526.7783847,30,10,5.2281,1.059,0.0257,0.265,NOMINAL,NORMAL,0,,6,4.8,4385,3235
1781431527.282558,30,10,9.099,1.476,0.0358,0.429,NOMINAL,NORMAL,0,,6,4.8,4385,3235
1781431527.7786505,30,10,5.2814,0.978,0.035,0.417,NOMINAL,NORMAL,0,,12,4.7,4425,3235
1781431528.2821956,30,10,8.8264,1.257,0.0382,0.378,NOMINAL,NORMAL,0,,12,4.7,4425,3235
1781431528.7781706,30,10,5.1083,0.976,0.0362,0.383,NOMINAL,NORMAL,0,,99,4.7,4425,3235
1781431529.2815588,30,10,8.4504,1.23,0.0352,0.374,NOMINAL,NORMAL,0,,99,4.7,4425,3235
1781431529.780359,30,10,7.1999,1.057,0.0355,0.381,NOMINAL,NORMAL,0,,99,4.7,4425,3235
1781431530.2811038,30,10,7.4036,1.258,0.0346,0.379,NOMINAL,NORMAL,0,,99,4.7,4425,3235
1781431530.7822435,30,10,8.2096,1.52,0.048,0.531,NOMINAL,NORMAL,0,,99,4.5,4425,3235
1781431531.280443,30,10,6.5261,1.226,0.0365,0.381,NOMINAL,NORMAL,0,,99,4.5,4425,3235
1781431531.7829223,30,10,9.0005,1.845,0.1362,0.606,NOMINAL,NORMAL,0,,99,4.3,4425,3236
1781431532.2796876,30,10,5.9266,1.279,0.0339,0.38,NOMINAL,NORMAL,0,,99,4.3,4425,3236
1781431532.7829826,30,10,8.8814,1.779,0.048,0.531,NOMINAL,NORMAL,0,,99,4.5,4538,3234
1781431533.2792318,30,10,5.3637,1.322,0.0355,0.374,NOMINAL,NORMAL,0,,99,4.5,4538,3234
1781431533.782798,30,10,8.9313,1.793,0.0466,0.587,NOMINAL,NORMAL,0,,99,4.7,4505,3233
1781431534.2783585,30,10,5.1741,1.147,0.0221,0.247,NOMINAL,NORMAL,0,,99,4.7,4505,3233
1781431534.782724,30,10,8.9868,1.763,0.0347,0.462,NOMINAL,NORMAL,0,,99,4.3,4425,3233
1781431535.278115,30,10,5.2182,0.863,0.0364,0.386,NOMINAL,NORMAL,0,,99,4.3,4425,3233
1781431535.7822618,30,10,9.0,1.302,0.0327,0.374,NOMINAL,NORMAL,0,,99,4.7,4465,3233
1781431536.278383,30,10,5.1535,1.184,0.0353,0.378,NOMINAL,NORMAL,0,,99,4.7,4465,3233
1781431536.7815008,30,10,8.2136,1.21,0.0333,0.372,NOMINAL,NORMAL,0,,99,4.7,4465,3233
1781431537.280329,30,10,7.0548,1.282,0.0364,0.372,NOMINAL,NORMAL,0,,99,4.7,4465,3233
1781431537.7811534,30,10,7.5614,1.233,0.0366,0.384,NOMINAL,NORMAL,0,,99,4.3,4425,3233
1781431538.2812924,30,10,7.8445,1.351,0.0456,0.486,NOMINAL,NORMAL,0,,99,4.3,4425,3233
1781431538.780509,30,10,6.6194,1.157,0.0342,0.358,NOMINAL,NORMAL,0,,95,4.2,4465,3233
1781431539.2821312,30,10,8.7753,1.503,0.0476,0.504,NOMINAL,NORMAL,0,,95,4.2,4465,3233
1781431539.7799482,30,10,5.8992,1.318,0.0344,0.376,NOMINAL,NORMAL,0,,19,4.3,4505,3234
1781431540.2827423,30,10,9.0782,1.422,0.0438,0.52,NOMINAL,NORMAL,0,,19,4.3,4505,3234
1781431540.779399,30,10,5.4692,1.332,0.0357,0.406,NOMINAL,NORMAL,0,,37,5.2,4465,3234
1781431541.2828686,30,10,9.033,1.522,0.0929,0.568,NOMINAL,NORMAL,0,,37,5.2,4465,3234
1781431541.778638,30,10,5.2153,1.17,0.0234,0.314,NOMINAL,NORMAL,0,,7,4.7,4465,3234
1781431542.282743,30,10,9.1764,1.579,0.0373,0.463,NOMINAL,NORMAL,0,,7,4.7,4465,3234
1781431542.7781334,30,10,5.3202,0.771,0.0238,0.328,NOMINAL,NORMAL,0,,5,4.7,4465,3234
1781431543.2823727,30,10,9.0642,1.214,0.0363,0.368,NOMINAL,NORMAL,0,,5,4.7,4465,3234
1781431543.7786045,30,10,5.2496,0.966,0.036,0.417,NOMINAL,NORMAL,0,,36,4.5,4545,3234
1781431544.2818077,30,10,8.5531,1.186,0.0351,0.371,NOMINAL,NORMAL,0,,36,4.5,4545,3234
1781431544.7800398,30,10,6.8483,1.053,0.0354,0.384,NOMINAL,NORMAL,0,,0,4.0,4465,3234
1781431545.2813964,30,10,7.572,1.178,0.0331,0.362,NOMINAL,NORMAL,0,,0,4.0,4465,3234
1781431545.781856,30,10,8.0847,1.509,0.0478,0.525,NOMINAL,NORMAL,0,,0,4.8,4465,3234
1781431546.2805514,30,10,6.7121,1.159,0.0352,0.369,NOMINAL,NORMAL,0,,0,4.8,4465,3234
1781431546.782073,30,10,8.3216,1.521,0.0467,0.494,NOMINAL,NORMAL,0,,11,4.5,4465,3234
1781431547.2800255,30,10,6.0693,1.303,0.0336,0.376,NOMINAL,NORMAL,0,,11,4.5,4465,3234
1781431547.7823079,30,10,9.02,1.516,0.0466,0.503,NOMINAL,NORMAL,0,,0,4.8,4465,3234
1781431548.2794168,30,10,5.4287,1.245,0.0355,0.371,NOMINAL,NORMAL,0,,0,4.8,4465,3234
1781431548.782323,30,10,9.0062,1.457,0.0485,0.494,NOMINAL,NORMAL,0,,0,4.5,4465,3234
1781431549.278705,30,10,5.248,1.16,0.0352,0.385,NOMINAL,NORMAL,0,,0,4.5,4465,3234
1781431549.7827861,30,10,9.0566,1.505,0.0797,0.44,NOMINAL,NORMAL,0,,10,4.8,4465,3234
1781431550.2782867,30,10,5.1827,0.851,0.0229,0.261,NOMINAL,NORMAL,0,,10,4.8,4465,3234
1781431550.78267,30,10,9.3502,1.291,0.0356,0.419,NOMINAL,NORMAL,0,,0,4.8,4465,3234
1781431551.278281,30,10,5.19,0.989,0.0367,0.386,NOMINAL,NORMAL,0,,0,4.8,4465,3234
1781431551.7818937,30,10,8.4922,1.28,0.0343,0.378,NOMINAL,NORMAL,0,,0,4.8,4465,3234
1781431552.2801666,30,10,6.841,1.042,0.0353,0.38,NOMINAL,NORMAL,0,,0,4.8,4465,3234
1781431552.7812889,30,10,7.9002,1.195,0.0362,0.374,NOMINAL,NORMAL,0,,0,4.8,4465,3234
1781431553.2815022,30,10,7.9164,1.213,0.0451,0.486,NOMINAL,NORMAL,0,,0,4.8,4465,3234
1781431553.780798,30,10,7.0725,1.208,0.0373,0.367,NOMINAL,NORMAL,0,,0,4.8,4465,3234
1781431554.2810345,30,10,7.5096,1.216,0.0506,0.502,NOMINAL,NORMAL,0,,0,4.8,4465,3234
1781431554.779966,30,10,6.3421,1.216,0.0331,0.361,NOMINAL,NORMAL,0,,0,4.3,4465,3234
1781431555.2824397,30,10,8.9884,1.442,0.0487,0.496,NOMINAL,NORMAL,0,,0,4.3,4465,3234
1781431555.7795832,30,10,5.8265,1.312,0.0329,0.383,NOMINAL,NORMAL,0,,0,4.2,4465,3234
1781431556.2828102,30,10,8.9997,1.487,0.0453,0.579,NOMINAL,NORMAL,0,,0,4.2,4465,3234
1781431556.7787833,30,10,5.2183,1.172,0.0374,0.397,NOMINAL,NORMAL,0,,0,5.0,4425,3234
1781431557.2825367,30,10,8.9455,1.498,0.0466,0.547,NOMINAL,NORMAL,0,,0,5.0,4425,3234
1781431557.7780519,30,10,5.1721,0.877,0.0236,0.258,NOMINAL,NORMAL,0,,0,4.0,4425,3234
1781431558.282537,30,10,9.0734,1.279,0.0347,0.413,NOMINAL,NORMAL,0,,0,4.0,4425,3234
1781431558.7780535,30,10,5.1255,0.948,0.035,0.382,NOMINAL,NORMAL,0,,0,4.8,4425,3234
1781431559.2818847,30,10,8.5832,1.209,0.0369,0.38,NOMINAL,NORMAL,0,,0,4.8,4425,3234
1781431559.7792835,30,10,6.0778,1.103,0.0341,0.377,NOMINAL,NORMAL,0,,0,4.5,4465,3235
1781431560.2817786,30,10,7.8887,1.294,0.0364,0.409,NOMINAL,NORMAL,0,,0,4.5,4465,3235
1781431560.7802818,30,10,7.2175,0.961,0.031,0.363,NOMINAL,NORMAL,0,,0,5.0,4425,3235
1781431561.281061,30,10,6.9945,1.249,0.0368,0.382,NOMINAL,NORMAL,0,,0,5.0,4425,3235
1781431561.7823045,30,10,8.5125,1.437,0.0471,0.486,NOMINAL,NORMAL,0,,0,5.0,4425,3234
1781431562.2803676,30,10,6.3425,1.253,0.0348,0.377,NOMINAL,NORMAL,0,,0,5.0,4425,3234
1781431562.7823808,30,10,9.1105,1.492,0.0477,0.496,NOMINAL,NORMAL,0,,0,4.2,4385,3234
1781431563.2821662,30,10,8.6524,1.528,0.0461,0.5,NOMINAL,NORMAL,0,,0,4.2,4385,3234
1781431563.7829497,30,10,9.0392,1.514,0.0489,0.573,NOMINAL,NORMAL,0,,0,4.5,4425,3234
1781431564.2790203,30,10,5.3094,1.244,0.0374,0.397,NOMINAL,NORMAL,0,,0,4.5,4425,3234
1781431564.7822852,30,10,9.0521,1.409,0.0527,0.51,NOMINAL,NORMAL,0,,0,6.7,4465,3234
1781431565.2783113,30,10,5.2015,1.023,0.0244,0.269,NOMINAL,NORMAL,0,,0,6.7,4465,3234
1781431565.7813938,30,10,7.9971,1.533,0.0491,0.494,NOMINAL,NORMAL,0,,0,4.5,4425,3234
1781431566.2819247,30,10,8.1083,1.552,0.0465,0.504,NOMINAL,NORMAL,0,,0,4.5,4425,3234
1781431566.7819147,30,10,8.9387,1.138,0.0361,0.363,NOMINAL,NORMAL,0,,0,4.7,4425,3235
1781431567.2827873,30,10,9.1983,1.513,0.0467,0.549,NOMINAL,NORMAL,0,,0,4.7,4425,3235
1781431567.7813382,30,10,8.3343,1.149,0.0339,0.369,NOMINAL,NORMAL,0,,0,4.3,4425,3235
1781431568.2809324,30,10,7.4554,1.086,0.0356,0.388,NOMINAL,NORMAL,0,,0,4.3,4425,3235
1781431568.780901,30,10,7.3371,1.169,0.0343,0.365,NOMINAL,NORMAL,0,,0,4.5,4385,3235
1781431569.2828805,30,10,9.1557,1.549,0.11,0.589,NOMINAL,NORMAL,0,,0,4.5,4385,3235
1781431569.7800682,30,10,6.583,1.113,0.0356,0.368,NOMINAL,NORMAL,0,,0,5.0,4425,3235
1781431570.2821994,30,10,8.8602,1.535,0.0446,0.507,NOMINAL,NORMAL,0,,0,5.0,4425,3235
1781431570.7794132,30,10,5.5339,1.306,0.0342,0.389,NOMINAL,NORMAL,0,,0,4.8,4425,3235
1781431571.282812,30,10,8.9527,1.509,0.0459,0.556,NOMINAL,NORMAL,0,,0,4.8,4425,3235
1781431571.778901,30,10,5.2774,1.186,0.0349,0.374,NOMINAL,NORMAL,0,,0,4.5,4385,3235
1781431572.2824657,30,10,8.8779,1.51,0.0463,0.499,NOMINAL,NORMAL,0,,0,4.5,4385,3235
1781431572.77827,30,10,5.2028,1.024,0.0234,0.253,NOMINAL,NORMAL,0,,0,4.7,4385,3235
1781431573.2824507,30,10,9.0712,1.438,0.0368,0.387,NOMINAL,NORMAL,0,,0,4.7,4385,3235
1781431573.7782688,30,10,5.1698,0.84,0.0343,0.367,NOMINAL,NORMAL,0,,0,4.5,4385,3235
1781431574.2820735,30,10,8.8898,1.277,0.0351,0.378,NOMINAL,NORMAL,0,,0,4.5,4385,3235
1781431574.7797415,30,10,6.5376,1.136,0.0347,0.373,NOMINAL,NORMAL,0,,0,5.3,4385,3235
1781431575.2813838,30,10,8.2518,1.238,0.0334,0.371,NOMINAL,NORMAL,0,,0,5.3,4385,3235
1781431575.7800143,30,10,6.8247,0.961,0.0308,0.335,NOMINAL,NORMAL,0,,0,4.8,4385,3235
1781431576.282418,30,10,7.4059,1.249,0.0361,1.667,PRE_ALERT,TRIGGERED,1,PD3A-OUT,0,4.8,4385,3235
1781431576.7807696,30,10,7.5622,1.073,0.0466,0.488,PRE_ALERT,TRIGGERED,2,PD3A-OUT|PD1A-OUT,0,4.3,4385,3235
1781431577.2819324,30,10,6.6122,1.297,0.0351,1.641,ALERT,TRIGGERED,3,PD3A-OUT|PD1A-OUT,0,4.3,4385,3235
1781431577.7822218,30,10,8.7673,1.43,0.0416,0.478,ALERT,TRIGGERED,3,PD3A-OUT|PD1A-OUT,0,4.7,4385,3235
1781431578.278317,30,10,5.4737,0.806,0.0329,0.377,ALERT,TRIGGERED,3,PD3A-OUT|PD1A-OUT,0,4.7,4385,3235
1781431578.7830265,30,10,9.0014,1.976,0.0455,0.562,ALERT,TRIGGERED,3,PD3A-OUT|PD1A-OUT,0,4.5,4385,3235
1781431579.279015,30,10,5.4198,1.255,0.0347,0.38,ALERT,TRIGGERED,3,PD3A-OUT|PD1A-OUT,0,4.5,4385,3235
1781431579.782939,30,10,9.0128,1.847,0.0505,0.584,ALERT,TRIGGERED,3,PD1A-OUT,0,4.2,4385,3235
1781431580.2786665,30,10,5.1438,1.404,0.0245,0.3,ALERT,TRIGGERED,3,PD3A-OUT|PD1A-OUT,0,4.2,4385,3235
1781431580.7813613,30,10,7.9646,1.429,0.042,0.448,ALERT,TRIGGERED,3,PD1A-OUT,0,5.2,4385,3235
1781431581.2799847,30,10,5.2001,1.354,0.0244,1.786,NOMINAL,NORMAL,0,,0,5.2,4385,3235
1781431581.7821727,30,10,9.0708,1.247,0.0372,0.376,NOMINAL,NORMAL,0,,0,4.8,4346,3235
1781431582.2805555,30,10,5.5347,1.365,0.0359,1.999,PRE_ALERT,TRIGGERED,1,PD3A-OU|PD1A-OUT,0,4.8,4346,3235
1781431582.7832422,30,10,8.601,1.501,0.0341,1.665,NOMINAL,NORMAL,0,,0,4.2,4385,3235
1781431583.2803445,30,10,6.9725,1.316,0.036,0.392,NOMINAL,NORMAL,0,,0,4.2,4385,3235
1781431583.7828343,30,10,7.5501,1.501,0.0344,1.698,PRE_ALERT,TRIGGERED,1,PD3A-OU|PD1A-OUT,0,4.0,4346,3235
1781431584.2820501,30,10,8.1183,1.791,0.0478,0.521,PRE_ALERT,TRIGGERED,2,PD3A-OU|PD1A-OUT,0,4.0,4346,3235
1781431584.7822247,30,10,6.781,1.832,0.0348,1.619,ALERT,TRIGGERED,3,PD3A-OU|PD3A-OUT|PD1A-OUT,0,4.3,4346,3235
1781431585.2823346,30,10,8.6526,1.796,0.0452,0.508,ALERT,TRIGGERED,3,PD3A-OU|PD3A-OUT|PD1A-OUT,0,4.3,4346,3235
1781431585.7799337,30,10,6.0847,1.438,0.0343,0.399,ALERT,TRIGGERED,3,PD3A-OU|PD3A-OUT|PD1A-OUT,0,4.8,4385,3235
1781431586.2830803,30,10,9.2478,1.867,0.0456,0.516,ALERT,TRIGGERED,3,PD3A-OU|PD3A-OUT|PD1A-OUT,0,4.8,4385,3235
1781431586.779591,30,10,5.5965,1.487,0.0342,0.38,ALERT,TRIGGERED,3,PD3A-OU|PD3A-OUT|PD1A-OUT,11,5.7,4385,3235
1781431587.2828083,30,10,9.005,1.785,0.0465,0.572,ALERT,TRIGGERED,3,PD1A-OUT,11,5.7,4385,3235
1781431587.7786245,30,10,5.1884,1.148,0.0354,0.377,ALERT,TRIGGERED,3,PD1A-OUT,0,4.3,4385,3235
1781431588.282695,30,10,8.9555,1.772,0.0402,0.438,ALERT,TRIGGERED,3,PD1A-OUT,0,4.3,4385,3235
1781431588.7783716,30,10,5.1969,1.046,0.0347,0.382,ALERT,TRIGGERED,3,PD3A-OUT|PD1A-OUT,0,4.0,4385,3235
1781431589.2827063,30,10,9.2573,1.566,0.0343,0.426,ALERT,TRIGGERED,3,PD3A-OUT|PD1A-OUT,0,4.0,4385,3235
1781431589.7790728,30,10,5.5676,1.362,0.0382,0.39,ALERT,TRIGGERED,3,PD1A-OUT,26,4.2,4346,3235
1781431590.2797017,30,10,6.5877,1.621,0.0358,0.395,ALERT,TRIGGERED,3,PD1A-OUT,26,4.2,4346,3235
1781431590.7834885,30,10,9.4985,1.528,0.0446,0.472,ALERT,TRIGGERED,3,PD3A-OUT|PD1A-OUT,0,4.3,4346,3235
1781431591.282502,30,10,7.8054,1.226,0.0352,1.571,NOMINAL,NORMAL,0,,0,4.3,4346,3235
1781431591.7833788,30,10,7.8654,1.269,0.0503,2.508,PRE_ALERT,TRIGGERED,1,PD1A-OUT,0,4.5,4385,3235
1781431592.2805421,30,10,6.9493,1.209,0.0513,0.389,PRE_ALERT,TRIGGERED,2,PD1A-OUT,0,4.5,4385,3235
1781431592.7825656,30,10,7.4331,1.083,0.046,2.504,ALERT,TRIGGERED,3,PD1A-OUT,32,3.7,4346,3235
1781431593.279642,30,10,6.2662,1.117,0.0332,0.366,ALERT,TRIGGERED,3,PD3A-OUT|PD1A-OUT,32,3.7,4346,3235
1781431593.7827075,30,10,9.1158,1.473,0.048,0.587,ALERT,TRIGGERED,3,PD1A-OUT,0,3.7,4346,3235
1781431594.2791433,30,10,5.6467,1.219,0.0343,0.363,ALERT,TRIGGERED,3,PD3A-OUT|PD1A-OUT,0,3.7,4346,3235
1781431594.7824552,30,10,9.1404,1.503,0.0508,0.485,ALERT,TRIGGERED,3,PD1A-OUT,0,4.8,4346,3235
1781431595.2786963,30,10,5.2174,1.194,0.0359,0.414,ALERT,TRIGGERED,3,PD1A-OUT,0,4.8,4346,3235
1781431595.7819102,30,10,8.7418,1.488,0.0496,0.481,ALERT,TRIGGERED,3,PD1A-OUT,0,5.0,4385,3235
1781431596.2781723,30,10,5.1445,1.149,0.0241,0.263,ALERT,TRIGGERED,3,PD1A-OUT,0,5.0,4385,3235
1781431596.7808018,30,10,7.4334,1.518,0.0348,0.366,ALERT,TRIGGERED,3,PD3A-OU|PD3A-OUT|PD1A-OUT,0,4.5,4385,3235
1781431597.2780557,30,10,5.1283,0.975,0.0356,0.384,ALERT,TRIGGERED,3,PD3A-OU|PD3A-OUT|PD1A-OUT,0,4.5,4385,3235
1781431597.7818844,30,10,8.796,1.241,0.034,0.38,ALERT,TRIGGERED,3,PD3A-OU|PD3A-OUT|PD1A-OUT,0,4.5,4385,3235
1781431598.2796893,30,10,6.3736,1.331,0.0364,0.393,ALERT,TRIGGERED,3,PD3A-OU|PD3A-OUT|PD1A-OUT,0,5.3,4346,3235
1781431598.7811363,30,10,7.8222,1.207,0.0369,0.385,ALERT,TRIGGERED,3,PD3A-OU|PD3A-OUT|PD1A-OUT,0,5.3,4346,3235
1781431599.2813265,30,10,7.8696,1.256,0.0462,0.509,ALERT,TRIGGERED,3,PD3A-OU|PD3A-OUT|PD1A-OUT,0,4.5,4385,3235
1781431599.7806046,30,10,7.0756,1.165,0.0327,0.373,ALERT,TRIGGERED,3,PD3A-OU|PD3A-OUT|PD1A-OUT,0,4.5,4385,3235
1781431600.2800696,30,10,6.9849,1.063,0.0334,0.385,ALERT,TRIGGERED,3,PD3A-OU|PD3A-OUT|PD1A-OUT,0,4.3,4385,3235
1781431600.7791433,30,10,6.5448,1.113,0.0346,0.387,ALERT,TRIGGERED,3,PD3A-OU|PD3A-OUT|PD1A-OUT,0,4.3,4385,3235
1781431601.2827718,30,10,8.9885,1.917,0.0466,0.57,ALERT,TRIGGERED,3,PD3A-OU|PD3A-OUT|PD1A-OUT,0,4.2,4385,3235
1781431601.7793553,30,10,5.6318,1.305,0.0349,0.372,ALERT,TRIGGERED,3,PD3A-OU|PD3A-OUT|PD1A-OUT,0,4.2,4385,3235
1781431602.2829816,30,10,9.0368,1.839,0.0459,0.604,ALERT,TRIGGERED,3,PD3A-OU|PD3A-OUT|PD1A-OUT,0,4.7,4385,3235
1781431602.7787976,30,10,5.2279,1.191,0.0373,0.413,ALERT,TRIGGERED,3,PD3A-OU|PD3A-OUT|PD1A-OUT,0,4.7,4385,3235
1781431603.2830946,30,10,9.1,1.993,0.0394,0.446,ALERT,TRIGGERED,3,PD3A-OU|PD3A-OUT|PD1A-OUT,0,5.0,4346,3235
1781431603.7779865,30,10,5.0786,0.996,0.0237,0.263,ALERT,TRIGGERED,3,PD3A-OU|PD3A-OUT|PD1A-OUT,0,5.0,4346,3235
1781431604.2828076,30,10,9.1115,1.685,0.0372,0.447,ALERT,TRIGGERED,3,PD3A-OU|PD3A-OUT|PD1A-OUT,0,4.7,4385,3235
1781431604.7781644,30,10,5.1655,0.98,0.0346,0.38,ALERT,TRIGGERED,3,PD3A-OU|PD3A-OUT|PD1A-OUT,0,4.7,4385,3235
1781431605.2815123,30,10,8.6494,1.194,0.0341,0.377,ALERT,TRIGGERED,3,PD3A-OU|PD3A-OUT|PD1A-OUT,42,4.2,4385,3236
1781431605.7793124,30,10,6.2302,1.087,0.0341,0.379,ALERT,TRIGGERED,3,PD3A-OU|PD3A-OUT|PD1A-OUT,42,4.2,4385,3236
1781431606.2814457,30,10,8.0485,1.199,0.0365,0.391,ALERT,TRIGGERED,3,PD3A-OU|PD3A-OUT|PD1A-OUT,20,4.8,4385,3236
1781431606.7804506,30,10,7.3622,1.055,0.033,0.413,ALERT,TRIGGERED,3,PD3A-OU|PD3A-OUT|PD1A-OUT,20,4.8,4385,3236
1781431607.281194,30,10,7.0629,1.656,0.0355,0.379,ALERT,TRIGGERED,3,PD3A-OU|PD3A-OUT|PD1A-OUT,99,4.5,4385,3236
1781431607.7824142,30,10,8.4666,1.749,0.0434,0.519,ALERT,TRIGGERED,3,PD3A-OU|PD3A-OUT|PD1A-OUT,99,4.5,4385,3236
1781431608.279788,30,10,6.393,1.158,0.0327,0.378,ALERT,TRIGGERED,3,PD3A-OU|PD3A-OUT|PD1A-OUT,99,5.7,4385,3236
1781431608.782666,30,10,9.1552,1.811,0.0456,0.578,ALERT,TRIGGERED,3,PD3A-OU|PD3A-OUT|PD1A-OUT,99,5.7,4385,3236
1781431609.2794514,30,10,5.7663,1.307,0.034,0.368,ALERT,TRIGGERED,3,PD3A-OU|PD3A-OUT|PD1A-OUT,97,4.3,4385,3236
1781431609.7829924,30,10,9.0519,1.876,0.0441,0.583,ALERT,TRIGGERED,3,PD3A-OU|PD3A-OUT|PD1A-OUT,97,4.3,4385,3236
1781431610.2792823,30,10,5.3049,1.56,0.0348,0.354,ALERT,TRIGGERED,3,PD3A-OU|PD3A-OUT|PD1A-OUT,99,4.8,4385,3236
1781431610.7838123,30,10,9.3726,1.92,0.0375,0.418,ALERT,TRIGGERED,3,PD3A-OU|PD3A-OUT|PD1A-OUT,99,4.8,4385,3236
1781431611.2789197,30,10,5.2346,1.48,0.023,0.278,ALERT,TRIGGERED,3,PD3A-OU|PD3A-OUT|PD1A-OUT,99,4.5,4425,3235
1781431611.7823884,30,10,8.9709,1.523,0.0358,0.406,ALERT,TRIGGERED,3,PD3A-OU|PD3A-OUT|PD1A-OUT,99,4.5,4425,3235
1781431612.278546,30,10,5.1943,1.221,0.036,0.441,ALERT,TRIGGERED,3,PD3A-OU|PD3A-OUT|PD1A-OUT,99,4.5,4465,3235
1781431612.7822201,30,10,8.8767,1.499,0.034,0.396,ALERT,TRIGGERED,3,PD3A-OU|PD3A-OUT|PD1A-OUT,99,4.5,4465,3235
1781431613.279244,30,10,5.7813,1.364,0.0332,0.404,ALERT,TRIGGERED,3,PD3A-OU|PD3A-OUT|PD1A-OUT,99,5.2,4425,3235
1781431613.78174,30,10,8.0565,1.228,0.0352,0.385,ALERT,TRIGGERED,3,PD3A-OU|PD3A-OUT|PD1A-OUT,99,5.2,4425,3235
1781431614.2809458,30,10,7.5307,1.31,0.0348,0.439,ALERT,TRIGGERED,3,PD3A-OU|PD3A-OUT|PD1A-OUT,99,4.2,4465,3236
1781431614.7811627,30,10,7.3721,1.461,0.0352,0.401,ALERT,TRIGGERED,3,PD3A-OU|PD3A-OUT|PD1A-OUT,99,4.2,4465,3236
1781431615.282566,30,10,8.3891,1.873,0.046,0.573,ALERT,TRIGGERED,3,PD3A-OU|PD3A-OUT|PD1A-OUT,99,4.3,4465,3236
1781431615.7802656,30,10,6.6343,1.242,0.0364,0.391,ALERT,TRIGGERED,3,PD3A-OU|PD3A-OUT|PD1A-OUT,99,4.3,4465,3236
1781431616.2824595,30,10,9.0596,1.594,0.0482,0.521,ALERT,TRIGGERED,3,PD3A-OU|PD3A-OUT|PD1A-OUT,39,4.7,4505,3236
1781431616.7799811,30,10,5.9559,1.484,0.0356,0.405,ALERT,TRIGGERED,3,PD3A-OU|PD3A-OUT|PD1A-OUT,39,4.7,4505,3236
1781431617.2829306,30,10,9.2047,1.819,0.0488,0.574,ALERT,TRIGGERED,3,PD3A-OU|PD3A-OUT|PD1A-OUT,26,4.5,4465,3236
1781431617.778964,30,10,5.3929,1.226,0.0348,0.381,ALERT,TRIGGERED,3,PD3A-OU|PD3A-OUT|PD1A-OUT,26,4.5,4465,3236
1781431618.2829108,30,10,9.289,1.529,0.0481,0.531,ALERT,TRIGGERED,3,PD3A-OU|PD3A-OUT|PD1A-OUT,0,4.8,4465,3236
1781431618.778605,30,10,5.2614,1.281,0.0228,0.297,ALERT,TRIGGERED,3,PD3A-OU|PD3A-OUT|PD1A-OUT,0,4.8,4465,3236
1781431619.2827697,30,10,9.259,1.521,0.0623,0.434,ALERT,TRIGGERED,3,PD3A-OU|PD3A-OUT|PD1A-OUT,0,5.0,4465,3236
1781431619.7806878,30,10,7.5784,1.053,0.0357,0.38,ALERT,TRIGGERED,3,PD3A-OU|PD3A-OUT|PD1A-OUT,0,5.0,4465,3236
1781431620.282327,30,10,9.0612,1.364,0.0347,0.429,ALERT,TRIGGERED,3,PD3A-OU|PD3A-OUT|PD1A-OUT,0,4.3,4465,3236
1781431620.7830045,30,10,9.161,1.82,0.0448,0.573,ALERT,TRIGGERED,3,PD3A-OU|PD3A-OUT|PD1A-OUT,0,4.3,4465,3236
1781431621.2815754,30,10,8.4798,1.213,0.0338,0.391,ALERT,TRIGGERED,3,PD3A-OU|PD3A-OUT|PD1A-OUT,0,5.2,4505,3236
1781431621.7807214,30,10,7.3105,1.343,0.0357,0.397,ALERT,TRIGGERED,3,PD3A-OU|PD3A-OUT|PD1A-OUT,0,5.2,4505,3236
1781431622.2814014,30,10,7.4685,1.551,0.033,0.391,ALERT,TRIGGERED,3,PD3A-OU|PD3A-OUT|PD1A-OUT,6,4.8,4465,3236
1781431622.7833102,30,10,9.3195,1.912,0.0476,0.529,ALERT,TRIGGERED,3,PD3A-OU|PD3A-OUT|PD1A-OUT,6,4.8,4465,3236
1781431623.2802916,30,10,6.7632,1.228,0.033,0.377,ALERT,TRIGGERED,3,PD3A-OU|PD3A-OUT|PD1A-OUT,0,4.3,4505,3236
1781431623.7824216,30,10,8.9354,1.644,0.0448,0.502,ALERT,TRIGGERED,3,PD3A-OU|PD3A-OUT|PD1A-OUT,0,4.3,4505,3236
1781431624.279837,30,10,6.0767,1.332,0.033,0.388,ALERT,TRIGGERED,3,PD3A-OU|PD3A-OUT|PD1A-OUT,0,5.5,4545,3236
1781431624.7828655,30,10,9.0977,1.827,0.0458,0.591,ALERT,TRIGGERED,3,PD3A-OU|PD3A-OUT|PD1A-OUT,0,5.5,4545,3236
1781431625.2791579,30,10,5.4609,1.281,0.0337,0.4,ALERT,TRIGGERED,3,PD3A-OU|PD3A-OUT|PD1A-OUT,0,5.0,4505,3236
