phys_ts,ap_pub_wall_ts,n_channels,resample_ms,z_eval_ms,bg_update_ms,dds_transport_ms,fsm_eval_ms,node_latency_ms,from_state,ap_state,rpn_result,counter,trigger_channels
1641778200.0,1786276985.9086409,1,1.9333,0.1142,,1.371,0.0461,0.432,NOMINAL,NOMINAL,STALE,0,
1641779100.0,1786276986.037837,1,3.8336,0.1525,,2.406,0.1195,1.006,NOMINAL,NOMINAL,STALE,0,
1641780000.0,1786276986.1615386,1,3.1028,0.1339,,2.271,0.1153,0.95,NOMINAL,NOMINAL,STALE,0,
1641780900.0,1786276986.288542,1,3.5973,0.1484,,3.026,0.1172,1.007,NOMINAL,NOMINAL,STALE,0,
1641781800.0,1786276986.4116197,1,3.2001,0.1438,,2.348,0.1044,0.805,NOMINAL,NOMINAL,STALE,0,
1641782700.0,1786276986.5361664,1,2.5656,0.1237,,2.57,0.0838,1.098,NOMINAL,NOMINAL,STALE,0,
1641783600.0,1786276986.661849,1,3.0805,0.132,,2.62,0.0982,0.784,NOMINAL,NOMINAL,STALE,0,
1641784500.0,1786276986.785031,1,1.8576,0.1365,,2.52,0.1064,0.918,NOMINAL,NOMINAL,STALE,0,
1641785400.0,1786276986.9119213,1,3.4998,0.1419,,2.403,0.0996,0.551,NOMINAL,NOMINAL,STALE,0,
1641786300.0,1786276987.0378633,1,3.959,0.1654,,2.519,0.1027,0.776,NOMINAL,NOMINAL,STALE,0,
1641787200.0,1786276987.1626906,1,3.2568,0.1403,,3.032,0.1171,1.062,NOMINAL,NOMINAL,STALE,0,
1641788100.0,1786276987.288468,1,3.7313,0.1487,,2.735,0.1238,1.131,NOMINAL,NOMINAL,STALE,0,
1641789000.0,1786276987.411065,1,3.0223,0.1361,,2.17,0.1011,0.806,NOMINAL,NOMINAL,STALE,0,
1641789900.0,1786276987.5357783,1,2.7839,0.1381,,2.287,0.0969,0.795,NOMINAL,NOMINAL,STALE,0,
1641790800.0,1786276987.6614232,1,3.1332,0.1313,,2.402,0.0931,0.797,NOMINAL,NOMINAL,STALE,0,
1641791700.0,1786276987.782674,1,1.6553,0.0962,,0.992,0.0435,0.404,NOMINAL,NOMINAL,STALE,0,
1641792600.0,1786276987.9076533,1,1.5434,0.0635,,0.778,0.0299,0.301,NOMINAL,NOMINAL,STALE,0,
1641793500.0,1786276988.0376947,1,3.56,0.1635,,2.724,0.1131,0.96,NOMINAL,NOMINAL,STALE,0,
1641794400.0,1786276988.1618092,1,3.1798,0.1481,,2.553,0.114,0.945,NOMINAL,NOMINAL,STALE,0,
1641795300.0,1786276988.288065,1,3.6308,0.1431,,3.181,0.1217,0.942,NOMINAL,NOMINAL,STALE,0,
1641796200.0,1786276988.411892,1,3.4157,0.1504,,2.164,0.1127,0.828,NOMINAL,NOMINAL,STALE,0,
1641797100.0,1786276988.5364718,1,3.2774,0.1551,,2.079,0.1097,0.978,NOMINAL,NOMINAL,STALE,0,
1641798000.0,1786276988.65925,1,2.0,0.0837,,1.562,0.0544,0.539,NOMINAL,NOMINAL,STALE,0,
1641798900.0,1786276988.7920692,1,4.6011,0.186,,3.774,0.1193,1.024,NOMINAL,NOMINAL,STALE,0,
1641799800.0,1786276988.9124897,1,3.5765,0.1294,,1.912,0.0918,0.856,NOMINAL,NOMINAL,STALE,0,
1641800700.0,1786276989.0388408,1,4.1192,0.1527,,2.588,0.1116,0.915,NOMINAL,NOMINAL,STALE,0,
1641801600.0,1786276989.162714,1,3.8105,0.1616,,2.061,0.1053,0.885,NOMINAL,NOMINAL,STALE,0,
1641802500.0,1786276989.2880025,1,3.8465,0.1637,,2.249,0.1009,0.899,NOMINAL,NOMINAL,STALE,0,
1641803400.0,1786276989.4124484,1,3.6783,0.1521,,2.308,0.0904,0.815,NOMINAL,NOMINAL,STALE,0,
1641804300.0,1786276989.5375142,1,3.3643,0.1372,,2.671,0.091,0.879,NOMINAL,NOMINAL,STALE,0,
1641805200.0,1786276989.6620874,1,3.5621,0.1418,,1.974,0.097,0.807,NOMINAL,NOMINAL,STALE,0,
1641806100.0,1786276989.783625,1,1.9992,0.104,,1.2,0.0442,0.441,NOMINAL,NOMINAL,STALE,0,
1641807000.0,1786276989.914534,1,4.2354,0.1666,,2.97,0.1178,0.958,NOMINAL,NOMINAL,STALE,0,
1641807900.0,1786276990.038728,1,4.1641,0.154,,2.502,0.111,1.089,NOMINAL,NOMINAL,STALE,0,
1641808800.0,1786276990.1671224,1,4.5184,0.1867,,3.676,0.1253,1.72,NOMINAL,NOMINAL,STALE,0,
1641809700.0,1786276990.2923434,1,4.6679,0.1772,,3.882,0.128,1.201,NOMINAL,NOMINAL,STALE,0,
1641810600.0,1786276990.4136972,1,3.8188,0.152,,3.274,0.1159,0.889,NOMINAL,NOMINAL,STALE,0,
1641811500.0,1786276990.5367203,1,3.4185,0.1489,,2.032,0.1456,0.885,NOMINAL,NOMINAL,STALE,0,
1641812400.0,1786276990.661613,1,3.3944,0.1568,,2.055,0.1096,0.823,NOMINAL,NOMINAL,STALE,0,
1641813300.0,1786276990.7851956,1,2.5467,0.1008,,1.799,0.0978,0.765,NOMINAL,NOMINAL,STALE,0,
1641814200.0,1786276990.9131403,1,3.6762,0.155,,2.527,0.1153,0.905,NOMINAL,NOMINAL,STALE,0,
1641815100.0,1786276991.0382822,1,3.7605,0.1535,,2.553,0.1141,0.92,NOMINAL,NOMINAL,STALE,0,
1641816000.0,1786276991.1627216,1,3.6933,0.15,,2.187,0.1092,1.134,NOMINAL,NOMINAL,STALE,0,
1641816900.0,1786276991.2886207,1,3.8836,0.1537,,2.405,0.1158,1.447,NOMINAL,NOMINAL,STALE,0,
1641817800.0,1786276991.4134731,1,4.0429,0.1552,,2.782,0.1152,0.929,NOMINAL,NOMINAL,STALE,0,
1641818700.0,1786276991.5364404,1,3.293,0.1752,,2.056,0.1138,0.92,NOMINAL,NOMINAL,STALE,0,
1641819600.0,1786276991.660724,1,2.932,0.1321,,1.819,0.1014,0.918,NOMINAL,NOMINAL,STALE,0,
1641820500.0,1786276991.7851865,1,2.3704,0.1154,,2.186,0.0964,0.825,NOMINAL,NOMINAL,STALE,0,
1641821400.0,1786276991.912869,1,3.6044,0.1637,,2.316,0.1985,1.176,NOMINAL,NOMINAL,STALE,0,
1641822300.0,1786276992.038833,1,4.0483,0.1643,,2.748,0.1168,1.256,NOMINAL,NOMINAL,STALE,0,
1641823200.0,1786276992.162778,1,3.1956,0.1423,,3.398,0.1154,0.957,NOMINAL,NOMINAL,STALE,0,
1641824100.0,1786276992.285906,1,2.9141,0.1424,,2.11,0.1059,0.839,NOMINAL,NOMINAL,STALE,0,
1641825000.0,1786276992.4124134,1,3.1826,0.1416,,2.959,0.1165,1.018,NOMINAL,NOMINAL,STALE,0,
1641825900.0,1786276992.5350685,1,2.4699,0.1362,,1.878,0.1014,0.812,NOMINAL,NOMINAL,STALE,0,
1641826800.0,1786276992.6606524,1,2.7671,0.1242,,1.986,0.1036,0.873,NOMINAL,NOMINAL,STALE,0,
1641827700.0,1786276992.7858963,1,2.7379,0.133,,2.357,0.0969,0.833,NOMINAL,NOMINAL,STALE,0,
1641828600.0,1786276992.9130569,1,3.5014,0.1469,,2.844,0.1106,1.14,NOMINAL,NOMINAL,STALE,0,
1641829500.0,1786276993.0376844,1,3.5647,0.1488,,2.561,0.112,1.069,NOMINAL,NOMINAL,STALE,0,
1641830400.0,1786276993.16144,1,2.8252,0.1282,,2.416,0.11,1.057,NOMINAL,NOMINAL,STALE,0,
1641831300.0,1786276993.2859316,1,2.8428,0.1283,,2.285,0.1081,0.8,NOMINAL,NOMINAL,STALE,0,
1641832200.0,1786276993.4121044,1,3.0199,0.1276,,2.955,0.1155,0.935,NOMINAL,NOMINAL,STALE,0,
1641833100.0,1786276993.5353448,1,2.7245,0.1344,,1.733,0.1038,0.983,NOMINAL,NOMINAL,STALE,0,
1641834000.0,1786276993.6593993,1,2.1743,0.1117,,1.626,0.0539,0.497,NOMINAL,NOMINAL,STALE,0,
1641834900.0,1786276993.7905567,1,4.3941,0.1698,,3.642,0.1304,1.198,NOMINAL,NOMINAL,STALE,0,
1641835800.0,1786276993.913106,1,3.8644,0.1621,,2.405,0.1086,0.998,NOMINAL,NOMINAL,STALE,0,
1641836700.0,1786276994.038279,1,3.7801,0.1643,,3.024,0.1217,0.965,NOMINAL,NOMINAL,STALE,0,
1641837600.0,1786276994.1611435,1,3.0552,0.1431,,2.198,0.1001,0.813,NOMINAL,NOMINAL,STALE,0,
1641838500.0,1786276994.288189,1,3.2425,0.1485,,2.722,0.1144,1.827,NOMINAL,NOMINAL,STALE,0,
1641839400.0,1786276994.4123337,1,3.2994,0.153,,2.714,0.118,0.972,NOMINAL,NOMINAL,STALE,0,
1641840300.0,1786276994.5365314,1,3.2388,0.149,,2.202,0.117,0.934,NOMINAL,NOMINAL,STALE,0,
1641841200.0,1786276994.6613173,1,3.1492,0.1518,,2.101,0.1078,0.865,NOMINAL,NOMINAL,STALE,0,
1641842100.0,1786276994.7907078,1,4.3671,0.1754,,3.686,0.132,1.166,NOMINAL,NOMINAL,STALE,0,
1641843000.0,1786276994.9132288,1,4.0217,0.1748,,2.425,0.1188,0.869,NOMINAL,NOMINAL,STALE,0,
1641843900.0,1786276995.0380847,1,3.7633,0.1493,,2.677,0.1202,1.01,NOMINAL,NOMINAL,STALE,0,
1641844800.0,1786276995.1604776,1,2.7268,0.136,,1.842,0.1038,0.897,NOMINAL,NOMINAL,STALE,0,
1641845700.0,1786276995.2874093,1,3.6546,0.1544,,2.321,0.1074,0.999,NOMINAL,NOMINAL,STALE,0,
1641846600.0,1786276995.4119048,1,3.3703,0.1565,,2.306,0.1037,0.894,NOMINAL,NOMINAL,STALE,0,
1641847500.0,1786276995.5372763,1,3.408,0.1525,,2.483,0.1064,0.978,NOMINAL,NOMINAL,STALE,0,
1641848400.0,1786276995.660967,1,3.0265,0.1476,,2.038,0.096,0.788,NOMINAL,NOMINAL,STALE,0,
1641849300.0,1786276995.7848766,1,2.4267,0.1193,,1.791,0.0847,0.807,NOMINAL,NOMINAL,STALE,0,
1641850200.0,1786276995.9130044,1,3.6577,0.1368,,2.536,0.1159,1.357,NOMINAL,NOMINAL,STALE,0,
1641851100.0,1786276996.0383635,1,3.5867,0.1563,,3.032,0.1307,1.02,NOMINAL,NOMINAL,STALE,0,
1641852000.0,1786276996.1610343,1,3.0521,0.1352,,2.004,0.1036,0.941,NOMINAL,NOMINAL,STALE,0,
1641852900.0,1786276996.2870955,1,3.3848,0.1474,,2.434,0.1243,0.908,NOMINAL,NOMINAL,STALE,0,
1641853800.0,1786276996.4117143,1,3.0756,0.1839,,2.409,0.1271,0.983,NOMINAL,NOMINAL,STALE,0,
1641854700.0,1786276996.5361006,1,3.1186,0.1356,,2.078,0.1195,0.862,NOMINAL,NOMINAL,STALE,0,
1641855600.0,1786276996.6609771,1,3.1006,0.1318,,1.977,0.1124,0.888,NOMINAL,NOMINAL,STALE,0,
1641856500.0,1786276996.7858956,1,2.9379,0.134,,1.957,0.0986,0.823,NOMINAL,NOMINAL,STALE,0,
1641857400.0,1786276996.9125304,1,3.6724,0.1426,,2.437,0.1124,0.999,NOMINAL,NOMINAL,STALE,0,
1641858300.0,1786276997.034136,1,1.6403,0.0946,,1.957,0.1217,0.929,NOMINAL,NOMINAL,STALE,0,
1641859200.0,1786276997.166768,1,3.3878,0.5832,1.6623,2.344,0.1299,0.948,NOMINAL,NOMINAL,NORMAL,0,
1641860100.0,1786276997.2887225,1,4.087,0.4404,,2.499,0.1245,1.083,NOMINAL,NOMINAL,NORMAL,0,
1641861000.0,1786276997.4116013,1,3.161,0.4139,,2.083,0.1214,0.88,NOMINAL,NOMINAL,NORMAL,0,
1641861900.0,1786276997.539714,1,4.1321,0.4593,,3.244,0.14,1.062,NOMINAL,NOMINAL,NORMAL,0,
1641862800.0,1786276997.6627069,1,3.6946,0.4036,,2.287,0.1272,0.956,NOMINAL,NOMINAL,TRIGGERED,1,omni_p6
1641863700.0,1786276997.7901852,1,2.9781,0.3767,,3.21,0.1735,3.609,NOMINAL,PRE_ALERT,TRIGGERED,2,omni_p6
1641864600.0,1786276997.918102,1,4.5761,0.4384,,2.305,0.1678,4.979,PRE_ALERT,NOMINAL,NORMAL,0,
1641865500.0,1786276998.033957,1,1.6979,0.176,,1.007,0.0463,0.41,NOMINAL,NOMINAL,NORMAL,0,
1641866400.0,1786276998.1624515,1,3.3099,0.3879,,2.377,0.1216,1.164,NOMINAL,NOMINAL,NORMAL,0,
1641867300.0,1786276998.2868838,1,3.2429,0.374,,2.074,0.1113,0.928,NOMINAL,NOMINAL,NORMAL,0,
1641868200.0,1786276998.411693,1,2.7436,0.4688,,2.258,0.1031,0.852,NOMINAL,NOMINAL,TRIGGERED,1,omni_p6
1641869100.0,1786276998.5406134,1,3.1712,0.381,,2.969,0.1832,3.791,NOMINAL,PRE_ALERT,TRIGGERED,2,omni_p6
1641870000.0,1786276998.6604142,1,1.7802,0.2037,,1.573,0.0911,2.206,PRE_ALERT,NOMINAL,NORMAL,0,
1641870900.0,1786276998.7928433,1,4.7797,0.4868,,3.916,0.1419,1.236,NOMINAL,NOMINAL,NORMAL,0,
1641871800.0,1786276998.9072702,1,1.1314,0.2009,,1.241,0.046,0.417,NOMINAL,NOMINAL,NORMAL,0,
1641872700.0,1786276999.0372183,1,3.3017,0.3411,,2.353,0.1069,0.887,NOMINAL,NOMINAL,NORMAL,0,
1641873600.0,1786276999.1619847,1,3.0999,0.3968,,2.612,0.1205,0.893,NOMINAL,NOMINAL,NORMAL,0,
1641874500.0,1786276999.288027,1,3.4762,0.4748,,2.606,0.1217,0.857,NOMINAL,NOMINAL,NORMAL,0,
1641875400.0,1786276999.411712,1,2.9531,0.4535,,2.466,0.1096,0.793,NOMINAL,NOMINAL,TRIGGERED,1,omni_p6
1641876300.0,1786276999.5390785,1,3.5427,0.4389,,3.157,0.118,1.027,NOMINAL,NOMINAL,NORMAL,0,
1641877200.0,1786276999.6617143,1,3.1642,0.3897,,2.241,0.1091,0.888,NOMINAL,NOMINAL,NORMAL,0,
1641878100.0,1786276999.7931557,1,4.8069,0.5049,,3.63,0.1436,1.768,NOMINAL,NOMINAL,NORMAL,0,
1641879000.0,1786276999.9116488,1,3.0768,0.4397,,2.208,0.1165,0.901,NOMINAL,NOMINAL,NORMAL,0,
1641879900.0,1786277000.03642,1,2.7687,0.4071,,2.564,0.1192,1.052,NOMINAL,NOMINAL,NORMAL,0,
1641880800.0,1786277000.1624718,1,3.7087,0.4162,,2.002,0.1072,0.909,NOMINAL,NOMINAL,NORMAL,0,
1641881700.0,1786277000.2877831,1,3.5332,0.6734,,2.414,0.1008,0.89,NOMINAL,NOMINAL,NORMAL,0,
1641882600.0,1786277000.4115086,1,3.2897,0.3753,,2.05,0.0574,0.591,NOMINAL,NOMINAL,NORMAL,0,
1641883500.0,1786277000.5373006,1,3.5102,0.4166,,1.87,0.0941,1.198,NOMINAL,NOMINAL,NORMAL,0,
1641884400.0,1786277000.6620386,1,3.5113,0.4215,,1.858,0.0956,0.873,NOMINAL,NOMINAL,NORMAL,0,
1641885300.0,1786277000.786934,1,3.1673,0.3979,,2.07,0.0943,0.752,NOMINAL,NOMINAL,NORMAL,0,
1641886200.0,1786277000.9119503,1,3.4032,0.4076,,2.051,0.103,0.764,NOMINAL,NOMINAL,NORMAL,0,
1641887100.0,1786277001.0328717,1,1.6678,0.2396,,1.114,0.0437,0.492,NOMINAL,NOMINAL,NORMAL,0,
1641888000.0,1786277001.1635044,1,3.7284,0.4341,,2.345,0.0987,1.485,NOMINAL,NOMINAL,TRIGGERED,1,omni_p6
1641888900.0,1786277001.2888472,1,3.9651,0.4355,,2.184,0.1118,0.928,NOMINAL,NOMINAL,NORMAL,0,
1641889800.0,1786277001.4117386,1,3.1697,0.3963,,2.183,0.0944,0.74,NOMINAL,NOMINAL,NORMAL,0,
1641890700.0,1786277001.5377774,1,3.3448,0.4128,,2.816,0.1079,0.918,NOMINAL,NOMINAL,TRIGGERED,1,omni_p6
1641891600.0,1786277001.6646557,1,3.2688,0.3857,,2.463,0.1576,3.435,NOMINAL,PRE_ALERT,TRIGGERED,2,omni_p6
1641892500.0,1786277001.7897978,1,3.8262,0.4331,,1.961,0.1401,2.955,PRE_ALERT,NOMINAL,NORMAL,0,
1641893400.0,1786277001.9116118,1,3.4101,0.4087,,1.945,0.0883,0.753,NOMINAL,NOMINAL,NORMAL,0,
1641894300.0,1786277002.035927,1,3.4765,0.3139,,1.599,0.03,0.271,NOMINAL,NOMINAL,NORMAL,0,
1641895200.0,1786277002.1635954,1,4.0761,0.4282,,2.629,0.1018,0.957,NOMINAL,NOMINAL,NORMAL,0,
1641896100.0,1786277002.2884288,1,3.6815,0.4286,,2.522,0.1054,1.246,NOMINAL,NOMINAL,NORMAL,0,
1641897000.0,1786277002.4120414,1,3.2216,0.4102,,2.062,0.1726,1.235,NOMINAL,NOMINAL,TRIGGERED,1,omni_p6
1641897900.0,1786277002.5358827,1,2.9368,0.3549,,2.043,0.0841,0.696,NOMINAL,NOMINAL,NORMAL,0,
1641898800.0,1786277002.663085,1,3.7837,0.4226,,2.594,0.0923,0.873,NOMINAL,NOMINAL,NORMAL,0,
1641899700.0,1786277002.7868047,1,3.3428,0.4004,,2.169,0.0814,0.742,NOMINAL,NOMINAL,NORMAL,0,
1641900600.0,1786277002.9109242,1,2.9839,0.449,,1.773,0.0841,0.756,NOMINAL,NOMINAL,NORMAL,0,
1641901500.0,1786277003.0388594,1,4.1616,0.3807,,2.486,0.0976,0.822,NOMINAL,NOMINAL,NORMAL,0,
1641902400.0,1786277003.162793,1,3.8799,0.4347,,2.038,0.1093,0.865,NOMINAL,NOMINAL,TRIGGERED,1,omni_p6
1641903300.0,1786277003.295155,1,4.6683,0.4977,,3.653,0.3073,4.276,NOMINAL,PRE_ALERT,TRIGGERED,2,omni_p6
1641904200.0,1786277003.4148905,1,3.5295,0.3949,,2.545,0.1614,2.899,PRE_ALERT,NOMINAL,NORMAL,0,
1641905100.0,1786277003.5372112,1,3.626,0.4161,,2.248,0.0945,0.729,NOMINAL,NOMINAL,NORMAL,0,
1641906000.0,1786277003.6586983,1,1.9189,0.2081,,1.474,0.0474,0.424,NOMINAL,NOMINAL,NORMAL,0,
1641906900.0,1786277003.7925484,1,4.6924,0.5124,,3.759,0.2274,1.217,NOMINAL,NOMINAL,NORMAL,0,
1641907800.0,1786277003.9119575,1,3.7133,0.4229,,1.668,0.0997,0.747,NOMINAL,NOMINAL,NORMAL,0,
1641908700.0,1786277004.032913,1,1.6567,0.2388,,1.014,0.0438,0.506,NOMINAL,NOMINAL,TRIGGERED,1,omni_p6
1641909600.0,1786277004.1658146,1,4.0123,0.4424,,2.201,0.1598,3.55,NOMINAL,PRE_ALERT,TRIGGERED,2,omni_p6
1641910500.0,1786277004.2910922,1,4.106,0.4438,,2.512,0.2174,3.219,PRE_ALERT,NOMINAL,NORMAL,0,
1641911400.0,1786277004.4112887,1,3.3172,0.4065,,1.679,0.0826,0.717,NOMINAL,NOMINAL,NORMAL,0,
1641912300.0,1786277004.535488,1,3.0044,0.3685,,1.557,0.0808,0.683,NOMINAL,NOMINAL,NORMAL,0,
1641913200.0,1786277004.6632555,1,3.6434,0.4178,,2.812,0.0967,0.97,NOMINAL,NOMINAL,NORMAL,0,
1641914100.0,1786277004.7911022,1,4.4611,0.4522,,3.352,0.1193,1.285,NOMINAL,NOMINAL,NORMAL,0,
1641915000.0,1786277004.9123857,1,3.7588,0.4329,,1.97,0.1032,0.883,NOMINAL,NOMINAL,TRIGGERED,1,omni_p6
1641915900.0,1786277005.0336466,1,2.0747,0.1505,,0.887,0.0445,0.398,NOMINAL,NOMINAL,NORMAL,0,
1641916800.0,1786277005.1626422,1,3.7073,0.4489,,2.124,0.096,0.833,NOMINAL,NOMINAL,NORMAL,0,
1641917700.0,1786277005.2888396,1,3.7963,0.4529,,2.889,0.1533,0.981,NOMINAL,NOMINAL,NORMAL,0,
1641918600.0,1786277005.4107306,1,2.9549,0.3976,,1.853,0.0796,0.618,NOMINAL,NOMINAL,NORMAL,0,
1641919500.0,1786277005.5363088,1,3.1355,0.384,,1.966,0.0801,0.805,NOMINAL,NOMINAL,NORMAL,0,
1641920400.0,1786277005.6618316,1,3.2798,0.388,,1.953,0.2129,0.957,NOMINAL,NOMINAL,NORMAL,0,
1641921300.0,1786277005.7864578,1,3.4217,0.4107,,1.8,0.0811,0.726,NOMINAL,NOMINAL,NORMAL,0,
1641922200.0,1786277005.9109886,1,2.9159,0.4136,,1.987,0.0818,0.777,NOMINAL,NOMINAL,NORMAL,0,
1641923100.0,1786277006.0347893,1,1.9329,0.2615,,1.832,0.2133,0.993,NOMINAL,NOMINAL,NORMAL,0,
1641924000.0,1786277006.1640189,1,3.9915,0.4761,,2.54,0.1202,1.279,NOMINAL,NOMINAL,NORMAL,0,
1641924900.0,1786277006.2881758,1,3.4771,0.4134,,2.489,0.1241,1.518,NOMINAL,NOMINAL,NORMAL,0,
1641925800.0,1786277006.410158,1,2.3098,0.3148,,2.08,0.102,0.804,NOMINAL,NOMINAL,NORMAL,0,
1641926700.0,1786277006.536408,1,2.845,0.3667,,2.293,0.0921,0.842,NOMINAL,NOMINAL,NORMAL,0,
1641927600.0,1786277006.6631947,1,3.6975,0.4214,,2.545,0.1245,1.182,NOMINAL,NOMINAL,NORMAL,0,
1641928500.0,1786277006.786605,1,3.1667,0.3627,,2.235,0.1162,0.89,NOMINAL,NOMINAL,NORMAL,0,
1641929400.0,1786277006.9102905,1,2.5732,0.3336,,1.908,0.1139,0.726,NOMINAL,NOMINAL,NORMAL,0,
1641930300.0,1786277007.034836,1,2.2768,0.3509,,1.862,0.0863,0.732,NOMINAL,NOMINAL,NORMAL,0,
1641931200.0,1786277007.1642861,1,3.9384,0.4781,,2.963,0.1234,1.032,NOMINAL,NOMINAL,NORMAL,0,
1641932100.0,1786277007.2867754,1,3.3325,0.3965,,2.112,0.1042,0.865,NOMINAL,NOMINAL,NORMAL,0,
1641933000.0,1786277007.4170709,1,4.3696,0.4325,,3.489,0.1293,2.049,NOMINAL,NOMINAL,NORMAL,0,
1641933900.0,1786277007.5411575,1,4.5589,0.5062,,3.424,0.148,1.188,NOMINAL,NOMINAL,NORMAL,0,
1641934800.0,1786277007.6627,1,3.674,0.4188,,2.373,0.1254,0.992,NOMINAL,NOMINAL,NORMAL,0,
1641935700.0,1786277007.7878358,1,3.5111,0.4268,,2.763,0.1211,0.965,NOMINAL,NOMINAL,TRIGGERED,1,omni_p6
1641936600.0,1786277007.911521,1,3.0667,0.4823,,2.042,0.1141,0.944,NOMINAL,NOMINAL,NORMAL,0,
1641937500.0,1786277008.0369873,1,3.0411,0.5711,,2.537,0.101,0.904,NOMINAL,NOMINAL,NORMAL,0,
1641938400.0,1786277008.1645246,1,4.0456,0.4949,,2.852,0.129,1.057,NOMINAL,NOMINAL,NORMAL,0,
1641939300.0,1786277008.2866454,1,3.1805,0.4145,,2.171,0.1051,0.818,NOMINAL,NOMINAL,NORMAL,0,
1641940200.0,1786277008.4108958,1,2.421,0.311,,2.314,0.1025,1.158,NOMINAL,NOMINAL,NORMAL,0,
1641941100.0,1786277008.535463,1,2.3803,0.3935,,2.154,0.097,0.907,NOMINAL,NOMINAL,NORMAL,0,
1641942000.0,1786277008.659723,1,2.3643,0.2934,,1.557,0.0553,0.489,NOMINAL,NOMINAL,TRIGGERED,1,omni_p6
1641942900.0,1786277008.7923176,1,4.6697,0.5046,,3.488,0.1409,1.126,NOMINAL,NOMINAL,NORMAL,0,
1641943800.0,1786277008.9123242,1,3.0203,0.4495,,2.82,0.1251,0.957,NOMINAL,NOMINAL,NORMAL,0,
1641944700.0,1786277009.0365427,1,2.6873,0.3412,,2.543,0.1157,1.118,NOMINAL,NOMINAL,NORMAL,0,
1641945600.0,1786277009.1662223,1,4.0738,0.4211,1.688,2.792,0.1223,0.963,NOMINAL,NOMINAL,NORMAL,0,
1641946500.0,1786277009.286908,1,3.4295,0.4183,,2.044,0.1032,0.757,NOMINAL,NOMINAL,NORMAL,0,
1641947400.0,1786277009.4168565,1,4.4812,0.4995,,3.499,0.1326,1.149,NOMINAL,NOMINAL,TRIGGERED,1,omni_p6
1641948300.0,1786277009.5405347,1,3.6425,0.4567,,2.341,0.1817,3.62,NOMINAL,PRE_ALERT,TRIGGERED,2,omni_p6
1641949200.0,1786277009.6659336,1,3.6289,0.3956,,2.493,0.185,3.479,PRE_ALERT,NOMINAL,NORMAL,0,
1641950100.0,1786277009.79273,1,4.5889,0.4816,,3.751,0.1392,1.164,NOMINAL,NOMINAL,NORMAL,0,
1641951000.0,1786277009.9136834,1,4.3974,0.4439,,2.301,0.1056,0.822,NOMINAL,NOMINAL,NORMAL,0,
1641951900.0,1786277010.0368845,1,3.075,0.3751,,2.427,0.1024,0.856,NOMINAL,NOMINAL,NORMAL,0,
1641952800.0,1786277010.161098,1,2.0466,0.4258,,2.792,0.1234,0.998,NOMINAL,NOMINAL,NORMAL,0,
1641953700.0,1786277010.286829,1,3.2068,0.3932,,2.139,0.1029,0.915,NOMINAL,NOMINAL,TRIGGERED,1,omni_p6
1641954600.0,1786277010.4146583,1,3.2359,0.3843,,2.489,0.1727,3.506,NOMINAL,PRE_ALERT,TRIGGERED,2,omni_p6
1641955500.0,1786277010.540252,1,3.7334,0.4147,,2.206,0.1804,3.357,PRE_ALERT,NOMINAL,NORMAL,0,
1641956400.0,1786277010.6615233,1,3.0571,0.3741,,2.331,0.0944,0.802,NOMINAL,NOMINAL,NORMAL,0,
1641957300.0,1786277010.7873454,1,3.2859,0.4094,,2.668,0.1131,0.884,NOMINAL,NOMINAL,NORMAL,0,
1641958200.0,1786277010.9106443,1,2.6413,0.3424,,2.076,0.1086,0.833,NOMINAL,NOMINAL,NORMAL,0,
1641959100.0,1786277011.0351489,1,2.3861,0.3786,,1.956,0.0985,0.752,NOMINAL,NOMINAL,NORMAL,0,
1641960000.0,1786277011.1598518,1,2.2348,0.1816,,1.163,0.0475,0.422,NOMINAL,NOMINAL,TRIGGERED,1,omni_p6
1641960900.0,1786277011.2874982,1,3.4513,0.4081,,2.478,0.1322,0.938,NOMINAL,NOMINAL,NORMAL,0,
1641961800.0,1786277011.4161644,1,4.4904,0.4491,,3.841,0.1316,1.234,NOMINAL,NOMINAL,NORMAL,0,
1641962700.0,1786277011.53722,1,3.3112,0.3854,,2.658,0.1068,0.835,NOMINAL,NOMINAL,NORMAL,0,
1641963600.0,1786277011.6609726,1,2.991,0.3585,,1.976,0.096,0.791,NOMINAL,NOMINAL,NORMAL,0,
1641964500.0,1786277011.7873452,1,3.4247,0.3957,,2.349,0.1177,0.913,NOMINAL,NOMINAL,NORMAL,0,
1641965400.0,1786277011.9114566,1,2.9799,0.4382,,2.222,0.1163,0.885,NOMINAL,NOMINAL,NORMAL,0,
1641966300.0,1786277012.0358994,1,3.0793,0.3253,,2.01,0.108,0.792,NOMINAL,NOMINAL,NORMAL,0,
1641967200.0,1786277012.163873,1,3.6109,0.3586,,2.778,0.1106,1.036,NOMINAL,NOMINAL,NORMAL,0,
1641968100.0,1786277012.2876174,1,3.5497,0.4635,,2.357,0.1221,0.94,NOMINAL,NOMINAL,NORMAL,0,
1641969000.0,1786277012.4119303,1,3.1168,0.4242,,2.456,0.1179,0.915,NOMINAL,NOMINAL,NORMAL,0,
1641969900.0,1786277012.5362384,1,3.0642,0.3818,,2.01,0.1154,0.933,NOMINAL,NOMINAL,NORMAL,0,
1641970800.0,1786277012.66126,1,3.0987,0.3593,,1.943,0.1011,0.765,NOMINAL,NOMINAL,NORMAL,0,
1641971700.0,1786277012.7864192,1,3.117,0.3805,,2.094,0.1069,0.915,NOMINAL,NOMINAL,NORMAL,0,
1641972600.0,1786277012.9119112,1,3.1731,0.3987,,2.141,0.1285,0.901,NOMINAL,NOMINAL,NORMAL,0,
1641973500.0,1786277013.0364492,1,3.2282,0.3944,,1.915,0.1162,0.883,NOMINAL,NOMINAL,NORMAL,0,
1641974400.0,1786277013.1648626,1,3.8609,0.5072,,2.826,0.1293,1.589,NOMINAL,NOMINAL,NORMAL,0,
1641975300.0,1786277013.288321,1,3.8868,0.4427,,2.434,0.1235,0.98,NOMINAL,NOMINAL,NORMAL,0,
1641976200.0,1786277013.4124012,1,3.2945,0.403,,2.67,0.1116,0.908,NOMINAL,NOMINAL,TRIGGERED,1,omni_p6
1641977100.0,1786277013.5367138,1,2.9054,0.3801,,2.754,0.1636,0.835,NOMINAL,NOMINAL,NORMAL,0,
1641978000.0,1786277013.6591878,1,1.87,0.2187,,1.528,0.0581,0.492,NOMINAL,NOMINAL,NORMAL,0,
1641978900.0,1786277013.79206,1,4.3743,0.4806,,3.885,0.1419,1.205,NOMINAL,NOMINAL,NORMAL,0,
1641979800.0,1786277013.9151812,1,4.3746,0.4595,,2.854,0.1389,1.059,NOMINAL,NOMINAL,NORMAL,0,
1641980700.0,1786277014.037743,1,3.8445,0.4157,,2.065,0.113,0.862,NOMINAL,NOMINAL,NORMAL,0,
1641981600.0,1786277014.15793,1,1.4509,0.3072,,1.071,0.044,0.449,NOMINAL,NOMINAL,TRIGGERED,1,omni_p6
1641982500.0,1786277014.292685,1,3.9809,0.449,,2.362,0.1986,5.098,NOMINAL,PRE_ALERT,TRIGGERED,2,omni_p6
1641983400.0,1786277014.4167955,1,4.1069,0.4433,,2.791,0.1935,3.424,PRE_ALERT,NOMINAL,NORMAL,0,
1641984300.0,1786277014.537388,1,3.2199,0.3848,,2.671,0.1069,0.846,NOMINAL,NOMINAL,NORMAL,0,
1641985200.0,1786277014.6612043,1,3.2821,0.3741,,1.812,0.0914,0.736,NOMINAL,NOMINAL,NORMAL,0,
1641986100.0,1786277014.7925603,1,4.7641,0.4997,,3.365,0.1446,1.556,NOMINAL,NOMINAL,NORMAL,0,
1641987000.0,1786277014.9145262,1,4.3816,0.4559,,2.625,0.1301,0.963,NOMINAL,NOMINAL,NORMAL,0,
1641987900.0,1786277015.037105,1,3.5766,0.4112,,2.034,0.1126,0.836,NOMINAL,NOMINAL,TRIGGERED,1,omni_p6
1641988800.0,1786277015.1642034,1,3.4067,0.3658,,2.545,0.2801,2.19,NOMINAL,PRE_ALERT,TRIGGERED,2,omni_p6
1641989700.0,1786277015.293492,1,4.4944,0.461,,3.082,0.2147,3.593,PRE_ALERT,NOMINAL,NORMAL,0,
1641990600.0,1786277015.4146333,1,4.1394,0.4459,,3.064,0.1163,0.933,NOMINAL,NOMINAL,NORMAL,0,
1641991500.0,1786277015.5385003,1,3.7157,0.4204,,2.95,0.1111,0.859,NOMINAL,NOMINAL,NORMAL,0,
1641992400.0,1786277015.662455,1,3.5224,0.4066,,2.279,0.1103,0.927,NOMINAL,NOMINAL,NORMAL,0,
1641993300.0,1786277015.7868435,1,3.2261,0.3928,,2.265,0.1022,0.766,NOMINAL,NOMINAL,NORMAL,0,
1641994200.0,1786277015.912976,1,3.7476,0.4595,,2.134,0.122,0.938,NOMINAL,NOMINAL,TRIGGERED,1,omni_p6
1641995100.0,1786277016.0402405,1,3.4454,0.4198,,2.204,0.1843,3.393,NOMINAL,PRE_ALERT,TRIGGERED,2,omni_p6
1641996000.0,1786277016.166827,1,4.4326,0.4699,,2.559,0.1752,2.884,PRE_ALERT,NOMINAL,NORMAL,0,
1641996900.0,1786277016.2901483,1,4.2802,0.4575,,2.892,0.1284,1.037,NOMINAL,NOMINAL,NORMAL,0,
1641997800.0,1786277016.413948,1,3.9309,0.4421,,2.833,0.1213,0.977,NOMINAL,NOMINAL,NORMAL,0,
1641998700.0,1786277016.5371437,1,3.3379,0.4093,,2.379,0.0991,0.823,NOMINAL,NOMINAL,NORMAL,0,
1641999600.0,1786277016.6614685,1,3.2039,0.4002,,1.912,0.0969,0.76,NOMINAL,NOMINAL,NORMAL,0,
1642000500.0,1786277016.786407,1,3.0112,0.3987,,2.124,0.0948,0.73,NOMINAL,NOMINAL,TRIGGERED,1,omni_p6
1642001400.0,1786277016.912935,1,3.6117,0.4211,,2.351,0.1181,0.99,NOMINAL,NOMINAL,NORMAL,0,
1642002300.0,1786277017.0372372,1,3.4938,0.4187,,2.137,0.1196,0.919,NOMINAL,NOMINAL,NORMAL,0,
1642003200.0,1786277017.1583145,1,1.722,0.1479,,0.92,0.0446,0.407,NOMINAL,NOMINAL,NORMAL,0,
1642004100.0,1786277017.2897398,1,4.1605,0.4598,,2.852,0.1397,0.948,NOMINAL,NOMINAL,NORMAL,0,
1642005000.0,1786277017.4146655,1,3.986,0.4297,,3.543,0.1219,0.963,NOMINAL,NOMINAL,NORMAL,0,
1642005900.0,1786277017.5372355,1,3.1796,0.3837,,2.665,0.0978,0.71,NOMINAL,NOMINAL,NORMAL,0,
1642006800.0,1786277017.6617188,1,3.0561,0.3847,,2.341,0.096,0.689,NOMINAL,NOMINAL,NORMAL,0,
1642007700.0,1786277017.7863185,1,3.1077,0.3766,,1.926,0.0927,0.669,NOMINAL,NOMINAL,NORMAL,0,
1642008600.0,1786277017.9138892,1,3.9145,0.4429,,3.124,0.1159,0.992,NOMINAL,NOMINAL,NORMAL,0,
1642009500.0,1786277018.039061,1,3.9269,0.4368,,2.476,0.1034,1.551,NOMINAL,NOMINAL,NORMAL,0,
1642010400.0,1786277018.1626775,1,3.6388,0.3583,,1.832,0.0936,0.773,NOMINAL,NOMINAL,NORMAL,0,
1642011300.0,1786277018.2897007,1,4.2566,0.4509,,2.823,0.1243,0.973,NOMINAL,NOMINAL,NORMAL,0,
1642012200.0,1786277018.4141147,1,3.9289,0.4543,,2.527,0.1225,0.916,NOMINAL,NOMINAL,NORMAL,0,
1642013100.0,1786277018.537115,1,3.3547,0.4101,,1.793,0.0965,0.756,NOMINAL,NOMINAL,NORMAL,0,
1642014000.0,1786277018.6597424,1,2.1487,0.2446,,1.544,0.0559,0.524,NOMINAL,NOMINAL,NORMAL,0,
1642014900.0,1786277018.7924426,1,4.6882,0.4941,,3.639,0.1388,1.181,NOMINAL,NOMINAL,NORMAL,0,
1642015800.0,1786277018.9133112,1,3.9422,0.4541,,2.055,0.1195,0.803,NOMINAL,NOMINAL,NORMAL,0,
1642016700.0,1786277019.038246,1,3.7414,0.4246,,2.383,0.1214,0.89,NOMINAL,NOMINAL,NORMAL,0,
1642017600.0,1786277019.1621165,1,3.542,0.3947,,2.066,0.106,0.817,NOMINAL,NOMINAL,NORMAL,0,
1642018500.0,1786277019.2900658,1,4.2341,0.4878,,2.98,0.1277,1.253,NOMINAL,NOMINAL,NORMAL,0,
1642019400.0,1786277019.4133775,1,3.9739,0.4331,,2.353,0.118,0.9,NOMINAL,NOMINAL,NORMAL,0,
1642020300.0,1786277019.536873,1,3.2897,0.3985,,2.0,0.1003,0.849,NOMINAL,NOMINAL,NORMAL,0,
1642021200.0,1786277019.6612918,1,3.1107,0.3919,,1.748,0.0869,0.727,NOMINAL,NOMINAL,TRIGGERED,1,omni_p6
1642022100.0,1786277019.7926655,1,4.6617,0.5018,,3.781,0.1381,1.26,NOMINAL,NOMINAL,NORMAL,0,
1642023000.0,1786277019.913454,1,4.0396,0.4325,,2.34,0.1029,0.929,NOMINAL,NOMINAL,NORMAL,0,
1642023900.0,1786277020.0380416,1,3.891,0.4317,,2.145,0.1047,0.839,NOMINAL,NOMINAL,NORMAL,0,
1642024800.0,1786277020.162252,1,3.5516,0.4194,,1.915,0.1025,0.805,NOMINAL,NOMINAL,NORMAL,0,
1642025700.0,1786277020.2899354,1,4.2188,0.4691,,2.943,0.1365,0.974,NOMINAL,NOMINAL,NORMAL,0,
1642026600.0,1786277020.411714,1,3.4589,0.4071,,1.794,0.0932,0.728,NOMINAL,NOMINAL,TRIGGERED,1,omni_p6
1642027500.0,1786277020.5357332,1,1.9712,0.2603,,1.575,0.0879,1.842,NOMINAL,PRE_ALERT,TRIGGERED,2,omni_p6
1642028400.0,1786277020.668383,1,4.4506,0.4534,,3.235,0.1846,3.492,PRE_ALERT,NOMINAL,NORMAL,0,
1642029300.0,1786277020.7888134,1,4.1305,0.4519,,2.232,0.1139,0.906,NOMINAL,NOMINAL,NORMAL,0,
1642030200.0,1786277020.9127827,1,3.725,0.405,,2.226,0.1076,0.883,NOMINAL,NOMINAL,NORMAL,0,
1642031100.0,1786277021.038381,1,3.9852,0.4187,,2.307,0.1037,0.821,NOMINAL,NOMINAL,NORMAL,0,
1642032000.0,1786277021.164661,1,3.7211,0.3968,1.7744,2.067,0.1106,0.917,NOMINAL,NOMINAL,NORMAL,0,
1642032900.0,1786277021.2908332,1,4.3383,0.4788,,3.613,0.1258,1.036,NOMINAL,NOMINAL,TRIGGERED,1,omni_p6
1642033800.0,1786277021.4157348,1,3.6456,0.4175,,2.416,0.2389,3.846,NOMINAL,PRE_ALERT,TRIGGERED,2,omni_p6
1642034700.0,1786277021.5437863,1,4.4414,0.5078,,2.872,0.1986,4.296,PRE_ALERT,NOMINAL,NORMAL,0,
1642035600.0,1786277021.663276,1,3.9188,0.4343,,2.052,0.1116,1.009,NOMINAL,NOMINAL,NORMAL,0,
1642036500.0,1786277021.7879395,1,3.4732,0.4178,,2.336,0.1013,0.827,NOMINAL,NOMINAL,NORMAL,0,
1642037400.0,1786277021.9112697,1,3.4111,0.3989,,1.606,0.0916,0.688,NOMINAL,NOMINAL,NORMAL,0,
1642038300.0,1786277022.0379977,1,3.7967,0.4169,,2.365,0.0984,0.838,NOMINAL,NOMINAL,NORMAL,0,
1642039200.0,1786277022.1622293,1,3.1017,0.3582,,2.154,0.1062,1.416,NOMINAL,NOMINAL,TRIGGERED,1,omni_p6
1642040100.0,1786277022.2908769,1,4.3035,0.4781,,2.876,0.1352,1.625,NOMINAL,NOMINAL,NORMAL,0,
1642041000.0,1786277022.412864,1,3.6224,0.4175,,2.476,0.1551,0.979,NOMINAL,NOMINAL,NORMAL,0,
1642041900.0,1786277022.5375845,1,3.4638,0.4267,,2.591,0.1167,0.817,NOMINAL,NOMINAL,NORMAL,0,
1642042800.0,1786277022.662118,1,3.1068,0.3837,,2.265,0.0932,1.083,NOMINAL,NOMINAL,NORMAL,0,
1642043700.0,1786277022.7867243,1,3.0633,0.3767,,2.366,0.095,0.705,NOMINAL,NOMINAL,NORMAL,0,
1642044600.0,1786277022.9111536,1,2.8932,0.4158,,2.025,0.091,0.761,NOMINAL,NOMINAL,NORMAL,0,
1642045500.0,1786277023.0380569,1,3.9311,0.4553,,2.177,0.1121,0.847,NOMINAL,NOMINAL,TRIGGERED,1,omni_p6
1642046400.0,1786277023.1621091,1,3.5118,0.4011,,2.002,0.0924,0.791,NOMINAL,NOMINAL,NORMAL,0,
1642047300.0,1786277023.283281,1,1.7579,0.2345,,1.055,0.046,0.473,NOMINAL,NOMINAL,NORMAL,0,
1642048200.0,1786277023.413657,1,3.9209,0.4356,,2.254,0.1105,1.261,NOMINAL,NOMINAL,NORMAL,0,
1642049100.0,1786277023.5380633,1,3.7355,0.4205,,2.402,0.1141,0.839,NOMINAL,NOMINAL,NORMAL,0,
1642050000.0,1786277023.6599622,1,2.0207,0.2255,,2.031,0.063,0.533,NOMINAL,NOMINAL,NORMAL,0,
1642050900.0,1786277023.7924619,1,4.5423,0.4956,,3.647,0.237,1.41,NOMINAL,NOMINAL,NORMAL,0,
1642051800.0,1786277023.9133465,1,3.9762,0.4247,,2.038,0.1101,0.848,NOMINAL,NOMINAL,NORMAL,0,
1642052700.0,1786277024.0366483,1,3.311,0.3764,,1.857,0.1017,0.824,NOMINAL,NOMINAL,NORMAL,0,
1642053600.0,1786277024.1647775,1,3.9916,0.4269,,2.651,0.1197,1.035,NOMINAL,NOMINAL,NORMAL,0,
1642054500.0,1786277024.288864,1,3.6244,0.3448,,2.454,0.1074,0.873,NOMINAL,NOMINAL,NORMAL,0,
1642055400.0,1786277024.4131646,1,3.6732,0.4072,,2.622,0.1056,0.836,NOMINAL,NOMINAL,NORMAL,0,
1642056300.0,1786277024.5392523,1,4.0176,0.4466,,3.039,0.1217,0.866,NOMINAL,NOMINAL,NORMAL,0,
1642057200.0,1786277024.6622257,1,3.5125,0.4045,,2.188,0.0976,0.74,NOMINAL,NOMINAL,NORMAL,0,
1642058100.0,1786277024.792825,1,4.6044,0.4708,,3.898,0.1361,1.246,NOMINAL,NOMINAL,NORMAL,0,
1642059000.0,1786277024.9133122,1,4.0508,0.4579,,2.021,0.1195,0.824,NOMINAL,NOMINAL,NORMAL,0,
1642059900.0,1786277025.0368204,1,3.3441,0.3922,,1.866,0.0953,0.752,NOMINAL,NOMINAL,NORMAL,0,
1642060800.0,1786277025.1630616,1,3.6982,0.4042,,2.302,0.1195,0.844,NOMINAL,NOMINAL,NORMAL,0,
1642061700.0,1786277025.2840495,1,2.0772,0.1451,,0.75,0.0333,0.281,NOMINAL,NOMINAL,TRIGGERED,1,omni_p6
1642062600.0,1786277025.4138854,1,3.7648,0.424,,2.783,0.1159,0.866,NOMINAL,NOMINAL,NORMAL,0,
1642063500.0,1786277025.5384848,1,3.7886,0.4269,,2.651,0.112,0.831,NOMINAL,NOMINAL,NORMAL,0,
1642064400.0,1786277025.6629577,1,3.6149,0.413,,2.356,0.1085,0.791,NOMINAL,NOMINAL,NORMAL,0,
1642065300.0,1786277025.7868955,1,3.1658,0.3858,,2.404,0.0944,0.758,NOMINAL,NOMINAL,NORMAL,0,
1642066200.0,1786277025.9118621,1,2.9953,0.3948,,2.504,0.0966,0.749,NOMINAL,NOMINAL,NORMAL,0,
1642067100.0,1786277026.036802,1,3.0459,0.392,,2.327,0.098,0.772,NOMINAL,NOMINAL,TRIGGERED,1,omni_p6
1642068000.0,1786277026.1659467,1,3.6774,0.4405,,2.5,0.1866,3.633,NOMINAL,PRE_ALERT,TRIGGERED,2,omni_p6
1642068900.0,1786277026.2924502,1,4.2583,0.3926,,2.922,0.3489,3.391,PRE_ALERT,NOMINAL,NORMAL,0,
1642069800.0,1786277026.4142387,1,4.06,0.4543,,2.716,0.1084,1.106,NOMINAL,NOMINAL,NORMAL,0,
1642070700.0,1786277026.5384748,1,3.8925,0.4392,,2.313,0.1122,0.907,NOMINAL,NOMINAL,NORMAL,0,
1642071600.0,1786277026.6621747,1,3.5479,0.4255,,1.969,0.1005,0.873,NOMINAL,NOMINAL,NORMAL,0,
1642072500.0,1786277026.7870855,1,3.4184,0.4619,,1.878,0.0955,0.893,NOMINAL,NOMINAL,NORMAL,0,
1642073400.0,1786277026.911644,1,3.0751,0.4036,,1.946,0.0994,0.801,NOMINAL,NOMINAL,TRIGGERED,1,omni_p6
1642074300.0,1786277027.0362625,1,3.0898,0.3688,,1.885,0.0858,0.803,NOMINAL,NOMINAL,NORMAL,0,
1642075200.0,1786277027.1644363,1,4.1132,0.4524,,2.561,0.1162,1.117,NOMINAL,NOMINAL,NORMAL,0,
1642076100.0,1786277027.28296,1,1.7366,0.2406,,0.991,0.0461,0.411,NOMINAL,NOMINAL,NORMAL,0,
1642077000.0,1786277027.414693,1,4.1401,0.4579,,3.049,0.1298,1.014,NOMINAL,NOMINAL,NORMAL,0,
1642077900.0,1786277027.5388536,1,3.7994,0.4438,,2.625,0.1362,1.45,NOMINAL,NOMINAL,NORMAL,0,
1642078800.0,1786277027.6634216,1,4.1046,0.5483,,2.126,0.1255,0.898,NOMINAL,NOMINAL,TRIGGERED,1,omni_p6
1642079700.0,1786277027.7898657,1,3.542,0.4574,,1.958,0.1945,3.539,NOMINAL,PRE_ALERT,TRIGGERED,2,omni_p6
1642080600.0,1786277027.9166343,1,4.117,0.4594,,2.323,0.1936,3.624,PRE_ALERT,NOMINAL,NORMAL,0,
1642081500.0,1786277028.03814,1,3.7957,0.4469,,2.321,0.1195,0.879,NOMINAL,NOMINAL,NORMAL,0,
1642082400.0,1786277028.1635659,1,4.0288,0.4479,,2.437,0.1262,0.923,NOMINAL,NOMINAL,NORMAL,0,
1642083300.0,1786277028.2864969,1,3.0852,0.3321,,2.014,0.1013,0.794,NOMINAL,NOMINAL,NORMAL,0,
1642084200.0,1786277028.4174573,1,4.545,0.5247,,4.053,0.1323,1.081,NOMINAL,NOMINAL,NORMAL,0,
1642085100.0,1786277028.5387545,1,3.8044,0.4408,,2.851,0.1282,0.971,NOMINAL,NOMINAL,TRIGGERED,1,omni_p6
1642086000.0,1786277028.660769,1,2.0493,0.2318,,1.453,0.0891,1.926,NOMINAL,PRE_ALERT,TRIGGERED,2,omni_p6
1642086900.0,1786277028.7955086,1,4.7133,0.4919,,4.174,0.269,3.833,PRE_ALERT,NOMINAL,NORMAL,0,
1642087800.0,1786277028.9135993,1,3.9413,0.4675,,2.512,0.1219,0.912,NOMINAL,NOMINAL,NORMAL,0,
1642088700.0,1786277029.037284,1,3.549,0.4179,,2.151,0.1152,0.793,NOMINAL,NOMINAL,NORMAL,0,
1642089600.0,1786277029.1613111,1,3.1083,0.3901,,1.967,0.0904,0.738,NOMINAL,NOMINAL,NORMAL,0,
1642090500.0,1786277029.2902744,1,4.2308,0.4546,,3.242,0.1381,1.079,NOMINAL,NOMINAL,NORMAL,0,
1642091400.0,1786277029.4154038,1,4.1456,0.4645,,2.759,0.1236,0.981,NOMINAL,NOMINAL,NORMAL,0,
1642092300.0,1786277029.537988,1,3.7695,0.4341,,2.375,0.1134,0.873,NOMINAL,NOMINAL,NORMAL,0,
1642093200.0,1786277029.6621,1,3.2486,0.3902,,2.336,0.1035,0.819,NOMINAL,NOMINAL,NORMAL,0,
1642094100.0,1786277029.792357,1,4.6577,0.5147,,3.5,0.132,1.187,NOMINAL,NOMINAL,NORMAL,0,
1642095000.0,1786277029.9137716,1,3.8028,0.4491,,2.987,0.1173,0.908,NOMINAL,NOMINAL,NORMAL,0,
1642095900.0,1786277030.037386,1,3.5193,0.4222,,2.09,0.1036,1.027,NOMINAL,NOMINAL,NORMAL,0,
1642096800.0,1786277030.1624231,1,3.3604,0.4255,,2.171,0.1028,0.828,NOMINAL,NOMINAL,NORMAL,0,
1642097700.0,1786277030.2889552,1,3.844,0.4549,,2.685,0.1245,1.037,NOMINAL,NOMINAL,NORMAL,0,
1642098600.0,1786277030.414756,1,4.1812,0.461,,2.969,0.1255,0.973,NOMINAL,NOMINAL,NORMAL,0,
1642099500.0,1786277030.5376103,1,3.6636,0.4339,,2.186,0.1081,0.837,NOMINAL,NOMINAL,NORMAL,0,
1642100400.0,1786277030.662216,1,3.6281,0.4255,,1.903,0.1026,0.785,NOMINAL,NOMINAL,NORMAL,0,
1642101300.0,1786277030.788293,1,3.1319,0.4032,,2.192,0.0959,2.235,NOMINAL,NOMINAL,NORMAL,0,
1642102200.0,1786277030.9116032,1,2.8968,0.4095,,2.105,0.0925,0.854,NOMINAL,NOMINAL,NORMAL,0,
1642103100.0,1786277031.03607,1,3.059,0.3735,,1.818,0.0881,0.708,NOMINAL,NOMINAL,NORMAL,0,
1642104000.0,1786277031.1607513,1,3.0566,0.3813,,1.582,0.0753,0.673,NOMINAL,NOMINAL,NORMAL,0,
1642104900.0,1786277031.289028,1,4.104,0.4597,,1.924,0.0924,1.206,NOMINAL,NOMINAL,NORMAL,0,
1642105800.0,1786277031.414573,1,4.1304,0.4488,,2.974,0.1201,0.893,NOMINAL,NOMINAL,TRIGGERED,1,omni_p6
1642106700.0,1786277031.5383866,1,3.8405,0.4372,,2.265,0.1041,1.116,NOMINAL,NOMINAL,NORMAL,0,
1642107600.0,1786277031.6615217,1,3.4478,0.4211,,1.675,0.0965,0.694,NOMINAL,NOMINAL,NORMAL,0,
1642108500.0,1786277031.7863152,1,3.3217,0.3874,,1.846,0.0785,0.625,NOMINAL,NOMINAL,NORMAL,0,
1642109400.0,1786277031.9108732,1,3.0254,0.4004,,1.664,0.0705,0.728,NOMINAL,NOMINAL,NORMAL,0,
1642110300.0,1786277032.0361767,1,3.3342,0.4062,,1.523,0.0829,0.664,NOMINAL,NOMINAL,NORMAL,0,
1642111200.0,1786277032.1617396,1,3.0846,0.3969,,2.344,0.0831,0.663,NOMINAL,NOMINAL,NORMAL,0,
1642112100.0,1786277032.2884748,1,3.7075,0.4543,,2.371,0.1104,0.898,NOMINAL,NOMINAL,TRIGGERED,1,omni_p6
1642113000.0,1786277032.4174151,1,4.056,0.4522,,2.755,0.1965,4.063,NOMINAL,PRE_ALERT,TRIGGERED,2,omni_p6
1642113900.0,1786277032.5406983,1,4.1067,0.4374,,2.041,0.1772,3.205,PRE_ALERT,NOMINAL,NORMAL,0,
1642114800.0,1786277032.663868,1,4.0753,0.4285,,2.221,0.107,0.847,NOMINAL,NOMINAL,NORMAL,0,
1642115700.0,1786277032.7887595,1,4.1021,0.4438,,2.357,0.1529,0.946,NOMINAL,NOMINAL,NORMAL,0,
1642116600.0,1786277032.911559,1,2.8917,0.4171,,2.099,0.1527,1.037,NOMINAL,NOMINAL,NORMAL,0,
1642117500.0,1786277033.0370388,1,3.4807,0.3955,,2.034,0.1054,0.777,NOMINAL,NOMINAL,NORMAL,0,
1642118400.0,1786277033.1632884,1,3.2161,0.3671,1.7036,1.845,0.1043,0.808,NOMINAL,NOMINAL,TRIGGERED,1,omni_p6
1642119300.0,1786277033.2885609,1,3.9934,0.451,,2.285,0.1169,1.004,NOMINAL,NOMINAL,NORMAL,0,
1642120200.0,1786277033.41428,1,4.2044,0.4512,,2.511,0.1207,0.926,NOMINAL,NOMINAL,NORMAL,0,
1642121100.0,1786277033.5373137,1,3.7705,0.4337,,1.801,0.0902,0.797,NOMINAL,NOMINAL,NORMAL,0,
1642122000.0,1786277033.6594772,1,2.1087,0.2289,,1.406,0.0567,0.494,NOMINAL,NOMINAL,NORMAL,0,
1642122900.0,1786277033.7921457,1,4.7162,0.4865,,3.324,0.1218,1.006,NOMINAL,NOMINAL,NORMAL,0,
1642123800.0,1786277033.912375,1,3.7808,0.4487,,1.808,0.1075,0.835,NOMINAL,NOMINAL,TRIGGERED,1,omni_p6
1642124700.0,1786277034.0392087,1,3.2514,0.4048,,1.763,0.1501,3.622,NOMINAL,PRE_ALERT,TRIGGERED,2,omni_p6
1642125600.0,1786277034.1657279,1,4.1182,0.5094,,1.936,0.1685,3.266,PRE_ALERT,NOMINAL,NORMAL,0,
1642126500.0,1786277034.2870386,1,3.52,0.4727,,1.917,0.1029,0.831,NOMINAL,NOMINAL,NORMAL,0,
1642127400.0,1786277034.415572,1,4.4802,0.4654,,3.003,0.1247,1.036,NOMINAL,NOMINAL,NORMAL,0,
1642128300.0,1786277034.5380747,1,3.8297,0.4436,,2.363,0.1129,0.914,NOMINAL,NOMINAL,NORMAL,0,
1642129200.0,1786277034.6618547,1,3.419,0.4208,,1.983,0.1112,0.823,NOMINAL,NOMINAL,NORMAL,0,
1642130100.0,1786277034.793355,1,4.7311,0.5108,,4.034,0.1401,1.649,NOMINAL,NOMINAL,TRIGGERED,1,omni_p6
1642131000.0,1786277034.9153001,1,3.8168,0.4519,,2.09,0.2117,3.423,NOMINAL,PRE_ALERT,TRIGGERED,2,omni_p6
1642131900.0,1786277035.0401044,1,3.9387,0.4476,,1.939,0.1502,3.034,PRE_ALERT,NOMINAL,NORMAL,0,
1642132800.0,1786277035.1628826,1,3.8376,0.449,,2.063,0.0991,0.942,NOMINAL,NOMINAL,NORMAL,0,
1642133700.0,1786277035.286958,1,3.5462,0.4764,,1.876,0.1006,0.741,NOMINAL,NOMINAL,NORMAL,0,
1642134600.0,1786277035.4084709,1,1.8007,0.2478,,1.24,0.048,0.481,NOMINAL,NOMINAL,NORMAL,0,
1642135500.0,1786277035.5383048,1,3.8336,0.4521,,2.156,0.1083,1.303,NOMINAL,NOMINAL,NORMAL,0,
1642136400.0,1786277035.6618102,1,3.5316,0.4206,,1.794,0.0912,0.784,NOMINAL,NOMINAL,NORMAL,0,
1642137300.0,1786277035.7864466,1,3.358,0.4114,,1.662,0.0841,0.72,NOMINAL,NOMINAL,NORMAL,0,
1642138200.0,1786277035.9117362,1,3.4289,0.4295,,1.85,0.0839,0.736,NOMINAL,NOMINAL,NORMAL,0,
1642139100.0,1786277036.035697,1,3.1723,0.3942,,1.477,0.0761,0.577,NOMINAL,NOMINAL,NORMAL,0,
1642140000.0,1786277036.1613607,1,3.2652,0.4197,,1.795,0.081,0.714,NOMINAL,NOMINAL,NORMAL,0,
1642140900.0,1786277036.286098,1,3.0826,0.3967,,1.847,0.0849,0.671,NOMINAL,NOMINAL,NORMAL,0,
1642141800.0,1786277036.4146733,1,3.8506,0.4009,,2.83,0.1167,1.046,NOMINAL,NOMINAL,NORMAL,0,
1642142700.0,1786277036.538417,1,4.1566,0.4542,,2.153,0.1119,0.805,NOMINAL,NOMINAL,NORMAL,0,
1642143600.0,1786277036.6631584,1,3.9946,0.5121,,2.02,0.1057,0.83,NOMINAL,NOMINAL,NORMAL,0,
1642144500.0,1786277036.7869544,1,3.656,0.4875,,1.736,0.0693,0.657,NOMINAL,NOMINAL,NORMAL,0,
1642145400.0,1786277036.9107668,1,3.0853,0.4399,,1.598,0.0682,0.575,NOMINAL,NOMINAL,NORMAL,0,
1642146300.0,1786277037.035863,1,3.1659,0.396,,1.471,0.0704,0.735,NOMINAL,NOMINAL,TRIGGERED,1,omni_p6
1642147200.0,1786277037.160282,1,2.965,0.3762,,1.343,0.06,0.572,NOMINAL,NOMINAL,NORMAL,0,
1642148100.0,1786277037.285956,1,3.2018,0.4034,,1.592,0.0725,0.64,NOMINAL,NOMINAL,NORMAL,0,
1642149000.0,1786277037.4079998,1,1.1716,0.1515,,0.874,0.0333,0.346,NOMINAL,NOMINAL,NORMAL,0,
1642149900.0,1786277037.5385368,1,3.9656,0.4611,,2.402,0.1222,0.917,NOMINAL,NOMINAL,NORMAL,0,
1642150800.0,1786277037.6620183,1,3.6365,0.4155,,1.823,0.0908,0.753,NOMINAL,NOMINAL,NORMAL,0,
1642151700.0,1786277037.7856677,1,3.2114,0.386,,1.452,0.0609,0.562,NOMINAL,NOMINAL,NORMAL,0,
1642152600.0,1786277037.9103749,1,2.8567,0.4281,,1.463,0.0518,0.581,NOMINAL,NOMINAL,TRIGGERED,1,omni_p6
1642153500.0,1786277038.0364726,1,3.29,0.4151,,1.809,0.0916,0.767,NOMINAL,NOMINAL,NORMAL,0,
1642154400.0,1786277038.1611178,1,3.0107,0.3957,,1.932,0.0822,0.759,NOMINAL,NOMINAL,NORMAL,0,
1642155300.0,1786277038.286851,1,3.2712,0.4218,,2.215,0.0925,0.766,NOMINAL,NOMINAL,NORMAL,0,
1642156200.0,1786277038.413454,1,3.6847,0.3749,,2.899,0.1027,1.192,NOMINAL,NOMINAL,NORMAL,0,
1642157100.0,1786277038.5405111,1,4.2805,0.4669,,3.136,0.1254,1.499,NOMINAL,NOMINAL,NORMAL,0,
1642158000.0,1786277038.6597576,1,2.1209,0.2397,,1.62,0.0556,0.507,NOMINAL,NOMINAL,TRIGGERED,1,omni_p6
1642158900.0,1786277038.7959883,1,4.9194,0.5391,,3.679,0.2156,3.737,NOMINAL,PRE_ALERT,TRIGGERED,2,omni_p6
1642159800.0,1786277038.9179013,1,4.3918,0.4752,,2.921,0.2027,3.591,PRE_ALERT,NOMINAL,NORMAL,0,
1642160700.0,1786277039.0395322,1,4.3573,0.4612,,2.403,0.1201,0.97,NOMINAL,NOMINAL,NORMAL,0,
1642161600.0,1786277039.1618779,1,3.5315,0.431,,1.856,0.1105,0.847,NOMINAL,NOMINAL,NORMAL,0,
1642162500.0,1786277039.2861238,1,2.8509,0.3704,,2.038,0.1089,0.799,NOMINAL,NOMINAL,NORMAL,0,
1642163400.0,1786277039.4135213,1,3.3547,0.4447,,3.021,0.158,1.461,NOMINAL,NOMINAL,NORMAL,0,
1642164300.0,1786277039.54022,1,4.4646,0.548,,2.745,0.1232,0.948,NOMINAL,NOMINAL,TRIGGERED,1,omni_p6
1642165200.0,1786277039.6680098,1,4.6111,0.4792,,2.877,0.2066,3.686,NOMINAL,PRE_ALERT,TRIGGERED,2,omni_p6
1642166100.0,1786277039.7954865,1,4.6631,0.4823,,3.709,0.2475,4.01,PRE_ALERT,NOMINAL,NORMAL,0,
1642167000.0,1786277039.913323,1,4.0762,0.4767,,2.108,0.1175,0.81,NOMINAL,NOMINAL,NORMAL,0,
1642167900.0,1786277040.0404296,1,4.2559,0.4775,,2.812,0.1231,1.433,NOMINAL,NOMINAL,NORMAL,0,
1642168800.0,1786277040.1629348,1,3.744,0.4547,,2.145,0.1101,1.21,NOMINAL,NOMINAL,NORMAL,0,
1642169700.0,1786277040.2869895,1,3.2558,0.4012,,2.107,0.1007,1.111,NOMINAL,NOMINAL,NORMAL,0,
1642170600.0,1786277040.412024,1,3.1203,0.4211,,2.352,0.0952,0.859,NOMINAL,NOMINAL,TRIGGERED,1,omni_p6
1642171500.0,1786277040.5415611,1,4.7764,0.507,,3.247,0.1315,1.041,NOMINAL,NOMINAL,NORMAL,0,
1642172400.0,1786277040.6642003,1,3.985,0.5235,,2.557,0.1155,1.312,NOMINAL,NOMINAL,NORMAL,0,
1642173300.0,1786277040.787072,1,3.233,0.4134,,2.16,0.0884,1.096,NOMINAL,NOMINAL,NORMAL,0,
1642174200.0,1786277040.9112532,1,2.8265,0.4538,,1.902,0.0868,1.042,NOMINAL,NOMINAL,NORMAL,0,
1642175100.0,1786277041.03581,1,2.9402,0.3901,,1.729,0.0805,0.716,NOMINAL,NOMINAL,NORMAL,0,
1642176000.0,1786277041.1607234,1,2.9492,0.3721,,1.601,0.0853,0.78,NOMINAL,NOMINAL,NORMAL,0,
1642176900.0,1786277041.286923,1,3.2831,0.4192,,2.04,0.0901,0.79,NOMINAL,NOMINAL,TRIGGERED,1,omni_p6
1642177800.0,1786277041.4115553,1,3.1313,0.4234,,1.936,0.0861,0.749,NOMINAL,NOMINAL,NORMAL,0,
1642178700.0,1786277041.5408943,1,4.5882,0.5213,,3.082,0.1812,1.15,NOMINAL,NOMINAL,NORMAL,0,
1642179600.0,1786277041.6650612,1,4.2791,0.5589,,3.215,0.1264,1.109,NOMINAL,NOMINAL,NORMAL,0,
1642180500.0,1786277041.7884088,1,3.9456,0.4368,,2.323,0.1177,1.042,NOMINAL,NOMINAL,NORMAL,0,
1642181400.0,1786277041.9131608,1,3.7083,0.45,,2.515,0.1244,0.902,NOMINAL,NOMINAL,NORMAL,0,
1642182300.0,1786277042.0366826,1,3.325,0.4149,,1.872,0.163,0.856,NOMINAL,NOMINAL,NORMAL,0,
1642183200.0,1786277042.1624744,1,3.2518,0.4459,,2.048,0.0956,0.98,NOMINAL,NOMINAL,NORMAL,0,
1642184100.0,1786277042.2866137,1,3.1464,0.3994,,1.948,0.1055,0.768,NOMINAL,NOMINAL,NORMAL,0,
1642185000.0,1786277042.4124482,1,3.2877,0.4083,,2.503,0.1064,0.845,NOMINAL,NOMINAL,NORMAL,0,
1642185900.0,1786277042.5419586,1,4.4389,0.5459,,3.156,0.4567,2.081,NOMINAL,NOMINAL,NORMAL,0,
1642186800.0,1786277042.6637998,1,3.8516,0.4791,,2.508,0.116,0.852,NOMINAL,NOMINAL,NORMAL,0,
1642187700.0,1786277042.7881994,1,3.7535,0.4295,,2.38,0.1165,0.862,NOMINAL,NOMINAL,NORMAL,0,
1642188600.0,1786277042.9119081,1,3.2873,0.4062,,2.031,0.1031,0.784,NOMINAL,NOMINAL,NORMAL,0,
1642189500.0,1786277043.0373943,1,3.5441,0.3932,,1.911,0.1077,0.734,NOMINAL,NOMINAL,NORMAL,0,
1642190400.0,1786277043.162574,1,3.5309,0.386,,2.01,0.0984,0.735,NOMINAL,NOMINAL,NORMAL,0,
1642191300.0,1786277043.2872365,1,3.356,0.4445,,2.142,0.1024,0.78,NOMINAL,NOMINAL,TRIGGERED,1,omni_p6
1642192200.0,1786277043.4118433,1,3.291,0.3909,,2.062,0.0846,0.851,NOMINAL,NOMINAL,NORMAL,0,
1642193100.0,1786277043.5411801,1,4.4709,0.4716,,3.24,0.1307,1.095,NOMINAL,NOMINAL,NORMAL,0,
1642194000.0,1786277043.6597927,1,2.2266,0.2265,,1.568,0.0549,0.55,NOMINAL,NOMINAL,NORMAL,0,
1642194900.0,1786277043.7925835,1,4.5798,0.5003,,3.739,0.1445,1.242,NOMINAL,NOMINAL,NORMAL,0,
1642195800.0,1786277043.9129477,1,3.5859,0.4151,,2.338,0.1185,0.945,NOMINAL,NOMINAL,NORMAL,0,
1642196700.0,1786277044.0366035,1,3.3044,0.3757,,1.84,0.129,0.757,NOMINAL,NOMINAL,NORMAL,0,
1642197600.0,1786277044.1615613,1,3.1032,0.3665,,2.025,0.0929,0.672,NOMINAL,NOMINAL,TRIGGERED,1,omni_p6
1642198500.0,1786277044.2870216,1,3.1046,0.3752,,2.472,0.0929,0.701,NOMINAL,NOMINAL,NORMAL,0,
1642199400.0,1786277044.412458,1,3.1871,0.3751,,2.262,0.0842,1.273,NOMINAL,NOMINAL,NORMAL,0,
1642200300.0,1786277044.5343003,1,1.4258,0.2371,,1.128,0.0481,0.436,NOMINAL,NOMINAL,NORMAL,0,
1642201200.0,1786277044.6640933,1,3.9638,0.4366,,2.826,0.1187,1.08,NOMINAL,NOMINAL,NORMAL,0,
1642202100.0,1786277044.7927008,1,4.6064,0.4911,,3.502,0.1323,1.63,NOMINAL,NOMINAL,NORMAL,0,
1642203000.0,1786277044.9140131,1,4.1831,0.4727,,2.412,0.1139,0.964,NOMINAL,NOMINAL,TRIGGERED,1,omni_p6
1642203900.0,1786277045.0397727,1,3.4268,0.4046,,1.928,0.1656,3.678,NOMINAL,PRE_ALERT,TRIGGERED,2,omni_p6
1642204800.0,1786277045.1699793,1,4.4043,0.4227,1.8828,2.583,0.2069,4.07,PRE_ALERT,NOMINAL,NORMAL,0,
1642205700.0,1786277045.2883754,1,4.0106,0.4415,,2.25,0.1164,0.979,NOMINAL,NOMINAL,NORMAL,0,
1642206600.0,1786277045.4126608,1,3.7556,0.4198,,2.071,0.105,0.916,NOMINAL,NOMINAL,NORMAL,0,
1642207500.0,1786277045.536614,1,2.6287,0.4151,,2.708,0.1018,0.999,NOMINAL,NOMINAL,NORMAL,0,
1642208400.0,1786277045.6660693,1,4.5338,0.4998,,3.106,0.1293,1.127,NOMINAL,NOMINAL,NORMAL,0,
1642209300.0,1786277045.7885556,1,3.9288,0.4435,,2.295,0.1068,1.072,NOMINAL,NOMINAL,TRIGGERED,1,omni_p6
1642210200.0,1786277045.9151373,1,3.4561,0.4163,,2.207,0.1695,3.579,NOMINAL,PRE_ALERT,TRIGGERED,2,omni_p6
1642211100.0,1786277046.042315,1,4.1255,0.4666,,2.92,0.1852,3.651,PRE_ALERT,NOMINAL,NORMAL,0,
1642212000.0,1786277046.1628847,1,3.8248,0.4282,,2.172,0.1058,0.855,NOMINAL,NOMINAL,NORMAL,0,
1642212900.0,1786277046.2870612,1,3.53,0.4439,,1.872,0.1052,0.891,NOMINAL,NOMINAL,NORMAL,0,
1642213800.0,1786277046.4121547,1,3.3919,0.4095,,2.287,0.1055,0.744,NOMINAL,NOMINAL,NORMAL,0,
1642214700.0,1786277046.535748,1,2.8158,0.3273,,1.727,0.0575,0.417,NOMINAL,NOMINAL,NORMAL,0,
1642215600.0,1786277046.665393,1,4.4312,0.4881,,3.09,0.1369,1.072,NOMINAL,NOMINAL,TRIGGERED,1,omni_p6
1642216500.0,1786277046.7886994,1,3.8225,0.4315,,2.731,0.1159,0.955,NOMINAL,NOMINAL,NORMAL,0,
1642217400.0,1786277046.9123845,1,3.5666,0.41,,2.067,0.1026,1.012,NOMINAL,NOMINAL,NORMAL,0,
1642218300.0,1786277047.0375924,1,3.6312,0.4522,,2.177,0.1062,0.872,NOMINAL,NOMINAL,NORMAL,0,
1642219200.0,1786277047.162032,1,3.2616,0.3998,,2.347,0.0964,0.781,NOMINAL,NOMINAL,NORMAL,0,
1642220100.0,1786277047.2871292,1,3.3269,0.4202,,2.188,0.107,0.784,NOMINAL,NOMINAL,NORMAL,0,
1642221000.0,1786277047.413672,1,3.9123,0.4201,,3.112,0.1097,0.852,NOMINAL,NOMINAL,NORMAL,0,
1642221900.0,1786277047.536868,1,3.2712,0.405,,2.031,0.102,0.816,NOMINAL,NOMINAL,NORMAL,0,
1642222800.0,1786277047.6663492,1,4.3716,0.482,,3.59,0.128,1.316,NOMINAL,NOMINAL,NORMAL,0,
1642223700.0,1786277047.789406,1,4.1009,0.467,,2.494,0.1203,1.218,NOMINAL,NOMINAL,NORMAL,0,
1642224600.0,1786277047.9127932,1,3.5375,0.4389,,2.416,0.1679,0.955,NOMINAL,NOMINAL,NORMAL,0,
1642225500.0,1786277048.0376215,1,3.7387,0.4077,,2.121,0.1106,0.855,NOMINAL,NOMINAL,NORMAL,0,
1642226400.0,1786277048.1626432,1,3.4935,0.4334,,2.474,0.1054,0.86,NOMINAL,NOMINAL,NORMAL,0,
1642227300.0,1786277048.2863426,1,3.1857,0.4046,,1.839,0.0932,0.772,NOMINAL,NOMINAL,NORMAL,0,
1642228200.0,1786277048.4124937,1,3.3717,0.4273,,2.432,0.1046,0.846,NOMINAL,NOMINAL,NORMAL,0,
1642229100.0,1786277048.5379379,1,3.6562,0.4328,,2.431,0.1121,0.863,NOMINAL,NOMINAL,NORMAL,0,
1642230000.0,1786277048.65964,1,2.0643,0.229,,1.535,0.0571,0.502,NOMINAL,NOMINAL,NORMAL,0,
1642230900.0,1786277048.7930593,1,4.7602,0.502,,3.857,0.2438,1.329,NOMINAL,NOMINAL,NORMAL,0,
1642231800.0,1786277048.9129508,1,3.5575,0.461,,2.342,0.1022,0.95,NOMINAL,NOMINAL,TRIGGERED,1,omni_p6
1642232700.0,1786277049.037142,1,3.1716,0.3913,,2.572,0.0965,0.851,NOMINAL,NOMINAL,NORMAL,0,
1642233600.0,1786277049.1612332,1,3.031,0.4063,,1.902,0.0843,0.737,NOMINAL,NOMINAL,NORMAL,0,
1642234500.0,1786277049.2860477,1,2.9962,0.3856,,1.881,0.0865,0.767,NOMINAL,NOMINAL,NORMAL,0,
1642235400.0,1786277049.4116378,1,3.1315,0.3991,,2.221,0.087,0.751,NOMINAL,NOMINAL,NORMAL,0,
1642236300.0,1786277049.5361595,1,2.8374,0.3893,,2.295,0.0873,0.727,NOMINAL,NOMINAL,NORMAL,0,
1642237200.0,1786277049.6660082,1,4.5998,0.4915,,3.222,0.1306,1.072,NOMINAL,NOMINAL,TRIGGERED,1,omni_p6
1642238100.0,1786277049.7952647,1,4.57,0.4991,,3.675,0.2092,3.793,NOMINAL,PRE_ALERT,TRIGGERED,2,omni_p6
1642239000.0,1786277049.916468,1,4.12,0.4639,,2.512,0.1871,3.327,PRE_ALERT,NOMINAL,NORMAL,0,
1642239900.0,1786277050.0372105,1,3.5979,0.4191,,1.97,0.0955,0.807,NOMINAL,NOMINAL,NORMAL,0,
1642240800.0,1786277050.1660743,1,4.2753,0.4812,,3.394,0.1363,1.12,NOMINAL,NOMINAL,NORMAL,0,
1642241700.0,1786277050.2911797,1,4.4385,0.4731,,3.271,0.1389,1.08,NOMINAL,NOMINAL,NORMAL,0,
1642242600.0,1786277050.4144022,1,4.0381,0.4606,,3.138,0.1166,0.981,NOMINAL,NOMINAL,NORMAL,0,
1642243500.0,1786277050.5374963,1,3.6501,0.4271,,2.283,0.1058,0.766,NOMINAL,NOMINAL,TRIGGERED,1,omni_p6
1642244400.0,1786277050.6672597,1,3.9865,0.4784,,3.184,0.1907,3.631,NOMINAL,PRE_ALERT,TRIGGERED,2,omni_p6
1642245300.0,1786277050.793305,1,4.3373,0.478,,3.208,0.2073,3.728,PRE_ALERT,NOMINAL,NORMAL,0,
1642246200.0,1786277050.9094718,1,1.9373,0.2347,,1.636,0.0596,0.537,NOMINAL,NOMINAL,NORMAL,0,
1642247100.0,1786277051.0322623,1,1.2334,0.1629,,1.101,0.0359,0.339,NOMINAL,NOMINAL,NORMAL,0,
1642248000.0,1786277051.1643388,1,4.3837,0.5362,,2.563,0.1158,1.069,NOMINAL,NOMINAL,NORMAL,0,
1642248900.0,1786277051.2871473,1,3.4822,0.4104,,2.217,0.1074,0.856,NOMINAL,NOMINAL,NORMAL,0,
1642249800.0,1786277051.4128706,1,3.3449,0.4135,,2.869,0.177,1.033,NOMINAL,NOMINAL,TRIGGERED,1,omni_p6
1642250700.0,1786277051.5362215,1,3.0817,0.38,,1.969,0.1038,0.944,NOMINAL,NOMINAL,NORMAL,0,
1642251600.0,1786277051.6635046,1,3.6356,0.4152,,2.588,0.1226,1.175,NOMINAL,NOMINAL,NORMAL,0,
1642252500.0,1786277051.7880208,1,3.5638,0.4527,,2.505,0.1101,1.125,NOMINAL,NOMINAL,NORMAL,0,
1642253400.0,1786277051.9119022,1,3.1018,0.4005,,2.28,0.1094,0.969,NOMINAL,NOMINAL,NORMAL,0,
1642254300.0,1786277052.0370812,1,3.2397,0.4056,,2.444,0.1136,0.849,NOMINAL,NOMINAL,NORMAL,0,
1642255200.0,1786277052.1619625,1,2.9878,0.3829,,2.343,0.1067,0.778,NOMINAL,NOMINAL,TRIGGERED,1,omni_p6
1642256100.0,1786277052.288879,1,2.882,0.3807,,2.046,0.1509,3.398,NOMINAL,PRE_ALERT,TRIGGERED,2,omni_p6
1642257000.0,1786277052.416833,1,3.9303,0.4504,,2.836,0.1797,3.458,PRE_ALERT,NOMINAL,NORMAL,0,
1642257900.0,1786277052.538181,1,3.6726,0.4009,,2.469,0.1023,0.889,NOMINAL,NOMINAL,NORMAL,0,
1642258800.0,1786277052.6643782,1,4.0342,0.4911,,2.578,0.1162,1.261,NOMINAL,NOMINAL,NORMAL,0,
1642259700.0,1786277052.7888896,1,3.9734,0.4418,,2.387,0.1137,0.921,NOMINAL,NOMINAL,NORMAL,0,
1642260600.0,1786277052.9134662,1,3.8275,0.4201,,2.202,0.1071,1.18,NOMINAL,NOMINAL,NORMAL,0,
1642261500.0,1786277053.0379899,1,3.6331,0.4066,,2.607,0.0992,0.84,NOMINAL,NOMINAL,TRIGGERED,1,omni_p6
1642262400.0,1786277053.1644187,1,3.2856,0.3783,,4.386,0.107,0.888,NOMINAL,NOMINAL,NORMAL,0,
1642263300.0,1786277053.2871988,1,3.3298,0.4573,,2.091,0.0932,0.743,NOMINAL,NOMINAL,NORMAL,0,
1642264200.0,1786277053.4125094,1,3.357,0.4031,,2.514,0.0925,0.854,NOMINAL,NOMINAL,NORMAL,0,
1642265100.0,1786277053.5363822,1,3.0295,0.3709,,2.088,0.0818,0.736,NOMINAL,NOMINAL,NORMAL,0,
1642266000.0,1786277053.6573157,1,1.2738,0.1712,,0.974,0.0354,0.318,NOMINAL,NOMINAL,NORMAL,0,
1642266900.0,1786277053.792185,1,4.5339,0.4853,,3.57,0.141,1.129,NOMINAL,NOMINAL,NORMAL,0,
1642267800.0,1786277053.9150305,1,4.134,0.4508,,2.851,0.1238,1.394,NOMINAL,NOMINAL,NORMAL,0,
1642268700.0,1786277054.037707,1,3.6603,0.4249,,2.164,0.105,0.788,NOMINAL,NOMINAL,NORMAL,0,
1642269600.0,1786277054.1622312,1,3.4716,0.408,,2.089,0.0981,0.755,NOMINAL,NOMINAL,NORMAL,0,
1642270500.0,1786277054.286407,1,3.1785,0.3754,,1.886,0.0883,0.722,NOMINAL,NOMINAL,NORMAL,0,
1642271400.0,1786277054.4126148,1,3.3313,0.3997,,2.55,0.1029,0.853,NOMINAL,NOMINAL,NORMAL,0,
1642272300.0,1786277054.5376344,1,3.5291,0.3969,,2.063,0.1073,0.821,NOMINAL,NOMINAL,NORMAL,0,
1642273200.0,1786277054.6580021,1,1.6368,0.2372,,1.006,0.0446,0.45,NOMINAL,NOMINAL,NORMAL,0,
1642274100.0,1786277054.7930195,1,4.622,0.4837,,3.77,0.291,1.32,NOMINAL,NOMINAL,NORMAL,0,
1642275000.0,1786277054.9143713,1,4.0811,0.4729,,2.362,0.1201,0.91,NOMINAL,NOMINAL,NORMAL,0,
1642275900.0,1786277055.0373812,1,3.5797,0.4082,,2.22,0.1017,0.802,NOMINAL,NOMINAL,NORMAL,0,
1642276800.0,1786277055.1621294,1,3.5181,0.4088,,1.919,0.09,0.759,NOMINAL,NOMINAL,NORMAL,0,
1642277700.0,1786277055.2865064,1,3.312,0.3868,,1.791,0.0959,0.726,NOMINAL,NOMINAL,NORMAL,0,
1642278600.0,1786277055.4118931,1,3.1724,0.3847,,2.181,0.0881,0.806,NOMINAL,NOMINAL,NORMAL,0,
1642279500.0,1786277055.5415263,1,4.4437,0.4913,,3.409,0.136,1.152,NOMINAL,NOMINAL,NORMAL,0,
1642280400.0,1786277055.663681,1,3.5635,0.363,,3.412,0.0329,0.303,NOMINAL,NOMINAL,NORMAL,0,
1642281300.0,1786277055.7890513,1,3.7123,0.4319,,2.464,0.3459,1.41,NOMINAL,NOMINAL,NORMAL,0,
1642282200.0,1786277055.920024,1,3.9663,0.4682,,8.13,0.1205,1.052,NOMINAL,NOMINAL,TRIGGERED,1,omni_p6
1642283100.0,1786277056.0404766,1,3.7137,0.4268,,1.969,0.1514,3.416,NOMINAL,PRE_ALERT,TRIGGERED,2,omni_p6
1642284000.0,1786277056.165546,1,3.8676,0.4441,,2.098,0.1649,3.289,PRE_ALERT,NOMINAL,NORMAL,0,
1642284900.0,1786277056.2877798,1,3.5816,0.4178,,2.076,0.0824,0.769,NOMINAL,NOMINAL,NORMAL,0,
1642285800.0,1786277056.4118774,1,3.3778,0.4094,,2.009,0.083,0.743,NOMINAL,NOMINAL,NORMAL,0,
1642286700.0,1786277056.5362957,1,3.1244,0.3887,,1.776,0.0746,0.749,NOMINAL,NOMINAL,NORMAL,0,
1642287600.0,1786277056.6572425,1,1.1713,0.2293,,1.173,0.0566,0.455,NOMINAL,NOMINAL,NORMAL,0,
1642288500.0,1786277056.788851,1,4.0924,0.4658,,2.216,0.1238,0.969,NOMINAL,NOMINAL,TRIGGERED,1,omni_p6
1642289400.0,1786277056.9181483,1,4.1758,0.4719,,2.556,0.177,4.609,NOMINAL,PRE_ALERT,TRIGGERED,2,omni_p6
1642290300.0,1786277057.0406027,1,4.2191,0.446,,1.855,0.1564,3.075,PRE_ALERT,NOMINAL,NORMAL,0,
1642291200.0,1786277057.1649573,1,4.0188,0.4123,1.9468,1.879,0.1,0.963,NOMINAL,NOMINAL,NORMAL,0,
1642292100.0,1786277057.2879066,1,3.8471,0.428,,2.079,0.0984,0.831,NOMINAL,NOMINAL,NORMAL,0,
1642293000.0,1786277057.4129686,1,3.7787,0.4141,,1.969,0.092,0.793,NOMINAL,NOMINAL,NORMAL,0,
1642293900.0,1786277057.537408,1,3.6059,0.4096,,1.712,0.093,0.758,NOMINAL,NOMINAL,TRIGGERED,1,omni_p6
1642294800.0,1786277057.6644664,1,3.4828,0.338,,1.739,0.1385,3.3,NOMINAL,PRE_ALERT,TRIGGERED,2,omni_p6
1642295700.0,1786277057.7932713,1,4.4683,0.469,,2.647,0.1927,3.694,PRE_ALERT,NOMINAL,NORMAL,0,
1642296600.0,1786277057.9148917,1,4.2245,0.48,,2.949,0.128,0.953,NOMINAL,NOMINAL,NORMAL,0,
1642297500.0,1786277058.037798,1,3.8469,0.4415,,2.045,0.1009,0.855,NOMINAL,NOMINAL,NORMAL,0,
1642298400.0,1786277058.1616266,1,3.3455,0.4122,,1.868,0.0888,0.798,NOMINAL,NOMINAL,NORMAL,0,
1642299300.0,1786277058.2859344,1,3.0641,0.391,,1.652,0.0873,0.719,NOMINAL,NOMINAL,NORMAL,0,
1642300200.0,1786277058.4112344,1,3.0013,0.4007,,1.878,0.0799,0.73,NOMINAL,NOMINAL,TRIGGERED,1,omni_p6
1642301100.0,1786277058.5393689,1,2.866,0.3641,,1.761,0.141,4.396,NOMINAL,PRE_ALERT,TRIGGERED,2,omni_p6
1642302000.0,1786277058.6608741,1,2.0817,0.2271,,1.456,0.0884,1.918,PRE_ALERT,NOMINAL,NORMAL,0,
1642302900.0,1786277058.792589,1,4.6988,0.5043,,3.704,0.1398,1.202,NOMINAL,NOMINAL,NORMAL,0,
1642303800.0,1786277058.9151793,1,4.3046,0.4723,,3.046,0.1278,1.116,NOMINAL,NOMINAL,NORMAL,0,
1642304700.0,1786277059.0384088,1,3.9672,0.4292,,2.542,0.1501,0.997,NOMINAL,NOMINAL,NORMAL,0,
1642305600.0,1786277059.162069,1,3.6143,0.4049,,2.024,0.0977,0.757,NOMINAL,NOMINAL,NORMAL,0,
1642306500.0,1786277059.2869477,1,3.4793,0.4461,,1.926,0.1016,0.747,NOMINAL,NOMINAL,NORMAL,0,
1642307400.0,1786277059.4127157,1,3.4009,0.4011,,2.409,0.0957,1.184,NOMINAL,NOMINAL,TRIGGERED,1,omni_p6
1642308300.0,1786277059.5384197,1,3.6919,0.4213,,2.549,0.1109,1.056,NOMINAL,NOMINAL,NORMAL,0,
1642309200.0,1786277059.6620917,1,3.4189,0.3941,,2.013,0.0991,0.973,NOMINAL,NOMINAL,NORMAL,0,
1642310100.0,1786277059.792619,1,4.5707,0.4912,,3.561,0.1363,1.174,NOMINAL,NOMINAL,NORMAL,0,
1642311000.0,1786277059.9155033,1,4.3421,0.4728,,3.283,0.1211,0.986,NOMINAL,NOMINAL,NORMAL,0,
1642311900.0,1786277060.0371737,1,3.7146,0.3931,,1.92,0.0926,0.743,NOMINAL,NOMINAL,NORMAL,0,
1642312800.0,1786277060.1628714,1,3.6461,0.406,,2.505,0.0999,0.819,NOMINAL,NOMINAL,NORMAL,0,
1642313700.0,1786277060.2869537,1,3.3761,0.4568,,1.754,0.0781,0.738,NOMINAL,NOMINAL,NORMAL,0,
1642314600.0,1786277060.4132261,1,3.457,0.4227,,2.919,0.1122,0.836,NOMINAL,NOMINAL,NORMAL,0,
1642315500.0,1786277060.5373945,1,3.5785,0.3994,,2.228,0.1124,0.843,NOMINAL,NOMINAL,NORMAL,0,
1642316400.0,1786277060.6609,1,2.9519,0.3752,,1.808,0.1101,0.841,NOMINAL,NOMINAL,NORMAL,0,
1642317300.0,1786277060.7892177,1,3.6734,0.6809,,2.905,0.1318,0.969,NOMINAL,NOMINAL,NORMAL,0,
1642318200.0,1786277060.9104314,1,2.5469,0.3327,,1.983,0.0966,0.745,NOMINAL,NOMINAL,NORMAL,0,
1642319100.0,1786277061.039214,1,3.7834,0.4417,,3.018,0.1336,1.365,NOMINAL,NOMINAL,NORMAL,0,
1642320000.0,1786277061.1621673,1,3.4076,0.4038,,1.889,0.0967,1.132,NOMINAL,NOMINAL,NORMAL,0,
1642320900.0,1786277061.2872164,1,3.285,0.3833,,2.201,0.0989,1.148,NOMINAL,NOMINAL,NORMAL,0,
1642321800.0,1786277061.4119818,1,3.2727,0.4096,,1.865,0.0904,1.129,NOMINAL,NOMINAL,NORMAL,0,
1642322700.0,1786277061.5363414,1,3.1334,0.3731,,1.873,0.0897,1.128,NOMINAL,NOMINAL,TRIGGERED,1,omni_p6
1642323600.0,1786277061.661172,1,2.7414,0.3597,,2.093,0.0882,1.166,NOMINAL,NOMINAL,NORMAL,0,
1642324500.0,1786277061.7899106,1,3.8011,0.7185,,2.836,0.1127,1.241,NOMINAL,NOMINAL,NORMAL,0,
1642325400.0,1786277061.9114015,1,3.0007,0.3917,,1.887,0.0997,1.06,NOMINAL,NOMINAL,NORMAL,0,
1642326300.0,1786277062.0387335,1,3.5008,0.3838,,2.241,0.9599,1.873,NOMINAL,NOMINAL,NORMAL,0,
1642327200.0,1786277062.1617846,1,2.9257,0.3288,,2.711,0.1021,0.865,NOMINAL,NOMINAL,NORMAL,0,
1642328100.0,1786277062.2862122,1,2.8813,0.3451,,2.393,0.0951,0.723,NOMINAL,NOMINAL,NORMAL,0,
1642329000.0,1786277062.4117646,1,3.271,0.3842,,2.231,0.1037,0.815,NOMINAL,NOMINAL,TRIGGERED,1,omni_p6
1642329900.0,1786277062.535909,1,3.0721,0.3601,,1.903,0.102,0.778,NOMINAL,NOMINAL,NORMAL,0,
1642330800.0,1786277062.6609633,1,2.7289,0.3549,,2.29,0.1012,0.771,NOMINAL,NOMINAL,NORMAL,0,
1642331700.0,1786277062.7831771,1,1.815,0.2418,,1.122,0.0491,0.426,NOMINAL,NOMINAL,NORMAL,0,
1642332600.0,1786277062.9130023,1,3.1822,0.477,,2.825,0.115,1.551,NOMINAL,NOMINAL,NORMAL,0,
1642333500.0,1786277063.0390267,1,3.9144,0.4554,,2.871,0.1263,1.273,NOMINAL,NOMINAL,NORMAL,0,
1642334400.0,1786277063.1622064,1,3.4948,0.4136,,2.357,0.1163,0.984,NOMINAL,NOMINAL,TRIGGERED,1,omni_p6
1642335300.0,1786277063.28914,1,2.6101,0.3676,,2.342,0.1792,3.916,NOMINAL,PRE_ALERT,TRIGGERED,2,omni_p6
1642336200.0,1786277063.4163458,1,3.6014,0.4096,,3.219,0.2032,3.725,PRE_ALERT,NOMINAL,NORMAL,0,
1642337100.0,1786277063.5374837,1,3.3305,0.397,,2.692,0.1216,0.954,NOMINAL,NOMINAL,NORMAL,0,
1642338000.0,1786277063.6587315,1,1.9797,0.2388,,1.4,0.0576,0.498,NOMINAL,NOMINAL,NORMAL,0,
1642338900.0,1786277063.7909427,1,4.1135,0.457,,3.748,0.1373,1.139,NOMINAL,NOMINAL,NORMAL,0,
1642339800.0,1786277063.9122417,1,3.0925,0.4113,,2.937,0.11,0.876,NOMINAL,NOMINAL,NORMAL,0,
1642340700.0,1786277064.0394733,1,3.9587,0.4549,,3.348,0.1295,0.993,NOMINAL,NOMINAL,TRIGGERED,1,omni_p6
1642341600.0,1786277064.1652184,1,3.388,0.4191,,2.725,0.1836,3.635,NOMINAL,PRE_ALERT,TRIGGERED,2,omni_p6
1642342500.0,1786277064.2899406,1,3.4796,0.3891,,2.311,0.1937,3.588,PRE_ALERT,NOMINAL,NORMAL,0,
1642343400.0,1786277064.4120798,1,3.1016,0.4091,,2.684,0.1171,0.918,NOMINAL,NOMINAL,NORMAL,0,
1642344300.0,1786277064.536782,1,3.049,0.362,,2.437,0.1007,1.016,NOMINAL,NOMINAL,NORMAL,0,
1642345200.0,1786277064.6606398,1,2.7153,0.3605,,1.82,0.0991,0.857,NOMINAL,NOMINAL,NORMAL,0,
1642346100.0,1786277064.7840657,1,1.3482,0.2459,,1.467,0.0479,0.478,NOMINAL,NOMINAL,NORMAL,0,
1642347000.0,1786277064.9132493,1,3.7258,0.4411,,2.73,0.1214,0.943,NOMINAL,NOMINAL,TRIGGERED,1,omni_p6
1642347900.0,1786277065.0381074,1,3.6473,0.4374,,2.689,0.1155,0.957,NOMINAL,NOMINAL,NORMAL,0,
1642348800.0,1786277065.1620502,1,3.389,0.4116,,2.25,0.1088,0.953,NOMINAL,NOMINAL,NORMAL,0,
1642349700.0,1786277065.2867715,1,3.2242,0.4074,,2.222,0.1151,0.871,NOMINAL,NOMINAL,NORMAL,0,
1642350600.0,1786277065.4111178,1,2.9328,0.3937,,2.076,0.1094,0.875,NOMINAL,NOMINAL,NORMAL,0,
1642351500.0,1786277065.5365627,1,3.1097,0.3996,,2.161,0.1061,0.902,NOMINAL,NOMINAL,NORMAL,0,
1642352400.0,1786277065.6614077,1,2.7628,0.3714,,2.285,0.0973,0.781,NOMINAL,NOMINAL,NORMAL,0,
1642353300.0,1786277065.788569,1,3.397,0.3292,,2.519,0.1143,0.87,NOMINAL,NOMINAL,NORMAL,0,
1642354200.0,1786277065.913248,1,3.5774,0.4162,,2.965,0.1179,0.92,NOMINAL,NOMINAL,NORMAL,0,
1642355100.0,1786277066.0372841,1,3.2577,0.4162,,2.63,0.1274,1.0,NOMINAL,NOMINAL,NORMAL,0,
1642356000.0,1786277066.1626787,1,3.585,0.4157,,2.489,0.1123,0.88,NOMINAL,NOMINAL,NORMAL,0,
1642356900.0,1786277066.2874823,1,3.1853,0.5188,,2.245,0.1166,0.854,NOMINAL,NOMINAL,NORMAL,0,
1642357800.0,1786277066.4123225,1,3.2583,0.3921,,2.599,0.1149,0.887,NOMINAL,NOMINAL,NORMAL,0,
1642358700.0,1786277066.5371428,1,3.2777,0.4077,,2.611,0.1078,0.826,NOMINAL,NOMINAL,NORMAL,0,
1642359600.0,1786277066.6611166,1,2.9934,0.3678,,2.076,0.1018,0.81,NOMINAL,NOMINAL,NORMAL,0,
1642360500.0,1786277066.7829394,1,1.7677,0.2806,,1.137,0.0449,0.414,NOMINAL,NOMINAL,NORMAL,0,
1642361400.0,1786277066.9140944,1,3.7586,0.4099,,2.8,0.1092,1.56,NOMINAL,NOMINAL,NORMAL,0,
1642362300.0,1786277067.0379863,1,3.639,0.4119,,2.68,0.1083,0.917,NOMINAL,NOMINAL,NORMAL,0,
1642363200.0,1786277067.1626303,1,3.1505,0.3614,,2.912,0.1151,0.965,NOMINAL,NOMINAL,NORMAL,0,
1642364100.0,1786277067.2872233,1,3.3496,0.3772,,2.358,0.1001,0.834,NOMINAL,NOMINAL,NORMAL,0,
1642365000.0,1786277067.4127254,1,3.3541,0.386,,2.696,0.1077,0.928,NOMINAL,NOMINAL,NORMAL,0,
1642365900.0,1786277067.5369375,1,3.3962,0.3914,,2.092,0.1101,0.903,NOMINAL,NOMINAL,NORMAL,0,
1642366800.0,1786277067.663033,1,3.6647,0.4249,,2.613,0.1209,1.024,NOMINAL,NOMINAL,NORMAL,0,
1642367700.0,1786277067.7865088,1,3.0994,0.348,,2.064,0.093,0.789,NOMINAL,NOMINAL,TRIGGERED,1,omni_p6
1642368600.0,1786277067.9140742,1,3.8626,0.4445,,3.116,0.1217,1.019,NOMINAL,NOMINAL,NORMAL,0,
1642369500.0,1786277068.0375862,1,3.6408,0.4175,,2.279,0.1142,0.933,NOMINAL,NOMINAL,NORMAL,0,
1642370400.0,1786277068.163376,1,3.6679,0.4478,,2.894,0.1153,1.011,NOMINAL,NOMINAL,NORMAL,0,
1642371300.0,1786277068.286775,1,3.2783,0.4195,,2.161,0.1075,0.869,NOMINAL,NOMINAL,NORMAL,0,
1642372200.0,1786277068.4113665,1,3.0435,0.4681,,2.031,0.1039,0.854,NOMINAL,NOMINAL,NORMAL,0,
1642373100.0,1786277068.5368667,1,2.971,0.3834,,2.755,0.101,0.858,NOMINAL,NOMINAL,TRIGGERED,1,omni_p6
1642374000.0,1786277068.661503,1,2.2564,0.2872,,1.618,0.09,1.917,NOMINAL,PRE_ALERT,TRIGGERED,2,omni_p6
1642374900.0,1786277068.794854,1,4.6666,0.4953,,3.797,0.2172,3.354,PRE_ALERT,NOMINAL,NORMAL,0,
1642375800.0,1786277068.9149084,1,4.2798,0.4616,,2.963,0.121,0.995,NOMINAL,NOMINAL,NORMAL,0,
1642376700.0,1786277069.0382116,1,3.8118,0.4495,,2.586,0.118,0.922,NOMINAL,NOMINAL,NORMAL,0,
1642377600.0,1786277069.166379,1,3.9619,0.4351,1.9984,3.098,0.1337,1.045,NOMINAL,NOMINAL,NORMAL,0,
1642378500.0,1786277069.2884548,1,3.6487,0.4379,,2.581,0.1203,0.939,NOMINAL,NOMINAL,NORMAL,0,
1642379400.0,1786277069.4124906,1,3.3426,0.4287,,2.644,0.1089,0.899,NOMINAL,NOMINAL,TRIGGERED,1,omni_p6
1642380300.0,1786277069.5408351,1,3.665,0.4678,,2.569,0.1979,3.69,NOMINAL,PRE_ALERT,TRIGGERED,2,omni_p6
1642381200.0,1786277069.667449,1,4.4064,0.4798,,2.776,0.2648,3.679,PRE_ALERT,NOMINAL,NORMAL,0,
1642382100.0,1786277069.7918694,1,4.5503,0.4889,,3.712,0.1391,1.214,NOMINAL,NOMINAL,NORMAL,0,
1642383000.0,1786277069.9149003,1,4.2284,0.4797,,3.132,0.1245,1.03,NOMINAL,NOMINAL,NORMAL,0,
1642383900.0,1786277070.0386407,1,3.7692,0.4394,,2.547,0.1293,0.981,NOMINAL,NOMINAL,NORMAL,0,
1642384800.0,1786277070.163214,1,3.8006,0.483,,2.062,0.1205,0.905,NOMINAL,NOMINAL,NORMAL,0,
1642385700.0,1786277070.287227,1,3.5627,0.4579,,1.893,0.1124,0.794,NOMINAL,NOMINAL,TRIGGERED,1,omni_p6
1642386600.0,1786277070.4146132,1,3.3589,0.4108,,1.932,0.1725,3.53,NOMINAL,PRE_ALERT,TRIGGERED,2,omni_p6
1642387500.0,1786277070.5414875,1,4.1109,0.456,,2.268,0.1893,3.521,PRE_ALERT,NOMINAL,NORMAL,0,
1642388400.0,1786277070.6627848,1,3.8646,0.4365,,1.978,0.108,0.815,NOMINAL,NOMINAL,NORMAL,0,
1642389300.0,1786277070.78722,1,3.5919,0.489,,1.826,0.0998,0.775,NOMINAL,NOMINAL,NORMAL,0,
1642390200.0,1786277070.9145582,1,4.0842,0.4487,,2.71,0.1263,1.042,NOMINAL,NOMINAL,NORMAL,0,
1642391100.0,1786277071.0375667,1,3.6296,0.4367,,2.064,0.1233,0.921,NOMINAL,NOMINAL,NORMAL,0,
1642392000.0,1786277071.1634576,1,3.8204,0.4649,,2.593,0.1256,0.984,NOMINAL,NOMINAL,TRIGGERED,1,omni_p6
1642392900.0,1786277071.288001,1,3.8675,0.4621,,2.084,0.1245,0.854,NOMINAL,NOMINAL,NORMAL,0,
1642393800.0,1786277071.4125874,1,3.6908,0.4375,,2.068,0.1042,0.907,NOMINAL,NOMINAL,NORMAL,0,
1642394700.0,1786277071.536869,1,3.4079,0.4206,,1.897,0.1095,0.889,NOMINAL,NOMINAL,NORMAL,0,
1642395600.0,1786277071.66167,1,3.3075,0.4237,,1.884,0.0894,0.72,NOMINAL,NOMINAL,NORMAL,0,
1642396500.0,1786277071.7868457,1,3.4018,0.4632,,1.838,0.1114,0.799,NOMINAL,NOMINAL,NORMAL,0,
1642397400.0,1786277071.9147456,1,4.1783,0.4528,,2.806,0.1292,1.037,NOMINAL,NOMINAL,NORMAL,0,
1642398300.0,1786277072.037241,1,3.618,0.4167,,2.01,0.1041,0.852,NOMINAL,NOMINAL,NORMAL,0,
1642399200.0,1786277072.1624315,1,3.7073,0.4311,,2.002,0.108,0.86,NOMINAL,NOMINAL,NORMAL,0,
1642400100.0,1786277072.2887406,1,3.7798,0.445,,2.404,0.1243,1.006,NOMINAL,NOMINAL,NORMAL,0,
1642401000.0,1786277072.4126742,1,3.4187,0.4122,,2.536,0.1089,0.945,NOMINAL,NOMINAL,NORMAL,0,
1642401900.0,1786277072.5368438,1,3.4055,0.3861,,1.939,0.1043,0.846,NOMINAL,NOMINAL,NORMAL,0,
1642402800.0,1786277072.662361,1,3.4602,0.4101,,2.057,0.102,0.94,NOMINAL,NOMINAL,NORMAL,0,
1642403700.0,1786277072.787523,1,3.4049,0.4596,,2.423,0.0979,0.812,NOMINAL,NOMINAL,NORMAL,0,
1642404600.0,1786277072.913814,1,3.8993,0.4343,,2.705,0.1191,0.873,NOMINAL,NOMINAL,NORMAL,0,
1642405500.0,1786277073.0383477,1,3.9421,0.4276,,2.292,0.1148,0.898,NOMINAL,NOMINAL,NORMAL,0,
1642406400.0,1786277073.163375,1,3.9263,0.4171,,2.435,0.1175,0.954,NOMINAL,NOMINAL,NORMAL,0,
1642407300.0,1786277073.2886322,1,4.0022,0.44,,2.356,0.1203,1.018,NOMINAL,NOMINAL,NORMAL,0,
1642408200.0,1786277073.4127326,1,3.6796,0.4258,,2.199,0.112,1.017,NOMINAL,NOMINAL,TRIGGERED,1,omni_p6
1642409100.0,1786277073.5365741,1,3.285,0.4068,,1.9,0.1002,0.828,NOMINAL,NOMINAL,NORMAL,0,
1642410000.0,1786277073.659361,1,2.0095,0.2336,,1.532,0.0564,0.484,NOMINAL,NOMINAL,NORMAL,0,
1642410900.0,1786277073.7926338,1,4.7083,0.5167,,3.732,0.1397,1.214,NOMINAL,NOMINAL,NORMAL,0,
1642411800.0,1786277073.9078214,1,1.199,0.15,,1.081,0.0471,0.423,NOMINAL,NOMINAL,NORMAL,0,
1642412700.0,1786277074.0385728,1,3.8737,0.4352,,2.479,0.1315,1.066,NOMINAL,NOMINAL,NORMAL,0,
1642413600.0,1786277074.1624389,1,3.4921,0.4407,,2.21,0.1132,0.841,NOMINAL,NOMINAL,TRIGGERED,1,omni_p6
1642414500.0,1786277074.2919302,1,3.907,0.4488,,3.068,0.2043,3.615,NOMINAL,PRE_ALERT,TRIGGERED,2,omni_p6
1642415400.0,1786277074.4173892,1,4.2439,0.4584,,2.928,0.1895,3.511,PRE_ALERT,NOMINAL,NORMAL,0,
1642416300.0,1786277074.539001,1,3.9286,0.4517,,2.592,0.116,1.198,NOMINAL,NOMINAL,NORMAL,0,
1642417200.0,1786277074.6632965,1,3.6779,0.4463,,2.591,0.1047,1.197,NOMINAL,NOMINAL,NORMAL,0,
1642418100.0,1786277074.792692,1,4.6815,0.5095,,3.402,0.1404,1.598,NOMINAL,NOMINAL,NORMAL,0,
1642419000.0,1786277074.9121497,1,3.4655,0.4143,,2.366,0.1081,1.177,NOMINAL,NOMINAL,NORMAL,0,
1642419900.0,1786277075.0397322,1,4.181,0.4767,,2.68,0.1212,1.41,NOMINAL,NOMINAL,TRIGGERED,1,omni_p6
1642420800.0,1786277075.1659865,1,3.6727,0.4627,,2.184,0.1915,3.606,NOMINAL,PRE_ALERT,TRIGGERED,2,omni_p6
1642421700.0,1786277075.2935803,1,4.3177,0.4801,,3.299,0.1927,3.645,PRE_ALERT,NOMINAL,NORMAL,0,
1642422600.0,1786277075.4134707,1,3.8953,0.4511,,2.504,0.1129,0.895,NOMINAL,NOMINAL,NORMAL,0,
1642423500.0,1786277075.537586,1,3.6267,0.4271,,2.36,0.1077,0.797,NOMINAL,NOMINAL,NORMAL,0,
1642424400.0,1786277075.6614764,1,3.3312,0.4281,,1.858,0.0898,0.712,NOMINAL,NOMINAL,NORMAL,0,
1642425300.0,1786277075.787199,1,3.2271,0.4163,,2.391,0.0975,0.746,NOMINAL,NOMINAL,NORMAL,0,
1642426200.0,1786277075.9089477,1,2.5795,0.3167,,0.807,0.0278,0.264,NOMINAL,NOMINAL,TRIGGERED,1,omni_p6
1642427100.0,1786277076.0394948,1,4.004,0.4827,,2.754,0.1185,0.866,NOMINAL,NOMINAL,NORMAL,0,
1642428000.0,1786277076.1636348,1,3.6119,0.4473,,2.695,0.1113,0.89,NOMINAL,NOMINAL,NORMAL,0,
1642428900.0,1786277076.289021,1,3.9058,0.4663,,2.491,0.1157,1.015,NOMINAL,NOMINAL,NORMAL,0,
1642429800.0,1786277076.4141529,1,3.5796,0.4421,,3.173,0.1094,1.02,NOMINAL,NOMINAL,NORMAL,0,
1642430700.0,1786277076.5369823,1,3.3491,0.4202,,1.967,0.094,0.822,NOMINAL,NOMINAL,NORMAL,0,
1642431600.0,1786277076.6625843,1,3.1016,0.4189,,2.438,0.0905,0.85,NOMINAL,NOMINAL,TRIGGERED,1,omni_p6
1642432500.0,1786277076.7913392,1,3.1954,0.4182,,3.007,0.1547,3.605,NOMINAL,PRE_ALERT,TRIGGERED,2,omni_p6
1642433400.0,1786277076.9175217,1,5.336,0.5582,,2.432,0.162,2.828,PRE_ALERT,NOMINAL,NORMAL,0,
1642434300.0,1786277077.0396843,1,4.1562,0.4418,,2.752,0.1113,0.862,NOMINAL,NOMINAL,NORMAL,0,
1642435200.0,1786277077.163119,1,3.8954,0.4617,,1.973,0.0995,0.843,NOMINAL,NOMINAL,NORMAL,0,
1642436100.0,1786277077.287685,1,3.504,0.4386,,2.399,0.1017,0.738,NOMINAL,NOMINAL,NORMAL,0,
1642437000.0,1786277077.413802,1,3.8203,0.4387,,2.544,0.123,0.917,NOMINAL,NOMINAL,NORMAL,0,
1642437900.0,1786277077.537489,1,3.6583,0.4183,,1.958,0.1082,0.811,NOMINAL,NOMINAL,NORMAL,0,
1642438800.0,1786277077.6617904,1,3.3012,0.3992,,2.012,0.0988,0.734,NOMINAL,NOMINAL,NORMAL,0,
1642439700.0,1786277077.7869964,1,3.0339,0.3652,,2.279,0.1024,1.171,NOMINAL,NOMINAL,NORMAL,0,
1642440600.0,1786277077.9119875,1,3.1774,0.3857,,2.163,0.0929,1.064,NOMINAL,NOMINAL,NORMAL,0,
1642441500.0,1786277078.0405402,1,4.09,0.4566,,3.354,0.1394,1.459,NOMINAL,NOMINAL,NORMAL,0,
1642442400.0,1786277078.1614904,1,3.2048,0.3691,,1.801,0.113,0.854,NOMINAL,NOMINAL,NORMAL,0,
1642443300.0,1786277078.2883291,1,3.6924,0.4176,,2.562,0.11,0.914,NOMINAL,NOMINAL,NORMAL,0,
1642444200.0,1786277078.4145446,1,3.8537,0.4349,,3.302,0.1207,0.925,NOMINAL,NOMINAL,NORMAL,0,
1642445100.0,1786277078.538343,1,3.9356,0.4529,,2.052,0.1158,0.803,NOMINAL,NOMINAL,NORMAL,0,
1642446000.0,1786277078.6595695,1,2.1089,0.2356,,1.499,0.0592,0.532,NOMINAL,NOMINAL,NORMAL,0,
1642446900.0,1786277078.7924685,1,4.69,0.5152,,3.705,0.1403,1.196,NOMINAL,NOMINAL,NORMAL,0,
1642447800.0,1786277078.912829,1,3.8064,0.4265,,2.185,0.1069,0.864,NOMINAL,NOMINAL,NORMAL,0,
1642448700.0,1786277079.0390162,1,4.0086,0.4616,,2.611,0.129,0.996,NOMINAL,NOMINAL,NORMAL,0,
1642449600.0,1786277079.163185,1,3.6916,0.4308,,2.358,0.105,0.854,NOMINAL,NOMINAL,NORMAL,0,
1642450500.0,1786277079.286524,1,3.1814,0.4049,,2.105,0.0902,0.718,NOMINAL,NOMINAL,NORMAL,0,
1642451400.0,1786277079.4141297,1,3.6852,0.4376,,2.71,0.1081,1.482,NOMINAL,NOMINAL,NORMAL,0,
1642452300.0,1786277079.5366933,1,3.2615,0.4208,,1.881,0.1427,0.807,NOMINAL,NOMINAL,TRIGGERED,1,omni_p6
1642453200.0,1786277079.663706,1,2.9859,0.3844,,1.974,0.1554,3.326,NOMINAL,PRE_ALERT,TRIGGERED,2,omni_p6
1642454100.0,1786277079.7950046,1,4.5578,0.4981,,3.495,0.2128,3.659,PRE_ALERT,NOMINAL,NORMAL,0,
1642455000.0,1786277079.914243,1,4.1791,0.451,,2.672,0.1021,0.85,NOMINAL,NOMINAL,NORMAL,0,
1642455900.0,1786277080.0389352,1,4.0953,0.4473,,2.513,0.1206,0.893,NOMINAL,NOMINAL,NORMAL,0,
1642456800.0,1786277080.1623905,1,3.3852,0.3941,,2.441,0.0957,0.79,NOMINAL,NOMINAL,NORMAL,0,
1642457700.0,1786277080.2876194,1,3.5216,0.4229,,2.103,0.1067,0.792,NOMINAL,NOMINAL,NORMAL,0,
1642458600.0,1786277080.4135437,1,3.8696,0.4278,,2.533,0.1224,0.909,NOMINAL,NOMINAL,TRIGGERED,1,omni_p6
1642459500.0,1786277080.5406597,1,3.6947,0.4119,,2.522,0.1852,3.543,NOMINAL,PRE_ALERT,TRIGGERED,2,omni_p6
1642460400.0,1786277080.665665,1,3.8988,0.4483,,2.209,0.1671,3.235,PRE_ALERT,NOMINAL,NORMAL,0,
1642461300.0,1786277080.7878006,1,3.7319,0.4422,,2.042,0.1186,0.85,NOMINAL,NOMINAL,NORMAL,0,
1642462200.0,1786277080.9114797,1,3.3241,0.4079,,1.748,0.1031,0.73,NOMINAL,NOMINAL,NORMAL,0,
1642463100.0,1786277081.0396001,1,4.0203,0.4546,,2.855,0.1312,1.049,NOMINAL,NOMINAL,NORMAL,0,
1642464000.0,1786277081.1652436,1,3.7458,0.3927,1.8379,2.652,0.1067,0.88,NOMINAL,NOMINAL,NORMAL,0,
1642464900.0,1786277081.2891033,1,3.8786,0.4346,,2.809,0.1168,0.906,NOMINAL,NOMINAL,TRIGGERED,1,omni_p6
1642465800.0,1786277081.4165525,1,3.8382,0.4455,,2.571,0.1935,3.874,NOMINAL,PRE_ALERT,TRIGGERED,2,omni_p6
1642466700.0,1786277081.542524,1,4.2735,0.5025,,2.817,0.1856,3.377,PRE_ALERT,NOMINAL,NORMAL,0,
1642467600.0,1786277081.6626637,1,3.8915,0.4325,,2.074,0.1195,0.818,NOMINAL,NOMINAL,NORMAL,0,
1642468500.0,1786277081.787324,1,3.4283,0.3998,,2.45,0.1027,0.836,NOMINAL,NOMINAL,NORMAL,0,
1642469400.0,1786277081.911037,1,3.0298,0.3953,,1.695,0.1008,0.709,NOMINAL,NOMINAL,NORMAL,0,
1642470300.0,1786277082.0402489,1,4.01,0.4445,,3.068,0.1302,1.54,NOMINAL,NOMINAL,TRIGGERED,1,omni_p6
1642471200.0,1786277082.165765,1,3.6063,0.415,,2.885,0.1881,3.454,NOMINAL,PRE_ALERT,TRIGGERED,2,omni_p6
1642472100.0,1786277082.2919827,1,4.0206,0.4545,,3.003,0.1915,3.366,PRE_ALERT,NOMINAL,NORMAL,0,
1642473000.0,1786277082.4135008,1,3.7615,0.4447,,2.615,0.1082,0.918,NOMINAL,NOMINAL,NORMAL,0,
1642473900.0,1786277082.5388885,1,3.8326,0.4374,,3.079,0.1231,0.949,NOMINAL,NOMINAL,NORMAL,0,
1642474800.0,1786277082.6633596,1,3.8353,0.4179,,2.606,0.1229,0.9,NOMINAL,NOMINAL,NORMAL,0,
1642475700.0,1786277082.787903,1,3.6598,0.4296,,2.374,0.1122,0.885,NOMINAL,NOMINAL,NORMAL,0,
1642476600.0,1786277082.912236,1,3.5586,0.4135,,1.953,0.1107,0.885,NOMINAL,NOMINAL,TRIGGERED,1,omni_p6
1642477500.0,1786277083.0347831,1,1.6919,0.2432,,1.176,0.0723,2.013,NOMINAL,PRE_ALERT,TRIGGERED,2,omni_p6
1642478400.0,1786277083.1665852,1,4.2035,0.4678,,2.418,0.1858,3.42,PRE_ALERT,NOMINAL,NORMAL,0,
1642479300.0,1786277083.2885432,1,4.0413,0.437,,2.232,0.1205,0.922,NOMINAL,NOMINAL,NORMAL,0,
1642480200.0,1786277083.4118903,1,3.4537,0.4295,,1.837,0.0914,0.773,NOMINAL,NOMINAL,NORMAL,0,
1642481100.0,1786277083.5384617,1,3.7572,0.432,,2.735,0.1104,0.957,NOMINAL,NOMINAL,NORMAL,0,
1642482000.0,1786277083.6593194,1,2.0481,0.2266,,1.434,0.0707,0.501,NOMINAL,NOMINAL,NORMAL,0,
1642482900.0,1786277083.7926092,1,4.568,0.495,,3.384,0.1364,1.142,NOMINAL,NOMINAL,NORMAL,0,
1642483800.0,1786277083.9133253,1,3.7653,0.4251,,2.516,0.1089,0.835,NOMINAL,NOMINAL,NORMAL,0,
1642484700.0,1786277084.0375829,1,3.394,0.3476,,2.353,0.1033,0.801,NOMINAL,NOMINAL,NORMAL,0,
1642485600.0,1786277084.162865,1,3.8197,0.4349,,2.119,0.1085,0.872,NOMINAL,NOMINAL,NORMAL,0,
1642486500.0,1786277084.2871857,1,3.5764,0.4733,,1.885,0.1031,0.837,NOMINAL,NOMINAL,NORMAL,0,
1642487400.0,1786277084.412463,1,3.6253,0.4064,,2.028,0.109,0.928,NOMINAL,NOMINAL,NORMAL,0,
1642488300.0,1786277084.5397036,1,4.0182,0.4555,,2.683,0.1245,1.019,NOMINAL,NOMINAL,NORMAL,0,
1642489200.0,1786277084.6623437,1,3.7338,0.4414,,1.93,0.1167,0.844,NOMINAL,NOMINAL,NORMAL,0,
1642490100.0,1786277084.7930114,1,4.6129,0.4817,,3.782,0.1977,1.228,NOMINAL,NOMINAL,NORMAL,0,
1642491000.0,1786277084.913026,1,3.985,0.4482,,2.171,0.1176,0.738,NOMINAL,NOMINAL,NORMAL,0,
1642491900.0,1786277085.032832,1,1.8502,0.2433,,1.0,0.0453,0.44,NOMINAL,NOMINAL,NORMAL,0,
1642492800.0,1786277085.163006,1,3.9421,0.4263,,2.083,0.1149,0.862,NOMINAL,NOMINAL,TRIGGERED,1,omni_p6
1642493700.0,1786277085.288284,1,3.9113,0.4264,,2.068,0.113,0.866,NOMINAL,NOMINAL,NORMAL,0,
1642494600.0,1786277085.411887,1,3.4218,0.3993,,1.98,0.1055,0.779,NOMINAL,NOMINAL,NORMAL,0,
1642495500.0,1786277085.537928,1,3.7228,0.4128,,2.196,0.1109,0.921,NOMINAL,NOMINAL,NORMAL,0,
1642496400.0,1786277085.661971,1,3.3666,0.4066,,1.887,0.1044,0.916,NOMINAL,NOMINAL,TRIGGERED,1,omni_p6
1642497300.0,1786277085.786532,1,3.2009,0.391,,1.8,0.0928,0.751,NOMINAL,NOMINAL,NORMAL,0,
1642498200.0,1786277085.9107924,1,2.8824,0.4447,,1.695,0.0867,0.74,NOMINAL,NOMINAL,NORMAL,0,
1642499100.0,1786277086.037728,1,4.4408,0.3319,,1.789,0.0922,0.841,NOMINAL,NOMINAL,TRIGGERED,1,omni_p6
1642500000.0,1786277086.1636512,1,3.827,0.4403,,2.701,0.1089,0.976,NOMINAL,NOMINAL,NORMAL,0,
1642500900.0,1786277086.2889178,1,3.8297,0.4501,,2.511,0.113,0.993,NOMINAL,NOMINAL,NORMAL,0,
1642501800.0,1786277086.413407,1,3.526,0.426,,2.443,0.1138,1.634,NOMINAL,NOMINAL,NORMAL,0,
1642502700.0,1786277086.5383646,1,3.8116,0.4457,,2.506,0.1124,0.826,NOMINAL,NOMINAL,NORMAL,0,
1642503600.0,1786277086.6624513,1,3.4229,0.4201,,2.075,0.1037,0.807,NOMINAL,NOMINAL,NORMAL,0,
1642504500.0,1786277086.786913,1,3.3425,0.414,,2.02,0.1025,0.733,NOMINAL,NOMINAL,TRIGGERED,1,omni_p6
1642505400.0,1786277086.91362,1,3.0644,0.4081,,1.714,0.1464,3.281,NOMINAL,PRE_ALERT,TRIGGERED,2,omni_p6
1642506300.0,1786277087.040975,1,4.0213,0.4327,,2.167,0.1764,3.373,PRE_ALERT,NOMINAL,NORMAL,0,
1642507200.0,1786277087.1644557,1,4.2486,0.4799,,2.444,0.1206,1.03,NOMINAL,NOMINAL,NORMAL,0,
1642508100.0,1786277087.2891474,1,4.0252,0.4653,,2.54,0.1188,0.916,NOMINAL,NOMINAL,NORMAL,0,
1642509000.0,1786277087.4128664,1,3.5361,0.4278,,2.517,0.1132,0.964,NOMINAL,NOMINAL,NORMAL,0,
1642509900.0,1786277087.5379384,1,3.5401,0.4331,,2.23,0.1177,0.867,NOMINAL,NOMINAL,NORMAL,0,
1642510800.0,1786277087.66324,1,3.9288,0.4887,,2.327,0.1195,0.922,NOMINAL,NOMINAL,TRIGGERED,1,omni_p6
1642511700.0,1786277087.7901874,1,3.5643,0.4381,,2.028,0.1796,3.505,NOMINAL,PRE_ALERT,TRIGGERED,2,omni_p6
1642512600.0,1786277087.915694,1,3.9127,0.444,,2.289,0.1822,3.194,PRE_ALERT,NOMINAL,NORMAL,0,
1642513500.0,1786277088.0393336,1,4.1733,0.4565,,2.67,0.1324,0.956,NOMINAL,NOMINAL,NORMAL,0,
1642514400.0,1786277088.1637075,1,4.0453,0.5098,,2.305,0.1229,0.928,NOMINAL,NOMINAL,NORMAL,0,
1642515300.0,1786277088.288968,1,3.8952,0.4542,,2.673,0.1224,1.033,NOMINAL,NOMINAL,NORMAL,0,
1642516200.0,1786277088.4117877,1,3.2138,0.4027,,2.152,0.0859,0.774,NOMINAL,NOMINAL,NORMAL,0,
1642517100.0,1786277088.5363672,1,3.1512,0.4121,,1.966,0.0965,0.733,NOMINAL,NOMINAL,TRIGGERED,1,omni_p6
1642518000.0,1786277088.6612132,1,2.1434,0.2426,,1.625,0.0909,1.862,NOMINAL,PRE_ALERT,TRIGGERED,2,omni_p6
1642518900.0,1786277088.7950583,1,4.555,0.4833,,3.675,0.2182,3.806,PRE_ALERT,NOMINAL,NORMAL,0,
1642519800.0,1786277088.9139261,1,4.2211,0.4577,,2.271,0.1102,0.859,NOMINAL,NOMINAL,NORMAL,0,
1642520700.0,1786277089.0387268,1,4.0943,0.4453,,2.335,0.1143,0.945,NOMINAL,NOMINAL,NORMAL,0,
1642521600.0,1786277089.1650841,1,4.3473,0.4758,,2.764,0.1275,1.147,NOMINAL,NOMINAL,NORMAL,0,
1642522500.0,1786277089.289132,1,4.2142,0.475,,2.251,0.1244,1.172,NOMINAL,NOMINAL,NORMAL,0,
1642523400.0,1786277089.4113512,1,3.1915,0.4007,,1.807,0.0862,0.73,NOMINAL,NOMINAL,NORMAL,0,
1642524300.0,1786277089.5362175,1,3.0703,0.3933,,1.731,0.0875,0.744,NOMINAL,NOMINAL,NORMAL,0,
1642525200.0,1786277089.6633375,1,3.7778,0.4281,,2.494,0.1157,0.905,NOMINAL,NOMINAL,NORMAL,0,
1642526100.0,1786277089.792357,1,4.6145,0.4949,,3.378,0.136,1.183,NOMINAL,NOMINAL,NORMAL,0,
1642527000.0,1786277089.9146197,1,4.2527,0.4563,,2.862,0.1224,0.941,NOMINAL,NOMINAL,NORMAL,0,
1642527900.0,1786277090.0381348,1,3.6793,0.4388,,2.499,0.1062,0.844,NOMINAL,NOMINAL,NORMAL,0,
1642528800.0,1786277090.1650186,1,4.2365,0.4868,,2.85,0.1261,1.105,NOMINAL,NOMINAL,NORMAL,0,
1642529700.0,1786277090.2866726,1,3.454,0.4474,,1.727,0.103,0.759,NOMINAL,NOMINAL,NORMAL,0,
1642530600.0,1786277090.4123287,1,3.505,0.4251,,2.019,0.1154,0.894,NOMINAL,NOMINAL,NORMAL,0,
1642531500.0,1786277090.5383463,1,3.7751,0.44,,2.137,0.1094,0.893,NOMINAL,NOMINAL,NORMAL,0,
1642532400.0,1786277090.6641417,1,4.2149,0.515,,2.528,0.1236,0.942,NOMINAL,NOMINAL,NORMAL,0,
1642533300.0,1786277090.7883818,1,3.6946,0.4513,,2.549,0.1135,0.924,NOMINAL,NOMINAL,NORMAL,0,
1642534200.0,1786277090.9124355,1,3.277,0.4057,,2.246,0.0989,0.742,NOMINAL,NOMINAL,NORMAL,0,
1642535100.0,1786277091.0369365,1,3.3247,0.4115,,2.058,0.1126,0.872,NOMINAL,NOMINAL,NORMAL,0,
1642536000.0,1786277091.1651266,1,4.089,0.4616,,3.108,0.1272,1.064,NOMINAL,NOMINAL,NORMAL,0,
1642536900.0,1786277091.2875261,1,3.6172,0.5078,,2.11,0.1133,0.837,NOMINAL,NOMINAL,NORMAL,0,
1642537800.0,1786277091.4125037,1,3.553,0.4489,,2.089,0.1204,0.943,NOMINAL,NOMINAL,TRIGGERED,1,omni_p6
1642538700.0,1786277091.5369952,1,3.1977,0.4007,,1.995,0.1031,0.792,NOMINAL,NOMINAL,NORMAL,0,
1642539600.0,1786277091.663091,1,3.6304,0.4161,,2.402,0.1075,0.922,NOMINAL,NOMINAL,NORMAL,0,
1642540500.0,1786277091.7870433,1,3.413,0.4233,,1.957,0.0989,0.913,NOMINAL,NOMINAL,NORMAL,0,
1642541400.0,1786277091.9113133,1,3.0718,0.3883,,1.812,0.0933,0.835,NOMINAL,NOMINAL,NORMAL,0,
1642542300.0,1786277092.037278,1,3.4575,0.4161,,2.138,0.0958,0.834,NOMINAL,NOMINAL,NORMAL,0,
1642543200.0,1786277092.1644244,1,4.0652,0.4563,,2.478,0.1142,0.971,NOMINAL,NOMINAL,NORMAL,0,
1642544100.0,1786277092.2871673,1,3.5312,0.4923,,2.002,0.0953,0.776,NOMINAL,NOMINAL,TRIGGERED,1,omni_p6
1642545000.0,1786277092.413447,1,3.5838,0.4221,,2.649,0.1046,0.844,NOMINAL,NOMINAL,NORMAL,0,
1642545900.0,1786277092.5372722,1,3.3356,0.395,,2.436,0.0966,0.787,NOMINAL,NOMINAL,NORMAL,0,
1642546800.0,1786277092.6629586,1,3.3141,0.4228,,2.543,0.1088,1.454,NOMINAL,NOMINAL,NORMAL,0,
1642547700.0,1786277092.7880752,1,3.8299,0.4647,,2.076,0.1149,1.086,NOMINAL,NOMINAL,NORMAL,0,
1642548600.0,1786277092.9116068,1,3.1651,0.4167,,1.945,0.0909,0.743,NOMINAL,NOMINAL,NORMAL,0,
1642549500.0,1786277093.0362058,1,3.2296,0.4134,,1.64,0.0871,0.742,NOMINAL,NOMINAL,TRIGGERED,1,omni_p6
1642550400.0,1786277093.160887,1,1.6839,0.2374,1.0097,1.011,0.0707,2.154,NOMINAL,PRE_ALERT,TRIGGERED,2,omni_p6
1642551300.0,1786277093.2911606,1,4.1846,0.4665,,2.124,0.2205,3.306,PRE_ALERT,NOMINAL,NORMAL,0,
1642552200.0,1786277093.4136062,1,4.0442,0.4557,,2.346,0.1091,0.843,NOMINAL,NOMINAL,NORMAL,0,
1642553100.0,1786277093.5374403,1,3.6336,0.454,,2.015,0.1004,0.817,NOMINAL,NOMINAL,NORMAL,0,
1642554000.0,1786277093.6595376,1,2.4712,0.2413,,1.23,0.052,0.465,NOMINAL,NOMINAL,NORMAL,0,
1642554900.0,1786277093.7928283,1,4.725,0.5141,,3.444,0.1428,1.712,NOMINAL,NOMINAL,NORMAL,0,
1642555800.0,1786277093.9131112,1,3.8885,0.4545,,2.225,0.0999,0.818,NOMINAL,NOMINAL,TRIGGERED,1,omni_p6
1642556700.0,1786277094.0402887,1,3.4279,0.4363,,2.439,0.1776,3.668,NOMINAL,PRE_ALERT,TRIGGERED,2,omni_p6
1642557600.0,1786277094.1627035,1,3.6731,0.398,,0.897,0.0498,1.196,PRE_ALERT,NOMINAL,NORMAL,0,
1642558500.0,1786277094.2881832,1,3.882,0.4543,,2.25,0.0999,0.941,NOMINAL,NOMINAL,NORMAL,0,
1642559400.0,1786277094.4129848,1,3.611,0.4291,,2.453,0.1132,0.947,NOMINAL,NOMINAL,NORMAL,0,
1642560300.0,1786277094.5369444,1,3.2714,0.4028,,2.248,0.0936,0.782,NOMINAL,NOMINAL,NORMAL,0,
1642561200.0,1786277094.6616597,1,3.2113,0.3915,,2.093,0.0778,0.74,NOMINAL,NOMINAL,NORMAL,0,
1642562100.0,1786277094.793862,1,4.6432,0.5026,,3.902,0.1387,1.976,NOMINAL,NOMINAL,TRIGGERED,1,omni_p6
1642563000.0,1786277094.9185479,1,4.0531,0.4661,,2.905,0.19,4.629,NOMINAL,PRE_ALERT,TRIGGERED,2,omni_p6
1642563900.0,1786277095.0410054,1,4.0717,0.4359,,2.11,0.185,3.458,PRE_ALERT,NOMINAL,NORMAL,0,
1642564800.0,1786277095.1581392,1,1.6396,0.2461,,1.067,0.0457,0.566,NOMINAL,NOMINAL,NORMAL,0,
1642565700.0,1786277095.2885149,1,3.8224,0.4668,,2.462,0.1195,1.014,NOMINAL,NOMINAL,NORMAL,0,
1642566600.0,1786277095.4135,1,3.8316,0.45,,2.569,0.1084,0.9,NOMINAL,NOMINAL,NORMAL,0,
1642567500.0,1786277095.536942,1,3.3473,0.4086,,1.991,0.1037,0.888,NOMINAL,NOMINAL,NORMAL,0,
1642568400.0,1786277095.6615329,1,3.1798,0.3665,,2.024,0.0861,0.793,NOMINAL,NOMINAL,NORMAL,0,
1642569300.0,1786277095.7885864,1,3.6935,0.4431,,2.456,0.1117,1.028,NOMINAL,NOMINAL,NORMAL,0,
1642570200.0,1786277095.9120033,1,3.3428,0.407,,2.007,0.0791,0.75,NOMINAL,NOMINAL,NORMAL,0,
1642571100.0,1786277096.0363903,1,3.214,0.3926,,1.77,0.0727,0.748,NOMINAL,NOMINAL,NORMAL,0,
1642572000.0,1786277096.1599417,1,2.6796,0.3136,,1.455,0.0727,0.544,NOMINAL,NOMINAL,NORMAL,0,
1642572900.0,1786277096.2884138,1,3.8023,0.4401,,2.232,0.0986,0.91,NOMINAL,NOMINAL,NORMAL,0,
1642573800.0,1786277096.4131157,1,3.8054,0.4434,,2.154,0.0921,0.858,NOMINAL,NOMINAL,NORMAL,0,
1642574700.0,1786277096.5378878,1,3.6484,0.4242,,2.09,0.0933,0.813,NOMINAL,NOMINAL,NORMAL,0,
1642575600.0,1786277096.6620727,1,3.4451,0.4249,,1.917,0.0841,0.716,NOMINAL,NOMINAL,NORMAL,0,
1642576500.0,1786277096.787957,1,3.4797,0.4221,,2.259,0.0943,0.829,NOMINAL,NOMINAL,NORMAL,0,
1642577400.0,1786277096.9115672,1,3.4008,0.3845,,1.763,0.0589,0.568,NOMINAL,NOMINAL,NORMAL,0,
1642578300.0,1786277097.0365603,1,3.442,0.4076,,1.255,0.1543,0.66,NOMINAL,NOMINAL,TRIGGERED,1,omni_p6
1642579200.0,1786277097.1618345,1,4.592,0.3414,,0.97,0.0444,0.425,NOMINAL,NOMINAL,NORMAL,0,
1642580100.0,1786277097.2889102,1,4.0234,0.4466,,2.318,0.094,0.896,NOMINAL,NOMINAL,NORMAL,0,
1642581000.0,1786277097.4120457,1,3.7723,0.4382,,1.555,0.0713,0.606,NOMINAL,NOMINAL,NORMAL,0,
1642581900.0,1786277097.5365083,1,3.5381,0.4139,,1.522,0.068,0.66,NOMINAL,NOMINAL,NORMAL,0,
1642582800.0,1786277097.6609914,1,3.252,0.3933,,1.548,0.0652,0.614,NOMINAL,NOMINAL,NORMAL,0,
1642583700.0,1786277097.7882748,1,3.8305,0.4575,,2.152,0.0937,0.881,NOMINAL,NOMINAL,NORMAL,0,
1642584600.0,1786277097.911365,1,3.4234,0.4159,,1.549,0.0797,0.65,NOMINAL,NOMINAL,TRIGGERED,1,omni_p6
1642585500.0,1786277098.036487,1,3.3927,0.4123,,1.654,0.071,0.667,NOMINAL,NOMINAL,NORMAL,0,
1642586400.0,1786277098.1611657,1,3.1181,0.3965,,1.837,0.0765,0.68,NOMINAL,NOMINAL,NORMAL,0,
1642587300.0,1786277098.290113,1,4.0502,0.4536,,3.158,0.12,1.036,NOMINAL,NOMINAL,NORMAL,0,
1642588200.0,1786277098.413377,1,3.6815,0.4251,,2.166,0.0926,0.909,NOMINAL,NOMINAL,NORMAL,0,
1642589100.0,1786277098.5375943,1,3.2771,0.3915,,2.167,0.0899,0.937,NOMINAL,NOMINAL,NORMAL,0,
1642590000.0,1786277098.6595001,1,1.9505,0.2236,,1.23,0.0593,0.641,NOMINAL,NOMINAL,TRIGGERED,1,omni_p6
1642590900.0,1786277098.79541,1,4.5404,0.5211,,2.856,0.2049,5.026,NOMINAL,PRE_ALERT,TRIGGERED,2,omni_p6
1642591800.0,1786277098.9187222,1,4.4342,0.4627,,2.962,0.2008,4.07,PRE_ALERT,NOMINAL,NORMAL,0,
1642592700.0,1786277099.038489,1,3.9339,0.4613,,1.891,0.1009,1.17,NOMINAL,NOMINAL,NORMAL,0,
1642593600.0,1786277099.1628501,1,3.6056,0.4298,,2.128,0.0965,1.186,NOMINAL,NOMINAL,NORMAL,0,
1642594500.0,1786277099.2899923,1,4.1119,0.4513,,2.727,0.1205,1.42,NOMINAL,NOMINAL,NORMAL,0,
1642595400.0,1786277099.41412,1,3.9776,0.4478,,2.882,0.1166,0.915,NOMINAL,NOMINAL,NORMAL,0,
1642596300.0,1786277099.5381098,1,3.5757,0.4367,,2.354,0.1028,0.784,NOMINAL,NOMINAL,TRIGGERED,1,omni_p6
1642597200.0,1786277099.6656463,1,3.5371,0.4407,,1.91,0.1717,4.139,NOMINAL,PRE_ALERT,TRIGGERED,2,omni_p6
1642598100.0,1786277099.794998,1,4.6001,0.4763,,3.491,0.2152,3.666,PRE_ALERT,NOMINAL,NORMAL,0,
1642599000.0,1786277099.9145741,1,4.3488,0.4826,,2.325,0.1129,0.924,NOMINAL,NOMINAL,NORMAL,0,
1642599900.0,1786277100.040685,1,4.4436,0.5106,,3.08,0.1177,0.969,NOMINAL,NOMINAL,NORMAL,0,
1642600800.0,1786277100.1636808,1,3.8001,0.4423,,2.877,0.1114,0.962,NOMINAL,NOMINAL,NORMAL,0,
1642601700.0,1786277100.2891588,1,3.9743,0.4374,,2.457,0.1129,0.98,NOMINAL,NOMINAL,NORMAL,0,
1642602600.0,1786277100.4128113,1,3.482,0.4416,,2.117,0.1016,1.333,NOMINAL,NOMINAL,TRIGGERED,1,omni_p6
1642603500.0,1786277100.5365567,1,3.4176,0.4006,,1.759,0.0904,0.805,NOMINAL,NOMINAL,NORMAL,0,
1642604400.0,1786277100.6617966,1,3.2405,0.3888,,1.68,0.082,0.681,NOMINAL,NOMINAL,NORMAL,0,
1642605300.0,1786277100.787176,1,2.9937,0.4166,,2.1,0.0857,0.81,NOMINAL,NOMINAL,NORMAL,0,
1642606200.0,1786277100.9125173,1,3.4047,0.3893,,2.198,0.0882,0.908,NOMINAL,NOMINAL,NORMAL,0,
1642607100.0,1786277101.0372074,1,3.4074,0.3967,,1.809,0.0871,0.749,NOMINAL,NOMINAL,NORMAL,0,
1642608000.0,1786277101.1611495,1,3.0771,0.3706,,1.79,0.0752,0.712,NOMINAL,NOMINAL,NORMAL,0,
1642608900.0,1786277101.2901738,1,4.1716,0.4587,,3.044,0.1291,1.055,NOMINAL,NOMINAL,TRIGGERED,1,omni_p6
1642609800.0,1786277101.412248,1,3.4235,0.4134,,2.137,0.102,0.9,NOMINAL,NOMINAL,NORMAL,0,
1642610700.0,1786277101.5378368,1,3.5137,0.4182,,2.165,0.0952,0.856,NOMINAL,NOMINAL,NORMAL,0,
1642611600.0,1786277101.6614208,1,3.1272,0.3839,,1.918,0.0807,0.742,NOMINAL,NOMINAL,NORMAL,0,
1642612500.0,1786277101.7861176,1,2.9712,0.4142,,1.768,0.0846,0.741,NOMINAL,NOMINAL,NORMAL,0,
1642613400.0,1786277101.9120865,1,3.3977,0.4112,,1.936,0.0895,0.798,NOMINAL,NOMINAL,NORMAL,0,
1642614300.0,1786277102.0371623,1,3.2709,0.4037,,1.977,0.0911,0.769,NOMINAL,NOMINAL,NORMAL,0,
1642615200.0,1786277102.161471,1,3.1062,0.385,,1.911,0.0822,0.789,NOMINAL,NOMINAL,NORMAL,0,
1642616100.0,1786277102.2891989,1,3.9305,0.4363,,2.56,0.0989,0.951,NOMINAL,NOMINAL,NORMAL,0,
1642617000.0,1786277102.4121485,1,3.6877,0.4166,,1.708,0.0827,0.698,NOMINAL,NOMINAL,NORMAL,0,
1642617900.0,1786277102.5379364,1,3.9434,0.435,,2.109,0.0958,0.842,NOMINAL,NOMINAL,NORMAL,0,
1642618800.0,1786277102.6619914,1,3.7075,0.448,,1.637,0.0821,0.696,NOMINAL,NOMINAL,NORMAL,0,
1642619700.0,1786277102.7869334,1,3.3528,0.4499,,1.765,0.0713,0.681,NOMINAL,NOMINAL,NORMAL,0,
1642620600.0,1786277102.9123394,1,3.7321,0.4167,,1.822,0.0768,0.733,NOMINAL,NOMINAL,NORMAL,0,
1642621500.0,1786277103.0372863,1,3.7091,0.4235,,1.851,0.0867,0.751,NOMINAL,NOMINAL,NORMAL,0,
1642622400.0,1786277103.161913,1,3.5618,0.4135,,1.812,0.0915,0.743,NOMINAL,NOMINAL,NORMAL,0,
1642623300.0,1786277103.283,1,1.7045,0.2438,,1.066,0.0479,0.415,NOMINAL,NOMINAL,TRIGGERED,1,omni_p6
1642624200.0,1786277103.4125783,1,3.6305,0.4225,,2.21,0.098,0.879,NOMINAL,NOMINAL,NORMAL,0,
1642625100.0,1786277103.5373938,1,3.5358,0.4249,,2.248,0.102,0.813,NOMINAL,NOMINAL,NORMAL,0,
1642626000.0,1786277103.6592777,1,1.981,0.2262,,1.379,0.0534,0.554,NOMINAL,NOMINAL,NORMAL,0,
1642626900.0,1786277103.7924292,1,4.5361,0.4813,,3.771,0.1426,1.216,NOMINAL,NOMINAL,NORMAL,0,
1642627800.0,1786277103.913735,1,4.003,0.4273,,2.609,0.1027,0.81,NOMINAL,NOMINAL,NORMAL,0,
1642628700.0,1786277104.0383346,1,4.1135,0.446,,2.111,0.0942,0.793,NOMINAL,NOMINAL,TRIGGERED,1,omni_p6
1642629600.0,1786277104.1656792,1,3.7788,0.4462,,2.442,0.1754,3.481,NOMINAL,PRE_ALERT,TRIGGERED,2,omni_p6
1642630500.0,1786277104.2901685,1,3.5905,0.3917,,2.882,0.1935,1.999,PRE_ALERT,NOMINAL,NORMAL,0,
1642631400.0,1786277104.4137993,1,3.8803,0.4448,,3.082,0.1135,0.902,NOMINAL,NOMINAL,NORMAL,0,
1642632300.0,1786277104.5380776,1,3.7331,0.4119,,2.59,0.1185,0.901,NOMINAL,NOMINAL,NORMAL,0,
1642633200.0,1786277104.6624773,1,3.4002,0.4189,,2.476,0.1114,0.96,NOMINAL,NOMINAL,NORMAL,0,
1642634100.0,1786277104.7920253,1,4.6609,0.5077,,3.54,0.147,1.193,NOMINAL,NOMINAL,NORMAL,0,
1642635000.0,1786277104.9123962,1,2.9938,0.4069,,2.548,0.103,1.346,NOMINAL,NOMINAL,TRIGGERED,1,omni_p6
1642635900.0,1786277105.0403857,1,3.3973,0.4123,,2.506,0.1993,3.704,NOMINAL,PRE_ALERT,TRIGGERED,2,omni_p6
1642636800.0,1786277105.168499,1,3.9803,0.4156,1.8569,2.693,0.2079,3.926,PRE_ALERT,NOMINAL,NORMAL,0,
1642637700.0,1786277105.2830415,1,1.7714,0.2437,,1.06,0.048,0.416,NOMINAL,NOMINAL,NORMAL,0,
1642638600.0,1786277105.4141564,1,4.0805,0.4725,,2.785,0.1372,0.999,NOMINAL,NOMINAL,NORMAL,0,
1642639500.0,1786277105.537628,1,3.5105,0.4179,,2.531,0.1164,0.944,NOMINAL,NOMINAL,NORMAL,0,
1642640400.0,1786277105.66239,1,3.4937,0.4498,,2.224,0.118,0.954,NOMINAL,NOMINAL,NORMAL,0,
1642641300.0,1786277105.7854645,1,2.7841,0.3815,,1.689,0.0916,0.781,NOMINAL,NOMINAL,TRIGGERED,1,omni_p6
1642642200.0,1786277105.9112444,1,2.0313,0.2386,,1.812,0.091,1.983,NOMINAL,PRE_ALERT,TRIGGERED,2,omni_p6
1642643100.0,1786277106.033171,1,1.2316,0.1582,,0.939,0.0572,1.361,PRE_ALERT,NOMINAL,NORMAL,0,
1642644000.0,1786277106.1571293,1,1.2397,0.1594,,0.937,0.0359,0.33,NOMINAL,NOMINAL,NORMAL,0,
1642644900.0,1786277106.289265,1,4.3265,0.4644,,1.817,0.0354,0.311,NOMINAL,NOMINAL,NORMAL,0,
1642645800.0,1786277106.4130921,1,3.6403,0.3709,,2.586,0.1331,1.191,NOMINAL,NOMINAL,NORMAL,0,
1642646700.0,1786277106.5382826,1,3.6598,0.4235,,2.836,0.1265,0.941,NOMINAL,NOMINAL,TRIGGERED,1,omni_p6
1642647600.0,1786277106.6654902,1,3.4444,0.4322,,2.533,0.1851,3.683,NOMINAL,PRE_ALERT,TRIGGERED,2,omni_p6
1642648500.0,1786277106.7908099,1,3.7176,0.4369,,2.256,0.1687,3.377,PRE_ALERT,NOMINAL,NORMAL,0,
1642649400.0,1786277106.911696,1,3.3796,0.4006,,1.979,0.0928,0.753,NOMINAL,NOMINAL,NORMAL,0,
1642650300.0,1786277107.0383723,1,3.7744,0.422,,2.672,0.1234,1.049,NOMINAL,NOMINAL,NORMAL,0,
1642651200.0,1786277107.161774,1,3.3069,0.4011,,2.122,0.1006,0.858,NOMINAL,NOMINAL,NORMAL,0,
1642652100.0,1786277107.2862625,1,3.1022,0.3737,,1.965,0.0961,0.74,NOMINAL,NOMINAL,NORMAL,0,
1642653000.0,1786277107.413823,1,3.7512,0.4256,,3.157,0.1157,0.944,NOMINAL,NOMINAL,NORMAL,0,
1642653900.0,1786277107.5374422,1,3.5816,0.4073,,2.311,0.1113,0.906,NOMINAL,NOMINAL,NORMAL,0,
1642654800.0,1786277107.6622531,1,3.2424,0.3819,,2.696,0.0966,0.851,NOMINAL,NOMINAL,NORMAL,0,
1642655700.0,1786277107.7863321,1,2.9879,0.5436,,2.045,0.1076,0.809,NOMINAL,NOMINAL,NORMAL,0,
1642656600.0,1786277107.9118178,1,2.9803,0.3901,,2.809,0.0933,0.762,NOMINAL,NOMINAL,NORMAL,0,
1642657500.0,1786277108.0378027,1,3.4076,0.404,,2.605,0.1196,0.927,NOMINAL,NOMINAL,NORMAL,0,
1642658400.0,1786277108.1619484,1,3.2481,0.4052,,2.386,0.114,0.856,NOMINAL,NOMINAL,NORMAL,0,
1642659300.0,1786277108.2855682,1,2.7283,0.3542,,1.936,0.0968,0.839,NOMINAL,NOMINAL,NORMAL,0,
1642660200.0,1786277108.41343,1,3.5667,0.4286,,2.951,0.1366,1.021,NOMINAL,NOMINAL,NORMAL,0,
1642661100.0,1786277108.5411046,1,3.6514,0.4223,,2.758,0.1369,1.082,NOMINAL,NOMINAL,NORMAL,0,
1642662000.0,1786277108.6609583,1,2.1968,0.2832,,1.696,0.0655,0.585,NOMINAL,NOMINAL,NORMAL,0,
1642662900.0,1786277108.7923923,1,4.5116,0.4962,,2.99,0.1289,1.177,NOMINAL,NOMINAL,NORMAL,0,
1642663800.0,1786277108.9125097,1,3.1739,0.3593,,1.732,0.0933,0.838,NOMINAL,NOMINAL,TRIGGERED,1,omni_p6
1642664700.0,1786277109.039564,1,2.8228,0.3376,,1.733,0.1548,3.383,NOMINAL,PRE_ALERT,TRIGGERED,2,omni_p6
1642665600.0,1786277109.1690006,1,4.3893,0.4759,,2.589,0.1862,3.48,PRE_ALERT,NOMINAL,NORMAL,0,
1642666500.0,1786277109.2893095,1,3.804,0.4459,,2.146,0.113,0.878,NOMINAL,NOMINAL,NORMAL,0,
1642667400.0,1786277109.4152327,1,3.9622,0.4662,,2.717,0.1083,0.932,NOMINAL,NOMINAL,TRIGGERED,1,omni_p6
1642668300.0,1786277109.5399294,1,3.8841,0.4821,,2.761,0.1102,0.881,NOMINAL,NOMINAL,NORMAL,0,
1642669200.0,1786277109.6629639,1,3.1341,0.4004,,2.139,0.0804,0.742,NOMINAL,NOMINAL,TRIGGERED,1,omni_p6
1642670100.0,1786277109.7966723,1,4.6492,0.5107,,3.257,0.206,4.488,NOMINAL,PRE_ALERT,TRIGGERED,2,omni_p6
1642671000.0,1786277109.9144747,1,4.075,0.4508,,1.976,0.0972,0.843,PRE_ALERT,PRE_ALERT,TRIGGERED,3,omni_p6
1642671900.0,1786277110.040732,1,3.2918,0.3665,,2.002,0.1485,3.361,PRE_ALERT,NOMINAL,NORMAL,0,
1642672800.0,1786277110.1665232,1,4.62,0.4615,,2.819,0.1109,0.935,NOMINAL,NOMINAL,NORMAL,0,
1642673700.0,1786277110.2912464,1,4.3934,0.4747,,2.716,0.1161,0.989,NOMINAL,NOMINAL,TRIGGERED,1,omni_p6
1642674600.0,1786277110.4152868,1,4.2932,0.456,,2.635,0.1049,0.848,NOMINAL,NOMINAL,NORMAL,0,
1642675500.0,1786277110.5374992,1,3.1862,0.3931,,1.76,0.078,0.744,NOMINAL,NOMINAL,TRIGGERED,1,omni_p6
1642676400.0,1786277110.6653965,1,3.125,0.4038,,1.987,0.1577,3.353,NOMINAL,PRE_ALERT,TRIGGERED,2,omni_p6
1642677300.0,1786277110.7894876,1,3.9773,0.4602,,2.221,0.0951,0.797,PRE_ALERT,PRE_ALERT,TRIGGERED,3,omni_p6
1642678200.0,1786277110.9156547,1,3.2114,0.374,,2.302,0.1534,3.2,PRE_ALERT,NOMINAL,NORMAL,0,
1642679100.0,1786277111.0386217,1,3.4999,0.4099,,2.217,0.0869,0.734,NOMINAL,NOMINAL,NORMAL,0,
1642680000.0,1786277111.1636803,1,3.4475,0.4612,,2.311,0.098,0.756,NOMINAL,NOMINAL,TRIGGERED,1,omni_p6
1642680900.0,1786277111.2925982,1,3.4912,0.4277,,3.507,0.1675,3.439,NOMINAL,PRE_ALERT,TRIGGERED,2,omni_p6
1642681800.0,1786277111.4167984,1,4.3728,0.4855,,2.868,0.1765,1.06,PRE_ALERT,PRE_ALERT,TRIGGERED,3,omni_p6
1642682700.0,1786277111.543751,1,4.6285,0.4774,,2.591,0.1859,3.666,PRE_ALERT,ALERT,TRIGGERED,4,omni_p6
1642683600.0,1786277111.6687603,1,4.356,0.4793,,2.603,0.1789,3.696,ALERT,NOMINAL,NORMAL,0,
1642684500.0,1786277111.789121,1,3.5049,0.4262,,2.28,0.1087,0.938,NOMINAL,NOMINAL,NORMAL,0,
1642685400.0,1786277111.9125617,1,2.7642,0.3769,,1.951,0.0992,0.939,NOMINAL,NOMINAL,NORMAL,0,
1642686300.0,1786277112.0373197,1,2.7353,0.3598,,1.897,0.0997,0.886,NOMINAL,NOMINAL,TRIGGERED,1,omni_p6
1642687200.0,1786277112.1673212,1,3.4765,0.4396,,2.341,0.1764,3.819,NOMINAL,PRE_ALERT,TRIGGERED,2,omni_p6
1642688100.0,1786277112.2892537,1,3.6729,0.4601,,2.187,0.1153,0.875,PRE_ALERT,PRE_ALERT,TRIGGERED,3,omni_p6
1642689000.0,1786277112.4195802,1,4.4826,0.4834,,2.919,0.3777,3.829,PRE_ALERT,ALERT,TRIGGERED,4,omni_p6
1642689900.0,1786277112.5429237,1,3.886,0.4911,,2.85,0.1915,3.488,ALERT,NOMINAL,NORMAL,0,
1642690800.0,1786277112.6642597,1,3.4985,0.4431,,2.434,0.1227,1.038,NOMINAL,NOMINAL,NORMAL,0,
1642691700.0,1786277112.7879248,1,3.0129,0.3943,,2.126,0.1091,0.906,NOMINAL,NOMINAL,TRIGGERED,1,omni_p6
1642692600.0,1786277112.911229,1,2.3819,0.321,,1.667,0.0944,0.745,NOMINAL,NOMINAL,NORMAL,0,
1642693500.0,1786277113.0373251,1,2.7257,0.3466,,1.984,0.1018,0.998,NOMINAL,NOMINAL,TRIGGERED,1,omni_p6
1642694400.0,1786277113.1632738,1,3.0306,0.3812,,2.348,0.1121,0.985,NOMINAL,NOMINAL,NORMAL,0,
1642695300.0,1786277113.2872458,1,2.7827,0.4003,,1.904,0.1086,0.812,NOMINAL,NOMINAL,TRIGGERED,1,omni_p6
1642696200.0,1786277113.4096947,1,1.8972,0.27,,1.008,0.0467,0.421,NOMINAL,NOMINAL,NORMAL,0,
1642697100.0,1786277113.5385828,1,3.1072,0.4013,,2.676,0.1222,0.936,NOMINAL,NOMINAL,NORMAL,0,
1642698000.0,1786277113.659771,1,1.6147,0.2004,,1.455,0.0561,0.488,NOMINAL,NOMINAL,TRIGGERED,1,omni_p6
1642698900.0,1786277113.7917452,1,4.1914,0.4638,,3.422,0.1604,1.193,NOMINAL,NOMINAL,NORMAL,0,
1642699800.0,1786277113.9137895,1,3.3003,0.3996,,2.701,0.1008,0.852,NOMINAL,NOMINAL,NORMAL,0,
1642700700.0,1786277114.0369725,1,2.6303,0.3368,,1.899,0.1063,0.889,NOMINAL,NOMINAL,NORMAL,0,
1642701600.0,1786277114.1625807,1,2.9738,0.3633,,2.008,0.1085,0.838,NOMINAL,NOMINAL,NORMAL,0,
1642702500.0,1786277114.2890456,1,3.4508,0.3902,,2.449,0.1177,0.964,NOMINAL,NOMINAL,NORMAL,0,
1642703400.0,1786277114.41439,1,3.5951,0.3467,,2.396,0.1093,0.825,NOMINAL,NOMINAL,NORMAL,0,
1642704300.0,1786277114.5394413,1,3.6082,0.427,,2.498,0.1096,0.904,NOMINAL,NOMINAL,TRIGGERED,1,omni_p6
1642705200.0,1786277114.6634588,1,3.1388,0.4452,,2.177,0.1097,0.881,NOMINAL,NOMINAL,NORMAL,0,
1642706100.0,1786277114.7932847,1,4.3781,0.5526,,3.604,0.1355,1.202,NOMINAL,NOMINAL,NORMAL,0,
1642707000.0,1786277114.9145632,1,3.5352,0.4271,,2.949,0.1099,0.88,NOMINAL,NOMINAL,NORMAL,0,
1642707900.0,1786277115.0377605,1,2.8717,0.373,,2.23,0.1006,0.97,NOMINAL,NOMINAL,NORMAL,0,
1642708800.0,1786277115.162019,1,2.664,0.3551,,1.96,0.0989,0.829,NOMINAL,NOMINAL,NORMAL,0,
1642709700.0,1786277115.2888858,1,3.165,0.393,,2.678,0.1162,1.036,NOMINAL,NOMINAL,NORMAL,0,
1642710600.0,1786277115.409584,1,1.8873,0.2801,,0.969,0.0418,0.452,NOMINAL,NOMINAL,NORMAL,0,
1642711500.0,1786277115.5390937,1,3.2442,0.4073,,2.859,0.1089,0.898,NOMINAL,NOMINAL,NORMAL,0,
1642712400.0,1786277115.664568,1,3.0976,0.4025,,3.436,0.1021,0.968,NOMINAL,NOMINAL,NORMAL,0,
1642713300.0,1786277115.7875845,1,2.6628,0.4163,,2.259,0.0937,0.887,NOMINAL,NOMINAL,NORMAL,0,
1642714200.0,1786277115.9114082,1,2.1998,0.3203,,2.006,0.0854,0.697,NOMINAL,NOMINAL,TRIGGERED,1,omni_p6
1642715100.0,1786277116.036545,1,2.2739,0.3162,,1.942,0.1035,0.862,NOMINAL,NOMINAL,NORMAL,0,
1642716000.0,1786277116.1623528,1,2.5181,0.3413,,2.546,0.0875,0.732,NOMINAL,NOMINAL,NORMAL,0,
1642716900.0,1786277116.2892187,1,3.2448,0.3794,,2.873,0.1165,0.935,NOMINAL,NOMINAL,NORMAL,0,
1642717800.0,1786277116.410384,1,3.1324,0.1655,,0.683,0.0305,0.265,NOMINAL,NOMINAL,NORMAL,0,
1642718700.0,1786277116.538985,1,3.332,0.374,,2.787,0.1016,0.871,NOMINAL,NOMINAL,NORMAL,0,
1642719600.0,1786277116.6638782,1,3.1115,0.3895,,2.826,0.1057,0.89,NOMINAL,NOMINAL,NORMAL,0,
1642720500.0,1786277116.7878535,1,3.119,0.3742,,2.069,0.1077,0.868,NOMINAL,NOMINAL,TRIGGERED,1,omni_p6
1642721400.0,1786277116.912099,1,2.656,0.3477,,2.127,0.0863,0.715,NOMINAL,NOMINAL,NORMAL,0,
1642722300.0,1786277117.037288,1,2.6688,0.3704,,2.118,0.093,0.832,NOMINAL,NOMINAL,NORMAL,0,
1642723200.0,1786277117.1643755,1,2.6921,0.3523,2.088,1.936,0.1014,0.897,NOMINAL,NOMINAL,NORMAL,0,
1642724100.0,1786277117.2890875,1,3.5462,0.3893,,2.622,0.1131,0.977,NOMINAL,NOMINAL,NORMAL,0,
1642725000.0,1786277117.4130025,1,2.9967,0.2869,,2.548,0.0932,0.772,NOMINAL,NOMINAL,NORMAL,0,
1642725900.0,1786277117.5403984,1,3.8512,0.4751,,2.905,0.124,1.044,NOMINAL,NOMINAL,TRIGGERED,1,omni_p6
1642726800.0,1786277117.6674178,1,3.5833,0.4484,,2.578,0.198,3.985,NOMINAL,PRE_ALERT,TRIGGERED,2,omni_p6
1642727700.0,1786277117.792248,1,3.5089,0.4249,,2.922,0.1832,3.504,PRE_ALERT,NOMINAL,NORMAL,0,
1642728600.0,1786277117.9132743,1,3.3094,0.3883,,2.201,0.1054,0.844,NOMINAL,NOMINAL,NORMAL,0,
1642729500.0,1786277118.037997,1,3.1511,0.3768,,2.214,0.1014,0.874,NOMINAL,NOMINAL,NORMAL,0,
1642730400.0,1786277118.1626525,1,2.7654,0.3599,,2.181,0.0938,0.814,NOMINAL,NOMINAL,NORMAL,0,
1642731300.0,1786277118.2884467,1,3.0591,0.3829,,2.373,0.1111,1.061,NOMINAL,NOMINAL,NORMAL,0,
1642732200.0,1786277118.4129863,1,2.9408,0.3814,,2.381,0.1043,0.9,NOMINAL,NOMINAL,TRIGGERED,1,omni_p6
1642733100.0,1786277118.542292,1,3.4877,0.4157,,2.699,0.1895,3.73,NOMINAL,PRE_ALERT,TRIGGERED,2,omni_p6
1642734000.0,1786277118.6624923,1,2.0545,0.2175,,1.531,0.1566,2.204,PRE_ALERT,NOMINAL,NORMAL,0,
1642734900.0,1786277118.7927096,1,4.365,0.4883,,3.698,0.1316,1.204,NOMINAL,NOMINAL,NORMAL,0,
1642735800.0,1786277118.9141653,1,3.4402,0.4119,,2.776,0.1043,0.884,NOMINAL,NOMINAL,NORMAL,0,
1642736700.0,1786277119.0375772,1,3.0001,0.372,,2.021,0.0942,0.804,NOMINAL,NOMINAL,NORMAL,0,
1642737600.0,1786277119.1619806,1,2.7265,0.3565,,1.9,0.091,0.78,NOMINAL,NOMINAL,NORMAL,0,
1642738500.0,1786277119.28855,1,3.0539,0.3979,,2.43,0.1169,1.074,NOMINAL,NOMINAL,TRIGGERED,1,omni_p6
1642739400.0,1786277119.4140377,1,3.1529,0.3781,,3.073,0.1099,0.853,NOMINAL,NOMINAL,NORMAL,0,
1642740300.0,1786277119.5398738,1,3.6472,0.4172,,2.893,0.1411,0.981,NOMINAL,NOMINAL,NORMAL,0,
1642741200.0,1786277119.6639707,1,3.2152,0.5967,,2.541,0.107,0.882,NOMINAL,NOMINAL,NORMAL,0,
1642742100.0,1786277119.7929971,1,4.7153,0.6703,,3.347,0.1867,1.206,NOMINAL,NOMINAL,NORMAL,0,
1642743000.0,1786277119.9139106,1,3.585,0.4083,,2.314,0.0917,0.801,NOMINAL,NOMINAL,NORMAL,0,
1642743900.0,1786277120.0380304,1,3.057,0.3698,,2.001,0.0933,0.969,NOMINAL,NOMINAL,NORMAL,0,
1642744800.0,1786277120.1629958,1,3.0313,0.3871,,1.962,0.1088,0.993,NOMINAL,NOMINAL,NORMAL,0,
1642745700.0,1786277120.2882872,1,3.0979,0.3987,,2.167,0.0965,0.86,NOMINAL,NOMINAL,NORMAL,0,
1642746600.0,1786277120.4147947,1,3.4385,0.4188,,2.491,0.1027,0.878,NOMINAL,NOMINAL,NORMAL,0,
1642747500.0,1786277120.540444,1,4.0222,0.5015,,2.736,0.1229,1.048,NOMINAL,NOMINAL,NORMAL,0,
1642748400.0,1786277120.6627748,1,3.0174,0.4315,,2.02,0.1028,0.816,NOMINAL,NOMINAL,NORMAL,0,
1642749300.0,1786277120.7890666,1,2.5718,0.2361,,1.582,0.0583,1.038,NOMINAL,NOMINAL,NORMAL,0,
1642750200.0,1786277120.9173334,1,4.6033,0.4682,,3.008,0.1219,0.991,NOMINAL,NOMINAL,NORMAL,0,
1642751100.0,1786277121.0391095,1,3.4824,0.4157,,2.273,0.1069,1.022,NOMINAL,NOMINAL,NORMAL,0,
1642752000.0,1786277121.162914,1,2.7642,0.3546,,1.921,0.0917,1.53,NOMINAL,NOMINAL,NORMAL,0,
1642752900.0,1786277121.2879028,1,2.649,0.3847,,2.103,0.1073,1.313,NOMINAL,NOMINAL,NORMAL,0,
1642753800.0,1786277121.4151812,1,3.3364,0.6035,,2.463,0.1061,1.661,NOMINAL,NOMINAL,NORMAL,0,
1642754700.0,1786277121.5399153,1,3.6791,0.4928,,2.48,0.1125,0.905,NOMINAL,NOMINAL,TRIGGERED,1,omni_p6
1642755600.0,1786277121.6634378,1,3.2619,0.376,,1.988,0.0715,0.859,NOMINAL,NOMINAL,NORMAL,0,
1642756500.0,1786277121.7883058,1,3.0931,0.3681,,1.989,0.1086,0.836,NOMINAL,NOMINAL,NORMAL,0,
1642757400.0,1786277121.912103,1,2.7067,0.3441,,1.812,0.1003,0.723,NOMINAL,NOMINAL,NORMAL,0,
1642758300.0,1786277122.0379784,1,3.0047,0.3617,,2.026,0.0937,0.79,NOMINAL,NOMINAL,NORMAL,0,
1642759200.0,1786277122.1622472,1,2.6214,0.3215,,2.009,0.0825,0.67,NOMINAL,NOMINAL,NORMAL,0,
1642760100.0,1786277122.287176,1,2.6526,0.3318,,1.721,0.085,0.746,NOMINAL,NOMINAL,TRIGGERED,1,omni_p6
1642761000.0,1786277122.4175715,1,3.5902,0.3945,,2.522,0.1741,3.939,NOMINAL,PRE_ALERT,TRIGGERED,2,omni_p6
1642761900.0,1786277122.5356185,1,1.4272,0.2321,,1.018,0.0699,1.977,PRE_ALERT,NOMINAL,NORMAL,0,
1642762800.0,1786277122.6649637,1,3.7639,0.4276,,2.536,0.1086,1.007,NOMINAL,NOMINAL,NORMAL,0,
1642763700.0,1786277122.7892945,1,3.6179,0.4149,,2.247,0.1038,0.893,NOMINAL,NOMINAL,NORMAL,0,
1642764600.0,1786277122.913126,1,3.17,0.3873,,2.137,0.1044,0.846,NOMINAL,NOMINAL,NORMAL,0,
1642765500.0,1786277123.038191,1,3.1394,0.3869,,2.125,0.1017,0.854,NOMINAL,NOMINAL,NORMAL,0,
1642766400.0,1786277123.162619,1,2.8935,0.3636,,1.992,0.0975,0.805,NOMINAL,NOMINAL,TRIGGERED,1,omni_p6
1642767300.0,1786277123.2910469,1,2.9978,0.3735,,2.278,0.1654,3.66,NOMINAL,PRE_ALERT,TRIGGERED,2,omni_p6
1642768200.0,1786277123.4188037,1,3.855,0.4299,,2.726,0.1888,4.093,PRE_ALERT,NOMINAL,NORMAL,0,
1642769100.0,1786277123.537442,1,2.4572,0.2401,,2.608,0.1208,0.926,NOMINAL,NOMINAL,NORMAL,0,
1642770000.0,1786277123.6607084,1,2.1359,0.2148,,1.411,0.053,0.465,NOMINAL,NOMINAL,NORMAL,0,
1642770900.0,1786277123.7931962,1,4.3629,0.5134,,3.581,0.1496,1.267,NOMINAL,NOMINAL,NORMAL,0,
1642771800.0,1786277123.9138198,1,3.178,0.3605,,2.51,0.1256,0.927,NOMINAL,NOMINAL,NORMAL,0,
1642772700.0,1786277124.0387805,1,3.3986,0.3932,,2.299,0.1119,0.848,NOMINAL,NOMINAL,TRIGGERED,1,omni_p6
1642773600.0,1786277124.1660652,1,2.9406,0.3718,,2.699,0.1665,3.468,NOMINAL,PRE_ALERT,TRIGGERED,2,omni_p6
1642774500.0,1786277124.2918282,1,3.6071,0.4195,,2.377,0.1832,3.413,PRE_ALERT,NOMINAL,NORMAL,0,
1642775400.0,1786277124.4133747,1,3.268,0.3662,,2.353,0.11,0.91,NOMINAL,NOMINAL,NORMAL,0,
1642776300.0,1786277124.5387847,1,3.3457,0.3877,,2.478,0.0962,0.825,NOMINAL,NOMINAL,NORMAL,0,
1642777200.0,1786277124.664535,1,3.5689,0.3932,,2.608,0.108,0.959,NOMINAL,NOMINAL,NORMAL,0,
1642778100.0,1786277124.7933347,1,4.7059,0.5179,,3.578,0.1553,1.3,NOMINAL,NOMINAL,NORMAL,0,
1642779000.0,1786277124.9135616,1,3.0488,0.3652,,2.673,0.0999,0.931,NOMINAL,NOMINAL,TRIGGERED,1,omni_p6
1642779900.0,1786277125.0372367,1,2.696,0.3343,,2.08,0.0999,0.849,NOMINAL,NOMINAL,NORMAL,0,
1642780800.0,1786277125.162605,1,2.7664,0.3119,,1.899,0.0833,0.959,NOMINAL,NOMINAL,NORMAL,0,
1642781700.0,1786277125.2877054,1,3.0432,0.3408,,1.781,0.0983,0.737,NOMINAL,NOMINAL,NORMAL,0,
1642782600.0,1786277125.4135664,1,3.2444,0.3593,,2.245,0.1044,0.823,NOMINAL,NOMINAL,NORMAL,0,
1642783500.0,1786277125.534966,1,1.2352,0.2334,,1.061,0.0423,0.563,NOMINAL,NOMINAL,NORMAL,0,
1642784400.0,1786277125.6652665,1,3.8922,0.4283,,2.595,0.1256,0.953,NOMINAL,NOMINAL,NORMAL,0,
1642785300.0,1786277125.7898383,1,3.7813,0.4276,,2.419,0.1197,0.979,NOMINAL,NOMINAL,NORMAL,0,
1642786200.0,1786277125.9130282,1,3.2486,0.3769,,1.881,0.1064,0.86,NOMINAL,NOMINAL,NORMAL,0,
1642787100.0,1786277126.0380983,1,3.2403,0.3709,,1.956,0.1079,0.837,NOMINAL,NOMINAL,NORMAL,0,
1642788000.0,1786277126.1633441,1,2.99,0.4228,,1.859,0.1142,1.05,NOMINAL,NOMINAL,NORMAL,0,
1642788900.0,1786277126.2880166,1,3.144,0.3789,,1.863,0.1019,0.825,NOMINAL,NOMINAL,NORMAL,0,
1642789800.0,1786277126.413222,1,3.2115,0.3721,,2.109,0.0993,0.799,NOMINAL,NOMINAL,NORMAL,0,
1642790700.0,1786277126.5410159,1,3.9192,0.4518,,3.379,0.102,0.971,NOMINAL,NOMINAL,NORMAL,0,
1642791600.0,1786277126.665734,1,4.0656,0.4238,,2.468,0.121,1.264,NOMINAL,NOMINAL,NORMAL,0,
1642792500.0,1786277126.789458,1,3.7563,0.4078,,1.928,0.1037,1.181,NOMINAL,NOMINAL,NORMAL,0,
1642793400.0,1786277126.9127305,1,3.3967,0.4009,,1.474,0.0843,0.743,NOMINAL,NOMINAL,NORMAL,0,
1642794300.0,1786277127.0378284,1,3.2457,0.3527,,1.445,0.0846,0.983,NOMINAL,NOMINAL,NORMAL,0,
1642795200.0,1786277127.1624517,1,3.0155,0.3884,,1.286,0.0831,0.685,NOMINAL,NOMINAL,NORMAL,0,
1642796100.0,1786277127.2868447,1,2.9828,0.3598,,1.309,0.074,0.625,NOMINAL,NOMINAL,NORMAL,0,
1642797000.0,1786277127.4120145,1,3.1154,0.3619,,1.379,0.0512,0.578,NOMINAL,NOMINAL,NORMAL,0,
1642797900.0,1786277127.5390706,1,3.6822,0.4459,,1.97,0.0919,0.816,NOMINAL,NOMINAL,NORMAL,0,
1642798800.0,1786277127.6658528,1,3.8864,0.4206,,2.855,0.1059,1.276,NOMINAL,NOMINAL,NORMAL,0,
1642799700.0,1786277127.7888198,1,3.6191,0.405,,1.771,0.0916,0.797,NOMINAL,NOMINAL,TRIGGERED,1,omni_p6
1642800600.0,1786277127.911716,1,2.8529,0.3484,,1.412,0.0677,0.642,NOMINAL,NOMINAL,NORMAL,0,
1642801500.0,1786277128.037561,1,3.0805,0.3615,,1.647,0.0687,0.657,NOMINAL,NOMINAL,NORMAL,0,
1642802400.0,1786277128.162083,1,2.7967,0.3553,,1.492,0.0772,0.669,NOMINAL,NOMINAL,NORMAL,0,
1642803300.0,1786277128.2877316,1,3.0181,0.3803,,1.468,0.0765,0.622,NOMINAL,NOMINAL,NORMAL,0,
1642804200.0,1786277128.4122841,1,2.9542,0.356,,1.885,0.0529,0.596,NOMINAL,NOMINAL,NORMAL,0,
1642805100.0,1786277128.5383406,1,3.4495,0.4208,,1.863,0.082,0.739,NOMINAL,NOMINAL,TRIGGERED,1,omni_p6
1642806000.0,1786277128.6612635,1,2.0427,0.2019,,1.082,0.0619,1.8,NOMINAL,PRE_ALERT,TRIGGERED,2,omni_p6
1642806900.0,1786277128.795269,1,4.398,0.501,,3.094,0.2074,3.665,PRE_ALERT,NOMINAL,NORMAL,0,
1642807800.0,1786277128.9142683,1,3.1415,0.5458,,1.888,0.0622,0.58,NOMINAL,NOMINAL,NORMAL,0,
1642808700.0,1786277129.0431988,1,4.0097,0.4267,,3.725,1.434,2.335,NOMINAL,NOMINAL,NORMAL,0,
1642809600.0,1786277129.166306,1,3.8229,0.3516,1.8474,2.055,0.1051,0.859,NOMINAL,NOMINAL,NORMAL,0,
1642810500.0,1786277129.2888587,1,3.6507,0.3864,,1.956,0.1045,0.879,NOMINAL,NOMINAL,NORMAL,0,
1642811400.0,1786277129.4141307,1,3.5494,0.3761,,2.423,0.1089,0.848,NOMINAL,NOMINAL,TRIGGERED,1,omni_p6
1642812300.0,1786277129.5426724,1,3.8091,0.4753,,2.548,0.2101,3.667,NOMINAL,PRE_ALERT,TRIGGERED,2,omni_p6
1642813200.0,1786277129.6693714,1,4.2707,0.4456,,2.767,0.1894,3.595,PRE_ALERT,NOMINAL,NORMAL,0,
1642814100.0,1786277129.7933629,1,4.398,0.513,,3.3,0.1611,1.528,NOMINAL,NOMINAL,NORMAL,0,
1642815000.0,1786277129.9162505,1,4.2098,0.4818,,2.921,0.1138,0.889,NOMINAL,NOMINAL,NORMAL,0,
1642815900.0,1786277130.0393915,1,3.791,0.4399,,2.133,0.1205,0.916,NOMINAL,NOMINAL,NORMAL,0,
1642816800.0,1786277130.1635745,1,3.3053,0.3767,,1.978,0.0955,0.756,NOMINAL,NOMINAL,NORMAL,0,
1642817700.0,1786277130.2881544,1,3.3373,0.3878,,1.806,0.0864,0.769,NOMINAL,NOMINAL,TRIGGERED,1,omni_p6
1642818600.0,1786277130.4135163,1,3.1991,0.3602,,2.3,0.0834,0.927,NOMINAL,NOMINAL,NORMAL,0,
1642819500.0,1786277130.5379972,1,3.2808,0.371,,1.817,0.0851,0.702,NOMINAL,NOMINAL,NORMAL,0,
1642820400.0,1786277130.6679165,1,4.2383,0.4515,,3.298,0.1314,1.429,NOMINAL,NOMINAL,NORMAL,0,
1642821300.0,1786277130.7896276,1,3.7707,0.4196,,2.093,0.1032,1.012,NOMINAL,NOMINAL,NORMAL,0,
1642822200.0,1786277130.9136531,1,3.444,0.3786,,2.067,0.102,0.794,NOMINAL,NOMINAL,NORMAL,0,
1642823100.0,1786277131.0382044,1,3.3814,0.3527,,1.873,0.1043,0.79,NOMINAL,NOMINAL,NORMAL,0,
1642824000.0,1786277131.1629672,1,3.0924,0.3511,,2.146,0.09,0.689,NOMINAL,NOMINAL,TRIGGERED,1,omni_p6
1642824900.0,1786277131.2877648,1,3.1621,0.3484,,1.682,0.0869,0.788,NOMINAL,NOMINAL,NORMAL,0,
1642825800.0,1786277131.412736,1,3.0848,0.3474,,1.749,0.1605,0.889,NOMINAL,NOMINAL,NORMAL,0,
1642826700.0,1786277131.5377698,1,3.0882,0.3569,,1.647,0.0777,0.866,NOMINAL,NOMINAL,NORMAL,0,
1642827600.0,1786277131.6668699,1,4.1138,0.4116,,3.198,0.1246,1.087,NOMINAL,NOMINAL,NORMAL,0,
1642828500.0,1786277131.7896051,1,3.8226,0.4086,,2.086,0.1041,0.971,NOMINAL,NOMINAL,NORMAL,0,
1642829400.0,1786277131.9140797,1,3.6503,0.3966,,2.124,0.1071,0.91,NOMINAL,NOMINAL,NORMAL,0,
1642830300.0,1786277132.038902,1,3.4701,0.3814,,2.203,0.1044,1.104,NOMINAL,NOMINAL,NORMAL,0,
1642831200.0,1786277132.1630447,1,3.243,0.4151,,1.754,0.103,0.876,NOMINAL,NOMINAL,NORMAL,0,
1642832100.0,1786277132.2878842,1,3.0785,0.3417,,1.646,0.0933,0.817,NOMINAL,NOMINAL,NORMAL,0,
1642833000.0,1786277132.4129815,1,3.0591,0.3455,,1.833,0.0949,1.087,NOMINAL,NOMINAL,NORMAL,0,
1642833900.0,1786277132.538007,1,3.2231,0.3758,,1.743,0.0892,0.713,NOMINAL,NOMINAL,NORMAL,0,
1642834800.0,1786277132.6596982,1,1.6906,0.2371,,1.172,0.0449,0.418,NOMINAL,NOMINAL,NORMAL,0,
1642835700.0,1786277132.789271,1,3.6247,0.4048,,2.262,0.1149,0.993,NOMINAL,NOMINAL,NORMAL,0,
1642836600.0,1786277132.913936,1,3.5521,0.3931,,2.114,0.1031,0.943,NOMINAL,NOMINAL,NORMAL,0,
1642837500.0,1786277133.0391688,1,3.4484,0.3584,,2.524,0.1134,0.965,NOMINAL,NOMINAL,NORMAL,0,
1642838400.0,1786277133.1633418,1,3.1348,0.4047,,2.152,0.0977,0.7,NOMINAL,NOMINAL,NORMAL,0,
1642839300.0,1786277133.2876225,1,2.9776,0.3596,,1.898,0.0888,0.725,NOMINAL,NOMINAL,TRIGGERED,1,omni_p6
1642840200.0,1786277133.4154398,1,2.9907,0.3558,,1.999,0.1568,3.422,NOMINAL,PRE_ALERT,TRIGGERED,2,omni_p6
1642841100.0,1786277133.5426104,1,3.7597,0.4326,,2.626,0.1837,3.404,PRE_ALERT,NOMINAL,NORMAL,0,
1642842000.0,1786277133.6597192,1,1.1908,0.1481,,0.948,0.0335,0.329,NOMINAL,NOMINAL,NORMAL,0,
1642842900.0,1786277133.793753,1,4.4023,0.5042,,3.983,0.1394,1.091,NOMINAL,NOMINAL,NORMAL,0,
1642843800.0,1786277133.9163523,1,4.1305,0.4594,,2.742,0.1062,1.237,NOMINAL,NOMINAL,NORMAL,0,
1642844700.0,1786277134.0398016,1,3.7532,0.4286,,2.215,0.1082,1.277,NOMINAL,NOMINAL,NORMAL,0,
1642845600.0,1786277134.1647756,1,3.3972,0.3729,,3.171,0.1089,0.86,NOMINAL,NOMINAL,TRIGGERED,1,omni_p6
1642846500.0,1786277134.2878861,1,3.2019,0.3523,,1.741,0.0941,0.74,NOMINAL,NOMINAL,NORMAL,0,
1642847400.0,1786277134.413043,1,3.0033,0.347,,2.214,0.099,0.761,NOMINAL,NOMINAL,NORMAL,0,
1642848300.0,1786277134.5380366,1,2.9626,0.3496,,2.43,0.0965,0.708,NOMINAL,NOMINAL,NORMAL,0,
1642849200.0,1786277134.6594555,1,1.6887,0.2283,,1.046,0.0446,0.421,NOMINAL,NOMINAL,NORMAL,0,
1642850100.0,1786277134.793071,1,4.4581,0.511,,3.248,0.1347,1.181,NOMINAL,NOMINAL,NORMAL,0,
1642851000.0,1786277134.9163942,1,4.0521,0.4253,,3.007,0.118,1.148,NOMINAL,NOMINAL,NORMAL,0,
1642851900.0,1786277135.0389915,1,3.5302,0.3871,,2.223,0.1154,0.909,NOMINAL,NOMINAL,TRIGGERED,1,omni_p6
1642852800.0,1786277135.1647818,1,4.3038,0.4025,,2.123,0.1521,0.909,NOMINAL,NOMINAL,NORMAL,0,
1642853700.0,1786277135.2886546,1,3.4391,0.3747,,1.976,0.1024,0.971,NOMINAL,NOMINAL,NORMAL,0,
1642854600.0,1786277135.4133046,1,3.3353,0.3639,,2.094,0.0905,0.784,NOMINAL,NOMINAL,NORMAL,0,
1642855500.0,1786277135.5384262,1,3.3923,0.3864,,1.983,0.1084,0.818,NOMINAL,NOMINAL,NORMAL,0,
1642856400.0,1786277135.6622195,1,2.9383,0.2982,,1.912,0.0297,0.449,NOMINAL,NOMINAL,NORMAL,0,
1642857300.0,1786277135.7920575,1,4.2057,0.4492,,3.22,0.1157,1.331,NOMINAL,NOMINAL,TRIGGERED,1,omni_p6
1642858200.0,1786277135.9175014,1,3.89,0.411,,2.477,0.1764,3.461,NOMINAL,PRE_ALERT,TRIGGERED,2,omni_p6
1642859100.0,1786277136.043325,1,3.9871,0.419,,2.891,0.1959,3.434,PRE_ALERT,NOMINAL,NORMAL,0,
1642860000.0,1786277136.1644516,1,3.5515,0.3888,,2.592,0.1052,0.859,NOMINAL,NOMINAL,NORMAL,0,
1642860900.0,1786277136.2886589,1,3.2584,0.3756,,2.455,0.1609,0.787,NOMINAL,NOMINAL,NORMAL,0,
1642861800.0,1786277136.4138455,1,3.3231,0.3741,,2.523,0.0949,0.698,NOMINAL,NOMINAL,NORMAL,0,
1642862700.0,1786277136.538124,1,3.0478,0.3596,,2.297,0.0869,0.712,NOMINAL,NOMINAL,NORMAL,0,
1642863600.0,1786277136.6636283,1,2.9058,0.3703,,2.218,0.0789,1.466,NOMINAL,NOMINAL,TRIGGERED,1,omni_p6
1642864500.0,1786277136.7950025,1,4.2095,0.4388,,3.381,0.2026,3.825,NOMINAL,PRE_ALERT,TRIGGERED,2,omni_p6
1642865400.0,1786277136.9185174,1,4.1231,0.4765,,2.644,0.1885,3.511,PRE_ALERT,NOMINAL,NORMAL,0,
1642866300.0,1786277137.0391865,1,3.6985,0.4538,,1.992,0.0991,0.842,NOMINAL,NOMINAL,NORMAL,0,
1642867200.0,1786277137.1625578,1,3.0555,0.3949,,1.665,0.0786,0.732,NOMINAL,NOMINAL,NORMAL,0,
1642868100.0,1786277137.2881002,1,3.3967,0.3767,,1.593,0.0772,0.732,NOMINAL,NOMINAL,NORMAL,0,
1642869000.0,1786277137.413486,1,3.3776,0.3876,,2.07,0.07,0.764,NOMINAL,NOMINAL,NORMAL,0,
1642869900.0,1786277137.5377367,1,3.1145,0.3658,,1.832,0.0598,0.659,NOMINAL,NOMINAL,NORMAL,0,
1642870800.0,1786277137.6624658,1,3.0269,0.4376,,1.498,0.073,0.641,NOMINAL,NOMINAL,NORMAL,0,
1642871700.0,1786277137.7923818,1,4.5969,0.5143,,2.748,0.1309,1.087,NOMINAL,NOMINAL,NORMAL,0,
1642872600.0,1786277137.9137728,1,3.5496,0.3892,,1.977,0.09,0.864,NOMINAL,NOMINAL,NORMAL,0,
1642873500.0,1786277138.0378618,1,3.148,0.3728,,1.953,0.0721,0.731,NOMINAL,NOMINAL,NORMAL,0,
1642874400.0,1786277138.1632185,1,3.2298,0.4041,,1.785,0.0927,0.806,NOMINAL,NOMINAL,NORMAL,0,
1642875300.0,1786277138.287557,1,3.0153,0.3659,,1.708,0.0843,0.725,NOMINAL,NOMINAL,NORMAL,0,
1642876200.0,1786277138.414269,1,3.0763,0.3618,,2.252,0.0775,1.431,NOMINAL,NOMINAL,NORMAL,0,
1642877100.0,1786277138.5384,1,3.3345,0.3814,,2.137,0.0942,0.752,NOMINAL,NOMINAL,NORMAL,0,
1642878000.0,1786277138.661089,1,2.3228,0.2261,,1.353,0.0519,0.502,NOMINAL,NOMINAL,NORMAL,0,
1642878900.0,1786277138.7946293,1,4.9498,0.4699,,3.706,0.1386,1.253,NOMINAL,NOMINAL,NORMAL,0,
1642879800.0,1786277138.9148295,1,4.0499,0.4243,,2.127,0.0935,0.767,NOMINAL,NOMINAL,NORMAL,0,
1642880700.0,1786277139.0377214,1,3.2664,0.3645,,1.653,0.0853,0.733,NOMINAL,NOMINAL,NORMAL,0,
1642881600.0,1786277139.163204,1,3.2617,0.4033,,1.822,0.0838,0.778,NOMINAL,NOMINAL,NORMAL,0,
1642882500.0,1786277139.2879248,1,3.2203,0.3974,,1.759,0.0819,0.744,NOMINAL,NOMINAL,NORMAL,0,
1642883400.0,1786277139.4129121,1,3.0832,0.3894,,1.621,0.077,0.682,NOMINAL,NOMINAL,NORMAL,0,
1642884300.0,1786277139.5375082,1,2.9579,0.369,,1.533,0.0753,0.666,NOMINAL,NOMINAL,TRIGGERED,1,omni_p6
1642885200.0,1786277139.6628108,1,3.0105,0.4204,,1.778,0.0789,0.746,NOMINAL,NOMINAL,NORMAL,0,
1642886100.0,1786277139.793675,1,4.6623,0.4884,,3.275,0.1204,1.055,NOMINAL,NOMINAL,NORMAL,0,
1642887000.0,1786277139.9130268,1,3.5608,0.3793,,1.506,0.0671,0.599,NOMINAL,NOMINAL,NORMAL,0,
1642887900.0,1786277140.0444632,1,4.1345,0.4471,,3.56,0.1191,2.903,NOMINAL,NOMINAL,NORMAL,0,
1642888800.0,1786277140.1661644,1,4.2317,0.4548,,2.64,0.1141,0.942,NOMINAL,NOMINAL,NORMAL,0,
1642889700.0,1786277140.2891366,1,3.5422,0.4045,,2.252,0.1064,0.881,NOMINAL,NOMINAL,NORMAL,0,
1642890600.0,1786277140.4131405,1,3.1539,0.3677,,2.11,0.0976,0.836,NOMINAL,NOMINAL,TRIGGERED,1,omni_p6
1642891500.0,1786277140.5374334,1,2.9613,0.3515,,1.694,0.0938,0.781,NOMINAL,NOMINAL,NORMAL,0,
1642892400.0,1786277140.662938,1,3.0842,0.4198,,1.725,0.0897,0.802,NOMINAL,NOMINAL,NORMAL,0,
1642893300.0,1786277140.7931237,1,5.3067,0.4631,,3.062,0.1206,1.173,NOMINAL,NOMINAL,NORMAL,0,
1642894200.0,1786277140.914053,1,3.8095,0.39,,2.061,0.0893,0.804,NOMINAL,NOMINAL,NORMAL,0,
1642895100.0,1786277141.0386927,1,3.7078,0.3946,,1.949,0.0837,0.769,NOMINAL,NOMINAL,NORMAL,0,
1642896000.0,1786277141.1650748,1,3.5384,0.3604,1.8572,1.585,0.0781,0.765,NOMINAL,NOMINAL,NORMAL,0,
1642896900.0,1786277141.2875745,1,3.0135,0.348,,1.938,0.0671,0.715,NOMINAL,NOMINAL,TRIGGERED,1,omni_p6
1642897800.0,1786277141.4102635,1,1.9187,0.315,,1.323,0.0664,0.656,NOMINAL,NOMINAL,NORMAL,0,
1642898700.0,1786277141.538415,1,3.4935,0.3746,,2.12,0.0807,0.731,NOMINAL,NOMINAL,NORMAL,0,
1642899600.0,1786277141.6631835,1,3.4338,0.4111,,1.743,0.0848,0.704,NOMINAL,NOMINAL,NORMAL,0,
1642900500.0,1786277141.7848809,1,1.6104,0.2269,,1.034,0.0971,0.924,NOMINAL,NOMINAL,NORMAL,0,
1642901400.0,1786277141.9145052,1,3.7227,0.395,,2.535,0.0828,0.767,NOMINAL,NOMINAL,NORMAL,0,
1642902300.0,1786277142.0387406,1,3.6941,0.4071,,1.598,0.0839,1.095,NOMINAL,NOMINAL,TRIGGERED,1,omni_p6
1642903200.0,1786277142.165919,1,3.0494,0.3713,,2.608,0.1385,3.265,NOMINAL,PRE_ALERT,TRIGGERED,2,omni_p6
1642904100.0,1786277142.292252,1,3.7631,0.4215,,2.542,0.1709,3.274,PRE_ALERT,NOMINAL,NORMAL,0,
1642905000.0,1786277142.4134638,1,3.4283,0.4073,,2.088,0.0768,0.696,NOMINAL,NOMINAL,NORMAL,0,
1642905900.0,1786277142.5378015,1,3.1499,0.3713,,2.009,0.0733,0.64,NOMINAL,NOMINAL,NORMAL,0,
1642906800.0,1786277142.662781,1,2.9229,0.3806,,2.224,0.0703,0.628,NOMINAL,NOMINAL,NORMAL,0,
1642907700.0,1786277142.7858794,1,1.8049,0.1733,,1.091,0.0438,0.414,NOMINAL,NOMINAL,NORMAL,0,
1642908600.0,1786277142.9154048,1,3.833,0.4308,,2.906,0.1312,1.022,NOMINAL,NOMINAL,TRIGGERED,1,omni_p6
1642909500.0,1786277143.0425441,1,3.844,0.4728,,2.444,0.1911,3.641,NOMINAL,PRE_ALERT,TRIGGERED,2,omni_p6
1642910400.0,1786277143.1664703,1,3.6593,0.4009,,2.046,0.1745,3.207,PRE_ALERT,NOMINAL,NORMAL,0,
1642911300.0,1786277143.2889733,1,3.6542,0.4163,,2.031,0.108,0.809,NOMINAL,NOMINAL,NORMAL,0,
1642912200.0,1786277143.4132383,1,3.3886,0.3766,,1.89,0.0994,0.793,NOMINAL,NOMINAL,NORMAL,0,
1642913100.0,1786277143.537738,1,3.1022,0.3894,,1.859,0.099,0.768,NOMINAL,NOMINAL,NORMAL,0,
1642914000.0,1786277143.6607392,1,1.9141,0.2111,,1.431,0.0536,0.646,NOMINAL,NOMINAL,NORMAL,0,
1642914900.0,1786277143.788183,1,1.5833,0.4268,,3.621,0.1349,1.188,NOMINAL,NOMINAL,NORMAL,0,
1642915800.0,1786277143.9162061,1,4.1177,0.4685,,2.539,0.1124,1.355,NOMINAL,NOMINAL,NORMAL,0,
1642916700.0,1786277144.039646,1,3.9407,0.4048,,2.083,0.1128,0.858,NOMINAL,NOMINAL,NORMAL,0,
1642917600.0,1786277144.1640553,1,3.5901,0.3878,,2.144,0.105,0.845,NOMINAL,NOMINAL,NORMAL,0,
1642918500.0,1786277144.2888432,1,3.4685,0.3978,,2.172,0.1082,0.859,NOMINAL,NOMINAL,NORMAL,0,
1642919400.0,1786277144.4141588,1,3.5819,0.4018,,2.32,0.1222,0.895,NOMINAL,NOMINAL,NORMAL,0,
1642920300.0,1786277144.539192,1,3.4251,0.4338,,2.018,0.1067,0.824,NOMINAL,NOMINAL,NORMAL,0,
1642921200.0,1786277144.6637537,1,3.4143,0.3908,,1.84,0.1033,0.758,NOMINAL,NOMINAL,NORMAL,0,
1642922100.0,1786277144.7894917,1,3.8132,0.354,,1.338,0.0324,0.344,NOMINAL,NOMINAL,NORMAL,0,
1642923000.0,1786277144.9169986,1,4.4341,0.4481,,3.356,0.1279,0.964,NOMINAL,NOMINAL,NORMAL,0,
1642923900.0,1786277145.039652,1,3.9343,0.4021,,2.143,0.1158,0.858,NOMINAL,NOMINAL,NORMAL,0,
1642924800.0,1786277145.1646323,1,3.7061,0.391,,2.528,0.1076,0.909,NOMINAL,NOMINAL,TRIGGERED,1,omni_p6
1642925700.0,1786277145.2884448,1,3.4746,0.3616,,1.946,0.109,0.827,NOMINAL,NOMINAL,NORMAL,0,
1642926600.0,1786277145.4136674,1,3.3787,0.3667,,2.364,0.0954,0.789,NOMINAL,NOMINAL,NORMAL,0,
1642927500.0,1786277145.537982,1,3.3133,0.3626,,1.727,0.1149,0.823,NOMINAL,NOMINAL,NORMAL,0,
1642928400.0,1786277145.6632516,1,3.297,0.3578,,1.734,0.101,0.803,NOMINAL,NOMINAL,NORMAL,0,
1642929300.0,1786277145.7877553,1,3.0204,0.3834,,2.424,0.0958,0.79,NOMINAL,NOMINAL,NORMAL,0,
1642930200.0,1786277145.915041,1,3.8233,0.4077,,2.636,0.1099,0.957,NOMINAL,NOMINAL,NORMAL,0,
1642931100.0,1786277146.0407531,1,3.7766,0.4981,,3.452,0.1525,0.936,NOMINAL,NOMINAL,TRIGGERED,1,omni_p6
1642932000.0,1786277146.1632364,1,3.1465,0.4175,,2.24,0.0947,0.763,NOMINAL,NOMINAL,NORMAL,0,
1642932900.0,1786277146.2878206,1,2.9814,0.3638,,2.065,0.0837,0.709,NOMINAL,NOMINAL,NORMAL,0,
1642933800.0,1786277146.4121714,1,2.8537,0.347,,1.756,0.0804,0.709,NOMINAL,NOMINAL,NORMAL,0,
1642934700.0,1786277146.5374813,1,2.8173,0.3408,,2.133,0.0789,0.705,NOMINAL,NOMINAL,NORMAL,0,
1642935600.0,1786277146.6625333,1,2.7819,0.3361,,2.202,0.0825,0.686,NOMINAL,NOMINAL,NORMAL,0,
1642936500.0,1786277146.7845678,1,1.0398,0.2179,,1.306,0.0427,0.411,NOMINAL,NOMINAL,TRIGGERED,1,omni_p6
1642937400.0,1786277146.918041,1,3.7589,0.4142,,2.467,0.1895,4.24,NOMINAL,PRE_ALERT,TRIGGERED,2,omni_p6
1642938300.0,1786277147.0448124,1,4.2653,0.4419,,3.386,0.1749,3.522,PRE_ALERT,NOMINAL,NORMAL,0,
1642939200.0,1786277147.1646807,1,3.6728,0.4155,,2.498,0.1055,0.891,NOMINAL,NOMINAL,NORMAL,0,
1642940100.0,1786277147.2884724,1,3.4417,0.3846,,1.907,0.0969,0.864,NOMINAL,NOMINAL,NORMAL,0,
1642941000.0,1786277147.4151742,1,3.65,0.4067,,2.738,0.1078,1.353,NOMINAL,NOMINAL,NORMAL,0,
1642941900.0,1786277147.5391624,1,3.5194,0.3871,,2.6,0.0968,0.838,NOMINAL,NOMINAL,NORMAL,0,
1642942800.0,1786277147.6631505,1,3.1928,0.5076,,1.899,0.1012,0.803,NOMINAL,NOMINAL,TRIGGERED,1,omni_p6
1642943700.0,1786277147.7891667,1,2.7897,0.2972,,1.757,0.1511,2.66,NOMINAL,PRE_ALERT,TRIGGERED,2,omni_p6
1642944600.0,1786277147.9195762,1,4.2237,0.4511,,3.303,0.1965,3.516,PRE_ALERT,NOMINAL,NORMAL,0,
1642945500.0,1786277148.0422072,1,4.2498,0.43,,3.549,0.1142,0.944,NOMINAL,NOMINAL,NORMAL,0,
1642946400.0,1786277148.163934,1,3.5459,0.3931,,2.102,0.107,0.854,NOMINAL,NOMINAL,NORMAL,0,
1642947300.0,1786277148.2881505,1,3.2295,0.3749,,1.948,0.0947,0.815,NOMINAL,NOMINAL,NORMAL,0,
1642948200.0,1786277148.4130242,1,3.0332,0.356,,2.279,0.0924,0.767,NOMINAL,NOMINAL,NORMAL,0,
1642949100.0,1786277148.5376616,1,2.9427,0.3546,,2.018,0.0896,0.784,NOMINAL,NOMINAL,TRIGGERED,1,omni_p6
1642950000.0,1786277148.6608303,1,1.9189,0.2212,,1.706,0.0489,0.472,NOMINAL,NOMINAL,NORMAL,0,
1642950900.0,1786277148.7861724,1,2.0602,0.2883,,1.482,0.0552,0.492,NOMINAL,NOMINAL,NORMAL,0,
1642951800.0,1786277148.9169872,1,4.1992,0.492,,3.524,0.1223,1.081,NOMINAL,NOMINAL,NORMAL,0,
1642952700.0,1786277149.0420709,1,4.0093,0.4185,,4.147,0.11,0.972,NOMINAL,NOMINAL,NORMAL,0,
1642953600.0,1786277149.1642003,1,3.3783,0.4008,,2.593,0.1009,0.862,NOMINAL,NOMINAL,NORMAL,0,
1642954500.0,1786277149.288313,1,3.2148,0.387,,2.063,0.105,0.824,NOMINAL,NOMINAL,NORMAL,0,
1642955400.0,1786277149.4164808,1,4.011,0.487,,2.997,0.1208,1.109,NOMINAL,NOMINAL,NORMAL,0,
1642956300.0,1786277149.5388286,1,3.5616,0.3835,,2.074,0.098,0.807,NOMINAL,NOMINAL,NORMAL,0,
1642957200.0,1786277149.6632457,1,3.1608,0.4044,,2.233,0.0871,0.717,NOMINAL,NOMINAL,NORMAL,0,
1642958100.0,1786277149.79359,1,4.5058,0.4865,,3.387,0.1414,1.257,NOMINAL,NOMINAL,NORMAL,0,
1642959000.0,1786277149.9156091,1,4.0493,0.4275,,2.66,0.1154,0.923,NOMINAL,NOMINAL,NORMAL,0,
1642959900.0,1786277150.0416777,1,4.1162,0.4008,,3.929,0.1066,0.868,NOMINAL,NOMINAL,NORMAL,0,
1642960800.0,1786277150.1638541,1,3.2479,0.4133,,2.631,0.0887,0.756,NOMINAL,NOMINAL,NORMAL,0,
1642961700.0,1786277150.2882748,1,3.2229,0.365,,2.057,0.0825,0.822,NOMINAL,NOMINAL,NORMAL,0,
1642962600.0,1786277150.4137802,1,3.2547,0.3735,,2.672,0.094,0.765,NOMINAL,NOMINAL,NORMAL,0,
1642963500.0,1786277150.538778,1,3.256,0.3918,,2.618,0.0914,0.821,NOMINAL,NOMINAL,NORMAL,0,
1642964400.0,1786277150.6632466,1,2.9695,0.3702,,2.419,0.0995,0.947,NOMINAL,NOMINAL,NORMAL,0,
1642965300.0,1786277150.7882426,1,2.9982,0.3594,,2.495,0.0925,0.772,NOMINAL,NOMINAL,NORMAL,0,
1642966200.0,1786277150.9157252,1,3.8323,0.3944,,3.194,0.1126,0.848,NOMINAL,NOMINAL,NORMAL,0,
1642967100.0,1786277151.0411112,1,3.8971,0.4284,,3.155,0.1117,1.01,NOMINAL,NOMINAL,NORMAL,0,
1642968000.0,1786277151.1631663,1,3.1059,0.4083,,2.184,0.0907,0.709,NOMINAL,NOMINAL,NORMAL,0,
1642968900.0,1786277151.2879572,1,3.1379,0.3668,,1.997,0.086,0.704,NOMINAL,NOMINAL,NORMAL,0,
1642969800.0,1786277151.412831,1,2.9062,0.3574,,2.227,0.0868,0.765,NOMINAL,NOMINAL,TRIGGERED,1,omni_p6
1642970700.0,1786277151.5379786,1,2.8108,0.3726,,2.57,0.0887,0.706,NOMINAL,NOMINAL,NORMAL,0,
1642971600.0,1786277151.662938,1,2.7684,0.359,,2.326,0.0813,0.737,NOMINAL,NOMINAL,NORMAL,0,
1642972500.0,1786277151.7880127,1,2.8207,0.3801,,2.324,0.0824,0.757,NOMINAL,NOMINAL,NORMAL,0,
1642973400.0,1786277151.9153483,1,3.7421,0.4153,,2.618,0.1077,1.025,NOMINAL,NOMINAL,NORMAL,0,
1642974300.0,1786277152.0386539,1,3.3917,0.3872,,2.111,0.0975,0.857,NOMINAL,NOMINAL,NORMAL,0,
1642975200.0,1786277152.1651094,1,3.6681,0.4092,,2.856,0.1111,0.994,NOMINAL,NOMINAL,NORMAL,0,
1642976100.0,1786277152.2879412,1,3.1193,0.3614,,1.928,0.0962,0.775,NOMINAL,NOMINAL,TRIGGERED,1,omni_p6
1642977000.0,1786277152.412926,1,2.9666,0.369,,2.247,0.0868,0.728,NOMINAL,NOMINAL,NORMAL,0,
1642977900.0,1786277152.5375133,1,2.6953,0.3504,,2.331,0.0901,0.658,NOMINAL,NOMINAL,NORMAL,0,
1642978800.0,1786277152.6625159,1,2.666,0.3305,,2.334,0.0844,0.643,NOMINAL,NOMINAL,NORMAL,0,
1642979700.0,1786277152.7875724,1,2.7647,0.3749,,1.972,0.0929,0.708,NOMINAL,NOMINAL,NORMAL,0,
1642980600.0,1786277152.914785,1,3.5164,0.3918,,2.487,0.098,1.106,NOMINAL,NOMINAL,NORMAL,0,
1642981500.0,1786277153.0390081,1,3.5071,0.3733,,2.211,0.1016,0.828,NOMINAL,NOMINAL,TRIGGERED,1,omni_p6
1642982400.0,1786277153.1710167,1,3.5983,0.3674,1.8653,3.421,0.1868,3.955,NOMINAL,PRE_ALERT,TRIGGERED,2,omni_p6
1642983300.0,1786277153.291975,1,3.6929,0.3959,,2.388,0.1713,3.278,PRE_ALERT,NOMINAL,NORMAL,0,
1642984200.0,1786277153.4141133,1,3.5567,0.3729,,2.218,0.1077,0.829,NOMINAL,NOMINAL,NORMAL,0,
1642985100.0,1786277153.5388155,1,3.4703,0.3865,,2.228,0.1153,0.812,NOMINAL,NOMINAL,NORMAL,0,
1642986000.0,1786277153.6606529,1,1.8542,0.209,,1.549,0.0533,0.544,NOMINAL,NOMINAL,NORMAL,0,
1642986900.0,1786277153.7935436,1,4.1906,0.5632,,3.711,0.1269,1.151,NOMINAL,NOMINAL,NORMAL,0,
1642987800.0,1786277153.915733,1,4.0742,0.4676,,2.595,0.1102,0.832,NOMINAL,NOMINAL,TRIGGERED,1,omni_p6
1642988700.0,1786277154.0424066,1,3.6641,0.426,,2.519,0.1636,3.586,NOMINAL,PRE_ALERT,TRIGGERED,2,omni_p6
1642989600.0,1786277154.1705017,1,4.2049,0.4259,,3.421,0.2012,4.332,PRE_ALERT,NOMINAL,NORMAL,0,
1642990500.0,1786277154.2894654,1,3.5768,0.387,,2.541,0.1026,0.806,NOMINAL,NOMINAL,NORMAL,0,
1642991400.0,1786277154.4134827,1,3.1943,0.3551,,2.375,0.0925,0.782,NOMINAL,NOMINAL,NORMAL,0,
1642992300.0,1786277154.5380025,1,3.1333,0.3623,,1.999,0.0951,0.741,NOMINAL,NOMINAL,NORMAL,0,
1642993200.0,1786277154.663005,1,2.9648,0.3451,,2.28,0.0807,0.768,NOMINAL,NOMINAL,NORMAL,0,
1642994100.0,1786277154.794076,1,4.463,0.473,,3.708,0.1323,1.36,NOMINAL,NOMINAL,TRIGGERED,1,omni_p6
1642995000.0,1786277154.909379,1,1.6328,0.2275,,1.045,0.0407,0.411,NOMINAL,NOMINAL,NORMAL,0,
1642995900.0,1786277155.0398173,1,3.7322,0.45,,2.512,0.1119,0.983,NOMINAL,NOMINAL,NORMAL,0,
1642996800.0,1786277155.1653924,1,3.9684,0.4082,,2.548,0.1208,0.919,NOMINAL,NOMINAL,NORMAL,0,
1642997700.0,1786277155.2902741,1,3.7582,0.379,,2.447,0.1108,1.478,NOMINAL,NOMINAL,NORMAL,0,
1642998600.0,1786277155.4188385,1,4.3335,0.4479,,4.398,0.1423,1.111,NOMINAL,NOMINAL,NORMAL,0,
1642999500.0,1786277155.539802,1,3.9318,0.4134,,2.14,0.1079,0.84,NOMINAL,NOMINAL,NORMAL,0,
1643000400.0,1786277155.6640384,1,3.533,0.3686,,2.334,0.1007,0.788,NOMINAL,NOMINAL,NORMAL,0,
1643001300.0,1786277155.7884426,1,3.3209,0.3797,,2.046,0.0973,0.847,NOMINAL,NOMINAL,NORMAL,0,
1643002200.0,1786277155.9141238,1,3.5202,0.3594,,2.388,0.0294,0.289,NOMINAL,NOMINAL,NORMAL,0,
1643003100.0,1786277156.0398734,1,3.8606,0.4744,,2.423,0.1064,0.877,NOMINAL,NOMINAL,NORMAL,0,
1643004000.0,1786277156.1656094,1,3.9191,0.4165,,2.941,0.0995,0.91,NOMINAL,NOMINAL,NORMAL,0,
1643004900.0,1786277156.2893975,1,3.5562,0.3807,,2.645,0.0907,0.803,NOMINAL,NOMINAL,NORMAL,0,
1643005800.0,1786277156.4141045,1,3.4876,0.3668,,2.528,0.0974,0.792,NOMINAL,NOMINAL,NORMAL,0,
1643006700.0,1786277156.5388203,1,3.3698,0.3544,,2.592,0.0964,0.763,NOMINAL,NOMINAL,NORMAL,0,
1643007600.0,1786277156.663156,1,3.1702,0.4389,,2.101,0.0902,0.711,NOMINAL,NOMINAL,NORMAL,0,
1643008500.0,1786277156.789075,1,3.1716,0.3409,,2.855,0.1019,0.751,NOMINAL,NOMINAL,NORMAL,0,
1643009400.0,1786277156.9091597,1,1.5342,0.222,,1.001,0.0411,0.395,NOMINAL,NOMINAL,NORMAL,0,
1643010300.0,1786277157.039376,1,3.6069,0.3878,,2.448,0.1029,0.884,NOMINAL,NOMINAL,TRIGGERED,1,omni_p6
1643011200.0,1786277157.164027,1,3.4553,0.3904,,2.358,0.0986,0.772,NOMINAL,NOMINAL,NORMAL,0,
1643012100.0,1786277157.2907212,1,3.8034,0.4041,,2.405,0.1052,1.855,NOMINAL,NOMINAL,NORMAL,0,
1643013000.0,1786277157.4137342,1,3.6195,0.4,,1.922,0.1117,0.942,NOMINAL,NOMINAL,NORMAL,0,
1643013900.0,1786277157.5381892,1,3.198,0.3701,,2.109,0.0956,0.767,NOMINAL,NOMINAL,NORMAL,0,
1643014800.0,1786277157.6633632,1,2.9415,0.3489,,2.271,0.0932,0.93,NOMINAL,NOMINAL,NORMAL,0,
1643015700.0,1786277157.788493,1,2.9813,0.3606,,2.472,0.0937,0.777,NOMINAL,NOMINAL,TRIGGERED,1,omni_p6
1643016600.0,1786277157.9140716,1,2.4771,0.265,,2.18,0.1368,2.61,NOMINAL,PRE_ALERT,TRIGGERED,2,omni_p6
1643017500.0,1786277158.0450075,1,4.0858,0.4449,,3.699,0.179,3.511,PRE_ALERT,NOMINAL,NORMAL,0,
1643018400.0,1786277158.1654787,1,3.7588,0.4373,,2.643,0.1111,1.144,NOMINAL,NOMINAL,NORMAL,0,
1643019300.0,1786277158.2898736,1,3.6993,0.3952,,2.501,0.115,1.021,NOMINAL,NOMINAL,NORMAL,0,
1643020200.0,1786277158.4137006,1,3.3156,0.3638,,2.437,0.0962,0.831,NOMINAL,NOMINAL,NORMAL,0,
1643021100.0,1786277158.5380638,1,3.051,0.3574,,2.22,0.0944,0.726,NOMINAL,NOMINAL,NORMAL,0,
1643022000.0,1786277158.6609302,1,1.9382,0.2239,,1.597,0.0564,0.496,NOMINAL,NOMINAL,TRIGGERED,1,omni_p6
1643022900.0,1786277158.797233,1,5.3602,0.461,,3.497,0.1966,4.384,NOMINAL,PRE_ALERT,TRIGGERED,2,omni_p6
1643023800.0,1786277158.9183984,1,4.0586,0.4194,,2.555,0.1787,3.895,PRE_ALERT,NOMINAL,NORMAL,0,
1643024700.0,1786277159.0412776,1,3.8707,0.429,,3.395,0.1062,0.981,NOMINAL,NOMINAL,NORMAL,0,
1643025600.0,1786277159.1647065,1,3.4616,0.4226,,2.56,0.1018,1.15,NOMINAL,NOMINAL,NORMAL,0,
1643026500.0,1786277159.290739,1,3.8947,0.4248,,2.766,0.1085,0.954,NOMINAL,NOMINAL,NORMAL,0,
1643027400.0,1786277159.4138417,1,3.3587,0.3951,,2.43,0.0971,0.866,NOMINAL,NOMINAL,TRIGGERED,1,omni_p6
1643028300.0,1786277159.541379,1,3.3003,0.3993,,2.296,0.1594,3.607,NOMINAL,PRE_ALERT,TRIGGERED,2,omni_p6
1643029200.0,1786277159.6683056,1,3.8173,0.4523,,2.725,0.1652,3.752,PRE_ALERT,NOMINAL,NORMAL,0,
1643030100.0,1786277159.7935586,1,4.4036,0.5004,,3.593,0.1362,1.175,NOMINAL,NOMINAL,NORMAL,0,
1643031000.0,1786277159.9150093,1,3.7963,0.4157,,2.305,0.1087,0.802,NOMINAL,NOMINAL,NORMAL,0,
1643031900.0,1786277160.0423036,1,4.2465,0.4639,,3.25,0.1134,1.016,NOMINAL,NOMINAL,NORMAL,0,
1643032800.0,1786277160.1657267,1,3.7578,0.4279,,2.909,0.109,0.91,NOMINAL,NOMINAL,NORMAL,0,
1643033700.0,1786277160.2893775,1,3.469,0.392,,2.232,0.0913,1.064,NOMINAL,NOMINAL,TRIGGERED,1,omni_p6
1643034600.0,1786277160.4168725,1,3.2266,0.3803,,2.37,0.1625,3.989,NOMINAL,PRE_ALERT,TRIGGERED,2,omni_p6
1643035500.0,1786277160.5421598,1,3.6477,0.4719,,2.224,0.1716,3.586,PRE_ALERT,NOMINAL,NORMAL,0,
1643036400.0,1786277160.6635108,1,3.3541,0.4077,,2.015,0.09,0.753,NOMINAL,NOMINAL,NORMAL,0,
1643037300.0,1786277160.787941,1,3.0903,0.372,,1.973,0.0772,0.743,NOMINAL,NOMINAL,NORMAL,0,
1643038200.0,1786277160.9122522,1,2.9201,0.3661,,1.637,0.0695,0.713,NOMINAL,NOMINAL,NORMAL,0,
1643039100.0,1786277161.0415714,1,3.8443,0.4589,,3.753,0.1066,0.888,NOMINAL,NOMINAL,NORMAL,0,
1643040000.0,1786277161.1649728,1,3.6755,0.4291,,2.387,0.0955,0.922,NOMINAL,NOMINAL,TRIGGERED,1,omni_p6
1643040900.0,1786277161.2891655,1,3.3211,0.4496,,2.465,0.1038,0.86,NOMINAL,NOMINAL,NORMAL,0,
1643041800.0,1786277161.4138386,1,3.3341,0.3937,,2.537,0.0949,0.822,NOMINAL,NOMINAL,NORMAL,0,
1643042700.0,1786277161.5377269,1,2.9326,0.3523,,2.16,0.0834,0.743,NOMINAL,NOMINAL,NORMAL,0,
1643043600.0,1786277161.662181,1,2.7673,0.3528,,1.803,0.09,0.698,NOMINAL,NOMINAL,NORMAL,0,
1643044500.0,1786277161.7915642,1,4.1914,0.4591,,2.778,0.1112,1.02,NOMINAL,NOMINAL,NORMAL,0,
1643045400.0,1786277161.9132745,1,3.3542,0.3822,,1.896,0.0821,0.75,NOMINAL,NOMINAL,NORMAL,0,
1643046300.0,1786277162.0402763,1,3.7557,0.4521,,2.872,0.1007,0.887,NOMINAL,NOMINAL,NORMAL,0,
1643047200.0,1786277162.1634917,1,3.1988,0.3666,,1.693,0.0802,0.746,NOMINAL,NOMINAL,NORMAL,0,
1643048100.0,1786277162.2885637,1,3.3383,0.3963,,1.964,0.1163,0.921,NOMINAL,NOMINAL,NORMAL,0,
1643049000.0,1786277162.414574,1,3.584,0.4109,,2.318,0.0948,0.786,NOMINAL,NOMINAL,NORMAL,0,
1643049900.0,1786277162.5386655,1,3.2735,0.388,,1.891,0.0834,0.757,NOMINAL,NOMINAL,NORMAL,0,
1643050800.0,1786277162.6626835,1,2.9271,0.386,,1.918,0.0841,0.767,NOMINAL,NOMINAL,NORMAL,0,
1643051700.0,1786277162.7887757,1,3.1454,0.3771,,2.121,0.0851,0.845,NOMINAL,NOMINAL,NORMAL,0,
1643052600.0,1786277162.912861,1,3.0251,0.3574,,1.889,0.0899,0.817,NOMINAL,NOMINAL,NORMAL,0,
1643053500.0,1786277163.0435112,1,3.9054,0.4142,,5.309,0.1182,1.027,NOMINAL,NOMINAL,NORMAL,0,
1643054400.0,1786277163.1636906,1,3.4465,0.3825,,1.957,0.1,0.855,NOMINAL,NOMINAL,NORMAL,0,
1643055300.0,1786277163.2887912,1,3.4176,0.4056,,2.024,0.1579,0.983,NOMINAL,NOMINAL,NORMAL,0,
1643056200.0,1786277163.4144628,1,3.6271,0.391,,2.38,0.1166,0.932,NOMINAL,NOMINAL,NORMAL,0,
1643057100.0,1786277163.53795,1,3.2492,0.3783,,1.809,0.0928,0.769,NOMINAL,NOMINAL,NORMAL,0,
1643058000.0,1786277163.6607943,1,1.9202,0.2237,,1.535,0.0502,0.5,NOMINAL,NOMINAL,NORMAL,0,
1643058900.0,1786277163.7934756,1,4.4103,0.5,,3.603,0.1266,1.138,NOMINAL,NOMINAL,NORMAL,0,
1643059800.0,1786277163.9140112,1,3.8781,0.4289,,1.599,0.0655,0.713,NOMINAL,NOMINAL,NORMAL,0,
1643060700.0,1786277164.040782,1,3.9226,0.4508,,2.985,0.093,0.989,NOMINAL,NOMINAL,TRIGGERED,1,omni_p6
1643061600.0,1786277164.1632586,1,3.4425,0.3833,,1.829,0.0688,0.631,NOMINAL,NOMINAL,NORMAL,0,
1643062500.0,1786277164.2881835,1,3.5029,0.4076,,1.626,0.0645,0.652,NOMINAL,NOMINAL,NORMAL,0,
1643063400.0,1786277164.4142666,1,3.5179,0.3996,,2.443,0.085,0.856,NOMINAL,NOMINAL,NORMAL,0,
1643064300.0,1786277164.5378811,1,3.2318,0.3744,,1.918,0.0839,0.677,NOMINAL,NOMINAL,NORMAL,0,
1643065200.0,1786277164.663002,1,3.1409,0.4116,,2.033,0.0664,0.681,NOMINAL,NOMINAL,NORMAL,0,
1643066100.0,1786277164.7933133,1,4.4755,0.4911,,3.24,0.1246,1.09,NOMINAL,NOMINAL,NORMAL,0,
1643067000.0,1786277164.9136784,1,3.843,0.3841,,1.516,0.0639,0.658,NOMINAL,NOMINAL,TRIGGERED,1,omni_p6
1643067900.0,1786277165.041511,1,3.5878,0.4244,,2.626,0.1818,3.635,NOMINAL,PRE_ALERT,TRIGGERED,2,omni_p6
1643068800.0,1786277165.1699884,1,4.1939,0.4739,1.8948,2.065,0.1685,3.474,PRE_ALERT,NOMINAL,NORMAL,0,
1643069700.0,1786277165.2896588,1,4.0473,0.4085,,1.867,0.096,0.773,NOMINAL,NOMINAL,NORMAL,0,
1643070600.0,1786277165.4146998,1,3.8433,0.3959,,2.522,0.0987,0.775,NOMINAL,NOMINAL,NORMAL,0,
1643071500.0,1786277165.5387604,1,3.6587,0.4028,,1.961,0.0873,0.799,NOMINAL,NOMINAL,NORMAL,0,
1643072400.0,1786277165.66352,1,3.4064,0.411,,2.048,0.0847,0.747,NOMINAL,NOMINAL,TRIGGERED,1,omni_p6
1643073300.0,1786277165.7905302,1,3.0534,0.3861,,1.939,0.1487,3.32,NOMINAL,PRE_ALERT,TRIGGERED,2,omni_p6
1643074200.0,1786277165.9176886,1,4.0356,0.4988,,2.096,0.1607,3.111,PRE_ALERT,NOMINAL,NORMAL,0,
1643075100.0,1786277166.0375082,1,3.3819,0.3621,,0.906,0.0303,0.329,NOMINAL,NOMINAL,NORMAL,0,
1643076000.0,1786277166.163901,1,3.4134,0.3946,,1.873,0.1004,1.171,NOMINAL,NOMINAL,NORMAL,0,
1643076900.0,1786277166.288622,1,3.4095,0.3847,,1.809,0.0888,0.938,NOMINAL,NOMINAL,NORMAL,0,
1643077800.0,1786277166.4140332,1,3.5149,0.3924,,2.172,0.1139,0.9,NOMINAL,NOMINAL,NORMAL,0,
1643078700.0,1786277166.5378013,1,3.1182,0.3737,,1.858,0.0789,0.744,NOMINAL,NOMINAL,TRIGGERED,1,omni_p6
1643079600.0,1786277166.666006,1,3.0149,0.4046,,2.247,0.151,3.549,NOMINAL,PRE_ALERT,TRIGGERED,2,omni_p6
1643080500.0,1786277166.7918339,1,3.6408,0.3982,,2.111,0.1652,3.192,PRE_ALERT,NOMINAL,NORMAL,0,
1643081400.0,1786277166.91338,1,3.258,0.3739,,2.111,0.0847,0.777,NOMINAL,NOMINAL,NORMAL,0,
1643082300.0,1786277167.0364504,1,1.5981,0.4006,,2.467,0.0914,0.88,NOMINAL,NOMINAL,NORMAL,0,
1643083200.0,1786277167.1640687,1,3.4808,0.3775,,2.326,0.0975,0.826,NOMINAL,NOMINAL,NORMAL,0,
1643084100.0,1786277167.2889397,1,3.4902,0.3854,,2.079,0.1021,0.898,NOMINAL,NOMINAL,NORMAL,0,
1643085000.0,1786277167.4162898,1,3.3929,0.4019,,2.715,0.1089,2.959,NOMINAL,NOMINAL,NORMAL,0,
1643085900.0,1786277167.5384486,1,3.3298,0.3751,,2.168,0.095,0.778,NOMINAL,NOMINAL,NORMAL,0,
1643086800.0,1786277167.6627645,1,2.9357,0.3447,,1.942,0.0935,0.778,NOMINAL,NOMINAL,NORMAL,0,
1643087700.0,1786277167.7875862,1,2.9031,0.3573,,1.791,0.0828,0.731,NOMINAL,NOMINAL,NORMAL,0,
1643088600.0,1786277167.9138181,1,3.2375,0.3732,,1.966,0.0836,0.801,NOMINAL,NOMINAL,NORMAL,0,
1643089500.0,1786277168.0348995,1,1.4358,0.226,,0.958,0.0406,0.399,NOMINAL,NOMINAL,NORMAL,0,
1643090400.0,1786277168.1649046,1,3.5724,0.3836,,2.124,0.1105,1.002,NOMINAL,NOMINAL,NORMAL,0,
1643091300.0,1786277168.2891195,1,3.5735,0.3969,,2.04,0.0971,0.883,NOMINAL,NOMINAL,NORMAL,0,
1643092200.0,1786277168.4139569,1,3.3108,0.3724,,2.016,0.0885,0.806,NOMINAL,NOMINAL,NORMAL,0,
1643093100.0,1786277168.539748,1,3.4931,0.4104,,2.194,0.1014,0.856,NOMINAL,NOMINAL,NORMAL,0,
1643094000.0,1786277168.6616502,1,1.7975,0.2121,,2.136,0.0673,0.696,NOMINAL,NOMINAL,NORMAL,0,
1643094900.0,1786277168.7936802,1,4.1971,0.4928,,3.329,0.1296,2.047,NOMINAL,NOMINAL,NORMAL,0,
1643095800.0,1786277168.915669,1,4.1217,0.4441,,2.624,0.115,0.843,NOMINAL,NOMINAL,NORMAL,0,
1643096700.0,1786277169.0384693,1,3.2096,0.3065,,1.956,0.0906,0.923,NOMINAL,NOMINAL,NORMAL,0,
1643097600.0,1786277169.1645424,1,3.6033,0.3994,,2.329,0.1104,0.997,NOMINAL,NOMINAL,NORMAL,0,
1643098500.0,1786277169.290341,1,3.635,0.3943,,3.081,0.1065,0.925,NOMINAL,NOMINAL,TRIGGERED,1,omni_p6
1643099400.0,1786277169.4131699,1,3.1622,0.3657,,2.277,0.0951,0.789,NOMINAL,NOMINAL,NORMAL,0,
1643100300.0,1786277169.539045,1,3.2221,0.3643,,2.693,0.0999,0.893,NOMINAL,NOMINAL,NORMAL,0,
1643101200.0,1786277169.6629696,1,2.9407,0.3552,,2.215,0.0994,0.752,NOMINAL,NOMINAL,TRIGGERED,1,omni_p6
1643102100.0,1786277169.7932515,1,4.1989,0.4917,,3.615,0.1271,1.179,NOMINAL,NOMINAL,NORMAL,0,
1643103000.0,1786277169.915497,1,3.6839,0.4086,,2.689,0.1069,1.591,NOMINAL,NOMINAL,NORMAL,0,
1643103900.0,1786277170.0386302,1,3.1372,0.3674,,2.291,0.0862,0.87,NOMINAL,NOMINAL,NORMAL,0,
1643104800.0,1786277170.1679056,1,4.2231,0.447,,3.871,0.1202,1.231,NOMINAL,NOMINAL,NORMAL,0,
1643105700.0,1786277170.2923796,1,4.3091,0.4591,,3.359,0.1279,1.101,NOMINAL,NOMINAL,NORMAL,0,
1643106600.0,1786277170.4132764,1,3.1726,0.4014,,2.386,0.0899,0.825,NOMINAL,NOMINAL,TRIGGERED,1,omni_p6
1643107500.0,1786277170.5415828,1,3.3516,0.4147,,2.214,0.2012,3.737,NOMINAL,PRE_ALERT,TRIGGERED,2,omni_p6
1643108400.0,1786277170.668219,1,3.8301,0.4259,,2.671,0.1728,3.484,PRE_ALERT,NOMINAL,NORMAL,0,
1643109300.0,1786277170.7888625,1,3.3526,0.4182,,2.08,0.1074,0.947,NOMINAL,NOMINAL,NORMAL,0,
1643110200.0,1786277170.9129505,1,3.1444,0.3901,,1.97,0.0912,0.865,NOMINAL,NOMINAL,NORMAL,0,
1643111100.0,1786277171.037603,1,2.9674,0.365,,1.972,0.1272,0.816,NOMINAL,NOMINAL,NORMAL,0,
1643112000.0,1786277171.1652484,1,3.7328,0.4152,,2.778,0.1166,0.956,NOMINAL,NOMINAL,NORMAL,0,
1643112900.0,1786277171.2904427,1,3.5986,0.4276,,3.149,0.1256,0.975,NOMINAL,NOMINAL,TRIGGERED,1,omni_p6
1643113800.0,1786277171.4158487,1,3.0785,0.3938,,2.123,0.182,3.58,NOMINAL,PRE_ALERT,TRIGGERED,2,omni_p6
1643114700.0,1786277171.5437062,1,3.9624,0.4532,,2.954,0.1972,3.643,PRE_ALERT,NOMINAL,NORMAL,0,
1643115600.0,1786277171.663737,1,3.2982,0.4502,,2.403,0.0973,0.829,NOMINAL,NOMINAL,NORMAL,0,
1643116500.0,1786277171.788372,1,2.9935,0.3845,,2.517,0.0935,0.812,NOMINAL,NOMINAL,NORMAL,0,
1643117400.0,1786277171.9123337,1,2.7436,0.3747,,2.019,0.0865,0.821,NOMINAL,NOMINAL,NORMAL,0,
1643118300.0,1786277172.0382056,1,3.0746,0.373,,2.218,0.0942,0.798,NOMINAL,NOMINAL,NORMAL,0,
1643119200.0,1786277172.1648672,1,3.4732,0.3942,,2.745,0.1106,1.253,NOMINAL,NOMINAL,TRIGGERED,1,omni_p6
1643120100.0,1786277172.2900527,1,2.7431,0.4069,,1.953,0.1606,3.604,NOMINAL,PRE_ALERT,TRIGGERED,2,omni_p6
1643121000.0,1786277172.4120607,1,1.9203,0.2226,,1.566,0.0859,1.86,PRE_ALERT,NOMINAL,NORMAL,0,
1643121900.0,1786277172.5337636,1,1.4147,0.1539,,0.93,0.0332,0.323,NOMINAL,NOMINAL,NORMAL,0,
1643122800.0,1786277172.6703768,1,4.5222,0.4595,,6.023,0.1277,1.129,NOMINAL,NOMINAL,NORMAL,0,
1643123700.0,1786277172.788947,1,3.3835,0.3921,,2.391,0.124,1.024,NOMINAL,NOMINAL,NORMAL,0,
1643124600.0,1786277172.9120762,1,2.5673,0.3329,,2.09,0.1008,0.88,NOMINAL,NOMINAL,NORMAL,0,
1643125500.0,1786277173.036795,1,2.5249,0.3085,,1.94,0.0917,0.877,NOMINAL,NOMINAL,TRIGGERED,1,omni_p6
1643126400.0,1786277173.165381,1,3.8,0.3966,,2.935,0.1139,1.015,NOMINAL,NOMINAL,NORMAL,0,
1643127300.0,1786277173.2876024,1,2.8486,0.3579,,2.122,0.1104,0.857,NOMINAL,NOMINAL,NORMAL,0,
1643128200.0,1786277173.4129012,1,2.9365,0.3636,,2.302,0.1137,0.957,NOMINAL,NOMINAL,NORMAL,0,
1643129100.0,1786277173.5370905,1,2.858,0.3377,,1.932,0.0971,0.822,NOMINAL,NOMINAL,NORMAL,0,
1643130000.0,1786277173.6600406,1,1.7551,0.2042,,1.515,0.0546,0.491,NOMINAL,NOMINAL,NORMAL,0,
1643130900.0,1786277173.792935,1,4.6345,0.5462,,3.268,0.1964,1.173,NOMINAL,NOMINAL,NORMAL,0,
1643131800.0,1786277173.9152007,1,3.7839,0.4263,,2.674,0.125,1.279,NOMINAL,NOMINAL,NORMAL,0,
1643132700.0,1786277174.0376608,1,2.7897,0.3342,,2.305,0.1083,0.924,NOMINAL,NOMINAL,NORMAL,0,
1643133600.0,1786277174.1636283,1,3.4739,0.4263,,2.706,0.1222,0.966,NOMINAL,NOMINAL,NORMAL,0,
1643134500.0,1786277174.2872458,1,2.5916,0.3837,,1.987,0.1128,0.95,NOMINAL,NOMINAL,NORMAL,0,
1643135400.0,1786277174.4127092,1,2.9108,0.3644,,2.151,0.101,0.946,NOMINAL,NOMINAL,NORMAL,0,
1643136300.0,1786277174.5388944,1,3.3,0.3734,,2.606,0.1138,0.99,NOMINAL,NOMINAL,NORMAL,0,
1643137200.0,1786277174.664215,1,3.5807,0.4188,,2.367,0.1473,1.023,NOMINAL,NOMINAL,NORMAL,0,
1643138100.0,1786277174.7938368,1,4.3254,0.4973,,3.596,0.1323,1.782,NOMINAL,NOMINAL,NORMAL,0,
1643139000.0,1786277174.915754,1,3.9035,0.413,,2.618,0.1116,0.878,NOMINAL,NOMINAL,NORMAL,0,
1643139900.0,1786277175.040363,1,3.9581,0.4257,,2.768,0.1127,0.911,NOMINAL,NOMINAL,NORMAL,0,
1643140800.0,1786277175.1627645,1,3.378,0.3418,,1.344,0.0307,0.278,NOMINAL,NOMINAL,NORMAL,0,
1643141700.0,1786277175.288526,1,3.4409,0.3712,,1.998,0.114,0.858,NOMINAL,NOMINAL,NORMAL,0,
1643142600.0,1786277175.4173977,1,3.6339,0.4024,,4.757,0.1165,0.935,NOMINAL,NOMINAL,NORMAL,0,
1643143500.0,1786277175.539899,1,3.2398,0.3899,,3.817,0.0958,0.811,NOMINAL,NOMINAL,NORMAL,0,
1643144400.0,1786277175.668318,1,4.4807,0.4588,,3.624,0.1253,1.16,NOMINAL,NOMINAL,NORMAL,0,
1643145300.0,1786277175.7896578,1,3.6582,0.3955,,2.692,0.0961,0.805,NOMINAL,NOMINAL,NORMAL,0,
1643146200.0,1786277175.9136581,1,3.2099,0.3879,,2.141,0.0849,0.727,NOMINAL,NOMINAL,TRIGGERED,1,omni_p6
1643147100.0,1786277176.0381324,1,3.2425,0.3878,,2.055,0.0939,0.765,NOMINAL,NOMINAL,NORMAL,0,
1643148000.0,1786277176.1594348,1,1.6377,0.2298,,1.091,0.0407,0.422,NOMINAL,NOMINAL,NORMAL,0,
1643148900.0,1786277176.288974,1,3.5165,0.4133,,2.085,0.0979,0.881,NOMINAL,NOMINAL,NORMAL,0,
1643149800.0,1786277176.4139009,1,3.4314,0.3962,,2.319,0.0898,0.775,NOMINAL,NOMINAL,NORMAL,0,
1643150700.0,1786277176.5378158,1,2.9577,0.3742,,2.142,0.0861,0.71,NOMINAL,NOMINAL,NORMAL,0,
1643151600.0,1786277176.6637053,1,3.2396,0.408,,2.286,0.092,0.801,NOMINAL,NOMINAL,TRIGGERED,1,omni_p6
1643152500.0,1786277176.7906334,1,3.1231,0.4037,,1.879,0.1619,3.449,NOMINAL,PRE_ALERT,TRIGGERED,2,omni_p6
1643153400.0,1786277176.9171078,1,3.9206,0.4193,,2.19,0.1584,3.23,PRE_ALERT,NOMINAL,NORMAL,0,
1643154300.0,1786277177.0383317,1,3.377,0.4014,,1.865,0.1006,0.758,NOMINAL,NOMINAL,NORMAL,0,
1643155200.0,1786277177.1629982,1,3.1018,0.2955,1.3984,0.711,0.0302,0.288,NOMINAL,NOMINAL,NORMAL,0,
1643156100.0,1786277177.2895095,1,3.6705,0.4146,,2.382,0.1167,0.939,NOMINAL,NOMINAL,NORMAL,0,
1643157000.0,1786277177.4150064,1,3.7094,0.4183,,2.683,0.1126,0.892,NOMINAL,NOMINAL,NORMAL,0,
1643157900.0,1786277177.5392187,1,3.3997,0.4102,,2.645,0.107,0.807,NOMINAL,NOMINAL,TRIGGERED,1,omni_p6
1643158800.0,1786277177.667744,1,3.7153,0.4674,,2.575,0.1927,3.644,NOMINAL,PRE_ALERT,TRIGGERED,2,omni_p6
1643159700.0,1786277177.793252,1,4.0853,0.4166,,2.564,0.1842,3.424,PRE_ALERT,NOMINAL,NORMAL,0,
1643160600.0,1786277177.9144995,1,3.6415,0.4168,,2.447,0.0951,0.825,NOMINAL,NOMINAL,NORMAL,0,
1643161500.0,1786277178.0385556,1,3.4039,0.4039,,2.066,0.1016,0.834,NOMINAL,NOMINAL,NORMAL,0,
1643162400.0,1786277178.1593068,1,1.6602,0.2309,,0.932,0.0408,0.387,NOMINAL,NOMINAL,NORMAL,0,
1643163300.0,1786277178.2892325,1,3.5721,0.4286,,2.271,0.1052,0.883,NOMINAL,NOMINAL,NORMAL,0,
1643164200.0,1786277178.4133499,1,3.314,0.409,,2.091,0.0958,0.793,NOMINAL,NOMINAL,TRIGGERED,1,omni_p6
1643165100.0,1786277178.5401626,1,3.0128,0.3531,,1.775,0.1487,3.283,NOMINAL,PRE_ALERT,TRIGGERED,2,omni_p6
1643166000.0,1786277178.661837,1,1.8832,0.2184,,1.416,0.0834,1.729,PRE_ALERT,NOMINAL,NORMAL,0,
1643166900.0,1786277178.79409,1,4.4544,0.4661,,4.085,0.1352,1.104,NOMINAL,NOMINAL,NORMAL,0,
1643167800.0,1786277178.9174786,1,4.4875,0.4582,,3.275,0.1194,1.03,NOMINAL,NOMINAL,NORMAL,0,
1643168700.0,1786277179.0398388,1,3.9223,0.4761,,2.361,0.1092,0.895,NOMINAL,NOMINAL,NORMAL,0,
1643169600.0,1786277179.1626697,1,3.1626,0.3261,,1.731,0.0846,0.69,NOMINAL,NOMINAL,NORMAL,0,
1643170500.0,1786277179.2896044,1,3.7807,0.4154,,2.325,0.1113,0.841,NOMINAL,NOMINAL,TRIGGERED,1,omni_p6
1643171400.0,1786277179.4141726,1,3.6239,0.3906,,2.327,0.1061,0.792,NOMINAL,NOMINAL,NORMAL,0,
1643172300.0,1786277179.5381477,1,3.1623,0.3491,,2.106,0.0942,0.726,NOMINAL,NOMINAL,NORMAL,0,
1643173200.0,1786277179.6632931,1,3.0894,0.3952,,2.277,0.1012,0.785,NOMINAL,NOMINAL,NORMAL,0,
1643174100.0,1786277179.7935112,1,4.4958,0.5021,,3.483,0.1228,1.048,NOMINAL,NOMINAL,NORMAL,0,
1643175000.0,1786277179.9144056,1,3.852,0.4144,,2.196,0.0944,0.805,NOMINAL,NOMINAL,NORMAL,0,
1643175900.0,1786277180.038424,1,3.4204,0.3805,,1.946,0.0964,0.806,NOMINAL,NOMINAL,NORMAL,0,
1643176800.0,1786277180.163862,1,3.4472,0.3891,,2.189,0.1054,0.819,NOMINAL,NOMINAL,NORMAL,0,
1643177700.0,1786277180.2905855,1,3.9467,0.4111,,2.698,0.1104,0.964,NOMINAL,NOMINAL,NORMAL,0,
1643178600.0,1786277180.4148023,1,3.8865,0.4142,,2.44,0.1005,0.89,NOMINAL,NOMINAL,NORMAL,0,
1643179500.0,1786277180.5395064,1,3.6035,0.3897,,2.142,0.1058,1.267,NOMINAL,NOMINAL,NORMAL,0,
1643180400.0,1786277180.6636226,1,3.4495,0.3748,,2.053,0.1026,0.789,NOMINAL,NOMINAL,NORMAL,0,
1643181300.0,1786277180.7900856,1,3.6523,0.3998,,2.512,0.1106,0.912,NOMINAL,NOMINAL,NORMAL,0,
1643182200.0,1786277180.913293,1,3.3637,0.3613,,1.935,0.0905,0.778,NOMINAL,NOMINAL,NORMAL,0,
1643183100.0,1786277181.0381556,1,3.2893,0.3659,,1.922,0.097,0.713,NOMINAL,NOMINAL,NORMAL,0,
1643184000.0,1786277181.162543,1,2.9559,0.3533,,2.015,0.0885,0.684,NOMINAL,NOMINAL,NORMAL,0,
1643184900.0,1786277181.2912467,1,3.8136,0.4288,,3.172,0.1147,0.973,NOMINAL,NOMINAL,NORMAL,0,
1643185800.0,1786277181.4142892,1,3.5485,0.3937,,2.381,0.1033,0.889,NOMINAL,NOMINAL,NORMAL,0,
1643186700.0,1786277181.5380747,1,3.1017,0.3404,,2.151,0.0803,0.652,NOMINAL,NOMINAL,TRIGGERED,1,omni_p6
1643187600.0,1786277181.6631603,1,2.9389,0.347,,2.232,0.0831,0.938,NOMINAL,NOMINAL,NORMAL,0,
1643188500.0,1786277181.789395,1,3.3894,0.3734,,2.342,0.1014,0.795,NOMINAL,NOMINAL,NORMAL,0,
1643189400.0,1786277181.912936,1,3.1202,0.3505,,2.025,0.0935,0.764,NOMINAL,NOMINAL,NORMAL,0,
1643190300.0,1786277182.037936,1,3.1442,0.3453,,1.966,0.1117,0.802,NOMINAL,NOMINAL,NORMAL,0,
1643191200.0,1786277182.1622138,1,2.82,0.3394,,1.769,0.0849,0.694,NOMINAL,NOMINAL,NORMAL,0,
1643192100.0,1786277182.290823,1,3.8195,0.4202,,2.747,0.1138,0.946,NOMINAL,NOMINAL,TRIGGERED,1,omni_p6
1643193000.0,1786277182.4166088,1,3.539,0.4031,,2.189,0.1752,3.475,NOMINAL,PRE_ALERT,TRIGGERED,2,omni_p6
1643193900.0,1786277182.542187,1,3.7723,0.4597,,2.276,0.1674,3.349,PRE_ALERT,NOMINAL,NORMAL,0,
1643194800.0,1786277182.6646843,1,3.7689,0.4142,,2.163,0.1054,0.932,NOMINAL,NOMINAL,NORMAL,0,
1643195700.0,1786277182.7894375,1,3.6729,0.4346,,2.175,0.1032,0.854,NOMINAL,NOMINAL,NORMAL,0,
1643196600.0,1786277182.9133153,1,3.364,0.387,,2.04,0.0876,0.755,NOMINAL,NOMINAL,NORMAL,0,
1643197500.0,1786277183.0382407,1,3.2689,0.3967,,2.002,0.0899,0.755,NOMINAL,NOMINAL,NORMAL,0,
1643198400.0,1786277183.1626348,1,3.1213,0.4213,,1.682,0.0885,0.758,NOMINAL,NOMINAL,TRIGGERED,1,omni_p6
1643199300.0,1786277183.293322,1,3.7868,0.4132,,2.676,0.1814,3.701,NOMINAL,PRE_ALERT,TRIGGERED,2,omni_p6
1643200200.0,1786277183.4178033,1,3.9046,0.4094,,2.598,0.1821,3.533,PRE_ALERT,NOMINAL,NORMAL,0,
1643201100.0,1786277183.5409033,1,4.0257,0.4317,,2.637,0.1115,0.887,NOMINAL,NOMINAL,NORMAL,0,
1643202000.0,1786277183.6608632,1,1.8955,0.2166,,1.611,0.0631,0.505,NOMINAL,NOMINAL,NORMAL,0,
1643202900.0,1786277183.7932312,1,4.3747,0.5005,,3.502,0.139,1.242,NOMINAL,NOMINAL,NORMAL,0,
1643203800.0,1786277183.9165652,1,4.2125,0.4511,,2.851,0.1173,0.982,NOMINAL,NOMINAL,TRIGGERED,1,omni_p6
1643204700.0,1786277184.042285,1,3.7619,0.4528,,2.158,0.1855,3.526,NOMINAL,PRE_ALERT,TRIGGERED,2,omni_p6
1643205600.0,1786277184.167463,1,3.9821,0.4065,,2.446,0.1691,3.278,PRE_ALERT,NOMINAL,NORMAL,0,
1643206500.0,1786277184.2905743,1,3.9591,0.4212,,2.577,0.1117,0.931,NOMINAL,NOMINAL,NORMAL,0,
1643207400.0,1786277184.4141126,1,3.4627,0.3869,,2.584,0.1,0.829,NOMINAL,NOMINAL,NORMAL,0,
1643208300.0,1786277184.5390751,1,3.4434,0.3853,,2.597,0.0948,0.812,NOMINAL,NOMINAL,NORMAL,0,
1643209200.0,1786277184.6634653,1,3.0424,0.365,,2.48,0.0859,0.83,NOMINAL,NOMINAL,NORMAL,0,
1643210100.0,1786277184.79391,1,4.438,0.4813,,3.798,0.137,1.137,NOMINAL,NOMINAL,TRIGGERED,1,omni_p6
1643211000.0,1786277184.9191086,1,4.14,0.4778,,3.098,0.1775,3.701,NOMINAL,PRE_ALERT,TRIGGERED,2,omni_p6
1643211900.0,1786277185.043321,1,3.9281,0.4237,,2.948,0.2329,3.479,PRE_ALERT,NOMINAL,NORMAL,0,
1643212800.0,1786277185.1642077,1,3.6844,0.3939,,2.097,0.106,0.866,NOMINAL,NOMINAL,NORMAL,0,
1643213700.0,1786277185.2870827,1,3.0502,0.1443,,1.183,0.0436,0.404,NOMINAL,NOMINAL,NORMAL,0,
1643214600.0,1786277185.414773,1,3.7035,0.3969,,2.309,0.0984,0.846,NOMINAL,NOMINAL,NORMAL,0,
1643215500.0,1786277185.5398173,1,3.7204,0.454,,2.72,0.0998,0.844,NOMINAL,NOMINAL,NORMAL,0,
1643216400.0,1786277185.6635652,1,3.3569,0.3715,,1.953,0.091,0.815,NOMINAL,NOMINAL,NORMAL,0,
1643217300.0,1786277185.7897365,1,3.6647,0.4354,,2.441,0.112,0.935,NOMINAL,NOMINAL,NORMAL,0,
1643218200.0,1786277185.9149203,1,3.7132,0.406,,2.793,0.1042,0.862,NOMINAL,NOMINAL,NORMAL,0,
1643219100.0,1786277186.0393596,1,3.5105,0.3756,,2.644,0.1009,0.787,NOMINAL,NOMINAL,NORMAL,0,
1643220000.0,1786277186.1631172,1,3.2086,0.3615,,1.775,0.076,0.74,NOMINAL,NOMINAL,NORMAL,0,
1643220900.0,1786277186.2844546,1,1.5369,0.2244,,1.034,0.0429,0.641,NOMINAL,NOMINAL,NORMAL,0,
1643221800.0,1786277186.4144776,1,3.6955,0.3996,,2.346,0.1025,0.949,NOMINAL,NOMINAL,NORMAL,0,
1643222700.0,1786277186.5407681,1,3.7176,0.426,,3.289,0.1223,1.088,NOMINAL,NOMINAL,NORMAL,0,
1643223600.0,1786277186.66357,1,3.2361,0.3626,,2.114,0.0962,0.813,NOMINAL,NOMINAL,NORMAL,0,
1643224500.0,1786277186.788676,1,3.1021,0.3585,,2.321,0.1395,0.871,NOMINAL,NOMINAL,NORMAL,0,
1643225400.0,1786277186.9144387,1,3.4255,0.4046,,2.67,0.1043,0.825,NOMINAL,NOMINAL,NORMAL,0,
1643226300.0,1786277187.0384922,1,3.3938,0.3744,,2.003,0.1013,0.882,NOMINAL,NOMINAL,NORMAL,0,
1643227200.0,1786277187.1628006,1,3.1268,0.4167,,1.794,0.0937,0.691,NOMINAL,NOMINAL,NORMAL,0,
1643228100.0,1786277187.2871618,1,2.7434,0.2802,,1.799,0.0925,0.717,NOMINAL,NOMINAL,NORMAL,0,
1643229000.0,1786277187.4153936,1,3.7626,0.4139,,3.03,0.1107,0.932,NOMINAL,NOMINAL,NORMAL,0,
1643229900.0,1786277187.540024,1,3.7308,0.4541,,2.654,0.0999,0.855,NOMINAL,NOMINAL,NORMAL,0,
1643230800.0,1786277187.6634846,1,3.2736,0.3924,,2.172,0.0926,0.801,NOMINAL,NOMINAL,TRIGGERED,1,omni_p6
1643231700.0,1786277187.7906287,1,3.125,0.3484,,1.932,0.1495,3.52,NOMINAL,PRE_ALERT,TRIGGERED,2,omni_p6
1643232600.0,1786277187.9190893,1,4.0705,0.4971,,2.706,0.1905,3.929,PRE_ALERT,NOMINAL,NORMAL,0,
1643233500.0,1786277188.0405471,1,3.8685,0.3976,,2.739,0.0978,1.075,NOMINAL,NOMINAL,NORMAL,0,
1643234400.0,1786277188.1636038,1,3.3992,0.3742,,2.008,0.0899,0.746,NOMINAL,NOMINAL,NORMAL,0,
1643235300.0,1786277188.2885985,1,3.4259,0.3794,,1.99,0.0995,0.843,NOMINAL,NOMINAL,NORMAL,0,
1643236200.0,1786277188.4160051,1,3.9626,0.4091,,2.992,0.1124,1.169,NOMINAL,NOMINAL,NORMAL,0,
1643237100.0,1786277188.539044,1,3.577,0.3849,,2.116,0.1063,0.826,NOMINAL,NOMINAL,TRIGGERED,1,omni_p6
1643238000.0,1786277188.662709,1,1.8746,0.2179,,1.532,0.0965,2.422,NOMINAL,PRE_ALERT,TRIGGERED,2,omni_p6
1643238900.0,1786277188.795601,1,4.4067,0.5132,,3.307,0.2078,3.68,PRE_ALERT,NOMINAL,NORMAL,0,
1643239800.0,1786277188.918214,1,4.116,0.4335,,4.169,0.1183,1.179,NOMINAL,NOMINAL,NORMAL,0,
1643240700.0,1786277189.0404453,1,3.9695,0.4171,,2.798,0.0978,0.891,NOMINAL,NOMINAL,NORMAL,0,
1643241600.0,1786277189.1659954,1,3.5538,0.3569,1.8155,1.969,0.0985,0.801,NOMINAL,NOMINAL,NORMAL,0,
