phys_ts,ap_pub_wall_ts,n_channels,resample_ms,z_eval_ms,bg_update_ms,dds_transport_ms,fsm_eval_ms,node_latency_ms,from_state,ap_state,rpn_result,counter,trigger_channels
1641772800.0,1786288083.1273758,3,2.4628,0.1141,0.0626,1.107,0.046,0.368,NOMINAL,NOMINAL,STALE,0,
1641773700.0,1786288083.251535,3,2.4063,0.1158,,0.959,0.0422,0.312,NOMINAL,NOMINAL,STALE,0,
1641774600.0,1786288083.375914,3,2.1763,0.1097,,0.745,0.0384,0.276,NOMINAL,NOMINAL,STALE,0,
1641775500.0,1786288083.5006924,3,2.082,0.1102,,0.649,0.0363,0.305,NOMINAL,NOMINAL,STALE,0,
1641776400.0,1786288083.625576,3,2.097,0.1078,,0.632,0.0341,0.258,NOMINAL,NOMINAL,STALE,0,
1641777300.0,1786288083.750633,3,2.1055,0.1069,,0.643,0.0323,0.254,NOMINAL,NOMINAL,STALE,0,
1641778200.0,1786288083.875984,3,2.2303,0.1122,,0.774,0.0374,0.279,NOMINAL,NOMINAL,STALE,0,
1641779100.0,1786288084.0007222,3,2.116,0.11,,0.723,0.0365,0.262,NOMINAL,NOMINAL,STALE,0,
1641780000.0,1786288084.126411,3,2.3798,0.1142,,0.925,0.043,0.312,NOMINAL,NOMINAL,STALE,0,
1641780900.0,1786288084.2508502,3,2.2082,0.1138,,0.69,0.0386,0.293,NOMINAL,NOMINAL,STALE,0,
1641781800.0,1786288084.3759048,3,2.1786,0.1106,,0.727,0.0391,0.267,NOMINAL,NOMINAL,STALE,0,
1641782700.0,1786288084.5008988,3,2.1958,0.1091,,0.705,0.0388,0.276,NOMINAL,NOMINAL,STALE,0,
1641783600.0,1786288084.6256363,3,2.1354,0.1077,,0.643,0.0351,0.261,NOMINAL,NOMINAL,STALE,0,
1641784500.0,1786288084.7507403,3,2.135,0.1091,,0.676,0.0362,0.26,NOMINAL,NOMINAL,STALE,0,
1641785400.0,1786288084.8755658,3,2.0541,0.1085,,0.67,0.0319,0.248,NOMINAL,NOMINAL,STALE,0,
1641786300.0,1786288085.000404,3,1.9701,0.1083,,0.674,0.0336,0.252,NOMINAL,NOMINAL,STALE,0,
1641787200.0,1786288085.125414,3,2.0323,0.105,,0.608,0.0308,0.242,NOMINAL,NOMINAL,STALE,0,
1641788100.0,1786288085.2504265,3,2.0089,0.1063,,0.653,0.0338,0.247,NOMINAL,NOMINAL,STALE,0,
1641789000.0,1786288085.375704,3,2.0532,0.1051,,0.711,0.038,0.29,NOMINAL,NOMINAL,STALE,0,
1641789900.0,1786288085.5007548,3,2.1748,0.1103,,0.646,0.0363,0.266,NOMINAL,NOMINAL,STALE,0,
1641790800.0,1786288085.625535,3,2.1087,0.1079,,0.605,0.0356,0.249,NOMINAL,NOMINAL,STALE,0,
1641791700.0,1786288085.750582,3,2.0712,0.1081,,0.671,0.0359,0.252,NOMINAL,NOMINAL,STALE,0,
1641792600.0,1786288085.875317,3,1.9397,0.1074,,0.617,0.0343,0.247,NOMINAL,NOMINAL,STALE,0,
1641793500.0,1786288086.0004852,3,1.9636,0.1072,,0.741,0.0379,0.268,NOMINAL,NOMINAL,STALE,0,
1641794400.0,1786288086.1252635,3,1.8895,0.1052,,0.613,0.0344,0.276,NOMINAL,NOMINAL,STALE,0,
1641795300.0,1786288086.2502854,3,1.9451,0.104,,0.636,0.0346,0.243,NOMINAL,NOMINAL,STALE,0,
1641796200.0,1786288086.3755853,3,1.9951,0.1055,,0.73,0.0408,0.275,NOMINAL,NOMINAL,STALE,0,
1641797100.0,1786288086.500588,3,2.0568,0.1064,,0.664,0.0371,0.27,NOMINAL,NOMINAL,STALE,0,
1641798000.0,1786288086.62553,3,2.0618,0.108,,0.647,0.0384,0.276,NOMINAL,NOMINAL,STALE,0,
1641798900.0,1786288086.7505813,3,2.0483,0.1067,,0.656,0.0379,0.288,NOMINAL,NOMINAL,STALE,0,
1641799800.0,1786288086.875211,3,1.9022,0.1047,,0.611,0.033,0.246,NOMINAL,NOMINAL,STALE,0,
1641800700.0,1786288087.0002646,3,1.8896,0.1054,,0.629,0.0341,0.279,NOMINAL,NOMINAL,STALE,0,
1641801600.0,1786288087.1252158,3,1.878,0.1044,,0.584,0.0334,0.25,NOMINAL,NOMINAL,STALE,0,
1641802500.0,1786288087.250348,3,1.9876,0.1059,,0.63,0.0322,0.239,NOMINAL,NOMINAL,STALE,0,
1641803400.0,1786288087.3757443,3,2.0861,0.1072,,0.767,0.0386,0.28,NOMINAL,NOMINAL,STALE,0,
1641804300.0,1786288087.500583,3,2.0804,0.1091,,0.627,0.038,0.258,NOMINAL,NOMINAL,STALE,0,
1641805200.0,1786288087.6259465,3,2.2307,0.1083,,0.785,0.0401,0.282,NOMINAL,NOMINAL,STALE,0,
1641806100.0,1786288087.750773,3,2.1595,0.1093,,0.709,0.0397,0.27,NOMINAL,NOMINAL,STALE,0,
1641807000.0,1786288087.8753653,3,1.951,0.1047,,0.635,0.0359,0.252,NOMINAL,NOMINAL,STALE,0,
1641807900.0,1786288088.0010693,3,2.0696,0.1067,,0.906,0.0418,0.505,NOMINAL,NOMINAL,STALE,0,
1641808800.0,1786288088.126412,3,2.3575,0.1114,,0.875,0.0409,0.306,NOMINAL,NOMINAL,STALE,0,
1641809700.0,1786288088.251005,3,2.2592,0.113,,0.723,0.04,0.279,NOMINAL,NOMINAL,STALE,0,
1641810600.0,1786288088.3758743,3,2.1672,0.1115,,0.713,0.0361,0.268,NOMINAL,NOMINAL,STALE,0,
1641811500.0,1786288088.5007982,3,2.1357,0.1094,,0.684,0.0378,0.27,NOMINAL,NOMINAL,STALE,0,
1641812400.0,1786288088.6255531,3,2.0936,0.1092,,0.619,0.0327,0.254,NOMINAL,NOMINAL,STALE,0,
1641813300.0,1786288088.7507646,3,2.1376,0.1084,,0.681,0.0347,0.266,NOMINAL,NOMINAL,STALE,0,
1641814200.0,1786288088.875405,3,1.9959,0.1074,,0.617,0.0325,0.25,NOMINAL,NOMINAL,STALE,0,
1641815100.0,1786288089.0004344,3,1.9807,0.105,,0.672,0.0337,0.261,NOMINAL,NOMINAL,STALE,0,
1641816000.0,1786288089.1263645,3,2.2473,0.1105,,0.871,0.0408,0.514,NOMINAL,NOMINAL,STALE,0,
1641816900.0,1786288089.250828,3,2.1578,0.1102,,0.684,0.0386,0.293,NOMINAL,NOMINAL,STALE,0,
1641817800.0,1786288089.3757448,3,2.0872,0.1099,,0.701,0.0364,0.273,NOMINAL,NOMINAL,STALE,0,
1641818700.0,1786288089.5007951,3,2.1441,0.1097,,0.664,0.0412,0.3,NOMINAL,NOMINAL,STALE,0,
1641819600.0,1786288089.6255524,3,2.1051,0.1075,,0.593,0.0356,0.259,NOMINAL,NOMINAL,STALE,0,
1641820500.0,1786288089.750725,3,2.0941,0.1096,,0.662,0.0357,0.256,NOMINAL,NOMINAL,STALE,0,
1641821400.0,1786288089.8756208,3,2.0231,0.1071,,0.63,0.0337,0.277,NOMINAL,NOMINAL,STALE,0,
1641822300.0,1786288090.0006144,3,2.0317,0.1083,,0.691,0.0355,0.253,NOMINAL,NOMINAL,STALE,0,
1641823200.0,1786288090.125813,3,2.114,0.1119,,0.748,0.0376,0.29,NOMINAL,NOMINAL,STALE,0,
1641824100.0,1786288090.251165,3,2.2173,0.1115,,0.895,0.0415,0.307,NOMINAL,NOMINAL,STALE,0,
1641825000.0,1786288090.3757367,3,2.0714,0.1096,,0.728,0.0374,0.283,NOMINAL,NOMINAL,STALE,0,
1641825900.0,1786288090.500912,3,2.1341,0.1086,,0.766,0.0394,0.29,NOMINAL,NOMINAL,STALE,0,
1641826800.0,1786288090.625702,3,2.1408,0.1075,,0.687,0.0355,0.264,NOMINAL,NOMINAL,STALE,0,
1641827700.0,1786288090.7508974,3,2.1548,0.1091,,0.754,0.0372,0.275,NOMINAL,NOMINAL,STALE,0,
1641828600.0,1786288090.8755836,3,2.0121,0.1075,,0.684,0.034,0.248,NOMINAL,NOMINAL,STALE,0,
1641829500.0,1786288091.0007765,3,2.0591,0.1089,,0.799,0.0373,0.274,NOMINAL,NOMINAL,STALE,0,
1641830400.0,1786288091.1255937,3,2.034,0.1072,,0.681,0.0334,0.253,NOMINAL,NOMINAL,STALE,0,
1641831300.0,1786288091.2506793,3,2.0374,0.1117,,0.723,0.0345,0.28,NOMINAL,NOMINAL,STALE,0,
1641832200.0,1786288091.3755312,3,2.0011,0.1077,,0.687,0.0337,0.245,NOMINAL,NOMINAL,STALE,0,
1641833100.0,1786288091.5011504,3,2.231,0.1139,,0.817,0.0384,0.295,NOMINAL,NOMINAL,STALE,0,
1641834000.0,1786288091.6257403,3,2.1421,0.1106,,0.704,0.0327,0.26,NOMINAL,NOMINAL,STALE,0,
1641834900.0,1786288091.750803,3,2.1328,0.109,,0.725,0.0352,0.262,NOMINAL,NOMINAL,STALE,0,
1641835800.0,1786288091.8756452,3,2.0427,0.1083,,0.659,0.0343,0.259,NOMINAL,NOMINAL,STALE,0,
1641836700.0,1786288092.0004654,3,2.0061,0.1072,,0.694,0.035,0.26,NOMINAL,NOMINAL,STALE,0,
1641837600.0,1786288092.1253057,3,1.8983,0.1072,,0.653,0.0347,0.259,NOMINAL,NOMINAL,STALE,0,
1641838500.0,1786288092.2505975,3,2.0275,0.1063,,0.723,0.0363,0.259,NOMINAL,NOMINAL,STALE,0,
1641839400.0,1786288092.3755243,3,1.993,0.106,,0.695,0.0339,0.253,NOMINAL,NOMINAL,STALE,0,
1641840300.0,1786288092.5010073,3,2.129,0.1086,,0.892,0.0377,0.278,NOMINAL,NOMINAL,STALE,0,
1641841200.0,1786288092.625585,3,2.0735,0.1066,,0.687,0.0313,0.282,NOMINAL,NOMINAL,STALE,0,
1641842100.0,1786288092.7507694,3,2.1175,0.1068,,0.721,0.0364,0.263,NOMINAL,NOMINAL,STALE,0,
1641843000.0,1786288092.8754957,3,1.9854,0.1075,,0.68,0.0314,0.244,NOMINAL,NOMINAL,STALE,0,
1641843900.0,1786288093.001191,3,2.2447,0.1118,,0.907,0.0404,0.307,NOMINAL,NOMINAL,STALE,0,
1641844800.0,1786288093.1264753,3,2.3351,0.1143,,0.941,0.0414,0.305,NOMINAL,NOMINAL,STALE,0,
1641845700.0,1786288093.251014,3,2.2284,0.1106,,0.799,0.0386,0.284,NOMINAL,NOMINAL,STALE,0,
1641846600.0,1786288093.37568,3,2.0747,0.1097,,0.714,0.0358,0.27,NOMINAL,NOMINAL,STALE,0,
1641847500.0,1786288093.50096,3,2.1675,0.1092,,0.794,0.0382,0.279,NOMINAL,NOMINAL,STALE,0,
1641848400.0,1786288093.6254826,3,2.0044,0.1066,,0.686,0.0344,0.255,NOMINAL,NOMINAL,STALE,0,
1641849300.0,1786288093.7507765,3,2.1392,0.1088,,0.732,0.0375,0.254,NOMINAL,NOMINAL,STALE,0,
1641850200.0,1786288093.875579,3,2.0248,0.1078,,0.69,0.0359,0.268,NOMINAL,NOMINAL,STALE,0,
1641851100.0,1786288094.0004547,3,1.949,0.1056,,0.724,0.0348,0.251,NOMINAL,NOMINAL,STALE,0,
1641852000.0,1786288094.1262417,3,2.2953,0.1138,,0.844,0.0412,0.322,NOMINAL,NOMINAL,STALE,0,
1641852900.0,1786288094.2509172,3,2.2191,0.1129,,0.694,0.0404,0.269,NOMINAL,NOMINAL,STALE,0,
1641853800.0,1786288094.3756316,3,2.0948,0.1089,,0.644,0.0359,0.259,NOMINAL,NOMINAL,STALE,0,
1641854700.0,1786288094.5006897,3,2.1049,0.1093,,0.634,0.0359,0.266,NOMINAL,NOMINAL,STALE,0,
1641855600.0,1786288094.6258054,3,2.2055,0.1094,,0.697,0.0364,0.269,NOMINAL,NOMINAL,STALE,0,
1641856500.0,1786288094.7507904,3,2.1635,0.1102,,0.675,0.0383,0.263,NOMINAL,NOMINAL,STALE,0,
1641857400.0,1786288094.8754854,3,2.0127,0.1088,,0.626,0.0344,0.278,NOMINAL,NOMINAL,STALE,0,
1641858300.0,1786288095.0005448,3,2.0362,0.1095,,0.664,0.0344,0.248,NOMINAL,NOMINAL,STALE,0,
1641859200.0,1786288095.1277623,3,1.9853,0.2932,1.1244,0.572,0.035,0.27,NOMINAL,NOMINAL,NORMAL,0,
1641860100.0,1786288095.2507493,3,2.0977,0.2793,,0.654,0.0371,0.283,NOMINAL,NOMINAL,NORMAL,0,
1641861000.0,1786288095.3756282,3,2.0178,0.2674,,0.662,0.0356,0.255,NOMINAL,NOMINAL,NORMAL,0,
1641861900.0,1786288095.500736,3,2.0655,0.2756,,0.665,0.0368,0.257,NOMINAL,NOMINAL,NORMAL,0,
1641862800.0,1786288095.6255648,3,1.9649,0.2675,,0.662,0.0355,0.27,NOMINAL,NOMINAL,TRIGGERED,1,omni_p6|pro_tel0_p5|pro_tel90_p5
1641863700.0,1786288095.7518387,3,2.095,0.2712,,0.689,0.0724,1.272,NOMINAL,PRE_ALERT,TRIGGERED,2,omni_p6|pro_tel0_p5|pro_tel90_p5
1641864600.0,1786288095.876757,3,1.9248,0.2577,,0.651,0.047,1.522,PRE_ALERT,NOMINAL,NORMAL,0,
1641865500.0,1786288096.0006518,3,1.9417,0.2589,,0.733,0.0396,0.329,NOMINAL,NOMINAL,NORMAL,0,
1641866400.0,1786288096.125584,3,1.9753,0.2611,,0.644,0.0356,0.269,NOMINAL,NOMINAL,NORMAL,0,
1641867300.0,1786288096.2505283,3,1.9612,0.2581,,0.628,0.036,0.257,NOMINAL,NOMINAL,NORMAL,0,
1641868200.0,1786288096.3755774,3,1.9709,0.2618,,0.628,0.0345,0.283,NOMINAL,NOMINAL,TRIGGERED,1,omni_p6
1641869100.0,1786288096.5018015,3,2.0922,0.2718,,0.685,0.051,1.194,NOMINAL,PRE_ALERT,TRIGGERED,2,omni_p6|pro_tel0_p5|pro_tel90_p5
1641870000.0,1786288096.6267412,3,2.1475,0.2677,,0.659,0.0521,1.152,PRE_ALERT,NOMINAL,NORMAL,0,
1641870900.0,1786288096.7508762,3,2.1368,0.2671,,0.683,0.0376,0.267,NOMINAL,NOMINAL,NORMAL,0,
1641871800.0,1786288096.87574,3,2.1421,0.2579,,0.642,0.0354,0.265,NOMINAL,NOMINAL,NORMAL,0,
1641872700.0,1786288097.0004349,3,1.9158,0.2605,,0.663,0.0352,0.252,NOMINAL,NOMINAL,NORMAL,0,
1641873600.0,1786288097.1255925,3,2.0283,0.2629,,0.632,0.035,0.254,NOMINAL,NOMINAL,NORMAL,0,
1641874500.0,1786288097.2504504,3,1.9362,0.2585,,0.645,0.0347,0.253,NOMINAL,NOMINAL,NORMAL,0,
1641875400.0,1786288097.375542,3,1.9692,0.2677,,0.649,0.0339,0.258,NOMINAL,NOMINAL,TRIGGERED,1,omni_p6
1641876300.0,1786288097.5007603,3,2.0699,0.2702,,0.644,0.0363,0.267,NOMINAL,NOMINAL,NORMAL,0,
1641877200.0,1786288097.6256196,3,2.0007,0.2652,,0.678,0.0373,0.273,NOMINAL,NOMINAL,NORMAL,0,
1641878100.0,1786288097.7508519,3,2.0814,0.2694,,0.702,0.0391,0.271,NOMINAL,NOMINAL,NORMAL,0,
1641879000.0,1786288097.8756464,3,2.0024,0.2643,,0.638,0.0351,0.283,NOMINAL,NOMINAL,NORMAL,0,
1641879900.0,1786288098.0012777,3,2.2065,0.2837,,0.916,0.0409,0.308,NOMINAL,NOMINAL,NORMAL,0,
1641880800.0,1786288098.126181,3,2.1976,0.2799,,0.875,0.0421,0.328,NOMINAL,NOMINAL,NORMAL,0,
1641881700.0,1786288098.250893,3,2.0966,0.2718,,0.792,0.0403,0.281,NOMINAL,NOMINAL,NORMAL,0,
1641882600.0,1786288098.3758614,3,2.0525,0.2688,,0.757,0.0398,0.284,NOMINAL,NOMINAL,NORMAL,0,
1641883500.0,1786288098.500816,3,2.0528,0.2691,,0.714,0.0366,0.299,NOMINAL,NOMINAL,NORMAL,0,
1641884400.0,1786288098.6258144,3,2.1244,0.2702,,0.677,0.0371,0.279,NOMINAL,NOMINAL,NORMAL,0,
1641885300.0,1786288098.7507691,3,2.0827,0.2728,,0.658,0.0373,0.268,NOMINAL,NOMINAL,TRIGGERED,1,pro_tel90_p5
1641886200.0,1786288098.8766851,3,2.2728,0.2883,,0.915,0.0427,0.379,NOMINAL,NOMINAL,NORMAL,0,
1641887100.0,1786288099.0008101,3,2.0707,0.2695,,0.739,0.0392,0.286,NOMINAL,NOMINAL,NORMAL,0,
1641888000.0,1786288099.1261756,3,2.1822,0.2873,,0.866,0.04,0.332,NOMINAL,NOMINAL,TRIGGERED,1,omni_p6|pro_tel0_p5|pro_tel90_p5
1641888900.0,1786288099.2508323,3,2.0799,0.2712,,0.738,0.0409,0.29,NOMINAL,NOMINAL,NORMAL,0,
1641889800.0,1786288099.3758337,3,2.0612,0.2723,,0.728,0.0392,0.287,NOMINAL,NOMINAL,NORMAL,0,
1641890700.0,1786288099.5006664,3,2.0148,0.2725,,0.673,0.0366,0.283,NOMINAL,NOMINAL,TRIGGERED,1,omni_p6|pro_tel0_p5|pro_tel90_p5
1641891600.0,1786288099.62657,3,2.0339,0.2683,,0.613,0.051,1.239,NOMINAL,PRE_ALERT,TRIGGERED,2,omni_p6|pro_tel90_p5
1641892500.0,1786288099.7519484,3,2.1434,0.2731,,0.77,0.0578,1.237,PRE_ALERT,NOMINAL,NORMAL,0,
1641893400.0,1786288099.8756254,3,1.9736,0.2667,,0.701,0.0361,0.277,NOMINAL,NOMINAL,NORMAL,0,
1641894300.0,1786288100.0004485,3,1.8921,0.2599,,0.683,0.0368,0.271,NOMINAL,NOMINAL,NORMAL,0,
1641895200.0,1786288100.1254685,3,1.9211,0.261,,0.632,0.0346,0.254,NOMINAL,NOMINAL,NORMAL,0,
1641896100.0,1786288100.2503164,3,1.8662,0.2561,,0.624,0.0341,0.247,NOMINAL,NOMINAL,NORMAL,0,
1641897000.0,1786288100.3754969,3,1.9441,0.2646,,0.626,0.0341,0.256,NOMINAL,NOMINAL,TRIGGERED,1,omni_p6|pro_tel0_p5|pro_tel90_p5
1641897900.0,1786288100.5005443,3,1.9638,0.2613,,0.666,0.0366,0.257,NOMINAL,NOMINAL,NORMAL,0,
1641898800.0,1786288100.6255674,3,1.9838,0.2656,,0.647,0.0356,0.264,NOMINAL,NOMINAL,NORMAL,0,
1641899700.0,1786288100.75089,3,2.0901,0.2752,,0.74,0.0368,0.281,NOMINAL,NOMINAL,NORMAL,0,
1641900600.0,1786288100.8754368,3,1.9185,0.2568,,0.644,0.037,0.275,NOMINAL,NOMINAL,NORMAL,0,
1641901500.0,1786288101.000544,3,1.9274,0.2604,,0.723,0.0382,0.274,NOMINAL,NOMINAL,NORMAL,0,
1641902400.0,1786288101.1254146,3,1.8727,0.2645,,0.648,0.0337,0.262,NOMINAL,NOMINAL,TRIGGERED,1,omni_p6|pro_tel0_p5|pro_tel90_p5
1641903300.0,1786288101.251415,3,1.9091,0.2652,,0.667,0.0517,1.23,NOMINAL,PRE_ALERT,TRIGGERED,2,omni_p6|pro_tel0_p5|pro_tel90_p5
1641904200.0,1786288101.37676,3,2.0515,0.272,,0.704,0.0559,1.243,PRE_ALERT,NOMINAL,NORMAL,0,
1641905100.0,1786288101.5005603,3,1.9683,0.2626,,0.667,0.0342,0.263,NOMINAL,NOMINAL,NORMAL,0,
1641906000.0,1786288101.6254945,3,1.9952,0.259,,0.597,0.0338,0.251,NOMINAL,NOMINAL,NORMAL,0,
1641906900.0,1786288101.7508955,3,2.0851,0.2645,,0.737,0.0398,0.315,NOMINAL,NOMINAL,NORMAL,0,
1641907800.0,1786288101.8754184,3,1.8981,0.255,,0.661,0.0363,0.258,NOMINAL,NOMINAL,NORMAL,0,
1641908700.0,1786288102.0003796,3,1.8631,0.2593,,0.632,0.0364,0.302,NOMINAL,NOMINAL,TRIGGERED,1,omni_p6|pro_tel0_p5|pro_tel90_p5
1641909600.0,1786288102.126305,3,1.8519,0.2637,,0.622,0.0519,1.205,NOMINAL,PRE_ALERT,TRIGGERED,2,omni_p6|pro_tel0_p5|pro_tel90_p5
1641910500.0,1786288102.2513726,3,1.949,0.26,,0.64,0.0535,1.168,PRE_ALERT,NOMINAL,NORMAL,0,
1641911400.0,1786288102.3763227,3,2.2202,0.2799,,0.838,0.0402,0.349,NOMINAL,NOMINAL,NORMAL,0,
1641912300.0,1786288102.5007417,3,2.0582,0.2656,,0.69,0.04,0.278,NOMINAL,NOMINAL,NORMAL,0,
1641913200.0,1786288102.625684,3,2.0719,0.2638,,0.617,0.0374,0.294,NOMINAL,NOMINAL,NORMAL,0,
1641914100.0,1786288102.7509835,3,2.1606,0.2711,,0.752,0.0377,0.287,NOMINAL,NOMINAL,NORMAL,0,
1641915000.0,1786288102.8756647,3,2.0048,0.2691,,0.688,0.0357,0.274,NOMINAL,NOMINAL,TRIGGERED,1,omni_p6|pro_tel0_p5|pro_tel90_p5
1641915900.0,1786288103.000849,3,1.9928,0.2682,,0.862,0.0413,0.323,NOMINAL,NOMINAL,NORMAL,0,
1641916800.0,1786288103.1262708,3,2.2422,0.28,,0.853,0.0418,0.308,NOMINAL,NOMINAL,NORMAL,0,
1641917700.0,1786288103.2506413,3,2.0048,0.2653,,0.702,0.0393,0.283,NOMINAL,NOMINAL,NORMAL,0,
1641918600.0,1786288103.3757117,3,2.0147,0.2681,,0.692,0.04,0.284,NOMINAL,NOMINAL,NORMAL,0,
1641919500.0,1786288103.5006094,3,1.9765,0.2621,,0.679,0.04,0.285,NOMINAL,NOMINAL,NORMAL,0,
1641920400.0,1786288103.6255796,3,2.0047,0.2646,,0.64,0.037,0.272,NOMINAL,NOMINAL,NORMAL,0,
1641921300.0,1786288103.7509696,3,2.1076,0.2703,,0.753,0.0406,0.291,NOMINAL,NOMINAL,NORMAL,0,
1641922200.0,1786288103.8755963,3,1.9589,0.2618,,0.657,0.0371,0.291,NOMINAL,NOMINAL,NORMAL,0,
1641923100.0,1786288104.0004926,3,1.9165,0.2603,,0.663,0.0374,0.286,NOMINAL,NOMINAL,NORMAL,0,
1641924000.0,1786288104.1261785,3,2.1403,0.2764,,0.885,0.0447,0.322,NOMINAL,NOMINAL,NORMAL,0,
1641924900.0,1786288104.2504926,3,1.9331,0.2626,,0.668,0.0402,0.276,NOMINAL,NOMINAL,NORMAL,0,
1641925800.0,1786288104.3757203,3,2.0331,0.2654,,0.685,0.0391,0.267,NOMINAL,NOMINAL,NORMAL,0,
1641926700.0,1786288104.5005069,3,1.9494,0.2613,,0.649,0.0375,0.262,NOMINAL,NOMINAL,NORMAL,0,
1641927600.0,1786288104.6254773,3,1.9534,0.2602,,0.602,0.0348,0.258,NOMINAL,NOMINAL,NORMAL,0,
1641928500.0,1786288104.7510407,3,1.9713,0.2672,,0.791,0.2985,0.63,NOMINAL,NOMINAL,NORMAL,0,
1641929400.0,1786288104.8758776,3,2.0885,0.2669,,0.691,0.0383,0.298,NOMINAL,NOMINAL,NORMAL,0,
1641930300.0,1786288105.0003576,3,1.862,0.2574,,0.627,0.0356,0.291,NOMINAL,NOMINAL,NORMAL,0,
1641931200.0,1786288105.1254416,3,1.8656,0.2616,,0.661,0.0356,0.27,NOMINAL,NOMINAL,NORMAL,0,
1641932100.0,1786288105.2503414,3,1.8794,0.2598,,0.622,0.0356,0.269,NOMINAL,NOMINAL,NORMAL,0,
1641933000.0,1786288105.3754961,3,1.939,0.2558,,0.637,0.0353,0.26,NOMINAL,NOMINAL,NORMAL,0,
1641933900.0,1786288105.5006213,3,1.9635,0.2623,,0.734,0.0372,0.274,NOMINAL,NOMINAL,NORMAL,0,
1641934800.0,1786288105.6256127,3,2.0408,0.2624,,0.63,0.0335,0.252,NOMINAL,NOMINAL,NORMAL,0,
1641935700.0,1786288105.7507014,3,2.0252,0.2694,,0.589,0.0266,0.431,NOMINAL,NOMINAL,TRIGGERED,1,omni_p6|pro_tel0_p5|pro_tel90_p5
1641936600.0,1786288105.8761358,3,2.1903,0.2784,,0.755,0.0395,0.307,NOMINAL,NOMINAL,NORMAL,0,
1641937500.0,1786288106.0006573,3,2.0399,0.2661,,0.692,0.0314,0.248,NOMINAL,NOMINAL,NORMAL,0,
1641938400.0,1786288106.1256804,3,2.0882,0.2685,,0.62,0.0337,0.256,NOMINAL,NOMINAL,NORMAL,0,
1641939300.0,1786288106.2504022,3,1.9172,0.2557,,0.652,0.0278,0.224,NOMINAL,NOMINAL,NORMAL,0,
1641940200.0,1786288106.3755224,3,2.0039,0.2644,,0.585,0.0267,0.225,NOMINAL,NOMINAL,NORMAL,0,
1641941100.0,1786288106.5005126,3,1.992,0.2649,,0.594,0.0255,0.231,NOMINAL,NOMINAL,TRIGGERED,1,pro_tel90_p5
1641942000.0,1786288106.626472,3,2.0391,0.2737,,0.57,0.0414,1.177,NOMINAL,PRE_ALERT,TRIGGERED,2,omni_p6|pro_tel0_p5|pro_tel90_p5
1641942900.0,1786288106.7516162,3,2.1424,0.2695,,0.655,0.0495,1.09,PRE_ALERT,NOMINAL,NORMAL,0,
1641943800.0,1786288106.8762188,3,2.2374,0.2809,,0.706,0.0392,0.32,NOMINAL,NOMINAL,NORMAL,0,
1641944700.0,1786288107.0006921,3,2.0737,0.268,,0.643,0.0349,0.266,NOMINAL,NOMINAL,NORMAL,0,
1641945600.0,1786288107.1268706,3,1.9954,0.2614,1.1804,0.608,0.0284,0.246,NOMINAL,NOMINAL,NORMAL,0,
1641946500.0,1786288107.2506695,3,2.0439,0.2656,,0.66,0.0328,0.288,NOMINAL,NOMINAL,NORMAL,0,
1641947400.0,1786288107.3758304,3,2.0502,0.2772,,0.638,0.0316,0.371,NOMINAL,NOMINAL,TRIGGERED,1,omni_p6|pro_tel0_p5|pro_tel90_p5
1641948300.0,1786288107.5014992,3,2.0268,0.2765,,0.604,0.0456,1.152,NOMINAL,PRE_ALERT,TRIGGERED,2,omni_p6|pro_tel0_p5|pro_tel90_p5
1641949200.0,1786288107.6266391,3,2.2152,0.2775,,0.616,0.0402,1.012,PRE_ALERT,NOMINAL,NORMAL,0,
1641950100.0,1786288107.750658,3,2.0956,0.2689,,0.607,0.0283,0.237,NOMINAL,NOMINAL,NORMAL,0,
1641951000.0,1786288107.875994,3,2.1522,0.2779,,0.699,0.0348,0.273,NOMINAL,NOMINAL,NORMAL,0,
1641951900.0,1786288108.0009074,3,2.0864,0.2728,,0.65,0.0334,0.444,NOMINAL,NOMINAL,NORMAL,0,
1641952800.0,1786288108.1262138,3,2.1932,0.2802,,0.783,0.0399,0.305,NOMINAL,NOMINAL,NORMAL,0,
1641953700.0,1786288108.250702,3,2.076,0.2793,,0.643,0.0342,0.273,NOMINAL,NOMINAL,TRIGGERED,1,omni_p6|pro_tel0_p5|pro_tel90_p5
1641954600.0,1786288108.3767931,3,2.1132,0.2736,,0.63,0.0468,1.272,NOMINAL,PRE_ALERT,TRIGGERED,2,omni_p6|pro_tel0_p5|pro_tel90_p5
1641955500.0,1786288108.5018966,3,2.1773,0.2732,,0.729,0.0531,1.142,PRE_ALERT,NOMINAL,NORMAL,0,
1641956400.0,1786288108.6258037,3,2.1521,0.2742,,0.635,0.0332,0.253,NOMINAL,NOMINAL,NORMAL,0,
1641957300.0,1786288108.750594,3,2.0411,0.2678,,0.618,0.0327,0.25,NOMINAL,NOMINAL,NORMAL,0,
1641958200.0,1786288108.8760328,3,2.1654,0.273,,0.712,0.0352,0.271,NOMINAL,NOMINAL,NORMAL,0,
1641959100.0,1786288109.0005548,3,1.9533,0.2651,,0.732,0.0275,0.233,NOMINAL,NOMINAL,NORMAL,0,
1641960000.0,1786288109.125976,3,2.1697,0.2818,,0.718,0.0369,0.284,NOMINAL,NOMINAL,TRIGGERED,1,omni_p6|pro_tel0_p5|pro_tel90_p5
1641960900.0,1786288109.2507064,3,2.1334,0.27,,0.612,0.0303,0.237,NOMINAL,NOMINAL,NORMAL,0,
1641961800.0,1786288109.3756588,3,2.0684,0.2715,,0.609,0.0285,0.23,NOMINAL,NOMINAL,NORMAL,0,
1641962700.0,1786288109.5006838,3,2.0528,0.27,,0.645,0.0327,0.264,NOMINAL,NOMINAL,NORMAL,0,
1641963600.0,1786288109.6255045,3,1.9727,0.2685,,0.596,0.0325,0.249,NOMINAL,NOMINAL,NORMAL,0,
1641964500.0,1786288109.7504506,3,1.9509,0.2638,,0.602,0.0303,0.244,NOMINAL,NOMINAL,NORMAL,0,
1641965400.0,1786288109.8760161,3,2.1637,0.2742,,0.705,0.0354,0.273,NOMINAL,NOMINAL,NORMAL,0,
1641966300.0,1786288110.0007498,3,2.0829,0.2664,,0.656,0.0327,0.329,NOMINAL,NOMINAL,NORMAL,0,
1641967200.0,1786288110.1255152,3,1.9329,0.3112,,0.576,0.0316,0.25,NOMINAL,NOMINAL,NORMAL,0,
1641968100.0,1786288110.2503736,3,1.9655,0.2634,,0.557,0.0271,0.224,NOMINAL,NOMINAL,NORMAL,0,
1641969000.0,1786288110.3755176,3,1.935,0.2606,,0.618,0.0308,0.258,NOMINAL,NOMINAL,NORMAL,0,
1641969900.0,1786288110.5007777,3,2.1981,0.3007,,0.634,0.0326,0.251,NOMINAL,NOMINAL,NORMAL,0,
1641970800.0,1786288110.6255221,3,1.9179,0.2677,,0.63,0.0353,0.28,NOMINAL,NOMINAL,TRIGGERED,1,pro_tel90_p5
1641971700.0,1786288110.7506146,3,2.08,0.2614,,0.632,0.034,0.264,NOMINAL,NOMINAL,NORMAL,0,
1641972600.0,1786288110.8757656,3,2.0213,0.2647,,0.696,0.0358,0.278,NOMINAL,NOMINAL,NORMAL,0,
1641973500.0,1786288111.0006585,3,1.9316,0.2666,,0.746,0.0396,0.333,NOMINAL,NOMINAL,NORMAL,0,
1641974400.0,1786288111.125524,3,1.9154,0.2648,,0.667,0.0391,0.27,NOMINAL,NOMINAL,NORMAL,0,
1641975300.0,1786288111.2505152,3,1.9658,0.263,,0.648,0.0351,0.275,NOMINAL,NOMINAL,NORMAL,0,
1641976200.0,1786288111.3754737,3,1.9135,0.2688,,0.632,0.0332,0.257,NOMINAL,NOMINAL,TRIGGERED,1,omni_p6|pro_tel0_p5|pro_tel90_p5
1641977100.0,1786288111.501271,3,1.8613,0.2578,,0.582,0.0736,1.245,NOMINAL,PRE_ALERT,TRIGGERED,2,pro_tel90_p5
1641978000.0,1786288111.6267073,3,2.0832,0.275,,0.702,0.0584,1.169,PRE_ALERT,NOMINAL,NORMAL,0,
1641978900.0,1786288111.7505462,3,1.9823,0.2608,,0.646,0.0371,0.281,NOMINAL,NOMINAL,NORMAL,0,
1641979800.0,1786288111.8757727,3,2.0365,0.2655,,0.688,0.0359,0.256,NOMINAL,NOMINAL,NORMAL,0,
1641980700.0,1786288112.0006452,3,2.0182,0.2642,,0.709,0.0388,0.289,NOMINAL,NOMINAL,NORMAL,0,
1641981600.0,1786288112.1255622,3,1.9617,0.2704,,0.641,0.0329,0.28,NOMINAL,NOMINAL,TRIGGERED,1,omni_p6|pro_tel0_p5|pro_tel90_p5
1641982500.0,1786288112.251449,3,1.9622,0.2673,,0.634,0.0502,1.231,NOMINAL,PRE_ALERT,TRIGGERED,2,omni_p6|pro_tel0_p5|pro_tel90_p5
1641983400.0,1786288112.3767629,3,2.0378,0.2693,,0.673,0.0536,1.216,PRE_ALERT,NOMINAL,NORMAL,0,
1641984300.0,1786288112.5004904,3,1.8961,0.2618,,0.65,0.0369,0.315,NOMINAL,NOMINAL,NORMAL,0,
1641985200.0,1786288112.625526,3,2.0067,0.2619,,0.597,0.0343,0.257,NOMINAL,NOMINAL,NORMAL,0,
1641986100.0,1786288112.750583,3,1.9997,0.2658,,0.656,0.038,0.264,NOMINAL,NOMINAL,NORMAL,0,
1641987000.0,1786288112.8757904,3,2.0325,0.2683,,0.69,0.0362,0.289,NOMINAL,NOMINAL,NORMAL,0,
1641987900.0,1786288113.001017,3,1.9907,0.3721,,0.864,0.0406,0.362,NOMINAL,NOMINAL,TRIGGERED,1,omni_p6|pro_tel0_p5|pro_tel90_p5
1641988800.0,1786288113.1279447,3,2.656,0.2922,,0.89,0.0603,1.274,NOMINAL,PRE_ALERT,TRIGGERED,2,omni_p6|pro_tel0_p5|pro_tel90_p5
1641989700.0,1786288113.2519526,3,2.2257,0.2812,,0.715,0.0569,1.166,PRE_ALERT,NOMINAL,NORMAL,0,
1641990600.0,1786288113.3761506,3,2.2963,0.277,,0.693,0.04,0.293,NOMINAL,NOMINAL,NORMAL,0,
1641991500.0,1786288113.5006795,3,2.0437,0.2744,,0.634,0.0381,0.262,NOMINAL,NOMINAL,NORMAL,0,
1641992400.0,1786288113.6258438,3,2.1724,0.2712,,0.619,0.037,0.257,NOMINAL,NOMINAL,NORMAL,0,
1641993300.0,1786288113.7508838,3,2.2079,0.2739,,0.654,0.0367,0.269,NOMINAL,NOMINAL,NORMAL,0,
1641994200.0,1786288113.8758612,3,2.0768,0.2728,,0.669,0.0368,0.266,NOMINAL,NOMINAL,TRIGGERED,1,omni_p6|pro_tel0_p5|pro_tel90_p5
1641995100.0,1786288114.0026011,3,2.2129,0.5756,,0.817,0.0583,1.283,NOMINAL,PRE_ALERT,TRIGGERED,2,omni_p6|pro_tel0_p5|pro_tel90_p5
1641996000.0,1786288114.127543,3,2.3835,0.3418,,0.916,0.0613,1.299,PRE_ALERT,NOMINAL,NORMAL,0,
1641996900.0,1786288114.2509966,3,2.1795,0.2767,,0.713,0.0391,0.283,NOMINAL,NOMINAL,NORMAL,0,
1641997800.0,1786288114.3759403,3,2.0844,0.27,,0.664,0.0365,0.272,NOMINAL,NOMINAL,NORMAL,0,
1641998700.0,1786288114.5006592,3,2.0822,0.2701,,0.621,0.0352,0.255,NOMINAL,NOMINAL,NORMAL,0,
1641999600.0,1786288114.625997,3,2.2883,0.2716,,0.597,0.036,0.256,NOMINAL,NOMINAL,NORMAL,0,
1642000500.0,1786288114.7509294,3,2.2864,0.2762,,0.642,0.0344,0.254,NOMINAL,NOMINAL,TRIGGERED,1,omni_p6|pro_tel0_p5|pro_tel90_p5
1642001400.0,1786288114.8757837,3,2.0279,0.2712,,0.659,0.0377,0.258,NOMINAL,NOMINAL,NORMAL,0,
1642002300.0,1786288115.0006816,3,1.9678,0.2689,,0.705,0.0369,0.267,NOMINAL,NOMINAL,NORMAL,0,
1642003200.0,1786288115.1257823,3,2.0835,0.2806,,0.617,0.0364,0.255,NOMINAL,NOMINAL,NORMAL,0,
1642004100.0,1786288115.2506754,3,2.0446,0.2677,,0.645,0.0355,0.257,NOMINAL,NOMINAL,NORMAL,0,
1642005000.0,1786288115.3756864,3,2.0007,0.2718,,0.645,0.0382,0.251,NOMINAL,NOMINAL,NORMAL,0,
1642005900.0,1786288115.5006518,3,2.0226,0.2704,,0.647,0.0383,0.268,NOMINAL,NOMINAL,NORMAL,0,
1642006800.0,1786288115.626314,3,2.4107,0.3361,,0.668,0.0333,0.286,NOMINAL,NOMINAL,NORMAL,0,
1642007700.0,1786288115.7506611,3,2.0427,0.2698,,0.62,0.0343,0.254,NOMINAL,NOMINAL,NORMAL,0,
1642008600.0,1786288115.8759656,3,2.071,0.2701,,0.677,0.0364,0.285,NOMINAL,NOMINAL,NORMAL,0,
1642009500.0,1786288116.0005987,3,1.9937,0.2703,,0.648,0.034,0.247,NOMINAL,NOMINAL,NORMAL,0,
1642010400.0,1786288116.1262324,3,2.1909,0.2794,,0.891,0.0372,0.282,NOMINAL,NOMINAL,NORMAL,0,
1642011300.0,1786288116.2508812,3,2.1477,0.2748,,0.697,0.0354,0.258,NOMINAL,NOMINAL,NORMAL,0,
1642012200.0,1786288116.3759768,3,2.2132,0.2766,,0.643,0.0357,0.289,NOMINAL,NOMINAL,NORMAL,0,
1642013100.0,1786288116.5008733,3,2.0842,0.2749,,0.697,0.0384,0.291,NOMINAL,NOMINAL,NORMAL,0,
1642014000.0,1786288116.6257896,3,2.1236,0.2725,,0.607,0.0348,0.256,NOMINAL,NOMINAL,NORMAL,0,
1642014900.0,1786288116.750836,3,2.0563,0.2728,,0.656,0.0356,0.256,NOMINAL,NOMINAL,NORMAL,0,
1642015800.0,1786288116.8757963,3,2.0549,0.2694,,0.674,0.0347,0.263,NOMINAL,NOMINAL,NORMAL,0,
1642016700.0,1786288117.000421,3,1.9079,0.259,,0.632,0.035,0.269,NOMINAL,NOMINAL,NORMAL,0,
1642017600.0,1786288117.1254735,3,1.8946,0.2647,,0.66,0.0357,0.264,NOMINAL,NOMINAL,NORMAL,0,
1642018500.0,1786288117.2504056,3,1.9019,0.2638,,0.623,0.0368,0.26,NOMINAL,NOMINAL,NORMAL,0,
1642019400.0,1786288117.3755913,3,1.9931,0.2647,,0.626,0.0355,0.261,NOMINAL,NOMINAL,NORMAL,0,
1642020300.0,1786288117.5003881,3,1.8855,0.2618,,0.606,0.0362,0.282,NOMINAL,NOMINAL,TRIGGERED,1,pro_tel90_p5
1642021200.0,1786288117.6265066,3,1.9515,0.2659,,0.607,0.0517,1.249,NOMINAL,PRE_ALERT,TRIGGERED,2,omni_p6|pro_tel0_p5|pro_tel90_p5
1642022100.0,1786288117.751637,3,2.0216,0.2691,,0.696,0.0571,1.199,PRE_ALERT,NOMINAL,NORMAL,0,
1642023000.0,1786288117.8763905,3,2.5276,0.3035,,0.707,0.0397,0.3,NOMINAL,NOMINAL,NORMAL,0,
1642023900.0,1786288118.0011253,3,2.1936,0.2689,,0.923,0.0421,0.31,NOMINAL,NOMINAL,NORMAL,0,
1642024800.0,1786288118.1263509,3,2.2043,0.2838,,0.848,0.0428,0.312,NOMINAL,NOMINAL,NORMAL,0,
1642025700.0,1786288118.250875,3,2.0991,0.2774,,0.719,0.0399,0.281,NOMINAL,NOMINAL,NORMAL,0,
1642026600.0,1786288118.3758044,3,2.0878,0.2731,,0.676,0.0352,0.267,NOMINAL,NOMINAL,TRIGGERED,1,omni_p6|pro_tel0_p5|pro_tel90_p5
1642027500.0,1786288118.5017295,3,2.0718,0.2786,,0.657,0.0528,1.233,NOMINAL,PRE_ALERT,TRIGGERED,2,omni_p6|pro_tel0_p5|pro_tel90_p5
1642028400.0,1786288118.6267629,3,2.1489,0.2768,,0.652,0.0522,1.174,PRE_ALERT,NOMINAL,NORMAL,0,
1642029300.0,1786288118.7509863,3,2.1712,0.2717,,0.666,0.0372,0.257,NOMINAL,NOMINAL,NORMAL,0,
1642030200.0,1786288118.8759282,3,2.095,0.2728,,0.668,0.0368,0.257,NOMINAL,NOMINAL,NORMAL,0,
1642031100.0,1786288119.0006874,3,2.045,0.2706,,0.667,0.0371,0.257,NOMINAL,NOMINAL,NORMAL,0,
1642032000.0,1786288119.127777,3,2.2228,0.2758,1.316,0.866,0.0428,0.317,NOMINAL,NOMINAL,NORMAL,0,
1642032900.0,1786288119.251095,3,2.2669,0.2795,,0.739,0.0397,0.277,NOMINAL,NOMINAL,TRIGGERED,1,omni_p6|pro_tel0_p5|pro_tel90_p5
1642033800.0,1786288119.37713,3,2.3154,0.317,,0.711,0.0569,1.275,NOMINAL,PRE_ALERT,TRIGGERED,2,omni_p6|pro_tel0_p5|pro_tel90_p5
1642034700.0,1786288119.5017357,3,2.1415,0.274,,0.676,0.0544,1.183,PRE_ALERT,NOMINAL,NORMAL,0,
1642035600.0,1786288119.625734,3,2.1091,0.275,,0.63,0.0381,0.268,NOMINAL,NOMINAL,NORMAL,0,
1642036500.0,1786288119.750598,3,2.0095,0.267,,0.646,0.0366,0.258,NOMINAL,NOMINAL,NORMAL,0,
1642037400.0,1786288119.8757434,3,2.0375,0.2653,,0.682,0.0366,0.261,NOMINAL,NOMINAL,NORMAL,0,
1642038300.0,1786288120.000431,3,1.8993,0.2585,,0.653,0.036,0.266,NOMINAL,NOMINAL,NORMAL,0,
1642039200.0,1786288120.1256597,3,2.0054,0.2691,,0.689,0.035,0.302,NOMINAL,NOMINAL,TRIGGERED,1,omni_p6|pro_tel0_p5|pro_tel90_p5
1642040100.0,1786288120.2505145,3,1.9824,0.2607,,0.643,0.0363,0.263,NOMINAL,NOMINAL,NORMAL,0,
1642041000.0,1786288120.375426,3,1.9218,0.2627,,0.629,0.0379,0.266,NOMINAL,NOMINAL,NORMAL,0,
1642041900.0,1786288120.5005207,3,1.9526,0.2638,,0.636,0.037,0.262,NOMINAL,NOMINAL,NORMAL,0,
1642042800.0,1786288120.625627,3,2.0402,0.2678,,0.624,0.0368,0.265,NOMINAL,NOMINAL,NORMAL,0,
1642043700.0,1786288120.7506304,3,2.0359,0.2674,,0.641,0.0379,0.265,NOMINAL,NOMINAL,NORMAL,0,
1642044600.0,1786288120.8760977,3,2.2744,0.3012,,0.689,0.0454,0.275,NOMINAL,NOMINAL,NORMAL,0,
1642045500.0,1786288121.0005763,3,1.9069,0.2663,,0.796,0.0363,0.258,NOMINAL,NOMINAL,TRIGGERED,1,omni_p6|pro_tel0_p5|pro_tel90_p5
1642046400.0,1786288121.1255426,3,1.938,0.2649,,0.645,0.0376,0.272,NOMINAL,NOMINAL,NORMAL,0,
1642047300.0,1786288121.2507687,3,2.0779,0.267,,0.729,0.0394,0.278,NOMINAL,NOMINAL,NORMAL,0,
1642048200.0,1786288121.3755586,3,1.9905,0.2649,,0.641,0.037,0.263,NOMINAL,NOMINAL,NORMAL,0,
1642049100.0,1786288121.5006905,3,2.0402,0.267,,0.664,0.0372,0.266,NOMINAL,NOMINAL,NORMAL,0,
1642050000.0,1786288121.625634,3,2.0685,0.2609,,0.612,0.035,0.257,NOMINAL,NOMINAL,NORMAL,0,
1642050900.0,1786288121.750575,3,1.9887,0.2655,,0.65,0.037,0.257,NOMINAL,NOMINAL,NORMAL,0,
1642051800.0,1786288121.8755708,3,2.0086,0.2657,,0.608,0.0355,0.242,NOMINAL,NOMINAL,NORMAL,0,
1642052700.0,1786288122.0008643,3,2.1033,0.2683,,0.696,0.0383,0.273,NOMINAL,NOMINAL,NORMAL,0,
1642053600.0,1786288122.1255965,3,2.0157,0.2636,,0.654,0.0363,0.254,NOMINAL,NOMINAL,NORMAL,0,
1642054500.0,1786288122.2506247,3,2.0378,0.2667,,0.674,0.0376,0.258,NOMINAL,NOMINAL,NORMAL,0,
1642055400.0,1786288122.3756602,3,2.0251,0.2719,,0.662,0.0364,0.256,NOMINAL,NOMINAL,TRIGGERED,1,pro_tel90_p5
1642056300.0,1786288122.5006158,3,2.0254,0.2686,,0.614,0.037,0.282,NOMINAL,NOMINAL,NORMAL,0,
1642057200.0,1786288122.6256077,3,2.0401,0.2687,,0.618,0.035,0.259,NOMINAL,NOMINAL,NORMAL,0,
1642058100.0,1786288122.750687,3,2.044,0.2653,,0.679,0.0358,0.279,NOMINAL,NOMINAL,NORMAL,0,
1642059000.0,1786288122.8753378,3,1.8876,0.2572,,0.616,0.0333,0.252,NOMINAL,NOMINAL,NORMAL,0,
1642059900.0,1786288123.0014372,3,2.282,0.3204,,0.886,0.0419,0.318,NOMINAL,NOMINAL,NORMAL,0,
1642060800.0,1786288123.1264243,3,2.2206,0.2829,,0.895,0.0439,0.319,NOMINAL,NOMINAL,NORMAL,0,
1642061700.0,1786288123.2511513,3,2.2507,0.2801,,0.798,0.0417,0.287,NOMINAL,NOMINAL,TRIGGERED,1,omni_p6|pro_tel0_p5|pro_tel90_p5
1642062600.0,1786288123.375623,3,1.9885,0.2664,,0.678,0.0378,0.266,NOMINAL,NOMINAL,NORMAL,0,
1642063500.0,1786288123.5007548,3,2.054,0.274,,0.692,0.0396,0.266,NOMINAL,NOMINAL,NORMAL,0,
1642064400.0,1786288123.6257215,3,2.0906,0.2693,,0.635,0.0385,0.254,NOMINAL,NOMINAL,NORMAL,0,
1642065300.0,1786288123.7507095,3,2.0728,0.2682,,0.666,0.037,0.257,NOMINAL,NOMINAL,NORMAL,0,
1642066200.0,1786288123.8756907,3,2.0312,0.2676,,0.681,0.0359,0.265,NOMINAL,NOMINAL,NORMAL,0,
1642067100.0,1786288124.0008504,3,2.05,0.2798,,0.724,0.0345,0.287,NOMINAL,NOMINAL,TRIGGERED,1,omni_p6|pro_tel0_p5|pro_tel90_p5
1642068000.0,1786288124.12735,3,2.3124,0.2878,,0.854,0.0594,1.278,NOMINAL,PRE_ALERT,TRIGGERED,2,omni_p6|pro_tel90_p5
1642068900.0,1786288124.2520323,3,2.2365,0.2811,,0.781,0.0582,1.213,PRE_ALERT,NOMINAL,NORMAL,0,
1642069800.0,1786288124.3757422,3,2.0197,0.2694,,0.705,0.0384,0.275,NOMINAL,NOMINAL,NORMAL,0,
1642070700.0,1786288124.500792,3,2.1001,0.2745,,0.64,0.041,0.288,NOMINAL,NOMINAL,NORMAL,0,
1642071600.0,1786288124.62576,3,2.1434,0.2703,,0.613,0.0379,0.271,NOMINAL,NOMINAL,NORMAL,0,
1642072500.0,1786288124.7507129,3,2.0568,0.2698,,0.665,0.0375,0.256,NOMINAL,NOMINAL,NORMAL,0,
1642073400.0,1786288124.8755252,3,1.9627,0.2711,,0.626,0.0348,0.252,NOMINAL,NOMINAL,TRIGGERED,1,omni_p6|pro_tel0_p5|pro_tel90_p5
1642074300.0,1786288125.0008492,3,2.0571,0.2744,,0.69,0.0381,0.266,NOMINAL,NOMINAL,NORMAL,0,
1642075200.0,1786288125.1255822,3,2.0051,0.2645,,0.648,0.0345,0.252,NOMINAL,NOMINAL,NORMAL,0,
1642076100.0,1786288125.2507994,3,2.0871,0.2765,,0.712,0.037,0.267,NOMINAL,NOMINAL,NORMAL,0,
1642077000.0,1786288125.3756523,3,1.9995,0.2677,,0.677,0.0353,0.253,NOMINAL,NOMINAL,NORMAL,0,
1642077900.0,1786288125.5006795,3,2.0111,0.2729,,0.651,0.0376,0.271,NOMINAL,NOMINAL,NORMAL,0,
1642078800.0,1786288125.6255622,3,2.0062,0.2799,,0.591,0.0342,0.246,NOMINAL,NOMINAL,TRIGGERED,1,omni_p6|pro_tel0_p5|pro_tel90_p5
1642079700.0,1786288125.7516503,3,2.0468,0.2803,,0.656,0.0528,1.219,NOMINAL,PRE_ALERT,TRIGGERED,2,omni_p6|pro_tel0_p5|pro_tel90_p5
1642080600.0,1786288125.8765123,3,1.9186,0.2626,,0.674,0.0533,1.203,PRE_ALERT,NOMINAL,NORMAL,0,
1642081500.0,1786288126.0007358,3,2.0089,0.2692,,0.693,0.0361,0.261,NOMINAL,NOMINAL,NORMAL,0,
1642082400.0,1786288126.1255033,3,1.906,0.2625,,0.656,0.0353,0.258,NOMINAL,NOMINAL,NORMAL,0,
1642083300.0,1786288126.250522,3,1.9118,0.2599,,0.67,0.0366,0.262,NOMINAL,NOMINAL,NORMAL,0,
1642084200.0,1786288126.3756633,3,1.9647,0.2654,,0.707,0.0366,0.271,NOMINAL,NOMINAL,NORMAL,0,
1642085100.0,1786288126.500627,3,1.9814,0.2687,,0.645,0.0341,0.267,NOMINAL,NOMINAL,TRIGGERED,1,omni_p6|pro_tel0_p5|pro_tel90_p5
1642086000.0,1786288126.626536,3,1.99,0.271,,0.603,0.0486,1.203,NOMINAL,PRE_ALERT,TRIGGERED,2,omni_p6|pro_tel0_p5|pro_tel90_p5
1642086900.0,1786288126.7517488,3,2.0839,0.2701,,0.694,0.0529,1.187,PRE_ALERT,NOMINAL,NORMAL,0,
1642087800.0,1786288126.8756173,3,1.9747,0.2647,,0.654,0.0359,0.256,NOMINAL,NOMINAL,NORMAL,0,
1642088700.0,1786288127.0007265,3,1.9913,0.2681,,0.678,0.0366,0.261,NOMINAL,NOMINAL,NORMAL,0,
1642089600.0,1786288127.1254315,3,1.861,0.2607,,0.595,0.0349,0.25,NOMINAL,NOMINAL,NORMAL,0,
1642090500.0,1786288127.250654,3,1.9934,0.2626,,0.674,0.0364,0.262,NOMINAL,NOMINAL,NORMAL,0,
1642091400.0,1786288127.375702,3,1.998,0.2668,,0.699,0.037,0.277,NOMINAL,NOMINAL,NORMAL,0,
1642092300.0,1786288127.5008013,3,2.042,0.2703,,0.66,0.0366,0.275,NOMINAL,NOMINAL,NORMAL,0,
1642093200.0,1786288127.6255605,3,2.0041,0.266,,0.598,0.0337,0.257,NOMINAL,NOMINAL,NORMAL,0,
1642094100.0,1786288127.750603,3,1.9912,0.265,,0.644,0.0362,0.256,NOMINAL,NOMINAL,NORMAL,0,
1642095000.0,1786288127.8754916,3,1.9321,0.2628,,0.624,0.034,0.253,NOMINAL,NOMINAL,NORMAL,0,
1642095900.0,1786288128.0014942,3,2.1987,0.3342,,0.88,0.0423,0.367,NOMINAL,NOMINAL,NORMAL,0,
1642096800.0,1786288128.1262884,3,2.1555,0.2775,,0.864,0.0422,0.313,NOMINAL,NOMINAL,NORMAL,0,
1642097700.0,1786288128.2508843,3,2.0647,0.2645,,0.759,0.0404,0.282,NOMINAL,NOMINAL,NORMAL,0,
1642098600.0,1786288128.37588,3,2.0883,0.2692,,0.746,0.0401,0.279,NOMINAL,NOMINAL,NORMAL,0,
1642099500.0,1786288128.500697,3,2.0077,0.2684,,0.67,0.0377,0.278,NOMINAL,NOMINAL,NORMAL,0,
1642100400.0,1786288128.6257284,3,2.0158,0.264,,0.612,0.0366,0.262,NOMINAL,NOMINAL,NORMAL,0,
1642101300.0,1786288128.7505894,3,1.9791,0.2624,,0.641,0.035,0.261,NOMINAL,NOMINAL,NORMAL,0,
1642102200.0,1786288128.8753734,3,1.8509,0.257,,0.605,0.0342,0.251,NOMINAL,NOMINAL,NORMAL,0,
1642103100.0,1786288129.0007355,3,2.0104,0.2674,,0.715,0.0359,0.273,NOMINAL,NOMINAL,NORMAL,0,
1642104000.0,1786288129.126069,3,2.0827,0.2766,,0.847,0.0407,0.321,NOMINAL,NOMINAL,NORMAL,0,
1642104900.0,1786288129.2506847,3,1.9818,0.267,,0.726,0.0414,0.286,NOMINAL,NOMINAL,NORMAL,0,
1642105800.0,1786288129.3757246,3,2.009,0.2705,,0.708,0.0364,0.288,NOMINAL,NOMINAL,TRIGGERED,1,omni_p6|pro_tel90_p5
1642106700.0,1786288129.500563,3,1.918,0.2658,,0.651,0.0371,0.288,NOMINAL,NOMINAL,NORMAL,0,
1642107600.0,1786288129.6254761,3,1.937,0.2641,,0.603,0.0368,0.25,NOMINAL,NOMINAL,NORMAL,0,
1642108500.0,1786288129.7505562,3,1.9698,0.2626,,0.648,0.0363,0.255,NOMINAL,NOMINAL,NORMAL,0,
1642109400.0,1786288129.8753812,3,1.8565,0.2562,,0.657,0.0352,0.249,NOMINAL,NOMINAL,NORMAL,0,
1642110300.0,1786288130.0005767,3,1.9284,0.2605,,0.715,0.0379,0.263,NOMINAL,NOMINAL,NORMAL,0,
1642111200.0,1786288130.1253123,3,1.8388,0.2586,,0.596,0.0356,0.249,NOMINAL,NOMINAL,NORMAL,0,
1642112100.0,1786288130.250296,3,1.8324,0.2568,,0.638,0.0357,0.255,NOMINAL,NOMINAL,TRIGGERED,1,omni_p6|pro_tel0_p5|pro_tel90_p5
1642113000.0,1786288130.376474,3,1.8625,0.2611,,0.686,0.0547,1.302,NOMINAL,PRE_ALERT,TRIGGERED,2,omni_p6
1642113900.0,1786288130.5016475,3,1.987,0.2662,,0.691,0.0566,1.197,PRE_ALERT,NOMINAL,NORMAL,0,
1642114800.0,1786288130.625269,3,1.8131,0.262,,0.58,0.0356,0.267,NOMINAL,NOMINAL,NORMAL,0,
1642115700.0,1786288130.7505858,3,1.9698,0.2625,,0.644,0.0358,0.259,NOMINAL,NOMINAL,NORMAL,0,
1642116600.0,1786288130.8753011,3,1.8534,0.2573,,0.602,0.0352,0.252,NOMINAL,NOMINAL,NORMAL,0,
1642117500.0,1786288131.0006542,3,1.9673,0.2622,,0.69,0.0372,0.27,NOMINAL,NOMINAL,NORMAL,0,
1642118400.0,1786288131.1269727,3,1.8207,0.267,1.4084,0.686,0.0364,0.271,NOMINAL,NOMINAL,TRIGGERED,1,omni_p6|pro_tel0_p5|pro_tel90_p5
1642119300.0,1786288131.2507362,3,2.0631,0.2706,,0.706,0.0387,0.274,NOMINAL,NOMINAL,NORMAL,0,
1642120200.0,1786288131.375442,3,1.8665,0.2597,,0.697,0.0382,0.287,NOMINAL,NOMINAL,NORMAL,0,
1642121100.0,1786288131.500449,3,1.852,0.2583,,0.661,0.0382,0.283,NOMINAL,NOMINAL,NORMAL,0,
1642122000.0,1786288131.625249,3,1.8148,0.2587,,0.57,0.037,0.261,NOMINAL,NOMINAL,NORMAL,0,
1642122900.0,1786288131.7505941,3,1.9919,0.259,,0.65,0.0378,0.265,NOMINAL,NOMINAL,NORMAL,0,
1642123800.0,1786288131.8752954,3,1.8399,0.2622,,0.608,0.0344,0.272,NOMINAL,NOMINAL,TRIGGERED,1,omni_p6|pro_tel0_p5|pro_tel90_p5
1642124700.0,1786288132.001502,3,1.9029,0.2578,,0.69,0.0537,1.255,NOMINAL,PRE_ALERT,TRIGGERED,2,omni_p6|pro_tel0_p5|pro_tel90_p5
1642125600.0,1786288132.126413,3,1.8817,0.2609,,0.666,0.054,1.189,PRE_ALERT,NOMINAL,NORMAL,0,
1642126500.0,1786288132.250469,3,1.9338,0.2555,,0.627,0.0341,0.256,NOMINAL,NOMINAL,NORMAL,0,
1642127400.0,1786288132.3755977,3,1.9572,0.2613,,0.64,0.0346,0.261,NOMINAL,NOMINAL,NORMAL,0,
1642128300.0,1786288132.5007782,3,1.9807,0.2695,,0.707,0.0392,0.328,NOMINAL,NOMINAL,NORMAL,0,
1642129200.0,1786288132.625411,3,1.8953,0.2604,,0.577,0.0354,0.254,NOMINAL,NOMINAL,NORMAL,0,
1642130100.0,1786288132.7507384,3,2.0409,0.2719,,0.643,0.0358,0.26,NOMINAL,NOMINAL,TRIGGERED,1,omni_p6|pro_tel0_p5|pro_tel90_p5
1642131000.0,1786288132.8763227,3,1.8473,0.2593,,0.6,0.051,1.224,NOMINAL,PRE_ALERT,TRIGGERED,2,omni_p6|pro_tel0_p5|pro_tel90_p5
1642131900.0,1786288133.0023072,3,2.2097,0.3145,,0.874,0.0616,1.259,PRE_ALERT,NOMINAL,NORMAL,0,
1642132800.0,1786288133.1260722,3,2.1079,0.2754,,0.845,0.0431,0.307,NOMINAL,NOMINAL,NORMAL,0,
1642133700.0,1786288133.2506833,3,2.0091,0.2617,,0.697,0.0412,0.279,NOMINAL,NOMINAL,NORMAL,0,
1642134600.0,1786288133.3757443,3,1.9991,0.2651,,0.686,0.0389,0.269,NOMINAL,NOMINAL,NORMAL,0,
1642135500.0,1786288133.5009153,3,2.0613,0.2721,,0.721,0.0416,0.289,NOMINAL,NOMINAL,NORMAL,0,
1642136400.0,1786288133.6255121,3,1.9943,0.2603,,0.595,0.035,0.254,NOMINAL,NOMINAL,NORMAL,0,
1642137300.0,1786288133.7506542,3,2.0083,0.2678,,0.637,0.0377,0.256,NOMINAL,NOMINAL,NORMAL,0,
1642138200.0,1786288133.8754787,3,1.9271,0.2601,,0.608,0.0362,0.25,NOMINAL,NOMINAL,NORMAL,0,
1642139100.0,1786288134.0007904,3,1.9996,0.2669,,0.687,0.038,0.266,NOMINAL,NOMINAL,NORMAL,0,
1642140000.0,1786288134.1260204,3,2.0749,0.2745,,0.85,0.0414,0.316,NOMINAL,NOMINAL,NORMAL,0,
1642140900.0,1786288134.2508512,3,2.0988,0.2712,,0.718,0.0406,0.27,NOMINAL,NOMINAL,NORMAL,0,
1642141800.0,1786288134.3756716,3,1.9848,0.2656,,0.684,0.0387,0.276,NOMINAL,NOMINAL,NORMAL,0,
1642142700.0,1786288134.500666,3,1.9401,0.2662,,0.699,0.0382,0.272,NOMINAL,NOMINAL,NORMAL,0,
1642143600.0,1786288134.6254966,3,1.9397,0.2616,,0.602,0.0349,0.251,NOMINAL,NOMINAL,NORMAL,0,
1642144500.0,1786288134.7506413,3,1.9859,0.264,,0.642,0.0351,0.259,NOMINAL,NOMINAL,NORMAL,0,
1642145400.0,1786288134.8753703,3,1.8431,0.256,,0.614,0.0334,0.247,NOMINAL,NOMINAL,NORMAL,0,
1642146300.0,1786288135.0007753,3,2.1103,0.2652,,0.676,0.0345,0.264,NOMINAL,NOMINAL,TRIGGERED,1,omni_p6|pro_tel0_p5|pro_tel90_p5
1642147200.0,1786288135.1264586,3,1.9066,0.2651,,0.645,0.0542,1.211,NOMINAL,PRE_ALERT,TRIGGERED,2,pro_tel90_p5
1642148100.0,1786288135.2515893,3,2.03,0.2678,,0.663,0.0521,1.188,PRE_ALERT,NOMINAL,NORMAL,0,
1642149000.0,1786288135.3755786,3,1.9629,0.2687,,0.641,0.0344,0.262,NOMINAL,NOMINAL,NORMAL,0,
1642149900.0,1786288135.500641,3,1.9233,0.2633,,0.698,0.0385,0.277,NOMINAL,NOMINAL,NORMAL,0,
1642150800.0,1786288135.6254566,3,1.9341,0.2598,,0.579,0.034,0.244,NOMINAL,NOMINAL,NORMAL,0,
1642151700.0,1786288135.7506495,3,2.004,0.2639,,0.635,0.0347,0.256,NOMINAL,NOMINAL,NORMAL,0,
1642152600.0,1786288135.8755243,3,1.9364,0.2684,,0.634,0.034,0.254,NOMINAL,NOMINAL,TRIGGERED,1,omni_p6|pro_tel0_p5|pro_tel90_p5
1642153500.0,1786288136.0026782,3,2.4807,0.3683,,0.974,0.0531,1.237,NOMINAL,PRE_ALERT,TRIGGERED,2,pro_tel90_p5
1642154400.0,1786288136.1267126,3,2.0835,0.2691,,0.696,0.0587,1.22,PRE_ALERT,NOMINAL,NORMAL,0,
1642155300.0,1786288136.2505429,3,1.9551,0.2618,,0.675,0.0371,0.269,NOMINAL,NOMINAL,NORMAL,0,
1642156200.0,1786288136.3754497,3,1.8915,0.2611,,0.64,0.0377,0.264,NOMINAL,NOMINAL,NORMAL,0,
1642157100.0,1786288136.500812,3,2.0186,0.2672,,0.736,0.0408,0.294,NOMINAL,NOMINAL,NORMAL,0,
1642158000.0,1786288136.6253438,3,1.8456,0.2624,,0.592,0.036,0.262,NOMINAL,NOMINAL,TRIGGERED,1,omni_p6|pro_tel0_p5|pro_tel90_p5
1642158900.0,1786288136.7517884,3,2.1835,0.2688,,0.657,0.0534,1.238,NOMINAL,PRE_ALERT,TRIGGERED,2,omni_p6|pro_tel0_p5|pro_tel90_p5
1642159800.0,1786288136.8764606,3,1.9289,0.2639,,0.648,0.0533,1.214,PRE_ALERT,NOMINAL,NORMAL,0,
1642160700.0,1786288137.0003188,3,1.8361,0.2546,,0.601,0.058,0.28,NOMINAL,NOMINAL,NORMAL,0,
1642161600.0,1786288137.1256735,3,1.9854,0.2619,,0.674,0.0375,0.263,NOMINAL,NOMINAL,NORMAL,0,
1642162500.0,1786288137.250363,3,1.8737,0.2582,,0.62,0.0365,0.255,NOMINAL,NOMINAL,NORMAL,0,
1642163400.0,1786288137.3754563,3,1.8949,0.2531,,0.659,0.0366,0.263,NOMINAL,NOMINAL,NORMAL,0,
1642164300.0,1786288137.5005095,3,1.9154,0.2623,,0.654,0.0355,0.271,NOMINAL,NOMINAL,TRIGGERED,1,omni_p6|pro_tel0_p5|pro_tel90_p5
1642165200.0,1786288137.6263406,3,1.8316,0.2593,,0.623,0.0527,1.239,NOMINAL,PRE_ALERT,TRIGGERED,2,omni_p6|pro_tel0_p5|pro_tel90_p5
1642166100.0,1786288137.7515545,3,1.9658,0.2704,,0.69,0.0578,1.187,PRE_ALERT,NOMINAL,NORMAL,0,
1642167000.0,1786288137.8754978,3,1.9965,0.2527,,0.639,0.0361,0.261,NOMINAL,NOMINAL,NORMAL,0,
1642167900.0,1786288138.000765,3,1.9292,0.262,,0.856,0.0403,0.318,NOMINAL,NOMINAL,NORMAL,0,
1642168800.0,1786288138.1265357,3,2.2771,0.2792,,0.89,0.0433,0.319,NOMINAL,NOMINAL,NORMAL,0,
1642169700.0,1786288138.2505293,3,1.9188,0.2584,,0.689,0.0393,0.284,NOMINAL,NOMINAL,NORMAL,0,
1642170600.0,1786288138.3754685,3,1.88,0.2639,,0.661,0.0361,0.268,NOMINAL,NOMINAL,TRIGGERED,1,omni_p6|pro_tel0_p5|pro_tel90_p5
1642171500.0,1786288138.5005658,3,1.9507,0.2603,,0.668,0.0381,0.265,NOMINAL,NOMINAL,NORMAL,0,
1642172400.0,1786288138.6254752,3,1.8758,0.2614,,0.646,0.0368,0.271,NOMINAL,NOMINAL,NORMAL,0,
1642173300.0,1786288138.751032,3,2.263,0.2928,,0.691,0.0389,0.278,NOMINAL,NOMINAL,NORMAL,0,
1642174200.0,1786288138.8753886,3,1.8577,0.2569,,0.63,0.0369,0.264,NOMINAL,NOMINAL,NORMAL,0,
1642175100.0,1786288139.0002713,3,1.804,0.2572,,0.605,0.034,0.279,NOMINAL,NOMINAL,NORMAL,0,
1642176000.0,1786288139.1261485,3,2.1379,0.2812,,0.844,0.0423,0.317,NOMINAL,NOMINAL,NORMAL,0,
1642176900.0,1786288139.251055,3,2.2163,0.2711,,0.748,0.0396,0.298,NOMINAL,NOMINAL,TRIGGERED,1,omni_p6|pro_tel90_p5
1642177800.0,1786288139.375684,3,1.9197,0.3811,,0.691,0.0399,0.281,NOMINAL,NOMINAL,NORMAL,0,
1642178700.0,1786288139.5007722,3,1.9966,0.2603,,0.79,0.0377,0.274,NOMINAL,NOMINAL,NORMAL,0,
1642179600.0,1786288139.6256175,3,2.0124,0.2588,,0.654,0.0381,0.275,NOMINAL,NOMINAL,NORMAL,0,
1642180500.0,1786288139.7507322,3,2.055,0.2653,,0.704,0.0377,0.268,NOMINAL,NOMINAL,NORMAL,0,
1642181400.0,1786288139.8756912,3,1.9861,0.2603,,0.654,0.037,0.281,NOMINAL,NOMINAL,NORMAL,0,
1642182300.0,1786288140.000449,3,1.8902,0.2532,,0.655,0.0361,0.268,NOMINAL,NOMINAL,NORMAL,0,
1642183200.0,1786288140.1258857,3,2.0729,0.2691,,0.772,0.0389,0.293,NOMINAL,NOMINAL,NORMAL,0,
1642184100.0,1786288140.2506044,3,1.9875,0.2578,,0.686,0.0384,0.279,NOMINAL,NOMINAL,NORMAL,0,
1642185000.0,1786288140.3755367,3,1.9266,0.2567,,0.677,0.0376,0.276,NOMINAL,NOMINAL,NORMAL,0,
1642185900.0,1786288140.5003204,3,1.8282,0.2575,,0.597,0.0641,0.297,NOMINAL,NOMINAL,NORMAL,0,
1642186800.0,1786288140.6257513,3,2.0771,0.2611,,0.688,0.04,0.273,NOMINAL,NOMINAL,NORMAL,0,
1642187700.0,1786288140.7506022,3,1.9896,0.2637,,0.665,0.0397,0.269,NOMINAL,NOMINAL,NORMAL,0,
1642188600.0,1786288140.8756437,3,1.9637,0.2596,,0.659,0.0374,0.261,NOMINAL,NOMINAL,NORMAL,0,
1642189500.0,1786288141.000271,3,1.8123,0.2533,,0.61,0.0349,0.283,NOMINAL,NOMINAL,NORMAL,0,
1642190400.0,1786288141.125956,3,2.0005,0.2653,,0.732,0.0371,0.52,NOMINAL,NOMINAL,NORMAL,0,
1642191300.0,1786288141.2503157,3,1.8444,0.2531,,0.627,0.0345,0.262,NOMINAL,NOMINAL,TRIGGERED,1,omni_p6
1642192200.0,1786288141.3760846,3,2.0993,0.2673,,0.818,0.043,0.375,NOMINAL,NOMINAL,NORMAL,0,
1642193100.0,1786288141.5004041,3,1.8737,0.2589,,0.619,0.0372,0.301,NOMINAL,NOMINAL,NORMAL,0,
1642194000.0,1786288141.62575,3,2.0665,0.2669,,0.677,0.0376,0.277,NOMINAL,NOMINAL,NORMAL,0,
1642194900.0,1786288141.7506227,3,1.9914,0.2666,,0.689,0.0394,0.266,NOMINAL,NOMINAL,NORMAL,0,
1642195800.0,1786288141.8756196,3,1.9482,0.258,,0.665,0.0377,0.271,NOMINAL,NOMINAL,NORMAL,0,
1642196700.0,1786288142.000281,3,1.8034,0.2556,,0.606,0.0353,0.306,NOMINAL,NOMINAL,TRIGGERED,1,pro_tel90_p5
1642197600.0,1786288142.1268678,3,1.9642,0.2684,,0.655,0.0528,1.556,NOMINAL,PRE_ALERT,TRIGGERED,2,omni_p6|pro_tel0_p5|pro_tel90_p5
1642198500.0,1786288142.2511938,3,1.8722,0.2577,,0.597,0.0532,1.133,PRE_ALERT,NOMINAL,NORMAL,0,
1642199400.0,1786288142.3754296,3,1.8952,0.2529,,0.636,0.0355,0.256,NOMINAL,NOMINAL,NORMAL,0,
1642200300.0,1786288142.500449,3,1.9055,0.2587,,0.621,0.0368,0.264,NOMINAL,NOMINAL,NORMAL,0,
1642201200.0,1786288142.6255004,3,1.9317,0.261,,0.616,0.0358,0.256,NOMINAL,NOMINAL,NORMAL,0,
1642202100.0,1786288142.7507348,3,2.017,0.263,,0.715,0.041,0.282,NOMINAL,NOMINAL,NORMAL,0,
1642203000.0,1786288142.875619,3,1.9622,0.2653,,0.651,0.0342,0.266,NOMINAL,NOMINAL,TRIGGERED,1,omni_p6|pro_tel0_p5|pro_tel90_p5
1642203900.0,1786288143.0019836,3,2.0759,0.2746,,0.875,0.0591,1.286,NOMINAL,PRE_ALERT,TRIGGERED,2,omni_p6|pro_tel0_p5|pro_tel90_p5
1642204800.0,1786288143.128785,3,2.1334,0.266,1.4269,0.883,0.0624,1.344,PRE_ALERT,NOMINAL,NORMAL,0,
1642205700.0,1786288143.2508144,3,2.0873,0.2645,,0.729,0.0387,0.276,NOMINAL,NOMINAL,NORMAL,0,
1642206600.0,1786288143.3757262,3,2.0164,0.2586,,0.718,0.038,0.275,NOMINAL,NOMINAL,NORMAL,0,
1642207500.0,1786288143.5003724,3,1.8506,0.2524,,0.614,0.0386,0.302,NOMINAL,NOMINAL,NORMAL,0,
1642208400.0,1786288143.6256232,3,2.0068,0.2643,,0.628,0.0362,0.267,NOMINAL,NOMINAL,TRIGGERED,1,pro_tel0_p5|pro_tel90_p5
1642209300.0,1786288143.7516725,3,2.0407,0.2657,,0.696,0.0573,1.23,NOMINAL,PRE_ALERT,TRIGGERED,2,omni_p6|pro_tel0_p5|pro_tel90_p5
1642210200.0,1786288143.875784,3,2.0067,0.2683,,0.682,0.0396,0.285,PRE_ALERT,PRE_ALERT,TRIGGERED,3,omni_p6|pro_tel0_p5|pro_tel90_p5
1642211100.0,1786288144.0014608,3,1.9003,0.2583,,0.678,0.0549,1.238,PRE_ALERT,ALERT,TRIGGERED,4,pro_tel0_p5
1642212000.0,1786288144.127243,3,2.2015,0.2766,,0.878,0.0576,1.261,ALERT,NOMINAL,NORMAL,0,
1642212900.0,1786288144.2505715,3,1.9547,0.2613,,0.69,0.0384,0.273,NOMINAL,NOMINAL,NORMAL,0,
1642213800.0,1786288144.3756561,3,1.9719,0.2602,,0.699,0.0389,0.283,NOMINAL,NOMINAL,NORMAL,0,
1642214700.0,1786288144.5004172,3,1.8647,0.2598,,0.62,0.0355,0.314,NOMINAL,NOMINAL,TRIGGERED,1,pro_tel0_p5|pro_tel90_p5
1642215600.0,1786288144.6265242,3,1.9933,0.2688,,0.609,0.0515,1.202,NOMINAL,PRE_ALERT,TRIGGERED,2,omni_p6|pro_tel0_p5|pro_tel90_p5
1642216500.0,1786288144.7518318,3,2.0713,0.2692,,0.758,0.0599,1.223,PRE_ALERT,NOMINAL,NORMAL,0,
1642217400.0,1786288144.8764493,3,2.1512,0.283,,0.931,0.0999,0.473,NOMINAL,NOMINAL,TRIGGERED,1,pro_tel0_p5|pro_tel90_p5
1642218300.0,1786288145.0017939,3,2.3428,0.2878,,0.948,0.045,0.327,NOMINAL,NOMINAL,NORMAL,0,
1642219200.0,1786288145.126812,3,2.3512,0.2903,,0.951,0.0463,0.328,NOMINAL,NOMINAL,NORMAL,0,
1642220100.0,1786288145.2511313,3,2.21,0.2789,,0.718,0.0418,0.282,NOMINAL,NOMINAL,NORMAL,0,
1642221000.0,1786288145.3761032,3,2.1458,0.2725,,0.713,0.0397,0.28,NOMINAL,NOMINAL,NORMAL,0,
1642221900.0,1786288145.5008483,3,2.0658,0.2723,,0.699,0.0397,0.281,NOMINAL,NOMINAL,NORMAL,0,
1642222800.0,1786288145.625722,3,2.0716,0.2651,,0.616,0.0354,0.267,NOMINAL,NOMINAL,NORMAL,0,
1642223700.0,1786288145.7508936,3,2.1076,0.277,,0.711,0.0382,0.282,NOMINAL,NOMINAL,TRIGGERED,1,pro_tel0_p5|pro_tel90_p5
1642224600.0,1786288145.875766,3,2.0203,0.266,,0.637,0.0378,0.273,NOMINAL,NOMINAL,NORMAL,0,
1642225500.0,1786288146.0006282,3,1.9683,0.2628,,0.678,0.038,0.267,NOMINAL,NOMINAL,NORMAL,0,
1642226400.0,1786288146.1259108,3,2.0769,0.2706,,0.718,0.0369,0.278,NOMINAL,NOMINAL,TRIGGERED,1,pro_tel0_p5|pro_tel90_p5
1642227300.0,1786288146.250608,3,2.0164,0.2634,,0.617,0.0361,0.255,NOMINAL,NOMINAL,NORMAL,0,
1642228200.0,1786288146.3756373,3,1.9687,0.259,,0.655,0.0376,0.26,NOMINAL,NOMINAL,NORMAL,0,
1642229100.0,1786288146.5004709,3,1.9237,0.2571,,0.617,0.035,0.265,NOMINAL,NOMINAL,NORMAL,0,
1642230000.0,1786288146.6255739,3,2.0111,0.2579,,0.597,0.0356,0.249,NOMINAL,NOMINAL,NORMAL,0,
1642230900.0,1786288146.7508287,3,2.0666,0.2622,,0.696,0.0398,0.28,NOMINAL,NOMINAL,NORMAL,0,
1642231800.0,1786288146.875684,3,1.9826,0.2633,,0.62,0.034,0.257,NOMINAL,NOMINAL,TRIGGERED,1,omni_p6|pro_tel90_p5
1642232700.0,1786288147.0015352,3,1.9403,0.2618,,0.636,0.0549,1.231,NOMINAL,PRE_ALERT,TRIGGERED,2,pro_tel0_p5|pro_tel90_p5
1642233600.0,1786288147.1268322,3,2.1032,0.2749,,0.688,0.0579,1.168,PRE_ALERT,NOMINAL,NORMAL,0,
1642234500.0,1786288147.2506955,3,2.0072,0.2623,,0.644,0.0356,0.262,NOMINAL,NOMINAL,NORMAL,0,
1642235400.0,1786288147.375638,3,1.9595,0.2625,,0.65,0.0367,0.259,NOMINAL,NOMINAL,NORMAL,0,
1642236300.0,1786288147.5006473,3,1.994,0.2644,,0.657,0.0398,0.265,NOMINAL,NOMINAL,NORMAL,0,
1642237200.0,1786288147.6258087,3,2.0801,0.2726,,0.647,0.0369,0.264,NOMINAL,NOMINAL,TRIGGERED,1,omni_p6|pro_tel0_p5|pro_tel90_p5
1642238100.0,1786288147.7515752,3,2.0078,0.265,,0.625,0.0518,1.207,NOMINAL,PRE_ALERT,TRIGGERED,2,omni_p6|pro_tel0_p5|pro_tel90_p5
1642239000.0,1786288147.876023,3,2.1095,0.2728,,0.715,0.0401,0.297,PRE_ALERT,PRE_ALERT,TRIGGERED,3,pro_tel0_p5|pro_tel90_p5
1642239900.0,1786288148.0022402,3,2.1832,0.3235,,0.807,0.0626,1.26,PRE_ALERT,NOMINAL,NORMAL,0,
1642240800.0,1786288148.126554,3,2.3092,0.283,,0.864,0.0423,0.305,NOMINAL,NOMINAL,NORMAL,0,
1642241700.0,1786288148.2507823,3,2.063,0.272,,0.708,0.0389,0.278,NOMINAL,NOMINAL,TRIGGERED,1,pro_tel0_p5|pro_tel90_p5
1642242600.0,1786288148.375609,3,1.963,0.2614,,0.671,0.0377,0.262,NOMINAL,NOMINAL,NORMAL,0,
1642243500.0,1786288148.50064,3,1.9895,0.2677,,0.649,0.0386,0.265,NOMINAL,NOMINAL,TRIGGERED,1,omni_p6|pro_tel0_p5|pro_tel90_p5
1642244400.0,1786288148.6265676,3,2.0248,0.2674,,0.607,0.0509,1.198,NOMINAL,PRE_ALERT,TRIGGERED,2,omni_p6|pro_tel90_p5
1642245300.0,1786288148.7509334,3,2.1218,0.2728,,0.707,0.0386,0.286,PRE_ALERT,PRE_ALERT,TRIGGERED,3,pro_tel0_p5
1642246200.0,1786288148.8769703,3,2.1205,0.2735,,0.731,0.0578,1.248,PRE_ALERT,NOMINAL,NORMAL,0,
1642247100.0,1786288149.0005496,3,1.9408,0.2619,,0.667,0.0382,0.261,NOMINAL,NOMINAL,NORMAL,0,
1642248000.0,1786288149.1264,3,2.2346,0.2755,,0.888,0.0428,0.325,NOMINAL,NOMINAL,NORMAL,0,
1642248900.0,1786288149.2509847,3,2.1069,0.2718,,0.718,0.0396,0.279,NOMINAL,NOMINAL,NORMAL,0,
1642249800.0,1786288149.3758256,3,2.0351,0.2715,,0.655,0.0356,0.265,NOMINAL,NOMINAL,TRIGGERED,1,omni_p6|pro_tel0_p5|pro_tel90_p5
1642250700.0,1786288149.5007963,3,2.0631,0.2683,,0.648,0.0393,0.287,NOMINAL,NOMINAL,NORMAL,0,
1642251600.0,1786288149.6257246,3,2.0702,0.2663,,0.617,0.0369,0.258,NOMINAL,NOMINAL,NORMAL,0,
1642252500.0,1786288149.7506754,3,2.0159,0.2646,,0.618,0.0356,0.255,NOMINAL,NOMINAL,NORMAL,0,
1642253400.0,1786288149.8759618,3,2.0673,0.2662,,0.719,0.0383,0.288,NOMINAL,NOMINAL,NORMAL,0,
1642254300.0,1786288150.001847,3,2.3293,0.3184,,0.943,0.0457,0.333,NOMINAL,NOMINAL,NORMAL,0,
1642255200.0,1786288150.12777,3,2.4665,0.3002,,0.952,0.0443,0.349,NOMINAL,NOMINAL,TRIGGERED,1,omni_p6|pro_tel0_p5|pro_tel90_p5
1642256100.0,1786288150.252868,3,2.3703,0.2939,,0.929,0.0625,1.352,NOMINAL,PRE_ALERT,TRIGGERED,2,omni_p6|pro_tel0_p5|pro_tel90_p5
1642257000.0,1786288150.3763254,3,2.2195,0.2864,,0.805,0.0617,0.328,PRE_ALERT,PRE_ALERT,TRIGGERED,3,pro_tel90_p5
1642257900.0,1786288150.501875,3,2.1396,0.2745,,0.687,0.059,1.205,PRE_ALERT,NOMINAL,NORMAL,0,
1642258800.0,1786288150.6258755,3,2.1211,0.2737,,0.673,0.0385,0.267,NOMINAL,NOMINAL,NORMAL,0,
1642259700.0,1786288150.750794,3,2.0446,0.274,,0.683,0.0372,0.264,NOMINAL,NOMINAL,NORMAL,0,
1642260600.0,1786288150.8759072,3,2.0218,0.2636,,0.716,0.0385,0.313,NOMINAL,NOMINAL,NORMAL,0,
1642261500.0,1786288151.0005734,3,1.8951,0.2636,,0.68,0.0357,0.279,NOMINAL,NOMINAL,TRIGGERED,1,omni_p6|pro_tel0_p5|pro_tel90_p5
1642262400.0,1786288151.1258419,3,2.0847,0.2664,,0.671,0.0402,0.28,NOMINAL,NOMINAL,NORMAL,0,
1642263300.0,1786288151.250812,3,2.0381,0.2659,,0.683,0.0374,0.275,NOMINAL,NOMINAL,TRIGGERED,1,pro_tel0_p5
1642264200.0,1786288151.3756685,3,1.9589,0.2633,,0.642,0.0358,0.268,NOMINAL,NOMINAL,NORMAL,0,
1642265100.0,1786288151.5008295,3,2.0426,0.2683,,0.674,0.0402,0.276,NOMINAL,NOMINAL,NORMAL,0,
1642266000.0,1786288151.6256688,3,2.0198,0.2648,,0.618,0.037,0.263,NOMINAL,NOMINAL,NORMAL,0,
1642266900.0,1786288151.750871,3,2.1831,0.2586,,0.63,0.0346,0.257,NOMINAL,NOMINAL,NORMAL,0,
1642267800.0,1786288151.8759503,3,2.065,0.2634,,0.72,0.0393,0.285,NOMINAL,NOMINAL,NORMAL,0,
1642268700.0,1786288152.000758,3,1.9886,0.2625,,0.647,0.0385,0.262,NOMINAL,NOMINAL,NORMAL,0,
1642269600.0,1786288152.1257648,3,1.9727,0.2613,,0.745,0.0344,0.257,NOMINAL,NOMINAL,NORMAL,0,
1642270500.0,1786288152.2508602,3,2.0264,0.2614,,0.668,0.0352,0.257,NOMINAL,NOMINAL,NORMAL,0,
1642271400.0,1786288152.3756337,3,1.9461,0.2592,,0.644,0.0356,0.26,NOMINAL,NOMINAL,NORMAL,0,
1642272300.0,1786288152.5007808,3,2.1164,0.2618,,0.649,0.0364,0.265,NOMINAL,NOMINAL,NORMAL,0,
1642273200.0,1786288152.6256025,3,1.9944,0.2576,,0.607,0.0355,0.26,NOMINAL,NOMINAL,NORMAL,0,
1642274100.0,1786288152.7508483,3,1.9768,0.4002,,0.746,0.0352,0.248,NOMINAL,NOMINAL,NORMAL,0,
1642275000.0,1786288152.875801,3,2.0283,0.2582,,0.675,0.0363,0.268,NOMINAL,NOMINAL,NORMAL,0,
1642275900.0,1786288153.0013292,3,2.1669,0.2763,,0.925,0.0429,0.314,NOMINAL,NOMINAL,NORMAL,0,
1642276800.0,1786288153.126711,3,2.3032,0.2824,,0.913,0.0427,0.306,NOMINAL,NOMINAL,NORMAL,0,
1642277700.0,1786288153.2511876,3,2.173,0.2715,,0.802,0.0403,0.302,NOMINAL,NOMINAL,NORMAL,0,
1642278600.0,1786288153.375895,3,2.042,0.2682,,0.711,0.0379,0.278,NOMINAL,NOMINAL,NORMAL,0,
1642279500.0,1786288153.5008202,3,2.0394,0.2643,,0.697,0.0391,0.266,NOMINAL,NOMINAL,NORMAL,0,
1642280400.0,1786288153.6256926,3,2.0404,0.2633,,0.633,0.0358,0.27,NOMINAL,NOMINAL,NORMAL,0,
1642281300.0,1786288153.7506552,3,1.9919,0.2561,,0.639,0.0346,0.247,NOMINAL,NOMINAL,NORMAL,0,
1642282200.0,1786288153.8756657,3,1.968,0.2619,,0.647,0.0319,0.256,NOMINAL,NOMINAL,TRIGGERED,1,omni_p6|pro_tel0_p5|pro_tel90_p5
1642283100.0,1786288154.002057,3,2.1992,0.2729,,0.742,0.0528,1.226,NOMINAL,PRE_ALERT,TRIGGERED,2,omni_p6
1642284000.0,1786288154.1275074,3,2.4179,0.2841,,0.86,0.0609,1.208,PRE_ALERT,NOMINAL,NORMAL,0,
1642284900.0,1786288154.2511432,3,2.1774,0.2766,,0.761,0.0396,0.281,NOMINAL,NOMINAL,NORMAL,0,
1642285800.0,1786288154.37585,3,2.0552,0.2701,,0.665,0.0364,0.264,NOMINAL,NOMINAL,NORMAL,0,
1642286700.0,1786288154.501004,3,2.1902,0.2682,,0.694,0.0372,0.278,NOMINAL,NOMINAL,NORMAL,0,
1642287600.0,1786288154.6257741,3,2.0634,0.2677,,0.668,0.0374,0.273,NOMINAL,NOMINAL,NORMAL,0,
1642288500.0,1786288154.750661,3,1.993,0.2645,,0.618,0.0353,0.266,NOMINAL,NOMINAL,TRIGGERED,1,omni_p6|pro_tel0_p5|pro_tel90_p5
1642289400.0,1786288154.876671,3,1.9814,0.2654,,0.641,0.053,1.218,NOMINAL,PRE_ALERT,TRIGGERED,2,omni_p6|pro_tel90_p5
1642290300.0,1786288155.0021005,3,2.1761,0.3033,,0.712,0.0571,1.206,PRE_ALERT,NOMINAL,NORMAL,0,
1642291200.0,1786288155.1275277,3,2.1096,0.2666,1.5192,0.657,0.0372,0.272,NOMINAL,NOMINAL,NORMAL,0,
1642292100.0,1786288155.2509034,3,2.1177,0.2699,,0.687,0.0368,0.264,NOMINAL,NOMINAL,NORMAL,0,
1642293000.0,1786288155.375684,3,1.9471,0.2644,,0.664,0.0361,0.258,NOMINAL,NOMINAL,NORMAL,0,
1642293900.0,1786288155.5007217,3,2.0083,0.2657,,0.665,0.0367,0.266,NOMINAL,NOMINAL,TRIGGERED,1,omni_p6
1642294800.0,1786288155.6264455,3,1.9189,0.2619,,0.624,0.0536,1.173,NOMINAL,PRE_ALERT,TRIGGERED,2,omni_p6|pro_tel0_p5|pro_tel90_p5
1642295700.0,1786288155.751533,3,2.0126,0.2588,,0.623,0.0503,1.13,PRE_ALERT,NOMINAL,NORMAL,0,
1642296600.0,1786288155.875592,3,1.937,0.2582,,0.646,0.0369,0.261,NOMINAL,NOMINAL,NORMAL,0,
1642297500.0,1786288156.001004,3,2.0947,0.2724,,0.745,0.0385,0.273,NOMINAL,NOMINAL,NORMAL,0,
1642298400.0,1786288156.1260588,3,2.2369,0.2664,,0.712,0.0389,0.284,NOMINAL,NOMINAL,NORMAL,0,
1642299300.0,1786288156.250837,3,2.0639,0.2628,,0.685,0.0367,0.263,NOMINAL,NOMINAL,NORMAL,0,
1642300200.0,1786288156.3756876,3,1.9799,0.2681,,0.638,0.0323,0.262,NOMINAL,NOMINAL,TRIGGERED,1,omni_p6|pro_tel0_p5|pro_tel90_p5
1642301100.0,1786288156.5016606,3,1.9853,0.2634,,0.69,0.0525,1.204,NOMINAL,PRE_ALERT,TRIGGERED,2,omni_p6|pro_tel0_p5|pro_tel90_p5
1642302000.0,1786288156.6265118,3,1.9989,0.2595,,0.644,0.0545,1.141,PRE_ALERT,NOMINAL,NORMAL,0,
1642302900.0,1786288156.7508774,3,2.059,0.2627,,0.659,0.0348,0.257,NOMINAL,NOMINAL,NORMAL,0,
1642303800.0,1786288156.8756073,3,1.9165,0.2599,,0.621,0.0325,0.247,NOMINAL,NOMINAL,NORMAL,0,
1642304700.0,1786288157.0009406,3,2.0635,0.264,,0.747,0.037,0.267,NOMINAL,NOMINAL,NORMAL,0,
1642305600.0,1786288157.12559,3,1.9726,0.2603,,0.609,0.0348,0.254,NOMINAL,NOMINAL,NORMAL,0,
1642306500.0,1786288157.250666,3,1.9742,0.2595,,0.667,0.0353,0.261,NOMINAL,NOMINAL,NORMAL,0,
1642307400.0,1786288157.3756506,3,1.9663,0.2597,,0.635,0.0316,0.25,NOMINAL,NOMINAL,TRIGGERED,1,omni_p6
1642308300.0,1786288157.5009983,3,2.1933,0.267,,0.702,0.0368,0.271,NOMINAL,NOMINAL,NORMAL,0,
1642309200.0,1786288157.6255744,3,1.9546,0.263,,0.641,0.0355,0.264,NOMINAL,NOMINAL,NORMAL,0,
1642310100.0,1786288157.7505171,3,1.928,0.2574,,0.603,0.0354,0.255,NOMINAL,NOMINAL,NORMAL,0,
1642311000.0,1786288157.87571,3,1.9939,0.2619,,0.638,0.0356,0.257,NOMINAL,NOMINAL,NORMAL,0,
1642311900.0,1786288158.0015614,3,2.2256,0.3791,,0.884,0.0424,0.32,NOMINAL,NOMINAL,NORMAL,0,
1642312800.0,1786288158.126772,3,2.3148,0.2824,,0.911,0.0426,0.324,NOMINAL,NOMINAL,NORMAL,0,
1642313700.0,1786288158.2511606,3,2.1823,0.2765,,0.758,0.0405,0.287,NOMINAL,NOMINAL,NORMAL,0,
1642314600.0,1786288158.375821,3,2.0601,0.2664,,0.656,0.0368,0.261,NOMINAL,NOMINAL,NORMAL,0,
1642315500.0,1786288158.5008101,3,2.0423,0.268,,0.672,0.0382,0.268,NOMINAL,NOMINAL,NORMAL,0,
1642316400.0,1786288158.6256647,3,2.0347,0.2636,,0.626,0.0364,0.255,NOMINAL,NOMINAL,NORMAL,0,
1642317300.0,1786288158.7509093,3,2.0434,0.4039,,0.648,0.0375,0.261,NOMINAL,NOMINAL,TRIGGERED,1,pro_tel90_p5
1642318200.0,1786288158.8757608,3,2.015,0.2661,,0.648,0.0368,0.257,NOMINAL,NOMINAL,NORMAL,0,
1642319100.0,1786288159.0007486,3,1.9917,0.2582,,0.69,0.0372,0.25,NOMINAL,NOMINAL,NORMAL,0,
1642320000.0,1786288159.1265368,3,2.3103,0.2827,,0.874,0.0443,0.323,NOMINAL,NOMINAL,NORMAL,0,
1642320900.0,1786288159.2511566,3,2.1856,0.2756,,0.754,0.0412,0.283,NOMINAL,NOMINAL,NORMAL,0,
1642321800.0,1786288159.3759747,3,2.2238,0.2683,,0.647,0.0366,0.264,NOMINAL,NOMINAL,NORMAL,0,
1642322700.0,1786288159.5011036,3,2.3089,0.3082,,0.652,0.0359,0.272,NOMINAL,NOMINAL,TRIGGERED,1,omni_p6|pro_tel0_p5|pro_tel90_p5
1642323600.0,1786288159.6267214,3,2.089,0.2649,,0.628,0.0554,1.228,NOMINAL,PRE_ALERT,TRIGGERED,2,pro_tel90_p5
1642324500.0,1786288159.7518718,3,2.1251,0.4116,,0.642,0.0539,1.131,PRE_ALERT,NOMINAL,NORMAL,0,
1642325400.0,1786288159.8758287,3,2.0234,0.2645,,0.653,0.0344,0.255,NOMINAL,NOMINAL,NORMAL,0,
1642326300.0,1786288160.0007236,3,1.998,0.2657,,0.651,0.036,0.266,NOMINAL,NOMINAL,NORMAL,0,
1642327200.0,1786288160.125848,3,2.087,0.2652,,0.666,0.0379,0.272,NOMINAL,NOMINAL,NORMAL,0,
1642328100.0,1786288160.2508059,3,2.0461,0.2677,,0.677,0.0358,0.26,NOMINAL,NOMINAL,NORMAL,0,
1642329000.0,1786288160.3756886,3,1.994,0.2689,,0.63,0.0362,0.255,NOMINAL,NOMINAL,TRIGGERED,1,omni_p6|pro_tel0_p5|pro_tel90_p5
1642329900.0,1786288160.500839,3,2.06,0.2657,,0.669,0.0377,0.267,NOMINAL,NOMINAL,NORMAL,0,
1642330800.0,1786288160.6256738,3,2.0505,0.2639,,0.626,0.036,0.258,NOMINAL,NOMINAL,NORMAL,0,
1642331700.0,1786288160.7506897,3,2.0106,0.265,,0.63,0.0369,0.258,NOMINAL,NOMINAL,NORMAL,0,
1642332600.0,1786288160.8756099,3,1.9634,0.2611,,0.616,0.0356,0.251,NOMINAL,NOMINAL,NORMAL,0,
1642333500.0,1786288161.0007114,3,1.9822,0.2646,,0.654,0.0357,0.263,NOMINAL,NOMINAL,NORMAL,0,
1642334400.0,1786288161.1259985,3,2.1118,0.275,,0.748,0.0369,0.286,NOMINAL,NOMINAL,TRIGGERED,1,omni_p6|pro_tel0_p5|pro_tel90_p5
1642335300.0,1786288161.2518473,3,2.096,0.271,,0.702,0.0568,1.197,NOMINAL,PRE_ALERT,TRIGGERED,2,omni_p6|pro_tel0_p5|pro_tel90_p5
1642336200.0,1786288161.3768764,3,2.1964,0.2704,,0.642,0.0564,1.17,PRE_ALERT,NOMINAL,NORMAL,0,
1642337100.0,1786288161.5009925,3,2.2316,0.2672,,0.665,0.0382,0.268,NOMINAL,NOMINAL,NORMAL,0,
1642338000.0,1786288161.6257124,3,2.0669,0.2685,,0.624,0.0362,0.26,NOMINAL,NOMINAL,NORMAL,0,
1642338900.0,1786288161.7506099,3,2.0041,0.2592,,0.603,0.0343,0.239,NOMINAL,NOMINAL,NORMAL,0,
1642339800.0,1786288161.875884,3,2.1402,0.2657,,0.659,0.0349,0.255,NOMINAL,NOMINAL,NORMAL,0,
1642340700.0,1786288162.0007718,3,2.0033,0.2681,,0.682,0.0341,0.257,NOMINAL,NOMINAL,TRIGGERED,1,omni_p6|pro_tel0_p5|pro_tel90_p5
1642341600.0,1786288162.1267242,3,2.0395,0.2678,,0.686,0.0537,1.206,NOMINAL,PRE_ALERT,TRIGGERED,2,omni_p6|pro_tel0_p5|pro_tel90_p5
1642342500.0,1786288162.251861,3,2.1489,0.269,,0.686,0.0543,1.165,PRE_ALERT,NOMINAL,NORMAL,0,
1642343400.0,1786288162.3758116,3,2.0543,0.2674,,0.646,0.0342,0.257,NOMINAL,NOMINAL,NORMAL,0,
1642344300.0,1786288162.5010183,3,2.0743,0.2696,,0.692,0.0382,0.268,NOMINAL,NOMINAL,NORMAL,0,
1642345200.0,1786288162.6261454,3,2.3734,0.2652,,0.646,0.0349,0.262,NOMINAL,NOMINAL,NORMAL,0,
1642346100.0,1786288162.7507422,3,2.0663,0.2619,,0.618,0.0352,0.256,NOMINAL,NOMINAL,NORMAL,0,
1642347000.0,1786288162.8756514,3,1.9765,0.263,,0.629,0.0337,0.252,NOMINAL,NOMINAL,TRIGGERED,1,omni_p6|pro_tel0_p5|pro_tel90_p5
1642347900.0,1786288163.0021088,3,2.6658,0.3245,,0.908,0.0415,0.32,NOMINAL,NOMINAL,NORMAL,0,
1642348800.0,1786288163.1266322,3,2.4508,0.2924,,0.868,0.0436,0.311,NOMINAL,NOMINAL,NORMAL,0,
1642349700.0,1786288163.2512062,3,2.2199,0.2776,,0.777,0.0433,0.295,NOMINAL,NOMINAL,NORMAL,0,
1642350600.0,1786288163.3758404,3,2.0502,0.2642,,0.671,0.0405,0.286,NOMINAL,NOMINAL,NORMAL,0,
1642351500.0,1786288163.5009644,3,2.067,0.2691,,0.77,0.0407,0.292,NOMINAL,NOMINAL,NORMAL,0,
1642352400.0,1786288163.625711,3,2.0594,0.2657,,0.636,0.0359,0.269,NOMINAL,NOMINAL,NORMAL,0,
1642353300.0,1786288163.7508059,3,2.0647,0.264,,0.643,0.0371,0.265,NOMINAL,NOMINAL,NORMAL,0,
1642354200.0,1786288163.8758574,3,2.0667,0.269,,0.663,0.0388,0.273,NOMINAL,NOMINAL,NORMAL,0,
1642355100.0,1786288164.0007486,3,1.9424,0.2623,,0.68,0.0377,0.278,NOMINAL,NOMINAL,NORMAL,0,
1642356000.0,1786288164.1265113,3,2.305,0.2755,,0.885,0.0428,0.322,NOMINAL,NOMINAL,NORMAL,0,
1642356900.0,1786288164.2513041,3,2.2461,0.2783,,0.789,0.0426,0.295,NOMINAL,NOMINAL,NORMAL,0,
1642357800.0,1786288164.3759494,3,2.1043,0.267,,0.662,0.039,0.297,NOMINAL,NOMINAL,NORMAL,0,
1642358700.0,1786288164.5015383,3,2.3762,0.3071,,0.664,0.0397,0.297,NOMINAL,NOMINAL,NORMAL,0,
1642359600.0,1786288164.625753,3,2.0781,0.2626,,0.644,0.0372,0.264,NOMINAL,NOMINAL,NORMAL,0,
1642360500.0,1786288164.7508085,3,2.0655,0.2604,,0.642,0.0372,0.261,NOMINAL,NOMINAL,NORMAL,0,
1642361400.0,1786288164.8758264,3,2.0433,0.266,,0.653,0.0364,0.265,NOMINAL,NOMINAL,NORMAL,0,
1642362300.0,1786288165.0011342,3,2.3096,0.319,,0.618,0.0309,0.253,NOMINAL,NOMINAL,NORMAL,0,
1642363200.0,1786288165.1257648,3,2.0412,0.2577,,0.629,0.0362,0.253,NOMINAL,NOMINAL,NORMAL,0,
1642364100.0,1786288165.251408,3,2.429,0.2694,,0.735,0.0395,0.29,NOMINAL,NOMINAL,NORMAL,0,
1642365000.0,1786288165.3758154,3,2.0482,0.2672,,0.644,0.0375,0.265,NOMINAL,NOMINAL,NORMAL,0,
1642365900.0,1786288165.5006979,3,2.0388,0.2673,,0.604,0.0367,0.264,NOMINAL,NOMINAL,NORMAL,0,
1642366800.0,1786288165.6257024,3,2.0569,0.2621,,0.639,0.0378,0.261,NOMINAL,NOMINAL,TRIGGERED,1,pro_tel90_p5
1642367700.0,1786288165.7516994,3,2.0433,0.2651,,0.625,0.0529,1.207,NOMINAL,PRE_ALERT,TRIGGERED,2,omni_p6|pro_tel0_p5|pro_tel90_p5
1642368600.0,1786288165.876836,3,2.1002,0.2695,,0.668,0.0556,1.194,PRE_ALERT,NOMINAL,NORMAL,0,
1642369500.0,1786288166.0006626,3,1.9967,0.2597,,0.645,0.036,0.261,NOMINAL,NOMINAL,NORMAL,0,
1642370400.0,1786288166.1259832,3,2.1429,0.2678,,0.669,0.0386,0.271,NOMINAL,NOMINAL,NORMAL,0,
1642371300.0,1786288166.251256,3,2.2061,0.3536,,0.753,0.0397,0.282,NOMINAL,NOMINAL,NORMAL,0,
1642372200.0,1786288166.37584,3,2.0544,0.2677,,0.675,0.0372,0.276,NOMINAL,NOMINAL,NORMAL,0,
1642373100.0,1786288166.5007946,3,2.0599,0.2693,,0.646,0.0353,0.277,NOMINAL,NOMINAL,TRIGGERED,1,omni_p6|pro_tel90_p5
1642374000.0,1786288166.626717,3,1.9844,0.2635,,0.65,0.0526,1.241,NOMINAL,PRE_ALERT,TRIGGERED,2,omni_p6|pro_tel0_p5|pro_tel90_p5
1642374900.0,1786288166.7518272,3,2.1576,0.2638,,0.648,0.055,1.161,PRE_ALERT,NOMINAL,NORMAL,0,
1642375800.0,1786288166.8758574,3,2.07,0.2645,,0.643,0.0368,0.27,NOMINAL,NOMINAL,NORMAL,0,
1642376700.0,1786288167.0006745,3,2.0038,0.2611,,0.648,0.0342,0.26,NOMINAL,NOMINAL,NORMAL,0,
1642377600.0,1786288167.1276112,3,2.0501,0.2605,1.6084,0.668,0.0346,0.287,NOMINAL,NOMINAL,NORMAL,0,
1642378500.0,1786288167.2516885,3,2.5907,0.3064,,0.771,0.0384,0.28,NOMINAL,NOMINAL,NORMAL,0,
1642379400.0,1786288167.375788,3,2.0713,0.2727,,0.687,0.037,0.277,NOMINAL,NOMINAL,TRIGGERED,1,omni_p6|pro_tel0_p5|pro_tel90_p5
1642380300.0,1786288167.501631,3,2.0163,0.273,,0.67,0.0541,1.244,NOMINAL,PRE_ALERT,TRIGGERED,2,omni_p6|pro_tel0_p5|pro_tel90_p5
1642381200.0,1786288167.6268141,3,2.1535,0.2722,,0.695,0.0549,1.182,PRE_ALERT,NOMINAL,NORMAL,0,
1642382100.0,1786288167.7508237,3,2.0998,0.2692,,0.685,0.0364,0.273,NOMINAL,NOMINAL,NORMAL,0,
1642383000.0,1786288167.875612,3,2.0425,0.2589,,0.648,0.0356,0.259,NOMINAL,NOMINAL,NORMAL,0,
1642383900.0,1786288168.001195,3,2.1659,0.2714,,0.85,0.0428,0.353,NOMINAL,NOMINAL,NORMAL,0,
1642384800.0,1786288168.1265357,3,2.3036,0.2804,,0.925,0.0429,0.318,NOMINAL,NOMINAL,NORMAL,0,
1642385700.0,1786288168.2516792,3,2.574,0.3119,,0.887,0.043,0.309,NOMINAL,NOMINAL,TRIGGERED,1,omni_p6|pro_tel0_p5|pro_tel90_p5
1642386600.0,1786288168.376904,3,2.0929,0.2717,,0.752,0.0599,1.291,NOMINAL,PRE_ALERT,TRIGGERED,2,omni_p6|pro_tel0_p5|pro_tel90_p5
1642387500.0,1786288168.5019455,3,2.2739,0.2736,,0.692,0.0575,1.183,PRE_ALERT,NOMINAL,NORMAL,0,
1642388400.0,1786288168.6257432,3,2.0797,0.2689,,0.686,0.0384,0.269,NOMINAL,NOMINAL,NORMAL,0,
1642389300.0,1786288168.7507136,3,2.0547,0.2667,,0.661,0.0356,0.26,NOMINAL,NOMINAL,NORMAL,0,
1642390200.0,1786288168.8753924,3,1.8824,0.2541,,0.624,0.0349,0.251,NOMINAL,NOMINAL,NORMAL,0,
1642391100.0,1786288169.00033,3,1.8463,0.2566,,0.606,0.0323,0.27,NOMINAL,NOMINAL,NORMAL,0,
1642392000.0,1786288169.1266577,3,2.4341,0.2848,,0.906,0.0433,0.322,NOMINAL,NOMINAL,TRIGGERED,1,omni_p6|pro_tel0_p5|pro_tel90_p5
1642392900.0,1786288169.2507293,3,2.0301,0.2669,,0.696,0.0375,0.277,NOMINAL,NOMINAL,NORMAL,0,
1642393800.0,1786288169.3759997,3,2.1075,0.2683,,0.795,0.0412,0.301,NOMINAL,NOMINAL,NORMAL,0,
1642394700.0,1786288169.5008528,3,2.1791,0.2694,,0.677,0.0407,0.282,NOMINAL,NOMINAL,NORMAL,0,
1642395600.0,1786288169.6255748,3,1.9276,0.2629,,0.658,0.0376,0.279,NOMINAL,NOMINAL,NORMAL,0,
1642396500.0,1786288169.7506626,3,2.0156,0.2637,,0.65,0.037,0.262,NOMINAL,NOMINAL,NORMAL,0,
1642397400.0,1786288169.8756993,3,2.0765,0.261,,0.659,0.0372,0.268,NOMINAL,NOMINAL,NORMAL,0,
1642398300.0,1786288170.0004725,3,1.9298,0.2602,,0.63,0.0359,0.26,NOMINAL,NOMINAL,NORMAL,0,
1642399200.0,1786288170.1257222,3,2.0215,0.264,,0.656,0.0349,0.263,NOMINAL,NOMINAL,NORMAL,0,
1642400100.0,1786288170.2505147,3,1.8905,0.2626,,0.625,0.0339,0.249,NOMINAL,NOMINAL,NORMAL,0,
1642401000.0,1786288170.3758645,3,2.0749,0.2685,,0.747,0.0398,0.284,NOMINAL,NOMINAL,NORMAL,0,
1642401900.0,1786288170.5006785,3,2.0127,0.2695,,0.698,0.039,0.28,NOMINAL,NOMINAL,TRIGGERED,1,pro_tel90_p5
1642402800.0,1786288170.6256833,3,2.0517,0.2643,,0.659,0.0382,0.269,NOMINAL,NOMINAL,NORMAL,0,
1642403700.0,1786288170.7508113,3,2.0622,0.2697,,0.68,0.0372,0.265,NOMINAL,NOMINAL,NORMAL,0,
1642404600.0,1786288170.875681,3,1.9344,0.4163,,0.654,0.0354,0.255,NOMINAL,NOMINAL,NORMAL,0,
1642405500.0,1786288171.0003638,3,1.8504,0.2551,,0.609,0.036,0.284,NOMINAL,NOMINAL,NORMAL,0,
1642406400.0,1786288171.1259496,3,2.0994,0.2701,,0.741,0.0381,0.28,NOMINAL,NOMINAL,NORMAL,0,
1642407300.0,1786288171.2507734,3,2.0237,0.2613,,0.655,0.0352,0.264,NOMINAL,NOMINAL,NORMAL,0,
1642408200.0,1786288171.3759863,3,2.0893,0.2793,,0.758,0.039,0.296,NOMINAL,NOMINAL,TRIGGERED,1,omni_p6|pro_tel0_p5|pro_tel90_p5
1642409100.0,1786288171.5006843,3,2.0349,0.2653,,0.658,0.0372,0.265,NOMINAL,NOMINAL,NORMAL,0,
1642410000.0,1786288171.6255782,3,1.9665,0.2614,,0.646,0.0362,0.261,NOMINAL,NOMINAL,NORMAL,0,
1642410900.0,1786288171.7506263,3,1.9935,0.2618,,0.647,0.0354,0.27,NOMINAL,NOMINAL,NORMAL,0,
1642411800.0,1786288171.8754516,3,1.8934,0.2591,,0.63,0.0368,0.261,NOMINAL,NOMINAL,NORMAL,0,
1642412700.0,1786288172.0003886,3,1.8738,0.2583,,0.638,0.0348,0.255,NOMINAL,NOMINAL,NORMAL,0,
1642413600.0,1786288172.1256773,3,2.0027,0.2693,,0.631,0.0354,0.261,NOMINAL,NOMINAL,TRIGGERED,1,omni_p6|pro_tel0_p5|pro_tel90_p5
1642414500.0,1786288172.2515235,3,1.9814,0.2642,,0.653,0.0533,1.232,NOMINAL,PRE_ALERT,TRIGGERED,2,omni_p6|pro_tel0_p5|pro_tel90_p5
1642415400.0,1786288172.3771572,3,2.2146,0.2744,,0.771,0.0584,1.251,PRE_ALERT,NOMINAL,NORMAL,0,
1642416300.0,1786288172.5008035,3,2.1195,0.271,,0.645,0.0385,0.291,NOMINAL,NOMINAL,NORMAL,0,
1642417200.0,1786288172.6257727,3,2.0948,0.2674,,0.658,0.0372,0.269,NOMINAL,NOMINAL,NORMAL,0,
1642418100.0,1786288172.7507515,3,2.0775,0.2645,,0.651,0.0358,0.265,NOMINAL,NOMINAL,NORMAL,0,
1642419000.0,1786288172.8756242,3,1.977,0.2611,,0.641,0.0375,0.269,NOMINAL,NOMINAL,NORMAL,0,
1642419900.0,1786288173.0010996,3,2.1252,0.2766,,0.88,0.0411,0.315,NOMINAL,NOMINAL,TRIGGERED,1,omni_p6|pro_tel0_p5|pro_tel90_p5
1642420800.0,1786288173.1274135,3,2.2591,0.2822,,0.889,0.0596,1.329,NOMINAL,PRE_ALERT,TRIGGERED,2,omni_p6|pro_tel0_p5|pro_tel90_p5
1642421700.0,1786288173.2520106,3,2.1746,0.428,,0.726,0.0573,1.143,PRE_ALERT,NOMINAL,NORMAL,0,
1642422600.0,1786288173.375968,3,2.1236,0.2698,,0.755,0.0414,0.292,NOMINAL,NOMINAL,NORMAL,0,
1642423500.0,1786288173.50066,3,2.0295,0.2662,,0.657,0.0388,0.275,NOMINAL,NOMINAL,NORMAL,0,
1642424400.0,1786288173.6257474,3,2.0694,0.2671,,0.675,0.039,0.272,NOMINAL,NOMINAL,NORMAL,0,
1642425300.0,1786288173.7506232,3,2.0034,0.2615,,0.64,0.0383,0.271,NOMINAL,NOMINAL,NORMAL,0,
1642426200.0,1786288173.8754034,3,1.8746,0.2608,,0.62,0.0327,0.258,NOMINAL,NOMINAL,TRIGGERED,1,omni_p6|pro_tel0_p5|pro_tel90_p5
1642427100.0,1786288174.0003252,3,1.8471,0.2542,,0.59,0.0346,0.278,NOMINAL,NOMINAL,NORMAL,0,
1642428000.0,1786288174.1263983,3,2.2376,0.2764,,0.887,0.046,0.352,NOMINAL,NOMINAL,NORMAL,0,
1642428900.0,1786288174.250656,3,2.0065,0.2672,,0.684,0.0381,0.277,NOMINAL,NOMINAL,NORMAL,0,
1642429800.0,1786288174.3758647,3,2.0264,0.2658,,0.819,0.0373,0.286,NOMINAL,NOMINAL,NORMAL,0,
1642430700.0,1786288174.500732,3,2.0503,0.2686,,0.679,0.0407,0.285,NOMINAL,NOMINAL,NORMAL,0,
1642431600.0,1786288174.6257007,3,2.0556,0.2692,,0.655,0.0359,0.268,NOMINAL,NOMINAL,TRIGGERED,1,omni_p6|pro_tel90_p5
1642432500.0,1786288174.7518299,3,2.0306,0.4119,,0.657,0.0534,1.247,NOMINAL,PRE_ALERT,TRIGGERED,2,omni_p6|pro_tel0_p5|pro_tel90_p5
1642433400.0,1786288174.8766181,3,1.9875,0.2661,,0.668,0.0567,1.216,PRE_ALERT,NOMINAL,NORMAL,0,
1642434300.0,1786288175.000574,3,1.8854,0.3988,,0.651,0.0347,0.265,NOMINAL,NOMINAL,NORMAL,0,
1642435200.0,1786288175.1257262,3,2.0322,0.2678,,0.639,0.0373,0.273,NOMINAL,NOMINAL,NORMAL,0,
1642436100.0,1786288175.2504716,3,1.9416,0.2579,,0.644,0.0338,0.253,NOMINAL,NOMINAL,NORMAL,0,
1642437000.0,1786288175.3756008,3,1.9672,0.259,,0.671,0.0371,0.268,NOMINAL,NOMINAL,NORMAL,0,
1642437900.0,1786288175.5007837,3,2.0403,0.2688,,0.718,0.0408,0.291,NOMINAL,NOMINAL,NORMAL,0,
1642438800.0,1786288175.625677,3,2.0344,0.2651,,0.656,0.0382,0.277,NOMINAL,NOMINAL,NORMAL,0,
1642439700.0,1786288175.750623,3,1.9932,0.2646,,0.642,0.0378,0.27,NOMINAL,NOMINAL,NORMAL,0,
1642440600.0,1786288175.8755229,3,1.9434,0.2585,,0.644,0.0368,0.263,NOMINAL,NOMINAL,NORMAL,0,
1642441500.0,1786288176.0005114,3,1.9415,0.2624,,0.642,0.0355,0.275,NOMINAL,NOMINAL,NORMAL,0,
1642442400.0,1786288176.1258602,3,2.0651,0.2694,,0.714,0.0386,0.281,NOMINAL,NOMINAL,NORMAL,0,
1642443300.0,1786288176.2505352,3,1.9677,0.263,,0.632,0.0381,0.265,NOMINAL,NOMINAL,NORMAL,0,
1642444200.0,1786288176.3755808,3,1.928,0.2602,,0.678,0.0378,0.272,NOMINAL,NOMINAL,NORMAL,0,
1642445100.0,1786288176.500774,3,2.0584,0.2647,,0.711,0.0393,0.285,NOMINAL,NOMINAL,NORMAL,0,
1642446000.0,1786288176.6266935,3,2.3837,0.2858,,0.916,0.045,0.321,NOMINAL,NOMINAL,NORMAL,0,
1642446900.0,1786288176.7511995,3,2.2038,0.2793,,0.774,0.0416,0.299,NOMINAL,NOMINAL,NORMAL,0,
1642447800.0,1786288176.8758261,3,2.0582,0.2661,,0.722,0.0389,0.271,NOMINAL,NOMINAL,NORMAL,0,
1642448700.0,1786288177.0006754,3,1.9918,0.2622,,0.685,0.0345,0.255,NOMINAL,NOMINAL,NORMAL,0,
1642449600.0,1786288177.1258054,3,2.0354,0.2676,,0.671,0.0347,0.248,NOMINAL,NOMINAL,NORMAL,0,
1642450500.0,1786288177.2504396,3,1.9212,0.2563,,0.64,0.0352,0.25,NOMINAL,NOMINAL,NORMAL,0,
1642451400.0,1786288177.375843,3,2.0002,0.4193,,0.703,0.037,0.273,NOMINAL,NOMINAL,NORMAL,0,
1642452300.0,1786288177.500764,3,2.0468,0.2744,,0.714,0.0392,0.277,NOMINAL,NOMINAL,TRIGGERED,1,omni_p6|pro_tel90_p5
1642453200.0,1786288177.6267693,3,2.1867,0.2645,,0.666,0.0579,1.222,NOMINAL,PRE_ALERT,TRIGGERED,2,omni_p6|pro_tel0_p5
1642454100.0,1786288177.751747,3,2.1043,0.267,,0.675,0.0545,1.162,PRE_ALERT,NOMINAL,NORMAL,0,
1642455000.0,1786288177.8754776,3,1.9142,0.2597,,0.639,0.0353,0.263,NOMINAL,NOMINAL,NORMAL,0,
1642455900.0,1786288178.0011876,3,2.1851,0.2717,,0.892,0.0545,0.369,NOMINAL,NOMINAL,NORMAL,0,
1642456800.0,1786288178.1263874,3,2.2699,0.2813,,0.86,0.0448,0.323,NOMINAL,NOMINAL,NORMAL,0,
1642457700.0,1786288178.2507195,3,2.0305,0.2646,,0.709,0.041,0.276,NOMINAL,NOMINAL,NORMAL,0,
1642458600.0,1786288178.3756716,3,1.971,0.2738,,0.699,0.0377,0.278,NOMINAL,NOMINAL,TRIGGERED,1,omni_p6|pro_tel0_p5|pro_tel90_p5
1642459500.0,1786288178.5017517,3,2.0746,0.2734,,0.697,0.0573,1.24,NOMINAL,PRE_ALERT,TRIGGERED,2,omni_p6|pro_tel0_p5|pro_tel90_p5
1642460400.0,1786288178.627486,3,2.4175,0.4907,,0.745,0.0585,1.195,PRE_ALERT,NOMINAL,NORMAL,0,
1642461300.0,1786288178.7510195,3,2.2949,0.2675,,0.68,0.0372,0.271,NOMINAL,NOMINAL,NORMAL,0,
1642462200.0,1786288178.8756366,3,2.0012,0.2654,,0.641,0.0356,0.265,NOMINAL,NOMINAL,NORMAL,0,
1642463100.0,1786288179.0004714,3,1.9247,0.2598,,0.643,0.0356,0.258,NOMINAL,NOMINAL,NORMAL,0,
1642464000.0,1786288179.1280954,3,2.2446,0.2752,1.5485,0.899,0.0447,0.323,NOMINAL,NOMINAL,NORMAL,0,
1642464900.0,1786288179.2508724,3,2.1344,0.2731,,0.715,0.0412,0.289,NOMINAL,NOMINAL,TRIGGERED,1,omni_p6|pro_tel0_p5|pro_tel90_p5
1642465800.0,1786288179.3768058,3,2.05,0.2739,,0.727,0.0579,1.271,NOMINAL,PRE_ALERT,TRIGGERED,2,omni_p6|pro_tel0_p5|pro_tel90_p5
1642466700.0,1786288179.5026996,3,2.1031,0.2717,,0.66,0.0548,2.148,PRE_ALERT,NOMINAL,NORMAL,0,
1642467600.0,1786288179.6259856,3,2.1543,0.271,,0.786,0.0379,0.276,NOMINAL,NOMINAL,NORMAL,0,
1642468500.0,1786288179.7510386,3,2.0875,0.2764,,0.722,0.0393,0.289,NOMINAL,NOMINAL,NORMAL,0,
1642469400.0,1786288179.8755267,3,1.9178,0.257,,0.669,0.0362,0.264,NOMINAL,NOMINAL,NORMAL,0,
1642470300.0,1786288180.000455,3,1.8945,0.2582,,0.678,0.0335,0.254,NOMINAL,NOMINAL,TRIGGERED,1,omni_p6|pro_tel0_p5|pro_tel90_p5
1642471200.0,1786288180.1268153,3,2.1483,0.2662,,0.676,0.0531,1.213,NOMINAL,PRE_ALERT,TRIGGERED,2,omni_p6|pro_tel0_p5|pro_tel90_p5
1642472100.0,1786288180.2518823,3,2.1031,0.267,,0.687,0.0541,1.147,PRE_ALERT,NOMINAL,NORMAL,0,
1642473000.0,1786288180.3756864,3,2.0147,0.2661,,0.684,0.0359,0.268,NOMINAL,NOMINAL,NORMAL,0,
1642473900.0,1786288180.5005794,3,1.9822,0.2628,,0.659,0.039,0.267,NOMINAL,NOMINAL,NORMAL,0,
1642474800.0,1786288180.625805,3,2.0991,0.2686,,0.685,0.0388,0.271,NOMINAL,NOMINAL,NORMAL,0,
1642475700.0,1786288180.750887,3,2.1047,0.2699,,0.677,0.0377,0.266,NOMINAL,NOMINAL,NORMAL,0,
1642476600.0,1786288180.875544,3,1.9636,0.2647,,0.638,0.0362,0.263,NOMINAL,NOMINAL,TRIGGERED,1,omni_p6|pro_tel90_p5
1642477500.0,1786288181.001413,3,1.8622,0.2625,,0.64,0.0496,1.198,NOMINAL,PRE_ALERT,TRIGGERED,2,omni_p6|pro_tel0_p5|pro_tel90_p5
1642478400.0,1786288181.1271079,3,2.2557,0.2758,,0.728,0.0595,1.194,PRE_ALERT,NOMINAL,NORMAL,0,
1642479300.0,1786288181.2505314,3,1.982,0.2568,,0.643,0.0366,0.263,NOMINAL,NOMINAL,NORMAL,0,
1642480200.0,1786288181.3757024,3,1.9852,0.2628,,0.666,0.0361,0.262,NOMINAL,NOMINAL,NORMAL,0,
1642481100.0,1786288181.5008116,3,2.098,0.2711,,0.69,0.0395,0.287,NOMINAL,NOMINAL,NORMAL,0,
1642482000.0,1786288181.6258247,3,2.102,0.2752,,0.709,0.0395,0.289,NOMINAL,NOMINAL,NORMAL,0,
1642482900.0,1786288181.750679,3,1.9951,0.2664,,0.659,0.0391,0.271,NOMINAL,NOMINAL,NORMAL,0,
1642483800.0,1786288181.8756156,3,1.9813,0.265,,0.657,0.0368,0.266,NOMINAL,NOMINAL,NORMAL,0,
1642484700.0,1786288182.0005171,3,1.9522,0.2579,,0.652,0.0355,0.265,NOMINAL,NOMINAL,NORMAL,0,
1642485600.0,1786288182.1258225,3,2.1613,0.2649,,0.657,0.0356,0.261,NOMINAL,NOMINAL,NORMAL,0,
1642486500.0,1786288182.2504103,3,1.9008,0.26,,0.621,0.0356,0.251,NOMINAL,NOMINAL,NORMAL,0,
1642487400.0,1786288182.3757882,3,2.1185,0.2636,,0.696,0.0372,0.268,NOMINAL,NOMINAL,NORMAL,0,
1642488300.0,1786288182.500751,3,2.0281,0.2699,,0.709,0.0398,0.29,NOMINAL,NOMINAL,NORMAL,0,
1642489200.0,1786288182.6257136,3,2.052,0.2672,,0.689,0.0388,0.276,NOMINAL,NOMINAL,NORMAL,0,
1642490100.0,1786288182.7508304,3,2.1132,0.2629,,0.675,0.0372,0.272,NOMINAL,NOMINAL,NORMAL,0,
1642491000.0,1786288182.8754303,3,1.8887,0.2558,,0.633,0.0378,0.265,NOMINAL,NOMINAL,NORMAL,0,
1642491900.0,1786288183.0009432,3,2.0288,0.268,,0.861,0.0426,0.327,NOMINAL,NOMINAL,NORMAL,0,
1642492800.0,1786288183.1265924,3,2.3212,0.2828,,0.9,0.0431,0.326,NOMINAL,NOMINAL,TRIGGERED,1,omni_p6|pro_tel0_p5
1642493700.0,1786288183.251822,3,2.1188,0.2724,,0.712,0.058,1.253,NOMINAL,PRE_ALERT,TRIGGERED,2,pro_tel90_p5
1642494600.0,1786288183.3771,3,2.2967,0.2686,,0.722,0.0586,1.237,PRE_ALERT,NOMINAL,NORMAL,0,
1642495500.0,1786288183.5007572,3,2.0614,0.2674,,0.699,0.039,0.266,NOMINAL,NOMINAL,NORMAL,0,
1642496400.0,1786288183.6257694,3,2.0882,0.2743,,0.684,0.0371,0.285,NOMINAL,NOMINAL,TRIGGERED,1,omni_p6|pro_tel0_p5|pro_tel90_p5
1642497300.0,1786288183.750672,3,2.0109,0.2612,,0.654,0.037,0.264,NOMINAL,NOMINAL,NORMAL,0,
1642498200.0,1786288183.8754187,3,1.8859,0.2589,,0.624,0.0337,0.255,NOMINAL,NOMINAL,NORMAL,0,
1642499100.0,1786288184.000356,3,1.8502,0.2613,,0.612,0.0329,0.278,NOMINAL,NOMINAL,TRIGGERED,1,omni_p6|pro_tel0_p5|pro_tel90_p5
1642500000.0,1786288184.1273777,3,2.2585,0.2817,,0.883,0.0631,1.309,NOMINAL,PRE_ALERT,TRIGGERED,2,pro_tel90_p5
1642500900.0,1786288184.251904,3,2.2019,0.272,,0.71,0.0585,1.184,PRE_ALERT,NOMINAL,NORMAL,0,
1642501800.0,1786288184.3763113,3,2.424,0.3008,,0.711,0.0606,0.313,NOMINAL,NOMINAL,NORMAL,0,
1642502700.0,1786288184.500705,3,2.0424,0.2685,,0.66,0.038,0.277,NOMINAL,NOMINAL,NORMAL,0,
1642503600.0,1786288184.6257286,3,2.0742,0.2655,,0.676,0.0382,0.283,NOMINAL,NOMINAL,NORMAL,0,
1642504500.0,1786288184.7508059,3,2.071,0.2714,,0.669,0.0351,0.271,NOMINAL,NOMINAL,TRIGGERED,1,omni_p6|pro_tel0_p5|pro_tel90_p5
1642505400.0,1786288184.8765368,3,1.9567,0.2651,,0.633,0.0535,1.244,NOMINAL,PRE_ALERT,TRIGGERED,2,omni_p6|pro_tel0_p5|pro_tel90_p5
1642506300.0,1786288185.0017493,3,2.0859,0.2654,,0.686,0.0545,1.182,PRE_ALERT,NOMINAL,NORMAL,0,
1642507200.0,1786288185.1258647,3,2.1065,0.2641,,0.68,0.036,0.272,NOMINAL,NOMINAL,NORMAL,0,
1642508100.0,1786288185.2504244,3,1.9129,0.255,,0.622,0.0357,0.257,NOMINAL,NOMINAL,NORMAL,0,
1642509000.0,1786288185.376436,3,2.5091,0.3038,,0.777,0.0398,0.299,NOMINAL,NOMINAL,NORMAL,0,
1642509900.0,1786288185.5006835,3,2.0442,0.2641,,0.654,0.0387,0.276,NOMINAL,NOMINAL,NORMAL,0,
1642510800.0,1786288185.6255007,3,1.9552,0.2655,,0.599,0.0337,0.253,NOMINAL,NOMINAL,TRIGGERED,1,omni_p6|pro_tel0_p5|pro_tel90_p5
1642511700.0,1786288185.7533617,3,2.7071,0.3468,,0.972,0.0883,1.355,NOMINAL,PRE_ALERT,TRIGGERED,2,omni_p6|pro_tel0_p5|pro_tel90_p5
1642512600.0,1786288185.877578,3,2.3051,0.2917,,0.944,0.0637,1.257,PRE_ALERT,NOMINAL,NORMAL,0,
1642513500.0,1786288186.0015492,3,2.3931,0.3613,,0.894,0.0451,0.327,NOMINAL,NOMINAL,NORMAL,0,
1642514400.0,1786288186.1272016,3,2.6715,0.3127,,0.929,0.0452,0.345,NOMINAL,NOMINAL,NORMAL,0,
1642515300.0,1786288186.251371,3,2.2756,0.2842,,0.901,0.0436,0.325,NOMINAL,NOMINAL,NORMAL,0,
1642516200.0,1786288186.376617,3,2.5224,0.3308,,0.817,0.0404,0.305,NOMINAL,NOMINAL,NORMAL,0,
1642517100.0,1786288186.5010056,3,2.1281,0.2805,,0.711,0.0401,0.289,NOMINAL,NOMINAL,TRIGGERED,1,omni_p6|pro_tel0_p5|pro_tel90_p5
1642518000.0,1786288186.626719,3,2.0654,0.2663,,0.673,0.0547,1.263,NOMINAL,PRE_ALERT,TRIGGERED,2,omni_p6|pro_tel0_p5|pro_tel90_p5
1642518900.0,1786288186.7520053,3,2.1837,0.2727,,0.741,0.0588,1.198,PRE_ALERT,NOMINAL,NORMAL,0,
1642519800.0,1786288186.875808,3,2.0718,0.2699,,0.688,0.0378,0.269,NOMINAL,NOMINAL,NORMAL,0,
1642520700.0,1786288187.0004551,3,1.8918,0.2588,,0.658,0.0363,0.264,NOMINAL,NOMINAL,NORMAL,0,
1642521600.0,1786288187.1257024,3,2.1019,0.2613,,0.63,0.0355,0.264,NOMINAL,NOMINAL,NORMAL,0,
1642522500.0,1786288187.2509358,3,2.2352,0.26,,0.659,0.0359,0.259,NOMINAL,NOMINAL,NORMAL,0,
1642523400.0,1786288187.3755577,3,1.9675,0.2619,,0.644,0.0355,0.257,NOMINAL,NOMINAL,NORMAL,0,
1642524300.0,1786288187.50074,3,2.0371,0.2728,,0.673,0.0396,0.28,NOMINAL,NOMINAL,NORMAL,0,
1642525200.0,1786288187.625625,3,2.0238,0.2627,,0.645,0.0385,0.271,NOMINAL,NOMINAL,NORMAL,0,
1642526100.0,1786288187.7508392,3,2.0961,0.2678,,0.697,0.038,0.264,NOMINAL,NOMINAL,NORMAL,0,
1642527000.0,1786288187.8757942,3,2.0463,0.2676,,0.681,0.0368,0.256,NOMINAL,NOMINAL,NORMAL,0,
1642527900.0,1786288188.001068,3,2.1318,0.2727,,0.861,0.0418,0.3,NOMINAL,NOMINAL,NORMAL,0,
1642528800.0,1786288188.1266615,3,2.3635,0.3136,,0.921,0.0419,0.316,NOMINAL,NOMINAL,NORMAL,0,
1642529700.0,1786288188.2510586,3,2.1743,0.2719,,0.748,0.0388,0.285,NOMINAL,NOMINAL,NORMAL,0,
1642530600.0,1786288188.3759336,3,2.0642,0.2685,,0.808,0.0394,0.287,NOMINAL,NOMINAL,NORMAL,0,
1642531500.0,1786288188.500752,3,2.0558,0.2682,,0.68,0.0401,0.278,NOMINAL,NOMINAL,NORMAL,0,
1642532400.0,1786288188.625498,3,1.914,0.2613,,0.636,0.038,0.269,NOMINAL,NOMINAL,NORMAL,0,
1642533300.0,1786288188.7510564,3,2.2643,0.2663,,0.728,0.0404,0.292,NOMINAL,NOMINAL,NORMAL,0,
1642534200.0,1786288188.875715,3,1.9961,0.263,,0.681,0.036,0.267,NOMINAL,NOMINAL,NORMAL,0,
1642535100.0,1786288189.0003755,3,1.8581,0.255,,0.618,0.035,0.281,NOMINAL,NOMINAL,NORMAL,0,
1642536000.0,1786288189.126132,3,2.2041,0.2684,,0.846,0.0427,0.326,NOMINAL,NOMINAL,NORMAL,0,
1642536900.0,1786288189.2511013,3,2.1597,0.2698,,0.77,0.039,0.297,NOMINAL,NOMINAL,NORMAL,0,
1642537800.0,1786288189.3755786,3,1.9295,0.2695,,0.684,0.0373,0.28,NOMINAL,NOMINAL,TRIGGERED,1,omni_p6|pro_tel90_p5
1642538700.0,1786288189.5006442,3,2.005,0.2599,,0.674,0.0391,0.275,NOMINAL,NOMINAL,NORMAL,0,
1642539600.0,1786288189.625466,3,1.89,0.2585,,0.63,0.0369,0.258,NOMINAL,NOMINAL,NORMAL,0,
1642540500.0,1786288189.7508135,3,2.0658,0.2628,,0.694,0.0377,0.268,NOMINAL,NOMINAL,NORMAL,0,
1642541400.0,1786288189.875668,3,1.9974,0.266,,0.659,0.0362,0.266,NOMINAL,NOMINAL,NORMAL,0,
1642542300.0,1786288190.0004215,3,1.876,0.2564,,0.642,0.0341,0.258,NOMINAL,NOMINAL,NORMAL,0,
1642543200.0,1786288190.1253712,3,1.8776,0.2584,,0.586,0.0351,0.252,NOMINAL,NOMINAL,TRIGGERED,1,pro_tel90_p5
1642544100.0,1786288190.2516577,3,2.0039,0.2688,,0.663,0.0521,1.222,NOMINAL,PRE_ALERT,TRIGGERED,2,omni_p6|pro_tel0_p5|pro_tel90_p5
1642545000.0,1786288190.3764896,3,1.9483,0.2639,,0.65,0.0548,1.173,PRE_ALERT,NOMINAL,NORMAL,0,
1642545900.0,1786288190.5007303,3,2.0446,0.2697,,0.686,0.0404,0.277,NOMINAL,NOMINAL,NORMAL,0,
1642546800.0,1786288190.6254702,3,1.9012,0.2602,,0.637,0.0354,0.268,NOMINAL,NOMINAL,NORMAL,0,
1642547700.0,1786288190.7508342,3,2.0286,0.2659,,0.639,0.0364,0.256,NOMINAL,NOMINAL,NORMAL,0,
1642548600.0,1786288190.8758423,3,2.0607,0.2674,,0.712,0.0394,0.274,NOMINAL,NOMINAL,NORMAL,0,
1642549500.0,1786288191.0004375,3,1.8858,0.2644,,0.652,0.0344,0.264,NOMINAL,NOMINAL,TRIGGERED,1,omni_p6|pro_tel90_p5
1642550400.0,1786288191.1284513,3,2.0164,0.2673,1.5569,0.698,0.064,1.28,NOMINAL,PRE_ALERT,TRIGGERED,2,omni_p6|pro_tel0_p5|pro_tel90_p5
1642551300.0,1786288191.2520373,3,2.1739,0.2726,,0.698,0.0572,1.164,PRE_ALERT,NOMINAL,NORMAL,0,
1642552200.0,1786288191.3755221,3,1.9408,0.2603,,0.646,0.0371,0.261,NOMINAL,NOMINAL,NORMAL,0,
1642553100.0,1786288191.5006814,3,2.0256,0.2649,,0.685,0.0374,0.27,NOMINAL,NOMINAL,NORMAL,0,
1642554000.0,1786288191.6255744,3,1.888,0.2598,,0.763,0.0358,0.258,NOMINAL,NOMINAL,NORMAL,0,
1642554900.0,1786288191.750621,3,2.0166,0.2591,,0.643,0.0334,0.251,NOMINAL,NOMINAL,NORMAL,0,
1642555800.0,1786288191.8759432,3,2.0576,0.2726,,0.727,0.0353,0.272,NOMINAL,NOMINAL,TRIGGERED,1,omni_p6|pro_tel0_p5|pro_tel90_p5
1642556700.0,1786288192.0014312,3,1.9137,0.267,,0.668,0.0541,1.191,NOMINAL,PRE_ALERT,TRIGGERED,2,omni_p6|pro_tel0_p5|pro_tel90_p5
1642557600.0,1786288192.1266212,3,2.0603,0.2627,,0.663,0.0535,1.14,PRE_ALERT,NOMINAL,NORMAL,0,
1642558500.0,1786288192.2508018,3,2.0692,0.2659,,0.662,0.0372,0.263,NOMINAL,NOMINAL,NORMAL,0,
1642559400.0,1786288192.375516,3,1.9421,0.2586,,0.644,0.0353,0.26,NOMINAL,NOMINAL,NORMAL,0,
1642560300.0,1786288192.5007792,3,1.9823,0.4105,,0.696,0.0363,0.27,NOMINAL,NOMINAL,NORMAL,0,
1642561200.0,1786288192.6254451,3,1.8916,0.2567,,0.605,0.0364,0.259,NOMINAL,NOMINAL,NORMAL,0,
1642562100.0,1786288192.7506757,3,2.0241,0.265,,0.682,0.0366,0.259,NOMINAL,NOMINAL,TRIGGERED,1,omni_p6|pro_tel0_p5|pro_tel90_p5
1642563000.0,1786288192.8768377,3,2.065,0.2675,,0.726,0.0552,1.26,NOMINAL,PRE_ALERT,TRIGGERED,2,omni_p6
1642563900.0,1786288193.0020814,3,2.1154,0.2711,,0.872,0.0617,1.262,PRE_ALERT,NOMINAL,NORMAL,0,
1642564800.0,1786288193.126005,3,2.0953,0.2692,,0.823,0.0427,0.309,NOMINAL,NOMINAL,NORMAL,0,
1642565700.0,1786288193.2510962,3,2.1806,0.2709,,0.773,0.0408,0.293,NOMINAL,NOMINAL,NORMAL,0,
1642566600.0,1786288193.3756504,3,1.9894,0.2631,,0.687,0.0371,0.274,NOMINAL,NOMINAL,NORMAL,0,
1642567500.0,1786288193.5007658,3,2.0506,0.2656,,0.715,0.0388,0.285,NOMINAL,NOMINAL,NORMAL,0,
1642568400.0,1786288193.625599,3,2.0107,0.2646,,0.65,0.0366,0.266,NOMINAL,NOMINAL,NORMAL,0,
1642569300.0,1786288193.7504835,3,1.9006,0.2596,,0.685,0.036,0.272,NOMINAL,NOMINAL,NORMAL,0,
1642570200.0,1786288193.8759706,3,2.108,0.2706,,0.752,0.0371,0.283,NOMINAL,NOMINAL,NORMAL,0,
1642571100.0,1786288194.0005858,3,1.974,0.2582,,0.674,0.0368,0.274,NOMINAL,NOMINAL,NORMAL,0,
1642572000.0,1786288194.1259553,3,2.0663,0.2635,,0.84,0.0414,0.305,NOMINAL,NOMINAL,NORMAL,0,
1642572900.0,1786288194.2510295,3,2.1497,0.274,,0.76,0.0412,0.283,NOMINAL,NOMINAL,NORMAL,0,
1642573800.0,1786288194.3758504,3,2.0435,0.2689,,0.74,0.0389,0.29,NOMINAL,NOMINAL,NORMAL,0,
1642574700.0,1786288194.5005655,3,1.9423,0.26,,0.684,0.0409,0.275,NOMINAL,NOMINAL,NORMAL,0,
1642575600.0,1786288194.6255093,3,1.9336,0.2607,,0.643,0.0357,0.262,NOMINAL,NOMINAL,NORMAL,0,
1642576500.0,1786288194.7504978,3,1.963,0.2571,,0.64,0.0345,0.257,NOMINAL,NOMINAL,NORMAL,0,
1642577400.0,1786288194.8760026,3,2.0808,0.2698,,0.78,0.04,0.299,NOMINAL,NOMINAL,NORMAL,0,
1642578300.0,1786288195.0005672,3,1.9629,0.2689,,0.681,0.0339,0.265,NOMINAL,NOMINAL,TRIGGERED,1,omni_p6|pro_tel0_p5|pro_tel90_p5
1642579200.0,1786288195.1264043,3,1.9093,0.2625,,0.633,0.0524,1.199,NOMINAL,PRE_ALERT,TRIGGERED,2,pro_tel90_p5
1642580100.0,1786288195.2517908,3,2.1205,0.274,,0.68,0.0532,1.141,PRE_ALERT,NOMINAL,NORMAL,0,
1642581000.0,1786288195.3755035,3,1.9449,0.2623,,0.642,0.0346,0.258,NOMINAL,NOMINAL,NORMAL,0,
1642581900.0,1786288195.5005317,3,1.9319,0.2563,,0.679,0.0376,0.27,NOMINAL,NOMINAL,NORMAL,0,
1642582800.0,1786288195.6255429,3,1.9521,0.2599,,0.628,0.0326,0.253,NOMINAL,NOMINAL,NORMAL,0,
1642583700.0,1786288195.750362,3,1.8869,0.2578,,0.622,0.034,0.249,NOMINAL,NOMINAL,NORMAL,0,
1642584600.0,1786288195.8757215,3,2.001,0.2664,,0.683,0.0328,0.275,NOMINAL,NOMINAL,TRIGGERED,1,omni_p6|pro_tel0_p5|pro_tel90_p5
1642585500.0,1786288196.0005772,3,1.952,0.2604,,0.699,0.0376,0.268,NOMINAL,NOMINAL,NORMAL,0,
1642586400.0,1786288196.1255758,3,1.9221,0.2576,,0.692,0.0357,0.268,NOMINAL,NOMINAL,NORMAL,0,
1642587300.0,1786288196.2507493,3,2.0137,0.2662,,0.685,0.0354,0.262,NOMINAL,NOMINAL,NORMAL,0,
1642588200.0,1786288196.375439,3,1.9014,0.2582,,0.641,0.033,0.252,NOMINAL,NOMINAL,NORMAL,0,
1642589100.0,1786288196.5007787,3,2.0529,0.2654,,0.698,0.0386,0.274,NOMINAL,NOMINAL,NORMAL,0,
1642590000.0,1786288196.6255424,3,1.9435,0.2637,,0.641,0.0351,0.277,NOMINAL,NOMINAL,TRIGGERED,1,omni_p6|pro_tel0_p5|pro_tel90_p5
1642590900.0,1786288196.751443,3,1.9851,0.2589,,0.629,0.0502,1.189,NOMINAL,PRE_ALERT,TRIGGERED,2,omni_p6|pro_tel0_p5|pro_tel90_p5
1642591800.0,1786288196.8768847,3,2.133,0.2722,,0.686,0.0553,1.202,PRE_ALERT,NOMINAL,NORMAL,0,
1642592700.0,1786288197.0007439,3,2.0507,0.2697,,0.705,0.0383,0.277,NOMINAL,NOMINAL,NORMAL,0,
1642593600.0,1786288197.12547,3,1.8933,0.2582,,0.647,0.0352,0.259,NOMINAL,NOMINAL,NORMAL,0,
1642594500.0,1786288197.2507007,3,2.0256,0.2649,,0.658,0.0362,0.258,NOMINAL,NOMINAL,NORMAL,0,
1642595400.0,1786288197.3754668,3,1.9221,0.2602,,0.634,0.0361,0.254,NOMINAL,NOMINAL,NORMAL,0,
1642596300.0,1786288197.5005128,3,1.9086,0.2634,,0.683,0.038,0.28,NOMINAL,NOMINAL,TRIGGERED,1,omni_p6|pro_tel0_p5|pro_tel90_p5
1642597200.0,1786288197.6264448,3,1.9568,0.2622,,0.613,0.0524,1.196,NOMINAL,PRE_ALERT,TRIGGERED,2,omni_p6|pro_tel0_p5|pro_tel90_p5
1642598100.0,1786288197.7514837,3,1.9956,0.2639,,0.642,0.0533,1.154,PRE_ALERT,NOMINAL,NORMAL,0,
1642599000.0,1786288197.875701,3,2.0263,0.2609,,0.658,0.0357,0.259,NOMINAL,NOMINAL,NORMAL,0,
1642599900.0,1786288198.001126,3,2.1525,0.2749,,0.876,0.0436,0.317,NOMINAL,NOMINAL,NORMAL,0,
1642600800.0,1786288198.1262262,3,2.2269,0.2794,,0.86,0.0423,0.321,NOMINAL,NOMINAL,NORMAL,0,
1642601700.0,1786288198.2510812,3,2.1457,0.2736,,0.785,0.0418,0.301,NOMINAL,NOMINAL,NORMAL,0,
1642602600.0,1786288198.3755949,3,1.9761,0.2672,,0.663,0.035,0.268,NOMINAL,NOMINAL,TRIGGERED,1,omni_p6|pro_tel0_p5|pro_tel90_p5
1642603500.0,1786288198.500577,3,1.931,0.2615,,0.681,0.04,0.292,NOMINAL,NOMINAL,NORMAL,0,
1642604400.0,1786288198.6255717,3,1.9511,0.2608,,0.656,0.039,0.269,NOMINAL,NOMINAL,NORMAL,0,
1642605300.0,1786288198.750508,3,1.9638,0.2627,,0.631,0.0363,0.255,NOMINAL,NOMINAL,NORMAL,0,
1642606200.0,1786288198.875641,3,1.9704,0.2599,,0.653,0.0345,0.274,NOMINAL,NOMINAL,NORMAL,0,
1642607100.0,1786288199.0005915,3,1.9521,0.2595,,0.711,0.0381,0.271,NOMINAL,NOMINAL,NORMAL,0,
1642608000.0,1786288199.1259134,3,2.0539,0.2699,,0.818,0.0421,0.308,NOMINAL,NOMINAL,NORMAL,0,
1642608900.0,1786288199.251033,3,2.1707,0.2764,,0.733,0.0409,0.289,NOMINAL,NOMINAL,TRIGGERED,1,omni_p6
1642609800.0,1786288199.375558,3,1.9553,0.2638,,0.666,0.0377,0.265,NOMINAL,NOMINAL,NORMAL,0,
1642610700.0,1786288199.5007029,3,2.0182,0.2614,,0.708,0.0388,0.282,NOMINAL,NOMINAL,NORMAL,0,
1642611600.0,1786288199.625531,3,1.9464,0.2598,,0.648,0.0371,0.263,NOMINAL,NOMINAL,NORMAL,0,
1642612500.0,1786288199.750379,3,1.8946,0.2573,,0.622,0.0341,0.249,NOMINAL,NOMINAL,NORMAL,0,
1642613400.0,1786288199.8757706,3,2.0347,0.2688,,0.684,0.0361,0.262,NOMINAL,NOMINAL,NORMAL,0,
1642614300.0,1786288200.0006568,3,1.9883,0.2658,,0.709,0.0378,0.286,NOMINAL,NOMINAL,NORMAL,0,
1642615200.0,1786288200.1256719,3,1.9914,0.2701,,0.706,0.0381,0.279,NOMINAL,NOMINAL,NORMAL,0,
1642616100.0,1786288200.250891,3,2.1016,0.2715,,0.701,0.0401,0.277,NOMINAL,NOMINAL,NORMAL,0,
1642617000.0,1786288200.375656,3,1.9928,0.2623,,0.67,0.0382,0.271,NOMINAL,NOMINAL,NORMAL,0,
1642617900.0,1786288200.5005426,3,1.9334,0.2607,,0.672,0.0404,0.28,NOMINAL,NOMINAL,NORMAL,0,
1642618800.0,1786288200.6255279,3,1.9456,0.2588,,0.636,0.0367,0.258,NOMINAL,NOMINAL,NORMAL,0,
1642619700.0,1786288200.7507129,3,2.0484,0.2599,,0.688,0.0381,0.268,NOMINAL,NOMINAL,NORMAL,0,
1642620600.0,1786288200.8757133,3,2.0146,0.2637,,0.667,0.037,0.262,NOMINAL,NOMINAL,NORMAL,0,
1642621500.0,1786288201.0003505,3,1.8479,0.254,,0.613,0.0356,0.278,NOMINAL,NOMINAL,NORMAL,0,
1642622400.0,1786288201.1258256,3,2.0703,0.2642,,0.745,0.0391,0.288,NOMINAL,NOMINAL,NORMAL,0,
1642623300.0,1786288201.250784,3,2.0583,0.2689,,0.684,0.0354,0.264,NOMINAL,NOMINAL,TRIGGERED,1,omni_p6
1642624200.0,1786288201.375475,3,1.9229,0.2585,,0.634,0.0366,0.268,NOMINAL,NOMINAL,NORMAL,0,
1642625100.0,1786288201.500712,3,2.016,0.2662,,0.686,0.038,0.263,NOMINAL,NOMINAL,NORMAL,0,
1642626000.0,1786288201.6254942,3,1.9348,0.2609,,0.627,0.0351,0.25,NOMINAL,NOMINAL,NORMAL,0,
1642626900.0,1786288201.7504423,3,1.9478,0.2577,,0.627,0.0347,0.245,NOMINAL,NOMINAL,NORMAL,0,
1642627800.0,1786288201.8756459,3,1.9784,0.2626,,0.658,0.0366,0.255,NOMINAL,NOMINAL,NORMAL,0,
1642628700.0,1786288202.0003192,3,1.831,0.2543,,0.619,0.0348,0.275,NOMINAL,NOMINAL,TRIGGERED,1,omni_p6|pro_tel90_p5
1642629600.0,1786288202.1266778,3,2.0342,0.2708,,0.677,0.0557,1.242,NOMINAL,PRE_ALERT,TRIGGERED,2,omni_p6|pro_tel0_p5|pro_tel90_p5
1642630500.0,1786288202.2517788,3,2.1116,0.2625,,0.693,0.0548,1.168,PRE_ALERT,NOMINAL,NORMAL,0,
1642631400.0,1786288202.375565,3,1.9633,0.2615,,0.651,0.0362,0.264,NOMINAL,NOMINAL,NORMAL,0,
1642632300.0,1786288202.5007327,3,2.0282,0.2681,,0.673,0.0373,0.27,NOMINAL,NOMINAL,NORMAL,0,
1642633200.0,1786288202.625616,3,2.0252,0.2656,,0.663,0.0383,0.265,NOMINAL,NOMINAL,NORMAL,0,
1642634100.0,1786288202.7505782,3,1.9966,0.2632,,0.653,0.0368,0.262,NOMINAL,NOMINAL,NORMAL,0,
1642635000.0,1786288202.8756995,3,2.0009,0.2666,,0.663,0.0364,0.265,NOMINAL,NOMINAL,TRIGGERED,1,omni_p6|pro_tel0_p5|pro_tel90_p5
1642635900.0,1786288203.002069,3,2.1481,0.275,,0.868,0.0592,1.268,NOMINAL,PRE_ALERT,TRIGGERED,2,omni_p6|pro_tel0_p5|pro_tel90_p5
1642636800.0,1786288203.1291704,3,2.2916,0.2764,1.5563,0.873,0.0627,1.31,PRE_ALERT,NOMINAL,NORMAL,0,
1642637700.0,1786288203.251173,3,2.2603,0.2791,,0.752,0.0388,0.293,NOMINAL,NOMINAL,NORMAL,0,
1642638600.0,1786288203.3757453,3,2.0367,0.266,,0.716,0.0394,0.278,NOMINAL,NOMINAL,NORMAL,0,
1642639500.0,1786288203.5008287,3,2.0849,0.2686,,0.695,0.0398,0.281,NOMINAL,NOMINAL,NORMAL,0,
1642640400.0,1786288203.625609,3,2.0033,0.2662,,0.665,0.0363,0.267,NOMINAL,NOMINAL,NORMAL,0,
1642641300.0,1786288203.750428,3,1.9105,0.2675,,0.634,0.0342,0.258,NOMINAL,NOMINAL,TRIGGERED,1,omni_p6|pro_tel0_p5|pro_tel90_p5
1642642200.0,1786288203.8766832,3,1.9788,0.2649,,0.68,0.0523,1.256,NOMINAL,PRE_ALERT,TRIGGERED,2,omni_p6
1642643100.0,1786288204.0014634,3,1.9502,0.2615,,0.672,0.055,1.143,PRE_ALERT,NOMINAL,NORMAL,0,
1642644000.0,1786288204.1263046,3,2.2486,0.2729,,0.913,0.0445,0.318,NOMINAL,NOMINAL,NORMAL,0,
1642644900.0,1786288204.2510295,3,2.1762,0.2718,,0.739,0.0399,0.29,NOMINAL,NOMINAL,NORMAL,0,
1642645800.0,1786288204.3756833,3,1.9902,0.2657,,0.689,0.0363,0.276,NOMINAL,NOMINAL,NORMAL,0,
1642646700.0,1786288204.5007877,3,2.0527,0.2711,,0.722,0.0386,0.282,NOMINAL,NOMINAL,TRIGGERED,1,omni_p6|pro_tel0_p5|pro_tel90_p5
1642647600.0,1786288204.6264615,3,1.9367,0.2627,,0.633,0.0529,1.207,NOMINAL,PRE_ALERT,TRIGGERED,2,omni_p6|pro_tel0_p5|pro_tel90_p5
1642648500.0,1786288204.7516239,3,2.0706,0.2655,,0.667,0.0564,1.148,PRE_ALERT,NOMINAL,NORMAL,0,
1642649400.0,1786288204.8757179,3,2.02,0.2651,,0.666,0.0374,0.266,NOMINAL,NOMINAL,NORMAL,0,
1642650300.0,1786288205.0003576,3,1.8578,0.257,,0.61,0.0341,0.276,NOMINAL,NOMINAL,NORMAL,0,
1642651200.0,1786288205.125566,3,1.9465,0.2603,,0.675,0.034,0.261,NOMINAL,NOMINAL,NORMAL,0,
1642652100.0,1786288205.2507586,3,2.0626,0.2642,,0.671,0.0348,0.26,NOMINAL,NOMINAL,NORMAL,0,
1642653000.0,1786288205.375468,3,1.9111,0.2572,,0.633,0.0356,0.274,NOMINAL,NOMINAL,NORMAL,0,
1642653900.0,1786288205.5007017,3,2.0023,0.2625,,0.709,0.0391,0.286,NOMINAL,NOMINAL,NORMAL,0,
1642654800.0,1786288205.6256387,3,2.0379,0.2625,,0.64,0.0348,0.267,NOMINAL,NOMINAL,NORMAL,0,
1642655700.0,1786288205.750431,3,1.9401,0.2576,,0.627,0.0342,0.254,NOMINAL,NOMINAL,NORMAL,0,
1642656600.0,1786288205.8756976,3,1.9993,0.26,,0.665,0.0377,0.267,NOMINAL,NOMINAL,NORMAL,0,
1642657500.0,1786288206.0004637,3,1.9192,0.2579,,0.658,0.0326,0.252,NOMINAL,NOMINAL,NORMAL,0,
1642658400.0,1786288206.1255863,3,1.9133,0.2607,,0.714,0.0365,0.273,NOMINAL,NOMINAL,NORMAL,0,
1642659300.0,1786288206.251031,3,2.1437,0.2702,,0.754,0.0399,0.281,NOMINAL,NOMINAL,NORMAL,0,
1642660200.0,1786288206.375533,3,1.9134,0.2583,,0.681,0.0378,0.268,NOMINAL,NOMINAL,NORMAL,0,
1642661100.0,1786288206.501556,3,1.9872,0.2642,,0.671,0.0391,0.282,NOMINAL,NOMINAL,NORMAL,0,
1642662000.0,1786288206.6260595,3,2.0214,0.2585,,0.653,0.0359,0.264,NOMINAL,NOMINAL,NORMAL,0,
1642662900.0,1786288206.7509074,3,1.9608,0.259,,0.63,0.0362,0.257,NOMINAL,NOMINAL,NORMAL,0,
1642663800.0,1786288206.8760793,3,1.9616,0.2639,,0.664,0.0346,0.263,NOMINAL,NOMINAL,TRIGGERED,1,omni_p6|pro_tel90_p5
1642664700.0,1786288207.0016773,3,1.8272,0.2594,,0.634,0.0517,1.193,NOMINAL,PRE_ALERT,TRIGGERED,2,omni_p6
1642665600.0,1786288207.1268456,3,1.953,0.2554,,0.642,0.0552,1.166,PRE_ALERT,NOMINAL,NORMAL,0,
1642666500.0,1786288207.2513387,3,2.1114,0.2677,,0.741,0.0386,0.276,NOMINAL,NOMINAL,NORMAL,0,
1642667400.0,1786288207.3758268,3,1.8711,0.257,,0.653,0.035,0.265,NOMINAL,NOMINAL,TRIGGERED,1,omni_p6
1642668300.0,1786288207.5010288,3,1.943,0.2601,,0.734,0.0381,0.271,NOMINAL,NOMINAL,NORMAL,0,
1642669200.0,1786288207.6265812,3,2.2323,0.2802,,0.782,0.0398,0.296,NOMINAL,NOMINAL,TRIGGERED,1,omni_p6|pro_tel0_p5|pro_tel90_p5
1642670100.0,1786288207.7518997,3,1.9581,0.2652,,0.68,0.0558,1.199,NOMINAL,PRE_ALERT,TRIGGERED,2,omni_p6|pro_tel90_p5
1642671000.0,1786288207.8762822,3,2.0764,0.2734,,0.706,0.0389,0.312,PRE_ALERT,PRE_ALERT,TRIGGERED,3,omni_p6|pro_tel0_p5
1642671900.0,1786288208.0028,3,2.2411,0.2868,,0.878,0.0637,1.24,PRE_ALERT,NOMINAL,NORMAL,0,
1642672800.0,1786288208.1269593,3,2.3337,0.2829,,0.839,0.0433,0.31,NOMINAL,NOMINAL,NORMAL,0,
1642673700.0,1786288208.2518096,3,2.2129,0.2765,,0.793,0.0434,0.305,NOMINAL,NOMINAL,TRIGGERED,1,omni_p6|pro_tel0_p5
1642674600.0,1786288208.3761528,3,2.0131,0.268,,0.693,0.0407,0.305,NOMINAL,NOMINAL,NORMAL,0,
1642675500.0,1786288208.5010731,3,1.9908,0.2735,,0.654,0.0375,0.284,NOMINAL,NOMINAL,TRIGGERED,1,omni_p6|pro_tel0_p5|pro_tel90_p5
1642676400.0,1786288208.6271162,3,2.0405,0.2724,,0.678,0.0548,1.213,NOMINAL,PRE_ALERT,TRIGGERED,2,omni_p6|pro_tel0_p5
1642677300.0,1786288208.7512064,3,2.0888,0.27,,0.674,0.0377,0.271,PRE_ALERT,PRE_ALERT,TRIGGERED,3,omni_p6
1642678200.0,1786288208.8773239,3,2.0578,0.2695,,0.678,0.0558,1.262,PRE_ALERT,NOMINAL,NORMAL,0,
1642679100.0,1786288209.0011468,3,2.0213,0.3075,,0.643,0.0365,0.266,NOMINAL,NOMINAL,NORMAL,0,
1642680000.0,1786288209.1264231,3,2.0826,0.2706,,0.86,0.0424,0.317,NOMINAL,NOMINAL,TRIGGERED,1,omni_p6|pro_tel0_p5|pro_tel90_p5
1642680900.0,1786288209.2524745,3,2.1752,0.2773,,0.753,0.0598,1.311,NOMINAL,PRE_ALERT,TRIGGERED,2,omni_p6|pro_tel0_p5|pro_tel90_p5
1642681800.0,1786288209.3760593,3,1.9697,0.268,,0.673,0.0391,0.297,PRE_ALERT,PRE_ALERT,TRIGGERED,3,omni_p6|pro_tel0_p5|pro_tel90_p5
1642682700.0,1786288209.5018792,3,1.9127,0.2631,,0.658,0.0578,1.244,PRE_ALERT,ALERT,TRIGGERED,4,omni_p6|pro_tel0_p5|pro_tel90_p5
1642683600.0,1786288209.6270792,3,2.0689,0.2635,,0.65,0.0573,1.195,ALERT,NOMINAL,NORMAL,0,
1642684500.0,1786288209.7507057,3,1.8393,0.2551,,0.61,0.035,0.262,NOMINAL,NOMINAL,NORMAL,0,
1642685400.0,1786288209.875739,3,1.8393,0.2527,,0.626,0.0343,0.262,NOMINAL,NOMINAL,TRIGGERED,1,pro_tel0_p5
1642686300.0,1786288210.001885,3,1.9173,0.2625,,0.656,0.0511,1.2,NOMINAL,PRE_ALERT,TRIGGERED,2,omni_p6|pro_tel0_p5|pro_tel90_p5
1642687200.0,1786288210.125986,3,1.8926,0.2641,,0.745,0.04,0.298,PRE_ALERT,PRE_ALERT,TRIGGERED,3,omni_p6|pro_tel0_p5|pro_tel90_p5
1642688100.0,1786288210.2522485,3,2.0113,0.2675,,0.808,0.062,1.33,PRE_ALERT,ALERT,TRIGGERED,4,omni_p6|pro_tel0_p5|pro_tel90_p5
1642689000.0,1786288210.3761885,3,2.0142,0.2682,,0.692,0.0412,0.321,ALERT,ALERT,TRIGGERED,5,omni_p6|pro_tel0_p5|pro_tel90_p5
1642689900.0,1786288210.5018907,3,1.9377,0.2637,,0.664,0.0547,1.214,ALERT,NOMINAL,NORMAL,0,
1642690800.0,1786288210.626164,3,2.061,0.2696,,0.641,0.0372,0.265,NOMINAL,NOMINAL,NORMAL,0,
1642691700.0,1786288210.7509203,3,1.9239,0.263,,0.647,0.0377,0.272,NOMINAL,NOMINAL,TRIGGERED,1,omni_p6|pro_tel0_p5|pro_tel90_p5
1642692600.0,1786288210.8757381,3,1.842,0.255,,0.616,0.0359,0.263,NOMINAL,NOMINAL,NORMAL,0,
1642693500.0,1786288211.001023,3,1.9214,0.2637,,0.679,0.039,0.265,NOMINAL,NOMINAL,TRIGGERED,1,omni_p6|pro_tel0_p5|pro_tel90_p5
1642694400.0,1786288211.1259768,3,1.9445,0.253,,0.711,0.038,0.285,NOMINAL,NOMINAL,NORMAL,0,
1642695300.0,1786288211.2508168,3,1.8518,0.2556,,0.682,0.035,0.282,NOMINAL,NOMINAL,TRIGGERED,1,omni_p6|pro_tel0_p5|pro_tel90_p5
1642696200.0,1786288211.3760393,3,1.9501,0.259,,0.685,0.0358,0.275,NOMINAL,NOMINAL,NORMAL,0,
1642697100.0,1786288211.5008278,3,1.8269,0.2485,,0.684,0.0364,0.315,NOMINAL,NOMINAL,NORMAL,0,
1642698000.0,1786288211.6260912,3,2.0109,0.264,,0.679,0.037,0.277,NOMINAL,NOMINAL,TRIGGERED,1,omni_p6|pro_tel0_p5|pro_tel90_p5
1642698900.0,1786288211.7506814,3,1.8368,0.2479,,0.61,0.0349,0.265,NOMINAL,NOMINAL,NORMAL,0,
1642699800.0,1786288211.8759184,3,1.9123,0.2539,,0.658,0.0464,0.275,NOMINAL,NOMINAL,NORMAL,0,
1642700700.0,1786288212.000948,3,1.9138,0.2578,,0.676,0.0341,0.264,NOMINAL,NOMINAL,TRIGGERED,1,pro_tel0_p5|pro_tel90_p5
1642701600.0,1786288212.1267595,3,1.861,0.2545,,0.611,0.053,1.264,NOMINAL,PRE_ALERT,TRIGGERED,2,pro_tel0_p5
1642702500.0,1786288212.2517133,3,1.8831,0.2477,,0.641,0.052,1.173,PRE_ALERT,NOMINAL,NORMAL,0,
1642703400.0,1786288212.3762505,3,2.023,0.2654,,0.741,0.0381,0.306,NOMINAL,NOMINAL,NORMAL,0,
1642704300.0,1786288212.5007756,3,1.8488,0.2583,,0.632,0.0344,0.272,NOMINAL,NOMINAL,TRIGGERED,1,omni_p6|pro_tel0_p5|pro_tel90_p5
1642705200.0,1786288212.6260004,3,2.011,0.2563,,0.619,0.0347,0.257,NOMINAL,NOMINAL,NORMAL,0,
1642706100.0,1786288212.7507725,3,1.8871,0.2533,,0.623,0.0331,0.248,NOMINAL,NOMINAL,NORMAL,0,
1642707000.0,1786288212.8757083,3,1.8395,0.2551,,0.619,0.0305,0.241,NOMINAL,NOMINAL,TRIGGERED,1,pro_tel0_p5|pro_tel90_p5
1642707900.0,1786288213.0017102,3,2.1832,0.2755,,0.883,0.0402,0.31,NOMINAL,NOMINAL,NORMAL,0,
1642708800.0,1786288213.1268315,3,2.2435,0.2771,,0.895,0.041,0.305,NOMINAL,NOMINAL,NORMAL,0,
1642709700.0,1786288213.2512608,3,2.0568,0.2651,,0.699,0.0368,0.268,NOMINAL,NOMINAL,TRIGGERED,1,pro_tel0_p5|pro_tel90_p5
1642710600.0,1786288213.3773797,3,2.0556,0.2679,,0.766,0.0554,1.272,NOMINAL,PRE_ALERT,TRIGGERED,2,pro_tel0_p5|pro_tel90_p5
1642711500.0,1786288213.5021088,3,2.0458,0.3031,,0.623,0.0531,1.178,PRE_ALERT,NOMINAL,NORMAL,0,
1642712400.0,1786288213.6267054,3,2.2359,0.2771,,0.781,0.0407,0.286,NOMINAL,NOMINAL,NORMAL,0,
1642713300.0,1786288213.7511983,3,2.0367,0.2664,,0.686,0.0332,0.263,NOMINAL,NOMINAL,TRIGGERED,1,pro_tel0_p5|pro_tel90_p5
1642714200.0,1786288213.8769324,3,1.9219,0.2612,,0.649,0.0492,1.219,NOMINAL,PRE_ALERT,TRIGGERED,2,omni_p6|pro_tel0_p5|pro_tel90_p5
1642715100.0,1786288214.0027838,3,2.2603,0.28,,0.865,0.0578,1.228,PRE_ALERT,NOMINAL,NORMAL,0,
1642716000.0,1786288214.1268024,3,2.2386,0.2827,,0.866,0.0388,0.311,NOMINAL,NOMINAL,TRIGGERED,1,pro_tel0_p5|pro_tel90_p5
1642716900.0,1786288214.2515569,3,2.195,0.2735,,0.758,0.0406,0.297,NOMINAL,NOMINAL,NORMAL,0,
1642717800.0,1786288214.3764825,3,2.1223,0.2686,,0.748,0.0371,0.281,NOMINAL,NOMINAL,NORMAL,0,
1642718700.0,1786288214.5012572,3,2.0553,0.3144,,0.637,0.0346,0.27,NOMINAL,NOMINAL,TRIGGERED,1,pro_tel0_p5|pro_tel90_p5
1642719600.0,1786288214.627173,3,2.0936,0.2684,,0.629,0.0493,1.224,NOMINAL,PRE_ALERT,TRIGGERED,2,pro_tel0_p5|pro_tel90_p5
1642720500.0,1786288214.751137,3,2.0373,0.2643,,0.618,0.0354,0.263,PRE_ALERT,PRE_ALERT,TRIGGERED,3,omni_p6|pro_tel0_p5|pro_tel90_p5
1642721400.0,1786288214.877082,3,2.0179,0.2631,,0.646,0.0551,1.209,PRE_ALERT,NOMINAL,NORMAL,0,
1642722300.0,1786288215.0011535,3,1.9906,0.2967,,0.634,0.0335,0.254,NOMINAL,NOMINAL,TRIGGERED,1,pro_tel0_p5|pro_tel90_p5
1642723200.0,1786288215.1278334,3,1.9932,0.2554,1.5662,0.645,0.0322,0.256,NOMINAL,NOMINAL,NORMAL,0,
1642724100.0,1786288215.2511241,3,2.056,0.2633,,0.598,0.0314,0.238,NOMINAL,NOMINAL,NORMAL,0,
1642725000.0,1786288215.3764248,3,2.0625,0.2689,,0.748,0.0348,0.28,NOMINAL,NOMINAL,TRIGGERED,1,pro_tel0_p5|pro_tel90_p5
1642725900.0,1786288215.5022402,3,2.0519,0.3018,,0.646,0.0523,1.248,NOMINAL,PRE_ALERT,TRIGGERED,2,omni_p6|pro_tel0_p5|pro_tel90_p5
1642726800.0,1786288215.6262965,3,2.0997,0.2705,,0.672,0.0343,0.264,PRE_ALERT,PRE_ALERT,TRIGGERED,3,omni_p6|pro_tel0_p5|pro_tel90_p5
1642727700.0,1786288215.7521322,3,2.044,0.2597,,0.65,0.0536,1.215,PRE_ALERT,NOMINAL,NORMAL,0,
1642728600.0,1786288215.8759687,3,1.9616,0.2577,,0.593,0.0318,0.25,NOMINAL,NOMINAL,TRIGGERED,1,pro_tel0_p5
1642729500.0,1786288216.001209,3,1.9938,0.3043,,0.644,0.0345,0.281,NOMINAL,NOMINAL,NORMAL,0,
1642730400.0,1786288216.1262484,3,2.0458,0.2605,,0.664,0.0353,0.287,NOMINAL,NOMINAL,NORMAL,0,
1642731300.0,1786288216.2511032,3,2.0099,0.2599,,0.617,0.0324,0.281,NOMINAL,NOMINAL,TRIGGERED,1,pro_tel0_p5|pro_tel90_p5
1642732200.0,1786288216.3772252,3,2.021,0.2676,,0.643,0.0544,1.292,NOMINAL,PRE_ALERT,TRIGGERED,2,omni_p6|pro_tel0_p5|pro_tel90_p5
1642733100.0,1786288216.5011935,3,2.0331,0.3171,,0.601,0.0348,0.265,PRE_ALERT,PRE_ALERT,TRIGGERED,3,omni_p6|pro_tel0_p5|pro_tel90_p5
1642734000.0,1786288216.6272168,3,2.0914,0.2655,,0.665,0.0548,1.22,PRE_ALERT,ALERT,TRIGGERED,4,pro_tel0_p5|pro_tel90_p5
1642734900.0,1786288216.7520409,3,2.0291,0.2626,,0.641,0.0545,1.15,ALERT,NOMINAL,NORMAL,0,
1642735800.0,1786288216.8759947,3,1.9799,0.2592,,0.597,0.032,0.249,NOMINAL,NOMINAL,NORMAL,0,
1642736700.0,1786288217.0010633,3,1.9542,0.2932,,0.614,0.034,0.25,NOMINAL,NOMINAL,NORMAL,0,
1642737600.0,1786288217.1259692,3,1.965,0.2539,,0.571,0.034,0.243,NOMINAL,NOMINAL,NORMAL,0,
1642738500.0,1786288217.2509751,3,1.9353,0.2578,,0.596,0.03,0.256,NOMINAL,NOMINAL,TRIGGERED,1,omni_p6
1642739400.0,1786288217.3760357,3,1.9465,0.2552,,0.624,0.0341,0.243,NOMINAL,NOMINAL,NORMAL,0,
1642740300.0,1786288217.5013828,3,2.1314,0.2754,,0.613,0.0345,0.273,NOMINAL,NOMINAL,TRIGGERED,1,pro_tel0_p5
1642741200.0,1786288217.626391,3,2.1622,0.2684,,0.618,0.0387,0.267,NOMINAL,NOMINAL,NORMAL,0,
1642742100.0,1786288217.751041,3,1.97,0.2546,,0.615,0.0331,0.248,NOMINAL,NOMINAL,NORMAL,0,
1642743000.0,1786288217.8759272,3,1.9255,0.2551,,0.598,0.0328,0.243,NOMINAL,NOMINAL,NORMAL,0,
1642743900.0,1786288218.0019634,3,2.2695,0.2817,,0.883,0.0409,0.313,NOMINAL,NOMINAL,NORMAL,0,
1642744800.0,1786288218.1267977,3,2.2592,0.2744,,0.819,0.0391,0.299,NOMINAL,NOMINAL,NORMAL,0,
1642745700.0,1786288218.251369,3,2.1254,0.2691,,0.689,0.0368,0.269,NOMINAL,NOMINAL,NORMAL,0,
1642746600.0,1786288218.376234,3,2.027,0.2665,,0.657,0.0341,0.301,NOMINAL,NOMINAL,NORMAL,0,
1642747500.0,1786288218.501279,3,2.054,0.2998,,0.646,0.0349,0.274,NOMINAL,NOMINAL,NORMAL,0,
1642748400.0,1786288218.6261666,3,2.059,0.2657,,0.636,0.034,0.261,NOMINAL,NOMINAL,NORMAL,0,
1642749300.0,1786288218.7511775,3,2.0541,0.2628,,0.612,0.0323,0.256,NOMINAL,NOMINAL,TRIGGERED,1,pro_tel90_p5
1642750200.0,1786288218.8759053,3,1.9302,0.2596,,0.642,0.0331,0.251,NOMINAL,NOMINAL,NORMAL,0,
1642751100.0,1786288219.0010548,3,1.9485,0.2876,,0.629,0.0324,0.27,NOMINAL,NOMINAL,NORMAL,0,
1642752000.0,1786288219.1266494,3,2.169,0.2736,,0.866,0.0394,0.374,NOMINAL,NOMINAL,NORMAL,0,
1642752900.0,1786288219.2510877,3,2.0041,0.2632,,0.702,0.0369,0.276,NOMINAL,NOMINAL,NORMAL,0,
1642753800.0,1786288219.376073,3,1.9553,0.2571,,0.667,0.0342,0.268,NOMINAL,NOMINAL,NORMAL,0,
1642754700.0,1786288219.501224,3,1.99,0.3329,,0.67,0.034,0.278,NOMINAL,NOMINAL,TRIGGERED,1,omni_p6|pro_tel0_p5|pro_tel90_p5
1642755600.0,1786288219.6269922,3,2.0081,0.2618,,0.626,0.0512,1.229,NOMINAL,PRE_ALERT,TRIGGERED,2,pro_tel90_p5
1642756500.0,1786288219.7520025,3,2.0013,0.2617,,0.673,0.053,1.147,PRE_ALERT,NOMINAL,NORMAL,0,
1642757400.0,1786288219.8758557,3,1.8893,0.2577,,0.633,0.0336,0.253,NOMINAL,NOMINAL,NORMAL,0,
1642758300.0,1786288220.0010543,3,1.951,0.307,,0.622,0.0321,0.242,NOMINAL,NOMINAL,NORMAL,0,
1642759200.0,1786288220.1258123,3,1.9148,0.2522,,0.574,0.0324,0.236,NOMINAL,NOMINAL,NORMAL,0,
1642760100.0,1786288220.2508295,3,1.8938,0.2566,,0.613,0.0312,0.245,NOMINAL,NOMINAL,TRIGGERED,1,omni_p6|pro_tel0_p5|pro_tel90_p5
1642761000.0,1786288220.3770998,3,1.94,0.2625,,0.64,0.0483,1.36,NOMINAL,PRE_ALERT,TRIGGERED,2,omni_p6|pro_tel0_p5|pro_tel90_p5
1642761900.0,1786288220.5021913,3,2.0302,0.3044,,0.685,0.0556,1.206,PRE_ALERT,NOMINAL,NORMAL,0,
1642762800.0,1786288220.6260245,3,2.0292,0.2595,,0.629,0.0368,0.272,NOMINAL,NOMINAL,NORMAL,0,
1642763700.0,1786288220.7509944,3,1.9669,0.2582,,0.649,0.0347,0.26,NOMINAL,NOMINAL,NORMAL,0,
1642764600.0,1786288220.875623,3,1.799,0.2464,,0.599,0.0336,0.246,NOMINAL,NOMINAL,NORMAL,0,
1642765500.0,1786288221.0010903,3,1.9707,0.29,,0.654,0.034,0.262,NOMINAL,NOMINAL,NORMAL,0,
1642766400.0,1786288221.1258523,3,1.8683,0.2608,,0.686,0.0341,0.277,NOMINAL,NOMINAL,TRIGGERED,1,omni_p6|pro_tel0_p5|pro_tel90_p5
1642767300.0,1786288221.2517216,3,1.8977,0.2568,,0.621,0.0507,1.206,NOMINAL,PRE_ALERT,TRIGGERED,2,omni_p6|pro_tel0_p5|pro_tel90_p5
1642768200.0,1786288221.3770463,3,1.9652,0.2564,,0.676,0.0541,1.258,PRE_ALERT,NOMINAL,NORMAL,0,
1642769100.0,1786288221.501128,3,1.9658,0.2994,,0.66,0.0374,0.295,NOMINAL,NOMINAL,NORMAL,0,
1642770000.0,1786288221.6259358,3,1.9735,0.2584,,0.617,0.0369,0.268,NOMINAL,NOMINAL,NORMAL,0,
1642770900.0,1786288221.7508883,3,1.9222,0.2528,,0.636,0.0351,0.259,NOMINAL,NOMINAL,NORMAL,0,
1642771800.0,1786288221.875614,3,1.7641,0.2472,,0.618,0.0347,0.249,NOMINAL,NOMINAL,NORMAL,0,
1642772700.0,1786288222.000978,3,1.919,0.2557,,0.689,0.0346,0.26,NOMINAL,NOMINAL,TRIGGERED,1,omni_p6|pro_tel0_p5|pro_tel90_p5
1642773600.0,1786288222.1266105,3,1.8117,0.2489,,0.583,0.0478,1.239,NOMINAL,PRE_ALERT,TRIGGERED,2,omni_p6
1642774500.0,1786288222.2517493,3,1.9237,0.2573,,0.625,0.0516,1.154,PRE_ALERT,NOMINAL,NORMAL,0,
1642775400.0,1786288222.3766236,3,2.1353,0.2718,,0.871,0.0383,0.31,NOMINAL,NOMINAL,NORMAL,0,
1642776300.0,1786288222.500903,3,1.8693,0.2572,,0.658,0.0357,0.351,NOMINAL,NOMINAL,NORMAL,0,
1642777200.0,1786288222.6263664,3,2.1321,0.2692,,0.66,0.0348,0.304,NOMINAL,NOMINAL,NORMAL,0,
1642778100.0,1786288222.751189,3,2.0537,0.2645,,0.684,0.0371,0.276,NOMINAL,NOMINAL,NORMAL,0,
1642779000.0,1786288222.8756552,3,1.7822,0.256,,0.621,0.0333,0.264,NOMINAL,NOMINAL,TRIGGERED,1,omni_p6|pro_tel0_p5|pro_tel90_p5
1642779900.0,1786288223.0017955,3,2.1928,0.2825,,0.881,0.0391,0.314,NOMINAL,NOMINAL,NORMAL,0,
1642780800.0,1786288223.1262016,3,2.0068,0.2631,,0.789,0.0419,0.307,NOMINAL,NOMINAL,NORMAL,0,
1642781700.0,1786288223.2509158,3,1.909,0.2553,,0.692,0.0369,0.28,NOMINAL,NOMINAL,NORMAL,0,
1642782600.0,1786288223.3759866,3,1.9177,0.2563,,0.683,0.0372,0.262,NOMINAL,NOMINAL,NORMAL,0,
1642783500.0,1786288223.5009284,3,1.9167,0.2524,,0.671,0.0379,0.275,NOMINAL,NOMINAL,NORMAL,0,
1642784400.0,1786288223.626244,3,2.0576,0.2608,,0.693,0.0383,0.285,NOMINAL,NOMINAL,NORMAL,0,
1642785300.0,1786288223.7510598,3,1.9948,0.2584,,0.644,0.0346,0.288,NOMINAL,NOMINAL,NORMAL,0,
1642786200.0,1786288223.8756342,3,1.8113,0.2467,,0.595,0.0345,0.245,NOMINAL,NOMINAL,NORMAL,0,
1642787100.0,1786288224.0010471,3,1.9541,0.2582,,0.7,0.0374,0.26,NOMINAL,NOMINAL,NORMAL,0,
1642788000.0,1786288224.126486,3,2.0981,0.2652,,0.863,0.0397,0.306,NOMINAL,NOMINAL,NORMAL,0,
1642788900.0,1786288224.2508519,3,1.9128,0.2537,,0.655,0.0374,0.27,NOMINAL,NOMINAL,NORMAL,0,
1642789800.0,1786288224.376022,3,1.9313,0.2627,,0.692,0.0351,0.269,NOMINAL,NOMINAL,NORMAL,0,
1642790700.0,1786288224.5006487,3,1.7932,0.2508,,0.617,0.0355,0.251,NOMINAL,NOMINAL,NORMAL,0,
1642791600.0,1786288224.6262903,3,2.0274,0.2651,,0.695,0.0379,0.381,NOMINAL,NOMINAL,NORMAL,0,
1642792500.0,1786288224.751138,3,1.993,0.2645,,0.684,0.0362,0.298,NOMINAL,NOMINAL,NORMAL,0,
1642793400.0,1786288224.875675,3,1.7856,0.2519,,0.633,0.0352,0.272,NOMINAL,NOMINAL,NORMAL,0,
1642794300.0,1786288225.0010462,3,1.9338,0.2571,,0.695,0.037,0.287,NOMINAL,NOMINAL,NORMAL,0,
1642795200.0,1786288225.1257946,3,1.8825,0.2536,,0.617,0.0344,0.275,NOMINAL,NOMINAL,NORMAL,0,
1642796100.0,1786288225.2506688,3,1.8273,0.2466,,0.595,0.0332,0.273,NOMINAL,NOMINAL,NORMAL,0,
1642797000.0,1786288225.3758752,3,1.899,0.255,,0.628,0.0324,0.261,NOMINAL,NOMINAL,NORMAL,0,
1642797900.0,1786288225.5006168,3,1.7744,0.2475,,0.607,0.0345,0.265,NOMINAL,NOMINAL,NORMAL,0,
1642798800.0,1786288225.6261256,3,2.0146,0.2638,,0.654,0.0364,0.273,NOMINAL,NOMINAL,TRIGGERED,1,pro_tel90_p5
1642799700.0,1786288225.7520761,3,1.9762,0.2633,,0.667,0.0508,1.251,NOMINAL,PRE_ALERT,TRIGGERED,2,omni_p6|pro_tel0_p5|pro_tel90_p5
1642800600.0,1786288225.8766747,3,1.8046,0.2523,,0.624,0.0542,1.245,PRE_ALERT,NOMINAL,NORMAL,0,
1642801500.0,1786288226.001025,3,1.9152,0.2573,,0.727,0.0341,0.256,NOMINAL,NOMINAL,NORMAL,0,
1642802400.0,1786288226.1259096,3,1.9327,0.2558,,0.651,0.035,0.272,NOMINAL,NOMINAL,NORMAL,0,
1642803300.0,1786288226.2506616,3,1.811,0.2468,,0.61,0.0344,0.271,NOMINAL,NOMINAL,NORMAL,0,
1642804200.0,1786288226.3759637,3,1.9265,0.2607,,0.668,0.0361,0.263,NOMINAL,NOMINAL,NORMAL,0,
1642805100.0,1786288226.5012038,3,2.0188,0.3029,,0.702,0.0354,0.315,NOMINAL,NOMINAL,TRIGGERED,1,omni_p6|pro_tel0_p5|pro_tel90_p5
1642806000.0,1786288226.6274233,3,2.1314,0.2738,,0.757,0.057,1.302,NOMINAL,PRE_ALERT,TRIGGERED,2,omni_p6|pro_tel0_p5|pro_tel90_p5
1642806900.0,1786288226.7523875,3,2.1069,0.2737,,0.759,0.0561,1.255,PRE_ALERT,NOMINAL,NORMAL,0,
1642807800.0,1786288226.8758729,3,1.9104,0.2541,,0.635,0.0355,0.267,NOMINAL,NOMINAL,NORMAL,0,
1642808700.0,1786288227.001215,3,1.9745,0.2915,,0.646,0.036,0.299,NOMINAL,NOMINAL,NORMAL,0,
1642809600.0,1786288227.1275916,3,1.897,0.2539,1.562,0.639,0.0352,0.264,NOMINAL,NOMINAL,NORMAL,0,
1642810500.0,1786288227.2510018,3,2.0095,0.2618,,0.648,0.0363,0.255,NOMINAL,NOMINAL,NORMAL,0,
1642811400.0,1786288227.3760607,3,1.9706,0.2618,,0.667,0.0352,0.26,NOMINAL,NOMINAL,TRIGGERED,1,omni_p6|pro_tel0_p5|pro_tel90_p5
1642812300.0,1786288227.5017655,3,1.8793,0.2599,,0.624,0.0508,1.225,NOMINAL,PRE_ALERT,TRIGGERED,2,omni_p6|pro_tel0_p5|pro_tel90_p5
1642813200.0,1786288227.6269372,3,2.0095,0.2605,,0.626,0.0532,1.186,PRE_ALERT,NOMINAL,NORMAL,0,
1642814100.0,1786288227.751346,3,2.0815,0.2688,,0.697,0.0365,0.266,NOMINAL,NOMINAL,NORMAL,0,
1642815000.0,1786288227.8760207,3,1.9453,0.2603,,0.686,0.0347,0.289,NOMINAL,NOMINAL,NORMAL,0,
1642815900.0,1786288228.0017967,3,2.1896,0.2775,,0.901,0.0416,0.309,NOMINAL,NOMINAL,NORMAL,0,
1642816800.0,1786288228.1269846,3,2.2896,0.2842,,0.892,0.0397,0.306,NOMINAL,NOMINAL,NORMAL,0,
1642817700.0,1786288228.2513437,3,2.1085,0.2751,,0.685,0.0365,0.276,NOMINAL,NOMINAL,TRIGGERED,1,omni_p6|pro_tel0_p5|pro_tel90_p5
1642818600.0,1786288228.3762043,3,2.0141,0.2651,,0.653,0.0352,0.286,NOMINAL,NOMINAL,NORMAL,0,
1642819500.0,1786288228.5010445,3,1.953,0.3089,,0.59,0.0341,0.284,NOMINAL,NOMINAL,NORMAL,0,
1642820400.0,1786288228.6260624,3,2.0153,0.2621,,0.622,0.0332,0.252,NOMINAL,NOMINAL,NORMAL,0,
1642821300.0,1786288228.7513976,3,2.1126,0.2726,,0.7,0.0354,0.273,NOMINAL,NOMINAL,NORMAL,0,
1642822200.0,1786288228.8760507,3,1.9713,0.2607,,0.632,0.0328,0.255,NOMINAL,NOMINAL,NORMAL,0,
1642823100.0,1786288229.000987,3,1.9218,0.2563,,0.638,0.0333,0.247,NOMINAL,NOMINAL,NORMAL,0,
1642824000.0,1786288229.1268663,3,2.2762,0.2837,,0.843,0.0394,0.315,NOMINAL,NOMINAL,TRIGGERED,1,omni_p6|pro_tel0_p5|pro_tel90_p5
1642824900.0,1786288229.2514932,3,2.1651,0.2712,,0.727,0.0366,0.274,NOMINAL,NOMINAL,NORMAL,0,
1642825800.0,1786288229.3762238,3,2.0251,0.2647,,0.651,0.0346,0.292,NOMINAL,NOMINAL,NORMAL,0,
1642826700.0,1786288229.5010574,3,1.9838,0.3066,,0.588,0.0338,0.259,NOMINAL,NOMINAL,NORMAL,0,
1642827600.0,1786288229.625974,3,1.9655,0.2596,,0.59,0.0319,0.249,NOMINAL,NOMINAL,NORMAL,0,
1642828500.0,1786288229.7518046,3,2.1029,0.272,,0.788,0.0371,0.605,NOMINAL,NOMINAL,NORMAL,0,
1642829400.0,1786288229.8760676,3,1.9777,0.2642,,0.622,0.0351,0.262,NOMINAL,NOMINAL,NORMAL,0,
1642830300.0,1786288230.001108,3,1.9786,0.3013,,0.616,0.035,0.256,NOMINAL,NOMINAL,NORMAL,0,
1642831200.0,1786288230.126035,3,1.9661,0.2595,,0.636,0.0326,0.269,NOMINAL,NOMINAL,NORMAL,0,
1642832100.0,1786288230.2509465,3,1.9433,0.2555,,0.612,0.0343,0.24,NOMINAL,NOMINAL,NORMAL,0,
1642833000.0,1786288230.376047,3,1.9485,0.2555,,0.651,0.0332,0.247,NOMINAL,NOMINAL,NORMAL,0,
1642833900.0,1786288230.500948,3,1.935,0.2592,,0.608,0.0335,0.276,NOMINAL,NOMINAL,TRIGGERED,1,pro_tel90_p5
1642834800.0,1786288230.6260183,3,1.9968,0.2597,,0.603,0.0339,0.253,NOMINAL,NOMINAL,NORMAL,0,
1642835700.0,1786288230.751238,3,2.0413,0.2627,,0.669,0.037,0.264,NOMINAL,NOMINAL,NORMAL,0,
1642836600.0,1786288230.876158,3,2.0001,0.258,,0.643,0.0353,0.279,NOMINAL,NOMINAL,NORMAL,0,
1642837500.0,1786288231.0010488,3,1.9555,0.2965,,0.61,0.0359,0.254,NOMINAL,NOMINAL,NORMAL,0,
1642838400.0,1786288231.1261957,3,2.0319,0.2643,,0.675,0.0359,0.267,NOMINAL,NOMINAL,NORMAL,0,
1642839300.0,1786288231.2510965,3,1.9952,0.2615,,0.606,0.0325,0.279,NOMINAL,NOMINAL,TRIGGERED,1,omni_p6
1642840200.0,1786288231.377558,3,2.352,0.2644,,0.652,0.0524,1.272,NOMINAL,PRE_ALERT,TRIGGERED,2,omni_p6|pro_tel90_p5
1642841100.0,1786288231.5020676,3,2.0396,0.2982,,0.607,0.0528,1.176,PRE_ALERT,NOMINAL,NORMAL,0,
1642842000.0,1786288231.626024,3,2.0102,0.2796,,0.588,0.0333,0.248,NOMINAL,NOMINAL,NORMAL,0,
1642842900.0,1786288231.751251,3,2.0673,0.2635,,0.652,0.0347,0.262,NOMINAL,NOMINAL,NORMAL,0,
1642843800.0,1786288231.8760746,3,1.9891,0.261,,0.59,0.0346,0.254,NOMINAL,NOMINAL,NORMAL,0,
1642844700.0,1786288232.0016284,3,2.2916,0.301,,0.634,0.0356,0.268,NOMINAL,NOMINAL,NORMAL,0,
1642845600.0,1786288232.1261423,3,2.0458,0.2661,,0.593,0.0339,0.269,NOMINAL,NOMINAL,TRIGGERED,1,omni_p6|pro_tel0_p5|pro_tel90_p5
1642846500.0,1786288232.2519689,3,1.9698,0.2623,,0.605,0.0512,1.216,NOMINAL,PRE_ALERT,TRIGGERED,2,pro_tel90_p5
1642847400.0,1786288232.3784344,3,2.7784,0.3182,,0.801,0.0546,1.173,PRE_ALERT,NOMINAL,NORMAL,0,
1642848300.0,1786288232.5012088,3,2.0496,0.304,,0.621,0.0352,0.268,NOMINAL,NOMINAL,NORMAL,0,
1642849200.0,1786288232.6259985,3,2.0012,0.2634,,0.585,0.033,0.251,NOMINAL,NOMINAL,NORMAL,0,
1642850100.0,1786288232.7512217,3,2.043,0.265,,0.675,0.0385,0.306,NOMINAL,NOMINAL,NORMAL,0,
1642851000.0,1786288232.876235,3,2.0294,0.2639,,0.649,0.0372,0.308,NOMINAL,NOMINAL,NORMAL,0,
1642851900.0,1786288233.001747,3,2.1666,0.2786,,0.871,0.0389,0.308,NOMINAL,NOMINAL,TRIGGERED,1,omni_p6|pro_tel0_p5|pro_tel90_p5
1642852800.0,1786288233.126737,3,2.2476,0.2794,,0.79,0.0398,0.312,NOMINAL,NOMINAL,NORMAL,0,
1642853700.0,1786288233.2511508,3,2.0011,0.2662,,0.676,0.0332,0.269,NOMINAL,NOMINAL,NORMAL,0,
1642854600.0,1786288233.3759887,3,1.8949,0.2602,,0.67,0.033,0.257,NOMINAL,NOMINAL,NORMAL,0,
1642855500.0,1786288233.5011153,3,2.0201,0.2964,,0.631,0.0343,0.267,NOMINAL,NOMINAL,NORMAL,0,
1642856400.0,1786288233.6258578,3,1.9243,0.2561,,0.602,0.0319,0.246,NOMINAL,NOMINAL,NORMAL,0,
1642857300.0,1786288233.7511358,3,2.016,0.2649,,0.634,0.0319,0.255,NOMINAL,NOMINAL,TRIGGERED,1,omni_p6|pro_tel0_p5|pro_tel90_p5
1642858200.0,1786288233.877214,3,2.021,0.2646,,0.689,0.082,1.228,NOMINAL,PRE_ALERT,TRIGGERED,2,omni_p6|pro_tel0_p5|pro_tel90_p5
1642859100.0,1786288234.002094,3,2.0561,0.3226,,0.666,0.0487,1.107,PRE_ALERT,NOMINAL,NORMAL,0,
1642860000.0,1786288234.126955,3,2.2799,0.282,,0.849,0.0394,0.307,NOMINAL,NOMINAL,NORMAL,0,
1642860900.0,1786288234.2512612,3,1.995,0.267,,0.785,0.0358,0.274,NOMINAL,NOMINAL,NORMAL,0,
1642861800.0,1786288234.3760033,3,1.9207,0.2591,,0.635,0.0358,0.277,NOMINAL,NOMINAL,NORMAL,0,
1642862700.0,1786288234.501155,3,2.0103,0.3139,,0.632,0.0341,0.272,NOMINAL,NOMINAL,NORMAL,0,
1642863600.0,1786288234.6259236,3,1.9433,0.261,,0.612,0.0312,0.253,NOMINAL,NOMINAL,TRIGGERED,1,omni_p6|pro_tel0_p5|pro_tel90_p5
1642864500.0,1786288234.7522242,3,1.9875,0.2626,,0.642,0.0497,1.364,NOMINAL,PRE_ALERT,TRIGGERED,2,omni_p6|pro_tel0_p5|pro_tel90_p5
1642865400.0,1786288234.877717,3,2.2202,0.2789,,0.838,0.055,1.2,PRE_ALERT,NOMINAL,NORMAL,0,
1642866300.0,1786288235.0013041,3,2.062,0.3294,,0.68,0.032,0.269,NOMINAL,NOMINAL,NORMAL,0,
1642867200.0,1786288235.1262355,3,2.0741,0.2684,,0.644,0.0311,0.26,NOMINAL,NOMINAL,NORMAL,0,
1642868100.0,1786288235.2512505,3,2.0688,0.2656,,0.662,0.0315,0.259,NOMINAL,NOMINAL,NORMAL,0,
1642869000.0,1786288235.375828,3,1.8646,0.252,,0.604,0.0292,0.242,NOMINAL,NOMINAL,NORMAL,0,
1642869900.0,1786288235.5011263,3,2.0238,0.2947,,0.625,0.0348,0.258,NOMINAL,NOMINAL,NORMAL,0,
1642870800.0,1786288235.6258478,3,1.9326,0.2558,,0.577,0.0309,0.248,NOMINAL,NOMINAL,NORMAL,0,
1642871700.0,1786288235.7511048,3,2.0077,0.2607,,0.64,0.0321,0.249,NOMINAL,NOMINAL,NORMAL,0,
1642872600.0,1786288235.8763719,3,2.0679,0.2677,,0.693,0.0374,0.309,NOMINAL,NOMINAL,NORMAL,0,
1642873500.0,1786288236.001099,3,1.9596,0.2969,,0.627,0.0362,0.286,NOMINAL,NOMINAL,NORMAL,0,
1642874400.0,1786288236.1262405,3,2.0409,0.2641,,0.696,0.0378,0.271,NOMINAL,NOMINAL,NORMAL,0,
1642875300.0,1786288236.251012,3,1.9753,0.2553,,0.635,0.0349,0.249,NOMINAL,NOMINAL,NORMAL,0,
1642876200.0,1786288236.3759086,3,1.8675,0.2568,,0.658,0.0354,0.258,NOMINAL,NOMINAL,NORMAL,0,
1642877100.0,1786288236.5011039,3,1.9678,0.3144,,0.62,0.0338,0.256,NOMINAL,NOMINAL,NORMAL,0,
1642878000.0,1786288236.6257932,3,1.8981,0.2539,,0.572,0.0342,0.251,NOMINAL,NOMINAL,NORMAL,0,
1642878900.0,1786288236.7510252,3,1.933,0.2573,,0.618,0.0342,0.292,NOMINAL,NOMINAL,NORMAL,0,
1642879800.0,1786288236.8762903,3,2.0187,0.2609,,0.692,0.0361,0.3,NOMINAL,NOMINAL,NORMAL,0,
1642880700.0,1786288237.0010428,3,1.9479,0.2584,,0.666,0.0341,0.278,NOMINAL,NOMINAL,NORMAL,0,
1642881600.0,1786288237.1260896,3,1.9826,0.2636,,0.648,0.0335,0.249,NOMINAL,NOMINAL,NORMAL,0,
1642882500.0,1786288237.2508547,3,1.8792,0.2525,,0.618,0.0326,0.266,NOMINAL,NOMINAL,NORMAL,0,
1642883400.0,1786288237.375767,3,1.8244,0.2558,,0.607,0.0327,0.249,NOMINAL,NOMINAL,NORMAL,0,
1642884300.0,1786288237.5011187,3,1.9242,0.2639,,0.682,0.0354,0.337,NOMINAL,NOMINAL,TRIGGERED,1,omni_p6|pro_tel90_p5
1642885200.0,1786288237.6257708,3,1.894,0.2525,,0.556,0.0342,0.243,NOMINAL,NOMINAL,NORMAL,0,
1642886100.0,1786288237.7509754,3,1.9413,0.2522,,0.606,0.0352,0.251,NOMINAL,NOMINAL,NORMAL,0,
1642887000.0,1786288237.8762548,3,2.0068,0.2644,,0.683,0.0365,0.285,NOMINAL,NOMINAL,NORMAL,0,
1642887900.0,1786288238.0017004,3,2.1685,0.2785,,0.851,0.0388,0.309,NOMINAL,NOMINAL,NORMAL,0,
1642888800.0,1786288238.126821,3,2.2665,0.2743,,0.851,0.0419,0.309,NOMINAL,NOMINAL,NORMAL,0,
1642889700.0,1786288238.2510955,3,2.0126,0.2647,,0.652,0.0372,0.273,NOMINAL,NOMINAL,NORMAL,0,
1642890600.0,1786288238.3758955,3,1.8857,0.2645,,0.628,0.0345,0.268,NOMINAL,NOMINAL,TRIGGERED,1,omni_p6|pro_tel0_p5|pro_tel90_p5
1642891500.0,1786288238.501159,3,1.9824,0.3012,,0.644,0.0366,0.269,NOMINAL,NOMINAL,NORMAL,0,
1642892400.0,1786288238.6258223,3,1.8999,0.252,,0.586,0.0338,0.254,NOMINAL,NOMINAL,NORMAL,0,
1642893300.0,1786288238.7510211,3,1.9798,0.2545,,0.611,0.034,0.256,NOMINAL,NOMINAL,NORMAL,0,
1642894200.0,1786288238.8761613,3,1.9726,0.2611,,0.649,0.0356,0.307,NOMINAL,NOMINAL,NORMAL,0,
1642895100.0,1786288239.0012457,3,2.0159,0.3201,,0.67,0.0365,0.27,NOMINAL,NOMINAL,NORMAL,0,
1642896000.0,1786288239.1285558,3,2.2121,0.2638,1.5906,0.902,0.0409,0.319,NOMINAL,NOMINAL,NORMAL,0,
1642896900.0,1786288239.251802,3,2.5663,0.2743,,0.687,0.037,0.275,NOMINAL,NOMINAL,TRIGGERED,1,omni_p6|pro_tel0_p5|pro_tel90_p5
1642897800.0,1786288239.3761613,3,2.0037,0.2649,,0.634,0.0355,0.314,NOMINAL,NOMINAL,NORMAL,0,
1642898700.0,1786288239.5014052,3,2.0905,0.307,,0.697,0.0394,0.297,NOMINAL,NOMINAL,NORMAL,0,
1642899600.0,1786288239.6260817,3,2.0355,0.2595,,0.607,0.0358,0.261,NOMINAL,NOMINAL,NORMAL,0,
1642900500.0,1786288239.7510424,3,1.9774,0.2568,,0.617,0.0344,0.253,NOMINAL,NOMINAL,NORMAL,0,
1642901400.0,1786288239.8760993,3,1.9528,0.2558,,0.651,0.0356,0.258,NOMINAL,NOMINAL,NORMAL,0,
1642902300.0,1786288240.0012448,3,1.9997,0.3507,,0.674,0.0341,0.266,NOMINAL,NOMINAL,TRIGGERED,1,omni_p6|pro_tel0_p5|pro_tel90_p5
1642903200.0,1786288240.1271071,3,1.9977,0.261,,0.644,0.0526,1.244,NOMINAL,PRE_ALERT,TRIGGERED,2,omni_p6|pro_tel0_p5|pro_tel90_p5
1642904100.0,1786288240.2520034,3,2.0115,0.2622,,0.635,0.0525,1.158,PRE_ALERT,NOMINAL,NORMAL,0,
1642905000.0,1786288240.3760443,3,1.9388,0.2572,,0.647,0.0353,0.254,NOMINAL,NOMINAL,NORMAL,0,
1642905900.0,1786288240.5010297,3,1.9468,0.2947,,0.609,0.0323,0.253,NOMINAL,NOMINAL,NORMAL,0,
1642906800.0,1786288240.6259167,3,1.9618,0.257,,0.579,0.0314,0.244,NOMINAL,NOMINAL,NORMAL,0,
1642907700.0,1786288240.7509985,3,1.9622,0.2535,,0.611,0.033,0.249,NOMINAL,NOMINAL,NORMAL,0,
1642908600.0,1786288240.8760927,3,1.9679,0.2625,,0.641,0.0312,0.261,NOMINAL,NOMINAL,TRIGGERED,1,omni_p6|pro_tel0_p5|pro_tel90_p5
1642909500.0,1786288241.0022185,3,2.0096,0.3173,,0.689,0.0535,1.25,NOMINAL,PRE_ALERT,TRIGGERED,2,omni_p6|pro_tel90_p5
1642910400.0,1786288241.1273155,3,2.099,0.2698,,0.698,0.0585,1.213,PRE_ALERT,NOMINAL,NORMAL,0,
1642911300.0,1786288241.2512097,3,2.0318,0.2629,,0.654,0.0347,0.261,NOMINAL,NOMINAL,NORMAL,0,
1642912200.0,1786288241.376004,3,1.9562,0.258,,0.619,0.034,0.244,NOMINAL,NOMINAL,NORMAL,0,
1642913100.0,1786288241.5010743,3,1.9589,0.2909,,0.597,0.0373,0.271,NOMINAL,NOMINAL,NORMAL,0,
1642914000.0,1786288241.6260262,3,1.9829,0.259,,0.629,0.034,0.251,NOMINAL,NOMINAL,NORMAL,0,
1642914900.0,1786288241.751023,3,1.9573,0.257,,0.612,0.0327,0.249,NOMINAL,NOMINAL,NORMAL,0,
1642915800.0,1786288241.8760726,3,1.9724,0.2578,,0.62,0.0344,0.259,NOMINAL,NOMINAL,NORMAL,0,
1642916700.0,1786288242.0012007,3,2.005,0.3213,,0.669,0.0372,0.276,NOMINAL,NOMINAL,NORMAL,0,
1642917600.0,1786288242.1261094,3,2.0164,0.2618,,0.662,0.0332,0.255,NOMINAL,NOMINAL,NORMAL,0,
1642918500.0,1786288242.2508967,3,1.9089,0.256,,0.634,0.0337,0.248,NOMINAL,NOMINAL,NORMAL,0,
1642919400.0,1786288242.375759,3,1.8488,0.2534,,0.613,0.0331,0.244,NOMINAL,NOMINAL,NORMAL,0,
1642920300.0,1786288242.5010092,3,1.9543,0.2527,,0.617,0.0345,0.257,NOMINAL,NOMINAL,NORMAL,0,
1642921200.0,1786288242.6257472,3,1.8997,0.2531,,0.558,0.0324,0.245,NOMINAL,NOMINAL,NORMAL,0,
1642922100.0,1786288242.7509704,3,1.9673,0.2604,,0.615,0.0336,0.25,NOMINAL,NOMINAL,NORMAL,0,
1642923000.0,1786288242.8760629,3,1.9706,0.2584,,0.638,0.0342,0.254,NOMINAL,NOMINAL,NORMAL,0,
1642923900.0,1786288243.0018873,3,2.2134,0.2773,,0.895,0.039,0.32,NOMINAL,NOMINAL,NORMAL,0,
1642924800.0,1786288243.1269264,3,2.287,0.2813,,0.867,0.0395,0.305,NOMINAL,NOMINAL,TRIGGERED,1,omni_p6|pro_tel90_p5
1642925700.0,1786288243.2522254,3,2.0796,0.2638,,0.702,0.0565,1.258,NOMINAL,PRE_ALERT,TRIGGERED,2,pro_tel90_p5
1642926600.0,1786288243.3770278,3,2.0058,0.2591,,0.669,0.055,1.216,PRE_ALERT,NOMINAL,NORMAL,0,
1642927500.0,1786288243.5011618,3,2.0008,0.3143,,0.615,0.0362,0.266,NOMINAL,NOMINAL,NORMAL,0,
1642928400.0,1786288243.6259546,3,2.0287,0.2633,,0.592,0.0353,0.242,NOMINAL,NOMINAL,NORMAL,0,
1642929300.0,1786288243.750935,3,1.959,0.2549,,0.633,0.0348,0.25,NOMINAL,NOMINAL,NORMAL,0,
1642930200.0,1786288243.8761296,3,1.9767,0.2596,,0.654,0.035,0.257,NOMINAL,NOMINAL,NORMAL,0,
1642931100.0,1786288244.0008943,3,1.9009,0.263,,0.673,0.0326,0.247,NOMINAL,NOMINAL,TRIGGERED,1,omni_p6|pro_tel0_p5|pro_tel90_p5
1642932000.0,1786288244.1268353,3,2.2598,0.2749,,0.878,0.0413,0.316,NOMINAL,NOMINAL,NORMAL,0,
1642932900.0,1786288244.2511501,3,2.0629,0.2635,,0.702,0.0378,0.267,NOMINAL,NOMINAL,NORMAL,0,
1642933800.0,1786288244.3758218,3,1.8681,0.257,,0.652,0.0352,0.259,NOMINAL,NOMINAL,NORMAL,0,
1642934700.0,1786288244.5011044,3,1.992,0.2944,,0.639,0.0384,0.274,NOMINAL,NOMINAL,NORMAL,0,
1642935600.0,1786288244.6257267,3,1.875,0.2557,,0.577,0.0341,0.257,NOMINAL,NOMINAL,NORMAL,0,
1642936500.0,1786288244.7507854,3,1.878,0.2599,,0.611,0.0341,0.246,NOMINAL,NOMINAL,TRIGGERED,1,omni_p6|pro_tel0_p5|pro_tel90_p5
1642937400.0,1786288244.8770854,3,1.971,0.2636,,0.665,0.0529,1.253,NOMINAL,PRE_ALERT,TRIGGERED,2,omni_p6|pro_tel0_p5|pro_tel90_p5
1642938300.0,1786288245.0020282,3,2.0034,0.3036,,0.65,0.0519,1.197,PRE_ALERT,NOMINAL,NORMAL,0,
1642939200.0,1786288245.1263652,3,2.1158,0.2714,,0.729,0.0386,0.271,NOMINAL,NOMINAL,NORMAL,0,
1642940100.0,1786288245.2509313,3,1.9537,0.2607,,0.64,0.0345,0.249,NOMINAL,NOMINAL,NORMAL,0,
1642941000.0,1786288245.3758051,3,1.8539,0.2546,,0.641,0.0338,0.26,NOMINAL,NOMINAL,NORMAL,0,
1642941900.0,1786288245.501037,3,1.947,0.2614,,0.679,0.0361,0.26,NOMINAL,NOMINAL,NORMAL,0,
1642942800.0,1786288245.6256948,3,1.8711,0.2572,,0.576,0.0318,0.241,NOMINAL,NOMINAL,TRIGGERED,1,omni_p6|pro_tel0_p5|pro_tel90_p5
1642943700.0,1786288245.751655,3,1.8313,0.2528,,0.597,0.047,1.219,NOMINAL,PRE_ALERT,TRIGGERED,2,omni_p6|pro_tel0_p5|pro_tel90_p5
1642944600.0,1786288245.8770974,3,2.0102,0.2585,,0.68,0.0543,1.191,PRE_ALERT,NOMINAL,NORMAL,0,
1642945500.0,1786288246.0010352,3,1.9582,0.2591,,0.7,0.0344,0.259,NOMINAL,NOMINAL,NORMAL,0,
1642946400.0,1786288246.1264024,3,2.1325,0.2684,,0.776,0.0363,0.278,NOMINAL,NOMINAL,NORMAL,0,
1642947300.0,1786288246.250868,3,1.9073,0.2535,,0.643,0.0341,0.266,NOMINAL,NOMINAL,NORMAL,0,
1642948200.0,1786288246.3757668,3,1.8511,0.2552,,0.623,0.0318,0.254,NOMINAL,NOMINAL,NORMAL,0,
1642949100.0,1786288246.501201,3,2.0054,0.3019,,0.669,0.0334,0.269,NOMINAL,NOMINAL,TRIGGERED,1,omni_p6|pro_tel0_p5|pro_tel90_p5
1642950000.0,1786288246.6257691,3,1.8967,0.253,,0.581,0.0324,0.248,NOMINAL,NOMINAL,NORMAL,0,
1642950900.0,1786288246.7508335,3,1.8892,0.2526,,0.632,0.0337,0.256,NOMINAL,NOMINAL,NORMAL,0,
1642951800.0,1786288246.8767312,3,2.4486,0.2578,,0.678,0.0355,0.282,NOMINAL,NOMINAL,NORMAL,0,
1642952700.0,1786288247.0011668,3,2.012,0.2958,,0.715,0.0369,0.278,NOMINAL,NOMINAL,NORMAL,0,
1642953600.0,1786288247.1263294,3,2.086,0.2686,,0.731,0.0393,0.308,NOMINAL,NOMINAL,NORMAL,0,
1642954500.0,1786288247.251067,3,2.0154,0.26,,0.675,0.0367,0.27,NOMINAL,NOMINAL,NORMAL,0,
1642955400.0,1786288247.3758154,3,1.8732,0.2521,,0.633,0.0355,0.262,NOMINAL,NOMINAL,NORMAL,0,
1642956300.0,1786288247.5011468,3,1.9937,0.3076,,0.64,0.0367,0.265,NOMINAL,NOMINAL,NORMAL,0,
1642957200.0,1786288247.6257474,3,1.8963,0.2554,,0.571,0.0349,0.251,NOMINAL,NOMINAL,NORMAL,0,
1642958100.0,1786288247.750768,3,1.8767,0.2538,,0.613,0.0353,0.254,NOMINAL,NOMINAL,NORMAL,0,
1642959000.0,1786288247.8760862,3,1.9775,0.2583,,0.639,0.0361,0.27,NOMINAL,NOMINAL,NORMAL,0,
1642959900.0,1786288248.0016336,3,2.1707,0.2763,,0.879,0.0409,0.313,NOMINAL,NOMINAL,NORMAL,0,
1642960800.0,1786288248.1270027,3,2.3103,0.2866,,0.888,0.0415,0.304,NOMINAL,NOMINAL,NORMAL,0,
1642961700.0,1786288248.251407,3,2.1306,0.2718,,0.728,0.0405,0.285,NOMINAL,NOMINAL,NORMAL,0,
1642962600.0,1786288248.3761766,3,2.0285,0.2688,,0.669,0.0355,0.28,NOMINAL,NOMINAL,NORMAL,0,
1642963500.0,1786288248.501158,3,2.0148,0.307,,0.63,0.0372,0.259,NOMINAL,NOMINAL,NORMAL,0,
1642964400.0,1786288248.625618,3,1.8323,0.2521,,0.56,0.0318,0.247,NOMINAL,NOMINAL,NORMAL,0,
1642965300.0,1786288248.7506878,3,1.8336,0.2519,,0.605,0.0346,0.252,NOMINAL,NOMINAL,NORMAL,0,
1642966200.0,1786288248.8759758,3,1.9334,0.2555,,0.686,0.0337,0.254,NOMINAL,NOMINAL,NORMAL,0,
1642967100.0,1786288249.0009196,3,1.9121,0.2556,,0.695,0.0333,0.248,NOMINAL,NOMINAL,NORMAL,0,
1642968000.0,1786288249.1264918,3,2.1373,0.27,,0.874,0.0424,0.315,NOMINAL,NOMINAL,NORMAL,0,
1642968900.0,1786288249.2512565,3,2.0484,0.2622,,0.794,0.0368,0.288,NOMINAL,NOMINAL,NORMAL,0,
1642969800.0,1786288249.3758485,3,1.857,0.2587,,0.676,0.0337,0.276,NOMINAL,NOMINAL,TRIGGERED,1,omni_p6
1642970700.0,1786288249.5010047,3,1.9418,0.2587,,0.687,0.0387,0.268,NOMINAL,NOMINAL,NORMAL,0,
1642971600.0,1786288249.62573,3,1.8948,0.254,,0.574,0.0341,0.251,NOMINAL,NOMINAL,NORMAL,0,
1642972500.0,1786288249.7506595,3,1.8246,0.252,,0.614,0.0322,0.249,NOMINAL,NOMINAL,NORMAL,0,
1642973400.0,1786288249.8762267,3,1.9416,0.4169,,0.669,0.0348,0.299,NOMINAL,NOMINAL,NORMAL,0,
1642974300.0,1786288250.0008764,3,1.8665,0.258,,0.687,0.034,0.257,NOMINAL,NOMINAL,NORMAL,0,
1642975200.0,1786288250.1259196,3,1.961,0.256,,0.63,0.032,0.255,NOMINAL,NOMINAL,TRIGGERED,1,pro_tel90_p5
1642976100.0,1786288250.2520747,3,2.0448,0.2617,,0.713,0.0538,1.243,NOMINAL,PRE_ALERT,TRIGGERED,2,omni_p6|pro_tel0_p5|pro_tel90_p5
1642977000.0,1786288250.3767543,3,1.8619,0.2549,,0.632,0.0531,1.223,PRE_ALERT,NOMINAL,NORMAL,0,
1642977900.0,1786288250.5011935,3,1.9884,0.3958,,0.645,0.0376,0.272,NOMINAL,NOMINAL,NORMAL,0,
1642978800.0,1786288250.625826,3,1.8926,0.2515,,0.578,0.0348,0.255,NOMINAL,NOMINAL,NORMAL,0,
1642979700.0,1786288250.7507715,3,1.8971,0.251,,0.602,0.033,0.25,NOMINAL,NOMINAL,NORMAL,0,
1642980600.0,1786288250.87632,3,2.2173,0.2841,,0.654,0.0629,0.297,NOMINAL,NOMINAL,NORMAL,0,
1642981500.0,1786288251.00099,3,1.9422,0.2643,,0.67,0.0344,0.259,NOMINAL,NOMINAL,TRIGGERED,1,omni_p6|pro_tel0_p5|pro_tel90_p5
1642982400.0,1786288251.1289268,3,1.9694,0.2653,1.6008,0.73,0.0567,1.346,NOMINAL,PRE_ALERT,TRIGGERED,2,omni_p6|pro_tel0_p5|pro_tel90_p5
1642983300.0,1786288251.252594,3,2.3909,0.2697,,0.755,0.0592,1.268,PRE_ALERT,NOMINAL,NORMAL,0,
1642984200.0,1786288251.375872,3,1.9038,0.259,,0.642,0.036,0.27,NOMINAL,NOMINAL,NORMAL,0,
1642985100.0,1786288251.5012455,3,2.0476,0.3163,,0.69,0.038,0.286,NOMINAL,NOMINAL,NORMAL,0,
1642986000.0,1786288251.6257744,3,1.8903,0.2565,,0.597,0.0353,0.256,NOMINAL,NOMINAL,NORMAL,0,
1642986900.0,1786288251.7507122,3,1.8639,0.2506,,0.599,0.0329,0.247,NOMINAL,NOMINAL,NORMAL,0,
1642987800.0,1786288251.875895,3,1.8786,0.2583,,0.672,0.0343,0.268,NOMINAL,NOMINAL,TRIGGERED,1,omni_p6|pro_tel0_p5|pro_tel90_p5
1642988700.0,1786288252.001893,3,1.8951,0.2605,,0.674,0.0516,1.226,NOMINAL,PRE_ALERT,TRIGGERED,2,omni_p6|pro_tel0_p5|pro_tel90_p5
1642989600.0,1786288252.126956,3,2.0063,0.26,,0.675,0.0533,1.161,PRE_ALERT,NOMINAL,NORMAL,0,
1642990500.0,1786288252.2510817,3,1.9161,0.2612,,0.7,0.0371,0.275,NOMINAL,NOMINAL,NORMAL,0,
1642991400.0,1786288252.3758893,3,1.8431,0.2529,,0.629,0.0356,0.284,NOMINAL,NOMINAL,NORMAL,0,
1642992300.0,1786288252.5012903,3,2.1526,0.2947,,0.653,0.0356,0.267,NOMINAL,NOMINAL,NORMAL,0,
1642993200.0,1786288252.6258469,3,1.9728,0.2564,,0.571,0.033,0.252,NOMINAL,NOMINAL,NORMAL,0,
1642994100.0,1786288252.750877,3,1.9507,0.2595,,0.612,0.0324,0.257,NOMINAL,NOMINAL,TRIGGERED,1,omni_p6|pro_tel0_p5|pro_tel90_p5
1642995000.0,1786288252.8758986,3,1.9317,0.2528,,0.641,0.0344,0.262,NOMINAL,NOMINAL,NORMAL,0,
1642995900.0,1786288253.0015821,3,2.1025,0.3114,,0.875,0.0406,0.313,NOMINAL,NOMINAL,NORMAL,0,
1642996800.0,1786288253.126888,3,2.2836,0.2761,,0.865,0.0414,0.305,NOMINAL,NOMINAL,NORMAL,0,
1642997700.0,1786288253.251685,3,2.3691,0.2773,,0.765,0.0379,0.282,NOMINAL,NOMINAL,NORMAL,0,
1642998600.0,1786288253.3762817,3,2.1936,0.2679,,0.669,0.0353,0.291,NOMINAL,NOMINAL,NORMAL,0,
1642999500.0,1786288253.5018394,3,2.4766,0.3312,,0.722,0.0358,0.272,NOMINAL,NOMINAL,NORMAL,0,
1643000400.0,1786288253.6260192,3,2.0427,0.2635,,0.593,0.034,0.259,NOMINAL,NOMINAL,NORMAL,0,
1643001300.0,1786288253.7509315,3,1.9441,0.2583,,0.626,0.0347,0.254,NOMINAL,NOMINAL,NORMAL,0,
1643002200.0,1786288253.8760438,3,1.9727,0.2563,,0.666,0.034,0.25,NOMINAL,NOMINAL,NORMAL,0,
1643003100.0,1786288254.0010557,3,1.9626,0.2623,,0.636,0.0366,0.257,NOMINAL,NOMINAL,NORMAL,0,
1643004000.0,1786288254.1266356,3,2.1336,0.2709,,0.862,0.0411,0.318,NOMINAL,NOMINAL,NORMAL,0,
1643004900.0,1786288254.2510536,3,2.0206,0.2591,,0.683,0.0393,0.28,NOMINAL,NOMINAL,NORMAL,0,
1643005800.0,1786288254.3759904,3,1.9629,0.2566,,0.674,0.0358,0.281,NOMINAL,NOMINAL,NORMAL,0,
1643006700.0,1786288254.5008729,3,1.8865,0.2565,,0.648,0.0374,0.276,NOMINAL,NOMINAL,NORMAL,0,
1643007600.0,1786288254.6259718,3,1.9863,0.263,,0.607,0.0349,0.269,NOMINAL,NOMINAL,NORMAL,0,
1643008500.0,1786288254.7508106,3,1.8919,0.2527,,0.612,0.0343,0.275,NOMINAL,NOMINAL,NORMAL,0,
1643009400.0,1786288254.8757236,3,1.828,0.2499,,0.615,0.0334,0.248,NOMINAL,NOMINAL,NORMAL,0,
1643010300.0,1786288255.0009735,3,1.9256,0.2598,,0.675,0.0323,0.257,NOMINAL,NOMINAL,TRIGGERED,1,omni_p6|pro_tel90_p5
1643011200.0,1786288255.1259217,3,1.9284,0.2967,,0.651,0.0336,0.252,NOMINAL,NOMINAL,NORMAL,0,
1643012100.0,1786288255.250976,3,1.9672,0.2556,,0.656,0.0349,0.269,NOMINAL,NOMINAL,NORMAL,0,
1643013000.0,1786288255.3758128,3,1.8518,0.2557,,0.662,0.0364,0.276,NOMINAL,NOMINAL,NORMAL,0,
1643013900.0,1786288255.5011194,3,2.0848,0.3211,,0.629,0.0365,0.28,NOMINAL,NOMINAL,NORMAL,0,
1643014800.0,1786288255.6259801,3,2.0005,0.259,,0.616,0.0345,0.252,NOMINAL,NOMINAL,NORMAL,0,
1643015700.0,1786288255.750717,3,1.8403,0.2534,,0.603,0.0311,0.272,NOMINAL,NOMINAL,TRIGGERED,1,omni_p6|pro_tel0_p5|pro_tel90_p5
1643016600.0,1786288255.8768504,3,1.8613,0.2581,,0.633,0.0532,1.301,NOMINAL,PRE_ALERT,TRIGGERED,2,omni_p6|pro_tel90_p5
1643017500.0,1786288256.0020845,3,2.0016,0.2966,,0.686,0.0552,1.2,PRE_ALERT,NOMINAL,NORMAL,0,
1643018400.0,1786288256.1259768,3,1.9797,0.2605,,0.648,0.0359,0.271,NOMINAL,NOMINAL,NORMAL,0,
1643019300.0,1786288256.2508712,3,1.9046,0.2526,,0.642,0.0343,0.251,NOMINAL,NOMINAL,NORMAL,0,
1643020200.0,1786288256.3757927,3,1.8425,0.2547,,0.666,0.0352,0.267,NOMINAL,NOMINAL,NORMAL,0,
1643021100.0,1786288256.500897,3,1.9057,0.2577,,0.66,0.0342,0.264,NOMINAL,NOMINAL,NORMAL,0,
1643022000.0,1786288256.6261787,3,2.1529,0.2627,,0.625,0.0324,0.262,NOMINAL,NOMINAL,TRIGGERED,1,omni_p6|pro_tel0_p5|pro_tel90_p5
1643022900.0,1786288256.7517848,3,1.9164,0.257,,0.61,0.0517,1.228,NOMINAL,PRE_ALERT,TRIGGERED,2,omni_p6
1643023800.0,1786288256.8768322,3,1.898,0.2558,,0.664,0.0509,1.185,PRE_ALERT,NOMINAL,NORMAL,0,
1643024700.0,1786288257.0012007,3,2.0025,0.2908,,0.697,0.0372,0.295,NOMINAL,NOMINAL,NORMAL,0,
1643025600.0,1786288257.1257703,3,1.8612,0.2508,,0.63,0.0355,0.266,NOMINAL,NOMINAL,NORMAL,0,
1643026500.0,1786288257.2509217,3,1.9092,0.2558,,0.645,0.0355,0.256,NOMINAL,NOMINAL,NORMAL,0,
1643027400.0,1786288257.3758216,3,1.8566,0.2581,,0.664,0.0344,0.268,NOMINAL,NOMINAL,TRIGGERED,1,omni_p6
1643028300.0,1786288257.501736,3,1.875,0.2558,,0.614,0.0508,1.232,NOMINAL,PRE_ALERT,TRIGGERED,2,omni_p6|pro_tel0_p5|pro_tel90_p5
1643029200.0,1786288257.627145,3,2.0555,0.3863,,0.651,0.052,1.152,PRE_ALERT,NOMINAL,NORMAL,0,
1643030100.0,1786288257.750756,3,1.8753,0.2504,,0.617,0.034,0.26,NOMINAL,NOMINAL,NORMAL,0,
1643031000.0,1786288257.8758912,3,1.9578,0.2513,,0.611,0.0357,0.254,NOMINAL,NOMINAL,NORMAL,0,
1643031900.0,1786288258.0017524,3,2.2221,0.2723,,0.885,0.042,0.319,NOMINAL,NOMINAL,NORMAL,0,
1643032800.0,1786288258.1269257,3,2.2959,0.2743,,0.89,0.0414,0.305,NOMINAL,NOMINAL,NORMAL,0,
1643033700.0,1786288258.2513933,3,2.1336,0.2739,,0.738,0.0386,0.284,NOMINAL,NOMINAL,TRIGGERED,1,omni_p6|pro_tel0_p5|pro_tel90_p5
1643034600.0,1786288258.376964,3,1.9283,0.2664,,0.696,0.0534,1.237,NOMINAL,PRE_ALERT,TRIGGERED,2,omni_p6|pro_tel0_p5|pro_tel90_p5
1643035500.0,1786288258.5019712,3,2.0274,0.2973,,0.625,0.0551,1.156,PRE_ALERT,NOMINAL,NORMAL,0,
1643036400.0,1786288258.626121,3,2.0797,0.2622,,0.615,0.0366,0.254,NOMINAL,NOMINAL,NORMAL,0,
1643037300.0,1786288258.750953,3,1.9819,0.2602,,0.621,0.0334,0.254,NOMINAL,NOMINAL,NORMAL,0,
1643038200.0,1786288258.8760984,3,2.016,0.2958,,0.636,0.0325,0.24,NOMINAL,NOMINAL,NORMAL,0,
1643039100.0,1786288259.0012412,3,1.9772,0.3014,,0.64,0.0362,0.26,NOMINAL,NOMINAL,NORMAL,0,
1643040000.0,1786288259.1267738,3,2.2522,0.2757,,0.844,0.0413,0.303,NOMINAL,NOMINAL,TRIGGERED,1,omni_p6|pro_tel90_p5
1643040900.0,1786288259.2514029,3,2.1427,0.2646,,0.746,0.0392,0.291,NOMINAL,NOMINAL,NORMAL,0,
1643041800.0,1786288259.3760371,3,1.9282,0.263,,0.724,0.039,0.29,NOMINAL,NOMINAL,NORMAL,0,
1643042700.0,1786288259.5011816,3,2.0306,0.3157,,0.64,0.0391,0.279,NOMINAL,NOMINAL,NORMAL,0,
1643043600.0,1786288259.6260598,3,2.0518,0.2688,,0.608,0.0353,0.259,NOMINAL,NOMINAL,NORMAL,0,
1643044500.0,1786288259.7510903,3,2.1382,0.2589,,0.627,0.0342,0.251,NOMINAL,NOMINAL,NORMAL,0,
1643045400.0,1786288259.875913,3,1.9347,0.2589,,0.612,0.0359,0.251,NOMINAL,NOMINAL,NORMAL,0,
1643046300.0,1786288260.0013535,3,2.1392,0.2933,,0.694,0.0385,0.297,NOMINAL,NOMINAL,NORMAL,0,
1643047200.0,1786288260.1265106,3,2.1783,0.2705,,0.72,0.0375,0.274,NOMINAL,NOMINAL,NORMAL,0,
1643048100.0,1786288260.2510488,3,1.9715,0.259,,0.654,0.0372,0.261,NOMINAL,NOMINAL,NORMAL,0,
1643049000.0,1786288260.3759804,3,2.0089,0.2563,,0.62,0.0358,0.275,NOMINAL,NOMINAL,NORMAL,0,
1643049900.0,1786288260.5010862,3,2.0009,0.2608,,0.666,0.0363,0.276,NOMINAL,NOMINAL,NORMAL,0,
1643050800.0,1786288260.6261415,3,2.0242,0.2628,,0.739,0.0348,0.255,NOMINAL,NOMINAL,NORMAL,0,
1643051700.0,1786288260.7510443,3,1.9705,0.2602,,0.629,0.0338,0.251,NOMINAL,NOMINAL,NORMAL,0,
1643052600.0,1786288260.8759775,3,1.9055,0.3655,,0.621,0.0319,0.249,NOMINAL,NOMINAL,NORMAL,0,
1643053500.0,1786288261.0010726,3,1.9713,0.2863,,0.666,0.035,0.258,NOMINAL,NOMINAL,NORMAL,0,
1643054400.0,1786288261.1259634,3,1.9321,0.2574,,0.665,0.0342,0.284,NOMINAL,NOMINAL,NORMAL,0,
1643055300.0,1786288261.2509646,3,1.9321,0.2569,,0.649,0.0333,0.256,NOMINAL,NOMINAL,NORMAL,0,
1643056200.0,1786288261.3759305,3,1.8634,0.2534,,0.616,0.0308,0.303,NOMINAL,NOMINAL,NORMAL,0,
1643057100.0,1786288261.5012462,3,2.0223,0.3133,,0.691,0.036,0.3,NOMINAL,NOMINAL,NORMAL,0,
1643058000.0,1786288261.6260552,3,2.0356,0.2598,,0.607,0.0343,0.254,NOMINAL,NOMINAL,NORMAL,0,
1643058900.0,1786288261.750825,3,1.9049,0.2555,,0.61,0.031,0.245,NOMINAL,NOMINAL,NORMAL,0,
1643059800.0,1786288261.8758602,3,1.9024,0.2567,,0.609,0.0325,0.247,NOMINAL,NOMINAL,NORMAL,0,
1643060700.0,1786288262.000955,3,1.8825,0.2602,,0.685,0.0332,0.258,NOMINAL,NOMINAL,TRIGGERED,1,omni_p6|pro_tel0_p5|pro_tel90_p5
1643061600.0,1786288262.1258686,3,1.9239,0.2559,,0.617,0.0328,0.248,NOMINAL,NOMINAL,NORMAL,0,
1643062500.0,1786288262.2508976,3,1.9057,0.2526,,0.642,0.0342,0.25,NOMINAL,NOMINAL,NORMAL,0,
1643063400.0,1786288262.3763711,3,2.0726,0.2665,,0.775,0.0364,0.313,NOMINAL,NOMINAL,NORMAL,0,
1643064300.0,1786288262.5011315,3,2.0175,0.3006,,0.681,0.0372,0.275,NOMINAL,NOMINAL,NORMAL,0,
1643065200.0,1786288262.62612,3,2.0735,0.2617,,0.624,0.0352,0.265,NOMINAL,NOMINAL,NORMAL,0,
1643066100.0,1786288262.7509634,3,1.9728,0.2606,,0.633,0.034,0.255,NOMINAL,NOMINAL,NORMAL,0,
1643067000.0,1786288262.876316,3,2.2204,0.2776,,0.625,0.0335,0.27,NOMINAL,NOMINAL,TRIGGERED,1,omni_p6|pro_tel0_p5|pro_tel90_p5
1643067900.0,1786288263.0028253,3,2.2248,0.2814,,0.86,0.0566,1.301,NOMINAL,PRE_ALERT,TRIGGERED,2,omni_p6
1643068800.0,1786288263.129605,3,2.1576,0.2655,1.7184,0.876,0.0614,1.302,PRE_ALERT,NOMINAL,NORMAL,0,
1643069700.0,1786288263.2516103,3,2.2729,0.2734,,0.734,0.0369,0.283,NOMINAL,NOMINAL,NORMAL,0,
1643070600.0,1786288263.3763952,3,2.2142,0.2688,,0.692,0.0355,0.269,NOMINAL,NOMINAL,NORMAL,0,
1643071500.0,1786288263.5012276,3,2.051,0.3077,,0.681,0.038,0.29,NOMINAL,NOMINAL,NORMAL,0,
1643072400.0,1786288263.626177,3,2.1063,0.2628,,0.637,0.0335,0.257,NOMINAL,NOMINAL,TRIGGERED,1,omni_p6
1643073300.0,1786288263.7522209,3,2.1435,0.2693,,0.688,0.0522,1.24,NOMINAL,PRE_ALERT,TRIGGERED,2,omni_p6|pro_tel0_p5|pro_tel90_p5
1643074200.0,1786288263.8770776,3,2.0819,0.2657,,0.656,0.0525,1.187,PRE_ALERT,NOMINAL,NORMAL,0,
1643075100.0,1786288264.0012908,3,2.0605,0.3213,,0.664,0.0359,0.271,NOMINAL,NOMINAL,NORMAL,0,
1643076000.0,1786288264.12674,3,2.2375,0.2738,,0.852,0.039,0.308,NOMINAL,NOMINAL,NORMAL,0,
1643076900.0,1786288264.2514634,3,2.1602,0.2702,,0.723,0.0382,0.283,NOMINAL,NOMINAL,NORMAL,0,
1643077800.0,1786288264.3761785,3,2.1168,0.2582,,0.646,0.0327,0.278,NOMINAL,NOMINAL,NORMAL,0,
1643078700.0,1786288264.5011537,3,2.0064,0.3077,,0.673,0.0336,0.277,NOMINAL,NOMINAL,TRIGGERED,1,omni_p6|pro_tel0_p5|pro_tel90_p5
1643079600.0,1786288264.6270957,3,2.064,0.2686,,0.636,0.0503,1.207,NOMINAL,PRE_ALERT,TRIGGERED,2,omni_p6|pro_tel0_p5|pro_tel90_p5
1643080500.0,1786288264.7521214,3,2.1451,0.2665,,0.641,0.0535,1.149,PRE_ALERT,NOMINAL,NORMAL,0,
1643081400.0,1786288264.8758774,3,1.9034,0.2574,,0.614,0.034,0.256,NOMINAL,NOMINAL,NORMAL,0,
1643082300.0,1786288265.0014536,3,2.2065,0.2673,,0.704,0.0356,0.269,NOMINAL,NOMINAL,NORMAL,0,
1643083200.0,1786288265.1259172,3,1.9646,0.2604,,0.598,0.0329,0.244,NOMINAL,NOMINAL,NORMAL,0,
1643084100.0,1786288265.2511861,3,2.0283,0.2617,,0.678,0.0334,0.263,NOMINAL,NOMINAL,NORMAL,0,
1643085000.0,1786288265.375938,3,1.9451,0.2554,,0.627,0.0337,0.279,NOMINAL,NOMINAL,NORMAL,0,
1643085900.0,1786288265.5010207,3,1.9477,0.2578,,0.713,0.0361,0.263,NOMINAL,NOMINAL,NORMAL,0,
1643086800.0,1786288265.626276,3,2.1059,0.2669,,0.705,0.0352,0.274,NOMINAL,NOMINAL,NORMAL,0,
1643087700.0,1786288265.7508996,3,1.9036,0.2578,,0.624,0.0337,0.285,NOMINAL,NOMINAL,NORMAL,0,
1643088600.0,1786288265.8759043,3,1.9499,0.2595,,0.604,0.0345,0.272,NOMINAL,NOMINAL,NORMAL,0,
1643089500.0,1786288266.0012763,3,2.0271,0.3499,,0.671,0.0366,0.269,NOMINAL,NOMINAL,NORMAL,0,
1643090400.0,1786288266.125906,3,1.9279,0.2523,,0.669,0.0334,0.259,NOMINAL,NOMINAL,NORMAL,0,
1643091300.0,1786288266.251114,3,1.9937,0.2584,,0.664,0.0351,0.257,NOMINAL,NOMINAL,NORMAL,0,
1643092200.0,1786288266.3758366,3,1.8895,0.2557,,0.624,0.0319,0.253,NOMINAL,NOMINAL,NORMAL,0,
1643093100.0,1786288266.5007563,3,1.8729,0.2519,,0.602,0.0317,0.246,NOMINAL,NOMINAL,NORMAL,0,
1643094000.0,1786288266.6264472,3,2.095,0.2726,,0.705,0.0361,0.293,NOMINAL,NOMINAL,NORMAL,0,
1643094900.0,1786288266.7509174,3,1.9477,0.2597,,0.633,0.034,0.267,NOMINAL,NOMINAL,NORMAL,0,
1643095800.0,1786288266.8757193,3,1.8238,0.2528,,0.608,0.0346,0.251,NOMINAL,NOMINAL,TRIGGERED,1,pro_tel90_p5
1643096700.0,1786288267.0016189,3,2.4453,0.2645,,0.663,0.0353,0.275,NOMINAL,NOMINAL,NORMAL,0,
1643097600.0,1786288267.1257467,3,1.8647,0.2523,,0.601,0.0327,0.255,NOMINAL,NOMINAL,NORMAL,0,
1643098500.0,1786288267.251631,3,2.3058,0.3306,,0.706,0.0341,0.277,NOMINAL,NOMINAL,TRIGGERED,1,omni_p6|pro_tel0_p5|pro_tel90_p5
1643099400.0,1786288267.3758914,3,1.9165,0.255,,0.612,0.0347,0.262,NOMINAL,NOMINAL,NORMAL,0,
1643100300.0,1786288267.5008638,3,1.9257,0.2556,,0.615,0.0341,0.255,NOMINAL,NOMINAL,NORMAL,0,
1643101200.0,1786288267.6262813,3,2.1032,0.2699,,0.676,0.0467,0.294,NOMINAL,NOMINAL,TRIGGERED,1,omni_p6|pro_tel0_p5|pro_tel90_p5
1643102100.0,1786288267.7518213,3,1.9135,0.2536,,0.628,0.0545,1.213,NOMINAL,PRE_ALERT,TRIGGERED,2,pro_tel90_p5
1643103000.0,1786288267.8768451,3,1.9059,0.2557,,0.63,0.054,1.216,PRE_ALERT,NOMINAL,NORMAL,0,
1643103900.0,1786288268.0018766,3,2.2262,0.2829,,0.898,0.0407,0.319,NOMINAL,NOMINAL,NORMAL,0,
1643104800.0,1786288268.1266918,3,2.2374,0.2763,,0.844,0.041,0.308,NOMINAL,NOMINAL,NORMAL,0,
1643105700.0,1786288268.251369,3,2.0978,0.2736,,0.736,0.0396,0.3,NOMINAL,NOMINAL,NORMAL,0,
1643106600.0,1786288268.3760276,3,1.9653,0.2651,,0.675,0.0358,0.28,NOMINAL,NOMINAL,TRIGGERED,1,omni_p6
1643107500.0,1786288268.5018642,3,1.9372,0.267,,0.605,0.0511,1.212,NOMINAL,PRE_ALERT,TRIGGERED,2,omni_p6|pro_tel0_p5|pro_tel90_p5
1643108400.0,1786288268.6272318,3,2.1202,0.2674,,0.709,0.0556,1.181,PRE_ALERT,NOMINAL,NORMAL,0,
1643109300.0,1786288268.7509592,3,1.9489,0.2605,,0.638,0.0359,0.261,NOMINAL,NOMINAL,NORMAL,0,
1643110200.0,1786288268.8757632,3,1.8587,0.2525,,0.601,0.0342,0.241,NOMINAL,NOMINAL,NORMAL,0,
1643111100.0,1786288269.0011466,3,2.0222,0.2939,,0.634,0.0353,0.255,NOMINAL,NOMINAL,NORMAL,0,
1643112000.0,1786288269.1268399,3,2.2708,0.2797,,0.864,0.0404,0.316,NOMINAL,NOMINAL,NORMAL,0,
1643112900.0,1786288269.2512586,3,2.0987,0.2752,,0.716,0.0368,0.276,NOMINAL,NOMINAL,TRIGGERED,1,omni_p6|pro_tel0_p5|pro_tel90_p5
1643113800.0,1786288269.3769426,3,1.9112,0.2635,,0.685,0.056,1.243,NOMINAL,PRE_ALERT,TRIGGERED,2,omni_p6|pro_tel0_p5|pro_tel90_p5
1643114700.0,1786288269.5018501,3,1.9158,0.2601,,0.656,0.0529,1.195,PRE_ALERT,NOMINAL,NORMAL,0,
1643115600.0,1786288269.6261575,3,2.0473,0.2618,,0.665,0.0369,0.267,NOMINAL,NOMINAL,NORMAL,0,
1643116500.0,1786288269.7508426,3,1.892,0.2592,,0.627,0.0333,0.255,NOMINAL,NOMINAL,NORMAL,0,
1643117400.0,1786288269.8758855,3,1.9143,0.2543,,0.63,0.0349,0.25,NOMINAL,NOMINAL,NORMAL,0,
1643118300.0,1786288270.0009427,3,1.9143,0.2583,,0.664,0.0342,0.264,NOMINAL,NOMINAL,NORMAL,0,
1643119200.0,1786288270.1264553,3,2.1093,0.2758,,0.773,0.0358,0.343,NOMINAL,NOMINAL,TRIGGERED,1,omni_p6|pro_tel0_p5|pro_tel90_p5
1643120100.0,1786288270.2525015,3,2.0944,0.2702,,0.791,0.0603,1.431,NOMINAL,PRE_ALERT,TRIGGERED,2,omni_p6|pro_tel0_p5|pro_tel90_p5
1643121000.0,1786288270.3769438,3,1.9267,0.2583,,0.685,0.0553,1.222,PRE_ALERT,NOMINAL,NORMAL,0,
1643121900.0,1786288270.5008504,3,1.8891,0.2515,,0.654,0.0349,0.259,NOMINAL,NOMINAL,NORMAL,0,
1643122800.0,1786288270.625987,3,2.0072,0.2563,,0.607,0.0348,0.25,NOMINAL,NOMINAL,NORMAL,0,
1643123700.0,1786288270.7508867,3,1.9064,0.2549,,0.67,0.0344,0.259,NOMINAL,NOMINAL,NORMAL,0,
1643124600.0,1786288270.8758976,3,1.8889,0.2509,,0.669,0.0349,0.264,NOMINAL,NOMINAL,NORMAL,0,
1643125500.0,1786288271.0009537,3,1.9305,0.2634,,0.667,0.0326,0.255,NOMINAL,NOMINAL,TRIGGERED,1,omni_p6|pro_tel0_p5|pro_tel90_p5
1643126400.0,1786288271.1262753,3,2.0694,0.2634,,0.691,0.037,0.267,NOMINAL,NOMINAL,NORMAL,0,
1643127300.0,1786288271.2510316,3,2.0024,0.2632,,0.636,0.0334,0.259,NOMINAL,NOMINAL,NORMAL,0,
1643128200.0,1786288271.3758025,3,1.8572,0.256,,0.634,0.0339,0.253,NOMINAL,NOMINAL,NORMAL,0,
1643129100.0,1786288271.500869,3,1.8716,0.255,,0.676,0.0342,0.256,NOMINAL,NOMINAL,NORMAL,0,
1643130000.0,1786288271.6260767,3,2.0712,0.2595,,0.628,0.0334,0.258,NOMINAL,NOMINAL,NORMAL,0,
1643130900.0,1786288271.7508764,3,1.9102,0.2584,,0.663,0.0357,0.261,NOMINAL,NOMINAL,NORMAL,0,
1643131800.0,1786288271.8757536,3,1.833,0.2559,,0.621,0.0354,0.252,NOMINAL,NOMINAL,NORMAL,0,
1643132700.0,1786288272.0010235,3,1.9691,0.2604,,0.635,0.0345,0.255,NOMINAL,NOMINAL,NORMAL,0,
1643133600.0,1786288272.1260574,3,1.992,0.2553,,0.646,0.032,0.251,NOMINAL,NOMINAL,NORMAL,0,
1643134500.0,1786288272.2509143,3,1.9554,0.2591,,0.622,0.0336,0.245,NOMINAL,NOMINAL,NORMAL,0,
1643135400.0,1786288272.3757977,3,1.8571,0.2511,,0.634,0.0339,0.253,NOMINAL,NOMINAL,NORMAL,0,
1643136300.0,1786288272.5007691,3,1.8426,0.2538,,0.624,0.0461,0.265,NOMINAL,NOMINAL,NORMAL,0,
1643137200.0,1786288272.6259944,3,2.0173,0.26,,0.611,0.034,0.252,NOMINAL,NOMINAL,NORMAL,0,
1643138100.0,1786288272.7509673,3,1.9308,0.2546,,0.668,0.0371,0.278,NOMINAL,NOMINAL,NORMAL,0,
1643139000.0,1786288272.8757339,3,1.8191,0.252,,0.612,0.0333,0.274,NOMINAL,NOMINAL,NORMAL,0,
1643139900.0,1786288273.0018096,3,2.188,0.2749,,0.869,0.0391,0.318,NOMINAL,NOMINAL,NORMAL,0,
1643140800.0,1786288273.1269138,3,2.2805,0.2789,,0.895,0.0427,0.311,NOMINAL,NOMINAL,NORMAL,0,
1643141700.0,1786288273.251467,3,2.1347,0.2773,,0.724,0.0513,0.298,NOMINAL,NOMINAL,NORMAL,0,
1643142600.0,1786288273.3762066,3,2.0121,0.2631,,0.683,0.0374,0.335,NOMINAL,NOMINAL,NORMAL,0,
1643143500.0,1786288273.5010865,3,1.9841,0.294,,0.643,0.0353,0.255,NOMINAL,NOMINAL,NORMAL,0,
1643144400.0,1786288273.6260326,3,2.025,0.2615,,0.605,0.0345,0.243,NOMINAL,NOMINAL,NORMAL,0,
1643145300.0,1786288273.7509456,3,1.9246,0.2617,,0.649,0.036,0.261,NOMINAL,NOMINAL,NORMAL,0,
1643146200.0,1786288273.8759131,3,1.9361,0.2604,,0.615,0.0329,0.241,NOMINAL,NOMINAL,TRIGGERED,1,omni_p6|pro_tel0_p5|pro_tel90_p5
1643147100.0,1786288274.0010664,3,1.9662,0.3153,,0.635,0.0326,0.246,NOMINAL,NOMINAL,NORMAL,0,
1643148000.0,1786288274.1268647,3,2.2694,0.2813,,0.855,0.04,0.321,NOMINAL,NOMINAL,NORMAL,0,
1643148900.0,1786288274.2513466,3,2.1401,0.2688,,0.705,0.0369,0.276,NOMINAL,NOMINAL,NORMAL,0,
1643149800.0,1786288274.376162,3,2.0071,0.2641,,0.671,0.0351,0.289,NOMINAL,NOMINAL,NORMAL,0,
1643150700.0,1786288274.5011125,3,2.0003,0.3072,,0.629,0.0329,0.259,NOMINAL,NOMINAL,NORMAL,0,
1643151600.0,1786288274.6260211,3,2.0151,0.2673,,0.591,0.0309,0.257,NOMINAL,NOMINAL,TRIGGERED,1,omni_p6|pro_tel90_p5
1643152500.0,1786288274.7519617,3,1.9543,0.2629,,0.656,0.0526,1.202,NOMINAL,PRE_ALERT,TRIGGERED,2,omni_p6|pro_tel0_p5|pro_tel90_p5
1643153400.0,1786288274.8771267,3,2.0441,0.2638,,0.655,0.0527,1.188,PRE_ALERT,NOMINAL,NORMAL,0,
1643154300.0,1786288275.0011177,3,2.0134,0.3005,,0.63,0.0344,0.253,NOMINAL,NOMINAL,NORMAL,0,
1643155200.0,1786288275.1279836,3,2.0091,0.2634,1.6369,0.652,0.0359,0.255,NOMINAL,NOMINAL,NORMAL,0,
1643156100.0,1786288275.251133,3,2.0676,0.2654,,0.623,0.0334,0.252,NOMINAL,NOMINAL,NORMAL,0,
1643157000.0,1786288275.375843,3,1.8773,0.257,,0.629,0.0342,0.248,NOMINAL,NOMINAL,NORMAL,0,
1643157900.0,1786288275.5008073,3,1.8697,0.259,,0.625,0.0329,0.252,NOMINAL,NOMINAL,TRIGGERED,1,omni_p6|pro_tel0_p5|pro_tel90_p5
1643158800.0,1786288275.6271043,3,2.0493,0.2643,,0.689,0.052,1.228,NOMINAL,PRE_ALERT,TRIGGERED,2,omni_p6|pro_tel0_p5|pro_tel90_p5
1643159700.0,1786288275.7518752,3,1.9574,0.2598,,0.669,0.0534,1.165,PRE_ALERT,NOMINAL,NORMAL,0,
1643160600.0,1786288275.8759108,3,1.885,0.2566,,0.674,0.0381,0.269,NOMINAL,NOMINAL,NORMAL,0,
1643161500.0,1786288276.0009954,3,1.9549,0.2606,,0.656,0.0364,0.253,NOMINAL,NOMINAL,NORMAL,0,
1643162400.0,1786288276.1261983,3,2.0442,0.2616,,0.687,0.036,0.264,NOMINAL,NOMINAL,NORMAL,0,
1643163300.0,1786288276.2509558,3,1.9798,0.2576,,0.623,0.0365,0.256,NOMINAL,NOMINAL,NORMAL,0,
1643164200.0,1786288276.3758335,3,1.8649,0.2598,,0.643,0.0347,0.261,NOMINAL,NOMINAL,TRIGGERED,1,omni_p6|pro_tel0_p5|pro_tel90_p5
1643165100.0,1786288276.5016656,3,1.8369,0.2575,,0.605,0.0507,1.185,NOMINAL,PRE_ALERT,TRIGGERED,2,omni_p6
1643166000.0,1786288276.6270788,3,2.0777,0.2633,,0.66,0.0548,1.17,PRE_ALERT,NOMINAL,NORMAL,0,
1643166900.0,1786288276.750988,3,1.9565,0.2568,,0.65,0.0361,0.261,NOMINAL,NOMINAL,NORMAL,0,
1643167800.0,1786288276.8759823,3,1.9159,0.2547,,0.704,0.0367,0.272,NOMINAL,NOMINAL,NORMAL,0,
1643168700.0,1786288277.0010943,3,1.9771,0.2881,,0.655,0.0354,0.253,NOMINAL,NOMINAL,NORMAL,0,
1643169600.0,1786288277.1261375,3,2.048,0.2589,,0.623,0.0357,0.25,NOMINAL,NOMINAL,NORMAL,0,
1643170500.0,1786288277.2509806,3,1.972,0.2614,,0.625,0.0295,0.242,NOMINAL,NOMINAL,TRIGGERED,1,omni_p6
1643171400.0,1786288277.375853,3,1.8723,0.2575,,0.615,0.0337,0.249,NOMINAL,NOMINAL,NORMAL,0,
1643172300.0,1786288277.5011132,3,1.9995,0.2949,,0.64,0.0351,0.261,NOMINAL,NOMINAL,NORMAL,0,
1643173200.0,1786288277.6269717,3,2.8505,0.2548,,0.589,0.0336,0.256,NOMINAL,NOMINAL,NORMAL,0,
1643174100.0,1786288277.7511437,3,2.0096,0.2588,,0.625,0.0349,0.273,NOMINAL,NOMINAL,NORMAL,0,
1643175000.0,1786288277.8760965,3,1.9967,0.2611,,0.66,0.0357,0.259,NOMINAL,NOMINAL,NORMAL,0,
1643175900.0,1786288278.0018506,3,2.2409,0.2807,,0.879,0.0394,0.298,NOMINAL,NOMINAL,NORMAL,0,
1643176800.0,1786288278.126793,3,2.2508,0.2764,,0.877,0.0412,0.303,NOMINAL,NOMINAL,NORMAL,0,
1643177700.0,1786288278.251188,3,2.0671,0.2669,,0.658,0.0379,0.267,NOMINAL,NOMINAL,NORMAL,0,
1643178600.0,1786288278.37627,3,2.0477,0.2668,,0.668,0.0359,0.293,NOMINAL,NOMINAL,NORMAL,0,
1643179500.0,1786288278.5008597,3,1.9072,0.2594,,0.619,0.0332,0.25,NOMINAL,NOMINAL,NORMAL,0,
1643180400.0,1786288278.6258953,3,1.9683,0.2661,,0.582,0.0315,0.234,NOMINAL,NOMINAL,TRIGGERED,1,pro_tel90_p5
1643181300.0,1786288278.7511945,3,2.0397,0.2621,,0.649,0.0355,0.249,NOMINAL,NOMINAL,NORMAL,0,
1643182200.0,1786288278.8760602,3,1.9888,0.2614,,0.668,0.0358,0.28,NOMINAL,NOMINAL,NORMAL,0,
1643183100.0,1786288279.0010464,3,1.9728,0.2935,,0.627,0.034,0.242,NOMINAL,NOMINAL,NORMAL,0,
1643184000.0,1786288279.1268463,3,2.276,0.2755,,0.879,0.0405,0.303,NOMINAL,NOMINAL,NORMAL,0,
1643184900.0,1786288279.2512717,3,2.0914,0.2714,,0.693,0.0381,0.298,NOMINAL,NOMINAL,NORMAL,0,
1643185800.0,1786288279.3763723,3,2.091,0.2659,,0.686,0.0378,0.31,NOMINAL,NOMINAL,NORMAL,0,
1643186700.0,1786288279.5009375,3,1.915,0.2624,,0.649,0.0354,0.269,NOMINAL,NOMINAL,TRIGGERED,1,omni_p6|pro_tel0_p5|pro_tel90_p5
1643187600.0,1786288279.6259582,3,2.0026,0.2579,,0.591,0.0331,0.25,NOMINAL,NOMINAL,NORMAL,0,
1643188500.0,1786288279.7513928,3,2.111,0.2725,,0.709,0.0368,0.271,NOMINAL,NOMINAL,NORMAL,0,
1643189400.0,1786288279.8760912,3,2.0066,0.2612,,0.678,0.0392,0.269,NOMINAL,NOMINAL,NORMAL,0,
1643190300.0,1786288280.0011244,3,1.9903,0.2993,,0.646,0.0352,0.262,NOMINAL,NOMINAL,NORMAL,0,
1643191200.0,1786288280.1261804,3,2.0377,0.2653,,0.639,0.0332,0.259,NOMINAL,NOMINAL,NORMAL,0,
1643192100.0,1786288280.2509935,3,1.9738,0.2681,,0.636,0.0327,0.251,NOMINAL,NOMINAL,TRIGGERED,1,omni_p6|pro_tel0_p5|pro_tel90_p5
1643193000.0,1786288280.3770902,3,1.9973,0.2702,,0.647,0.0521,1.213,NOMINAL,PRE_ALERT,TRIGGERED,2,omni_p6|pro_tel0_p5|pro_tel90_p5
1643193900.0,1786288280.5020294,3,2.0464,0.3013,,0.628,0.0519,1.151,PRE_ALERT,NOMINAL,NORMAL,0,
1643194800.0,1786288280.6260726,3,2.041,0.2599,,0.604,0.031,0.251,NOMINAL,NOMINAL,NORMAL,0,
1643195700.0,1786288280.751153,3,2.0337,0.2612,,0.625,0.0338,0.249,NOMINAL,NOMINAL,NORMAL,0,
1643196600.0,1786288280.8758762,3,1.9389,0.2553,,0.608,0.0314,0.24,NOMINAL,NOMINAL,NORMAL,0,
1643197500.0,1786288281.001346,3,2.0758,0.3356,,0.688,0.0365,0.271,NOMINAL,NOMINAL,NORMAL,0,
1643198400.0,1786288281.1263056,3,2.0922,0.2764,,0.688,0.0347,0.275,NOMINAL,NOMINAL,TRIGGERED,1,omni_p6|pro_tel0_p5|pro_tel90_p5
1643199300.0,1786288281.2518303,3,1.9256,0.2618,,0.62,0.0502,1.175,NOMINAL,PRE_ALERT,TRIGGERED,2,omni_p6
1643200200.0,1786288281.3771982,3,2.0575,0.2652,,0.676,0.0777,1.192,PRE_ALERT,NOMINAL,NORMAL,0,
1643201100.0,1786288281.501001,3,1.9655,0.2606,,0.599,0.0336,0.27,NOMINAL,NOMINAL,NORMAL,0,
1643202000.0,1786288281.6259966,3,2.006,0.2617,,0.592,0.031,0.261,NOMINAL,NOMINAL,NORMAL,0,
1643202900.0,1786288281.751065,3,1.9971,0.2574,,0.621,0.0324,0.253,NOMINAL,NOMINAL,NORMAL,0,
1643203800.0,1786288281.875833,3,1.912,0.2534,,0.605,0.0298,0.238,NOMINAL,NOMINAL,TRIGGERED,1,omni_p6
1643204700.0,1786288282.0022442,3,2.0248,0.3554,,0.705,0.0532,1.218,NOMINAL,PRE_ALERT,TRIGGERED,2,omni_p6|pro_tel0_p5|pro_tel90_p5
1643205600.0,1786288282.1272433,3,2.1266,0.2673,,0.68,0.0543,1.157,PRE_ALERT,NOMINAL,NORMAL,0,
1643206500.0,1786288282.250992,3,1.9717,0.2587,,0.623,0.034,0.254,NOMINAL,NOMINAL,NORMAL,0,
1643207400.0,1786288282.3760974,3,1.9879,0.2617,,0.638,0.0345,0.254,NOMINAL,NOMINAL,NORMAL,0,
1643208300.0,1786288282.5009997,3,1.9557,0.2616,,0.634,0.0327,0.262,NOMINAL,NOMINAL,NORMAL,0,
1643209200.0,1786288282.6260264,3,2.0316,0.2646,,0.603,0.0326,0.249,NOMINAL,NOMINAL,NORMAL,0,
1643210100.0,1786288282.7511737,3,2.0222,0.2648,,0.649,0.0341,0.262,NOMINAL,NOMINAL,TRIGGERED,1,omni_p6|pro_tel90_p5
1643211000.0,1786288282.8769722,3,1.9818,0.2653,,0.648,0.0513,1.207,NOMINAL,PRE_ALERT,TRIGGERED,2,omni_p6|pro_tel0_p5|pro_tel90_p5
1643211900.0,1786288283.0027728,3,2.2269,0.2793,,0.886,0.0592,1.261,PRE_ALERT,NOMINAL,NORMAL,0,
1643212800.0,1786288283.1269267,3,2.294,0.2855,,0.849,0.0398,0.3,NOMINAL,NOMINAL,NORMAL,0,
1643213700.0,1786288283.251335,3,2.1223,0.2742,,0.675,0.0374,0.28,NOMINAL,NOMINAL,NORMAL,0,
1643214600.0,1786288283.3762589,3,2.0405,0.2693,,0.671,0.0367,0.293,NOMINAL,NOMINAL,NORMAL,0,
1643215500.0,1786288283.5008843,3,1.9059,0.2602,,0.605,0.0355,0.264,NOMINAL,NOMINAL,NORMAL,0,
1643216400.0,1786288283.626008,3,2.012,0.2666,,0.607,0.0329,0.249,NOMINAL,NOMINAL,NORMAL,0,
1643217300.0,1786288283.751144,3,2.0243,0.2636,,0.636,0.0334,0.261,NOMINAL,NOMINAL,NORMAL,0,
1643218200.0,1786288283.87574,3,1.8483,0.2555,,0.592,0.0333,0.245,NOMINAL,NOMINAL,NORMAL,0,
1643219100.0,1786288284.0012107,3,2.0114,0.2977,,0.693,0.0363,0.291,NOMINAL,NOMINAL,NORMAL,0,
1643220000.0,1786288284.1268342,3,2.2864,0.2797,,0.863,0.041,0.305,NOMINAL,NOMINAL,NORMAL,0,
1643220900.0,1786288284.2509642,3,1.9667,0.2619,,0.663,0.038,0.269,NOMINAL,NOMINAL,NORMAL,0,
1643221800.0,1786288284.3761375,3,1.9927,0.2625,,0.703,0.0379,0.302,NOMINAL,NOMINAL,NORMAL,0,
1643222700.0,1786288284.5008502,3,1.9016,0.2568,,0.639,0.034,0.256,NOMINAL,NOMINAL,NORMAL,0,
1643223600.0,1786288284.6256363,3,1.8298,0.251,,0.564,0.0345,0.255,NOMINAL,NOMINAL,NORMAL,0,
1643224500.0,1786288284.750953,3,1.9432,0.254,,0.64,0.0346,0.248,NOMINAL,NOMINAL,NORMAL,0,
1643225400.0,1786288284.8755865,3,1.7705,0.2502,,0.592,0.0314,0.246,NOMINAL,NOMINAL,NORMAL,0,
1643226300.0,1786288285.0010228,3,1.9169,0.2538,,0.737,0.036,0.277,NOMINAL,NOMINAL,NORMAL,0,
1643227200.0,1786288285.1260288,3,1.9684,0.2574,,0.658,0.0341,0.261,NOMINAL,NOMINAL,NORMAL,0,
1643228100.0,1786288285.2507331,3,1.8525,0.2549,,0.628,0.0322,0.251,NOMINAL,NOMINAL,NORMAL,0,
1643229000.0,1786288285.3759189,3,1.9051,0.2541,,0.667,0.0345,0.262,NOMINAL,NOMINAL,NORMAL,0,
1643229900.0,1786288285.5007186,3,1.8194,0.2522,,0.632,0.0339,0.249,NOMINAL,NOMINAL,NORMAL,0,
1643230800.0,1786288285.6257606,3,1.9034,0.2566,,0.584,0.0318,0.241,NOMINAL,NOMINAL,TRIGGERED,1,omni_p6|pro_tel90_p5
1643231700.0,1786288285.7526376,3,2.0384,0.266,,0.727,0.0541,1.665,NOMINAL,PRE_ALERT,TRIGGERED,2,omni_p6
1643232600.0,1786288285.8767653,3,1.8648,0.2583,,0.66,0.0543,1.186,PRE_ALERT,NOMINAL,NORMAL,0,
1643233500.0,1786288286.0010607,3,1.968,0.2617,,0.726,0.0366,0.266,NOMINAL,NOMINAL,NORMAL,0,
1643234400.0,1786288286.126316,3,2.0911,0.2727,,0.711,0.0364,0.275,NOMINAL,NOMINAL,NORMAL,0,
1643235300.0,1786288286.2508328,3,1.8876,0.257,,0.645,0.0365,0.258,NOMINAL,NOMINAL,NORMAL,0,
1643236200.0,1786288286.3760846,3,1.9692,0.2578,,0.698,0.0362,0.266,NOMINAL,NOMINAL,NORMAL,0,
1643237100.0,1786288286.5007617,3,1.8561,0.262,,0.603,0.0321,0.259,NOMINAL,NOMINAL,TRIGGERED,1,omni_p6|pro_tel0_p5|pro_tel90_p5
1643238000.0,1786288286.6267748,3,1.9346,0.2604,,0.593,0.0514,1.204,NOMINAL,PRE_ALERT,TRIGGERED,2,omni_p6|pro_tel0_p5|pro_tel90_p5
1643238900.0,1786288286.7520888,3,2.0285,0.2617,,0.675,0.0516,1.159,PRE_ALERT,NOMINAL,NORMAL,0,
1643239800.0,1786288286.8759077,3,1.9332,0.2572,,0.625,0.0347,0.251,NOMINAL,NOMINAL,NORMAL,0,
1643240700.0,1786288287.000868,3,1.9065,0.2573,,0.63,0.0348,0.252,NOMINAL,NOMINAL,NORMAL,0,
1643241600.0,1786288287.1281338,3,2.0817,0.2693,1.5827,0.732,0.0388,0.321,NOMINAL,NOMINAL,NORMAL,0,
