phys_ts,ap_pub_wall_ts,n_channels,resample_ms,z_eval_ms,bg_update_ms,dds_transport_ms,fsm_eval_ms,node_latency_ms,from_state,ap_state,rpn_result,counter,trigger_channels
1641773700.0,1786271174.200347,1,1.767,0.0965,,1.623,0.0698,0.592,NOMINAL,NOMINAL,STALE,0,
1641774600.0,1786271174.2982755,1,1.9636,0.0661,,0.953,0.0364,0.37,NOMINAL,NOMINAL,STALE,0,
1641775500.0,1786271174.4243987,1,2.2656,0.098,,1.529,0.0492,0.546,NOMINAL,NOMINAL,STALE,0,
1641776400.0,1786271174.5474052,1,1.4533,0.1029,,1.126,0.0458,0.442,NOMINAL,NOMINAL,STALE,0,
1641777300.0,1786271174.6736972,1,1.7297,0.1011,,1.594,0.0606,0.826,NOMINAL,NOMINAL,STALE,0,
1641778200.0,1786271174.7975092,1,1.7579,0.061,,0.769,0.0314,0.328,NOMINAL,NOMINAL,STALE,0,
1641779100.0,1786271174.9235892,1,1.8284,0.0793,,1.376,0.0459,0.618,NOMINAL,NOMINAL,STALE,0,
1641780000.0,1786271175.0487988,1,1.7928,0.0732,,1.627,0.0495,0.439,NOMINAL,NOMINAL,STALE,0,
1641780900.0,1786271175.173734,1,1.7457,0.0999,,1.803,0.0648,0.59,NOMINAL,NOMINAL,STALE,0,
1641781800.0,1786271175.2983418,1,1.8236,0.076,,1.36,0.0489,0.465,NOMINAL,NOMINAL,STALE,0,
1641782700.0,1786271175.4229925,1,1.8039,0.0994,,1.164,0.0455,0.456,NOMINAL,NOMINAL,STALE,0,
1641783600.0,1786271175.5470603,1,1.2304,0.0609,,1.074,0.0455,0.526,NOMINAL,NOMINAL,STALE,0,
1641784500.0,1786271175.6726558,1,1.4716,0.0597,,1.1,0.0457,0.473,NOMINAL,NOMINAL,STALE,0,
1641785400.0,1786271175.7994657,1,2.2886,0.0781,,1.243,0.0493,0.462,NOMINAL,NOMINAL,STALE,0,
1641786300.0,1786271175.9233053,1,1.7914,0.0811,,1.34,0.05,0.481,NOMINAL,NOMINAL,STALE,0,
1641787200.0,1786271176.0478256,1,1.5517,0.0993,,1.174,0.0441,0.432,NOMINAL,NOMINAL,STALE,0,
1641788100.0,1786271176.1733484,1,1.7456,0.101,,1.426,0.06,0.639,NOMINAL,NOMINAL,STALE,0,
1641789000.0,1786271176.2988534,1,2.0376,0.0774,,1.402,0.0473,0.44,NOMINAL,NOMINAL,STALE,0,
1641789900.0,1786271176.42307,1,1.7845,0.0774,,1.256,0.0319,0.308,NOMINAL,NOMINAL,STALE,0,
1641790800.0,1786271176.5469503,1,1.2221,0.0599,,1.07,0.0441,0.437,NOMINAL,NOMINAL,STALE,0,
1641791700.0,1786271176.6730092,1,1.7815,0.1032,,1.149,0.0441,0.539,NOMINAL,NOMINAL,STALE,0,
1641792600.0,1786271176.7990928,1,2.3691,0.0811,,1.248,0.0456,0.481,NOMINAL,NOMINAL,STALE,0,
1641793500.0,1786271176.9225612,1,1.6172,0.0995,,1.137,0.0435,0.428,NOMINAL,NOMINAL,STALE,0,
1641794400.0,1786271177.0484166,1,1.8019,0.0605,,1.215,0.0475,0.502,NOMINAL,NOMINAL,STALE,0,
1641795300.0,1786271177.1723902,1,1.3362,0.0602,,0.85,0.032,0.328,NOMINAL,NOMINAL,STALE,0,
1641796200.0,1786271177.2986794,1,2.1638,0.1079,,1.362,0.0461,0.472,NOMINAL,NOMINAL,STALE,0,
1641797100.0,1786271177.4233732,1,1.8682,0.0608,,1.239,0.0444,0.425,NOMINAL,NOMINAL,STALE,0,
1641798000.0,1786271177.548627,1,1.7778,0.0737,,1.342,0.049,0.538,NOMINAL,NOMINAL,STALE,0,
1641798900.0,1786271177.6730466,1,1.7488,0.1016,,1.193,0.0421,0.502,NOMINAL,NOMINAL,STALE,0,
1641799800.0,1786271177.7993684,1,2.45,0.0933,,1.305,0.0479,0.526,NOMINAL,NOMINAL,STALE,0,
1641800700.0,1786271177.9233775,1,1.7872,0.0819,,1.334,0.048,0.435,NOMINAL,NOMINAL,STALE,0,
1641801600.0,1786271178.0479891,1,1.3212,0.103,,1.14,0.0861,0.528,NOMINAL,NOMINAL,STALE,0,
1641802500.0,1786271178.1732986,1,1.4935,0.1045,,1.297,0.0461,0.917,NOMINAL,NOMINAL,STALE,0,
1641803400.0,1786271178.299964,1,2.3969,0.1173,,1.694,0.0636,0.757,NOMINAL,NOMINAL,STALE,0,
1641804300.0,1786271178.4229422,1,1.732,0.1008,,1.26,0.0451,0.471,NOMINAL,NOMINAL,STALE,0,
1641805200.0,1786271178.548544,1,1.7924,0.1046,,1.217,0.0649,0.862,NOMINAL,NOMINAL,STALE,0,
1641806100.0,1786271178.6728356,1,1.7516,0.075,,1.017,0.0332,0.318,NOMINAL,NOMINAL,STALE,0,
1641807000.0,1786271178.7980018,1,1.7596,0.1018,,1.071,0.0435,0.448,NOMINAL,NOMINAL,STALE,0,
1641807900.0,1786271178.923461,1,1.7871,0.0768,,1.375,0.0487,0.5,NOMINAL,NOMINAL,STALE,0,
1641808800.0,1786271179.0480678,1,1.3324,0.0982,,1.417,0.0452,0.441,NOMINAL,NOMINAL,STALE,0,
1641809700.0,1786271179.173249,1,1.7416,0.1029,,1.259,0.0464,0.623,NOMINAL,NOMINAL,STALE,0,
1641810600.0,1786271179.2999856,1,2.414,0.1169,,1.676,0.0636,0.762,NOMINAL,NOMINAL,STALE,0,
1641811500.0,1786271179.4230776,1,1.8798,0.078,,1.13,0.0334,0.319,NOMINAL,NOMINAL,STALE,0,
1641812400.0,1786271179.5492923,1,1.9076,0.0812,,1.46,0.0502,0.467,NOMINAL,NOMINAL,STALE,0,
1641813300.0,1786271179.672904,1,1.7646,0.0772,,1.151,0.0332,0.32,NOMINAL,NOMINAL,STALE,0,
1641814200.0,1786271179.7978842,1,1.7542,0.1028,,1.049,0.0453,0.427,NOMINAL,NOMINAL,STALE,0,
1641815100.0,1786271179.9242253,1,2.2668,0.1234,,1.629,0.0632,0.624,NOMINAL,NOMINAL,STALE,0,
1641816000.0,1786271180.0506058,1,2.3279,0.117,,1.707,0.0672,1.383,NOMINAL,NOMINAL,STALE,0,
1641816900.0,1786271180.1742976,1,2.3105,0.0838,,1.391,0.0503,0.494,NOMINAL,NOMINAL,STALE,0,
1641817800.0,1786271180.298374,1,1.8402,0.0804,,1.305,0.0495,0.499,NOMINAL,NOMINAL,STALE,0,
1641818700.0,1786271180.4252877,1,2.4122,0.1173,,2.03,0.063,0.735,NOMINAL,NOMINAL,STALE,0,
1641819600.0,1786271180.5494483,1,2.1182,0.0809,,1.759,0.0509,0.469,NOMINAL,NOMINAL,STALE,0,
1641820500.0,1786271180.6747992,1,2.3274,0.1141,,1.714,0.066,0.588,NOMINAL,NOMINAL,STALE,0,
1641821400.0,1786271180.7992606,1,2.2355,0.1209,,1.677,0.1084,0.664,NOMINAL,NOMINAL,STALE,0,
1641822300.0,1786271180.9238327,1,2.15,0.1001,,1.632,0.0487,0.471,NOMINAL,NOMINAL,STALE,0,
1641823200.0,1786271181.0486076,1,1.8141,0.0775,,1.614,0.0616,0.395,NOMINAL,NOMINAL,STALE,0,
1641824100.0,1786271181.1733155,1,1.326,0.1002,,1.343,0.2525,0.797,NOMINAL,NOMINAL,STALE,0,
1641825000.0,1786271181.2996583,1,2.4358,0.1179,,1.624,0.063,0.608,NOMINAL,NOMINAL,STALE,0,
1641825900.0,1786271181.4227462,1,1.3494,0.0986,,1.168,0.0449,0.435,NOMINAL,NOMINAL,STALE,0,
1641826800.0,1786271181.547409,1,1.2501,0.0654,,1.053,0.0335,0.323,NOMINAL,NOMINAL,STALE,0,
1641827700.0,1786271181.6730852,1,1.7593,0.0763,,1.292,0.0316,0.342,NOMINAL,NOMINAL,STALE,0,
1641828600.0,1786271181.797579,1,1.5043,0.1,,1.099,0.044,0.425,NOMINAL,NOMINAL,STALE,0,
1641829500.0,1786271181.9236083,1,1.9507,0.0837,,1.256,0.0457,0.438,NOMINAL,NOMINAL,STALE,0,
1641830400.0,1786271182.0483825,1,1.7822,0.0786,,1.361,0.0476,0.5,NOMINAL,NOMINAL,STALE,0,
1641831300.0,1786271182.174948,1,2.438,0.0944,,1.893,0.0492,0.497,NOMINAL,NOMINAL,STALE,0,
1641832200.0,1786271182.298804,1,2.1543,0.0875,,1.524,0.0548,0.5,NOMINAL,NOMINAL,STALE,0,
1641833100.0,1786271182.425563,1,2.4753,0.1176,,2.18,0.07,0.636,NOMINAL,NOMINAL,STALE,0,
1641834000.0,1786271182.5486374,1,1.7361,0.1017,,1.684,0.0473,0.474,NOMINAL,NOMINAL,STALE,0,
1641834900.0,1786271182.673559,1,1.7557,0.0738,,1.667,0.0501,0.461,NOMINAL,NOMINAL,STALE,0,
1641835800.0,1786271182.7977412,1,1.6557,0.0996,,1.301,0.0443,0.448,NOMINAL,NOMINAL,STALE,0,
1641836700.0,1786271182.9237404,1,1.9896,0.0811,,1.344,0.0485,0.456,NOMINAL,NOMINAL,STALE,0,
1641837600.0,1786271183.0483832,1,1.7603,0.0751,,1.362,0.0539,0.521,NOMINAL,NOMINAL,STALE,0,
1641838500.0,1786271183.1748152,1,2.4056,0.1228,,1.759,0.0496,0.48,NOMINAL,NOMINAL,STALE,0,
1641839400.0,1786271183.2986567,1,1.8965,0.0829,,1.336,0.0509,0.593,NOMINAL,NOMINAL,STALE,0,
1641840300.0,1786271183.425181,1,2.4394,0.1197,,1.864,0.0664,0.588,NOMINAL,NOMINAL,STALE,0,
1641841200.0,1786271183.5492957,1,1.7517,0.101,,1.924,0.0477,1.102,NOMINAL,NOMINAL,STALE,0,
1641842100.0,1786271183.67543,1,2.4989,0.1217,,1.973,0.0608,0.785,NOMINAL,NOMINAL,STALE,0,
1641843000.0,1786271183.7980196,1,1.6149,0.0616,,0.961,0.0446,0.45,NOMINAL,NOMINAL,STALE,0,
1641843900.0,1786271183.9241712,1,1.8725,0.1071,,1.59,0.1964,1.037,NOMINAL,NOMINAL,STALE,0,
1641844800.0,1786271184.0484161,1,1.7762,0.0891,,0.875,0.0436,0.575,NOMINAL,NOMINAL,STALE,0,
1641845700.0,1786271184.1751745,1,2.4078,0.1208,,1.921,0.0522,0.66,NOMINAL,NOMINAL,STALE,0,
1641846600.0,1786271184.2992587,1,1.8611,0.0782,,1.658,0.0534,0.749,NOMINAL,NOMINAL,STALE,0,
1641847500.0,1786271184.4249349,1,2.4178,0.1194,,1.821,0.0657,0.613,NOMINAL,NOMINAL,STALE,0,
1641848400.0,1786271184.549641,1,2.3226,0.0972,,1.677,0.051,0.472,NOMINAL,NOMINAL,STALE,0,
1641849300.0,1786271184.6739175,1,1.8817,0.0791,,1.478,0.0744,0.676,NOMINAL,NOMINAL,STALE,0,
1641850200.0,1786271184.7977304,1,1.4786,0.1037,,1.068,0.0436,0.572,NOMINAL,NOMINAL,STALE,0,
1641851100.0,1786271184.9238522,1,1.8188,0.1069,,1.628,0.066,0.758,NOMINAL,NOMINAL,STALE,0,
1641852000.0,1786271185.048411,1,1.7781,0.074,,1.281,0.0498,0.5,NOMINAL,NOMINAL,STALE,0,
1641852900.0,1786271185.1747096,1,2.3477,0.1199,,1.552,0.0516,0.63,NOMINAL,NOMINAL,STALE,0,
1641853800.0,1786271185.2989566,1,2.2198,0.0855,,1.439,0.0492,0.681,NOMINAL,NOMINAL,STALE,0,
1641854700.0,1786271185.422915,1,1.7729,0.0607,,0.842,0.0429,0.54,NOMINAL,NOMINAL,STALE,0,
1641855600.0,1786271185.5494645,1,2.4011,0.0983,,1.351,0.0612,0.461,NOMINAL,NOMINAL,STALE,0,
1641856500.0,1786271185.6736686,1,1.9849,0.0745,,1.416,0.0535,0.453,NOMINAL,NOMINAL,STALE,0,
1641857400.0,1786271185.7978525,1,1.3507,0.152,,1.152,0.0435,0.438,NOMINAL,NOMINAL,STALE,0,
1641858300.0,1786271185.9234602,1,1.8212,0.1068,,1.425,0.066,0.601,NOMINAL,NOMINAL,STALE,0,
1641859200.0,1786271186.0507617,1,1.7884,0.2395,0.7318,1.306,0.0364,0.352,NOMINAL,NOMINAL,NORMAL,0,
1641860100.0,1786271186.175209,1,2.4271,0.293,,1.657,0.0572,0.827,NOMINAL,NOMINAL,NORMAL,0,
1641861000.0,1786271186.2994223,1,2.2916,0.311,,1.673,0.0683,0.578,NOMINAL,NOMINAL,NORMAL,0,
1641861900.0,1786271186.4247267,1,2.4391,0.2853,,1.802,0.064,0.649,NOMINAL,NOMINAL,NORMAL,0,
1641862800.0,1786271186.5497196,1,2.3983,0.2397,,1.546,0.0549,0.474,NOMINAL,NOMINAL,TRIGGERED,1,omni_p6
1641863700.0,1786271186.6747622,1,1.8017,0.1949,,1.419,0.0802,1.728,NOMINAL,PRE_ALERT,TRIGGERED,2,omni_p6
1641864600.0,1786271186.800785,1,1.9533,0.2037,,1.275,0.0507,2.662,PRE_ALERT,NOMINAL,NORMAL,0,
1641865500.0,1786271186.9244132,1,2.1986,0.2042,,1.543,0.054,0.517,NOMINAL,NOMINAL,NORMAL,0,
1641866400.0,1786271187.0484931,1,1.7772,0.1957,,1.401,0.0354,0.328,NOMINAL,NOMINAL,NORMAL,0,
1641867300.0,1786271187.1727474,1,1.4544,0.2418,,1.441,0.0471,0.435,NOMINAL,NOMINAL,NORMAL,0,
1641868200.0,1786271187.2976081,1,1.4962,0.1949,,1.156,0.0422,0.397,NOMINAL,NOMINAL,TRIGGERED,1,omni_p6
1641869100.0,1786271187.4249468,1,1.8366,0.2041,,1.308,0.0537,1.884,NOMINAL,PRE_ALERT,TRIGGERED,2,omni_p6
1641870000.0,1786271187.5496426,1,1.4233,0.2432,,1.195,0.0762,2.164,PRE_ALERT,NOMINAL,NORMAL,0,
1641870900.0,1786271187.67348,1,1.7343,0.2362,,1.508,0.0673,0.592,NOMINAL,NOMINAL,NORMAL,0,
1641871800.0,1786271187.8008277,1,2.3951,0.2907,,1.932,0.0676,1.297,NOMINAL,NOMINAL,NORMAL,0,
1641872700.0,1786271187.9231267,1,1.8023,0.2431,,1.204,0.0486,0.459,NOMINAL,NOMINAL,NORMAL,0,
1641873600.0,1786271188.0487385,1,1.7772,0.2009,,1.378,0.0828,0.784,NOMINAL,NOMINAL,NORMAL,0,
1641874500.0,1786271188.1728961,1,1.6374,0.2446,,1.269,0.0485,0.544,NOMINAL,NOMINAL,NORMAL,0,
1641875400.0,1786271188.2985594,1,1.8329,0.1986,,1.472,0.056,0.465,NOMINAL,NOMINAL,TRIGGERED,1,omni_p6
1641876300.0,1786271188.4228382,1,1.4495,0.1509,,1.21,0.0495,0.63,NOMINAL,NOMINAL,NORMAL,0,
1641877200.0,1786271188.5495048,1,2.1843,0.1934,,1.402,0.0756,1.089,NOMINAL,NOMINAL,NORMAL,0,
1641878100.0,1786271188.6748152,1,2.3402,0.3471,,1.499,0.0641,0.828,NOMINAL,NOMINAL,NORMAL,0,
1641879000.0,1786271188.7979932,1,1.7425,0.311,,1.049,0.0476,0.626,NOMINAL,NOMINAL,NORMAL,0,
1641879900.0,1786271188.923845,1,1.9706,0.1956,,1.49,0.0537,0.494,NOMINAL,NOMINAL,NORMAL,0,
1641880800.0,1786271189.0496523,1,2.2797,0.2822,,1.714,0.0668,0.591,NOMINAL,NOMINAL,NORMAL,0,
1641881700.0,1786271189.1729782,1,1.7468,0.2378,,1.264,0.0491,0.486,NOMINAL,NOMINAL,NORMAL,0,
1641882600.0,1786271189.29958,1,2.4384,0.246,,1.227,0.0523,1.234,NOMINAL,NOMINAL,NORMAL,0,
1641883500.0,1786271189.425115,1,2.5276,0.2876,,1.834,0.067,0.618,NOMINAL,NOMINAL,NORMAL,0,
1641884400.0,1786271189.5483825,1,2.0045,0.2385,,1.15,0.0644,0.639,NOMINAL,NOMINAL,NORMAL,0,
1641885300.0,1786271189.6737907,1,1.8484,0.1888,,1.813,0.0347,0.314,NOMINAL,NOMINAL,NORMAL,0,
1641886200.0,1786271189.7991214,1,2.0865,0.2629,,1.667,0.0694,0.602,NOMINAL,NOMINAL,NORMAL,0,
1641887100.0,1786271189.9247913,1,1.9075,0.2432,,1.966,0.0529,0.467,NOMINAL,NOMINAL,NORMAL,0,
1641888000.0,1786271190.0504336,1,2.5621,0.2958,,2.151,0.0688,0.613,NOMINAL,NOMINAL,TRIGGERED,1,omni_p6
1641888900.0,1786271190.1727848,1,1.7653,0.2287,,1.237,0.0516,0.477,NOMINAL,NOMINAL,NORMAL,0,
1641889800.0,1786271190.2973335,1,1.2025,0.1459,,1.341,0.0484,0.442,NOMINAL,NOMINAL,NORMAL,0,
1641890700.0,1786271190.424921,1,2.4133,0.2904,,2.037,0.0689,0.61,NOMINAL,NOMINAL,TRIGGERED,1,omni_p6
1641891600.0,1786271190.5502183,1,1.7566,0.6179,,1.178,0.0758,2.38,NOMINAL,PRE_ALERT,TRIGGERED,2,omni_p6
1641892500.0,1786271190.6751592,1,2.0495,0.2003,,1.438,0.0827,1.586,PRE_ALERT,NOMINAL,NORMAL,0,
1641893400.0,1786271190.7976625,1,1.2997,0.239,,1.427,0.05,0.456,NOMINAL,NOMINAL,NORMAL,0,
1641894300.0,1786271190.9240062,1,1.8313,0.2399,,1.739,0.0699,0.602,NOMINAL,NOMINAL,NORMAL,0,
1641895200.0,1786271191.0480366,1,1.8258,0.2038,,1.234,0.0348,0.316,NOMINAL,NOMINAL,NORMAL,0,
1641896100.0,1786271191.1748443,1,2.3857,0.3516,,1.871,0.0527,0.484,NOMINAL,NOMINAL,NORMAL,0,
1641897000.0,1786271191.2992873,1,2.2491,0.3008,,1.732,0.068,0.61,NOMINAL,NOMINAL,TRIGGERED,1,omni_p6
1641897900.0,1786271191.4247093,1,2.3868,0.2877,,1.765,0.0706,0.835,NOMINAL,NOMINAL,NORMAL,0,
1641898800.0,1786271191.5480494,1,1.7669,0.2411,,1.175,0.0492,0.446,NOMINAL,NOMINAL,NORMAL,0,
1641899700.0,1786271191.6730201,1,1.7603,0.2382,,1.211,0.0454,0.444,NOMINAL,NOMINAL,NORMAL,0,
1641900600.0,1786271191.7994556,1,2.4006,0.2934,,1.342,0.0637,0.561,NOMINAL,NOMINAL,NORMAL,0,
1641901500.0,1786271191.9238098,1,1.801,0.2437,,1.568,0.0558,0.807,NOMINAL,NOMINAL,NORMAL,0,
1641902400.0,1786271192.047878,1,1.7876,0.1994,,1.011,0.0325,0.301,NOMINAL,NOMINAL,TRIGGERED,1,omni_p6
1641903300.0,1786271192.1763139,1,2.316,0.3556,,1.671,0.091,2.259,NOMINAL,PRE_ALERT,TRIGGERED,2,omni_p6
1641904200.0,1786271192.2995086,1,1.5879,0.2546,,1.324,0.0664,1.929,PRE_ALERT,NOMINAL,NORMAL,0,
1641905100.0,1786271192.4235492,1,1.8457,0.1507,,1.146,0.0739,0.568,NOMINAL,NOMINAL,NORMAL,0,
1641906000.0,1786271192.549209,1,2.3879,0.2346,,1.345,0.0491,0.444,NOMINAL,NOMINAL,NORMAL,0,
1641906900.0,1786271192.6724992,1,1.3863,0.2398,,1.132,0.1362,0.54,NOMINAL,NOMINAL,NORMAL,0,
1641907800.0,1786271192.7975612,1,1.3772,0.2109,,1.043,0.0471,0.419,NOMINAL,NOMINAL,NORMAL,0,
1641908700.0,1786271192.9245322,1,2.1983,0.2044,,1.585,0.0942,0.745,NOMINAL,NOMINAL,TRIGGERED,1,omni_p6
1641909600.0,1786271193.0498579,1,1.8504,0.2026,,1.347,0.0841,1.6,NOMINAL,PRE_ALERT,TRIGGERED,2,omni_p6
1641910500.0,1786271193.1760614,1,2.3465,0.3666,,1.976,0.091,1.593,PRE_ALERT,NOMINAL,NORMAL,0,
1641911400.0,1786271193.2984421,1,1.7392,0.3018,,1.467,0.0469,0.56,NOMINAL,NOMINAL,NORMAL,0,
1641912300.0,1786271193.4237466,1,1.8383,0.2014,,1.408,0.0534,0.463,NOMINAL,NOMINAL,NORMAL,0,
1641913200.0,1786271193.5491612,1,2.3525,0.2896,,1.33,0.0485,0.444,NOMINAL,NOMINAL,NORMAL,0,
1641914100.0,1786271193.6733813,1,2.1575,0.1938,,1.24,0.0498,0.433,NOMINAL,NOMINAL,NORMAL,0,
1641915000.0,1786271193.799276,1,2.1417,0.2829,,1.616,0.0653,0.571,NOMINAL,NOMINAL,TRIGGERED,1,omni_p6
1641915900.0,1786271193.9218988,1,1.2336,0.1539,,0.81,0.0331,0.296,NOMINAL,NOMINAL,NORMAL,0,
1641916800.0,1786271194.0496407,1,2.3455,0.2902,,1.588,0.0667,0.574,NOMINAL,NOMINAL,NORMAL,0,
1641917700.0,1786271194.1724503,1,1.276,0.2351,,0.99,0.0815,0.65,NOMINAL,NOMINAL,NORMAL,0,
1641918600.0,1786271194.2985654,1,1.8843,0.1913,,1.462,0.0614,0.504,NOMINAL,NOMINAL,NORMAL,0,
1641919500.0,1786271194.4249587,1,2.4556,0.2959,,1.661,0.0644,0.663,NOMINAL,NOMINAL,NORMAL,0,
1641920400.0,1786271194.549264,1,2.0772,0.2709,,1.819,0.0564,0.465,NOMINAL,NOMINAL,NORMAL,0,
1641921300.0,1786271194.672994,1,1.7894,0.2396,,1.201,0.0467,0.437,NOMINAL,NOMINAL,NORMAL,0,
1641922200.0,1786271194.7974198,1,1.4122,0.1648,,1.077,0.0459,0.408,NOMINAL,NOMINAL,NORMAL,0,
1641923100.0,1786271194.9228988,1,1.8108,0.2405,,1.077,0.0472,0.423,NOMINAL,NOMINAL,NORMAL,0,
1641924000.0,1786271195.0483198,1,1.8105,0.1936,,1.232,0.05,0.462,NOMINAL,NOMINAL,NORMAL,0,
1641924900.0,1786271195.1751833,1,2.4012,0.3129,,1.654,0.0686,0.645,NOMINAL,NOMINAL,NORMAL,0,
1641925800.0,1786271195.2995646,1,2.3951,0.4364,,1.433,0.0548,0.446,NOMINAL,NOMINAL,NORMAL,0,
1641926700.0,1786271195.42316,1,1.9126,0.2064,,1.035,0.035,0.338,NOMINAL,NOMINAL,NORMAL,0,
1641927600.0,1786271195.5502534,1,2.4178,0.3022,,2.038,0.0553,0.506,NOMINAL,NOMINAL,NORMAL,0,
1641928500.0,1786271195.6733024,1,1.7461,0.192,,1.423,0.0544,0.464,NOMINAL,NOMINAL,NORMAL,0,
1641929400.0,1786271195.7975173,1,1.4624,0.1717,,1.335,0.0566,0.467,NOMINAL,NOMINAL,NORMAL,0,
1641930300.0,1786271195.922886,1,1.7139,0.237,,1.197,0.0487,0.445,NOMINAL,NOMINAL,NORMAL,0,
1641931200.0,1786271196.0475767,1,1.4444,0.1637,,1.379,0.0547,0.454,NOMINAL,NOMINAL,NORMAL,0,
1641932100.0,1786271196.1744306,1,2.1668,0.2806,,1.764,0.0706,0.732,NOMINAL,NOMINAL,NORMAL,0,
1641933000.0,1786271196.2987993,1,2.1322,0.1951,,1.379,0.0562,0.446,NOMINAL,NOMINAL,NORMAL,0,
1641933900.0,1786271196.423345,1,1.7737,0.1955,,1.434,0.0515,0.423,NOMINAL,NOMINAL,NORMAL,0,
1641934800.0,1786271196.5479774,1,1.3274,0.2358,,1.216,0.0487,0.44,NOMINAL,NOMINAL,NORMAL,0,
1641935700.0,1786271196.6738102,1,1.8616,0.2032,,1.417,0.0526,0.556,NOMINAL,NOMINAL,TRIGGERED,1,omni_p6
1641936600.0,1786271196.7983797,1,1.8197,0.2037,,1.275,0.0526,0.445,NOMINAL,NOMINAL,NORMAL,0,
1641937500.0,1786271196.923363,1,1.8858,0.2509,,1.222,0.0479,0.484,NOMINAL,NOMINAL,NORMAL,0,
1641938400.0,1786271197.0490189,1,2.2932,0.2095,,1.468,0.0504,0.57,NOMINAL,NOMINAL,NORMAL,0,
1641939300.0,1786271197.1730165,1,1.3145,0.238,,1.222,0.048,0.583,NOMINAL,NOMINAL,NORMAL,0,
1641940200.0,1786271197.2976425,1,1.5013,0.2288,,1.1,0.0414,0.371,NOMINAL,NOMINAL,NORMAL,0,
1641941100.0,1786271197.4234881,1,1.8692,0.2007,,1.261,0.0345,0.307,NOMINAL,NOMINAL,NORMAL,0,
1641942000.0,1786271197.5487263,1,1.7784,0.2498,,1.502,0.0507,0.472,NOMINAL,NOMINAL,TRIGGERED,1,omni_p6
1641942900.0,1786271197.6743455,1,1.8558,0.198,,1.715,0.0557,0.471,NOMINAL,NOMINAL,NORMAL,0,
1641943800.0,1786271197.798295,1,1.8199,0.199,,1.205,0.0515,0.434,NOMINAL,NOMINAL,NORMAL,0,
1641944700.0,1786271197.9254181,1,2.503,0.5837,,1.763,0.0561,0.552,NOMINAL,NOMINAL,NORMAL,0,
1641945600.0,1786271198.049238,1,1.7939,0.1844,0.7073,1.35,0.052,0.45,NOMINAL,NOMINAL,NORMAL,0,
1641946500.0,1786271198.173381,1,1.798,0.1969,,1.376,0.0349,0.292,NOMINAL,NOMINAL,NORMAL,0,
1641947400.0,1786271198.2983649,1,1.8653,0.2619,,1.169,0.0476,0.445,NOMINAL,NOMINAL,TRIGGERED,1,omni_p6
1641948300.0,1786271198.4252179,1,2.1272,0.2478,,1.555,0.0845,1.727,NOMINAL,PRE_ALERT,TRIGGERED,2,omni_p6
1641949200.0,1786271198.5521476,1,2.3777,0.3008,,1.771,0.1027,2.458,PRE_ALERT,NOMINAL,NORMAL,0,
1641950100.0,1786271198.6749806,1,2.4457,0.2482,,1.812,0.0536,0.475,NOMINAL,NOMINAL,NORMAL,0,
1641951000.0,1786271198.7986355,1,2.002,0.2013,,1.262,0.0531,0.44,NOMINAL,NOMINAL,NORMAL,0,
1641951900.0,1786271198.9251251,1,2.4702,0.293,,1.722,0.0663,0.632,NOMINAL,NOMINAL,NORMAL,0,
1641952800.0,1786271199.0497038,1,2.2152,0.2233,,1.405,0.0549,0.472,NOMINAL,NOMINAL,NORMAL,0,
1641953700.0,1786271199.1733296,1,1.8222,0.2073,,1.355,0.0341,0.303,NOMINAL,NOMINAL,TRIGGERED,1,omni_p6
1641954600.0,1786271199.2997139,1,1.6849,0.2979,,1.422,0.0746,2.076,NOMINAL,PRE_ALERT,TRIGGERED,2,omni_p6
1641955500.0,1786271199.4250205,1,1.9541,0.3093,,1.523,0.0852,1.665,PRE_ALERT,NOMINAL,NORMAL,0,
1641956400.0,1786271199.5484328,1,1.7949,0.1487,,1.234,0.0804,0.478,NOMINAL,NOMINAL,NORMAL,0,
1641957300.0,1786271199.6732743,1,1.8152,0.152,,1.223,0.0698,0.477,NOMINAL,NOMINAL,NORMAL,0,
1641958200.0,1786271199.7986243,1,2.1811,0.2136,,1.296,0.057,0.446,NOMINAL,NOMINAL,NORMAL,0,
1641959100.0,1786271199.9235737,1,1.8119,0.2054,,1.36,0.0517,0.469,NOMINAL,NOMINAL,NORMAL,0,
1641960000.0,1786271200.0493069,1,2.2305,0.2259,,1.365,0.0543,0.448,NOMINAL,NOMINAL,TRIGGERED,1,omni_p6
1641960900.0,1786271200.1734128,1,1.7952,0.1992,,1.345,0.0523,0.433,NOMINAL,NOMINAL,NORMAL,0,
1641961800.0,1786271200.3003337,1,2.408,0.3084,,1.632,0.0665,0.931,NOMINAL,NOMINAL,NORMAL,0,
1641962700.0,1786271200.4238608,1,1.9343,0.2072,,1.341,0.0512,0.45,NOMINAL,NOMINAL,NORMAL,0,
1641963600.0,1786271200.5484655,1,1.7809,0.1989,,1.295,0.0831,0.48,NOMINAL,NOMINAL,NORMAL,0,
1641964500.0,1786271200.6751068,1,2.5554,0.3054,,1.607,0.0534,0.524,NOMINAL,NOMINAL,NORMAL,0,
1641965400.0,1786271200.7984834,1,1.808,0.2061,,1.242,0.0505,0.434,NOMINAL,NOMINAL,NORMAL,0,
1641966300.0,1786271200.9230347,1,1.6547,0.1552,,1.118,0.0478,0.461,NOMINAL,NOMINAL,NORMAL,0,
1641967200.0,1786271201.0494778,1,2.2828,0.2237,,1.467,0.0522,0.45,NOMINAL,NOMINAL,NORMAL,0,
1641968100.0,1786271201.1738968,1,1.8055,0.2006,,1.313,0.0523,0.44,NOMINAL,NOMINAL,NORMAL,0,
1641969000.0,1786271201.2977498,1,1.483,0.3057,,1.115,0.0482,0.431,NOMINAL,NOMINAL,NORMAL,0,
1641969900.0,1786271201.4243352,1,1.8327,0.3033,,1.731,0.0663,0.681,NOMINAL,NOMINAL,NORMAL,0,
1641970800.0,1786271201.5496778,1,2.3596,0.2882,,1.718,0.0667,0.646,NOMINAL,NOMINAL,NORMAL,0,
1641971700.0,1786271201.6747046,1,2.1756,0.311,,1.815,0.0605,0.829,NOMINAL,NOMINAL,NORMAL,0,
1641972600.0,1786271201.7985294,1,1.7956,0.2447,,1.14,0.0671,0.586,NOMINAL,NOMINAL,NORMAL,0,
1641973500.0,1786271201.9247737,1,2.4095,0.3013,,1.683,0.0654,0.778,NOMINAL,NOMINAL,NORMAL,0,
1641974400.0,1786271202.0497508,1,2.3608,0.2342,,1.471,0.0567,0.682,NOMINAL,NOMINAL,NORMAL,0,
1641975300.0,1786271202.1735532,1,1.8682,0.1976,,1.334,0.0529,0.448,NOMINAL,NOMINAL,NORMAL,0,
1641976200.0,1786271202.298666,1,1.9046,0.2253,,1.349,0.0366,0.324,NOMINAL,NOMINAL,TRIGGERED,1,omni_p6
1641977100.0,1786271202.4248004,1,2.4572,0.22,,1.592,0.0519,0.47,NOMINAL,NOMINAL,NORMAL,0,
1641978000.0,1786271202.5495057,1,2.3342,0.3014,,1.729,0.0676,0.585,NOMINAL,NOMINAL,NORMAL,0,
1641978900.0,1786271202.6750576,1,2.2228,0.2109,,1.68,0.0562,0.955,NOMINAL,NOMINAL,NORMAL,0,
1641979800.0,1786271202.7980344,1,1.7665,0.2545,,1.024,0.0481,0.44,NOMINAL,NOMINAL,NORMAL,0,
1641980700.0,1786271202.923485,1,1.8148,0.2404,,1.136,0.064,0.816,NOMINAL,NOMINAL,NORMAL,0,
1641981600.0,1786271203.0501893,1,2.9439,0.2638,,1.4,0.0523,0.492,NOMINAL,NOMINAL,TRIGGERED,1,omni_p6
1641982500.0,1786271203.1770074,1,2.4416,0.3445,,1.647,0.1029,2.946,NOMINAL,PRE_ALERT,TRIGGERED,2,omni_p6
1641983400.0,1786271203.3000169,1,1.8339,0.208,,1.137,0.0572,2.103,PRE_ALERT,NOMINAL,NORMAL,0,
1641984300.0,1786271203.4252334,1,2.7695,0.2108,,1.536,0.0532,0.588,NOMINAL,NOMINAL,NORMAL,0,
1641985200.0,1786271203.549274,1,2.333,0.2942,,1.48,0.0642,0.603,NOMINAL,NOMINAL,NORMAL,0,
1641986100.0,1786271203.675658,1,2.45,0.3082,,1.856,0.0595,0.977,NOMINAL,NOMINAL,NORMAL,0,
1641987000.0,1786271203.798032,1,1.8017,0.2477,,1.019,0.0501,0.438,NOMINAL,NOMINAL,NORMAL,0,
1641987900.0,1786271203.9250393,1,2.4617,0.2942,,1.705,0.0672,0.625,NOMINAL,NOMINAL,TRIGGERED,1,omni_p6
1641988800.0,1786271204.0526245,1,1.6897,0.2486,,1.159,0.075,4.856,NOMINAL,PRE_ALERT,TRIGGERED,2,omni_p6
1641989700.0,1786271204.1751623,1,1.7958,0.2049,,1.299,0.0832,2.109,PRE_ALERT,NOMINAL,NORMAL,0,
1641990600.0,1786271204.3005135,1,2.9821,0.3128,,1.508,0.0703,0.648,NOMINAL,NOMINAL,NORMAL,0,
1641991500.0,1786271204.4231305,1,1.7073,0.2316,,1.244,0.0491,0.456,NOMINAL,NOMINAL,NORMAL,0,
1641992400.0,1786271204.5493143,1,2.1712,0.2924,,1.729,0.0667,0.592,NOMINAL,NOMINAL,NORMAL,0,
1641993300.0,1786271204.6732183,1,1.8317,0.2468,,1.248,0.0473,0.445,NOMINAL,NOMINAL,NORMAL,0,
1641994200.0,1786271204.7992318,1,1.9721,0.2122,,1.375,0.0523,0.461,NOMINAL,NOMINAL,TRIGGERED,1,omni_p6
1641995100.0,1786271204.9246972,1,1.8272,0.2078,,0.974,0.0524,1.985,NOMINAL,PRE_ALERT,TRIGGERED,2,omni_p6
1641996000.0,1786271205.0499382,1,1.778,0.2419,,1.167,0.0736,2.174,PRE_ALERT,NOMINAL,NORMAL,0,
1641996900.0,1786271205.173678,1,1.7817,0.2013,,1.394,0.0506,0.484,NOMINAL,NOMINAL,NORMAL,0,
1641997800.0,1786271205.3002582,1,2.4415,0.294,,1.709,0.0688,0.774,NOMINAL,NOMINAL,NORMAL,0,
1641998700.0,1786271205.4234095,1,1.8242,0.2412,,1.28,0.0479,0.497,NOMINAL,NOMINAL,NORMAL,0,
1641999600.0,1786271205.549138,1,1.8817,0.2923,,1.794,0.0691,0.606,NOMINAL,NOMINAL,NORMAL,0,
1642000500.0,1786271205.6729915,1,1.5035,0.2555,,1.247,0.0482,0.475,NOMINAL,NOMINAL,TRIGGERED,1,omni_p6
1642001400.0,1786271205.7992861,1,2.1664,0.2255,,1.257,0.0532,0.607,NOMINAL,NOMINAL,NORMAL,0,
1642002300.0,1786271205.923119,1,1.805,0.1955,,1.12,0.0361,0.32,NOMINAL,NOMINAL,NORMAL,0,
1642003200.0,1786271206.0482736,1,1.7609,0.2483,,1.189,0.0471,0.522,NOMINAL,NOMINAL,NORMAL,0,
1642004100.0,1786271206.17365,1,2.0643,0.2392,,1.43,0.0533,0.44,NOMINAL,NOMINAL,NORMAL,0,
1642005000.0,1786271206.3002994,1,2.5266,0.3151,,1.738,0.0689,0.716,NOMINAL,NOMINAL,NORMAL,0,
1642005900.0,1786271206.4231842,1,1.7331,0.2541,,1.204,0.05,0.491,NOMINAL,NOMINAL,NORMAL,0,
1642006800.0,1786271206.5491295,1,1.8372,0.3088,,1.781,0.0684,0.599,NOMINAL,NOMINAL,NORMAL,0,
1642007700.0,1786271206.6730132,1,1.3923,0.2478,,1.245,0.0483,0.458,NOMINAL,NOMINAL,NORMAL,0,
1642008600.0,1786271206.7986948,1,1.8807,0.2577,,1.494,0.06,0.535,NOMINAL,NOMINAL,NORMAL,0,
1642009500.0,1786271206.925546,1,2.4451,0.3065,,1.677,0.4661,1.102,NOMINAL,NOMINAL,NORMAL,0,
1642010400.0,1786271207.0480528,1,1.4567,0.1672,,1.193,0.0453,0.432,NOMINAL,NOMINAL,NORMAL,0,
1642011300.0,1786271207.1741514,1,1.8551,0.1989,,1.789,0.0513,0.46,NOMINAL,NOMINAL,NORMAL,0,
1642012200.0,1786271207.2987587,1,2.0012,0.2181,,1.224,0.0407,0.384,NOMINAL,NOMINAL,NORMAL,0,
1642013100.0,1786271207.4253716,1,2.5057,0.4343,,2.197,0.0524,0.52,NOMINAL,NOMINAL,NORMAL,0,
1642014000.0,1786271207.5486717,1,1.7829,0.197,,1.451,0.054,0.486,NOMINAL,NOMINAL,NORMAL,0,
1642014900.0,1786271207.6732066,1,1.3625,0.2511,,1.272,0.0497,0.469,NOMINAL,NOMINAL,NORMAL,0,
1642015800.0,1786271207.798802,1,2.2102,0.2495,,1.158,0.0478,0.504,NOMINAL,NOMINAL,NORMAL,0,
1642016700.0,1786271207.923417,1,1.7919,0.1972,,1.397,0.0339,0.386,NOMINAL,NOMINAL,NORMAL,0,
1642017600.0,1786271208.0483096,1,1.755,0.1509,,1.161,0.0508,0.518,NOMINAL,NOMINAL,NORMAL,0,
1642018500.0,1786271208.174517,1,2.292,0.2054,,1.467,0.0559,0.502,NOMINAL,NOMINAL,NORMAL,0,
1642019400.0,1786271208.3000653,1,2.5276,0.3073,,1.733,0.0682,0.597,NOMINAL,NOMINAL,NORMAL,0,
1642020300.0,1786271208.4236553,1,1.8878,0.2524,,1.354,0.0709,0.616,NOMINAL,NOMINAL,NORMAL,0,
1642021200.0,1786271208.5495527,1,2.0859,0.202,,1.426,0.0533,0.468,NOMINAL,NOMINAL,TRIGGERED,1,omni_p6
1642022100.0,1786271208.6747873,1,2.3286,0.2981,,1.606,0.0672,0.589,NOMINAL,NOMINAL,NORMAL,0,
1642023000.0,1786271208.7997963,1,1.7557,0.3331,,2.365,0.0682,0.604,NOMINAL,NOMINAL,NORMAL,0,
1642023900.0,1786271208.9235651,1,1.8345,0.1988,,1.4,0.0514,0.452,NOMINAL,NOMINAL,NORMAL,0,
1642024800.0,1786271209.048016,1,1.6782,0.1471,,0.998,0.0482,0.483,NOMINAL,NOMINAL,NORMAL,0,
1642025700.0,1786271209.174383,1,2.7748,0.2493,,1.314,0.0489,0.446,NOMINAL,NOMINAL,NORMAL,0,
1642026600.0,1786271209.297862,1,1.7435,0.1985,,1.053,0.0358,0.315,NOMINAL,NOMINAL,TRIGGERED,1,omni_p6
1642027500.0,1786271209.425426,1,2.0445,0.2069,,1.898,0.0896,1.572,NOMINAL,PRE_ALERT,TRIGGERED,2,omni_p6
1642028400.0,1786271209.550385,1,1.8023,0.195,,1.451,0.0845,1.662,PRE_ALERT,NOMINAL,NORMAL,0,
1642029300.0,1786271209.6733723,1,1.7676,0.195,,1.414,0.0543,0.473,NOMINAL,NOMINAL,NORMAL,0,
1642030200.0,1786271209.798132,1,1.6699,0.3293,,1.348,0.05,0.463,NOMINAL,NOMINAL,NORMAL,0,
1642031100.0,1786271209.9230263,1,1.7024,0.1862,,1.407,0.0533,0.482,NOMINAL,NOMINAL,NORMAL,0,
1642032000.0,1786271210.051209,1,2.2983,0.2747,1.1536,1.765,0.0667,0.581,NOMINAL,NOMINAL,NORMAL,0,
1642032900.0,1786271210.1742163,1,2.5791,0.2332,,1.4,0.0524,0.457,NOMINAL,NOMINAL,TRIGGERED,1,omni_p6
1642033800.0,1786271210.2992067,1,1.7481,0.2361,,1.186,0.055,1.676,NOMINAL,PRE_ALERT,TRIGGERED,2,omni_p6
1642034700.0,1786271210.4255776,1,2.2991,0.2286,,1.519,0.1067,1.82,PRE_ALERT,NOMINAL,NORMAL,0,
1642035600.0,1786271210.5493374,1,1.7619,0.2391,,1.65,0.0699,0.626,NOMINAL,NOMINAL,NORMAL,0,
1642036500.0,1786271210.6745102,1,2.3524,0.2861,,1.762,0.0675,0.642,NOMINAL,NOMINAL,NORMAL,0,
1642037400.0,1786271210.7981138,1,1.6719,0.3372,,1.197,0.05,0.566,NOMINAL,NOMINAL,NORMAL,0,
1642038300.0,1786271210.923897,1,2.0074,0.2002,,1.458,0.0526,0.495,NOMINAL,NOMINAL,NORMAL,0,
1642039200.0,1786271211.0500324,1,2.2971,0.3126,,1.765,0.0682,0.603,NOMINAL,NOMINAL,TRIGGERED,1,omni_p6
1642040100.0,1786271211.1744723,1,1.9723,0.4601,,1.681,0.0657,0.585,NOMINAL,NOMINAL,NORMAL,0,
1642041000.0,1786271211.2993507,1,2.2869,0.3042,,1.756,0.0711,0.624,NOMINAL,NOMINAL,NORMAL,0,
1642041900.0,1786271211.4228687,1,1.7804,0.2462,,1.198,0.05,0.511,NOMINAL,NOMINAL,NORMAL,0,
1642042800.0,1786271211.5490677,1,2.3687,0.2338,,1.536,0.0551,0.502,NOMINAL,NOMINAL,NORMAL,0,
1642043700.0,1786271211.6735067,1,1.8045,0.2035,,1.445,0.0521,0.527,NOMINAL,NOMINAL,NORMAL,0,
1642044600.0,1786271211.7999787,1,2.3995,0.2462,,1.812,0.0578,0.565,NOMINAL,NOMINAL,NORMAL,0,
1642045500.0,1786271211.9241693,1,2.0735,0.2012,,1.433,0.0532,0.639,NOMINAL,NOMINAL,TRIGGERED,1,omni_p6
1642046400.0,1786271212.0502124,1,2.3781,0.2927,,1.856,0.0709,0.628,NOMINAL,NOMINAL,NORMAL,0,
1642047300.0,1786271212.1740372,1,2.1572,0.213,,1.519,0.0506,0.459,NOMINAL,NOMINAL,NORMAL,0,
1642048200.0,1786271212.2990322,1,1.9911,0.226,,1.542,0.0584,0.514,NOMINAL,NOMINAL,NORMAL,0,
1642049100.0,1786271212.4231372,1,1.8652,0.202,,1.061,0.0375,0.35,NOMINAL,NOMINAL,NORMAL,0,
1642050000.0,1786271212.5483377,1,1.9771,0.2429,,1.191,0.0513,0.498,NOMINAL,NOMINAL,NORMAL,0,
1642050900.0,1786271212.6743352,1,2.1897,0.2998,,1.782,0.0669,0.609,NOMINAL,NOMINAL,NORMAL,0,
1642051800.0,1786271212.7996612,1,2.4084,0.3,,1.585,0.0548,0.496,NOMINAL,NOMINAL,NORMAL,0,
1642052700.0,1786271212.923449,1,1.7983,0.2017,,1.448,0.0549,0.466,NOMINAL,NOMINAL,NORMAL,0,
1642053600.0,1786271213.0503209,1,2.3467,0.2889,,2.135,0.0667,0.609,NOMINAL,NOMINAL,NORMAL,0,
1642054500.0,1786271213.173097,1,1.7368,0.2414,,1.204,0.0493,0.504,NOMINAL,NOMINAL,NORMAL,0,
1642055400.0,1786271213.2991147,1,2.1699,0.3188,,1.483,0.065,0.577,NOMINAL,NOMINAL,NORMAL,0,
1642056300.0,1786271213.423334,1,1.9561,0.2156,,1.069,0.0348,0.324,NOMINAL,NOMINAL,NORMAL,0,
1642057200.0,1786271213.5481935,1,1.7784,0.2479,,1.126,0.0491,0.491,NOMINAL,NOMINAL,NORMAL,0,
1642058100.0,1786271213.673715,1,1.8743,0.2108,,1.341,0.0515,0.455,NOMINAL,NOMINAL,NORMAL,0,
1642059000.0,1786271213.799857,1,2.5496,0.3078,,1.44,0.0568,0.49,NOMINAL,NOMINAL,NORMAL,0,
1642059900.0,1786271213.9244912,1,2.3061,0.3051,,1.655,0.0671,0.664,NOMINAL,NOMINAL,NORMAL,0,
1642060800.0,1786271214.0501385,1,2.4082,0.3046,,1.694,0.0678,0.585,NOMINAL,NOMINAL,NORMAL,0,
1642061700.0,1786271214.173466,1,1.744,0.2455,,1.299,0.1858,0.741,NOMINAL,NOMINAL,TRIGGERED,1,omni_p6
1642062600.0,1786271214.2987533,1,1.7971,0.3052,,1.517,0.065,0.581,NOMINAL,NOMINAL,NORMAL,0,
1642063500.0,1786271214.4248648,1,2.4327,0.2859,,1.575,0.066,0.61,NOMINAL,NOMINAL,NORMAL,0,
1642064400.0,1786271214.5494468,1,2.535,0.1938,,1.374,0.054,0.464,NOMINAL,NOMINAL,NORMAL,0,
1642065300.0,1786271214.6730917,1,1.8324,0.2043,,1.083,0.0352,0.31,NOMINAL,NOMINAL,NORMAL,0,
1642066200.0,1786271214.8002043,1,2.4726,0.3023,,1.752,0.0854,0.686,NOMINAL,NOMINAL,NORMAL,0,
1642067100.0,1786271214.9234972,1,1.8721,0.2079,,1.143,0.0454,0.39,NOMINAL,NOMINAL,TRIGGERED,1,omni_p6
1642068000.0,1786271215.049671,1,1.6117,0.1534,,1.029,0.0754,2.131,NOMINAL,PRE_ALERT,TRIGGERED,2,omni_p6
1642068900.0,1786271215.17434,1,1.7575,0.1499,,1.07,0.0702,1.57,PRE_ALERT,NOMINAL,NORMAL,0,
1642069800.0,1786271215.2986317,1,1.7596,0.3001,,1.394,0.0609,0.557,NOMINAL,NOMINAL,NORMAL,0,
1642070700.0,1786271215.425022,1,2.4871,0.3077,,1.556,0.0638,0.591,NOMINAL,NOMINAL,NORMAL,0,
1642071600.0,1786271215.548388,1,1.8376,0.2568,,1.187,0.0491,0.511,NOMINAL,NOMINAL,NORMAL,0,
1642072500.0,1786271215.6739655,1,2.0211,0.312,,1.532,0.0564,0.545,NOMINAL,NOMINAL,NORMAL,0,
1642073400.0,1786271215.799807,1,2.4406,0.3113,,1.446,0.0524,0.487,NOMINAL,NOMINAL,TRIGGERED,1,omni_p6
1642074300.0,1786271215.9243217,1,1.8763,0.3068,,1.672,0.0677,0.907,NOMINAL,NOMINAL,NORMAL,0,
1642075200.0,1786271216.048025,1,1.7806,0.2003,,0.93,0.036,0.351,NOMINAL,NOMINAL,NORMAL,0,
1642076100.0,1786271216.1734843,1,1.4501,0.1545,,1.154,0.1306,1.147,NOMINAL,NOMINAL,NORMAL,0,
1642077000.0,1786271216.298964,1,1.7891,0.2653,,1.508,0.0666,0.858,NOMINAL,NOMINAL,NORMAL,0,
1642077900.0,1786271216.4253407,1,2.4069,0.2937,,1.678,0.0646,0.884,NOMINAL,NOMINAL,NORMAL,0,
1642078800.0,1786271216.5483084,1,1.7798,0.2554,,1.321,0.0511,0.49,NOMINAL,NOMINAL,TRIGGERED,1,omni_p6
1642079700.0,1786271216.6742234,1,1.7521,0.2048,,1.161,0.0808,1.463,NOMINAL,PRE_ALERT,TRIGGERED,2,omni_p6
1642080600.0,1786271216.7994785,1,1.6488,0.2886,,1.081,0.0732,2.155,PRE_ALERT,NOMINAL,NORMAL,0,
1642081500.0,1786271216.9238222,1,1.8274,0.2971,,1.58,0.0658,0.591,NOMINAL,NOMINAL,NORMAL,0,
1642082400.0,1786271217.0488071,1,1.8912,0.2108,,1.374,0.0554,0.478,NOMINAL,NOMINAL,NORMAL,0,
1642083300.0,1786271217.173802,1,1.7458,0.2451,,1.274,0.0479,0.807,NOMINAL,NOMINAL,NORMAL,0,
1642084200.0,1786271217.2986257,1,1.5631,0.9583,,1.162,0.0482,0.516,NOMINAL,NOMINAL,NORMAL,0,
1642085100.0,1786271217.4258661,1,2.3817,0.3086,,2.001,0.0681,0.643,NOMINAL,NOMINAL,TRIGGERED,1,omni_p6
1642086000.0,1786271217.5532537,1,1.7673,0.2567,,1.43,0.1105,4.986,NOMINAL,PRE_ALERT,TRIGGERED,2,omni_p6
1642086900.0,1786271217.674694,1,1.7585,0.1989,,1.373,0.0815,1.384,PRE_ALERT,NOMINAL,NORMAL,0,
1642087800.0,1786271217.7978005,1,1.4863,0.1894,,1.058,0.051,0.45,NOMINAL,NOMINAL,NORMAL,0,
1642088700.0,1786271217.9239047,1,2.0525,0.2141,,1.347,0.0501,0.469,NOMINAL,NOMINAL,NORMAL,0,
1642089600.0,1786271218.050207,1,2.3634,0.2981,,1.748,0.072,0.613,NOMINAL,NOMINAL,NORMAL,0,
1642090500.0,1786271218.173087,1,1.3214,0.227,,1.191,0.0482,0.607,NOMINAL,NOMINAL,NORMAL,0,
1642091400.0,1786271218.2988927,1,1.9315,0.2125,,1.423,0.0514,0.441,NOMINAL,NOMINAL,NORMAL,0,
1642092300.0,1786271218.4229574,1,1.5912,0.1521,,1.082,0.0491,0.443,NOMINAL,NOMINAL,NORMAL,0,
1642093200.0,1786271218.55009,1,2.4321,0.221,,1.836,0.052,0.496,NOMINAL,NOMINAL,NORMAL,0,
1642094100.0,1786271218.6733887,1,1.7534,0.1983,,1.382,0.053,0.46,NOMINAL,NOMINAL,NORMAL,0,
1642095000.0,1786271218.8002548,1,2.5006,0.3086,,1.602,0.0702,0.738,NOMINAL,NOMINAL,NORMAL,0,
1642095900.0,1786271218.9241579,1,2.2521,0.2277,,1.206,0.0523,0.484,NOMINAL,NOMINAL,NORMAL,0,
1642096800.0,1786271219.048595,1,1.875,0.2165,,1.416,0.0361,0.376,NOMINAL,NOMINAL,NORMAL,0,
1642097700.0,1786271219.1752005,1,2.3915,0.332,,1.779,0.0533,0.631,NOMINAL,NOMINAL,NORMAL,0,
1642098600.0,1786271219.2988725,1,2.0676,0.2289,,1.237,0.055,0.466,NOMINAL,NOMINAL,NORMAL,0,
1642099500.0,1786271219.4228446,1,1.7892,0.2,,0.861,0.0339,0.386,NOMINAL,NOMINAL,NORMAL,0,
1642100400.0,1786271219.5500412,1,2.3358,0.304,,1.759,0.0533,0.588,NOMINAL,NOMINAL,NORMAL,0,
1642101300.0,1786271219.6735322,1,1.7514,0.1966,,1.411,0.0543,0.485,NOMINAL,NOMINAL,NORMAL,0,
1642102200.0,1786271219.7998369,1,2.4113,0.3008,,1.491,0.0709,0.597,NOMINAL,NOMINAL,NORMAL,0,
1642103100.0,1786271219.9229245,1,1.6679,0.2512,,1.256,0.0472,0.451,NOMINAL,NOMINAL,NORMAL,0,
1642104000.0,1786271220.0496168,1,2.3153,0.3006,,1.796,0.059,0.58,NOMINAL,NOMINAL,NORMAL,0,
1642104900.0,1786271220.1752803,1,2.4078,0.3039,,1.816,0.1353,0.695,NOMINAL,NOMINAL,NORMAL,0,
1642105800.0,1786271220.298945,1,2.0569,0.2248,,1.305,0.0546,0.467,NOMINAL,NOMINAL,TRIGGERED,1,omni_p6
1642106700.0,1786271220.4232721,1,1.7511,0.1538,,0.995,0.0483,0.445,NOMINAL,NOMINAL,NORMAL,0,
1642107600.0,1786271220.5500367,1,2.3465,0.2517,,1.555,0.0541,0.479,NOMINAL,NOMINAL,NORMAL,0,
1642108500.0,1786271220.6735055,1,1.7891,0.1976,,1.371,0.0524,0.459,NOMINAL,NOMINAL,NORMAL,0,
1642109400.0,1786271220.798513,1,1.8219,0.2041,,1.276,0.0541,0.462,NOMINAL,NOMINAL,NORMAL,0,
1642110300.0,1786271220.923514,1,1.6819,0.2479,,1.263,0.049,0.726,NOMINAL,NOMINAL,NORMAL,0,
1642111200.0,1786271221.0493758,1,1.9732,0.2998,,1.89,0.0699,0.607,NOMINAL,NOMINAL,NORMAL,0,
1642112100.0,1786271221.1753645,1,2.4428,0.3094,,1.807,0.1172,0.776,NOMINAL,NOMINAL,TRIGGERED,1,omni_p6
1642113000.0,1786271221.3002946,1,2.0974,0.223,,1.157,0.0722,1.864,NOMINAL,PRE_ALERT,TRIGGERED,2,omni_p6
1642113900.0,1786271221.4248621,1,1.9392,0.2119,,0.902,0.068,2.085,PRE_ALERT,NOMINAL,NORMAL,0,
1642114800.0,1786271221.5483341,1,1.4921,0.2495,,1.149,0.0471,0.721,NOMINAL,NOMINAL,NORMAL,0,
1642115700.0,1786271221.6731436,1,1.8081,0.2513,,1.114,0.0487,0.458,NOMINAL,NOMINAL,NORMAL,0,
1642116600.0,1786271221.8003461,1,2.4191,0.2467,,2.005,0.0811,0.704,NOMINAL,NOMINAL,NORMAL,0,
1642117500.0,1786271221.9233038,1,1.4918,0.2519,,1.455,0.1013,0.576,NOMINAL,NOMINAL,NORMAL,0,
1642118400.0,1786271222.049105,1,1.7614,0.1851,0.7683,1.283,0.0359,0.325,NOMINAL,NOMINAL,TRIGGERED,1,omni_p6
1642119300.0,1786271222.1728783,1,1.4632,0.2466,,1.232,0.047,0.441,NOMINAL,NOMINAL,NORMAL,0,
1642120200.0,1786271222.29808,1,1.5102,0.5133,,1.233,0.0724,0.426,NOMINAL,NOMINAL,NORMAL,0,
1642121100.0,1786271222.4232993,1,1.9837,0.2158,,0.988,0.0394,0.372,NOMINAL,NOMINAL,NORMAL,0,
1642122000.0,1786271222.5489585,1,1.3988,0.2445,,1.196,0.0502,1.234,NOMINAL,NOMINAL,NORMAL,0,
1642122900.0,1786271222.6731353,1,1.8297,0.2526,,1.131,0.0481,0.452,NOMINAL,NOMINAL,NORMAL,0,
1642123800.0,1786271222.7981706,1,1.8924,0.1672,,0.96,0.0506,0.454,NOMINAL,NOMINAL,TRIGGERED,1,omni_p6
1642124700.0,1786271222.925236,1,1.4627,0.2561,,1.47,0.0757,2.325,NOMINAL,PRE_ALERT,TRIGGERED,2,omni_p6
1642125600.0,1786271223.0511649,1,1.7933,0.2738,,1.791,0.1091,2.703,PRE_ALERT,NOMINAL,NORMAL,0,
1642126500.0,1786271223.1751163,1,2.5118,0.3056,,1.652,0.0661,0.607,NOMINAL,NOMINAL,NORMAL,0,
1642127400.0,1786271223.2992969,1,2.3391,0.2184,,1.32,0.0536,0.478,NOMINAL,NOMINAL,NORMAL,0,
1642128300.0,1786271223.4243312,1,2.1027,0.306,,1.665,0.0686,0.679,NOMINAL,NOMINAL,NORMAL,0,
1642129200.0,1786271223.548184,1,1.806,0.2491,,1.146,0.0481,0.502,NOMINAL,NOMINAL,NORMAL,0,
1642130100.0,1786271223.673102,1,1.7739,0.2532,,1.137,0.0491,0.446,NOMINAL,NOMINAL,TRIGGERED,1,omni_p6
1642131000.0,1786271223.799433,1,1.8292,0.2214,,1.284,0.0878,1.453,NOMINAL,PRE_ALERT,TRIGGERED,2,omni_p6
1642131900.0,1786271223.9259562,1,2.4294,0.2455,,1.503,0.0853,1.776,PRE_ALERT,NOMINAL,NORMAL,0,
1642132800.0,1786271224.0469604,1,1.2556,0.1514,,0.955,0.0422,0.412,NOMINAL,NOMINAL,NORMAL,0,
1642133700.0,1786271224.173461,1,1.7749,0.1991,,1.369,0.0527,0.435,NOMINAL,NOMINAL,NORMAL,0,
1642134600.0,1786271224.2973852,1,1.3783,0.1883,,0.919,0.0289,0.281,NOMINAL,NOMINAL,NORMAL,0,
1642135500.0,1786271224.4232185,1,1.8119,0.2056,,1.124,0.0333,0.353,NOMINAL,NOMINAL,NORMAL,0,
1642136400.0,1786271224.5477679,1,1.7731,0.2407,,1.048,0.0447,0.401,NOMINAL,NOMINAL,NORMAL,0,
1642137300.0,1786271224.6731055,1,1.7745,0.2485,,1.173,0.0468,0.44,NOMINAL,NOMINAL,NORMAL,0,
1642138200.0,1786271224.7995002,1,2.4051,0.3019,,1.459,0.0676,0.603,NOMINAL,NOMINAL,NORMAL,0,
1642139100.0,1786271224.9248223,1,2.4148,0.2872,,1.633,0.0532,0.454,NOMINAL,NOMINAL,NORMAL,0,
1642140000.0,1786271225.0488617,1,1.7834,0.2475,,1.687,0.0677,0.596,NOMINAL,NOMINAL,NORMAL,0,
1642140900.0,1786271225.173706,1,1.7888,0.2014,,1.472,0.0522,0.568,NOMINAL,NOMINAL,NORMAL,0,
1642141800.0,1786271225.2980356,1,1.7525,0.3098,,1.176,0.0497,0.452,NOMINAL,NOMINAL,NORMAL,0,
1642142700.0,1786271225.4248166,1,2.4358,0.2968,,1.653,0.0679,0.744,NOMINAL,NOMINAL,NORMAL,0,
1642143600.0,1786271225.550234,1,2.3623,0.2961,,1.801,0.0677,0.725,NOMINAL,NOMINAL,NORMAL,0,
1642144500.0,1786271225.6738715,1,1.9244,0.2072,,1.408,0.0504,0.5,NOMINAL,NOMINAL,NORMAL,0,
1642145400.0,1786271225.799482,1,2.4296,0.2978,,1.606,0.0671,0.639,NOMINAL,NOMINAL,NORMAL,0,
1642146300.0,1786271225.9231927,1,1.8207,0.2477,,1.189,0.0498,0.448,NOMINAL,NOMINAL,TRIGGERED,1,omni_p6
1642147200.0,1786271226.0486956,1,1.7948,0.2068,,1.417,0.0552,0.456,NOMINAL,NOMINAL,NORMAL,0,
1642148100.0,1786271226.1728983,1,1.6294,0.1531,,1.081,0.0487,0.442,NOMINAL,NOMINAL,NORMAL,0,
1642149000.0,1786271226.299038,1,1.7853,0.253,,1.796,0.0721,0.671,NOMINAL,NOMINAL,NORMAL,0,
1642149900.0,1786271226.4232295,1,1.7808,0.2447,,1.154,0.0685,0.583,NOMINAL,NOMINAL,NORMAL,0,
1642150800.0,1786271226.5501783,1,2.3579,0.2964,,1.732,0.0667,0.744,NOMINAL,NOMINAL,NORMAL,0,
1642151700.0,1786271226.6742141,1,2.2995,0.2222,,1.353,0.0526,0.465,NOMINAL,NOMINAL,NORMAL,0,
1642152600.0,1786271226.799255,1,2.3525,0.3078,,1.486,0.0672,0.591,NOMINAL,NOMINAL,TRIGGERED,1,omni_p6
1642153500.0,1786271226.9253073,1,2.4406,0.3025,,2.079,0.0541,0.492,NOMINAL,NOMINAL,NORMAL,0,
1642154400.0,1786271227.0490212,1,1.7765,0.2046,,1.444,0.0542,0.476,NOMINAL,NOMINAL,NORMAL,0,
1642155300.0,1786271227.1729178,1,1.6694,0.1502,,1.048,0.0457,0.446,NOMINAL,NOMINAL,NORMAL,0,
1642156200.0,1786271227.3008575,1,2.9846,0.312,,1.781,0.0625,0.676,NOMINAL,NOMINAL,NORMAL,0,
1642157100.0,1786271227.4239097,1,1.8924,0.2097,,1.482,0.0564,0.499,NOMINAL,NOMINAL,NORMAL,0,
1642158000.0,1786271227.5482523,1,1.7573,0.2558,,1.221,0.0507,0.501,NOMINAL,NOMINAL,TRIGGERED,1,omni_p6
1642158900.0,1786271227.6761842,1,2.8472,0.2288,,1.452,0.0828,1.757,NOMINAL,PRE_ALERT,TRIGGERED,2,omni_p6
1642159800.0,1786271227.799619,1,1.8465,0.203,,1.095,0.0569,1.779,PRE_ALERT,NOMINAL,NORMAL,0,
1642160700.0,1786271227.9231951,1,1.8553,0.213,,1.07,0.0346,0.334,NOMINAL,NOMINAL,NORMAL,0,
1642161600.0,1786271228.048337,1,1.7511,0.2423,,1.171,0.0675,0.609,NOMINAL,NOMINAL,NORMAL,0,
1642162500.0,1786271228.1728985,1,1.6475,0.2288,,1.195,0.0461,0.432,NOMINAL,NOMINAL,NORMAL,0,
1642163400.0,1786271228.2990205,1,1.7488,0.2532,,2.024,0.059,0.481,NOMINAL,NOMINAL,NORMAL,0,
1642164300.0,1786271228.4225228,1,1.2542,0.1557,,1.128,0.0501,0.462,NOMINAL,NOMINAL,TRIGGERED,1,omni_p6
1642165200.0,1786271228.5504255,1,1.825,0.2109,,1.492,0.0836,2.003,NOMINAL,PRE_ALERT,TRIGGERED,2,omni_p6
1642166100.0,1786271228.6751175,1,1.782,0.2039,,1.551,0.0564,1.952,PRE_ALERT,NOMINAL,NORMAL,0,
1642167000.0,1786271228.7984557,1,1.8237,0.2062,,1.432,0.0364,0.323,NOMINAL,NOMINAL,NORMAL,0,
1642167900.0,1786271228.923877,1,1.8079,0.2478,,1.692,0.0689,0.616,NOMINAL,NOMINAL,NORMAL,0,
1642168800.0,1786271229.0479465,1,1.7627,0.2474,,1.191,0.0502,0.452,NOMINAL,NOMINAL,NORMAL,0,
1642169700.0,1786271229.174537,1,2.1582,0.3021,,2.105,0.0565,0.491,NOMINAL,NOMINAL,NORMAL,0,
1642170600.0,1786271229.2981944,1,1.4564,0.3096,,1.196,0.051,0.706,NOMINAL,NOMINAL,TRIGGERED,1,omni_p6
1642171500.0,1786271229.423229,1,1.7932,0.2446,,1.188,0.0505,0.507,NOMINAL,NOMINAL,NORMAL,0,
1642172400.0,1786271229.5494382,1,2.2871,0.207,,1.546,0.0518,0.485,NOMINAL,NOMINAL,NORMAL,0,
1642173300.0,1786271229.6732917,1,1.7001,0.1956,,1.431,0.0496,0.459,NOMINAL,NOMINAL,NORMAL,0,
1642174200.0,1786271229.7984686,1,1.8076,0.2045,,1.385,0.0569,0.466,NOMINAL,NOMINAL,NORMAL,0,
1642175100.0,1786271229.9228716,1,1.5811,0.2517,,1.18,0.0496,0.483,NOMINAL,NOMINAL,NORMAL,0,
1642176000.0,1786271230.0491233,1,2.0441,0.2039,,1.387,0.0554,0.468,NOMINAL,NOMINAL,NORMAL,0,
1642176900.0,1786271230.1743836,1,1.9271,0.316,,1.897,0.0521,0.48,NOMINAL,NOMINAL,TRIGGERED,1,omni_p6
1642177800.0,1786271230.298933,1,2.1927,0.2116,,1.449,0.0541,0.663,NOMINAL,NOMINAL,NORMAL,0,
1642178700.0,1786271230.422427,1,1.3059,0.1526,,0.922,0.0481,0.441,NOMINAL,NOMINAL,NORMAL,0,
1642179600.0,1786271230.5477118,1,1.7666,0.2525,,1.014,0.0407,0.393,NOMINAL,NOMINAL,NORMAL,0,
1642180500.0,1786271230.6733558,1,1.8954,0.2124,,1.339,0.0349,0.349,NOMINAL,NOMINAL,NORMAL,0,
1642181400.0,1786271230.798342,1,1.8889,0.2123,,1.109,0.0499,0.466,NOMINAL,NOMINAL,NORMAL,0,
1642182300.0,1786271230.9229043,1,1.5056,0.2598,,1.121,0.0476,0.46,NOMINAL,NOMINAL,NORMAL,0,
1642183200.0,1786271231.047796,1,1.7434,0.2471,,1.088,0.0471,0.441,NOMINAL,NOMINAL,NORMAL,0,
1642184100.0,1786271231.1739929,1,1.8262,0.3019,,1.865,0.0573,0.483,NOMINAL,NOMINAL,NORMAL,0,
1642185000.0,1786271231.2997847,1,2.0414,0.216,,1.463,0.0552,0.655,NOMINAL,NOMINAL,NORMAL,0,
1642185900.0,1786271231.4236455,1,1.5805,0.1561,,1.491,0.048,0.623,NOMINAL,NOMINAL,NORMAL,0,
1642186800.0,1786271231.5482283,1,1.7441,0.2464,,1.155,0.0489,0.527,NOMINAL,NOMINAL,NORMAL,0,
1642187700.0,1786271231.67278,1,1.6326,0.1521,,1.021,0.0493,0.467,NOMINAL,NOMINAL,NORMAL,0,
1642188600.0,1786271231.797708,1,1.8172,0.1498,,0.763,0.0471,0.435,NOMINAL,NOMINAL,NORMAL,0,
1642189500.0,1786271231.9244375,1,2.3343,0.2069,,1.423,0.0529,0.519,NOMINAL,NOMINAL,NORMAL,0,
1642190400.0,1786271232.0482433,1,1.7585,0.2455,,1.123,0.0486,0.481,NOMINAL,NOMINAL,NORMAL,0,
1642191300.0,1786271232.1739836,1,1.8201,0.2999,,1.815,0.0644,0.601,NOMINAL,NOMINAL,TRIGGERED,1,omni_p6
1642192200.0,1786271232.2995248,1,1.8773,0.3177,,2.107,0.0758,0.592,NOMINAL,NOMINAL,NORMAL,0,
1642193100.0,1786271232.4243,1,2.3794,0.2087,,1.525,0.0574,0.531,NOMINAL,NOMINAL,NORMAL,0,
1642194000.0,1786271232.548261,1,1.7575,0.2535,,1.162,0.0487,0.474,NOMINAL,NOMINAL,NORMAL,0,
1642194900.0,1786271232.6730049,1,1.8706,0.2438,,1.199,0.0468,0.436,NOMINAL,NOMINAL,NORMAL,0,
1642195800.0,1786271232.7982242,1,1.8392,0.2008,,1.022,0.0352,0.511,NOMINAL,NOMINAL,NORMAL,0,
1642196700.0,1786271232.9242334,1,2.1759,0.2038,,1.359,0.0504,0.517,NOMINAL,NOMINAL,NORMAL,0,
1642197600.0,1786271233.0484571,1,1.7695,0.2469,,1.336,0.0822,0.492,NOMINAL,NOMINAL,TRIGGERED,1,omni_p6
1642198500.0,1786271233.1735933,1,1.7824,0.21,,1.405,0.0516,0.595,NOMINAL,NOMINAL,NORMAL,0,
1642199400.0,1786271233.2991304,1,1.8506,0.2084,,1.339,0.0545,0.664,NOMINAL,NOMINAL,NORMAL,0,
1642200300.0,1786271233.4232042,1,1.7394,0.1568,,1.071,0.0498,0.456,NOMINAL,NOMINAL,NORMAL,0,
1642201200.0,1786271233.5480807,1,1.8449,0.2191,,0.895,0.0333,0.347,NOMINAL,NOMINAL,NORMAL,0,
1642202100.0,1786271233.6742902,1,1.816,0.301,,2.107,0.1159,0.594,NOMINAL,NOMINAL,NORMAL,0,
1642203000.0,1786271233.7983656,1,1.8362,0.2104,,1.096,0.0531,0.449,NOMINAL,NOMINAL,TRIGGERED,1,omni_p6
1642203900.0,1786271233.9258919,1,2.4601,0.2146,,1.351,0.0856,1.827,NOMINAL,PRE_ALERT,TRIGGERED,2,omni_p6
1642204800.0,1786271234.051267,1,1.742,0.232,0.9779,1.143,0.074,2.419,PRE_ALERT,NOMINAL,NORMAL,0,
1642205700.0,1786271234.1730611,1,1.8073,0.1548,,0.955,0.0489,0.536,NOMINAL,NOMINAL,NORMAL,0,
1642206600.0,1786271234.2980287,1,1.8423,0.257,,1.109,0.0475,0.435,NOMINAL,NOMINAL,NORMAL,0,
1642207500.0,1786271234.4244552,1,1.8471,0.202,,1.457,0.0529,0.613,NOMINAL,NOMINAL,NORMAL,0,
1642208400.0,1786271234.5483193,1,1.3649,0.2465,,1.204,0.0489,0.501,NOMINAL,NOMINAL,NORMAL,0,
1642209300.0,1786271234.6729226,1,1.6936,0.1531,,1.047,0.0481,0.478,NOMINAL,NOMINAL,TRIGGERED,1,omni_p6
1642210200.0,1786271234.8014143,1,1.744,0.3066,,1.749,0.1086,3.087,NOMINAL,PRE_ALERT,TRIGGERED,2,omni_p6
1642211100.0,1786271234.9259486,1,2.7903,0.2273,,1.463,0.0874,1.67,PRE_ALERT,NOMINAL,NORMAL,0,
1642212000.0,1786271235.0483758,1,1.7664,0.1988,,1.274,0.0566,0.348,NOMINAL,NOMINAL,NORMAL,0,
1642212900.0,1786271235.1731994,1,1.8199,0.2487,,1.283,0.05,0.476,NOMINAL,NOMINAL,NORMAL,0,
1642213800.0,1786271235.2973876,1,1.2506,0.156,,1.069,0.0492,0.436,NOMINAL,NOMINAL,NORMAL,0,
1642214700.0,1786271235.4242246,1,2.1261,0.2078,,1.444,0.0538,0.498,NOMINAL,NOMINAL,NORMAL,0,
1642215600.0,1786271235.548144,1,1.7699,0.2084,,1.13,0.0334,0.337,NOMINAL,NOMINAL,TRIGGERED,1,omni_p6
1642216500.0,1786271235.6731327,1,1.7512,0.2481,,1.201,0.048,0.457,NOMINAL,NOMINAL,NORMAL,0,
1642217400.0,1786271235.7981896,1,1.749,0.2489,,1.151,0.0489,0.541,NOMINAL,NOMINAL,NORMAL,0,
1642218300.0,1786271235.9242408,1,2.45,0.2446,,1.438,0.0527,0.492,NOMINAL,NOMINAL,NORMAL,0,
1642219200.0,1786271236.048634,1,1.7611,0.2024,,1.456,0.0527,0.467,NOMINAL,NOMINAL,NORMAL,0,
1642220100.0,1786271236.172539,1,1.2473,0.149,,1.059,0.1113,0.544,NOMINAL,NOMINAL,NORMAL,0,
1642221000.0,1786271236.2983298,1,2.0314,0.2427,,1.151,0.0492,0.452,NOMINAL,NOMINAL,NORMAL,0,
1642221900.0,1786271236.4238539,1,1.8195,0.2505,,1.67,0.0686,0.61,NOMINAL,NOMINAL,NORMAL,0,
1642222800.0,1786271236.5486531,1,1.7912,0.2113,,1.416,0.0547,0.476,NOMINAL,NOMINAL,NORMAL,0,
1642223700.0,1786271236.671988,1,1.2066,0.1525,,1.06,0.049,0.464,NOMINAL,NOMINAL,NORMAL,0,
1642224600.0,1786271236.7977593,1,1.7108,0.1556,,0.897,0.0459,0.447,NOMINAL,NOMINAL,NORMAL,0,
1642225500.0,1786271236.9232917,1,1.8409,0.2678,,1.211,0.0479,0.465,NOMINAL,NOMINAL,NORMAL,0,
1642226400.0,1786271237.048196,1,1.7737,0.2406,,1.16,0.049,0.475,NOMINAL,NOMINAL,NORMAL,0,
1642227300.0,1786271237.172955,1,1.33,0.2407,,1.242,0.0479,0.485,NOMINAL,NOMINAL,NORMAL,0,
1642228200.0,1786271237.2981138,1,1.3315,0.1794,,1.135,0.1475,0.571,NOMINAL,NOMINAL,NORMAL,0,
1642229100.0,1786271237.4233096,1,1.8119,0.248,,1.183,0.0498,0.55,NOMINAL,NOMINAL,NORMAL,0,
1642230000.0,1786271237.5482123,1,1.6384,0.1654,,1.103,0.0497,0.5,NOMINAL,NOMINAL,NORMAL,0,
1642230900.0,1786271237.6736736,1,1.88,0.2153,,1.213,0.049,0.45,NOMINAL,NOMINAL,NORMAL,0,
1642231800.0,1786271237.797934,1,1.7452,0.2557,,1.02,0.0467,0.435,NOMINAL,NOMINAL,TRIGGERED,1,omni_p6
1642232700.0,1786271237.9246986,1,2.5369,0.2582,,1.394,0.0522,0.474,NOMINAL,NOMINAL,NORMAL,0,
1642233600.0,1786271238.0482354,1,1.727,0.2412,,1.085,0.048,0.719,NOMINAL,NOMINAL,NORMAL,0,
1642234500.0,1786271238.1733232,1,1.7862,0.2044,,1.278,0.0354,0.342,NOMINAL,NOMINAL,NORMAL,0,
1642235400.0,1786271238.2994366,1,2.4636,0.2594,,1.241,0.0519,0.462,NOMINAL,NOMINAL,NORMAL,0,
1642236300.0,1786271238.4236484,1,1.8373,0.219,,1.463,0.0628,0.397,NOMINAL,NOMINAL,NORMAL,0,
1642237200.0,1786271238.548193,1,1.7928,0.2085,,0.992,0.0361,0.412,NOMINAL,NOMINAL,TRIGGERED,1,omni_p6
1642238100.0,1786271238.6752253,1,1.9981,0.2093,,1.348,0.0804,1.723,NOMINAL,PRE_ALERT,TRIGGERED,2,omni_p6
1642239000.0,1786271238.801087,1,2.2578,0.3096,,1.565,0.1053,2.471,PRE_ALERT,NOMINAL,NORMAL,0,
1642239900.0,1786271238.9234376,1,1.8492,0.2137,,1.307,0.0345,0.33,NOMINAL,NOMINAL,NORMAL,0,
1642240800.0,1786271239.0470161,1,1.2498,0.1533,,1.023,0.05,0.432,NOMINAL,NOMINAL,NORMAL,0,
1642241700.0,1786271239.1749547,1,1.9842,0.2091,,2.313,0.0545,0.814,NOMINAL,NOMINAL,NORMAL,0,
1642242600.0,1786271239.2981076,1,1.7608,0.2568,,1.145,0.0478,0.453,NOMINAL,NOMINAL,NORMAL,0,
1642243500.0,1786271239.4233923,1,1.8541,0.2133,,1.332,0.0518,0.459,NOMINAL,NOMINAL,TRIGGERED,1,omni_p6
1642244400.0,1786271239.5497062,1,1.821,0.2111,,0.902,0.075,2.112,NOMINAL,PRE_ALERT,TRIGGERED,2,omni_p6
1642245300.0,1786271239.6747994,1,1.7715,0.2478,,1.188,0.0733,2.11,PRE_ALERT,NOMINAL,NORMAL,0,
1642246200.0,1786271239.7989206,1,2.2696,0.2083,,1.032,0.052,0.454,NOMINAL,NOMINAL,NORMAL,0,
1642247100.0,1786271239.9236553,1,1.8487,0.2159,,1.38,0.0544,0.472,NOMINAL,NOMINAL,NORMAL,0,
1642248000.0,1786271240.047125,1,1.2898,0.1565,,1.053,0.0486,0.443,NOMINAL,NOMINAL,NORMAL,0,
1642248900.0,1786271240.173009,1,1.7397,0.2467,,1.113,0.0482,0.435,NOMINAL,NOMINAL,NORMAL,0,
1642249800.0,1786271240.3001723,1,2.4874,0.3164,,1.717,0.053,0.499,NOMINAL,NOMINAL,TRIGGERED,1,omni_p6
1642250700.0,1786271240.4243376,1,2.3138,0.4745,,1.652,0.0478,0.465,NOMINAL,NOMINAL,NORMAL,0,
1642251600.0,1786271240.5479908,1,1.3487,0.2453,,1.143,0.0939,0.496,NOMINAL,NOMINAL,NORMAL,0,
1642252500.0,1786271240.6748629,1,2.5149,0.2141,,1.444,0.0542,0.69,NOMINAL,NOMINAL,NORMAL,0,
1642253400.0,1786271240.7986,1,2.0307,0.2878,,1.145,0.0489,0.514,NOMINAL,NOMINAL,NORMAL,0,
1642254300.0,1786271240.9248912,1,2.5532,0.2912,,1.48,0.0519,0.806,NOMINAL,NOMINAL,NORMAL,0,
1642255200.0,1786271241.0472689,1,1.2429,0.3028,,1.142,0.0485,0.481,NOMINAL,NOMINAL,TRIGGERED,1,omni_p6
1642256100.0,1786271241.175591,1,2.1543,0.4496,,1.239,0.0753,2.259,NOMINAL,PRE_ALERT,TRIGGERED,2,omni_p6
1642257000.0,1786271241.2997527,1,1.4943,0.3236,,1.36,0.0771,2.03,PRE_ALERT,NOMINAL,NORMAL,0,
1642257900.0,1786271241.4235787,1,1.847,0.2009,,1.426,0.0553,0.472,NOMINAL,NOMINAL,NORMAL,0,
1642258800.0,1786271241.549136,1,1.8148,0.205,,1.5,0.0538,0.555,NOMINAL,NOMINAL,NORMAL,0,
1642259700.0,1786271241.672984,1,1.7237,0.241,,1.2,0.0482,0.446,NOMINAL,NOMINAL,NORMAL,0,
1642260600.0,1786271241.7980645,1,1.7128,0.3057,,1.215,0.0467,0.432,NOMINAL,NOMINAL,NORMAL,0,
1642261500.0,1786271241.9249437,1,2.388,0.3043,,1.79,0.0687,0.625,NOMINAL,NOMINAL,TRIGGERED,1,omni_p6
1642262400.0,1786271242.0491989,1,2.013,0.2055,,1.358,0.0495,0.812,NOMINAL,NOMINAL,NORMAL,0,
1642263300.0,1786271242.1726544,1,1.8275,0.1981,,0.959,0.0338,0.331,NOMINAL,NOMINAL,NORMAL,0,
1642264200.0,1786271242.2987633,1,1.8672,0.1557,,1.655,0.0501,0.46,NOMINAL,NOMINAL,NORMAL,0,
1642265100.0,1786271242.4245498,1,2.2832,0.3268,,1.858,0.0549,0.508,NOMINAL,NOMINAL,NORMAL,0,
1642266000.0,1786271242.5483084,1,1.4328,0.2518,,1.211,0.05,0.603,NOMINAL,NOMINAL,NORMAL,0,
1642266900.0,1786271242.6720636,1,1.2404,0.1606,,0.862,0.034,0.341,NOMINAL,NOMINAL,NORMAL,0,
1642267800.0,1786271242.7976701,1,1.2373,0.1583,,1.268,0.0761,0.853,NOMINAL,NOMINAL,NORMAL,0,
1642268700.0,1786271242.9227026,1,1.5484,0.2511,,1.096,0.0501,0.458,NOMINAL,NOMINAL,NORMAL,0,
1642269600.0,1786271243.0478134,1,1.2651,0.1598,,1.238,0.0486,0.456,NOMINAL,NOMINAL,NORMAL,0,
1642270500.0,1786271243.1733637,1,1.7672,0.1989,,1.261,0.0517,0.456,NOMINAL,NOMINAL,NORMAL,0,
1642271400.0,1786271243.2996125,1,2.2839,0.3229,,1.791,0.0682,0.683,NOMINAL,NOMINAL,NORMAL,0,
1642272300.0,1786271243.4230342,1,1.3423,0.2471,,1.248,0.0489,0.47,NOMINAL,NOMINAL,NORMAL,0,
1642273200.0,1786271243.5505085,1,2.3674,0.303,,1.747,0.0719,0.666,NOMINAL,NOMINAL,NORMAL,0,
1642274100.0,1786271243.6728396,1,1.6843,0.1673,,0.974,0.0354,0.335,NOMINAL,NOMINAL,NORMAL,0,
1642275000.0,1786271243.798683,1,2.0327,0.2212,,1.143,0.0525,0.452,NOMINAL,NOMINAL,NORMAL,0,
1642275900.0,1786271243.923032,1,1.8264,0.2566,,0.988,0.0456,0.491,NOMINAL,NOMINAL,NORMAL,0,
1642276800.0,1786271244.0487568,1,1.848,0.2496,,1.49,0.0673,0.66,NOMINAL,NOMINAL,NORMAL,0,
1642277700.0,1786271244.1729848,1,1.7451,0.2427,,1.112,0.0446,0.438,NOMINAL,NOMINAL,NORMAL,0,
1642278600.0,1786271244.2980797,1,1.8098,0.2075,,1.098,0.0364,0.328,NOMINAL,NOMINAL,NORMAL,0,
1642279500.0,1786271244.4227085,1,1.6256,0.2486,,1.069,0.0473,0.478,NOMINAL,NOMINAL,NORMAL,0,
1642280400.0,1786271244.548347,1,1.7807,0.2042,,1.091,0.044,0.446,NOMINAL,NOMINAL,NORMAL,0,
1642281300.0,1786271244.6730258,1,1.8552,0.2178,,0.949,0.0344,0.322,NOMINAL,NOMINAL,NORMAL,0,
1642282200.0,1786271244.7970176,1,1.1989,0.1554,,1.063,0.0475,0.452,NOMINAL,NOMINAL,TRIGGERED,1,omni_p6
1642283100.0,1786271244.9245698,1,1.4385,0.2514,,1.062,0.0735,2.216,NOMINAL,PRE_ALERT,TRIGGERED,2,omni_p6
1642284000.0,1786271245.0499504,1,1.6588,0.1617,,1.29,0.0758,2.122,PRE_ALERT,NOMINAL,NORMAL,0,
1642284900.0,1786271245.1730182,1,1.7192,0.2464,,1.131,0.0477,0.457,NOMINAL,NOMINAL,NORMAL,0,
1642285800.0,1786271245.29784,1,1.4677,0.1854,,1.109,0.0482,0.453,NOMINAL,NOMINAL,NORMAL,0,
1642286700.0,1786271245.4231966,1,1.7961,0.2492,,1.095,0.0631,0.565,NOMINAL,NOMINAL,NORMAL,0,
1642287600.0,1786271245.5482209,1,1.7552,0.2054,,1.192,0.0486,0.487,NOMINAL,NOMINAL,NORMAL,0,
1642288500.0,1786271245.6731358,1,1.8193,0.2314,,1.053,0.0344,0.323,NOMINAL,NOMINAL,TRIGGERED,1,omni_p6
1642289400.0,1786271245.7988753,1,1.2069,0.1566,,0.881,0.0731,2.046,NOMINAL,PRE_ALERT,TRIGGERED,2,omni_p6
1642290300.0,1786271245.9250782,1,1.447,0.1747,,1.145,0.0729,2.612,PRE_ALERT,NOMINAL,NORMAL,0,
1642291200.0,1786271246.0492628,1,1.8035,0.2391,1.0371,1.171,0.0502,0.459,NOMINAL,NOMINAL,NORMAL,0,
1642292100.0,1786271246.1732392,1,1.743,0.2081,,1.242,0.0509,0.447,NOMINAL,NOMINAL,NORMAL,0,
1642293000.0,1786271246.2991414,1,1.8378,0.1574,,0.945,0.0495,1.425,NOMINAL,NOMINAL,NORMAL,0,
1642293900.0,1786271246.4237971,1,1.7912,0.2481,,1.645,0.0677,0.613,NOMINAL,NOMINAL,TRIGGERED,1,omni_p6
1642294800.0,1786271246.5496635,1,1.7961,0.1546,,0.907,0.0734,2.119,NOMINAL,PRE_ALERT,TRIGGERED,2,omni_p6
1642295700.0,1786271246.674829,1,1.7643,0.2482,,1.478,0.0751,2.012,PRE_ALERT,NOMINAL,NORMAL,0,
1642296600.0,1786271246.7986238,1,1.8914,0.2158,,1.284,0.0545,0.516,NOMINAL,NOMINAL,NORMAL,0,
1642297500.0,1786271246.923878,1,1.8423,0.2508,,1.694,0.0664,0.605,NOMINAL,NOMINAL,NORMAL,0,
1642298400.0,1786271247.0485497,1,1.9128,0.2144,,0.905,0.0349,0.741,NOMINAL,NOMINAL,NORMAL,0,
1642299300.0,1786271247.173537,1,1.8338,0.2089,,1.376,0.0504,0.507,NOMINAL,NOMINAL,NORMAL,0,
1642300200.0,1786271247.297252,1,1.2393,0.1568,,1.152,0.0495,0.458,NOMINAL,NOMINAL,TRIGGERED,1,omni_p6
1642301100.0,1786271247.4255457,1,2.0873,0.2111,,1.472,0.0827,1.756,NOMINAL,PRE_ALERT,TRIGGERED,2,omni_p6
1642302000.0,1786271247.5509377,1,1.7627,0.2438,,1.392,0.1536,3.024,PRE_ALERT,NOMINAL,NORMAL,0,
1642302900.0,1786271247.6731246,1,1.2481,0.1549,,1.203,0.0506,0.878,NOMINAL,NOMINAL,NORMAL,0,
1642303800.0,1786271247.798205,1,1.7307,0.2478,,1.095,0.0499,0.647,NOMINAL,NOMINAL,NORMAL,0,
1642304700.0,1786271247.923185,1,1.8133,0.1967,,1.12,0.0465,0.441,NOMINAL,NOMINAL,NORMAL,0,
1642305600.0,1786271248.0497882,1,2.4518,0.2605,,1.451,0.0498,0.523,NOMINAL,NOMINAL,NORMAL,0,
1642306500.0,1786271248.1747813,1,2.3917,0.2359,,1.419,0.0518,0.502,NOMINAL,NOMINAL,NORMAL,0,
1642307400.0,1786271248.29961,1,1.8879,0.2097,,2.174,0.0526,0.47,NOMINAL,NOMINAL,TRIGGERED,1,omni_p6
1642308300.0,1786271248.4238288,1,1.8605,0.2067,,1.433,0.051,0.492,NOMINAL,NOMINAL,NORMAL,0,
1642309200.0,1786271248.5492399,1,2.1569,0.2139,,1.418,0.0531,0.463,NOMINAL,NOMINAL,NORMAL,0,
1642310100.0,1786271248.6731126,1,1.758,0.2038,,1.262,0.0333,0.304,NOMINAL,NOMINAL,NORMAL,0,
1642311000.0,1786271248.8000271,1,2.4636,0.3092,,1.593,0.0692,0.57,NOMINAL,NOMINAL,NORMAL,0,
1642311900.0,1786271248.9242837,1,1.8409,0.204,,1.642,0.0542,0.521,NOMINAL,NOMINAL,NORMAL,0,
1642312800.0,1786271249.050001,1,2.3511,0.2966,,1.651,0.0649,0.59,NOMINAL,NOMINAL,NORMAL,0,
1642313700.0,1786271249.173383,1,1.7405,0.2457,,1.162,0.0476,0.784,NOMINAL,NOMINAL,NORMAL,0,
1642314600.0,1786271249.2986681,1,1.8258,0.2056,,1.309,0.0505,0.511,NOMINAL,NOMINAL,NORMAL,0,
1642315500.0,1786271249.4255266,1,2.4289,0.2941,,2.105,0.0657,0.712,NOMINAL,NOMINAL,NORMAL,0,
1642316400.0,1786271249.548883,1,1.7643,0.2526,,1.791,0.0678,0.602,NOMINAL,NOMINAL,NORMAL,0,
1642317300.0,1786271249.673303,1,1.7607,0.1991,,1.361,0.0497,0.389,NOMINAL,NOMINAL,NORMAL,0,
1642318200.0,1786271249.7999737,1,2.4532,0.3094,,1.616,0.0583,0.549,NOMINAL,NOMINAL,NORMAL,0,
1642319100.0,1786271249.9245799,1,1.8761,0.3125,,2.147,0.0659,0.743,NOMINAL,NOMINAL,NORMAL,0,
1642320000.0,1786271250.0488515,1,1.7721,0.2004,,1.723,0.0551,0.471,NOMINAL,NOMINAL,NORMAL,0,
1642320900.0,1786271250.1732569,1,1.4174,0.3676,,1.443,0.0486,0.48,NOMINAL,NOMINAL,NORMAL,0,
1642321800.0,1786271250.2985578,1,1.7327,0.2506,,1.501,0.0676,0.585,NOMINAL,NOMINAL,NORMAL,0,
1642322700.0,1786271250.4251642,1,2.4014,0.3013,,1.727,0.0674,0.642,NOMINAL,NOMINAL,TRIGGERED,1,omni_p6
1642323600.0,1786271250.5500338,1,2.5458,0.2167,,1.331,0.053,0.906,NOMINAL,NOMINAL,NORMAL,0,
1642324500.0,1786271250.673628,1,1.7623,0.2036,,1.327,0.0517,0.738,NOMINAL,NOMINAL,NORMAL,0,
1642325400.0,1786271250.8000753,1,2.4395,0.3013,,1.701,0.063,0.569,NOMINAL,NOMINAL,NORMAL,0,
1642326300.0,1786271250.92393,1,1.815,0.2992,,1.718,0.0667,0.582,NOMINAL,NOMINAL,NORMAL,0,
1642327200.0,1786271251.049563,1,2.4075,0.2916,,1.473,0.0586,0.529,NOMINAL,NOMINAL,NORMAL,0,
1642328100.0,1786271251.1728575,1,1.6163,0.1538,,1.04,0.046,0.525,NOMINAL,NOMINAL,NORMAL,0,
1642329000.0,1786271251.2986324,1,1.7591,0.2578,,1.425,0.0633,0.659,NOMINAL,NOMINAL,TRIGGERED,1,omni_p6
1642329900.0,1786271251.4257596,1,2.4626,0.2989,,2.039,0.0698,1.144,NOMINAL,NOMINAL,NORMAL,0,
1642330800.0,1786271251.5489795,1,1.7274,0.2444,,1.901,0.07,0.633,NOMINAL,NOMINAL,NORMAL,0,
1642331700.0,1786271251.6750426,1,2.4496,0.3685,,1.999,0.0651,0.622,NOMINAL,NOMINAL,NORMAL,0,
1642332600.0,1786271251.7980413,1,1.8256,0.1511,,0.953,0.0483,0.449,NOMINAL,NOMINAL,NORMAL,0,
1642333500.0,1786271251.9232402,1,1.8046,0.2444,,1.164,0.0476,0.45,NOMINAL,NOMINAL,NORMAL,0,
1642334400.0,1786271252.0496473,1,2.4093,0.3142,,1.741,0.0677,0.598,NOMINAL,NOMINAL,TRIGGERED,1,omni_p6
1642335300.0,1786271252.1756217,1,1.7786,0.3006,,1.742,0.1181,2.398,NOMINAL,PRE_ALERT,TRIGGERED,2,omni_p6
1642336200.0,1786271252.3007672,1,2.6707,0.2534,,1.478,0.0935,1.863,PRE_ALERT,NOMINAL,NORMAL,0,
1642337100.0,1786271252.4251027,1,2.5143,0.3088,,1.831,0.0694,0.658,NOMINAL,NOMINAL,NORMAL,0,
1642338000.0,1786271252.5498006,1,2.6655,0.2198,,1.429,0.0528,0.491,NOMINAL,NOMINAL,NORMAL,0,
1642338900.0,1786271252.6733255,1,1.7584,0.2004,,1.323,0.0511,0.497,NOMINAL,NOMINAL,NORMAL,0,
1642339800.0,1786271252.79993,1,2.4066,0.2973,,1.582,0.0674,0.615,NOMINAL,NOMINAL,NORMAL,0,
1642340700.0,1786271252.9233372,1,1.8165,0.261,,1.215,0.0625,0.584,NOMINAL,NOMINAL,TRIGGERED,1,omni_p6
1642341600.0,1786271253.0523798,1,2.4204,0.3135,,1.886,0.1116,2.625,NOMINAL,PRE_ALERT,TRIGGERED,2,omni_p6
1642342500.0,1786271253.1765182,1,2.3685,0.3016,,1.789,0.0898,2.037,PRE_ALERT,NOMINAL,NORMAL,0,
1642343400.0,1786271253.299188,1,2.0315,0.3136,,1.614,0.0687,0.619,NOMINAL,NOMINAL,NORMAL,0,
1642344300.0,1786271253.4248357,1,2.505,0.3049,,1.736,0.068,0.654,NOMINAL,NOMINAL,NORMAL,0,
1642345200.0,1786271253.5483105,1,1.774,0.2458,,1.128,0.049,0.636,NOMINAL,NOMINAL,NORMAL,0,
1642346100.0,1786271253.6733055,1,1.7837,0.2006,,1.173,0.0508,0.506,NOMINAL,NOMINAL,NORMAL,0,
1642347000.0,1786271253.7978473,1,1.8298,0.2093,,0.798,0.0336,0.32,NOMINAL,NOMINAL,TRIGGERED,1,omni_p6
1642347900.0,1786271253.9234877,1,1.8851,0.2613,,1.209,0.0623,0.586,NOMINAL,NOMINAL,NORMAL,0,
1642348800.0,1786271254.0501153,1,2.3601,0.3006,,1.572,0.0671,0.738,NOMINAL,NOMINAL,NORMAL,0,
1642349700.0,1786271254.174627,1,2.3417,0.3029,,1.48,0.0544,0.539,NOMINAL,NOMINAL,NORMAL,0,
1642350600.0,1786271254.2989788,1,1.9113,0.2089,,1.248,0.05,0.465,NOMINAL,NOMINAL,NORMAL,0,
1642351500.0,1786271254.4242644,1,2.3397,0.3019,,1.477,0.064,0.647,NOMINAL,NOMINAL,NORMAL,0,
1642352400.0,1786271254.5513155,1,2.3732,1.0918,,2.131,0.0505,0.657,NOMINAL,NOMINAL,NORMAL,0,
1642353300.0,1786271254.6739905,1,1.9121,0.2433,,1.307,0.0616,0.833,NOMINAL,NOMINAL,NORMAL,0,
1642354200.0,1786271254.7981868,1,1.7998,0.2067,,1.2,0.0346,0.41,NOMINAL,NOMINAL,NORMAL,0,
1642355100.0,1786271254.9250221,1,2.7894,0.2062,,1.413,0.0581,0.639,NOMINAL,NOMINAL,NORMAL,0,
1642356000.0,1786271255.0486193,1,1.8005,0.2412,,1.431,0.0663,0.82,NOMINAL,NOMINAL,NORMAL,0,
1642356900.0,1786271255.1749663,1,2.588,0.3097,,1.542,0.067,0.57,NOMINAL,NOMINAL,NORMAL,0,
1642357800.0,1786271255.2996478,1,2.6129,0.2251,,1.313,0.0561,0.441,NOMINAL,NOMINAL,NORMAL,0,
1642358700.0,1786271255.4229734,1,1.951,0.1987,,0.952,0.0343,0.305,NOMINAL,NOMINAL,NORMAL,0,
1642359600.0,1786271255.549939,1,2.3316,0.308,,1.784,0.0581,0.556,NOMINAL,NOMINAL,NORMAL,0,
1642360500.0,1786271255.6737397,1,1.8655,0.2133,,1.366,0.0542,0.567,NOMINAL,NOMINAL,NORMAL,0,
1642361400.0,1786271255.7998426,1,2.4511,0.3014,,1.559,0.0691,0.599,NOMINAL,NOMINAL,NORMAL,0,
1642362300.0,1786271255.9244003,1,2.3174,0.2222,,1.436,0.0509,0.48,NOMINAL,NOMINAL,NORMAL,0,
1642363200.0,1786271256.048174,1,1.6924,0.1901,,1.327,0.0535,0.623,NOMINAL,NOMINAL,NORMAL,0,
1642364100.0,1786271256.1722295,1,1.1788,0.2332,,1.14,0.0478,0.49,NOMINAL,NOMINAL,NORMAL,0,
1642365000.0,1786271256.2983887,1,1.6615,0.279,,1.239,0.0673,0.751,NOMINAL,NOMINAL,NORMAL,0,
1642365900.0,1786271256.422908,1,1.6623,0.1894,,1.377,0.0349,0.512,NOMINAL,NOMINAL,NORMAL,0,
1642366800.0,1786271256.54731,1,1.4541,0.147,,1.047,0.0484,0.428,NOMINAL,NOMINAL,NORMAL,0,
1642367700.0,1786271256.6728938,1,1.8663,0.2432,,1.096,0.0445,0.43,NOMINAL,NOMINAL,TRIGGERED,1,omni_p6
1642368600.0,1786271256.7983599,1,1.8231,0.2083,,1.153,0.0759,0.634,NOMINAL,NOMINAL,NORMAL,0,
1642369500.0,1786271256.924682,1,2.37,0.2357,,1.809,0.0509,0.578,NOMINAL,NOMINAL,NORMAL,0,
1642370400.0,1786271257.0490365,1,1.7988,0.1982,,1.241,0.0845,1.04,NOMINAL,NOMINAL,NORMAL,0,
1642371300.0,1786271257.172829,1,1.2799,0.2422,,1.081,0.0468,0.755,NOMINAL,NOMINAL,NORMAL,0,
1642372200.0,1786271257.2983477,1,1.9445,0.2502,,1.172,0.0482,0.485,NOMINAL,NOMINAL,NORMAL,0,
1642373100.0,1786271257.4237592,1,1.8419,0.2108,,1.461,0.0359,0.558,NOMINAL,NOMINAL,TRIGGERED,1,omni_p6
1642374000.0,1786271257.550603,1,1.5174,0.1586,,1.128,0.0714,3.199,NOMINAL,PRE_ALERT,TRIGGERED,2,omni_p6
1642374900.0,1786271257.6746964,1,1.8152,0.2999,,1.481,0.0847,1.618,PRE_ALERT,NOMINAL,NORMAL,0,
1642375800.0,1786271257.8009968,1,3.1177,0.3079,,1.643,0.0685,0.919,NOMINAL,NOMINAL,NORMAL,0,
1642376700.0,1786271257.9247808,1,2.4158,0.24,,1.513,0.0514,0.581,NOMINAL,NOMINAL,NORMAL,0,
1642377600.0,1786271258.0506601,1,2.1736,0.3216,1.2659,1.67,0.0671,0.605,NOMINAL,NOMINAL,NORMAL,0,
1642378500.0,1786271258.1737432,1,1.5767,0.2102,,1.26,0.0635,1.331,NOMINAL,NOMINAL,NORMAL,0,
1642379400.0,1786271258.2999923,1,2.1669,0.2421,,1.24,0.0526,1.608,NOMINAL,NOMINAL,TRIGGERED,1,omni_p6
1642380300.0,1786271258.4257588,1,1.8358,0.2595,,1.476,0.0761,2.615,NOMINAL,PRE_ALERT,TRIGGERED,2,omni_p6
1642381200.0,1786271258.5499358,1,1.7949,0.202,,1.383,0.0831,1.71,PRE_ALERT,NOMINAL,NORMAL,0,
1642382100.0,1786271258.6728804,1,1.6442,0.153,,1.306,0.0496,0.485,NOMINAL,NOMINAL,NORMAL,0,
1642383000.0,1786271258.7990487,1,2.1638,0.2227,,1.326,0.0526,0.503,NOMINAL,NOMINAL,NORMAL,0,
1642383900.0,1786271258.9231384,1,1.8324,0.2478,,1.156,0.0486,0.448,NOMINAL,NOMINAL,NORMAL,0,
1642384800.0,1786271259.0486252,1,1.7439,0.2474,,1.46,0.0705,0.644,NOMINAL,NOMINAL,NORMAL,0,
1642385700.0,1786271259.1736708,1,1.8281,0.2046,,1.314,0.053,0.635,NOMINAL,NOMINAL,TRIGGERED,1,omni_p6
1642386600.0,1786271259.3008945,1,1.7076,0.291,,1.153,0.1031,3.361,NOMINAL,PRE_ALERT,TRIGGERED,2,omni_p6
1642387500.0,1786271259.4247944,1,1.9326,0.2315,,1.384,0.0542,1.489,PRE_ALERT,NOMINAL,NORMAL,0,
1642388400.0,1786271259.5486412,1,1.6609,0.275,,1.637,0.1137,0.729,NOMINAL,NOMINAL,NORMAL,0,
1642389300.0,1786271259.6733189,1,1.6341,0.2305,,1.494,0.0672,0.685,NOMINAL,NOMINAL,NORMAL,0,
1642390200.0,1786271259.7989392,1,2.0868,0.2106,,1.305,0.0549,0.442,NOMINAL,NOMINAL,NORMAL,0,
1642391100.0,1786271259.9228573,1,1.5682,0.1748,,1.311,0.0529,0.434,NOMINAL,NOMINAL,NORMAL,0,
1642392000.0,1786271260.0471025,1,1.2171,0.1515,,1.071,0.0491,0.449,NOMINAL,NOMINAL,TRIGGERED,1,omni_p6
1642392900.0,1786271260.1731348,1,1.7357,0.248,,1.162,0.0488,0.512,NOMINAL,NOMINAL,NORMAL,0,
1642393800.0,1786271260.3005958,1,2.5686,0.2742,,1.413,0.0562,1.291,NOMINAL,NOMINAL,NORMAL,0,
1642394700.0,1786271260.423623,1,1.9573,0.2144,,1.379,0.0512,0.459,NOMINAL,NOMINAL,NORMAL,0,
1642395600.0,1786271260.5473979,1,1.2832,0.2346,,1.128,0.0476,0.441,NOMINAL,NOMINAL,NORMAL,0,
1642396500.0,1786271260.673503,1,1.699,0.2439,,1.559,0.0672,0.595,NOMINAL,NOMINAL,NORMAL,0,
1642397400.0,1786271260.7992797,1,2.4136,0.2258,,1.294,0.0494,0.456,NOMINAL,NOMINAL,NORMAL,0,
1642398300.0,1786271260.9228852,1,1.5589,0.182,,1.232,0.0531,0.463,NOMINAL,NOMINAL,NORMAL,0,
1642399200.0,1786271261.0473487,1,1.2201,0.1528,,1.082,0.0481,0.445,NOMINAL,NOMINAL,NORMAL,0,
1642400100.0,1786271261.1734197,1,2.0338,0.2041,,1.286,0.0497,0.562,NOMINAL,NOMINAL,NORMAL,0,
1642401000.0,1786271261.2984235,1,1.6736,0.2798,,1.269,0.0482,0.925,NOMINAL,NOMINAL,NORMAL,0,
1642401900.0,1786271261.4233139,1,1.8208,0.2024,,1.225,0.0499,0.445,NOMINAL,NOMINAL,NORMAL,0,
1642402800.0,1786271261.547652,1,1.3311,0.2462,,1.068,0.0467,0.42,NOMINAL,NOMINAL,NORMAL,0,
1642403700.0,1786271261.6722786,1,1.441,0.1535,,0.877,0.0331,0.357,NOMINAL,NOMINAL,NORMAL,0,
1642404600.0,1786271261.7986479,1,1.8505,0.2132,,1.154,0.0751,0.701,NOMINAL,NOMINAL,NORMAL,0,
1642405500.0,1786271261.9240255,1,1.7725,0.2451,,1.467,0.1478,1.225,NOMINAL,NOMINAL,NORMAL,0,
1642406400.0,1786271262.0468874,1,1.2487,0.1515,,0.793,0.0465,0.664,NOMINAL,NOMINAL,NORMAL,0,
1642407300.0,1786271262.1729162,1,1.7456,0.2467,,1.125,0.0477,0.448,NOMINAL,NOMINAL,NORMAL,0,
1642408200.0,1786271262.298053,1,1.8346,0.2132,,1.1,0.0345,0.359,NOMINAL,NOMINAL,TRIGGERED,1,omni_p6
1642409100.0,1786271262.4226038,1,1.3627,0.2425,,1.208,0.0494,0.441,NOMINAL,NOMINAL,NORMAL,0,
1642410000.0,1786271262.5472233,1,1.264,0.1645,,0.982,0.047,0.528,NOMINAL,NOMINAL,NORMAL,0,
1642410900.0,1786271262.673284,1,1.6043,0.2047,,1.356,0.0489,0.7,NOMINAL,NOMINAL,NORMAL,0,
1642411800.0,1786271262.7982762,1,1.7358,0.349,,1.082,0.0489,0.582,NOMINAL,NOMINAL,NORMAL,0,
1642412700.0,1786271262.9226103,1,1.476,0.1722,,1.341,0.0532,0.472,NOMINAL,NOMINAL,NORMAL,0,
1642413600.0,1786271263.047832,1,1.6096,0.1425,,1.022,0.0476,0.716,NOMINAL,NOMINAL,TRIGGERED,1,omni_p6
1642414500.0,1786271263.17532,1,2.3542,0.2105,,1.339,0.0876,1.964,NOMINAL,PRE_ALERT,TRIGGERED,2,omni_p6
1642415400.0,1786271263.3000717,1,1.7403,0.3394,,1.098,0.0722,2.506,PRE_ALERT,NOMINAL,NORMAL,0,
1642416300.0,1786271263.4258327,1,2.3541,0.3175,,2.001,0.2768,1.198,NOMINAL,NOMINAL,NORMAL,0,
1642417200.0,1786271263.5482712,1,1.5825,0.178,,1.201,0.0512,0.778,NOMINAL,NOMINAL,NORMAL,0,
1642418100.0,1786271263.6724796,1,1.5275,0.1714,,0.931,0.0331,0.543,NOMINAL,NOMINAL,NORMAL,0,
1642419000.0,1786271263.7991264,1,1.7338,0.3028,,1.501,0.0766,0.839,NOMINAL,NOMINAL,NORMAL,0,
1642419900.0,1786271263.923366,1,1.736,0.242,,1.24,0.0622,0.902,NOMINAL,NOMINAL,TRIGGERED,1,omni_p6
1642420800.0,1786271264.0511332,1,2.178,0.1956,,1.41,0.0839,2.826,NOMINAL,PRE_ALERT,TRIGGERED,2,omni_p6
1642421700.0,1786271264.175249,1,1.8963,0.2011,,0.92,0.0525,2.507,PRE_ALERT,NOMINAL,NORMAL,0,
1642422600.0,1786271264.2982066,1,1.7752,0.244,,1.095,0.0459,0.551,NOMINAL,NOMINAL,NORMAL,0,
1642423500.0,1786271264.4244041,1,2.0328,0.2417,,2.04,0.0524,0.6,NOMINAL,NOMINAL,NORMAL,0,
1642424400.0,1786271264.5478969,1,1.7417,0.2423,,1.052,0.0488,0.455,NOMINAL,NOMINAL,NORMAL,0,
1642425300.0,1786271264.6728516,1,1.7139,0.2446,,1.191,0.0498,0.451,NOMINAL,NOMINAL,NORMAL,0,
1642426200.0,1786271264.7984197,1,1.8273,0.2059,,1.353,0.0535,0.467,NOMINAL,NOMINAL,TRIGGERED,1,omni_p6
1642427100.0,1786271264.9224622,1,1.2834,0.2345,,1.202,0.049,0.432,NOMINAL,NOMINAL,NORMAL,0,
1642428000.0,1786271265.0482204,1,1.7992,0.1748,,1.313,0.0549,0.543,NOMINAL,NOMINAL,NORMAL,0,
1642428900.0,1786271265.1741784,1,2.2237,0.2453,,1.442,0.0542,0.52,NOMINAL,NOMINAL,NORMAL,0,
1642429800.0,1786271265.2973554,1,1.3604,0.1423,,1.168,0.0515,0.447,NOMINAL,NOMINAL,NORMAL,0,
1642430700.0,1786271265.4221604,1,1.2471,0.1508,,1.099,0.0495,0.538,NOMINAL,NOMINAL,NORMAL,0,
1642431600.0,1786271265.5483072,1,1.5316,0.1966,,1.746,0.0557,0.513,NOMINAL,NOMINAL,TRIGGERED,1,omni_p6
1642432500.0,1786271265.675713,1,2.348,0.2421,,1.45,0.0861,1.849,NOMINAL,PRE_ALERT,TRIGGERED,2,omni_p6
1642433400.0,1786271265.8002865,1,1.7362,0.3037,,1.426,0.1057,2.45,PRE_ALERT,NOMINAL,NORMAL,0,
1642434300.0,1786271265.9227483,1,1.3511,0.2397,,1.166,0.0493,0.423,NOMINAL,NOMINAL,NORMAL,0,
1642435200.0,1786271266.0489945,1,1.753,0.2393,,1.798,0.0682,0.807,NOMINAL,NOMINAL,NORMAL,0,
1642436100.0,1786271266.1742263,1,2.3179,0.2431,,1.492,0.0532,0.483,NOMINAL,NOMINAL,NORMAL,0,
1642437000.0,1786271266.298237,1,1.4947,0.1764,,1.38,0.0484,0.586,NOMINAL,NOMINAL,NORMAL,0,
1642437900.0,1786271266.4230855,1,1.3038,0.1545,,1.27,0.0481,0.815,NOMINAL,NOMINAL,NORMAL,0,
1642438800.0,1786271266.5485525,1,1.8278,0.2425,,1.177,0.051,0.511,NOMINAL,NOMINAL,NORMAL,0,
1642439700.0,1786271266.6741061,1,2.2084,0.3078,,1.6,0.057,0.498,NOMINAL,NOMINAL,NORMAL,0,
1642440600.0,1786271266.7988296,1,1.9166,0.2261,,1.419,0.0546,0.537,NOMINAL,NOMINAL,NORMAL,0,
1642441500.0,1786271266.9228444,1,1.3921,0.2406,,1.158,0.0477,0.436,NOMINAL,NOMINAL,NORMAL,0,
1642442400.0,1786271267.048462,1,1.7391,0.2406,,1.301,0.0653,0.679,NOMINAL,NOMINAL,NORMAL,0,
1642443300.0,1786271267.174196,1,2.3264,0.2582,,1.419,0.0498,0.493,NOMINAL,NOMINAL,NORMAL,0,
1642444200.0,1786271267.2975142,1,1.309,0.1665,,1.249,0.057,0.493,NOMINAL,NOMINAL,NORMAL,0,
1642445100.0,1786271267.422668,1,1.2485,0.1553,,1.139,0.0493,0.458,NOMINAL,NOMINAL,NORMAL,0,
1642446000.0,1786271267.548744,1,1.8301,0.3055,,1.539,0.0507,0.507,NOMINAL,NOMINAL,NORMAL,0,
1642446900.0,1786271267.674496,1,2.0516,0.3033,,1.934,0.0529,0.67,NOMINAL,NOMINAL,NORMAL,0,
1642447800.0,1786271267.7987468,1,1.9326,0.2402,,1.328,0.0522,0.501,NOMINAL,NOMINAL,NORMAL,0,
1642448700.0,1786271267.9230719,1,1.5295,0.1585,,1.167,0.0467,0.597,NOMINAL,NOMINAL,NORMAL,0,
1642449600.0,1786271268.0480723,1,1.7426,0.248,,1.143,0.0474,0.426,NOMINAL,NOMINAL,NORMAL,0,
1642450500.0,1786271268.173078,1,1.7056,0.1521,,1.074,0.0481,0.465,NOMINAL,NOMINAL,NORMAL,0,
1642451400.0,1786271268.2976956,1,1.3811,0.1875,,1.055,0.0481,0.447,NOMINAL,NOMINAL,NORMAL,0,
1642452300.0,1786271268.423829,1,1.8622,0.2084,,1.661,0.0368,0.335,NOMINAL,NOMINAL,TRIGGERED,1,omni_p6
1642453200.0,1786271268.5498044,1,1.7699,0.2514,,1.186,0.079,2.14,NOMINAL,PRE_ALERT,TRIGGERED,2,omni_p6
1642454100.0,1786271268.675206,1,1.8175,0.2015,,1.737,0.0835,1.621,PRE_ALERT,NOMINAL,NORMAL,0,
1642455000.0,1786271268.7990458,1,2.128,0.2088,,1.672,0.0532,0.463,NOMINAL,NOMINAL,NORMAL,0,
1642455900.0,1786271268.9248092,1,2.4952,0.2553,,1.489,0.051,0.457,NOMINAL,NOMINAL,NORMAL,0,
1642456800.0,1786271269.0487444,1,2.1442,0.2115,,1.463,0.054,0.473,NOMINAL,NOMINAL,NORMAL,0,
1642457700.0,1786271269.1742718,1,1.9973,0.3066,,1.844,0.0651,0.611,NOMINAL,NOMINAL,NORMAL,0,
1642458600.0,1786271269.2984903,1,1.8125,0.2613,,1.454,0.0488,0.423,NOMINAL,NOMINAL,TRIGGERED,1,omni_p6
1642459500.0,1786271269.4255512,1,2.4894,0.2163,,1.451,0.0824,1.658,NOMINAL,PRE_ALERT,TRIGGERED,2,omni_p6
1642460400.0,1786271269.5503502,1,1.7511,0.2491,,1.178,0.0748,2.536,PRE_ALERT,NOMINAL,NORMAL,0,
1642461300.0,1786271269.674018,1,1.8297,0.2345,,1.388,0.0518,0.456,NOMINAL,NOMINAL,NORMAL,0,
1642462200.0,1786271269.7978559,1,1.8142,0.1513,,0.811,0.0463,0.437,NOMINAL,NOMINAL,NORMAL,0,
1642463100.0,1786271269.9231565,1,1.8849,0.2127,,0.94,0.0337,0.394,NOMINAL,NOMINAL,NORMAL,0,
1642464000.0,1786271270.0508397,1,1.9675,0.3163,1.1828,2.156,0.056,0.469,NOMINAL,NOMINAL,NORMAL,0,
1642464900.0,1786271270.174723,1,2.124,0.3016,,2.089,0.0658,0.701,NOMINAL,NOMINAL,TRIGGERED,1,omni_p6
1642465800.0,1786271270.3003104,1,1.8407,0.2554,,1.412,0.0762,2.181,NOMINAL,PRE_ALERT,TRIGGERED,2,omni_p6
1642466700.0,1786271270.4251401,1,1.8172,0.2103,,1.607,0.0541,1.676,PRE_ALERT,NOMINAL,NORMAL,0,
1642467600.0,1786271270.5482953,1,1.867,0.2536,,1.209,0.048,0.588,NOMINAL,NOMINAL,NORMAL,0,
1642468500.0,1786271270.6728983,1,1.2797,0.2409,,1.224,0.0483,0.429,NOMINAL,NOMINAL,NORMAL,0,
1642469400.0,1786271270.799063,1,2.0085,0.2286,,1.41,0.0543,0.475,NOMINAL,NOMINAL,NORMAL,0,
1642470300.0,1786271270.9225898,1,1.3296,0.252,,1.221,0.0488,0.479,NOMINAL,NOMINAL,TRIGGERED,1,omni_p6
1642471200.0,1786271271.0494978,1,1.4831,0.2537,,1.187,0.0732,2.06,NOMINAL,PRE_ALERT,TRIGGERED,2,omni_p6
1642472100.0,1786271271.175048,1,1.7502,0.2462,,1.473,0.0739,2.116,PRE_ALERT,NOMINAL,NORMAL,0,
1642473000.0,1786271271.2979968,1,1.6582,0.2874,,1.168,0.0468,0.42,NOMINAL,NOMINAL,NORMAL,0,
1642473900.0,1786271271.4235382,1,1.7705,0.2069,,1.446,0.0527,0.453,NOMINAL,NOMINAL,NORMAL,0,
1642474800.0,1786271271.5488033,1,1.7363,0.245,,1.673,0.0701,0.621,NOMINAL,NOMINAL,NORMAL,0,
1642475700.0,1786271271.6729217,1,1.585,0.1515,,1.098,0.0484,0.45,NOMINAL,NOMINAL,NORMAL,0,
1642476600.0,1786271271.7986772,1,2.0249,0.2084,,1.28,0.0507,0.482,NOMINAL,NOMINAL,TRIGGERED,1,omni_p6
1642477500.0,1786271271.924506,1,1.6902,0.2507,,1.184,0.072,2.114,NOMINAL,PRE_ALERT,TRIGGERED,2,omni_p6
1642478400.0,1786271272.0498285,1,1.7714,0.1963,,1.42,0.0859,1.624,PRE_ALERT,NOMINAL,NORMAL,0,
1642479300.0,1786271272.173163,1,1.7357,0.245,,1.215,0.047,0.468,NOMINAL,NOMINAL,NORMAL,0,
1642480200.0,1786271272.2989104,1,1.7771,0.2361,,1.139,0.0424,0.4,NOMINAL,NOMINAL,NORMAL,0,
1642481100.0,1786271272.4237812,1,1.8532,0.2042,,1.472,0.0534,0.481,NOMINAL,NOMINAL,NORMAL,0,
1642482000.0,1786271272.5488915,1,1.7485,0.2481,,1.77,0.0667,0.604,NOMINAL,NOMINAL,NORMAL,0,
1642482900.0,1786271272.6742516,1,2.2026,0.2545,,1.413,0.0502,0.443,NOMINAL,NOMINAL,NORMAL,0,
1642483800.0,1786271272.7992494,1,2.2321,0.299,,1.621,0.0677,0.596,NOMINAL,NOMINAL,NORMAL,0,
1642484700.0,1786271272.923764,1,1.8527,0.2122,,1.471,0.0569,0.49,NOMINAL,NOMINAL,NORMAL,0,
1642485600.0,1786271273.0481448,1,1.7473,0.2477,,1.168,0.0486,0.465,NOMINAL,NOMINAL,NORMAL,0,
1642486500.0,1786271273.1753147,1,2.5838,0.3078,,1.745,0.0656,0.618,NOMINAL,NOMINAL,NORMAL,0,
1642487400.0,1786271273.2983112,1,1.8262,0.2611,,1.194,0.0484,0.449,NOMINAL,NOMINAL,NORMAL,0,
1642488300.0,1786271273.4239252,1,1.9052,0.2181,,1.467,0.0539,0.479,NOMINAL,NOMINAL,NORMAL,0,
1642489200.0,1786271273.5489972,1,1.7925,0.3091,,1.737,0.0673,0.604,NOMINAL,NOMINAL,NORMAL,0,
1642490100.0,1786271273.6732984,1,1.6163,0.2532,,1.202,0.0483,0.423,NOMINAL,NOMINAL,NORMAL,0,
1642491000.0,1786271273.798739,1,2.0938,0.206,,1.368,0.0541,0.451,NOMINAL,NOMINAL,NORMAL,0,
1642491900.0,1786271273.9244459,1,2.1754,0.3138,,1.777,0.0656,0.662,NOMINAL,NOMINAL,NORMAL,0,
1642492800.0,1786271274.0486798,1,1.7926,0.2052,,1.374,0.051,0.454,NOMINAL,NOMINAL,TRIGGERED,1,omni_p6
1642493700.0,1786271274.173067,1,1.7441,0.2485,,1.2,0.0475,0.434,NOMINAL,NOMINAL,NORMAL,0,
1642494600.0,1786271274.2978644,1,1.8265,0.1661,,0.917,0.0343,0.312,NOMINAL,NOMINAL,NORMAL,0,
1642495500.0,1786271274.422382,1,1.3024,0.2406,,1.156,0.0492,0.435,NOMINAL,NOMINAL,NORMAL,0,
1642496400.0,1786271274.550399,1,2.3389,0.2971,,1.897,0.0677,0.994,NOMINAL,NOMINAL,TRIGGERED,1,omni_p6
1642497300.0,1786271274.6729095,1,1.3565,0.2484,,1.198,0.0479,0.44,NOMINAL,NOMINAL,NORMAL,0,
1642498200.0,1786271274.798512,1,2.1944,0.2154,,1.273,0.0497,0.44,NOMINAL,NOMINAL,NORMAL,0,
1642499100.0,1786271274.923387,1,1.8298,0.2068,,1.358,0.0348,0.326,NOMINAL,NOMINAL,TRIGGERED,1,omni_p6
1642500000.0,1786271275.0478883,1,1.6857,0.1542,,1.0,0.0481,0.436,NOMINAL,NOMINAL,NORMAL,0,
1642500900.0,1786271275.1733952,1,1.742,0.2406,,1.384,0.0679,0.591,NOMINAL,NOMINAL,NORMAL,0,
1642501800.0,1786271275.2986524,1,1.8666,0.2222,,1.613,0.0332,0.316,NOMINAL,NOMINAL,NORMAL,0,
1642502700.0,1786271275.4233637,1,1.8469,0.2452,,1.226,0.0506,0.448,NOMINAL,NOMINAL,NORMAL,0,
1642503600.0,1786271275.54881,1,1.8643,0.2151,,1.458,0.0356,0.519,NOMINAL,NOMINAL,NORMAL,0,
1642504500.0,1786271275.6748142,1,2.6003,0.2362,,1.486,0.0516,0.493,NOMINAL,NOMINAL,TRIGGERED,1,omni_p6
1642505400.0,1786271275.7988572,1,1.2268,0.1542,,1.23,0.0732,2.071,NOMINAL,PRE_ALERT,TRIGGERED,2,omni_p6
1642506300.0,1786271275.925321,1,2.1362,0.2149,,1.488,0.0846,1.698,PRE_ALERT,NOMINAL,NORMAL,0,
1642507200.0,1786271276.0491438,1,2.0022,0.2091,,1.449,0.0499,0.458,NOMINAL,NOMINAL,NORMAL,0,
1642508100.0,1786271276.173807,1,1.8752,0.2103,,1.462,0.0515,0.486,NOMINAL,NOMINAL,NORMAL,0,
1642509000.0,1786271276.298737,1,1.834,0.2617,,1.19,0.0469,0.971,NOMINAL,NOMINAL,NORMAL,0,
1642509900.0,1786271276.4233828,1,1.6681,0.2524,,1.473,0.0516,0.46,NOMINAL,NOMINAL,NORMAL,0,
1642510800.0,1786271276.5491824,1,1.8632,0.2138,,1.791,0.0545,0.504,NOMINAL,NOMINAL,TRIGGERED,1,omni_p6
1642511700.0,1786271276.6747248,1,1.4932,0.2592,,1.207,0.0731,2.083,NOMINAL,PRE_ALERT,TRIGGERED,2,omni_p6
1642512600.0,1786271276.7998915,1,1.9204,0.221,,1.358,0.0796,1.647,PRE_ALERT,NOMINAL,NORMAL,0,
1642513500.0,1786271276.923135,1,1.6023,0.2545,,1.24,0.0482,0.484,NOMINAL,NOMINAL,NORMAL,0,
1642514400.0,1786271277.0481567,1,1.771,0.2451,,1.162,0.0467,0.448,NOMINAL,NOMINAL,NORMAL,0,
1642515300.0,1786271277.1733737,1,1.7956,0.2002,,1.431,0.0328,0.357,NOMINAL,NOMINAL,NORMAL,0,
1642516200.0,1786271277.2990649,1,2.0355,0.1711,,1.221,0.0446,0.717,NOMINAL,NOMINAL,NORMAL,0,
1642517100.0,1786271277.4247615,1,2.3806,0.2574,,1.912,0.0542,0.477,NOMINAL,NOMINAL,TRIGGERED,1,omni_p6
1642518000.0,1786271277.54991,1,1.8076,0.1553,,0.959,0.0759,2.171,NOMINAL,PRE_ALERT,TRIGGERED,2,omni_p6
1642518900.0,1786271277.6758082,1,2.7119,0.2087,,1.376,0.0829,1.612,PRE_ALERT,NOMINAL,NORMAL,0,
1642519800.0,1786271277.79865,1,1.8202,0.204,,1.398,0.0509,0.442,NOMINAL,NOMINAL,NORMAL,0,
1642520700.0,1786271277.9234176,1,1.8064,0.2442,,1.307,0.0639,0.565,NOMINAL,NOMINAL,NORMAL,0,
1642521600.0,1786271278.04861,1,1.7479,0.2454,,1.451,0.0692,0.632,NOMINAL,NOMINAL,NORMAL,0,
1642522500.0,1786271278.1726434,1,1.4945,0.154,,0.926,0.0345,0.358,NOMINAL,NOMINAL,NORMAL,0,
1642523400.0,1786271278.299491,1,2.327,0.3,,1.676,0.0662,0.685,NOMINAL,NOMINAL,NORMAL,0,
1642524300.0,1786271278.4251907,1,2.4389,0.3029,,1.666,0.0545,0.557,NOMINAL,NOMINAL,NORMAL,0,
1642525200.0,1786271278.5495675,1,2.1742,0.3164,,1.793,0.0683,0.711,NOMINAL,NOMINAL,NORMAL,0,
1642526100.0,1786271278.6745887,1,2.3728,0.2996,,1.75,0.0685,0.67,NOMINAL,NOMINAL,NORMAL,0,
1642527000.0,1786271278.8000507,1,2.4248,0.2397,,1.383,0.0578,0.779,NOMINAL,NOMINAL,NORMAL,0,
1642527900.0,1786271278.9236937,1,1.8878,0.2125,,1.344,0.0486,0.47,NOMINAL,NOMINAL,NORMAL,0,
1642528800.0,1786271279.0480802,1,1.7987,0.2093,,1.067,0.0357,0.329,NOMINAL,NOMINAL,NORMAL,0,
1642529700.0,1786271279.1736002,1,1.7436,0.2537,,1.5,0.0704,0.65,NOMINAL,NOMINAL,NORMAL,0,
1642530600.0,1786271279.298455,1,1.8157,0.205,,1.4,0.1019,0.444,NOMINAL,NOMINAL,NORMAL,0,
1642531500.0,1786271279.4232466,1,1.9786,0.2467,,1.196,0.0493,0.556,NOMINAL,NOMINAL,NORMAL,0,
1642532400.0,1786271279.5485156,1,1.7761,0.2497,,1.437,0.0482,0.56,NOMINAL,NOMINAL,NORMAL,0,
1642533300.0,1786271279.6729488,1,1.7654,0.1938,,1.182,0.0336,0.362,NOMINAL,NOMINAL,NORMAL,0,
1642534200.0,1786271279.7982006,1,1.6375,0.2518,,1.314,0.0485,0.462,NOMINAL,NOMINAL,NORMAL,0,
1642535100.0,1786271279.924885,1,2.2325,0.3038,,2.061,0.0677,0.724,NOMINAL,NOMINAL,NORMAL,0,
1642536000.0,1786271280.0489013,1,1.7503,0.251,,1.694,0.068,0.609,NOMINAL,NOMINAL,NORMAL,0,
1642536900.0,1786271280.173053,1,1.7153,0.2416,,1.182,0.0485,0.492,NOMINAL,NOMINAL,NORMAL,0,
1642537800.0,1786271280.3003094,1,2.4454,0.3054,,1.972,0.0667,0.619,NOMINAL,NOMINAL,TRIGGERED,1,omni_p6
1642538700.0,1786271280.4232285,1,1.8458,0.2505,,1.201,0.0481,0.547,NOMINAL,NOMINAL,NORMAL,0,
1642539600.0,1786271280.5494316,1,1.7654,0.3083,,1.862,0.0706,0.945,NOMINAL,NOMINAL,NORMAL,0,
1642540500.0,1786271280.674878,1,2.368,0.2983,,1.611,0.0659,0.583,NOMINAL,NOMINAL,NORMAL,0,
1642541400.0,1786271280.7997415,1,2.3936,0.2982,,1.608,0.0534,0.492,NOMINAL,NOMINAL,NORMAL,0,
1642542300.0,1786271280.9247859,1,2.2592,0.3198,,2.042,0.0686,0.616,NOMINAL,NOMINAL,NORMAL,0,
1642543200.0,1786271281.050061,1,2.3386,0.2966,,1.708,0.0657,0.602,NOMINAL,NOMINAL,NORMAL,0,
1642544100.0,1786271281.1750393,1,2.3742,0.2449,,2.209,0.057,1.038,NOMINAL,NOMINAL,TRIGGERED,1,omni_p6
1642545000.0,1786271281.3005054,1,2.4674,0.3108,,1.881,0.0687,0.8,NOMINAL,NOMINAL,NORMAL,0,
1642545900.0,1786271281.4249222,1,2.4033,0.2989,,1.692,0.0701,0.595,NOMINAL,NOMINAL,NORMAL,0,
1642546800.0,1786271281.549297,1,1.7564,0.247,,2.116,0.069,0.653,NOMINAL,NOMINAL,NORMAL,0,
1642547700.0,1786271281.6752486,1,2.3494,0.3026,,1.923,0.0656,0.58,NOMINAL,NOMINAL,NORMAL,0,
1642548600.0,1786271281.7981393,1,1.6034,0.2493,,1.095,0.0465,0.439,NOMINAL,NOMINAL,NORMAL,0,
1642549500.0,1786271281.9239845,1,1.89,0.2249,,1.374,0.051,0.463,NOMINAL,NOMINAL,TRIGGERED,1,omni_p6
1642550400.0,1786271282.050839,1,1.7295,0.1481,0.6264,1.464,0.0771,2.107,NOMINAL,PRE_ALERT,TRIGGERED,2,omni_p6
1642551300.0,1786271282.1750665,1,1.7912,0.2505,,1.446,0.0712,2.082,PRE_ALERT,NOMINAL,NORMAL,0,
1642552200.0,1786271282.2999792,1,2.1877,0.2276,,1.581,0.0546,0.487,NOMINAL,NOMINAL,NORMAL,0,
1642553100.0,1786271282.4259849,1,2.4806,0.3042,,2.113,0.0688,0.954,NOMINAL,NOMINAL,NORMAL,0,
1642554000.0,1786271282.5491474,1,1.7696,0.25,,1.935,0.0669,0.617,NOMINAL,NOMINAL,NORMAL,0,
1642554900.0,1786271282.6733887,1,1.7776,0.1978,,1.185,0.033,0.318,NOMINAL,NOMINAL,NORMAL,0,
1642555800.0,1786271282.7997878,1,2.4276,0.3026,,1.515,0.0585,0.547,NOMINAL,NOMINAL,TRIGGERED,1,omni_p6
1642556700.0,1786271282.9252698,1,1.9652,0.2197,,1.43,0.0898,1.664,NOMINAL,PRE_ALERT,TRIGGERED,2,omni_p6
1642557600.0,1786271283.049522,1,1.7503,0.1495,,0.896,0.0698,2.004,PRE_ALERT,NOMINAL,NORMAL,0,
1642558500.0,1786271283.173105,1,1.7524,0.2475,,1.191,0.0476,0.425,NOMINAL,NOMINAL,NORMAL,0,
1642559400.0,1786271283.2987995,1,2.1148,0.2144,,1.343,0.0524,0.459,NOMINAL,NOMINAL,NORMAL,0,
1642560300.0,1786271283.423093,1,1.3582,0.2436,,1.203,0.0478,0.455,NOMINAL,NOMINAL,NORMAL,0,
1642561200.0,1786271283.5488203,1,1.7508,0.2478,,1.633,0.0677,0.617,NOMINAL,NOMINAL,NORMAL,0,
1642562100.0,1786271283.6733174,1,1.7939,0.2071,,1.345,0.0328,0.369,NOMINAL,NOMINAL,TRIGGERED,1,omni_p6
1642563000.0,1786271283.7992725,1,1.5936,0.2505,,1.179,0.0731,2.008,NOMINAL,PRE_ALERT,TRIGGERED,2,omni_p6
1642563900.0,1786271283.92591,1,1.8545,0.3084,,1.732,0.104,2.447,PRE_ALERT,NOMINAL,NORMAL,0,
1642564800.0,1786271284.0506153,1,2.3362,0.2982,,1.885,0.0627,0.545,NOMINAL,NOMINAL,NORMAL,0,
1642565700.0,1786271284.1734257,1,1.7551,0.2466,,1.368,0.0469,0.581,NOMINAL,NOMINAL,NORMAL,0,
1642566600.0,1786271284.3000932,1,2.4661,0.3086,,2.1,0.0667,0.57,NOMINAL,NOMINAL,NORMAL,0,
1642567500.0,1786271284.4230185,1,1.4414,0.151,,1.374,0.048,0.427,NOMINAL,NOMINAL,NORMAL,0,
1642568400.0,1786271284.5485744,1,1.755,0.2465,,1.193,0.064,0.806,NOMINAL,NOMINAL,NORMAL,0,
1642569300.0,1786271284.673461,1,1.7729,0.2077,,1.369,0.0523,0.473,NOMINAL,NOMINAL,NORMAL,0,
1642570200.0,1786271284.7979105,1,1.8429,0.2125,,0.88,0.0351,0.3,NOMINAL,NOMINAL,NORMAL,0,
1642571100.0,1786271284.923525,1,1.7929,0.2504,,1.389,0.0659,0.606,NOMINAL,NOMINAL,NORMAL,0,
1642572000.0,1786271285.0501864,1,2.3653,0.2972,,1.939,0.0676,0.581,NOMINAL,NOMINAL,NORMAL,0,
1642572900.0,1786271285.1751468,1,2.3517,0.3032,,1.53,0.0562,0.939,NOMINAL,NOMINAL,NORMAL,0,
1642573800.0,1786271285.2988443,1,2.2653,0.2243,,1.399,0.0588,0.478,NOMINAL,NOMINAL,NORMAL,0,
1642574700.0,1786271285.4259815,1,2.5868,0.2999,,1.698,0.0648,1.39,NOMINAL,NOMINAL,NORMAL,0,
1642575600.0,1786271285.547805,1,1.6935,0.2457,,1.154,0.0486,0.441,NOMINAL,NOMINAL,NORMAL,0,
1642576500.0,1786271285.673623,1,1.8326,0.2093,,1.409,0.0532,0.464,NOMINAL,NOMINAL,NORMAL,0,
1642577400.0,1786271285.7977216,1,1.7835,0.1502,,0.798,0.0473,0.386,NOMINAL,NOMINAL,NORMAL,0,
1642578300.0,1786271285.9233706,1,1.8166,0.2574,,1.199,0.0688,0.624,NOMINAL,NOMINAL,TRIGGERED,1,omni_p6
1642579200.0,1786271286.0496266,1,2.3584,0.3008,,1.721,0.0686,0.594,NOMINAL,NOMINAL,NORMAL,0,
1642580100.0,1786271286.1746702,1,2.3253,0.2999,,1.571,0.0572,0.481,NOMINAL,NOMINAL,NORMAL,0,
1642581000.0,1786271286.2991705,1,2.0002,0.2193,,1.596,0.0541,0.483,NOMINAL,NOMINAL,NORMAL,0,
1642581900.0,1786271286.4248614,1,2.4389,0.2967,,1.826,0.067,0.583,NOMINAL,NOMINAL,NORMAL,0,
1642582800.0,1786271286.5497928,1,2.3344,0.241,,1.619,0.0559,0.571,NOMINAL,NOMINAL,NORMAL,0,
1642583700.0,1786271286.6735394,1,1.7921,0.212,,1.381,0.0546,0.446,NOMINAL,NOMINAL,NORMAL,0,
1642584600.0,1786271286.7998958,1,2.4657,0.3048,,1.559,0.0683,0.587,NOMINAL,NOMINAL,TRIGGERED,1,omni_p6
1642585500.0,1786271286.9235082,1,1.7784,0.2491,,1.429,0.067,0.602,NOMINAL,NOMINAL,NORMAL,0,
1642586400.0,1786271287.0483944,1,1.787,0.2034,,1.323,0.035,0.37,NOMINAL,NOMINAL,NORMAL,0,
1642587300.0,1786271287.174987,1,2.3503,0.2945,,1.824,0.056,0.507,NOMINAL,NOMINAL,NORMAL,0,
1642588200.0,1786271287.2998176,1,2.3752,0.2484,,1.525,0.0636,0.542,NOMINAL,NOMINAL,NORMAL,0,
1642589100.0,1786271287.4253013,1,2.5031,0.3093,,1.797,0.0654,0.593,NOMINAL,NOMINAL,NORMAL,0,
1642590000.0,1786271287.54867,1,1.8,0.2564,,1.518,0.0502,0.471,NOMINAL,NOMINAL,TRIGGERED,1,omni_p6
1642590900.0,1786271287.6748695,1,1.8651,0.2131,,1.41,0.0867,1.663,NOMINAL,PRE_ALERT,TRIGGERED,2,omni_p6
1642591800.0,1786271287.7995048,1,1.7999,0.2023,,1.06,0.0546,1.774,PRE_ALERT,NOMINAL,NORMAL,0,
1642592700.0,1786271287.9243371,1,2.2355,0.2182,,1.41,0.0492,0.502,NOMINAL,NOMINAL,NORMAL,0,
1642593600.0,1786271288.0500557,1,2.3867,0.3054,,1.698,0.0668,0.577,NOMINAL,NOMINAL,NORMAL,0,
1642594500.0,1786271288.1749566,1,2.4519,0.2955,,1.606,0.0554,0.491,NOMINAL,NOMINAL,NORMAL,0,
1642595400.0,1786271288.2986946,1,1.9259,0.3116,,1.433,0.0536,0.468,NOMINAL,NOMINAL,NORMAL,0,
1642596300.0,1786271288.423913,1,1.8573,0.2082,,1.48,0.0571,0.47,NOMINAL,NOMINAL,TRIGGERED,1,omni_p6
1642597200.0,1786271288.549736,1,1.42,0.2576,,1.205,0.0728,2.093,NOMINAL,PRE_ALERT,TRIGGERED,2,omni_p6
1642598100.0,1786271288.6752594,1,1.7726,0.2452,,1.209,0.0878,2.53,PRE_ALERT,NOMINAL,NORMAL,0,
1642599000.0,1786271288.8001952,1,2.4329,0.2965,,1.77,0.0676,0.644,NOMINAL,NOMINAL,NORMAL,0,
1642599900.0,1786271288.924393,1,2.3289,0.2378,,1.33,0.054,0.482,NOMINAL,NOMINAL,NORMAL,0,
1642600800.0,1786271289.0485137,1,1.7883,0.2041,,1.354,0.0522,0.442,NOMINAL,NOMINAL,NORMAL,0,
1642601700.0,1786271289.1749222,1,2.3575,0.307,,1.645,0.0667,0.586,NOMINAL,NOMINAL,NORMAL,0,
1642602600.0,1786271289.299035,1,2.0196,0.2202,,1.373,0.0529,0.451,NOMINAL,NOMINAL,TRIGGERED,1,omni_p6
1642603500.0,1786271289.4250646,1,2.4001,0.2992,,1.731,0.0678,0.611,NOMINAL,NOMINAL,NORMAL,0,
1642604400.0,1786271289.5481012,1,1.2928,0.2425,,1.349,0.0466,0.427,NOMINAL,NOMINAL,NORMAL,0,
1642605300.0,1786271289.673067,1,1.746,0.2433,,1.204,0.0484,0.434,NOMINAL,NOMINAL,NORMAL,0,
1642606200.0,1786271289.798254,1,1.8229,0.2027,,1.39,0.0332,0.308,NOMINAL,NOMINAL,NORMAL,0,
1642607100.0,1786271289.924347,1,2.3419,0.2121,,1.377,0.0556,0.515,NOMINAL,NOMINAL,NORMAL,0,
1642608000.0,1786271290.0489054,1,1.8164,0.2086,,1.677,0.053,0.509,NOMINAL,NOMINAL,NORMAL,0,
1642608900.0,1786271290.1751926,1,2.3664,0.307,,1.976,0.0647,0.568,NOMINAL,NOMINAL,TRIGGERED,1,omni_p6
1642609800.0,1786271290.2990062,1,2.1038,0.2094,,1.382,0.055,0.471,NOMINAL,NOMINAL,NORMAL,0,
1642610700.0,1786271290.4231267,1,1.8053,0.2041,,1.243,0.0344,0.305,NOMINAL,NOMINAL,NORMAL,0,
1642611600.0,1786271290.5478423,1,1.3705,0.2356,,1.131,0.0475,0.442,NOMINAL,NOMINAL,NORMAL,0,
1642612500.0,1786271290.6735883,1,2.0171,0.2454,,1.273,0.0474,0.629,NOMINAL,NOMINAL,NORMAL,0,
1642613400.0,1786271290.799789,1,2.4296,0.3069,,1.494,0.0671,0.64,NOMINAL,NOMINAL,NORMAL,0,
1642614300.0,1786271290.9248378,1,2.424,0.2177,,1.374,0.0899,0.891,NOMINAL,NOMINAL,NORMAL,0,
1642615200.0,1786271291.0489864,1,1.7928,0.1995,,1.283,0.2163,1.017,NOMINAL,NOMINAL,NORMAL,0,
1642616100.0,1786271291.1726243,1,1.2739,0.2414,,1.177,0.049,0.452,NOMINAL,NOMINAL,NORMAL,0,
1642617000.0,1786271291.2991686,1,2.2255,0.2166,,1.343,0.0509,0.634,NOMINAL,NOMINAL,NORMAL,0,
1642617900.0,1786271291.42369,1,1.969,0.2063,,1.324,0.0468,0.441,NOMINAL,NOMINAL,NORMAL,0,
1642618800.0,1786271291.5482523,1,1.7935,0.151,,1.204,0.0487,0.493,NOMINAL,NOMINAL,NORMAL,0,
1642619700.0,1786271291.6734014,1,1.8171,0.2954,,1.436,0.0546,0.466,NOMINAL,NOMINAL,NORMAL,0,
1642620600.0,1786271291.798075,1,1.7995,0.1517,,1.143,0.048,0.435,NOMINAL,NOMINAL,NORMAL,0,
1642621500.0,1786271291.9248645,1,2.4897,0.2573,,1.535,0.0539,0.487,NOMINAL,NOMINAL,NORMAL,0,
1642622400.0,1786271292.0487587,1,1.7415,0.2429,,1.657,0.0646,0.576,NOMINAL,NOMINAL,NORMAL,0,
1642623300.0,1786271292.1727803,1,1.3779,0.1529,,1.171,0.0481,0.603,NOMINAL,NOMINAL,TRIGGERED,1,omni_p6
1642624200.0,1786271292.2978988,1,1.5674,0.3163,,1.14,0.0436,0.42,NOMINAL,NOMINAL,NORMAL,0,
1642625100.0,1786271292.4240534,1,1.8212,0.2658,,1.768,0.0685,0.629,NOMINAL,NOMINAL,NORMAL,0,
1642626000.0,1786271292.5499966,1,2.3735,0.3023,,1.746,0.0581,0.522,NOMINAL,NOMINAL,NORMAL,0,
1642626900.0,1786271292.6735725,1,1.9081,0.2061,,1.312,0.0518,0.438,NOMINAL,NOMINAL,NORMAL,0,
1642627800.0,1786271292.7978609,1,1.8404,0.2157,,0.83,0.0364,0.381,NOMINAL,NOMINAL,NORMAL,0,
1642628700.0,1786271292.9230466,1,1.7852,0.251,,1.114,0.0465,0.44,NOMINAL,NOMINAL,TRIGGERED,1,omni_p6
1642629600.0,1786271293.0500753,1,2.2125,0.2266,,1.386,0.0807,1.658,NOMINAL,PRE_ALERT,TRIGGERED,2,omni_p6
1642630500.0,1786271293.1749382,1,1.8746,0.2175,,1.374,0.0842,1.786,PRE_ALERT,NOMINAL,NORMAL,0,
1642631400.0,1786271293.298407,1,1.7958,0.2619,,1.169,0.0652,0.611,NOMINAL,NOMINAL,NORMAL,0,
1642632300.0,1786271293.4240441,1,2.288,0.2265,,1.435,0.0551,0.492,NOMINAL,NOMINAL,NORMAL,0,
1642633200.0,1786271293.5486841,1,1.8633,0.2245,,1.407,0.0518,0.528,NOMINAL,NOMINAL,NORMAL,0,
1642634100.0,1786271293.6738527,1,2.0489,0.2135,,1.364,0.0525,0.473,NOMINAL,NOMINAL,NORMAL,0,
1642635000.0,1786271293.7996786,1,2.4346,0.3079,,1.635,0.0683,0.589,NOMINAL,NOMINAL,TRIGGERED,1,omni_p6
1642635900.0,1786271293.925792,1,1.8239,0.2588,,1.549,0.0755,2.722,NOMINAL,PRE_ALERT,TRIGGERED,2,omni_p6
1642636800.0,1786271294.0511718,1,1.964,0.197,0.8128,1.448,0.0862,1.665,PRE_ALERT,NOMINAL,NORMAL,0,
1642637700.0,1786271294.173584,1,1.8399,0.2103,,1.388,0.0537,0.499,NOMINAL,NOMINAL,NORMAL,0,
1642638600.0,1786271294.297853,1,1.2911,0.2486,,1.12,0.0458,0.551,NOMINAL,NOMINAL,NORMAL,0,
1642639500.0,1786271294.424416,1,2.2686,0.3055,,1.692,0.0679,0.657,NOMINAL,NOMINAL,NORMAL,0,
1642640400.0,1786271294.5472925,1,1.2113,0.154,,0.987,0.0466,0.453,NOMINAL,NOMINAL,NORMAL,0,
1642641300.0,1786271294.6738827,1,2.0964,0.2084,,1.391,0.0506,0.447,NOMINAL,NOMINAL,TRIGGERED,1,omni_p6
1642642200.0,1786271294.7998881,1,1.8379,0.2066,,1.501,0.0815,1.633,NOMINAL,PRE_ALERT,TRIGGERED,2,omni_p6
1642643100.0,1786271294.9246175,1,1.7571,0.1558,,0.975,0.0701,2.06,PRE_ALERT,NOMINAL,NORMAL,0,
1642644000.0,1786271295.0487163,1,1.8097,0.2052,,1.33,0.0517,0.448,NOMINAL,NOMINAL,NORMAL,0,
1642644900.0,1786271295.1734624,1,1.8145,0.2014,,1.342,0.0503,0.549,NOMINAL,NOMINAL,NORMAL,0,
1642645800.0,1786271295.299561,1,2.3891,0.2272,,1.446,0.0543,0.567,NOMINAL,NOMINAL,NORMAL,0,
1642646700.0,1786271295.4237077,1,1.7892,0.2046,,1.311,0.0535,0.444,NOMINAL,NOMINAL,TRIGGERED,1,omni_p6
1642647600.0,1786271295.5524237,1,2.3495,0.3063,,1.612,0.1053,3.13,NOMINAL,PRE_ALERT,TRIGGERED,2,omni_p6
1642648500.0,1786271295.6755407,1,1.9305,0.2487,,1.36,0.1047,2.568,PRE_ALERT,NOMINAL,NORMAL,0,
1642649400.0,1786271295.7998946,1,2.463,0.2997,,1.549,0.0672,0.572,NOMINAL,NOMINAL,NORMAL,0,
1642650300.0,1786271295.9229116,1,1.6401,0.247,,1.365,0.0471,0.42,NOMINAL,NOMINAL,NORMAL,0,
1642651200.0,1786271296.0495937,1,1.7516,0.2906,,1.742,0.0637,1.226,NOMINAL,NOMINAL,NORMAL,0,
1642652100.0,1786271296.1742299,1,2.2208,0.3007,,1.649,0.0651,0.612,NOMINAL,NOMINAL,NORMAL,0,
1642653000.0,1786271296.297859,1,1.7931,0.1479,,0.927,0.0371,0.319,NOMINAL,NOMINAL,NORMAL,0,
1642653900.0,1786271296.4235609,1,1.7737,0.2047,,1.309,0.0494,0.594,NOMINAL,NOMINAL,NORMAL,0,
1642654800.0,1786271296.5513048,1,2.362,0.2958,,1.667,0.0661,1.914,NOMINAL,NOMINAL,NORMAL,0,
1642655700.0,1786271296.67442,1,2.1479,0.2182,,1.379,0.0532,0.488,NOMINAL,NOMINAL,NORMAL,0,
1642656600.0,1786271296.7999086,1,2.4252,0.3021,,1.585,0.0675,0.613,NOMINAL,NOMINAL,NORMAL,0,
1642657500.0,1786271296.9228227,1,1.5998,0.2502,,1.158,0.0496,0.452,NOMINAL,NOMINAL,NORMAL,0,
1642658400.0,1786271297.048178,1,1.7593,0.2464,,1.164,0.0505,0.484,NOMINAL,NOMINAL,NORMAL,0,
1642659300.0,1786271297.1741974,1,2.1453,0.3049,,1.629,0.0682,0.666,NOMINAL,NOMINAL,NORMAL,0,
1642660200.0,1786271297.2997112,1,1.9794,0.2325,,1.966,0.0867,0.596,NOMINAL,NOMINAL,NORMAL,0,
1642661100.0,1786271297.4258866,1,1.7571,0.2929,,1.76,0.0686,0.608,NOMINAL,NOMINAL,NORMAL,0,
1642662000.0,1786271297.5513961,1,2.3437,0.2987,,1.949,0.0678,0.736,NOMINAL,NOMINAL,NORMAL,0,
1642662900.0,1786271297.674873,1,2.0807,0.2101,,1.37,0.0526,0.461,NOMINAL,NOMINAL,NORMAL,0,
1642663800.0,1786271297.7993298,1,1.8189,0.204,,1.252,0.0535,0.466,NOMINAL,NOMINAL,TRIGGERED,1,omni_p6
1642664700.0,1786271297.9264545,1,1.8324,0.2569,,1.172,0.073,2.867,NOMINAL,PRE_ALERT,TRIGGERED,2,omni_p6
1642665600.0,1786271298.0513172,1,1.7587,0.2534,,1.196,0.27,2.569,PRE_ALERT,NOMINAL,NORMAL,0,
1642666500.0,1786271298.1740897,1,1.9477,0.2232,,0.89,0.0298,0.284,NOMINAL,NOMINAL,NORMAL,0,
1642667400.0,1786271298.2993808,1,1.8087,0.203,,1.289,0.0554,0.485,NOMINAL,NOMINAL,TRIGGERED,1,omni_p6
1642668300.0,1786271298.4249687,1,1.8574,0.2074,,1.438,0.0548,0.518,NOMINAL,NOMINAL,NORMAL,0,
1642669200.0,1786271298.550287,1,2.2931,0.2271,,1.325,0.0528,0.457,NOMINAL,NOMINAL,TRIGGERED,1,omni_p6
1642670100.0,1786271298.6764302,1,1.7323,0.2621,,1.111,0.074,2.782,NOMINAL,PRE_ALERT,TRIGGERED,2,omni_p6
1642671000.0,1786271298.7996993,1,2.048,0.2124,,1.197,0.0525,0.486,PRE_ALERT,PRE_ALERT,TRIGGERED,3,omni_p6
1642671900.0,1786271298.9251502,1,1.2447,0.1543,,1.077,0.0769,2.237,PRE_ALERT,NOMINAL,NORMAL,0,
1642672800.0,1786271299.0491726,1,1.7533,0.2482,,1.201,0.0493,0.461,NOMINAL,NOMINAL,NORMAL,0,
1642673700.0,1786271299.173594,1,1.4776,0.2576,,1.146,0.0467,0.452,NOMINAL,NOMINAL,TRIGGERED,1,omni_p6
1642674600.0,1786271299.2994692,1,1.8321,0.2051,,1.243,0.0485,0.475,NOMINAL,NOMINAL,NORMAL,0,
1642675500.0,1786271299.424038,1,1.2724,0.1536,,1.298,0.1719,0.6,NOMINAL,NOMINAL,TRIGGERED,1,omni_p6
1642676400.0,1786271299.5514305,1,1.7734,0.2522,,1.163,0.0709,2.763,NOMINAL,PRE_ALERT,TRIGGERED,2,omni_p6
1642677300.0,1786271299.6742778,1,1.8169,0.2117,,1.271,0.0339,0.326,PRE_ALERT,PRE_ALERT,TRIGGERED,3,omni_p6
1642678200.0,1786271299.80086,1,1.8569,0.218,,1.449,0.0869,1.658,PRE_ALERT,NOMINAL,NORMAL,0,
1642679100.0,1786271299.9236171,1,1.202,0.1523,,1.137,0.0489,0.477,NOMINAL,NOMINAL,NORMAL,0,
1642680000.0,1786271300.0491195,1,1.7472,0.2502,,1.241,0.0495,0.459,NOMINAL,NOMINAL,TRIGGERED,1,omni_p6
1642680900.0,1786271300.1764092,1,2.1228,0.3134,,1.692,0.0896,1.822,NOMINAL,PRE_ALERT,TRIGGERED,2,omni_p6
1642681800.0,1786271300.3003745,1,2.3494,0.3077,,1.696,0.054,0.51,PRE_ALERT,PRE_ALERT,TRIGGERED,3,omni_p6
1642682700.0,1786271300.4257488,1,1.3737,0.249,,1.191,0.0708,2.089,PRE_ALERT,ALERT,TRIGGERED,4,omni_p6
1642683600.0,1786271300.5506895,1,1.6186,0.1654,,1.078,0.0661,2.067,ALERT,NOMINAL,NORMAL,0,
1642684500.0,1786271300.674942,1,2.3505,0.248,,1.446,0.0519,0.448,NOMINAL,NOMINAL,NORMAL,0,
1642685400.0,1786271300.7989275,1,1.8342,0.1528,,0.846,0.0473,0.44,NOMINAL,NOMINAL,NORMAL,0,
1642686300.0,1786271300.9251137,1,2.112,0.2143,,1.262,0.0488,0.491,NOMINAL,NOMINAL,TRIGGERED,1,omni_p6
1642687200.0,1786271301.0507553,1,1.7733,0.2514,,1.175,0.0747,2.068,NOMINAL,PRE_ALERT,TRIGGERED,2,omni_p6
1642688100.0,1786271301.1746578,1,1.9004,0.2284,,1.31,0.0468,0.465,PRE_ALERT,PRE_ALERT,TRIGGERED,3,omni_p6
1642689000.0,1786271301.3009353,1,2.0928,0.209,,1.333,0.086,1.687,PRE_ALERT,ALERT,TRIGGERED,4,omni_p6
1642689900.0,1786271301.4265075,1,1.7242,0.2495,,1.545,0.1089,2.46,ALERT,NOMINAL,NORMAL,0,
1642690800.0,1786271301.5488718,1,1.6839,0.1596,,0.932,0.0348,0.339,NOMINAL,NOMINAL,NORMAL,0,
1642691700.0,1786271301.6740346,1,1.7207,0.3252,,1.25,0.0478,0.449,NOMINAL,NOMINAL,TRIGGERED,1,omni_p6
1642692600.0,1786271301.7996333,1,1.966,0.3013,,1.28,0.0601,0.567,NOMINAL,NOMINAL,NORMAL,0,
1642693500.0,1786271301.9261131,1,2.4345,0.3206,,1.627,0.0649,0.601,NOMINAL,NOMINAL,TRIGGERED,1,omni_p6
1642694400.0,1786271302.0490766,1,1.7248,0.1937,,1.114,0.0393,0.329,NOMINAL,NOMINAL,NORMAL,0,
1642695300.0,1786271302.1743457,1,1.7467,0.2254,,1.318,0.0503,0.463,NOMINAL,NOMINAL,TRIGGERED,1,omni_p6
1642696200.0,1786271302.3015687,1,2.3178,0.2671,,2.322,0.0537,0.512,NOMINAL,NOMINAL,NORMAL,0,
1642697100.0,1786271302.4249456,1,1.7129,0.2483,,1.791,0.0665,0.615,NOMINAL,NOMINAL,NORMAL,0,
1642698000.0,1786271302.5489638,1,1.4072,0.2481,,1.45,0.047,0.453,NOMINAL,NOMINAL,TRIGGERED,1,omni_p6
1642698900.0,1786271302.6746335,1,1.6714,0.1941,,1.488,0.0533,0.687,NOMINAL,NOMINAL,NORMAL,0,
1642699800.0,1786271302.7994974,1,1.7448,0.2365,,1.538,0.0655,0.591,NOMINAL,NOMINAL,NORMAL,0,
1642700700.0,1786271302.9250555,1,2.0936,0.2124,,1.385,0.0525,0.453,NOMINAL,NOMINAL,NORMAL,0,
1642701600.0,1786271303.0494852,1,1.7296,0.2091,,1.435,0.051,0.425,NOMINAL,NOMINAL,NORMAL,0,
1642702500.0,1786271303.175088,1,2.2139,0.2993,,1.592,0.0642,0.539,NOMINAL,NOMINAL,NORMAL,0,
1642703400.0,1786271303.2988408,1,1.6741,0.2398,,1.301,0.044,0.411,NOMINAL,NOMINAL,NORMAL,0,
1642704300.0,1786271303.4242153,1,1.7157,0.2435,,1.182,0.0454,0.501,NOMINAL,NOMINAL,TRIGGERED,1,omni_p6
1642705200.0,1786271303.549049,1,1.4186,0.2455,,1.5,0.0449,0.427,NOMINAL,NOMINAL,NORMAL,0,
1642706100.0,1786271303.673566,1,1.4578,0.1465,,0.984,0.0445,0.422,NOMINAL,NOMINAL,NORMAL,0,
1642707000.0,1786271303.7994294,1,1.7973,0.2003,,1.238,0.0498,0.44,NOMINAL,NOMINAL,NORMAL,0,
1642707900.0,1786271303.923954,1,1.7124,0.2383,,1.1,0.0441,0.518,NOMINAL,NOMINAL,NORMAL,0,
1642708800.0,1786271304.0493038,1,1.7336,0.2009,,1.312,0.0324,0.333,NOMINAL,NOMINAL,NORMAL,0,
1642709700.0,1786271304.17298,1,1.1625,0.1461,,1.05,0.0457,0.522,NOMINAL,NOMINAL,NORMAL,0,
1642710600.0,1786271304.2995737,1,1.7596,0.2395,,1.524,0.0666,0.641,NOMINAL,NOMINAL,NORMAL,0,
1642711500.0,1786271304.4248724,1,1.72,0.1945,,1.775,0.0503,0.492,NOMINAL,NOMINAL,NORMAL,0,
1642712400.0,1786271304.5495126,1,1.6773,0.2963,,1.596,0.0517,0.473,NOMINAL,NOMINAL,NORMAL,0,
1642713300.0,1786271304.6742198,1,1.7285,0.1895,,1.288,0.0488,0.429,NOMINAL,NOMINAL,NORMAL,0,
1642714200.0,1786271304.7994988,1,1.7371,0.2447,,1.561,0.0619,0.542,NOMINAL,NOMINAL,TRIGGERED,1,omni_p6
1642715100.0,1786271304.924171,1,1.7003,0.2358,,1.388,0.045,0.453,NOMINAL,NOMINAL,NORMAL,0,
1642716000.0,1786271305.0515115,1,2.1039,0.2299,,3.204,0.051,0.477,NOMINAL,NOMINAL,NORMAL,0,
1642716900.0,1786271305.1744816,1,1.7764,0.2065,,0.926,0.0341,0.934,NOMINAL,NOMINAL,NORMAL,0,
1642717800.0,1786271305.2991967,1,1.7387,0.1997,,1.346,0.0325,0.293,NOMINAL,NOMINAL,NORMAL,0,
1642718700.0,1786271305.4250398,1,1.9988,0.2032,,1.447,0.0493,0.452,NOMINAL,NOMINAL,NORMAL,0,
1642719600.0,1786271305.5510952,1,2.2997,0.2942,,2.002,0.0532,0.459,NOMINAL,NOMINAL,NORMAL,0,
1642720500.0,1786271305.6745472,1,1.806,0.1969,,1.393,0.05,0.436,NOMINAL,NOMINAL,TRIGGERED,1,omni_p6
1642721400.0,1786271305.7997534,1,1.8338,0.2045,,1.246,0.0508,0.647,NOMINAL,NOMINAL,NORMAL,0,
1642722300.0,1786271305.9257529,1,1.7215,0.2484,,2.682,0.0633,0.585,NOMINAL,NOMINAL,NORMAL,0,
1642723200.0,1786271306.0507755,1,1.7736,0.1969,1.3209,1.42,0.0526,0.465,NOMINAL,NOMINAL,NORMAL,0,
1642724100.0,1786271306.1749055,1,1.766,0.1952,,1.386,0.0513,0.943,NOMINAL,NOMINAL,NORMAL,0,
1642725000.0,1786271306.2983952,1,1.2169,0.1533,,1.014,0.0472,0.434,NOMINAL,NOMINAL,NORMAL,0,
1642725900.0,1786271306.4239697,1,1.7166,0.1973,,1.023,0.0338,0.309,NOMINAL,NOMINAL,TRIGGERED,1,omni_p6
1642726800.0,1786271306.5526857,1,2.3768,0.3968,,1.719,0.106,2.428,NOMINAL,PRE_ALERT,TRIGGERED,2,omni_p6
1642727700.0,1786271306.6748376,1,1.1749,0.1512,,1.011,0.0678,1.958,PRE_ALERT,NOMINAL,NORMAL,0,
1642728600.0,1786271306.7993538,1,1.8112,0.2026,,1.067,0.0471,0.422,NOMINAL,NOMINAL,NORMAL,0,
1642729500.0,1786271306.923812,1,1.782,0.2501,,1.068,0.0421,0.417,NOMINAL,NOMINAL,NORMAL,0,
1642730400.0,1786271307.0498054,1,1.8135,0.2859,,1.715,0.0495,0.489,NOMINAL,NOMINAL,NORMAL,0,
1642731300.0,1786271307.1749942,1,2.0603,0.2935,,1.538,0.0626,0.601,NOMINAL,NOMINAL,NORMAL,0,
1642732200.0,1786271307.301091,1,2.3008,0.2728,,1.779,0.062,0.595,NOMINAL,NOMINAL,TRIGGERED,1,omni_p6
1642733100.0,1786271307.4261255,1,1.7684,0.2098,,1.405,0.0544,1.949,NOMINAL,PRE_ALERT,TRIGGERED,2,omni_p6
1642734000.0,1786271307.5508296,1,1.6927,0.2443,,1.317,0.074,2.123,PRE_ALERT,NOMINAL,NORMAL,0,
1642734900.0,1786271307.6746387,1,1.8225,0.2034,,1.336,0.0516,0.506,NOMINAL,NOMINAL,NORMAL,0,
1642735800.0,1786271307.7992718,1,1.7613,0.1971,,1.399,0.0314,0.299,NOMINAL,NOMINAL,NORMAL,0,
1642736700.0,1786271307.9243267,1,1.7791,0.2105,,1.203,0.0337,0.342,NOMINAL,NOMINAL,NORMAL,0,
1642737600.0,1786271308.049274,1,1.6869,0.2408,,1.172,0.1574,0.677,NOMINAL,NOMINAL,NORMAL,0,
1642738500.0,1786271308.1742215,1,1.6939,0.2555,,1.275,0.0457,0.446,NOMINAL,NOMINAL,TRIGGERED,1,omni_p6
1642739400.0,1786271308.299209,1,1.7661,0.1947,,1.279,0.0349,0.315,NOMINAL,NOMINAL,NORMAL,0,
1642740300.0,1786271308.4261587,1,2.162,0.2118,,2.101,0.0524,0.506,NOMINAL,NOMINAL,NORMAL,0,
1642741200.0,1786271308.5496483,1,1.7613,0.1957,,1.38,0.0503,0.433,NOMINAL,NOMINAL,NORMAL,0,
1642742100.0,1786271308.6736553,1,1.3413,0.2426,,1.211,0.0451,0.43,NOMINAL,NOMINAL,NORMAL,0,
1642743000.0,1786271308.7989752,1,1.7277,0.242,,1.11,0.0472,0.441,NOMINAL,NOMINAL,NORMAL,0,
1642743900.0,1786271308.9258447,1,2.2549,0.2953,,1.642,0.0613,0.566,NOMINAL,NOMINAL,NORMAL,0,
1642744800.0,1786271309.0508175,1,2.2663,0.2961,,1.457,0.0532,0.719,NOMINAL,NOMINAL,NORMAL,0,
1642745700.0,1786271309.1753836,1,2.2252,0.31,,1.699,0.0624,0.572,NOMINAL,NOMINAL,NORMAL,0,
1642746600.0,1786271309.3008456,1,2.3276,0.2946,,1.719,0.0626,0.588,NOMINAL,NOMINAL,NORMAL,0,
1642747500.0,1786271309.4257526,1,2.4927,0.2334,,1.415,0.0589,0.599,NOMINAL,NOMINAL,NORMAL,0,
1642748400.0,1786271309.5498548,1,1.7643,0.304,,1.694,0.0623,0.572,NOMINAL,NOMINAL,NORMAL,0,
1642749300.0,1786271309.675695,1,2.3504,0.2961,,1.558,0.0621,0.557,NOMINAL,NOMINAL,NORMAL,0,
1642750200.0,1786271309.7995794,1,1.7147,0.2415,,1.58,0.0633,0.609,NOMINAL,NOMINAL,NORMAL,0,
1642751100.0,1786271309.9257445,1,2.2717,0.2929,,1.638,0.0617,0.59,NOMINAL,NOMINAL,NORMAL,0,
1642752000.0,1786271310.0508673,1,2.2899,0.2926,,1.612,0.0597,0.609,NOMINAL,NOMINAL,NORMAL,0,
1642752900.0,1786271310.175093,1,1.9641,0.2134,,1.398,0.0538,0.472,NOMINAL,NOMINAL,NORMAL,0,
1642753800.0,1786271310.3007488,1,2.3136,0.2915,,1.655,0.0636,0.587,NOMINAL,NOMINAL,NORMAL,0,
1642754700.0,1786271310.425792,1,2.5434,0.25,,1.477,0.0504,0.505,NOMINAL,NOMINAL,TRIGGERED,1,omni_p6
1642755600.0,1786271310.550786,1,2.4155,0.3106,,1.604,0.0653,0.6,NOMINAL,NOMINAL,NORMAL,0,
1642756500.0,1786271310.6742887,1,1.6899,0.2468,,1.295,0.0633,0.559,NOMINAL,NOMINAL,NORMAL,0,
1642757400.0,1786271310.7989779,1,1.742,0.2442,,1.061,0.0456,0.477,NOMINAL,NOMINAL,NORMAL,0,
1642758300.0,1786271310.9242318,1,1.7109,0.1973,,1.338,0.0297,0.316,NOMINAL,NOMINAL,NORMAL,0,
1642759200.0,1786271311.0490086,1,1.672,0.238,,1.159,0.0438,0.425,NOMINAL,NOMINAL,NORMAL,0,
1642760100.0,1786271311.1750746,1,1.8799,0.2094,,1.414,0.0495,0.454,NOMINAL,NOMINAL,TRIGGERED,1,omni_p6
1642761000.0,1786271311.3004909,1,1.7488,0.1484,,0.877,0.07,2.11,NOMINAL,PRE_ALERT,TRIGGERED,2,omni_p6
1642761900.0,1786271311.425748,1,1.6843,0.2413,,1.158,0.0721,2.124,PRE_ALERT,NOMINAL,NORMAL,0,
1642762800.0,1786271311.5507164,1,2.4564,0.3075,,1.635,0.0642,0.546,NOMINAL,NOMINAL,NORMAL,0,
1642763700.0,1786271311.674376,1,1.7568,0.2036,,1.376,0.047,0.443,NOMINAL,NOMINAL,NORMAL,0,
1642764600.0,1786271311.8002846,1,2.4224,0.2103,,1.285,0.0513,0.495,NOMINAL,NOMINAL,NORMAL,0,
1642765500.0,1786271311.9246058,1,1.7632,0.2015,,1.376,0.0491,0.547,NOMINAL,NOMINAL,NORMAL,0,
1642766400.0,1786271312.0489843,1,1.7933,0.2426,,1.185,0.0467,0.444,NOMINAL,NOMINAL,TRIGGERED,1,omni_p6
1642767300.0,1786271312.177395,1,1.6926,0.3006,,1.729,0.1037,3.134,NOMINAL,PRE_ALERT,TRIGGERED,2,omni_p6
1642768200.0,1786271312.3035345,1,2.6481,0.2582,,2.004,0.0985,2.305,PRE_ALERT,NOMINAL,NORMAL,0,
1642769100.0,1786271312.4242227,1,1.718,0.238,,1.176,0.0463,0.516,NOMINAL,NOMINAL,NORMAL,0,
1642770000.0,1786271312.5502486,1,2.3441,0.3514,,1.403,0.0616,0.558,NOMINAL,NOMINAL,NORMAL,0,
1642770900.0,1786271312.673972,1,1.4494,0.1799,,1.227,0.0462,0.485,NOMINAL,NOMINAL,NORMAL,0,
1642771800.0,1786271312.799238,1,1.8058,0.2685,,1.119,0.0447,0.548,NOMINAL,NOMINAL,NORMAL,0,
1642772700.0,1786271312.9256253,1,2.3853,0.3069,,1.7,0.0686,0.585,NOMINAL,NOMINAL,TRIGGERED,1,omni_p6
1642773600.0,1786271313.0503764,1,1.7091,0.1482,,0.878,0.0704,2.017,NOMINAL,PRE_ALERT,TRIGGERED,2,omni_p6
1642774500.0,1786271313.176693,1,1.9926,0.218,,1.628,0.082,1.625,PRE_ALERT,NOMINAL,NORMAL,0,
1642775400.0,1786271313.301206,1,2.3932,0.2866,,1.949,0.0624,0.549,NOMINAL,NOMINAL,NORMAL,0,
1642776300.0,1786271313.4243374,1,1.6947,0.237,,1.211,0.0462,0.488,NOMINAL,NOMINAL,NORMAL,0,
1642777200.0,1786271313.5503035,1,2.2019,0.304,,1.676,0.0629,0.559,NOMINAL,NOMINAL,NORMAL,0,
1642778100.0,1786271313.6756375,1,2.3237,0.2906,,1.591,0.0635,0.549,NOMINAL,NOMINAL,NORMAL,0,
1642779000.0,1786271313.7989333,1,1.8656,0.2452,,1.118,0.0462,0.45,NOMINAL,NOMINAL,TRIGGERED,1,omni_p6
1642779900.0,1786271313.92439,1,1.7477,0.2074,,1.281,0.0501,0.466,NOMINAL,NOMINAL,NORMAL,0,
1642780800.0,1786271314.051169,1,2.2956,0.2819,,1.981,0.0643,0.584,NOMINAL,NOMINAL,NORMAL,0,
1642781700.0,1786271314.1745749,1,1.6966,0.2925,,1.34,0.0677,0.812,NOMINAL,NOMINAL,NORMAL,0,
1642782600.0,1786271314.299117,1,1.7536,0.1878,,1.267,0.0317,0.295,NOMINAL,NOMINAL,NORMAL,0,
1642783500.0,1786271314.425517,1,2.2933,0.2796,,1.693,0.0755,0.539,NOMINAL,NOMINAL,NORMAL,0,
1642784400.0,1786271314.5492387,1,1.7392,0.241,,1.207,0.0452,0.563,NOMINAL,NOMINAL,NORMAL,0,
1642785300.0,1786271314.6737075,1,1.6971,0.1892,,0.852,0.0349,0.393,NOMINAL,NOMINAL,NORMAL,0,
1642786200.0,1786271314.7985854,1,1.5528,0.235,,1.049,0.0451,0.407,NOMINAL,NOMINAL,NORMAL,0,
1642787100.0,1786271314.924531,1,1.7443,0.1887,,1.365,0.05,0.497,NOMINAL,NOMINAL,NORMAL,0,
1642788000.0,1786271315.0488682,1,1.6987,0.1865,,1.108,0.0343,0.306,NOMINAL,NOMINAL,NORMAL,0,
1642788900.0,1786271315.1742733,1,1.6602,0.2912,,1.264,0.0683,0.619,NOMINAL,NOMINAL,NORMAL,0,
1642789800.0,1786271315.3001964,1,2.0633,0.2815,,1.697,0.0677,0.638,NOMINAL,NOMINAL,NORMAL,0,
1642790700.0,1786271315.4258146,1,2.264,0.2832,,1.682,0.0577,0.522,NOMINAL,NOMINAL,NORMAL,0,
1642791600.0,1786271315.5490952,1,1.7012,0.2427,,1.24,0.0453,0.427,NOMINAL,NOMINAL,NORMAL,0,
1642792500.0,1786271315.675861,1,2.3493,0.2837,,1.618,0.0619,0.68,NOMINAL,NOMINAL,NORMAL,0,
1642793400.0,1786271315.7990334,1,1.8074,0.234,,1.096,0.0478,0.426,NOMINAL,NOMINAL,NORMAL,0,
1642794300.0,1786271315.925907,1,2.1806,0.2976,,2.044,0.0643,0.596,NOMINAL,NOMINAL,NORMAL,0,
1642795200.0,1786271316.0511,1,2.2608,0.2899,,1.958,0.0637,0.563,NOMINAL,NOMINAL,NORMAL,0,
1642796100.0,1786271316.1745327,1,1.7119,0.2662,,1.197,0.0701,0.795,NOMINAL,NOMINAL,NORMAL,0,
1642797000.0,1786271316.3000438,1,1.9145,0.2054,,1.408,0.0535,0.592,NOMINAL,NOMINAL,NORMAL,0,
1642797900.0,1786271316.4244452,1,1.7608,0.1976,,1.345,0.0504,0.508,NOMINAL,NOMINAL,NORMAL,0,
1642798800.0,1786271316.5498655,1,1.9478,0.2047,,1.377,0.051,0.437,NOMINAL,NOMINAL,NORMAL,0,
1642799700.0,1786271316.6736937,1,1.6816,0.1923,,0.994,0.0327,0.305,NOMINAL,NOMINAL,TRIGGERED,1,omni_p6
1642800600.0,1786271316.8004978,1,2.3222,0.2825,,1.415,0.0853,0.519,NOMINAL,NOMINAL,NORMAL,0,
1642801500.0,1786271316.9253833,1,2.1238,0.3049,,1.767,0.0667,0.597,NOMINAL,NOMINAL,NORMAL,0,
1642802400.0,1786271317.0508676,1,2.318,0.2897,,1.61,0.0628,0.588,NOMINAL,NOMINAL,NORMAL,0,
1642803300.0,1786271317.175182,1,2.24,0.2111,,1.365,0.0513,0.502,NOMINAL,NOMINAL,NORMAL,0,
1642804200.0,1786271317.3000767,1,1.9335,0.2036,,1.497,0.0538,0.48,NOMINAL,NOMINAL,NORMAL,0,
1642805100.0,1786271317.4253602,1,2.1836,0.2031,,1.484,0.0492,0.454,NOMINAL,NOMINAL,TRIGGERED,1,omni_p6
1642806000.0,1786271317.5509155,1,1.7031,0.2394,,1.196,0.0711,2.047,NOMINAL,PRE_ALERT,TRIGGERED,2,omni_p6
1642806900.0,1786271317.6763682,1,1.7471,0.1893,,1.316,0.053,2.177,PRE_ALERT,NOMINAL,NORMAL,0,
1642807800.0,1786271317.7989814,1,1.7538,0.2369,,1.038,0.0457,0.481,NOMINAL,NOMINAL,NORMAL,0,
1642808700.0,1786271317.9252229,1,2.0251,0.2976,,1.703,0.0637,0.584,NOMINAL,NOMINAL,NORMAL,0,
1642809600.0,1786271318.0497751,1,1.5108,0.268,0.6976,1.129,0.0462,0.43,NOMINAL,NOMINAL,NORMAL,0,
1642810500.0,1786271318.1741297,1,1.7788,0.2401,,1.139,0.0464,0.406,NOMINAL,NOMINAL,NORMAL,0,
1642811400.0,1786271318.2990525,1,1.7348,0.1919,,1.234,0.0327,0.306,NOMINAL,NOMINAL,TRIGGERED,1,omni_p6
1642812300.0,1786271318.4258718,1,1.7321,0.2464,,1.239,0.0708,2.132,NOMINAL,PRE_ALERT,TRIGGERED,2,omni_p6
1642813200.0,1786271318.552678,1,2.1533,0.2822,,1.703,0.1028,3.0,PRE_ALERT,NOMINAL,NORMAL,0,
1642814100.0,1786271318.6738172,1,1.7542,0.1423,,0.852,0.0437,0.402,NOMINAL,NOMINAL,NORMAL,0,
1642815000.0,1786271318.8012776,1,2.5278,0.2462,,1.471,0.0533,0.933,NOMINAL,NOMINAL,NORMAL,0,
1642815900.0,1786271318.9254103,1,2.308,0.2896,,1.676,0.0642,0.591,NOMINAL,NOMINAL,NORMAL,0,
1642816800.0,1786271319.0487645,1,1.4146,0.2405,,1.143,0.0455,0.432,NOMINAL,NOMINAL,NORMAL,0,
1642817700.0,1786271319.1741633,1,1.728,0.2481,,1.135,0.061,0.55,NOMINAL,NOMINAL,TRIGGERED,1,omni_p6
1642818600.0,1786271319.2991028,1,1.738,0.186,,1.263,0.0326,0.281,NOMINAL,NOMINAL,NORMAL,0,
1642819500.0,1786271319.4260578,1,2.3031,0.2845,,1.829,0.0657,0.568,NOMINAL,NOMINAL,NORMAL,0,
1642820400.0,1786271319.5493736,1,1.7139,0.1914,,1.353,0.0491,0.422,NOMINAL,NOMINAL,NORMAL,0,
1642821300.0,1786271319.6759768,1,2.3285,0.2828,,1.598,0.0645,0.846,NOMINAL,NOMINAL,NORMAL,0,
1642822200.0,1786271319.7990716,1,1.7981,0.2372,,1.131,0.046,0.432,NOMINAL,NOMINAL,NORMAL,0,
1642823100.0,1786271319.9242904,1,1.7715,0.1979,,1.363,0.0558,0.481,NOMINAL,NOMINAL,NORMAL,0,
1642824000.0,1786271320.0488808,1,1.3197,0.2355,,1.489,0.0464,0.435,NOMINAL,NOMINAL,TRIGGERED,1,omni_p6
1642824900.0,1786271320.1741903,1,1.6958,0.3622,,1.209,0.0652,0.57,NOMINAL,NOMINAL,NORMAL,0,
1642825800.0,1786271320.2989497,1,1.7419,0.1896,,1.24,0.0341,0.307,NOMINAL,NOMINAL,NORMAL,0,
1642826700.0,1786271320.4260793,1,2.3234,0.2798,,1.861,0.06,0.566,NOMINAL,NOMINAL,NORMAL,0,
1642827600.0,1786271320.549617,1,1.7973,0.1908,,1.404,0.0518,0.436,NOMINAL,NOMINAL,NORMAL,0,
1642828500.0,1786271320.6756341,1,2.3333,0.2824,,1.621,0.0668,0.553,NOMINAL,NOMINAL,NORMAL,0,
1642829400.0,1786271320.8001842,1,2.3343,0.2303,,1.304,0.0523,0.466,NOMINAL,NOMINAL,NORMAL,0,
1642830300.0,1786271320.9248686,1,1.9419,0.2815,,1.647,0.0641,0.574,NOMINAL,NOMINAL,NORMAL,0,
1642831200.0,1786271321.048723,1,1.2708,0.2314,,1.244,0.0479,0.443,NOMINAL,NOMINAL,NORMAL,0,
1642832100.0,1786271321.1749783,1,2.2467,0.1927,,1.412,0.0537,0.467,NOMINAL,NOMINAL,NORMAL,0,
1642833000.0,1786271321.3007715,1,2.3138,0.2811,,1.673,0.066,0.717,NOMINAL,NOMINAL,NORMAL,0,
1642833900.0,1786271321.4237897,1,1.6863,0.2359,,1.191,0.0468,0.446,NOMINAL,NOMINAL,NORMAL,0,
1642834800.0,1786271321.5496018,1,1.6807,0.231,,1.698,0.0648,0.592,NOMINAL,NOMINAL,NORMAL,0,
1642835700.0,1786271321.673855,1,1.7014,0.2194,,1.201,0.0334,0.299,NOMINAL,NOMINAL,NORMAL,0,
1642836600.0,1786271321.8006167,1,2.3254,0.2871,,1.59,0.0554,0.575,NOMINAL,NOMINAL,NORMAL,0,
1642837500.0,1786271321.9249864,1,1.8688,0.2825,,1.777,0.0663,0.612,NOMINAL,NOMINAL,NORMAL,0,
1642838400.0,1786271322.0487936,1,1.5038,0.1443,,1.157,0.0473,0.473,NOMINAL,NOMINAL,NORMAL,0,
1642839300.0,1786271322.1752548,1,2.3007,0.2315,,1.44,0.0578,0.514,NOMINAL,NOMINAL,TRIGGERED,1,omni_p6
1642840200.0,1786271322.3007152,1,1.8344,0.2073,,1.5,0.0871,1.498,NOMINAL,PRE_ALERT,TRIGGERED,2,omni_p6
1642841100.0,1786271322.4279153,1,2.3558,0.2838,,1.815,0.1105,2.246,PRE_ALERT,NOMINAL,NORMAL,0,
1642842000.0,1786271322.5499158,1,1.7631,0.2796,,1.735,0.0646,0.579,NOMINAL,NOMINAL,NORMAL,0,
1642842900.0,1786271322.6741574,1,1.7006,0.2351,,1.339,0.0524,0.451,NOMINAL,NOMINAL,NORMAL,0,
1642843800.0,1786271322.7992854,1,1.7361,0.2343,,1.379,0.0503,0.497,NOMINAL,NOMINAL,NORMAL,0,
1642844700.0,1786271322.924389,1,1.7212,0.1878,,1.382,0.0512,0.5,NOMINAL,NOMINAL,NORMAL,0,
1642845600.0,1786271323.048742,1,1.5293,0.1461,,1.117,0.0472,0.445,NOMINAL,NOMINAL,TRIGGERED,1,omni_p6
1642846500.0,1786271323.1732805,1,1.4684,0.1423,,0.913,0.0337,0.304,NOMINAL,NOMINAL,NORMAL,0,
1642847400.0,1786271323.300697,1,2.3328,0.2776,,1.785,0.0671,0.667,NOMINAL,NOMINAL,NORMAL,0,
1642848300.0,1786271323.4237728,1,1.2786,0.2283,,1.208,0.0466,0.453,NOMINAL,NOMINAL,NORMAL,0,
1642849200.0,1786271323.5506055,1,1.7666,0.2437,,2.176,0.0652,0.903,NOMINAL,NOMINAL,NORMAL,0,
1642850100.0,1786271323.6742806,1,1.7079,0.1916,,1.562,0.0352,0.316,NOMINAL,NOMINAL,NORMAL,0,
1642851000.0,1786271323.7989926,1,1.747,0.2323,,1.155,0.0495,0.451,NOMINAL,NOMINAL,NORMAL,0,
1642851900.0,1786271323.925257,1,1.8708,0.3699,,1.495,0.0522,0.984,NOMINAL,NOMINAL,TRIGGERED,1,omni_p6
1642852800.0,1786271324.0486794,1,1.6182,0.1443,,1.085,0.0466,0.422,NOMINAL,NOMINAL,NORMAL,0,
1642853700.0,1786271324.1739402,1,1.632,0.2275,,1.212,0.0465,0.429,NOMINAL,NOMINAL,NORMAL,0,
1642854600.0,1786271324.3006585,1,2.2647,0.2774,,1.731,0.2178,0.762,NOMINAL,NOMINAL,NORMAL,0,
1642855500.0,1786271324.4233038,1,1.2829,0.1407,,1.132,0.0476,0.431,NOMINAL,NOMINAL,NORMAL,0,
1642856400.0,1786271324.5499256,1,1.9423,0.1899,,1.465,0.0539,0.488,NOMINAL,NOMINAL,NORMAL,0,
1642857300.0,1786271324.6739368,1,1.6169,0.1865,,1.422,0.057,0.51,NOMINAL,NOMINAL,TRIGGERED,1,omni_p6
1642858200.0,1786271324.8013513,1,1.7103,0.1867,,0.902,0.0788,3.113,NOMINAL,PRE_ALERT,TRIGGERED,2,omni_p6
1642859100.0,1786271324.924719,1,1.224,0.1456,,1.152,0.0737,2.094,PRE_ALERT,NOMINAL,NORMAL,0,
1642860000.0,1786271325.0487626,1,1.7063,0.1873,,0.943,0.0339,0.45,NOMINAL,NOMINAL,NORMAL,0,
1642860900.0,1786271325.1750643,1,2.2572,0.2225,,1.462,0.0519,0.474,NOMINAL,NOMINAL,NORMAL,0,
1642861800.0,1786271325.2993245,1,1.7499,0.1889,,1.374,0.0517,0.54,NOMINAL,NOMINAL,NORMAL,0,
1642862700.0,1786271325.425633,1,2.2139,0.2735,,1.81,0.0673,0.615,NOMINAL,NOMINAL,NORMAL,0,
1642863600.0,1786271325.5501513,1,2.0403,0.2389,,1.436,0.0549,0.453,NOMINAL,NOMINAL,TRIGGERED,1,omni_p6
1642864500.0,1786271325.6773796,1,2.3282,0.2893,,1.648,0.1049,2.487,NOMINAL,PRE_ALERT,TRIGGERED,2,omni_p6
1642865400.0,1786271325.800497,1,1.6041,0.2391,,1.124,0.0709,2.094,PRE_ALERT,NOMINAL,NORMAL,0,
1642866300.0,1786271325.9248507,1,1.8373,0.1979,,1.454,0.0516,0.452,NOMINAL,NOMINAL,NORMAL,0,
1642867200.0,1786271326.0509474,1,2.292,0.2882,,1.678,0.0834,0.623,NOMINAL,NOMINAL,NORMAL,0,
1642868100.0,1786271326.1741707,1,1.6653,0.335,,1.412,0.0473,0.443,NOMINAL,NOMINAL,NORMAL,0,
1642869000.0,1786271326.300569,1,2.4086,0.2933,,1.709,0.1101,0.659,NOMINAL,NOMINAL,NORMAL,0,
1642869900.0,1786271326.4261408,1,2.3041,0.2912,,1.742,0.0671,0.778,NOMINAL,NOMINAL,NORMAL,0,
1642870800.0,1786271326.5495772,1,1.9621,0.2415,,1.22,0.0613,0.588,NOMINAL,NOMINAL,NORMAL,0,
1642871700.0,1786271326.6743171,1,1.7159,0.1898,,1.408,0.0507,0.407,NOMINAL,NOMINAL,NORMAL,0,
1642872600.0,1786271326.798634,1,1.5997,0.2357,,1.12,0.0469,0.437,NOMINAL,NOMINAL,NORMAL,0,
1642873500.0,1786271326.9245987,1,1.7018,0.2564,,1.721,0.0655,0.622,NOMINAL,NOMINAL,NORMAL,0,
1642874400.0,1786271327.0491087,1,1.7138,0.1832,,1.307,0.0316,0.289,NOMINAL,NOMINAL,NORMAL,0,
1642875300.0,1786271327.175929,1,2.3141,0.2882,,1.953,0.0555,0.49,NOMINAL,NOMINAL,NORMAL,0,
1642876200.0,1786271327.3009882,1,2.3319,0.2077,,1.664,0.0533,0.498,NOMINAL,NOMINAL,NORMAL,0,
1642877100.0,1786271327.4261582,1,2.3166,0.2899,,1.767,0.0646,0.587,NOMINAL,NOMINAL,NORMAL,0,
1642878000.0,1786271327.5494034,1,1.7938,0.2439,,1.225,0.0457,0.585,NOMINAL,NOMINAL,NORMAL,0,
1642878900.0,1786271327.674543,1,1.7173,0.1939,,1.353,0.0524,0.681,NOMINAL,NOMINAL,NORMAL,0,
1642879800.0,1786271327.8003573,1,2.2666,0.2915,,1.584,0.0638,0.683,NOMINAL,NOMINAL,NORMAL,0,
1642880700.0,1786271327.9250035,1,1.9325,0.2002,,1.414,0.0499,0.483,NOMINAL,NOMINAL,NORMAL,0,
1642881600.0,1786271328.049138,1,1.7325,0.1897,,1.26,0.0349,0.313,NOMINAL,NOMINAL,NORMAL,0,
1642882500.0,1786271328.174741,1,1.9012,0.246,,1.475,0.0315,0.382,NOMINAL,NOMINAL,NORMAL,0,
1642883400.0,1786271328.2992136,1,1.8736,0.239,,1.181,0.0456,0.446,NOMINAL,NOMINAL,NORMAL,0,
1642884300.0,1786271328.425064,1,1.7482,0.2821,,1.819,0.0668,0.608,NOMINAL,NOMINAL,TRIGGERED,1,omni_p6
1642885200.0,1786271328.5489697,1,1.6124,0.1492,,1.11,0.0462,0.446,NOMINAL,NOMINAL,NORMAL,0,
1642886100.0,1786271328.6749542,1,2.0189,0.2131,,1.382,0.049,0.478,NOMINAL,NOMINAL,NORMAL,0,
1642887000.0,1786271328.7992866,1,1.8287,0.1941,,1.314,0.0334,0.318,NOMINAL,NOMINAL,NORMAL,0,
1642887900.0,1786271328.9237204,1,1.4683,0.1509,,1.089,0.0456,0.451,NOMINAL,NOMINAL,NORMAL,0,
1642888800.0,1786271329.0499856,1,1.7526,0.2391,,1.939,0.0645,0.609,NOMINAL,NOMINAL,NORMAL,0,
1642889700.0,1786271329.174459,1,1.7875,0.1963,,1.341,0.0521,0.546,NOMINAL,NOMINAL,NORMAL,0,
1642890600.0,1786271329.2992558,1,1.7983,0.243,,1.211,0.0618,0.555,NOMINAL,NOMINAL,TRIGGERED,1,omni_p6
1642891500.0,1786271329.4247491,1,1.7376,0.2341,,1.74,0.062,0.564,NOMINAL,NOMINAL,NORMAL,0,
1642892400.0,1786271329.5490825,1,1.6379,0.1446,,1.225,0.0451,0.416,NOMINAL,NOMINAL,NORMAL,0,
1642893300.0,1786271329.6749465,1,1.9938,0.2027,,1.394,0.0512,0.494,NOMINAL,NOMINAL,NORMAL,0,
1642894200.0,1786271329.7982624,1,1.2381,0.2312,,1.099,0.0475,0.454,NOMINAL,NOMINAL,NORMAL,0,
1642895100.0,1786271329.924173,1,1.7053,0.2318,,1.114,0.045,0.606,NOMINAL,NOMINAL,NORMAL,0,
1642896000.0,1786271330.0509293,1,1.6852,0.2352,0.999,1.627,0.0652,0.751,NOMINAL,NOMINAL,NORMAL,0,
1642896900.0,1786271330.174066,1,1.6162,0.197,,1.212,0.0449,0.597,NOMINAL,NOMINAL,TRIGGERED,1,omni_p6
1642897800.0,1786271330.299148,1,1.7376,0.2338,,1.121,0.0464,0.629,NOMINAL,NOMINAL,NORMAL,0,
1642898700.0,1786271330.4244378,1,1.7188,0.1888,,1.249,0.0487,0.67,NOMINAL,NOMINAL,NORMAL,0,
1642899600.0,1786271330.5520422,1,2.2982,0.2796,,1.746,0.0721,1.576,NOMINAL,NOMINAL,NORMAL,0,
1642900500.0,1786271330.674709,1,1.7114,0.3301,,1.77,0.0579,0.477,NOMINAL,NOMINAL,NORMAL,0,
1642901400.0,1786271330.801467,1,2.3652,0.2801,,1.382,0.0649,1.432,NOMINAL,NOMINAL,NORMAL,0,
1642902300.0,1786271330.923868,1,1.7734,0.2351,,1.126,0.0445,0.428,NOMINAL,NOMINAL,TRIGGERED,1,omni_p6
1642903200.0,1786271331.050939,1,1.7467,0.1934,,1.549,0.0816,1.7,NOMINAL,PRE_ALERT,TRIGGERED,2,omni_p6
1642904100.0,1786271331.1779091,1,2.337,0.2787,,1.914,0.0991,2.483,PRE_ALERT,NOMINAL,NORMAL,0,
1642905000.0,1786271331.3003123,1,2.3497,0.2153,,1.418,0.0499,0.477,NOMINAL,NOMINAL,NORMAL,0,
1642905900.0,1786271331.425398,1,2.092,0.2788,,1.97,0.0639,0.549,NOMINAL,NOMINAL,NORMAL,0,
1642906800.0,1786271331.549027,1,1.2338,0.2282,,1.433,0.0459,0.422,NOMINAL,NOMINAL,NORMAL,0,
1642907700.0,1786271331.675603,1,2.1862,0.2079,,1.805,0.0525,0.485,NOMINAL,NOMINAL,NORMAL,0,
1642908600.0,1786271331.8004198,1,2.107,0.2058,,1.634,0.0495,0.613,NOMINAL,NOMINAL,TRIGGERED,1,omni_p6
1642909500.0,1786271331.9263773,1,1.7363,0.1968,,0.933,0.0518,2.809,NOMINAL,PRE_ALERT,TRIGGERED,2,omni_p6
1642910400.0,1786271332.0510042,1,1.7276,0.2404,,1.208,0.0711,2.321,PRE_ALERT,NOMINAL,NORMAL,0,
1642911300.0,1786271332.1737895,1,1.7567,0.1422,,0.851,0.0475,0.431,NOMINAL,NOMINAL,NORMAL,0,
1642912200.0,1786271332.299141,1,1.5221,0.1912,,1.161,0.0541,0.438,NOMINAL,NOMINAL,NORMAL,0,
1642913100.0,1786271332.425305,1,2.0412,0.2892,,1.774,0.0658,0.588,NOMINAL,NOMINAL,NORMAL,0,
1642914000.0,1786271332.5488737,1,1.6488,0.1416,,0.989,0.046,0.43,NOMINAL,NOMINAL,NORMAL,0,
1642914900.0,1786271332.6753106,1,2.2064,0.2215,,1.394,0.0536,0.456,NOMINAL,NOMINAL,NORMAL,0,
1642915800.0,1786271332.7991638,1,1.7636,0.2093,,1.211,0.05,0.384,NOMINAL,NOMINAL,NORMAL,0,
1642916700.0,1786271332.9258685,1,2.2871,0.2845,,1.645,0.0612,0.557,NOMINAL,NOMINAL,NORMAL,0,
1642917600.0,1786271333.0490193,1,1.721,0.2391,,1.162,0.0451,0.425,NOMINAL,NOMINAL,NORMAL,0,
1642918500.0,1786271333.1750097,1,2.1,0.2848,,1.564,0.0624,0.624,NOMINAL,NOMINAL,NORMAL,0,
1642919400.0,1786271333.298919,1,1.7589,0.2362,,1.079,0.0443,0.418,NOMINAL,NOMINAL,NORMAL,0,
1642920300.0,1786271333.4247851,1,1.7687,0.1944,,1.474,0.052,0.476,NOMINAL,NOMINAL,NORMAL,0,
1642921200.0,1786271333.550922,1,2.299,0.2864,,1.675,0.0653,0.59,NOMINAL,NOMINAL,NORMAL,0,
1642922100.0,1786271333.6739075,1,1.6769,0.3034,,1.144,0.0444,0.433,NOMINAL,NOMINAL,NORMAL,0,
1642923000.0,1786271333.7994018,1,1.7646,0.1916,,1.261,0.0478,0.65,NOMINAL,NOMINAL,NORMAL,0,
1642923900.0,1786271333.9258091,1,2.2974,0.2841,,1.631,0.0614,0.61,NOMINAL,NOMINAL,NORMAL,0,
1642924800.0,1786271334.04904,1,1.6824,0.2361,,1.183,0.0452,0.473,NOMINAL,NOMINAL,TRIGGERED,1,omni_p6
1642925700.0,1786271334.1739366,1,1.6889,0.191,,1.18,0.0315,0.295,NOMINAL,NOMINAL,NORMAL,0,
1642926600.0,1786271334.2991183,1,1.7375,0.2329,,1.102,0.0452,0.606,NOMINAL,NOMINAL,NORMAL,0,
1642927500.0,1786271334.4247196,1,1.689,0.2829,,1.678,0.0612,0.569,NOMINAL,NOMINAL,NORMAL,0,
1642928400.0,1786271334.5508597,1,2.2958,0.2843,,1.641,0.062,0.567,NOMINAL,NOMINAL,NORMAL,0,
1642929300.0,1786271334.6739018,1,1.6627,0.294,,1.144,0.0476,0.424,NOMINAL,NOMINAL,NORMAL,0,
1642930200.0,1786271334.799274,1,1.7424,0.1897,,1.259,0.0503,0.443,NOMINAL,NOMINAL,NORMAL,0,
1642931100.0,1786271334.9237728,1,1.3926,0.1447,,1.134,0.0471,0.452,NOMINAL,NOMINAL,TRIGGERED,1,omni_p6
1642932000.0,1786271335.0490909,1,1.6825,0.2333,,1.184,0.0468,0.445,NOMINAL,NOMINAL,NORMAL,0,
1642932900.0,1786271335.1743217,1,1.6963,0.1908,,1.623,0.0342,0.307,NOMINAL,NOMINAL,NORMAL,0,
1642933800.0,1786271335.2989259,1,1.3494,0.2207,,1.14,0.0465,0.649,NOMINAL,NOMINAL,NORMAL,0,
1642934700.0,1786271335.4239151,1,1.6876,0.2284,,1.124,0.0462,0.432,NOMINAL,NOMINAL,NORMAL,0,
1642935600.0,1786271335.5490434,1,1.7273,0.1946,,1.243,0.0325,0.302,NOMINAL,NOMINAL,NORMAL,0,
1642936500.0,1786271335.675216,1,2.3209,0.2259,,1.352,0.049,0.426,NOMINAL,NOMINAL,TRIGGERED,1,omni_p6
1642937400.0,1786271335.8017216,1,1.7327,0.2821,,1.648,0.1024,2.534,NOMINAL,PRE_ALERT,TRIGGERED,2,omni_p6
1642938300.0,1786271335.9273016,1,2.2746,0.2853,,1.69,0.1008,1.943,PRE_ALERT,NOMINAL,NORMAL,0,
1642939200.0,1786271336.049514,1,1.6918,0.2393,,1.579,0.057,0.512,NOMINAL,NOMINAL,NORMAL,0,
1642940100.0,1786271336.1758995,1,2.323,0.2876,,1.608,0.0609,0.661,NOMINAL,NOMINAL,NORMAL,0,
1642941000.0,1786271336.301626,1,2.3471,0.2851,,1.75,0.0526,1.298,NOMINAL,NOMINAL,NORMAL,0,
1642941900.0,1786271336.4247248,1,1.7118,0.2885,,1.661,0.063,0.572,NOMINAL,NOMINAL,NORMAL,0,
1642942800.0,1786271336.5492864,1,1.6937,0.1969,,1.374,0.0556,0.482,NOMINAL,NOMINAL,TRIGGERED,1,omni_p6
1642943700.0,1786271336.6769981,1,2.4318,0.3051,,1.53,0.0954,1.781,NOMINAL,PRE_ALERT,TRIGGERED,2,omni_p6
1642944600.0,1786271336.8019187,1,1.8045,0.2491,,1.945,0.1018,2.399,PRE_ALERT,NOMINAL,NORMAL,0,
1642945500.0,1786271336.9258118,1,2.3306,0.3201,,1.7,0.0614,0.595,NOMINAL,NOMINAL,NORMAL,0,
1642946400.0,1786271337.049425,1,1.7214,0.2425,,1.247,0.0631,0.762,NOMINAL,NOMINAL,NORMAL,0,
1642947300.0,1786271337.1745942,1,2.0517,0.2064,,1.307,0.0493,0.447,NOMINAL,NOMINAL,NORMAL,0,
1642948200.0,1786271337.2989254,1,1.5838,0.2489,,1.241,0.0498,0.458,NOMINAL,NOMINAL,NORMAL,0,
1642949100.0,1786271337.4243257,1,1.8099,0.252,,1.184,0.0463,0.48,NOMINAL,NOMINAL,TRIGGERED,1,omni_p6
1642950000.0,1786271337.5493717,1,1.7801,0.2038,,1.346,0.0529,0.462,NOMINAL,NOMINAL,NORMAL,0,
1642950900.0,1786271337.6757956,1,2.4033,0.301,,1.638,0.0525,0.531,NOMINAL,NOMINAL,NORMAL,0,
1642951800.0,1786271337.7994113,1,1.8476,0.2439,,1.21,0.0653,0.602,NOMINAL,NOMINAL,NORMAL,0,
1642952700.0,1786271337.9239504,1,1.4809,0.151,,1.306,0.0454,0.434,NOMINAL,NOMINAL,NORMAL,0,
1642953600.0,1786271338.049544,1,1.7216,0.2432,,1.495,0.0857,0.636,NOMINAL,NOMINAL,NORMAL,0,
1642954500.0,1786271338.1742442,1,1.7908,0.2487,,1.203,0.0481,0.459,NOMINAL,NOMINAL,NORMAL,0,
1642955400.0,1786271338.2993917,1,1.8191,0.2375,,1.235,0.0679,0.589,NOMINAL,NOMINAL,NORMAL,0,
1642956300.0,1786271338.4251876,1,1.8849,0.2029,,1.488,0.0529,0.529,NOMINAL,NOMINAL,NORMAL,0,
1642957200.0,1786271338.5490441,1,1.7709,0.242,,1.094,0.0442,0.428,NOMINAL,NOMINAL,NORMAL,0,
1642958100.0,1786271338.6741374,1,1.7394,0.248,,1.189,0.0451,0.443,NOMINAL,NOMINAL,NORMAL,0,
1642959000.0,1786271338.8008144,1,1.7911,0.2492,,2.709,0.0622,0.594,NOMINAL,NOMINAL,NORMAL,0,
1642959900.0,1786271338.9248757,1,1.9482,0.2055,,1.231,0.051,0.468,NOMINAL,NOMINAL,NORMAL,0,
1642960800.0,1786271339.0489352,1,1.7096,0.2383,,1.101,0.0452,0.447,NOMINAL,NOMINAL,NORMAL,0,
1642961700.0,1786271339.1743133,1,1.9169,0.2129,,1.131,0.0479,0.428,NOMINAL,NOMINAL,NORMAL,0,
1642962600.0,1786271339.299922,1,1.8141,0.2895,,1.512,0.0622,0.816,NOMINAL,NOMINAL,NORMAL,0,
1642963500.0,1786271339.423351,1,1.5461,0.147,,0.73,0.0312,0.3,NOMINAL,NOMINAL,NORMAL,0,
1642964400.0,1786271339.5490746,1,1.864,0.1998,,1.014,0.031,0.327,NOMINAL,NOMINAL,NORMAL,0,
1642965300.0,1786271339.6744237,1,2.1389,0.2024,,1.101,0.0476,0.496,NOMINAL,NOMINAL,NORMAL,0,
1642966200.0,1786271339.7991848,1,2.0994,0.2113,,0.946,0.0484,0.484,NOMINAL,NOMINAL,NORMAL,0,
1642967100.0,1786271339.924758,1,2.2026,0.2071,,1.268,0.0526,0.518,NOMINAL,NOMINAL,NORMAL,0,
1642968000.0,1786271340.0492327,1,1.7346,0.2369,,1.195,0.0453,0.584,NOMINAL,NOMINAL,NORMAL,0,
1642968900.0,1786271340.1745892,1,1.9506,0.2154,,1.188,0.0519,0.508,NOMINAL,NOMINAL,NORMAL,0,
1642969800.0,1786271340.2989216,1,1.3672,0.2421,,1.054,0.0459,0.519,NOMINAL,NOMINAL,TRIGGERED,1,omni_p6
1642970700.0,1786271340.4248462,1,2.1063,0.206,,1.13,0.0469,0.431,NOMINAL,NOMINAL,NORMAL,0,
1642971600.0,1786271340.5492685,1,1.9018,0.2103,,1.108,0.0314,0.289,NOMINAL,NOMINAL,NORMAL,0,
1642972500.0,1786271340.6744838,1,1.9276,0.212,,1.177,0.048,0.45,NOMINAL,NOMINAL,NORMAL,0,
1642973400.0,1786271340.799313,1,1.8593,0.1937,,0.965,0.0452,0.444,NOMINAL,NOMINAL,NORMAL,0,
1642974300.0,1786271340.9243574,1,1.7689,0.2425,,1.146,0.0641,0.634,NOMINAL,NOMINAL,NORMAL,0,
1642975200.0,1786271341.0502808,1,2.3283,0.3747,,1.353,0.0506,0.484,NOMINAL,NOMINAL,NORMAL,0,
1642976100.0,1786271341.1745172,1,1.8793,0.2258,,1.281,0.0485,0.467,NOMINAL,NOMINAL,TRIGGERED,1,omni_p6
1642977000.0,1786271341.2988198,1,1.37,0.2392,,1.11,0.0463,0.429,NOMINAL,NOMINAL,NORMAL,0,
1642977900.0,1786271341.424045,1,1.7152,0.2376,,1.103,0.0397,0.468,NOMINAL,NOMINAL,NORMAL,0,
1642978800.0,1786271341.5499833,1,2.3701,0.2176,,0.989,0.0427,0.392,NOMINAL,NOMINAL,NORMAL,0,
1642979700.0,1786271341.6743662,1,1.8442,0.2023,,1.239,0.048,0.466,NOMINAL,NOMINAL,NORMAL,0,
1642980600.0,1786271341.7976742,1,1.2659,0.1528,,0.641,0.0326,0.295,NOMINAL,NOMINAL,NORMAL,0,
1642981500.0,1786271341.9252324,1,2.1729,0.2139,,1.422,0.0518,0.845,NOMINAL,NOMINAL,TRIGGERED,1,omni_p6
1642982400.0,1786271342.0510714,1,1.791,0.1451,0.875,0.94,0.1677,1.584,NOMINAL,PRE_ALERT,TRIGGERED,2,omni_p6
1642983300.0,1786271342.176925,1,1.7534,0.3017,,1.712,0.107,2.566,PRE_ALERT,NOMINAL,NORMAL,0,
1642984200.0,1786271342.2987006,1,1.4862,0.2004,,1.097,0.0408,0.562,NOMINAL,NOMINAL,NORMAL,0,
1642985100.0,1786271342.425718,1,2.2018,0.1992,,1.513,0.0515,0.754,NOMINAL,NOMINAL,NORMAL,0,
1642986000.0,1786271342.5498452,1,1.9637,0.295,,1.562,0.0525,0.478,NOMINAL,NOMINAL,NORMAL,0,
1642986900.0,1786271342.6759636,1,2.3542,0.288,,1.703,0.0651,0.711,NOMINAL,NOMINAL,NORMAL,0,
1642987800.0,1786271342.7999833,1,1.9135,0.1951,,1.434,0.0529,0.586,NOMINAL,NOMINAL,TRIGGERED,1,omni_p6
1642988700.0,1786271342.925829,1,1.6816,0.2433,,1.233,0.0731,2.304,NOMINAL,PRE_ALERT,TRIGGERED,2,omni_p6
1642989600.0,1786271343.051097,1,1.3571,0.1854,,1.246,0.0754,2.57,PRE_ALERT,NOMINAL,NORMAL,0,
1642990500.0,1786271343.1749916,1,1.6728,0.3099,,1.862,0.0622,0.728,NOMINAL,NOMINAL,NORMAL,0,
1642991400.0,1786271343.2989926,1,1.7989,0.1947,,0.913,0.0444,0.428,NOMINAL,NOMINAL,NORMAL,0,
1642992300.0,1786271343.424011,1,1.6084,0.1437,,1.164,0.0338,0.387,NOMINAL,NOMINAL,NORMAL,0,
1642993200.0,1786271343.5491312,1,1.6618,0.1539,,1.153,0.0464,0.463,NOMINAL,NOMINAL,NORMAL,0,
1642994100.0,1786271343.674482,1,1.7571,0.1912,,1.455,0.0506,0.457,NOMINAL,NOMINAL,TRIGGERED,1,omni_p6
1642995000.0,1786271343.7998812,1,1.7454,0.2357,,1.809,0.0571,0.641,NOMINAL,NOMINAL,NORMAL,0,
1642995900.0,1786271343.9243896,1,1.7383,0.2402,,1.202,0.0454,0.487,NOMINAL,NOMINAL,NORMAL,0,
1642996800.0,1786271344.0504267,1,2.0846,0.2747,,1.74,0.0677,0.863,NOMINAL,NOMINAL,NORMAL,0,
1642997700.0,1786271344.1745372,1,1.7954,0.1922,,1.387,0.0525,0.487,NOMINAL,NOMINAL,NORMAL,0,
1642998600.0,1786271344.2987049,1,1.73,0.1432,,0.931,0.0436,0.417,NOMINAL,NOMINAL,NORMAL,0,
1642999500.0,1786271344.4245584,1,1.7425,0.1892,,1.381,0.0478,0.483,NOMINAL,NOMINAL,NORMAL,0,
1643000400.0,1786271344.5486798,1,1.5281,0.2451,,1.203,0.046,0.46,NOMINAL,NOMINAL,NORMAL,0,
1643001300.0,1786271344.675151,1,1.7204,0.3657,,2.057,0.0636,0.584,NOMINAL,NOMINAL,NORMAL,0,
1643002200.0,1786271344.8006551,1,2.2206,0.2023,,1.302,0.051,1.054,NOMINAL,NOMINAL,NORMAL,0,
1643003100.0,1786271344.924614,1,1.9218,0.2057,,1.317,0.0333,0.327,NOMINAL,NOMINAL,NORMAL,0,
1643004000.0,1786271345.0488222,1,1.5396,0.239,,1.21,0.0447,0.438,NOMINAL,NOMINAL,NORMAL,0,
1643004900.0,1786271345.1747599,1,1.9085,0.2058,,1.382,0.055,0.465,NOMINAL,NOMINAL,NORMAL,0,
1643005800.0,1786271345.299667,1,2.0286,0.2745,,1.368,0.053,0.478,NOMINAL,NOMINAL,NORMAL,0,
1643006700.0,1786271345.4258986,1,2.3219,0.2946,,1.709,0.0489,0.577,NOMINAL,NOMINAL,NORMAL,0,
1643007600.0,1786271345.5500214,1,1.8837,0.2306,,1.457,0.0519,0.647,NOMINAL,NOMINAL,NORMAL,0,
1643008500.0,1786271345.6759703,1,2.4515,0.2916,,1.714,0.0618,0.599,NOMINAL,NOMINAL,NORMAL,0,
1643009400.0,1786271345.8004856,1,2.2693,0.2102,,1.412,0.0497,0.626,NOMINAL,NOMINAL,NORMAL,0,
1643010300.0,1786271345.9256537,1,2.3864,0.3093,,1.776,0.0558,0.597,NOMINAL,NOMINAL,TRIGGERED,1,omni_p6
1643011200.0,1786271346.049774,1,1.8024,0.2008,,1.502,0.0715,0.528,NOMINAL,NOMINAL,NORMAL,0,
1643012100.0,1786271346.1731288,1,1.2148,0.1492,,0.909,0.0325,0.362,NOMINAL,NOMINAL,NORMAL,0,
1643013000.0,1786271346.2996855,1,1.8717,0.2005,,1.398,0.0514,0.476,NOMINAL,NOMINAL,NORMAL,0,
1643013900.0,1786271346.4243536,1,1.7271,0.2358,,1.373,0.0453,0.498,NOMINAL,NOMINAL,NORMAL,0,
1643014800.0,1786271346.5500083,1,1.8261,0.2222,,1.529,0.048,0.567,NOMINAL,NOMINAL,NORMAL,0,
1643015700.0,1786271346.6733975,1,1.2401,0.1535,,1.367,0.0458,0.474,NOMINAL,NOMINAL,TRIGGERED,1,omni_p6
1643016600.0,1786271346.8018916,1,1.7843,0.2401,,1.426,0.103,2.976,NOMINAL,PRE_ALERT,TRIGGERED,2,omni_p6
1643017500.0,1786271346.9263456,1,1.898,0.2034,,1.696,0.054,1.702,PRE_ALERT,NOMINAL,NORMAL,0,
1643018400.0,1786271347.0495784,1,1.7667,0.1927,,1.429,0.0503,0.449,NOMINAL,NOMINAL,NORMAL,0,
1643019300.0,1786271347.173087,1,1.1984,0.1448,,0.912,0.0335,0.307,NOMINAL,NOMINAL,NORMAL,0,
1643020200.0,1786271347.2996535,1,1.8747,0.1885,,1.212,0.0378,0.446,NOMINAL,NOMINAL,NORMAL,0,
1643021100.0,1786271347.4258368,1,2.3012,0.2854,,1.702,0.0477,0.463,NOMINAL,NOMINAL,NORMAL,0,
1643022000.0,1786271347.548352,1,1.1829,0.1472,,1.331,0.0483,0.489,NOMINAL,NOMINAL,TRIGGERED,1,omni_p6
1643022900.0,1786271347.6780853,1,2.3647,0.2872,,1.809,0.1072,2.611,NOMINAL,PRE_ALERT,TRIGGERED,2,omni_p6
1643023800.0,1786271347.8008153,1,1.8064,0.2441,,1.115,0.0699,2.128,PRE_ALERT,NOMINAL,NORMAL,0,
1643024700.0,1786271347.923834,1,1.6939,0.2444,,1.182,0.046,0.437,NOMINAL,NOMINAL,NORMAL,0,
1643025600.0,1786271348.0496364,1,1.7978,0.194,,1.425,0.054,0.456,NOMINAL,NOMINAL,NORMAL,0,
1643026500.0,1786271348.1751337,1,2.229,0.1958,,1.364,0.0508,0.478,NOMINAL,NOMINAL,NORMAL,0,
1643027400.0,1786271348.299155,1,1.7938,0.1918,,1.218,0.0327,0.32,NOMINAL,NOMINAL,TRIGGERED,1,omni_p6
1643028300.0,1786271348.4259906,1,1.7081,0.2394,,1.199,0.0707,2.262,NOMINAL,PRE_ALERT,TRIGGERED,2,omni_p6
1643029200.0,1786271348.551371,1,1.7672,0.1935,,1.711,0.0792,1.561,PRE_ALERT,NOMINAL,NORMAL,0,
1643030100.0,1786271348.673929,1,1.7427,0.1446,,0.972,0.0475,0.436,NOMINAL,NOMINAL,NORMAL,0,
1643031000.0,1786271348.7988892,1,1.7435,0.2349,,1.036,0.0447,0.416,NOMINAL,NOMINAL,NORMAL,0,
1643031900.0,1786271348.9246452,1,1.7244,0.1939,,1.356,0.0972,0.674,NOMINAL,NOMINAL,NORMAL,0,
1643032800.0,1786271349.0500417,1,1.7445,0.1992,,1.406,0.0489,0.864,NOMINAL,NOMINAL,NORMAL,0,
1643033700.0,1786271349.1751928,1,2.4046,0.1966,,1.345,0.0507,0.443,NOMINAL,NOMINAL,TRIGGERED,1,omni_p6
1643034600.0,1786271349.3010442,1,1.756,0.2419,,1.164,0.0703,2.308,NOMINAL,PRE_ALERT,TRIGGERED,2,omni_p6
1643035500.0,1786271349.4260182,1,1.7849,0.1955,,1.678,0.0797,1.552,PRE_ALERT,NOMINAL,NORMAL,0,
1643036400.0,1786271349.5499115,1,1.7538,0.2847,,1.785,0.0634,0.575,NOMINAL,NOMINAL,NORMAL,0,
1643037300.0,1786271349.6737182,1,1.7486,0.1929,,0.841,0.0332,0.339,NOMINAL,NOMINAL,NORMAL,0,
1643038200.0,1786271349.799125,1,1.7118,0.2317,,1.274,0.0436,0.407,NOMINAL,NOMINAL,NORMAL,0,
1643039100.0,1786271349.92456,1,1.7406,0.1956,,1.64,0.0341,0.36,NOMINAL,NOMINAL,NORMAL,0,
1643040000.0,1786271350.049408,1,1.7094,0.1943,,1.345,0.0509,0.422,NOMINAL,NOMINAL,TRIGGERED,1,omni_p6
1643040900.0,1786271350.1740537,1,1.6672,0.3062,,1.158,0.0459,0.492,NOMINAL,NOMINAL,NORMAL,0,
1643041800.0,1786271350.2991936,1,1.784,0.1897,,1.285,0.0485,0.434,NOMINAL,NOMINAL,NORMAL,0,
1643042700.0,1786271350.4249456,1,1.8018,0.2892,,1.73,0.0823,0.599,NOMINAL,NOMINAL,NORMAL,0,
1643043600.0,1786271350.5481575,1,1.1663,0.1479,,0.855,0.0327,0.637,NOMINAL,NOMINAL,NORMAL,0,
1643044500.0,1786271350.675081,1,2.1472,0.202,,1.376,0.0507,0.527,NOMINAL,NOMINAL,NORMAL,0,
1643045400.0,1786271350.8002305,1,1.7584,0.1886,,1.212,0.0331,1.48,NOMINAL,NOMINAL,NORMAL,0,
1643046300.0,1786271350.9231887,1,1.2047,0.2315,,1.128,0.0454,0.419,NOMINAL,NOMINAL,NORMAL,0,
1643047200.0,1786271351.0495105,1,1.7013,0.2318,,1.521,0.067,0.572,NOMINAL,NOMINAL,NORMAL,0,
1643048100.0,1786271351.1754038,1,2.2828,0.2052,,1.624,0.0515,0.422,NOMINAL,NOMINAL,NORMAL,0,
1643049000.0,1786271351.299559,1,1.7669,0.289,,1.567,0.0553,0.459,NOMINAL,NOMINAL,NORMAL,0,
1643049900.0,1786271351.4237049,1,1.3491,0.2364,,1.175,0.0447,0.43,NOMINAL,NOMINAL,NORMAL,0,
1643050800.0,1786271351.5496092,1,1.674,0.2321,,1.685,0.0662,0.601,NOMINAL,NOMINAL,NORMAL,0,
1643051700.0,1786271351.675267,1,2.2646,0.1994,,1.684,0.0907,0.515,NOMINAL,NOMINAL,NORMAL,0,
1643052600.0,1786271351.799075,1,1.7349,0.1922,,1.2,0.0321,0.371,NOMINAL,NOMINAL,NORMAL,0,
1643053500.0,1786271351.9232666,1,1.2244,0.1455,,1.279,0.0456,0.514,NOMINAL,NOMINAL,NORMAL,0,
1643054400.0,1786271352.050826,1,2.2523,0.2858,,1.648,0.063,0.569,NOMINAL,NOMINAL,NORMAL,0,
1643055300.0,1786271352.1738613,1,1.2856,0.3052,,1.163,0.0448,0.426,NOMINAL,NOMINAL,NORMAL,0,
1643056200.0,1786271352.3003595,1,2.0096,0.2174,,1.639,0.0591,0.621,NOMINAL,NOMINAL,NORMAL,0,
1643057100.0,1786271352.42502,1,1.8612,0.2045,,1.475,0.0505,0.481,NOMINAL,NOMINAL,NORMAL,0,
1643058000.0,1786271352.5494947,1,1.7025,0.2438,,1.542,0.0572,0.56,NOMINAL,NOMINAL,NORMAL,0,
1643058900.0,1786271352.6749406,1,1.7546,0.2614,,1.825,0.0648,0.578,NOMINAL,NOMINAL,NORMAL,0,
1643059800.0,1786271352.7988608,1,1.5529,0.1471,,1.179,0.0452,0.426,NOMINAL,NOMINAL,NORMAL,0,
1643060700.0,1786271352.9235816,1,1.2279,0.1496,,1.243,0.045,0.454,NOMINAL,NOMINAL,TRIGGERED,1,omni_p6
1643061600.0,1786271353.048971,1,1.79,0.1473,,1.013,0.0454,0.434,NOMINAL,NOMINAL,NORMAL,0,
1643062500.0,1786271353.1741152,1,1.7283,0.2456,,1.146,0.0449,0.437,NOMINAL,NOMINAL,NORMAL,0,
1643063400.0,1786271353.2999613,1,2.0906,0.2315,,1.559,0.0518,0.463,NOMINAL,NOMINAL,NORMAL,0,
1643064300.0,1786271353.4239876,1,1.3173,0.213,,1.202,0.0462,0.439,NOMINAL,NOMINAL,NORMAL,0,
1643065200.0,1786271353.5501149,1,1.7895,0.2009,,1.767,0.0529,0.62,NOMINAL,NOMINAL,NORMAL,0,
1643066100.0,1786271353.6749027,1,1.7568,0.3051,,1.706,0.0529,0.607,NOMINAL,NOMINAL,NORMAL,0,
1643067000.0,1786271353.7997146,1,1.759,0.2947,,1.614,0.0618,0.562,NOMINAL,NOMINAL,TRIGGERED,1,omni_p6
1643067900.0,1786271353.9266992,1,1.7861,0.2006,,1.718,0.0852,1.885,NOMINAL,PRE_ALERT,TRIGGERED,2,omni_p6
1643068800.0,1786271354.0517762,1,1.7385,0.1397,0.6169,1.351,0.0722,2.082,PRE_ALERT,NOMINAL,NORMAL,0,
1643069700.0,1786271354.1740527,1,1.6991,0.2386,,1.155,0.0468,0.423,NOMINAL,NOMINAL,NORMAL,0,
1643070600.0,1786271354.3005333,1,2.3783,0.2955,,1.718,0.065,0.654,NOMINAL,NOMINAL,NORMAL,0,
1643071500.0,1786271354.4245894,1,1.7456,0.1965,,1.361,0.0511,0.484,NOMINAL,NOMINAL,NORMAL,0,
1643072400.0,1786271354.548477,1,1.5842,0.1459,,0.896,0.0322,0.309,NOMINAL,NOMINAL,TRIGGERED,1,omni_p6
1643073300.0,1786271354.674777,1,1.2125,0.1551,,1.226,0.0708,2.013,NOMINAL,PRE_ALERT,TRIGGERED,2,omni_p6
1643074200.0,1786271354.8014455,1,2.099,0.2801,,1.605,0.1026,1.966,PRE_ALERT,NOMINAL,NORMAL,0,
1643075100.0,1786271354.9248846,1,1.8756,0.1962,,1.411,0.0504,0.463,NOMINAL,NOMINAL,NORMAL,0,
1643076000.0,1786271355.0489066,1,1.7145,0.1933,,1.076,0.0328,0.3,NOMINAL,NOMINAL,NORMAL,0,
1643076900.0,1786271355.1740694,1,1.7465,0.2476,,1.122,0.0448,0.421,NOMINAL,NOMINAL,NORMAL,0,
1643077800.0,1786271355.3003848,1,2.2273,0.2883,,1.705,0.0647,0.672,NOMINAL,NOMINAL,NORMAL,0,
1643078700.0,1786271355.4258375,1,2.2885,0.3093,,1.747,0.0632,0.578,NOMINAL,NOMINAL,TRIGGERED,1,omni_p6
1643079600.0,1786271355.5514944,1,2.1923,0.3035,,1.44,0.0836,1.712,NOMINAL,PRE_ALERT,TRIGGERED,2,omni_p6
1643080500.0,1786271355.6754246,1,1.6962,0.2854,,1.168,0.0728,2.009,PRE_ALERT,NOMINAL,NORMAL,0,
1643081400.0,1786271355.7987173,1,1.4532,0.2335,,1.17,0.0448,0.433,NOMINAL,NOMINAL,NORMAL,0,
1643082300.0,1786271355.9235308,1,1.4757,0.1482,,0.903,0.0328,0.519,NOMINAL,NOMINAL,NORMAL,0,
1643083200.0,1786271356.049318,1,1.7131,0.1901,,1.402,0.0529,0.457,NOMINAL,NOMINAL,NORMAL,0,
1643084100.0,1786271356.1737971,1,1.6921,0.2772,,1.183,0.047,0.421,NOMINAL,NOMINAL,NORMAL,0,
1643085000.0,1786271356.2995753,1,2.0295,0.2181,,1.523,0.053,0.517,NOMINAL,NOMINAL,NORMAL,0,
1643085900.0,1786271356.425434,1,2.2769,0.2816,,1.797,0.0642,0.587,NOMINAL,NOMINAL,NORMAL,0,
1643086800.0,1786271356.5484567,1,1.6418,0.1663,,0.944,0.0333,0.3,NOMINAL,NOMINAL,NORMAL,0,
1643087700.0,1786271356.6736712,1,1.2637,0.2289,,1.253,0.0485,0.458,NOMINAL,NOMINAL,NORMAL,0,
1643088600.0,1786271356.7996392,1,1.7285,0.2466,,1.694,0.0631,0.576,NOMINAL,NOMINAL,NORMAL,0,
1643089500.0,1786271356.925114,1,1.9941,0.1939,,1.531,0.0533,0.496,NOMINAL,NOMINAL,NORMAL,0,
1643090400.0,1786271357.0491652,1,1.7192,0.196,,1.356,0.0341,0.297,NOMINAL,NOMINAL,NORMAL,0,
1643091300.0,1786271357.1738002,1,1.7496,0.2775,,1.162,0.0445,0.422,NOMINAL,NOMINAL,NORMAL,0,
1643092200.0,1786271357.301956,1,2.7155,0.2122,,2.706,0.0591,0.598,NOMINAL,NOMINAL,NORMAL,0,
1643093100.0,1786271357.425283,1,1.9064,0.1894,,1.512,0.0516,0.452,NOMINAL,NOMINAL,NORMAL,0,
1643094000.0,1786271357.5491304,1,1.7212,0.1448,,1.227,0.0452,0.444,NOMINAL,NOMINAL,NORMAL,0,
1643094900.0,1786271357.674624,1,1.6952,0.1887,,1.706,0.0526,0.476,NOMINAL,NOMINAL,NORMAL,0,
1643095800.0,1786271357.7988505,1,1.3453,0.2447,,1.082,0.046,0.445,NOMINAL,NOMINAL,NORMAL,0,
1643096700.0,1786271357.9242036,1,1.6786,0.2323,,1.177,0.0606,0.602,NOMINAL,NOMINAL,NORMAL,0,
1643097600.0,1786271358.0503502,1,2.253,0.2067,,1.352,0.0503,0.484,NOMINAL,NOMINAL,NORMAL,0,
1643098500.0,1786271358.1741068,1,1.2656,0.2777,,1.212,0.0463,0.687,NOMINAL,NOMINAL,TRIGGERED,1,omni_p6
1643099400.0,1786271358.3008215,1,1.822,0.2905,,2.582,0.0638,0.599,NOMINAL,NOMINAL,NORMAL,0,
1643100300.0,1786271358.423993,1,1.7448,0.2035,,0.918,0.0341,0.387,NOMINAL,NOMINAL,NORMAL,0,
1643101200.0,1786271358.5487916,1,1.2615,0.2395,,1.138,0.0463,0.423,NOMINAL,NOMINAL,TRIGGERED,1,omni_p6
1643102100.0,1786271358.6745608,1,1.8124,0.1888,,1.397,0.0526,0.457,NOMINAL,NOMINAL,NORMAL,0,
1643103000.0,1786271358.7990701,1,1.7418,0.1884,,1.18,0.0325,0.306,NOMINAL,NOMINAL,NORMAL,0,
1643103900.0,1786271358.9254513,1,2.1782,0.2078,,1.451,0.0498,0.594,NOMINAL,NOMINAL,NORMAL,0,
1643104800.0,1786271359.0494819,1,1.5731,0.2561,,1.719,0.0616,0.566,NOMINAL,NOMINAL,NORMAL,0,
1643105700.0,1786271359.1767092,1,2.3157,0.286,,1.715,0.0661,1.522,NOMINAL,NOMINAL,NORMAL,0,
1643106600.0,1786271359.3000522,1,1.7934,0.288,,1.821,0.0698,0.633,NOMINAL,NOMINAL,TRIGGERED,1,omni_p6
1643107500.0,1786271359.4268248,1,1.6852,0.2649,,1.789,0.1024,2.548,NOMINAL,PRE_ALERT,TRIGGERED,2,omni_p6
1643108400.0,1786271359.5520067,1,2.2962,0.2896,,1.596,0.0862,1.725,PRE_ALERT,NOMINAL,NORMAL,0,
1643109300.0,1786271359.6744914,1,1.7662,0.1958,,1.354,0.0509,0.475,NOMINAL,NOMINAL,NORMAL,0,
1643110200.0,1786271359.7995274,1,1.7802,0.1965,,1.164,0.0343,0.334,NOMINAL,NOMINAL,NORMAL,0,
1643111100.0,1786271359.925947,1,2.2858,0.2169,,1.445,0.0511,0.977,NOMINAL,NOMINAL,NORMAL,0,
1643112000.0,1786271360.0513382,1,2.4247,0.2854,,1.731,0.0659,0.614,NOMINAL,NOMINAL,NORMAL,0,
1643112900.0,1786271360.1741223,1,1.3438,0.2484,,1.188,0.0478,0.458,NOMINAL,NOMINAL,TRIGGERED,1,omni_p6
1643113800.0,1786271360.3010185,1,1.746,0.241,,1.571,0.0941,2.021,NOMINAL,PRE_ALERT,TRIGGERED,2,omni_p6
1643114700.0,1786271360.4257913,1,1.87,0.2086,,1.454,0.0863,1.463,PRE_ALERT,NOMINAL,NORMAL,0,
1643115600.0,1786271360.5489008,1,1.4782,0.156,,1.2,0.0467,0.465,NOMINAL,NOMINAL,NORMAL,0,
1643116500.0,1786271360.6741443,1,1.7567,0.2474,,1.174,0.0461,0.458,NOMINAL,NOMINAL,NORMAL,0,
1643117400.0,1786271360.80205,1,2.3911,0.2923,,2.459,0.0669,0.895,NOMINAL,NOMINAL,NORMAL,0,
1643118300.0,1786271360.9246416,1,1.6989,0.2311,,1.331,0.1755,0.919,NOMINAL,NOMINAL,NORMAL,0,
1643119200.0,1786271361.0498672,1,1.8154,0.1974,,1.453,0.0957,0.54,NOMINAL,NOMINAL,TRIGGERED,1,omni_p6
1643120100.0,1786271361.1753836,1,1.2262,0.2778,,1.154,0.072,2.047,NOMINAL,PRE_ALERT,TRIGGERED,2,omni_p6
1643121000.0,1786271361.3009756,1,1.7344,0.2437,,1.761,0.0906,1.76,PRE_ALERT,NOMINAL,NORMAL,0,
1643121900.0,1786271361.4256153,1,2.3025,0.289,,1.782,0.0651,0.593,NOMINAL,NOMINAL,NORMAL,0,
1643122800.0,1786271361.5513306,1,2.2744,0.2927,,2.064,0.2041,0.689,NOMINAL,NOMINAL,NORMAL,0,
1643123700.0,1786271361.6746285,1,1.8667,0.1918,,1.394,0.0529,0.455,NOMINAL,NOMINAL,NORMAL,0,
1643124600.0,1786271361.7993848,1,1.7595,0.1437,,1.466,0.0474,0.44,NOMINAL,NOMINAL,NORMAL,0,
1643125500.0,1786271361.9258416,1,2.2976,0.2875,,1.497,0.048,0.837,NOMINAL,NOMINAL,TRIGGERED,1,omni_p6
1643126400.0,1786271362.0496259,1,2.1301,0.198,,1.414,0.0535,0.458,NOMINAL,NOMINAL,NORMAL,0,
1643127300.0,1786271362.174249,1,1.7049,0.1902,,1.312,0.0504,0.448,NOMINAL,NOMINAL,NORMAL,0,
1643128200.0,1786271362.3006818,1,2.2228,0.2181,,1.51,0.0537,0.51,NOMINAL,NOMINAL,NORMAL,0,
1643129100.0,1786271362.4241693,1,1.3484,0.2407,,1.196,0.0469,0.479,NOMINAL,NOMINAL,NORMAL,0,
1643130000.0,1786271362.5508993,1,2.3538,0.2889,,1.691,0.0591,0.52,NOMINAL,NOMINAL,NORMAL,0,
1643130900.0,1786271362.6750479,1,1.9568,0.2061,,1.605,0.0504,0.441,NOMINAL,NOMINAL,NORMAL,0,
1643131800.0,1786271362.7989163,1,1.831,0.1994,,0.874,0.0334,0.366,NOMINAL,NOMINAL,NORMAL,0,
1643132700.0,1786271362.9241378,1,1.5562,0.1546,,1.104,0.046,0.709,NOMINAL,NOMINAL,NORMAL,0,
1643133600.0,1786271363.0495145,1,1.7114,0.239,,1.453,0.0648,0.591,NOMINAL,NOMINAL,NORMAL,0,
1643134500.0,1786271363.173784,1,1.5,0.175,,1.082,0.0451,0.45,NOMINAL,NOMINAL,NORMAL,0,
1643135400.0,1786271363.2991464,1,1.7563,0.2322,,1.159,0.0621,0.545,NOMINAL,NOMINAL,NORMAL,0,
1643136300.0,1786271363.4247687,1,1.7633,0.1985,,1.521,0.05,0.452,NOMINAL,NOMINAL,NORMAL,0,
1643137200.0,1786271363.549332,1,1.6695,0.1476,,1.278,0.0464,0.485,NOMINAL,NOMINAL,NORMAL,0,
1643138100.0,1786271363.6749878,1,1.9958,0.1989,,1.465,0.0509,0.43,NOMINAL,NOMINAL,NORMAL,0,
1643139000.0,1786271363.7993317,1,1.7898,0.194,,1.062,0.0324,0.303,NOMINAL,NOMINAL,NORMAL,0,
1643139900.0,1786271363.9258955,1,2.299,0.2822,,1.714,0.0531,0.494,NOMINAL,NOMINAL,NORMAL,0,
1643140800.0,1786271364.050315,1,2.1581,0.2867,,1.753,0.0667,0.562,NOMINAL,NOMINAL,NORMAL,0,
1643141700.0,1786271364.1759632,1,2.3341,0.2844,,1.73,0.0642,0.617,NOMINAL,NOMINAL,NORMAL,0,
1643142600.0,1786271364.2988806,1,1.6656,0.2318,,1.148,0.0462,0.597,NOMINAL,NOMINAL,NORMAL,0,
1643143500.0,1786271364.4246764,1,1.7419,0.1829,,1.409,0.0509,0.639,NOMINAL,NOMINAL,NORMAL,0,
1643144400.0,1786271364.550983,1,2.2794,0.2898,,1.647,0.0616,0.67,NOMINAL,NOMINAL,NORMAL,0,
1643145300.0,1786271364.6744473,1,1.6778,0.2478,,1.439,0.0643,0.554,NOMINAL,NOMINAL,NORMAL,0,
1643146200.0,1786271364.7990043,1,1.7486,0.1944,,1.139,0.0323,0.297,NOMINAL,NOMINAL,TRIGGERED,1,omni_p6
1643147100.0,1786271364.9238486,1,1.7466,0.236,,1.143,0.0457,0.419,NOMINAL,NOMINAL,NORMAL,0,
1643148000.0,1786271365.0495734,1,2.0198,0.232,,1.414,0.0525,0.432,NOMINAL,NOMINAL,NORMAL,0,
1643148900.0,1786271365.1737394,1,1.7427,0.1435,,0.859,0.044,0.402,NOMINAL,NOMINAL,NORMAL,0,
1643149800.0,1786271365.3010707,1,2.4754,0.2386,,1.673,0.0532,0.652,NOMINAL,NOMINAL,NORMAL,0,
1643150700.0,1786271365.4242666,1,1.7102,0.2341,,1.166,0.0603,0.631,NOMINAL,NOMINAL,NORMAL,0,
1643151600.0,1786271365.549083,1,1.4019,0.247,,1.234,0.0452,0.449,NOMINAL,NOMINAL,TRIGGERED,1,omni_p6
1643152500.0,1786271365.6759777,1,1.7709,0.1555,,0.887,0.052,2.619,NOMINAL,PRE_ALERT,TRIGGERED,2,omni_p6
1643153400.0,1786271365.8019218,1,2.15,0.2846,,1.604,0.098,2.373,PRE_ALERT,NOMINAL,NORMAL,0,
1643154300.0,1786271365.9266264,1,2.3535,0.2892,,2.346,0.0532,0.511,NOMINAL,NOMINAL,NORMAL,0,
1643155200.0,1786271366.0505834,1,1.8081,0.183,0.8321,1.377,0.0508,0.461,NOMINAL,NOMINAL,NORMAL,0,
1643156100.0,1786271366.1752138,1,2.2775,0.2831,,1.604,0.0642,0.563,NOMINAL,NOMINAL,NORMAL,0,
1643157000.0,1786271366.3005097,1,2.3908,0.2937,,1.416,0.0509,0.485,NOMINAL,NOMINAL,NORMAL,0,
1643157900.0,1786271366.4229763,1,1.2158,0.1467,,1.047,0.0438,0.424,NOMINAL,NOMINAL,TRIGGERED,1,omni_p6
1643158800.0,1786271366.5505056,1,1.2671,0.2355,,1.222,0.0708,2.104,NOMINAL,PRE_ALERT,TRIGGERED,2,omni_p6
1643159700.0,1786271366.6764023,1,2.205,0.2215,,1.367,0.0777,1.634,PRE_ALERT,NOMINAL,NORMAL,0,
1643160600.0,1786271366.8009129,1,2.3602,0.286,,1.678,0.0652,0.587,NOMINAL,NOMINAL,NORMAL,0,
1643161500.0,1786271366.923892,1,1.5432,0.2399,,1.162,0.0452,0.524,NOMINAL,NOMINAL,NORMAL,0,
1643162400.0,1786271367.0499105,1,1.8189,0.1932,,1.41,0.0496,0.501,NOMINAL,NOMINAL,NORMAL,0,
1643163300.0,1786271367.1750617,1,2.1292,0.2738,,1.655,0.0617,0.556,NOMINAL,NOMINAL,NORMAL,0,
1643164200.0,1786271367.3007116,1,2.1877,0.2579,,1.689,0.0549,0.516,NOMINAL,NOMINAL,TRIGGERED,1,omni_p6
1643165100.0,1786271367.4260333,1,1.8741,0.2894,,1.641,0.082,1.642,NOMINAL,PRE_ALERT,TRIGGERED,2,omni_p6
1643166000.0,1786271367.5507762,1,1.7745,0.1887,,1.4,0.0536,1.621,PRE_ALERT,NOMINAL,NORMAL,0,
1643166900.0,1786271367.674366,1,1.6708,0.2475,,1.409,0.0486,0.515,NOMINAL,NOMINAL,NORMAL,0,
1643167800.0,1786271367.7994719,1,1.8023,0.1943,,1.313,0.053,0.439,NOMINAL,NOMINAL,NORMAL,0,
1643168700.0,1786271367.9266226,1,2.3055,0.2915,,1.656,0.0622,1.304,NOMINAL,NOMINAL,NORMAL,0,
1643169600.0,1786271368.0483983,1,1.1981,0.1502,,0.864,0.0329,0.631,NOMINAL,NOMINAL,NORMAL,0,
1643170500.0,1786271368.174007,1,1.6717,0.2898,,1.203,0.0454,0.55,NOMINAL,NOMINAL,TRIGGERED,1,omni_p6
1643171400.0,1786271368.2994223,1,1.7606,0.1936,,1.354,0.0488,0.497,NOMINAL,NOMINAL,NORMAL,0,
1643172300.0,1786271368.4235208,1,1.1928,0.1447,,1.09,0.0476,0.441,NOMINAL,NOMINAL,NORMAL,0,
1643173200.0,1786271368.5488915,1,1.5111,0.1478,,0.929,0.0326,0.539,NOMINAL,NOMINAL,NORMAL,0,
1643174100.0,1786271368.6750224,1,2.3681,0.2254,,1.404,0.048,0.487,NOMINAL,NOMINAL,NORMAL,0,
1643175000.0,1786271368.7990794,1,1.9398,0.2058,,0.903,0.034,0.314,NOMINAL,NOMINAL,NORMAL,0,
1643175900.0,1786271368.925484,1,1.845,0.2018,,1.423,0.0501,1.058,NOMINAL,NOMINAL,NORMAL,0,
1643176800.0,1786271369.0494545,1,1.8545,0.2076,,1.338,0.032,0.327,NOMINAL,NOMINAL,NORMAL,0,
1643177700.0,1786271369.173321,1,1.2871,0.2394,,1.135,0.0441,0.431,NOMINAL,NOMINAL,NORMAL,0,
1643178600.0,1786271369.2995353,1,1.8386,0.2014,,1.321,0.0524,0.559,NOMINAL,NOMINAL,NORMAL,0,
1643179500.0,1786271369.4239266,1,1.4565,0.1501,,1.107,0.047,0.529,NOMINAL,NOMINAL,NORMAL,0,
1643180400.0,1786271369.549294,1,1.7033,0.1506,,1.121,0.047,0.514,NOMINAL,NOMINAL,NORMAL,0,
1643181300.0,1786271369.6740007,1,1.7143,0.3007,,1.133,0.0456,0.444,NOMINAL,NOMINAL,NORMAL,0,
1643182200.0,1786271369.8005538,1,2.3566,0.3189,,1.565,0.0642,0.799,NOMINAL,NOMINAL,NORMAL,0,
1643183100.0,1786271369.9250329,1,1.9249,0.2104,,1.412,0.0529,0.477,NOMINAL,NOMINAL,NORMAL,0,
1643184000.0,1786271370.048945,1,1.7741,0.1544,,0.979,0.0458,0.43,NOMINAL,NOMINAL,NORMAL,0,
1643184900.0,1786271370.1741786,1,1.7584,0.2444,,1.162,0.047,0.513,NOMINAL,NOMINAL,NORMAL,0,
1643185800.0,1786271370.3002014,1,2.2157,0.2903,,1.638,0.0637,0.606,NOMINAL,NOMINAL,NORMAL,0,
1643186700.0,1786271370.4251366,1,1.8572,0.2018,,1.721,0.0524,0.512,NOMINAL,NOMINAL,TRIGGERED,1,omni_p6
1643187600.0,1786271370.5502522,1,2.4595,0.2787,,1.429,0.0517,0.455,NOMINAL,NOMINAL,NORMAL,0,
1643188500.0,1786271370.6740277,1,1.7402,0.3251,,1.17,0.047,0.438,NOMINAL,NOMINAL,NORMAL,0,
1643189400.0,1786271370.800523,1,2.351,0.3062,,1.645,0.0693,0.679,NOMINAL,NOMINAL,NORMAL,0,
1643190300.0,1786271370.9250069,1,1.9806,0.2093,,1.35,0.0534,0.479,NOMINAL,NOMINAL,NORMAL,0,
1643191200.0,1786271371.0492144,1,1.7738,0.2118,,1.366,0.0318,0.321,NOMINAL,NOMINAL,NORMAL,0,
1643192100.0,1786271371.173111,1,1.2232,0.1521,,1.141,0.0472,0.459,NOMINAL,NOMINAL,TRIGGERED,1,omni_p6
1643193000.0,1786271371.3016841,1,1.7226,0.2395,,1.115,0.1015,3.138,NOMINAL,PRE_ALERT,TRIGGERED,2,omni_p6
1643193900.0,1786271371.425624,1,1.7211,0.1857,,1.314,0.1045,1.67,PRE_ALERT,NOMINAL,NORMAL,0,
1643194800.0,1786271371.5490077,1,1.8378,0.2006,,0.947,0.0346,0.31,NOMINAL,NOMINAL,NORMAL,0,
1643195700.0,1786271371.6743479,1,1.792,0.1941,,1.332,0.0501,0.46,NOMINAL,NOMINAL,NORMAL,0,
1643196600.0,1786271371.799481,1,1.8054,0.1925,,1.326,0.0537,0.489,NOMINAL,NOMINAL,NORMAL,0,
1643197500.0,1786271371.924022,1,1.7227,0.2379,,1.11,0.0466,0.429,NOMINAL,NOMINAL,NORMAL,0,
1643198400.0,1786271372.0487938,1,1.691,0.1887,,1.019,0.033,0.303,NOMINAL,NOMINAL,TRIGGERED,1,omni_p6
1643199300.0,1786271372.1746967,1,1.1649,0.1422,,1.142,0.0699,2.172,NOMINAL,PRE_ALERT,TRIGGERED,2,omni_p6
1643200200.0,1786271372.3003573,1,1.3558,0.1654,,1.496,0.0853,2.049,PRE_ALERT,NOMINAL,NORMAL,0,
1643201100.0,1786271372.424435,1,1.6727,0.2263,,1.385,0.063,0.634,NOMINAL,NOMINAL,NORMAL,0,
1643202000.0,1786271372.5489154,1,1.4161,0.2442,,1.217,0.045,0.437,NOMINAL,NOMINAL,NORMAL,0,
1643202900.0,1786271372.674532,1,1.8473,0.1975,,1.365,0.0513,0.497,NOMINAL,NOMINAL,NORMAL,0,
1643203800.0,1786271372.7983165,1,1.2579,0.154,,1.007,0.0449,0.456,NOMINAL,NOMINAL,TRIGGERED,1,omni_p6
1643204700.0,1786271372.9277802,1,2.3993,0.2987,,1.721,0.1015,2.663,NOMINAL,PRE_ALERT,TRIGGERED,2,omni_p6
1643205600.0,1786271373.0505605,1,1.6567,0.2401,,1.184,0.0701,2.001,PRE_ALERT,NOMINAL,NORMAL,0,
1643206500.0,1786271373.1749575,1,1.6888,0.3284,,1.668,0.065,0.831,NOMINAL,NOMINAL,NORMAL,0,
1643207400.0,1786271373.298416,1,1.1989,0.1444,,1.037,0.0458,0.572,NOMINAL,NOMINAL,NORMAL,0,
1643208300.0,1786271373.4243078,1,1.7264,0.2343,,1.208,0.0496,0.565,NOMINAL,NOMINAL,NORMAL,0,
1643209200.0,1786271373.549799,1,1.7745,0.2173,,1.559,0.0498,0.444,NOMINAL,NOMINAL,NORMAL,0,
1643210100.0,1786271373.674687,1,1.7758,0.1977,,1.632,0.0517,0.453,NOMINAL,NOMINAL,TRIGGERED,1,omni_p6
1643211000.0,1786271373.800998,1,1.7673,0.1981,,1.571,0.0826,1.699,NOMINAL,PRE_ALERT,TRIGGERED,2,omni_p6
1643211900.0,1786271373.925719,1,1.7398,0.2407,,1.183,0.0699,2.003,PRE_ALERT,NOMINAL,NORMAL,0,
1643212800.0,1786271374.0493534,1,1.697,0.191,,1.349,0.0504,0.478,NOMINAL,NOMINAL,NORMAL,0,
1643213700.0,1786271374.1746647,1,2.0636,0.2306,,1.476,0.0605,0.511,NOMINAL,NOMINAL,NORMAL,0,
1643214600.0,1786271374.299137,1,1.7831,0.1923,,1.034,0.0335,0.46,NOMINAL,NOMINAL,NORMAL,0,
1643215500.0,1786271374.4242394,1,1.6904,0.2402,,1.149,0.0615,0.64,NOMINAL,NOMINAL,NORMAL,0,
1643216400.0,1786271374.5510757,1,2.3982,0.2968,,1.788,0.0503,0.457,NOMINAL,NOMINAL,NORMAL,0,
1643217300.0,1786271374.6743524,1,1.7866,0.1918,,1.316,0.0505,0.449,NOMINAL,NOMINAL,NORMAL,0,
1643218200.0,1786271374.7996511,1,1.8031,0.1905,,1.175,0.051,0.469,NOMINAL,NOMINAL,NORMAL,0,
1643219100.0,1786271374.9240205,1,1.8417,0.1717,,0.868,0.046,0.422,NOMINAL,NOMINAL,NORMAL,0,
1643220000.0,1786271375.0495148,1,1.6661,0.2546,,1.656,0.0545,0.493,NOMINAL,NOMINAL,NORMAL,0,
1643220900.0,1786271375.174308,1,1.7416,0.1868,,1.309,0.0519,0.465,NOMINAL,NOMINAL,NORMAL,0,
1643221800.0,1786271375.2998488,1,1.8457,0.2901,,1.671,0.0641,0.554,NOMINAL,NOMINAL,NORMAL,0,
1643222700.0,1786271375.424072,1,1.6689,0.1877,,1.254,0.0325,0.338,NOMINAL,NOMINAL,NORMAL,0,
1643223600.0,1786271375.5495074,1,1.7442,0.2093,,1.436,0.0485,0.444,NOMINAL,NOMINAL,NORMAL,0,
1643224500.0,1786271375.6747255,1,1.8884,0.2125,,1.404,0.0508,0.46,NOMINAL,NOMINAL,NORMAL,0,
1643225400.0,1786271375.7989287,1,1.7301,0.2351,,1.082,0.0449,0.428,NOMINAL,NOMINAL,NORMAL,0,
1643226300.0,1786271375.924369,1,1.7892,0.2029,,1.312,0.0708,0.425,NOMINAL,NOMINAL,NORMAL,0,
1643227200.0,1786271376.048975,1,1.6738,0.2348,,1.154,0.0449,0.469,NOMINAL,NOMINAL,NORMAL,0,
1643228100.0,1786271376.1747994,1,1.6757,0.2968,,1.606,0.0619,0.701,NOMINAL,NOMINAL,NORMAL,0,
1643229000.0,1786271376.298701,1,1.528,0.1454,,1.019,0.0466,0.443,NOMINAL,NOMINAL,NORMAL,0,
1643229900.0,1786271376.4251058,1,2.1919,0.1995,,1.38,0.0499,0.468,NOMINAL,NOMINAL,NORMAL,0,
1643230800.0,1786271376.5485578,1,1.1697,0.2359,,1.144,0.0494,0.547,NOMINAL,NOMINAL,TRIGGERED,1,omni_p6
1643231700.0,1786271376.6755064,1,1.735,0.1941,,1.255,0.0812,1.706,NOMINAL,PRE_ALERT,TRIGGERED,2,omni_p6
1643232600.0,1786271376.8009262,1,1.7552,0.2371,,1.057,0.0703,2.415,PRE_ALERT,NOMINAL,NORMAL,0,
1643233500.0,1786271376.9239423,1,1.7752,0.2452,,1.131,0.0473,0.469,NOMINAL,NOMINAL,NORMAL,0,
1643234400.0,1786271377.0488763,1,1.678,0.2333,,1.15,0.0451,0.422,NOMINAL,NOMINAL,NORMAL,0,
1643235300.0,1786271377.1741319,1,1.7559,0.1903,,1.184,0.034,0.409,NOMINAL,NOMINAL,NORMAL,0,
1643236200.0,1786271377.3018682,1,3.0714,0.2681,,1.759,0.0624,0.76,NOMINAL,NOMINAL,NORMAL,0,
1643237100.0,1786271377.4245145,1,1.7469,0.1975,,1.46,0.0323,0.314,NOMINAL,NOMINAL,TRIGGERED,1,omni_p6
1643238000.0,1786271377.5508132,1,1.7629,0.2044,,1.506,0.083,1.627,NOMINAL,PRE_ALERT,TRIGGERED,2,omni_p6
1643238900.0,1786271377.6767197,1,1.708,0.231,,1.142,0.0959,2.894,PRE_ALERT,NOMINAL,NORMAL,0,
1643239800.0,1786271377.8003147,1,2.0834,0.1908,,1.591,0.0508,0.472,NOMINAL,NOMINAL,NORMAL,0,
1643240700.0,1786271377.9255905,1,2.3239,0.2348,,1.464,0.052,0.459,NOMINAL,NOMINAL,NORMAL,0,
1643241600.0,1786271378.0487313,1,1.1874,0.1373,0.5955,1.139,0.049,0.433,NOMINAL,NOMINAL,NORMAL,0,
