08-23-2026 04:29:21 RAM 2305/7620MB (lfb 23x4MB) SWAP 0/12002MB (cached 0MB) CPU [5%@1510,1%@1510,1%@1510,0%@1510,1%@1510,1%@1510] GR3D_FREQ 0% cpu@46.375C soc2@45.875C soc0@44.218C gpu@45.781C tj@46.375C soc1@44.187C VDD_IN 4353mW/4353mW VDD_CPU_GPU_CV 1076mW/1076mW VDD_SOC 1397mW/1397mW
08-23-2026 04:29:22 RAM 2306/7620MB (lfb 23x4MB) SWAP 0/12002MB (cached 0MB) CPU [5%@1510,1%@1510,0%@1510,0%@1510,1%@1510,1%@1510] GR3D_FREQ 0% cpu@46.531C soc2@45.875C soc0@44.125C gpu@45.781C tj@46.531C soc1@44.218C VDD_IN 4240mW/4296mW VDD_CPU_GPU_CV 996mW/1036mW VDD_SOC 1397mW/1397mW
08-23-2026 04:29:23 RAM 2305/7620MB (lfb 23x4MB) SWAP 0/12002MB (cached 0MB) CPU [6%@1510,0%@1510,0%@1510,0%@1510,0%@1510,0%@1510] GR3D_FREQ 0% cpu@46.781C soc2@45.718C soc0@44.125C gpu@45.75C tj@46.781C soc1@44.218C VDD_IN 4233mW/4275mW VDD_CPU_GPU_CV 996mW/1022mW VDD_SOC 1397mW/1397mW
08-23-2026 04:29:24 RAM 2304/7620MB (lfb 23x4MB) SWAP 0/12002MB (cached 0MB) CPU [6%@1510,1%@1510,0%@1510,2%@1510,4%@1510,2%@1510] GR3D_FREQ 0% cpu@46.593C soc2@45.843C soc0@44.218C gpu@45.75C tj@46.593C soc1@44.093C VDD_IN 4313mW/4284mW VDD_CPU_GPU_CV 1036mW/1026mW VDD_SOC 1397mW/1397mW
08-23-2026 04:29:25 RAM 2307/7620MB (lfb 23x4MB) SWAP 0/12002MB (cached 0MB) CPU [7%@1510,1%@1510,6%@1510,2%@1510,6%@1510,4%@1510] GR3D_FREQ 0% cpu@46.406C soc2@45.875C soc0@44.218C gpu@45.812C tj@46.406C soc1@44.031C VDD_IN 4392mW/4306mW VDD_CPU_GPU_CV 1076mW/1036mW VDD_SOC 1397mW/1397mW
08-23-2026 04:29:26 RAM 2307/7620MB (lfb 23x4MB) SWAP 0/12002MB (cached 0MB) CPU [5%@1510,0%@1510,1%@1510,1%@1510,0%@1510,1%@1510] GR3D_FREQ 0% cpu@46.375C soc2@45.843C soc0@44.218C gpu@45.843C tj@46.375C soc1@44.125C VDD_IN 4273mW/4300mW VDD_CPU_GPU_CV 996mW/1029mW VDD_SOC 1397mW/1397mW
08-23-2026 04:29:27 RAM 2308/7620MB (lfb 23x4MB) SWAP 0/12002MB (cached 0MB) CPU [6%@1510,0%@1510,0%@1510,0%@1510,2%@1510,0%@1510] GR3D_FREQ 0% cpu@46.437C soc2@45.875C soc0@44.125C gpu@45.968C tj@46.437C soc1@44.187C VDD_IN 4240mW/4292mW VDD_CPU_GPU_CV 998mW/1024mW VDD_SOC 1397mW/1397mW
08-23-2026 04:29:28 RAM 2307/7620MB (lfb 23x4MB) SWAP 0/12002MB (cached 0MB) CPU [6%@1510,1%@1510,2%@1510,0%@1510,1%@1510,0%@1510] GR3D_FREQ 0% cpu@46.718C soc2@45.843C soc0@44.156C gpu@46.093C tj@46.718C soc1@44.218C VDD_IN 4240mW/4285mW VDD_CPU_GPU_CV 996mW/1021mW VDD_SOC 1397mW/1397mW
08-23-2026 04:29:29 RAM 2308/7620MB (lfb 23x4MB) SWAP 0/12002MB (cached 0MB) CPU [4%@1510,1%@1510,1%@1510,3%@1510,1%@1510,2%@1510] GR3D_FREQ 0% cpu@46.531C soc2@45.781C soc0@44.125C gpu@46.031C tj@46.531C soc1@44.093C VDD_IN 4240mW/4280mW VDD_CPU_GPU_CV 996mW/1018mW VDD_SOC 1397mW/1397mW
08-23-2026 04:29:30 RAM 2312/7620MB (lfb 23x4MB) SWAP 0/12002MB (cached 0MB) CPU [7%@1510,1%@1510,4%@1510,7%@1510,3%@1510,2%@1510] GR3D_FREQ 0% cpu@46.343C soc2@45.875C soc0@44.281C gpu@46.156C tj@46.343C soc1@44.062C VDD_IN 4353mW/4287mW VDD_CPU_GPU_CV 1076mW/1024mW VDD_SOC 1397mW/1397mW
08-23-2026 04:29:31 RAM 2312/7620MB (lfb 23x4MB) SWAP 0/12002MB (cached 0MB) CPU [5%@1510,1%@1510,0%@1510,1%@1510,0%@1510,1%@1510] GR3D_FREQ 0% cpu@46.375C soc2@45.781C soc0@44.25C gpu@46.218C tj@46.375C soc1@44.031C VDD_IN 4233mW/4282mW VDD_CPU_GPU_CV 996mW/1021mW VDD_SOC 1397mW/1397mW
08-23-2026 04:29:32 RAM 2312/7620MB (lfb 23x4MB) SWAP 0/12002MB (cached 0MB) CPU [5%@1510,2%@1510,0%@1510,0%@1510,1%@1510,0%@1510] GR3D_FREQ 0% cpu@46.468C soc2@45.812C soc0@44C gpu@46.062C tj@46.468C soc1@44.187C VDD_IN 4240mW/4279mW VDD_CPU_GPU_CV 998mW/1019mW VDD_SOC 1397mW/1397mW
08-23-2026 04:29:33 RAM 2312/7620MB (lfb 23x4MB) SWAP 0/12002MB (cached 0MB) CPU [6%@1510,1%@1510,0%@1510,0%@1510,0%@1510,0%@1510] GR3D_FREQ 0% cpu@46.687C soc2@45.75C soc0@44.062C gpu@46.218C tj@46.687C soc1@44.25C VDD_IN 4240mW/4276mW VDD_CPU_GPU_CV 998mW/1018mW VDD_SOC 1397mW/1397mW
08-23-2026 04:29:34 RAM 2312/7620MB (lfb 23x4MB) SWAP 0/12002MB (cached 0MB) CPU [6%@1510,2%@1510,1%@1510,1%@1510,1%@1510,1%@1510] GR3D_FREQ 0% cpu@46.5C soc2@45.781C soc0@44.093C gpu@45.656C tj@46.5C soc1@44.093C VDD_IN 4240mW/4273mW VDD_CPU_GPU_CV 998mW/1016mW VDD_SOC 1397mW/1397mW
08-23-2026 04:29:35 RAM 2313/7620MB (lfb 23x4MB) SWAP 0/12002MB (cached 0MB) CPU [6%@1510,1%@1510,3%@1510,6%@1510,3%@1510,5%@1510] GR3D_FREQ 0% cpu@46.406C soc2@45.812C soc0@44.312C gpu@45.781C tj@46.312C soc1@44.062C VDD_IN 4353mW/4278mW VDD_CPU_GPU_CV 1076mW/1020mW VDD_SOC 1397mW/1397mW
08-23-2026 04:29:36 RAM 2312/7620MB (lfb 23x4MB) SWAP 0/12002MB (cached 0MB) CPU [4%@1510,0%@1510,0%@1510,1%@1510,0%@1510,1%@1510] GR3D_FREQ 0% cpu@46.343C soc2@45.875C soc0@44.25C gpu@45.812C tj@46.343C soc1@44.125C VDD_IN 4273mW/4278mW VDD_CPU_GPU_CV 996mW/1019mW VDD_SOC 1397mW/1397mW
08-23-2026 04:29:37 RAM 2313/7620MB (lfb 23x4MB) SWAP 0/12002MB (cached 0MB) CPU [4%@1510,1%@1510,1%@1510,1%@1510,0%@1510,0%@1510] GR3D_FREQ 0% cpu@46.437C soc2@45.875C soc0@44.062C gpu@45.875C tj@46.437C soc1@44.062C VDD_IN 4240mW/4276mW VDD_CPU_GPU_CV 996mW/1017mW VDD_SOC 1397mW/1397mW
08-23-2026 04:29:38 RAM 2313/7620MB (lfb 23x4MB) SWAP 0/12002MB (cached 0MB) CPU [6%@1510,1%@1510,0%@1510,1%@1510,0%@1510,1%@1510] GR3D_FREQ 0% cpu@46.406C soc2@45.812C soc0@44.125C gpu@45.875C tj@46.625C soc1@44.218C VDD_IN 4240mW/4274mW VDD_CPU_GPU_CV 998mW/1016mW VDD_SOC 1397mW/1397mW
08-23-2026 04:29:39 RAM 2313/7620MB (lfb 23x4MB) SWAP 0/12002MB (cached 0MB) CPU [5%@1510,0%@1510,1%@1510,1%@1510,0%@1510,0%@1510] GR3D_FREQ 0% cpu@46.468C soc2@45.812C soc0@44.156C gpu@45.875C tj@46.468C soc1@44.062C VDD_IN 4240mW/4272mW VDD_CPU_GPU_CV 998mW/1015mW VDD_SOC 1397mW/1397mW
08-23-2026 04:29:40 RAM 2314/7620MB (lfb 23x4MB) SWAP 0/12002MB (cached 0MB) CPU [7%@1510,1%@1510,2%@1510,4%@1510,4%@1510,7%@1510] GR3D_FREQ 0% cpu@46.25C soc2@45.812C soc0@44.218C gpu@45.812C tj@46.25C soc1@44.031C VDD_IN 4353mW/4276mW VDD_CPU_GPU_CV 1076mW/1018mW VDD_SOC 1397mW/1397mW
08-23-2026 04:29:41 RAM 2315/7620MB (lfb 23x4MB) SWAP 0/12002MB (cached 0MB) CPU [4%@1510,0%@1510,1%@1510,0%@1510,0%@1510,0%@1510] GR3D_FREQ 0% cpu@46.343C soc2@45.875C soc0@44.218C gpu@45.906C tj@46.343C soc1@44.062C VDD_IN 4233mW/4274mW VDD_CPU_GPU_CV 996mW/1017mW VDD_SOC 1397mW/1397mW
08-23-2026 04:29:42 RAM 2314/7620MB (lfb 23x4MB) SWAP 0/12002MB (cached 0MB) CPU [5%@1510,1%@1510,0%@1510,0%@1510,0%@1510,0%@1510] GR3D_FREQ 0% cpu@46.437C soc2@45.906C soc0@44.156C gpu@45.718C tj@46.437C soc1@44.093C VDD_IN 4240mW/4272mW VDD_CPU_GPU_CV 998mW/1016mW VDD_SOC 1397mW/1397mW
08-23-2026 04:29:43 RAM 2314/7620MB (lfb 23x4MB) SWAP 0/12002MB (cached 0MB) CPU [5%@1510,1%@1510,0%@1510,0%@1510,0%@1510,0%@1510] GR3D_FREQ 0% cpu@46.406C soc2@45.75C soc0@44.156C gpu@45.781C tj@46.625C soc1@44.156C VDD_IN 4240mW/4271mW VDD_CPU_GPU_CV 998mW/1015mW VDD_SOC 1397mW/1397mW
08-23-2026 04:29:44 RAM 2314/7620MB (lfb 23x4MB) SWAP 0/12002MB (cached 0MB) CPU [5%@1510,1%@1510,1%@1510,0%@1510,0%@1510,0%@1510] GR3D_FREQ 0% cpu@46.593C soc2@45.843C soc0@44.156C gpu@45.812C tj@46.593C soc1@44.125C VDD_IN 4240mW/4270mW VDD_CPU_GPU_CV 996mW/1015mW VDD_SOC 1397mW/1397mW
08-23-2026 04:29:45 RAM 2314/7620MB (lfb 23x4MB) SWAP 0/12002MB (cached 0MB) CPU [7%@1510,0%@1510,6%@1510,5%@1510,4%@1510,3%@1510] GR3D_FREQ 0% cpu@46.343C soc2@45.843C soc0@44.187C gpu@45.75C tj@46.343C soc1@44.125C VDD_IN 4353mW/4273mW VDD_CPU_GPU_CV 1076mW/1017mW VDD_SOC 1397mW/1397mW
08-23-2026 04:29:46 RAM 2315/7620MB (lfb 23x4MB) SWAP 0/12002MB (cached 0MB) CPU [6%@1510,1%@1510,0%@1510,0%@1510,0%@1510,1%@1510] GR3D_FREQ 0% cpu@46.343C soc2@45.843C soc0@44.218C gpu@45.812C tj@46.343C soc1@44.093C VDD_IN 4273mW/4273mW VDD_CPU_GPU_CV 996mW/1016mW VDD_SOC 1397mW/1397mW
08-23-2026 04:29:47 RAM 2315/7620MB (lfb 23x4MB) SWAP 0/12002MB (cached 0MB) CPU [4%@1510,0%@1510,1%@1510,1%@1510,1%@1510,0%@1510] GR3D_FREQ 0% cpu@46.5C soc2@45.906C soc0@44.343C gpu@45.75C tj@46.5C soc1@44.218C VDD_IN 4240mW/4272mW VDD_CPU_GPU_CV 996mW/1015mW VDD_SOC 1397mW/1397mW
08-23-2026 04:29:48 RAM 2314/7620MB (lfb 23x4MB) SWAP 0/12002MB (cached 0MB) CPU [6%@1510,0%@1510,0%@1510,0%@1510,0%@1510,0%@1510] GR3D_FREQ 0% cpu@46.375C soc2@45.875C soc0@44.187C gpu@45.875C tj@46.656C soc1@44.25C VDD_IN 4240mW/4271mW VDD_CPU_GPU_CV 998mW/1015mW VDD_SOC 1397mW/1397mW
08-23-2026 04:29:49 RAM 2314/7620MB (lfb 23x4MB) SWAP 0/12002MB (cached 0MB) CPU [5%@1510,1%@1510,1%@1510,0%@1510,0%@1510,1%@1510] GR3D_FREQ 0% cpu@46.562C soc2@45.812C soc0@44.187C gpu@45.843C tj@46.562C soc1@44.312C VDD_IN 4240mW/4269mW VDD_CPU_GPU_CV 998mW/1014mW VDD_SOC 1397mW/1397mW
08-23-2026 04:29:50 RAM 2330/7620MB (lfb 23x4MB) SWAP 0/12002MB (cached 0MB) CPU [5%@1510,0%@1510,21%@1510,3%@1510,3%@1510,4%@1510] GR3D_FREQ 0% cpu@46.843C soc2@45.812C soc0@44.187C gpu@46.093C tj@46.843C soc1@44.156C VDD_IN 4617mW/4281mW VDD_CPU_GPU_CV 1271mW/1023mW VDD_SOC 1393mW/1396mW
08-23-2026 04:29:51 RAM 2357/7620MB (lfb 23x4MB) SWAP 0/12002MB (cached 0MB) CPU [11%@1510,8%@1510,55%@1510,9%@1510,7%@1510,12%@1510] GR3D_FREQ 0% cpu@46.562C soc2@45.968C soc0@44.312C gpu@46.093C tj@46.562C soc1@44.187C VDD_IN 4625mW/4292mW VDD_CPU_GPU_CV 1273mW/1031mW VDD_SOC 1393mW/1396mW
08-23-2026 04:29:52 RAM 2370/7620MB (lfb 23x4MB) SWAP 0/12002MB (cached 0MB) CPU [12%@1510,8%@1510,9%@1510,8%@1510,8%@1510,19%@1510] GR3D_FREQ 0% cpu@46.843C soc2@45.906C soc0@44.343C gpu@46.187C tj@46.843C soc1@44.218C VDD_IN 4856mW/4310mW VDD_CPU_GPU_CV 1510mW/1046mW VDD_SOC 1393mW/1396mW
08-23-2026 04:29:53 RAM 2522/7620MB (lfb 6x4MB) SWAP 0/12002MB (cached 0MB) CPU [6%@1510,1%@1510,0%@1510,0%@1510,1%@1510,100%@1510] GR3D_FREQ 0% cpu@46.781C soc2@46.031C soc0@44.25C gpu@46.312C tj@46.781C soc1@44.375C VDD_IN 5079mW/4333mW VDD_CPU_GPU_CV 1545mW/1061mW VDD_SOC 1428mW/1397mW
08-23-2026 04:29:54 RAM 2568/7620MB (lfb 6x4MB) SWAP 0/12002MB (cached 0MB) CPU [9%@1510,16%@1510,4%@1510,3%@1510,2%@1510,100%@1510] GR3D_FREQ 0% cpu@47.093C soc2@45.968C soc0@44.218C gpu@46.312C tj@47.093C soc1@44.375C VDD_IN 5396mW/4364mW VDD_CPU_GPU_CV 1740mW/1081mW VDD_SOC 1465mW/1399mW
08-23-2026 04:29:55 RAM 2595/7620MB (lfb 7x4MB) SWAP 0/12002MB (cached 0MB) CPU [18%@1510,18%@1510,9%@1510,6%@1510,9%@1510,49%@1510] GR3D_FREQ 0% cpu@46.625C soc2@45.968C soc0@44.343C gpu@46.406C tj@46.625C soc1@44.25C VDD_IN 4737mW/4375mW VDD_CPU_GPU_CV 1311mW/1087mW VDD_SOC 1433mW/1400mW
08-23-2026 04:29:56 RAM 2609/7620MB (lfb 7x4MB) SWAP 0/12002MB (cached 0MB) CPU [12%@1510,20%@1510,9%@1510,9%@1510,9%@1510,8%@1510] GR3D_FREQ 0% cpu@46.906C soc2@45.937C soc0@44.375C gpu@46.406C tj@46.906C soc1@44.312C VDD_IN 4976mW/4392mW VDD_CPU_GPU_CV 1550mW/1100mW VDD_SOC 1433mW/1401mW
08-23-2026 04:29:57 RAM 2921/7620MB (lfb 7x4MB) SWAP 0/12002MB (cached 0MB) CPU [8%@1510,22%@1510,7%@1510,7%@1510,7%@1510,75%@1510] GR3D_FREQ 0% cpu@47C soc2@46.062C soc0@44.531C gpu@46C tj@47C soc1@44.375C VDD_IN 5396mW/4419mW VDD_CPU_GPU_CV 1661mW/1115mW VDD_SOC 1505mW/1404mW
08-23-2026 04:29:58 RAM 3004/7620MB (lfb 7x4MB) SWAP 0/12002MB (cached 0MB) CPU [8%@1510,21%@1510,1%@1510,0%@1510,2%@1510,1%@1510] GR3D_FREQ 0% cpu@46.75C soc2@46.062C soc0@44.281C gpu@46.031C tj@46.937C soc1@44.375C VDD_IN 4472mW/4420mW VDD_CPU_GPU_CV 1114mW/1115mW VDD_SOC 1395mW/1403mW
08-23-2026 04:29:59 RAM 3005/7620MB (lfb 7x4MB) SWAP 0/12002MB (cached 0MB) CPU [10%@1510,4%@1510,4%@1510,1%@1510,1%@1510,3%@1510] GR3D_FREQ 0% cpu@46.843C soc2@45.937C soc0@44.375C gpu@46.093C tj@46.843C soc1@44.375C VDD_IN 4353mW/4418mW VDD_CPU_GPU_CV 1076mW/1114mW VDD_SOC 1397mW/1403mW
08-23-2026 04:30:00 RAM 3005/7620MB (lfb 7x4MB) SWAP 0/12002MB (cached 0MB) CPU [11%@1510,3%@1510,5%@1510,4%@1510,3%@1510,6%@1510] GR3D_FREQ 0% cpu@46.562C soc2@45.937C soc0@44.281C gpu@46.125C tj@46.562C soc1@44.281C VDD_IN 4432mW/4419mW VDD_CPU_GPU_CV 1116mW/1114mW VDD_SOC 1397mW/1403mW
08-23-2026 04:30:01 RAM 3007/7620MB (lfb 7x4MB) SWAP 0/12002MB (cached 0MB) CPU [10%@1510,5%@1510,5%@1510,4%@1510,3%@1510,2%@1510] GR3D_FREQ 0% cpu@46.625C soc2@46C soc0@44.375C gpu@46.093C tj@46.625C soc1@44.312C VDD_IN 4432mW/4419mW VDD_CPU_GPU_CV 1116mW/1114mW VDD_SOC 1397mW/1403mW
08-23-2026 04:30:02 RAM 3007/7620MB (lfb 7x4MB) SWAP 0/12002MB (cached 0MB) CPU [8%@1510,3%@1510,2%@1510,5%@1510,2%@1510,3%@1510] GR3D_FREQ 0% cpu@46.687C soc2@46.031C soc0@44.406C gpu@46.156C tj@46.687C soc1@44.25C VDD_IN 4353mW/4417mW VDD_CPU_GPU_CV 1076mW/1113mW VDD_SOC 1397mW/1403mW
08-23-2026 04:30:04 RAM 3007/7620MB (lfb 7x4MB) SWAP 0/12002MB (cached 0MB) CPU [7%@1510,2%@1510,1%@1510,4%@1510,3%@1510,4%@1510] GR3D_FREQ 0% cpu@46.562C soc2@46.125C soc0@44.25C gpu@45.968C tj@46.843C soc1@44.343C VDD_IN 4353mW/4416mW VDD_CPU_GPU_CV 1036mW/1112mW VDD_SOC 1397mW/1403mW
08-23-2026 04:30:05 RAM 3007/7620MB (lfb 7x4MB) SWAP 0/12002MB (cached 0MB) CPU [6%@1510,1%@1510,3%@1510,4%@1510,2%@1510,3%@1510] GR3D_FREQ 0% cpu@46.687C soc2@46C soc0@44.343C gpu@45.875C tj@46.687C soc1@44.437C VDD_IN 4353mW/4414mW VDD_CPU_GPU_CV 1036mW/1110mW VDD_SOC 1397mW/1403mW
08-23-2026 04:30:06 RAM 3009/7620MB (lfb 7x4MB) SWAP 0/12002MB (cached 0MB) CPU [9%@1510,1%@1510,5%@1510,4%@1510,3%@1510,4%@1510] GR3D_FREQ 0% cpu@46.625C soc2@45.937C soc0@44.343C gpu@46C tj@46.625C soc1@44.281C VDD_IN 4392mW/4414mW VDD_CPU_GPU_CV 1076mW/1109mW VDD_SOC 1397mW/1402mW
08-23-2026 04:30:07 RAM 3010/7620MB (lfb 7x4MB) SWAP 0/12002MB (cached 0MB) CPU [7%@1510,2%@1510,3%@1510,7%@1510,5%@1510,4%@1510] GR3D_FREQ 0% cpu@46.593C soc2@46C soc0@44.468C gpu@46.031C tj@46.593C soc1@44.375C VDD_IN 4392mW/4413mW VDD_CPU_GPU_CV 1116mW/1109mW VDD_SOC 1397mW/1402mW
08-23-2026 04:30:08 RAM 3012/7620MB (lfb 7x4MB) SWAP 0/12002MB (cached 0MB) CPU [8%@1510,0%@1510,4%@1510,4%@1510,2%@1510,4%@1510] GR3D_FREQ 0% cpu@46.75C soc2@46.031C soc0@44.312C gpu@46C tj@46.75C soc1@44.375C VDD_IN 4392mW/4413mW VDD_CPU_GPU_CV 1076mW/1109mW VDD_SOC 1397mW/1402mW
08-23-2026 04:30:09 RAM 3012/7620MB (lfb 7x4MB) SWAP 0/12002MB (cached 0MB) CPU [7%@1510,2%@1510,2%@1510,3%@1510,2%@1510,3%@1510] GR3D_FREQ 0% cpu@46.906C soc2@46C soc0@44.312C gpu@46.187C tj@46.906C soc1@44.406C VDD_IN 4353mW/4412mW VDD_CPU_GPU_CV 1076mW/1108mW VDD_SOC 1397mW/1402mW
08-23-2026 04:30:10 RAM 3012/7620MB (lfb 7x4MB) SWAP 0/12002MB (cached 0MB) CPU [6%@1510,2%@1510,2%@1510,4%@1510,1%@1510,2%@1510] GR3D_FREQ 0% cpu@46.718C soc2@45.968C soc0@44.343C gpu@46.187C tj@46.718C soc1@44.468C VDD_IN 4353mW/4411mW VDD_CPU_GPU_CV 1076mW/1107mW VDD_SOC 1397mW/1402mW
08-23-2026 04:30:11 RAM 3011/7620MB (lfb 7x4MB) SWAP 0/12002MB (cached 0MB) CPU [10%@1510,2%@1510,3%@1510,6%@1510,3%@1510,3%@1510] GR3D_FREQ 0% cpu@46.531C soc2@46.031C soc0@44.437C gpu@46.25C tj@46.531C soc1@44.375C VDD_IN 4432mW/4411mW VDD_CPU_GPU_CV 1116mW/1107mW VDD_SOC 1395mW/1402mW
08-23-2026 04:30:12 RAM 3011/7620MB (lfb 7x4MB) SWAP 0/12002MB (cached 0MB) CPU [9%@1510,4%@1510,4%@1510,7%@1510,5%@1510,4%@1510] GR3D_FREQ 0% cpu@46.656C soc2@46.062C soc0@44.5C gpu@46.25C tj@46.656C soc1@44.312C VDD_IN 4432mW/4411mW VDD_CPU_GPU_CV 1116mW/1107mW VDD_SOC 1395mW/1402mW
08-23-2026 04:30:13 RAM 3011/7620MB (lfb 7x4MB) SWAP 0/12002MB (cached 0MB) CPU [8%@1510,2%@1510,4%@1510,4%@1510,2%@1510,2%@1510] GR3D_FREQ 0% cpu@46.687C soc2@46C soc0@44.343C gpu@46.312C tj@46.687C soc1@44.468C VDD_IN 4392mW/4411mW VDD_CPU_GPU_CV 1076mW/1107mW VDD_SOC 1397mW/1402mW
08-23-2026 04:30:14 RAM 3011/7620MB (lfb 7x4MB) SWAP 0/12002MB (cached 0MB) CPU [7%@1510,3%@1510,2%@1510,3%@1510,2%@1510,2%@1510] GR3D_FREQ 0% cpu@46.906C soc2@45.906C soc0@44.343C gpu@46.031C tj@46.906C soc1@44.406C VDD_IN 4353mW/4410mW VDD_CPU_GPU_CV 1076mW/1106mW VDD_SOC 1397mW/1401mW
08-23-2026 04:30:15 RAM 3011/7620MB (lfb 7x4MB) SWAP 0/12002MB (cached 0MB) CPU [8%@1510,4%@1510,3%@1510,4%@1510,1%@1510,2%@1510] GR3D_FREQ 0% cpu@46.718C soc2@46.031C soc0@44.375C gpu@46C tj@46.718C soc1@44.5C VDD_IN 4353mW/4409mW VDD_CPU_GPU_CV 1076mW/1106mW VDD_SOC 1397mW/1401mW
08-23-2026 04:30:16 RAM 3011/7620MB (lfb 7x4MB) SWAP 0/12002MB (cached 0MB) CPU [6%@1510,2%@1510,1%@1510,5%@1510,2%@1510,6%@1510] GR3D_FREQ 0% cpu@47.031C soc2@46.062C soc0@44.406C gpu@46C tj@47.031C soc1@44.343C VDD_IN 4392mW/4408mW VDD_CPU_GPU_CV 1076mW/1105mW VDD_SOC 1397mW/1401mW
08-23-2026 04:30:17 RAM 3011/7620MB (lfb 7x4MB) SWAP 0/12002MB (cached 0MB) CPU [6%@1510,3%@1510,4%@1510,6%@1510,4%@1510,3%@1510] GR3D_FREQ 0% cpu@46.625C soc2@46.125C soc0@44.5C gpu@46.031C tj@46.625C soc1@44.343C VDD_IN 4392mW/4408mW VDD_CPU_GPU_CV 1076mW/1105mW VDD_SOC 1397mW/1401mW
08-23-2026 04:30:18 RAM 3011/7620MB (lfb 7x4MB) SWAP 0/12002MB (cached 0MB) CPU [8%@1510,0%@1510,5%@1510,3%@1510,3%@1510,3%@1510] GR3D_FREQ 0% cpu@46.656C soc2@46.031C soc0@44.343C gpu@46.031C tj@46.656C soc1@44.406C VDD_IN 4353mW/4407mW VDD_CPU_GPU_CV 1076mW/1104mW VDD_SOC 1397mW/1401mW
08-23-2026 04:30:19 RAM 3011/7620MB (lfb 7x4MB) SWAP 0/12002MB (cached 0MB) CPU [7%@1510,1%@1510,7%@1510,3%@1510,2%@1510,3%@1510] GR3D_FREQ 0% cpu@46.906C soc2@45.937C soc0@44.406C gpu@46.312C tj@46.906C soc1@44.406C VDD_IN 4353mW/4406mW VDD_CPU_GPU_CV 1036mW/1103mW VDD_SOC 1397mW/1401mW
08-23-2026 04:30:20 RAM 3011/7620MB (lfb 7x4MB) SWAP 0/12002MB (cached 0MB) CPU [8%@1510,2%@1510,5%@1510,2%@1510,3%@1510,1%@1510] GR3D_FREQ 0% cpu@46.718C soc2@46C soc0@44.343C gpu@46.406C tj@46.625C soc1@44.343C VDD_IN 4353mW/4405mW VDD_CPU_GPU_CV 1036mW/1102mW VDD_SOC 1397mW/1401mW
08-23-2026 04:30:21 RAM 3012/7620MB (lfb 7x4MB) SWAP 0/12002MB (cached 0MB) CPU [9%@1510,0%@1510,4%@1510,3%@1510,4%@1510,2%@1510] GR3D_FREQ 0% cpu@46.968C soc2@46.093C soc0@44.468C gpu@46.343C tj@46.656C soc1@44.281C VDD_IN 4392mW/4405mW VDD_CPU_GPU_CV 1076mW/1101mW VDD_SOC 1397mW/1401mW
08-23-2026 04:30:22 RAM 3012/7620MB (lfb 7x4MB) SWAP 0/12002MB (cached 0MB) CPU [8%@1510,2%@1510,5%@1510,2%@1510,5%@1510,5%@1510] GR3D_FREQ 0% cpu@46.593C soc2@45.937C soc0@44.437C gpu@45.937C tj@46.593C soc1@44.375C VDD_IN 4392mW/4405mW VDD_CPU_GPU_CV 1076mW/1101mW VDD_SOC 1397mW/1401mW
08-23-2026 04:30:23 RAM 3012/7620MB (lfb 7x4MB) SWAP 0/12002MB (cached 0MB) CPU [6%@1510,2%@1510,5%@1510,3%@1510,1%@1510,2%@1510] GR3D_FREQ 0% cpu@46.625C soc2@46.156C soc0@44.218C gpu@45.906C tj@46.625C soc1@44.375C VDD_IN 4353mW/4404mW VDD_CPU_GPU_CV 1076mW/1101mW VDD_SOC 1397mW/1401mW
08-23-2026 04:30:24 RAM 3013/7620MB (lfb 7x4MB) SWAP 0/12002MB (cached 0MB) CPU [8%@1510,1%@1510,4%@1510,2%@1510,3%@1510,2%@1510] GR3D_FREQ 0% cpu@46.843C soc2@46C soc0@44.281C gpu@45.875C tj@46.843C soc1@44.468C VDD_IN 4353mW/4403mW VDD_CPU_GPU_CV 1076mW/1100mW VDD_SOC 1397mW/1401mW
08-23-2026 04:30:25 RAM 3013/7620MB (lfb 7x4MB) SWAP 0/12002MB (cached 0MB) CPU [8%@1510,1%@1510,4%@1510,1%@1510,3%@1510,2%@1510] GR3D_FREQ 0% cpu@46.656C soc2@45.937C soc0@44.343C gpu@45.906C tj@46.656C soc1@44.375C VDD_IN 4313mW/4402mW VDD_CPU_GPU_CV 1036mW/1099mW VDD_SOC 1397mW/1401mW
08-23-2026 04:30:26 RAM 3014/7620MB (lfb 7x4MB) SWAP 0/12002MB (cached 0MB) CPU [7%@1510,3%@1510,5%@1510,6%@1510,3%@1510,4%@1510] GR3D_FREQ 0% cpu@46.906C soc2@45.968C soc0@44.406C gpu@46C tj@46.906C soc1@44.281C VDD_IN 4392mW/4402mW VDD_CPU_GPU_CV 1076mW/1099mW VDD_SOC 1397mW/1401mW
08-23-2026 04:30:27 RAM 3014/7620MB (lfb 7x4MB) SWAP 0/12002MB (cached 0MB) CPU [6%@1510,2%@1510,4%@1510,5%@1510,4%@1510,4%@1510] GR3D_FREQ 0% cpu@46.687C soc2@45.968C soc0@44.468C gpu@46.093C tj@46.687C soc1@44.375C VDD_IN 4392mW/4402mW VDD_CPU_GPU_CV 1076mW/1098mW VDD_SOC 1397mW/1400mW
08-23-2026 04:30:28 RAM 3015/7620MB (lfb 7x4MB) SWAP 0/12002MB (cached 0MB) CPU [8%@1510,3%@1510,5%@1510,3%@1510,3%@1510,3%@1510] GR3D_FREQ 0% cpu@46.625C soc2@46.031C soc0@44.312C gpu@46.093C tj@46.625C soc1@44.375C VDD_IN 4353mW/4401mW VDD_CPU_GPU_CV 1076mW/1098mW VDD_SOC 1397mW/1400mW
08-23-2026 04:30:29 RAM 3015/7620MB (lfb 7x4MB) SWAP 0/12002MB (cached 0MB) CPU [7%@1510,3%@1510,3%@1510,3%@1510,2%@1510,3%@1510] GR3D_FREQ 0% cpu@46.875C soc2@45.906C soc0@44.312C gpu@46.125C tj@46.875C soc1@44.406C VDD_IN 4313mW/4399mW VDD_CPU_GPU_CV 1076mW/1098mW VDD_SOC 1397mW/1400mW
08-23-2026 04:30:30 RAM 3015/7620MB (lfb 7x4MB) SWAP 0/12002MB (cached 0MB) CPU [5%@1510,2%@1510,4%@1510,3%@1510,2%@1510,4%@1510] GR3D_FREQ 0% cpu@46.687C soc2@45.906C soc0@44.375C gpu@46.125C tj@46.625C soc1@44.281C VDD_IN 4353mW/4399mW VDD_CPU_GPU_CV 1076mW/1097mW VDD_SOC 1397mW/1400mW
08-23-2026 04:30:31 RAM 3013/7620MB (lfb 7x4MB) SWAP 0/12002MB (cached 0MB) CPU [7%@1510,3%@1510,2%@1510,3%@1510,3%@1510,7%@1510] GR3D_FREQ 0% cpu@46.968C soc2@45.937C soc0@44.406C gpu@46.093C tj@46.625C soc1@44.25C VDD_IN 4353mW/4398mW VDD_CPU_GPU_CV 1076mW/1097mW VDD_SOC 1397mW/1400mW
08-23-2026 04:30:32 RAM 3014/7620MB (lfb 7x4MB) SWAP 0/12002MB (cached 0MB) CPU [9%@1510,4%@1510,2%@1510,4%@1510,5%@1510,6%@1510] GR3D_FREQ 0% cpu@46.5C soc2@46.031C soc0@44.468C gpu@46.156C tj@46.5C soc1@44.312C VDD_IN 4392mW/4398mW VDD_CPU_GPU_CV 1076mW/1097mW VDD_SOC 1397mW/1400mW
08-23-2026 04:30:33 RAM 3013/7620MB (lfb 7x4MB) SWAP 0/12002MB (cached 0MB) CPU [6%@1510,3%@1510,4%@1510,3%@1510,2%@1510,4%@1510] GR3D_FREQ 0% cpu@46.718C soc2@46.062C soc0@44.312C gpu@45.968C tj@46.718C soc1@44.343C VDD_IN 4353mW/4397mW VDD_CPU_GPU_CV 1076mW/1096mW VDD_SOC 1397mW/1400mW
08-23-2026 04:30:34 RAM 3013/7620MB (lfb 7x4MB) SWAP 0/12002MB (cached 0MB) CPU [10%@1510,2%@1510,3%@1510,2%@1510,1%@1510,6%@1510] GR3D_FREQ 0% cpu@46.812C soc2@46.031C soc0@44.343C gpu@45.906C tj@46.812C soc1@44.406C VDD_IN 4353mW/4397mW VDD_CPU_GPU_CV 1076mW/1096mW VDD_SOC 1397mW/1400mW
08-23-2026 04:30:35 RAM 3013/7620MB (lfb 7x4MB) SWAP 0/12002MB (cached 0MB) CPU [8%@1510,2%@1510,2%@1510,2%@1510,3%@1510,5%@1510] GR3D_FREQ 0% cpu@46.625C soc2@45.968C soc0@44.375C gpu@45.937C tj@46.625C soc1@44.25C VDD_IN 4353mW/4396mW VDD_CPU_GPU_CV 1036mW/1095mW VDD_SOC 1397mW/1400mW
08-23-2026 04:30:36 RAM 3013/7620MB (lfb 7x4MB) SWAP 0/12002MB (cached 0MB) CPU [6%@1510,1%@1510,3%@1510,3%@1510,4%@1510,5%@1510] GR3D_FREQ 0% cpu@46.906C soc2@45.968C soc0@44.406C gpu@45.937C tj@46.625C soc1@44.312C VDD_IN 4353mW/4396mW VDD_CPU_GPU_CV 1076mW/1095mW VDD_SOC 1397mW/1400mW
08-23-2026 04:30:37 RAM 3013/7620MB (lfb 7x4MB) SWAP 0/12002MB (cached 0MB) CPU [6%@1510,2%@1510,3%@1510,4%@1510,5%@1510,6%@1510] GR3D_FREQ 0% cpu@46.593C soc2@46.031C soc0@44.5C gpu@45.937C tj@46.593C soc1@44.375C VDD_IN 4392mW/4396mW VDD_CPU_GPU_CV 1076mW/1095mW VDD_SOC 1397mW/1400mW
08-23-2026 04:30:38 RAM 3013/7620MB (lfb 7x4MB) SWAP 0/12002MB (cached 0MB) CPU [8%@1510,2%@1510,2%@1510,2%@1510,3%@1510,5%@1510] GR3D_FREQ 0% cpu@46.687C soc2@46.062C soc0@44.375C gpu@46.093C tj@46.687C soc1@44.406C VDD_IN 4353mW/4395mW VDD_CPU_GPU_CV 1076mW/1095mW VDD_SOC 1397mW/1400mW
08-23-2026 04:30:39 RAM 3012/7620MB (lfb 7x4MB) SWAP 0/12002MB (cached 0MB) CPU [7%@1510,1%@1510,1%@1510,2%@1510,3%@1510,5%@1510] GR3D_FREQ 0% cpu@46.875C soc2@45.937C soc0@44.343C gpu@46.343C tj@46.875C soc1@44.437C VDD_IN 4353mW/4394mW VDD_CPU_GPU_CV 1036mW/1094mW VDD_SOC 1397mW/1400mW
08-23-2026 04:30:40 RAM 3012/7620MB (lfb 7x4MB) SWAP 0/12002MB (cached 0MB) CPU [6%@1510,0%@1510,2%@1510,2%@1510,3%@1510,5%@1510] GR3D_FREQ 0% cpu@46.75C soc2@46.093C soc0@44.406C gpu@46.343C tj@46.75C soc1@44.343C VDD_IN 4353mW/4394mW VDD_CPU_GPU_CV 1076mW/1094mW VDD_SOC 1397mW/1400mW
08-23-2026 04:30:41 RAM 3012/7620MB (lfb 7x4MB) SWAP 0/12002MB (cached 0MB) CPU [7%@1510,2%@1510,3%@1510,4%@1510,6%@1510,6%@1510] GR3D_FREQ 0% cpu@47.062C soc2@46.031C soc0@44.437C gpu@46.375C tj@46.625C soc1@44.312C VDD_IN 4392mW/4394mW VDD_CPU_GPU_CV 1076mW/1093mW VDD_SOC 1397mW/1400mW
08-23-2026 04:30:42 RAM 3013/7620MB (lfb 7x4MB) SWAP 0/12002MB (cached 0MB) CPU [9%@1510,2%@1510,3%@1510,5%@1510,4%@1510,7%@1510] GR3D_FREQ 0% cpu@46.625C soc2@45.968C soc0@44.468C gpu@46.375C tj@46.625C soc1@44.375C VDD_IN 4392mW/4394mW VDD_CPU_GPU_CV 1076mW/1093mW VDD_SOC 1397mW/1400mW
08-23-2026 04:30:43 RAM 3013/7620MB (lfb 7x4MB) SWAP 0/12002MB (cached 0MB) CPU [7%@1510,3%@1510,5%@1510,1%@1510,3%@1510,3%@1510] GR3D_FREQ 0% cpu@46.687C soc2@46.156C soc0@44.343C gpu@46.437C tj@46.687C soc1@44.375C VDD_IN 4392mW/4394mW VDD_CPU_GPU_CV 1076mW/1093mW VDD_SOC 1397mW/1400mW
08-23-2026 04:30:44 RAM 3013/7620MB (lfb 7x4MB) SWAP 0/12002MB (cached 0MB) CPU [9%@1510,3%@1510,3%@1510,2%@1510,3%@1510,6%@1510] GR3D_FREQ 0% cpu@46.843C soc2@46C soc0@44.343C gpu@46.5C tj@46.843C soc1@44.375C VDD_IN 4353mW/4393mW VDD_CPU_GPU_CV 1076mW/1093mW VDD_SOC 1397mW/1400mW
08-23-2026 04:30:45 RAM 3015/7620MB (lfb 7x4MB) SWAP 0/12002MB (cached 0MB) CPU [7%@1510,2%@1510,1%@1510,4%@1510,3%@1510,3%@1510] GR3D_FREQ 0% cpu@46.687C soc2@46C soc0@44.406C gpu@45.906C tj@46.687C soc1@44.343C VDD_IN 4353mW/4393mW VDD_CPU_GPU_CV 1076mW/1093mW VDD_SOC 1397mW/1400mW
08-23-2026 04:30:46 RAM 3016/7620MB (lfb 7x4MB) SWAP 0/12002MB (cached 0MB) CPU [7%@1510,0%@1510,3%@1510,4%@1510,6%@1510,5%@1510] GR3D_FREQ 0% cpu@46.937C soc2@46C soc0@44.437C gpu@45.968C tj@46.937C soc1@44.312C VDD_IN 4353mW/4392mW VDD_CPU_GPU_CV 1076mW/1092mW VDD_SOC 1397mW/1400mW
08-23-2026 04:30:47 RAM 3016/7620MB (lfb 7x4MB) SWAP 0/12002MB (cached 0MB) CPU [6%@1510,2%@1510,4%@1510,4%@1510,3%@1510,5%@1510] GR3D_FREQ 0% cpu@46.625C soc2@46C soc0@44.531C gpu@46.156C tj@46.625C soc1@44.375C VDD_IN 4392mW/4392mW VDD_CPU_GPU_CV 1076mW/1092mW VDD_SOC 1397mW/1400mW
08-23-2026 04:30:48 RAM 3016/7620MB (lfb 7x4MB) SWAP 0/12002MB (cached 0MB) CPU [10%@1510,2%@1510,2%@1510,4%@1510,2%@1510,7%@1510] GR3D_FREQ 0% cpu@46.656C soc2@46.093C soc0@44.343C gpu@46.125C tj@46.656C soc1@44.375C VDD_IN 4353mW/4392mW VDD_CPU_GPU_CV 1076mW/1092mW VDD_SOC 1397mW/1400mW
08-23-2026 04:30:49 RAM 3016/7620MB (lfb 7x4MB) SWAP 0/12002MB (cached 0MB) CPU [5%@1510,4%@1510,3%@1510,1%@1510,3%@1510,4%@1510] GR3D_FREQ 0% cpu@46.906C soc2@46C soc0@44.406C gpu@46.187C tj@46.906C soc1@44.375C VDD_IN 4353mW/4391mW VDD_CPU_GPU_CV 1036mW/1091mW VDD_SOC 1397mW/1399mW
08-23-2026 04:30:50 RAM 3016/7620MB (lfb 7x4MB) SWAP 0/12002MB (cached 0MB) CPU [7%@1510,3%@1510,1%@1510,1%@1510,2%@1510,4%@1510] GR3D_FREQ 0% cpu@46.687C soc2@46.093C soc0@44.375C gpu@46.187C tj@46.687C soc1@44.375C VDD_IN 4353mW/4391mW VDD_CPU_GPU_CV 1036mW/1091mW VDD_SOC 1397mW/1399mW
08-23-2026 04:30:51 RAM 3017/7620MB (lfb 7x4MB) SWAP 0/12002MB (cached 0MB) CPU [9%@1510,3%@1510,4%@1510,3%@1510,5%@1510,5%@1510] GR3D_FREQ 0% cpu@46.937C soc2@46.187C soc0@44.5C gpu@46.25C tj@46.937C soc1@44.406C VDD_IN 4353mW/4391mW VDD_CPU_GPU_CV 1076mW/1091mW VDD_SOC 1397mW/1399mW
08-23-2026 04:30:52 RAM 3017/7620MB (lfb 7x4MB) SWAP 0/12002MB (cached 0MB) CPU [9%@1510,1%@1510,5%@1510,3%@1510,6%@1510,5%@1510] GR3D_FREQ 0% cpu@46.687C soc2@46.093C soc0@44.5C gpu@46.218C tj@46.687C soc1@44.375C VDD_IN 4392mW/4391mW VDD_CPU_GPU_CV 1076mW/1090mW VDD_SOC 1397mW/1399mW
08-23-2026 04:30:53 RAM 3016/7620MB (lfb 7x4MB) SWAP 0/12002MB (cached 0MB) CPU [7%@1510,1%@1510,4%@1510,4%@1510,4%@1510,2%@1510] GR3D_FREQ 0% cpu@46.75C soc2@46.187C soc0@44.375C gpu@46C tj@46.75C soc1@44.406C VDD_IN 4392mW/4391mW VDD_CPU_GPU_CV 1076mW/1090mW VDD_SOC 1397mW/1399mW
08-23-2026 04:30:54 RAM 3016/7620MB (lfb 7x4MB) SWAP 0/12002MB (cached 0MB) CPU [9%@1510,2%@1510,4%@1510,3%@1510,3%@1510,4%@1510] GR3D_FREQ 0% cpu@46.937C soc2@46.062C soc0@44.375C gpu@45.968C tj@46.937C soc1@44.468C VDD_IN 4353mW/4390mW VDD_CPU_GPU_CV 1076mW/1090mW VDD_SOC 1397mW/1399mW
08-23-2026 04:30:55 RAM 3015/7620MB (lfb 7x4MB) SWAP 0/12002MB (cached 0MB) CPU [6%@1510,2%@1510,5%@1510,1%@1510,3%@1510,1%@1510] GR3D_FREQ 0% cpu@46.843C soc2@46.156C soc0@44.406C gpu@46.093C tj@46.687C soc1@44.375C VDD_IN 4353mW/4390mW VDD_CPU_GPU_CV 1076mW/1090mW VDD_SOC 1397mW/1399mW
08-23-2026 04:30:56 RAM 3016/7620MB (lfb 7x4MB) SWAP 0/12002MB (cached 0MB) CPU [6%@1510,2%@1510,6%@1510,2%@1510,4%@1510,6%@1510] GR3D_FREQ 0% cpu@46.906C soc2@46.093C soc0@44.437C gpu@46.093C tj@46.687C soc1@44.375C VDD_IN 4392mW/4390mW VDD_CPU_GPU_CV 1076mW/1090mW VDD_SOC 1397mW/1399mW
08-23-2026 04:30:57 RAM 3017/7620MB (lfb 7x4MB) SWAP 0/12002MB (cached 0MB) CPU [10%@1510,4%@1510,6%@1510,2%@1510,5%@1510,3%@1510] GR3D_FREQ 0% cpu@46.718C soc2@46.187C soc0@44.531C gpu@46.031C tj@46.718C soc1@44.437C VDD_IN 4392mW/4390mW VDD_CPU_GPU_CV 1076mW/1090mW VDD_SOC 1397mW/1399mW
08-23-2026 04:30:58 RAM 3017/7620MB (lfb 7x4MB) SWAP 0/12002MB (cached 0MB) CPU [7%@1510,3%@1510,3%@1510,1%@1510,3%@1510,3%@1510] GR3D_FREQ 0% cpu@46.781C soc2@46.125C soc0@44.375C gpu@46.093C tj@46.781C soc1@44.437C VDD_IN 4392mW/4390mW VDD_CPU_GPU_CV 1076mW/1089mW VDD_SOC 1397mW/1399mW
08-23-2026 04:30:59 RAM 3017/7620MB (lfb 7x4MB) SWAP 0/12002MB (cached 0MB) CPU [6%@1510,2%@1510,5%@1510,3%@1510,3%@1510,3%@1510] GR3D_FREQ 0% cpu@46.906C soc2@46.031C soc0@44.468C gpu@46.375C tj@46.906C soc1@44.5C VDD_IN 4353mW/4389mW VDD_CPU_GPU_CV 1076mW/1089mW VDD_SOC 1397mW/1399mW
08-23-2026 04:31:00 RAM 3017/7620MB (lfb 7x4MB) SWAP 0/12002MB (cached 0MB) CPU [6%@1510,3%@1510,5%@1510,2%@1510,2%@1510,2%@1510] GR3D_FREQ 0% cpu@46.812C soc2@46.093C soc0@44.468C gpu@46.375C tj@46.718C soc1@44.375C VDD_IN 4353mW/4389mW VDD_CPU_GPU_CV 1076mW/1089mW VDD_SOC 1397mW/1399mW
08-23-2026 04:31:01 RAM 3018/7620MB (lfb 7x4MB) SWAP 0/12002MB (cached 0MB) CPU [8%@1510,3%@1510,6%@1510,2%@1510,3%@1510,3%@1510] GR3D_FREQ 0% cpu@47.062C soc2@46.125C soc0@44.562C gpu@46.437C tj@46.75C soc1@44.468C VDD_IN 4353mW/4389mW VDD_CPU_GPU_CV 1076mW/1089mW VDD_SOC 1397mW/1399mW
08-23-2026 04:31:02 RAM 3017/7620MB (lfb 7x4MB) SWAP 0/12002MB (cached 0MB) CPU [7%@1510,2%@1510,6%@1510,2%@1510,3%@1510,4%@1510] GR3D_FREQ 0% cpu@46.781C soc2@46.156C soc0@44.562C gpu@46.406C tj@46.781C soc1@44.468C VDD_IN 4353mW/4388mW VDD_CPU_GPU_CV 1076mW/1089mW VDD_SOC 1397mW/1399mW
08-23-2026 04:31:03 RAM 3018/7620MB (lfb 7x4MB) SWAP 0/12002MB (cached 0MB) CPU [7%@1510,2%@1510,7%@1510,2%@1510,3%@1510,2%@1510] GR3D_FREQ 0% cpu@46.781C soc2@46.281C soc0@44.406C gpu@46.468C tj@46.781C soc1@44.531C VDD_IN 4353mW/4388mW VDD_CPU_GPU_CV 1076mW/1089mW VDD_SOC 1397mW/1399mW
08-23-2026 04:31:04 RAM 3017/7620MB (lfb 7x4MB) SWAP 0/12002MB (cached 0MB) CPU [8%@1510,3%@1510,5%@1510,2%@1510,2%@1510,1%@1510] GR3D_FREQ 0% cpu@46.906C soc2@46.125C soc0@44.5C gpu@46.5C tj@46.906C soc1@44.656C VDD_IN 4353mW/4388mW VDD_CPU_GPU_CV 1036mW/1088mW VDD_SOC 1397mW/1399mW
08-23-2026 04:31:05 RAM 3017/7620MB (lfb 7x4MB) SWAP 0/12002MB (cached 0MB) CPU [8%@1510,2%@1510,4%@1510,1%@1510,2%@1510,2%@1510] GR3D_FREQ 0% cpu@46.781C soc2@46.156C soc0@44.531C gpu@46.125C tj@46.781C soc1@44.437C VDD_IN 4353mW/4387mW VDD_CPU_GPU_CV 1036mW/1088mW VDD_SOC 1397mW/1399mW
08-23-2026 04:31:06 RAM 3018/7620MB (lfb 7x4MB) SWAP 0/12002MB (cached 0MB) CPU [8%@1510,3%@1510,5%@1510,3%@1510,5%@1510,3%@1510] GR3D_FREQ 0% cpu@46.781C soc2@46.218C soc0@44.593C gpu@46.187C tj@46.781C soc1@44.437C VDD_IN 4353mW/4387mW VDD_CPU_GPU_CV 1076mW/1088mW VDD_SOC 1397mW/1399mW
08-23-2026 04:31:07 RAM 3015/7620MB (lfb 7x4MB) SWAP 0/12002MB (cached 0MB) CPU [9%@1510,3%@1510,6%@1510,5%@1510,4%@1510,0%@1510] GR3D_FREQ 0% cpu@46.75C soc2@46.156C soc0@44.718C gpu@46.218C tj@46.75C soc1@44.531C VDD_IN 4353mW/4387mW VDD_CPU_GPU_CV 1076mW/1087mW VDD_SOC 1397mW/1399mW
08-23-2026 04:31:08 RAM 3016/7620MB (lfb 7x4MB) SWAP 0/12002MB (cached 0MB) CPU [8%@1510,1%@1510,7%@1510,2%@1510,2%@1510,3%@1510] GR3D_FREQ 0% cpu@46.812C soc2@46.218C soc0@44.468C gpu@46.281C tj@46.812C soc1@44.468C VDD_IN 4353mW/4386mW VDD_CPU_GPU_CV 1076mW/1087mW VDD_SOC 1397mW/1399mW
08-23-2026 04:31:09 RAM 3016/7620MB (lfb 7x4MB) SWAP 0/12002MB (cached 0MB) CPU [10%@1510,3%@1510,5%@1510,1%@1510,1%@1510,2%@1510] GR3D_FREQ 0% cpu@47.031C soc2@46.125C soc0@44.5C gpu@46.187C tj@47.031C soc1@44.625C VDD_IN 4353mW/4386mW VDD_CPU_GPU_CV 1076mW/1087mW VDD_SOC 1397mW/1399mW
08-23-2026 04:31:10 RAM 3016/7620MB (lfb 7x4MB) SWAP 0/12002MB (cached 0MB) CPU [10%@1510,3%@1510,5%@1510,4%@1510,2%@1510,3%@1510] GR3D_FREQ 0% cpu@46.812C soc2@46.187C soc0@44.562C gpu@46.343C tj@46.812C soc1@44.687C VDD_IN 4392mW/4386mW VDD_CPU_GPU_CV 1076mW/1087mW VDD_SOC 1397mW/1399mW
08-23-2026 04:31:11 RAM 3016/7620MB (lfb 7x4MB) SWAP 0/12002MB (cached 0MB) CPU [8%@1510,4%@1510,7%@1510,3%@1510,4%@1510,1%@1510] GR3D_FREQ 0% cpu@47.062C soc2@46.25C soc0@44.562C gpu@46.093C tj@47.062C soc1@44.468C VDD_IN 4353mW/4386mW VDD_CPU_GPU_CV 1076mW/1087mW VDD_SOC 1397mW/1399mW
08-23-2026 04:31:12 RAM 3016/7620MB (lfb 7x4MB) SWAP 0/12002MB (cached 0MB) CPU [9%@1510,2%@1510,6%@1510,4%@1510,2%@1510,6%@1510] GR3D_FREQ 0% cpu@46.812C soc2@46.218C soc0@44.625C gpu@46.125C tj@46.812C soc1@44.593C VDD_IN 4353mW/4385mW VDD_CPU_GPU_CV 1076mW/1087mW VDD_SOC 1397mW/1399mW
08-23-2026 04:31:13 RAM 3015/7620MB (lfb 7x4MB) SWAP 0/12002MB (cached 0MB) CPU [7%@1510,2%@1510,5%@1510,2%@1510,3%@1510,3%@1510] GR3D_FREQ 0% cpu@46.812C soc2@46.281C soc0@44.562C gpu@46.218C tj@46.812C soc1@44.625C VDD_IN 4353mW/4385mW VDD_CPU_GPU_CV 1076mW/1087mW VDD_SOC 1397mW/1399mW
08-23-2026 04:31:14 RAM 3015/7620MB (lfb 7x4MB) SWAP 0/12002MB (cached 0MB) CPU [9%@1510,2%@1510,5%@1510,2%@1510,1%@1510,2%@1510] GR3D_FREQ 0% cpu@47.062C soc2@46.156C soc0@44.625C gpu@46.25C tj@47.062C soc1@44.656C VDD_IN 4353mW/4385mW VDD_CPU_GPU_CV 1076mW/1087mW VDD_SOC 1397mW/1399mW
08-23-2026 04:31:15 RAM 3016/7620MB (lfb 7x4MB) SWAP 0/12002MB (cached 0MB) CPU [7%@1510,3%@1510,3%@1510,2%@1510,2%@1510,2%@1510] GR3D_FREQ 0% cpu@46.843C soc2@46.218C soc0@44.656C gpu@46.312C tj@46.843C soc1@44.531C VDD_IN 4353mW/4385mW VDD_CPU_GPU_CV 1076mW/1087mW VDD_SOC 1397mW/1399mW
08-23-2026 04:31:16 RAM 3016/7620MB (lfb 7x4MB) SWAP 0/12002MB (cached 0MB) CPU [8%@1510,2%@1510,6%@1510,3%@1510,4%@1510,3%@1510] GR3D_FREQ 0% cpu@46.906C soc2@46.312C soc0@44.656C gpu@46.343C tj@46.906C soc1@44.562C VDD_IN 4353mW/4384mW VDD_CPU_GPU_CV 1076mW/1087mW VDD_SOC 1397mW/1399mW
08-23-2026 04:31:17 RAM 3016/7620MB (lfb 7x4MB) SWAP 0/12002MB (cached 0MB) CPU [10%@1510,5%@1510,5%@1510,4%@1510,3%@1510,5%@1510] GR3D_FREQ 0% cpu@47.031C soc2@46.25C soc0@44.468C gpu@46.375C tj@47.031C soc1@44.625C VDD_IN 4392mW/4384mW VDD_CPU_GPU_CV 1076mW/1086mW VDD_SOC 1397mW/1399mW
08-23-2026 04:31:18 RAM 3015/7620MB (lfb 7x4MB) SWAP 0/12002MB (cached 0MB) CPU [9%@1510,4%@1510,2%@1510,3%@1510,3%@1510,5%@1510] GR3D_FREQ 0% cpu@46.843C soc2@46.281C soc0@44.562C gpu@46.437C tj@47.093C soc1@44.687C VDD_IN 4353mW/4384mW VDD_CPU_GPU_CV 1076mW/1086mW VDD_SOC 1397mW/1399mW
08-23-2026 04:31:19 RAM 3015/7620MB (lfb 7x4MB) SWAP 0/12002MB (cached 0MB) CPU [8%@1510,3%@1510,3%@1510,1%@1510,3%@1510,4%@1510] GR3D_FREQ 0% cpu@47.125C soc2@46.312C soc0@44.625C gpu@46.5C tj@47.125C soc1@44.531C VDD_IN 4353mW/4384mW VDD_CPU_GPU_CV 1076mW/1086mW VDD_SOC 1397mW/1399mW
08-23-2026 04:31:20 RAM 3015/7620MB (lfb 7x4MB) SWAP 0/12002MB (cached 0MB) CPU [8%@1510,2%@1510,4%@1510,2%@1510,1%@1510,3%@1510] GR3D_FREQ 0% cpu@46.843C soc2@46.187C soc0@44.687C gpu@46.5C tj@46.843C soc1@44.593C VDD_IN 4353mW/4384mW VDD_CPU_GPU_CV 1076mW/1086mW VDD_SOC 1397mW/1399mW
08-23-2026 04:31:21 RAM 3015/7620MB (lfb 7x4MB) SWAP 0/12002MB (cached 0MB) CPU [11%@1510,3%@1510,6%@1510,2%@1510,2%@1510,4%@1510] GR3D_FREQ 0% cpu@46.968C soc2@46.312C soc0@44.75C gpu@46.218C tj@46.968C soc1@44.531C VDD_IN 4353mW/4383mW VDD_CPU_GPU_CV 1076mW/1086mW VDD_SOC 1397mW/1399mW
08-23-2026 04:31:22 RAM 3014/7620MB (lfb 7x4MB) SWAP 0/12002MB (cached 0MB) CPU [10%@1510,7%@1510,4%@1510,3%@1510,4%@1510,4%@1510] GR3D_FREQ 0% cpu@47C soc2@46.375C soc0@44.75C gpu@46.281C tj@47C soc1@44.656C VDD_IN 4392mW/4383mW VDD_CPU_GPU_CV 1076mW/1086mW VDD_SOC 1397mW/1399mW
08-23-2026 04:31:23 RAM 3015/7620MB (lfb 7x4MB) SWAP 0/12002MB (cached 0MB) CPU [13%@1510,8%@1510,2%@1510,0%@1510,2%@1510,6%@1510] GR3D_FREQ 0% cpu@47.187C soc2@46.25C soc0@44.625C gpu@46.312C tj@47.187C soc1@44.718C VDD_IN 4353mW/4383mW VDD_CPU_GPU_CV 1076mW/1086mW VDD_SOC 1397mW/1399mW
08-23-2026 04:31:24 RAM 3014/7620MB (lfb 7x4MB) SWAP 0/12002MB (cached 0MB) CPU [10%@1510,3%@1510,2%@1510,2%@1510,3%@1510,4%@1510] GR3D_FREQ 0% cpu@47.093C soc2@46.25C soc0@44.593C gpu@46.312C tj@47.093C soc1@44.843C VDD_IN 4353mW/4383mW VDD_CPU_GPU_CV 1076mW/1086mW VDD_SOC 1397mW/1399mW
08-23-2026 04:31:25 RAM 3015/7620MB (lfb 7x4MB) SWAP 0/12002MB (cached 0MB) CPU [6%@1510,2%@1510,3%@1510,4%@1510,2%@1510,5%@1510] GR3D_FREQ 0% cpu@46.875C soc2@46.25C soc0@44.593C gpu@46.281C tj@46.875C soc1@44.562C VDD_IN 4353mW/4383mW VDD_CPU_GPU_CV 1076mW/1086mW VDD_SOC 1397mW/1399mW
08-23-2026 04:31:26 RAM 3015/7620MB (lfb 7x4MB) SWAP 0/12002MB (cached 0MB) CPU [8%@1510,2%@1510,2%@1510,3%@1510,3%@1510,4%@1510] GR3D_FREQ 0% cpu@46.937C soc2@46.406C soc0@44.781C gpu@46.375C tj@46.937C soc1@44.656C VDD_IN 4353mW/4382mW VDD_CPU_GPU_CV 1076mW/1086mW VDD_SOC 1397mW/1399mW
08-23-2026 04:31:27 RAM 3015/7620MB (lfb 7x4MB) SWAP 0/12002MB (cached 0MB) CPU [6%@1510,3%@1510,3%@1510,3%@1510,4%@1510,6%@1510] GR3D_FREQ 0% cpu@47.031C soc2@46.375C soc0@44.593C gpu@46.656C tj@47.031C soc1@44.656C VDD_IN 4353mW/4382mW VDD_CPU_GPU_CV 1076mW/1086mW VDD_SOC 1397mW/1399mW
08-23-2026 04:31:28 RAM 3014/7620MB (lfb 7x4MB) SWAP 0/12002MB (cached 0MB) CPU [8%@1510,2%@1510,3%@1510,4%@1510,3%@1510,5%@1510] GR3D_FREQ 0% cpu@47.281C soc2@46.468C soc0@44.718C gpu@46.687C tj@47.281C soc1@44.781C VDD_IN 4353mW/4382mW VDD_CPU_GPU_CV 1076mW/1086mW VDD_SOC 1397mW/1399mW
08-23-2026 04:31:29 RAM 3014/7620MB (lfb 7x4MB) SWAP 0/12002MB (cached 0MB) CPU [8%@1510,2%@1510,1%@1510,3%@1510,2%@1510,6%@1510] GR3D_FREQ 0% cpu@47.062C soc2@46.312C soc0@44.625C gpu@46.718C tj@47.062C soc1@44.812C VDD_IN 4353mW/4382mW VDD_CPU_GPU_CV 1036mW/1085mW VDD_SOC 1397mW/1399mW
08-23-2026 04:31:30 RAM 3014/7620MB (lfb 7x4MB) SWAP 0/12002MB (cached 0MB) CPU [7%@1510,2%@1510,1%@1510,3%@1510,3%@1510,5%@1510] GR3D_FREQ 0% cpu@46.906C soc2@46.343C soc0@44.718C gpu@46.718C tj@46.843C soc1@44.593C VDD_IN 4353mW/4381mW VDD_CPU_GPU_CV 1076mW/1085mW VDD_SOC 1397mW/1399mW
08-23-2026 04:31:31 RAM 3014/7620MB (lfb 7x4MB) SWAP 0/12002MB (cached 0MB) CPU [9%@1510,1%@1510,3%@1510,3%@1510,4%@1510,4%@1510] GR3D_FREQ 0% cpu@46.968C soc2@46.343C soc0@44.781C gpu@46.75C tj@46.968C soc1@44.656C VDD_IN 4353mW/4381mW VDD_CPU_GPU_CV 1076mW/1085mW VDD_SOC 1397mW/1399mW
08-23-2026 04:31:32 RAM 3014/7620MB (lfb 7x4MB) SWAP 0/12002MB (cached 0MB) CPU [7%@1510,1%@1510,6%@1510,3%@1510,5%@1510,6%@1510] GR3D_FREQ 0% cpu@47.062C soc2@46.375C soc0@44.812C gpu@46.25C tj@47.062C soc1@44.656C VDD_IN 4353mW/4381mW VDD_CPU_GPU_CV 1076mW/1085mW VDD_SOC 1397mW/1398mW
08-23-2026 04:31:33 RAM 3014/7620MB (lfb 7x4MB) SWAP 0/12002MB (cached 0MB) CPU [9%@1510,3%@1510,2%@1510,2%@1510,3%@1510,4%@1510] GR3D_FREQ 0% cpu@47.281C soc2@46.25C soc0@44.593C gpu@46.25C tj@47.281C soc1@44.75C VDD_IN 4353mW/4381mW VDD_CPU_GPU_CV 1076mW/1085mW VDD_SOC 1397mW/1398mW
08-23-2026 04:31:34 RAM 3014/7620MB (lfb 7x4MB) SWAP 0/12002MB (cached 0MB) CPU [7%@1510,4%@1510,1%@1510,2%@1510,1%@1510,4%@1510] GR3D_FREQ 0% cpu@47.093C soc2@46.375C soc0@44.718C gpu@46.406C tj@47.093C soc1@44.843C VDD_IN 4353mW/4381mW VDD_CPU_GPU_CV 1036mW/1084mW VDD_SOC 1397mW/1398mW
08-23-2026 04:31:35 RAM 3014/7620MB (lfb 7x4MB) SWAP 0/12002MB (cached 0MB) CPU [10%@1510,4%@1510,2%@1510,2%@1510,1%@1510,7%@1510] GR3D_FREQ 0% cpu@46.875C soc2@46.312C soc0@44.687C gpu@46.437C tj@46.875C soc1@44.593C VDD_IN 4353mW/4380mW VDD_CPU_GPU_CV 1076mW/1084mW VDD_SOC 1397mW/1398mW
08-23-2026 04:31:36 RAM 3015/7620MB (lfb 7x4MB) SWAP 0/12002MB (cached 0MB) CPU [10%@1510,3%@1510,2%@1510,3%@1510,3%@1510,5%@1510] GR3D_FREQ 0% cpu@46.968C soc2@46.375C soc0@44.718C gpu@46.406C tj@46.968C soc1@44.625C VDD_IN 4353mW/4380mW VDD_CPU_GPU_CV 1076mW/1084mW VDD_SOC 1397mW/1398mW
08-23-2026 04:31:37 RAM 3015/7620MB (lfb 7x4MB) SWAP 0/12002MB (cached 0MB) CPU [8%@1510,2%@1510,1%@1510,5%@1510,4%@1510,6%@1510] GR3D_FREQ 0% cpu@47C soc2@46.375C soc0@44.625C gpu@46.437C tj@47C soc1@44.625C VDD_IN 4353mW/4380mW VDD_CPU_GPU_CV 1076mW/1084mW VDD_SOC 1397mW/1398mW
08-23-2026 04:31:38 RAM 3015/7620MB (lfb 7x4MB) SWAP 0/12002MB (cached 0MB) CPU [7%@1510,2%@1510,3%@1510,3%@1510,3%@1510,5%@1510] GR3D_FREQ 0% cpu@47.125C soc2@46.406C soc0@44.593C gpu@46.468C tj@47.125C soc1@44.687C VDD_IN 4353mW/4380mW VDD_CPU_GPU_CV 1076mW/1084mW VDD_SOC 1397mW/1398mW
08-23-2026 04:31:39 RAM 3016/7620MB (lfb 7x4MB) SWAP 0/12002MB (cached 0MB) CPU [8%@1510,3%@1510,3%@1510,2%@1510,2%@1510,4%@1510] GR3D_FREQ 0% cpu@47.093C soc2@46.343C soc0@44.656C gpu@46.406C tj@47.093C soc1@44.843C VDD_IN 4353mW/4380mW VDD_CPU_GPU_CV 1076mW/1084mW VDD_SOC 1397mW/1398mW
08-23-2026 04:31:40 RAM 3016/7620MB (lfb 7x4MB) SWAP 0/12002MB (cached 0MB) CPU [9%@1510,3%@1510,0%@1510,4%@1510,2%@1510,5%@1510] GR3D_FREQ 0% cpu@46.968C soc2@46.281C soc0@44.687C gpu@46.25C tj@46.968C soc1@44.625C VDD_IN 4353mW/4379mW VDD_CPU_GPU_CV 1076mW/1084mW VDD_SOC 1397mW/1398mW
08-23-2026 04:31:41 RAM 3016/7620MB (lfb 7x4MB) SWAP 0/12002MB (cached 0MB) CPU [9%@1510,2%@1510,3%@1510,3%@1510,1%@1510,6%@1510] GR3D_FREQ 0% cpu@46.875C soc2@46.375C soc0@44.687C gpu@46.281C tj@46.875C soc1@44.656C VDD_IN 4353mW/4379mW VDD_CPU_GPU_CV 1076mW/1084mW VDD_SOC 1397mW/1398mW
08-23-2026 04:31:42 RAM 3018/7620MB (lfb 7x4MB) SWAP 0/12002MB (cached 0MB) CPU [9%@1510,2%@1510,6%@1510,5%@1510,5%@1510,5%@1510] GR3D_FREQ 0% cpu@46.968C soc2@46.375C soc0@44.531C gpu@46.25C tj@46.968C soc1@44.781C VDD_IN 4353mW/4379mW VDD_CPU_GPU_CV 1076mW/1084mW VDD_SOC 1397mW/1398mW
08-23-2026 04:31:43 RAM 3016/7620MB (lfb 7x4MB) SWAP 0/12002MB (cached 0MB) CPU [6%@1510,2%@1510,3%@1510,3%@1510,2%@1510,4%@1510] GR3D_FREQ 0% cpu@47.187C soc2@46.25C soc0@44.687C gpu@46.312C tj@47.187C soc1@44.687C VDD_IN 4353mW/4379mW VDD_CPU_GPU_CV 1076mW/1084mW VDD_SOC 1397mW/1398mW
08-23-2026 04:31:44 RAM 3016/7620MB (lfb 7x4MB) SWAP 0/12002MB (cached 0MB) CPU [10%@1510,2%@1510,3%@1510,2%@1510,3%@1510,4%@1510] GR3D_FREQ 0% cpu@47.062C soc2@46.312C soc0@44.625C gpu@46.375C tj@47.062C soc1@44.812C VDD_IN 4353mW/4379mW VDD_CPU_GPU_CV 1076mW/1084mW VDD_SOC 1397mW/1398mW
08-23-2026 04:31:45 RAM 3016/7620MB (lfb 7x4MB) SWAP 0/12002MB (cached 0MB) CPU [10%@1510,4%@1510,2%@1510,3%@1510,1%@1510,3%@1510] GR3D_FREQ 0% cpu@47.343C soc2@46.375C soc0@44.781C gpu@46.281C tj@47.343C soc1@44.531C VDD_IN 4353mW/4378mW VDD_CPU_GPU_CV 1076mW/1084mW VDD_SOC 1397mW/1398mW
08-23-2026 04:31:46 RAM 3016/7620MB (lfb 7x4MB) SWAP 0/12002MB (cached 0MB) CPU [9%@1510,3%@1510,2%@1510,2%@1510,4%@1510,8%@1510] GR3D_FREQ 0% cpu@46.937C soc2@46.343C soc0@44.718C gpu@46.406C tj@46.937C soc1@44.562C VDD_IN 4353mW/4378mW VDD_CPU_GPU_CV 1076mW/1084mW VDD_SOC 1397mW/1398mW
08-23-2026 04:31:47 RAM 3016/7620MB (lfb 7x4MB) SWAP 0/12002MB (cached 0MB) CPU [8%@1510,4%@1510,3%@1510,4%@1510,5%@1510,4%@1510] GR3D_FREQ 0% cpu@46.968C soc2@46.375C soc0@44.718C gpu@46.468C tj@46.968C soc1@44.625C VDD_IN 4353mW/4378mW VDD_CPU_GPU_CV 1076mW/1084mW VDD_SOC 1397mW/1398mW
08-23-2026 04:31:48 RAM 3017/7620MB (lfb 7x4MB) SWAP 0/12002MB (cached 0MB) CPU [8%@1510,2%@1510,2%@1510,1%@1510,3%@1510,6%@1510] GR3D_FREQ 0% cpu@47.187C soc2@46.375C soc0@44.593C gpu@46.593C tj@47.187C soc1@44.781C VDD_IN 4353mW/4378mW VDD_CPU_GPU_CV 1076mW/1084mW VDD_SOC 1397mW/1398mW
08-23-2026 04:31:49 RAM 3016/7620MB (lfb 7x4MB) SWAP 0/12002MB (cached 0MB) CPU [9%@1510,5%@1510,2%@1510,1%@1510,3%@1510,4%@1510] GR3D_FREQ 0% cpu@47.093C soc2@46.375C soc0@44.625C gpu@46.593C tj@47.093C soc1@44.781C VDD_IN 4353mW/4378mW VDD_CPU_GPU_CV 1076mW/1084mW VDD_SOC 1397mW/1398mW
08-23-2026 04:31:50 RAM 3016/7620MB (lfb 7x4MB) SWAP 0/12002MB (cached 0MB) CPU [8%@1510,2%@1510,2%@1510,1%@1510,3%@1510,4%@1510] GR3D_FREQ 0% cpu@47.375C soc2@46.343C soc0@44.718C gpu@46.656C tj@47.375C soc1@44.562C VDD_IN 4353mW/4378mW VDD_CPU_GPU_CV 1076mW/1083mW VDD_SOC 1397mW/1398mW
08-23-2026 04:31:51 RAM 3015/7620MB (lfb 7x4MB) SWAP 0/12002MB (cached 0MB) CPU [8%@1510,2%@1510,3%@1510,3%@1510,4%@1510,4%@1510] GR3D_FREQ 0% cpu@46.937C soc2@46.375C soc0@44.75C gpu@46.718C tj@46.937C soc1@44.625C VDD_IN 4353mW/4377mW VDD_CPU_GPU_CV 1076mW/1083mW VDD_SOC 1397mW/1398mW
08-23-2026 04:31:52 RAM 3016/7620MB (lfb 7x4MB) SWAP 0/12002MB (cached 0MB) CPU [7%@1510,4%@1510,4%@1510,5%@1510,3%@1510,4%@1510] GR3D_FREQ 0% cpu@46.937C soc2@46.406C soc0@44.687C gpu@46.625C tj@46.937C soc1@44.593C VDD_IN 4353mW/4377mW VDD_CPU_GPU_CV 1076mW/1083mW VDD_SOC 1397mW/1398mW
08-23-2026 04:31:53 RAM 3016/7620MB (lfb 6x4MB) SWAP 0/12002MB (cached 0MB) CPU [7%@1510,4%@1510,6%@1510,4%@1510,1%@1510,4%@1510] GR3D_FREQ 0% cpu@47.093C soc2@46.25C soc0@44.687C gpu@46.375C tj@47.093C soc1@44.687C VDD_IN 4353mW/4377mW VDD_CPU_GPU_CV 1076mW/1083mW VDD_SOC 1397mW/1398mW
08-23-2026 04:31:54 RAM 3016/7620MB (lfb 6x4MB) SWAP 0/12002MB (cached 0MB) CPU [9%@1510,1%@1510,3%@1510,0%@1510,2%@1510,2%@1510] GR3D_FREQ 0% cpu@47C soc2@46.281C soc0@44.656C gpu@46.312C tj@47C soc1@44.718C VDD_IN 4313mW/4377mW VDD_CPU_GPU_CV 1036mW/1083mW VDD_SOC 1397mW/1398mW
08-23-2026 04:31:55 RAM 3016/7620MB (lfb 6x4MB) SWAP 0/12002MB (cached 0MB) CPU [7%@1510,3%@1510,3%@1510,2%@1510,2%@1510,4%@1510] GR3D_FREQ 0% cpu@47.218C soc2@46.281C soc0@44.593C gpu@46.375C tj@47.218C soc1@44.531C VDD_IN 4353mW/4377mW VDD_CPU_GPU_CV 1076mW/1083mW VDD_SOC 1397mW/1398mW
08-23-2026 04:31:56 RAM 3017/7620MB (lfb 6x4MB) SWAP 0/12002MB (cached 0MB) CPU [11%@1510,3%@1510,4%@1510,1%@1510,3%@1510,5%@1510] GR3D_FREQ 0% cpu@46.937C soc2@46.406C soc0@44.718C gpu@46.406C tj@46.937C soc1@44.625C VDD_IN 4353mW/4376mW VDD_CPU_GPU_CV 1076mW/1083mW VDD_SOC 1397mW/1398mW
08-23-2026 04:31:57 RAM 3016/7620MB (lfb 6x4MB) SWAP 0/12002MB (cached 0MB) CPU [9%@1510,3%@1510,3%@1510,4%@1510,2%@1510,6%@1510] GR3D_FREQ 0% cpu@46.968C soc2@46.375C soc0@44.687C gpu@46.375C tj@46.968C soc1@44.656C VDD_IN 4392mW/4376mW VDD_CPU_GPU_CV 1076mW/1083mW VDD_SOC 1397mW/1398mW
08-23-2026 04:31:58 RAM 3020/7620MB (lfb 6x4MB) SWAP 0/12002MB (cached 0MB) CPU [8%@1510,2%@1510,2%@1510,2%@1510,3%@1510,5%@1510] GR3D_FREQ 0% cpu@47.125C soc2@46.25C soc0@44.562C gpu@46.437C tj@47.125C soc1@44.75C VDD_IN 4392mW/4377mW VDD_CPU_GPU_CV 1076mW/1083mW VDD_SOC 1397mW/1398mW
08-23-2026 04:31:59 RAM 3021/7620MB (lfb 6x4MB) SWAP 0/12002MB (cached 0MB) CPU [9%@1510,3%@1510,2%@1510,2%@1510,2%@1510,5%@1510] GR3D_FREQ 0% cpu@47.093C soc2@46.375C soc0@44.687C gpu@46.25C tj@47.093C soc1@44.75C VDD_IN 4353mW/4376mW VDD_CPU_GPU_CV 1076mW/1083mW VDD_SOC 1397mW/1398mW
08-23-2026 04:32:00 RAM 3022/7620MB (lfb 6x4MB) SWAP 0/12002MB (cached 0MB) CPU [8%@1510,2%@1510,3%@1510,2%@1510,2%@1510,6%@1510] GR3D_FREQ 0% cpu@47.312C soc2@46.343C soc0@44.687C gpu@46.281C tj@47.312C soc1@44.562C VDD_IN 4353mW/4376mW VDD_CPU_GPU_CV 1076mW/1083mW VDD_SOC 1397mW/1398mW
08-23-2026 04:32:01 RAM 3022/7620MB (lfb 6x4MB) SWAP 0/12002MB (cached 0MB) CPU [6%@1510,1%@1510,5%@1510,6%@1510,4%@1510,2%@1510] GR3D_FREQ 0% cpu@46.968C soc2@46.343C soc0@44.843C gpu@46.25C tj@46.968C soc1@44.562C VDD_IN 4353mW/4376mW VDD_CPU_GPU_CV 1076mW/1083mW VDD_SOC 1397mW/1398mW
08-23-2026 04:32:02 RAM 3023/7620MB (lfb 6x4MB) SWAP 0/12002MB (cached 0MB) CPU [10%@1510,3%@1510,25%@1510,6%@1510,30%@1510,11%@1510] GR3D_FREQ 0% cpu@47.25C soc2@46.437C soc0@44.718C gpu@46.375C tj@47.25C soc1@44.656C VDD_IN 5047mW/4380mW VDD_CPU_GPU_CV 1505mW/1085mW VDD_SOC 1428mW/1398mW
08-23-2026 04:32:03 RAM 3025/7620MB (lfb 5x4MB) SWAP 0/12002MB (cached 0MB) CPU [8%@1510,1%@1510,3%@1510,2%@1510,60%@1510,6%@1510] GR3D_FREQ 0% cpu@47.218C soc2@46.5C soc0@44.625C gpu@46.312C tj@47.218C soc1@44.812C VDD_IN 4625mW/4382mW VDD_CPU_GPU_CV 1232mW/1086mW VDD_SOC 1393mW/1398mW
08-23-2026 04:32:04 RAM 3026/7620MB (lfb 5x4MB) SWAP 0/12002MB (cached 0MB) CPU [7%@1510,1%@1510,2%@1510,6%@1510,2%@1510,1%@1510] GR3D_FREQ 0% cpu@47.093C soc2@46.281C soc0@44.625C gpu@46.312C tj@47.093C soc1@44.781C VDD_IN 4313mW/4381mW VDD_CPU_GPU_CV 1036mW/1086mW VDD_SOC 1397mW/1398mW
08-23-2026 04:32:05 RAM 3026/7620MB (lfb 5x4MB) SWAP 0/12002MB (cached 0MB) CPU [6%@1510,0%@1510,2%@1510,0%@1510,0%@1510,1%@1510] GR3D_FREQ 0% cpu@47.25C soc2@46.343C soc0@44.687C gpu@46.375C tj@47.25C soc1@44.656C VDD_IN 4273mW/4381mW VDD_CPU_GPU_CV 996mW/1085mW VDD_SOC 1397mW/1398mW
08-23-2026 04:32:06 RAM 3026/7620MB (lfb 5x4MB) SWAP 0/12002MB (cached 0MB) CPU [7%@1510,1%@1510,2%@1510,1%@1510,3%@1510,1%@1510] GR3D_FREQ 0% cpu@46.906C soc2@46.375C soc0@44.687C gpu@46.5C tj@46.906C soc1@44.625C VDD_IN 4273mW/4380mW VDD_CPU_GPU_CV 996mW/1085mW VDD_SOC 1397mW/1398mW
08-23-2026 04:32:07 RAM 3026/7620MB (lfb 5x4MB) SWAP 0/12002MB (cached 0MB) CPU [6%@1510,0%@1510,3%@1510,0%@1510,3%@1510,2%@1510] GR3D_FREQ 0% cpu@46.906C soc2@46.375C soc0@44.781C gpu@46.531C tj@46.906C soc1@44.718C VDD_IN 4273mW/4379mW VDD_CPU_GPU_CV 1036mW/1085mW VDD_SOC 1397mW/1398mW
08-23-2026 04:32:08 RAM 3029/7620MB (lfb 5x4MB) SWAP 0/12002MB (cached 0MB) CPU [6%@1510,0%@1510,1%@1510,2%@1510,1%@1510,0%@1510] GR3D_FREQ 0% cpu@47.093C soc2@46.281C soc0@44.718C gpu@46.531C tj@47.093C soc1@44.687C VDD_IN 4273mW/4379mW VDD_CPU_GPU_CV 996mW/1084mW VDD_SOC 1397mW/1398mW
08-23-2026 04:32:09 RAM 3033/7620MB (lfb 4x4MB) SWAP 0/12002MB (cached 0MB) CPU [15%@1510,8%@1510,3%@1510,10%@1510,13%@1510,9%@1510] GR3D_FREQ 0% cpu@47.093C soc2@46.281C soc0@44.656C gpu@46.531C tj@47.093C soc1@44.843C VDD_IN 4392mW/4379mW VDD_CPU_GPU_CV 1076mW/1084mW VDD_SOC 1397mW/1398mW
08-23-2026 04:32:10 RAM 3034/7620MB (lfb 4x4MB) SWAP 0/12002MB (cached 0MB) CPU [6%@1510,0%@1510,2%@1510,0%@1510,0%@1510,3%@1510] GR3D_FREQ 0% cpu@47.187C soc2@46.343C soc0@44.687C gpu@46.531C tj@47.187C soc1@44.531C VDD_IN 4313mW/4378mW VDD_CPU_GPU_CV 1036mW/1084mW VDD_SOC 1397mW/1398mW
08-23-2026 04:32:11 RAM 3034/7620MB (lfb 4x4MB) SWAP 0/12002MB (cached 0MB) CPU [6%@1510,0%@1510,1%@1510,1%@1510,1%@1510,2%@1510] GR3D_FREQ 0% cpu@46.875C soc2@46.281C soc0@44.812C gpu@46.531C tj@46.875C soc1@44.531C VDD_IN 4273mW/4378mW VDD_CPU_GPU_CV 996mW/1083mW VDD_SOC 1397mW/1398mW
08-23-2026 04:32:12 RAM 3035/7620MB (lfb 4x4MB) SWAP 0/12002MB (cached 0MB) CPU [7%@1510,1%@1510,1%@1510,0%@1510,1%@1510,3%@1510] GR3D_FREQ 0% cpu@47C soc2@46.375C soc0@44.781C gpu@46.625C tj@47C soc1@44.656C VDD_IN 4273mW/4377mW VDD_CPU_GPU_CV 996mW/1083mW VDD_SOC 1397mW/1398mW
08-23-2026 04:32:13 RAM 3035/7620MB (lfb 4x4MB) SWAP 0/12002MB (cached 0MB) CPU [6%@1510,0%@1510,0%@1510,1%@1510,0%@1510,1%@1510] GR3D_FREQ 0% cpu@47.093C soc2@46.468C soc0@44.593C gpu@46.343C tj@47.093C soc1@44.75C VDD_IN 4273mW/4377mW VDD_CPU_GPU_CV 996mW/1082mW VDD_SOC 1397mW/1398mW
08-23-2026 04:32:14 RAM 3038/7620MB (lfb 4x4MB) SWAP 0/12002MB (cached 0MB) CPU [5%@1510,1%@1510,2%@1510,2%@1510,2%@1510,7%@1510] GR3D_FREQ 0% cpu@47.031C soc2@46.375C soc0@44.562C gpu@46.375C tj@47.031C soc1@44.812C VDD_IN 4273mW/4376mW VDD_CPU_GPU_CV 1036mW/1082mW VDD_SOC 1397mW/1398mW
08-23-2026 04:32:15 RAM 3038/7620MB (lfb 4x4MB) SWAP 0/12002MB (cached 0MB) CPU [8%@1510,0%@1510,1%@1510,2%@1510,2%@1510,1%@1510] GR3D_FREQ 0% cpu@47.187C soc2@46.312C soc0@44.75C gpu@46.281C tj@47.187C soc1@44.593C VDD_IN 4353mW/4376mW VDD_CPU_GPU_CV 1036mW/1082mW VDD_SOC 1397mW/1398mW
08-23-2026 04:32:16 RAM 3039/7620MB (lfb 4x4MB) SWAP 0/12002MB (cached 0MB) CPU [6%@1510,1%@1510,2%@1510,2%@1510,0%@1510,1%@1510] GR3D_FREQ 0% cpu@46.937C soc2@46.375C soc0@44.593C gpu@46.375C tj@47.25C soc1@44.656C VDD_IN 4273mW/4375mW VDD_CPU_GPU_CV 1036mW/1081mW VDD_SOC 1397mW/1398mW
08-23-2026 04:32:17 RAM 3038/7620MB (lfb 4x4MB) SWAP 0/12002MB (cached 0MB) CPU [7%@1510,0%@1510,1%@1510,1%@1510,2%@1510,1%@1510] GR3D_FREQ 0% cpu@46.843C soc2@46.281C soc0@44.562C gpu@46.375C tj@46.812C soc1@44.718C VDD_IN 4273mW/4375mW VDD_CPU_GPU_CV 996mW/1081mW VDD_SOC 1397mW/1398mW
08-23-2026 04:32:18 RAM 3039/7620MB (lfb 4x4MB) SWAP 0/12002MB (cached 0MB) CPU [6%@1510,1%@1510,1%@1510,1%@1510,3%@1510,2%@1510] GR3D_FREQ 0% cpu@47.062C soc2@46.25C soc0@44.687C gpu@46.375C tj@47.062C soc1@44.593C VDD_IN 4273mW/4374mW VDD_CPU_GPU_CV 996mW/1080mW VDD_SOC 1397mW/1398mW
08-23-2026 04:32:19 RAM 3036/7620MB (lfb 4x4MB) SWAP 0/12002MB (cached 0MB) CPU [6%@1510,0%@1510,2%@1510,1%@1510,3%@1510,1%@1510] GR3D_FREQ 0% cpu@46.812C soc2@46.343C soc0@44.75C gpu@46.375C tj@46.812C soc1@44.562C VDD_IN 4273mW/4374mW VDD_CPU_GPU_CV 996mW/1080mW VDD_SOC 1397mW/1398mW
08-23-2026 04:32:20 RAM 3037/7620MB (lfb 4x4MB) SWAP 0/12002MB (cached 0MB) CPU [5%@1510,1%@1510,2%@1510,2%@1510,2%@1510,0%@1510] GR3D_FREQ 0% cpu@46.906C soc2@46.343C soc0@44.843C gpu@46.312C tj@46.906C soc1@44.656C VDD_IN 4313mW/4373mW VDD_CPU_GPU_CV 1036mW/1080mW VDD_SOC 1397mW/1398mW
08-23-2026 04:32:21 RAM 3036/7620MB (lfb 4x4MB) SWAP 0/12002MB (cached 0MB) CPU [6%@1510,1%@1510,1%@1510,0%@1510,2%@1510,1%@1510] GR3D_FREQ 0% cpu@47.062C soc2@46.375C soc0@44.593C gpu@46.312C tj@47.062C soc1@44.718C VDD_IN 4313mW/4373mW VDD_CPU_GPU_CV 1036mW/1079mW VDD_SOC 1397mW/1398mW
08-23-2026 04:32:22 RAM 3037/7620MB (lfb 4x4MB) SWAP 0/12002MB (cached 0MB) CPU [4%@1510,0%@1510,0%@1510,0%@1510,1%@1510,2%@1510] GR3D_FREQ 0% cpu@47.156C soc2@46.312C soc0@44.656C gpu@46.375C tj@47.156C soc1@44.812C VDD_IN 4273mW/4372mW VDD_CPU_GPU_CV 996mW/1079mW VDD_SOC 1397mW/1398mW
08-23-2026 04:32:23 RAM 3037/7620MB (lfb 4x4MB) SWAP 0/12002MB (cached 0MB) CPU [6%@1510,0%@1510,0%@1510,0%@1510,1%@1510,1%@1510] GR3D_FREQ 0% cpu@47.093C soc2@46.218C soc0@44.687C gpu@46.187C tj@47.093C soc1@44.531C VDD_IN 4273mW/4372mW VDD_CPU_GPU_CV 996mW/1078mW VDD_SOC 1397mW/1398mW
08-23-2026 04:32:24 RAM 3037/7620MB (lfb 4x4MB) SWAP 0/12002MB (cached 0MB) CPU [6%@1510,1%@1510,1%@1510,0%@1510,1%@1510,0%@1510] GR3D_FREQ 0% cpu@46.968C soc2@46.312C soc0@44.781C gpu@46.312C tj@46.968C soc1@44.562C VDD_IN 4273mW/4371mW VDD_CPU_GPU_CV 996mW/1078mW VDD_SOC 1397mW/1398mW
08-23-2026 04:32:25 RAM 3036/7620MB (lfb 4x4MB) SWAP 0/12002MB (cached 0MB) CPU [7%@1510,0%@1510,1%@1510,2%@1510,3%@1510,2%@1510] GR3D_FREQ 0% cpu@46.906C soc2@46.312C soc0@44.812C gpu@46.218C tj@46.906C soc1@44.625C VDD_IN 4353mW/4371mW VDD_CPU_GPU_CV 1036mW/1078mW VDD_SOC 1397mW/1398mW
08-23-2026 04:32:26 RAM 3036/7620MB (lfb 4x4MB) SWAP 0/12002MB (cached 0MB) CPU [6%@1510,0%@1510,0%@1510,0%@1510,1%@1510,1%@1510] GR3D_FREQ 0% cpu@47.031C soc2@46.5C soc0@44.531C gpu@46.281C tj@47.031C soc1@44.687C VDD_IN 4273mW/4371mW VDD_CPU_GPU_CV 1036mW/1078mW VDD_SOC 1397mW/1398mW
08-23-2026 04:32:27 RAM 3037/7620MB (lfb 4x4MB) SWAP 0/12002MB (cached 0MB) CPU [6%@1510,1%@1510,1%@1510,1%@1510,1%@1510,0%@1510] GR3D_FREQ 0% cpu@47.25C soc2@46.343C soc0@44.625C gpu@46.281C tj@47.25C soc1@44.687C VDD_IN 4273mW/4370mW VDD_CPU_GPU_CV 996mW/1077mW VDD_SOC 1397mW/1398mW
08-23-2026 04:32:28 RAM 3037/7620MB (lfb 4x4MB) SWAP 0/12002MB (cached 0MB) CPU [6%@1510,0%@1510,0%@1510,1%@1510,1%@1510,1%@1510] GR3D_FREQ 0% cpu@47.093C soc2@46.281C soc0@44.75C gpu@46.312C tj@47.093C soc1@44.593C VDD_IN 4273mW/4370mW VDD_CPU_GPU_CV 1036mW/1077mW VDD_SOC 1397mW/1398mW
08-23-2026 04:32:29 RAM 3037/7620MB (lfb 4x4MB) SWAP 0/12002MB (cached 0MB) CPU [6%@1510,1%@1510,0%@1510,0%@1510,1%@1510,1%@1510] GR3D_FREQ 0% cpu@46.875C soc2@46.375C soc0@44.718C gpu@46.187C tj@46.843C soc1@44.593C VDD_IN 4273mW/4369mW VDD_CPU_GPU_CV 996mW/1076mW VDD_SOC 1397mW/1398mW
08-23-2026 04:32:30 RAM 3037/7620MB (lfb 4x4MB) SWAP 0/12002MB (cached 0MB) CPU [6%@1510,1%@1510,0%@1510,1%@1510,4%@1510,1%@1510] GR3D_FREQ 0% cpu@46.937C soc2@46.375C soc0@44.812C gpu@46.468C tj@46.937C soc1@44.625C VDD_IN 4313mW/4369mW VDD_CPU_GPU_CV 1036mW/1076mW VDD_SOC 1397mW/1398mW
08-23-2026 04:32:31 RAM 3037/7620MB (lfb 4x4MB) SWAP 0/12002MB (cached 0MB) CPU [6%@1510,0%@1510,1%@1510,0%@1510,1%@1510,2%@1510] GR3D_FREQ 0% cpu@47.156C soc2@46.406C soc0@44.687C gpu@46.562C tj@47.156C soc1@44.687C VDD_IN 4313mW/4368mW VDD_CPU_GPU_CV 1036mW/1076mW VDD_SOC 1397mW/1398mW
08-23-2026 04:32:32 RAM 3038/7620MB (lfb 4x4MB) SWAP 0/12002MB (cached 0MB) CPU [6%@1510,0%@1510,3%@1510,2%@1510,1%@1510,1%@1510] GR3D_FREQ 0% cpu@47.312C soc2@46.281C soc0@44.656C gpu@46.5C tj@47.312C soc1@44.687C VDD_IN 4353mW/4368mW VDD_CPU_GPU_CV 1076mW/1076mW VDD_SOC 1397mW/1398mW
08-23-2026 04:32:33 RAM 3038/7620MB (lfb 4x4MB) SWAP 0/12002MB (cached 0MB) CPU [6%@1510,2%@1510,0%@1510,2%@1510,1%@1510,0%@1510] GR3D_FREQ 0% cpu@47.187C soc2@46.343C soc0@44.781C gpu@46.562C tj@47.187C soc1@44.593C VDD_IN 4313mW/4368mW VDD_CPU_GPU_CV 1036mW/1076mW VDD_SOC 1397mW/1398mW
08-23-2026 04:32:34 RAM 3038/7620MB (lfb 4x4MB) SWAP 0/12002MB (cached 0MB) CPU [5%@1510,0%@1510,2%@1510,1%@1510,0%@1510,0%@1510] GR3D_FREQ 0% cpu@46.906C soc2@46.312C soc0@44.75C gpu@46.531C tj@46.875C soc1@44.656C VDD_IN 4273mW/4368mW VDD_CPU_GPU_CV 996mW/1075mW VDD_SOC 1397mW/1398mW
08-23-2026 04:32:35 RAM 3039/7620MB (lfb 5x4MB) SWAP 0/12002MB (cached 0MB) CPU [5%@1510,0%@1510,0%@1510,4%@1510,2%@1510,0%@1510] GR3D_FREQ 0% cpu@46.968C soc2@46.375C soc0@44.781C gpu@46.656C tj@46.968C soc1@44.687C VDD_IN 4313mW/4367mW VDD_CPU_GPU_CV 1036mW/1075mW VDD_SOC 1397mW/1398mW
08-23-2026 04:32:36 RAM 3038/7620MB (lfb 5x4MB) SWAP 0/12002MB (cached 0MB) CPU [6%@1510,0%@1510,1%@1510,1%@1510,0%@1510,2%@1510] GR3D_FREQ 0% cpu@47.093C soc2@46.375C soc0@44.593C gpu@46.625C tj@47.093C soc1@44.687C VDD_IN 4313mW/4367mW VDD_CPU_GPU_CV 1036mW/1075mW VDD_SOC 1397mW/1398mW
08-23-2026 04:32:37 RAM 3038/7620MB (lfb 5x4MB) SWAP 0/12002MB (cached 0MB) CPU [5%@1510,0%@1510,1%@1510,1%@1510,0%@1510,0%@1510] GR3D_FREQ 0% cpu@47.343C soc2@46.312C soc0@44.687C gpu@46.656C tj@47.343C soc1@44.843C VDD_IN 4273mW/4366mW VDD_CPU_GPU_CV 996mW/1075mW VDD_SOC 1397mW/1398mW
08-23-2026 04:32:38 RAM 3038/7620MB (lfb 5x4MB) SWAP 0/12002MB (cached 0MB) CPU [6%@1510,0%@1510,1%@1510,2%@1510,1%@1510,0%@1510] GR3D_FREQ 0% cpu@47.125C soc2@46.343C soc0@44.75C gpu@46.343C tj@47.125C soc1@44.625C VDD_IN 4273mW/4366mW VDD_CPU_GPU_CV 996mW/1074mW VDD_SOC 1397mW/1398mW
08-23-2026 04:32:39 RAM 3038/7620MB (lfb 5x4MB) SWAP 0/12002MB (cached 0MB) CPU [7%@1510,1%@1510,0%@1510,1%@1510,0%@1510,0%@1510] GR3D_FREQ 0% cpu@46.968C soc2@46.312C soc0@44.75C gpu@46.343C tj@46.937C soc1@44.625C VDD_IN 4273mW/4366mW VDD_CPU_GPU_CV 996mW/1074mW VDD_SOC 1397mW/1398mW
08-23-2026 04:32:40 RAM 3039/7620MB (lfb 5x4MB) SWAP 0/12002MB (cached 0MB) CPU [6%@1510,0%@1510,1%@1510,3%@1510,0%@1510,1%@1510] GR3D_FREQ 0% cpu@47C soc2@46.375C soc0@44.718C gpu@46.406C tj@47C soc1@44.593C VDD_IN 4313mW/4365mW VDD_CPU_GPU_CV 1036mW/1074mW VDD_SOC 1397mW/1398mW
08-23-2026 04:32:41 RAM 3039/7620MB (lfb 5x4MB) SWAP 0/12002MB (cached 0MB) CPU [6%@1510,0%@1510,0%@1510,2%@1510,1%@1510,1%@1510] GR3D_FREQ 0% cpu@47.062C soc2@46.437C soc0@44.656C gpu@46.406C tj@47.062C soc1@44.687C VDD_IN 4273mW/4365mW VDD_CPU_GPU_CV 1036mW/1073mW VDD_SOC 1397mW/1398mW
08-23-2026 04:32:42 RAM 3039/7620MB (lfb 5x4MB) SWAP 0/12002MB (cached 0MB) CPU [6%@1510,1%@1510,0%@1510,1%@1510,1%@1510,0%@1510] GR3D_FREQ 0% cpu@47.031C soc2@46.406C soc0@44.687C gpu@46.437C tj@47.343C soc1@44.75C VDD_IN 4273mW/4364mW VDD_CPU_GPU_CV 996mW/1073mW VDD_SOC 1397mW/1398mW
08-23-2026 04:32:43 RAM 3038/7620MB (lfb 5x4MB) SWAP 0/12002MB (cached 0MB) CPU [6%@1510,0%@1510,0%@1510,1%@1510,0%@1510,0%@1510] GR3D_FREQ 0% cpu@47.156C soc2@46.312C soc0@44.718C gpu@46.437C tj@47.156C soc1@44.687C VDD_IN 4273mW/4364mW VDD_CPU_GPU_CV 996mW/1073mW VDD_SOC 1397mW/1398mW
08-23-2026 04:32:44 RAM 3039/7620MB (lfb 5x4MB) SWAP 0/12002MB (cached 0MB) CPU [6%@1510,1%@1510,0%@1510,2%@1510,0%@1510,1%@1510] GR3D_FREQ 0% cpu@46.968C soc2@46.375C soc0@44.812C gpu@46.468C tj@46.968C soc1@44.625C VDD_IN 4273mW/4363mW VDD_CPU_GPU_CV 996mW/1072mW VDD_SOC 1397mW/1398mW
08-23-2026 04:32:45 RAM 3037/7620MB (lfb 5x4MB) SWAP 0/12002MB (cached 0MB) CPU [7%@1510,0%@1510,1%@1510,4%@1510,0%@1510,2%@1510] GR3D_FREQ 0% cpu@47C soc2@46.375C soc0@44.843C gpu@46.25C tj@47C soc1@44.625C VDD_IN 4313mW/4363mW VDD_CPU_GPU_CV 1036mW/1072mW VDD_SOC 1397mW/1398mW
08-23-2026 04:32:46 RAM 3038/7620MB (lfb 5x4MB) SWAP 0/12002MB (cached 0MB) CPU [5%@1510,1%@1510,0%@1510,1%@1510,1%@1510,0%@1510] GR3D_FREQ 0% cpu@47.093C soc2@46.406C soc0@44.625C gpu@46.375C tj@47.093C soc1@44.718C VDD_IN 4313mW/4363mW VDD_CPU_GPU_CV 1036mW/1072mW VDD_SOC 1397mW/1398mW
08-23-2026 04:32:47 RAM 3039/7620MB (lfb 5x4MB) SWAP 0/12002MB (cached 0MB) CPU [6%@1510,1%@1510,1%@1510,4%@1510,2%@1510,2%@1510] GR3D_FREQ 0% cpu@47.093C soc2@46.468C soc0@44.718C gpu@46.375C tj@47.343C soc1@44.75C VDD_IN 4353mW/4363mW VDD_CPU_GPU_CV 1076mW/1072mW VDD_SOC 1397mW/1398mW
08-23-2026 04:32:48 RAM 3039/7620MB (lfb 5x4MB) SWAP 0/12002MB (cached 0MB) CPU [7%@1510,0%@1510,0%@1510,1%@1510,0%@1510,1%@1510] GR3D_FREQ 0% cpu@47.125C soc2@46.343C soc0@44.687C gpu@46.375C tj@47.125C soc1@44.593C VDD_IN 4273mW/4362mW VDD_CPU_GPU_CV 1036mW/1072mW VDD_SOC 1397mW/1398mW
08-23-2026 04:32:49 RAM 3039/7620MB (lfb 5x4MB) SWAP 0/12002MB (cached 0MB) CPU [5%@1510,0%@1510,0%@1510,1%@1510,1%@1510,1%@1510] GR3D_FREQ 0% cpu@46.968C soc2@46.375C soc0@44.781C gpu@46.343C tj@46.968C soc1@44.625C VDD_IN 4273mW/4362mW VDD_CPU_GPU_CV 996mW/1071mW VDD_SOC 1397mW/1398mW
08-23-2026 04:32:50 RAM 3038/7620MB (lfb 5x4MB) SWAP 0/12002MB (cached 0MB) CPU [6%@1510,0%@1510,1%@1510,2%@1510,1%@1510,3%@1510] GR3D_FREQ 0% cpu@46.906C soc2@46.312C soc0@44.781C gpu@46.25C tj@46.906C soc1@44.656C VDD_IN 4313mW/4362mW VDD_CPU_GPU_CV 1036mW/1071mW VDD_SOC 1397mW/1398mW
08-23-2026 04:32:51 RAM 3038/7620MB (lfb 5x4MB) SWAP 0/12002MB (cached 0MB) CPU [6%@1510,0%@1510,0%@1510,1%@1510,1%@1510,1%@1510] GR3D_FREQ 0% cpu@47.093C soc2@46.437C soc0@44.593C gpu@46.312C tj@47.093C soc1@44.625C VDD_IN 4273mW/4361mW VDD_CPU_GPU_CV 996mW/1071mW VDD_SOC 1397mW/1398mW
08-23-2026 04:32:52 RAM 3038/7620MB (lfb 5x4MB) SWAP 0/12002MB (cached 0MB) CPU [6%@1510,1%@1510,1%@1510,1%@1510,1%@1510,0%@1510] GR3D_FREQ 0% cpu@46.968C soc2@46.343C soc0@44.625C gpu@46.468C tj@47.312C soc1@44.75C VDD_IN 4233mW/4361mW VDD_CPU_GPU_CV 996mW/1070mW VDD_SOC 1397mW/1398mW
08-23-2026 04:32:53 RAM 3038/7620MB (lfb 5x4MB) SWAP 0/12002MB (cached 0MB) CPU [8%@1510,0%@1510,0%@1510,1%@1510,0%@1510,1%@1510] GR3D_FREQ 0% cpu@47.125C soc2@46.343C soc0@44.718C gpu@46.5C tj@47.125C soc1@44.781C VDD_IN 4233mW/4360mW VDD_CPU_GPU_CV 996mW/1070mW VDD_SOC 1397mW/1398mW
08-23-2026 04:32:54 RAM 3037/7620MB (lfb 5x4MB) SWAP 0/12002MB (cached 0MB) CPU [6%@1510,0%@1510,0%@1510,1%@1510,0%@1510,1%@1510] GR3D_FREQ 0% cpu@46.843C soc2@46.312C soc0@44.687C gpu@46.468C tj@46.843C soc1@44.531C VDD_IN 4273mW/4360mW VDD_CPU_GPU_CV 996mW/1070mW VDD_SOC 1397mW/1398mW
08-23-2026 04:32:55 RAM 3037/7620MB (lfb 5x4MB) SWAP 0/12002MB (cached 0MB) CPU [6%@1510,0%@1510,1%@1510,3%@1510,2%@1510,0%@1510] GR3D_FREQ 0% cpu@46.937C soc2@46.375C soc0@44.781C gpu@46.593C tj@46.937C soc1@44.656C VDD_IN 4313mW/4360mW VDD_CPU_GPU_CV 1036mW/1070mW VDD_SOC 1397mW/1398mW
08-23-2026 04:32:56 RAM 3037/7620MB (lfb 5x4MB) SWAP 0/12002MB (cached 0MB) CPU [4%@1510,0%@1510,1%@1510,1%@1510,0%@1510,1%@1510] GR3D_FREQ 0% cpu@47.031C soc2@46.5C soc0@44.781C gpu@46.562C tj@47.031C soc1@44.656C VDD_IN 4273mW/4359mW VDD_CPU_GPU_CV 996mW/1069mW VDD_SOC 1397mW/1398mW
08-23-2026 04:32:57 RAM 3038/7620MB (lfb 5x4MB) SWAP 0/12002MB (cached 0MB) CPU [6%@1510,0%@1510,0%@1510,1%@1510,1%@1510,1%@1510] GR3D_FREQ 0% cpu@46.875C soc2@46.375C soc0@44.656C gpu@46.406C tj@47.187C soc1@44.687C VDD_IN 4273mW/4359mW VDD_CPU_GPU_CV 996mW/1069mW VDD_SOC 1397mW/1398mW
08-23-2026 04:32:58 RAM 3037/7620MB (lfb 5x4MB) SWAP 0/12002MB (cached 0MB) CPU [6%@1510,0%@1510,0%@1510,1%@1510,0%@1510,1%@1510] GR3D_FREQ 0% cpu@47.031C soc2@46.218C soc0@44.625C gpu@46.312C tj@47.031C soc1@44.781C VDD_IN 4233mW/4358mW VDD_CPU_GPU_CV 996mW/1069mW VDD_SOC 1397mW/1398mW
08-23-2026 04:32:59 RAM 3038/7620MB (lfb 5x4MB) SWAP 0/12002MB (cached 0MB) CPU [6%@1510,0%@1510,3%@1510,1%@1510,1%@1510,0%@1510] GR3D_FREQ 0% cpu@46.812C soc2@46.25C soc0@44.625C gpu@46.25C tj@46.812C soc1@44.625C VDD_IN 4273mW/4358mW VDD_CPU_GPU_CV 996mW/1068mW VDD_SOC 1397mW/1398mW
08-23-2026 04:33:01 RAM 3038/7620MB (lfb 5x4MB) SWAP 0/12002MB (cached 0MB) CPU [5%@1510,1%@1510,2%@1510,3%@1510,2%@1510,2%@1510] GR3D_FREQ 0% cpu@46.843C soc2@46.375C soc0@44.687C gpu@46.343C tj@46.843C soc1@44.562C VDD_IN 4273mW/4357mW VDD_CPU_GPU_CV 1036mW/1068mW VDD_SOC 1397mW/1398mW
08-23-2026 04:33:02 RAM 3037/7620MB (lfb 5x4MB) SWAP 0/12002MB (cached 0MB) CPU [6%@1510,0%@1510,1%@1510,1%@1510,1%@1510,1%@1510] GR3D_FREQ 0% cpu@47C soc2@46.343C soc0@44.781C gpu@46.312C tj@47C soc1@44.625C VDD_IN 4313mW/4357mW VDD_CPU_GPU_CV 1036mW/1068mW VDD_SOC 1397mW/1398mW
08-23-2026 04:33:03 RAM 3038/7620MB (lfb 5x4MB) SWAP 0/12002MB (cached 0MB) CPU [6%@1510,1%@1510,3%@1510,1%@1510,3%@1510,1%@1510] GR3D_FREQ 0% cpu@46.843C soc2@46.406C soc0@44.656C gpu@46.375C tj@47.218C soc1@44.656C VDD_IN 4313mW/4357mW VDD_CPU_GPU_CV 1036mW/1068mW VDD_SOC 1397mW/1398mW
08-23-2026 04:33:04 RAM 3038/7620MB (lfb 5x4MB) SWAP 0/12002MB (cached 0MB) CPU [4%@1510,0%@1510,0%@1510,3%@1510,2%@1510,0%@1510] GR3D_FREQ 0% cpu@47C soc2@46.25C soc0@44.593C gpu@46.406C tj@47C soc1@44.843C VDD_IN 4273mW/4357mW VDD_CPU_GPU_CV 1036mW/1068mW VDD_SOC 1397mW/1398mW
08-23-2026 04:33:05 RAM 3037/7620MB (lfb 5x4MB) SWAP 0/12002MB (cached 0MB) CPU [6%@1510,0%@1510,0%@1510,1%@1510,1%@1510,0%@1510] GR3D_FREQ 0% cpu@46.812C soc2@46.343C soc0@44.625C gpu@46.312C tj@46.812C soc1@44.562C VDD_IN 4273mW/4356mW VDD_CPU_GPU_CV 996mW/1067mW VDD_SOC 1397mW/1398mW
08-23-2026 04:33:06 RAM 3036/7620MB (lfb 5x4MB) SWAP 0/12002MB (cached 0MB) CPU [6%@1510,1%@1510,2%@1510,1%@1510,2%@1510,2%@1510] GR3D_FREQ 0% cpu@46.781C soc2@46.312C soc0@44.75C gpu@46.656C tj@46.781C soc1@44.562C VDD_IN 4273mW/4356mW VDD_CPU_GPU_CV 1036mW/1067mW VDD_SOC 1397mW/1398mW
08-23-2026 04:33:07 RAM 3037/7620MB (lfb 5x4MB) SWAP 0/12002MB (cached 0MB) CPU [6%@1510,1%@1510,1%@1510,0%@1510,2%@1510,1%@1510] GR3D_FREQ 0% cpu@47C soc2@46.312C soc0@44.812C gpu@46.718C tj@47C soc1@44.593C VDD_IN 4273mW/4355mW VDD_CPU_GPU_CV 996mW/1067mW VDD_SOC 1397mW/1398mW
08-23-2026 04:33:08 RAM 3037/7620MB (lfb 5x4MB) SWAP 0/12002MB (cached 0MB) CPU [5%@1510,0%@1510,2%@1510,2%@1510,1%@1510,3%@1510] GR3D_FREQ 0% cpu@46.937C soc2@46.375C soc0@44.625C gpu@46.218C tj@46.937C soc1@44.718C VDD_IN 4313mW/4355mW VDD_CPU_GPU_CV 1036mW/1067mW VDD_SOC 1397mW/1398mW
08-23-2026 04:33:09 RAM 3038/7620MB (lfb 5x4MB) SWAP 0/12002MB (cached 0MB) CPU [6%@1510,0%@1510,1%@1510,3%@1510,1%@1510,1%@1510] GR3D_FREQ 0% cpu@47.093C soc2@46.343C soc0@44.718C gpu@46.218C tj@47.093C soc1@44.75C VDD_IN 4273mW/4355mW VDD_CPU_GPU_CV 1036mW/1067mW VDD_SOC 1397mW/1398mW
08-23-2026 04:33:10 RAM 3038/7620MB (lfb 5x4MB) SWAP 0/12002MB (cached 0MB) CPU [6%@1510,0%@1510,0%@1510,1%@1510,2%@1510,0%@1510] GR3D_FREQ 0% cpu@46.843C soc2@46.375C soc0@44.656C gpu@46.312C tj@46.843C soc1@44.531C VDD_IN 4273mW/4355mW VDD_CPU_GPU_CV 996mW/1066mW VDD_SOC 1397mW/1398mW
08-23-2026 04:33:11 RAM 3037/7620MB (lfb 5x4MB) SWAP 0/12002MB (cached 0MB) CPU [6%@1510,0%@1510,2%@1510,2%@1510,3%@1510,0%@1510] GR3D_FREQ 0% cpu@46.937C soc2@46.312C soc0@44.75C gpu@46.281C tj@46.937C soc1@44.656C VDD_IN 4313mW/4354mW VDD_CPU_GPU_CV 1036mW/1066mW VDD_SOC 1397mW/1398mW
08-23-2026 04:33:12 RAM 3038/7620MB (lfb 5x4MB) SWAP 0/12002MB (cached 0MB) CPU [5%@1510,0%@1510,1%@1510,1%@1510,1%@1510,0%@1510] GR3D_FREQ 0% cpu@47C soc2@46.375C soc0@44.843C gpu@46.281C tj@47C soc1@44.531C VDD_IN 4273mW/4354mW VDD_CPU_GPU_CV 996mW/1066mW VDD_SOC 1397mW/1398mW
08-23-2026 04:33:13 RAM 3038/7620MB (lfb 5x4MB) SWAP 0/12002MB (cached 0MB) CPU [5%@1510,1%@1510,1%@1510,0%@1510,1%@1510,1%@1510] GR3D_FREQ 0% cpu@46.906C soc2@46.437C soc0@44.593C gpu@46.468C tj@46.906C soc1@44.687C VDD_IN 4233mW/4353mW VDD_CPU_GPU_CV 996mW/1066mW VDD_SOC 1397mW/1398mW
08-23-2026 04:33:14 RAM 3038/7620MB (lfb 5x4MB) SWAP 0/12002MB (cached 0MB) CPU [5%@1510,0%@1510,0%@1510,1%@1510,2%@1510,1%@1510] GR3D_FREQ 0% cpu@47.062C soc2@46.343C soc0@44.625C gpu@46.5C tj@47.062C soc1@44.75C VDD_IN 4233mW/4353mW VDD_CPU_GPU_CV 996mW/1065mW VDD_SOC 1397mW/1398mW
08-23-2026 04:33:15 RAM 3038/7620MB (lfb 5x4MB) SWAP 0/12002MB (cached 0MB) CPU [6%@1510,0%@1510,2%@1510,0%@1510,1%@1510,1%@1510] GR3D_FREQ 0% cpu@46.875C soc2@46.343C soc0@44.718C gpu@46.468C tj@46.875C soc1@44.562C VDD_IN 4273mW/4353mW VDD_CPU_GPU_CV 996mW/1065mW VDD_SOC 1397mW/1398mW
08-23-2026 04:33:16 RAM 3038/7620MB (lfb 5x4MB) SWAP 0/12002MB (cached 0MB) CPU [6%@1510,0%@1510,3%@1510,0%@1510,4%@1510,0%@1510] GR3D_FREQ 0% cpu@46.843C soc2@46.375C soc0@44.781C gpu@46.468C tj@46.843C soc1@44.593C VDD_IN 4273mW/4352mW VDD_CPU_GPU_CV 1036mW/1065mW VDD_SOC 1397mW/1398mW
08-23-2026 04:33:17 RAM 3038/7620MB (lfb 5x4MB) SWAP 0/12002MB (cached 0MB) CPU [6%@1510,0%@1510,1%@1510,0%@1510,2%@1510,3%@1510] GR3D_FREQ 0% cpu@47C soc2@46.375C soc0@44.875C gpu@46.5C tj@47C soc1@44.687C VDD_IN 4273mW/4352mW VDD_CPU_GPU_CV 1036mW/1065mW VDD_SOC 1397mW/1398mW
08-23-2026 04:33:18 RAM 3038/7620MB (lfb 5x4MB) SWAP 0/12002MB (cached 0MB) CPU [6%@1510,0%@1510,4%@1510,2%@1510,2%@1510,1%@1510] GR3D_FREQ 0% cpu@46.968C soc2@46.375C soc0@44.593C gpu@46.5C tj@46.968C soc1@44.75C VDD_IN 4313mW/4352mW VDD_CPU_GPU_CV 1036mW/1065mW VDD_SOC 1397mW/1398mW
08-23-2026 04:33:19 RAM 3038/7620MB (lfb 5x4MB) SWAP 0/12002MB (cached 0MB) CPU [5%@1510,0%@1510,2%@1510,2%@1510,1%@1510,1%@1510] GR3D_FREQ 0% cpu@47.031C soc2@46.281C soc0@44.625C gpu@46.5C tj@47.031C soc1@44.75C VDD_IN 4273mW/4351mW VDD_CPU_GPU_CV 1036mW/1064mW VDD_SOC 1397mW/1398mW
08-23-2026 04:33:20 RAM 3038/7620MB (lfb 5x4MB) SWAP 0/12002MB (cached 0MB) CPU [6%@1510,1%@1510,3%@1510,1%@1510,1%@1510,0%@1510] GR3D_FREQ 0% cpu@47.281C soc2@46.375C soc0@44.656C gpu@46.312C tj@47.281C soc1@44.531C VDD_IN 4273mW/4351mW VDD_CPU_GPU_CV 996mW/1064mW VDD_SOC 1397mW/1398mW
08-23-2026 04:33:21 RAM 3038/7620MB (lfb 5x4MB) SWAP 0/12002MB (cached 0MB) CPU [5%@1510,0%@1510,0%@1510,1%@1510,1%@1510,4%@1510] GR3D_FREQ 0% cpu@46.906C soc2@46.343C soc0@44.687C gpu@46.281C tj@46.906C soc1@44.562C VDD_IN 4273mW/4351mW VDD_CPU_GPU_CV 1036mW/1064mW VDD_SOC 1397mW/1398mW
08-23-2026 04:33:22 RAM 3037/7620MB (lfb 5x4MB) SWAP 0/12002MB (cached 0MB) CPU [6%@1510,0%@1510,1%@1510,1%@1510,0%@1510,2%@1510] GR3D_FREQ 0% cpu@47.062C soc2@46.375C soc0@44.781C gpu@46.312C tj@47.062C soc1@44.625C VDD_IN 4273mW/4350mW VDD_CPU_GPU_CV 996mW/1064mW VDD_SOC 1397mW/1398mW
08-23-2026 04:33:23 RAM 3037/7620MB (lfb 5x4MB) SWAP 0/12002MB (cached 0MB) CPU [6%@1510,1%@1510,3%@1510,1%@1510,2%@1510,3%@1510] GR3D_FREQ 0% cpu@46.937C soc2@46.375C soc0@44.656C gpu@46.343C tj@46.937C soc1@44.656C VDD_IN 4313mW/4350mW VDD_CPU_GPU_CV 1036mW/1064mW VDD_SOC 1397mW/1398mW
08-23-2026 04:33:24 RAM 3036/7620MB (lfb 5x4MB) SWAP 0/12002MB (cached 0MB) CPU [5%@1510,0%@1510,2%@1510,1%@1510,3%@1510,1%@1510] GR3D_FREQ 0% cpu@47.062C soc2@46.343C soc0@44.625C gpu@46.343C tj@47.062C soc1@44.75C VDD_IN 4273mW/4350mW VDD_CPU_GPU_CV 1036mW/1064mW VDD_SOC 1397mW/1398mW
08-23-2026 04:33:25 RAM 3036/7620MB (lfb 5x4MB) SWAP 0/12002MB (cached 0MB) CPU [5%@1510,1%@1510,1%@1510,2%@1510,0%@1510,1%@1510] GR3D_FREQ 0% cpu@47.187C soc2@46.312C soc0@44.687C gpu@46.375C tj@47.187C soc1@44.593C VDD_IN 4273mW/4350mW VDD_CPU_GPU_CV 996mW/1063mW VDD_SOC 1397mW/1398mW
08-23-2026 04:33:26 RAM 3037/7620MB (lfb 5x4MB) SWAP 0/12002MB (cached 0MB) CPU [7%@1510,1%@1510,4%@1510,0%@1510,2%@1510,1%@1510] GR3D_FREQ 0% cpu@46.906C soc2@46.281C soc0@44.843C gpu@46.375C tj@46.906C soc1@44.593C VDD_IN 4273mW/4349mW VDD_CPU_GPU_CV 1036mW/1063mW VDD_SOC 1397mW/1398mW
08-23-2026 04:33:27 RAM 3037/7620MB (lfb 5x4MB) SWAP 0/12002MB (cached 0MB) CPU [5%@1510,0%@1510,2%@1510,1%@1510,1%@1510,1%@1510] GR3D_FREQ 0% cpu@46.937C soc2@46.375C soc0@44.843C gpu@46.625C tj@46.937C soc1@44.593C VDD_IN 4273mW/4349mW VDD_CPU_GPU_CV 1036mW/1063mW VDD_SOC 1397mW/1398mW
08-23-2026 04:33:28 RAM 3037/7620MB (lfb 5x4MB) SWAP 0/12002MB (cached 0MB) CPU [6%@1510,1%@1510,0%@1510,2%@1510,2%@1510,2%@1510] GR3D_FREQ 0% cpu@46.875C soc2@46.343C soc0@44.656C gpu@46.687C tj@47.125C soc1@44.687C VDD_IN 4273mW/4349mW VDD_CPU_GPU_CV 996mW/1063mW VDD_SOC 1397mW/1398mW
08-23-2026 04:33:29 RAM 3037/7620MB (lfb 5x4MB) SWAP 0/12002MB (cached 0MB) CPU [5%@1510,0%@1510,0%@1510,0%@1510,0%@1510,1%@1510] GR3D_FREQ 0% cpu@47.031C soc2@46.281C soc0@44.625C gpu@46.718C tj@47.031C soc1@44.781C VDD_IN 4273mW/4348mW VDD_CPU_GPU_CV 996mW/1062mW VDD_SOC 1397mW/1398mW
08-23-2026 04:33:30 RAM 3037/7620MB (lfb 5x4MB) SWAP 0/12002MB (cached 0MB) CPU [7%@1510,1%@1510,1%@1510,1%@1510,0%@1510,1%@1510] GR3D_FREQ 0% cpu@47.312C soc2@46.343C soc0@44.656C gpu@46.718C tj@47.312C soc1@44.625C VDD_IN 4273mW/4348mW VDD_CPU_GPU_CV 996mW/1062mW VDD_SOC 1397mW/1398mW
08-23-2026 04:33:31 RAM 3037/7620MB (lfb 5x4MB) SWAP 0/12002MB (cached 0MB) CPU [6%@1510,1%@1510,1%@1510,3%@1510,2%@1510,3%@1510] GR3D_FREQ 0% cpu@46.968C soc2@46.312C soc0@44.75C gpu@46.312C tj@46.968C soc1@44.593C VDD_IN 4273mW/4348mW VDD_CPU_GPU_CV 1036mW/1062mW VDD_SOC 1397mW/1398mW
08-23-2026 04:33:32 RAM 3037/7620MB (lfb 5x4MB) SWAP 0/12002MB (cached 0MB) CPU [5%@1510,1%@1510,1%@1510,0%@1510,1%@1510,2%@1510] GR3D_FREQ 0% cpu@47.062C soc2@46.343C soc0@44.843C gpu@46.25C tj@47.062C soc1@44.625C VDD_IN 4273mW/4347mW VDD_CPU_GPU_CV 1036mW/1062mW VDD_SOC 1397mW/1398mW
08-23-2026 04:33:33 RAM 3037/7620MB (lfb 5x4MB) SWAP 0/12002MB (cached 0MB) CPU [8%@1510,1%@1510,3%@1510,1%@1510,2%@1510,2%@1510] GR3D_FREQ 0% cpu@46.937C soc2@46.406C soc0@44.656C gpu@46.406C tj@46.937C soc1@44.75C VDD_IN 4313mW/4347mW VDD_CPU_GPU_CV 1036mW/1062mW VDD_SOC 1397mW/1398mW
08-23-2026 04:33:34 RAM 3037/7620MB (lfb 5x4MB) SWAP 0/12002MB (cached 0MB) CPU [5%@1510,1%@1510,1%@1510,2%@1510,1%@1510,2%@1510] GR3D_FREQ 0% cpu@47.031C soc2@46.343C soc0@44.656C gpu@46.437C tj@47.031C soc1@44.656C VDD_IN 4313mW/4347mW VDD_CPU_GPU_CV 1036mW/1062mW VDD_SOC 1397mW/1398mW
08-23-2026 04:33:35 RAM 3037/7620MB (lfb 5x4MB) SWAP 0/12002MB (cached 0MB) CPU [8%@1510,0%@1510,0%@1510,0%@1510,1%@1510,2%@1510] GR3D_FREQ 0% cpu@47.312C soc2@46.281C soc0@44.625C gpu@46.468C tj@47.312C soc1@44.593C VDD_IN 4273mW/4347mW VDD_CPU_GPU_CV 996mW/1061mW VDD_SOC 1397mW/1398mW
08-23-2026 04:33:36 RAM 3037/7620MB (lfb 5x4MB) SWAP 0/12002MB (cached 0MB) CPU [8%@1510,3%@1510,4%@1510,1%@1510,1%@1510,2%@1510] GR3D_FREQ 0% cpu@46.875C soc2@46.343C soc0@44.75C gpu@46.468C tj@46.875C soc1@44.593C VDD_IN 4313mW/4347mW VDD_CPU_GPU_CV 1036mW/1061mW VDD_SOC 1397mW/1398mW
08-23-2026 04:33:37 RAM 3036/7620MB (lfb 5x4MB) SWAP 0/12002MB (cached 0MB) CPU [13%@1510,4%@1510,0%@1510,0%@1510,1%@1510,1%@1510] GR3D_FREQ 0% cpu@46.968C soc2@46.375C soc0@44.812C gpu@46.375C tj@46.968C soc1@44.656C VDD_IN 4273mW/4346mW VDD_CPU_GPU_CV 1036mW/1061mW VDD_SOC 1397mW/1398mW
08-23-2026 04:33:38 RAM 3036/7620MB (lfb 5x4MB) SWAP 0/12002MB (cached 0MB) CPU [6%@1510,8%@1510,0%@1510,0%@1510,0%@1510,2%@1510] GR3D_FREQ 0% cpu@46.937C soc2@46.375C soc0@44.625C gpu@46.468C tj@47.218C soc1@44.656C VDD_IN 4273mW/4346mW VDD_CPU_GPU_CV 996mW/1061mW VDD_SOC 1397mW/1398mW
08-23-2026 04:33:39 RAM 3037/7620MB (lfb 5x4MB) SWAP 0/12002MB (cached 0MB) CPU [6%@1510,0%@1510,1%@1510,0%@1510,1%@1510,1%@1510] GR3D_FREQ 0% cpu@46.968C soc2@46.343C soc0@44.75C gpu@46.5C tj@46.968C soc1@44.812C VDD_IN 4273mW/4346mW VDD_CPU_GPU_CV 996mW/1061mW VDD_SOC 1397mW/1398mW
08-23-2026 04:33:40 RAM 3038/7620MB (lfb 5x4MB) SWAP 0/12002MB (cached 0MB) CPU [6%@1510,0%@1510,0%@1510,0%@1510,1%@1510,2%@1510] GR3D_FREQ 0% cpu@47.187C soc2@46.343C soc0@44.687C gpu@46.281C tj@47.187C soc1@44.593C VDD_IN 4273mW/4346mW VDD_CPU_GPU_CV 996mW/1061mW VDD_SOC 1397mW/1398mW
08-23-2026 04:33:41 RAM 3038/7620MB (lfb 5x4MB) SWAP 0/12002MB (cached 0MB) CPU [6%@1510,3%@1510,1%@1510,3%@1510,3%@1510,1%@1510] GR3D_FREQ 0% cpu@46.906C soc2@46.343C soc0@44.718C gpu@46.375C tj@46.906C soc1@44.593C VDD_IN 4273mW/4345mW VDD_CPU_GPU_CV 1036mW/1060mW VDD_SOC 1397mW/1398mW
08-23-2026 04:33:42 RAM 3038/7620MB (lfb 5x4MB) SWAP 0/12002MB (cached 0MB) CPU [6%@1510,2%@1510,1%@1510,1%@1510,0%@1510,1%@1510] GR3D_FREQ 0% cpu@47C soc2@46.375C soc0@44.812C gpu@46.281C tj@47C soc1@44.718C VDD_IN 4273mW/4345mW VDD_CPU_GPU_CV 1036mW/1060mW VDD_SOC 1397mW/1398mW
08-23-2026 04:33:43 RAM 3038/7620MB (lfb 5x4MB) SWAP 0/12002MB (cached 0MB) CPU [6%@1510,1%@1510,0%@1510,0%@1510,1%@1510,1%@1510] GR3D_FREQ 0% cpu@47.031C soc2@46.343C soc0@44.687C gpu@46.25C tj@47.031C soc1@44.687C VDD_IN 4273mW/4345mW VDD_CPU_GPU_CV 996mW/1060mW VDD_SOC 1397mW/1398mW
08-23-2026 04:33:44 RAM 3038/7620MB (lfb 5x4MB) SWAP 0/12002MB (cached 0MB) CPU [6%@1510,0%@1510,1%@1510,0%@1510,1%@1510,2%@1510] GR3D_FREQ 0% cpu@47.031C soc2@46.187C soc0@44.687C gpu@46.312C tj@47.031C soc1@44.781C VDD_IN 4273mW/4344mW VDD_CPU_GPU_CV 996mW/1060mW VDD_SOC 1397mW/1398mW
08-23-2026 04:33:45 RAM 3038/7620MB (lfb 5x4MB) SWAP 0/12002MB (cached 0MB) CPU [6%@1510,0%@1510,1%@1510,0%@1510,0%@1510,1%@1510] GR3D_FREQ 0% cpu@47.25C soc2@46.343C soc0@44.687C gpu@46.343C tj@47.25C soc1@44.593C VDD_IN 4273mW/4344mW VDD_CPU_GPU_CV 996mW/1060mW VDD_SOC 1397mW/1398mW
08-23-2026 04:33:46 RAM 3038/7620MB (lfb 5x4MB) SWAP 0/12002MB (cached 0MB) CPU [5%@1510,0%@1510,2%@1510,0%@1510,2%@1510,2%@1510] GR3D_FREQ 0% cpu@46.843C soc2@46.312C soc0@44.718C gpu@46.656C tj@46.843C soc1@44.625C VDD_IN 4273mW/4344mW VDD_CPU_GPU_CV 1036mW/1060mW VDD_SOC 1397mW/1398mW
08-23-2026 04:33:47 RAM 3036/7620MB (lfb 5x4MB) SWAP 0/12002MB (cached 0MB) CPU [6%@1510,0%@1510,0%@1510,2%@1510,2%@1510,3%@1510] GR3D_FREQ 0% cpu@47.062C soc2@46.375C soc0@44.812C gpu@46.625C tj@47.062C soc1@44.687C VDD_IN 4273mW/4344mW VDD_CPU_GPU_CV 1036mW/1059mW VDD_SOC 1397mW/1398mW
08-23-2026 04:33:48 RAM 3036/7620MB (lfb 5x4MB) SWAP 0/12002MB (cached 0MB) CPU [6%@1510,1%@1510,1%@1510,2%@1510,1%@1510,1%@1510] GR3D_FREQ 0% cpu@46.968C soc2@46.375C soc0@44.656C gpu@46.625C tj@47.093C soc1@44.718C VDD_IN 4313mW/4344mW VDD_CPU_GPU_CV 1036mW/1059mW VDD_SOC 1397mW/1398mW
08-23-2026 04:33:49 RAM 3036/7620MB (lfb 5x4MB) SWAP 0/12002MB (cached 0MB) CPU [6%@1510,0%@1510,1%@1510,1%@1510,1%@1510,1%@1510] GR3D_FREQ 0% cpu@47.031C soc2@46.343C soc0@44.625C gpu@46.687C tj@47.031C soc1@44.718C VDD_IN 4273mW/4343mW VDD_CPU_GPU_CV 1036mW/1059mW VDD_SOC 1397mW/1398mW
08-23-2026 04:33:50 RAM 3036/7620MB (lfb 5x4MB) SWAP 0/12002MB (cached 0MB) CPU [7%@1510,0%@1510,1%@1510,0%@1510,1%@1510,2%@1510] GR3D_FREQ 0% cpu@47.187C soc2@46.375C soc0@44.75C gpu@46.687C tj@47.187C soc1@44.625C VDD_IN 4233mW/4343mW VDD_CPU_GPU_CV 996mW/1059mW VDD_SOC 1397mW/1398mW
08-23-2026 04:33:51 RAM 3036/7620MB (lfb 5x4MB) SWAP 0/12002MB (cached 0MB) CPU [6%@1510,1%@1510,1%@1510,1%@1510,1%@1510,4%@1510] GR3D_FREQ 0% cpu@46.906C soc2@46.375C soc0@44.718C gpu@46.656C tj@46.906C soc1@44.593C VDD_IN 4273mW/4343mW VDD_CPU_GPU_CV 996mW/1059mW VDD_SOC 1397mW/1398mW
08-23-2026 04:33:52 RAM 3036/7620MB (lfb 5x4MB) SWAP 0/12002MB (cached 0MB) CPU [6%@1510,1%@1510,0%@1510,1%@1510,0%@1510,2%@1510] GR3D_FREQ 0% cpu@46.937C soc2@46.375C soc0@44.781C gpu@46.718C tj@46.937C soc1@44.593C VDD_IN 4273mW/4342mW VDD_CPU_GPU_CV 996mW/1059mW VDD_SOC 1397mW/1398mW
08-23-2026 04:33:53 RAM 3037/7620MB (lfb 5x4MB) SWAP 0/12002MB (cached 0MB) CPU [7%@1510,0%@1510,0%@1510,0%@1510,0%@1510,1%@1510] GR3D_FREQ 0% cpu@46.968C soc2@46.375C soc0@44.656C gpu@46.375C tj@46.968C soc1@44.687C VDD_IN 4233mW/4342mW VDD_CPU_GPU_CV 996mW/1058mW VDD_SOC 1397mW/1398mW
08-23-2026 04:33:54 RAM 3037/7620MB (lfb 5x4MB) SWAP 0/12002MB (cached 0MB) CPU [6%@1510,0%@1510,0%@1510,0%@1510,1%@1510,1%@1510] GR3D_FREQ 0% cpu@47C soc2@46.343C soc0@44.625C gpu@46.406C tj@47C soc1@44.718C VDD_IN 4233mW/4342mW VDD_CPU_GPU_CV 996mW/1058mW VDD_SOC 1397mW/1398mW
08-23-2026 04:33:55 RAM 3037/7620MB (lfb 5x4MB) SWAP 0/12002MB (cached 0MB) CPU [6%@1510,0%@1510,0%@1510,1%@1510,0%@1510,1%@1510] GR3D_FREQ 0% cpu@47.187C soc2@46.375C soc0@44.687C gpu@46.437C tj@47.187C soc1@44.625C VDD_IN 4273mW/4341mW VDD_CPU_GPU_CV 996mW/1058mW VDD_SOC 1397mW/1398mW
08-23-2026 04:33:56 RAM 3037/7620MB (lfb 5x4MB) SWAP 0/12002MB (cached 0MB) CPU [6%@1510,1%@1510,1%@1510,2%@1510,1%@1510,1%@1510] GR3D_FREQ 0% cpu@46.875C soc2@46.312C soc0@44.781C gpu@46.375C tj@46.875C soc1@44.593C VDD_IN 4273mW/4341mW VDD_CPU_GPU_CV 996mW/1058mW VDD_SOC 1397mW/1398mW
08-23-2026 04:33:57 RAM 3037/7620MB (lfb 5x4MB) SWAP 0/12002MB (cached 0MB) CPU [6%@1510,0%@1510,2%@1510,1%@1510,1%@1510,1%@1510] GR3D_FREQ 0% cpu@46.875C soc2@46.343C soc0@44.843C gpu@46.437C tj@46.875C soc1@44.593C VDD_IN 4273mW/4341mW VDD_CPU_GPU_CV 996mW/1057mW VDD_SOC 1397mW/1398mW
08-23-2026 04:33:58 RAM 3037/7620MB (lfb 5x4MB) SWAP 0/12002MB (cached 0MB) CPU [4%@1510,1%@1510,1%@1510,0%@1510,0%@1510,0%@1510] GR3D_FREQ 0% cpu@46.875C soc2@46.343C soc0@44.656C gpu@46.468C tj@46.875C soc1@44.687C VDD_IN 4233mW/4340mW VDD_CPU_GPU_CV 996mW/1057mW VDD_SOC 1397mW/1398mW
08-23-2026 04:33:59 RAM 3035/7620MB (lfb 5x4MB) SWAP 0/12002MB (cached 0MB) CPU [7%@1510,1%@1510,1%@1510,2%@1510,1%@1510,0%@1510] GR3D_FREQ 0% cpu@46.968C soc2@46.343C soc0@44.625C gpu@46.437C tj@46.968C soc1@44.781C VDD_IN 4233mW/4340mW VDD_CPU_GPU_CV 996mW/1057mW VDD_SOC 1397mW/1398mW
08-23-2026 04:34:00 RAM 3036/7620MB (lfb 5x4MB) SWAP 0/12002MB (cached 0MB) CPU [6%@1510,0%@1510,1%@1510,0%@1510,1%@1510,2%@1510] GR3D_FREQ 0% cpu@47.187C soc2@46.343C soc0@44.656C gpu@46.468C tj@47.187C soc1@44.593C VDD_IN 4273mW/4340mW VDD_CPU_GPU_CV 996mW/1057mW VDD_SOC 1397mW/1398mW
08-23-2026 04:34:01 RAM 3037/7620MB (lfb 5x4MB) SWAP 0/12002MB (cached 0MB) CPU [7%@1510,1%@1510,1%@1510,2%@1510,1%@1510,0%@1510] GR3D_FREQ 0% cpu@46.875C soc2@46.375C soc0@44.687C gpu@46.312C tj@46.875C soc1@44.656C VDD_IN 4273mW/4340mW VDD_CPU_GPU_CV 996mW/1056mW VDD_SOC 1397mW/1398mW
08-23-2026 04:34:02 RAM 3036/7620MB (lfb 5x4MB) SWAP 0/12002MB (cached 0MB) CPU [6%@1510,1%@1510,1%@1510,1%@1510,0%@1510,3%@1510] GR3D_FREQ 0% cpu@47.031C soc2@46.375C soc0@44.843C gpu@46.312C tj@47.031C soc1@44.656C VDD_IN 4273mW/4339mW VDD_CPU_GPU_CV 996mW/1056mW VDD_SOC 1397mW/1398mW
08-23-2026 04:34:03 RAM 3036/7620MB (lfb 5x4MB) SWAP 0/12002MB (cached 0MB) CPU [7%@1510,2%@1510,1%@1510,2%@1510,3%@1510,4%@1510] GR3D_FREQ 0% cpu@46.906C soc2@46.312C soc0@44.875C gpu@46.343C tj@46.906C soc1@44.656C VDD_IN 4273mW/4339mW VDD_CPU_GPU_CV 1036mW/1056mW VDD_SOC 1397mW/1398mW
08-23-2026 04:34:04 RAM 3035/7620MB (lfb 5x4MB) SWAP 0/12002MB (cached 0MB) CPU [6%@1510,1%@1510,0%@1510,1%@1510,0%@1510,1%@1510] GR3D_FREQ 0% cpu@47.062C soc2@46.375C soc0@44.625C gpu@46.218C tj@47.062C soc1@44.718C VDD_IN 4273mW/4339mW VDD_CPU_GPU_CV 996mW/1056mW VDD_SOC 1397mW/1398mW
08-23-2026 04:34:05 RAM 3035/7620MB (lfb 5x4MB) SWAP 0/12002MB (cached 0MB) CPU [5%@1510,1%@1510,2%@1510,1%@1510,1%@1510,1%@1510] GR3D_FREQ 0% cpu@47.125C soc2@46.25C soc0@44.625C gpu@46.312C tj@47.125C soc1@44.843C VDD_IN 4273mW/4339mW VDD_CPU_GPU_CV 996mW/1056mW VDD_SOC 1397mW/1398mW
08-23-2026 04:34:06 RAM 3033/7620MB (lfb 5x4MB) SWAP 0/12002MB (cached 0MB) CPU [8%@1510,1%@1510,3%@1510,1%@1510,1%@1510,1%@1510] GR3D_FREQ 0% cpu@46.812C soc2@46.312C soc0@44.625C gpu@46.312C tj@46.812C soc1@44.531C VDD_IN 4273mW/4338mW VDD_CPU_GPU_CV 996mW/1056mW VDD_SOC 1397mW/1398mW
08-23-2026 04:34:07 RAM 3034/7620MB (lfb 5x4MB) SWAP 0/12002MB (cached 0MB) CPU [6%@1510,3%@1510,1%@1510,1%@1510,1%@1510,2%@1510] GR3D_FREQ 0% cpu@46.906C soc2@46.375C soc0@44.75C gpu@46.312C tj@46.906C soc1@44.531C VDD_IN 4273mW/4338mW VDD_CPU_GPU_CV 996mW/1055mW VDD_SOC 1397mW/1398mW
08-23-2026 04:34:08 RAM 3034/7620MB (lfb 5x4MB) SWAP 0/12002MB (cached 0MB) CPU [6%@1510,1%@1510,1%@1510,1%@1510,1%@1510,0%@1510] GR3D_FREQ 0% cpu@46.875C soc2@46.25C soc0@44.843C gpu@46.5C tj@46.875C soc1@44.656C VDD_IN 4233mW/4338mW VDD_CPU_GPU_CV 996mW/1055mW VDD_SOC 1397mW/1398mW
08-23-2026 04:34:09 RAM 3033/7620MB (lfb 5x4MB) SWAP 0/12002MB (cached 0MB) CPU [5%@1510,2%@1510,0%@1510,1%@1510,0%@1510,1%@1510] GR3D_FREQ 0% cpu@46.906C soc2@46.281C soc0@44.593C gpu@46.531C tj@46.906C soc1@44.687C VDD_IN 4273mW/4338mW VDD_CPU_GPU_CV 996mW/1055mW VDD_SOC 1397mW/1398mW
08-23-2026 04:34:10 RAM 3033/7620MB (lfb 5x4MB) SWAP 0/12002MB (cached 0MB) CPU [7%@1510,0%@1510,0%@1510,1%@1510,1%@1510,2%@1510] GR3D_FREQ 0% cpu@47.156C soc2@46.312C soc0@44.593C gpu@46.625C tj@47.156C soc1@44.718C VDD_IN 4233mW/4337mW VDD_CPU_GPU_CV 996mW/1055mW VDD_SOC 1397mW/1398mW
08-23-2026 04:34:11 RAM 3033/7620MB (lfb 5x4MB) SWAP 0/12002MB (cached 0MB) CPU [6%@1510,0%@1510,4%@1510,3%@1510,1%@1510,2%@1510] GR3D_FREQ 0% cpu@46.875C soc2@46.25C soc0@44.718C gpu@46.625C tj@46.812C soc1@44.562C VDD_IN 4273mW/4337mW VDD_CPU_GPU_CV 996mW/1055mW VDD_SOC 1397mW/1397mW
08-23-2026 04:34:12 RAM 3033/7620MB (lfb 5x4MB) SWAP 0/12002MB (cached 0MB) CPU [6%@1510,1%@1510,0%@1510,1%@1510,1%@1510,2%@1510] GR3D_FREQ 0% cpu@46.875C soc2@46.343C soc0@44.812C gpu@46.593C tj@46.906C soc1@44.593C VDD_IN 4273mW/4337mW VDD_CPU_GPU_CV 996mW/1054mW VDD_SOC 1397mW/1397mW
08-23-2026 04:34:13 RAM 3034/7620MB (lfb 5x4MB) SWAP 0/12002MB (cached 0MB) CPU [6%@1510,0%@1510,1%@1510,1%@1510,2%@1510,1%@1510] GR3D_FREQ 0% cpu@46.812C soc2@46.281C soc0@44.812C gpu@46.718C tj@46.812C soc1@44.625C VDD_IN 4233mW/4336mW VDD_CPU_GPU_CV 996mW/1054mW VDD_SOC 1397mW/1397mW
08-23-2026 04:34:14 RAM 3031/7620MB (lfb 5x4MB) SWAP 0/12002MB (cached 0MB) CPU [5%@1510,1%@1510,0%@1510,1%@1510,0%@1510,1%@1510] GR3D_FREQ 0% cpu@46.875C soc2@46.375C soc0@44.562C gpu@46.656C tj@46.875C soc1@44.75C VDD_IN 4233mW/4336mW VDD_CPU_GPU_CV 996mW/1054mW VDD_SOC 1397mW/1397mW
08-23-2026 04:34:15 RAM 3032/7620MB (lfb 5x4MB) SWAP 0/12002MB (cached 0MB) CPU [6%@1510,0%@1510,0%@1510,0%@1510,1%@1510,3%@1510] GR3D_FREQ 0% cpu@47.093C soc2@46.281C soc0@44.656C gpu@46.718C tj@47.093C soc1@44.75C VDD_IN 4273mW/4336mW VDD_CPU_GPU_CV 996mW/1054mW VDD_SOC 1397mW/1397mW
08-23-2026 04:34:16 RAM 3032/7620MB (lfb 5x4MB) SWAP 0/12002MB (cached 0MB) CPU [5%@1510,1%@1510,3%@1510,1%@1510,0%@1510,2%@1510] GR3D_FREQ 0% cpu@46.875C soc2@46.312C soc0@44.687C gpu@46.406C tj@46.875C soc1@44.625C VDD_IN 4273mW/4336mW VDD_CPU_GPU_CV 996mW/1054mW VDD_SOC 1397mW/1397mW
08-23-2026 04:34:17 RAM 3032/7620MB (lfb 5x4MB) SWAP 0/12002MB (cached 0MB) CPU [6%@1510,0%@1510,1%@1510,1%@1510,1%@1510,2%@1510] GR3D_FREQ 0% cpu@47.281C soc2@46.25C soc0@44.718C gpu@46.375C tj@47.281C soc1@44.625C VDD_IN 4273mW/4335mW VDD_CPU_GPU_CV 996mW/1053mW VDD_SOC 1397mW/1397mW
08-23-2026 04:34:18 RAM 3034/7620MB (lfb 5x4MB) SWAP 0/12002MB (cached 0MB) CPU [6%@1510,0%@1510,3%@1510,2%@1510,1%@1510,2%@1510] GR3D_FREQ 0% cpu@46.843C soc2@46.375C soc0@44.812C gpu@46.406C tj@46.843C soc1@44.593C VDD_IN 4273mW/4335mW VDD_CPU_GPU_CV 1036mW/1053mW VDD_SOC 1397mW/1397mW
08-23-2026 04:34:19 RAM 3033/7620MB (lfb 5x4MB) SWAP 0/12002MB (cached 0MB) CPU [6%@1510,0%@1510,2%@1510,0%@1510,0%@1510,2%@1510] GR3D_FREQ 0% cpu@46.937C soc2@46.375C soc0@44.562C gpu@46.375C tj@46.937C soc1@44.718C VDD_IN 4273mW/4335mW VDD_CPU_GPU_CV 996mW/1053mW VDD_SOC 1397mW/1397mW
08-23-2026 04:34:20 RAM 3033/7620MB (lfb 5x4MB) SWAP 0/12002MB (cached 0MB) CPU [6%@1510,0%@1510,1%@1510,0%@1510,0%@1510,2%@1510] GR3D_FREQ 0% cpu@47.156C soc2@46.218C soc0@44.656C gpu@46.375C tj@47.156C soc1@44.687C VDD_IN 4233mW/4335mW VDD_CPU_GPU_CV 996mW/1053mW VDD_SOC 1397mW/1397mW
08-23-2026 04:34:21 RAM 3033/7620MB (lfb 5x4MB) SWAP 0/12002MB (cached 0MB) CPU [5%@1510,1%@1510,2%@1510,2%@1510,2%@1510,1%@1510] GR3D_FREQ 0% cpu@46.843C soc2@46.375C soc0@44.656C gpu@46.406C tj@46.843C soc1@44.75C VDD_IN 4273mW/4334mW VDD_CPU_GPU_CV 996mW/1053mW VDD_SOC 1397mW/1397mW
08-23-2026 04:34:22 RAM 3033/7620MB (lfb 5x4MB) SWAP 0/12002MB (cached 0MB) CPU [6%@1510,0%@1510,1%@1510,0%@1510,0%@1510,2%@1510] GR3D_FREQ 0% cpu@47.218C soc2@46.312C soc0@44.656C gpu@46.437C tj@47.218C soc1@44.468C VDD_IN 4273mW/4334mW VDD_CPU_GPU_CV 996mW/1052mW VDD_SOC 1397mW/1397mW
08-23-2026 04:34:23 RAM 3033/7620MB (lfb 5x4MB) SWAP 0/12002MB (cached 0MB) CPU [6%@1510,1%@1510,2%@1510,1%@1510,2%@1510,1%@1510] GR3D_FREQ 0% cpu@46.906C soc2@46.312C soc0@44.781C gpu@46.312C tj@46.906C soc1@44.593C VDD_IN 4273mW/4334mW VDD_CPU_GPU_CV 996mW/1052mW VDD_SOC 1397mW/1397mW
08-23-2026 04:34:24 RAM 3033/7620MB (lfb 5x4MB) SWAP 0/12002MB (cached 0MB) CPU [5%@1510,0%@1510,1%@1510,0%@1510,0%@1510,1%@1510] GR3D_FREQ 0% cpu@46.937C soc2@46.312C soc0@44.625C gpu@46.312C tj@46.937C soc1@44.687C VDD_IN 4273mW/4334mW VDD_CPU_GPU_CV 996mW/1052mW VDD_SOC 1397mW/1397mW
08-23-2026 04:34:25 RAM 3032/7620MB (lfb 5x4MB) SWAP 0/12002MB (cached 0MB) CPU [6%@1510,1%@1510,0%@1510,0%@1510,0%@1510,1%@1510] GR3D_FREQ 0% cpu@47.093C soc2@46.281C soc0@44.562C gpu@46.25C tj@47.093C soc1@44.656C VDD_IN 4273mW/4334mW VDD_CPU_GPU_CV 996mW/1052mW VDD_SOC 1397mW/1397mW
08-23-2026 04:34:26 RAM 3032/7620MB (lfb 5x4MB) SWAP 0/12002MB (cached 0MB) CPU [6%@1510,0%@1510,1%@1510,2%@1510,2%@1510,2%@1510] GR3D_FREQ 0% cpu@46.937C soc2@46.281C soc0@44.625C gpu@46.281C tj@46.937C soc1@44.781C VDD_IN 4273mW/4333mW VDD_CPU_GPU_CV 996mW/1052mW VDD_SOC 1397mW/1397mW
08-23-2026 04:34:27 RAM 3033/7620MB (lfb 5x4MB) SWAP 0/12002MB (cached 0MB) CPU [7%@1510,1%@1510,1%@1510,0%@1510,2%@1510,0%@1510] GR3D_FREQ 0% cpu@47.281C soc2@46.312C soc0@44.687C gpu@46.281C tj@47.281C soc1@44.593C VDD_IN 4273mW/4333mW VDD_CPU_GPU_CV 996mW/1052mW VDD_SOC 1397mW/1397mW
08-23-2026 04:34:28 RAM 3029/7620MB (lfb 5x4MB) SWAP 0/12002MB (cached 0MB) CPU [6%@1510,0%@1510,0%@1510,0%@1510,0%@1510,1%@1510] GR3D_FREQ 0% cpu@46.937C soc2@46.343C soc0@44.812C gpu@46.25C tj@46.937C soc1@44.562C VDD_IN 4273mW/4333mW VDD_CPU_GPU_CV 996mW/1051mW VDD_SOC 1397mW/1397mW
08-23-2026 04:34:29 RAM 3030/7620MB (lfb 5x4MB) SWAP 0/12002MB (cached 0MB) CPU [6%@1510,0%@1510,1%@1510,0%@1510,0%@1510,0%@1510] GR3D_FREQ 0% cpu@47.031C soc2@46.312C soc0@44.593C gpu@46.281C tj@47.031C soc1@44.625C VDD_IN 4273mW/4333mW VDD_CPU_GPU_CV 996mW/1051mW VDD_SOC 1397mW/1397mW
08-23-2026 04:34:30 RAM 3031/7620MB (lfb 5x4MB) SWAP 0/12002MB (cached 0MB) CPU [7%@1510,1%@1510,0%@1510,1%@1510,1%@1510,0%@1510] GR3D_FREQ 0% cpu@47.093C soc2@46.312C soc0@44.656C gpu@46.281C tj@47.093C soc1@44.718C VDD_IN 4273mW/4333mW VDD_CPU_GPU_CV 996mW/1051mW VDD_SOC 1397mW/1397mW
08-23-2026 04:34:31 RAM 3032/7620MB (lfb 5x4MB) SWAP 0/12002MB (cached 0MB) CPU [7%@1510,0%@1510,4%@1510,1%@1510,1%@1510,2%@1510] GR3D_FREQ 0% cpu@47C soc2@46.281C soc0@44.656C gpu@46.593C tj@46.968C soc1@44.812C VDD_IN 4273mW/4332mW VDD_CPU_GPU_CV 996mW/1051mW VDD_SOC 1397mW/1397mW
08-23-2026 04:34:32 RAM 3032/7620MB (lfb 5x4MB) SWAP 0/12002MB (cached 0MB) CPU [6%@1510,1%@1510,2%@1510,1%@1510,1%@1510,2%@1510] GR3D_FREQ 0% cpu@47.281C soc2@46.312C soc0@44.718C gpu@46.593C tj@47.281C soc1@44.562C VDD_IN 4273mW/4332mW VDD_CPU_GPU_CV 1036mW/1051mW VDD_SOC 1397mW/1397mW
08-23-2026 04:34:33 RAM 3032/7620MB (lfb 5x4MB) SWAP 0/12002MB (cached 0MB) CPU [6%@1510,1%@1510,1%@1510,3%@1510,2%@1510,1%@1510] GR3D_FREQ 0% cpu@46.875C soc2@46.375C soc0@44.781C gpu@46.593C tj@46.875C soc1@44.593C VDD_IN 4273mW/4332mW VDD_CPU_GPU_CV 1036mW/1051mW VDD_SOC 1397mW/1397mW
08-23-2026 04:34:34 RAM 3032/7620MB (lfb 5x4MB) SWAP 0/12002MB (cached 0MB) CPU [7%@1510,1%@1510,0%@1510,0%@1510,2%@1510,2%@1510] GR3D_FREQ 0% cpu@47.062C soc2@46.406C soc0@44.562C gpu@46.656C tj@47.062C soc1@44.593C VDD_IN 4273mW/4332mW VDD_CPU_GPU_CV 996mW/1051mW VDD_SOC 1397mW/1397mW
08-23-2026 04:34:35 RAM 3031/7620MB (lfb 5x4MB) SWAP 0/12002MB (cached 0MB) CPU [6%@1510,0%@1510,0%@1510,1%@1510,1%@1510,0%@1510] GR3D_FREQ 0% cpu@47.125C soc2@46.406C soc0@44.656C gpu@46.593C tj@47.125C soc1@44.656C VDD_IN 4273mW/4332mW VDD_CPU_GPU_CV 996mW/1050mW VDD_SOC 1397mW/1397mW
08-23-2026 04:34:36 RAM 3031/7620MB (lfb 5x4MB) SWAP 0/12002MB (cached 0MB) CPU [6%@1510,1%@1510,0%@1510,1%@1510,2%@1510,3%@1510] GR3D_FREQ 0% cpu@47C soc2@46.281C soc0@44.75C gpu@46.656C tj@46.937C soc1@44.781C VDD_IN 4273mW/4331mW VDD_CPU_GPU_CV 1036mW/1050mW VDD_SOC 1397mW/1397mW
08-23-2026 04:34:37 RAM 3032/7620MB (lfb 5x4MB) SWAP 0/12002MB (cached 0MB) CPU [5%@1510,2%@1510,1%@1510,1%@1510,0%@1510,0%@1510] GR3D_FREQ 0% cpu@47.281C soc2@46.343C soc0@44.687C gpu@46.75C tj@47.281C soc1@44.562C VDD_IN 4273mW/4331mW VDD_CPU_GPU_CV 996mW/1050mW VDD_SOC 1397mW/1397mW
08-23-2026 04:34:38 RAM 3032/7620MB (lfb 5x4MB) SWAP 0/12002MB (cached 0MB) CPU [6%@1510,1%@1510,3%@1510,1%@1510,2%@1510,2%@1510] GR3D_FREQ 0% cpu@46.968C soc2@46.375C soc0@44.781C gpu@46.375C tj@46.968C soc1@44.593C VDD_IN 4273mW/4331mW VDD_CPU_GPU_CV 1036mW/1050mW VDD_SOC 1397mW/1397mW
08-23-2026 04:34:39 RAM 3032/7620MB (lfb 5x4MB) SWAP 0/12002MB (cached 0MB) CPU [6%@1510,1%@1510,0%@1510,0%@1510,1%@1510,3%@1510] GR3D_FREQ 0% cpu@47.031C soc2@46.375C soc0@44.75C gpu@46.437C tj@47.031C soc1@44.625C VDD_IN 4273mW/4331mW VDD_CPU_GPU_CV 996mW/1050mW VDD_SOC 1397mW/1397mW
08-23-2026 04:34:40 RAM 3033/7620MB (lfb 5x4MB) SWAP 0/12002MB (cached 0MB) CPU [6%@1510,1%@1510,2%@1510,0%@1510,1%@1510,0%@1510] GR3D_FREQ 0% cpu@47.093C soc2@46.281C soc0@44.687C gpu@46.375C tj@47.093C soc1@44.781C VDD_IN 4273mW/4331mW VDD_CPU_GPU_CV 996mW/1050mW VDD_SOC 1397mW/1397mW
08-23-2026 04:34:41 RAM 3033/7620MB (lfb 5x4MB) SWAP 0/12002MB (cached 0MB) CPU [5%@1510,0%@1510,3%@1510,1%@1510,1%@1510,1%@1510] GR3D_FREQ 0% cpu@47.031C soc2@46.281C soc0@44.781C gpu@46.468C tj@47.031C soc1@44.781C VDD_IN 4273mW/4331mW VDD_CPU_GPU_CV 996mW/1050mW VDD_SOC 1397mW/1397mW
08-23-2026 04:34:42 RAM 3034/7620MB (lfb 5x4MB) SWAP 0/12002MB (cached 0MB) CPU [5%@1510,1%@1510,2%@1510,0%@1510,1%@1510,0%@1510] GR3D_FREQ 0% cpu@47.25C soc2@46.312C soc0@44.75C gpu@46.375C tj@47.25C soc1@44.593C VDD_IN 4273mW/4330mW VDD_CPU_GPU_CV 996mW/1049mW VDD_SOC 1397mW/1397mW
08-23-2026 04:34:43 RAM 3033/7620MB (lfb 5x4MB) SWAP 0/12002MB (cached 0MB) CPU [6%@1510,0%@1510,1%@1510,0%@1510,0%@1510,0%@1510] GR3D_FREQ 0% cpu@46.843C soc2@46.375C soc0@44.718C gpu@46.375C tj@46.843C soc1@44.687C VDD_IN 4273mW/4330mW VDD_CPU_GPU_CV 996mW/1049mW VDD_SOC 1397mW/1397mW
08-23-2026 04:34:44 RAM 3032/7620MB (lfb 5x4MB) SWAP 0/12002MB (cached 0MB) CPU [6%@1510,1%@1510,1%@1510,0%@1510,0%@1510,1%@1510] GR3D_FREQ 0% cpu@46.937C soc2@46.406C soc0@44.781C gpu@46.406C tj@46.937C soc1@44.687C VDD_IN 4273mW/4330mW VDD_CPU_GPU_CV 996mW/1049mW VDD_SOC 1397mW/1397mW
08-23-2026 04:34:45 RAM 3032/7620MB (lfb 5x4MB) SWAP 0/12002MB (cached 0MB) CPU [6%@1510,1%@1510,2%@1510,0%@1510,1%@1510,1%@1510] GR3D_FREQ 0% cpu@47.156C soc2@46.5C soc0@44.656C gpu@46.312C tj@47.156C soc1@44.781C VDD_IN 4273mW/4330mW VDD_CPU_GPU_CV 996mW/1049mW VDD_SOC 1397mW/1397mW
08-23-2026 04:34:46 RAM 3033/7620MB (lfb 5x4MB) SWAP 0/12002MB (cached 0MB) CPU [7%@1510,1%@1510,1%@1510,1%@1510,0%@1510,3%@1510] GR3D_FREQ 0% cpu@47.062C soc2@46.281C soc0@44.687C gpu@46.312C tj@46.937C soc1@44.843C VDD_IN 4273mW/4330mW VDD_CPU_GPU_CV 996mW/1049mW VDD_SOC 1397mW/1397mW
08-23-2026 04:34:47 RAM 3034/7620MB (lfb 5x4MB) SWAP 0/12002MB (cached 0MB) CPU [8%@1510,2%@1510,1%@1510,0%@1510,1%@1510,1%@1510] GR3D_FREQ 0% cpu@47.312C soc2@46.343C soc0@44.718C gpu@46.25C tj@47.312C soc1@44.593C VDD_IN 4273mW/4329mW VDD_CPU_GPU_CV 996mW/1049mW VDD_SOC 1397mW/1397mW
08-23-2026 04:34:48 RAM 3033/7620MB (lfb 5x4MB) SWAP 0/12002MB (cached 0MB) CPU [6%@1510,1%@1510,2%@1510,3%@1510,1%@1510,1%@1510] GR3D_FREQ 0% cpu@46.937C soc2@46.375C soc0@44.687C gpu@46.25C tj@46.937C soc1@44.656C VDD_IN 4273mW/4329mW VDD_CPU_GPU_CV 1036mW/1049mW VDD_SOC 1397mW/1397mW
08-23-2026 04:34:49 RAM 3032/7620MB (lfb 5x4MB) SWAP 0/12002MB (cached 0MB) CPU [7%@1510,0%@1510,0%@1510,1%@1510,1%@1510,2%@1510] GR3D_FREQ 0% cpu@47C soc2@46.437C soc0@44.75C gpu@46.375C tj@47C soc1@44.687C VDD_IN 4273mW/4329mW VDD_CPU_GPU_CV 996mW/1048mW VDD_SOC 1397mW/1397mW
08-23-2026 04:34:50 RAM 3033/7620MB (lfb 5x4MB) SWAP 0/12002MB (cached 0MB) CPU [6%@1510,0%@1510,0%@1510,0%@1510,1%@1510,0%@1510] GR3D_FREQ 0% cpu@47.156C soc2@46.312C soc0@44.625C gpu@46.312C tj@47.156C soc1@44.718C VDD_IN 4273mW/4329mW VDD_CPU_GPU_CV 996mW/1048mW VDD_SOC 1397mW/1397mW
08-23-2026 04:34:51 RAM 3034/7620MB (lfb 5x4MB) SWAP 0/12002MB (cached 0MB) CPU [7%@1510,1%@1510,0%@1510,0%@1510,0%@1510,3%@1510] GR3D_FREQ 0% cpu@47C soc2@46.312C soc0@44.687C gpu@46.593C tj@47C soc1@44.781C VDD_IN 4273mW/4329mW VDD_CPU_GPU_CV 996mW/1048mW VDD_SOC 1397mW/1397mW
08-23-2026 04:34:52 RAM 3034/7620MB (lfb 5x4MB) SWAP 0/12002MB (cached 0MB) CPU [6%@1510,1%@1510,0%@1510,1%@1510,1%@1510,1%@1510] GR3D_FREQ 0% cpu@47.156C soc2@46.312C soc0@44.687C gpu@46.593C tj@47.156C soc1@44.562C VDD_IN 4273mW/4329mW VDD_CPU_GPU_CV 996mW/1048mW VDD_SOC 1397mW/1397mW
08-23-2026 04:34:53 RAM 3032/7620MB (lfb 5x4MB) SWAP 0/12002MB (cached 0MB) CPU [5%@1510,1%@1510,0%@1510,1%@1510,2%@1510,1%@1510] GR3D_FREQ 0% cpu@46.875C soc2@46.312C soc0@44.75C gpu@46.531C tj@46.875C soc1@44.562C VDD_IN 4273mW/4328mW VDD_CPU_GPU_CV 996mW/1048mW VDD_SOC 1397mW/1397mW
08-23-2026 04:34:54 RAM 3033/7620MB (lfb 5x4MB) SWAP 0/12002MB (cached 0MB) CPU [7%@1510,0%@1510,0%@1510,0%@1510,0%@1510,1%@1510] GR3D_FREQ 0% cpu@46.937C soc2@46.312C soc0@44.687C gpu@46.593C tj@46.937C soc1@44.687C VDD_IN 4273mW/4328mW VDD_CPU_GPU_CV 996mW/1048mW VDD_SOC 1397mW/1397mW
08-23-2026 04:34:55 RAM 3034/7620MB (lfb 5x4MB) SWAP 0/12002MB (cached 0MB) CPU [6%@1510,0%@1510,0%@1510,0%@1510,0%@1510,1%@1510] GR3D_FREQ 0% cpu@47.093C soc2@46.281C soc0@44.593C gpu@46.531C tj@47.093C soc1@44.75C VDD_IN 4273mW/4328mW VDD_CPU_GPU_CV 996mW/1047mW VDD_SOC 1397mW/1397mW
08-23-2026 04:34:56 RAM 3031/7620MB (lfb 5x4MB) SWAP 0/12002MB (cached 0MB) CPU [5%@1510,0%@1510,1%@1510,1%@1510,0%@1510,3%@1510] GR3D_FREQ 0% cpu@46.968C soc2@46.218C soc0@44.718C gpu@46.593C tj@46.906C soc1@44.843C VDD_IN 4273mW/4328mW VDD_CPU_GPU_CV 996mW/1047mW VDD_SOC 1397mW/1397mW
08-23-2026 04:34:57 RAM 3031/7620MB (lfb 5x4MB) SWAP 0/12002MB (cached 0MB) CPU [7%@1510,0%@1510,0%@1510,0%@1510,1%@1510,1%@1510] GR3D_FREQ 0% cpu@47.187C soc2@46.343C soc0@44.625C gpu@46.375C tj@47.187C soc1@44.625C VDD_IN 4273mW/4328mW VDD_CPU_GPU_CV 996mW/1047mW VDD_SOC 1397mW/1397mW
08-23-2026 04:34:58 RAM 3032/7620MB (lfb 5x4MB) SWAP 0/12002MB (cached 0MB) CPU [6%@1510,0%@1510,0%@1510,0%@1510,1%@1510,0%@1510] GR3D_FREQ 0% cpu@46.875C soc2@46.312C soc0@44.75C gpu@46.375C tj@46.875C soc1@44.687C VDD_IN 4273mW/4328mW VDD_CPU_GPU_CV 996mW/1047mW VDD_SOC 1397mW/1397mW
08-23-2026 04:34:59 RAM 3033/7620MB (lfb 5x4MB) SWAP 0/12002MB (cached 0MB) CPU [7%@1510,1%@1510,0%@1510,0%@1510,1%@1510,1%@1510] GR3D_FREQ 0% cpu@46.968C soc2@46.375C soc0@44.531C gpu@46.375C tj@46.968C soc1@44.593C VDD_IN 4273mW/4327mW VDD_CPU_GPU_CV 996mW/1047mW VDD_SOC 1397mW/1397mW
08-23-2026 04:35:00 RAM 3034/7620MB (lfb 5x4MB) SWAP 0/12002MB (cached 0MB) CPU [6%@1510,0%@1510,0%@1510,0%@1510,0%@1510,1%@1510] GR3D_FREQ 0% cpu@47.093C soc2@46.406C soc0@44.625C gpu@46.343C tj@47.093C soc1@44.687C VDD_IN 4273mW/4327mW VDD_CPU_GPU_CV 996mW/1047mW VDD_SOC 1397mW/1397mW
08-23-2026 04:35:01 RAM 3028/7620MB (lfb 5x4MB) SWAP 0/12002MB (cached 0MB) CPU [5%@1510,2%@1510,2%@1510,0%@1510,2%@1510,1%@1510] GR3D_FREQ 0% cpu@46.906C soc2@46.25C soc0@44.656C gpu@46.312C tj@46.906C soc1@44.781C VDD_IN 4273mW/4327mW VDD_CPU_GPU_CV 996mW/1047mW VDD_SOC 1397mW/1397mW
08-23-2026 04:35:02 RAM 3033/7620MB (lfb 4x4MB) SWAP 0/12002MB (cached 0MB) CPU [7%@1510,1%@1510,1%@1510,0%@1510,1%@1510,2%@1510] GR3D_FREQ 0% cpu@47.218C soc2@46.25C soc0@44.687C gpu@46.406C tj@47.218C soc1@44.687C VDD_IN 4273mW/4327mW VDD_CPU_GPU_CV 996mW/1046mW VDD_SOC 1397mW/1397mW
08-23-2026 04:35:03 RAM 3034/7620MB (lfb 4x4MB) SWAP 0/12002MB (cached 0MB) CPU [6%@1510,0%@1510,2%@1510,3%@1510,3%@1510,1%@1510] GR3D_FREQ 0% cpu@46.843C soc2@46.312C soc0@44.75C gpu@46.781C tj@46.843C soc1@44.625C VDD_IN 4273mW/4327mW VDD_CPU_GPU_CV 996mW/1046mW VDD_SOC 1397mW/1397mW
08-23-2026 04:35:04 RAM 3035/7620MB (lfb 4x4MB) SWAP 0/12002MB (cached 0MB) CPU [6%@1510,1%@1510,1%@1510,2%@1510,0%@1510,1%@1510] GR3D_FREQ 0% cpu@46.875C soc2@46.375C soc0@44.625C gpu@46.156C tj@46.875C soc1@44.718C VDD_IN 4273mW/4327mW VDD_CPU_GPU_CV 996mW/1046mW VDD_SOC 1397mW/1397mW
08-23-2026 04:35:05 RAM 3036/7620MB (lfb 4x4MB) SWAP 0/12002MB (cached 0MB) CPU [7%@1510,1%@1510,1%@1510,1%@1510,0%@1510,1%@1510] GR3D_FREQ 0% cpu@47.062C soc2@46.312C soc0@44.687C gpu@46.281C tj@47.062C soc1@44.75C VDD_IN 4273mW/4326mW VDD_CPU_GPU_CV 996mW/1046mW VDD_SOC 1397mW/1397mW
08-23-2026 04:35:06 RAM 3036/7620MB (lfb 4x4MB) SWAP 0/12002MB (cached 0MB) CPU [6%@1510,1%@1510,1%@1510,3%@1510,1%@1510,2%@1510] GR3D_FREQ 0% cpu@46.875C soc2@46.312C soc0@44.625C gpu@46.187C tj@46.875C soc1@44.781C VDD_IN 4273mW/4326mW VDD_CPU_GPU_CV 996mW/1046mW VDD_SOC 1397mW/1397mW
08-23-2026 04:35:07 RAM 3037/7620MB (lfb 4x4MB) SWAP 0/12002MB (cached 0MB) CPU [7%@1510,0%@1510,1%@1510,1%@1510,0%@1510,1%@1510] GR3D_FREQ 0% cpu@47.187C soc2@46.375C soc0@44.656C gpu@46.25C tj@47.187C soc1@44.625C VDD_IN 4233mW/4326mW VDD_CPU_GPU_CV 996mW/1046mW VDD_SOC 1397mW/1397mW
08-23-2026 04:35:08 RAM 3037/7620MB (lfb 3x4MB) SWAP 0/12002MB (cached 0MB) CPU [5%@1510,0%@1510,2%@1510,0%@1510,2%@1510,1%@1510] GR3D_FREQ 0% cpu@46.843C soc2@46.312C soc0@44.781C gpu@46.25C tj@46.843C soc1@44.531C VDD_IN 4273mW/4326mW VDD_CPU_GPU_CV 996mW/1045mW VDD_SOC 1397mW/1397mW
08-23-2026 04:35:09 RAM 3037/7620MB (lfb 3x4MB) SWAP 0/12002MB (cached 0MB) CPU [6%@1510,0%@1510,0%@1510,2%@1510,1%@1510,1%@1510] GR3D_FREQ 0% cpu@46.906C soc2@46.281C soc0@44.593C gpu@46.218C tj@46.906C soc1@44.718C VDD_IN 4233mW/4326mW VDD_CPU_GPU_CV 996mW/1045mW VDD_SOC 1397mW/1397mW
08-23-2026 04:35:10 RAM 3037/7620MB (lfb 3x4MB) SWAP 0/12002MB (cached 0MB) CPU [7%@1510,2%@1510,1%@1510,1%@1510,3%@1510,1%@1510] GR3D_FREQ 0% cpu@47.062C soc2@46.375C soc0@44.625C gpu@46.437C tj@47.093C soc1@44.718C VDD_IN 4313mW/4326mW VDD_CPU_GPU_CV 1036mW/1045mW VDD_SOC 1397mW/1397mW
08-23-2026 04:35:11 RAM 3038/7620MB (lfb 3x4MB) SWAP 0/12002MB (cached 0MB) CPU [5%@1510,2%@1510,0%@1510,0%@1510,1%@1510,2%@1510] GR3D_FREQ 0% cpu@46.906C soc2@46.312C soc0@44.687C gpu@46.437C tj@46.906C soc1@44.781C VDD_IN 4233mW/4325mW VDD_CPU_GPU_CV 996mW/1045mW VDD_SOC 1397mW/1397mW
08-23-2026 04:35:12 RAM 3038/7620MB (lfb 3x4MB) SWAP 0/12002MB (cached 0MB) CPU [6%@1510,1%@1510,0%@1510,0%@1510,2%@1510,0%@1510] GR3D_FREQ 0% cpu@47.156C soc2@46.375C soc0@44.656C gpu@46.5C tj@47.156C soc1@44.562C VDD_IN 4233mW/4325mW VDD_CPU_GPU_CV 996mW/1045mW VDD_SOC 1397mW/1397mW
08-23-2026 04:35:13 RAM 3038/7620MB (lfb 3x4MB) SWAP 0/12002MB (cached 0MB) CPU [5%@1510,1%@1510,1%@1510,0%@1510,0%@1510,0%@1510] GR3D_FREQ 0% cpu@46.875C soc2@46.281C soc0@44.687C gpu@46.5C tj@46.875C soc1@44.562C VDD_IN 4233mW/4325mW VDD_CPU_GPU_CV 996mW/1045mW VDD_SOC 1397mW/1397mW
08-23-2026 04:35:14 RAM 3038/7620MB (lfb 3x4MB) SWAP 0/12002MB (cached 0MB) CPU [5%@1510,1%@1510,0%@1510,0%@1510,0%@1510,0%@1510] GR3D_FREQ 0% cpu@46.875C soc2@46.375C soc0@44.843C gpu@46.593C tj@46.875C soc1@44.593C VDD_IN 4233mW/4324mW VDD_CPU_GPU_CV 996mW/1045mW VDD_SOC 1397mW/1397mW
08-23-2026 04:35:15 RAM 3038/7620MB (lfb 3x4MB) SWAP 0/12002MB (cached 0MB) CPU [6%@1510,2%@1510,3%@1510,1%@1510,0%@1510,3%@1510] GR3D_FREQ 0% cpu@47.125C soc2@46.375C soc0@44.562C gpu@46.5C tj@47.125C soc1@44.718C VDD_IN 4313mW/4324mW VDD_CPU_GPU_CV 1036mW/1045mW VDD_SOC 1397mW/1397mW
08-23-2026 04:35:16 RAM 3038/7620MB (lfb 3x4MB) SWAP 0/12002MB (cached 0MB) CPU [6%@1510,1%@1510,1%@1510,1%@1510,1%@1510,2%@1510] GR3D_FREQ 0% cpu@46.906C soc2@46.218C soc0@44.656C gpu@46.468C tj@46.906C soc1@44.656C VDD_IN 4273mW/4324mW VDD_CPU_GPU_CV 996mW/1045mW VDD_SOC 1397mW/1397mW
08-23-2026 04:35:17 RAM 3037/7620MB (lfb 3x4MB) SWAP 0/12002MB (cached 0MB) CPU [5%@1510,1%@1510,0%@1510,0%@1510,0%@1510,1%@1510] GR3D_FREQ 0% cpu@47.125C soc2@46.25C soc0@44.75C gpu@46.562C tj@47.125C soc1@44.781C VDD_IN 4233mW/4324mW VDD_CPU_GPU_CV 996mW/1044mW VDD_SOC 1397mW/1397mW
08-23-2026 04:35:18 RAM 3037/7620MB (lfb 3x4MB) SWAP 0/12002MB (cached 0MB) CPU [5%@1510,2%@1510,1%@1510,1%@1510,3%@1510,1%@1510] GR3D_FREQ 0% cpu@46.812C soc2@46.281C soc0@44.781C gpu@46.593C tj@46.812C soc1@44.625C VDD_IN 4273mW/4324mW VDD_CPU_GPU_CV 996mW/1044mW VDD_SOC 1397mW/1397mW
08-23-2026 04:35:19 RAM 3038/7620MB (lfb 3x4MB) SWAP 0/12002MB (cached 0MB) CPU [7%@1510,1%@1510,1%@1510,1%@1510,1%@1510,1%@1510] GR3D_FREQ 0% cpu@47C soc2@46.25C soc0@44.812C gpu@46.375C tj@47C soc1@44.5C VDD_IN 4273mW/4324mW VDD_CPU_GPU_CV 996mW/1044mW VDD_SOC 1397mW/1397mW
08-23-2026 04:35:20 RAM 3038/7620MB (lfb 3x4MB) SWAP 0/12002MB (cached 0MB) CPU [6%@1510,1%@1510,2%@1510,0%@1510,1%@1510,0%@1510] GR3D_FREQ 0% cpu@47.062C soc2@46.375C soc0@44.593C gpu@46.375C tj@47.062C soc1@44.593C VDD_IN 4313mW/4324mW VDD_CPU_GPU_CV 1036mW/1044mW VDD_SOC 1397mW/1397mW
08-23-2026 04:35:21 RAM 3038/7620MB (lfb 3x4MB) SWAP 0/12002MB (cached 0MB) CPU [6%@1510,2%@1510,0%@1510,1%@1510,1%@1510,0%@1510] GR3D_FREQ 0% cpu@46.937C soc2@46.25C soc0@44.593C gpu@46.375C tj@46.937C soc1@44.687C VDD_IN 4273mW/4324mW VDD_CPU_GPU_CV 1036mW/1044mW VDD_SOC 1397mW/1397mW
08-23-2026 04:35:22 RAM 3037/7620MB (lfb 3x4MB) SWAP 0/12002MB (cached 0MB) CPU [6%@1510,2%@1510,2%@1510,1%@1510,0%@1510,1%@1510] GR3D_FREQ 0% cpu@47.093C soc2@46.312C soc0@44.625C gpu@46.312C tj@47.093C soc1@44.812C VDD_IN 4273mW/4323mW VDD_CPU_GPU_CV 996mW/1044mW VDD_SOC 1397mW/1397mW
08-23-2026 04:35:23 RAM 3037/7620MB (lfb 3x4MB) SWAP 0/12002MB (cached 0MB) CPU [6%@1510,1%@1510,0%@1510,0%@1510,1%@1510,0%@1510] GR3D_FREQ 0% cpu@46.781C soc2@46.281C soc0@44.718C gpu@46.312C tj@46.781C soc1@44.468C VDD_IN 4273mW/4323mW VDD_CPU_GPU_CV 996mW/1044mW VDD_SOC 1397mW/1397mW
08-23-2026 04:35:24 RAM 3037/7620MB (lfb 3x4MB) SWAP 0/12002MB (cached 0MB) CPU [6%@1510,1%@1510,0%@1510,1%@1510,0%@1510,1%@1510] GR3D_FREQ 0% cpu@46.843C soc2@46.312C soc0@44.718C gpu@46.343C tj@46.843C soc1@44.531C VDD_IN 4273mW/4323mW VDD_CPU_GPU_CV 996mW/1044mW VDD_SOC 1397mW/1397mW
08-23-2026 04:35:25 RAM 3038/7620MB (lfb 3x4MB) SWAP 0/12002MB (cached 0MB) CPU [6%@1510,0%@1510,1%@1510,1%@1510,4%@1510,1%@1510] GR3D_FREQ 0% cpu@46.843C soc2@46.343C soc0@44.562C gpu@46.437C tj@47.062C soc1@44.656C VDD_IN 4313mW/4323mW VDD_CPU_GPU_CV 1036mW/1044mW VDD_SOC 1397mW/1397mW
08-23-2026 04:35:26 RAM 3038/7620MB (lfb 3x4MB) SWAP 0/12002MB (cached 0MB) CPU [4%@1510,2%@1510,0%@1510,0%@1510,1%@1510,0%@1510] GR3D_FREQ 0% cpu@46.937C soc2@46.25C soc0@44.593C gpu@46.375C tj@46.937C soc1@44.593C VDD_IN 4273mW/4323mW VDD_CPU_GPU_CV 1036mW/1044mW VDD_SOC 1397mW/1397mW
08-23-2026 04:35:27 RAM 3039/7620MB (lfb 3x4MB) SWAP 0/12002MB (cached 0MB) CPU [6%@1510,2%@1510,0%@1510,1%@1510,1%@1510,2%@1510] GR3D_FREQ 0% cpu@47.031C soc2@46.281C soc0@44.562C gpu@46.187C tj@47.031C soc1@44.75C VDD_IN 4273mW/4323mW VDD_CPU_GPU_CV 996mW/1044mW VDD_SOC 1397mW/1397mW
08-23-2026 04:35:28 RAM 3035/7620MB (lfb 3x4MB) SWAP 0/12002MB (cached 0MB) CPU [6%@1510,1%@1510,0%@1510,0%@1510,0%@1510,0%@1510] GR3D_FREQ 0% cpu@46.968C soc2@46.281C soc0@44.656C gpu@46.25C tj@46.968C soc1@44.5C VDD_IN 4273mW/4323mW VDD_CPU_GPU_CV 996mW/1043mW VDD_SOC 1397mW/1397mW
08-23-2026 04:35:29 RAM 3036/7620MB (lfb 3x4MB) SWAP 0/12002MB (cached 0MB) CPU [5%@1510,1%@1510,0%@1510,2%@1510,0%@1510,1%@1510] GR3D_FREQ 0% cpu@46.812C soc2@46.312C soc0@44.687C gpu@46.187C tj@46.812C soc1@44.531C VDD_IN 4233mW/4322mW VDD_CPU_GPU_CV 996mW/1043mW VDD_SOC 1397mW/1397mW
08-23-2026 04:35:30 RAM 3037/7620MB (lfb 3x4MB) SWAP 0/12002MB (cached 0MB) CPU [6%@1510,2%@1510,1%@1510,1%@1510,2%@1510,1%@1510] GR3D_FREQ 0% cpu@46.812C soc2@46.187C soc0@44.812C gpu@46.25C tj@46.812C soc1@44.656C VDD_IN 4313mW/4322mW VDD_CPU_GPU_CV 1036mW/1043mW VDD_SOC 1397mW/1397mW
08-23-2026 04:35:31 RAM 3037/7620MB (lfb 3x4MB) SWAP 0/12002MB (cached 0MB) CPU [5%@1510,1%@1510,1%@1510,2%@1510,0%@1510,1%@1510] GR3D_FREQ 0% cpu@46.937C soc2@46.125C soc0@44.625C gpu@46.218C tj@46.937C soc1@44.562C VDD_IN 4313mW/4322mW VDD_CPU_GPU_CV 1036mW/1043mW VDD_SOC 1397mW/1397mW
08-23-2026 04:35:32 RAM 3039/7620MB (lfb 3x4MB) SWAP 0/12002MB (cached 0MB) CPU [5%@1510,2%@1510,2%@1510,3%@1510,1%@1510,2%@1510] GR3D_FREQ 0% cpu@47.156C soc2@46.25C soc0@44.593C gpu@46.218C tj@47.156C soc1@44.75C VDD_IN 4353mW/4323mW VDD_CPU_GPU_CV 1076mW/1043mW VDD_SOC 1397mW/1397mW
08-23-2026 04:35:33 RAM 3039/7620MB (lfb 4x4MB) SWAP 0/12002MB (cached 0MB) CPU [6%@1510,1%@1510,0%@1510,2%@1510,0%@1510,0%@1510] GR3D_FREQ 0% cpu@46.875C soc2@46.25C soc0@44.593C gpu@46.281C tj@46.875C soc1@44.593C VDD_IN 4313mW/4322mW VDD_CPU_GPU_CV 1036mW/1043mW VDD_SOC 1397mW/1397mW
08-23-2026 04:35:34 RAM 3039/7620MB (lfb 4x4MB) SWAP 0/12002MB (cached 0MB) CPU [5%@1510,1%@1510,1%@1510,1%@1510,0%@1510,1%@1510] GR3D_FREQ 0% cpu@46.906C soc2@46.218C soc0@44.625C gpu@46.218C tj@46.906C soc1@44.437C VDD_IN 4273mW/4322mW VDD_CPU_GPU_CV 996mW/1043mW VDD_SOC 1397mW/1397mW
08-23-2026 04:35:35 RAM 3039/7620MB (lfb 4x4MB) SWAP 0/12002MB (cached 0MB) CPU [6%@1510,1%@1510,2%@1510,0%@1510,3%@1510,0%@1510] GR3D_FREQ 0% cpu@46.812C soc2@46.281C soc0@44.75C gpu@46.406C tj@46.812C soc1@44.593C VDD_IN 4313mW/4322mW VDD_CPU_GPU_CV 1036mW/1043mW VDD_SOC 1397mW/1397mW
08-23-2026 04:35:36 RAM 3040/7620MB (lfb 4x4MB) SWAP 0/12002MB (cached 0MB) CPU [5%@1510,1%@1510,0%@1510,0%@1510,1%@1510,1%@1510] GR3D_FREQ 0% cpu@46.812C soc2@46.25C soc0@44.5C gpu@46.468C tj@46.812C soc1@44.687C VDD_IN 4273mW/4322mW VDD_CPU_GPU_CV 996mW/1043mW VDD_SOC 1397mW/1397mW
08-23-2026 04:35:37 RAM 3040/7620MB (lfb 4x4MB) SWAP 0/12002MB (cached 0MB) CPU [5%@1510,2%@1510,1%@1510,0%@1510,0%@1510,1%@1510] GR3D_FREQ 0% cpu@47C soc2@46.187C soc0@44.531C gpu@46.468C tj@47C soc1@44.687C VDD_IN 4233mW/4322mW VDD_CPU_GPU_CV 996mW/1043mW VDD_SOC 1397mW/1397mW
08-23-2026 04:35:38 RAM 3041/7620MB (lfb 4x4MB) SWAP 0/12002MB (cached 0MB) CPU [5%@1510,1%@1510,1%@1510,0%@1510,0%@1510,0%@1510] GR3D_FREQ 0% cpu@46.812C soc2@46.218C soc0@44.562C gpu@46.531C tj@46.812C soc1@44.5C VDD_IN 4233mW/4322mW VDD_CPU_GPU_CV 996mW/1043mW VDD_SOC 1397mW/1397mW
08-23-2026 04:35:39 RAM 3040/7620MB (lfb 4x4MB) SWAP 0/12002MB (cached 0MB) CPU [6%@1510,2%@1510,1%@1510,0%@1510,0%@1510,1%@1510] GR3D_FREQ 0% cpu@47.093C soc2@46.281C soc0@44.687C gpu@46.437C tj@46.781C soc1@44.5C VDD_IN 4233mW/4321mW VDD_CPU_GPU_CV 996mW/1043mW VDD_SOC 1397mW/1397mW
08-23-2026 04:35:40 RAM 3041/7620MB (lfb 4x4MB) SWAP 0/12002MB (cached 0MB) CPU [6%@1510,1%@1510,1%@1510,1%@1510,2%@1510,1%@1510] GR3D_FREQ 0% cpu@46.718C soc2@46.25C soc0@44.656C gpu@46.437C tj@46.718C soc1@44.562C VDD_IN 4313mW/4321mW VDD_CPU_GPU_CV 1036mW/1043mW VDD_SOC 1397mW/1397mW
08-23-2026 04:35:41 RAM 3041/7620MB (lfb 4x4MB) SWAP 0/12002MB (cached 0MB) CPU [5%@1510,1%@1510,0%@1510,0%@1510,0%@1510,0%@1510] GR3D_FREQ 0% cpu@46.906C soc2@46.343C soc0@44.562C gpu@46.5C tj@46.906C soc1@44.531C VDD_IN 4273mW/4321mW VDD_CPU_GPU_CV 996mW/1043mW VDD_SOC 1397mW/1397mW
08-23-2026 04:35:42 RAM 3041/7620MB (lfb 4x4MB) SWAP 0/12002MB (cached 0MB) CPU [6%@1510,1%@1510,1%@1510,0%@1510,0%@1510,0%@1510] GR3D_FREQ 0% cpu@46.937C soc2@46.187C soc0@44.562C gpu@46.468C tj@46.937C soc1@44.562C VDD_IN 4233mW/4321mW VDD_CPU_GPU_CV 996mW/1042mW VDD_SOC 1397mW/1397mW
08-23-2026 04:35:43 RAM 3041/7620MB (lfb 4x4MB) SWAP 0/12002MB (cached 0MB) CPU [4%@1510,1%@1510,0%@1510,1%@1510,0%@1510,1%@1510] GR3D_FREQ 0% cpu@46.781C soc2@46.25C soc0@44.625C gpu@46.281C tj@46.781C soc1@44.437C VDD_IN 4233mW/4321mW VDD_CPU_GPU_CV 996mW/1042mW VDD_SOC 1397mW/1397mW
08-23-2026 04:35:44 RAM 3041/7620MB (lfb 4x4MB) SWAP 0/12002MB (cached 0MB) CPU [6%@1510,1%@1510,1%@1510,1%@1510,1%@1510,0%@1510] GR3D_FREQ 0% cpu@47.093C soc2@46.187C soc0@44.562C gpu@46.218C tj@47.093C soc1@44.468C VDD_IN 4233mW/4321mW VDD_CPU_GPU_CV 996mW/1042mW VDD_SOC 1397mW/1397mW
08-23-2026 04:35:45 RAM 3041/7620MB (lfb 4x4MB) SWAP 0/12002MB (cached 0MB) CPU [6%@1510,1%@1510,2%@1510,2%@1510,0%@1510,3%@1510] GR3D_FREQ 0% cpu@46.718C soc2@46.25C soc0@44.687C gpu@46.218C tj@46.718C soc1@44.406C VDD_IN 4313mW/4321mW VDD_CPU_GPU_CV 1036mW/1042mW VDD_SOC 1397mW/1397mW
08-23-2026 04:35:46 RAM 3040/7620MB (lfb 4x4MB) SWAP 0/12002MB (cached 0MB) CPU [7%@1510,2%@1510,2%@1510,1%@1510,1%@1510,1%@1510] GR3D_FREQ 0% cpu@46.843C soc2@46.218C soc0@44.531C gpu@46.218C tj@46.843C soc1@44.625C VDD_IN 4313mW/4321mW VDD_CPU_GPU_CV 1036mW/1042mW VDD_SOC 1397mW/1397mW
08-23-2026 04:35:47 RAM 3041/7620MB (lfb 4x4MB) SWAP 0/12002MB (cached 0MB) CPU [5%@1510,1%@1510,1%@1510,0%@1510,0%@1510,4%@1510] GR3D_FREQ 0% cpu@46.968C soc2@46.187C soc0@44.593C gpu@46.25C tj@46.968C soc1@44.562C VDD_IN 4353mW/4321mW VDD_CPU_GPU_CV 1036mW/1042mW VDD_SOC 1397mW/1397mW
08-23-2026 04:35:48 RAM 3041/7620MB (lfb 4x4MB) SWAP 0/12002MB (cached 0MB) CPU [7%@1510,2%@1510,2%@1510,1%@1510,1%@1510,1%@1510] GR3D_FREQ 0% cpu@46.812C soc2@46.156C soc0@44.531C gpu@46.25C tj@46.812C soc1@44.406C VDD_IN 4313mW/4321mW VDD_CPU_GPU_CV 1036mW/1042mW VDD_SOC 1397mW/1397mW
08-23-2026 04:35:49 RAM 3041/7620MB (lfb 4x4MB) SWAP 0/12002MB (cached 0MB) CPU [6%@1510,1%@1510,0%@1510,0%@1510,0%@1510,0%@1510] GR3D_FREQ 0% cpu@47.031C soc2@46.25C soc0@44.593C gpu@46.281C tj@47.031C soc1@44.5C VDD_IN 4273mW/4321mW VDD_CPU_GPU_CV 996mW/1042mW VDD_SOC 1397mW/1397mW
08-23-2026 04:35:50 RAM 3042/7620MB (lfb 4x4MB) SWAP 0/12002MB (cached 0MB) CPU [7%@1510,2%@1510,0%@1510,1%@1510,3%@1510,1%@1510] GR3D_FREQ 0% cpu@46.781C soc2@46.218C soc0@44.718C gpu@46.093C tj@46.781C soc1@44.562C VDD_IN 4313mW/4320mW VDD_CPU_GPU_CV 1036mW/1042mW VDD_SOC 1397mW/1397mW
08-23-2026 04:35:51 RAM 3041/7620MB (lfb 4x4MB) SWAP 0/12002MB (cached 0MB) CPU [7%@1510,1%@1510,0%@1510,0%@1510,1%@1510,1%@1510] GR3D_FREQ 0% cpu@46.812C soc2@46.187C soc0@44.406C gpu@46.062C tj@46.812C soc1@44.625C VDD_IN 4273mW/4320mW VDD_CPU_GPU_CV 1036mW/1042mW VDD_SOC 1397mW/1397mW
08-23-2026 04:35:52 RAM 3041/7620MB (lfb 4x4MB) SWAP 0/12002MB (cached 0MB) CPU [6%@1510,1%@1510,0%@1510,0%@1510,0%@1510,0%@1510] GR3D_FREQ 0% cpu@46.968C soc2@46.187C soc0@44.531C gpu@46.156C tj@46.968C soc1@44.593C VDD_IN 4273mW/4320mW VDD_CPU_GPU_CV 996mW/1042mW VDD_SOC 1397mW/1397mW
08-23-2026 04:35:53 RAM 3041/7620MB (lfb 4x4MB) SWAP 0/12002MB (cached 0MB) CPU [6%@1510,2%@1510,0%@1510,3%@1510,0%@1510,0%@1510] GR3D_FREQ 0% cpu@46.781C soc2@46.156C soc0@44.5C gpu@46.156C tj@46.781C soc1@44.625C VDD_IN 4233mW/4320mW VDD_CPU_GPU_CV 996mW/1042mW VDD_SOC 1397mW/1397mW
08-23-2026 04:35:54 RAM 3041/7620MB (lfb 4x4MB) SWAP 0/12002MB (cached 0MB) CPU [7%@1510,1%@1510,2%@1510,1%@1510,5%@1510,0%@1510] GR3D_FREQ 0% cpu@47.093C soc2@46.156C soc0@44.562C gpu@46.156C tj@47.093C soc1@44.468C VDD_IN 4273mW/4320mW VDD_CPU_GPU_CV 996mW/1042mW VDD_SOC 1397mW/1397mW
08-23-2026 04:35:55 RAM 3041/7620MB (lfb 4x4MB) SWAP 0/12002MB (cached 0MB) CPU [6%@1510,1%@1510,4%@1510,3%@1510,3%@1510,3%@1510] GR3D_FREQ 0% cpu@46.718C soc2@46.125C soc0@44.656C gpu@46.125C tj@46.718C soc1@44.531C VDD_IN 4313mW/4320mW VDD_CPU_GPU_CV 1036mW/1042mW VDD_SOC 1397mW/1397mW
08-23-2026 04:35:56 RAM 3041/7620MB (lfb 4x4MB) SWAP 0/12002MB (cached 0MB) CPU [9%@1510,3%@1510,0%@1510,1%@1510,1%@1510,0%@1510] GR3D_FREQ 0% cpu@46.875C soc2@46.218C soc0@44.437C gpu@46.156C tj@46.875C soc1@44.468C VDD_IN 4273mW/4320mW VDD_CPU_GPU_CV 1036mW/1042mW VDD_SOC 1397mW/1397mW
08-23-2026 04:35:57 RAM 3041/7620MB (lfb 4x4MB) SWAP 0/12002MB (cached 0MB) CPU [6%@1510,2%@1510,0%@1510,1%@1510,0%@1510,1%@1510] GR3D_FREQ 0% cpu@46.937C soc2@46.25C soc0@44.562C gpu@46.343C tj@46.937C soc1@44.593C VDD_IN 4273mW/4320mW VDD_CPU_GPU_CV 996mW/1041mW VDD_SOC 1397mW/1397mW
08-23-2026 04:35:58 RAM 3041/7620MB (lfb 4x4MB) SWAP 0/12002MB (cached 0MB) CPU [6%@1510,2%@1510,0%@1510,1%@1510,1%@1510,0%@1510] GR3D_FREQ 0% cpu@46.812C soc2@46.156C soc0@44.5C gpu@46.406C tj@46.812C soc1@44.375C VDD_IN 4273mW/4320mW VDD_CPU_GPU_CV 996mW/1041mW VDD_SOC 1397mW/1397mW
08-23-2026 04:35:59 RAM 3042/7620MB (lfb 4x4MB) SWAP 0/12002MB (cached 0MB) CPU [10%@1510,1%@1510,3%@1510,2%@1510,1%@1510,0%@1510] GR3D_FREQ 0% cpu@47.062C soc2@46.25C soc0@44.5C gpu@46.375C tj@47.062C soc1@44.406C VDD_IN 4273mW/4319mW VDD_CPU_GPU_CV 996mW/1041mW VDD_SOC 1397mW/1397mW
08-23-2026 04:36:01 RAM 3040/7620MB (lfb 4x4MB) SWAP 0/12002MB (cached 0MB) CPU [8%@1510,8%@1510,2%@1510,1%@1510,1%@1510,4%@1510] GR3D_FREQ 0% cpu@46.718C soc2@46.187C soc0@44.625C gpu@46.375C tj@46.718C soc1@44.5C VDD_IN 4313mW/4319mW VDD_CPU_GPU_CV 1036mW/1041mW VDD_SOC 1397mW/1397mW
08-23-2026 04:36:02 RAM 3041/7620MB (lfb 4x4MB) SWAP 0/12002MB (cached 0MB) CPU [6%@1510,2%@1510,0%@1510,2%@1510,0%@1510,1%@1510] GR3D_FREQ 0% cpu@46.812C soc2@46.281C soc0@44.468C gpu@46.375C tj@46.812C soc1@44.531C VDD_IN 4313mW/4319mW VDD_CPU_GPU_CV 1036mW/1041mW VDD_SOC 1397mW/1397mW
08-23-2026 04:36:03 RAM 3039/7620MB (lfb 4x4MB) SWAP 0/12002MB (cached 0MB) CPU [7%@1510,1%@1510,2%@1510,3%@1510,0%@1510,1%@1510] GR3D_FREQ 0% cpu@46.968C soc2@46.218C soc0@44.406C gpu@46.468C tj@46.968C soc1@44.593C VDD_IN 4313mW/4319mW VDD_CPU_GPU_CV 1036mW/1041mW VDD_SOC 1397mW/1397mW
08-23-2026 04:36:04 RAM 3038/7620MB (lfb 4x4MB) SWAP 0/12002MB (cached 0MB) CPU [6%@1510,2%@1510,2%@1510,0%@1510,1%@1510,0%@1510] GR3D_FREQ 0% cpu@46.812C soc2@46.156C soc0@44.531C gpu@46.156C tj@46.812C soc1@44.406C VDD_IN 4273mW/4319mW VDD_CPU_GPU_CV 1036mW/1041mW VDD_SOC 1397mW/1397mW
08-23-2026 04:36:05 RAM 3040/7620MB (lfb 4x4MB) SWAP 0/12002MB (cached 0MB) CPU [6%@1510,0%@1510,1%@1510,0%@1510,1%@1510,0%@1510] GR3D_FREQ 0% cpu@47.093C soc2@46.093C soc0@44.562C gpu@46.218C tj@47.093C soc1@44.406C VDD_IN 4273mW/4319mW VDD_CPU_GPU_CV 996mW/1041mW VDD_SOC 1397mW/1397mW
08-23-2026 04:36:06 RAM 3040/7620MB (lfb 4x4MB) SWAP 0/12002MB (cached 0MB) CPU [6%@1510,2%@1510,2%@1510,2%@1510,0%@1510,2%@1510] GR3D_FREQ 0% cpu@46.843C soc2@46.25C soc0@44.656C gpu@46.25C tj@46.843C soc1@44.468C VDD_IN 4313mW/4319mW VDD_CPU_GPU_CV 1036mW/1041mW VDD_SOC 1397mW/1397mW
08-23-2026 04:36:07 RAM 3039/7620MB (lfb 4x4MB) SWAP 0/12002MB (cached 0MB) CPU [5%@1510,1%@1510,1%@1510,1%@1510,1%@1510,1%@1510] GR3D_FREQ 0% cpu@46.75C soc2@46.218C soc0@44.437C gpu@46.25C tj@46.75C soc1@44.5C VDD_IN 4273mW/4319mW VDD_CPU_GPU_CV 996mW/1041mW VDD_SOC 1397mW/1397mW
08-23-2026 04:36:08 RAM 3040/7620MB (lfb 4x4MB) SWAP 0/12002MB (cached 0MB) CPU [7%@1510,1%@1510,1%@1510,0%@1510,0%@1510,0%@1510] GR3D_FREQ 0% cpu@46.937C soc2@46.218C soc0@44.5C gpu@46.312C tj@46.937C soc1@44.593C VDD_IN 4273mW/4319mW VDD_CPU_GPU_CV 996mW/1041mW VDD_SOC 1397mW/1397mW
08-23-2026 04:36:09 RAM 3039/7620MB (lfb 4x4MB) SWAP 0/12002MB (cached 0MB) CPU [7%@1510,1%@1510,0%@1510,0%@1510,0%@1510,0%@1510] GR3D_FREQ 0% cpu@46.781C soc2@46.187C soc0@44.5C gpu@46.25C tj@46.781C soc1@44.437C VDD_IN 4233mW/4319mW VDD_CPU_GPU_CV 996mW/1041mW VDD_SOC 1397mW/1397mW
08-23-2026 04:36:10 RAM 3039/7620MB (lfb 4x4MB) SWAP 0/12002MB (cached 0MB) CPU [5%@1510,1%@1510,0%@1510,0%@1510,0%@1510,0%@1510] GR3D_FREQ 0% cpu@47C soc2@46.281C soc0@44.656C gpu@46.593C tj@46.781C soc1@44.437C VDD_IN 4233mW/4318mW VDD_CPU_GPU_CV 996mW/1041mW VDD_SOC 1397mW/1397mW
08-23-2026 04:36:11 RAM 3039/7620MB (lfb 4x4MB) SWAP 0/12002MB (cached 0MB) CPU [6%@1510,4%@1510,2%@1510,2%@1510,3%@1510,3%@1510] GR3D_FREQ 0% cpu@46.656C soc2@46.218C soc0@44.625C gpu@46.531C tj@46.656C soc1@44.5C VDD_IN 4313mW/4318mW VDD_CPU_GPU_CV 1036mW/1041mW VDD_SOC 1397mW/1397mW
08-23-2026 04:36:12 RAM 3039/7620MB (lfb 4x4MB) SWAP 0/12002MB (cached 0MB) CPU [7%@1510,3%@1510,1%@1510,0%@1510,0%@1510,0%@1510] GR3D_FREQ 0% cpu@46.718C soc2@46.25C soc0@44.468C gpu@46.562C tj@46.718C soc1@44.531C VDD_IN 4273mW/4318mW VDD_CPU_GPU_CV 1036mW/1041mW VDD_SOC 1397mW/1397mW
08-23-2026 04:36:13 RAM 3036/7620MB (lfb 4x4MB) SWAP 0/12002MB (cached 0MB) CPU [5%@1510,2%@1510,2%@1510,1%@1510,1%@1510,1%@1510] GR3D_FREQ 0% cpu@46.843C soc2@46.125C soc0@44.468C gpu@46.031C tj@46.843C soc1@44.562C VDD_IN 4233mW/4318mW VDD_CPU_GPU_CV 996mW/1040mW VDD_SOC 1397mW/1397mW
08-23-2026 04:36:14 RAM 3036/7620MB (lfb 4x4MB) SWAP 0/12002MB (cached 0MB) CPU [5%@1510,1%@1510,0%@1510,0%@1510,1%@1510,1%@1510] GR3D_FREQ 0% cpu@46.812C soc2@46.125C soc0@44.5C gpu@45.968C tj@46.718C soc1@44.656C VDD_IN 4233mW/4318mW VDD_CPU_GPU_CV 996mW/1040mW VDD_SOC 1397mW/1397mW
08-23-2026 04:36:15 RAM 3036/7620MB (lfb 4x4MB) SWAP 0/12002MB (cached 0MB) CPU [6%@1510,1%@1510,1%@1510,0%@1510,0%@1510,0%@1510] GR3D_FREQ 0% cpu@47.031C soc2@46.25C soc0@44.562C gpu@46.218C tj@47.031C soc1@44.406C VDD_IN 4233mW/4318mW VDD_CPU_GPU_CV 996mW/1040mW VDD_SOC 1397mW/1397mW
08-23-2026 04:36:16 RAM 3037/7620MB (lfb 4x4MB) SWAP 0/12002MB (cached 0MB) CPU [6%@1510,1%@1510,2%@1510,1%@1510,2%@1510,3%@1510] GR3D_FREQ 0% cpu@46.687C soc2@46.125C soc0@44.562C gpu@46.25C tj@46.687C soc1@44.437C VDD_IN 4273mW/4318mW VDD_CPU_GPU_CV 1036mW/1040mW VDD_SOC 1397mW/1397mW
08-23-2026 04:36:17 RAM 3037/7620MB (lfb 4x4MB) SWAP 0/12002MB (cached 0MB) CPU [6%@1510,3%@1510,1%@1510,1%@1510,0%@1510,2%@1510] GR3D_FREQ 0% cpu@46.75C soc2@46.187C soc0@44.5C gpu@46.343C tj@46.75C soc1@44.406C VDD_IN 4273mW/4317mW VDD_CPU_GPU_CV 1036mW/1040mW VDD_SOC 1397mW/1397mW
08-23-2026 04:36:18 RAM 3037/7620MB (lfb 4x4MB) SWAP 0/12002MB (cached 0MB) CPU [5%@1510,0%@1510,2%@1510,1%@1510,1%@1510,3%@1510] GR3D_FREQ 0% cpu@46.875C soc2@46.062C soc0@44.468C gpu@46.312C tj@46.875C soc1@44.625C VDD_IN 4313mW/4317mW VDD_CPU_GPU_CV 1036mW/1040mW VDD_SOC 1397mW/1397mW
08-23-2026 04:36:19 RAM 3038/7620MB (lfb 4x4MB) SWAP 0/12002MB (cached 0MB) CPU [6%@1510,1%@1510,2%@1510,2%@1510,1%@1510,1%@1510] GR3D_FREQ 0% cpu@46.687C soc2@46.156C soc0@44.5C gpu@46.312C tj@46.687C soc1@44.531C VDD_IN 4273mW/4317mW VDD_CPU_GPU_CV 1036mW/1040mW VDD_SOC 1397mW/1397mW
08-23-2026 04:36:20 RAM 3038/7620MB (lfb 4x4MB) SWAP 0/12002MB (cached 0MB) CPU [6%@1510,2%@1510,2%@1510,0%@1510,1%@1510,1%@1510] GR3D_FREQ 0% cpu@46.843C soc2@46.218C soc0@44.531C gpu@46.343C tj@46.843C soc1@44.375C VDD_IN 4273mW/4317mW VDD_CPU_GPU_CV 996mW/1040mW VDD_SOC 1397mW/1397mW
08-23-2026 04:36:21 RAM 3039/7620MB (lfb 4x4MB) SWAP 0/12002MB (cached 0MB) CPU [7%@1510,2%@1510,2%@1510,1%@1510,0%@1510,3%@1510] GR3D_FREQ 0% cpu@46.687C soc2@46.156C soc0@44.625C gpu@46.312C tj@46.687C soc1@44.531C VDD_IN 4273mW/4317mW VDD_CPU_GPU_CV 1036mW/1040mW VDD_SOC 1397mW/1397mW
08-23-2026 04:36:22 RAM 3039/7620MB (lfb 4x4MB) SWAP 0/12002MB (cached 0MB) CPU [5%@1510,1%@1510,1%@1510,0%@1510,1%@1510,1%@1510] GR3D_FREQ 0% cpu@46.781C soc2@46.187C soc0@44.437C gpu@46.343C tj@46.781C soc1@44.5C VDD_IN 4273mW/4317mW VDD_CPU_GPU_CV 996mW/1040mW VDD_SOC 1397mW/1397mW
08-23-2026 04:36:23 RAM 3038/7620MB (lfb 4x4MB) SWAP 0/12002MB (cached 0MB) CPU [6%@1510,2%@1510,3%@1510,3%@1510,0%@1510,1%@1510] GR3D_FREQ 0% cpu@46.937C soc2@46.25C soc0@44.468C gpu@46.062C tj@46.937C soc1@44.5C VDD_IN 4313mW/4317mW VDD_CPU_GPU_CV 1036mW/1040mW VDD_SOC 1397mW/1397mW
08-23-2026 04:36:24 RAM 3039/7620MB (lfb 4x4MB) SWAP 0/12002MB (cached 0MB) CPU [7%@1510,0%@1510,2%@1510,1%@1510,0%@1510,2%@1510] GR3D_FREQ 0% cpu@46.718C soc2@46.093C soc0@44.468C gpu@46.125C tj@46.718C soc1@44.656C VDD_IN 4273mW/4317mW VDD_CPU_GPU_CV 1036mW/1040mW VDD_SOC 1397mW/1397mW
08-23-2026 04:36:25 RAM 3039/7620MB (lfb 4x4MB) SWAP 0/12002MB (cached 0MB) CPU [8%@1510,2%@1510,0%@1510,0%@1510,0%@1510,0%@1510] GR3D_FREQ 0% cpu@46.906C soc2@46.062C soc0@44.531C gpu@46.156C tj@46.906C soc1@44.375C VDD_IN 4233mW/4317mW VDD_CPU_GPU_CV 996mW/1040mW VDD_SOC 1397mW/1397mW
08-23-2026 04:36:26 RAM 3040/7620MB (lfb 4x4MB) SWAP 0/12002MB (cached 0MB) CPU [6%@1510,2%@1510,2%@1510,0%@1510,1%@1510,2%@1510] GR3D_FREQ 0% cpu@46.687C soc2@46.25C soc0@44.531C gpu@46.125C tj@46.687C soc1@44.468C VDD_IN 4273mW/4317mW VDD_CPU_GPU_CV 1036mW/1040mW VDD_SOC 1397mW/1397mW
08-23-2026 04:36:27 RAM 3039/7620MB (lfb 4x4MB) SWAP 0/12002MB (cached 0MB) CPU [6%@1510,3%@1510,2%@1510,1%@1510,0%@1510,1%@1510] GR3D_FREQ 0% cpu@46.687C soc2@46.125C soc0@44.625C gpu@46.093C tj@46.687C soc1@44.468C VDD_IN 4273mW/4317mW VDD_CPU_GPU_CV 996mW/1040mW VDD_SOC 1397mW/1397mW
08-23-2026 04:36:28 RAM 3039/7620MB (lfb 4x4MB) SWAP 0/12002MB (cached 0MB) CPU [7%@1510,2%@1510,1%@1510,0%@1510,1%@1510,1%@1510] GR3D_FREQ 0% cpu@46.906C soc2@46.093C soc0@44.406C gpu@46.156C tj@46.906C soc1@44.437C VDD_IN 4233mW/4316mW VDD_CPU_GPU_CV 996mW/1040mW VDD_SOC 1397mW/1397mW
08-23-2026 04:36:29 RAM 3039/7620MB (lfb 4x4MB) SWAP 0/12002MB (cached 0MB) CPU [6%@1510,1%@1510,0%@1510,0%@1510,1%@1510,0%@1510] GR3D_FREQ 0% cpu@46.625C soc2@46.093C soc0@44.437C gpu@46.156C tj@46.625C soc1@44.625C VDD_IN 4233mW/4316mW VDD_CPU_GPU_CV 996mW/1039mW VDD_SOC 1397mW/1397mW
08-23-2026 04:36:30 RAM 3039/7620MB (lfb 4x4MB) SWAP 0/12002MB (cached 0MB) CPU [6%@1510,2%@1510,0%@1510,0%@1510,0%@1510,2%@1510] GR3D_FREQ 0% cpu@46.906C soc2@46.062C soc0@44.562C gpu@46.125C tj@46.906C soc1@44.375C VDD_IN 4273mW/4316mW VDD_CPU_GPU_CV 996mW/1039mW VDD_SOC 1397mW/1397mW
08-23-2026 04:36:31 RAM 3040/7620MB (lfb 4x4MB) SWAP 0/12002MB (cached 0MB) CPU [7%@1510,1%@1510,1%@1510,0%@1510,2%@1510,2%@1510] GR3D_FREQ 0% cpu@46.625C soc2@46.156C soc0@44.531C gpu@46.406C tj@46.625C soc1@44.281C VDD_IN 4273mW/4316mW VDD_CPU_GPU_CV 1036mW/1039mW VDD_SOC 1397mW/1397mW
08-23-2026 04:36:32 RAM 3040/7620MB (lfb 4x4MB) SWAP 0/12002MB (cached 0MB) CPU [7%@1510,1%@1510,1%@1510,1%@1510,2%@1510,1%@1510] GR3D_FREQ 0% cpu@46.656C soc2@46.125C soc0@44.593C gpu@46.375C tj@46.656C soc1@44.406C VDD_IN 4273mW/4316mW VDD_CPU_GPU_CV 1036mW/1039mW VDD_SOC 1397mW/1397mW
08-23-2026 04:36:33 RAM 3039/7620MB (lfb 4x4MB) SWAP 0/12002MB (cached 0MB) CPU [5%@1510,1%@1510,2%@1510,3%@1510,1%@1510,1%@1510] GR3D_FREQ 0% cpu@46.75C soc2@46.125C soc0@44.406C gpu@46.5C tj@46.75C soc1@44.531C VDD_IN 4273mW/4316mW VDD_CPU_GPU_CV 1036mW/1039mW VDD_SOC 1397mW/1397mW
08-23-2026 04:36:34 RAM 3040/7620MB (lfb 4x4MB) SWAP 0/12002MB (cached 0MB) CPU [7%@1510,1%@1510,1%@1510,1%@1510,0%@1510,1%@1510] GR3D_FREQ 0% cpu@46.625C soc2@46C soc0@44.375C gpu@46.468C tj@46.625C soc1@44.593C VDD_IN 4273mW/4316mW VDD_CPU_GPU_CV 1036mW/1039mW VDD_SOC 1397mW/1397mW
08-23-2026 04:36:35 RAM 3040/7620MB (lfb 4x4MB) SWAP 0/12002MB (cached 0MB) CPU [6%@1510,0%@1510,0%@1510,0%@1510,1%@1510,1%@1510] GR3D_FREQ 0% cpu@46.812C soc2@46.062C soc0@44.5C gpu@45.875C tj@46.812C soc1@44.343C VDD_IN 4233mW/4315mW VDD_CPU_GPU_CV 996mW/1039mW VDD_SOC 1397mW/1397mW
08-23-2026 04:36:36 RAM 3039/7620MB (lfb 4x4MB) SWAP 0/12002MB (cached 0MB) CPU [6%@1510,2%@1510,2%@1510,0%@1510,1%@1510,3%@1510] GR3D_FREQ 0% cpu@46.625C soc2@46.093C soc0@44.531C gpu@46.156C tj@46.625C soc1@44.375C VDD_IN 4273mW/4315mW VDD_CPU_GPU_CV 1036mW/1039mW VDD_SOC 1397mW/1397mW
08-23-2026 04:36:37 RAM 3039/7620MB (lfb 4x4MB) SWAP 0/12002MB (cached 0MB) CPU [4%@1510,1%@1510,0%@1510,1%@1510,1%@1510,1%@1510] GR3D_FREQ 0% cpu@46.687C soc2@46.125C soc0@44.531C gpu@46.125C tj@46.687C soc1@44.437C VDD_IN 4273mW/4315mW VDD_CPU_GPU_CV 996mW/1039mW VDD_SOC 1397mW/1397mW
08-23-2026 04:36:38 RAM 3040/7620MB (lfb 4x4MB) SWAP 0/12002MB (cached 0MB) CPU [7%@1510,1%@1510,0%@1510,0%@1510,1%@1510,0%@1510] GR3D_FREQ 0% cpu@46.812C soc2@46.093C soc0@44.375C gpu@46.187C tj@46.812C soc1@44.5C VDD_IN 4233mW/4315mW VDD_CPU_GPU_CV 996mW/1039mW VDD_SOC 1397mW/1397mW
08-23-2026 04:36:39 RAM 3040/7620MB (lfb 4x4MB) SWAP 0/12002MB (cached 0MB) CPU [6%@1510,1%@1510,0%@1510,0%@1510,0%@1510,0%@1510] GR3D_FREQ 0% cpu@46.718C soc2@46C soc0@44.406C gpu@46.187C tj@46.718C soc1@44.625C VDD_IN 4233mW/4315mW VDD_CPU_GPU_CV 996mW/1039mW VDD_SOC 1397mW/1397mW
08-23-2026 04:36:40 RAM 3039/7620MB (lfb 4x4MB) SWAP 0/12002MB (cached 0MB) CPU [6%@1510,1%@1510,0%@1510,0%@1510,0%@1510,0%@1510] GR3D_FREQ 0% cpu@46.875C soc2@46.125C soc0@44.468C gpu@46.312C tj@46.875C soc1@44.375C VDD_IN 4233mW/4315mW VDD_CPU_GPU_CV 996mW/1039mW VDD_SOC 1397mW/1397mW
08-23-2026 04:36:41 RAM 3039/7620MB (lfb 4x4MB) SWAP 0/12002MB (cached 0MB) CPU [6%@1510,1%@1510,1%@1510,3%@1510,2%@1510,1%@1510] GR3D_FREQ 0% cpu@46.687C soc2@46.125C soc0@44.5C gpu@46.218C tj@46.687C soc1@44.375C VDD_IN 4273mW/4315mW VDD_CPU_GPU_CV 996mW/1039mW VDD_SOC 1397mW/1397mW
08-23-2026 04:36:42 RAM 3039/7620MB (lfb 4x4MB) SWAP 0/12002MB (cached 0MB) CPU [5%@1510,1%@1510,0%@1510,1%@1510,0%@1510,1%@1510] GR3D_FREQ 0% cpu@46.687C soc2@46.187C soc0@44.625C gpu@46.218C tj@46.687C soc1@44.5C VDD_IN 4273mW/4314mW VDD_CPU_GPU_CV 996mW/1039mW VDD_SOC 1397mW/1397mW
08-23-2026 04:36:43 RAM 3039/7620MB (lfb 4x4MB) SWAP 0/12002MB (cached 0MB) CPU [6%@1510,1%@1510,0%@1510,0%@1510,1%@1510,0%@1510] GR3D_FREQ 0% cpu@46.781C soc2@46.218C soc0@44.375C gpu@46.312C tj@46.781C soc1@44.468C VDD_IN 4273mW/4314mW VDD_CPU_GPU_CV 996mW/1039mW VDD_SOC 1397mW/1397mW
08-23-2026 04:36:44 RAM 3038/7620MB (lfb 4x4MB) SWAP 0/12002MB (cached 0MB) CPU [7%@1510,1%@1510,0%@1510,0%@1510,1%@1510,0%@1510] GR3D_FREQ 0% cpu@46.656C soc2@46.093C soc0@44.468C gpu@46.062C tj@46.656C soc1@44.562C VDD_IN 4273mW/4314mW VDD_CPU_GPU_CV 996mW/1038mW VDD_SOC 1397mW/1397mW
08-23-2026 04:36:45 RAM 3039/7620MB (lfb 4x4MB) SWAP 0/12002MB (cached 0MB) CPU [6%@1510,1%@1510,0%@1510,0%@1510,1%@1510,1%@1510] GR3D_FREQ 0% cpu@46.812C soc2@46.093C soc0@44.437C gpu@46.031C tj@46.812C soc1@44.375C VDD_IN 4273mW/4314mW VDD_CPU_GPU_CV 996mW/1038mW VDD_SOC 1397mW/1397mW
08-23-2026 04:36:46 RAM 3039/7620MB (lfb 4x4MB) SWAP 0/12002MB (cached 0MB) CPU [5%@1510,1%@1510,2%@1510,2%@1510,1%@1510,3%@1510] GR3D_FREQ 0% cpu@46.656C soc2@46.218C soc0@44.562C gpu@46.156C tj@46.656C soc1@44.375C VDD_IN 4273mW/4314mW VDD_CPU_GPU_CV 1036mW/1038mW VDD_SOC 1397mW/1397mW
08-23-2026 04:36:47 RAM 3039/7620MB (lfb 4x4MB) SWAP 0/12002MB (cached 0MB) CPU [6%@1510,2%@1510,0%@1510,1%@1510,1%@1510,2%@1510] GR3D_FREQ 0% cpu@46.75C soc2@46.218C soc0@44.562C gpu@46.093C tj@46.75C soc1@44.437C VDD_IN 4273mW/4314mW VDD_CPU_GPU_CV 1036mW/1038mW VDD_SOC 1397mW/1397mW
08-23-2026 04:36:48 RAM 3038/7620MB (lfb 4x4MB) SWAP 0/12002MB (cached 0MB) CPU [7%@1510,0%@1510,1%@1510,1%@1510,2%@1510,4%@1510] GR3D_FREQ 0% cpu@46.781C soc2@46.156C soc0@44.406C gpu@46.031C tj@46.781C soc1@44.468C VDD_IN 4273mW/4314mW VDD_CPU_GPU_CV 1036mW/1038mW VDD_SOC 1397mW/1397mW
08-23-2026 04:36:49 RAM 3039/7620MB (lfb 4x4MB) SWAP 0/12002MB (cached 0MB) CPU [7%@1510,0%@1510,0%@1510,0%@1510,2%@1510,1%@1510] GR3D_FREQ 0% cpu@47.093C soc2@46.093C soc0@44.468C gpu@46.093C tj@47.093C soc1@44.562C VDD_IN 4273mW/4314mW VDD_CPU_GPU_CV 1036mW/1038mW VDD_SOC 1397mW/1397mW
08-23-2026 04:36:50 RAM 3039/7620MB (lfb 4x4MB) SWAP 0/12002MB (cached 0MB) CPU [6%@1510,0%@1510,0%@1510,1%@1510,1%@1510,1%@1510] GR3D_FREQ 0% cpu@46.906C soc2@46.125C soc0@44.437C gpu@46.125C tj@46.906C soc1@44.406C VDD_IN 4273mW/4314mW VDD_CPU_GPU_CV 996mW/1038mW VDD_SOC 1397mW/1397mW
08-23-2026 04:36:51 RAM 3039/7620MB (lfb 4x4MB) SWAP 0/12002MB (cached 0MB) CPU [5%@1510,0%@1510,1%@1510,3%@1510,2%@1510,0%@1510] GR3D_FREQ 0% cpu@46.687C soc2@46.125C soc0@44.531C gpu@46.375C tj@46.656C soc1@44.468C VDD_IN 4273mW/4314mW VDD_CPU_GPU_CV 1036mW/1038mW VDD_SOC 1397mW/1397mW
08-23-2026 04:36:52 RAM 3039/7620MB (lfb 4x4MB) SWAP 0/12002MB (cached 0MB) CPU [7%@1510,0%@1510,0%@1510,0%@1510,1%@1510,1%@1510] GR3D_FREQ 0% cpu@46.656C soc2@46.156C soc0@44.656C gpu@46.375C tj@46.656C soc1@44.468C VDD_IN 4273mW/4314mW VDD_CPU_GPU_CV 996mW/1038mW VDD_SOC 1397mW/1397mW
08-23-2026 04:36:53 RAM 3038/7620MB (lfb 4x4MB) SWAP 0/12002MB (cached 0MB) CPU [5%@1510,0%@1510,2%@1510,3%@1510,1%@1510,1%@1510] GR3D_FREQ 0% cpu@46.781C soc2@46.218C soc0@44.406C gpu@46.375C tj@46.781C soc1@44.468C VDD_IN 4273mW/4313mW VDD_CPU_GPU_CV 1036mW/1038mW VDD_SOC 1397mW/1397mW
08-23-2026 04:36:54 RAM 3040/7620MB (lfb 4x4MB) SWAP 0/12002MB (cached 0MB) CPU [7%@1510,0%@1510,0%@1510,0%@1510,2%@1510,2%@1510] GR3D_FREQ 0% cpu@47.062C soc2@46.125C soc0@44.468C gpu@46.468C tj@47.062C soc1@44.437C VDD_IN 4273mW/4313mW VDD_CPU_GPU_CV 1036mW/1038mW VDD_SOC 1397mW/1397mW
08-23-2026 04:36:55 RAM 3036/7620MB (lfb 4x4MB) SWAP 0/12002MB (cached 0MB) CPU [4%@1510,0%@1510,0%@1510,1%@1510,2%@1510,0%@1510] GR3D_FREQ 0% cpu@46.843C soc2@46.093C soc0@44.437C gpu@46.468C tj@46.843C soc1@44.375C VDD_IN 4273mW/4313mW VDD_CPU_GPU_CV 996mW/1038mW VDD_SOC 1397mW/1397mW
08-23-2026 04:36:56 RAM 3038/7620MB (lfb 4x4MB) SWAP 0/12002MB (cached 0MB) CPU [6%@1510,1%@1510,1%@1510,0%@1510,2%@1510,3%@1510] GR3D_FREQ 0% cpu@46.687C soc2@46.093C soc0@44.437C gpu@46.437C tj@46.593C soc1@44.312C VDD_IN 4273mW/4313mW VDD_CPU_GPU_CV 1036mW/1038mW VDD_SOC 1397mW/1397mW
08-23-2026 04:36:57 RAM 3039/7620MB (lfb 4x4MB) SWAP 0/12002MB (cached 0MB) CPU [7%@1510,0%@1510,0%@1510,0%@1510,1%@1510,1%@1510] GR3D_FREQ 0% cpu@46.687C soc2@46.062C soc0@44.562C gpu@46.5C tj@46.687C soc1@44.375C VDD_IN 4273mW/4313mW VDD_CPU_GPU_CV 996mW/1038mW VDD_SOC 1397mW/1397mW
08-23-2026 04:36:58 RAM 3039/7620MB (lfb 4x4MB) SWAP 0/12002MB (cached 0MB) CPU [5%@1510,0%@1510,0%@1510,0%@1510,1%@1510,1%@1510] GR3D_FREQ 0% cpu@46.718C soc2@46.062C soc0@44.375C gpu@46.031C tj@46.718C soc1@44.437C VDD_IN 4273mW/4313mW VDD_CPU_GPU_CV 996mW/1038mW VDD_SOC 1397mW/1397mW
08-23-2026 04:36:59 RAM 3040/7620MB (lfb 4x4MB) SWAP 0/12002MB (cached 0MB) CPU [6%@1510,0%@1510,0%@1510,0%@1510,1%@1510,0%@1510] GR3D_FREQ 0% cpu@46.718C soc2@46.062C soc0@44.406C gpu@46.156C tj@47C soc1@44.468C VDD_IN 4273mW/4313mW VDD_CPU_GPU_CV 996mW/1038mW VDD_SOC 1397mW/1397mW
08-23-2026 04:37:00 RAM 3040/7620MB (lfb 4x4MB) SWAP 0/12002MB (cached 0MB) CPU [5%@1510,0%@1510,1%@1510,0%@1510,1%@1510,0%@1510] GR3D_FREQ 0% cpu@46.937C soc2@46.125C soc0@44.375C gpu@46.218C tj@46.937C soc1@44.343C VDD_IN 4273mW/4313mW VDD_CPU_GPU_CV 996mW/1038mW VDD_SOC 1397mW/1397mW
08-23-2026 04:37:01 RAM 3041/7620MB (lfb 4x4MB) SWAP 0/12002MB (cached 0MB) CPU [6%@1510,1%@1510,1%@1510,3%@1510,1%@1510,0%@1510] GR3D_FREQ 0% cpu@46.656C soc2@46C soc0@44.468C gpu@46.187C tj@46.656C soc1@44.343C VDD_IN 4273mW/4313mW VDD_CPU_GPU_CV 1036mW/1038mW VDD_SOC 1397mW/1397mW
08-23-2026 04:37:02 RAM 3040/7620MB (lfb 4x4MB) SWAP 0/12002MB (cached 0MB) CPU [6%@1510,0%@1510,0%@1510,0%@1510,1%@1510,2%@1510] GR3D_FREQ 0% cpu@46.625C soc2@46.125C soc0@44.468C gpu@46.25C tj@46.625C soc1@44.343C VDD_IN 4273mW/4313mW VDD_CPU_GPU_CV 996mW/1038mW VDD_SOC 1397mW/1397mW
08-23-2026 04:37:03 RAM 3040/7620MB (lfb 4x4MB) SWAP 0/12002MB (cached 0MB) CPU [6%@1510,0%@1510,1%@1510,3%@1510,3%@1510,2%@1510] GR3D_FREQ 0% cpu@46.75C soc2@46.093C soc0@44.437C gpu@46.218C tj@46.75C soc1@44.375C VDD_IN 4273mW/4313mW VDD_CPU_GPU_CV 1036mW/1038mW VDD_SOC 1397mW/1397mW
08-23-2026 04:37:04 RAM 3040/7620MB (lfb 4x4MB) SWAP 0/12002MB (cached 0MB) CPU [5%@1510,1%@1510,0%@1510,1%@1510,1%@1510,1%@1510] GR3D_FREQ 0% cpu@46.625C soc2@46.093C soc0@44.312C gpu@46.187C tj@46.625C soc1@44.468C VDD_IN 4273mW/4312mW VDD_CPU_GPU_CV 996mW/1037mW VDD_SOC 1397mW/1397mW
08-23-2026 04:37:05 RAM 3040/7620MB (lfb 4x4MB) SWAP 0/12002MB (cached 0MB) CPU [4%@1510,0%@1510,0%@1510,0%@1510,1%@1510,2%@1510] GR3D_FREQ 0% cpu@46.812C soc2@46.062C soc0@44.406C gpu@46.25C tj@46.812C soc1@44.531C VDD_IN 4273mW/4312mW VDD_CPU_GPU_CV 996mW/1037mW VDD_SOC 1397mW/1397mW
08-23-2026 04:37:06 RAM 3040/7620MB (lfb 4x4MB) SWAP 0/12002MB (cached 0MB) CPU [6%@1510,0%@1510,3%@1510,1%@1510,3%@1510,0%@1510] GR3D_FREQ 0% cpu@46.625C soc2@46.062C soc0@44.406C gpu@45.968C tj@46.625C soc1@44.375C VDD_IN 4273mW/4312mW VDD_CPU_GPU_CV 1036mW/1037mW VDD_SOC 1397mW/1397mW
08-23-2026 04:37:07 RAM 3039/7620MB (lfb 4x4MB) SWAP 0/12002MB (cached 0MB) CPU [6%@1510,0%@1510,0%@1510,0%@1510,1%@1510,2%@1510] GR3D_FREQ 0% cpu@46.625C soc2@46.031C soc0@44.5C gpu@45.937C tj@46.625C soc1@44.406C VDD_IN 4273mW/4312mW VDD_CPU_GPU_CV 996mW/1037mW VDD_SOC 1397mW/1397mW
08-23-2026 04:37:08 RAM 3040/7620MB (lfb 4x4MB) SWAP 0/12002MB (cached 0MB) CPU [6%@1510,0%@1510,0%@1510,0%@1510,1%@1510,1%@1510] GR3D_FREQ 0% cpu@46.781C soc2@46.156C soc0@44.406C gpu@46.093C tj@46.781C soc1@44.375C VDD_IN 4273mW/4312mW VDD_CPU_GPU_CV 996mW/1037mW VDD_SOC 1397mW/1397mW
08-23-2026 04:37:09 RAM 3039/7620MB (lfb 4x4MB) SWAP 0/12002MB (cached 0MB) CPU [6%@1510,0%@1510,0%@1510,1%@1510,1%@1510,1%@1510] GR3D_FREQ 0% cpu@46.687C soc2@46.031C soc0@44.406C gpu@46.062C tj@46.687C soc1@44.437C VDD_IN 4273mW/4312mW VDD_CPU_GPU_CV 996mW/1037mW VDD_SOC 1397mW/1397mW
08-23-2026 04:37:10 RAM 3038/7620MB (lfb 4x4MB) SWAP 0/12002MB (cached 0MB) CPU [5%@1510,1%@1510,0%@1510,1%@1510,1%@1510,1%@1510] GR3D_FREQ 0% cpu@46.781C soc2@45.968C soc0@44.468C gpu@46.062C tj@46.781C soc1@44.531C VDD_IN 4273mW/4312mW VDD_CPU_GPU_CV 996mW/1037mW VDD_SOC 1397mW/1397mW
08-23-2026 04:37:11 RAM 3039/7620MB (lfb 4x4MB) SWAP 0/12002MB (cached 0MB) CPU [6%@1510,0%@1510,4%@1510,1%@1510,1%@1510,0%@1510] GR3D_FREQ 0% cpu@46.781C soc2@46.156C soc0@44.437C gpu@46.093C tj@46.781C soc1@44.375C VDD_IN 4273mW/4312mW VDD_CPU_GPU_CV 1036mW/1037mW VDD_SOC 1397mW/1397mW
08-23-2026 04:37:12 RAM 3040/7620MB (lfb 4x4MB) SWAP 0/12002MB (cached 0MB) CPU [6%@1510,0%@1510,0%@1510,0%@1510,2%@1510,1%@1510] GR3D_FREQ 0% cpu@46.687C soc2@46.093C soc0@44.562C gpu@46.031C tj@46.687C soc1@44.406C VDD_IN 4273mW/4312mW VDD_CPU_GPU_CV 996mW/1037mW VDD_SOC 1397mW/1397mW
08-23-2026 04:37:13 RAM 3040/7620MB (lfb 4x4MB) SWAP 0/12002MB (cached 0MB) CPU [6%@1510,0%@1510,0%@1510,0%@1510,1%@1510,1%@1510] GR3D_FREQ 0% cpu@46.812C soc2@46C soc0@44.375C gpu@46.343C tj@46.812C soc1@44.5C VDD_IN 4273mW/4312mW VDD_CPU_GPU_CV 996mW/1037mW VDD_SOC 1397mW/1397mW
08-23-2026 04:37:14 RAM 3040/7620MB (lfb 4x4MB) SWAP 0/12002MB (cached 0MB) CPU [6%@1510,0%@1510,0%@1510,1%@1510,2%@1510,1%@1510] GR3D_FREQ 0% cpu@46.718C soc2@46.125C soc0@44.406C gpu@46.312C tj@46.718C soc1@44.562C VDD_IN 4273mW/4312mW VDD_CPU_GPU_CV 996mW/1037mW VDD_SOC 1397mW/1397mW
08-23-2026 04:37:15 RAM 3040/7620MB (lfb 4x4MB) SWAP 0/12002MB (cached 0MB) CPU [6%@1510,1%@1510,0%@1510,1%@1510,1%@1510,1%@1510] GR3D_FREQ 0% cpu@46.843C soc2@46.031C soc0@44.437C gpu@46.468C tj@46.843C soc1@44.531C VDD_IN 4273mW/4312mW VDD_CPU_GPU_CV 996mW/1037mW VDD_SOC 1397mW/1397mW
08-23-2026 04:37:16 RAM 3040/7620MB (lfb 4x4MB) SWAP 0/12002MB (cached 0MB) CPU [7%@1510,0%@1510,0%@1510,3%@1510,2%@1510,2%@1510] GR3D_FREQ 0% cpu@46.625C soc2@46.062C soc0@44.437C gpu@46.468C tj@46.625C soc1@44.343C VDD_IN 4273mW/4311mW VDD_CPU_GPU_CV 1036mW/1037mW VDD_SOC 1397mW/1397mW
08-23-2026 04:37:17 RAM 3040/7620MB (lfb 4x4MB) SWAP 0/12002MB (cached 0MB) CPU [5%@1510,0%@1510,0%@1510,1%@1510,2%@1510,2%@1510] GR3D_FREQ 0% cpu@46.687C soc2@46.125C soc0@44.625C gpu@46.5C tj@46.687C soc1@44.437C VDD_IN 4273mW/4311mW VDD_CPU_GPU_CV 1036mW/1037mW VDD_SOC 1397mW/1397mW
08-23-2026 04:37:18 RAM 3039/7620MB (lfb 4x4MB) SWAP 0/12002MB (cached 0MB) CPU [7%@1510,0%@1510,0%@1510,1%@1510,1%@1510,4%@1510] GR3D_FREQ 0% cpu@46.687C soc2@46.156C soc0@44.437C gpu@46.375C tj@46.687C soc1@44.375C VDD_IN 4273mW/4311mW VDD_CPU_GPU_CV 1036mW/1037mW VDD_SOC 1397mW/1397mW
08-23-2026 04:37:19 RAM 3038/7620MB (lfb 4x4MB) SWAP 0/12002MB (cached 0MB) CPU [7%@1510,0%@1510,0%@1510,1%@1510,1%@1510,2%@1510] GR3D_FREQ 0% cpu@46.656C soc2@46.062C soc0@44.406C gpu@46.156C tj@46.968C soc1@44.437C VDD_IN 4273mW/4311mW VDD_CPU_GPU_CV 1036mW/1037mW VDD_SOC 1397mW/1397mW
08-23-2026 04:37:20 RAM 3038/7620MB (lfb 4x4MB) SWAP 0/12002MB (cached 0MB) CPU [5%@1510,0%@1510,1%@1510,0%@1510,0%@1510,1%@1510] GR3D_FREQ 0% cpu@46.812C soc2@46C soc0@44.5C gpu@46.25C tj@46.812C soc1@44.531C VDD_IN 4273mW/4311mW VDD_CPU_GPU_CV 996mW/1037mW VDD_SOC 1397mW/1397mW
08-23-2026 04:37:21 RAM 3039/7620MB (lfb 4x4MB) SWAP 0/12002MB (cached 0MB) CPU [6%@1510,0%@1510,0%@1510,0%@1510,3%@1510,3%@1510] GR3D_FREQ 0% cpu@46.593C soc2@46.093C soc0@44.468C gpu@46.25C tj@46.593C soc1@44.375C VDD_IN 4273mW/4311mW VDD_CPU_GPU_CV 1036mW/1037mW VDD_SOC 1397mW/1397mW
08-23-2026 04:37:22 RAM 3038/7620MB (lfb 4x4MB) SWAP 0/12002MB (cached 0MB) CPU [6%@1510,0%@1510,1%@1510,1%@1510,0%@1510,0%@1510] GR3D_FREQ 0% cpu@46.656C soc2@46.093C soc0@44.593C gpu@46.156C tj@46.656C soc1@44.375C VDD_IN 4233mW/4311mW VDD_CPU_GPU_CV 996mW/1036mW VDD_SOC 1397mW/1397mW
08-23-2026 04:37:23 RAM 3038/7620MB (lfb 4x4MB) SWAP 0/12002MB (cached 0MB) CPU [6%@1510,2%@1510,1%@1510,0%@1510,1%@1510,1%@1510] GR3D_FREQ 0% cpu@46.718C soc2@46.062C soc0@44.625C gpu@46.187C tj@46.718C soc1@44.468C VDD_IN 4233mW/4311mW VDD_CPU_GPU_CV 996mW/1036mW VDD_SOC 1397mW/1397mW
08-23-2026 04:37:24 RAM 3039/7620MB (lfb 4x4MB) SWAP 0/12002MB (cached 0MB) CPU [6%@1510,0%@1510,2%@1510,1%@1510,0%@1510,1%@1510] GR3D_FREQ 0% cpu@46.718C soc2@46.187C soc0@44.375C gpu@46.156C tj@46.718C soc1@44.531C VDD_IN 4233mW/4311mW VDD_CPU_GPU_CV 996mW/1036mW VDD_SOC 1397mW/1397mW
08-23-2026 04:37:25 RAM 3039/7620MB (lfb 4x4MB) SWAP 0/12002MB (cached 0MB) CPU [5%@1510,1%@1510,1%@1510,0%@1510,0%@1510,2%@1510] GR3D_FREQ 0% cpu@46.875C soc2@46.093C soc0@44.437C gpu@46.25C tj@46.875C soc1@44.562C VDD_IN 4233mW/4310mW VDD_CPU_GPU_CV 996mW/1036mW VDD_SOC 1397mW/1397mW
08-23-2026 04:37:26 RAM 3040/7620MB (lfb 4x4MB) SWAP 0/12002MB (cached 0MB) CPU [6%@1510,1%@1510,1%@1510,1%@1510,4%@1510,1%@1510] GR3D_FREQ 0% cpu@46.75C soc2@46.062C soc0@44.5C gpu@46.25C tj@46.75C soc1@44.375C VDD_IN 4273mW/4310mW VDD_CPU_GPU_CV 996mW/1036mW VDD_SOC 1397mW/1397mW
08-23-2026 04:37:27 RAM 3040/7620MB (lfb 4x4MB) SWAP 0/12002MB (cached 0MB) CPU [7%@1510,0%@1510,1%@1510,1%@1510,1%@1510,0%@1510] GR3D_FREQ 0% cpu@46.687C soc2@46.125C soc0@44.531C gpu@46.062C tj@46.687C soc1@44.375C VDD_IN 4273mW/4310mW VDD_CPU_GPU_CV 996mW/1036mW VDD_SOC 1397mW/1397mW
08-23-2026 04:37:28 RAM 3040/7620MB (lfb 4x4MB) SWAP 0/12002MB (cached 0MB) CPU [6%@1510,0%@1510,2%@1510,0%@1510,0%@1510,1%@1510] GR3D_FREQ 0% cpu@46.75C soc2@46.093C soc0@44.687C gpu@45.937C tj@46.75C soc1@44.5C VDD_IN 4233mW/4310mW VDD_CPU_GPU_CV 996mW/1036mW VDD_SOC 1397mW/1397mW
08-23-2026 04:37:29 RAM 3040/7620MB (lfb 4x4MB) SWAP 0/12002MB (cached 0MB) CPU [5%@1510,0%@1510,1%@1510,0%@1510,0%@1510,1%@1510] GR3D_FREQ 0% cpu@46.781C soc2@46.156C soc0@44.437C gpu@45.968C tj@46.781C soc1@44.562C VDD_IN 4233mW/4310mW VDD_CPU_GPU_CV 996mW/1036mW VDD_SOC 1397mW/1397mW
08-23-2026 04:37:30 RAM 3040/7620MB (lfb 4x4MB) SWAP 0/12002MB (cached 0MB) CPU [4%@1510,1%@1510,1%@1510,0%@1510,0%@1510,1%@1510] GR3D_FREQ 0% cpu@46.843C soc2@46.125C soc0@44.406C gpu@46.125C tj@46.843C soc1@44.468C VDD_IN 4233mW/4310mW VDD_CPU_GPU_CV 996mW/1036mW VDD_SOC 1397mW/1397mW
08-23-2026 04:37:31 RAM 3041/7620MB (lfb 4x4MB) SWAP 0/12002MB (cached 0MB) CPU [6%@1510,1%@1510,0%@1510,2%@1510,0%@1510,4%@1510] GR3D_FREQ 0% cpu@46.656C soc2@46.093C soc0@44.468C gpu@46.093C tj@46.656C soc1@44.687C VDD_IN 4273mW/4310mW VDD_CPU_GPU_CV 996mW/1036mW VDD_SOC 1397mW/1397mW
08-23-2026 04:37:32 RAM 3040/7620MB (lfb 4x4MB) SWAP 0/12002MB (cached 0MB) CPU [7%@1510,1%@1510,3%@1510,2%@1510,0%@1510,3%@1510] GR3D_FREQ 0% cpu@46.875C soc2@46.125C soc0@44.531C gpu@46.062C tj@46.75C soc1@44.437C VDD_IN 4273mW/4310mW VDD_CPU_GPU_CV 996mW/1036mW VDD_SOC 1397mW/1397mW
08-23-2026 04:37:33 RAM 3039/7620MB (lfb 4x4MB) SWAP 0/12002MB (cached 0MB) CPU [5%@1510,0%@1510,1%@1510,2%@1510,4%@1510,2%@1510] GR3D_FREQ 0% cpu@46.625C soc2@46.125C soc0@44.656C gpu@46.093C tj@46.781C soc1@44.5C VDD_IN 4273mW/4310mW VDD_CPU_GPU_CV 996mW/1036mW VDD_SOC 1397mW/1397mW
08-23-2026 04:37:34 RAM 3038/7620MB (lfb 4x4MB) SWAP 0/12002MB (cached 0MB) CPU [6%@1510,0%@1510,1%@1510,1%@1510,0%@1510,1%@1510] GR3D_FREQ 0% cpu@46.656C soc2@46.156C soc0@44.531C gpu@46.156C tj@46.656C soc1@44.437C VDD_IN 4273mW/4309mW VDD_CPU_GPU_CV 996mW/1035mW VDD_SOC 1397mW/1397mW
08-23-2026 04:37:35 RAM 3038/7620MB (lfb 4x4MB) SWAP 0/12002MB (cached 0MB) CPU [5%@1510,0%@1510,1%@1510,0%@1510,0%@1510,1%@1510] GR3D_FREQ 0% cpu@46.843C soc2@46.125C soc0@44.406C gpu@46.375C tj@46.843C soc1@44.468C VDD_IN 4233mW/4309mW VDD_CPU_GPU_CV 996mW/1035mW VDD_SOC 1397mW/1397mW
08-23-2026 04:37:36 RAM 3038/7620MB (lfb 4x4MB) SWAP 0/12002MB (cached 0MB) CPU [6%@1510,0%@1510,3%@1510,2%@1510,2%@1510,2%@1510] GR3D_FREQ 0% cpu@46.687C soc2@46.031C soc0@44.5C gpu@46.406C tj@46.687C soc1@44.656C VDD_IN 4273mW/4309mW VDD_CPU_GPU_CV 996mW/1035mW VDD_SOC 1397mW/1397mW
08-23-2026 04:37:37 RAM 3037/7620MB (lfb 4x4MB) SWAP 0/12002MB (cached 0MB) CPU [5%@1510,0%@1510,0%@1510,0%@1510,2%@1510,1%@1510] GR3D_FREQ 0% cpu@46.781C soc2@46.125C soc0@44.531C gpu@46.375C tj@46.781C soc1@44.406C VDD_IN 4233mW/4309mW VDD_CPU_GPU_CV 996mW/1035mW VDD_SOC 1397mW/1397mW
08-23-2026 04:37:38 RAM 3037/7620MB (lfb 4x4MB) SWAP 0/12002MB (cached 0MB) CPU [6%@1510,1%@1510,1%@1510,0%@1510,1%@1510,2%@1510] GR3D_FREQ 0% cpu@46.625C soc2@46.125C soc0@44.562C gpu@46.375C tj@46.625C soc1@44.468C VDD_IN 4233mW/4309mW VDD_CPU_GPU_CV 996mW/1035mW VDD_SOC 1397mW/1397mW
08-23-2026 04:37:39 RAM 3038/7620MB (lfb 4x4MB) SWAP 0/12002MB (cached 0MB) CPU [4%@1510,0%@1510,1%@1510,0%@1510,0%@1510,1%@1510] GR3D_FREQ 0% cpu@46.687C soc2@46.031C soc0@44.562C gpu@46.468C tj@46.687C soc1@44.437C VDD_IN 4233mW/4309mW VDD_CPU_GPU_CV 996mW/1035mW VDD_SOC 1397mW/1397mW
08-23-2026 04:37:40 RAM 3038/7620MB (lfb 4x4MB) SWAP 0/12002MB (cached 0MB) CPU [5%@1510,1%@1510,1%@1510,0%@1510,0%@1510,1%@1510] GR3D_FREQ 0% cpu@46.843C soc2@46.156C soc0@44.406C gpu@46.468C tj@46.843C soc1@44.531C VDD_IN 4233mW/4309mW VDD_CPU_GPU_CV 996mW/1035mW VDD_SOC 1397mW/1397mW
08-23-2026 04:37:41 RAM 3037/7620MB (lfb 4x4MB) SWAP 0/12002MB (cached 0MB) CPU [6%@1510,0%@1510,2%@1510,0%@1510,3%@1510,2%@1510] GR3D_FREQ 0% cpu@46.687C soc2@46.156C soc0@44.406C gpu@46.5C tj@46.625C soc1@44.593C VDD_IN 4273mW/4309mW VDD_CPU_GPU_CV 996mW/1035mW VDD_SOC 1397mW/1397mW
08-23-2026 04:37:42 RAM 3037/7620MB (lfb 4x4MB) SWAP 0/12002MB (cached 0MB) CPU [5%@1510,0%@1510,1%@1510,1%@1510,1%@1510,3%@1510] GR3D_FREQ 0% cpu@46.906C soc2@46.125C soc0@44.562C gpu@46.5C tj@46.843C soc1@44.437C VDD_IN 4273mW/4308mW VDD_CPU_GPU_CV 996mW/1035mW VDD_SOC 1397mW/1397mW
08-23-2026 04:37:43 RAM 3037/7620MB (lfb 4x4MB) SWAP 0/12002MB (cached 0MB) CPU [5%@1510,1%@1510,0%@1510,0%@1510,0%@1510,1%@1510] GR3D_FREQ 0% cpu@46.687C soc2@46.093C soc0@44.5C gpu@46.125C tj@46.687C soc1@44.375C VDD_IN 4233mW/4308mW VDD_CPU_GPU_CV 996mW/1035mW VDD_SOC 1397mW/1397mW
08-23-2026 04:37:44 RAM 3038/7620MB (lfb 4x4MB) SWAP 0/12002MB (cached 0MB) CPU [6%@1510,0%@1510,1%@1510,0%@1510,0%@1510,1%@1510] GR3D_FREQ 0% cpu@46.656C soc2@46.218C soc0@44.5C gpu@46.187C tj@46.656C soc1@44.406C VDD_IN 4233mW/4308mW VDD_CPU_GPU_CV 996mW/1035mW VDD_SOC 1397mW/1397mW
08-23-2026 04:37:45 RAM 3037/7620MB (lfb 4x4MB) SWAP 0/12002MB (cached 0MB) CPU [5%@1510,0%@1510,0%@1510,1%@1510,1%@1510,2%@1510] GR3D_FREQ 0% cpu@46.906C soc2@46.062C soc0@44.406C gpu@46.187C tj@46.906C soc1@44.468C VDD_IN 4233mW/4308mW VDD_CPU_GPU_CV 996mW/1035mW VDD_SOC 1397mW/1397mW
08-23-2026 04:37:46 RAM 3038/7620MB (lfb 4x4MB) SWAP 0/12002MB (cached 0MB) CPU [5%@1510,0%@1510,2%@1510,1%@1510,3%@1510,1%@1510] GR3D_FREQ 0% cpu@46.656C soc2@46.093C soc0@44.437C gpu@46.25C tj@46.656C soc1@44.625C VDD_IN 4273mW/4308mW VDD_CPU_GPU_CV 996mW/1034mW VDD_SOC 1397mW/1397mW
08-23-2026 04:37:47 RAM 3038/7620MB (lfb 4x4MB) SWAP 0/12002MB (cached 0MB) CPU [6%@1510,1%@1510,1%@1510,0%@1510,1%@1510,2%@1510] GR3D_FREQ 0% cpu@46.875C soc2@46.125C soc0@44.5C gpu@46.281C tj@46.875C soc1@44.406C VDD_IN 4273mW/4308mW VDD_CPU_GPU_CV 996mW/1034mW VDD_SOC 1397mW/1397mW
08-23-2026 04:37:48 RAM 3038/7620MB (lfb 4x4MB) SWAP 0/12002MB (cached 0MB) CPU [5%@1510,1%@1510,3%@1510,2%@1510,1%@1510,1%@1510] GR3D_FREQ 0% cpu@46.625C soc2@46.187C soc0@44.593C gpu@46.218C tj@46.625C soc1@44.437C VDD_IN 4273mW/4308mW VDD_CPU_GPU_CV 996mW/1034mW VDD_SOC 1397mW/1397mW
08-23-2026 04:37:49 RAM 3039/7620MB (lfb 4x4MB) SWAP 0/12002MB (cached 0MB) CPU [5%@1510,0%@1510,1%@1510,0%@1510,2%@1510,1%@1510] GR3D_FREQ 0% cpu@46.687C soc2@46.156C soc0@44.562C gpu@46.187C tj@46.687C soc1@44.468C VDD_IN 4273mW/4308mW VDD_CPU_GPU_CV 996mW/1034mW VDD_SOC 1397mW/1397mW
08-23-2026 04:37:50 RAM 3038/7620MB (lfb 4x4MB) SWAP 0/12002MB (cached 0MB) CPU [5%@1510,1%@1510,1%@1510,1%@1510,0%@1510,0%@1510] GR3D_FREQ 0% cpu@46.875C soc2@46.218C soc0@44.406C gpu@46.281C tj@46.875C soc1@44.5C VDD_IN 4273mW/4308mW VDD_CPU_GPU_CV 996mW/1034mW VDD_SOC 1397mW/1397mW
08-23-2026 04:37:51 RAM 3039/7620MB (lfb 4x4MB) SWAP 0/12002MB (cached 0MB) CPU [6%@1510,2%@1510,2%@1510,2%@1510,0%@1510,2%@1510] GR3D_FREQ 0% cpu@47.187C soc2@46.093C soc0@44.468C gpu@46.25C tj@47.187C soc1@44.562C VDD_IN 4273mW/4308mW VDD_CPU_GPU_CV 996mW/1034mW VDD_SOC 1397mW/1397mW
08-23-2026 04:37:52 RAM 3039/7620MB (lfb 4x4MB) SWAP 0/12002MB (cached 0MB) CPU [5%@1510,1%@1510,1%@1510,1%@1510,1%@1510,1%@1510] GR3D_FREQ 0% cpu@46.968C soc2@46.187C soc0@44.562C gpu@46.093C tj@46.968C soc1@44.375C VDD_IN 4273mW/4308mW VDD_CPU_GPU_CV 996mW/1034mW VDD_SOC 1397mW/1397mW
08-23-2026 04:37:53 RAM 3040/7620MB (lfb 4x4MB) SWAP 0/12002MB (cached 0MB) CPU [4%@1510,1%@1510,1%@1510,1%@1510,0%@1510,1%@1510] GR3D_FREQ 0% cpu@46.75C soc2@46.156C soc0@44.593C gpu@46.031C tj@46.75C soc1@44.531C VDD_IN 4233mW/4307mW VDD_CPU_GPU_CV 996mW/1034mW VDD_SOC 1397mW/1397mW
08-23-2026 04:37:54 RAM 3040/7620MB (lfb 4x4MB) SWAP 0/12002MB (cached 0MB) CPU [6%@1510,1%@1510,0%@1510,0%@1510,0%@1510,0%@1510] GR3D_FREQ 0% cpu@46.718C soc2@46.187C soc0@44.656C gpu@46.093C tj@46.718C soc1@44.437C VDD_IN 4233mW/4307mW VDD_CPU_GPU_CV 996mW/1034mW VDD_SOC 1397mW/1397mW
08-23-2026 04:37:55 RAM 3040/7620MB (lfb 4x4MB) SWAP 0/12002MB (cached 0MB) CPU [6%@1510,2%@1510,1%@1510,1%@1510,0%@1510,0%@1510] GR3D_FREQ 0% cpu@46.843C soc2@46.218C soc0@44.375C gpu@46.093C tj@46.843C soc1@44.5C VDD_IN 4233mW/4307mW VDD_CPU_GPU_CV 996mW/1034mW VDD_SOC 1397mW/1397mW
08-23-2026 04:37:56 RAM 3041/7620MB (lfb 4x4MB) SWAP 0/12002MB (cached 0MB) CPU [6%@1510,1%@1510,1%@1510,2%@1510,1%@1510,1%@1510] GR3D_FREQ 0% cpu@46.75C soc2@46.031C soc0@44.531C gpu@46.187C tj@47.093C soc1@44.5C VDD_IN 4273mW/4307mW VDD_CPU_GPU_CV 996mW/1034mW VDD_SOC 1397mW/1397mW
08-23-2026 04:37:57 RAM 3041/7620MB (lfb 4x4MB) SWAP 0/12002MB (cached 0MB) CPU [5%@1510,1%@1510,1%@1510,1%@1510,0%@1510,1%@1510] GR3D_FREQ 0% cpu@47.031C soc2@46.093C soc0@44.468C gpu@46.156C tj@47.031C soc1@44.625C VDD_IN 4233mW/4307mW VDD_CPU_GPU_CV 996mW/1034mW VDD_SOC 1397mW/1397mW
08-23-2026 04:37:58 RAM 3041/7620MB (lfb 4x4MB) SWAP 0/12002MB (cached 0MB) CPU [5%@1510,1%@1510,0%@1510,0%@1510,1%@1510,0%@1510] GR3D_FREQ 0% cpu@46.75C soc2@46.125C soc0@44.562C gpu@46.125C tj@46.75C soc1@44.406C VDD_IN 4233mW/4307mW VDD_CPU_GPU_CV 996mW/1034mW VDD_SOC 1397mW/1397mW
08-23-2026 04:37:59 RAM 3041/7620MB (lfb 4x4MB) SWAP 0/12002MB (cached 0MB) CPU [5%@1510,2%@1510,1%@1510,0%@1510,1%@1510,1%@1510] GR3D_FREQ 0% cpu@46.718C soc2@46.125C soc0@44.625C gpu@46.125C tj@46.718C soc1@44.468C VDD_IN 4273mW/4307mW VDD_CPU_GPU_CV 996mW/1034mW VDD_SOC 1397mW/1397mW
08-23-2026 04:38:00 RAM 3041/7620MB (lfb 4x4MB) SWAP 0/12002MB (cached 0MB) CPU [6%@1510,1%@1510,0%@1510,0%@1510,0%@1510,0%@1510] GR3D_FREQ 0% cpu@46.812C soc2@46.218C soc0@44.5C gpu@46.375C tj@46.812C soc1@44.593C VDD_IN 4233mW/4307mW VDD_CPU_GPU_CV 996mW/1033mW VDD_SOC 1397mW/1397mW
08-23-2026 04:38:01 RAM 3041/7620MB (lfb 4x4MB) SWAP 0/12002MB (cached 0MB) CPU [6%@1510,2%@1510,1%@1510,3%@1510,0%@1510,2%@1510] GR3D_FREQ 0% cpu@46.656C soc2@46.093C soc0@44.531C gpu@46.468C tj@46.656C soc1@44.656C VDD_IN 4273mW/4306mW VDD_CPU_GPU_CV 996mW/1033mW VDD_SOC 1397mW/1397mW
08-23-2026 04:38:02 RAM 3041/7620MB (lfb 4x4MB) SWAP 0/12002MB (cached 0MB) CPU [4%@1510,1%@1510,1%@1510,1%@1510,2%@1510,2%@1510] GR3D_FREQ 0% cpu@47C soc2@46.218C soc0@44.468C gpu@46.437C tj@47C soc1@44.593C VDD_IN 4233mW/4306mW VDD_CPU_GPU_CV 996mW/1033mW VDD_SOC 1397mW/1397mW
08-23-2026 04:38:03 RAM 3041/7620MB (lfb 4x4MB) SWAP 0/12002MB (cached 0MB) CPU [4%@1510,2%@1510,3%@1510,1%@1510,1%@1510,2%@1510] GR3D_FREQ 0% cpu@46.812C soc2@46.125C soc0@44.562C gpu@46.531C tj@46.812C soc1@44.406C VDD_IN 4273mW/4306mW VDD_CPU_GPU_CV 996mW/1033mW VDD_SOC 1397mW/1397mW
08-23-2026 04:38:04 RAM 3041/7620MB (lfb 4x4MB) SWAP 0/12002MB (cached 0MB) CPU [5%@1510,1%@1510,1%@1510,3%@1510,1%@1510,2%@1510] GR3D_FREQ 0% cpu@46.718C soc2@46.218C soc0@44.656C gpu@46.531C tj@46.718C soc1@44.406C VDD_IN 4273mW/4306mW VDD_CPU_GPU_CV 996mW/1033mW VDD_SOC 1397mW/1397mW
08-23-2026 04:38:05 RAM 3041/7620MB (lfb 4x4MB) SWAP 0/12002MB (cached 0MB) CPU [4%@1510,0%@1510,0%@1510,0%@1510,1%@1510,1%@1510] GR3D_FREQ 0% cpu@46.812C soc2@46.25C soc0@44.437C gpu@46.562C tj@46.812C soc1@44.437C VDD_IN 4233mW/4306mW VDD_CPU_GPU_CV 996mW/1033mW VDD_SOC 1397mW/1397mW
08-23-2026 04:38:06 RAM 3041/7620MB (lfb 4x4MB) SWAP 0/12002MB (cached 0MB) CPU [5%@1510,1%@1510,1%@1510,1%@1510,1%@1510,4%@1510] GR3D_FREQ 0% cpu@46.75C soc2@46.187C soc0@44.468C gpu@46.031C tj@46.75C soc1@44.656C VDD_IN 4273mW/4306mW VDD_CPU_GPU_CV 996mW/1033mW VDD_SOC 1397mW/1397mW
08-23-2026 04:38:07 RAM 3041/7620MB (lfb 4x4MB) SWAP 0/12002MB (cached 0MB) CPU [5%@1510,0%@1510,1%@1510,1%@1510,2%@1510,0%@1510] GR3D_FREQ 0% cpu@46.875C soc2@46.125C soc0@44.5C gpu@46.25C tj@46.875C soc1@44.625C VDD_IN 4233mW/4306mW VDD_CPU_GPU_CV 996mW/1033mW VDD_SOC 1397mW/1397mW
08-23-2026 04:38:08 RAM 3041/7620MB (lfb 4x4MB) SWAP 0/12002MB (cached 0MB) CPU [3%@1510,1%@1510,3%@1510,2%@1510,2%@1510,0%@1510] GR3D_FREQ 0% cpu@46.656C soc2@46.093C soc0@44.468C gpu@46.312C tj@46.656C soc1@44.375C VDD_IN 4273mW/4306mW VDD_CPU_GPU_CV 996mW/1033mW VDD_SOC 1397mW/1397mW
08-23-2026 04:38:09 RAM 3039/7620MB (lfb 4x4MB) SWAP 0/12002MB (cached 0MB) CPU [5%@1510,1%@1510,1%@1510,1%@1510,0%@1510,3%@1510] GR3D_FREQ 0% cpu@46.906C soc2@46.218C soc0@44.562C gpu@46.25C tj@46.687C soc1@44.468C VDD_IN 4233mW/4306mW VDD_CPU_GPU_CV 996mW/1033mW VDD_SOC 1397mW/1397mW
08-23-2026 04:38:10 RAM 3039/7620MB (lfb 4x4MB) SWAP 0/12002MB (cached 0MB) CPU [5%@1510,1%@1510,1%@1510,1%@1510,1%@1510,0%@1510] GR3D_FREQ 0% cpu@46.718C soc2@46.187C soc0@44.531C gpu@46.25C tj@46.812C soc1@44.375C VDD_IN 4313mW/4306mW VDD_CPU_GPU_CV 1036mW/1033mW VDD_SOC 1397mW/1397mW
08-23-2026 04:38:11 RAM 3039/7620MB (lfb 4x4MB) SWAP 0/12002MB (cached 0MB) CPU [4%@1510,2%@1510,1%@1510,0%@1510,2%@1510,2%@1510] GR3D_FREQ 0% cpu@46.656C soc2@46.25C soc0@44.437C gpu@46.218C tj@46.656C soc1@44.468C VDD_IN 4233mW/4305mW VDD_CPU_GPU_CV 996mW/1033mW VDD_SOC 1397mW/1397mW
08-23-2026 04:38:12 RAM 3038/7620MB (lfb 4x4MB) SWAP 0/12002MB (cached 0MB) CPU [3%@1510,1%@1510,1%@1510,1%@1510,1%@1510,0%@1510] GR3D_FREQ 0% cpu@46.781C soc2@46.062C soc0@44.375C gpu@46.25C tj@46.781C soc1@44.5C VDD_IN 4233mW/4305mW VDD_CPU_GPU_CV 996mW/1033mW VDD_SOC 1397mW/1397mW
08-23-2026 04:38:13 RAM 3038/7620MB (lfb 4x4MB) SWAP 0/12002MB (cached 0MB) CPU [5%@1510,1%@1510,0%@1510,1%@1510,1%@1510,0%@1510] GR3D_FREQ 0% cpu@46.593C soc2@46C soc0@44.406C gpu@46.281C tj@46.593C soc1@44.531C VDD_IN 4233mW/4305mW VDD_CPU_GPU_CV 996mW/1033mW VDD_SOC 1397mW/1397mW
08-23-2026 04:38:14 RAM 3039/7620MB (lfb 4x4MB) SWAP 0/12002MB (cached 0MB) CPU [3%@1510,1%@1510,0%@1510,1%@1510,0%@1510,1%@1510] GR3D_FREQ 0% cpu@46.781C soc2@46.062C soc0@44.468C gpu@46.281C tj@46.656C soc1@44.25C VDD_IN 4233mW/4305mW VDD_CPU_GPU_CV 996mW/1033mW VDD_SOC 1397mW/1397mW
08-23-2026 04:38:15 RAM 3039/7620MB (lfb 4x4MB) SWAP 0/12002MB (cached 0MB) CPU [4%@1510,2%@1510,1%@1510,4%@1510,1%@1510,1%@1510] GR3D_FREQ 0% cpu@46.562C soc2@46.125C soc0@44.406C gpu@45.875C tj@46.75C soc1@44.312C VDD_IN 4313mW/4305mW VDD_CPU_GPU_CV 1036mW/1033mW VDD_SOC 1397mW/1397mW
08-23-2026 04:38:16 RAM 3038/7620MB (lfb 4x4MB) SWAP 0/12002MB (cached 0MB) CPU [4%@1510,1%@1510,0%@1510,1%@1510,0%@1510,0%@1510] GR3D_FREQ 0% cpu@46.625C soc2@46.093C soc0@44.375C gpu@45.937C tj@46.625C soc1@44.406C VDD_IN 4273mW/4305mW VDD_CPU_GPU_CV 996mW/1032mW VDD_SOC 1397mW/1397mW
08-23-2026 04:38:17 RAM 3038/7620MB (lfb 4x4MB) SWAP 0/12002MB (cached 0MB) CPU [3%@1510,2%@1510,2%@1510,1%@1510,0%@1510,1%@1510] GR3D_FREQ 0% cpu@46.718C soc2@46C soc0@44.406C gpu@45.968C tj@46.718C soc1@44.437C VDD_IN 4233mW/4305mW VDD_CPU_GPU_CV 996mW/1032mW VDD_SOC 1397mW/1397mW
08-23-2026 04:38:18 RAM 3038/7620MB (lfb 4x4MB) SWAP 0/12002MB (cached 0MB) CPU [4%@1510,1%@1510,1%@1510,1%@1510,1%@1510,3%@1510] GR3D_FREQ 0% cpu@46.593C soc2@45.968C soc0@44.375C gpu@46C tj@46.593C soc1@44.593C VDD_IN 4233mW/4305mW VDD_CPU_GPU_CV 996mW/1032mW VDD_SOC 1397mW/1397mW
08-23-2026 04:38:19 RAM 3036/7620MB (lfb 4x4MB) SWAP 0/12002MB (cached 0MB) CPU [5%@1510,2%@1510,2%@1510,2%@1510,1%@1510,2%@1510] GR3D_FREQ 0% cpu@46.75C soc2@46C soc0@44.375C gpu@45.968C tj@46.75C soc1@44.218C VDD_IN 4273mW/4305mW VDD_CPU_GPU_CV 1036mW/1032mW VDD_SOC 1397mW/1397mW
08-23-2026 04:38:20 RAM 3037/7620MB (lfb 4x4MB) SWAP 0/12002MB (cached 0MB) CPU [4%@1510,2%@1510,0%@1510,4%@1510,1%@1510,1%@1510] GR3D_FREQ 0% cpu@46.468C soc2@45.968C soc0@44.437C gpu@45.968C tj@46.468C soc1@44.218C VDD_IN 4313mW/4305mW VDD_CPU_GPU_CV 1036mW/1032mW VDD_SOC 1397mW/1397mW
08-23-2026 04:38:21 RAM 3037/7620MB (lfb 4x4MB) SWAP 0/12002MB (cached 0MB) CPU [6%@1510,1%@1510,1%@1510,1%@1510,1%@1510,0%@1510] GR3D_FREQ 0% cpu@46.625C soc2@46C soc0@44.25C gpu@45.875C tj@46.625C soc1@44.312C VDD_IN 4313mW/4305mW VDD_CPU_GPU_CV 1036mW/1032mW VDD_SOC 1397mW/1397mW
08-23-2026 04:38:22 RAM 3038/7620MB (lfb 4x4MB) SWAP 0/12002MB (cached 0MB) CPU [4%@1510,2%@1510,1%@1510,0%@1510,0%@1510,3%@1510] GR3D_FREQ 0% cpu@46.687C soc2@45.906C soc0@44.281C gpu@46.218C tj@46.687C soc1@44.437C VDD_IN 4313mW/4305mW VDD_CPU_GPU_CV 1036mW/1032mW VDD_SOC 1397mW/1397mW
08-23-2026 04:38:23 RAM 3037/7620MB (lfb 4x4MB) SWAP 0/12002MB (cached 0MB) CPU [4%@1510,1%@1510,2%@1510,0%@1510,1%@1510,1%@1510] GR3D_FREQ 0% cpu@46.468C soc2@45.937C soc0@44.343C gpu@46.218C tj@46.468C soc1@44.5C VDD_IN 4273mW/4305mW VDD_CPU_GPU_CV 996mW/1032mW VDD_SOC 1397mW/1397mW
08-23-2026 04:38:24 RAM 3037/7620MB (lfb 4x4MB) SWAP 0/12002MB (cached 0MB) CPU [5%@1510,1%@1510,1%@1510,3%@1510,2%@1510,1%@1510] GR3D_FREQ 0% cpu@46.687C soc2@45.875C soc0@44.375C gpu@46.281C tj@46.531C soc1@44.218C VDD_IN 4273mW/4305mW VDD_CPU_GPU_CV 996mW/1032mW VDD_SOC 1397mW/1397mW
08-23-2026 04:38:25 RAM 3036/7620MB (lfb 4x4MB) SWAP 0/12002MB (cached 0MB) CPU [4%@1510,0%@1510,1%@1510,0%@1510,2%@1510,1%@1510] GR3D_FREQ 0% cpu@46.531C soc2@46C soc0@44.437C gpu@46.25C tj@46.656C soc1@44.25C VDD_IN 4313mW/4305mW VDD_CPU_GPU_CV 1036mW/1032mW VDD_SOC 1397mW/1397mW
08-23-2026 04:38:26 RAM 3037/7620MB (lfb 4x4MB) SWAP 0/12002MB (cached 0MB) CPU [4%@1510,1%@1510,0%@1510,1%@1510,2%@1510,1%@1510] GR3D_FREQ 0% cpu@46.531C soc2@45.937C soc0@44.25C gpu@46.312C tj@46.531C soc1@44.343C VDD_IN 4273mW/4305mW VDD_CPU_GPU_CV 1036mW/1032mW VDD_SOC 1397mW/1397mW
08-23-2026 04:38:27 RAM 3036/7620MB (lfb 4x4MB) SWAP 0/12002MB (cached 0MB) CPU [5%@1510,1%@1510,3%@1510,0%@1510,2%@1510,2%@1510] GR3D_FREQ 0% cpu@46.906C soc2@45.906C soc0@44.218C gpu@46.375C tj@46.906C soc1@44.312C VDD_IN 4353mW/4305mW VDD_CPU_GPU_CV 1036mW/1032mW VDD_SOC 1397mW/1397mW
08-23-2026 04:38:28 RAM 3037/7620MB (lfb 4x4MB) SWAP 0/12002MB (cached 0MB) CPU [5%@1510,1%@1510,0%@1510,0%@1510,1%@1510,1%@1510] GR3D_FREQ 0% cpu@46.531C soc2@45.937C soc0@44.281C gpu@46.375C tj@46.531C soc1@44.375C VDD_IN 4273mW/4305mW VDD_CPU_GPU_CV 996mW/1032mW VDD_SOC 1397mW/1397mW
08-23-2026 04:38:29 RAM 3039/7620MB (lfb 4x4MB) SWAP 0/12002MB (cached 0MB) CPU [5%@1510,0%@1510,0%@1510,0%@1510,1%@1510,2%@1510] GR3D_FREQ 0% cpu@46.687C soc2@46C soc0@44.281C gpu@45.968C tj@46.687C soc1@44.218C VDD_IN 4273mW/4305mW VDD_CPU_GPU_CV 996mW/1032mW VDD_SOC 1397mW/1397mW
08-23-2026 04:38:30 RAM 3040/7620MB (lfb 4x4MB) SWAP 0/12002MB (cached 0MB) CPU [5%@1510,0%@1510,1%@1510,1%@1510,3%@1510,1%@1510] GR3D_FREQ 0% cpu@46.531C soc2@45.968C soc0@44.406C gpu@46.031C tj@46.531C soc1@44.281C VDD_IN 4313mW/4305mW VDD_CPU_GPU_CV 1036mW/1032mW VDD_SOC 1397mW/1397mW
08-23-2026 04:38:31 RAM 3039/7620MB (lfb 4x4MB) SWAP 0/12002MB (cached 0MB) CPU [5%@1510,1%@1510,1%@1510,0%@1510,1%@1510,3%@1510] GR3D_FREQ 0% cpu@46.562C soc2@46C soc0@44.281C gpu@45.968C tj@46.562C soc1@44.312C VDD_IN 4313mW/4305mW VDD_CPU_GPU_CV 1036mW/1032mW VDD_SOC 1397mW/1397mW
08-23-2026 04:38:32 RAM 3040/7620MB (lfb 4x4MB) SWAP 0/12002MB (cached 0MB) CPU [4%@1510,1%@1510,2%@1510,1%@1510,2%@1510,2%@1510] GR3D_FREQ 0% cpu@46.718C soc2@45.937C soc0@44.281C gpu@46.062C tj@46.718C soc1@44.375C VDD_IN 4353mW/4305mW VDD_CPU_GPU_CV 1076mW/1032mW VDD_SOC 1397mW/1397mW
08-23-2026 04:38:33 RAM 3040/7620MB (lfb 4x4MB) SWAP 0/12002MB (cached 0MB) CPU [5%@1510,1%@1510,1%@1510,0%@1510,1%@1510,1%@1510] GR3D_FREQ 0% cpu@46.562C soc2@45.906C soc0@44.375C gpu@46C tj@46.562C soc1@44.375C VDD_IN 4313mW/4305mW VDD_CPU_GPU_CV 1036mW/1032mW VDD_SOC 1397mW/1397mW
08-23-2026 04:38:34 RAM 3040/7620MB (lfb 4x4MB) SWAP 0/12002MB (cached 0MB) CPU [6%@1510,1%@1510,0%@1510,1%@1510,1%@1510,1%@1510] GR3D_FREQ 0% cpu@46.75C soc2@46.031C soc0@44.375C gpu@46.093C tj@46.75C soc1@44.375C VDD_IN 4233mW/4305mW VDD_CPU_GPU_CV 996mW/1032mW VDD_SOC 1397mW/1397mW
08-23-2026 04:38:35 RAM 3040/7620MB (lfb 4x4MB) SWAP 0/12002MB (cached 0MB) CPU [5%@1510,1%@1510,1%@1510,1%@1510,1%@1510,4%@1510] GR3D_FREQ 0% cpu@46.531C soc2@46C soc0@44.406C gpu@45.937C tj@46.531C soc1@44.343C VDD_IN 4313mW/4305mW VDD_CPU_GPU_CV 1036mW/1032mW VDD_SOC 1397mW/1397mW
08-23-2026 04:38:36 RAM 3040/7620MB (lfb 4x4MB) SWAP 0/12002MB (cached 0MB) CPU [5%@1510,0%@1510,0%@1510,0%@1510,0%@1510,2%@1510] GR3D_FREQ 0% cpu@46.625C soc2@45.968C soc0@44.281C gpu@45.875C tj@46.625C soc1@44.343C VDD_IN 4273mW/4305mW VDD_CPU_GPU_CV 996mW/1032mW VDD_SOC 1397mW/1397mW
08-23-2026 04:38:37 RAM 3040/7620MB (lfb 4x4MB) SWAP 0/12002MB (cached 0MB) CPU [6%@1510,2%@1510,0%@1510,0%@1510,1%@1510,2%@1510] GR3D_FREQ 0% cpu@46.656C soc2@46.062C soc0@44.25C gpu@45.906C tj@46.656C soc1@44.375C VDD_IN 4273mW/4304mW VDD_CPU_GPU_CV 996mW/1032mW VDD_SOC 1397mW/1397mW
08-23-2026 04:38:38 RAM 3040/7620MB (lfb 4x4MB) SWAP 0/12002MB (cached 0MB) CPU [4%@1510,3%@1510,2%@1510,1%@1510,1%@1510,2%@1510] GR3D_FREQ 0% cpu@46.531C soc2@45.968C soc0@44.312C gpu@45.875C tj@46.531C soc1@44.406C VDD_IN 4273mW/4304mW VDD_CPU_GPU_CV 996mW/1032mW VDD_SOC 1397mW/1397mW
08-23-2026 04:38:39 RAM 3040/7620MB (lfb 4x4MB) SWAP 0/12002MB (cached 0MB) CPU [6%@1510,1%@1510,0%@1510,0%@1510,0%@1510,0%@1510] GR3D_FREQ 0% cpu@46.75C soc2@45.937C soc0@44.375C gpu@45.968C tj@46.75C soc1@44.218C VDD_IN 4233mW/4304mW VDD_CPU_GPU_CV 996mW/1032mW VDD_SOC 1397mW/1397mW
08-23-2026 04:38:40 RAM 3040/7620MB (lfb 4x4MB) SWAP 0/12002MB (cached 0MB) CPU [5%@1510,1%@1510,2%@1510,1%@1510,0%@1510,3%@1510] GR3D_FREQ 0% cpu@46.468C soc2@46.031C soc0@44.375C gpu@45.875C tj@46.468C soc1@44.343C VDD_IN 4313mW/4304mW VDD_CPU_GPU_CV 1036mW/1032mW VDD_SOC 1397mW/1397mW
08-23-2026 04:38:41 RAM 3040/7620MB (lfb 4x4MB) SWAP 0/12002MB (cached 0MB) CPU [4%@1510,1%@1510,2%@1510,1%@1510,1%@1510,2%@1510] GR3D_FREQ 0% cpu@46.593C soc2@46C soc0@44.25C gpu@45.937C tj@46.593C soc1@44.281C VDD_IN 4273mW/4304mW VDD_CPU_GPU_CV 996mW/1032mW VDD_SOC 1397mW/1397mW
08-23-2026 04:38:42 RAM 3040/7620MB (lfb 4x4MB) SWAP 0/12002MB (cached 0MB) CPU [5%@1510,1%@1510,1%@1510,1%@1510,0%@1510,1%@1510] GR3D_FREQ 0% cpu@46.718C soc2@46C soc0@44.343C gpu@46.218C tj@46.718C soc1@44.406C VDD_IN 4273mW/4304mW VDD_CPU_GPU_CV 996mW/1032mW VDD_SOC 1397mW/1397mW
08-23-2026 04:38:43 RAM 3040/7620MB (lfb 4x4MB) SWAP 0/12002MB (cached 0MB) CPU [3%@1510,0%@1510,1%@1510,0%@1510,1%@1510,2%@1510] GR3D_FREQ 0% cpu@46.5C soc2@45.937C soc0@44.406C gpu@46.125C tj@46.5C soc1@44.437C VDD_IN 4240mW/4304mW VDD_CPU_GPU_CV 996mW/1032mW VDD_SOC 1397mW/1397mW
08-23-2026 04:38:44 RAM 3041/7620MB (lfb 4x4MB) SWAP 0/12002MB (cached 0MB) CPU [5%@1510,2%@1510,1%@1510,1%@1510,0%@1510,0%@1510] GR3D_FREQ 0% cpu@46.75C soc2@46C soc0@44.343C gpu@46.25C tj@46.75C soc1@44.312C VDD_IN 4240mW/4304mW VDD_CPU_GPU_CV 996mW/1032mW VDD_SOC 1397mW/1397mW
08-23-2026 04:38:45 RAM 3040/7620MB (lfb 4x4MB) SWAP 0/12002MB (cached 0MB) CPU [4%@1510,3%@1510,1%@1510,0%@1510,2%@1510,3%@1510] GR3D_FREQ 0% cpu@46.531C soc2@46C soc0@44.406C gpu@46.343C tj@46.531C soc1@44.343C VDD_IN 4313mW/4304mW VDD_CPU_GPU_CV 1036mW/1032mW VDD_SOC 1397mW/1397mW
08-23-2026 04:38:46 RAM 3040/7620MB (lfb 4x4MB) SWAP 0/12002MB (cached 0MB) CPU [6%@1510,1%@1510,3%@1510,1%@1510,0%@1510,1%@1510] GR3D_FREQ 0% cpu@46.562C soc2@46.031C soc0@44.343C gpu@46.312C tj@46.562C soc1@44.375C VDD_IN 4273mW/4304mW VDD_CPU_GPU_CV 1036mW/1032mW VDD_SOC 1397mW/1397mW
08-23-2026 04:38:47 RAM 3039/7620MB (lfb 4x4MB) SWAP 0/12002MB (cached 0MB) CPU [5%@1510,1%@1510,0%@1510,3%@1510,1%@1510,1%@1510] GR3D_FREQ 0% cpu@46.687C soc2@46.062C soc0@44.281C gpu@46.343C tj@46.687C soc1@44.375C VDD_IN 4313mW/4304mW VDD_CPU_GPU_CV 1036mW/1032mW VDD_SOC 1397mW/1397mW
08-23-2026 04:38:48 RAM 3040/7620MB (lfb 4x4MB) SWAP 0/12002MB (cached 0MB) CPU [4%@1510,2%@1510,2%@1510,1%@1510,0%@1510,2%@1510] GR3D_FREQ 0% cpu@46.968C soc2@45.968C soc0@44.312C gpu@46.281C tj@46.968C soc1@44.468C VDD_IN 4273mW/4304mW VDD_CPU_GPU_CV 1036mW/1032mW VDD_SOC 1397mW/1397mW
08-23-2026 04:38:49 RAM 3040/7620MB (lfb 4x4MB) SWAP 0/12002MB (cached 0MB) CPU [4%@1510,1%@1510,1%@1510,0%@1510,1%@1510,0%@1510] GR3D_FREQ 0% cpu@46.718C soc2@45.968C soc0@44.375C gpu@46.375C tj@46.687C soc1@44.312C VDD_IN 4233mW/4304mW VDD_CPU_GPU_CV 996mW/1032mW VDD_SOC 1397mW/1397mW
08-23-2026 04:38:50 RAM 3040/7620MB (lfb 4x4MB) SWAP 0/12002MB (cached 0MB) CPU [5%@1510,2%@1510,1%@1510,3%@1510,2%@1510,1%@1510] GR3D_FREQ 0% cpu@46.531C soc2@46C soc0@44.406C gpu@45.968C tj@46.531C soc1@44.281C VDD_IN 4273mW/4304mW VDD_CPU_GPU_CV 1036mW/1032mW VDD_SOC 1397mW/1397mW
08-23-2026 04:38:51 RAM 3039/7620MB (lfb 4x4MB) SWAP 0/12002MB (cached 0MB) CPU [4%@1510,2%@1510,1%@1510,1%@1510,1%@1510,1%@1510] GR3D_FREQ 0% cpu@46.562C soc2@46.031C soc0@44.406C gpu@46.031C tj@46.562C soc1@44.312C VDD_IN 4273mW/4304mW VDD_CPU_GPU_CV 996mW/1032mW VDD_SOC 1397mW/1397mW
08-23-2026 04:38:52 RAM 3039/7620MB (lfb 4x4MB) SWAP 0/12002MB (cached 0MB) CPU [5%@1510,0%@1510,2%@1510,0%@1510,1%@1510,0%@1510] GR3D_FREQ 0% cpu@46.718C soc2@46.093C soc0@44.375C gpu@46.031C tj@46.718C soc1@44.375C VDD_IN 4233mW/4303mW VDD_CPU_GPU_CV 996mW/1031mW VDD_SOC 1397mW/1397mW
08-23-2026 04:38:53 RAM 3039/7620MB (lfb 4x4MB) SWAP 0/12002MB (cached 0MB) CPU [4%@1510,0%@1510,1%@1510,1%@1510,0%@1510,1%@1510] GR3D_FREQ 0% cpu@46.937C soc2@46C soc0@44.375C gpu@46.125C tj@46.937C soc1@44.5C VDD_IN 4240mW/4303mW VDD_CPU_GPU_CV 996mW/1031mW VDD_SOC 1397mW/1397mW
08-23-2026 04:38:54 RAM 3039/7620MB (lfb 4x4MB) SWAP 0/12002MB (cached 0MB) CPU [5%@1510,0%@1510,1%@1510,0%@1510,1%@1510,0%@1510] GR3D_FREQ 0% cpu@46.718C soc2@45.906C soc0@44.375C gpu@46.125C tj@46.718C soc1@44.218C VDD_IN 4233mW/4303mW VDD_CPU_GPU_CV 996mW/1031mW VDD_SOC 1397mW/1397mW
08-23-2026 04:38:55 RAM 3039/7620MB (lfb 4x4MB) SWAP 0/12002MB (cached 0MB) CPU [5%@1510,0%@1510,1%@1510,3%@1510,0%@1510,1%@1510] GR3D_FREQ 0% cpu@46.562C soc2@46.062C soc0@44.375C gpu@46.093C tj@46.562C soc1@44.25C VDD_IN 4273mW/4303mW VDD_CPU_GPU_CV 1036mW/1031mW VDD_SOC 1397mW/1397mW
08-23-2026 04:38:56 RAM 3038/7620MB (lfb 4x4MB) SWAP 0/12002MB (cached 0MB) CPU [3%@1510,0%@1510,2%@1510,1%@1510,1%@1510,3%@1510] GR3D_FREQ 0% cpu@46.625C soc2@46.031C soc0@44.468C gpu@46.156C tj@46.625C soc1@44.375C VDD_IN 4273mW/4303mW VDD_CPU_GPU_CV 996mW/1031mW VDD_SOC 1397mW/1397mW
08-23-2026 04:38:57 RAM 3038/7620MB (lfb 4x4MB) SWAP 0/12002MB (cached 0MB) CPU [4%@1510,1%@1510,1%@1510,0%@1510,0%@1510,0%@1510] GR3D_FREQ 0% cpu@46.687C soc2@46.125C soc0@44.343C gpu@46.187C tj@46.687C soc1@44.343C VDD_IN 4233mW/4303mW VDD_CPU_GPU_CV 996mW/1031mW VDD_SOC 1397mW/1397mW
08-23-2026 04:38:58 RAM 3038/7620MB (lfb 4x4MB) SWAP 0/12002MB (cached 0MB) CPU [4%@1510,0%@1510,1%@1510,0%@1510,0%@1510,1%@1510] GR3D_FREQ 0% cpu@46.937C soc2@45.968C soc0@44.312C gpu@45.906C tj@46.937C soc1@44.5C VDD_IN 4233mW/4303mW VDD_CPU_GPU_CV 996mW/1031mW VDD_SOC 1397mW/1397mW
08-23-2026 04:38:59 RAM 3038/7620MB (lfb 4x4MB) SWAP 0/12002MB (cached 0MB) CPU [5%@1510,1%@1510,1%@1510,1%@1510,0%@1510,1%@1510] GR3D_FREQ 0% cpu@46.718C soc2@46C soc0@44.437C gpu@46C tj@46.718C soc1@44.281C VDD_IN 4233mW/4303mW VDD_CPU_GPU_CV 996mW/1031mW VDD_SOC 1397mW/1397mW
08-23-2026 04:39:00 RAM 3038/7620MB (lfb 4x4MB) SWAP 0/12002MB (cached 0MB) CPU [3%@1510,0%@1510,1%@1510,2%@1510,0%@1510,2%@1510] GR3D_FREQ 0% cpu@46.5C soc2@46.062C soc0@44.5C gpu@46.031C tj@46.5C soc1@44.343C VDD_IN 4273mW/4303mW VDD_CPU_GPU_CV 1036mW/1031mW VDD_SOC 1397mW/1397mW
08-23-2026 04:39:02 RAM 3038/7620MB (lfb 4x4MB) SWAP 0/12002MB (cached 0MB) CPU [5%@1510,0%@1510,1%@1510,1%@1510,0%@1510,2%@1510] GR3D_FREQ 0% cpu@46.593C soc2@46.062C soc0@44.437C gpu@46C tj@46.593C soc1@44.375C VDD_IN 4273mW/4303mW VDD_CPU_GPU_CV 996mW/1031mW VDD_SOC 1397mW/1397mW
08-23-2026 04:39:03 RAM 3039/7620MB (lfb 4x4MB) SWAP 0/12002MB (cached 0MB) CPU [3%@1510,0%@1510,2%@1510,2%@1510,2%@1510,1%@1510] GR3D_FREQ 0% cpu@46.687C soc2@46.125C soc0@44.343C gpu@46C tj@46.687C soc1@44.375C VDD_IN 4313mW/4303mW VDD_CPU_GPU_CV 1036mW/1031mW VDD_SOC 1397mW/1397mW
08-23-2026 04:39:04 RAM 3038/7620MB (lfb 4x4MB) SWAP 0/12002MB (cached 0MB) CPU [3%@1510,1%@1510,2%@1510,2%@1510,0%@1510,1%@1510] GR3D_FREQ 0% cpu@47C soc2@46.031C soc0@44.375C gpu@46.031C tj@47C soc1@44.468C VDD_IN 4273mW/4303mW VDD_CPU_GPU_CV 996mW/1031mW VDD_SOC 1397mW/1397mW
08-23-2026 04:39:05 RAM 3038/7620MB (lfb 4x4MB) SWAP 0/12002MB (cached 0MB) CPU [5%@1510,0%@1510,1%@1510,0%@1510,1%@1510,1%@1510] GR3D_FREQ 0% cpu@46.75C soc2@46.062C soc0@44.343C gpu@46.125C tj@46.75C soc1@44.343C VDD_IN 4233mW/4303mW VDD_CPU_GPU_CV 996mW/1031mW VDD_SOC 1397mW/1397mW
08-23-2026 04:39:06 RAM 3039/7620MB (lfb 4x4MB) SWAP 0/12002MB (cached 0MB) CPU [4%@1510,1%@1510,2%@1510,1%@1510,0%@1510,3%@1510] GR3D_FREQ 0% cpu@46.625C soc2@46C soc0@44.406C gpu@46.281C tj@46.625C soc1@44.281C VDD_IN 4273mW/4302mW VDD_CPU_GPU_CV 1036mW/1031mW VDD_SOC 1397mW/1397mW
08-23-2026 04:39:07 RAM 3038/7620MB (lfb 4x4MB) SWAP 0/12002MB (cached 0MB) CPU [3%@1510,0%@1510,2%@1510,0%@1510,0%@1510,2%@1510] GR3D_FREQ 0% cpu@46.687C soc2@46.031C soc0@44.468C gpu@46.281C tj@46.687C soc1@44.375C VDD_IN 4273mW/4302mW VDD_CPU_GPU_CV 996mW/1031mW VDD_SOC 1397mW/1397mW
08-23-2026 04:39:08 RAM 3038/7620MB (lfb 4x4MB) SWAP 0/12002MB (cached 0MB) CPU [4%@1510,0%@1510,1%@1510,1%@1510,0%@1510,1%@1510] GR3D_FREQ 0% cpu@46.687C soc2@45.968C soc0@44.375C gpu@46.281C tj@46.687C soc1@44.437C VDD_IN 4233mW/4302mW VDD_CPU_GPU_CV 996mW/1031mW VDD_SOC 1397mW/1397mW
08-23-2026 04:39:09 RAM 3038/7620MB (lfb 4x4MB) SWAP 0/12002MB (cached 0MB) CPU [2%@1510,0%@1510,1%@1510,1%@1510,0%@1510,0%@1510] GR3D_FREQ 0% cpu@46.968C soc2@45.968C soc0@44.343C gpu@46.312C tj@46.968C soc1@44.437C VDD_IN 4233mW/4302mW VDD_CPU_GPU_CV 996mW/1031mW VDD_SOC 1397mW/1397mW
08-23-2026 04:39:10 RAM 3039/7620MB (lfb 4x4MB) SWAP 0/12002MB (cached 0MB) CPU [4%@1510,0%@1510,1%@1510,1%@1510,0%@1510,2%@1510] GR3D_FREQ 0% cpu@46.75C soc2@46.062C soc0@44.375C gpu@46.375C tj@46.75C soc1@44.312C VDD_IN 4233mW/4302mW VDD_CPU_GPU_CV 996mW/1031mW VDD_SOC 1397mW/1397mW
08-23-2026 04:39:11 RAM 3039/7620MB (lfb 4x4MB) SWAP 0/12002MB (cached 0MB) CPU [6%@1510,1%@1510,4%@1510,1%@1510,1%@1510,2%@1510] GR3D_FREQ 0% cpu@46.625C soc2@45.968C soc0@44.406C gpu@46.375C tj@46.625C soc1@44.343C VDD_IN 4313mW/4302mW VDD_CPU_GPU_CV 1036mW/1031mW VDD_SOC 1397mW/1397mW
08-23-2026 04:39:12 RAM 3038/7620MB (lfb 4x4MB) SWAP 0/12002MB (cached 0MB) CPU [4%@1510,1%@1510,1%@1510,1%@1510,1%@1510,2%@1510] GR3D_FREQ 0% cpu@46.687C soc2@45.968C soc0@44.5C gpu@46.406C tj@46.687C soc1@44.312C VDD_IN 4273mW/4302mW VDD_CPU_GPU_CV 996mW/1031mW VDD_SOC 1397mW/1397mW
08-23-2026 04:39:13 RAM 3038/7620MB (lfb 4x4MB) SWAP 0/12002MB (cached 0MB) CPU [3%@1510,0%@1510,1%@1510,1%@1510,0%@1510,1%@1510] GR3D_FREQ 0% cpu@46.718C soc2@46.093C soc0@44.218C gpu@46.125C tj@46.718C soc1@44.375C VDD_IN 4233mW/4302mW VDD_CPU_GPU_CV 996mW/1031mW VDD_SOC 1397mW/1397mW
08-23-2026 04:39:14 RAM 3038/7620MB (lfb 4x4MB) SWAP 0/12002MB (cached 0MB) CPU [4%@1510,1%@1510,1%@1510,0%@1510,0%@1510,1%@1510] GR3D_FREQ 0% cpu@46.906C soc2@45.906C soc0@44.343C gpu@46.062C tj@46.906C soc1@44.375C VDD_IN 4233mW/4302mW VDD_CPU_GPU_CV 996mW/1031mW VDD_SOC 1397mW/1397mW
08-23-2026 04:39:15 RAM 3038/7620MB (lfb 4x4MB) SWAP 0/12002MB (cached 0MB) CPU [4%@1510,0%@1510,1%@1510,1%@1510,0%@1510,1%@1510] GR3D_FREQ 0% cpu@46.687C soc2@45.968C soc0@44.375C gpu@46.125C tj@46.687C soc1@44.25C VDD_IN 4233mW/4302mW VDD_CPU_GPU_CV 996mW/1030mW VDD_SOC 1397mW/1397mW
08-23-2026 04:39:16 RAM 3038/7620MB (lfb 4x4MB) SWAP 0/12002MB (cached 0MB) CPU [3%@1510,1%@1510,2%@1510,1%@1510,4%@1510,1%@1510] GR3D_FREQ 0% cpu@46.562C soc2@46.031C soc0@44.406C gpu@45.968C tj@46.468C soc1@44.281C VDD_IN 4313mW/4302mW VDD_CPU_GPU_CV 1036mW/1030mW VDD_SOC 1397mW/1397mW
08-23-2026 04:39:17 RAM 3038/7620MB (lfb 4x4MB) SWAP 0/12002MB (cached 0MB) CPU [5%@1510,0%@1510,2%@1510,1%@1510,0%@1510,1%@1510] GR3D_FREQ 0% cpu@46.593C soc2@46.031C soc0@44.406C gpu@46.093C tj@46.593C soc1@44.312C VDD_IN 4273mW/4302mW VDD_CPU_GPU_CV 1036mW/1030mW VDD_SOC 1397mW/1397mW
08-23-2026 04:39:18 RAM 3037/7620MB (lfb 4x4MB) SWAP 0/12002MB (cached 0MB) CPU [3%@1510,1%@1510,4%@1510,1%@1510,2%@1510,3%@1510] GR3D_FREQ 0% cpu@46.687C soc2@46.031C soc0@44.281C gpu@46.187C tj@46.687C soc1@44.375C VDD_IN 4313mW/4302mW VDD_CPU_GPU_CV 1036mW/1030mW VDD_SOC 1397mW/1397mW
08-23-2026 04:39:19 RAM 3037/7620MB (lfb 4x4MB) SWAP 0/12002MB (cached 0MB) CPU [3%@1510,0%@1510,1%@1510,3%@1510,0%@1510,0%@1510] GR3D_FREQ 0% cpu@46.906C soc2@45.906C soc0@44.281C gpu@46.125C tj@46.906C soc1@44.437C VDD_IN 4273mW/4302mW VDD_CPU_GPU_CV 1036mW/1030mW VDD_SOC 1397mW/1397mW
08-23-2026 04:39:20 RAM 3037/7620MB (lfb 4x4MB) SWAP 0/12002MB (cached 0MB) CPU [5%@1510,0%@1510,1%@1510,0%@1510,0%@1510,2%@1510] GR3D_FREQ 0% cpu@46.687C soc2@46.031C soc0@44.281C gpu@45.875C tj@46.687C soc1@44.281C VDD_IN 4233mW/4302mW VDD_CPU_GPU_CV 996mW/1030mW VDD_SOC 1397mW/1397mW
08-23-2026 04:39:21 RAM 3037/7620MB (lfb 4x4MB) SWAP 0/12002MB (cached 0MB) CPU [4%@1510,0%@1510,3%@1510,2%@1510,1%@1510,3%@1510] GR3D_FREQ 0% cpu@46.562C soc2@46C soc0@44.375C gpu@45.875C tj@46.562C soc1@44.25C VDD_IN 4273mW/4301mW VDD_CPU_GPU_CV 1036mW/1030mW VDD_SOC 1397mW/1397mW
08-23-2026 04:39:22 RAM 3037/7620MB (lfb 4x4MB) SWAP 0/12002MB (cached 0MB) CPU [4%@1510,0%@1510,2%@1510,1%@1510,2%@1510,1%@1510] GR3D_FREQ 0% cpu@46.593C soc2@46C soc0@44.375C gpu@45.906C tj@46.593C soc1@44.281C VDD_IN 4273mW/4301mW VDD_CPU_GPU_CV 996mW/1030mW VDD_SOC 1397mW/1397mW
08-23-2026 04:39:23 RAM 3037/7620MB (lfb 4x4MB) SWAP 0/12002MB (cached 0MB) CPU [4%@1510,0%@1510,2%@1510,3%@1510,1%@1510,1%@1510] GR3D_FREQ 0% cpu@46.625C soc2@46.062C soc0@44.406C gpu@45.937C tj@46.625C soc1@44.343C VDD_IN 4273mW/4301mW VDD_CPU_GPU_CV 1036mW/1030mW VDD_SOC 1397mW/1397mW
08-23-2026 04:39:24 RAM 3038/7620MB (lfb 4x4MB) SWAP 0/12002MB (cached 0MB) CPU [5%@1510,0%@1510,1%@1510,1%@1510,2%@1510,1%@1510] GR3D_FREQ 0% cpu@46.875C soc2@45.968C soc0@44.25C gpu@45.906C tj@46.875C soc1@44.343C VDD_IN 4273mW/4301mW VDD_CPU_GPU_CV 1036mW/1030mW VDD_SOC 1397mW/1397mW
08-23-2026 04:39:25 RAM 3038/7620MB (lfb 4x4MB) SWAP 0/12002MB (cached 0MB) CPU [4%@1510,1%@1510,0%@1510,0%@1510,1%@1510,0%@1510] GR3D_FREQ 0% cpu@46.687C soc2@45.906C soc0@44.312C gpu@45.937C tj@46.687C soc1@44.468C VDD_IN 4233mW/4301mW VDD_CPU_GPU_CV 996mW/1030mW VDD_SOC 1397mW/1397mW
08-23-2026 04:39:26 RAM 3037/7620MB (lfb 4x4MB) SWAP 0/12002MB (cached 0MB) CPU [3%@1510,0%@1510,1%@1510,3%@1510,2%@1510,4%@1510] GR3D_FREQ 0% cpu@46.531C soc2@45.937C soc0@44.375C gpu@46.062C tj@46.531C soc1@44.218C VDD_IN 4273mW/4301mW VDD_CPU_GPU_CV 996mW/1030mW VDD_SOC 1397mW/1397mW
08-23-2026 04:39:27 RAM 3038/7620MB (lfb 4x4MB) SWAP 0/12002MB (cached 0MB) CPU [4%@1510,1%@1510,1%@1510,0%@1510,1%@1510,0%@1510] GR3D_FREQ 0% cpu@46.593C soc2@45.968C soc0@44.406C gpu@46.187C tj@46.593C soc1@44.218C VDD_IN 4273mW/4301mW VDD_CPU_GPU_CV 996mW/1030mW VDD_SOC 1397mW/1397mW
08-23-2026 04:39:28 RAM 3038/7620MB (lfb 4x4MB) SWAP 0/12002MB (cached 0MB) CPU [5%@1510,0%@1510,2%@1510,1%@1510,1%@1510,2%@1510] GR3D_FREQ 0% cpu@46.625C soc2@45.968C soc0@44.375C gpu@46.093C tj@46.625C soc1@44.312C VDD_IN 4273mW/4301mW VDD_CPU_GPU_CV 1036mW/1030mW VDD_SOC 1397mW/1397mW
08-23-2026 04:39:29 RAM 3038/7620MB (lfb 4x4MB) SWAP 0/12002MB (cached 0MB) CPU [4%@1510,1%@1510,1%@1510,0%@1510,2%@1510,0%@1510] GR3D_FREQ 0% cpu@46.781C soc2@45.906C soc0@44.218C gpu@46.156C tj@46.781C soc1@44.25C VDD_IN 4233mW/4301mW VDD_CPU_GPU_CV 996mW/1030mW VDD_SOC 1397mW/1397mW
08-23-2026 04:39:30 RAM 3038/7620MB (lfb 4x4MB) SWAP 0/12002MB (cached 0MB) CPU [5%@1510,0%@1510,1%@1510,0%@1510,0%@1510,0%@1510] GR3D_FREQ 0% cpu@46.531C soc2@45.875C soc0@44.312C gpu@46.125C tj@46.531C soc1@44.375C VDD_IN 4233mW/4301mW VDD_CPU_GPU_CV 996mW/1030mW VDD_SOC 1397mW/1397mW
08-23-2026 04:39:31 RAM 3037/7620MB (lfb 4x4MB) SWAP 0/12002MB (cached 0MB) CPU [4%@1510,1%@1510,4%@1510,1%@1510,1%@1510,1%@1510] GR3D_FREQ 0% cpu@46.5C soc2@45.875C soc0@44.375C gpu@46.25C tj@46.5C soc1@44.125C VDD_IN 4273mW/4301mW VDD_CPU_GPU_CV 996mW/1030mW VDD_SOC 1397mW/1397mW
08-23-2026 04:39:32 RAM 3038/7620MB (lfb 4x4MB) SWAP 0/12002MB (cached 0MB) CPU [5%@1510,1%@1510,2%@1510,0%@1510,1%@1510,1%@1510] GR3D_FREQ 0% cpu@46.468C soc2@45.843C soc0@44.375C gpu@46.187C tj@46.468C soc1@44.187C VDD_IN 4273mW/4301mW VDD_CPU_GPU_CV 1036mW/1030mW VDD_SOC 1397mW/1397mW
08-23-2026 04:39:33 RAM 3038/7620MB (lfb 4x4MB) SWAP 0/12002MB (cached 0MB) CPU [2%@1510,0%@1510,4%@1510,2%@1510,2%@1510,1%@1510] GR3D_FREQ 0% cpu@46.562C soc2@45.937C soc0@44.375C gpu@46.218C tj@46.562C soc1@44.25C VDD_IN 4313mW/4301mW VDD_CPU_GPU_CV 1036mW/1030mW VDD_SOC 1397mW/1397mW
08-23-2026 04:39:34 RAM 3037/7620MB (lfb 4x4MB) SWAP 0/12002MB (cached 0MB) CPU [4%@1510,0%@1510,1%@1510,0%@1510,4%@1510,2%@1510] GR3D_FREQ 0% cpu@46.531C soc2@45.968C soc0@44.187C gpu@45.875C tj@46.781C soc1@44.312C VDD_IN 4273mW/4301mW VDD_CPU_GPU_CV 996mW/1030mW VDD_SOC 1397mW/1397mW
08-23-2026 04:39:35 RAM 3036/7620MB (lfb 4x4MB) SWAP 0/12002MB (cached 0MB) CPU [5%@1510,0%@1510,2%@1510,1%@1510,1%@1510,0%@1510] GR3D_FREQ 0% cpu@46.593C soc2@45.875C soc0@44.187C gpu@45.875C tj@46.593C soc1@44.343C VDD_IN 4273mW/4301mW VDD_CPU_GPU_CV 996mW/1030mW VDD_SOC 1397mW/1397mW
08-23-2026 04:39:36 RAM 3037/7620MB (lfb 4x4MB) SWAP 0/12002MB (cached 0MB) CPU [4%@1510,2%@1510,2%@1510,1%@1510,3%@1510,1%@1510] GR3D_FREQ 0% cpu@46.406C soc2@45.875C soc0@44.218C gpu@45.937C tj@46.406C soc1@44.125C VDD_IN 4273mW/4301mW VDD_CPU_GPU_CV 1036mW/1030mW VDD_SOC 1397mW/1397mW
08-23-2026 04:39:37 RAM 3037/7620MB (lfb 4x4MB) SWAP 0/12002MB (cached 0MB) CPU [4%@1510,1%@1510,1%@1510,0%@1510,2%@1510,3%@1510] GR3D_FREQ 0% cpu@46.468C soc2@45.812C soc0@44.375C gpu@45.906C tj@46.468C soc1@44.187C VDD_IN 4273mW/4301mW VDD_CPU_GPU_CV 996mW/1030mW VDD_SOC 1397mW/1397mW
08-23-2026 04:39:38 RAM 3038/7620MB (lfb 4x4MB) SWAP 0/12002MB (cached 0MB) CPU [4%@1510,0%@1510,1%@1510,0%@1510,0%@1510,0%@1510] GR3D_FREQ 0% cpu@46.5C soc2@45.937C soc0@44.343C gpu@45.875C tj@46.5C soc1@44.156C VDD_IN 4233mW/4300mW VDD_CPU_GPU_CV 996mW/1030mW VDD_SOC 1397mW/1397mW
08-23-2026 04:39:39 RAM 3038/7620MB (lfb 4x4MB) SWAP 0/12002MB (cached 0MB) CPU [4%@1510,1%@1510,2%@1510,0%@1510,2%@1510,1%@1510] GR3D_FREQ 0% cpu@46.406C soc2@45.875C soc0@44.218C gpu@45.875C tj@46.406C soc1@44.312C VDD_IN 4233mW/4300mW VDD_CPU_GPU_CV 996mW/1030mW VDD_SOC 1397mW/1397mW
08-23-2026 04:39:40 RAM 3038/7620MB (lfb 4x4MB) SWAP 0/12002MB (cached 0MB) CPU [3%@1510,0%@1510,0%@1510,0%@1510,0%@1510,1%@1510] GR3D_FREQ 0% cpu@46.593C soc2@45.875C soc0@44.125C gpu@45.906C tj@46.593C soc1@44.281C VDD_IN 4233mW/4300mW VDD_CPU_GPU_CV 996mW/1030mW VDD_SOC 1397mW/1397mW
08-23-2026 04:39:41 RAM 3038/7620MB (lfb 4x4MB) SWAP 0/12002MB (cached 0MB) CPU [4%@1510,2%@1510,1%@1510,1%@1510,2%@1510,2%@1510] GR3D_FREQ 0% cpu@46.343C soc2@45.875C soc0@44.25C gpu@45.75C tj@46.343C soc1@44.093C VDD_IN 4273mW/4300mW VDD_CPU_GPU_CV 996mW/1030mW VDD_SOC 1397mW/1397mW
08-23-2026 04:39:42 RAM 3039/7620MB (lfb 4x4MB) SWAP 0/12002MB (cached 0MB) CPU [4%@1510,1%@1510,2%@1510,0%@1510,0%@1510,3%@1510] GR3D_FREQ 0% cpu@46.437C soc2@45.843C soc0@44.25C gpu@45.843C tj@46.437C soc1@44.125C VDD_IN 4273mW/4300mW VDD_CPU_GPU_CV 996mW/1030mW VDD_SOC 1397mW/1397mW
08-23-2026 04:39:43 RAM 3039/7620MB (lfb 4x4MB) SWAP 0/12002MB (cached 0MB) CPU [4%@1510,0%@1510,0%@1510,0%@1510,0%@1510,1%@1510] GR3D_FREQ 0% cpu@46.562C soc2@45.906C soc0@44.25C gpu@45.75C tj@46.562C soc1@44.093C VDD_IN 4233mW/4300mW VDD_CPU_GPU_CV 996mW/1030mW VDD_SOC 1397mW/1397mW
08-23-2026 04:39:44 RAM 3039/7620MB (lfb 4x4MB) SWAP 0/12002MB (cached 0MB) CPU [4%@1510,1%@1510,1%@1510,0%@1510,0%@1510,1%@1510] GR3D_FREQ 0% cpu@46.437C soc2@45.875C soc0@44.156C gpu@45.781C tj@46.437C soc1@44.187C VDD_IN 4233mW/4300mW VDD_CPU_GPU_CV 996mW/1030mW VDD_SOC 1397mW/1397mW
08-23-2026 04:39:45 RAM 3039/7620MB (lfb 4x4MB) SWAP 0/12002MB (cached 0MB) CPU [5%@1510,0%@1510,0%@1510,0%@1510,0%@1510,1%@1510] GR3D_FREQ 0% cpu@46.468C soc2@45.812C soc0@44.25C gpu@45.781C tj@46.468C soc1@44.312C VDD_IN 4233mW/4300mW VDD_CPU_GPU_CV 996mW/1029mW VDD_SOC 1397mW/1397mW
08-23-2026 04:39:46 RAM 3039/7620MB (lfb 4x4MB) SWAP 0/12002MB (cached 0MB) CPU [4%@1510,1%@1510,3%@1510,2%@1510,0%@1510,1%@1510] GR3D_FREQ 0% cpu@46.312C soc2@45.875C soc0@44.156C gpu@45.781C tj@46.312C soc1@44.312C VDD_IN 4273mW/4300mW VDD_CPU_GPU_CV 1036mW/1029mW VDD_SOC 1397mW/1397mW
08-23-2026 04:39:47 RAM 3039/7620MB (lfb 4x4MB) SWAP 0/12002MB (cached 0MB) CPU [3%@1510,0%@1510,2%@1510,1%@1510,2%@1510,2%@1510] GR3D_FREQ 0% cpu@46.531C soc2@45.843C soc0@44.156C gpu@45.781C tj@46.406C soc1@44.062C VDD_IN 4273mW/4300mW VDD_CPU_GPU_CV 1036mW/1029mW VDD_SOC 1397mW/1397mW
08-23-2026 04:39:48 RAM 3039/7620MB (lfb 4x4MB) SWAP 0/12002MB (cached 0MB) CPU [6%@1510,0%@1510,1%@1510,3%@1510,1%@1510,1%@1510] GR3D_FREQ 0% cpu@46.312C soc2@45.843C soc0@44.312C gpu@45.75C tj@46.468C soc1@44.093C VDD_IN 4273mW/4300mW VDD_CPU_GPU_CV 1036mW/1030mW VDD_SOC 1397mW/1397mW
08-23-2026 04:39:49 RAM 3043/7620MB (lfb 5x4MB) SWAP 0/12002MB (cached 0MB) CPU [5%@1510,1%@1510,1%@1510,2%@1510,1%@1510,1%@1510] GR3D_FREQ 0% cpu@46.437C soc2@45.875C soc0@44.218C gpu@46.062C tj@46.437C soc1@44.218C VDD_IN 4273mW/4300mW VDD_CPU_GPU_CV 996mW/1029mW VDD_SOC 1397mW/1397mW
08-23-2026 04:39:50 RAM 3043/7620MB (lfb 5x4MB) SWAP 0/12002MB (cached 0MB) CPU [6%@1510,0%@1510,0%@1510,0%@1510,1%@1510,0%@1510] GR3D_FREQ 0% cpu@46.531C soc2@45.937C soc0@44.093C gpu@46.031C tj@46.531C soc1@44.156C VDD_IN 4233mW/4300mW VDD_CPU_GPU_CV 996mW/1029mW VDD_SOC 1397mW/1397mW
08-23-2026 04:39:51 RAM 3043/7620MB (lfb 5x4MB) SWAP 0/12002MB (cached 0MB) CPU [6%@1510,1%@1510,3%@1510,1%@1510,1%@1510,1%@1510] GR3D_FREQ 0% cpu@46.718C soc2@45.812C soc0@44.093C gpu@46C tj@46.718C soc1@44.312C VDD_IN 4273mW/4299mW VDD_CPU_GPU_CV 996mW/1029mW VDD_SOC 1397mW/1397mW
08-23-2026 04:39:52 RAM 3043/7620MB (lfb 5x4MB) SWAP 0/12002MB (cached 0MB) CPU [6%@1510,1%@1510,0%@1510,1%@1510,1%@1510,1%@1510] GR3D_FREQ 0% cpu@46.5C soc2@45.875C soc0@44.187C gpu@46.031C tj@46.5C soc1@44.093C VDD_IN 4273mW/4299mW VDD_CPU_GPU_CV 996mW/1029mW VDD_SOC 1397mW/1397mW
08-23-2026 04:39:53 RAM 3042/7620MB (lfb 5x4MB) SWAP 0/12002MB (cached 0MB) CPU [6%@1510,1%@1510,2%@1510,4%@1510,1%@1510,1%@1510] GR3D_FREQ 0% cpu@46.343C soc2@45.843C soc0@44.25C gpu@46.062C tj@46.343C soc1@44.156C VDD_IN 4273mW/4299mW VDD_CPU_GPU_CV 1036mW/1029mW VDD_SOC 1397mW/1397mW
08-23-2026 04:39:54 RAM 3043/7620MB (lfb 5x4MB) SWAP 0/12002MB (cached 0MB) CPU [7%@1510,0%@1510,1%@1510,0%@1510,1%@1510,2%@1510] GR3D_FREQ 0% cpu@46.406C soc2@45.812C soc0@44.093C gpu@46.062C tj@46.406C soc1@44.187C VDD_IN 4273mW/4299mW VDD_CPU_GPU_CV 996mW/1029mW VDD_SOC 1397mW/1397mW
08-23-2026 04:39:55 RAM 3043/7620MB (lfb 5x4MB) SWAP 0/12002MB (cached 0MB) CPU [4%@1510,0%@1510,0%@1510,0%@1510,0%@1510,1%@1510] GR3D_FREQ 0% cpu@46.406C soc2@45.812C soc0@44.062C gpu@46.062C tj@46.406C soc1@44.218C VDD_IN 4233mW/4299mW VDD_CPU_GPU_CV 996mW/1029mW VDD_SOC 1397mW/1397mW
08-23-2026 04:39:56 RAM 3043/7620MB (lfb 5x4MB) SWAP 0/12002MB (cached 0MB) CPU [5%@1510,1%@1510,1%@1510,1%@1510,2%@1510,2%@1510] GR3D_FREQ 0% cpu@46.687C soc2@45.718C soc0@44.125C gpu@46.031C tj@46.687C soc1@44.25C VDD_IN 4273mW/4299mW VDD_CPU_GPU_CV 996mW/1029mW VDD_SOC 1397mW/1397mW
08-23-2026 04:39:57 RAM 3044/7620MB (lfb 5x4MB) SWAP 0/12002MB (cached 0MB) CPU [5%@1510,1%@1510,0%@1510,3%@1510,1%@1510,1%@1510] GR3D_FREQ 0% cpu@46.406C soc2@45.687C soc0@44.156C gpu@45.812C tj@46.406C soc1@44C VDD_IN 4273mW/4299mW VDD_CPU_GPU_CV 996mW/1029mW VDD_SOC 1397mW/1397mW
08-23-2026 04:39:58 RAM 3043/7620MB (lfb 5x4MB) SWAP 0/12002MB (cached 0MB) CPU [5%@1510,1%@1510,0%@1510,1%@1510,0%@1510,1%@1510] GR3D_FREQ 0% cpu@46.281C soc2@45.75C soc0@44.062C gpu@45.781C tj@46.281C soc1@44.093C VDD_IN 4233mW/4299mW VDD_CPU_GPU_CV 996mW/1029mW VDD_SOC 1397mW/1397mW
08-23-2026 04:39:59 RAM 3043/7620MB (lfb 5x4MB) SWAP 0/12002MB (cached 0MB) CPU [7%@1510,0%@1510,1%@1510,1%@1510,0%@1510,1%@1510] GR3D_FREQ 0% cpu@46.343C soc2@45.781C soc0@44.125C gpu@45.812C tj@46.343C soc1@44C VDD_IN 4273mW/4299mW VDD_CPU_GPU_CV 996mW/1029mW VDD_SOC 1397mW/1397mW
08-23-2026 04:40:00 RAM 3042/7620MB (lfb 5x4MB) SWAP 0/12002MB (cached 0MB) CPU [6%@1510,0%@1510,0%@1510,2%@1510,1%@1510,1%@1510] GR3D_FREQ 0% cpu@46.468C soc2@45.75C soc0@43.968C gpu@45.718C tj@46.468C soc1@44.093C VDD_IN 4233mW/4299mW VDD_CPU_GPU_CV 996mW/1029mW VDD_SOC 1397mW/1397mW
08-23-2026 04:40:01 RAM 3042/7620MB (lfb 5x4MB) SWAP 0/12002MB (cached 0MB) CPU [6%@1510,0%@1510,0%@1510,1%@1510,2%@1510,1%@1510] GR3D_FREQ 0% cpu@46.625C soc2@45.687C soc0@43.937C gpu@45.75C tj@46.625C soc1@44.093C VDD_IN 4273mW/4299mW VDD_CPU_GPU_CV 996mW/1029mW VDD_SOC 1397mW/1397mW
08-23-2026 04:40:02 RAM 3044/7620MB (lfb 5x4MB) SWAP 0/12002MB (cached 0MB) CPU [6%@1510,0%@1510,2%@1510,3%@1510,0%@1510,3%@1510] GR3D_FREQ 0% cpu@46.375C soc2@45.656C soc0@44.031C gpu@45.781C tj@46.375C soc1@43.906C VDD_IN 4273mW/4299mW VDD_CPU_GPU_CV 1036mW/1029mW VDD_SOC 1397mW/1397mW
08-23-2026 04:40:03 RAM 3044/7620MB (lfb 5x4MB) SWAP 0/12002MB (cached 0MB) CPU [5%@1510,0%@1510,1%@1510,3%@1510,1%@1510,3%@1510] GR3D_FREQ 0% cpu@46.156C soc2@45.656C soc0@44.062C gpu@45.75C tj@46.156C soc1@43.937C VDD_IN 4273mW/4299mW VDD_CPU_GPU_CV 1036mW/1029mW VDD_SOC 1397mW/1397mW
08-23-2026 04:40:04 RAM 3045/7620MB (lfb 5x4MB) SWAP 0/12002MB (cached 0MB) CPU [6%@1510,2%@1510,2%@1510,2%@1510,1%@1510,1%@1510] GR3D_FREQ 0% cpu@46.281C soc2@45.718C soc0@44.031C gpu@45.468C tj@46.281C soc1@43.937C VDD_IN 4273mW/4299mW VDD_CPU_GPU_CV 1036mW/1029mW VDD_SOC 1397mW/1397mW
08-23-2026 04:40:05 RAM 3045/7620MB (lfb 5x4MB) SWAP 0/12002MB (cached 0MB) CPU [5%@1510,1%@1510,2%@1510,2%@1510,0%@1510,1%@1510] GR3D_FREQ 0% cpu@46.375C soc2@45.687C soc0@43.906C gpu@45.5C tj@46.375C soc1@43.906C VDD_IN 4233mW/4299mW VDD_CPU_GPU_CV 996mW/1029mW VDD_SOC 1397mW/1397mW
08-23-2026 04:40:06 RAM 3045/7620MB (lfb 5x4MB) SWAP 0/12002MB (cached 0MB) CPU [4%@1510,0%@1510,1%@1510,1%@1510,3%@1510,1%@1510] GR3D_FREQ 0% cpu@46.531C soc2@45.5C soc0@43.937C gpu@45.5C tj@46.531C soc1@43.937C VDD_IN 4273mW/4299mW VDD_CPU_GPU_CV 996mW/1029mW VDD_SOC 1397mW/1397mW
08-23-2026 04:40:07 RAM 3045/7620MB (lfb 5x4MB) SWAP 0/12002MB (cached 0MB) CPU [4%@1510,1%@1510,1%@1510,2%@1510,0%@1510,1%@1510] GR3D_FREQ 0% cpu@46.343C soc2@45.593C soc0@44.031C gpu@45.468C tj@46.25C soc1@43.875C VDD_IN 4273mW/4299mW VDD_CPU_GPU_CV 996mW/1029mW VDD_SOC 1397mW/1397mW
08-23-2026 04:40:08 RAM 3045/7620MB (lfb 5x4MB) SWAP 0/12002MB (cached 0MB) CPU [4%@1510,0%@1510,1%@1510,2%@1510,4%@1510,2%@1510] GR3D_FREQ 0% cpu@46.125C soc2@45.687C soc0@43.968C gpu@45.468C tj@46.125C soc1@43.875C VDD_IN 4273mW/4299mW VDD_CPU_GPU_CV 996mW/1029mW VDD_SOC 1397mW/1397mW
08-23-2026 04:40:09 RAM 3045/7620MB (lfb 5x4MB) SWAP 0/12002MB (cached 0MB) CPU [4%@1510,1%@1510,1%@1510,0%@1510,0%@1510,2%@1510] GR3D_FREQ 0% cpu@46.125C soc2@45.656C soc0@44C gpu@45.468C tj@46.125C soc1@43.937C VDD_IN 4273mW/4298mW VDD_CPU_GPU_CV 996mW/1029mW VDD_SOC 1397mW/1397mW
08-23-2026 04:40:10 RAM 3045/7620MB (lfb 5x4MB) SWAP 0/12002MB (cached 0MB) CPU [3%@1510,0%@1510,1%@1510,1%@1510,1%@1510,0%@1510] GR3D_FREQ 0% cpu@46.312C soc2@45.625C soc0@43.906C gpu@45.5C tj@46.312C soc1@43.875C VDD_IN 4233mW/4298mW VDD_CPU_GPU_CV 996mW/1029mW VDD_SOC 1397mW/1397mW
08-23-2026 04:40:11 RAM 3046/7620MB (lfb 5x4MB) SWAP 0/12002MB (cached 0MB) CPU [3%@1510,1%@1510,1%@1510,2%@1510,3%@1510,4%@1510] GR3D_FREQ 0% cpu@46.468C soc2@45.593C soc0@43.812C gpu@45.781C tj@46.468C soc1@44.062C VDD_IN 4273mW/4298mW VDD_CPU_GPU_CV 1036mW/1029mW VDD_SOC 1397mW/1397mW
08-23-2026 04:40:12 RAM 3046/7620MB (lfb 5x4MB) SWAP 0/12002MB (cached 0MB) CPU [5%@1510,0%@1510,1%@1510,1%@1510,2%@1510,1%@1510] GR3D_FREQ 0% cpu@46.375C soc2@45.562C soc0@43.906C gpu@45.656C tj@46.281C soc1@43.843C VDD_IN 4273mW/4298mW VDD_CPU_GPU_CV 996mW/1029mW VDD_SOC 1397mW/1397mW
08-23-2026 04:40:13 RAM 3046/7620MB (lfb 5x4MB) SWAP 0/12002MB (cached 0MB) CPU [3%@1510,1%@1510,1%@1510,4%@1510,1%@1510,0%@1510] GR3D_FREQ 0% cpu@46.125C soc2@45.656C soc0@43.968C gpu@45.75C tj@46.125C soc1@43.875C VDD_IN 4273mW/4298mW VDD_CPU_GPU_CV 996mW/1028mW VDD_SOC 1397mW/1397mW
08-23-2026 04:40:14 RAM 3045/7620MB (lfb 5x4MB) SWAP 0/12002MB (cached 0MB) CPU [5%@1510,1%@1510,1%@1510,0%@1510,2%@1510,1%@1510] GR3D_FREQ 0% cpu@46.187C soc2@45.531C soc0@44.031C gpu@45.843C tj@46.187C soc1@43.906C VDD_IN 4273mW/4298mW VDD_CPU_GPU_CV 996mW/1028mW VDD_SOC 1397mW/1397mW
08-23-2026 04:40:15 RAM 3045/7620MB (lfb 5x4MB) SWAP 0/12002MB (cached 0MB) CPU [5%@1510,1%@1510,1%@1510,0%@1510,1%@1510,1%@1510] GR3D_FREQ 0% cpu@46.187C soc2@45.687C soc0@43.906C gpu@45.843C tj@46.187C soc1@43.937C VDD_IN 4273mW/4298mW VDD_CPU_GPU_CV 996mW/1028mW VDD_SOC 1397mW/1397mW
08-23-2026 04:40:16 RAM 3047/7620MB (lfb 5x4MB) SWAP 0/12002MB (cached 0MB) CPU [4%@1510,0%@1510,2%@1510,2%@1510,1%@1510,1%@1510] GR3D_FREQ 0% cpu@46.531C soc2@45.625C soc0@43.875C gpu@45.812C tj@46.531C soc1@44.062C VDD_IN 4273mW/4298mW VDD_CPU_GPU_CV 996mW/1028mW VDD_SOC 1397mW/1397mW
08-23-2026 04:40:17 RAM 3046/7620MB (lfb 5x4MB) SWAP 0/12002MB (cached 0MB) CPU [5%@1510,1%@1510,0%@1510,2%@1510,0%@1510,1%@1510] GR3D_FREQ 0% cpu@46.312C soc2@45.593C soc0@43.937C gpu@45.875C tj@46.312C soc1@43.875C VDD_IN 4273mW/4298mW VDD_CPU_GPU_CV 996mW/1028mW VDD_SOC 1397mW/1397mW
08-23-2026 04:40:18 RAM 3046/7620MB (lfb 5x4MB) SWAP 0/12002MB (cached 0MB) CPU [3%@1510,0%@1510,4%@1510,0%@1510,2%@1510,3%@1510] GR3D_FREQ 0% cpu@46.093C soc2@45.531C soc0@44C gpu@45.875C tj@46.093C soc1@43.875C VDD_IN 4273mW/4298mW VDD_CPU_GPU_CV 996mW/1028mW VDD_SOC 1397mW/1397mW
08-23-2026 04:40:19 RAM 3045/7620MB (lfb 5x4MB) SWAP 0/12002MB (cached 0MB) CPU [3%@1510,0%@1510,1%@1510,1%@1510,1%@1510,3%@1510] GR3D_FREQ 0% cpu@46.187C soc2@45.625C soc0@44C gpu@45.531C tj@46.187C soc1@43.937C VDD_IN 4273mW/4298mW VDD_CPU_GPU_CV 996mW/1028mW VDD_SOC 1397mW/1397mW
08-23-2026 04:40:20 RAM 3044/7620MB (lfb 5x4MB) SWAP 0/12002MB (cached 0MB) CPU [4%@1510,0%@1510,1%@1510,0%@1510,0%@1510,1%@1510] GR3D_FREQ 0% cpu@46.343C soc2@45.687C soc0@43.843C gpu@45.687C tj@46.343C soc1@43.937C VDD_IN 4233mW/4298mW VDD_CPU_GPU_CV 996mW/1028mW VDD_SOC 1397mW/1397mW
08-23-2026 04:40:21 RAM 3045/7620MB (lfb 5x4MB) SWAP 0/12002MB (cached 0MB) CPU [4%@1510,0%@1510,1%@1510,3%@1510,1%@1510,2%@1510] GR3D_FREQ 0% cpu@46.343C soc2@45.593C soc0@43.906C gpu@45.593C tj@46.343C soc1@44C VDD_IN 4233mW/4298mW VDD_CPU_GPU_CV 996mW/1028mW VDD_SOC 1397mW/1397mW
08-23-2026 04:40:22 RAM 3045/7620MB (lfb 5x4MB) SWAP 0/12002MB (cached 0MB) CPU [3%@1510,0%@1510,1%@1510,1%@1510,2%@1510,1%@1510] GR3D_FREQ 0% cpu@46.281C soc2@45.625C soc0@43.906C gpu@45.593C tj@46.281C soc1@44.062C VDD_IN 4273mW/4298mW VDD_CPU_GPU_CV 996mW/1028mW VDD_SOC 1397mW/1397mW
08-23-2026 04:40:23 RAM 3045/7620MB (lfb 5x4MB) SWAP 0/12002MB (cached 0MB) CPU [5%@1510,0%@1510,1%@1510,1%@1510,0%@1510,1%@1510] GR3D_FREQ 0% cpu@46.156C soc2@45.625C soc0@43.906C gpu@45.593C tj@46.156C soc1@43.843C VDD_IN 4240mW/4298mW VDD_CPU_GPU_CV 996mW/1028mW VDD_SOC 1397mW/1397mW
08-23-2026 04:40:24 RAM 3045/7620MB (lfb 5x4MB) SWAP 0/12002MB (cached 0MB) CPU [4%@1510,1%@1510,0%@1510,0%@1510,0%@1510,1%@1510] GR3D_FREQ 0% cpu@46.156C soc2@45.562C soc0@44C gpu@45.593C tj@46.156C soc1@43.906C VDD_IN 4240mW/4298mW VDD_CPU_GPU_CV 996mW/1028mW VDD_SOC 1397mW/1397mW
08-23-2026 04:40:25 RAM 3045/7620MB (lfb 5x4MB) SWAP 0/12002MB (cached 0MB) CPU [4%@1510,0%@1510,1%@1510,0%@1510,0%@1510,1%@1510] GR3D_FREQ 0% cpu@46.187C soc2@45.687C soc0@43.781C gpu@45.656C tj@46.187C soc1@43.906C VDD_IN 4240mW/4298mW VDD_CPU_GPU_CV 996mW/1028mW VDD_SOC 1397mW/1397mW
08-23-2026 04:40:26 RAM 3045/7620MB (lfb 5x4MB) SWAP 0/12002MB (cached 0MB) CPU [3%@1510,1%@1510,1%@1510,2%@1510,1%@1510,3%@1510] GR3D_FREQ 0% cpu@46.437C soc2@45.5C soc0@43.906C gpu@45.593C tj@46.437C soc1@43.937C VDD_IN 4273mW/4297mW VDD_CPU_GPU_CV 996mW/1028mW VDD_SOC 1397mW/1397mW
08-23-2026 04:40:27 RAM 3045/7620MB (lfb 5x4MB) SWAP 0/12002MB (cached 0MB) CPU [3%@1510,1%@1510,1%@1510,1%@1510,0%@1510,0%@1510] GR3D_FREQ 0% cpu@46.312C soc2@45.531C soc0@43.906C gpu@45.5C tj@46.312C soc1@44C VDD_IN 4233mW/4297mW VDD_CPU_GPU_CV 996mW/1028mW VDD_SOC 1397mW/1397mW
08-23-2026 04:40:28 RAM 3045/7620MB (lfb 5x4MB) SWAP 0/12002MB (cached 0MB) CPU [4%@1510,0%@1510,1%@1510,0%@1510,0%@1510,1%@1510] GR3D_FREQ 0% cpu@46.093C soc2@45.593C soc0@43.937C gpu@45.437C tj@46.093C soc1@43.843C VDD_IN 4233mW/4297mW VDD_CPU_GPU_CV 996mW/1028mW VDD_SOC 1397mW/1397mW
08-23-2026 04:40:29 RAM 3045/7620MB (lfb 5x4MB) SWAP 0/12002MB (cached 0MB) CPU [4%@1510,1%@1510,2%@1510,0%@1510,0%@1510,1%@1510] GR3D_FREQ 0% cpu@46.125C soc2@45.562C soc0@43.968C gpu@45.531C tj@46.125C soc1@43.843C VDD_IN 4233mW/4297mW VDD_CPU_GPU_CV 996mW/1028mW VDD_SOC 1397mW/1397mW
08-23-2026 04:40:30 RAM 3045/7620MB (lfb 5x4MB) SWAP 0/12002MB (cached 0MB) CPU [4%@1510,0%@1510,1%@1510,1%@1510,0%@1510,1%@1510] GR3D_FREQ 0% cpu@46.218C soc2@45.5C soc0@43.937C gpu@45.531C tj@46.218C soc1@43.875C VDD_IN 4233mW/4297mW VDD_CPU_GPU_CV 996mW/1028mW VDD_SOC 1397mW/1397mW
08-23-2026 04:40:31 RAM 3046/7620MB (lfb 5x4MB) SWAP 0/12002MB (cached 0MB) CPU [4%@1510,1%@1510,2%@1510,1%@1510,3%@1510,2%@1510] GR3D_FREQ 0% cpu@46.156C soc2@45.687C soc0@43.843C gpu@45.5C tj@46.406C soc1@43.906C VDD_IN 4273mW/4297mW VDD_CPU_GPU_CV 996mW/1028mW VDD_SOC 1397mW/1397mW
08-23-2026 04:40:32 RAM 3046/7620MB (lfb 5x4MB) SWAP 0/12002MB (cached 0MB) CPU [4%@1510,1%@1510,0%@1510,1%@1510,1%@1510,3%@1510] GR3D_FREQ 0% cpu@46.312C soc2@45.531C soc0@43.812C gpu@45.468C tj@46.312C soc1@44C VDD_IN 4273mW/4297mW VDD_CPU_GPU_CV 996mW/1028mW VDD_SOC 1397mW/1397mW
08-23-2026 04:40:33 RAM 3046/7620MB (lfb 5x4MB) SWAP 0/12002MB (cached 0MB) CPU [4%@1510,1%@1510,3%@1510,1%@1510,1%@1510,2%@1510] GR3D_FREQ 0% cpu@46.093C soc2@45.593C soc0@43.906C gpu@45.468C tj@46.093C soc1@43.812C VDD_IN 4273mW/4297mW VDD_CPU_GPU_CV 996mW/1028mW VDD_SOC 1397mW/1397mW
08-23-2026 04:40:34 RAM 3044/7620MB (lfb 5x4MB) SWAP 0/12002MB (cached 0MB) CPU [4%@1510,2%@1510,3%@1510,3%@1510,1%@1510,2%@1510] GR3D_FREQ 0% cpu@46.093C soc2@45.5C soc0@44C gpu@45.5C tj@46.093C soc1@43.875C VDD_IN 4273mW/4297mW VDD_CPU_GPU_CV 996mW/1027mW VDD_SOC 1397mW/1397mW
08-23-2026 04:40:35 RAM 3044/7620MB (lfb 5x4MB) SWAP 0/12002MB (cached 0MB) CPU [3%@1510,1%@1510,0%@1510,0%@1510,1%@1510,1%@1510] GR3D_FREQ 0% cpu@46.25C soc2@45.625C soc0@44.031C gpu@45.75C tj@46.25C soc1@43.875C VDD_IN 4233mW/4297mW VDD_CPU_GPU_CV 996mW/1027mW VDD_SOC 1397mW/1397mW
08-23-2026 04:40:36 RAM 3044/7620MB (lfb 5x4MB) SWAP 0/12002MB (cached 0MB) CPU [4%@1510,2%@1510,1%@1510,3%@1510,2%@1510,2%@1510] GR3D_FREQ 0% cpu@46.156C soc2@45.687C soc0@43.843C gpu@45.718C tj@46.156C soc1@43.937C VDD_IN 4273mW/4297mW VDD_CPU_GPU_CV 996mW/1027mW VDD_SOC 1397mW/1397mW
08-23-2026 04:40:37 RAM 3044/7620MB (lfb 5x4MB) SWAP 0/12002MB (cached 0MB) CPU [4%@1510,1%@1510,0%@1510,1%@1510,1%@1510,1%@1510] GR3D_FREQ 0% cpu@46.312C soc2@45.5C soc0@43.843C gpu@45.843C tj@46.312C soc1@44C VDD_IN 4233mW/4297mW VDD_CPU_GPU_CV 996mW/1027mW VDD_SOC 1397mW/1397mW
08-23-2026 04:40:38 RAM 3044/7620MB (lfb 5x4MB) SWAP 0/12002MB (cached 0MB) CPU [4%@1510,0%@1510,0%@1510,0%@1510,1%@1510,0%@1510] GR3D_FREQ 0% cpu@46.125C soc2@45.468C soc0@43.906C gpu@45.781C tj@46.125C soc1@43.843C VDD_IN 4233mW/4297mW VDD_CPU_GPU_CV 996mW/1027mW VDD_SOC 1397mW/1397mW
08-23-2026 04:40:39 RAM 3045/7620MB (lfb 5x4MB) SWAP 0/12002MB (cached 0MB) CPU [5%@1510,0%@1510,0%@1510,0%@1510,0%@1510,1%@1510] GR3D_FREQ 0% cpu@46.125C soc2@45.562C soc0@43.937C gpu@45.843C tj@46.125C soc1@43.875C VDD_IN 4233mW/4297mW VDD_CPU_GPU_CV 996mW/1027mW VDD_SOC 1397mW/1397mW
08-23-2026 04:40:40 RAM 3044/7620MB (lfb 5x4MB) SWAP 0/12002MB (cached 0MB) CPU [5%@1510,0%@1510,0%@1510,1%@1510,2%@1510,0%@1510] GR3D_FREQ 0% cpu@46.25C soc2@45.531C soc0@44.031C gpu@45.812C tj@46.25C soc1@43.906C VDD_IN 4233mW/4296mW VDD_CPU_GPU_CV 996mW/1027mW VDD_SOC 1397mW/1397mW
08-23-2026 04:40:41 RAM 3044/7620MB (lfb 5x4MB) SWAP 0/12002MB (cached 0MB) CPU [3%@1510,2%@1510,1%@1510,2%@1510,0%@1510,2%@1510] GR3D_FREQ 0% cpu@46.125C soc2@45.656C soc0@43.906C gpu@45.906C tj@46.125C soc1@43.906C VDD_IN 4273mW/4296mW VDD_CPU_GPU_CV 996mW/1027mW VDD_SOC 1397mW/1397mW
08-23-2026 04:40:42 RAM 3043/7620MB (lfb 5x4MB) SWAP 0/12002MB (cached 0MB) CPU [5%@1510,0%@1510,1%@1510,1%@1510,1%@1510,1%@1510] GR3D_FREQ 0% cpu@46.281C soc2@45.531C soc0@43.937C gpu@45.625C tj@46.281C soc1@44C VDD_IN 4240mW/4296mW VDD_CPU_GPU_CV 996mW/1027mW VDD_SOC 1397mW/1397mW
08-23-2026 04:40:43 RAM 3044/7620MB (lfb 5x4MB) SWAP 0/12002MB (cached 0MB) CPU [4%@1510,1%@1510,1%@1510,0%@1510,1%@1510,0%@1510] GR3D_FREQ 0% cpu@46.125C soc2@45.625C soc0@43.906C gpu@45.562C tj@46.125C soc1@43.875C VDD_IN 4240mW/4296mW VDD_CPU_GPU_CV 998mW/1027mW VDD_SOC 1397mW/1397mW
08-23-2026 04:40:44 RAM 3044/7620MB (lfb 5x4MB) SWAP 0/12002MB (cached 0MB) CPU [2%@1510,1%@1510,1%@1510,0%@1510,0%@1510,1%@1510] GR3D_FREQ 0% cpu@46.156C soc2@45.593C soc0@44C gpu@45.593C tj@46.156C soc1@43.843C VDD_IN 4240mW/4296mW VDD_CPU_GPU_CV 998mW/1027mW VDD_SOC 1397mW/1397mW
08-23-2026 04:40:45 RAM 3044/7620MB (lfb 5x4MB) SWAP 0/12002MB (cached 0MB) CPU [5%@1510,1%@1510,0%@1510,1%@1510,0%@1510,0%@1510] GR3D_FREQ 0% cpu@46.25C soc2@45.625C soc0@44.062C gpu@45.625C tj@46.25C soc1@43.875C VDD_IN 4240mW/4296mW VDD_CPU_GPU_CV 996mW/1027mW VDD_SOC 1397mW/1397mW
08-23-2026 04:40:46 RAM 3044/7620MB (lfb 5x4MB) SWAP 0/12002MB (cached 0MB) CPU [5%@1510,1%@1510,1%@1510,3%@1510,2%@1510,2%@1510] GR3D_FREQ 0% cpu@46.156C soc2@45.593C soc0@43.906C gpu@45.531C tj@46.156C soc1@44.031C VDD_IN 4240mW/4296mW VDD_CPU_GPU_CV 996mW/1027mW VDD_SOC 1397mW/1397mW
08-23-2026 04:40:47 RAM 3045/7620MB (lfb 5x4MB) SWAP 0/12002MB (cached 0MB) CPU [5%@1510,2%@1510,1%@1510,0%@1510,0%@1510,1%@1510] GR3D_FREQ 0% cpu@46.343C soc2@45.593C soc0@43.906C gpu@45.625C tj@46.343C soc1@44.031C VDD_IN 4233mW/4296mW VDD_CPU_GPU_CV 996mW/1027mW VDD_SOC 1397mW/1397mW
08-23-2026 04:40:48 RAM 3044/7620MB (lfb 5x4MB) SWAP 0/12002MB (cached 0MB) CPU [4%@1510,1%@1510,1%@1510,3%@1510,3%@1510,2%@1510] GR3D_FREQ 0% cpu@46.562C soc2@45.531C soc0@43.937C gpu@45.593C tj@46.562C soc1@43.843C VDD_IN 4233mW/4296mW VDD_CPU_GPU_CV 996mW/1027mW VDD_SOC 1397mW/1397mW
08-23-2026 04:40:49 RAM 3044/7620MB (lfb 5x4MB) SWAP 0/12002MB (cached 0MB) CPU [3%@1510,0%@1510,1%@1510,0%@1510,1%@1510,2%@1510] GR3D_FREQ 0% cpu@46.281C soc2@45.531C soc0@44C gpu@45.593C tj@46.156C soc1@43.875C VDD_IN 4240mW/4296mW VDD_CPU_GPU_CV 996mW/1027mW VDD_SOC 1397mW/1397mW
08-23-2026 04:40:50 RAM 3044/7620MB (lfb 5x4MB) SWAP 0/12002MB (cached 0MB) CPU [5%@1510,1%@1510,0%@1510,0%@1510,2%@1510,0%@1510] GR3D_FREQ 0% cpu@46.125C soc2@45.625C soc0@44.093C gpu@45.531C tj@46.218C soc1@43.875C VDD_IN 4240mW/4296mW VDD_CPU_GPU_CV 996mW/1027mW VDD_SOC 1397mW/1397mW
08-23-2026 04:40:51 RAM 3044/7620MB (lfb 5x4MB) SWAP 0/12002MB (cached 0MB) CPU [6%@1510,0%@1510,2%@1510,1%@1510,2%@1510,0%@1510] GR3D_FREQ 0% cpu@46.156C soc2@45.625C soc0@43.906C gpu@45.468C tj@46.156C soc1@43.875C VDD_IN 4240mW/4296mW VDD_CPU_GPU_CV 996mW/1027mW VDD_SOC 1397mW/1397mW
08-23-2026 04:40:52 RAM 3045/7620MB (lfb 5x4MB) SWAP 0/12002MB (cached 0MB) CPU [4%@1510,1%@1510,2%@1510,1%@1510,1%@1510,2%@1510] GR3D_FREQ 0% cpu@46.281C soc2@45.562C soc0@43.937C gpu@45.468C tj@46.281C soc1@43.968C VDD_IN 4233mW/4295mW VDD_CPU_GPU_CV 996mW/1027mW VDD_SOC 1397mW/1397mW
08-23-2026 04:40:53 RAM 3044/7620MB (lfb 5x4MB) SWAP 0/12002MB (cached 0MB) CPU [5%@1510,1%@1510,1%@1510,0%@1510,1%@1510,0%@1510] GR3D_FREQ 0% cpu@46.468C soc2@45.562C soc0@43.906C gpu@45.5C tj@46.468C soc1@44.062C VDD_IN 4240mW/4295mW VDD_CPU_GPU_CV 996mW/1027mW VDD_SOC 1397mW/1397mW
08-23-2026 04:40:54 RAM 3045/7620MB (lfb 5x4MB) SWAP 0/12002MB (cached 0MB) CPU [4%@1510,2%@1510,1%@1510,0%@1510,0%@1510,1%@1510] GR3D_FREQ 0% cpu@46.343C soc2@45.562C soc0@43.906C gpu@45.5C tj@46.343C soc1@43.843C VDD_IN 4240mW/4295mW VDD_CPU_GPU_CV 996mW/1027mW VDD_SOC 1397mW/1397mW
08-23-2026 04:40:55 RAM 3045/7620MB (lfb 5x4MB) SWAP 0/12002MB (cached 0MB) CPU [4%@1510,2%@1510,0%@1510,1%@1510,1%@1510,1%@1510] GR3D_FREQ 0% cpu@46.125C soc2@45.593C soc0@44.031C gpu@45.468C tj@46.125C soc1@43.875C VDD_IN 4240mW/4295mW VDD_CPU_GPU_CV 996mW/1026mW VDD_SOC 1397mW/1397mW
08-23-2026 04:40:56 RAM 3043/7620MB (lfb 5x4MB) SWAP 0/12002MB (cached 0MB) CPU [4%@1510,2%@1510,0%@1510,2%@1510,1%@1510,2%@1510] GR3D_FREQ 0% cpu@46.125C soc2@45.687C soc0@43.968C gpu@45.5C tj@46.125C soc1@43.906C VDD_IN 4233mW/4295mW VDD_CPU_GPU_CV 996mW/1026mW VDD_SOC 1397mW/1397mW
08-23-2026 04:40:57 RAM 3044/7620MB (lfb 5x4MB) SWAP 0/12002MB (cached 0MB) CPU [4%@1510,1%@1510,1%@1510,3%@1510,2%@1510,1%@1510] GR3D_FREQ 0% cpu@46.312C soc2@45.625C soc0@43.906C gpu@45.718C tj@46.312C soc1@44.031C VDD_IN 4233mW/4295mW VDD_CPU_GPU_CV 996mW/1026mW VDD_SOC 1397mW/1397mW
08-23-2026 04:40:58 RAM 3044/7620MB (lfb 5x4MB) SWAP 0/12002MB (cached 0MB) CPU [6%@1510,2%@1510,0%@1510,0%@1510,0%@1510,1%@1510] GR3D_FREQ 0% cpu@46.5C soc2@45.5C soc0@43.937C gpu@45.781C tj@46.5C soc1@44.031C VDD_IN 4240mW/4295mW VDD_CPU_GPU_CV 996mW/1026mW VDD_SOC 1397mW/1397mW
08-23-2026 04:40:59 RAM 3045/7620MB (lfb 5x4MB) SWAP 0/12002MB (cached 0MB) CPU [5%@1510,1%@1510,0%@1510,0%@1510,0%@1510,0%@1510] GR3D_FREQ 0% cpu@46.375C soc2@45.531C soc0@43.968C gpu@45.843C tj@46.375C soc1@43.843C VDD_IN 4240mW/4295mW VDD_CPU_GPU_CV 996mW/1026mW VDD_SOC 1397mW/1397mW
08-23-2026 04:41:00 RAM 3045/7620MB (lfb 5x4MB) SWAP 0/12002MB (cached 0MB) CPU [5%@1510,1%@1510,0%@1510,1%@1510,2%@1510,2%@1510] GR3D_FREQ 0% cpu@46.093C soc2@45.562C soc0@43.968C gpu@45.812C tj@46.093C soc1@43.937C VDD_IN 4240mW/4295mW VDD_CPU_GPU_CV 996mW/1026mW VDD_SOC 1397mW/1397mW
08-23-2026 04:41:01 RAM 3045/7620MB (lfb 5x4MB) SWAP 0/12002MB (cached 0MB) CPU [4%@1510,2%@1510,1%@1510,0%@1510,1%@1510,4%@1510] GR3D_FREQ 0% cpu@46.125C soc2@45.687C soc0@43.968C gpu@45.875C tj@46.125C soc1@43.937C VDD_IN 4233mW/4295mW VDD_CPU_GPU_CV 996mW/1026mW VDD_SOC 1397mW/1397mW
08-23-2026 04:41:02 RAM 3045/7620MB (lfb 5x4MB) SWAP 0/12002MB (cached 0MB) CPU [5%@1510,2%@1510,0%@1510,0%@1510,1%@1510,1%@1510] GR3D_FREQ 0% cpu@46.25C soc2@45.593C soc0@43.906C gpu@45.875C tj@46.25C soc1@43.968C VDD_IN 4233mW/4295mW VDD_CPU_GPU_CV 996mW/1026mW VDD_SOC 1397mW/1397mW
08-23-2026 04:41:03 RAM 3046/7620MB (lfb 5x4MB) SWAP 0/12002MB (cached 0MB) CPU [5%@1510,4%@1510,1%@1510,1%@1510,1%@1510,3%@1510] GR3D_FREQ 0% cpu@46.562C soc2@45.593C soc0@43.937C gpu@45.937C tj@46.562C soc1@44.062C VDD_IN 4273mW/4295mW VDD_CPU_GPU_CV 996mW/1026mW VDD_SOC 1397mW/1397mW
08-23-2026 04:41:04 RAM 3046/7620MB (lfb 5x4MB) SWAP 0/12002MB (cached 0MB) CPU [4%@1510,1%@1510,1%@1510,1%@1510,1%@1510,0%@1510] GR3D_FREQ 0% cpu@46.375C soc2@45.562C soc0@44C gpu@45.656C tj@46.375C soc1@43.875C VDD_IN 4233mW/4295mW VDD_CPU_GPU_CV 996mW/1026mW VDD_SOC 1397mW/1397mW
08-23-2026 04:41:05 RAM 3045/7620MB (lfb 5x4MB) SWAP 0/12002MB (cached 0MB) CPU [7%@1510,2%@1510,0%@1510,1%@1510,0%@1510,1%@1510] GR3D_FREQ 0% cpu@46.125C soc2@45.687C soc0@44.031C gpu@45.656C tj@46.125C soc1@44.031C VDD_IN 4240mW/4294mW VDD_CPU_GPU_CV 996mW/1026mW VDD_SOC 1397mW/1397mW
08-23-2026 04:41:06 RAM 3046/7620MB (lfb 5x4MB) SWAP 0/12002MB (cached 0MB) CPU [5%@1510,3%@1510,3%@1510,1%@1510,1%@1510,2%@1510] GR3D_FREQ 0% cpu@46.218C soc2@45.75C soc0@44C gpu@45.593C tj@46.218C soc1@43.968C VDD_IN 4233mW/4294mW VDD_CPU_GPU_CV 996mW/1026mW VDD_SOC 1397mW/1397mW
08-23-2026 04:41:07 RAM 3047/7620MB (lfb 5x4MB) SWAP 0/12002MB (cached 0MB) CPU [4%@1510,1%@1510,1%@1510,1%@1510,1%@1510,2%@1510] GR3D_FREQ 0% cpu@46.281C soc2@45.656C soc0@43.906C gpu@45.687C tj@46.281C soc1@44C VDD_IN 4233mW/4294mW VDD_CPU_GPU_CV 996mW/1026mW VDD_SOC 1397mW/1397mW
08-23-2026 04:41:08 RAM 3047/7620MB (lfb 5x4MB) SWAP 0/12002MB (cached 0MB) CPU [4%@1510,1%@1510,0%@1510,1%@1510,1%@1510,2%@1510] GR3D_FREQ 0% cpu@46.562C soc2@45.656C soc0@44C gpu@45.656C tj@46.562C soc1@44.062C VDD_IN 4240mW/4294mW VDD_CPU_GPU_CV 996mW/1026mW VDD_SOC 1397mW/1397mW
08-23-2026 04:41:09 RAM 3046/7620MB (lfb 5x4MB) SWAP 0/12002MB (cached 0MB) CPU [5%@1510,0%@1510,1%@1510,0%@1510,1%@1510,0%@1510] GR3D_FREQ 0% cpu@46.406C soc2@45.593C soc0@44.031C gpu@45.75C tj@46.406C soc1@43.937C VDD_IN 4240mW/4294mW VDD_CPU_GPU_CV 996mW/1026mW VDD_SOC 1397mW/1397mW
08-23-2026 04:41:10 RAM 3046/7620MB (lfb 5x4MB) SWAP 0/12002MB (cached 0MB) CPU [6%@1510,1%@1510,1%@1510,2%@1510,1%@1510,3%@1510] GR3D_FREQ 0% cpu@46.125C soc2@45.625C soc0@44.031C gpu@45.656C tj@46.125C soc1@43.906C VDD_IN 4273mW/4294mW VDD_CPU_GPU_CV 996mW/1026mW VDD_SOC 1397mW/1397mW
08-23-2026 04:41:11 RAM 3047/7620MB (lfb 5x4MB) SWAP 0/12002MB (cached 0MB) CPU [4%@1510,1%@1510,2%@1510,0%@1510,1%@1510,4%@1510] GR3D_FREQ 0% cpu@46.125C soc2@45.781C soc0@44.062C gpu@45.75C tj@46.125C soc1@44C VDD_IN 4233mW/4294mW VDD_CPU_GPU_CV 996mW/1026mW VDD_SOC 1397mW/1397mW
08-23-2026 04:41:12 RAM 3046/7620MB (lfb 5x4MB) SWAP 0/12002MB (cached 0MB) CPU [4%@1510,1%@1510,2%@1510,0%@1510,1%@1510,1%@1510] GR3D_FREQ 0% cpu@46.312C soc2@45.656C soc0@44C gpu@45.75C tj@46.312C soc1@43.937C VDD_IN 4233mW/4294mW VDD_CPU_GPU_CV 996mW/1026mW VDD_SOC 1397mW/1397mW
08-23-2026 04:41:13 RAM 3046/7620MB (lfb 5x4MB) SWAP 0/12002MB (cached 0MB) CPU [5%@1510,1%@1510,0%@1510,0%@1510,0%@1510,1%@1510] GR3D_FREQ 0% cpu@46.531C soc2@45.687C soc0@43.968C gpu@45.625C tj@46.531C soc1@44C VDD_IN 4240mW/4294mW VDD_CPU_GPU_CV 996mW/1026mW VDD_SOC 1397mW/1397mW
08-23-2026 04:41:14 RAM 3047/7620MB (lfb 5x4MB) SWAP 0/12002MB (cached 0MB) CPU [4%@1510,1%@1510,0%@1510,0%@1510,1%@1510,2%@1510] GR3D_FREQ 0% cpu@46.375C soc2@45.625C soc0@43.937C gpu@45.625C tj@46.375C soc1@43.906C VDD_IN 4240mW/4294mW VDD_CPU_GPU_CV 996mW/1026mW VDD_SOC 1397mW/1397mW
08-23-2026 04:41:15 RAM 3047/7620MB (lfb 5x4MB) SWAP 0/12002MB (cached 0MB) CPU [5%@1510,1%@1510,1%@1510,3%@1510,0%@1510,1%@1510] GR3D_FREQ 0% cpu@46.218C soc2@45.625C soc0@44.062C gpu@45.531C tj@46.218C soc1@43.937C VDD_IN 4313mW/4294mW VDD_CPU_GPU_CV 1036mW/1026mW VDD_SOC 1397mW/1397mW
08-23-2026 04:41:16 RAM 3046/7620MB (lfb 5x4MB) SWAP 0/12002MB (cached 0MB) CPU [5%@1510,1%@1510,0%@1510,0%@1510,1%@1510,2%@1510] GR3D_FREQ 0% cpu@46.25C soc2@45.687C soc0@44.125C gpu@45.625C tj@46.25C soc1@44C VDD_IN 4240mW/4294mW VDD_CPU_GPU_CV 996mW/1026mW VDD_SOC 1397mW/1397mW
08-23-2026 04:41:17 RAM 3047/7620MB (lfb 5x4MB) SWAP 0/12002MB (cached 0MB) CPU [5%@1510,0%@1510,0%@1510,1%@1510,1%@1510,1%@1510] GR3D_FREQ 0% cpu@46.437C soc2@45.718C soc0@44.031C gpu@45.656C tj@46.437C soc1@44.062C VDD_IN 4240mW/4294mW VDD_CPU_GPU_CV 996mW/1026mW VDD_SOC 1397mW/1397mW
08-23-2026 04:41:18 RAM 3047/7620MB (lfb 5x4MB) SWAP 0/12002MB (cached 0MB) CPU [6%@1510,0%@1510,0%@1510,2%@1510,2%@1510,2%@1510] GR3D_FREQ 0% cpu@46.562C soc2@45.625C soc0@43.937C gpu@45.687C tj@46.562C soc1@44.093C VDD_IN 4233mW/4294mW VDD_CPU_GPU_CV 996mW/1026mW VDD_SOC 1397mW/1397mW
08-23-2026 04:41:19 RAM 3045/7620MB (lfb 5x4MB) SWAP 0/12002MB (cached 0MB) CPU [5%@1510,0%@1510,1%@1510,1%@1510,2%@1510,0%@1510] GR3D_FREQ 0% cpu@46.437C soc2@45.687C soc0@43.906C gpu@45.593C tj@46.437C soc1@43.937C VDD_IN 4233mW/4293mW VDD_CPU_GPU_CV 996mW/1026mW VDD_SOC 1397mW/1397mW
08-23-2026 04:41:20 RAM 3046/7620MB (lfb 5x4MB) SWAP 0/12002MB (cached 0MB) CPU [4%@1510,0%@1510,3%@1510,0%@1510,2%@1510,2%@1510] GR3D_FREQ 0% cpu@46.187C soc2@45.656C soc0@44C gpu@45.593C tj@46.187C soc1@44C VDD_IN 4313mW/4293mW VDD_CPU_GPU_CV 1036mW/1026mW VDD_SOC 1397mW/1397mW
08-23-2026 04:41:21 RAM 3046/7620MB (lfb 5x4MB) SWAP 0/12002MB (cached 0MB) CPU [4%@1510,0%@1510,0%@1510,0%@1510,0%@1510,1%@1510] GR3D_FREQ 0% cpu@46.25C soc2@45.687C soc0@44.125C gpu@45.843C tj@46.25C soc1@43.875C VDD_IN 4273mW/4293mW VDD_CPU_GPU_CV 996mW/1025mW VDD_SOC 1397mW/1397mW
08-23-2026 04:41:22 RAM 3046/7620MB (lfb 5x4MB) SWAP 0/12002MB (cached 0MB) CPU [4%@1510,1%@1510,1%@1510,0%@1510,2%@1510,1%@1510] GR3D_FREQ 0% cpu@46.312C soc2@45.687C soc0@44.062C gpu@45.875C tj@46.312C soc1@44.062C VDD_IN 4233mW/4293mW VDD_CPU_GPU_CV 996mW/1025mW VDD_SOC 1397mW/1397mW
08-23-2026 04:41:23 RAM 3045/7620MB (lfb 5x4MB) SWAP 0/12002MB (cached 0MB) CPU [2%@1510,1%@1510,0%@1510,1%@1510,2%@1510,1%@1510] GR3D_FREQ 0% cpu@46.312C soc2@45.75C soc0@43.937C gpu@45.906C tj@46.625C soc1@44.031C VDD_IN 4233mW/4293mW VDD_CPU_GPU_CV 996mW/1025mW VDD_SOC 1397mW/1397mW
08-23-2026 04:41:24 RAM 3045/7620MB (lfb 5x4MB) SWAP 0/12002MB (cached 0MB) CPU [4%@1510,0%@1510,1%@1510,0%@1510,1%@1510,0%@1510] GR3D_FREQ 0% cpu@46.375C soc2@45.687C soc0@44.031C gpu@45.875C tj@46.375C soc1@44.062C VDD_IN 4233mW/4293mW VDD_CPU_GPU_CV 996mW/1025mW VDD_SOC 1397mW/1397mW
08-23-2026 04:41:25 RAM 3046/7620MB (lfb 5x4MB) SWAP 0/12002MB (cached 0MB) CPU [4%@1510,1%@1510,3%@1510,1%@1510,1%@1510,0%@1510] GR3D_FREQ 0% cpu@46.343C soc2@45.593C soc0@44.031C gpu@45.937C tj@46.343C soc1@44C VDD_IN 4313mW/4293mW VDD_CPU_GPU_CV 1036mW/1025mW VDD_SOC 1397mW/1397mW
08-23-2026 04:41:26 RAM 3046/7620MB (lfb 5x4MB) SWAP 0/12002MB (cached 0MB) CPU [4%@1510,0%@1510,1%@1510,1%@1510,3%@1510,2%@1510] GR3D_FREQ 0% cpu@46.312C soc2@45.625C soc0@44.156C gpu@45.968C tj@46.312C soc1@44C VDD_IN 4273mW/4293mW VDD_CPU_GPU_CV 996mW/1025mW VDD_SOC 1397mW/1397mW
08-23-2026 04:41:27 RAM 3045/7620MB (lfb 5x4MB) SWAP 0/12002MB (cached 0MB) CPU [4%@1510,1%@1510,0%@1510,0%@1510,1%@1510,1%@1510] GR3D_FREQ 0% cpu@46.406C soc2@45.781C soc0@44.062C gpu@45.937C tj@46.406C soc1@43.968C VDD_IN 4240mW/4293mW VDD_CPU_GPU_CV 996mW/1025mW VDD_SOC 1397mW/1397mW
08-23-2026 04:41:28 RAM 3045/7620MB (lfb 5x4MB) SWAP 0/12002MB (cached 0MB) CPU [4%@1510,0%@1510,2%@1510,0%@1510,1%@1510,1%@1510] GR3D_FREQ 0% cpu@46.312C soc2@45.781C soc0@43.968C gpu@46.062C tj@46.312C soc1@44.031C VDD_IN 4240mW/4293mW VDD_CPU_GPU_CV 996mW/1025mW VDD_SOC 1397mW/1397mW
08-23-2026 04:41:29 RAM 3045/7620MB (lfb 5x4MB) SWAP 0/12002MB (cached 0MB) CPU [3%@1510,1%@1510,0%@1510,0%@1510,0%@1510,0%@1510] GR3D_FREQ 0% cpu@46.406C soc2@45.562C soc0@43.968C gpu@45.718C tj@46.406C soc1@44.156C VDD_IN 4233mW/4293mW VDD_CPU_GPU_CV 996mW/1025mW VDD_SOC 1397mW/1397mW
08-23-2026 04:41:30 RAM 3045/7620MB (lfb 5x4MB) SWAP 0/12002MB (cached 0MB) CPU [4%@1510,1%@1510,1%@1510,2%@1510,1%@1510,1%@1510] GR3D_FREQ 0% cpu@46.25C soc2@45.625C soc0@44C gpu@45.656C tj@46.25C soc1@44C VDD_IN 4313mW/4293mW VDD_CPU_GPU_CV 1036mW/1025mW VDD_SOC 1397mW/1397mW
08-23-2026 04:41:31 RAM 3046/7620MB (lfb 5x4MB) SWAP 0/12002MB (cached 0MB) CPU [3%@1510,1%@1510,1%@1510,0%@1510,1%@1510,2%@1510] GR3D_FREQ 0% cpu@46.25C soc2@45.718C soc0@44.062C gpu@45.781C tj@46.25C soc1@44C VDD_IN 4273mW/4293mW VDD_CPU_GPU_CV 1036mW/1025mW VDD_SOC 1397mW/1397mW
08-23-2026 04:41:32 RAM 3046/7620MB (lfb 5x4MB) SWAP 0/12002MB (cached 0MB) CPU [4%@1510,0%@1510,2%@1510,2%@1510,2%@1510,2%@1510] GR3D_FREQ 0% cpu@46.468C soc2@45.718C soc0@44.125C gpu@45.75C tj@46.468C soc1@44.062C VDD_IN 4353mW/4293mW VDD_CPU_GPU_CV 1036mW/1025mW VDD_SOC 1397mW/1397mW
08-23-2026 04:41:33 RAM 3045/7620MB (lfb 5x4MB) SWAP 0/12002MB (cached 0MB) CPU [5%@1510,1%@1510,0%@1510,2%@1510,2%@1510,0%@1510] GR3D_FREQ 0% cpu@46.281C soc2@45.718C soc0@44C gpu@45.75C tj@46.281C soc1@44.031C VDD_IN 4313mW/4293mW VDD_CPU_GPU_CV 1036mW/1025mW VDD_SOC 1397mW/1397mW
08-23-2026 04:41:34 RAM 3044/7620MB (lfb 5x4MB) SWAP 0/12002MB (cached 0MB) CPU [4%@1510,0%@1510,0%@1510,0%@1510,1%@1510,2%@1510] GR3D_FREQ 0% cpu@46.437C soc2@45.625C soc0@44.031C gpu@45.843C tj@46.437C soc1@44.156C VDD_IN 4273mW/4293mW VDD_CPU_GPU_CV 996mW/1025mW VDD_SOC 1397mW/1397mW
08-23-2026 04:41:35 RAM 3045/7620MB (lfb 5x4MB) SWAP 0/12002MB (cached 0MB) CPU [3%@1510,0%@1510,0%@1510,3%@1510,2%@1510,2%@1510] GR3D_FREQ 0% cpu@46.281C soc2@45.656C soc0@43.937C gpu@45.781C tj@46.281C soc1@44.031C VDD_IN 4313mW/4293mW VDD_CPU_GPU_CV 1036mW/1025mW VDD_SOC 1397mW/1397mW
08-23-2026 04:41:36 RAM 3044/7620MB (lfb 5x4MB) SWAP 0/12002MB (cached 0MB) CPU [4%@1510,1%@1510,0%@1510,0%@1510,0%@1510,1%@1510] GR3D_FREQ 0% cpu@46.468C soc2@45.781C soc0@44.125C gpu@45.593C tj@46.25C soc1@44.031C VDD_IN 4273mW/4293mW VDD_CPU_GPU_CV 996mW/1025mW VDD_SOC 1397mW/1397mW
08-23-2026 04:41:37 RAM 3044/7620MB (lfb 5x4MB) SWAP 0/12002MB (cached 0MB) CPU [3%@1510,1%@1510,1%@1510,0%@1510,0%@1510,1%@1510] GR3D_FREQ 0% cpu@46.281C soc2@45.843C soc0@44.25C gpu@45.593C tj@46.437C soc1@44.093C VDD_IN 4273mW/4293mW VDD_CPU_GPU_CV 996mW/1025mW VDD_SOC 1397mW/1397mW
08-23-2026 04:41:38 RAM 3044/7620MB (lfb 5x4MB) SWAP 0/12002MB (cached 0MB) CPU [6%@1510,1%@1510,0%@1510,1%@1510,1%@1510,1%@1510] GR3D_FREQ 0% cpu@46.375C soc2@45.843C soc0@43.937C gpu@45.625C tj@46.375C soc1@44.062C VDD_IN 4240mW/4293mW VDD_CPU_GPU_CV 996mW/1025mW VDD_SOC 1397mW/1397mW
08-23-2026 04:41:39 RAM 3043/7620MB (lfb 5x4MB) SWAP 0/12002MB (cached 0MB) CPU [5%@1510,1%@1510,0%@1510,0%@1510,0%@1510,0%@1510] GR3D_FREQ 0% cpu@46.406C soc2@45.687C soc0@44.093C gpu@45.687C tj@46.406C soc1@44.187C VDD_IN 4233mW/4293mW VDD_CPU_GPU_CV 996mW/1025mW VDD_SOC 1397mW/1397mW
08-23-2026 04:41:40 RAM 3044/7620MB (lfb 5x4MB) SWAP 0/12002MB (cached 0MB) CPU [2%@1510,1%@1510,1%@1510,1%@1510,2%@1510,0%@1510] GR3D_FREQ 0% cpu@46.281C soc2@45.75C soc0@44.062C gpu@45.718C tj@46.281C soc1@44.062C VDD_IN 4313mW/4293mW VDD_CPU_GPU_CV 1036mW/1025mW VDD_SOC 1397mW/1397mW
08-23-2026 04:41:41 RAM 3043/7620MB (lfb 5x4MB) SWAP 0/12002MB (cached 0MB) CPU [5%@1510,2%@1510,0%@1510,0%@1510,0%@1510,2%@1510] GR3D_FREQ 0% cpu@46.25C soc2@45.75C soc0@44.156C gpu@45.687C tj@46.25C soc1@44.093C VDD_IN 4273mW/4293mW VDD_CPU_GPU_CV 996mW/1025mW VDD_SOC 1397mW/1397mW
08-23-2026 04:41:42 RAM 3044/7620MB (lfb 5x4MB) SWAP 0/12002MB (cached 0MB) CPU [6%@1510,1%@1510,0%@1510,0%@1510,0%@1510,2%@1510] GR3D_FREQ 0% cpu@46.406C soc2@45.812C soc0@44.156C gpu@45.75C tj@46.406C soc1@44.062C VDD_IN 4273mW/4293mW VDD_CPU_GPU_CV 996mW/1025mW VDD_SOC 1397mW/1397mW
08-23-2026 04:41:43 RAM 3044/7620MB (lfb 5x4MB) SWAP 0/12002MB (cached 0MB) CPU [3%@1510,2%@1510,1%@1510,0%@1510,0%@1510,0%@1510] GR3D_FREQ 0% cpu@46.281C soc2@45.812C soc0@44.093C gpu@45.875C tj@46.281C soc1@44.062C VDD_IN 4233mW/4293mW VDD_CPU_GPU_CV 996mW/1025mW VDD_SOC 1397mW/1397mW
08-23-2026 04:41:44 RAM 3044/7620MB (lfb 5x4MB) SWAP 0/12002MB (cached 0MB) CPU [5%@1510,1%@1510,0%@1510,0%@1510,0%@1510,0%@1510] GR3D_FREQ 0% cpu@46.5C soc2@45.656C soc0@44.125C gpu@46C tj@46.5C soc1@44.156C VDD_IN 4233mW/4293mW VDD_CPU_GPU_CV 996mW/1025mW VDD_SOC 1397mW/1397mW
08-23-2026 04:41:45 RAM 3044/7620MB (lfb 5x4MB) SWAP 0/12002MB (cached 0MB) CPU [6%@1510,0%@1510,2%@1510,2%@1510,2%@1510,1%@1510] GR3D_FREQ 0% cpu@46.781C soc2@45.75C soc0@44.125C gpu@46C tj@46.781C soc1@44C VDD_IN 4313mW/4293mW VDD_CPU_GPU_CV 1036mW/1025mW VDD_SOC 1397mW/1397mW
08-23-2026 04:41:46 RAM 3044/7620MB (lfb 5x4MB) SWAP 0/12002MB (cached 0MB) CPU [5%@1510,0%@1510,2%@1510,1%@1510,0%@1510,1%@1510] GR3D_FREQ 0% cpu@46.406C soc2@45.812C soc0@44.156C gpu@46.031C tj@46.406C soc1@44.031C VDD_IN 4313mW/4293mW VDD_CPU_GPU_CV 1036mW/1025mW VDD_SOC 1397mW/1397mW
08-23-2026 04:41:47 RAM 3044/7620MB (lfb 5x4MB) SWAP 0/12002MB (cached 0MB) CPU [5%@1510,1%@1510,2%@1510,3%@1510,3%@1510,1%@1510] GR3D_FREQ 0% cpu@46.5C soc2@45.812C soc0@44.375C gpu@45.937C tj@46.5C soc1@44.031C VDD_IN 4353mW/4293mW VDD_CPU_GPU_CV 1036mW/1025mW VDD_SOC 1397mW/1397mW
08-23-2026 04:41:48 RAM 3044/7620MB (lfb 5x4MB) SWAP 0/12002MB (cached 0MB) CPU [4%@1510,1%@1510,1%@1510,0%@1510,1%@1510,1%@1510] GR3D_FREQ 0% cpu@46.343C soc2@45.843C soc0@44.093C gpu@46.062C tj@46.343C soc1@44.125C VDD_IN 4313mW/4293mW VDD_CPU_GPU_CV 1036mW/1025mW VDD_SOC 1397mW/1397mW
08-23-2026 04:41:49 RAM 3044/7620MB (lfb 5x4MB) SWAP 0/12002MB (cached 0MB) CPU [5%@1510,0%@1510,1%@1510,1%@1510,0%@1510,0%@1510] GR3D_FREQ 0% cpu@46.562C soc2@45.875C soc0@44.093C gpu@45.75C tj@46.562C soc1@44.156C VDD_IN 4273mW/4293mW VDD_CPU_GPU_CV 996mW/1025mW VDD_SOC 1397mW/1397mW
08-23-2026 04:41:50 RAM 3044/7620MB (lfb 5x4MB) SWAP 0/12002MB (cached 0MB) CPU [4%@1510,0%@1510,1%@1510,2%@1510,1%@1510,2%@1510] GR3D_FREQ 0% cpu@46.781C soc2@45.75C soc0@44.125C gpu@45.843C tj@46.781C soc1@44.062C VDD_IN 4313mW/4293mW VDD_CPU_GPU_CV 1036mW/1025mW VDD_SOC 1397mW/1397mW
08-23-2026 04:41:51 RAM 3044/7620MB (lfb 5x4MB) SWAP 0/12002MB (cached 0MB) CPU [5%@1510,1%@1510,1%@1510,1%@1510,0%@1510,1%@1510] GR3D_FREQ 0% cpu@46.437C soc2@45.812C soc0@44.218C gpu@45.781C tj@46.437C soc1@44.031C VDD_IN 4273mW/4293mW VDD_CPU_GPU_CV 996mW/1025mW VDD_SOC 1397mW/1397mW
08-23-2026 04:41:52 RAM 3044/7620MB (lfb 5x4MB) SWAP 0/12002MB (cached 0MB) CPU [3%@1510,1%@1510,0%@1510,0%@1510,0%@1510,1%@1510] GR3D_FREQ 0% cpu@46.468C soc2@45.812C soc0@44.281C gpu@45.875C tj@46.468C soc1@44.031C VDD_IN 4233mW/4293mW VDD_CPU_GPU_CV 996mW/1025mW VDD_SOC 1397mW/1397mW
08-23-2026 04:41:53 RAM 3043/7620MB (lfb 5x4MB) SWAP 0/12002MB (cached 0MB) CPU [5%@1510,2%@1510,1%@1510,0%@1510,0%@1510,0%@1510] GR3D_FREQ 0% cpu@46.375C soc2@45.875C soc0@44.093C gpu@45.812C tj@46.375C soc1@44.218C VDD_IN 4240mW/4293mW VDD_CPU_GPU_CV 996mW/1025mW VDD_SOC 1397mW/1397mW
08-23-2026 04:41:54 RAM 3044/7620MB (lfb 5x4MB) SWAP 0/12002MB (cached 0MB) CPU [5%@1510,0%@1510,1%@1510,1%@1510,0%@1510,0%@1510] GR3D_FREQ 0% cpu@46.562C soc2@45.75C soc0@44.281C gpu@45.875C tj@46.562C soc1@44.187C VDD_IN 4240mW/4293mW VDD_CPU_GPU_CV 996mW/1025mW VDD_SOC 1397mW/1397mW
08-23-2026 04:41:55 RAM 3042/7620MB (lfb 5x4MB) SWAP 0/12002MB (cached 0MB) CPU [4%@1510,1%@1510,2%@1510,0%@1510,1%@1510,4%@1510] GR3D_FREQ 0% cpu@46.812C soc2@45.75C soc0@44.125C gpu@45.781C tj@46.812C soc1@44.062C VDD_IN 4313mW/4293mW VDD_CPU_GPU_CV 1036mW/1025mW VDD_SOC 1397mW/1397mW
08-23-2026 04:41:56 RAM 3042/7620MB (lfb 5x4MB) SWAP 0/12002MB (cached 0MB) CPU [5%@1510,1%@1510,1%@1510,1%@1510,0%@1510,0%@1510] GR3D_FREQ 0% cpu@46.625C soc2@45.781C soc0@44.218C gpu@45.718C tj@46.406C soc1@44C VDD_IN 4273mW/4293mW VDD_CPU_GPU_CV 996mW/1025mW VDD_SOC 1397mW/1397mW
08-23-2026 04:41:57 RAM 3042/7620MB (lfb 5x4MB) SWAP 0/12002MB (cached 0MB) CPU [4%@1510,0%@1510,0%@1510,0%@1510,1%@1510,1%@1510] GR3D_FREQ 0% cpu@46.375C soc2@45.812C soc0@44.281C gpu@45.75C tj@46.437C soc1@44.125C VDD_IN 4233mW/4292mW VDD_CPU_GPU_CV 996mW/1025mW VDD_SOC 1397mW/1397mW
08-23-2026 04:41:58 RAM 3042/7620MB (lfb 5x4MB) SWAP 0/12002MB (cached 0MB) CPU [4%@1510,0%@1510,1%@1510,2%@1510,0%@1510,1%@1510] GR3D_FREQ 0% cpu@46.437C soc2@45.843C soc0@44.093C gpu@45.75C tj@46.437C soc1@44.187C VDD_IN 4273mW/4292mW VDD_CPU_GPU_CV 996mW/1025mW VDD_SOC 1397mW/1397mW
08-23-2026 04:41:59 RAM 3042/7620MB (lfb 5x4MB) SWAP 0/12002MB (cached 0MB) CPU [5%@1510,1%@1510,0%@1510,0%@1510,0%@1510,0%@1510] GR3D_FREQ 0% cpu@46.531C soc2@45.75C soc0@44.218C gpu@45.812C tj@46.531C soc1@44.25C VDD_IN 4233mW/4292mW VDD_CPU_GPU_CV 996mW/1025mW VDD_SOC 1397mW/1397mW
08-23-2026 04:42:00 RAM 3043/7620MB (lfb 5x4MB) SWAP 0/12002MB (cached 0MB) CPU [5%@1510,0%@1510,0%@1510,3%@1510,2%@1510,1%@1510] GR3D_FREQ 0% cpu@46.75C soc2@45.875C soc0@44.156C gpu@45.781C tj@46.75C soc1@44.281C VDD_IN 4273mW/4292mW VDD_CPU_GPU_CV 1036mW/1025mW VDD_SOC 1397mW/1397mW
08-23-2026 04:42:02 RAM 3043/7620MB (lfb 5x4MB) SWAP 0/12002MB (cached 0MB) CPU [4%@1510,0%@1510,1%@1510,0%@1510,1%@1510,1%@1510] GR3D_FREQ 0% cpu@46.5C soc2@45.875C soc0@44.25C gpu@45.781C tj@46.5C soc1@44.156C VDD_IN 4273mW/4292mW VDD_CPU_GPU_CV 996mW/1025mW VDD_SOC 1397mW/1397mW
08-23-2026 04:42:03 RAM 3043/7620MB (lfb 5x4MB) SWAP 0/12002MB (cached 0MB) CPU [5%@1510,1%@1510,2%@1510,2%@1510,1%@1510,1%@1510] GR3D_FREQ 0% cpu@46.437C soc2@45.875C soc0@44.312C gpu@45.843C tj@46.437C soc1@44.218C VDD_IN 4313mW/4292mW VDD_CPU_GPU_CV 1036mW/1025mW VDD_SOC 1397mW/1397mW
08-23-2026 04:42:04 RAM 3042/7620MB (lfb 5x4MB) SWAP 0/12002MB (cached 0MB) CPU [5%@1510,1%@1510,1%@1510,1%@1510,2%@1510,1%@1510] GR3D_FREQ 0% cpu@46.562C soc2@45.906C soc0@44.25C gpu@45.75C tj@46.562C soc1@44.218C VDD_IN 4273mW/4292mW VDD_CPU_GPU_CV 1036mW/1025mW VDD_SOC 1397mW/1397mW
08-23-2026 04:42:05 RAM 3042/7620MB (lfb 5x4MB) SWAP 0/12002MB (cached 0MB) CPU [4%@1510,1%@1510,0%@1510,0%@1510,0%@1510,0%@1510] GR3D_FREQ 0% cpu@46.625C soc2@45.937C soc0@44.218C gpu@45.718C tj@46.625C soc1@44.281C VDD_IN 4233mW/4292mW VDD_CPU_GPU_CV 996mW/1025mW VDD_SOC 1397mW/1397mW
08-23-2026 04:42:06 RAM 3042/7620MB (lfb 5x4MB) SWAP 0/12002MB (cached 0MB) CPU [4%@1510,0%@1510,3%@1510,2%@1510,1%@1510,1%@1510] GR3D_FREQ 0% cpu@46.781C soc2@45.843C soc0@44.25C gpu@45.875C tj@46.781C soc1@44.343C VDD_IN 4273mW/4292mW VDD_CPU_GPU_CV 1036mW/1025mW VDD_SOC 1397mW/1397mW
08-23-2026 04:42:07 RAM 3041/7620MB (lfb 5x4MB) SWAP 0/12002MB (cached 0MB) CPU [5%@1510,0%@1510,0%@1510,1%@1510,1%@1510,0%@1510] GR3D_FREQ 0% cpu@46.656C soc2@45.843C soc0@44.187C gpu@46.062C tj@46.656C soc1@44.125C VDD_IN 4273mW/4292mW VDD_CPU_GPU_CV 996mW/1025mW VDD_SOC 1397mW/1397mW
08-23-2026 04:42:08 RAM 3043/7620MB (lfb 5x4MB) SWAP 0/12002MB (cached 0MB) CPU [4%@1510,1%@1510,0%@1510,0%@1510,1%@1510,0%@1510] GR3D_FREQ 0% cpu@46.343C soc2@45.875C soc0@44.312C gpu@46.093C tj@46.343C soc1@44.093C VDD_IN 4240mW/4292mW VDD_CPU_GPU_CV 996mW/1025mW VDD_SOC 1397mW/1397mW
08-23-2026 04:42:09 RAM 3043/7620MB (lfb 5x4MB) SWAP 0/12002MB (cached 0MB) CPU [4%@1510,1%@1510,1%@1510,0%@1510,0%@1510,0%@1510] GR3D_FREQ 0% cpu@46.531C soc2@45.875C soc0@44.25C gpu@46.062C tj@46.531C soc1@44.25C VDD_IN 4240mW/4292mW VDD_CPU_GPU_CV 996mW/1025mW VDD_SOC 1397mW/1397mW
08-23-2026 04:42:10 RAM 3043/7620MB (lfb 5x4MB) SWAP 0/12002MB (cached 0MB) CPU [5%@1510,0%@1510,0%@1510,2%@1510,0%@1510,1%@1510] GR3D_FREQ 0% cpu@46.593C soc2@45.968C soc0@44.125C gpu@46.156C tj@46.593C soc1@44.156C VDD_IN 4240mW/4292mW VDD_CPU_GPU_CV 996mW/1024mW VDD_SOC 1397mW/1397mW
08-23-2026 04:42:11 RAM 3042/7620MB (lfb 5x4MB) SWAP 0/12002MB (cached 0MB) CPU [6%@1510,0%@1510,1%@1510,2%@1510,1%@1510,3%@1510] GR3D_FREQ 0% cpu@46.812C soc2@45.875C soc0@44.25C gpu@46.156C tj@46.812C soc1@44.343C VDD_IN 4273mW/4292mW VDD_CPU_GPU_CV 1036mW/1025mW VDD_SOC 1397mW/1397mW
08-23-2026 04:42:12 RAM 3042/7620MB (lfb 5x4MB) SWAP 0/12002MB (cached 0MB) CPU [4%@1510,1%@1510,0%@1510,1%@1510,1%@1510,0%@1510] GR3D_FREQ 0% cpu@46.625C soc2@45.875C soc0@44.187C gpu@46.312C tj@46.625C soc1@44.125C VDD_IN 4273mW/4292mW VDD_CPU_GPU_CV 996mW/1024mW VDD_SOC 1397mW/1397mW
08-23-2026 04:42:13 RAM 3042/7620MB (lfb 5x4MB) SWAP 0/12002MB (cached 0MB) CPU [4%@1510,0%@1510,1%@1510,1%@1510,0%@1510,1%@1510] GR3D_FREQ 0% cpu@46.468C soc2@45.875C soc0@44.312C gpu@46.218C tj@46.468C soc1@44.093C VDD_IN 4240mW/4292mW VDD_CPU_GPU_CV 996mW/1024mW VDD_SOC 1397mW/1397mW
08-23-2026 04:42:14 RAM 3043/7620MB (lfb 5x4MB) SWAP 0/12002MB (cached 0MB) CPU [5%@1510,1%@1510,0%@1510,1%@1510,0%@1510,1%@1510] GR3D_FREQ 0% cpu@46.5C soc2@45.875C soc0@44.375C gpu@45.906C tj@46.5C soc1@44.218C VDD_IN 4240mW/4292mW VDD_CPU_GPU_CV 996mW/1024mW VDD_SOC 1397mW/1397mW
08-23-2026 04:42:15 RAM 3043/7620MB (lfb 5x4MB) SWAP 0/12002MB (cached 0MB) CPU [4%@1510,1%@1510,1%@1510,2%@1510,2%@1510,2%@1510] GR3D_FREQ 0% cpu@46.562C soc2@45.906C soc0@44.125C gpu@45.875C tj@46.562C soc1@44.25C VDD_IN 4240mW/4292mW VDD_CPU_GPU_CV 996mW/1024mW VDD_SOC 1397mW/1397mW
08-23-2026 04:42:16 RAM 3042/7620MB (lfb 5x4MB) SWAP 0/12002MB (cached 0MB) CPU [4%@1510,1%@1510,1%@1510,1%@1510,3%@1510,1%@1510] GR3D_FREQ 0% cpu@46.875C soc2@45.812C soc0@44.218C gpu@46C tj@46.875C soc1@44.25C VDD_IN 4273mW/4292mW VDD_CPU_GPU_CV 996mW/1024mW VDD_SOC 1397mW/1397mW
08-23-2026 04:42:17 RAM 3042/7620MB (lfb 5x4MB) SWAP 0/12002MB (cached 0MB) CPU [5%@1510,1%@1510,0%@1510,0%@1510,0%@1510,1%@1510] GR3D_FREQ 0% cpu@46.625C soc2@45.875C soc0@44.25C gpu@45.875C tj@46.625C soc1@44.125C VDD_IN 4273mW/4292mW VDD_CPU_GPU_CV 996mW/1024mW VDD_SOC 1397mW/1397mW
08-23-2026 04:42:18 RAM 3043/7620MB (lfb 5x4MB) SWAP 0/12002MB (cached 0MB) CPU [5%@1510,1%@1510,2%@1510,2%@1510,3%@1510,2%@1510] GR3D_FREQ 0% cpu@46.5C soc2@45.875C soc0@44.375C gpu@46C tj@46.5C soc1@44.187C VDD_IN 4313mW/4292mW VDD_CPU_GPU_CV 1036mW/1024mW VDD_SOC 1397mW/1397mW
08-23-2026 04:42:19 RAM 3042/7620MB (lfb 5x4MB) SWAP 0/12002MB (cached 0MB) CPU [4%@1510,1%@1510,1%@1510,2%@1510,0%@1510,2%@1510] GR3D_FREQ 0% cpu@46.625C soc2@46C soc0@44.375C gpu@46.031C tj@46.625C soc1@44.281C VDD_IN 4273mW/4292mW VDD_CPU_GPU_CV 996mW/1024mW VDD_SOC 1397mW/1397mW
08-23-2026 04:42:20 RAM 3042/7620MB (lfb 5x4MB) SWAP 0/12002MB (cached 0MB) CPU [3%@1510,1%@1510,0%@1510,0%@1510,0%@1510,1%@1510] GR3D_FREQ 0% cpu@46.656C soc2@45.937C soc0@44.437C gpu@46.031C tj@46.656C soc1@44.218C VDD_IN 4240mW/4292mW VDD_CPU_GPU_CV 996mW/1024mW VDD_SOC 1397mW/1397mW
08-23-2026 04:42:21 RAM 3003/7620MB (lfb 5x4MB) SWAP 0/12002MB (cached 0MB) CPU [5%@1510,1%@1510,2%@1510,2%@1510,15%@1510,2%@1510] GR3D_FREQ 0% cpu@46.875C soc2@45.906C soc0@44.218C gpu@46.031C tj@46.875C soc1@44.312C VDD_IN 4313mW/4292mW VDD_CPU_GPU_CV 1036mW/1024mW VDD_SOC 1397mW/1397mW
08-23-2026 04:42:22 RAM 3003/7620MB (lfb 5x4MB) SWAP 0/12002MB (cached 0MB) CPU [5%@1510,0%@1510,0%@1510,2%@1510,0%@1510,1%@1510] GR3D_FREQ 0% cpu@46.718C soc2@45.875C soc0@44.343C gpu@45.875C tj@46.718C soc1@44.375C VDD_IN 4233mW/4292mW VDD_CPU_GPU_CV 996mW/1024mW VDD_SOC 1397mW/1397mW
08-23-2026 04:42:23 RAM 3003/7620MB (lfb 5x4MB) SWAP 0/12002MB (cached 0MB) CPU [3%@1510,1%@1510,1%@1510,3%@1510,1%@1510,2%@1510] GR3D_FREQ 0% cpu@46.5C soc2@45.906C soc0@44.375C gpu@45.843C tj@46.5C soc1@44.312C VDD_IN 4273mW/4292mW VDD_CPU_GPU_CV 996mW/1024mW VDD_SOC 1397mW/1397mW
08-23-2026 04:42:24 RAM 2347/7620MB (lfb 24x4MB) SWAP 0/12002MB (cached 0MB) CPU [4%@1510,4%@1510,1%@1510,1%@1510,1%@1510,3%@1510] GR3D_FREQ 0% cpu@46.562C soc2@45.968C soc0@44.343C gpu@45.875C tj@46.562C soc1@44.375C VDD_IN 4273mW/4292mW VDD_CPU_GPU_CV 996mW/1024mW VDD_SOC 1397mW/1397mW
08-23-2026 04:42:25 RAM 2347/7620MB (lfb 24x4MB) SWAP 0/12002MB (cached 0MB) CPU [4%@1510,0%@1510,1%@1510,0%@1510,0%@1510,0%@1510] GR3D_FREQ 0% cpu@46.593C soc2@45.968C soc0@44.406C gpu@45.906C tj@46.593C soc1@44.218C VDD_IN 4240mW/4291mW VDD_CPU_GPU_CV 996mW/1024mW VDD_SOC 1397mW/1397mW
08-23-2026 04:42:26 RAM 2347/7620MB (lfb 24x4MB) SWAP 0/12002MB (cached 0MB) CPU [4%@1510,0%@1510,0%@1510,1%@1510,3%@1510,2%@1510] GR3D_FREQ 0% cpu@46.593C soc2@45.937C soc0@44.218C gpu@45.875C tj@46.75C soc1@44.218C VDD_IN 4273mW/4291mW VDD_CPU_GPU_CV 996mW/1024mW VDD_SOC 1397mW/1397mW
