phys_ts,ap_pub_wall_ts,n_channels,resample_ms,z_eval_ms,bg_update_ms,dds_transport_ms,fsm_eval_ms,node_latency_ms,from_state,ap_state,rpn_result,counter,trigger_channels
1641776400.0,1786288880.3171914,1,1.1383,0.0579,,0.899,0.0346,0.338,NOMINAL,NOMINAL,STALE,0,
1641777300.0,1786288880.442063,1,1.2491,0.0568,,0.719,0.0306,0.311,NOMINAL,NOMINAL,STALE,0,
1641778200.0,1786288880.5668652,1,1.1538,0.0574,,0.666,0.0288,0.277,NOMINAL,NOMINAL,STALE,0,
1641779100.0,1786288880.6917386,1,1.1263,0.0575,,0.625,0.027,0.262,NOMINAL,NOMINAL,STALE,0,
1641780000.0,1786288880.8168786,1,1.0792,0.0545,,0.558,0.2918,0.572,NOMINAL,NOMINAL,STALE,0,
1641780900.0,1786288880.9414873,1,1.0245,0.053,,0.578,0.0252,0.278,NOMINAL,NOMINAL,STALE,0,
1641781800.0,1786288881.0667644,1,1.1166,0.0572,,0.668,0.027,0.266,NOMINAL,NOMINAL,STALE,0,
1641782700.0,1786288881.1915138,1,1.0395,0.054,,0.592,0.0336,0.264,NOMINAL,NOMINAL,STALE,0,
1641783600.0,1786288881.3166165,1,1.0423,0.0546,,0.654,0.0259,0.262,NOMINAL,NOMINAL,STALE,0,
1641784500.0,1786288881.4416091,1,1.0484,0.0566,,0.675,0.0267,0.264,NOMINAL,NOMINAL,STALE,0,
1641785400.0,1786288881.5666482,1,1.0468,0.0563,,0.661,0.0264,0.291,NOMINAL,NOMINAL,STALE,0,
1641786300.0,1786288881.6918402,1,1.1291,0.0572,,0.69,0.0279,0.294,NOMINAL,NOMINAL,STALE,0,
1641787200.0,1786288881.8165596,1,1.0235,0.0552,,0.538,0.0231,0.36,NOMINAL,NOMINAL,STALE,0,
1641788100.0,1786288881.9415731,1,1.0595,0.0562,,0.606,0.028,0.273,NOMINAL,NOMINAL,STALE,0,
1641789000.0,1786288882.0667555,1,1.117,0.0567,,0.643,0.025,0.264,NOMINAL,NOMINAL,STALE,0,
1641789900.0,1786288882.1914432,1,1.0168,0.0528,,0.559,0.0246,0.254,NOMINAL,NOMINAL,STALE,0,
1641790800.0,1786288882.3164902,1,0.9894,0.0564,,0.612,0.0256,0.249,NOMINAL,NOMINAL,STALE,0,
1641791700.0,1786288882.4417534,1,1.1412,0.056,,0.671,0.0278,0.263,NOMINAL,NOMINAL,STALE,0,
1641792600.0,1786288882.5666785,1,1.0326,0.0548,,0.664,0.027,0.333,NOMINAL,NOMINAL,STALE,0,
1641793500.0,1786288882.6919026,1,1.1498,0.0573,,0.702,0.0285,0.282,NOMINAL,NOMINAL,STALE,0,
1641794400.0,1786288882.8164713,1,1.0691,0.0543,,0.508,0.0251,0.249,NOMINAL,NOMINAL,STALE,0,
1641795300.0,1786288882.9415088,1,1.0404,0.0524,,0.583,0.0258,0.264,NOMINAL,NOMINAL,STALE,0,
1641796200.0,1786288883.0667286,1,1.1185,0.0541,,0.635,0.028,0.264,NOMINAL,NOMINAL,STALE,0,
1641797100.0,1786288883.1915426,1,1.0383,0.0546,,0.572,0.0267,0.261,NOMINAL,NOMINAL,STALE,0,
1641798000.0,1786288883.3172858,1,1.2433,0.0612,,0.689,0.03,0.317,NOMINAL,NOMINAL,STALE,0,
1641798900.0,1786288883.442404,1,1.254,0.0586,,0.893,0.0316,0.306,NOMINAL,NOMINAL,STALE,0,
1641799800.0,1786288883.5668063,1,1.1017,0.0534,,0.709,0.0281,0.28,NOMINAL,NOMINAL,STALE,0,
1641800700.0,1786288883.6919026,1,1.152,0.0587,,0.71,0.0297,0.278,NOMINAL,NOMINAL,STALE,0,
1641801600.0,1786288883.8164783,1,1.0216,0.0544,,0.561,0.0247,0.26,NOMINAL,NOMINAL,STALE,0,
1641802500.0,1786288883.9414477,1,0.9814,0.0554,,0.601,0.0258,0.256,NOMINAL,NOMINAL,STALE,0,
1641803400.0,1786288884.0674727,1,1.1056,0.0555,,0.747,0.0301,0.855,NOMINAL,NOMINAL,STALE,0,
1641804300.0,1786288884.1916032,1,1.0569,0.0561,,0.605,0.0284,0.288,NOMINAL,NOMINAL,STALE,0,
1641805200.0,1786288884.3165548,1,1.008,0.0553,,0.646,0.0251,0.255,NOMINAL,NOMINAL,STALE,0,
1641806100.0,1786288884.4427588,1,1.2538,0.0596,,0.877,0.0338,0.682,NOMINAL,NOMINAL,STALE,0,
1641807000.0,1786288884.566872,1,1.1111,0.0561,,0.726,0.0301,0.284,NOMINAL,NOMINAL,STALE,0,
1641807900.0,1786288884.691828,1,1.1145,0.0574,,0.718,0.0311,0.276,NOMINAL,NOMINAL,STALE,0,
1641808800.0,1786288884.8165855,1,1.0077,0.055,,0.564,0.0249,0.368,NOMINAL,NOMINAL,STALE,0,
1641809700.0,1786288884.9414582,1,0.9939,0.0517,,0.603,0.0256,0.258,NOMINAL,NOMINAL,STALE,0,
1641810600.0,1786288885.0667422,1,1.0578,0.0544,,0.67,0.0268,0.299,NOMINAL,NOMINAL,STALE,0,
1641811500.0,1786288885.191537,1,1.034,0.0563,,0.586,0.0253,0.261,NOMINAL,NOMINAL,STALE,0,
1641812400.0,1786288885.3165178,1,0.9921,0.0549,,0.619,0.0258,0.265,NOMINAL,NOMINAL,STALE,0,
1641813300.0,1786288885.4416397,1,1.0538,0.055,,0.658,0.0283,0.276,NOMINAL,NOMINAL,STALE,0,
1641814200.0,1786288885.566577,1,0.9997,0.0533,,0.663,0.0278,0.276,NOMINAL,NOMINAL,STALE,0,
1641815100.0,1786288885.6917486,1,1.0912,0.0558,,0.663,0.0282,0.274,NOMINAL,NOMINAL,STALE,0,
1641816000.0,1786288885.8170211,1,1.1188,0.0581,,0.861,0.0269,0.273,NOMINAL,NOMINAL,STALE,0,
1641816900.0,1786288885.9416258,1,1.1263,0.0536,,0.576,0.0259,0.255,NOMINAL,NOMINAL,STALE,0,
1641817800.0,1786288886.0667791,1,1.1047,0.0568,,0.66,0.0274,0.27,NOMINAL,NOMINAL,STALE,0,
1641818700.0,1786288886.1915493,1,1.0682,0.057,,0.552,0.0257,0.26,NOMINAL,NOMINAL,STALE,0,
1641819600.0,1786288886.3166108,1,1.0191,0.0556,,0.592,0.0246,0.325,NOMINAL,NOMINAL,STALE,0,
1641820500.0,1786288886.4417484,1,1.0837,0.0551,,0.671,0.0296,0.31,NOMINAL,NOMINAL,STALE,0,
1641821400.0,1786288886.566638,1,1.0268,0.0557,,0.67,0.0282,0.284,NOMINAL,NOMINAL,STALE,0,
1641822300.0,1786288886.6917837,1,1.1494,0.0549,,0.631,0.0276,0.25,NOMINAL,NOMINAL,STALE,0,
1641823200.0,1786288886.8164845,1,1.0672,0.0557,,0.535,0.0209,0.229,NOMINAL,NOMINAL,STALE,0,
1641824100.0,1786288886.9414444,1,1.0353,0.0545,,0.551,0.0241,0.251,NOMINAL,NOMINAL,STALE,0,
1641825000.0,1786288887.0664563,1,1.004,0.0567,,0.57,0.0239,0.253,NOMINAL,NOMINAL,STALE,0,
1641825900.0,1786288887.1917977,1,1.0988,0.0586,,0.674,0.0283,0.286,NOMINAL,NOMINAL,STALE,0,
1641826800.0,1786288887.316524,1,1.0083,0.0554,,0.594,0.0269,0.264,NOMINAL,NOMINAL,STALE,0,
1641827700.0,1786288887.441576,1,1.029,0.0533,,0.647,0.0257,0.269,NOMINAL,NOMINAL,STALE,0,
1641828600.0,1786288887.566645,1,1.0193,0.0515,,0.714,0.0276,0.271,NOMINAL,NOMINAL,STALE,0,
1641829500.0,1786288887.691891,1,1.1229,0.0556,,0.703,0.0284,0.286,NOMINAL,NOMINAL,STALE,0,
1641830400.0,1786288887.8164797,1,1.0338,0.0546,,0.546,0.024,0.246,NOMINAL,NOMINAL,STALE,0,
1641831300.0,1786288887.9414196,1,1.0185,0.0535,,0.546,0.0234,0.25,NOMINAL,NOMINAL,STALE,0,
1641832200.0,1786288888.0664062,1,0.9805,0.0544,,0.564,0.0232,0.25,NOMINAL,NOMINAL,STALE,0,
1641833100.0,1786288888.1916752,1,1.084,0.0541,,0.612,0.0269,0.267,NOMINAL,NOMINAL,STALE,0,
1641834000.0,1786288888.3178504,1,1.2206,0.0916,,0.744,0.03,0.912,NOMINAL,NOMINAL,STALE,0,
1641834900.0,1786288888.442375,1,1.2829,0.0597,,0.785,0.0305,0.341,NOMINAL,NOMINAL,STALE,0,
1641835800.0,1786288888.566907,1,1.1213,0.0542,,0.709,0.0309,0.291,NOMINAL,NOMINAL,STALE,0,
1641836700.0,1786288888.691735,1,1.0709,0.0536,,0.679,0.0292,0.276,NOMINAL,NOMINAL,STALE,0,
1641837600.0,1786288888.8165781,1,1.0488,0.0549,,0.592,0.0262,0.261,NOMINAL,NOMINAL,STALE,0,
1641838500.0,1786288888.9415243,1,1.0108,0.0536,,0.607,0.0265,0.246,NOMINAL,NOMINAL,STALE,0,
1641839400.0,1786288889.0666146,1,0.9675,0.0523,,0.588,0.0258,0.425,NOMINAL,NOMINAL,STALE,0,
1641840300.0,1786288889.191676,1,1.0611,0.0533,,0.621,0.0277,0.263,NOMINAL,NOMINAL,STALE,0,
1641841200.0,1786288889.3165565,1,1.0116,0.0522,,0.633,0.0257,0.246,NOMINAL,NOMINAL,STALE,0,
1641842100.0,1786288889.4423316,1,1.2205,0.0576,,0.853,0.0329,0.316,NOMINAL,NOMINAL,STALE,0,
1641843000.0,1786288889.566821,1,1.0968,0.0552,,0.706,0.0295,0.277,NOMINAL,NOMINAL,STALE,0,
1641843900.0,1786288889.6917987,1,1.1188,0.0549,,0.668,0.03,0.268,NOMINAL,NOMINAL,STALE,0,
1641844800.0,1786288889.8164968,1,1.0238,0.0536,,0.556,0.0254,0.251,NOMINAL,NOMINAL,STALE,0,
1641845700.0,1786288889.9415941,1,1.0638,0.0533,,0.582,0.0237,0.31,NOMINAL,NOMINAL,STALE,0,
1641846600.0,1786288890.06647,1,0.994,0.0526,,0.586,0.026,0.249,NOMINAL,NOMINAL,STALE,0,
1641847500.0,1786288890.1915925,1,1.0116,0.0511,,0.641,0.0276,0.256,NOMINAL,NOMINAL,STALE,0,
1641848400.0,1786288890.3165002,1,0.9893,0.0516,,0.595,0.0252,0.25,NOMINAL,NOMINAL,STALE,0,
1641849300.0,1786288890.4416955,1,1.0644,0.0551,,0.668,0.027,0.272,NOMINAL,NOMINAL,STALE,0,
1641850200.0,1786288890.5666075,1,1.0181,0.0535,,0.631,0.026,0.27,NOMINAL,NOMINAL,STALE,0,
1641851100.0,1786288890.6916702,1,1.0276,0.0533,,0.67,0.026,0.29,NOMINAL,NOMINAL,STALE,0,
1641852000.0,1786288890.8165307,1,1.0247,0.0531,,0.563,0.0251,0.247,NOMINAL,NOMINAL,STALE,0,
1641852900.0,1786288890.9414887,1,1.0117,0.0508,,0.569,0.0249,0.247,NOMINAL,NOMINAL,STALE,0,
1641853800.0,1786288891.0663745,1,0.9553,0.053,,0.557,0.024,0.234,NOMINAL,NOMINAL,STALE,0,
1641854700.0,1786288891.191612,1,1.0623,0.0545,,0.591,0.0253,0.253,NOMINAL,NOMINAL,STALE,0,
1641855600.0,1786288891.3164651,1,0.9907,0.0527,,0.587,0.0235,0.237,NOMINAL,NOMINAL,STALE,0,
1641856500.0,1786288891.4416492,1,1.0308,0.0535,,0.646,0.027,0.293,NOMINAL,NOMINAL,STALE,0,
1641857400.0,1786288891.5665646,1,0.9929,0.0526,,0.625,0.0271,0.261,NOMINAL,NOMINAL,STALE,0,
1641858300.0,1786288891.6916542,1,1.0327,0.053,,0.618,0.0255,0.311,NOMINAL,NOMINAL,STALE,0,
1641859200.0,1786288891.8181968,1,1.0261,0.1742,0.5644,0.55,0.0284,0.271,NOMINAL,NOMINAL,NORMAL,0,
1641860100.0,1786288891.9417312,1,1.124,0.1433,,0.57,0.0277,0.258,NOMINAL,NOMINAL,NORMAL,0,
1641861000.0,1786288892.0665538,1,1.0037,0.1378,,0.576,0.0254,0.251,NOMINAL,NOMINAL,NORMAL,0,
1641861900.0,1786288892.1914885,1,0.9908,0.1358,,0.538,0.0244,0.239,NOMINAL,NOMINAL,NORMAL,0,
1641862800.0,1786288892.316931,1,1.1103,0.1443,,0.673,0.0281,0.27,NOMINAL,NOMINAL,TRIGGERED,1,omni_p6
1641863700.0,1786288892.443338,1,1.1108,0.1446,,0.749,0.0439,1.674,NOMINAL,PRE_ALERT,TRIGGERED,2,omni_p6
1641864600.0,1786288892.5680876,1,1.0953,0.1403,,0.677,0.0416,1.501,PRE_ALERT,NOMINAL,NORMAL,0,
1641865500.0,1786288892.6918566,1,1.0796,0.1391,,0.662,0.0284,0.303,NOMINAL,NOMINAL,NORMAL,0,
1641866400.0,1786288892.816648,1,1.0596,0.1354,,0.569,0.0257,0.248,NOMINAL,NOMINAL,NORMAL,0,
1641867300.0,1786288892.9416642,1,1.062,0.1344,,0.606,0.0254,0.246,NOMINAL,NOMINAL,NORMAL,0,
1641868200.0,1786288893.066595,1,1.0054,0.1369,,0.597,0.0246,0.244,NOMINAL,NOMINAL,TRIGGERED,1,omni_p6
1641869100.0,1786288893.1932626,1,0.9645,0.129,,0.65,0.0394,1.949,NOMINAL,PRE_ALERT,TRIGGERED,2,omni_p6
1641870000.0,1786288893.3182156,1,1.1956,0.1814,,0.758,0.0476,1.19,PRE_ALERT,NOMINAL,NORMAL,0,
1641870900.0,1786288893.4423845,1,1.2308,0.1455,,0.81,0.0341,0.305,NOMINAL,NOMINAL,NORMAL,0,
1641871800.0,1786288893.5671005,1,1.1189,0.1405,,0.785,0.0303,0.314,NOMINAL,NOMINAL,NORMAL,0,
1641872700.0,1786288893.6918705,1,1.086,0.1374,,0.683,0.0319,0.3,NOMINAL,NOMINAL,NORMAL,0,
1641873600.0,1786288893.8166978,1,1.0579,0.1382,,0.588,0.0283,0.261,NOMINAL,NOMINAL,NORMAL,0,
1641874500.0,1786288893.941599,1,1.0232,0.1322,,0.586,0.0264,0.243,NOMINAL,NOMINAL,NORMAL,0,
1641875400.0,1786288894.0665443,1,0.9808,0.1371,,0.597,0.0254,0.241,NOMINAL,NOMINAL,TRIGGERED,1,omni_p6
1641876300.0,1786288894.1914608,1,0.9573,0.1321,,0.562,0.0243,0.228,NOMINAL,NOMINAL,NORMAL,0,
1641877200.0,1786288894.3167772,1,1.053,0.1343,,0.661,0.0278,0.253,NOMINAL,NOMINAL,NORMAL,0,
1641878100.0,1786288894.4426007,1,1.25,0.1512,,0.726,0.033,0.595,NOMINAL,NOMINAL,NORMAL,0,
1641879000.0,1786288894.5669715,1,1.1288,0.1421,,0.686,0.0314,0.304,NOMINAL,NOMINAL,NORMAL,0,
1641879900.0,1786288894.6918404,1,1.0921,0.1411,,0.663,0.0298,0.271,NOMINAL,NOMINAL,NORMAL,0,
1641880800.0,1786288894.81671,1,1.0835,0.1371,,0.568,0.0279,0.265,NOMINAL,NOMINAL,NORMAL,0,
1641881700.0,1786288894.9416566,1,1.0669,0.1354,,0.588,0.028,0.257,NOMINAL,NOMINAL,NORMAL,0,
1641882600.0,1786288895.0665286,1,0.9968,0.1282,,0.584,0.0271,0.246,NOMINAL,NOMINAL,NORMAL,0,
1641883500.0,1786288895.191513,1,0.982,0.1325,,0.564,0.026,0.239,NOMINAL,NOMINAL,NORMAL,0,
1641884400.0,1786288895.3166783,1,1.0168,0.1315,,0.637,0.0273,0.256,NOMINAL,NOMINAL,NORMAL,0,
1641885300.0,1786288895.441692,1,1.0506,0.1346,,0.638,0.0283,0.261,NOMINAL,NOMINAL,NORMAL,0,
1641886200.0,1786288895.5668736,1,1.0299,0.1357,,0.796,0.0295,0.264,NOMINAL,NOMINAL,NORMAL,0,
1641887100.0,1786288895.6916673,1,1.0291,0.1359,,0.622,0.0277,0.262,NOMINAL,NOMINAL,NORMAL,0,
1641888000.0,1786288895.816597,1,1.0403,0.1376,,0.562,0.0268,0.253,NOMINAL,NOMINAL,TRIGGERED,1,omni_p6
1641888900.0,1786288895.9415705,1,1.0194,0.1309,,0.589,0.0263,0.245,NOMINAL,NOMINAL,NORMAL,0,
1641889800.0,1786288896.0665152,1,0.9742,0.1304,,0.58,0.0254,0.257,NOMINAL,NOMINAL,NORMAL,0,
1641890700.0,1786288896.191527,1,0.9816,0.1323,,0.587,0.0266,0.239,NOMINAL,NOMINAL,TRIGGERED,1,omni_p6
1641891600.0,1786288896.3177767,1,1.0483,0.1373,,0.687,0.0492,1.239,NOMINAL,PRE_ALERT,TRIGGERED,2,omni_p6
1641892500.0,1786288896.442857,1,1.1528,0.1408,,0.684,0.0463,1.175,PRE_ALERT,NOMINAL,NORMAL,0,
1641893400.0,1786288896.566873,1,1.094,0.1362,,0.706,0.029,0.266,NOMINAL,NOMINAL,NORMAL,0,
1641894300.0,1786288896.6917596,1,1.0729,0.1347,,0.648,0.0283,0.26,NOMINAL,NOMINAL,NORMAL,0,
1641895200.0,1786288896.8167818,1,1.0644,0.1364,,0.563,0.0286,0.372,NOMINAL,NOMINAL,NORMAL,0,
1641896100.0,1786288896.9418335,1,1.1079,0.1364,,0.582,0.0286,0.377,NOMINAL,NOMINAL,NORMAL,0,
1641897000.0,1786288897.0665078,1,0.9958,0.1335,,0.546,0.0215,0.244,NOMINAL,NOMINAL,TRIGGERED,1,omni_p6
1641897900.0,1786288897.1914918,1,0.9627,0.1273,,0.561,0.0246,0.253,NOMINAL,NOMINAL,NORMAL,0,
1641898800.0,1786288897.3165479,1,0.972,0.1265,,0.596,0.0259,0.243,NOMINAL,NOMINAL,NORMAL,0,
1641899700.0,1786288897.4419336,1,1.1226,0.1382,,0.661,0.0291,0.301,NOMINAL,NOMINAL,NORMAL,0,
1641900600.0,1786288897.5668168,1,1.0726,0.1348,,0.69,0.0295,0.27,NOMINAL,NOMINAL,NORMAL,0,
1641901500.0,1786288897.6918387,1,1.0901,0.1381,,0.685,0.026,0.266,NOMINAL,NOMINAL,NORMAL,0,
1641902400.0,1786288897.8166273,1,1.0499,0.1363,,0.597,0.026,0.253,NOMINAL,NOMINAL,TRIGGERED,1,omni_p6
1641903300.0,1786288897.943707,1,1.27,0.1513,,0.915,0.2393,1.501,NOMINAL,PRE_ALERT,TRIGGERED,2,omni_p6
1641904200.0,1786288898.067811,1,1.1843,0.1442,,0.594,0.0435,1.083,PRE_ALERT,NOMINAL,NORMAL,0,
1641905100.0,1786288898.1918254,1,1.1363,0.1405,,0.586,0.027,0.255,NOMINAL,NOMINAL,NORMAL,0,
1641906000.0,1786288898.3171926,1,1.2194,0.191,,0.648,0.0286,0.256,NOMINAL,NOMINAL,NORMAL,0,
1641906900.0,1786288898.4425027,1,1.2487,0.1495,,0.887,0.0354,0.309,NOMINAL,NOMINAL,NORMAL,0,
1641907800.0,1786288898.567167,1,1.1692,0.147,,0.747,0.0316,0.326,NOMINAL,NOMINAL,NORMAL,0,
1641908700.0,1786288898.6920118,1,1.0976,0.1392,,0.794,0.0306,0.309,NOMINAL,NOMINAL,TRIGGERED,1,omni_p6
1641909600.0,1786288898.818008,1,1.043,0.139,,0.606,0.0436,1.571,NOMINAL,PRE_ALERT,TRIGGERED,2,omni_p6
1641910500.0,1786288898.9428113,1,1.1695,0.1429,,0.618,0.0469,1.146,PRE_ALERT,NOMINAL,NORMAL,0,
1641911400.0,1786288899.0667524,1,1.0901,0.1404,,0.606,0.0268,0.264,NOMINAL,NOMINAL,NORMAL,0,
1641912300.0,1786288899.1915882,1,1.0306,0.1331,,0.563,0.0255,0.25,NOMINAL,NOMINAL,NORMAL,0,
1641913200.0,1786288899.3165839,1,0.9941,0.1287,,0.624,0.0258,0.25,NOMINAL,NOMINAL,NORMAL,0,
1641914100.0,1786288899.4429023,1,1.2465,0.1522,,0.906,0.0344,0.688,NOMINAL,NOMINAL,NORMAL,0,
1641915000.0,1786288899.5670407,1,1.1401,0.1431,,0.718,0.0315,0.32,NOMINAL,NOMINAL,TRIGGERED,1,omni_p6
1641915900.0,1786288899.6918693,1,1.1028,0.141,,0.675,0.0308,0.278,NOMINAL,NOMINAL,NORMAL,0,
1641916800.0,1786288899.8168747,1,1.0983,0.137,,0.665,0.0287,0.282,NOMINAL,NOMINAL,NORMAL,0,
1641917700.0,1786288899.941635,1,1.0743,0.1375,,0.577,0.0266,0.261,NOMINAL,NOMINAL,NORMAL,0,
1641918600.0,1786288900.0665443,1,1.0049,0.1295,,0.553,0.0245,0.259,NOMINAL,NOMINAL,NORMAL,0,
1641919500.0,1786288900.1916144,1,1.0209,0.132,,0.612,0.0264,0.253,NOMINAL,NOMINAL,NORMAL,0,
1641920400.0,1786288900.3165824,1,1.0319,0.1283,,0.576,0.0253,0.247,NOMINAL,NOMINAL,NORMAL,0,
1641921300.0,1786288900.4418519,1,1.1006,0.1382,,0.68,0.0304,0.282,NOMINAL,NOMINAL,NORMAL,0,
1641922200.0,1786288900.5667605,1,1.05,0.1352,,0.679,0.0292,0.27,NOMINAL,NOMINAL,NORMAL,0,
1641923100.0,1786288900.6918397,1,1.0501,0.1356,,0.764,0.0297,0.259,NOMINAL,NOMINAL,NORMAL,0,
1641924000.0,1786288900.8167405,1,1.0476,0.1366,,0.631,0.028,0.271,NOMINAL,NOMINAL,NORMAL,0,
1641924900.0,1786288900.9416025,1,1.0521,0.1326,,0.577,0.0266,0.259,NOMINAL,NOMINAL,NORMAL,0,
1641925800.0,1786288901.0664802,1,0.9793,0.131,,0.556,0.0259,0.246,NOMINAL,NOMINAL,NORMAL,0,
1641926700.0,1786288901.1916065,1,1.0131,0.132,,0.618,0.0283,0.255,NOMINAL,NOMINAL,NORMAL,0,
1641927600.0,1786288901.316531,1,0.9744,0.1312,,0.576,0.0257,0.243,NOMINAL,NOMINAL,NORMAL,0,
1641928500.0,1786288901.441943,1,1.0724,0.1352,,0.657,0.1084,0.462,NOMINAL,NOMINAL,NORMAL,0,
1641929400.0,1786288901.566915,1,1.0485,0.1352,,0.786,0.0307,0.306,NOMINAL,NOMINAL,NORMAL,0,
1641930300.0,1786288901.6918054,1,1.0554,0.1388,,0.684,0.032,0.278,NOMINAL,NOMINAL,NORMAL,0,
1641931200.0,1786288901.816759,1,1.0297,0.1375,,0.657,0.0292,0.269,NOMINAL,NOMINAL,NORMAL,0,
1641932100.0,1786288901.9418197,1,1.06,0.1324,,0.793,0.0286,0.263,NOMINAL,NOMINAL,NORMAL,0,
1641933000.0,1786288902.0664918,1,1.013,0.1338,,0.536,0.0259,0.235,NOMINAL,NOMINAL,NORMAL,0,
1641933900.0,1786288902.1916366,1,1.0252,0.1397,,0.633,0.0276,0.256,NOMINAL,NOMINAL,NORMAL,0,
1641934800.0,1786288902.3166723,1,1.0281,0.1347,,0.656,0.0281,0.258,NOMINAL,NOMINAL,NORMAL,0,
1641935700.0,1786288902.441562,1,1.0236,0.138,,0.573,0.0274,0.253,NOMINAL,NOMINAL,TRIGGERED,1,omni_p6
1641936600.0,1786288902.5669756,1,1.0848,0.1407,,0.774,0.0316,0.313,NOMINAL,NOMINAL,NORMAL,0,
1641937500.0,1786288902.691861,1,1.1057,0.1454,,0.69,0.032,0.278,NOMINAL,NOMINAL,NORMAL,0,
1641938400.0,1786288902.8167136,1,1.0711,0.1415,,0.606,0.0281,0.263,NOMINAL,NOMINAL,NORMAL,0,
1641939300.0,1786288902.9417152,1,1.0837,0.1384,,0.6,0.0268,0.262,NOMINAL,NOMINAL,NORMAL,0,
1641940200.0,1786288903.066557,1,1.0118,0.1436,,0.575,0.0259,0.251,NOMINAL,NOMINAL,NORMAL,0,
1641941100.0,1786288903.1915188,1,0.9672,0.1333,,0.599,0.0264,0.245,NOMINAL,NOMINAL,NORMAL,0,
1641942000.0,1786288903.3171425,1,1.129,0.1453,,0.78,0.0427,0.313,NOMINAL,NOMINAL,TRIGGERED,1,omni_p6
1641942900.0,1786288903.4423366,1,1.232,0.1489,,0.785,0.0332,0.299,NOMINAL,NOMINAL,NORMAL,0,
1641943800.0,1786288903.567116,1,1.1625,0.1442,,0.76,0.0317,0.289,NOMINAL,NOMINAL,NORMAL,0,
1641944700.0,1786288903.691869,1,1.0916,0.1333,,0.694,0.0314,0.286,NOMINAL,NOMINAL,NORMAL,0,
1641945600.0,1786288903.8173878,1,1.0917,0.1318,0.5504,0.595,0.0303,0.291,NOMINAL,NOMINAL,NORMAL,0,
1641946500.0,1786288903.9417512,1,1.0953,0.1348,,0.597,0.0289,0.263,NOMINAL,NOMINAL,NORMAL,0,
1641947400.0,1786288904.066507,1,1.0153,0.134,,0.533,0.0218,0.233,NOMINAL,NOMINAL,TRIGGERED,1,omni_p6
1641948300.0,1786288904.1929219,1,1.0019,0.1343,,0.609,0.0447,1.583,NOMINAL,PRE_ALERT,TRIGGERED,2,omni_p6
1641949200.0,1786288904.3178284,1,1.0845,0.138,,0.631,0.0452,1.293,PRE_ALERT,NOMINAL,NORMAL,0,
1641950100.0,1786288904.4423463,1,1.2207,0.1451,,0.79,0.0322,0.296,NOMINAL,NOMINAL,NORMAL,0,
1641951000.0,1786288904.5671723,1,1.1666,0.146,,0.749,0.0317,0.294,NOMINAL,NOMINAL,NORMAL,0,
1641951900.0,1786288904.6919973,1,1.1472,0.1398,,0.709,0.0304,0.291,NOMINAL,NOMINAL,NORMAL,0,
1641952800.0,1786288904.8168328,1,1.089,0.1376,,0.637,0.0293,0.28,NOMINAL,NOMINAL,NORMAL,0,
1641953700.0,1786288904.9417214,1,1.0894,0.1366,,0.592,0.026,0.265,NOMINAL,NOMINAL,TRIGGERED,1,omni_p6
1641954600.0,1786288905.067501,1,1.0007,0.1342,,0.58,0.0439,1.192,NOMINAL,PRE_ALERT,TRIGGERED,2,omni_p6
1641955500.0,1786288905.1927314,1,1.0912,0.1398,,0.616,0.0459,1.194,PRE_ALERT,NOMINAL,NORMAL,0,
1641956400.0,1786288905.3165824,1,1.0466,0.1359,,0.55,0.0208,0.23,NOMINAL,NOMINAL,NORMAL,0,
1641957300.0,1786288905.4417875,1,1.093,0.1369,,0.628,0.0283,0.261,NOMINAL,NOMINAL,NORMAL,0,
1641958200.0,1786288905.5668585,1,1.0859,0.1347,,0.673,0.0282,0.279,NOMINAL,NOMINAL,NORMAL,0,
1641959100.0,1786288905.6917913,1,1.0591,0.1358,,0.684,0.0303,0.277,NOMINAL,NOMINAL,NORMAL,0,
1641960000.0,1786288905.8166502,1,1.033,0.1373,,0.603,0.0262,0.264,NOMINAL,NOMINAL,TRIGGERED,1,omni_p6
1641960900.0,1786288905.9415562,1,1.037,0.1392,,0.56,0.0261,0.252,NOMINAL,NOMINAL,NORMAL,0,
1641961800.0,1786288906.066521,1,0.9973,0.1312,,0.562,0.0253,0.241,NOMINAL,NOMINAL,NORMAL,0,
1641962700.0,1786288906.191495,1,0.9693,0.1304,,0.586,0.0261,0.242,NOMINAL,NOMINAL,NORMAL,0,
1641963600.0,1786288906.3164635,1,0.9579,0.1273,,0.562,0.025,0.239,NOMINAL,NOMINAL,NORMAL,0,
1641964500.0,1786288906.4416347,1,1.0419,0.1357,,0.6,0.027,0.26,NOMINAL,NOMINAL,NORMAL,0,
1641965400.0,1786288906.566872,1,1.0636,0.1381,,0.7,0.0296,0.304,NOMINAL,NOMINAL,NORMAL,0,
1641966300.0,1786288906.6919568,1,1.2188,0.1356,,0.688,0.0315,0.273,NOMINAL,NOMINAL,NORMAL,0,
1641967200.0,1786288906.8166878,1,1.0331,0.1348,,0.603,0.0293,0.275,NOMINAL,NOMINAL,NORMAL,0,
1641968100.0,1786288906.941565,1,1.028,0.1309,,0.576,0.0282,0.258,NOMINAL,NOMINAL,NORMAL,0,
1641969000.0,1786288907.0664787,1,0.9709,0.1297,,0.551,0.0267,0.249,NOMINAL,NOMINAL,NORMAL,0,
1641969900.0,1786288907.1915712,1,0.9959,0.1291,,0.596,0.0271,0.25,NOMINAL,NOMINAL,NORMAL,0,
1641970800.0,1786288907.3165696,1,0.9815,0.1315,,0.597,0.0241,0.242,NOMINAL,NOMINAL,NORMAL,0,
1641971700.0,1786288907.4416103,1,1.0176,0.1348,,0.589,0.0268,0.278,NOMINAL,NOMINAL,NORMAL,0,
1641972600.0,1786288907.5668135,1,1.0453,0.1382,,0.747,0.0302,0.291,NOMINAL,NOMINAL,NORMAL,0,
1641973500.0,1786288907.6919498,1,1.1333,0.1423,,0.697,0.0297,0.276,NOMINAL,NOMINAL,NORMAL,0,
1641974400.0,1786288907.8169074,1,1.0973,0.1435,,0.686,0.0299,0.283,NOMINAL,NOMINAL,NORMAL,0,
1641975300.0,1786288907.9416513,1,1.0418,0.1368,,0.604,0.0276,0.261,NOMINAL,NOMINAL,NORMAL,0,
1641976200.0,1786288908.0666032,1,0.9876,0.1408,,0.626,0.0261,0.255,NOMINAL,NOMINAL,TRIGGERED,1,omni_p6
1641977100.0,1786288908.1915312,1,0.9771,0.1354,,0.605,0.026,0.25,NOMINAL,NOMINAL,NORMAL,0,
1641978000.0,1786288908.317226,1,1.1519,0.1719,,0.759,0.0316,0.306,NOMINAL,NOMINAL,NORMAL,0,
1641978900.0,1786288908.442378,1,1.2056,0.1482,,0.849,0.0333,0.304,NOMINAL,NOMINAL,NORMAL,0,
1641979800.0,1786288908.566955,1,1.1013,0.1401,,0.746,0.0316,0.292,NOMINAL,NOMINAL,NORMAL,0,
1641980700.0,1786288908.6919925,1,1.1123,0.1409,,0.743,0.0319,0.286,NOMINAL,NOMINAL,NORMAL,0,
1641981600.0,1786288908.8167472,1,1.0684,0.1402,,0.625,0.0284,0.277,NOMINAL,NOMINAL,TRIGGERED,1,omni_p6
1641982500.0,1786288908.9429178,1,1.0517,0.1366,,0.898,0.0502,1.247,NOMINAL,PRE_ALERT,TRIGGERED,2,omni_p6
1641983400.0,1786288909.067553,1,1.0657,0.1399,,0.585,0.0435,1.126,PRE_ALERT,NOMINAL,NORMAL,0,
1641984300.0,1786288909.1916645,1,1.0524,0.1339,,0.633,0.0271,0.263,NOMINAL,NOMINAL,NORMAL,0,
1641985200.0,1786288909.3166714,1,1.0319,0.1341,,0.633,0.027,0.253,NOMINAL,NOMINAL,NORMAL,0,
1641986100.0,1786288909.442135,1,1.1799,0.1488,,0.724,0.0304,0.289,NOMINAL,NOMINAL,NORMAL,0,
1641987000.0,1786288909.566897,1,1.0975,0.141,,0.699,0.0306,0.286,NOMINAL,NOMINAL,NORMAL,0,
1641987900.0,1786288909.6919446,1,1.0986,0.1438,,0.712,0.0291,0.292,NOMINAL,NOMINAL,TRIGGERED,1,omni_p6
1641988800.0,1786288909.818065,1,1.0583,0.1401,,0.66,0.0476,1.542,NOMINAL,PRE_ALERT,TRIGGERED,2,omni_p6
1641989700.0,1786288909.942677,1,1.1454,0.1394,,0.59,0.0458,1.141,PRE_ALERT,NOMINAL,NORMAL,0,
1641990600.0,1786288910.066657,1,1.0425,0.1368,,0.61,0.0275,0.262,NOMINAL,NOMINAL,NORMAL,0,
1641991500.0,1786288910.1916544,1,1.0257,0.1396,,0.612,0.0264,0.257,NOMINAL,NOMINAL,NORMAL,0,
1641992400.0,1786288910.316617,1,0.9744,0.1302,,0.628,0.0248,0.254,NOMINAL,NOMINAL,NORMAL,0,
1641993300.0,1786288910.4416263,1,1.0151,0.1327,,0.627,0.0288,0.26,NOMINAL,NOMINAL,NORMAL,0,
1641994200.0,1786288910.5666046,1,0.9898,0.1363,,0.646,0.0275,0.26,NOMINAL,NOMINAL,TRIGGERED,1,omni_p6
1641995100.0,1786288910.6933331,1,1.0878,0.1374,,0.727,0.0487,1.649,NOMINAL,PRE_ALERT,TRIGGERED,2,omni_p6
1641996000.0,1786288910.81777,1,1.1037,0.1411,,0.656,0.0469,1.162,PRE_ALERT,NOMINAL,NORMAL,0,
1641996900.0,1786288910.9417937,1,1.0999,0.1344,,0.653,0.0297,0.272,NOMINAL,NOMINAL,NORMAL,0,
1641997800.0,1786288911.066578,1,1.0131,0.1324,,0.593,0.0272,0.249,NOMINAL,NOMINAL,NORMAL,0,
1641998700.0,1786288911.1915646,1,0.9796,0.1334,,0.6,0.0262,0.254,NOMINAL,NOMINAL,NORMAL,0,
1641999600.0,1786288911.3165681,1,0.9715,0.1287,,0.62,0.0256,0.252,NOMINAL,NOMINAL,NORMAL,0,
1642000500.0,1786288911.4414868,1,0.9662,0.1314,,0.574,0.025,0.246,NOMINAL,NOMINAL,TRIGGERED,1,omni_p6
1642001400.0,1786288911.5666478,1,0.9632,0.1309,,0.665,0.0257,0.26,NOMINAL,NOMINAL,NORMAL,0,
1642002300.0,1786288911.6919148,1,1.0625,0.1347,,0.719,0.0305,0.279,NOMINAL,NOMINAL,NORMAL,0,
1642003200.0,1786288911.8165722,1,0.9323,0.1247,,0.652,0.0293,0.272,NOMINAL,NOMINAL,NORMAL,0,
1642004100.0,1786288911.9415603,1,1.0067,0.128,,0.596,0.0296,0.253,NOMINAL,NOMINAL,NORMAL,0,
1642005000.0,1786288912.0663228,1,0.8748,0.1204,,0.568,0.0265,0.248,NOMINAL,NOMINAL,NORMAL,0,
1642005900.0,1786288912.1915712,1,0.9668,0.1281,,0.616,0.0271,0.252,NOMINAL,NOMINAL,NORMAL,0,
1642006800.0,1786288912.3164752,1,0.9311,0.1246,,0.605,0.0258,0.25,NOMINAL,NOMINAL,NORMAL,0,
1642007700.0,1786288912.4415581,1,0.9993,0.1257,,0.604,0.026,0.257,NOMINAL,NOMINAL,NORMAL,0,
1642008600.0,1786288912.5666173,1,0.9728,0.1304,,0.652,0.0269,0.272,NOMINAL,NOMINAL,NORMAL,0,
1642009500.0,1786288912.6918936,1,1.0603,0.1414,,0.744,0.0306,0.287,NOMINAL,NOMINAL,NORMAL,0,
1642010400.0,1786288912.81699,1,1.0507,0.1383,,0.872,0.0292,0.264,NOMINAL,NOMINAL,NORMAL,0,
1642011300.0,1786288912.941825,1,1.0876,0.1368,,0.637,0.0283,0.328,NOMINAL,NOMINAL,NORMAL,0,
1642012200.0,1786288913.066601,1,0.9975,0.1337,,0.587,0.026,0.316,NOMINAL,NOMINAL,NORMAL,0,
1642013100.0,1786288913.1915917,1,0.9999,0.1313,,0.616,0.0264,0.245,NOMINAL,NOMINAL,NORMAL,0,
1642014000.0,1786288913.3172703,1,1.1383,0.1456,,0.848,0.0304,0.294,NOMINAL,NOMINAL,NORMAL,0,
1642014900.0,1786288913.4423566,1,1.1921,0.1509,,0.847,0.0322,0.3,NOMINAL,NOMINAL,NORMAL,0,
1642015800.0,1786288913.5668523,1,1.1152,0.1429,,0.657,0.03,0.276,NOMINAL,NOMINAL,NORMAL,0,
1642016700.0,1786288913.6918082,1,1.1199,0.1397,,0.644,0.0282,0.242,NOMINAL,NOMINAL,NORMAL,0,
1642017600.0,1786288913.816869,1,1.1043,0.143,,0.662,0.0295,0.306,NOMINAL,NOMINAL,NORMAL,0,
1642018500.0,1786288913.9417005,1,1.0918,0.1367,,0.579,0.0276,0.322,NOMINAL,NOMINAL,NORMAL,0,
1642019400.0,1786288914.0665772,1,1.0033,0.1311,,0.562,0.028,0.314,NOMINAL,NOMINAL,NORMAL,0,
1642020300.0,1786288914.1915953,1,1.0077,0.1353,,0.581,0.0269,0.319,NOMINAL,NOMINAL,NORMAL,0,
1642021200.0,1786288914.3165226,1,0.9823,0.136,,0.594,0.026,0.267,NOMINAL,NOMINAL,TRIGGERED,1,omni_p6
1642022100.0,1786288914.4422913,1,1.1712,0.1422,,0.837,0.0331,0.341,NOMINAL,NOMINAL,NORMAL,0,
1642023000.0,1786288914.5669112,1,1.1239,0.1412,,0.682,0.0296,0.293,NOMINAL,NOMINAL,NORMAL,0,
1642023900.0,1786288914.6918523,1,1.0907,0.1365,,0.643,0.0299,0.302,NOMINAL,NOMINAL,NORMAL,0,
1642024800.0,1786288914.8171391,1,1.0959,0.1377,,0.752,0.0319,0.441,NOMINAL,NOMINAL,NORMAL,0,
1642025700.0,1786288914.9417121,1,1.0791,0.1366,,0.624,0.0287,0.266,NOMINAL,NOMINAL,NORMAL,0,
1642026600.0,1786288915.0665345,1,0.987,0.1315,,0.606,0.026,0.252,NOMINAL,NOMINAL,TRIGGERED,1,omni_p6
1642027500.0,1786288915.1928716,1,0.9586,0.1341,,0.625,0.0452,1.594,NOMINAL,PRE_ALERT,TRIGGERED,2,omni_p6
1642028400.0,1786288915.3177228,1,1.0619,0.1384,,0.669,0.0475,1.193,PRE_ALERT,NOMINAL,NORMAL,0,
1642029300.0,1786288915.4416716,1,1.0621,0.138,,0.617,0.0276,0.259,NOMINAL,NOMINAL,NORMAL,0,
1642030200.0,1786288915.5666194,1,0.9957,0.1355,,0.634,0.0269,0.263,NOMINAL,NOMINAL,NORMAL,0,
1642031100.0,1786288915.6917198,1,1.0315,0.1319,,0.663,0.0274,0.264,NOMINAL,NOMINAL,NORMAL,0,
1642032000.0,1786288915.8174438,1,1.0462,0.1267,0.5962,0.661,0.0311,0.291,NOMINAL,NOMINAL,NORMAL,0,
1642032900.0,1786288915.9417393,1,1.0703,0.1361,,0.647,0.0285,0.265,NOMINAL,NOMINAL,TRIGGERED,1,omni_p6
1642033800.0,1786288916.067894,1,0.9958,0.1357,,0.628,0.0438,1.562,NOMINAL,PRE_ALERT,TRIGGERED,2,omni_p6
1642034700.0,1786288916.1928837,1,1.108,0.1424,,0.675,0.0469,1.21,PRE_ALERT,NOMINAL,NORMAL,0,
1642035600.0,1786288916.3168437,1,1.0612,0.1328,,0.694,0.0277,0.267,NOMINAL,NOMINAL,NORMAL,0,
1642036500.0,1786288916.4416597,1,1.0487,0.1342,,0.614,0.027,0.258,NOMINAL,NOMINAL,NORMAL,0,
1642037400.0,1786288916.5666988,1,1.0161,0.1347,,0.665,0.0284,0.263,NOMINAL,NOMINAL,NORMAL,0,
1642038300.0,1786288916.6921217,1,1.0444,0.1354,,0.977,0.0297,0.304,NOMINAL,NOMINAL,NORMAL,0,
1642039200.0,1786288916.816848,1,1.0683,0.1395,,0.652,0.0279,0.287,NOMINAL,NOMINAL,TRIGGERED,1,omni_p6
1642040100.0,1786288916.9417417,1,1.0739,0.1352,,0.678,0.0292,0.273,NOMINAL,NOMINAL,NORMAL,0,
1642041000.0,1786288917.0666528,1,1.0092,0.1306,,0.655,0.0286,0.267,NOMINAL,NOMINAL,NORMAL,0,
1642041900.0,1786288917.1915424,1,0.9751,0.1315,,0.636,0.0266,0.257,NOMINAL,NOMINAL,NORMAL,0,
1642042800.0,1786288917.316519,1,0.9445,0.1266,,0.64,0.0249,0.252,NOMINAL,NOMINAL,NORMAL,0,
1642043700.0,1786288917.4414473,1,0.9446,0.1299,,0.598,0.0258,0.251,NOMINAL,NOMINAL,NORMAL,0,
1642044600.0,1786288917.566462,1,0.9251,0.1252,,0.629,0.026,0.25,NOMINAL,NOMINAL,NORMAL,0,
1642045500.0,1786288917.6919389,1,1.0324,0.1365,,0.778,0.0278,0.354,NOMINAL,NOMINAL,TRIGGERED,1,omni_p6
1642046400.0,1786288917.816791,1,1.0642,0.1371,,0.624,0.0285,0.276,NOMINAL,NOMINAL,NORMAL,0,
1642047300.0,1786288917.9418035,1,1.0909,0.1362,,0.631,0.0287,0.297,NOMINAL,NOMINAL,NORMAL,0,
1642048200.0,1786288918.0664332,1,1.0045,0.1326,,0.491,0.0207,0.207,NOMINAL,NOMINAL,NORMAL,0,
1642049100.0,1786288918.1914413,1,0.9893,0.1313,,0.517,0.0207,0.214,NOMINAL,NOMINAL,NORMAL,0,
1642050000.0,1786288918.3168752,1,1.1199,0.1463,,0.583,0.0207,0.22,NOMINAL,NOMINAL,NORMAL,0,
1642050900.0,1786288918.4422781,1,1.2017,0.1479,,0.752,0.0317,0.324,NOMINAL,NOMINAL,NORMAL,0,
1642051800.0,1786288918.5669436,1,1.108,0.1406,,0.667,0.0301,0.276,NOMINAL,NOMINAL,NORMAL,0,
1642052700.0,1786288918.6918175,1,1.0673,0.1363,,0.669,0.0283,0.272,NOMINAL,NOMINAL,NORMAL,0,
1642053600.0,1786288918.8166878,1,1.0549,0.1384,,0.57,0.0283,0.269,NOMINAL,NOMINAL,NORMAL,0,
1642054500.0,1786288918.9418461,1,1.1031,0.1371,,0.65,0.0284,0.274,NOMINAL,NOMINAL,NORMAL,0,
1642055400.0,1786288919.0664606,1,1.0208,0.1329,,0.49,0.0202,0.216,NOMINAL,NOMINAL,NORMAL,0,
1642056300.0,1786288919.1916003,1,1.0053,0.1332,,0.58,0.0273,0.259,NOMINAL,NOMINAL,NORMAL,0,
1642057200.0,1786288919.316455,1,0.9712,0.1305,,0.534,0.0266,0.232,NOMINAL,NOMINAL,NORMAL,0,
1642058100.0,1786288919.442121,1,1.1919,0.1499,,0.671,0.0299,0.274,NOMINAL,NOMINAL,NORMAL,0,
1642059000.0,1786288919.5669115,1,1.1022,0.1407,,0.657,0.0294,0.275,NOMINAL,NOMINAL,NORMAL,0,
1642059900.0,1786288919.6917498,1,1.0591,0.1388,,0.628,0.0284,0.268,NOMINAL,NOMINAL,NORMAL,0,
1642060800.0,1786288919.816635,1,1.0635,0.1365,,0.535,0.025,0.256,NOMINAL,NOMINAL,NORMAL,0,
1642061700.0,1786288919.9417937,1,1.124,0.1373,,0.585,0.0282,0.282,NOMINAL,NOMINAL,TRIGGERED,1,omni_p6
1642062600.0,1786288920.0668316,1,1.0817,0.1431,,0.644,0.029,0.269,NOMINAL,NOMINAL,NORMAL,0,
1642063500.0,1786288920.1918225,1,1.0874,0.1381,,0.682,0.0292,0.277,NOMINAL,NOMINAL,NORMAL,0,
1642064400.0,1786288920.3165655,1,0.9964,0.1325,,0.603,0.0259,0.252,NOMINAL,NOMINAL,NORMAL,0,
1642065300.0,1786288920.441489,1,1.0091,0.1279,,0.549,0.0244,0.245,NOMINAL,NOMINAL,NORMAL,0,
1642066200.0,1786288920.5665905,1,0.9786,0.1294,,0.645,0.0272,0.254,NOMINAL,NOMINAL,NORMAL,0,
1642067100.0,1786288920.6918488,1,1.0367,0.1396,,0.703,0.0315,0.274,NOMINAL,NOMINAL,TRIGGERED,1,omni_p6
1642068000.0,1786288920.8174913,1,1.0208,0.1331,,0.547,0.045,1.175,NOMINAL,PRE_ALERT,TRIGGERED,2,omni_p6
1642068900.0,1786288920.942838,1,1.1363,0.1403,,0.675,0.0477,1.181,PRE_ALERT,NOMINAL,NORMAL,0,
1642069800.0,1786288921.0665765,1,1.0512,0.1363,,0.526,0.0228,0.228,NOMINAL,NOMINAL,NORMAL,0,
1642070700.0,1786288921.1916127,1,1.0459,0.134,,0.576,0.0264,0.248,NOMINAL,NOMINAL,NORMAL,0,
1642071600.0,1786288921.3164968,1,1.0023,0.1335,,0.538,0.023,0.23,NOMINAL,NOMINAL,NORMAL,0,
1642072500.0,1786288921.4414916,1,1.017,0.1312,,0.552,0.0238,0.235,NOMINAL,NOMINAL,NORMAL,0,
1642073400.0,1786288921.5667508,1,0.9816,0.1333,,0.629,0.0348,0.422,NOMINAL,NOMINAL,TRIGGERED,1,omni_p6
1642074300.0,1786288921.6917136,1,1.0186,0.1358,,0.618,0.0272,0.321,NOMINAL,NOMINAL,NORMAL,0,
1642075200.0,1786288921.81668,1,1.0293,0.1338,,0.594,0.0291,0.291,NOMINAL,NOMINAL,NORMAL,0,
1642076100.0,1786288921.9419007,1,1.0963,0.1377,,0.698,0.0281,0.274,NOMINAL,NOMINAL,NORMAL,0,
1642077000.0,1786288922.0664535,1,1.0085,0.1337,,0.499,0.0209,0.208,NOMINAL,NOMINAL,NORMAL,0,
1642077900.0,1786288922.1915505,1,0.9834,0.1329,,0.583,0.0276,0.243,NOMINAL,NOMINAL,NORMAL,0,
1642078800.0,1786288922.3163877,1,0.9604,0.131,,0.518,0.0199,0.21,NOMINAL,NOMINAL,TRIGGERED,1,omni_p6
1642079700.0,1786288922.4424608,1,0.9891,0.1357,,0.542,0.0404,1.213,NOMINAL,PRE_ALERT,TRIGGERED,2,omni_p6
1642080600.0,1786288922.567714,1,1.0464,0.1394,,0.621,0.0448,1.226,PRE_ALERT,NOMINAL,NORMAL,0,
1642081500.0,1786288922.6918802,1,1.0721,0.1366,,0.636,0.0288,0.395,NOMINAL,NOMINAL,NORMAL,0,
1642082400.0,1786288922.8167155,1,1.0638,0.1398,,0.562,0.026,0.255,NOMINAL,NOMINAL,NORMAL,0,
1642083300.0,1786288922.9418075,1,1.1161,0.1389,,0.621,0.0275,0.265,NOMINAL,NOMINAL,NORMAL,0,
1642084200.0,1786288923.0666037,1,1.0411,0.138,,0.547,0.0252,0.23,NOMINAL,NOMINAL,NORMAL,0,
1642085100.0,1786288923.1915634,1,1.0003,0.1367,,0.574,0.0252,0.244,NOMINAL,NOMINAL,TRIGGERED,1,omni_p6
1642086000.0,1786288923.3180225,1,1.1312,0.1441,,0.59,0.0387,1.373,NOMINAL,PRE_ALERT,TRIGGERED,2,omni_p6
1642086900.0,1786288923.4431674,1,1.1929,0.1477,,0.751,0.0487,1.217,PRE_ALERT,NOMINAL,NORMAL,0,
1642087800.0,1786288923.5669315,1,1.1157,0.1381,,0.634,0.0282,0.293,NOMINAL,NOMINAL,NORMAL,0,
1642088700.0,1786288923.6918087,1,1.0946,0.1379,,0.62,0.0295,0.276,NOMINAL,NOMINAL,NORMAL,0,
1642089600.0,1786288923.8167045,1,1.0743,0.1408,,0.565,0.0264,0.25,NOMINAL,NOMINAL,NORMAL,0,
1642090500.0,1786288923.9416883,1,1.0758,0.1349,,0.587,0.027,0.264,NOMINAL,NOMINAL,NORMAL,0,
1642091400.0,1786288924.0665753,1,1.0667,0.1376,,0.504,0.022,0.211,NOMINAL,NOMINAL,NORMAL,0,
1642092300.0,1786288924.191544,1,1.053,0.1367,,0.512,0.0223,0.223,NOMINAL,NOMINAL,NORMAL,0,
1642093200.0,1786288924.3165302,1,1.0166,0.1325,,0.486,0.0186,0.282,NOMINAL,NOMINAL,NORMAL,0,
1642094100.0,1786288924.441915,1,1.2298,0.1509,,0.507,0.022,0.211,NOMINAL,NOMINAL,NORMAL,0,
1642095000.0,1786288924.5665028,1,1.0986,0.1386,,0.446,0.0168,0.168,NOMINAL,NOMINAL,NORMAL,0,
1642095900.0,1786288924.6918523,1,1.119,0.1465,,0.66,0.0272,0.265,NOMINAL,NOMINAL,NORMAL,0,
1642096800.0,1786288924.8167217,1,1.0863,0.1468,,0.564,0.0247,0.254,NOMINAL,NOMINAL,NORMAL,0,
1642097700.0,1786288924.941656,1,1.0726,0.14,,0.579,0.0264,0.257,NOMINAL,NOMINAL,NORMAL,0,
1642098600.0,1786288925.0666022,1,1.0888,0.1438,,0.505,0.0211,0.212,NOMINAL,NOMINAL,NORMAL,0,
1642099500.0,1786288925.1916401,1,1.0869,0.1431,,0.535,0.0245,0.229,NOMINAL,NOMINAL,NORMAL,0,
1642100400.0,1786288925.3164732,1,1.0345,0.1394,,0.491,0.0179,0.188,NOMINAL,NOMINAL,NORMAL,0,
1642101300.0,1786288925.4414716,1,1.0583,0.1357,,0.484,0.0203,0.2,NOMINAL,NOMINAL,NORMAL,0,
1642102200.0,1786288925.5663016,1,0.9509,0.1284,,0.463,0.0215,0.194,NOMINAL,NOMINAL,NORMAL,0,
1642103100.0,1786288925.691731,1,1.0422,0.1415,,0.629,0.0254,0.258,NOMINAL,NOMINAL,NORMAL,0,
1642104000.0,1786288925.8166397,1,1.0355,0.1391,,0.584,0.0261,0.253,NOMINAL,NOMINAL,NORMAL,0,
1642104900.0,1786288925.9416444,1,1.0356,0.1334,,0.625,0.0292,0.266,NOMINAL,NOMINAL,NORMAL,0,
1642105800.0,1786288926.0667424,1,1.084,0.1456,,0.591,0.026,0.258,NOMINAL,NOMINAL,TRIGGERED,1,omni_p6
1642106700.0,1786288926.1916335,1,1.0202,0.1352,,0.607,0.0267,0.255,NOMINAL,NOMINAL,NORMAL,0,
1642107600.0,1786288926.3165085,1,0.9819,0.1343,,0.556,0.0222,0.229,NOMINAL,NOMINAL,NORMAL,0,
1642108500.0,1786288926.4415016,1,0.9961,0.135,,0.56,0.024,0.243,NOMINAL,NOMINAL,NORMAL,0,
1642109400.0,1786288926.5663567,1,0.9504,0.1291,,0.478,0.0198,0.21,NOMINAL,NOMINAL,NORMAL,0,
1642110300.0,1786288926.6917415,1,1.0105,0.1355,,0.677,0.0295,0.272,NOMINAL,NOMINAL,NORMAL,0,
1642111200.0,1786288926.8167396,1,1.0426,0.1379,,0.626,0.0287,0.271,NOMINAL,NOMINAL,NORMAL,0,
1642112100.0,1786288926.941665,1,1.0419,0.1395,,0.601,0.0273,0.268,NOMINAL,NOMINAL,TRIGGERED,1,omni_p6
1642113000.0,1786288927.0676281,1,1.0715,0.1443,,0.539,0.0426,1.193,NOMINAL,PRE_ALERT,TRIGGERED,2,omni_p6
1642113900.0,1786288927.1926825,1,1.1091,0.1425,,0.582,0.0443,1.186,PRE_ALERT,NOMINAL,NORMAL,0,
1642114800.0,1786288927.3165457,1,1.0152,0.1367,,0.55,0.026,0.236,NOMINAL,NOMINAL,NORMAL,0,
1642115700.0,1786288927.4415464,1,1.0187,0.1377,,0.57,0.026,0.24,NOMINAL,NOMINAL,NORMAL,0,
1642116600.0,1786288927.5665429,1,1.0011,0.1353,,0.542,0.0248,0.238,NOMINAL,NOMINAL,NORMAL,0,
1642117500.0,1786288927.6917756,1,1.0436,0.1384,,0.666,0.03,0.268,NOMINAL,NOMINAL,NORMAL,0,
1642118400.0,1786288927.817351,1,1.0647,0.1371,0.624,0.553,0.026,0.257,NOMINAL,NOMINAL,TRIGGERED,1,omni_p6
1642119300.0,1786288927.942204,1,1.2035,0.1503,,0.757,0.0332,0.298,NOMINAL,NOMINAL,NORMAL,0,
1642120200.0,1786288928.0667226,1,1.1112,0.1436,,0.526,0.0246,0.222,NOMINAL,NOMINAL,NORMAL,0,
1642121100.0,1786288928.1916828,1,1.0786,0.1426,,0.568,0.0269,0.245,NOMINAL,NOMINAL,NORMAL,0,
1642122000.0,1786288928.3169026,1,1.1897,0.1729,,0.511,0.0209,0.207,NOMINAL,NOMINAL,NORMAL,0,
1642122900.0,1786288928.4422936,1,1.2684,0.1584,,0.712,0.0315,0.293,NOMINAL,NOMINAL,NORMAL,0,
1642123800.0,1786288928.566739,1,1.1069,0.149,,0.559,0.0234,0.239,NOMINAL,NOMINAL,TRIGGERED,1,omni_p6
1642124700.0,1786288928.6928654,1,1.089,0.1452,,0.686,0.0511,1.271,NOMINAL,PRE_ALERT,TRIGGERED,2,omni_p6
1642125600.0,1786288928.817811,1,1.122,0.1425,,0.651,0.0462,1.172,PRE_ALERT,NOMINAL,NORMAL,0,
1642126500.0,1786288928.9418547,1,1.129,0.1421,,0.661,0.0298,0.278,NOMINAL,NOMINAL,NORMAL,0,
1642127400.0,1786288929.0664127,1,0.9641,0.1358,,0.528,0.0254,0.244,NOMINAL,NOMINAL,NORMAL,0,
1642128300.0,1786288929.1917114,1,1.074,0.1413,,0.593,0.0253,0.247,NOMINAL,NOMINAL,NORMAL,0,
1642129200.0,1786288929.3166132,1,1.0037,0.1367,,0.61,0.0252,0.254,NOMINAL,NOMINAL,NORMAL,0,
1642130100.0,1786288929.4421499,1,1.2164,0.1519,,0.681,0.0308,0.288,NOMINAL,NOMINAL,TRIGGERED,1,omni_p6
1642131000.0,1786288929.5676258,1,1.069,0.144,,0.555,0.0415,1.196,NOMINAL,PRE_ALERT,TRIGGERED,2,omni_p6
1642131900.0,1786288929.6929033,1,1.1276,0.1459,,0.697,0.0486,1.213,PRE_ALERT,NOMINAL,NORMAL,0,
1642132800.0,1786288929.8168106,1,1.0758,0.1436,,0.648,0.0276,0.27,NOMINAL,NOMINAL,NORMAL,0,
1642133700.0,1786288929.9416318,1,1.0493,0.1357,,0.618,0.0279,0.257,NOMINAL,NOMINAL,NORMAL,0,
1642134600.0,1786288930.0665019,1,0.9945,0.1373,,0.542,0.0245,0.239,NOMINAL,NOMINAL,NORMAL,0,
1642135500.0,1786288930.1922996,1,1.2071,0.1515,,0.743,0.0306,0.32,NOMINAL,NOMINAL,NORMAL,0,
1642136400.0,1786288930.3168182,1,1.0893,0.1463,,0.646,0.0274,0.27,NOMINAL,NOMINAL,NORMAL,0,
1642137300.0,1786288930.4416497,1,1.0558,0.1405,,0.619,0.0279,0.26,NOMINAL,NOMINAL,NORMAL,0,
1642138200.0,1786288930.5664964,1,0.9634,0.1335,,0.605,0.0249,0.243,NOMINAL,NOMINAL,NORMAL,0,
1642139100.0,1786288930.6917863,1,1.0408,0.1408,,0.702,0.0279,0.261,NOMINAL,NOMINAL,NORMAL,0,
1642140000.0,1786288930.816619,1,1.0216,0.1411,,0.607,0.027,0.264,NOMINAL,NOMINAL,NORMAL,0,
1642140900.0,1786288930.9417045,1,1.0507,0.1401,,0.644,0.0276,0.253,NOMINAL,NOMINAL,NORMAL,0,
1642141800.0,1786288931.066515,1,0.9657,0.1376,,0.597,0.0257,0.245,NOMINAL,NOMINAL,NORMAL,0,
1642142700.0,1786288931.1917984,1,1.0582,0.1417,,0.663,0.029,0.267,NOMINAL,NOMINAL,NORMAL,0,
1642143600.0,1786288931.3166313,1,1.0042,0.1389,,0.642,0.0268,0.252,NOMINAL,NOMINAL,NORMAL,0,
1642144500.0,1786288931.441576,1,0.996,0.1375,,0.617,0.0269,0.248,NOMINAL,NOMINAL,NORMAL,0,
1642145400.0,1786288931.5665648,1,0.9713,0.1343,,0.618,0.0247,0.239,NOMINAL,NOMINAL,NORMAL,0,
1642146300.0,1786288931.6917186,1,1.018,0.1404,,0.659,0.0287,0.26,NOMINAL,NOMINAL,TRIGGERED,1,omni_p6
1642147200.0,1786288931.816683,1,1.0408,0.1371,,0.612,0.0266,0.261,NOMINAL,NOMINAL,NORMAL,0,
1642148100.0,1786288931.9417892,1,1.0719,0.1398,,0.656,0.0292,0.27,NOMINAL,NOMINAL,NORMAL,0,
1642149000.0,1786288932.0665698,1,0.997,0.1367,,0.608,0.0265,0.246,NOMINAL,NOMINAL,NORMAL,0,
1642149900.0,1786288932.1918063,1,1.0461,0.1426,,0.681,0.0293,0.263,NOMINAL,NOMINAL,NORMAL,0,
1642150800.0,1786288932.316609,1,0.9912,0.1394,,0.654,0.026,0.255,NOMINAL,NOMINAL,NORMAL,0,
1642151700.0,1786288932.4415293,1,0.978,0.1349,,0.631,0.026,0.249,NOMINAL,NOMINAL,NORMAL,0,
1642152600.0,1786288932.5664945,1,0.9376,0.1321,,0.627,0.0258,0.249,NOMINAL,NOMINAL,TRIGGERED,1,omni_p6
1642153500.0,1786288932.6918986,1,1.0435,0.1408,,0.778,0.0284,0.272,NOMINAL,NOMINAL,NORMAL,0,
1642154400.0,1786288932.8167655,1,1.0495,0.1394,,0.65,0.0273,0.269,NOMINAL,NOMINAL,NORMAL,0,
1642155300.0,1786288932.9416068,1,1.0252,0.1357,,0.628,0.0273,0.259,NOMINAL,NOMINAL,NORMAL,0,
1642156200.0,1786288933.0665867,1,0.9858,0.1386,,0.602,0.0263,0.248,NOMINAL,NOMINAL,NORMAL,0,
1642157100.0,1786288933.19178,1,1.0316,0.14,,0.685,0.029,0.268,NOMINAL,NOMINAL,NORMAL,0,
1642158000.0,1786288933.3174217,1,1.1772,0.1865,,0.904,0.0323,0.308,NOMINAL,NOMINAL,TRIGGERED,1,omni_p6
1642158900.0,1786288933.4433427,1,1.2281,0.1536,,0.813,0.052,1.317,NOMINAL,PRE_ALERT,TRIGGERED,2,omni_p6
1642159800.0,1786288933.5678885,1,1.1206,0.1502,,0.708,0.048,1.191,PRE_ALERT,NOMINAL,NORMAL,0,
1642160700.0,1786288933.691866,1,1.0934,0.144,,0.695,0.0293,0.275,NOMINAL,NOMINAL,NORMAL,0,
1642161600.0,1786288933.816767,1,1.0747,0.1397,,0.624,0.028,0.286,NOMINAL,NOMINAL,NORMAL,0,
1642162500.0,1786288933.941638,1,1.0408,0.1401,,0.595,0.0275,0.262,NOMINAL,NOMINAL,NORMAL,0,
1642163400.0,1786288934.0664644,1,0.9787,0.1402,,0.54,0.0246,0.24,NOMINAL,NOMINAL,NORMAL,0,
1642164300.0,1786288934.1918986,1,1.0401,0.1437,,0.743,0.0298,0.296,NOMINAL,NOMINAL,TRIGGERED,1,omni_p6
1642165200.0,1786288934.3176048,1,1.0193,0.1369,,0.636,0.045,1.215,NOMINAL,PRE_ALERT,TRIGGERED,2,omni_p6
1642166100.0,1786288934.4431407,1,1.1831,0.1459,,0.753,0.0497,1.212,PRE_ALERT,NOMINAL,NORMAL,0,
1642167000.0,1786288934.5668511,1,1.1207,0.1413,,0.616,0.0266,0.265,NOMINAL,NOMINAL,NORMAL,0,
1642167900.0,1786288934.6918218,1,1.0563,0.137,,0.684,0.0285,0.273,NOMINAL,NOMINAL,NORMAL,0,
1642168800.0,1786288934.8168087,1,1.0508,0.1384,,0.661,0.0305,0.288,NOMINAL,NOMINAL,NORMAL,0,
1642169700.0,1786288934.9417446,1,1.0881,0.1352,,0.624,0.0275,0.257,NOMINAL,NOMINAL,NORMAL,0,
1642170600.0,1786288935.066521,1,0.992,0.1368,,0.557,0.0253,0.243,NOMINAL,NOMINAL,TRIGGERED,1,omni_p6
1642171500.0,1786288935.191671,1,0.9986,0.1309,,0.648,0.027,0.255,NOMINAL,NOMINAL,NORMAL,0,
1642172400.0,1786288935.3166494,1,1.0402,0.1347,,0.577,0.026,0.239,NOMINAL,NOMINAL,NORMAL,0,
1642173300.0,1786288935.4415033,1,1.0254,0.1341,,0.514,0.0247,0.225,NOMINAL,NOMINAL,NORMAL,0,
1642174200.0,1786288935.566411,1,0.9744,0.1317,,0.488,0.0195,0.208,NOMINAL,NOMINAL,NORMAL,0,
1642175100.0,1786288935.6916387,1,0.9756,0.1321,,0.629,0.0275,0.265,NOMINAL,NOMINAL,NORMAL,0,
1642176000.0,1786288935.8166106,1,0.9877,0.1321,,0.603,0.0259,0.263,NOMINAL,NOMINAL,NORMAL,0,
1642176900.0,1786288935.9415867,1,1.0255,0.1337,,0.56,0.0255,0.245,NOMINAL,NOMINAL,TRIGGERED,1,omni_p6
1642177800.0,1786288936.0663776,1,0.987,0.1306,,0.468,0.0189,0.195,NOMINAL,NOMINAL,NORMAL,0,
1642178700.0,1786288936.1916597,1,0.9785,0.1316,,0.645,0.0269,0.26,NOMINAL,NOMINAL,NORMAL,0,
1642179600.0,1786288936.316702,1,1.0565,0.1369,,0.608,0.0254,0.248,NOMINAL,NOMINAL,NORMAL,0,
1642180500.0,1786288936.441609,1,1.0738,0.1385,,0.53,0.0248,0.246,NOMINAL,NOMINAL,NORMAL,0,
1642181400.0,1786288936.5664377,1,0.989,0.1341,,0.493,0.0198,0.207,NOMINAL,NOMINAL,NORMAL,0,
1642182300.0,1786288936.69158,1,0.9667,0.1349,,0.609,0.0269,0.252,NOMINAL,NOMINAL,NORMAL,0,
1642183200.0,1786288936.8166192,1,1.0113,0.1392,,0.583,0.0277,0.265,NOMINAL,NOMINAL,NORMAL,0,
1642184100.0,1786288936.941622,1,1.0443,0.1367,,0.559,0.027,0.255,NOMINAL,NOMINAL,NORMAL,0,
1642185000.0,1786288937.0664148,1,0.987,0.1344,,0.481,0.0193,0.202,NOMINAL,NOMINAL,NORMAL,0,
1642185900.0,1786288937.1916938,1,0.9879,0.1314,,0.623,0.0273,0.331,NOMINAL,NOMINAL,NORMAL,0,
1642186800.0,1786288937.3169224,1,1.0609,0.1333,,0.724,0.028,0.34,NOMINAL,NOMINAL,NORMAL,0,
1642187700.0,1786288937.4417424,1,1.0365,0.1327,,0.638,0.0275,0.321,NOMINAL,NOMINAL,NORMAL,0,
1642188600.0,1786288937.5666723,1,0.9778,0.1286,,0.603,0.0258,0.344,NOMINAL,NOMINAL,NORMAL,0,
1642189500.0,1786288937.6916738,1,0.9848,0.1335,,0.622,0.0274,0.299,NOMINAL,NOMINAL,NORMAL,0,
1642190400.0,1786288937.8166897,1,1.0075,0.1316,,0.615,0.0271,0.306,NOMINAL,NOMINAL,NORMAL,0,
1642191300.0,1786288937.941833,1,1.0527,0.1382,,0.648,0.0278,0.345,NOMINAL,NOMINAL,TRIGGERED,1,omni_p6
1642192200.0,1786288938.066753,1,1.0297,0.1339,,0.605,0.0285,0.336,NOMINAL,NOMINAL,NORMAL,0,
1642193100.0,1786288938.1916075,1,0.9893,0.1274,,0.6,0.0275,0.293,NOMINAL,NOMINAL,NORMAL,0,
1642194000.0,1786288938.3172615,1,1.1314,0.1481,,0.818,0.0512,0.312,NOMINAL,NOMINAL,NORMAL,0,
1642194900.0,1786288938.442281,1,1.1804,0.1474,,0.829,0.0329,0.288,NOMINAL,NOMINAL,NORMAL,0,
1642195800.0,1786288938.5669446,1,1.1035,0.1429,,0.704,0.0307,0.278,NOMINAL,NOMINAL,NORMAL,0,
1642196700.0,1786288938.6917925,1,1.0708,0.1369,,0.646,0.0305,0.257,NOMINAL,NOMINAL,NORMAL,0,
1642197600.0,1786288938.8168275,1,1.0522,0.1438,,0.654,0.0303,0.342,NOMINAL,NOMINAL,TRIGGERED,1,omni_p6
1642198500.0,1786288938.9418206,1,1.0863,0.1365,,0.628,0.0283,0.331,NOMINAL,NOMINAL,NORMAL,0,
1642199400.0,1786288939.0666485,1,1.0205,0.136,,0.612,0.028,0.249,NOMINAL,NOMINAL,NORMAL,0,
1642200300.0,1786288939.1915755,1,0.9809,0.1347,,0.603,0.0272,0.244,NOMINAL,NOMINAL,NORMAL,0,
1642201200.0,1786288939.3168373,1,1.0572,0.1373,,0.709,0.0295,0.261,NOMINAL,NOMINAL,NORMAL,0,
1642202100.0,1786288939.4423783,1,1.1897,0.1479,,0.833,0.0346,0.403,NOMINAL,NOMINAL,NORMAL,0,
1642203000.0,1786288939.5667431,1,1.0836,0.1412,,0.577,0.0283,0.261,NOMINAL,NOMINAL,TRIGGERED,1,omni_p6
1642203900.0,1786288939.692822,1,1.0346,0.1355,,0.705,0.0511,1.302,NOMINAL,PRE_ALERT,TRIGGERED,2,omni_p6
1642204800.0,1786288939.8195817,1,1.1128,0.1374,0.6308,0.678,0.0496,2.227,PRE_ALERT,NOMINAL,NORMAL,0,
1642205700.0,1786288939.9417949,1,1.1208,0.1415,,0.604,0.0292,0.267,NOMINAL,NOMINAL,NORMAL,0,
1642206600.0,1786288940.066404,1,0.9712,0.1318,,0.493,0.0211,0.216,NOMINAL,NOMINAL,NORMAL,0,
1642207500.0,1786288940.1916595,1,1.0444,0.14,,0.575,0.0297,0.251,NOMINAL,NOMINAL,NORMAL,0,
1642208400.0,1786288940.3168716,1,1.069,0.1417,,0.705,0.0304,0.271,NOMINAL,NOMINAL,NORMAL,0,
1642209300.0,1786288940.441809,1,1.1105,0.1402,,0.618,0.0299,0.272,NOMINAL,NOMINAL,TRIGGERED,1,omni_p6
1642210200.0,1786288940.5675533,1,1.03,0.1331,,0.548,0.0434,1.195,NOMINAL,PRE_ALERT,TRIGGERED,2,omni_p6
1642211100.0,1786288940.6928747,1,1.1135,0.1429,,0.662,0.0473,1.223,PRE_ALERT,NOMINAL,NORMAL,0,
1642212000.0,1786288940.817132,1,1.1134,0.1424,,0.865,0.0313,0.318,NOMINAL,NOMINAL,NORMAL,0,
1642212900.0,1786288940.9417446,1,1.0976,0.1359,,0.583,0.0276,0.267,NOMINAL,NOMINAL,NORMAL,0,
1642213800.0,1786288941.0666745,1,1.0459,0.1351,,0.57,0.0268,0.252,NOMINAL,NOMINAL,NORMAL,0,
1642214700.0,1786288941.1915112,1,1.0174,0.1356,,0.524,0.0222,0.218,NOMINAL,NOMINAL,NORMAL,0,
1642215600.0,1786288941.316729,1,1.0084,0.1385,,0.659,0.0263,0.268,NOMINAL,NOMINAL,TRIGGERED,1,omni_p6
1642216500.0,1786288941.4416058,1,1.0527,0.1362,,0.551,0.0236,0.243,NOMINAL,NOMINAL,NORMAL,0,
1642217400.0,1786288941.5664284,1,0.9763,0.1305,,0.503,0.0227,0.211,NOMINAL,NOMINAL,NORMAL,0,
1642218300.0,1786288941.6915505,1,0.9883,0.1311,,0.568,0.0238,0.237,NOMINAL,NOMINAL,NORMAL,0,
1642219200.0,1786288941.8165693,1,0.9829,0.1333,,0.586,0.0263,0.26,NOMINAL,NOMINAL,NORMAL,0,
1642220100.0,1786288941.9416506,1,1.0384,0.1351,,0.597,0.0272,0.255,NOMINAL,NOMINAL,NORMAL,0,
1642221000.0,1786288942.0665927,1,1.1382,0.1325,,0.519,0.0219,0.205,NOMINAL,NOMINAL,NORMAL,0,
1642221900.0,1786288942.19139,1,0.9574,0.1304,,0.512,0.0192,0.21,NOMINAL,NOMINAL,NORMAL,0,
1642222800.0,1786288942.316699,1,0.9817,0.1324,,0.649,0.0267,0.29,NOMINAL,NOMINAL,NORMAL,0,
1642223700.0,1786288942.4416742,1,1.0674,0.1366,,0.573,0.0266,0.252,NOMINAL,NOMINAL,NORMAL,0,
1642224600.0,1786288942.566491,1,0.9854,0.1315,,0.522,0.0228,0.23,NOMINAL,NOMINAL,NORMAL,0,
1642225500.0,1786288942.691617,1,1.01,0.1314,,0.599,0.0222,0.245,NOMINAL,NOMINAL,NORMAL,0,
1642226400.0,1786288942.81738,1,1.166,0.1899,,0.807,0.0324,0.318,NOMINAL,NOMINAL,NORMAL,0,
1642227300.0,1786288942.941927,1,1.1349,0.1413,,0.661,0.0289,0.28,NOMINAL,NOMINAL,NORMAL,0,
1642228200.0,1786288943.0664759,1,1.0236,0.1372,,0.498,0.0217,0.212,NOMINAL,NOMINAL,NORMAL,0,
1642229100.0,1786288943.191568,1,1.0006,0.1354,,0.572,0.0261,0.252,NOMINAL,NOMINAL,NORMAL,0,
1642230000.0,1786288943.3172114,1,1.1297,0.1448,,0.772,0.0313,0.305,NOMINAL,NOMINAL,NORMAL,0,
1642230900.0,1786288943.4423497,1,1.2078,0.1466,,0.841,0.0339,0.317,NOMINAL,NOMINAL,NORMAL,0,
1642231800.0,1786288943.5667973,1,1.1337,0.1446,,0.553,0.0239,0.244,NOMINAL,NOMINAL,TRIGGERED,1,omni_p6
1642232700.0,1786288943.6918476,1,1.0922,0.1417,,0.657,0.0289,0.272,NOMINAL,NOMINAL,NORMAL,0,
1642233600.0,1786288943.8169446,1,1.094,0.1419,,0.697,0.027,0.37,NOMINAL,NOMINAL,NORMAL,0,
1642234500.0,1786288943.9419544,1,1.1317,0.146,,0.739,0.0292,0.273,NOMINAL,NOMINAL,NORMAL,0,
1642235400.0,1786288944.0668216,1,1.0804,0.1403,,0.663,0.0278,0.302,NOMINAL,NOMINAL,NORMAL,0,
1642236300.0,1786288944.1916616,1,1.0284,0.1388,,0.63,0.0265,0.256,NOMINAL,NOMINAL,NORMAL,0,
1642237200.0,1786288944.3167853,1,1.0372,0.1402,,0.654,0.0266,0.292,NOMINAL,NOMINAL,TRIGGERED,1,omni_p6
1642238100.0,1786288944.443397,1,1.2509,0.1549,,0.829,0.052,1.307,NOMINAL,PRE_ALERT,TRIGGERED,2,omni_p6
1642239000.0,1786288944.567956,1,1.1428,0.1454,,0.71,0.0486,1.222,PRE_ALERT,NOMINAL,NORMAL,0,
1642239900.0,1786288944.6918716,1,1.1055,0.1428,,0.66,0.0306,0.28,NOMINAL,NOMINAL,NORMAL,0,
1642240800.0,1786288944.8166916,1,1.0598,0.1389,,0.607,0.0272,0.26,NOMINAL,NOMINAL,NORMAL,0,
1642241700.0,1786288944.9418247,1,1.0872,0.1419,,0.633,0.0279,0.303,NOMINAL,NOMINAL,NORMAL,0,
1642242600.0,1786288945.0666566,1,1.0693,0.1408,,0.579,0.0259,0.265,NOMINAL,NOMINAL,NORMAL,0,
1642243500.0,1786288945.1915846,1,1.0015,0.1367,,0.581,0.0254,0.266,NOMINAL,NOMINAL,TRIGGERED,1,omni_p6
1642244400.0,1786288945.317715,1,1.0552,0.142,,0.651,0.0451,1.205,NOMINAL,PRE_ALERT,TRIGGERED,2,omni_p6
1642245300.0,1786288945.442709,1,1.1267,0.145,,0.628,0.0457,1.142,PRE_ALERT,NOMINAL,NORMAL,0,
1642246200.0,1786288945.5668926,1,1.1011,0.1419,,0.677,0.0295,0.261,NOMINAL,NOMINAL,NORMAL,0,
1642247100.0,1786288945.6917086,1,1.0442,0.1432,,0.634,0.0272,0.265,NOMINAL,NOMINAL,NORMAL,0,
1642248000.0,1786288945.8166208,1,1.0452,0.1408,,0.576,0.0278,0.265,NOMINAL,NOMINAL,NORMAL,0,
1642248900.0,1786288945.9417794,1,1.0902,0.1383,,0.654,0.0296,0.254,NOMINAL,NOMINAL,NORMAL,0,
1642249800.0,1786288946.0665817,1,0.9819,0.137,,0.614,0.0277,0.241,NOMINAL,NOMINAL,TRIGGERED,1,omni_p6
1642250700.0,1786288946.191571,1,0.9954,0.1369,,0.578,0.0284,0.259,NOMINAL,NOMINAL,NORMAL,0,
1642251600.0,1786288946.3167093,1,1.0336,0.1408,,0.634,0.0275,0.244,NOMINAL,NOMINAL,NORMAL,0,
1642252500.0,1786288946.4415965,1,1.015,0.1381,,0.606,0.0279,0.242,NOMINAL,NOMINAL,NORMAL,0,
1642253400.0,1786288946.5667922,1,1.0492,0.1385,,0.681,0.0272,0.254,NOMINAL,NOMINAL,NORMAL,0,
1642254300.0,1786288946.6916156,1,1.0128,0.1383,,0.61,0.0293,0.256,NOMINAL,NOMINAL,NORMAL,0,
1642255200.0,1786288946.8166502,1,1.0328,0.1408,,0.611,0.0276,0.261,NOMINAL,NOMINAL,TRIGGERED,1,omni_p6
1642256100.0,1786288946.9427304,1,1.0835,0.1423,,0.658,0.047,1.2,NOMINAL,PRE_ALERT,TRIGGERED,2,omni_p6
1642257000.0,1786288947.0677118,1,1.0975,0.1435,,0.639,0.0464,1.148,PRE_ALERT,NOMINAL,NORMAL,0,
1642257900.0,1786288947.191714,1,1.0491,0.1408,,0.619,0.0272,0.273,NOMINAL,NOMINAL,NORMAL,0,
1642258800.0,1786288947.3167624,1,1.0318,0.1399,,0.655,0.0269,0.292,NOMINAL,NOMINAL,NORMAL,0,
1642259700.0,1786288947.4416165,1,1.012,0.1342,,0.596,0.0264,0.298,NOMINAL,NOMINAL,NORMAL,0,
1642260600.0,1786288947.5667353,1,1.0099,0.1341,,0.679,0.0271,0.248,NOMINAL,NOMINAL,NORMAL,0,
1642261500.0,1786288947.6915948,1,0.9827,0.1349,,0.614,0.0273,0.253,NOMINAL,NOMINAL,TRIGGERED,1,omni_p6
1642262400.0,1786288947.816613,1,0.9901,0.1338,,0.638,0.0274,0.242,NOMINAL,NOMINAL,NORMAL,0,
1642263300.0,1786288947.9416964,1,1.0302,0.1352,,0.654,0.0277,0.245,NOMINAL,NOMINAL,NORMAL,0,
1642264200.0,1786288948.066697,1,1.0055,0.1357,,0.617,0.0278,0.33,NOMINAL,NOMINAL,NORMAL,0,
1642265100.0,1786288948.1915426,1,0.9707,0.1329,,0.596,0.0277,0.248,NOMINAL,NOMINAL,NORMAL,0,
1642266000.0,1786288948.3172247,1,1.1265,0.147,,0.791,0.0322,0.301,NOMINAL,NOMINAL,NORMAL,0,
1642266900.0,1786288948.442205,1,1.1749,0.1456,,0.766,0.0335,0.289,NOMINAL,NOMINAL,NORMAL,0,
1642267800.0,1786288948.5670571,1,1.126,0.1428,,0.725,0.0318,0.292,NOMINAL,NOMINAL,NORMAL,0,
1642268700.0,1786288948.6918383,1,1.0817,0.1376,,0.658,0.0323,0.3,NOMINAL,NOMINAL,NORMAL,0,
1642269600.0,1786288948.8166938,1,1.052,0.1404,,0.582,0.0279,0.276,NOMINAL,NOMINAL,NORMAL,0,
1642270500.0,1786288948.9418018,1,1.076,0.1354,,0.681,0.0301,0.281,NOMINAL,NOMINAL,NORMAL,0,
1642271400.0,1786288949.0665252,1,0.9913,0.1337,,0.562,0.0258,0.254,NOMINAL,NOMINAL,NORMAL,0,
1642272300.0,1786288949.1915972,1,1.0037,0.1328,,0.604,0.0264,0.252,NOMINAL,NOMINAL,NORMAL,0,
1642273200.0,1786288949.316815,1,1.0493,0.1386,,0.682,0.0274,0.268,NOMINAL,NOMINAL,NORMAL,0,
1642274100.0,1786288949.4420898,1,1.2169,0.1479,,0.651,0.0319,0.275,NOMINAL,NOMINAL,NORMAL,0,
1642275000.0,1786288949.5669072,1,1.1298,0.1453,,0.618,0.0285,0.277,NOMINAL,NOMINAL,NORMAL,0,
1642275900.0,1786288949.6916993,1,1.0582,0.1328,,0.628,0.0287,0.262,NOMINAL,NOMINAL,NORMAL,0,
1642276800.0,1786288949.816669,1,1.0227,0.1319,,0.614,0.0263,0.265,NOMINAL,NOMINAL,NORMAL,0,
1642277700.0,1786288949.9417152,1,1.0431,0.1404,,0.663,0.0292,0.269,NOMINAL,NOMINAL,NORMAL,0,
1642278600.0,1786288950.0665457,1,1.0099,0.1367,,0.572,0.0256,0.245,NOMINAL,NOMINAL,NORMAL,0,
1642279500.0,1786288950.191719,1,1.0418,0.1392,,0.639,0.0278,0.285,NOMINAL,NOMINAL,NORMAL,0,
1642280400.0,1786288950.316761,1,1.039,0.1438,,0.659,0.028,0.268,NOMINAL,NOMINAL,NORMAL,0,
1642281300.0,1786288950.4417293,1,1.0098,0.1359,,0.541,0.2467,0.495,NOMINAL,NOMINAL,NORMAL,0,
1642282200.0,1786288950.5664618,1,0.957,0.1347,,0.565,0.0239,0.245,NOMINAL,NOMINAL,TRIGGERED,1,omni_p6
1642283100.0,1786288950.6930172,1,1.0748,0.142,,0.637,0.0471,1.503,NOMINAL,PRE_ALERT,TRIGGERED,2,omni_p6
1642284000.0,1786288950.817715,1,1.1068,0.1418,,0.629,0.0449,1.183,PRE_ALERT,NOMINAL,NORMAL,0,
1642284900.0,1786288950.941821,1,1.1198,0.1394,,0.659,0.0277,0.261,NOMINAL,NOMINAL,NORMAL,0,
1642285800.0,1786288951.066423,1,0.9231,0.128,,0.593,0.026,0.252,NOMINAL,NOMINAL,NORMAL,0,
1642286700.0,1786288951.1914117,1,0.8947,0.1303,,0.606,0.0269,0.257,NOMINAL,NOMINAL,NORMAL,0,
1642287600.0,1786288951.3166878,1,0.9848,0.1371,,0.677,0.0274,0.264,NOMINAL,NOMINAL,NORMAL,0,
1642288500.0,1786288951.4415302,1,0.9978,0.1365,,0.578,0.026,0.259,NOMINAL,NOMINAL,TRIGGERED,1,omni_p6
1642289400.0,1786288951.5679672,1,0.9571,0.1351,,0.594,0.1384,1.696,NOMINAL,PRE_ALERT,TRIGGERED,2,omni_p6
1642290300.0,1786288951.6928391,1,1.133,0.1447,,0.65,0.0458,1.185,PRE_ALERT,NOMINAL,NORMAL,0,
1642291200.0,1786288951.8174398,1,1.0799,0.1403,0.6799,0.562,0.0281,0.283,NOMINAL,NOMINAL,NORMAL,0,
1642292100.0,1786288951.9419067,1,1.1401,0.1442,,0.691,0.03,0.284,NOMINAL,NOMINAL,NORMAL,0,
1642293000.0,1786288952.0667257,1,1.0426,0.1397,,0.658,0.029,0.283,NOMINAL,NOMINAL,NORMAL,0,
1642293900.0,1786288952.1916175,1,1.0192,0.1389,,0.629,0.0275,0.264,NOMINAL,NOMINAL,TRIGGERED,1,omni_p6
1642294800.0,1786288952.318291,1,1.0503,0.1415,,0.707,0.0479,1.717,NOMINAL,PRE_ALERT,TRIGGERED,2,omni_p6
1642295700.0,1786288952.4427054,1,1.1277,0.1459,,0.61,0.0461,1.174,PRE_ALERT,NOMINAL,NORMAL,0,
1642296600.0,1786288952.5667074,1,1.0283,0.1405,,0.674,0.0287,0.276,NOMINAL,NOMINAL,NORMAL,0,
1642297500.0,1786288952.6918118,1,1.0787,0.1428,,0.671,0.0281,0.275,NOMINAL,NOMINAL,NORMAL,0,
1642298400.0,1786288952.816701,1,1.0465,0.1411,,0.613,0.0279,0.279,NOMINAL,NOMINAL,NORMAL,0,
1642299300.0,1786288952.9417548,1,1.0483,0.1357,,0.69,0.0307,0.278,NOMINAL,NOMINAL,NORMAL,0,
1642300200.0,1786288953.0665028,1,0.9685,0.1319,,0.588,0.0264,0.259,NOMINAL,NOMINAL,TRIGGERED,1,omni_p6
1642301100.0,1786288953.1928709,1,0.9755,0.1351,,0.626,0.0463,1.562,NOMINAL,PRE_ALERT,TRIGGERED,2,omni_p6
1642302000.0,1786288953.3183086,1,1.1549,0.1765,,0.851,0.0536,1.232,PRE_ALERT,NOMINAL,NORMAL,0,
1642302900.0,1786288953.4422736,1,1.1893,0.1445,,0.839,0.0324,0.308,NOMINAL,NOMINAL,NORMAL,0,
1642303800.0,1786288953.5669398,1,1.0952,0.1395,,0.733,0.0309,0.294,NOMINAL,NOMINAL,NORMAL,0,
1642304700.0,1786288953.6919289,1,1.097,0.1405,,0.689,0.0314,0.291,NOMINAL,NOMINAL,NORMAL,0,
1642305600.0,1786288953.8169298,1,1.0821,0.1425,,0.635,0.0296,0.288,NOMINAL,NOMINAL,NORMAL,0,
1642306500.0,1786288953.941856,1,1.0824,0.1389,,0.744,0.031,0.279,NOMINAL,NOMINAL,NORMAL,0,
1642307400.0,1786288954.0666347,1,1.0141,0.134,,0.629,0.0277,0.267,NOMINAL,NOMINAL,TRIGGERED,1,omni_p6
1642308300.0,1786288954.191635,1,1.0288,0.1317,,0.618,0.0275,0.26,NOMINAL,NOMINAL,NORMAL,0,
1642309200.0,1786288954.3166978,1,0.983,0.1325,,0.69,0.0276,0.284,NOMINAL,NOMINAL,NORMAL,0,
1642310100.0,1786288954.4421601,1,1.1853,0.1469,,0.716,0.0341,0.308,NOMINAL,NOMINAL,NORMAL,0,
1642311000.0,1786288954.5667436,1,1.0494,0.1376,,0.639,0.028,0.274,NOMINAL,NOMINAL,NORMAL,0,
1642311900.0,1786288954.6918492,1,1.0537,0.1363,,0.691,0.029,0.275,NOMINAL,NOMINAL,NORMAL,0,
1642312800.0,1786288954.8168333,1,1.0621,0.1364,,0.71,0.0288,0.277,NOMINAL,NOMINAL,NORMAL,0,
1642313700.0,1786288954.941763,1,1.0988,0.1385,,0.663,0.0286,0.272,NOMINAL,NOMINAL,NORMAL,0,
1642314600.0,1786288955.0666635,1,1.0132,0.1361,,0.638,0.0274,0.272,NOMINAL,NOMINAL,NORMAL,0,
1642315500.0,1786288955.1917126,1,1.0386,0.1424,,0.63,0.0273,0.268,NOMINAL,NOMINAL,NORMAL,0,
1642316400.0,1786288955.3167088,1,0.9941,0.1373,,0.669,0.0267,0.259,NOMINAL,NOMINAL,NORMAL,0,
1642317300.0,1786288955.441659,1,1.0225,0.1329,,0.656,0.0286,0.275,NOMINAL,NOMINAL,NORMAL,0,
1642318200.0,1786288955.566532,1,0.9971,0.1345,,0.545,0.0212,0.265,NOMINAL,NOMINAL,NORMAL,0,
1642319100.0,1786288955.6914964,1,0.9676,0.1329,,0.577,0.0246,0.243,NOMINAL,NOMINAL,NORMAL,0,
1642320000.0,1786288955.816796,1,1.0315,0.1344,,0.65,0.0298,0.277,NOMINAL,NOMINAL,NORMAL,0,
1642320900.0,1786288955.9417114,1,1.0283,0.1338,,0.657,0.0288,0.277,NOMINAL,NOMINAL,NORMAL,0,
1642321800.0,1786288956.0665982,1,1.0086,0.1335,,0.594,0.0252,0.261,NOMINAL,NOMINAL,NORMAL,0,
1642322700.0,1786288956.191717,1,1.016,0.1378,,0.661,0.0272,0.268,NOMINAL,NOMINAL,TRIGGERED,1,omni_p6
1642323600.0,1786288956.3168218,1,0.9995,0.1327,,0.662,0.0281,0.427,NOMINAL,NOMINAL,NORMAL,0,
1642324500.0,1786288956.4415956,1,1.0147,0.1335,,0.597,0.0274,0.257,NOMINAL,NOMINAL,NORMAL,0,
1642325400.0,1786288956.566527,1,0.9749,0.1309,,0.553,0.024,0.248,NOMINAL,NOMINAL,NORMAL,0,
1642326300.0,1786288956.6914694,1,0.956,0.1269,,0.544,0.0248,0.247,NOMINAL,NOMINAL,NORMAL,0,
1642327200.0,1786288956.8167794,1,1.0292,0.1335,,0.643,0.0277,0.276,NOMINAL,NOMINAL,NORMAL,0,
1642328100.0,1786288956.9416986,1,1.0533,0.1361,,0.62,0.0274,0.265,NOMINAL,NOMINAL,NORMAL,0,
1642329000.0,1786288957.0666199,1,1.015,0.1348,,0.583,0.0259,0.249,NOMINAL,NOMINAL,TRIGGERED,1,omni_p6
1642329900.0,1786288957.1916163,1,0.9937,0.1375,,0.597,0.0267,0.26,NOMINAL,NOMINAL,NORMAL,0,
1642330800.0,1786288957.3164968,1,0.9685,0.1301,,0.556,0.0252,0.242,NOMINAL,NOMINAL,NORMAL,0,
1642331700.0,1786288957.441643,1,1.0193,0.1342,,0.62,0.0267,0.257,NOMINAL,NOMINAL,NORMAL,0,
1642332600.0,1786288957.566501,1,0.954,0.1316,,0.543,0.0238,0.244,NOMINAL,NOMINAL,NORMAL,0,
1642333500.0,1786288957.6915085,1,0.9505,0.1304,,0.581,0.0248,0.248,NOMINAL,NOMINAL,NORMAL,0,
1642334400.0,1786288957.8168955,1,1.0411,0.1415,,0.709,0.0296,0.288,NOMINAL,NOMINAL,TRIGGERED,1,omni_p6
1642335300.0,1786288957.9431944,1,1.0708,0.1403,,0.721,0.0482,1.616,NOMINAL,PRE_ALERT,TRIGGERED,2,omni_p6
1642336200.0,1786288958.0677152,1,1.0955,0.1403,,0.617,0.0459,1.146,PRE_ALERT,NOMINAL,NORMAL,0,
1642337100.0,1786288958.1917,1,1.0529,0.1378,,0.59,0.0292,0.263,NOMINAL,NOMINAL,NORMAL,0,
1642338000.0,1786288958.3170376,1,1.1242,0.1418,,0.71,0.0272,0.277,NOMINAL,NOMINAL,NORMAL,0,
1642338900.0,1786288958.4424505,1,1.2031,0.1512,,0.841,0.0331,0.387,NOMINAL,NOMINAL,NORMAL,0,
1642339800.0,1786288958.5668464,1,1.1023,0.1402,,0.575,0.0286,0.334,NOMINAL,NOMINAL,NORMAL,0,
1642340700.0,1786288958.691705,1,1.0636,0.1408,,0.543,0.0257,0.324,NOMINAL,NOMINAL,TRIGGERED,1,omni_p6
1642341600.0,1786288958.8182347,1,1.0616,0.144,,0.691,0.0491,1.647,NOMINAL,PRE_ALERT,TRIGGERED,2,omni_p6
1642342500.0,1786288958.9436166,1,1.1139,0.1414,,0.831,0.0498,1.903,PRE_ALERT,NOMINAL,NORMAL,0,
1642343400.0,1786288959.0667903,1,1.0585,0.1411,,0.629,0.0292,0.346,NOMINAL,NOMINAL,NORMAL,0,
1642344300.0,1786288959.1918244,1,1.0418,0.1405,,0.627,0.0286,0.341,NOMINAL,NOMINAL,NORMAL,0,
1642345200.0,1786288959.3166049,1,1.01,0.138,,0.542,0.0276,0.319,NOMINAL,NOMINAL,NORMAL,0,
1642346100.0,1786288959.4426649,1,1.2367,0.1535,,0.746,0.0321,0.719,NOMINAL,NOMINAL,NORMAL,0,
1642347000.0,1786288959.5667975,1,1.0951,0.1465,,0.557,0.0286,0.344,NOMINAL,NOMINAL,TRIGGERED,1,omni_p6
1642347900.0,1786288959.6916356,1,1.0281,0.1423,,0.549,0.0266,0.319,NOMINAL,NOMINAL,NORMAL,0,
1642348800.0,1786288959.8174102,1,1.1942,0.1744,,0.837,0.0323,0.309,NOMINAL,NOMINAL,NORMAL,0,
1642349700.0,1786288959.9418366,1,1.0988,0.1415,,0.629,0.03,0.355,NOMINAL,NOMINAL,NORMAL,0,
1642350600.0,1786288960.0667274,1,1.0237,0.1398,,0.623,0.0292,0.344,NOMINAL,NOMINAL,NORMAL,0,
1642351500.0,1786288960.1916878,1,1.0088,0.1413,,0.595,0.0272,0.337,NOMINAL,NOMINAL,NORMAL,0,
1642352400.0,1786288960.3168454,1,1.0184,0.141,,0.753,0.0252,0.343,NOMINAL,NOMINAL,NORMAL,0,
1642353300.0,1786288960.4417121,1,1.0451,0.1406,,0.597,0.0285,0.344,NOMINAL,NOMINAL,NORMAL,0,
1642354200.0,1786288960.5665119,1,0.9816,0.1344,,0.524,0.0242,0.315,NOMINAL,NOMINAL,NORMAL,0,
1642355100.0,1786288960.691569,1,0.9901,0.1368,,0.563,0.0253,0.318,NOMINAL,NOMINAL,NORMAL,0,
1642356000.0,1786288960.817086,1,1.1404,0.1453,,0.765,0.029,0.3,NOMINAL,NOMINAL,NORMAL,0,
1642356900.0,1786288960.9417324,1,1.0594,0.1431,,0.659,0.0283,0.263,NOMINAL,NOMINAL,NORMAL,0,
1642357800.0,1786288961.0667372,1,1.0404,0.1396,,0.657,0.0277,0.253,NOMINAL,NOMINAL,NORMAL,0,
1642358700.0,1786288961.1916,1,1.0088,0.1402,,0.598,0.028,0.252,NOMINAL,NOMINAL,NORMAL,0,
1642359600.0,1786288961.3165784,1,0.9851,0.1377,,0.627,0.0245,0.244,NOMINAL,NOMINAL,NORMAL,0,
1642360500.0,1786288961.441702,1,1.0392,0.139,,0.644,0.027,0.258,NOMINAL,NOMINAL,NORMAL,0,
1642361400.0,1786288961.5667117,1,1.0255,0.142,,0.634,0.0267,0.258,NOMINAL,NOMINAL,NORMAL,0,
1642362300.0,1786288961.6915622,1,0.9877,0.1368,,0.603,0.026,0.246,NOMINAL,NOMINAL,NORMAL,0,
1642363200.0,1786288961.8165185,1,0.9751,0.1352,,0.585,0.0259,0.252,NOMINAL,NOMINAL,NORMAL,0,
1642364100.0,1786288961.941825,1,1.0859,0.1416,,0.678,0.0276,0.259,NOMINAL,NOMINAL,NORMAL,0,
1642365000.0,1786288962.0667164,1,1.0412,0.1382,,0.633,0.027,0.258,NOMINAL,NOMINAL,NORMAL,0,
1642365900.0,1786288962.191627,1,0.9986,0.1408,,0.628,0.025,0.252,NOMINAL,NOMINAL,NORMAL,0,
1642366800.0,1786288962.316582,1,0.97,0.138,,0.645,0.0255,0.243,NOMINAL,NOMINAL,NORMAL,0,
1642367700.0,1786288962.4416745,1,1.0262,0.1428,,0.612,0.0246,0.274,NOMINAL,NOMINAL,TRIGGERED,1,omni_p6
1642368600.0,1786288962.566573,1,0.9765,0.1368,,0.608,0.0241,0.245,NOMINAL,NOMINAL,NORMAL,0,
1642369500.0,1786288962.6915615,1,0.9612,0.1367,,0.605,0.0252,0.26,NOMINAL,NOMINAL,NORMAL,0,
1642370400.0,1786288962.816576,1,0.9831,0.138,,0.603,0.0238,0.255,NOMINAL,NOMINAL,NORMAL,0,
1642371300.0,1786288962.941901,1,1.1114,0.1429,,0.686,0.0279,0.281,NOMINAL,NOMINAL,NORMAL,0,
1642372200.0,1786288963.066716,1,1.0396,0.1408,,0.637,0.0285,0.296,NOMINAL,NOMINAL,NORMAL,0,
1642373100.0,1786288963.1917536,1,1.086,0.1453,,0.643,0.0296,0.26,NOMINAL,NOMINAL,TRIGGERED,1,omni_p6
1642374000.0,1786288963.3182573,1,1.1828,0.1764,,0.819,0.0524,1.256,NOMINAL,PRE_ALERT,TRIGGERED,2,omni_p6
1642374900.0,1786288963.4432445,1,1.2273,0.1519,,0.791,0.0529,1.223,PRE_ALERT,NOMINAL,NORMAL,0,
1642375800.0,1786288963.56678,1,1.0967,0.1449,,0.608,0.0257,0.245,NOMINAL,NOMINAL,NORMAL,0,
1642376700.0,1786288963.6915467,1,1.0366,0.1403,,0.557,0.0227,0.223,NOMINAL,NOMINAL,NORMAL,0,
1642377600.0,1786288963.8173504,1,1.0191,0.1361,0.6903,0.524,0.0269,0.328,NOMINAL,NOMINAL,NORMAL,0,
1642378500.0,1786288963.9420178,1,1.1206,0.1455,,0.689,0.0285,0.399,NOMINAL,NOMINAL,NORMAL,0,
1642379400.0,1786288964.0667546,1,1.0533,0.1489,,0.639,0.0283,0.255,NOMINAL,NOMINAL,TRIGGERED,1,omni_p6
1642380300.0,1786288964.1926723,1,1.0275,0.1409,,0.626,0.0481,1.259,NOMINAL,PRE_ALERT,TRIGGERED,2,omni_p6
1642381200.0,1786288964.317937,1,1.1451,0.1497,,0.711,0.0484,1.17,PRE_ALERT,NOMINAL,NORMAL,0,
1642382100.0,1786288964.442428,1,1.2723,0.1496,,0.854,0.0316,0.294,NOMINAL,NOMINAL,NORMAL,0,
1642383000.0,1786288964.566876,1,1.0975,0.1438,,0.692,0.0308,0.269,NOMINAL,NOMINAL,NORMAL,0,
1642383900.0,1786288964.6917045,1,1.0304,0.1407,,0.646,0.0294,0.262,NOMINAL,NOMINAL,NORMAL,0,
1642384800.0,1786288964.8166168,1,1.0213,0.1399,,0.616,0.0266,0.256,NOMINAL,NOMINAL,NORMAL,0,
1642385700.0,1786288964.9419284,1,1.102,0.1471,,0.717,0.0287,0.292,NOMINAL,NOMINAL,TRIGGERED,1,omni_p6
1642386600.0,1786288965.0676992,1,1.0505,0.1418,,0.655,0.0456,1.207,NOMINAL,PRE_ALERT,TRIGGERED,2,omni_p6
1642387500.0,1786288965.192714,1,1.0919,0.1434,,0.624,0.0454,1.181,PRE_ALERT,NOMINAL,NORMAL,0,
1642388400.0,1786288965.3166852,1,1.0484,0.1385,,0.624,0.0275,0.254,NOMINAL,NOMINAL,NORMAL,0,
1642389300.0,1786288965.4416401,1,1.0402,0.1445,,0.603,0.0293,0.254,NOMINAL,NOMINAL,NORMAL,0,
1642390200.0,1786288965.5665596,1,0.9832,0.136,,0.599,0.0263,0.255,NOMINAL,NOMINAL,NORMAL,0,
1642391100.0,1786288965.6915271,1,0.9811,0.1347,,0.584,0.0271,0.241,NOMINAL,NOMINAL,NORMAL,0,
1642392000.0,1786288965.816545,1,1.0066,0.1405,,0.574,0.0268,0.251,NOMINAL,NOMINAL,TRIGGERED,1,omni_p6
1642392900.0,1786288965.9418583,1,1.1031,0.143,,0.688,0.0304,0.271,NOMINAL,NOMINAL,NORMAL,0,
1642393800.0,1786288966.066754,1,1.0594,0.1421,,0.639,0.0292,0.262,NOMINAL,NOMINAL,NORMAL,0,
1642394700.0,1786288966.191636,1,1.028,0.1399,,0.62,0.0277,0.26,NOMINAL,NOMINAL,NORMAL,0,
1642395600.0,1786288966.3165786,1,0.9978,0.1394,,0.619,0.0267,0.248,NOMINAL,NOMINAL,NORMAL,0,
1642396500.0,1786288966.441633,1,1.033,0.1389,,0.598,0.0277,0.251,NOMINAL,NOMINAL,NORMAL,0,
1642397400.0,1786288966.5665503,1,0.979,0.1376,,0.588,0.0258,0.251,NOMINAL,NOMINAL,NORMAL,0,
1642398300.0,1786288966.69151,1,0.9594,0.1342,,0.6,0.0255,0.241,NOMINAL,NOMINAL,NORMAL,0,
1642399200.0,1786288966.8164616,1,0.9898,0.1385,,0.527,0.0258,0.256,NOMINAL,NOMINAL,NORMAL,0,
1642400100.0,1786288966.9414854,1,0.956,0.1312,,0.596,0.0281,0.248,NOMINAL,NOMINAL,NORMAL,0,
1642401000.0,1786288967.0669835,1,1.1194,0.144,,0.724,0.0303,0.263,NOMINAL,NOMINAL,NORMAL,0,
1642401900.0,1786288967.191754,1,1.0659,0.1411,,0.654,0.0289,0.251,NOMINAL,NOMINAL,NORMAL,0,
1642402800.0,1786288967.3168454,1,1.0694,0.1445,,0.685,0.0307,0.275,NOMINAL,NOMINAL,NORMAL,0,
1642403700.0,1786288967.4417746,1,1.0936,0.1432,,0.627,0.0293,0.271,NOMINAL,NOMINAL,NORMAL,0,
1642404600.0,1786288967.566573,1,1.0016,0.1389,,0.571,0.0267,0.26,NOMINAL,NOMINAL,NORMAL,0,
1642405500.0,1786288967.6915984,1,1.0071,0.1371,,0.604,0.0271,0.244,NOMINAL,NOMINAL,NORMAL,0,
1642406400.0,1786288967.8164923,1,0.986,0.1386,,0.56,0.0263,0.248,NOMINAL,NOMINAL,NORMAL,0,
1642407300.0,1786288967.941615,1,1.0405,0.1416,,0.596,0.0265,0.246,NOMINAL,NOMINAL,NORMAL,0,
1642408200.0,1786288968.066955,1,1.1039,0.1506,,0.7,0.0296,0.262,NOMINAL,NOMINAL,TRIGGERED,1,omni_p6
1642409100.0,1786288968.1917148,1,1.0423,0.1425,,0.65,0.0313,0.263,NOMINAL,NOMINAL,NORMAL,0,
1642410000.0,1786288968.3173468,1,1.1958,0.182,,0.817,0.0308,0.313,NOMINAL,NOMINAL,NORMAL,0,
1642410900.0,1786288968.4423976,1,1.2367,0.1536,,0.847,0.0342,0.3,NOMINAL,NOMINAL,NORMAL,0,
1642411800.0,1786288968.5668547,1,1.102,0.1469,,0.673,0.0297,0.275,NOMINAL,NOMINAL,NORMAL,0,
1642412700.0,1786288968.691681,1,1.0491,0.1446,,0.619,0.0285,0.257,NOMINAL,NOMINAL,NORMAL,0,
1642413600.0,1786288968.816526,1,1.0151,0.1427,,0.57,0.0279,0.245,NOMINAL,NOMINAL,TRIGGERED,1,omni_p6
1642414500.0,1786288968.9426172,1,1.076,0.1416,,0.603,0.0455,1.202,NOMINAL,PRE_ALERT,TRIGGERED,2,omni_p6
1642415400.0,1786288969.068026,1,1.1723,0.1496,,0.716,0.0514,1.198,PRE_ALERT,NOMINAL,NORMAL,0,
1642416300.0,1786288969.191894,1,1.114,0.146,,0.673,0.0294,0.264,NOMINAL,NOMINAL,NORMAL,0,
1642417200.0,1786288969.3167083,1,1.0466,0.1369,,0.653,0.0297,0.256,NOMINAL,NOMINAL,NORMAL,0,
1642418100.0,1786288969.44241,1,1.2335,0.1718,,0.847,0.0332,0.299,NOMINAL,NOMINAL,NORMAL,0,
1642419000.0,1786288969.5668743,1,1.0979,0.1438,,0.697,0.0303,0.269,NOMINAL,NOMINAL,NORMAL,0,
1642419900.0,1786288969.691668,1,1.0315,0.1429,,0.622,0.0297,0.269,NOMINAL,NOMINAL,TRIGGERED,1,omni_p6
1642420800.0,1786288969.8175297,1,1.0081,0.1436,,0.593,0.0466,1.196,NOMINAL,PRE_ALERT,TRIGGERED,2,omni_p6
1642421700.0,1786288969.9427204,1,1.1145,0.1389,,0.64,0.0463,1.17,PRE_ALERT,NOMINAL,NORMAL,0,
1642422600.0,1786288970.067067,1,1.1644,0.1509,,0.713,0.0315,0.268,NOMINAL,NOMINAL,NORMAL,0,
1642423500.0,1786288970.1917496,1,1.0913,0.145,,0.628,0.0298,0.25,NOMINAL,NOMINAL,NORMAL,0,
1642424400.0,1786288970.316749,1,1.0545,0.139,,0.663,0.0292,0.26,NOMINAL,NOMINAL,NORMAL,0,
1642425300.0,1786288970.4417436,1,1.0768,0.1415,,0.648,0.0294,0.278,NOMINAL,NOMINAL,NORMAL,0,
1642426200.0,1786288970.5665858,1,1.0184,0.1389,,0.597,0.0282,0.268,NOMINAL,NOMINAL,TRIGGERED,1,omni_p6
1642427100.0,1786288970.6916275,1,1.0247,0.139,,0.605,0.0276,0.261,NOMINAL,NOMINAL,NORMAL,0,
1642428000.0,1786288970.8164656,1,0.9726,0.1394,,0.558,0.0268,0.236,NOMINAL,NOMINAL,NORMAL,0,
1642428900.0,1786288970.9415317,1,1.0155,0.1337,,0.582,0.027,0.244,NOMINAL,NOMINAL,NORMAL,0,
1642429800.0,1786288971.0670323,1,1.0935,0.1421,,0.754,0.0294,0.294,NOMINAL,NOMINAL,NORMAL,0,
1642430700.0,1786288971.1916566,1,1.0121,0.1366,,0.626,0.0276,0.247,NOMINAL,NOMINAL,NORMAL,0,
1642431600.0,1786288971.316731,1,0.998,0.1341,,0.663,0.0289,0.316,NOMINAL,NOMINAL,TRIGGERED,1,omni_p6
1642432500.0,1786288971.442557,1,1.0253,0.1356,,0.611,0.0484,1.176,NOMINAL,PRE_ALERT,TRIGGERED,2,omni_p6
1642433400.0,1786288971.5675697,1,1.0265,0.1374,,0.649,0.0469,1.098,PRE_ALERT,NOMINAL,NORMAL,0,
1642434300.0,1786288971.691636,1,1.029,0.1336,,0.604,0.0291,0.242,NOMINAL,NOMINAL,NORMAL,0,
1642435200.0,1786288971.8165183,1,0.9771,0.1344,,0.583,0.0271,0.243,NOMINAL,NOMINAL,NORMAL,0,
1642436100.0,1786288971.941602,1,1.0073,0.1343,,0.607,0.0265,0.242,NOMINAL,NOMINAL,NORMAL,0,
1642437000.0,1786288972.0666327,1,0.9934,0.1345,,0.616,0.0272,0.245,NOMINAL,NOMINAL,NORMAL,0,
1642437900.0,1786288972.1918306,1,1.0546,0.1378,,0.702,0.0287,0.259,NOMINAL,NOMINAL,NORMAL,0,
1642438800.0,1786288972.3168013,1,1.0321,0.1364,,0.736,0.027,0.261,NOMINAL,NOMINAL,NORMAL,0,
1642439700.0,1786288972.441823,1,1.1204,0.1407,,0.646,0.0289,0.255,NOMINAL,NOMINAL,NORMAL,0,
1642440600.0,1786288972.5665998,1,0.9979,0.1346,,0.611,0.0266,0.241,NOMINAL,NOMINAL,NORMAL,0,
1642441500.0,1786288972.691649,1,1.004,0.1386,,0.629,0.0305,0.26,NOMINAL,NOMINAL,NORMAL,0,
1642442400.0,1786288972.8164964,1,0.9754,0.1337,,0.574,0.0284,0.255,NOMINAL,NOMINAL,NORMAL,0,
1642443300.0,1786288972.9416502,1,1.0367,0.1347,,0.625,0.028,0.25,NOMINAL,NOMINAL,NORMAL,0,
1642444200.0,1786288973.066669,1,1.0104,0.1372,,0.626,0.0288,0.252,NOMINAL,NOMINAL,NORMAL,0,
1642445100.0,1786288973.191762,1,1.0579,0.1397,,0.645,0.0295,0.261,NOMINAL,NOMINAL,NORMAL,0,
1642446000.0,1786288973.317231,1,1.118,0.1446,,0.869,0.0318,0.306,NOMINAL,NOMINAL,NORMAL,0,
1642446900.0,1786288973.4423268,1,1.1965,0.1468,,0.833,0.034,0.296,NOMINAL,NOMINAL,NORMAL,0,
1642447800.0,1786288973.5668786,1,1.0865,0.1416,,0.683,0.0296,0.26,NOMINAL,NOMINAL,NORMAL,0,
1642448700.0,1786288973.6917715,1,1.0721,0.138,,0.657,0.0311,0.253,NOMINAL,NOMINAL,NORMAL,0,
1642449600.0,1786288973.8165553,1,0.9926,0.1348,,0.594,0.0262,0.239,NOMINAL,NOMINAL,NORMAL,0,
1642450500.0,1786288973.9416382,1,1.0023,0.1331,,0.614,0.0289,0.279,NOMINAL,NOMINAL,NORMAL,0,
1642451400.0,1786288974.0666974,1,0.9902,0.1373,,0.634,0.0281,0.304,NOMINAL,NOMINAL,NORMAL,0,
1642452300.0,1786288974.1921794,1,1.127,0.1467,,0.787,0.0324,0.311,NOMINAL,NOMINAL,TRIGGERED,1,omni_p6
1642453200.0,1786288974.3178742,1,1.0885,0.1415,,0.733,0.049,1.214,NOMINAL,PRE_ALERT,TRIGGERED,2,omni_p6
1642454100.0,1786288974.443223,1,1.2073,0.1471,,0.821,0.0514,1.192,PRE_ALERT,NOMINAL,NORMAL,0,
1642455000.0,1786288974.5669804,1,1.1262,0.1467,,0.699,0.0286,0.263,NOMINAL,NOMINAL,NORMAL,0,
1642455900.0,1786288974.6917665,1,1.0614,0.1363,,0.651,0.0289,0.253,NOMINAL,NOMINAL,NORMAL,0,
1642456800.0,1786288974.816676,1,1.026,0.1352,,0.636,0.0265,0.257,NOMINAL,NOMINAL,NORMAL,0,
1642457700.0,1786288974.941608,1,1.0225,0.1327,,0.594,0.0254,0.243,NOMINAL,NOMINAL,NORMAL,0,
1642458600.0,1786288975.0666232,1,1.0018,0.1351,,0.606,0.0267,0.247,NOMINAL,NOMINAL,TRIGGERED,1,omni_p6
1642459500.0,1786288975.1928618,1,1.0708,0.1455,,0.717,0.0588,1.224,NOMINAL,PRE_ALERT,TRIGGERED,2,omni_p6
1642460400.0,1786288975.3176455,1,1.067,0.1358,,0.667,0.045,1.107,PRE_ALERT,NOMINAL,NORMAL,0,
1642461300.0,1786288975.4417758,1,1.0858,0.1364,,0.632,0.0278,0.251,NOMINAL,NOMINAL,NORMAL,0,
1642462200.0,1786288975.5666125,1,0.9987,0.1314,,0.606,0.0268,0.241,NOMINAL,NOMINAL,NORMAL,0,
1642463100.0,1786288975.6915338,1,0.983,0.1333,,0.582,0.0266,0.236,NOMINAL,NOMINAL,NORMAL,0,
1642464000.0,1786288975.817174,1,0.9667,0.1286,0.6392,0.55,0.0278,0.253,NOMINAL,NOMINAL,NORMAL,0,
1642464900.0,1786288975.9416895,1,1.0546,0.139,,0.615,0.0267,0.248,NOMINAL,NOMINAL,TRIGGERED,1,omni_p6
1642465800.0,1786288976.067602,1,1.0135,0.1414,,0.627,0.0439,1.173,NOMINAL,PRE_ALERT,TRIGGERED,2,omni_p6
1642466700.0,1786288976.1929421,1,1.1408,0.1442,,0.716,0.0496,1.166,PRE_ALERT,NOMINAL,NORMAL,0,
1642467600.0,1786288976.3168967,1,1.1063,0.1427,,0.685,0.0289,0.258,NOMINAL,NOMINAL,NORMAL,0,
1642468500.0,1786288976.4418266,1,1.116,0.1408,,0.654,0.0282,0.253,NOMINAL,NOMINAL,NORMAL,0,
1642469400.0,1786288976.566865,1,1.0749,0.14,,0.702,0.0285,0.259,NOMINAL,NOMINAL,NORMAL,0,
1642470300.0,1786288976.6916506,1,1.0293,0.1383,,0.604,0.0265,0.25,NOMINAL,NOMINAL,TRIGGERED,1,omni_p6
1642471200.0,1786288976.8174658,1,0.9904,0.1368,,0.594,0.0448,1.172,NOMINAL,PRE_ALERT,TRIGGERED,2,omni_p6
1642472100.0,1786288976.9426787,1,1.1293,0.1373,,0.638,0.0452,1.105,PRE_ALERT,NOMINAL,NORMAL,0,
1642473000.0,1786288977.0667262,1,1.0485,0.1397,,0.637,0.027,0.247,NOMINAL,NOMINAL,NORMAL,0,
1642473900.0,1786288977.1916816,1,1.0373,0.1357,,0.638,0.0269,0.248,NOMINAL,NOMINAL,NORMAL,0,
1642474800.0,1786288977.3168373,1,1.0639,0.1399,,0.698,0.0291,0.261,NOMINAL,NOMINAL,NORMAL,0,
1642475700.0,1786288977.4417484,1,1.0804,0.1373,,0.648,0.0304,0.256,NOMINAL,NOMINAL,NORMAL,0,
1642476600.0,1786288977.566727,1,1.0271,0.1401,,0.672,0.0297,0.256,NOMINAL,NOMINAL,TRIGGERED,1,omni_p6
1642477500.0,1786288977.6926022,1,1.0092,0.136,,0.631,0.0458,1.214,NOMINAL,PRE_ALERT,TRIGGERED,2,omni_p6
1642478400.0,1786288977.8175077,1,1.0555,0.1384,,0.593,0.0456,1.098,PRE_ALERT,NOMINAL,NORMAL,0,
1642479300.0,1786288977.9417481,1,1.0867,0.1364,,0.612,0.0281,0.283,NOMINAL,NOMINAL,NORMAL,0,
1642480200.0,1786288978.066723,1,1.0348,0.1377,,0.632,0.0291,0.263,NOMINAL,NOMINAL,NORMAL,0,
1642481100.0,1786288978.1916385,1,1.0133,0.1307,,0.626,0.0276,0.249,NOMINAL,NOMINAL,NORMAL,0,
1642482000.0,1786288978.3173232,1,1.1592,0.1758,,0.83,0.0332,0.305,NOMINAL,NOMINAL,NORMAL,0,
1642482900.0,1786288978.442356,1,1.2033,0.1505,,0.826,0.0334,0.309,NOMINAL,NOMINAL,NORMAL,0,
1642483800.0,1786288978.5669816,1,1.1162,0.1447,,0.735,0.0314,0.268,NOMINAL,NOMINAL,NORMAL,0,
1642484700.0,1786288978.6917973,1,1.082,0.1427,,0.656,0.0289,0.256,NOMINAL,NOMINAL,NORMAL,0,
1642485600.0,1786288978.8166585,1,1.0686,0.1387,,0.574,0.0278,0.26,NOMINAL,NOMINAL,NORMAL,0,
1642486500.0,1786288978.9416375,1,1.0562,0.1384,,0.6,0.0275,0.243,NOMINAL,NOMINAL,NORMAL,0,
1642487400.0,1786288979.0666382,1,1.0216,0.1378,,0.618,0.0279,0.248,NOMINAL,NOMINAL,NORMAL,0,
1642488300.0,1786288979.1917121,1,1.0482,0.1385,,0.615,0.0284,0.27,NOMINAL,NOMINAL,NORMAL,0,
1642489200.0,1786288979.3168786,1,1.0809,0.1409,,0.702,0.0293,0.257,NOMINAL,NOMINAL,NORMAL,0,
1642490100.0,1786288979.4422157,1,1.1836,0.1476,,0.774,0.0333,0.293,NOMINAL,NOMINAL,NORMAL,0,
1642491000.0,1786288979.566952,1,1.1034,0.1422,,0.71,0.0441,0.298,NOMINAL,NOMINAL,NORMAL,0,
1642491900.0,1786288979.6917388,1,1.0662,0.1415,,0.641,0.0282,0.254,NOMINAL,NOMINAL,NORMAL,0,
1642492800.0,1786288979.8168752,1,1.0835,0.1406,,0.697,0.0293,0.265,NOMINAL,NOMINAL,TRIGGERED,1,omni_p6
1642493700.0,1786288979.9417567,1,1.0906,0.1377,,0.645,0.0298,0.261,NOMINAL,NOMINAL,NORMAL,0,
1642494600.0,1786288980.066989,1,1.1116,0.1421,,0.745,0.0299,0.28,NOMINAL,NOMINAL,NORMAL,0,
1642495500.0,1786288980.1918607,1,1.1076,0.1454,,0.658,0.0285,0.287,NOMINAL,NOMINAL,NORMAL,0,
1642496400.0,1786288980.3169153,1,1.0739,0.1403,,0.728,0.0282,0.282,NOMINAL,NOMINAL,TRIGGERED,1,omni_p6
1642497300.0,1786288980.4416504,1,1.0463,0.136,,0.629,0.0278,0.271,NOMINAL,NOMINAL,NORMAL,0,
1642498200.0,1786288980.5667014,1,1.0298,0.1341,,0.661,0.0286,0.274,NOMINAL,NOMINAL,NORMAL,0,
1642499100.0,1786288980.6916502,1,1.0557,0.1404,,0.604,0.0263,0.243,NOMINAL,NOMINAL,TRIGGERED,1,omni_p6
1642500000.0,1786288980.81653,1,1.0081,0.1356,,0.575,0.0271,0.237,NOMINAL,NOMINAL,NORMAL,0,
1642500900.0,1786288980.9415646,1,1.0301,0.1345,,0.597,0.0258,0.243,NOMINAL,NOMINAL,NORMAL,0,
1642501800.0,1786288981.066656,1,1.0264,0.1397,,0.625,0.0298,0.26,NOMINAL,NOMINAL,NORMAL,0,
1642502700.0,1786288981.1916769,1,1.0354,0.1392,,0.638,0.0291,0.255,NOMINAL,NOMINAL,NORMAL,0,
1642503600.0,1786288981.3169172,1,1.0862,0.1448,,0.739,0.0305,0.266,NOMINAL,NOMINAL,NORMAL,0,
1642504500.0,1786288981.441692,1,1.0764,0.1433,,0.616,0.029,0.261,NOMINAL,NOMINAL,TRIGGERED,1,omni_p6
1642505400.0,1786288981.5681195,1,1.0482,0.1406,,0.699,0.0456,1.6,NOMINAL,PRE_ALERT,TRIGGERED,2,omni_p6
1642506300.0,1786288981.6926904,1,1.0834,0.1397,,0.651,0.0497,1.174,PRE_ALERT,NOMINAL,NORMAL,0,
1642507200.0,1786288981.8167293,1,1.0867,0.1439,,0.604,0.0289,0.26,NOMINAL,NOMINAL,NORMAL,0,
1642508100.0,1786288981.9416275,1,1.0549,0.1382,,0.604,0.0286,0.249,NOMINAL,NOMINAL,NORMAL,0,
1642509000.0,1786288982.0667098,1,1.0595,0.1397,,0.658,0.0277,0.25,NOMINAL,NOMINAL,NORMAL,0,
1642509900.0,1786288982.1917462,1,1.0902,0.141,,0.63,0.0289,0.253,NOMINAL,NOMINAL,NORMAL,0,
1642510800.0,1786288982.3168018,1,1.0673,0.1425,,0.69,0.0287,0.264,NOMINAL,NOMINAL,TRIGGERED,1,omni_p6
1642511700.0,1786288982.4427812,1,1.138,0.1463,,0.616,0.0496,1.207,NOMINAL,PRE_ALERT,TRIGGERED,2,omni_p6
1642512600.0,1786288982.5677881,1,1.1266,0.146,,0.675,0.0489,1.152,PRE_ALERT,NOMINAL,NORMAL,0,
1642513500.0,1786288982.6917357,1,1.085,0.146,,0.613,0.028,0.272,NOMINAL,NOMINAL,NORMAL,0,
1642514400.0,1786288982.8165817,1,1.0253,0.1373,,0.574,0.0285,0.251,NOMINAL,NOMINAL,NORMAL,0,
1642515300.0,1786288982.94154,1,1.0029,0.135,,0.59,0.0273,0.258,NOMINAL,NOMINAL,NORMAL,0,
1642516200.0,1786288983.066545,1,0.978,0.1349,,0.597,0.028,0.248,NOMINAL,NOMINAL,NORMAL,0,
1642517100.0,1786288983.19173,1,1.0569,0.1411,,0.638,0.0284,0.261,NOMINAL,NOMINAL,TRIGGERED,1,omni_p6
1642518000.0,1786288983.318316,1,1.1266,0.1494,,0.865,0.0543,1.312,NOMINAL,PRE_ALERT,TRIGGERED,2,omni_p6
1642518900.0,1786288983.4432433,1,1.1975,0.1504,,0.852,0.0528,1.232,PRE_ALERT,NOMINAL,NORMAL,0,
1642519800.0,1786288983.5669541,1,1.1133,0.1442,,0.703,0.0306,0.273,NOMINAL,NOMINAL,NORMAL,0,
1642520700.0,1786288983.6917315,1,1.0566,0.1421,,0.623,0.03,0.252,NOMINAL,NOMINAL,NORMAL,0,
1642521600.0,1786288983.8166692,1,1.0347,0.1416,,0.608,0.0287,0.25,NOMINAL,NOMINAL,NORMAL,0,
1642522500.0,1786288983.941597,1,1.0289,0.1373,,0.597,0.0288,0.252,NOMINAL,NOMINAL,NORMAL,0,
1642523400.0,1786288984.0665834,1,1.01,0.1358,,0.593,0.0284,0.25,NOMINAL,NOMINAL,NORMAL,0,
1642524300.0,1786288984.1917021,1,1.0343,0.1357,,0.635,0.0287,0.262,NOMINAL,NOMINAL,NORMAL,0,
1642525200.0,1786288984.3166633,1,1.0269,0.1363,,0.632,0.0272,0.247,NOMINAL,NOMINAL,NORMAL,0,
1642526100.0,1786288984.4422734,1,1.1951,0.1482,,0.808,0.0328,0.295,NOMINAL,NOMINAL,NORMAL,0,
1642527000.0,1786288984.5669875,1,1.13,0.1408,,0.733,0.0308,0.272,NOMINAL,NOMINAL,NORMAL,0,
1642527900.0,1786288984.691829,1,1.0875,0.1455,,0.671,0.0266,0.262,NOMINAL,NOMINAL,NORMAL,0,
1642528800.0,1786288984.8167596,1,1.0627,0.139,,0.658,0.0289,0.254,NOMINAL,NOMINAL,NORMAL,0,
1642529700.0,1786288984.9416535,1,1.0647,0.1363,,0.605,0.0277,0.246,NOMINAL,NOMINAL,NORMAL,0,
1642530600.0,1786288985.0666401,1,1.0224,0.1339,,0.613,0.0265,0.247,NOMINAL,NOMINAL,NORMAL,0,
1642531500.0,1786288985.191805,1,1.0619,0.1413,,0.664,0.0275,0.258,NOMINAL,NOMINAL,NORMAL,0,
1642532400.0,1786288985.3167682,1,1.0594,0.1383,,0.66,0.0285,0.255,NOMINAL,NOMINAL,NORMAL,0,
1642533300.0,1786288985.4417748,1,1.0798,0.1395,,0.658,0.0291,0.258,NOMINAL,NOMINAL,NORMAL,0,
1642534200.0,1786288985.5666718,1,1.0123,0.1357,,0.66,0.027,0.255,NOMINAL,NOMINAL,NORMAL,0,
1642535100.0,1786288985.6915615,1,0.9891,0.1334,,0.613,0.0256,0.243,NOMINAL,NOMINAL,NORMAL,0,
1642536000.0,1786288985.816492,1,0.9675,0.132,,0.584,0.0277,0.244,NOMINAL,NOMINAL,NORMAL,0,
1642536900.0,1786288985.941539,1,0.9878,0.1331,,0.606,0.0279,0.248,NOMINAL,NOMINAL,NORMAL,0,
1642537800.0,1786288986.0665507,1,0.9765,0.1324,,0.621,0.0261,0.241,NOMINAL,NOMINAL,TRIGGERED,1,omni_p6
1642538700.0,1786288986.1917052,1,1.0194,0.135,,0.657,0.0267,0.251,NOMINAL,NOMINAL,NORMAL,0,
1642539600.0,1786288986.3167157,1,1.0101,0.1315,,0.66,0.0292,0.289,NOMINAL,NOMINAL,NORMAL,0,
1642540500.0,1786288986.4418268,1,1.1567,0.1354,,0.634,0.026,0.245,NOMINAL,NOMINAL,NORMAL,0,
1642541400.0,1786288986.566658,1,1.0227,0.1378,,0.638,0.0266,0.248,NOMINAL,NOMINAL,NORMAL,0,
1642542300.0,1786288986.6915655,1,0.9949,0.1332,,0.603,0.0274,0.244,NOMINAL,NOMINAL,NORMAL,0,
1642543200.0,1786288986.8165114,1,0.9855,0.1301,,0.584,0.0259,0.24,NOMINAL,NOMINAL,NORMAL,0,
1642544100.0,1786288986.9415033,1,0.9951,0.1364,,0.584,0.0261,0.239,NOMINAL,NOMINAL,TRIGGERED,1,omni_p6
1642545000.0,1786288987.0666068,1,0.9952,0.1348,,0.628,0.0273,0.252,NOMINAL,NOMINAL,NORMAL,0,
1642545900.0,1786288987.1916869,1,1.0121,0.1352,,0.649,0.0274,0.247,NOMINAL,NOMINAL,NORMAL,0,
1642546800.0,1786288987.317015,1,1.096,0.1411,,0.77,0.0299,0.263,NOMINAL,NOMINAL,NORMAL,0,
1642547700.0,1786288987.4420378,1,1.1108,0.1419,,0.725,0.0308,0.268,NOMINAL,NOMINAL,NORMAL,0,
1642548600.0,1786288987.5668144,1,1.0598,0.1374,,0.71,0.0288,0.259,NOMINAL,NOMINAL,NORMAL,0,
1642549500.0,1786288987.6916566,1,1.0316,0.1373,,0.622,0.0291,0.253,NOMINAL,NOMINAL,TRIGGERED,1,omni_p6
1642550400.0,1786288987.8184114,1,1.0377,0.1336,0.6187,0.63,0.0479,1.297,NOMINAL,PRE_ALERT,TRIGGERED,2,omni_p6
1642551300.0,1786288987.9427361,1,1.1234,0.1436,,0.678,0.0473,1.151,PRE_ALERT,NOMINAL,NORMAL,0,
1642552200.0,1786288988.0668116,1,1.0907,0.1389,,0.665,0.0286,0.254,NOMINAL,NOMINAL,NORMAL,0,
1642553100.0,1786288988.1918693,1,1.0518,0.1395,,0.642,0.0273,0.377,NOMINAL,NOMINAL,NORMAL,0,
1642554000.0,1786288988.317335,1,1.162,0.1693,,0.85,0.0327,0.309,NOMINAL,NOMINAL,NORMAL,0,
1642554900.0,1786288988.4423327,1,1.2181,0.1519,,0.811,0.0332,0.29,NOMINAL,NOMINAL,NORMAL,0,
1642555800.0,1786288988.5670943,1,1.1523,0.1509,,0.756,0.0305,0.28,NOMINAL,NOMINAL,TRIGGERED,1,omni_p6
1642556700.0,1786288988.692744,1,1.0644,0.1405,,0.65,0.0461,1.235,NOMINAL,PRE_ALERT,TRIGGERED,2,omni_p6
1642557600.0,1786288988.8176816,1,1.1012,0.1398,,0.636,0.0454,1.126,PRE_ALERT,NOMINAL,NORMAL,0,
1642558500.0,1786288988.941622,1,1.0709,0.1346,,0.576,0.0282,0.241,NOMINAL,NOMINAL,NORMAL,0,
1642559400.0,1786288989.0665956,1,1.0108,0.1373,,0.597,0.0275,0.242,NOMINAL,NOMINAL,NORMAL,0,
1642560300.0,1786288989.19173,1,1.0425,0.1376,,0.638,0.0286,0.25,NOMINAL,NOMINAL,NORMAL,0,
1642561200.0,1786288989.3166823,1,1.0158,0.1359,,0.638,0.0278,0.283,NOMINAL,NOMINAL,NORMAL,0,
1642562100.0,1786288989.4422076,1,1.1836,0.1505,,0.796,0.0323,0.285,NOMINAL,NOMINAL,TRIGGERED,1,omni_p6
1642563000.0,1786288989.5680041,1,1.1314,0.1469,,0.762,0.0476,1.22,NOMINAL,PRE_ALERT,TRIGGERED,2,omni_p6
1642563900.0,1786288989.6928911,1,1.1209,0.1439,,0.698,0.0483,1.201,PRE_ALERT,NOMINAL,NORMAL,0,
1642564800.0,1786288989.816749,1,1.0778,0.1445,,0.607,0.0271,0.25,NOMINAL,NOMINAL,NORMAL,0,
1642565700.0,1786288989.941699,1,1.0883,0.1385,,0.598,0.0278,0.256,NOMINAL,NOMINAL,NORMAL,0,
1642566600.0,1786288990.0666456,1,1.0361,0.1372,,0.601,0.0263,0.241,NOMINAL,NOMINAL,NORMAL,0,
1642567500.0,1786288990.1923018,1,1.1515,0.1473,,0.801,0.0308,0.338,NOMINAL,NOMINAL,NORMAL,0,
1642568400.0,1786288990.3168395,1,1.0891,0.1438,,0.686,0.03,0.262,NOMINAL,NOMINAL,NORMAL,0,
1642569300.0,1786288990.4416697,1,1.0775,0.1367,,0.611,0.0285,0.251,NOMINAL,NOMINAL,NORMAL,0,
1642570200.0,1786288990.5669212,1,1.0717,0.1425,,0.713,0.0282,0.301,NOMINAL,NOMINAL,NORMAL,0,
1642571100.0,1786288990.6916628,1,1.026,0.1388,,0.629,0.0287,0.249,NOMINAL,NOMINAL,NORMAL,0,
1642572000.0,1786288990.8165693,1,1.0116,0.1383,,0.554,0.0277,0.253,NOMINAL,NOMINAL,NORMAL,0,
1642572900.0,1786288990.9415257,1,1.0113,0.1358,,0.576,0.0273,0.236,NOMINAL,NOMINAL,NORMAL,0,
1642573800.0,1786288991.0665529,1,0.9894,0.1331,,0.6,0.0255,0.242,NOMINAL,NOMINAL,NORMAL,0,
1642574700.0,1786288991.1917694,1,1.0619,0.139,,0.648,0.0286,0.25,NOMINAL,NOMINAL,NORMAL,0,
1642575600.0,1786288991.3165183,1,0.9751,0.1323,,0.603,0.0246,0.239,NOMINAL,NOMINAL,NORMAL,0,
1642576500.0,1786288991.4430218,1,1.2344,0.1568,,0.859,0.0373,0.881,NOMINAL,NOMINAL,NORMAL,0,
1642577400.0,1786288991.5676491,1,1.2076,0.1513,,0.901,0.0353,0.425,NOMINAL,NOMINAL,NORMAL,0,
1642578300.0,1786288991.692445,1,1.2108,0.1568,,0.874,0.034,0.345,NOMINAL,NOMINAL,TRIGGERED,1,omni_p6
1642579200.0,1786288991.8174915,1,1.2814,0.1622,,0.797,0.0343,0.319,NOMINAL,NOMINAL,NORMAL,0,
1642580100.0,1786288991.9424393,1,1.2817,0.1537,,0.837,0.0353,0.336,NOMINAL,NOMINAL,NORMAL,0,
1642581000.0,1786288992.0670805,1,1.1748,0.1488,,0.728,0.0316,0.292,NOMINAL,NOMINAL,NORMAL,0,
1642581900.0,1786288992.1919863,1,1.1491,0.147,,0.703,0.0313,0.278,NOMINAL,NOMINAL,NORMAL,0,
1642582800.0,1786288992.3167808,1,1.0829,0.1422,,0.647,0.0303,0.263,NOMINAL,NOMINAL,NORMAL,0,
1642583700.0,1786288992.4417546,1,1.0781,0.1469,,0.624,0.0303,0.278,NOMINAL,NOMINAL,NORMAL,0,
1642584600.0,1786288992.5670161,1,1.1148,0.1442,,0.744,0.0308,0.297,NOMINAL,NOMINAL,TRIGGERED,1,omni_p6
1642585500.0,1786288992.691757,1,1.0676,0.1411,,0.624,0.0304,0.281,NOMINAL,NOMINAL,NORMAL,0,
1642586400.0,1786288992.816628,1,1.045,0.1399,,0.597,0.0292,0.254,NOMINAL,NOMINAL,NORMAL,0,
1642587300.0,1786288992.9416146,1,1.0288,0.1387,,0.589,0.0289,0.265,NOMINAL,NOMINAL,NORMAL,0,
1642588200.0,1786288993.0666964,1,1.0377,0.1373,,0.614,0.0282,0.29,NOMINAL,NOMINAL,NORMAL,0,
1642589100.0,1786288993.191968,1,1.1099,0.1415,,0.677,0.0302,0.356,NOMINAL,NOMINAL,NORMAL,0,
1642590000.0,1786288993.3174496,1,1.1991,0.2017,,0.869,0.0334,0.308,NOMINAL,NOMINAL,TRIGGERED,1,omni_p6
1642590900.0,1786288993.4433286,1,1.2259,0.1541,,0.815,0.0526,1.26,NOMINAL,PRE_ALERT,TRIGGERED,2,omni_p6
1642591800.0,1786288993.5679238,1,1.158,0.1481,,0.721,0.0473,1.179,PRE_ALERT,NOMINAL,NORMAL,0,
1642592700.0,1786288993.6920514,1,1.1403,0.1534,,0.765,0.0333,0.277,NOMINAL,NOMINAL,NORMAL,0,
1642593600.0,1786288993.8165827,1,1.0632,0.1462,,0.52,0.0287,0.256,NOMINAL,NOMINAL,NORMAL,0,
1642594500.0,1786288993.9415727,1,1.041,0.1397,,0.585,0.0263,0.252,NOMINAL,NOMINAL,NORMAL,0,
1642595400.0,1786288994.066631,1,1.0155,0.1358,,0.632,0.0281,0.259,NOMINAL,NOMINAL,NORMAL,0,
1642596300.0,1786288994.1918259,1,1.0872,0.1474,,0.663,0.0301,0.266,NOMINAL,NOMINAL,TRIGGERED,1,omni_p6
1642597200.0,1786288994.3180833,1,1.0476,0.1428,,0.68,0.0476,1.565,NOMINAL,PRE_ALERT,TRIGGERED,2,omni_p6
1642598100.0,1786288994.443215,1,1.2499,0.1551,,0.787,0.0539,1.192,PRE_ALERT,NOMINAL,NORMAL,0,
1642599000.0,1786288994.56696,1,1.1349,0.1481,,0.704,0.0305,0.274,NOMINAL,NOMINAL,NORMAL,0,
1642599900.0,1786288994.691884,1,1.1066,0.145,,0.697,0.0299,0.27,NOMINAL,NOMINAL,NORMAL,0,
1642600800.0,1786288994.816719,1,1.0673,0.1477,,0.623,0.0283,0.266,NOMINAL,NOMINAL,NORMAL,0,
1642601700.0,1786288994.9415658,1,1.0389,0.1397,,0.575,0.0277,0.252,NOMINAL,NOMINAL,NORMAL,0,
1642602600.0,1786288995.0666363,1,1.0184,0.1419,,0.624,0.0275,0.26,NOMINAL,NOMINAL,TRIGGERED,1,omni_p6
1642603500.0,1786288995.1917737,1,1.0691,0.1431,,0.663,0.0268,0.258,NOMINAL,NOMINAL,NORMAL,0,
1642604400.0,1786288995.3167036,1,1.038,0.1446,,0.657,0.0277,0.254,NOMINAL,NOMINAL,NORMAL,0,
1642605300.0,1786288995.4415562,1,1.0158,0.137,,0.598,0.0264,0.239,NOMINAL,NOMINAL,NORMAL,0,
1642606200.0,1786288995.5666337,1,1.012,0.142,,0.629,0.0275,0.249,NOMINAL,NOMINAL,NORMAL,0,
1642607100.0,1786288995.691914,1,1.1218,0.1436,,0.687,0.0293,0.268,NOMINAL,NOMINAL,NORMAL,0,
1642608000.0,1786288995.8166318,1,1.0563,0.1432,,0.579,0.0285,0.256,NOMINAL,NOMINAL,NORMAL,0,
1642608900.0,1786288995.9415288,1,1.0281,0.1363,,0.562,0.0264,0.242,NOMINAL,NOMINAL,TRIGGERED,1,omni_p6
1642609800.0,1786288996.0665815,1,0.9968,0.1365,,0.608,0.0274,0.254,NOMINAL,NOMINAL,NORMAL,0,
1642610700.0,1786288996.1918294,1,1.0823,0.1407,,0.677,0.0301,0.275,NOMINAL,NOMINAL,NORMAL,0,
1642611600.0,1786288996.3167117,1,1.0493,0.1402,,0.647,0.0293,0.256,NOMINAL,NOMINAL,NORMAL,0,
1642612500.0,1786288996.441601,1,1.0598,0.1357,,0.582,0.0292,0.247,NOMINAL,NOMINAL,NORMAL,0,
1642613400.0,1786288996.566877,1,1.0859,0.1446,,0.682,0.0308,0.263,NOMINAL,NOMINAL,NORMAL,0,
1642614300.0,1786288996.6918643,1,1.0977,0.1408,,0.69,0.0309,0.268,NOMINAL,NOMINAL,NORMAL,0,
1642615200.0,1786288996.8167107,1,1.0401,0.1407,,0.671,0.0302,0.278,NOMINAL,NOMINAL,NORMAL,0,
1642616100.0,1786288996.9415414,1,1.0265,0.136,,0.577,0.029,0.252,NOMINAL,NOMINAL,NORMAL,0,
1642617000.0,1786288997.0665834,1,1.0113,0.1357,,0.603,0.028,0.249,NOMINAL,NOMINAL,NORMAL,0,
1642617900.0,1786288997.1917245,1,1.0531,0.1454,,0.633,0.0277,0.261,NOMINAL,NOMINAL,NORMAL,0,
1642618800.0,1786288997.316761,1,1.046,0.1406,,0.66,0.0287,0.26,NOMINAL,NOMINAL,NORMAL,0,
1642619700.0,1786288997.4416282,1,1.0294,0.1405,,0.6,0.0279,0.27,NOMINAL,NOMINAL,NORMAL,0,
1642620600.0,1786288997.5667326,1,1.0383,0.1406,,0.653,0.0291,0.278,NOMINAL,NOMINAL,NORMAL,0,
1642621500.0,1786288997.6918726,1,1.0919,0.1429,,0.687,0.0299,0.285,NOMINAL,NOMINAL,NORMAL,0,
1642622400.0,1786288997.816665,1,1.0697,0.1415,,0.575,0.0284,0.258,NOMINAL,NOMINAL,NORMAL,0,
1642623300.0,1786288997.9415915,1,1.0447,0.1414,,0.573,0.0285,0.257,NOMINAL,NOMINAL,TRIGGERED,1,omni_p6
1642624200.0,1786288998.0666094,1,1.0145,0.1419,,0.597,0.0286,0.271,NOMINAL,NOMINAL,NORMAL,0,
1642625100.0,1786288998.1916234,1,1.0127,0.1403,,0.603,0.0279,0.276,NOMINAL,NOMINAL,NORMAL,0,
1642626000.0,1786288998.3180785,1,1.1595,0.175,,0.835,0.0313,1.057,NOMINAL,NOMINAL,NORMAL,0,
1642626900.0,1786288998.4422433,1,1.1919,0.1471,,0.801,0.0327,0.294,NOMINAL,NOMINAL,NORMAL,0,
1642627800.0,1786288998.566921,1,1.1108,0.1442,,0.704,0.0329,0.276,NOMINAL,NOMINAL,NORMAL,0,
1642628700.0,1786288998.6917832,1,1.0605,0.1438,,0.641,0.031,0.294,NOMINAL,NOMINAL,TRIGGERED,1,omni_p6
1642629600.0,1786288998.81788,1,1.0961,0.1412,,0.635,0.0484,1.325,NOMINAL,PRE_ALERT,TRIGGERED,2,omni_p6
1642630500.0,1786288998.942657,1,1.1019,0.1396,,0.614,0.0464,1.143,PRE_ALERT,NOMINAL,NORMAL,0,
1642631400.0,1786288999.0667672,1,1.0551,0.1402,,0.634,0.0278,0.261,NOMINAL,NOMINAL,NORMAL,0,
1642632300.0,1786288999.191772,1,1.0485,0.1383,,0.643,0.0277,0.292,NOMINAL,NOMINAL,NORMAL,0,
1642633200.0,1786288999.316738,1,1.0434,0.1347,,0.647,0.0285,0.276,NOMINAL,NOMINAL,NORMAL,0,
1642634100.0,1786288999.4423652,1,1.2442,0.1497,,0.841,0.0332,0.297,NOMINAL,NOMINAL,NORMAL,0,
1642635000.0,1786288999.5669682,1,1.1025,0.1437,,0.714,0.0292,0.29,NOMINAL,NOMINAL,TRIGGERED,1,omni_p6
1642635900.0,1786288999.692819,1,1.0723,0.1394,,0.66,0.0479,1.287,NOMINAL,PRE_ALERT,TRIGGERED,2,omni_p6
1642636800.0,1786288999.8186147,1,1.1426,0.1356,0.6354,0.65,0.0485,1.221,PRE_ALERT,NOMINAL,NORMAL,0,
1642637700.0,1786288999.9418836,1,1.1377,0.1412,,0.632,0.0306,0.265,NOMINAL,NOMINAL,NORMAL,0,
1642638600.0,1786289000.0667748,1,1.0622,0.139,,0.631,0.0296,0.248,NOMINAL,NOMINAL,NORMAL,0,
1642639500.0,1786289000.191734,1,1.0645,0.1405,,0.618,0.0283,0.249,NOMINAL,NOMINAL,NORMAL,0,
1642640400.0,1786289000.3167632,1,1.0367,0.1372,,0.655,0.0303,0.291,NOMINAL,NOMINAL,NORMAL,0,
1642641300.0,1786289000.4417553,1,1.078,0.1397,,0.645,0.03,0.26,NOMINAL,NOMINAL,TRIGGERED,1,omni_p6
1642642200.0,1786289000.5677197,1,1.0396,0.1374,,0.685,0.0484,1.209,NOMINAL,PRE_ALERT,TRIGGERED,2,omni_p6
1642643100.0,1786289000.6926575,1,1.0713,0.1382,,0.631,0.0463,1.16,PRE_ALERT,NOMINAL,NORMAL,0,
1642644000.0,1786289000.816853,1,1.0953,0.1437,,0.634,0.0307,0.284,NOMINAL,NOMINAL,NORMAL,0,
1642644900.0,1786289000.9416687,1,1.0629,0.1386,,0.609,0.0285,0.249,NOMINAL,NOMINAL,NORMAL,0,
1642645800.0,1786289001.066655,1,1.0045,0.1354,,0.615,0.0275,0.249,NOMINAL,NOMINAL,NORMAL,0,
1642646700.0,1786289001.191677,1,1.0059,0.1363,,0.618,0.0252,0.284,NOMINAL,NOMINAL,TRIGGERED,1,omni_p6
1642647600.0,1786289001.3175735,1,1.0097,0.1349,,0.647,0.0433,1.166,NOMINAL,PRE_ALERT,TRIGGERED,2,omni_p6
1642648500.0,1786289001.4425116,1,1.0514,0.1348,,0.592,0.0425,1.121,PRE_ALERT,NOMINAL,NORMAL,0,
1642649400.0,1786289001.5665781,1,0.9915,0.1311,,0.595,0.0258,0.244,NOMINAL,NOMINAL,NORMAL,0,
1642650300.0,1786289001.6916425,1,1.0094,0.1339,,0.619,0.0269,0.256,NOMINAL,NOMINAL,NORMAL,0,
1642651200.0,1786289001.8167844,1,1.0545,0.1392,,0.647,0.0292,0.27,NOMINAL,NOMINAL,NORMAL,0,
1642652100.0,1786289001.9416318,1,1.0562,0.1358,,0.584,0.0282,0.251,NOMINAL,NOMINAL,NORMAL,0,
1642653000.0,1786289002.0666442,1,1.0164,0.1349,,0.599,0.0284,0.251,NOMINAL,NOMINAL,NORMAL,0,
1642653900.0,1786289002.1916218,1,1.0025,0.13,,0.617,0.0269,0.256,NOMINAL,NOMINAL,NORMAL,0,
1642654800.0,1786289002.3166637,1,1.0112,0.1314,,0.641,0.0291,0.256,NOMINAL,NOMINAL,NORMAL,0,
1642655700.0,1786289002.4416914,1,1.0754,0.138,,0.621,0.0287,0.255,NOMINAL,NOMINAL,NORMAL,0,
1642656600.0,1786289002.5665715,1,1.011,0.1346,,0.579,0.0279,0.255,NOMINAL,NOMINAL,NORMAL,0,
1642657500.0,1786289002.6916423,1,1.0152,0.1367,,0.624,0.0296,0.261,NOMINAL,NOMINAL,NORMAL,0,
1642658400.0,1786289002.8168352,1,1.064,0.1382,,0.675,0.0304,0.275,NOMINAL,NOMINAL,NORMAL,0,
1642659300.0,1786289002.9415903,1,1.0474,0.1337,,0.571,0.03,0.244,NOMINAL,NOMINAL,NORMAL,0,
1642660200.0,1786289003.0666025,1,1.0194,0.138,,0.59,0.0283,0.253,NOMINAL,NOMINAL,NORMAL,0,
1642661100.0,1786289003.1927629,1,1.0529,0.1364,,0.661,0.0291,0.289,NOMINAL,NOMINAL,NORMAL,0,
1642662000.0,1786289003.317808,1,1.1727,0.1424,,0.823,0.0326,0.287,NOMINAL,NOMINAL,NORMAL,0,
1642662900.0,1786289003.442788,1,1.1701,0.1462,,0.803,0.0328,0.287,NOMINAL,NOMINAL,NORMAL,0,
1642663800.0,1786289003.5673475,1,1.1004,0.1434,,0.637,0.0306,0.265,NOMINAL,NOMINAL,TRIGGERED,1,omni_p6
1642664700.0,1786289003.6933308,1,1.0836,0.14,,0.654,0.0472,1.264,NOMINAL,PRE_ALERT,TRIGGERED,2,omni_p6
1642665600.0,1786289003.8182082,1,1.1112,0.1398,,0.606,0.0458,1.137,PRE_ALERT,NOMINAL,NORMAL,0,
1642666500.0,1786289003.9423783,1,1.1302,0.1424,,0.644,0.0298,0.261,NOMINAL,NOMINAL,NORMAL,0,
1642667400.0,1786289004.0671868,1,1.0358,0.1366,,0.615,0.0275,0.25,NOMINAL,NOMINAL,TRIGGERED,1,omni_p6
1642668300.0,1786289004.1923063,1,1.0828,0.1404,,0.639,0.0453,0.27,NOMINAL,NOMINAL,NORMAL,0,
1642669200.0,1786289004.317281,1,1.0356,0.1413,,0.633,0.0288,0.255,NOMINAL,NOMINAL,TRIGGERED,1,omni_p6
1642670100.0,1786289004.4437869,1,1.176,0.1487,,0.806,0.0515,1.269,NOMINAL,PRE_ALERT,TRIGGERED,2,omni_p6
1642671000.0,1786289004.5674515,1,1.1148,0.1485,,0.669,0.0288,0.273,PRE_ALERT,PRE_ALERT,TRIGGERED,3,omni_p6
1642671900.0,1786289004.6933703,1,1.1148,0.144,,0.71,0.0465,1.174,PRE_ALERT,NOMINAL,NORMAL,0,
1642672800.0,1786289004.8174856,1,1.1662,0.148,,0.637,0.0275,0.267,NOMINAL,NOMINAL,NORMAL,0,
1642673700.0,1786289004.9422588,1,1.0719,0.1418,,0.623,0.0279,0.256,NOMINAL,NOMINAL,TRIGGERED,1,omni_p6
1642674600.0,1786289005.067238,1,1.0639,0.1427,,0.631,0.028,0.26,NOMINAL,NOMINAL,NORMAL,0,
1642675500.0,1786289005.1923041,1,1.0822,0.1447,,0.645,0.0514,0.285,NOMINAL,NOMINAL,TRIGGERED,1,omni_p6
1642676400.0,1786289005.3182316,1,1.0558,0.1486,,0.632,0.0462,1.185,NOMINAL,PRE_ALERT,TRIGGERED,2,omni_p6
1642677300.0,1786289005.4422708,1,1.1101,0.1464,,0.607,0.0262,0.254,PRE_ALERT,PRE_ALERT,TRIGGERED,3,omni_p6
1642678200.0,1786289005.5680423,1,1.035,0.1405,,0.612,0.046,1.138,PRE_ALERT,NOMINAL,NORMAL,0,
1642679100.0,1786289005.6922708,1,1.067,0.1443,,0.631,0.0276,0.281,NOMINAL,NOMINAL,NORMAL,0,
1642680000.0,1786289005.817145,1,1.0167,0.1538,,0.589,0.0276,0.255,NOMINAL,NOMINAL,TRIGGERED,1,omni_p6
1642680900.0,1786289005.9432492,1,1.1021,0.1463,,0.638,0.0479,1.182,NOMINAL,PRE_ALERT,TRIGGERED,2,omni_p6
1642681800.0,1786289006.0672543,1,1.0637,0.1449,,0.613,0.0292,0.255,PRE_ALERT,PRE_ALERT,TRIGGERED,3,omni_p6
1642682700.0,1786289006.193392,1,1.1376,0.1488,,0.69,0.0453,1.18,PRE_ALERT,ALERT,TRIGGERED,4,omni_p6
1642683600.0,1786289006.3184235,1,1.1789,0.1532,,0.69,0.0418,1.14,ALERT,NOMINAL,NORMAL,0,
1642684500.0,1786289006.442328,1,1.1134,0.1454,,0.633,0.0293,0.255,NOMINAL,NOMINAL,NORMAL,0,
1642685400.0,1786289006.566985,1,0.9276,0.1365,,0.57,0.0267,0.235,NOMINAL,NOMINAL,NORMAL,0,
1642686300.0,1786289006.6921332,1,0.9729,0.1367,,0.597,0.0264,0.284,NOMINAL,NOMINAL,TRIGGERED,1,omni_p6
1642687200.0,1786289006.8179715,1,0.9824,0.1662,,0.562,0.0451,1.145,NOMINAL,PRE_ALERT,TRIGGERED,2,omni_p6
1642688100.0,1786289006.9423795,1,1.0875,0.1443,,0.655,0.0285,0.262,PRE_ALERT,PRE_ALERT,TRIGGERED,3,omni_p6
1642689000.0,1786289007.0681517,1,1.0453,0.1442,,0.618,0.0459,1.163,PRE_ALERT,ALERT,TRIGGERED,4,omni_p6
1642689900.0,1786289007.19327,1,1.0813,0.143,,0.689,0.0484,1.134,ALERT,NOMINAL,NORMAL,0,
1642690800.0,1786289007.3173008,1,1.0495,0.1406,,0.64,0.0269,0.256,NOMINAL,NOMINAL,NORMAL,0,
1642691700.0,1786289007.4421837,1,1.0504,0.1399,,0.611,0.0293,0.252,NOMINAL,NOMINAL,TRIGGERED,1,omni_p6
1642692600.0,1786289007.5672278,1,1.053,0.1369,,0.654,0.0291,0.26,NOMINAL,NOMINAL,NORMAL,0,
1642693500.0,1786289007.692436,1,1.0846,0.1448,,0.725,0.0298,0.271,NOMINAL,NOMINAL,TRIGGERED,1,omni_p6
1642694400.0,1786289007.817158,1,1.0139,0.1394,,0.575,0.0295,0.251,NOMINAL,NOMINAL,NORMAL,0,
1642695300.0,1786289007.9423985,1,1.0875,0.1427,,0.708,0.0298,0.27,NOMINAL,NOMINAL,TRIGGERED,1,omni_p6
1642696200.0,1786289008.0670896,1,1.0122,0.1353,,0.588,0.0276,0.254,NOMINAL,NOMINAL,NORMAL,0,
1642697100.0,1786289008.1921928,1,0.9793,0.1331,,0.638,0.0336,0.311,NOMINAL,NOMINAL,NORMAL,0,
1642698000.0,1786289008.3178167,1,1.132,0.1447,,0.839,0.0311,0.321,NOMINAL,NOMINAL,TRIGGERED,1,omni_p6
1642698900.0,1786289008.4426916,1,1.1284,0.1477,,0.785,0.0313,0.281,NOMINAL,NOMINAL,NORMAL,0,
1642699800.0,1786289008.5672572,1,1.0427,0.1372,,0.646,0.0273,0.253,NOMINAL,NOMINAL,NORMAL,0,
1642700700.0,1786289008.6922195,1,1.0146,0.135,,0.641,0.0269,0.281,NOMINAL,NOMINAL,NORMAL,0,
1642701600.0,1786289008.8171036,1,0.9958,0.1683,,0.564,0.0258,0.259,NOMINAL,NOMINAL,NORMAL,0,
1642702500.0,1786289008.9424694,1,1.0388,0.1355,,0.927,0.0264,0.258,NOMINAL,NOMINAL,NORMAL,0,
1642703400.0,1786289009.0674214,1,1.0246,0.1354,,0.866,0.0261,0.254,NOMINAL,NOMINAL,NORMAL,0,
1642704300.0,1786289009.1924162,1,1.0513,0.144,,0.801,0.0267,0.261,NOMINAL,NOMINAL,TRIGGERED,1,omni_p6
1642705200.0,1786289009.3175182,1,1.0812,0.1419,,0.803,0.028,0.264,NOMINAL,NOMINAL,NORMAL,0,
1642706100.0,1786289009.4427357,1,1.1344,0.1437,,0.763,0.0307,0.37,NOMINAL,NOMINAL,NORMAL,0,
1642707000.0,1786289009.5674,1,1.0351,0.1378,,0.748,0.0633,0.335,NOMINAL,NOMINAL,NORMAL,0,
1642707900.0,1786289009.6923835,1,0.9999,0.1361,,0.835,0.03,0.286,NOMINAL,NOMINAL,NORMAL,0,
1642708800.0,1786289009.817076,1,0.9803,0.1565,,0.573,0.0266,0.255,NOMINAL,NOMINAL,NORMAL,0,
1642709700.0,1786289009.941993,1,0.9964,0.1297,,0.552,0.0256,0.248,NOMINAL,NOMINAL,NORMAL,0,
1642710600.0,1786289010.0671816,1,1.0238,0.1395,,0.627,0.0275,0.273,NOMINAL,NOMINAL,NORMAL,0,
1642711500.0,1786289010.192216,1,1.002,0.1372,,0.661,0.0264,0.295,NOMINAL,NOMINAL,NORMAL,0,
1642712400.0,1786289010.3172977,1,1.0205,0.1392,,0.67,0.0289,0.279,NOMINAL,NOMINAL,NORMAL,0,
1642713300.0,1786289010.441927,1,0.9709,0.1318,,0.512,0.0214,0.23,NOMINAL,NOMINAL,NORMAL,0,
1642714200.0,1786289010.5668144,1,0.926,0.1321,,0.488,0.0177,0.212,NOMINAL,NOMINAL,TRIGGERED,1,omni_p6
1642715100.0,1786289010.6921847,1,0.9572,0.1342,,0.629,0.0262,0.358,NOMINAL,NOMINAL,NORMAL,0,
1642716000.0,1786289010.817019,1,0.9458,0.1625,,0.551,0.0247,0.251,NOMINAL,NOMINAL,NORMAL,0,
1642716900.0,1786289010.9419997,1,0.9889,0.1271,,0.559,0.0266,0.252,NOMINAL,NOMINAL,NORMAL,0,
1642717800.0,1786289011.067022,1,1.0203,0.1343,,0.505,0.0203,0.222,NOMINAL,NOMINAL,NORMAL,0,
1642718700.0,1786289011.1922338,1,0.9989,0.1349,,0.669,0.0274,0.318,NOMINAL,NOMINAL,NORMAL,0,
1642719600.0,1786289011.317274,1,0.9962,0.1403,,0.649,0.0272,0.284,NOMINAL,NOMINAL,NORMAL,0,
1642720500.0,1786289011.4419854,1,0.9888,0.1297,,0.542,0.0257,0.251,NOMINAL,NOMINAL,TRIGGERED,1,omni_p6
1642721400.0,1786289011.5669298,1,0.9442,0.1311,,0.532,0.0249,0.243,NOMINAL,NOMINAL,NORMAL,0,
1642722300.0,1786289011.6920376,1,0.9505,0.1324,,0.607,0.027,0.25,NOMINAL,NOMINAL,NORMAL,0,
1642723200.0,1786289011.817998,1,0.9451,0.1286,0.6382,0.622,0.0278,0.492,NOMINAL,NOMINAL,NORMAL,0,
1642724100.0,1786289011.9422326,1,0.9901,0.1312,,0.69,0.0275,0.283,NOMINAL,NOMINAL,NORMAL,0,
1642725000.0,1786289012.0672033,1,0.9847,0.1301,,0.683,0.0279,0.251,NOMINAL,NOMINAL,NORMAL,0,
1642725900.0,1786289012.192298,1,1.0023,0.1382,,0.68,0.0279,0.285,NOMINAL,NOMINAL,TRIGGERED,1,omni_p6
1642726800.0,1786289012.318352,1,1.0751,0.1379,,0.705,0.0486,1.2,NOMINAL,PRE_ALERT,TRIGGERED,2,omni_p6
1642727700.0,1786289012.4432402,1,1.0712,0.1414,,0.613,0.045,1.159,PRE_ALERT,NOMINAL,NORMAL,0,
1642728600.0,1786289012.5671647,1,1.0018,0.1323,,0.623,0.0254,0.239,NOMINAL,NOMINAL,NORMAL,0,
1642729500.0,1786289012.6921897,1,0.9956,0.1331,,0.613,0.0265,0.297,NOMINAL,NOMINAL,NORMAL,0,
1642730400.0,1786289012.8171098,1,0.9572,0.159,,0.581,0.0244,0.296,NOMINAL,NOMINAL,NORMAL,0,
1642731300.0,1786289012.9421406,1,1.0076,0.1294,,0.593,0.0245,0.275,NOMINAL,NOMINAL,NORMAL,0,
1642732200.0,1786289013.0672,1,0.997,0.1331,,0.637,0.0256,0.254,NOMINAL,NOMINAL,TRIGGERED,1,omni_p6
1642733100.0,1786289013.193178,1,0.9912,0.1333,,0.632,0.044,1.259,NOMINAL,PRE_ALERT,TRIGGERED,2,omni_p6
1642734000.0,1786289013.3187768,1,1.1695,0.1436,,0.853,0.0487,1.207,PRE_ALERT,NOMINAL,NORMAL,0,
1642734900.0,1786289013.4428203,1,1.1393,0.1451,,0.84,0.0306,0.292,NOMINAL,NOMINAL,NORMAL,0,
1642735800.0,1786289013.5673947,1,1.0749,0.1417,,0.694,0.028,0.261,NOMINAL,NOMINAL,NORMAL,0,
1642736700.0,1786289013.6923826,1,1.0408,0.1372,,0.688,0.0282,0.3,NOMINAL,NOMINAL,NORMAL,0,
1642737600.0,1786289013.8171182,1,0.9988,0.1594,,0.594,0.0251,0.245,NOMINAL,NOMINAL,NORMAL,0,
1642738500.0,1786289013.9421937,1,1.0213,0.1356,,0.639,0.0259,0.25,NOMINAL,NOMINAL,TRIGGERED,1,omni_p6
1642739400.0,1786289014.0671945,1,1.0015,0.1335,,0.639,0.0258,0.252,NOMINAL,NOMINAL,NORMAL,0,
1642740300.0,1786289014.1922166,1,1.0009,0.133,,0.628,0.0254,0.28,NOMINAL,NOMINAL,NORMAL,0,
1642741200.0,1786289014.3172915,1,1.0057,0.1327,,0.643,0.0261,0.288,NOMINAL,NOMINAL,NORMAL,0,
1642742100.0,1786289014.4427283,1,1.1255,0.1436,,0.79,0.0322,0.311,NOMINAL,NOMINAL,NORMAL,0,
1642743000.0,1786289014.567293,1,1.0434,0.1356,,0.673,0.0292,0.257,NOMINAL,NOMINAL,NORMAL,0,
1642743900.0,1786289014.692231,1,1.0108,0.1335,,0.64,0.0269,0.275,NOMINAL,NOMINAL,NORMAL,0,
1642744800.0,1786289014.8171587,1,0.9979,0.1364,,0.589,0.0259,0.25,NOMINAL,NOMINAL,NORMAL,0,
1642745700.0,1786289014.942083,1,1.0224,0.1285,,0.584,0.0252,0.238,NOMINAL,NOMINAL,NORMAL,0,
1642746600.0,1786289015.066991,1,0.9662,0.1296,,0.56,0.0245,0.238,NOMINAL,NOMINAL,NORMAL,0,
1642747500.0,1786289015.1924531,1,1.076,0.1387,,0.721,0.0302,0.287,NOMINAL,NOMINAL,NORMAL,0,
1642748400.0,1786289015.3174565,1,1.0858,0.1359,,0.705,0.0279,0.309,NOMINAL,NOMINAL,NORMAL,0,
1642749300.0,1786289015.4423034,1,1.0891,0.1348,,0.612,0.0284,0.302,NOMINAL,NOMINAL,NORMAL,0,
1642750200.0,1786289015.5671377,1,1.0087,0.1282,,0.587,0.026,0.288,NOMINAL,NOMINAL,NORMAL,0,
1642751100.0,1786289015.6921606,1,0.9995,0.1272,,0.602,0.0255,0.315,NOMINAL,NOMINAL,NORMAL,0,
1642752000.0,1786289015.81704,1,0.9917,0.1633,,0.538,0.0255,0.241,NOMINAL,NOMINAL,NORMAL,0,
1642752900.0,1786289015.942107,1,0.9973,0.1271,,0.58,0.0246,0.291,NOMINAL,NOMINAL,NORMAL,0,
1642753800.0,1786289016.067016,1,0.9451,0.1262,,0.574,0.0243,0.278,NOMINAL,NOMINAL,NORMAL,0,
1642754700.0,1786289016.1923926,1,1.0223,0.1358,,0.681,0.0269,0.343,NOMINAL,NOMINAL,TRIGGERED,1,omni_p6
1642755600.0,1786289016.3172905,1,1.0171,0.1354,,0.645,0.0266,0.281,NOMINAL,NOMINAL,NORMAL,0,
1642756500.0,1786289016.4421191,1,1.0053,0.1323,,0.617,0.0254,0.242,NOMINAL,NOMINAL,NORMAL,0,
1642757400.0,1786289016.5670187,1,0.9402,0.129,,0.598,0.0245,0.242,NOMINAL,NOMINAL,NORMAL,0,
1642758300.0,1786289016.6920836,1,0.9421,0.1286,,0.611,0.0242,0.276,NOMINAL,NOMINAL,NORMAL,0,
1642759200.0,1786289016.8170724,1,0.9598,0.1601,,0.601,0.0254,0.238,NOMINAL,NOMINAL,NORMAL,0,
1642760100.0,1786289016.9420586,1,0.9948,0.1299,,0.582,0.0243,0.231,NOMINAL,NOMINAL,TRIGGERED,1,omni_p6
1642761000.0,1786289017.06795,1,0.954,0.1366,,0.591,0.0425,1.173,NOMINAL,PRE_ALERT,TRIGGERED,2,omni_p6
1642761900.0,1786289017.1934297,1,1.0693,0.1421,,0.739,0.0489,1.193,PRE_ALERT,NOMINAL,NORMAL,0,
1642762800.0,1786289017.3173726,1,1.0708,0.1397,,0.666,0.0279,0.261,NOMINAL,NOMINAL,NORMAL,0,
1642763700.0,1786289017.4421937,1,1.0463,0.135,,0.606,0.0269,0.248,NOMINAL,NOMINAL,NORMAL,0,
1642764600.0,1786289017.5670877,1,0.9942,0.1322,,0.591,0.0259,0.242,NOMINAL,NOMINAL,NORMAL,0,
1642765500.0,1786289017.6921647,1,0.9899,0.1308,,0.626,0.0254,0.271,NOMINAL,NOMINAL,NORMAL,0,
1642766400.0,1786289017.8170762,1,0.9737,0.1569,,0.564,0.0248,0.25,NOMINAL,NOMINAL,TRIGGERED,1,omni_p6
1642767300.0,1786289017.943065,1,1.0174,0.1311,,0.612,0.0442,1.174,NOMINAL,PRE_ALERT,TRIGGERED,2,omni_p6
1642768200.0,1786289018.068047,1,1.0298,0.1335,,0.602,0.0456,1.141,PRE_ALERT,NOMINAL,NORMAL,0,
1642769100.0,1786289018.1924014,1,1.047,0.1361,,0.661,0.0291,0.334,NOMINAL,NOMINAL,NORMAL,0,
1642770000.0,1786289018.3177135,1,1.1287,0.1424,,0.811,0.0316,0.301,NOMINAL,NOMINAL,NORMAL,0,
1642770900.0,1786289018.4428058,1,1.1231,0.1474,,0.844,0.0326,0.301,NOMINAL,NOMINAL,NORMAL,0,
1642771800.0,1786289018.5673094,1,1.0517,0.1411,,0.67,0.0281,0.263,NOMINAL,NOMINAL,NORMAL,0,
1642772700.0,1786289018.6923103,1,1.0443,0.1388,,0.637,0.0272,0.319,NOMINAL,NOMINAL,TRIGGERED,1,omni_p6
1642773600.0,1786289018.8180883,1,0.9953,0.1716,,0.587,0.044,1.226,NOMINAL,PRE_ALERT,TRIGGERED,2,omni_p6
1642774500.0,1786289018.9432113,1,1.0562,0.1385,,0.628,0.0452,1.182,PRE_ALERT,NOMINAL,NORMAL,0,
1642775400.0,1786289019.0671418,1,1.0021,0.138,,0.595,0.0261,0.278,NOMINAL,NOMINAL,NORMAL,0,
1642776300.0,1786289019.1923623,1,1.0297,0.1348,,0.682,0.03,0.306,NOMINAL,NOMINAL,NORMAL,0,
1642777200.0,1786289019.31733,1,1.0333,0.137,,0.642,0.0296,0.293,NOMINAL,NOMINAL,NORMAL,0,
1642778100.0,1786289019.4427083,1,1.1101,0.1432,,0.796,0.032,0.293,NOMINAL,NOMINAL,NORMAL,0,
1642779000.0,1786289019.5673232,1,1.0454,0.1369,,0.673,0.029,0.275,NOMINAL,NOMINAL,TRIGGERED,1,omni_p6
1642779900.0,1786289019.6923149,1,1.0277,0.139,,0.638,0.0294,0.327,NOMINAL,NOMINAL,NORMAL,0,
1642780800.0,1786289019.8171432,1,0.9766,0.2082,,0.583,0.0256,0.244,NOMINAL,NOMINAL,NORMAL,0,
1642781700.0,1786289019.942143,1,1.0081,0.1294,,0.618,0.0258,0.243,NOMINAL,NOMINAL,NORMAL,0,
1642782600.0,1786289020.0670269,1,0.9641,0.125,,0.59,0.0257,0.239,NOMINAL,NOMINAL,NORMAL,0,
1642783500.0,1786289020.1920955,1,0.9575,0.1261,,0.608,0.0262,0.254,NOMINAL,NOMINAL,NORMAL,0,
1642784400.0,1786289020.3175142,1,1.084,0.1359,,0.746,0.0274,0.292,NOMINAL,NOMINAL,NORMAL,0,
1642785300.0,1786289020.4423018,1,1.0681,0.1332,,0.645,0.026,0.254,NOMINAL,NOMINAL,NORMAL,0,
1642786200.0,1786289020.567105,1,0.9883,0.1284,,0.603,0.024,0.237,NOMINAL,NOMINAL,NORMAL,0,
1642787100.0,1786289020.6921017,1,0.9637,0.1269,,0.618,0.0237,0.237,NOMINAL,NOMINAL,NORMAL,0,
1642788000.0,1786289020.8170493,1,0.9682,0.1576,,0.562,0.024,0.247,NOMINAL,NOMINAL,NORMAL,0,
1642788900.0,1786289020.9420445,1,0.9731,0.1278,,0.577,0.0244,0.24,NOMINAL,NOMINAL,NORMAL,0,
1642789800.0,1786289021.0669343,1,0.9337,0.1257,,0.567,0.0238,0.227,NOMINAL,NOMINAL,NORMAL,0,
1642790700.0,1786289021.1920269,1,0.952,0.1237,,0.582,0.0237,0.234,NOMINAL,NOMINAL,NORMAL,0,
1642791600.0,1786289021.317349,1,1.0525,0.1303,,0.684,0.0268,0.261,NOMINAL,NOMINAL,NORMAL,0,
1642792500.0,1786289021.442314,1,1.0418,0.1305,,0.656,0.0278,0.301,NOMINAL,NOMINAL,NORMAL,0,
1642793400.0,1786289021.567185,1,1.0003,0.1275,,0.621,0.0261,0.287,NOMINAL,NOMINAL,NORMAL,0,
1642794300.0,1786289021.6921673,1,0.9709,0.1265,,0.6,0.0257,0.326,NOMINAL,NOMINAL,NORMAL,0,
1642795200.0,1786289021.8170428,1,0.9539,0.1562,,0.555,0.0241,0.278,NOMINAL,NOMINAL,NORMAL,0,
1642796100.0,1786289021.9420788,1,0.976,0.1257,,0.574,0.0257,0.285,NOMINAL,NOMINAL,NORMAL,0,
1642797000.0,1786289022.0669842,1,0.9376,0.1252,,0.567,0.0249,0.251,NOMINAL,NOMINAL,NORMAL,0,
1642797900.0,1786289022.1920307,1,0.9285,0.1245,,0.577,0.0244,0.272,NOMINAL,NOMINAL,NORMAL,0,
1642798800.0,1786289022.3174262,1,1.0045,0.1313,,0.681,0.029,0.363,NOMINAL,NOMINAL,NORMAL,0,
1642799700.0,1786289022.4422777,1,1.0248,0.132,,0.633,0.0261,0.333,NOMINAL,NOMINAL,TRIGGERED,1,omni_p6
1642800600.0,1786289022.5672379,1,0.9769,0.1281,,0.623,0.0267,0.384,NOMINAL,NOMINAL,NORMAL,0,
1642801500.0,1786289022.6921437,1,0.972,0.1275,,0.623,0.0256,0.274,NOMINAL,NOMINAL,NORMAL,0,
1642802400.0,1786289022.8171246,1,0.9488,0.1533,,0.579,0.0249,0.347,NOMINAL,NOMINAL,NORMAL,0,
1642803300.0,1786289022.942217,1,0.9994,0.1315,,0.615,0.0257,0.337,NOMINAL,NOMINAL,NORMAL,0,
1642804200.0,1786289023.0670729,1,0.9422,0.1282,,0.589,0.0262,0.318,NOMINAL,NOMINAL,NORMAL,0,
1642805100.0,1786289023.1921787,1,0.9507,0.1307,,0.618,0.0253,0.315,NOMINAL,NOMINAL,TRIGGERED,1,omni_p6
1642806000.0,1786289023.318854,1,1.1674,0.1424,,0.85,0.0515,1.273,NOMINAL,PRE_ALERT,TRIGGERED,2,omni_p6
1642806900.0,1786289023.4436977,1,1.1408,0.1407,,0.813,0.0502,1.213,PRE_ALERT,NOMINAL,NORMAL,0,
1642807800.0,1786289023.5674014,1,1.0717,0.136,,0.702,0.0285,0.267,NOMINAL,NOMINAL,NORMAL,0,
1642808700.0,1786289023.6922498,1,1.0255,0.1304,,0.647,0.0272,0.272,NOMINAL,NOMINAL,NORMAL,0,
1642809600.0,1786289023.8179116,1,1.0215,0.1241,0.6004,0.632,0.0282,0.289,NOMINAL,NOMINAL,NORMAL,0,
1642810500.0,1786289023.9422472,1,1.074,0.1309,,0.639,0.027,0.25,NOMINAL,NOMINAL,NORMAL,0,
1642811400.0,1786289024.0670607,1,0.9871,0.1286,,0.599,0.0251,0.244,NOMINAL,NOMINAL,TRIGGERED,1,omni_p6
1642812300.0,1786289024.193137,1,0.9911,0.1308,,0.602,0.0439,1.247,NOMINAL,PRE_ALERT,TRIGGERED,2,omni_p6
1642813200.0,1786289024.3185816,1,1.1339,0.1357,,0.774,0.0489,1.176,PRE_ALERT,NOMINAL,NORMAL,0,
1642814100.0,1786289024.4433851,1,1.253,0.1619,,1.015,0.0333,0.327,NOMINAL,NOMINAL,NORMAL,0,
1642815000.0,1786289024.5678654,1,1.1628,0.1447,,0.852,0.0318,0.303,NOMINAL,NOMINAL,NORMAL,0,
1642815900.0,1786289024.6924493,1,1.0864,0.1374,,0.709,0.029,0.277,NOMINAL,NOMINAL,NORMAL,0,
1642816800.0,1786289024.8172982,1,1.0744,0.1313,,0.627,0.0271,0.265,NOMINAL,NOMINAL,NORMAL,0,
1642817700.0,1786289024.942253,1,1.0592,0.1319,,0.633,0.0264,0.26,NOMINAL,NOMINAL,TRIGGERED,1,omni_p6
1642818600.0,1786289025.067139,1,1.006,0.1324,,0.593,0.026,0.288,NOMINAL,NOMINAL,NORMAL,0,
1642819500.0,1786289025.1921964,1,0.9951,0.1315,,0.619,0.0237,0.3,NOMINAL,NOMINAL,NORMAL,0,
1642820400.0,1786289025.317282,1,1.0059,0.1338,,0.652,0.0267,0.29,NOMINAL,NOMINAL,NORMAL,0,
1642821300.0,1786289025.4424875,1,1.0878,0.1359,,0.732,0.0302,0.31,NOMINAL,NOMINAL,NORMAL,0,
1642822200.0,1786289025.567264,1,1.049,0.137,,0.647,0.0267,0.253,NOMINAL,NOMINAL,NORMAL,0,
1642823100.0,1786289025.6921942,1,1.0256,0.1317,,0.594,0.0286,0.28,NOMINAL,NOMINAL,NORMAL,0,
1642824000.0,1786289025.817116,1,0.9965,0.1608,,0.576,0.0282,0.263,NOMINAL,NOMINAL,TRIGGERED,1,omni_p6
1642824900.0,1786289025.9421036,1,1.0135,0.1229,,0.575,0.0263,0.267,NOMINAL,NOMINAL,NORMAL,0,
1642825800.0,1786289026.0670247,1,0.9714,0.126,,0.546,0.0276,0.283,NOMINAL,NOMINAL,NORMAL,0,
1642826700.0,1786289026.1920402,1,0.9597,0.1242,,0.568,0.0255,0.269,NOMINAL,NOMINAL,NORMAL,0,
1642827600.0,1786289026.317255,1,1.0075,0.131,,0.627,0.0267,0.286,NOMINAL,NOMINAL,NORMAL,0,
1642828500.0,1786289026.4424486,1,1.0821,0.1361,,0.684,0.0292,0.326,NOMINAL,NOMINAL,NORMAL,0,
1642829400.0,1786289026.5672324,1,1.0218,0.1326,,0.623,0.0271,0.304,NOMINAL,NOMINAL,NORMAL,0,
1642830300.0,1786289026.6921234,1,0.9767,0.1293,,0.587,0.026,0.281,NOMINAL,NOMINAL,NORMAL,0,
1642831200.0,1786289026.8171234,1,0.9954,0.1363,,0.573,0.0274,0.261,NOMINAL,NOMINAL,NORMAL,0,
1642832100.0,1786289026.942117,1,1.016,0.1261,,0.585,0.0272,0.257,NOMINAL,NOMINAL,NORMAL,0,
1642833000.0,1786289027.0670078,1,0.9702,0.1293,,0.565,0.0258,0.245,NOMINAL,NOMINAL,NORMAL,0,
1642833900.0,1786289027.192025,1,0.9669,0.1241,,0.57,0.0269,0.246,NOMINAL,NOMINAL,NORMAL,0,
1642834800.0,1786289027.317327,1,1.037,0.1335,,0.659,0.0282,0.282,NOMINAL,NOMINAL,NORMAL,0,
1642835700.0,1786289027.44247,1,1.0675,0.1344,,0.672,0.0311,0.324,NOMINAL,NOMINAL,NORMAL,0,
1642836600.0,1786289027.5672479,1,1.0251,0.1344,,0.621,0.0273,0.314,NOMINAL,NOMINAL,NORMAL,0,
1642837500.0,1786289027.692224,1,1.0082,0.1289,,0.607,0.0274,0.326,NOMINAL,NOMINAL,NORMAL,0,
1642838400.0,1786289027.8171499,1,0.9912,0.134,,0.576,0.0254,0.295,NOMINAL,NOMINAL,NORMAL,0,
1642839300.0,1786289027.9421706,1,1.0113,0.1309,,0.609,0.0265,0.29,NOMINAL,NOMINAL,TRIGGERED,1,omni_p6
1642840200.0,1786289028.0683339,1,0.9725,0.1279,,0.56,0.0451,1.562,NOMINAL,PRE_ALERT,TRIGGERED,2,omni_p6
1642841100.0,1786289028.193202,1,1.0362,0.1311,,0.618,0.0458,1.213,PRE_ALERT,NOMINAL,NORMAL,0,
1642842000.0,1786289028.3189685,1,1.1613,0.1435,,0.846,0.028,1.4,NOMINAL,NOMINAL,NORMAL,0,
1642842900.0,1786289028.4428177,1,1.1439,0.1412,,0.844,0.0313,0.293,NOMINAL,NOMINAL,NORMAL,0,
1642843800.0,1786289028.5673769,1,1.072,0.1341,,0.69,0.0278,0.269,NOMINAL,NOMINAL,NORMAL,0,
1642844700.0,1786289028.6922207,1,1.0204,0.1295,,0.62,0.0272,0.27,NOMINAL,NOMINAL,NORMAL,0,
1642845600.0,1786289028.8171535,1,0.9911,0.1402,,0.605,0.0271,0.254,NOMINAL,NOMINAL,TRIGGERED,1,omni_p6
1642846500.0,1786289028.9421399,1,1.0277,0.13,,0.592,0.026,0.246,NOMINAL,NOMINAL,NORMAL,0,
1642847400.0,1786289029.0670397,1,0.9727,0.1266,,0.577,0.0256,0.241,NOMINAL,NOMINAL,NORMAL,0,
1642848300.0,1786289029.1920304,1,0.952,0.1246,,0.562,0.0259,0.265,NOMINAL,NOMINAL,NORMAL,0,
1642849200.0,1786289029.317313,1,1.0007,0.1298,,0.669,0.0274,0.281,NOMINAL,NOMINAL,NORMAL,0,
1642850100.0,1786289029.4428003,1,1.1356,0.1398,,0.823,0.0314,0.313,NOMINAL,NOMINAL,NORMAL,0,
1642851000.0,1786289029.5673463,1,1.0557,0.1332,,0.679,0.0281,0.267,NOMINAL,NOMINAL,NORMAL,0,
1642851900.0,1786289029.6922603,1,1.024,0.1331,,0.64,0.0274,0.283,NOMINAL,NOMINAL,TRIGGERED,1,omni_p6
1642852800.0,1786289029.817259,1,1.0095,0.13,,0.612,0.0278,0.302,NOMINAL,NOMINAL,NORMAL,0,
1642853700.0,1786289029.9422066,1,1.0358,0.1271,,0.638,0.0285,0.248,NOMINAL,NOMINAL,NORMAL,0,
1642854600.0,1786289030.0670514,1,0.9848,0.1251,,0.592,0.0266,0.239,NOMINAL,NOMINAL,NORMAL,0,
1642855500.0,1786289030.1920621,1,0.9646,0.1254,,0.594,0.0261,0.238,NOMINAL,NOMINAL,NORMAL,0,
1642856400.0,1786289030.3172371,1,0.9924,0.1312,,0.642,0.0267,0.257,NOMINAL,NOMINAL,NORMAL,0,
1642857300.0,1786289030.4423537,1,1.067,0.1352,,0.655,0.0286,0.284,NOMINAL,NOMINAL,TRIGGERED,1,omni_p6
1642858200.0,1786289030.5682542,1,1.0403,0.1339,,0.636,0.0478,1.262,NOMINAL,PRE_ALERT,TRIGGERED,2,omni_p6
1642859100.0,1786289030.6931684,1,1.047,0.1318,,0.643,0.0701,1.149,PRE_ALERT,NOMINAL,NORMAL,0,
1642860000.0,1786289030.817206,1,1.0313,0.1324,,0.597,0.0266,0.252,NOMINAL,NOMINAL,NORMAL,0,
1642860900.0,1786289030.9421732,1,1.0442,0.1291,,0.599,0.0265,0.242,NOMINAL,NOMINAL,NORMAL,0,
1642861800.0,1786289031.0670445,1,0.9844,0.1263,,0.587,0.0255,0.231,NOMINAL,NOMINAL,NORMAL,0,
1642862700.0,1786289031.1920338,1,0.9702,0.1232,,0.574,0.0259,0.237,NOMINAL,NOMINAL,NORMAL,0,
1642863600.0,1786289031.317249,1,0.9866,0.1304,,0.658,0.0261,0.27,NOMINAL,NOMINAL,TRIGGERED,1,omni_p6
1642864500.0,1786289031.4432712,1,1.0283,0.1294,,0.735,0.0438,1.216,NOMINAL,PRE_ALERT,TRIGGERED,2,omni_p6
1642865400.0,1786289031.5684392,1,1.0817,0.1375,,0.726,0.0493,1.21,PRE_ALERT,NOMINAL,NORMAL,0,
1642866300.0,1786289031.6922786,1,1.0514,0.1372,,0.611,0.0269,0.275,NOMINAL,NOMINAL,NORMAL,0,
1642867200.0,1786289031.8171937,1,1.005,0.1323,,0.617,0.0259,0.245,NOMINAL,NOMINAL,NORMAL,0,
1642868100.0,1786289031.94214,1,1.0295,0.1272,,0.601,0.0269,0.243,NOMINAL,NOMINAL,NORMAL,0,
1642869000.0,1786289032.067046,1,0.9827,0.1283,,0.585,0.0262,0.243,NOMINAL,NOMINAL,NORMAL,0,
1642869900.0,1786289032.1920002,1,0.9563,0.1257,,0.564,0.0261,0.237,NOMINAL,NOMINAL,NORMAL,0,
1642870800.0,1786289032.3172126,1,0.9807,0.1287,,0.636,0.0264,0.254,NOMINAL,NOMINAL,NORMAL,0,
1642871700.0,1786289032.442257,1,1.0561,0.1305,,0.632,0.0283,0.255,NOMINAL,NOMINAL,NORMAL,0,
1642872600.0,1786289032.5672944,1,1.0478,0.1282,,0.68,0.0289,0.263,NOMINAL,NOMINAL,NORMAL,0,
1642873500.0,1786289032.6921377,1,1.0014,0.1286,,0.588,0.0267,0.27,NOMINAL,NOMINAL,NORMAL,0,
1642874400.0,1786289032.8171875,1,1.0057,0.1294,,0.619,0.0269,0.252,NOMINAL,NOMINAL,NORMAL,0,
1642875300.0,1786289032.9421594,1,1.0431,0.1275,,0.594,0.0246,0.254,NOMINAL,NOMINAL,NORMAL,0,
1642876200.0,1786289033.0670023,1,0.9661,0.1243,,0.562,0.026,0.237,NOMINAL,NOMINAL,NORMAL,0,
1642877100.0,1786289033.1919994,1,0.9645,0.1285,,0.55,0.026,0.239,NOMINAL,NOMINAL,NORMAL,0,
1642878000.0,1786289033.3178127,1,1.1416,0.1395,,0.852,0.0311,0.308,NOMINAL,NOMINAL,NORMAL,0,
1642878900.0,1786289033.4427938,1,1.1303,0.145,,0.83,0.0291,0.29,NOMINAL,NOMINAL,NORMAL,0,
1642879800.0,1786289033.5675125,1,1.0992,0.1389,,0.739,0.031,0.277,NOMINAL,NOMINAL,NORMAL,0,
1642880700.0,1786289033.692335,1,1.0478,0.1327,,0.656,0.0307,0.289,NOMINAL,NOMINAL,NORMAL,0,
1642881600.0,1786289033.8172083,1,1.0247,0.1355,,0.603,0.0252,0.253,NOMINAL,NOMINAL,NORMAL,0,
1642882500.0,1786289033.9421802,1,1.0423,0.1296,,0.597,0.0251,0.269,NOMINAL,NOMINAL,NORMAL,0,
1642883400.0,1786289034.067113,1,0.9798,0.1266,,0.587,0.0255,0.291,NOMINAL,NOMINAL,NORMAL,0,
1642884300.0,1786289034.192088,1,0.9664,0.1281,,0.567,0.0253,0.29,NOMINAL,NOMINAL,TRIGGERED,1,omni_p6
1642885200.0,1786289034.3172104,1,0.994,0.1289,,0.623,0.0256,0.246,NOMINAL,NOMINAL,NORMAL,0,
1642886100.0,1786289034.4426863,1,1.101,0.1429,,0.795,0.0289,0.283,NOMINAL,NOMINAL,NORMAL,0,
1642887000.0,1786289034.5674598,1,1.0879,0.1385,,0.712,0.0291,0.273,NOMINAL,NOMINAL,NORMAL,0,
1642887900.0,1786289034.6922736,1,1.0333,0.1328,,0.623,0.0256,0.283,NOMINAL,NOMINAL,NORMAL,0,
1642888800.0,1786289034.8172696,1,1.0087,0.1351,,0.624,0.0266,0.287,NOMINAL,NOMINAL,NORMAL,0,
1642889700.0,1786289034.9421568,1,1.0084,0.1252,,0.598,0.0243,0.286,NOMINAL,NOMINAL,NORMAL,0,
1642890600.0,1786289035.0670762,1,0.9667,0.1302,,0.576,0.0257,0.292,NOMINAL,NOMINAL,TRIGGERED,1,omni_p6
1642891500.0,1786289035.192022,1,0.947,0.1232,,0.582,0.0237,0.25,NOMINAL,NOMINAL,NORMAL,0,
1642892400.0,1786289035.3174174,1,0.9731,0.1282,,0.608,0.0248,0.52,NOMINAL,NOMINAL,NORMAL,0,
1642893300.0,1786289035.4421175,1,1.0012,0.1261,,0.584,0.0249,0.271,NOMINAL,NOMINAL,NORMAL,0,
1642894200.0,1786289035.5678914,1,1.0395,0.1348,,0.907,0.0334,0.61,NOMINAL,NOMINAL,NORMAL,0,
1642895100.0,1786289035.6922672,1,1.0252,0.1311,,0.646,0.0291,0.291,NOMINAL,NOMINAL,NORMAL,0,
1642896000.0,1786289035.8178787,1,1.0,0.1266,0.6237,0.639,0.0286,0.272,NOMINAL,NOMINAL,NORMAL,0,
1642896900.0,1786289035.9421365,1,1.0392,0.1287,,0.595,0.0262,0.253,NOMINAL,NOMINAL,TRIGGERED,1,omni_p6
1642897800.0,1786289036.0670438,1,0.9738,0.1266,,0.595,0.0256,0.243,NOMINAL,NOMINAL,NORMAL,0,
1642898700.0,1786289036.1920257,1,0.9668,0.1256,,0.58,0.027,0.238,NOMINAL,NOMINAL,NORMAL,0,
1642899600.0,1786289036.3172035,1,0.9823,0.1376,,0.646,0.0284,0.251,NOMINAL,NOMINAL,NORMAL,0,
1642900500.0,1786289036.4422326,1,1.0355,0.1304,,0.627,0.0265,0.287,NOMINAL,NOMINAL,NORMAL,0,
1642901400.0,1786289036.5672047,1,0.9979,0.1276,,0.628,0.0265,0.3,NOMINAL,NOMINAL,NORMAL,0,
1642902300.0,1786289036.692207,1,1.0031,0.1335,,0.628,0.0255,0.278,NOMINAL,NOMINAL,TRIGGERED,1,omni_p6
1642903200.0,1786289036.8190668,1,1.207,0.1496,,0.884,0.0533,1.309,NOMINAL,PRE_ALERT,TRIGGERED,2,omni_p6
1642904100.0,1786289036.9438853,1,1.181,0.1474,,0.816,0.0544,1.271,PRE_ALERT,NOMINAL,NORMAL,0,
1642905000.0,1786289037.0677657,1,1.1508,0.1452,,0.768,0.0316,0.341,NOMINAL,NOMINAL,NORMAL,0,
1642905900.0,1786289037.192448,1,1.1015,0.1385,,0.67,0.0297,0.309,NOMINAL,NOMINAL,NORMAL,0,
1642906800.0,1786289037.3176785,1,1.1777,0.1467,,0.757,0.0413,0.29,NOMINAL,NOMINAL,NORMAL,0,
1642907700.0,1786289037.4424837,1,1.103,0.1371,,0.671,0.0296,0.308,NOMINAL,NOMINAL,NORMAL,0,
1642908600.0,1786289037.5673563,1,1.0803,0.1345,,0.647,0.0274,0.315,NOMINAL,NOMINAL,TRIGGERED,1,omni_p6
1642909500.0,1786289037.693758,1,1.0796,0.1388,,0.661,0.0474,1.681,NOMINAL,PRE_ALERT,TRIGGERED,2,omni_p6
1642910400.0,1786289037.8181958,1,1.0968,0.1365,,0.619,0.0461,1.154,PRE_ALERT,NOMINAL,NORMAL,0,
1642911300.0,1786289037.9422631,1,1.1046,0.1358,,0.603,0.0256,0.253,NOMINAL,NOMINAL,NORMAL,0,
1642912200.0,1786289038.0670953,1,1.0074,0.1324,,0.592,0.027,0.279,NOMINAL,NOMINAL,NORMAL,0,
1642913100.0,1786289038.1920326,1,0.963,0.128,,0.595,0.0267,0.246,NOMINAL,NOMINAL,NORMAL,0,
1642914000.0,1786289038.3178968,1,1.1978,0.1445,,0.844,0.031,0.311,NOMINAL,NOMINAL,NORMAL,0,
1642914900.0,1786289038.4428082,1,1.188,0.1447,,0.806,0.029,0.299,NOMINAL,NOMINAL,NORMAL,0,
1642915800.0,1786289038.5673525,1,1.0677,0.1398,,0.693,0.0286,0.271,NOMINAL,NOMINAL,NORMAL,0,
1642916700.0,1786289038.6923375,1,1.0436,0.135,,0.689,0.0292,0.294,NOMINAL,NOMINAL,NORMAL,0,
1642917600.0,1786289038.8171928,1,1.0268,0.1369,,0.595,0.0292,0.274,NOMINAL,NOMINAL,NORMAL,0,
1642918500.0,1786289038.942125,1,1.0276,0.1326,,0.608,0.0263,0.243,NOMINAL,NOMINAL,NORMAL,0,
1642919400.0,1786289039.067013,1,0.9799,0.1313,,0.584,0.0261,0.245,NOMINAL,NOMINAL,NORMAL,0,
1642920300.0,1786289039.1920655,1,0.9681,0.1286,,0.577,0.0249,0.29,NOMINAL,NOMINAL,NORMAL,0,
1642921200.0,1786289039.3172896,1,0.9957,0.1445,,0.639,0.0254,0.28,NOMINAL,NOMINAL,NORMAL,0,
1642922100.0,1786289039.4428463,1,1.1784,0.1456,,0.813,0.0305,0.315,NOMINAL,NOMINAL,NORMAL,0,
1642923000.0,1786289039.5675013,1,1.1248,0.1393,,0.742,0.0287,0.268,NOMINAL,NOMINAL,NORMAL,0,
1642923900.0,1786289039.6924672,1,1.0824,0.1389,,0.727,0.0286,0.317,NOMINAL,NOMINAL,NORMAL,0,
1642924800.0,1786289039.817246,1,1.0358,0.1407,,0.597,0.0259,0.302,NOMINAL,NOMINAL,TRIGGERED,1,omni_p6
1642925700.0,1786289039.942164,1,1.0267,0.1312,,0.602,0.0278,0.292,NOMINAL,NOMINAL,NORMAL,0,
1642926600.0,1786289040.067484,1,1.0936,0.1385,,0.724,0.0298,0.277,NOMINAL,NOMINAL,NORMAL,0,
1642927500.0,1786289040.1922066,1,1.0304,0.1349,,0.631,0.0282,0.271,NOMINAL,NOMINAL,NORMAL,0,
1642928400.0,1786289040.317247,1,1.0049,0.1367,,0.63,0.0283,0.299,NOMINAL,NOMINAL,NORMAL,0,
1642929300.0,1786289040.44235,1,1.0813,0.1354,,0.659,0.0289,0.303,NOMINAL,NOMINAL,NORMAL,0,
1642930200.0,1786289040.5671163,1,0.996,0.1322,,0.637,0.0273,0.249,NOMINAL,NOMINAL,NORMAL,0,
1642931100.0,1786289040.6922479,1,1.0261,0.1329,,0.651,0.0306,0.278,NOMINAL,NOMINAL,TRIGGERED,1,omni_p6
1642932000.0,1786289040.8171248,1,1.0036,0.1761,,0.583,0.028,0.254,NOMINAL,NOMINAL,NORMAL,0,
1642932900.0,1786289040.9420807,1,1.0207,0.1349,,0.586,0.0273,0.244,NOMINAL,NOMINAL,NORMAL,0,
1642933800.0,1786289041.0670137,1,0.9681,0.1308,,0.584,0.0264,0.243,NOMINAL,NOMINAL,NORMAL,0,
1642934700.0,1786289041.1919792,1,0.9434,0.1298,,0.571,0.0255,0.239,NOMINAL,NOMINAL,NORMAL,0,
1642935600.0,1786289041.3171535,1,0.9747,0.1685,,0.614,0.0253,0.252,NOMINAL,NOMINAL,NORMAL,0,
1642936500.0,1786289041.4422512,1,1.0253,0.1362,,0.61,0.0284,0.342,NOMINAL,NOMINAL,TRIGGERED,1,omni_p6
1642937400.0,1786289041.5681732,1,0.9804,0.1326,,0.627,0.0464,1.321,NOMINAL,PRE_ALERT,TRIGGERED,2,omni_p6
1642938300.0,1786289041.6932425,1,1.0489,0.1381,,0.636,0.0736,1.23,PRE_ALERT,NOMINAL,NORMAL,0,
1642939200.0,1786289041.818264,1,1.3365,0.1573,,0.897,0.0328,0.318,NOMINAL,NOMINAL,NORMAL,0,
1642940100.0,1786289041.9429688,1,1.2095,0.1527,,0.86,0.031,0.305,NOMINAL,NOMINAL,NORMAL,0,
1642941000.0,1786289042.0679505,1,1.2175,0.1505,,0.838,0.0311,0.341,NOMINAL,NOMINAL,NORMAL,0,
1642941900.0,1786289042.1924443,1,1.1157,0.1427,,0.695,0.029,0.277,NOMINAL,NOMINAL,NORMAL,0,
1642942800.0,1786289042.3175118,1,1.0911,0.142,,0.68,0.0288,0.391,NOMINAL,NOMINAL,TRIGGERED,1,omni_p6
1642943700.0,1786289042.4432774,1,1.1038,0.1382,,0.643,0.0465,1.224,NOMINAL,PRE_ALERT,TRIGGERED,2,omni_p6
1642944600.0,1786289042.5682943,1,1.0513,0.1346,,0.69,0.0479,1.224,PRE_ALERT,NOMINAL,NORMAL,0,
1642945500.0,1786289042.692326,1,1.075,0.1374,,0.617,0.0283,0.327,NOMINAL,NOMINAL,NORMAL,0,
1642946400.0,1786289042.8173335,1,1.028,0.1342,,0.659,0.0282,0.304,NOMINAL,NOMINAL,NORMAL,0,
1642947300.0,1786289042.9422596,1,1.0841,0.1313,,0.598,0.0281,0.29,NOMINAL,NOMINAL,NORMAL,0,
1642948200.0,1786289043.0670428,1,0.9693,0.128,,0.598,0.026,0.242,NOMINAL,NOMINAL,NORMAL,0,
1642949100.0,1786289043.1920617,1,0.9587,0.1237,,0.615,0.0252,0.246,NOMINAL,NOMINAL,TRIGGERED,1,omni_p6
1642950000.0,1786289043.3184016,1,1.1435,0.1389,,0.787,0.0383,0.975,NOMINAL,NOMINAL,NORMAL,0,
1642950900.0,1786289043.4427261,1,1.1177,0.1398,,0.805,0.0304,0.301,NOMINAL,NOMINAL,NORMAL,0,
1642951800.0,1786289043.5673907,1,1.0813,0.1364,,0.696,0.0305,0.276,NOMINAL,NOMINAL,NORMAL,0,
1642952700.0,1786289043.692395,1,1.098,0.1406,,0.679,0.0276,0.263,NOMINAL,NOMINAL,NORMAL,0,
1642953600.0,1786289043.8172967,1,1.048,0.1349,,0.648,0.0274,0.259,NOMINAL,NOMINAL,NORMAL,0,
1642954500.0,1786289043.9421678,1,1.0382,0.1327,,0.633,0.0255,0.248,NOMINAL,NOMINAL,NORMAL,0,
1642955400.0,1786289044.0670884,1,0.9819,0.131,,0.602,0.0252,0.287,NOMINAL,NOMINAL,NORMAL,0,
1642956300.0,1786289044.1920662,1,0.9514,0.128,,0.602,0.0243,0.289,NOMINAL,NOMINAL,NORMAL,0,
1642957200.0,1786289044.3171928,1,0.981,0.1392,,0.62,0.0253,0.28,NOMINAL,NOMINAL,NORMAL,0,
1642958100.0,1786289044.4428072,1,1.1833,0.1476,,0.791,0.0315,0.297,NOMINAL,NOMINAL,NORMAL,0,
1642959000.0,1786289044.5674078,1,1.0839,0.1378,,0.708,0.0298,0.272,NOMINAL,NOMINAL,NORMAL,0,
1642959900.0,1786289044.6922803,1,1.0378,0.1352,,0.643,0.028,0.281,NOMINAL,NOMINAL,NORMAL,0,
1642960800.0,1786289044.817487,1,1.202,0.136,,0.67,0.0276,0.275,NOMINAL,NOMINAL,NORMAL,0,
1642961700.0,1786289044.942209,1,1.0547,0.1345,,0.625,0.0279,0.252,NOMINAL,NOMINAL,NORMAL,0,
1642962600.0,1786289045.0670576,1,0.9845,0.1328,,0.59,0.0273,0.252,NOMINAL,NOMINAL,NORMAL,0,
1642963500.0,1786289045.1921294,1,0.9627,0.1304,,0.587,0.0289,0.32,NOMINAL,NOMINAL,NORMAL,0,
1642964400.0,1786289045.317208,1,0.9827,0.1297,,0.613,0.0258,0.281,NOMINAL,NOMINAL,NORMAL,0,
1642965300.0,1786289045.4422214,1,1.0387,0.1334,,0.622,0.0268,0.289,NOMINAL,NOMINAL,NORMAL,0,
1642966200.0,1786289045.5671084,1,0.9927,0.1322,,0.617,0.026,0.246,NOMINAL,NOMINAL,NORMAL,0,
1642967100.0,1786289045.6921475,1,0.9944,0.1347,,0.613,0.0259,0.267,NOMINAL,NOMINAL,NORMAL,0,
1642968000.0,1786289045.8171918,1,1.002,0.1363,,0.623,0.0257,0.252,NOMINAL,NOMINAL,NORMAL,0,
1642968900.0,1786289045.9421875,1,1.0306,0.1274,,0.626,0.0266,0.263,NOMINAL,NOMINAL,NORMAL,0,
1642969800.0,1786289046.0670943,1,0.9857,0.1314,,0.607,0.0256,0.277,NOMINAL,NOMINAL,TRIGGERED,1,omni_p6
1642970700.0,1786289046.19204,1,0.952,0.1275,,0.59,0.0255,0.281,NOMINAL,NOMINAL,NORMAL,0,
1642971600.0,1786289046.317225,1,0.9925,0.1359,,0.624,0.0261,0.288,NOMINAL,NOMINAL,NORMAL,0,
1642972500.0,1786289046.4422731,1,1.0379,0.1326,,0.651,0.0255,0.308,NOMINAL,NOMINAL,NORMAL,0,
1642973400.0,1786289046.567216,1,0.9982,0.1288,,0.673,0.0252,0.291,NOMINAL,NOMINAL,NORMAL,0,
1642974300.0,1786289046.6924868,1,1.0653,0.1355,,0.715,0.0272,0.308,NOMINAL,NOMINAL,NORMAL,0,
1642975200.0,1786289046.8170857,1,0.9824,0.162,,0.553,0.0248,0.3,NOMINAL,NOMINAL,NORMAL,0,
1642976100.0,1786289046.9423242,1,1.0589,0.1375,,0.653,0.0273,0.308,NOMINAL,NOMINAL,TRIGGERED,1,omni_p6
1642977000.0,1786289047.0670824,1,1.008,0.1309,,0.591,0.0264,0.259,NOMINAL,NOMINAL,NORMAL,0,
1642977900.0,1786289047.19203,1,0.9625,0.1292,,0.592,0.0247,0.243,NOMINAL,NOMINAL,NORMAL,0,
1642978800.0,1786289047.3171659,1,0.933,0.1636,,0.6,0.0256,0.342,NOMINAL,NOMINAL,NORMAL,0,
1642979700.0,1786289047.4421294,1,1.0078,0.1315,,0.612,0.0247,0.25,NOMINAL,NOMINAL,NORMAL,0,
1642980600.0,1786289047.5671601,1,0.9625,0.1254,,0.622,0.0324,0.334,NOMINAL,NOMINAL,NORMAL,0,
1642981500.0,1786289047.692169,1,0.9694,0.132,,0.605,0.0268,0.313,NOMINAL,NOMINAL,TRIGGERED,1,omni_p6
1642982400.0,1786289047.8190682,1,0.988,0.1229,0.6638,0.587,0.046,1.523,NOMINAL,PRE_ALERT,TRIGGERED,2,omni_p6
1642983300.0,1786289047.9435303,1,1.1444,0.1431,,0.714,0.0478,1.234,PRE_ALERT,NOMINAL,NORMAL,0,
1642984200.0,1786289048.0675712,1,1.131,0.1449,,0.714,0.0284,0.305,NOMINAL,NOMINAL,NORMAL,0,
1642985100.0,1786289048.1923747,1,1.0666,0.1372,,0.624,0.1061,0.35,NOMINAL,NOMINAL,NORMAL,0,
1642986000.0,1786289048.3178763,1,1.1993,0.1441,,0.886,0.0305,0.285,NOMINAL,NOMINAL,NORMAL,0,
1642986900.0,1786289048.4428399,1,1.1744,0.1457,,0.823,0.0308,0.292,NOMINAL,NOMINAL,NORMAL,0,
1642987800.0,1786289048.567433,1,1.1025,0.1404,,0.697,0.0302,0.287,NOMINAL,NOMINAL,TRIGGERED,1,omni_p6
1642988700.0,1786289048.693228,1,1.0372,0.1393,,0.635,0.0475,1.246,NOMINAL,PRE_ALERT,TRIGGERED,2,omni_p6
1642989600.0,1786289048.8181415,1,1.0618,0.1408,,0.594,0.0445,1.144,PRE_ALERT,NOMINAL,NORMAL,0,
1642990500.0,1786289048.9424148,1,1.1164,0.138,,0.675,0.0281,0.288,NOMINAL,NOMINAL,NORMAL,0,
1642991400.0,1786289049.0671923,1,1.0173,0.1348,,0.624,0.0272,0.289,NOMINAL,NOMINAL,NORMAL,0,
1642992300.0,1786289049.1921234,1,0.9715,0.1306,,0.588,0.0271,0.299,NOMINAL,NOMINAL,NORMAL,0,
1642993200.0,1786289049.3172789,1,0.9888,0.1639,,0.602,0.0266,0.399,NOMINAL,NOMINAL,NORMAL,0,
1642994100.0,1786289049.4429314,1,1.1736,0.1494,,0.827,0.0319,0.393,NOMINAL,NOMINAL,TRIGGERED,1,omni_p6
1642995000.0,1786289049.5674527,1,1.0833,0.1392,,0.744,0.0303,0.285,NOMINAL,NOMINAL,NORMAL,0,
1642995900.0,1786289049.692366,1,1.0478,0.1377,,0.661,0.0542,0.339,NOMINAL,NOMINAL,NORMAL,0,
1642996800.0,1786289049.8171668,1,1.0006,0.1585,,0.579,0.0267,0.309,NOMINAL,NOMINAL,NORMAL,0,
1642997700.0,1786289049.9423642,1,1.076,0.1355,,0.667,0.0282,0.309,NOMINAL,NOMINAL,NORMAL,0,
1642998600.0,1786289050.0671504,1,0.9946,0.1309,,0.606,0.0278,0.301,NOMINAL,NOMINAL,NORMAL,0,
1642999500.0,1786289050.1929507,1,1.1052,0.1445,,0.77,0.0303,0.624,NOMINAL,NOMINAL,NORMAL,0,
1643000400.0,1786289050.317244,1,1.023,0.1372,,0.628,0.0286,0.253,NOMINAL,NOMINAL,NORMAL,0,
1643001300.0,1786289050.442222,1,1.0492,0.1325,,0.632,0.0277,0.257,NOMINAL,NOMINAL,NORMAL,0,
1643002200.0,1786289050.567098,1,0.9777,0.1288,,0.628,0.0272,0.253,NOMINAL,NOMINAL,NORMAL,0,
1643003100.0,1786289050.692084,1,0.9701,0.1312,,0.608,0.0268,0.246,NOMINAL,NOMINAL,NORMAL,0,
1643004000.0,1786289050.8170605,1,0.971,0.1583,,0.565,0.0265,0.254,NOMINAL,NOMINAL,NORMAL,0,
1643004900.0,1786289050.9423263,1,1.0535,0.1338,,0.684,0.0273,0.264,NOMINAL,NOMINAL,NORMAL,0,
1643005800.0,1786289051.0671191,1,0.9973,0.1295,,0.625,0.0266,0.253,NOMINAL,NOMINAL,NORMAL,0,
1643006700.0,1786289051.1920667,1,0.9741,0.1316,,0.594,0.026,0.248,NOMINAL,NOMINAL,NORMAL,0,
1643007600.0,1786289051.317074,1,0.9507,0.1646,,0.585,0.0249,0.257,NOMINAL,NOMINAL,NORMAL,0,
1643008500.0,1786289051.442282,1,1.0423,0.1366,,0.657,0.027,0.273,NOMINAL,NOMINAL,NORMAL,0,
1643009400.0,1786289051.5671344,1,0.9764,0.1326,,0.628,0.0266,0.27,NOMINAL,NOMINAL,NORMAL,0,
1643010300.0,1786289051.6921377,1,0.9915,0.1404,,0.594,0.025,0.274,NOMINAL,NOMINAL,TRIGGERED,1,omni_p6
1643011200.0,1786289051.817053,1,0.974,0.1674,,0.553,0.0245,0.26,NOMINAL,NOMINAL,NORMAL,0,
1643012100.0,1786289051.9420922,1,1.0053,0.1301,,0.597,0.026,0.246,NOMINAL,NOMINAL,NORMAL,0,
1643013000.0,1786289052.0672917,1,1.0452,0.1347,,0.654,0.0285,0.273,NOMINAL,NOMINAL,NORMAL,0,
1643013900.0,1786289052.1921,1,0.9928,0.132,,0.6,0.0271,0.244,NOMINAL,NOMINAL,NORMAL,0,
1643014800.0,1786289052.3170965,1,0.976,0.1609,,0.58,0.0267,0.262,NOMINAL,NOMINAL,NORMAL,0,
1643015700.0,1786289052.4422507,1,1.0593,0.1344,,0.642,0.0275,0.262,NOMINAL,NOMINAL,TRIGGERED,1,omni_p6
1643016600.0,1786289052.568087,1,0.9839,0.1308,,0.624,0.0462,1.222,NOMINAL,PRE_ALERT,TRIGGERED,2,omni_p6
1643017500.0,1786289052.6933458,1,1.1063,0.1424,,0.674,0.0464,1.155,PRE_ALERT,NOMINAL,NORMAL,0,
1643018400.0,1786289052.8171537,1,1.0208,0.1377,,0.567,0.0263,0.251,NOMINAL,NOMINAL,NORMAL,0,
1643019300.0,1786289052.9421256,1,1.0183,0.1325,,0.598,0.0258,0.254,NOMINAL,NOMINAL,NORMAL,0,
1643020200.0,1786289053.0673125,1,1.0465,0.1383,,0.663,0.0276,0.27,NOMINAL,NOMINAL,NORMAL,0,
1643021100.0,1786289053.1920853,1,0.9892,0.1319,,0.594,0.0258,0.248,NOMINAL,NOMINAL,NORMAL,0,
1643022000.0,1786289053.317599,1,1.1416,0.1416,,0.748,0.0302,0.281,NOMINAL,NOMINAL,TRIGGERED,1,omni_p6
1643022900.0,1786289053.4437969,1,1.187,0.1504,,0.793,0.0512,1.252,NOMINAL,PRE_ALERT,TRIGGERED,2,omni_p6
1643023800.0,1786289053.568499,1,1.1299,0.1395,,0.727,0.0493,1.238,PRE_ALERT,NOMINAL,NORMAL,0,
1643024700.0,1786289053.6922243,1,1.0451,0.1378,,0.552,0.021,0.328,NOMINAL,NOMINAL,NORMAL,0,
1643025600.0,1786289053.817007,1,1.0037,0.1377,,0.486,0.0228,0.229,NOMINAL,NOMINAL,NORMAL,0,
1643026500.0,1786289053.94215,1,1.0267,0.1308,,0.556,0.0266,0.343,NOMINAL,NOMINAL,NORMAL,0,
1643027400.0,1786289054.0672038,1,1.0401,0.1366,,0.544,0.0259,0.335,NOMINAL,NOMINAL,TRIGGERED,1,omni_p6
1643028300.0,1786289054.1929433,1,1.0072,0.1353,,0.502,0.0394,1.166,NOMINAL,PRE_ALERT,TRIGGERED,2,omni_p6
1643029200.0,1786289054.317866,1,1.0349,0.1379,,0.498,0.0333,0.986,PRE_ALERT,NOMINAL,NORMAL,0,
1643030100.0,1786289054.4427736,1,1.152,0.1458,,0.784,0.0301,0.347,NOMINAL,NOMINAL,NORMAL,0,
1643031000.0,1786289054.567355,1,1.0629,0.1371,,0.693,0.0297,0.294,NOMINAL,NOMINAL,NORMAL,0,
1643031900.0,1786289054.6920953,1,1.0415,0.1366,,0.53,0.023,0.233,NOMINAL,NOMINAL,NORMAL,0,
1643032800.0,1786289054.8170705,1,0.9948,0.1721,,0.536,0.0247,0.254,NOMINAL,NOMINAL,NORMAL,0,
1643033700.0,1786289054.942037,1,1.016,0.1326,,0.573,0.023,0.241,NOMINAL,NOMINAL,TRIGGERED,1,omni_p6
1643034600.0,1786289055.0679815,1,0.9997,0.1331,,0.553,0.0427,1.179,NOMINAL,PRE_ALERT,TRIGGERED,2,omni_p6
1643035500.0,1786289055.193275,1,1.0565,0.134,,0.606,0.0438,1.31,PRE_ALERT,NOMINAL,NORMAL,0,
1643036400.0,1786289055.3170419,1,1.0028,0.1701,,0.529,0.0202,0.227,NOMINAL,NOMINAL,NORMAL,0,
1643037300.0,1786289055.442135,1,1.0158,0.1322,,0.652,0.0264,0.26,NOMINAL,NOMINAL,NORMAL,0,
1643038200.0,1786289055.5670817,1,0.9708,0.1332,,0.634,0.0264,0.256,NOMINAL,NOMINAL,NORMAL,0,
1643039100.0,1786289055.6919887,1,0.9809,0.1313,,0.536,0.0199,0.212,NOMINAL,NOMINAL,NORMAL,0,
1643040000.0,1786289055.8169224,1,0.9434,0.1733,,0.484,0.0192,0.211,NOMINAL,NOMINAL,TRIGGERED,1,omni_p6
1643040900.0,1786289055.942003,1,0.9853,0.1307,,0.557,0.0188,0.22,NOMINAL,NOMINAL,NORMAL,0,
1643041800.0,1786289056.0672388,1,1.025,0.1344,,0.633,0.025,0.252,NOMINAL,NOMINAL,NORMAL,0,
1643042700.0,1786289056.1920867,1,0.9736,0.1319,,0.579,0.024,0.235,NOMINAL,NOMINAL,NORMAL,0,
1643043600.0,1786289056.3169556,1,0.9642,0.1645,,0.503,0.019,0.211,NOMINAL,NOMINAL,NORMAL,0,
1643044500.0,1786289056.4421234,1,0.9793,0.1291,,0.63,0.0262,0.263,NOMINAL,NOMINAL,NORMAL,0,
1643045400.0,1786289056.5670578,1,0.9435,0.1265,,0.641,0.0255,0.249,NOMINAL,NOMINAL,NORMAL,0,
1643046300.0,1786289056.6919732,1,0.9612,0.1295,,0.538,0.0212,0.222,NOMINAL,NOMINAL,NORMAL,0,
1643047200.0,1786289056.816958,1,0.9749,0.1649,,0.484,0.0179,0.218,NOMINAL,NOMINAL,NORMAL,0,
1643048100.0,1786289056.942076,1,0.9877,0.1309,,0.591,0.0248,0.253,NOMINAL,NOMINAL,NORMAL,0,
1643049000.0,1786289057.0669584,1,0.9689,0.1332,,0.515,0.0229,0.241,NOMINAL,NOMINAL,NORMAL,0,
1643049900.0,1786289057.1920676,1,1.0593,0.1346,,0.472,0.0192,0.207,NOMINAL,NOMINAL,NORMAL,0,
1643050800.0,1786289057.3168979,1,0.9969,0.1694,,0.45,0.0162,0.184,NOMINAL,NOMINAL,NORMAL,0,
1643051700.0,1786289057.4422731,1,1.0559,0.1381,,0.661,0.0268,0.273,NOMINAL,NOMINAL,NORMAL,0,
1643052600.0,1786289057.5671313,1,0.9835,0.1347,,0.641,0.0268,0.259,NOMINAL,NOMINAL,NORMAL,0,
1643053500.0,1786289057.6919208,1,0.9925,0.13,,0.485,0.0188,0.204,NOMINAL,NOMINAL,NORMAL,0,
1643054400.0,1786289057.8169327,1,0.9698,0.1681,,0.473,0.0191,0.21,NOMINAL,NOMINAL,NORMAL,0,
1643055300.0,1786289057.9420345,1,1.0214,0.1338,,0.551,0.0226,0.231,NOMINAL,NOMINAL,NORMAL,0,
1643056200.0,1786289058.0671651,1,0.9575,0.1333,,0.629,0.0233,0.351,NOMINAL,NOMINAL,NORMAL,0,
1643057100.0,1786289058.1923642,1,1.0334,0.1361,,0.699,0.0272,0.29,NOMINAL,NOMINAL,NORMAL,0,
1643058000.0,1786289058.3176258,1,1.1569,0.1391,,0.757,0.0311,0.288,NOMINAL,NOMINAL,NORMAL,0,
1643058900.0,1786289058.4429097,1,1.1828,0.1444,,0.834,0.0331,0.322,NOMINAL,NOMINAL,NORMAL,0,
1643059800.0,1786289058.5675225,1,1.1033,0.1449,,0.753,0.0305,0.284,NOMINAL,NOMINAL,NORMAL,0,
1643060700.0,1786289058.6923056,1,1.0374,0.1439,,0.658,0.0546,0.291,NOMINAL,NOMINAL,TRIGGERED,1,omni_p6
1643061600.0,1786289058.8172588,1,1.0154,0.1376,,0.624,0.0276,0.275,NOMINAL,NOMINAL,NORMAL,0,
1643062500.0,1786289058.9421484,1,1.0235,0.1332,,0.61,0.0264,0.262,NOMINAL,NOMINAL,NORMAL,0,
1643063400.0,1786289059.0670104,1,0.9487,0.1333,,0.585,0.0253,0.237,NOMINAL,NOMINAL,NORMAL,0,
1643064300.0,1786289059.19237,1,1.0419,0.1364,,0.701,0.027,0.292,NOMINAL,NOMINAL,NORMAL,0,
1643065200.0,1786289059.3170815,1,0.9711,0.1583,,0.59,0.0259,0.242,NOMINAL,NOMINAL,NORMAL,0,
1643066100.0,1786289059.4428036,1,1.1773,0.1466,,0.781,0.0318,0.304,NOMINAL,NOMINAL,NORMAL,0,
1643067000.0,1786289059.5673656,1,1.0644,0.1413,,0.691,0.0293,0.27,NOMINAL,NOMINAL,TRIGGERED,1,omni_p6
1643067900.0,1786289059.6931963,1,1.0411,0.1376,,0.639,0.0471,1.219,NOMINAL,PRE_ALERT,TRIGGERED,2,omni_p6
1643068800.0,1786289059.8190408,1,1.106,0.1296,0.6318,0.652,0.0477,1.219,PRE_ALERT,NOMINAL,NORMAL,0,
1643069700.0,1786289059.9422414,1,1.0729,0.1377,,0.616,0.0274,0.259,NOMINAL,NOMINAL,NORMAL,0,
1643070600.0,1786289060.0671484,1,0.9943,0.1307,,0.627,0.0281,0.254,NOMINAL,NOMINAL,NORMAL,0,
1643071500.0,1786289060.1923313,1,1.0479,0.1382,,0.648,0.0288,0.289,NOMINAL,NOMINAL,NORMAL,0,
1643072400.0,1786289060.3173037,1,1.0384,0.1373,,0.661,0.0264,0.262,NOMINAL,NOMINAL,TRIGGERED,1,omni_p6
1643073300.0,1786289060.4432516,1,1.0723,0.1351,,0.669,0.0452,1.212,NOMINAL,PRE_ALERT,TRIGGERED,2,omni_p6
1643074200.0,1786289060.5681233,1,1.0327,0.1341,,0.631,0.0433,1.136,PRE_ALERT,NOMINAL,NORMAL,0,
1643075100.0,1786289060.6921875,1,1.0126,0.1318,,0.629,0.0259,0.27,NOMINAL,NOMINAL,NORMAL,0,
1643076000.0,1786289060.8171892,1,1.0056,0.14,,0.601,0.0278,0.266,NOMINAL,NOMINAL,NORMAL,0,
1643076900.0,1786289060.942057,1,0.9913,0.1309,,0.572,0.0261,0.245,NOMINAL,NOMINAL,NORMAL,0,
1643077800.0,1786289061.0670927,1,0.9814,0.132,,0.607,0.0259,0.244,NOMINAL,NOMINAL,NORMAL,0,
1643078700.0,1786289061.1923437,1,1.0287,0.1363,,0.695,0.0555,0.311,NOMINAL,NOMINAL,TRIGGERED,1,omni_p6
1643079600.0,1786289061.3181665,1,1.0198,0.141,,0.612,0.0457,1.212,NOMINAL,PRE_ALERT,TRIGGERED,2,omni_p6
1643080500.0,1786289061.4432495,1,1.1115,0.1367,,0.631,0.0455,1.166,PRE_ALERT,NOMINAL,NORMAL,0,
1643081400.0,1786289061.5672145,1,1.0114,0.1339,,0.65,0.027,0.294,NOMINAL,NOMINAL,NORMAL,0,
1643082300.0,1786289061.6921515,1,1.0233,0.1349,,0.605,0.0255,0.265,NOMINAL,NOMINAL,NORMAL,0,
1643083200.0,1786289061.8171725,1,1.0071,0.1344,,0.606,0.0264,0.26,NOMINAL,NOMINAL,NORMAL,0,
1643084100.0,1786289061.942087,1,1.0294,0.135,,0.593,0.0264,0.245,NOMINAL,NOMINAL,NORMAL,0,
1643085000.0,1786289062.0670526,1,0.9782,0.1323,,0.591,0.0279,0.255,NOMINAL,NOMINAL,NORMAL,0,
1643085900.0,1786289062.192355,1,0.9994,0.1386,,0.751,0.0283,0.298,NOMINAL,NOMINAL,NORMAL,0,
1643086800.0,1786289062.3171508,1,0.9871,0.169,,0.613,0.0272,0.259,NOMINAL,NOMINAL,NORMAL,0,
1643087700.0,1786289062.4421847,1,1.0269,0.1282,,0.645,0.0274,0.263,NOMINAL,NOMINAL,NORMAL,0,
1643088600.0,1786289062.56706,1,0.975,0.1314,,0.609,0.0266,0.25,NOMINAL,NOMINAL,NORMAL,0,
1643089500.0,1786289062.6920788,1,0.9823,0.1303,,0.604,0.0285,0.244,NOMINAL,NOMINAL,NORMAL,0,
1643090400.0,1786289062.817127,1,0.9928,0.1344,,0.588,0.0272,0.255,NOMINAL,NOMINAL,NORMAL,0,
1643091300.0,1786289062.942445,1,1.0617,0.1351,,0.707,0.028,0.265,NOMINAL,NOMINAL,NORMAL,0,
1643092200.0,1786289063.0671973,1,1.0112,0.1324,,0.634,0.0272,0.248,NOMINAL,NOMINAL,NORMAL,0,
1643093100.0,1786289063.192132,1,0.9895,0.1301,,0.593,0.0273,0.249,NOMINAL,NOMINAL,NORMAL,0,
1643094000.0,1786289063.3176355,1,1.1292,0.1427,,0.768,0.0288,0.293,NOMINAL,NOMINAL,NORMAL,0,
1643094900.0,1786289063.4427664,1,1.1399,0.1447,,0.807,0.0304,0.288,NOMINAL,NOMINAL,NORMAL,0,
1643095800.0,1786289063.5674512,1,1.0806,0.1374,,0.727,0.03,0.282,NOMINAL,NOMINAL,NORMAL,0,
1643096700.0,1786289063.692353,1,1.043,0.1385,,0.669,0.0293,0.308,NOMINAL,NOMINAL,NORMAL,0,
1643097600.0,1786289063.8172426,1,1.0147,0.1341,,0.628,0.0278,0.26,NOMINAL,NOMINAL,NORMAL,0,
1643098500.0,1786289063.9421146,1,1.0198,0.133,,0.588,0.0269,0.242,NOMINAL,NOMINAL,TRIGGERED,1,omni_p6
1643099400.0,1786289064.0670671,1,0.9703,0.1269,,0.605,0.0254,0.245,NOMINAL,NOMINAL,NORMAL,0,
1643100300.0,1786289064.1920807,1,0.9674,0.1222,,0.614,0.0264,0.251,NOMINAL,NOMINAL,NORMAL,0,
1643101200.0,1786289064.3173394,1,1.0187,0.1349,,0.703,0.0279,0.255,NOMINAL,NOMINAL,TRIGGERED,1,omni_p6
1643102100.0,1786289064.4427314,1,1.1225,0.1399,,0.808,0.0302,0.289,NOMINAL,NOMINAL,NORMAL,0,
1643103000.0,1786289064.5673952,1,1.0628,0.1311,,0.709,0.03,0.27,NOMINAL,NOMINAL,NORMAL,0,
1643103900.0,1786289064.6922684,1,1.0282,0.133,,0.643,0.0283,0.272,NOMINAL,NOMINAL,NORMAL,0,
1643104800.0,1786289064.817243,1,1.0058,0.1317,,0.62,0.0271,0.274,NOMINAL,NOMINAL,NORMAL,0,
1643105700.0,1786289064.9421003,1,0.9976,0.128,,0.592,0.027,0.248,NOMINAL,NOMINAL,NORMAL,0,
1643106600.0,1786289065.0670917,1,0.977,0.1313,,0.613,0.0279,0.235,NOMINAL,NOMINAL,TRIGGERED,1,omni_p6
1643107500.0,1786289065.1931012,1,0.9494,0.125,,0.606,0.0458,1.294,NOMINAL,PRE_ALERT,TRIGGERED,2,omni_p6
1643108400.0,1786289065.3182087,1,1.0653,0.1344,,0.659,0.0465,1.134,PRE_ALERT,NOMINAL,NORMAL,0,
1643109300.0,1786289065.4422796,1,1.0625,0.1331,,0.642,0.0266,0.253,NOMINAL,NOMINAL,NORMAL,0,
1643110200.0,1786289065.5671015,1,0.9743,0.1271,,0.614,0.0262,0.245,NOMINAL,NOMINAL,NORMAL,0,
1643111100.0,1786289065.6920729,1,0.9629,0.129,,0.613,0.0258,0.238,NOMINAL,NOMINAL,NORMAL,0,
1643112000.0,1786289065.817209,1,0.9772,0.1291,,0.633,0.0267,0.252,NOMINAL,NOMINAL,NORMAL,0,
1643112900.0,1786289065.9420142,1,0.9843,0.1296,,0.561,0.025,0.229,NOMINAL,NOMINAL,TRIGGERED,1,omni_p6
1643113800.0,1786289066.0679495,1,0.932,0.1285,,0.593,0.0438,1.17,NOMINAL,PRE_ALERT,TRIGGERED,2,omni_p6
1643114700.0,1786289066.1930475,1,1.0067,0.1298,,0.61,0.0471,1.125,PRE_ALERT,NOMINAL,NORMAL,0,
1643115600.0,1786289066.317242,1,1.021,0.1312,,0.635,0.0275,0.249,NOMINAL,NOMINAL,NORMAL,0,
1643116500.0,1786289066.442218,1,1.0236,0.1321,,0.652,0.0289,0.252,NOMINAL,NOMINAL,NORMAL,0,
1643117400.0,1786289066.5671332,1,0.9972,0.1269,,0.618,0.027,0.244,NOMINAL,NOMINAL,NORMAL,0,
1643118300.0,1786289066.6920795,1,0.9682,0.1294,,0.608,0.0259,0.235,NOMINAL,NOMINAL,NORMAL,0,
1643119200.0,1786289066.8171234,1,0.9609,0.1573,,0.611,0.0268,0.241,NOMINAL,NOMINAL,TRIGGERED,1,omni_p6
1643120100.0,1786289066.9429045,1,0.9525,0.1252,,0.568,0.0418,1.154,NOMINAL,PRE_ALERT,TRIGGERED,2,omni_p6
1643121000.0,1786289067.0680802,1,1.0069,0.1308,,0.64,0.0459,1.132,PRE_ALERT,NOMINAL,NORMAL,0,
1643121900.0,1786289067.1920865,1,0.9805,0.1294,,0.593,0.0254,0.237,NOMINAL,NOMINAL,NORMAL,0,
1643122800.0,1786289067.3171864,1,0.986,0.134,,0.648,0.0275,0.245,NOMINAL,NOMINAL,NORMAL,0,
1643123700.0,1786289067.4420755,1,0.9807,0.1236,,0.622,0.0264,0.24,NOMINAL,NOMINAL,NORMAL,0,
1643124600.0,1786289067.5671237,1,0.9737,0.1291,,0.62,0.0259,0.268,NOMINAL,NOMINAL,NORMAL,0,
1643125500.0,1786289067.6920202,1,0.9501,0.1276,,0.585,0.0241,0.239,NOMINAL,NOMINAL,TRIGGERED,1,omni_p6
1643126400.0,1786289067.818811,1,1.221,0.1505,,1.512,0.0333,0.472,NOMINAL,NOMINAL,NORMAL,0,
1643127300.0,1786289067.94297,1,1.1557,0.1469,,0.833,0.0347,0.47,NOMINAL,NOMINAL,NORMAL,0,
1643128200.0,1786289068.0680392,1,1.1573,0.1494,,0.9,0.0346,0.476,NOMINAL,NOMINAL,NORMAL,0,
1643129100.0,1786289068.1929297,1,1.1549,0.1418,,0.915,0.0355,0.324,NOMINAL,NOMINAL,NORMAL,0,
1643130000.0,1786289068.317469,1,1.2061,0.1455,,0.534,0.0197,0.204,NOMINAL,NOMINAL,NORMAL,0,
1643130900.0,1786289068.4428806,1,1.153,0.1432,,0.848,0.0329,0.313,NOMINAL,NOMINAL,NORMAL,0,
1643131800.0,1786289068.5675328,1,1.1084,0.1405,,0.746,0.0308,0.292,NOMINAL,NOMINAL,NORMAL,0,
1643132700.0,1786289068.6923075,1,1.0769,0.1342,,0.603,0.0453,0.291,NOMINAL,NOMINAL,NORMAL,0,
1643133600.0,1786289068.8172777,1,1.1044,0.1374,,0.564,0.0266,0.26,NOMINAL,NOMINAL,NORMAL,0,
1643134500.0,1786289068.942078,1,1.1021,0.1342,,0.477,0.0206,0.212,NOMINAL,NOMINAL,NORMAL,0,
1643135400.0,1786289069.0671334,1,1.0399,0.1332,,0.593,0.0243,0.256,NOMINAL,NOMINAL,NORMAL,0,
1643136300.0,1786289069.1920543,1,1.0297,0.1348,,0.52,0.0238,0.23,NOMINAL,NOMINAL,NORMAL,0,
1643137200.0,1786289069.317015,1,0.9638,0.1717,,0.542,0.0248,0.231,NOMINAL,NOMINAL,NORMAL,0,
1643138100.0,1786289069.442774,1,1.1777,0.1492,,0.757,0.0299,0.292,NOMINAL,NOMINAL,NORMAL,0,
1643139000.0,1786289069.567553,1,1.1103,0.1418,,0.742,0.03,0.302,NOMINAL,NOMINAL,NORMAL,0,
1643139900.0,1786289069.6922371,1,1.0217,0.136,,0.639,0.0268,0.288,NOMINAL,NOMINAL,NORMAL,0,
1643140800.0,1786289069.8172228,1,1.0175,0.1393,,0.582,0.026,0.267,NOMINAL,NOMINAL,NORMAL,0,
1643141700.0,1786289069.9421215,1,1.046,0.1375,,0.559,0.0231,0.231,NOMINAL,NOMINAL,NORMAL,0,
1643142600.0,1786289070.0671167,1,0.9949,0.1347,,0.612,0.026,0.257,NOMINAL,NOMINAL,NORMAL,0,
1643143500.0,1786289070.1920826,1,0.9868,0.1319,,0.584,0.024,0.248,NOMINAL,NOMINAL,NORMAL,0,
1643144400.0,1786289070.317139,1,1.0171,0.1372,,0.559,0.0232,0.238,NOMINAL,NOMINAL,NORMAL,0,
1643145300.0,1786289070.442147,1,1.0654,0.1372,,0.561,0.0216,0.229,NOMINAL,NOMINAL,NORMAL,0,
1643146200.0,1786289070.5672007,1,1.0076,0.1403,,0.63,0.0272,0.273,NOMINAL,NOMINAL,TRIGGERED,1,omni_p6
1643147100.0,1786289070.6921782,1,1.0234,0.1349,,0.599,0.0252,0.281,NOMINAL,NOMINAL,NORMAL,0,
1643148000.0,1786289070.8170936,1,0.9937,0.1431,,0.542,0.025,0.255,NOMINAL,NOMINAL,NORMAL,0,
1643148900.0,1786289070.94201,1,1.028,0.1327,,0.498,0.0204,0.225,NOMINAL,NOMINAL,NORMAL,0,
1643149800.0,1786289071.0670733,1,0.9996,0.1341,,0.592,0.0232,0.249,NOMINAL,NOMINAL,NORMAL,0,
1643150700.0,1786289071.1920066,1,0.9814,0.1309,,0.529,0.022,0.233,NOMINAL,NOMINAL,NORMAL,0,
1643151600.0,1786289071.316923,1,0.9614,0.1619,,0.474,0.0203,0.213,NOMINAL,NOMINAL,TRIGGERED,1,omni_p6
1643152500.0,1786289071.4431767,1,1.0695,0.1418,,0.588,0.0417,1.206,NOMINAL,PRE_ALERT,TRIGGERED,2,omni_p6
1643153400.0,1786289071.5687397,1,1.0442,0.1378,,0.573,0.0431,1.815,PRE_ALERT,NOMINAL,NORMAL,0,
1643154300.0,1786289071.692241,1,1.0386,0.1353,,0.602,0.0242,0.285,NOMINAL,NOMINAL,NORMAL,0,
1643155200.0,1786289071.8177552,1,0.9895,0.128,0.6452,0.504,0.0258,0.295,NOMINAL,NOMINAL,NORMAL,0,
1643156100.0,1786289071.9422193,1,1.0675,0.1377,,0.596,0.0259,0.261,NOMINAL,NOMINAL,NORMAL,0,
1643157000.0,1786289072.0671387,1,1.0063,0.1381,,0.598,0.0259,0.26,NOMINAL,NOMINAL,NORMAL,0,
1643157900.0,1786289072.1921396,1,0.9911,0.1392,,0.591,0.0247,0.269,NOMINAL,NOMINAL,TRIGGERED,1,omni_p6
1643158800.0,1786289072.3179889,1,0.9889,0.1451,,0.516,0.0391,1.171,NOMINAL,PRE_ALERT,TRIGGERED,2,omni_p6
1643159700.0,1786289072.4434524,1,1.1399,0.1418,,0.633,0.0474,1.306,PRE_ALERT,NOMINAL,NORMAL,0,
1643160600.0,1786289072.5671465,1,1.0349,0.1339,,0.582,0.0268,0.248,NOMINAL,NOMINAL,NORMAL,0,
1643161500.0,1786289072.692335,1,1.0595,0.1397,,0.647,0.0456,0.3,NOMINAL,NOMINAL,NORMAL,0,
1643162400.0,1786289072.8169968,1,1.0071,0.1376,,0.486,0.0216,0.209,NOMINAL,NOMINAL,NORMAL,0,
1643163300.0,1786289072.942115,1,1.0465,0.1314,,0.568,0.0283,0.26,NOMINAL,NOMINAL,NORMAL,0,
1643164200.0,1786289073.0670307,1,0.9833,0.1302,,0.57,0.0227,0.254,NOMINAL,NOMINAL,TRIGGERED,1,omni_p6
1643165100.0,1786289073.1930888,1,0.9846,0.1339,,0.622,0.0448,1.22,NOMINAL,PRE_ALERT,TRIGGERED,2,omni_p6
1643166000.0,1786289073.3186028,1,1.1919,0.1453,,0.65,0.0457,1.284,PRE_ALERT,NOMINAL,NORMAL,0,
1643166900.0,1786289073.4427326,1,1.1746,0.1504,,0.685,0.0295,0.311,NOMINAL,NOMINAL,NORMAL,0,
1643167800.0,1786289073.5673494,1,1.1264,0.1399,,0.603,0.0244,0.236,NOMINAL,NOMINAL,NORMAL,0,
1643168700.0,1786289073.6925085,1,1.079,0.1397,,0.672,0.0287,0.413,NOMINAL,NOMINAL,NORMAL,0,
1643169600.0,1786289073.8170176,1,0.991,0.1373,,0.502,0.0213,0.223,NOMINAL,NOMINAL,NORMAL,0,
1643170500.0,1786289073.9421813,1,1.022,0.1345,,0.629,0.0273,0.26,NOMINAL,NOMINAL,TRIGGERED,1,omni_p6
1643171400.0,1786289074.0670161,1,0.9839,0.1309,,0.568,0.0276,0.247,NOMINAL,NOMINAL,NORMAL,0,
1643172300.0,1786289074.191998,1,0.9763,0.132,,0.536,0.0246,0.241,NOMINAL,NOMINAL,NORMAL,0,
1643173200.0,1786289074.3169112,1,0.9737,0.1703,,0.471,0.0196,0.195,NOMINAL,NOMINAL,NORMAL,0,
1643174100.0,1786289074.4424527,1,1.1635,0.1433,,0.54,0.0236,0.239,NOMINAL,NOMINAL,NORMAL,0,
1643175000.0,1786289074.5673044,1,1.1045,0.1394,,0.575,0.0261,0.244,NOMINAL,NOMINAL,NORMAL,0,
1643175900.0,1786289074.6923144,1,1.0502,0.1373,,0.644,0.0448,0.286,NOMINAL,NOMINAL,NORMAL,0,
1643176800.0,1786289074.8170586,1,1.0067,0.1436,,0.509,0.0215,0.225,NOMINAL,NOMINAL,NORMAL,0,
1643177700.0,1786289074.9422157,1,1.0448,0.1348,,0.622,0.0264,0.267,NOMINAL,NOMINAL,NORMAL,0,
1643178600.0,1786289075.067104,1,0.9776,0.1362,,0.621,0.0255,0.25,NOMINAL,NOMINAL,NORMAL,0,
1643179500.0,1786289075.1921797,1,0.998,0.1359,,0.612,0.0257,0.285,NOMINAL,NOMINAL,NORMAL,0,
1643180400.0,1786289075.316976,1,0.9597,0.1667,,0.519,0.0221,0.215,NOMINAL,NOMINAL,NORMAL,0,
1643181300.0,1786289075.4421225,1,1.0194,0.1331,,0.591,0.025,0.249,NOMINAL,NOMINAL,NORMAL,0,
1643182200.0,1786289075.5670042,1,0.9851,0.1329,,0.51,0.0222,0.217,NOMINAL,NOMINAL,NORMAL,0,
1643183100.0,1786289075.6922474,1,1.025,0.1368,,0.626,0.0253,0.278,NOMINAL,NOMINAL,NORMAL,0,
1643184000.0,1786289075.8169801,1,0.9694,0.1697,,0.505,0.0188,0.216,NOMINAL,NOMINAL,NORMAL,0,
1643184900.0,1786289075.94217,1,1.0137,0.1316,,0.634,0.0267,0.255,NOMINAL,NOMINAL,NORMAL,0,
1643185800.0,1786289076.0675745,1,0.9468,0.1317,,1.138,0.0263,0.297,NOMINAL,NOMINAL,NORMAL,0,
1643186700.0,1786289076.1922626,1,1.0616,0.1395,,0.599,0.0255,0.265,NOMINAL,NOMINAL,TRIGGERED,1,omni_p6
1643187600.0,1786289076.3169873,1,0.9732,0.1641,,0.507,0.0195,0.212,NOMINAL,NOMINAL,NORMAL,0,
1643188500.0,1786289076.4420116,1,0.9828,0.1305,,0.564,0.0228,0.228,NOMINAL,NOMINAL,NORMAL,0,
1643189400.0,1786289076.5670028,1,0.9941,0.131,,0.509,0.0192,0.211,NOMINAL,NOMINAL,NORMAL,0,
1643190300.0,1786289076.6922798,1,1.0404,0.14,,0.631,0.0281,0.286,NOMINAL,NOMINAL,NORMAL,0,
1643191200.0,1786289076.817001,1,0.9787,0.1673,,0.494,0.0246,0.24,NOMINAL,NOMINAL,NORMAL,0,
1643192100.0,1786289076.942124,1,0.9904,0.1352,,0.612,0.027,0.261,NOMINAL,NOMINAL,TRIGGERED,1,omni_p6
1643193000.0,1786289077.0685074,1,0.9402,0.1311,,0.497,0.0387,1.856,NOMINAL,PRE_ALERT,TRIGGERED,2,omni_p6
1643193900.0,1786289077.1932611,1,1.0577,0.1369,,0.649,0.0452,1.204,PRE_ALERT,NOMINAL,NORMAL,0,
1643194800.0,1786289077.3170319,1,0.9937,0.1664,,0.534,0.0203,0.222,NOMINAL,NOMINAL,NORMAL,0,
1643195700.0,1786289077.4420977,1,1.0139,0.1316,,0.575,0.0253,0.254,NOMINAL,NOMINAL,NORMAL,0,
1643196600.0,1786289077.567112,1,1.0027,0.1324,,0.57,0.0254,0.255,NOMINAL,NOMINAL,NORMAL,0,
1643197500.0,1786289077.6922438,1,1.0281,0.1352,,0.634,0.0277,0.284,NOMINAL,NOMINAL,NORMAL,0,
1643198400.0,1786289077.8169475,1,0.9597,0.1635,,0.491,0.0194,0.22,NOMINAL,NOMINAL,TRIGGERED,1,omni_p6
1643199300.0,1786289077.9430969,1,1.0187,0.1349,,0.621,0.0446,1.188,NOMINAL,PRE_ALERT,TRIGGERED,2,omni_p6
1643200200.0,1786289078.0678124,1,1.0284,0.1331,,0.505,0.0356,1.002,PRE_ALERT,NOMINAL,NORMAL,0,
1643201100.0,1786289078.1920688,1,1.0089,0.1316,,0.562,0.0257,0.252,NOMINAL,NOMINAL,NORMAL,0,
1643202000.0,1786289078.3180833,1,1.2824,0.1557,,0.879,0.0319,0.314,NOMINAL,NOMINAL,NORMAL,0,
1643202900.0,1786289078.4424732,1,1.1235,0.142,,0.604,0.0273,0.259,NOMINAL,NOMINAL,NORMAL,0,
1643203800.0,1786289078.567146,1,1.0697,0.1387,,0.515,0.0232,0.233,NOMINAL,NOMINAL,TRIGGERED,1,omni_p6
1643204700.0,1786289078.6934118,1,1.0895,0.1393,,0.699,0.0479,1.203,NOMINAL,PRE_ALERT,TRIGGERED,2,omni_p6
1643205600.0,1786289078.8180022,1,1.0966,0.1372,,0.517,0.0378,1.042,PRE_ALERT,NOMINAL,NORMAL,0,
1643206500.0,1786289078.9422565,1,1.0856,0.1362,,0.629,0.0275,0.265,NOMINAL,NOMINAL,NORMAL,0,
1643207400.0,1786289079.0669532,1,1.0254,0.1305,,0.483,0.0179,0.198,NOMINAL,NOMINAL,NORMAL,0,
1643208300.0,1786289079.192321,1,1.0497,0.1427,,0.659,0.0524,0.297,NOMINAL,NOMINAL,NORMAL,0,
1643209200.0,1786289079.3170214,1,1.0043,0.168,,0.52,0.0212,0.216,NOMINAL,NOMINAL,NORMAL,0,
1643210100.0,1786289079.4425197,1,1.1391,0.1456,,0.645,0.0251,0.259,NOMINAL,NOMINAL,TRIGGERED,1,omni_p6
1643211000.0,1786289079.5681465,1,1.0512,0.1381,,0.536,0.0394,1.292,NOMINAL,PRE_ALERT,TRIGGERED,2,omni_p6
1643211900.0,1786289079.693534,1,1.1556,0.1452,,0.721,0.0484,1.18,PRE_ALERT,NOMINAL,NORMAL,0,
1643212800.0,1786289079.817099,1,1.0222,0.1439,,0.528,0.0218,0.232,NOMINAL,NOMINAL,NORMAL,0,
1643213700.0,1786289079.9422338,1,1.0492,0.1369,,0.648,0.0265,0.272,NOMINAL,NOMINAL,NORMAL,0,
1643214600.0,1786289080.0669167,1,0.97,0.1319,,0.511,0.0219,0.228,NOMINAL,NOMINAL,NORMAL,0,
1643215500.0,1786289080.1921883,1,0.9789,0.1332,,0.629,0.0256,0.341,NOMINAL,NOMINAL,NORMAL,0,
1643216400.0,1786289080.3169115,1,0.9566,0.1606,,0.492,0.0192,0.209,NOMINAL,NOMINAL,NORMAL,0,
1643217300.0,1786289080.44204,1,0.9823,0.1287,,0.611,0.0248,0.244,NOMINAL,NOMINAL,NORMAL,0,
1643218200.0,1786289080.5668535,1,0.9375,0.1278,,0.504,0.0196,0.214,NOMINAL,NOMINAL,NORMAL,0,
1643219100.0,1786289080.692675,1,1.1557,0.1434,,0.721,0.0282,0.277,NOMINAL,NOMINAL,NORMAL,0,
1643220000.0,1786289080.8171024,1,1.007,0.1428,,0.534,0.0248,0.256,NOMINAL,NOMINAL,NORMAL,0,
1643220900.0,1786289080.9421952,1,1.0335,0.1346,,0.624,0.0249,0.264,NOMINAL,NOMINAL,NORMAL,0,
1643221800.0,1786289081.0669456,1,0.9777,0.1293,,0.519,0.0207,0.214,NOMINAL,NOMINAL,NORMAL,0,
1643222700.0,1786289081.1922271,1,1.022,0.1349,,0.621,0.0278,0.283,NOMINAL,NOMINAL,NORMAL,0,
1643223600.0,1786289081.317103,1,1.0329,0.1358,,0.506,0.0223,0.223,NOMINAL,NOMINAL,NORMAL,0,
1643224500.0,1786289081.4420295,1,1.0373,0.1317,,0.497,0.0212,0.25,NOMINAL,NOMINAL,NORMAL,0,
1643225400.0,1786289081.56687,1,0.9773,0.1297,,0.467,0.0196,0.201,NOMINAL,NOMINAL,NORMAL,0,
1643226300.0,1786289081.6924882,1,1.1161,0.1431,,0.665,0.0277,0.265,NOMINAL,NOMINAL,NORMAL,0,
1643227200.0,1786289081.817025,1,0.9979,0.1438,,0.502,0.0198,0.221,NOMINAL,NOMINAL,NORMAL,0,
1643228100.0,1786289081.9422748,1,1.0491,0.1317,,0.693,0.0276,0.286,NOMINAL,NOMINAL,NORMAL,0,
1643229000.0,1786289082.0670435,1,0.989,0.1317,,0.582,0.0259,0.253,NOMINAL,NOMINAL,NORMAL,0,
1643229900.0,1786289082.1921992,1,0.9782,0.1348,,0.693,0.0264,0.289,NOMINAL,NOMINAL,NORMAL,0,
1643230800.0,1786289082.317115,1,0.986,0.1755,,0.574,0.0251,0.262,NOMINAL,NOMINAL,TRIGGERED,1,omni_p6
1643231700.0,1786289082.442946,1,0.9879,0.1313,,0.57,0.0414,1.191,NOMINAL,PRE_ALERT,TRIGGERED,2,omni_p6
1643232600.0,1786289082.5679836,1,1.0654,0.1361,,0.548,0.036,1.068,PRE_ALERT,NOMINAL,NORMAL,0,
1643233500.0,1786289082.692447,1,1.0708,0.1396,,0.71,0.029,0.283,NOMINAL,NOMINAL,NORMAL,0,
1643234400.0,1786289082.8170018,1,0.9767,0.1696,,0.502,0.0219,0.235,NOMINAL,NOMINAL,NORMAL,0,
1643235300.0,1786289082.9420862,1,0.9941,0.1326,,0.601,0.0271,0.253,NOMINAL,NOMINAL,NORMAL,0,
1643236200.0,1786289083.06702,1,0.9658,0.1287,,0.571,0.0227,0.235,NOMINAL,NOMINAL,NORMAL,0,
1643237100.0,1786289083.1920738,1,0.9522,0.1349,,0.609,0.0243,0.253,NOMINAL,NOMINAL,TRIGGERED,1,omni_p6
1643238000.0,1786289083.318518,1,1.0963,0.1428,,0.75,0.0497,1.266,NOMINAL,PRE_ALERT,TRIGGERED,2,omni_p6
1643238900.0,1786289083.4437418,1,1.1454,0.1428,,0.768,0.0514,1.302,PRE_ALERT,NOMINAL,NORMAL,0,
1643239800.0,1786289083.5673952,1,1.0751,0.138,,0.674,0.0277,0.267,NOMINAL,NOMINAL,NORMAL,0,
1643240700.0,1786289083.6924443,1,1.0595,0.1323,,0.721,0.0411,0.293,NOMINAL,NOMINAL,NORMAL,0,
1643241600.0,1786289083.8179297,1,1.0918,0.1275,0.5967,0.55,0.0271,0.28,NOMINAL,NOMINAL,NORMAL,0,
