phys_ts,ap_pub_wall_ts,n_channels,resample_ms,z_eval_ms,bg_update_ms,dds_transport_ms,fsm_eval_ms,node_latency_ms,from_state,ap_state,rpn_result,counter,trigger_channels
1641772800.0,1786286257.0548918,1,1.2444,0.0558,0.0334,0.805,0.0323,0.266,NOMINAL,NOMINAL,STALE,0,
1641773700.0,1786286257.179237,1,1.1765,0.0567,,0.721,0.0302,0.247,NOMINAL,NOMINAL,STALE,0,
1641774600.0,1786286257.3042185,1,1.1799,0.0589,,0.717,0.0298,0.242,NOMINAL,NOMINAL,STALE,0,
1641775500.0,1786286257.4288874,1,1.0631,0.0569,,0.64,0.0273,0.202,NOMINAL,NOMINAL,STALE,0,
1641776400.0,1786286257.5541596,1,1.1567,0.058,,0.712,0.0287,0.218,NOMINAL,NOMINAL,STALE,0,
1641777300.0,1786286257.678991,1,1.1053,0.0564,,0.647,0.0284,0.209,NOMINAL,NOMINAL,STALE,0,
1641778200.0,1786286257.8039033,1,1.0549,0.0553,,0.626,0.0274,0.227,NOMINAL,NOMINAL,STALE,0,
1641779100.0,1786286257.9287844,1,1.024,0.054,,0.616,0.0277,0.189,NOMINAL,NOMINAL,STALE,0,
1641780000.0,1786286258.053857,1,1.0808,0.0547,,0.596,0.0271,0.203,NOMINAL,NOMINAL,STALE,0,
1641780900.0,1786286258.1787856,1,1.0488,0.0531,,0.569,0.0262,0.193,NOMINAL,NOMINAL,STALE,0,
1641781800.0,1786286258.3038917,1,1.0717,0.0544,,0.611,0.0275,0.199,NOMINAL,NOMINAL,STALE,0,
1641782700.0,1786286258.4287155,1,0.9764,0.0523,,0.59,0.0274,0.191,NOMINAL,NOMINAL,STALE,0,
1641783600.0,1786286258.5540614,1,1.1153,0.055,,0.676,0.0283,0.204,NOMINAL,NOMINAL,STALE,0,
1641784500.0,1786286258.6788034,1,1.0183,0.0513,,0.594,0.0274,0.218,NOMINAL,NOMINAL,STALE,0,
1641785400.0,1786286258.80384,1,1.0199,0.0532,,0.631,0.027,0.198,NOMINAL,NOMINAL,STALE,0,
1641786300.0,1786286258.928826,1,1.0246,0.0543,,0.621,0.0265,0.196,NOMINAL,NOMINAL,STALE,0,
1641787200.0,1786286259.0538032,1,1.0543,0.0531,,0.57,0.0269,0.192,NOMINAL,NOMINAL,STALE,0,
1641788100.0,1786286259.178768,1,1.0007,0.0519,,0.594,0.0269,0.193,NOMINAL,NOMINAL,STALE,0,
1641789000.0,1786286259.3037155,1,0.9808,0.0508,,0.587,0.0267,0.191,NOMINAL,NOMINAL,STALE,0,
1641789900.0,1786286259.4286153,1,0.9427,0.0519,,0.566,0.0242,0.18,NOMINAL,NOMINAL,STALE,0,
1641790800.0,1786286259.5548058,1,1.2686,0.0601,,0.917,0.0311,0.235,NOMINAL,NOMINAL,STALE,0,
1641791700.0,1786286259.6797183,1,1.2397,0.0581,,0.849,0.0326,0.232,NOMINAL,NOMINAL,STALE,0,
1641792600.0,1786286259.8041835,1,1.1478,0.0569,,0.676,0.0308,0.25,NOMINAL,NOMINAL,STALE,0,
1641793500.0,1786286259.929058,1,1.0974,0.0856,,0.65,0.0274,0.228,NOMINAL,NOMINAL,STALE,0,
1641794400.0,1786286260.0539336,1,1.1277,0.0532,,0.576,0.028,0.197,NOMINAL,NOMINAL,STALE,0,
1641795300.0,1786286260.1788228,1,1.0606,0.0529,,0.569,0.0268,0.192,NOMINAL,NOMINAL,STALE,0,
1641796200.0,1786286260.3038251,1,1.0608,0.0543,,0.589,0.0264,0.189,NOMINAL,NOMINAL,STALE,0,
1641797100.0,1786286260.4287877,1,1.0305,0.0548,,0.615,0.0258,0.191,NOMINAL,NOMINAL,STALE,0,
1641798000.0,1786286260.5544066,1,1.2283,0.0596,,0.796,0.0313,0.22,NOMINAL,NOMINAL,STALE,0,
1641798900.0,1786286260.6797676,1,1.2632,0.0591,,0.916,0.0329,0.238,NOMINAL,NOMINAL,STALE,0,
1641799800.0,1786286260.8042004,1,1.1597,0.0579,,0.719,0.0313,0.247,NOMINAL,NOMINAL,STALE,0,
1641800700.0,1786286260.9289896,1,1.0977,0.0565,,0.637,0.0292,0.208,NOMINAL,NOMINAL,STALE,0,
1641801600.0,1786286261.0539193,1,1.1337,0.0556,,0.571,0.0283,0.2,NOMINAL,NOMINAL,STALE,0,
1641802500.0,1786286261.1787705,1,1.0381,0.0547,,0.561,0.026,0.19,NOMINAL,NOMINAL,STALE,0,
1641803400.0,1786286261.3039267,1,1.0458,0.0548,,0.65,0.027,0.23,NOMINAL,NOMINAL,STALE,0,
1641804300.0,1786286261.4287412,1,0.9989,0.0549,,0.599,0.0257,0.186,NOMINAL,NOMINAL,STALE,0,
1641805200.0,1786286261.5538743,1,1.0401,0.0547,,0.635,0.0281,0.198,NOMINAL,NOMINAL,STALE,0,
1641806100.0,1786286261.6788623,1,1.0143,0.0547,,0.631,0.0285,0.198,NOMINAL,NOMINAL,STALE,0,
1641807000.0,1786286261.8037455,1,0.9793,0.0524,,0.597,0.0272,0.186,NOMINAL,NOMINAL,STALE,0,
1641807900.0,1786286261.9287858,1,0.99,0.0533,,0.62,0.0251,0.186,NOMINAL,NOMINAL,STALE,0,
1641808800.0,1786286262.05385,1,1.0768,0.0533,,0.583,0.0277,0.194,NOMINAL,NOMINAL,STALE,0,
1641809700.0,1786286262.1786823,1,0.9862,0.0528,,0.539,0.0263,0.185,NOMINAL,NOMINAL,STALE,0,
1641810600.0,1786286262.3038678,1,1.0324,0.0548,,0.627,0.0272,0.189,NOMINAL,NOMINAL,STALE,0,
1641811500.0,1786286262.4287684,1,1.0024,0.0534,,0.596,0.0267,0.191,NOMINAL,NOMINAL,STALE,0,
1641812400.0,1786286262.5537221,1,1.013,0.0516,,0.569,0.0253,0.184,NOMINAL,NOMINAL,STALE,0,
1641813300.0,1786286262.6788113,1,1.0107,0.054,,0.591,0.0302,0.193,NOMINAL,NOMINAL,STALE,0,
1641814200.0,1786286262.8038008,1,1.0031,0.0545,,0.591,0.0265,0.213,NOMINAL,NOMINAL,STALE,0,
1641815100.0,1786286262.9287906,1,1.0065,0.0526,,0.613,0.027,0.187,NOMINAL,NOMINAL,STALE,0,
1641816000.0,1786286263.0539312,1,1.1167,0.0535,,0.585,0.0296,0.201,NOMINAL,NOMINAL,STALE,0,
1641816900.0,1786286263.1787045,1,0.9911,0.0523,,0.546,0.0276,0.21,NOMINAL,NOMINAL,STALE,0,
1641817800.0,1786286263.3038309,1,1.0255,0.0535,,0.606,0.0275,0.197,NOMINAL,NOMINAL,STALE,0,
1641818700.0,1786286263.428755,1,1.0028,0.0532,,0.588,0.0261,0.189,NOMINAL,NOMINAL,STALE,0,
1641819600.0,1786286263.5536935,1,0.9947,0.0523,,0.559,0.0268,0.183,NOMINAL,NOMINAL,STALE,0,
1641820500.0,1786286263.679029,1,1.0572,0.0541,,0.692,0.0292,0.207,NOMINAL,NOMINAL,STALE,0,
1641821400.0,1786286263.8038821,1,1.0629,0.054,,0.615,0.0282,0.197,NOMINAL,NOMINAL,STALE,0,
1641822300.0,1786286263.9288409,1,1.0117,0.0509,,0.612,0.0276,0.218,NOMINAL,NOMINAL,STALE,0,
1641823200.0,1786286264.0538747,1,1.1068,0.0519,,0.563,0.03,0.199,NOMINAL,NOMINAL,STALE,0,
1641824100.0,1786286264.1786923,1,0.9948,0.0507,,0.554,0.0261,0.184,NOMINAL,NOMINAL,STALE,0,
1641825000.0,1786286264.3037066,1,0.9786,0.0511,,0.58,0.0241,0.184,NOMINAL,NOMINAL,STALE,0,
1641825900.0,1786286264.4286253,1,0.9437,0.0524,,0.571,0.0248,0.179,NOMINAL,NOMINAL,STALE,0,
1641826800.0,1786286264.5547132,1,1.262,0.059,,0.897,0.0319,0.237,NOMINAL,NOMINAL,STALE,0,
1641827700.0,1786286264.6797934,1,1.2414,0.0586,,0.905,0.0322,0.237,NOMINAL,NOMINAL,STALE,0,
1641828600.0,1786286264.8041825,1,1.1414,0.0547,,0.687,0.0272,0.232,NOMINAL,NOMINAL,STALE,0,
1641829500.0,1786286264.9289727,1,1.0864,0.0524,,0.618,0.0268,0.193,NOMINAL,NOMINAL,STALE,0,
1641830400.0,1786286265.0539079,1,1.1058,0.0529,,0.58,0.0273,0.191,NOMINAL,NOMINAL,STALE,0,
1641831300.0,1786286265.1787364,1,1.0169,0.0518,,0.554,0.0262,0.183,NOMINAL,NOMINAL,STALE,0,
1641832200.0,1786286265.3036854,1,0.9844,0.0524,,0.56,0.0259,0.183,NOMINAL,NOMINAL,STALE,0,
1641833100.0,1786286265.4286885,1,0.9859,0.0547,,0.543,0.0231,0.207,NOMINAL,NOMINAL,STALE,0,
1641834000.0,1786286265.5540261,1,1.1268,0.0538,,0.674,0.028,0.2,NOMINAL,NOMINAL,STALE,0,
1641834900.0,1786286265.6797717,1,1.2836,0.0599,,0.857,0.0325,0.232,NOMINAL,NOMINAL,STALE,0,
1641835800.0,1786286265.8040807,1,1.1597,0.0551,,0.662,0.0298,0.207,NOMINAL,NOMINAL,STALE,0,
1641836700.0,1786286265.9288962,1,1.0718,0.0523,,0.64,0.0276,0.19,NOMINAL,NOMINAL,STALE,0,
1641837600.0,1786286266.0537014,1,1.0462,0.0527,,0.525,0.0281,0.192,NOMINAL,NOMINAL,STALE,0,
1641838500.0,1786286266.1787977,1,1.0376,0.0545,,0.578,0.0279,0.194,NOMINAL,NOMINAL,STALE,0,
1641839400.0,1786286266.303729,1,1.0067,0.0545,,0.568,0.0261,0.189,NOMINAL,NOMINAL,STALE,0,
1641840300.0,1786286266.4286861,1,0.9545,0.0528,,0.601,0.0265,0.193,NOMINAL,NOMINAL,STALE,0,
1641841200.0,1786286266.553781,1,1.0374,0.0542,,0.586,0.027,0.183,NOMINAL,NOMINAL,STALE,0,
1641842100.0,1786286266.6788125,1,1.0176,0.0532,,0.597,0.026,0.183,NOMINAL,NOMINAL,STALE,0,
1641843000.0,1786286266.8038044,1,1.0122,0.0537,,0.601,0.025,0.212,NOMINAL,NOMINAL,STALE,0,
1641843900.0,1786286266.9288611,1,1.0439,0.0545,,0.613,0.0267,0.186,NOMINAL,NOMINAL,STALE,0,
1641844800.0,1786286267.0536804,1,1.0227,0.0524,,0.53,0.0253,0.18,NOMINAL,NOMINAL,STALE,0,
1641845700.0,1786286267.178803,1,1.0249,0.0534,,0.581,0.0261,0.215,NOMINAL,NOMINAL,STALE,0,
1641846600.0,1786286267.3038826,1,1.0602,0.0537,,0.626,0.0266,0.192,NOMINAL,NOMINAL,STALE,0,
1641847500.0,1786286267.4287915,1,1.0053,0.054,,0.615,0.0264,0.187,NOMINAL,NOMINAL,STALE,0,
1641848400.0,1786286267.5537374,1,1.0116,0.0541,,0.582,0.0254,0.184,NOMINAL,NOMINAL,STALE,0,
1641849300.0,1786286267.6786351,1,0.9535,0.0528,,0.55,0.0247,0.178,NOMINAL,NOMINAL,STALE,0,
1641850200.0,1786286267.803927,1,1.0581,0.0529,,0.63,0.0264,0.19,NOMINAL,NOMINAL,STALE,0,
1641851100.0,1786286267.9288073,1,1.0177,0.0524,,0.611,0.0269,0.188,NOMINAL,NOMINAL,STALE,0,
1641852000.0,1786286268.0537143,1,1.0353,0.0541,,0.538,0.0257,0.181,NOMINAL,NOMINAL,STALE,0,
1641852900.0,1786286268.1787884,1,1.0302,0.0536,,0.57,0.0276,0.188,NOMINAL,NOMINAL,STALE,0,
1641853800.0,1786286268.3037598,1,1.0291,0.0534,,0.566,0.0265,0.184,NOMINAL,NOMINAL,STALE,0,
1641854700.0,1786286268.4285724,1,0.9242,0.0525,,0.551,0.0247,0.171,NOMINAL,NOMINAL,STALE,0,
1641855600.0,1786286268.5536232,1,0.9728,0.051,,0.539,0.0236,0.171,NOMINAL,NOMINAL,STALE,0,
1641856500.0,1786286268.6786373,1,0.9464,0.0509,,0.545,0.0244,0.185,NOMINAL,NOMINAL,STALE,0,
1641857400.0,1786286268.8039281,1,1.0499,0.0543,,0.639,0.0256,0.192,NOMINAL,NOMINAL,STALE,0,
1641858300.0,1786286268.9287791,1,1.0041,0.0531,,0.61,0.0264,0.189,NOMINAL,NOMINAL,STALE,0,
1641859200.0,1786286269.0554283,1,1.058,0.169,0.5687,0.551,0.029,0.196,NOMINAL,NOMINAL,NORMAL,0,
1641860100.0,1786286269.179089,1,1.1249,0.144,,0.636,0.0306,0.224,NOMINAL,NOMINAL,NORMAL,0,
1641861000.0,1786286269.3038497,1,1.0234,0.1389,,0.586,0.0295,0.198,NOMINAL,NOMINAL,NORMAL,0,
1641861900.0,1786286269.4287426,1,0.9744,0.1336,,0.582,0.0282,0.186,NOMINAL,NOMINAL,NORMAL,0,
1641862800.0,1786286269.5547383,1,1.2757,0.1542,,0.896,0.0322,0.232,NOMINAL,NOMINAL,TRIGGERED,1,omni_p6
1641863700.0,1786286269.6808274,1,1.2634,0.1581,,0.891,0.0509,1.214,NOMINAL,PRE_ALERT,TRIGGERED,2,omni_p6
1641864600.0,1786286269.805538,1,1.1581,0.1443,,0.714,0.0443,1.465,PRE_ALERT,NOMINAL,NORMAL,0,
1641865500.0,1786286269.9291716,1,1.1358,0.147,,0.641,0.0329,0.235,NOMINAL,NOMINAL,NORMAL,0,
1641866400.0,1786286270.0538542,1,1.0728,0.1382,,0.557,0.0299,0.19,NOMINAL,NOMINAL,NORMAL,0,
1641867300.0,1786286270.1788366,1,1.0272,0.1369,,0.574,0.0283,0.187,NOMINAL,NOMINAL,NORMAL,0,
1641868200.0,1786286270.303773,1,0.9917,0.1369,,0.567,0.028,0.187,NOMINAL,NOMINAL,TRIGGERED,1,omni_p6
1641869100.0,1786286270.4295828,1,0.9508,0.1335,,0.552,0.042,1.09,NOMINAL,PRE_ALERT,TRIGGERED,2,omni_p6
1641870000.0,1786286270.5547042,1,1.0138,0.137,,0.607,0.0466,1.064,PRE_ALERT,NOMINAL,NORMAL,0,
1641870900.0,1786286270.6797712,1,1.2567,0.1519,,0.861,0.0346,0.245,NOMINAL,NOMINAL,NORMAL,0,
1641871800.0,1786286270.8042316,1,1.1348,0.1459,,0.695,0.0332,0.24,NOMINAL,NOMINAL,NORMAL,0,
1641872700.0,1786286270.929021,1,1.0665,0.1645,,0.632,0.0303,0.205,NOMINAL,NOMINAL,NORMAL,0,
1641873600.0,1786286271.0538476,1,1.0379,0.137,,0.576,0.0285,0.2,NOMINAL,NOMINAL,NORMAL,0,
1641874500.0,1786286271.1788352,1,1.0079,0.1339,,0.592,0.0293,0.193,NOMINAL,NOMINAL,NORMAL,0,
1641875400.0,1786286271.3039224,1,1.0324,0.1419,,0.624,0.0275,0.195,NOMINAL,NOMINAL,TRIGGERED,1,omni_p6
1641876300.0,1786286271.4286911,1,0.9547,0.1298,,0.568,0.027,0.179,NOMINAL,NOMINAL,NORMAL,0,
1641877200.0,1786286271.5537286,1,0.9852,0.1321,,0.551,0.0263,0.182,NOMINAL,NOMINAL,NORMAL,0,
1641878100.0,1786286271.6786582,1,0.9315,0.1296,,0.527,0.025,0.176,NOMINAL,NOMINAL,NORMAL,0,
1641879000.0,1786286271.80402,1,1.05,0.1392,,0.655,0.0285,0.198,NOMINAL,NOMINAL,NORMAL,0,
1641879900.0,1786286271.9289405,1,1.0397,0.1396,,0.598,0.0295,0.194,NOMINAL,NOMINAL,NORMAL,0,
1641880800.0,1786286272.053864,1,1.0815,0.1419,,0.541,0.0285,0.193,NOMINAL,NOMINAL,NORMAL,0,
1641881700.0,1786286272.178897,1,1.0737,0.1381,,0.575,0.0302,0.195,NOMINAL,NOMINAL,NORMAL,0,
1641882600.0,1786286272.30378,1,0.996,0.1362,,0.56,0.0281,0.193,NOMINAL,NOMINAL,NORMAL,0,
1641883500.0,1786286272.4289052,1,0.9919,0.1332,,0.689,0.0288,0.197,NOMINAL,NOMINAL,NORMAL,0,
1641884400.0,1786286272.5536978,1,0.9782,0.1333,,0.547,0.026,0.178,NOMINAL,NOMINAL,NORMAL,0,
1641885300.0,1786286272.6788049,1,0.9768,0.1353,,0.566,0.0282,0.189,NOMINAL,NOMINAL,NORMAL,0,
1641886200.0,1786286272.8038826,1,1.0043,0.1327,,0.628,0.0271,0.191,NOMINAL,NOMINAL,NORMAL,0,
1641887100.0,1786286272.9291306,1,1.1336,0.146,,0.624,0.0302,0.199,NOMINAL,NOMINAL,NORMAL,0,
1641888000.0,1786286273.0537877,1,1.0203,0.1383,,0.524,0.0264,0.213,NOMINAL,NOMINAL,TRIGGERED,1,omni_p6
1641888900.0,1786286273.1788118,1,1.0196,0.1349,,0.553,0.0299,0.188,NOMINAL,NOMINAL,NORMAL,0,
1641889800.0,1786286273.303777,1,0.9854,0.1335,,0.571,0.0271,0.184,NOMINAL,NOMINAL,NORMAL,0,
1641890700.0,1786286273.4286256,1,0.9308,0.1335,,0.54,0.0241,0.169,NOMINAL,NOMINAL,TRIGGERED,1,omni_p6
1641891600.0,1786286273.5545735,1,0.9549,0.1309,,0.529,0.0422,1.104,NOMINAL,PRE_ALERT,TRIGGERED,2,omni_p6
1641892500.0,1786286273.6794915,1,0.9333,0.1313,,0.532,0.0401,1.003,PRE_ALERT,NOMINAL,NORMAL,0,
1641893400.0,1786286273.8036299,1,0.9181,0.1286,,0.539,0.0252,0.172,NOMINAL,NOMINAL,NORMAL,0,
1641894300.0,1786286273.9292028,1,1.1228,0.144,,0.657,0.0308,0.201,NOMINAL,NOMINAL,NORMAL,0,
1641895200.0,1786286274.0537794,1,1.0243,0.134,,0.535,0.0284,0.187,NOMINAL,NOMINAL,NORMAL,0,
1641896100.0,1786286274.1796403,1,1.224,0.1512,,0.819,0.0344,0.226,NOMINAL,NOMINAL,NORMAL,0,
1641897000.0,1786286274.304048,1,1.0981,0.1418,,0.639,0.0297,0.205,NOMINAL,NOMINAL,TRIGGERED,1,omni_p6
1641897900.0,1786286274.4287271,1,0.9622,0.1353,,0.575,0.0277,0.181,NOMINAL,NOMINAL,NORMAL,0,
1641898800.0,1786286274.554619,1,1.2431,0.154,,0.858,0.0326,0.229,NOMINAL,NOMINAL,NORMAL,0,
1641899700.0,1786286274.6797678,1,1.2435,0.1578,,0.844,0.0342,0.235,NOMINAL,NOMINAL,NORMAL,0,
1641900600.0,1786286274.8039937,1,1.0702,0.1418,,0.641,0.0324,0.206,NOMINAL,NOMINAL,NORMAL,0,
1641901500.0,1786286274.9291682,1,1.0942,0.1709,,0.694,0.0346,0.21,NOMINAL,NOMINAL,NORMAL,0,
1641902400.0,1786286275.0539033,1,1.0567,0.1429,,0.602,0.0283,0.202,NOMINAL,NOMINAL,TRIGGERED,1,omni_p6
1641903300.0,1786286275.1798236,1,1.0331,0.1352,,0.618,0.0457,1.117,NOMINAL,PRE_ALERT,TRIGGERED,2,omni_p6
1641904200.0,1786286275.304678,1,0.9959,0.1371,,0.575,0.0452,1.057,PRE_ALERT,NOMINAL,NORMAL,0,
1641905100.0,1786286275.428666,1,0.937,0.1307,,0.563,0.026,0.179,NOMINAL,NOMINAL,NORMAL,0,
1641906000.0,1786286275.5536268,1,0.9329,0.1285,,0.54,0.0252,0.177,NOMINAL,NOMINAL,NORMAL,0,
1641906900.0,1786286275.6797056,1,1.2031,0.1497,,0.864,0.0338,0.228,NOMINAL,NOMINAL,NORMAL,0,
1641907800.0,1786286275.8040714,1,1.0885,0.1394,,0.663,0.0305,0.201,NOMINAL,NOMINAL,NORMAL,0,
1641908700.0,1786286275.9291751,1,1.0963,0.1742,,0.683,0.0302,0.206,NOMINAL,NOMINAL,TRIGGERED,1,omni_p6
1641909600.0,1786286276.0548172,1,1.0586,0.1395,,0.592,0.0462,1.107,NOMINAL,PRE_ALERT,TRIGGERED,2,omni_p6
1641910500.0,1786286276.1796727,1,1.0023,0.1322,,0.587,0.045,1.027,PRE_ALERT,NOMINAL,NORMAL,0,
1641911400.0,1786286276.3038554,1,1.0229,0.1346,,0.58,0.0295,0.188,NOMINAL,NOMINAL,NORMAL,0,
1641912300.0,1786286276.4287236,1,0.9706,0.1331,,0.563,0.0261,0.173,NOMINAL,NOMINAL,NORMAL,0,
1641913200.0,1786286276.5536914,1,0.9609,0.1276,,0.552,0.0251,0.174,NOMINAL,NOMINAL,NORMAL,0,
1641914100.0,1786286276.6786988,1,0.9461,0.1336,,0.553,0.0255,0.176,NOMINAL,NOMINAL,NORMAL,0,
1641915000.0,1786286276.803603,1,0.9216,0.1343,,0.523,0.0227,0.168,NOMINAL,NOMINAL,TRIGGERED,1,omni_p6
1641915900.0,1786286276.929255,1,1.1068,0.1442,,0.727,0.0313,0.209,NOMINAL,NOMINAL,NORMAL,0,
1641916800.0,1786286277.053888,1,1.074,0.1361,,0.58,0.0277,0.191,NOMINAL,NOMINAL,NORMAL,0,
1641917700.0,1786286277.1788554,1,1.0275,0.1367,,0.58,0.0293,0.197,NOMINAL,NOMINAL,NORMAL,0,
1641918600.0,1786286277.3038578,1,1.0181,0.1351,,0.593,0.0302,0.194,NOMINAL,NOMINAL,NORMAL,0,
1641919500.0,1786286277.4287434,1,0.996,0.1311,,0.568,0.0278,0.182,NOMINAL,NOMINAL,NORMAL,0,
1641920400.0,1786286277.553828,1,1.02,0.1354,,0.588,0.0282,0.183,NOMINAL,NOMINAL,NORMAL,0,
1641921300.0,1786286277.6787388,1,0.9737,0.1344,,0.552,0.0255,0.179,NOMINAL,NOMINAL,NORMAL,0,
1641922200.0,1786286277.8036284,1,0.9183,0.1286,,0.532,0.0242,0.193,NOMINAL,NOMINAL,NORMAL,0,
1641923100.0,1786286277.9290247,1,1.0316,0.1754,,0.657,0.0281,0.197,NOMINAL,NOMINAL,NORMAL,0,
1641924000.0,1786286278.0540998,1,1.1326,0.1426,,0.624,0.0303,0.204,NOMINAL,NOMINAL,NORMAL,0,
1641924900.0,1786286278.1789336,1,1.0449,0.1393,,0.613,0.0294,0.195,NOMINAL,NOMINAL,NORMAL,0,
1641925800.0,1786286278.3038619,1,1.0204,0.1342,,0.6,0.0292,0.193,NOMINAL,NOMINAL,NORMAL,0,
1641926700.0,1786286278.428747,1,0.9786,0.1363,,0.566,0.028,0.188,NOMINAL,NOMINAL,NORMAL,0,
1641927600.0,1786286278.553717,1,0.9795,0.1293,,0.56,0.0261,0.186,NOMINAL,NOMINAL,NORMAL,0,
1641928500.0,1786286278.678792,1,0.9664,0.1337,,0.576,0.028,0.186,NOMINAL,NOMINAL,NORMAL,0,
1641929400.0,1786286278.8040369,1,1.0566,0.138,,0.65,0.03,0.204,NOMINAL,NOMINAL,NORMAL,0,
1641930300.0,1786286278.9289997,1,1.0578,0.1626,,0.631,0.0298,0.201,NOMINAL,NOMINAL,NORMAL,0,
1641931200.0,1786286279.054094,1,1.125,0.1406,,0.649,0.0303,0.207,NOMINAL,NOMINAL,NORMAL,0,
1641932100.0,1786286279.178872,1,1.0297,0.1386,,0.591,0.0284,0.196,NOMINAL,NOMINAL,NORMAL,0,
1641933000.0,1786286279.303878,1,1.0094,0.1399,,0.609,0.0286,0.197,NOMINAL,NOMINAL,NORMAL,0,
1641933900.0,1786286279.4287102,1,0.9462,0.133,,0.583,0.0264,0.18,NOMINAL,NOMINAL,NORMAL,0,
1641934800.0,1786286279.5547502,1,1.2766,0.153,,0.872,0.0332,0.237,NOMINAL,NOMINAL,NORMAL,0,
1641935700.0,1786286279.6798682,1,1.2683,0.1583,,0.904,0.0325,0.237,NOMINAL,NOMINAL,TRIGGERED,1,omni_p6
1641936600.0,1786286279.8040364,1,1.0763,0.1425,,0.659,0.0309,0.201,NOMINAL,NOMINAL,NORMAL,0,
1641937500.0,1786286279.928832,1,0.9572,0.1322,,0.658,0.0308,0.201,NOMINAL,NOMINAL,NORMAL,0,
1641938400.0,1786286280.0544538,1,1.2388,0.1471,,0.737,0.0331,0.221,NOMINAL,NOMINAL,NORMAL,0,
1641939300.0,1786286280.1790428,1,1.1148,0.1403,,0.613,0.0299,0.202,NOMINAL,NOMINAL,NORMAL,0,
1641940200.0,1786286280.3038492,1,1.0265,0.1383,,0.584,0.0274,0.195,NOMINAL,NOMINAL,NORMAL,0,
1641941100.0,1786286280.4286873,1,0.9503,0.1334,,0.55,0.0266,0.207,NOMINAL,NOMINAL,NORMAL,0,
1641942000.0,1786286280.5536609,1,0.9504,0.1311,,0.542,0.0243,0.173,NOMINAL,NOMINAL,TRIGGERED,1,omni_p6
1641942900.0,1786286280.679783,1,1.2675,0.1543,,0.853,0.0343,0.235,NOMINAL,NOMINAL,NORMAL,0,
1641943800.0,1786286280.8039658,1,1.0864,0.1415,,0.612,0.0311,0.197,NOMINAL,NOMINAL,NORMAL,0,
1641944700.0,1786286280.9288745,1,1.0134,0.1326,,0.627,0.0275,0.188,NOMINAL,NOMINAL,NORMAL,0,
1641945600.0,1786286281.0547557,1,1.1629,0.1347,0.5389,0.64,0.031,0.213,NOMINAL,NOMINAL,NORMAL,0,
1641946500.0,1786286281.1789753,1,1.0857,0.1383,,0.617,0.0296,0.2,NOMINAL,NOMINAL,NORMAL,0,
1641947400.0,1786286281.3038943,1,1.0419,0.1412,,0.603,0.0267,0.193,NOMINAL,NOMINAL,TRIGGERED,1,omni_p6
1641948300.0,1786286281.429672,1,0.9919,0.1365,,0.569,0.0451,1.108,NOMINAL,PRE_ALERT,TRIGGERED,2,omni_p6
1641949200.0,1786286281.5549445,1,1.1234,0.1447,,0.641,0.046,1.065,PRE_ALERT,NOMINAL,NORMAL,0,
1641950100.0,1786286281.678846,1,1.0257,0.1371,,0.584,0.0284,0.188,NOMINAL,NOMINAL,NORMAL,0,
1641951000.0,1786286281.8037422,1,0.9686,0.1354,,0.569,0.0269,0.181,NOMINAL,NOMINAL,NORMAL,0,
1641951900.0,1786286281.9288807,1,1.0235,0.1364,,0.61,0.0291,0.189,NOMINAL,NOMINAL,NORMAL,0,
1641952800.0,1786286282.054012,1,1.112,0.1392,,0.602,0.0296,0.202,NOMINAL,NOMINAL,NORMAL,0,
1641953700.0,1786286282.178863,1,1.0387,0.1395,,0.583,0.0262,0.19,NOMINAL,NOMINAL,TRIGGERED,1,omni_p6
1641954600.0,1786286282.3047545,1,0.995,0.1338,,0.578,0.0443,1.132,NOMINAL,PRE_ALERT,TRIGGERED,2,omni_p6
1641955500.0,1786286282.4295435,1,0.9782,0.1332,,0.57,0.04,0.992,PRE_ALERT,NOMINAL,NORMAL,0,
1641956400.0,1786286282.5537002,1,0.9947,0.1331,,0.535,0.0246,0.173,NOMINAL,NOMINAL,NORMAL,0,
1641957300.0,1786286282.6787944,1,0.9842,0.1327,,0.574,0.0267,0.185,NOMINAL,NOMINAL,NORMAL,0,
1641958200.0,1786286282.8035688,1,0.9141,0.1277,,0.531,0.025,0.174,NOMINAL,NOMINAL,NORMAL,0,
1641959100.0,1786286282.9286125,1,0.8923,0.1261,,0.576,0.0255,0.182,NOMINAL,NOMINAL,NORMAL,0,
1641960000.0,1786286283.0539837,1,1.0671,0.142,,0.638,0.0277,0.202,NOMINAL,NOMINAL,TRIGGERED,1,omni_p6
1641960900.0,1786286283.17914,1,1.1339,0.1426,,0.654,0.0299,0.209,NOMINAL,NOMINAL,NORMAL,0,
1641961800.0,1786286283.3038416,1,1.017,0.1376,,0.597,0.03,0.199,NOMINAL,NOMINAL,NORMAL,0,
1641962700.0,1786286283.42867,1,0.9263,0.1304,,0.577,0.0284,0.188,NOMINAL,NOMINAL,NORMAL,0,
1641963600.0,1786286283.5536616,1,0.9474,0.1307,,0.556,0.027,0.179,NOMINAL,NOMINAL,NORMAL,0,
1641964500.0,1786286283.6786633,1,0.9524,0.1271,,0.511,0.0229,0.192,NOMINAL,NOMINAL,NORMAL,0,
1641965400.0,1786286283.8035514,1,0.9028,0.1289,,0.514,0.0195,0.151,NOMINAL,NOMINAL,NORMAL,0,
1641966300.0,1786286283.9288952,1,1.1105,0.1299,,0.577,0.0253,0.173,NOMINAL,NOMINAL,NORMAL,0,
1641967200.0,1786286284.053829,1,1.0308,0.1337,,0.56,0.0277,0.193,NOMINAL,NOMINAL,NORMAL,0,
1641968100.0,1786286284.1791122,1,1.0908,0.1422,,0.666,0.0304,0.205,NOMINAL,NOMINAL,NORMAL,0,
1641969000.0,1786286284.3038504,1,1.0164,0.1344,,0.607,0.0285,0.193,NOMINAL,NOMINAL,NORMAL,0,
1641969900.0,1786286284.4287105,1,0.9695,0.1327,,0.564,0.0255,0.18,NOMINAL,NOMINAL,NORMAL,0,
1641970800.0,1786286284.5545907,1,1.2469,0.153,,0.844,0.0323,0.225,NOMINAL,NOMINAL,NORMAL,0,
1641971700.0,1786286284.6797469,1,1.2354,0.1542,,0.87,0.034,0.232,NOMINAL,NOMINAL,NORMAL,0,
1641972600.0,1786286284.804047,1,1.0958,0.1453,,0.641,0.0298,0.208,NOMINAL,NOMINAL,NORMAL,0,
1641973500.0,1786286284.9289043,1,1.0193,0.1364,,0.628,0.0296,0.197,NOMINAL,NOMINAL,NORMAL,0,
1641974400.0,1786286285.0537925,1,1.0243,0.1365,,0.55,0.0284,0.19,NOMINAL,NOMINAL,NORMAL,0,
1641975300.0,1786286285.1791394,1,1.0917,0.1445,,0.688,0.0304,0.209,NOMINAL,NOMINAL,NORMAL,0,
1641976200.0,1786286285.303838,1,1.0185,0.1392,,0.597,0.0269,0.197,NOMINAL,NOMINAL,TRIGGERED,1,omni_p6
1641977100.0,1786286285.428523,1,0.8692,0.1254,,0.551,0.0262,0.175,NOMINAL,NOMINAL,NORMAL,0,
1641978000.0,1786286285.5535657,1,0.9237,0.1292,,0.516,0.0245,0.171,NOMINAL,NOMINAL,NORMAL,0,
1641978900.0,1786286285.6796632,1,1.2259,0.1514,,0.838,0.0321,0.229,NOMINAL,NOMINAL,NORMAL,0,
1641979800.0,1786286285.8036134,1,0.9989,0.1336,,0.482,0.0207,0.164,NOMINAL,NOMINAL,NORMAL,0,
1641980700.0,1786286285.9285207,1,0.8833,0.1263,,0.55,0.0255,0.174,NOMINAL,NOMINAL,NORMAL,0,
1641981600.0,1786286286.053624,1,0.9954,0.1368,,0.47,0.0215,0.157,NOMINAL,NOMINAL,TRIGGERED,1,omni_p6
1641982500.0,1786286286.179847,1,1.0462,0.1382,,0.594,0.0452,1.123,NOMINAL,PRE_ALERT,TRIGGERED,2,omni_p6
1641983400.0,1786286286.3046746,1,1.0552,0.1378,,0.54,0.0434,1.049,PRE_ALERT,NOMINAL,NORMAL,0,
1641984300.0,1786286286.4285033,1,0.9103,0.1291,,0.486,0.0253,0.166,NOMINAL,NOMINAL,NORMAL,0,
1641985200.0,1786286286.5534613,1,0.9148,0.1221,,0.465,0.0249,0.161,NOMINAL,NOMINAL,NORMAL,0,
1641986100.0,1786286286.6793344,1,1.1806,0.145,,0.701,0.03,0.214,NOMINAL,NOMINAL,NORMAL,0,
1641987000.0,1786286286.8035681,1,0.9804,0.1343,,0.461,0.0219,0.16,NOMINAL,NOMINAL,NORMAL,0,
1641987900.0,1786286286.928539,1,0.8842,0.1328,,0.544,0.0245,0.177,NOMINAL,NOMINAL,TRIGGERED,1,omni_p6
1641988800.0,1786286287.0546045,1,0.9998,0.135,,0.508,0.042,1.091,NOMINAL,PRE_ALERT,TRIGGERED,2,omni_p6
1641989700.0,1786286287.1798923,1,1.0883,0.1404,,0.619,0.0444,1.076,PRE_ALERT,NOMINAL,NORMAL,0,
1641990600.0,1786286287.303818,1,1.0383,0.1386,,0.552,0.028,0.188,NOMINAL,NOMINAL,NORMAL,0,
1641991500.0,1786286287.4286566,1,0.9567,0.1344,,0.53,0.0251,0.173,NOMINAL,NOMINAL,NORMAL,0,
1641992400.0,1786286287.5536277,1,0.9777,0.1333,,0.512,0.0236,0.17,NOMINAL,NOMINAL,NORMAL,0,
1641993300.0,1786286287.678585,1,0.9334,0.1305,,0.509,0.0235,0.168,NOMINAL,NOMINAL,NORMAL,0,
1641994200.0,1786286287.8035192,1,0.9171,0.1333,,0.478,0.0196,0.147,NOMINAL,NOMINAL,TRIGGERED,1,omni_p6
1641995100.0,1786286287.9296055,1,0.9389,0.1301,,0.538,0.0415,1.107,NOMINAL,PRE_ALERT,TRIGGERED,2,omni_p6
1641996000.0,1786286288.0546255,1,1.0217,0.1314,,0.535,0.0402,1.024,PRE_ALERT,NOMINAL,NORMAL,0,
1641996900.0,1786286288.1791008,1,1.048,0.1396,,0.674,0.0443,0.226,NOMINAL,NOMINAL,NORMAL,0,
1641997800.0,1786286288.3038242,1,1.0051,0.133,,0.59,0.0277,0.189,NOMINAL,NOMINAL,NORMAL,0,
1641998700.0,1786286288.4285362,1,0.8538,0.1192,,0.57,0.0262,0.18,NOMINAL,NOMINAL,NORMAL,0,
1641999600.0,1786286288.5535872,1,0.9196,0.126,,0.524,0.0259,0.17,NOMINAL,NOMINAL,NORMAL,0,
1642000500.0,1786286288.6786075,1,0.8925,0.1292,,0.538,0.0257,0.173,NOMINAL,NOMINAL,TRIGGERED,1,omni_p6
1642001400.0,1786286288.8035128,1,0.8795,0.1267,,0.504,0.0249,0.165,NOMINAL,NOMINAL,NORMAL,0,
1642002300.0,1786286288.9285104,1,0.885,0.1245,,0.482,0.0203,0.148,NOMINAL,NOMINAL,NORMAL,0,
1642003200.0,1786286289.0536578,1,0.9421,0.1254,,0.541,0.0261,0.175,NOMINAL,NOMINAL,NORMAL,0,
1642004100.0,1786286289.178634,1,0.9201,0.1268,,0.526,0.0257,0.172,NOMINAL,NOMINAL,NORMAL,0,
1642005000.0,1786286289.3041723,1,1.0886,0.1378,,0.684,0.0315,0.232,NOMINAL,NOMINAL,NORMAL,0,
1642005900.0,1786286289.4286747,1,0.9504,0.1273,,0.555,0.0264,0.172,NOMINAL,NOMINAL,NORMAL,0,
1642006800.0,1786286289.5546567,1,1.2191,0.151,,0.877,0.0342,0.232,NOMINAL,NOMINAL,NORMAL,0,
1642007700.0,1786286289.6797097,1,1.2124,0.1483,,0.824,0.0349,0.251,NOMINAL,NOMINAL,NORMAL,0,
1642008600.0,1786286289.803944,1,1.0628,0.1397,,0.586,0.0285,0.195,NOMINAL,NOMINAL,NORMAL,0,
1642009500.0,1786286289.9288092,1,0.9876,0.1328,,0.573,0.0259,0.178,NOMINAL,NOMINAL,NORMAL,0,
1642010400.0,1786286290.053876,1,1.0464,0.1341,,0.56,0.0276,0.188,NOMINAL,NOMINAL,NORMAL,0,
1642011300.0,1786286290.1795685,1,1.164,0.1473,,0.803,0.0313,0.221,NOMINAL,NOMINAL,NORMAL,0,
1642012200.0,1786286290.3043385,1,1.134,0.1435,,0.718,0.0325,0.242,NOMINAL,NOMINAL,NORMAL,0,
1642013100.0,1786286290.4288833,1,1.026,0.1341,,0.602,0.0277,0.191,NOMINAL,NOMINAL,NORMAL,0,
1642014000.0,1786286290.5537765,1,1.0139,0.1297,,0.545,0.0257,0.179,NOMINAL,NOMINAL,NORMAL,0,
1642014900.0,1786286290.6796558,1,1.1766,0.1483,,0.849,0.0347,0.23,NOMINAL,NOMINAL,NORMAL,0,
1642015800.0,1786286290.8038347,1,0.9941,0.1276,,0.61,0.0298,0.19,NOMINAL,NOMINAL,NORMAL,0,
1642016700.0,1786286290.928795,1,0.9919,0.1299,,0.573,0.0278,0.18,NOMINAL,NOMINAL,NORMAL,0,
1642017600.0,1786286291.0535607,1,0.9084,0.1176,,0.53,0.0265,0.176,NOMINAL,NOMINAL,NORMAL,0,
1642018500.0,1786286291.1783657,1,0.8373,0.1144,,0.45,0.0222,0.156,NOMINAL,NOMINAL,NORMAL,0,
1642019400.0,1786286291.3040957,1,1.0646,0.1362,,0.663,0.0299,0.203,NOMINAL,NOMINAL,NORMAL,0,
1642020300.0,1786286291.428481,1,0.8865,0.1239,,0.495,0.0214,0.158,NOMINAL,NOMINAL,NORMAL,0,
1642021200.0,1786286291.55352,1,0.8683,0.1225,,0.53,0.0239,0.172,NOMINAL,NOMINAL,TRIGGERED,1,omni_p6
1642022100.0,1786286291.6785731,1,0.8975,0.1231,,0.503,0.0247,0.164,NOMINAL,NOMINAL,NORMAL,0,
1642023000.0,1786286291.803404,1,0.7989,0.1174,,0.515,0.0242,0.17,NOMINAL,NOMINAL,NORMAL,0,
1642023900.0,1786286291.9286375,1,0.9022,0.1251,,0.55,0.0238,0.17,NOMINAL,NOMINAL,NORMAL,0,
1642024800.0,1786286292.0537376,1,0.9829,0.1308,,0.544,0.0256,0.176,NOMINAL,NOMINAL,NORMAL,0,
1642025700.0,1786286292.1785254,1,0.8562,0.1202,,0.528,0.025,0.177,NOMINAL,NOMINAL,NORMAL,0,
1642026600.0,1786286292.3039198,1,1.0088,0.1343,,0.627,0.0271,0.193,NOMINAL,NOMINAL,TRIGGERED,1,omni_p6
1642027500.0,1786286292.4296832,1,0.9643,0.1344,,0.597,0.0441,1.102,NOMINAL,PRE_ALERT,TRIGGERED,2,omni_p6
1642028400.0,1786286292.5545168,1,0.9562,0.1279,,0.54,0.0429,1.013,PRE_ALERT,NOMINAL,NORMAL,0,
1642029300.0,1786286292.678631,1,0.9181,0.1254,,0.52,0.0282,0.173,NOMINAL,NOMINAL,NORMAL,0,
1642030200.0,1786286292.8034666,1,0.851,0.1221,,0.505,0.0261,0.168,NOMINAL,NOMINAL,NORMAL,0,
1642031100.0,1786286292.9286237,1,0.9024,0.1262,,0.544,0.0254,0.171,NOMINAL,NOMINAL,NORMAL,0,
1642032000.0,1786286293.0543365,1,0.9856,0.1231,0.5391,0.547,0.0284,0.189,NOMINAL,NOMINAL,NORMAL,0,
1642032900.0,1786286293.1788766,1,1.0061,0.1353,,0.598,0.0276,0.188,NOMINAL,NOMINAL,TRIGGERED,1,omni_p6
1642033800.0,1786286293.3049667,1,1.0482,0.1369,,0.667,0.0482,1.137,NOMINAL,PRE_ALERT,TRIGGERED,2,omni_p6
1642034700.0,1786286293.4297538,1,1.0319,0.1368,,0.612,0.0446,1.045,PRE_ALERT,NOMINAL,NORMAL,0,
1642035600.0,1786286293.553869,1,1.0554,0.1314,,0.571,0.0283,0.187,NOMINAL,NOMINAL,NORMAL,0,
1642036500.0,1786286293.6786976,1,0.9436,0.1277,,0.574,0.0265,0.178,NOMINAL,NOMINAL,NORMAL,0,
1642037400.0,1786286293.803553,1,0.8917,0.1261,,0.533,0.0224,0.165,NOMINAL,NOMINAL,NORMAL,0,
1642038300.0,1786286293.9286418,1,0.9244,0.1236,,0.537,0.0243,0.171,NOMINAL,NOMINAL,NORMAL,0,
1642039200.0,1786286294.053898,1,1.0467,0.1344,,0.567,0.0269,0.188,NOMINAL,NOMINAL,TRIGGERED,1,omni_p6
1642040100.0,1786286294.1786702,1,0.9377,0.126,,0.538,0.0261,0.204,NOMINAL,NOMINAL,NORMAL,0,
1642041000.0,1786286294.3037474,1,0.9673,0.1274,,0.574,0.0274,0.179,NOMINAL,NOMINAL,NORMAL,0,
1642041900.0,1786286294.4290433,1,1.0347,0.1589,,0.664,0.0305,0.204,NOMINAL,NOMINAL,NORMAL,0,
1642042800.0,1786286294.5546782,1,1.2202,0.1478,,0.873,0.0475,0.254,NOMINAL,NOMINAL,NORMAL,0,
1642043700.0,1786286294.6796913,1,1.2227,0.1482,,0.848,0.0319,0.227,NOMINAL,NOMINAL,NORMAL,0,
1642044600.0,1786286294.8039956,1,1.0743,0.1395,,0.629,0.0307,0.214,NOMINAL,NOMINAL,NORMAL,0,
1642045500.0,1786286294.928826,1,0.9882,0.1328,,0.602,0.0263,0.186,NOMINAL,NOMINAL,TRIGGERED,1,omni_p6
1642046400.0,1786286295.0538151,1,1.0179,0.1309,,0.567,0.0276,0.185,NOMINAL,NOMINAL,NORMAL,0,
1642047300.0,1786286295.1787257,1,0.9639,0.1311,,0.561,0.0269,0.181,NOMINAL,NOMINAL,NORMAL,0,
1642048200.0,1786286295.3038108,1,1.0101,0.1296,,0.576,0.0266,0.187,NOMINAL,NOMINAL,NORMAL,0,
1642049100.0,1786286295.4290588,1,1.0662,0.1655,,0.647,0.0308,0.201,NOMINAL,NOMINAL,NORMAL,0,
1642050000.0,1786286295.5537825,1,0.9932,0.1343,,0.573,0.027,0.181,NOMINAL,NOMINAL,NORMAL,0,
1642050900.0,1786286295.6796482,1,1.1985,0.1497,,0.836,0.0342,0.226,NOMINAL,NOMINAL,NORMAL,0,
1642051800.0,1786286295.8039293,1,1.0441,0.1358,,0.606,0.0285,0.192,NOMINAL,NOMINAL,NORMAL,0,
1642052700.0,1786286295.9288208,1,0.9936,0.1295,,0.589,0.0275,0.184,NOMINAL,NOMINAL,NORMAL,0,
1642053600.0,1786286296.0541184,1,1.1542,0.1394,,0.624,0.032,0.21,NOMINAL,NOMINAL,NORMAL,0,
1642054500.0,1786286296.178894,1,1.0354,0.1402,,0.587,0.0299,0.197,NOMINAL,NOMINAL,NORMAL,0,
1642055400.0,1786286296.30389,1,1.0372,0.1392,,0.599,0.0298,0.195,NOMINAL,NOMINAL,NORMAL,0,
1642056300.0,1786286296.4291656,1,1.0999,0.169,,0.663,0.0321,0.212,NOMINAL,NOMINAL,NORMAL,0,
1642057200.0,1786286296.5539556,1,1.0962,0.1395,,0.605,0.0311,0.191,NOMINAL,NOMINAL,NORMAL,0,
1642058100.0,1786286296.678867,1,1.0162,0.138,,0.587,0.0306,0.192,NOMINAL,NOMINAL,NORMAL,0,
1642059000.0,1786286296.8036137,1,0.9109,0.127,,0.551,0.0255,0.176,NOMINAL,NOMINAL,NORMAL,0,
1642059900.0,1786286296.9287593,1,0.9812,0.1316,,0.572,0.0257,0.179,NOMINAL,NOMINAL,NORMAL,0,
1642060800.0,1786286297.0538013,1,1.0107,0.1344,,0.561,0.0283,0.184,NOMINAL,NOMINAL,NORMAL,0,
1642061700.0,1786286297.1787062,1,0.9714,0.1342,,0.541,0.0258,0.175,NOMINAL,NOMINAL,TRIGGERED,1,omni_p6
1642062600.0,1786286297.3037257,1,0.9527,0.131,,0.572,0.0282,0.178,NOMINAL,NOMINAL,NORMAL,0,
1642063500.0,1786286297.4289498,1,1.013,0.1338,,0.663,0.0302,0.197,NOMINAL,NOMINAL,NORMAL,0,
1642064400.0,1786286297.553795,1,1.0039,0.1364,,0.574,0.0291,0.185,NOMINAL,NOMINAL,NORMAL,0,
1642065300.0,1786286297.6786623,1,0.9223,0.1308,,0.556,0.0268,0.177,NOMINAL,NOMINAL,NORMAL,0,
1642066200.0,1786286297.8035367,1,0.8812,0.1249,,0.523,0.0232,0.167,NOMINAL,NOMINAL,NORMAL,0,
1642067100.0,1786286297.9286044,1,0.893,0.1265,,0.549,0.023,0.168,NOMINAL,NOMINAL,TRIGGERED,1,omni_p6
1642068000.0,1786286298.0547736,1,1.0284,0.1331,,0.581,0.0447,1.096,NOMINAL,PRE_ALERT,TRIGGERED,2,omni_p6
1642068900.0,1786286298.1795228,1,0.9579,0.1269,,0.54,0.0424,0.995,PRE_ALERT,NOMINAL,NORMAL,0,
1642069800.0,1786286298.3038392,1,0.9965,0.1307,,0.585,0.0284,0.188,NOMINAL,NOMINAL,NORMAL,0,
1642070700.0,1786286298.4289722,1,1.0407,0.163,,0.616,0.0293,0.195,NOMINAL,NOMINAL,NORMAL,0,
1642071600.0,1786286298.5537946,1,1.0037,0.1298,,0.571,0.026,0.18,NOMINAL,NOMINAL,NORMAL,0,
1642072500.0,1786286298.6786885,1,0.946,0.1324,,0.533,0.028,0.177,NOMINAL,NOMINAL,NORMAL,0,
1642073400.0,1786286298.803643,1,0.9213,0.1314,,0.557,0.0239,0.169,NOMINAL,NOMINAL,TRIGGERED,1,omni_p6
1642074300.0,1786286298.9285936,1,0.8951,0.1252,,0.543,0.0244,0.169,NOMINAL,NOMINAL,NORMAL,0,
1642075200.0,1786286299.0538332,1,1.0192,0.1361,,0.554,0.0278,0.197,NOMINAL,NOMINAL,NORMAL,0,
1642076100.0,1786286299.1786947,1,0.9484,0.1267,,0.542,0.0262,0.178,NOMINAL,NOMINAL,NORMAL,0,
1642077000.0,1786286299.3037567,1,0.9688,0.1283,,0.565,0.0275,0.187,NOMINAL,NOMINAL,NORMAL,0,
1642077900.0,1786286299.4287994,1,0.9697,0.1295,,0.607,0.0294,0.192,NOMINAL,NOMINAL,NORMAL,0,
1642078800.0,1786286299.5547059,1,1.224,0.1556,,0.882,0.0316,0.229,NOMINAL,NOMINAL,TRIGGERED,1,omni_p6
1642079700.0,1786286299.680681,1,1.2075,0.151,,0.866,0.0527,1.185,NOMINAL,PRE_ALERT,TRIGGERED,2,omni_p6
1642080600.0,1786286299.8048542,1,1.096,0.1392,,0.619,0.0442,1.052,PRE_ALERT,NOMINAL,NORMAL,0,
1642081500.0,1786286299.9287705,1,0.9651,0.1317,,0.589,0.0257,0.18,NOMINAL,NOMINAL,NORMAL,0,
1642082400.0,1786286300.053856,1,1.0669,0.1324,,0.558,0.0273,0.188,NOMINAL,NOMINAL,NORMAL,0,
1642083300.0,1786286300.1786687,1,0.9401,0.1296,,0.545,0.0266,0.181,NOMINAL,NOMINAL,NORMAL,0,
1642084200.0,1786286300.3037999,1,0.9919,0.1336,,0.579,0.0267,0.191,NOMINAL,NOMINAL,NORMAL,0,
1642085100.0,1786286300.4287984,1,0.9894,0.1344,,0.6,0.0253,0.181,NOMINAL,NOMINAL,TRIGGERED,1,omni_p6
1642086000.0,1786286300.5548968,1,1.0627,0.1395,,0.627,0.0484,1.131,NOMINAL,PRE_ALERT,TRIGGERED,2,omni_p6
1642086900.0,1786286300.6806529,1,1.2293,0.1546,,0.86,0.0545,1.151,PRE_ALERT,NOMINAL,NORMAL,0,
1642087800.0,1786286300.8039765,1,1.0717,0.1444,,0.623,0.0304,0.192,NOMINAL,NOMINAL,NORMAL,0,
1642088700.0,1786286300.928722,1,0.9598,0.1334,,0.572,0.026,0.182,NOMINAL,NOMINAL,NORMAL,0,
1642089600.0,1786286301.0538766,1,1.0431,0.1356,,0.585,0.0292,0.188,NOMINAL,NOMINAL,NORMAL,0,
1642090500.0,1786286301.17872,1,0.9676,0.1334,,0.543,0.0273,0.181,NOMINAL,NOMINAL,NORMAL,0,
1642091400.0,1786286301.304684,1,1.2098,0.1545,,0.854,0.0334,0.222,NOMINAL,NOMINAL,NORMAL,0,
1642092300.0,1786286301.4289684,1,1.0605,0.166,,0.609,0.0278,0.192,NOMINAL,NOMINAL,NORMAL,0,
1642093200.0,1786286301.5546079,1,1.2282,0.1499,,0.818,0.0328,0.222,NOMINAL,NOMINAL,NORMAL,0,
1642094100.0,1786286301.678932,1,1.0538,0.1446,,0.58,0.0302,0.194,NOMINAL,NOMINAL,NORMAL,0,
1642095000.0,1786286301.8036559,1,0.947,0.1317,,0.52,0.0266,0.178,NOMINAL,NOMINAL,NORMAL,0,
1642095900.0,1786286301.9286273,1,0.9108,0.1304,,0.541,0.0255,0.173,NOMINAL,NOMINAL,NORMAL,0,
1642096800.0,1786286302.0539896,1,1.0966,0.1398,,0.575,0.0279,0.191,NOMINAL,NOMINAL,NORMAL,0,
1642097700.0,1786286302.1787329,1,0.9816,0.1336,,0.537,0.0265,0.18,NOMINAL,NOMINAL,NORMAL,0,
1642098600.0,1786286302.3037345,1,0.9796,0.1318,,0.545,0.026,0.179,NOMINAL,NOMINAL,NORMAL,0,
1642099500.0,1786286302.42886,1,1.0038,0.1387,,0.611,0.0274,0.189,NOMINAL,NOMINAL,NORMAL,0,
1642100400.0,1786286302.5540335,1,1.0927,0.1414,,0.64,0.0289,0.194,NOMINAL,NOMINAL,NORMAL,0,
1642101300.0,1786286302.678816,1,0.9999,0.1324,,0.576,0.0275,0.186,NOMINAL,NOMINAL,NORMAL,0,
1642102200.0,1786286302.8036277,1,0.9287,0.1288,,0.537,0.025,0.172,NOMINAL,NOMINAL,NORMAL,0,
1642103100.0,1786286302.9286098,1,0.9258,0.1276,,0.516,0.0242,0.168,NOMINAL,NOMINAL,NORMAL,0,
1642104000.0,1786286303.0538707,1,1.0625,0.1349,,0.556,0.0277,0.185,NOMINAL,NOMINAL,NORMAL,0,
1642104900.0,1786286303.1787004,1,0.9612,0.1325,,0.538,0.0262,0.182,NOMINAL,NOMINAL,NORMAL,0,
1642105800.0,1786286303.3037136,1,0.9623,0.1357,,0.551,0.0267,0.182,NOMINAL,NOMINAL,TRIGGERED,1,omni_p6
1642106700.0,1786286303.428834,1,0.9964,0.1351,,0.606,0.0286,0.182,NOMINAL,NOMINAL,NORMAL,0,
1642107600.0,1786286303.5539472,1,1.0565,0.1392,,0.618,0.0306,0.196,NOMINAL,NOMINAL,NORMAL,0,
1642108500.0,1786286303.6788316,1,0.9945,0.1381,,0.599,0.0285,0.187,NOMINAL,NOMINAL,NORMAL,0,
1642109400.0,1786286303.803736,1,0.9686,0.1342,,0.561,0.0271,0.179,NOMINAL,NOMINAL,NORMAL,0,
1642110300.0,1786286303.9287083,1,0.9478,0.1287,,0.568,0.0253,0.18,NOMINAL,NOMINAL,NORMAL,0,
1642111200.0,1786286304.053838,1,1.0278,0.1357,,0.574,0.0274,0.184,NOMINAL,NOMINAL,NORMAL,0,
1642112100.0,1786286304.1788242,1,0.9919,0.1393,,0.576,0.0264,0.189,NOMINAL,NOMINAL,TRIGGERED,1,omni_p6
1642113000.0,1786286304.304794,1,1.0238,0.1367,,0.58,0.0435,1.136,NOMINAL,PRE_ALERT,TRIGGERED,2,omni_p6
1642113900.0,1786286304.4296858,1,1.0167,0.1357,,0.594,0.0444,1.025,PRE_ALERT,NOMINAL,NORMAL,0,
1642114800.0,1786286304.5546205,1,1.2317,0.1498,,0.837,0.0328,0.229,NOMINAL,NOMINAL,NORMAL,0,
1642115700.0,1786286304.6797607,1,1.2502,0.1556,,0.818,0.0366,0.243,NOMINAL,NOMINAL,NORMAL,0,
1642116600.0,1786286304.8039458,1,1.1023,0.1451,,0.546,0.0261,0.183,NOMINAL,NOMINAL,NORMAL,0,
1642117500.0,1786286304.9287667,1,1.0081,0.1337,,0.545,0.0219,0.168,NOMINAL,NOMINAL,NORMAL,0,
1642118400.0,1786286305.054577,1,1.0716,0.1344,0.6001,0.586,0.0271,0.198,NOMINAL,NOMINAL,TRIGGERED,1,omni_p6
1642119300.0,1786286305.1787813,1,1.0238,0.1385,,0.527,0.0239,0.173,NOMINAL,NOMINAL,NORMAL,0,
1642120200.0,1786286305.3038669,1,1.022,0.1371,,0.6,0.0268,0.187,NOMINAL,NOMINAL,NORMAL,0,
1642121100.0,1786286305.4288843,1,1.0218,0.1382,,0.614,0.027,0.187,NOMINAL,NOMINAL,NORMAL,0,
1642122000.0,1786286305.5539193,1,1.054,0.1355,,0.613,0.0275,0.19,NOMINAL,NOMINAL,NORMAL,0,
1642122900.0,1786286305.6797748,1,1.2246,0.1552,,0.885,0.034,0.239,NOMINAL,NOMINAL,NORMAL,0,
1642123800.0,1786286305.8040519,1,1.0891,0.1485,,0.653,0.0274,0.205,NOMINAL,NOMINAL,TRIGGERED,1,omni_p6
1642124700.0,1786286305.9297674,1,1.006,0.1396,,0.613,0.044,1.101,NOMINAL,PRE_ALERT,TRIGGERED,2,omni_p6
1642125600.0,1786286306.054615,1,1.011,0.1356,,0.543,0.0427,1.029,PRE_ALERT,NOMINAL,NORMAL,0,
1642126500.0,1786286306.1789207,1,1.0593,0.1367,,0.587,0.0288,0.187,NOMINAL,NOMINAL,NORMAL,0,
1642127400.0,1786286306.3039105,1,1.0311,0.1394,,0.602,0.0294,0.187,NOMINAL,NOMINAL,NORMAL,0,
1642128300.0,1786286306.4288352,1,1.0112,0.1373,,0.605,0.0268,0.181,NOMINAL,NOMINAL,NORMAL,0,
1642129200.0,1786286306.553763,1,1.0071,0.1335,,0.56,0.0266,0.177,NOMINAL,NOMINAL,NORMAL,0,
1642130100.0,1786286306.6789987,1,1.0339,0.1372,,0.656,0.0275,0.197,NOMINAL,NOMINAL,TRIGGERED,1,omni_p6
1642131000.0,1786286306.804643,1,0.9643,0.1363,,0.56,0.0422,1.103,NOMINAL,PRE_ALERT,TRIGGERED,2,omni_p6
1642131900.0,1786286306.9294994,1,0.9421,0.1308,,0.553,0.0409,0.992,PRE_ALERT,NOMINAL,NORMAL,0,
1642132800.0,1786286307.0537925,1,1.0311,0.1333,,0.542,0.0283,0.182,NOMINAL,NOMINAL,NORMAL,0,
1642133700.0,1786286307.1788323,1,1.0065,0.1341,,0.568,0.0263,0.179,NOMINAL,NOMINAL,NORMAL,0,
1642134600.0,1786286307.3038135,1,0.9786,0.1338,,0.605,0.0251,0.18,NOMINAL,NOMINAL,NORMAL,0,
1642135500.0,1786286307.4288085,1,1.0027,0.1395,,0.578,0.0266,0.181,NOMINAL,NOMINAL,NORMAL,0,
1642136400.0,1786286307.5537074,1,0.9773,0.1347,,0.55,0.0247,0.171,NOMINAL,NOMINAL,NORMAL,0,
1642137300.0,1786286307.6789176,1,1.0226,0.1412,,0.601,0.0284,0.188,NOMINAL,NOMINAL,NORMAL,0,
1642138200.0,1786286307.8037062,1,0.9553,0.1349,,0.564,0.025,0.18,NOMINAL,NOMINAL,NORMAL,0,
1642139100.0,1786286307.928652,1,0.9431,0.1345,,0.553,0.0244,0.168,NOMINAL,NOMINAL,NORMAL,0,
1642140000.0,1786286308.0538578,1,1.04,0.1388,,0.566,0.027,0.185,NOMINAL,NOMINAL,NORMAL,0,
1642140900.0,1786286308.1788533,1,1.0051,0.1389,,0.598,0.0277,0.183,NOMINAL,NOMINAL,NORMAL,0,
1642141800.0,1786286308.3037767,1,0.9816,0.1333,,0.574,0.0262,0.18,NOMINAL,NOMINAL,NORMAL,0,
1642142700.0,1786286308.42886,1,1.0035,0.1361,,0.612,0.0282,0.19,NOMINAL,NOMINAL,NORMAL,0,
1642143600.0,1786286308.5537477,1,0.9795,0.1363,,0.572,0.026,0.179,NOMINAL,NOMINAL,NORMAL,0,
1642144500.0,1786286308.678941,1,1.0233,0.1404,,0.621,0.0289,0.193,NOMINAL,NOMINAL,NORMAL,0,
1642145400.0,1786286308.803759,1,0.9805,0.1365,,0.571,0.0264,0.179,NOMINAL,NOMINAL,NORMAL,0,
1642146300.0,1786286308.928686,1,0.9694,0.1348,,0.54,0.0251,0.168,NOMINAL,NOMINAL,TRIGGERED,1,omni_p6
1642147200.0,1786286309.0536993,1,0.9789,0.1334,,0.531,0.028,0.177,NOMINAL,NOMINAL,NORMAL,0,
1642148100.0,1786286309.1787775,1,0.9778,0.1345,,0.565,0.0288,0.183,NOMINAL,NOMINAL,NORMAL,0,
1642149000.0,1786286309.3038595,1,1.0072,0.1364,,0.59,0.0293,0.192,NOMINAL,NOMINAL,NORMAL,0,
1642149900.0,1786286309.4287958,1,0.9792,0.1343,,0.591,0.0273,0.184,NOMINAL,NOMINAL,NORMAL,0,
1642150800.0,1786286309.5546284,1,1.2359,0.1524,,0.859,0.0327,0.232,NOMINAL,NOMINAL,NORMAL,0,
1642151700.0,1786286309.6799598,1,1.3007,0.1632,,0.929,0.0361,0.246,NOMINAL,NOMINAL,NORMAL,0,
1642152600.0,1786286309.8041966,1,1.1414,0.1505,,0.682,0.0288,0.239,NOMINAL,NOMINAL,TRIGGERED,1,omni_p6
1642153500.0,1786286309.928872,1,1.0116,0.1412,,0.627,0.0273,0.191,NOMINAL,NOMINAL,NORMAL,0,
1642154400.0,1786286310.0538046,1,1.0325,0.1391,,0.562,0.0278,0.188,NOMINAL,NOMINAL,NORMAL,0,
1642155300.0,1786286310.178836,1,1.004,0.1331,,0.59,0.0276,0.187,NOMINAL,NOMINAL,NORMAL,0,
1642156200.0,1786286310.3038316,1,1.0078,0.1351,,0.588,0.0284,0.19,NOMINAL,NOMINAL,NORMAL,0,
1642157100.0,1786286310.428811,1,0.993,0.1374,,0.601,0.0284,0.185,NOMINAL,NOMINAL,NORMAL,0,
1642158000.0,1786286310.5536656,1,0.9516,0.1348,,0.545,0.0249,0.176,NOMINAL,NOMINAL,TRIGGERED,1,omni_p6
1642158900.0,1786286310.6807542,1,1.2458,0.1595,,0.853,0.0526,1.206,NOMINAL,PRE_ALERT,TRIGGERED,2,omni_p6
1642159800.0,1786286310.8052356,1,1.169,0.1482,,0.732,0.0513,1.105,PRE_ALERT,NOMINAL,NORMAL,0,
1642160700.0,1786286310.928835,1,1.0204,0.1373,,0.592,0.027,0.189,NOMINAL,NOMINAL,NORMAL,0,
1642161600.0,1786286311.0537436,1,1.0271,0.1374,,0.524,0.0264,0.183,NOMINAL,NOMINAL,NORMAL,0,
1642162500.0,1786286311.1788013,1,0.9919,0.1339,,0.566,0.0274,0.187,NOMINAL,NOMINAL,NORMAL,0,
1642163400.0,1786286311.3038704,1,1.0359,0.1407,,0.583,0.0284,0.189,NOMINAL,NOMINAL,NORMAL,0,
1642164300.0,1786286311.428903,1,1.0421,0.1431,,0.569,0.0259,0.191,NOMINAL,NOMINAL,TRIGGERED,1,omni_p6
1642165200.0,1786286311.5547116,1,1.0131,0.1349,,0.579,0.0426,1.094,NOMINAL,PRE_ALERT,TRIGGERED,2,omni_p6
1642166100.0,1786286311.6795301,1,0.9522,0.1351,,0.54,0.0404,1.013,PRE_ALERT,NOMINAL,NORMAL,0,
1642167000.0,1786286311.8040814,1,1.0773,0.1433,,0.657,0.0295,0.196,NOMINAL,NOMINAL,NORMAL,0,
1642167900.0,1786286311.9287488,1,0.9745,0.1373,,0.571,0.0261,0.177,NOMINAL,NOMINAL,NORMAL,0,
1642168800.0,1786286312.0538187,1,1.0337,0.1357,,0.561,0.0281,0.186,NOMINAL,NOMINAL,NORMAL,0,
1642169700.0,1786286312.1787903,1,0.9875,0.1355,,0.581,0.0259,0.184,NOMINAL,NOMINAL,NORMAL,0,
1642170600.0,1786286312.30384,1,1.0197,0.1391,,0.587,0.0257,0.188,NOMINAL,NOMINAL,TRIGGERED,1,omni_p6
1642171500.0,1786286312.428724,1,0.9689,0.1344,,0.577,0.0278,0.181,NOMINAL,NOMINAL,NORMAL,0,
1642172400.0,1786286312.5538096,1,1.0211,0.1353,,0.577,0.0278,0.184,NOMINAL,NOMINAL,NORMAL,0,
1642173300.0,1786286312.6786811,1,0.942,0.1349,,0.55,0.0258,0.179,NOMINAL,NOMINAL,NORMAL,0,
1642174200.0,1786286312.803912,1,1.0206,0.1379,,0.623,0.029,0.198,NOMINAL,NOMINAL,NORMAL,0,
1642175100.0,1786286312.9286723,1,0.9532,0.133,,0.552,0.027,0.179,NOMINAL,NOMINAL,NORMAL,0,
1642176000.0,1786286313.053741,1,0.9862,0.1346,,0.555,0.0272,0.186,NOMINAL,NOMINAL,NORMAL,0,
1642176900.0,1786286313.1788034,1,0.9956,0.1372,,0.571,0.0251,0.184,NOMINAL,NOMINAL,TRIGGERED,1,omni_p6
1642177800.0,1786286313.3037834,1,0.9797,0.1368,,0.575,0.0283,0.183,NOMINAL,NOMINAL,NORMAL,0,
1642178700.0,1786286313.4287531,1,0.9858,0.1377,,0.575,0.0272,0.179,NOMINAL,NOMINAL,NORMAL,0,
1642179600.0,1786286313.5538483,1,1.0331,0.1336,,0.599,0.0265,0.18,NOMINAL,NOMINAL,NORMAL,0,
1642180500.0,1786286313.6787574,1,0.971,0.1357,,0.543,0.0266,0.205,NOMINAL,NOMINAL,NORMAL,0,
1642181400.0,1786286313.8039777,1,1.0439,0.1422,,0.637,0.0285,0.2,NOMINAL,NOMINAL,NORMAL,0,
1642182300.0,1786286313.928759,1,0.9653,0.136,,0.598,0.026,0.182,NOMINAL,NOMINAL,NORMAL,0,
1642183200.0,1786286314.0538316,1,1.0408,0.1381,,0.553,0.027,0.187,NOMINAL,NOMINAL,NORMAL,0,
1642184100.0,1786286314.1787672,1,0.9913,0.1325,,0.555,0.0252,0.184,NOMINAL,NOMINAL,NORMAL,0,
1642185000.0,1786286314.3038235,1,1.0119,0.1393,,0.571,0.0272,0.189,NOMINAL,NOMINAL,NORMAL,0,
1642185900.0,1786286314.4287832,1,0.9888,0.1358,,0.579,0.0276,0.184,NOMINAL,NOMINAL,NORMAL,0,
1642186800.0,1786286314.5546548,1,1.2672,0.1519,,0.868,0.0352,0.234,NOMINAL,NOMINAL,NORMAL,0,
1642187700.0,1786286314.6798134,1,1.2385,0.1564,,0.879,0.0345,0.236,NOMINAL,NOMINAL,NORMAL,0,
1642188600.0,1786286314.8042693,1,1.148,0.1502,,0.723,0.0534,0.24,NOMINAL,NOMINAL,NORMAL,0,
1642189500.0,1786286314.9288912,1,1.0289,0.1408,,0.625,0.0282,0.188,NOMINAL,NOMINAL,NORMAL,0,
1642190400.0,1786286315.0537477,1,0.9963,0.1357,,0.554,0.0288,0.193,NOMINAL,NOMINAL,NORMAL,0,
1642191300.0,1786286315.1787806,1,0.9771,0.1396,,0.576,0.0254,0.186,NOMINAL,NOMINAL,TRIGGERED,1,omni_p6
1642192200.0,1786286315.3038075,1,0.9921,0.1357,,0.579,0.026,0.189,NOMINAL,NOMINAL,NORMAL,0,
1642193100.0,1786286315.4287212,1,0.9533,0.1313,,0.578,0.0257,0.179,NOMINAL,NOMINAL,NORMAL,0,
1642194000.0,1786286315.5537896,1,0.9994,0.1336,,0.583,0.0258,0.179,NOMINAL,NOMINAL,NORMAL,0,
1642194900.0,1786286315.6798,1,1.26,0.1596,,0.887,0.0348,0.239,NOMINAL,NOMINAL,NORMAL,0,
1642195800.0,1786286315.804037,1,1.0818,0.1444,,0.653,0.0311,0.202,NOMINAL,NOMINAL,NORMAL,0,
1642196700.0,1786286315.929055,1,1.068,0.1711,,0.655,0.029,0.2,NOMINAL,NOMINAL,NORMAL,0,
1642197600.0,1786286316.0538144,1,1.0254,0.1379,,0.569,0.0265,0.191,NOMINAL,NOMINAL,TRIGGERED,1,omni_p6
1642198500.0,1786286316.178837,1,1.005,0.1371,,0.576,0.0292,0.196,NOMINAL,NOMINAL,NORMAL,0,
1642199400.0,1786286316.3039474,1,1.0465,0.1422,,0.614,0.0289,0.198,NOMINAL,NOMINAL,NORMAL,0,
1642200300.0,1786286316.4287653,1,0.9758,0.1371,,0.597,0.0266,0.185,NOMINAL,NOMINAL,NORMAL,0,
1642201200.0,1786286316.5539315,1,1.0772,0.1421,,0.594,0.0288,0.189,NOMINAL,NOMINAL,NORMAL,0,
1642202100.0,1786286316.678721,1,0.9716,0.1345,,0.528,0.0267,0.18,NOMINAL,NOMINAL,NORMAL,0,
1642203000.0,1786286316.803678,1,0.9482,0.1347,,0.543,0.0243,0.175,NOMINAL,NOMINAL,TRIGGERED,1,omni_p6
1642203900.0,1786286316.9299216,1,1.0284,0.174,,0.629,0.0463,1.122,NOMINAL,PRE_ALERT,TRIGGERED,2,omni_p6
1642204800.0,1786286317.0554225,1,1.0465,0.1293,0.6004,0.57,0.0463,1.098,PRE_ALERT,NOMINAL,NORMAL,0,
1642205700.0,1786286317.1789236,1,1.0465,0.1397,,0.596,0.03,0.195,NOMINAL,NOMINAL,NORMAL,0,
1642206600.0,1786286317.3039227,1,1.0375,0.1399,,0.614,0.0296,0.198,NOMINAL,NOMINAL,NORMAL,0,
1642207500.0,1786286317.4289098,1,1.0253,0.1412,,0.615,0.0286,0.198,NOMINAL,NOMINAL,NORMAL,0,
1642208400.0,1786286317.553999,1,1.0849,0.1411,,0.623,0.0297,0.198,NOMINAL,NOMINAL,NORMAL,0,
1642209300.0,1786286317.6787534,1,0.9691,0.1378,,0.564,0.0256,0.18,NOMINAL,NOMINAL,TRIGGERED,1,omni_p6
1642210200.0,1786286317.8046129,1,0.9322,0.1357,,0.546,0.0412,1.119,NOMINAL,PRE_ALERT,TRIGGERED,2,omni_p6
1642211100.0,1786286317.9299235,1,1.0881,0.1733,,0.614,0.0457,1.07,PRE_ALERT,NOMINAL,NORMAL,0,
1642212000.0,1786286318.0538607,1,1.0486,0.1358,,0.566,0.0282,0.194,NOMINAL,NOMINAL,NORMAL,0,
1642212900.0,1786286318.1788871,1,1.0446,0.1409,,0.576,0.0287,0.192,NOMINAL,NOMINAL,NORMAL,0,
1642213800.0,1786286318.3038359,1,1.019,0.1374,,0.578,0.0288,0.187,NOMINAL,NOMINAL,NORMAL,0,
1642214700.0,1786286318.4287434,1,0.9885,0.1361,,0.56,0.0262,0.177,NOMINAL,NOMINAL,NORMAL,0,
1642215600.0,1786286318.5538733,1,1.0353,0.1397,,0.577,0.025,0.214,NOMINAL,NOMINAL,TRIGGERED,1,omni_p6
1642216500.0,1786286318.6787405,1,0.9775,0.1342,,0.547,0.0251,0.179,NOMINAL,NOMINAL,NORMAL,0,
1642217400.0,1786286318.8037386,1,0.9687,0.1325,,0.553,0.0246,0.179,NOMINAL,NOMINAL,NORMAL,0,
1642218300.0,1786286318.9289727,1,1.0292,0.1621,,0.626,0.0289,0.195,NOMINAL,NOMINAL,NORMAL,0,
1642219200.0,1786286319.0537949,1,1.0242,0.1359,,0.554,0.0265,0.187,NOMINAL,NOMINAL,NORMAL,0,
1642220100.0,1786286319.178884,1,1.0258,0.1407,,0.584,0.0268,0.19,NOMINAL,NOMINAL,NORMAL,0,
1642221000.0,1786286319.3039541,1,1.1373,0.1366,,0.573,0.0269,0.192,NOMINAL,NOMINAL,NORMAL,0,
1642221900.0,1786286319.4287426,1,0.9793,0.1343,,0.57,0.0278,0.186,NOMINAL,NOMINAL,NORMAL,0,
1642222800.0,1786286319.5547886,1,1.2698,0.1533,,0.898,0.0338,0.235,NOMINAL,NOMINAL,NORMAL,0,
1642223700.0,1786286319.6796615,1,1.213,0.1506,,0.822,0.0343,0.233,NOMINAL,NOMINAL,NORMAL,0,
1642224600.0,1786286319.803757,1,0.9841,0.1266,,0.559,0.03,0.198,NOMINAL,NOMINAL,NORMAL,0,
1642225500.0,1786286319.928889,1,1.0139,0.131,,0.612,0.0282,0.19,NOMINAL,NOMINAL,NORMAL,0,
1642226400.0,1786286320.0537298,1,0.9989,0.1316,,0.528,0.0266,0.183,NOMINAL,NOMINAL,NORMAL,0,
1642227300.0,1786286320.1792893,1,1.1606,0.1446,,0.704,0.0333,0.214,NOMINAL,NOMINAL,NORMAL,0,
1642228200.0,1786286320.3039494,1,1.0591,0.1377,,0.613,0.0317,0.198,NOMINAL,NOMINAL,NORMAL,0,
1642229100.0,1786286320.4288814,1,1.029,0.1342,,0.601,0.0294,0.192,NOMINAL,NOMINAL,NORMAL,0,
1642230000.0,1786286320.5538461,1,1.0332,0.1335,,0.557,0.027,0.181,NOMINAL,NOMINAL,NORMAL,0,
1642230900.0,1786286320.6796422,1,1.1874,0.1511,,0.838,0.0348,0.234,NOMINAL,NOMINAL,NORMAL,0,
1642231800.0,1786286320.8037977,1,0.9756,0.1277,,0.608,0.0286,0.196,NOMINAL,NOMINAL,TRIGGERED,1,omni_p6
1642232700.0,1786286320.9286478,1,0.9067,0.1211,,0.566,0.0294,0.184,NOMINAL,NOMINAL,NORMAL,0,
1642233600.0,1786286321.0538297,1,1.0395,0.133,,0.551,0.0292,0.191,NOMINAL,NOMINAL,NORMAL,0,
1642234500.0,1786286321.17924,1,1.1306,0.1436,,0.715,0.0316,0.21,NOMINAL,NOMINAL,NORMAL,0,
1642235400.0,1786286321.3039846,1,1.0422,0.1349,,0.64,0.0296,0.201,NOMINAL,NOMINAL,NORMAL,0,
1642236300.0,1786286321.4287648,1,0.9674,0.1313,,0.587,0.026,0.186,NOMINAL,NOMINAL,NORMAL,0,
1642237200.0,1786286321.5538266,1,1.0065,0.1328,,0.584,0.0247,0.182,NOMINAL,NOMINAL,TRIGGERED,1,omni_p6
1642238100.0,1786286321.6795099,1,0.9096,0.1279,,0.525,0.0395,1.082,NOMINAL,PRE_ALERT,TRIGGERED,2,omni_p6
1642239000.0,1786286321.8043969,1,0.8865,0.124,,0.518,0.0397,1.02,PRE_ALERT,NOMINAL,NORMAL,0,
1642239900.0,1786286321.928541,1,0.8707,0.1232,,0.53,0.0238,0.16,NOMINAL,NOMINAL,NORMAL,0,
1642240800.0,1786286322.0538657,1,1.0291,0.1306,,0.588,0.0285,0.19,NOMINAL,NOMINAL,NORMAL,0,
1642241700.0,1786286322.1789436,1,1.052,0.1382,,0.602,0.0281,0.193,NOMINAL,NOMINAL,NORMAL,0,
1642242600.0,1786286322.3038619,1,1.0076,0.1333,,0.593,0.0261,0.19,NOMINAL,NOMINAL,NORMAL,0,
1642243500.0,1786286322.4287357,1,0.9732,0.1308,,0.572,0.0239,0.176,NOMINAL,NOMINAL,TRIGGERED,1,omni_p6
1642244400.0,1786286322.5546844,1,0.9947,0.1345,,0.562,0.0413,1.09,NOMINAL,PRE_ALERT,TRIGGERED,2,omni_p6
1642245300.0,1786286322.6794589,1,0.9403,0.1299,,0.512,0.0395,0.988,PRE_ALERT,NOMINAL,NORMAL,0,
1642246200.0,1786286322.803587,1,0.9079,0.1253,,0.509,0.0248,0.167,NOMINAL,NOMINAL,NORMAL,0,
1642247100.0,1786286322.9285374,1,0.8704,0.124,,0.528,0.0243,0.163,NOMINAL,NOMINAL,NORMAL,0,
1642248000.0,1786286323.0539265,1,1.0331,0.1373,,0.593,0.0295,0.197,NOMINAL,NOMINAL,NORMAL,0,
1642248900.0,1786286323.1789024,1,1.0002,0.1337,,0.619,0.0294,0.196,NOMINAL,NOMINAL,NORMAL,0,
1642249800.0,1786286323.3038392,1,0.9959,0.1359,,0.582,0.0254,0.187,NOMINAL,NOMINAL,TRIGGERED,1,omni_p6
1642250700.0,1786286323.4287639,1,0.9812,0.1319,,0.568,0.0267,0.18,NOMINAL,NOMINAL,NORMAL,0,
1642251600.0,1786286323.553852,1,1.0304,0.1357,,0.586,0.0275,0.186,NOMINAL,NOMINAL,NORMAL,0,
1642252500.0,1786286323.678664,1,0.9198,0.1267,,0.56,0.0245,0.17,NOMINAL,NOMINAL,NORMAL,0,
1642253400.0,1786286323.8035824,1,0.8969,0.1241,,0.538,0.0252,0.168,NOMINAL,NOMINAL,NORMAL,0,
1642254300.0,1786286323.9287002,1,0.9347,0.1269,,0.566,0.0244,0.176,NOMINAL,NOMINAL,NORMAL,0,
1642255200.0,1786286324.0537999,1,1.0123,0.1339,,0.563,0.0252,0.186,NOMINAL,NOMINAL,TRIGGERED,1,omni_p6
1642256100.0,1786286324.179577,1,0.94,0.1305,,0.548,0.0428,1.075,NOMINAL,PRE_ALERT,TRIGGERED,2,omni_p6
1642257000.0,1786286324.3046582,1,0.9656,0.129,,0.574,0.0438,1.083,PRE_ALERT,NOMINAL,NORMAL,0,
1642257900.0,1786286324.4287908,1,0.9803,0.1312,,0.593,0.0258,0.178,NOMINAL,NOMINAL,NORMAL,0,
1642258800.0,1786286324.5545068,1,1.1753,0.1542,,0.845,0.0369,0.232,NOMINAL,NOMINAL,NORMAL,0,
1642259700.0,1786286324.67969,1,1.1982,0.1566,,0.87,0.0347,0.23,NOMINAL,NOMINAL,NORMAL,0,
1642260600.0,1786286324.8040686,1,1.0862,0.1406,,0.653,0.0312,0.203,NOMINAL,NOMINAL,NORMAL,0,
1642261500.0,1786286324.9287336,1,0.9637,0.1309,,0.582,0.0246,0.176,NOMINAL,NOMINAL,TRIGGERED,1,omni_p6
1642262400.0,1786286325.053815,1,1.0013,0.1295,,0.587,0.0284,0.186,NOMINAL,NOMINAL,NORMAL,0,
1642263300.0,1786286325.1787534,1,0.9729,0.1311,,0.572,0.0273,0.184,NOMINAL,NOMINAL,NORMAL,0,
1642264200.0,1786286325.3037357,1,0.9638,0.1288,,0.565,0.0279,0.187,NOMINAL,NOMINAL,NORMAL,0,
1642265100.0,1786286325.4287405,1,0.9565,0.127,,0.581,0.0276,0.179,NOMINAL,NOMINAL,NORMAL,0,
1642266000.0,1786286325.5537732,1,0.98,0.1314,,0.563,0.0268,0.179,NOMINAL,NOMINAL,NORMAL,0,
1642266900.0,1786286325.6796017,1,1.1907,0.1461,,0.799,0.0352,0.229,NOMINAL,NOMINAL,NORMAL,0,
1642267800.0,1786286325.8039348,1,1.0473,0.1381,,0.614,0.0298,0.191,NOMINAL,NOMINAL,NORMAL,0,
1642268700.0,1786286325.9286501,1,0.9343,0.1271,,0.552,0.0258,0.173,NOMINAL,NOMINAL,NORMAL,0,
1642269600.0,1786286326.053614,1,0.9411,0.13,,0.505,0.025,0.189,NOMINAL,NOMINAL,NORMAL,0,
1642270500.0,1786286326.1790118,1,1.0352,0.1381,,0.644,0.0299,0.199,NOMINAL,NOMINAL,NORMAL,0,
1642271400.0,1786286326.303981,1,1.0327,0.1384,,0.638,0.0303,0.2,NOMINAL,NOMINAL,NORMAL,0,
1642272300.0,1786286326.4289339,1,1.0324,0.1373,,0.597,0.0284,0.194,NOMINAL,NOMINAL,NORMAL,0,
1642273200.0,1786286326.5539112,1,1.0624,0.1338,,0.594,0.0295,0.193,NOMINAL,NOMINAL,NORMAL,0,
1642274100.0,1786286326.6787002,1,0.9458,0.1315,,0.544,0.0262,0.176,NOMINAL,NOMINAL,NORMAL,0,
1642275000.0,1786286326.803591,1,0.9225,0.123,,0.532,0.0242,0.168,NOMINAL,NOMINAL,NORMAL,0,
1642275900.0,1786286326.928567,1,0.8753,0.126,,0.542,0.0231,0.166,NOMINAL,NOMINAL,NORMAL,0,
1642276800.0,1786286327.0534854,1,0.8848,0.1278,,0.491,0.0237,0.164,NOMINAL,NOMINAL,NORMAL,0,
1642277700.0,1786286327.1790192,1,1.0172,0.1381,,0.664,0.0302,0.204,NOMINAL,NOMINAL,NORMAL,0,
1642278600.0,1786286327.30387,1,0.9922,0.1334,,0.613,0.0286,0.2,NOMINAL,NOMINAL,NORMAL,0,
1642279500.0,1786286327.4288056,1,0.9709,0.1328,,0.604,0.0275,0.188,NOMINAL,NOMINAL,NORMAL,0,
1642280400.0,1786286327.5537825,1,0.9976,0.1332,,0.584,0.0281,0.19,NOMINAL,NOMINAL,NORMAL,0,
1642281300.0,1786286327.6786032,1,0.9107,0.1276,,0.538,0.023,0.171,NOMINAL,NOMINAL,NORMAL,0,
1642282200.0,1786286327.80339,1,0.8072,0.1196,,0.504,0.0215,0.164,NOMINAL,NOMINAL,TRIGGERED,1,omni_p6
1642283100.0,1786286327.9294484,1,0.854,0.1269,,0.542,0.0395,1.079,NOMINAL,PRE_ALERT,TRIGGERED,2,omni_p6
1642284000.0,1786286328.0544248,1,0.9108,0.1271,,0.518,0.0399,1.013,PRE_ALERT,NOMINAL,NORMAL,0,
1642284900.0,1786286328.179613,1,1.1881,0.1484,,0.825,0.0322,0.223,NOMINAL,NOMINAL,NORMAL,0,
1642285800.0,1786286328.3040166,1,1.0484,0.1381,,0.647,0.0276,0.204,NOMINAL,NOMINAL,NORMAL,0,
1642286700.0,1786286328.4289122,1,1.0321,0.1339,,0.621,0.0268,0.189,NOMINAL,NOMINAL,NORMAL,0,
1642287600.0,1786286328.5538468,1,1.016,0.1324,,0.596,0.0278,0.19,NOMINAL,NOMINAL,NORMAL,0,
1642288500.0,1786286328.6787186,1,0.9633,0.1313,,0.547,0.0251,0.177,NOMINAL,NOMINAL,TRIGGERED,1,omni_p6
1642289400.0,1786286328.804543,1,0.9114,0.1286,,0.529,0.0412,1.101,NOMINAL,PRE_ALERT,TRIGGERED,2,omni_p6
1642290300.0,1786286328.929499,1,0.9242,0.127,,0.555,0.0392,1.009,PRE_ALERT,NOMINAL,NORMAL,0,
1642291200.0,1786286329.0544224,1,0.985,0.1283,0.6158,0.555,0.0275,0.188,NOMINAL,NOMINAL,NORMAL,0,
1642292100.0,1786286329.179149,1,1.0801,0.1445,,0.698,0.0324,0.211,NOMINAL,NOMINAL,NORMAL,0,
1642293000.0,1786286329.303931,1,1.0401,0.1335,,0.618,0.0287,0.197,NOMINAL,NOMINAL,NORMAL,0,
1642293900.0,1786286329.4288986,1,1.0242,0.1387,,0.602,0.0254,0.194,NOMINAL,NOMINAL,TRIGGERED,1,omni_p6
1642294800.0,1786286329.5556035,1,1.232,0.1552,,0.876,0.0528,1.154,NOMINAL,PRE_ALERT,TRIGGERED,2,omni_p6
1642295700.0,1786286329.6806324,1,1.2007,0.1494,,0.866,0.0513,1.174,PRE_ALERT,NOMINAL,NORMAL,0,
1642296600.0,1786286329.8040907,1,1.1087,0.138,,0.65,0.029,0.197,NOMINAL,NOMINAL,NORMAL,0,
1642297500.0,1786286329.9289565,1,1.0472,0.1584,,0.585,0.0285,0.189,NOMINAL,NOMINAL,NORMAL,0,
1642298400.0,1786286330.0537236,1,1.0019,0.134,,0.521,0.0271,0.184,NOMINAL,NOMINAL,NORMAL,0,
1642299300.0,1786286330.1789825,1,1.0353,0.1365,,0.632,0.0291,0.203,NOMINAL,NOMINAL,NORMAL,0,
1642300200.0,1786286330.3039055,1,1.0045,0.1334,,0.634,0.028,0.193,NOMINAL,NOMINAL,TRIGGERED,1,omni_p6
1642301100.0,1786286330.4297953,1,1.0014,0.1386,,0.613,0.0436,1.112,NOMINAL,PRE_ALERT,TRIGGERED,2,omni_p6
1642302000.0,1786286330.5546389,1,1.0109,0.1354,,0.558,0.0426,1.017,PRE_ALERT,NOMINAL,NORMAL,0,
1642302900.0,1786286330.6796882,1,1.1913,0.152,,0.864,0.0357,0.229,NOMINAL,NOMINAL,NORMAL,0,
1642303800.0,1786286330.804006,1,1.0645,0.1386,,0.64,0.0294,0.197,NOMINAL,NOMINAL,NORMAL,0,
1642304700.0,1786286330.9288268,1,0.9884,0.1308,,0.597,0.0282,0.185,NOMINAL,NOMINAL,NORMAL,0,
1642305600.0,1786286331.0536797,1,0.9776,0.1286,,0.528,0.027,0.178,NOMINAL,NOMINAL,NORMAL,0,
1642306500.0,1786286331.1787412,1,0.9651,0.1301,,0.555,0.0265,0.177,NOMINAL,NOMINAL,NORMAL,0,
1642307400.0,1786286331.3042164,1,1.1179,0.1419,,0.68,0.0314,0.241,NOMINAL,NOMINAL,TRIGGERED,1,omni_p6
1642308300.0,1786286331.4289503,1,1.0423,0.167,,0.589,0.0282,0.194,NOMINAL,NOMINAL,NORMAL,0,
1642309200.0,1786286331.5538256,1,1.0179,0.1336,,0.571,0.0259,0.184,NOMINAL,NOMINAL,NORMAL,0,
1642310100.0,1786286331.6788125,1,0.9936,0.1325,,0.571,0.0272,0.189,NOMINAL,NOMINAL,NORMAL,0,
1642311000.0,1786286331.8036745,1,0.952,0.1285,,0.529,0.0255,0.176,NOMINAL,NOMINAL,NORMAL,0,
1642311900.0,1786286331.9286344,1,0.9176,0.126,,0.542,0.0246,0.172,NOMINAL,NOMINAL,NORMAL,0,
1642312800.0,1786286332.0537198,1,0.9821,0.1332,,0.529,0.0265,0.181,NOMINAL,NOMINAL,NORMAL,0,
1642313700.0,1786286332.178677,1,0.9426,0.1316,,0.535,0.0254,0.174,NOMINAL,NOMINAL,NORMAL,0,
1642314600.0,1786286332.3040748,1,1.0662,0.1387,,0.658,0.0299,0.202,NOMINAL,NOMINAL,NORMAL,0,
1642315500.0,1786286332.4290996,1,1.1114,0.1686,,0.619,0.03,0.203,NOMINAL,NOMINAL,NORMAL,0,
1642316400.0,1786286332.553844,1,1.0487,0.1419,,0.571,0.0282,0.185,NOMINAL,NOMINAL,NORMAL,0,
1642317300.0,1786286332.678815,1,0.9899,0.1342,,0.591,0.0283,0.188,NOMINAL,NOMINAL,NORMAL,0,
1642318200.0,1786286332.8036852,1,0.9457,0.1318,,0.549,0.0244,0.179,NOMINAL,NOMINAL,NORMAL,0,
1642319100.0,1786286332.928685,1,0.9401,0.1327,,0.544,0.0255,0.175,NOMINAL,NOMINAL,NORMAL,0,
1642320000.0,1786286333.0536327,1,0.9679,0.1337,,0.5,0.0239,0.175,NOMINAL,NOMINAL,NORMAL,0,
1642320900.0,1786286333.178721,1,0.9607,0.1349,,0.537,0.0261,0.181,NOMINAL,NOMINAL,NORMAL,0,
1642321800.0,1786286333.304188,1,1.0959,0.1443,,0.692,0.034,0.233,NOMINAL,NOMINAL,NORMAL,0,
1642322700.0,1786286333.4290001,1,1.0498,0.1746,,0.628,0.0292,0.201,NOMINAL,NOMINAL,TRIGGERED,1,omni_p6
1642323600.0,1786286333.5537696,1,0.9847,0.1375,,0.579,0.0289,0.187,NOMINAL,NOMINAL,NORMAL,0,
1642324500.0,1786286333.6787944,1,0.9591,0.1357,,0.593,0.0299,0.189,NOMINAL,NOMINAL,NORMAL,0,
1642325400.0,1786286333.8038528,1,0.993,0.1353,,0.604,0.0286,0.195,NOMINAL,NOMINAL,NORMAL,0,
1642326300.0,1786286333.9287834,1,0.9668,0.1338,,0.595,0.0274,0.189,NOMINAL,NOMINAL,NORMAL,0,
1642327200.0,1786286334.0536613,1,0.957,0.1302,,0.533,0.0261,0.185,NOMINAL,NOMINAL,NORMAL,0,
1642328100.0,1786286334.1787465,1,0.9636,0.1301,,0.562,0.029,0.188,NOMINAL,NOMINAL,NORMAL,0,
1642329000.0,1786286334.3039842,1,1.0492,0.139,,0.635,0.027,0.193,NOMINAL,NOMINAL,TRIGGERED,1,omni_p6
1642329900.0,1786286334.428858,1,1.0074,0.133,,0.608,0.0292,0.19,NOMINAL,NOMINAL,NORMAL,0,
1642330800.0,1786286334.5545776,1,1.2023,0.1505,,0.862,0.0331,0.235,NOMINAL,NOMINAL,NORMAL,0,
1642331700.0,1786286334.6796846,1,1.2093,0.1529,,0.83,0.0345,0.233,NOMINAL,NOMINAL,NORMAL,0,
1642332600.0,1786286334.8041687,1,1.1143,0.1459,,0.661,0.0308,0.23,NOMINAL,NOMINAL,NORMAL,0,
1642333500.0,1786286334.9288597,1,1.0172,0.1333,,0.585,0.0271,0.186,NOMINAL,NOMINAL,NORMAL,0,
1642334400.0,1786286335.0536335,1,0.992,0.1328,,0.462,0.0247,0.177,NOMINAL,NOMINAL,TRIGGERED,1,omni_p6
1642335300.0,1786286335.1796772,1,0.9796,0.1295,,0.543,0.0434,1.098,NOMINAL,PRE_ALERT,TRIGGERED,2,omni_p6
1642336200.0,1786286335.3049743,1,1.0673,0.1398,,0.654,0.0492,1.109,PRE_ALERT,NOMINAL,NORMAL,0,
1642337100.0,1786286335.4289825,1,1.0679,0.1692,,0.586,0.0291,0.196,NOMINAL,NOMINAL,NORMAL,0,
1642338000.0,1786286335.553854,1,1.0536,0.1339,,0.556,0.0266,0.185,NOMINAL,NOMINAL,NORMAL,0,
1642338900.0,1786286335.6797028,1,1.2127,0.1505,,0.868,0.034,0.233,NOMINAL,NOMINAL,NORMAL,0,
1642339800.0,1786286335.8041852,1,1.1486,0.1422,,0.668,0.0298,0.233,NOMINAL,NOMINAL,NORMAL,0,
1642340700.0,1786286335.9288187,1,0.9959,0.1347,,0.569,0.027,0.192,NOMINAL,NOMINAL,TRIGGERED,1,omni_p6
1642341600.0,1786286336.0545328,1,0.9533,0.1301,,0.503,0.0421,1.086,NOMINAL,PRE_ALERT,TRIGGERED,2,omni_p6
1642342500.0,1786286336.1795287,1,0.9505,0.1319,,0.536,0.0422,1.006,PRE_ALERT,NOMINAL,NORMAL,0,
1642343400.0,1786286336.304274,1,1.117,0.1474,,0.715,0.0597,0.251,NOMINAL,NOMINAL,NORMAL,0,
1642344300.0,1786286336.428951,1,1.0437,0.1382,,0.611,0.0298,0.196,NOMINAL,NOMINAL,NORMAL,0,
1642345200.0,1786286336.5539188,1,1.0646,0.1362,,0.603,0.03,0.196,NOMINAL,NOMINAL,NORMAL,0,
1642346100.0,1786286336.6788,1,0.9886,0.135,,0.603,0.0287,0.189,NOMINAL,NOMINAL,NORMAL,0,
1642347000.0,1786286336.8037322,1,0.978,0.131,,0.555,0.0246,0.182,NOMINAL,NOMINAL,TRIGGERED,1,omni_p6
1642347900.0,1786286336.928655,1,0.9181,0.1282,,0.557,0.0254,0.179,NOMINAL,NOMINAL,NORMAL,0,
1642348800.0,1786286337.0535893,1,0.9431,0.1282,,0.507,0.0249,0.174,NOMINAL,NOMINAL,NORMAL,0,
1642349700.0,1786286337.1786246,1,0.9236,0.1279,,0.519,0.0249,0.172,NOMINAL,NOMINAL,NORMAL,0,
1642350600.0,1786286337.3036876,1,0.9406,0.1307,,0.54,0.0275,0.18,NOMINAL,NOMINAL,NORMAL,0,
1642351500.0,1786286337.4290202,1,1.0281,0.1734,,0.646,0.0293,0.198,NOMINAL,NOMINAL,NORMAL,0,
1642352400.0,1786286337.553944,1,1.0662,0.1378,,0.602,0.0276,0.191,NOMINAL,NOMINAL,NORMAL,0,
1642353300.0,1786286337.678731,1,0.9757,0.1305,,0.54,0.0266,0.188,NOMINAL,NOMINAL,NORMAL,0,
1642354200.0,1786286337.8037,1,0.9573,0.13,,0.543,0.0266,0.181,NOMINAL,NOMINAL,NORMAL,0,
1642355100.0,1786286337.9286354,1,0.9168,0.1269,,0.543,0.0254,0.177,NOMINAL,NOMINAL,NORMAL,0,
1642356000.0,1786286338.0536416,1,0.9522,0.1336,,0.51,0.0267,0.184,NOMINAL,NOMINAL,NORMAL,0,
1642356900.0,1786286338.178664,1,0.9337,0.1291,,0.54,0.0263,0.182,NOMINAL,NOMINAL,NORMAL,0,
1642357800.0,1786286338.303695,1,0.9497,0.1292,,0.558,0.0265,0.18,NOMINAL,NOMINAL,NORMAL,0,
1642358700.0,1786286338.4290793,1,1.04,0.1648,,0.688,0.0326,0.216,NOMINAL,NOMINAL,NORMAL,0,
1642359600.0,1786286338.5539038,1,1.0562,0.1343,,0.599,0.0294,0.193,NOMINAL,NOMINAL,NORMAL,0,
1642360500.0,1786286338.6787486,1,0.9787,0.1324,,0.571,0.0272,0.183,NOMINAL,NOMINAL,NORMAL,0,
1642361400.0,1786286338.8038125,1,0.9814,0.1313,,0.616,0.0283,0.191,NOMINAL,NOMINAL,NORMAL,0,
1642362300.0,1786286338.928649,1,0.9223,0.1265,,0.547,0.0255,0.172,NOMINAL,NOMINAL,NORMAL,0,
1642363200.0,1786286339.0535219,1,0.9159,0.126,,0.486,0.0242,0.167,NOMINAL,NOMINAL,NORMAL,0,
1642364100.0,1786286339.1785269,1,0.8923,0.1249,,0.501,0.0249,0.162,NOMINAL,NOMINAL,NORMAL,0,
1642365000.0,1786286339.3038611,1,0.9785,0.1349,,0.623,0.0288,0.188,NOMINAL,NOMINAL,NORMAL,0,
1642365900.0,1786286339.4290006,1,1.0295,0.163,,0.646,0.031,0.2,NOMINAL,NOMINAL,NORMAL,0,
1642366800.0,1786286339.5545845,1,1.2108,0.1504,,0.859,0.0355,0.237,NOMINAL,NOMINAL,NORMAL,0,
1642367700.0,1786286339.6797054,1,1.2028,0.1516,,0.866,0.0321,0.242,NOMINAL,NOMINAL,TRIGGERED,1,omni_p6
1642368600.0,1786286339.8039315,1,1.071,0.1428,,0.592,0.0292,0.193,NOMINAL,NOMINAL,NORMAL,0,
1642369500.0,1786286339.9288425,1,1.0048,0.1341,,0.593,0.026,0.184,NOMINAL,NOMINAL,NORMAL,0,
1642370400.0,1786286340.05426,1,1.1622,0.1466,,0.674,0.0303,0.213,NOMINAL,NOMINAL,NORMAL,0,
1642371300.0,1786286340.1788697,1,1.0382,0.1357,,0.576,0.0278,0.188,NOMINAL,NOMINAL,NORMAL,0,
1642372200.0,1786286340.303788,1,1.023,0.1346,,0.549,0.0283,0.182,NOMINAL,NOMINAL,NORMAL,0,
1642373100.0,1786286340.4289503,1,1.0249,0.1377,,0.664,0.0271,0.191,NOMINAL,NOMINAL,TRIGGERED,1,omni_p6
1642374000.0,1786286340.5547996,1,1.0405,0.1371,,0.589,0.045,1.108,NOMINAL,PRE_ALERT,TRIGGERED,2,omni_p6
1642374900.0,1786286340.6805644,1,1.2029,0.1523,,0.819,0.0501,1.151,PRE_ALERT,NOMINAL,NORMAL,0,
1642375800.0,1786286340.8040934,1,1.124,0.1424,,0.627,0.0308,0.199,NOMINAL,NOMINAL,NORMAL,0,
1642376700.0,1786286340.928736,1,0.9768,0.1322,,0.557,0.027,0.176,NOMINAL,NOMINAL,NORMAL,0,
1642377600.0,1786286341.0543866,1,0.9817,0.1283,0.6381,0.518,0.0268,0.183,NOMINAL,NOMINAL,NORMAL,0,
1642378500.0,1786286341.1786473,1,0.977,0.1319,,0.475,0.0208,0.159,NOMINAL,NOMINAL,NORMAL,0,
1642379400.0,1786286341.3038228,1,0.9926,0.1343,,0.571,0.0247,0.184,NOMINAL,NOMINAL,TRIGGERED,1,omni_p6
1642380300.0,1786286341.4298651,1,1.0343,0.1363,,0.616,0.0454,1.102,NOMINAL,PRE_ALERT,TRIGGERED,2,omni_p6
1642381200.0,1786286341.5548134,1,1.0736,0.1365,,0.592,0.0454,1.053,PRE_ALERT,NOMINAL,NORMAL,0,
1642382100.0,1786286341.67873,1,0.9703,0.1296,,0.556,0.0273,0.179,NOMINAL,NOMINAL,NORMAL,0,
1642383000.0,1786286341.8037074,1,0.9518,0.1274,,0.558,0.0245,0.178,NOMINAL,NOMINAL,NORMAL,0,
1642383900.0,1786286341.9286065,1,0.9087,0.1268,,0.535,0.0238,0.17,NOMINAL,NOMINAL,NORMAL,0,
1642384800.0,1786286342.0535212,1,0.9124,0.1279,,0.489,0.0248,0.168,NOMINAL,NOMINAL,NORMAL,0,
1642385700.0,1786286342.1785173,1,0.8781,0.1261,,0.502,0.0228,0.162,NOMINAL,NOMINAL,TRIGGERED,1,omni_p6
1642386600.0,1786286342.304643,1,0.9309,0.1278,,0.57,0.0412,1.102,NOMINAL,PRE_ALERT,TRIGGERED,2,omni_p6
1642387500.0,1786286342.4296389,1,0.9731,0.1288,,0.591,0.0429,1.029,PRE_ALERT,NOMINAL,NORMAL,0,
1642388400.0,1786286342.5541646,1,1.1009,0.1382,,0.683,0.0301,0.202,NOMINAL,NOMINAL,NORMAL,0,
1642389300.0,1786286342.6788445,1,0.9885,0.1331,,0.609,0.028,0.187,NOMINAL,NOMINAL,NORMAL,0,
1642390200.0,1786286342.8037913,1,0.9766,0.1325,,0.589,0.0275,0.183,NOMINAL,NOMINAL,NORMAL,0,
1642391100.0,1786286342.9286547,1,0.919,0.1281,,0.557,0.026,0.17,NOMINAL,NOMINAL,NORMAL,0,
1642392000.0,1786286343.0535607,1,0.926,0.1314,,0.497,0.024,0.165,NOMINAL,NOMINAL,TRIGGERED,1,omni_p6
1642392900.0,1786286343.1785545,1,0.9034,0.1276,,0.51,0.0254,0.165,NOMINAL,NOMINAL,NORMAL,0,
1642393800.0,1786286343.3038142,1,0.9801,0.1354,,0.574,0.0286,0.186,NOMINAL,NOMINAL,NORMAL,0,
1642394700.0,1786286343.428749,1,0.9564,0.1319,,0.574,0.0261,0.178,NOMINAL,NOMINAL,NORMAL,0,
1642395600.0,1786286343.55415,1,1.1123,0.138,,0.676,0.0289,0.199,NOMINAL,NOMINAL,NORMAL,0,
1642396500.0,1786286343.6787717,1,0.982,0.1348,,0.553,0.026,0.183,NOMINAL,NOMINAL,NORMAL,0,
1642397400.0,1786286343.8037694,1,0.9705,0.1337,,0.567,0.0266,0.181,NOMINAL,NOMINAL,NORMAL,0,
1642398300.0,1786286343.928843,1,0.9843,0.1332,,0.602,0.0274,0.182,NOMINAL,NOMINAL,NORMAL,0,
1642399200.0,1786286344.0536537,1,0.9696,0.134,,0.509,0.026,0.18,NOMINAL,NOMINAL,NORMAL,0,
1642400100.0,1786286344.1786182,1,0.9311,0.1308,,0.505,0.0232,0.167,NOMINAL,NOMINAL,NORMAL,0,
1642401000.0,1786286344.303743,1,0.9568,0.1316,,0.565,0.0268,0.179,NOMINAL,NOMINAL,NORMAL,0,
1642401900.0,1786286344.4288254,1,0.9783,0.1352,,0.602,0.0266,0.184,NOMINAL,NOMINAL,NORMAL,0,
1642402800.0,1786286344.5546985,1,1.22,0.1535,,0.885,0.0338,0.24,NOMINAL,NOMINAL,NORMAL,0,
1642403700.0,1786286344.6796877,1,1.2031,0.1472,,0.862,0.0339,0.233,NOMINAL,NOMINAL,NORMAL,0,
1642404600.0,1786286344.8042362,1,1.1103,0.1409,,0.713,0.0314,0.237,NOMINAL,NOMINAL,NORMAL,0,
1642405500.0,1786286344.9289062,1,1.0132,0.1345,,0.623,0.0286,0.191,NOMINAL,NOMINAL,NORMAL,0,
1642406400.0,1786286345.0537014,1,0.9821,0.1322,,0.53,0.0254,0.178,NOMINAL,NOMINAL,NORMAL,0,
1642407300.0,1786286345.1786363,1,0.9354,0.1282,,0.524,0.0237,0.172,NOMINAL,NOMINAL,NORMAL,0,
1642408200.0,1786286345.3037248,1,0.9515,0.1334,,0.566,0.0242,0.179,NOMINAL,NOMINAL,TRIGGERED,1,omni_p6
1642409100.0,1786286345.42869,1,0.9312,0.1301,,0.582,0.0236,0.176,NOMINAL,NOMINAL,NORMAL,0,
1642410000.0,1786286345.5540392,1,1.0666,0.1362,,0.661,0.028,0.201,NOMINAL,NOMINAL,NORMAL,0,
1642410900.0,1786286345.6795979,1,1.1867,0.147,,0.846,0.0326,0.226,NOMINAL,NOMINAL,NORMAL,0,
1642411800.0,1786286345.8041625,1,1.1022,0.1419,,0.674,0.03,0.233,NOMINAL,NOMINAL,NORMAL,0,
1642412700.0,1786286345.9288337,1,0.9948,0.1337,,0.599,0.0274,0.186,NOMINAL,NOMINAL,NORMAL,0,
1642413600.0,1786286346.053647,1,0.959,0.1358,,0.52,0.0229,0.175,NOMINAL,NOMINAL,TRIGGERED,1,omni_p6
1642414500.0,1786286346.1795518,1,0.9228,0.1332,,0.528,0.0408,1.091,NOMINAL,PRE_ALERT,TRIGGERED,2,omni_p6
1642415400.0,1786286346.304755,1,0.9961,0.1342,,0.607,0.0435,1.07,PRE_ALERT,NOMINAL,NORMAL,0,
1642416300.0,1786286346.4289608,1,1.0376,0.1384,,0.618,0.0284,0.195,NOMINAL,NOMINAL,NORMAL,0,
1642417200.0,1786286346.5540223,1,1.0841,0.1373,,0.627,0.0295,0.198,NOMINAL,NOMINAL,NORMAL,0,
1642418100.0,1786286346.6788642,1,1.0249,0.1366,,0.576,0.0283,0.191,NOMINAL,NOMINAL,NORMAL,0,
1642419000.0,1786286346.803798,1,0.9957,0.1351,,0.575,0.0255,0.186,NOMINAL,NOMINAL,NORMAL,0,
1642419900.0,1786286346.9287703,1,0.959,0.1333,,0.593,0.0239,0.182,NOMINAL,NOMINAL,TRIGGERED,1,omni_p6
1642420800.0,1786286347.0545452,1,0.9599,0.1348,,0.5,0.0398,1.081,NOMINAL,PRE_ALERT,TRIGGERED,2,omni_p6
1642421700.0,1786286347.1794868,1,0.9462,0.1308,,0.533,0.0403,0.987,PRE_ALERT,NOMINAL,NORMAL,0,
1642422600.0,1786286347.3037162,1,0.9501,0.1296,,0.549,0.0259,0.177,NOMINAL,NOMINAL,NORMAL,0,
1642423500.0,1786286347.4287016,1,0.9493,0.133,,0.57,0.026,0.173,NOMINAL,NOMINAL,NORMAL,0,
1642424400.0,1786286347.5537686,1,0.9887,0.1338,,0.562,0.0267,0.176,NOMINAL,NOMINAL,NORMAL,0,
1642425300.0,1786286347.678998,1,1.004,0.1389,,0.685,0.0315,0.209,NOMINAL,NOMINAL,NORMAL,0,
1642426200.0,1786286347.8037696,1,0.9606,0.1339,,0.601,0.0257,0.19,NOMINAL,NOMINAL,TRIGGERED,1,omni_p6
1642427100.0,1786286347.928503,1,0.8414,0.1199,,0.545,0.0261,0.178,NOMINAL,NOMINAL,NORMAL,0,
1642428000.0,1786286348.0533376,1,0.8177,0.1195,,0.473,0.0232,0.165,NOMINAL,NOMINAL,NORMAL,0,
1642428900.0,1786286348.1784828,1,0.8523,0.1237,,0.521,0.0243,0.168,NOMINAL,NOMINAL,NORMAL,0,
1642429800.0,1786286348.3037739,1,0.9615,0.1305,,0.593,0.0264,0.183,NOMINAL,NOMINAL,NORMAL,0,
1642430700.0,1786286348.4284656,1,0.8334,0.1206,,0.551,0.0248,0.169,NOMINAL,NOMINAL,NORMAL,0,
1642431600.0,1786286348.5535843,1,0.9395,0.1265,,0.494,0.0205,0.146,NOMINAL,NOMINAL,TRIGGERED,1,omni_p6
1642432500.0,1786286348.6799474,1,1.0298,0.1348,,0.671,0.049,1.116,NOMINAL,PRE_ALERT,TRIGGERED,2,omni_p6
1642433400.0,1786286348.8046374,1,0.9954,0.1329,,0.57,0.0424,1.045,PRE_ALERT,NOMINAL,NORMAL,0,
1642434300.0,1786286348.9286509,1,0.966,0.1319,,0.52,0.0223,0.16,NOMINAL,NOMINAL,NORMAL,0,
1642435200.0,1786286349.0533466,1,0.8819,0.1269,,0.43,0.0191,0.144,NOMINAL,NOMINAL,NORMAL,0,
1642436100.0,1786286349.1785638,1,0.9164,0.1316,,0.505,0.0232,0.159,NOMINAL,NOMINAL,NORMAL,0,
1642437000.0,1786286349.303806,1,0.987,0.1341,,0.578,0.0259,0.18,NOMINAL,NOMINAL,NORMAL,0,
1642437900.0,1786286349.4285605,1,0.9046,0.1299,,0.521,0.025,0.174,NOMINAL,NOMINAL,NORMAL,0,
1642438800.0,1786286349.5545776,1,1.2099,0.147,,0.816,0.0334,0.232,NOMINAL,NOMINAL,NORMAL,0,
1642439700.0,1786286349.67966,1,1.194,0.153,,0.846,0.0359,0.233,NOMINAL,NOMINAL,NORMAL,0,
1642440600.0,1786286349.8042605,1,1.13,0.1451,,0.69,0.0603,0.247,NOMINAL,NOMINAL,NORMAL,0,
1642441500.0,1786286349.9288893,1,1.008,0.1342,,0.61,0.0273,0.19,NOMINAL,NOMINAL,NORMAL,0,
1642442400.0,1786286350.0538015,1,1.0202,0.1349,,0.547,0.0265,0.191,NOMINAL,NOMINAL,NORMAL,0,
1642443300.0,1786286350.1796296,1,1.192,0.1521,,0.832,0.0337,0.226,NOMINAL,NOMINAL,NORMAL,0,
1642444200.0,1786286350.3041737,1,1.0867,0.1448,,0.671,0.0308,0.237,NOMINAL,NOMINAL,NORMAL,0,
1642445100.0,1786286350.4288373,1,0.9885,0.1365,,0.598,0.0277,0.19,NOMINAL,NOMINAL,NORMAL,0,
1642446000.0,1786286350.5537288,1,0.9678,0.1339,,0.556,0.0254,0.182,NOMINAL,NOMINAL,NORMAL,0,
1642446900.0,1786286350.679717,1,1.2029,0.1496,,0.878,0.033,0.234,NOMINAL,NOMINAL,NORMAL,0,
1642447800.0,1786286350.8041012,1,1.0955,0.1401,,0.668,0.0299,0.202,NOMINAL,NOMINAL,NORMAL,0,
1642448700.0,1786286350.9287603,1,0.9636,0.1316,,0.583,0.0265,0.18,NOMINAL,NOMINAL,NORMAL,0,
1642449600.0,1786286351.0535975,1,0.9401,0.1284,,0.508,0.0248,0.176,NOMINAL,NOMINAL,NORMAL,0,
1642450500.0,1786286351.1785731,1,0.8975,0.128,,0.532,0.0258,0.168,NOMINAL,NOMINAL,NORMAL,0,
1642451400.0,1786286351.3037703,1,0.9523,0.1312,,0.586,0.0252,0.181,NOMINAL,NOMINAL,NORMAL,0,
1642452300.0,1786286351.428543,1,0.8859,0.1285,,0.537,0.0233,0.166,NOMINAL,NOMINAL,TRIGGERED,1,omni_p6
1642453200.0,1786286351.554616,1,0.9456,0.1314,,0.55,0.0413,1.107,NOMINAL,PRE_ALERT,TRIGGERED,2,omni_p6
1642454100.0,1786286351.6798706,1,1.026,0.1361,,0.65,0.0467,1.079,PRE_ALERT,NOMINAL,NORMAL,0,
1642455000.0,1786286351.8038838,1,1.0256,0.14,,0.594,0.0279,0.187,NOMINAL,NOMINAL,NORMAL,0,
1642455900.0,1786286351.92861,1,0.9442,0.1307,,0.519,0.02,0.153,NOMINAL,NOMINAL,NORMAL,0,
1642456800.0,1786286352.0536225,1,0.9675,0.1306,,0.506,0.0242,0.17,NOMINAL,NOMINAL,NORMAL,0,
1642457700.0,1786286352.178611,1,0.9416,0.131,,0.512,0.0245,0.17,NOMINAL,NOMINAL,NORMAL,0,
1642458600.0,1786286352.3037689,1,0.9745,0.1388,,0.564,0.0249,0.183,NOMINAL,NOMINAL,TRIGGERED,1,omni_p6
1642459500.0,1786286352.4294264,1,0.8626,0.1262,,0.549,0.0416,1.086,NOMINAL,PRE_ALERT,TRIGGERED,2,omni_p6
1642460400.0,1786286352.5545967,1,0.9785,0.1306,,0.566,0.0419,1.042,PRE_ALERT,NOMINAL,NORMAL,0,
1642461300.0,1786286352.6790597,1,1.0827,0.1443,,0.625,0.0306,0.199,NOMINAL,NOMINAL,NORMAL,0,
1642462200.0,1786286352.8041768,1,1.1056,0.144,,0.672,0.0305,0.241,NOMINAL,NOMINAL,NORMAL,0,
1642463100.0,1786286352.9287548,1,0.979,0.1355,,0.572,0.027,0.188,NOMINAL,NOMINAL,NORMAL,0,
1642464000.0,1786286353.054263,1,0.9586,0.1287,0.5975,0.503,0.0249,0.182,NOMINAL,NOMINAL,NORMAL,0,
1642464900.0,1786286353.1786115,1,0.9197,0.1329,,0.563,0.0243,0.181,NOMINAL,NOMINAL,TRIGGERED,1,omni_p6
1642465800.0,1786286353.3047411,1,1.0065,0.139,,0.565,0.0456,1.128,NOMINAL,PRE_ALERT,TRIGGERED,2,omni_p6
1642466700.0,1786286353.4294658,1,0.9509,0.1377,,0.526,0.0421,0.993,PRE_ALERT,NOMINAL,NORMAL,0,
1642467600.0,1786286353.5537891,1,1.0309,0.1356,,0.552,0.0289,0.184,NOMINAL,NOMINAL,NORMAL,0,
1642468500.0,1786286353.678732,1,0.9909,0.1374,,0.537,0.0259,0.178,NOMINAL,NOMINAL,NORMAL,0,
1642469400.0,1786286353.8039827,1,1.0285,0.1391,,0.663,0.0287,0.201,NOMINAL,NOMINAL,NORMAL,0,
1642470300.0,1786286353.9286613,1,0.9341,0.138,,0.553,0.0262,0.176,NOMINAL,NOMINAL,TRIGGERED,1,omni_p6
1642471200.0,1786286354.054489,1,0.9388,0.135,,0.494,0.0422,1.1,NOMINAL,PRE_ALERT,TRIGGERED,2,omni_p6
1642472100.0,1786286354.1794078,1,0.9117,0.1316,,0.515,0.0396,1.006,PRE_ALERT,NOMINAL,NORMAL,0,
1642473000.0,1786286354.3037922,1,0.9848,0.1356,,0.57,0.0281,0.19,NOMINAL,NOMINAL,NORMAL,0,
1642473900.0,1786286354.4285705,1,0.9054,0.1299,,0.534,0.0272,0.183,NOMINAL,NOMINAL,NORMAL,0,
1642474800.0,1786286354.5546627,1,1.2577,0.1554,,0.845,0.0325,0.239,NOMINAL,NOMINAL,NORMAL,0,
1642475700.0,1786286354.6797473,1,1.2287,0.1549,,0.87,0.036,0.236,NOMINAL,NOMINAL,NORMAL,0,
1642476600.0,1786286354.8041654,1,1.0932,0.1448,,0.678,0.0313,0.245,NOMINAL,NOMINAL,TRIGGERED,1,omni_p6
1642477500.0,1786286354.9296117,1,0.9962,0.1366,,0.541,0.043,1.095,NOMINAL,PRE_ALERT,TRIGGERED,2,omni_p6
1642478400.0,1786286355.0543551,1,0.9751,0.1301,,0.478,0.0368,0.941,PRE_ALERT,NOMINAL,NORMAL,0,
1642479300.0,1786286355.178581,1,0.9382,0.1293,,0.504,0.0256,0.173,NOMINAL,NOMINAL,NORMAL,0,
1642480200.0,1786286355.3038628,1,1.0231,0.1369,,0.576,0.0274,0.186,NOMINAL,NOMINAL,NORMAL,0,
1642481100.0,1786286355.4285338,1,0.9087,0.1333,,0.515,0.0251,0.173,NOMINAL,NOMINAL,NORMAL,0,
1642482000.0,1786286355.5535216,1,0.948,0.1325,,0.472,0.0211,0.149,NOMINAL,NOMINAL,NORMAL,0,
1642482900.0,1786286355.6797884,1,1.2659,0.1548,,0.863,0.0333,0.231,NOMINAL,NOMINAL,NORMAL,0,
1642483800.0,1786286355.804218,1,1.1087,0.1421,,0.71,0.0324,0.252,NOMINAL,NOMINAL,NORMAL,0,
1642484700.0,1786286355.9288342,1,1.0242,0.138,,0.607,0.0276,0.184,NOMINAL,NOMINAL,NORMAL,0,
1642485600.0,1786286356.0536244,1,0.9747,0.1319,,0.494,0.0271,0.181,NOMINAL,NOMINAL,NORMAL,0,
1642486500.0,1786286356.1785853,1,0.9358,0.1323,,0.519,0.025,0.174,NOMINAL,NOMINAL,NORMAL,0,
1642487400.0,1786286356.3038068,1,1.0136,0.137,,0.564,0.0264,0.183,NOMINAL,NOMINAL,NORMAL,0,
1642488300.0,1786286356.4286585,1,0.9604,0.1311,,0.534,0.0268,0.179,NOMINAL,NOMINAL,NORMAL,0,
1642489200.0,1786286356.5537298,1,1.0017,0.1342,,0.548,0.0258,0.18,NOMINAL,NOMINAL,NORMAL,0,
1642490100.0,1786286356.6788533,1,1.0065,0.1391,,0.592,0.0272,0.186,NOMINAL,NOMINAL,NORMAL,0,
1642491000.0,1786286356.8038843,1,1.0196,0.1369,,0.617,0.028,0.19,NOMINAL,NOMINAL,NORMAL,0,
1642491900.0,1786286356.9287245,1,0.9785,0.1313,,0.566,0.0281,0.182,NOMINAL,NOMINAL,NORMAL,0,
1642492800.0,1786286357.0535545,1,0.9586,0.1343,,0.477,0.0237,0.174,NOMINAL,NOMINAL,TRIGGERED,1,omni_p6
1642493700.0,1786286357.178521,1,0.9025,0.1284,,0.502,0.0265,0.17,NOMINAL,NOMINAL,NORMAL,0,
1642494600.0,1786286357.3037286,1,0.9689,0.1373,,0.557,0.0272,0.18,NOMINAL,NOMINAL,NORMAL,0,
1642495500.0,1786286357.4285574,1,0.9111,0.1291,,0.53,0.026,0.172,NOMINAL,NOMINAL,NORMAL,0,
1642496400.0,1786286357.5536897,1,0.9731,0.1363,,0.54,0.0251,0.176,NOMINAL,NOMINAL,TRIGGERED,1,omni_p6
1642497300.0,1786286357.678842,1,1.0099,0.1337,,0.587,0.0265,0.183,NOMINAL,NOMINAL,NORMAL,0,
1642498200.0,1786286357.803633,1,0.9279,0.1293,,0.537,0.0249,0.174,NOMINAL,NOMINAL,NORMAL,0,
1642499100.0,1786286357.9290605,1,1.0519,0.1687,,0.654,0.028,0.197,NOMINAL,NOMINAL,TRIGGERED,1,omni_p6
1642500000.0,1786286358.0535579,1,0.977,0.1334,,0.455,0.0224,0.16,NOMINAL,NOMINAL,NORMAL,0,
1642500900.0,1786286358.1786168,1,0.9422,0.1337,,0.519,0.0255,0.174,NOMINAL,NOMINAL,NORMAL,0,
1642501800.0,1786286358.303769,1,0.9896,0.1375,,0.569,0.0265,0.185,NOMINAL,NOMINAL,NORMAL,0,
1642502700.0,1786286358.428738,1,0.9606,0.1365,,0.601,0.0265,0.182,NOMINAL,NOMINAL,NORMAL,0,
1642503600.0,1786286358.5536227,1,0.9659,0.1307,,0.52,0.026,0.178,NOMINAL,NOMINAL,NORMAL,0,
1642504500.0,1786286358.6787746,1,0.997,0.1354,,0.539,0.0246,0.181,NOMINAL,NOMINAL,TRIGGERED,1,omni_p6
1642505400.0,1786286358.8045428,1,0.9193,0.1321,,0.515,0.0427,1.152,NOMINAL,PRE_ALERT,TRIGGERED,2,omni_p6
1642506300.0,1786286358.9299827,1,1.0863,0.1686,,0.635,0.0451,1.082,PRE_ALERT,NOMINAL,NORMAL,0,
1642507200.0,1786286359.0537376,1,1.0394,0.1389,,0.504,0.0259,0.181,NOMINAL,NOMINAL,NORMAL,0,
1642508100.0,1786286359.1785927,1,0.946,0.1324,,0.516,0.026,0.175,NOMINAL,NOMINAL,NORMAL,0,
1642509000.0,1786286359.3036458,1,0.9454,0.1329,,0.546,0.0262,0.176,NOMINAL,NOMINAL,NORMAL,0,
1642509900.0,1786286359.42865,1,0.9477,0.1314,,0.537,0.0255,0.174,NOMINAL,NOMINAL,NORMAL,0,
1642510800.0,1786286359.554705,1,1.2912,0.16,,0.85,0.0328,0.231,NOMINAL,NOMINAL,TRIGGERED,1,omni_p6
1642511700.0,1786286359.68078,1,1.2615,0.1589,,0.892,0.0532,1.198,NOMINAL,PRE_ALERT,TRIGGERED,2,omni_p6
1642512600.0,1786286359.8049297,1,1.1201,0.1465,,0.633,0.047,1.057,PRE_ALERT,NOMINAL,NORMAL,0,
1642513500.0,1786286359.9291136,1,1.1096,0.1707,,0.632,0.0307,0.201,NOMINAL,NOMINAL,NORMAL,0,
1642514400.0,1786286360.0536652,1,1.0108,0.1341,,0.504,0.0271,0.182,NOMINAL,NOMINAL,NORMAL,0,
1642515300.0,1786286360.1785803,1,0.9292,0.1328,,0.521,0.0242,0.171,NOMINAL,NOMINAL,NORMAL,0,
1642516200.0,1786286360.3036451,1,0.9504,0.1356,,0.53,0.0262,0.176,NOMINAL,NOMINAL,NORMAL,0,
1642517100.0,1786286360.428687,1,0.9498,0.1361,,0.567,0.0227,0.178,NOMINAL,NOMINAL,TRIGGERED,1,omni_p6
1642518000.0,1786286360.5545082,1,0.9508,0.1327,,0.519,0.0406,1.076,NOMINAL,PRE_ALERT,TRIGGERED,2,omni_p6
1642518900.0,1786286360.6806026,1,1.196,0.1508,,0.855,0.052,1.153,PRE_ALERT,NOMINAL,NORMAL,0,
1642519800.0,1786286360.8039112,1,1.0893,0.1421,,0.544,0.0244,0.177,NOMINAL,NOMINAL,NORMAL,0,
1642520700.0,1786286360.9290955,1,1.0987,0.1759,,0.628,0.0287,0.193,NOMINAL,NOMINAL,NORMAL,0,
1642521600.0,1786286361.0536058,1,1.0001,0.1365,,0.47,0.0227,0.161,NOMINAL,NOMINAL,NORMAL,0,
1642522500.0,1786286361.1786816,1,0.9655,0.1338,,0.532,0.0263,0.18,NOMINAL,NOMINAL,NORMAL,0,
1642523400.0,1786286361.3036942,1,0.9576,0.1295,,0.546,0.0269,0.177,NOMINAL,NOMINAL,NORMAL,0,
1642524300.0,1786286361.4286172,1,0.9419,0.13,,0.54,0.0259,0.172,NOMINAL,NOMINAL,NORMAL,0,
1642525200.0,1786286361.5536633,1,0.9794,0.1327,,0.526,0.025,0.175,NOMINAL,NOMINAL,NORMAL,0,
1642526100.0,1786286361.6787987,1,1.0122,0.1349,,0.543,0.0273,0.187,NOMINAL,NOMINAL,NORMAL,0,
1642527000.0,1786286361.8035638,1,0.9082,0.1304,,0.513,0.0231,0.169,NOMINAL,NOMINAL,NORMAL,0,
1642527900.0,1786286361.9289374,1,1.0221,0.1364,,0.612,0.0285,0.192,NOMINAL,NOMINAL,NORMAL,0,
1642528800.0,1786286362.0536797,1,1.001,0.1372,,0.505,0.0268,0.184,NOMINAL,NOMINAL,NORMAL,0,
1642529700.0,1786286362.178554,1,0.9167,0.1316,,0.507,0.0255,0.174,NOMINAL,NOMINAL,NORMAL,0,
1642530600.0,1786286362.3036103,1,0.9163,0.1287,,0.519,0.0245,0.201,NOMINAL,NOMINAL,NORMAL,0,
1642531500.0,1786286362.4287357,1,0.9714,0.1361,,0.564,0.0253,0.18,NOMINAL,NOMINAL,NORMAL,0,
1642532400.0,1786286362.5536094,1,0.9554,0.1307,,0.521,0.0232,0.171,NOMINAL,NOMINAL,NORMAL,0,
1642533300.0,1786286362.678781,1,1.0039,0.1337,,0.562,0.0258,0.179,NOMINAL,NOMINAL,NORMAL,0,
1642534200.0,1786286362.8035688,1,0.9251,0.1277,,0.522,0.0234,0.171,NOMINAL,NOMINAL,NORMAL,0,
1642535100.0,1786286362.928927,1,0.9995,0.1362,,0.657,0.0273,0.189,NOMINAL,NOMINAL,NORMAL,0,
1642536000.0,1786286363.053507,1,0.9556,0.1303,,0.452,0.0223,0.153,NOMINAL,NOMINAL,NORMAL,0,
1642536900.0,1786286363.1784632,1,0.8664,0.1244,,0.503,0.0237,0.164,NOMINAL,NOMINAL,NORMAL,0,
1642537800.0,1786286363.3035831,1,0.9026,0.1299,,0.533,0.0239,0.171,NOMINAL,NOMINAL,TRIGGERED,1,omni_p6
1642538700.0,1786286363.4286397,1,0.9343,0.1327,,0.558,0.0264,0.172,NOMINAL,NOMINAL,NORMAL,0,
1642539600.0,1786286363.553485,1,0.912,0.1267,,0.486,0.0252,0.164,NOMINAL,NOMINAL,NORMAL,0,
1642540500.0,1786286363.678655,1,0.9284,0.1283,,0.544,0.0257,0.177,NOMINAL,NOMINAL,NORMAL,0,
1642541400.0,1786286363.803382,1,0.8386,0.1247,,0.488,0.0221,0.158,NOMINAL,NOMINAL,NORMAL,0,
1642542300.0,1786286363.9297702,1,1.2444,0.1528,,0.869,0.0345,0.233,NOMINAL,NOMINAL,NORMAL,0,
1642543200.0,1786286364.054259,1,1.1812,0.1476,,0.667,0.0334,0.217,NOMINAL,NOMINAL,NORMAL,0,
1642544100.0,1786286364.1788087,1,1.019,0.1405,,0.543,0.0278,0.188,NOMINAL,NOMINAL,TRIGGERED,1,omni_p6
1642545000.0,1786286364.3037903,1,1.0072,0.1334,,0.56,0.0275,0.185,NOMINAL,NOMINAL,NORMAL,0,
1642545900.0,1786286364.4287035,1,0.9512,0.1305,,0.582,0.0269,0.18,NOMINAL,NOMINAL,NORMAL,0,
1642546800.0,1786286364.5545545,1,1.2109,0.1528,,0.829,0.0347,0.233,NOMINAL,NOMINAL,NORMAL,0,
1642547700.0,1786286364.6796877,1,1.2031,0.1522,,0.847,0.0342,0.232,NOMINAL,NOMINAL,NORMAL,0,
1642548600.0,1786286364.8037558,1,1.0068,0.1373,,0.555,0.027,0.186,NOMINAL,NOMINAL,NORMAL,0,
1642549500.0,1786286364.928879,1,1.0074,0.1386,,0.604,0.0247,0.181,NOMINAL,NOMINAL,TRIGGERED,1,omni_p6
1642550400.0,1786286365.0555387,1,1.0752,0.1297,0.5871,0.561,0.0467,1.156,NOMINAL,PRE_ALERT,TRIGGERED,2,omni_p6
1642551300.0,1786286365.1796525,1,1.0116,0.135,,0.589,0.0447,1.031,PRE_ALERT,NOMINAL,NORMAL,0,
1642552200.0,1786286365.3037558,1,0.9846,0.1337,,0.555,0.0271,0.182,NOMINAL,NOMINAL,NORMAL,0,
1642553100.0,1786286365.428719,1,0.9582,0.1302,,0.566,0.0274,0.18,NOMINAL,NOMINAL,NORMAL,0,
1642554000.0,1786286365.553795,1,1.0005,0.1352,,0.581,0.0277,0.178,NOMINAL,NOMINAL,NORMAL,0,
1642554900.0,1786286365.6797242,1,1.2034,0.1514,,0.878,0.0343,0.23,NOMINAL,NOMINAL,NORMAL,0,
1642555800.0,1786286365.8039246,1,1.0328,0.1409,,0.606,0.0258,0.185,NOMINAL,NOMINAL,TRIGGERED,1,omni_p6
1642556700.0,1786286365.9297307,1,0.9848,0.1368,,0.595,0.0421,1.075,NOMINAL,PRE_ALERT,TRIGGERED,2,omni_p6
1642557600.0,1786286366.0547853,1,1.0657,0.1375,,0.574,0.0443,1.05,PRE_ALERT,NOMINAL,NORMAL,0,
1642558500.0,1786286366.1786811,1,0.966,0.133,,0.535,0.0253,0.172,NOMINAL,NOMINAL,NORMAL,0,
1642559400.0,1786286366.3036785,1,0.9535,0.1323,,0.529,0.027,0.178,NOMINAL,NOMINAL,NORMAL,0,
1642560300.0,1786286366.4286659,1,0.9356,0.1261,,0.554,0.0261,0.174,NOMINAL,NOMINAL,NORMAL,0,
1642561200.0,1786286366.553636,1,0.9554,0.1261,,0.527,0.0252,0.173,NOMINAL,NOMINAL,NORMAL,0,
1642562100.0,1786286366.6787326,1,0.9558,0.131,,0.567,0.0267,0.18,NOMINAL,NOMINAL,TRIGGERED,1,omni_p6
1642563000.0,1786286366.8045688,1,0.926,0.1317,,0.547,0.0422,1.094,NOMINAL,PRE_ALERT,TRIGGERED,2,omni_p6
1642563900.0,1786286366.929643,1,0.9699,0.1307,,0.588,0.0435,1.031,PRE_ALERT,NOMINAL,NORMAL,0,
1642564800.0,1786286367.0539649,1,1.0701,0.1374,,0.597,0.0301,0.195,NOMINAL,NOMINAL,NORMAL,0,
1642565700.0,1786286367.178707,1,0.9656,0.1315,,0.537,0.0285,0.181,NOMINAL,NOMINAL,NORMAL,0,
1642566600.0,1786286367.3036916,1,0.9528,0.1334,,0.539,0.028,0.175,NOMINAL,NOMINAL,NORMAL,0,
1642567500.0,1786286367.4286582,1,0.9341,0.1295,,0.549,0.0262,0.172,NOMINAL,NOMINAL,NORMAL,0,
1642568400.0,1786286367.5537713,1,0.9895,0.1312,,0.565,0.0274,0.181,NOMINAL,NOMINAL,NORMAL,0,
1642569300.0,1786286367.6787302,1,0.9598,0.1353,,0.555,0.0272,0.185,NOMINAL,NOMINAL,NORMAL,0,
1642570200.0,1786286367.8037586,1,0.9734,0.1274,,0.562,0.0259,0.183,NOMINAL,NOMINAL,NORMAL,0,
1642571100.0,1786286367.9287386,1,0.9386,0.1319,,0.582,0.0282,0.184,NOMINAL,NOMINAL,NORMAL,0,
1642572000.0,1786286368.0539172,1,1.0518,0.1366,,0.58,0.0295,0.195,NOMINAL,NOMINAL,NORMAL,0,
1642572900.0,1786286368.1787446,1,0.9722,0.1355,,0.56,0.0262,0.182,NOMINAL,NOMINAL,NORMAL,0,
1642573800.0,1786286368.3037133,1,0.9663,0.1326,,0.545,0.0263,0.179,NOMINAL,NOMINAL,NORMAL,0,
1642574700.0,1786286368.4287584,1,0.9495,0.1322,,0.606,0.0262,0.185,NOMINAL,NOMINAL,NORMAL,0,
1642575600.0,1786286368.553706,1,0.9685,0.1293,,0.558,0.026,0.176,NOMINAL,NOMINAL,NORMAL,0,
1642576500.0,1786286368.6786864,1,0.9428,0.1317,,0.553,0.0263,0.176,NOMINAL,NOMINAL,NORMAL,0,
1642577400.0,1786286368.8037784,1,0.9755,0.132,,0.571,0.0258,0.181,NOMINAL,NOMINAL,NORMAL,0,
1642578300.0,1786286368.9287527,1,0.9451,0.1329,,0.588,0.0261,0.182,NOMINAL,NOMINAL,TRIGGERED,1,omni_p6
1642579200.0,1786286369.0534904,1,0.893,0.1249,,0.508,0.0262,0.174,NOMINAL,NOMINAL,NORMAL,0,
1642580100.0,1786286369.1788633,1,1.0026,0.1361,,0.605,0.0286,0.19,NOMINAL,NOMINAL,NORMAL,0,
1642581000.0,1786286369.3037074,1,0.948,0.1287,,0.576,0.0268,0.183,NOMINAL,NOMINAL,NORMAL,0,
1642581900.0,1786286369.4287002,1,0.9381,0.1317,,0.572,0.0261,0.183,NOMINAL,NOMINAL,NORMAL,0,
1642582800.0,1786286369.5546522,1,1.2216,0.1504,,0.87,0.0361,0.242,NOMINAL,NOMINAL,NORMAL,0,
1642583700.0,1786286369.6797116,1,1.2087,0.149,,0.877,0.0328,0.233,NOMINAL,NOMINAL,NORMAL,0,
1642584600.0,1786286369.8042018,1,1.1188,0.1507,,0.665,0.0289,0.236,NOMINAL,NOMINAL,TRIGGERED,1,omni_p6
1642585500.0,1786286369.9288285,1,1.005,0.1353,,0.609,0.0299,0.191,NOMINAL,NOMINAL,NORMAL,0,
1642586400.0,1786286370.053568,1,0.9283,0.1257,,0.536,0.0257,0.18,NOMINAL,NOMINAL,NORMAL,0,
1642587300.0,1786286370.178873,1,1.0163,0.1326,,0.598,0.0292,0.196,NOMINAL,NOMINAL,NORMAL,0,
1642588200.0,1786286370.3036666,1,0.9641,0.1309,,0.545,0.0288,0.186,NOMINAL,NOMINAL,NORMAL,0,
1642589100.0,1786286370.4285486,1,0.8609,0.1197,,0.591,0.0271,0.173,NOMINAL,NOMINAL,NORMAL,0,
1642590000.0,1786286370.5534644,1,0.8719,0.1248,,0.505,0.0245,0.171,NOMINAL,NOMINAL,TRIGGERED,1,omni_p6
1642590900.0,1786286370.6805983,1,1.1949,0.1534,,0.841,0.0515,1.204,NOMINAL,PRE_ALERT,TRIGGERED,2,omni_p6
1642591800.0,1786286370.8049324,1,1.1164,0.1436,,0.601,0.0422,1.041,PRE_ALERT,NOMINAL,NORMAL,0,
1642592700.0,1786286370.9287765,1,1.0304,0.1343,,0.535,0.0229,0.167,NOMINAL,NOMINAL,NORMAL,0,
1642593600.0,1786286371.0536509,1,0.9865,0.135,,0.495,0.0246,0.173,NOMINAL,NOMINAL,NORMAL,0,
1642594500.0,1786286371.178768,1,0.9993,0.138,,0.545,0.0264,0.182,NOMINAL,NOMINAL,NORMAL,0,
1642595400.0,1786286371.3036764,1,0.9611,0.1331,,0.532,0.0251,0.177,NOMINAL,NOMINAL,NORMAL,0,
1642596300.0,1786286371.4286346,1,0.9434,0.1345,,0.527,0.0247,0.179,NOMINAL,NOMINAL,TRIGGERED,1,omni_p6
1642597200.0,1786286371.5543766,1,0.8754,0.128,,0.495,0.04,1.081,NOMINAL,PRE_ALERT,TRIGGERED,2,omni_p6
1642598100.0,1786286371.6793945,1,0.9289,0.1285,,0.508,0.0398,0.985,PRE_ALERT,NOMINAL,NORMAL,0,
1642599000.0,1786286371.803675,1,0.9448,0.129,,0.521,0.0268,0.174,NOMINAL,NOMINAL,NORMAL,0,
1642599900.0,1786286371.928491,1,0.9055,0.128,,0.462,0.0231,0.153,NOMINAL,NOMINAL,NORMAL,0,
1642600800.0,1786286372.053295,1,0.8625,0.1196,,0.409,0.0193,0.14,NOMINAL,NOMINAL,NORMAL,0,
1642601700.0,1786286372.1786525,1,0.9386,0.1308,,0.537,0.0229,0.163,NOMINAL,NOMINAL,NORMAL,0,
1642602600.0,1786286372.303486,1,0.9121,0.1291,,0.457,0.0206,0.15,NOMINAL,NOMINAL,TRIGGERED,1,omni_p6
1642603500.0,1786286372.428408,1,0.8271,0.1197,,0.512,0.0246,0.167,NOMINAL,NOMINAL,NORMAL,0,
1642604400.0,1786286372.5533314,1,0.8495,0.1173,,0.443,0.0213,0.146,NOMINAL,NOMINAL,NORMAL,0,
1642605300.0,1786286372.678447,1,0.8929,0.1245,,0.472,0.0197,0.147,NOMINAL,NOMINAL,NORMAL,0,
1642606200.0,1786286372.8037093,1,0.9575,0.1266,,0.543,0.0255,0.175,NOMINAL,NOMINAL,NORMAL,0,
1642607100.0,1786286372.9284525,1,0.8887,0.1255,,0.467,0.0215,0.152,NOMINAL,NOMINAL,NORMAL,0,
1642608000.0,1786286373.0532951,1,0.8473,0.1193,,0.428,0.0181,0.138,NOMINAL,NOMINAL,NORMAL,0,
1642608900.0,1786286373.1787457,1,0.9832,0.1316,,0.538,0.025,0.177,NOMINAL,NOMINAL,TRIGGERED,1,omni_p6
1642609800.0,1786286373.3036585,1,0.9498,0.1291,,0.53,0.0273,0.173,NOMINAL,NOMINAL,NORMAL,0,
1642610700.0,1786286373.4284015,1,0.8532,0.1206,,0.474,0.0269,0.173,NOMINAL,NOMINAL,NORMAL,0,
1642611600.0,1786286373.553333,1,0.8241,0.1133,,0.474,0.0226,0.159,NOMINAL,NOMINAL,NORMAL,0,
1642612500.0,1786286373.6799738,1,1.2409,0.1553,,1.042,0.0347,0.248,NOMINAL,NOMINAL,NORMAL,0,
1642613400.0,1786286373.8047996,1,1.2446,0.1548,,0.891,0.0347,0.244,NOMINAL,NOMINAL,NORMAL,0,
1642614300.0,1786286373.9297457,1,1.2488,0.1565,,0.872,0.0344,0.242,NOMINAL,NOMINAL,NORMAL,0,
1642615200.0,1786286374.05577,1,1.344,0.1716,,1.468,0.0362,0.265,NOMINAL,NOMINAL,NORMAL,0,
1642616100.0,1786286374.1797438,1,1.2245,0.1586,,0.878,0.0332,0.236,NOMINAL,NOMINAL,NORMAL,0,
1642617000.0,1786286374.3044033,1,1.1579,0.1478,,0.757,0.0328,0.228,NOMINAL,NOMINAL,NORMAL,0,
1642617900.0,1786286374.42919,1,1.1109,0.1536,,0.653,0.0334,0.212,NOMINAL,NOMINAL,NORMAL,0,
1642618800.0,1786286374.5545301,1,1.2065,0.1537,,0.804,0.0324,0.227,NOMINAL,NOMINAL,NORMAL,0,
1642619700.0,1786286374.6795528,1,1.1748,0.1509,,0.825,0.0346,0.227,NOMINAL,NOMINAL,NORMAL,0,
1642620600.0,1786286374.8042238,1,1.1146,0.1431,,0.678,0.0318,0.243,NOMINAL,NOMINAL,NORMAL,0,
1642621500.0,1786286374.928928,1,1.0346,0.1584,,0.59,0.0285,0.189,NOMINAL,NOMINAL,NORMAL,0,
1642622400.0,1786286375.0538003,1,1.0324,0.1364,,0.538,0.0263,0.186,NOMINAL,NOMINAL,NORMAL,0,
1642623300.0,1786286375.1787884,1,1.0003,0.1368,,0.555,0.0254,0.184,NOMINAL,NOMINAL,TRIGGERED,1,omni_p6
1642624200.0,1786286375.303891,1,1.0193,0.1365,,0.595,0.0291,0.195,NOMINAL,NOMINAL,NORMAL,0,
1642625100.0,1786286375.4288146,1,0.9963,0.1346,,0.594,0.0271,0.189,NOMINAL,NOMINAL,NORMAL,0,
1642626000.0,1786286375.5537584,1,0.9943,0.1357,,0.557,0.0259,0.181,NOMINAL,NOMINAL,NORMAL,0,
1642626900.0,1786286375.6795921,1,1.1754,0.1504,,0.837,0.0318,0.227,NOMINAL,NOMINAL,NORMAL,0,
1642627800.0,1786286375.8042002,1,1.1013,0.1396,,0.673,0.0306,0.243,NOMINAL,NOMINAL,NORMAL,0,
1642628700.0,1786286375.9288497,1,0.98,0.1364,,0.615,0.0263,0.187,NOMINAL,NOMINAL,TRIGGERED,1,omni_p6
1642629600.0,1786286376.0546308,1,0.9775,0.1342,,0.536,0.042,1.087,NOMINAL,PRE_ALERT,TRIGGERED,2,omni_p6
1642630500.0,1786286376.1799266,1,1.0482,0.1412,,0.649,0.0477,1.082,PRE_ALERT,NOMINAL,NORMAL,0,
1642631400.0,1786286376.3040762,1,1.0775,0.1398,,0.638,0.0309,0.206,NOMINAL,NOMINAL,NORMAL,0,
1642632300.0,1786286376.4289474,1,1.0215,0.1408,,0.662,0.0272,0.191,NOMINAL,NOMINAL,NORMAL,0,
1642633200.0,1786286376.5538056,1,1.0175,0.1332,,0.572,0.0262,0.186,NOMINAL,NOMINAL,NORMAL,0,
1642634100.0,1786286376.6787426,1,0.9692,0.1319,,0.54,0.0273,0.185,NOMINAL,NOMINAL,NORMAL,0,
1642635000.0,1786286376.8038068,1,0.9904,0.1333,,0.564,0.0256,0.186,NOMINAL,NOMINAL,TRIGGERED,1,omni_p6
1642635900.0,1786286376.9295068,1,0.9053,0.1281,,0.542,0.0421,1.065,NOMINAL,PRE_ALERT,TRIGGERED,2,omni_p6
1642636800.0,1786286377.0551803,1,0.9734,0.1265,0.5883,0.506,0.0419,1.062,PRE_ALERT,NOMINAL,NORMAL,0,
1642637700.0,1786286377.178814,1,0.9982,0.133,,0.581,0.0287,0.185,NOMINAL,NOMINAL,NORMAL,0,
1642638600.0,1786286377.3039513,1,1.0463,0.1367,,0.613,0.0294,0.197,NOMINAL,NOMINAL,NORMAL,0,
1642639500.0,1786286377.4288287,1,1.0064,0.1359,,0.585,0.0304,0.197,NOMINAL,NOMINAL,NORMAL,0,
1642640400.0,1786286377.5538375,1,1.039,0.1346,,0.569,0.0285,0.19,NOMINAL,NOMINAL,NORMAL,0,
1642641300.0,1786286377.678737,1,0.978,0.133,,0.55,0.0308,0.186,NOMINAL,NOMINAL,TRIGGERED,1,omni_p6
1642642200.0,1786286377.8046978,1,0.9838,0.1346,,0.55,0.0431,1.112,NOMINAL,PRE_ALERT,TRIGGERED,2,omni_p6
1642643100.0,1786286377.9295177,1,0.945,0.1272,,0.543,0.0418,1.006,PRE_ALERT,NOMINAL,NORMAL,0,
1642644000.0,1786286378.0536678,1,0.9675,0.13,,0.518,0.0259,0.181,NOMINAL,NOMINAL,NORMAL,0,
1642644900.0,1786286378.1786864,1,0.9473,0.1283,,0.567,0.0263,0.177,NOMINAL,NOMINAL,NORMAL,0,
1642645800.0,1786286378.303873,1,0.9907,0.1349,,0.599,0.0286,0.196,NOMINAL,NOMINAL,NORMAL,0,
1642646700.0,1786286378.4287424,1,0.9653,0.1312,,0.578,0.0264,0.184,NOMINAL,NOMINAL,TRIGGERED,1,omni_p6
1642647600.0,1786286378.5546257,1,0.9755,0.1338,,0.561,0.0434,1.08,NOMINAL,PRE_ALERT,TRIGGERED,2,omni_p6
1642648500.0,1786286378.679567,1,0.9552,0.1307,,0.556,0.0405,1.035,PRE_ALERT,NOMINAL,NORMAL,0,
1642649400.0,1786286378.803818,1,0.9855,0.1316,,0.577,0.0261,0.183,NOMINAL,NOMINAL,NORMAL,0,
1642650300.0,1786286378.928645,1,0.9044,0.1249,,0.577,0.0245,0.172,NOMINAL,NOMINAL,NORMAL,0,
1642651200.0,1786286379.0536857,1,0.9785,0.1281,,0.538,0.0254,0.178,NOMINAL,NOMINAL,NORMAL,0,
1642652100.0,1786286379.1786532,1,0.9411,0.1267,,0.536,0.0246,0.173,NOMINAL,NOMINAL,NORMAL,0,
1642653000.0,1786286379.3037348,1,0.9492,0.126,,0.587,0.0267,0.181,NOMINAL,NOMINAL,NORMAL,0,
1642653900.0,1786286379.4287648,1,0.9649,0.1317,,0.581,0.0275,0.186,NOMINAL,NOMINAL,NORMAL,0,
1642654800.0,1786286379.55464,1,1.2126,0.1498,,0.867,0.0329,0.235,NOMINAL,NOMINAL,NORMAL,0,
1642655700.0,1786286379.6796544,1,1.1962,0.1484,,0.825,0.0338,0.231,NOMINAL,NOMINAL,NORMAL,0,
1642656600.0,1786286379.8042145,1,1.1141,0.1416,,0.67,0.0311,0.244,NOMINAL,NOMINAL,NORMAL,0,
1642657500.0,1786286379.928896,1,1.0035,0.1332,,0.615,0.0281,0.195,NOMINAL,NOMINAL,NORMAL,0,
1642658400.0,1786286380.0538723,1,1.0656,0.1348,,0.55,0.0276,0.193,NOMINAL,NOMINAL,NORMAL,0,
1642659300.0,1786286380.1786962,1,0.9593,0.131,,0.537,0.0267,0.184,NOMINAL,NOMINAL,NORMAL,0,
1642660200.0,1786286380.3037808,1,0.9646,0.1308,,0.578,0.0267,0.184,NOMINAL,NOMINAL,NORMAL,0,
1642661100.0,1786286380.4299793,1,1.0815,0.1423,,0.622,0.0311,0.209,NOMINAL,NOMINAL,NORMAL,0,
1642662000.0,1786286380.5543427,1,0.9895,0.1352,,0.573,0.0267,0.189,NOMINAL,NOMINAL,NORMAL,0,
1642662900.0,1786286380.680236,1,1.1956,0.1557,,0.852,0.0343,0.26,NOMINAL,NOMINAL,NORMAL,0,
1642663800.0,1786286380.804733,1,1.1151,0.1441,,0.705,0.0279,0.204,NOMINAL,NOMINAL,TRIGGERED,1,omni_p6
1642664700.0,1786286380.930304,1,1.0234,0.1384,,0.58,0.0429,1.096,NOMINAL,PRE_ALERT,TRIGGERED,2,omni_p6
1642665600.0,1786286381.0563843,1,1.2519,0.1552,,0.902,0.0537,1.175,PRE_ALERT,NOMINAL,NORMAL,0,
1642666500.0,1786286381.1795979,1,1.1204,0.1431,,0.625,0.0283,0.195,NOMINAL,NOMINAL,NORMAL,0,
1642667400.0,1786286381.304402,1,1.0008,0.1361,,0.62,0.0268,0.192,NOMINAL,NOMINAL,TRIGGERED,1,omni_p6
1642668300.0,1786286381.429269,1,0.9977,0.1246,,0.569,0.0276,0.186,NOMINAL,NOMINAL,NORMAL,0,
1642669200.0,1786286381.5541203,1,0.8842,0.128,,0.549,0.0238,0.177,NOMINAL,NOMINAL,TRIGGERED,1,omni_p6
1642670100.0,1786286381.6801605,1,0.9543,0.1322,,0.562,0.0423,1.111,NOMINAL,PRE_ALERT,TRIGGERED,2,omni_p6
1642671000.0,1786286381.8042755,1,0.951,0.13,,0.554,0.0241,0.212,PRE_ALERT,PRE_ALERT,TRIGGERED,3,omni_p6
1642671900.0,1786286381.9299624,1,0.9182,0.1256,,0.506,0.0399,1.024,PRE_ALERT,NOMINAL,NORMAL,0,
1642672800.0,1786286382.0543447,1,1.02,0.135,,0.532,0.0285,0.192,NOMINAL,NOMINAL,NORMAL,0,
1642673700.0,1786286382.1792257,1,0.9848,0.1338,,0.536,0.0245,0.174,NOMINAL,NOMINAL,TRIGGERED,1,omni_p6
1642674600.0,1786286382.3042173,1,0.9515,0.1315,,0.526,0.026,0.211,NOMINAL,NOMINAL,NORMAL,0,
1642675500.0,1786286382.429342,1,1.0262,0.1356,,0.567,0.0258,0.186,NOMINAL,NOMINAL,TRIGGERED,1,omni_p6
1642676400.0,1786286382.5553093,1,1.0273,0.1375,,0.58,0.0445,1.104,NOMINAL,PRE_ALERT,TRIGGERED,2,omni_p6
1642677300.0,1786286382.6793492,1,1.0096,0.1395,,0.569,0.0273,0.186,PRE_ALERT,PRE_ALERT,TRIGGERED,3,omni_p6
1642678200.0,1786286382.8053563,1,1.0283,0.1325,,0.644,0.0459,1.077,PRE_ALERT,NOMINAL,NORMAL,0,
1642679100.0,1786286382.9292965,1,1.0163,0.1341,,0.546,0.0288,0.185,NOMINAL,NOMINAL,NORMAL,0,
1642680000.0,1786286383.0542488,1,0.9679,0.1365,,0.513,0.0266,0.185,NOMINAL,NOMINAL,TRIGGERED,1,omni_p6
1642680900.0,1786286383.1801982,1,0.9731,0.1376,,0.567,0.0439,1.108,NOMINAL,PRE_ALERT,TRIGGERED,2,omni_p6
1642681800.0,1786286383.3043773,1,1.0068,0.1374,,0.604,0.0284,0.19,PRE_ALERT,PRE_ALERT,TRIGGERED,3,omni_p6
1642682700.0,1786286383.4302895,1,1.0869,0.1458,,0.519,0.0421,1.078,PRE_ALERT,ALERT,TRIGGERED,4,omni_p6
1642683600.0,1786286383.5553393,1,1.0598,0.1424,,0.591,0.0441,1.052,ALERT,NOMINAL,NORMAL,0,
1642684500.0,1786286383.6804862,1,1.2793,0.1592,,0.944,0.0349,0.265,NOMINAL,NOMINAL,NORMAL,0,
1642685400.0,1786286383.8047206,1,1.1237,0.1457,,0.695,0.0321,0.22,NOMINAL,NOMINAL,NORMAL,0,
1642686300.0,1786286383.9293215,1,1.0396,0.1401,,0.53,0.0237,0.172,NOMINAL,NOMINAL,TRIGGERED,1,omni_p6
1642687200.0,1786286384.0551028,1,0.9929,0.1381,,0.482,0.0403,1.068,NOMINAL,PRE_ALERT,TRIGGERED,2,omni_p6
1642688100.0,1786286384.179259,1,0.9757,0.1395,,0.551,0.0271,0.184,PRE_ALERT,PRE_ALERT,TRIGGERED,3,omni_p6
1642689000.0,1786286384.3052068,1,0.9703,0.1365,,0.566,0.0463,1.104,PRE_ALERT,ALERT,TRIGGERED,4,omni_p6
1642689900.0,1786286384.43005,1,0.9694,0.1329,,0.542,0.0401,1.009,ALERT,NOMINAL,NORMAL,0,
1642690800.0,1786286384.5553932,1,1.2565,0.1586,,0.906,0.0348,0.238,NOMINAL,NOMINAL,NORMAL,0,
1642691700.0,1786286384.6804495,1,1.2703,0.1615,,0.932,0.0331,0.243,NOMINAL,NOMINAL,TRIGGERED,1,omni_p6
1642692600.0,1786286384.8046744,1,1.084,0.1453,,0.697,0.0321,0.217,NOMINAL,NOMINAL,NORMAL,0,
1642693500.0,1786286384.929467,1,1.0217,0.1414,,0.614,0.0314,0.202,NOMINAL,NOMINAL,TRIGGERED,1,omni_p6
1642694400.0,1786286385.0542815,1,0.9497,0.135,,0.546,0.0266,0.211,NOMINAL,NOMINAL,NORMAL,0,
1642695300.0,1786286385.1791692,1,0.9312,0.1307,,0.537,0.0227,0.171,NOMINAL,NOMINAL,TRIGGERED,1,omni_p6
1642696200.0,1786286385.3041518,1,0.9023,0.1262,,0.532,0.027,0.204,NOMINAL,NOMINAL,NORMAL,0,
1642697100.0,1786286385.4291182,1,0.9202,0.1275,,0.523,0.0243,0.171,NOMINAL,NOMINAL,NORMAL,0,
1642698000.0,1786286385.5544276,1,0.9899,0.1328,,0.621,0.0266,0.19,NOMINAL,NOMINAL,TRIGGERED,1,omni_p6
1642698900.0,1786286385.6802359,1,1.1874,0.1507,,0.863,0.033,0.259,NOMINAL,NOMINAL,NORMAL,0,
1642699800.0,1786286385.8046243,1,1.0678,0.1406,,0.692,0.0292,0.205,NOMINAL,NOMINAL,NORMAL,0,
1642700700.0,1786286385.9293263,1,0.9933,0.1301,,0.579,0.0239,0.176,NOMINAL,NOMINAL,NORMAL,0,
1642701600.0,1786286386.0541925,1,0.936,0.1316,,0.522,0.0249,0.177,NOMINAL,NOMINAL,NORMAL,0,
1642702500.0,1786286386.179274,1,0.9642,0.1279,,0.574,0.0261,0.184,NOMINAL,NOMINAL,NORMAL,0,
1642703400.0,1786286386.3043032,1,0.9745,0.1318,,0.553,0.0264,0.213,NOMINAL,NOMINAL,NORMAL,0,
1642704300.0,1786286386.4292126,1,0.971,0.1367,,0.534,0.0245,0.178,NOMINAL,NOMINAL,TRIGGERED,1,omni_p6
1642705200.0,1786286386.5546818,1,1.0828,0.139,,0.686,0.0306,0.207,NOMINAL,NOMINAL,NORMAL,0,
1642706100.0,1786286386.6793363,1,0.9927,0.1331,,0.609,0.0287,0.191,NOMINAL,NOMINAL,NORMAL,0,
1642707000.0,1786286386.8043213,1,0.9677,0.1338,,0.579,0.0275,0.223,NOMINAL,NOMINAL,NORMAL,0,
1642707900.0,1786286386.9293315,1,1.0067,0.1319,,0.571,0.0264,0.183,NOMINAL,NOMINAL,NORMAL,0,
1642708800.0,1786286387.0541415,1,0.9309,0.1299,,0.51,0.0246,0.173,NOMINAL,NOMINAL,NORMAL,0,
1642709700.0,1786286387.179325,1,0.9875,0.1334,,0.59,0.0279,0.19,NOMINAL,NOMINAL,NORMAL,0,
1642710600.0,1786286387.3044257,1,1.0104,0.1329,,0.645,0.0276,0.193,NOMINAL,NOMINAL,NORMAL,0,
1642711500.0,1786286387.4292874,1,0.9899,0.1386,,0.569,0.0277,0.186,NOMINAL,NOMINAL,NORMAL,0,
1642712400.0,1786286387.5544882,1,1.0223,0.1353,,0.637,0.0281,0.192,NOMINAL,NOMINAL,NORMAL,0,
1642713300.0,1786286387.679237,1,0.9333,0.1305,,0.585,0.0253,0.182,NOMINAL,NOMINAL,NORMAL,0,
1642714200.0,1786286387.8041525,1,0.8809,0.128,,0.546,0.0229,0.204,NOMINAL,NOMINAL,TRIGGERED,1,omni_p6
1642715100.0,1786286387.9293025,1,0.9717,0.1284,,0.572,0.0278,0.187,NOMINAL,NOMINAL,NORMAL,0,
1642716000.0,1786286388.0541875,1,0.9152,0.1274,,0.554,0.0254,0.179,NOMINAL,NOMINAL,NORMAL,0,
1642716900.0,1786286388.1793203,1,0.9749,0.1303,,0.58,0.0263,0.182,NOMINAL,NOMINAL,NORMAL,0,
1642717800.0,1786286388.3042629,1,0.9485,0.126,,0.554,0.0613,0.221,NOMINAL,NOMINAL,NORMAL,0,
1642718700.0,1786286388.4289875,1,0.8531,0.1208,,0.492,0.0241,0.16,NOMINAL,NOMINAL,NORMAL,0,
1642719600.0,1786286388.5543537,1,0.9593,0.1288,,0.601,0.0263,0.183,NOMINAL,NOMINAL,NORMAL,0,
1642720500.0,1786286388.6792169,1,0.9535,0.1299,,0.533,0.025,0.178,NOMINAL,NOMINAL,TRIGGERED,1,omni_p6
1642721400.0,1786286388.8041048,1,0.9013,0.1266,,0.516,0.0245,0.174,NOMINAL,NOMINAL,NORMAL,0,
1642722300.0,1786286388.9291568,1,0.9169,0.1251,,0.531,0.0242,0.174,NOMINAL,NOMINAL,NORMAL,0,
1642723200.0,1786286389.0546572,1,0.8664,0.1192,0.5828,0.481,0.0241,0.168,NOMINAL,NOMINAL,NORMAL,0,
1642724100.0,1786286389.179219,1,0.9479,0.1285,,0.571,0.0259,0.177,NOMINAL,NOMINAL,NORMAL,0,
1642725000.0,1786286389.304208,1,0.9228,0.1255,,0.55,0.0252,0.211,NOMINAL,NOMINAL,NORMAL,0,
1642725900.0,1786286389.4291093,1,0.9179,0.1252,,0.521,0.024,0.172,NOMINAL,NOMINAL,TRIGGERED,1,omni_p6
1642726800.0,1786286389.5561728,1,1.1844,0.1504,,0.892,0.0538,1.166,NOMINAL,PRE_ALERT,TRIGGERED,2,omni_p6
1642727700.0,1786286389.6812003,1,1.1822,0.1505,,0.895,0.055,1.168,PRE_ALERT,NOMINAL,NORMAL,0,
1642728600.0,1786286389.8045816,1,1.0682,0.1402,,0.655,0.028,0.218,NOMINAL,NOMINAL,NORMAL,0,
1642729500.0,1786286389.9293654,1,1.0333,0.1325,,0.552,0.0272,0.18,NOMINAL,NOMINAL,NORMAL,0,
1642730400.0,1786286390.0541239,1,0.9325,0.1281,,0.502,0.0256,0.173,NOMINAL,NOMINAL,NORMAL,0,
1642731300.0,1786286390.1790297,1,0.8921,0.1223,,0.51,0.0234,0.165,NOMINAL,NOMINAL,NORMAL,0,
1642732200.0,1786286390.304159,1,0.9098,0.1264,,0.529,0.0237,0.209,NOMINAL,NOMINAL,TRIGGERED,1,omni_p6
1642733100.0,1786286390.4299622,1,0.8696,0.1248,,0.501,0.0391,1.079,NOMINAL,PRE_ALERT,TRIGGERED,2,omni_p6
1642734000.0,1786286390.5549128,1,0.8607,0.1183,,0.535,0.0386,1.012,PRE_ALERT,NOMINAL,NORMAL,0,
1642734900.0,1786286390.6802976,1,1.1875,0.1471,,0.882,0.0357,0.266,NOMINAL,NOMINAL,NORMAL,0,
1642735800.0,1786286390.8044763,1,1.0444,0.138,,0.633,0.0261,0.192,NOMINAL,NOMINAL,NORMAL,0,
1642736700.0,1786286390.9293768,1,1.0123,0.1321,,0.57,0.0258,0.185,NOMINAL,NOMINAL,NORMAL,0,
1642737600.0,1786286391.0541534,1,0.9408,0.1315,,0.512,0.0248,0.177,NOMINAL,NOMINAL,NORMAL,0,
1642738500.0,1786286391.1790886,1,0.9133,0.128,,0.505,0.0217,0.168,NOMINAL,NOMINAL,TRIGGERED,1,omni_p6
1642739400.0,1786286391.3041477,1,0.911,0.1273,,0.523,0.0244,0.204,NOMINAL,NOMINAL,NORMAL,0,
1642740300.0,1786286391.4289536,1,0.8401,0.1244,,0.49,0.0221,0.159,NOMINAL,NOMINAL,NORMAL,0,
1642741200.0,1786286391.5544856,1,0.9998,0.135,,0.632,0.0263,0.19,NOMINAL,NOMINAL,NORMAL,0,
1642742100.0,1786286391.6795173,1,1.032,0.1362,,0.644,0.027,0.199,NOMINAL,NOMINAL,NORMAL,0,
1642743000.0,1786286391.804251,1,0.956,0.1308,,0.548,0.0519,0.214,NOMINAL,NOMINAL,NORMAL,0,
1642743900.0,1786286391.9292612,1,0.9788,0.13,,0.536,0.0258,0.175,NOMINAL,NOMINAL,NORMAL,0,
1642744800.0,1786286392.0541143,1,0.913,0.1256,,0.499,0.0257,0.176,NOMINAL,NOMINAL,NORMAL,0,
1642745700.0,1786286392.1790574,1,0.897,0.1249,,0.506,0.0228,0.167,NOMINAL,NOMINAL,NORMAL,0,
1642746600.0,1786286392.304024,1,0.8778,0.1223,,0.51,0.0224,0.164,NOMINAL,NOMINAL,NORMAL,0,
1642747500.0,1786286392.4290175,1,0.8597,0.1201,,0.493,0.0226,0.163,NOMINAL,NOMINAL,NORMAL,0,
1642748400.0,1786286392.554107,1,0.8875,0.1224,,0.53,0.0236,0.166,NOMINAL,NOMINAL,NORMAL,0,
1642749300.0,1786286392.6794312,1,0.9899,0.1322,,0.636,0.0286,0.194,NOMINAL,NOMINAL,NORMAL,0,
1642750200.0,1786286392.8042185,1,0.9272,0.1277,,0.551,0.0242,0.211,NOMINAL,NOMINAL,NORMAL,0,
1642751100.0,1786286392.9292483,1,0.9647,0.1285,,0.547,0.0238,0.177,NOMINAL,NOMINAL,NORMAL,0,
1642752000.0,1786286393.0541124,1,0.9062,0.1249,,0.509,0.0246,0.175,NOMINAL,NOMINAL,NORMAL,0,
1642752900.0,1786286393.1790638,1,0.8916,0.1203,,0.517,0.0237,0.17,NOMINAL,NOMINAL,NORMAL,0,
1642753800.0,1786286393.304234,1,0.9179,0.1249,,0.561,0.0256,0.218,NOMINAL,NOMINAL,NORMAL,0,
1642754700.0,1786286393.4289584,1,0.851,0.1253,,0.468,0.0213,0.157,NOMINAL,NOMINAL,TRIGGERED,1,omni_p6
1642755600.0,1786286393.554073,1,0.8699,0.1216,,0.527,0.0236,0.162,NOMINAL,NOMINAL,NORMAL,0,
1642756500.0,1786286393.6803038,1,1.17,0.1494,,0.901,0.0688,0.286,NOMINAL,NOMINAL,NORMAL,0,
1642757400.0,1786286393.8043377,1,0.9922,0.1342,,0.607,0.0264,0.181,NOMINAL,NOMINAL,NORMAL,0,
1642758300.0,1786286393.9292877,1,0.9861,0.1305,,0.552,0.026,0.177,NOMINAL,NOMINAL,NORMAL,0,
1642759200.0,1786286394.0540109,1,0.8642,0.1214,,0.506,0.0228,0.164,NOMINAL,NOMINAL,NORMAL,0,
1642760100.0,1786286394.1791883,1,0.925,0.1302,,0.562,0.0235,0.176,NOMINAL,NOMINAL,TRIGGERED,1,omni_p6
1642761000.0,1786286394.3050585,1,0.9015,0.1268,,0.526,0.0413,1.129,NOMINAL,PRE_ALERT,TRIGGERED,2,omni_p6
1642761900.0,1786286394.4298046,1,0.87,0.1218,,0.494,0.038,0.95,PRE_ALERT,NOMINAL,NORMAL,0,
1642762800.0,1786286394.555086,1,1.1509,0.1517,,0.843,0.031,0.232,NOMINAL,NOMINAL,NORMAL,0,
1642763700.0,1786286394.6802418,1,1.1852,0.1509,,0.864,0.0318,0.258,NOMINAL,NOMINAL,NORMAL,0,
1642764600.0,1786286394.804497,1,1.0585,0.1397,,0.623,0.0277,0.196,NOMINAL,NOMINAL,NORMAL,0,
1642765500.0,1786286394.9293437,1,1.0065,0.1296,,0.569,0.0252,0.184,NOMINAL,NOMINAL,NORMAL,0,
1642766400.0,1786286395.0540903,1,0.9029,0.1275,,0.494,0.0218,0.168,NOMINAL,NOMINAL,TRIGGERED,1,omni_p6
1642767300.0,1786286395.180178,1,0.9209,0.1314,,0.564,0.0419,1.158,NOMINAL,PRE_ALERT,TRIGGERED,2,omni_p6
1642768200.0,1786286395.3050425,1,0.9484,0.1278,,0.529,0.0414,1.039,PRE_ALERT,NOMINAL,NORMAL,0,
1642769100.0,1786286395.429122,1,0.9296,0.1282,,0.512,0.0258,0.169,NOMINAL,NOMINAL,NORMAL,0,
1642770000.0,1786286395.5542562,1,0.9443,0.1288,,0.561,0.0247,0.179,NOMINAL,NOMINAL,NORMAL,0,
1642770900.0,1786286395.6802795,1,1.1892,0.1477,,0.881,0.0331,0.284,NOMINAL,NOMINAL,NORMAL,0,
1642771800.0,1786286395.804778,1,1.1286,0.1427,,0.721,0.03,0.212,NOMINAL,NOMINAL,NORMAL,0,
1642772700.0,1786286395.9294643,1,1.0639,0.1389,,0.591,0.0254,0.186,NOMINAL,NOMINAL,TRIGGERED,1,omni_p6
1642773600.0,1786286396.055215,1,1.0067,0.1351,,0.528,0.0428,1.103,NOMINAL,PRE_ALERT,TRIGGERED,2,omni_p6
1642774500.0,1786286396.1800845,1,0.9805,0.1351,,0.542,0.0436,1.007,PRE_ALERT,NOMINAL,NORMAL,0,
1642775400.0,1786286396.3042803,1,0.9718,0.13,,0.546,0.0273,0.218,NOMINAL,NOMINAL,NORMAL,0,
1642776300.0,1786286396.4290996,1,0.9301,0.1282,,0.513,0.0241,0.163,NOMINAL,NOMINAL,NORMAL,0,
1642777200.0,1786286396.55414,1,0.9068,0.1274,,0.528,0.0238,0.167,NOMINAL,NOMINAL,NORMAL,0,
1642778100.0,1786286396.679131,1,0.9046,0.1265,,0.547,0.0242,0.169,NOMINAL,NOMINAL,NORMAL,0,
1642779000.0,1786286396.8045132,1,1.0089,0.1355,,0.667,0.0266,0.196,NOMINAL,NOMINAL,TRIGGERED,1,omni_p6
1642779900.0,1786286396.9293158,1,1.0,0.1369,,0.566,0.0265,0.184,NOMINAL,NOMINAL,NORMAL,0,
1642780800.0,1786286397.054069,1,0.8861,0.1232,,0.513,0.0244,0.17,NOMINAL,NOMINAL,NORMAL,0,
1642781700.0,1786286397.1791532,1,0.9177,0.1236,,0.537,0.0252,0.177,NOMINAL,NOMINAL,NORMAL,0,
1642782600.0,1786286397.304203,1,0.9121,0.125,,0.561,0.0249,0.211,NOMINAL,NOMINAL,NORMAL,0,
1642783500.0,1786286397.4290247,1,0.866,0.12,,0.505,0.0238,0.164,NOMINAL,NOMINAL,NORMAL,0,
1642784400.0,1786286397.5541275,1,0.8809,0.1229,,0.553,0.0237,0.173,NOMINAL,NOMINAL,NORMAL,0,
1642785300.0,1786286397.6790628,1,0.891,0.1213,,0.515,0.0229,0.165,NOMINAL,NOMINAL,NORMAL,0,
1642786200.0,1786286397.8044395,1,0.9841,0.1285,,0.643,0.0283,0.193,NOMINAL,NOMINAL,NORMAL,0,
1642787100.0,1786286397.929305,1,0.9862,0.1258,,0.572,0.0258,0.184,NOMINAL,NOMINAL,NORMAL,0,
1642788000.0,1786286398.054128,1,0.9163,0.1272,,0.5,0.0259,0.175,NOMINAL,NOMINAL,NORMAL,0,
1642788900.0,1786286398.179141,1,0.9228,0.1233,,0.544,0.0257,0.177,NOMINAL,NOMINAL,NORMAL,0,
1642789800.0,1786286398.3042486,1,0.9389,0.1258,,0.553,0.0583,0.218,NOMINAL,NOMINAL,NORMAL,0,
1642790700.0,1786286398.4291003,1,0.9146,0.1237,,0.521,0.0247,0.171,NOMINAL,NOMINAL,NORMAL,0,
1642791600.0,1786286398.554148,1,0.8926,0.1193,,0.526,0.0244,0.172,NOMINAL,NOMINAL,NORMAL,0,
1642792500.0,1786286398.6790361,1,0.8657,0.123,,0.523,0.0246,0.167,NOMINAL,NOMINAL,NORMAL,0,
1642793400.0,1786286398.8044684,1,0.9959,0.1291,,0.666,0.0294,0.195,NOMINAL,NOMINAL,NORMAL,0,
1642794300.0,1786286398.9293163,1,0.9948,0.1278,,0.567,0.0272,0.185,NOMINAL,NOMINAL,NORMAL,0,
1642795200.0,1786286399.0541043,1,0.9084,0.1221,,0.513,0.026,0.18,NOMINAL,NOMINAL,NORMAL,0,
1642796100.0,1786286399.1791294,1,0.9108,0.1215,,0.538,0.0251,0.177,NOMINAL,NOMINAL,NORMAL,0,
1642797000.0,1786286399.3040729,1,0.8989,0.1225,,0.522,0.0252,0.175,NOMINAL,NOMINAL,NORMAL,0,
1642797900.0,1786286399.4301498,1,1.1986,0.1457,,0.851,0.0334,0.238,NOMINAL,NOMINAL,NORMAL,0,
1642798800.0,1786286399.555135,1,1.1849,0.1448,,0.85,0.0338,0.233,NOMINAL,NOMINAL,NORMAL,0,
1642799700.0,1786286399.6802773,1,1.1805,0.151,,0.879,0.0655,0.276,NOMINAL,NOMINAL,TRIGGERED,1,omni_p6
1642800600.0,1786286399.8047812,1,1.1372,0.1385,,0.704,0.0309,0.209,NOMINAL,NOMINAL,NORMAL,0,
1642801500.0,1786286399.9294584,1,1.0623,0.1321,,0.596,0.0252,0.19,NOMINAL,NOMINAL,NORMAL,0,
1642802400.0,1786286400.054699,1,1.1076,0.1392,,0.658,0.0302,0.214,NOMINAL,NOMINAL,NORMAL,0,
1642803300.0,1786286400.17937,1,1.03,0.1339,,0.573,0.0304,0.199,NOMINAL,NOMINAL,NORMAL,0,
1642804200.0,1786286400.3042967,1,0.9732,0.1304,,0.561,0.0276,0.226,NOMINAL,NOMINAL,NORMAL,0,
1642805100.0,1786286400.429042,1,0.9084,0.1273,,0.491,0.024,0.164,NOMINAL,NOMINAL,TRIGGERED,1,omni_p6
1642806000.0,1786286400.5549781,1,0.8736,0.1225,,0.513,0.0403,1.087,NOMINAL,PRE_ALERT,TRIGGERED,2,omni_p6
1642806900.0,1786286400.6811485,1,1.17,0.1467,,0.847,0.0524,1.183,PRE_ALERT,NOMINAL,NORMAL,0,
1642807800.0,1786286400.8047597,1,1.1203,0.1425,,0.666,0.0297,0.215,NOMINAL,NOMINAL,NORMAL,0,
1642808700.0,1786286400.9296868,1,1.1336,0.1396,,0.649,0.0284,0.205,NOMINAL,NOMINAL,NORMAL,0,
1642809600.0,1786286401.0549042,1,0.9827,0.1256,0.5892,0.527,0.0275,0.186,NOMINAL,NOMINAL,NORMAL,0,
1642810500.0,1786286401.1793172,1,1.0267,0.1312,,0.561,0.0279,0.186,NOMINAL,NOMINAL,NORMAL,0,
1642811400.0,1786286401.304335,1,0.9929,0.1318,,0.584,0.0261,0.186,NOMINAL,NOMINAL,TRIGGERED,1,omni_p6
1642812300.0,1786286401.4300723,1,0.9596,0.1288,,0.52,0.0406,1.082,NOMINAL,PRE_ALERT,TRIGGERED,2,omni_p6
1642813200.0,1786286401.555102,1,0.9612,0.1273,,0.541,0.0412,1.018,PRE_ALERT,NOMINAL,NORMAL,0,
1642814100.0,1786286401.679224,1,0.9495,0.1287,,0.546,0.0254,0.173,NOMINAL,NOMINAL,NORMAL,0,
1642815000.0,1786286401.8042223,1,0.9399,0.1284,,0.539,0.0252,0.202,NOMINAL,NOMINAL,NORMAL,0,
1642815900.0,1786286401.9297147,1,1.1059,0.1377,,0.694,0.0304,0.208,NOMINAL,NOMINAL,NORMAL,0,
1642816800.0,1786286402.0541425,1,0.9306,0.1276,,0.51,0.0252,0.174,NOMINAL,NOMINAL,NORMAL,0,
1642817700.0,1786286402.1791286,1,0.9176,0.1277,,0.533,0.0224,0.17,NOMINAL,NOMINAL,TRIGGERED,1,omni_p6
1642818600.0,1786286402.3041987,1,0.9273,0.1236,,0.54,0.0255,0.205,NOMINAL,NOMINAL,NORMAL,0,
1642819500.0,1786286402.4290483,1,0.8764,0.1212,,0.512,0.0226,0.161,NOMINAL,NOMINAL,NORMAL,0,
1642820400.0,1786286402.5540276,1,0.865,0.118,,0.507,0.0231,0.16,NOMINAL,NOMINAL,NORMAL,0,
1642821300.0,1786286402.679124,1,0.903,0.1213,,0.543,0.0236,0.17,NOMINAL,NOMINAL,NORMAL,0,
1642822200.0,1786286402.8041835,1,0.9046,0.1248,,0.554,0.0231,0.202,NOMINAL,NOMINAL,NORMAL,0,
1642823100.0,1786286402.9295607,1,1.0443,0.1323,,0.663,0.0268,0.196,NOMINAL,NOMINAL,NORMAL,0,
1642824000.0,1786286403.0540884,1,0.9066,0.1262,,0.515,0.0226,0.166,NOMINAL,NOMINAL,TRIGGERED,1,omni_p6
1642824900.0,1786286403.1792207,1,0.9542,0.1277,,0.552,0.025,0.177,NOMINAL,NOMINAL,NORMAL,0,
1642825800.0,1786286403.3043294,1,0.9707,0.1291,,0.606,0.0262,0.192,NOMINAL,NOMINAL,NORMAL,0,
1642826700.0,1786286403.4290426,1,0.9134,0.1259,,0.496,0.0218,0.161,NOMINAL,NOMINAL,NORMAL,0,
1642827600.0,1786286403.553962,1,0.8632,0.1231,,0.465,0.0199,0.148,NOMINAL,NOMINAL,NORMAL,0,
1642828500.0,1786286403.6792731,1,0.9825,0.1315,,0.548,0.0256,0.182,NOMINAL,NOMINAL,NORMAL,0,
1642829400.0,1786286403.8039675,1,0.8265,0.1197,,0.52,0.0244,0.174,NOMINAL,NOMINAL,NORMAL,0,
1642830300.0,1786286403.929757,1,1.0989,0.1376,,0.721,0.0295,0.217,NOMINAL,NOMINAL,NORMAL,0,
1642831200.0,1786286404.0542123,1,0.9823,0.1328,,0.506,0.0254,0.183,NOMINAL,NOMINAL,NORMAL,0,
1642832100.0,1786286404.1790974,1,0.9044,0.125,,0.534,0.0238,0.175,NOMINAL,NOMINAL,NORMAL,0,
1642833000.0,1786286404.3041449,1,0.9133,0.1249,,0.536,0.025,0.209,NOMINAL,NOMINAL,NORMAL,0,
1642833900.0,1786286404.4290695,1,0.9079,0.1212,,0.513,0.0231,0.164,NOMINAL,NOMINAL,NORMAL,0,
1642834800.0,1786286404.5551412,1,1.1703,0.1439,,0.884,0.0317,0.24,NOMINAL,NOMINAL,NORMAL,0,
1642835700.0,1786286404.6802957,1,1.1937,0.1467,,0.884,0.0359,0.265,NOMINAL,NOMINAL,NORMAL,0,
1642836600.0,1786286404.804582,1,1.1216,0.1415,,0.618,0.0275,0.18,NOMINAL,NOMINAL,NORMAL,0,
1642837500.0,1786286404.9296188,1,1.0902,0.1332,,0.654,0.0291,0.205,NOMINAL,NOMINAL,NORMAL,0,
1642838400.0,1786286405.0541892,1,0.9873,0.1322,,0.479,0.0248,0.163,NOMINAL,NOMINAL,NORMAL,0,
1642839300.0,1786286405.179251,1,0.9819,0.1302,,0.546,0.024,0.176,NOMINAL,NOMINAL,TRIGGERED,1,omni_p6
1642840200.0,1786286405.305165,1,0.9475,0.1267,,0.546,0.0654,1.142,NOMINAL,PRE_ALERT,TRIGGERED,2,omni_p6
1642841100.0,1786286405.4296532,1,0.8195,0.1161,,0.449,0.0321,0.91,PRE_ALERT,NOMINAL,NORMAL,0,
1642842000.0,1786286405.5540533,1,0.8753,0.1204,,0.499,0.0238,0.165,NOMINAL,NOMINAL,NORMAL,0,
1642842900.0,1786286405.6802948,1,1.206,0.1493,,0.865,0.0845,0.297,NOMINAL,NOMINAL,NORMAL,0,
1642843800.0,1786286405.804524,1,1.0729,0.1355,,0.648,0.0286,0.195,NOMINAL,NOMINAL,NORMAL,0,
1642844700.0,1786286405.929118,1,0.9045,0.1239,,0.527,0.024,0.172,NOMINAL,NOMINAL,NORMAL,0,
1642845600.0,1786286406.054421,1,1.0264,0.1379,,0.568,0.0253,0.195,NOMINAL,NOMINAL,TRIGGERED,1,omni_p6
1642846500.0,1786286406.1790786,1,0.8922,0.116,,0.524,0.0268,0.183,NOMINAL,NOMINAL,NORMAL,0,
1642847400.0,1786286406.3043284,1,0.9601,0.1268,,0.583,0.0292,0.226,NOMINAL,NOMINAL,NORMAL,0,
1642848300.0,1786286406.4288805,1,0.7957,0.1383,,0.489,0.0204,0.157,NOMINAL,NOMINAL,NORMAL,0,
1642849200.0,1786286406.5538142,1,0.7653,0.1122,,0.475,0.0214,0.15,NOMINAL,NOMINAL,NORMAL,0,
1642850100.0,1786286406.6788974,1,0.8086,0.1142,,0.48,0.0235,0.168,NOMINAL,NOMINAL,NORMAL,0,
1642851000.0,1786286406.8050146,1,1.1647,0.1448,,0.839,0.0331,0.222,NOMINAL,NOMINAL,NORMAL,0,
1642851900.0,1786286406.9290938,1,0.8547,0.122,,0.561,0.0236,0.18,NOMINAL,NOMINAL,TRIGGERED,1,omni_p6
1642852800.0,1786286407.0544848,1,1.0475,0.1355,,0.578,0.0299,0.195,NOMINAL,NOMINAL,NORMAL,0,
1642853700.0,1786286407.1792762,1,0.9973,0.1293,,0.544,0.0268,0.182,NOMINAL,NOMINAL,NORMAL,0,
1642854600.0,1786286407.3042383,1,0.9607,0.1288,,0.543,0.0413,0.203,NOMINAL,NOMINAL,NORMAL,0,
1642855500.0,1786286407.4291177,1,0.9485,0.1235,,0.512,0.0234,0.164,NOMINAL,NOMINAL,NORMAL,0,
1642856400.0,1786286407.5541956,1,0.9344,0.1261,,0.536,0.0241,0.167,NOMINAL,NOMINAL,NORMAL,0,
1642857300.0,1786286407.6792002,1,0.931,0.1292,,0.562,0.0229,0.175,NOMINAL,NOMINAL,TRIGGERED,1,omni_p6
1642858200.0,1786286407.8051643,1,0.9316,0.1303,,0.561,0.0709,1.121,NOMINAL,PRE_ALERT,TRIGGERED,2,omni_p6
1642859100.0,1786286407.9299827,1,0.9434,0.1241,,0.515,0.0405,0.986,PRE_ALERT,NOMINAL,NORMAL,0,
1642860000.0,1786286408.0546,1,1.0705,0.1365,,0.607,0.0286,0.197,NOMINAL,NOMINAL,NORMAL,0,
1642860900.0,1786286408.1793666,1,1.0146,0.1302,,0.558,0.0273,0.19,NOMINAL,NOMINAL,NORMAL,0,
1642861800.0,1786286408.304378,1,1.005,0.1305,,0.608,0.0264,0.189,NOMINAL,NOMINAL,NORMAL,0,
1642862700.0,1786286408.4291835,1,0.9753,0.1275,,0.515,0.0229,0.173,NOMINAL,NOMINAL,NORMAL,0,
1642863600.0,1786286408.5540488,1,0.8864,0.124,,0.491,0.0212,0.16,NOMINAL,NOMINAL,TRIGGERED,1,omni_p6
1642864500.0,1786286408.6800609,1,0.8968,0.1269,,0.536,0.0409,1.102,NOMINAL,PRE_ALERT,TRIGGERED,2,omni_p6
1642865400.0,1786286408.805168,1,0.9474,0.1305,,0.566,0.043,1.073,PRE_ALERT,NOMINAL,NORMAL,0,
1642866300.0,1786286408.9292176,1,0.9538,0.1259,,0.54,0.0233,0.17,NOMINAL,NOMINAL,NORMAL,0,
1642867200.0,1786286409.0543985,1,1.0008,0.1308,,0.583,0.0255,0.19,NOMINAL,NOMINAL,NORMAL,0,
1642868100.0,1786286409.1793394,1,0.9963,0.1314,,0.563,0.0283,0.19,NOMINAL,NOMINAL,NORMAL,0,
1642869000.0,1786286409.3042486,1,0.9586,0.1272,,0.54,0.0513,0.208,NOMINAL,NOMINAL,NORMAL,0,
1642869900.0,1786286409.4288652,1,0.8439,0.1181,,0.441,0.0202,0.15,NOMINAL,NOMINAL,NORMAL,0,
1642870800.0,1786286409.5549798,1,1.1468,0.145,,0.81,0.0325,0.23,NOMINAL,NOMINAL,NORMAL,0,
1642871700.0,1786286409.6801467,1,1.1822,0.1463,,0.79,0.033,0.254,NOMINAL,NOMINAL,NORMAL,0,
1642872600.0,1786286409.8042042,1,0.9987,0.1303,,0.505,0.026,0.214,NOMINAL,NOMINAL,NORMAL,0,
1642873500.0,1786286409.9288025,1,0.8458,0.1529,,0.4,0.0174,0.135,NOMINAL,NOMINAL,NORMAL,0,
1642874400.0,1786286410.054506,1,1.0298,0.1341,,0.581,0.0254,0.191,NOMINAL,NOMINAL,NORMAL,0,
1642875300.0,1786286410.180198,1,1.1864,0.145,,0.851,0.0321,0.253,NOMINAL,NOMINAL,NORMAL,0,
1642876200.0,1786286410.3044927,1,1.0398,0.1365,,0.641,0.0282,0.195,NOMINAL,NOMINAL,NORMAL,0,
1642877100.0,1786286410.4291785,1,0.9645,0.1289,,0.518,0.0244,0.172,NOMINAL,NOMINAL,NORMAL,0,
1642878000.0,1786286410.553942,1,0.837,0.1198,,0.47,0.0211,0.16,NOMINAL,NOMINAL,NORMAL,0,
1642878900.0,1786286410.6802535,1,1.184,0.1477,,0.884,0.0314,0.261,NOMINAL,NOMINAL,NORMAL,0,
1642879800.0,1786286410.8045857,1,1.0851,0.1357,,0.647,0.0285,0.198,NOMINAL,NOMINAL,NORMAL,0,
1642880700.0,1786286410.9293668,1,1.0475,0.1318,,0.552,0.0259,0.182,NOMINAL,NOMINAL,NORMAL,0,
1642881600.0,1786286411.0544145,1,0.9782,0.1299,,0.665,0.0263,0.193,NOMINAL,NOMINAL,NORMAL,0,
1642882500.0,1786286411.1794007,1,1.0101,0.1293,,0.635,0.0261,0.187,NOMINAL,NOMINAL,NORMAL,0,
1642883400.0,1786286411.3043067,1,0.9614,0.1238,,0.598,0.0256,0.21,NOMINAL,NOMINAL,NORMAL,0,
1642884300.0,1786286411.429101,1,0.8974,0.1234,,0.554,0.0231,0.165,NOMINAL,NOMINAL,TRIGGERED,1,omni_p6
1642885200.0,1786286411.554019,1,0.8427,0.1189,,0.533,0.0218,0.16,NOMINAL,NOMINAL,NORMAL,0,
1642886100.0,1786286411.6791177,1,0.8738,0.1189,,0.562,0.0232,0.165,NOMINAL,NOMINAL,NORMAL,0,
1642887000.0,1786286411.8040895,1,0.8701,0.1197,,0.566,0.022,0.162,NOMINAL,NOMINAL,NORMAL,0,
1642887900.0,1786286411.9290264,1,0.8448,0.118,,0.523,0.0219,0.159,NOMINAL,NOMINAL,NORMAL,0,
1642888800.0,1786286412.0540538,1,0.8796,0.1192,,0.508,0.0196,0.15,NOMINAL,NOMINAL,NORMAL,0,
1642889700.0,1786286412.1794815,1,1.0072,0.1347,,0.658,0.0275,0.195,NOMINAL,NOMINAL,NORMAL,0,
1642890600.0,1786286412.3042579,1,0.9305,0.1285,,0.582,0.0244,0.201,NOMINAL,NOMINAL,TRIGGERED,1,omni_p6
1642891500.0,1786286412.428968,1,0.849,0.1223,,0.482,0.0198,0.146,NOMINAL,NOMINAL,NORMAL,0,
1642892400.0,1786286412.5540004,1,0.8321,0.1187,,0.527,0.0212,0.154,NOMINAL,NOMINAL,NORMAL,0,
1642893300.0,1786286412.6791184,1,0.8778,0.1212,,0.56,0.0223,0.165,NOMINAL,NOMINAL,NORMAL,0,
1642894200.0,1786286412.8041666,1,0.8903,0.1221,,0.572,0.0222,0.194,NOMINAL,NOMINAL,NORMAL,0,
1642895100.0,1786286412.9290476,1,0.8522,0.1214,,0.533,0.0218,0.16,NOMINAL,NOMINAL,NORMAL,0,
1642896000.0,1786286413.0548694,1,0.9233,0.1181,0.5929,0.545,0.0244,0.175,NOMINAL,NOMINAL,NORMAL,0,
1642896900.0,1786286413.1793902,1,0.9768,0.1297,,0.641,0.0259,0.191,NOMINAL,NOMINAL,TRIGGERED,1,omni_p6
1642897800.0,1786286413.304439,1,0.9909,0.1276,,0.674,0.0272,0.195,NOMINAL,NOMINAL,NORMAL,0,
1642898700.0,1786286413.4291394,1,0.9254,0.1259,,0.55,0.0241,0.175,NOMINAL,NOMINAL,NORMAL,0,
1642899600.0,1786286413.554022,1,0.8738,0.1225,,0.503,0.02,0.15,NOMINAL,NOMINAL,NORMAL,0,
1642900500.0,1786286413.6790195,1,0.8876,0.1211,,0.489,0.0181,0.142,NOMINAL,NOMINAL,NORMAL,0,
1642901400.0,1786286413.804076,1,0.865,0.1205,,0.564,0.0249,0.165,NOMINAL,NOMINAL,NORMAL,0,
1642902300.0,1786286413.9290402,1,0.8469,0.125,,0.524,0.0222,0.16,NOMINAL,NOMINAL,TRIGGERED,1,omni_p6
1642903200.0,1786286414.0550733,1,0.8928,0.1253,,0.551,0.0397,1.086,NOMINAL,PRE_ALERT,TRIGGERED,2,omni_p6
1642904100.0,1786286414.1801665,1,0.947,0.1256,,0.61,0.0414,1.055,PRE_ALERT,NOMINAL,NORMAL,0,
1642905000.0,1786286414.304354,1,0.9625,0.1256,,0.632,0.0255,0.186,NOMINAL,NOMINAL,NORMAL,0,
1642905900.0,1786286414.4289818,1,0.8095,0.1213,,0.535,0.0234,0.162,NOMINAL,NOMINAL,NORMAL,0,
1642906800.0,1786286414.5545928,1,0.9621,0.1283,,0.769,0.0325,0.224,NOMINAL,NOMINAL,NORMAL,0,
1642907700.0,1786286414.680231,1,1.1609,0.1465,,0.89,0.0329,0.262,NOMINAL,NOMINAL,NORMAL,0,
1642908600.0,1786286414.804668,1,1.0833,0.1435,,0.716,0.0283,0.204,NOMINAL,NOMINAL,TRIGGERED,1,omni_p6
1642909500.0,1786286414.9301908,1,0.9626,0.1295,,0.598,0.0434,1.086,NOMINAL,PRE_ALERT,TRIGGERED,2,omni_p6
1642910400.0,1786286415.0549464,1,0.929,0.1235,,0.498,0.0362,0.964,PRE_ALERT,NOMINAL,NORMAL,0,
1642911300.0,1786286415.1793108,1,0.9612,0.1285,,0.598,0.0278,0.183,NOMINAL,NOMINAL,NORMAL,0,
1642912200.0,1786286415.3043685,1,0.9627,0.1238,,0.643,0.0278,0.19,NOMINAL,NOMINAL,NORMAL,0,
1642913100.0,1786286415.4290926,1,0.8727,0.1243,,0.548,0.0225,0.166,NOMINAL,NOMINAL,NORMAL,0,
1642914000.0,1786286415.5540135,1,0.84,0.1166,,0.532,0.0229,0.16,NOMINAL,NOMINAL,NORMAL,0,
1642914900.0,1786286415.6801913,1,1.1692,0.1453,,0.852,0.0329,0.254,NOMINAL,NOMINAL,NORMAL,0,
1642915800.0,1786286415.804661,1,1.0766,0.1393,,0.716,0.0288,0.199,NOMINAL,NOMINAL,NORMAL,0,
1642916700.0,1786286415.9292252,1,0.9605,0.1265,,0.572,0.0239,0.174,NOMINAL,NOMINAL,NORMAL,0,
1642917600.0,1786286416.0542216,1,0.9422,0.1255,,0.535,0.0251,0.177,NOMINAL,NOMINAL,NORMAL,0,
1642918500.0,1786286416.179288,1,0.9473,0.1297,,0.605,0.0259,0.176,NOMINAL,NOMINAL,NORMAL,0,
1642919400.0,1786286416.3043628,1,0.9615,0.1285,,0.644,0.0268,0.185,NOMINAL,NOMINAL,NORMAL,0,
1642920300.0,1786286416.4291945,1,0.9358,0.1294,,0.576,0.0226,0.168,NOMINAL,NOMINAL,NORMAL,0,
1642921200.0,1786286416.5540383,1,0.8491,0.1225,,0.537,0.0227,0.162,NOMINAL,NOMINAL,NORMAL,0,
1642922100.0,1786286416.679192,1,0.9125,0.124,,0.59,0.0232,0.171,NOMINAL,NOMINAL,NORMAL,0,
1642923000.0,1786286416.8041868,1,0.9014,0.1232,,0.58,0.0241,0.196,NOMINAL,NOMINAL,NORMAL,0,
1642923900.0,1786286416.9292307,1,0.9354,0.1249,,0.574,0.0234,0.169,NOMINAL,NOMINAL,NORMAL,0,
1642924800.0,1786286417.054195,1,0.9131,0.1262,,0.558,0.0225,0.169,NOMINAL,NOMINAL,TRIGGERED,1,omni_p6
1642925700.0,1786286417.179042,1,0.8715,0.1217,,0.534,0.0229,0.16,NOMINAL,NOMINAL,NORMAL,0,
1642926600.0,1786286417.3046992,1,1.0539,0.1353,,0.736,0.0309,0.207,NOMINAL,NOMINAL,NORMAL,0,
1642927500.0,1786286417.4292917,1,0.9704,0.1265,,0.596,0.0271,0.179,NOMINAL,NOMINAL,NORMAL,0,
1642928400.0,1786286417.5540855,1,0.867,0.1177,,0.549,0.0231,0.166,NOMINAL,NOMINAL,NORMAL,0,
1642929300.0,1786286417.6791136,1,0.8648,0.1197,,0.577,0.0231,0.171,NOMINAL,NOMINAL,NORMAL,0,
1642930200.0,1786286417.8041484,1,0.872,0.1193,,0.581,0.0253,0.196,NOMINAL,NOMINAL,NORMAL,0,
1642931100.0,1786286417.9291193,1,0.8942,0.1247,,0.553,0.0214,0.161,NOMINAL,NOMINAL,TRIGGERED,1,omni_p6
1642932000.0,1786286418.0541406,1,0.8865,0.1197,,0.551,0.0248,0.171,NOMINAL,NOMINAL,NORMAL,0,
1642932900.0,1786286418.179012,1,0.8499,0.1204,,0.531,0.0216,0.161,NOMINAL,NOMINAL,NORMAL,0,
1642933800.0,1786286418.3047335,1,1.0787,0.1368,,0.746,0.0314,0.207,NOMINAL,NOMINAL,NORMAL,0,
1642934700.0,1786286418.429202,1,0.9541,0.1236,,0.58,0.0263,0.175,NOMINAL,NOMINAL,NORMAL,0,
1642935600.0,1786286418.55404,1,0.8469,0.1189,,0.539,0.0223,0.163,NOMINAL,NOMINAL,NORMAL,0,
1642936500.0,1786286418.6791239,1,0.8727,0.1221,,0.563,0.0242,0.172,NOMINAL,NOMINAL,TRIGGERED,1,omni_p6
1642937400.0,1786286418.805019,1,0.8666,0.1209,,0.569,0.04,1.099,NOMINAL,PRE_ALERT,TRIGGERED,2,omni_p6
1642938300.0,1786286418.929981,1,0.8982,0.1203,,0.557,0.0403,0.989,PRE_ALERT,NOMINAL,NORMAL,0,
1642939200.0,1786286419.054257,1,0.9461,0.1283,,0.564,0.0246,0.179,NOMINAL,NOMINAL,NORMAL,0,
1642940100.0,1786286419.1790094,1,0.8555,0.1174,,0.534,0.024,0.162,NOMINAL,NOMINAL,NORMAL,0,
1642941000.0,1786286419.3046012,1,1.0208,0.1345,,0.712,0.03,0.201,NOMINAL,NOMINAL,NORMAL,0,
1642941900.0,1786286419.4292266,1,0.9602,0.1246,,0.568,0.0256,0.181,NOMINAL,NOMINAL,NORMAL,0,
1642942800.0,1786286419.5549338,1,1.1107,0.1436,,0.832,0.0283,0.221,NOMINAL,NOMINAL,TRIGGERED,1,omni_p6
1642943700.0,1786286419.6811764,1,1.167,0.145,,0.891,0.0505,1.198,NOMINAL,PRE_ALERT,TRIGGERED,2,omni_p6
1642944600.0,1786286419.805514,1,1.1093,0.1389,,0.693,0.0456,1.028,PRE_ALERT,NOMINAL,NORMAL,0,
1642945500.0,1786286419.9294236,1,1.0433,0.1321,,0.586,0.0272,0.181,NOMINAL,NOMINAL,NORMAL,0,
1642946400.0,1786286420.0542376,1,0.9493,0.1281,,0.552,0.0256,0.176,NOMINAL,NOMINAL,NORMAL,0,
1642947300.0,1786286420.179118,1,0.9019,0.1262,,0.538,0.0244,0.166,NOMINAL,NOMINAL,NORMAL,0,
1642948200.0,1786286420.3045669,1,1.0287,0.1292,,0.702,0.0276,0.2,NOMINAL,NOMINAL,NORMAL,0,
1642949100.0,1786286420.429237,1,0.9673,0.1271,,0.578,0.0228,0.171,NOMINAL,NOMINAL,TRIGGERED,1,omni_p6
1642950000.0,1786286420.5540736,1,0.8788,0.1196,,0.529,0.0221,0.164,NOMINAL,NOMINAL,NORMAL,0,
1642950900.0,1786286420.68022,1,1.1774,0.1469,,0.854,0.0329,0.262,NOMINAL,NOMINAL,NORMAL,0,
1642951800.0,1786286420.8045914,1,1.063,0.1359,,0.692,0.0297,0.2,NOMINAL,NOMINAL,NORMAL,0,
1642952700.0,1786286420.929213,1,0.9226,0.1215,,0.58,0.0256,0.18,NOMINAL,NOMINAL,NORMAL,0,
1642953600.0,1786286421.0540605,1,0.8396,0.1154,,0.565,0.0254,0.175,NOMINAL,NOMINAL,NORMAL,0,
1642954500.0,1786286421.17891,1,0.8023,0.1151,,0.54,0.0247,0.165,NOMINAL,NOMINAL,NORMAL,0,
1642955400.0,1786286421.3051407,1,1.1609,0.1473,,0.882,0.0326,0.221,NOMINAL,NOMINAL,NORMAL,0,
1642956300.0,1786286421.429255,1,0.9526,0.1266,,0.608,0.0268,0.189,NOMINAL,NOMINAL,NORMAL,0,
1642957200.0,1786286421.5539455,1,0.8055,0.1147,,0.544,0.0224,0.17,NOMINAL,NOMINAL,NORMAL,0,
1642958100.0,1786286421.6788979,1,0.7885,0.1121,,0.539,0.0226,0.164,NOMINAL,NOMINAL,NORMAL,0,
1642959000.0,1786286421.8040257,1,0.8444,0.1185,,0.563,0.0203,0.162,NOMINAL,NOMINAL,NORMAL,0,
1642959900.0,1786286421.9289842,1,0.8455,0.1219,,0.5,0.0196,0.15,NOMINAL,NOMINAL,NORMAL,0,
1642960800.0,1786286422.0541801,1,0.9036,0.1246,,0.557,0.024,0.171,NOMINAL,NOMINAL,NORMAL,0,
1642961700.0,1786286422.1788375,1,0.8096,0.1181,,0.48,0.0172,0.139,NOMINAL,NOMINAL,NORMAL,0,
1642962600.0,1786286422.30397,1,0.8397,0.1189,,0.537,0.0232,0.16,NOMINAL,NOMINAL,NORMAL,0,
1642963500.0,1786286422.430024,1,1.1708,0.1426,,0.782,0.0319,0.22,NOMINAL,NOMINAL,NORMAL,0,
1642964400.0,1786286422.5541058,1,0.9179,0.1245,,0.523,0.0208,0.157,NOMINAL,NOMINAL,NORMAL,0,
1642965300.0,1786286422.679235,1,0.9262,0.1269,,0.601,0.025,0.173,NOMINAL,NOMINAL,NORMAL,0,
1642966200.0,1786286422.8040624,1,0.869,0.1228,,0.566,0.0224,0.165,NOMINAL,NOMINAL,NORMAL,0,
1642967100.0,1786286422.9291925,1,0.9294,0.1275,,0.566,0.0228,0.17,NOMINAL,NOMINAL,NORMAL,0,
1642968000.0,1786286423.054136,1,0.8944,0.1211,,0.547,0.022,0.173,NOMINAL,NOMINAL,NORMAL,0,
1642968900.0,1786286423.178967,1,0.8551,0.1193,,0.519,0.0235,0.166,NOMINAL,NOMINAL,NORMAL,0,
1642969800.0,1786286423.304259,1,0.9273,0.1242,,0.594,0.0497,0.21,NOMINAL,NOMINAL,TRIGGERED,1,omni_p6
1642970700.0,1786286423.4293716,1,0.9809,0.1269,,0.64,0.0257,0.186,NOMINAL,NOMINAL,NORMAL,0,
1642971600.0,1786286423.5540352,1,0.8637,0.1202,,0.539,0.0232,0.168,NOMINAL,NOMINAL,NORMAL,0,
1642972500.0,1786286423.6790268,1,0.8716,0.1239,,0.548,0.0235,0.165,NOMINAL,NOMINAL,NORMAL,0,
1642973400.0,1786286423.8039649,1,0.8683,0.1221,,0.499,0.0196,0.148,NOMINAL,NOMINAL,NORMAL,0,
1642974300.0,1786286423.929094,1,0.9071,0.1238,,0.541,0.0217,0.164,NOMINAL,NOMINAL,NORMAL,0,
1642975200.0,1786286424.0541272,1,0.9045,0.1227,,0.556,0.0225,0.171,NOMINAL,NOMINAL,NORMAL,0,
1642976100.0,1786286424.1790836,1,0.8805,0.1234,,0.565,0.0217,0.17,NOMINAL,NOMINAL,TRIGGERED,1,omni_p6
1642977000.0,1786286424.3041403,1,0.8753,0.1253,,0.579,0.0245,0.199,NOMINAL,NOMINAL,NORMAL,0,
1642977900.0,1786286424.4293265,1,0.9618,0.126,,0.62,0.026,0.182,NOMINAL,NOMINAL,NORMAL,0,
1642978800.0,1786286424.5550344,1,1.1511,0.1433,,0.844,0.0317,0.223,NOMINAL,NOMINAL,NORMAL,0,
1642979700.0,1786286424.6801627,1,1.1778,0.1448,,0.837,0.0314,0.262,NOMINAL,NOMINAL,NORMAL,0,
1642980600.0,1786286424.804478,1,1.0387,0.1331,,0.662,0.0281,0.192,NOMINAL,NOMINAL,NORMAL,0,
1642981500.0,1786286424.9292567,1,0.9726,0.1336,,0.583,0.0243,0.177,NOMINAL,NOMINAL,TRIGGERED,1,omni_p6
1642982400.0,1786286425.0558007,1,0.9135,0.1239,0.6042,0.549,0.0429,1.142,NOMINAL,PRE_ALERT,TRIGGERED,2,omni_p6
1642983300.0,1786286425.1801016,1,0.9714,0.1271,,0.594,0.0427,1.013,PRE_ALERT,NOMINAL,NORMAL,0,
1642984200.0,1786286425.3043804,1,0.9784,0.1294,,0.629,0.0267,0.186,NOMINAL,NOMINAL,NORMAL,0,
1642985100.0,1786286425.4294848,1,1.0434,0.1328,,0.639,0.0293,0.196,NOMINAL,NOMINAL,NORMAL,0,
1642986000.0,1786286425.5542145,1,0.9411,0.1257,,0.58,0.0271,0.18,NOMINAL,NOMINAL,NORMAL,0,
1642986900.0,1786286425.6801717,1,1.1684,0.1466,,0.866,0.0308,0.263,NOMINAL,NOMINAL,NORMAL,0,
1642987800.0,1786286425.8046074,1,1.0547,0.1421,,0.718,0.0275,0.195,NOMINAL,NOMINAL,TRIGGERED,1,omni_p6
1642988700.0,1786286425.9303572,1,1.0629,0.1381,,0.605,0.0424,1.095,NOMINAL,PRE_ALERT,TRIGGERED,2,omni_p6
1642989600.0,1786286426.0550911,1,0.9559,0.1309,,0.562,0.0409,1.035,PRE_ALERT,NOMINAL,NORMAL,0,
1642990500.0,1786286426.1792123,1,0.9616,0.1274,,0.57,0.0259,0.177,NOMINAL,NOMINAL,NORMAL,0,
1642991400.0,1786286426.304409,1,0.9936,0.1308,,0.659,0.0271,0.192,NOMINAL,NOMINAL,NORMAL,0,
1642992300.0,1786286426.4295013,1,1.1034,0.1353,,0.626,0.0276,0.197,NOMINAL,NOMINAL,NORMAL,0,
1642993200.0,1786286426.5541654,1,0.9273,0.1276,,0.567,0.0244,0.173,NOMINAL,NOMINAL,NORMAL,0,
1642994100.0,1786286426.6790798,1,0.895,0.1262,,0.551,0.0222,0.173,NOMINAL,NOMINAL,TRIGGERED,1,omni_p6
1642995000.0,1786286426.8042812,1,0.9421,0.1269,,0.586,0.0263,0.215,NOMINAL,NOMINAL,NORMAL,0,
1642995900.0,1786286426.9292762,1,0.9813,0.1285,,0.576,0.0238,0.173,NOMINAL,NOMINAL,NORMAL,0,
1642996800.0,1786286427.0541215,1,0.9111,0.1271,,0.528,0.0231,0.171,NOMINAL,NOMINAL,NORMAL,0,
1642997700.0,1786286427.179262,1,0.9574,0.1278,,0.586,0.0241,0.179,NOMINAL,NOMINAL,NORMAL,0,
1642998600.0,1786286427.3043606,1,0.9598,0.1303,,0.644,0.0264,0.19,NOMINAL,NOMINAL,NORMAL,0,
1642999500.0,1786286427.4291441,1,0.9133,0.1248,,0.556,0.0237,0.175,NOMINAL,NOMINAL,NORMAL,0,
1643000400.0,1786286427.5544171,1,0.9844,0.1272,,0.621,0.0279,0.19,NOMINAL,NOMINAL,NORMAL,0,
1643001300.0,1786286427.6791701,1,0.9321,0.1286,,0.529,0.0273,0.178,NOMINAL,NOMINAL,NORMAL,0,
1643002200.0,1786286427.804311,1,0.9458,0.1331,,0.598,0.0273,0.212,NOMINAL,NOMINAL,NORMAL,0,
1643003100.0,1786286427.9292428,1,0.9643,0.1275,,0.564,0.0258,0.182,NOMINAL,NOMINAL,NORMAL,0,
1643004000.0,1786286428.054215,1,0.9527,0.1295,,0.516,0.0265,0.185,NOMINAL,NOMINAL,NORMAL,0,
1643004900.0,1786286428.179343,1,0.9751,0.1319,,0.605,0.0288,0.192,NOMINAL,NOMINAL,NORMAL,0,
1643005800.0,1786286428.304504,1,1.0235,0.1357,,0.674,0.0298,0.206,NOMINAL,NOMINAL,NORMAL,0,
1643006700.0,1786286428.4292808,1,0.9922,0.1344,,0.557,0.0252,0.192,NOMINAL,NOMINAL,NORMAL,0,
1643007600.0,1786286428.5545096,1,1.0336,0.135,,0.635,0.0281,0.204,NOMINAL,NOMINAL,NORMAL,0,
1643008500.0,1786286428.679228,1,0.955,0.1312,,0.566,0.0267,0.184,NOMINAL,NOMINAL,NORMAL,0,
1643009400.0,1786286428.8043222,1,0.9421,0.13,,0.612,0.0272,0.221,NOMINAL,NOMINAL,NORMAL,0,
1643010300.0,1786286428.9293652,1,0.9791,0.1359,,0.606,0.0255,0.187,NOMINAL,NOMINAL,TRIGGERED,1,omni_p6
1643011200.0,1786286429.0540953,1,0.9047,0.1267,,0.502,0.025,0.181,NOMINAL,NOMINAL,NORMAL,0,
1643012100.0,1786286429.1792948,1,0.9642,0.1286,,0.598,0.0246,0.181,NOMINAL,NOMINAL,NORMAL,0,
1643013000.0,1786286429.3044088,1,0.9903,0.1275,,0.655,0.0264,0.194,NOMINAL,NOMINAL,NORMAL,0,
1643013900.0,1786286429.4292321,1,0.9774,0.123,,0.565,0.0243,0.18,NOMINAL,NOMINAL,NORMAL,0,
1643014800.0,1786286429.5552576,1,1.1883,0.1484,,0.876,0.0342,0.248,NOMINAL,NOMINAL,NORMAL,0,
1643015700.0,1786286429.6801665,1,1.1722,0.1465,,0.819,0.0296,0.248,NOMINAL,NOMINAL,TRIGGERED,1,omni_p6
1643016600.0,1786286429.805782,1,1.0574,0.1367,,0.725,0.0476,1.326,NOMINAL,PRE_ALERT,TRIGGERED,2,omni_p6
1643017500.0,1786286429.9302945,1,0.9768,0.1319,,0.656,0.0426,1.048,PRE_ALERT,NOMINAL,NORMAL,0,
1643018400.0,1786286430.0541394,1,0.8878,0.1218,,0.534,0.0236,0.176,NOMINAL,NOMINAL,NORMAL,0,
1643019300.0,1786286430.1793249,1,0.9376,0.128,,0.62,0.024,0.187,NOMINAL,NOMINAL,NORMAL,0,
1643020200.0,1786286430.3042996,1,0.9213,0.1241,,0.62,0.0235,0.208,NOMINAL,NOMINAL,NORMAL,0,
1643021100.0,1786286430.4290886,1,0.8286,0.1222,,0.572,0.0225,0.172,NOMINAL,NOMINAL,NORMAL,0,
1643022000.0,1786286430.5541887,1,0.8749,0.1241,,0.558,0.0217,0.175,NOMINAL,NOMINAL,TRIGGERED,1,omni_p6
1643022900.0,1786286430.6809196,1,1.1365,0.1424,,0.713,0.0486,1.212,NOMINAL,PRE_ALERT,TRIGGERED,2,omni_p6
1643023800.0,1786286430.8054855,1,1.0518,0.1389,,0.696,0.0456,1.068,PRE_ALERT,NOMINAL,NORMAL,0,
1643024700.0,1786286430.9294364,1,0.9955,0.1341,,0.638,0.0246,0.191,NOMINAL,NOMINAL,NORMAL,0,
1643025600.0,1786286431.054144,1,0.9346,0.1285,,0.485,0.0237,0.176,NOMINAL,NOMINAL,NORMAL,0,
1643026500.0,1786286431.1793165,1,0.936,0.1267,,0.618,0.0238,0.183,NOMINAL,NOMINAL,NORMAL,0,
1643027400.0,1786286431.3044205,1,0.9637,0.1341,,0.658,0.0234,0.188,NOMINAL,NOMINAL,TRIGGERED,1,omni_p6
1643028300.0,1786286431.430305,1,0.9592,0.1296,,0.607,0.0428,1.153,NOMINAL,PRE_ALERT,TRIGGERED,2,omni_p6
1643029200.0,1786286431.5553477,1,0.9916,0.1359,,0.623,0.043,1.074,PRE_ALERT,NOMINAL,NORMAL,0,
1643030100.0,1786286431.6791646,1,0.8848,0.1271,,0.565,0.0228,0.18,NOMINAL,NOMINAL,NORMAL,0,
1643031000.0,1786286431.804396,1,0.9491,0.131,,0.68,0.0237,0.183,NOMINAL,NOMINAL,NORMAL,0,
1643031900.0,1786286431.9291613,1,0.9472,0.1258,,0.513,0.0193,0.162,NOMINAL,NOMINAL,NORMAL,0,
1643032800.0,1786286432.053909,1,0.8684,0.1208,,0.401,0.0167,0.134,NOMINAL,NOMINAL,NORMAL,0,
1643033700.0,1786286432.1792061,1,0.9384,0.1327,,0.537,0.0204,0.16,NOMINAL,NOMINAL,TRIGGERED,1,omni_p6
1643034600.0,1786286432.3049963,1,0.9212,0.1292,,0.453,0.0337,1.081,NOMINAL,PRE_ALERT,TRIGGERED,2,omni_p6
1643035500.0,1786286432.4298549,1,0.9239,0.1268,,0.462,0.0331,0.947,PRE_ALERT,NOMINAL,NORMAL,0,
1643036400.0,1786286432.5539036,1,0.8549,0.1237,,0.4,0.016,0.131,NOMINAL,NOMINAL,NORMAL,0,
1643037300.0,1786286432.6791368,1,0.9837,0.1323,,0.42,0.0164,0.133,NOMINAL,NOMINAL,NORMAL,0,
1643038200.0,1786286432.8043303,1,0.9616,0.133,,0.6,0.0209,0.169,NOMINAL,NOMINAL,NORMAL,0,
1643039100.0,1786286432.9292247,1,0.976,0.1278,,0.519,0.021,0.164,NOMINAL,NOMINAL,NORMAL,0,
1643040000.0,1786286433.054035,1,0.8716,0.124,,0.511,0.0169,0.137,NOMINAL,NOMINAL,TRIGGERED,1,omni_p6
1643040900.0,1786286433.1791399,1,0.916,0.1299,,0.51,0.0208,0.159,NOMINAL,NOMINAL,NORMAL,0,
1643041800.0,1786286433.3040168,1,0.9153,0.1301,,0.432,0.0166,0.132,NOMINAL,NOMINAL,NORMAL,0,
1643042700.0,1786286433.4291463,1,0.9589,0.132,,0.482,0.0189,0.152,NOMINAL,NOMINAL,NORMAL,0,
1643043600.0,1786286433.5539606,1,0.8951,0.127,,0.407,0.0161,0.126,NOMINAL,NOMINAL,NORMAL,0,
1643044500.0,1786286433.6790998,1,0.967,0.1316,,0.415,0.017,0.135,NOMINAL,NOMINAL,NORMAL,0,
1643045400.0,1786286433.8043609,1,0.9476,0.1318,,0.665,0.0203,0.174,NOMINAL,NOMINAL,NORMAL,0,
1643046300.0,1786286433.9292157,1,0.9343,0.1312,,0.518,0.0452,0.228,NOMINAL,NOMINAL,NORMAL,0,
1643047200.0,1786286434.0540168,1,0.8833,0.1264,,0.443,0.0175,0.154,NOMINAL,NOMINAL,NORMAL,0,
1643048100.0,1786286434.1791682,1,0.9317,0.1293,,0.525,0.0193,0.161,NOMINAL,NOMINAL,NORMAL,0,
1643049000.0,1786286434.3040297,1,0.9164,0.1276,,0.44,0.0177,0.142,NOMINAL,NOMINAL,NORMAL,0,
1643049900.0,1786286434.4291263,1,0.9425,0.1297,,0.479,0.0194,0.155,NOMINAL,NOMINAL,NORMAL,0,
1643050800.0,1786286434.5546956,1,1.1916,0.1474,,0.506,0.0199,0.148,NOMINAL,NOMINAL,NORMAL,0,
1643051700.0,1786286434.6797574,1,1.2092,0.1513,,0.496,0.0177,0.145,NOMINAL,NOMINAL,NORMAL,0,
1643052600.0,1786286434.8045669,1,1.0635,0.1451,,0.65,0.0234,0.178,NOMINAL,NOMINAL,NORMAL,0,
1643053500.0,1786286434.9291408,1,0.9798,0.1308,,0.474,0.0179,0.15,NOMINAL,NOMINAL,NORMAL,0,
1643054400.0,1786286435.0541017,1,0.8982,0.1274,,0.489,0.02,0.163,NOMINAL,NOMINAL,NORMAL,0,
1643055300.0,1786286435.179164,1,0.9238,0.1287,,0.525,0.0223,0.165,NOMINAL,NOMINAL,NORMAL,0,
1643056200.0,1786286435.3040066,1,0.897,0.1258,,0.451,0.0183,0.144,NOMINAL,NOMINAL,NORMAL,0,
1643057100.0,1786286435.4291568,1,0.9541,0.1349,,0.493,0.0193,0.153,NOMINAL,NOMINAL,NORMAL,0,
1643058000.0,1786286435.553921,1,0.8653,0.1246,,0.417,0.015,0.129,NOMINAL,NOMINAL,NORMAL,0,
1643058900.0,1786286435.6797433,1,1.1778,0.1447,,0.513,0.0204,0.156,NOMINAL,NOMINAL,NORMAL,0,
1643059800.0,1786286435.8045342,1,1.0587,0.1364,,0.61,0.0242,0.175,NOMINAL,NOMINAL,NORMAL,0,
1643060700.0,1786286435.929045,1,0.9226,0.1288,,0.443,0.0164,0.132,NOMINAL,NOMINAL,TRIGGERED,1,omni_p6
1643061600.0,1786286436.0540526,1,0.874,0.1256,,0.475,0.0196,0.164,NOMINAL,NOMINAL,NORMAL,0,
1643062500.0,1786286436.179373,1,1.0042,0.135,,0.561,0.0238,0.177,NOMINAL,NOMINAL,NORMAL,0,
1643063400.0,1786286436.3040633,1,0.8931,0.1228,,0.477,0.0192,0.153,NOMINAL,NOMINAL,NORMAL,0,
1643064300.0,1786286436.4290767,1,0.9147,0.1237,,0.485,0.0195,0.154,NOMINAL,NOMINAL,NORMAL,0,
1643065200.0,1786286436.5539653,1,0.852,0.1203,,0.448,0.0166,0.141,NOMINAL,NOMINAL,NORMAL,0,
1643066100.0,1786286436.6790996,1,0.9214,0.1255,,0.458,0.0193,0.151,NOMINAL,NOMINAL,NORMAL,0,
1643067000.0,1786286436.8042617,1,0.905,0.1278,,0.576,0.0564,0.211,NOMINAL,NOMINAL,TRIGGERED,1,omni_p6
1643067900.0,1786286436.929841,1,0.8323,0.1245,,0.421,0.0334,1.059,NOMINAL,PRE_ALERT,TRIGGERED,2,omni_p6
1643068800.0,1786286437.0556285,1,0.8647,0.1213,0.5935,0.492,0.039,1.081,PRE_ALERT,NOMINAL,NORMAL,0,
1643069700.0,1786286437.179272,1,0.9597,0.128,,0.561,0.0224,0.175,NOMINAL,NOMINAL,NORMAL,0,
1643070600.0,1786286437.3040392,1,0.9199,0.1287,,0.443,0.0186,0.141,NOMINAL,NOMINAL,NORMAL,0,
1643071500.0,1786286437.4292297,1,0.9867,0.1314,,0.507,0.0206,0.159,NOMINAL,NOMINAL,NORMAL,0,
1643072400.0,1786286437.5540254,1,0.9264,0.1271,,0.417,0.0168,0.131,NOMINAL,NOMINAL,TRIGGERED,1,omni_p6
1643073300.0,1786286437.6799881,1,0.9249,0.1307,,0.455,0.0344,1.067,NOMINAL,PRE_ALERT,TRIGGERED,2,omni_p6
1643074200.0,1786286437.8053565,1,1.0124,0.1359,,0.676,0.0411,1.044,PRE_ALERT,NOMINAL,NORMAL,0,
1643075100.0,1786286437.9291189,1,0.9632,0.1301,,0.466,0.0202,0.147,NOMINAL,NOMINAL,NORMAL,0,
1643076000.0,1786286438.0541983,1,0.9065,0.1295,,0.544,0.0219,0.165,NOMINAL,NOMINAL,NORMAL,0,
1643076900.0,1786286438.1792483,1,0.9744,0.1311,,0.527,0.0215,0.164,NOMINAL,NOMINAL,NORMAL,0,
1643077800.0,1786286438.3041472,1,0.9466,0.1301,,0.466,0.0188,0.164,NOMINAL,NOMINAL,NORMAL,0,
1643078700.0,1786286438.429195,1,0.9621,0.1325,,0.517,0.018,0.154,NOMINAL,NOMINAL,TRIGGERED,1,omni_p6
1643079600.0,1786286438.55491,1,0.8584,0.1219,,0.455,0.0341,1.083,NOMINAL,PRE_ALERT,TRIGGERED,2,omni_p6
1643080500.0,1786286438.6796818,1,0.8447,0.121,,0.436,0.0306,0.906,PRE_ALERT,NOMINAL,NORMAL,0,
1643081400.0,1786286438.8046443,1,1.0618,0.1411,,0.652,0.0265,0.202,NOMINAL,NOMINAL,NORMAL,0,
1643082300.0,1786286438.9290981,1,0.9562,0.1292,,0.464,0.0192,0.141,NOMINAL,NOMINAL,NORMAL,0,
1643083200.0,1786286439.0542612,1,0.8966,0.1275,,0.604,0.0232,0.173,NOMINAL,NOMINAL,NORMAL,0,
1643084100.0,1786286439.1792238,1,0.9427,0.1284,,0.548,0.0223,0.17,NOMINAL,NOMINAL,NORMAL,0,
1643085000.0,1786286439.3040235,1,0.8889,0.127,,0.459,0.0189,0.141,NOMINAL,NOMINAL,NORMAL,0,
1643085900.0,1786286439.4291246,1,0.935,0.1233,,0.494,0.0203,0.152,NOMINAL,NOMINAL,NORMAL,0,
1643086800.0,1786286439.5546925,1,1.1729,0.1463,,0.518,0.022,0.168,NOMINAL,NOMINAL,NORMAL,0,
1643087700.0,1786286439.6797469,1,1.199,0.1471,,0.487,0.0211,0.158,NOMINAL,NOMINAL,NORMAL,0,
1643088600.0,1786286439.8047862,1,1.147,0.1454,,0.672,0.0255,0.193,NOMINAL,NOMINAL,NORMAL,0,
1643089500.0,1786286439.929168,1,0.9984,0.1309,,0.473,0.0181,0.142,NOMINAL,NOMINAL,NORMAL,0,
1643090400.0,1786286440.054309,1,0.9468,0.1325,,0.576,0.0245,0.174,NOMINAL,NOMINAL,NORMAL,0,
1643091300.0,1786286440.1792388,1,0.957,0.1302,,0.544,0.024,0.168,NOMINAL,NOMINAL,NORMAL,0,
1643092200.0,1786286440.3040133,1,0.8887,0.1267,,0.456,0.0193,0.144,NOMINAL,NOMINAL,NORMAL,0,
1643093100.0,1786286440.4292722,1,0.9895,0.1324,,0.526,0.0217,0.163,NOMINAL,NOMINAL,NORMAL,0,
1643094000.0,1786286440.5539906,1,0.88,0.1242,,0.444,0.0187,0.138,NOMINAL,NOMINAL,NORMAL,0,
1643094900.0,1786286440.6797743,1,1.2159,0.1474,,0.498,0.0205,0.167,NOMINAL,NOMINAL,NORMAL,0,
1643095800.0,1786286440.8048453,1,1.1449,0.1498,,0.728,0.0257,0.189,NOMINAL,NOMINAL,NORMAL,0,
1643096700.0,1786286440.929171,1,1.0017,0.1312,,0.456,0.0194,0.156,NOMINAL,NOMINAL,NORMAL,0,
1643097600.0,1786286441.0542636,1,0.9276,0.1322,,0.569,0.0227,0.175,NOMINAL,NOMINAL,NORMAL,0,
1643098500.0,1786286441.179192,1,0.9226,0.1346,,0.537,0.0203,0.165,NOMINAL,NOMINAL,TRIGGERED,1,omni_p6
1643099400.0,1786286441.3041325,1,0.9378,0.1287,,0.473,0.0188,0.166,NOMINAL,NOMINAL,NORMAL,0,
1643100300.0,1786286441.4291482,1,0.9362,0.1293,,0.505,0.0176,0.143,NOMINAL,NOMINAL,NORMAL,0,
1643101200.0,1786286441.5540135,1,0.8723,0.1261,,0.459,0.018,0.142,NOMINAL,NOMINAL,TRIGGERED,1,omni_p6
1643102100.0,1786286441.678915,1,0.8573,0.1211,,0.409,0.0179,0.141,NOMINAL,NOMINAL,NORMAL,0,
1643103000.0,1786286441.8045607,1,1.0348,0.1355,,0.662,0.0262,0.189,NOMINAL,NOMINAL,NORMAL,0,
1643103900.0,1786286441.9291205,1,0.9607,0.1311,,0.468,0.0182,0.143,NOMINAL,NOMINAL,NORMAL,0,
1643104800.0,1786286442.0542836,1,0.8945,0.13,,0.643,0.0221,0.171,NOMINAL,NOMINAL,NORMAL,0,
1643105700.0,1786286442.1792228,1,0.9314,0.1317,,0.534,0.0224,0.17,NOMINAL,NOMINAL,NORMAL,0,
1643106600.0,1786286442.3040323,1,0.8915,0.1302,,0.462,0.0179,0.141,NOMINAL,NOMINAL,TRIGGERED,1,omni_p6
1643107500.0,1786286442.4299738,1,0.9181,0.1306,,0.442,0.0346,1.081,NOMINAL,PRE_ALERT,TRIGGERED,2,omni_p6
1643108400.0,1786286442.5548632,1,0.8635,0.1244,,0.501,0.0324,0.951,PRE_ALERT,NOMINAL,NORMAL,0,
1643109300.0,1786286442.6789799,1,0.8775,0.1247,,0.449,0.0177,0.147,NOMINAL,NOMINAL,NORMAL,0,
1643110200.0,1786286442.8045003,1,0.9973,0.1381,,0.649,0.027,0.192,NOMINAL,NOMINAL,NORMAL,0,
1643111100.0,1786286442.9291217,1,0.9613,0.1293,,0.478,0.019,0.147,NOMINAL,NOMINAL,NORMAL,0,
1643112000.0,1786286443.0543058,1,0.9352,0.1287,,0.591,0.0241,0.179,NOMINAL,NOMINAL,NORMAL,0,
1643112900.0,1786286443.1791687,1,0.9046,0.1261,,0.537,0.0223,0.168,NOMINAL,NOMINAL,TRIGGERED,1,omni_p6
1643113800.0,1786286443.3050725,1,0.924,0.1319,,0.485,0.0377,1.103,NOMINAL,PRE_ALERT,TRIGGERED,2,omni_p6
1643114700.0,1786286443.4300604,1,0.9998,0.1327,,0.489,0.0367,0.986,PRE_ALERT,NOMINAL,NORMAL,0,
1643115600.0,1786286443.554199,1,0.9234,0.1328,,0.54,0.0218,0.162,NOMINAL,NOMINAL,NORMAL,0,
1643116500.0,1786286443.679017,1,0.8942,0.1266,,0.454,0.0197,0.144,NOMINAL,NOMINAL,NORMAL,0,
1643117400.0,1786286443.80429,1,0.9015,0.1287,,0.628,0.0228,0.201,NOMINAL,NOMINAL,NORMAL,0,
1643118300.0,1786286443.9292848,1,1.025,0.1379,,0.492,0.0209,0.156,NOMINAL,NOMINAL,NORMAL,0,
1643119200.0,1786286444.0542388,1,0.9249,0.1304,,0.562,0.02,0.166,NOMINAL,NOMINAL,TRIGGERED,1,omni_p6
1643120100.0,1786286444.180126,1,0.9169,0.1296,,0.527,0.0384,1.098,NOMINAL,PRE_ALERT,TRIGGERED,2,omni_p6
1643121000.0,1786286444.3051248,1,0.9352,0.1305,,0.492,0.0342,1.139,PRE_ALERT,NOMINAL,NORMAL,0,
1643121900.0,1786286444.4290717,1,0.9303,0.1261,,0.474,0.0184,0.142,NOMINAL,NOMINAL,NORMAL,0,
1643122800.0,1786286444.5549486,1,1.2009,0.1488,,0.659,0.0278,0.199,NOMINAL,NOMINAL,NORMAL,0,
1643123700.0,1786286444.679851,1,1.245,0.1497,,0.519,0.0217,0.157,NOMINAL,NOMINAL,NORMAL,0,
1643124600.0,1786286444.8045952,1,1.0705,0.1413,,0.637,0.0249,0.199,NOMINAL,NOMINAL,NORMAL,0,
1643125500.0,1786286444.9294024,1,1.0516,0.141,,0.582,0.0196,0.152,NOMINAL,NOMINAL,TRIGGERED,1,omni_p6
1643126400.0,1786286445.0544133,1,0.9742,0.1361,,0.637,0.0237,0.177,NOMINAL,NOMINAL,NORMAL,0,
1643127300.0,1786286445.179171,1,0.9155,0.1275,,0.528,0.0203,0.165,NOMINAL,NOMINAL,NORMAL,0,
1643128200.0,1786286445.3040586,1,0.8933,0.1245,,0.485,0.0196,0.149,NOMINAL,NOMINAL,NORMAL,0,
1643129100.0,1786286445.4289773,1,0.8889,0.1243,,0.431,0.0172,0.137,NOMINAL,NOMINAL,NORMAL,0,
1643130000.0,1786286445.5540113,1,0.8285,0.121,,0.49,0.0191,0.155,NOMINAL,NOMINAL,NORMAL,0,
1643130900.0,1786286445.6797683,1,1.1747,0.1431,,0.526,0.0229,0.163,NOMINAL,NOMINAL,NORMAL,0,
1643131800.0,1786286445.8045664,1,1.0694,0.1372,,0.612,0.0247,0.193,NOMINAL,NOMINAL,NORMAL,0,
1643132700.0,1786286445.9293027,1,1.0475,0.1301,,0.492,0.0211,0.151,NOMINAL,NOMINAL,NORMAL,0,
1643133600.0,1786286446.054373,1,0.979,0.1368,,0.573,0.0221,0.172,NOMINAL,NOMINAL,NORMAL,0,
1643134500.0,1786286446.179172,1,0.9265,0.1278,,0.518,0.0217,0.159,NOMINAL,NOMINAL,NORMAL,0,
1643135400.0,1786286446.3042643,1,0.9289,0.1254,,0.484,0.0203,0.293,NOMINAL,NOMINAL,NORMAL,0,
1643136300.0,1786286446.4291923,1,0.9885,0.1322,,0.479,0.0204,0.151,NOMINAL,NOMINAL,NORMAL,0,
1643137200.0,1786286446.5540872,1,0.8954,0.1235,,0.49,0.0197,0.151,NOMINAL,NOMINAL,NORMAL,0,
1643138100.0,1786286446.6788769,1,0.849,0.1225,,0.41,0.0168,0.129,NOMINAL,NOMINAL,NORMAL,0,
1643139000.0,1786286446.804294,1,0.9193,0.1287,,0.595,0.0228,0.203,NOMINAL,NOMINAL,NORMAL,0,
1643139900.0,1786286446.9292536,1,1.0118,0.1295,,0.505,0.0195,0.149,NOMINAL,NOMINAL,NORMAL,0,
1643140800.0,1786286447.0542634,1,0.9364,0.1281,,0.545,0.0214,0.169,NOMINAL,NOMINAL,NORMAL,0,
1643141700.0,1786286447.1792188,1,0.9203,0.1283,,0.605,0.0203,0.155,NOMINAL,NOMINAL,NORMAL,0,
1643142600.0,1786286447.3042142,1,0.9228,0.1269,,0.544,0.0221,0.187,NOMINAL,NOMINAL,NORMAL,0,
1643143500.0,1786286447.4290338,1,0.9411,0.1259,,0.434,0.0172,0.132,NOMINAL,NOMINAL,NORMAL,0,
1643144400.0,1786286447.5540466,1,0.8833,0.1232,,0.475,0.0182,0.144,NOMINAL,NOMINAL,NORMAL,0,
1643145300.0,1786286447.678877,1,0.8464,0.119,,0.409,0.0179,0.13,NOMINAL,NOMINAL,NORMAL,0,
1643146200.0,1786286447.8044915,1,0.8906,0.1277,,0.875,0.02,0.168,NOMINAL,NOMINAL,TRIGGERED,1,omni_p6
1643147100.0,1786286447.9293013,1,1.0101,0.1299,,0.526,0.0232,0.165,NOMINAL,NOMINAL,NORMAL,0,
1643148000.0,1786286448.0542915,1,0.9605,0.1316,,0.552,0.0217,0.169,NOMINAL,NOMINAL,NORMAL,0,
1643148900.0,1786286448.1791308,1,0.9209,0.1258,,0.523,0.0201,0.161,NOMINAL,NOMINAL,NORMAL,0,
1643149800.0,1786286448.3051019,1,1.1908,0.1491,,0.798,0.0301,0.218,NOMINAL,NOMINAL,NORMAL,0,
1643150700.0,1786286448.429329,1,1.064,0.1348,,0.498,0.0206,0.156,NOMINAL,NOMINAL,NORMAL,0,
1643151600.0,1786286448.5541482,1,0.9052,0.13,,0.517,0.0196,0.16,NOMINAL,NOMINAL,TRIGGERED,1,omni_p6
1643152500.0,1786286448.6799417,1,0.8881,0.1279,,0.448,0.0441,1.084,NOMINAL,PRE_ALERT,TRIGGERED,2,omni_p6
1643153400.0,1786286448.8052151,1,0.943,0.1307,,0.631,0.0423,1.056,PRE_ALERT,NOMINAL,NORMAL,0,
1643154300.0,1786286448.929291,1,0.9368,0.1273,,0.584,0.0257,0.175,NOMINAL,NOMINAL,NORMAL,0,
1643155200.0,1786286449.0553472,1,1.0771,0.1305,0.6151,0.626,0.0282,0.199,NOMINAL,NOMINAL,NORMAL,0,
1643156100.0,1786286449.1792312,1,0.9303,0.1279,,0.587,0.0228,0.175,NOMINAL,NOMINAL,NORMAL,0,
1643157000.0,1786286449.3045814,1,1.0323,0.1359,,0.666,0.0262,0.194,NOMINAL,NOMINAL,NORMAL,0,
1643157900.0,1786286449.429332,1,1.0002,0.1327,,0.577,0.0243,0.179,NOMINAL,NOMINAL,TRIGGERED,1,omni_p6
1643158800.0,1786286449.5560446,1,1.1448,0.1482,,0.847,0.0518,1.176,NOMINAL,PRE_ALERT,TRIGGERED,2,omni_p6
1643159700.0,1786286449.6810317,1,1.186,0.148,,0.762,0.0505,1.14,PRE_ALERT,NOMINAL,NORMAL,0,
1643160600.0,1786286449.8046362,1,1.0539,0.135,,0.691,0.0278,0.218,NOMINAL,NOMINAL,NORMAL,0,
1643161500.0,1786286449.9294088,1,0.9713,0.1316,,0.623,0.0248,0.199,NOMINAL,NOMINAL,NORMAL,0,
1643162400.0,1786286450.0544417,1,0.9822,0.1355,,0.626,0.0245,0.19,NOMINAL,NOMINAL,NORMAL,0,
1643163300.0,1786286450.1791198,1,0.8755,0.1215,,0.561,0.0209,0.168,NOMINAL,NOMINAL,NORMAL,0,
1643164200.0,1786286450.304431,1,0.9419,0.1288,,0.664,0.0228,0.184,NOMINAL,NOMINAL,TRIGGERED,1,omni_p6
1643165100.0,1786286450.430197,1,0.9232,0.1261,,0.534,0.037,1.2,NOMINAL,PRE_ALERT,TRIGGERED,2,omni_p6
1643166000.0,1786286450.5549507,1,0.7982,0.1159,,0.548,0.036,1.111,PRE_ALERT,NOMINAL,NORMAL,0,
1643166900.0,1786286450.6799624,1,1.2114,0.1479,,0.664,0.0278,0.202,NOMINAL,NOMINAL,NORMAL,0,
1643167800.0,1786286450.804634,1,1.0781,0.1401,,0.703,0.0279,0.211,NOMINAL,NOMINAL,NORMAL,0,
1643168700.0,1786286450.929298,1,0.9619,0.1312,,0.591,0.0254,0.19,NOMINAL,NOMINAL,NORMAL,0,
1643169600.0,1786286451.0545285,1,1.0162,0.1373,,0.651,0.025,0.187,NOMINAL,NOMINAL,NORMAL,0,
1643170500.0,1786286451.1791806,1,0.9442,0.1325,,0.528,0.0224,0.171,NOMINAL,NOMINAL,TRIGGERED,1,omni_p6
1643171400.0,1786286451.3044598,1,0.9803,0.1342,,0.653,0.0242,0.187,NOMINAL,NOMINAL,NORMAL,0,
1643172300.0,1786286451.4292214,1,0.966,0.1296,,0.531,0.0217,0.165,NOMINAL,NOMINAL,NORMAL,0,
1643173200.0,1786286451.5541644,1,0.8852,0.124,,0.55,0.0211,0.163,NOMINAL,NOMINAL,NORMAL,0,
1643174100.0,1786286451.678921,1,0.7937,0.1188,,0.517,0.0203,0.157,NOMINAL,NOMINAL,NORMAL,0,
1643175000.0,1786286451.8040614,1,0.8461,0.1221,,0.544,0.0222,0.161,NOMINAL,NOMINAL,NORMAL,0,
1643175900.0,1786286451.9292722,1,0.9227,0.124,,0.6,0.0232,0.179,NOMINAL,NOMINAL,NORMAL,0,
1643176800.0,1786286452.054595,1,1.0763,0.1386,,0.593,0.0261,0.187,NOMINAL,NOMINAL,NORMAL,0,
1643177700.0,1786286452.1790893,1,0.9234,0.1293,,0.48,0.0197,0.153,NOMINAL,NOMINAL,NORMAL,0,
1643178600.0,1786286452.3043764,1,0.9701,0.1313,,0.615,0.0242,0.179,NOMINAL,NOMINAL,NORMAL,0,
1643179500.0,1786286452.4291306,1,0.9626,0.1311,,0.47,0.0207,0.16,NOMINAL,NOMINAL,NORMAL,0,
1643180400.0,1786286452.5540984,1,0.8829,0.1238,,0.51,0.0197,0.169,NOMINAL,NOMINAL,NORMAL,0,
1643181300.0,1786286452.6789033,1,0.8401,0.1205,,0.44,0.018,0.144,NOMINAL,NOMINAL,NORMAL,0,
1643182200.0,1786286452.8040187,1,0.8641,0.1252,,0.494,0.0196,0.158,NOMINAL,NOMINAL,NORMAL,0,
1643183100.0,1786286452.9291723,1,0.9114,0.1244,,0.546,0.0225,0.171,NOMINAL,NOMINAL,NORMAL,0,
1643184000.0,1786286453.0544245,1,0.9962,0.1331,,0.579,0.0248,0.185,NOMINAL,NOMINAL,NORMAL,0,
1643184900.0,1786286453.179065,1,0.9203,0.1296,,0.47,0.0211,0.155,NOMINAL,NOMINAL,NORMAL,0,
1643185800.0,1786286453.304392,1,0.9535,0.1339,,0.63,0.0235,0.183,NOMINAL,NOMINAL,NORMAL,0,
1643186700.0,1786286453.4291186,1,0.9597,0.1268,,0.477,0.0193,0.152,NOMINAL,NOMINAL,TRIGGERED,1,omni_p6
1643187600.0,1786286453.5540664,1,0.8584,0.1203,,0.515,0.0205,0.16,NOMINAL,NOMINAL,NORMAL,0,
1643188500.0,1786286453.6789186,1,0.8436,0.1209,,0.448,0.0183,0.146,NOMINAL,NOMINAL,NORMAL,0,
1643189400.0,1786286453.8039503,1,0.854,0.1196,,0.463,0.0187,0.148,NOMINAL,NOMINAL,NORMAL,0,
1643190300.0,1786286453.9292305,1,0.9208,0.1244,,0.571,0.0218,0.173,NOMINAL,NOMINAL,NORMAL,0,
1643191200.0,1786286454.054137,1,0.872,0.1246,,0.541,0.0219,0.172,NOMINAL,NOMINAL,NORMAL,0,
1643192100.0,1786286454.1792765,1,1.0014,0.134,,0.501,0.0223,0.165,NOMINAL,NOMINAL,TRIGGERED,1,omni_p6
1643193000.0,1786286454.305392,1,0.9969,0.1363,,0.653,0.0432,1.118,NOMINAL,PRE_ALERT,TRIGGERED,2,omni_p6
1643193900.0,1786286454.4298196,1,0.9166,0.129,,0.464,0.0345,0.922,PRE_ALERT,NOMINAL,NORMAL,0,
1643194800.0,1786286454.5549417,1,1.1325,0.1459,,0.726,0.0289,0.211,NOMINAL,NOMINAL,NORMAL,0,
1643195700.0,1786286454.6797533,1,1.1657,0.148,,0.531,0.0242,0.176,NOMINAL,NOMINAL,NORMAL,0,
1643196600.0,1786286454.804396,1,1.042,0.1377,,0.566,0.0226,0.17,NOMINAL,NOMINAL,NORMAL,0,
1643197500.0,1786286454.9292822,1,0.936,0.1269,,0.582,0.0245,0.18,NOMINAL,NOMINAL,NORMAL,0,
1643198400.0,1786286455.054309,1,0.9371,0.132,,0.571,0.0233,0.182,NOMINAL,NOMINAL,TRIGGERED,1,omni_p6
1643199300.0,1786286455.1801767,1,0.9603,0.1336,,0.497,0.0376,1.131,NOMINAL,PRE_ALERT,TRIGGERED,2,omni_p6
1643200200.0,1786286455.3052802,1,0.9616,0.1303,,0.635,0.0411,1.066,PRE_ALERT,NOMINAL,NORMAL,0,
1643201100.0,1786286455.4291098,1,0.9047,0.1265,,0.518,0.0199,0.159,NOMINAL,NOMINAL,NORMAL,0,
1643202000.0,1786286455.554123,1,0.8738,0.1229,,0.528,0.0214,0.169,NOMINAL,NOMINAL,NORMAL,0,
1643202900.0,1786286455.6797202,1,1.1576,0.1455,,0.555,0.0235,0.174,NOMINAL,NOMINAL,NORMAL,0,
1643203800.0,1786286455.8043349,1,1.0165,0.1374,,0.548,0.0211,0.163,NOMINAL,NOMINAL,TRIGGERED,1,omni_p6
1643204700.0,1786286455.93015,1,0.9176,0.1265,,0.564,0.0406,1.094,NOMINAL,PRE_ALERT,TRIGGERED,2,omni_p6
1643205600.0,1786286456.0554845,1,0.8921,0.1289,,0.661,0.0389,1.374,PRE_ALERT,NOMINAL,NORMAL,0,
1643206500.0,1786286456.1793113,1,0.9462,0.1306,,0.582,0.0262,0.187,NOMINAL,NOMINAL,NORMAL,0,
1643207400.0,1786286456.304354,1,0.9386,0.1301,,0.62,0.0263,0.188,NOMINAL,NOMINAL,NORMAL,0,
1643208300.0,1786286456.4292312,1,0.9052,0.1284,,0.625,0.0213,0.166,NOMINAL,NOMINAL,NORMAL,0,
1643209200.0,1786286456.5541692,1,0.861,0.1231,,0.561,0.0227,0.175,NOMINAL,NOMINAL,NORMAL,0,
1643210100.0,1786286456.6788487,1,0.7985,0.1198,,0.44,0.0182,0.145,NOMINAL,NOMINAL,TRIGGERED,1,omni_p6
1643211000.0,1786286456.804901,1,0.8231,0.1231,,0.483,0.0396,1.089,NOMINAL,PRE_ALERT,TRIGGERED,2,omni_p6
1643211900.0,1786286456.930028,1,0.8954,0.1234,,0.564,0.0388,1.024,PRE_ALERT,NOMINAL,NORMAL,0,
1643212800.0,1786286457.0541818,1,0.8851,0.127,,0.585,0.0222,0.169,NOMINAL,NOMINAL,NORMAL,0,
1643213700.0,1786286457.1794765,1,1.0127,0.1359,,0.619,0.0257,0.192,NOMINAL,NOMINAL,NORMAL,0,
1643214600.0,1786286457.3044066,1,0.9963,0.134,,0.616,0.0251,0.184,NOMINAL,NOMINAL,NORMAL,0,
1643215500.0,1786286457.4290364,1,0.9289,0.126,,0.452,0.0196,0.15,NOMINAL,NOMINAL,NORMAL,0,
1643216400.0,1786286457.5540557,1,0.8918,0.1253,,0.476,0.0207,0.157,NOMINAL,NOMINAL,NORMAL,0,
1643217300.0,1786286457.678956,1,0.8607,0.1266,,0.44,0.0191,0.15,NOMINAL,NOMINAL,NORMAL,0,
1643218200.0,1786286457.8039916,1,0.876,0.1235,,0.469,0.0191,0.149,NOMINAL,NOMINAL,NORMAL,0,
1643219100.0,1786286457.9291568,1,0.8833,0.1253,,0.563,0.0215,0.171,NOMINAL,NOMINAL,NORMAL,0,
1643220000.0,1786286458.0540037,1,0.8745,0.1281,,0.443,0.0184,0.153,NOMINAL,NOMINAL,NORMAL,0,
1643220900.0,1786286458.1794746,1,1.0048,0.1333,,0.647,0.0246,0.193,NOMINAL,NOMINAL,NORMAL,0,
1643221800.0,1786286458.304488,1,1.0306,0.1335,,0.644,0.026,0.188,NOMINAL,NOMINAL,NORMAL,0,
1643222700.0,1786286458.4290833,1,0.9458,0.1303,,0.46,0.0198,0.15,NOMINAL,NOMINAL,NORMAL,0,
1643223600.0,1786286458.5540972,1,0.9146,0.1306,,0.479,0.0197,0.153,NOMINAL,NOMINAL,NORMAL,0,
1643224500.0,1786286458.6790452,1,0.8658,0.1245,,0.506,0.0214,0.16,NOMINAL,NOMINAL,NORMAL,0,
1643225400.0,1786286458.8040717,1,0.8959,0.1267,,0.503,0.0203,0.16,NOMINAL,NOMINAL,NORMAL,0,
1643226300.0,1786286458.9292357,1,0.9181,0.1303,,0.58,0.0225,0.176,NOMINAL,NOMINAL,NORMAL,0,
1643227200.0,1786286459.0539775,1,0.847,0.1193,,0.445,0.019,0.153,NOMINAL,NOMINAL,NORMAL,0,
1643228100.0,1786286459.1792014,1,0.8954,0.1254,,0.56,0.0216,0.171,NOMINAL,NOMINAL,NORMAL,0,
1643229000.0,1786286459.3046288,1,1.1034,0.1416,,0.613,0.0229,0.176,NOMINAL,NOMINAL,NORMAL,0,
1643229900.0,1786286459.4290688,1,0.9577,0.1297,,0.444,0.0175,0.139,NOMINAL,NOMINAL,NORMAL,0,
1643230800.0,1786286459.554692,1,1.1822,0.1482,,0.502,0.0199,0.148,NOMINAL,NOMINAL,TRIGGERED,1,omni_p6
1643231700.0,1786286459.6809351,1,1.2125,0.151,,0.638,0.0437,1.152,NOMINAL,PRE_ALERT,TRIGGERED,2,omni_p6
1643232600.0,1786286459.8052325,1,1.0474,0.138,,0.58,0.0396,0.988,PRE_ALERT,NOMINAL,NORMAL,0,
1643233500.0,1786286459.9293182,1,0.961,0.1289,,0.599,0.0232,0.177,NOMINAL,NOMINAL,NORMAL,0,
1643234400.0,1786286460.0544882,1,1.0903,0.1404,,0.526,0.025,0.179,NOMINAL,NOMINAL,NORMAL,0,
1643235300.0,1786286460.179388,1,0.9819,0.1337,,0.613,0.0252,0.184,NOMINAL,NOMINAL,NORMAL,0,
1643236200.0,1786286460.3046224,1,1.067,0.1403,,0.66,0.0257,0.194,NOMINAL,NOMINAL,NORMAL,0,
1643237100.0,1786286460.429097,1,0.941,0.1295,,0.482,0.0196,0.158,NOMINAL,NOMINAL,TRIGGERED,1,omni_p6
1643238000.0,1786286460.5550857,1,0.9179,0.126,,0.509,0.0382,1.11,NOMINAL,PRE_ALERT,TRIGGERED,2,omni_p6
1643238900.0,1786286460.680949,1,1.2089,0.1469,,0.696,0.0479,1.141,PRE_ALERT,NOMINAL,NORMAL,0,
1643239800.0,1786286460.8044975,1,1.0705,0.1401,,0.601,0.0268,0.189,NOMINAL,NOMINAL,NORMAL,0,
1643240700.0,1786286460.929347,1,0.9736,0.1386,,0.594,0.0256,0.187,NOMINAL,NOMINAL,NORMAL,0,
1643241600.0,1786286461.0547323,1,0.9004,0.1253,0.6029,0.46,0.0209,0.163,NOMINAL,NOMINAL,NORMAL,0,
