phys_ts,ap_pub_wall_ts,n_channels,resample_ms,z_eval_ms,bg_update_ms,dds_transport_ms,fsm_eval_ms,node_latency_ms,from_state,ap_state,rpn_result,counter,trigger_channels
1647565200.0,1786289392.9653177,1,1.2765,0.0599,,1.088,0.0408,0.365,NOMINAL,NOMINAL,STALE,0,
1647566100.0,1786289393.0892296,1,1.0813,0.0585,,0.665,0.0273,0.288,NOMINAL,NOMINAL,STALE,0,
1647567000.0,1786289393.2141979,1,1.0862,0.0562,,0.655,0.0287,0.3,NOMINAL,NOMINAL,STALE,0,
1647567900.0,1786289393.3390436,1,1.0314,0.0555,,0.612,0.0268,0.302,NOMINAL,NOMINAL,STALE,0,
1647568800.0,1786289393.4640932,1,1.0073,0.0543,,0.644,0.0254,0.317,NOMINAL,NOMINAL,STALE,0,
1647569700.0,1786289393.5890388,1,0.9989,0.0532,,0.611,0.0266,0.279,NOMINAL,NOMINAL,STALE,0,
1647570600.0,1786289393.71411,1,1.0826,0.0575,,0.621,0.0266,0.25,NOMINAL,NOMINAL,STALE,0,
1647571500.0,1786289393.8391392,1,1.0371,0.0543,,0.618,0.0266,0.388,NOMINAL,NOMINAL,STALE,0,
1647572400.0,1786289393.9639614,1,1.0067,0.0532,,0.597,0.0268,0.256,NOMINAL,NOMINAL,STALE,0,
1647573300.0,1786289394.0892434,1,1.0903,0.0564,,0.638,0.0297,0.306,NOMINAL,NOMINAL,STALE,0,
1647574200.0,1786289394.2143183,1,1.1392,0.0565,,0.652,0.0279,0.345,NOMINAL,NOMINAL,STALE,0,
1647575100.0,1786289394.3389707,1,1.0038,0.0542,,0.572,0.0253,0.315,NOMINAL,NOMINAL,STALE,0,
1647576000.0,1786289394.4639745,1,1.0064,0.056,,0.567,0.0249,0.3,NOMINAL,NOMINAL,STALE,0,
1647576900.0,1786289394.589038,1,1.0094,0.0543,,0.598,0.0276,0.29,NOMINAL,NOMINAL,STALE,0,
1647577800.0,1786289394.7142296,1,1.1208,0.058,,0.632,0.0259,0.301,NOMINAL,NOMINAL,STALE,0,
1647578700.0,1786289394.8389213,1,1.0091,0.0533,,0.583,0.0274,0.248,NOMINAL,NOMINAL,STALE,0,
1647579600.0,1786289394.964358,1,1.1692,0.0541,,0.659,0.0259,0.419,NOMINAL,NOMINAL,STALE,0,
1647580500.0,1786289395.0894175,1,1.2205,0.0577,,0.658,0.0293,0.269,NOMINAL,NOMINAL,STALE,0,
1647581400.0,1786289395.214197,1,1.1121,0.0563,,0.623,0.0261,0.299,NOMINAL,NOMINAL,STALE,0,
1647582300.0,1786289395.3388503,1,0.9828,0.0537,,0.549,0.0259,0.253,NOMINAL,NOMINAL,STALE,0,
1647583200.0,1786289395.4641387,1,1.0568,0.0553,,0.618,0.0257,0.327,NOMINAL,NOMINAL,STALE,0,
1647584100.0,1786289395.5890512,1,1.0176,0.0534,,0.598,0.0263,0.301,NOMINAL,NOMINAL,STALE,0,
1647585000.0,1786289395.7141464,1,1.0852,0.0565,,0.608,0.0266,0.305,NOMINAL,NOMINAL,STALE,0,
1647585900.0,1786289395.8392208,1,1.0568,0.0552,,0.592,0.0252,0.434,NOMINAL,NOMINAL,STALE,0,
1647586800.0,1786289395.964902,1,1.2358,0.0583,,0.898,0.0304,0.363,NOMINAL,NOMINAL,STALE,0,
1647587700.0,1786289396.090027,1,1.3688,0.0584,,0.789,0.0321,0.461,NOMINAL,NOMINAL,STALE,0,
1647588600.0,1786289396.2144747,1,1.1591,0.0561,,0.698,0.0278,0.422,NOMINAL,NOMINAL,STALE,0,
1647589500.0,1786289396.339173,1,1.0522,0.0541,,0.595,0.0275,0.417,NOMINAL,NOMINAL,STALE,0,
1647590400.0,1786289396.4641426,1,1.0253,0.0549,,0.565,0.0266,0.44,NOMINAL,NOMINAL,STALE,0,
1647591300.0,1786289396.589222,1,1.0324,0.0782,,0.611,0.0272,0.429,NOMINAL,NOMINAL,STALE,0,
1647592200.0,1786289396.7142606,1,1.0725,0.0544,,0.624,0.027,0.418,NOMINAL,NOMINAL,STALE,0,
1647593100.0,1786289396.8390846,1,1.0024,0.054,,0.571,0.0268,0.439,NOMINAL,NOMINAL,STALE,0,
1647594000.0,1786289396.9640808,1,0.9963,0.0524,,0.589,0.0257,0.411,NOMINAL,NOMINAL,STALE,0,
1647594900.0,1786289397.0899282,1,1.2533,0.0583,,0.806,0.0311,0.469,NOMINAL,NOMINAL,STALE,0,
1647595800.0,1786289397.2145064,1,1.1605,0.0561,,0.675,0.0286,0.467,NOMINAL,NOMINAL,STALE,0,
1647596700.0,1786289397.3391447,1,1.022,0.0554,,0.6,0.0262,0.424,NOMINAL,NOMINAL,STALE,0,
1647597600.0,1786289397.4641347,1,1.007,0.0564,,0.603,0.026,0.422,NOMINAL,NOMINAL,STALE,0,
1647598500.0,1786289397.5891652,1,0.9956,0.0572,,0.61,0.0271,0.403,NOMINAL,NOMINAL,STALE,0,
1647599400.0,1786289397.7142212,1,1.0568,0.0535,,0.598,0.0269,0.435,NOMINAL,NOMINAL,STALE,0,
1647600300.0,1786289397.8391066,1,1.0224,0.0543,,0.585,0.0265,0.404,NOMINAL,NOMINAL,STALE,0,
1647601200.0,1786289397.9641016,1,1.0026,0.054,,0.589,0.0263,0.41,NOMINAL,NOMINAL,STALE,0,
1647602100.0,1786289398.0895457,1,1.1583,0.0566,,0.693,0.0291,0.44,NOMINAL,NOMINAL,STALE,0,
1647603000.0,1786289398.2143383,1,1.1243,0.0546,,0.642,0.028,0.415,NOMINAL,NOMINAL,STALE,0,
1647603900.0,1786289398.3390384,1,0.9912,0.0548,,0.565,0.0264,0.416,NOMINAL,NOMINAL,STALE,0,
1647604800.0,1786289398.464215,1,1.0418,0.0561,,0.574,0.0278,0.474,NOMINAL,NOMINAL,STALE,0,
1647605700.0,1786289398.589153,1,0.993,0.0542,,0.641,0.0269,0.416,NOMINAL,NOMINAL,STALE,0,
1647606600.0,1786289398.714293,1,1.0866,0.0561,,0.627,0.0271,0.421,NOMINAL,NOMINAL,STALE,0,
1647607500.0,1786289398.8391821,1,1.0248,0.0544,,0.576,0.0273,0.404,NOMINAL,NOMINAL,STALE,0,
1647608400.0,1786289398.9641356,1,0.9976,0.0528,,0.578,0.027,0.462,NOMINAL,NOMINAL,STALE,0,
1647609300.0,1786289399.0893958,1,1.1019,0.0555,,0.705,0.0299,0.354,NOMINAL,NOMINAL,STALE,0,
1647610200.0,1786289399.2143211,1,1.1489,0.0562,,0.685,0.0276,0.312,NOMINAL,NOMINAL,STALE,0,
1647611100.0,1786289399.3390548,1,1.0606,0.054,,0.592,0.0268,0.295,NOMINAL,NOMINAL,STALE,0,
1647612000.0,1786289399.4639957,1,1.0333,0.0548,,0.572,0.0263,0.258,NOMINAL,NOMINAL,STALE,0,
1647612900.0,1786289399.589093,1,1.0091,0.0554,,0.677,0.027,0.249,NOMINAL,NOMINAL,STALE,0,
1647613800.0,1786289399.7141507,1,1.0936,0.0543,,0.632,0.0251,0.263,NOMINAL,NOMINAL,STALE,0,
1647614700.0,1786289399.839031,1,1.01,0.0551,,0.586,0.0252,0.255,NOMINAL,NOMINAL,STALE,0,
1647615600.0,1786289399.9639096,1,0.987,0.0538,,0.581,0.0237,0.255,NOMINAL,NOMINAL,STALE,0,
1647616500.0,1786289400.0895953,1,1.1967,0.057,,0.782,0.0312,0.298,NOMINAL,NOMINAL,STALE,0,
1647617400.0,1786289400.2145963,1,1.2291,0.058,,0.764,0.03,0.301,NOMINAL,NOMINAL,STALE,0,
1647618300.0,1786289400.3390672,1,1.0618,0.0557,,0.603,0.0272,0.274,NOMINAL,NOMINAL,STALE,0,
1647619200.0,1786289400.46402,1,1.0362,0.054,,0.598,0.0255,0.265,NOMINAL,NOMINAL,STALE,0,
1647620100.0,1786289400.5890868,1,1.0259,0.1295,,0.601,0.0271,0.261,NOMINAL,NOMINAL,STALE,0,
1647621000.0,1786289400.714146,1,1.0906,0.0572,,0.635,0.0267,0.259,NOMINAL,NOMINAL,STALE,0,
1647621900.0,1786289400.8390768,1,1.1409,0.0548,,0.592,0.0261,0.26,NOMINAL,NOMINAL,STALE,0,
1647622800.0,1786289400.9647331,1,1.2275,0.0576,,0.84,0.03,0.3,NOMINAL,NOMINAL,STALE,0,
1647623700.0,1786289401.0897217,1,1.2129,0.0571,,0.753,0.0316,0.445,NOMINAL,NOMINAL,STALE,0,
1647624600.0,1786289401.2146327,1,1.1859,0.054,,0.746,0.0306,0.417,NOMINAL,NOMINAL,STALE,0,
1647625500.0,1786289401.339074,1,1.0121,0.0529,,0.583,0.0269,0.393,NOMINAL,NOMINAL,STALE,0,
1647626400.0,1786289401.4641035,1,1.0409,0.0549,,0.533,0.0268,0.404,NOMINAL,NOMINAL,STALE,0,
1647627300.0,1786289401.5892985,1,1.0387,0.0546,,0.628,0.0264,0.377,NOMINAL,NOMINAL,STALE,0,
1647628200.0,1786289401.7143152,1,1.109,0.0549,,0.626,0.0291,0.416,NOMINAL,NOMINAL,STALE,0,
1647629100.0,1786289401.8390968,1,1.0329,0.0533,,0.576,0.0283,0.385,NOMINAL,NOMINAL,STALE,0,
1647630000.0,1786289401.9640863,1,1.0168,0.0541,,0.591,0.0265,0.373,NOMINAL,NOMINAL,STALE,0,
1647630900.0,1786289402.089736,1,1.2742,0.0578,,0.732,0.0298,0.414,NOMINAL,NOMINAL,STALE,0,
1647631800.0,1786289402.2146416,1,1.2355,0.0576,,0.719,0.0301,0.415,NOMINAL,NOMINAL,STALE,0,
1647632700.0,1786289402.339134,1,1.0495,0.0563,,0.588,0.0261,0.386,NOMINAL,NOMINAL,STALE,0,
1647633600.0,1786289402.4648669,1,1.3639,0.0604,,0.663,0.0258,0.451,NOMINAL,NOMINAL,STALE,0,
1647634500.0,1786289402.5889852,1,1.0169,0.0537,,0.643,0.027,0.25,NOMINAL,NOMINAL,STALE,0,
1647635400.0,1786289402.7142856,1,1.122,0.056,,0.727,0.0299,0.271,NOMINAL,NOMINAL,STALE,0,
1647636300.0,1786289402.8386853,1,0.8466,0.05,,0.607,0.0305,0.258,NOMINAL,NOMINAL,STALE,0,
1647637200.0,1786289402.9637136,1,0.8526,0.0499,,0.607,0.0278,0.275,NOMINAL,NOMINAL,STALE,0,
1647638100.0,1786289403.0888941,1,0.9506,0.0529,,0.64,0.0276,0.262,NOMINAL,NOMINAL,STALE,0,
1647639000.0,1786289403.2142835,1,1.0924,0.054,,0.734,0.0303,0.274,NOMINAL,NOMINAL,STALE,0,
1647639900.0,1786289403.3388603,1,0.9374,0.0523,,0.625,0.0308,0.268,NOMINAL,NOMINAL,STALE,0,
1647640800.0,1786289403.463729,1,0.8953,0.0511,,0.573,0.0279,0.272,NOMINAL,NOMINAL,STALE,0,
1647641700.0,1786289403.5888746,1,0.9425,0.0512,,0.633,0.0287,0.277,NOMINAL,NOMINAL,STALE,0,
1647642600.0,1786289403.7141256,1,1.0688,0.0555,,0.673,0.0296,0.256,NOMINAL,NOMINAL,STALE,0,
1647643500.0,1786289403.838686,1,0.8665,0.0473,,0.604,0.0288,0.253,NOMINAL,NOMINAL,STALE,0,
1647644400.0,1786289403.9636223,1,0.8105,0.0477,,0.598,0.0273,0.246,NOMINAL,NOMINAL,STALE,0,
1647645300.0,1786289404.0889277,1,0.9577,0.0515,,0.646,0.0291,0.274,NOMINAL,NOMINAL,STALE,0,
1647646200.0,1786289404.2142248,1,1.0809,0.0548,,0.717,0.0297,0.263,NOMINAL,NOMINAL,STALE,0,
1647647100.0,1786289404.3390994,1,1.0419,0.0518,,0.684,0.0292,0.256,NOMINAL,NOMINAL,STALE,0,
1647648000.0,1786289404.4655278,1,0.941,0.1752,0.5488,0.625,0.0317,0.274,NOMINAL,NOMINAL,NORMAL,0,
1647648900.0,1786289404.5891027,1,1.0397,0.1684,,0.626,0.0305,0.267,NOMINAL,NOMINAL,NORMAL,0,
1647649800.0,1786289404.7143033,1,1.1187,0.1396,,0.685,0.0315,0.275,NOMINAL,NOMINAL,NORMAL,0,
1647650700.0,1786289404.8387856,1,0.8595,0.1235,,0.617,0.0323,0.263,NOMINAL,NOMINAL,NORMAL,0,
1647651600.0,1786289404.9637802,1,0.8508,0.1178,,0.617,0.0298,0.265,NOMINAL,NOMINAL,NORMAL,0,
1647652500.0,1786289405.0890503,1,0.977,0.1342,,0.653,0.0314,0.268,NOMINAL,NOMINAL,TRIGGERED,1,omni_p6
1647653400.0,1786289405.215544,1,1.0888,0.1633,,0.643,0.0425,1.699,NOMINAL,PRE_ALERT,TRIGGERED,2,omni_p6
1647654300.0,1786289405.3406959,1,1.0844,0.1374,,0.719,0.0442,1.599,PRE_ALERT,NOMINAL,NORMAL,0,
1647655200.0,1786289405.4637744,1,0.8631,0.123,,0.572,0.0301,0.281,NOMINAL,NOMINAL,NORMAL,0,
1647656100.0,1786289405.5889525,1,0.9379,0.1244,,0.636,0.0323,0.299,NOMINAL,NOMINAL,NORMAL,0,
1647657000.0,1786289405.714305,1,1.0606,0.1317,,0.77,0.0308,0.286,NOMINAL,NOMINAL,NORMAL,0,
1647657900.0,1786289405.8389623,1,0.8598,0.2528,,0.63,0.0314,0.293,NOMINAL,NOMINAL,TRIGGERED,1,omni_p6
1647658800.0,1786289405.9655492,1,1.0953,0.1389,,0.925,0.0525,1.28,NOMINAL,PRE_ALERT,TRIGGERED,2,omni_p6
1647659700.0,1786289406.091046,1,1.393,0.1494,,0.893,0.0565,1.269,PRE_ALERT,NOMINAL,NORMAL,0,
1647660600.0,1786289406.2139401,1,0.9304,0.1299,,0.671,0.0305,0.275,NOMINAL,NOMINAL,NORMAL,0,
1647661500.0,1786289406.3395615,1,1.1459,0.1462,,0.762,0.0343,0.309,NOMINAL,NOMINAL,NORMAL,0,
1647662400.0,1786289406.4637444,1,0.8702,0.1209,,0.553,0.0291,0.281,NOMINAL,NOMINAL,NORMAL,0,
1647663300.0,1786289406.588981,1,0.9182,0.1257,,0.663,0.0316,0.291,NOMINAL,NOMINAL,NORMAL,0,
1647664200.0,1786289406.7144935,1,1.1817,0.1496,,0.732,0.0325,0.275,NOMINAL,NOMINAL,NORMAL,0,
1647665100.0,1786289406.8390224,1,0.9663,0.1302,,0.597,0.031,0.254,NOMINAL,NOMINAL,NORMAL,0,
1647666000.0,1786289406.9639578,1,0.9432,0.1265,,0.641,0.0334,0.288,NOMINAL,NOMINAL,NORMAL,0,
1647666900.0,1786289407.0895596,1,1.1156,0.1453,,0.827,0.0346,0.33,NOMINAL,NOMINAL,NORMAL,0,
1647667800.0,1786289407.2141294,1,0.9657,0.1306,,0.672,0.0332,0.278,NOMINAL,NOMINAL,NORMAL,0,
1647668700.0,1786289407.339466,1,1.1041,0.1423,,0.776,0.0321,0.28,NOMINAL,NOMINAL,NORMAL,0,
1647669600.0,1786289407.4640627,1,1.0215,0.1352,,0.589,0.0331,0.284,NOMINAL,NOMINAL,NORMAL,0,
1647670500.0,1786289407.5890703,1,0.984,0.1613,,0.638,0.0313,0.265,NOMINAL,NOMINAL,NORMAL,0,
1647671400.0,1786289407.7140975,1,1.0366,0.1357,,0.626,0.0309,0.266,NOMINAL,NOMINAL,NORMAL,0,
1647672300.0,1786289407.8390706,1,1.0039,0.1374,,0.625,0.0313,0.28,NOMINAL,NOMINAL,NORMAL,0,
1647673200.0,1786289407.9641707,1,1.0063,0.1384,,0.657,0.0316,0.338,NOMINAL,NOMINAL,NORMAL,0,
1647674100.0,1786289408.0891566,1,1.0224,0.1751,,0.661,0.0313,0.262,NOMINAL,NOMINAL,NORMAL,0,
1647675000.0,1786289408.2143965,1,1.0611,0.1351,,0.823,0.0341,0.315,NOMINAL,NOMINAL,TRIGGERED,1,omni_p6
1647675900.0,1786289408.3394678,1,1.1045,0.1435,,0.761,0.0327,0.299,NOMINAL,NOMINAL,NORMAL,0,
1647676800.0,1786289408.4639144,1,0.9637,0.1332,,0.569,0.0299,0.284,NOMINAL,NOMINAL,NORMAL,0,
1647677700.0,1786289408.5889604,1,0.9184,0.1289,,0.644,0.03,0.283,NOMINAL,NOMINAL,NORMAL,0,
1647678600.0,1786289408.7143443,1,1.1349,0.137,,0.636,0.0291,0.276,NOMINAL,NOMINAL,NORMAL,0,
1647679500.0,1786289408.838744,1,0.7487,0.0408,,0.677,0.0259,0.266,NOMINAL,NOMINAL,STALE,0,
1647680400.0,1786289408.9637618,1,0.7685,0.0412,,0.673,0.026,0.276,NOMINAL,NOMINAL,STALE,0,
1647681300.0,1786289409.088672,1,0.7455,0.0394,,0.647,0.0242,0.243,NOMINAL,NOMINAL,STALE,0,
1647682200.0,1786289409.2135777,1,0.7349,0.0387,,0.602,0.0243,0.266,NOMINAL,NOMINAL,STALE,0,
1647683100.0,1786289409.3391368,1,0.8706,0.0427,,0.753,0.0281,0.283,NOMINAL,NOMINAL,STALE,0,
1647684000.0,1786289409.4635625,1,0.7095,0.037,,0.575,0.0247,0.278,NOMINAL,NOMINAL,STALE,0,
1647684900.0,1786289409.588588,1,0.6922,0.0397,,0.63,0.0247,0.249,NOMINAL,NOMINAL,STALE,0,
1647685800.0,1786289409.7137372,1,0.7958,0.0406,,0.605,0.0256,0.265,NOMINAL,NOMINAL,STALE,0,
1647686700.0,1786289409.8386142,1,0.699,0.0401,,0.64,0.0263,0.265,NOMINAL,NOMINAL,STALE,0,
1647687600.0,1786289409.9636817,1,0.7436,0.0399,,0.656,0.024,0.249,NOMINAL,NOMINAL,STALE,0,
1647688500.0,1786289410.0887852,1,0.792,0.0408,,0.643,0.025,0.253,NOMINAL,NOMINAL,STALE,0,
1647689400.0,1786289410.214601,1,1.1127,0.0466,,0.822,0.027,0.296,NOMINAL,NOMINAL,STALE,0,
1647690300.0,1786289410.338858,1,0.83,0.0409,,0.665,0.0257,0.263,NOMINAL,NOMINAL,STALE,0,
1647691200.0,1786289410.4639277,1,0.8412,0.0433,,0.653,0.0253,0.279,NOMINAL,NOMINAL,STALE,0,
1647692100.0,1786289410.5887406,1,0.7551,0.0393,,0.67,0.0274,0.266,NOMINAL,NOMINAL,STALE,0,
1647693000.0,1786289410.713825,1,0.8444,0.0415,,0.626,0.0252,0.264,NOMINAL,NOMINAL,STALE,0,
1647693900.0,1786289410.8388433,1,0.7903,0.042,,0.65,0.0268,0.263,NOMINAL,NOMINAL,STALE,0,
1647694800.0,1786289410.965091,1,0.9437,0.0511,,0.96,0.0298,0.809,NOMINAL,NOMINAL,STALE,0,
1647695700.0,1786289411.0894396,1,0.934,0.0479,,0.879,0.0297,0.306,NOMINAL,NOMINAL,STALE,0,
1647696600.0,1786289411.2138515,1,0.839,0.0412,,0.71,0.0252,0.26,NOMINAL,NOMINAL,STALE,0,
1647697500.0,1786289411.33887,1,0.8198,0.042,,0.685,0.0259,0.251,NOMINAL,NOMINAL,STALE,0,
1647698400.0,1786289411.4639375,1,0.8205,0.0414,,0.675,0.0247,0.288,NOMINAL,NOMINAL,STALE,0,
1647699300.0,1786289411.5885851,1,0.6956,0.0386,,0.627,0.0259,0.26,NOMINAL,NOMINAL,STALE,0,
1647700200.0,1786289411.71369,1,0.7887,0.0398,,0.612,0.0244,0.247,NOMINAL,NOMINAL,STALE,0,
1647701100.0,1786289411.838496,1,0.6568,0.0385,,0.605,0.0275,0.265,NOMINAL,NOMINAL,STALE,0,
1647702000.0,1786289411.9637635,1,0.8138,0.0388,,0.66,0.0254,0.254,NOMINAL,NOMINAL,STALE,0,
1647702900.0,1786289412.089115,1,0.8407,0.0438,,0.847,0.0298,0.308,NOMINAL,NOMINAL,STALE,0,
1647703800.0,1786289412.213762,1,0.7926,0.0414,,0.66,0.0259,0.266,NOMINAL,NOMINAL,STALE,0,
1647704700.0,1786289412.3388336,1,0.7956,0.0416,,0.666,0.0242,0.252,NOMINAL,NOMINAL,STALE,0,
1647705600.0,1786289412.4640095,1,0.8321,0.043,,0.683,0.0248,0.285,NOMINAL,NOMINAL,STALE,0,
1647706500.0,1786289412.5887408,1,0.7466,0.039,,0.682,0.0262,0.263,NOMINAL,NOMINAL,STALE,0,
1647707400.0,1786289412.713827,1,0.828,0.041,,0.621,0.0249,0.27,NOMINAL,NOMINAL,STALE,0,
1647708300.0,1786289412.8388243,1,0.8068,0.042,,0.659,0.025,0.261,NOMINAL,NOMINAL,STALE,0,
1647709200.0,1786289412.9636562,1,0.7172,0.0405,,0.657,0.0263,0.254,NOMINAL,NOMINAL,STALE,0,
1647710100.0,1786289413.0888274,1,0.8136,0.0423,,0.637,0.0255,0.252,NOMINAL,NOMINAL,STALE,0,
1647711000.0,1786289413.2135596,1,0.7363,0.0388,,0.59,0.0236,0.235,NOMINAL,NOMINAL,STALE,0,
1647711900.0,1786289413.3387866,1,0.7851,0.0413,,0.625,0.0361,0.262,NOMINAL,NOMINAL,STALE,0,
1647712800.0,1786289413.4639382,1,0.845,0.0425,,0.632,0.0245,0.265,NOMINAL,NOMINAL,STALE,0,
1647713700.0,1786289413.588639,1,0.7375,0.0375,,0.605,0.024,0.249,NOMINAL,NOMINAL,STALE,0,
1647714600.0,1786289413.7137575,1,0.8136,0.0413,,0.597,0.0247,0.246,NOMINAL,NOMINAL,STALE,0,
1647715500.0,1786289413.8386617,1,0.7413,0.0386,,0.623,0.0246,0.245,NOMINAL,NOMINAL,STALE,0,
1647716400.0,1786289413.9637225,1,0.8188,0.038,,0.611,0.0259,0.251,NOMINAL,NOMINAL,STALE,0,
1647717300.0,1786289414.0887854,1,0.8008,0.0418,,0.635,0.0255,0.239,NOMINAL,NOMINAL,STALE,0,
1647718200.0,1786289414.2136946,1,0.8302,0.0393,,0.606,0.0227,0.254,NOMINAL,NOMINAL,STALE,0,
1647719100.0,1786289414.3387654,1,0.7821,0.0419,,0.612,0.0251,0.261,NOMINAL,NOMINAL,STALE,0,
1647720000.0,1786289414.4639535,1,0.8371,0.0435,,0.649,0.0243,0.271,NOMINAL,NOMINAL,STALE,0,
1647720900.0,1786289414.5887024,1,0.7433,0.0394,,0.638,0.0256,0.27,NOMINAL,NOMINAL,STALE,0,
1647721800.0,1786289414.7137942,1,0.8289,0.0406,,0.608,0.0255,0.244,NOMINAL,NOMINAL,STALE,0,
1647722700.0,1786289414.838644,1,0.7166,0.0406,,0.632,0.0248,0.267,NOMINAL,NOMINAL,STALE,0,
1647723600.0,1786289414.9635704,1,0.7047,0.0383,,0.607,0.0249,0.247,NOMINAL,NOMINAL,STALE,0,
1647724500.0,1786289415.0887437,1,0.7679,0.0407,,0.654,0.026,0.248,NOMINAL,NOMINAL,STALE,0,
1647725400.0,1786289415.2136722,1,0.7617,0.0406,,0.611,0.0256,0.251,NOMINAL,NOMINAL,STALE,0,
1647726300.0,1786289415.339005,1,0.8254,0.0436,,0.725,0.0266,0.276,NOMINAL,NOMINAL,STALE,0,
1647727200.0,1786289415.4635417,1,0.7109,0.0376,,0.553,0.0255,0.266,NOMINAL,NOMINAL,STALE,0,
1647728100.0,1786289415.5890002,1,0.84,0.042,,0.707,0.0263,0.259,NOMINAL,NOMINAL,STALE,0,
1647729000.0,1786289415.713794,1,0.8216,0.0421,,0.627,0.0264,0.261,NOMINAL,NOMINAL,STALE,0,
1647729900.0,1786289415.8385663,1,0.6981,0.0392,,0.609,0.0249,0.256,NOMINAL,NOMINAL,STALE,0,
1647730800.0,1786289415.9640567,1,0.7788,0.0395,,0.851,0.0284,0.297,NOMINAL,NOMINAL,STALE,0,
1647731700.0,1786289416.0894825,1,0.9897,0.0468,,0.835,0.0294,0.301,NOMINAL,NOMINAL,STALE,0,
1647732600.0,1786289416.213724,1,0.7837,0.0399,,0.64,0.0246,0.259,NOMINAL,NOMINAL,STALE,0,
1647733500.0,1786289416.3389204,1,0.8102,0.0423,,0.68,0.0254,0.259,NOMINAL,NOMINAL,STALE,0,
1647734400.0,1786289416.464172,1,0.7078,0.0394,0.5693,0.553,0.0236,0.277,NOMINAL,NOMINAL,STALE,0,
1647735300.0,1786289416.5890963,1,0.8816,0.0435,,0.735,0.0274,0.272,NOMINAL,NOMINAL,STALE,0,
1647736200.0,1786289416.7139294,1,0.873,0.0433,,0.679,0.027,0.263,NOMINAL,NOMINAL,STALE,0,
1647737100.0,1786289416.8386128,1,0.7106,0.0386,,0.638,0.0265,0.262,NOMINAL,NOMINAL,STALE,0,
1647738000.0,1786289416.9637325,1,0.761,0.0393,,0.665,0.0259,0.274,NOMINAL,NOMINAL,STALE,0,
1647738900.0,1786289417.0892336,1,0.8954,0.0434,,0.851,0.03,0.288,NOMINAL,NOMINAL,STALE,0,
1647739800.0,1786289417.2136762,1,0.7419,0.0375,,0.684,0.0249,0.252,NOMINAL,NOMINAL,STALE,0,
1647740700.0,1786289417.3388114,1,0.7856,0.0389,,0.674,0.0248,0.248,NOMINAL,NOMINAL,STALE,0,
1647741600.0,1786289417.4633932,1,0.6491,0.0379,,0.53,0.0222,0.239,NOMINAL,NOMINAL,STALE,0,
1647742500.0,1786289417.589015,1,0.8354,0.042,,0.726,0.0261,0.29,NOMINAL,NOMINAL,STALE,0,
1647743400.0,1786289417.713898,1,0.8103,0.0413,,0.641,0.023,0.249,NOMINAL,NOMINAL,STALE,0,
1647744300.0,1786289417.8385608,1,0.6838,0.0372,,0.643,0.0251,0.251,NOMINAL,NOMINAL,STALE,0,
1647745200.0,1786289417.9634924,1,0.6555,0.0386,,0.62,0.0235,0.245,NOMINAL,NOMINAL,STALE,0,
1647746100.0,1786289418.0887637,1,0.8025,0.0428,,0.661,0.0236,0.269,NOMINAL,NOMINAL,STALE,0,
1647747000.0,1786289418.2136855,1,0.7846,0.0407,,0.609,0.0231,0.247,NOMINAL,NOMINAL,STALE,0,
1647747900.0,1786289418.3388257,1,0.7818,0.042,,0.673,0.0253,0.247,NOMINAL,NOMINAL,STALE,0,
1647748800.0,1786289418.4636917,1,0.7513,0.0404,,0.587,0.0265,0.279,NOMINAL,NOMINAL,STALE,0,
1647749700.0,1786289418.588956,1,0.833,0.0408,,0.716,0.0258,0.258,NOMINAL,NOMINAL,STALE,0,
1647750600.0,1786289418.7139614,1,0.8402,0.0425,,0.655,0.0264,0.255,NOMINAL,NOMINAL,STALE,0,
1647751500.0,1786289418.8386033,1,0.6865,0.0394,,0.65,0.0272,0.265,NOMINAL,NOMINAL,STALE,0,
1647752400.0,1786289418.9635308,1,0.6591,0.0389,,0.622,0.0246,0.279,NOMINAL,NOMINAL,STALE,0,
1647753300.0,1786289419.0887737,1,0.7895,0.043,,0.654,0.027,0.256,NOMINAL,NOMINAL,STALE,0,
1647754200.0,1786289419.213731,1,0.8028,0.0405,,0.626,0.0245,0.25,NOMINAL,NOMINAL,STALE,0,
1647755100.0,1786289419.338748,1,0.7723,0.0429,,0.646,0.0243,0.246,NOMINAL,NOMINAL,STALE,0,
1647756000.0,1786289419.4634473,1,0.6758,0.0394,,0.53,0.0239,0.253,NOMINAL,NOMINAL,STALE,0,
1647756900.0,1786289419.5889392,1,0.8292,0.0419,,0.714,0.0248,0.251,NOMINAL,NOMINAL,STALE,0,
1647757800.0,1786289419.7138553,1,0.8482,0.0438,,0.655,0.025,0.25,NOMINAL,NOMINAL,STALE,0,
1647758700.0,1786289419.8386385,1,0.7088,0.039,,0.646,0.0265,0.259,NOMINAL,NOMINAL,STALE,0,
1647759600.0,1786289419.9638722,1,0.8476,0.0414,,0.672,0.0254,0.251,NOMINAL,NOMINAL,STALE,0,
1647760500.0,1786289420.0888345,1,0.8741,0.0416,,0.651,0.0242,0.243,NOMINAL,NOMINAL,STALE,0,
1647761400.0,1786289420.2137423,1,0.7963,0.0398,,0.642,0.0234,0.239,NOMINAL,NOMINAL,STALE,0,
1647762300.0,1786289420.3387766,1,0.7781,0.0422,,0.648,0.0253,0.251,NOMINAL,NOMINAL,STALE,0,
1647763200.0,1786289420.4634128,1,0.6687,0.0381,,0.531,0.0222,0.237,NOMINAL,NOMINAL,STALE,0,
1647764100.0,1786289420.5887132,1,0.7528,0.0399,,0.641,0.023,0.27,NOMINAL,NOMINAL,STALE,0,
1647765000.0,1786289420.7140887,1,0.9003,0.043,,0.735,0.027,0.278,NOMINAL,NOMINAL,STALE,0,
1647765900.0,1786289420.8387392,1,0.739,0.0397,,0.684,0.0254,0.269,NOMINAL,NOMINAL,STALE,0,
1647766800.0,1786289420.9644372,1,0.9181,0.0442,,0.909,0.0298,0.342,NOMINAL,NOMINAL,STALE,0,
1647767700.0,1786289421.0893319,1,0.9265,0.071,,0.846,0.0287,0.294,NOMINAL,NOMINAL,STALE,0,
1647768600.0,1786289421.2139885,1,0.8798,0.0423,,0.728,0.0271,0.27,NOMINAL,NOMINAL,STALE,0,
1647769500.0,1786289421.3389099,1,0.8174,0.0414,,0.704,0.0283,0.264,NOMINAL,NOMINAL,STALE,0,
1647770400.0,1786289421.4635775,1,0.7392,0.0395,,0.576,0.0253,0.249,NOMINAL,NOMINAL,STALE,0,
1647771300.0,1786289421.588723,1,0.7726,0.0427,,0.629,0.0247,0.252,NOMINAL,NOMINAL,STALE,0,
1647772200.0,1786289421.7139626,1,0.8512,0.0414,,0.715,0.0272,0.284,NOMINAL,NOMINAL,STALE,0,
1647773100.0,1786289421.8386207,1,0.6942,0.0392,,0.656,0.0268,0.258,NOMINAL,NOMINAL,STALE,0,
1647774000.0,1786289421.9636366,1,0.7289,0.0394,,0.633,0.0245,0.264,NOMINAL,NOMINAL,STALE,0,
1647774900.0,1786289422.0893815,1,0.949,0.0451,,0.808,0.0295,0.288,NOMINAL,NOMINAL,STALE,0,
1647775800.0,1786289422.2139437,1,0.8814,0.0417,,0.702,0.026,0.269,NOMINAL,NOMINAL,STALE,0,
1647776700.0,1786289422.338998,1,0.9674,0.0426,,0.67,0.0246,0.256,NOMINAL,NOMINAL,STALE,0,
1647777600.0,1786289422.4634805,1,0.6675,0.0366,,0.567,0.0246,0.253,NOMINAL,NOMINAL,STALE,0,
1647778500.0,1786289422.5886297,1,0.7372,0.041,,0.613,0.0244,0.244,NOMINAL,NOMINAL,STALE,0,
1647779400.0,1786289422.7141993,1,0.8565,0.0429,,0.741,0.0272,0.279,NOMINAL,NOMINAL,STALE,0,
1647780300.0,1786289422.8386717,1,0.7024,0.0379,,0.697,0.0266,0.271,NOMINAL,NOMINAL,STALE,0,
1647781200.0,1786289422.9635665,1,0.6952,0.038,,0.635,0.0248,0.247,NOMINAL,NOMINAL,STALE,0,
1647782100.0,1786289423.0887787,1,0.7911,0.0409,,0.643,0.0259,0.249,NOMINAL,NOMINAL,STALE,0,
1647783000.0,1786289423.2142715,1,0.945,0.0441,,0.783,0.0287,0.281,NOMINAL,NOMINAL,STALE,0,
1647783900.0,1786289423.3388586,1,0.8055,0.0424,,0.692,0.0276,0.26,NOMINAL,NOMINAL,STALE,0,
1647784800.0,1786289423.4634178,1,0.6724,0.0377,,0.537,0.0246,0.244,NOMINAL,NOMINAL,STALE,0,
1647785700.0,1786289423.5886078,1,0.7361,0.0395,,0.599,0.0257,0.245,NOMINAL,NOMINAL,STALE,0,
1647786600.0,1786289423.7139118,1,0.8434,0.0413,,0.715,0.0271,0.273,NOMINAL,NOMINAL,STALE,0,
1647787500.0,1786289423.8388233,1,0.8033,0.0411,,0.691,0.0282,0.263,NOMINAL,NOMINAL,STALE,0,
1647788400.0,1786289423.9635007,1,0.6797,0.0384,,0.604,0.0251,0.25,NOMINAL,NOMINAL,STALE,0,
1647789300.0,1786289424.0887232,1,0.7679,0.0412,,0.641,0.0247,0.245,NOMINAL,NOMINAL,STALE,0,
1647790200.0,1786289424.2137053,1,0.7796,0.04,,0.628,0.0259,0.248,NOMINAL,NOMINAL,STALE,0,
1647791100.0,1786289424.3387558,1,0.7733,0.0414,,0.637,0.0242,0.244,NOMINAL,NOMINAL,STALE,0,
1647792000.0,1786289424.4634056,1,0.6657,0.0364,,0.536,0.0248,0.249,NOMINAL,NOMINAL,STALE,0,
1647792900.0,1786289424.5886457,1,0.7441,0.0401,,0.622,0.025,0.246,NOMINAL,NOMINAL,STALE,0,
1647793800.0,1786289424.7139323,1,0.8439,0.0412,,0.739,0.0263,0.27,NOMINAL,NOMINAL,STALE,0,
1647794700.0,1786289424.839289,1,1.0339,0.0422,,0.741,0.0271,0.269,NOMINAL,NOMINAL,STALE,0,
1647795600.0,1786289424.9635735,1,0.683,0.04,,0.638,0.0252,0.257,NOMINAL,NOMINAL,STALE,0,
1647796500.0,1786289425.0888493,1,0.8014,0.0421,,0.677,0.0276,0.261,NOMINAL,NOMINAL,STALE,0,
1647797400.0,1786289425.2136915,1,0.7466,0.0379,,0.647,0.0277,0.259,NOMINAL,NOMINAL,STALE,0,
1647798300.0,1786289425.33871,1,0.7465,0.0404,,0.646,0.0261,0.253,NOMINAL,NOMINAL,STALE,0,
1647799200.0,1786289425.463423,1,0.6651,0.0365,,0.534,0.024,0.251,NOMINAL,NOMINAL,STALE,0,
1647800100.0,1786289425.588562,1,0.734,0.0372,,0.63,0.0246,0.246,NOMINAL,NOMINAL,STALE,0,
1647801000.0,1786289425.7138896,1,0.8291,0.0417,,0.708,0.0266,0.274,NOMINAL,NOMINAL,STALE,0,
1647801900.0,1786289425.8389032,1,0.8214,0.0434,,0.674,0.0261,0.264,NOMINAL,NOMINAL,STALE,0,
1647802800.0,1786289425.9640388,1,0.7928,0.0393,,0.824,0.0412,0.313,NOMINAL,NOMINAL,STALE,0,
1647803700.0,1786289426.0895827,1,0.9521,0.1723,,0.863,0.03,0.297,NOMINAL,NOMINAL,STALE,0,
1647804600.0,1786289426.2138944,1,0.8634,0.0412,,0.686,0.0253,0.269,NOMINAL,NOMINAL,STALE,0,
1647805500.0,1786289426.339307,1,1.103,0.0452,,0.67,0.0262,0.269,NOMINAL,NOMINAL,STALE,0,
1647806400.0,1786289426.4636333,1,0.7633,0.0426,,0.58,0.0236,0.253,NOMINAL,NOMINAL,STALE,0,
1647807300.0,1786289426.5885592,1,0.7246,0.0396,,0.6,0.0224,0.244,NOMINAL,NOMINAL,STALE,0,
1647808200.0,1786289426.7137432,1,0.8061,0.0406,,0.635,0.0236,0.25,NOMINAL,NOMINAL,STALE,0,
1647809100.0,1786289426.8390923,1,0.8621,0.0444,,0.785,0.0268,0.275,NOMINAL,NOMINAL,STALE,0,
1647810000.0,1786289426.9637923,1,0.7777,0.0395,,0.69,0.0239,0.265,NOMINAL,NOMINAL,STALE,0,
1647810900.0,1786289427.0894485,1,1.0468,0.0441,,0.849,0.0285,0.307,NOMINAL,NOMINAL,STALE,0,
1647811800.0,1786289427.2137828,1,0.7781,0.0389,,0.681,0.0265,0.273,NOMINAL,NOMINAL,STALE,0,
1647812700.0,1786289427.3387794,1,0.8084,0.0402,,0.662,0.026,0.256,NOMINAL,NOMINAL,STALE,0,
1647813600.0,1786289427.4636605,1,0.7412,0.0393,,0.6,0.0246,0.262,NOMINAL,NOMINAL,STALE,0,
1647814500.0,1786289427.5884151,1,0.6346,0.0356,,0.594,0.0252,0.249,NOMINAL,NOMINAL,STALE,0,
1647815400.0,1786289427.713553,1,0.7179,0.0363,,0.593,0.0258,0.252,NOMINAL,NOMINAL,STALE,0,
1647816300.0,1786289427.8394003,1,1.1006,0.15,,0.759,0.0349,0.342,NOMINAL,NOMINAL,TRIGGERED,1,omni_p6
1647817200.0,1786289427.9649453,1,0.8738,0.1292,,0.657,0.0501,1.333,NOMINAL,PRE_ALERT,TRIGGERED,2,omni_p6
1647818100.0,1786289428.0889518,1,0.824,0.0435,,0.71,0.0281,0.301,PRE_ALERT,PRE_ALERT,STALE,2,
1647819000.0,1786289428.213738,1,0.7796,0.043,,0.663,0.0279,0.27,PRE_ALERT,PRE_ALERT,STALE,2,
1647819900.0,1786289428.338442,1,0.6313,0.0384,,0.604,0.0284,0.266,PRE_ALERT,PRE_ALERT,STALE,2,
1647820800.0,1786289428.464304,1,0.7649,0.0452,0.5234,0.581,0.025,0.299,PRE_ALERT,PRE_ALERT,STALE,2,
1647821700.0,1786289428.5885522,1,0.6933,0.0419,,0.618,0.0259,0.256,PRE_ALERT,PRE_ALERT,STALE,2,
1647822600.0,1786289428.7136846,1,0.7816,0.0438,,0.623,0.0263,0.258,PRE_ALERT,PRE_ALERT,STALE,2,
1647823500.0,1786289428.839056,1,0.8499,0.045,,0.737,0.0289,0.29,PRE_ALERT,PRE_ALERT,STALE,2,
1647824400.0,1786289428.9638565,1,0.801,0.0445,,0.675,0.0258,0.275,PRE_ALERT,PRE_ALERT,STALE,2,
1647825300.0,1786289429.0888538,1,0.7924,0.0449,,0.674,0.0268,0.294,PRE_ALERT,PRE_ALERT,STALE,2,
1647826200.0,1786289429.2136798,1,0.7413,0.0433,,0.626,0.0253,0.293,PRE_ALERT,PRE_ALERT,STALE,2,
1647827100.0,1786289429.3384705,1,0.6517,0.0406,,0.583,0.024,0.26,PRE_ALERT,PRE_ALERT,STALE,2,
1647828000.0,1786289429.463793,1,0.7679,0.0457,,0.574,0.0229,0.249,PRE_ALERT,PRE_ALERT,STALE,2,
1647828900.0,1786289429.5884728,1,0.6597,0.0404,,0.591,0.0242,0.24,PRE_ALERT,PRE_ALERT,STALE,2,
1647829800.0,1786289429.713657,1,0.7675,0.0416,,0.601,0.0233,0.243,PRE_ALERT,PRE_ALERT,STALE,2,
1647830700.0,1786289429.8405468,1,1.1398,0.1565,,0.798,0.0524,1.31,PRE_ALERT,NOMINAL,NORMAL,0,
1647831600.0,1786289429.9641445,1,1.0095,0.1413,,0.673,0.0427,0.303,NOMINAL,NOMINAL,NORMAL,0,
1647832500.0,1786289430.0887313,1,0.7608,0.0405,,0.658,0.0257,0.252,NOMINAL,NOMINAL,STALE,0,
1647833400.0,1786289430.2136374,1,0.75,0.0391,,0.606,0.0239,0.249,NOMINAL,NOMINAL,STALE,0,
1647834300.0,1786289430.3384771,1,0.6524,0.0375,,0.61,0.0251,0.239,NOMINAL,NOMINAL,STALE,0,
1647835200.0,1786289430.463757,1,0.7746,0.0417,,0.625,0.0235,0.251,NOMINAL,NOMINAL,STALE,0,
1647836100.0,1786289430.5886083,1,0.6825,0.0377,,0.61,0.0251,0.314,NOMINAL,NOMINAL,STALE,0,
1647837000.0,1786289430.7141833,1,1.1029,0.147,,0.633,0.039,0.279,NOMINAL,NOMINAL,NORMAL,0,
1647837900.0,1786289430.8394036,1,1.0979,0.1448,,0.734,0.0333,0.277,NOMINAL,NOMINAL,NORMAL,0,
1647838800.0,1786289430.9648187,1,1.1228,0.1462,,0.952,0.0348,0.306,NOMINAL,NOMINAL,NORMAL,0,
1647839700.0,1786289431.0898664,1,1.2457,0.1534,,0.841,0.037,0.295,NOMINAL,NOMINAL,NORMAL,0,
1647840600.0,1786289431.2141364,1,1.0145,0.133,,0.713,0.0314,0.282,NOMINAL,NOMINAL,NORMAL,0,
1647841500.0,1786289431.3387733,1,0.8418,0.1237,,0.636,0.0292,0.267,NOMINAL,NOMINAL,NORMAL,0,
1647842400.0,1786289431.4639914,1,0.9985,0.1358,,0.546,0.0283,0.267,NOMINAL,NOMINAL,NORMAL,0,
1647843300.0,1786289431.5887759,1,0.8424,0.1238,,0.633,0.0313,0.261,NOMINAL,NOMINAL,NORMAL,0,
1647844200.0,1786289431.7139738,1,0.9726,0.128,,0.637,0.0289,0.255,NOMINAL,NOMINAL,NORMAL,0,
1647845100.0,1786289431.8390787,1,0.9769,0.132,,0.651,0.0314,0.266,NOMINAL,NOMINAL,NORMAL,0,
1647846000.0,1786289431.964211,1,0.9968,0.1352,,0.722,0.0326,0.295,NOMINAL,NOMINAL,NORMAL,0,
1647846900.0,1786289432.0895338,1,1.0918,0.1403,,0.849,0.034,0.305,NOMINAL,NOMINAL,NORMAL,0,
1647847800.0,1786289432.2142615,1,1.0685,0.1366,,0.741,0.0325,0.276,NOMINAL,NOMINAL,NORMAL,0,
1647848700.0,1786289432.3388183,1,0.8542,0.1262,,0.653,0.0296,0.263,NOMINAL,NOMINAL,NORMAL,0,
1647849600.0,1786289432.4640243,1,0.9691,0.1289,,0.632,0.0281,0.269,NOMINAL,NOMINAL,NORMAL,0,
1647850500.0,1786289432.5888097,1,0.8554,0.126,,0.641,0.0288,0.258,NOMINAL,NOMINAL,TRIGGERED,1,omni_p6
1647851400.0,1786289432.7153893,1,1.0127,0.1349,,0.632,0.0472,1.597,NOMINAL,PRE_ALERT,TRIGGERED,2,omni_p6
1647852300.0,1786289432.8402517,1,1.0666,0.1406,,0.702,0.0492,1.221,PRE_ALERT,NOMINAL,NORMAL,0,
1647853200.0,1786289432.9645424,1,1.1309,0.1476,,0.833,0.0333,0.293,NOMINAL,NOMINAL,NORMAL,0,
1647854100.0,1786289433.089233,1,1.053,0.1719,,0.699,0.0311,0.268,NOMINAL,NOMINAL,NORMAL,0,
1647855000.0,1786289433.2141395,1,1.0277,0.137,,0.681,0.0306,0.266,NOMINAL,NOMINAL,NORMAL,0,
1647855900.0,1786289433.338976,1,0.9443,0.1349,,0.643,0.0303,0.277,NOMINAL,NOMINAL,NORMAL,0,
1647856800.0,1786289433.464091,1,0.9981,0.1363,,0.618,0.0291,0.284,NOMINAL,NOMINAL,TRIGGERED,1,omni_p6
1647857700.0,1786289433.5898507,1,0.8975,0.1261,,0.661,0.0465,1.228,NOMINAL,PRE_ALERT,TRIGGERED,2,omni_p6
1647858600.0,1786289433.715134,1,1.0918,0.1376,,0.664,0.0491,1.176,PRE_ALERT,NOMINAL,NORMAL,0,
1647859500.0,1786289433.8392022,1,1.0196,0.1399,,0.694,0.0315,0.263,NOMINAL,NOMINAL,NORMAL,0,
1647860400.0,1786289433.964265,1,1.0483,0.1417,,0.72,0.0319,0.289,NOMINAL,NOMINAL,NORMAL,0,
1647861300.0,1786289434.0892391,1,1.083,0.1443,,0.661,0.0314,0.267,NOMINAL,NOMINAL,NORMAL,0,
1647862200.0,1786289434.214056,1,0.9972,0.1367,,0.657,0.032,0.258,NOMINAL,NOMINAL,NORMAL,0,
1647863100.0,1786289434.338939,1,0.9398,0.1357,,0.637,0.03,0.262,NOMINAL,NOMINAL,TRIGGERED,1,omni_p6
1647864000.0,1786289434.4641285,1,1.0184,0.1381,,0.603,0.0307,0.294,NOMINAL,NOMINAL,NORMAL,0,
1647864900.0,1786289434.5887923,1,0.8635,0.1293,,0.634,0.0279,0.246,NOMINAL,NOMINAL,NORMAL,0,
1647865800.0,1786289434.714041,1,1.0082,0.1373,,0.635,0.03,0.263,NOMINAL,NOMINAL,NORMAL,0,
1647866700.0,1786289434.8390176,1,0.978,0.1327,,0.635,0.0308,0.253,NOMINAL,NOMINAL,NORMAL,0,
1647867600.0,1786289434.964322,1,1.0385,0.1354,,0.73,0.0339,0.379,NOMINAL,NOMINAL,NORMAL,0,
1647868500.0,1786289435.0892222,1,1.0474,0.1791,,0.69,0.0316,0.262,NOMINAL,NOMINAL,TRIGGERED,1,omni_p6
1647869400.0,1786289435.2154148,1,1.0333,0.1366,,0.662,0.0505,1.597,NOMINAL,PRE_ALERT,TRIGGERED,2,omni_p6
1647870300.0,1786289435.3397467,1,0.8932,0.1229,,0.616,0.0508,1.186,PRE_ALERT,NOMINAL,NORMAL,0,
1647871200.0,1786289435.4640443,1,0.9839,0.1336,,0.592,0.0288,0.285,NOMINAL,NOMINAL,NORMAL,0,
1647872100.0,1786289435.5887012,1,0.8244,0.1193,,0.594,0.0289,0.277,NOMINAL,NOMINAL,NORMAL,0,
1647873000.0,1786289435.7139516,1,0.9566,0.1297,,0.602,0.0282,0.3,NOMINAL,NOMINAL,NORMAL,0,
1647873900.0,1786289435.8390453,1,0.9619,0.1354,,0.649,0.0339,0.266,NOMINAL,NOMINAL,NORMAL,0,
1647874800.0,1786289435.9647765,1,1.1731,0.148,,0.928,0.0348,0.327,NOMINAL,NOMINAL,TRIGGERED,1,omni_p6
1647875700.0,1786289436.0912025,1,1.3539,0.1736,,0.873,0.0532,1.425,NOMINAL,PRE_ALERT,TRIGGERED,2,omni_p6
1647876600.0,1786289436.2153528,1,1.1374,0.1367,,0.727,0.0531,1.272,PRE_ALERT,NOMINAL,NORMAL,0,
1647877500.0,1786289436.339125,1,1.0331,0.1365,,0.657,0.031,0.265,NOMINAL,NOMINAL,NORMAL,0,
1647878400.0,1786289436.4641721,1,1.0568,0.1347,,0.604,0.0296,0.289,NOMINAL,NOMINAL,NORMAL,0,
1647879300.0,1786289436.5889096,1,0.9059,0.1261,,0.618,0.031,0.294,NOMINAL,NOMINAL,NORMAL,0,
1647880200.0,1786289436.7141488,1,1.0464,0.1323,,0.654,0.0327,0.274,NOMINAL,NOMINAL,NORMAL,0,
1647881100.0,1786289436.8390768,1,1.0042,0.1355,,0.628,0.0304,0.25,NOMINAL,NOMINAL,NORMAL,0,
1647882000.0,1786289436.9641008,1,1.01,0.1352,,0.645,0.0286,0.259,NOMINAL,NOMINAL,NORMAL,0,
1647882900.0,1786289437.089753,1,1.2303,0.152,,0.826,0.035,0.316,NOMINAL,NOMINAL,NORMAL,0,
1647883800.0,1786289437.214581,1,1.1511,0.2799,,0.715,0.0312,0.303,NOMINAL,NOMINAL,NORMAL,0,
1647884700.0,1786289437.3388972,1,0.9049,0.1271,,0.638,0.0314,0.268,NOMINAL,NOMINAL,NORMAL,0,
1647885600.0,1786289437.464553,1,1.0611,0.1401,,0.625,0.0296,0.302,NOMINAL,NOMINAL,NORMAL,0,
1647886500.0,1786289437.5888515,1,0.8967,0.1323,,0.602,0.0307,0.257,NOMINAL,NOMINAL,NORMAL,0,
1647887400.0,1786289437.7140455,1,1.039,0.1284,,0.608,0.03,0.252,NOMINAL,NOMINAL,NORMAL,0,
1647888300.0,1786289437.8391237,1,1.0249,0.1404,,0.654,0.0313,0.257,NOMINAL,NOMINAL,NORMAL,0,
1647889200.0,1786289437.9643376,1,1.0686,0.1421,,0.653,0.072,0.308,NOMINAL,NOMINAL,NORMAL,0,
1647890100.0,1786289438.089251,1,1.0595,0.1715,,0.703,0.0323,0.265,NOMINAL,NOMINAL,NORMAL,0,
1647891000.0,1786289438.2142594,1,1.0815,0.1382,,0.683,0.0319,0.292,NOMINAL,NOMINAL,NORMAL,0,
1647891900.0,1786289438.3389568,1,0.9419,0.1327,,0.633,0.0314,0.259,NOMINAL,NOMINAL,NORMAL,0,
1647892800.0,1786289438.4640994,1,0.9948,0.135,,0.61,0.0286,0.267,NOMINAL,NOMINAL,NORMAL,0,
1647893700.0,1786289438.5888352,1,0.902,0.1243,,0.607,0.0297,0.256,NOMINAL,NOMINAL,NORMAL,0,
1647894600.0,1786289438.7141418,1,1.0346,0.1374,,0.659,0.0326,0.269,NOMINAL,NOMINAL,NORMAL,0,
1647895500.0,1786289438.839006,1,1.0598,0.1243,,0.597,0.0316,0.283,NOMINAL,NOMINAL,TRIGGERED,1,omni_p6
1647896400.0,1786289438.9641743,1,1.0065,0.1331,,0.666,0.0305,0.286,NOMINAL,NOMINAL,NORMAL,0,
1647897300.0,1786289439.0892699,1,1.0386,0.1678,,0.714,0.0318,0.293,NOMINAL,NOMINAL,NORMAL,0,
1647898200.0,1786289439.2142026,1,1.0643,0.1392,,0.68,0.0309,0.265,NOMINAL,NOMINAL,NORMAL,0,
1647899100.0,1786289439.3390975,1,0.9629,0.1329,,0.636,0.0308,0.261,NOMINAL,NOMINAL,NORMAL,0,
1647900000.0,1786289439.4641042,1,0.9992,0.1381,,0.628,0.0311,0.266,NOMINAL,NOMINAL,NORMAL,0,
1647900900.0,1786289439.5888448,1,0.8846,0.1272,,0.624,0.0295,0.25,NOMINAL,NOMINAL,NORMAL,0,
1647901800.0,1786289439.7140176,1,0.9921,0.131,,0.626,0.0307,0.252,NOMINAL,NOMINAL,TRIGGERED,1,omni_p6
1647902700.0,1786289439.8388517,1,0.8854,0.1214,,0.614,0.0317,0.258,NOMINAL,NOMINAL,NORMAL,0,
1647903600.0,1786289439.964293,1,1.0015,0.1343,,0.672,0.0343,0.29,NOMINAL,NOMINAL,NORMAL,0,
1647904500.0,1786289440.0893848,1,1.0642,0.2214,,0.707,0.0336,0.273,NOMINAL,NOMINAL,NORMAL,0,
1647905400.0,1786289440.2142823,1,1.0788,0.1382,,0.722,0.0326,0.273,NOMINAL,NOMINAL,NORMAL,0,
1647906300.0,1786289440.3388517,1,0.881,0.1273,,0.625,0.0318,0.264,NOMINAL,NOMINAL,NORMAL,0,
1647907200.0,1786289440.464794,1,1.0152,0.1316,0.5518,0.652,0.0321,0.286,NOMINAL,NOMINAL,NORMAL,0,
1647908100.0,1786289440.5890906,1,1.016,0.1647,,0.618,0.0328,0.266,NOMINAL,NOMINAL,TRIGGERED,1,omni_p6
1647909000.0,1786289440.7141132,1,1.0405,0.1334,,0.63,0.0308,0.259,NOMINAL,NOMINAL,NORMAL,0,
1647909900.0,1786289440.839318,1,1.0772,0.1366,,0.645,0.031,0.255,NOMINAL,NOMINAL,NORMAL,0,
1647910800.0,1786289440.965138,1,1.2445,0.1515,,0.921,0.0364,0.308,NOMINAL,NOMINAL,NORMAL,0,
1647911700.0,1786289441.0899134,1,1.2532,0.1512,,0.881,0.0355,0.298,NOMINAL,NOMINAL,NORMAL,0,
1647912600.0,1786289441.2145889,1,1.232,0.1457,,0.776,0.0333,0.274,NOMINAL,NOMINAL,NORMAL,0,
1647913500.0,1786289441.339254,1,1.1478,0.142,,0.663,0.0316,0.29,NOMINAL,NOMINAL,TRIGGERED,1,omni_p6
1647914400.0,1786289441.4651365,1,1.0056,0.1421,,0.616,0.0467,1.305,NOMINAL,PRE_ALERT,TRIGGERED,2,omni_p6
1647915300.0,1786289441.5901003,1,1.0565,0.1691,,0.654,0.0484,1.176,PRE_ALERT,NOMINAL,NORMAL,0,
1647916200.0,1786289441.7141893,1,1.078,0.1379,,0.655,0.0303,0.261,NOMINAL,NOMINAL,NORMAL,0,
1647917100.0,1786289441.8387904,1,0.8598,0.1261,,0.597,0.0288,0.27,NOMINAL,NOMINAL,NORMAL,0,
1647918000.0,1786289441.964257,1,0.9909,0.1359,,0.779,0.0307,0.289,NOMINAL,NOMINAL,NORMAL,0,
1647918900.0,1786289442.089693,1,1.2009,0.1443,,0.86,0.0337,0.305,NOMINAL,NOMINAL,NORMAL,0,
1647919800.0,1786289442.2145429,1,1.17,0.1463,,0.76,0.0339,0.286,NOMINAL,NOMINAL,TRIGGERED,1,omni_p6
1647920700.0,1786289442.3403044,1,1.0755,0.142,,0.69,0.0508,1.315,NOMINAL,PRE_ALERT,TRIGGERED,2,omni_p6
1647921600.0,1786289442.46528,1,1.099,0.1482,,0.622,0.0495,1.244,PRE_ALERT,NOMINAL,NORMAL,0,
1647922500.0,1786289442.5889823,1,0.9686,0.1354,,0.639,0.0297,0.254,NOMINAL,NOMINAL,NORMAL,0,
1647923400.0,1786289442.7141674,1,1.0651,0.1405,,0.637,0.0291,0.25,NOMINAL,NOMINAL,NORMAL,0,
1647924300.0,1786289442.8388422,1,0.8953,0.1289,,0.594,0.031,0.258,NOMINAL,NOMINAL,NORMAL,0,
1647925200.0,1786289442.964348,1,1.1447,0.1378,,0.654,0.0536,0.304,NOMINAL,NOMINAL,NORMAL,0,
1647926100.0,1786289443.0890949,1,1.0352,0.1648,,0.615,0.0308,0.255,NOMINAL,NOMINAL,NORMAL,0,
1647927000.0,1786289443.2147167,1,1.2005,0.15,,0.825,0.0347,0.307,NOMINAL,NOMINAL,NORMAL,0,
1647927900.0,1786289443.3390028,1,0.9556,0.1312,,0.635,0.0322,0.269,NOMINAL,NOMINAL,NORMAL,0,
1647928800.0,1786289443.4642427,1,1.0455,0.1401,,0.627,0.0298,0.29,NOMINAL,NOMINAL,NORMAL,0,
1647929700.0,1786289443.588839,1,0.908,0.1284,,0.593,0.0293,0.249,NOMINAL,NOMINAL,NORMAL,0,
1647930600.0,1786289443.7140186,1,1.0073,0.1318,,0.598,0.0301,0.244,NOMINAL,NOMINAL,NORMAL,0,
1647931500.0,1786289443.838811,1,0.8902,0.1269,,0.581,0.0318,0.245,NOMINAL,NOMINAL,NORMAL,0,
1647932400.0,1786289443.9642193,1,1.0321,0.1367,,0.641,0.0288,0.267,NOMINAL,NOMINAL,NORMAL,0,
1647933300.0,1786289444.0890324,1,0.9769,0.163,,0.605,0.0283,0.262,NOMINAL,NOMINAL,NORMAL,0,
1647934200.0,1786289444.2145004,1,1.114,0.2319,,0.74,0.0305,0.273,NOMINAL,NOMINAL,NORMAL,0,
1647935100.0,1786289444.3391545,1,1.029,0.1389,,0.638,0.03,0.276,NOMINAL,NOMINAL,NORMAL,0,
1647936000.0,1786289444.4641638,1,1.0271,0.1404,,0.599,0.0302,0.282,NOMINAL,NOMINAL,TRIGGERED,1,omni_p6
1647936900.0,1786289444.5890048,1,0.9662,0.1334,,0.562,0.03,0.295,NOMINAL,NOMINAL,NORMAL,0,
1647937800.0,1786289444.714226,1,1.073,0.1413,,0.655,0.0317,0.279,NOMINAL,NOMINAL,NORMAL,0,
1647938700.0,1786289444.8390014,1,0.9729,0.1354,,0.614,0.0291,0.254,NOMINAL,NOMINAL,TRIGGERED,1,omni_p6
1647939600.0,1786289444.9652483,1,1.035,0.1419,,0.646,0.0484,1.293,NOMINAL,PRE_ALERT,TRIGGERED,2,omni_p6
1647940500.0,1786289445.090187,1,1.0572,0.1436,,0.656,0.0495,1.208,PRE_ALERT,NOMINAL,NORMAL,0,
1647941400.0,1786289445.2145646,1,1.268,0.1392,,0.705,0.0309,0.3,NOMINAL,NOMINAL,NORMAL,0,
1647942300.0,1786289445.3392878,1,1.0567,0.1838,,0.659,0.0316,0.273,NOMINAL,NOMINAL,TRIGGERED,1,omni_p6
1647943200.0,1786289445.4641483,1,1.0332,0.1351,,0.584,0.0311,0.281,NOMINAL,NOMINAL,NORMAL,0,
1647944100.0,1786289445.5891685,1,0.9938,0.1389,,0.592,0.0296,0.246,NOMINAL,NOMINAL,NORMAL,0,
1647945000.0,1786289445.7141788,1,1.052,0.1339,,0.631,0.0291,0.262,NOMINAL,NOMINAL,NORMAL,0,
1647945900.0,1786289445.8390229,1,0.9725,0.1348,,0.569,0.0302,0.28,NOMINAL,NOMINAL,NORMAL,0,
1647946800.0,1786289445.9651325,1,1.2208,0.1528,,0.954,0.0359,0.41,NOMINAL,NOMINAL,NORMAL,0,
1647947700.0,1786289446.0898595,1,1.2724,0.1535,,0.82,0.0359,0.3,NOMINAL,NOMINAL,TRIGGERED,1,omni_p6
1647948600.0,1786289446.2156017,1,1.2221,0.1472,,0.769,0.0514,1.261,NOMINAL,PRE_ALERT,TRIGGERED,2,omni_p6
1647949500.0,1786289446.3404129,1,1.1406,0.147,,0.706,0.0525,1.267,PRE_ALERT,NOMINAL,NORMAL,0,
1647950400.0,1786289446.4642355,1,1.0917,0.1434,,0.573,0.0313,0.293,NOMINAL,NOMINAL,NORMAL,0,
1647951300.0,1786289446.5890863,1,1.0109,0.1724,,0.602,0.0293,0.248,NOMINAL,NOMINAL,NORMAL,0,
1647952200.0,1786289446.714165,1,1.0539,0.1374,,0.646,0.0302,0.257,NOMINAL,NOMINAL,NORMAL,0,
1647953100.0,1786289446.839047,1,0.9908,0.1374,,0.609,0.0333,0.252,NOMINAL,NOMINAL,NORMAL,0,
1647954000.0,1786289446.9643302,1,1.0714,0.1407,,0.665,0.0579,0.292,NOMINAL,NOMINAL,TRIGGERED,1,omni_p6
1647954900.0,1786289447.0907362,1,1.2014,0.1524,,0.848,0.0516,1.281,NOMINAL,PRE_ALERT,TRIGGERED,2,omni_p6
1647955800.0,1786289447.2156336,1,1.2121,0.1487,,0.822,0.0528,1.266,PRE_ALERT,NOMINAL,NORMAL,0,
1647956700.0,1786289447.3394513,1,1.1485,0.1467,,0.704,0.0323,0.267,NOMINAL,NOMINAL,NORMAL,0,
1647957600.0,1786289447.46418,1,1.0663,0.1412,,0.563,0.0295,0.295,NOMINAL,NOMINAL,NORMAL,0,
1647958500.0,1786289447.5890734,1,1.004,0.1702,,0.599,0.0304,0.252,NOMINAL,NOMINAL,NORMAL,0,
1647959400.0,1786289447.714374,1,1.219,0.1362,,0.643,0.03,0.257,NOMINAL,NOMINAL,NORMAL,0,
1647960300.0,1786289447.8389308,1,0.9406,0.1382,,0.591,0.0286,0.272,NOMINAL,NOMINAL,TRIGGERED,1,omni_p6
1647961200.0,1786289447.9644866,1,1.1473,0.1689,,0.721,0.0291,0.261,NOMINAL,NOMINAL,NORMAL,0,
1647962100.0,1786289448.0890934,1,0.9968,0.1709,,0.616,0.0295,0.275,NOMINAL,NOMINAL,NORMAL,0,
1647963000.0,1786289448.2142222,1,1.0601,0.1403,,0.659,0.0297,0.264,NOMINAL,NOMINAL,NORMAL,0,
1647963900.0,1786289448.339363,1,1.0965,0.1426,,0.702,0.0324,0.271,NOMINAL,NOMINAL,NORMAL,0,
1647964800.0,1786289448.4642942,1,1.1185,0.1355,,0.574,0.03,0.294,NOMINAL,NOMINAL,NORMAL,0,
1647965700.0,1786289448.589309,1,1.0257,0.1471,,0.617,0.0308,0.278,NOMINAL,NOMINAL,NORMAL,0,
1647966600.0,1786289448.7142265,1,1.1258,0.1361,,0.641,0.0306,0.258,NOMINAL,NOMINAL,NORMAL,0,
1647967500.0,1786289448.8390577,1,0.9902,0.1346,,0.631,0.029,0.25,NOMINAL,NOMINAL,NORMAL,0,
1647968400.0,1786289448.9641888,1,1.0493,0.1317,,0.652,0.0304,0.287,NOMINAL,NOMINAL,NORMAL,0,
1647969300.0,1786289449.0892222,1,1.0629,0.1385,,0.647,0.0309,0.252,NOMINAL,NOMINAL,NORMAL,0,
1647970200.0,1786289449.214372,1,1.1207,0.1405,,0.699,0.0302,0.262,NOMINAL,NOMINAL,NORMAL,0,
1647971100.0,1786289449.3393216,1,1.081,0.142,,0.69,0.0315,0.272,NOMINAL,NOMINAL,NORMAL,0,
1647972000.0,1786289449.4644852,1,1.199,0.1729,,0.608,0.0291,0.272,NOMINAL,NOMINAL,NORMAL,0,
1647972900.0,1786289449.5891562,1,1.0209,0.1747,,0.618,0.0294,0.255,NOMINAL,NOMINAL,NORMAL,0,
1647973800.0,1786289449.7141082,1,1.0492,0.1384,,0.6,0.0273,0.246,NOMINAL,NOMINAL,NORMAL,0,
1647974700.0,1786289449.8390787,1,1.0094,0.1378,,0.586,0.0296,0.256,NOMINAL,NOMINAL,NORMAL,0,
1647975600.0,1786289449.964227,1,1.0203,0.1364,,0.602,0.0284,0.281,NOMINAL,NOMINAL,NORMAL,0,
1647976500.0,1786289450.0891268,1,1.0251,0.1689,,0.612,0.0274,0.24,NOMINAL,NOMINAL,NORMAL,0,
1647977400.0,1786289450.2141783,1,1.0559,0.1396,,0.641,0.0287,0.249,NOMINAL,NOMINAL,NORMAL,0,
1647978300.0,1786289450.3393793,1,1.0849,0.1392,,0.705,0.0316,0.292,NOMINAL,NOMINAL,NORMAL,0,
1647979200.0,1786289450.4646306,1,1.336,0.1815,,0.631,0.0303,0.282,NOMINAL,NOMINAL,NORMAL,0,
1647980100.0,1786289450.589352,1,1.2104,0.1434,,0.609,0.0288,0.264,NOMINAL,NOMINAL,NORMAL,0,
1647981000.0,1786289450.7140996,1,1.0371,0.1376,,0.598,0.0293,0.305,NOMINAL,NOMINAL,TRIGGERED,1,omni_p6
1647981900.0,1786289450.8391995,1,1.0436,0.1387,,0.65,0.0314,0.277,NOMINAL,NOMINAL,NORMAL,0,
1647982800.0,1786289450.9651327,1,1.2695,0.1595,,0.918,0.0326,0.31,NOMINAL,NOMINAL,NORMAL,0,
1647983700.0,1786289451.0899503,1,1.2651,0.157,,0.868,0.035,0.306,NOMINAL,NOMINAL,NORMAL,0,
1647984600.0,1786289451.2145305,1,1.1733,0.1455,,0.749,0.0307,0.275,NOMINAL,NOMINAL,NORMAL,0,
1647985500.0,1786289451.339543,1,1.1386,0.1485,,0.768,0.0332,0.289,NOMINAL,NOMINAL,NORMAL,0,
1647986400.0,1786289451.4641247,1,1.0381,0.1368,,0.623,0.0299,0.279,NOMINAL,NOMINAL,NORMAL,0,
1647987300.0,1786289451.5892122,1,1.0401,0.1416,,0.633,0.0292,0.251,NOMINAL,NOMINAL,TRIGGERED,1,omni_p6
1647988200.0,1786289451.714098,1,1.0393,0.1352,,0.617,0.03,0.253,NOMINAL,NOMINAL,NORMAL,0,
1647989100.0,1786289451.8391337,1,1.0105,0.1395,,0.636,0.0306,0.273,NOMINAL,NOMINAL,NORMAL,0,
1647990000.0,1786289451.9639337,1,0.9418,0.135,,0.612,0.0274,0.241,NOMINAL,NOMINAL,NORMAL,0,
1647990900.0,1786289452.0899024,1,1.2628,0.1531,,0.834,0.0332,0.309,NOMINAL,NOMINAL,NORMAL,0,
1647991800.0,1786289452.2144625,1,1.2536,0.1631,,0.712,0.0303,0.272,NOMINAL,NOMINAL,NORMAL,0,
1647992700.0,1786289452.3394687,1,1.1045,0.1453,,0.723,0.0318,0.314,NOMINAL,NOMINAL,TRIGGERED,1,omni_p6
1647993600.0,1786289452.4658787,1,1.0601,0.1347,0.5914,0.636,0.0496,1.295,NOMINAL,PRE_ALERT,TRIGGERED,2,omni_p6
1647994500.0,1786289452.5904129,1,1.1651,0.1695,,0.679,0.0512,1.22,PRE_ALERT,NOMINAL,NORMAL,0,
1647995400.0,1786289452.714284,1,1.2296,0.1427,,0.592,0.0256,0.249,NOMINAL,NOMINAL,NORMAL,0,
1647996300.0,1786289452.8391168,1,1.0394,0.1381,,0.614,0.0298,0.254,NOMINAL,NOMINAL,NORMAL,0,
1647997200.0,1786289452.964031,1,0.9859,0.1361,,0.608,0.0295,0.28,NOMINAL,NOMINAL,NORMAL,0,
1647998100.0,1786289453.0892563,1,1.0363,0.1727,,0.691,0.0298,0.272,NOMINAL,NOMINAL,NORMAL,0,
1647999000.0,1786289453.214066,1,1.0156,0.1391,,0.638,0.0304,0.268,NOMINAL,NOMINAL,TRIGGERED,1,omni_p6
1647999900.0,1786289453.340254,1,1.0494,0.1425,,0.648,0.0504,1.283,NOMINAL,PRE_ALERT,TRIGGERED,2,omni_p6
1648000800.0,1786289453.4651787,1,1.0834,0.1384,,0.627,0.0486,1.245,PRE_ALERT,NOMINAL,NORMAL,0,
1648001700.0,1786289453.5892043,1,1.0431,0.1478,,0.613,0.0301,0.274,NOMINAL,NOMINAL,NORMAL,0,
1648002600.0,1786289453.713977,1,0.9869,0.1331,,0.589,0.0291,0.246,NOMINAL,NOMINAL,NORMAL,0,
1648003500.0,1786289453.8390741,1,0.9921,0.1345,,0.633,0.03,0.258,NOMINAL,NOMINAL,NORMAL,0,
1648004400.0,1786289453.9638474,1,0.9186,0.1255,,0.577,0.0273,0.249,NOMINAL,NOMINAL,NORMAL,0,
1648005300.0,1786289454.0891464,1,0.9937,0.1632,,0.637,0.03,0.272,NOMINAL,NOMINAL,TRIGGERED,1,omni_p6
1648006200.0,1786289454.213991,1,0.9891,0.1302,,0.604,0.0288,0.275,NOMINAL,NOMINAL,NORMAL,0,
1648007100.0,1786289454.3391511,1,1.0121,0.1381,,0.631,0.0301,0.279,NOMINAL,NOMINAL,NORMAL,0,
1648008000.0,1786289454.4641478,1,0.9985,0.1345,,0.669,0.0291,0.3,NOMINAL,NOMINAL,NORMAL,0,
1648008900.0,1786289454.5892174,1,1.0397,0.142,,0.636,0.0316,0.261,NOMINAL,NOMINAL,NORMAL,0,
1648009800.0,1786289454.714034,1,1.0239,0.1326,,0.599,0.0294,0.253,NOMINAL,NOMINAL,NORMAL,0,
1648010700.0,1786289454.839336,1,0.9959,0.1347,,0.619,0.03,0.255,NOMINAL,NOMINAL,NORMAL,0,
1648011600.0,1786289454.9638777,1,0.9318,0.13,,0.588,0.0286,0.248,NOMINAL,NOMINAL,NORMAL,0,
1648012500.0,1786289455.089228,1,1.0637,0.1441,,0.635,0.0307,0.255,NOMINAL,NOMINAL,NORMAL,0,
1648013400.0,1786289455.2140307,1,1.0187,0.1323,,0.611,0.0295,0.251,NOMINAL,NOMINAL,NORMAL,0,
1648014300.0,1786289455.3392339,1,1.0574,0.1391,,0.659,0.0311,0.265,NOMINAL,NOMINAL,NORMAL,0,
1648015200.0,1786289455.4642358,1,1.0592,0.1376,,0.659,0.0304,0.295,NOMINAL,NOMINAL,NORMAL,0,
1648016100.0,1786289455.5892828,1,1.0665,0.1795,,0.645,0.0327,0.26,NOMINAL,NOMINAL,NORMAL,0,
1648017000.0,1786289455.714117,1,1.0465,0.1409,,0.612,0.028,0.26,NOMINAL,NOMINAL,NORMAL,0,
1648017900.0,1786289455.8391566,1,1.0353,0.1406,,0.621,0.0305,0.262,NOMINAL,NOMINAL,NORMAL,0,
1648018800.0,1786289455.964843,1,1.18,0.1493,,0.867,0.035,0.305,NOMINAL,NOMINAL,NORMAL,0,
1648019700.0,1786289456.0899148,1,1.2573,0.1546,,0.847,0.0336,0.294,NOMINAL,NOMINAL,NORMAL,0,
1648020600.0,1786289456.2142453,1,1.0783,0.1436,,0.691,0.0305,0.274,NOMINAL,NOMINAL,NORMAL,0,
1648021500.0,1786289456.3394635,1,1.1949,0.1486,,0.689,0.0315,0.309,NOMINAL,NOMINAL,TRIGGERED,1,omni_p6
1648022400.0,1786289456.4641566,1,1.0277,0.1415,,0.661,0.0324,0.294,NOMINAL,NOMINAL,NORMAL,0,
1648023300.0,1786289456.5891917,1,1.0363,0.1492,,0.619,0.0307,0.262,NOMINAL,NOMINAL,NORMAL,0,
1648024200.0,1786289456.7140398,1,1.0206,0.1327,,0.589,0.0303,0.271,NOMINAL,NOMINAL,NORMAL,0,
1648025100.0,1786289456.8391328,1,1.0073,0.1362,,0.632,0.0321,0.278,NOMINAL,NOMINAL,NORMAL,0,
1648026000.0,1786289456.9638927,1,0.9414,0.1305,,0.584,0.0287,0.25,NOMINAL,NOMINAL,NORMAL,0,
1648026900.0,1786289457.0897317,1,1.1945,0.1528,,0.833,0.0358,0.306,NOMINAL,NOMINAL,TRIGGERED,1,omni_p6
1648027800.0,1786289457.2152035,1,1.0733,0.1419,,0.686,0.05,1.259,NOMINAL,PRE_ALERT,TRIGGERED,2,omni_p6
1648028700.0,1786289457.3404787,1,1.1484,0.1483,,0.724,0.0526,1.267,PRE_ALERT,NOMINAL,NORMAL,0,
1648029600.0,1786289457.4642582,1,1.0677,0.1415,,0.676,0.0308,0.29,NOMINAL,NOMINAL,NORMAL,0,
1648030500.0,1786289457.5893376,1,1.0855,0.1423,,0.645,0.0309,0.305,NOMINAL,NOMINAL,NORMAL,0,
1648031400.0,1786289457.714171,1,1.015,0.136,,0.618,0.0289,0.259,NOMINAL,NOMINAL,NORMAL,0,
1648032300.0,1786289457.8390856,1,0.997,0.138,,0.608,0.0308,0.258,NOMINAL,NOMINAL,NORMAL,0,
1648033200.0,1786289457.9639072,1,0.9325,0.1332,,0.592,0.0295,0.258,NOMINAL,NOMINAL,TRIGGERED,1,omni_p6
1648034100.0,1786289458.090655,1,1.0234,0.177,,0.658,0.0476,1.71,NOMINAL,PRE_ALERT,TRIGGERED,2,omni_p6
1648035000.0,1786289458.2151253,1,1.0842,0.1388,,0.665,0.0476,1.173,PRE_ALERT,NOMINAL,NORMAL,0,
1648035900.0,1786289458.339066,1,0.9726,0.1264,,0.654,0.0341,0.273,NOMINAL,NOMINAL,NORMAL,0,
1648036800.0,1786289458.4639614,1,0.9756,0.131,,0.583,0.0289,0.261,NOMINAL,NOMINAL,NORMAL,0,
1648037700.0,1786289458.5894337,1,1.0675,0.149,,0.713,0.0314,0.297,NOMINAL,NOMINAL,NORMAL,0,
1648038600.0,1786289458.7140427,1,1.0086,0.1333,,0.617,0.0322,0.297,NOMINAL,NOMINAL,TRIGGERED,1,omni_p6
1648039500.0,1786289458.840391,1,0.9395,0.1335,,0.618,0.0502,1.664,NOMINAL,PRE_ALERT,TRIGGERED,2,omni_p6
1648040400.0,1786289458.9649885,1,0.9366,0.1301,,0.623,0.0493,1.215,PRE_ALERT,NOMINAL,NORMAL,0,
1648041300.0,1786289459.0892098,1,1.0367,0.1433,,0.634,0.0309,0.272,NOMINAL,NOMINAL,NORMAL,0,
1648042200.0,1786289459.2139874,1,1.0017,0.1326,,0.618,0.0288,0.252,NOMINAL,NOMINAL,NORMAL,0,
1648043100.0,1786289459.3390524,1,0.9391,0.1355,,0.659,0.0301,0.263,NOMINAL,NOMINAL,NORMAL,0,
1648044000.0,1786289459.4637573,1,0.866,0.1271,,0.541,0.0284,0.258,NOMINAL,NOMINAL,NORMAL,0,
1648044900.0,1786289459.5893161,1,1.0423,0.1468,,0.72,0.0303,0.297,NOMINAL,NOMINAL,TRIGGERED,1,omni_p6
1648045800.0,1786289459.7150245,1,0.9962,0.1375,,0.646,0.0491,1.248,NOMINAL,PRE_ALERT,TRIGGERED,2,omni_p6
1648046700.0,1786289459.8400228,1,0.968,0.1332,,0.657,0.0493,1.22,PRE_ALERT,NOMINAL,NORMAL,0,
1648047600.0,1786289459.9638255,1,0.8754,0.1241,,0.585,0.0308,0.279,NOMINAL,NOMINAL,NORMAL,0,
1648048500.0,1786289460.0896883,1,1.2369,0.1479,,0.798,0.0322,0.345,NOMINAL,NOMINAL,NORMAL,0,
1648049400.0,1786289460.2140827,1,1.0423,0.1345,,0.638,0.0287,0.266,NOMINAL,NOMINAL,NORMAL,0,
1648050300.0,1786289460.339483,1,1.0751,0.2774,,0.707,0.0316,0.282,NOMINAL,NOMINAL,NORMAL,0,
1648051200.0,1786289460.463794,1,0.8943,0.1268,,0.557,0.029,0.257,NOMINAL,NOMINAL,TRIGGERED,1,omni_p6
1648052100.0,1786289460.5893693,1,1.0715,0.1476,,0.718,0.0317,0.287,NOMINAL,NOMINAL,NORMAL,0,
1648053000.0,1786289460.7142003,1,1.0579,0.138,,0.694,0.0347,0.284,NOMINAL,NOMINAL,NORMAL,0,
1648053900.0,1786289460.8389707,1,0.9216,0.1313,,0.631,0.0305,0.273,NOMINAL,NOMINAL,NORMAL,0,
1648054800.0,1786289460.9643857,1,1.0569,0.1295,,0.817,0.0354,0.345,NOMINAL,NOMINAL,NORMAL,0,
1648055700.0,1786289461.0897517,1,1.2351,0.1464,,0.832,0.0341,0.306,NOMINAL,NOMINAL,NORMAL,0,
1648056600.0,1786289461.2141166,1,1.0213,0.1372,,0.669,0.0308,0.273,NOMINAL,NOMINAL,NORMAL,0,
1648057500.0,1786289461.3393912,1,1.0901,0.1439,,0.743,0.0342,0.273,NOMINAL,NOMINAL,NORMAL,0,
1648058400.0,1786289461.4640045,1,0.9995,0.1348,,0.574,0.0303,0.272,NOMINAL,NOMINAL,NORMAL,0,
1648059300.0,1786289461.5894487,1,1.1376,0.1468,,0.732,0.0337,0.278,NOMINAL,NOMINAL,NORMAL,0,
1648060200.0,1786289461.714227,1,1.1539,0.1339,,0.654,0.0313,0.268,NOMINAL,NOMINAL,NORMAL,0,
1648061100.0,1786289461.8391364,1,1.0041,0.1392,,0.646,0.0324,0.262,NOMINAL,NOMINAL,NORMAL,0,
1648062000.0,1786289461.9638827,1,0.9222,0.1329,,0.608,0.0292,0.257,NOMINAL,NOMINAL,NORMAL,0,
1648062900.0,1786289462.0897222,1,1.222,0.1512,,0.833,0.0356,0.307,NOMINAL,NOMINAL,NORMAL,0,
1648063800.0,1786289462.2140532,1,0.9902,0.1315,,0.672,0.0319,0.277,NOMINAL,NOMINAL,NORMAL,0,
1648064700.0,1786289462.3392265,1,1.0344,0.1389,,0.697,0.0327,0.274,NOMINAL,NOMINAL,NORMAL,0,
1648065600.0,1786289462.4637916,1,0.8765,0.129,,0.548,0.0295,0.287,NOMINAL,NOMINAL,NORMAL,0,
1648066500.0,1786289462.5894134,1,1.0755,0.1471,,0.732,0.0336,0.299,NOMINAL,NOMINAL,NORMAL,0,
1648067400.0,1786289462.7140212,1,1.0221,0.134,,0.623,0.0305,0.261,NOMINAL,NOMINAL,NORMAL,0,
1648068300.0,1786289462.8390377,1,0.9496,0.1345,,0.651,0.0311,0.274,NOMINAL,NOMINAL,NORMAL,0,
1648069200.0,1786289462.963749,1,0.8434,0.1226,,0.576,0.0292,0.275,NOMINAL,NOMINAL,NORMAL,0,
1648070100.0,1786289463.0892692,1,0.9706,0.3251,,0.651,0.0278,0.276,NOMINAL,NOMINAL,NORMAL,0,
1648071000.0,1786289463.2143948,1,1.3197,0.1341,,0.625,0.0302,0.292,NOMINAL,NOMINAL,NORMAL,0,
1648071900.0,1786289463.3392813,1,1.0087,0.1401,,0.78,0.031,0.302,NOMINAL,NOMINAL,TRIGGERED,1,omni_p6
1648072800.0,1786289463.4638786,1,0.9029,0.1294,,0.594,0.0287,0.263,NOMINAL,NOMINAL,NORMAL,0,
1648073700.0,1786289463.5891051,1,0.9826,0.1582,,0.629,0.0307,0.285,NOMINAL,NOMINAL,NORMAL,0,
1648074600.0,1786289463.7141168,1,1.0076,0.1363,,0.671,0.0313,0.294,NOMINAL,NOMINAL,NORMAL,0,
1648075500.0,1786289463.8389025,1,0.9035,0.1287,,0.618,0.0327,0.265,NOMINAL,NOMINAL,NORMAL,0,
1648076400.0,1786289463.9637423,1,0.8405,0.1205,,0.582,0.0302,0.259,NOMINAL,NOMINAL,NORMAL,0,
1648077300.0,1786289464.0893648,1,1.1011,0.1387,,0.666,0.0304,0.353,NOMINAL,NOMINAL,NORMAL,0,
1648078200.0,1786289464.2140005,1,0.9919,0.1348,,0.631,0.0304,0.26,NOMINAL,NOMINAL,TRIGGERED,1,omni_p6
1648079100.0,1786289464.3403773,1,1.1464,0.1419,,0.697,0.0512,1.288,NOMINAL,PRE_ALERT,TRIGGERED,2,omni_p6
1648080000.0,1786289464.4658272,1,1.1018,0.1358,0.5973,0.611,0.0496,1.249,PRE_ALERT,NOMINAL,NORMAL,0,
1648080900.0,1786289464.5893428,1,1.1095,0.1406,,0.658,0.033,0.276,NOMINAL,NOMINAL,NORMAL,0,
1648081800.0,1786289464.714185,1,1.078,0.138,,0.671,0.0294,0.267,NOMINAL,NOMINAL,NORMAL,0,
1648082700.0,1786289464.8389812,1,0.937,0.1304,,0.621,0.0301,0.262,NOMINAL,NOMINAL,NORMAL,0,
1648083600.0,1786289464.9639676,1,0.9412,0.1348,,0.622,0.0315,0.27,NOMINAL,NOMINAL,TRIGGERED,1,omni_p6
1648084500.0,1786289465.0901706,1,1.009,0.1807,,0.674,0.0494,1.251,NOMINAL,PRE_ALERT,TRIGGERED,2,omni_p6
1648085400.0,1786289465.215154,1,1.1029,0.137,,0.681,0.0499,1.181,PRE_ALERT,NOMINAL,NORMAL,0,
1648086300.0,1786289465.3391469,1,1.0343,0.14,,0.666,0.031,0.266,NOMINAL,NOMINAL,NORMAL,0,
1648087200.0,1786289465.4639845,1,0.9996,0.1376,,0.58,0.0296,0.258,NOMINAL,NOMINAL,NORMAL,0,
1648088100.0,1786289465.5890896,1,1.0122,0.1811,,0.618,0.0301,0.257,NOMINAL,NOMINAL,NORMAL,0,
1648089000.0,1786289465.7141814,1,1.0518,0.139,,0.686,0.0309,0.282,NOMINAL,NOMINAL,NORMAL,0,
1648089900.0,1786289465.839056,1,0.9867,0.1388,,0.641,0.0312,0.296,NOMINAL,NOMINAL,TRIGGERED,1,omni_p6
1648090800.0,1786289465.9654148,1,1.0356,0.1356,,0.832,0.0514,1.346,NOMINAL,PRE_ALERT,TRIGGERED,2,omni_p6
1648091700.0,1786289466.0910885,1,1.2877,0.1873,,0.916,0.0552,1.261,PRE_ALERT,NOMINAL,NORMAL,0,
1648092600.0,1786289466.2144697,1,1.1524,0.1445,,0.764,0.0307,0.274,NOMINAL,NOMINAL,NORMAL,0,
1648093500.0,1786289466.3393052,1,1.032,0.1341,,0.717,0.0312,0.294,NOMINAL,NOMINAL,NORMAL,0,
1648094400.0,1786289466.4639635,1,0.9553,0.132,,0.615,0.0288,0.281,NOMINAL,NOMINAL,NORMAL,0,
1648095300.0,1786289466.5890589,1,0.9816,0.1643,,0.639,0.0311,0.261,NOMINAL,NOMINAL,NORMAL,0,
1648096200.0,1786289466.714124,1,1.0144,0.1358,,0.705,0.0333,0.274,NOMINAL,NOMINAL,NORMAL,0,
1648097100.0,1786289466.8388615,1,0.8802,0.1249,,0.635,0.0315,0.265,NOMINAL,NOMINAL,NORMAL,0,
1648098000.0,1786289466.9636605,1,0.8,0.1178,,0.592,0.0299,0.255,NOMINAL,NOMINAL,NORMAL,0,
1648098900.0,1786289467.089554,1,1.087,0.1455,,0.845,0.0366,0.32,NOMINAL,NOMINAL,NORMAL,0,
1648099800.0,1786289467.2143407,1,1.1257,0.1416,,0.721,0.0319,0.283,NOMINAL,NOMINAL,NORMAL,0,
1648100700.0,1786289467.3389273,1,0.9097,0.1331,,0.662,0.0326,0.263,NOMINAL,NOMINAL,NORMAL,0,
1648101600.0,1786289467.4639635,1,0.9849,0.1351,,0.556,0.0278,0.275,NOMINAL,NOMINAL,NORMAL,0,
1648102500.0,1786289467.5892057,1,1.1081,0.1454,,0.631,0.0289,0.283,NOMINAL,NOMINAL,NORMAL,0,
1648103400.0,1786289467.7140381,1,0.9801,0.1332,,0.68,0.0328,0.283,NOMINAL,NOMINAL,NORMAL,0,
1648104300.0,1786289467.8388414,1,0.8835,0.1261,,0.616,0.0304,0.256,NOMINAL,NOMINAL,NORMAL,0,
1648105200.0,1786289467.9636555,1,0.805,0.1204,,0.571,0.0285,0.258,NOMINAL,NOMINAL,NORMAL,0,
1648106100.0,1786289468.089037,1,0.953,0.1296,,0.685,0.0299,0.256,NOMINAL,NOMINAL,NORMAL,0,
1648107000.0,1786289468.2141824,1,1.0611,0.1361,,0.643,0.03,0.262,NOMINAL,NOMINAL,NORMAL,0,
1648107900.0,1786289468.3395884,1,1.188,0.1683,,0.841,0.0334,0.293,NOMINAL,NOMINAL,NORMAL,0,
1648108800.0,1786289468.4640841,1,0.9932,0.1364,,0.666,0.0313,0.272,NOMINAL,NOMINAL,NORMAL,0,
1648109700.0,1786289468.5891294,1,1.0674,0.1682,,0.62,0.031,0.264,NOMINAL,NOMINAL,NORMAL,0,
1648110600.0,1786289468.7139604,1,0.991,0.1309,,0.606,0.0305,0.261,NOMINAL,NOMINAL,NORMAL,0,
1648111500.0,1786289468.8389518,1,0.8993,0.128,,0.674,0.0332,0.278,NOMINAL,NOMINAL,NORMAL,0,
1648112400.0,1786289468.9636776,1,0.8028,0.1224,,0.58,0.0306,0.263,NOMINAL,NOMINAL,TRIGGERED,1,omni_p6
1648113300.0,1786289469.089013,1,0.9393,0.1321,,0.668,0.0299,0.264,NOMINAL,NOMINAL,NORMAL,0,
1648114200.0,1786289469.2141647,1,1.0323,0.1396,,0.682,0.0304,0.273,NOMINAL,NOMINAL,NORMAL,0,
1648115100.0,1786289469.3389242,1,0.9418,0.1305,,0.618,0.0317,0.265,NOMINAL,NOMINAL,NORMAL,0,
1648116000.0,1786289469.464067,1,1.0039,0.1361,,0.619,0.0302,0.261,NOMINAL,NOMINAL,NORMAL,0,
1648116900.0,1786289469.5890396,1,0.9589,0.1362,,0.646,0.0307,0.258,NOMINAL,NOMINAL,NORMAL,0,
1648117800.0,1786289469.7138963,1,0.9317,0.1337,,0.593,0.0286,0.294,NOMINAL,NOMINAL,TRIGGERED,1,omni_p6
1648118700.0,1786289469.8404238,1,0.9189,0.1288,,0.687,0.0516,1.716,NOMINAL,PRE_ALERT,TRIGGERED,2,omni_p6
1648119600.0,1786289469.96493,1,0.9433,0.1335,,0.635,0.0484,1.259,PRE_ALERT,NOMINAL,NORMAL,0,
1648120500.0,1786289470.0894594,1,1.2114,0.1407,,0.715,0.0316,0.269,NOMINAL,NOMINAL,NORMAL,0,
1648121400.0,1786289470.2148557,1,1.3568,0.147,,0.824,0.0348,0.298,NOMINAL,NOMINAL,NORMAL,0,
1648122300.0,1786289470.338951,1,0.9859,0.1283,,0.614,0.0328,0.299,NOMINAL,NOMINAL,NORMAL,0,
1648123200.0,1786289470.464193,1,1.0427,0.1416,,0.606,0.0333,0.319,NOMINAL,NOMINAL,NORMAL,0,
1648124100.0,1786289470.589246,1,1.0831,0.2324,,0.626,0.0311,0.266,NOMINAL,NOMINAL,TRIGGERED,1,omni_p6
1648125000.0,1786289470.7149394,1,0.9804,0.1333,,0.611,0.0493,1.249,NOMINAL,PRE_ALERT,TRIGGERED,2,omni_p6
1648125900.0,1786289470.8404036,1,1.193,0.1446,,0.726,0.0529,1.297,PRE_ALERT,NOMINAL,NORMAL,0,
1648126800.0,1786289470.9643173,1,0.9842,0.131,,0.816,0.0355,0.351,NOMINAL,NOMINAL,NORMAL,0,
1648127700.0,1786289471.0895655,1,1.0904,0.1458,,0.899,0.035,0.305,NOMINAL,NOMINAL,NORMAL,0,
1648128600.0,1786289471.2144628,1,1.2205,0.1452,,0.736,0.0345,0.278,NOMINAL,NOMINAL,NORMAL,0,
1648129500.0,1786289471.3388789,1,0.9291,0.1256,,0.625,0.0333,0.273,NOMINAL,NOMINAL,NORMAL,0,
1648130400.0,1786289471.4640112,1,0.9659,0.137,,0.608,0.0296,0.273,NOMINAL,NOMINAL,TRIGGERED,1,omni_p6
1648131300.0,1786289471.590949,1,1.3006,0.1792,,0.676,0.0518,1.531,NOMINAL,PRE_ALERT,TRIGGERED,2,omni_p6
1648132200.0,1786289471.7152572,1,1.1081,0.1426,,0.716,0.0498,1.24,PRE_ALERT,NOMINAL,NORMAL,0,
1648133100.0,1786289471.8389976,1,0.9282,0.1298,,0.704,0.0325,0.285,NOMINAL,NOMINAL,NORMAL,0,
1648134000.0,1786289471.9639335,1,0.9085,0.1193,,0.675,0.0301,0.274,NOMINAL,NOMINAL,NORMAL,0,
1648134900.0,1786289472.0891812,1,0.9209,0.1223,,0.834,0.035,0.315,NOMINAL,NOMINAL,NORMAL,0,
1648135800.0,1786289472.2142918,1,1.0632,0.1334,,0.733,0.0326,0.29,NOMINAL,NOMINAL,NORMAL,0,
1648136700.0,1786289472.3388505,1,0.8773,0.1214,,0.647,0.0299,0.271,NOMINAL,NOMINAL,TRIGGERED,1,omni_p6
1648137600.0,1786289472.4640517,1,0.9744,0.1311,,0.637,0.0306,0.276,NOMINAL,NOMINAL,NORMAL,0,
1648138500.0,1786289472.5891187,1,0.9541,0.1652,,0.653,0.0307,0.249,NOMINAL,NOMINAL,NORMAL,0,
1648139400.0,1786289472.7141252,1,1.0446,0.1345,,0.639,0.0297,0.26,NOMINAL,NOMINAL,NORMAL,0,
1648140300.0,1786289472.8391175,1,0.9944,0.1409,,0.684,0.0324,0.314,NOMINAL,NOMINAL,NORMAL,0,
1648141200.0,1786289472.9638715,1,0.9056,0.1237,,0.637,0.0287,0.254,NOMINAL,NOMINAL,NORMAL,0,
1648142100.0,1786289473.0889466,1,0.9262,0.1257,,0.653,0.0321,0.266,NOMINAL,NOMINAL,NORMAL,0,
1648143000.0,1786289473.2142456,1,1.0782,0.1378,,0.688,0.03,0.275,NOMINAL,NOMINAL,NORMAL,0,
1648143900.0,1786289473.3388264,1,0.8925,0.1258,,0.621,0.0292,0.26,NOMINAL,NOMINAL,NORMAL,0,
1648144800.0,1786289473.4640126,1,1.0128,0.1378,,0.54,0.0291,0.274,NOMINAL,NOMINAL,NORMAL,0,
1648145700.0,1786289473.5891411,1,0.9866,0.165,,0.693,0.0308,0.263,NOMINAL,NOMINAL,NORMAL,0,
1648146600.0,1786289473.7141583,1,1.0371,0.1387,,0.664,0.0296,0.27,NOMINAL,NOMINAL,NORMAL,0,
1648147500.0,1786289473.839085,1,0.9749,0.1378,,0.7,0.0313,0.296,NOMINAL,NOMINAL,NORMAL,0,
1648148400.0,1786289473.9642282,1,1.0587,0.1436,,0.662,0.0319,0.296,NOMINAL,NOMINAL,NORMAL,0,
1648149300.0,1786289474.0888472,1,0.8928,0.1304,,0.643,0.0308,0.251,NOMINAL,NOMINAL,NORMAL,0,
1648150200.0,1786289474.2143004,1,1.1593,0.1349,,0.684,0.0315,0.294,NOMINAL,NOMINAL,NORMAL,0,
1648151100.0,1786289474.3388188,1,0.8842,0.1283,,0.609,0.029,0.257,NOMINAL,NOMINAL,NORMAL,0,
1648152000.0,1786289474.4640794,1,0.9987,0.133,,0.633,0.0279,0.263,NOMINAL,NOMINAL,NORMAL,0,
1648152900.0,1786289474.588791,1,0.8966,0.1241,,0.606,0.029,0.247,NOMINAL,NOMINAL,NORMAL,0,
1648153800.0,1786289474.7142112,1,1.078,0.1397,,0.664,0.0302,0.262,NOMINAL,NOMINAL,NORMAL,0,
1648154700.0,1786289474.8388274,1,0.8794,0.1259,,0.622,0.0303,0.266,NOMINAL,NOMINAL,NORMAL,0,
1648155600.0,1786289474.9640949,1,0.9839,0.1347,,0.707,0.0317,0.275,NOMINAL,NOMINAL,NORMAL,0,
1648156500.0,1786289475.0888486,1,0.894,0.1254,,0.626,0.0318,0.26,NOMINAL,NOMINAL,NORMAL,0,
1648157400.0,1786289475.214851,1,1.0935,0.1419,,0.722,0.0326,0.831,NOMINAL,NOMINAL,TRIGGERED,1,omni_p6
1648158300.0,1786289475.3387794,1,0.8685,0.1235,,0.609,0.0313,0.257,NOMINAL,NOMINAL,NORMAL,0,
1648159200.0,1786289475.4641776,1,0.9946,0.1348,,0.688,0.0311,0.293,NOMINAL,NOMINAL,NORMAL,0,
1648160100.0,1786289475.5888522,1,0.9162,0.1307,,0.614,0.0296,0.254,NOMINAL,NOMINAL,NORMAL,0,
1648161000.0,1786289475.7141466,1,1.0208,0.1342,,0.663,0.0303,0.296,NOMINAL,NOMINAL,NORMAL,0,
1648161900.0,1786289475.8387203,1,0.8398,0.1243,,0.585,0.031,0.259,NOMINAL,NOMINAL,NORMAL,0,
1648162800.0,1786289475.964649,1,1.1055,0.1446,,0.959,0.0357,0.321,NOMINAL,NOMINAL,TRIGGERED,1,omni_p6
1648163700.0,1786289476.0906222,1,1.2087,0.15,,0.81,0.054,1.285,NOMINAL,PRE_ALERT,TRIGGERED,2,omni_p6
1648164600.0,1786289476.2154803,1,1.184,0.1495,,0.773,0.0512,1.213,PRE_ALERT,NOMINAL,NORMAL,0,
1648165500.0,1786289476.3389559,1,0.9263,0.1269,,0.664,0.0313,0.274,NOMINAL,NOMINAL,NORMAL,0,
1648166400.0,1786289476.4648936,1,1.0532,0.1311,0.6225,0.638,0.0364,0.309,NOMINAL,NOMINAL,NORMAL,0,
1648167300.0,1786289476.5889661,1,0.9446,0.1299,,0.643,0.0299,0.265,NOMINAL,NOMINAL,NORMAL,0,
1648168200.0,1786289476.714229,1,1.0683,0.1406,,0.675,0.0323,0.274,NOMINAL,NOMINAL,NORMAL,0,
1648169100.0,1786289476.838868,1,0.9164,0.1319,,0.611,0.0305,0.261,NOMINAL,NOMINAL,TRIGGERED,1,omni_p6
1648170000.0,1786289476.965641,1,1.073,0.144,,0.7,0.0756,1.65,NOMINAL,PRE_ALERT,TRIGGERED,2,omni_p6
1648170900.0,1786289477.090475,1,1.0731,0.1401,,0.843,0.0552,1.261,PRE_ALERT,NOMINAL,NORMAL,0,
1648171800.0,1786289477.2144423,1,1.1412,0.1419,,0.737,0.0321,0.306,NOMINAL,NOMINAL,NORMAL,0,
1648172700.0,1786289477.3388968,1,0.9106,0.1284,,0.647,0.0316,0.268,NOMINAL,NOMINAL,NORMAL,0,
1648173600.0,1786289477.4641514,1,1.0144,0.1366,,0.639,0.0307,0.29,NOMINAL,NOMINAL,NORMAL,0,
1648174500.0,1786289477.588802,1,0.8627,0.1247,,0.613,0.0293,0.279,NOMINAL,NOMINAL,NORMAL,0,
1648175400.0,1786289477.7141593,1,1.035,0.1399,,0.649,0.0311,0.295,NOMINAL,NOMINAL,TRIGGERED,1,omni_p6
1648176300.0,1786289477.839795,1,0.8918,0.1261,,0.632,0.0493,1.218,NOMINAL,PRE_ALERT,TRIGGERED,2,omni_p6
1648177200.0,1786289477.9655259,1,1.1446,0.148,,0.808,0.0547,1.266,PRE_ALERT,NOMINAL,NORMAL,0,
1648178100.0,1786289478.0889723,1,0.9377,0.1293,,0.674,0.0319,0.267,NOMINAL,NOMINAL,NORMAL,0,
1648179000.0,1786289478.2143002,1,1.0864,0.1384,,0.745,0.0306,0.273,NOMINAL,NOMINAL,NORMAL,0,
1648179900.0,1786289478.3390324,1,0.9686,0.1359,,0.692,0.0301,0.269,NOMINAL,NOMINAL,NORMAL,0,
1648180800.0,1786289478.464202,1,1.0222,0.1385,,0.694,0.0299,0.274,NOMINAL,NOMINAL,NORMAL,0,
1648181700.0,1786289478.5888042,1,0.853,0.127,,0.635,0.029,0.257,NOMINAL,NOMINAL,TRIGGERED,1,omni_p6
1648182600.0,1786289478.71406,1,1.0142,0.1336,,0.637,0.0305,0.253,NOMINAL,NOMINAL,NORMAL,0,
1648183500.0,1786289478.838724,1,0.8362,0.1243,,0.6,0.0281,0.271,NOMINAL,NOMINAL,NORMAL,0,
1648184400.0,1786289478.9640737,1,0.953,0.1304,,0.716,0.0317,0.284,NOMINAL,NOMINAL,NORMAL,0,
1648185300.0,1786289479.0889235,1,0.9459,0.1303,,0.641,0.0314,0.266,NOMINAL,NOMINAL,NORMAL,0,
1648186200.0,1786289479.2142382,1,1.0693,0.1392,,0.691,0.031,0.275,NOMINAL,NOMINAL,NORMAL,0,
1648187100.0,1786289479.3386984,1,0.8364,0.1241,,0.582,0.031,0.262,NOMINAL,NOMINAL,NORMAL,0,
1648188000.0,1786289479.4640746,1,1.0036,0.1367,,0.594,0.0303,0.283,NOMINAL,NOMINAL,NORMAL,0,
1648188900.0,1786289479.5886872,1,0.8265,0.1238,,0.566,0.03,0.266,NOMINAL,NOMINAL,NORMAL,0,
1648189800.0,1786289479.7140424,1,0.9989,0.1354,,0.633,0.03,0.256,NOMINAL,NOMINAL,NORMAL,0,
1648190700.0,1786289479.8387105,1,0.8125,0.1254,,0.586,0.0306,0.279,NOMINAL,NOMINAL,NORMAL,0,
1648191600.0,1786289479.9639914,1,0.9586,0.1339,,0.617,0.0297,0.279,NOMINAL,NOMINAL,NORMAL,0,
1648192500.0,1786289480.0892725,1,1.0223,0.168,,0.69,0.0325,0.36,NOMINAL,NOMINAL,NORMAL,0,
1648193400.0,1786289480.2142258,1,1.0659,0.139,,0.682,0.0305,0.285,NOMINAL,NOMINAL,NORMAL,0,
1648194300.0,1786289480.3388085,1,0.869,0.1311,,0.61,0.0305,0.26,NOMINAL,NOMINAL,NORMAL,0,
1648195200.0,1786289480.464068,1,0.9913,0.1371,,0.618,0.0307,0.256,NOMINAL,NOMINAL,NORMAL,0,
1648196100.0,1786289480.588768,1,0.8578,0.13,,0.581,0.0286,0.275,NOMINAL,NOMINAL,NORMAL,0,
1648197000.0,1786289480.714468,1,1.0406,0.1349,,0.622,0.0292,0.63,NOMINAL,NOMINAL,NORMAL,0,
1648197900.0,1786289480.8387916,1,0.9062,0.1292,,0.554,0.0289,0.26,NOMINAL,NOMINAL,TRIGGERED,1,omni_p6
1648198800.0,1786289480.964773,1,1.1724,0.1529,,0.912,0.0335,0.306,NOMINAL,NOMINAL,NORMAL,0,
1648199700.0,1786289481.0899222,1,1.2562,0.1494,,0.879,0.0335,0.307,NOMINAL,NOMINAL,NORMAL,0,
1648200600.0,1786289481.2145052,1,1.1615,0.1452,,0.76,0.0331,0.3,NOMINAL,NOMINAL,NORMAL,0,
1648201500.0,1786289481.3390856,1,1.0144,0.1396,,0.655,0.0317,0.261,NOMINAL,NOMINAL,NORMAL,0,
1648202400.0,1786289481.464174,1,1.0398,0.1388,,0.617,0.0299,0.289,NOMINAL,NOMINAL,NORMAL,0,
1648203300.0,1786289481.5889053,1,0.9405,0.1318,,0.626,0.0273,0.24,NOMINAL,NOMINAL,TRIGGERED,1,omni_p6
1648204200.0,1786289481.7150767,1,1.0365,0.1383,,0.618,0.0486,1.235,NOMINAL,PRE_ALERT,TRIGGERED,2,omni_p6
1648205100.0,1786289481.8398848,1,0.9539,0.1274,,0.613,0.0493,1.199,PRE_ALERT,NOMINAL,NORMAL,0,
1648206000.0,1786289481.9639866,1,0.9669,0.1328,,0.637,0.0292,0.257,NOMINAL,NOMINAL,NORMAL,0,
1648206900.0,1786289482.0895011,1,1.0657,0.142,,0.82,0.037,0.317,NOMINAL,NOMINAL,NORMAL,0,
1648207800.0,1786289482.2143688,1,1.1183,0.1454,,0.725,0.033,0.276,NOMINAL,NOMINAL,NORMAL,0,
1648208700.0,1786289482.3388684,1,0.8888,0.1308,,0.637,0.0317,0.263,NOMINAL,NOMINAL,NORMAL,0,
1648209600.0,1786289482.464163,1,1.0392,0.1428,,0.602,0.0301,0.296,NOMINAL,NOMINAL,TRIGGERED,1,omni_p6
1648210500.0,1786289482.5899491,1,0.9508,0.1362,,0.642,0.0495,1.259,NOMINAL,PRE_ALERT,TRIGGERED,2,omni_p6
1648211400.0,1786289482.7152624,1,1.1117,0.1443,,0.691,0.0505,1.201,PRE_ALERT,NOMINAL,NORMAL,0,
1648212300.0,1786289482.8388698,1,0.9119,0.1288,,0.617,0.0325,0.265,NOMINAL,NOMINAL,NORMAL,0,
1648213200.0,1786289482.9637601,1,0.8621,0.1264,,0.587,0.0301,0.253,NOMINAL,NOMINAL,NORMAL,0,
1648214100.0,1786289483.0895119,1,1.0464,0.1624,,0.696,0.0326,0.567,NOMINAL,NOMINAL,NORMAL,0,
1648215000.0,1786289483.214259,1,1.073,0.1427,,0.69,0.0317,0.268,NOMINAL,NOMINAL,TRIGGERED,1,omni_p6
1648215900.0,1786289483.339779,1,0.8712,0.1297,,0.619,0.0478,1.227,NOMINAL,PRE_ALERT,TRIGGERED,2,omni_p6
1648216800.0,1786289483.4655392,1,1.3663,0.1407,,0.685,0.0497,1.197,PRE_ALERT,NOMINAL,NORMAL,0,
1648217700.0,1786289483.5888894,1,0.9286,0.1278,,0.618,0.0276,0.251,NOMINAL,NOMINAL,NORMAL,0,
1648218600.0,1786289483.714145,1,1.0523,0.1345,,0.652,0.0303,0.264,NOMINAL,NOMINAL,NORMAL,0,
1648219500.0,1786289483.8388014,1,0.8657,0.126,,0.598,0.029,0.282,NOMINAL,NOMINAL,NORMAL,0,
1648220400.0,1786289483.9637046,1,0.8257,0.122,,0.573,0.0304,0.273,NOMINAL,NOMINAL,NORMAL,0,
1648221300.0,1786289484.0892873,1,1.012,0.1727,,0.707,0.0312,0.366,NOMINAL,NOMINAL,TRIGGERED,1,omni_p6
1648222200.0,1786289484.2152379,1,1.0882,0.1405,,0.67,0.0503,1.279,NOMINAL,PRE_ALERT,TRIGGERED,2,omni_p6
1648223100.0,1786289484.339953,1,0.9534,0.1297,,0.637,0.0481,1.228,PRE_ALERT,NOMINAL,NORMAL,0,
1648224000.0,1786289484.4638734,1,0.9047,0.1284,,0.616,0.0302,0.263,NOMINAL,NOMINAL,NORMAL,0,
1648224900.0,1786289484.5890112,1,0.9834,0.1572,,0.59,0.0307,0.262,NOMINAL,NOMINAL,NORMAL,0,
1648225800.0,1786289484.7141094,1,1.0373,0.1342,,0.637,0.0296,0.259,NOMINAL,NOMINAL,NORMAL,0,
1648226700.0,1786289484.8386946,1,0.8185,0.1206,,0.593,0.0318,0.261,NOMINAL,NOMINAL,NORMAL,0,
1648227600.0,1786289484.9637043,1,0.8111,0.1208,,0.588,0.0285,0.27,NOMINAL,NOMINAL,NORMAL,0,
1648228500.0,1786289485.0889814,1,0.9666,0.134,,0.6,0.0305,0.255,NOMINAL,NOMINAL,NORMAL,0,
1648229400.0,1786289485.2144387,1,1.1383,0.1433,,0.748,0.0325,0.284,NOMINAL,NOMINAL,NORMAL,0,
1648230300.0,1786289485.3389282,1,0.9389,0.1333,,0.625,0.031,0.271,NOMINAL,NOMINAL,NORMAL,0,
1648231200.0,1786289485.4641013,1,1.0278,0.1424,,0.621,0.0313,0.283,NOMINAL,NOMINAL,NORMAL,0,
1648232100.0,1786289485.5890915,1,0.9988,0.177,,0.61,0.03,0.268,NOMINAL,NOMINAL,NORMAL,0,
1648233000.0,1786289485.7141926,1,1.023,0.1349,,0.615,0.03,0.389,NOMINAL,NOMINAL,NORMAL,0,
1648233900.0,1786289485.839019,1,0.9664,0.1333,,0.635,0.0307,0.289,NOMINAL,NOMINAL,NORMAL,0,
1648234800.0,1786289485.9646003,1,1.0617,0.1388,,0.855,0.0335,0.322,NOMINAL,NOMINAL,NORMAL,0,
1648235700.0,1786289486.0899148,1,1.2621,0.1504,,0.862,0.0336,0.304,NOMINAL,NOMINAL,NORMAL,0,
1648236600.0,1786289486.2145193,1,1.1568,0.145,,0.78,0.0352,0.284,NOMINAL,NOMINAL,NORMAL,0,
1648237500.0,1786289486.3388913,1,0.8729,0.1272,,0.667,0.0335,0.277,NOMINAL,NOMINAL,NORMAL,0,
1648238400.0,1786289486.463698,1,0.8048,0.1236,,0.589,0.03,0.274,NOMINAL,NOMINAL,NORMAL,0,
1648239300.0,1786289486.589045,1,0.9438,0.1304,,0.641,0.0312,0.319,NOMINAL,NOMINAL,NORMAL,0,
1648240200.0,1786289486.7141137,1,1.0162,0.1367,,0.651,0.0314,0.287,NOMINAL,NOMINAL,NORMAL,0,
1648241100.0,1786289486.8386893,1,0.8069,0.1189,,0.581,0.0327,0.283,NOMINAL,NOMINAL,NORMAL,0,
1648242000.0,1786289486.9635887,1,0.772,0.1202,,0.567,0.0288,0.254,NOMINAL,NOMINAL,TRIGGERED,1,omni_p6
1648242900.0,1786289487.0908275,1,1.043,0.1597,,0.824,0.0529,1.734,NOMINAL,PRE_ALERT,TRIGGERED,2,omni_p6
1648243800.0,1786289487.2155647,1,1.2044,0.1475,,0.787,0.0554,1.267,PRE_ALERT,NOMINAL,NORMAL,0,
1648244700.0,1786289487.338797,1,0.8523,0.1253,,0.63,0.0327,0.282,NOMINAL,NOMINAL,NORMAL,0,
1648245600.0,1786289487.4637835,1,0.8687,0.1216,,0.579,0.0317,0.278,NOMINAL,NOMINAL,NORMAL,0,
1648246500.0,1786289487.5890636,1,0.9825,0.1543,,0.637,0.0303,0.262,NOMINAL,NOMINAL,NORMAL,0,
1648247400.0,1786289487.7141469,1,1.043,0.1356,,0.622,0.03,0.295,NOMINAL,NOMINAL,NORMAL,0,
1648248300.0,1786289487.8388152,1,0.8755,0.1269,,0.589,0.0315,0.268,NOMINAL,NOMINAL,TRIGGERED,1,omni_p6
1648249200.0,1786289487.965156,1,0.8584,0.1253,,0.595,0.0458,1.636,NOMINAL,PRE_ALERT,TRIGGERED,2,omni_p6
1648250100.0,1786289488.0902514,1,1.0965,0.1406,,0.657,0.0508,1.22,PRE_ALERT,NOMINAL,NORMAL,0,
1648251000.0,1786289488.2146301,1,1.1981,0.15,,0.773,0.0332,0.287,NOMINAL,NOMINAL,NORMAL,0,
1648251900.0,1786289488.3389175,1,0.9238,0.1295,,0.628,0.0307,0.267,NOMINAL,NOMINAL,NORMAL,0,
1648252800.0,1786289488.4650655,1,1.0399,0.1334,0.5847,0.593,0.0312,0.609,NOMINAL,NOMINAL,NORMAL,0,
1648253700.0,1786289488.5892496,1,1.0817,0.1452,,0.64,0.0318,0.268,NOMINAL,NOMINAL,NORMAL,0,
1648254600.0,1786289488.7142055,1,1.0887,0.1414,,0.651,0.0293,0.262,NOMINAL,NOMINAL,TRIGGERED,1,omni_p6
1648255500.0,1786289488.838825,1,0.8995,0.1259,,0.579,0.0307,0.257,NOMINAL,NOMINAL,NORMAL,0,
1648256400.0,1786289488.963978,1,0.977,0.1358,,0.601,0.0294,0.257,NOMINAL,NOMINAL,NORMAL,0,
1648257300.0,1786289489.0890496,1,0.997,0.1575,,0.624,0.0301,0.247,NOMINAL,NOMINAL,NORMAL,0,
1648258200.0,1786289489.2145646,1,1.1885,0.1422,,0.8,0.0326,0.279,NOMINAL,NOMINAL,NORMAL,0,
1648259100.0,1786289489.3389378,1,0.9262,0.1274,,0.636,0.0309,0.27,NOMINAL,NOMINAL,NORMAL,0,
1648260000.0,1786289489.463811,1,0.888,0.1258,,0.57,0.0305,0.26,NOMINAL,NOMINAL,TRIGGERED,1,omni_p6
1648260900.0,1786289489.5901892,1,1.0166,0.1625,,0.665,0.0497,1.275,NOMINAL,PRE_ALERT,TRIGGERED,2,omni_p6
1648261800.0,1786289489.7153692,1,1.1574,0.1476,,0.698,0.0484,1.231,PRE_ALERT,NOMINAL,NORMAL,0,
1648262700.0,1786289489.8388505,1,0.9044,0.1271,,0.621,0.0295,0.256,NOMINAL,NOMINAL,NORMAL,0,
1648263600.0,1786289489.9637349,1,0.8365,0.1221,,0.607,0.0284,0.253,NOMINAL,NOMINAL,NORMAL,0,
1648264500.0,1786289490.0889516,1,0.945,0.1281,,0.636,0.0291,0.259,NOMINAL,NOMINAL,NORMAL,0,
1648265400.0,1786289490.214899,1,1.4507,0.1912,,0.768,0.0314,0.278,NOMINAL,NOMINAL,NORMAL,0,
1648266300.0,1786289490.3391802,1,1.05,0.141,,0.681,0.0324,0.279,NOMINAL,NOMINAL,TRIGGERED,1,omni_p6
1648267200.0,1786289490.4647293,1,0.8637,0.1265,,0.569,0.0467,1.252,NOMINAL,PRE_ALERT,TRIGGERED,2,omni_p6
1648268100.0,1786289490.5901372,1,1.0345,0.1646,,0.67,0.0511,1.191,PRE_ALERT,NOMINAL,NORMAL,0,
1648269000.0,1786289490.714131,1,1.0362,0.1352,,0.641,0.0306,0.29,NOMINAL,NOMINAL,NORMAL,0,
1648269900.0,1786289490.83888,1,0.8997,0.1312,,0.605,0.0332,0.287,NOMINAL,NOMINAL,NORMAL,0,
1648270800.0,1786289490.9644039,1,1.013,0.1385,,0.844,0.0345,0.343,NOMINAL,NOMINAL,NORMAL,0,
1648271700.0,1786289491.0897145,1,1.2056,0.1497,,0.834,0.0356,0.311,NOMINAL,NOMINAL,NORMAL,0,
1648272600.0,1786289491.2145703,1,1.1805,0.1495,,0.776,0.0333,0.291,NOMINAL,NOMINAL,NORMAL,0,
1648273500.0,1786289491.3396933,1,1.1024,0.1442,,0.756,0.0338,0.292,NOMINAL,NOMINAL,NORMAL,0,
1648274400.0,1786289491.4641614,1,1.0739,0.141,,0.594,0.0309,0.303,NOMINAL,NOMINAL,NORMAL,0,
1648275300.0,1786289491.5892403,1,1.0352,0.1711,,0.654,0.0319,0.294,NOMINAL,NOMINAL,NORMAL,0,
1648276200.0,1786289491.714154,1,1.0644,0.139,,0.632,0.0292,0.263,NOMINAL,NOMINAL,NORMAL,0,
1648277100.0,1786289491.8389611,1,0.9659,0.137,,0.615,0.0293,0.254,NOMINAL,NOMINAL,NORMAL,0,
1648278000.0,1786289491.9640517,1,0.9749,0.1395,,0.633,0.0291,0.253,NOMINAL,NOMINAL,NORMAL,0,
1648278900.0,1786289492.0897338,1,1.2341,0.1493,,0.844,0.0332,0.296,NOMINAL,NOMINAL,NORMAL,0,
1648279800.0,1786289492.2144718,1,1.1432,0.1481,,0.753,0.031,0.278,NOMINAL,NOMINAL,NORMAL,0,
1648280700.0,1786289492.3394527,1,1.1246,0.1468,,0.761,0.0315,0.282,NOMINAL,NOMINAL,NORMAL,0,
1648281600.0,1786289492.4641585,1,1.045,0.1443,,0.6,0.0314,0.307,NOMINAL,NOMINAL,NORMAL,0,
1648282500.0,1786289492.5891788,1,1.0205,0.1775,,0.629,0.0299,0.27,NOMINAL,NOMINAL,TRIGGERED,1,omni_p6
1648283400.0,1786289492.7141888,1,1.0503,0.1439,,0.636,0.0292,0.287,NOMINAL,NOMINAL,NORMAL,0,
1648284300.0,1786289492.839058,1,0.9804,0.141,,0.63,0.03,0.266,NOMINAL,NOMINAL,NORMAL,0,
1648285200.0,1786289492.9639792,1,0.9434,0.1323,,0.588,0.0271,0.269,NOMINAL,NOMINAL,NORMAL,0,
1648286100.0,1786289493.0890012,1,0.959,0.1353,,0.604,0.0274,0.263,NOMINAL,NOMINAL,NORMAL,0,
1648287000.0,1786289493.214186,1,1.0227,0.1338,,0.672,0.0318,0.268,NOMINAL,NOMINAL,NORMAL,0,
1648287900.0,1786289493.3393226,1,1.0459,0.1364,,0.736,0.0332,0.278,NOMINAL,NOMINAL,NORMAL,0,
1648288800.0,1786289493.4640195,1,0.9944,0.1382,,0.598,0.0298,0.266,NOMINAL,NOMINAL,TRIGGERED,1,omni_p6
1648289700.0,1786289493.5891356,1,1.0133,0.1673,,0.624,0.0293,0.259,NOMINAL,NOMINAL,NORMAL,0,
1648290600.0,1786289493.7141652,1,1.0523,0.1394,,0.638,0.0298,0.261,NOMINAL,NOMINAL,NORMAL,0,
1648291500.0,1786289493.8389554,1,0.943,0.1307,,0.616,0.0298,0.276,NOMINAL,NOMINAL,NORMAL,0,
1648292400.0,1786289493.963915,1,0.9325,0.1327,,0.61,0.0285,0.252,NOMINAL,NOMINAL,NORMAL,0,
1648293300.0,1786289494.0890448,1,0.9978,0.1584,,0.602,0.0287,0.249,NOMINAL,NOMINAL,NORMAL,0,
1648294200.0,1786289494.2141361,1,1.0308,0.14,,0.654,0.0292,0.252,NOMINAL,NOMINAL,TRIGGERED,1,omni_p6
1648295100.0,1786289494.3403134,1,1.0584,0.1443,,0.737,0.0505,1.291,NOMINAL,PRE_ALERT,TRIGGERED,2,omni_p6
1648296000.0,1786289494.4648616,1,0.9504,0.1313,,0.514,0.0453,1.254,PRE_ALERT,NOMINAL,NORMAL,0,
1648296900.0,1786289494.5892441,1,1.0523,0.1431,,0.654,0.0318,0.268,NOMINAL,NOMINAL,NORMAL,0,
1648297800.0,1786289494.7144194,1,1.1716,0.1416,,0.695,0.0304,0.257,NOMINAL,NOMINAL,NORMAL,0,
1648298700.0,1786289494.83923,1,1.0712,0.141,,0.644,0.0328,0.278,NOMINAL,NOMINAL,NORMAL,0,
1648299600.0,1786289494.9640174,1,0.9631,0.1427,,0.586,0.0295,0.298,NOMINAL,NOMINAL,NORMAL,0,
1648300500.0,1786289495.0890825,1,0.9891,0.1623,,0.601,0.0298,0.287,NOMINAL,NOMINAL,TRIGGERED,1,omni_p6
1648301400.0,1786289495.2151723,1,1.0485,0.1374,,0.643,0.0474,1.265,NOMINAL,PRE_ALERT,TRIGGERED,2,omni_p6
1648302300.0,1786289495.3404195,1,1.1251,0.1419,,0.71,0.0494,1.269,PRE_ALERT,NOMINAL,NORMAL,0,
1648303200.0,1786289495.4641683,1,1.0632,0.1392,,0.605,0.0302,0.297,NOMINAL,NOMINAL,NORMAL,0,
1648304100.0,1786289495.589073,1,0.9989,0.1717,,0.595,0.0291,0.252,NOMINAL,NOMINAL,NORMAL,0,
1648305000.0,1786289495.7143486,1,1.1468,0.1929,,0.646,0.0294,0.253,NOMINAL,NOMINAL,NORMAL,0,
1648305900.0,1786289495.8391588,1,1.0445,0.137,,0.626,0.0308,0.259,NOMINAL,NOMINAL,NORMAL,0,
1648306800.0,1786289495.9648638,1,1.2066,0.1511,,0.874,0.0348,0.305,NOMINAL,NOMINAL,TRIGGERED,1,omni_p6
1648307700.0,1786289496.0898755,1,1.2436,0.1521,,0.858,0.0346,0.299,NOMINAL,NOMINAL,NORMAL,0,
1648308600.0,1786289496.2146204,1,1.2696,0.1467,,0.689,0.0312,0.267,NOMINAL,NOMINAL,NORMAL,0,
1648309500.0,1786289496.3393843,1,1.1722,0.146,,0.666,0.0412,0.272,NOMINAL,NOMINAL,NORMAL,0,
1648310400.0,1786289496.4640238,1,1.0189,0.1376,,0.59,0.0292,0.263,NOMINAL,NOMINAL,NORMAL,0,
1648311300.0,1786289496.5893185,1,1.0631,0.1424,,0.673,0.0308,0.265,NOMINAL,NOMINAL,NORMAL,0,
1648312200.0,1786289496.7141504,1,1.0655,0.1393,,0.599,0.0293,0.256,NOMINAL,NOMINAL,NORMAL,0,
1648313100.0,1786289496.8391488,1,1.0189,0.1387,,0.635,0.0306,0.256,NOMINAL,NOMINAL,NORMAL,0,
1648314000.0,1786289496.9639106,1,0.9238,0.135,,0.606,0.03,0.251,NOMINAL,NOMINAL,NORMAL,0,
1648314900.0,1786289497.089902,1,1.242,0.157,,0.816,0.034,0.309,NOMINAL,NOMINAL,NORMAL,0,
1648315800.0,1786289497.214325,1,1.1118,0.1491,,0.675,0.0307,0.275,NOMINAL,NOMINAL,NORMAL,0,
1648316700.0,1786289497.3392467,1,1.0704,0.1394,,0.673,0.0315,0.267,NOMINAL,NOMINAL,NORMAL,0,
1648317600.0,1786289497.464349,1,1.0713,0.1459,,0.664,0.0331,0.313,NOMINAL,NOMINAL,NORMAL,0,
1648318500.0,1786289497.5892005,1,1.0486,0.1791,,0.646,0.0311,0.265,NOMINAL,NOMINAL,NORMAL,0,
1648319400.0,1786289497.7139776,1,1.0073,0.1352,,0.592,0.0291,0.258,NOMINAL,NOMINAL,NORMAL,0,
1648320300.0,1786289497.8391228,1,1.0311,0.1377,,0.631,0.0296,0.26,NOMINAL,NOMINAL,NORMAL,0,
1648321200.0,1786289497.9638374,1,0.8965,0.1231,,0.601,0.0288,0.254,NOMINAL,NOMINAL,NORMAL,0,
1648322100.0,1786289498.0890584,1,1.0084,0.1593,,0.621,0.0304,0.252,NOMINAL,NOMINAL,NORMAL,0,
1648323000.0,1786289498.2140522,1,1.0083,0.1357,,0.622,0.0307,0.273,NOMINAL,NOMINAL,NORMAL,0,
1648323900.0,1786289498.3391562,1,1.0165,0.1372,,0.664,0.031,0.261,NOMINAL,NOMINAL,NORMAL,0,
1648324800.0,1786289498.464146,1,0.9802,0.1334,,0.665,0.0335,0.318,NOMINAL,NOMINAL,NORMAL,0,
1648325700.0,1786289498.5892568,1,1.1345,0.1402,,0.647,0.0322,0.263,NOMINAL,NOMINAL,NORMAL,0,
1648326600.0,1786289498.7140038,1,0.9896,0.1361,,0.619,0.0295,0.27,NOMINAL,NOMINAL,NORMAL,0,
1648327500.0,1786289498.8391047,1,0.9971,0.1388,,0.645,0.0316,0.261,NOMINAL,NOMINAL,TRIGGERED,1,omni_p6
1648328400.0,1786289498.9657924,1,0.8613,0.1381,,2.505,0.0346,0.336,NOMINAL,NOMINAL,NORMAL,0,
1648329300.0,1786289499.090015,1,1.2771,0.1524,,0.902,0.0359,0.316,NOMINAL,NOMINAL,NORMAL,0,
1648330200.0,1786289499.2143347,1,1.0932,0.1446,,0.722,0.0307,0.283,NOMINAL,NOMINAL,NORMAL,0,
1648331100.0,1786289499.3392348,1,1.0641,0.1421,,0.679,0.0305,0.265,NOMINAL,NOMINAL,NORMAL,0,
1648332000.0,1786289499.4641871,1,1.0354,0.1413,,0.679,0.0321,0.297,NOMINAL,NOMINAL,NORMAL,0,
1648332900.0,1786289499.5891964,1,1.05,0.1761,,0.653,0.0308,0.256,NOMINAL,NOMINAL,NORMAL,0,
1648333800.0,1786289499.7139819,1,0.9849,0.1366,,0.626,0.0302,0.254,NOMINAL,NOMINAL,TRIGGERED,1,omni_p6
1648334700.0,1786289499.8390894,1,0.9899,0.136,,0.645,0.0306,0.262,NOMINAL,NOMINAL,NORMAL,0,
1648335600.0,1786289499.963744,1,0.8512,0.1275,,0.572,0.0308,0.26,NOMINAL,NOMINAL,NORMAL,0,
1648336500.0,1786289500.0890481,1,0.9943,0.1697,,0.614,0.0295,0.251,NOMINAL,NOMINAL,NORMAL,0,
1648337400.0,1786289500.2139857,1,0.9939,0.1336,,0.611,0.0294,0.256,NOMINAL,NOMINAL,NORMAL,0,
1648338300.0,1786289500.3391194,1,1.0175,0.1373,,0.648,0.0306,0.261,NOMINAL,NOMINAL,NORMAL,0,
1648339200.0,1786289500.464885,1,1.0209,0.1393,0.6343,0.692,0.0314,0.302,NOMINAL,NOMINAL,TRIGGERED,1,omni_p6
1648340100.0,1786289500.5906532,1,1.2271,0.1853,,0.715,0.0488,1.269,NOMINAL,PRE_ALERT,TRIGGERED,2,omni_p6
1648341000.0,1786289500.7154975,1,1.1783,0.1422,,0.715,0.0508,1.271,PRE_ALERT,NOMINAL,NORMAL,0,
1648341900.0,1786289500.8394337,1,1.1364,0.1459,,0.703,0.0315,0.28,NOMINAL,NOMINAL,NORMAL,0,
1648342800.0,1786289500.964783,1,1.1509,0.1541,,0.874,0.0343,0.305,NOMINAL,NOMINAL,NORMAL,0,
1648343700.0,1786289501.089864,1,1.2469,0.1529,,0.859,0.0351,0.295,NOMINAL,NOMINAL,NORMAL,0,
1648344600.0,1786289501.2143326,1,1.1172,0.1443,,0.714,0.0317,0.271,NOMINAL,NOMINAL,NORMAL,0,
1648345500.0,1786289501.3392968,1,1.0805,0.1455,,0.694,0.0309,0.27,NOMINAL,NOMINAL,TRIGGERED,1,omni_p6
1648346400.0,1786289501.464935,1,0.9756,0.1369,,0.591,0.0449,1.253,NOMINAL,PRE_ALERT,TRIGGERED,2,omni_p6
1648347300.0,1786289501.5903442,1,1.093,0.1441,,0.744,0.0524,1.235,PRE_ALERT,NOMINAL,NORMAL,0,
1648348200.0,1786289501.714316,1,1.1242,0.1448,,0.689,0.0319,0.276,NOMINAL,NOMINAL,NORMAL,0,
1648349100.0,1786289501.8392293,1,1.0399,0.1425,,0.669,0.0334,0.296,NOMINAL,NOMINAL,NORMAL,0,
1648350000.0,1786289501.963816,1,0.8745,0.1246,,0.602,0.0289,0.277,NOMINAL,NOMINAL,NORMAL,0,
1648350900.0,1786289502.0895479,1,1.1064,0.1441,,0.826,0.035,0.333,NOMINAL,NOMINAL,NORMAL,0,
1648351800.0,1786289502.214238,1,1.071,0.1414,,0.669,0.0322,0.311,NOMINAL,NOMINAL,TRIGGERED,1,omni_p6
1648352700.0,1786289502.3393009,1,1.0756,0.1456,,0.695,0.0334,0.279,NOMINAL,NOMINAL,NORMAL,0,
1648353600.0,1786289502.4639907,1,0.9836,0.1366,,0.595,0.0292,0.263,NOMINAL,NOMINAL,NORMAL,0,
1648354500.0,1786289502.589151,1,0.9783,0.1556,,0.696,0.0304,0.271,NOMINAL,NOMINAL,NORMAL,0,
1648355400.0,1786289502.7141893,1,1.0647,0.1369,,0.647,0.0289,0.268,NOMINAL,NOMINAL,NORMAL,0,
1648356300.0,1786289502.8392735,1,1.0252,0.1376,,0.661,0.031,0.274,NOMINAL,NOMINAL,NORMAL,0,
1648357200.0,1786289502.9639037,1,0.8759,0.1252,,0.597,0.0308,0.352,NOMINAL,NOMINAL,NORMAL,0,
1648358100.0,1786289503.0890343,1,0.9168,0.2478,,0.614,0.0295,0.251,NOMINAL,NOMINAL,NORMAL,0,
1648359000.0,1786289503.21422,1,1.0364,0.1362,,0.654,0.0301,0.342,NOMINAL,NOMINAL,NORMAL,0,
1648359900.0,1786289503.3393824,1,1.0801,0.1429,,0.733,0.0337,0.283,NOMINAL,NOMINAL,NORMAL,0,
1648360800.0,1786289503.4640603,1,0.9943,0.1388,,0.623,0.0302,0.266,NOMINAL,NOMINAL,NORMAL,0,
1648361700.0,1786289503.5891314,1,0.9663,0.1695,,0.676,0.0316,0.273,NOMINAL,NOMINAL,NORMAL,0,
1648362600.0,1786289503.7141662,1,1.0554,0.137,,0.64,0.0304,0.268,NOMINAL,NOMINAL,NORMAL,0,
1648363500.0,1786289503.839295,1,1.0516,0.1378,,0.636,0.0322,0.283,NOMINAL,NOMINAL,NORMAL,0,
1648364400.0,1786289503.9639184,1,0.9214,0.1327,,0.602,0.0296,0.274,NOMINAL,NOMINAL,NORMAL,0,
1648365300.0,1786289504.0888515,1,0.8717,0.1253,,0.627,0.0298,0.254,NOMINAL,NOMINAL,NORMAL,0,
1648366200.0,1786289504.2139745,1,0.9754,0.1281,,0.612,0.029,0.274,NOMINAL,NOMINAL,NORMAL,0,
1648367100.0,1786289504.3391576,1,1.0107,0.1372,,0.677,0.0316,0.266,NOMINAL,NOMINAL,NORMAL,0,
1648368000.0,1786289504.464038,1,0.9397,0.1323,,0.678,0.0339,0.287,NOMINAL,NOMINAL,TRIGGERED,1,omni_p6
1648368900.0,1786289504.589081,1,0.956,0.1342,,0.705,0.0319,0.278,NOMINAL,NOMINAL,NORMAL,0,
1648369800.0,1786289504.7141504,1,1.0404,0.136,,0.644,0.0319,0.289,NOMINAL,NOMINAL,NORMAL,0,
1648370700.0,1786289504.8391857,1,0.9946,0.1372,,0.733,0.0322,0.27,NOMINAL,NOMINAL,NORMAL,0,
1648371600.0,1786289504.9637575,1,0.8402,0.1241,,0.579,0.0304,0.281,NOMINAL,NOMINAL,NORMAL,0,
1648372500.0,1786289505.0890415,1,0.9773,0.1388,,0.623,0.0279,0.276,NOMINAL,NOMINAL,NORMAL,0,
1648373400.0,1786289505.213978,1,0.9782,0.1359,,0.595,0.031,0.282,NOMINAL,NOMINAL,TRIGGERED,1,omni_p6
1648374300.0,1786289505.3403018,1,1.0229,0.1437,,0.684,0.0517,1.36,NOMINAL,PRE_ALERT,TRIGGERED,2,omni_p6
1648375200.0,1786289505.4653304,1,1.1642,0.1388,,0.698,0.0503,1.249,PRE_ALERT,NOMINAL,NORMAL,0,
1648376100.0,1786289505.589149,1,0.9635,0.166,,0.696,0.0315,0.276,NOMINAL,NOMINAL,NORMAL,0,
1648377000.0,1786289505.7142732,1,1.0574,0.1373,,0.64,0.0316,0.39,NOMINAL,NOMINAL,NORMAL,0,
1648377900.0,1786289505.8391745,1,1.0085,0.1357,,0.633,0.0314,0.273,NOMINAL,NOMINAL,NORMAL,0,
1648378800.0,1786289505.9643614,1,0.9875,0.1351,,0.828,0.0634,0.336,NOMINAL,NOMINAL,NORMAL,0,
1648379700.0,1786289506.0898602,1,1.3233,0.1552,,0.829,0.0361,0.307,NOMINAL,NOMINAL,TRIGGERED,1,omni_p6
1648380600.0,1786289506.2152977,1,1.1038,0.1463,,0.724,0.049,1.182,NOMINAL,PRE_ALERT,TRIGGERED,2,omni_p6
1648381500.0,1786289506.3406224,1,1.1537,0.1459,,0.798,0.0498,1.216,PRE_ALERT,NOMINAL,NORMAL,0,
1648382400.0,1786289506.464338,1,1.1562,0.1475,,0.556,0.0296,0.294,NOMINAL,NOMINAL,NORMAL,0,
1648383300.0,1786289506.5892467,1,1.0837,0.1455,,0.633,0.0289,0.258,NOMINAL,NOMINAL,NORMAL,0,
1648384200.0,1786289506.714499,1,1.168,0.1452,,0.727,0.0313,0.28,NOMINAL,NOMINAL,NORMAL,0,
1648385100.0,1786289506.839453,1,1.145,0.1482,,0.688,0.0323,0.274,NOMINAL,NOMINAL,NORMAL,0,
1648386000.0,1786289506.9642892,1,1.0684,0.1453,,0.639,0.0299,0.306,NOMINAL,NOMINAL,TRIGGERED,1,omni_p6
1648386900.0,1786289507.090735,1,1.2087,0.1534,,0.804,0.052,1.243,NOMINAL,PRE_ALERT,TRIGGERED,2,omni_p6
1648387800.0,1786289507.2155688,1,1.247,0.1562,,0.762,0.0486,1.161,PRE_ALERT,NOMINAL,NORMAL,0,
1648388700.0,1786289507.339677,1,1.2068,0.1511,,0.737,0.0331,0.277,NOMINAL,NOMINAL,NORMAL,0,
1648389600.0,1786289507.464312,1,1.1324,0.1424,,0.606,0.0508,0.289,NOMINAL,NOMINAL,NORMAL,0,
1648390500.0,1786289507.5891335,1,1.0337,0.1704,,0.615,0.0301,0.259,NOMINAL,NOMINAL,NORMAL,0,
1648391400.0,1786289507.714485,1,1.1623,0.1475,,0.727,0.0321,0.281,NOMINAL,NOMINAL,NORMAL,0,
1648392300.0,1786289507.8392456,1,1.0625,0.1461,,0.657,0.0324,0.265,NOMINAL,NOMINAL,TRIGGERED,1,omni_p6
1648393200.0,1786289507.9641628,1,1.0416,0.1423,,0.623,0.0289,0.284,NOMINAL,NOMINAL,NORMAL,0,
1648394100.0,1786289508.0890868,1,1.0029,0.1748,,0.609,0.0292,0.253,NOMINAL,NOMINAL,NORMAL,0,
1648395000.0,1786289508.2142184,1,1.0637,0.143,,0.65,0.0312,0.287,NOMINAL,NOMINAL,NORMAL,0,
1648395900.0,1786289508.339365,1,1.0905,0.1484,,0.689,0.0316,0.263,NOMINAL,NOMINAL,NORMAL,0,
1648396800.0,1786289508.4641879,1,1.0634,0.1442,,0.594,0.0279,0.274,NOMINAL,NOMINAL,NORMAL,0,
1648397700.0,1786289508.589101,1,1.0254,0.1666,,0.598,0.0279,0.251,NOMINAL,NOMINAL,NORMAL,0,
1648398600.0,1786289508.7144632,1,1.1532,0.1475,,0.723,0.0313,0.275,NOMINAL,NOMINAL,NORMAL,0,
1648399500.0,1786289508.8393328,1,1.1267,0.1454,,0.659,0.0283,0.264,NOMINAL,NOMINAL,NORMAL,0,
1648400400.0,1786289508.964145,1,1.0319,0.1399,,0.623,0.0287,0.281,NOMINAL,NOMINAL,NORMAL,0,
1648401300.0,1786289509.0892348,1,1.0756,0.1409,,0.625,0.0289,0.259,NOMINAL,NOMINAL,NORMAL,0,
1648402200.0,1786289509.214359,1,1.1209,0.1438,,0.688,0.0295,0.27,NOMINAL,NOMINAL,NORMAL,0,
1648403100.0,1786289509.339302,1,1.0749,0.143,,0.668,0.0291,0.261,NOMINAL,NOMINAL,NORMAL,0,
1648404000.0,1786289509.4640172,1,1.0189,0.1402,,0.539,0.0276,0.265,NOMINAL,NOMINAL,NORMAL,0,
1648404900.0,1786289509.5891783,1,1.0134,0.1803,,0.629,0.0286,0.259,NOMINAL,NOMINAL,NORMAL,0,
1648405800.0,1786289509.7143888,1,1.1176,0.147,,0.702,0.0289,0.265,NOMINAL,NOMINAL,NORMAL,0,
1648406700.0,1786289509.8392653,1,1.0779,0.1434,,0.651,0.0295,0.267,NOMINAL,NOMINAL,NORMAL,0,
1648407600.0,1786289509.9642527,1,1.0651,0.149,,0.629,0.0288,0.282,NOMINAL,NOMINAL,NORMAL,0,
1648408500.0,1786289510.0890646,1,0.9996,0.1733,,0.606,0.0287,0.249,NOMINAL,NOMINAL,NORMAL,0,
1648409400.0,1786289510.2141752,1,1.0543,0.137,,0.677,0.0282,0.253,NOMINAL,NOMINAL,NORMAL,0,
1648410300.0,1786289510.3393748,1,1.0915,0.1443,,0.686,0.0293,0.276,NOMINAL,NOMINAL,NORMAL,0,
1648411200.0,1786289510.4641395,1,1.0455,0.1421,,0.585,0.0271,0.267,NOMINAL,NOMINAL,NORMAL,0,
1648412100.0,1786289510.58905,1,0.9963,0.1725,,0.579,0.0265,0.255,NOMINAL,NOMINAL,NORMAL,0,
1648413000.0,1786289510.7148333,1,1.1525,0.1521,,0.726,0.0303,0.624,NOMINAL,NOMINAL,TRIGGERED,1,omni_p6
1648413900.0,1786289510.8393018,1,1.0904,0.1455,,0.652,0.029,0.264,NOMINAL,NOMINAL,NORMAL,0,
1648414800.0,1786289510.9649398,1,1.2295,0.1551,,0.864,0.0316,0.306,NOMINAL,NOMINAL,NORMAL,0,
1648415700.0,1786289511.0898685,1,1.2521,0.1536,,0.822,0.0346,0.303,NOMINAL,NOMINAL,NORMAL,0,
1648416600.0,1786289511.2144902,1,1.1639,0.1512,,0.72,0.0304,0.285,NOMINAL,NOMINAL,NORMAL,0,
1648417500.0,1786289511.33946,1,1.1362,0.149,,0.694,0.0313,0.278,NOMINAL,NOMINAL,NORMAL,0,
1648418400.0,1786289511.4641874,1,1.0672,0.1472,,0.6,0.0284,0.268,NOMINAL,NOMINAL,TRIGGERED,1,omni_p6
1648419300.0,1786289511.5900905,1,1.0277,0.1827,,0.572,0.0458,1.236,NOMINAL,PRE_ALERT,TRIGGERED,2,omni_p6
1648420200.0,1786289511.7153301,1,1.206,0.1499,,0.645,0.0468,1.136,PRE_ALERT,NOMINAL,NORMAL,0,
1648421100.0,1786289511.8394878,1,1.1629,0.1498,,0.698,0.031,0.275,NOMINAL,NOMINAL,NORMAL,0,
1648422000.0,1786289511.9643357,1,1.1007,0.1475,,0.668,0.0535,0.296,NOMINAL,NOMINAL,NORMAL,0,
1648422900.0,1786289512.0898552,1,1.2671,0.1551,,0.783,0.0355,0.299,NOMINAL,NOMINAL,NORMAL,0,
1648423800.0,1786289512.2143939,1,1.1435,0.1467,,0.689,0.0302,0.272,NOMINAL,NOMINAL,NORMAL,0,
1648424700.0,1786289512.3393803,1,1.1049,0.1479,,0.683,0.0308,0.27,NOMINAL,NOMINAL,TRIGGERED,1,omni_p6
1648425600.0,1786289512.4658113,1,1.052,0.1364,0.6464,0.592,0.0465,1.236,NOMINAL,PRE_ALERT,TRIGGERED,2,omni_p6
1648426500.0,1786289512.590683,1,1.4996,0.1436,,0.67,0.0486,1.172,PRE_ALERT,NOMINAL,NORMAL,0,
1648427400.0,1786289512.714437,1,1.1667,0.1506,,0.669,0.0306,0.274,NOMINAL,NOMINAL,NORMAL,0,
1648428300.0,1786289512.8394713,1,1.1633,0.1498,,0.687,0.0308,0.269,NOMINAL,NOMINAL,NORMAL,0,
1648429200.0,1786289512.9643676,1,1.1006,0.1439,,0.66,0.0301,0.301,NOMINAL,NOMINAL,NORMAL,0,
1648430100.0,1786289513.0892406,1,1.0477,0.143,,0.637,0.0283,0.257,NOMINAL,NOMINAL,NORMAL,0,
1648431000.0,1786289513.2143216,1,1.1065,0.1449,,0.684,0.0302,0.264,NOMINAL,NOMINAL,TRIGGERED,1,omni_p6
1648431900.0,1786289513.339361,1,1.0967,0.145,,0.684,0.0311,0.267,NOMINAL,NOMINAL,NORMAL,0,
1648432800.0,1786289513.4640784,1,1.0531,0.1419,,0.551,0.0279,0.246,NOMINAL,NOMINAL,NORMAL,0,
1648433700.0,1786289513.589059,1,0.9958,0.1715,,0.568,0.0263,0.24,NOMINAL,NOMINAL,NORMAL,0,
1648434600.0,1786289513.7141972,1,1.0632,0.1418,,0.641,0.0296,0.251,NOMINAL,NOMINAL,NORMAL,0,
1648435500.0,1786289513.8394113,1,1.1257,0.1462,,0.704,0.0306,0.266,NOMINAL,NOMINAL,NORMAL,0,
1648436400.0,1786289513.9642725,1,1.0829,0.1447,,0.638,0.0307,0.288,NOMINAL,NOMINAL,TRIGGERED,1,omni_p6
1648437300.0,1786289514.0904706,1,1.046,0.1661,,0.593,0.0476,1.599,NOMINAL,PRE_ALERT,TRIGGERED,2,omni_p6
1648438200.0,1786289514.2153652,1,1.1828,0.1464,,0.679,0.0488,1.164,PRE_ALERT,NOMINAL,NORMAL,0,
1648439100.0,1786289514.3393989,1,1.151,0.1474,,0.659,0.0317,0.265,NOMINAL,NOMINAL,NORMAL,0,
1648440000.0,1786289514.4641788,1,1.087,0.1458,,0.562,0.0289,0.267,NOMINAL,NOMINAL,NORMAL,0,
1648440900.0,1786289514.5891292,1,1.0515,0.1719,,0.596,0.0271,0.243,NOMINAL,NOMINAL,NORMAL,0,
1648441800.0,1786289514.7141793,1,1.0766,0.1416,,0.634,0.0286,0.253,NOMINAL,NOMINAL,NORMAL,0,
1648442700.0,1786289514.8394184,1,1.1276,0.1454,,0.701,0.0302,0.264,NOMINAL,NOMINAL,NORMAL,0,
1648443600.0,1786289514.9643342,1,1.101,0.1456,,0.652,0.0297,0.285,NOMINAL,NOMINAL,NORMAL,0,
1648444500.0,1786289515.0892394,1,1.0817,0.1448,,0.622,0.0308,0.257,NOMINAL,NOMINAL,NORMAL,0,
1648445400.0,1786289515.2142153,1,1.0918,0.1419,,0.644,0.0285,0.252,NOMINAL,NOMINAL,NORMAL,0,
1648446300.0,1786289515.3393002,1,1.0881,0.1459,,0.665,0.0313,0.261,NOMINAL,NOMINAL,NORMAL,0,
1648447200.0,1786289515.464289,1,1.1073,0.1432,,0.575,0.029,0.283,NOMINAL,NOMINAL,NORMAL,0,
1648448100.0,1786289515.589049,1,1.0153,0.1645,,0.562,0.0294,0.248,NOMINAL,NOMINAL,NORMAL,0,
1648449000.0,1786289515.7142148,1,1.0775,0.1434,,0.643,0.0303,0.265,NOMINAL,NOMINAL,NORMAL,0,
1648449900.0,1786289515.8394468,1,1.1312,0.1463,,0.701,0.0312,0.267,NOMINAL,NOMINAL,NORMAL,0,
1648450800.0,1786289515.9649355,1,1.2348,0.1515,,0.834,0.0328,0.3,NOMINAL,NOMINAL,NORMAL,0,
1648451700.0,1786289516.0899923,1,1.3149,0.1575,,0.85,0.034,0.307,NOMINAL,NOMINAL,NORMAL,0,
1648452600.0,1786289516.2145455,1,1.1836,0.1478,,0.742,0.0337,0.287,NOMINAL,NOMINAL,NORMAL,0,
1648453500.0,1786289516.3393903,1,1.1148,0.1477,,0.69,0.0321,0.276,NOMINAL,NOMINAL,NORMAL,0,
1648454400.0,1786289516.4642801,1,1.0916,0.1441,,0.602,0.03,0.304,NOMINAL,NOMINAL,NORMAL,0,
1648455300.0,1786289516.5892508,1,1.0639,0.1444,,0.636,0.0316,0.27,NOMINAL,NOMINAL,NORMAL,0,
1648456200.0,1786289516.7142224,1,1.0903,0.1439,,0.639,0.0317,0.268,NOMINAL,NOMINAL,NORMAL,0,
1648457100.0,1786289516.8391767,1,1.0605,0.145,,0.62,0.0291,0.261,NOMINAL,NOMINAL,NORMAL,0,
1648458000.0,1786289516.9645786,1,1.1579,0.1498,,0.769,0.0332,0.285,NOMINAL,NOMINAL,NORMAL,0,
1648458900.0,1786289517.0898602,1,1.2522,0.1542,,0.797,0.0348,0.309,NOMINAL,NOMINAL,TRIGGERED,1,omni_p6
1648459800.0,1786289517.2144108,1,1.1572,0.1473,,0.674,0.0337,0.278,NOMINAL,NOMINAL,NORMAL,0,
1648460700.0,1786289517.3393736,1,1.1233,0.1458,,0.684,0.0319,0.269,NOMINAL,NOMINAL,NORMAL,0,
1648461600.0,1786289517.4643147,1,1.1025,0.1485,,0.604,0.0302,0.306,NOMINAL,NOMINAL,NORMAL,0,
1648462500.0,1786289517.589205,1,1.0756,0.1454,,0.605,0.0304,0.258,NOMINAL,NOMINAL,NORMAL,0,
1648463400.0,1786289517.71525,1,1.0665,0.1412,,0.669,0.0329,0.282,NOMINAL,NOMINAL,NORMAL,0,
1648464300.0,1786289517.8396847,1,1.0778,0.1449,,0.606,0.0314,0.256,NOMINAL,NOMINAL,NORMAL,0,
1648465200.0,1786289517.9649918,1,1.1507,0.1501,,0.719,0.0322,0.273,NOMINAL,NOMINAL,TRIGGERED,1,omni_p6
1648466100.0,1786289518.0898623,1,1.1614,0.1446,,0.659,0.0301,0.263,NOMINAL,NOMINAL,NORMAL,0,
1648467000.0,1786289518.214754,1,1.0744,0.1437,,0.651,0.0286,0.265,NOMINAL,NOMINAL,NORMAL,0,
1648467900.0,1786289518.3397496,1,1.0852,0.1475,,0.645,0.0298,0.259,NOMINAL,NOMINAL,NORMAL,0,
1648468800.0,1786289518.4646697,1,1.078,0.1444,,0.571,0.0312,0.274,NOMINAL,NOMINAL,NORMAL,0,
1648469700.0,1786289518.589678,1,1.0974,0.142,,0.596,0.0295,0.25,NOMINAL,NOMINAL,NORMAL,0,
1648470600.0,1786289518.7146814,1,1.0675,0.1417,,0.603,0.0291,0.273,NOMINAL,NOMINAL,TRIGGERED,1,omni_p6
1648471500.0,1786289518.8406978,1,1.1105,0.1437,,0.6,0.0468,1.251,NOMINAL,PRE_ALERT,TRIGGERED,2,omni_p6
1648472400.0,1786289518.965256,1,1.2143,0.1941,,0.721,0.0321,0.28,PRE_ALERT,PRE_ALERT,TRIGGERED,3,omni_p6
1648473300.0,1786289519.0909438,1,1.1986,0.1469,,0.71,0.05,1.198,PRE_ALERT,NOMINAL,NORMAL,0,
1648474200.0,1786289519.2149465,1,1.121,0.147,,0.693,0.0321,0.268,NOMINAL,NOMINAL,NORMAL,0,
1648475100.0,1786289519.3397338,1,1.0852,0.147,,0.628,0.0291,0.253,NOMINAL,NOMINAL,TRIGGERED,1,omni_p6
1648476000.0,1786289519.465692,1,1.0824,0.1476,,0.633,0.0491,1.202,NOMINAL,PRE_ALERT,TRIGGERED,2,omni_p6
1648476900.0,1786289519.5897708,1,1.1331,0.1459,,0.599,0.0306,0.256,PRE_ALERT,PRE_ALERT,TRIGGERED,3,omni_p6
1648477800.0,1786289519.7157133,1,1.1005,0.1443,,0.638,0.0446,1.173,PRE_ALERT,ALERT,TRIGGERED,4,omni_p6
1648478700.0,1786289519.8398979,1,1.1452,0.1525,,0.662,0.031,0.271,ALERT,ALERT,TRIGGERED,5,omni_p6
1648479600.0,1786289519.966016,1,1.1594,0.1485,,0.77,0.0434,1.182,ALERT,NOMINAL,NORMAL,0,
1648480500.0,1786289520.0900567,1,1.182,0.1477,,0.715,0.0318,0.276,NOMINAL,NOMINAL,NORMAL,0,
1648481400.0,1786289520.2148206,1,1.1054,0.1485,,0.662,0.0297,0.269,NOMINAL,NOMINAL,TRIGGERED,1,omni_p6
1648482300.0,1786289520.3397593,1,1.1137,0.1504,,0.617,0.0302,0.257,NOMINAL,NOMINAL,NORMAL,0,
1648483200.0,1786289520.4647226,1,1.0578,0.1441,,0.639,0.0303,0.261,NOMINAL,NOMINAL,TRIGGERED,1,omni_p6
1648484100.0,1786289520.5896208,1,1.0435,0.1371,,0.608,0.0285,0.252,NOMINAL,NOMINAL,NORMAL,0,
1648485000.0,1786289520.7146077,1,1.0088,0.1394,,0.596,0.0298,0.29,NOMINAL,NOMINAL,TRIGGERED,1,omni_p6
1648485900.0,1786289520.839735,1,1.0673,0.1417,,0.628,0.0328,0.267,NOMINAL,NOMINAL,NORMAL,0,
1648486800.0,1786289520.9653559,1,1.1499,0.176,,0.827,0.0418,0.322,NOMINAL,NOMINAL,NORMAL,0,
1648487700.0,1786289521.0902731,1,1.1869,0.1499,,0.8,0.0324,0.282,NOMINAL,NOMINAL,TRIGGERED,1,omni_p6
1648488600.0,1786289521.2149944,1,1.1212,0.1456,,0.728,0.0291,0.269,NOMINAL,NOMINAL,NORMAL,0,
1648489500.0,1786289521.3397553,1,1.0746,0.1399,,0.636,0.0269,0.252,NOMINAL,NOMINAL,NORMAL,0,
1648490400.0,1786289521.4646747,1,1.0744,0.145,,0.565,0.0256,0.269,NOMINAL,NOMINAL,TRIGGERED,1,omni_p6
1648491300.0,1786289521.5896416,1,1.0405,0.1413,,0.614,0.0255,0.245,NOMINAL,NOMINAL,NORMAL,0,
1648492200.0,1786289521.7146225,1,0.9995,0.1395,,0.624,0.0251,0.245,NOMINAL,NOMINAL,NORMAL,0,
1648493100.0,1786289521.8396041,1,1.0091,0.1402,,0.61,0.0252,0.266,NOMINAL,NOMINAL,NORMAL,0,
1648494000.0,1786289521.9647212,1,1.0318,0.1418,,0.673,0.0281,0.26,NOMINAL,NOMINAL,TRIGGERED,1,omni_p6
1648494900.0,1786289522.090269,1,1.1831,0.1484,,0.823,0.0303,0.276,NOMINAL,NOMINAL,NORMAL,0,
1648495800.0,1786289522.2149036,1,1.1028,0.1446,,0.705,0.0301,0.261,NOMINAL,NOMINAL,NORMAL,0,
1648496700.0,1786289522.3397205,1,1.0557,0.1423,,0.634,0.0286,0.251,NOMINAL,NOMINAL,TRIGGERED,1,omni_p6
1648497600.0,1786289522.4656236,1,1.0667,0.1432,,0.602,0.0478,1.198,NOMINAL,PRE_ALERT,TRIGGERED,2,omni_p6
1648498500.0,1786289522.5906796,1,1.1328,0.1439,,0.62,0.043,1.131,PRE_ALERT,NOMINAL,NORMAL,0,
1648499400.0,1786289522.7147315,1,1.0644,0.1414,,0.617,0.0268,0.268,NOMINAL,NOMINAL,NORMAL,0,
1648500300.0,1786289522.839648,1,1.0207,0.1368,,0.636,0.0266,0.27,NOMINAL,NOMINAL,NORMAL,0,
1648501200.0,1786289522.9646623,1,1.0137,0.1388,,0.642,0.0263,0.254,NOMINAL,NOMINAL,NORMAL,0,
1648502100.0,1786289523.0897942,1,1.091,0.1433,,0.672,0.0275,0.253,NOMINAL,NOMINAL,NORMAL,0,
1648503000.0,1786289523.2146418,1,1.0174,0.1363,,0.616,0.0272,0.263,NOMINAL,NOMINAL,TRIGGERED,1,omni_p6
1648503900.0,1786289523.3405397,1,0.9896,0.1401,,0.61,0.0447,1.215,NOMINAL,PRE_ALERT,TRIGGERED,2,omni_p6
1648504800.0,1786289523.4657397,1,1.1353,0.1433,,0.648,0.0447,1.128,PRE_ALERT,NOMINAL,NORMAL,0,
1648505700.0,1786289523.5896618,1,1.0761,0.1408,,0.59,0.027,0.241,NOMINAL,NOMINAL,TRIGGERED,1,omni_p6
1648506600.0,1786289523.714593,1,0.9955,0.1341,,0.608,0.0255,0.241,NOMINAL,NOMINAL,NORMAL,0,
1648507500.0,1786289523.8394861,1,0.9801,0.1392,,0.582,0.0243,0.233,NOMINAL,NOMINAL,NORMAL,0,
1648508400.0,1786289523.9647715,1,1.0435,0.137,,0.7,0.0284,0.259,NOMINAL,NOMINAL,NORMAL,0,
1648509300.0,1786289524.0898466,1,1.1254,0.1464,,0.655,0.0286,0.253,NOMINAL,NOMINAL,NORMAL,0,
1648510200.0,1786289524.214672,1,1.0309,0.1423,,0.623,0.0274,0.252,NOMINAL,NOMINAL,TRIGGERED,1,omni_p6
1648511100.0,1786289524.3395483,1,1.0016,0.137,,0.595,0.0264,0.239,NOMINAL,NOMINAL,NORMAL,0,
1648512000.0,1786289524.4653883,1,1.0368,0.1312,0.67,0.592,0.0286,0.277,NOMINAL,NOMINAL,NORMAL,0,
1648512900.0,1786289524.5897892,1,1.1013,0.1449,,0.689,0.0272,0.249,NOMINAL,NOMINAL,NORMAL,0,
1648513800.0,1786289524.7147088,1,1.0295,0.1373,,0.677,0.0283,0.245,NOMINAL,NOMINAL,NORMAL,0,
1648514700.0,1786289524.839612,1,1.0139,0.141,,0.63,0.0269,0.244,NOMINAL,NOMINAL,NORMAL,0,
1648515600.0,1786289524.9648097,1,1.0683,0.1474,,0.664,0.0291,0.262,NOMINAL,NOMINAL,TRIGGERED,1,omni_p6
1648516500.0,1786289525.0907605,1,1.1143,0.1449,,0.665,0.0461,1.189,NOMINAL,PRE_ALERT,TRIGGERED,2,omni_p6
1648517400.0,1786289525.2158027,1,1.1257,0.1451,,0.675,0.0465,1.115,PRE_ALERT,NOMINAL,NORMAL,0,
1648518300.0,1786289525.3397431,1,1.07,0.1446,,0.616,0.0294,0.261,NOMINAL,NOMINAL,NORMAL,0,
1648519200.0,1786289525.464731,1,1.0434,0.1448,,0.599,0.0273,0.327,NOMINAL,NOMINAL,NORMAL,0,
1648520100.0,1786289525.5895836,1,1.0415,0.142,,0.579,0.0263,0.24,NOMINAL,NOMINAL,NORMAL,0,
1648521000.0,1786289525.7146347,1,1.0001,0.1395,,0.597,0.0264,0.302,NOMINAL,NOMINAL,NORMAL,0,
1648521900.0,1786289525.8396003,1,1.0295,0.1403,,0.59,0.026,0.255,NOMINAL,NOMINAL,TRIGGERED,1,omni_p6
1648522800.0,1786289525.9661722,1,1.1375,0.1725,,0.814,0.0514,1.204,NOMINAL,PRE_ALERT,TRIGGERED,2,omni_p6
1648523700.0,1786289526.0913124,1,1.2145,0.1507,,0.84,0.0503,1.231,PRE_ALERT,NOMINAL,NORMAL,0,
1648524600.0,1786289526.214999,1,1.1199,0.1443,,0.718,0.0303,0.27,NOMINAL,NOMINAL,NORMAL,0,
1648525500.0,1786289526.3398,1,1.0933,0.1466,,0.634,0.028,0.252,NOMINAL,NOMINAL,NORMAL,0,
1648526400.0,1786289526.464739,1,1.0641,0.1426,,0.636,0.0278,0.26,NOMINAL,NOMINAL,NORMAL,0,
1648527300.0,1786289526.589638,1,1.0415,0.14,,0.598,0.0272,0.255,NOMINAL,NOMINAL,NORMAL,0,
1648528200.0,1786289526.7146807,1,1.0254,0.1419,,0.631,0.0265,0.245,NOMINAL,NOMINAL,NORMAL,0,
1648529100.0,1786289526.8396006,1,1.0058,0.1392,,0.624,0.0263,0.24,NOMINAL,NOMINAL,NORMAL,0,
1648530000.0,1786289526.9647927,1,1.0461,0.1434,,0.69,0.0265,0.275,NOMINAL,NOMINAL,NORMAL,0,
1648530900.0,1786289527.090304,1,1.1887,0.1546,,0.829,0.0309,0.293,NOMINAL,NOMINAL,NORMAL,0,
1648531800.0,1786289527.215115,1,1.1557,0.148,,0.757,0.0297,0.274,NOMINAL,NOMINAL,NORMAL,0,
1648532700.0,1786289527.339785,1,1.0758,0.1437,,0.652,0.0316,0.256,NOMINAL,NOMINAL,NORMAL,0,
1648533600.0,1786289527.4647732,1,1.0765,0.1454,,0.643,0.03,0.27,NOMINAL,NOMINAL,NORMAL,0,
1648534500.0,1786289527.5897408,1,1.0923,0.143,,0.631,0.0276,0.247,NOMINAL,NOMINAL,NORMAL,0,
1648535400.0,1786289527.714665,1,1.0199,0.1381,,0.624,0.0267,0.252,NOMINAL,NOMINAL,NORMAL,0,
1648536300.0,1786289527.839698,1,1.0372,0.1438,,0.634,0.0287,0.269,NOMINAL,NOMINAL,NORMAL,0,
1648537200.0,1786289527.9647336,1,1.0344,0.1396,,0.692,0.0301,0.252,NOMINAL,NOMINAL,NORMAL,0,
1648538100.0,1786289528.08955,1,1.0288,0.1343,,0.604,0.0283,0.24,NOMINAL,NOMINAL,NORMAL,0,
1648539000.0,1786289528.2149143,1,1.0808,0.1406,,0.763,0.0288,0.263,NOMINAL,NOMINAL,NORMAL,0,
1648539900.0,1786289528.3400986,1,1.156,0.1485,,0.767,0.031,0.276,NOMINAL,NOMINAL,NORMAL,0,
1648540800.0,1786289528.4647112,1,1.0556,0.1439,,0.627,0.0276,0.253,NOMINAL,NOMINAL,TRIGGERED,1,omni_p6
1648541700.0,1786289528.590489,1,1.0234,0.1367,,0.591,0.0448,1.182,NOMINAL,PRE_ALERT,TRIGGERED,2,omni_p6
1648542600.0,1786289528.7157419,1,1.1098,0.1427,,0.649,0.0464,1.162,PRE_ALERT,NOMINAL,NORMAL,0,
1648543500.0,1786289528.8397236,1,1.0838,0.1409,,0.629,0.0283,0.252,NOMINAL,NOMINAL,NORMAL,0,
1648544400.0,1786289528.9645932,1,1.0131,0.1417,,0.613,0.0268,0.248,NOMINAL,NOMINAL,TRIGGERED,1,omni_p6
1648545300.0,1786289529.0895178,1,1.0331,0.1374,,0.58,0.0253,0.233,NOMINAL,NOMINAL,NORMAL,0,
1648546200.0,1786289529.2148128,1,1.0809,0.1392,,0.676,0.0285,0.264,NOMINAL,NOMINAL,NORMAL,0,
1648547100.0,1786289529.3396769,1,1.0592,0.1404,,0.63,0.0285,0.248,NOMINAL,NOMINAL,NORMAL,0,
1648548000.0,1786289529.464693,1,1.0441,0.1399,,0.633,0.0285,0.256,NOMINAL,NOMINAL,NORMAL,0,
1648548900.0,1786289529.5895321,1,1.0335,0.1373,,0.57,0.0274,0.239,NOMINAL,NOMINAL,NORMAL,0,
1648549800.0,1786289529.714526,1,1.0001,0.1352,,0.588,0.0256,0.24,NOMINAL,NOMINAL,TRIGGERED,1,omni_p6
1648550700.0,1786289529.8406355,1,1.0173,0.1422,,0.591,0.0424,1.305,NOMINAL,PRE_ALERT,TRIGGERED,2,omni_p6
1648551600.0,1786289529.9658496,1,1.1342,0.1434,,0.691,0.0456,1.181,PRE_ALERT,NOMINAL,NORMAL,0,
1648552500.0,1786289530.0897264,1,1.114,0.1407,,0.602,0.0287,0.258,NOMINAL,NOMINAL,NORMAL,0,
1648553400.0,1786289530.2151632,1,1.1656,0.1509,,0.759,0.031,0.281,NOMINAL,NOMINAL,NORMAL,0,
1648554300.0,1786289530.3397431,1,1.0706,0.1463,,0.638,0.0277,0.257,NOMINAL,NOMINAL,NORMAL,0,
1648555200.0,1786289530.4646807,1,1.064,0.1426,,0.58,0.0273,0.298,NOMINAL,NOMINAL,NORMAL,0,
1648556100.0,1786289530.589574,1,1.0588,0.1434,,0.572,0.028,0.243,NOMINAL,NOMINAL,TRIGGERED,1,omni_p6
1648557000.0,1786289530.7154796,1,1.0188,0.1413,,0.579,0.0433,1.169,NOMINAL,PRE_ALERT,TRIGGERED,2,omni_p6
1648557900.0,1786289530.8408537,1,1.1579,0.147,,0.659,0.0459,1.154,PRE_ALERT,NOMINAL,NORMAL,0,
1648558800.0,1786289530.9652781,1,1.1646,0.1829,,0.778,0.0317,0.29,NOMINAL,NOMINAL,NORMAL,0,
1648559700.0,1786289531.0904272,1,1.2503,0.1546,,0.842,0.0316,0.298,NOMINAL,NOMINAL,NORMAL,0,
1648560600.0,1786289531.2150564,1,1.126,0.1473,,0.758,0.0318,0.274,NOMINAL,NOMINAL,NORMAL,0,
1648561500.0,1786289531.3397908,1,1.0751,0.144,,0.667,0.0286,0.257,NOMINAL,NOMINAL,NORMAL,0,
1648562400.0,1786289531.4647002,1,1.0505,0.1414,,0.625,0.0275,0.265,NOMINAL,NOMINAL,TRIGGERED,1,omni_p6
1648563300.0,1786289531.589588,1,1.0293,0.1416,,0.588,0.026,0.243,NOMINAL,NOMINAL,NORMAL,0,
1648564200.0,1786289531.7146523,1,1.0128,0.136,,0.627,0.0279,0.252,NOMINAL,NOMINAL,NORMAL,0,
1648565100.0,1786289531.8395836,1,0.9941,0.1382,,0.608,0.0265,0.244,NOMINAL,NOMINAL,NORMAL,0,
1648566000.0,1786289531.9646115,1,0.9869,0.1361,,0.633,0.0254,0.254,NOMINAL,NOMINAL,NORMAL,0,
1648566900.0,1786289532.0903652,1,1.228,0.157,,0.839,0.0303,0.291,NOMINAL,NOMINAL,NORMAL,0,
1648567800.0,1786289532.2150185,1,1.1219,0.1462,,0.724,0.0295,0.289,NOMINAL,NOMINAL,NORMAL,0,
1648568700.0,1786289532.3398063,1,1.0691,0.1473,,0.694,0.0293,0.263,NOMINAL,NOMINAL,TRIGGERED,1,omni_p6
1648569600.0,1786289532.4647284,1,1.0637,0.1425,,0.633,0.0277,0.261,NOMINAL,NOMINAL,NORMAL,0,
1648570500.0,1786289532.5895815,1,1.0107,0.1392,,0.597,0.0263,0.255,NOMINAL,NOMINAL,NORMAL,0,
1648571400.0,1786289532.7146196,1,0.9976,0.1372,,0.612,0.0273,0.264,NOMINAL,NOMINAL,NORMAL,0,
1648572300.0,1786289532.8395927,1,1.0057,0.1359,,0.613,0.0257,0.249,NOMINAL,NOMINAL,NORMAL,0,
1648573200.0,1786289532.9646916,1,1.0304,0.1394,,0.652,0.0252,0.243,NOMINAL,NOMINAL,NORMAL,0,
1648574100.0,1786289533.089754,1,1.0415,0.1388,,0.593,0.0266,0.381,NOMINAL,NOMINAL,NORMAL,0,
1648575000.0,1786289533.214629,1,0.9942,0.1408,,0.621,0.0251,0.292,NOMINAL,NOMINAL,NORMAL,0,
1648575900.0,1786289533.339852,1,1.089,0.1415,,0.69,0.0277,0.254,NOMINAL,NOMINAL,NORMAL,0,
1648576800.0,1786289533.4647481,1,1.07,0.1478,,0.618,0.0266,0.266,NOMINAL,NOMINAL,NORMAL,0,
1648577700.0,1786289533.5895681,1,1.0421,0.1392,,0.583,0.0279,0.251,NOMINAL,NOMINAL,NORMAL,0,
1648578600.0,1786289533.7145443,1,1.0023,0.1343,,0.592,0.0273,0.243,NOMINAL,NOMINAL,NORMAL,0,
1648579500.0,1786289533.8396683,1,1.0289,0.14,,0.62,0.0271,0.256,NOMINAL,NOMINAL,NORMAL,0,
1648580400.0,1786289533.964661,1,1.0219,0.1345,,0.627,0.0264,0.246,NOMINAL,NOMINAL,NORMAL,0,
1648581300.0,1786289534.0895364,1,1.0165,0.1357,,0.586,0.0244,0.265,NOMINAL,NOMINAL,NORMAL,0,
1648582200.0,1786289534.2145693,1,0.9878,0.1353,,0.616,0.0265,0.262,NOMINAL,NOMINAL,NORMAL,0,
1648583100.0,1786289534.3398278,1,1.0913,0.1487,,0.673,0.0282,0.261,NOMINAL,NOMINAL,NORMAL,0,
1648584000.0,1786289534.4646535,1,1.0378,0.1412,,0.616,0.0257,0.263,NOMINAL,NOMINAL,NORMAL,0,
1648584900.0,1786289534.589554,1,1.0107,0.1403,,0.578,0.0249,0.261,NOMINAL,NOMINAL,NORMAL,0,
1648585800.0,1786289534.7145538,1,0.9763,0.1347,,0.588,0.0266,0.262,NOMINAL,NOMINAL,NORMAL,0,
1648586700.0,1786289534.8396144,1,1.0129,0.1366,,0.616,0.0265,0.26,NOMINAL,NOMINAL,NORMAL,0,
1648587600.0,1786289534.9645646,1,0.9902,0.1349,,0.628,0.0256,0.24,NOMINAL,NOMINAL,NORMAL,0,
1648588500.0,1786289535.089647,1,1.0523,0.1352,,0.603,0.0264,0.276,NOMINAL,NOMINAL,NORMAL,0,
1648589400.0,1786289535.2145724,1,0.9854,0.1372,,0.599,0.0258,0.262,NOMINAL,NOMINAL,TRIGGERED,1,omni_p6
1648590300.0,1786289535.3398104,1,1.07,0.1422,,0.67,0.0286,0.268,NOMINAL,NOMINAL,NORMAL,0,
1648591200.0,1786289535.4647186,1,1.0312,0.1377,,0.663,0.0268,0.264,NOMINAL,NOMINAL,NORMAL,0,
1648592100.0,1786289535.589574,1,1.0273,0.1372,,0.576,0.025,0.246,NOMINAL,NOMINAL,NORMAL,0,
1648593000.0,1786289535.7145293,1,0.9846,0.1361,,0.582,0.0251,0.238,NOMINAL,NOMINAL,NORMAL,0,
1648593900.0,1786289535.8395317,1,1.0049,0.1378,,0.575,0.0251,0.248,NOMINAL,NOMINAL,NORMAL,0,
1648594800.0,1786289535.9653957,1,1.2002,0.2053,,0.833,0.0305,0.29,NOMINAL,NOMINAL,TRIGGERED,1,omni_p6
1648595700.0,1786289536.091303,1,1.2701,0.1555,,0.797,0.0485,1.217,NOMINAL,PRE_ALERT,TRIGGERED,2,omni_p6
1648596600.0,1786289536.2159333,1,1.1615,0.1491,,0.72,0.0447,1.151,PRE_ALERT,NOMINAL,NORMAL,0,
1648597500.0,1786289536.3399527,1,1.1161,0.1451,,0.694,0.0299,0.307,NOMINAL,NOMINAL,NORMAL,0,
1648598400.0,1786289536.4654925,1,1.0776,0.1394,0.6696,0.612,0.0299,0.283,NOMINAL,NOMINAL,NORMAL,0,
1648599300.0,1786289536.5897818,1,1.0964,0.1412,,0.645,0.0255,0.28,NOMINAL,NOMINAL,NORMAL,0,
1648600200.0,1786289536.714644,1,1.0394,0.1433,,0.606,0.0266,0.246,NOMINAL,NOMINAL,NORMAL,0,
1648601100.0,1786289536.839755,1,1.0506,0.1416,,0.653,0.0283,0.261,NOMINAL,NOMINAL,TRIGGERED,1,omni_p6
1648602000.0,1786289536.965574,1,1.0252,0.1401,,0.632,0.0445,1.158,NOMINAL,PRE_ALERT,TRIGGERED,2,omni_p6
1648602900.0,1786289537.091303,1,1.255,0.1553,,0.819,0.05,1.195,PRE_ALERT,NOMINAL,NORMAL,0,
1648603800.0,1786289537.2147467,1,1.0545,0.1464,,0.633,0.0281,0.284,NOMINAL,NOMINAL,NORMAL,0,
1648604700.0,1786289537.3399212,1,1.1065,0.1439,,0.702,0.029,0.265,NOMINAL,NOMINAL,NORMAL,0,
1648605600.0,1786289537.464862,1,1.0813,0.1476,,0.668,0.0265,0.283,NOMINAL,NOMINAL,NORMAL,0,
1648606500.0,1786289537.5896401,1,1.051,0.1421,,0.598,0.0259,0.247,NOMINAL,NOMINAL,NORMAL,0,
1648607400.0,1786289537.714561,1,1.0018,0.1408,,0.575,0.0243,0.237,NOMINAL,NOMINAL,TRIGGERED,1,omni_p6
1648608300.0,1786289537.8395932,1,0.992,0.1388,,0.604,0.0251,0.266,NOMINAL,NOMINAL,NORMAL,0,
1648609200.0,1786289537.9645524,1,0.9853,0.1379,,0.622,0.0231,0.236,NOMINAL,NOMINAL,NORMAL,0,
1648610100.0,1786289538.0896175,1,1.0377,0.1375,,0.596,0.0253,0.273,NOMINAL,NOMINAL,NORMAL,0,
1648611000.0,1786289538.2145603,1,0.9897,0.1377,,0.594,0.0248,0.25,NOMINAL,NOMINAL,NORMAL,0,
1648611900.0,1786289538.3396096,1,1.0219,0.1365,,0.614,0.027,0.244,NOMINAL,NOMINAL,NORMAL,0,
1648612800.0,1786289538.464884,1,1.1145,0.1464,,0.689,0.0262,0.268,NOMINAL,NOMINAL,NORMAL,0,
1648613700.0,1786289538.5895977,1,1.0474,0.14,,0.586,0.0256,0.244,NOMINAL,NOMINAL,TRIGGERED,1,omni_p6
1648614600.0,1786289538.7145493,1,0.9915,0.1362,,0.588,0.0258,0.24,NOMINAL,NOMINAL,NORMAL,0,
1648615500.0,1786289538.8396952,1,1.0423,0.1398,,0.646,0.029,0.25,NOMINAL,NOMINAL,NORMAL,0,
1648616400.0,1786289538.9645135,1,0.9725,0.1336,,0.617,0.0258,0.248,NOMINAL,NOMINAL,NORMAL,0,
1648617300.0,1786289539.089649,1,1.0494,0.1395,,0.604,0.0262,0.251,NOMINAL,NOMINAL,NORMAL,0,
1648618200.0,1786289539.214614,1,1.0079,0.1398,,0.597,0.0275,0.249,NOMINAL,NOMINAL,NORMAL,0,
1648619100.0,1786289539.3395658,1,0.9942,0.141,,0.59,0.0262,0.241,NOMINAL,NOMINAL,NORMAL,0,
1648620000.0,1786289539.464924,1,1.1064,0.1467,,0.692,0.0284,0.274,NOMINAL,NOMINAL,NORMAL,0,
1648620900.0,1786289539.589764,1,1.0958,0.1437,,0.632,0.029,0.263,NOMINAL,NOMINAL,NORMAL,0,
1648621800.0,1786289539.714602,1,1.0021,0.1395,,0.595,0.0267,0.248,NOMINAL,NOMINAL,NORMAL,0,
1648622700.0,1786289539.8396215,1,1.0291,0.1377,,0.603,0.0272,0.247,NOMINAL,NOMINAL,NORMAL,0,
1648623600.0,1786289539.9645576,1,0.9813,0.1403,,0.604,0.026,0.25,NOMINAL,NOMINAL,NORMAL,0,
1648624500.0,1786289540.0896661,1,1.0574,0.1381,,0.627,0.0256,0.252,NOMINAL,NOMINAL,NORMAL,0,
1648625400.0,1786289540.2146032,1,0.9921,0.1385,,0.626,0.0268,0.248,NOMINAL,NOMINAL,NORMAL,0,
1648626300.0,1786289540.3395865,1,1.0043,0.1376,,0.608,0.0251,0.245,NOMINAL,NOMINAL,NORMAL,0,
1648627200.0,1786289540.464801,1,1.0664,0.1455,,0.647,0.0268,0.269,NOMINAL,NOMINAL,NORMAL,0,
1648628100.0,1786289540.589668,1,1.0673,0.1389,,0.601,0.0268,0.287,NOMINAL,NOMINAL,NORMAL,0,
1648629000.0,1786289540.7146306,1,1.025,0.1399,,0.58,0.0256,0.296,NOMINAL,NOMINAL,TRIGGERED,1,omni_p6
1648629900.0,1786289540.840715,1,1.0587,0.1429,,0.632,0.0443,1.255,NOMINAL,PRE_ALERT,TRIGGERED,2,omni_p6
1648630800.0,1786289540.9663155,1,1.214,0.1897,,0.822,0.0514,1.224,PRE_ALERT,NOMINAL,NORMAL,0,
1648631700.0,1786289541.090455,1,1.2675,0.1578,,0.84,0.0311,0.299,NOMINAL,NOMINAL,NORMAL,0,
1648632600.0,1786289541.214964,1,1.1205,0.1518,,0.708,0.0287,0.278,NOMINAL,NOMINAL,NORMAL,0,
1648633500.0,1786289541.339815,1,1.0875,0.1517,,0.659,0.0292,0.258,NOMINAL,NOMINAL,NORMAL,0,
1648634400.0,1786289541.4648077,1,1.081,0.1456,,0.677,0.028,0.266,NOMINAL,NOMINAL,NORMAL,0,
1648635300.0,1786289541.589684,1,1.0853,0.1439,,0.636,0.027,0.247,NOMINAL,NOMINAL,TRIGGERED,1,omni_p6
1648636200.0,1786289541.7146688,1,1.0569,0.1387,,0.634,0.0264,0.249,NOMINAL,NOMINAL,NORMAL,0,
1648637100.0,1786289541.839535,1,0.9819,0.1388,,0.601,0.0253,0.244,NOMINAL,NOMINAL,NORMAL,0,
1648638000.0,1786289541.9645412,1,0.983,0.139,,0.623,0.0271,0.246,NOMINAL,NOMINAL,NORMAL,0,
1648638900.0,1786289542.090249,1,1.2179,0.1575,,0.783,0.0301,0.283,NOMINAL,NOMINAL,NORMAL,0,
1648639800.0,1786289542.214785,1,1.0755,0.1447,,0.665,0.0293,0.255,NOMINAL,NOMINAL,NORMAL,0,
1648640700.0,1786289542.3396933,1,1.0434,0.1464,,0.646,0.0289,0.26,NOMINAL,NOMINAL,TRIGGERED,1,omni_p6
1648641600.0,1786289542.46575,1,1.0822,0.1467,,0.641,0.0458,1.222,NOMINAL,PRE_ALERT,TRIGGERED,2,omni_p6
1648642500.0,1786289542.590997,1,1.1824,0.1503,,0.725,0.05,1.214,PRE_ALERT,NOMINAL,NORMAL,0,
1648643400.0,1786289542.7147527,1,1.0971,0.1461,,0.606,0.028,0.249,NOMINAL,NOMINAL,NORMAL,0,
1648644300.0,1786289542.8396924,1,1.0603,0.1464,,0.592,0.0294,0.274,NOMINAL,NOMINAL,NORMAL,0,
1648645200.0,1786289542.9646418,1,1.0299,0.1403,,0.616,0.0273,0.251,NOMINAL,NOMINAL,NORMAL,0,
1648646100.0,1786289543.0896745,1,1.0599,0.143,,0.622,0.0262,0.24,NOMINAL,NOMINAL,NORMAL,0,
1648647000.0,1786289543.2151084,1,1.1144,0.1562,,0.757,0.0294,0.297,NOMINAL,NOMINAL,TRIGGERED,1,omni_p6
1648647900.0,1786289543.3406882,1,1.0571,0.1418,,0.653,0.0479,1.196,NOMINAL,PRE_ALERT,TRIGGERED,2,omni_p6
1648648800.0,1786289543.4655628,1,1.0804,0.141,,0.594,0.0428,1.116,PRE_ALERT,NOMINAL,NORMAL,0,
1648649700.0,1786289543.589931,1,1.1526,0.1406,,0.67,0.0281,0.268,NOMINAL,NOMINAL,NORMAL,0,
1648650600.0,1786289543.7146728,1,1.0271,0.1436,,0.626,0.027,0.247,NOMINAL,NOMINAL,NORMAL,0,
1648651500.0,1786289543.8395276,1,0.9808,0.1359,,0.588,0.0256,0.24,NOMINAL,NOMINAL,NORMAL,0,
1648652400.0,1786289543.9645572,1,0.9819,0.1366,,0.623,0.0265,0.248,NOMINAL,NOMINAL,NORMAL,0,
1648653300.0,1786289544.0895674,1,1.0188,0.1364,,0.597,0.0254,0.238,NOMINAL,NOMINAL,TRIGGERED,1,omni_p6
1648654200.0,1786289544.215525,1,0.9845,0.1411,,0.601,0.042,1.187,NOMINAL,PRE_ALERT,TRIGGERED,2,omni_p6
1648655100.0,1786289544.3407664,1,1.1108,0.1445,,0.663,0.0437,1.162,PRE_ALERT,NOMINAL,NORMAL,0,
1648656000.0,1786289544.4645803,1,1.0348,0.1391,,0.591,0.0275,0.241,NOMINAL,NOMINAL,NORMAL,0,
1648656900.0,1786289544.5898986,1,1.116,0.1423,,0.692,0.0283,0.266,NOMINAL,NOMINAL,NORMAL,0,
1648657800.0,1786289544.7147377,1,1.0476,0.1428,,0.661,0.028,0.246,NOMINAL,NOMINAL,NORMAL,0,
1648658700.0,1786289544.839597,1,1.0003,0.1383,,0.633,0.0271,0.246,NOMINAL,NOMINAL,NORMAL,0,
1648659600.0,1786289544.9645998,1,0.9917,0.1359,,0.656,0.0248,0.243,NOMINAL,NOMINAL,NORMAL,0,
1648660500.0,1786289545.0900028,1,1.0535,0.1395,,0.636,0.0283,0.57,NOMINAL,NOMINAL,NORMAL,0,
1648661400.0,1786289545.2146223,1,1.0067,0.1394,,0.618,0.0272,0.249,NOMINAL,NOMINAL,NORMAL,0,
1648662300.0,1786289545.33959,1,1.0003,0.1392,,0.619,0.0269,0.243,NOMINAL,NOMINAL,NORMAL,0,
1648663200.0,1786289545.464508,1,0.9964,0.1343,,0.57,0.0257,0.247,NOMINAL,NOMINAL,NORMAL,0,
1648664100.0,1786289545.5899396,1,1.1261,0.1436,,0.731,0.0276,0.275,NOMINAL,NOMINAL,NORMAL,0,
1648665000.0,1786289545.7146773,1,1.0217,0.1382,,0.644,0.0272,0.259,NOMINAL,NOMINAL,NORMAL,0,
1648665900.0,1786289545.8396623,1,1.0235,0.1336,,0.634,0.0278,0.248,NOMINAL,NOMINAL,NORMAL,0,
1648666800.0,1786289545.9652665,1,1.1653,0.2014,,0.789,0.0294,0.293,NOMINAL,NOMINAL,NORMAL,0,
1648667700.0,1786289546.0903816,1,1.2477,0.1531,,0.823,0.0312,0.294,NOMINAL,NOMINAL,NORMAL,0,
1648668600.0,1786289546.214866,1,1.0729,0.1461,,0.704,0.0288,0.278,NOMINAL,NOMINAL,NORMAL,0,
1648669500.0,1786289546.339682,1,1.0247,0.142,,0.659,0.0283,0.257,NOMINAL,NOMINAL,NORMAL,0,
1648670400.0,1786289546.4644818,1,0.9893,0.1377,,0.575,0.0248,0.238,NOMINAL,NOMINAL,NORMAL,0,
1648671300.0,1786289546.5899427,1,1.1264,0.1438,,0.724,0.0307,0.276,NOMINAL,NOMINAL,NORMAL,0,
1648672200.0,1786289546.7146506,1,1.0137,0.1397,,0.63,0.0268,0.253,NOMINAL,NOMINAL,NORMAL,0,
1648673100.0,1786289546.8395693,1,0.9917,0.1355,,0.613,0.0266,0.246,NOMINAL,NOMINAL,NORMAL,0,
1648674000.0,1786289546.964637,1,0.993,0.1394,,0.669,0.0271,0.245,NOMINAL,NOMINAL,TRIGGERED,1,omni_p6
1648674900.0,1786289547.090345,1,1.2188,0.1555,,0.823,0.0308,0.298,NOMINAL,NOMINAL,NORMAL,0,
1648675800.0,1786289547.2148612,1,1.0787,0.1471,,0.695,0.0295,0.27,NOMINAL,NOMINAL,NORMAL,0,
1648676700.0,1786289547.3396814,1,1.0175,0.1424,,0.66,0.0281,0.254,NOMINAL,NOMINAL,NORMAL,0,
1648677600.0,1786289547.4645383,1,0.9906,0.1385,,0.596,0.0269,0.242,NOMINAL,NOMINAL,NORMAL,0,
1648678500.0,1786289547.589888,1,1.1025,0.1439,,0.708,0.0292,0.268,NOMINAL,NOMINAL,NORMAL,0,
1648679400.0,1786289547.7148075,1,1.0569,0.1449,,0.682,0.0286,0.261,NOMINAL,NOMINAL,NORMAL,0,
1648680300.0,1786289547.839429,1,0.9156,0.1341,,0.606,0.027,0.244,NOMINAL,NOMINAL,TRIGGERED,1,omni_p6
1648681200.0,1786289547.9644468,1,0.8949,0.1347,,0.629,0.0264,0.241,NOMINAL,NOMINAL,NORMAL,0,
1648682100.0,1786289548.0896223,1,1.029,0.1361,,0.633,0.0269,0.247,NOMINAL,NOMINAL,NORMAL,0,
1648683000.0,1786289548.2144988,1,0.9554,0.1361,,0.58,0.0243,0.269,NOMINAL,NOMINAL,NORMAL,0,
1648683900.0,1786289548.3437977,1,1.3121,0.1631,,3.667,0.0361,0.602,NOMINAL,NOMINAL,NORMAL,0,
1648684800.0,1786289548.4661934,1,1.1843,0.1531,0.6055,0.871,0.0336,0.318,NOMINAL,NOMINAL,NORMAL,0,
1648685700.0,1786289548.5906112,1,1.2618,0.1624,,0.99,0.0331,0.32,NOMINAL,NOMINAL,TRIGGERED,1,omni_p6
1648686600.0,1786289548.71679,1,1.2198,0.1599,,0.867,0.0523,1.671,NOMINAL,PRE_ALERT,TRIGGERED,2,omni_p6
1648687500.0,1786289548.8415375,1,1.2569,0.1602,,0.911,0.053,1.256,PRE_ALERT,NOMINAL,NORMAL,0,
1648688400.0,1786289548.9655793,1,1.2439,0.1606,,0.866,0.0335,0.321,NOMINAL,NOMINAL,NORMAL,0,
1648689300.0,1786289549.0904596,1,1.2409,0.1593,,0.893,0.0324,0.325,NOMINAL,NOMINAL,NORMAL,0,
1648690200.0,1786289549.215415,1,1.2138,0.1556,,0.866,0.0335,0.321,NOMINAL,NOMINAL,NORMAL,0,
1648691100.0,1786289549.3400228,1,1.1375,0.1548,,0.732,0.029,0.271,NOMINAL,NOMINAL,NORMAL,0,
1648692000.0,1786289549.464699,1,1.0552,0.1451,,0.628,0.027,0.261,NOMINAL,NOMINAL,TRIGGERED,1,omni_p6
1648692900.0,1786289549.5912387,1,1.094,0.1495,,0.652,0.0427,1.717,NOMINAL,PRE_ALERT,TRIGGERED,2,omni_p6
1648693800.0,1786289549.715815,1,1.1077,0.1468,,0.695,0.0459,1.137,PRE_ALERT,NOMINAL,NORMAL,0,
1648694700.0,1786289549.8397171,1,1.042,0.1432,,0.635,0.0264,0.248,NOMINAL,NOMINAL,NORMAL,0,
1648695600.0,1786289549.964653,1,0.9987,0.1441,,0.658,0.0273,0.249,NOMINAL,NOMINAL,NORMAL,0,
1648696500.0,1786289550.089584,1,1.0162,0.1396,,0.595,0.0278,0.244,NOMINAL,NOMINAL,NORMAL,0,
1648697400.0,1786289550.2145424,1,0.9786,0.1381,,0.587,0.0257,0.242,NOMINAL,NOMINAL,NORMAL,0,
1648698300.0,1786289550.3395638,1,0.9825,0.1412,,0.599,0.0262,0.247,NOMINAL,NOMINAL,TRIGGERED,1,omni_p6
1648699200.0,1786289550.4657416,1,0.9708,0.1417,,0.604,0.0432,1.472,NOMINAL,PRE_ALERT,TRIGGERED,2,omni_p6
1648700100.0,1786289550.5908594,1,1.1459,0.1483,,0.682,0.0452,1.142,PRE_ALERT,NOMINAL,NORMAL,0,
1648701000.0,1786289550.7148514,1,1.0796,0.143,,0.672,0.0286,0.267,NOMINAL,NOMINAL,NORMAL,0,
1648701900.0,1786289550.839675,1,1.0402,0.1446,,0.625,0.0276,0.255,NOMINAL,NOMINAL,NORMAL,0,
1648702800.0,1786289550.9652076,1,1.1079,0.1457,,0.853,0.0308,0.286,NOMINAL,NOMINAL,NORMAL,0,
1648703700.0,1786289551.0902913,1,1.2003,0.1509,,0.797,0.0425,0.29,NOMINAL,NOMINAL,NORMAL,0,
1648704600.0,1786289551.2149777,1,1.134,0.1499,,0.709,0.0284,0.263,NOMINAL,NOMINAL,NORMAL,0,
1648705500.0,1786289551.3397465,1,1.0539,0.1427,,0.684,0.028,0.258,NOMINAL,NOMINAL,NORMAL,0,
1648706400.0,1786289551.4645185,1,1.0268,0.1392,,0.535,0.028,0.256,NOMINAL,NOMINAL,NORMAL,0,
1648707300.0,1786289551.5901794,1,1.1818,0.1463,,0.777,0.0308,0.286,NOMINAL,NOMINAL,NORMAL,0,
1648708200.0,1786289551.7149656,1,1.0864,0.1467,,0.786,0.0265,0.262,NOMINAL,NOMINAL,NORMAL,0,
1648709100.0,1786289551.839659,1,1.0199,0.1411,,0.639,0.0267,0.258,NOMINAL,NOMINAL,NORMAL,0,
1648710000.0,1786289551.9647553,1,1.0298,0.1434,,0.671,0.0274,0.266,NOMINAL,NOMINAL,NORMAL,0,
1648710900.0,1786289552.090354,1,1.2122,0.1582,,0.843,0.0329,0.296,NOMINAL,NOMINAL,NORMAL,0,
1648711800.0,1786289552.214879,1,1.0748,0.1468,,0.713,0.0287,0.26,NOMINAL,NOMINAL,NORMAL,0,
1648712700.0,1786289552.3396683,1,1.04,0.145,,0.628,0.0267,0.244,NOMINAL,NOMINAL,NORMAL,0,
1648713600.0,1786289552.4645553,1,1.0106,0.1396,,0.579,0.0265,0.245,NOMINAL,NOMINAL,NORMAL,0,
1648714500.0,1786289552.5896242,1,1.0323,0.1374,,0.599,0.0268,0.251,NOMINAL,NOMINAL,TRIGGERED,1,omni_p6
1648715400.0,1786289552.7147424,1,1.0414,0.1357,,0.649,0.0272,0.246,NOMINAL,NOMINAL,NORMAL,0,
1648716300.0,1786289552.839614,1,0.9968,0.1376,,0.616,0.0268,0.273,NOMINAL,NOMINAL,NORMAL,0,
1648717200.0,1786289552.9645898,1,0.989,0.1375,,0.621,0.0259,0.242,NOMINAL,NOMINAL,NORMAL,0,
1648718100.0,1786289553.089581,1,1.0199,0.1337,,0.594,0.0253,0.243,NOMINAL,NOMINAL,NORMAL,0,
1648719000.0,1786289553.2146106,1,0.9865,0.1364,,0.609,0.0259,0.264,NOMINAL,NOMINAL,NORMAL,0,
1648719900.0,1786289553.339534,1,0.9767,0.1353,,0.574,0.0245,0.27,NOMINAL,NOMINAL,NORMAL,0,
1648720800.0,1786289553.4645216,1,0.9813,0.1379,,0.593,0.0242,0.239,NOMINAL,NOMINAL,TRIGGERED,1,omni_p6
1648721700.0,1786289553.5898511,1,1.1023,0.1469,,0.679,0.0273,0.253,NOMINAL,NOMINAL,NORMAL,0,
1648722600.0,1786289553.7147627,1,1.0328,0.1411,,0.687,0.0277,0.271,NOMINAL,NOMINAL,NORMAL,0,
1648723500.0,1786289553.8395174,1,0.9699,0.1246,,0.598,0.0257,0.242,NOMINAL,NOMINAL,NORMAL,0,
1648724400.0,1786289553.9646206,1,0.9999,0.1318,,0.644,0.0245,0.243,NOMINAL,NOMINAL,NORMAL,0,
1648725300.0,1786289554.08966,1,1.0574,0.1327,,0.604,0.0258,0.241,NOMINAL,NOMINAL,NORMAL,0,
1648726200.0,1786289554.2146218,1,1.0166,0.1343,,0.621,0.0246,0.241,NOMINAL,NOMINAL,TRIGGERED,1,omni_p6
1648727100.0,1786289554.3405998,1,1.0243,0.1328,,0.597,0.0431,1.225,NOMINAL,PRE_ALERT,TRIGGERED,2,omni_p6
1648728000.0,1786289554.4655929,1,1.1035,0.1392,,0.555,0.0416,1.13,PRE_ALERT,NOMINAL,NORMAL,0,
1648728900.0,1786289554.5897317,1,1.089,0.1385,,0.605,0.0267,0.251,NOMINAL,NOMINAL,NORMAL,0,
1648729800.0,1786289554.714572,1,0.997,0.1314,,0.578,0.0275,0.241,NOMINAL,NOMINAL,NORMAL,0,
1648730700.0,1786289554.8397958,1,1.0889,0.1449,,0.643,0.0284,0.25,NOMINAL,NOMINAL,NORMAL,0,
1648731600.0,1786289554.9646907,1,1.0338,0.1358,,0.638,0.026,0.248,NOMINAL,NOMINAL,NORMAL,0,
1648732500.0,1786289555.0895975,1,1.0263,0.1376,,0.604,0.0268,0.264,NOMINAL,NOMINAL,TRIGGERED,1,omni_p6
1648733400.0,1786289555.215534,1,0.9921,0.1328,,0.622,0.0431,1.202,NOMINAL,PRE_ALERT,TRIGGERED,2,omni_p6
1648734300.0,1786289555.3406732,1,1.0874,0.1385,,0.618,0.046,1.184,PRE_ALERT,NOMINAL,NORMAL,0,
1648735200.0,1786289555.4646635,1,1.053,0.141,,0.597,0.0269,0.253,NOMINAL,NOMINAL,NORMAL,0,
1648736100.0,1786289555.5895889,1,1.0346,0.1342,,0.599,0.0265,0.252,NOMINAL,NOMINAL,NORMAL,0,
1648737000.0,1786289555.7144897,1,0.9819,0.1324,,0.566,0.0263,0.244,NOMINAL,NOMINAL,NORMAL,0,
1648737900.0,1786289555.8397648,1,1.0712,0.1421,,0.653,0.0252,0.253,NOMINAL,NOMINAL,NORMAL,0,
1648738800.0,1786289555.9654095,1,1.1805,0.1811,,0.863,0.0311,0.302,NOMINAL,NOMINAL,TRIGGERED,1,omni_p6
1648739700.0,1786289556.0902367,1,1.1624,0.1433,,0.829,0.0321,0.289,NOMINAL,NOMINAL,NORMAL,0,
1648740600.0,1786289556.214884,1,1.1238,0.1429,,0.677,0.0299,0.271,NOMINAL,NOMINAL,NORMAL,0,
1648741500.0,1786289556.3397536,1,1.0827,0.1416,,0.642,0.0279,0.259,NOMINAL,NOMINAL,NORMAL,0,
1648742400.0,1786289556.4647355,1,1.0828,0.1389,,0.618,0.0269,0.263,NOMINAL,NOMINAL,NORMAL,0,
1648743300.0,1786289556.5896616,1,1.0701,0.1359,,0.631,0.0271,0.256,NOMINAL,NOMINAL,NORMAL,0,
1648744200.0,1786289556.7145147,1,0.9973,0.1363,,0.585,0.0243,0.226,NOMINAL,NOMINAL,NORMAL,0,
1648745100.0,1786289556.8397725,1,1.0686,0.1409,,0.663,0.0276,0.252,NOMINAL,NOMINAL,NORMAL,0,
1648746000.0,1786289556.9646118,1,1.0177,0.1393,,0.636,0.026,0.242,NOMINAL,NOMINAL,NORMAL,0,
1648746900.0,1786289557.090218,1,1.1834,0.1402,,0.795,0.0318,0.279,NOMINAL,NOMINAL,NORMAL,0,
1648747800.0,1786289557.2148235,1,1.0734,0.1377,,0.687,0.0283,0.268,NOMINAL,NOMINAL,NORMAL,0,
1648748700.0,1786289557.3397622,1,1.0699,0.1376,,0.647,0.0282,0.253,NOMINAL,NOMINAL,NORMAL,0,
1648749600.0,1786289557.464684,1,1.0568,0.1379,,0.613,0.0273,0.258,NOMINAL,NOMINAL,NORMAL,0,
1648750500.0,1786289557.5896425,1,1.0618,0.1326,,0.622,0.0266,0.254,NOMINAL,NOMINAL,NORMAL,0,
1648751400.0,1786289557.7145028,1,0.9767,0.1326,,0.587,0.0266,0.246,NOMINAL,NOMINAL,NORMAL,0,
1648752300.0,1786289557.8398485,1,1.0785,0.1432,,0.675,0.0284,0.258,NOMINAL,NOMINAL,NORMAL,0,
1648753200.0,1786289557.964794,1,1.0574,0.1366,,0.692,0.029,0.262,NOMINAL,NOMINAL,NORMAL,0,
1648754100.0,1786289558.0895736,1,1.0311,0.1344,,0.612,0.0278,0.247,NOMINAL,NOMINAL,NORMAL,0,
1648755000.0,1786289558.214568,1,0.995,0.1387,,0.617,0.0268,0.268,NOMINAL,NOMINAL,NORMAL,0,
1648755900.0,1786289558.3395705,1,1.0155,0.1377,,0.603,0.0287,0.244,NOMINAL,NOMINAL,NORMAL,0,
1648756800.0,1786289558.4645922,1,1.0169,0.1342,,0.593,0.0259,0.25,NOMINAL,NOMINAL,NORMAL,0,
1648757700.0,1786289558.589599,1,1.0382,0.1329,,0.603,0.0257,0.252,NOMINAL,NOMINAL,NORMAL,0,
1648758600.0,1786289558.7146451,1,1.0259,0.134,,0.62,0.0275,0.274,NOMINAL,NOMINAL,NORMAL,0,
1648759500.0,1786289558.8398237,1,1.0856,0.1459,,0.673,0.0284,0.267,NOMINAL,NOMINAL,TRIGGERED,1,omni_p6
1648760400.0,1786289558.9647,1,1.0531,0.1352,,0.644,0.0284,0.288,NOMINAL,NOMINAL,NORMAL,0,
1648761300.0,1786289559.0896282,1,1.0561,0.1374,,0.615,0.0276,0.25,NOMINAL,NOMINAL,NORMAL,0,
1648762200.0,1786289559.214645,1,1.0395,0.1314,,0.629,0.0284,0.257,NOMINAL,NOMINAL,NORMAL,0,
1648763100.0,1786289559.3396392,1,1.032,0.1364,,0.622,0.0284,0.246,NOMINAL,NOMINAL,NORMAL,0,
1648764000.0,1786289559.4646413,1,1.0393,0.1365,,0.62,0.0262,0.255,NOMINAL,NOMINAL,NORMAL,0,
1648764900.0,1786289559.5896637,1,1.0344,0.1355,,0.637,0.0256,0.252,NOMINAL,NOMINAL,TRIGGERED,1,omni_p6
1648765800.0,1786289559.715511,1,1.0143,0.1352,,0.587,0.0446,1.175,NOMINAL,PRE_ALERT,TRIGGERED,2,omni_p6
1648766700.0,1786289559.841025,1,1.1276,0.1397,,0.726,0.0471,1.317,PRE_ALERT,NOMINAL,NORMAL,0,
1648767600.0,1786289559.9649808,1,1.1026,0.1462,,0.758,0.03,0.274,NOMINAL,NOMINAL,NORMAL,0,
1648768500.0,1786289560.089761,1,1.097,0.1357,,0.646,0.0275,0.262,NOMINAL,NOMINAL,NORMAL,0,
1648769400.0,1786289560.214688,1,1.0066,0.1366,,0.676,0.0291,0.261,NOMINAL,NOMINAL,NORMAL,0,
1648770300.0,1786289560.339602,1,0.9945,0.1354,,0.631,0.0276,0.256,NOMINAL,NOMINAL,NORMAL,0,
1648771200.0,1786289560.4653618,1,1.0026,0.1292,0.6999,0.582,0.0263,0.289,NOMINAL,NOMINAL,TRIGGERED,1,omni_p6
1648772100.0,1786289560.5909169,1,0.9849,0.1346,,0.659,0.0547,1.566,NOMINAL,PRE_ALERT,TRIGGERED,2,omni_p6
1648773000.0,1786289560.715828,1,1.1165,0.1438,,0.646,0.0436,1.176,PRE_ALERT,NOMINAL,NORMAL,0,
1648773900.0,1786289560.839705,1,1.0709,0.1397,,0.606,0.0264,0.255,NOMINAL,NOMINAL,NORMAL,0,
1648774800.0,1786289560.9656198,1,1.24,0.1544,,0.88,0.0342,0.319,NOMINAL,NOMINAL,NORMAL,0,
1648775700.0,1786289561.0903518,1,1.2464,0.1482,,0.768,0.0318,0.301,NOMINAL,NOMINAL,NORMAL,0,
1648776600.0,1786289561.214929,1,1.1012,0.1404,,0.708,0.0315,0.285,NOMINAL,NOMINAL,NORMAL,0,
1648777500.0,1786289561.3397658,1,1.066,0.1422,,0.661,0.0288,0.269,NOMINAL,NOMINAL,TRIGGERED,1,omni_p6
1648778400.0,1786289561.46601,1,1.0084,0.1346,,0.594,0.0422,1.656,NOMINAL,PRE_ALERT,TRIGGERED,2,omni_p6
1648779300.0,1786289561.5908248,1,1.16,0.1424,,0.667,0.0454,1.172,PRE_ALERT,NOMINAL,NORMAL,0,
1648780200.0,1786289561.7147963,1,1.0829,0.1397,,0.643,0.0283,0.259,NOMINAL,NOMINAL,NORMAL,0,
1648781100.0,1786289561.839607,1,1.0221,0.1341,,0.604,0.0264,0.253,NOMINAL,NOMINAL,NORMAL,0,
1648782000.0,1786289561.9649525,1,1.0802,0.136,,0.759,0.0284,0.281,NOMINAL,NOMINAL,NORMAL,0,
1648782900.0,1786289562.0903664,1,1.2332,0.1466,,0.814,0.0319,0.324,NOMINAL,NOMINAL,NORMAL,0,
1648783800.0,1786289562.2149572,1,1.1154,0.1445,,0.7,0.0297,0.286,NOMINAL,NOMINAL,TRIGGERED,1,omni_p6
1648784700.0,1786289562.3397532,1,1.0625,0.1427,,0.667,0.0292,0.267,NOMINAL,NOMINAL,NORMAL,0,
1648785600.0,1786289562.4646783,1,1.0224,0.1409,,0.622,0.0264,0.268,NOMINAL,NOMINAL,NORMAL,0,
1648786500.0,1786289562.5896206,1,1.0397,0.1327,,0.608,0.027,0.258,NOMINAL,NOMINAL,NORMAL,0,
1648787400.0,1786289562.7146642,1,1.0187,0.1333,,0.624,0.0281,0.263,NOMINAL,NOMINAL,NORMAL,0,
1648788300.0,1786289562.8395739,1,0.9942,0.1317,,0.604,0.0274,0.269,NOMINAL,NOMINAL,NORMAL,0,
1648789200.0,1786289562.9651241,1,1.111,0.1433,,0.819,0.0309,0.289,NOMINAL,NOMINAL,NORMAL,0,
1648790100.0,1786289563.0897129,1,1.0717,0.1357,,0.618,0.0298,0.268,NOMINAL,NOMINAL,NORMAL,0,
1648791000.0,1786289563.214705,1,1.0281,0.1353,,0.657,0.0271,0.271,NOMINAL,NOMINAL,NORMAL,0,
1648791900.0,1786289563.3396158,1,1.0131,0.1323,,0.63,0.027,0.258,NOMINAL,NOMINAL,NORMAL,0,
1648792800.0,1786289563.4647553,1,1.0492,0.1368,,0.643,0.0281,0.275,NOMINAL,NOMINAL,NORMAL,0,
1648793700.0,1786289563.590176,1,1.0185,0.1334,,1.158,0.0272,0.301,NOMINAL,NOMINAL,NORMAL,0,
1648794600.0,1786289563.7146447,1,1.0222,0.1331,,0.632,0.0274,0.263,NOMINAL,NOMINAL,NORMAL,0,
1648795500.0,1786289563.8395512,1,1.0275,0.1332,,0.579,0.0244,0.246,NOMINAL,NOMINAL,NORMAL,0,
1648796400.0,1786289563.9659326,1,1.2111,0.1614,,0.881,0.0324,0.722,NOMINAL,NOMINAL,NORMAL,0,
1648797300.0,1786289564.0896878,1,1.0963,0.1377,,0.599,0.0263,0.258,NOMINAL,NOMINAL,NORMAL,0,
1648798200.0,1786289564.2146373,1,1.0041,0.131,,0.664,0.0266,0.26,NOMINAL,NOMINAL,NORMAL,0,
1648799100.0,1786289564.3396952,1,1.0446,0.1388,,0.648,0.0266,0.262,NOMINAL,NOMINAL,NORMAL,0,
1648800000.0,1786289564.4646342,1,1.015,0.1386,,0.681,0.0202,0.226,NOMINAL,NOMINAL,TRIGGERED,1,omni_p6
1648800900.0,1786289564.5895112,1,0.9897,0.1312,,0.597,0.0254,0.278,NOMINAL,NOMINAL,NORMAL,0,
1648801800.0,1786289564.7146935,1,1.0286,0.1329,,0.664,0.0265,0.267,NOMINAL,NOMINAL,NORMAL,0,
1648802700.0,1786289564.8395348,1,1.0069,0.1346,,0.581,0.025,0.252,NOMINAL,NOMINAL,NORMAL,0,
1648803600.0,1786289564.964664,1,0.9561,0.1319,,0.739,0.0531,0.284,NOMINAL,NOMINAL,NORMAL,0,
1648804500.0,1786289565.090168,1,1.119,0.1412,,0.976,0.0295,0.285,NOMINAL,NOMINAL,NORMAL,0,
1648805400.0,1786289565.214736,1,1.0527,0.1397,,0.643,0.0268,0.275,NOMINAL,NOMINAL,TRIGGERED,1,omni_p6
1648806300.0,1786289565.3407354,1,1.0731,0.1395,,0.652,0.0457,1.256,NOMINAL,PRE_ALERT,TRIGGERED,2,omni_p6
1648807200.0,1786289565.4659102,1,1.1368,0.1448,,0.717,0.0454,1.182,PRE_ALERT,NOMINAL,NORMAL,0,
1648808100.0,1786289565.5895839,1,1.0655,0.1343,,0.576,0.0238,0.245,NOMINAL,NOMINAL,NORMAL,0,
1648809000.0,1786289565.7147362,1,1.0491,0.1358,,0.676,0.0274,0.265,NOMINAL,NOMINAL,NORMAL,0,
1648809900.0,1786289565.8394861,1,1.0135,0.1311,,0.529,0.0249,0.252,NOMINAL,NOMINAL,NORMAL,0,
1648810800.0,1786289565.965724,1,1.2013,0.2073,,1.093,0.0332,0.298,NOMINAL,NOMINAL,NORMAL,0,
1648811700.0,1786289566.090395,1,1.2432,0.1479,,0.813,0.0318,0.301,NOMINAL,NOMINAL,TRIGGERED,1,omni_p6
1648812600.0,1786289566.214941,1,1.1008,0.1433,,0.736,0.0308,0.285,NOMINAL,NOMINAL,NORMAL,0,
1648813500.0,1786289566.3397245,1,1.0307,0.1407,,0.665,0.0277,0.266,NOMINAL,NOMINAL,NORMAL,0,
1648814400.0,1786289566.4646354,1,1.0291,0.1385,,0.586,0.0266,0.267,NOMINAL,NOMINAL,NORMAL,0,
1648815300.0,1786289566.5895517,1,1.0179,0.1333,,0.584,0.025,0.248,NOMINAL,NOMINAL,NORMAL,0,
1648816200.0,1786289566.714718,1,1.0388,0.134,,0.644,0.0271,0.262,NOMINAL,NOMINAL,NORMAL,0,
1648817100.0,1786289566.8395433,1,0.9914,0.1368,,0.584,0.0258,0.252,NOMINAL,NOMINAL,TRIGGERED,1,omni_p6
1648818000.0,1786289566.9656374,1,0.9806,0.135,,0.629,0.0442,1.31,NOMINAL,PRE_ALERT,TRIGGERED,2,omni_p6
1648818900.0,1786289567.0914145,1,1.2458,0.1491,,0.855,0.0523,1.26,PRE_ALERT,NOMINAL,NORMAL,0,
1648819800.0,1786289567.215063,1,1.1364,0.1451,,0.746,0.0308,0.283,NOMINAL,NOMINAL,NORMAL,0,
1648820700.0,1786289567.3397307,1,1.0507,0.138,,0.658,0.0284,0.263,NOMINAL,NOMINAL,NORMAL,0,
1648821600.0,1786289567.4653914,1,1.2476,0.159,,0.703,0.0314,0.307,NOMINAL,NOMINAL,NORMAL,0,
1648822500.0,1786289567.5898323,1,1.1763,0.143,,0.568,0.0233,0.241,NOMINAL,NOMINAL,NORMAL,0,
1648823400.0,1786289567.714896,1,1.1104,0.1445,,0.662,0.0292,0.275,NOMINAL,NOMINAL,TRIGGERED,1,omni_p6
1648824300.0,1786289567.840514,1,1.0331,0.1378,,0.535,0.042,1.222,NOMINAL,PRE_ALERT,TRIGGERED,2,omni_p6
1648825200.0,1786289567.9658377,1,1.1337,0.1405,,0.678,0.0466,1.164,PRE_ALERT,NOMINAL,NORMAL,0,
1648826100.0,1786289568.0899723,1,1.1638,0.1413,,0.701,0.0283,0.283,NOMINAL,NOMINAL,NORMAL,0,
1648827000.0,1786289568.2149146,1,1.1021,0.145,,0.696,0.0283,0.282,NOMINAL,NOMINAL,NORMAL,0,
1648827900.0,1786289568.3397856,1,1.0531,0.139,,0.61,0.028,0.369,NOMINAL,NOMINAL,NORMAL,0,
1648828800.0,1786289568.4645336,1,1.0054,0.1313,,0.559,0.022,0.233,NOMINAL,NOMINAL,NORMAL,0,
1648829700.0,1786289568.5894234,1,1.0003,0.1325,,0.501,0.0231,0.227,NOMINAL,NOMINAL,NORMAL,0,
1648830600.0,1786289568.7147124,1,1.0244,0.1388,,0.643,0.0273,0.26,NOMINAL,NOMINAL,NORMAL,0,
1648831500.0,1786289568.839411,1,0.9889,0.1317,,0.496,0.0192,0.214,NOMINAL,NOMINAL,NORMAL,0,
1648832400.0,1786289568.9645865,1,0.9693,0.1306,,0.559,0.0225,0.353,NOMINAL,NOMINAL,NORMAL,0,
1648833300.0,1786289569.0899365,1,1.1449,0.1407,,0.681,0.0286,0.278,NOMINAL,NOMINAL,NORMAL,0,
1648834200.0,1786289569.2147152,1,1.0499,0.1371,,0.633,0.0276,0.259,NOMINAL,NOMINAL,NORMAL,0,
1648835100.0,1786289569.3396142,1,1.0301,0.1396,,0.583,0.0272,0.261,NOMINAL,NOMINAL,NORMAL,0,
1648836000.0,1786289569.464534,1,1.0102,0.1365,,0.54,0.024,0.25,NOMINAL,NOMINAL,NORMAL,0,
1648836900.0,1786289569.5894306,1,0.9849,0.1328,,0.521,0.0237,0.233,NOMINAL,NOMINAL,NORMAL,0,
1648837800.0,1786289569.7146432,1,0.9946,0.1338,,0.622,0.027,0.267,NOMINAL,NOMINAL,NORMAL,0,
1648838700.0,1786289569.839479,1,0.9945,0.1318,,0.52,0.0233,0.238,NOMINAL,NOMINAL,NORMAL,0,
1648839600.0,1786289569.9645772,1,0.9767,0.1334,,0.599,0.0247,0.264,NOMINAL,NOMINAL,NORMAL,0,
1648840500.0,1786289570.0895977,1,1.0259,0.1361,,0.599,0.0253,0.254,NOMINAL,NOMINAL,NORMAL,0,
1648841400.0,1786289570.2148623,1,1.0845,0.1422,,0.67,0.0274,0.275,NOMINAL,NOMINAL,NORMAL,0,
1648842300.0,1786289570.3396435,1,1.0388,0.1417,,0.594,0.0253,0.255,NOMINAL,NOMINAL,NORMAL,0,
1648843200.0,1786289570.4645264,1,0.9978,0.1351,,0.561,0.0232,0.231,NOMINAL,NOMINAL,NORMAL,0,
1648844100.0,1786289570.589358,1,0.9902,0.1301,,0.472,0.018,0.201,NOMINAL,NOMINAL,NORMAL,0,
1648845000.0,1786289570.714672,1,1.0119,0.1379,,0.618,0.0256,0.254,NOMINAL,NOMINAL,NORMAL,0,
1648845900.0,1786289570.839408,1,0.9864,0.1301,,0.499,0.0203,0.209,NOMINAL,NOMINAL,NORMAL,0,
1648846800.0,1786289570.9651525,1,1.1787,0.1863,,0.671,0.0251,0.252,NOMINAL,NOMINAL,NORMAL,0,
1648847700.0,1786289571.090317,1,1.246,0.1479,,0.74,0.0316,0.293,NOMINAL,NOMINAL,NORMAL,0,
1648848600.0,1786289571.2150369,1,1.1155,0.1461,,0.72,0.0298,0.293,NOMINAL,NOMINAL,NORMAL,0,
1648849500.0,1786289571.3397744,1,1.072,0.1438,,0.64,0.0268,0.272,NOMINAL,NOMINAL,NORMAL,0,
1648850400.0,1786289571.464614,1,1.0173,0.1383,,0.588,0.0257,0.252,NOMINAL,NOMINAL,TRIGGERED,1,omni_p6
1648851300.0,1786289571.5894027,1,0.9871,0.1334,,0.501,0.0213,0.212,NOMINAL,NOMINAL,NORMAL,0,
1648852200.0,1786289571.7147198,1,1.0421,0.1341,,0.63,0.0263,0.258,NOMINAL,NOMINAL,NORMAL,0,
1648853100.0,1786289571.8393612,1,0.9624,0.1322,,0.491,0.0194,0.209,NOMINAL,NOMINAL,NORMAL,0,
1648854000.0,1786289571.9645855,1,0.9747,0.134,,0.66,0.022,0.223,NOMINAL,NOMINAL,NORMAL,0,
1648854900.0,1786289572.0902753,1,1.2423,0.1474,,0.737,0.0315,0.289,NOMINAL,NOMINAL,NORMAL,0,
1648855800.0,1786289572.2149835,1,1.1175,0.1469,,0.696,0.0297,0.281,NOMINAL,NOMINAL,NORMAL,0,
1648856700.0,1786289572.3397455,1,1.0716,0.1419,,0.618,0.0283,0.259,NOMINAL,NOMINAL,TRIGGERED,1,omni_p6
1648857600.0,1786289572.4653618,1,1.0362,0.1326,0.6905,0.544,0.0265,0.257,NOMINAL,NOMINAL,NORMAL,0,
1648858500.0,1786289572.5898554,1,1.3251,0.134,,0.556,0.0256,0.245,NOMINAL,NOMINAL,NORMAL,0,
1648859400.0,1786289572.7148283,1,1.0459,0.1383,,0.639,0.0283,0.346,NOMINAL,NOMINAL,NORMAL,0,
1648860300.0,1786289572.8395975,1,1.0395,0.1345,,0.556,0.0246,0.238,NOMINAL,NOMINAL,NORMAL,0,
1648861200.0,1786289572.9646196,1,1.0183,0.1361,,0.607,0.0259,0.246,NOMINAL,NOMINAL,NORMAL,0,
1648862100.0,1786289573.0897284,1,1.0192,0.1343,,0.737,0.0282,0.256,NOMINAL,NOMINAL,TRIGGERED,1,omni_p6
1648863000.0,1786289573.215785,1,1.0605,0.1409,,0.68,0.046,1.217,NOMINAL,PRE_ALERT,TRIGGERED,2,omni_p6
1648863900.0,1786289573.3408463,1,1.1192,0.1432,,0.658,0.0431,1.211,PRE_ALERT,NOMINAL,NORMAL,0,
1648864800.0,1786289573.4645803,1,1.03,0.1372,,0.551,0.0227,0.238,NOMINAL,NOMINAL,NORMAL,0,
1648865700.0,1786289573.5894105,1,1.0022,0.1338,,0.497,0.0198,0.211,NOMINAL,NOMINAL,NORMAL,0,
1648866600.0,1786289573.714669,1,1.0141,0.1359,,0.624,0.0259,0.254,NOMINAL,NOMINAL,NORMAL,0,
1648867500.0,1786289573.8393269,1,0.9422,0.1297,,0.49,0.0204,0.213,NOMINAL,NOMINAL,NORMAL,0,
1648868400.0,1786289573.964548,1,1.0035,0.1371,,0.579,0.0221,0.228,NOMINAL,NOMINAL,TRIGGERED,1,omni_p6
1648869300.0,1786289574.0904858,1,1.0016,0.1345,,0.59,0.0406,1.19,NOMINAL,PRE_ALERT,TRIGGERED,2,omni_p6
1648870200.0,1786289574.2163067,1,1.2061,0.1505,,0.751,0.0469,1.285,PRE_ALERT,NOMINAL,NORMAL,0,
1648871100.0,1786289574.3398635,1,1.1163,0.1467,,0.646,0.0274,0.266,NOMINAL,NOMINAL,NORMAL,0,
1648872000.0,1786289574.4645956,1,1.0097,0.1375,,0.575,0.0253,0.275,NOMINAL,NOMINAL,NORMAL,0,
1648872900.0,1786289574.5895402,1,1.0232,0.1368,,0.566,0.024,0.24,NOMINAL,NOMINAL,NORMAL,0,
1648873800.0,1786289574.7147338,1,1.0364,0.1379,,0.635,0.0278,0.257,NOMINAL,NOMINAL,NORMAL,0,
1648874700.0,1786289574.839392,1,0.9819,0.1355,,0.498,0.0185,0.203,NOMINAL,NOMINAL,NORMAL,0,
1648875600.0,1786289574.964405,1,0.9448,0.1293,,0.561,0.0192,0.212,NOMINAL,NOMINAL,NORMAL,0,
1648876500.0,1786289575.0896668,1,1.0581,0.1339,,0.613,0.0255,0.256,NOMINAL,NOMINAL,NORMAL,0,
1648877400.0,1786289575.2147658,1,1.0216,0.1413,,0.702,0.0278,0.276,NOMINAL,NOMINAL,NORMAL,0,
1648878300.0,1786289575.3397305,1,1.061,0.1342,,0.631,0.0282,0.269,NOMINAL,NOMINAL,NORMAL,0,
1648879200.0,1786289575.4645061,1,1.0091,0.1357,,0.511,0.0247,0.253,NOMINAL,NOMINAL,NORMAL,0,
1648880100.0,1786289575.5897243,1,1.0558,0.1349,,0.651,0.0276,0.269,NOMINAL,NOMINAL,NORMAL,0,
1648881000.0,1786289575.7147033,1,1.034,0.1355,,0.627,0.0265,0.259,NOMINAL,NOMINAL,NORMAL,0,
1648881900.0,1786289575.8394928,1,0.9737,0.1333,,0.567,0.0259,0.248,NOMINAL,NOMINAL,NORMAL,0,
1648882800.0,1786289575.9652188,1,1.1655,0.1465,,0.771,0.0314,0.301,NOMINAL,NOMINAL,NORMAL,0,
1648883700.0,1786289576.090407,1,1.2521,0.1466,,0.84,0.032,0.31,NOMINAL,NOMINAL,NORMAL,0,
1648884600.0,1786289576.2149072,1,1.0788,0.1442,,0.719,0.0296,0.283,NOMINAL,NOMINAL,NORMAL,0,
1648885500.0,1786289576.3398833,1,1.0913,0.1443,,0.701,0.0284,0.273,NOMINAL,NOMINAL,NORMAL,0,
1648886400.0,1786289576.4645054,1,1.004,0.1353,,0.53,0.0251,0.252,NOMINAL,NOMINAL,NORMAL,0,
1648887300.0,1786289576.589582,1,1.0147,0.137,,0.613,0.0262,0.255,NOMINAL,NOMINAL,NORMAL,0,
1648888200.0,1786289576.7147195,1,1.0317,0.1361,,0.653,0.0284,0.264,NOMINAL,NOMINAL,NORMAL,0,
1648889100.0,1786289576.8394656,1,0.9663,0.1302,,0.565,0.0242,0.249,NOMINAL,NOMINAL,NORMAL,0,
1648890000.0,1786289576.9645522,1,0.9812,0.1319,,0.61,0.0251,0.247,NOMINAL,NOMINAL,NORMAL,0,
1648890900.0,1786289577.0903344,1,1.2205,0.1488,,0.824,0.0312,0.301,NOMINAL,NOMINAL,TRIGGERED,1,omni_p6
1648891800.0,1786289577.2148395,1,1.0748,0.1401,,0.671,0.0296,0.281,NOMINAL,NOMINAL,NORMAL,0,
1648892700.0,1786289577.3398528,1,1.0964,0.1381,,0.659,0.0291,0.281,NOMINAL,NOMINAL,NORMAL,0,
1648893600.0,1786289577.464565,1,1.0281,0.1365,,0.533,0.0257,0.256,NOMINAL,NOMINAL,NORMAL,0,
1648894500.0,1786289577.5896227,1,1.0438,0.133,,0.606,0.0236,0.255,NOMINAL,NOMINAL,NORMAL,0,
1648895400.0,1786289577.7147152,1,1.0203,0.1366,,0.654,0.0264,0.266,NOMINAL,NOMINAL,NORMAL,0,
1648896300.0,1786289577.8393135,1,0.9446,0.1322,,0.475,0.019,0.205,NOMINAL,NOMINAL,TRIGGERED,1,omni_p6
1648897200.0,1786289577.9653323,1,0.9759,0.1386,,0.478,0.0336,1.168,NOMINAL,PRE_ALERT,TRIGGERED,2,omni_p6
1648898100.0,1786289578.0908074,1,1.1492,0.142,,0.628,0.0457,1.194,PRE_ALERT,NOMINAL,NORMAL,0,
1648899000.0,1786289578.2147655,1,1.0615,0.1496,,0.63,0.0271,0.264,NOMINAL,NOMINAL,NORMAL,0,
1648899900.0,1786289578.3399358,1,1.1074,0.1424,,0.702,0.0292,0.284,NOMINAL,NOMINAL,NORMAL,0,
1648900800.0,1786289578.4648752,1,1.0663,0.1403,,0.671,0.0265,0.361,NOMINAL,NOMINAL,NORMAL,0,
1648901700.0,1786289578.5897105,1,1.0481,0.1379,,0.678,0.0265,0.26,NOMINAL,NOMINAL,NORMAL,0,
1648902600.0,1786289578.714757,1,1.0376,0.1362,,0.659,0.0282,0.261,NOMINAL,NOMINAL,TRIGGERED,1,omni_p6
1648903500.0,1786289578.840535,1,0.9861,0.1328,,0.614,0.0425,1.218,NOMINAL,PRE_ALERT,TRIGGERED,2,omni_p6
1648904400.0,1786289578.9657414,1,1.0722,0.1344,,0.661,0.0461,1.198,PRE_ALERT,NOMINAL,NORMAL,0,
1648905300.0,1786289579.089807,1,1.0831,0.1396,,0.613,0.0261,0.325,NOMINAL,NOMINAL,NORMAL,0,
1648906200.0,1786289579.2147205,1,1.0277,0.136,,0.65,0.0267,0.275,NOMINAL,NOMINAL,NORMAL,0,
1648907100.0,1786289579.3400836,1,1.1122,0.1501,,0.753,0.0306,0.352,NOMINAL,NOMINAL,NORMAL,0,
1648908000.0,1786289579.464759,1,1.052,0.1365,,0.619,0.0269,0.339,NOMINAL,NOMINAL,NORMAL,0,
1648908900.0,1786289579.5896764,1,1.0424,0.1365,,0.594,0.0276,0.305,NOMINAL,NOMINAL,TRIGGERED,1,omni_p6
1648909800.0,1786289579.716325,1,1.0402,0.1433,,0.647,0.0458,1.843,NOMINAL,PRE_ALERT,TRIGGERED,2,omni_p6
1648910700.0,1786289579.8400812,1,1.1563,0.1445,,0.697,0.0324,0.272,PRE_ALERT,PRE_ALERT,TRIGGERED,3,omni_p6
1648911600.0,1786289579.9658203,1,1.1197,0.1375,,0.699,0.0485,1.184,PRE_ALERT,NOMINAL,NORMAL,0,
1648912500.0,1786289580.0901554,1,1.1812,0.1437,,0.775,0.0308,0.268,NOMINAL,NOMINAL,NORMAL,0,
1648913400.0,1786289580.2148743,1,1.0836,0.143,,0.669,0.0281,0.293,NOMINAL,NOMINAL,TRIGGERED,1,omni_p6
1648914300.0,1786289580.3399336,1,1.0943,0.1396,,0.739,0.0292,0.268,NOMINAL,NOMINAL,NORMAL,0,
1648915200.0,1786289580.4647727,1,1.0464,0.136,,0.645,0.0259,0.346,NOMINAL,NOMINAL,TRIGGERED,1,omni_p6
1648916100.0,1786289580.5907047,1,1.0609,0.1368,,0.623,0.0444,1.277,NOMINAL,PRE_ALERT,TRIGGERED,2,omni_p6
1648917000.0,1786289580.7150242,1,1.1196,0.1464,,0.692,0.0285,0.326,PRE_ALERT,PRE_ALERT,TRIGGERED,3,omni_p6
1648917900.0,1786289580.8408234,1,1.1084,0.1392,,0.674,0.0463,1.212,PRE_ALERT,NOMINAL,NORMAL,0,
1648918800.0,1786289580.965273,1,1.1259,0.1463,,0.873,0.034,0.299,NOMINAL,NOMINAL,NORMAL,0,
1648919700.0,1786289581.0902784,1,1.179,0.1459,,0.805,0.032,0.3,NOMINAL,NOMINAL,TRIGGERED,1,omni_p6
1648920600.0,1786289581.2150004,1,1.1277,0.1462,,0.706,0.0321,0.289,NOMINAL,NOMINAL,NORMAL,0,
1648921500.0,1786289581.3397593,1,1.0676,0.1408,,0.659,0.03,0.274,NOMINAL,NOMINAL,NORMAL,0,
1648922400.0,1786289581.4646657,1,1.0754,0.1408,,0.538,0.0264,0.263,NOMINAL,NOMINAL,TRIGGERED,1,omni_p6
1648923300.0,1786289581.5896883,1,1.0709,0.1377,,0.631,0.0276,0.268,NOMINAL,NOMINAL,NORMAL,0,
1648924200.0,1786289581.7145774,1,1.0165,0.1373,,0.599,0.026,0.253,NOMINAL,NOMINAL,NORMAL,0,
1648925100.0,1786289581.8395636,1,1.0403,0.1348,,0.537,0.0238,0.237,NOMINAL,NOMINAL,NORMAL,0,
1648926000.0,1786289581.9644663,1,1.0213,0.1355,,0.501,0.021,0.207,NOMINAL,NOMINAL,NORMAL,0,
1648926900.0,1786289582.0900779,1,1.2178,0.1465,,0.616,0.0254,0.284,NOMINAL,NOMINAL,NORMAL,0,
1648927800.0,1786289582.214651,1,1.0682,0.1408,,0.56,0.025,0.243,NOMINAL,NOMINAL,NORMAL,0,
1648928700.0,1786289582.3397665,1,1.0851,0.1433,,0.616,0.0263,0.262,NOMINAL,NOMINAL,TRIGGERED,1,omni_p6
1648929600.0,1786289582.4646902,1,1.0893,0.1414,,0.559,0.0227,0.238,NOMINAL,NOMINAL,NORMAL,0,
1648930500.0,1786289582.5895407,1,1.0662,0.1373,,0.535,0.0217,0.227,NOMINAL,NOMINAL,NORMAL,0,
1648931400.0,1786289582.7145598,1,1.0218,0.1361,,0.572,0.0229,0.237,NOMINAL,NOMINAL,NORMAL,0,
1648932300.0,1786289582.8394377,1,1.0315,0.1331,,0.49,0.0173,0.189,NOMINAL,NOMINAL,NORMAL,0,
1648933200.0,1786289582.9644303,1,1.0286,0.1356,,0.497,0.017,0.183,NOMINAL,NOMINAL,NORMAL,0,
1648934100.0,1786289583.089512,1,1.0381,0.1316,,0.554,0.0217,0.236,NOMINAL,NOMINAL,NORMAL,0,
1648935000.0,1786289583.2145202,1,1.0057,0.1337,,0.561,0.0215,0.232,NOMINAL,NOMINAL,NORMAL,0,
1648935900.0,1786289583.3396008,1,1.0267,0.1378,,0.592,0.0243,0.242,NOMINAL,NOMINAL,TRIGGERED,1,omni_p6
1648936800.0,1786289583.4647343,1,1.0886,0.1464,,0.593,0.0233,0.236,NOMINAL,NOMINAL,NORMAL,0,
1648937700.0,1786289583.5897145,1,1.065,0.141,,0.661,0.026,0.255,NOMINAL,NOMINAL,NORMAL,0,
1648938600.0,1786289583.7148104,1,1.0105,0.137,,0.806,0.0252,0.276,NOMINAL,NOMINAL,NORMAL,0,
1648939500.0,1786289583.8396006,1,1.0263,0.1398,,0.59,0.0234,0.249,NOMINAL,NOMINAL,NORMAL,0,
1648940400.0,1786289583.9644675,1,0.9857,0.1359,,0.561,0.0229,0.229,NOMINAL,NOMINAL,NORMAL,0,
1648941300.0,1786289584.0895948,1,1.0283,0.1347,,0.616,0.025,0.254,NOMINAL,NOMINAL,TRIGGERED,1,omni_p6
1648942200.0,1786289584.215461,1,0.9644,0.1338,,0.604,0.0427,1.191,NOMINAL,PRE_ALERT,TRIGGERED,2,omni_p6
1648943100.0,1786289584.3408349,1,1.11,0.1422,,0.689,0.0449,1.191,PRE_ALERT,NOMINAL,NORMAL,0,
1648944000.0,1786289584.4654946,1,1.0974,0.1361,0.6621,0.567,0.0252,0.27,NOMINAL,NOMINAL,NORMAL,0,
1648944900.0,1786289584.5896537,1,1.0857,0.1365,,0.599,0.0238,0.261,NOMINAL,NOMINAL,NORMAL,0,
1648945800.0,1786289584.7148015,1,1.0458,0.1374,,0.655,0.0258,0.37,NOMINAL,NOMINAL,NORMAL,0,
1648946700.0,1786289584.8396623,1,1.0476,0.1361,,0.63,0.0276,0.256,NOMINAL,NOMINAL,NORMAL,0,
1648947600.0,1786289584.964726,1,1.0517,0.1385,,0.632,0.027,0.264,NOMINAL,NOMINAL,TRIGGERED,1,omni_p6
1648948500.0,1786289585.090624,1,1.0593,0.1332,,0.634,0.0475,1.225,NOMINAL,PRE_ALERT,TRIGGERED,2,omni_p6
1648949400.0,1786289585.2156575,1,1.0644,0.1374,,0.637,0.0433,1.153,PRE_ALERT,NOMINAL,NORMAL,0,
1648950300.0,1786289585.339827,1,1.0879,0.1372,,0.681,0.0292,0.274,NOMINAL,NOMINAL,NORMAL,0,
1648951200.0,1786289585.4646933,1,1.0872,0.1362,,0.557,0.0272,0.261,NOMINAL,NOMINAL,NORMAL,0,
1648952100.0,1786289585.5896053,1,1.0583,0.1369,,0.584,0.028,0.263,NOMINAL,NOMINAL,NORMAL,0,
1648953000.0,1786289585.7144768,1,1.0056,0.1339,,0.538,0.0234,0.231,NOMINAL,NOMINAL,NORMAL,0,
1648953900.0,1786289585.8396204,1,1.0144,0.1366,,0.626,0.0271,0.257,NOMINAL,NOMINAL,TRIGGERED,1,omni_p6
1648954800.0,1786289585.9650486,1,1.178,0.2065,,0.594,0.0239,0.233,NOMINAL,NOMINAL,NORMAL,0,
1648955700.0,1786289586.0903635,1,1.2482,0.1502,,0.799,0.0305,0.301,NOMINAL,NOMINAL,NORMAL,0,
1648956600.0,1786289586.2146323,1,1.0426,0.1389,,0.569,0.0228,0.252,NOMINAL,NOMINAL,NORMAL,0,
1648957500.0,1786289586.3398364,1,1.0546,0.1411,,0.722,0.0301,0.279,NOMINAL,NOMINAL,NORMAL,0,
1648958400.0,1786289586.4645314,1,1.0346,0.1368,,0.531,0.0225,0.235,NOMINAL,NOMINAL,NORMAL,0,
1648959300.0,1786289586.5897388,1,1.0677,0.1383,,0.661,0.0277,0.272,NOMINAL,NOMINAL,NORMAL,0,
1648960200.0,1786289586.7146196,1,1.0237,0.1343,,0.607,0.026,0.254,NOMINAL,NOMINAL,NORMAL,0,
1648961100.0,1786289586.8396647,1,1.0402,0.1346,,0.632,0.026,0.253,NOMINAL,NOMINAL,NORMAL,0,
1648962000.0,1786289586.9643831,1,0.9732,0.1334,,0.514,0.0194,0.213,NOMINAL,NOMINAL,NORMAL,0,
1648962900.0,1786289587.0904272,1,1.2467,0.1482,,0.693,0.0369,0.508,NOMINAL,NOMINAL,NORMAL,0,
1648963800.0,1786289587.2146604,1,1.0557,0.138,,0.553,0.026,0.283,NOMINAL,NOMINAL,NORMAL,0,
1648964700.0,1786289587.3397446,1,1.0475,0.1376,,0.643,0.0289,0.273,NOMINAL,NOMINAL,NORMAL,0,
1648965600.0,1786289587.4647856,1,1.0298,0.1373,,0.653,0.0282,0.364,NOMINAL,NOMINAL,NORMAL,0,
1648966500.0,1786289587.5898538,1,1.0928,0.1412,,0.716,0.028,0.259,NOMINAL,NOMINAL,NORMAL,0,
1648967400.0,1786289587.714654,1,1.0186,0.1336,,0.641,0.0298,0.25,NOMINAL,NOMINAL,NORMAL,0,
1648968300.0,1786289587.8397849,1,1.0739,0.1388,,0.664,0.029,0.259,NOMINAL,NOMINAL,NORMAL,0,
1648969200.0,1786289587.964637,1,1.0146,0.1341,,0.655,0.0252,0.242,NOMINAL,NOMINAL,NORMAL,0,
1648970100.0,1786289588.0896559,1,1.014,0.1342,,0.657,0.0266,0.272,NOMINAL,NOMINAL,NORMAL,0,
1648971000.0,1786289588.2146518,1,0.9934,0.1309,,0.653,0.0261,0.273,NOMINAL,NOMINAL,NORMAL,0,
1648971900.0,1786289588.3401701,1,1.1315,0.1463,,0.782,0.0299,0.327,NOMINAL,NOMINAL,NORMAL,0,
1648972800.0,1786289588.4647264,1,1.033,0.1386,,0.653,0.0265,0.292,NOMINAL,NOMINAL,NORMAL,0,
1648973700.0,1786289588.5897815,1,1.0795,0.1376,,0.654,0.0263,0.285,NOMINAL,NOMINAL,NORMAL,0,
1648974600.0,1786289588.7147589,1,1.0382,0.1346,,0.652,0.0267,0.3,NOMINAL,NOMINAL,NORMAL,0,
1648975500.0,1786289588.8396544,1,1.0094,0.1331,,0.648,0.0267,0.261,NOMINAL,NOMINAL,NORMAL,0,
1648976400.0,1786289588.964396,1,0.9088,0.1283,,0.606,0.0249,0.242,NOMINAL,NOMINAL,TRIGGERED,1,omni_p6
1648977300.0,1786289589.0896533,1,1.0335,0.1333,,0.648,0.0257,0.25,NOMINAL,NOMINAL,NORMAL,0,
1648978200.0,1786289589.2146015,1,0.9774,0.1315,,0.636,0.0251,0.246,NOMINAL,NOMINAL,NORMAL,0,
1648979100.0,1786289589.3396642,1,0.9948,0.1365,,0.665,0.0267,0.255,NOMINAL,NOMINAL,NORMAL,0,
1648980000.0,1786289589.4645565,1,0.9849,0.1321,,0.624,0.0259,0.245,NOMINAL,NOMINAL,NORMAL,0,
1648980900.0,1786289589.589944,1,1.11,0.1375,,0.713,0.0299,0.307,NOMINAL,NOMINAL,NORMAL,0,
1648981800.0,1786289589.7146714,1,1.0286,0.1375,,0.624,0.0273,0.254,NOMINAL,NOMINAL,TRIGGERED,1,omni_p6
1648982700.0,1786289589.8406284,1,0.9959,0.1325,,0.626,0.0446,1.268,NOMINAL,PRE_ALERT,TRIGGERED,2,omni_p6
1648983600.0,1786289589.9665332,1,1.0666,0.1355,,0.674,0.0464,2.0,PRE_ALERT,NOMINAL,NORMAL,0,
1648984500.0,1786289590.089706,1,1.0612,0.1375,,0.633,0.0304,0.256,NOMINAL,NOMINAL,NORMAL,0,
1648985400.0,1786289590.2153542,1,1.1518,0.1463,,0.815,0.0315,0.396,NOMINAL,NOMINAL,NORMAL,0,
1648986300.0,1786289590.3398468,1,1.0677,0.1417,,0.71,0.0292,0.273,NOMINAL,NOMINAL,NORMAL,0,
1648987200.0,1786289590.4646792,1,1.0118,0.1358,,0.671,0.0264,0.269,NOMINAL,NOMINAL,NORMAL,0,
1648988100.0,1786289590.5898142,1,1.0757,0.1387,,0.707,0.0285,0.272,NOMINAL,NOMINAL,TRIGGERED,1,omni_p6
1648989000.0,1786289590.7155077,1,0.9746,0.136,,0.652,0.0464,1.209,NOMINAL,PRE_ALERT,TRIGGERED,2,omni_p6
1648989900.0,1786289590.8409395,1,1.1271,0.1445,,0.695,0.0459,1.217,PRE_ALERT,NOMINAL,NORMAL,0,
1648990800.0,1786289590.9653444,1,1.1833,0.1851,,0.808,0.0338,0.302,NOMINAL,NOMINAL,NORMAL,0,
1648991700.0,1786289591.090435,1,1.211,0.1463,,0.837,0.0336,0.428,NOMINAL,NOMINAL,NORMAL,0,
1648992600.0,1786289591.2152102,1,1.2787,0.1369,,0.732,0.0296,0.281,NOMINAL,NOMINAL,NORMAL,0,
1648993500.0,1786289591.339626,1,0.9613,0.1367,,0.693,0.031,0.283,NOMINAL,NOMINAL,TRIGGERED,1,omni_p6
1648994400.0,1786289591.4655764,1,0.9917,0.1339,,0.655,0.0467,1.216,NOMINAL,PRE_ALERT,TRIGGERED,2,omni_p6
1648995300.0,1786289591.590662,1,1.0854,0.14,,0.661,0.0466,1.159,PRE_ALERT,NOMINAL,NORMAL,0,
1648996200.0,1786289591.7148552,1,1.0671,0.143,,0.712,0.0295,0.276,NOMINAL,NOMINAL,NORMAL,0,
1648997100.0,1786289591.8397577,1,1.0587,0.1426,,0.674,0.0287,0.264,NOMINAL,NOMINAL,NORMAL,0,
1648998000.0,1786289591.9645886,1,0.9929,0.1345,,0.664,0.0275,0.261,NOMINAL,NOMINAL,NORMAL,0,
1648998900.0,1786289592.0902367,1,1.192,0.1431,,0.796,0.0318,0.304,NOMINAL,NOMINAL,NORMAL,0,
1648999800.0,1786289592.214813,1,1.0677,0.1423,,0.701,0.0287,0.278,NOMINAL,NOMINAL,TRIGGERED,1,omni_p6
1649000700.0,1786289592.341857,1,1.0599,0.1403,,0.698,0.0468,2.293,NOMINAL,PRE_ALERT,TRIGGERED,2,omni_p6
1649001600.0,1786289592.4658372,1,1.068,0.1418,,0.665,0.046,1.311,PRE_ALERT,NOMINAL,NORMAL,0,
1649002500.0,1786289592.5896096,1,1.0252,0.1362,,0.617,0.027,0.253,NOMINAL,NOMINAL,NORMAL,0,
1649003400.0,1786289592.7147527,1,1.0434,0.1375,,0.671,0.0278,0.26,NOMINAL,NOMINAL,NORMAL,0,
1649004300.0,1786289592.8397684,1,1.0515,0.1371,,0.685,0.0284,0.265,NOMINAL,NOMINAL,NORMAL,0,
1649005200.0,1786289592.9645834,1,0.985,0.1349,,0.643,0.0274,0.259,NOMINAL,NOMINAL,NORMAL,0,
1649006100.0,1786289593.089555,1,1.0042,0.1307,,0.621,0.0267,0.25,NOMINAL,NOMINAL,NORMAL,0,
1649007000.0,1786289593.2146714,1,0.9656,0.1338,,0.638,0.0248,0.376,NOMINAL,NOMINAL,NORMAL,0,
1649007900.0,1786289593.3396206,1,1.0083,0.133,,0.659,0.0264,0.247,NOMINAL,NOMINAL,NORMAL,0,
1649008800.0,1786289593.4645088,1,0.996,0.137,,0.547,0.0241,0.25,NOMINAL,NOMINAL,NORMAL,0,
1649009700.0,1786289593.5895436,1,0.9928,0.132,,0.599,0.0251,0.248,NOMINAL,NOMINAL,NORMAL,0,
1649010600.0,1786289593.7147439,1,1.0501,0.1401,,0.661,0.027,0.262,NOMINAL,NOMINAL,NORMAL,0,
1649011500.0,1786289593.839719,1,1.0711,0.1381,,0.601,0.0261,0.256,NOMINAL,NOMINAL,NORMAL,0,
1649012400.0,1786289593.9645185,1,1.0371,0.1388,,0.534,0.022,0.223,NOMINAL,NOMINAL,NORMAL,0,
1649013300.0,1786289594.0895653,1,1.0258,0.1341,,0.603,0.0238,0.256,NOMINAL,NOMINAL,NORMAL,0,
1649014200.0,1786289594.214503,1,0.9672,0.1338,,0.594,0.0227,0.247,NOMINAL,NOMINAL,NORMAL,0,
1649015100.0,1786289594.3397846,1,1.026,0.1385,,0.665,0.0245,0.355,NOMINAL,NOMINAL,NORMAL,0,
1649016000.0,1786289594.464482,1,0.9848,0.1344,,0.558,0.0209,0.224,NOMINAL,NOMINAL,NORMAL,0,
1649016900.0,1786289594.589491,1,0.9914,0.1327,,0.591,0.0262,0.256,NOMINAL,NOMINAL,NORMAL,0,
1649017800.0,1786289594.7147295,1,0.9879,0.1348,,0.765,0.0266,0.259,NOMINAL,NOMINAL,NORMAL,0,
1649018700.0,1786289594.839701,1,1.0349,0.1356,,0.657,0.0275,0.266,NOMINAL,NOMINAL,NORMAL,0,
1649019600.0,1786289594.9644244,1,0.9957,0.1314,,0.527,0.0216,0.224,NOMINAL,NOMINAL,NORMAL,0,
1649020500.0,1786289595.0896103,1,1.0074,0.1323,,0.607,0.0239,0.332,NOMINAL,NOMINAL,TRIGGERED,1,omni_p6
1649021400.0,1786289595.2144818,1,0.9684,0.1285,,0.577,0.0238,0.251,NOMINAL,NOMINAL,NORMAL,0,
1649022300.0,1786289595.3397634,1,1.0348,0.1384,,0.669,0.0265,0.298,NOMINAL,NOMINAL,NORMAL,0,
1649023200.0,1786289595.4645197,1,1.0095,0.1341,,0.556,0.0245,0.251,NOMINAL,NOMINAL,NORMAL,0,
1649024100.0,1786289595.5895066,1,1.0035,0.1329,,0.585,0.0241,0.253,NOMINAL,NOMINAL,NORMAL,0,
1649025000.0,1786289595.7146864,1,1.022,0.1348,,0.666,0.0261,0.265,NOMINAL,NOMINAL,NORMAL,0,
1649025900.0,1786289595.8397,1,1.0494,0.1333,,0.651,0.0273,0.261,NOMINAL,NOMINAL,NORMAL,0,
1649026800.0,1786289595.9651062,1,1.1771,0.181,,0.649,0.0257,0.259,NOMINAL,NOMINAL,TRIGGERED,1,omni_p6
1649027700.0,1786289596.091269,1,1.2187,0.1464,,0.818,0.052,1.257,NOMINAL,PRE_ALERT,TRIGGERED,2,omni_p6
1649028600.0,1786289596.2159686,1,1.1032,0.1422,,0.823,0.0473,1.193,PRE_ALERT,NOMINAL,NORMAL,0,
1649029500.0,1786289596.3398538,1,1.0854,0.1389,,0.708,0.0302,0.27,NOMINAL,NOMINAL,NORMAL,0,
1649030400.0,1786289596.4652262,1,1.0167,0.1367,0.6661,0.511,0.0277,0.278,NOMINAL,NOMINAL,NORMAL,0,
