phys_ts,ap_pub_wall_ts,n_channels,resample_ms,z_eval_ms,bg_update_ms,dds_transport_ms,fsm_eval_ms,node_latency_ms,from_state,ap_state,rpn_result,counter,trigger_channels
1641772800.0,1787428708.8147612,1,1.2438,0.0537,0.0322,0.756,0.0339,0.309,NOMINAL,NOMINAL,STALE,0,
1641773700.0,1787428708.9386353,1,0.9493,0.0535,,0.574,0.0244,0.262,NOMINAL,NOMINAL,STALE,0,
1641774600.0,1787428709.0636973,1,0.9872,0.0524,,0.581,0.0244,0.227,NOMINAL,NOMINAL,STALE,0,
1641775500.0,1787428709.1884556,1,0.9027,0.0537,,0.511,0.0224,0.205,NOMINAL,NOMINAL,STALE,0,
1641776400.0,1787428709.3135788,1,0.9148,0.0541,,0.575,0.0228,0.218,NOMINAL,NOMINAL,STALE,0,
1641777300.0,1787428709.4397135,1,1.2461,0.0605,,0.87,0.0322,0.295,NOMINAL,NOMINAL,STALE,0,
1641778200.0,1787428709.5635624,1,0.9459,0.0518,,0.541,0.0221,0.225,NOMINAL,NOMINAL,STALE,0,
1641779100.0,1787428709.688811,1,1.0128,0.0537,,0.624,0.0243,0.244,NOMINAL,NOMINAL,STALE,0,
1641780000.0,1787428709.8135564,1,0.9473,0.0536,,0.546,0.0228,0.239,NOMINAL,NOMINAL,STALE,0,
1641780900.0,1787428709.9384012,1,0.9016,0.0528,,0.506,0.0198,0.2,NOMINAL,NOMINAL,STALE,0,
1641781800.0,1787428710.0635352,1,0.8965,0.0528,,0.556,0.0209,0.212,NOMINAL,NOMINAL,STALE,0,
1641782700.0,1787428710.1885154,1,0.8973,0.0515,,0.533,0.0224,0.214,NOMINAL,NOMINAL,STALE,0,
1641783600.0,1787428710.3134596,1,0.8532,0.0507,,0.55,0.0205,0.231,NOMINAL,NOMINAL,STALE,0,
1641784500.0,1787428710.439373,1,1.2202,0.0569,,0.703,0.028,0.258,NOMINAL,NOMINAL,STALE,0,
1641785400.0,1787428710.5637302,1,1.0052,0.0527,,0.57,0.0262,0.232,NOMINAL,NOMINAL,STALE,0,
1641786300.0,1787428710.688487,1,0.887,0.0536,,0.553,0.0231,0.214,NOMINAL,NOMINAL,STALE,0,
1641787200.0,1787428710.8133545,1,0.8404,0.0509,,0.52,0.0199,0.205,NOMINAL,NOMINAL,STALE,0,
1641788100.0,1787428710.9383047,1,0.8347,0.0514,,0.497,0.0194,0.197,NOMINAL,NOMINAL,STALE,0,
1641789000.0,1787428711.063339,1,0.817,0.0506,,0.516,0.0195,0.199,NOMINAL,NOMINAL,STALE,0,
1641789900.0,1787428711.1885054,1,0.8846,0.0529,,0.539,0.0213,0.209,NOMINAL,NOMINAL,STALE,0,
1641790800.0,1787428711.3134284,1,0.8367,0.0512,,0.569,0.0214,0.206,NOMINAL,NOMINAL,STALE,0,
1641791700.0,1787428711.4384336,1,0.8647,0.0489,,0.513,0.0209,0.23,NOMINAL,NOMINAL,STALE,0,
1641792600.0,1787428711.563408,1,0.8493,0.0496,,0.536,0.0199,0.209,NOMINAL,NOMINAL,STALE,0,
1641793500.0,1787428711.6887496,1,0.9416,0.0532,,0.675,0.026,0.239,NOMINAL,NOMINAL,STALE,0,
1641794400.0,1787428711.8134928,1,0.9132,0.0516,,0.528,0.0223,0.217,NOMINAL,NOMINAL,STALE,0,
1641795300.0,1787428711.938762,1,1.0713,0.0554,,0.541,0.0214,0.221,NOMINAL,NOMINAL,STALE,0,
1641796200.0,1787428712.0635438,1,0.9404,0.0553,,0.522,0.0205,0.208,NOMINAL,NOMINAL,STALE,0,
1641797100.0,1787428712.1887815,1,0.9809,0.0549,,0.609,0.0242,0.228,NOMINAL,NOMINAL,STALE,0,
1641798000.0,1787428712.3135102,1,0.8949,0.0529,,0.538,0.0212,0.212,NOMINAL,NOMINAL,STALE,0,
1641798900.0,1787428712.43854,1,0.9197,0.0537,,0.546,0.0208,0.208,NOMINAL,NOMINAL,STALE,0,
1641799800.0,1787428712.5633533,1,0.7968,0.0491,,0.533,0.0183,0.231,NOMINAL,NOMINAL,STALE,0,
1641800700.0,1787428712.6882489,1,0.7633,0.0489,,0.525,0.0203,0.203,NOMINAL,NOMINAL,STALE,0,
1641801600.0,1787428712.813209,1,0.7557,0.0489,,0.478,0.0185,0.226,NOMINAL,NOMINAL,STALE,0,
1641802500.0,1787428712.9381816,1,0.7487,0.0494,,0.475,0.0181,0.194,NOMINAL,NOMINAL,STALE,0,
1641803400.0,1787428713.0633066,1,0.8025,0.0492,,0.493,0.0184,0.198,NOMINAL,NOMINAL,STALE,0,
1641804300.0,1787428713.1884968,1,0.874,0.0511,,0.532,0.0203,0.213,NOMINAL,NOMINAL,STALE,0,
1641805200.0,1787428713.3133566,1,0.781,0.0508,,0.561,0.0196,0.206,NOMINAL,NOMINAL,STALE,0,
1641806100.0,1787428713.4382372,1,0.787,0.0508,,0.49,0.0179,0.192,NOMINAL,NOMINAL,STALE,0,
1641807000.0,1787428713.5632555,1,0.8022,0.0481,,0.469,0.0172,0.184,NOMINAL,NOMINAL,STALE,0,
1641807900.0,1787428713.6883035,1,0.8025,0.0516,,0.497,0.0167,0.211,NOMINAL,NOMINAL,STALE,0,
1641808800.0,1787428713.8132424,1,0.7949,0.051,,0.462,0.0162,0.206,NOMINAL,NOMINAL,STALE,0,
1641809700.0,1787428713.9382532,1,0.8162,0.0501,,0.466,0.0169,0.185,NOMINAL,NOMINAL,STALE,0,
1641810600.0,1787428714.0633328,1,0.8085,0.0513,,0.521,0.0186,0.198,NOMINAL,NOMINAL,STALE,0,
1641811500.0,1787428714.1884165,1,0.8904,0.0519,,0.479,0.0165,0.185,NOMINAL,NOMINAL,STALE,0,
1641812400.0,1787428714.3134022,1,0.8401,0.0499,,0.541,0.0189,0.199,NOMINAL,NOMINAL,STALE,0,
1641813300.0,1787428714.4397392,1,1.2544,0.0589,,0.882,0.0342,0.295,NOMINAL,NOMINAL,STALE,0,
1641814200.0,1787428714.563883,1,1.0576,0.0545,,0.643,0.0252,0.242,NOMINAL,NOMINAL,STALE,0,
1641815100.0,1787428714.6888676,1,1.0167,0.056,,0.669,0.0269,0.239,NOMINAL,NOMINAL,STALE,0,
1641816000.0,1787428714.8136833,1,0.988,0.0548,,0.557,0.0239,0.268,NOMINAL,NOMINAL,STALE,0,
1641816900.0,1787428714.9384198,1,0.8847,0.0498,,0.535,0.0222,0.209,NOMINAL,NOMINAL,STALE,0,
1641817800.0,1787428715.0641017,1,1.0749,0.0563,,0.722,0.0299,0.26,NOMINAL,NOMINAL,STALE,0,
1641818700.0,1787428715.1888154,1,0.9963,0.055,,0.643,0.0271,0.244,NOMINAL,NOMINAL,STALE,0,
1641819600.0,1787428715.3140986,1,1.1183,0.0853,,0.692,0.0292,0.256,NOMINAL,NOMINAL,STALE,0,
1641820500.0,1787428715.439352,1,1.1857,0.0554,,0.782,0.0297,0.279,NOMINAL,NOMINAL,STALE,0,
1641821400.0,1787428715.5637689,1,1.0306,0.054,,0.618,0.0265,0.243,NOMINAL,NOMINAL,STALE,0,
1641822300.0,1787428715.6884825,1,0.8954,0.0528,,0.573,0.0221,0.218,NOMINAL,NOMINAL,STALE,0,
1641823200.0,1787428715.813379,1,0.8768,0.0524,,0.539,0.0218,0.212,NOMINAL,NOMINAL,STALE,0,
1641824100.0,1787428715.9383342,1,0.8512,0.0513,,0.529,0.0206,0.205,NOMINAL,NOMINAL,STALE,0,
1641825000.0,1787428716.0634806,1,0.8682,0.0512,,0.569,0.0214,0.213,NOMINAL,NOMINAL,STALE,0,
1641825900.0,1787428716.1883173,1,0.8147,0.0506,,0.546,0.0213,0.207,NOMINAL,NOMINAL,STALE,0,
1641826800.0,1787428716.313741,1,0.9348,0.0526,,0.656,0.024,0.228,NOMINAL,NOMINAL,STALE,0,
1641827700.0,1787428716.4384146,1,0.8659,0.0485,,0.572,0.022,0.209,NOMINAL,NOMINAL,STALE,0,
1641828600.0,1787428716.5633976,1,0.8463,0.0506,,0.557,0.0203,0.211,NOMINAL,NOMINAL,STALE,0,
1641829500.0,1787428716.6885118,1,0.8194,0.0493,,0.704,0.0217,0.24,NOMINAL,NOMINAL,STALE,0,
1641830400.0,1787428716.8133192,1,0.8265,0.0485,,0.526,0.02,0.208,NOMINAL,NOMINAL,STALE,0,
1641831300.0,1787428716.9383616,1,0.8458,0.0515,,0.533,0.0209,0.208,NOMINAL,NOMINAL,STALE,0,
1641832200.0,1787428717.0634263,1,0.8448,0.0528,,0.574,0.0213,0.204,NOMINAL,NOMINAL,STALE,0,
1641833100.0,1787428717.1883433,1,0.8223,0.0507,,0.542,0.0218,0.206,NOMINAL,NOMINAL,STALE,0,
1641834000.0,1787428717.313706,1,0.9347,0.0547,,0.632,0.0245,0.227,NOMINAL,NOMINAL,STALE,0,
1641834900.0,1787428717.4387,1,0.9881,0.0529,,0.572,0.0253,0.229,NOMINAL,NOMINAL,STALE,0,
1641835800.0,1787428717.5634897,1,0.8938,0.0503,,0.566,0.0231,0.218,NOMINAL,NOMINAL,STALE,0,
1641836700.0,1787428717.6885273,1,0.8122,0.05,,0.559,0.0235,0.4,NOMINAL,NOMINAL,STALE,0,
1641837600.0,1787428717.8133688,1,0.888,0.0507,,0.471,0.0207,0.209,NOMINAL,NOMINAL,STALE,0,
1641838500.0,1787428717.9385042,1,0.8868,0.0527,,0.582,0.023,0.21,NOMINAL,NOMINAL,STALE,0,
1641839400.0,1787428718.063377,1,0.836,0.0514,,0.53,0.0213,0.208,NOMINAL,NOMINAL,STALE,0,
1641840300.0,1787428718.188419,1,0.8346,0.0539,,0.562,0.0221,0.209,NOMINAL,NOMINAL,STALE,0,
1641841200.0,1787428718.313809,1,0.9871,0.0562,,0.629,0.0247,0.237,NOMINAL,NOMINAL,STALE,0,
1641842100.0,1787428718.4386952,1,0.9956,0.0538,,0.614,0.0238,0.227,NOMINAL,NOMINAL,STALE,0,
1641843000.0,1787428718.5635514,1,0.8748,0.051,,0.585,0.0219,0.221,NOMINAL,NOMINAL,STALE,0,
1641843900.0,1787428718.6883743,1,0.7737,0.0506,,0.633,0.0227,0.224,NOMINAL,NOMINAL,STALE,0,
1641844800.0,1787428718.8133028,1,0.8024,0.0493,,0.54,0.0206,0.213,NOMINAL,NOMINAL,STALE,0,
1641845700.0,1787428718.9382641,1,0.7732,0.0497,,0.541,0.0213,0.212,NOMINAL,NOMINAL,STALE,0,
1641846600.0,1787428719.063478,1,0.8274,0.0514,,0.582,0.0204,0.241,NOMINAL,NOMINAL,STALE,0,
1641847500.0,1787428719.1882198,1,0.7382,0.0487,,0.552,0.0205,0.211,NOMINAL,NOMINAL,STALE,0,
1641848400.0,1787428719.3136094,1,0.8628,0.0513,,0.64,0.0229,0.225,NOMINAL,NOMINAL,STALE,0,
1641849300.0,1787428719.4395971,1,1.2327,0.0596,,0.772,0.0294,0.274,NOMINAL,NOMINAL,STALE,0,
1641850200.0,1787428719.5638099,1,1.0167,0.0539,,0.682,0.0251,0.227,NOMINAL,NOMINAL,STALE,0,
1641851100.0,1787428719.6889114,1,0.9998,0.0542,,0.73,0.0263,0.232,NOMINAL,NOMINAL,STALE,0,
1641852000.0,1787428719.8133824,1,0.8425,0.0502,,0.574,0.0209,0.216,NOMINAL,NOMINAL,STALE,0,
1641852900.0,1787428719.9382732,1,0.7913,0.0496,,0.538,0.021,0.209,NOMINAL,NOMINAL,STALE,0,
1641853800.0,1787428720.0633292,1,0.8021,0.0508,,0.566,0.0205,0.211,NOMINAL,NOMINAL,STALE,0,
1641854700.0,1787428720.188209,1,0.752,0.0477,,0.543,0.02,0.207,NOMINAL,NOMINAL,STALE,0,
1641855600.0,1787428720.313687,1,0.9607,0.0529,,0.621,0.0218,0.227,NOMINAL,NOMINAL,STALE,0,
1641856500.0,1787428720.4393654,1,1.232,0.058,,0.711,0.0292,0.27,NOMINAL,NOMINAL,STALE,0,
1641857400.0,1787428720.5635602,1,0.9525,0.0549,,0.564,0.0227,0.22,NOMINAL,NOMINAL,STALE,0,
1641858300.0,1787428720.6884513,1,0.8529,0.0505,,0.582,0.023,0.232,NOMINAL,NOMINAL,STALE,0,
1641859200.0,1787428720.8151374,1,0.8951,0.1608,0.584,0.608,0.0236,0.227,NOMINAL,NOMINAL,NORMAL,0,
1641860100.0,1787428720.9385614,1,0.9181,0.132,,0.554,0.0239,0.223,NOMINAL,NOMINAL,NORMAL,0,
1641861000.0,1787428721.0633953,1,0.8211,0.1258,,0.534,0.0221,0.211,NOMINAL,NOMINAL,NORMAL,0,
1641861900.0,1787428721.1885557,1,0.8718,0.1236,,0.574,0.0221,0.215,NOMINAL,NOMINAL,NORMAL,0,
1641862800.0,1787428721.3135633,1,0.8801,0.1255,,0.559,0.0214,0.233,NOMINAL,NOMINAL,TRIGGERED,1,omni_p6
1641863700.0,1787428721.4388041,1,0.9861,0.1324,,0.611,0.024,0.227,NOMINAL,NOMINAL,TRIGGERED,2,omni_p6
1641864600.0,1787428721.563485,1,0.8417,0.1225,,0.569,0.0219,0.216,NOMINAL,NOMINAL,NORMAL,0,
1641865500.0,1787428721.6884162,1,0.8059,0.1193,,0.582,0.0226,0.217,NOMINAL,NOMINAL,NORMAL,0,
1641866400.0,1787428721.8134506,1,0.8489,0.1181,,0.556,0.0211,0.219,NOMINAL,NOMINAL,NORMAL,0,
1641867300.0,1787428721.9384675,1,0.8735,0.1215,,0.546,0.0212,0.207,NOMINAL,NOMINAL,NORMAL,0,
1641868200.0,1787428722.06357,1,0.896,0.1246,,0.557,0.0212,0.214,NOMINAL,NOMINAL,TRIGGERED,1,omni_p6
1641869100.0,1787428722.1884284,1,0.8469,0.1212,,0.544,0.0213,0.209,NOMINAL,NOMINAL,TRIGGERED,2,omni_p6
1641870000.0,1787428722.313473,1,0.8395,0.1191,,0.562,0.0199,0.236,NOMINAL,NOMINAL,NORMAL,0,
1641870900.0,1787428722.4389272,1,1.058,0.1365,,0.608,0.0228,0.226,NOMINAL,NOMINAL,NORMAL,0,
1641871800.0,1787428722.5635753,1,0.9215,0.1251,,0.569,0.0219,0.213,NOMINAL,NOMINAL,NORMAL,0,
1641872700.0,1787428722.6886263,1,0.8994,0.1249,,0.621,0.023,0.224,NOMINAL,NOMINAL,NORMAL,0,
1641873600.0,1787428722.813493,1,0.8703,0.1218,,0.571,0.0218,0.219,NOMINAL,NOMINAL,NORMAL,0,
1641874500.0,1787428722.9384372,1,0.8469,0.1205,,0.544,0.0213,0.21,NOMINAL,NOMINAL,NORMAL,0,
1641875400.0,1787428723.0634422,1,0.8343,0.1235,,0.549,0.0208,0.207,NOMINAL,NOMINAL,TRIGGERED,1,omni_p6
1641876300.0,1787428723.1883423,1,0.7963,0.1178,,0.519,0.0202,0.206,NOMINAL,NOMINAL,NORMAL,0,
1641877200.0,1787428723.3134656,1,0.8407,0.1231,,0.568,0.0219,0.21,NOMINAL,NOMINAL,NORMAL,0,
1641878100.0,1787428723.4387276,1,0.9933,0.1288,,0.554,0.0232,0.231,NOMINAL,NOMINAL,NORMAL,0,
1641879000.0,1787428723.5634427,1,0.8386,0.1173,,0.569,0.0241,0.221,NOMINAL,NOMINAL,NORMAL,0,
1641879900.0,1787428723.6883998,1,0.8169,0.1207,,0.558,0.0223,0.213,NOMINAL,NOMINAL,NORMAL,0,
1641880800.0,1787428723.8135102,1,0.8852,0.1236,,0.535,0.0215,0.222,NOMINAL,NOMINAL,NORMAL,0,
1641881700.0,1787428723.9383078,1,0.8147,0.1171,,0.513,0.02,0.201,NOMINAL,NOMINAL,NORMAL,0,
1641882600.0,1787428724.0634625,1,0.8564,0.1228,,0.533,0.0208,0.208,NOMINAL,NOMINAL,NORMAL,0,
1641883500.0,1787428724.1884818,1,0.8555,0.1221,,0.546,0.0214,0.21,NOMINAL,NOMINAL,NORMAL,0,
1641884400.0,1787428724.3135457,1,0.8839,0.125,,0.551,0.0199,0.213,NOMINAL,NOMINAL,NORMAL,0,
1641885300.0,1787428724.439512,1,1.3111,0.1542,,0.616,0.0251,0.233,NOMINAL,NOMINAL,NORMAL,0,
1641886200.0,1787428724.563553,1,0.9242,0.1314,,0.543,0.0207,0.211,NOMINAL,NOMINAL,NORMAL,0,
1641887100.0,1787428724.6890025,1,1.0413,0.1345,,0.661,0.0252,0.275,NOMINAL,NOMINAL,NORMAL,0,
1641888000.0,1787428724.8136692,1,0.9721,0.1381,,0.554,0.0226,0.224,NOMINAL,NOMINAL,TRIGGERED,1,omni_p6
1641888900.0,1787428724.9384272,1,0.8824,0.1241,,0.51,0.0206,0.208,NOMINAL,NOMINAL,NORMAL,0,
1641889800.0,1787428725.0635736,1,0.897,0.1239,,0.541,0.0204,0.232,NOMINAL,NOMINAL,NORMAL,0,
1641890700.0,1787428725.188475,1,0.8361,0.1232,,0.551,0.0228,0.217,NOMINAL,NOMINAL,TRIGGERED,1,omni_p6
1641891600.0,1787428725.313478,1,0.8523,0.1238,,0.571,0.0207,0.211,NOMINAL,NOMINAL,TRIGGERED,2,omni_p6
1641892500.0,1787428725.439602,1,1.327,0.1529,,0.713,0.0311,0.266,NOMINAL,NOMINAL,NORMAL,0,
1641893400.0,1787428725.5636072,1,0.9302,0.1306,,0.566,0.0233,0.221,NOMINAL,NOMINAL,NORMAL,0,
1641894300.0,1787428725.6884563,1,0.8269,0.1269,,0.562,0.0243,0.216,NOMINAL,NOMINAL,NORMAL,0,
1641895200.0,1787428725.8133748,1,0.8167,0.1207,,0.531,0.0224,0.221,NOMINAL,NOMINAL,NORMAL,0,
1641896100.0,1787428725.9384162,1,0.8249,0.1187,,0.54,0.0216,0.209,NOMINAL,NOMINAL,NORMAL,0,
1641897000.0,1787428726.0635862,1,0.9003,0.1312,,0.573,0.0225,0.214,NOMINAL,NOMINAL,TRIGGERED,1,omni_p6
1641897900.0,1787428726.1883342,1,0.7968,0.12,,0.521,0.0212,0.206,NOMINAL,NOMINAL,NORMAL,0,
1641898800.0,1787428726.31347,1,0.8408,0.1221,,0.563,0.0213,0.21,NOMINAL,NOMINAL,NORMAL,0,
1641899700.0,1787428726.4385042,1,0.8878,0.1238,,0.525,0.0223,0.214,NOMINAL,NOMINAL,NORMAL,0,
1641900600.0,1787428726.5636923,1,0.9337,0.1243,,0.576,0.0231,0.221,NOMINAL,NOMINAL,NORMAL,0,
1641901500.0,1787428726.6884916,1,0.8473,0.1206,,0.573,0.0225,0.22,NOMINAL,NOMINAL,NORMAL,0,
1641902400.0,1787428726.8134458,1,0.8989,0.1252,,0.458,0.0203,0.212,NOMINAL,NOMINAL,TRIGGERED,1,omni_p6
1641903300.0,1787428726.9384084,1,0.8337,0.1207,,0.542,0.0227,0.211,NOMINAL,NOMINAL,TRIGGERED,2,omni_p6
1641904200.0,1787428727.0634606,1,0.8615,0.1213,,0.531,0.0217,0.21,NOMINAL,NOMINAL,NORMAL,0,
1641905100.0,1787428727.1884878,1,0.8534,0.1261,,0.545,0.0234,0.21,NOMINAL,NOMINAL,NORMAL,0,
1641906000.0,1787428727.313625,1,0.8917,0.1236,,0.579,0.0229,0.249,NOMINAL,NOMINAL,NORMAL,0,
1641906900.0,1787428727.4386988,1,0.9269,0.1247,,0.602,0.0224,0.224,NOMINAL,NOMINAL,NORMAL,0,
1641907800.0,1787428727.56375,1,0.9372,0.1285,,0.61,0.0242,0.232,NOMINAL,NOMINAL,NORMAL,0,
1641908700.0,1787428727.6884599,1,0.8372,0.1198,,0.579,0.0245,0.219,NOMINAL,NOMINAL,TRIGGERED,1,omni_p6
1641909600.0,1787428727.813306,1,0.7871,0.1185,,0.517,0.0214,0.218,NOMINAL,NOMINAL,TRIGGERED,2,omni_p6
1641910500.0,1787428727.9386125,1,0.8783,0.1217,,0.585,0.0228,0.221,NOMINAL,NOMINAL,NORMAL,0,
1641911400.0,1787428728.0635076,1,0.8893,0.1246,,0.535,0.0218,0.209,NOMINAL,NOMINAL,NORMAL,0,
1641912300.0,1787428728.1883736,1,0.7929,0.1157,,0.569,0.0215,0.214,NOMINAL,NOMINAL,NORMAL,0,
1641913200.0,1787428728.313465,1,0.8215,0.1187,,0.571,0.0204,0.212,NOMINAL,NOMINAL,NORMAL,0,
1641914100.0,1787428728.4383612,1,0.8053,0.1187,,0.53,0.0214,0.208,NOMINAL,NOMINAL,NORMAL,0,
1641915000.0,1787428728.5636904,1,0.9417,0.1275,,0.585,0.0229,0.223,NOMINAL,NOMINAL,TRIGGERED,1,omni_p6
1641915900.0,1787428728.688495,1,0.8442,0.1242,,0.586,0.0246,0.218,NOMINAL,NOMINAL,NORMAL,0,
1641916800.0,1787428728.8133426,1,0.806,0.1225,,0.527,0.0224,0.219,NOMINAL,NOMINAL,NORMAL,0,
1641917700.0,1787428728.9383411,1,0.8006,0.1204,,0.533,0.0225,0.212,NOMINAL,NOMINAL,NORMAL,0,
1641918600.0,1787428729.0634222,1,0.8316,0.1199,,0.559,0.0217,0.21,NOMINAL,NOMINAL,NORMAL,0,
1641919500.0,1787428729.188306,1,0.7767,0.1157,,0.54,0.0218,0.206,NOMINAL,NOMINAL,NORMAL,0,
1641920400.0,1787428729.3134174,1,0.7923,0.1184,,0.584,0.0221,0.216,NOMINAL,NOMINAL,NORMAL,0,
1641921300.0,1787428729.4396856,1,1.275,0.1496,,0.73,0.0312,0.298,NOMINAL,NOMINAL,NORMAL,0,
1641922200.0,1787428729.5640407,1,1.1174,0.1371,,0.639,0.0257,0.247,NOMINAL,NOMINAL,NORMAL,0,
1641923100.0,1787428729.6886237,1,0.9341,0.1261,,0.597,0.0249,0.229,NOMINAL,NOMINAL,NORMAL,0,
1641924000.0,1787428729.8138397,1,1.0234,0.1346,,0.578,0.0255,0.253,NOMINAL,NOMINAL,NORMAL,0,
1641924900.0,1787428729.9385104,1,0.9165,0.1266,,0.538,0.0219,0.211,NOMINAL,NOMINAL,NORMAL,0,
1641925800.0,1787428730.0634391,1,0.8566,0.1226,,0.534,0.0217,0.21,NOMINAL,NOMINAL,NORMAL,0,
1641926700.0,1787428730.188453,1,0.8476,0.1323,,0.543,0.0222,0.208,NOMINAL,NOMINAL,NORMAL,0,
1641927600.0,1787428730.3134968,1,0.866,0.1212,,0.554,0.0195,0.212,NOMINAL,NOMINAL,NORMAL,0,
1641928500.0,1787428730.439487,1,1.2572,0.1488,,0.722,0.0284,0.268,NOMINAL,NOMINAL,NORMAL,0,
1641929400.0,1787428730.564052,1,1.117,0.1401,,0.652,0.0253,0.247,NOMINAL,NOMINAL,NORMAL,0,
1641930300.0,1787428730.6886249,1,0.9128,0.128,,0.619,0.0251,0.229,NOMINAL,NOMINAL,NORMAL,0,
1641931200.0,1787428730.813466,1,0.8703,0.1209,,0.548,0.0219,0.221,NOMINAL,NOMINAL,NORMAL,0,
1641932100.0,1787428730.9383662,1,0.816,0.1183,,0.536,0.0237,0.213,NOMINAL,NOMINAL,NORMAL,0,
1641933000.0,1787428731.0635374,1,0.8798,0.1228,,0.547,0.0217,0.221,NOMINAL,NOMINAL,NORMAL,0,
1641933900.0,1787428731.1884646,1,0.8265,0.1242,,0.546,0.0217,0.218,NOMINAL,NOMINAL,NORMAL,0,
1641934800.0,1787428731.3134177,1,0.7977,0.1212,,0.578,0.0219,0.211,NOMINAL,NOMINAL,NORMAL,0,
1641935700.0,1787428731.4383628,1,0.8107,0.1206,,0.54,0.0211,0.208,NOMINAL,NOMINAL,TRIGGERED,1,omni_p6
1641936600.0,1787428731.56335,1,0.8046,0.1236,,0.521,0.021,0.204,NOMINAL,NOMINAL,NORMAL,0,
1641937500.0,1787428731.6888347,1,0.9746,0.1313,,0.618,0.0237,0.254,NOMINAL,NOMINAL,NORMAL,0,
1641938400.0,1787428731.8134003,1,0.836,0.1241,,0.544,0.0221,0.215,NOMINAL,NOMINAL,NORMAL,0,
1641939300.0,1787428731.9383583,1,0.8138,0.1193,,0.532,0.0216,0.212,NOMINAL,NOMINAL,NORMAL,0,
1641940200.0,1787428732.0632982,1,0.768,0.117,,0.533,0.0213,0.209,NOMINAL,NOMINAL,NORMAL,0,
1641941100.0,1787428732.1884086,1,0.8049,0.1205,,0.555,0.0213,0.208,NOMINAL,NOMINAL,NORMAL,0,
1641942000.0,1787428732.3133829,1,0.7908,0.1204,,0.568,0.0217,0.21,NOMINAL,NOMINAL,TRIGGERED,1,omni_p6
1641942900.0,1787428732.4386985,1,0.9585,0.1261,,0.571,0.0227,0.225,NOMINAL,NOMINAL,NORMAL,0,
1641943800.0,1787428732.5634649,1,0.8257,0.1233,,0.607,0.0222,0.216,NOMINAL,NOMINAL,NORMAL,0,
1641944700.0,1787428732.6888099,1,0.9634,0.1294,,0.644,0.0255,0.235,NOMINAL,NOMINAL,NORMAL,0,
1641945600.0,1787428732.8141391,1,0.9041,0.1179,0.5465,0.535,0.0234,0.231,NOMINAL,NOMINAL,NORMAL,0,
1641946500.0,1787428732.9384036,1,0.8323,0.116,,0.559,0.0211,0.216,NOMINAL,NOMINAL,NORMAL,0,
1641947400.0,1787428733.063325,1,0.7712,0.1193,,0.539,0.0208,0.212,NOMINAL,NOMINAL,TRIGGERED,1,omni_p6
1641948300.0,1787428733.188426,1,0.8107,0.1218,,0.563,0.0224,0.212,NOMINAL,NOMINAL,TRIGGERED,2,omni_p6
1641949200.0,1787428733.313487,1,0.8228,0.1199,,0.582,0.0215,0.215,NOMINAL,NOMINAL,NORMAL,0,
1641950100.0,1787428733.4383283,1,0.7775,0.1129,,0.558,0.0211,0.213,NOMINAL,NOMINAL,NORMAL,0,
1641951000.0,1787428733.563244,1,0.7329,0.1117,,0.54,0.0202,0.207,NOMINAL,NOMINAL,NORMAL,0,
1641951900.0,1787428733.688831,1,0.9562,0.1267,,0.65,0.0238,0.233,NOMINAL,NOMINAL,NORMAL,0,
1641952800.0,1787428733.8134065,1,0.8327,0.121,,0.54,0.02,0.222,NOMINAL,NOMINAL,NORMAL,0,
1641953700.0,1787428733.9383123,1,0.7839,0.1151,,0.534,0.0213,0.217,NOMINAL,NOMINAL,TRIGGERED,1,omni_p6
1641954600.0,1787428734.0635173,1,0.8202,0.1229,,0.572,0.0207,0.239,NOMINAL,NOMINAL,TRIGGERED,2,omni_p6
1641955500.0,1787428734.1882653,1,0.7337,0.1142,,0.553,0.0225,0.215,NOMINAL,NOMINAL,NORMAL,0,
1641956400.0,1787428734.3134,1,0.7538,0.1139,,0.593,0.0224,0.217,NOMINAL,NOMINAL,NORMAL,0,
1641957300.0,1787428734.4395936,1,1.2343,0.1488,,0.746,0.0292,0.268,NOMINAL,NOMINAL,NORMAL,0,
1641958200.0,1787428734.563717,1,0.992,0.1302,,0.594,0.0243,0.225,NOMINAL,NOMINAL,NORMAL,0,
1641959100.0,1787428734.6888661,1,0.9789,0.1281,,0.659,0.0257,0.236,NOMINAL,NOMINAL,NORMAL,0,
1641960000.0,1787428734.8138332,1,0.9969,0.1412,,0.603,0.0271,0.244,NOMINAL,NOMINAL,TRIGGERED,1,omni_p6
1641960900.0,1787428734.9384134,1,0.8299,0.1199,,0.546,0.0229,0.217,NOMINAL,NOMINAL,NORMAL,0,
1641961800.0,1787428735.0633764,1,0.779,0.1149,,0.556,0.0211,0.214,NOMINAL,NOMINAL,NORMAL,0,
1641962700.0,1787428735.1883008,1,0.7535,0.1192,,0.537,0.0214,0.207,NOMINAL,NOMINAL,NORMAL,0,
1641963600.0,1787428735.3133686,1,0.7546,0.1196,,0.581,0.0211,0.214,NOMINAL,NOMINAL,NORMAL,0,
1641964500.0,1787428735.4393983,1,1.1958,0.1453,,0.688,0.0304,0.268,NOMINAL,NOMINAL,NORMAL,0,
1641965400.0,1787428735.563557,1,0.9017,0.1282,,0.555,0.0233,0.224,NOMINAL,NOMINAL,NORMAL,0,
1641966300.0,1787428735.6890051,1,1.1442,0.1254,,0.639,0.0262,0.236,NOMINAL,NOMINAL,NORMAL,0,
1641967200.0,1787428735.8136032,1,0.9324,0.1246,,0.552,0.0234,0.227,NOMINAL,NOMINAL,NORMAL,0,
1641968100.0,1787428735.938368,1,0.8139,0.1139,,0.538,0.022,0.213,NOMINAL,NOMINAL,NORMAL,0,
1641969000.0,1787428736.063473,1,0.8285,0.1187,,0.557,0.022,0.214,NOMINAL,NOMINAL,NORMAL,0,
1641969900.0,1787428736.1888585,1,0.9958,0.1311,,0.59,0.026,0.231,NOMINAL,NOMINAL,NORMAL,0,
1641970800.0,1787428736.3136077,1,0.9027,0.1229,,0.561,0.0223,0.223,NOMINAL,NOMINAL,NORMAL,0,
1641971700.0,1787428736.4384847,1,0.8661,0.1175,,0.544,0.0206,0.208,NOMINAL,NOMINAL,NORMAL,0,
1641972600.0,1787428736.5633721,1,0.7942,0.1189,,0.54,0.0195,0.202,NOMINAL,NOMINAL,NORMAL,0,
1641973500.0,1787428736.6884727,1,0.8051,0.1191,,0.591,0.023,0.215,NOMINAL,NOMINAL,NORMAL,0,
1641974400.0,1787428736.8137095,1,0.9591,0.1289,,0.567,0.0218,0.219,NOMINAL,NOMINAL,NORMAL,0,
1641975300.0,1787428736.9384778,1,0.882,0.1226,,0.524,0.0208,0.21,NOMINAL,NOMINAL,NORMAL,0,
1641976200.0,1787428737.063489,1,0.8368,0.1218,,0.551,0.0217,0.212,NOMINAL,NOMINAL,TRIGGERED,1,omni_p6
1641977100.0,1787428737.1883674,1,0.8071,0.1169,,0.526,0.0201,0.209,NOMINAL,NOMINAL,NORMAL,0,
1641978000.0,1787428737.3134618,1,0.814,0.1217,,0.574,0.0232,0.214,NOMINAL,NOMINAL,NORMAL,0,
1641978900.0,1787428737.438658,1,0.8684,0.1212,,0.627,0.0243,0.226,NOMINAL,NOMINAL,NORMAL,0,
1641979800.0,1787428737.5632696,1,0.7579,0.1149,,0.513,0.0192,0.207,NOMINAL,NOMINAL,NORMAL,0,
1641980700.0,1787428737.6883337,1,0.7458,0.1147,,0.573,0.0224,0.214,NOMINAL,NOMINAL,NORMAL,0,
1641981600.0,1787428737.8136005,1,0.9052,0.13,,0.539,0.0218,0.223,NOMINAL,NOMINAL,TRIGGERED,1,omni_p6
1641982500.0,1787428737.9384224,1,0.8149,0.1208,,0.556,0.0217,0.218,NOMINAL,NOMINAL,TRIGGERED,2,omni_p6
1641983400.0,1787428738.063398,1,0.8078,0.117,,0.566,0.0228,0.215,NOMINAL,NOMINAL,NORMAL,0,
1641984300.0,1787428738.188163,1,0.7201,0.1105,,0.513,0.0209,0.204,NOMINAL,NOMINAL,NORMAL,0,
1641985200.0,1787428738.3134348,1,0.814,0.1183,,0.586,0.0229,0.214,NOMINAL,NOMINAL,NORMAL,0,
1641986100.0,1787428738.4383352,1,0.781,0.1159,,0.534,0.0219,0.215,NOMINAL,NOMINAL,NORMAL,0,
1641987000.0,1787428738.5633209,1,0.7771,0.1165,,0.54,0.0205,0.203,NOMINAL,NOMINAL,NORMAL,0,
1641987900.0,1787428738.6883285,1,0.7392,0.1175,,0.602,0.0232,0.214,NOMINAL,NOMINAL,TRIGGERED,1,omni_p6
1641988800.0,1787428738.813784,1,0.9708,0.1296,,0.585,0.0257,0.241,NOMINAL,NOMINAL,TRIGGERED,2,omni_p6
1641989700.0,1787428738.938377,1,0.8194,0.1179,,0.546,0.0217,0.215,NOMINAL,NOMINAL,NORMAL,0,
1641990600.0,1787428739.0634184,1,0.8143,0.1193,,0.553,0.0239,0.215,NOMINAL,NOMINAL,NORMAL,0,
1641991500.0,1787428739.188371,1,0.7954,0.1154,,0.545,0.0223,0.21,NOMINAL,NOMINAL,NORMAL,0,
1641992400.0,1787428739.3134897,1,0.8149,0.1205,,0.58,0.0223,0.216,NOMINAL,NOMINAL,NORMAL,0,
1641993300.0,1787428739.4398098,1,1.2715,0.1476,,0.893,0.0349,0.301,NOMINAL,NOMINAL,NORMAL,0,
1641994200.0,1787428739.5635612,1,0.9019,0.1273,,0.578,0.0235,0.227,NOMINAL,NOMINAL,TRIGGERED,1,omni_p6
1641995100.0,1787428739.6884654,1,0.8123,0.1216,,0.609,0.0243,0.222,NOMINAL,NOMINAL,TRIGGERED,2,omni_p6
1641996000.0,1787428739.8141162,1,1.0402,0.1708,,0.679,0.0285,0.267,NOMINAL,NOMINAL,NORMAL,0,
1641996900.0,1787428739.9384978,1,0.8689,0.1199,,0.564,0.0237,0.225,NOMINAL,NOMINAL,NORMAL,0,
1641997800.0,1787428740.0636349,1,0.8859,0.1207,,0.587,0.0244,0.228,NOMINAL,NOMINAL,NORMAL,0,
1641998700.0,1787428740.188534,1,0.8415,0.122,,0.597,0.0221,0.222,NOMINAL,NOMINAL,NORMAL,0,
1641999600.0,1787428740.3134656,1,0.8217,0.1163,,0.583,0.022,0.216,NOMINAL,NOMINAL,NORMAL,0,
1642000500.0,1787428740.439474,1,1.2006,0.1471,,0.763,0.0302,0.278,NOMINAL,NOMINAL,TRIGGERED,1,omni_p6
1642001400.0,1787428740.5635335,1,0.8865,0.1252,,0.566,0.024,0.23,NOMINAL,NOMINAL,NORMAL,0,
1642002300.0,1787428740.6884315,1,0.788,0.1196,,0.61,0.0242,0.228,NOMINAL,NOMINAL,NORMAL,0,
1642003200.0,1787428740.8136957,1,0.9185,0.1246,,0.573,0.0248,0.238,NOMINAL,NOMINAL,NORMAL,0,
1642004100.0,1787428740.9384413,1,0.8301,0.117,,0.569,0.0234,0.222,NOMINAL,NOMINAL,NORMAL,0,
1642005000.0,1787428741.063407,1,0.8069,0.1181,,0.579,0.022,0.214,NOMINAL,NOMINAL,NORMAL,0,
1642005900.0,1787428741.1883328,1,0.75,0.1131,,0.558,0.0215,0.215,NOMINAL,NOMINAL,NORMAL,0,
1642006800.0,1787428741.313417,1,0.79,0.1161,,0.595,0.0212,0.214,NOMINAL,NOMINAL,NORMAL,0,
1642007700.0,1787428741.4383616,1,0.7953,0.1173,,0.539,0.0221,0.213,NOMINAL,NOMINAL,NORMAL,0,
1642008600.0,1787428741.5632513,1,0.7272,0.1119,,0.533,0.0206,0.208,NOMINAL,NOMINAL,NORMAL,0,
1642009500.0,1787428741.6883888,1,0.726,0.1151,,0.674,0.0219,0.21,NOMINAL,NOMINAL,NORMAL,0,
1642010400.0,1787428741.8137512,1,0.9645,0.1298,,0.581,0.0241,0.237,NOMINAL,NOMINAL,NORMAL,0,
1642011300.0,1787428741.9384809,1,0.9153,0.116,,0.514,0.0208,0.215,NOMINAL,NOMINAL,NORMAL,0,
1642012200.0,1787428742.0634282,1,0.8385,0.1174,,0.524,0.0212,0.21,NOMINAL,NOMINAL,NORMAL,0,
1642013100.0,1787428742.188412,1,0.8049,0.1206,,0.535,0.0209,0.21,NOMINAL,NOMINAL,NORMAL,0,
1642014000.0,1787428742.3134432,1,0.8208,0.1207,,0.535,0.0205,0.208,NOMINAL,NOMINAL,NORMAL,0,
1642014900.0,1787428742.4386241,1,0.9148,0.1228,,0.561,0.0225,0.216,NOMINAL,NOMINAL,NORMAL,0,
1642015800.0,1787428742.5634277,1,0.8267,0.1193,,0.546,0.0199,0.208,NOMINAL,NOMINAL,NORMAL,0,
1642016700.0,1787428742.6883018,1,0.7616,0.1151,,0.53,0.021,0.205,NOMINAL,NOMINAL,NORMAL,0,
1642017600.0,1787428742.8134472,1,0.8545,0.1175,,0.526,0.022,0.218,NOMINAL,NOMINAL,NORMAL,0,
1642018500.0,1787428742.9387178,1,0.9415,0.1247,,0.587,0.0227,0.228,NOMINAL,NOMINAL,NORMAL,0,
1642019400.0,1787428743.0634923,1,0.8591,0.1199,,0.521,0.0217,0.215,NOMINAL,NOMINAL,NORMAL,0,
1642020300.0,1787428743.1882968,1,0.7597,0.1159,,0.525,0.0208,0.211,NOMINAL,NOMINAL,NORMAL,0,
1642021200.0,1787428743.3134363,1,0.8032,0.1191,,0.564,0.0217,0.212,NOMINAL,NOMINAL,TRIGGERED,1,omni_p6
1642022100.0,1787428743.438332,1,0.7813,0.1159,,0.525,0.0206,0.209,NOMINAL,NOMINAL,NORMAL,0,
1642023000.0,1787428743.5632422,1,0.7361,0.1127,,0.512,0.0187,0.201,NOMINAL,NOMINAL,NORMAL,0,
1642023900.0,1787428743.688241,1,0.7382,0.115,,0.506,0.0195,0.204,NOMINAL,NOMINAL,NORMAL,0,
1642024800.0,1787428743.813332,1,0.7539,0.1187,,0.533,0.022,0.217,NOMINAL,NOMINAL,NORMAL,0,
1642025700.0,1787428743.938615,1,0.9021,0.1239,,0.551,0.0222,0.223,NOMINAL,NOMINAL,NORMAL,0,
1642026600.0,1787428744.0634565,1,0.8313,0.1194,,0.542,0.0222,0.212,NOMINAL,NOMINAL,TRIGGERED,1,omni_p6
1642027500.0,1787428744.1883984,1,0.7945,0.1189,,0.583,0.0188,0.201,NOMINAL,NOMINAL,TRIGGERED,2,omni_p6
1642028400.0,1787428744.3133845,1,0.7924,0.1157,,0.542,0.0213,0.208,NOMINAL,NOMINAL,NORMAL,0,
1642029300.0,1787428744.4394484,1,1.2701,0.1469,,0.616,0.0277,0.248,NOMINAL,NOMINAL,NORMAL,0,
1642030200.0,1787428744.563613,1,0.9268,0.1254,,0.565,0.0245,0.23,NOMINAL,NOMINAL,NORMAL,0,
1642031100.0,1787428744.6883233,1,0.782,0.1155,,0.542,0.0219,0.212,NOMINAL,NOMINAL,NORMAL,0,
1642032000.0,1787428744.8145566,1,1.0026,0.1243,0.5763,0.633,0.0293,0.258,NOMINAL,NOMINAL,NORMAL,0,
1642032900.0,1787428744.9387798,1,1.0133,0.1268,,0.579,0.0254,0.233,NOMINAL,NOMINAL,TRIGGERED,1,omni_p6
1642033800.0,1787428745.0635607,1,0.8927,0.1246,,0.545,0.0228,0.216,NOMINAL,NOMINAL,TRIGGERED,2,omni_p6
1642034700.0,1787428745.1884863,1,0.8342,0.122,,0.55,0.0234,0.216,NOMINAL,NOMINAL,NORMAL,0,
1642035600.0,1787428745.313547,1,0.8461,0.1213,,0.583,0.0224,0.216,NOMINAL,NOMINAL,NORMAL,0,
1642036500.0,1787428745.4393744,1,1.2311,0.1437,,0.671,0.0277,0.253,NOMINAL,NOMINAL,NORMAL,0,
1642037400.0,1787428745.5636475,1,0.9749,0.1276,,0.55,0.0215,0.218,NOMINAL,NOMINAL,NORMAL,0,
1642038300.0,1787428745.6884894,1,0.8616,0.1223,,0.553,0.0207,0.211,NOMINAL,NOMINAL,NORMAL,0,
1642039200.0,1787428745.8134668,1,0.8454,0.1257,,0.56,0.0226,0.222,NOMINAL,NOMINAL,TRIGGERED,1,omni_p6
1642040100.0,1787428745.9386902,1,0.9288,0.1251,,0.583,0.0246,0.229,NOMINAL,NOMINAL,NORMAL,0,
1642041000.0,1787428746.063536,1,0.8746,0.1214,,0.528,0.0215,0.24,NOMINAL,NOMINAL,NORMAL,0,
1642041900.0,1787428746.1884239,1,0.8085,0.1166,,0.555,0.022,0.212,NOMINAL,NOMINAL,NORMAL,0,
1642042800.0,1787428746.313469,1,0.8344,0.1207,,0.545,0.0218,0.215,NOMINAL,NOMINAL,NORMAL,0,
1642043700.0,1787428746.438438,1,0.8431,0.1203,,0.54,0.0205,0.209,NOMINAL,NOMINAL,NORMAL,0,
1642044600.0,1787428746.5633433,1,0.7865,0.1183,,0.526,0.02,0.207,NOMINAL,NOMINAL,NORMAL,0,
1642045500.0,1787428746.688275,1,0.7412,0.1176,,0.535,0.0209,0.212,NOMINAL,NOMINAL,TRIGGERED,1,omni_p6
1642046400.0,1787428746.81339,1,0.8083,0.1172,,0.539,0.0217,0.22,NOMINAL,NOMINAL,NORMAL,0,
1642047300.0,1787428746.938649,1,0.9289,0.1217,,0.562,0.0231,0.223,NOMINAL,NOMINAL,NORMAL,0,
1642048200.0,1787428747.0635564,1,0.8374,0.1243,,0.601,0.0245,0.224,NOMINAL,NOMINAL,NORMAL,0,
1642049100.0,1787428747.188239,1,0.7403,0.1135,,0.526,0.0211,0.207,NOMINAL,NOMINAL,NORMAL,0,
1642050000.0,1787428747.3134599,1,0.8337,0.1163,,0.572,0.021,0.215,NOMINAL,NOMINAL,NORMAL,0,
1642050900.0,1787428747.4386642,1,0.9152,0.1253,,0.563,0.0229,0.229,NOMINAL,NOMINAL,NORMAL,0,
1642051800.0,1787428747.5634003,1,0.8105,0.1222,,0.543,0.0213,0.21,NOMINAL,NOMINAL,NORMAL,0,
1642052700.0,1787428747.6882389,1,0.7377,0.1156,,0.521,0.0205,0.204,NOMINAL,NOMINAL,NORMAL,0,
1642053600.0,1787428747.8134823,1,0.8576,0.1229,,0.535,0.0223,0.221,NOMINAL,NOMINAL,NORMAL,0,
1642054500.0,1787428747.938342,1,0.7872,0.1183,,0.551,0.0232,0.215,NOMINAL,NOMINAL,NORMAL,0,
1642055400.0,1787428748.063602,1,0.8872,0.1268,,0.54,0.0227,0.223,NOMINAL,NOMINAL,NORMAL,0,
1642056300.0,1787428748.1884847,1,0.8437,0.1186,,0.553,0.0233,0.22,NOMINAL,NOMINAL,NORMAL,0,
1642057200.0,1787428748.3134503,1,0.8282,0.1205,,0.54,0.0217,0.214,NOMINAL,NOMINAL,NORMAL,0,
1642058100.0,1787428748.4382555,1,0.7744,0.1133,,0.51,0.0207,0.214,NOMINAL,NOMINAL,NORMAL,0,
1642059000.0,1787428748.5632286,1,0.7315,0.1152,,0.522,0.0226,0.21,NOMINAL,NOMINAL,NORMAL,0,
1642059900.0,1787428748.6882205,1,0.7305,0.1126,,0.521,0.0208,0.206,NOMINAL,NOMINAL,NORMAL,0,
1642060800.0,1787428748.8132682,1,0.7413,0.114,,0.508,0.0213,0.258,NOMINAL,NOMINAL,NORMAL,0,
1642061700.0,1787428748.9382403,1,0.7521,0.1148,,0.51,0.0208,0.211,NOMINAL,NOMINAL,TRIGGERED,1,omni_p6
1642062600.0,1787428749.063782,1,0.9484,0.1265,,0.593,0.0245,0.235,NOMINAL,NOMINAL,NORMAL,0,
1642063500.0,1787428749.188318,1,0.7823,0.1155,,0.539,0.0216,0.216,NOMINAL,NOMINAL,NORMAL,0,
1642064400.0,1787428749.3134363,1,0.8131,0.1185,,0.583,0.0218,0.217,NOMINAL,NOMINAL,NORMAL,0,
1642065300.0,1787428749.4395022,1,1.2256,0.1469,,0.712,0.0272,0.266,NOMINAL,NOMINAL,NORMAL,0,
1642066200.0,1787428749.56353,1,0.9051,0.1232,,0.54,0.023,0.248,NOMINAL,NOMINAL,NORMAL,0,
1642067100.0,1787428749.6883535,1,0.7988,0.1192,,0.535,0.022,0.219,NOMINAL,NOMINAL,TRIGGERED,1,omni_p6
1642068000.0,1787428749.8135247,1,0.8621,0.1251,,0.597,0.024,0.224,NOMINAL,NOMINAL,TRIGGERED,2,omni_p6
1642068900.0,1787428749.938907,1,0.9845,0.1319,,0.646,0.0253,0.235,NOMINAL,NOMINAL,NORMAL,0,
1642069800.0,1787428750.063761,1,0.9287,0.1282,,0.62,0.0242,0.232,NOMINAL,NOMINAL,NORMAL,0,
1642070700.0,1787428750.1885598,1,0.8709,0.1256,,0.576,0.0238,0.219,NOMINAL,NOMINAL,NORMAL,0,
1642071600.0,1787428750.3134532,1,0.8167,0.1204,,0.587,0.0221,0.216,NOMINAL,NOMINAL,NORMAL,0,
1642072500.0,1787428750.439396,1,1.1915,0.143,,0.713,0.0305,0.277,NOMINAL,NOMINAL,NORMAL,0,
1642073400.0,1787428750.5643356,1,1.1556,0.1438,,0.725,0.0297,0.267,NOMINAL,NOMINAL,TRIGGERED,1,omni_p6
1642074300.0,1787428750.688641,1,0.9433,0.1255,,0.586,0.0249,0.228,NOMINAL,NOMINAL,NORMAL,0,
1642075200.0,1787428750.8136363,1,0.927,0.1223,,0.59,0.0242,0.228,NOMINAL,NOMINAL,NORMAL,0,
1642076100.0,1787428750.938536,1,0.8898,0.1228,,0.568,0.0221,0.212,NOMINAL,NOMINAL,NORMAL,0,
1642077000.0,1787428751.063671,1,0.8981,0.1246,,0.583,0.0233,0.226,NOMINAL,NOMINAL,NORMAL,0,
1642077900.0,1787428751.1884935,1,0.8528,0.1199,,0.551,0.0224,0.216,NOMINAL,NOMINAL,NORMAL,0,
1642078800.0,1787428751.3135536,1,0.8386,0.1211,,0.616,0.0229,0.222,NOMINAL,NOMINAL,TRIGGERED,1,omni_p6
1642079700.0,1787428751.4384587,1,0.8396,0.1207,,0.574,0.0213,0.219,NOMINAL,NOMINAL,TRIGGERED,2,omni_p6
1642080600.0,1787428751.563378,1,0.7847,0.1167,,0.583,0.0213,0.211,NOMINAL,NOMINAL,NORMAL,0,
1642081500.0,1787428751.688388,1,0.7851,0.1154,,0.562,0.0227,0.214,NOMINAL,NOMINAL,NORMAL,0,
1642082400.0,1787428751.8134398,1,0.8358,0.1188,,0.588,0.0217,0.215,NOMINAL,NOMINAL,NORMAL,0,
1642083300.0,1787428751.9384112,1,0.8297,0.1184,,0.55,0.0216,0.213,NOMINAL,NOMINAL,NORMAL,0,
1642084200.0,1787428752.0637748,1,0.9056,0.1259,,0.674,0.0257,0.233,NOMINAL,NOMINAL,NORMAL,0,
1642085100.0,1787428752.188542,1,0.8586,0.1207,,0.58,0.0223,0.221,NOMINAL,NOMINAL,TRIGGERED,1,omni_p6
1642086000.0,1787428752.31347,1,0.8178,0.1188,,0.583,0.0226,0.222,NOMINAL,NOMINAL,TRIGGERED,2,omni_p6
1642086900.0,1787428752.4386218,1,0.8879,0.121,,0.595,0.0225,0.219,NOMINAL,NOMINAL,NORMAL,0,
1642087800.0,1787428752.563394,1,0.8094,0.1202,,0.56,0.0227,0.217,NOMINAL,NOMINAL,NORMAL,0,
1642088700.0,1787428752.6883945,1,0.8287,0.1168,,0.556,0.0216,0.212,NOMINAL,NOMINAL,NORMAL,0,
1642089600.0,1787428752.8134704,1,0.8305,0.1193,,0.617,0.0235,0.224,NOMINAL,NOMINAL,NORMAL,0,
1642090500.0,1787428752.9384391,1,0.8595,0.1197,,0.553,0.0217,0.215,NOMINAL,NOMINAL,NORMAL,0,
1642091400.0,1787428753.0633953,1,0.8135,0.1215,,0.562,0.0253,0.217,NOMINAL,NOMINAL,NORMAL,0,
1642092300.0,1787428753.1887105,1,0.9343,0.1268,,0.587,0.0235,0.227,NOMINAL,NOMINAL,NORMAL,0,
1642093200.0,1787428753.3136277,1,0.9134,0.1287,,0.603,0.0213,0.222,NOMINAL,NOMINAL,NORMAL,0,
1642094100.0,1787428753.4384453,1,0.8772,0.1211,,0.533,0.0228,0.223,NOMINAL,NOMINAL,NORMAL,0,
1642095000.0,1787428753.5633175,1,0.8003,0.1169,,0.529,0.0206,0.211,NOMINAL,NOMINAL,NORMAL,0,
1642095900.0,1787428753.6883523,1,0.8002,0.1187,,0.542,0.0206,0.213,NOMINAL,NOMINAL,NORMAL,0,
1642096800.0,1787428753.813483,1,0.8846,0.1247,,0.518,0.0216,0.225,NOMINAL,NOMINAL,NORMAL,0,
1642097700.0,1787428753.9384184,1,0.8526,0.1199,,0.548,0.022,0.213,NOMINAL,NOMINAL,NORMAL,0,
1642098600.0,1787428754.063421,1,0.8283,0.1191,,0.554,0.0217,0.213,NOMINAL,NOMINAL,NORMAL,0,
1642099500.0,1787428754.1887326,1,0.9346,0.129,,0.598,0.0228,0.224,NOMINAL,NOMINAL,NORMAL,0,
1642100400.0,1787428754.3135548,1,0.8781,0.1248,,0.573,0.0227,0.224,NOMINAL,NOMINAL,NORMAL,0,
1642101300.0,1787428754.4395463,1,1.2853,0.1492,,0.676,0.0271,0.258,NOMINAL,NOMINAL,NORMAL,0,
1642102200.0,1787428754.5637703,1,1.0267,0.1393,,0.587,0.0255,0.233,NOMINAL,NOMINAL,NORMAL,0,
1642103100.0,1787428754.6885524,1,0.9113,0.1277,,0.565,0.0231,0.22,NOMINAL,NOMINAL,NORMAL,0,
1642104000.0,1787428754.8135862,1,0.9147,0.1305,,0.582,0.0223,0.222,NOMINAL,NOMINAL,NORMAL,0,
1642104900.0,1787428754.9388173,1,0.9922,0.1311,,0.608,0.0242,0.233,NOMINAL,NOMINAL,NORMAL,0,
1642105800.0,1787428755.0636344,1,0.9162,0.1308,,0.571,0.0229,0.224,NOMINAL,NOMINAL,TRIGGERED,1,omni_p6
1642106700.0,1787428755.18865,1,0.8897,0.1233,,0.597,0.0229,0.228,NOMINAL,NOMINAL,NORMAL,0,
1642107600.0,1787428755.313506,1,0.8459,0.1212,,0.597,0.0234,0.223,NOMINAL,NOMINAL,NORMAL,0,
1642108500.0,1787428755.439437,1,1.1777,0.1437,,0.77,0.0299,0.281,NOMINAL,NOMINAL,NORMAL,0,
1642109400.0,1787428755.5636744,1,0.9666,0.131,,0.589,0.023,0.228,NOMINAL,NOMINAL,NORMAL,0,
1642110300.0,1787428755.6884427,1,0.8381,0.121,,0.56,0.0215,0.218,NOMINAL,NOMINAL,NORMAL,0,
1642111200.0,1787428755.8134732,1,0.8315,0.1189,,0.599,0.0242,0.225,NOMINAL,NOMINAL,NORMAL,0,
1642112100.0,1787428755.9385011,1,0.8508,0.1226,,0.589,0.0225,0.217,NOMINAL,NOMINAL,TRIGGERED,1,omni_p6
1642113000.0,1787428756.0634294,1,0.8123,0.1205,,0.571,0.0229,0.22,NOMINAL,NOMINAL,TRIGGERED,2,omni_p6
1642113900.0,1787428756.1886344,1,0.8626,0.122,,0.601,0.0241,0.228,NOMINAL,NOMINAL,NORMAL,0,
1642114800.0,1787428756.313484,1,0.8472,0.1184,,0.578,0.0223,0.221,NOMINAL,NOMINAL,NORMAL,0,
1642115700.0,1787428756.4384053,1,0.8251,0.1198,,0.538,0.0219,0.216,NOMINAL,NOMINAL,NORMAL,0,
1642116600.0,1787428756.56347,1,0.8076,0.1197,,0.579,0.0229,0.216,NOMINAL,NOMINAL,NORMAL,0,
1642117500.0,1787428756.6883607,1,0.7867,0.1157,,0.558,0.0219,0.215,NOMINAL,NOMINAL,NORMAL,0,
1642118400.0,1787428756.81411,1,0.839,0.1222,0.593,0.521,0.022,0.229,NOMINAL,NOMINAL,TRIGGERED,1,omni_p6
1642119300.0,1787428756.938524,1,0.8825,0.1225,,0.573,0.0231,0.22,NOMINAL,NOMINAL,NORMAL,0,
1642120200.0,1787428757.0633934,1,0.8084,0.1188,,0.546,0.0226,0.215,NOMINAL,NOMINAL,NORMAL,0,
1642121100.0,1787428757.188684,1,0.8884,0.1218,,0.605,0.0228,0.228,NOMINAL,NOMINAL,NORMAL,0,
1642122000.0,1787428757.313577,1,0.8603,0.119,,0.593,0.0238,0.222,NOMINAL,NOMINAL,NORMAL,0,
1642122900.0,1787428757.4387124,1,0.921,0.1251,,0.608,0.0224,0.223,NOMINAL,NOMINAL,NORMAL,0,
1642123800.0,1787428757.5634115,1,0.8075,0.1215,,0.565,0.0225,0.217,NOMINAL,NOMINAL,TRIGGERED,1,omni_p6
1642124700.0,1787428757.688353,1,0.7886,0.1205,,0.546,0.0219,0.21,NOMINAL,NOMINAL,TRIGGERED,2,omni_p6
1642125600.0,1787428757.8134542,1,0.8172,0.1217,,0.585,0.0227,0.219,NOMINAL,NOMINAL,NORMAL,0,
1642126500.0,1787428757.9384224,1,0.8326,0.1189,,0.559,0.0237,0.214,NOMINAL,NOMINAL,NORMAL,0,
1642127400.0,1787428758.063501,1,0.8562,0.1188,,0.554,0.0212,0.215,NOMINAL,NOMINAL,NORMAL,0,
1642128300.0,1787428758.1883667,1,0.8164,0.1177,,0.549,0.0221,0.213,NOMINAL,NOMINAL,NORMAL,0,
1642129200.0,1787428758.3136628,1,0.8927,0.1218,,0.594,0.0225,0.228,NOMINAL,NOMINAL,NORMAL,0,
1642130100.0,1787428758.4384382,1,0.8637,0.1234,,0.544,0.0217,0.212,NOMINAL,NOMINAL,TRIGGERED,1,omni_p6
1642131000.0,1787428758.56333,1,0.8076,0.1202,,0.527,0.0212,0.212,NOMINAL,NOMINAL,TRIGGERED,2,omni_p6
1642131900.0,1787428758.6883829,1,0.8232,0.1184,,0.54,0.0206,0.213,NOMINAL,NOMINAL,NORMAL,0,
1642132800.0,1787428758.8135178,1,0.887,0.1239,,0.572,0.023,0.221,NOMINAL,NOMINAL,NORMAL,0,
1642133700.0,1787428758.9384468,1,0.8793,0.1217,,0.544,0.022,0.212,NOMINAL,NOMINAL,NORMAL,0,
1642134600.0,1787428759.0633993,1,0.8266,0.1197,,0.554,0.0236,0.212,NOMINAL,NOMINAL,NORMAL,0,
1642135500.0,1787428759.18833,1,0.7989,0.1215,,0.533,0.0215,0.207,NOMINAL,NOMINAL,NORMAL,0,
1642136400.0,1787428759.313868,1,0.9675,0.1351,,0.668,0.0262,0.236,NOMINAL,NOMINAL,NORMAL,0,
1642137300.0,1787428759.4397204,1,1.2906,0.1478,,0.794,0.0313,0.283,NOMINAL,NOMINAL,NORMAL,0,
1642138200.0,1787428759.5637507,1,1.021,0.135,,0.6,0.0243,0.23,NOMINAL,NOMINAL,NORMAL,0,
1642139100.0,1787428759.6886275,1,0.9358,0.1324,,0.579,0.0226,0.222,NOMINAL,NOMINAL,NORMAL,0,
1642140000.0,1787428759.8137646,1,0.9687,0.1343,,0.611,0.0241,0.25,NOMINAL,NOMINAL,NORMAL,0,
1642140900.0,1787428759.938852,1,1.008,0.1346,,0.623,0.0239,0.23,NOMINAL,NOMINAL,NORMAL,0,
1642141800.0,1787428760.0634766,1,0.883,0.1248,,0.545,0.0228,0.217,NOMINAL,NOMINAL,NORMAL,0,
1642142700.0,1787428760.1885028,1,0.8607,0.1272,,0.568,0.0224,0.218,NOMINAL,NOMINAL,NORMAL,0,
1642143600.0,1787428760.3137598,1,0.9589,0.1315,,0.608,0.0245,0.229,NOMINAL,NOMINAL,NORMAL,0,
1642144500.0,1787428760.4393477,1,1.2309,0.1502,,0.67,0.0253,0.247,NOMINAL,NOMINAL,NORMAL,0,
1642145400.0,1787428760.5635936,1,0.8969,0.1289,,0.643,0.0238,0.219,NOMINAL,NOMINAL,NORMAL,0,
1642146300.0,1787428760.688411,1,0.8151,0.1241,,0.556,0.0217,0.22,NOMINAL,NOMINAL,TRIGGERED,1,omni_p6
1642147200.0,1787428760.8133512,1,0.785,0.1191,,0.566,0.0234,0.223,NOMINAL,NOMINAL,NORMAL,0,
1642148100.0,1787428760.938411,1,0.8544,0.1222,,0.539,0.0227,0.213,NOMINAL,NOMINAL,NORMAL,0,
1642149000.0,1787428761.0635448,1,0.8784,0.1256,,0.552,0.0219,0.219,NOMINAL,NOMINAL,NORMAL,0,
1642149900.0,1787428761.188356,1,0.8121,0.1222,,0.54,0.0227,0.215,NOMINAL,NOMINAL,NORMAL,0,
1642150800.0,1787428761.3137977,1,0.942,0.1274,,0.648,0.0232,0.236,NOMINAL,NOMINAL,NORMAL,0,
1642151700.0,1787428761.4384983,1,0.8911,0.1252,,0.565,0.0224,0.219,NOMINAL,NOMINAL,NORMAL,0,
1642152600.0,1787428761.5633454,1,0.8058,0.1238,,0.53,0.0232,0.216,NOMINAL,NOMINAL,TRIGGERED,1,omni_p6
1642153500.0,1787428761.6883597,1,0.8177,0.1208,,0.533,0.0204,0.21,NOMINAL,NOMINAL,NORMAL,0,
1642154400.0,1787428761.8133905,1,0.8151,0.1217,,0.556,0.0227,0.215,NOMINAL,NOMINAL,NORMAL,0,
1642155300.0,1787428761.9384282,1,0.8689,0.1216,,0.531,0.021,0.211,NOMINAL,NOMINAL,NORMAL,0,
1642156200.0,1787428762.0633569,1,0.813,0.1206,,0.535,0.021,0.207,NOMINAL,NOMINAL,NORMAL,0,
1642157100.0,1787428762.1883109,1,0.7893,0.1199,,0.525,0.0208,0.207,NOMINAL,NOMINAL,NORMAL,0,
1642158000.0,1787428762.3137252,1,0.9153,0.1298,,0.626,0.0225,0.227,NOMINAL,NOMINAL,TRIGGERED,1,omni_p6
1642158900.0,1787428762.438717,1,0.9867,0.1334,,0.552,0.0244,0.228,NOMINAL,NOMINAL,TRIGGERED,2,omni_p6
1642159800.0,1787428762.5634398,1,0.8507,0.1248,,0.545,0.0224,0.218,NOMINAL,NOMINAL,NORMAL,0,
1642160700.0,1787428762.6883616,1,0.8183,0.1214,,0.534,0.021,0.21,NOMINAL,NOMINAL,NORMAL,0,
1642161600.0,1787428762.8138115,1,0.8977,0.1276,,0.817,0.0234,0.233,NOMINAL,NOMINAL,NORMAL,0,
1642162500.0,1787428762.9385598,1,0.9044,0.1259,,0.569,0.0232,0.223,NOMINAL,NOMINAL,NORMAL,0,
1642163400.0,1787428763.063415,1,0.8359,0.1202,,0.546,0.0216,0.214,NOMINAL,NOMINAL,NORMAL,0,
1642164300.0,1787428763.1884484,1,0.8266,0.1235,,0.568,0.0227,0.217,NOMINAL,NOMINAL,TRIGGERED,1,omni_p6
1642165200.0,1787428763.3135726,1,0.863,0.1231,,0.61,0.0233,0.228,NOMINAL,NOMINAL,TRIGGERED,2,omni_p6
1642166100.0,1787428763.4388072,1,0.988,0.1297,,0.683,0.0222,0.218,NOMINAL,NOMINAL,NORMAL,0,
1642167000.0,1787428763.5633538,1,0.827,0.1196,,0.533,0.0212,0.209,NOMINAL,NOMINAL,NORMAL,0,
1642167900.0,1787428763.6883304,1,0.8152,0.1175,,0.514,0.0204,0.206,NOMINAL,NOMINAL,NORMAL,0,
1642168800.0,1787428763.813383,1,0.8206,0.1209,,0.56,0.0236,0.218,NOMINAL,NOMINAL,NORMAL,0,
1642169700.0,1787428763.9383843,1,0.8481,0.1201,,0.535,0.0216,0.212,NOMINAL,NOMINAL,NORMAL,0,
1642170600.0,1787428764.0635824,1,0.9012,0.1273,,0.556,0.0221,0.218,NOMINAL,NOMINAL,TRIGGERED,1,omni_p6
1642171500.0,1787428764.1883688,1,0.8191,0.1207,,0.54,0.0225,0.216,NOMINAL,NOMINAL,NORMAL,0,
1642172400.0,1787428764.3133867,1,0.8108,0.1168,,0.56,0.0221,0.214,NOMINAL,NOMINAL,NORMAL,0,
1642173300.0,1787428764.4397767,1,1.2189,0.1467,,0.88,0.0323,0.292,NOMINAL,NOMINAL,NORMAL,0,
1642174200.0,1787428764.5637438,1,1.0252,0.1353,,0.584,0.0244,0.232,NOMINAL,NOMINAL,NORMAL,0,
1642175100.0,1787428764.6884701,1,0.8785,0.1213,,0.555,0.0244,0.219,NOMINAL,NOMINAL,NORMAL,0,
1642176000.0,1787428764.8135319,1,0.862,0.1232,,0.622,0.0231,0.224,NOMINAL,NOMINAL,NORMAL,0,
1642176900.0,1787428764.9388795,1,1.014,0.1351,,0.621,0.0248,0.234,NOMINAL,NOMINAL,TRIGGERED,1,omni_p6
1642177800.0,1787428765.0635276,1,0.8821,0.1244,,0.57,0.0231,0.221,NOMINAL,NOMINAL,NORMAL,0,
1642178700.0,1787428765.1883926,1,0.8335,0.1212,,0.533,0.0211,0.211,NOMINAL,NOMINAL,NORMAL,0,
1642179600.0,1787428765.313491,1,0.8407,0.122,,0.592,0.0216,0.212,NOMINAL,NOMINAL,NORMAL,0,
1642180500.0,1787428765.4398515,1,1.3425,0.1566,,0.872,0.0325,0.295,NOMINAL,NOMINAL,NORMAL,0,
1642181400.0,1787428765.563701,1,0.9947,0.1366,,0.587,0.0235,0.227,NOMINAL,NOMINAL,NORMAL,0,
1642182300.0,1787428765.6884665,1,0.8688,0.1243,,0.549,0.0217,0.218,NOMINAL,NOMINAL,NORMAL,0,
1642183200.0,1787428765.813543,1,0.9024,0.1262,,0.545,0.0215,0.223,NOMINAL,NOMINAL,NORMAL,0,
1642184100.0,1787428765.93853,1,0.8916,0.1222,,0.571,0.0214,0.22,NOMINAL,NOMINAL,NORMAL,0,
1642185000.0,1787428766.0639465,1,1.0497,0.1352,,0.632,0.0257,0.24,NOMINAL,NOMINAL,NORMAL,0,
1642185900.0,1787428766.1884825,1,0.8794,0.1255,,0.541,0.0228,0.211,NOMINAL,NOMINAL,NORMAL,0,
1642186800.0,1787428766.3137026,1,0.9347,0.1293,,0.584,0.0227,0.222,NOMINAL,NOMINAL,NORMAL,0,
1642187700.0,1787428766.4387624,1,0.9703,0.1302,,0.626,0.0226,0.221,NOMINAL,NOMINAL,NORMAL,0,
1642188600.0,1787428766.5633924,1,0.8739,0.1248,,0.476,0.0191,0.191,NOMINAL,NOMINAL,NORMAL,0,
1642189500.0,1787428766.6883636,1,0.8658,0.1235,,0.459,0.0179,0.187,NOMINAL,NOMINAL,NORMAL,0,
1642190400.0,1787428766.813402,1,0.8621,0.1257,,0.481,0.0179,0.192,NOMINAL,NOMINAL,NORMAL,0,
1642191300.0,1787428766.938394,1,0.8859,0.1223,,0.473,0.0185,0.189,NOMINAL,NOMINAL,TRIGGERED,1,omni_p6
1642192200.0,1787428767.063477,1,0.9021,0.1258,,0.478,0.0192,0.192,NOMINAL,NOMINAL,NORMAL,0,
1642193100.0,1787428767.1883378,1,0.8453,0.1226,,0.447,0.0177,0.185,NOMINAL,NOMINAL,NORMAL,0,
1642194000.0,1787428767.313433,1,0.8591,0.12,,0.499,0.0191,0.194,NOMINAL,NOMINAL,NORMAL,0,
1642194900.0,1787428767.439065,1,1.108,0.1381,,0.647,0.0249,0.229,NOMINAL,NOMINAL,NORMAL,0,
1642195800.0,1787428767.5635173,1,0.953,0.1283,,0.486,0.0194,0.192,NOMINAL,NOMINAL,NORMAL,0,
1642196700.0,1787428767.6883683,1,0.8757,0.1261,,0.46,0.0181,0.185,NOMINAL,NOMINAL,NORMAL,0,
1642197600.0,1787428767.8133585,1,0.8586,0.1275,,0.472,0.0185,0.186,NOMINAL,NOMINAL,TRIGGERED,1,omni_p6
1642198500.0,1787428767.938687,1,0.9604,0.1318,,0.559,0.0221,0.215,NOMINAL,NOMINAL,NORMAL,0,
1642199400.0,1787428768.0633762,1,0.8775,0.1241,,0.451,0.0183,0.186,NOMINAL,NOMINAL,NORMAL,0,
1642200300.0,1787428768.1883545,1,0.8575,0.1231,,0.462,0.0179,0.181,NOMINAL,NOMINAL,NORMAL,0,
1642201200.0,1787428768.3133264,1,0.8505,0.121,,0.462,0.0155,0.167,NOMINAL,NOMINAL,NORMAL,0,
1642202100.0,1787428768.4387155,1,0.952,0.1302,,0.582,0.0222,0.223,NOMINAL,NOMINAL,NORMAL,0,
1642203000.0,1787428768.5633445,1,0.865,0.1278,,0.444,0.0166,0.176,NOMINAL,NOMINAL,TRIGGERED,1,omni_p6
1642203900.0,1787428768.6883318,1,0.8598,0.1265,,0.446,0.0168,0.176,NOMINAL,NOMINAL,TRIGGERED,2,omni_p6
1642204800.0,1787428768.814283,1,0.9835,0.1241,0.6364,0.461,0.0188,0.189,NOMINAL,NOMINAL,NORMAL,0,
1642205700.0,1787428768.938568,1,0.9541,0.1252,,0.519,0.0208,0.199,NOMINAL,NOMINAL,NORMAL,0,
1642206600.0,1787428769.063436,1,0.9067,0.1233,,0.46,0.0188,0.184,NOMINAL,NOMINAL,NORMAL,0,
1642207500.0,1787428769.1884263,1,0.8666,0.1231,,0.453,0.0201,0.218,NOMINAL,NOMINAL,NORMAL,0,
1642208400.0,1787428769.3133998,1,0.8608,0.1197,,0.476,0.0183,0.188,NOMINAL,NOMINAL,NORMAL,0,
1642209300.0,1787428769.4395053,1,1.276,0.1525,,0.657,0.0239,0.236,NOMINAL,NOMINAL,TRIGGERED,1,omni_p6
1642210200.0,1787428769.5640883,1,1.1003,0.1439,,0.669,0.025,0.235,NOMINAL,NOMINAL,TRIGGERED,2,omni_p6
1642211100.0,1787428769.6885781,1,0.9223,0.1274,,0.543,0.0213,0.215,NOMINAL,NOMINAL,NORMAL,0,
1642212000.0,1787428769.8135169,1,0.883,0.1241,,0.543,0.0221,0.218,NOMINAL,NOMINAL,NORMAL,0,
1642212900.0,1787428769.9393122,1,1.1587,0.1389,,0.725,0.0281,0.256,NOMINAL,NOMINAL,NORMAL,0,
1642213800.0,1787428770.0637574,1,0.9803,0.1283,,0.594,0.0236,0.222,NOMINAL,NOMINAL,NORMAL,0,
1642214700.0,1787428770.1884067,1,0.791,0.1175,,0.595,0.0215,0.217,NOMINAL,NOMINAL,NORMAL,0,
1642215600.0,1787428770.313347,1,0.7687,0.118,,0.578,0.0219,0.217,NOMINAL,NOMINAL,TRIGGERED,1,omni_p6
1642216500.0,1787428770.4394155,1,1.2072,0.143,,0.718,0.0279,0.268,NOMINAL,NOMINAL,NORMAL,0,
1642217400.0,1787428770.564376,1,1.1472,0.1407,,0.785,0.0318,0.276,NOMINAL,NOMINAL,NORMAL,0,
1642218300.0,1787428770.6885278,1,0.8597,0.1238,,0.588,0.0228,0.228,NOMINAL,NOMINAL,NORMAL,0,
1642219200.0,1787428770.8134549,1,0.855,0.1191,,0.563,0.0228,0.227,NOMINAL,NOMINAL,NORMAL,0,
1642220100.0,1787428770.9384637,1,0.8206,0.117,,0.582,0.0241,0.226,NOMINAL,NOMINAL,NORMAL,0,
1642221000.0,1787428771.0634751,1,0.8998,0.1153,,0.566,0.0213,0.214,NOMINAL,NOMINAL,NORMAL,0,
1642221900.0,1787428771.1882985,1,0.7409,0.1144,,0.559,0.0218,0.216,NOMINAL,NOMINAL,NORMAL,0,
1642222800.0,1787428771.3133502,1,0.7414,0.1132,,0.612,0.0216,0.219,NOMINAL,NOMINAL,NORMAL,0,
1642223700.0,1787428771.4383879,1,0.7775,0.117,,0.564,0.0216,0.22,NOMINAL,NOMINAL,NORMAL,0,
1642224600.0,1787428771.5636272,1,0.8762,0.1246,,0.64,0.0237,0.23,NOMINAL,NOMINAL,NORMAL,0,
1642225500.0,1787428771.688336,1,0.7722,0.1177,,0.564,0.0221,0.223,NOMINAL,NOMINAL,NORMAL,0,
1642226400.0,1787428771.813456,1,0.8307,0.1223,,0.565,0.021,0.223,NOMINAL,NOMINAL,NORMAL,0,
1642227300.0,1787428771.9383671,1,0.7981,0.1184,,0.57,0.0223,0.216,NOMINAL,NOMINAL,NORMAL,0,
1642228200.0,1787428772.0633705,1,0.7981,0.1188,,0.545,0.0209,0.21,NOMINAL,NOMINAL,NORMAL,0,
1642229100.0,1787428772.1884072,1,0.7969,0.1179,,0.571,0.0217,0.214,NOMINAL,NOMINAL,NORMAL,0,
1642230000.0,1787428772.3134816,1,0.8105,0.1174,,0.571,0.0214,0.218,NOMINAL,NOMINAL,NORMAL,0,
1642230900.0,1787428772.4387312,1,0.9496,0.1292,,0.591,0.0227,0.227,NOMINAL,NOMINAL,NORMAL,0,
1642231800.0,1787428772.5636315,1,0.8776,0.1234,,0.638,0.0236,0.228,NOMINAL,NOMINAL,TRIGGERED,1,omni_p6
1642232700.0,1787428772.6883821,1,0.7853,0.118,,0.578,0.0243,0.224,NOMINAL,NOMINAL,NORMAL,0,
1642233600.0,1787428772.813278,1,0.7551,0.1167,,0.514,0.023,0.243,NOMINAL,NOMINAL,NORMAL,0,
1642234500.0,1787428772.9383478,1,0.7688,0.1175,,0.574,0.0216,0.218,NOMINAL,NOMINAL,NORMAL,0,
1642235400.0,1787428773.0634985,1,0.8285,0.118,,0.579,0.0229,0.226,NOMINAL,NOMINAL,NORMAL,0,
1642236300.0,1787428773.1883073,1,0.7522,0.1171,,0.559,0.0218,0.217,NOMINAL,NOMINAL,NORMAL,0,
1642237200.0,1787428773.3134334,1,0.7854,0.1202,,0.602,0.0236,0.22,NOMINAL,NOMINAL,TRIGGERED,1,omni_p6
1642238100.0,1787428773.4383123,1,0.757,0.1152,,0.57,0.022,0.213,NOMINAL,NOMINAL,TRIGGERED,2,omni_p6
1642239000.0,1787428773.563458,1,0.8188,0.1209,,0.605,0.0246,0.226,NOMINAL,NOMINAL,NORMAL,0,
1642239900.0,1787428773.6883972,1,0.8032,0.1197,,0.575,0.0228,0.214,NOMINAL,NOMINAL,NORMAL,0,
1642240800.0,1787428773.8133473,1,0.793,0.1173,,0.546,0.0218,0.216,NOMINAL,NOMINAL,NORMAL,0,
1642241700.0,1787428773.9384274,1,0.8174,0.1171,,0.577,0.0231,0.216,NOMINAL,NOMINAL,NORMAL,0,
1642242600.0,1787428774.0634136,1,0.7896,0.1182,,0.578,0.0217,0.219,NOMINAL,NOMINAL,NORMAL,0,
1642243500.0,1787428774.1884642,1,0.8213,0.1212,,0.591,0.0223,0.222,NOMINAL,NOMINAL,TRIGGERED,1,omni_p6
1642244400.0,1787428774.3134139,1,0.7854,0.1194,,0.59,0.0218,0.217,NOMINAL,NOMINAL,TRIGGERED,2,omni_p6
1642245300.0,1787428774.4397593,1,1.2566,0.1492,,0.872,0.0345,0.3,NOMINAL,NOMINAL,NORMAL,0,
1642246200.0,1787428774.5638103,1,1.0206,0.1305,,0.602,0.0259,0.237,NOMINAL,NOMINAL,NORMAL,0,
1642247100.0,1787428774.6887572,1,0.9611,0.1276,,0.662,0.0269,0.239,NOMINAL,NOMINAL,NORMAL,0,
1642248000.0,1787428774.8136492,1,0.9411,0.1268,,0.557,0.0249,0.231,NOMINAL,NOMINAL,NORMAL,0,
1642248900.0,1787428774.9388547,1,0.9781,0.1296,,0.64,0.026,0.239,NOMINAL,NOMINAL,NORMAL,0,
1642249800.0,1787428775.0635014,1,0.8591,0.1246,,0.565,0.0239,0.223,NOMINAL,NOMINAL,TRIGGERED,1,omni_p6
1642250700.0,1787428775.1884723,1,0.8299,0.1215,,0.569,0.0235,0.214,NOMINAL,NOMINAL,NORMAL,0,
1642251600.0,1787428775.3135064,1,0.828,0.127,,0.584,0.0234,0.223,NOMINAL,NOMINAL,NORMAL,0,
1642252500.0,1787428775.4394732,1,1.1898,0.1441,,0.783,0.0324,0.278,NOMINAL,NOMINAL,NORMAL,0,
1642253400.0,1787428775.5638897,1,1.0158,0.1322,,0.639,0.0273,0.24,NOMINAL,NOMINAL,NORMAL,0,
1642254300.0,1787428775.6888247,1,0.9848,0.1276,,0.66,0.0266,0.24,NOMINAL,NOMINAL,NORMAL,0,
1642255200.0,1787428775.813484,1,0.878,0.1261,,0.555,0.0217,0.22,NOMINAL,NOMINAL,TRIGGERED,1,omni_p6
1642256100.0,1787428775.9385035,1,0.8652,0.1228,,0.588,0.0233,0.221,NOMINAL,NOMINAL,TRIGGERED,2,omni_p6
1642257000.0,1787428776.0634944,1,0.8339,0.1226,,0.573,0.022,0.22,NOMINAL,NOMINAL,NORMAL,0,
1642257900.0,1787428776.188369,1,0.7918,0.1177,,0.561,0.0213,0.219,NOMINAL,NOMINAL,NORMAL,0,
1642258800.0,1787428776.3134618,1,0.7943,0.1167,,0.587,0.0217,0.217,NOMINAL,NOMINAL,NORMAL,0,
1642259700.0,1787428776.4383621,1,0.7977,0.1171,,0.555,0.0218,0.209,NOMINAL,NOMINAL,NORMAL,0,
1642260600.0,1787428776.5634181,1,0.7828,0.1167,,0.615,0.0218,0.222,NOMINAL,NOMINAL,NORMAL,0,
1642261500.0,1787428776.6885762,1,0.8593,0.124,,0.636,0.0244,0.229,NOMINAL,NOMINAL,TRIGGERED,1,omni_p6
1642262400.0,1787428776.8134384,1,0.8368,0.1179,,0.563,0.0243,0.222,NOMINAL,NOMINAL,NORMAL,0,
1642263300.0,1787428776.938484,1,0.8416,0.1201,,0.592,0.0242,0.22,NOMINAL,NOMINAL,NORMAL,0,
1642264200.0,1787428777.0633657,1,0.7828,0.1163,,0.567,0.0219,0.214,NOMINAL,NOMINAL,NORMAL,0,
1642265100.0,1787428777.1883495,1,0.7814,0.121,,0.543,0.0215,0.211,NOMINAL,NOMINAL,NORMAL,0,
1642266000.0,1787428777.313397,1,0.7768,0.1185,,0.585,0.0222,0.214,NOMINAL,NOMINAL,NORMAL,0,
1642266900.0,1787428777.43869,1,0.9055,0.1258,,0.589,0.0236,0.231,NOMINAL,NOMINAL,NORMAL,0,
1642267800.0,1787428777.5634513,1,0.8211,0.1179,,0.58,0.0221,0.215,NOMINAL,NOMINAL,NORMAL,0,
1642268700.0,1787428777.6885633,1,0.859,0.1205,,0.626,0.0234,0.23,NOMINAL,NOMINAL,NORMAL,0,
1642269600.0,1787428777.8135037,1,0.8632,0.1227,,0.559,0.0238,0.224,NOMINAL,NOMINAL,NORMAL,0,
1642270500.0,1787428777.9385254,1,0.8622,0.1214,,0.598,0.024,0.224,NOMINAL,NOMINAL,NORMAL,0,
1642271400.0,1787428778.0633988,1,0.8032,0.1163,,0.566,0.0214,0.215,NOMINAL,NOMINAL,NORMAL,0,
1642272300.0,1787428778.1884336,1,0.8037,0.1196,,0.568,0.0227,0.216,NOMINAL,NOMINAL,NORMAL,0,
1642273200.0,1787428778.313474,1,0.8061,0.1183,,0.58,0.022,0.217,NOMINAL,NOMINAL,NORMAL,0,
1642274100.0,1787428778.43839,1,0.8217,0.1189,,0.563,0.0208,0.212,NOMINAL,NOMINAL,NORMAL,0,
1642275000.0,1787428778.563297,1,0.7652,0.1161,,0.539,0.021,0.203,NOMINAL,NOMINAL,NORMAL,0,
1642275900.0,1787428778.6891282,1,1.0641,0.1378,,0.7,0.0283,0.271,NOMINAL,NOMINAL,NORMAL,0,
1642276800.0,1787428778.8138194,1,1.0185,0.1294,,0.619,0.0271,0.239,NOMINAL,NOMINAL,NORMAL,0,
1642277700.0,1787428778.9385407,1,0.8992,0.1237,,0.587,0.0252,0.224,NOMINAL,NOMINAL,NORMAL,0,
1642278600.0,1787428779.0635216,1,0.8562,0.1225,,0.561,0.0233,0.218,NOMINAL,NOMINAL,NORMAL,0,
1642279500.0,1787428779.1883857,1,0.7871,0.1181,,0.581,0.0223,0.215,NOMINAL,NOMINAL,NORMAL,0,
1642280400.0,1787428779.3134766,1,0.804,0.1213,,0.609,0.0221,0.221,NOMINAL,NOMINAL,NORMAL,0,
1642281300.0,1787428779.4397583,1,1.2082,0.1483,,0.872,0.0326,0.298,NOMINAL,NOMINAL,NORMAL,0,
1642282200.0,1787428779.5637825,1,1.0016,0.1334,,0.602,0.0269,0.244,NOMINAL,NOMINAL,TRIGGERED,1,omni_p6
1642283100.0,1787428779.6884868,1,0.85,0.1225,,0.582,0.0223,0.22,NOMINAL,NOMINAL,TRIGGERED,2,omni_p6
1642284000.0,1787428779.8136191,1,0.8982,0.1297,,0.596,0.0257,0.238,NOMINAL,NOMINAL,NORMAL,0,
1642284900.0,1787428779.9389024,1,0.9909,0.1257,,0.649,0.0271,0.244,NOMINAL,NOMINAL,NORMAL,0,
1642285800.0,1787428780.063521,1,0.8698,0.123,,0.579,0.0239,0.223,NOMINAL,NOMINAL,NORMAL,0,
1642286700.0,1787428780.1884365,1,0.8171,0.1191,,0.561,0.0223,0.218,NOMINAL,NOMINAL,NORMAL,0,
1642287600.0,1787428780.3134482,1,0.8049,0.1176,,0.591,0.0225,0.214,NOMINAL,NOMINAL,NORMAL,0,
1642288500.0,1787428780.4394548,1,1.1993,0.147,,0.742,0.0312,0.278,NOMINAL,NOMINAL,TRIGGERED,1,omni_p6
1642289400.0,1787428780.563672,1,0.9523,0.1328,,0.579,0.0243,0.227,NOMINAL,NOMINAL,TRIGGERED,2,omni_p6
1642290300.0,1787428780.688528,1,0.8571,0.1209,,0.587,0.0228,0.222,NOMINAL,NOMINAL,NORMAL,0,
1642291200.0,1787428780.8143225,1,0.9206,0.1256,0.6352,0.555,0.0266,0.248,NOMINAL,NOMINAL,NORMAL,0,
1642292100.0,1787428780.9386084,1,0.9209,0.1264,,0.593,0.0251,0.226,NOMINAL,NOMINAL,NORMAL,0,
1642293000.0,1787428781.0634804,1,0.8377,0.1224,,0.566,0.0232,0.219,NOMINAL,NOMINAL,NORMAL,0,
1642293900.0,1787428781.188473,1,0.8241,0.1203,,0.561,0.0228,0.217,NOMINAL,NOMINAL,TRIGGERED,1,omni_p6
1642294800.0,1787428781.3135016,1,0.824,0.1231,,0.593,0.023,0.219,NOMINAL,NOMINAL,TRIGGERED,2,omni_p6
1642295700.0,1787428781.4384406,1,0.8337,0.1186,,0.568,0.023,0.216,NOMINAL,NOMINAL,NORMAL,0,
1642296600.0,1787428781.563352,1,0.7805,0.1165,,0.561,0.0221,0.214,NOMINAL,NOMINAL,NORMAL,0,
1642297500.0,1787428781.6884043,1,0.7892,0.1181,,0.571,0.0215,0.214,NOMINAL,NOMINAL,NORMAL,0,
1642298400.0,1787428781.8136225,1,0.8824,0.1251,,0.639,0.0245,0.233,NOMINAL,NOMINAL,NORMAL,0,
1642299300.0,1787428781.9387698,1,0.895,0.1241,,0.608,0.0248,0.348,NOMINAL,NOMINAL,NORMAL,0,
1642300200.0,1787428782.0635471,1,0.8461,0.1207,,0.584,0.0224,0.222,NOMINAL,NOMINAL,TRIGGERED,1,omni_p6
1642301100.0,1787428782.1884096,1,0.7918,0.119,,0.587,0.0212,0.217,NOMINAL,NOMINAL,TRIGGERED,2,omni_p6
1642302000.0,1787428782.3133895,1,0.7823,0.116,,0.588,0.0202,0.212,NOMINAL,NOMINAL,NORMAL,0,
1642302900.0,1787428782.438648,1,0.884,0.1219,,0.605,0.0228,0.225,NOMINAL,NOMINAL,NORMAL,0,
1642303800.0,1787428782.563381,1,0.7957,0.118,,0.553,0.0217,0.216,NOMINAL,NOMINAL,NORMAL,0,
1642304700.0,1787428782.6883554,1,0.7778,0.1183,,0.562,0.0223,0.219,NOMINAL,NOMINAL,NORMAL,0,
1642305600.0,1787428782.8135953,1,0.8555,0.124,,0.638,0.0245,0.236,NOMINAL,NOMINAL,NORMAL,0,
1642306500.0,1787428782.9385486,1,0.8806,0.1225,,0.591,0.0229,0.221,NOMINAL,NOMINAL,NORMAL,0,
1642307400.0,1787428783.0635607,1,0.8631,0.1247,,0.618,0.0247,0.231,NOMINAL,NOMINAL,TRIGGERED,1,omni_p6
1642308300.0,1787428783.1884115,1,0.8021,0.1187,,0.562,0.022,0.219,NOMINAL,NOMINAL,NORMAL,0,
1642309200.0,1787428783.3134615,1,0.818,0.1178,,0.609,0.0219,0.217,NOMINAL,NOMINAL,NORMAL,0,
1642310100.0,1787428783.4384608,1,0.851,0.1208,,0.549,0.0235,0.225,NOMINAL,NOMINAL,NORMAL,0,
1642311000.0,1787428783.5633416,1,0.7775,0.1195,,0.547,0.0206,0.214,NOMINAL,NOMINAL,NORMAL,0,
1642311900.0,1787428783.6883435,1,0.775,0.1152,,0.562,0.0222,0.219,NOMINAL,NOMINAL,NORMAL,0,
1642312800.0,1787428783.8138366,1,0.9534,0.1303,,0.668,0.0261,0.248,NOMINAL,NOMINAL,NORMAL,0,
1642313700.0,1787428783.9385452,1,0.901,0.1221,,0.582,0.0246,0.228,NOMINAL,NOMINAL,NORMAL,0,
1642314600.0,1787428784.0634303,1,0.8207,0.1188,,0.559,0.0228,0.221,NOMINAL,NOMINAL,NORMAL,0,
1642315500.0,1787428784.188457,1,0.8203,0.1187,,0.567,0.0221,0.218,NOMINAL,NOMINAL,NORMAL,0,
1642316400.0,1787428784.3134553,1,0.8085,0.1196,,0.566,0.0217,0.219,NOMINAL,NOMINAL,NORMAL,0,
1642317300.0,1787428784.4397843,1,1.2611,0.1497,,0.888,0.0331,0.303,NOMINAL,NOMINAL,NORMAL,0,
1642318200.0,1787428784.563711,1,0.9795,0.1356,,0.598,0.0237,0.232,NOMINAL,NOMINAL,NORMAL,0,
1642319100.0,1787428784.6884952,1,0.8453,0.1266,,0.586,0.0219,0.224,NOMINAL,NOMINAL,NORMAL,0,
1642320000.0,1787428784.8134608,1,0.8438,0.1231,,0.559,0.0223,0.221,NOMINAL,NOMINAL,NORMAL,0,
1642320900.0,1787428784.9386373,1,0.9074,0.1258,,0.634,0.0229,0.233,NOMINAL,NOMINAL,NORMAL,0,
1642321800.0,1787428785.0639567,1,1.0181,0.1322,,0.642,0.0254,0.246,NOMINAL,NOMINAL,NORMAL,0,
1642322700.0,1787428785.188482,1,0.8485,0.1231,,0.582,0.0226,0.225,NOMINAL,NOMINAL,TRIGGERED,1,omni_p6
1642323600.0,1787428785.3134546,1,0.8109,0.1192,,0.6,0.0235,0.218,NOMINAL,NOMINAL,NORMAL,0,
1642324500.0,1787428785.439595,1,1.2131,0.1471,,0.834,0.0312,0.282,NOMINAL,NOMINAL,NORMAL,0,
1642325400.0,1787428785.5636473,1,0.9531,0.1298,,0.582,0.0237,0.23,NOMINAL,NOMINAL,NORMAL,0,
1642326300.0,1787428785.6887674,1,0.9665,0.1281,,0.626,0.0245,0.234,NOMINAL,NOMINAL,NORMAL,0,
1642327200.0,1787428785.8134904,1,0.8729,0.1223,,0.557,0.0237,0.22,NOMINAL,NOMINAL,NORMAL,0,
1642328100.0,1787428785.9387052,1,0.9469,0.127,,0.628,0.0245,0.234,NOMINAL,NOMINAL,NORMAL,0,
1642329000.0,1787428786.0634615,1,0.8409,0.1236,,0.581,0.0224,0.221,NOMINAL,NOMINAL,TRIGGERED,1,omni_p6
1642329900.0,1787428786.188452,1,0.8156,0.1203,,0.588,0.022,0.22,NOMINAL,NOMINAL,NORMAL,0,
1642330800.0,1787428786.3133962,1,0.7863,0.1165,,0.586,0.0219,0.215,NOMINAL,NOMINAL,NORMAL,0,
1642331700.0,1787428786.4383874,1,0.819,0.1162,,0.535,0.0204,0.22,NOMINAL,NOMINAL,NORMAL,0,
1642332600.0,1787428786.5633786,1,0.789,0.1172,,0.558,0.0207,0.21,NOMINAL,NOMINAL,NORMAL,0,
1642333500.0,1787428786.688367,1,0.7776,0.1171,,0.574,0.0211,0.217,NOMINAL,NOMINAL,NORMAL,0,
1642334400.0,1787428786.8134933,1,0.8429,0.1224,,0.56,0.0234,0.229,NOMINAL,NOMINAL,TRIGGERED,1,omni_p6
1642335300.0,1787428786.938603,1,0.8936,0.1251,,0.623,0.0254,0.237,NOMINAL,NOMINAL,TRIGGERED,2,omni_p6
1642336200.0,1787428787.0634358,1,0.8236,0.122,,0.568,0.0244,0.22,NOMINAL,NOMINAL,NORMAL,0,
1642337100.0,1787428787.1884031,1,0.8012,0.1188,,0.548,0.0234,0.22,NOMINAL,NOMINAL,NORMAL,0,
1642338000.0,1787428787.3134859,1,0.8094,0.1201,,0.598,0.0215,0.221,NOMINAL,NOMINAL,NORMAL,0,
1642338900.0,1787428787.4386978,1,0.9142,0.1278,,0.619,0.0225,0.226,NOMINAL,NOMINAL,NORMAL,0,
1642339800.0,1787428787.5633986,1,0.8096,0.1185,,0.558,0.0225,0.216,NOMINAL,NOMINAL,NORMAL,0,
1642340700.0,1787428787.6883764,1,0.7807,0.1183,,0.571,0.0226,0.221,NOMINAL,NOMINAL,TRIGGERED,1,omni_p6
1642341600.0,1787428787.8133705,1,0.8141,0.12,,0.543,0.0219,0.216,NOMINAL,NOMINAL,TRIGGERED,2,omni_p6
1642342500.0,1787428787.9385996,1,0.8697,0.1197,,0.637,0.0245,0.241,NOMINAL,NOMINAL,NORMAL,0,
1642343400.0,1787428788.0636415,1,0.8848,0.1244,,0.596,0.0235,0.235,NOMINAL,NOMINAL,NORMAL,0,
1642344300.0,1787428788.1884136,1,0.8107,0.117,,0.561,0.0215,0.221,NOMINAL,NOMINAL,NORMAL,0,
1642345200.0,1787428788.3135493,1,0.8233,0.1218,,0.625,0.0229,0.221,NOMINAL,NOMINAL,NORMAL,0,
1642346100.0,1787428788.4384015,1,0.8246,0.1155,,0.566,0.0225,0.218,NOMINAL,NOMINAL,NORMAL,0,
1642347000.0,1787428788.563355,1,0.7822,0.1188,,0.553,0.022,0.214,NOMINAL,NOMINAL,TRIGGERED,1,omni_p6
1642347900.0,1787428788.6883535,1,0.7846,0.117,,0.564,0.0214,0.218,NOMINAL,NOMINAL,NORMAL,0,
1642348800.0,1787428788.813334,1,0.802,0.1174,,0.536,0.0215,0.218,NOMINAL,NOMINAL,NORMAL,0,
1642349700.0,1787428788.938598,1,0.9035,0.1232,,0.623,0.0237,0.233,NOMINAL,NOMINAL,NORMAL,0,
1642350600.0,1787428789.0634847,1,0.8653,0.1239,,0.589,0.0226,0.219,NOMINAL,NOMINAL,NORMAL,0,
1642351500.0,1787428789.1883924,1,0.8118,0.1215,,0.549,0.0222,0.218,NOMINAL,NOMINAL,NORMAL,0,
1642352400.0,1787428789.31341,1,0.8157,0.1188,,0.579,0.0213,0.215,NOMINAL,NOMINAL,NORMAL,0,
1642353300.0,1787428789.4398284,1,1.3026,0.1541,,0.871,0.033,0.305,NOMINAL,NOMINAL,NORMAL,0,
1642354200.0,1787428789.5637314,1,1.005,0.1318,,0.605,0.0264,0.249,NOMINAL,NOMINAL,NORMAL,0,
1642355100.0,1787428789.688454,1,0.8586,0.1204,,0.57,0.0231,0.226,NOMINAL,NOMINAL,NORMAL,0,
1642356000.0,1787428789.8136995,1,0.9026,0.1285,,0.585,0.0249,0.317,NOMINAL,NOMINAL,NORMAL,0,
1642356900.0,1787428789.9386601,1,0.8476,0.1199,,0.759,0.0232,0.271,NOMINAL,NOMINAL,NORMAL,0,
1642357800.0,1787428790.064365,1,1.1669,0.1627,,0.743,0.0298,0.273,NOMINAL,NOMINAL,NORMAL,0,
1642358700.0,1787428790.1887083,1,0.9636,0.1313,,0.597,0.0265,0.237,NOMINAL,NOMINAL,NORMAL,0,
1642359600.0,1787428790.3135962,1,0.9025,0.129,,0.569,0.0229,0.224,NOMINAL,NOMINAL,NORMAL,0,
1642360500.0,1787428790.4395137,1,1.2484,0.1488,,0.748,0.029,0.275,NOMINAL,NOMINAL,NORMAL,0,
1642361400.0,1787428790.5636697,1,0.9841,0.1332,,0.587,0.0229,0.227,NOMINAL,NOMINAL,NORMAL,0,
1642362300.0,1787428790.688362,1,0.8069,0.119,,0.542,0.0209,0.218,NOMINAL,NOMINAL,NORMAL,0,
1642363200.0,1787428790.8133695,1,0.8271,0.1232,,0.538,0.021,0.215,NOMINAL,NOMINAL,NORMAL,0,
1642364100.0,1787428790.9383616,1,0.8172,0.1193,,0.544,0.0219,0.212,NOMINAL,NOMINAL,NORMAL,0,
1642365000.0,1787428791.0638726,1,0.9897,0.1346,,0.665,0.0265,0.247,NOMINAL,NOMINAL,NORMAL,0,
1642365900.0,1787428791.1883364,1,0.7799,0.1193,,0.561,0.0219,0.219,NOMINAL,NOMINAL,NORMAL,0,
1642366800.0,1787428791.3134887,1,0.8123,0.1212,,0.602,0.0231,0.22,NOMINAL,NOMINAL,NORMAL,0,
1642367700.0,1787428791.438538,1,0.8611,0.1215,,0.574,0.0222,0.217,NOMINAL,NOMINAL,TRIGGERED,1,omni_p6
1642368600.0,1787428791.56335,1,0.7949,0.1174,,0.55,0.0216,0.21,NOMINAL,NOMINAL,NORMAL,0,
1642369500.0,1787428791.6883788,1,0.7883,0.1176,,0.559,0.0208,0.211,NOMINAL,NOMINAL,NORMAL,0,
1642370400.0,1787428791.8133507,1,0.7869,0.1167,,0.55,0.0209,0.216,NOMINAL,NOMINAL,NORMAL,0,
1642371300.0,1787428791.938414,1,0.8231,0.1178,,0.551,0.0207,0.212,NOMINAL,NOMINAL,NORMAL,0,
1642372200.0,1787428792.063663,1,0.8787,0.1206,,0.654,0.0251,0.24,NOMINAL,NOMINAL,NORMAL,0,
1642373100.0,1787428792.188387,1,0.8048,0.1156,,0.56,0.023,0.219,NOMINAL,NOMINAL,TRIGGERED,1,omni_p6
1642374000.0,1787428792.3134046,1,0.8145,0.1168,,0.565,0.0205,0.217,NOMINAL,NOMINAL,TRIGGERED,2,omni_p6
1642374900.0,1787428792.4386404,1,0.9064,0.1261,,0.574,0.0221,0.226,NOMINAL,NOMINAL,NORMAL,0,
1642375800.0,1787428792.5633528,1,0.8007,0.1164,,0.548,0.021,0.21,NOMINAL,NOMINAL,NORMAL,0,
1642376700.0,1787428792.6883655,1,0.7895,0.1158,,0.551,0.0208,0.215,NOMINAL,NOMINAL,NORMAL,0,
1642377600.0,1787428792.8141465,1,0.8203,0.1189,0.6659,0.536,0.0235,0.226,NOMINAL,NOMINAL,NORMAL,0,
1642378500.0,1787428792.9384868,1,0.8536,0.1229,,0.573,0.0213,0.218,NOMINAL,NOMINAL,NORMAL,0,
1642379400.0,1787428793.063722,1,0.9192,0.1344,,0.647,0.0262,0.237,NOMINAL,NOMINAL,TRIGGERED,1,omni_p6
1642380300.0,1787428793.188531,1,0.8594,0.1235,,0.578,0.0226,0.225,NOMINAL,NOMINAL,TRIGGERED,2,omni_p6
1642381200.0,1787428793.313581,1,0.8683,0.1199,,0.59,0.0233,0.227,NOMINAL,NOMINAL,NORMAL,0,
1642382100.0,1787428793.4384322,1,0.8369,0.1171,,0.562,0.0223,0.215,NOMINAL,NOMINAL,NORMAL,0,
1642383000.0,1787428793.5633156,1,0.7806,0.115,,0.543,0.0209,0.209,NOMINAL,NOMINAL,NORMAL,0,
1642383900.0,1787428793.6883793,1,0.7918,0.1165,,0.561,0.0219,0.217,NOMINAL,NOMINAL,NORMAL,0,
1642384800.0,1787428793.8133137,1,0.7833,0.1162,,0.527,0.0218,0.218,NOMINAL,NOMINAL,NORMAL,0,
1642385700.0,1787428793.938345,1,0.8011,0.1184,,0.538,0.0213,0.213,NOMINAL,NOMINAL,TRIGGERED,1,omni_p6
1642386600.0,1787428794.0638895,1,0.9742,0.1359,,0.659,0.0262,0.245,NOMINAL,NOMINAL,TRIGGERED,2,omni_p6
1642387500.0,1787428794.188512,1,0.8531,0.1254,,0.59,0.0237,0.228,NOMINAL,NOMINAL,NORMAL,0,
1642388400.0,1787428794.3134212,1,0.8076,0.1189,,0.582,0.0228,0.219,NOMINAL,NOMINAL,NORMAL,0,
1642389300.0,1787428794.439648,1,1.2704,0.1473,,0.763,0.0307,0.277,NOMINAL,NOMINAL,NORMAL,0,
1642390200.0,1787428794.5637808,1,1.0191,0.1359,,0.594,0.024,0.233,NOMINAL,NOMINAL,NORMAL,0,
1642391100.0,1787428794.6886516,1,0.9182,0.1279,,0.587,0.0224,0.222,NOMINAL,NOMINAL,NORMAL,0,
1642392000.0,1787428794.813485,1,0.8605,0.1245,,0.56,0.0227,0.221,NOMINAL,NOMINAL,TRIGGERED,1,omni_p6
1642392900.0,1787428794.938453,1,0.8641,0.1206,,0.544,0.0222,0.217,NOMINAL,NOMINAL,NORMAL,0,
1642393800.0,1787428795.0640914,1,1.0137,0.1341,,0.736,0.0287,0.266,NOMINAL,NOMINAL,NORMAL,0,
1642394700.0,1787428795.1885662,1,0.9061,0.1244,,0.588,0.0223,0.223,NOMINAL,NOMINAL,NORMAL,0,
1642395600.0,1787428795.3135355,1,0.8454,0.1247,,0.601,0.0217,0.222,NOMINAL,NOMINAL,NORMAL,0,
1642396500.0,1787428795.439408,1,1.1912,0.1449,,0.723,0.0299,0.275,NOMINAL,NOMINAL,NORMAL,0,
1642397400.0,1787428795.5636554,1,0.9621,0.1316,,0.582,0.0244,0.222,NOMINAL,NOMINAL,NORMAL,0,
1642398300.0,1787428795.6884444,1,0.8474,0.1222,,0.556,0.0218,0.217,NOMINAL,NOMINAL,NORMAL,0,
1642399200.0,1787428795.8134987,1,0.8609,0.1226,,0.555,0.022,0.226,NOMINAL,NOMINAL,NORMAL,0,
1642400100.0,1787428795.938486,1,0.869,0.1186,,0.556,0.0231,0.223,NOMINAL,NOMINAL,NORMAL,0,
1642401000.0,1787428796.0634956,1,0.8396,0.1223,,0.575,0.0241,0.221,NOMINAL,NOMINAL,NORMAL,0,
1642401900.0,1787428796.1886256,1,0.8843,0.1253,,0.612,0.0256,0.236,NOMINAL,NOMINAL,NORMAL,0,
1642402800.0,1787428796.3135128,1,0.8492,0.121,,0.574,0.0232,0.222,NOMINAL,NOMINAL,NORMAL,0,
1642403700.0,1787428796.438425,1,0.8462,0.1204,,0.553,0.0215,0.216,NOMINAL,NOMINAL,NORMAL,0,
1642404600.0,1787428796.563365,1,0.7927,0.1167,,0.561,0.0202,0.21,NOMINAL,NOMINAL,NORMAL,0,
1642405500.0,1787428796.6883905,1,0.7952,0.1176,,0.562,0.0219,0.214,NOMINAL,NOMINAL,NORMAL,0,
1642406400.0,1787428796.8133779,1,0.8033,0.1182,,0.553,0.0229,0.219,NOMINAL,NOMINAL,NORMAL,0,
1642407300.0,1787428796.938427,1,0.8221,0.1192,,0.552,0.0215,0.216,NOMINAL,NOMINAL,NORMAL,0,
1642408200.0,1787428797.063642,1,0.8713,0.1265,,0.609,0.0227,0.229,NOMINAL,NOMINAL,TRIGGERED,1,omni_p6
1642409100.0,1787428797.1885653,1,0.8565,0.12,,0.632,0.0238,0.237,NOMINAL,NOMINAL,NORMAL,0,
1642410000.0,1787428797.3135252,1,0.834,0.1212,,0.617,0.0224,0.22,NOMINAL,NOMINAL,NORMAL,0,
1642410900.0,1787428797.4386723,1,0.8967,0.1225,,0.606,0.0238,0.227,NOMINAL,NOMINAL,NORMAL,0,
1642411800.0,1787428797.563357,1,0.8141,0.1189,,0.544,0.0201,0.212,NOMINAL,NOMINAL,NORMAL,0,
1642412700.0,1787428797.688388,1,0.8209,0.1192,,0.551,0.0207,0.215,NOMINAL,NOMINAL,NORMAL,0,
1642413600.0,1787428797.8134935,1,0.8583,0.1272,,0.558,0.0232,0.222,NOMINAL,NOMINAL,TRIGGERED,1,omni_p6
1642414500.0,1787428797.9386969,1,0.9538,0.1339,,0.588,0.0231,0.228,NOMINAL,NOMINAL,TRIGGERED,2,omni_p6
1642415400.0,1787428798.0634718,1,0.8572,0.1215,,0.579,0.0246,0.22,NOMINAL,NOMINAL,NORMAL,0,
1642416300.0,1787428798.1885521,1,0.8733,0.1268,,0.615,0.0247,0.232,NOMINAL,NOMINAL,NORMAL,0,
1642417200.0,1787428798.3134627,1,0.8615,0.1267,,0.561,0.0215,0.216,NOMINAL,NOMINAL,NORMAL,0,
1642418100.0,1787428798.4384181,1,0.8668,0.1224,,0.518,0.0213,0.217,NOMINAL,NOMINAL,NORMAL,0,
1642419000.0,1787428798.5633638,1,0.8143,0.124,,0.531,0.0212,0.213,NOMINAL,NOMINAL,NORMAL,0,
1642419900.0,1787428798.6883433,1,0.806,0.1199,,0.537,0.0209,0.211,NOMINAL,NOMINAL,TRIGGERED,1,omni_p6
1642420800.0,1787428798.8135362,1,0.8794,0.1268,,0.538,0.0217,0.223,NOMINAL,NOMINAL,TRIGGERED,2,omni_p6
1642421700.0,1787428798.9384353,1,0.8634,0.1191,,0.552,0.0217,0.213,NOMINAL,NOMINAL,NORMAL,0,
1642422600.0,1787428799.0634701,1,0.8449,0.1225,,0.567,0.0232,0.218,NOMINAL,NOMINAL,NORMAL,0,
1642423500.0,1787428799.1887403,1,0.9449,0.1309,,0.636,0.0251,0.239,NOMINAL,NOMINAL,NORMAL,0,
1642424400.0,1787428799.3142965,1,1.1252,0.1455,,0.728,0.0291,0.265,NOMINAL,NOMINAL,NORMAL,0,
1642425300.0,1787428799.4396975,1,1.2506,0.1498,,0.813,0.0313,0.288,NOMINAL,NOMINAL,NORMAL,0,
1642426200.0,1787428799.5636919,1,0.9833,0.1311,,0.588,0.0245,0.234,NOMINAL,NOMINAL,TRIGGERED,1,omni_p6
1642427100.0,1787428799.6885164,1,0.8804,0.1218,,0.57,0.0225,0.224,NOMINAL,NOMINAL,NORMAL,0,
1642428000.0,1787428799.8134685,1,0.8541,0.1237,,0.569,0.0224,0.221,NOMINAL,NOMINAL,NORMAL,0,
1642428900.0,1787428799.9384065,1,0.8453,0.1207,,0.549,0.0207,0.211,NOMINAL,NOMINAL,NORMAL,0,
1642429800.0,1787428800.0636377,1,0.8886,0.1216,,0.612,0.0217,0.224,NOMINAL,NOMINAL,NORMAL,0,
1642430700.0,1787428800.188967,1,0.9908,0.133,,0.686,0.0259,0.251,NOMINAL,NOMINAL,NORMAL,0,
1642431600.0,1787428800.3135128,1,0.8866,0.1261,,0.561,0.0221,0.217,NOMINAL,NOMINAL,TRIGGERED,1,omni_p6
1642432500.0,1787428800.439356,1,1.1622,0.1479,,0.715,0.0288,0.27,NOMINAL,NOMINAL,TRIGGERED,2,omni_p6
1642433400.0,1787428800.5636325,1,0.9578,0.1285,,0.574,0.0229,0.226,NOMINAL,NOMINAL,NORMAL,0,
1642434300.0,1787428800.688417,1,0.8327,0.1201,,0.559,0.0206,0.218,NOMINAL,NOMINAL,NORMAL,0,
1642435200.0,1787428800.8134055,1,0.8175,0.1224,,0.572,0.0216,0.216,NOMINAL,NOMINAL,NORMAL,0,
1642436100.0,1787428800.9386165,1,0.888,0.123,,0.591,0.0235,0.22,NOMINAL,NOMINAL,NORMAL,0,
1642437000.0,1787428801.0635228,1,0.8412,0.1207,,0.612,0.0235,0.225,NOMINAL,NOMINAL,NORMAL,0,
1642437900.0,1787428801.1883626,1,0.7943,0.1173,,0.546,0.0217,0.215,NOMINAL,NOMINAL,NORMAL,0,
1642438800.0,1787428801.3135872,1,0.8569,0.1198,,0.641,0.0252,0.229,NOMINAL,NOMINAL,NORMAL,0,
1642439700.0,1787428801.4385073,1,0.8714,0.1255,,0.551,0.0216,0.231,NOMINAL,NOMINAL,NORMAL,0,
1642440600.0,1787428801.563487,1,0.8268,0.1242,,0.566,0.0224,0.217,NOMINAL,NOMINAL,NORMAL,0,
1642441500.0,1787428801.6883702,1,0.7955,0.1165,,0.558,0.0203,0.213,NOMINAL,NOMINAL,NORMAL,0,
1642442400.0,1787428801.8134952,1,0.8388,0.1227,,0.566,0.0229,0.226,NOMINAL,NOMINAL,NORMAL,0,
1642443300.0,1787428801.9383764,1,0.8243,0.1176,,0.541,0.0216,0.212,NOMINAL,NOMINAL,NORMAL,0,
1642444200.0,1787428802.0634644,1,0.8082,0.1203,,0.587,0.0226,0.221,NOMINAL,NOMINAL,NORMAL,0,
1642445100.0,1787428802.1885386,1,0.8591,0.1253,,0.57,0.0224,0.22,NOMINAL,NOMINAL,NORMAL,0,
1642446000.0,1787428802.3137481,1,0.9098,0.1241,,0.641,0.0232,0.23,NOMINAL,NOMINAL,NORMAL,0,
1642446900.0,1787428802.4386704,1,0.9385,0.1253,,0.568,0.0223,0.224,NOMINAL,NOMINAL,NORMAL,0,
1642447800.0,1787428802.5637836,1,0.9282,0.1236,,0.635,0.024,0.233,NOMINAL,NOMINAL,NORMAL,0,
1642448700.0,1787428802.6888,1,0.9375,0.1279,,0.643,0.0243,0.237,NOMINAL,NOMINAL,NORMAL,0,
1642449600.0,1787428802.813991,1,0.9485,0.1308,,0.753,0.0265,0.304,NOMINAL,NOMINAL,NORMAL,0,
1642450500.0,1787428802.9393423,1,1.1564,0.1425,,0.754,0.0298,0.276,NOMINAL,NOMINAL,NORMAL,0,
1642451400.0,1787428803.0644548,1,1.1372,0.1456,,0.817,0.0304,0.348,NOMINAL,NOMINAL,NORMAL,0,
1642452300.0,1787428803.1888492,1,0.9815,0.1338,,0.711,0.028,0.281,NOMINAL,NOMINAL,TRIGGERED,1,omni_p6
1642453200.0,1787428803.3139977,1,0.9855,0.1298,,0.772,0.0305,0.28,NOMINAL,NOMINAL,TRIGGERED,2,omni_p6
1642454100.0,1787428803.4391325,1,1.104,0.135,,0.717,0.0299,0.264,NOMINAL,NOMINAL,NORMAL,0,
1642455000.0,1787428803.563756,1,1.0011,0.1368,,0.543,0.0228,0.219,NOMINAL,NOMINAL,NORMAL,0,
1642455900.0,1787428803.6885884,1,0.9356,0.1287,,0.528,0.023,0.218,NOMINAL,NOMINAL,NORMAL,0,
1642456800.0,1787428803.8134792,1,0.9072,0.1299,,0.493,0.0201,0.209,NOMINAL,NOMINAL,NORMAL,0,
1642457700.0,1787428803.9384587,1,0.9045,0.1231,,0.487,0.0203,0.201,NOMINAL,NOMINAL,NORMAL,0,
1642458600.0,1787428804.0634608,1,0.8652,0.1254,,0.527,0.0211,0.214,NOMINAL,NOMINAL,TRIGGERED,1,omni_p6
1642459500.0,1787428804.188505,1,0.8902,0.1244,,0.507,0.0194,0.206,NOMINAL,NOMINAL,TRIGGERED,2,omni_p6
1642460400.0,1787428804.313669,1,0.8683,0.1235,,0.639,0.0248,0.227,NOMINAL,NOMINAL,NORMAL,0,
1642461300.0,1787428804.4392939,1,1.2162,0.1474,,0.58,0.0256,0.238,NOMINAL,NOMINAL,NORMAL,0,
1642462200.0,1787428804.563734,1,1.0542,0.1345,,0.519,0.0201,0.201,NOMINAL,NOMINAL,NORMAL,0,
1642463100.0,1787428804.6884527,1,0.8897,0.123,,0.492,0.0195,0.207,NOMINAL,NOMINAL,NORMAL,0,
1642464000.0,1787428804.8141701,1,0.8889,0.121,0.6271,0.485,0.0196,0.212,NOMINAL,NOMINAL,NORMAL,0,
1642464900.0,1787428804.9385478,1,0.9395,0.1264,,0.493,0.0211,0.206,NOMINAL,NOMINAL,TRIGGERED,1,omni_p6
1642465800.0,1787428805.0635467,1,0.8649,0.1262,,0.564,0.0217,0.214,NOMINAL,NOMINAL,TRIGGERED,2,omni_p6
1642466700.0,1787428805.188682,1,0.9432,0.1291,,0.541,0.0229,0.222,NOMINAL,NOMINAL,NORMAL,0,
1642467600.0,1787428805.313856,1,0.954,0.1321,,0.66,0.025,0.239,NOMINAL,NOMINAL,NORMAL,0,
1642468500.0,1787428805.4392965,1,1.1823,0.1428,,0.651,0.0257,0.255,NOMINAL,NOMINAL,NORMAL,0,
1642469400.0,1787428805.5636609,1,0.9883,0.1317,,0.524,0.0205,0.21,NOMINAL,NOMINAL,NORMAL,0,
1642470300.0,1787428805.68843,1,0.8696,0.1246,,0.493,0.0192,0.198,NOMINAL,NOMINAL,TRIGGERED,1,omni_p6
1642471200.0,1787428805.8133886,1,0.828,0.1218,,0.502,0.0177,0.204,NOMINAL,NOMINAL,TRIGGERED,2,omni_p6
1642472100.0,1787428805.9384,1,0.8466,0.1193,,0.492,0.0197,0.204,NOMINAL,NOMINAL,NORMAL,0,
1642473000.0,1787428806.0636005,1,0.8832,0.1214,,0.56,0.0215,0.225,NOMINAL,NOMINAL,NORMAL,0,
1642473900.0,1787428806.188328,1,0.8111,0.1187,,0.483,0.0197,0.203,NOMINAL,NOMINAL,NORMAL,0,
1642474800.0,1787428806.3133605,1,0.8027,0.1179,,0.515,0.0188,0.198,NOMINAL,NOMINAL,NORMAL,0,
1642475700.0,1787428806.4386787,1,0.8796,0.123,,0.623,0.0245,0.228,NOMINAL,NOMINAL,NORMAL,0,
1642476600.0,1787428806.5634167,1,0.8469,0.1218,,0.496,0.0186,0.198,NOMINAL,NOMINAL,TRIGGERED,1,omni_p6
1642477500.0,1787428806.688361,1,0.8217,0.1213,,0.49,0.0197,0.202,NOMINAL,NOMINAL,TRIGGERED,2,omni_p6
1642478400.0,1787428806.8133714,1,0.8197,0.1179,,0.494,0.0196,0.202,NOMINAL,NOMINAL,NORMAL,0,
1642479300.0,1787428806.9383578,1,0.8369,0.1171,,0.478,0.0184,0.198,NOMINAL,NOMINAL,NORMAL,0,
1642480200.0,1787428807.0634692,1,0.8093,0.1192,,0.556,0.0218,0.214,NOMINAL,NOMINAL,NORMAL,0,
1642481100.0,1787428807.188297,1,0.7949,0.1192,,0.48,0.019,0.195,NOMINAL,NOMINAL,NORMAL,0,
1642482000.0,1787428807.313529,1,0.8464,0.1225,,0.55,0.0207,0.213,NOMINAL,NOMINAL,NORMAL,0,
1642482900.0,1787428807.439064,1,1.0476,0.1362,,0.677,0.0292,0.257,NOMINAL,NOMINAL,NORMAL,0,
1642483800.0,1787428807.5634131,1,0.8656,0.1244,,0.487,0.0188,0.194,NOMINAL,NOMINAL,NORMAL,0,
1642484700.0,1787428807.6883495,1,0.8213,0.1199,,0.49,0.0188,0.199,NOMINAL,NOMINAL,NORMAL,0,
1642485600.0,1787428807.813451,1,0.8468,0.1214,,0.511,0.0204,0.213,NOMINAL,NOMINAL,NORMAL,0,
1642486500.0,1787428807.9384012,1,0.8369,0.1182,,0.499,0.0196,0.2,NOMINAL,NOMINAL,NORMAL,0,
1642487400.0,1787428808.063437,1,0.8209,0.1202,,0.533,0.0217,0.21,NOMINAL,NOMINAL,NORMAL,0,
1642488300.0,1787428808.1884305,1,0.8228,0.1176,,0.519,0.0204,0.212,NOMINAL,NOMINAL,NORMAL,0,
1642489200.0,1787428808.313359,1,0.8127,0.1177,,0.485,0.0185,0.197,NOMINAL,NOMINAL,NORMAL,0,
1642490100.0,1787428808.438685,1,0.8955,0.1221,,0.625,0.0242,0.232,NOMINAL,NOMINAL,NORMAL,0,
1642491000.0,1787428808.563325,1,0.8232,0.1187,,0.483,0.0183,0.194,NOMINAL,NOMINAL,NORMAL,0,
1642491900.0,1787428808.6883132,1,0.8043,0.116,,0.482,0.0187,0.2,NOMINAL,NOMINAL,NORMAL,0,
1642492800.0,1787428808.8133435,1,0.7977,0.1196,,0.501,0.0188,0.206,NOMINAL,NOMINAL,TRIGGERED,1,omni_p6
1642493700.0,1787428808.9383101,1,0.8162,0.1163,,0.477,0.0174,0.192,NOMINAL,NOMINAL,NORMAL,0,
1642494600.0,1787428809.0634756,1,0.8377,0.1214,,0.536,0.0199,0.209,NOMINAL,NOMINAL,NORMAL,0,
1642495500.0,1787428809.1883426,1,0.8048,0.1184,,0.5,0.0191,0.209,NOMINAL,NOMINAL,NORMAL,0,
1642496400.0,1787428809.3134072,1,0.8036,0.1204,,0.536,0.0195,0.206,NOMINAL,NOMINAL,TRIGGERED,1,omni_p6
1642497300.0,1787428809.4395823,1,1.2567,0.1492,,0.725,0.0281,0.261,NOMINAL,NOMINAL,NORMAL,0,
1642498200.0,1787428809.5637102,1,1.0193,0.1341,,0.528,0.0212,0.204,NOMINAL,NOMINAL,NORMAL,0,
1642499100.0,1787428809.6884925,1,0.8857,0.1279,,0.519,0.0202,0.205,NOMINAL,NOMINAL,TRIGGERED,1,omni_p6
1642500000.0,1787428809.8134546,1,0.8607,0.1249,,0.51,0.0188,0.204,NOMINAL,NOMINAL,NORMAL,0,
1642500900.0,1787428809.9383943,1,0.8678,0.1183,,0.481,0.0188,0.194,NOMINAL,NOMINAL,NORMAL,0,
1642501800.0,1787428810.063473,1,0.8302,0.1216,,0.545,0.0206,0.221,NOMINAL,NOMINAL,NORMAL,0,
1642502700.0,1787428810.1886532,1,0.9167,0.1282,,0.549,0.0231,0.219,NOMINAL,NOMINAL,NORMAL,0,
1642503600.0,1787428810.3134327,1,0.8646,0.1235,,0.493,0.0192,0.2,NOMINAL,NOMINAL,NORMAL,0,
1642504500.0,1787428810.4395413,1,1.2488,0.1486,,0.721,0.0278,0.269,NOMINAL,NOMINAL,TRIGGERED,1,omni_p6
1642505400.0,1787428810.5643516,1,1.1614,0.1495,,0.734,0.0301,0.271,NOMINAL,NOMINAL,TRIGGERED,2,omni_p6
1642506300.0,1787428810.6887436,1,0.9718,0.1302,,0.595,0.0422,0.26,NOMINAL,NOMINAL,NORMAL,0,
1642507200.0,1787428810.813537,1,0.922,0.1282,,0.503,0.0195,0.21,NOMINAL,NOMINAL,NORMAL,0,
1642508100.0,1787428810.9384446,1,0.8872,0.12,,0.482,0.0188,0.2,NOMINAL,NOMINAL,NORMAL,0,
1642509000.0,1787428811.063321,1,0.8351,0.1209,,0.448,0.0179,0.187,NOMINAL,NOMINAL,NORMAL,0,
1642509900.0,1787428811.188505,1,0.8424,0.1219,,0.535,0.0221,0.217,NOMINAL,NOMINAL,NORMAL,0,
1642510800.0,1787428811.31344,1,0.8372,0.1199,,0.506,0.0208,0.208,NOMINAL,NOMINAL,TRIGGERED,1,omni_p6
1642511700.0,1787428811.4384,1,0.835,0.1199,,0.502,0.0204,0.204,NOMINAL,NOMINAL,TRIGGERED,2,omni_p6
1642512600.0,1787428811.5636587,1,0.8637,0.1216,,0.63,0.0238,0.228,NOMINAL,NOMINAL,NORMAL,0,
1642513500.0,1787428811.6883667,1,0.823,0.1202,,0.493,0.02,0.202,NOMINAL,NOMINAL,NORMAL,0,
1642514400.0,1787428811.8133914,1,0.8083,0.1194,,0.515,0.0199,0.21,NOMINAL,NOMINAL,NORMAL,0,
1642515300.0,1787428811.9383287,1,0.8324,0.1165,,0.461,0.019,0.19,NOMINAL,NOMINAL,NORMAL,0,
1642516200.0,1787428812.0633645,1,0.8184,0.1191,,0.48,0.0193,0.2,NOMINAL,NOMINAL,NORMAL,0,
1642517100.0,1787428812.188557,1,0.835,0.1253,,0.581,0.023,0.226,NOMINAL,NOMINAL,TRIGGERED,1,omni_p6
1642518000.0,1787428812.31343,1,0.8358,0.1211,,0.51,0.0192,0.199,NOMINAL,NOMINAL,TRIGGERED,2,omni_p6
1642518900.0,1787428812.4391055,1,1.1324,0.1417,,0.596,0.0252,0.242,NOMINAL,NOMINAL,NORMAL,0,
1642519800.0,1787428812.564008,1,1.0412,0.1353,,0.664,0.0273,0.249,NOMINAL,NOMINAL,NORMAL,0,
1642520700.0,1787428812.6889262,1,1.0333,0.1332,,0.577,0.1047,0.322,NOMINAL,NOMINAL,NORMAL,0,
1642521600.0,1787428812.81363,1,0.946,0.1316,,0.54,0.0219,0.22,NOMINAL,NOMINAL,NORMAL,0,
1642522500.0,1787428812.938599,1,0.9223,0.1276,,0.541,0.0215,0.21,NOMINAL,NOMINAL,NORMAL,0,
1642523400.0,1787428813.063391,1,0.8073,0.1161,,0.581,0.0205,0.205,NOMINAL,NOMINAL,NORMAL,0,
1642524300.0,1787428813.188465,1,0.8399,0.1238,,0.556,0.0211,0.214,NOMINAL,NOMINAL,NORMAL,0,
1642525200.0,1787428813.3132873,1,0.7662,0.1186,,0.498,0.0199,0.229,NOMINAL,NOMINAL,NORMAL,0,
1642526100.0,1787428813.4382815,1,0.7748,0.117,,0.492,0.0193,0.207,NOMINAL,NOMINAL,NORMAL,0,
1642527000.0,1787428813.563589,1,0.8528,0.1173,,0.611,0.0237,0.227,NOMINAL,NOMINAL,NORMAL,0,
1642527900.0,1787428813.688382,1,0.8395,0.1191,,0.501,0.0199,0.2,NOMINAL,NOMINAL,NORMAL,0,
1642528800.0,1787428813.8134444,1,0.8433,0.1229,,0.518,0.0203,0.214,NOMINAL,NOMINAL,NORMAL,0,
1642529700.0,1787428813.938238,1,0.7767,0.1162,,0.478,0.0187,0.2,NOMINAL,NOMINAL,NORMAL,0,
1642530600.0,1787428814.0633018,1,0.7929,0.1176,,0.474,0.0184,0.195,NOMINAL,NOMINAL,NORMAL,0,
1642531500.0,1787428814.1889398,1,1.0331,0.1359,,0.591,0.026,0.232,NOMINAL,NOMINAL,NORMAL,0,
1642532400.0,1787428814.3136113,1,0.9425,0.1286,,0.525,0.0203,0.211,NOMINAL,NOMINAL,NORMAL,0,
1642533300.0,1787428814.4394207,1,1.2297,0.1472,,0.644,0.0269,0.256,NOMINAL,NOMINAL,NORMAL,0,
1642534200.0,1787428814.5640807,1,1.0884,0.1357,,0.67,0.027,0.246,NOMINAL,NOMINAL,NORMAL,0,
1642535100.0,1787428814.688564,1,0.9342,0.1297,,0.513,0.0203,0.202,NOMINAL,NOMINAL,NORMAL,0,
1642536000.0,1787428814.813497,1,0.8923,0.1249,,0.504,0.0195,0.206,NOMINAL,NOMINAL,NORMAL,0,
1642536900.0,1787428814.9384346,1,0.8665,0.1227,,0.495,0.02,0.212,NOMINAL,NOMINAL,NORMAL,0,
1642537800.0,1787428815.063456,1,0.8586,0.1234,,0.497,0.0193,0.205,NOMINAL,NOMINAL,TRIGGERED,1,omni_p6
1642538700.0,1787428815.1887443,1,0.9135,0.1279,,0.612,0.0237,0.235,NOMINAL,NOMINAL,NORMAL,0,
1642539600.0,1787428815.3134866,1,0.8698,0.1233,,0.541,0.0197,0.207,NOMINAL,NOMINAL,NORMAL,0,
1642540500.0,1787428815.4393077,1,1.1978,0.1462,,0.634,0.0267,0.251,NOMINAL,NOMINAL,NORMAL,0,
1642541400.0,1787428815.5640023,1,1.0448,0.1347,,0.666,0.0284,0.246,NOMINAL,NOMINAL,NORMAL,0,
1642542300.0,1787428815.6886446,1,0.9602,0.1327,,0.53,0.0215,0.218,NOMINAL,NOMINAL,NORMAL,0,
1642543200.0,1787428815.8134816,1,0.8773,0.1247,,0.521,0.0201,0.21,NOMINAL,NOMINAL,NORMAL,0,
1642544100.0,1787428815.9384341,1,0.8731,0.1208,,0.485,0.0191,0.204,NOMINAL,NOMINAL,TRIGGERED,1,omni_p6
1642545000.0,1787428816.0632668,1,0.8152,0.1177,,0.45,0.0179,0.185,NOMINAL,NOMINAL,NORMAL,0,
1642545900.0,1787428816.1885054,1,0.8284,0.1221,,0.568,0.0226,0.216,NOMINAL,NOMINAL,NORMAL,0,
1642546800.0,1787428816.313354,1,0.8059,0.1164,,0.505,0.0195,0.2,NOMINAL,NOMINAL,NORMAL,0,
1642547700.0,1787428816.4383442,1,0.8321,0.1179,,0.465,0.0184,0.192,NOMINAL,NOMINAL,NORMAL,0,
1642548600.0,1787428816.5638974,1,0.8137,0.1191,,1.005,0.0226,0.232,NOMINAL,NOMINAL,NORMAL,0,
1642549500.0,1787428816.6885598,1,0.8807,0.1254,,0.559,0.0222,0.219,NOMINAL,NOMINAL,TRIGGERED,1,omni_p6
1642550400.0,1787428816.8141851,1,0.8945,0.1281,0.6202,0.484,0.0212,0.215,NOMINAL,NOMINAL,TRIGGERED,2,omni_p6
1642551300.0,1787428816.938435,1,0.8959,0.1219,,0.482,0.0207,0.206,NOMINAL,NOMINAL,NORMAL,0,
1642552200.0,1787428817.0633445,1,0.8186,0.1175,,0.474,0.021,0.201,NOMINAL,NOMINAL,NORMAL,0,
1642553100.0,1787428817.1885157,1,0.8499,0.12,,0.551,0.0211,0.217,NOMINAL,NOMINAL,NORMAL,0,
1642554000.0,1787428817.313441,1,0.8386,0.1212,,0.518,0.0199,0.208,NOMINAL,NOMINAL,NORMAL,0,
1642554900.0,1787428817.4386282,1,0.9328,0.1242,,0.544,0.0207,0.215,NOMINAL,NOMINAL,NORMAL,0,
1642555800.0,1787428817.563519,1,0.8961,0.1246,,0.505,0.0196,0.205,NOMINAL,NOMINAL,TRIGGERED,1,omni_p6
1642556700.0,1787428817.688777,1,0.9328,0.1288,,0.638,0.0247,0.242,NOMINAL,NOMINAL,TRIGGERED,2,omni_p6
1642557600.0,1787428817.8134372,1,0.8635,0.1252,,0.508,0.0202,0.214,NOMINAL,NOMINAL,NORMAL,0,
1642558500.0,1787428817.9383886,1,0.8445,0.12,,0.496,0.0194,0.205,NOMINAL,NOMINAL,NORMAL,0,
1642559400.0,1787428818.063356,1,0.8376,0.1212,,0.471,0.0197,0.204,NOMINAL,NOMINAL,NORMAL,0,
1642560300.0,1787428818.188471,1,0.8211,0.1205,,0.577,0.0221,0.219,NOMINAL,NOMINAL,NORMAL,0,
1642561200.0,1787428818.313343,1,0.809,0.1185,,0.502,0.0189,0.195,NOMINAL,NOMINAL,NORMAL,0,
1642562100.0,1787428818.4383132,1,0.8273,0.1178,,0.475,0.0177,0.193,NOMINAL,NOMINAL,TRIGGERED,1,omni_p6
1642563000.0,1787428818.5632687,1,0.7831,0.1196,,0.483,0.0184,0.19,NOMINAL,NOMINAL,TRIGGERED,2,omni_p6
1642563900.0,1787428818.6886208,1,0.8613,0.1199,,0.624,0.0251,0.233,NOMINAL,NOMINAL,NORMAL,0,
1642564800.0,1787428818.8134258,1,0.8456,0.1211,,0.523,0.0205,0.207,NOMINAL,NOMINAL,NORMAL,0,
1642565700.0,1787428818.9383748,1,0.8432,0.1174,,0.489,0.0195,0.201,NOMINAL,NOMINAL,NORMAL,0,
1642566600.0,1787428819.0633075,1,0.7921,0.1164,,0.492,0.0192,0.197,NOMINAL,NOMINAL,NORMAL,0,
1642567500.0,1787428819.1884148,1,0.8051,0.1204,,0.548,0.0213,0.209,NOMINAL,NOMINAL,NORMAL,0,
1642568400.0,1787428819.3134,1,0.8077,0.1183,,0.541,0.0209,0.207,NOMINAL,NOMINAL,NORMAL,0,
1642569300.0,1787428819.4394994,1,1.254,0.1471,,0.675,0.0283,0.255,NOMINAL,NOMINAL,NORMAL,0,
1642570200.0,1787428819.5636864,1,1.0443,0.1348,,0.472,0.0193,0.185,NOMINAL,NOMINAL,NORMAL,0,
1642571100.0,1787428819.6888487,1,0.9953,0.1304,,0.635,0.0248,0.231,NOMINAL,NOMINAL,NORMAL,0,
1642572000.0,1787428819.81356,1,0.9628,0.1296,,0.459,0.0194,0.202,NOMINAL,NOMINAL,NORMAL,0,
1642572900.0,1787428819.9384418,1,0.9299,0.1241,,0.443,0.0178,0.177,NOMINAL,NOMINAL,NORMAL,0,
1642573800.0,1787428820.0633922,1,0.8825,0.1244,,0.434,0.0166,0.173,NOMINAL,NOMINAL,NORMAL,0,
1642574700.0,1787428820.1888204,1,0.9997,0.1315,,0.571,0.0228,0.217,NOMINAL,NOMINAL,NORMAL,0,
1642575600.0,1787428820.313465,1,0.9238,0.1293,,0.458,0.0182,0.18,NOMINAL,NOMINAL,NORMAL,0,
1642576500.0,1787428820.4390218,1,1.1793,0.1422,,0.459,0.0166,0.166,NOMINAL,NOMINAL,NORMAL,0,
1642577400.0,1787428820.5635135,1,1.0041,0.1344,,0.413,0.0145,0.154,NOMINAL,NOMINAL,NORMAL,0,
1642578300.0,1787428820.6887896,1,0.9515,0.1338,,0.64,0.0221,0.229,NOMINAL,NOMINAL,TRIGGERED,1,omni_p6
1642579200.0,1787428820.8134224,1,0.8968,0.127,,0.447,0.0181,0.193,NOMINAL,NOMINAL,NORMAL,0,
1642580100.0,1787428820.9383776,1,0.8902,0.1199,,0.433,0.0169,0.177,NOMINAL,NOMINAL,NORMAL,0,
1642581000.0,1787428821.0633454,1,0.8731,0.1215,,0.417,0.0153,0.166,NOMINAL,NOMINAL,NORMAL,0,
1642581900.0,1787428821.1884131,1,0.8457,0.1218,,0.486,0.019,0.198,NOMINAL,NOMINAL,NORMAL,0,
1642582800.0,1787428821.3133411,1,0.84,0.1208,,0.462,0.0165,0.179,NOMINAL,NOMINAL,NORMAL,0,
1642583700.0,1787428821.4382908,1,0.8616,0.1208,,0.402,0.0145,0.164,NOMINAL,NOMINAL,NORMAL,0,
1642584600.0,1787428821.5632033,1,0.8195,0.1199,,0.396,0.0143,0.15,NOMINAL,NOMINAL,TRIGGERED,1,omni_p6
1642585500.0,1787428821.6886013,1,0.876,0.1235,,0.597,0.0221,0.223,NOMINAL,NOMINAL,NORMAL,0,
1642586400.0,1787428821.8133872,1,0.8483,0.1219,,0.48,0.0184,0.194,NOMINAL,NOMINAL,NORMAL,0,
1642587300.0,1787428821.9383013,1,0.8638,0.1201,,0.419,0.0162,0.164,NOMINAL,NOMINAL,NORMAL,0,
1642588200.0,1787428822.0632381,1,0.8172,0.1177,,0.419,0.0151,0.157,NOMINAL,NOMINAL,NORMAL,0,
1642589100.0,1787428822.1884098,1,0.8325,0.1179,,0.508,0.0186,0.203,NOMINAL,NOMINAL,NORMAL,0,
1642590000.0,1787428822.3132813,1,0.8248,0.1206,,0.443,0.0161,0.171,NOMINAL,NOMINAL,TRIGGERED,1,omni_p6
1642590900.0,1787428822.4384894,1,0.9575,0.131,,0.411,0.0151,0.17,NOMINAL,NOMINAL,TRIGGERED,2,omni_p6
1642591800.0,1787428822.563252,1,0.8614,0.1208,,0.386,0.0143,0.153,NOMINAL,NOMINAL,NORMAL,0,
1642592700.0,1787428822.6888788,1,1.0756,0.1389,,0.513,0.0194,0.186,NOMINAL,NOMINAL,NORMAL,0,
1642593600.0,1787428822.8138165,1,1.0375,0.1334,,0.543,0.0241,0.227,NOMINAL,NOMINAL,NORMAL,0,
1642594500.0,1787428822.9384174,1,0.9365,0.1263,,0.419,0.0157,0.17,NOMINAL,NOMINAL,NORMAL,0,
1642595400.0,1787428823.063294,1,0.8473,0.1196,,0.418,0.0158,0.164,NOMINAL,NOMINAL,NORMAL,0,
1642596300.0,1787428823.1885283,1,0.8923,0.1239,,0.5,0.0209,0.202,NOMINAL,NOMINAL,TRIGGERED,1,omni_p6
1642597200.0,1787428823.3133817,1,0.8585,0.1238,,0.461,0.0175,0.183,NOMINAL,NOMINAL,TRIGGERED,2,omni_p6
1642598100.0,1787428823.4383097,1,0.8897,0.1193,,0.395,0.0157,0.16,NOMINAL,NOMINAL,NORMAL,0,
1642599000.0,1787428823.563203,1,0.8131,0.1162,,0.406,0.0137,0.149,NOMINAL,NOMINAL,NORMAL,0,
1642599900.0,1787428823.6881626,1,0.8158,0.1195,,0.365,0.0134,0.145,NOMINAL,NOMINAL,NORMAL,0,
1642600800.0,1787428823.8136685,1,0.875,0.1254,,0.62,0.0232,0.23,NOMINAL,NOMINAL,NORMAL,0,
1642601700.0,1787428823.9383357,1,0.8769,0.1192,,0.416,0.016,0.171,NOMINAL,NOMINAL,NORMAL,0,
1642602600.0,1787428824.0633256,1,0.8608,0.1232,,0.416,0.0171,0.163,NOMINAL,NOMINAL,TRIGGERED,1,omni_p6
1642603500.0,1787428824.1884313,1,0.8364,0.1212,,0.513,0.0196,0.206,NOMINAL,NOMINAL,NORMAL,0,
1642604400.0,1787428824.3132775,1,0.836,0.1186,,0.412,0.015,0.169,NOMINAL,NOMINAL,NORMAL,0,
1642605300.0,1787428824.4391353,1,1.2458,0.1479,,0.45,0.0148,0.164,NOMINAL,NOMINAL,NORMAL,0,
1642606200.0,1787428824.5637026,1,1.0702,0.139,,0.439,0.0155,0.163,NOMINAL,NOMINAL,NORMAL,0,
1642607100.0,1787428824.688334,1,0.9174,0.1244,,0.377,0.0139,0.152,NOMINAL,NOMINAL,NORMAL,0,
1642608000.0,1787428824.8137982,1,0.9286,0.1291,,0.664,0.0223,0.227,NOMINAL,NOMINAL,NORMAL,0,
1642608900.0,1787428824.938399,1,0.9143,0.127,,0.419,0.0173,0.171,NOMINAL,NOMINAL,TRIGGERED,1,omni_p6
1642609800.0,1787428825.063317,1,0.8692,0.1207,,0.416,0.0165,0.162,NOMINAL,NOMINAL,NORMAL,0,
1642610700.0,1787428825.1886332,1,0.9573,0.1274,,0.51,0.019,0.194,NOMINAL,NOMINAL,NORMAL,0,
1642611600.0,1787428825.3134248,1,0.8942,0.1231,,0.468,0.0163,0.176,NOMINAL,NOMINAL,NORMAL,0,
1642612500.0,1787428825.43913,1,1.2076,0.1472,,0.494,0.0204,0.196,NOMINAL,NOMINAL,NORMAL,0,
1642613400.0,1787428825.5635445,1,1.0152,0.1337,,0.41,0.0158,0.156,NOMINAL,NOMINAL,NORMAL,0,
1642614300.0,1787428825.6883094,1,0.8924,0.1247,,0.381,0.0143,0.152,NOMINAL,NOMINAL,NORMAL,0,
1642615200.0,1787428825.813862,1,0.9639,0.1289,,0.659,0.023,0.239,NOMINAL,NOMINAL,NORMAL,0,
1642616100.0,1787428825.9384096,1,0.9148,0.1238,,0.422,0.017,0.178,NOMINAL,NOMINAL,NORMAL,0,
1642617000.0,1787428826.0633214,1,0.8556,0.1235,,0.418,0.0162,0.165,NOMINAL,NOMINAL,NORMAL,0,
1642617900.0,1787428826.1884716,1,0.8519,0.1221,,0.504,0.0192,0.203,NOMINAL,NOMINAL,NORMAL,0,
1642618800.0,1787428826.3135664,1,0.9409,0.1283,,0.488,0.0179,0.186,NOMINAL,NOMINAL,NORMAL,0,
1642619700.0,1787428826.4384477,1,0.9332,0.123,,0.441,0.0169,0.175,NOMINAL,NOMINAL,NORMAL,0,
1642620600.0,1787428826.5632823,1,0.8376,0.1211,,0.429,0.014,0.155,NOMINAL,NOMINAL,NORMAL,0,
1642621500.0,1787428826.6882627,1,0.8411,0.1207,,0.412,0.0153,0.157,NOMINAL,NOMINAL,NORMAL,0,
1642622400.0,1787428826.813678,1,0.8775,0.1249,,0.618,0.023,0.225,NOMINAL,NOMINAL,NORMAL,0,
1642623300.0,1787428826.9384365,1,0.8997,0.1244,,0.451,0.0182,0.185,NOMINAL,NOMINAL,TRIGGERED,1,omni_p6
1642624200.0,1787428827.0633316,1,0.8599,0.1248,,0.426,0.0156,0.167,NOMINAL,NOMINAL,NORMAL,0,
1642625100.0,1787428827.1883821,1,0.843,0.1204,,0.479,0.0175,0.191,NOMINAL,NOMINAL,NORMAL,0,
1642626000.0,1787428827.3133116,1,0.8213,0.1183,,0.468,0.0172,0.174,NOMINAL,NOMINAL,NORMAL,0,
1642626900.0,1787428827.438497,1,0.9665,0.1288,,0.421,0.0153,0.158,NOMINAL,NOMINAL,NORMAL,0,
1642627800.0,1787428827.563308,1,0.8575,0.1223,,0.431,0.0158,0.163,NOMINAL,NOMINAL,NORMAL,0,
1642628700.0,1787428827.6882465,1,0.833,0.1202,,0.411,0.0162,0.161,NOMINAL,NOMINAL,TRIGGERED,1,omni_p6
1642629600.0,1787428827.813335,1,0.8248,0.1234,,0.47,0.016,0.169,NOMINAL,NOMINAL,TRIGGERED,2,omni_p6
1642630500.0,1787428827.9391088,1,1.0796,0.1393,,0.671,0.0242,0.248,NOMINAL,NOMINAL,NORMAL,0,
1642631400.0,1787428828.0637014,1,1.0207,0.1358,,0.471,0.0184,0.191,NOMINAL,NOMINAL,NORMAL,0,
1642632300.0,1787428828.1888509,1,0.9928,0.1368,,0.626,0.0248,0.242,NOMINAL,NOMINAL,NORMAL,0,
1642633200.0,1787428828.3138442,1,1.0609,0.1637,,0.517,0.0212,0.217,NOMINAL,NOMINAL,NORMAL,0,
1642634100.0,1787428828.4385512,1,1.0217,0.1286,,0.424,0.016,0.177,NOMINAL,NOMINAL,NORMAL,0,
1642635000.0,1787428828.5632946,1,0.8718,0.1255,,0.388,0.0153,0.157,NOMINAL,NOMINAL,TRIGGERED,1,omni_p6
1642635900.0,1787428828.6882286,1,0.8386,0.1204,,0.381,0.0138,0.151,NOMINAL,NOMINAL,TRIGGERED,2,omni_p6
1642636800.0,1787428828.814242,1,0.9427,0.1277,0.6197,0.465,0.0192,0.2,NOMINAL,NOMINAL,NORMAL,0,
1642637700.0,1787428828.9392765,1,1.1591,0.1432,,0.695,0.0269,0.257,NOMINAL,NOMINAL,NORMAL,0,
1642638600.0,1787428829.063846,1,1.1255,0.1401,,0.49,0.0197,0.196,NOMINAL,NOMINAL,NORMAL,0,
1642639500.0,1787428829.1887376,1,1.0059,0.132,,0.538,0.0226,0.215,NOMINAL,NOMINAL,NORMAL,0,
1642640400.0,1787428829.3136034,1,0.9837,0.1291,,0.495,0.0184,0.193,NOMINAL,NOMINAL,NORMAL,0,
1642641300.0,1787428829.4392416,1,1.2874,0.152,,0.485,0.0171,0.174,NOMINAL,NOMINAL,TRIGGERED,1,omni_p6
1642642200.0,1787428829.5636942,1,1.0532,0.1427,,0.485,0.017,0.168,NOMINAL,NOMINAL,TRIGGERED,2,omni_p6
1642643100.0,1787428829.6884446,1,0.9121,0.127,,0.46,0.0175,0.177,NOMINAL,NOMINAL,NORMAL,0,
1642644000.0,1787428829.8133972,1,0.866,0.1232,,0.46,0.0176,0.188,NOMINAL,NOMINAL,NORMAL,0,
1642644900.0,1787428829.9390705,1,1.065,0.1375,,0.696,0.0252,0.246,NOMINAL,NOMINAL,NORMAL,0,
1642645800.0,1787428830.0640476,1,1.1377,0.145,,0.566,0.0212,0.233,NOMINAL,NOMINAL,NORMAL,0,
1642646700.0,1787428830.189311,1,1.1822,0.1512,,0.671,0.0269,0.281,NOMINAL,NOMINAL,TRIGGERED,1,omni_p6
1642647600.0,1787428830.3136775,1,1.0324,0.1385,,0.502,0.0183,0.195,NOMINAL,NOMINAL,TRIGGERED,2,omni_p6
1642648500.0,1787428830.4392362,1,1.2324,0.1526,,0.566,0.0215,0.217,NOMINAL,NOMINAL,NORMAL,0,
1642649400.0,1787428830.5636601,1,1.0141,0.1414,,0.514,0.0196,0.203,NOMINAL,NOMINAL,NORMAL,0,
1642650300.0,1787428830.688428,1,0.892,0.1296,,0.488,0.0181,0.196,NOMINAL,NOMINAL,NORMAL,0,
1642651200.0,1787428830.8134696,1,0.8777,0.1287,,0.533,0.0194,0.208,NOMINAL,NOMINAL,NORMAL,0,
1642652100.0,1787428830.938682,1,0.9391,0.1274,,0.623,0.0225,0.228,NOMINAL,NOMINAL,NORMAL,0,
1642653000.0,1787428831.0634186,1,0.8825,0.1235,,0.504,0.0194,0.203,NOMINAL,NOMINAL,NORMAL,0,
1642653900.0,1787428831.1884003,1,0.8439,0.125,,0.527,0.0207,0.206,NOMINAL,NOMINAL,NORMAL,0,
1642654800.0,1787428831.31338,1,0.8325,0.1239,,0.522,0.0196,0.203,NOMINAL,NOMINAL,NORMAL,0,
1642655700.0,1787428831.4384222,1,0.883,0.1238,,0.488,0.0201,0.202,NOMINAL,NOMINAL,NORMAL,0,
1642656600.0,1787428831.5633914,1,0.8311,0.1242,,0.526,0.021,0.21,NOMINAL,NOMINAL,NORMAL,0,
1642657500.0,1787428831.6883469,1,0.842,0.1212,,0.483,0.0188,0.196,NOMINAL,NOMINAL,NORMAL,0,
1642658400.0,1787428831.8135495,1,0.9283,0.1299,,0.5,0.0204,0.207,NOMINAL,NOMINAL,NORMAL,0,
1642659300.0,1787428831.9386716,1,0.9395,0.1291,,0.599,0.0229,0.223,NOMINAL,NOMINAL,NORMAL,0,
1642660200.0,1787428832.063447,1,0.8853,0.1243,,0.488,0.0217,0.208,NOMINAL,NOMINAL,NORMAL,0,
1642661100.0,1787428832.1900442,1,1.0718,0.1758,,0.654,0.0281,0.249,NOMINAL,NOMINAL,NORMAL,0,
1642662000.0,1787428832.3141716,1,0.9948,0.1309,,0.486,0.0209,0.213,NOMINAL,NOMINAL,NORMAL,0,
1642662900.0,1787428832.4391863,1,0.9568,0.1333,,0.504,0.0201,0.206,NOMINAL,NOMINAL,NORMAL,0,
1642663800.0,1787428832.563993,1,0.8827,0.125,,0.507,0.0189,0.196,NOMINAL,NOMINAL,TRIGGERED,1,omni_p6
1642664700.0,1787428832.689034,1,0.882,0.1232,,0.508,0.0197,0.201,NOMINAL,NOMINAL,TRIGGERED,2,omni_p6
1642665600.0,1787428832.8139715,1,0.8473,0.1244,,0.479,0.019,0.203,NOMINAL,NOMINAL,NORMAL,0,
1642666500.0,1787428832.9390287,1,0.8686,0.1265,,0.505,0.019,0.203,NOMINAL,NOMINAL,NORMAL,0,
1642667400.0,1787428833.064365,1,0.9485,0.1329,,0.634,0.0237,0.237,NOMINAL,NOMINAL,TRIGGERED,1,omni_p6
1642668300.0,1787428833.1892736,1,0.8659,0.123,,0.639,0.0211,0.239,NOMINAL,NOMINAL,NORMAL,0,
1642669200.0,1787428833.3140259,1,0.8426,0.1237,,0.525,0.0206,0.209,NOMINAL,NOMINAL,TRIGGERED,1,omni_p6
1642670100.0,1787428833.4389756,1,0.8295,0.1201,,0.52,0.0192,0.207,NOMINAL,NOMINAL,TRIGGERED,2,omni_p6
1642671000.0,1787428833.5647542,1,0.7604,0.1201,,0.478,0.034,1.186,NOMINAL,PRE_ALERT,TRIGGERED,3,omni_p6
1642671900.0,1787428833.6901677,1,0.8431,0.1196,,0.517,0.0314,1.409,PRE_ALERT,NOMINAL,NORMAL,0,
1642672800.0,1787428833.8141394,1,0.9443,0.1274,,0.542,0.0211,0.223,NOMINAL,NOMINAL,NORMAL,0,
1642673700.0,1787428833.9388318,1,0.7701,0.1203,,0.492,0.02,0.206,NOMINAL,NOMINAL,TRIGGERED,1,omni_p6
1642674600.0,1787428834.064155,1,0.876,0.122,,0.627,0.0237,0.229,NOMINAL,NOMINAL,NORMAL,0,
1642675500.0,1787428834.1888747,1,0.8089,0.1215,,0.5,0.0195,0.202,NOMINAL,NOMINAL,TRIGGERED,1,omni_p6
1642676400.0,1787428834.313996,1,0.8071,0.1589,,0.551,0.0209,0.215,NOMINAL,NOMINAL,TRIGGERED,2,omni_p6
1642677300.0,1787428834.4408567,1,1.1998,0.1536,,0.571,0.0394,1.194,NOMINAL,PRE_ALERT,TRIGGERED,3,omni_p6
1642678200.0,1787428834.5650969,1,0.9882,0.135,,0.54,0.0375,1.059,PRE_ALERT,NOMINAL,NORMAL,0,
1642679100.0,1787428834.6889331,1,0.8483,0.1212,,0.494,0.0211,0.206,NOMINAL,NOMINAL,NORMAL,0,
1642680000.0,1787428834.8140757,1,0.9262,0.1288,,0.488,0.0212,0.213,NOMINAL,NOMINAL,TRIGGERED,1,omni_p6
1642680900.0,1787428834.9388418,1,0.7878,0.1199,,0.473,0.0191,0.198,NOMINAL,NOMINAL,TRIGGERED,2,omni_p6
1642681800.0,1787428835.0651994,1,0.8918,0.1265,,0.63,0.0412,1.192,NOMINAL,PRE_ALERT,TRIGGERED,3,omni_p6
1642682700.0,1787428835.190418,1,1.0888,0.1382,,0.589,0.0399,1.102,PRE_ALERT,ALERT,TRIGGERED,4,omni_p6
1642683600.0,1787428835.315431,1,1.1163,0.1356,,0.602,0.0366,1.117,ALERT,NOMINAL,NORMAL,0,
1642684500.0,1787428835.4402704,1,1.2169,0.1487,,0.853,0.036,0.304,NOMINAL,NOMINAL,NORMAL,0,
1642685400.0,1787428835.5642612,1,0.9825,0.1352,,0.557,0.0221,0.242,NOMINAL,NOMINAL,NORMAL,0,
1642686300.0,1787428835.6890817,1,0.9042,0.1274,,0.504,0.0213,0.222,NOMINAL,NOMINAL,TRIGGERED,1,omni_p6
1642687200.0,1787428835.8140073,1,0.8574,0.1244,,0.487,0.0207,0.213,NOMINAL,NOMINAL,TRIGGERED,2,omni_p6
1642688100.0,1787428835.9398408,1,0.8054,0.1197,,0.48,0.0338,1.136,NOMINAL,PRE_ALERT,TRIGGERED,3,omni_p6
1642689000.0,1787428836.065535,1,1.0261,0.1383,,0.674,0.0475,1.217,PRE_ALERT,ALERT,TRIGGERED,4,omni_p6
1642689900.0,1787428836.1900544,1,0.9666,0.1322,,0.547,0.0547,1.057,ALERT,NOMINAL,NORMAL,0,
1642690800.0,1787428836.314167,1,0.9082,0.1273,,0.564,0.0256,0.224,NOMINAL,NOMINAL,NORMAL,0,
1642691700.0,1787428836.4389544,1,0.8282,0.1254,,0.486,0.0204,0.201,NOMINAL,NOMINAL,TRIGGERED,1,omni_p6
1642692600.0,1787428836.5638604,1,0.8013,0.1208,,0.478,0.0193,0.2,NOMINAL,NOMINAL,NORMAL,0,
1642693500.0,1787428836.6889582,1,0.8216,0.1248,,0.515,0.0212,0.207,NOMINAL,NOMINAL,TRIGGERED,1,omni_p6
1642694400.0,1787428836.8139296,1,0.7693,0.1503,,0.517,0.0187,0.225,NOMINAL,NOMINAL,NORMAL,0,
1642695300.0,1787428836.938837,1,0.7693,0.1158,,0.467,0.0183,0.193,NOMINAL,NOMINAL,TRIGGERED,1,omni_p6
1642696200.0,1787428837.0641267,1,0.8203,0.1202,,0.629,0.0229,0.227,NOMINAL,NOMINAL,NORMAL,0,
1642697100.0,1787428837.1888237,1,0.7778,0.1167,,0.483,0.0172,0.194,NOMINAL,NOMINAL,NORMAL,0,
1642698000.0,1787428837.3139882,1,0.7846,0.1267,,0.549,0.02,0.21,NOMINAL,NOMINAL,TRIGGERED,1,omni_p6
1642698900.0,1787428837.439126,1,0.8567,0.1231,,0.536,0.0214,0.217,NOMINAL,NOMINAL,NORMAL,0,
1642699800.0,1787428837.5638576,1,0.7864,0.1183,,0.486,0.0173,0.195,NOMINAL,NOMINAL,NORMAL,0,
1642700700.0,1787428837.6888244,1,0.7717,0.1144,,0.483,0.0181,0.197,NOMINAL,NOMINAL,NORMAL,0,
1642701600.0,1787428837.8139749,1,0.8087,0.1244,,0.482,0.0183,0.206,NOMINAL,NOMINAL,NORMAL,0,
1642702500.0,1787428837.9388506,1,0.7665,0.1159,,0.491,0.0188,0.198,NOMINAL,NOMINAL,NORMAL,0,
1642703400.0,1787428838.0641654,1,0.8462,0.1199,,0.622,0.0237,0.227,NOMINAL,NOMINAL,NORMAL,0,
1642704300.0,1787428838.1893013,1,0.8969,0.127,,0.614,0.0236,0.255,NOMINAL,NOMINAL,TRIGGERED,1,omni_p6
1642705200.0,1787428838.314105,1,0.8423,0.1209,,0.553,0.022,0.219,NOMINAL,NOMINAL,NORMAL,0,
1642706100.0,1787428838.438895,1,0.7983,0.1166,,0.484,0.0185,0.198,NOMINAL,NOMINAL,NORMAL,0,
1642707000.0,1787428838.5638392,1,0.7618,0.1175,,0.517,0.0171,0.19,NOMINAL,NOMINAL,NORMAL,0,
1642707900.0,1787428838.6888201,1,0.7716,0.1152,,0.477,0.0171,0.195,NOMINAL,NOMINAL,NORMAL,0,
1642708800.0,1787428838.8138633,1,0.7648,0.1516,,0.485,0.018,0.199,NOMINAL,NOMINAL,NORMAL,0,
1642709700.0,1787428838.93884,1,0.7681,0.1149,,0.484,0.0173,0.194,NOMINAL,NOMINAL,NORMAL,0,
1642710600.0,1787428839.063877,1,0.7873,0.1164,,0.485,0.018,0.194,NOMINAL,NOMINAL,NORMAL,0,
1642711500.0,1787428839.1891105,1,0.8126,0.1195,,0.609,0.0226,0.244,NOMINAL,NOMINAL,NORMAL,0,
1642712400.0,1787428839.3140523,1,0.8083,0.1225,,0.563,0.021,0.214,NOMINAL,NOMINAL,NORMAL,0,
1642713300.0,1787428839.439885,1,1.1506,0.1427,,0.629,0.0234,0.241,NOMINAL,NOMINAL,NORMAL,0,
1642714200.0,1787428839.5641577,1,0.968,0.1349,,0.509,0.0192,0.206,NOMINAL,NOMINAL,TRIGGERED,1,omni_p6
1642715100.0,1787428839.6888945,1,0.8334,0.1219,,0.484,0.0169,0.191,NOMINAL,NOMINAL,NORMAL,0,
1642716000.0,1787428839.8139918,1,0.816,0.1272,,0.522,0.0177,0.201,NOMINAL,NOMINAL,NORMAL,0,
1642716900.0,1787428839.9388676,1,0.7895,0.1183,,0.483,0.0185,0.193,NOMINAL,NOMINAL,NORMAL,0,
1642717800.0,1787428840.063858,1,0.7829,0.1187,,0.478,0.0171,0.191,NOMINAL,NOMINAL,NORMAL,0,
1642718700.0,1787428840.1894903,1,0.9434,0.1326,,0.719,0.0248,0.247,NOMINAL,NOMINAL,NORMAL,0,
1642719600.0,1787428840.3139863,1,0.802,0.1525,,0.55,0.0213,0.214,NOMINAL,NOMINAL,NORMAL,0,
1642720500.0,1787428840.439901,1,1.1039,0.1459,,0.698,0.0279,0.263,NOMINAL,NOMINAL,TRIGGERED,1,omni_p6
1642721400.0,1787428840.5640848,1,0.8702,0.1255,,0.573,0.0223,0.228,NOMINAL,NOMINAL,NORMAL,0,
1642722300.0,1787428840.6888258,1,0.7467,0.1131,,0.541,0.0201,0.207,NOMINAL,NOMINAL,NORMAL,0,
1642723200.0,1787428840.8146656,1,0.8198,0.1205,0.5977,0.535,0.0208,0.222,NOMINAL,NOMINAL,NORMAL,0,
1642724100.0,1787428840.9389863,1,0.8178,0.1195,,0.571,0.0206,0.213,NOMINAL,NOMINAL,NORMAL,0,
1642725000.0,1787428841.0639253,1,0.8013,0.1167,,0.544,0.0199,0.206,NOMINAL,NOMINAL,NORMAL,0,
1642725900.0,1787428841.1891613,1,0.846,0.1271,,0.62,0.0236,0.251,NOMINAL,NOMINAL,TRIGGERED,1,omni_p6
1642726800.0,1787428841.3142347,1,0.8938,0.1268,,0.622,0.0225,0.226,NOMINAL,NOMINAL,TRIGGERED,2,omni_p6
1642727700.0,1787428841.4389741,1,0.803,0.1184,,0.569,0.0207,0.212,NOMINAL,NOMINAL,NORMAL,0,
1642728600.0,1787428841.5638137,1,0.7222,0.1122,,0.576,0.0191,0.21,NOMINAL,NOMINAL,NORMAL,0,
1642729500.0,1787428841.688769,1,0.7055,0.1127,,0.546,0.0187,0.207,NOMINAL,NOMINAL,NORMAL,0,
1642730400.0,1787428841.81389,1,0.7595,0.1584,,0.538,0.0193,0.215,NOMINAL,NOMINAL,NORMAL,0,
1642731300.0,1787428841.938896,1,0.7611,0.1155,,0.547,0.0193,0.208,NOMINAL,NOMINAL,NORMAL,0,
1642732200.0,1787428842.0639257,1,0.7952,0.1179,,0.518,0.0185,0.207,NOMINAL,NOMINAL,TRIGGERED,1,omni_p6
1642733100.0,1787428842.1890368,1,0.8042,0.1211,,0.616,0.0221,0.226,NOMINAL,NOMINAL,TRIGGERED,2,omni_p6
1642734000.0,1787428842.3139105,1,0.7405,0.1491,,0.58,0.0211,0.221,NOMINAL,NOMINAL,NORMAL,0,
1642734900.0,1787428842.4391646,1,0.8386,0.1233,,0.59,0.0219,0.222,NOMINAL,NOMINAL,NORMAL,0,
1642735800.0,1787428842.5637853,1,0.7252,0.1134,,0.533,0.0197,0.207,NOMINAL,NOMINAL,NORMAL,0,
1642736700.0,1787428842.6888893,1,0.7629,0.1161,,0.554,0.0199,0.21,NOMINAL,NOMINAL,NORMAL,0,
1642737600.0,1787428842.813925,1,0.7676,0.1591,,0.561,0.0197,0.207,NOMINAL,NOMINAL,NORMAL,0,
1642738500.0,1787428842.938878,1,0.7266,0.1149,,0.578,0.0205,0.207,NOMINAL,NOMINAL,TRIGGERED,1,omni_p6
1642739400.0,1787428843.063871,1,0.7499,0.1157,,0.555,0.0188,0.208,NOMINAL,NOMINAL,NORMAL,0,
1642740300.0,1787428843.1889513,1,0.7452,0.1186,,0.612,0.0239,0.23,NOMINAL,NOMINAL,NORMAL,0,
1642741200.0,1787428843.314046,1,0.7578,0.2027,,0.601,0.0223,0.225,NOMINAL,NOMINAL,NORMAL,0,
1642742100.0,1787428843.4389422,1,0.785,0.1165,,0.554,0.0204,0.215,NOMINAL,NOMINAL,NORMAL,0,
1642743000.0,1787428843.563766,1,0.7142,0.1094,,0.533,0.0207,0.207,NOMINAL,NOMINAL,NORMAL,0,
1642743900.0,1787428843.688775,1,0.711,0.1103,,0.548,0.0198,0.207,NOMINAL,NOMINAL,NORMAL,0,
1642744800.0,1787428843.8139076,1,0.7872,0.1588,,0.479,0.0191,0.215,NOMINAL,NOMINAL,NORMAL,0,
1642745700.0,1787428843.9388168,1,0.7228,0.1104,,0.546,0.0197,0.208,NOMINAL,NOMINAL,NORMAL,0,
1642746600.0,1787428844.0638838,1,0.7581,0.1153,,0.55,0.0204,0.207,NOMINAL,NOMINAL,NORMAL,0,
1642747500.0,1787428844.188908,1,0.766,0.118,,0.549,0.0197,0.209,NOMINAL,NOMINAL,NORMAL,0,
1642748400.0,1787428844.3142633,1,0.9216,0.1242,,0.619,0.0229,0.232,NOMINAL,NOMINAL,NORMAL,0,
1642749300.0,1787428844.4399958,1,1.1638,0.1452,,0.685,0.0243,0.251,NOMINAL,NOMINAL,NORMAL,0,
1642750200.0,1787428844.564015,1,0.8631,0.1226,,0.557,0.0195,0.208,NOMINAL,NOMINAL,NORMAL,0,
1642751100.0,1787428844.688921,1,0.7785,0.118,,0.568,0.0203,0.215,NOMINAL,NOMINAL,NORMAL,0,
1642752000.0,1787428844.8138661,1,0.7524,0.1568,,0.526,0.0195,0.216,NOMINAL,NOMINAL,NORMAL,0,
1642752900.0,1787428844.9389362,1,0.7836,0.1161,,0.553,0.02,0.209,NOMINAL,NOMINAL,NORMAL,0,
1642753800.0,1787428845.063831,1,0.8077,0.1178,,0.449,0.0163,0.181,NOMINAL,NOMINAL,NORMAL,0,
1642754700.0,1787428845.1891446,1,0.8345,0.1226,,0.594,0.0223,0.241,NOMINAL,NOMINAL,TRIGGERED,1,omni_p6
1642755600.0,1787428845.3143616,1,0.9564,0.127,,0.661,0.0237,0.233,NOMINAL,NOMINAL,NORMAL,0,
1642756500.0,1787428845.4398885,1,1.0953,0.1423,,0.77,0.028,0.275,NOMINAL,NOMINAL,NORMAL,0,
1642757400.0,1787428845.564005,1,0.8541,0.1258,,0.544,0.02,0.215,NOMINAL,NOMINAL,NORMAL,0,
1642758300.0,1787428845.6888847,1,0.7527,0.1163,,0.567,0.0214,0.214,NOMINAL,NOMINAL,NORMAL,0,
1642759200.0,1787428845.8138225,1,0.7179,0.115,,0.583,0.0191,0.209,NOMINAL,NOMINAL,NORMAL,0,
1642760100.0,1787428845.9389946,1,0.7903,0.1207,,0.57,0.0205,0.214,NOMINAL,NOMINAL,TRIGGERED,1,omni_p6
1642761000.0,1787428846.0638726,1,0.7683,0.1167,,0.539,0.0183,0.199,NOMINAL,NOMINAL,TRIGGERED,2,omni_p6
1642761900.0,1787428846.1887994,1,0.7163,0.1132,,0.547,0.0205,0.212,NOMINAL,NOMINAL,NORMAL,0,
1642762800.0,1787428846.3144073,1,0.9416,0.1252,,0.67,0.0239,0.234,NOMINAL,NOMINAL,NORMAL,0,
1642763700.0,1787428846.4389682,1,0.8298,0.1175,,0.514,0.0196,0.207,NOMINAL,NOMINAL,NORMAL,0,
1642764600.0,1787428846.563863,1,0.7464,0.116,,0.551,0.0203,0.211,NOMINAL,NOMINAL,NORMAL,0,
1642765500.0,1787428846.688764,1,0.708,0.1108,,0.54,0.0201,0.207,NOMINAL,NOMINAL,NORMAL,0,
1642766400.0,1787428846.8139782,1,0.7976,0.1712,,0.525,0.0207,0.217,NOMINAL,NOMINAL,TRIGGERED,1,omni_p6
1642767300.0,1787428846.9388356,1,0.7242,0.1173,,0.545,0.0189,0.206,NOMINAL,NOMINAL,TRIGGERED,2,omni_p6
1642768200.0,1787428847.0639563,1,0.7861,0.1184,,0.553,0.0199,0.21,NOMINAL,NOMINAL,NORMAL,0,
1642769100.0,1787428847.189137,1,0.872,0.1218,,0.6,0.0237,0.236,NOMINAL,NOMINAL,NORMAL,0,
1642770000.0,1787428847.3143241,1,0.9339,0.1267,,0.644,0.0257,0.236,NOMINAL,NOMINAL,NORMAL,0,
1642770900.0,1787428847.439256,1,0.9029,0.1252,,0.608,0.0229,0.227,NOMINAL,NOMINAL,NORMAL,0,
1642771800.0,1787428847.5638645,1,0.74,0.1137,,0.581,0.0203,0.21,NOMINAL,NOMINAL,NORMAL,0,
1642772700.0,1787428847.6889045,1,0.747,0.119,,0.559,0.0203,0.212,NOMINAL,NOMINAL,TRIGGERED,1,omni_p6
1642773600.0,1787428847.8138058,1,0.7229,0.1145,,0.555,0.0191,0.214,NOMINAL,NOMINAL,TRIGGERED,2,omni_p6
1642774500.0,1787428847.9388316,1,0.7177,0.1125,,0.546,0.021,0.214,NOMINAL,NOMINAL,NORMAL,0,
1642775400.0,1787428848.0641656,1,0.8629,0.122,,0.606,0.0217,0.227,NOMINAL,NOMINAL,NORMAL,0,
1642776300.0,1787428848.1888113,1,0.7343,0.111,,0.549,0.0194,0.212,NOMINAL,NOMINAL,NORMAL,0,
1642777200.0,1787428848.3142285,1,0.8755,0.1207,,0.649,0.0238,0.228,NOMINAL,NOMINAL,NORMAL,0,
1642778100.0,1787428848.4389718,1,0.8038,0.1166,,0.571,0.0223,0.214,NOMINAL,NOMINAL,NORMAL,0,
1642779000.0,1787428848.5637996,1,0.7204,0.1141,,0.546,0.0209,0.211,NOMINAL,NOMINAL,TRIGGERED,1,omni_p6
1642779900.0,1787428848.6887646,1,0.7029,0.1186,,0.546,0.0197,0.204,NOMINAL,NOMINAL,NORMAL,0,
1642780800.0,1787428848.8138113,1,0.7095,0.1128,,0.58,0.0203,0.213,NOMINAL,NOMINAL,NORMAL,0,
1642781700.0,1787428848.938828,1,0.7051,0.1088,,0.55,0.0213,0.214,NOMINAL,NOMINAL,NORMAL,0,
1642782600.0,1787428849.0638635,1,0.7561,0.1123,,0.56,0.0203,0.212,NOMINAL,NOMINAL,NORMAL,0,
1642783500.0,1787428849.1888506,1,0.7547,0.1133,,0.55,0.0193,0.204,NOMINAL,NOMINAL,NORMAL,0,
1642784400.0,1787428849.3139122,1,0.7281,0.1429,,0.576,0.0209,0.212,NOMINAL,NOMINAL,NORMAL,0,
1642785300.0,1787428849.440163,1,1.16,0.145,,0.824,0.0311,0.293,NOMINAL,NOMINAL,NORMAL,0,
1642786200.0,1787428849.5642526,1,0.9168,0.1242,,0.624,0.0249,0.235,NOMINAL,NOMINAL,NORMAL,0,
1642787100.0,1787428849.6889493,1,0.7931,0.1169,,0.57,0.0229,0.221,NOMINAL,NOMINAL,NORMAL,0,
1642788000.0,1787428849.8141084,1,0.8661,0.1229,,0.541,0.022,0.228,NOMINAL,NOMINAL,NORMAL,0,
1642788900.0,1787428849.9388793,1,0.7586,0.1137,,0.543,0.0218,0.212,NOMINAL,NOMINAL,NORMAL,0,
1642789800.0,1787428850.063895,1,0.7893,0.115,,0.532,0.0218,0.21,NOMINAL,NOMINAL,NORMAL,0,
1642790700.0,1787428850.1889172,1,0.7751,0.1143,,0.549,0.0209,0.211,NOMINAL,NOMINAL,NORMAL,0,
1642791600.0,1787428850.3143542,1,0.9665,0.1274,,0.602,0.024,0.236,NOMINAL,NOMINAL,NORMAL,0,
1642792500.0,1787428850.440032,1,1.1109,0.1425,,0.821,0.03,0.284,NOMINAL,NOMINAL,NORMAL,0,
1642793400.0,1787428850.5641544,1,0.878,0.1227,,0.611,0.0246,0.233,NOMINAL,NOMINAL,NORMAL,0,
1642794300.0,1787428850.6889098,1,0.7618,0.1149,,0.563,0.0199,0.215,NOMINAL,NOMINAL,NORMAL,0,
1642795200.0,1787428850.8140347,1,0.8294,0.1227,,0.537,0.0212,0.22,NOMINAL,NOMINAL,NORMAL,0,
1642796100.0,1787428850.93897,1,0.8044,0.1178,,0.551,0.0196,0.213,NOMINAL,NOMINAL,NORMAL,0,
1642797000.0,1787428851.064017,1,0.8097,0.1178,,0.558,0.0201,0.213,NOMINAL,NOMINAL,NORMAL,0,
1642797900.0,1787428851.1887946,1,0.73,0.1134,,0.535,0.0198,0.211,NOMINAL,NOMINAL,NORMAL,0,
1642798800.0,1787428851.3139381,1,0.7226,0.17,,0.583,0.0216,0.213,NOMINAL,NOMINAL,NORMAL,0,
1642799700.0,1787428851.4392085,1,0.8466,0.1207,,0.628,0.0222,0.225,NOMINAL,NOMINAL,TRIGGERED,1,omni_p6
1642800600.0,1787428851.563836,1,0.7365,0.1112,,0.551,0.0197,0.205,NOMINAL,NOMINAL,NORMAL,0,
1642801500.0,1787428851.6887956,1,0.711,0.1113,,0.541,0.0193,0.205,NOMINAL,NOMINAL,NORMAL,0,
1642802400.0,1787428851.8138084,1,0.7055,0.1128,,0.58,0.0221,0.212,NOMINAL,NOMINAL,NORMAL,0,
1642803300.0,1787428851.938774,1,0.6987,0.1096,,0.532,0.0196,0.207,NOMINAL,NOMINAL,NORMAL,0,
1642804200.0,1787428852.0638871,1,0.7572,0.1124,,0.558,0.0193,0.209,NOMINAL,NOMINAL,NORMAL,0,
1642805100.0,1787428852.1887946,1,0.736,0.1144,,0.53,0.0195,0.209,NOMINAL,NOMINAL,TRIGGERED,1,omni_p6
1642806000.0,1787428852.3139305,1,0.7568,0.1661,,0.554,0.0209,0.209,NOMINAL,NOMINAL,TRIGGERED,2,omni_p6
1642806900.0,1787428852.4394002,1,0.9444,0.1253,,0.624,0.0277,0.245,NOMINAL,NOMINAL,NORMAL,0,
1642807800.0,1787428852.563871,1,0.7546,0.1149,,0.553,0.0212,0.216,NOMINAL,NOMINAL,NORMAL,0,
1642808700.0,1787428852.688794,1,0.7241,0.1144,,0.531,0.0206,0.213,NOMINAL,NOMINAL,NORMAL,0,
1642809600.0,1787428852.814628,1,0.7985,0.1159,0.6285,0.532,0.0206,0.222,NOMINAL,NOMINAL,NORMAL,0,
1642810500.0,1787428852.9388905,1,0.7623,0.1147,,0.553,0.0205,0.211,NOMINAL,NOMINAL,NORMAL,0,
1642811400.0,1787428853.0639036,1,0.7791,0.1174,,0.549,0.0201,0.206,NOMINAL,NOMINAL,TRIGGERED,1,omni_p6
1642812300.0,1787428853.1889238,1,0.7781,0.1167,,0.559,0.0188,0.205,NOMINAL,NOMINAL,TRIGGERED,2,omni_p6
1642813200.0,1787428853.3140461,1,0.7953,0.1169,,0.572,0.0224,0.216,NOMINAL,NOMINAL,NORMAL,0,
1642814100.0,1787428853.4392028,1,0.8639,0.1201,,0.598,0.0219,0.226,NOMINAL,NOMINAL,NORMAL,0,
1642815000.0,1787428853.5638397,1,0.7347,0.1132,,0.575,0.0202,0.208,NOMINAL,NOMINAL,NORMAL,0,
1642815900.0,1787428853.6887896,1,0.7204,0.1124,,0.539,0.0184,0.209,NOMINAL,NOMINAL,NORMAL,0,
1642816800.0,1787428853.8137517,1,0.7016,0.1098,,0.55,0.0205,0.212,NOMINAL,NOMINAL,NORMAL,0,
1642817700.0,1787428853.938899,1,0.7231,0.1149,,0.561,0.0207,0.21,NOMINAL,NOMINAL,TRIGGERED,1,omni_p6
1642818600.0,1787428854.0639148,1,0.7841,0.1134,,0.524,0.0203,0.206,NOMINAL,NOMINAL,NORMAL,0,
1642819500.0,1787428854.1889484,1,0.788,0.1159,,0.543,0.0209,0.211,NOMINAL,NOMINAL,NORMAL,0,
1642820400.0,1787428854.3137853,1,0.7274,0.1104,,0.484,0.0184,0.199,NOMINAL,NOMINAL,NORMAL,0,
1642821300.0,1787428854.4399934,1,1.1487,0.1424,,0.706,0.0279,0.262,NOMINAL,NOMINAL,NORMAL,0,
1642822200.0,1787428854.5645585,1,1.0648,0.1346,,0.611,0.0244,0.238,NOMINAL,NOMINAL,NORMAL,0,
1642823100.0,1787428854.6891384,1,0.9069,0.1225,,0.575,0.0209,0.233,NOMINAL,NOMINAL,NORMAL,0,
1642824000.0,1787428854.8140545,1,0.843,0.1262,,0.56,0.0205,0.215,NOMINAL,NOMINAL,TRIGGERED,1,omni_p6
1642824900.0,1787428854.9389603,1,0.8015,0.1166,,0.544,0.0199,0.207,NOMINAL,NOMINAL,NORMAL,0,
1642825800.0,1787428855.06394,1,0.7852,0.1161,,0.555,0.02,0.212,NOMINAL,NOMINAL,NORMAL,0,
1642826700.0,1787428855.1888316,1,0.7512,0.1154,,0.537,0.0193,0.203,NOMINAL,NOMINAL,NORMAL,0,
1642827600.0,1787428855.3144486,1,0.9566,0.1271,,0.676,0.0258,0.243,NOMINAL,NOMINAL,NORMAL,0,
1642828500.0,1787428855.4399111,1,1.1277,0.1389,,0.715,0.0291,0.274,NOMINAL,NOMINAL,NORMAL,0,
1642829400.0,1787428855.5644977,1,1.0368,0.1308,,0.634,0.0259,0.244,NOMINAL,NOMINAL,NORMAL,0,
1642830300.0,1787428855.6890464,1,0.8607,0.1196,,0.565,0.0214,0.218,NOMINAL,NOMINAL,NORMAL,0,
1642831200.0,1787428855.8140721,1,0.8528,0.1217,,0.545,0.021,0.223,NOMINAL,NOMINAL,NORMAL,0,
1642832100.0,1787428855.938938,1,0.7914,0.1149,,0.557,0.0199,0.207,NOMINAL,NOMINAL,NORMAL,0,
1642833000.0,1787428856.0638916,1,0.7862,0.1137,,0.536,0.0196,0.208,NOMINAL,NOMINAL,NORMAL,0,
1642833900.0,1787428856.1889272,1,0.7828,0.1147,,0.555,0.0198,0.209,NOMINAL,NOMINAL,NORMAL,0,
1642834800.0,1787428856.3139753,1,0.7861,0.1497,,0.547,0.0207,0.212,NOMINAL,NOMINAL,NORMAL,0,
1642835700.0,1787428856.4389677,1,0.7945,0.1151,,0.555,0.0202,0.206,NOMINAL,NOMINAL,NORMAL,0,
1642836600.0,1787428856.5641143,1,0.8289,0.1166,,0.603,0.0214,0.219,NOMINAL,NOMINAL,NORMAL,0,
1642837500.0,1787428856.6889367,1,0.7951,0.1137,,0.557,0.0202,0.211,NOMINAL,NOMINAL,NORMAL,0,
1642838400.0,1787428856.8138654,1,0.767,0.1521,,0.524,0.0197,0.21,NOMINAL,NOMINAL,NORMAL,0,
1642839300.0,1787428856.9389014,1,0.7647,0.1156,,0.544,0.0195,0.209,NOMINAL,NOMINAL,TRIGGERED,1,omni_p6
1642840200.0,1787428857.0639646,1,0.7873,0.1164,,0.551,0.02,0.208,NOMINAL,NOMINAL,TRIGGERED,2,omni_p6
1642841100.0,1787428857.1889927,1,0.7853,0.115,,0.567,0.0198,0.218,NOMINAL,NOMINAL,NORMAL,0,
1642842000.0,1787428857.3139274,1,0.763,0.1523,,0.569,0.0202,0.208,NOMINAL,NOMINAL,NORMAL,0,
1642842900.0,1787428857.4392624,1,0.867,0.1233,,0.622,0.0221,0.226,NOMINAL,NOMINAL,NORMAL,0,
1642843800.0,1787428857.564138,1,0.8457,0.1169,,0.588,0.0212,0.221,NOMINAL,NOMINAL,NORMAL,0,
1642844700.0,1787428857.6889338,1,0.7964,0.1136,,0.56,0.0206,0.213,NOMINAL,NOMINAL,NORMAL,0,
1642845600.0,1787428857.8139074,1,0.7744,0.1503,,0.55,0.0202,0.211,NOMINAL,NOMINAL,TRIGGERED,1,omni_p6
1642846500.0,1787428857.938952,1,0.7779,0.1149,,0.573,0.0213,0.208,NOMINAL,NOMINAL,NORMAL,0,
1642847400.0,1787428858.0638719,1,0.7608,0.1129,,0.548,0.0199,0.207,NOMINAL,NOMINAL,NORMAL,0,
1642848300.0,1787428858.1888669,1,0.7567,0.1146,,0.547,0.0199,0.206,NOMINAL,NOMINAL,NORMAL,0,
1642849200.0,1787428858.314418,1,0.9721,0.1204,,0.648,0.0253,0.241,NOMINAL,NOMINAL,NORMAL,0,
1642850100.0,1787428858.4390862,1,0.86,0.12,,0.545,0.0222,0.226,NOMINAL,NOMINAL,NORMAL,0,
1642851000.0,1787428858.5641308,1,0.8489,0.1194,,0.579,0.0221,0.225,NOMINAL,NOMINAL,NORMAL,0,
1642851900.0,1787428858.6889417,1,0.8039,0.119,,0.559,0.0202,0.211,NOMINAL,NOMINAL,TRIGGERED,1,omni_p6
1642852800.0,1787428858.8139675,1,0.8078,0.124,,0.496,0.0209,0.217,NOMINAL,NOMINAL,NORMAL,0,
1642853700.0,1787428858.9391766,1,0.8555,0.1193,,0.58,0.0218,0.22,NOMINAL,NOMINAL,NORMAL,0,
1642854600.0,1787428859.0639427,1,0.7985,0.1208,,0.539,0.0211,0.211,NOMINAL,NOMINAL,NORMAL,0,
1642855500.0,1787428859.188925,1,0.7827,0.116,,0.542,0.0205,0.21,NOMINAL,NOMINAL,NORMAL,0,
1642856400.0,1787428859.3139932,1,0.7893,0.1197,,0.551,0.0193,0.212,NOMINAL,NOMINAL,NORMAL,0,
1642857300.0,1787428859.4401245,1,1.1576,0.1471,,0.76,0.0264,0.27,NOMINAL,NOMINAL,TRIGGERED,1,omni_p6
1642858200.0,1787428859.5642834,1,0.9721,0.1297,,0.608,0.022,0.219,NOMINAL,NOMINAL,TRIGGERED,2,omni_p6
1642859100.0,1787428859.689297,1,0.9425,0.1249,,0.589,0.0215,0.249,NOMINAL,NOMINAL,NORMAL,0,
1642860000.0,1787428859.8140626,1,0.8728,0.1234,,0.536,0.0203,0.216,NOMINAL,NOMINAL,NORMAL,0,
1642860900.0,1787428859.9389384,1,0.8072,0.1148,,0.54,0.0202,0.207,NOMINAL,NOMINAL,NORMAL,0,
1642861800.0,1787428860.0640697,1,0.8381,0.1182,,0.561,0.0203,0.212,NOMINAL,NOMINAL,NORMAL,0,
1642862700.0,1787428860.1889188,1,0.7808,0.1158,,0.558,0.0197,0.21,NOMINAL,NOMINAL,NORMAL,0,
1642863600.0,1787428860.314812,1,1.0888,0.1405,,0.743,0.0275,0.258,NOMINAL,NOMINAL,TRIGGERED,1,omni_p6
1642864500.0,1787428860.4398541,1,1.1061,0.1409,,0.721,0.0277,0.267,NOMINAL,NOMINAL,TRIGGERED,2,omni_p6
1642865400.0,1787428860.5642135,1,0.9535,0.1261,,0.57,0.0235,0.221,NOMINAL,NOMINAL,NORMAL,0,
1642866300.0,1787428860.6892695,1,0.9205,0.1243,,0.602,0.0218,0.246,NOMINAL,NOMINAL,NORMAL,0,
1642867200.0,1787428860.8140419,1,0.8599,0.1199,,0.565,0.0204,0.214,NOMINAL,NOMINAL,NORMAL,0,
1642868100.0,1787428860.9390218,1,0.8202,0.1159,,0.555,0.0205,0.214,NOMINAL,NOMINAL,NORMAL,0,
1642869000.0,1787428861.063912,1,0.7869,0.1148,,0.553,0.0196,0.207,NOMINAL,NOMINAL,NORMAL,0,
1642869900.0,1787428861.188847,1,0.764,0.1116,,0.542,0.0194,0.207,NOMINAL,NOMINAL,NORMAL,0,
1642870800.0,1787428861.3139546,1,0.7729,0.1507,,0.564,0.0193,0.209,NOMINAL,NOMINAL,NORMAL,0,
1642871700.0,1787428861.4390378,1,0.8031,0.1158,,0.55,0.0214,0.22,NOMINAL,NOMINAL,NORMAL,0,
1642872600.0,1787428861.5638962,1,0.7752,0.1151,,0.551,0.0206,0.207,NOMINAL,NOMINAL,NORMAL,0,
1642873500.0,1787428861.6891215,1,0.8301,0.1143,,0.588,0.022,0.24,NOMINAL,NOMINAL,NORMAL,0,
1642874400.0,1787428861.814043,1,0.833,0.119,,0.527,0.0211,0.223,NOMINAL,NOMINAL,NORMAL,0,
1642875300.0,1787428861.9388936,1,0.7839,0.1127,,0.538,0.0192,0.202,NOMINAL,NOMINAL,NORMAL,0,
1642876200.0,1787428862.0638845,1,0.7696,0.1133,,0.532,0.019,0.206,NOMINAL,NOMINAL,NORMAL,0,
1642877100.0,1787428862.1888769,1,0.7636,0.1152,,0.535,0.02,0.203,NOMINAL,NOMINAL,NORMAL,0,
1642878000.0,1787428862.3139668,1,0.7766,0.1477,,0.546,0.0189,0.204,NOMINAL,NOMINAL,NORMAL,0,
1642878900.0,1787428862.4391978,1,0.8557,0.1204,,0.602,0.0203,0.224,NOMINAL,NOMINAL,NORMAL,0,
1642879800.0,1787428862.5639396,1,0.7899,0.1133,,0.568,0.0188,0.208,NOMINAL,NOMINAL,NORMAL,0,
1642880700.0,1787428862.6891463,1,0.8402,0.1204,,0.593,0.0211,0.237,NOMINAL,NOMINAL,NORMAL,0,
1642881600.0,1787428862.8139834,1,0.8149,0.1259,,0.532,0.021,0.214,NOMINAL,NOMINAL,NORMAL,0,
1642882500.0,1787428862.9389224,1,0.7733,0.1134,,0.546,0.02,0.207,NOMINAL,NOMINAL,NORMAL,0,
1642883400.0,1787428863.063954,1,0.7928,0.1154,,0.54,0.0185,0.209,NOMINAL,NOMINAL,NORMAL,0,
1642884300.0,1787428863.188864,1,0.7585,0.1169,,0.539,0.0196,0.208,NOMINAL,NOMINAL,TRIGGERED,1,omni_p6
1642885200.0,1787428863.3140895,1,0.7598,0.2218,,0.636,0.0205,0.213,NOMINAL,NOMINAL,NORMAL,0,
1642886100.0,1787428863.4390848,1,0.8042,0.1136,,0.593,0.0213,0.214,NOMINAL,NOMINAL,NORMAL,0,
1642887000.0,1787428863.5638351,1,0.7521,0.1128,,0.533,0.0197,0.209,NOMINAL,NOMINAL,NORMAL,0,
1642887900.0,1787428863.6891458,1,0.8372,0.1189,,0.594,0.021,0.239,NOMINAL,NOMINAL,NORMAL,0,
1642888800.0,1787428863.8139613,1,0.7985,0.1562,,0.544,0.0205,0.212,NOMINAL,NOMINAL,NORMAL,0,
1642889700.0,1787428863.9389155,1,0.7751,0.1163,,0.541,0.0211,0.209,NOMINAL,NOMINAL,NORMAL,0,
1642890600.0,1787428864.0638766,1,0.7664,0.1173,,0.549,0.0189,0.204,NOMINAL,NOMINAL,TRIGGERED,1,omni_p6
1642891500.0,1787428864.188887,1,0.7556,0.136,,0.556,0.0192,0.205,NOMINAL,NOMINAL,NORMAL,0,
1642892400.0,1787428864.3138437,1,0.7219,0.1137,,0.579,0.0181,0.21,NOMINAL,NOMINAL,NORMAL,0,
1642893300.0,1787428864.4401584,1,1.1693,0.1425,,0.802,0.0309,0.284,NOMINAL,NOMINAL,NORMAL,0,
1642894200.0,1787428864.5641465,1,0.9074,0.1269,,0.577,0.0236,0.23,NOMINAL,NOMINAL,NORMAL,0,
1642895100.0,1787428864.6888797,1,0.7785,0.1145,,0.548,0.02,0.214,NOMINAL,NOMINAL,NORMAL,0,
1642896000.0,1787428864.8150253,1,1.0,0.1255,0.5977,0.572,0.0248,0.236,NOMINAL,NOMINAL,NORMAL,0,
1642896900.0,1787428864.939017,1,0.8392,0.1212,,0.566,0.0215,0.216,NOMINAL,NOMINAL,TRIGGERED,1,omni_p6
1642897800.0,1787428865.0639784,1,0.8204,0.1163,,0.555,0.021,0.21,NOMINAL,NOMINAL,NORMAL,0,
1642898700.0,1787428865.1889384,1,0.793,0.1199,,0.556,0.0202,0.21,NOMINAL,NOMINAL,NORMAL,0,
1642899600.0,1787428865.314039,1,0.8055,0.1191,,0.561,0.0207,0.213,NOMINAL,NOMINAL,NORMAL,0,
1642900500.0,1787428865.4401495,1,1.143,0.1413,,0.849,0.0301,0.284,NOMINAL,NOMINAL,NORMAL,0,
1642901400.0,1787428865.5641518,1,0.8833,0.1207,,0.617,0.0223,0.224,NOMINAL,NOMINAL,NORMAL,0,
1642902300.0,1787428865.6889172,1,0.7698,0.1161,,0.565,0.0201,0.215,NOMINAL,NOMINAL,TRIGGERED,1,omni_p6
1642903200.0,1787428865.814189,1,0.9009,0.1253,,0.569,0.022,0.231,NOMINAL,NOMINAL,TRIGGERED,2,omni_p6
1642904100.0,1787428865.9389777,1,0.8042,0.1147,,0.555,0.022,0.219,NOMINAL,NOMINAL,NORMAL,0,
1642905000.0,1787428866.0639765,1,0.8044,0.1147,,0.549,0.0207,0.215,NOMINAL,NOMINAL,NORMAL,0,
1642905900.0,1787428866.1887825,1,0.718,0.1119,,0.533,0.0208,0.213,NOMINAL,NOMINAL,NORMAL,0,
1642906800.0,1787428866.313774,1,0.7028,0.1127,,0.56,0.019,0.207,NOMINAL,NOMINAL,NORMAL,0,
1642907700.0,1787428866.4388163,1,0.7619,0.1146,,0.496,0.0186,0.2,NOMINAL,NOMINAL,NORMAL,0,
1642908600.0,1787428866.563881,1,0.7274,0.1148,,0.567,0.0205,0.211,NOMINAL,NOMINAL,TRIGGERED,1,omni_p6
1642909500.0,1787428866.6889398,1,0.7846,0.1178,,0.561,0.0191,0.208,NOMINAL,NOMINAL,TRIGGERED,2,omni_p6
1642910400.0,1787428866.814192,1,0.8911,0.1216,,0.599,0.0233,0.232,NOMINAL,NOMINAL,NORMAL,0,
1642911300.0,1787428866.939221,1,0.8609,0.1221,,0.601,0.0256,0.245,NOMINAL,NOMINAL,NORMAL,0,
1642912200.0,1787428867.0640087,1,0.8182,0.1161,,0.579,0.0218,0.218,NOMINAL,NOMINAL,NORMAL,0,
1642913100.0,1787428867.1888504,1,0.7363,0.1142,,0.568,0.0222,0.218,NOMINAL,NOMINAL,NORMAL,0,
1642914000.0,1787428867.3138328,1,0.7135,0.1104,,0.587,0.0206,0.21,NOMINAL,NOMINAL,NORMAL,0,
1642914900.0,1787428867.4393332,1,0.8632,0.122,,0.651,0.0243,0.281,NOMINAL,NOMINAL,NORMAL,0,
1642915800.0,1787428867.5638053,1,0.7376,0.1137,,0.534,0.0202,0.211,NOMINAL,NOMINAL,NORMAL,0,
1642916700.0,1787428867.6887617,1,0.7134,0.1127,,0.544,0.0203,0.211,NOMINAL,NOMINAL,NORMAL,0,
1642917600.0,1787428867.8142369,1,0.9407,0.1257,,0.57,0.0235,0.244,NOMINAL,NOMINAL,NORMAL,0,
1642918500.0,1787428867.938886,1,0.7542,0.1146,,0.561,0.0219,0.221,NOMINAL,NOMINAL,NORMAL,0,
1642919400.0,1787428868.0638576,1,0.7676,0.1136,,0.54,0.0202,0.209,NOMINAL,NOMINAL,NORMAL,0,
1642920300.0,1787428868.1888883,1,0.7649,0.1125,,0.571,0.0202,0.21,NOMINAL,NOMINAL,NORMAL,0,
1642921200.0,1787428868.3139167,1,0.7642,0.1461,,0.546,0.02,0.21,NOMINAL,NOMINAL,NORMAL,0,
1642922100.0,1787428868.4389546,1,0.777,0.1159,,0.593,0.0208,0.213,NOMINAL,NOMINAL,NORMAL,0,
1642923000.0,1787428868.5637987,1,0.7096,0.1117,,0.58,0.0196,0.205,NOMINAL,NOMINAL,NORMAL,0,
1642923900.0,1787428868.6887589,1,0.7002,0.1112,,0.54,0.0191,0.211,NOMINAL,NOMINAL,NORMAL,0,
1642924800.0,1787428868.814208,1,0.9093,0.121,,0.581,0.0225,0.234,NOMINAL,NOMINAL,TRIGGERED,1,omni_p6
1642925700.0,1787428868.9388654,1,0.7517,0.1137,,0.539,0.0203,0.214,NOMINAL,NOMINAL,NORMAL,0,
1642926600.0,1787428869.0639753,1,0.7926,0.1151,,0.556,0.0213,0.215,NOMINAL,NOMINAL,NORMAL,0,
1642927500.0,1787428869.1887496,1,0.6984,0.1111,,0.536,0.0208,0.212,NOMINAL,NOMINAL,NORMAL,0,
1642928400.0,1787428869.3139617,1,0.7615,0.1453,,0.583,0.0207,0.215,NOMINAL,NOMINAL,NORMAL,0,
1642929300.0,1787428869.4400873,1,1.1629,0.1433,,0.756,0.0292,0.271,NOMINAL,NOMINAL,NORMAL,0,
1642930200.0,1787428869.5642862,1,0.9879,0.1307,,0.587,0.022,0.229,NOMINAL,NOMINAL,NORMAL,0,
1642931100.0,1787428869.68901,1,0.8428,0.1181,,0.566,0.0206,0.216,NOMINAL,NOMINAL,TRIGGERED,1,omni_p6
1642932000.0,1787428869.8143241,1,0.9454,0.1249,,0.627,0.0244,0.238,NOMINAL,NOMINAL,NORMAL,0,
1642932900.0,1787428869.939084,1,0.8474,0.1158,,0.546,0.0212,0.212,NOMINAL,NOMINAL,NORMAL,0,
1642933800.0,1787428870.0639524,1,0.8018,0.1202,,0.558,0.0207,0.211,NOMINAL,NOMINAL,NORMAL,0,
1642934700.0,1787428870.1888385,1,0.7649,0.1154,,0.533,0.0187,0.201,NOMINAL,NOMINAL,NORMAL,0,
1642935600.0,1787428870.3138974,1,0.7652,0.1515,,0.536,0.0198,0.205,NOMINAL,NOMINAL,NORMAL,0,
1642936500.0,1787428870.4400725,1,1.1484,0.146,,0.772,0.0285,0.274,NOMINAL,NOMINAL,TRIGGERED,1,omni_p6
1642937400.0,1787428870.564863,1,1.1304,0.1399,,0.726,0.0265,0.265,NOMINAL,NOMINAL,TRIGGERED,2,omni_p6
1642938300.0,1787428870.6891744,1,0.9165,0.123,,0.569,0.0228,0.245,NOMINAL,NOMINAL,NORMAL,0,
1642939200.0,1787428870.8141506,1,0.9133,0.123,,0.54,0.0209,0.227,NOMINAL,NOMINAL,NORMAL,0,
1642940100.0,1787428870.939205,1,0.8819,0.1206,,0.578,0.0211,0.221,NOMINAL,NOMINAL,NORMAL,0,
1642941000.0,1787428871.0639763,1,0.8238,0.1195,,0.527,0.0196,0.204,NOMINAL,NOMINAL,NORMAL,0,
1642941900.0,1787428871.1889548,1,0.7914,0.1195,,0.543,0.0212,0.208,NOMINAL,NOMINAL,NORMAL,0,
1642942800.0,1787428871.3140361,1,0.8015,0.1205,,0.541,0.0208,0.212,NOMINAL,NOMINAL,TRIGGERED,1,omni_p6
1642943700.0,1787428871.4389772,1,0.7802,0.1173,,0.572,0.0206,0.213,NOMINAL,NOMINAL,TRIGGERED,2,omni_p6
1642944600.0,1787428871.5639777,1,0.7807,0.1149,,0.593,0.0194,0.208,NOMINAL,NOMINAL,NORMAL,0,
1642945500.0,1787428871.6888895,1,0.7635,0.1151,,0.544,0.0203,0.207,NOMINAL,NOMINAL,NORMAL,0,
1642946400.0,1787428871.813891,1,0.7616,0.153,,0.525,0.0198,0.212,NOMINAL,NOMINAL,NORMAL,0,
1642947300.0,1787428871.9391696,1,0.8425,0.1198,,0.585,0.022,0.224,NOMINAL,NOMINAL,NORMAL,0,
1642948200.0,1787428872.0639682,1,0.8146,0.1187,,0.519,0.0195,0.208,NOMINAL,NOMINAL,NORMAL,0,
1642949100.0,1787428872.1889,1,0.762,0.1177,,0.557,0.0208,0.218,NOMINAL,NOMINAL,TRIGGERED,1,omni_p6
1642950000.0,1787428872.313882,1,0.7615,0.1426,,0.543,0.0197,0.208,NOMINAL,NOMINAL,NORMAL,0,
1642950900.0,1787428872.439227,1,0.8497,0.1197,,0.626,0.0239,0.224,NOMINAL,NOMINAL,NORMAL,0,
1642951800.0,1787428872.5639198,1,0.7869,0.1175,,0.55,0.0203,0.208,NOMINAL,NOMINAL,NORMAL,0,
1642952700.0,1787428872.6888623,1,0.7599,0.1137,,0.543,0.0202,0.208,NOMINAL,NOMINAL,NORMAL,0,
1642953600.0,1787428872.8138833,1,0.754,0.1458,,0.55,0.0203,0.211,NOMINAL,NOMINAL,NORMAL,0,
1642954500.0,1787428872.9392464,1,0.8642,0.1242,,0.612,0.0241,0.23,NOMINAL,NOMINAL,NORMAL,0,
1642955400.0,1787428873.0639708,1,0.8028,0.1163,,0.56,0.0195,0.209,NOMINAL,NOMINAL,NORMAL,0,
1642956300.0,1787428873.188914,1,0.7709,0.1176,,0.556,0.0199,0.207,NOMINAL,NOMINAL,NORMAL,0,
1642957200.0,1787428873.3139577,1,0.7635,0.1512,,0.574,0.0192,0.208,NOMINAL,NOMINAL,NORMAL,0,
1642958100.0,1787428873.4389517,1,0.7789,0.1174,,0.551,0.0206,0.214,NOMINAL,NOMINAL,NORMAL,0,
1642959000.0,1787428873.5639644,1,0.7845,0.114,,0.56,0.0218,0.214,NOMINAL,NOMINAL,NORMAL,0,
1642959900.0,1787428873.6888301,1,0.749,0.1107,,0.535,0.0205,0.207,NOMINAL,NOMINAL,NORMAL,0,
1642960800.0,1787428873.814024,1,0.8069,0.1178,,0.54,0.0224,0.222,NOMINAL,NOMINAL,NORMAL,0,
1642961700.0,1787428873.939138,1,0.8412,0.1199,,0.586,0.0212,0.221,NOMINAL,NOMINAL,NORMAL,0,
1642962600.0,1787428874.0639114,1,0.7987,0.1148,,0.534,0.0214,0.212,NOMINAL,NOMINAL,NORMAL,0,
1642963500.0,1787428874.1889014,1,0.7838,0.1166,,0.53,0.02,0.205,NOMINAL,NOMINAL,NORMAL,0,
1642964400.0,1787428874.313979,1,0.7877,0.1158,,0.553,0.0195,0.208,NOMINAL,NOMINAL,NORMAL,0,
1642965300.0,1787428874.4399908,1,1.1636,0.1437,,0.698,0.0245,0.247,NOMINAL,NOMINAL,NORMAL,0,
1642966200.0,1787428874.5643277,1,0.9891,0.1326,,0.626,0.0214,0.221,NOMINAL,NOMINAL,NORMAL,0,
1642967100.0,1787428874.6890073,1,0.8471,0.1198,,0.552,0.0207,0.216,NOMINAL,NOMINAL,NORMAL,0,
1642968000.0,1787428874.8139951,1,0.8253,0.1195,,0.542,0.0199,0.214,NOMINAL,NOMINAL,NORMAL,0,
1642968900.0,1787428874.9391856,1,0.862,0.1175,,0.595,0.0214,0.222,NOMINAL,NOMINAL,NORMAL,0,
1642969800.0,1787428875.0640094,1,0.8431,0.1207,,0.525,0.0203,0.21,NOMINAL,NOMINAL,TRIGGERED,1,omni_p6
1642970700.0,1787428875.1888375,1,0.7455,0.1113,,0.549,0.0197,0.215,NOMINAL,NOMINAL,NORMAL,0,
1642971600.0,1787428875.3138359,1,0.7247,0.1106,,0.585,0.02,0.211,NOMINAL,NOMINAL,NORMAL,0,
1642972500.0,1787428875.4400115,1,1.1349,0.1392,,0.782,0.0281,0.265,NOMINAL,NOMINAL,NORMAL,0,
1642973400.0,1787428875.5641315,1,0.8755,0.1208,,0.598,0.021,0.225,NOMINAL,NOMINAL,NORMAL,0,
1642974300.0,1787428875.6889791,1,0.8244,0.115,,0.559,0.0202,0.214,NOMINAL,NOMINAL,NORMAL,0,
1642975200.0,1787428875.813954,1,0.7885,0.1405,,0.571,0.0192,0.215,NOMINAL,NOMINAL,NORMAL,0,
1642976100.0,1787428875.938957,1,0.7937,0.1158,,0.551,0.0197,0.209,NOMINAL,NOMINAL,TRIGGERED,1,omni_p6
1642977000.0,1787428876.0643945,1,0.9363,0.1256,,0.642,0.0222,0.229,NOMINAL,NOMINAL,NORMAL,0,
1642977900.0,1787428876.1889465,1,0.8186,0.1182,,0.548,0.0199,0.211,NOMINAL,NOMINAL,NORMAL,0,
1642978800.0,1787428876.3139057,1,0.7777,0.1558,,0.533,0.0188,0.207,NOMINAL,NOMINAL,NORMAL,0,
1642979700.0,1787428876.4389443,1,0.788,0.1147,,0.541,0.0218,0.215,NOMINAL,NOMINAL,NORMAL,0,
1642980600.0,1787428876.563868,1,0.7663,0.114,,0.538,0.0203,0.208,NOMINAL,NOMINAL,NORMAL,0,
1642981500.0,1787428876.6888387,1,0.7563,0.1138,,0.546,0.0194,0.208,NOMINAL,NOMINAL,TRIGGERED,1,omni_p6
1642982400.0,1787428876.8146212,1,0.8022,0.1194,0.6286,0.521,0.0197,0.234,NOMINAL,NOMINAL,TRIGGERED,2,omni_p6
1642983300.0,1787428876.9390037,1,0.81,0.1191,,0.56,0.0228,0.215,NOMINAL,NOMINAL,NORMAL,0,
1642984200.0,1787428877.0641625,1,0.8675,0.1229,,0.58,0.0217,0.219,NOMINAL,NOMINAL,NORMAL,0,
1642985100.0,1787428877.1889412,1,0.8073,0.1179,,0.534,0.0196,0.203,NOMINAL,NOMINAL,NORMAL,0,
1642986000.0,1787428877.3140025,1,0.7907,0.126,,0.55,0.0197,0.207,NOMINAL,NOMINAL,NORMAL,0,
1642986900.0,1787428877.439254,1,0.8763,0.1256,,0.614,0.0221,0.224,NOMINAL,NOMINAL,NORMAL,0,
1642987800.0,1787428877.5640042,1,0.8042,0.1196,,0.6,0.0202,0.211,NOMINAL,NOMINAL,TRIGGERED,1,omni_p6
1642988700.0,1787428877.6888838,1,0.7778,0.1183,,0.532,0.0197,0.203,NOMINAL,NOMINAL,TRIGGERED,2,omni_p6
1642989600.0,1787428877.8138661,1,0.7548,0.1471,,0.534,0.0211,0.212,NOMINAL,NOMINAL,NORMAL,0,
1642990500.0,1787428877.9389446,1,0.7585,0.1128,,0.604,0.0214,0.203,NOMINAL,NOMINAL,NORMAL,0,
1642991400.0,1787428878.0642586,1,0.8881,0.1226,,0.627,0.0245,0.23,NOMINAL,NOMINAL,NORMAL,0,
1642992300.0,1787428878.188888,1,0.8038,0.1142,,0.515,0.0217,0.211,NOMINAL,NOMINAL,NORMAL,0,
1642993200.0,1787428878.3137915,1,0.7826,0.1458,,0.455,0.0182,0.183,NOMINAL,NOMINAL,NORMAL,0,
1642994100.0,1787428878.438913,1,0.7611,0.1126,,0.594,0.019,0.192,NOMINAL,NOMINAL,TRIGGERED,1,omni_p6
1642995000.0,1787428878.5638027,1,0.7705,0.1142,,0.495,0.0201,0.196,NOMINAL,NOMINAL,NORMAL,0,
1642995900.0,1787428878.6887767,1,0.7627,0.1121,,0.492,0.0205,0.192,NOMINAL,NOMINAL,NORMAL,0,
1642996800.0,1787428878.813758,1,0.7746,0.1422,,0.441,0.0185,0.188,NOMINAL,NOMINAL,NORMAL,0,
1642997700.0,1787428878.9388914,1,0.7848,0.1137,,0.525,0.0201,0.19,NOMINAL,NOMINAL,NORMAL,0,
1642998600.0,1787428879.0642416,1,0.8927,0.1202,,0.598,0.0239,0.268,NOMINAL,NOMINAL,NORMAL,0,
1642999500.0,1787428879.1889338,1,0.8517,0.1173,,0.501,0.0226,0.204,NOMINAL,NOMINAL,NORMAL,0,
1643000400.0,1787428879.3138952,1,0.8013,0.1486,,0.512,0.0194,0.201,NOMINAL,NOMINAL,NORMAL,0,
1643001300.0,1787428879.440183,1,1.1677,0.1435,,0.847,0.0309,0.286,NOMINAL,NOMINAL,NORMAL,0,
1643002200.0,1787428879.5644255,1,1.078,0.1345,,0.583,0.0229,0.221,NOMINAL,NOMINAL,NORMAL,0,
1643003100.0,1787428879.6890492,1,0.8839,0.121,,0.546,0.0226,0.212,NOMINAL,NOMINAL,NORMAL,0,
1643004000.0,1787428879.8140926,1,0.904,0.1257,,0.53,0.0227,0.211,NOMINAL,NOMINAL,NORMAL,0,
1643004900.0,1787428879.9389307,1,0.8311,0.1172,,0.519,0.02,0.203,NOMINAL,NOMINAL,NORMAL,0,
1643005800.0,1787428880.0641654,1,0.8963,0.1224,,0.584,0.0229,0.213,NOMINAL,NOMINAL,NORMAL,0,
1643006700.0,1787428880.1889632,1,0.8455,0.1171,,0.525,0.0231,0.209,NOMINAL,NOMINAL,NORMAL,0,
1643007600.0,1787428880.313999,1,0.8384,0.1182,,0.51,0.0218,0.205,NOMINAL,NOMINAL,NORMAL,0,
1643008500.0,1787428880.4400687,1,1.1377,0.1428,,0.815,0.0309,0.271,NOMINAL,NOMINAL,NORMAL,0,
1643009400.0,1787428880.564289,1,0.9908,0.126,,0.596,0.0248,0.231,NOMINAL,NOMINAL,NORMAL,0,
1643010300.0,1787428880.6889977,1,0.8653,0.1221,,0.536,0.0216,0.208,NOMINAL,NOMINAL,TRIGGERED,1,omni_p6
1643011200.0,1787428880.8138864,1,0.8045,0.1507,,0.507,0.0203,0.198,NOMINAL,NOMINAL,NORMAL,0,
1643012100.0,1787428880.9388642,1,0.7957,0.115,,0.51,0.0201,0.193,NOMINAL,NOMINAL,NORMAL,0,
1643013000.0,1787428881.0639677,1,0.8384,0.1165,,0.523,0.0207,0.204,NOMINAL,NOMINAL,NORMAL,0,
1643013900.0,1787428881.1890926,1,0.8542,0.1179,,0.558,0.0221,0.242,NOMINAL,NOMINAL,NORMAL,0,
1643014800.0,1787428881.3139007,1,0.8053,0.1495,,0.515,0.0201,0.198,NOMINAL,NOMINAL,NORMAL,0,
1643015700.0,1787428881.4388266,1,0.7738,0.114,,0.501,0.0205,0.195,NOMINAL,NOMINAL,TRIGGERED,1,omni_p6
1643016600.0,1787428881.5638554,1,0.7821,0.118,,0.52,0.0199,0.198,NOMINAL,NOMINAL,TRIGGERED,2,omni_p6
1643017500.0,1787428881.6888013,1,0.7738,0.1127,,0.491,0.0213,0.197,NOMINAL,NOMINAL,NORMAL,0,
1643018400.0,1787428881.8137927,1,0.7684,0.1529,,0.463,0.0181,0.183,NOMINAL,NOMINAL,NORMAL,0,
1643019300.0,1787428881.9387603,1,0.762,0.1102,,0.466,0.0179,0.183,NOMINAL,NOMINAL,NORMAL,0,
1643020200.0,1787428882.0637932,1,0.77,0.1132,,0.502,0.0199,0.191,NOMINAL,NOMINAL,NORMAL,0,
1643021100.0,1787428882.1891005,1,0.852,0.1164,,0.566,0.0226,0.236,NOMINAL,NOMINAL,NORMAL,0,
1643022000.0,1787428882.3138871,1,0.8068,0.1498,,0.499,0.0205,0.198,NOMINAL,NOMINAL,TRIGGERED,1,omni_p6
1643022900.0,1787428882.439374,1,0.9544,0.126,,0.614,0.0379,0.253,NOMINAL,NOMINAL,TRIGGERED,2,omni_p6
1643023800.0,1787428882.5640504,1,0.8692,0.1169,,0.566,0.0233,0.215,NOMINAL,NOMINAL,NORMAL,0,
1643024700.0,1787428882.6888196,1,0.7995,0.1135,,0.471,0.0181,0.192,NOMINAL,NOMINAL,NORMAL,0,
1643025600.0,1787428882.813977,1,0.8239,0.1221,,0.506,0.0225,0.209,NOMINAL,NOMINAL,NORMAL,0,
1643026500.0,1787428882.938811,1,0.7944,0.1144,,0.466,0.0185,0.182,NOMINAL,NOMINAL,NORMAL,0,
1643027400.0,1787428883.063875,1,0.8021,0.1153,,0.516,0.0203,0.197,NOMINAL,NOMINAL,TRIGGERED,1,omni_p6
1643028300.0,1787428883.1892276,1,0.9015,0.1225,,0.587,0.0237,0.255,NOMINAL,NOMINAL,TRIGGERED,2,omni_p6
1643029200.0,1787428883.3140259,1,0.843,0.1212,,0.522,0.0226,0.209,NOMINAL,NOMINAL,NORMAL,0,
1643030100.0,1787428883.4388611,1,0.7899,0.1127,,0.496,0.0203,0.198,NOMINAL,NOMINAL,NORMAL,0,
1643031000.0,1787428883.5638535,1,0.782,0.1125,,0.532,0.0212,0.199,NOMINAL,NOMINAL,NORMAL,0,
1643031900.0,1787428883.688753,1,0.733,0.1125,,0.511,0.0201,0.193,NOMINAL,NOMINAL,NORMAL,0,
1643032800.0,1787428883.8138134,1,0.7683,0.1467,,0.478,0.0207,0.203,NOMINAL,NOMINAL,NORMAL,0,
1643033700.0,1787428883.9388237,1,0.765,0.1139,,0.504,0.0211,0.2,NOMINAL,NOMINAL,TRIGGERED,1,omni_p6
1643034600.0,1787428884.064018,1,0.8233,0.1167,,0.58,0.022,0.215,NOMINAL,NOMINAL,TRIGGERED,2,omni_p6
1643035500.0,1787428884.1891427,1,0.8695,0.1205,,0.569,0.0219,0.246,NOMINAL,NOMINAL,NORMAL,0,
1643036400.0,1787428884.313947,1,0.8211,0.1231,,0.521,0.0218,0.202,NOMINAL,NOMINAL,NORMAL,0,
1643037300.0,1787428884.4401784,1,1.1643,0.1435,,0.86,0.0307,0.277,NOMINAL,NOMINAL,NORMAL,0,
1643038200.0,1787428884.5643065,1,1.0194,0.1306,,0.59,0.023,0.206,NOMINAL,NOMINAL,NORMAL,0,
1643039100.0,1787428884.6889408,1,0.8425,0.1215,,0.518,0.0188,0.191,NOMINAL,NOMINAL,NORMAL,0,
1643040000.0,1787428884.8140473,1,0.8261,0.126,,0.568,0.0216,0.213,NOMINAL,NOMINAL,TRIGGERED,1,omni_p6
1643040900.0,1787428884.938951,1,0.7906,0.1173,,0.549,0.0204,0.201,NOMINAL,NOMINAL,NORMAL,0,
1643041800.0,1787428885.0639417,1,0.7819,0.1149,,0.562,0.0198,0.205,NOMINAL,NOMINAL,NORMAL,0,
1643042700.0,1787428885.1892653,1,0.8773,0.1232,,0.629,0.0221,0.247,NOMINAL,NOMINAL,NORMAL,0,
1643043600.0,1787428885.3139343,1,0.7432,0.1551,,0.566,0.0199,0.234,NOMINAL,NOMINAL,NORMAL,0,
1643044500.0,1787428885.4400795,1,1.1397,0.1423,,0.812,0.0307,0.271,NOMINAL,NOMINAL,NORMAL,0,
1643045400.0,1787428885.5643137,1,0.9194,0.1226,,0.663,0.0245,0.231,NOMINAL,NOMINAL,NORMAL,0,
1643046300.0,1787428885.688856,1,0.7739,0.1144,,0.523,0.0195,0.194,NOMINAL,NOMINAL,NORMAL,0,
1643047200.0,1787428885.8140912,1,0.8378,0.1213,,0.539,0.0209,0.252,NOMINAL,NOMINAL,NORMAL,0,
1643048100.0,1787428885.9389617,1,0.8018,0.1155,,0.526,0.0192,0.235,NOMINAL,NOMINAL,NORMAL,0,
1643049000.0,1787428886.063885,1,0.7816,0.1145,,0.516,0.0187,0.2,NOMINAL,NOMINAL,NORMAL,0,
1643049900.0,1787428886.1889415,1,0.8017,0.1166,,0.528,0.0193,0.198,NOMINAL,NOMINAL,NORMAL,0,
1643050800.0,1787428886.3142517,1,0.9154,0.1223,,0.596,0.022,0.222,NOMINAL,NOMINAL,NORMAL,0,
1643051700.0,1787428886.4390717,1,0.8439,0.1173,,0.56,0.0214,0.213,NOMINAL,NOMINAL,NORMAL,0,
1643052600.0,1787428886.5639281,1,0.7978,0.1146,,0.556,0.0194,0.199,NOMINAL,NOMINAL,NORMAL,0,
1643053500.0,1787428886.688814,1,0.7704,0.113,,0.497,0.0159,0.184,NOMINAL,NOMINAL,NORMAL,0,
1643054400.0,1787428886.8138716,1,0.7676,0.1499,,0.523,0.0189,0.198,NOMINAL,NOMINAL,NORMAL,0,
1643055300.0,1787428886.9388947,1,0.7702,0.1144,,0.528,0.018,0.195,NOMINAL,NOMINAL,NORMAL,0,
1643056200.0,1787428887.063918,1,0.7841,0.1138,,0.53,0.0199,0.194,NOMINAL,NOMINAL,NORMAL,0,
1643057100.0,1787428887.1888537,1,0.755,0.1139,,0.53,0.0183,0.202,NOMINAL,NOMINAL,NORMAL,0,
1643058000.0,1787428887.3141453,1,0.8545,0.1184,,0.595,0.0222,0.219,NOMINAL,NOMINAL,NORMAL,0,
1643058900.0,1787428887.4391286,1,0.8384,0.1192,,0.577,0.0212,0.21,NOMINAL,NOMINAL,NORMAL,0,
1643059800.0,1787428887.5638146,1,0.7431,0.1135,,0.537,0.0199,0.2,NOMINAL,NOMINAL,NORMAL,0,
1643060700.0,1787428887.6887605,1,0.7209,0.1147,,0.516,0.019,0.196,NOMINAL,NOMINAL,TRIGGERED,1,omni_p6
1643061600.0,1787428887.813707,1,0.6933,0.1114,,0.529,0.0199,0.198,NOMINAL,NOMINAL,NORMAL,0,
1643062500.0,1787428887.9387717,1,0.7069,0.1113,,0.512,0.0162,0.2,NOMINAL,NOMINAL,NORMAL,0,
1643063400.0,1787428888.0637517,1,0.7438,0.1137,,0.504,0.0157,0.178,NOMINAL,NOMINAL,NORMAL,0,
1643064300.0,1787428888.188759,1,0.7273,0.1109,,0.517,0.0185,0.193,NOMINAL,NOMINAL,NORMAL,0,
1643065200.0,1787428888.3141112,1,0.8265,0.1207,,0.586,0.02,0.204,NOMINAL,NOMINAL,NORMAL,0,
1643066100.0,1787428888.4388447,1,0.772,0.1159,,0.472,0.0172,0.215,NOMINAL,NOMINAL,NORMAL,0,
1643067000.0,1787428888.563783,1,0.7186,0.1135,,0.549,0.0201,0.195,NOMINAL,NOMINAL,TRIGGERED,1,omni_p6
1643067900.0,1787428888.688756,1,0.7101,0.1121,,0.503,0.0171,0.214,NOMINAL,NOMINAL,TRIGGERED,2,omni_p6
1643068800.0,1787428888.8145714,1,0.7734,0.1152,0.6252,0.544,0.0211,0.209,NOMINAL,NOMINAL,NORMAL,0,
1643069700.0,1787428888.938844,1,0.7735,0.1121,,0.518,0.0195,0.185,NOMINAL,NOMINAL,NORMAL,0,
1643070600.0,1787428889.0638895,1,0.7763,0.1184,,0.521,0.0199,0.202,NOMINAL,NOMINAL,NORMAL,0,
1643071500.0,1787428889.1889958,1,0.7989,0.1149,,0.555,0.0211,0.206,NOMINAL,NOMINAL,NORMAL,0,
1643072400.0,1787428889.3142922,1,0.9272,0.1251,,0.612,0.0239,0.227,NOMINAL,NOMINAL,TRIGGERED,1,omni_p6
1643073300.0,1787428889.4401493,1,1.1431,0.147,,0.866,0.0296,0.269,NOMINAL,NOMINAL,TRIGGERED,2,omni_p6
1643074200.0,1787428889.5649474,1,1.1267,0.1409,,0.79,0.0297,0.271,NOMINAL,NOMINAL,NORMAL,0,
1643075100.0,1787428889.6892838,1,0.972,0.1282,,0.576,0.0215,0.247,NOMINAL,NOMINAL,NORMAL,0,
1643076000.0,1787428889.8140423,1,0.8572,0.1239,,0.551,0.0214,0.213,NOMINAL,NOMINAL,NORMAL,0,
1643076900.0,1787428889.9392018,1,0.8026,0.1182,,0.516,0.0174,0.189,NOMINAL,NOMINAL,NORMAL,0,
1643077800.0,1787428890.0639946,1,0.8086,0.1174,,0.558,0.0201,0.204,NOMINAL,NOMINAL,NORMAL,0,
1643078700.0,1787428890.1891904,1,0.8854,0.1251,,0.604,0.0216,0.248,NOMINAL,NOMINAL,TRIGGERED,1,omni_p6
1643079600.0,1787428890.3142283,1,0.9214,0.1223,,0.6,0.0226,0.218,NOMINAL,NOMINAL,TRIGGERED,2,omni_p6
1643080500.0,1787428890.4400914,1,1.1344,0.1403,,0.85,0.0298,0.281,NOMINAL,NOMINAL,NORMAL,0,
1643081400.0,1787428890.5642629,1,0.9902,0.1278,,0.58,0.024,0.232,NOMINAL,NOMINAL,NORMAL,0,
1643082300.0,1787428890.689141,1,0.8911,0.1233,,0.574,0.0218,0.24,NOMINAL,NOMINAL,NORMAL,0,
1643083200.0,1787428890.8139532,1,0.8201,0.165,,0.531,0.0222,0.208,NOMINAL,NOMINAL,NORMAL,0,
1643084100.0,1787428890.93891,1,0.7966,0.1156,,0.521,0.018,0.185,NOMINAL,NOMINAL,NORMAL,0,
1643085000.0,1787428891.0639057,1,0.7768,0.1142,,0.553,0.0215,0.201,NOMINAL,NOMINAL,NORMAL,0,
1643085900.0,1787428891.1888146,1,0.7581,0.1114,,0.522,0.0198,0.193,NOMINAL,NOMINAL,NORMAL,0,
1643086800.0,1787428891.313807,1,0.7155,0.1101,,0.576,0.0204,0.209,NOMINAL,NOMINAL,NORMAL,0,
1643087700.0,1787428891.4396987,1,1.0779,0.137,,0.662,0.0281,0.251,NOMINAL,NOMINAL,NORMAL,0,
1643088600.0,1787428891.5640082,1,0.8228,0.1187,,0.584,0.0238,0.224,NOMINAL,NOMINAL,NORMAL,0,
1643089500.0,1787428891.6887805,1,0.7483,0.1156,,0.513,0.017,0.19,NOMINAL,NOMINAL,NORMAL,0,
1643090400.0,1787428891.8140337,1,0.8365,0.1239,,0.542,0.0214,0.214,NOMINAL,NOMINAL,NORMAL,0,
1643091300.0,1787428891.9388053,1,0.7304,0.1117,,0.533,0.0191,0.203,NOMINAL,NOMINAL,NORMAL,0,
1643092200.0,1787428892.0637975,1,0.7428,0.1124,,0.515,0.0191,0.199,NOMINAL,NOMINAL,NORMAL,0,
1643093100.0,1787428892.1888165,1,0.7526,0.1113,,0.525,0.0191,0.198,NOMINAL,NOMINAL,NORMAL,0,
1643094000.0,1787428892.3138936,1,0.7642,0.1456,,0.536,0.0181,0.2,NOMINAL,NOMINAL,NORMAL,0,
1643094900.0,1787428892.4394488,1,0.954,0.1251,,0.669,0.0259,0.234,NOMINAL,NOMINAL,NORMAL,0,
1643095800.0,1787428892.5639055,1,0.8278,0.1154,,0.555,0.0193,0.192,NOMINAL,NOMINAL,NORMAL,0,
1643096700.0,1787428892.6887574,1,0.7219,0.111,,0.539,0.0189,0.204,NOMINAL,NOMINAL,NORMAL,0,
1643097600.0,1787428892.8138158,1,0.7638,0.1383,,0.515,0.0187,0.199,NOMINAL,NOMINAL,NORMAL,0,
1643098500.0,1787428892.938683,1,0.7113,0.1109,,0.481,0.0159,0.182,NOMINAL,NOMINAL,TRIGGERED,1,omni_p6
1643099400.0,1787428893.0639224,1,0.7773,0.1157,,0.551,0.0202,0.198,NOMINAL,NOMINAL,NORMAL,0,
1643100300.0,1787428893.189384,1,0.9243,0.1219,,0.685,0.0253,0.241,NOMINAL,NOMINAL,NORMAL,0,
1643101200.0,1787428893.3138254,1,0.758,0.116,,0.52,0.0203,0.214,NOMINAL,NOMINAL,TRIGGERED,1,omni_p6
1643102100.0,1787428893.4391143,1,0.8166,0.1152,,0.597,0.0214,0.214,NOMINAL,NOMINAL,NORMAL,0,
1643103000.0,1787428893.5638735,1,0.8233,0.116,,0.515,0.0194,0.195,NOMINAL,NOMINAL,NORMAL,0,
1643103900.0,1787428893.6887105,1,0.7311,0.1083,,0.494,0.0182,0.187,NOMINAL,NOMINAL,NORMAL,0,
1643104800.0,1787428893.8138294,1,0.7492,0.1155,,0.577,0.0175,0.196,NOMINAL,NOMINAL,NORMAL,0,
1643105700.0,1787428893.9386857,1,0.7301,0.1063,,0.492,0.0177,0.189,NOMINAL,NOMINAL,NORMAL,0,
1643106600.0,1787428894.0637875,1,0.7364,0.1132,,0.529,0.0189,0.201,NOMINAL,NOMINAL,TRIGGERED,1,omni_p6
1643107500.0,1787428894.1886683,1,0.7285,0.1141,,0.465,0.0158,0.18,NOMINAL,NOMINAL,TRIGGERED,2,omni_p6
1643108400.0,1787428894.3138294,1,0.7035,0.1121,,0.576,0.0203,0.236,NOMINAL,NOMINAL,NORMAL,0,
1643109300.0,1787428894.4402113,1,1.1738,0.1437,,0.865,0.0304,0.293,NOMINAL,NOMINAL,NORMAL,0,
1643110200.0,1787428894.5642023,1,0.9354,0.1267,,0.618,0.0237,0.238,NOMINAL,NOMINAL,NORMAL,0,
1643111100.0,1787428894.6888444,1,0.7597,0.1165,,0.56,0.0209,0.212,NOMINAL,NOMINAL,NORMAL,0,
1643112000.0,1787428894.8141253,1,0.8407,0.1198,,0.578,0.0222,0.222,NOMINAL,NOMINAL,NORMAL,0,
1643112900.0,1787428894.9388888,1,0.7528,0.1159,,0.554,0.021,0.208,NOMINAL,NOMINAL,TRIGGERED,1,omni_p6
1643113800.0,1787428895.0640233,1,0.8108,0.1184,,0.563,0.0197,0.211,NOMINAL,NOMINAL,TRIGGERED,2,omni_p6
1643114700.0,1787428895.188938,1,0.7868,0.1165,,0.558,0.0201,0.207,NOMINAL,NOMINAL,NORMAL,0,
1643115600.0,1787428895.313965,1,0.7823,0.1575,,0.545,0.0196,0.207,NOMINAL,NOMINAL,NORMAL,0,
1643116500.0,1787428895.4400334,1,1.1189,0.1409,,0.827,0.029,0.27,NOMINAL,NOMINAL,NORMAL,0,
1643117400.0,1787428895.5646603,1,1.0466,0.1367,,0.725,0.0273,0.253,NOMINAL,NOMINAL,NORMAL,0,
1643118300.0,1787428895.6890836,1,0.8752,0.1277,,0.562,0.0182,0.218,NOMINAL,NOMINAL,NORMAL,0,
1643119200.0,1787428895.8139327,1,0.8115,0.1497,,0.534,0.0215,0.213,NOMINAL,NOMINAL,TRIGGERED,1,omni_p6
1643120100.0,1787428895.9388928,1,0.7444,0.1135,,0.567,0.0207,0.209,NOMINAL,NOMINAL,TRIGGERED,2,omni_p6
1643121000.0,1787428896.0640182,1,0.8146,0.1143,,0.56,0.0223,0.214,NOMINAL,NOMINAL,NORMAL,0,
1643121900.0,1787428896.188848,1,0.7604,0.1108,,0.531,0.0201,0.209,NOMINAL,NOMINAL,NORMAL,0,
1643122800.0,1787428896.313805,1,0.7152,0.1098,,0.56,0.0198,0.203,NOMINAL,NOMINAL,NORMAL,0,
1643123700.0,1787428896.439123,1,0.8202,0.1162,,0.595,0.0203,0.21,NOMINAL,NOMINAL,NORMAL,0,
1643124600.0,1787428896.5639014,1,0.7728,0.1149,,0.556,0.0202,0.207,NOMINAL,NOMINAL,NORMAL,0,
1643125500.0,1787428896.6887794,1,0.7099,0.1126,,0.535,0.0195,0.205,NOMINAL,NOMINAL,TRIGGERED,1,omni_p6
1643126400.0,1787428896.813851,1,0.7546,0.1482,,0.524,0.0184,0.203,NOMINAL,NOMINAL,NORMAL,0,
1643127300.0,1787428896.9388192,1,0.7125,0.1109,,0.551,0.0179,0.199,NOMINAL,NOMINAL,NORMAL,0,
1643128200.0,1787428897.0638547,1,0.7551,0.1132,,0.546,0.019,0.196,NOMINAL,NOMINAL,NORMAL,0,
1643129100.0,1787428897.1888254,1,0.7502,0.1109,,0.539,0.0192,0.203,NOMINAL,NOMINAL,NORMAL,0,
1643130000.0,1787428897.3137639,1,0.6889,0.109,,0.57,0.0184,0.203,NOMINAL,NOMINAL,NORMAL,0,
1643130900.0,1787428897.4391136,1,0.8148,0.1197,,0.578,0.0215,0.221,NOMINAL,NOMINAL,NORMAL,0,
1643131800.0,1787428897.5641973,1,0.8444,0.119,,0.63,0.0217,0.223,NOMINAL,NOMINAL,NORMAL,0,
1643132700.0,1787428897.6888325,1,0.7348,0.1145,,0.551,0.0205,0.211,NOMINAL,NOMINAL,NORMAL,0,
1643133600.0,1787428897.813925,1,0.7987,0.1475,,0.519,0.0196,0.204,NOMINAL,NOMINAL,NORMAL,0,
1643134500.0,1787428897.9388149,1,0.729,0.1131,,0.54,0.0197,0.199,NOMINAL,NOMINAL,NORMAL,0,
1643135400.0,1787428898.0638182,1,0.7494,0.1139,,0.525,0.0193,0.199,NOMINAL,NOMINAL,NORMAL,0,
1643136300.0,1787428898.189006,1,0.7924,0.1171,,0.565,0.0229,0.21,NOMINAL,NOMINAL,NORMAL,0,
1643137200.0,1787428898.3139348,1,0.7755,0.1457,,0.53,0.0187,0.204,NOMINAL,NOMINAL,NORMAL,0,
1643138100.0,1787428898.4388247,1,0.7463,0.1138,,0.522,0.019,0.2,NOMINAL,NOMINAL,NORMAL,0,
1643139000.0,1787428898.564166,1,0.8402,0.1192,,0.623,0.0217,0.223,NOMINAL,NOMINAL,NORMAL,0,
1643139900.0,1787428898.6887126,1,0.7314,0.1114,,0.481,0.018,0.183,NOMINAL,NOMINAL,NORMAL,0,
1643140800.0,1787428898.813742,1,0.753,0.1394,,0.463,0.0162,0.18,NOMINAL,NOMINAL,NORMAL,0,
1643141700.0,1787428898.9386768,1,0.7131,0.1099,,0.47,0.0151,0.177,NOMINAL,NOMINAL,NORMAL,0,
1643142600.0,1787428899.063905,1,0.7706,0.1139,,0.534,0.0212,0.204,NOMINAL,NOMINAL,NORMAL,0,
1643143500.0,1787428899.1887357,1,0.7352,0.1094,,0.487,0.0155,0.186,NOMINAL,NOMINAL,NORMAL,0,
1643144400.0,1787428899.3138695,1,0.7499,0.1527,,0.542,0.0192,0.199,NOMINAL,NOMINAL,NORMAL,0,
1643145300.0,1787428899.4402556,1,1.1647,0.1451,,0.901,0.0301,0.29,NOMINAL,NOMINAL,NORMAL,0,
1643146200.0,1787428899.5645897,1,1.0451,0.1326,,0.685,0.0257,0.261,NOMINAL,NOMINAL,TRIGGERED,1,omni_p6
1643147100.0,1787428899.6888077,1,0.8037,0.1163,,0.485,0.0182,0.198,NOMINAL,NOMINAL,NORMAL,0,
1643148000.0,1787428899.8138292,1,0.8103,0.1467,,0.474,0.0158,0.184,NOMINAL,NOMINAL,NORMAL,0,
1643148900.0,1787428899.9386845,1,0.7493,0.1107,,0.477,0.0153,0.176,NOMINAL,NOMINAL,NORMAL,0,
1643149800.0,1787428900.0637734,1,0.7445,0.1111,,0.525,0.0189,0.198,NOMINAL,NOMINAL,NORMAL,0,
1643150700.0,1787428900.1886961,1,0.7452,0.1106,,0.483,0.0168,0.177,NOMINAL,NOMINAL,NORMAL,0,
1643151600.0,1787428900.3136308,1,0.6954,0.1114,,0.484,0.0168,0.176,NOMINAL,NOMINAL,TRIGGERED,1,omni_p6
1643152500.0,1787428900.44004,1,1.1181,0.1454,,0.819,0.0295,0.281,NOMINAL,NOMINAL,TRIGGERED,2,omni_p6
1643153400.0,1787428900.5647464,1,1.0636,0.1372,,0.758,0.0298,0.268,NOMINAL,NOMINAL,NORMAL,0,
1643154300.0,1787428900.6887703,1,0.7737,0.1151,,0.481,0.0183,0.195,NOMINAL,NOMINAL,NORMAL,0,
1643155200.0,1787428900.8146389,1,0.821,0.1185,0.6116,0.553,0.0221,0.221,NOMINAL,NOMINAL,NORMAL,0,
1643156100.0,1787428900.9388788,1,0.7837,0.1173,,0.542,0.0203,0.206,NOMINAL,NOMINAL,NORMAL,0,
1643157000.0,1787428901.0638316,1,0.7785,0.1163,,0.518,0.0199,0.201,NOMINAL,NOMINAL,NORMAL,0,
1643157900.0,1787428901.188865,1,0.7772,0.1165,,0.529,0.0189,0.2,NOMINAL,NOMINAL,TRIGGERED,1,omni_p6
1643158800.0,1787428901.3139477,1,0.792,0.1599,,0.551,0.0188,0.2,NOMINAL,NOMINAL,TRIGGERED,2,omni_p6
1643159700.0,1787428901.4387376,1,0.7676,0.1113,,0.501,0.0193,0.187,NOMINAL,NOMINAL,NORMAL,0,
1643160600.0,1787428901.564076,1,0.8149,0.1169,,0.602,0.0204,0.214,NOMINAL,NOMINAL,NORMAL,0,
1643161500.0,1787428901.688705,1,0.7436,0.116,,0.483,0.0157,0.173,NOMINAL,NOMINAL,NORMAL,0,
1643162400.0,1787428901.81389,1,0.7785,0.1613,,0.531,0.0192,0.194,NOMINAL,NOMINAL,NORMAL,0,
1643163300.0,1787428901.9388738,1,0.7609,0.1151,,0.539,0.02,0.202,NOMINAL,NOMINAL,NORMAL,0,
1643164200.0,1787428902.0639467,1,0.7815,0.1217,,0.55,0.0197,0.202,NOMINAL,NOMINAL,TRIGGERED,1,omni_p6
1643165100.0,1787428902.1887872,1,0.7443,0.1162,,0.526,0.0181,0.198,NOMINAL,NOMINAL,TRIGGERED,2,omni_p6
1643166000.0,1787428902.313661,1,0.6999,0.1096,,0.498,0.0157,0.173,NOMINAL,NOMINAL,NORMAL,0,
1643166900.0,1787428902.4390693,1,0.7901,0.1186,,0.596,0.0212,0.208,NOMINAL,NOMINAL,NORMAL,0,
1643167800.0,1787428902.5637846,1,0.746,0.1143,,0.526,0.0196,0.202,NOMINAL,NOMINAL,NORMAL,0,
1643168700.0,1787428902.6892087,1,0.8685,0.124,,0.608,0.0265,0.255,NOMINAL,NOMINAL,NORMAL,0,
1643169600.0,1787428902.8138425,1,0.7861,0.1587,,0.489,0.0174,0.189,NOMINAL,NOMINAL,NORMAL,0,
1643170500.0,1787428902.938706,1,0.7262,0.1157,,0.468,0.0157,0.172,NOMINAL,NOMINAL,TRIGGERED,1,omni_p6
1643171400.0,1787428903.063795,1,0.7548,0.1151,,0.52,0.0197,0.197,NOMINAL,NOMINAL,NORMAL,0,
1643172300.0,1787428903.1887405,1,0.7456,0.1128,,0.499,0.018,0.19,NOMINAL,NOMINAL,NORMAL,0,
1643173200.0,1787428903.3137634,1,0.7097,0.1097,,0.546,0.0202,0.207,NOMINAL,NOMINAL,NORMAL,0,
1643174100.0,1787428903.4388335,1,0.7507,0.1137,,0.499,0.0191,0.225,NOMINAL,NOMINAL,NORMAL,0,
1643175000.0,1787428903.5637305,1,0.7525,0.111,,0.483,0.0169,0.183,NOMINAL,NOMINAL,NORMAL,0,
1643175900.0,1787428903.689135,1,0.8463,0.122,,0.602,0.0207,0.236,NOMINAL,NOMINAL,NORMAL,0,
1643176800.0,1787428903.814012,1,0.8333,0.1236,,0.534,0.0214,0.21,NOMINAL,NOMINAL,NORMAL,0,
1643177700.0,1787428903.9387133,1,0.7356,0.1121,,0.476,0.0164,0.178,NOMINAL,NOMINAL,NORMAL,0,
1643178600.0,1787428904.0638072,1,0.7607,0.1127,,0.511,0.0176,0.194,NOMINAL,NOMINAL,NORMAL,0,
1643179500.0,1787428904.188872,1,0.7656,0.1157,,0.516,0.0198,0.227,NOMINAL,NOMINAL,NORMAL,0,
1643180400.0,1787428904.3142695,1,0.9524,0.1258,,0.599,0.0224,0.224,NOMINAL,NOMINAL,NORMAL,0,
1643181300.0,1787428904.4402046,1,1.1596,0.1436,,0.878,0.0325,0.282,NOMINAL,NOMINAL,NORMAL,0,
1643182200.0,1787428904.5642729,1,0.9872,0.1343,,0.595,0.021,0.215,NOMINAL,NOMINAL,NORMAL,0,
1643183100.0,1787428904.6894016,1,0.9632,0.1306,,0.683,0.027,0.235,NOMINAL,NOMINAL,NORMAL,0,
1643184000.0,1787428904.8139174,1,0.8494,0.1288,,0.484,0.019,0.197,NOMINAL,NOMINAL,NORMAL,0,
1643184900.0,1787428904.9388845,1,0.7996,0.1159,,0.521,0.0196,0.198,NOMINAL,NOMINAL,NORMAL,0,
1643185800.0,1787428905.0639582,1,0.7962,0.117,,0.562,0.0196,0.202,NOMINAL,NOMINAL,NORMAL,0,
1643186700.0,1787428905.1887157,1,0.7552,0.1138,,0.469,0.0162,0.188,NOMINAL,NOMINAL,TRIGGERED,1,omni_p6
1643187600.0,1787428905.3143203,1,0.9208,0.1238,,0.68,0.022,0.257,NOMINAL,NOMINAL,NORMAL,0,
1643188500.0,1787428905.4398856,1,1.0778,0.1342,,0.801,0.0299,0.27,NOMINAL,NOMINAL,NORMAL,0,
1643189400.0,1787428905.5645742,1,1.024,0.1345,,0.69,0.0262,0.26,NOMINAL,NOMINAL,NORMAL,0,
1643190300.0,1787428905.6893015,1,0.9579,0.1277,,0.619,0.0274,0.259,NOMINAL,NOMINAL,NORMAL,0,
1643191200.0,1787428905.8139772,1,0.8491,0.1266,,0.529,0.0209,0.212,NOMINAL,NOMINAL,NORMAL,0,
1643192100.0,1787428905.9388678,1,0.7617,0.1158,,0.536,0.0207,0.204,NOMINAL,NOMINAL,TRIGGERED,1,omni_p6
1643193000.0,1787428906.0638444,1,0.7715,0.1167,,0.538,0.0191,0.2,NOMINAL,NOMINAL,TRIGGERED,2,omni_p6
1643193900.0,1787428906.1887538,1,0.752,0.1115,,0.498,0.0194,0.192,NOMINAL,NOMINAL,NORMAL,0,
1643194800.0,1787428906.3138857,1,0.7551,0.1462,,0.545,0.0198,0.202,NOMINAL,NOMINAL,NORMAL,0,
1643195700.0,1787428906.438819,1,0.7572,0.1124,,0.498,0.0201,0.197,NOMINAL,NOMINAL,NORMAL,0,
1643196600.0,1787428906.563901,1,0.7713,0.1164,,0.556,0.0199,0.203,NOMINAL,NOMINAL,NORMAL,0,
1643197500.0,1787428906.6890483,1,0.8525,0.1198,,0.567,0.0228,0.216,NOMINAL,NOMINAL,NORMAL,0,
1643198400.0,1787428906.8140323,1,0.8287,0.1245,,0.545,0.0203,0.212,NOMINAL,NOMINAL,TRIGGERED,1,omni_p6
1643199300.0,1787428906.9387643,1,0.7357,0.1152,,0.482,0.0164,0.207,NOMINAL,NOMINAL,TRIGGERED,2,omni_p6
1643200200.0,1787428907.063811,1,0.755,0.1139,,0.516,0.0203,0.194,NOMINAL,NOMINAL,NORMAL,0,
1643201100.0,1787428907.188832,1,0.7576,0.1134,,0.514,0.0184,0.191,NOMINAL,NOMINAL,NORMAL,0,
1643202000.0,1787428907.3139246,1,0.7632,0.1507,,0.53,0.0204,0.201,NOMINAL,NOMINAL,NORMAL,0,
1643202900.0,1787428907.43913,1,0.8205,0.1193,,0.585,0.0208,0.23,NOMINAL,NOMINAL,NORMAL,0,
1643203800.0,1787428907.5638223,1,0.7712,0.1151,,0.535,0.0191,0.197,NOMINAL,NOMINAL,TRIGGERED,1,omni_p6
1643204700.0,1787428907.6887724,1,0.736,0.1147,,0.508,0.0191,0.188,NOMINAL,NOMINAL,TRIGGERED,2,omni_p6
1643205600.0,1787428907.81401,1,0.8483,0.1224,,0.52,0.0204,0.212,NOMINAL,NOMINAL,NORMAL,0,
1643206500.0,1787428907.9391003,1,0.8305,0.1207,,0.564,0.0237,0.235,NOMINAL,NOMINAL,NORMAL,0,
1643207400.0,1787428908.0639036,1,0.7812,0.1161,,0.539,0.0191,0.201,NOMINAL,NOMINAL,NORMAL,0,
1643208300.0,1787428908.188732,1,0.7426,0.1106,,0.491,0.0171,0.184,NOMINAL,NOMINAL,NORMAL,0,
1643209200.0,1787428908.3138752,1,0.7496,0.1455,,0.536,0.0194,0.203,NOMINAL,NOMINAL,NORMAL,0,
1643210100.0,1787428908.4387047,1,0.7445,0.1124,,0.474,0.0166,0.176,NOMINAL,NOMINAL,TRIGGERED,1,omni_p6
1643211000.0,1787428908.5636683,1,0.737,0.1134,,0.471,0.0149,0.173,NOMINAL,NOMINAL,TRIGGERED,2,omni_p6
1643211900.0,1787428908.6886237,1,0.7075,0.1078,,0.468,0.0171,0.179,NOMINAL,NOMINAL,NORMAL,0,
1643212800.0,1787428908.813966,1,0.8458,0.1212,,0.499,0.0235,0.206,NOMINAL,NOMINAL,NORMAL,0,
1643213700.0,1787428908.9386878,1,0.7311,0.1123,,0.455,0.0164,0.176,NOMINAL,NOMINAL,NORMAL,0,
1643214600.0,1787428909.063769,1,0.745,0.1137,,0.53,0.0193,0.191,NOMINAL,NOMINAL,NORMAL,0,
1643215500.0,1787428909.1886406,1,0.7227,0.1087,,0.464,0.0146,0.173,NOMINAL,NOMINAL,NORMAL,0,
1643216400.0,1787428909.31373,1,0.7419,0.1133,,0.499,0.0154,0.174,NOMINAL,NOMINAL,NORMAL,0,
1643217300.0,1787428909.440122,1,1.1682,0.1458,,0.829,0.0288,0.275,NOMINAL,NOMINAL,NORMAL,0,
1643218200.0,1787428909.5641913,1,0.9818,0.1309,,0.56,0.0216,0.208,NOMINAL,NOMINAL,NORMAL,0,
1643219100.0,1787428909.688855,1,0.8013,0.1197,,0.523,0.017,0.187,NOMINAL,NOMINAL,NORMAL,0,
1643220000.0,1787428909.814385,1,0.9826,0.1282,,0.601,0.0265,0.23,NOMINAL,NOMINAL,NORMAL,0,
1643220900.0,1787428909.9387836,1,0.7654,0.1161,,0.481,0.0175,0.193,NOMINAL,NOMINAL,NORMAL,0,
1643221800.0,1787428910.0638263,1,0.7785,0.115,,0.51,0.0215,0.197,NOMINAL,NOMINAL,NORMAL,0,
1643222700.0,1787428910.188906,1,0.7821,0.1159,,0.537,0.0204,0.205,NOMINAL,NOMINAL,NORMAL,0,
1643223600.0,1787428910.3138974,1,0.7696,0.1431,,0.527,0.0209,0.209,NOMINAL,NOMINAL,NORMAL,0,
1643224500.0,1787428910.4399438,1,1.1035,0.1403,,0.795,0.0289,0.264,NOMINAL,NOMINAL,NORMAL,0,
1643225400.0,1787428910.56459,1,1.0361,0.1329,,0.693,0.0269,0.247,NOMINAL,NOMINAL,NORMAL,0,
1643226300.0,1787428910.6889007,1,0.8199,0.1169,,0.512,0.0191,0.202,NOMINAL,NOMINAL,NORMAL,0,
1643227200.0,1787428910.8141472,1,0.9233,0.1254,,0.561,0.0249,0.226,NOMINAL,NOMINAL,NORMAL,0,
1643228100.0,1787428910.9388554,1,0.7653,0.1117,,0.527,0.0208,0.205,NOMINAL,NOMINAL,NORMAL,0,
1643229000.0,1787428911.0639343,1,0.7973,0.1156,,0.539,0.0199,0.2,NOMINAL,NOMINAL,NORMAL,0,
1643229900.0,1787428911.1887965,1,0.7615,0.1137,,0.511,0.0179,0.197,NOMINAL,NOMINAL,NORMAL,0,
1643230800.0,1787428911.3137538,1,0.7145,0.1146,,0.539,0.019,0.195,NOMINAL,NOMINAL,TRIGGERED,1,omni_p6
1643231700.0,1787428911.4387825,1,0.7071,0.1141,,0.536,0.0179,0.196,NOMINAL,NOMINAL,TRIGGERED,2,omni_p6
1643232600.0,1787428911.5637019,1,0.7517,0.1124,,0.462,0.0176,0.176,NOMINAL,NOMINAL,NORMAL,0,
1643233500.0,1787428911.6886556,1,0.7151,0.108,,0.479,0.015,0.169,NOMINAL,NOMINAL,NORMAL,0,
1643234400.0,1787428911.8140702,1,0.8191,0.1223,,0.588,0.0213,0.21,NOMINAL,NOMINAL,NORMAL,0,
1643235300.0,1787428911.9387906,1,0.7466,0.1149,,0.496,0.0177,0.186,NOMINAL,NOMINAL,NORMAL,0,
1643236200.0,1787428912.0637364,1,0.7131,0.1108,,0.525,0.0194,0.192,NOMINAL,NOMINAL,NORMAL,0,
1643237100.0,1787428912.1887076,1,0.7406,0.1167,,0.48,0.018,0.178,NOMINAL,NOMINAL,TRIGGERED,1,omni_p6
1643238000.0,1787428912.3137772,1,0.7157,0.114,,0.558,0.0187,0.192,NOMINAL,NOMINAL,TRIGGERED,2,omni_p6
1643238900.0,1787428912.4391224,1,0.8252,0.1231,,0.571,0.023,0.215,NOMINAL,NOMINAL,NORMAL,0,
1643239800.0,1787428912.56386,1,0.7812,0.1133,,0.53,0.0206,0.204,NOMINAL,NOMINAL,NORMAL,0,
1643240700.0,1787428912.6887074,1,0.7251,0.1115,,0.492,0.018,0.186,NOMINAL,NOMINAL,NORMAL,0,
1643241600.0,1787428912.814589,1,0.7804,0.1162,0.6242,0.536,0.0195,0.207,NOMINAL,NOMINAL,NORMAL,0,
